ts,site,class,n,src,fill_ratio,mean_ms,p95_ms,stale_ms,prior_ms,last_obs_ms,value_ms
1786343756.870,S1,recommend,0,prior,0.0,,,,1.24,,1.24
1786343756.870,S1,reserve,0,prior,0.0,,,,1.658,,1.658
1786343756.870,S1,search,0,prior,0.0,,,,6.899,,6.899
1786343756.870,S2,recommend,0,prior,0.0,,,,0.975,,0.975
1786343756.870,S2,reserve,0,prior,0.0,,,,1.332,,1.332
1786343756.870,S2,search,0,prior,0.0,,,,4.287,,4.287
1786343756.870,S3,recommend,0,prior,0.0,,,,1.0,,1.0
1786343756.870,S3,reserve,0,prior,0.0,,,,1.348,,1.348
1786343756.870,S3,search,0,prior,0.0,,,,4.019,,4.019
1786343757.872,S1,recommend,0,prior,0.0,,,,1.24,,1.24
1786343757.872,S1,reserve,0,prior,0.0,,,,1.658,,1.658
1786343757.872,S1,search,0,prior,0.0,,,,6.899,,6.899
1786343757.872,S2,recommend,0,prior,0.0,,,,0.975,,0.975
1786343757.872,S2,reserve,0,prior,0.0,,,,1.332,,1.332
1786343757.872,S2,search,0,prior,0.0,,,,4.287,,4.287
1786343757.872,S3,recommend,0,prior,0.0,,,,1.0,,1.0
1786343757.872,S3,reserve,0,prior,0.0,,,,1.348,,1.348
1786343757.872,S3,search,0,prior,0.0,,,,4.019,,4.019
1786343758.871,S1,recommend,0,prior,0.0,,,,1.24,,1.24
1786343758.871,S1,reserve,0,prior,0.0,,,,1.658,,1.658
1786343758.871,S1,search,0,prior,0.0,,,,6.899,,6.899
1786343758.871,S2,recommend,0,prior,0.0,,,,0.975,,0.975
1786343758.871,S2,reserve,0,prior,0.0,,,,1.332,,1.332
1786343758.871,S2,search,0,prior,0.0,,,,4.287,,4.287
1786343758.871,S3,recommend,0,prior,0.0,,,,1.0,,1.0
1786343758.871,S3,reserve,0,prior,0.0,,,,1.348,,1.348
1786343758.871,S3,search,0,prior,0.0,,,,4.019,,4.019
1786343759.872,S1,recommend,0,prior,0.0,,,,1.24,,1.24
1786343759.872,S1,reserve,0,prior,0.0,,,,1.658,,1.658
1786343759.872,S1,search,0,prior,0.0,,,,6.899,,6.899
1786343759.872,S2,recommend,0,prior,0.0,,,,0.975,,0.975
1786343759.872,S2,reserve,0,prior,0.0,,,,1.332,,1.332
1786343759.872,S2,search,0,prior,0.0,,,,4.287,,4.287
1786343759.872,S3,recommend,0,prior,0.0,,,,1.0,,1.0
1786343759.872,S3,reserve,0,prior,0.0,,,,1.348,,1.348
1786343759.872,S3,search,0,prior,0.0,,,,4.019,,4.019
1786343760.874,S1,recommend,0,prior,0.0,,,,1.24,,1.24
1786343760.874,S1,reserve,0,prior,0.0,,,,1.658,,1.658
1786343760.874,S1,search,0,prior,0.0,,,,6.899,,6.899
1786343760.874,S2,recommend,0,prior,0.0,,,,0.975,,0.975
1786343760.874,S2,reserve,0,prior,0.0,,,,1.332,,1.332
1786343760.874,S2,search,0,prior,0.0,,,,4.287,,4.287
1786343760.874,S3,recommend,165,prior_fill,0.1609,1.093,2.35,35.8,1.0,,1.0
1786343760.874,S3,reserve,77,prior,0.1605,31.2527,259.699,39.5,1.348,,1.348
1786343760.874,S3,search,120,prior_fill,0.1587,4.933,8.281,41.7,4.019,,4.019
1786343761.880,S1,recommend,0,prior,0.0,,,,1.24,,1.24
1786343761.880,S1,reserve,0,prior,0.0,,,,1.658,,1.658
1786343761.880,S1,search,0,prior,0.0,,,,6.899,,6.899
1786343761.880,S2,recommend,0,prior,0.0,,,,0.975,,0.975
1786343761.880,S2,reserve,0,prior,0.0,,,,1.332,,1.332
1786343761.880,S2,search,0,prior,0.0,,,,4.287,,4.287
1786343761.880,S3,recommend,819,prior_fill,0.6609,1.5114,3.318,35.8,1.0,,1.0
1786343761.880,S3,reserve,412,prior_fill,0.6605,11.9879,6.212,39.4,1.348,,1.348
1786343761.880,S3,search,615,prior_fill,0.658,6.4539,12.604,42.4,4.019,,4.019
1786343762.880,S1,recommend,0,prior,0.0,,,,1.24,,1.24
1786343762.880,S1,reserve,0,prior,0.0,,,,1.658,,1.658
1786343762.880,S1,search,0,prior,0.0,,,,6.899,,6.899
1786343762.880,S2,recommend,0,prior,0.0,,,,0.975,,0.975
1786343762.880,S2,reserve,0,prior,0.0,,,,1.332,,1.332
1786343762.880,S2,search,0,prior,0.0,,,,4.287,,4.287
1786343762.880,S3,recommend,1257,obs,0.9817,1.4108,3.226,33.8,1.0,3.226,3.226
1786343762.880,S3,reserve,625,obs,0.98,1.9082,4.052,39.5,1.348,4.052,4.052
1786343762.880,S3,search,946,obs,0.9803,5.9996,11.279,38.1,4.019,11.279,11.279
1786343763.880,S1,recommend,0,prior,0.0,,,,1.24,,1.24
1786343763.880,S1,reserve,0,prior,0.0,,,,1.658,,1.658
1786343763.880,S1,search,0,prior,0.0,,,,6.899,,6.899
1786343763.880,S2,recommend,0,prior,0.0,,,,0.975,,0.975
1786343763.880,S2,reserve,0,prior,0.0,,,,1.332,,1.332
1786343763.880,S2,search,0,prior,0.0,,,,4.287,,4.287
1786343763.880,S3,recommend,1226,obs,0.9824,1.1923,2.437,32.4,1.0,2.437,2.437
1786343763.880,S3,reserve,611,obs,0.98,1.5795,2.89,39.5,1.348,2.89,2.89
1786343763.880,S3,search,917,obs,0.9814,5.1128,7.789,35.8,4.019,7.789,7.789
1786343764.880,S1,recommend,0,prior,0.0,,,,1.24,,1.24
1786343764.880,S1,reserve,0,prior,0.0,,,,1.658,,1.658
1786343764.880,S1,search,0,prior,0.0,,,,6.899,,6.899
1786343764.880,S2,recommend,0,prior,0.0,,,,0.975,,0.975
1786343764.880,S2,reserve,0,prior,0.0,,,,1.332,,1.332
1786343764.880,S2,search,0,prior,0.0,,,,4.287,,4.287
1786343764.880,S3,recommend,1222,obs,0.9824,1.2151,2.513,32.7,1.0,2.513,2.513
1786343764.880,S3,reserve,615,obs,0.984,1.6295,3.126,31.8,1.348,3.126,3.126
1786343764.880,S3,search,919,obs,0.9814,5.2739,8.272,36.1,4.019,8.272,8.272
1786343765.880,S1,recommend,0,prior,0.0,,,,1.24,,1.24
1786343765.880,S1,reserve,0,prior,0.0,,,,1.658,,1.658
1786343765.880,S1,search,0,prior,0.0,,,,6.899,,6.899
1786343765.880,S2,recommend,0,prior,0.0,,,,0.975,,0.975
1786343765.880,S2,reserve,0,prior,0.0,,,,1.332,,1.332
1786343765.880,S2,search,0,prior,0.0,,,,4.287,,4.287
1786343765.880,S3,recommend,1228,obs,0.9824,1.3173,3.06,32.7,1.0,3.06,3.06
1786343765.880,S3,reserve,611,obs,0.9843,1.7496,4.021,31.3,1.348,4.021,4.021
1786343765.880,S3,search,918,obs,0.9817,5.6745,10.568,35.6,4.019,10.568,10.568
1786343766.880,S1,recommend,0,prior,0.0,,,,1.24,,1.24
1786343766.880,S1,reserve,0,prior,0.0,,,,1.658,,1.658
1786343766.880,S1,search,0,prior,0.0,,,,6.899,,6.899
1786343766.880,S2,recommend,0,prior,0.0,,,,0.975,,0.975
1786343766.880,S2,reserve,0,prior,0.0,,,,1.332,,1.332
1786343766.880,S2,search,0,prior,0.0,,,,4.287,,4.287
1786343766.880,S3,recommend,1222,obs,0.9821,1.3006,2.978,32.4,1.0,2.978,2.978
1786343766.880,S3,reserve,617,obs,0.9843,1.6938,3.594,31.0,1.348,3.594,3.594
1786343766.880,S3,search,918,obs,0.9814,5.5158,9.505,35.2,4.019,9.505,9.505
1786343767.880,S1,recommend,0,prior,0.0,,,,1.24,,1.24
1786343767.880,S1,reserve,0,prior,0.0,,,,1.658,,1.658
1786343767.880,S1,search,0,prior,0.0,,,,6.899,,6.899
1786343767.880,S2,recommend,0,prior,0.0,,,,0.975,,0.975
1786343767.880,S2,reserve,0,prior,0.0,,,,1.332,,1.332
1786343767.880,S2,search,0,prior,0.0,,,,4.287,,4.287
1786343767.880,S3,recommend,1228,obs,0.9846,1.2157,2.602,28.4,1.0,2.602,2.602
1786343767.880,S3,reserve,611,obs,0.9843,1.6501,3.268,31.3,1.348,3.268,3.268
1786343767.880,S3,search,920,obs,0.9817,5.2125,7.887,35.6,4.019,7.887,7.887
1786343768.880,S1,recommend,0,prior,0.0,,,,1.24,,1.24
1786343768.880,S1,reserve,0,prior,0.0,,,,1.658,,1.658
1786343768.880,S1,search,0,prior,0.0,,,,6.899,,6.899
1786343768.880,S2,recommend,0,prior,0.0,,,,0.975,,0.975
1786343768.880,S2,reserve,0,prior,0.0,,,,1.332,,1.332
1786343768.880,S2,search,0,prior,0.0,,,,4.287,,4.287
1786343768.880,S3,recommend,1229,obs,0.9846,1.1846,2.447,28.4,1.0,2.447,2.447
1786343768.880,S3,reserve,615,obs,0.9846,1.6081,2.95,27.0,1.348,2.95,2.95
1786343768.880,S3,search,919,obs,0.9847,5.1011,7.692,30.4,4.019,7.692,7.692
1786343769.879,S1,recommend,0,prior,0.0,,,,1.24,,1.24
1786343769.879,S1,reserve,0,prior,0.0,,,,1.658,,1.658
1786343769.879,S1,search,0,prior,0.0,,,,6.899,,6.899
1786343769.879,S2,recommend,0,prior,0.0,,,,0.975,,0.975
1786343769.879,S2,reserve,0,prior,0.0,,,,1.332,,1.332
1786343769.879,S2,search,0,prior,0.0,,,,4.287,,4.287
1786343769.879,S3,recommend,1161,obs,0.935,1.1395,2.297,128.4,1.0,2.297,2.297
1786343769.879,S3,reserve,584,obs,0.931,1.4826,2.755,134.1,1.348,2.755,2.755
1786343769.879,S3,search,873,obs,0.9329,4.9341,7.106,133.3,4.019,7.106,7.106
1786343770.880,S1,recommend,0,prior,0.0,,,,1.24,,1.24
1786343770.880,S1,reserve,0,prior,0.0,,,,1.658,,1.658
1786343770.880,S1,search,0,prior,0.0,,,,6.899,,6.899
1786343770.880,S2,recommend,0,prior,0.0,,,,0.975,,0.975
1786343770.880,S2,reserve,0,prior,0.0,,,,1.332,,1.332
1786343770.880,S2,search,0,prior,0.0,,,,4.287,,4.287
1786343770.880,S3,recommend,1170,obs,0.936,1.1382,2.383,127.0,1.0,2.383,2.383
1786343770.880,S3,reserve,580,obs,0.9353,1.5291,2.957,125.5,1.348,2.957,2.957
1786343770.880,S3,search,876,obs,0.9347,5.0896,7.55,129.8,4.019,7.55,7.55
1786343771.880,S1,recommend,0,prior,0.0,,,,1.24,,1.24
1786343771.880,S1,reserve,0,prior,0.0,,,,1.658,,1.658
1786343771.880,S1,search,0,prior,0.0,,,,6.899,,6.899
1786343771.880,S2,recommend,0,prior,0.0,,,,0.975,,0.975
1786343771.880,S2,reserve,0,prior,0.0,,,,1.332,,1.332
1786343771.880,S2,search,0,prior,0.0,,,,4.287,,4.287
1786343771.880,S3,recommend,1166,obs,0.9357,1.1393,2.398,126.6,1.0,2.398,2.398
1786343771.880,S3,reserve,586,obs,0.9335,1.5403,2.963,125.2,1.348,2.963,2.963
1786343771.880,S3,search,873,obs,0.935,5.1421,7.592,129.5,4.019,7.592,7.592
1786343772.880,S1,recommend,0,prior,0.0,,,,1.24,,1.24
1786343772.880,S1,reserve,0,prior,0.0,,,,1.658,,1.658
1786343772.880,S1,search,0,prior,0.0,,,,6.899,,6.899
1786343772.880,S2,recommend,0,prior,0.0,,,,0.975,,0.975
1786343772.880,S2,reserve,0,prior,0.0,,,,1.332,,1.332
1786343772.880,S2,search,0,prior,0.0,,,,4.287,,4.287
1786343772.880,S3,recommend,1172,obs,0.9379,1.1375,2.36,122.4,1.0,2.36,2.36
1786343772.880,S3,reserve,580,obs,0.9339,1.4754,2.578,125.2,1.348,2.578,2.578
1786343772.880,S3,search,875,obs,0.935,5.044,7.432,129.5,4.019,7.432,7.432
1786343773.880,S1,recommend,0,prior,0.0,,,,1.24,,1.24
1786343773.880,S1,reserve,0,prior,0.0,,,,1.658,,1.658
1786343773.880,S1,search,0,prior,0.0,,,,6.899,,6.899
1786343773.880,S2,recommend,0,prior,0.0,,,,0.975,,0.975
1786343773.880,S2,reserve,0,prior,0.0,,,,1.332,,1.332
1786343773.880,S2,search,0,prior,0.0,,,,4.287,,4.287
1786343773.880,S3,recommend,1168,obs,0.9381,1.1356,2.246,122.4,1.0,2.246,2.246
1786343773.880,S3,reserve,587,obs,0.9357,1.5153,2.89,121.5,1.348,2.89,2.89
1786343773.880,S3,search,874,obs,0.9379,5.0933,7.657,123.7,4.019,7.657,7.657
1786343774.880,S1,recommend,0,prior,0.0,,,,1.24,,1.24
1786343774.880,S1,reserve,0,prior,0.0,,,,1.658,,1.658
1786343774.880,S1,search,0,prior,0.0,,,,6.899,,6.899
1786343774.880,S2,recommend,0,prior,0.0,,,,0.975,,0.975
1786343774.880,S2,reserve,0,prior,0.0,,,,1.332,,1.332
1786343774.880,S2,search,0,prior,0.0,,,,4.287,,4.287
1786343774.880,S3,recommend,1170,obs,0.9379,1.1655,2.396,122.4,1.0,2.396,2.396
1786343774.880,S3,reserve,582,obs,0.936,1.5558,3.052,120.9,1.348,3.052,3.052
1786343774.880,S3,search,879,obs,0.9379,5.1207,7.546,123.8,4.019,7.546,7.546
1786343775.880,S1,recommend,0,prior,0.0,,,,1.24,,1.24
1786343775.880,S1,reserve,0,prior,0.0,,,,1.658,,1.658
1786343775.880,S1,search,0,prior,0.0,,,,6.899,,6.899
1786343775.880,S2,recommend,0,prior,0.0,,,,0.975,,0.975
1786343775.880,S2,reserve,0,prior,0.0,,,,1.332,,1.332
1786343775.880,S2,search,0,prior,0.0,,,,4.287,,4.287
1786343775.880,S3,recommend,1172,obs,0.9381,1.1313,2.321,122.7,1.0,2.321,2.321
1786343775.880,S3,reserve,586,obs,0.936,1.5207,2.916,121.2,1.348,2.916,2.916
1786343775.880,S3,search,874,obs,0.9379,5.1047,7.608,124.1,4.019,7.608,7.608
1786343776.881,S1,recommend,0,prior,0.0,,,,1.24,,1.24
1786343776.881,S1,reserve,0,prior,0.0,,,,1.658,,1.658
1786343776.881,S1,search,0,prior,0.0,,,,6.899,,6.899
1786343776.881,S2,recommend,0,prior,0.0,,,,0.975,,0.975
1786343776.881,S2,reserve,0,prior,0.0,,,,1.332,,1.332
1786343776.881,S2,search,0,prior,0.0,,,,4.287,,4.287
1786343776.881,S3,recommend,1166,obs,0.9393,1.1463,2.428,121.2,1.0,2.428,2.428
1786343776.881,S3,reserve,587,obs,0.9383,1.5071,2.785,121.8,1.348,2.785,2.785
1786343776.881,S3,search,877,obs,0.9364,5.1283,7.728,124.7,4.019,7.728,7.728
1786343777.880,S1,recommend,0,prior,0.0,,,,1.24,,1.24
1786343777.880,S1,reserve,0,prior,0.0,,,,1.658,,1.658
1786343777.880,S1,search,0,prior,0.0,,,,6.899,,6.899
1786343777.880,S2,recommend,0,prior,0.0,,,,0.975,,0.975
1786343777.880,S2,reserve,0,prior,0.0,,,,1.332,,1.332
1786343777.880,S2,search,0,prior,0.0,,,,4.287,,4.287
1786343777.880,S3,recommend,1175,obs,0.9404,1.2347,2.513,119.0,1.0,2.513,2.513
1786343777.880,S3,reserve,582,obs,0.9383,1.6038,3.053,121.8,1.348,3.053,3.053
1786343777.880,S3,search,875,obs,0.9362,5.2184,7.793,124.7,4.019,7.793,7.793
1786343778.881,S1,recommend,0,prior,0.0,,,,1.24,,1.24
1786343778.881,S1,reserve,0,prior,0.0,,,,1.658,,1.658
1786343778.881,S1,search,0,prior,0.0,,,,6.899,,6.899
1786343778.881,S2,recommend,0,prior,0.0,,,,0.975,,0.975
1786343778.881,S2,reserve,0,prior,0.0,,,,1.332,,1.332
1786343778.881,S2,search,0,prior,0.0,,,,4.287,,4.287
1786343778.881,S3,recommend,1168,obs,0.9404,1.2394,2.511,119.0,1.0,2.511,2.511
1786343778.881,S3,reserve,589,obs,0.9385,1.6029,3.122,121.8,1.348,3.122,3.122
1786343778.881,S3,search,874,obs,0.9354,5.2313,7.865,125.5,4.019,7.865,7.865
1786343779.880,S1,recommend,0,prior,0.0,,,,1.24,,1.24
1786343779.880,S1,reserve,0,prior,0.0,,,,1.658,,1.658
1786343779.880,S1,search,0,prior,0.0,,,,6.899,,6.899
1786343779.880,S2,recommend,0,prior,0.0,,,,0.975,,0.975
1786343779.880,S2,reserve,0,prior,0.0,,,,1.332,,1.332
1786343779.880,S2,search,0,prior,0.0,,,,4.287,,4.287
1786343779.880,S3,recommend,1173,obs,0.94,1.1569,2.39,119.8,1.0,2.39,2.39
1786343779.880,S3,reserve,584,obs,0.9402,1.5272,3.063,118.4,1.348,3.063,3.063
1786343779.880,S3,search,878,obs,0.9372,5.1012,7.668,122.6,4.019,7.668,7.668
1786343780.881,S1,recommend,0,prior,0.0,,,,1.24,,1.24
1786343780.881,S1,reserve,0,prior,0.0,,,,1.658,,1.658
1786343780.881,S1,search,0,prior,0.0,,,,6.899,,6.899
1786343780.881,S2,recommend,0,prior,0.0,,,,0.975,,0.975
1786343780.881,S2,reserve,0,prior,0.0,,,,1.332,,1.332
1786343780.881,S2,search,0,prior,0.0,,,,4.287,,4.287
1786343780.881,S3,recommend,1171,obs,0.9421,1.1691,2.41,115.5,1.0,2.41,2.41
1786343780.881,S3,reserve,590,obs,0.94,1.5382,3.181,118.4,1.348,3.181,3.181
1786343780.881,S3,search,876,obs,0.9372,5.0411,7.637,122.7,4.019,7.637,7.637
1786343781.881,S1,recommend,0,prior,0.0,,,,1.24,,1.24
1786343781.881,S1,reserve,0,prior,0.0,,,,1.658,,1.658
1786343781.881,S1,search,0,prior,0.0,,,,6.899,,6.899
1786343781.881,S2,recommend,0,prior,0.0,,,,0.975,,0.975
1786343781.881,S2,reserve,0,prior,0.0,,,,1.332,,1.332
1786343781.881,S2,search,0,prior,0.0,,,,4.287,,4.287
1786343781.881,S3,recommend,1174,obs,0.9421,1.1728,2.497,115.6,1.0,2.497,2.497
1786343781.881,S3,reserve,586,obs,0.9424,1.5447,2.885,114.1,1.348,2.885,2.885
1786343781.881,S3,search,881,obs,0.9397,5.0599,7.438,117.5,4.019,7.438,7.438
1786343782.881,S1,recommend,0,prior,0.0,,,,1.24,,1.24
1786343782.881,S1,reserve,0,prior,0.0,,,,1.658,,1.658
1786343782.881,S1,search,0,prior,0.0,,,,6.899,,6.899
1786343782.881,S2,recommend,0,prior,0.0,,,,0.975,,0.975
1786343782.881,S2,reserve,0,prior,0.0,,,,1.332,,1.332
1786343782.881,S2,search,0,prior,0.0,,,,4.287,,4.287
1786343782.881,S3,recommend,1175,obs,0.9421,1.15,2.515,115.5,1.0,2.515,2.515
1786343782.881,S3,reserve,590,obs,0.9424,1.526,2.789,114.1,1.348,2.789,2.789
1786343782.881,S3,search,876,obs,0.9403,5.0335,7.471,116.9,4.019,7.471,7.471
1786343783.881,S1,recommend,0,prior,0.0,,,,1.24,,1.24
1786343783.881,S1,reserve,0,prior,0.0,,,,1.658,,1.658
1786343783.881,S1,search,0,prior,0.0,,,,6.899,,6.899
1786343783.881,S2,recommend,0,prior,0.0,,,,0.975,,0.975
1786343783.881,S2,reserve,0,prior,0.0,,,,1.332,,1.332
1786343783.881,S2,search,0,prior,0.0,,,,4.287,,4.287
1786343783.881,S3,recommend,1171,obs,0.9442,1.15,2.289,111.3,1.0,2.289,2.289
1786343783.881,S3,reserve,590,obs,0.9422,1.5279,2.713,114.1,1.348,2.713,2.713
1786343783.881,S3,search,882,obs,0.9403,5.1215,7.762,117.0,4.019,7.762,7.762
1786343784.881,S1,recommend,0,prior,0.0,,,,1.24,,1.24
1786343784.881,S1,reserve,0,prior,0.0,,,,1.658,,1.658
1786343784.881,S1,search,0,prior,0.0,,,,6.899,,6.899
1786343784.881,S2,recommend,0,prior,0.0,,,,0.975,,0.975
1786343784.881,S2,reserve,0,prior,0.0,,,,1.332,,1.332
1786343784.881,S2,search,0,prior,0.0,,,,4.287,,4.287
1786343784.881,S3,recommend,1178,obs,0.9424,1.1388,2.179,111.2,1.0,2.179,2.179
1786343784.881,S3,reserve,586,obs,0.9428,1.5211,2.729,114.1,1.348,2.729,2.729
1786343784.881,S3,search,879,obs,0.9407,5.1223,7.485,117.0,4.019,7.485,7.485
1786343785.881,S1,recommend,0,prior,0.0,,,,1.24,,1.24
1786343785.881,S1,reserve,0,prior,0.0,,,,1.658,,1.658
1786343785.881,S1,search,0,prior,0.0,,,,6.899,,6.899
1786343785.881,S2,recommend,0,prior,0.0,,,,0.975,,0.975
1786343785.881,S2,reserve,0,prior,0.0,,,,1.332,,1.332
1786343785.881,S2,search,0,prior,0.0,,,,4.287,,4.287
1786343785.881,S3,recommend,1172,obs,0.944,1.1323,2.305,108.9,1.0,2.305,2.305
1786343785.881,S3,reserve,592,obs,0.9429,1.5731,3.015,114.1,1.348,3.015,3.015
1786343785.881,S3,search,880,obs,0.9414,5.1153,7.641,115.5,4.019,7.641,7.641
1786343786.881,S1,recommend,0,prior,0.0,,,,1.24,,1.24
1786343786.881,S1,reserve,0,prior,0.0,,,,1.658,,1.658
1786343786.881,S1,search,0,prior,0.0,,,,6.899,,6.899
1786343786.881,S2,recommend,0,prior,0.0,,,,0.975,,0.975
1786343786.881,S2,reserve,0,prior,0.0,,,,1.332,,1.332
1786343786.881,S2,search,0,prior,0.0,,,,4.287,,4.287
1786343786.881,S3,recommend,1181,obs,0.945,1.1188,2.281,107.5,1.0,2.281,2.281
1786343786.881,S3,reserve,586,obs,0.9443,1.5669,2.955,111.2,1.348,2.955,2.955
1786343786.881,S3,search,882,obs,0.9426,5.057,7.689,113.2,4.019,7.689,7.689
1786343787.881,S1,recommend,0,prior,0.0,,,,1.24,,1.24
1786343787.881,S1,reserve,0,prior,0.0,,,,1.658,,1.658
1786343787.881,S1,search,0,prior,0.0,,,,6.899,,6.899
1786343787.881,S2,recommend,0,prior,0.0,,,,0.975,,0.975
1786343787.881,S2,reserve,0,prior,0.0,,,,1.332,,1.332
1786343787.881,S2,search,0,prior,0.0,,,,4.287,,4.287
1786343787.881,S3,recommend,1175,obs,0.944,1.2653,2.653,108.9,1.0,2.653,2.653
1786343787.881,S3,reserve,590,obs,0.9443,1.7503,3.943,111.2,1.348,3.943,3.943
1786343787.881,S3,search,876,obs,0.9288,5.4792,9.422,122.7,4.019,9.422,9.422
1786343788.881,S1,recommend,0,prior,0.0,,,,1.24,,1.24
1786343788.881,S1,reserve,0,prior,0.0,,,,1.658,,1.658
1786343788.881,S1,search,0,prior,0.0,,,,6.899,,6.899
1786343788.881,S2,recommend,0,prior,0.0,,,,0.975,,0.975
1786343788.881,S2,reserve,0,prior,0.0,,,,1.332,,1.332
1786343788.881,S2,search,0,prior,0.0,,,,4.287,,4.287
1786343788.881,S3,recommend,1179,obs,0.9447,1.3186,3.162,107.5,1.0,3.162,3.162
1786343788.881,S3,reserve,587,obs,0.9464,1.84,4.434,107.0,1.348,4.434,4.434
1786343788.881,S3,search,886,obs,0.9443,5.8014,11.528,109.7,4.019,11.528,11.528
1786343789.881,S1,recommend,0,prior,0.0,,,,1.24,,1.24
1786343789.881,S1,reserve,0,prior,0.0,,,,1.658,,1.658
1786343789.881,S1,search,0,prior,0.0,,,,6.899,,6.899
1786343789.881,S2,recommend,0,prior,0.0,,,,0.975,,0.975
1786343789.881,S2,reserve,0,prior,0.0,,,,1.332,,1.332
1786343789.881,S2,search,0,prior,0.0,,,,4.287,,4.287
1786343789.881,S3,recommend,1180,obs,0.9446,1.1151,2.234,108.3,1.0,2.234,2.234
1786343789.881,S3,reserve,590,obs,0.9461,1.4666,2.773,107.5,1.348,2.773,2.773
1786343789.881,S3,search,880,obs,0.9446,5.027,7.371,109.8,4.019,7.371,7.371
1786343790.881,S1,recommend,0,prior,0.0,,,,1.24,,1.24
1786343790.881,S1,reserve,0,prior,0.0,,,,1.658,,1.658
1786343790.881,S1,search,0,prior,0.0,,,,6.899,,6.899
1786343790.881,S2,recommend,0,prior,0.0,,,,0.975,,0.975
1786343790.881,S2,reserve,0,prior,0.0,,,,1.332,,1.332
1786343790.881,S2,search,0,prior,0.0,,,,4.287,,4.287
1786343790.881,S3,recommend,1176,obs,0.9467,1.1187,2.273,104.1,1.0,2.273,2.273
1786343790.881,S3,reserve,591,obs,0.9464,1.5095,2.91,106.9,1.348,2.91,2.91
1786343790.881,S3,search,886,obs,0.9446,4.9708,7.319,109.8,4.019,7.319,7.319
1786343791.881,S1,recommend,0,prior,0.0,,,,1.24,,1.24
1786343791.881,S1,reserve,0,prior,0.0,,,,1.658,,1.658
1786343791.881,S1,search,0,prior,0.0,,,,6.899,,6.899
1786343791.881,S2,recommend,0,prior,0.0,,,,0.975,,0.975
1786343791.881,S2,reserve,0,prior,0.0,,,,1.332,,1.332
1786343791.881,S2,search,0,prior,0.0,,,,4.287,,4.287
1786343791.881,S3,recommend,1184,obs,0.9464,1.1154,2.211,104.1,1.0,2.211,2.211
1786343791.881,S3,reserve,587,obs,0.9464,1.5278,2.931,106.9,1.348,2.931,2.931
1786343791.881,S3,search,884,obs,0.9464,4.9714,7.41,106.1,4.019,7.41,7.41
1786343792.881,S1,recommend,0,prior,0.0,,,,1.24,,1.24
1786343792.881,S1,reserve,0,prior,0.0,,,,1.658,,1.658
1786343792.881,S1,search,0,prior,0.0,,,,6.899,,6.899
1786343792.881,S2,recommend,0,prior,0.0,,,,0.975,,0.975
1786343792.881,S2,reserve,0,prior,0.0,,,,1.332,,1.332
1786343792.881,S2,search,0,prior,0.0,,,,4.287,,4.287
1786343792.881,S3,recommend,1177,obs,0.9479,1.1187,2.213,103.8,1.0,2.213,2.213
1786343792.881,S3,reserve,594,obs,0.9467,1.4942,2.751,106.6,1.348,2.751,2.751
1786343792.881,S3,search,883,obs,0.9445,5.0132,7.476,109.5,4.019,7.476,7.476
1786343793.881,S1,recommend,0,prior,0.0,,,,1.24,,1.24
1786343793.881,S1,reserve,0,prior,0.0,,,,1.658,,1.658
1786343793.881,S1,search,0,prior,0.0,,,,6.899,,6.899
1786343793.881,S2,recommend,0,prior,0.0,,,,0.975,,0.975
1786343793.881,S2,reserve,0,prior,0.0,,,,1.332,,1.332
1786343793.881,S2,search,0,prior,0.0,,,,4.287,,4.287
1786343793.881,S3,recommend,1185,obs,0.9493,1.1006,2.172,101.2,1.0,2.172,2.172
1786343793.881,S3,reserve,587,obs,0.945,1.486,2.667,106.9,1.348,2.667,2.667
1786343793.881,S3,search,885,obs,0.9467,4.9495,7.237,105.5,4.019,7.237,7.237
1786343794.881,S1,recommend,0,prior,0.0,,,,1.24,,1.24
1786343794.881,S1,reserve,0,prior,0.0,,,,1.658,,1.658
1786343794.881,S1,search,0,prior,0.0,,,,6.899,,6.899
1786343794.881,S2,recommend,0,prior,0.0,,,,0.975,,0.975
1786343794.881,S2,reserve,0,prior,0.0,,,,1.332,,1.332
1786343794.881,S2,search,0,prior,0.0,,,,4.287,,4.287
1786343794.881,S3,recommend,1184,obs,0.95,1.1118,2.299,99.8,1.0,2.299,2.299
1786343794.881,S3,reserve,594,obs,0.9453,1.5037,2.722,106.9,1.348,2.722,2.722
1786343794.881,S3,search,883,obs,0.9461,4.981,7.419,103.2,4.019,7.419,7.419
1786343795.881,S1,recommend,0,prior,0.0,,,,1.24,,1.24
1786343795.881,S1,reserve,0,prior,0.0,,,,1.658,,1.658
1786343795.881,S1,search,0,prior,0.0,,,,6.899,,6.899
1786343795.881,S2,recommend,0,prior,0.0,,,,0.975,,0.975
1786343795.881,S2,reserve,0,prior,0.0,,,,1.332,,1.332
1786343795.881,S2,search,0,prior,0.0,,,,4.287,,4.287
1786343795.881,S3,recommend,1185,obs,0.95,1.1598,2.393,99.8,1.0,2.393,2.393
1786343795.881,S3,reserve,589,obs,0.9496,1.5025,2.781,98.4,1.348,2.781,2.781
1786343795.881,S3,search,888,obs,0.9465,5.0718,7.704,102.7,4.019,7.704,7.704
1786343796.881,S1,recommend,0,prior,0.0,,,,1.24,,1.24
1786343796.881,S1,reserve,0,prior,0.0,,,,1.658,,1.658
1786343796.881,S1,search,0,prior,0.0,,,,6.899,,6.899
1786343796.881,S2,recommend,0,prior,0.0,,,,0.975,,0.975
1786343796.881,S2,reserve,0,prior,0.0,,,,1.332,,1.332
1786343796.881,S2,search,0,prior,0.0,,,,4.287,,4.287
1786343796.881,S3,recommend,1186,obs,0.9519,1.1633,2.397,96.1,1.0,2.397,2.397
1786343796.881,S3,reserve,594,obs,0.9493,1.4747,2.754,98.9,1.348,2.754,2.754
1786343796.881,S3,search,883,obs,0.9467,5.0089,7.187,102.6,4.019,7.187,7.187
1786343797.881,S1,recommend,0,prior,0.0,,,,1.24,,1.24
1786343797.881,S1,reserve,0,prior,0.0,,,,1.658,,1.658
1786343797.881,S1,search,0,prior,0.0,,,,6.899,,6.899
1786343797.881,S2,recommend,0,prior,0.0,,,,0.975,,0.975
1786343797.881,S2,reserve,0,prior,0.0,,,,1.332,,1.332
1786343797.881,S2,search,0,prior,0.0,,,,4.287,,4.287
1786343797.881,S3,recommend,1183,obs,0.9518,1.2298,2.468,96.0,1.0,2.468,2.468
1786343797.881,S3,reserve,593,obs,0.9489,1.6203,3.073,98.8,1.348,3.073,3.073
1786343797.881,S3,search,888,obs,0.9464,5.2731,7.877,102.6,4.019,7.877,7.877
1786343798.881,S1,recommend,0,prior,0.0,,,,1.24,,1.24
1786343798.881,S1,reserve,0,prior,0.0,,,,1.658,,1.658
1786343798.881,S1,search,0,prior,0.0,,,,6.899,,6.899
1786343798.881,S2,recommend,0,prior,0.0,,,,0.975,,0.975
1786343798.881,S2,reserve,0,prior,0.0,,,,1.332,,1.332
1786343798.881,S2,search,0,prior,0.0,,,,4.287,,4.287
1786343798.881,S3,recommend,1190,obs,0.9528,1.2563,2.682,94.1,1.0,2.682,2.682
1786343798.881,S3,reserve,592,obs,0.9514,1.6576,3.216,94.6,1.348,3.216,3.216
1786343798.881,S3,search,886,obs,0.9493,5.267,7.944,97.4,4.019,7.944,7.944
1786343799.880,S1,recommend,0,prior,0.0,,,,1.24,,1.24
1786343799.880,S1,reserve,0,prior,0.0,,,,1.658,,1.658
1786343799.880,S1,search,0,prior,0.0,,,,6.899,,6.899
1786343799.880,S2,recommend,0,prior,0.0,,,,0.975,,0.975
1786343799.880,S2,reserve,0,prior,0.0,,,,1.332,,1.332
1786343799.880,S2,search,0,prior,0.0,,,,4.287,,4.287
1786343799.880,S3,recommend,1184,obs,0.9531,1.1658,2.513,93.8,1.0,2.513,2.513
1786343799.880,S3,reserve,596,obs,0.9486,1.5486,2.696,99.4,1.348,2.696,2.696
1786343799.880,S3,search,888,obs,0.9489,5.0824,7.448,98.0,4.019,7.448,7.448
1786343800.880,S1,recommend,0,prior,0.0,,,,1.24,,1.24
1786343800.880,S1,reserve,0,prior,0.0,,,,1.658,,1.658
1786343800.880,S1,search,0,prior,0.0,,,,6.899,,6.899
1786343800.880,S2,recommend,0,prior,0.0,,,,0.975,,0.975
1786343800.880,S2,reserve,0,prior,0.0,,,,1.332,,1.332
1786343800.880,S2,search,0,prior,0.0,,,,4.287,,4.287
1786343800.880,S3,recommend,1191,obs,0.9535,1.1274,2.377,92.6,1.0,2.377,2.377
1786343800.880,S3,reserve,592,obs,0.9536,1.494,2.642,91.2,1.348,2.642,2.642
1786343800.880,S3,search,889,obs,0.9504,5.0227,7.461,96.0,4.019,7.461,7.461
1786343801.881,S1,recommend,0,prior,0.0,,,,1.24,,1.24
1786343801.881,S1,reserve,0,prior,0.0,,,,1.658,,1.658
1786343801.881,S1,search,0,prior,0.0,,,,6.899,,6.899
1786343801.881,S2,recommend,0,prior,0.0,,,,0.975,,0.975
1786343801.881,S2,reserve,0,prior,0.0,,,,1.332,,1.332
1786343801.881,S2,search,0,prior,0.0,,,,4.287,,4.287
1786343801.881,S3,recommend,1187,obs,0.9536,1.1295,2.295,92.6,1.0,2.295,2.295
1786343801.881,S3,reserve,598,obs,0.9536,1.4638,2.645,91.2,1.348,2.645,2.645
1786343801.881,S3,search,888,obs,0.9503,4.998,7.469,95.5,4.019,7.469,7.469
1786343802.881,S1,recommend,0,prior,0.0,,,,1.24,,1.24
1786343802.881,S1,reserve,0,prior,0.0,,,,1.658,,1.658
1786343802.881,S1,search,0,prior,0.0,,,,6.899,,6.899
1786343802.881,S2,recommend,0,prior,0.0,,,,0.975,,0.975
1786343802.881,S2,reserve,0,prior,0.0,,,,1.332,,1.332
1786343802.881,S2,search,0,prior,0.0,,,,4.287,,4.287
1786343802.881,S3,recommend,1189,obs,0.9536,1.1641,2.399,92.6,1.0,2.399,2.399
1786343802.881,S3,reserve,592,obs,0.9539,1.5054,2.613,91.2,1.348,2.613,2.613
1786343802.881,S3,search,892,obs,0.9507,5.087,7.527,95.4,4.019,7.527,7.527
1786343803.881,S1,recommend,0,prior,0.0,,,,1.24,,1.24
1786343803.881,S1,reserve,0,prior,0.0,,,,1.658,,1.658
1786343803.881,S1,search,0,prior,0.0,,,,6.899,,6.899
1786343803.881,S2,recommend,0,prior,0.0,,,,0.975,,0.975
1786343803.881,S2,reserve,0,prior,0.0,,,,1.332,,1.332
1786343803.881,S2,search,0,prior,0.0,,,,4.287,,4.287
1786343803.881,S3,recommend,1191,obs,0.9557,1.161,2.306,88.3,1.0,2.306,2.306
1786343803.881,S3,reserve,596,obs,0.9536,1.5214,2.688,91.2,1.348,2.688,2.688
1786343803.881,S3,search,888,obs,0.9507,5.0554,7.703,95.5,4.019,7.703,7.703
1786343804.881,S1,recommend,0,prior,0.0,,,,1.24,,1.24
1786343804.881,S1,reserve,0,prior,0.0,,,,1.658,,1.658
1786343804.881,S1,search,0,prior,0.0,,,,6.899,,6.899
1786343804.881,S2,recommend,0,prior,0.0,,,,0.975,,0.975
1786343804.881,S2,reserve,0,prior,0.0,,,,1.332,,1.332
1786343804.881,S2,search,0,prior,0.0,,,,4.287,,4.287
1786343804.881,S3,recommend,1189,obs,0.9557,1.1267,2.226,88.3,1.0,2.226,2.226
1786343804.881,S3,reserve,596,obs,0.956,1.5553,2.793,86.9,1.348,2.793,2.793
1786343804.881,S3,search,894,obs,0.9539,5.1033,7.632,89.7,4.019,7.632,7.632
1786343805.881,S1,recommend,0,prior,0.0,,,,1.24,,1.24
1786343805.881,S1,reserve,0,prior,0.0,,,,1.658,,1.658
1786343805.881,S1,search,0,prior,0.0,,,,6.899,,6.899
1786343805.881,S2,recommend,0,prior,0.0,,,,0.975,,0.975
1786343805.881,S2,reserve,0,prior,0.0,,,,1.332,,1.332
1786343805.881,S2,search,0,prior,0.0,,,,4.287,,4.287
1786343805.881,S3,recommend,1193,obs,0.9557,1.116,2.31,88.3,1.0,2.31,2.31
1786343805.881,S3,reserve,596,obs,0.9557,1.5218,2.835,86.9,1.348,2.835,2.835
1786343805.881,S3,search,890,obs,0.9538,5.0715,7.701,89.8,4.019,7.701,7.701
1786343806.881,S1,recommend,0,prior,0.0,,,,1.24,,1.24
1786343806.881,S1,reserve,0,prior,0.0,,,,1.658,,1.658
1786343806.881,S1,search,0,prior,0.0,,,,6.899,,6.899
1786343806.881,S2,recommend,0,prior,0.0,,,,0.975,,0.975
1786343806.881,S2,reserve,0,prior,0.0,,,,1.332,,1.332
1786343806.881,S2,search,0,prior,0.0,,,,4.287,,4.287
1786343806.881,S3,recommend,1188,obs,0.9564,1.1455,2.42,86.9,1.0,2.42,2.42
1786343806.881,S3,reserve,598,obs,0.9557,1.5262,2.664,87.4,1.348,2.664,2.664
1786343806.881,S3,search,894,obs,0.9546,5.0603,7.677,88.3,4.019,7.677,7.677
1786343807.881,S1,recommend,0,prior,0.0,,,,1.24,,1.24
1786343807.881,S1,reserve,0,prior,0.0,,,,1.658,,1.658
1786343807.881,S1,search,0,prior,0.0,,,,6.899,,6.899
1786343807.881,S2,recommend,0,prior,0.0,,,,0.975,,0.975
1786343807.881,S2,reserve,0,prior,0.0,,,,1.332,,1.332
1786343807.881,S2,search,0,prior,0.0,,,,4.287,,4.287
1786343807.881,S3,recommend,1195,obs,0.9576,1.2017,2.495,84.6,1.0,2.495,2.495
1786343807.881,S3,reserve,594,obs,0.9574,1.5735,2.853,84.0,1.348,2.853,2.853
1786343807.881,S3,search,893,obs,0.9536,5.2841,8.284,88.3,4.019,8.284,8.284
1786343808.880,S1,recommend,0,prior,0.0,,,,1.24,,1.24
1786343808.880,S1,reserve,0,prior,0.0,,,,1.658,,1.658
1786343808.880,S1,search,0,prior,0.0,,,,6.899,,6.899
1786343808.880,S2,recommend,0,prior,0.0,,,,0.975,,0.975
1786343808.880,S2,reserve,0,prior,0.0,,,,1.332,,1.332
1786343808.880,S2,search,0,prior,0.0,,,,4.287,,4.287
1786343808.880,S3,recommend,1191,obs,0.9583,1.1638,2.393,81.7,1.0,2.393,2.393
1786343808.880,S3,reserve,600,obs,0.9574,1.6097,3.333,84.0,1.348,3.333,3.333
1786343808.880,S3,search,892,obs,0.9557,5.3446,8.399,88.3,4.019,8.399,8.399
1786343809.881,S1,recommend,0,prior,0.0,,,,1.24,,1.24
1786343809.881,S1,reserve,0,prior,0.0,,,,1.658,,1.658
1786343809.881,S1,search,0,prior,0.0,,,,6.899,,6.899
1786343809.881,S2,recommend,0,prior,0.0,,,,0.975,,0.975
1786343809.881,S2,reserve,0,prior,0.0,,,,1.332,,1.332
1786343809.881,S2,search,0,prior,0.0,,,,4.287,,4.287
1786343809.881,S3,recommend,1197,obs,0.959,1.1401,2.353,80.3,1.0,2.353,2.353
1786343809.881,S3,reserve,594,obs,0.9575,1.6113,3.265,84.0,1.348,3.265,3.265
1786343809.881,S3,search,896,obs,0.9583,5.1667,7.59,83.2,4.019,7.59,7.59
1786343810.881,S1,recommend,0,prior,0.0,,,,1.24,,1.24
1786343810.881,S1,reserve,0,prior,0.0,,,,1.658,,1.658
1786343810.881,S1,search,0,prior,0.0,,,,6.899,,6.899
1786343810.881,S2,recommend,0,prior,0.0,,,,0.975,,0.975
1786343810.881,S2,reserve,0,prior,0.0,,,,1.332,,1.332
1786343810.881,S2,search,0,prior,0.0,,,,4.287,,4.287
1786343810.881,S3,recommend,1196,obs,0.9586,1.3201,2.884,81.2,1.0,2.884,2.884
1786343810.881,S3,reserve,600,obs,0.9576,1.8229,3.926,79.8,1.348,3.926,3.926
1786343810.881,S3,search,893,obs,0.9586,5.4986,9.259,82.6,4.019,9.259,9.259
1786343811.881,S1,recommend,0,prior,0.0,,,,1.24,,1.24
1786343811.881,S1,reserve,0,prior,0.0,,,,1.658,,1.658
1786343811.881,S1,search,0,prior,0.0,,,,6.899,,6.899
1786343811.881,S2,recommend,0,prior,0.0,,,,0.975,,0.975
1786343811.881,S2,reserve,0,prior,0.0,,,,1.332,,1.332
1786343811.881,S2,search,0,prior,0.0,,,,4.287,,4.287
1786343811.881,S3,recommend,1195,obs,0.9607,1.3274,2.981,77.5,1.0,2.981,2.981
1786343811.881,S3,reserve,598,obs,0.9581,1.771,3.73,79.7,1.348,3.73,3.73
1786343811.881,S3,search,897,obs,0.9586,5.4569,9.027,82.6,4.019,9.027,9.027
1786343812.881,S1,recommend,0,prior,0.0,,,,1.24,,1.24
1786343812.881,S1,reserve,0,prior,0.0,,,,1.658,,1.658
1786343812.881,S1,search,0,prior,0.0,,,,6.899,,6.899
1786343812.881,S2,recommend,0,prior,0.0,,,,0.975,,0.975
1786343812.881,S2,reserve,0,prior,0.0,,,,1.332,,1.332
1786343812.881,S2,search,0,prior,0.0,,,,4.287,,4.287
1786343812.881,S3,recommend,1199,obs,0.961,1.1862,2.491,76.9,1.0,2.491,2.491
1786343812.881,S3,reserve,598,obs,0.9581,1.4826,2.762,79.8,1.348,2.762,2.762
1786343812.881,S3,search,893,obs,0.9586,5.0844,7.71,82.6,4.019,7.71,7.71
1786343813.881,S1,recommend,0,prior,0.0,,,,1.24,,1.24
1786343813.881,S1,reserve,0,prior,0.0,,,,1.658,,1.658
1786343813.881,S1,search,0,prior,0.0,,,,6.899,,6.899
1786343813.881,S2,recommend,0,prior,0.0,,,,0.975,,0.975
1786343813.881,S2,reserve,0,prior,0.0,,,,1.332,,1.332
1786343813.881,S2,search,0,prior,0.0,,,,4.287,,4.287
1786343813.881,S3,recommend,1194,obs,0.961,1.177,2.409,76.9,1.0,2.409,2.409
1786343813.881,S3,reserve,600,obs,0.9578,1.5212,2.911,79.8,1.348,2.911,2.911
1786343813.881,S3,search,897,obs,0.9586,5.1519,7.781,82.6,4.019,7.781,7.781
1786343814.881,S1,recommend,0,prior,0.0,,,,1.24,,1.24
1786343814.881,S1,reserve,0,prior,0.0,,,,1.658,,1.658
1786343814.881,S1,search,0,prior,0.0,,,,6.899,,6.899
1786343814.881,S2,recommend,0,prior,0.0,,,,0.975,,0.975
1786343814.881,S2,reserve,0,prior,0.0,,,,1.332,,1.332
1786343814.881,S2,search,0,prior,0.0,,,,4.287,,4.287
1786343814.881,S3,recommend,1200,obs,0.961,1.1662,2.374,76.9,1.0,2.374,2.374
1786343814.881,S3,reserve,596,obs,0.9581,1.5086,2.891,79.7,1.348,2.891,2.891
1786343814.881,S3,search,898,obs,0.9607,5.0542,7.656,78.3,4.019,7.656,7.656
1786343815.881,S1,recommend,0,prior,0.0,,,,1.24,,1.24
1786343815.881,S1,reserve,0,prior,0.0,,,,1.658,,1.658
1786343815.881,S1,search,0,prior,0.0,,,,6.899,,6.899
1786343815.881,S2,recommend,0,prior,0.0,,,,0.975,,0.975
1786343815.881,S2,reserve,0,prior,0.0,,,,1.332,,1.332
1786343815.881,S2,search,0,prior,0.0,,,,4.287,,4.287
1786343815.881,S3,recommend,1194,obs,0.961,1.2091,2.526,76.9,1.0,2.526,2.526
1786343815.881,S3,reserve,602,obs,0.9581,1.5657,3.053,79.8,1.348,3.053,3.053
1786343815.881,S3,search,895,obs,0.9593,5.1196,8.075,81.2,4.019,8.075,8.075
1786343816.881,S1,recommend,0,prior,0.0,,,,1.24,,1.24
1786343816.881,S1,reserve,0,prior,0.0,,,,1.658,,1.658
1786343816.881,S1,search,0,prior,0.0,,,,6.899,,6.899
1786343816.881,S2,recommend,0,prior,0.0,,,,0.975,,0.975
1786343816.881,S2,reserve,0,prior,0.0,,,,1.332,,1.332
1786343816.881,S2,search,0,prior,0.0,,,,4.287,,4.287
1786343816.881,S3,recommend,1203,obs,0.9631,1.2024,2.503,72.6,1.0,2.503,2.503
1786343816.881,S3,reserve,596,obs,0.96,1.5527,2.918,76.9,1.348,2.918,2.918
1786343816.881,S3,search,900,obs,0.9622,5.1948,8.288,75.4,4.019,8.288,8.288
1786343817.880,S1,recommend,0,prior,0.0,,,,1.24,,1.24
1786343817.880,S1,reserve,0,prior,0.0,,,,1.658,,1.658
1786343817.880,S1,search,0,prior,0.0,,,,6.899,,6.899
1786343817.880,S2,recommend,0,prior,0.0,,,,0.975,,0.975
1786343817.880,S2,reserve,0,prior,0.0,,,,1.332,,1.332
1786343817.880,S2,search,0,prior,0.0,,,,4.287,,4.287
1786343817.880,S3,recommend,1200,obs,0.9626,1.2132,2.418,73.2,1.0,2.418,2.418
1786343817.880,S3,reserve,603,obs,0.9626,1.5498,2.771,71.7,1.348,2.771,2.771
1786343817.880,S3,search,897,obs,0.9621,5.1808,7.965,75.5,4.019,7.965,7.965
1786343818.880,S1,recommend,0,prior,0.0,,,,1.24,,1.24
1786343818.880,S1,reserve,0,prior,0.0,,,,1.658,,1.658
1786343818.880,S1,search,0,prior,0.0,,,,6.899,,6.899
1786343818.880,S2,recommend,0,prior,0.0,,,,0.975,,0.975
1786343818.880,S2,reserve,0,prior,0.0,,,,1.332,,1.332
1786343818.880,S2,search,0,prior,0.0,,,,4.287,,4.287
1786343818.880,S3,recommend,1199,obs,0.9629,1.1978,2.34,72.8,1.0,2.34,2.34
1786343818.880,S3,reserve,600,obs,0.9629,1.581,2.833,71.4,1.348,2.833,2.833
1786343818.880,S3,search,902,obs,0.9622,5.1162,7.503,75.1,4.019,7.503,7.503
1786343819.880,S1,recommend,0,prior,0.0,,,,1.24,,1.24
1786343819.880,S1,reserve,0,prior,0.0,,,,1.658,,1.658
1786343819.880,S1,search,0,prior,0.0,,,,6.899,,6.899
1786343819.880,S2,recommend,0,prior,0.0,,,,0.975,,0.975
1786343819.880,S2,reserve,0,prior,0.0,,,,1.332,,1.332
1786343819.880,S2,search,0,prior,0.0,,,,4.287,,4.287
1786343819.880,S3,recommend,1204,obs,0.965,1.136,2.303,68.5,1.0,2.303,2.303
1786343819.880,S3,reserve,600,obs,0.9624,1.4978,2.788,72.2,1.348,2.788,2.788
1786343819.880,S3,search,898,obs,0.9624,5.0314,7.629,75.1,4.019,7.629,7.629
1786343820.880,S1,recommend,0,prior,0.0,,,,1.24,,1.24
1786343820.880,S1,reserve,0,prior,0.0,,,,1.658,,1.658
1786343820.880,S1,search,0,prior,0.0,,,,6.899,,6.899
1786343820.880,S2,recommend,0,prior,0.0,,,,0.975,,0.975
1786343820.880,S2,reserve,0,prior,0.0,,,,1.332,,1.332
1786343820.880,S2,search,0,prior,0.0,,,,4.287,,4.287
1786343820.880,S3,recommend,1199,obs,0.9657,1.1378,2.432,67.1,1.0,2.432,2.432
1786343820.880,S3,reserve,602,obs,0.9625,1.5313,2.955,72.2,1.348,2.955,2.955
1786343820.880,S3,search,904,obs,0.9643,5.089,7.786,70.8,4.019,7.786,7.786
1786343821.880,S1,recommend,0,prior,0.0,,,,1.24,,1.24
1786343821.880,S1,reserve,0,prior,0.0,,,,1.658,,1.658
1786343821.880,S1,search,0,prior,0.0,,,,6.899,,6.899
1786343821.880,S2,recommend,0,prior,0.0,,,,0.975,,0.975
1786343821.880,S2,reserve,0,prior,0.0,,,,1.332,,1.332
1786343821.880,S2,search,0,prior,0.0,,,,4.287,,4.287
1786343821.880,S3,recommend,1207,obs,0.9665,1.1439,2.38,66.0,1.0,2.38,2.38
1786343821.880,S3,reserve,598,obs,0.9624,1.5074,2.775,72.6,1.348,2.775,2.775
1786343821.880,S3,search,901,obs,0.9643,4.9881,7.321,71.1,4.019,7.321,7.321
1786343822.880,S1,recommend,0,prior,0.0,,,,1.24,,1.24
1786343822.880,S1,reserve,0,prior,0.0,,,,1.658,,1.658
1786343822.880,S1,search,0,prior,0.0,,,,6.899,,6.899
1786343822.880,S2,recommend,0,prior,0.0,,,,0.975,,0.975
1786343822.880,S2,reserve,0,prior,0.0,,,,1.332,,1.332
1786343822.880,S2,search,0,prior,0.0,,,,4.287,,4.287
1786343822.880,S3,recommend,1201,obs,0.9667,1.157,2.368,65.4,1.0,2.368,2.368
1786343822.880,S3,reserve,604,obs,0.9624,1.4985,2.697,72.6,1.348,2.697,2.697
1786343822.880,S3,search,901,obs,0.964,5.0681,7.614,71.2,4.019,7.614,7.614
1786343823.880,S1,recommend,0,prior,0.0,,,,1.24,,1.24
1786343823.880,S1,reserve,0,prior,0.0,,,,1.658,,1.658
1786343823.880,S1,search,0,prior,0.0,,,,6.899,,6.899
1786343823.880,S2,recommend,0,prior,0.0,,,,0.975,,0.975
1786343823.880,S2,reserve,0,prior,0.0,,,,1.332,,1.332
1786343823.880,S2,search,0,prior,0.0,,,,4.287,,4.287
1786343823.880,S3,recommend,1208,obs,0.9664,1.1596,2.419,65.4,1.0,2.419,2.419
1786343823.880,S3,reserve,600,obs,0.9664,1.5266,2.833,64.0,1.348,2.833,2.833
1786343823.880,S3,search,902,obs,0.9654,5.1747,7.794,68.9,4.019,7.794,7.794
1786343824.880,S1,recommend,0,prior,0.0,,,,1.24,,1.24
1786343824.880,S1,reserve,0,prior,0.0,,,,1.658,,1.658
1786343824.880,S1,search,0,prior,0.0,,,,6.899,,6.899
1786343824.880,S2,recommend,0,prior,0.0,,,,0.975,,0.975
1786343824.880,S2,reserve,0,prior,0.0,,,,1.332,,1.332
1786343824.880,S2,search,0,prior,0.0,,,,4.287,,4.287
1786343824.880,S3,recommend,1206,obs,0.9671,1.1465,2.362,65.4,1.0,2.362,2.362
1786343824.880,S3,reserve,605,obs,0.9667,1.5831,3.203,64.0,1.348,3.203,3.203
1786343824.880,S3,search,900,obs,0.9647,5.1628,7.858,68.3,4.019,7.858,7.858
1786343825.880,S1,recommend,0,prior,0.0,,,,1.24,,1.24
1786343825.880,S1,reserve,0,prior,0.0,,,,1.658,,1.658
1786343825.880,S1,search,0,prior,0.0,,,,6.899,,6.899
1786343825.880,S2,recommend,0,prior,0.0,,,,0.975,,0.975
1786343825.880,S2,reserve,0,prior,0.0,,,,1.332,,1.332
1786343825.880,S2,search,0,prior,0.0,,,,4.287,,4.287
1786343825.880,S3,recommend,1208,obs,0.9693,1.1628,2.309,61.2,1.0,2.309,2.309
1786343825.880,S3,reserve,601,obs,0.9667,1.597,3.236,64.0,1.348,3.236,3.236
1786343825.880,S3,search,905,obs,0.965,5.1882,7.858,68.3,4.019,7.858,7.858
1786343826.880,S1,recommend,0,prior,0.0,,,,1.24,,1.24
1786343826.880,S1,reserve,0,prior,0.0,,,,1.658,,1.658
1786343826.880,S1,search,0,prior,0.0,,,,6.899,,6.899
1786343826.880,S2,recommend,0,prior,0.0,,,,0.975,,0.975
1786343826.880,S2,reserve,0,prior,0.0,,,,1.332,,1.332
1786343826.880,S2,search,0,prior,0.0,,,,4.287,,4.287
1786343826.880,S3,recommend,1208,obs,0.9693,1.2006,2.527,61.1,1.0,2.527,2.527
1786343826.880,S3,reserve,602,obs,0.9647,1.5231,3.028,64.6,1.348,3.028,3.028
1786343826.880,S3,search,902,obs,0.9653,5.0807,7.849,68.3,4.019,7.849,7.849
1786343827.881,S1,recommend,0,prior,0.0,,,,1.24,,1.24
1786343827.881,S1,reserve,0,prior,0.0,,,,1.658,,1.658
1786343827.881,S1,search,0,prior,0.0,,,,6.899,,6.899
1786343827.881,S2,recommend,0,prior,0.0,,,,0.975,,0.975
1786343827.881,S2,reserve,0,prior,0.0,,,,1.332,,1.332
1786343827.881,S2,search,0,prior,0.0,,,,4.287,,4.287
1786343827.881,S3,recommend,1205,obs,0.969,1.3111,3.025,61.7,1.0,3.025,3.025
1786343827.881,S3,reserve,604,obs,0.9672,1.5938,3.172,60.3,1.348,3.172,3.172
1786343827.881,S3,search,905,obs,0.9671,5.3469,8.673,64.0,4.019,8.673,8.673
1786343828.881,S1,recommend,0,prior,0.0,,,,1.24,,1.24
1786343828.881,S1,reserve,0,prior,0.0,,,,1.658,,1.658
1786343828.881,S1,search,0,prior,0.0,,,,6.899,,6.899
1786343828.881,S2,recommend,0,prior,0.0,,,,0.975,,0.975
1786343828.881,S2,reserve,0,prior,0.0,,,,1.332,,1.332
1786343828.881,S2,search,0,prior,0.0,,,,4.287,,4.287
1786343828.881,S3,recommend,1211,obs,0.9707,1.2828,2.932,58.3,1.0,2.932,2.932
1786343828.881,S3,reserve,602,obs,0.9672,1.5947,3.115,60.2,1.348,3.115,3.115
1786343828.881,S3,search,905,obs,0.9688,5.3903,8.432,61.1,4.019,8.432,8.432
1786343829.880,S1,recommend,0,prior,0.0,,,,1.24,,1.24
1786343829.880,S1,reserve,0,prior,0.0,,,,1.658,,1.658
1786343829.880,S1,search,0,prior,0.0,,,,6.899,,6.899
1786343829.880,S2,recommend,0,prior,0.0,,,,0.975,,0.975
1786343829.880,S2,reserve,0,prior,0.0,,,,1.332,,1.332
1786343829.880,S2,search,0,prior,0.0,,,,4.287,,4.287
1786343829.880,S3,recommend,1205,obs,0.9697,1.1479,2.438,59.7,1.0,2.438,2.438
1786343829.880,S3,reserve,606,obs,0.9646,1.5033,2.728,65.4,1.348,2.728,2.728
1786343829.880,S3,search,905,obs,0.9683,5.0995,7.921,61.7,4.019,7.921,7.921
1786343830.880,S1,recommend,0,prior,0.0,,,,1.24,,1.24
1786343830.880,S1,reserve,0,prior,0.0,,,,1.658,,1.658
1786343830.880,S1,search,0,prior,0.0,,,,6.899,,6.899
1786343830.880,S2,recommend,0,prior,0.0,,,,0.975,,0.975
1786343830.880,S2,reserve,0,prior,0.0,,,,1.332,,1.332
1786343830.880,S2,search,0,prior,0.0,,,,4.287,,4.287
1786343830.880,S3,recommend,1214,obs,0.971,1.1633,2.411,58.0,1.0,2.411,2.411
1786343830.880,S3,reserve,602,obs,0.9688,1.4842,2.728,56.5,1.348,2.728,2.728
1786343830.880,S3,search,906,obs,0.9689,5.0371,7.477,60.8,4.019,7.477,7.477
1786343831.880,S1,recommend,0,prior,0.0,,,,1.24,,1.24
1786343831.880,S1,reserve,0,prior,0.0,,,,1.658,,1.658
1786343831.880,S1,search,0,prior,0.0,,,,6.899,,6.899
1786343831.880,S2,recommend,0,prior,0.0,,,,0.975,,0.975
1786343831.880,S2,reserve,0,prior,0.0,,,,1.332,,1.332
1786343831.880,S2,search,0,prior,0.0,,,,4.287,,4.287
1786343831.880,S3,recommend,1210,obs,0.971,1.1816,2.485,58.0,1.0,2.485,2.485
1786343831.880,S3,reserve,608,obs,0.9689,1.4874,2.694,56.5,1.348,2.694,2.694
1786343831.880,S3,search,904,obs,0.9688,5.0389,7.334,60.8,4.019,7.334,7.334
1786343832.880,S1,recommend,0,prior,0.0,,,,1.24,,1.24
1786343832.880,S1,reserve,0,prior,0.0,,,,1.658,,1.658
1786343832.880,S1,search,0,prior,0.0,,,,6.899,,6.899
1786343832.880,S2,recommend,0,prior,0.0,,,,0.975,,0.975
1786343832.880,S2,reserve,0,prior,0.0,,,,1.332,,1.332
1786343832.880,S2,search,0,prior,0.0,,,,4.287,,4.287
1786343832.880,S3,recommend,1209,obs,0.971,1.2265,2.542,58.0,1.0,2.542,2.542
1786343832.880,S3,reserve,603,obs,0.9711,1.6032,3.102,57.1,1.348,3.102,3.102
1786343832.880,S3,search,903,obs,0.9622,5.1899,7.84,68.0,4.019,7.84,7.84
1786343833.880,S1,recommend,0,prior,0.0,,,,1.24,,1.24
1786343833.880,S1,reserve,0,prior,0.0,,,,1.658,,1.658
1786343833.880,S1,search,0,prior,0.0,,,,6.899,,6.899
1786343833.880,S2,recommend,0,prior,0.0,,,,0.975,,0.975
1786343833.880,S2,reserve,0,prior,0.0,,,,1.332,,1.332
1786343833.880,S2,search,0,prior,0.0,,,,4.287,,4.287
1786343833.880,S3,recommend,1212,obs,0.9714,1.2505,2.706,53.8,1.0,2.706,2.706
1786343833.880,S3,reserve,606,obs,0.9714,1.6828,3.646,56.6,1.348,3.646,3.646
1786343833.880,S3,search,905,obs,0.9686,5.3682,8.801,60.9,4.019,8.801,8.801
1786343834.880,S1,recommend,0,prior,0.0,,,,1.24,,1.24
1786343834.880,S1,reserve,0,prior,0.0,,,,1.658,,1.658
1786343834.880,S1,search,0,prior,0.0,,,,6.899,,6.899
1786343834.880,S2,recommend,0,prior,0.0,,,,0.975,,0.975
1786343834.880,S2,reserve,0,prior,0.0,,,,1.332,,1.332
1786343834.880,S2,search,0,prior,0.0,,,,4.287,,4.287
1786343834.880,S3,recommend,1210,obs,0.9717,1.1477,2.351,54.0,1.0,2.351,2.351
1786343834.880,S3,reserve,606,obs,0.9733,1.5859,3.185,53.2,1.348,3.185,3.185
1786343834.880,S3,search,909,obs,0.9714,5.0824,7.599,56.0,4.019,7.599,7.599
1786343835.880,S1,recommend,0,prior,0.0,,,,1.24,,1.24
1786343835.880,S1,reserve,0,prior,0.0,,,,1.658,,1.658
1786343835.880,S1,search,0,prior,0.0,,,,6.899,,6.899
1786343835.880,S2,recommend,0,prior,0.0,,,,0.975,,0.975
1786343835.880,S2,reserve,0,prior,0.0,,,,1.332,,1.332
1786343835.880,S2,search,0,prior,0.0,,,,4.287,,4.287
1786343835.880,S3,recommend,1212,obs,0.9715,1.1397,2.292,53.9,1.0,2.292,2.292
1786343835.880,S3,reserve,606,obs,0.9735,1.5594,3.001,52.6,1.348,3.001,3.001
1786343835.880,S3,search,907,obs,0.9712,5.0441,7.436,55.9,4.019,7.436,7.436
1786343836.880,S1,recommend,0,prior,0.0,,,,1.24,,1.24
1786343836.880,S1,reserve,0,prior,0.0,,,,1.658,,1.658
1786343836.880,S1,search,0,prior,0.0,,,,6.899,,6.899
1786343836.880,S2,recommend,0,prior,0.0,,,,0.975,,0.975
1786343836.880,S2,reserve,0,prior,0.0,,,,1.332,,1.332
1786343836.880,S2,search,0,prior,0.0,,,,4.287,,4.287
1786343836.880,S3,recommend,1208,obs,0.9725,1.153,2.369,52.5,1.0,2.369,2.369
1786343836.880,S3,reserve,609,obs,0.9733,1.5372,3.039,53.1,1.348,3.039,3.039
1786343836.880,S3,search,909,obs,0.9714,5.0384,7.422,56.0,4.019,7.422,7.422
1786343837.881,S1,recommend,0,prior,0.0,,,,1.24,,1.24
1786343837.881,S1,reserve,0,prior,0.0,,,,1.658,,1.658
1786343837.881,S1,search,0,prior,0.0,,,,6.899,,6.899
1786343837.881,S2,recommend,0,prior,0.0,,,,0.975,,0.975
1786343837.881,S2,reserve,0,prior,0.0,,,,1.332,,1.332
1786343837.881,S2,search,0,prior,0.0,,,,4.287,,4.287
1786343837.881,S3,recommend,1215,obs,0.9731,1.1933,2.483,51.1,1.0,2.483,2.483
1786343837.881,S3,reserve,604,obs,0.9733,1.5977,3.403,53.1,1.348,3.403,3.403
1786343837.881,S3,search,909,obs,0.9724,5.1979,7.701,54.0,4.019,7.701,7.701
1786343838.880,S1,recommend,0,prior,0.0,,,,1.24,,1.24
1786343838.880,S1,reserve,0,prior,0.0,,,,1.658,,1.658
1786343838.880,S1,search,0,prior,0.0,,,,6.899,,6.899
1786343838.880,S2,recommend,0,prior,0.0,,,,0.975,,0.975
1786343838.880,S2,reserve,0,prior,0.0,,,,1.332,,1.332
1786343838.880,S2,search,0,prior,0.0,,,,4.287,,4.287
1786343838.880,S3,recommend,1211,obs,0.9736,1.1827,2.48,50.2,1.0,2.48,2.48
1786343838.880,S3,reserve,611,obs,0.975,1.6134,3.253,49.7,1.348,3.253,3.253
1786343838.880,S3,search,907,obs,0.9724,5.2032,7.805,53.9,4.019,7.805,7.805
1786343839.881,S1,recommend,0,prior,0.0,,,,1.24,,1.24
1786343839.881,S1,reserve,0,prior,0.0,,,,1.658,,1.658
1786343839.881,S1,search,0,prior,0.0,,,,6.899,,6.899
1786343839.881,S2,recommend,0,prior,0.0,,,,0.975,,0.975
1786343839.881,S2,reserve,0,prior,0.0,,,,1.332,,1.332
1786343839.881,S2,search,0,prior,0.0,,,,4.287,,4.287
1786343839.881,S3,recommend,1214,obs,0.9731,1.1264,2.246,51.1,1.0,2.246,2.246
1786343839.881,S3,reserve,605,obs,0.975,1.5482,2.932,49.7,1.348,2.932,2.932
1786343839.881,S3,search,912,obs,0.9718,5.0055,7.242,54.0,4.019,7.242,7.242
1786343840.881,S1,recommend,0,prior,0.0,,,,1.24,,1.24
1786343840.881,S1,reserve,0,prior,0.0,,,,1.658,,1.658
1786343840.881,S1,search,0,prior,0.0,,,,6.899,,6.899
1786343840.881,S2,recommend,0,prior,0.0,,,,0.975,,0.975
1786343840.881,S2,reserve,0,prior,0.0,,,,1.332,,1.332
1786343840.881,S2,search,0,prior,0.0,,,,4.287,,4.287
1786343840.881,S3,recommend,1217,obs,0.9757,1.1431,2.211,46.8,1.0,2.211,2.211
1786343840.881,S3,reserve,607,obs,0.9731,1.5437,3.012,49.7,1.348,3.012,3.012
1786343840.881,S3,search,909,obs,0.9728,5.0367,7.475,54.0,4.019,7.475,7.475
1786343841.881,S1,recommend,0,prior,0.0,,,,1.24,,1.24
1786343841.881,S1,reserve,0,prior,0.0,,,,1.658,,1.658
1786343841.881,S1,search,0,prior,0.0,,,,6.899,,6.899
1786343841.881,S2,recommend,0,prior,0.0,,,,0.975,,0.975
1786343841.881,S2,reserve,0,prior,0.0,,,,1.332,,1.332
1786343841.881,S2,search,0,prior,0.0,,,,4.287,,4.287
1786343841.881,S3,recommend,1215,obs,0.9757,1.1675,2.335,46.8,1.0,2.335,2.335
1786343841.881,S3,reserve,608,obs,0.9753,1.6026,3.251,45.4,1.348,3.251,3.251
1786343841.881,S3,search,913,obs,0.9757,5.1804,7.728,48.3,4.019,7.728,7.728
1786343842.880,S1,recommend,0,prior,0.0,,,,1.24,,1.24
1786343842.880,S1,reserve,0,prior,0.0,,,,1.658,,1.658
1786343842.880,S1,search,0,prior,0.0,,,,6.899,,6.899
1786343842.880,S2,recommend,0,prior,0.0,,,,0.975,,0.975
1786343842.880,S2,reserve,0,prior,0.0,,,,1.332,,1.332
1786343842.880,S2,search,0,prior,0.0,,,,4.287,,4.287
1786343842.880,S3,recommend,1218,obs,0.976,1.1282,2.267,46.8,1.0,2.267,2.267
1786343842.880,S3,reserve,608,obs,0.9753,1.5536,2.984,45.4,1.348,2.984,2.984
1786343842.880,S3,search,912,obs,0.9757,5.0986,7.493,48.2,4.019,7.493,7.493
1786343843.880,S1,recommend,0,prior,0.0,,,,1.24,,1.24
1786343843.880,S1,reserve,0,prior,0.0,,,,1.658,,1.658
1786343843.880,S1,search,0,prior,0.0,,,,6.899,,6.899
1786343843.880,S2,recommend,0,prior,0.0,,,,0.975,,0.975
1786343843.880,S2,reserve,0,prior,0.0,,,,1.332,,1.332
1786343843.880,S2,search,0,prior,0.0,,,,4.287,,4.287
1786343843.880,S3,recommend,1214,obs,0.976,1.1281,2.237,46.8,1.0,2.237,2.237
1786343843.880,S3,reserve,610,obs,0.9739,1.5415,3.025,45.4,1.348,3.025,3.025
1786343843.880,S3,search,913,obs,0.9757,5.1359,7.844,48.3,4.019,7.844,7.844
1786343844.880,S1,recommend,0,prior,0.0,,,,1.24,,1.24
1786343844.880,S1,reserve,0,prior,0.0,,,,1.658,,1.658
1786343844.880,S1,search,0,prior,0.0,,,,6.899,,6.899
1786343844.880,S2,recommend,0,prior,0.0,,,,0.975,,0.975
1786343844.880,S2,reserve,0,prior,0.0,,,,1.332,,1.332
1786343844.880,S2,search,0,prior,0.0,,,,4.287,,4.287
1786343844.880,S3,recommend,1222,obs,0.9782,1.1588,2.419,42.5,1.0,2.419,2.419
1786343844.880,S3,reserve,606,obs,0.9738,1.5451,2.997,45.4,1.348,2.997,2.997
1786343844.880,S3,search,912,obs,0.9757,5.1627,8.025,48.3,4.019,8.025,8.025
1786343845.880,S1,recommend,0,prior,0.0,,,,1.24,,1.24
1786343845.880,S1,reserve,0,prior,0.0,,,,1.658,,1.658
1786343845.880,S1,search,0,prior,0.0,,,,6.899,,6.899
1786343845.880,S2,recommend,0,prior,0.0,,,,0.975,,0.975
1786343845.880,S2,reserve,0,prior,0.0,,,,1.332,,1.332
1786343845.880,S2,search,0,prior,0.0,,,,4.287,,4.287
1786343845.880,S3,recommend,1216,obs,0.9781,1.1512,2.418,42.5,1.0,2.418,2.418
1786343845.880,S3,reserve,612,obs,0.9739,1.52,2.955,45.4,1.348,2.955,2.955
1786343845.880,S3,search,913,obs,0.9779,5.1202,7.796,43.9,4.019,7.796,7.796
1786343846.884,S1,recommend,0,prior,0.0,,,,1.24,,1.24
1786343846.884,S1,reserve,0,prior,0.0,,,,1.658,,1.658
1786343846.884,S1,search,0,prior,0.0,,,,6.899,,6.899
1786343846.884,S2,recommend,0,prior,0.0,,,,0.975,,0.975
1786343846.884,S2,reserve,0,prior,0.0,,,,1.332,,1.332
1786343846.884,S2,search,0,prior,0.0,,,,4.287,,4.287
1786343846.884,S3,recommend,1220,obs,0.9779,1.1496,2.345,43.1,1.0,2.345,2.345
1786343846.884,S3,reserve,606,obs,0.9753,1.5456,3.146,42.5,1.348,3.146,3.146
1786343846.884,S3,search,914,obs,0.9764,5.1393,7.87,46.8,4.019,7.87,7.87
1786343847.880,S1,recommend,0,prior,0.0,,,,1.24,,1.24
1786343847.880,S1,reserve,0,prior,0.0,,,,1.658,,1.658
1786343847.880,S1,search,0,prior,0.0,,,,6.899,,6.899
1786343847.880,S2,recommend,0,prior,0.0,,,,0.975,,0.975
1786343847.880,S2,reserve,0,prior,0.0,,,,1.332,,1.332
1786343847.880,S2,search,0,prior,0.0,,,,4.287,,4.287
1786343847.880,S3,recommend,1223,obs,0.98,1.2072,2.438,38.8,1.0,2.438,2.438
1786343847.880,S3,reserve,610,obs,0.975,1.6515,3.445,42.5,1.348,3.445,3.445
1786343847.880,S3,search,910,obs,0.9753,5.3655,8.499,46.8,4.019,8.499,8.499
1786343848.880,S1,recommend,0,prior,0.0,,,,1.24,,1.24
1786343848.880,S1,reserve,0,prior,0.0,,,,1.658,,1.658
1786343848.880,S1,search,0,prior,0.0,,,,6.899,,6.899
1786343848.880,S2,recommend,0,prior,0.0,,,,0.975,,0.975
1786343848.880,S2,reserve,0,prior,0.0,,,,1.332,,1.332
1786343848.880,S2,search,0,prior,0.0,,,,4.287,,4.287
1786343848.880,S3,recommend,1221,obs,0.9804,1.1917,2.403,38.8,1.0,2.403,2.403
1786343848.880,S3,reserve,610,obs,0.98,1.6645,3.223,38.2,1.348,3.223,3.223
1786343848.880,S3,search,915,obs,0.9779,5.3472,8.052,41.7,4.019,8.052,8.052
1786343849.881,S1,recommend,0,prior,0.0,,,,1.24,,1.24
1786343849.881,S1,reserve,0,prior,0.0,,,,1.658,,1.658
1786343849.881,S1,search,0,prior,0.0,,,,6.899,,6.899
1786343849.881,S2,recommend,0,prior,0.0,,,,0.975,,0.975
1786343849.881,S2,reserve,0,prior,0.0,,,,1.332,,1.332
1786343849.881,S2,search,0,prior,0.0,,,,4.287,,4.287
1786343849.881,S3,recommend,1223,obs,0.98,1.1543,2.436,39.6,1.0,2.436,2.436
1786343849.881,S3,reserve,611,obs,0.98,1.588,3.355,38.2,1.348,3.355,3.355
1786343849.881,S3,search,914,obs,0.9779,5.0932,7.592,41.1,4.019,7.592,7.592
1786343850.881,S1,recommend,0,prior,0.0,,,,1.24,,1.24
1786343850.881,S1,reserve,0,prior,0.0,,,,1.658,,1.658
1786343850.881,S1,search,0,prior,0.0,,,,6.899,,6.899
1786343850.881,S2,recommend,0,prior,0.0,,,,0.975,,0.975
1786343850.881,S2,reserve,0,prior,0.0,,,,1.332,,1.332
1786343850.881,S2,search,0,prior,0.0,,,,4.287,,4.287
1786343850.881,S3,recommend,1219,obs,0.9821,1.1844,2.44,35.4,1.0,2.44,2.44
1786343850.881,S3,reserve,614,obs,0.98,1.5743,3.366,38.3,1.348,3.366,3.366
1786343850.881,S3,search,916,obs,0.9781,5.138,7.917,41.1,4.019,7.917,7.917
1786343851.880,S1,recommend,0,prior,0.0,,,,1.24,,1.24
1786343851.880,S1,reserve,0,prior,0.0,,,,1.658,,1.658
1786343851.880,S1,search,0,prior,0.0,,,,6.899,,6.899
1786343851.880,S2,recommend,0,prior,0.0,,,,0.975,,0.975
1786343851.880,S2,reserve,0,prior,0.0,,,,1.332,,1.332
1786343851.880,S2,search,0,prior,0.0,,,,4.287,,4.287
1786343851.880,S3,recommend,1225,obs,0.9821,1.1335,2.322,35.4,1.0,2.322,2.322
1786343851.880,S3,reserve,610,obs,0.9803,1.5117,2.874,38.2,1.348,2.874,2.874
1786343851.880,S3,search,915,obs,0.98,5.012,7.439,37.4,4.019,7.439,7.439
1786343852.881,S1,recommend,0,prior,0.0,,,,1.24,,1.24
1786343852.881,S1,reserve,0,prior,0.0,,,,1.658,,1.658
1786343852.881,S1,search,0,prior,0.0,,,,6.899,,6.899
1786343852.881,S2,recommend,0,prior,0.0,,,,0.975,,0.975
1786343852.881,S2,reserve,0,prior,0.0,,,,1.332,,1.332
1786343852.881,S2,search,0,prior,0.0,,,,4.287,,4.287
1786343852.881,S3,recommend,1219,obs,0.9821,1.1169,2.169,35.4,1.0,2.169,2.169
1786343852.881,S3,reserve,616,obs,0.98,1.4602,2.763,38.2,1.348,2.763,2.763
1786343852.881,S3,search,914,obs,0.9781,4.8663,7.167,41.1,4.019,7.167,7.167
1786343853.880,S1,recommend,0,prior,0.0,,,,1.24,,1.24
1786343853.880,S1,reserve,0,prior,0.0,,,,1.658,,1.658
1786343853.880,S1,search,0,prior,0.0,,,,6.899,,6.899
1786343853.880,S2,recommend,0,prior,0.0,,,,0.975,,0.975
1786343853.880,S2,reserve,0,prior,0.0,,,,1.332,,1.332
1786343853.880,S2,search,0,prior,0.0,,,,4.287,,4.287
1786343853.880,S3,recommend,1225,obs,0.9836,1.1317,2.276,32.5,1.0,2.276,2.276
1786343853.880,S3,reserve,610,obs,0.9803,1.4776,2.903,38.2,1.348,2.903,2.903
1786343853.880,S3,search,918,obs,0.98,4.9534,7.227,36.8,4.019,7.227,7.227
1786343854.880,S1,recommend,0,prior,0.0,,,,1.24,,1.24
1786343854.880,S1,reserve,0,prior,0.0,,,,1.658,,1.658
1786343854.880,S1,search,0,prior,0.0,,,,6.899,,6.899
1786343854.880,S2,recommend,0,prior,0.0,,,,0.975,,0.975
1786343854.880,S2,reserve,0,prior,0.0,,,,1.332,,1.332
1786343854.880,S2,search,0,prior,0.0,,,,4.287,,4.287
1786343854.880,S3,recommend,1227,obs,0.984,1.164,2.519,31.1,1.0,2.519,2.519
1786343854.880,S3,reserve,614,obs,0.9803,1.5723,3.345,38.2,1.348,3.345,3.345
1786343854.880,S3,search,915,obs,0.9811,5.1404,7.994,34.5,4.019,7.994,7.994
1786343855.880,S1,recommend,0,prior,0.0,,,,1.24,,1.24
1786343855.880,S1,reserve,0,prior,0.0,,,,1.658,,1.658
1786343855.880,S1,search,0,prior,0.0,,,,6.899,,6.899
1786343855.880,S2,recommend,0,prior,0.0,,,,0.975,,0.975
1786343855.880,S2,reserve,0,prior,0.0,,,,1.332,,1.332
1786343855.880,S2,search,0,prior,0.0,,,,4.287,,4.287
1786343855.880,S3,recommend,1226,obs,0.9843,1.328,2.875,31.0,1.0,2.875,2.875
1786343855.880,S3,reserve,613,obs,0.984,1.8374,3.607,30.2,1.348,3.607,3.607
1786343855.880,S3,search,920,obs,0.9814,5.6957,9.281,33.9,4.019,9.281,9.281
1786343856.881,S1,recommend,0,prior,0.0,,,,1.24,,1.24
1786343856.881,S1,reserve,0,prior,0.0,,,,1.658,,1.658
1786343856.881,S1,search,0,prior,0.0,,,,6.899,,6.899
1786343856.881,S2,recommend,0,prior,0.0,,,,0.975,,0.975
1786343856.881,S2,reserve,0,prior,0.0,,,,1.332,,1.332
1786343856.881,S2,search,0,prior,0.0,,,,4.287,,4.287
1786343856.881,S3,recommend,1226,obs,0.9826,1.2894,2.65,31.6,1.0,2.65,2.65
1786343856.881,S3,reserve,614,obs,0.9847,1.765,3.224,30.2,1.348,3.224,3.224
1786343856.881,S3,search,917,obs,0.9819,5.5465,8.532,34.5,4.019,8.532,8.532
1786343857.880,S1,recommend,0,prior,0.0,,,,1.24,,1.24
1786343857.880,S1,reserve,0,prior,0.0,,,,1.658,,1.658
1786343857.880,S1,search,0,prior,0.0,,,,6.899,,6.899
1786343857.880,S2,recommend,0,prior,0.0,,,,0.975,,0.975
1786343857.880,S2,reserve,0,prior,0.0,,,,1.332,,1.332
1786343857.880,S2,search,0,prior,0.0,,,,4.287,,4.287
1786343857.880,S3,recommend,1223,obs,0.9826,1.2132,2.432,31.6,1.0,2.432,2.432
1786343857.880,S3,reserve,615,obs,0.9847,1.6187,2.791,30.2,1.348,2.791,2.791
1786343857.880,S3,search,920,obs,0.9819,5.2279,7.779,34.0,4.019,7.779,7.779
1786343858.881,S1,recommend,0,prior,0.0,,,,1.24,,1.24
1786343858.881,S1,reserve,0,prior,0.0,,,,1.658,,1.658
1786343858.881,S1,search,0,prior,0.0,,,,6.899,,6.899
1786343858.881,S2,recommend,0,prior,0.0,,,,0.975,,0.975
1786343858.881,S2,reserve,0,prior,0.0,,,,1.332,,1.332
1786343858.881,S2,search,0,prior,0.0,,,,4.287,,4.287
1786343858.881,S3,recommend,1230,obs,0.985,1.2238,2.553,27.4,1.0,2.553,2.553
1786343858.881,S3,reserve,612,obs,0.984,1.6388,2.98,30.2,1.348,2.98,2.98
1786343858.881,S3,search,918,obs,0.9824,5.2939,7.745,33.9,4.019,7.745,7.745
1786343859.880,S1,recommend,0,prior,0.0,,,,1.24,,1.24
1786343859.880,S1,reserve,0,prior,0.0,,,,1.658,,1.658
1786343859.880,S1,search,0,prior,0.0,,,,6.899,,6.899
1786343859.880,S2,recommend,0,prior,0.0,,,,0.975,,0.975
1786343859.880,S2,reserve,0,prior,0.0,,,,1.332,,1.332
1786343859.880,S2,search,0,prior,0.0,,,,4.287,,4.287
1786343859.880,S3,recommend,1162,obs,0.9338,1.1681,2.403,129.7,1.0,2.403,2.403
1786343859.880,S3,reserve,585,obs,0.9336,1.5534,2.905,132.5,1.348,2.905,2.905
1786343859.880,S3,search,870,obs,0.9315,5.1266,7.668,135.3,4.019,7.668,7.668
1786343860.880,S1,recommend,0,prior,0.0,,,,1.24,,1.24
1786343860.880,S1,reserve,0,prior,0.0,,,,1.658,,1.658
1786343860.880,S1,search,0,prior,0.0,,,,6.899,,6.899
1786343860.880,S2,recommend,0,prior,0.0,,,,0.975,,0.975
1786343860.880,S2,reserve,0,prior,0.0,,,,1.332,,1.332
1786343860.880,S2,search,0,prior,0.0,,,,4.287,,4.287
1786343860.880,S3,recommend,1168,obs,0.936,1.1895,2.651,125.1,1.0,2.651,2.651
1786343860.880,S3,reserve,581,obs,0.9379,1.5836,2.945,124.1,1.348,2.945,2.945
1786343860.880,S3,search,878,obs,0.9353,5.1941,8.201,127.9,4.019,8.201,8.201
1786343861.881,S1,recommend,0,prior,0.0,,,,1.24,,1.24
1786343861.881,S1,reserve,0,prior,0.0,,,,1.658,,1.658
1786343861.881,S1,search,0,prior,0.0,,,,6.899,,6.899
1786343861.881,S2,recommend,0,prior,0.0,,,,0.975,,0.975
1786343861.881,S2,reserve,0,prior,0.0,,,,1.332,,1.332
1786343861.881,S2,search,0,prior,0.0,,,,4.287,,4.287
1786343861.881,S3,recommend,1170,obs,0.936,1.1507,2.452,125.3,1.0,2.452,2.452
1786343861.881,S3,reserve,585,obs,0.9379,1.5658,2.88,123.9,1.348,2.88,2.88
1786343861.881,S3,search,872,obs,0.9353,5.1449,8.006,128.2,4.019,8.006,8.006
1786343862.881,S1,recommend,0,prior,0.0,,,,1.24,,1.24
1786343862.881,S1,reserve,0,prior,0.0,,,,1.658,,1.658
1786343862.881,S1,search,0,prior,0.0,,,,6.899,,6.899
1786343862.881,S2,recommend,0,prior,0.0,,,,0.975,,0.975
1786343862.881,S2,reserve,0,prior,0.0,,,,1.332,,1.332
1786343862.881,S2,search,0,prior,0.0,,,,4.287,,4.287
1786343862.881,S3,recommend,1164,obs,0.9353,1.187,2.577,125.3,1.0,2.577,2.577
1786343862.881,S3,reserve,585,obs,0.9379,1.5976,3.107,123.9,1.348,3.107,3.107
1786343862.881,S3,search,878,obs,0.935,5.2292,8.199,128.2,4.019,8.199,8.199
1786343863.881,S1,recommend,0,prior,0.0,,,,1.24,,1.24
1786343863.881,S1,reserve,0,prior,0.0,,,,1.658,,1.658
1786343863.881,S1,search,0,prior,0.0,,,,6.899,,6.899
1786343863.881,S2,recommend,0,prior,0.0,,,,0.975,,0.975
1786343863.881,S2,reserve,0,prior,0.0,,,,1.332,,1.332
1786343863.881,S2,search,0,prior,0.0,,,,4.287,,4.287
1786343863.881,S3,recommend,1173,obs,0.9376,1.1788,2.522,121.6,1.0,2.522,2.522
1786343863.881,S3,reserve,581,obs,0.9379,1.5855,3.145,123.8,1.348,3.145,3.145
1786343863.881,S3,search,874,obs,0.9353,5.1621,7.874,128.2,4.019,7.874,7.874
1786343864.881,S1,recommend,0,prior,0.0,,,,1.24,,1.24
1786343864.881,S1,reserve,0,prior,0.0,,,,1.658,,1.658
1786343864.881,S1,search,0,prior,0.0,,,,6.899,,6.899
1786343864.881,S2,recommend,0,prior,0.0,,,,0.975,,0.975
1786343864.881,S2,reserve,0,prior,0.0,,,,1.332,,1.332
1786343864.881,S2,search,0,prior,0.0,,,,4.287,,4.287
1786343864.881,S3,recommend,1167,obs,0.9386,1.1368,2.326,121.7,1.0,2.326,2.326
1786343864.881,S3,reserve,587,obs,0.9361,1.5679,3.063,124.5,1.348,3.063,3.063
1786343864.881,S3,search,874,obs,0.9353,5.0919,7.467,128.2,4.019,7.467,7.467
1786343865.880,S1,recommend,0,prior,0.0,,,,1.24,,1.24
1786343865.880,S1,reserve,0,prior,0.0,,,,1.658,,1.658
1786343865.880,S1,search,0,prior,0.0,,,,6.899,,6.899
1786343865.880,S2,recommend,0,prior,0.0,,,,0.975,,0.975
1786343865.880,S2,reserve,0,prior,0.0,,,,1.332,,1.332
1786343865.880,S2,search,0,prior,0.0,,,,4.287,,4.287
1786343865.880,S3,recommend,1173,obs,0.94,1.1755,2.462,119.6,1.0,2.462,2.462
1786343865.880,S3,reserve,581,obs,0.9361,1.5517,3.03,124.5,1.348,3.03,3.03
1786343865.880,S3,search,876,obs,0.9379,5.1508,7.826,123.0,4.019,7.826,7.826
1786343866.881,S1,recommend,0,prior,0.0,,,,1.24,,1.24
1786343866.881,S1,reserve,0,prior,0.0,,,,1.658,,1.658
1786343866.881,S1,search,0,prior,0.0,,,,6.899,,6.899
1786343866.881,S2,recommend,0,prior,0.0,,,,0.975,,0.975
1786343866.881,S2,reserve,0,prior,0.0,,,,1.332,,1.332
1786343866.881,S2,search,0,prior,0.0,,,,4.287,,4.287
1786343866.881,S3,recommend,1170,obs,0.9407,1.1948,2.607,118.2,1.0,2.607,2.607
1786343866.881,S3,reserve,589,obs,0.9386,1.5874,3.084,120.2,1.348,3.084,3.084
1786343866.881,S3,search,873,obs,0.9354,5.2029,8.084,124.5,4.019,8.084,8.084
1786343867.881,S1,recommend,0,prior,0.0,,,,1.24,,1.24
1786343867.881,S1,reserve,0,prior,0.0,,,,1.658,,1.658
1786343867.881,S1,search,0,prior,0.0,,,,6.899,,6.899
1786343867.881,S2,recommend,0,prior,0.0,,,,0.975,,0.975
1786343867.881,S2,reserve,0,prior,0.0,,,,1.332,,1.332
1786343867.881,S2,search,0,prior,0.0,,,,4.287,,4.287
1786343867.881,S3,recommend,1173,obs,0.9407,1.2775,2.76,118.2,1.0,2.76,2.76
1786343867.881,S3,reserve,584,obs,0.9403,1.7052,3.256,116.8,1.348,3.256,3.256
1786343867.881,S3,search,880,obs,0.9374,5.3081,8.322,121.1,4.019,8.322,8.322
1786343868.880,S1,recommend,0,prior,0.0,,,,1.24,,1.24
1786343868.880,S1,reserve,0,prior,0.0,,,,1.658,,1.658
1786343868.880,S1,search,0,prior,0.0,,,,6.899,,6.899
1786343868.880,S2,recommend,0,prior,0.0,,,,0.975,,0.975
1786343868.880,S2,reserve,0,prior,0.0,,,,1.332,,1.332
1786343868.880,S2,search,0,prior,0.0,,,,4.287,,4.287
1786343868.880,S3,recommend,1177,obs,0.9428,1.2614,2.652,113.9,1.0,2.652,2.652
1786343868.880,S3,reserve,588,obs,0.9403,1.6297,3.051,116.8,1.348,3.051,3.051
1786343868.880,S3,search,874,obs,0.9374,5.1957,7.641,121.1,4.019,7.641,7.641
1786343869.881,S1,recommend,0,prior,0.0,,,,1.24,,1.24
1786343869.881,S1,reserve,0,prior,0.0,,,,1.658,,1.658
1786343869.881,S1,search,0,prior,0.0,,,,6.899,,6.899
1786343869.881,S2,recommend,0,prior,0.0,,,,0.975,,0.975
1786343869.881,S2,reserve,0,prior,0.0,,,,1.332,,1.332
1786343869.881,S2,search,0,prior,0.0,,,,4.287,,4.287
1786343869.881,S3,recommend,1172,obs,0.9429,1.1517,2.307,113.9,1.0,2.307,2.307
1786343869.881,S3,reserve,588,obs,0.94,1.5126,2.669,116.8,1.348,2.669,2.669
1786343869.881,S3,search,880,obs,0.9374,5.0341,7.485,121.1,4.019,7.485,7.485
1786343870.881,S1,recommend,0,prior,0.0,,,,1.24,,1.24
1786343870.881,S1,reserve,0,prior,0.0,,,,1.658,,1.658
1786343870.881,S1,search,0,prior,0.0,,,,6.899,,6.899
1786343870.881,S2,recommend,0,prior,0.0,,,,0.975,,0.975
1786343870.881,S2,reserve,0,prior,0.0,,,,1.332,,1.332
1786343870.881,S2,search,0,prior,0.0,,,,4.287,,4.287
1786343870.881,S3,recommend,1179,obs,0.9429,1.1202,2.242,113.9,1.0,2.242,2.242
1786343870.881,S3,reserve,585,obs,0.9421,1.5061,2.698,113.1,1.348,2.698,2.698
1786343870.881,S3,search,878,obs,0.9402,5.0257,7.557,115.4,4.019,7.557,7.557
1786343871.881,S1,recommend,0,prior,0.0,,,,1.24,,1.24
1786343871.881,S1,reserve,0,prior,0.0,,,,1.658,,1.658
1786343871.881,S1,search,0,prior,0.0,,,,6.899,,6.899
1786343871.881,S2,recommend,0,prior,0.0,,,,0.975,,0.975
1786343871.881,S2,reserve,0,prior,0.0,,,,1.332,,1.332
1786343871.881,S2,search,0,prior,0.0,,,,4.287,,4.287
1786343871.881,S3,recommend,1171,obs,0.9422,1.1765,2.566,113.9,1.0,2.566,2.566
1786343871.881,S3,reserve,592,obs,0.9419,1.5373,2.767,112.5,1.348,2.767,2.767
1786343871.881,S3,search,880,obs,0.94,5.0571,7.382,115.3,4.019,7.382,7.382
1786343872.880,S1,recommend,0,prior,0.0,,,,1.24,,1.24
1786343872.880,S1,reserve,0,prior,0.0,,,,1.658,,1.658
1786343872.880,S1,search,0,prior,0.0,,,,6.899,,6.899
1786343872.880,S2,recommend,0,prior,0.0,,,,0.975,,0.975
1786343872.880,S2,reserve,0,prior,0.0,,,,1.332,,1.332
1786343872.880,S2,search,0,prior,0.0,,,,4.287,,4.287
1786343872.880,S3,recommend,1178,obs,0.9447,1.1966,2.595,110.2,1.0,2.595,2.595
1786343872.880,S3,reserve,586,obs,0.9424,1.5515,2.888,112.5,1.348,2.888,2.888
1786343872.880,S3,search,880,obs,0.9407,5.0919,7.618,115.3,4.019,7.618,7.618
1786343873.880,S1,recommend,0,prior,0.0,,,,1.24,,1.24
1786343873.880,S1,reserve,0,prior,0.0,,,,1.658,,1.658
1786343873.880,S1,search,0,prior,0.0,,,,6.899,,6.899
1786343873.880,S2,recommend,0,prior,0.0,,,,0.975,,0.975
1786343873.880,S2,reserve,0,prior,0.0,,,,1.332,,1.332
1786343873.880,S2,search,0,prior,0.0,,,,4.287,,4.287
1786343873.880,S3,recommend,1175,obs,0.945,1.1512,2.397,109.6,1.0,2.397,2.397
1786343873.880,S3,reserve,592,obs,0.9429,1.5241,2.842,112.5,1.348,2.842,2.842
1786343873.880,S3,search,878,obs,0.9405,5.0687,7.719,115.8,4.019,7.719,7.719
1786343874.880,S1,recommend,0,prior,0.0,,,,1.24,,1.24
1786343874.880,S1,reserve,0,prior,0.0,,,,1.658,,1.658
1786343874.880,S1,search,0,prior,0.0,,,,6.899,,6.899
1786343874.880,S2,recommend,0,prior,0.0,,,,0.975,,0.975
1786343874.880,S2,reserve,0,prior,0.0,,,,1.332,,1.332
1786343874.880,S2,search,0,prior,0.0,,,,4.287,,4.287
1786343874.880,S3,recommend,1177,obs,0.9443,1.1655,2.38,110.2,1.0,2.38,2.38
1786343874.880,S3,reserve,586,obs,0.9443,1.542,2.989,109.6,1.348,2.989,2.989
1786343874.880,S3,search,883,obs,0.9417,5.1511,7.727,113.9,4.019,7.727,7.727
1786343875.880,S1,recommend,0,prior,0.0,,,,1.24,,1.24
1786343875.880,S1,reserve,0,prior,0.0,,,,1.658,,1.658
1786343875.880,S1,search,0,prior,0.0,,,,6.899,,6.899
1786343875.880,S2,recommend,0,prior,0.0,,,,0.975,,0.975
1786343875.880,S2,reserve,0,prior,0.0,,,,1.332,,1.332
1786343875.880,S2,search,0,prior,0.0,,,,4.287,,4.287
1786343875.880,S3,recommend,1180,obs,0.9464,1.168,2.36,106.8,1.0,2.36,2.36
1786343875.880,S3,reserve,590,obs,0.9446,1.5391,2.847,109.6,1.348,2.847,2.847
1786343875.880,S3,search,879,obs,0.9428,5.1691,7.777,111.6,4.019,7.777,7.777
1786343876.880,S1,recommend,0,prior,0.0,,,,1.24,,1.24
1786343876.880,S1,reserve,0,prior,0.0,,,,1.658,,1.658
1786343876.880,S1,search,0,prior,0.0,,,,6.899,,6.899
1786343876.880,S2,recommend,0,prior,0.0,,,,0.975,,0.975
1786343876.880,S2,reserve,0,prior,0.0,,,,1.332,,1.332
1786343876.880,S2,search,0,prior,0.0,,,,4.287,,4.287
1786343876.880,S3,recommend,1177,obs,0.9469,1.1971,2.459,105.9,1.0,2.459,2.459
1786343876.880,S3,reserve,589,obs,0.9445,1.5863,2.941,109.6,1.348,2.941,2.941
1786343876.880,S3,search,885,obs,0.9443,5.2423,7.917,108.7,4.019,7.917,7.917
1786343877.880,S1,recommend,0,prior,0.0,,,,1.24,,1.24
1786343877.880,S1,reserve,0,prior,0.0,,,,1.658,,1.658
1786343877.880,S1,search,0,prior,0.0,,,,6.899,,6.899
1786343877.880,S2,recommend,0,prior,0.0,,,,0.975,,0.975
1786343877.880,S2,reserve,0,prior,0.0,,,,1.332,,1.332
1786343877.880,S2,search,0,prior,0.0,,,,4.287,,4.287
1786343877.880,S3,recommend,1183,obs,0.9464,1.2535,2.538,106.8,1.0,2.538,2.538
1786343877.880,S3,reserve,586,obs,0.9443,1.6538,3.288,109.6,1.348,3.288,3.288
1786343877.880,S3,search,882,obs,0.9446,5.3491,8.416,108.2,4.019,8.416,8.416
1786343878.881,S1,recommend,0,prior,0.0,,,,1.24,,1.24
1786343878.881,S1,reserve,0,prior,0.0,,,,1.658,,1.658
1786343878.881,S1,search,0,prior,0.0,,,,6.899,,6.899
1786343878.881,S2,recommend,0,prior,0.0,,,,0.975,,0.975
1786343878.881,S2,reserve,0,prior,0.0,,,,1.332,,1.332
1786343878.881,S2,search,0,prior,0.0,,,,4.287,,4.287
1786343878.881,S3,recommend,1175,obs,0.9464,1.32,3.103,106.8,1.0,3.103,3.103
1786343878.881,S3,reserve,594,obs,0.9467,1.7376,4.003,105.3,1.348,4.003,4.003
1786343878.881,S3,search,884,obs,0.9446,5.6151,11.088,108.2,4.019,11.088,11.088
1786343879.881,S1,recommend,0,prior,0.0,,,,1.24,,1.24
1786343879.881,S1,reserve,0,prior,0.0,,,,1.658,,1.658
1786343879.881,S1,search,0,prior,0.0,,,,6.899,,6.899
1786343879.881,S2,recommend,0,prior,0.0,,,,0.975,,0.975
1786343879.881,S2,reserve,0,prior,0.0,,,,1.332,,1.332
1786343879.881,S2,search,0,prior,0.0,,,,4.287,,4.287
1786343879.881,S3,recommend,1183,obs,0.9483,1.2311,2.879,102.5,1.0,2.879,2.879
1786343879.881,S3,reserve,588,obs,0.9467,1.6359,3.424,105.3,1.348,3.424,3.424
1786343879.881,S3,search,884,obs,0.9446,5.3701,8.742,108.2,4.019,8.742,8.742
1786343880.881,S1,recommend,0,prior,0.0,,,,1.24,,1.24
1786343880.881,S1,reserve,0,prior,0.0,,,,1.658,,1.658
1786343880.881,S1,search,0,prior,0.0,,,,6.899,,6.899
1786343880.881,S2,recommend,0,prior,0.0,,,,0.975,,0.975
1786343880.881,S2,reserve,0,prior,0.0,,,,1.332,,1.332
1786343880.881,S2,search,0,prior,0.0,,,,4.287,,4.287
1786343880.881,S3,recommend,1179,obs,0.9478,1.1394,2.332,102.5,1.0,2.332,2.332
1786343880.881,S3,reserve,594,obs,0.9467,1.4962,2.742,105.4,1.348,2.742,2.742
1786343880.881,S3,search,882,obs,0.9457,5.0014,7.297,108.2,4.019,7.297,7.297
1786343881.881,S1,recommend,0,prior,0.0,,,,1.24,,1.24
1786343881.881,S1,reserve,0,prior,0.0,,,,1.658,,1.658
1786343881.881,S1,search,0,prior,0.0,,,,6.899,,6.899
1786343881.881,S2,recommend,0,prior,0.0,,,,0.975,,0.975
1786343881.881,S2,reserve,0,prior,0.0,,,,1.332,,1.332
1786343881.881,S2,search,0,prior,0.0,,,,4.287,,4.287
1786343881.881,S3,recommend,1184,obs,0.9493,1.1646,2.39,99.6,1.0,2.39,2.39
1786343881.881,S3,reserve,588,obs,0.9467,1.5267,2.765,105.3,1.348,2.765,2.765
1786343881.881,S3,search,887,obs,0.9478,5.1183,7.939,103.9,4.019,7.939,7.939
1786343882.881,S1,recommend,0,prior,0.0,,,,1.24,,1.24
1786343882.881,S1,reserve,0,prior,0.0,,,,1.658,,1.658
1786343882.881,S1,search,0,prior,0.0,,,,6.899,,6.899
1786343882.881,S2,recommend,0,prior,0.0,,,,0.975,,0.975
1786343882.881,S2,reserve,0,prior,0.0,,,,1.332,,1.332
1786343882.881,S2,search,0,prior,0.0,,,,4.287,,4.287
1786343882.881,S3,recommend,1184,obs,0.9493,1.1562,2.39,99.6,1.0,2.39,2.39
1786343882.881,S3,reserve,592,obs,0.945,1.5501,2.885,105.3,1.348,2.885,2.885
1786343882.881,S3,search,883,obs,0.9478,5.0407,7.763,103.9,4.019,7.763,7.763
1786343883.881,S1,recommend,0,prior,0.0,,,,1.24,,1.24
1786343883.881,S1,reserve,0,prior,0.0,,,,1.658,,1.658
1786343883.881,S1,search,0,prior,0.0,,,,6.899,,6.899
1786343883.881,S2,recommend,0,prior,0.0,,,,0.975,,0.975
1786343883.881,S2,reserve,0,prior,0.0,,,,1.332,,1.332
1786343883.881,S2,search,0,prior,0.0,,,,4.287,,4.287
1786343883.881,S3,recommend,1184,obs,0.9496,1.1673,2.33,98.2,1.0,2.33,2.33
1786343883.881,S3,reserve,590,obs,0.945,1.5305,2.994,105.8,1.348,2.994,2.994
1786343883.881,S3,search,887,obs,0.9476,5.0674,7.579,104.4,4.019,7.579,7.579
1786343884.881,S1,recommend,0,prior,0.0,,,,1.24,,1.24
1786343884.881,S1,reserve,0,prior,0.0,,,,1.658,,1.658
1786343884.881,S1,search,0,prior,0.0,,,,6.899,,6.899
1786343884.881,S2,recommend,0,prior,0.0,,,,0.975,,0.975
1786343884.881,S2,reserve,0,prior,0.0,,,,1.332,,1.332
1786343884.881,S2,search,0,prior,0.0,,,,4.287,,4.287
1786343884.881,S3,recommend,1188,obs,0.95,1.1743,2.387,98.7,1.0,2.387,2.387
1786343884.881,S3,reserve,592,obs,0.9495,1.5557,2.98,96.7,1.348,2.98,2.98
1786343884.881,S3,search,885,obs,0.949,5.2246,8.292,101.0,4.019,8.292,8.292
1786343885.881,S1,recommend,0,prior,0.0,,,,1.24,,1.24
1786343885.881,S1,reserve,0,prior,0.0,,,,1.658,,1.658
1786343885.881,S1,search,0,prior,0.0,,,,6.899,,6.899
1786343885.881,S2,recommend,0,prior,0.0,,,,0.975,,0.975
1786343885.881,S2,reserve,0,prior,0.0,,,,1.332,,1.332
1786343885.881,S2,search,0,prior,0.0,,,,4.287,,4.287
1786343885.881,S3,recommend,1182,obs,0.9514,1.2017,2.57,95.3,1.0,2.57,2.57
1786343885.881,S3,reserve,595,obs,0.9488,1.5907,2.994,97.3,1.348,2.994,2.994
1786343885.881,S3,search,888,obs,0.949,5.2694,8.279,101.1,4.019,8.279,8.279
1786343886.881,S1,recommend,0,prior,0.0,,,,1.24,,1.24
1786343886.881,S1,reserve,0,prior,0.0,,,,1.658,,1.658
1786343886.881,S1,search,0,prior,0.0,,,,6.899,,6.899
1786343886.881,S2,recommend,0,prior,0.0,,,,0.975,,0.975
1786343886.881,S2,reserve,0,prior,0.0,,,,1.332,,1.332
1786343886.881,S2,search,0,prior,0.0,,,,4.287,,4.287
1786343886.881,S3,recommend,1189,obs,0.9521,1.1446,2.355,94.4,1.0,2.355,2.355
1786343886.881,S3,reserve,590,obs,0.9493,1.4821,2.681,97.3,1.348,2.681,2.681
1786343886.881,S3,search,887,obs,0.9493,5.1239,7.569,101.0,4.019,7.569,7.569
1786343887.880,S1,recommend,0,prior,0.0,,,,1.24,,1.24
1786343887.880,S1,reserve,0,prior,0.0,,,,1.658,,1.658
1786343887.880,S1,search,0,prior,0.0,,,,6.899,,6.899
1786343887.880,S2,recommend,0,prior,0.0,,,,0.975,,0.975
1786343887.880,S2,reserve,0,prior,0.0,,,,1.332,,1.332
1786343887.880,S2,search,0,prior,0.0,,,,4.287,,4.287
1786343887.880,S3,recommend,1185,obs,0.9531,1.2485,2.567,92.5,1.0,2.567,2.567
1786343887.880,S3,reserve,596,obs,0.9488,1.6122,2.995,98.2,1.348,2.995,2.995
1786343887.880,S3,search,887,obs,0.9514,5.4033,8.533,96.8,4.019,8.533,8.533
1786343888.880,S1,recommend,0,prior,0.0,,,,1.24,,1.24
1786343888.880,S1,reserve,0,prior,0.0,,,,1.658,,1.658
1786343888.880,S1,search,0,prior,0.0,,,,6.899,,6.899
1786343888.880,S2,recommend,0,prior,0.0,,,,0.975,,0.975
1786343888.880,S2,reserve,0,prior,0.0,,,,1.332,,1.332
1786343888.880,S2,search,0,prior,0.0,,,,4.287,,4.287
1786343888.880,S3,recommend,1189,obs,0.9531,1.2445,2.61,92.5,1.0,2.61,2.61
1786343888.880,S3,reserve,590,obs,0.9493,1.6374,2.938,98.1,1.348,2.938,2.938
1786343888.880,S3,search,890,obs,0.9514,5.3825,8.404,96.7,4.019,8.404,8.404
1786343889.881,S1,recommend,0,prior,0.0,,,,1.24,,1.24
1786343889.881,S1,reserve,0,prior,0.0,,,,1.658,,1.658
1786343889.881,S1,search,0,prior,0.0,,,,6.899,,6.899
1786343889.881,S2,recommend,0,prior,0.0,,,,0.975,,0.975
1786343889.881,S2,reserve,0,prior,0.0,,,,1.332,,1.332
1786343889.881,S2,search,0,prior,0.0,,,,4.287,,4.287
1786343889.881,S3,recommend,1189,obs,0.9539,1.1207,2.246,91.0,1.0,2.246,2.246
1786343889.881,S3,reserve,595,obs,0.9493,1.5065,2.672,98.2,1.348,2.672,2.672
1786343889.881,S3,search,889,obs,0.9529,4.9666,7.484,93.9,4.019,7.484,7.484
1786343890.880,S1,recommend,0,prior,0.0,,,,1.24,,1.24
1786343890.880,S1,reserve,0,prior,0.0,,,,1.658,,1.658
1786343890.880,S1,search,0,prior,0.0,,,,6.899,,6.899
1786343890.880,S2,recommend,0,prior,0.0,,,,0.975,,0.975
1786343890.880,S2,reserve,0,prior,0.0,,,,1.332,,1.332
1786343890.880,S2,search,0,prior,0.0,,,,4.287,,4.287
1786343890.880,S3,recommend,1188,obs,0.9539,1.1677,2.391,90.7,1.0,2.391,2.391
1786343890.880,S3,reserve,594,obs,0.9539,1.5216,2.786,89.3,1.348,2.786,2.786
1786343890.880,S3,search,894,obs,0.9529,5.0508,7.424,93.6,4.019,7.424,7.424
1786343891.880,S1,recommend,0,prior,0.0,,,,1.24,,1.24
1786343891.880,S1,reserve,0,prior,0.0,,,,1.658,,1.658
1786343891.880,S1,search,0,prior,0.0,,,,6.899,,6.899
1786343891.880,S2,recommend,0,prior,0.0,,,,0.975,,0.975
1786343891.880,S2,reserve,0,prior,0.0,,,,1.332,,1.332
1786343891.880,S2,search,0,prior,0.0,,,,4.287,,4.287
1786343891.880,S3,recommend,1192,obs,0.9538,1.1763,2.387,90.7,1.0,2.387,2.387
1786343891.880,S3,reserve,594,obs,0.9539,1.5172,2.786,89.3,1.348,2.786,2.786
1786343891.880,S3,search,890,obs,0.9529,5.1336,7.619,93.6,4.019,7.619,7.619
1786343892.880,S1,recommend,0,prior,0.0,,,,1.24,,1.24
1786343892.880,S1,reserve,0,prior,0.0,,,,1.658,,1.658
1786343892.880,S1,search,0,prior,0.0,,,,6.899,,6.899
1786343892.880,S2,recommend,0,prior,0.0,,,,0.975,,0.975
1786343892.880,S2,reserve,0,prior,0.0,,,,1.332,,1.332
1786343892.880,S2,search,0,prior,0.0,,,,4.287,,4.287
1786343892.880,S3,recommend,1188,obs,0.9557,1.1517,2.223,86.4,1.0,2.223,2.223
1786343892.880,S3,reserve,596,obs,0.9538,1.5034,2.812,89.3,1.348,2.812,2.812
1786343892.880,S3,search,894,obs,0.9531,5.1074,7.607,93.6,4.019,7.607,7.607
1786343893.880,S1,recommend,0,prior,0.0,,,,1.24,,1.24
1786343893.880,S1,reserve,0,prior,0.0,,,,1.658,,1.658
1786343893.880,S1,search,0,prior,0.0,,,,6.899,,6.899
1786343893.880,S2,recommend,0,prior,0.0,,,,0.975,,0.975
1786343893.880,S2,reserve,0,prior,0.0,,,,1.332,,1.332
1786343893.880,S2,search,0,prior,0.0,,,,4.287,,4.287
1786343893.880,S3,recommend,1194,obs,0.956,1.1454,2.195,86.4,1.0,2.195,2.195
1786343893.880,S3,reserve,592,obs,0.9539,1.4787,2.905,89.3,1.348,2.905,2.905
1786343893.880,S3,search,892,obs,0.9531,5.0847,7.458,93.6,4.019,7.458,7.458
1786343894.880,S1,recommend,0,prior,0.0,,,,1.24,,1.24
1786343894.880,S1,reserve,0,prior,0.0,,,,1.658,,1.658
1786343894.880,S1,search,0,prior,0.0,,,,6.899,,6.899
1786343894.880,S2,recommend,0,prior,0.0,,,,0.975,,0.975
1786343894.880,S2,reserve,0,prior,0.0,,,,1.332,,1.332
1786343894.880,S2,search,0,prior,0.0,,,,4.287,,4.287
1786343894.880,S3,recommend,1188,obs,0.9553,1.1478,2.266,86.9,1.0,2.266,2.266
1786343894.880,S3,reserve,599,obs,0.9557,1.4919,2.775,85.6,1.348,2.775,2.775
1786343894.880,S3,search,891,obs,0.9531,5.1187,7.765,93.6,4.019,7.765,7.765
1786343895.880,S1,recommend,0,prior,0.0,,,,1.24,,1.24
1786343895.880,S1,reserve,0,prior,0.0,,,,1.658,,1.658
1786343895.880,S1,search,0,prior,0.0,,,,6.899,,6.899
1786343895.880,S2,recommend,0,prior,0.0,,,,0.975,,0.975
1786343895.880,S2,reserve,0,prior,0.0,,,,1.332,,1.332
1786343895.880,S2,search,0,prior,0.0,,,,4.287,,4.287
1786343895.880,S3,recommend,1196,obs,0.9578,1.1424,2.384,82.7,1.0,2.384,2.384
1786343895.880,S3,reserve,593,obs,0.9557,1.4903,2.76,85.5,1.348,2.76,2.76
1786343895.880,S3,search,895,obs,0.9565,5.0837,7.499,86.4,4.019,7.499,7.499
1786343896.881,S1,recommend,0,prior,0.0,,,,1.24,,1.24
1786343896.881,S1,reserve,0,prior,0.0,,,,1.658,,1.658
1786343896.881,S1,search,0,prior,0.0,,,,6.899,,6.899
1786343896.881,S2,recommend,0,prior,0.0,,,,0.975,,0.975
1786343896.881,S2,reserve,0,prior,0.0,,,,1.332,,1.332
1786343896.881,S2,search,0,prior,0.0,,,,4.287,,4.287
1786343896.881,S3,recommend,1194,obs,0.9583,1.1736,2.417,82.7,1.0,2.417,2.417
1786343896.881,S3,reserve,598,obs,0.9558,1.5258,2.84,85.5,1.348,2.84,2.84
1786343896.881,S3,search,891,obs,0.9552,5.1075,7.649,89.3,4.019,7.649,7.649
1786343897.881,S1,recommend,0,prior,0.0,,,,1.24,,1.24
1786343897.881,S1,reserve,0,prior,0.0,,,,1.658,,1.658
1786343897.881,S1,search,0,prior,0.0,,,,6.899,,6.899
1786343897.881,S2,recommend,0,prior,0.0,,,,0.975,,0.975
1786343897.881,S2,reserve,0,prior,0.0,,,,1.332,,1.332
1786343897.881,S2,search,0,prior,0.0,,,,4.287,,4.287
1786343897.881,S3,recommend,1194,obs,0.9578,1.2564,2.586,83.6,1.0,2.586,2.586
1786343897.881,S3,reserve,595,obs,0.9574,1.6798,3.525,82.1,1.348,3.525,3.525
1786343897.881,S3,search,897,obs,0.9567,5.3558,8.206,86.4,4.019,8.206,8.206
1786343898.881,S1,recommend,0,prior,0.0,,,,1.24,,1.24
1786343898.881,S1,reserve,0,prior,0.0,,,,1.658,,1.658
1786343898.881,S1,search,0,prior,0.0,,,,6.899,,6.899
1786343898.881,S2,recommend,0,prior,0.0,,,,0.975,,0.975
1786343898.881,S2,reserve,0,prior,0.0,,,,1.332,,1.332
1786343898.881,S2,search,0,prior,0.0,,,,4.287,,4.287
1786343898.881,S3,recommend,1197,obs,0.9576,1.2231,2.529,83.8,1.0,2.529,2.529
1786343898.881,S3,reserve,596,obs,0.9557,1.6327,3.23,82.5,1.348,3.23,3.23
1786343898.881,S3,search,892,obs,0.9558,5.3324,8.153,86.7,4.019,8.153,8.153
1786343899.881,S1,recommend,0,prior,0.0,,,,1.24,,1.24
1786343899.881,S1,reserve,0,prior,0.0,,,,1.658,,1.658
1786343899.881,S1,search,0,prior,0.0,,,,6.899,,6.899
1786343899.881,S2,recommend,0,prior,0.0,,,,0.975,,0.975
1786343899.881,S2,reserve,0,prior,0.0,,,,1.332,,1.332
1786343899.881,S2,search,0,prior,0.0,,,,4.287,,4.287
1786343899.881,S3,recommend,1192,obs,0.9597,1.1556,2.341,80.1,1.0,2.341,2.341
1786343899.881,S3,reserve,598,obs,0.956,1.5287,2.94,82.4,1.348,2.94,2.94
1786343899.881,S3,search,896,obs,0.9557,5.1253,7.734,86.7,4.019,7.734,7.734
1786343900.881,S1,recommend,0,prior,0.0,,,,1.24,,1.24
1786343900.881,S1,reserve,0,prior,0.0,,,,1.658,,1.658
1786343900.881,S1,search,0,prior,0.0,,,,6.899,,6.899
1786343900.881,S2,recommend,0,prior,0.0,,,,0.975,,0.975
1786343900.881,S2,reserve,0,prior,0.0,,,,1.332,,1.332
1786343900.881,S2,search,0,prior,0.0,,,,4.287,,4.287
1786343900.881,S3,recommend,1199,obs,0.9597,1.1712,2.498,79.6,1.0,2.498,2.498
1786343900.881,S3,reserve,594,obs,0.9558,1.5513,3.028,82.4,1.348,3.028,3.028
1786343900.881,S3,search,896,obs,0.9589,5.0477,7.688,81.0,4.019,7.688,7.688
1786343901.881,S1,recommend,0,prior,0.0,,,,1.24,,1.24
1786343901.881,S1,reserve,0,prior,0.0,,,,1.658,,1.658
1786343901.881,S1,search,0,prior,0.0,,,,6.899,,6.899
1786343901.881,S2,recommend,0,prior,0.0,,,,0.975,,0.975
1786343901.881,S2,reserve,0,prior,0.0,,,,1.332,,1.332
1786343901.881,S2,search,0,prior,0.0,,,,4.287,,4.287
1786343901.881,S3,recommend,1193,obs,0.96,1.3618,3.418,79.6,1.0,3.418,3.418
1786343901.881,S3,reserve,601,obs,0.9579,1.7687,4.332,78.7,1.348,4.332,4.332
1786343901.881,S3,search,894,obs,0.9554,5.7075,10.899,86.7,4.019,10.899,10.899
1786343902.881,S1,recommend,0,prior,0.0,,,,1.24,,1.24
1786343902.881,S1,reserve,0,prior,0.0,,,,1.658,,1.658
1786343902.881,S1,search,0,prior,0.0,,,,6.899,,6.899
1786343902.881,S2,recommend,0,prior,0.0,,,,0.975,,0.975
1786343902.881,S2,reserve,0,prior,0.0,,,,1.332,,1.332
1786343902.881,S2,search,0,prior,0.0,,,,4.287,,4.287
1786343902.881,S3,recommend,1199,obs,0.96,1.3278,3.247,79.6,1.0,3.247,3.247
1786343902.881,S3,reserve,596,obs,0.9582,1.7015,4.205,78.1,1.348,4.205,4.205
1786343902.881,S3,search,898,obs,0.9586,5.6827,10.641,81.0,4.019,10.641,10.641
1786343903.881,S1,recommend,0,prior,0.0,,,,1.24,,1.24
1786343903.881,S1,reserve,0,prior,0.0,,,,1.658,,1.658
1786343903.881,S1,search,0,prior,0.0,,,,6.899,,6.899
1786343903.881,S2,recommend,0,prior,0.0,,,,0.975,,0.975
1786343903.881,S2,reserve,0,prior,0.0,,,,1.332,,1.332
1786343903.881,S2,search,0,prior,0.0,,,,4.287,,4.287
1786343903.881,S3,recommend,1195,obs,0.96,1.1316,2.251,79.5,1.0,2.251,2.251
1786343903.881,S3,reserve,602,obs,0.9579,1.5063,2.789,78.2,1.348,2.789,2.789
1786343903.881,S3,search,894,obs,0.9586,4.9985,7.278,81.5,4.019,7.278,7.278
1786343904.881,S1,recommend,0,prior,0.0,,,,1.24,,1.24
1786343904.881,S1,reserve,0,prior,0.0,,,,1.658,,1.658
1786343904.881,S1,search,0,prior,0.0,,,,6.899,,6.899
1786343904.881,S2,recommend,0,prior,0.0,,,,0.975,,0.975
1786343904.881,S2,reserve,0,prior,0.0,,,,1.332,,1.332
1786343904.881,S2,search,0,prior,0.0,,,,4.287,,4.287
1786343904.881,S3,recommend,1197,obs,0.9607,1.1558,2.354,75.8,1.0,2.354,2.354
1786343904.881,S3,reserve,598,obs,0.9621,1.5291,2.789,75.3,1.348,2.789,2.789
1786343904.881,S3,search,898,obs,0.9586,5.0267,7.517,81.6,4.019,7.517,7.517
1786343905.881,S1,recommend,0,prior,0.0,,,,1.24,,1.24
1786343905.881,S1,reserve,0,prior,0.0,,,,1.658,,1.658
1786343905.881,S1,search,0,prior,0.0,,,,6.899,,6.899
1786343905.881,S2,recommend,0,prior,0.0,,,,0.975,,0.975
1786343905.881,S2,reserve,0,prior,0.0,,,,1.332,,1.332
1786343905.881,S2,search,0,prior,0.0,,,,4.287,,4.287
1786343905.881,S3,recommend,1199,obs,0.9607,1.1497,2.355,75.8,1.0,2.355,2.355
1786343905.881,S3,reserve,599,obs,0.9604,1.5124,2.674,78.7,1.348,2.674,2.674
1786343905.881,S3,search,895,obs,0.9596,5.1113,7.763,79.6,4.019,7.763,7.763
1786343906.881,S1,recommend,0,prior,0.0,,,,1.24,,1.24
1786343906.881,S1,reserve,0,prior,0.0,,,,1.658,,1.658
1786343906.881,S1,search,0,prior,0.0,,,,6.899,,6.899
1786343906.881,S2,recommend,0,prior,0.0,,,,0.975,,0.975
1786343906.881,S2,reserve,0,prior,0.0,,,,1.332,,1.332
1786343906.881,S2,search,0,prior,0.0,,,,4.287,,4.287
1786343906.881,S3,recommend,1196,obs,0.9621,1.1362,2.236,72.9,1.0,2.236,2.236
1786343906.881,S3,reserve,600,obs,0.9621,1.4983,2.58,75.2,1.348,2.58,2.58
1786343906.881,S3,search,900,obs,0.9596,5.0667,7.429,79.6,4.019,7.429,7.429
1786343907.880,S1,recommend,0,prior,0.0,,,,1.24,,1.24
1786343907.880,S1,reserve,0,prior,0.0,,,,1.658,,1.658
1786343907.880,S1,search,0,prior,0.0,,,,6.899,,6.899
1786343907.880,S2,recommend,0,prior,0.0,,,,0.975,,0.975
1786343907.880,S2,reserve,0,prior,0.0,,,,1.332,,1.332
1786343907.880,S2,search,0,prior,0.0,,,,4.287,,4.287
1786343907.880,S3,recommend,1201,obs,0.9621,1.1882,2.302,73.0,1.0,2.302,2.302
1786343907.880,S3,reserve,598,obs,0.9621,1.6385,3.085,75.3,1.348,3.085,3.085
1786343907.880,S3,search,898,obs,0.959,5.1995,7.785,79.5,4.019,7.785,7.785
1786343908.881,S1,recommend,0,prior,0.0,,,,1.24,,1.24
1786343908.881,S1,reserve,0,prior,0.0,,,,1.658,,1.658
1786343908.881,S1,search,0,prior,0.0,,,,6.899,,6.899
1786343908.881,S2,recommend,0,prior,0.0,,,,0.975,,0.975
1786343908.881,S2,reserve,0,prior,0.0,,,,1.332,,1.332
1786343908.881,S2,search,0,prior,0.0,,,,4.287,,4.287
1786343908.881,S3,recommend,1196,obs,0.9624,1.253,2.558,72.4,1.0,2.558,2.558
1786343908.881,S3,reserve,605,obs,0.964,1.6861,3.352,71.6,1.348,3.352,3.352
1786343908.881,S3,search,900,obs,0.9621,5.3003,8.047,73.8,4.019,8.047,8.047
1786343909.881,S1,recommend,0,prior,0.0,,,,1.24,,1.24
1786343909.881,S1,reserve,0,prior,0.0,,,,1.658,,1.658
1786343909.881,S1,search,0,prior,0.0,,,,6.899,,6.899
1786343909.881,S2,recommend,0,prior,0.0,,,,0.975,,0.975
1786343909.881,S2,reserve,0,prior,0.0,,,,1.332,,1.332
1786343909.881,S2,search,0,prior,0.0,,,,4.287,,4.287
1786343909.881,S3,recommend,1202,obs,0.9624,1.1878,2.377,72.4,1.0,2.377,2.377
1786343909.881,S3,reserve,599,obs,0.9643,1.6132,3.218,71.0,1.348,3.218,3.218
1786343909.881,S3,search,900,obs,0.9624,5.1828,7.661,73.8,4.019,7.661,7.661
1786343910.881,S1,recommend,0,prior,0.0,,,,1.24,,1.24
1786343910.881,S1,reserve,0,prior,0.0,,,,1.658,,1.658
1786343910.881,S1,search,0,prior,0.0,,,,6.899,,6.899
1786343910.881,S2,recommend,0,prior,0.0,,,,0.975,,0.975
1786343910.881,S2,reserve,0,prior,0.0,,,,1.332,,1.332
1786343910.881,S2,search,0,prior,0.0,,,,4.287,,4.287
1786343910.881,S3,recommend,1200,obs,0.9643,1.1705,2.403,68.1,1.0,2.403,2.403
1786343910.881,S3,reserve,605,obs,0.9643,1.5592,3.184,71.0,1.348,3.184,3.184
1786343910.881,S3,search,898,obs,0.9624,5.1186,7.704,73.9,4.019,7.704,7.704
1786343911.881,S1,recommend,0,prior,0.0,,,,1.24,,1.24
1786343911.881,S1,reserve,0,prior,0.0,,,,1.658,,1.658
1786343911.881,S1,search,0,prior,0.0,,,,6.899,,6.899
1786343911.881,S2,recommend,0,prior,0.0,,,,0.975,,0.975
1786343911.881,S2,reserve,0,prior,0.0,,,,1.332,,1.332
1786343911.881,S2,search,0,prior,0.0,,,,4.287,,4.287
1786343911.881,S3,recommend,1202,obs,0.9646,1.1537,2.348,68.2,1.0,2.348,2.348
1786343911.881,S3,reserve,599,obs,0.9642,1.5223,2.974,71.0,1.348,2.974,2.974
1786343911.881,S3,search,902,obs,0.9624,5.0365,7.454,73.9,4.019,7.454,7.454
1786343912.880,S1,recommend,0,prior,0.0,,,,1.24,,1.24
1786343912.880,S1,reserve,0,prior,0.0,,,,1.658,,1.658
1786343912.880,S1,search,0,prior,0.0,,,,6.899,,6.899
1786343912.880,S2,recommend,0,prior,0.0,,,,0.975,,0.975
1786343912.880,S2,reserve,0,prior,0.0,,,,1.332,,1.332
1786343912.880,S2,search,0,prior,0.0,,,,4.287,,4.287
1786343912.880,S3,recommend,1202,obs,0.965,1.1561,2.447,68.1,1.0,2.447,2.447
1786343912.880,S3,reserve,601,obs,0.9624,1.5347,2.926,71.0,1.348,2.926,2.926
1786343912.880,S3,search,898,obs,0.9629,5.0847,7.52,73.8,4.019,7.52,7.52
1786343913.881,S1,recommend,0,prior,0.0,,,,1.24,,1.24
1786343913.881,S1,reserve,0,prior,0.0,,,,1.658,,1.658
1786343913.881,S1,search,0,prior,0.0,,,,6.899,,6.899
1786343913.881,S2,recommend,0,prior,0.0,,,,0.975,,0.975
1786343913.881,S2,reserve,0,prior,0.0,,,,1.332,,1.332
1786343913.881,S2,search,0,prior,0.0,,,,4.287,,4.287
1786343913.881,S3,recommend,1203,obs,0.9664,1.1711,2.504,65.3,1.0,2.504,2.504
1786343913.881,S3,reserve,600,obs,0.9621,1.5523,2.868,71.6,1.348,2.868,2.868
1786343913.881,S3,search,904,obs,0.9647,5.1187,7.733,70.1,4.019,7.733,7.733
1786343914.881,S1,recommend,0,prior,0.0,,,,1.24,,1.24
1786343914.881,S1,reserve,0,prior,0.0,,,,1.658,,1.658
1786343914.881,S1,search,0,prior,0.0,,,,6.899,,6.899
1786343914.881,S2,recommend,0,prior,0.0,,,,0.975,,0.975
1786343914.881,S2,reserve,0,prior,0.0,,,,1.332,,1.332
1786343914.881,S2,search,0,prior,0.0,,,,4.287,,4.287
1786343914.881,S3,recommend,1208,obs,0.9669,1.1478,2.324,64.4,1.0,2.324,2.324
1786343914.881,S3,reserve,600,obs,0.966,1.5633,2.953,63.8,1.348,2.953,2.953
1786343914.881,S3,search,904,obs,0.9661,5.088,7.603,66.7,4.019,7.603,7.603
1786343915.880,S1,recommend,0,prior,0.0,,,,1.24,,1.24
1786343915.880,S1,reserve,0,prior,0.0,,,,1.658,,1.658
1786343915.880,S1,search,0,prior,0.0,,,,6.899,,6.899
1786343915.880,S2,recommend,0,prior,0.0,,,,0.975,,0.975
1786343915.880,S2,reserve,0,prior,0.0,,,,1.332,,1.332
1786343915.880,S2,search,0,prior,0.0,,,,4.287,,4.287
1786343915.880,S3,recommend,1203,obs,0.9671,1.1817,2.551,64.4,1.0,2.551,2.551
1786343915.880,S3,reserve,604,obs,0.9643,1.5373,2.953,63.8,1.348,2.953,2.953
1786343915.880,S3,search,903,obs,0.9662,5.183,7.91,67.2,4.019,7.91,7.91
1786343916.881,S1,recommend,0,prior,0.0,,,,1.24,,1.24
1786343916.881,S1,reserve,0,prior,0.0,,,,1.658,,1.658
1786343916.881,S1,search,0,prior,0.0,,,,6.899,,6.899
1786343916.881,S2,recommend,0,prior,0.0,,,,0.975,,0.975
1786343916.881,S2,reserve,0,prior,0.0,,,,1.332,,1.332
1786343916.881,S2,search,0,prior,0.0,,,,4.287,,4.287
1786343916.881,S3,recommend,1209,obs,0.9671,1.202,2.576,64.4,1.0,2.576,2.576
1786343916.881,S3,reserve,600,obs,0.9643,1.5298,2.911,63.0,1.348,2.911,2.911
1786343916.881,S3,search,902,obs,0.9661,5.217,7.758,67.3,4.019,7.758,7.758
1786343917.881,S1,recommend,0,prior,0.0,,,,1.24,,1.24
1786343917.881,S1,reserve,0,prior,0.0,,,,1.658,,1.658
1786343917.881,S1,search,0,prior,0.0,,,,6.899,,6.899
1786343917.881,S2,recommend,0,prior,0.0,,,,0.975,,0.975
1786343917.881,S2,reserve,0,prior,0.0,,,,1.332,,1.332
1786343917.881,S2,search,0,prior,0.0,,,,4.287,,4.287
1786343917.881,S3,recommend,1206,obs,0.9689,1.2675,2.608,61.0,1.0,2.608,2.608
1786343917.881,S3,reserve,606,obs,0.9643,1.6823,3.292,63.8,1.348,3.292,3.292
1786343917.881,S3,search,901,obs,0.9664,5.4733,8.377,66.7,4.019,8.377,8.377
1786343918.880,S1,recommend,0,prior,0.0,,,,1.24,,1.24
1786343918.880,S1,reserve,0,prior,0.0,,,,1.658,,1.658
1786343918.880,S1,search,0,prior,0.0,,,,6.899,,6.899
1786343918.880,S2,recommend,0,prior,0.0,,,,0.975,,0.975
1786343918.880,S2,reserve,0,prior,0.0,,,,1.332,,1.332
1786343918.880,S2,search,0,prior,0.0,,,,4.287,,4.287
1786343918.880,S3,recommend,1208,obs,0.9688,1.2609,2.641,61.0,1.0,2.641,2.641
1786343918.880,S3,reserve,600,obs,0.9643,1.6567,3.106,63.8,1.348,3.106,3.106
1786343918.880,S3,search,905,obs,0.9664,5.4504,8.377,66.7,4.019,8.377,8.377
1786343919.881,S1,recommend,0,prior,0.0,,,,1.24,,1.24
1786343919.881,S1,reserve,0,prior,0.0,,,,1.658,,1.658
1786343919.881,S1,search,0,prior,0.0,,,,6.899,,6.899
1786343919.881,S2,recommend,0,prior,0.0,,,,0.975,,0.975
1786343919.881,S2,reserve,0,prior,0.0,,,,1.332,,1.332
1786343919.881,S2,search,0,prior,0.0,,,,4.287,,4.287
1786343919.881,S3,recommend,1210,obs,0.9702,1.1877,2.434,58.2,1.0,2.434,2.434
1786343919.881,S3,reserve,604,obs,0.9645,1.5231,2.744,63.9,1.348,2.744,2.744
1786343919.881,S3,search,902,obs,0.9664,5.1767,7.677,66.7,4.019,7.677,7.677
1786343920.880,S1,recommend,0,prior,0.0,,,,1.24,,1.24
1786343920.880,S1,reserve,0,prior,0.0,,,,1.658,,1.658
1786343920.880,S1,search,0,prior,0.0,,,,6.899,,6.899
1786343920.880,S2,recommend,0,prior,0.0,,,,0.975,,0.975
1786343920.880,S2,reserve,0,prior,0.0,,,,1.332,,1.332
1786343920.880,S2,search,0,prior,0.0,,,,4.287,,4.287
1786343920.880,S3,recommend,1209,obs,0.9711,1.1755,2.366,57.3,1.0,2.366,2.366
1786343920.880,S3,reserve,603,obs,0.9671,1.5309,2.744,63.9,1.348,2.744,2.744
1786343920.880,S3,search,906,obs,0.9671,5.1923,7.584,62.4,4.019,7.584,7.584
1786343921.880,S1,recommend,0,prior,0.0,,,,1.24,,1.24
1786343921.880,S1,reserve,0,prior,0.0,,,,1.658,,1.658
1786343921.880,S1,search,0,prior,0.0,,,,6.899,,6.899
1786343921.880,S2,recommend,0,prior,0.0,,,,0.975,,0.975
1786343921.880,S2,reserve,0,prior,0.0,,,,1.332,,1.332
1786343921.880,S2,search,0,prior,0.0,,,,4.287,,4.287
1786343921.880,S3,recommend,1213,obs,0.9714,1.1589,2.403,56.7,1.0,2.403,2.403
1786343921.880,S3,reserve,603,obs,0.9671,1.5187,2.817,63.8,1.348,2.817,2.817
1786343921.880,S3,search,904,obs,0.9686,5.1156,7.752,60.1,4.019,7.752,7.752
1786343922.880,S1,recommend,0,prior,0.0,,,,1.24,,1.24
1786343922.880,S1,reserve,0,prior,0.0,,,,1.658,,1.658
1786343922.880,S1,search,0,prior,0.0,,,,6.899,,6.899
1786343922.880,S2,recommend,0,prior,0.0,,,,0.975,,0.975
1786343922.880,S2,reserve,0,prior,0.0,,,,1.332,,1.332
1786343922.880,S2,search,0,prior,0.0,,,,4.287,,4.287
1786343922.880,S3,recommend,1207,obs,0.9714,1.2036,2.571,56.7,1.0,2.571,2.571
1786343922.880,S3,reserve,606,obs,0.9671,1.5168,2.814,64.4,1.348,2.814,2.814
1786343922.880,S3,search,907,obs,0.9686,5.1538,7.944,60.1,4.019,7.944,7.944
1786343923.881,S1,recommend,0,prior,0.0,,,,1.24,,1.24
1786343923.881,S1,reserve,0,prior,0.0,,,,1.658,,1.658
1786343923.881,S1,search,0,prior,0.0,,,,6.899,,6.899
1786343923.881,S2,recommend,0,prior,0.0,,,,0.975,,0.975
1786343923.881,S2,reserve,0,prior,0.0,,,,1.332,,1.332
1786343923.881,S2,search,0,prior,0.0,,,,4.287,,4.287
1786343923.881,S3,recommend,1213,obs,0.9714,1.3072,3.174,56.7,1.0,3.174,3.174
1786343923.881,S3,reserve,604,obs,0.9717,1.7085,3.514,55.3,1.348,3.514,3.514
1786343923.881,S3,search,906,obs,0.9686,5.5694,9.495,59.5,4.019,9.495,9.495
1786343924.881,S1,recommend,0,prior,0.0,,,,1.24,,1.24
1786343924.881,S1,reserve,0,prior,0.0,,,,1.658,,1.658
1786343924.881,S1,search,0,prior,0.0,,,,6.899,,6.899
1786343924.881,S2,recommend,0,prior,0.0,,,,0.975,,0.975
1786343924.881,S2,reserve,0,prior,0.0,,,,1.332,,1.332
1786343924.881,S2,search,0,prior,0.0,,,,4.287,,4.287
1786343924.881,S3,recommend,1208,obs,0.9729,1.2719,2.921,53.8,1.0,2.921,2.921
1786343924.881,S3,reserve,610,obs,0.9715,1.7139,3.454,55.8,1.348,3.454,3.454
1786343924.881,S3,search,905,obs,0.9686,5.4896,9.01,59.5,4.019,9.01,9.01
1786343925.881,S1,recommend,0,prior,0.0,,,,1.24,,1.24
1786343925.881,S1,reserve,0,prior,0.0,,,,1.658,,1.658
1786343925.881,S1,search,0,prior,0.0,,,,6.899,,6.899
1786343925.881,S2,recommend,0,prior,0.0,,,,0.975,,0.975
1786343925.881,S2,reserve,0,prior,0.0,,,,1.332,,1.332
1786343925.881,S2,search,0,prior,0.0,,,,4.287,,4.287
1786343925.881,S3,recommend,1212,obs,0.9733,1.1398,2.344,53.0,1.0,2.344,2.344
1786343925.881,S3,reserve,604,obs,0.9714,1.5612,3.028,55.8,1.348,3.028,3.028
1786343925.881,S3,search,910,obs,0.9714,5.0821,7.499,54.4,4.019,7.499,7.499
1786343926.881,S1,recommend,0,prior,0.0,,,,1.24,,1.24
1786343926.881,S1,reserve,0,prior,0.0,,,,1.658,,1.658
1786343926.881,S1,search,0,prior,0.0,,,,6.899,,6.899
1786343926.881,S2,recommend,0,prior,0.0,,,,0.975,,0.975
1786343926.881,S2,reserve,0,prior,0.0,,,,1.332,,1.332
1786343926.881,S2,search,0,prior,0.0,,,,4.287,,4.287
1786343926.881,S3,recommend,1213,obs,0.9743,1.1447,2.213,51.0,1.0,2.213,2.213
1786343926.881,S3,reserve,609,obs,0.9736,1.5958,3.302,51.6,1.348,3.302,3.302
1786343926.881,S3,search,906,obs,0.971,5.1633,7.794,55.3,4.019,7.794,7.794
1786343927.881,S1,recommend,0,prior,0.0,,,,1.24,,1.24
1786343927.881,S1,reserve,0,prior,0.0,,,,1.658,,1.658
1786343927.881,S1,search,0,prior,0.0,,,,6.899,,6.899
1786343927.881,S2,recommend,0,prior,0.0,,,,0.975,,0.975
1786343927.881,S2,reserve,0,prior,0.0,,,,1.332,,1.332
1786343927.881,S2,search,0,prior,0.0,,,,4.287,,4.287
1786343927.881,S3,recommend,1212,obs,0.9743,1.2579,2.674,50.1,1.0,2.674,2.674
1786343927.881,S3,reserve,606,obs,0.9707,1.7283,3.685,56.7,1.348,3.685,3.685
1786343927.881,S3,search,910,obs,0.9704,5.5803,9.387,55.2,4.019,9.387,9.387
1786343928.880,S1,recommend,0,prior,0.0,,,,1.24,,1.24
1786343928.880,S1,reserve,0,prior,0.0,,,,1.658,,1.658
1786343928.880,S1,search,0,prior,0.0,,,,6.899,,6.899
1786343928.880,S2,recommend,0,prior,0.0,,,,0.975,,0.975
1786343928.880,S2,reserve,0,prior,0.0,,,,1.332,,1.332
1786343928.880,S2,search,0,prior,0.0,,,,4.287,,4.287
1786343928.880,S3,recommend,1216,obs,0.9736,1.3722,2.947,49.5,1.0,2.947,2.947
1786343928.880,S3,reserve,606,obs,0.9714,1.8532,4.024,56.7,1.348,4.024,4.024
1786343928.880,S3,search,907,obs,0.9714,5.9521,10.153,55.2,4.019,10.153,10.153
1786343929.881,S1,recommend,0,prior,0.0,,,,1.24,,1.24
1786343929.881,S1,reserve,0,prior,0.0,,,,1.658,,1.658
1786343929.881,S1,search,0,prior,0.0,,,,6.899,,6.899
1786343929.881,S2,recommend,0,prior,0.0,,,,0.975,,0.975
1786343929.881,S2,reserve,0,prior,0.0,,,,1.332,,1.332
1786343929.881,S2,search,0,prior,0.0,,,,4.287,,4.287
1786343929.881,S3,recommend,1211,obs,0.9736,1.2564,2.704,49.5,1.0,2.704,2.704
1786343929.881,S3,reserve,608,obs,0.9714,1.6588,3.421,56.7,1.348,3.421,3.421
1786343929.881,S3,search,911,obs,0.9721,5.4164,8.335,52.9,4.019,8.335,8.335
1786343930.881,S1,recommend,0,prior,0.0,,,,1.24,,1.24
1786343930.881,S1,reserve,0,prior,0.0,,,,1.658,,1.658
1786343930.881,S1,search,0,prior,0.0,,,,6.899,,6.899
1786343930.881,S2,recommend,0,prior,0.0,,,,0.975,,0.975
1786343930.881,S2,reserve,0,prior,0.0,,,,1.332,,1.332
1786343930.881,S2,search,0,prior,0.0,,,,4.287,,4.287
1786343930.881,S3,recommend,1218,obs,0.9739,1.1347,2.415,49.5,1.0,2.415,2.415
1786343930.881,S3,reserve,605,obs,0.9757,1.4786,2.656,48.1,1.348,2.656,2.656
1786343930.881,S3,search,910,obs,0.9729,4.9954,7.321,52.4,4.019,7.321,7.321
1786343931.881,S1,recommend,0,prior,0.0,,,,1.24,,1.24
1786343931.881,S1,reserve,0,prior,0.0,,,,1.658,,1.658
1786343931.881,S1,search,0,prior,0.0,,,,6.899,,6.899
1786343931.881,S2,recommend,0,prior,0.0,,,,0.975,,0.975
1786343931.881,S2,reserve,0,prior,0.0,,,,1.332,,1.332
1786343931.881,S2,search,0,prior,0.0,,,,4.287,,4.287
1786343931.881,S3,recommend,1214,obs,0.976,1.1105,2.243,45.2,1.0,2.243,2.243
1786343931.881,S3,reserve,611,obs,0.9757,1.4865,2.838,48.1,1.348,2.838,2.838
1786343931.881,S3,search,910,obs,0.9731,5.0137,7.36,52.4,4.019,7.36,7.36
1786343932.881,S1,recommend,0,prior,0.0,,,,1.24,,1.24
1786343932.881,S1,reserve,0,prior,0.0,,,,1.658,,1.658
1786343932.881,S1,search,0,prior,0.0,,,,6.899,,6.899
1786343932.881,S2,recommend,0,prior,0.0,,,,0.975,,0.975
1786343932.881,S2,reserve,0,prior,0.0,,,,1.332,,1.332
1786343932.881,S2,search,0,prior,0.0,,,,4.287,,4.287
1786343932.881,S3,recommend,1218,obs,0.976,1.1298,2.255,45.3,1.0,2.255,2.255
1786343932.881,S3,reserve,605,obs,0.9757,1.5415,2.979,48.1,1.348,2.979,2.979
1786343932.881,S3,search,912,obs,0.9731,5.1425,7.641,52.4,4.019,7.641,7.641
1786343933.881,S1,recommend,0,prior,0.0,,,,1.24,,1.24
1786343933.881,S1,reserve,0,prior,0.0,,,,1.658,,1.658
1786343933.881,S1,search,0,prior,0.0,,,,6.899,,6.899
1786343933.881,S2,recommend,0,prior,0.0,,,,0.975,,0.975
1786343933.881,S2,reserve,0,prior,0.0,,,,1.332,,1.332
1786343933.881,S2,search,0,prior,0.0,,,,4.287,,4.287
1786343933.881,S3,recommend,1218,obs,0.976,1.1429,2.442,45.3,1.0,2.442,2.442
1786343933.881,S3,reserve,611,obs,0.9779,1.5541,2.979,43.7,1.348,2.979,2.979
1786343933.881,S3,search,910,obs,0.975,5.1718,8.017,47.2,4.019,8.017,8.017
1786343934.881,S1,recommend,0,prior,0.0,,,,1.24,,1.24
1786343934.881,S1,reserve,0,prior,0.0,,,,1.658,,1.658
1786343934.881,S1,search,0,prior,0.0,,,,6.899,,6.899
1786343934.881,S2,recommend,0,prior,0.0,,,,0.975,,0.975
1786343934.881,S2,reserve,0,prior,0.0,,,,1.332,,1.332
1786343934.881,S2,search,0,prior,0.0,,,,4.287,,4.287
1786343934.881,S3,recommend,1218,obs,0.9779,1.129,2.434,41.5,1.0,2.434,2.434
1786343934.881,S3,reserve,608,obs,0.9775,1.5096,2.901,44.4,1.348,2.901,2.901
1786343934.881,S3,search,915,obs,0.9767,5.1023,7.956,45.2,4.019,7.956,7.956
1786343935.881,S1,recommend,0,prior,0.0,,,,1.24,,1.24
1786343935.881,S1,reserve,0,prior,0.0,,,,1.658,,1.658
1786343935.881,S1,search,0,prior,0.0,,,,6.899,,6.899
1786343935.881,S2,recommend,0,prior,0.0,,,,0.975,,0.975
1786343935.881,S2,reserve,0,prior,0.0,,,,1.332,,1.332
1786343935.881,S2,search,0,prior,0.0,,,,4.287,,4.287
1786343935.881,S3,recommend,1220,obs,0.9779,1.121,2.264,41.5,1.0,2.264,2.264
1786343935.881,S3,reserve,608,obs,0.9776,1.468,2.873,44.4,1.348,2.873,2.873
1786343935.881,S3,search,910,obs,0.975,5.0553,7.674,48.1,4.019,7.674,7.674
1786343936.881,S1,recommend,0,prior,0.0,,,,1.24,,1.24
1786343936.881,S1,reserve,0,prior,0.0,,,,1.658,,1.658
1786343936.881,S1,search,0,prior,0.0,,,,6.899,,6.899
1786343936.881,S2,recommend,0,prior,0.0,,,,0.975,,0.975
1786343936.881,S2,reserve,0,prior,0.0,,,,1.332,,1.332
1786343936.881,S2,search,0,prior,0.0,,,,4.287,,4.287
1786343936.881,S3,recommend,1218,obs,0.979,1.1478,2.328,41.5,1.0,2.328,2.328
1786343936.881,S3,reserve,610,obs,0.9779,1.4811,2.722,40.9,1.348,2.722,2.722
1786343936.881,S3,search,915,obs,0.9767,5.0697,7.625,45.2,4.019,7.625,7.625
1786343937.881,S1,recommend,0,prior,0.0,,,,1.24,,1.24
1786343937.881,S1,reserve,0,prior,0.0,,,,1.658,,1.658
1786343937.881,S1,search,0,prior,0.0,,,,6.899,,6.899
1786343937.881,S2,recommend,0,prior,0.0,,,,0.975,,0.975
1786343937.881,S2,reserve,0,prior,0.0,,,,1.332,,1.332
1786343937.881,S2,search,0,prior,0.0,,,,4.287,,4.287
1786343937.881,S3,recommend,1224,obs,0.9804,1.2127,2.561,38.7,1.0,2.561,2.561
1786343937.881,S3,reserve,607,obs,0.9779,1.6158,3.144,40.9,1.348,3.144,3.144
1786343937.881,S3,search,913,obs,0.9764,5.2954,8.362,45.2,4.019,8.362,8.362
1786343938.880,S1,recommend,0,prior,0.0,,,,1.24,,1.24
1786343938.880,S1,reserve,0,prior,0.0,,,,1.658,,1.658
1786343938.880,S1,search,0,prior,0.0,,,,6.899,,6.899
1786343938.880,S2,recommend,0,prior,0.0,,,,0.975,,0.975
1786343938.880,S2,reserve,0,prior,0.0,,,,1.332,,1.332
1786343938.880,S2,search,0,prior,0.0,,,,4.287,,4.287
1786343938.880,S3,recommend,1220,obs,0.9803,1.2024,2.443,38.1,1.0,2.443,2.443
1786343938.880,S3,reserve,614,obs,0.9781,1.6293,3.217,40.9,1.348,3.217,3.217
1786343938.880,S3,search,912,obs,0.9753,5.2926,8.294,45.2,4.019,8.294,8.294
1786343939.886,S1,recommend,0,prior,0.0,,,,1.24,,1.24
1786343939.886,S1,reserve,0,prior,0.0,,,,1.658,,1.658
1786343939.886,S1,search,0,prior,0.0,,,,6.899,,6.899
1786343939.886,S2,recommend,0,prior,0.0,,,,0.975,,0.975
1786343939.886,S2,reserve,0,prior,0.0,,,,1.332,,1.332
1786343939.886,S2,search,0,prior,0.0,,,,4.287,,4.287
1786343939.886,S3,recommend,1224,obs,0.981,1.1077,2.113,37.8,1.0,2.113,2.113
1786343939.886,S3,reserve,608,obs,0.9782,1.4791,2.613,40.6,1.348,2.613,2.613
1786343939.886,S3,search,915,obs,0.9779,4.9965,7.176,39.8,4.019,7.176,7.176
1786343940.880,S1,recommend,0,prior,0.0,,,,1.24,,1.24
1786343940.880,S1,reserve,0,prior,0.0,,,,1.658,,1.658
1786343940.880,S1,search,0,prior,0.0,,,,6.899,,6.899
1786343940.880,S2,recommend,0,prior,0.0,,,,0.975,,0.975
1786343940.880,S2,reserve,0,prior,0.0,,,,1.332,,1.332
1786343940.880,S2,search,0,prior,0.0,,,,4.287,,4.287
1786343940.880,S3,recommend,1224,obs,0.9807,1.1403,2.291,38.1,1.0,2.291,2.291
1786343940.880,S3,reserve,614,obs,0.98,1.4836,2.577,36.7,1.348,2.577,2.577
1786343940.880,S3,search,912,obs,0.9779,4.9701,7.073,39.5,4.019,7.073,7.073
1786343941.881,S1,recommend,0,prior,0.0,,,,1.24,,1.24
1786343941.881,S1,reserve,0,prior,0.0,,,,1.658,,1.658
1786343941.881,S1,search,0,prior,0.0,,,,6.899,,6.899
1786343941.881,S2,recommend,0,prior,0.0,,,,0.975,,0.975
1786343941.881,S2,reserve,0,prior,0.0,,,,1.332,,1.332
1786343941.881,S2,search,0,prior,0.0,,,,4.287,,4.287
1786343941.881,S3,recommend,1221,obs,0.9803,1.1788,2.347,38.1,1.0,2.347,2.347
1786343941.881,S3,reserve,612,obs,0.98,1.5149,2.69,36.7,1.348,2.69,2.69
1786343941.881,S3,search,916,obs,0.9781,5.0611,7.42,39.5,4.019,7.42,7.42
1786343942.880,S1,recommend,0,prior,0.0,,,,1.24,,1.24
1786343942.880,S1,reserve,0,prior,0.0,,,,1.658,,1.658
1786343942.880,S1,search,0,prior,0.0,,,,6.899,,6.899
1786343942.880,S2,recommend,0,prior,0.0,,,,0.975,,0.975
1786343942.880,S2,reserve,0,prior,0.0,,,,1.332,,1.332
1786343942.880,S2,search,0,prior,0.0,,,,4.287,,4.287
1786343942.880,S3,recommend,1225,obs,0.9826,1.1652,2.347,33.7,1.0,2.347,2.347
1786343942.880,S3,reserve,612,obs,0.9803,1.5054,2.766,36.7,1.348,2.766,2.766
1786343942.880,S3,search,914,obs,0.9779,5.1087,7.569,39.5,4.019,7.569,7.569
1786343943.880,S1,recommend,0,prior,0.0,,,,1.24,,1.24
1786343943.880,S1,reserve,0,prior,0.0,,,,1.658,,1.658
1786343943.880,S1,search,0,prior,0.0,,,,6.899,,6.899
1786343943.880,S2,recommend,0,prior,0.0,,,,0.975,,0.975
1786343943.880,S2,reserve,0,prior,0.0,,,,1.332,,1.332
1786343943.880,S2,search,0,prior,0.0,,,,4.287,,4.287
1786343943.880,S3,recommend,1223,obs,0.9828,1.1931,2.297,33.8,1.0,2.297,2.297
1786343943.880,S3,reserve,612,obs,0.98,1.5575,2.861,37.2,1.348,2.861,2.861
1786343943.880,S3,search,917,obs,0.9788,5.2422,7.758,38.1,4.019,7.758,7.758
1786343944.880,S1,recommend,0,prior,0.0,,,,1.24,,1.24
1786343944.880,S1,reserve,0,prior,0.0,,,,1.658,,1.658
1786343944.880,S1,search,0,prior,0.0,,,,6.899,,6.899
1786343944.880,S2,recommend,0,prior,0.0,,,,0.975,,0.975
1786343944.880,S2,reserve,0,prior,0.0,,,,1.332,,1.332
1786343944.880,S2,search,0,prior,0.0,,,,4.287,,4.287
1786343944.880,S3,recommend,1227,obs,0.9828,1.2257,2.401,34.3,1.0,2.401,2.401
1786343944.880,S3,reserve,611,obs,0.9821,1.6196,3.064,33.8,1.348,3.064,3.064
1786343944.880,S3,search,914,obs,0.9783,5.3253,8.343,40.1,4.019,8.343,8.343
1786343945.880,S1,recommend,0,prior,0.0,,,,1.24,,1.24
1786343945.880,S1,reserve,0,prior,0.0,,,,1.658,,1.658
1786343945.880,S1,search,0,prior,0.0,,,,6.899,,6.899
1786343945.880,S2,recommend,0,prior,0.0,,,,0.975,,0.975
1786343945.880,S2,reserve,0,prior,0.0,,,,1.332,,1.332
1786343945.880,S2,search,0,prior,0.0,,,,4.287,,4.287
1786343945.880,S3,recommend,1223,obs,0.984,1.2319,2.521,30.9,1.0,2.521,2.521
1786343945.880,S3,reserve,615,obs,0.9822,1.5782,3.058,33.8,1.348,3.058,3.058
1786343945.880,S3,search,917,obs,0.9788,5.256,8.348,35.7,4.019,8.348,8.348
1786343946.881,S1,recommend,0,prior,0.0,,,,1.24,,1.24
1786343946.881,S1,reserve,0,prior,0.0,,,,1.658,,1.658
1786343946.881,S1,search,0,prior,0.0,,,,6.899,,6.899
1786343946.881,S2,recommend,0,prior,0.0,,,,0.975,,0.975
1786343946.881,S2,reserve,0,prior,0.0,,,,1.332,,1.332
1786343946.881,S2,search,0,prior,0.0,,,,4.287,,4.287
1786343946.881,S3,recommend,1228,obs,0.9847,1.3496,3.115,30.1,1.0,3.115,3.115
1786343946.881,S3,reserve,610,obs,0.9821,1.7335,3.654,33.7,1.348,3.654,3.654
1786343946.881,S3,search,918,obs,0.9796,5.6405,9.17,38.1,4.019,9.17,9.17
1786343947.880,S1,recommend,0,prior,0.0,,,,1.24,,1.24
1786343947.880,S1,reserve,0,prior,0.0,,,,1.658,,1.658
1786343947.880,S1,search,0,prior,0.0,,,,6.899,,6.899
1786343947.880,S2,recommend,0,prior,0.0,,,,0.975,,0.975
1786343947.880,S2,reserve,0,prior,0.0,,,,1.332,,1.332
1786343947.880,S2,search,0,prior,0.0,,,,4.287,,4.287
1786343947.880,S3,recommend,1227,obs,0.9842,1.4139,3.485,31.0,1.0,3.485,3.485
1786343947.880,S3,reserve,616,obs,0.9846,1.8817,3.811,29.5,1.348,3.811,3.811
1786343947.880,S3,search,915,obs,0.9824,5.7453,11.265,32.4,4.019,11.265,11.265
1786343948.880,S1,recommend,0,prior,0.0,,,,1.24,,1.24
1786343948.880,S1,reserve,0,prior,0.0,,,,1.658,,1.658
1786343948.880,S1,search,0,prior,0.0,,,,6.899,,6.899
1786343948.880,S2,recommend,0,prior,0.0,,,,0.975,,0.975
1786343948.880,S2,reserve,0,prior,0.0,,,,1.332,,1.332
1786343948.880,S2,search,0,prior,0.0,,,,4.287,,4.287
1786343948.880,S3,recommend,1225,obs,0.9843,1.2844,2.632,30.9,1.0,2.632,2.632
1786343948.880,S3,reserve,614,obs,0.9843,1.7053,3.171,29.5,1.348,3.171,3.171
1786343948.880,S3,search,920,obs,0.9822,5.3035,8.38,32.3,4.019,8.38,8.38
1786343949.881,S1,recommend,0,prior,0.0,,,,1.24,,1.24
1786343949.881,S1,reserve,0,prior,0.0,,,,1.658,,1.658
1786343949.881,S1,search,0,prior,0.0,,,,6.899,,6.899
1786343949.881,S2,recommend,0,prior,0.0,,,,0.975,,0.975
1786343949.881,S2,reserve,0,prior,0.0,,,,1.332,,1.332
1786343949.881,S2,search,0,prior,0.0,,,,4.287,,4.287
1786343949.881,S3,recommend,1227,obs,0.9843,1.1741,2.475,30.9,1.0,2.475,2.475
1786343949.881,S3,reserve,613,obs,0.9843,1.5136,2.955,30.1,1.348,2.955,2.955
1786343949.881,S3,search,916,obs,0.9796,5.1184,7.786,38.1,4.019,7.786,7.786
1786343950.881,S1,recommend,0,prior,0.0,,,,1.24,,1.24
1786343950.881,S1,reserve,0,prior,0.0,,,,1.658,,1.658
1786343950.881,S1,search,0,prior,0.0,,,,6.899,,6.899
1786343950.881,S2,recommend,0,prior,0.0,,,,0.975,,0.975
1786343950.881,S2,reserve,0,prior,0.0,,,,1.332,,1.332
1786343950.881,S2,search,0,prior,0.0,,,,4.287,,4.287
1786343950.881,S3,recommend,1227,obs,0.9864,1.1452,2.254,26.7,1.0,2.254,2.254
1786343950.881,S3,reserve,614,obs,0.9846,1.5198,2.852,29.5,1.348,2.852,2.852
1786343950.881,S3,search,920,obs,0.9824,5.0864,7.589,32.3,4.019,7.589,7.589
1786343951.880,S1,recommend,0,prior,0.0,,,,1.24,,1.24
1786343951.880,S1,reserve,0,prior,0.0,,,,1.658,,1.658
1786343951.880,S1,search,0,prior,0.0,,,,6.899,,6.899
1786343951.880,S2,recommend,0,prior,0.0,,,,0.975,,0.975
1786343951.880,S2,reserve,0,prior,0.0,,,,1.332,,1.332
1786343951.880,S2,search,0,prior,0.0,,,,4.287,,4.287
1786343951.880,S3,recommend,1169,obs,0.9371,1.1528,2.253,125.2,1.0,2.253,2.253
1786343951.880,S3,reserve,580,obs,0.9353,1.5222,2.747,128.0,1.348,2.747,2.747
1786343951.880,S3,search,874,obs,0.9336,5.0946,7.595,130.1,4.019,7.595,7.595
1786343952.880,S1,recommend,0,prior,0.0,,,,1.24,,1.24
1786343952.880,S1,reserve,0,prior,0.0,,,,1.658,,1.658
1786343952.880,S1,search,0,prior,0.0,,,,6.899,,6.899
1786343952.880,S2,recommend,0,prior,0.0,,,,0.975,,0.975
1786343952.880,S2,reserve,0,prior,0.0,,,,1.332,,1.332
1786343952.880,S2,search,0,prior,0.0,,,,4.287,,4.287
1786343952.880,S3,recommend,1166,obs,0.9369,1.1503,2.247,124.4,1.0,2.247,2.247
1786343952.880,S3,reserve,586,obs,0.9352,1.516,2.747,128.1,1.348,2.747,2.747
1786343952.880,S3,search,873,obs,0.9361,5.0834,7.589,127.2,4.019,7.589,7.589
1786343953.880,S1,recommend,0,prior,0.0,,,,1.24,,1.24
1786343953.880,S1,reserve,0,prior,0.0,,,,1.658,,1.658
1786343953.880,S1,search,0,prior,0.0,,,,6.899,,6.899
1786343953.880,S2,recommend,0,prior,0.0,,,,0.975,,0.975
1786343953.880,S2,reserve,0,prior,0.0,,,,1.332,,1.332
1786343953.880,S2,search,0,prior,0.0,,,,4.287,,4.287
1786343953.880,S3,recommend,1169,obs,0.9369,1.1834,2.405,124.3,1.0,2.405,2.405
1786343953.880,S3,reserve,582,obs,0.9378,1.5781,3.098,122.9,1.348,3.098,3.098
1786343953.880,S3,search,876,obs,0.9361,5.1577,7.814,127.2,4.019,7.814,7.814
1786343954.880,S1,recommend,0,prior,0.0,,,,1.24,,1.24
1786343954.880,S1,reserve,0,prior,0.0,,,,1.658,,1.658
1786343954.880,S1,search,0,prior,0.0,,,,6.899,,6.899
1786343954.880,S2,recommend,0,prior,0.0,,,,0.975,,0.975
1786343954.880,S2,reserve,0,prior,0.0,,,,1.332,,1.332
1786343954.880,S2,search,0,prior,0.0,,,,4.287,,4.287
1786343954.880,S3,recommend,1170,obs,0.9364,1.1868,2.412,125.2,1.0,2.412,2.412
1786343954.880,S3,reserve,586,obs,0.9357,1.5525,3.098,123.7,1.348,3.098,3.098
1786343954.880,S3,search,872,obs,0.9361,5.121,7.76,126.6,4.019,7.76,7.76
1786343955.880,S1,recommend,0,prior,0.0,,,,1.24,,1.24
1786343955.880,S1,reserve,0,prior,0.0,,,,1.658,,1.658
1786343955.880,S1,search,0,prior,0.0,,,,6.899,,6.899
1786343955.880,S2,recommend,0,prior,0.0,,,,0.975,,0.975
1786343955.880,S2,reserve,0,prior,0.0,,,,1.332,,1.332
1786343955.880,S2,search,0,prior,0.0,,,,4.287,,4.287
1786343955.880,S3,recommend,1166,obs,0.9386,1.1708,2.385,120.9,1.0,2.385,2.385
1786343955.880,S3,reserve,586,obs,0.936,1.5619,2.973,123.7,1.348,2.973,2.973
1786343955.880,S3,search,878,obs,0.9383,5.1316,7.634,122.9,4.019,7.634,7.634
1786343956.880,S1,recommend,0,prior,0.0,,,,1.24,,1.24
1786343956.880,S1,reserve,0,prior,0.0,,,,1.658,,1.658
1786343956.880,S1,search,0,prior,0.0,,,,6.899,,6.899
1786343956.880,S2,recommend,0,prior,0.0,,,,0.975,,0.975
1786343956.880,S2,reserve,0,prior,0.0,,,,1.332,,1.332
1786343956.880,S2,search,0,prior,0.0,,,,4.287,,4.287
1786343956.880,S3,recommend,1175,obs,0.94,1.1616,2.452,118.6,1.0,2.452,2.452
1786343956.880,S3,reserve,582,obs,0.936,1.5408,2.874,123.7,1.348,2.874,2.874
1786343956.880,S3,search,875,obs,0.9386,5.1129,7.502,122.3,4.019,7.502,7.502
1786343957.881,S1,recommend,0,prior,0.0,,,,1.24,,1.24
1786343957.881,S1,reserve,0,prior,0.0,,,,1.658,,1.658
1786343957.881,S1,search,0,prior,0.0,,,,6.899,,6.899
1786343957.881,S2,recommend,0,prior,0.0,,,,0.975,,0.975
1786343957.881,S2,reserve,0,prior,0.0,,,,1.332,,1.332
1786343957.881,S2,search,0,prior,0.0,,,,4.287,,4.287
1786343957.881,S3,recommend,1167,obs,0.94,1.3116,2.986,118.6,1.0,2.986,2.986
1786343957.881,S3,reserve,588,obs,0.936,1.635,3.137,123.7,1.348,3.137,3.137
1786343957.881,S3,search,876,obs,0.9386,5.3788,7.962,122.4,4.019,7.962,7.962
1786343958.880,S1,recommend,0,prior,0.0,,,,1.24,,1.24
1786343958.880,S1,reserve,0,prior,0.0,,,,1.658,,1.658
1786343958.880,S1,search,0,prior,0.0,,,,6.899,,6.899
1786343958.880,S2,recommend,0,prior,0.0,,,,0.975,,0.975
1786343958.880,S2,reserve,0,prior,0.0,,,,1.332,,1.332
1786343958.880,S2,search,0,prior,0.0,,,,4.287,,4.287
1786343958.880,S3,recommend,1176,obs,0.9407,1.3685,3.214,116.6,1.0,3.214,3.214
1786343958.880,S3,reserve,582,obs,0.936,1.6829,3.285,123.8,1.348,3.285,3.285
1786343958.880,S3,search,877,obs,0.9386,5.5089,8.759,122.3,4.019,8.759,8.759
1786343959.880,S1,recommend,0,prior,0.0,,,,1.24,,1.24
1786343959.880,S1,reserve,0,prior,0.0,,,,1.658,,1.658
1786343959.880,S1,search,0,prior,0.0,,,,6.899,,6.899
1786343959.880,S2,recommend,0,prior,0.0,,,,0.975,,0.975
1786343959.880,S2,reserve,0,prior,0.0,,,,1.332,,1.332
1786343959.880,S2,search,0,prior,0.0,,,,4.287,,4.287
1786343959.880,S3,recommend,1170,obs,0.9402,1.1914,2.62,118.1,1.0,2.62,2.62
1786343959.880,S3,reserve,588,obs,0.936,1.5294,3.002,123.7,1.348,3.002,3.002
1786343959.880,S3,search,875,obs,0.9386,5.1904,7.931,122.4,4.019,7.931,7.931
1786343960.881,S1,recommend,0,prior,0.0,,,,1.24,,1.24
1786343960.881,S1,reserve,0,prior,0.0,,,,1.658,,1.658
1786343960.881,S1,search,0,prior,0.0,,,,6.899,,6.899
1786343960.881,S2,recommend,0,prior,0.0,,,,0.975,,0.975
1786343960.881,S2,reserve,0,prior,0.0,,,,1.332,,1.332
1786343960.881,S2,search,0,prior,0.0,,,,4.287,,4.287
1786343960.881,S3,recommend,1175,obs,0.941,1.1714,2.521,116.7,1.0,2.521,2.521
1786343960.881,S3,reserve,584,obs,0.9407,1.5011,2.925,115.2,1.348,2.925,2.925
1786343960.881,S3,search,881,obs,0.94,5.1882,7.735,119.5,4.019,7.735,7.735
1786343961.881,S1,recommend,0,prior,0.0,,,,1.24,,1.24
1786343961.881,S1,reserve,0,prior,0.0,,,,1.658,,1.658
1786343961.881,S1,search,0,prior,0.0,,,,6.899,,6.899
1786343961.881,S2,recommend,0,prior,0.0,,,,0.975,,0.975
1786343961.881,S2,reserve,0,prior,0.0,,,,1.332,,1.332
1786343961.881,S2,search,0,prior,0.0,,,,4.287,,4.287
1786343961.881,S3,recommend,1173,obs,0.9407,1.1571,2.352,117.2,1.0,2.352,2.352
1786343961.881,S3,reserve,589,obs,0.9404,1.4864,2.669,115.8,1.348,2.669,2.669
1786343961.881,S3,search,876,obs,0.9397,5.1282,7.684,119.5,4.019,7.684,7.684
1786343962.881,S1,recommend,0,prior,0.0,,,,1.24,,1.24
1786343962.881,S1,reserve,0,prior,0.0,,,,1.658,,1.658
1786343962.881,S1,search,0,prior,0.0,,,,6.899,,6.899
1786343962.881,S2,recommend,0,prior,0.0,,,,0.975,,0.975
1786343962.881,S2,reserve,0,prior,0.0,,,,1.332,,1.332
1786343962.881,S2,search,0,prior,0.0,,,,4.287,,4.287
1786343962.881,S3,recommend,1172,obs,0.9429,1.1427,2.252,112.9,1.0,2.252,2.252
1786343962.881,S3,reserve,587,obs,0.9407,1.5004,2.67,115.7,1.348,2.67,2.67
1786343962.881,S3,search,882,obs,0.9421,5.1038,7.472,115.2,4.019,7.472,7.472
1786343963.880,S1,recommend,0,prior,0.0,,,,1.24,,1.24
1786343963.880,S1,reserve,0,prior,0.0,,,,1.658,,1.658
1786343963.880,S1,search,0,prior,0.0,,,,6.899,,6.899
1786343963.880,S2,recommend,0,prior,0.0,,,,0.975,,0.975
1786343963.880,S2,reserve,0,prior,0.0,,,,1.332,,1.332
1786343963.880,S2,search,0,prior,0.0,,,,4.287,,4.287
1786343963.880,S3,recommend,1178,obs,0.9428,1.1383,2.239,112.9,1.0,2.239,2.239
1786343963.880,S3,reserve,586,obs,0.9429,1.5369,2.985,111.5,1.348,2.985,2.985
1786343963.880,S3,search,879,obs,0.9421,5.0597,7.414,115.2,4.019,7.414,7.414
1786343964.881,S1,recommend,0,prior,0.0,,,,1.24,,1.24
1786343964.881,S1,reserve,0,prior,0.0,,,,1.658,,1.658
1786343964.881,S1,search,0,prior,0.0,,,,6.899,,6.899
1786343964.881,S2,recommend,0,prior,0.0,,,,0.975,,0.975
1786343964.881,S2,reserve,0,prior,0.0,,,,1.332,,1.332
1786343964.881,S2,search,0,prior,0.0,,,,4.287,,4.287
1786343964.881,S3,recommend,1173,obs,0.9443,1.1553,2.339,109.5,1.0,2.339,2.339
1786343964.881,S3,reserve,590,obs,0.9403,1.5312,3.089,116.6,1.348,3.089,3.089
1786343964.881,S3,search,882,obs,0.9424,5.1063,7.966,115.2,4.019,7.966,7.966
1786343965.880,S1,recommend,0,prior,0.0,,,,1.24,,1.24
1786343965.880,S1,reserve,0,prior,0.0,,,,1.658,,1.658
1786343965.880,S1,search,0,prior,0.0,,,,6.899,,6.899
1786343965.880,S2,recommend,0,prior,0.0,,,,0.975,,0.975
1786343965.880,S2,reserve,0,prior,0.0,,,,1.332,,1.332
1786343965.880,S2,search,0,prior,0.0,,,,4.287,,4.287
1786343965.880,S3,recommend,1180,obs,0.9443,1.1607,2.39,109.5,1.0,2.39,2.39
1786343965.880,S3,reserve,586,obs,0.9445,1.4997,2.906,108.1,1.348,2.906,2.906
1786343965.880,S3,search,883,obs,0.9436,5.1503,7.865,112.3,4.019,7.865,7.865
1786343966.880,S1,recommend,0,prior,0.0,,,,1.24,,1.24
1786343966.880,S1,reserve,0,prior,0.0,,,,1.658,,1.658
1786343966.880,S1,search,0,prior,0.0,,,,6.899,,6.899
1786343966.880,S2,recommend,0,prior,0.0,,,,0.975,,0.975
1786343966.880,S2,reserve,0,prior,0.0,,,,1.332,,1.332
1786343966.880,S2,search,0,prior,0.0,,,,4.287,,4.287
1786343966.880,S3,recommend,1176,obs,0.9446,1.1641,2.469,109.5,1.0,2.469,2.469
1786343966.880,S3,reserve,592,obs,0.9443,1.5057,2.955,108.1,1.348,2.955,2.955
1786343966.880,S3,search,881,obs,0.9433,5.1274,7.677,112.3,4.019,7.677,7.677
1786343967.880,S1,recommend,0,prior,0.0,,,,1.24,,1.24
1786343967.880,S1,reserve,0,prior,0.0,,,,1.658,,1.658
1786343967.880,S1,search,0,prior,0.0,,,,6.899,,6.899
1786343967.880,S2,recommend,0,prior,0.0,,,,0.975,,0.975
1786343967.880,S2,reserve,0,prior,0.0,,,,1.332,,1.332
1786343967.880,S2,search,0,prior,0.0,,,,4.287,,4.287
1786343967.880,S3,recommend,1181,obs,0.9464,1.2232,2.552,105.8,1.0,2.552,2.552
1786343967.880,S3,reserve,586,obs,0.9446,1.6747,3.542,108.0,1.348,3.542,3.542
1786343967.880,S3,search,883,obs,0.9436,5.453,7.908,112.3,4.019,7.908,7.908
1786343968.880,S1,recommend,0,prior,0.0,,,,1.24,,1.24
1786343968.880,S1,reserve,0,prior,0.0,,,,1.658,,1.658
1786343968.880,S1,search,0,prior,0.0,,,,6.899,,6.899
1786343968.880,S2,recommend,0,prior,0.0,,,,0.975,,0.975
1786343968.880,S2,reserve,0,prior,0.0,,,,1.332,,1.332
1786343968.880,S2,search,0,prior,0.0,,,,4.287,,4.287
1786343968.880,S3,recommend,1178,obs,0.945,1.3774,3.372,109.5,1.0,3.372,3.372
1786343968.880,S3,reserve,591,obs,0.9446,1.8143,3.957,108.1,1.348,3.957,3.957
1786343968.880,S3,search,880,obs,0.9429,6.0188,12.824,112.3,4.019,12.824,12.824
1786343969.881,S1,recommend,0,prior,0.0,,,,1.24,,1.24
1786343969.881,S1,reserve,0,prior,0.0,,,,1.658,,1.658
1786343969.881,S1,search,0,prior,0.0,,,,6.899,,6.899
1786343969.881,S2,recommend,0,prior,0.0,,,,0.975,,0.975
1786343969.881,S2,reserve,0,prior,0.0,,,,1.332,,1.332
1786343969.881,S2,search,0,prior,0.0,,,,4.287,,4.287
1786343969.881,S3,recommend,1180,obs,0.9471,1.3239,3.049,105.2,1.0,3.049,3.049
1786343969.881,S3,reserve,589,obs,0.9467,1.6959,3.415,103.8,1.348,3.415,3.415
1786343969.881,S3,search,887,obs,0.9467,5.7207,9.839,106.6,4.019,9.839,9.839
1786343970.881,S1,recommend,0,prior,0.0,,,,1.24,,1.24
1786343970.881,S1,reserve,0,prior,0.0,,,,1.658,,1.658
1786343970.881,S1,search,0,prior,0.0,,,,6.899,,6.899
1786343970.881,S2,recommend,0,prior,0.0,,,,0.975,,0.975
1786343970.881,S2,reserve,0,prior,0.0,,,,1.332,,1.332
1786343970.881,S2,search,0,prior,0.0,,,,4.287,,4.287
1786343970.881,S3,recommend,1183,obs,0.9472,1.1784,2.403,105.2,1.0,2.403,2.403
1786343970.881,S3,reserve,590,obs,0.945,1.542,3.039,103.8,1.348,3.039,3.039
1786343970.881,S3,search,880,obs,0.9431,5.1836,8.13,112.4,4.019,8.13,8.13
1786343971.881,S1,recommend,0,prior,0.0,,,,1.24,,1.24
1786343971.881,S1,reserve,0,prior,0.0,,,,1.658,,1.658
1786343971.881,S1,search,0,prior,0.0,,,,6.899,,6.899
1786343971.881,S2,recommend,0,prior,0.0,,,,0.975,,0.975
1786343971.881,S2,reserve,0,prior,0.0,,,,1.332,,1.332
1786343971.881,S2,search,0,prior,0.0,,,,4.287,,4.287
1786343971.881,S3,recommend,1178,obs,0.949,1.1797,2.383,101.5,1.0,2.383,2.383
1786343971.881,S3,reserve,592,obs,0.945,1.532,2.851,104.3,1.348,2.851,2.851
1786343971.881,S3,search,886,obs,0.9467,5.2108,8.114,105.2,4.019,8.114,8.114
1786343972.880,S1,recommend,0,prior,0.0,,,,1.24,,1.24
1786343972.880,S1,reserve,0,prior,0.0,,,,1.658,,1.658
1786343972.880,S1,search,0,prior,0.0,,,,6.899,,6.899
1786343972.880,S2,recommend,0,prior,0.0,,,,0.975,,0.975
1786343972.880,S2,reserve,0,prior,0.0,,,,1.332,,1.332
1786343972.880,S2,search,0,prior,0.0,,,,4.287,,4.287
1786343972.880,S3,recommend,1185,obs,0.949,1.2035,2.667,101.5,1.0,2.667,2.667
1786343972.880,S3,reserve,588,obs,0.9467,1.5424,2.979,100.9,1.348,2.979,2.979
1786343972.880,S3,search,885,obs,0.9467,5.1553,7.873,105.2,4.019,7.873,7.873
1786343973.880,S1,recommend,0,prior,0.0,,,,1.24,,1.24
1786343973.880,S1,reserve,0,prior,0.0,,,,1.658,,1.658
1786343973.880,S1,search,0,prior,0.0,,,,6.899,,6.899
1786343973.880,S2,recommend,0,prior,0.0,,,,0.975,,0.975
1786343973.880,S2,reserve,0,prior,0.0,,,,1.332,,1.332
1786343973.880,S2,search,0,prior,0.0,,,,4.287,,4.287
1786343973.880,S3,recommend,1183,obs,0.951,1.2152,2.702,98.0,1.0,2.702,2.702
1786343973.880,S3,reserve,594,obs,0.9467,1.5769,3.124,100.9,1.348,3.124,3.124
1786343973.880,S3,search,885,obs,0.9478,5.1945,7.895,102.9,4.019,7.895,7.895
1786343974.881,S1,recommend,0,prior,0.0,,,,1.24,,1.24
1786343974.881,S1,reserve,0,prior,0.0,,,,1.658,,1.658
1786343974.881,S1,search,0,prior,0.0,,,,6.899,,6.899
1786343974.881,S2,recommend,0,prior,0.0,,,,0.975,,0.975
1786343974.881,S2,reserve,0,prior,0.0,,,,1.332,,1.332
1786343974.881,S2,search,0,prior,0.0,,,,4.287,,4.287
1786343974.881,S3,recommend,1188,obs,0.9511,1.1684,2.414,97.2,1.0,2.414,2.414
1786343974.881,S3,reserve,588,obs,0.9467,1.5695,3.047,100.9,1.348,3.047,3.047
1786343974.881,S3,search,888,obs,0.9493,5.1491,7.881,99.5,4.019,7.881,7.881
1786343975.880,S1,recommend,0,prior,0.0,,,,1.24,,1.24
1786343975.880,S1,reserve,0,prior,0.0,,,,1.658,,1.658
1786343975.880,S1,search,0,prior,0.0,,,,6.899,,6.899
1786343975.880,S2,recommend,0,prior,0.0,,,,0.975,,0.975
1786343975.880,S2,reserve,0,prior,0.0,,,,1.332,,1.332
1786343975.880,S2,search,0,prior,0.0,,,,4.287,,4.287
1786343975.880,S3,recommend,1183,obs,0.9507,1.187,2.484,98.0,1.0,2.484,2.484
1786343975.880,S3,reserve,596,obs,0.9488,1.595,3.122,96.6,1.348,3.122,3.122
1786343975.880,S3,search,884,obs,0.9467,5.2804,8.04,105.2,4.019,8.04,8.04
1786343976.881,S1,recommend,0,prior,0.0,,,,1.24,,1.24
1786343976.881,S1,reserve,0,prior,0.0,,,,1.658,,1.658
1786343976.881,S1,search,0,prior,0.0,,,,6.899,,6.899
1786343976.881,S2,recommend,0,prior,0.0,,,,0.975,,0.975
1786343976.881,S2,reserve,0,prior,0.0,,,,1.332,,1.332
1786343976.881,S2,search,0,prior,0.0,,,,4.287,,4.287
1786343976.881,S3,recommend,1184,obs,0.9514,1.1782,2.475,94.3,1.0,2.475,2.475
1786343976.881,S3,reserve,592,obs,0.9511,1.5754,3.146,96.6,1.348,3.146,3.146
1786343976.881,S3,search,890,obs,0.9496,5.198,7.893,99.4,4.019,7.893,7.893
1786343977.880,S1,recommend,0,prior,0.0,,,,1.24,,1.24
1786343977.880,S1,reserve,0,prior,0.0,,,,1.658,,1.658
1786343977.880,S1,search,0,prior,0.0,,,,6.899,,6.899
1786343977.880,S2,recommend,0,prior,0.0,,,,0.975,,0.975
1786343977.880,S2,reserve,0,prior,0.0,,,,1.332,,1.332
1786343977.880,S2,search,0,prior,0.0,,,,4.287,,4.287
1786343977.880,S3,recommend,1188,obs,0.9517,1.2414,2.756,93.8,1.0,2.756,2.756
1786343977.880,S3,reserve,594,obs,0.9512,1.7465,3.312,96.6,1.348,3.312,3.312
1786343977.880,S3,search,885,obs,0.9496,5.5117,8.394,99.5,4.019,8.394,8.394
1786343978.880,S1,recommend,0,prior,0.0,,,,1.24,,1.24
1786343978.880,S1,reserve,0,prior,0.0,,,,1.658,,1.658
1786343978.880,S1,search,0,prior,0.0,,,,6.899,,6.899
1786343978.880,S2,recommend,0,prior,0.0,,,,0.975,,0.975
1786343978.880,S2,reserve,0,prior,0.0,,,,1.332,,1.332
1786343978.880,S2,search,0,prior,0.0,,,,4.287,,4.287
1786343978.880,S3,recommend,1182,obs,0.9517,1.2963,2.893,93.7,1.0,2.893,2.893
1786343978.880,S3,reserve,595,obs,0.9514,1.7571,3.539,96.6,1.348,3.539,3.539
1786343978.880,S3,search,892,obs,0.9517,5.6256,8.808,95.2,4.019,8.808,8.808
1786343979.881,S1,recommend,0,prior,0.0,,,,1.24,,1.24
1786343979.881,S1,reserve,0,prior,0.0,,,,1.658,,1.658
1786343979.881,S1,search,0,prior,0.0,,,,6.899,,6.899
1786343979.881,S2,recommend,0,prior,0.0,,,,0.975,,0.975
1786343979.881,S2,reserve,0,prior,0.0,,,,1.332,,1.332
1786343979.881,S2,search,0,prior,0.0,,,,4.287,,4.287
1786343979.881,S3,recommend,1190,obs,0.9531,1.1972,2.557,90.9,1.0,2.557,2.557
1786343979.881,S3,reserve,591,obs,0.9514,1.5426,3.259,96.6,1.348,3.259,3.259
1786343979.881,S3,search,888,obs,0.9496,5.1462,8.033,99.5,4.019,8.033,8.033
1786343980.880,S1,recommend,0,prior,0.0,,,,1.24,,1.24
1786343980.880,S1,reserve,0,prior,0.0,,,,1.658,,1.658
1786343980.880,S1,search,0,prior,0.0,,,,6.899,,6.899
1786343980.880,S2,recommend,0,prior,0.0,,,,0.975,,0.975
1786343980.880,S2,reserve,0,prior,0.0,,,,1.332,,1.332
1786343980.880,S2,search,0,prior,0.0,,,,4.287,,4.287
1786343980.880,S3,recommend,1183,obs,0.9529,1.1976,2.512,91.4,1.0,2.512,2.512
1786343980.880,S3,reserve,597,obs,0.9514,1.5728,3.254,96.6,1.348,3.254,3.254
1786343980.880,S3,search,888,obs,0.9503,5.1465,7.996,98.0,4.019,7.996,7.996
1786343981.880,S1,recommend,0,prior,0.0,,,,1.24,,1.24
1786343981.880,S1,reserve,0,prior,0.0,,,,1.658,,1.658
1786343981.880,S1,search,0,prior,0.0,,,,6.899,,6.899
1786343981.880,S2,recommend,0,prior,0.0,,,,0.975,,0.975
1786343981.880,S2,reserve,0,prior,0.0,,,,1.332,,1.332
1786343981.880,S2,search,0,prior,0.0,,,,4.287,,4.287
1786343981.880,S3,recommend,1192,obs,0.9539,1.1809,2.381,89.4,1.0,2.381,2.381
1786343981.880,S3,reserve,594,obs,0.956,1.5928,3.186,88.0,1.348,3.186,3.186
1786343981.880,S3,search,892,obs,0.9531,5.178,7.996,92.3,4.019,7.996,7.996
1786343982.880,S1,recommend,0,prior,0.0,,,,1.24,,1.24
1786343982.880,S1,reserve,0,prior,0.0,,,,1.658,,1.658
1786343982.880,S1,search,0,prior,0.0,,,,6.899,,6.899
1786343982.880,S2,recommend,0,prior,0.0,,,,0.975,,0.975
1786343982.880,S2,reserve,0,prior,0.0,,,,1.332,,1.332
1786343982.880,S2,search,0,prior,0.0,,,,4.287,,4.287
1786343982.880,S3,recommend,1188,obs,0.9553,1.1651,2.418,86.6,1.0,2.418,2.418
1786343982.880,S3,reserve,599,obs,0.9554,1.578,3.186,88.6,1.348,3.186,3.186
1786343982.880,S3,search,890,obs,0.9529,5.1836,8.048,92.3,4.019,8.048,8.048
1786343983.881,S1,recommend,0,prior,0.0,,,,1.24,,1.24
1786343983.881,S1,reserve,0,prior,0.0,,,,1.658,,1.658
1786343983.881,S1,search,0,prior,0.0,,,,6.899,,6.899
1786343983.881,S2,recommend,0,prior,0.0,,,,0.975,,0.975
1786343983.881,S2,reserve,0,prior,0.0,,,,1.332,,1.332
1786343983.881,S2,search,0,prior,0.0,,,,4.287,,4.287
1786343983.881,S3,recommend,1190,obs,0.9553,1.1524,2.389,86.6,1.0,2.389,2.389
1786343983.881,S3,reserve,593,obs,0.9554,1.553,2.91,88.6,1.348,2.91,2.91
1786343983.881,S3,search,894,obs,0.9531,5.1624,7.919,92.3,4.019,7.919,7.919
1786343984.880,S1,recommend,0,prior,0.0,,,,1.24,,1.24
1786343984.880,S1,reserve,0,prior,0.0,,,,1.658,,1.658
1786343984.880,S1,search,0,prior,0.0,,,,6.899,,6.899
1786343984.880,S2,recommend,0,prior,0.0,,,,0.975,,0.975
1786343984.880,S2,reserve,0,prior,0.0,,,,1.332,,1.332
1786343984.880,S2,search,0,prior,0.0,,,,4.287,,4.287
1786343984.880,S3,recommend,1193,obs,0.9562,1.2024,2.464,85.7,1.0,2.464,2.464
1786343984.880,S3,reserve,595,obs,0.9531,1.5836,3.053,89.5,1.348,3.053,3.053
1786343984.880,S3,search,889,obs,0.9536,5.3546,8.262,92.3,4.019,8.262,8.262
1786343985.880,S1,recommend,0,prior,0.0,,,,1.24,,1.24
1786343985.880,S1,reserve,0,prior,0.0,,,,1.658,,1.658
1786343985.880,S1,search,0,prior,0.0,,,,6.899,,6.899
1786343985.880,S2,recommend,0,prior,0.0,,,,0.975,,0.975
1786343985.880,S2,reserve,0,prior,0.0,,,,1.332,,1.332
1786343985.880,S2,search,0,prior,0.0,,,,4.287,,4.287
1786343985.880,S3,recommend,1190,obs,0.9576,1.2319,2.61,82.9,1.0,2.61,2.61
1786343985.880,S3,reserve,596,obs,0.9532,1.6339,3.276,89.4,1.348,3.276,3.276
1786343985.880,S3,search,896,obs,0.9557,5.4692,8.641,88.0,4.019,8.641,8.641
1786343986.881,S1,recommend,0,prior,0.0,,,,1.24,,1.24
1786343986.881,S1,reserve,0,prior,0.0,,,,1.658,,1.658
1786343986.881,S1,search,0,prior,0.0,,,,6.899,,6.899
1786343986.881,S2,recommend,0,prior,0.0,,,,0.975,,0.975
1786343986.881,S2,reserve,0,prior,0.0,,,,1.332,,1.332
1786343986.881,S2,search,0,prior,0.0,,,,4.287,,4.287
1786343986.881,S3,recommend,1198,obs,0.9582,1.1715,2.513,82.3,1.0,2.513,2.513
1786343986.881,S3,reserve,592,obs,0.9529,1.5598,2.864,89.5,1.348,2.864,2.864
1786343986.881,S3,search,894,obs,0.956,5.2033,7.885,88.0,4.019,7.885,7.885
1786343987.880,S1,recommend,0,prior,0.0,,,,1.24,,1.24
1786343987.880,S1,reserve,0,prior,0.0,,,,1.658,,1.658
1786343987.880,S1,search,0,prior,0.0,,,,6.899,,6.899
1786343987.880,S2,recommend,0,prior,0.0,,,,0.975,,0.975
1786343987.880,S2,reserve,0,prior,0.0,,,,1.332,,1.332
1786343987.880,S2,search,0,prior,0.0,,,,4.287,,4.287
1786343987.880,S3,recommend,1192,obs,0.9581,1.2701,2.68,82.3,1.0,2.68,2.68
1786343987.880,S3,reserve,599,obs,0.9557,1.7024,2.948,81.5,1.348,2.948,2.948
1786343987.880,S3,search,895,obs,0.9554,5.5363,8.482,85.2,4.019,8.482,8.482
1786343988.880,S1,recommend,0,prior,0.0,,,,1.24,,1.24
1786343988.880,S1,reserve,0,prior,0.0,,,,1.658,,1.658
1786343988.880,S1,search,0,prior,0.0,,,,6.899,,6.899
1786343988.880,S2,recommend,0,prior,0.0,,,,0.975,,0.975
1786343988.880,S2,reserve,0,prior,0.0,,,,1.332,,1.332
1786343988.880,S2,search,0,prior,0.0,,,,4.287,,4.287
1786343988.880,S3,recommend,1198,obs,0.9581,1.2982,2.8,82.0,1.0,2.8,2.8
1786343988.880,S3,reserve,594,obs,0.956,1.7393,3.167,80.6,1.348,3.167,3.167
1786343988.880,S3,search,896,obs,0.9569,5.584,8.767,84.9,4.019,8.767,8.767
1786343989.881,S1,recommend,0,prior,0.0,,,,1.24,,1.24
1786343989.881,S1,reserve,0,prior,0.0,,,,1.658,,1.658
1786343989.881,S1,search,0,prior,0.0,,,,6.899,,6.899
1786343989.881,S2,recommend,0,prior,0.0,,,,0.975,,0.975
1786343989.881,S2,reserve,0,prior,0.0,,,,1.332,,1.332
1786343989.881,S2,search,0,prior,0.0,,,,4.287,,4.287
1786343989.881,S3,recommend,1196,obs,0.9603,1.2035,2.57,78.0,1.0,2.57,2.57
1786343989.881,S3,reserve,600,obs,0.956,1.5595,3.022,80.9,1.348,3.022,3.022
1786343989.881,S3,search,894,obs,0.9574,5.1878,8.069,85.2,4.019,8.069,8.069
1786343990.880,S1,recommend,0,prior,0.0,,,,1.24,,1.24
1786343990.880,S1,reserve,0,prior,0.0,,,,1.658,,1.658
1786343990.880,S1,search,0,prior,0.0,,,,6.899,,6.899
1786343990.880,S2,recommend,0,prior,0.0,,,,0.975,,0.975
1786343990.880,S2,reserve,0,prior,0.0,,,,1.332,,1.332
1786343990.880,S2,search,0,prior,0.0,,,,4.287,,4.287
1786343990.880,S3,recommend,1198,obs,0.96,1.1519,2.342,78.0,1.0,2.342,2.342
1786343990.880,S3,reserve,596,obs,0.9582,1.5319,3.083,76.5,1.348,3.083,3.083
1786343990.880,S3,search,898,obs,0.9569,5.1274,7.889,85.2,4.019,7.889,7.889
1786343991.881,S1,recommend,0,prior,0.0,,,,1.24,,1.24
1786343991.881,S1,reserve,0,prior,0.0,,,,1.658,,1.658
1786343991.881,S1,search,0,prior,0.0,,,,6.899,,6.899
1786343991.881,S2,recommend,0,prior,0.0,,,,0.975,,0.975
1786343991.881,S2,reserve,0,prior,0.0,,,,1.332,,1.332
1786343991.881,S2,search,0,prior,0.0,,,,4.287,,4.287
1786343991.881,S3,recommend,1198,obs,0.96,1.4648,3.303,78.0,1.0,3.303,3.303
1786343991.881,S3,reserve,599,obs,0.9578,1.916,4.079,77.2,1.348,4.079,4.079
1786343991.881,S3,search,895,obs,0.9597,5.8673,10.985,80.0,4.019,10.985,10.985
1786343992.880,S1,recommend,0,prior,0.0,,,,1.24,,1.24
1786343992.880,S1,reserve,0,prior,0.0,,,,1.658,,1.658
1786343992.880,S1,search,0,prior,0.0,,,,6.899,,6.899
1786343992.880,S2,recommend,0,prior,0.0,,,,0.975,,0.975
1786343992.880,S2,reserve,0,prior,0.0,,,,1.332,,1.332
1786343992.880,S2,search,0,prior,0.0,,,,4.287,,4.287
1786343992.880,S3,recommend,1196,obs,0.9617,1.5008,3.353,75.2,1.0,3.353,3.353
1786343992.880,S3,reserve,599,obs,0.9604,1.9297,4.369,77.2,1.348,4.369,4.369
1786343992.880,S3,search,899,obs,0.96,5.874,10.652,80.0,4.019,10.652,10.652
1786343993.881,S1,recommend,0,prior,0.0,,,,1.24,,1.24
1786343993.881,S1,reserve,0,prior,0.0,,,,1.658,,1.658
1786343993.881,S1,search,0,prior,0.0,,,,6.899,,6.899
1786343993.881,S2,recommend,0,prior,0.0,,,,0.975,,0.975
1786343993.881,S2,reserve,0,prior,0.0,,,,1.332,,1.332
1786343993.881,S2,search,0,prior,0.0,,,,4.287,,4.287
1786343993.881,S3,recommend,1202,obs,0.9622,1.2174,2.587,74.3,1.0,2.587,2.587
1786343993.881,S3,reserve,597,obs,0.9604,1.588,3.036,77.2,1.348,3.036,3.036
1786343993.881,S3,search,896,obs,0.9596,5.184,7.799,78.0,4.019,7.799,7.799
1786343994.881,S1,recommend,0,prior,0.0,,,,1.24,,1.24
1786343994.881,S1,reserve,0,prior,0.0,,,,1.658,,1.658
1786343994.881,S1,search,0,prior,0.0,,,,6.899,,6.899
1786343994.881,S2,recommend,0,prior,0.0,,,,0.975,,0.975
1786343994.881,S2,reserve,0,prior,0.0,,,,1.332,,1.332
1786343994.881,S2,search,0,prior,0.0,,,,4.287,,4.287
1786343994.881,S3,recommend,1196,obs,0.9628,1.2083,2.765,74.4,1.0,2.765,2.765
1786343994.881,S3,reserve,602,obs,0.9581,1.5819,3.036,82.3,1.348,3.036,3.036
1786343994.881,S3,search,898,obs,0.959,5.2106,8.188,78.0,4.019,8.188,8.188
1786343995.881,S1,recommend,0,prior,0.0,,,,1.24,,1.24
1786343995.881,S1,reserve,0,prior,0.0,,,,1.658,,1.658
1786343995.881,S1,search,0,prior,0.0,,,,6.899,,6.899
1786343995.881,S2,recommend,0,prior,0.0,,,,0.975,,0.975
1786343995.881,S2,reserve,0,prior,0.0,,,,1.332,,1.332
1786343995.881,S2,search,0,prior,0.0,,,,4.287,,4.287
1786343995.881,S3,recommend,1204,obs,0.9646,1.2107,2.597,70.9,1.0,2.597,2.597
1786343995.881,S3,reserve,598,obs,0.9624,1.5788,3.104,73.7,1.348,3.104,3.104
1786343995.881,S3,search,898,obs,0.9593,5.2163,8.192,78.0,4.019,8.192,8.192
1786343996.881,S1,recommend,0,prior,0.0,,,,1.24,,1.24
1786343996.881,S1,reserve,0,prior,0.0,,,,1.658,,1.658
1786343996.881,S1,search,0,prior,0.0,,,,6.899,,6.899
1786343996.881,S2,recommend,0,prior,0.0,,,,0.975,,0.975
1786343996.881,S2,reserve,0,prior,0.0,,,,1.332,,1.332
1786343996.881,S2,search,0,prior,0.0,,,,4.287,,4.287
1786343996.881,S3,recommend,1200,obs,0.9643,1.1915,2.538,70.9,1.0,2.538,2.538
1786343996.881,S3,reserve,604,obs,0.9624,1.574,3.061,73.7,1.348,3.061,3.061
1786343996.881,S3,search,896,obs,0.9596,5.1893,8.19,78.0,4.019,8.19,8.19
1786343997.880,S1,recommend,0,prior,0.0,,,,1.24,,1.24
1786343997.880,S1,reserve,0,prior,0.0,,,,1.658,,1.658
1786343997.880,S1,search,0,prior,0.0,,,,6.899,,6.899
1786343997.880,S2,recommend,0,prior,0.0,,,,0.975,,0.975
1786343997.880,S2,reserve,0,prior,0.0,,,,1.332,,1.332
1786343997.880,S2,search,0,prior,0.0,,,,4.287,,4.287
1786343997.880,S3,recommend,1201,obs,0.9643,1.2426,2.635,70.8,1.0,2.635,2.635
1786343997.880,S3,reserve,600,obs,0.9643,1.7148,3.321,69.4,1.348,3.321,3.321
1786343997.880,S3,search,902,obs,0.9624,5.5418,8.85,72.3,4.019,8.85,8.85
1786343998.880,S1,recommend,0,prior,0.0,,,,1.24,,1.24
1786343998.880,S1,reserve,0,prior,0.0,,,,1.658,,1.658
1786343998.880,S1,search,0,prior,0.0,,,,6.899,,6.899
1786343998.880,S2,recommend,0,prior,0.0,,,,0.975,,0.975
1786343998.880,S2,reserve,0,prior,0.0,,,,1.332,,1.332
1786343998.880,S2,search,0,prior,0.0,,,,4.287,,4.287
1786343998.880,S3,recommend,1203,obs,0.9661,1.2422,2.668,67.1,1.0,2.668,2.668
1786343998.880,S3,reserve,604,obs,0.9646,1.6967,3.339,69.5,1.348,3.339,3.339
1786343998.880,S3,search,898,obs,0.9624,5.4149,8.776,72.3,4.019,8.776,8.776
1786343999.881,S1,recommend,0,prior,0.0,,,,1.24,,1.24
1786343999.881,S1,reserve,0,prior,0.0,,,,1.658,,1.658
1786343999.881,S1,search,0,prior,0.0,,,,6.899,,6.899
1786343999.881,S2,recommend,0,prior,0.0,,,,0.975,,0.975
1786343999.881,S2,reserve,0,prior,0.0,,,,1.332,,1.332
1786343999.881,S2,search,0,prior,0.0,,,,4.287,,4.287
1786343999.881,S3,recommend,1200,obs,0.9661,1.185,2.373,67.2,1.0,2.373,2.373
1786343999.881,S3,reserve,602,obs,0.9643,1.5728,2.965,69.4,1.348,2.965,2.965
1786343999.881,S3,search,901,obs,0.9619,5.1028,7.738,72.8,4.019,7.738,7.738
1786344000.880,S1,recommend,0,prior,0.0,,,,1.24,,1.24
1786344000.880,S1,reserve,0,prior,0.0,,,,1.658,,1.658
1786344000.880,S1,search,0,prior,0.0,,,,6.899,,6.899
1786344000.880,S2,recommend,0,prior,0.0,,,,0.975,,0.975
1786344000.880,S2,reserve,0,prior,0.0,,,,1.332,,1.332
1786344000.880,S2,search,0,prior,0.0,,,,4.287,,4.287
1786344000.880,S3,recommend,1204,obs,0.965,1.1629,2.417,66.6,1.0,2.417,2.417
1786344000.880,S3,reserve,602,obs,0.9647,1.5121,2.873,69.4,1.348,2.873,2.873
1786344000.880,S3,search,899,obs,0.9624,5.0756,7.599,72.3,4.019,7.599,7.599
1786344001.880,S1,recommend,0,prior,0.0,,,,1.24,,1.24
1786344001.880,S1,reserve,0,prior,0.0,,,,1.658,,1.658
1786344001.880,S1,search,0,prior,0.0,,,,6.899,,6.899
1786344001.880,S2,recommend,0,prior,0.0,,,,0.975,,0.975
1786344001.880,S2,reserve,0,prior,0.0,,,,1.332,,1.332
1786344001.880,S2,search,0,prior,0.0,,,,4.287,,4.287
1786344001.880,S3,recommend,1199,obs,0.9648,1.1638,2.533,66.6,1.0,2.533,2.533
1786344001.880,S3,reserve,604,obs,0.9647,1.5313,2.851,70.0,1.348,2.851,2.851
1786344001.880,S3,search,902,obs,0.9635,5.1549,7.764,70.9,4.019,7.764,7.764
1786344002.880,S1,recommend,0,prior,0.0,,,,1.24,,1.24
1786344002.880,S1,reserve,0,prior,0.0,,,,1.658,,1.658
1786344002.880,S1,search,0,prior,0.0,,,,6.899,,6.899
1786344002.880,S2,recommend,0,prior,0.0,,,,0.975,,0.975
1786344002.880,S2,reserve,0,prior,0.0,,,,1.332,,1.332
1786344002.880,S2,search,0,prior,0.0,,,,4.287,,4.287
1786344002.880,S3,recommend,1206,obs,0.9646,1.167,2.434,67.1,1.0,2.434,2.434
1786344002.880,S3,reserve,599,obs,0.9664,1.5293,2.813,66.6,1.348,2.813,2.813
1786344002.880,S3,search,902,obs,0.965,5.2266,7.804,68.6,4.019,7.804,7.804
1786344003.881,S1,recommend,0,prior,0.0,,,,1.24,,1.24
1786344003.881,S1,reserve,0,prior,0.0,,,,1.658,,1.658
1786344003.881,S1,search,0,prior,0.0,,,,6.899,,6.899
1786344003.881,S2,recommend,0,prior,0.0,,,,0.975,,0.975
1786344003.881,S2,reserve,0,prior,0.0,,,,1.332,,1.332
1786344003.881,S2,search,0,prior,0.0,,,,4.287,,4.287
1786344003.881,S3,recommend,1204,obs,0.9672,1.1916,2.487,62.8,1.0,2.487,2.487
1786344003.881,S3,reserve,606,obs,0.9667,1.5235,2.845,66.6,1.348,2.845,2.845
1786344003.881,S3,search,901,obs,0.965,5.1843,7.664,68.6,4.019,7.664,7.664
1786344004.880,S1,recommend,0,prior,0.0,,,,1.24,,1.24
1786344004.880,S1,reserve,0,prior,0.0,,,,1.658,,1.658
1786344004.880,S1,search,0,prior,0.0,,,,6.899,,6.899
1786344004.880,S2,recommend,0,prior,0.0,,,,0.975,,0.975
1786344004.880,S2,reserve,0,prior,0.0,,,,1.332,,1.332
1786344004.880,S2,search,0,prior,0.0,,,,4.287,,4.287
1786344004.880,S3,recommend,1207,obs,0.9669,1.2467,2.707,62.9,1.0,2.707,2.707
1786344004.880,S3,reserve,600,obs,0.9686,1.653,3.218,62.3,1.348,3.218,3.218
1786344004.880,S3,search,904,obs,0.9636,5.3725,8.373,70.8,4.019,8.373,8.373
1786344005.880,S1,recommend,0,prior,0.0,,,,1.24,,1.24
1786344005.880,S1,reserve,0,prior,0.0,,,,1.658,,1.658
1786344005.880,S1,search,0,prior,0.0,,,,6.899,,6.899
1786344005.880,S2,recommend,0,prior,0.0,,,,0.975,,0.975
1786344005.880,S2,reserve,0,prior,0.0,,,,1.332,,1.332
1786344005.880,S2,search,0,prior,0.0,,,,4.287,,4.287
1786344005.880,S3,recommend,1207,obs,0.9686,1.213,2.475,60.0,1.0,2.475,2.475
1786344005.880,S3,reserve,606,obs,0.9686,1.6587,3.491,62.3,1.348,3.491,3.491
1786344005.880,S3,search,902,obs,0.9667,5.3379,8.257,65.1,4.019,8.257,8.257
1786344006.881,S1,recommend,0,prior,0.0,,,,1.24,,1.24
1786344006.881,S1,reserve,0,prior,0.0,,,,1.658,,1.658
1786344006.881,S1,search,0,prior,0.0,,,,6.899,,6.899
1786344006.881,S2,recommend,0,prior,0.0,,,,0.975,,0.975
1786344006.881,S2,reserve,0,prior,0.0,,,,1.332,,1.332
1786344006.881,S2,search,0,prior,0.0,,,,4.287,,4.287
1786344006.881,S3,recommend,1205,obs,0.9683,1.1609,2.374,60.0,1.0,2.374,2.374
1786344006.881,S3,reserve,603,obs,0.9683,1.5667,2.946,62.3,1.348,2.946,2.946
1786344006.881,S3,search,906,obs,0.9665,5.1435,7.651,65.1,4.019,7.651,7.651
1786344007.880,S1,recommend,0,prior,0.0,,,,1.24,,1.24
1786344007.880,S1,reserve,0,prior,0.0,,,,1.658,,1.658
1786344007.880,S1,search,0,prior,0.0,,,,6.899,,6.899
1786344007.880,S2,recommend,0,prior,0.0,,,,0.975,,0.975
1786344007.880,S2,reserve,0,prior,0.0,,,,1.332,,1.332
1786344007.880,S2,search,0,prior,0.0,,,,4.287,,4.287
1786344007.880,S3,recommend,1210,obs,0.9686,1.2764,2.64,59.4,1.0,2.64,2.64
1786344007.880,S3,reserve,604,obs,0.9688,1.7206,3.469,62.3,1.348,3.469,3.469
1786344007.880,S3,search,902,obs,0.9667,5.5101,8.554,65.2,4.019,8.554,8.554
1786344008.880,S1,recommend,0,prior,0.0,,,,1.24,,1.24
1786344008.880,S1,reserve,0,prior,0.0,,,,1.658,,1.658
1786344008.880,S1,search,0,prior,0.0,,,,6.899,,6.899
1786344008.880,S2,recommend,0,prior,0.0,,,,0.975,,0.975
1786344008.880,S2,reserve,0,prior,0.0,,,,1.332,,1.332
1786344008.880,S2,search,0,prior,0.0,,,,4.287,,4.287
1786344008.880,S3,recommend,1205,obs,0.97,1.2995,2.697,59.4,1.0,2.697,2.697
1786344008.880,S3,reserve,606,obs,0.9685,1.6934,3.516,62.2,1.348,3.516,3.516
1786344008.880,S3,search,905,obs,0.9664,5.5052,8.573,65.1,4.019,8.573,8.573
1786344009.880,S1,recommend,0,prior,0.0,,,,1.24,,1.24
1786344009.880,S1,reserve,0,prior,0.0,,,,1.658,,1.658
1786344009.880,S1,search,0,prior,0.0,,,,6.899,,6.899
1786344009.880,S2,recommend,0,prior,0.0,,,,0.975,,0.975
1786344009.880,S2,reserve,0,prior,0.0,,,,1.332,,1.332
1786344009.880,S2,search,0,prior,0.0,,,,4.287,,4.287
1786344009.880,S3,recommend,1213,obs,0.9715,1.1414,2.333,56.5,1.0,2.333,2.333
1786344009.880,S3,reserve,602,obs,0.9689,1.4995,2.747,62.3,1.348,2.747,2.747
1786344009.880,S3,search,905,obs,0.9688,5.0656,7.632,60.9,4.019,7.632,7.632
1786344010.880,S1,recommend,0,prior,0.0,,,,1.24,,1.24
1786344010.880,S1,reserve,0,prior,0.0,,,,1.658,,1.658
1786344010.880,S1,search,0,prior,0.0,,,,6.899,,6.899
1786344010.880,S2,recommend,0,prior,0.0,,,,0.975,,0.975
1786344010.880,S2,reserve,0,prior,0.0,,,,1.332,,1.332
1786344010.880,S2,search,0,prior,0.0,,,,4.287,,4.287
1786344010.880,S3,recommend,1210,obs,0.9722,1.1377,2.33,55.1,1.0,2.33,2.33
1786344010.880,S3,reserve,608,obs,0.9674,1.5336,2.899,62.3,1.348,2.899,2.899
1786344010.880,S3,search,904,obs,0.9674,5.0799,7.478,60.9,4.019,7.478,7.478
1786344011.881,S1,recommend,0,prior,0.0,,,,1.24,,1.24
1786344011.881,S1,reserve,0,prior,0.0,,,,1.658,,1.658
1786344011.881,S1,search,0,prior,0.0,,,,6.899,,6.899
1786344011.881,S2,recommend,0,prior,0.0,,,,0.975,,0.975
1786344011.881,S2,reserve,0,prior,0.0,,,,1.332,,1.332
1786344011.881,S2,search,0,prior,0.0,,,,4.287,,4.287
1786344011.881,S3,recommend,1214,obs,0.9724,1.1571,2.42,55.2,1.0,2.42,2.42
1786344011.881,S3,reserve,604,obs,0.9717,1.5515,3.028,53.7,1.348,3.028,3.028
1786344011.881,S3,search,908,obs,0.9689,5.1391,7.418,58.0,4.019,7.418,7.418
1786344012.880,S1,recommend,0,prior,0.0,,,,1.24,,1.24
1786344012.880,S1,reserve,0,prior,0.0,,,,1.658,,1.658
1786344012.880,S1,search,0,prior,0.0,,,,6.899,,6.899
1786344012.880,S2,recommend,0,prior,0.0,,,,0.975,,0.975
1786344012.880,S2,reserve,0,prior,0.0,,,,1.332,,1.332
1786344012.880,S2,search,0,prior,0.0,,,,4.287,,4.287
1786344012.880,S3,recommend,1213,obs,0.9736,1.1505,2.462,52.3,1.0,2.462,2.462
1786344012.880,S3,reserve,608,obs,0.9714,1.5425,2.934,54.3,1.348,2.934,2.934
1786344012.880,S3,search,904,obs,0.9688,5.1225,7.692,58.0,4.019,7.692,7.692
1786344013.880,S1,recommend,0,prior,0.0,,,,1.24,,1.24
1786344013.880,S1,reserve,0,prior,0.0,,,,1.658,,1.658
1786344013.880,S1,search,0,prior,0.0,,,,6.899,,6.899
1786344013.880,S2,recommend,0,prior,0.0,,,,0.975,,0.975
1786344013.880,S2,reserve,0,prior,0.0,,,,1.332,,1.332
1786344013.880,S2,search,0,prior,0.0,,,,4.287,,4.287
1786344013.880,S3,recommend,1213,obs,0.9743,1.1959,2.493,51.4,1.0,2.493,2.493
1786344013.880,S3,reserve,606,obs,0.971,1.5795,3.115,54.2,1.348,3.115,3.115
1786344013.880,S3,search,908,obs,0.9688,5.1301,7.76,58.0,4.019,7.76,7.76
1786344014.880,S1,recommend,0,prior,0.0,,,,1.24,,1.24
1786344014.880,S1,reserve,0,prior,0.0,,,,1.658,,1.658
1786344014.880,S1,search,0,prior,0.0,,,,6.899,,6.899
1786344014.880,S2,recommend,0,prior,0.0,,,,0.975,,0.975
1786344014.880,S2,reserve,0,prior,0.0,,,,1.332,,1.332
1786344014.880,S2,search,0,prior,0.0,,,,4.287,,4.287
1786344014.880,S3,recommend,1216,obs,0.9735,1.3853,3.131,51.4,1.0,3.131,3.131
1786344014.880,S3,reserve,606,obs,0.971,1.7876,4.06,55.1,1.348,4.06,4.06
1786344014.880,S3,search,906,obs,0.971,5.8028,9.567,53.7,4.019,9.567,9.567
1786344015.880,S1,recommend,0,prior,0.0,,,,1.24,,1.24
1786344015.880,S1,reserve,0,prior,0.0,,,,1.658,,1.658
1786344015.880,S1,search,0,prior,0.0,,,,6.899,,6.899
1786344015.880,S2,recommend,0,prior,0.0,,,,0.975,,0.975
1786344015.880,S2,reserve,0,prior,0.0,,,,1.332,,1.332
1786344015.880,S2,search,0,prior,0.0,,,,4.287,,4.287
1786344015.880,S3,recommend,1213,obs,0.9757,1.445,3.256,48.6,1.0,3.256,3.256
1786344015.880,S3,reserve,608,obs,0.9707,1.8345,3.971,55.1,1.348,3.971,3.971
1786344015.880,S3,search,910,obs,0.971,5.9405,10.009,53.7,4.019,10.009,10.009
1786344016.881,S1,recommend,0,prior,0.0,,,,1.24,,1.24
1786344016.881,S1,reserve,0,prior,0.0,,,,1.658,,1.658
1786344016.881,S1,search,0,prior,0.0,,,,6.899,,6.899
1786344016.881,S2,recommend,0,prior,0.0,,,,0.975,,0.975
1786344016.881,S2,reserve,0,prior,0.0,,,,1.332,,1.332
1786344016.881,S2,search,0,prior,0.0,,,,4.287,,4.287
1786344016.881,S3,recommend,1220,obs,0.9757,1.2051,2.471,48.0,1.0,2.471,2.471
1786344016.881,S3,reserve,604,obs,0.9714,1.5554,2.893,55.1,1.348,2.893,2.893
1786344016.881,S3,search,909,obs,0.9726,5.1452,7.658,51.4,4.019,7.658,7.658
1786344017.880,S1,recommend,0,prior,0.0,,,,1.24,,1.24
1786344017.880,S1,reserve,0,prior,0.0,,,,1.658,,1.658
1786344017.880,S1,search,0,prior,0.0,,,,6.899,,6.899
1786344017.880,S2,recommend,0,prior,0.0,,,,0.975,,0.975
1786344017.880,S2,reserve,0,prior,0.0,,,,1.332,,1.332
1786344017.880,S2,search,0,prior,0.0,,,,4.287,,4.287
1786344017.880,S3,recommend,1214,obs,0.976,1.2517,2.515,48.0,1.0,2.515,2.515
1786344017.880,S3,reserve,612,obs,0.9757,1.6941,3.043,46.6,1.348,3.043,3.043
1786344017.880,S3,search,910,obs,0.9721,5.6905,8.326,50.8,4.019,8.326,8.326
1786344018.881,S1,recommend,0,prior,0.0,,,,1.24,,1.24
1786344018.881,S1,reserve,0,prior,0.0,,,,1.658,,1.658
1786344018.881,S1,search,0,prior,0.0,,,,6.899,,6.899
1786344018.881,S2,recommend,0,prior,0.0,,,,0.975,,0.975
1786344018.881,S2,reserve,0,prior,0.0,,,,1.332,,1.332
1786344018.881,S2,search,0,prior,0.0,,,,4.287,,4.287
1786344018.881,S3,recommend,1219,obs,0.9779,1.2428,2.602,44.3,1.0,2.602,2.602
1786344018.881,S3,reserve,606,obs,0.976,1.727,3.293,46.6,1.348,3.293,3.293
1786344018.881,S3,search,912,obs,0.9731,5.6725,8.16,50.8,4.019,8.16,8.16
1786344019.881,S1,recommend,0,prior,0.0,,,,1.24,,1.24
1786344019.881,S1,reserve,0,prior,0.0,,,,1.658,,1.658
1786344019.881,S1,search,0,prior,0.0,,,,6.899,,6.899
1786344019.881,S2,recommend,0,prior,0.0,,,,0.975,,0.975
1786344019.881,S2,reserve,0,prior,0.0,,,,1.332,,1.332
1786344019.881,S2,search,0,prior,0.0,,,,4.287,,4.287
1786344019.881,S3,recommend,1220,obs,0.9781,1.1426,2.356,43.7,1.0,2.356,2.356
1786344019.881,S3,reserve,610,obs,0.976,1.53,2.937,46.5,1.348,2.937,2.937
1786344019.881,S3,search,909,obs,0.9757,5.0184,7.297,45.7,4.019,7.297,7.297
1786344020.881,S1,recommend,0,prior,0.0,,,,1.24,,1.24
1786344020.881,S1,reserve,0,prior,0.0,,,,1.658,,1.658
1786344020.881,S1,search,0,prior,0.0,,,,6.899,,6.899
1786344020.881,S2,recommend,0,prior,0.0,,,,0.975,,0.975
1786344020.881,S2,reserve,0,prior,0.0,,,,1.332,,1.332
1786344020.881,S2,search,0,prior,0.0,,,,4.287,,4.287
1786344020.881,S3,recommend,1218,obs,0.9781,1.1564,2.346,43.7,1.0,2.346,2.346
1786344020.881,S3,reserve,610,obs,0.9778,1.5611,2.997,42.3,1.348,2.997,2.997
1786344020.881,S3,search,914,obs,0.976,5.1086,7.398,45.1,4.019,7.398,7.398
1786344021.881,S1,recommend,0,prior,0.0,,,,1.24,,1.24
1786344021.881,S1,reserve,0,prior,0.0,,,,1.658,,1.658
1786344021.881,S1,search,0,prior,0.0,,,,6.899,,6.899
1786344021.881,S2,recommend,0,prior,0.0,,,,0.975,,0.975
1786344021.881,S2,reserve,0,prior,0.0,,,,1.332,,1.332
1786344021.881,S2,search,0,prior,0.0,,,,4.287,,4.287
1786344021.881,S3,recommend,1220,obs,0.9781,1.1545,2.385,43.7,1.0,2.385,2.385
1786344021.881,S3,reserve,610,obs,0.9776,1.5532,2.937,42.2,1.348,2.937,2.937
1786344021.881,S3,search,912,obs,0.976,5.1463,7.599,45.1,4.019,7.599,7.599
1786344022.881,S1,recommend,0,prior,0.0,,,,1.24,,1.24
1786344022.881,S1,reserve,0,prior,0.0,,,,1.658,,1.658
1786344022.881,S1,search,0,prior,0.0,,,,6.899,,6.899
1786344022.881,S2,recommend,0,prior,0.0,,,,0.975,,0.975
1786344022.881,S2,reserve,0,prior,0.0,,,,1.332,,1.332
1786344022.881,S2,search,0,prior,0.0,,,,4.287,,4.287
1786344022.881,S3,recommend,1219,obs,0.98,1.1502,2.361,40.0,1.0,2.361,2.361
1786344022.881,S3,reserve,610,obs,0.9779,1.5308,2.909,42.8,1.348,2.909,2.909
1786344022.881,S3,search,915,obs,0.9764,5.0587,7.387,43.7,4.019,7.387,7.387
1786344023.881,S1,recommend,0,prior,0.0,,,,1.24,,1.24
1786344023.881,S1,reserve,0,prior,0.0,,,,1.658,,1.658
1786344023.881,S1,search,0,prior,0.0,,,,6.899,,6.899
1786344023.881,S2,recommend,0,prior,0.0,,,,0.975,,0.975
1786344023.881,S2,reserve,0,prior,0.0,,,,1.332,,1.332
1786344023.881,S2,search,0,prior,0.0,,,,4.287,,4.287
1786344023.881,S3,recommend,1223,obs,0.98,1.1503,2.306,40.0,1.0,2.306,2.306
1786344023.881,S3,reserve,608,obs,0.9779,1.529,2.879,42.8,1.348,2.879,2.879
1786344023.881,S3,search,913,obs,0.9767,5.0141,7.257,43.7,4.019,7.257,7.257
1786344024.881,S1,recommend,0,prior,0.0,,,,1.24,,1.24
1786344024.881,S1,reserve,0,prior,0.0,,,,1.658,,1.658
1786344024.881,S1,search,0,prior,0.0,,,,6.899,,6.899
1786344024.881,S2,recommend,0,prior,0.0,,,,0.975,,0.975
1786344024.881,S2,reserve,0,prior,0.0,,,,1.332,,1.332
1786344024.881,S2,search,0,prior,0.0,,,,4.287,,4.287
1786344024.881,S3,recommend,1218,obs,0.98,1.1368,2.253,40.0,1.0,2.253,2.253
1786344024.881,S3,reserve,613,obs,0.9795,1.4671,2.631,39.4,1.348,2.631,2.631
1786344024.881,S3,search,914,obs,0.9764,5.0101,7.367,43.7,4.019,7.367,7.367
1786344025.880,S1,recommend,0,prior,0.0,,,,1.24,,1.24
1786344025.880,S1,reserve,0,prior,0.0,,,,1.658,,1.658
1786344025.880,S1,search,0,prior,0.0,,,,6.899,,6.899
1786344025.880,S2,recommend,0,prior,0.0,,,,0.975,,0.975
1786344025.880,S2,reserve,0,prior,0.0,,,,1.332,,1.332
1786344025.880,S2,search,0,prior,0.0,,,,4.287,,4.287
1786344025.880,S3,recommend,1225,obs,0.9817,1.1496,2.269,36.5,1.0,2.269,2.269
1786344025.880,S3,reserve,608,obs,0.9796,1.5032,2.663,39.4,1.348,2.663,2.663
1786344025.880,S3,search,916,obs,0.9776,5.0634,7.633,43.7,4.019,7.633,7.633
1786344026.881,S1,recommend,0,prior,0.0,,,,1.24,,1.24
1786344026.881,S1,reserve,0,prior,0.0,,,,1.658,,1.658
1786344026.881,S1,search,0,prior,0.0,,,,6.899,,6.899
1786344026.881,S2,recommend,0,prior,0.0,,,,0.975,,0.975
1786344026.881,S2,reserve,0,prior,0.0,,,,1.332,,1.332
1786344026.881,S2,search,0,prior,0.0,,,,4.287,,4.287
1786344026.881,S3,recommend,1224,obs,0.981,1.1649,2.484,36.5,1.0,2.484,2.484
1786344026.881,S3,reserve,614,obs,0.98,1.5419,2.899,35.1,1.348,2.899,2.899
1786344026.881,S3,search,914,obs,0.981,5.0776,7.463,38.0,4.019,7.463,7.463
1786344027.881,S1,recommend,0,prior,0.0,,,,1.24,,1.24
1786344027.881,S1,reserve,0,prior,0.0,,,,1.658,,1.658
1786344027.881,S1,search,0,prior,0.0,,,,6.899,,6.899
1786344027.881,S2,recommend,0,prior,0.0,,,,0.975,,0.975
1786344027.881,S2,reserve,0,prior,0.0,,,,1.332,,1.332
1786344027.881,S2,search,0,prior,0.0,,,,4.287,,4.287
1786344027.881,S3,recommend,1222,obs,0.981,1.3279,2.986,36.5,1.0,2.986,2.986
1786344027.881,S3,reserve,612,obs,0.9803,1.7262,3.639,35.0,1.348,3.639,3.639
1786344027.881,S3,search,917,obs,0.9807,5.4298,8.202,38.0,4.019,8.202,8.202
1786344028.881,S1,recommend,0,prior,0.0,,,,1.24,,1.24
1786344028.881,S1,reserve,0,prior,0.0,,,,1.658,,1.658
1786344028.881,S1,search,0,prior,0.0,,,,6.899,,6.899
1786344028.881,S2,recommend,0,prior,0.0,,,,0.975,,0.975
1786344028.881,S2,reserve,0,prior,0.0,,,,1.332,,1.332
1786344028.881,S2,search,0,prior,0.0,,,,4.287,,4.287
1786344028.881,S3,recommend,1224,obs,0.981,1.3433,3.037,36.6,1.0,3.037,3.037
1786344028.881,S3,reserve,612,obs,0.9803,1.7329,3.744,35.1,1.348,3.744,3.744
1786344028.881,S3,search,916,obs,0.981,5.457,8.326,38.0,4.019,8.326,8.326
1786344029.881,S1,recommend,0,prior,0.0,,,,1.24,,1.24
1786344029.881,S1,reserve,0,prior,0.0,,,,1.658,,1.658
1786344029.881,S1,search,0,prior,0.0,,,,6.899,,6.899
1786344029.881,S2,recommend,0,prior,0.0,,,,0.975,,0.975
1786344029.881,S2,reserve,0,prior,0.0,,,,1.332,,1.332
1786344029.881,S2,search,0,prior,0.0,,,,4.287,,4.287
1786344029.881,S3,recommend,1223,obs,0.9829,1.2146,2.621,32.8,1.0,2.621,2.621
1786344029.881,S3,reserve,612,obs,0.98,1.5114,2.933,35.1,1.348,2.933,2.933
1786344029.881,S3,search,918,obs,0.981,5.1311,7.719,38.0,4.019,7.719,7.719
1786344030.881,S1,recommend,0,prior,0.0,,,,1.24,,1.24
1786344030.881,S1,reserve,0,prior,0.0,,,,1.658,,1.658
1786344030.881,S1,search,0,prior,0.0,,,,6.899,,6.899
1786344030.881,S2,recommend,0,prior,0.0,,,,0.975,,0.975
1786344030.881,S2,reserve,0,prior,0.0,,,,1.332,,1.332
1786344030.881,S2,search,0,prior,0.0,,,,4.287,,4.287
1786344030.881,S3,recommend,1226,obs,0.9826,1.1818,2.474,32.3,1.0,2.474,2.474
1786344030.881,S3,reserve,612,obs,0.9803,1.503,2.717,35.1,1.348,2.717,2.717
1786344030.881,S3,search,917,obs,0.9829,5.1123,7.608,34.3,4.019,7.608,7.608
1786344031.881,S1,recommend,0,prior,0.0,,,,1.24,,1.24
1786344031.881,S1,reserve,0,prior,0.0,,,,1.658,,1.658
1786344031.881,S1,search,0,prior,0.0,,,,6.899,,6.899
1786344031.881,S2,recommend,0,prior,0.0,,,,0.975,,0.975
1786344031.881,S2,reserve,0,prior,0.0,,,,1.332,,1.332
1786344031.881,S2,search,0,prior,0.0,,,,4.287,,4.287
1786344031.881,S3,recommend,1222,obs,0.9829,1.1521,2.389,32.3,1.0,2.389,2.389
1786344031.881,S3,reserve,614,obs,0.98,1.5007,2.838,35.7,1.348,2.838,2.838
1786344031.881,S3,search,917,obs,0.9817,5.0829,7.735,36.5,4.019,7.735,7.735
1786344032.881,S1,recommend,0,prior,0.0,,,,1.24,,1.24
1786344032.881,S1,reserve,0,prior,0.0,,,,1.658,,1.658
1786344032.881,S1,search,0,prior,0.0,,,,6.899,,6.899
1786344032.881,S2,recommend,0,prior,0.0,,,,0.975,,0.975
1786344032.881,S2,reserve,0,prior,0.0,,,,1.332,,1.332
1786344032.881,S2,search,0,prior,0.0,,,,4.287,,4.287
1786344032.881,S3,recommend,1230,obs,0.9846,1.1599,2.45,28.5,1.0,2.45,2.45
1786344032.881,S3,reserve,610,obs,0.9822,1.5405,2.916,32.2,1.348,2.916,2.916
1786344032.881,S3,search,920,obs,0.9843,5.161,7.831,31.4,4.019,7.831,7.831
1786344033.881,S1,recommend,0,prior,0.0,,,,1.24,,1.24
1786344033.881,S1,reserve,0,prior,0.0,,,,1.658,,1.658
1786344033.881,S1,search,0,prior,0.0,,,,6.899,,6.899
1786344033.881,S2,recommend,0,prior,0.0,,,,0.975,,0.975
1786344033.881,S2,reserve,0,prior,0.0,,,,1.332,,1.332
1786344033.881,S2,search,0,prior,0.0,,,,4.287,,4.287
1786344033.881,S3,recommend,1227,obs,0.985,1.1545,2.362,28.5,1.0,2.362,2.362
1786344033.881,S3,reserve,615,obs,0.9821,1.5575,2.914,32.3,1.348,2.914,2.914
1786344033.881,S3,search,917,obs,0.9814,5.132,7.561,34.3,4.019,7.561,7.561
1786344034.881,S1,recommend,0,prior,0.0,,,,1.24,,1.24
1786344034.881,S1,reserve,0,prior,0.0,,,,1.658,,1.658
1786344034.881,S1,search,0,prior,0.0,,,,6.899,,6.899
1786344034.881,S2,recommend,0,prior,0.0,,,,0.975,,0.975
1786344034.881,S2,reserve,0,prior,0.0,,,,1.332,,1.332
1786344034.881,S2,search,0,prior,0.0,,,,4.287,,4.287
1786344034.881,S3,recommend,1227,obs,0.985,1.159,2.428,28.5,1.0,2.428,2.428
1786344034.881,S3,reserve,614,obs,0.985,1.5661,2.884,27.1,1.348,2.884,2.884
1786344034.881,S3,search,922,obs,0.984,5.2955,8.157,30.8,4.019,8.157,8.157
1786344035.880,S1,recommend,0,prior,0.0,,,,1.24,,1.24
1786344035.880,S1,reserve,0,prior,0.0,,,,1.658,,1.658
1786344035.880,S1,search,0,prior,0.0,,,,6.899,,6.899
1786344035.880,S2,recommend,0,prior,0.0,,,,0.975,,0.975
1786344035.880,S2,reserve,0,prior,0.0,,,,1.332,,1.332
1786344035.880,S2,search,0,prior,0.0,,,,4.287,,4.287
1786344035.880,S3,recommend,1170,obs,0.9357,1.206,2.462,126.5,1.0,2.462,2.462
1786344035.880,S3,reserve,580,obs,0.9339,1.6083,3.141,129.4,1.348,3.141,3.141
1786344035.880,S3,search,873,obs,0.9354,5.3727,8.33,128.5,4.019,8.33,8.33
1786344036.880,S1,recommend,0,prior,0.0,,,,1.24,,1.24
1786344036.880,S1,reserve,0,prior,0.0,,,,1.658,,1.658
1786344036.880,S1,search,0,prior,0.0,,,,6.899,,6.899
1786344036.880,S2,recommend,0,prior,0.0,,,,0.975,,0.975
1786344036.880,S2,reserve,0,prior,0.0,,,,1.332,,1.332
1786344036.880,S2,search,0,prior,0.0,,,,4.287,,4.287
1786344036.880,S3,recommend,1163,obs,0.9371,1.4927,3.668,124.3,1.0,3.668,3.668
1786344036.880,S3,reserve,586,obs,0.9338,1.9422,4.683,129.4,1.348,4.683,4.683
1786344036.880,S3,search,876,obs,0.936,6.1588,12.578,128.0,4.019,12.578,12.578
1786344037.884,S1,recommend,0,prior,0.0,,,,1.24,,1.24
1786344037.884,S1,reserve,0,prior,0.0,,,,1.658,,1.658
1786344037.884,S1,search,0,prior,0.0,,,,6.899,,6.899
1786344037.884,S2,recommend,0,prior,0.0,,,,0.975,,0.975
1786344037.884,S2,reserve,0,prior,0.0,,,,1.332,,1.332
1786344037.884,S2,search,0,prior,0.0,,,,4.287,,4.287
1786344037.884,S3,recommend,1172,obs,0.9379,1.4582,3.391,122.2,1.0,3.391,3.391
1786344037.884,S3,reserve,580,obs,0.9339,1.9669,4.801,129.3,1.348,4.801,4.801
1786344037.884,S3,search,876,obs,0.936,6.1931,12.484,127.9,4.019,12.484,12.484
1786344038.882,S1,recommend,0,prior,0.0,,,,1.24,,1.24
1786344038.882,S1,reserve,0,prior,0.0,,,,1.658,,1.658
1786344038.882,S1,search,0,prior,0.0,,,,6.899,,6.899
1786344038.882,S2,recommend,0,prior,0.0,,,,0.975,,0.975
1786344038.882,S2,reserve,0,prior,0.0,,,,1.332,,1.332
1786344038.882,S2,search,0,prior,0.0,,,,4.287,,4.287
1786344038.882,S3,recommend,1168,obs,0.9381,1.1483,2.305,122.3,1.0,2.305,2.305
1786344038.882,S3,reserve,586,obs,0.9336,1.5715,2.974,129.4,1.348,2.974,2.974
1786344038.882,S3,search,875,obs,0.9374,5.1649,7.763,125.1,4.019,7.763,7.763
1786344039.882,S1,recommend,0,prior,0.0,,,,1.24,,1.24
1786344039.882,S1,reserve,0,prior,0.0,,,,1.658,,1.658
1786344039.882,S1,search,0,prior,0.0,,,,6.899,,6.899
1786344039.882,S2,recommend,0,prior,0.0,,,,0.975,,0.975
1786344039.882,S2,reserve,0,prior,0.0,,,,1.332,,1.332
1786344039.882,S2,search,0,prior,0.0,,,,4.287,,4.287
1786344039.882,S3,recommend,1172,obs,0.9381,1.1978,2.425,121.9,1.0,2.425,2.425
1786344039.882,S3,reserve,582,obs,0.9381,1.5375,2.821,120.5,1.348,2.821,2.821
1786344039.882,S3,search,878,obs,0.9374,5.0911,7.409,124.8,4.019,7.409,7.409
1786344040.882,S1,recommend,0,prior,0.0,,,,1.24,,1.24
1786344040.882,S1,reserve,0,prior,0.0,,,,1.658,,1.658
1786344040.882,S1,search,0,prior,0.0,,,,6.899,,6.899
1786344040.882,S2,recommend,0,prior,0.0,,,,0.975,,0.975
1786344040.882,S2,reserve,0,prior,0.0,,,,1.332,,1.332
1786344040.882,S2,search,0,prior,0.0,,,,4.287,,4.287
1786344040.882,S3,recommend,1170,obs,0.9383,1.2088,2.51,122.8,1.0,2.51,2.51
1786344040.882,S3,reserve,587,obs,0.9374,1.5697,2.987,121.4,1.348,2.987,2.987
1786344040.882,S3,search,875,obs,0.9374,5.0715,7.509,125.1,4.019,7.509,7.509
1786344041.882,S1,recommend,0,prior,0.0,,,,1.24,,1.24
1786344041.882,S1,reserve,0,prior,0.0,,,,1.658,,1.658
1786344041.882,S1,search,0,prior,0.0,,,,6.899,,6.899
1786344041.882,S2,recommend,0,prior,0.0,,,,0.975,,0.975
1786344041.882,S2,reserve,0,prior,0.0,,,,1.332,,1.332
1786344041.882,S2,search,0,prior,0.0,,,,4.287,,4.287
1786344041.882,S3,recommend,1170,obs,0.9404,1.1918,2.416,118.5,1.0,2.416,2.416
1786344041.882,S3,reserve,584,obs,0.9378,1.5528,2.879,121.4,1.348,2.879,2.879
1786344041.882,S3,search,880,obs,0.9396,5.1878,7.935,120.8,4.019,7.935,7.935
1786344042.882,S1,recommend,0,prior,0.0,,,,1.24,,1.24
1786344042.882,S1,reserve,0,prior,0.0,,,,1.658,,1.658
1786344042.882,S1,search,0,prior,0.0,,,,6.899,,6.899
1786344042.882,S2,recommend,0,prior,0.0,,,,0.975,,0.975
1786344042.882,S2,reserve,0,prior,0.0,,,,1.332,,1.332
1786344042.882,S2,search,0,prior,0.0,,,,4.287,,4.287
1786344042.882,S3,recommend,1176,obs,0.9407,1.1867,2.476,118.5,1.0,2.476,2.476
1786344042.882,S3,reserve,583,obs,0.9361,1.5069,2.879,121.4,1.348,2.879,2.879
1786344042.882,S3,search,875,obs,0.9388,5.2489,8.047,120.9,4.019,8.047,8.047
1786344043.882,S1,recommend,0,prior,0.0,,,,1.24,,1.24
1786344043.882,S1,reserve,0,prior,0.0,,,,1.658,,1.658
1786344043.882,S1,search,0,prior,0.0,,,,6.899,,6.899
1786344043.882,S2,recommend,0,prior,0.0,,,,0.975,,0.975
1786344043.882,S2,reserve,0,prior,0.0,,,,1.332,,1.332
1786344043.882,S2,search,0,prior,0.0,,,,4.287,,4.287
1786344043.882,S3,recommend,1170,obs,0.9417,1.1633,2.317,116.5,1.0,2.317,2.317
1786344043.882,S3,reserve,588,obs,0.936,1.5335,3.069,122.3,1.348,3.069,3.069
1786344043.882,S3,search,878,obs,0.9385,5.2196,7.957,120.8,4.019,7.957,7.957
1786344044.882,S1,recommend,0,prior,0.0,,,,1.24,,1.24
1786344044.882,S1,reserve,0,prior,0.0,,,,1.658,,1.658
1786344044.882,S1,search,0,prior,0.0,,,,6.899,,6.899
1786344044.882,S2,recommend,0,prior,0.0,,,,0.975,,0.975
1786344044.882,S2,reserve,0,prior,0.0,,,,1.332,,1.332
1786344044.882,S2,search,0,prior,0.0,,,,4.287,,4.287
1786344044.882,S3,recommend,1177,obs,0.9421,1.1654,2.435,115.7,1.0,2.435,2.435
1786344044.882,S3,reserve,582,obs,0.936,1.5393,3.005,122.2,1.348,3.005,3.005
1786344044.882,S3,search,879,obs,0.94,5.167,7.748,118.5,4.019,7.748,7.748
1786344045.882,S1,recommend,0,prior,0.0,,,,1.24,,1.24
1786344045.882,S1,reserve,0,prior,0.0,,,,1.658,,1.658
1786344045.882,S1,search,0,prior,0.0,,,,6.899,,6.899
1786344045.882,S2,recommend,0,prior,0.0,,,,0.975,,0.975
1786344045.882,S2,reserve,0,prior,0.0,,,,1.332,,1.332
1786344045.882,S2,search,0,prior,0.0,,,,4.287,,4.287
1786344045.882,S3,recommend,1174,obs,0.9424,1.2048,2.64,115.1,1.0,2.64,2.64
1786344045.882,S3,reserve,588,obs,0.9357,1.5433,2.813,122.2,1.348,2.813,2.813
1786344045.882,S3,search,877,obs,0.9403,5.1829,7.96,118.0,4.019,7.96,7.96
1786344046.882,S1,recommend,0,prior,0.0,,,,1.24,,1.24
1786344046.882,S1,reserve,0,prior,0.0,,,,1.658,,1.658
1786344046.882,S1,search,0,prior,0.0,,,,6.899,,6.899
1786344046.882,S2,recommend,0,prior,0.0,,,,0.975,,0.975
1786344046.882,S2,reserve,0,prior,0.0,,,,1.332,,1.332
1786344046.882,S2,search,0,prior,0.0,,,,4.287,,4.287
1786344046.882,S3,recommend,1178,obs,0.9424,1.2008,2.526,115.1,1.0,2.526,2.526
1786344046.882,S3,reserve,584,obs,0.9403,1.5355,2.813,113.7,1.348,2.813,2.813
1786344046.882,S3,search,880,obs,0.9397,5.1103,7.744,118.0,4.019,7.744,7.744
1786344047.881,S1,recommend,0,prior,0.0,,,,1.24,,1.24
1786344047.881,S1,reserve,0,prior,0.0,,,,1.658,,1.658
1786344047.881,S1,search,0,prior,0.0,,,,6.899,,6.899
1786344047.881,S2,recommend,0,prior,0.0,,,,0.975,,0.975
1786344047.881,S2,reserve,0,prior,0.0,,,,1.332,,1.332
1786344047.881,S2,search,0,prior,0.0,,,,4.287,,4.287
1786344047.881,S3,recommend,1175,obs,0.9421,1.2132,2.394,114.8,1.0,2.394,2.394
1786344047.881,S3,reserve,590,obs,0.9403,1.5779,2.983,113.4,1.348,2.983,2.983
1786344047.881,S3,search,878,obs,0.9403,5.2364,8.224,117.6,4.019,8.224,8.224
1786344048.880,S1,recommend,0,prior,0.0,,,,1.24,,1.24
1786344048.880,S1,reserve,0,prior,0.0,,,,1.658,,1.658
1786344048.880,S1,search,0,prior,0.0,,,,6.899,,6.899
1786344048.880,S2,recommend,0,prior,0.0,,,,0.975,,0.975
1786344048.880,S2,reserve,0,prior,0.0,,,,1.332,,1.332
1786344048.880,S2,search,0,prior,0.0,,,,4.287,,4.287
1786344048.880,S3,recommend,1174,obs,0.9424,1.2194,2.432,114.8,1.0,2.432,2.432
1786344048.880,S3,reserve,585,obs,0.9428,1.6379,3.251,113.4,1.348,3.251,3.251
1786344048.880,S3,search,882,obs,0.94,5.2711,8.252,117.6,4.019,8.252,8.252
1786344049.881,S1,recommend,0,prior,0.0,,,,1.24,,1.24
1786344049.881,S1,reserve,0,prior,0.0,,,,1.658,,1.658
1786344049.881,S1,search,0,prior,0.0,,,,6.899,,6.899
1786344049.881,S2,recommend,0,prior,0.0,,,,0.975,,0.975
1786344049.881,S2,reserve,0,prior,0.0,,,,1.332,,1.332
1786344049.881,S2,search,0,prior,0.0,,,,4.287,,4.287
1786344049.881,S3,recommend,1179,obs,0.9446,1.1845,2.426,110.8,1.0,2.426,2.426
1786344049.881,S3,reserve,588,obs,0.9429,1.5946,3.259,113.7,1.348,3.259,3.259
1786344049.881,S3,search,877,obs,0.9403,5.2082,8.146,118.0,4.019,8.146,8.146
1786344050.881,S1,recommend,0,prior,0.0,,,,1.24,,1.24
1786344050.881,S1,reserve,0,prior,0.0,,,,1.658,,1.658
1786344050.881,S1,search,0,prior,0.0,,,,6.899,,6.899
1786344050.881,S2,recommend,0,prior,0.0,,,,0.975,,0.975
1786344050.881,S2,reserve,0,prior,0.0,,,,1.332,,1.332
1786344050.881,S2,search,0,prior,0.0,,,,4.287,,4.287
1786344050.881,S3,recommend,1172,obs,0.9438,1.214,2.503,109.1,1.0,2.503,2.503
1786344050.881,S3,reserve,592,obs,0.945,1.5769,2.989,109.6,1.348,2.989,2.989
1786344050.881,S3,search,882,obs,0.9424,5.2746,8.332,113.3,4.019,8.332,8.332
1786344051.881,S1,recommend,0,prior,0.0,,,,1.24,,1.24
1786344051.881,S1,reserve,0,prior,0.0,,,,1.658,,1.658
1786344051.881,S1,search,0,prior,0.0,,,,6.899,,6.899
1786344051.881,S2,recommend,0,prior,0.0,,,,0.975,,0.975
1786344051.881,S2,reserve,0,prior,0.0,,,,1.332,,1.332
1786344051.881,S2,search,0,prior,0.0,,,,4.287,,4.287
1786344051.881,S3,recommend,1178,obs,0.9439,1.1641,2.443,109.4,1.0,2.443,2.443
1786344051.881,S3,reserve,587,obs,0.945,1.5466,2.766,109.9,1.348,2.766,2.766
1786344051.881,S3,search,882,obs,0.9429,5.1139,7.906,112.8,4.019,7.906,7.906
1786344052.880,S1,recommend,0,prior,0.0,,,,1.24,,1.24
1786344052.880,S1,reserve,0,prior,0.0,,,,1.658,,1.658
1786344052.880,S1,search,0,prior,0.0,,,,6.899,,6.899
1786344052.880,S2,recommend,0,prior,0.0,,,,0.975,,0.975
1786344052.880,S2,reserve,0,prior,0.0,,,,1.332,,1.332
1786344052.880,S2,search,0,prior,0.0,,,,4.287,,4.287
1786344052.880,S3,recommend,1175,obs,0.945,1.1622,2.426,107.0,1.0,2.426,2.426
1786344052.880,S3,reserve,594,obs,0.9467,1.6005,3.121,106.5,1.348,3.121,3.121
1786344052.880,S3,search,881,obs,0.9436,5.1898,8.019,111.4,4.019,8.019,8.019
1786344053.880,S1,recommend,0,prior,0.0,,,,1.24,,1.24
1786344053.880,S1,reserve,0,prior,0.0,,,,1.658,,1.658
1786344053.880,S1,search,0,prior,0.0,,,,6.899,,6.899
1786344053.880,S2,recommend,0,prior,0.0,,,,0.975,,0.975
1786344053.880,S2,reserve,0,prior,0.0,,,,1.332,,1.332
1786344053.880,S2,search,0,prior,0.0,,,,4.287,,4.287
1786344053.880,S3,recommend,1180,obs,0.9446,1.1647,2.386,107.9,1.0,2.386,2.386
1786344053.880,S3,reserve,588,obs,0.9467,1.618,3.144,106.5,1.348,3.144,3.144
1786344053.880,S3,search,884,obs,0.9436,5.2592,7.91,110.8,4.019,7.91,7.91
1786344054.881,S1,recommend,0,prior,0.0,,,,1.24,,1.24
1786344054.881,S1,reserve,0,prior,0.0,,,,1.658,,1.658
1786344054.881,S1,search,0,prior,0.0,,,,6.899,,6.899
1786344054.881,S2,recommend,0,prior,0.0,,,,0.975,,0.975
1786344054.881,S2,reserve,0,prior,0.0,,,,1.332,,1.332
1786344054.881,S2,search,0,prior,0.0,,,,4.287,,4.287
1786344054.881,S3,recommend,1176,obs,0.9446,1.1684,2.554,107.9,1.0,2.554,2.554
1786344054.881,S3,reserve,594,obs,0.9467,1.5733,2.898,106.5,1.348,2.898,2.898
1786344054.881,S3,search,882,obs,0.9438,5.1838,7.791,110.8,4.019,7.791,7.791
1786344055.881,S1,recommend,0,prior,0.0,,,,1.24,,1.24
1786344055.881,S1,reserve,0,prior,0.0,,,,1.658,,1.658
1786344055.881,S1,search,0,prior,0.0,,,,6.899,,6.899
1786344055.881,S2,recommend,0,prior,0.0,,,,0.975,,0.975
1786344055.881,S2,reserve,0,prior,0.0,,,,1.332,,1.332
1786344055.881,S2,search,0,prior,0.0,,,,4.287,,4.287
1786344055.881,S3,recommend,1180,obs,0.9467,1.1851,2.51,103.7,1.0,2.51,2.51
1786344055.881,S3,reserve,589,obs,0.9486,1.6026,2.925,102.8,1.348,2.925,2.925
1786344055.881,S3,search,888,obs,0.9468,5.1793,8.051,105.0,4.019,8.051,8.051
1786344056.880,S1,recommend,0,prior,0.0,,,,1.24,,1.24
1786344056.880,S1,reserve,0,prior,0.0,,,,1.658,,1.658
1786344056.880,S1,search,0,prior,0.0,,,,6.899,,6.899
1786344056.880,S2,recommend,0,prior,0.0,,,,0.975,,0.975
1786344056.880,S2,reserve,0,prior,0.0,,,,1.332,,1.332
1786344056.880,S2,search,0,prior,0.0,,,,4.287,,4.287
1786344056.880,S3,recommend,1183,obs,0.9471,1.1459,2.3,103.7,1.0,2.3,2.3
1786344056.880,S3,reserve,592,obs,0.9489,1.5339,2.89,102.2,1.348,2.89,2.89
1786344056.880,S3,search,883,obs,0.9464,5.0835,7.844,105.1,4.019,7.844,7.844
1786344057.880,S1,recommend,0,prior,0.0,,,,1.24,,1.24
1786344057.880,S1,reserve,0,prior,0.0,,,,1.658,,1.658
1786344057.880,S1,search,0,prior,0.0,,,,6.899,,6.899
1786344057.880,S2,recommend,0,prior,0.0,,,,0.975,,0.975
1786344057.880,S2,reserve,0,prior,0.0,,,,1.332,,1.332
1786344057.880,S2,search,0,prior,0.0,,,,4.287,,4.287
1786344057.880,S3,recommend,1177,obs,0.9467,1.1916,2.464,103.7,1.0,2.464,2.464
1786344057.880,S3,reserve,593,obs,0.9488,1.5462,2.823,102.2,1.348,2.823,2.823
1786344057.880,S3,search,888,obs,0.9472,5.1398,7.766,105.1,4.019,7.766,7.766
1786344058.880,S1,recommend,0,prior,0.0,,,,1.24,,1.24
1786344058.880,S1,reserve,0,prior,0.0,,,,1.658,,1.658
1786344058.880,S1,search,0,prior,0.0,,,,6.899,,6.899
1786344058.880,S2,recommend,0,prior,0.0,,,,0.975,,0.975
1786344058.880,S2,reserve,0,prior,0.0,,,,1.332,,1.332
1786344058.880,S2,search,0,prior,0.0,,,,4.287,,4.287
1786344058.880,S3,recommend,1184,obs,0.9475,1.1902,2.424,103.6,1.0,2.424,2.424
1786344058.880,S3,reserve,588,obs,0.9467,1.5747,2.943,102.2,1.348,2.943,2.943
1786344058.880,S3,search,886,obs,0.9474,5.1436,7.66,105.1,4.019,7.66,7.66
1786344059.881,S1,recommend,0,prior,0.0,,,,1.24,,1.24
1786344059.881,S1,reserve,0,prior,0.0,,,,1.658,,1.658
1786344059.881,S1,search,0,prior,0.0,,,,6.899,,6.899
1786344059.881,S2,recommend,0,prior,0.0,,,,0.975,,0.975
1786344059.881,S2,reserve,0,prior,0.0,,,,1.332,,1.332
1786344059.881,S2,search,0,prior,0.0,,,,4.287,,4.287
1786344059.881,S3,recommend,1180,obs,0.9495,1.2711,2.819,99.4,1.0,2.819,2.819
1786344059.881,S3,reserve,594,obs,0.9453,1.7474,3.693,102.2,1.348,3.693,3.693
1786344059.881,S3,search,886,obs,0.9481,5.5182,8.988,103.7,4.019,8.988,8.988
1786344060.881,S1,recommend,0,prior,0.0,,,,1.24,,1.24
1786344060.881,S1,reserve,0,prior,0.0,,,,1.658,,1.658
1786344060.881,S1,search,0,prior,0.0,,,,6.899,,6.899
1786344060.881,S2,recommend,0,prior,0.0,,,,0.975,,0.975
1786344060.881,S2,reserve,0,prior,0.0,,,,1.332,,1.332
1786344060.881,S2,search,0,prior,0.0,,,,4.287,,4.287
1786344060.881,S3,recommend,1187,obs,0.9507,1.3209,3.034,97.1,1.0,3.034,3.034
1786344060.881,S3,reserve,588,obs,0.9467,1.7749,3.693,99.4,1.348,3.693,3.693
1786344060.881,S3,search,887,obs,0.9479,5.6334,9.487,103.7,4.019,9.487,9.487
1786344061.881,S1,recommend,0,prior,0.0,,,,1.24,,1.24
1786344061.881,S1,reserve,0,prior,0.0,,,,1.658,,1.658
1786344061.881,S1,search,0,prior,0.0,,,,6.899,,6.899
1786344061.881,S2,recommend,0,prior,0.0,,,,0.975,,0.975
1786344061.881,S2,reserve,0,prior,0.0,,,,1.332,,1.332
1786344061.881,S2,search,0,prior,0.0,,,,4.287,,4.287
1786344061.881,S3,recommend,1185,obs,0.9514,1.1975,2.565,95.6,1.0,2.565,2.565
1786344061.881,S3,reserve,594,obs,0.9467,1.5398,2.985,99.4,1.348,2.985,2.985
1786344061.881,S3,search,886,obs,0.9493,5.2167,8.098,101.4,4.019,8.098,8.098
1786344062.881,S1,recommend,0,prior,0.0,,,,1.24,,1.24
1786344062.881,S1,reserve,0,prior,0.0,,,,1.658,,1.658
1786344062.881,S1,search,0,prior,0.0,,,,6.899,,6.899
1786344062.881,S2,recommend,0,prior,0.0,,,,0.975,,0.975
1786344062.881,S2,reserve,0,prior,0.0,,,,1.332,,1.332
1786344062.881,S2,search,0,prior,0.0,,,,4.287,,4.287
1786344062.881,S3,recommend,1187,obs,0.9512,1.1794,2.502,95.6,1.0,2.502,2.502
1786344062.881,S3,reserve,589,obs,0.9489,1.5286,2.985,95.1,1.348,2.985,2.985
1786344062.881,S3,search,890,obs,0.9482,5.22,8.053,103.6,4.019,8.053,8.053
1786344063.880,S1,recommend,0,prior,0.0,,,,1.24,,1.24
1786344063.880,S1,reserve,0,prior,0.0,,,,1.658,,1.658
1786344063.880,S1,search,0,prior,0.0,,,,6.899,,6.899
1786344063.880,S2,recommend,0,prior,0.0,,,,0.975,,0.975
1786344063.880,S2,reserve,0,prior,0.0,,,,1.332,,1.332
1786344063.880,S2,search,0,prior,0.0,,,,4.287,,4.287
1786344063.880,S3,recommend,1188,obs,0.9508,1.2042,2.518,96.5,1.0,2.518,2.518
1786344063.880,S3,reserve,594,obs,0.9485,1.5561,2.753,95.0,1.348,2.753,2.753
1786344063.880,S3,search,886,obs,0.951,5.3061,7.907,97.9,4.019,7.907,7.907
1786344064.880,S1,recommend,0,prior,0.0,,,,1.24,,1.24
1786344064.880,S1,reserve,0,prior,0.0,,,,1.658,,1.658
1786344064.880,S1,search,0,prior,0.0,,,,6.899,,6.899
1786344064.880,S2,recommend,0,prior,0.0,,,,0.975,,0.975
1786344064.880,S2,reserve,0,prior,0.0,,,,1.332,,1.332
1786344064.880,S2,search,0,prior,0.0,,,,4.287,,4.287
1786344064.880,S3,recommend,1182,obs,0.9514,1.2574,2.684,96.5,1.0,2.684,2.684
1786344064.880,S3,reserve,595,obs,0.9514,1.6613,3.102,95.1,1.348,3.102,3.102
1786344064.880,S3,search,891,obs,0.951,5.4427,8.589,97.9,4.019,8.589,8.589
1786344065.880,S1,recommend,0,prior,0.0,,,,1.24,,1.24
1786344065.880,S1,reserve,0,prior,0.0,,,,1.658,,1.658
1786344065.880,S1,search,0,prior,0.0,,,,6.899,,6.899
1786344065.880,S2,recommend,0,prior,0.0,,,,0.975,,0.975
1786344065.880,S2,reserve,0,prior,0.0,,,,1.332,,1.332
1786344065.880,S2,search,0,prior,0.0,,,,4.287,,4.287
1786344065.880,S3,recommend,1191,obs,0.9536,1.2683,2.723,92.2,1.0,2.723,2.723
1786344065.880,S3,reserve,591,obs,0.9514,1.732,3.536,95.0,1.348,3.536,3.536
1786344065.880,S3,search,888,obs,0.951,5.4666,9.132,97.9,4.019,9.132,9.132
1786344066.881,S1,recommend,0,prior,0.0,,,,1.24,,1.24
1786344066.881,S1,reserve,0,prior,0.0,,,,1.658,,1.658
1786344066.881,S1,search,0,prior,0.0,,,,6.899,,6.899
1786344066.881,S2,recommend,0,prior,0.0,,,,0.975,,0.975
1786344066.881,S2,reserve,0,prior,0.0,,,,1.332,,1.332
1786344066.881,S2,search,0,prior,0.0,,,,4.287,,4.287
1786344066.881,S3,recommend,1184,obs,0.9539,1.238,2.572,92.2,1.0,2.572,2.572
1786344066.881,S3,reserve,598,obs,0.9517,1.647,3.432,95.1,1.348,3.432,3.432
1786344066.881,S3,search,888,obs,0.9493,5.2698,8.252,98.0,4.019,8.252,8.252
1786344067.881,S1,recommend,0,prior,0.0,,,,1.24,,1.24
1786344067.881,S1,reserve,0,prior,0.0,,,,1.658,,1.658
1786344067.881,S1,search,0,prior,0.0,,,,6.899,,6.899
1786344067.881,S2,recommend,0,prior,0.0,,,,0.975,,0.975
1786344067.881,S2,reserve,0,prior,0.0,,,,1.332,,1.332
1786344067.881,S2,search,0,prior,0.0,,,,4.287,,4.287
1786344067.881,S3,recommend,1190,obs,0.9538,1.2657,2.657,92.2,1.0,2.657,2.657
1786344067.881,S3,reserve,592,obs,0.9517,1.7067,3.37,95.1,1.348,3.37,3.37
1786344067.881,S3,search,889,obs,0.9514,5.2737,8.22,93.6,4.019,8.22,8.22
1786344068.881,S1,recommend,0,prior,0.0,,,,1.24,,1.24
1786344068.881,S1,reserve,0,prior,0.0,,,,1.658,,1.658
1786344068.881,S1,search,0,prior,0.0,,,,6.899,,6.899
1786344068.881,S2,recommend,0,prior,0.0,,,,0.975,,0.975
1786344068.881,S2,reserve,0,prior,0.0,,,,1.332,,1.332
1786344068.881,S2,search,0,prior,0.0,,,,4.287,,4.287
1786344068.881,S3,recommend,1189,obs,0.9553,1.2558,2.701,89.4,1.0,2.701,2.701
1786344068.881,S3,reserve,598,obs,0.9517,1.6829,3.305,95.1,1.348,3.305,3.305
1786344068.881,S3,search,888,obs,0.9517,5.2335,8.035,93.7,4.019,8.035,8.035
1786344069.881,S1,recommend,0,prior,0.0,,,,1.24,,1.24
1786344069.881,S1,reserve,0,prior,0.0,,,,1.658,,1.658
1786344069.881,S1,search,0,prior,0.0,,,,6.899,,6.899
1786344069.881,S2,recommend,0,prior,0.0,,,,0.975,,0.975
1786344069.881,S2,reserve,0,prior,0.0,,,,1.332,,1.332
1786344069.881,S2,search,0,prior,0.0,,,,4.287,,4.287
1786344069.881,S3,recommend,1192,obs,0.956,1.1983,2.405,87.9,1.0,2.405,2.405
1786344069.881,S3,reserve,592,obs,0.9531,1.5303,2.949,92.2,1.348,2.949,2.949
1786344069.881,S3,search,894,obs,0.9528,5.1367,7.726,90.8,4.019,7.726,7.726
1786344070.881,S1,recommend,0,prior,0.0,,,,1.24,,1.24
1786344070.881,S1,reserve,0,prior,0.0,,,,1.658,,1.658
1786344070.881,S1,search,0,prior,0.0,,,,6.899,,6.899
1786344070.881,S2,recommend,0,prior,0.0,,,,0.975,,0.975
1786344070.881,S2,reserve,0,prior,0.0,,,,1.332,,1.332
1786344070.881,S2,search,0,prior,0.0,,,,4.287,,4.287
1786344070.881,S3,recommend,1192,obs,0.9557,1.1664,2.327,88.4,1.0,2.327,2.327
1786344070.881,S3,reserve,597,obs,0.9553,1.4918,2.754,87.8,1.348,2.754,2.754
1786344070.881,S3,search,888,obs,0.9528,5.1552,7.853,91.4,4.019,7.853,7.853
1786344071.881,S1,recommend,0,prior,0.0,,,,1.24,,1.24
1786344071.881,S1,reserve,0,prior,0.0,,,,1.658,,1.658
1786344071.881,S1,search,0,prior,0.0,,,,6.899,,6.899
1786344071.881,S2,recommend,0,prior,0.0,,,,0.975,,0.975
1786344071.881,S2,reserve,0,prior,0.0,,,,1.332,,1.332
1786344071.881,S2,search,0,prior,0.0,,,,4.287,,4.287
1786344071.881,S3,recommend,1188,obs,0.9557,1.1952,2.468,88.5,1.0,2.468,2.468
1786344071.881,S3,reserve,597,obs,0.9557,1.5747,2.941,87.0,1.348,2.941,2.941
1786344071.881,S3,search,894,obs,0.9531,5.2193,7.802,90.8,4.019,7.802,7.802
1786344072.881,S1,recommend,0,prior,0.0,,,,1.24,,1.24
1786344072.881,S1,reserve,0,prior,0.0,,,,1.658,,1.658
1786344072.881,S1,search,0,prior,0.0,,,,6.899,,6.899
1786344072.881,S2,recommend,0,prior,0.0,,,,0.975,,0.975
1786344072.881,S2,reserve,0,prior,0.0,,,,1.332,,1.332
1786344072.881,S2,search,0,prior,0.0,,,,4.287,,4.287
1786344072.881,S3,recommend,1194,obs,0.9574,1.1816,2.513,85.0,1.0,2.513,2.513
1786344072.881,S3,reserve,595,obs,0.9562,1.6243,3.249,87.1,1.348,3.249,3.249
1786344072.881,S3,search,891,obs,0.9536,5.2508,8.06,90.8,4.019,8.06,8.06
1786344073.880,S1,recommend,0,prior,0.0,,,,1.24,,1.24
1786344073.880,S1,reserve,0,prior,0.0,,,,1.658,,1.658
1786344073.880,S1,search,0,prior,0.0,,,,6.899,,6.899
1786344073.880,S2,recommend,0,prior,0.0,,,,0.975,,0.975
1786344073.880,S2,reserve,0,prior,0.0,,,,1.332,,1.332
1786344073.880,S2,search,0,prior,0.0,,,,4.287,,4.287
1786344073.880,S3,recommend,1188,obs,0.9574,1.1777,2.57,85.0,1.0,2.57,2.57
1786344073.880,S3,reserve,600,obs,0.9554,1.5826,2.983,87.9,1.348,2.983,2.983
1786344073.880,S3,search,894,obs,0.9554,5.2132,8.248,86.5,4.019,8.248,8.248
1786344074.881,S1,recommend,0,prior,0.0,,,,1.24,,1.24
1786344074.881,S1,reserve,0,prior,0.0,,,,1.658,,1.658
1786344074.881,S1,search,0,prior,0.0,,,,6.899,,6.899
1786344074.881,S2,recommend,0,prior,0.0,,,,0.975,,0.975
1786344074.881,S2,reserve,0,prior,0.0,,,,1.332,,1.332
1786344074.881,S2,search,0,prior,0.0,,,,4.287,,4.287
1786344074.881,S3,recommend,1194,obs,0.956,1.2323,2.613,85.1,1.0,2.613,2.613
1786344074.881,S3,reserve,594,obs,0.956,1.5422,2.83,87.9,1.348,2.83,2.83
1786344074.881,S3,search,892,obs,0.9539,5.1428,7.737,90.8,4.019,7.737,7.737
1786344075.880,S1,recommend,0,prior,0.0,,,,1.24,,1.24
1786344075.880,S1,reserve,0,prior,0.0,,,,1.658,,1.658
1786344075.880,S1,search,0,prior,0.0,,,,6.899,,6.899
1786344075.880,S2,recommend,0,prior,0.0,,,,0.975,,0.975
1786344075.880,S2,reserve,0,prior,0.0,,,,1.332,,1.332
1786344075.880,S2,search,0,prior,0.0,,,,4.287,,4.287
1786344075.880,S3,recommend,1194,obs,0.9582,1.1933,2.295,80.8,1.0,2.295,2.295
1786344075.880,S3,reserve,600,obs,0.956,1.5447,2.86,88.0,1.348,2.86,2.86
1786344075.880,S3,search,894,obs,0.9574,5.0889,7.535,83.6,4.019,7.535,7.535
1786344076.880,S1,recommend,0,prior,0.0,,,,1.24,,1.24
1786344076.880,S1,reserve,0,prior,0.0,,,,1.658,,1.658
1786344076.880,S1,search,0,prior,0.0,,,,6.899,,6.899
1786344076.880,S2,recommend,0,prior,0.0,,,,0.975,,0.975
1786344076.880,S2,reserve,0,prior,0.0,,,,1.332,,1.332
1786344076.880,S2,search,0,prior,0.0,,,,4.287,,4.287
1786344076.880,S3,recommend,1196,obs,0.9581,1.1765,2.321,80.8,1.0,2.321,2.321
1786344076.880,S3,reserve,596,obs,0.9603,1.5825,3.027,79.3,1.348,3.027,3.027
1786344076.880,S3,search,898,obs,0.9574,5.1385,7.443,83.6,4.019,7.443,7.443
1786344077.881,S1,recommend,0,prior,0.0,,,,1.24,,1.24
1786344077.881,S1,reserve,0,prior,0.0,,,,1.658,,1.658
1786344077.881,S1,search,0,prior,0.0,,,,6.899,,6.899
1786344077.881,S2,recommend,0,prior,0.0,,,,0.975,,0.975
1786344077.881,S2,reserve,0,prior,0.0,,,,1.332,,1.332
1786344077.881,S2,search,0,prior,0.0,,,,4.287,,4.287
1786344077.881,S3,recommend,1196,obs,0.9579,1.2092,2.551,80.8,1.0,2.551,2.551
1786344077.881,S3,reserve,600,obs,0.9603,1.6368,3.424,79.4,1.348,3.424,3.424
1786344077.881,S3,search,894,obs,0.9571,5.2934,7.914,83.6,4.019,7.914,7.914
1786344078.880,S1,recommend,0,prior,0.0,,,,1.24,,1.24
1786344078.880,S1,reserve,0,prior,0.0,,,,1.658,,1.658
1786344078.880,S1,search,0,prior,0.0,,,,6.899,,6.899
1786344078.880,S2,recommend,0,prior,0.0,,,,0.975,,0.975
1786344078.880,S2,reserve,0,prior,0.0,,,,1.332,,1.332
1786344078.880,S2,search,0,prior,0.0,,,,4.287,,4.287
1786344078.880,S3,recommend,1194,obs,0.9576,1.2441,2.62,80.8,1.0,2.62,2.62
1786344078.880,S3,reserve,598,obs,0.9603,1.6485,3.352,79.3,1.348,3.352,3.352
1786344078.880,S3,search,898,obs,0.9571,5.3413,8.235,83.7,4.019,8.235,8.235
1786344079.880,S1,recommend,0,prior,0.0,,,,1.24,,1.24
1786344079.880,S1,reserve,0,prior,0.0,,,,1.658,,1.658
1786344079.880,S1,search,0,prior,0.0,,,,6.899,,6.899
1786344079.880,S2,recommend,0,prior,0.0,,,,0.975,,0.975
1786344079.880,S2,reserve,0,prior,0.0,,,,1.332,,1.332
1786344079.880,S2,search,0,prior,0.0,,,,4.287,,4.287
1786344079.880,S3,recommend,1199,obs,0.96,1.2054,2.434,77.0,1.0,2.434,2.434
1786344079.880,S3,reserve,598,obs,0.9603,1.5796,2.947,79.4,1.348,2.947,2.947
1786344079.880,S3,search,894,obs,0.9571,5.2743,8.226,83.6,4.019,8.226,8.226
1786344080.880,S1,recommend,0,prior,0.0,,,,1.24,,1.24
1786344080.880,S1,reserve,0,prior,0.0,,,,1.658,,1.658
1786344080.880,S1,search,0,prior,0.0,,,,6.899,,6.899
1786344080.880,S2,recommend,0,prior,0.0,,,,0.975,,0.975
1786344080.880,S2,reserve,0,prior,0.0,,,,1.332,,1.332
1786344080.880,S2,search,0,prior,0.0,,,,4.287,,4.287
1786344080.880,S3,recommend,1194,obs,0.9612,1.1868,2.35,77.1,1.0,2.35,2.35
1786344080.880,S3,reserve,602,obs,0.9622,1.5668,2.953,75.6,1.348,2.953,2.953
1786344080.880,S3,search,898,obs,0.96,5.27,8.375,78.5,4.019,8.375,8.375
1786344081.881,S1,recommend,0,prior,0.0,,,,1.24,,1.24
1786344081.881,S1,reserve,0,prior,0.0,,,,1.658,,1.658
1786344081.881,S1,search,0,prior,0.0,,,,6.899,,6.899
1786344081.881,S2,recommend,0,prior,0.0,,,,0.975,,0.975
1786344081.881,S2,reserve,0,prior,0.0,,,,1.332,,1.332
1786344081.881,S2,search,0,prior,0.0,,,,4.287,,4.287
1786344081.881,S3,recommend,1201,obs,0.9611,1.1846,2.491,75.1,1.0,2.491,2.491
1786344081.881,S3,reserve,597,obs,0.9622,1.5777,3.002,75.5,1.348,3.002,3.002
1786344081.881,S3,search,896,obs,0.9596,5.2283,8.199,79.4,4.019,8.199,8.199
1786344082.880,S1,recommend,0,prior,0.0,,,,1.24,,1.24
1786344082.880,S1,reserve,0,prior,0.0,,,,1.658,,1.658
1786344082.880,S1,search,0,prior,0.0,,,,6.899,,6.899
1786344082.880,S2,recommend,0,prior,0.0,,,,0.975,,0.975
1786344082.880,S2,reserve,0,prior,0.0,,,,1.332,,1.332
1786344082.880,S2,search,0,prior,0.0,,,,4.287,,4.287
1786344082.880,S3,recommend,1197,obs,0.9624,1.3908,3.182,75.1,1.0,3.182,3.182
1786344082.880,S3,reserve,603,obs,0.9607,1.7641,3.752,75.7,1.348,3.752,3.752
1786344082.880,S3,search,894,obs,0.9581,5.6879,9.953,79.4,4.019,9.953,9.953
1786344083.880,S1,recommend,0,prior,0.0,,,,1.24,,1.24
1786344083.880,S1,reserve,0,prior,0.0,,,,1.658,,1.658
1786344083.880,S1,search,0,prior,0.0,,,,6.899,,6.899
1786344083.880,S2,recommend,0,prior,0.0,,,,0.975,,0.975
1786344083.880,S2,reserve,0,prior,0.0,,,,1.332,,1.332
1786344083.880,S2,search,0,prior,0.0,,,,4.287,,4.287
1786344083.880,S3,recommend,1202,obs,0.9629,1.406,3.167,73.7,1.0,3.167,3.167
1786344083.880,S3,reserve,596,obs,0.9581,1.7321,3.536,80.8,1.348,3.536,3.536
1786344083.880,S3,search,899,obs,0.959,5.6308,9.381,77.1,4.019,9.381,9.381
1786344084.881,S1,recommend,0,prior,0.0,,,,1.24,,1.24
1786344084.881,S1,reserve,0,prior,0.0,,,,1.658,,1.658
1786344084.881,S1,search,0,prior,0.0,,,,6.899,,6.899
1786344084.881,S2,recommend,0,prior,0.0,,,,0.975,,0.975
1786344084.881,S2,reserve,0,prior,0.0,,,,1.332,,1.332
1786344084.881,S2,search,0,prior,0.0,,,,4.287,,4.287
1786344084.881,S3,recommend,1202,obs,0.9631,1.184,2.405,73.6,1.0,2.405,2.405
1786344084.881,S3,reserve,602,obs,0.9624,1.4913,2.634,72.2,1.348,2.634,2.634
1786344084.881,S3,search,896,obs,0.9593,5.0595,7.475,76.5,4.019,7.475,7.475
1786344085.880,S1,recommend,0,prior,0.0,,,,1.24,,1.24
1786344085.880,S1,reserve,0,prior,0.0,,,,1.658,,1.658
1786344085.880,S1,search,0,prior,0.0,,,,6.899,,6.899
1786344085.880,S2,recommend,0,prior,0.0,,,,0.975,,0.975
1786344085.880,S2,reserve,0,prior,0.0,,,,1.332,,1.332
1786344085.880,S2,search,0,prior,0.0,,,,4.287,,4.287
1786344085.880,S3,recommend,1202,obs,0.9653,1.2093,2.468,69.3,1.0,2.468,2.468
1786344085.880,S3,reserve,600,obs,0.9624,1.554,2.801,72.2,1.348,2.801,2.801
1786344085.880,S3,search,900,obs,0.9596,5.2943,8.186,76.5,4.019,8.186,8.186
1786344086.880,S1,recommend,0,prior,0.0,,,,1.24,,1.24
1786344086.880,S1,reserve,0,prior,0.0,,,,1.658,,1.658
1786344086.880,S1,search,0,prior,0.0,,,,6.899,,6.899
1786344086.880,S2,recommend,0,prior,0.0,,,,0.975,,0.975
1786344086.880,S2,reserve,0,prior,0.0,,,,1.332,,1.332
1786344086.880,S2,search,0,prior,0.0,,,,4.287,,4.287
1786344086.880,S3,recommend,1206,obs,0.965,1.2079,2.431,69.0,1.0,2.431,2.431
1786344086.880,S3,reserve,602,obs,0.9646,1.5771,2.801,67.5,1.348,2.801,2.801
1786344086.880,S3,search,897,obs,0.9624,5.3156,8.479,70.5,4.019,8.479,8.479
1786344087.880,S1,recommend,0,prior,0.0,,,,1.24,,1.24
1786344087.880,S1,reserve,0,prior,0.0,,,,1.658,,1.658
1786344087.880,S1,search,0,prior,0.0,,,,6.899,,6.899
1786344087.880,S2,recommend,0,prior,0.0,,,,0.975,,0.975
1786344087.880,S2,reserve,0,prior,0.0,,,,1.332,,1.332
1786344087.880,S2,search,0,prior,0.0,,,,4.287,,4.287
1786344087.880,S3,recommend,1200,obs,0.9653,1.2567,2.477,69.4,1.0,2.477,2.477
1786344087.880,S3,reserve,604,obs,0.9646,1.7738,3.424,67.8,1.348,3.424,3.424
1786344087.880,S3,search,902,obs,0.9624,5.451,8.35,70.8,4.019,8.35,8.35
1786344088.880,S1,recommend,0,prior,0.0,,,,1.24,,1.24
1786344088.880,S1,reserve,0,prior,0.0,,,,1.658,,1.658
1786344088.880,S1,search,0,prior,0.0,,,,6.899,,6.899
1786344088.880,S2,recommend,0,prior,0.0,,,,0.975,,0.975
1786344088.880,S2,reserve,0,prior,0.0,,,,1.332,,1.332
1786344088.880,S2,search,0,prior,0.0,,,,4.287,,4.287
1786344088.880,S3,recommend,1208,obs,0.9674,1.2468,2.569,65.1,1.0,2.569,2.569
1786344088.880,S3,reserve,600,obs,0.965,1.7655,3.387,67.9,1.348,3.387,3.387
1786344088.880,S3,search,899,obs,0.9626,5.4149,8.162,71.3,4.019,8.162,8.162
1786344089.881,S1,recommend,0,prior,0.0,,,,1.24,,1.24
1786344089.881,S1,reserve,0,prior,0.0,,,,1.658,,1.658
1786344089.881,S1,search,0,prior,0.0,,,,6.899,,6.899
1786344089.881,S2,recommend,0,prior,0.0,,,,0.975,,0.975
1786344089.881,S2,reserve,0,prior,0.0,,,,1.332,,1.332
1786344089.881,S2,search,0,prior,0.0,,,,4.287,,4.287
1786344089.881,S3,recommend,1202,obs,0.9674,1.1872,2.48,65.1,1.0,2.48,2.48
1786344089.881,S3,reserve,606,obs,0.965,1.538,2.914,67.9,1.348,2.914,2.914
1786344089.881,S3,search,898,obs,0.9621,5.1022,7.545,72.2,4.019,7.545,7.545
1786344090.881,S1,recommend,0,prior,0.0,,,,1.24,,1.24
1786344090.881,S1,reserve,0,prior,0.0,,,,1.658,,1.658
1786344090.881,S1,search,0,prior,0.0,,,,6.899,,6.899
1786344090.881,S2,recommend,0,prior,0.0,,,,0.975,,0.975
1786344090.881,S2,reserve,0,prior,0.0,,,,1.332,,1.332
1786344090.881,S2,search,0,prior,0.0,,,,4.287,,4.287
1786344090.881,S3,recommend,1206,obs,0.9671,1.2173,2.602,65.6,1.0,2.602,2.602
1786344090.881,S3,reserve,600,obs,0.9667,1.4988,2.778,65.0,1.348,2.778,2.778
1786344090.881,S3,search,904,obs,0.965,5.0971,7.598,67.1,4.019,7.598,7.598
1786344091.881,S1,recommend,0,prior,0.0,,,,1.24,,1.24
1786344091.881,S1,reserve,0,prior,0.0,,,,1.658,,1.658
1786344091.881,S1,search,0,prior,0.0,,,,6.899,,6.899
1786344091.881,S2,recommend,0,prior,0.0,,,,0.975,,0.975
1786344091.881,S2,reserve,0,prior,0.0,,,,1.332,,1.332
1786344091.881,S2,search,0,prior,0.0,,,,4.287,,4.287
1786344091.881,S3,recommend,1208,obs,0.9688,1.1676,2.362,62.2,1.0,2.362,2.362
1786344091.881,S3,reserve,604,obs,0.9667,1.487,2.701,65.1,1.348,2.701,2.701
1786344091.881,S3,search,900,obs,0.965,5.051,7.551,67.0,4.019,7.551,7.551
1786344092.880,S1,recommend,0,prior,0.0,,,,1.24,,1.24
1786344092.880,S1,reserve,0,prior,0.0,,,,1.658,,1.658
1786344092.880,S1,search,0,prior,0.0,,,,6.899,,6.899
1786344092.880,S2,recommend,0,prior,0.0,,,,0.975,,0.975
1786344092.880,S2,reserve,0,prior,0.0,,,,1.332,,1.332
1786344092.880,S2,search,0,prior,0.0,,,,4.287,,4.287
1786344092.880,S3,recommend,1207,obs,0.9693,1.1311,2.205,61.3,1.0,2.205,2.205
1786344092.880,S3,reserve,602,obs,0.9667,1.5125,2.969,65.1,1.348,2.969,2.969
1786344092.880,S3,search,904,obs,0.9636,5.0656,7.434,69.3,4.019,7.434,7.434
1786344093.881,S1,recommend,0,prior,0.0,,,,1.24,,1.24
1786344093.881,S1,reserve,0,prior,0.0,,,,1.658,,1.658
1786344093.881,S1,search,0,prior,0.0,,,,6.899,,6.899
1786344093.881,S2,recommend,0,prior,0.0,,,,0.975,,0.975
1786344093.881,S2,reserve,0,prior,0.0,,,,1.332,,1.332
1786344093.881,S2,search,0,prior,0.0,,,,4.287,,4.287
1786344093.881,S3,recommend,1210,obs,0.9686,1.1654,2.353,62.2,1.0,2.353,2.353
1786344093.881,S3,reserve,602,obs,0.9667,1.5365,2.814,65.0,1.348,2.814,2.814
1786344093.881,S3,search,900,obs,0.9636,5.1322,7.883,69.3,4.019,7.883,7.883
1786344094.881,S1,recommend,0,prior,0.0,,,,1.24,,1.24
1786344094.881,S1,reserve,0,prior,0.0,,,,1.658,,1.658
1786344094.881,S1,search,0,prior,0.0,,,,6.899,,6.899
1786344094.881,S2,recommend,0,prior,0.0,,,,0.975,,0.975
1786344094.881,S2,reserve,0,prior,0.0,,,,1.332,,1.332
1786344094.881,S2,search,0,prior,0.0,,,,4.287,,4.287
1786344094.881,S3,recommend,1204,obs,0.9689,1.2048,2.51,62.2,1.0,2.51,2.51
1786344094.881,S3,reserve,606,obs,0.9688,1.5589,2.889,60.8,1.348,2.889,2.889
1786344094.881,S3,search,906,obs,0.9664,5.239,8.174,63.6,4.019,8.174,8.174
1786344095.881,S1,recommend,0,prior,0.0,,,,1.24,,1.24
1786344095.881,S1,reserve,0,prior,0.0,,,,1.658,,1.658
1786344095.881,S1,search,0,prior,0.0,,,,6.899,,6.899
1786344095.881,S2,recommend,0,prior,0.0,,,,0.975,,0.975
1786344095.881,S2,reserve,0,prior,0.0,,,,1.332,,1.332
1786344095.881,S2,search,0,prior,0.0,,,,4.287,,4.287
1786344095.881,S3,recommend,1211,obs,0.9688,1.2012,2.531,62.2,1.0,2.531,2.531
1786344095.881,S3,reserve,602,obs,0.9688,1.5691,3.093,60.8,1.348,3.093,3.093
1786344095.881,S3,search,904,obs,0.9667,5.2019,8.053,63.6,4.019,8.053,8.053
1786344096.881,S1,recommend,0,prior,0.0,,,,1.24,,1.24
1786344096.881,S1,reserve,0,prior,0.0,,,,1.658,,1.658
1786344096.881,S1,search,0,prior,0.0,,,,6.899,,6.899
1786344096.881,S2,recommend,0,prior,0.0,,,,0.975,,0.975
1786344096.881,S2,reserve,0,prior,0.0,,,,1.332,,1.332
1786344096.881,S2,search,0,prior,0.0,,,,4.287,,4.287
1786344096.881,S3,recommend,1206,obs,0.971,1.1642,2.294,57.9,1.0,2.294,2.294
1786344096.881,S3,reserve,608,obs,0.9688,1.5368,3.093,60.8,1.348,3.093,3.093
1786344096.881,S3,search,904,obs,0.9676,5.1855,7.895,63.6,4.019,7.895,7.895
1786344097.881,S1,recommend,0,prior,0.0,,,,1.24,,1.24
1786344097.881,S1,reserve,0,prior,0.0,,,,1.658,,1.658
1786344097.881,S1,search,0,prior,0.0,,,,6.899,,6.899
1786344097.881,S2,recommend,0,prior,0.0,,,,0.975,,0.975
1786344097.881,S2,reserve,0,prior,0.0,,,,1.332,,1.332
1786344097.881,S2,search,0,prior,0.0,,,,4.287,,4.287
1786344097.881,S3,recommend,1211,obs,0.971,1.2563,2.729,57.9,1.0,2.729,2.729
1786344097.881,S3,reserve,602,obs,0.9688,1.583,3.259,60.8,1.348,3.259,3.259
1786344097.881,S3,search,907,obs,0.97,5.3819,8.439,59.3,4.019,8.439,8.439
1786344098.881,S1,recommend,0,prior,0.0,,,,1.24,,1.24
1786344098.881,S1,reserve,0,prior,0.0,,,,1.658,,1.658
1786344098.881,S1,search,0,prior,0.0,,,,6.899,,6.899
1786344098.881,S2,recommend,0,prior,0.0,,,,0.975,,0.975
1786344098.881,S2,reserve,0,prior,0.0,,,,1.332,,1.332
1786344098.881,S2,search,0,prior,0.0,,,,4.287,,4.287
1786344098.881,S3,recommend,1210,obs,0.9703,1.2765,2.765,57.9,1.0,2.765,2.765
1786344098.881,S3,reserve,606,obs,0.9672,1.6365,3.485,60.8,1.348,3.485,3.485
1786344098.881,S3,search,903,obs,0.97,5.3875,8.445,59.9,4.019,8.445,8.445
1786344099.881,S1,recommend,0,prior,0.0,,,,1.24,,1.24
1786344099.881,S1,reserve,0,prior,0.0,,,,1.658,,1.658
1786344099.881,S1,search,0,prior,0.0,,,,6.899,,6.899
1786344099.881,S2,recommend,0,prior,0.0,,,,0.975,,0.975
1786344099.881,S2,reserve,0,prior,0.0,,,,1.332,,1.332
1786344099.881,S2,search,0,prior,0.0,,,,4.287,,4.287
1786344099.881,S3,recommend,1210,obs,0.9717,1.194,2.476,55.1,1.0,2.476,2.476
1786344099.881,S3,reserve,604,obs,0.9688,1.5989,3.185,57.9,1.348,3.185,3.185
1786344099.881,S3,search,908,obs,0.97,5.2317,8.03,59.9,4.019,8.03,8.03
1786344100.880,S1,recommend,0,prior,0.0,,,,1.24,,1.24
1786344100.880,S1,reserve,0,prior,0.0,,,,1.658,,1.658
1786344100.880,S1,search,0,prior,0.0,,,,6.899,,6.899
1786344100.880,S2,recommend,0,prior,0.0,,,,0.975,,0.975
1786344100.880,S2,reserve,0,prior,0.0,,,,1.332,,1.332
1786344100.880,S2,search,0,prior,0.0,,,,4.287,,4.287
1786344100.880,S3,recommend,1214,obs,0.9717,1.1938,2.565,54.2,1.0,2.565,2.565
1786344100.880,S3,reserve,605,obs,0.971,1.5589,2.976,53.6,1.348,2.976,2.976
1786344100.880,S3,search,905,obs,0.9676,5.2407,8.259,59.9,4.019,8.259,8.259
1786344101.881,S1,recommend,0,prior,0.0,,,,1.24,,1.24
1786344101.881,S1,reserve,0,prior,0.0,,,,1.658,,1.658
1786344101.881,S1,search,0,prior,0.0,,,,6.899,,6.899
1786344101.881,S2,recommend,0,prior,0.0,,,,0.975,,0.975
1786344101.881,S2,reserve,0,prior,0.0,,,,1.332,,1.332
1786344101.881,S2,search,0,prior,0.0,,,,4.287,,4.287
1786344101.881,S3,recommend,1211,obs,0.9739,1.2093,2.565,50.8,1.0,2.565,2.565
1786344101.881,S3,reserve,607,obs,0.9714,1.5676,2.984,52.8,1.348,2.984,2.984
1786344101.881,S3,search,910,obs,0.9717,5.2524,8.412,56.5,4.019,8.412,8.412
1786344102.880,S1,recommend,0,prior,0.0,,,,1.24,,1.24
1786344102.880,S1,reserve,0,prior,0.0,,,,1.658,,1.658
1786344102.880,S1,search,0,prior,0.0,,,,6.899,,6.899
1786344102.880,S2,recommend,0,prior,0.0,,,,0.975,,0.975
1786344102.880,S2,reserve,0,prior,0.0,,,,1.332,,1.332
1786344102.880,S2,search,0,prior,0.0,,,,4.287,,4.287
1786344102.880,S3,recommend,1215,obs,0.9739,1.1764,2.453,50.7,1.0,2.453,2.453
1786344102.880,S3,reserve,605,obs,0.9714,1.5476,2.878,52.8,1.348,2.878,2.878
1786344102.880,S3,search,908,obs,0.9717,5.1298,7.817,56.5,4.019,7.817,7.817
1786344103.880,S1,recommend,0,prior,0.0,,,,1.24,,1.24
1786344103.880,S1,reserve,0,prior,0.0,,,,1.658,,1.658
1786344103.880,S1,search,0,prior,0.0,,,,6.899,,6.899
1786344103.880,S2,recommend,0,prior,0.0,,,,0.975,,0.975
1786344103.880,S2,reserve,0,prior,0.0,,,,1.332,,1.332
1786344103.880,S2,search,0,prior,0.0,,,,4.287,,4.287
1786344103.880,S3,recommend,1210,obs,0.9739,1.1653,2.326,50.7,1.0,2.326,2.326
1786344103.880,S3,reserve,610,obs,0.971,1.5591,2.989,53.6,1.348,2.989,2.989
1786344103.880,S3,search,909,obs,0.9736,5.1762,7.776,52.7,4.019,7.776,7.776
1786344104.881,S1,recommend,0,prior,0.0,,,,1.24,,1.24
1786344104.881,S1,reserve,0,prior,0.0,,,,1.658,,1.658
1786344104.881,S1,search,0,prior,0.0,,,,6.899,,6.899
1786344104.881,S2,recommend,0,prior,0.0,,,,0.975,,0.975
1786344104.881,S2,reserve,0,prior,0.0,,,,1.332,,1.332
1786344104.881,S2,search,0,prior,0.0,,,,4.287,,4.287
1786344104.881,S3,recommend,1215,obs,0.9736,1.1755,2.34,50.8,1.0,2.34,2.34
1786344104.881,S3,reserve,604,obs,0.9712,1.5512,2.888,53.6,1.348,2.888,2.888
1786344104.881,S3,search,911,obs,0.9738,5.1943,7.859,52.2,4.019,7.859,7.859
1786344105.880,S1,recommend,0,prior,0.0,,,,1.24,,1.24
1786344105.880,S1,reserve,0,prior,0.0,,,,1.658,,1.658
1786344105.880,S1,search,0,prior,0.0,,,,6.899,,6.899
1786344105.880,S2,recommend,0,prior,0.0,,,,0.975,,0.975
1786344105.880,S2,reserve,0,prior,0.0,,,,1.332,,1.332
1786344105.880,S2,search,0,prior,0.0,,,,4.287,,4.287
1786344105.880,S3,recommend,1214,obs,0.9753,1.2468,2.622,47.9,1.0,2.622,2.622
1786344105.880,S3,reserve,609,obs,0.9714,1.6238,3.122,53.6,1.348,3.122,3.122
1786344105.880,S3,search,907,obs,0.9733,5.3968,8.536,52.7,4.019,8.536,8.536
1786344106.881,S1,recommend,0,prior,0.0,,,,1.24,,1.24
1786344106.881,S1,reserve,0,prior,0.0,,,,1.658,,1.658
1786344106.881,S1,search,0,prior,0.0,,,,6.899,,6.899
1786344106.881,S2,recommend,0,prior,0.0,,,,0.975,,0.975
1786344106.881,S2,reserve,0,prior,0.0,,,,1.332,,1.332
1786344106.881,S2,search,0,prior,0.0,,,,4.287,,4.287
1786344106.881,S3,recommend,1215,obs,0.9757,1.2359,2.549,47.0,1.0,2.549,2.549
1786344106.881,S3,reserve,606,obs,0.9717,1.6806,3.169,53.6,1.348,3.169,3.169
1786344106.881,S3,search,912,obs,0.9736,5.454,8.653,52.2,4.019,8.653,8.653
1786344107.880,S1,recommend,0,prior,0.0,,,,1.24,,1.24
1786344107.880,S1,reserve,0,prior,0.0,,,,1.658,,1.658
1786344107.880,S1,search,0,prior,0.0,,,,6.899,,6.899
1786344107.880,S2,recommend,0,prior,0.0,,,,0.975,,0.975
1786344107.880,S2,reserve,0,prior,0.0,,,,1.332,,1.332
1786344107.880,S2,search,0,prior,0.0,,,,4.287,,4.287
1786344107.880,S3,recommend,1218,obs,0.976,1.1822,2.306,46.4,1.0,2.306,2.306
1786344107.880,S3,reserve,606,obs,0.9712,1.6557,3.171,53.6,1.348,3.171,3.171
1786344107.880,S3,search,909,obs,0.9735,5.3831,8.125,52.8,4.019,8.125,8.125
1786344108.880,S1,recommend,0,prior,0.0,,,,1.24,,1.24
1786344108.880,S1,reserve,0,prior,0.0,,,,1.658,,1.658
1786344108.880,S1,search,0,prior,0.0,,,,6.899,,6.899
1786344108.880,S2,recommend,0,prior,0.0,,,,0.975,,0.975
1786344108.880,S2,reserve,0,prior,0.0,,,,1.332,,1.332
1786344108.880,S2,search,0,prior,0.0,,,,4.287,,4.287
1786344108.880,S3,recommend,1216,obs,0.976,1.2351,2.517,46.4,1.0,2.517,2.517
1786344108.880,S3,reserve,608,obs,0.9759,1.699,3.594,45.1,1.348,3.594,3.594
1786344108.880,S3,search,914,obs,0.975,5.4322,8.531,49.3,4.019,8.531,8.531
1786344109.881,S1,recommend,0,prior,0.0,,,,1.24,,1.24
1786344109.881,S1,reserve,0,prior,0.0,,,,1.658,,1.658
1786344109.881,S1,search,0,prior,0.0,,,,6.899,,6.899
1786344109.881,S2,recommend,0,prior,0.0,,,,0.975,,0.975
1786344109.881,S2,reserve,0,prior,0.0,,,,1.332,,1.332
1786344109.881,S2,search,0,prior,0.0,,,,4.287,,4.287
1786344109.881,S3,recommend,1218,obs,0.9757,1.2011,2.514,47.0,1.0,2.514,2.514
1786344109.881,S3,reserve,608,obs,0.976,1.5727,2.968,45.0,1.348,2.968,2.968
1786344109.881,S3,search,912,obs,0.9753,5.1076,7.706,49.3,4.019,7.706,7.706
1786344110.881,S1,recommend,0,prior,0.0,,,,1.24,,1.24
1786344110.881,S1,reserve,0,prior,0.0,,,,1.658,,1.658
1786344110.881,S1,search,0,prior,0.0,,,,6.899,,6.899
1786344110.881,S2,recommend,0,prior,0.0,,,,0.975,,0.975
1786344110.881,S2,reserve,0,prior,0.0,,,,1.332,,1.332
1786344110.881,S2,search,0,prior,0.0,,,,4.287,,4.287
1786344110.881,S3,recommend,1214,obs,0.9774,1.197,2.41,43.6,1.0,2.41,2.41
1786344110.881,S3,reserve,611,obs,0.9757,1.5617,2.93,45.6,1.348,2.93,2.93
1786344110.881,S3,search,913,obs,0.9752,5.1582,7.919,49.3,4.019,7.919,7.919
1786344111.881,S1,recommend,0,prior,0.0,,,,1.24,,1.24
1786344111.881,S1,reserve,0,prior,0.0,,,,1.658,,1.658
1786344111.881,S1,search,0,prior,0.0,,,,6.899,,6.899
1786344111.881,S2,recommend,0,prior,0.0,,,,0.975,,0.975
1786344111.881,S2,reserve,0,prior,0.0,,,,1.332,,1.332
1786344111.881,S2,search,0,prior,0.0,,,,4.287,,4.287
1786344111.881,S3,recommend,1221,obs,0.9779,1.1963,2.465,42.7,1.0,2.465,2.465
1786344111.881,S3,reserve,606,obs,0.9754,1.6177,3.267,45.6,1.348,3.267,3.267
1786344111.881,S3,search,913,obs,0.9772,5.2664,8.239,45.0,4.019,8.239,8.239
1786344112.881,S1,recommend,0,prior,0.0,,,,1.24,,1.24
1786344112.881,S1,reserve,0,prior,0.0,,,,1.658,,1.658
1786344112.881,S1,search,0,prior,0.0,,,,6.899,,6.899
1786344112.881,S2,recommend,0,prior,0.0,,,,0.975,,0.975
1786344112.881,S2,reserve,0,prior,0.0,,,,1.332,,1.332
1786344112.881,S2,search,0,prior,0.0,,,,4.287,,4.287
1786344112.881,S3,recommend,1218,obs,0.9778,1.1555,2.461,43.6,1.0,2.461,2.461
1786344112.881,S3,reserve,611,obs,0.9753,1.6072,3.137,46.5,1.348,3.137,3.137
1786344112.881,S3,search,911,obs,0.9774,5.1616,8.042,45.0,4.019,8.042,8.042
1786344113.881,S1,recommend,0,prior,0.0,,,,1.24,,1.24
1786344113.881,S1,reserve,0,prior,0.0,,,,1.658,,1.658
1786344113.881,S1,search,0,prior,0.0,,,,6.899,,6.899
1786344113.881,S2,recommend,0,prior,0.0,,,,0.975,,0.975
1786344113.881,S2,reserve,0,prior,0.0,,,,1.332,,1.332
1786344113.881,S2,search,0,prior,0.0,,,,4.287,,4.287
1786344113.881,S3,recommend,1220,obs,0.9793,1.253,2.835,40.7,1.0,2.835,2.835
1786344113.881,S3,reserve,607,obs,0.9753,1.7404,4.007,46.5,1.348,4.007,4.007
1786344113.881,S3,search,916,obs,0.9775,5.6574,9.787,45.0,4.019,9.787,9.787
1786344114.880,S1,recommend,0,prior,0.0,,,,1.24,,1.24
1786344114.880,S1,reserve,0,prior,0.0,,,,1.658,,1.658
1786344114.880,S1,search,0,prior,0.0,,,,6.899,,6.899
1786344114.880,S2,recommend,0,prior,0.0,,,,0.975,,0.975
1786344114.880,S2,reserve,0,prior,0.0,,,,1.332,,1.332
1786344114.880,S2,search,0,prior,0.0,,,,4.287,,4.287
1786344114.880,S3,recommend,1224,obs,0.9803,1.2699,2.835,39.3,1.0,2.835,2.835
1786344114.880,S3,reserve,608,obs,0.9736,1.6964,3.637,46.4,1.348,3.637,3.637
1786344114.880,S3,search,914,obs,0.9778,5.6616,9.905,42.2,4.019,9.905,9.905
1786344115.880,S1,recommend,0,prior,0.0,,,,1.24,,1.24
1786344115.880,S1,reserve,0,prior,0.0,,,,1.658,,1.658
1786344115.880,S1,search,0,prior,0.0,,,,6.899,,6.899
1786344115.880,S2,recommend,0,prior,0.0,,,,0.975,,0.975
1786344115.880,S2,reserve,0,prior,0.0,,,,1.332,,1.332
1786344115.880,S2,search,0,prior,0.0,,,,4.287,,4.287
1786344115.880,S3,recommend,1222,obs,0.9803,1.1898,2.474,39.3,1.0,2.474,2.474
1786344115.880,S3,reserve,610,obs,0.9781,1.5648,3.225,37.9,1.348,3.225,3.225
1786344115.880,S3,search,916,obs,0.9781,5.2062,8.061,42.2,4.019,8.061,8.061
1786344116.880,S1,recommend,0,prior,0.0,,,,1.24,,1.24
1786344116.880,S1,reserve,0,prior,0.0,,,,1.658,,1.658
1786344116.880,S1,search,0,prior,0.0,,,,6.899,,6.899
1786344116.880,S2,recommend,0,prior,0.0,,,,0.975,,0.975
1786344116.880,S2,reserve,0,prior,0.0,,,,1.332,,1.332
1786344116.880,S2,search,0,prior,0.0,,,,4.287,,4.287
1786344116.880,S3,recommend,1224,obs,0.9803,1.1789,2.457,39.3,1.0,2.457,2.457
1786344116.880,S3,reserve,610,obs,0.9781,1.5655,3.448,37.9,1.348,3.448,3.448
1786344116.880,S3,search,914,obs,0.9779,5.1421,7.96,42.2,4.019,7.96,7.96
1786344117.880,S1,recommend,0,prior,0.0,,,,1.24,,1.24
1786344117.880,S1,reserve,0,prior,0.0,,,,1.658,,1.658
1786344117.880,S1,search,0,prior,0.0,,,,6.899,,6.899
1786344117.880,S2,recommend,0,prior,0.0,,,,0.975,,0.975
1786344117.880,S2,reserve,0,prior,0.0,,,,1.332,,1.332
1786344117.880,S2,search,0,prior,0.0,,,,4.287,,4.287
1786344117.880,S3,recommend,1220,obs,0.9803,1.2606,2.703,39.3,1.0,2.703,2.703
1786344117.880,S3,reserve,612,obs,0.9781,1.6777,3.546,37.9,1.348,3.546,3.546
1786344117.880,S3,search,916,obs,0.9778,5.3924,8.49,42.2,4.019,8.49,8.49
1786344118.881,S1,recommend,0,prior,0.0,,,,1.24,,1.24
1786344118.881,S1,reserve,0,prior,0.0,,,,1.658,,1.658
1786344118.881,S1,search,0,prior,0.0,,,,6.899,,6.899
1786344118.881,S2,recommend,0,prior,0.0,,,,0.975,,0.975
1786344118.881,S2,reserve,0,prior,0.0,,,,1.332,,1.332
1786344118.881,S2,search,0,prior,0.0,,,,4.287,,4.287
1786344118.881,S3,recommend,1227,obs,0.9821,1.2622,2.814,35.6,1.0,2.814,2.814
1786344118.881,S3,reserve,608,obs,0.9781,1.6431,3.337,37.9,1.348,3.337,3.337
1786344118.881,S3,search,914,obs,0.9781,5.3604,8.662,42.2,4.019,8.662,8.662
1786344119.880,S1,recommend,0,prior,0.0,,,,1.24,,1.24
1786344119.880,S1,reserve,0,prior,0.0,,,,1.658,,1.658
1786344119.880,S1,search,0,prior,0.0,,,,6.899,,6.899
1786344119.880,S2,recommend,0,prior,0.0,,,,0.975,,0.975
1786344119.880,S2,reserve,0,prior,0.0,,,,1.332,,1.332
1786344119.880,S2,search,0,prior,0.0,,,,4.287,,4.287
1786344119.880,S3,recommend,1222,obs,0.9822,1.1992,2.553,35.6,1.0,2.553,2.553
1786344119.880,S3,reserve,614,obs,0.9779,1.4919,2.689,38.4,1.348,2.689,2.689
1786344119.880,S3,search,913,obs,0.9782,5.1058,7.864,42.1,4.019,7.864,7.864
1786344120.881,S1,recommend,0,prior,0.0,,,,1.24,,1.24
1786344120.881,S1,reserve,0,prior,0.0,,,,1.658,,1.658
1786344120.881,S1,search,0,prior,0.0,,,,6.899,,6.899
1786344120.881,S2,recommend,0,prior,0.0,,,,0.975,,0.975
1786344120.881,S2,reserve,0,prior,0.0,,,,1.332,,1.332
1786344120.881,S2,search,0,prior,0.0,,,,4.287,,4.287
1786344120.881,S3,recommend,1223,obs,0.9821,1.1957,2.474,35.6,1.0,2.474,2.474
1786344120.881,S3,reserve,611,obs,0.9825,1.5313,2.933,34.1,1.348,2.933,2.933
1786344120.881,S3,search,917,obs,0.9803,5.0857,7.573,37.9,4.019,7.573,7.573
1786344121.881,S1,recommend,0,prior,0.0,,,,1.24,,1.24
1786344121.881,S1,reserve,0,prior,0.0,,,,1.658,,1.658
1786344121.881,S1,search,0,prior,0.0,,,,6.899,,6.899
1786344121.881,S2,recommend,0,prior,0.0,,,,0.975,,0.975
1786344121.881,S2,reserve,0,prior,0.0,,,,1.332,,1.332
1786344121.881,S2,search,0,prior,0.0,,,,4.287,,4.287
1786344121.881,S3,recommend,1225,obs,0.9831,1.1723,2.367,33.6,1.0,2.367,2.367
1786344121.881,S3,reserve,613,obs,0.9826,1.5401,3.01,34.2,1.348,3.01,3.01
1786344121.881,S3,search,915,obs,0.98,5.0621,7.628,37.9,4.019,7.628,7.628
1786344122.880,S1,recommend,0,prior,0.0,,,,1.24,,1.24
1786344122.880,S1,reserve,0,prior,0.0,,,,1.658,,1.658
1786344122.880,S1,search,0,prior,0.0,,,,6.899,,6.899
1786344122.880,S2,recommend,0,prior,0.0,,,,0.975,,0.975
1786344122.880,S2,reserve,0,prior,0.0,,,,1.332,,1.332
1786344122.880,S2,search,0,prior,0.0,,,,4.287,,4.287
1786344122.880,S3,recommend,1224,obs,0.9824,1.1762,2.322,32.2,1.0,2.322,2.322
1786344122.880,S3,reserve,613,obs,0.9843,1.5256,2.811,31.3,1.348,2.811,2.811
1786344122.880,S3,search,920,obs,0.9817,5.1545,7.717,35.0,4.019,7.717,7.717
1786344123.881,S1,recommend,0,prior,0.0,,,,1.24,,1.24
1786344123.881,S1,reserve,0,prior,0.0,,,,1.658,,1.658
1786344123.881,S1,search,0,prior,0.0,,,,6.899,,6.899
1786344123.881,S2,recommend,0,prior,0.0,,,,0.975,,0.975
1786344123.881,S2,reserve,0,prior,0.0,,,,1.332,,1.332
1786344123.881,S2,search,0,prior,0.0,,,,4.287,,4.287
1786344123.881,S3,recommend,1226,obs,0.9824,1.2111,2.458,32.2,1.0,2.458,2.458
1786344123.881,S3,reserve,614,obs,0.9846,1.5834,2.9,30.7,1.348,2.9,2.9
1786344123.881,S3,search,918,obs,0.9814,5.3028,8.045,35.0,4.019,8.045,8.045
1786344124.880,S1,recommend,0,prior,0.0,,,,1.24,,1.24
1786344124.880,S1,reserve,0,prior,0.0,,,,1.658,,1.658
1786344124.880,S1,search,0,prior,0.0,,,,6.899,,6.899
1786344124.880,S2,recommend,0,prior,0.0,,,,0.975,,0.975
1786344124.880,S2,reserve,0,prior,0.0,,,,1.332,,1.332
1786344124.880,S2,search,0,prior,0.0,,,,4.287,,4.287
1786344124.880,S3,recommend,1222,obs,0.9825,1.2219,2.574,32.1,1.0,2.574,2.574
1786344124.880,S3,reserve,616,obs,0.9843,1.659,3.268,30.7,1.348,3.268,3.268
1786344124.880,S3,search,920,obs,0.9814,5.3892,8.495,35.0,4.019,8.495,8.495
1786344125.881,S1,recommend,0,prior,0.0,,,,1.24,,1.24
1786344125.881,S1,reserve,0,prior,0.0,,,,1.658,,1.658
1786344125.881,S1,search,0,prior,0.0,,,,6.899,,6.899
1786344125.881,S2,recommend,0,prior,0.0,,,,0.975,,0.975
1786344125.881,S2,reserve,0,prior,0.0,,,,1.332,,1.332
1786344125.881,S2,search,0,prior,0.0,,,,4.287,,4.287
1786344125.881,S3,recommend,1230,obs,0.9846,1.1654,2.439,27.9,1.0,2.439,2.439
1786344125.881,S3,reserve,612,obs,0.9846,1.6257,3.182,30.7,1.348,3.182,3.182
1786344125.881,S3,search,919,obs,0.9843,5.2484,7.981,29.9,4.019,7.981,7.981
1786344126.880,S1,recommend,0,prior,0.0,,,,1.24,,1.24
1786344126.880,S1,reserve,0,prior,0.0,,,,1.658,,1.658
1786344126.880,S1,search,0,prior,0.0,,,,6.899,,6.899
1786344126.880,S2,recommend,0,prior,0.0,,,,0.975,,0.975
1786344126.880,S2,reserve,0,prior,0.0,,,,1.332,,1.332
1786344126.880,S2,search,0,prior,0.0,,,,4.287,,4.287
1786344126.880,S3,recommend,1162,obs,0.9338,1.1413,2.428,129.3,1.0,2.428,2.428
1786344126.880,S3,reserve,588,obs,0.936,1.5639,3.042,127.9,1.348,3.042,3.042
1786344126.880,S3,search,872,obs,0.9336,5.0983,7.556,130.8,4.019,7.556,7.556
1786344127.880,S1,recommend,0,prior,0.0,,,,1.24,,1.24
1786344127.880,S1,reserve,0,prior,0.0,,,,1.658,,1.658
1786344127.880,S1,search,0,prior,0.0,,,,6.899,,6.899
1786344127.880,S2,recommend,0,prior,0.0,,,,0.975,,0.975
1786344127.880,S2,reserve,0,prior,0.0,,,,1.332,,1.332
1786344127.880,S2,search,0,prior,0.0,,,,4.287,,4.287
1786344127.880,S3,recommend,1163,obs,0.9336,1.3175,2.977,126.5,1.0,2.977,2.977
1786344127.880,S3,reserve,581,obs,0.9335,1.7673,4.188,132.7,1.348,4.188,4.188
1786344127.880,S3,search,871,obs,0.9281,5.6511,10.111,142.1,4.019,10.111,10.111
1786344128.881,S1,recommend,0,prior,0.0,,,,1.24,,1.24
1786344128.881,S1,reserve,0,prior,0.0,,,,1.658,,1.658
1786344128.881,S1,search,0,prior,0.0,,,,6.899,,6.899
1786344128.881,S2,recommend,0,prior,0.0,,,,0.975,,0.975
1786344128.881,S2,reserve,0,prior,0.0,,,,1.332,,1.332
1786344128.881,S2,search,0,prior,0.0,,,,4.287,,4.287
1786344128.881,S3,recommend,1170,obs,0.9362,1.3443,3.121,125.5,1.0,3.121,3.121
1786344128.881,S3,reserve,582,obs,0.9357,1.7614,3.862,128.5,1.348,3.862,3.862
1786344128.881,S3,search,872,obs,0.935,5.8173,11.616,129.3,4.019,11.616,11.616
1786344129.880,S1,recommend,0,prior,0.0,,,,1.24,,1.24
1786344129.880,S1,reserve,0,prior,0.0,,,,1.658,,1.658
1786344129.880,S1,search,0,prior,0.0,,,,6.899,,6.899
1786344129.880,S2,recommend,0,prior,0.0,,,,0.975,,0.975
1786344129.880,S2,reserve,0,prior,0.0,,,,1.332,,1.332
1786344129.880,S2,search,0,prior,0.0,,,,4.287,,4.287
1786344129.880,S3,recommend,1165,obs,0.9376,1.161,2.343,122.1,1.0,2.343,2.343
1786344129.880,S3,reserve,586,obs,0.9374,1.554,2.802,125.0,1.348,2.802,2.802
1786344129.880,S3,search,877,obs,0.935,5.1369,7.828,127.0,4.019,7.828,7.828
1786344130.880,S1,recommend,0,prior,0.0,,,,1.24,,1.24
1786344130.880,S1,reserve,0,prior,0.0,,,,1.658,,1.658
1786344130.880,S1,search,0,prior,0.0,,,,6.899,,6.899
1786344130.880,S2,recommend,0,prior,0.0,,,,0.975,,0.975
1786344130.880,S2,reserve,0,prior,0.0,,,,1.332,,1.332
1786344130.880,S2,search,0,prior,0.0,,,,4.287,,4.287
1786344130.880,S3,recommend,1173,obs,0.9386,1.1555,2.303,121.2,1.0,2.303,2.303
1786344130.880,S3,reserve,580,obs,0.9353,1.5599,2.885,125.0,1.348,2.885,2.885
1786344130.880,S3,search,877,obs,0.9379,5.1526,7.74,123.6,4.019,7.74,7.74
1786344131.880,S1,recommend,0,prior,0.0,,,,1.24,,1.24
1786344131.880,S1,reserve,0,prior,0.0,,,,1.658,,1.658
1786344131.880,S1,search,0,prior,0.0,,,,6.899,,6.899
1786344131.880,S2,recommend,0,prior,0.0,,,,0.975,,0.975
1786344131.880,S2,reserve,0,prior,0.0,,,,1.332,,1.332
1786344131.880,S2,search,0,prior,0.0,,,,4.287,,4.287
1786344131.880,S3,recommend,1168,obs,0.9381,1.171,2.425,122.1,1.0,2.425,2.425
1786344131.880,S3,reserve,588,obs,0.936,1.5304,2.885,120.7,1.348,2.885,2.885
1786344131.880,S3,search,876,obs,0.9381,5.099,7.615,123.6,4.019,7.615,7.615
1786344132.880,S1,recommend,0,prior,0.0,,,,1.24,,1.24
1786344132.880,S1,reserve,0,prior,0.0,,,,1.658,,1.658
1786344132.880,S1,search,0,prior,0.0,,,,6.899,,6.899
1786344132.880,S2,recommend,0,prior,0.0,,,,0.975,,0.975
1786344132.880,S2,reserve,0,prior,0.0,,,,1.332,,1.332
1786344132.880,S2,search,0,prior,0.0,,,,4.287,,4.287
1786344132.880,S3,recommend,1172,obs,0.9381,1.1546,2.453,122.2,1.0,2.453,2.453
1786344132.880,S3,reserve,582,obs,0.936,1.5363,2.956,120.7,1.348,2.956,2.956
1786344132.880,S3,search,878,obs,0.9378,5.0312,7.362,123.6,4.019,7.362,7.362
1786344133.881,S1,recommend,0,prior,0.0,,,,1.24,,1.24
1786344133.881,S1,reserve,0,prior,0.0,,,,1.658,,1.658
1786344133.881,S1,search,0,prior,0.0,,,,6.899,,6.899
1786344133.881,S2,recommend,0,prior,0.0,,,,0.975,,0.975
1786344133.881,S2,reserve,0,prior,0.0,,,,1.332,,1.332
1786344133.881,S2,search,0,prior,0.0,,,,4.287,,4.287
1786344133.881,S3,recommend,1168,obs,0.9382,1.1301,2.268,122.2,1.0,2.268,2.268
1786344133.881,S3,reserve,588,obs,0.936,1.5248,2.758,120.7,1.348,2.758,2.758
1786344133.881,S3,search,875,obs,0.9379,5.0684,7.424,124.2,4.019,7.424,7.424
1786344134.880,S1,recommend,0,prior,0.0,,,,1.24,,1.24
1786344134.880,S1,reserve,0,prior,0.0,,,,1.658,,1.658
1786344134.880,S1,search,0,prior,0.0,,,,6.899,,6.899
1786344134.880,S2,recommend,0,prior,0.0,,,,0.975,,0.975
1786344134.880,S2,reserve,0,prior,0.0,,,,1.332,,1.332
1786344134.880,S2,search,0,prior,0.0,,,,4.287,,4.287
1786344134.880,S3,recommend,1172,obs,0.9403,1.1415,2.229,117.9,1.0,2.229,2.229
1786344134.880,S3,reserve,582,obs,0.936,1.5076,2.645,120.7,1.348,2.645,2.645
1786344134.880,S3,search,880,obs,0.9376,5.0509,7.626,123.6,4.019,7.626,7.626
1786344135.886,S1,recommend,0,prior,0.0,,,,1.24,,1.24
1786344135.886,S1,reserve,0,prior,0.0,,,,1.658,,1.658
1786344135.886,S1,search,0,prior,0.0,,,,6.899,,6.899
1786344135.886,S2,recommend,0,prior,0.0,,,,0.975,,0.975
1786344135.886,S2,reserve,0,prior,0.0,,,,1.332,,1.332
1786344135.886,S2,search,0,prior,0.0,,,,4.287,,4.287
1786344135.886,S3,recommend,1174,obs,0.9403,1.1538,2.302,117.6,1.0,2.302,2.302
1786344135.886,S3,reserve,586,obs,0.9357,1.5495,2.791,120.4,1.348,2.791,2.791
1786344135.886,S3,search,876,obs,0.9403,5.0525,7.742,119.0,4.019,7.742,7.742
1786344136.880,S1,recommend,0,prior,0.0,,,,1.24,,1.24
1786344136.880,S1,reserve,0,prior,0.0,,,,1.658,,1.658
1786344136.880,S1,search,0,prior,0.0,,,,6.899,,6.899
1786344136.880,S2,recommend,0,prior,0.0,,,,0.975,,0.975
1786344136.880,S2,reserve,0,prior,0.0,,,,1.332,,1.332
1786344136.880,S2,search,0,prior,0.0,,,,4.287,,4.287
1786344136.880,S3,recommend,1169,obs,0.9419,1.1975,2.452,115.5,1.0,2.452,2.452
1786344136.880,S3,reserve,587,obs,0.9383,1.5576,2.822,121.3,1.348,2.822,2.822
1786344136.880,S3,search,879,obs,0.9389,5.1789,7.931,122.2,4.019,7.931,7.931
1786344137.881,S1,recommend,0,prior,0.0,,,,1.24,,1.24
1786344137.881,S1,reserve,0,prior,0.0,,,,1.658,,1.658
1786344137.881,S1,search,0,prior,0.0,,,,6.899,,6.899
1786344137.881,S2,recommend,0,prior,0.0,,,,0.975,,0.975
1786344137.881,S2,reserve,0,prior,0.0,,,,1.332,,1.332
1786344137.881,S2,search,0,prior,0.0,,,,4.287,,4.287
1786344137.881,S3,recommend,1179,obs,0.9429,1.2509,2.719,113.5,1.0,2.719,2.719
1786344137.881,S3,reserve,583,obs,0.94,1.6301,2.91,117.9,1.348,2.91,2.91
1786344137.881,S3,search,879,obs,0.9418,5.2849,7.98,116.3,4.019,7.98,7.98
1786344138.880,S1,recommend,0,prior,0.0,,,,1.24,,1.24
1786344138.880,S1,reserve,0,prior,0.0,,,,1.658,,1.658
1786344138.880,S1,search,0,prior,0.0,,,,6.899,,6.899
1786344138.880,S2,recommend,0,prior,0.0,,,,0.975,,0.975
1786344138.880,S2,reserve,0,prior,0.0,,,,1.332,,1.332
1786344138.880,S2,search,0,prior,0.0,,,,4.287,,4.287
1786344138.880,S3,recommend,1173,obs,0.9429,1.2187,2.587,114.2,1.0,2.587,2.587
1786344138.880,S3,reserve,591,obs,0.9424,1.597,2.918,113.6,1.348,2.918,2.918
1786344138.880,S3,search,879,obs,0.9403,5.2562,8.145,116.4,4.019,8.145,8.145
1786344139.880,S1,recommend,0,prior,0.0,,,,1.24,,1.24
1786344139.880,S1,reserve,0,prior,0.0,,,,1.658,,1.658
1786344139.880,S1,search,0,prior,0.0,,,,6.899,,6.899
1786344139.880,S2,recommend,0,prior,0.0,,,,0.975,,0.975
1786344139.880,S2,reserve,0,prior,0.0,,,,1.332,,1.332
1786344139.880,S2,search,0,prior,0.0,,,,4.287,,4.287
1786344139.880,S3,recommend,1177,obs,0.9429,1.1309,2.285,114.1,1.0,2.285,2.285
1786344139.880,S3,reserve,586,obs,0.9429,1.4563,2.781,112.7,1.348,2.781,2.781
1786344139.880,S3,search,880,obs,0.94,5.0464,7.483,116.5,4.019,7.483,7.483
1786344140.880,S1,recommend,0,prior,0.0,,,,1.24,,1.24
1786344140.880,S1,reserve,0,prior,0.0,,,,1.658,,1.658
1786344140.880,S1,search,0,prior,0.0,,,,6.899,,6.899
1786344140.880,S2,recommend,0,prior,0.0,,,,0.975,,0.975
1786344140.880,S2,reserve,0,prior,0.0,,,,1.332,,1.332
1786344140.880,S2,search,0,prior,0.0,,,,4.287,,4.287
1786344140.880,S3,recommend,1174,obs,0.9443,1.155,2.321,111.3,1.0,2.321,2.321
1786344140.880,S3,reserve,592,obs,0.9421,1.5089,3.009,113.6,1.348,3.009,3.009
1786344140.880,S3,search,878,obs,0.9403,5.1157,7.746,116.5,4.019,7.746,7.746
1786344141.881,S1,recommend,0,prior,0.0,,,,1.24,,1.24
1786344141.881,S1,reserve,0,prior,0.0,,,,1.658,,1.658
1786344141.881,S1,search,0,prior,0.0,,,,6.899,,6.899
1786344141.881,S2,recommend,0,prior,0.0,,,,0.975,,0.975
1786344141.881,S2,reserve,0,prior,0.0,,,,1.332,,1.332
1786344141.881,S2,search,0,prior,0.0,,,,4.287,,4.287
1786344141.881,S3,recommend,1176,obs,0.9446,1.187,2.438,110.7,1.0,2.438,2.438
1786344141.881,S3,reserve,586,obs,0.9424,1.5642,3.021,113.6,1.348,3.021,3.021
1786344141.881,S3,search,882,obs,0.9403,5.2061,8.146,116.5,4.019,8.146,8.146
1786344142.880,S1,recommend,0,prior,0.0,,,,1.24,,1.24
1786344142.880,S1,reserve,0,prior,0.0,,,,1.658,,1.658
1786344142.880,S1,search,0,prior,0.0,,,,6.899,,6.899
1786344142.880,S2,recommend,0,prior,0.0,,,,0.975,,0.975
1786344142.880,S2,reserve,0,prior,0.0,,,,1.332,,1.332
1786344142.880,S2,search,0,prior,0.0,,,,4.287,,4.287
1786344142.880,S3,recommend,1178,obs,0.9445,1.1769,2.478,110.7,1.0,2.478,2.478
1786344142.880,S3,reserve,590,obs,0.9424,1.5485,2.924,113.6,1.348,2.924,2.924
1786344142.880,S3,search,876,obs,0.94,5.0841,7.702,116.4,4.019,7.702,7.702
1786344143.880,S1,recommend,0,prior,0.0,,,,1.24,,1.24
1786344143.880,S1,reserve,0,prior,0.0,,,,1.658,,1.658
1786344143.880,S1,search,0,prior,0.0,,,,6.899,,6.899
1786344143.880,S2,recommend,0,prior,0.0,,,,0.975,,0.975
1786344143.880,S2,reserve,0,prior,0.0,,,,1.332,,1.332
1786344143.880,S2,search,0,prior,0.0,,,,4.287,,4.287
1786344143.880,S3,recommend,1172,obs,0.9445,1.2329,2.69,110.7,1.0,2.69,2.69
1786344143.880,S3,reserve,590,obs,0.9422,1.5486,3.064,113.5,1.348,3.064,3.064
1786344143.880,S3,search,883,obs,0.9424,5.2149,7.83,112.1,4.019,7.83,7.83
1786344144.880,S1,recommend,0,prior,0.0,,,,1.24,,1.24
1786344144.880,S1,reserve,0,prior,0.0,,,,1.658,,1.658
1786344144.880,S1,search,0,prior,0.0,,,,6.899,,6.899
1786344144.880,S2,recommend,0,prior,0.0,,,,0.975,,0.975
1786344144.880,S2,reserve,0,prior,0.0,,,,1.332,,1.332
1786344144.880,S2,search,0,prior,0.0,,,,4.287,,4.287
1786344144.880,S3,recommend,1182,obs,0.946,1.2095,2.492,107.9,1.0,2.492,2.492
1786344144.880,S3,reserve,586,obs,0.9429,1.5629,3.113,113.6,1.348,3.113,3.113
1786344144.880,S3,search,881,obs,0.9429,5.2522,7.884,112.2,4.019,7.884,7.884
1786344145.881,S1,recommend,0,prior,0.0,,,,1.24,,1.24
1786344145.881,S1,reserve,0,prior,0.0,,,,1.658,,1.658
1786344145.881,S1,search,0,prior,0.0,,,,6.899,,6.899
1786344145.881,S2,recommend,0,prior,0.0,,,,0.975,,0.975
1786344145.881,S2,reserve,0,prior,0.0,,,,1.332,,1.332
1786344145.881,S2,search,0,prior,0.0,,,,4.287,,4.287
1786344145.881,S3,recommend,1176,obs,0.9467,1.1987,2.456,106.4,1.0,2.456,2.456
1786344145.881,S3,reserve,592,obs,0.9426,1.6392,3.359,113.6,1.348,3.359,3.359
1786344145.881,S3,search,881,obs,0.9426,5.229,7.933,112.7,4.019,7.933,7.933
1786344146.880,S1,recommend,0,prior,0.0,,,,1.24,,1.24
1786344146.880,S1,reserve,0,prior,0.0,,,,1.658,,1.658
1786344146.880,S1,search,0,prior,0.0,,,,6.899,,6.899
1786344146.880,S2,recommend,0,prior,0.0,,,,0.975,,0.975
1786344146.880,S2,reserve,0,prior,0.0,,,,1.332,,1.332
1786344146.880,S2,search,0,prior,0.0,,,,4.287,,4.287
1786344146.880,S3,recommend,1182,obs,0.9453,1.1967,2.524,106.4,1.0,2.524,2.524
1786344146.880,S3,reserve,588,obs,0.9474,1.7048,3.256,105.0,1.348,3.256,3.256
1786344146.880,S3,search,884,obs,0.9445,5.271,8.031,109.3,4.019,8.031,8.031
1786344147.880,S1,recommend,0,prior,0.0,,,,1.24,,1.24
1786344147.880,S1,reserve,0,prior,0.0,,,,1.658,,1.658
1786344147.880,S1,search,0,prior,0.0,,,,6.899,,6.899
1786344147.880,S2,recommend,0,prior,0.0,,,,0.975,,0.975
1786344147.880,S2,reserve,0,prior,0.0,,,,1.332,,1.332
1786344147.880,S2,search,0,prior,0.0,,,,4.287,,4.287
1786344147.880,S3,recommend,1178,obs,0.9467,1.2036,2.601,103.6,1.0,2.601,2.601
1786344147.880,S3,reserve,594,obs,0.9471,1.7681,3.618,105.6,1.348,3.618,3.618
1786344147.880,S3,search,882,obs,0.9443,5.4907,8.566,109.3,4.019,8.566,8.566
1786344148.880,S1,recommend,0,prior,0.0,,,,1.24,,1.24
1786344148.880,S1,reserve,0,prior,0.0,,,,1.658,,1.658
1786344148.880,S1,search,0,prior,0.0,,,,6.899,,6.899
1786344148.880,S2,recommend,0,prior,0.0,,,,0.975,,0.975
1786344148.880,S2,reserve,0,prior,0.0,,,,1.332,,1.332
1786344148.880,S2,search,0,prior,0.0,,,,4.287,,4.287
1786344148.880,S3,recommend,1181,obs,0.9471,1.2199,2.729,102.7,1.0,2.729,2.729
1786344148.880,S3,reserve,588,obs,0.9471,1.7012,3.7,105.6,1.348,3.7,3.7
1786344148.880,S3,search,886,obs,0.9443,5.4786,8.539,109.3,4.019,8.539,8.539
1786344149.881,S1,recommend,0,prior,0.0,,,,1.24,,1.24
1786344149.881,S1,reserve,0,prior,0.0,,,,1.658,,1.658
1786344149.881,S1,search,0,prior,0.0,,,,6.899,,6.899
1786344149.881,S2,recommend,0,prior,0.0,,,,0.975,,0.975
1786344149.881,S2,reserve,0,prior,0.0,,,,1.332,,1.332
1786344149.881,S2,search,0,prior,0.0,,,,4.287,,4.287
1786344149.881,S3,recommend,1182,obs,0.9471,1.1511,2.456,102.7,1.0,2.456,2.456
1786344149.881,S3,reserve,592,obs,0.9467,1.5765,3.285,106.4,1.348,3.285,3.285
1786344149.881,S3,search,880,obs,0.9445,5.1426,7.79,109.3,4.019,7.79,7.79
1786344150.880,S1,recommend,0,prior,0.0,,,,1.24,,1.24
1786344150.880,S1,reserve,0,prior,0.0,,,,1.658,,1.658
1786344150.880,S1,search,0,prior,0.0,,,,6.899,,6.899
1786344150.880,S2,recommend,0,prior,0.0,,,,0.975,,0.975
1786344150.880,S2,reserve,0,prior,0.0,,,,1.332,,1.332
1786344150.880,S2,search,0,prior,0.0,,,,4.287,,4.287
1786344150.880,S3,recommend,1175,obs,0.9467,1.1993,2.478,103.6,1.0,2.478,2.478
1786344150.880,S3,reserve,592,obs,0.9467,1.6646,3.543,106.4,1.348,3.543,3.543
1786344150.880,S3,search,879,obs,0.9379,5.4241,8.459,122.6,4.019,8.459,8.459
1786344151.881,S1,recommend,0,prior,0.0,,,,1.24,,1.24
1786344151.881,S1,reserve,0,prior,0.0,,,,1.658,,1.658
1786344151.881,S1,search,0,prior,0.0,,,,6.899,,6.899
1786344151.881,S2,recommend,0,prior,0.0,,,,0.975,,0.975
1786344151.881,S2,reserve,0,prior,0.0,,,,1.332,,1.332
1786344151.881,S2,search,0,prior,0.0,,,,4.287,,4.287
1786344151.881,S3,recommend,1187,obs,0.9486,1.284,2.946,99.8,1.0,2.946,2.946
1786344151.881,S3,reserve,588,obs,0.9467,1.6872,3.534,106.4,1.348,3.534,3.534
1786344151.881,S3,search,884,obs,0.9467,5.6915,9.466,105.0,4.019,9.466,9.466
1786344152.880,S1,recommend,0,prior,0.0,,,,1.24,,1.24
1786344152.880,S1,reserve,0,prior,0.0,,,,1.658,,1.658
1786344152.880,S1,search,0,prior,0.0,,,,6.899,,6.899
1786344152.880,S2,recommend,0,prior,0.0,,,,0.975,,0.975
1786344152.880,S2,reserve,0,prior,0.0,,,,1.332,,1.332
1786344152.880,S2,search,0,prior,0.0,,,,4.287,,4.287
1786344152.880,S3,recommend,1181,obs,0.95,1.1919,2.468,99.3,1.0,2.468,2.468
1786344152.880,S3,reserve,594,obs,0.9467,1.5629,2.923,106.4,1.348,2.923,2.923
1786344152.880,S3,search,885,obs,0.9467,5.176,7.719,105.0,4.019,7.719,7.719
1786344153.880,S1,recommend,0,prior,0.0,,,,1.24,,1.24
1786344153.880,S1,reserve,0,prior,0.0,,,,1.658,,1.658
1786344153.880,S1,search,0,prior,0.0,,,,6.899,,6.899
1786344153.880,S2,recommend,0,prior,0.0,,,,0.975,,0.975
1786344153.880,S2,reserve,0,prior,0.0,,,,1.332,,1.332
1786344153.880,S2,search,0,prior,0.0,,,,4.287,,4.287
1786344153.880,S3,recommend,1187,obs,0.95,1.1684,2.449,99.3,1.0,2.449,2.449
1786344153.880,S3,reserve,589,obs,0.9507,1.5608,3.048,98.4,1.348,3.048,3.048
1786344153.880,S3,search,886,obs,0.9479,5.1737,7.884,102.7,4.019,7.884,7.884
1786344154.880,S1,recommend,0,prior,0.0,,,,1.24,,1.24
1786344154.880,S1,reserve,0,prior,0.0,,,,1.658,,1.658
1786344154.880,S1,search,0,prior,0.0,,,,6.899,,6.899
1786344154.880,S2,recommend,0,prior,0.0,,,,0.975,,0.975
1786344154.880,S2,reserve,0,prior,0.0,,,,1.332,,1.332
1786344154.880,S2,search,0,prior,0.0,,,,4.287,,4.287
1786344154.880,S3,recommend,1184,obs,0.95,1.1991,2.557,99.3,1.0,2.557,2.557
1786344154.880,S3,reserve,596,obs,0.9496,1.5957,3.181,97.9,1.348,3.181,3.181
1786344154.880,S3,search,884,obs,0.9464,5.2451,8.023,102.2,4.019,8.023,8.023
1786344155.880,S1,recommend,0,prior,0.0,,,,1.24,,1.24
1786344155.880,S1,reserve,0,prior,0.0,,,,1.658,,1.658
1786344155.880,S1,search,0,prior,0.0,,,,6.899,,6.899
1786344155.880,S2,recommend,0,prior,0.0,,,,0.975,,0.975
1786344155.880,S2,reserve,0,prior,0.0,,,,1.332,,1.332
1786344155.880,S2,search,0,prior,0.0,,,,4.287,,4.287
1786344155.880,S3,recommend,1188,obs,0.9521,1.221,2.568,95.0,1.0,2.568,2.568
1786344155.880,S3,reserve,590,obs,0.9496,1.613,3.144,97.9,1.348,3.144,3.144
1786344155.880,S3,search,888,obs,0.9464,5.2891,8.041,102.2,4.019,8.041,8.041
1786344156.880,S1,recommend,0,prior,0.0,,,,1.24,,1.24
1786344156.880,S1,reserve,0,prior,0.0,,,,1.658,,1.658
1786344156.880,S1,search,0,prior,0.0,,,,6.899,,6.899
1786344156.880,S2,recommend,0,prior,0.0,,,,0.975,,0.975
1786344156.880,S2,reserve,0,prior,0.0,,,,1.332,,1.332
1786344156.880,S2,search,0,prior,0.0,,,,4.287,,4.287
1786344156.880,S3,recommend,1188,obs,0.9521,1.2074,2.583,95.0,1.0,2.583,2.583
1786344156.880,S3,reserve,594,obs,0.9493,1.599,3.021,98.4,1.348,3.021,3.021
1786344156.880,S3,search,883,obs,0.9461,5.2032,7.839,102.2,4.019,7.839,7.839
1786344157.881,S1,recommend,0,prior,0.0,,,,1.24,,1.24
1786344157.881,S1,reserve,0,prior,0.0,,,,1.658,,1.658
1786344157.881,S1,search,0,prior,0.0,,,,6.899,,6.899
1786344157.881,S2,recommend,0,prior,0.0,,,,0.975,,0.975
1786344157.881,S2,reserve,0,prior,0.0,,,,1.332,,1.332
1786344157.881,S2,search,0,prior,0.0,,,,4.287,,4.287
1786344157.881,S3,recommend,1185,obs,0.9531,1.3107,2.996,93.6,1.0,2.996,2.996
1786344157.881,S3,reserve,594,obs,0.9514,1.7401,3.372,94.1,1.348,3.372,3.372
1786344157.881,S3,search,890,obs,0.9493,5.5146,8.534,97.0,4.019,8.534,8.534
1786344158.880,S1,recommend,0,prior,0.0,,,,1.24,,1.24
1786344158.880,S1,reserve,0,prior,0.0,,,,1.658,,1.658
1786344158.880,S1,search,0,prior,0.0,,,,6.899,,6.899
1786344158.880,S2,recommend,0,prior,0.0,,,,0.975,,0.975
1786344158.880,S2,reserve,0,prior,0.0,,,,1.332,,1.332
1786344158.880,S2,search,0,prior,0.0,,,,4.287,,4.287
1786344158.880,S3,recommend,1191,obs,0.9531,1.2563,2.754,93.5,1.0,2.754,2.754
1786344158.880,S3,reserve,591,obs,0.9493,1.7117,3.372,98.4,1.348,3.372,3.372
1786344158.880,S3,search,886,obs,0.9493,5.3738,8.484,97.0,4.019,8.484,8.484
1786344159.881,S1,recommend,0,prior,0.0,,,,1.24,,1.24
1786344159.881,S1,reserve,0,prior,0.0,,,,1.658,,1.658
1786344159.881,S1,search,0,prior,0.0,,,,6.899,,6.899
1786344159.881,S2,recommend,0,prior,0.0,,,,0.975,,0.975
1786344159.881,S2,reserve,0,prior,0.0,,,,1.332,,1.332
1786344159.881,S2,search,0,prior,0.0,,,,4.287,,4.287
1786344159.881,S3,recommend,1186,obs,0.9538,1.2046,2.518,91.3,1.0,2.518,2.518
1786344159.881,S3,reserve,597,obs,0.9531,1.6147,3.136,90.7,1.348,3.136,3.136
1786344159.881,S3,search,890,obs,0.9499,5.1514,7.895,95.0,4.019,7.895,7.895
1786344160.881,S1,recommend,0,prior,0.0,,,,1.24,,1.24
1786344160.881,S1,reserve,0,prior,0.0,,,,1.658,,1.658
1786344160.881,S1,search,0,prior,0.0,,,,6.899,,6.899
1786344160.881,S2,recommend,0,prior,0.0,,,,0.975,,0.975
1786344160.881,S2,reserve,0,prior,0.0,,,,1.332,,1.332
1786344160.881,S2,search,0,prior,0.0,,,,4.287,,4.287
1786344160.881,S3,recommend,1192,obs,0.9536,1.2095,2.522,92.1,1.0,2.522,2.522
1786344160.881,S3,reserve,592,obs,0.9536,1.5603,3.037,90.7,1.348,3.037,3.037
1786344160.881,S3,search,890,obs,0.95,5.1753,8.015,95.0,4.019,8.015,8.015
1786344161.881,S1,recommend,0,prior,0.0,,,,1.24,,1.24
1786344161.881,S1,reserve,0,prior,0.0,,,,1.658,,1.658
1786344161.881,S1,search,0,prior,0.0,,,,6.899,,6.899
1786344161.881,S2,recommend,0,prior,0.0,,,,0.975,,0.975
1786344161.881,S2,reserve,0,prior,0.0,,,,1.332,,1.332
1786344161.881,S2,search,0,prior,0.0,,,,4.287,,4.287
1786344161.881,S3,recommend,1190,obs,0.956,1.162,2.323,87.9,1.0,2.323,2.323
1786344161.881,S3,reserve,598,obs,0.9536,1.5375,2.873,90.7,1.348,2.873,2.873
1786344161.881,S3,search,888,obs,0.9507,5.0686,7.858,95.0,4.019,7.858,7.858
1786344162.880,S1,recommend,0,prior,0.0,,,,1.24,,1.24
1786344162.880,S1,reserve,0,prior,0.0,,,,1.658,,1.658
1786344162.880,S1,search,0,prior,0.0,,,,6.899,,6.899
1786344162.880,S2,recommend,0,prior,0.0,,,,0.975,,0.975
1786344162.880,S2,reserve,0,prior,0.0,,,,1.332,,1.332
1786344162.880,S2,search,0,prior,0.0,,,,4.287,,4.287
1786344162.880,S3,recommend,1192,obs,0.9557,1.1648,2.292,87.8,1.0,2.292,2.292
1786344162.880,S3,reserve,592,obs,0.9533,1.5665,3.0,90.7,1.348,3.0,3.0
1786344162.880,S3,search,892,obs,0.9504,5.0442,7.623,95.0,4.019,7.623,7.623
1786344163.881,S1,recommend,0,prior,0.0,,,,1.24,,1.24
1786344163.881,S1,reserve,0,prior,0.0,,,,1.658,,1.658
1786344163.881,S1,search,0,prior,0.0,,,,6.899,,6.899
1786344163.881,S2,recommend,0,prior,0.0,,,,0.975,,0.975
1786344163.881,S2,reserve,0,prior,0.0,,,,1.332,,1.332
1786344163.881,S2,search,0,prior,0.0,,,,4.287,,4.287
1786344163.881,S3,recommend,1192,obs,0.956,1.1549,2.274,87.9,1.0,2.274,2.274
1786344163.881,S3,reserve,597,obs,0.9554,1.5362,2.948,87.0,1.348,2.948,2.948
1786344163.881,S3,search,889,obs,0.9536,4.9822,7.372,89.9,4.019,7.372,7.372
1786344164.880,S1,recommend,0,prior,0.0,,,,1.24,,1.24
1786344164.880,S1,reserve,0,prior,0.0,,,,1.658,,1.658
1786344164.880,S1,search,0,prior,0.0,,,,6.899,,6.899
1786344164.880,S2,recommend,0,prior,0.0,,,,0.975,,0.975
1786344164.880,S2,reserve,0,prior,0.0,,,,1.332,,1.332
1786344164.880,S2,search,0,prior,0.0,,,,4.287,,4.287
1786344164.880,S3,recommend,1191,obs,0.9578,1.1576,2.368,84.2,1.0,2.368,2.368
1786344164.880,S3,reserve,596,obs,0.956,1.5515,2.976,86.4,1.348,2.976,2.976
1786344164.880,S3,search,894,obs,0.9539,5.035,7.511,89.2,4.019,7.511,7.511
1786344165.881,S1,recommend,0,prior,0.0,,,,1.24,,1.24
1786344165.881,S1,reserve,0,prior,0.0,,,,1.658,,1.658
1786344165.881,S1,search,0,prior,0.0,,,,6.899,,6.899
1786344165.881,S2,recommend,0,prior,0.0,,,,0.975,,0.975
1786344165.881,S2,reserve,0,prior,0.0,,,,1.332,,1.332
1786344165.881,S2,search,0,prior,0.0,,,,4.287,,4.287
1786344165.881,S3,recommend,1196,obs,0.9581,1.1386,2.324,83.6,1.0,2.324,2.324
1786344165.881,S3,reserve,596,obs,0.9557,1.5437,2.896,86.4,1.348,2.896,2.896
1786344165.881,S3,search,890,obs,0.9538,5.1114,7.785,89.3,4.019,7.785,7.785
1786344166.880,S1,recommend,0,prior,0.0,,,,1.24,,1.24
1786344166.880,S1,reserve,0,prior,0.0,,,,1.658,,1.658
1786344166.880,S1,search,0,prior,0.0,,,,6.899,,6.899
1786344166.880,S2,recommend,0,prior,0.0,,,,0.975,,0.975
1786344166.880,S2,reserve,0,prior,0.0,,,,1.332,,1.332
1786344166.880,S2,search,0,prior,0.0,,,,4.287,,4.287
1786344166.880,S3,recommend,1190,obs,0.9579,1.142,2.274,83.6,1.0,2.274,2.274
1786344166.880,S3,reserve,598,obs,0.9557,1.5249,2.671,87.0,1.348,2.671,2.671
1786344166.880,S3,search,896,obs,0.956,5.1868,7.785,85.0,4.019,7.785,7.785
1786344167.880,S1,recommend,0,prior,0.0,,,,1.24,,1.24
1786344167.880,S1,reserve,0,prior,0.0,,,,1.658,,1.658
1786344167.880,S1,search,0,prior,0.0,,,,6.899,,6.899
1786344167.880,S2,recommend,0,prior,0.0,,,,0.975,,0.975
1786344167.880,S2,reserve,0,prior,0.0,,,,1.332,,1.332
1786344167.880,S2,search,0,prior,0.0,,,,4.287,,4.287
1786344167.880,S3,recommend,1198,obs,0.9596,1.1885,2.335,80.7,1.0,2.335,2.335
1786344167.880,S3,reserve,594,obs,0.9575,1.6628,3.534,83.5,1.348,3.534,3.534
1786344167.880,S3,search,893,obs,0.9545,5.3266,8.379,87.9,4.019,8.379,8.379
1786344168.881,S1,recommend,0,prior,0.0,,,,1.24,,1.24
1786344168.881,S1,reserve,0,prior,0.0,,,,1.658,,1.658
1786344168.881,S1,search,0,prior,0.0,,,,6.899,,6.899
1786344168.881,S2,recommend,0,prior,0.0,,,,0.975,,0.975
1786344168.881,S2,reserve,0,prior,0.0,,,,1.332,,1.332
1786344168.881,S2,search,0,prior,0.0,,,,4.287,,4.287
1786344168.881,S3,recommend,1192,obs,0.9593,1.1962,2.471,81.2,1.0,2.471,2.471
1786344168.881,S3,reserve,599,obs,0.9557,1.65,3.546,87.0,1.348,3.546,3.546
1786344168.881,S3,search,892,obs,0.9554,5.2784,8.237,87.9,4.019,8.237,8.237
1786344169.881,S1,recommend,0,prior,0.0,,,,1.24,,1.24
1786344169.881,S1,reserve,0,prior,0.0,,,,1.658,,1.658
1786344169.881,S1,search,0,prior,0.0,,,,6.899,,6.899
1786344169.881,S2,recommend,0,prior,0.0,,,,0.975,,0.975
1786344169.881,S2,reserve,0,prior,0.0,,,,1.332,,1.332
1786344169.881,S2,search,0,prior,0.0,,,,4.287,,4.287
1786344169.881,S3,recommend,1198,obs,0.96,1.1697,2.423,79.9,1.0,2.423,2.423
1786344169.881,S3,reserve,595,obs,0.9596,1.5539,2.974,79.3,1.348,2.974,2.974
1786344169.881,S3,search,897,obs,0.9583,5.122,7.772,82.1,4.019,7.772,7.772
1786344170.880,S1,recommend,0,prior,0.0,,,,1.24,,1.24
1786344170.880,S1,reserve,0,prior,0.0,,,,1.658,,1.658
1786344170.880,S1,search,0,prior,0.0,,,,6.899,,6.899
1786344170.880,S2,recommend,0,prior,0.0,,,,0.975,,0.975
1786344170.880,S2,reserve,0,prior,0.0,,,,1.332,,1.332
1786344170.880,S2,search,0,prior,0.0,,,,4.287,,4.287
1786344170.880,S3,recommend,1196,obs,0.9588,1.147,2.241,80.7,1.0,2.241,2.241
1786344170.880,S3,reserve,600,obs,0.9579,1.5038,2.729,79.2,1.348,2.729,2.729
1786344170.880,S3,search,894,obs,0.9588,5.043,7.348,82.2,4.019,7.348,7.348
1786344171.880,S1,recommend,0,prior,0.0,,,,1.24,,1.24
1786344171.880,S1,reserve,0,prior,0.0,,,,1.658,,1.658
1786344171.880,S1,search,0,prior,0.0,,,,6.899,,6.899
1786344171.880,S2,recommend,0,prior,0.0,,,,0.975,,0.975
1786344171.880,S2,reserve,0,prior,0.0,,,,1.332,,1.332
1786344171.880,S2,search,0,prior,0.0,,,,4.287,,4.287
1786344171.880,S3,recommend,1194,obs,0.9586,1.155,2.27,80.7,1.0,2.27,2.27
1786344171.880,S3,reserve,598,obs,0.9581,1.5283,2.729,79.3,1.348,2.729,2.729
1786344171.880,S3,search,898,obs,0.9586,5.1017,7.645,82.1,4.019,7.645,7.645
1786344172.880,S1,recommend,0,prior,0.0,,,,1.24,,1.24
1786344172.880,S1,reserve,0,prior,0.0,,,,1.658,,1.658
1786344172.880,S1,search,0,prior,0.0,,,,6.899,,6.899
1786344172.880,S2,recommend,0,prior,0.0,,,,0.975,,0.975
1786344172.880,S2,reserve,0,prior,0.0,,,,1.332,,1.332
1786344172.880,S2,search,0,prior,0.0,,,,4.287,,4.287
1786344172.880,S3,recommend,1200,obs,0.961,1.1495,2.331,76.4,1.0,2.331,2.331
1786344172.880,S3,reserve,598,obs,0.9582,1.5057,2.758,79.3,1.348,2.758,2.758
1786344172.880,S3,search,894,obs,0.9583,5.0739,7.946,82.1,4.019,7.946,7.946
1786344173.880,S1,recommend,0,prior,0.0,,,,1.24,,1.24
1786344173.880,S1,reserve,0,prior,0.0,,,,1.658,,1.658
1786344173.880,S1,search,0,prior,0.0,,,,6.899,,6.899
1786344173.880,S2,recommend,0,prior,0.0,,,,0.975,,0.975
1786344173.880,S2,reserve,0,prior,0.0,,,,1.332,,1.332
1786344173.880,S2,search,0,prior,0.0,,,,4.287,,4.287
1786344173.880,S3,recommend,1194,obs,0.961,1.2355,2.675,76.4,1.0,2.675,2.675
1786344173.880,S3,reserve,600,obs,0.9582,1.7124,3.208,79.2,1.348,3.208,3.208
1786344173.880,S3,search,899,obs,0.9607,5.486,9.637,78.4,4.019,9.637,9.637
1786344174.881,S1,recommend,0,prior,0.0,,,,1.24,,1.24
1786344174.881,S1,reserve,0,prior,0.0,,,,1.658,,1.658
1786344174.881,S1,search,0,prior,0.0,,,,6.899,,6.899
1786344174.881,S2,recommend,0,prior,0.0,,,,0.975,,0.975
1786344174.881,S2,reserve,0,prior,0.0,,,,1.332,,1.332
1786344174.881,S2,search,0,prior,0.0,,,,4.287,,4.287
1786344174.881,S3,recommend,1201,obs,0.9621,1.2558,2.824,74.1,1.0,2.824,2.824
1786344174.881,S3,reserve,596,obs,0.9581,1.7223,3.323,79.3,1.348,3.323,3.323
1786344174.881,S3,search,898,obs,0.961,5.4163,8.991,77.9,4.019,8.991,8.991
1786344175.881,S1,recommend,0,prior,0.0,,,,1.24,,1.24
1786344175.881,S1,reserve,0,prior,0.0,,,,1.658,,1.658
1786344175.881,S1,search,0,prior,0.0,,,,6.899,,6.899
1786344175.881,S2,recommend,0,prior,0.0,,,,0.975,,0.975
1786344175.881,S2,reserve,0,prior,0.0,,,,1.332,,1.332
1786344175.881,S2,search,0,prior,0.0,,,,4.287,,4.287
1786344175.881,S3,recommend,1197,obs,0.9629,1.2088,2.657,72.7,1.0,2.657,2.657
1786344175.881,S3,reserve,602,obs,0.9579,1.5434,2.898,79.3,1.348,2.898,2.898
1786344175.881,S3,search,898,obs,0.9607,5.1746,7.966,77.8,4.019,7.966,7.966
1786344176.880,S1,recommend,0,prior,0.0,,,,1.24,,1.24
1786344176.880,S1,reserve,0,prior,0.0,,,,1.658,,1.658
1786344176.880,S1,search,0,prior,0.0,,,,6.899,,6.899
1786344176.880,S2,recommend,0,prior,0.0,,,,0.975,,0.975
1786344176.880,S2,reserve,0,prior,0.0,,,,1.332,,1.332
1786344176.880,S2,search,0,prior,0.0,,,,4.287,,4.287
1786344176.880,S3,recommend,1203,obs,0.9628,1.2249,2.588,72.1,1.0,2.588,2.588
1786344176.880,S3,reserve,596,obs,0.96,1.5435,2.984,76.4,1.348,2.984,2.984
1786344176.880,S3,search,899,obs,0.9607,5.2731,8.21,78.4,4.019,8.21,8.21
1786344177.880,S1,recommend,0,prior,0.0,,,,1.24,,1.24
1786344177.880,S1,reserve,0,prior,0.0,,,,1.658,,1.658
1786344177.880,S1,search,0,prior,0.0,,,,6.899,,6.899
1786344177.880,S2,recommend,0,prior,0.0,,,,0.975,,0.975
1786344177.880,S2,reserve,0,prior,0.0,,,,1.332,,1.332
1786344177.880,S2,search,0,prior,0.0,,,,4.287,,4.287
1786344177.880,S3,recommend,1200,obs,0.9629,1.2466,2.671,72.7,1.0,2.671,2.671
1786344177.880,S3,reserve,603,obs,0.9622,1.5911,3.255,71.2,1.348,3.255,3.255
1786344177.880,S3,search,898,obs,0.9619,5.3498,8.656,75.0,4.019,8.656,8.656
1786344178.880,S1,recommend,0,prior,0.0,,,,1.24,,1.24
1786344178.880,S1,reserve,0,prior,0.0,,,,1.658,,1.658
1786344178.880,S1,search,0,prior,0.0,,,,6.899,,6.899
1786344178.880,S2,recommend,0,prior,0.0,,,,0.975,,0.975
1786344178.880,S2,reserve,0,prior,0.0,,,,1.332,,1.332
1786344178.880,S2,search,0,prior,0.0,,,,4.287,,4.287
1786344178.880,S3,recommend,1201,obs,0.965,1.2242,2.529,68.4,1.0,2.529,2.529
1786344178.880,S3,reserve,600,obs,0.9628,1.6097,3.206,71.3,1.348,3.206,3.206
1786344178.880,S3,search,902,obs,0.9621,5.3049,8.693,75.0,4.019,8.693,8.693
1786344179.881,S1,recommend,0,prior,0.0,,,,1.24,,1.24
1786344179.881,S1,reserve,0,prior,0.0,,,,1.658,,1.658
1786344179.881,S1,search,0,prior,0.0,,,,6.899,,6.899
1786344179.881,S2,recommend,0,prior,0.0,,,,0.975,,0.975
1786344179.881,S2,reserve,0,prior,0.0,,,,1.332,,1.332
1786344179.881,S2,search,0,prior,0.0,,,,4.287,,4.287
1786344179.881,S3,recommend,1204,obs,0.965,1.1533,2.299,68.4,1.0,2.299,2.299
1786344179.881,S3,reserve,600,obs,0.9624,1.5618,2.968,72.1,1.348,2.968,2.968
1786344179.881,S3,search,899,obs,0.9643,5.1493,7.972,71.3,4.019,7.972,7.972
1786344180.878,S1,recommend,0,prior,0.0,,,,1.24,,1.24
1786344180.878,S1,reserve,0,prior,0.0,,,,1.658,,1.658
1786344180.878,S1,search,0,prior,0.0,,,,6.899,,6.899
1786344180.878,S2,recommend,0,prior,0.0,,,,0.975,,0.975
1786344180.878,S2,reserve,0,prior,0.0,,,,1.332,,1.332
1786344180.878,S2,search,0,prior,0.0,,,,4.287,,4.287
1786344180.878,S3,recommend,1022,obs,0.8231,1.162,2.506,352.1,1.0,2.506,2.506
1786344180.878,S3,reserve,512,obs,0.8232,1.5387,2.857,350.6,1.348,2.857,2.857
1786344180.878,S3,search,769,obs,0.825,5.1865,8.05,349.3,4.019,8.05,8.05
1786344181.872,S1,recommend,0,prior,0.0,,,,1.24,,1.24
1786344181.872,S1,reserve,0,prior,0.0,,,,1.658,,1.658
1786344181.872,S1,search,0,prior,0.0,,,,6.899,,6.899
1786344181.872,S2,recommend,0,prior,0.0,,,,0.975,,0.975
1786344181.872,S2,reserve,0,prior,0.0,,,,1.332,,1.332
1786344181.872,S2,search,0,prior,0.0,,,,4.287,,4.287
1786344181.872,S3,recommend,402,prior_fill,0.3231,1.1585,2.418,1352.1,1.0,2.506,1.0
1786344181.872,S3,reserve,198,prior_fill,0.3232,1.5077,2.857,1350.6,1.348,2.857,1.348
1786344181.872,S3,search,303,prior_fill,0.3253,5.141,7.79,1349.3,4.019,8.05,4.019
