ts,cohort,class,observed_rate_kbit,d_acc_ms,slack_s1,slack_s2,slack_s3,chosen_site,changed,apply_latency_ms,expectant,resp_bytes_est,resp_bytes_src,resp_bytes_n,slack_const_s1,slack_const_s2,slack_const_s3,chosen_site_const,slack_bytesonly_s1,slack_bytesonly_s2,slack_bytesonly_s3,chosen_site_bytesonly,slack_fconly_s1,slack_fconly_s2,slack_fconly_s3,chosen_site_fconly,obs_update_ms,backlog_bytes,feasible_set,subset_cluster,feasible_set_const,feasible_set_bytesonly,feasible_set_fconly,unit_rate_rps,l_eff_s1,l_eff_s2,l_eff_s3,cap_ok_s1,cap_ok_s2,cap_ok_s3,blocked_by,cap_blocked_sites,soft_applied,carry_s1,carry_s2,carry_s3,soft_overflow_eq,soft_objective_eq,soft_weights,c_eff_s1,band_used,c_eff_extrapolated
1786377432.428,c1,reserve,,0.0,26.34,13.67,3.65,S3,1,2.81,0,36.0,prior,0,26.34,13.67,3.65,S3,26.34,13.67,3.65,S3,26.34,13.67,3.65,S3,0.057,0,S3,site_s3,S3,S3,S3,0.0,0.0,0.0,0.0,1,1,1,,,0,0.0,0.0,0.0,0.0,0.0,,279.0,,0
1786377432.428,c1,search,,0.0,31.1,20.71,10.98,S3,1,0.66,0,4474.0,prior,0,31.1,20.71,10.98,S3,31.1,20.71,10.98,S3,31.1,20.71,10.98,S3,0.057,0,S3,site_s3,S3,S3,S3,0.0,0.0,0.0,0.0,1,1,1,,,0,0.0,0.0,0.0,0.0,0.0,,279.0,,0
1786377432.428,c1,recommend,,0.0,26.76,14.03,4.0,S3,1,0.67,0,200.0,prior,0,26.76,14.03,4.0,S3,26.76,14.03,4.0,S3,26.76,14.03,4.0,S3,0.057,0,S3,site_s3,S3,S3,S3,0.0,0.0,0.0,0.0,1,1,1,,,0,0.0,0.0,0.0,0.0,0.0,,279.0,,0
1786377432.428,c2,reserve,,0.0,26.34,13.67,3.65,S3,1,0.63,0,36.0,prior,0,26.34,13.67,3.65,S3,26.34,13.67,3.65,S3,26.34,13.67,3.65,S3,0.057,0,S3,site_s3,S3,S3,S3,0.0,0.0,0.0,0.0,1,1,1,,,0,0.0,0.0,0.0,0.0,0.0,,279.0,,0
1786377432.428,c2,search,,0.0,31.1,20.71,10.98,S3,1,0.66,0,4474.0,prior,0,31.1,20.71,10.98,S3,31.1,20.71,10.98,S3,31.1,20.71,10.98,S3,0.057,0,S3,site_s3,S3,S3,S3,0.0,0.0,0.0,0.0,1,1,1,,,0,0.0,0.0,0.0,0.0,0.0,,279.0,,0
1786377432.428,c2,recommend,,0.0,26.76,14.03,4.0,S3,1,0.6,0,200.0,prior,0,26.76,14.03,4.0,S3,26.76,14.03,4.0,S3,26.76,14.03,4.0,S3,0.057,0,S3,site_s3,S3,S3,S3,0.0,0.0,0.0,0.0,1,1,1,,,0,0.0,0.0,0.0,0.0,0.0,,279.0,,0
1786377433.429,c1,reserve,,0.0,26.34,13.67,3.65,S3,0,,0,36.0,prior,0,26.34,13.67,3.65,S3,26.34,13.67,3.65,S3,26.34,13.67,3.65,S3,0.109,0,S3,site_s3,S3,S3,S3,0.0,0.0,0.0,0.0,1,1,1,,,0,0.0,0.0,0.0,0.0,0.0,,279.0,,0
1786377433.429,c1,search,,0.0,31.1,20.71,10.98,S3,0,,0,4474.0,prior,0,31.1,20.71,10.98,S3,31.1,20.71,10.98,S3,31.1,20.71,10.98,S3,0.109,0,S3,site_s3,S3,S3,S3,0.0,0.0,0.0,0.0,1,1,1,,,0,0.0,0.0,0.0,0.0,0.0,,279.0,,0
1786377433.429,c1,recommend,,0.0,26.76,14.03,4.0,S3,0,,0,200.0,prior,0,26.76,14.03,4.0,S3,26.76,14.03,4.0,S3,26.76,14.03,4.0,S3,0.109,0,S3,site_s3,S3,S3,S3,0.0,0.0,0.0,0.0,1,1,1,,,0,0.0,0.0,0.0,0.0,0.0,,279.0,,0
1786377433.429,c2,reserve,,0.0,26.34,13.67,3.65,S3,0,,0,36.0,prior,0,26.34,13.67,3.65,S3,26.34,13.67,3.65,S3,26.34,13.67,3.65,S3,0.109,0,S3,site_s3,S3,S3,S3,0.0,0.0,0.0,0.0,1,1,1,,,0,0.0,0.0,0.0,0.0,0.0,,279.0,,0
1786377433.429,c2,search,,0.0,31.1,20.71,10.98,S3,0,,0,4474.0,prior,0,31.1,20.71,10.98,S3,31.1,20.71,10.98,S3,31.1,20.71,10.98,S3,0.109,0,S3,site_s3,S3,S3,S3,0.0,0.0,0.0,0.0,1,1,1,,,0,0.0,0.0,0.0,0.0,0.0,,279.0,,0
1786377433.429,c2,recommend,,0.0,26.76,14.03,4.0,S3,0,,0,200.0,prior,0,26.76,14.03,4.0,S3,26.76,14.03,4.0,S3,26.76,14.03,4.0,S3,0.109,0,S3,site_s3,S3,S3,S3,0.0,0.0,0.0,0.0,1,1,1,,,0,0.0,0.0,0.0,0.0,0.0,,279.0,,0
1786377434.428,c1,reserve,,0.0,26.34,13.67,3.65,S3,0,,0,36.0,prior,0,26.34,13.67,3.65,S3,26.34,13.67,3.65,S3,26.34,13.67,3.65,S3,0.1,0,S3,site_s3,S3,S3,S3,0.0,0.0,0.0,0.0,1,1,1,,,0,0.0,0.0,0.0,0.0,0.0,,279.0,,0
1786377434.428,c1,search,,0.0,31.1,20.71,10.98,S3,0,,0,4474.0,prior,0,31.1,20.71,10.98,S3,31.1,20.71,10.98,S3,31.1,20.71,10.98,S3,0.1,0,S3,site_s3,S3,S3,S3,0.0,0.0,0.0,0.0,1,1,1,,,0,0.0,0.0,0.0,0.0,0.0,,279.0,,0
1786377434.428,c1,recommend,,0.0,26.76,14.03,4.0,S3,0,,0,200.0,prior,0,26.76,14.03,4.0,S3,26.76,14.03,4.0,S3,26.76,14.03,4.0,S3,0.1,0,S3,site_s3,S3,S3,S3,0.0,0.0,0.0,0.0,1,1,1,,,0,0.0,0.0,0.0,0.0,0.0,,279.0,,0
1786377434.428,c2,reserve,,0.0,26.34,13.67,3.65,S3,0,,0,36.0,prior,0,26.34,13.67,3.65,S3,26.34,13.67,3.65,S3,26.34,13.67,3.65,S3,0.1,0,S3,site_s3,S3,S3,S3,0.0,0.0,0.0,0.0,1,1,1,,,0,0.0,0.0,0.0,0.0,0.0,,279.0,,0
1786377434.428,c2,search,,0.0,31.1,20.71,10.98,S3,0,,0,4474.0,prior,0,31.1,20.71,10.98,S3,31.1,20.71,10.98,S3,31.1,20.71,10.98,S3,0.1,0,S3,site_s3,S3,S3,S3,0.0,0.0,0.0,0.0,1,1,1,,,0,0.0,0.0,0.0,0.0,0.0,,279.0,,0
1786377434.428,c2,recommend,,0.0,26.76,14.03,4.0,S3,0,,0,200.0,prior,0,26.76,14.03,4.0,S3,26.76,14.03,4.0,S3,26.76,14.03,4.0,S3,0.1,0,S3,site_s3,S3,S3,S3,0.0,0.0,0.0,0.0,1,1,1,,,0,0.0,0.0,0.0,0.0,0.0,,279.0,,0
1786377435.429,c1,reserve,,0.0,26.34,13.67,3.65,S3,0,,0,36.0,prior,0,26.34,13.67,3.65,S3,26.34,13.67,3.65,S3,26.34,13.67,3.65,S3,0.101,0,S3,site_s3,S3,S3,S3,0.0,0.0,0.0,0.0,1,1,1,,,0,0.0,0.0,0.0,0.0,0.0,,279.0,,0
1786377435.429,c1,search,,0.0,31.1,20.71,10.98,S3,0,,0,4474.0,prior,0,31.1,20.71,10.98,S3,31.1,20.71,10.98,S3,31.1,20.71,10.98,S3,0.101,0,S3,site_s3,S3,S3,S3,0.0,0.0,0.0,0.0,1,1,1,,,0,0.0,0.0,0.0,0.0,0.0,,279.0,,0
1786377435.429,c1,recommend,,0.0,26.76,14.03,4.0,S3,0,,0,200.0,prior,0,26.76,14.03,4.0,S3,26.76,14.03,4.0,S3,26.76,14.03,4.0,S3,0.101,0,S3,site_s3,S3,S3,S3,0.0,0.0,0.0,0.0,1,1,1,,,0,0.0,0.0,0.0,0.0,0.0,,279.0,,0
1786377435.429,c2,reserve,,0.0,26.34,13.67,3.65,S3,0,,0,36.0,prior,0,26.34,13.67,3.65,S3,26.34,13.67,3.65,S3,26.34,13.67,3.65,S3,0.101,0,S3,site_s3,S3,S3,S3,0.0,0.0,0.0,0.0,1,1,1,,,0,0.0,0.0,0.0,0.0,0.0,,279.0,,0
1786377435.429,c2,search,,0.0,31.1,20.71,10.98,S3,0,,0,4474.0,prior,0,31.1,20.71,10.98,S3,31.1,20.71,10.98,S3,31.1,20.71,10.98,S3,0.101,0,S3,site_s3,S3,S3,S3,0.0,0.0,0.0,0.0,1,1,1,,,0,0.0,0.0,0.0,0.0,0.0,,279.0,,0
1786377435.429,c2,recommend,,0.0,26.76,14.03,4.0,S3,0,,0,200.0,prior,0,26.76,14.03,4.0,S3,26.76,14.03,4.0,S3,26.76,14.03,4.0,S3,0.101,0,S3,site_s3,S3,S3,S3,0.0,0.0,0.0,0.0,1,1,1,,,0,0.0,0.0,0.0,0.0,0.0,,279.0,,0
1786377436.432,c1,reserve,,0.0,26.34,13.67,3.65,S3,0,,0,36.0,prior_fill,78,26.34,13.67,3.65,S3,26.34,13.67,3.65,S3,26.34,13.67,3.65,S3,3.522,0,S3,site_s3,S3,S3,S3,19.5,0.0,0.0,5.4,1,1,1,,,0,0.0,0.0,0.0,0.0,0.0,,279.0,,0
1786377436.432,c1,search,,0.0,31.1,20.71,10.98,S3,0,,0,4474.0,prior_fill,117,31.1,20.71,10.98,S3,31.1,20.71,10.98,S3,31.1,20.71,10.98,S3,3.522,0,S3,site_s3,S3,S3,S3,29.5,0.0,0.0,34.9,1,1,1,,,0,0.0,0.0,0.0,0.0,0.0,,279.0,,0
1786377436.432,c1,recommend,,0.0,26.76,14.03,4.0,S3,0,,0,200.0,prior_fill,151,26.76,14.03,4.0,S3,26.76,14.03,4.0,S3,26.76,14.03,4.0,S3,3.522,0,S3,site_s3,S3,S3,S3,38.0,0.0,0.0,41.7,1,1,1,,,0,0.0,0.0,0.0,0.0,0.0,,279.0,,0
1786377436.432,c2,reserve,,0.0,26.34,13.67,3.65,S3,0,,0,36.0,prior_fill,78,26.34,13.67,3.65,S3,26.34,13.67,3.65,S3,26.34,13.67,3.65,S3,3.522,0,S3,site_s3,S3,S3,S3,19.5,0.0,0.0,47.1,1,1,1,,,0,0.0,0.0,0.0,0.0,0.0,,279.0,,0
1786377436.432,c2,search,,0.0,31.1,20.71,10.98,S3,0,,0,4474.0,prior_fill,117,31.1,20.71,10.98,S3,31.1,20.71,10.98,S3,31.1,20.71,10.98,S3,3.522,0,S3,site_s3,S3,S3,S3,29.0,0.0,0.0,76.1,1,1,1,,,0,0.0,0.0,0.0,0.0,0.0,,279.0,,0
1786377436.432,c2,recommend,,0.0,26.76,14.03,4.0,S3,0,,0,200.0,prior_fill,151,26.76,14.03,4.0,S3,26.76,14.03,4.0,S3,26.76,14.03,4.0,S3,3.522,0,S3,site_s3,S3,S3,S3,37.5,0.0,0.0,82.8,1,1,1,,,0,0.0,0.0,0.0,0.0,0.0,,279.0,,0
1786377437.438,c1,reserve,,0.0,26.34,13.67,3.65,S3,0,,0,36.0,prior_fill,255,26.34,13.67,3.65,S3,26.34,13.67,3.65,S3,26.34,13.67,3.65,S3,9.481,0,S3,site_s3,S3,S3,S3,64.0,0.0,0.0,17.8,1,1,1,,,0,0.0,0.0,0.0,0.0,0.0,,279.0,,0
1786377437.438,c1,search,,0.0,31.1,20.71,10.98,S3,0,,0,4474.0,prior_fill,382,31.1,20.71,10.98,S3,31.1,20.71,10.98,S3,31.1,20.71,10.98,S3,9.481,0,S3,site_s3,S3,S3,S3,95.5,0.0,0.0,113.3,1,1,1,,,0,0.0,0.0,0.0,0.0,0.0,,279.0,,0
1786377437.438,c1,recommend,,0.0,26.76,14.03,4.0,S3,0,,0,200.0,prior_fill,510,26.76,14.03,4.0,S3,26.76,14.03,4.0,S3,26.76,14.03,4.0,S3,9.481,0,S3,site_s3,S3,S3,S3,127.5,0.0,0.0,136.0,1,1,1,,,0,0.0,0.0,0.0,0.0,0.0,,279.0,,0
1786377437.438,c2,reserve,,0.0,26.34,13.67,3.65,S3,0,,0,36.0,prior_fill,255,26.34,13.67,3.65,S3,26.34,13.67,3.65,S3,26.34,13.67,3.65,S3,9.481,0,S3,site_s3,S3,S3,S3,63.5,0.0,0.0,153.6,1,1,1,,,0,0.0,0.0,0.0,0.0,0.0,,279.0,,0
1786377437.438,c2,search,,0.0,31.1,20.71,10.98,S3,0,,0,4474.0,prior_fill,382,31.1,20.71,10.98,S3,31.1,20.71,10.98,S3,31.1,20.71,10.98,S3,9.481,0,S3,site_s3,S3,S3,S3,95.5,0.0,0.0,249.1,1,1,1,,,0,0.0,0.0,0.0,0.0,0.0,,279.0,,0
1786377437.438,c2,recommend,,0.0,26.76,14.03,4.0,S3,0,,0,200.0,prior_fill,510,26.76,14.03,4.0,S3,26.76,14.03,4.0,S3,26.76,14.03,4.0,S3,9.481,0,S3,site_s3,S3,S3,S3,127.5,0.0,0.0,271.8,1,1,1,,,0,0.0,0.0,0.0,0.0,0.0,,279.0,,0
1786377438.436,c1,reserve,,0.0,26.34,13.67,3.31,S3,0,,0,36.0,obs,347,26.34,13.67,3.65,S3,26.34,13.67,3.65,S3,26.34,13.67,3.31,S3,7.698,0,S3,site_s3,S3,S3,S3,86.5,0.0,0.0,24.0,1,1,1,,,0,0.0,0.0,0.0,0.0,0.0,,279.0,,0
1786377438.436,c1,search,,0.0,31.1,20.71,10.74,S3,0,,0,4474.0,obs,525,31.1,20.71,10.98,S3,31.1,20.71,10.98,S3,31.1,20.71,10.74,S3,7.698,0,S3,site_s3,S3,S3,S3,131.5,0.0,0.0,155.5,1,1,1,,,0,0.0,0.0,0.0,0.0,0.0,,279.0,,0
1786377438.436,c1,recommend,,0.0,26.76,14.03,3.83,S3,0,,0,200.0,obs,704,26.76,14.03,4.0,S3,26.76,14.03,4.0,S3,26.76,14.03,3.83,S3,7.698,0,S3,site_s3,S3,S3,S3,176.0,0.0,0.0,186.9,1,1,1,,,0,0.0,0.0,0.0,0.0,0.0,,279.0,,0
1786377438.436,c2,reserve,,0.0,26.34,13.67,3.31,S3,0,,0,36.0,obs,347,26.34,13.67,3.65,S3,26.34,13.67,3.65,S3,26.34,13.67,3.31,S3,7.698,0,S3,site_s3,S3,S3,S3,87.0,0.0,0.0,211.1,1,1,1,,,0,0.0,0.0,0.0,0.0,0.0,,279.0,,0
1786377438.436,c2,search,,0.0,31.1,20.71,10.74,S3,0,,0,4474.0,obs,525,31.1,20.71,10.98,S3,31.1,20.71,10.98,S3,31.1,20.71,10.74,S3,7.698,0,S3,site_s3,S3,S3,S3,131.0,0.0,0.0,342.1,1,1,1,,,0,0.0,0.0,0.0,0.0,0.0,,279.0,,0
1786377438.436,c2,recommend,,0.0,26.76,14.03,3.83,S3,0,,0,200.0,obs,704,26.76,14.03,4.0,S3,26.76,14.03,4.0,S3,26.76,14.03,3.83,S3,7.698,0,S3,site_s3,S3,S3,S3,176.0,0.0,0.0,373.4,1,1,1,,,0,0.0,0.0,0.0,0.0,0.0,,279.0,,0
1786377439.436,c1,reserve,,0.0,26.34,13.67,3.52,S3,0,,0,36.0,obs,348,26.34,13.67,3.65,S3,26.34,13.67,3.65,S3,26.34,13.67,3.52,S3,7.304,0,S3,site_s3,S3,S3,S3,87.0,0.0,0.0,24.2,1,1,1,,,0,0.0,0.0,0.0,0.0,0.0,,279.0,,0
1786377439.436,c1,search,,0.0,31.1,20.71,10.73,S3,0,,0,4474.0,obs,527,31.1,20.71,10.98,S3,31.1,20.71,10.98,S3,31.1,20.71,10.73,S3,7.304,0,S3,site_s3,S3,S3,S3,131.5,0.0,0.0,155.7,1,1,1,,,0,0.0,0.0,0.0,0.0,0.0,,279.0,,0
1786377439.436,c1,recommend,,0.0,26.76,14.03,3.8,S3,0,,0,200.0,obs,702,26.76,14.03,4.0,S3,26.76,14.03,4.0,S3,26.76,14.03,3.8,S3,7.304,0,S3,site_s3,S3,S3,S3,175.5,0.0,0.0,186.9,1,1,1,,,0,0.0,0.0,0.0,0.0,0.0,,279.0,,0
1786377439.436,c2,reserve,,0.0,26.34,13.67,3.52,S3,0,,0,36.0,obs,348,26.34,13.67,3.65,S3,26.34,13.67,3.65,S3,26.34,13.67,3.52,S3,7.304,0,S3,site_s3,S3,S3,S3,87.0,0.0,0.0,211.1,1,1,1,,,0,0.0,0.0,0.0,0.0,0.0,,279.0,,0
1786377439.436,c2,search,,0.0,31.1,20.71,10.73,S3,0,,0,4474.0,obs,527,31.1,20.71,10.98,S3,31.1,20.71,10.98,S3,31.1,20.71,10.73,S3,7.304,0,S3,site_s3,S3,S3,S3,132.0,0.0,0.0,343.1,1,1,1,,,0,0.0,0.0,0.0,0.0,0.0,,279.0,,0
1786377439.436,c2,recommend,,0.0,26.76,14.03,3.8,S3,0,,0,200.0,obs,702,26.76,14.03,4.0,S3,26.76,14.03,4.0,S3,26.76,14.03,3.8,S3,7.304,0,S3,site_s3,S3,S3,S3,175.5,0.0,0.0,374.3,1,1,1,,,0,0.0,0.0,0.0,0.0,0.0,,279.0,,0
1786377440.436,c1,reserve,,0.0,26.34,13.67,3.61,S3,0,,0,36.0,obs,352,26.34,13.67,3.65,S3,26.34,13.67,3.65,S3,26.34,13.67,3.61,S3,7.472,0,S3,site_s3,S3,S3,S3,88.0,0.0,0.0,24.5,1,1,1,,,0,0.0,0.0,0.0,0.0,0.0,,279.0,,0
1786377440.436,c1,search,,0.0,31.1,20.71,10.93,S3,0,,0,4474.0,obs,527,31.1,20.71,10.98,S3,31.1,20.71,10.98,S3,31.1,20.71,10.93,S3,7.472,0,S3,site_s3,S3,S3,S3,132.0,0.0,0.0,156.5,1,1,1,,,0,0.0,0.0,0.0,0.0,0.0,,279.0,,0
1786377440.436,c1,recommend,,0.0,26.76,14.03,3.91,S3,0,,0,200.0,obs,698,26.76,14.03,4.0,S3,26.76,14.03,4.0,S3,26.76,14.03,3.91,S3,7.472,0,S3,site_s3,S3,S3,S3,174.5,0.0,0.0,187.5,1,1,1,,,0,0.0,0.0,0.0,0.0,0.0,,279.0,,0
1786377440.436,c2,reserve,,0.0,26.34,13.67,3.61,S3,0,,0,36.0,obs,352,26.34,13.67,3.65,S3,26.34,13.67,3.65,S3,26.34,13.67,3.61,S3,7.472,0,S3,site_s3,S3,S3,S3,88.0,0.0,0.0,212.0,1,1,1,,,0,0.0,0.0,0.0,0.0,0.0,,279.0,,0
1786377440.436,c2,search,,0.0,31.1,20.71,10.93,S3,0,,0,4474.0,obs,527,31.1,20.71,10.98,S3,31.1,20.71,10.98,S3,31.1,20.71,10.93,S3,7.472,0,S3,site_s3,S3,S3,S3,131.5,0.0,0.0,343.5,1,1,1,,,0,0.0,0.0,0.0,0.0,0.0,,279.0,,0
1786377440.436,c2,recommend,,0.0,26.76,14.03,3.91,S3,0,,0,200.0,obs,698,26.76,14.03,4.0,S3,26.76,14.03,4.0,S3,26.76,14.03,3.91,S3,7.472,0,S3,site_s3,S3,S3,S3,174.5,0.0,0.0,374.6,1,1,1,,,0,0.0,0.0,0.0,0.0,0.0,,279.0,,0
1786377441.436,c1,reserve,,0.0,26.34,13.67,3.57,S3,0,,0,36.0,obs,354,26.34,13.67,3.65,S3,26.34,13.67,3.65,S3,26.34,13.67,3.57,S3,7.662,0,S3,site_s3,S3,S3,S3,88.5,0.0,0.0,24.6,1,1,1,,,0,0.0,0.0,0.0,0.0,0.0,,279.0,,0
1786377441.436,c1,search,,0.0,31.1,20.71,10.92,S3,0,,0,4474.0,obs,522,31.1,20.71,10.98,S3,31.1,20.71,10.98,S3,31.1,20.71,10.92,S3,7.662,0,S3,site_s3,S3,S3,S3,130.5,0.0,0.0,155.1,1,1,1,,,0,0.0,0.0,0.0,0.0,0.0,,279.0,,0
1786377441.436,c1,recommend,,0.0,26.76,14.03,3.99,S3,0,,0,200.0,obs,700,26.76,14.03,4.0,S3,26.76,14.03,4.0,S3,26.76,14.03,3.99,S3,7.662,0,S3,site_s3,S3,S3,S3,175.0,0.0,0.0,186.3,1,1,1,,,0,0.0,0.0,0.0,0.0,0.0,,279.0,,0
1786377441.436,c2,reserve,,0.0,26.34,13.67,3.57,S3,0,,0,36.0,obs,354,26.34,13.67,3.65,S3,26.34,13.67,3.65,S3,26.34,13.67,3.57,S3,7.662,0,S3,site_s3,S3,S3,S3,88.5,0.0,0.0,210.9,1,1,1,,,0,0.0,0.0,0.0,0.0,0.0,,279.0,,0
1786377441.436,c2,search,,0.0,31.1,20.71,10.92,S3,0,,0,4474.0,obs,522,31.1,20.71,10.98,S3,31.1,20.71,10.98,S3,31.1,20.71,10.92,S3,7.662,0,S3,site_s3,S3,S3,S3,130.5,0.0,0.0,341.4,1,1,1,,,0,0.0,0.0,0.0,0.0,0.0,,279.0,,0
1786377441.436,c2,recommend,,0.0,26.76,14.03,3.99,S3,0,,0,200.0,obs,700,26.76,14.03,4.0,S3,26.76,14.03,4.0,S3,26.76,14.03,3.99,S3,7.662,0,S3,site_s3,S3,S3,S3,175.0,0.0,0.0,372.5,1,1,1,,,0,0.0,0.0,0.0,0.0,0.0,,279.0,,0
1786377442.436,c1,reserve,,0.0,26.34,13.67,3.54,S3,0,,0,36.0,obs,351,26.34,13.67,3.65,S3,26.34,13.67,3.65,S3,26.34,13.67,3.54,S3,7.591,0,S3,site_s3,S3,S3,S3,87.5,0.0,0.0,24.3,1,1,1,,,0,0.0,0.0,0.0,0.0,0.0,,279.0,,0
1786377442.436,c1,search,,0.0,31.1,20.71,11.01,S3,0,,0,4474.0,obs,523,31.1,20.71,10.98,S3,31.1,20.71,10.98,S3,31.1,20.71,11.01,S3,7.591,0,S3,site_s3,S3,S3,S3,130.5,0.0,0.0,154.8,1,1,1,,,0,0.0,0.0,0.0,0.0,0.0,,279.0,,0
1786377442.436,c1,recommend,,0.0,26.76,14.03,3.98,S3,0,,0,200.0,obs,704,26.76,14.03,4.0,S3,26.76,14.03,4.0,S3,26.76,14.03,3.98,S3,7.591,0,S3,site_s3,S3,S3,S3,176.0,0.0,0.0,186.2,1,1,1,,,0,0.0,0.0,0.0,0.0,0.0,,279.0,,0
1786377442.436,c2,reserve,,0.0,26.34,13.67,3.54,S3,0,,0,36.0,obs,351,26.34,13.67,3.65,S3,26.34,13.67,3.65,S3,26.34,13.67,3.54,S3,7.591,0,S3,site_s3,S3,S3,S3,88.0,0.0,0.0,210.6,1,1,1,,,0,0.0,0.0,0.0,0.0,0.0,,279.0,,0
1786377442.436,c2,search,,0.0,31.1,20.71,11.01,S3,0,,0,4474.0,obs,523,31.1,20.71,10.98,S3,31.1,20.71,10.98,S3,31.1,20.71,11.01,S3,7.591,0,S3,site_s3,S3,S3,S3,131.0,0.0,0.0,341.6,1,1,1,,,0,0.0,0.0,0.0,0.0,0.0,,279.0,,0
1786377442.436,c2,recommend,,0.0,26.76,14.03,3.98,S3,0,,0,200.0,obs,704,26.76,14.03,4.0,S3,26.76,14.03,4.0,S3,26.76,14.03,3.98,S3,7.591,0,S3,site_s3,S3,S3,S3,176.0,0.0,0.0,372.9,1,1,1,,,0,0.0,0.0,0.0,0.0,0.0,,279.0,,0
1786377443.436,c1,reserve,,0.0,26.34,13.67,3.48,S3,0,,0,36.0,obs,332,26.34,13.67,3.65,S3,26.34,13.67,3.65,S3,26.34,13.67,3.48,S3,7.05,0,S3,site_s3,S3,S3,S3,83.0,0.0,0.0,23.1,1,1,1,,,0,0.0,0.0,0.0,0.0,0.0,,279.0,,0
1786377443.436,c1,search,,0.0,31.1,20.71,10.73,S3,0,,0,4474.0,obs,499,31.1,20.71,10.98,S3,31.1,20.71,10.98,S3,31.1,20.71,10.73,S3,7.05,0,S3,site_s3,S3,S3,S3,124.5,0.0,0.0,147.6,1,1,1,,,0,0.0,0.0,0.0,0.0,0.0,,279.0,,0
1786377443.436,c1,recommend,,0.0,26.76,14.03,3.91,S3,0,,0,200.0,obs,668,26.76,14.03,4.0,S3,26.76,14.03,4.0,S3,26.76,14.03,3.91,S3,7.05,0,S3,site_s3,S3,S3,S3,167.0,0.0,0.0,177.3,1,1,1,,,0,0.0,0.0,0.0,0.0,0.0,,279.0,,0
1786377443.436,c2,reserve,,0.0,26.34,13.67,3.48,S3,0,,0,36.0,obs,332,26.34,13.67,3.65,S3,26.34,13.67,3.65,S3,26.34,13.67,3.48,S3,7.05,0,S3,site_s3,S3,S3,S3,83.0,0.0,0.0,200.4,1,1,1,,,0,0.0,0.0,0.0,0.0,0.0,,279.0,,0
1786377443.436,c2,search,,0.0,31.1,20.71,10.73,S3,0,,0,4474.0,obs,499,31.1,20.71,10.98,S3,31.1,20.71,10.98,S3,31.1,20.71,10.73,S3,7.05,0,S3,site_s3,S3,S3,S3,125.0,0.0,0.0,325.4,1,1,1,,,0,0.0,0.0,0.0,0.0,0.0,,279.0,,0
1786377443.436,c2,recommend,,0.0,26.76,14.03,3.91,S3,0,,0,200.0,obs,668,26.76,14.03,4.0,S3,26.76,14.03,4.0,S3,26.76,14.03,3.91,S3,7.05,0,S3,site_s3,S3,S3,S3,167.0,0.0,0.0,355.1,1,1,1,,,0,0.0,0.0,0.0,0.0,0.0,,279.0,,0
1786377444.436,c1,reserve,,0.0,26.34,13.67,3.54,S3,0,,0,36.0,obs,334,26.34,13.67,3.65,S3,26.34,13.67,3.65,S3,26.34,13.67,3.54,S3,7.301,0,S3,site_s3,S3,S3,S3,83.5,0.0,0.0,23.2,1,1,1,,,0,0.0,0.0,0.0,0.0,0.0,,279.0,,0
1786377444.436,c1,search,,0.0,31.1,20.71,10.75,S3,0,,0,4474.0,obs,502,31.1,20.71,10.98,S3,31.1,20.71,10.98,S3,31.1,20.71,10.75,S3,7.301,0,S3,site_s3,S3,S3,S3,125.5,0.0,0.0,148.7,1,1,1,,,0,0.0,0.0,0.0,0.0,0.0,,279.0,,0
1786377444.436,c1,recommend,,0.0,26.76,14.03,3.96,S3,0,,0,200.0,obs,664,26.76,14.03,4.0,S3,26.76,14.03,4.0,S3,26.76,14.03,3.96,S3,7.301,0,S3,site_s3,S3,S3,S3,166.0,0.0,0.0,178.3,1,1,1,,,0,0.0,0.0,0.0,0.0,0.0,,279.0,,0
1786377444.436,c2,reserve,,0.0,26.34,13.67,3.54,S3,0,,0,36.0,obs,334,26.34,13.67,3.65,S3,26.34,13.67,3.65,S3,26.34,13.67,3.54,S3,7.301,0,S3,site_s3,S3,S3,S3,83.5,0.0,0.0,201.5,1,1,1,,,0,0.0,0.0,0.0,0.0,0.0,,279.0,,0
1786377444.436,c2,search,,0.0,31.1,20.71,10.75,S3,0,,0,4474.0,obs,502,31.1,20.71,10.98,S3,31.1,20.71,10.98,S3,31.1,20.71,10.75,S3,7.301,0,S3,site_s3,S3,S3,S3,125.5,0.0,0.0,327.0,1,1,1,,,0,0.0,0.0,0.0,0.0,0.0,,279.0,,0
1786377444.436,c2,recommend,,0.0,26.76,14.03,3.96,S3,0,,0,200.0,obs,664,26.76,14.03,4.0,S3,26.76,14.03,4.0,S3,26.76,14.03,3.96,S3,7.301,0,S3,site_s3,S3,S3,S3,166.0,0.0,0.0,356.5,1,1,1,,,0,0.0,0.0,0.0,0.0,0.0,,279.0,,0
1786377445.436,c1,reserve,,0.0,26.34,13.67,3.58,S3,0,,0,36.0,obs,336,26.34,13.67,3.65,S3,26.34,13.67,3.65,S3,26.34,13.67,3.58,S3,7.29,0,S3,site_s3,S3,S3,S3,84.0,0.0,0.0,23.4,1,1,1,,,0,0.0,0.0,0.0,0.0,0.0,,279.0,,0
1786377445.436,c1,search,,0.0,31.1,20.71,11.04,S3,0,,0,4474.0,obs,498,31.1,20.71,10.98,S3,31.1,20.71,10.98,S3,31.1,20.71,11.04,S3,7.29,0,S3,site_s3,S3,S3,S3,124.5,0.0,0.0,147.9,1,1,1,,,0,0.0,0.0,0.0,0.0,0.0,,279.0,,0
1786377445.436,c1,recommend,,0.0,26.76,14.03,3.98,S3,0,,0,200.0,obs,666,26.76,14.03,4.0,S3,26.76,14.03,4.0,S3,26.76,14.03,3.98,S3,7.29,0,S3,site_s3,S3,S3,S3,166.5,0.0,0.0,177.5,1,1,1,,,0,0.0,0.0,0.0,0.0,0.0,,279.0,,0
1786377445.436,c2,reserve,,0.0,26.34,13.67,3.58,S3,0,,0,36.0,obs,336,26.34,13.67,3.65,S3,26.34,13.67,3.65,S3,26.34,13.67,3.58,S3,7.29,0,S3,site_s3,S3,S3,S3,84.0,0.0,0.0,200.8,1,1,1,,,0,0.0,0.0,0.0,0.0,0.0,,279.0,,0
1786377445.436,c2,search,,0.0,31.1,20.71,11.04,S3,0,,0,4474.0,obs,498,31.1,20.71,10.98,S3,31.1,20.71,10.98,S3,31.1,20.71,11.04,S3,7.29,0,S3,site_s3,S3,S3,S3,124.5,0.0,0.0,325.3,1,1,1,,,0,0.0,0.0,0.0,0.0,0.0,,279.0,,0
1786377445.436,c2,recommend,,0.0,26.76,14.03,3.98,S3,0,,0,200.0,obs,666,26.76,14.03,4.0,S3,26.76,14.03,4.0,S3,26.76,14.03,3.98,S3,7.29,0,S3,site_s3,S3,S3,S3,166.5,0.0,0.0,355.0,1,1,1,,,0,0.0,0.0,0.0,0.0,0.0,,279.0,,0
1786377446.436,c1,reserve,,0.0,26.34,13.67,3.58,S3,0,,0,36.0,obs,332,26.34,13.67,3.65,S3,26.34,13.67,3.65,S3,26.34,13.67,3.58,S3,7.808,0,S3,site_s3,S3,S3,S3,83.0,0.0,0.0,23.1,1,1,1,,,0,0.0,0.0,0.0,0.0,0.0,,279.0,,0
1786377446.436,c1,search,,0.0,31.1,20.71,11.1,S3,0,,0,4474.0,obs,500,31.1,20.71,10.98,S3,31.1,20.71,10.98,S3,31.1,20.71,11.1,S3,7.808,0,S3,site_s3,S3,S3,S3,125.0,0.0,0.0,148.1,1,1,1,,,0,0.0,0.0,0.0,0.0,0.0,,279.0,,0
1786377446.436,c1,recommend,,0.0,26.76,14.03,3.99,S3,0,,0,200.0,obs,668,26.76,14.03,4.0,S3,26.76,14.03,4.0,S3,26.76,14.03,3.99,S3,7.808,0,S3,site_s3,S3,S3,S3,167.0,0.0,0.0,177.8,1,1,1,,,0,0.0,0.0,0.0,0.0,0.0,,279.0,,0
1786377446.436,c2,reserve,,0.0,26.34,13.67,3.58,S3,0,,0,36.0,obs,332,26.34,13.67,3.65,S3,26.34,13.67,3.65,S3,26.34,13.67,3.58,S3,7.808,0,S3,site_s3,S3,S3,S3,83.0,0.0,0.0,200.9,1,1,1,,,0,0.0,0.0,0.0,0.0,0.0,,279.0,,0
1786377446.436,c2,search,,0.0,31.1,20.71,11.1,S3,0,,0,4474.0,obs,500,31.1,20.71,10.98,S3,31.1,20.71,10.98,S3,31.1,20.71,11.1,S3,7.808,0,S3,site_s3,S3,S3,S3,125.0,0.0,0.0,325.9,1,1,1,,,0,0.0,0.0,0.0,0.0,0.0,,279.0,,0
1786377446.436,c2,recommend,,0.0,26.76,14.03,3.99,S3,0,,0,200.0,obs,668,26.76,14.03,4.0,S3,26.76,14.03,4.0,S3,26.76,14.03,3.99,S3,7.808,0,S3,site_s3,S3,S3,S3,167.0,0.0,0.0,355.6,1,1,1,,,0,0.0,0.0,0.0,0.0,0.0,,279.0,,0
1786377447.436,c1,reserve,,0.0,26.34,13.67,3.61,S3,0,,0,36.0,obs,333,26.34,13.67,3.65,S3,26.34,13.67,3.65,S3,26.34,13.67,3.61,S3,7.556,0,S3,site_s3,S3,S3,S3,83.0,0.0,0.0,23.1,1,1,1,,,0,0.0,0.0,0.0,0.0,0.0,,279.0,,0
1786377447.436,c1,search,,0.0,31.1,20.71,10.91,S3,0,,0,4474.0,obs,501,31.1,20.71,10.98,S3,31.1,20.71,10.98,S3,31.1,20.71,10.91,S3,7.556,0,S3,site_s3,S3,S3,S3,125.5,0.0,0.0,148.6,1,1,1,,,0,0.0,0.0,0.0,0.0,0.0,,279.0,,0
1786377447.436,c1,recommend,,0.0,26.76,14.03,4.01,S3,0,,0,200.0,obs,670,26.76,14.03,4.0,S3,26.76,14.03,4.0,S3,26.76,14.03,4.01,S3,7.556,0,S3,site_s3,S3,S3,S3,167.5,0.0,0.0,178.4,1,1,1,,,0,0.0,0.0,0.0,0.0,0.0,,279.0,,0
1786377447.436,c2,reserve,,0.0,26.34,13.67,3.61,S3,0,,0,36.0,obs,333,26.34,13.67,3.65,S3,26.34,13.67,3.65,S3,26.34,13.67,3.61,S3,7.556,0,S3,site_s3,S3,S3,S3,83.5,0.0,0.0,201.6,1,1,1,,,0,0.0,0.0,0.0,0.0,0.0,,279.0,,0
1786377447.436,c2,search,,0.0,31.1,20.71,10.91,S3,0,,0,4474.0,obs,501,31.1,20.71,10.98,S3,31.1,20.71,10.98,S3,31.1,20.71,10.91,S3,7.556,0,S3,site_s3,S3,S3,S3,125.0,0.0,0.0,326.6,1,1,1,,,0,0.0,0.0,0.0,0.0,0.0,,279.0,,0
1786377447.436,c2,recommend,,0.0,26.76,14.03,4.01,S3,0,,0,200.0,obs,670,26.76,14.03,4.0,S3,26.76,14.03,4.0,S3,26.76,14.03,4.01,S3,7.556,0,S3,site_s3,S3,S3,S3,167.5,0.0,0.0,356.4,1,1,1,,,0,0.0,0.0,0.0,0.0,0.0,,279.0,,0
1786377448.436,c1,reserve,,0.0,26.34,13.67,3.58,S3,0,,0,36.0,obs,334,26.34,13.67,3.65,S3,26.34,13.67,3.65,S3,26.34,13.67,3.58,S3,7.622,0,S3,site_s3,S3,S3,S3,83.5,0.0,0.0,23.2,1,1,1,,,0,0.0,0.0,0.0,0.0,0.0,,279.0,,0
1786377448.436,c1,search,,0.0,31.1,20.71,10.86,S3,0,,0,4474.0,obs,502,31.1,20.71,10.98,S3,31.1,20.71,10.98,S3,31.1,20.71,10.86,S3,7.622,0,S3,site_s3,S3,S3,S3,125.5,0.0,0.0,148.7,1,1,1,,,0,0.0,0.0,0.0,0.0,0.0,,279.0,,0
1786377448.436,c1,recommend,,0.0,26.76,14.03,3.93,S3,0,,0,200.0,obs,667,26.76,14.03,4.0,S3,26.76,14.03,4.0,S3,26.76,14.03,3.93,S3,7.622,0,S3,site_s3,S3,S3,S3,167.0,0.0,0.0,178.4,1,1,1,,,0,0.0,0.0,0.0,0.0,0.0,,279.0,,0
1786377448.436,c2,reserve,,0.0,26.34,13.67,3.58,S3,0,,0,36.0,obs,334,26.34,13.67,3.65,S3,26.34,13.67,3.65,S3,26.34,13.67,3.58,S3,7.622,0,S3,site_s3,S3,S3,S3,83.5,0.0,0.0,201.7,1,1,1,,,0,0.0,0.0,0.0,0.0,0.0,,279.0,,0
1786377448.436,c2,search,,0.0,31.1,20.71,10.86,S3,0,,0,4474.0,obs,502,31.1,20.71,10.98,S3,31.1,20.71,10.98,S3,31.1,20.71,10.86,S3,7.622,0,S3,site_s3,S3,S3,S3,125.5,0.0,0.0,327.2,1,1,1,,,0,0.0,0.0,0.0,0.0,0.0,,279.0,,0
1786377448.436,c2,recommend,,0.0,26.76,14.03,3.93,S3,0,,0,200.0,obs,667,26.76,14.03,4.0,S3,26.76,14.03,4.0,S3,26.76,14.03,3.93,S3,7.622,0,S3,site_s3,S3,S3,S3,166.5,0.0,0.0,356.8,1,1,1,,,0,0.0,0.0,0.0,0.0,0.0,,279.0,,0
1786377449.436,c1,reserve,,0.0,26.34,13.67,3.5,S3,0,,0,36.0,obs,338,26.34,13.67,3.65,S3,26.34,13.67,3.65,S3,26.34,13.67,3.5,S3,7.589,0,S3,site_s3,S3,S3,S3,84.5,0.0,0.0,23.5,1,1,1,,,0,0.0,0.0,0.0,0.0,0.0,,279.0,,0
1786377449.436,c1,search,,0.0,31.1,20.71,10.89,S3,0,,0,4474.0,obs,500,31.1,20.71,10.98,S3,31.1,20.71,10.98,S3,31.1,20.71,10.89,S3,7.589,0,S3,site_s3,S3,S3,S3,125.0,0.0,0.0,148.5,1,1,1,,,0,0.0,0.0,0.0,0.0,0.0,,279.0,,0
1786377449.436,c1,recommend,,0.0,26.76,14.03,3.9,S3,0,,0,200.0,obs,666,26.76,14.03,4.0,S3,26.76,14.03,4.0,S3,26.76,14.03,3.9,S3,7.589,0,S3,site_s3,S3,S3,S3,166.0,0.0,0.0,178.0,1,1,1,,,0,0.0,0.0,0.0,0.0,0.0,,279.0,,0
1786377449.436,c2,reserve,,0.0,26.34,13.67,3.5,S3,0,,0,36.0,obs,338,26.34,13.67,3.65,S3,26.34,13.67,3.65,S3,26.34,13.67,3.5,S3,7.589,0,S3,site_s3,S3,S3,S3,84.5,0.0,0.0,201.5,1,1,1,,,0,0.0,0.0,0.0,0.0,0.0,,279.0,,0
1786377449.436,c2,search,,0.0,31.1,20.71,10.89,S3,0,,0,4474.0,obs,500,31.1,20.71,10.98,S3,31.1,20.71,10.98,S3,31.1,20.71,10.89,S3,7.589,0,S3,site_s3,S3,S3,S3,125.0,0.0,0.0,326.5,1,1,1,,,0,0.0,0.0,0.0,0.0,0.0,,279.0,,0
1786377449.436,c2,recommend,,0.0,26.76,14.03,3.9,S3,0,,0,200.0,obs,666,26.76,14.03,4.0,S3,26.76,14.03,4.0,S3,26.76,14.03,3.9,S3,7.589,0,S3,site_s3,S3,S3,S3,167.0,0.0,0.0,356.3,1,1,1,,,0,0.0,0.0,0.0,0.0,0.0,,279.0,,0
1786377450.436,c1,reserve,,0.0,26.34,13.67,3.52,S3,0,,0,36.0,obs,335,26.34,13.67,3.65,S3,26.34,13.67,3.65,S3,26.34,13.67,3.52,S3,7.328,0,S3,site_s3,S3,S3,S3,84.0,0.0,0.0,23.4,1,1,1,,,0,0.0,0.0,0.0,0.0,0.0,,279.0,,0
1786377450.436,c1,search,,0.0,31.1,20.71,10.86,S3,0,,0,4474.0,obs,499,31.1,20.71,10.98,S3,31.1,20.71,10.98,S3,31.1,20.71,10.86,S3,7.328,0,S3,site_s3,S3,S3,S3,124.5,0.0,0.0,147.9,1,1,1,,,0,0.0,0.0,0.0,0.0,0.0,,279.0,,0
1786377450.436,c1,recommend,,0.0,26.76,14.03,3.88,S3,0,,0,200.0,obs,672,26.76,14.03,4.0,S3,26.76,14.03,4.0,S3,26.76,14.03,3.88,S3,7.328,0,S3,site_s3,S3,S3,S3,168.0,0.0,0.0,177.8,1,1,1,,,0,0.0,0.0,0.0,0.0,0.0,,279.0,,0
1786377450.436,c2,reserve,,0.0,26.34,13.67,3.52,S3,0,,0,36.0,obs,335,26.34,13.67,3.65,S3,26.34,13.67,3.65,S3,26.34,13.67,3.52,S3,7.328,0,S3,site_s3,S3,S3,S3,83.5,0.0,0.0,201.0,1,1,1,,,0,0.0,0.0,0.0,0.0,0.0,,279.0,,0
1786377450.436,c2,search,,0.0,31.1,20.71,10.86,S3,0,,0,4474.0,obs,499,31.1,20.71,10.98,S3,31.1,20.71,10.98,S3,31.1,20.71,10.86,S3,7.328,0,S3,site_s3,S3,S3,S3,125.0,0.0,0.0,326.0,1,1,1,,,0,0.0,0.0,0.0,0.0,0.0,,279.0,,0
1786377450.436,c2,recommend,,0.0,26.76,14.03,3.88,S3,0,,0,200.0,obs,672,26.76,14.03,4.0,S3,26.76,14.03,4.0,S3,26.76,14.03,3.88,S3,7.328,0,S3,site_s3,S3,S3,S3,168.0,0.0,0.0,355.9,1,1,1,,,0,0.0,0.0,0.0,0.0,0.0,,279.0,,0
1786377451.436,c1,reserve,,0.0,26.34,13.67,3.46,S3,0,,0,36.0,obs,333,26.34,13.67,3.65,S3,26.34,13.67,3.65,S3,26.34,13.67,3.46,S3,7.558,0,S3,site_s3,S3,S3,S3,83.0,0.0,0.0,23.1,1,1,1,,,0,0.0,0.0,0.0,0.0,0.0,,279.0,,0
1786377451.436,c1,search,,0.0,31.1,20.71,10.79,S3,0,,0,4474.0,obs,502,31.1,20.71,10.98,S3,31.1,20.71,10.98,S3,31.1,20.71,10.79,S3,7.558,0,S3,site_s3,S3,S3,S3,125.5,0.0,0.0,148.6,1,1,1,,,0,0.0,0.0,0.0,0.0,0.0,,279.0,,0
1786377451.436,c1,recommend,,0.0,26.76,14.03,3.85,S3,0,,0,200.0,obs,671,26.76,14.03,4.0,S3,26.76,14.03,4.0,S3,26.76,14.03,3.85,S3,7.558,0,S3,site_s3,S3,S3,S3,168.0,0.0,0.0,178.5,1,1,1,,,0,0.0,0.0,0.0,0.0,0.0,,279.0,,0
1786377451.436,c2,reserve,,0.0,26.34,13.67,3.46,S3,0,,0,36.0,obs,333,26.34,13.67,3.65,S3,26.34,13.67,3.65,S3,26.34,13.67,3.46,S3,7.558,0,S3,site_s3,S3,S3,S3,83.5,0.0,0.0,201.7,1,1,1,,,0,0.0,0.0,0.0,0.0,0.0,,279.0,,0
1786377451.436,c2,search,,0.0,31.1,20.71,10.79,S3,0,,0,4474.0,obs,502,31.1,20.71,10.98,S3,31.1,20.71,10.98,S3,31.1,20.71,10.79,S3,7.558,0,S3,site_s3,S3,S3,S3,125.5,0.0,0.0,327.2,1,1,1,,,0,0.0,0.0,0.0,0.0,0.0,,279.0,,0
1786377451.436,c2,recommend,,0.0,26.76,14.03,3.85,S3,0,,0,200.0,obs,671,26.76,14.03,4.0,S3,26.76,14.03,4.0,S3,26.76,14.03,3.85,S3,7.558,0,S3,site_s3,S3,S3,S3,167.5,0.0,0.0,357.0,1,1,1,,,0,0.0,0.0,0.0,0.0,0.0,,279.0,,0
1786377452.436,c1,reserve,,0.0,26.34,13.67,3.51,S3,0,,0,36.0,obs,334,26.34,13.67,3.65,S3,26.34,13.67,3.65,S3,26.34,13.67,3.51,S3,7.734,0,S3,site_s3,S3,S3,S3,83.5,0.0,0.0,23.2,1,1,1,,,0,0.0,0.0,0.0,0.0,0.0,,279.0,,0
1786377452.436,c1,search,,0.0,31.1,20.71,10.71,S3,0,,0,4474.0,obs,502,31.1,20.71,10.98,S3,31.1,20.71,10.98,S3,31.1,20.71,10.71,S3,7.734,0,S3,site_s3,S3,S3,S3,125.5,0.0,0.0,148.7,1,1,1,,,0,0.0,0.0,0.0,0.0,0.0,,279.0,,0
1786377452.436,c1,recommend,,0.0,26.76,14.03,3.92,S3,0,,0,200.0,obs,670,26.76,14.03,4.0,S3,26.76,14.03,4.0,S3,26.76,14.03,3.92,S3,7.734,0,S3,site_s3,S3,S3,S3,167.5,0.0,0.0,178.5,1,1,1,,,0,0.0,0.0,0.0,0.0,0.0,,279.0,,0
1786377452.436,c2,reserve,,0.0,26.34,13.67,3.51,S3,0,,0,36.0,obs,334,26.34,13.67,3.65,S3,26.34,13.67,3.65,S3,26.34,13.67,3.51,S3,7.734,0,S3,site_s3,S3,S3,S3,83.5,0.0,0.0,201.7,1,1,1,,,0,0.0,0.0,0.0,0.0,0.0,,279.0,,0
1786377452.436,c2,search,,0.0,31.1,20.71,10.71,S3,0,,0,4474.0,obs,502,31.1,20.71,10.98,S3,31.1,20.71,10.98,S3,31.1,20.71,10.71,S3,7.734,0,S3,site_s3,S3,S3,S3,125.5,0.0,0.0,327.2,1,1,1,,,0,0.0,0.0,0.0,0.0,0.0,,279.0,,0
1786377452.436,c2,recommend,,0.0,26.76,14.03,3.92,S3,0,,0,200.0,obs,670,26.76,14.03,4.0,S3,26.76,14.03,4.0,S3,26.76,14.03,3.92,S3,7.734,0,S3,site_s3,S3,S3,S3,167.5,0.0,0.0,357.1,1,1,1,,,0,0.0,0.0,0.0,0.0,0.0,,279.0,,0
1786377453.436,c1,reserve,,0.0,26.34,13.67,3.61,S3,0,,0,36.0,obs,337,26.34,13.67,3.65,S3,26.34,13.67,3.65,S3,26.34,13.67,3.61,S3,7.675,0,S3,site_s3,S3,S3,S3,84.0,0.0,0.0,23.4,1,1,1,,,0,0.0,0.0,0.0,0.0,0.0,,279.0,,0
1786377453.436,c1,search,,0.0,31.1,20.71,10.97,S3,0,,0,4474.0,obs,505,31.1,20.71,10.98,S3,31.1,20.71,10.98,S3,31.1,20.71,10.97,S3,7.675,0,S3,site_s3,S3,S3,S3,126.5,0.0,0.0,149.9,1,1,1,,,0,0.0,0.0,0.0,0.0,0.0,,279.0,,0
1786377453.436,c1,recommend,,0.0,26.76,14.03,4.0,S3,0,,0,200.0,obs,667,26.76,14.03,4.0,S3,26.76,14.03,4.0,S3,26.76,14.03,4.0,S3,7.675,0,S3,site_s3,S3,S3,S3,166.5,0.0,0.0,179.5,1,1,1,,,0,0.0,0.0,0.0,0.0,0.0,,279.0,,0
1786377453.436,c2,reserve,,0.0,26.34,13.67,3.61,S3,0,,0,36.0,obs,337,26.34,13.67,3.65,S3,26.34,13.67,3.65,S3,26.34,13.67,3.61,S3,7.675,0,S3,site_s3,S3,S3,S3,84.5,0.0,0.0,203.0,1,1,1,,,0,0.0,0.0,0.0,0.0,0.0,,279.0,,0
1786377453.436,c2,search,,0.0,31.1,20.71,10.97,S3,0,,0,4474.0,obs,505,31.1,20.71,10.98,S3,31.1,20.71,10.98,S3,31.1,20.71,10.97,S3,7.675,0,S3,site_s3,S3,S3,S3,126.0,0.0,0.0,329.0,1,1,1,,,0,0.0,0.0,0.0,0.0,0.0,,279.0,,0
1786377453.436,c2,recommend,,0.0,26.76,14.03,4.0,S3,0,,0,200.0,obs,667,26.76,14.03,4.0,S3,26.76,14.03,4.0,S3,26.76,14.03,4.0,S3,7.675,0,S3,site_s3,S3,S3,S3,167.0,0.0,0.0,358.7,1,1,1,,,0,0.0,0.0,0.0,0.0,0.0,,279.0,,0
1786377454.436,c1,reserve,,0.0,26.34,13.67,3.61,S3,0,,0,36.0,obs,338,26.34,13.67,3.65,S3,26.34,13.67,3.65,S3,26.34,13.67,3.61,S3,7.235,0,S3,site_s3,S3,S3,S3,84.5,0.0,0.0,23.5,1,1,1,,,0,0.0,0.0,0.0,0.0,0.0,,279.0,,0
1786377454.436,c1,search,,0.0,31.1,20.71,11.01,S3,0,,0,4474.0,obs,500,31.1,20.71,10.98,S3,31.1,20.71,10.98,S3,31.1,20.71,11.01,S3,7.235,0,S3,site_s3,S3,S3,S3,125.0,0.0,0.0,148.5,1,1,1,,,0,0.0,0.0,0.0,0.0,0.0,,279.0,,0
1786377454.436,c1,recommend,,0.0,26.76,14.03,3.95,S3,0,,0,200.0,obs,670,26.76,14.03,4.0,S3,26.76,14.03,4.0,S3,26.76,14.03,3.95,S3,7.235,0,S3,site_s3,S3,S3,S3,167.5,0.0,0.0,178.3,1,1,1,,,0,0.0,0.0,0.0,0.0,0.0,,279.0,,0
1786377454.436,c2,reserve,,0.0,26.34,13.67,3.61,S3,0,,0,36.0,obs,338,26.34,13.67,3.65,S3,26.34,13.67,3.65,S3,26.34,13.67,3.61,S3,7.235,0,S3,site_s3,S3,S3,S3,84.5,0.0,0.0,201.8,1,1,1,,,0,0.0,0.0,0.0,0.0,0.0,,279.0,,0
1786377454.436,c2,search,,0.0,31.1,20.71,11.01,S3,0,,0,4474.0,obs,500,31.1,20.71,10.98,S3,31.1,20.71,10.98,S3,31.1,20.71,11.01,S3,7.235,0,S3,site_s3,S3,S3,S3,125.0,0.0,0.0,326.8,1,1,1,,,0,0.0,0.0,0.0,0.0,0.0,,279.0,,0
1786377454.436,c2,recommend,,0.0,26.76,14.03,3.95,S3,0,,0,200.0,obs,670,26.76,14.03,4.0,S3,26.76,14.03,4.0,S3,26.76,14.03,3.95,S3,7.235,0,S3,site_s3,S3,S3,S3,167.5,0.0,0.0,356.6,1,1,1,,,0,0.0,0.0,0.0,0.0,0.0,,279.0,,0
1786377455.436,c1,reserve,,0.0,26.34,13.67,3.56,S3,0,,0,36.0,obs,333,26.34,13.67,3.65,S3,26.34,13.67,3.65,S3,26.34,13.67,3.56,S3,7.602,0,S3,site_s3,S3,S3,S3,83.5,0.0,0.0,23.2,1,1,1,,,0,0.0,0.0,0.0,0.0,0.0,,279.0,,0
1786377455.436,c1,search,,0.0,31.1,20.71,10.96,S3,0,,0,4474.0,obs,503,31.1,20.71,10.98,S3,31.1,20.71,10.98,S3,31.1,20.71,10.96,S3,7.602,0,S3,site_s3,S3,S3,S3,125.5,0.0,0.0,148.7,1,1,1,,,0,0.0,0.0,0.0,0.0,0.0,,279.0,,0
1786377455.436,c1,recommend,,0.0,26.76,14.03,3.99,S3,0,,0,200.0,obs,673,26.76,14.03,4.0,S3,26.76,14.03,4.0,S3,26.76,14.03,3.99,S3,7.602,0,S3,site_s3,S3,S3,S3,168.0,0.0,0.0,178.6,1,1,1,,,0,0.0,0.0,0.0,0.0,0.0,,279.0,,0
1786377455.436,c2,reserve,,0.0,26.34,13.67,3.56,S3,0,,0,36.0,obs,333,26.34,13.67,3.65,S3,26.34,13.67,3.65,S3,26.34,13.67,3.56,S3,7.602,0,S3,site_s3,S3,S3,S3,83.0,0.0,0.0,201.7,1,1,1,,,0,0.0,0.0,0.0,0.0,0.0,,279.0,,0
1786377455.436,c2,search,,0.0,31.1,20.71,10.96,S3,0,,0,4474.0,obs,503,31.1,20.71,10.98,S3,31.1,20.71,10.98,S3,31.1,20.71,10.96,S3,7.602,0,S3,site_s3,S3,S3,S3,126.0,0.0,0.0,327.7,1,1,1,,,0,0.0,0.0,0.0,0.0,0.0,,279.0,,0
1786377455.436,c2,recommend,,0.0,26.76,14.03,3.99,S3,0,,0,200.0,obs,673,26.76,14.03,4.0,S3,26.76,14.03,4.0,S3,26.76,14.03,3.99,S3,7.602,0,S3,site_s3,S3,S3,S3,168.5,0.0,0.0,357.7,1,1,1,,,0,0.0,0.0,0.0,0.0,0.0,,279.0,,0
1786377456.435,c1,reserve,,0.0,26.34,13.67,3.55,S3,0,,0,36.0,obs,333,26.34,13.67,3.65,S3,26.34,13.67,3.65,S3,26.34,13.67,3.55,S3,7.296,0,S3,site_s3,S3,S3,S3,83.0,0.0,0.0,23.1,1,1,1,,,0,0.0,0.0,0.0,0.0,0.0,,279.0,,0
1786377456.435,c1,search,,0.0,31.1,20.71,10.95,S3,0,,0,4474.0,obs,504,31.1,20.71,10.98,S3,31.1,20.71,10.98,S3,31.1,20.71,10.95,S3,7.296,0,S3,site_s3,S3,S3,S3,126.0,0.0,0.0,149.1,1,1,1,,,0,0.0,0.0,0.0,0.0,0.0,,279.0,,0
1786377456.435,c1,recommend,,0.0,26.76,14.03,3.9,S3,0,,0,200.0,obs,674,26.76,14.03,4.0,S3,26.76,14.03,4.0,S3,26.76,14.03,3.9,S3,7.296,0,S3,site_s3,S3,S3,S3,168.5,0.0,0.0,179.1,1,1,1,,,0,0.0,0.0,0.0,0.0,0.0,,279.0,,0
1786377456.435,c2,reserve,,0.0,26.34,13.67,3.55,S3,0,,0,36.0,obs,333,26.34,13.67,3.65,S3,26.34,13.67,3.65,S3,26.34,13.67,3.55,S3,7.296,0,S3,site_s3,S3,S3,S3,83.5,0.0,0.0,202.3,1,1,1,,,0,0.0,0.0,0.0,0.0,0.0,,279.0,,0
1786377456.435,c2,search,,0.0,31.1,20.71,10.95,S3,0,,0,4474.0,obs,504,31.1,20.71,10.98,S3,31.1,20.71,10.98,S3,31.1,20.71,10.95,S3,7.296,0,S3,site_s3,S3,S3,S3,126.0,0.0,0.0,328.3,1,1,1,,,0,0.0,0.0,0.0,0.0,0.0,,279.0,,0
1786377456.435,c2,recommend,,0.0,26.76,14.03,3.9,S3,0,,0,200.0,obs,674,26.76,14.03,4.0,S3,26.76,14.03,4.0,S3,26.76,14.03,3.9,S3,7.296,0,S3,site_s3,S3,S3,S3,168.5,0.0,0.0,358.3,1,1,1,,,0,0.0,0.0,0.0,0.0,0.0,,279.0,,0
1786377457.436,c1,reserve,,0.0,26.34,13.67,3.5,S3,0,,0,36.0,obs,335,26.34,13.67,3.65,S3,26.34,13.67,3.65,S3,26.34,13.67,3.5,S3,7.662,0,S3,site_s3,S3,S3,S3,83.5,0.0,0.0,23.2,1,1,1,,,0,0.0,0.0,0.0,0.0,0.0,,279.0,,0
1786377457.436,c1,search,,0.0,31.1,20.71,10.88,S3,0,,0,4474.0,obs,506,31.1,20.71,10.98,S3,31.1,20.71,10.98,S3,31.1,20.71,10.88,S3,7.662,0,S3,site_s3,S3,S3,S3,126.5,0.0,0.0,149.7,1,1,1,,,0,0.0,0.0,0.0,0.0,0.0,,279.0,,0
1786377457.436,c1,recommend,,0.0,26.76,14.03,3.88,S3,0,,0,200.0,obs,671,26.76,14.03,4.0,S3,26.76,14.03,4.0,S3,26.76,14.03,3.88,S3,7.662,0,S3,site_s3,S3,S3,S3,168.0,0.0,0.0,179.6,1,1,1,,,0,0.0,0.0,0.0,0.0,0.0,,279.0,,0
1786377457.436,c2,reserve,,0.0,26.34,13.67,3.5,S3,0,,0,36.0,obs,335,26.34,13.67,3.65,S3,26.34,13.67,3.65,S3,26.34,13.67,3.5,S3,7.662,0,S3,site_s3,S3,S3,S3,84.0,0.0,0.0,203.0,1,1,1,,,0,0.0,0.0,0.0,0.0,0.0,,279.0,,0
1786377457.436,c2,search,,0.0,31.1,20.71,10.88,S3,0,,0,4474.0,obs,506,31.1,20.71,10.98,S3,31.1,20.71,10.98,S3,31.1,20.71,10.88,S3,7.662,0,S3,site_s3,S3,S3,S3,126.5,0.0,0.0,329.5,1,1,1,,,0,0.0,0.0,0.0,0.0,0.0,,279.0,,0
1786377457.436,c2,recommend,,0.0,26.76,14.03,3.88,S3,0,,0,200.0,obs,671,26.76,14.03,4.0,S3,26.76,14.03,4.0,S3,26.76,14.03,3.88,S3,7.662,0,S3,site_s3,S3,S3,S3,167.5,0.0,0.0,359.3,1,1,1,,,0,0.0,0.0,0.0,0.0,0.0,,279.0,,0
1786377458.436,c1,reserve,,0.0,26.34,13.67,3.53,S3,0,,0,36.0,obs,340,26.34,13.67,3.65,S3,26.34,13.67,3.65,S3,26.34,13.67,3.53,S3,7.566,0,S3,site_s3,S3,S3,S3,85.0,0.0,0.0,23.6,1,1,1,,,0,0.0,0.0,0.0,0.0,0.0,,279.0,,0
1786377458.436,c1,search,,0.0,31.1,20.71,10.88,S3,0,,0,4474.0,obs,503,31.1,20.71,10.98,S3,31.1,20.71,10.98,S3,31.1,20.71,10.88,S3,7.566,0,S3,site_s3,S3,S3,S3,126.0,0.0,0.0,149.6,1,1,1,,,0,0.0,0.0,0.0,0.0,0.0,,279.0,,0
1786377458.436,c1,recommend,,0.0,26.76,14.03,3.89,S3,0,,0,200.0,obs,669,26.76,14.03,4.0,S3,26.76,14.03,4.0,S3,26.76,14.03,3.89,S3,7.566,0,S3,site_s3,S3,S3,S3,167.0,0.0,0.0,179.4,1,1,1,,,0,0.0,0.0,0.0,0.0,0.0,,279.0,,0
1786377458.436,c2,reserve,,0.0,26.34,13.67,3.53,S3,0,,0,36.0,obs,340,26.34,13.67,3.65,S3,26.34,13.67,3.65,S3,26.34,13.67,3.53,S3,7.566,0,S3,site_s3,S3,S3,S3,85.0,0.0,0.0,203.0,1,1,1,,,0,0.0,0.0,0.0,0.0,0.0,,279.0,,0
1786377458.436,c2,search,,0.0,31.1,20.71,10.88,S3,0,,0,4474.0,obs,503,31.1,20.71,10.98,S3,31.1,20.71,10.98,S3,31.1,20.71,10.88,S3,7.566,0,S3,site_s3,S3,S3,S3,125.5,0.0,0.0,328.5,1,1,1,,,0,0.0,0.0,0.0,0.0,0.0,,279.0,,0
1786377458.436,c2,recommend,,0.0,26.76,14.03,3.89,S3,0,,0,200.0,obs,669,26.76,14.03,4.0,S3,26.76,14.03,4.0,S3,26.76,14.03,3.89,S3,7.566,0,S3,site_s3,S3,S3,S3,167.5,0.0,0.0,358.3,1,1,1,,,0,0.0,0.0,0.0,0.0,0.0,,279.0,,0
1786377459.436,c1,reserve,,0.0,26.34,13.67,3.5,S3,0,,0,36.0,obs,337,26.34,13.67,3.65,S3,26.34,13.67,3.65,S3,26.34,13.67,3.5,S3,7.739,0,S3,site_s3,S3,S3,S3,84.5,0.0,0.0,23.5,1,1,1,,,0,0.0,0.0,0.0,0.0,0.0,,279.0,,0
1786377459.436,c1,search,,0.0,31.1,20.71,10.75,S3,0,,0,4474.0,obs,501,31.1,20.71,10.98,S3,31.1,20.71,10.98,S3,31.1,20.71,10.75,S3,7.739,0,S3,site_s3,S3,S3,S3,125.0,0.0,0.0,148.5,1,1,1,,,0,0.0,0.0,0.0,0.0,0.0,,279.0,,0
1786377459.436,c1,recommend,,0.0,26.76,14.03,3.85,S3,0,,0,200.0,obs,675,26.76,14.03,4.0,S3,26.76,14.03,4.0,S3,26.76,14.03,3.85,S3,7.739,0,S3,site_s3,S3,S3,S3,168.5,0.0,0.0,178.5,1,1,1,,,0,0.0,0.0,0.0,0.0,0.0,,279.0,,0
1786377459.436,c2,reserve,,0.0,26.34,13.67,3.5,S3,0,,0,36.0,obs,337,26.34,13.67,3.65,S3,26.34,13.67,3.65,S3,26.34,13.67,3.5,S3,7.739,0,S3,site_s3,S3,S3,S3,84.0,0.0,0.0,201.8,1,1,1,,,0,0.0,0.0,0.0,0.0,0.0,,279.0,,0
1786377459.436,c2,search,,0.0,31.1,20.71,10.75,S3,0,,0,4474.0,obs,501,31.1,20.71,10.98,S3,31.1,20.71,10.98,S3,31.1,20.71,10.75,S3,7.739,0,S3,site_s3,S3,S3,S3,125.5,0.0,0.0,327.3,1,1,1,,,0,0.0,0.0,0.0,0.0,0.0,,279.0,,0
1786377459.436,c2,recommend,,0.0,26.76,14.03,3.85,S3,0,,0,200.0,obs,675,26.76,14.03,4.0,S3,26.76,14.03,4.0,S3,26.76,14.03,3.85,S3,7.739,0,S3,site_s3,S3,S3,S3,169.0,0.0,0.0,357.4,1,1,1,,,0,0.0,0.0,0.0,0.0,0.0,,279.0,,0
1786377460.436,c1,reserve,,0.0,26.34,13.67,3.47,S3,0,,0,36.0,obs,335,26.34,13.67,3.65,S3,26.34,13.67,3.65,S3,26.34,13.67,3.47,S3,7.606,0,S3,site_s3,S3,S3,S3,83.5,0.0,0.0,23.2,1,1,1,,,0,0.0,0.0,0.0,0.0,0.0,,279.0,,0
1786377460.436,c1,search,,0.0,31.1,20.71,10.82,S3,0,,0,4474.0,obs,504,31.1,20.71,10.98,S3,31.1,20.71,10.98,S3,31.1,20.71,10.82,S3,7.606,0,S3,site_s3,S3,S3,S3,126.0,0.0,0.0,149.2,1,1,1,,,0,0.0,0.0,0.0,0.0,0.0,,279.0,,0
1786377460.436,c1,recommend,,0.0,26.76,14.03,3.87,S3,0,,0,200.0,obs,675,26.76,14.03,4.0,S3,26.76,14.03,4.0,S3,26.76,14.03,3.87,S3,7.606,0,S3,site_s3,S3,S3,S3,169.0,0.0,0.0,179.3,1,1,1,,,0,0.0,0.0,0.0,0.0,0.0,,279.0,,0
1786377460.436,c2,reserve,,0.0,26.34,13.67,3.47,S3,0,,0,36.0,obs,335,26.34,13.67,3.65,S3,26.34,13.67,3.65,S3,26.34,13.67,3.47,S3,7.606,0,S3,site_s3,S3,S3,S3,84.0,0.0,0.0,202.6,1,1,1,,,0,0.0,0.0,0.0,0.0,0.0,,279.0,,0
1786377460.436,c2,search,,0.0,31.1,20.71,10.82,S3,0,,0,4474.0,obs,504,31.1,20.71,10.98,S3,31.1,20.71,10.98,S3,31.1,20.71,10.82,S3,7.606,0,S3,site_s3,S3,S3,S3,126.0,0.0,0.0,328.6,1,1,1,,,0,0.0,0.0,0.0,0.0,0.0,,279.0,,0
1786377460.436,c2,recommend,,0.0,26.76,14.03,3.87,S3,0,,0,200.0,obs,675,26.76,14.03,4.0,S3,26.76,14.03,4.0,S3,26.76,14.03,3.87,S3,7.606,0,S3,site_s3,S3,S3,S3,168.5,0.0,0.0,358.6,1,1,1,,,0,0.0,0.0,0.0,0.0,0.0,,279.0,,0
1786377461.436,c1,reserve,,0.0,26.34,13.67,3.51,S3,0,,0,36.0,obs,335,26.34,13.67,3.65,S3,26.34,13.67,3.65,S3,26.34,13.67,3.51,S3,7.616,0,S3,site_s3,S3,S3,S3,84.0,0.0,0.0,23.4,1,1,1,,,0,0.0,0.0,0.0,0.0,0.0,,279.0,,0
1786377461.436,c1,search,,0.0,31.1,20.71,11.0,S3,0,,0,4474.0,obs,505,31.1,20.71,10.98,S3,31.1,20.71,10.98,S3,31.1,20.71,11.0,S3,7.616,0,S3,site_s3,S3,S3,S3,126.0,0.0,0.0,149.4,1,1,1,,,0,0.0,0.0,0.0,0.0,0.0,,279.0,,0
1786377461.436,c1,recommend,,0.0,26.76,14.03,3.96,S3,0,,0,200.0,obs,675,26.76,14.03,4.0,S3,26.76,14.03,4.0,S3,26.76,14.03,3.96,S3,7.616,0,S3,site_s3,S3,S3,S3,168.5,0.0,0.0,179.3,1,1,1,,,0,0.0,0.0,0.0,0.0,0.0,,279.0,,0
1786377461.436,c2,reserve,,0.0,26.34,13.67,3.51,S3,0,,0,36.0,obs,335,26.34,13.67,3.65,S3,26.34,13.67,3.65,S3,26.34,13.67,3.51,S3,7.616,0,S3,site_s3,S3,S3,S3,83.5,0.0,0.0,202.6,1,1,1,,,0,0.0,0.0,0.0,0.0,0.0,,279.0,,0
1786377461.436,c2,search,,0.0,31.1,20.71,11.0,S3,0,,0,4474.0,obs,505,31.1,20.71,10.98,S3,31.1,20.71,10.98,S3,31.1,20.71,11.0,S3,7.616,0,S3,site_s3,S3,S3,S3,126.5,0.0,0.0,329.1,1,1,1,,,0,0.0,0.0,0.0,0.0,0.0,,279.0,,0
1786377461.436,c2,recommend,,0.0,26.76,14.03,3.96,S3,0,,0,200.0,obs,675,26.76,14.03,4.0,S3,26.76,14.03,4.0,S3,26.76,14.03,3.96,S3,7.616,0,S3,site_s3,S3,S3,S3,169.0,0.0,0.0,359.1,1,1,1,,,0,0.0,0.0,0.0,0.0,0.0,,279.0,,0
1786377462.436,c1,reserve,,0.0,26.34,13.67,3.62,S3,0,,0,36.0,obs,337,26.34,13.67,3.65,S3,26.34,13.67,3.65,S3,26.34,13.67,3.62,S3,7.303,0,S3,site_s3,S3,S3,S3,84.0,0.0,0.0,23.4,1,1,1,,,0,0.0,0.0,0.0,0.0,0.0,,279.0,,0
1786377462.436,c1,search,,0.0,31.1,20.71,10.94,S3,0,,0,4474.0,obs,508,31.1,20.71,10.98,S3,31.1,20.71,10.98,S3,31.1,20.71,10.94,S3,7.303,0,S3,site_s3,S3,S3,S3,127.0,0.0,0.0,150.4,1,1,1,,,0,0.0,0.0,0.0,0.0,0.0,,279.0,,0
1786377462.436,c1,recommend,,0.0,26.76,14.03,3.96,S3,0,,0,200.0,obs,672,26.76,14.03,4.0,S3,26.76,14.03,4.0,S3,26.76,14.03,3.96,S3,7.303,0,S3,site_s3,S3,S3,S3,168.0,0.0,0.0,180.3,1,1,1,,,0,0.0,0.0,0.0,0.0,0.0,,279.0,,0
1786377462.436,c2,reserve,,0.0,26.34,13.67,3.62,S3,0,,0,36.0,obs,337,26.34,13.67,3.65,S3,26.34,13.67,3.65,S3,26.34,13.67,3.62,S3,7.303,0,S3,site_s3,S3,S3,S3,84.5,0.0,0.0,203.7,1,1,1,,,0,0.0,0.0,0.0,0.0,0.0,,279.0,,0
1786377462.436,c2,search,,0.0,31.1,20.71,10.94,S3,0,,0,4474.0,obs,508,31.1,20.71,10.98,S3,31.1,20.71,10.98,S3,31.1,20.71,10.94,S3,7.303,0,S3,site_s3,S3,S3,S3,127.0,0.0,0.0,330.7,1,1,1,,,0,0.0,0.0,0.0,0.0,0.0,,279.0,,0
1786377462.436,c2,recommend,,0.0,26.76,14.03,3.96,S3,0,,0,200.0,obs,672,26.76,14.03,4.0,S3,26.76,14.03,4.0,S3,26.76,14.03,3.96,S3,7.303,0,S3,site_s3,S3,S3,S3,168.0,0.0,0.0,360.7,1,1,1,,,0,0.0,0.0,0.0,0.0,0.0,,279.0,,0
1786377463.436,c1,reserve,,0.0,26.34,13.67,3.61,S3,0,,0,36.0,obs,341,26.34,13.67,3.65,S3,26.34,13.67,3.65,S3,26.34,13.67,3.61,S3,7.629,0,S3,site_s3,S3,S3,S3,85.5,0.0,0.0,23.8,1,1,1,,,0,0.0,0.0,0.0,0.0,0.0,,279.0,,0
1786377463.436,c1,search,,0.0,31.1,20.71,10.89,S3,0,,0,4474.0,obs,503,31.1,20.71,10.98,S3,31.1,20.71,10.98,S3,31.1,20.71,10.89,S3,7.629,0,S3,site_s3,S3,S3,S3,125.5,0.0,0.0,149.3,1,1,1,,,0,0.0,0.0,0.0,0.0,0.0,,279.0,,0
1786377463.436,c1,recommend,,0.0,26.76,14.03,3.83,S3,0,,0,200.0,obs,673,26.76,14.03,4.0,S3,26.76,14.03,4.0,S3,26.76,14.03,3.83,S3,7.629,0,S3,site_s3,S3,S3,S3,168.0,0.0,0.0,179.2,1,1,1,,,0,0.0,0.0,0.0,0.0,0.0,,279.0,,0
1786377463.436,c2,reserve,,0.0,26.34,13.67,3.61,S3,0,,0,36.0,obs,341,26.34,13.67,3.65,S3,26.34,13.67,3.65,S3,26.34,13.67,3.61,S3,7.629,0,S3,site_s3,S3,S3,S3,85.0,0.0,0.0,202.8,1,1,1,,,0,0.0,0.0,0.0,0.0,0.0,,279.0,,0
1786377463.436,c2,search,,0.0,31.1,20.71,10.89,S3,0,,0,4474.0,obs,503,31.1,20.71,10.98,S3,31.1,20.71,10.98,S3,31.1,20.71,10.89,S3,7.629,0,S3,site_s3,S3,S3,S3,126.0,0.0,0.0,328.8,1,1,1,,,0,0.0,0.0,0.0,0.0,0.0,,279.0,,0
1786377463.436,c2,recommend,,0.0,26.76,14.03,3.83,S3,0,,0,200.0,obs,673,26.76,14.03,4.0,S3,26.76,14.03,4.0,S3,26.76,14.03,3.83,S3,7.629,0,S3,site_s3,S3,S3,S3,168.5,0.0,0.0,358.8,1,1,1,,,0,0.0,0.0,0.0,0.0,0.0,,279.0,,0
1786377464.436,c1,reserve,,0.0,26.34,13.67,3.55,S3,0,,0,36.0,obs,336,26.34,13.67,3.65,S3,26.34,13.67,3.65,S3,26.34,13.67,3.55,S3,7.692,0,S3,site_s3,S3,S3,S3,84.0,0.0,0.0,23.4,1,1,1,,,0,0.0,0.0,0.0,0.0,0.0,,279.0,,0
1786377464.436,c1,search,,0.0,31.1,20.71,10.77,S3,0,,0,4474.0,obs,505,31.1,20.71,10.98,S3,31.1,20.71,10.98,S3,31.1,20.71,10.77,S3,7.692,0,S3,site_s3,S3,S3,S3,126.0,0.0,0.0,149.4,1,1,1,,,0,0.0,0.0,0.0,0.0,0.0,,279.0,,0
1786377464.436,c1,recommend,,0.0,26.76,14.03,3.84,S3,0,,0,200.0,obs,678,26.76,14.03,4.0,S3,26.76,14.03,4.0,S3,26.76,14.03,3.84,S3,7.692,0,S3,site_s3,S3,S3,S3,169.5,0.0,0.0,179.5,1,1,1,,,0,0.0,0.0,0.0,0.0,0.0,,279.0,,0
1786377464.436,c2,reserve,,0.0,26.34,13.67,3.55,S3,0,,0,36.0,obs,336,26.34,13.67,3.65,S3,26.34,13.67,3.65,S3,26.34,13.67,3.55,S3,7.692,0,S3,site_s3,S3,S3,S3,84.0,0.0,0.0,202.9,1,1,1,,,0,0.0,0.0,0.0,0.0,0.0,,279.0,,0
1786377464.436,c2,search,,0.0,31.1,20.71,10.77,S3,0,,0,4474.0,obs,505,31.1,20.71,10.98,S3,31.1,20.71,10.98,S3,31.1,20.71,10.77,S3,7.692,0,S3,site_s3,S3,S3,S3,126.5,0.0,0.0,329.4,1,1,1,,,0,0.0,0.0,0.0,0.0,0.0,,279.0,,0
1786377464.436,c2,recommend,,0.0,26.76,14.03,3.84,S3,0,,0,200.0,obs,678,26.76,14.03,4.0,S3,26.76,14.03,4.0,S3,26.76,14.03,3.84,S3,7.692,0,S3,site_s3,S3,S3,S3,169.5,0.0,0.0,359.5,1,1,1,,,0,0.0,0.0,0.0,0.0,0.0,,279.0,,0
1786377465.436,c1,reserve,,0.0,26.34,13.67,3.54,S3,0,,0,36.0,obs,335,26.34,13.67,3.65,S3,26.34,13.67,3.65,S3,26.34,13.67,3.54,S3,7.486,0,S3,site_s3,S3,S3,S3,83.5,0.0,0.0,23.2,1,1,1,,,0,0.0,0.0,0.0,0.0,0.0,,279.0,,0
1786377465.436,c1,search,,0.0,31.1,20.71,10.88,S3,0,,0,4474.0,obs,506,31.1,20.71,10.98,S3,31.1,20.71,10.98,S3,31.1,20.71,10.88,S3,7.486,0,S3,site_s3,S3,S3,S3,126.5,0.0,0.0,149.7,1,1,1,,,0,0.0,0.0,0.0,0.0,0.0,,279.0,,0
1786377465.436,c1,recommend,,0.0,26.76,14.03,3.92,S3,0,,0,200.0,obs,677,26.76,14.03,4.0,S3,26.76,14.03,4.0,S3,26.76,14.03,3.92,S3,7.486,0,S3,site_s3,S3,S3,S3,169.0,0.0,0.0,179.8,1,1,1,,,0,0.0,0.0,0.0,0.0,0.0,,279.0,,0
1786377465.436,c2,reserve,,0.0,26.34,13.67,3.54,S3,0,,0,36.0,obs,335,26.34,13.67,3.65,S3,26.34,13.67,3.65,S3,26.34,13.67,3.54,S3,7.486,0,S3,site_s3,S3,S3,S3,84.0,0.0,0.0,203.1,1,1,1,,,0,0.0,0.0,0.0,0.0,0.0,,279.0,,0
1786377465.436,c2,search,,0.0,31.1,20.71,10.88,S3,0,,0,4474.0,obs,506,31.1,20.71,10.98,S3,31.1,20.71,10.98,S3,31.1,20.71,10.88,S3,7.486,0,S3,site_s3,S3,S3,S3,126.5,0.0,0.0,329.6,1,1,1,,,0,0.0,0.0,0.0,0.0,0.0,,279.0,,0
1786377465.436,c2,recommend,,0.0,26.76,14.03,3.92,S3,0,,0,200.0,obs,677,26.76,14.03,4.0,S3,26.76,14.03,4.0,S3,26.76,14.03,3.92,S3,7.486,0,S3,site_s3,S3,S3,S3,169.5,0.0,0.0,359.8,1,1,1,,,0,0.0,0.0,0.0,0.0,0.0,,279.0,,0
1786377466.436,c1,reserve,,0.0,26.34,13.67,3.56,S3,0,,0,36.0,obs,337,26.34,13.67,3.65,S3,26.34,13.67,3.65,S3,26.34,13.67,3.56,S3,7.686,0,S3,site_s3,S3,S3,S3,84.0,0.0,0.0,23.4,1,1,1,,,0,0.0,0.0,0.0,0.0,0.0,,279.0,,0
1786377466.436,c1,search,,0.0,31.1,20.71,10.94,S3,0,,0,4474.0,obs,508,31.1,20.71,10.98,S3,31.1,20.71,10.98,S3,31.1,20.71,10.94,S3,7.686,0,S3,site_s3,S3,S3,S3,127.0,0.0,0.0,150.4,1,1,1,,,0,0.0,0.0,0.0,0.0,0.0,,279.0,,0
1786377466.436,c1,recommend,,0.0,26.76,14.03,3.86,S3,0,,0,200.0,obs,675,26.76,14.03,4.0,S3,26.76,14.03,4.0,S3,26.76,14.03,3.86,S3,7.686,0,S3,site_s3,S3,S3,S3,169.0,0.0,0.0,180.4,1,1,1,,,0,0.0,0.0,0.0,0.0,0.0,,279.0,,0
1786377466.436,c2,reserve,,0.0,26.34,13.67,3.56,S3,0,,0,36.0,obs,337,26.34,13.67,3.65,S3,26.34,13.67,3.65,S3,26.34,13.67,3.56,S3,7.686,0,S3,site_s3,S3,S3,S3,84.5,0.0,0.0,203.9,1,1,1,,,0,0.0,0.0,0.0,0.0,0.0,,279.0,,0
1786377466.436,c2,search,,0.0,31.1,20.71,10.94,S3,0,,0,4474.0,obs,508,31.1,20.71,10.98,S3,31.1,20.71,10.98,S3,31.1,20.71,10.94,S3,7.686,0,S3,site_s3,S3,S3,S3,127.0,0.0,0.0,330.9,1,1,1,,,0,0.0,0.0,0.0,0.0,0.0,,279.0,,0
1786377466.436,c2,recommend,,0.0,26.76,14.03,3.86,S3,0,,0,200.0,obs,675,26.76,14.03,4.0,S3,26.76,14.03,4.0,S3,26.76,14.03,3.86,S3,7.686,0,S3,site_s3,S3,S3,S3,168.5,0.0,0.0,360.9,1,1,1,,,0,0.0,0.0,0.0,0.0,0.0,,279.0,,0
1786377467.436,c1,reserve,,0.0,26.34,13.67,3.56,S3,0,,0,36.0,obs,341,26.34,13.67,3.65,S3,26.34,13.67,3.65,S3,26.34,13.67,3.56,S3,7.307,0,S3,site_s3,S3,S3,S3,85.5,0.0,0.0,23.8,1,1,1,,,0,0.0,0.0,0.0,0.0,0.0,,279.0,,0
1786377467.436,c1,search,,0.0,31.1,20.71,10.85,S3,0,,0,4474.0,obs,508,31.1,20.71,10.98,S3,31.1,20.71,10.98,S3,31.1,20.71,10.85,S3,7.307,0,S3,site_s3,S3,S3,S3,127.0,0.0,0.0,150.8,1,1,1,,,0,0.0,0.0,0.0,0.0,0.0,,279.0,,0
1786377467.436,c1,recommend,,0.0,26.76,14.03,3.78,S3,0,,0,200.0,obs,672,26.76,14.03,4.0,S3,26.76,14.03,4.0,S3,26.76,14.03,3.78,S3,7.307,0,S3,site_s3,S3,S3,S3,167.5,0.0,0.0,180.6,1,1,1,,,0,0.0,0.0,0.0,0.0,0.0,,279.0,,0
1786377467.436,c2,reserve,,0.0,26.34,13.67,3.56,S3,0,,0,36.0,obs,341,26.34,13.67,3.65,S3,26.34,13.67,3.65,S3,26.34,13.67,3.56,S3,7.307,0,S3,site_s3,S3,S3,S3,85.0,0.0,0.0,204.2,1,1,1,,,0,0.0,0.0,0.0,0.0,0.0,,279.0,,0
1786377467.436,c2,search,,0.0,31.1,20.71,10.85,S3,0,,0,4474.0,obs,508,31.1,20.71,10.98,S3,31.1,20.71,10.98,S3,31.1,20.71,10.85,S3,7.307,0,S3,site_s3,S3,S3,S3,127.0,0.0,0.0,331.2,1,1,1,,,0,0.0,0.0,0.0,0.0,0.0,,279.0,,0
1786377467.436,c2,recommend,,0.0,26.76,14.03,3.78,S3,0,,0,200.0,obs,672,26.76,14.03,4.0,S3,26.76,14.03,4.0,S3,26.76,14.03,3.78,S3,7.307,0,S3,site_s3,S3,S3,S3,168.5,0.0,0.0,361.2,1,1,1,,,0,0.0,0.0,0.0,0.0,0.0,,279.0,,0
1786377468.436,c1,reserve,,0.0,26.34,13.67,3.56,S3,0,,0,36.0,obs,340,26.34,13.67,3.65,S3,26.34,13.67,3.65,S3,26.34,13.67,3.56,S3,7.643,0,S3,site_s3,S3,S3,S3,85.0,0.0,0.0,23.6,1,1,1,,,0,0.0,0.0,0.0,0.0,0.0,,279.0,,0
1786377468.436,c1,search,,0.0,31.1,20.71,10.8,S3,0,,0,4474.0,obs,504,31.1,20.71,10.98,S3,31.1,20.71,10.98,S3,31.1,20.71,10.8,S3,7.643,0,S3,site_s3,S3,S3,S3,126.0,0.0,0.0,149.6,1,1,1,,,0,0.0,0.0,0.0,0.0,0.0,,279.0,,0
1786377468.436,c1,recommend,,0.0,26.76,14.03,3.91,S3,0,,0,200.0,obs,678,26.76,14.03,4.0,S3,26.76,14.03,4.0,S3,26.76,14.03,3.91,S3,7.643,0,S3,site_s3,S3,S3,S3,169.5,0.0,0.0,179.8,1,1,1,,,0,0.0,0.0,0.0,0.0,0.0,,279.0,,0
1786377468.436,c2,reserve,,0.0,26.34,13.67,3.56,S3,0,,0,36.0,obs,340,26.34,13.67,3.65,S3,26.34,13.67,3.65,S3,26.34,13.67,3.56,S3,7.643,0,S3,site_s3,S3,S3,S3,85.0,0.0,0.0,203.4,1,1,1,,,0,0.0,0.0,0.0,0.0,0.0,,279.0,,0
1786377468.436,c2,search,,0.0,31.1,20.71,10.8,S3,0,,0,4474.0,obs,504,31.1,20.71,10.98,S3,31.1,20.71,10.98,S3,31.1,20.71,10.8,S3,7.643,0,S3,site_s3,S3,S3,S3,126.0,0.0,0.0,329.4,1,1,1,,,0,0.0,0.0,0.0,0.0,0.0,,279.0,,0
1786377468.436,c2,recommend,,0.0,26.76,14.03,3.91,S3,0,,0,200.0,obs,678,26.76,14.03,4.0,S3,26.76,14.03,4.0,S3,26.76,14.03,3.91,S3,7.643,0,S3,site_s3,S3,S3,S3,169.5,0.0,0.0,359.6,1,1,1,,,0,0.0,0.0,0.0,0.0,0.0,,279.0,,0
1786377469.436,c1,reserve,,0.0,26.34,13.67,3.61,S3,0,,0,36.0,obs,336,26.34,13.67,3.65,S3,26.34,13.67,3.65,S3,26.34,13.67,3.61,S3,7.674,0,S3,site_s3,S3,S3,S3,84.0,0.0,0.0,23.4,1,1,1,,,0,0.0,0.0,0.0,0.0,0.0,,279.0,,0
1786377469.436,c1,search,,0.0,31.1,20.71,10.86,S3,0,,0,4474.0,obs,507,31.1,20.71,10.98,S3,31.1,20.71,10.98,S3,31.1,20.71,10.86,S3,7.674,0,S3,site_s3,S3,S3,S3,126.5,0.0,0.0,149.9,1,1,1,,,0,0.0,0.0,0.0,0.0,0.0,,279.0,,0
1786377469.436,c1,recommend,,0.0,26.76,14.03,3.98,S3,0,,0,200.0,obs,680,26.76,14.03,4.0,S3,26.76,14.03,4.0,S3,26.76,14.03,3.98,S3,7.674,0,S3,site_s3,S3,S3,S3,170.0,0.0,0.0,180.1,1,1,1,,,0,0.0,0.0,0.0,0.0,0.0,,279.0,,0
1786377469.436,c2,reserve,,0.0,26.34,13.67,3.61,S3,0,,0,36.0,obs,336,26.34,13.67,3.65,S3,26.34,13.67,3.65,S3,26.34,13.67,3.61,S3,7.674,0,S3,site_s3,S3,S3,S3,84.0,0.0,0.0,203.5,1,1,1,,,0,0.0,0.0,0.0,0.0,0.0,,279.0,,0
1786377469.436,c2,search,,0.0,31.1,20.71,10.86,S3,0,,0,4474.0,obs,507,31.1,20.71,10.98,S3,31.1,20.71,10.98,S3,31.1,20.71,10.86,S3,7.674,0,S3,site_s3,S3,S3,S3,127.0,0.0,0.0,330.5,1,1,1,,,0,0.0,0.0,0.0,0.0,0.0,,279.0,,0
1786377469.436,c2,recommend,,0.0,26.76,14.03,3.98,S3,0,,0,200.0,obs,680,26.76,14.03,4.0,S3,26.76,14.03,4.0,S3,26.76,14.03,3.98,S3,7.674,0,S3,site_s3,S3,S3,S3,170.0,0.0,0.0,360.7,1,1,1,,,0,0.0,0.0,0.0,0.0,0.0,,279.0,,0
1786377470.436,c1,reserve,,0.0,26.34,13.67,3.49,S3,0,,0,36.0,obs,336,26.34,13.67,3.65,S3,26.34,13.67,3.65,S3,26.34,13.67,3.49,S3,7.695,0,S3,site_s3,S3,S3,S3,84.0,0.0,0.0,23.4,1,1,1,,,0,0.0,0.0,0.0,0.0,0.0,,279.0,,0
1786377470.436,c1,search,,0.0,31.1,20.71,10.94,S3,0,,0,4474.0,obs,509,31.1,20.71,10.98,S3,31.1,20.71,10.98,S3,31.1,20.71,10.94,S3,7.695,0,S3,site_s3,S3,S3,S3,127.0,0.0,0.0,150.4,1,1,1,,,0,0.0,0.0,0.0,0.0,0.0,,279.0,,0
1786377470.436,c1,recommend,,0.0,26.76,14.03,4.01,S3,0,,0,200.0,obs,680,26.76,14.03,4.0,S3,26.76,14.03,4.0,S3,26.76,14.03,4.01,S3,7.695,0,S3,site_s3,S3,S3,S3,170.0,0.0,0.0,180.6,1,1,1,,,0,0.0,0.0,0.0,0.0,0.0,,279.0,,0
1786377470.436,c2,reserve,,0.0,26.34,13.67,3.49,S3,0,,0,36.0,obs,336,26.34,13.67,3.65,S3,26.34,13.67,3.65,S3,26.34,13.67,3.49,S3,7.695,0,S3,site_s3,S3,S3,S3,84.0,0.0,0.0,204.0,1,1,1,,,0,0.0,0.0,0.0,0.0,0.0,,279.0,,0
1786377470.436,c2,search,,0.0,31.1,20.71,10.94,S3,0,,0,4474.0,obs,509,31.1,20.71,10.98,S3,31.1,20.71,10.98,S3,31.1,20.71,10.94,S3,7.695,0,S3,site_s3,S3,S3,S3,127.5,0.0,0.0,331.5,1,1,1,,,0,0.0,0.0,0.0,0.0,0.0,,279.0,,0
1786377470.436,c2,recommend,,0.0,26.76,14.03,4.01,S3,0,,0,200.0,obs,680,26.76,14.03,4.0,S3,26.76,14.03,4.0,S3,26.76,14.03,4.01,S3,7.695,0,S3,site_s3,S3,S3,S3,170.0,0.0,0.0,361.7,1,1,1,,,0,0.0,0.0,0.0,0.0,0.0,,279.0,,0
1786377471.436,c1,reserve,,0.0,26.34,13.67,3.54,S3,0,,0,36.0,obs,339,26.34,13.67,3.65,S3,26.34,13.67,3.65,S3,26.34,13.67,3.54,S3,7.571,0,S3,site_s3,S3,S3,S3,84.5,0.0,0.0,23.5,1,1,1,,,0,0.0,0.0,0.0,0.0,0.0,,279.0,,0
1786377471.436,c1,search,,0.0,31.1,20.71,10.96,S3,0,,0,4474.0,obs,511,31.1,20.71,10.98,S3,31.1,20.71,10.98,S3,31.1,20.71,10.96,S3,7.571,0,S3,site_s3,S3,S3,S3,128.0,0.0,0.0,151.5,1,1,1,,,0,0.0,0.0,0.0,0.0,0.0,,279.0,,0
1786377471.436,c1,recommend,,0.0,26.76,14.03,3.95,S3,0,,0,200.0,obs,676,26.76,14.03,4.0,S3,26.76,14.03,4.0,S3,26.76,14.03,3.95,S3,7.571,0,S3,site_s3,S3,S3,S3,169.0,0.0,0.0,181.6,1,1,1,,,0,0.0,0.0,0.0,0.0,0.0,,279.0,,0
1786377471.436,c2,reserve,,0.0,26.34,13.67,3.54,S3,0,,0,36.0,obs,339,26.34,13.67,3.65,S3,26.34,13.67,3.65,S3,26.34,13.67,3.54,S3,7.571,0,S3,site_s3,S3,S3,S3,85.0,0.0,0.0,205.2,1,1,1,,,0,0.0,0.0,0.0,0.0,0.0,,279.0,,0
1786377471.436,c2,search,,0.0,31.1,20.71,10.96,S3,0,,0,4474.0,obs,511,31.1,20.71,10.98,S3,31.1,20.71,10.98,S3,31.1,20.71,10.96,S3,7.571,0,S3,site_s3,S3,S3,S3,127.5,0.0,0.0,332.7,1,1,1,,,0,0.0,0.0,0.0,0.0,0.0,,279.0,,0
1786377471.436,c2,recommend,,0.0,26.76,14.03,3.95,S3,0,,0,200.0,obs,676,26.76,14.03,4.0,S3,26.76,14.03,4.0,S3,26.76,14.03,3.95,S3,7.571,0,S3,site_s3,S3,S3,S3,169.0,0.0,0.0,362.8,1,1,1,,,0,0.0,0.0,0.0,0.0,0.0,,279.0,,0
1786377472.436,c1,reserve,,0.0,26.34,13.67,3.62,S3,0,,0,36.0,obs,344,26.34,13.67,3.65,S3,26.34,13.67,3.65,S3,26.34,13.67,3.62,S3,7.245,0,S3,site_s3,S3,S3,S3,86.0,0.0,0.0,23.9,1,1,1,,,0,0.0,0.0,0.0,0.0,0.0,,279.0,,0
1786377472.436,c1,search,,0.0,31.1,20.71,10.85,S3,0,,0,4474.0,obs,506,31.1,20.71,10.98,S3,31.1,20.71,10.98,S3,31.1,20.71,10.85,S3,7.245,0,S3,site_s3,S3,S3,S3,126.5,0.0,0.0,150.4,1,1,1,,,0,0.0,0.0,0.0,0.0,0.0,,279.0,,0
1786377472.436,c1,recommend,,0.0,26.76,14.03,3.85,S3,0,,0,200.0,obs,676,26.76,14.03,4.0,S3,26.76,14.03,4.0,S3,26.76,14.03,3.85,S3,7.245,0,S3,site_s3,S3,S3,S3,169.0,0.0,0.0,180.5,1,1,1,,,0,0.0,0.0,0.0,0.0,0.0,,279.0,,0
1786377472.436,c2,reserve,,0.0,26.34,13.67,3.62,S3,0,,0,36.0,obs,344,26.34,13.67,3.65,S3,26.34,13.67,3.65,S3,26.34,13.67,3.62,S3,7.245,0,S3,site_s3,S3,S3,S3,86.0,0.0,0.0,204.4,1,1,1,,,0,0.0,0.0,0.0,0.0,0.0,,279.0,,0
1786377472.436,c2,search,,0.0,31.1,20.71,10.85,S3,0,,0,4474.0,obs,506,31.1,20.71,10.98,S3,31.1,20.71,10.98,S3,31.1,20.71,10.85,S3,7.245,0,S3,site_s3,S3,S3,S3,126.5,0.0,0.0,330.9,1,1,1,,,0,0.0,0.0,0.0,0.0,0.0,,279.0,,0
1786377472.436,c2,recommend,,0.0,26.76,14.03,3.85,S3,0,,0,200.0,obs,676,26.76,14.03,4.0,S3,26.76,14.03,4.0,S3,26.76,14.03,3.85,S3,7.245,0,S3,site_s3,S3,S3,S3,169.0,0.0,0.0,361.0,1,1,1,,,0,0.0,0.0,0.0,0.0,0.0,,279.0,,0
1786377473.436,c1,reserve,,0.0,26.34,13.67,3.64,S3,0,,0,36.0,obs,339,26.34,13.67,3.65,S3,26.34,13.67,3.65,S3,26.34,13.67,3.64,S3,7.331,0,S3,site_s3,S3,S3,S3,85.0,0.0,0.0,23.6,1,1,1,,,0,0.0,0.0,0.0,0.0,0.0,,279.0,,0
1786377473.436,c1,search,,0.0,31.1,20.71,10.8,S3,0,,0,4474.0,obs,507,31.1,20.71,10.98,S3,31.1,20.71,10.98,S3,31.1,20.71,10.8,S3,7.331,0,S3,site_s3,S3,S3,S3,126.5,0.0,0.0,150.1,1,1,1,,,0,0.0,0.0,0.0,0.0,0.0,,279.0,,0
1786377473.436,c1,recommend,,0.0,26.76,14.03,3.84,S3,0,,0,200.0,obs,681,26.76,14.03,4.0,S3,26.76,14.03,4.0,S3,26.76,14.03,3.84,S3,7.331,0,S3,site_s3,S3,S3,S3,170.0,0.0,0.0,180.4,1,1,1,,,0,0.0,0.0,0.0,0.0,0.0,,279.0,,0
1786377473.436,c2,reserve,,0.0,26.34,13.67,3.64,S3,0,,0,36.0,obs,339,26.34,13.67,3.65,S3,26.34,13.67,3.65,S3,26.34,13.67,3.64,S3,7.331,0,S3,site_s3,S3,S3,S3,84.5,0.0,0.0,203.9,1,1,1,,,0,0.0,0.0,0.0,0.0,0.0,,279.0,,0
1786377473.436,c2,search,,0.0,31.1,20.71,10.8,S3,0,,0,4474.0,obs,507,31.1,20.71,10.98,S3,31.1,20.71,10.98,S3,31.1,20.71,10.8,S3,7.331,0,S3,site_s3,S3,S3,S3,127.0,0.0,0.0,330.9,1,1,1,,,0,0.0,0.0,0.0,0.0,0.0,,279.0,,0
1786377473.436,c2,recommend,,0.0,26.76,14.03,3.84,S3,0,,0,200.0,obs,681,26.76,14.03,4.0,S3,26.76,14.03,4.0,S3,26.76,14.03,3.84,S3,7.331,0,S3,site_s3,S3,S3,S3,170.5,0.0,0.0,361.2,1,1,1,,,0,0.0,0.0,0.0,0.0,0.0,,279.0,,0
1786377474.436,c1,reserve,,0.0,26.34,13.67,3.67,S3,0,,0,36.0,obs,337,26.34,13.67,3.65,S3,26.34,13.67,3.65,S3,26.34,13.67,3.67,S3,7.239,0,S3,site_s3,S3,S3,S3,84.0,0.0,0.0,23.4,1,1,1,,,0,0.0,0.0,0.0,0.0,0.0,,279.0,,0
1786377474.436,c1,search,,0.0,31.1,20.71,10.87,S3,0,,0,4474.0,obs,509,31.1,20.71,10.98,S3,31.1,20.71,10.98,S3,31.1,20.71,10.87,S3,7.239,0,S3,site_s3,S3,S3,S3,127.5,0.0,0.0,150.9,1,1,1,,,0,0.0,0.0,0.0,0.0,0.0,,279.0,,0
1786377474.436,c1,recommend,,0.0,26.76,14.03,3.78,S3,0,,0,200.0,obs,682,26.76,14.03,4.0,S3,26.76,14.03,4.0,S3,26.76,14.03,3.78,S3,7.239,0,S3,site_s3,S3,S3,S3,170.5,0.0,0.0,181.2,1,1,1,,,0,0.0,0.0,0.0,0.0,0.0,,279.0,,0
1786377474.436,c2,reserve,,0.0,26.34,13.67,3.67,S3,0,,0,36.0,obs,337,26.34,13.67,3.65,S3,26.34,13.67,3.65,S3,26.34,13.67,3.67,S3,7.239,0,S3,site_s3,S3,S3,S3,84.5,0.0,0.0,204.7,1,1,1,,,0,0.0,0.0,0.0,0.0,0.0,,279.0,,0
1786377474.436,c2,search,,0.0,31.1,20.71,10.87,S3,0,,0,4474.0,obs,509,31.1,20.71,10.98,S3,31.1,20.71,10.98,S3,31.1,20.71,10.87,S3,7.239,0,S3,site_s3,S3,S3,S3,127.0,0.0,0.0,331.7,1,1,1,,,0,0.0,0.0,0.0,0.0,0.0,,279.0,,0
1786377474.436,c2,recommend,,0.0,26.76,14.03,3.78,S3,0,,0,200.0,obs,682,26.76,14.03,4.0,S3,26.76,14.03,4.0,S3,26.76,14.03,3.78,S3,7.239,0,S3,site_s3,S3,S3,S3,170.5,0.0,0.0,362.0,1,1,1,,,0,0.0,0.0,0.0,0.0,0.0,,279.0,,0
1786377475.436,c1,reserve,,0.0,26.34,13.67,3.63,S3,0,,0,36.0,obs,338,26.34,13.67,3.65,S3,26.34,13.67,3.65,S3,26.34,13.67,3.63,S3,7.711,0,S3,site_s3,S3,S3,S3,84.5,0.0,0.0,23.5,1,1,1,,,0,0.0,0.0,0.0,0.0,0.0,,279.0,,0
1786377475.436,c1,search,,0.0,31.1,20.71,10.96,S3,0,,0,4474.0,obs,511,31.1,20.71,10.98,S3,31.1,20.71,10.98,S3,31.1,20.71,10.96,S3,7.711,0,S3,site_s3,S3,S3,S3,127.5,0.0,0.0,151.0,1,1,1,,,0,0.0,0.0,0.0,0.0,0.0,,279.0,,0
1786377475.436,c1,recommend,,0.0,26.76,14.03,3.91,S3,0,,0,200.0,obs,680,26.76,14.03,4.0,S3,26.76,14.03,4.0,S3,26.76,14.03,3.91,S3,7.711,0,S3,site_s3,S3,S3,S3,170.0,0.0,0.0,181.3,1,1,1,,,0,0.0,0.0,0.0,0.0,0.0,,279.0,,0
1786377475.436,c2,reserve,,0.0,26.34,13.67,3.63,S3,0,,0,36.0,obs,338,26.34,13.67,3.65,S3,26.34,13.67,3.65,S3,26.34,13.67,3.63,S3,7.711,0,S3,site_s3,S3,S3,S3,84.5,0.0,0.0,204.7,1,1,1,,,0,0.0,0.0,0.0,0.0,0.0,,279.0,,0
1786377475.436,c2,search,,0.0,31.1,20.71,10.96,S3,0,,0,4474.0,obs,511,31.1,20.71,10.98,S3,31.1,20.71,10.98,S3,31.1,20.71,10.96,S3,7.711,0,S3,site_s3,S3,S3,S3,128.0,0.0,0.0,332.7,1,1,1,,,0,0.0,0.0,0.0,0.0,0.0,,279.0,,0
1786377475.436,c2,recommend,,0.0,26.76,14.03,3.91,S3,0,,0,200.0,obs,680,26.76,14.03,4.0,S3,26.76,14.03,4.0,S3,26.76,14.03,3.91,S3,7.711,0,S3,site_s3,S3,S3,S3,170.0,0.0,0.0,363.0,1,1,1,,,0,0.0,0.0,0.0,0.0,0.0,,279.0,,0
1786377476.436,c1,reserve,,0.0,26.34,13.67,3.58,S3,0,,0,36.0,obs,342,26.34,13.67,3.65,S3,26.34,13.67,3.65,S3,26.34,13.67,3.58,S3,7.592,0,S3,site_s3,S3,S3,S3,85.5,0.0,0.0,23.8,1,1,1,,,0,0.0,0.0,0.0,0.0,0.0,,279.0,,0
1786377476.436,c1,search,,0.0,31.1,20.71,10.77,S3,0,,0,4474.0,obs,512,31.1,20.71,10.98,S3,31.1,20.71,10.98,S3,31.1,20.71,10.77,S3,7.592,0,S3,site_s3,S3,S3,S3,128.0,0.0,0.0,151.8,1,1,1,,,0,0.0,0.0,0.0,0.0,0.0,,279.0,,0
1786377476.436,c1,recommend,,0.0,26.76,14.03,3.91,S3,0,,0,200.0,obs,677,26.76,14.03,4.0,S3,26.76,14.03,4.0,S3,26.76,14.03,3.91,S3,7.592,0,S3,site_s3,S3,S3,S3,169.0,0.0,0.0,181.9,1,1,1,,,0,0.0,0.0,0.0,0.0,0.0,,279.0,,0
1786377476.436,c2,reserve,,0.0,26.34,13.67,3.58,S3,0,,0,36.0,obs,342,26.34,13.67,3.65,S3,26.34,13.67,3.65,S3,26.34,13.67,3.58,S3,7.592,0,S3,site_s3,S3,S3,S3,85.5,0.0,0.0,205.6,1,1,1,,,0,0.0,0.0,0.0,0.0,0.0,,279.0,,0
1786377476.436,c2,search,,0.0,31.1,20.71,10.77,S3,0,,0,4474.0,obs,512,31.1,20.71,10.98,S3,31.1,20.71,10.98,S3,31.1,20.71,10.77,S3,7.592,0,S3,site_s3,S3,S3,S3,128.0,0.0,0.0,333.6,1,1,1,,,0,0.0,0.0,0.0,0.0,0.0,,279.0,,0
1786377476.436,c2,recommend,,0.0,26.76,14.03,3.91,S3,0,,0,200.0,obs,677,26.76,14.03,4.0,S3,26.76,14.03,4.0,S3,26.76,14.03,3.91,S3,7.592,0,S3,site_s3,S3,S3,S3,169.5,0.0,0.0,363.8,1,1,1,,,0,0.0,0.0,0.0,0.0,0.0,,279.0,,0
1786377477.436,c1,reserve,,0.0,26.34,13.67,3.47,S3,0,,0,36.0,obs,342,26.34,13.67,3.65,S3,26.34,13.67,3.65,S3,26.34,13.67,3.47,S3,7.294,0,S3,site_s3,S3,S3,S3,85.5,0.0,0.0,23.8,1,1,1,,,0,0.0,0.0,0.0,0.0,0.0,,279.0,,0
1786377477.436,c1,search,,0.0,31.1,20.71,10.75,S3,0,,0,4474.0,obs,508,31.1,20.71,10.98,S3,31.1,20.71,10.98,S3,31.1,20.71,10.75,S3,7.294,0,S3,site_s3,S3,S3,S3,127.0,0.0,0.0,150.8,1,1,1,,,0,0.0,0.0,0.0,0.0,0.0,,279.0,,0
1786377477.436,c1,recommend,,0.0,26.76,14.03,3.83,S3,0,,0,200.0,obs,682,26.76,14.03,4.0,S3,26.76,14.03,4.0,S3,26.76,14.03,3.83,S3,7.294,0,S3,site_s3,S3,S3,S3,170.5,0.0,0.0,181.1,1,1,1,,,0,0.0,0.0,0.0,0.0,0.0,,279.0,,0
1786377477.436,c2,reserve,,0.0,26.34,13.67,3.47,S3,0,,0,36.0,obs,342,26.34,13.67,3.65,S3,26.34,13.67,3.65,S3,26.34,13.67,3.47,S3,7.294,0,S3,site_s3,S3,S3,S3,85.5,0.0,0.0,204.9,1,1,1,,,0,0.0,0.0,0.0,0.0,0.0,,279.0,,0
1786377477.436,c2,search,,0.0,31.1,20.71,10.75,S3,0,,0,4474.0,obs,508,31.1,20.71,10.98,S3,31.1,20.71,10.98,S3,31.1,20.71,10.75,S3,7.294,0,S3,site_s3,S3,S3,S3,127.0,0.0,0.0,331.9,1,1,1,,,0,0.0,0.0,0.0,0.0,0.0,,279.0,,0
1786377477.436,c2,recommend,,0.0,26.76,14.03,3.83,S3,0,,0,200.0,obs,682,26.76,14.03,4.0,S3,26.76,14.03,4.0,S3,26.76,14.03,3.83,S3,7.294,0,S3,site_s3,S3,S3,S3,170.5,0.0,0.0,362.2,1,1,1,,,0,0.0,0.0,0.0,0.0,0.0,,279.0,,0
1786377478.436,c1,reserve,,0.0,26.34,13.67,3.36,S3,0,,0,36.0,obs,339,26.34,13.67,3.65,S3,26.34,13.67,3.65,S3,26.34,13.67,3.36,S3,7.293,0,S3,site_s3,S3,S3,S3,84.5,0.0,0.0,23.5,1,1,1,,,0,0.0,0.0,0.0,0.0,0.0,,279.0,,0
1786377478.436,c1,search,,0.0,31.1,20.71,10.9,S3,0,,0,4474.0,obs,510,31.1,20.71,10.98,S3,31.1,20.71,10.98,S3,31.1,20.71,10.9,S3,7.293,0,S3,site_s3,S3,S3,S3,127.5,0.0,0.0,151.0,1,1,1,,,0,0.0,0.0,0.0,0.0,0.0,,279.0,,0
1786377478.436,c1,recommend,,0.0,26.76,14.03,3.92,S3,0,,0,200.0,obs,683,26.76,14.03,4.0,S3,26.76,14.03,4.0,S3,26.76,14.03,3.92,S3,7.293,0,S3,site_s3,S3,S3,S3,171.0,0.0,0.0,181.4,1,1,1,,,0,0.0,0.0,0.0,0.0,0.0,,279.0,,0
1786377478.436,c2,reserve,,0.0,26.34,13.67,3.36,S3,0,,0,36.0,obs,339,26.34,13.67,3.65,S3,26.34,13.67,3.65,S3,26.34,13.67,3.36,S3,7.293,0,S3,site_s3,S3,S3,S3,85.0,0.0,0.0,205.1,1,1,1,,,0,0.0,0.0,0.0,0.0,0.0,,279.0,,0
1786377478.436,c2,search,,0.0,31.1,20.71,10.9,S3,0,,0,4474.0,obs,510,31.1,20.71,10.98,S3,31.1,20.71,10.98,S3,31.1,20.71,10.9,S3,7.293,0,S3,site_s3,S3,S3,S3,127.5,0.0,0.0,332.6,1,1,1,,,0,0.0,0.0,0.0,0.0,0.0,,279.0,,0
1786377478.436,c2,recommend,,0.0,26.76,14.03,3.92,S3,0,,0,200.0,obs,683,26.76,14.03,4.0,S3,26.76,14.03,4.0,S3,26.76,14.03,3.92,S3,7.293,0,S3,site_s3,S3,S3,S3,170.5,0.0,0.0,362.9,1,1,1,,,0,0.0,0.0,0.0,0.0,0.0,,279.0,,0
1786377479.436,c1,reserve,,0.0,26.34,13.67,3.47,S3,0,,0,36.0,obs,339,26.34,13.67,3.65,S3,26.34,13.67,3.65,S3,26.34,13.67,3.47,S3,7.659,0,S3,site_s3,S3,S3,S3,85.0,0.0,0.0,23.6,1,1,1,,,0,0.0,0.0,0.0,0.0,0.0,,279.0,,0
1786377479.436,c1,search,,0.0,31.1,20.71,10.95,S3,0,,0,4474.0,obs,511,31.1,20.71,10.98,S3,31.1,20.71,10.98,S3,31.1,20.71,10.95,S3,7.659,0,S3,site_s3,S3,S3,S3,127.5,0.0,0.0,151.1,1,1,1,,,0,0.0,0.0,0.0,0.0,0.0,,279.0,,0
1786377479.436,c1,recommend,,0.0,26.76,14.03,3.98,S3,0,,0,200.0,obs,683,26.76,14.03,4.0,S3,26.76,14.03,4.0,S3,26.76,14.03,3.98,S3,7.659,0,S3,site_s3,S3,S3,S3,170.5,0.0,0.0,181.5,1,1,1,,,0,0.0,0.0,0.0,0.0,0.0,,279.0,,0
1786377479.436,c2,reserve,,0.0,26.34,13.67,3.47,S3,0,,0,36.0,obs,339,26.34,13.67,3.65,S3,26.34,13.67,3.65,S3,26.34,13.67,3.47,S3,7.659,0,S3,site_s3,S3,S3,S3,84.5,0.0,0.0,205.0,1,1,1,,,0,0.0,0.0,0.0,0.0,0.0,,279.0,,0
1786377479.436,c2,search,,0.0,31.1,20.71,10.95,S3,0,,0,4474.0,obs,511,31.1,20.71,10.98,S3,31.1,20.71,10.98,S3,31.1,20.71,10.95,S3,7.659,0,S3,site_s3,S3,S3,S3,128.0,0.0,0.0,333.0,1,1,1,,,0,0.0,0.0,0.0,0.0,0.0,,279.0,,0
1786377479.436,c2,recommend,,0.0,26.76,14.03,3.98,S3,0,,0,200.0,obs,683,26.76,14.03,4.0,S3,26.76,14.03,4.0,S3,26.76,14.03,3.98,S3,7.659,0,S3,site_s3,S3,S3,S3,171.0,0.0,0.0,363.4,1,1,1,,,0,0.0,0.0,0.0,0.0,0.0,,279.0,,0
1786377480.436,c1,reserve,,0.0,26.34,13.67,3.48,S3,0,,0,36.0,obs,341,26.34,13.67,3.65,S3,26.34,13.67,3.65,S3,26.34,13.67,3.48,S3,7.54,0,S3,site_s3,S3,S3,S3,85.0,0.0,0.0,23.6,1,1,1,,,0,0.0,0.0,0.0,0.0,0.0,,279.0,,0
1786377480.436,c1,search,,0.0,31.1,20.71,10.96,S3,0,,0,4474.0,obs,513,31.1,20.71,10.98,S3,31.1,20.71,10.98,S3,31.1,20.71,10.96,S3,7.54,0,S3,site_s3,S3,S3,S3,128.5,0.0,0.0,152.1,1,1,1,,,0,0.0,0.0,0.0,0.0,0.0,,279.0,,0
1786377480.436,c1,recommend,,0.0,26.76,14.03,3.94,S3,0,,0,200.0,obs,680,26.76,14.03,4.0,S3,26.76,14.03,4.0,S3,26.76,14.03,3.94,S3,7.54,0,S3,site_s3,S3,S3,S3,170.0,0.0,0.0,182.4,1,1,1,,,0,0.0,0.0,0.0,0.0,0.0,,279.0,,0
1786377480.436,c2,reserve,,0.0,26.34,13.67,3.48,S3,0,,0,36.0,obs,341,26.34,13.67,3.65,S3,26.34,13.67,3.65,S3,26.34,13.67,3.48,S3,7.54,0,S3,site_s3,S3,S3,S3,85.5,0.0,0.0,206.2,1,1,1,,,0,0.0,0.0,0.0,0.0,0.0,,279.0,,0
1786377480.436,c2,search,,0.0,31.1,20.71,10.96,S3,0,,0,4474.0,obs,513,31.1,20.71,10.98,S3,31.1,20.71,10.98,S3,31.1,20.71,10.96,S3,7.54,0,S3,site_s3,S3,S3,S3,128.0,0.0,0.0,334.2,1,1,1,,,0,0.0,0.0,0.0,0.0,0.0,,279.0,,0
1786377480.436,c2,recommend,,0.0,26.76,14.03,3.94,S3,0,,0,200.0,obs,680,26.76,14.03,4.0,S3,26.76,14.03,4.0,S3,26.76,14.03,3.94,S3,7.54,0,S3,site_s3,S3,S3,S3,170.0,0.0,0.0,364.4,1,1,1,,,0,0.0,0.0,0.0,0.0,0.0,,279.0,,0
1786377481.436,c1,reserve,,0.0,26.34,13.67,3.63,S3,0,,0,36.0,obs,345,26.34,13.67,3.65,S3,26.34,13.67,3.65,S3,26.34,13.67,3.63,S3,7.262,0,S3,site_s3,S3,S3,S3,86.5,0.0,0.0,24.0,1,1,1,,,0,0.0,0.0,0.0,0.0,0.0,,279.0,,0
1786377481.436,c1,search,,0.0,31.1,20.71,11.02,S3,0,,0,4474.0,obs,509,31.1,20.71,10.98,S3,31.1,20.71,10.98,S3,31.1,20.71,11.02,S3,7.262,0,S3,site_s3,S3,S3,S3,127.0,0.0,0.0,151.0,1,1,1,,,0,0.0,0.0,0.0,0.0,0.0,,279.0,,0
1786377481.436,c1,recommend,,0.0,26.76,14.03,3.86,S3,0,,0,200.0,obs,681,26.76,14.03,4.0,S3,26.76,14.03,4.0,S3,26.76,14.03,3.86,S3,7.262,0,S3,site_s3,S3,S3,S3,170.0,0.0,0.0,181.3,1,1,1,,,0,0.0,0.0,0.0,0.0,0.0,,279.0,,0
1786377481.436,c2,reserve,,0.0,26.34,13.67,3.63,S3,0,,0,36.0,obs,345,26.34,13.67,3.65,S3,26.34,13.67,3.65,S3,26.34,13.67,3.63,S3,7.262,0,S3,site_s3,S3,S3,S3,86.0,0.0,0.0,205.2,1,1,1,,,0,0.0,0.0,0.0,0.0,0.0,,279.0,,0
1786377481.436,c2,search,,0.0,31.1,20.71,11.02,S3,0,,0,4474.0,obs,509,31.1,20.71,10.98,S3,31.1,20.71,10.98,S3,31.1,20.71,11.02,S3,7.262,0,S3,site_s3,S3,S3,S3,127.5,0.0,0.0,332.7,1,1,1,,,0,0.0,0.0,0.0,0.0,0.0,,279.0,,0
1786377481.436,c2,recommend,,0.0,26.76,14.03,3.86,S3,0,,0,200.0,obs,681,26.76,14.03,4.0,S3,26.76,14.03,4.0,S3,26.76,14.03,3.86,S3,7.262,0,S3,site_s3,S3,S3,S3,170.5,0.0,0.0,363.1,1,1,1,,,0,0.0,0.0,0.0,0.0,0.0,,279.0,,0
1786377482.436,c1,reserve,,0.0,26.34,13.67,3.65,S3,0,,0,36.0,obs,340,26.34,13.67,3.65,S3,26.34,13.67,3.65,S3,26.34,13.67,3.65,S3,7.277,0,S3,site_s3,S3,S3,S3,85.0,0.0,0.0,23.6,1,1,1,,,0,0.0,0.0,0.0,0.0,0.0,,279.0,,0
1786377482.436,c1,search,,0.0,31.1,20.71,10.99,S3,0,,0,4474.0,obs,510,31.1,20.71,10.98,S3,31.1,20.71,10.98,S3,31.1,20.71,10.99,S3,7.277,0,S3,site_s3,S3,S3,S3,127.5,0.0,0.0,151.1,1,1,1,,,0,0.0,0.0,0.0,0.0,0.0,,279.0,,0
1786377482.436,c1,recommend,,0.0,26.76,14.03,3.84,S3,0,,0,200.0,obs,685,26.76,14.03,4.0,S3,26.76,14.03,4.0,S3,26.76,14.03,3.84,S3,7.277,0,S3,site_s3,S3,S3,S3,171.5,0.0,0.0,181.7,1,1,1,,,0,0.0,0.0,0.0,0.0,0.0,,279.0,,0
1786377482.436,c2,reserve,,0.0,26.34,13.67,3.65,S3,0,,0,36.0,obs,340,26.34,13.67,3.65,S3,26.34,13.67,3.65,S3,26.34,13.67,3.65,S3,7.277,0,S3,site_s3,S3,S3,S3,85.0,0.0,0.0,205.3,1,1,1,,,0,0.0,0.0,0.0,0.0,0.0,,279.0,,0
1786377482.436,c2,search,,0.0,31.1,20.71,10.99,S3,0,,0,4474.0,obs,510,31.1,20.71,10.98,S3,31.1,20.71,10.98,S3,31.1,20.71,10.99,S3,7.277,0,S3,site_s3,S3,S3,S3,127.5,0.0,0.0,332.8,1,1,1,,,0,0.0,0.0,0.0,0.0,0.0,,279.0,,0
1786377482.436,c2,recommend,,0.0,26.76,14.03,3.84,S3,0,,0,200.0,obs,685,26.76,14.03,4.0,S3,26.76,14.03,4.0,S3,26.76,14.03,3.84,S3,7.277,0,S3,site_s3,S3,S3,S3,171.0,0.0,0.0,363.2,1,1,1,,,0,0.0,0.0,0.0,0.0,0.0,,279.0,,0
1786377483.436,c1,reserve,,0.0,26.34,13.67,3.64,S3,0,,0,36.0,obs,339,26.34,13.67,3.65,S3,26.34,13.67,3.65,S3,26.34,13.67,3.64,S3,7.592,0,S3,site_s3,S3,S3,S3,84.5,0.0,0.0,23.5,1,1,1,,,0,0.0,0.0,0.0,0.0,0.0,,279.0,,0
1786377483.436,c1,search,,0.0,31.1,20.71,10.83,S3,0,,0,4474.0,obs,512,31.1,20.71,10.98,S3,31.1,20.71,10.98,S3,31.1,20.71,10.83,S3,7.592,0,S3,site_s3,S3,S3,S3,128.0,0.0,0.0,151.5,1,1,1,,,0,0.0,0.0,0.0,0.0,0.0,,279.0,,0
1786377483.436,c1,recommend,,0.0,26.76,14.03,3.98,S3,0,,0,200.0,obs,685,26.76,14.03,4.0,S3,26.76,14.03,4.0,S3,26.76,14.03,3.98,S3,7.592,0,S3,site_s3,S3,S3,S3,171.0,0.0,0.0,181.9,1,1,1,,,0,0.0,0.0,0.0,0.0,0.0,,279.0,,0
1786377483.436,c2,reserve,,0.0,26.34,13.67,3.64,S3,0,,0,36.0,obs,339,26.34,13.67,3.65,S3,26.34,13.67,3.65,S3,26.34,13.67,3.64,S3,7.592,0,S3,site_s3,S3,S3,S3,85.0,0.0,0.0,205.6,1,1,1,,,0,0.0,0.0,0.0,0.0,0.0,,279.0,,0
1786377483.436,c2,search,,0.0,31.1,20.71,10.83,S3,0,,0,4474.0,obs,512,31.1,20.71,10.98,S3,31.1,20.71,10.98,S3,31.1,20.71,10.83,S3,7.592,0,S3,site_s3,S3,S3,S3,128.0,0.0,0.0,333.6,1,1,1,,,0,0.0,0.0,0.0,0.0,0.0,,279.0,,0
1786377483.436,c2,recommend,,0.0,26.76,14.03,3.98,S3,0,,0,200.0,obs,685,26.76,14.03,4.0,S3,26.76,14.03,4.0,S3,26.76,14.03,3.98,S3,7.592,0,S3,site_s3,S3,S3,S3,171.5,0.0,0.0,364.1,1,1,1,,,0,0.0,0.0,0.0,0.0,0.0,,279.0,,0
1786377484.436,c1,reserve,,0.0,26.34,13.67,3.5,S3,0,,0,36.0,obs,341,26.34,13.67,3.65,S3,26.34,13.67,3.65,S3,26.34,13.67,3.5,S3,7.671,0,S3,site_s3,S3,S3,S3,85.0,0.0,0.0,23.6,1,1,1,,,0,0.0,0.0,0.0,0.0,0.0,,279.0,,0
1786377484.436,c1,search,,0.0,31.1,20.71,10.87,S3,0,,0,4474.0,obs,514,31.1,20.71,10.98,S3,31.1,20.71,10.98,S3,31.1,20.71,10.87,S3,7.671,0,S3,site_s3,S3,S3,S3,128.5,0.0,0.0,152.1,1,1,1,,,0,0.0,0.0,0.0,0.0,0.0,,279.0,,0
1786377484.436,c1,recommend,,0.0,26.76,14.03,3.99,S3,0,,0,200.0,obs,683,26.76,14.03,4.0,S3,26.76,14.03,4.0,S3,26.76,14.03,3.99,S3,7.671,0,S3,site_s3,S3,S3,S3,171.0,0.0,0.0,182.6,1,1,1,,,0,0.0,0.0,0.0,0.0,0.0,,279.0,,0
1786377484.436,c2,reserve,,0.0,26.34,13.67,3.5,S3,0,,0,36.0,obs,341,26.34,13.67,3.65,S3,26.34,13.67,3.65,S3,26.34,13.67,3.5,S3,7.671,0,S3,site_s3,S3,S3,S3,85.5,0.0,0.0,206.3,1,1,1,,,0,0.0,0.0,0.0,0.0,0.0,,279.0,,0
1786377484.436,c2,search,,0.0,31.1,20.71,10.87,S3,0,,0,4474.0,obs,514,31.1,20.71,10.98,S3,31.1,20.71,10.98,S3,31.1,20.71,10.87,S3,7.671,0,S3,site_s3,S3,S3,S3,128.5,0.0,0.0,334.8,1,1,1,,,0,0.0,0.0,0.0,0.0,0.0,,279.0,,0
1786377484.436,c2,recommend,,0.0,26.76,14.03,3.99,S3,0,,0,200.0,obs,683,26.76,14.03,4.0,S3,26.76,14.03,4.0,S3,26.76,14.03,3.99,S3,7.671,0,S3,site_s3,S3,S3,S3,170.5,0.0,0.0,365.2,1,1,1,,,0,0.0,0.0,0.0,0.0,0.0,,279.0,,0
1786377485.436,c1,reserve,,0.0,26.34,13.67,3.55,S3,0,,0,36.0,obs,345,26.34,13.67,3.65,S3,26.34,13.67,3.65,S3,26.34,13.67,3.55,S3,7.594,0,S3,site_s3,S3,S3,S3,86.5,0.0,0.0,24.0,1,1,1,,,0,0.0,0.0,0.0,0.0,0.0,,279.0,,0
1786377485.436,c1,search,,0.0,31.1,20.71,10.94,S3,0,,0,4474.0,obs,514,31.1,20.71,10.98,S3,31.1,20.71,10.98,S3,31.1,20.71,10.94,S3,7.594,0,S3,site_s3,S3,S3,S3,128.5,0.0,0.0,152.5,1,1,1,,,0,0.0,0.0,0.0,0.0,0.0,,279.0,,0
1786377485.436,c1,recommend,,0.0,26.76,14.03,3.95,S3,0,,0,200.0,obs,680,26.76,14.03,4.0,S3,26.76,14.03,4.0,S3,26.76,14.03,3.95,S3,7.594,0,S3,site_s3,S3,S3,S3,169.5,0.0,0.0,182.7,1,1,1,,,0,0.0,0.0,0.0,0.0,0.0,,279.0,,0
1786377485.436,c2,reserve,,0.0,26.34,13.67,3.55,S3,0,,0,36.0,obs,345,26.34,13.67,3.65,S3,26.34,13.67,3.65,S3,26.34,13.67,3.55,S3,7.594,0,S3,site_s3,S3,S3,S3,86.0,0.0,0.0,206.6,1,1,1,,,0,0.0,0.0,0.0,0.0,0.0,,279.0,,0
1786377485.436,c2,search,,0.0,31.1,20.71,10.94,S3,0,,0,4474.0,obs,514,31.1,20.71,10.98,S3,31.1,20.71,10.98,S3,31.1,20.71,10.94,S3,7.594,0,S3,site_s3,S3,S3,S3,128.5,0.0,0.0,335.1,1,1,1,,,0,0.0,0.0,0.0,0.0,0.0,,279.0,,0
1786377485.436,c2,recommend,,0.0,26.76,14.03,3.95,S3,0,,0,200.0,obs,680,26.76,14.03,4.0,S3,26.76,14.03,4.0,S3,26.76,14.03,3.95,S3,7.594,0,S3,site_s3,S3,S3,S3,170.5,0.0,0.0,365.5,1,1,1,,,0,0.0,0.0,0.0,0.0,0.0,,279.0,,0
1786377486.436,c1,reserve,,0.0,26.34,13.67,3.64,S3,0,,0,36.0,obs,344,26.34,13.67,3.65,S3,26.34,13.67,3.65,S3,26.34,13.67,3.64,S3,7.28,0,S3,site_s3,S3,S3,S3,86.0,0.0,0.0,23.9,1,1,1,,,0,0.0,0.0,0.0,0.0,0.0,,279.0,,0
1786377486.436,c1,search,,0.0,31.1,20.71,10.94,S3,0,,0,4474.0,obs,510,31.1,20.71,10.98,S3,31.1,20.71,10.98,S3,31.1,20.71,10.94,S3,7.28,0,S3,site_s3,S3,S3,S3,127.5,0.0,0.0,151.4,1,1,1,,,0,0.0,0.0,0.0,0.0,0.0,,279.0,,0
1786377486.436,c1,recommend,,0.0,26.76,14.03,3.91,S3,0,,0,200.0,obs,686,26.76,14.03,4.0,S3,26.76,14.03,4.0,S3,26.76,14.03,3.91,S3,7.28,0,S3,site_s3,S3,S3,S3,171.5,0.0,0.0,181.9,1,1,1,,,0,0.0,0.0,0.0,0.0,0.0,,279.0,,0
1786377486.436,c2,reserve,,0.0,26.34,13.67,3.64,S3,0,,0,36.0,obs,344,26.34,13.67,3.65,S3,26.34,13.67,3.65,S3,26.34,13.67,3.64,S3,7.28,0,S3,site_s3,S3,S3,S3,86.0,0.0,0.0,205.8,1,1,1,,,0,0.0,0.0,0.0,0.0,0.0,,279.0,,0
1786377486.436,c2,search,,0.0,31.1,20.71,10.94,S3,0,,0,4474.0,obs,510,31.1,20.71,10.98,S3,31.1,20.71,10.98,S3,31.1,20.71,10.94,S3,7.28,0,S3,site_s3,S3,S3,S3,127.5,0.0,0.0,333.3,1,1,1,,,0,0.0,0.0,0.0,0.0,0.0,,279.0,,0
1786377486.436,c2,recommend,,0.0,26.76,14.03,3.91,S3,0,,0,200.0,obs,686,26.76,14.03,4.0,S3,26.76,14.03,4.0,S3,26.76,14.03,3.91,S3,7.28,0,S3,site_s3,S3,S3,S3,171.5,0.0,0.0,363.9,1,1,1,,,0,0.0,0.0,0.0,0.0,0.0,,279.0,,0
1786377487.436,c1,reserve,,0.0,26.34,13.67,3.63,S3,0,,0,36.0,obs,340,26.34,13.67,3.65,S3,26.34,13.67,3.65,S3,26.34,13.67,3.63,S3,7.29,0,S3,site_s3,S3,S3,S3,85.0,0.0,0.0,23.6,1,1,1,,,0,0.0,0.0,0.0,0.0,0.0,,279.0,,0
1786377487.436,c1,search,,0.0,31.1,20.71,10.8,S3,0,,0,4474.0,obs,513,31.1,20.71,10.98,S3,31.1,20.71,10.98,S3,31.1,20.71,10.8,S3,7.29,0,S3,site_s3,S3,S3,S3,128.0,0.0,0.0,151.6,1,1,1,,,0,0.0,0.0,0.0,0.0,0.0,,279.0,,0
1786377487.436,c1,recommend,,0.0,26.76,14.03,3.78,S3,0,,0,200.0,obs,688,26.76,14.03,4.0,S3,26.76,14.03,4.0,S3,26.76,14.03,3.78,S3,7.29,0,S3,site_s3,S3,S3,S3,172.0,0.0,0.0,182.2,1,1,1,,,0,0.0,0.0,0.0,0.0,0.0,,279.0,,0
1786377487.436,c2,reserve,,0.0,26.34,13.67,3.63,S3,0,,0,36.0,obs,340,26.34,13.67,3.65,S3,26.34,13.67,3.65,S3,26.34,13.67,3.63,S3,7.29,0,S3,site_s3,S3,S3,S3,85.0,0.0,0.0,205.9,1,1,1,,,0,0.0,0.0,0.0,0.0,0.0,,279.0,,0
1786377487.436,c2,search,,0.0,31.1,20.71,10.8,S3,0,,0,4474.0,obs,513,31.1,20.71,10.98,S3,31.1,20.71,10.98,S3,31.1,20.71,10.8,S3,7.29,0,S3,site_s3,S3,S3,S3,128.5,0.0,0.0,334.4,1,1,1,,,0,0.0,0.0,0.0,0.0,0.0,,279.0,,0
1786377487.436,c2,recommend,,0.0,26.76,14.03,3.78,S3,0,,0,200.0,obs,688,26.76,14.03,4.0,S3,26.76,14.03,4.0,S3,26.76,14.03,3.78,S3,7.29,0,S3,site_s3,S3,S3,S3,172.0,0.0,0.0,365.0,1,1,1,,,0,0.0,0.0,0.0,0.0,0.0,,279.0,,0
1786377488.435,c1,reserve,,0.0,26.34,13.67,3.52,S3,0,,0,36.0,obs,340,26.34,13.67,3.65,S3,26.34,13.67,3.65,S3,26.34,13.67,3.52,S3,7.266,0,S3,site_s3,S3,S3,S3,85.0,0.0,0.0,23.6,1,1,1,,,0,0.0,0.0,0.0,0.0,0.0,,279.0,,0
1786377488.435,c1,search,,0.0,31.1,20.71,10.66,S3,0,,0,4474.0,obs,514,31.1,20.71,10.98,S3,31.1,20.71,10.98,S3,31.1,20.71,10.66,S3,7.266,0,S3,site_s3,S3,S3,S3,128.5,0.0,0.0,152.1,1,1,1,,,0,0.0,0.0,0.0,0.0,0.0,,279.0,,0
1786377488.435,c1,recommend,,0.0,26.76,14.03,3.88,S3,0,,0,200.0,obs,686,26.76,14.03,4.0,S3,26.76,14.03,4.0,S3,26.76,14.03,3.88,S3,7.266,0,S3,site_s3,S3,S3,S3,171.5,0.0,0.0,182.7,1,1,1,,,0,0.0,0.0,0.0,0.0,0.0,,279.0,,0
1786377488.435,c2,reserve,,0.0,26.34,13.67,3.52,S3,0,,0,36.0,obs,340,26.34,13.67,3.65,S3,26.34,13.67,3.65,S3,26.34,13.67,3.52,S3,7.266,0,S3,site_s3,S3,S3,S3,85.0,0.0,0.0,206.3,1,1,1,,,0,0.0,0.0,0.0,0.0,0.0,,279.0,,0
1786377488.435,c2,search,,0.0,31.1,20.71,10.66,S3,0,,0,4474.0,obs,514,31.1,20.71,10.98,S3,31.1,20.71,10.98,S3,31.1,20.71,10.66,S3,7.266,0,S3,site_s3,S3,S3,S3,128.5,0.0,0.0,334.8,1,1,1,,,0,0.0,0.0,0.0,0.0,0.0,,279.0,,0
1786377488.435,c2,recommend,,0.0,26.76,14.03,3.88,S3,0,,0,200.0,obs,686,26.76,14.03,4.0,S3,26.76,14.03,4.0,S3,26.76,14.03,3.88,S3,7.266,0,S3,site_s3,S3,S3,S3,171.5,0.0,0.0,365.3,1,1,1,,,0,0.0,0.0,0.0,0.0,0.0,,279.0,,0
1786377489.435,c1,reserve,,0.0,26.34,13.67,3.52,S3,0,,0,36.0,obs,343,26.34,13.67,3.65,S3,26.34,13.67,3.65,S3,26.34,13.67,3.52,S3,7.256,0,S3,site_s3,S3,S3,S3,85.5,0.0,0.0,23.8,1,1,1,,,0,0.0,0.0,0.0,0.0,0.0,,279.0,,0
1786377489.435,c1,search,,0.0,31.1,20.71,10.66,S3,0,,0,4474.0,obs,515,31.1,20.71,10.98,S3,31.1,20.71,10.98,S3,31.1,20.71,10.66,S3,7.256,0,S3,site_s3,S3,S3,S3,129.0,0.0,0.0,152.8,1,1,1,,,0,0.0,0.0,0.0,0.0,0.0,,279.0,,0
1786377489.435,c1,recommend,,0.0,26.76,14.03,3.88,S3,0,,0,200.0,obs,682,26.76,14.03,4.0,S3,26.76,14.03,4.0,S3,26.76,14.03,3.88,S3,7.256,0,S3,site_s3,S3,S3,S3,170.5,0.0,0.0,183.1,1,1,1,,,0,0.0,0.0,0.0,0.0,0.0,,279.0,,0
1786377489.435,c2,reserve,,0.0,26.34,13.67,3.52,S3,0,,0,36.0,obs,343,26.34,13.67,3.65,S3,26.34,13.67,3.65,S3,26.34,13.67,3.52,S3,7.256,0,S3,site_s3,S3,S3,S3,86.0,0.0,0.0,207.0,1,1,1,,,0,0.0,0.0,0.0,0.0,0.0,,279.0,,0
1786377489.435,c2,search,,0.0,31.1,20.71,10.66,S3,0,,0,4474.0,obs,515,31.1,20.71,10.98,S3,31.1,20.71,10.98,S3,31.1,20.71,10.66,S3,7.256,0,S3,site_s3,S3,S3,S3,128.5,0.0,0.0,335.5,1,1,1,,,0,0.0,0.0,0.0,0.0,0.0,,279.0,,0
1786377489.435,c2,recommend,,0.0,26.76,14.03,3.88,S3,0,,0,200.0,obs,682,26.76,14.03,4.0,S3,26.76,14.03,4.0,S3,26.76,14.03,3.88,S3,7.256,0,S3,site_s3,S3,S3,S3,170.5,0.0,0.0,365.9,1,1,1,,,0,0.0,0.0,0.0,0.0,0.0,,279.0,,0
1786377490.435,c1,reserve,,0.0,26.34,13.67,3.57,S3,0,,0,36.0,obs,348,26.34,13.67,3.65,S3,26.34,13.67,3.65,S3,26.34,13.67,3.57,S3,7.285,0,S3,site_s3,S3,S3,S3,87.0,0.0,0.0,24.2,1,1,1,,,0,0.0,0.0,0.0,0.0,0.0,,279.0,,0
1786377490.435,c1,search,,0.0,31.1,20.71,10.86,S3,0,,0,4474.0,obs,512,31.1,20.71,10.98,S3,31.1,20.71,10.98,S3,31.1,20.71,10.86,S3,7.285,0,S3,site_s3,S3,S3,S3,128.0,0.0,0.0,152.2,1,1,1,,,0,0.0,0.0,0.0,0.0,0.0,,279.0,,0
1786377490.435,c1,recommend,,0.0,26.76,14.03,3.95,S3,0,,0,200.0,obs,683,26.76,14.03,4.0,S3,26.76,14.03,4.0,S3,26.76,14.03,3.95,S3,7.285,0,S3,site_s3,S3,S3,S3,170.5,0.0,0.0,182.5,1,1,1,,,0,0.0,0.0,0.0,0.0,0.0,,279.0,,0
1786377490.435,c2,reserve,,0.0,26.34,13.67,3.57,S3,0,,0,36.0,obs,348,26.34,13.67,3.65,S3,26.34,13.67,3.65,S3,26.34,13.67,3.57,S3,7.285,0,S3,site_s3,S3,S3,S3,87.0,0.0,0.0,206.7,1,1,1,,,0,0.0,0.0,0.0,0.0,0.0,,279.0,,0
1786377490.435,c2,search,,0.0,31.1,20.71,10.86,S3,0,,0,4474.0,obs,512,31.1,20.71,10.98,S3,31.1,20.71,10.98,S3,31.1,20.71,10.86,S3,7.285,0,S3,site_s3,S3,S3,S3,128.0,0.0,0.0,334.7,1,1,1,,,0,0.0,0.0,0.0,0.0,0.0,,279.0,,0
1786377490.435,c2,recommend,,0.0,26.76,14.03,3.95,S3,0,,0,200.0,obs,683,26.76,14.03,4.0,S3,26.76,14.03,4.0,S3,26.76,14.03,3.95,S3,7.285,0,S3,site_s3,S3,S3,S3,171.0,0.0,0.0,365.2,1,1,1,,,0,0.0,0.0,0.0,0.0,0.0,,279.0,,0
1786377491.435,c1,reserve,,0.0,26.34,13.67,3.5,S3,0,,0,36.0,obs,343,26.34,13.67,3.65,S3,26.34,13.67,3.65,S3,26.34,13.67,3.5,S3,7.254,0,S3,site_s3,S3,S3,S3,86.0,0.0,0.0,23.9,1,1,1,,,0,0.0,0.0,0.0,0.0,0.0,,279.0,,0
1786377491.435,c1,search,,0.0,31.1,20.71,10.86,S3,0,,0,4474.0,obs,512,31.1,20.71,10.98,S3,31.1,20.71,10.98,S3,31.1,20.71,10.86,S3,7.254,0,S3,site_s3,S3,S3,S3,128.0,0.0,0.0,151.9,1,1,1,,,0,0.0,0.0,0.0,0.0,0.0,,279.0,,0
1786377491.435,c1,recommend,,0.0,26.76,14.03,3.96,S3,0,,0,200.0,obs,688,26.76,14.03,4.0,S3,26.76,14.03,4.0,S3,26.76,14.03,3.96,S3,7.254,0,S3,site_s3,S3,S3,S3,172.0,0.0,0.0,182.5,1,1,1,,,0,0.0,0.0,0.0,0.0,0.0,,279.0,,0
1786377491.435,c2,reserve,,0.0,26.34,13.67,3.5,S3,0,,0,36.0,obs,343,26.34,13.67,3.65,S3,26.34,13.67,3.65,S3,26.34,13.67,3.5,S3,7.254,0,S3,site_s3,S3,S3,S3,85.5,0.0,0.0,206.3,1,1,1,,,0,0.0,0.0,0.0,0.0,0.0,,279.0,,0
1786377491.435,c2,search,,0.0,31.1,20.71,10.86,S3,0,,0,4474.0,obs,512,31.1,20.71,10.98,S3,31.1,20.71,10.98,S3,31.1,20.71,10.86,S3,7.254,0,S3,site_s3,S3,S3,S3,128.0,0.0,0.0,334.3,1,1,1,,,0,0.0,0.0,0.0,0.0,0.0,,279.0,,0
1786377491.435,c2,recommend,,0.0,26.76,14.03,3.96,S3,0,,0,200.0,obs,688,26.76,14.03,4.0,S3,26.76,14.03,4.0,S3,26.76,14.03,3.96,S3,7.254,0,S3,site_s3,S3,S3,S3,172.0,0.0,0.0,364.9,1,1,1,,,0,0.0,0.0,0.0,0.0,0.0,,279.0,,0
1786377492.435,c1,reserve,,0.0,26.34,13.67,3.58,S3,0,,0,36.0,obs,341,26.34,13.67,3.65,S3,26.34,13.67,3.65,S3,26.34,13.67,3.58,S3,7.292,0,S3,site_s3,S3,S3,S3,85.0,0.0,0.0,23.6,1,1,1,,,0,0.0,0.0,0.0,0.0,0.0,,279.0,,0
1786377492.435,c1,search,,0.0,31.1,20.71,10.86,S3,0,,0,4474.0,obs,515,31.1,20.71,10.98,S3,31.1,20.71,10.98,S3,31.1,20.71,10.86,S3,7.292,0,S3,site_s3,S3,S3,S3,129.0,0.0,0.0,152.6,1,1,1,,,0,0.0,0.0,0.0,0.0,0.0,,279.0,,0
1786377492.435,c1,recommend,,0.0,26.76,14.03,3.95,S3,0,,0,200.0,obs,690,26.76,14.03,4.0,S3,26.76,14.03,4.0,S3,26.76,14.03,3.95,S3,7.292,0,S3,site_s3,S3,S3,S3,172.5,0.0,0.0,183.3,1,1,1,,,0,0.0,0.0,0.0,0.0,0.0,,279.0,,0
1786377492.435,c2,reserve,,0.0,26.34,13.67,3.58,S3,0,,0,36.0,obs,341,26.34,13.67,3.65,S3,26.34,13.67,3.65,S3,26.34,13.67,3.58,S3,7.292,0,S3,site_s3,S3,S3,S3,85.5,0.0,0.0,207.1,1,1,1,,,0,0.0,0.0,0.0,0.0,0.0,,279.0,,0
1786377492.435,c2,search,,0.0,31.1,20.71,10.86,S3,0,,0,4474.0,obs,515,31.1,20.71,10.98,S3,31.1,20.71,10.98,S3,31.1,20.71,10.86,S3,7.292,0,S3,site_s3,S3,S3,S3,128.5,0.0,0.0,335.6,1,1,1,,,0,0.0,0.0,0.0,0.0,0.0,,279.0,,0
1786377492.435,c2,recommend,,0.0,26.76,14.03,3.95,S3,0,,0,200.0,obs,690,26.76,14.03,4.0,S3,26.76,14.03,4.0,S3,26.76,14.03,3.95,S3,7.292,0,S3,site_s3,S3,S3,S3,172.5,0.0,0.0,366.3,1,1,1,,,0,0.0,0.0,0.0,0.0,0.0,,279.0,,0
1786377493.435,c1,reserve,,0.0,26.34,13.67,3.63,S3,0,,0,36.0,obs,342,26.34,13.67,3.65,S3,26.34,13.67,3.65,S3,26.34,13.67,3.63,S3,7.336,0,S3,site_s3,S3,S3,S3,85.5,0.0,0.0,23.8,1,1,1,,,0,0.0,0.0,0.0,0.0,0.0,,279.0,,0
1786377493.435,c1,search,,0.0,31.1,20.71,10.8,S3,0,,0,4474.0,obs,517,31.1,20.71,10.98,S3,31.1,20.71,10.98,S3,31.1,20.71,10.8,S3,7.336,0,S3,site_s3,S3,S3,S3,129.0,0.0,0.0,152.8,1,1,1,,,0,0.0,0.0,0.0,0.0,0.0,,279.0,,0
1786377493.435,c1,recommend,,0.0,26.76,14.03,3.92,S3,0,,0,200.0,obs,688,26.76,14.03,4.0,S3,26.76,14.03,4.0,S3,26.76,14.03,3.92,S3,7.336,0,S3,site_s3,S3,S3,S3,172.0,0.0,0.0,183.4,1,1,1,,,0,0.0,0.0,0.0,0.0,0.0,,279.0,,0
1786377493.435,c2,reserve,,0.0,26.34,13.67,3.63,S3,0,,0,36.0,obs,342,26.34,13.67,3.65,S3,26.34,13.67,3.65,S3,26.34,13.67,3.63,S3,7.336,0,S3,site_s3,S3,S3,S3,85.5,0.0,0.0,207.2,1,1,1,,,0,0.0,0.0,0.0,0.0,0.0,,279.0,,0
1786377493.435,c2,search,,0.0,31.1,20.71,10.8,S3,0,,0,4474.0,obs,517,31.1,20.71,10.98,S3,31.1,20.71,10.98,S3,31.1,20.71,10.8,S3,7.336,0,S3,site_s3,S3,S3,S3,129.5,0.0,0.0,336.7,1,1,1,,,0,0.0,0.0,0.0,0.0,0.0,,279.0,,0
1786377493.435,c2,recommend,,0.0,26.76,14.03,3.92,S3,0,,0,200.0,obs,688,26.76,14.03,4.0,S3,26.76,14.03,4.0,S3,26.76,14.03,3.92,S3,7.336,0,S3,site_s3,S3,S3,S3,172.0,0.0,0.0,367.3,1,1,1,,,0,0.0,0.0,0.0,0.0,0.0,,279.0,,0
1786377494.435,c1,reserve,,0.0,26.34,13.67,3.6,S3,0,,0,36.0,obs,346,26.34,13.67,3.65,S3,26.34,13.67,3.65,S3,26.34,13.67,3.6,S3,7.254,0,S3,site_s3,S3,S3,S3,86.5,0.0,0.0,24.0,1,1,1,,,0,0.0,0.0,0.0,0.0,0.0,,279.0,,0
1786377494.435,c1,search,,0.0,31.1,20.71,10.86,S3,0,,0,4474.0,obs,517,31.1,20.71,10.98,S3,31.1,20.71,10.98,S3,31.1,20.71,10.86,S3,7.254,0,S3,site_s3,S3,S3,S3,129.5,0.0,0.0,153.5,1,1,1,,,0,0.0,0.0,0.0,0.0,0.0,,279.0,,0
1786377494.435,c1,recommend,,0.0,26.76,14.03,3.89,S3,0,,0,200.0,obs,683,26.76,14.03,4.0,S3,26.76,14.03,4.0,S3,26.76,14.03,3.89,S3,7.254,0,S3,site_s3,S3,S3,S3,170.5,0.0,0.0,183.9,1,1,1,,,0,0.0,0.0,0.0,0.0,0.0,,279.0,,0
1786377494.435,c2,reserve,,0.0,26.34,13.67,3.6,S3,0,,0,36.0,obs,346,26.34,13.67,3.65,S3,26.34,13.67,3.65,S3,26.34,13.67,3.6,S3,7.254,0,S3,site_s3,S3,S3,S3,86.5,0.0,0.0,207.9,1,1,1,,,0,0.0,0.0,0.0,0.0,0.0,,279.0,,0
1786377494.435,c2,search,,0.0,31.1,20.71,10.86,S3,0,,0,4474.0,obs,517,31.1,20.71,10.98,S3,31.1,20.71,10.98,S3,31.1,20.71,10.86,S3,7.254,0,S3,site_s3,S3,S3,S3,129.0,0.0,0.0,336.9,1,1,1,,,0,0.0,0.0,0.0,0.0,0.0,,279.0,,0
1786377494.435,c2,recommend,,0.0,26.76,14.03,3.89,S3,0,,0,200.0,obs,683,26.76,14.03,4.0,S3,26.76,14.03,4.0,S3,26.76,14.03,3.89,S3,7.254,0,S3,site_s3,S3,S3,S3,171.0,0.0,0.0,367.4,1,1,1,,,0,0.0,0.0,0.0,0.0,0.0,,279.0,,0
1786377495.436,c1,reserve,,0.0,26.34,13.67,3.62,S3,0,,0,36.0,obs,347,26.34,13.67,3.65,S3,26.34,13.67,3.65,S3,26.34,13.67,3.62,S3,7.394,0,S3,site_s3,S3,S3,S3,87.0,0.0,0.0,24.2,1,1,1,,,0,0.0,0.0,0.0,0.0,0.0,,279.0,,0
1786377495.436,c1,search,,0.0,31.1,20.71,10.88,S3,0,,0,4474.0,obs,512,31.1,20.71,10.98,S3,31.1,20.71,10.98,S3,31.1,20.71,10.88,S3,7.394,0,S3,site_s3,S3,S3,S3,128.0,0.0,0.0,152.2,1,1,1,,,0,0.0,0.0,0.0,0.0,0.0,,279.0,,0
1786377495.436,c1,recommend,,0.0,26.76,14.03,3.94,S3,0,,0,200.0,obs,688,26.76,14.03,4.0,S3,26.76,14.03,4.0,S3,26.76,14.03,3.94,S3,7.394,0,S3,site_s3,S3,S3,S3,172.0,0.0,0.0,182.8,1,1,1,,,0,0.0,0.0,0.0,0.0,0.0,,279.0,,0
1786377495.436,c2,reserve,,0.0,26.34,13.67,3.62,S3,0,,0,36.0,obs,347,26.34,13.67,3.65,S3,26.34,13.67,3.65,S3,26.34,13.67,3.62,S3,7.394,0,S3,site_s3,S3,S3,S3,86.5,0.0,0.0,206.8,1,1,1,,,0,0.0,0.0,0.0,0.0,0.0,,279.0,,0
1786377495.436,c2,search,,0.0,31.1,20.71,10.88,S3,0,,0,4474.0,obs,512,31.1,20.71,10.98,S3,31.1,20.71,10.98,S3,31.1,20.71,10.88,S3,7.394,0,S3,site_s3,S3,S3,S3,128.0,0.0,0.0,334.8,1,1,1,,,0,0.0,0.0,0.0,0.0,0.0,,279.0,,0
1786377495.436,c2,recommend,,0.0,26.76,14.03,3.94,S3,0,,0,200.0,obs,688,26.76,14.03,4.0,S3,26.76,14.03,4.0,S3,26.76,14.03,3.94,S3,7.394,0,S3,site_s3,S3,S3,S3,172.0,0.0,0.0,365.5,1,1,1,,,0,0.0,0.0,0.0,0.0,0.0,,279.0,,0
1786377496.436,c1,reserve,,0.0,26.34,13.67,3.58,S3,0,,0,36.0,obs,343,26.34,13.67,3.65,S3,26.34,13.67,3.65,S3,26.34,13.67,3.58,S3,7.349,0,S3,site_s3,S3,S3,S3,85.5,0.0,0.0,23.8,1,1,1,,,0,0.0,0.0,0.0,0.0,0.0,,279.0,,0
1786377496.436,c1,search,,0.0,31.1,20.71,10.88,S3,0,,0,4474.0,obs,515,31.1,20.71,10.98,S3,31.1,20.71,10.98,S3,31.1,20.71,10.88,S3,7.349,0,S3,site_s3,S3,S3,S3,128.5,0.0,0.0,152.3,1,1,1,,,0,0.0,0.0,0.0,0.0,0.0,,279.0,,0
1786377496.436,c1,recommend,,0.0,26.76,14.03,3.88,S3,0,,0,200.0,obs,691,26.76,14.03,4.0,S3,26.76,14.03,4.0,S3,26.76,14.03,3.88,S3,7.349,0,S3,site_s3,S3,S3,S3,173.0,0.0,0.0,183.1,1,1,1,,,0,0.0,0.0,0.0,0.0,0.0,,279.0,,0
1786377496.436,c2,reserve,,0.0,26.34,13.67,3.58,S3,0,,0,36.0,obs,343,26.34,13.67,3.65,S3,26.34,13.67,3.65,S3,26.34,13.67,3.58,S3,7.349,0,S3,site_s3,S3,S3,S3,86.0,0.0,0.0,207.0,1,1,1,,,0,0.0,0.0,0.0,0.0,0.0,,279.0,,0
1786377496.436,c2,search,,0.0,31.1,20.71,10.88,S3,0,,0,4474.0,obs,515,31.1,20.71,10.98,S3,31.1,20.71,10.98,S3,31.1,20.71,10.88,S3,7.349,0,S3,site_s3,S3,S3,S3,129.0,0.0,0.0,336.0,1,1,1,,,0,0.0,0.0,0.0,0.0,0.0,,279.0,,0
1786377496.436,c2,recommend,,0.0,26.76,14.03,3.88,S3,0,,0,200.0,obs,691,26.76,14.03,4.0,S3,26.76,14.03,4.0,S3,26.76,14.03,3.88,S3,7.349,0,S3,site_s3,S3,S3,S3,172.5,0.0,0.0,366.7,1,1,1,,,0,0.0,0.0,0.0,0.0,0.0,,279.0,,0
1786377497.436,c1,reserve,,0.0,26.34,13.67,3.48,S3,0,,0,36.0,obs,342,26.34,13.67,3.65,S3,26.34,13.67,3.65,S3,26.34,13.67,3.48,S3,7.614,0,S3,site_s3,S3,S3,S3,85.5,0.0,0.0,23.8,1,1,1,,,0,0.0,0.0,0.0,0.0,0.0,,279.0,,0
1786377497.436,c1,search,,0.0,31.1,20.71,10.85,S3,0,,0,4474.0,obs,516,31.1,20.71,10.98,S3,31.1,20.71,10.98,S3,31.1,20.71,10.85,S3,7.614,0,S3,site_s3,S3,S3,S3,129.0,0.0,0.0,152.8,1,1,1,,,0,0.0,0.0,0.0,0.0,0.0,,279.0,,0
1786377497.436,c1,recommend,,0.0,26.76,14.03,3.85,S3,0,,0,200.0,obs,691,26.76,14.03,4.0,S3,26.76,14.03,4.0,S3,26.76,14.03,3.85,S3,7.614,0,S3,site_s3,S3,S3,S3,172.5,0.0,0.0,183.5,1,1,1,,,0,0.0,0.0,0.0,0.0,0.0,,279.0,,0
1786377497.436,c2,reserve,,0.0,26.34,13.67,3.48,S3,0,,0,36.0,obs,342,26.34,13.67,3.65,S3,26.34,13.67,3.65,S3,26.34,13.67,3.48,S3,7.614,0,S3,site_s3,S3,S3,S3,85.5,0.0,0.0,207.2,1,1,1,,,0,0.0,0.0,0.0,0.0,0.0,,279.0,,0
1786377497.436,c2,search,,0.0,31.1,20.71,10.85,S3,0,,0,4474.0,obs,516,31.1,20.71,10.98,S3,31.1,20.71,10.98,S3,31.1,20.71,10.85,S3,7.614,0,S3,site_s3,S3,S3,S3,129.0,0.0,0.0,336.2,1,1,1,,,0,0.0,0.0,0.0,0.0,0.0,,279.0,,0
1786377497.436,c2,recommend,,0.0,26.76,14.03,3.85,S3,0,,0,200.0,obs,691,26.76,14.03,4.0,S3,26.76,14.03,4.0,S3,26.76,14.03,3.85,S3,7.614,0,S3,site_s3,S3,S3,S3,173.0,0.0,0.0,367.0,1,1,1,,,0,0.0,0.0,0.0,0.0,0.0,,279.0,,0
1786377498.436,c1,reserve,,0.0,26.34,13.67,3.5,S3,0,,0,36.0,obs,345,26.34,13.67,3.65,S3,26.34,13.67,3.65,S3,26.34,13.67,3.5,S3,7.568,0,S3,site_s3,S3,S3,S3,86.0,0.0,0.0,23.9,1,1,1,,,0,0.0,0.0,0.0,0.0,0.0,,279.0,,0
1786377498.436,c1,search,,0.0,31.1,20.71,10.83,S3,0,,0,4474.0,obs,519,31.1,20.71,10.98,S3,31.1,20.71,10.98,S3,31.1,20.71,10.83,S3,7.568,0,S3,site_s3,S3,S3,S3,130.0,0.0,0.0,153.9,1,1,1,,,0,0.0,0.0,0.0,0.0,0.0,,279.0,,0
1786377498.436,c1,recommend,,0.0,26.76,14.03,3.84,S3,0,,0,200.0,obs,688,26.76,14.03,4.0,S3,26.76,14.03,4.0,S3,26.76,14.03,3.84,S3,7.568,0,S3,site_s3,S3,S3,S3,172.0,0.0,0.0,184.5,1,1,1,,,0,0.0,0.0,0.0,0.0,0.0,,279.0,,0
1786377498.436,c2,reserve,,0.0,26.34,13.67,3.5,S3,0,,0,36.0,obs,345,26.34,13.67,3.65,S3,26.34,13.67,3.65,S3,26.34,13.67,3.5,S3,7.568,0,S3,site_s3,S3,S3,S3,86.5,0.0,0.0,208.6,1,1,1,,,0,0.0,0.0,0.0,0.0,0.0,,279.0,,0
1786377498.436,c2,search,,0.0,31.1,20.71,10.83,S3,0,,0,4474.0,obs,519,31.1,20.71,10.98,S3,31.1,20.71,10.98,S3,31.1,20.71,10.83,S3,7.568,0,S3,site_s3,S3,S3,S3,129.5,0.0,0.0,338.1,1,1,1,,,0,0.0,0.0,0.0,0.0,0.0,,279.0,,0
1786377498.436,c2,recommend,,0.0,26.76,14.03,3.84,S3,0,,0,200.0,obs,688,26.76,14.03,4.0,S3,26.76,14.03,4.0,S3,26.76,14.03,3.84,S3,7.568,0,S3,site_s3,S3,S3,S3,172.0,0.0,0.0,368.7,1,1,1,,,0,0.0,0.0,0.0,0.0,0.0,,279.0,,0
1786377499.436,c1,reserve,,0.0,26.34,13.67,3.56,S3,0,,0,36.0,obs,349,26.34,13.67,3.65,S3,26.34,13.67,3.65,S3,26.34,13.67,3.56,S3,7.554,0,S3,site_s3,S3,S3,S3,87.5,0.0,0.0,24.3,1,1,1,,,0,0.0,0.0,0.0,0.0,0.0,,279.0,,0
1786377499.436,c1,search,,0.0,31.1,20.71,10.84,S3,0,,0,4474.0,obs,515,31.1,20.71,10.98,S3,31.1,20.71,10.98,S3,31.1,20.71,10.84,S3,7.554,0,S3,site_s3,S3,S3,S3,129.0,0.0,0.0,153.3,1,1,1,,,0,0.0,0.0,0.0,0.0,0.0,,279.0,,0
1786377499.436,c1,recommend,,0.0,26.76,14.03,3.92,S3,0,,0,200.0,obs,686,26.76,14.03,4.0,S3,26.76,14.03,4.0,S3,26.76,14.03,3.92,S3,7.554,0,S3,site_s3,S3,S3,S3,171.5,0.0,0.0,183.9,1,1,1,,,0,0.0,0.0,0.0,0.0,0.0,,279.0,,0
1786377499.436,c2,reserve,,0.0,26.34,13.67,3.56,S3,0,,0,36.0,obs,349,26.34,13.67,3.65,S3,26.34,13.67,3.65,S3,26.34,13.67,3.56,S3,7.554,0,S3,site_s3,S3,S3,S3,87.0,0.0,0.0,208.0,1,1,1,,,0,0.0,0.0,0.0,0.0,0.0,,279.0,,0
1786377499.436,c2,search,,0.0,31.1,20.71,10.84,S3,0,,0,4474.0,obs,515,31.1,20.71,10.98,S3,31.1,20.71,10.98,S3,31.1,20.71,10.84,S3,7.554,0,S3,site_s3,S3,S3,S3,128.5,0.0,0.0,336.5,1,1,1,,,0,0.0,0.0,0.0,0.0,0.0,,279.0,,0
1786377499.436,c2,recommend,,0.0,26.76,14.03,3.92,S3,0,,0,200.0,obs,686,26.76,14.03,4.0,S3,26.76,14.03,4.0,S3,26.76,14.03,3.92,S3,7.554,0,S3,site_s3,S3,S3,S3,171.5,0.0,0.0,367.1,1,1,1,,,0,0.0,0.0,0.0,0.0,0.0,,279.0,,0
1786377500.436,c1,reserve,,0.0,26.34,13.67,3.5,S3,0,,0,36.0,obs,346,26.34,13.67,3.65,S3,26.34,13.67,3.65,S3,26.34,13.67,3.5,S3,7.688,0,S3,site_s3,S3,S3,S3,86.5,0.0,0.0,24.0,1,1,1,,,0,0.0,0.0,0.0,0.0,0.0,,279.0,,0
1786377500.436,c1,search,,0.0,31.1,20.71,10.9,S3,0,,0,4474.0,obs,516,31.1,20.71,10.98,S3,31.1,20.71,10.98,S3,31.1,20.71,10.9,S3,7.688,0,S3,site_s3,S3,S3,S3,129.0,0.0,0.0,153.0,1,1,1,,,0,0.0,0.0,0.0,0.0,0.0,,279.0,,0
1786377500.436,c1,recommend,,0.0,26.76,14.03,3.99,S3,0,,0,200.0,obs,692,26.76,14.03,4.0,S3,26.76,14.03,4.0,S3,26.76,14.03,3.99,S3,7.688,0,S3,site_s3,S3,S3,S3,173.0,0.0,0.0,183.8,1,1,1,,,0,0.0,0.0,0.0,0.0,0.0,,279.0,,0
1786377500.436,c2,reserve,,0.0,26.34,13.67,3.5,S3,0,,0,36.0,obs,346,26.34,13.67,3.65,S3,26.34,13.67,3.65,S3,26.34,13.67,3.5,S3,7.688,0,S3,site_s3,S3,S3,S3,86.5,0.0,0.0,207.9,1,1,1,,,0,0.0,0.0,0.0,0.0,0.0,,279.0,,0
1786377500.436,c2,search,,0.0,31.1,20.71,10.9,S3,0,,0,4474.0,obs,516,31.1,20.71,10.98,S3,31.1,20.71,10.98,S3,31.1,20.71,10.9,S3,7.688,0,S3,site_s3,S3,S3,S3,129.0,0.0,0.0,336.9,1,1,1,,,0,0.0,0.0,0.0,0.0,0.0,,279.0,,0
1786377500.436,c2,recommend,,0.0,26.76,14.03,3.99,S3,0,,0,200.0,obs,692,26.76,14.03,4.0,S3,26.76,14.03,4.0,S3,26.76,14.03,3.99,S3,7.688,0,S3,site_s3,S3,S3,S3,173.0,0.0,0.0,367.7,1,1,1,,,0,0.0,0.0,0.0,0.0,0.0,,279.0,,0
1786377501.436,c1,reserve,,0.0,26.34,13.67,3.57,S3,0,,0,36.0,obs,342,26.34,13.67,3.65,S3,26.34,13.67,3.65,S3,26.34,13.67,3.57,S3,7.539,0,S3,site_s3,S3,S3,S3,85.5,0.0,0.0,23.8,1,1,1,,,0,0.0,0.0,0.0,0.0,0.0,,279.0,,0
1786377501.436,c1,search,,0.0,31.1,20.71,10.87,S3,0,,0,4474.0,obs,518,31.1,20.71,10.98,S3,31.1,20.71,10.98,S3,31.1,20.71,10.87,S3,7.539,0,S3,site_s3,S3,S3,S3,129.5,0.0,0.0,153.3,1,1,1,,,0,0.0,0.0,0.0,0.0,0.0,,279.0,,0
1786377501.436,c1,recommend,,0.0,26.76,14.03,3.94,S3,0,,0,200.0,obs,694,26.76,14.03,4.0,S3,26.76,14.03,4.0,S3,26.76,14.03,3.94,S3,7.539,0,S3,site_s3,S3,S3,S3,173.5,0.0,0.0,184.2,1,1,1,,,0,0.0,0.0,0.0,0.0,0.0,,279.0,,0
1786377501.436,c2,reserve,,0.0,26.34,13.67,3.57,S3,0,,0,36.0,obs,342,26.34,13.67,3.65,S3,26.34,13.67,3.65,S3,26.34,13.67,3.57,S3,7.539,0,S3,site_s3,S3,S3,S3,85.5,0.0,0.0,207.9,1,1,1,,,0,0.0,0.0,0.0,0.0,0.0,,279.0,,0
1786377501.436,c2,search,,0.0,31.1,20.71,10.87,S3,0,,0,4474.0,obs,518,31.1,20.71,10.98,S3,31.1,20.71,10.98,S3,31.1,20.71,10.87,S3,7.539,0,S3,site_s3,S3,S3,S3,129.5,0.0,0.0,337.4,1,1,1,,,0,0.0,0.0,0.0,0.0,0.0,,279.0,,0
1786377501.436,c2,recommend,,0.0,26.76,14.03,3.94,S3,0,,0,200.0,obs,694,26.76,14.03,4.0,S3,26.76,14.03,4.0,S3,26.76,14.03,3.94,S3,7.539,0,S3,site_s3,S3,S3,S3,173.5,0.0,0.0,368.3,1,1,1,,,0,0.0,0.0,0.0,0.0,0.0,,279.0,,0
1786377502.436,c1,reserve,,0.0,26.34,13.67,3.54,S3,0,,0,36.0,obs,343,26.34,13.67,3.65,S3,26.34,13.67,3.65,S3,26.34,13.67,3.54,S3,7.28,0,S3,site_s3,S3,S3,S3,85.5,0.0,0.0,23.8,1,1,1,,,0,0.0,0.0,0.0,0.0,0.0,,279.0,,0
1786377502.436,c1,search,,0.0,31.1,20.71,10.86,S3,0,,0,4474.0,obs,520,31.1,20.71,10.98,S3,31.1,20.71,10.98,S3,31.1,20.71,10.86,S3,7.28,0,S3,site_s3,S3,S3,S3,130.0,0.0,0.0,153.8,1,1,1,,,0,0.0,0.0,0.0,0.0,0.0,,279.0,,0
1786377502.436,c1,recommend,,0.0,26.76,14.03,3.95,S3,0,,0,200.0,obs,692,26.76,14.03,4.0,S3,26.76,14.03,4.0,S3,26.76,14.03,3.95,S3,7.28,0,S3,site_s3,S3,S3,S3,173.5,0.0,0.0,184.7,1,1,1,,,0,0.0,0.0,0.0,0.0,0.0,,279.0,,0
1786377502.436,c2,reserve,,0.0,26.34,13.67,3.54,S3,0,,0,36.0,obs,343,26.34,13.67,3.65,S3,26.34,13.67,3.65,S3,26.34,13.67,3.54,S3,7.28,0,S3,site_s3,S3,S3,S3,86.0,0.0,0.0,208.6,1,1,1,,,0,0.0,0.0,0.0,0.0,0.0,,279.0,,0
1786377502.436,c2,search,,0.0,31.1,20.71,10.86,S3,0,,0,4474.0,obs,520,31.1,20.71,10.98,S3,31.1,20.71,10.98,S3,31.1,20.71,10.86,S3,7.28,0,S3,site_s3,S3,S3,S3,130.0,0.0,0.0,338.6,1,1,1,,,0,0.0,0.0,0.0,0.0,0.0,,279.0,,0
1786377502.436,c2,recommend,,0.0,26.76,14.03,3.95,S3,0,,0,200.0,obs,692,26.76,14.03,4.0,S3,26.76,14.03,4.0,S3,26.76,14.03,3.95,S3,7.28,0,S3,site_s3,S3,S3,S3,172.5,0.0,0.0,369.3,1,1,1,,,0,0.0,0.0,0.0,0.0,0.0,,279.0,,0
1786377503.436,c1,reserve,,0.0,26.34,13.67,3.55,S3,0,,0,36.0,obs,348,26.34,13.67,3.65,S3,26.34,13.67,3.65,S3,26.34,13.67,3.55,S3,7.274,0,S3,site_s3,S3,S3,S3,87.0,0.0,0.0,24.2,1,1,1,,,0,0.0,0.0,0.0,0.0,0.0,,279.0,,0
1786377503.436,c1,search,,0.0,31.1,20.71,10.88,S3,0,,0,4474.0,obs,519,31.1,20.71,10.98,S3,31.1,20.71,10.98,S3,31.1,20.71,10.88,S3,7.274,0,S3,site_s3,S3,S3,S3,130.0,0.0,0.0,154.2,1,1,1,,,0,0.0,0.0,0.0,0.0,0.0,,279.0,,0
1786377503.436,c1,recommend,,0.0,26.76,14.03,3.9,S3,0,,0,200.0,obs,688,26.76,14.03,4.0,S3,26.76,14.03,4.0,S3,26.76,14.03,3.9,S3,7.274,0,S3,site_s3,S3,S3,S3,171.5,0.0,0.0,184.7,1,1,1,,,0,0.0,0.0,0.0,0.0,0.0,,279.0,,0
1786377503.436,c2,reserve,,0.0,26.34,13.67,3.55,S3,0,,0,36.0,obs,348,26.34,13.67,3.65,S3,26.34,13.67,3.65,S3,26.34,13.67,3.55,S3,7.274,0,S3,site_s3,S3,S3,S3,87.0,0.0,0.0,208.9,1,1,1,,,0,0.0,0.0,0.0,0.0,0.0,,279.0,,0
1786377503.436,c2,search,,0.0,31.1,20.71,10.88,S3,0,,0,4474.0,obs,519,31.1,20.71,10.98,S3,31.1,20.71,10.98,S3,31.1,20.71,10.88,S3,7.274,0,S3,site_s3,S3,S3,S3,129.5,0.0,0.0,338.4,1,1,1,,,0,0.0,0.0,0.0,0.0,0.0,,279.0,,0
1786377503.436,c2,recommend,,0.0,26.76,14.03,3.9,S3,0,,0,200.0,obs,688,26.76,14.03,4.0,S3,26.76,14.03,4.0,S3,26.76,14.03,3.9,S3,7.274,0,S3,site_s3,S3,S3,S3,172.5,0.0,0.0,369.1,1,1,1,,,0,0.0,0.0,0.0,0.0,0.0,,279.0,,0
1786377504.436,c1,reserve,,0.0,26.34,13.67,3.58,S3,0,,0,36.0,obs,350,26.34,13.67,3.65,S3,26.34,13.67,3.65,S3,26.34,13.67,3.58,S3,7.793,0,S3,site_s3,S3,S3,S3,87.5,0.0,0.0,24.3,1,1,1,,,0,0.0,0.0,0.0,0.0,0.0,,279.0,,0
1786377504.436,c1,search,,0.0,31.1,20.71,10.67,S3,0,,0,4474.0,obs,516,31.1,20.71,10.98,S3,31.1,20.71,10.98,S3,31.1,20.71,10.67,S3,7.793,0,S3,site_s3,S3,S3,S3,129.0,0.0,0.0,153.3,1,1,1,,,0,0.0,0.0,0.0,0.0,0.0,,279.0,,0
1786377504.436,c1,recommend,,0.0,26.76,14.03,3.84,S3,0,,0,200.0,obs,692,26.76,14.03,4.0,S3,26.76,14.03,4.0,S3,26.76,14.03,3.84,S3,7.793,0,S3,site_s3,S3,S3,S3,173.0,0.0,0.0,184.1,1,1,1,,,0,0.0,0.0,0.0,0.0,0.0,,279.0,,0
1786377504.436,c2,reserve,,0.0,26.34,13.67,3.58,S3,0,,0,36.0,obs,350,26.34,13.67,3.65,S3,26.34,13.67,3.65,S3,26.34,13.67,3.58,S3,7.793,0,S3,site_s3,S3,S3,S3,87.5,0.0,0.0,208.4,1,1,1,,,0,0.0,0.0,0.0,0.0,0.0,,279.0,,0
1786377504.436,c2,search,,0.0,31.1,20.71,10.67,S3,0,,0,4474.0,obs,516,31.1,20.71,10.98,S3,31.1,20.71,10.98,S3,31.1,20.71,10.67,S3,7.793,0,S3,site_s3,S3,S3,S3,129.0,0.0,0.0,337.4,1,1,1,,,0,0.0,0.0,0.0,0.0,0.0,,279.0,,0
1786377504.436,c2,recommend,,0.0,26.76,14.03,3.84,S3,0,,0,200.0,obs,692,26.76,14.03,4.0,S3,26.76,14.03,4.0,S3,26.76,14.03,3.84,S3,7.793,0,S3,site_s3,S3,S3,S3,173.0,0.0,0.0,368.2,1,1,1,,,0,0.0,0.0,0.0,0.0,0.0,,279.0,,0
1786377505.436,c1,reserve,,0.0,26.34,13.67,3.61,S3,0,,0,36.0,obs,346,26.34,13.67,3.65,S3,26.34,13.67,3.65,S3,26.34,13.67,3.61,S3,7.62,0,S3,site_s3,S3,S3,S3,86.5,0.0,0.0,24.0,1,1,1,,,0,0.0,0.0,0.0,0.0,0.0,,279.0,,0
1786377505.436,c1,search,,0.0,31.1,20.71,10.72,S3,0,,0,4474.0,obs,516,31.1,20.71,10.98,S3,31.1,20.71,10.98,S3,31.1,20.71,10.72,S3,7.62,0,S3,site_s3,S3,S3,S3,129.0,0.0,0.0,153.0,1,1,1,,,0,0.0,0.0,0.0,0.0,0.0,,279.0,,0
1786377505.436,c1,recommend,,0.0,26.76,14.03,3.82,S3,0,,0,200.0,obs,695,26.76,14.03,4.0,S3,26.76,14.03,4.0,S3,26.76,14.03,3.82,S3,7.62,0,S3,site_s3,S3,S3,S3,174.0,0.0,0.0,184.0,1,1,1,,,0,0.0,0.0,0.0,0.0,0.0,,279.0,,0
1786377505.436,c2,reserve,,0.0,26.34,13.67,3.61,S3,0,,0,36.0,obs,346,26.34,13.67,3.65,S3,26.34,13.67,3.65,S3,26.34,13.67,3.61,S3,7.62,0,S3,site_s3,S3,S3,S3,86.5,0.0,0.0,208.1,1,1,1,,,0,0.0,0.0,0.0,0.0,0.0,,279.0,,0
1786377505.436,c2,search,,0.0,31.1,20.71,10.72,S3,0,,0,4474.0,obs,516,31.1,20.71,10.98,S3,31.1,20.71,10.98,S3,31.1,20.71,10.72,S3,7.62,0,S3,site_s3,S3,S3,S3,129.0,0.0,0.0,337.1,1,1,1,,,0,0.0,0.0,0.0,0.0,0.0,,279.0,,0
1786377505.436,c2,recommend,,0.0,26.76,14.03,3.82,S3,0,,0,200.0,obs,695,26.76,14.03,4.0,S3,26.76,14.03,4.0,S3,26.76,14.03,3.82,S3,7.62,0,S3,site_s3,S3,S3,S3,173.5,0.0,0.0,367.9,1,1,1,,,0,0.0,0.0,0.0,0.0,0.0,,279.0,,0
1786377506.436,c1,reserve,,0.0,26.34,13.67,3.67,S3,0,,0,36.0,obs,344,26.34,13.67,3.65,S3,26.34,13.67,3.65,S3,26.34,13.67,3.67,S3,7.767,0,S3,site_s3,S3,S3,S3,86.0,0.0,0.0,23.9,1,1,1,,,0,0.0,0.0,0.0,0.0,0.0,,279.0,,0
1786377506.436,c1,search,,0.0,31.1,20.71,10.89,S3,0,,0,4474.0,obs,520,31.1,20.71,10.98,S3,31.1,20.71,10.98,S3,31.1,20.71,10.89,S3,7.767,0,S3,site_s3,S3,S3,S3,130.0,0.0,0.0,153.9,1,1,1,,,0,0.0,0.0,0.0,0.0,0.0,,279.0,,0
1786377506.436,c1,recommend,,0.0,26.76,14.03,3.88,S3,0,,0,200.0,obs,696,26.76,14.03,4.0,S3,26.76,14.03,4.0,S3,26.76,14.03,3.88,S3,7.767,0,S3,site_s3,S3,S3,S3,174.0,0.0,0.0,184.9,1,1,1,,,0,0.0,0.0,0.0,0.0,0.0,,279.0,,0
1786377506.436,c2,reserve,,0.0,26.34,13.67,3.67,S3,0,,0,36.0,obs,344,26.34,13.67,3.65,S3,26.34,13.67,3.65,S3,26.34,13.67,3.67,S3,7.767,0,S3,site_s3,S3,S3,S3,86.0,0.0,0.0,208.8,1,1,1,,,0,0.0,0.0,0.0,0.0,0.0,,279.0,,0
1786377506.436,c2,search,,0.0,31.1,20.71,10.89,S3,0,,0,4474.0,obs,520,31.1,20.71,10.98,S3,31.1,20.71,10.98,S3,31.1,20.71,10.89,S3,7.767,0,S3,site_s3,S3,S3,S3,130.0,0.0,0.0,338.8,1,1,1,,,0,0.0,0.0,0.0,0.0,0.0,,279.0,,0
1786377506.436,c2,recommend,,0.0,26.76,14.03,3.88,S3,0,,0,200.0,obs,696,26.76,14.03,4.0,S3,26.76,14.03,4.0,S3,26.76,14.03,3.88,S3,7.767,0,S3,site_s3,S3,S3,S3,174.0,0.0,0.0,369.8,1,1,1,,,0,0.0,0.0,0.0,0.0,0.0,,279.0,,0
1786377507.436,c1,reserve,,0.0,26.34,13.67,3.6,S3,0,,0,36.0,obs,346,26.34,13.67,3.65,S3,26.34,13.67,3.65,S3,26.34,13.67,3.6,S3,7.605,0,S3,site_s3,S3,S3,S3,86.5,0.0,0.0,24.0,1,1,1,,,0,0.0,0.0,0.0,0.0,0.0,,279.0,,0
1786377507.436,c1,search,,0.0,31.1,20.71,10.95,S3,0,,0,4474.0,obs,522,31.1,20.71,10.98,S3,31.1,20.71,10.98,S3,31.1,20.71,10.95,S3,7.605,0,S3,site_s3,S3,S3,S3,130.5,0.0,0.0,154.5,1,1,1,,,0,0.0,0.0,0.0,0.0,0.0,,279.0,,0
1786377507.436,c1,recommend,,0.0,26.76,14.03,3.84,S3,0,,0,200.0,obs,693,26.76,14.03,4.0,S3,26.76,14.03,4.0,S3,26.76,14.03,3.84,S3,7.605,0,S3,site_s3,S3,S3,S3,173.0,0.0,0.0,185.3,1,1,1,,,0,0.0,0.0,0.0,0.0,0.0,,279.0,,0
1786377507.436,c2,reserve,,0.0,26.34,13.67,3.6,S3,0,,0,36.0,obs,346,26.34,13.67,3.65,S3,26.34,13.67,3.65,S3,26.34,13.67,3.6,S3,7.605,0,S3,site_s3,S3,S3,S3,86.5,0.0,0.0,209.4,1,1,1,,,0,0.0,0.0,0.0,0.0,0.0,,279.0,,0
1786377507.436,c2,search,,0.0,31.1,20.71,10.95,S3,0,,0,4474.0,obs,522,31.1,20.71,10.98,S3,31.1,20.71,10.98,S3,31.1,20.71,10.95,S3,7.605,0,S3,site_s3,S3,S3,S3,130.5,0.0,0.0,339.9,1,1,1,,,0,0.0,0.0,0.0,0.0,0.0,,279.0,,0
1786377507.436,c2,recommend,,0.0,26.76,14.03,3.84,S3,0,,0,200.0,obs,693,26.76,14.03,4.0,S3,26.76,14.03,4.0,S3,26.76,14.03,3.84,S3,7.605,0,S3,site_s3,S3,S3,S3,173.5,0.0,0.0,370.8,1,1,1,,,0,0.0,0.0,0.0,0.0,0.0,,279.0,,0
1786377508.436,c1,reserve,,0.0,26.34,13.67,3.58,S3,0,,0,36.0,obs,350,26.34,13.67,3.65,S3,26.34,13.67,3.65,S3,26.34,13.67,3.58,S3,7.544,0,S3,site_s3,S3,S3,S3,87.5,0.0,0.0,24.3,1,1,1,,,0,0.0,0.0,0.0,0.0,0.0,,279.0,,0
1786377508.436,c1,search,,0.0,31.1,20.71,10.79,S3,0,,0,4474.0,obs,520,31.1,20.71,10.98,S3,31.1,20.71,10.98,S3,31.1,20.71,10.79,S3,7.544,0,S3,site_s3,S3,S3,S3,130.0,0.0,0.0,154.3,1,1,1,,,0,0.0,0.0,0.0,0.0,0.0,,279.0,,0
1786377508.436,c1,recommend,,0.0,26.76,14.03,3.86,S3,0,,0,200.0,obs,691,26.76,14.03,4.0,S3,26.76,14.03,4.0,S3,26.76,14.03,3.86,S3,7.544,0,S3,site_s3,S3,S3,S3,173.0,0.0,0.0,185.1,1,1,1,,,0,0.0,0.0,0.0,0.0,0.0,,279.0,,0
1786377508.436,c2,reserve,,0.0,26.34,13.67,3.58,S3,0,,0,36.0,obs,350,26.34,13.67,3.65,S3,26.34,13.67,3.65,S3,26.34,13.67,3.58,S3,7.544,0,S3,site_s3,S3,S3,S3,87.5,0.0,0.0,209.4,1,1,1,,,0,0.0,0.0,0.0,0.0,0.0,,279.0,,0
1786377508.436,c2,search,,0.0,31.1,20.71,10.79,S3,0,,0,4474.0,obs,520,31.1,20.71,10.98,S3,31.1,20.71,10.98,S3,31.1,20.71,10.79,S3,7.544,0,S3,site_s3,S3,S3,S3,130.0,0.0,0.0,339.4,1,1,1,,,0,0.0,0.0,0.0,0.0,0.0,,279.0,,0
1786377508.436,c2,recommend,,0.0,26.76,14.03,3.86,S3,0,,0,200.0,obs,691,26.76,14.03,4.0,S3,26.76,14.03,4.0,S3,26.76,14.03,3.86,S3,7.544,0,S3,site_s3,S3,S3,S3,172.5,0.0,0.0,370.1,1,1,1,,,0,0.0,0.0,0.0,0.0,0.0,,279.0,,0
1786377509.436,c1,reserve,,0.0,26.34,13.67,3.5,S3,0,,0,36.0,obs,348,26.34,13.67,3.65,S3,26.34,13.67,3.65,S3,26.34,13.67,3.5,S3,7.647,0,S3,site_s3,S3,S3,S3,87.0,0.0,0.0,24.2,1,1,1,,,0,0.0,0.0,0.0,0.0,0.0,,279.0,,0
1786377509.436,c1,search,,0.0,31.1,20.71,10.79,S3,0,,0,4474.0,obs,519,31.1,20.71,10.98,S3,31.1,20.71,10.98,S3,31.1,20.71,10.79,S3,7.647,0,S3,site_s3,S3,S3,S3,129.5,0.0,0.0,153.7,1,1,1,,,0,0.0,0.0,0.0,0.0,0.0,,279.0,,0
1786377509.436,c1,recommend,,0.0,26.76,14.03,3.95,S3,0,,0,200.0,obs,694,26.76,14.03,4.0,S3,26.76,14.03,4.0,S3,26.76,14.03,3.95,S3,7.647,0,S3,site_s3,S3,S3,S3,173.5,0.0,0.0,184.6,1,1,1,,,0,0.0,0.0,0.0,0.0,0.0,,279.0,,0
1786377509.436,c2,reserve,,0.0,26.34,13.67,3.5,S3,0,,0,36.0,obs,348,26.34,13.67,3.65,S3,26.34,13.67,3.65,S3,26.34,13.67,3.5,S3,7.647,0,S3,site_s3,S3,S3,S3,87.0,0.0,0.0,208.8,1,1,1,,,0,0.0,0.0,0.0,0.0,0.0,,279.0,,0
1786377509.436,c2,search,,0.0,31.1,20.71,10.79,S3,0,,0,4474.0,obs,519,31.1,20.71,10.98,S3,31.1,20.71,10.98,S3,31.1,20.71,10.79,S3,7.647,0,S3,site_s3,S3,S3,S3,130.0,0.0,0.0,338.8,1,1,1,,,0,0.0,0.0,0.0,0.0,0.0,,279.0,,0
1786377509.436,c2,recommend,,0.0,26.76,14.03,3.95,S3,0,,0,200.0,obs,694,26.76,14.03,4.0,S3,26.76,14.03,4.0,S3,26.76,14.03,3.95,S3,7.647,0,S3,site_s3,S3,S3,S3,173.5,0.0,0.0,369.6,1,1,1,,,0,0.0,0.0,0.0,0.0,0.0,,279.0,,0
1786377510.436,c1,reserve,,0.0,26.34,13.67,3.6,S3,0,,0,36.0,obs,345,26.34,13.67,3.65,S3,26.34,13.67,3.65,S3,26.34,13.67,3.6,S3,7.576,0,S3,site_s3,S3,S3,S3,86.0,0.0,0.0,23.9,1,1,1,,,0,0.0,0.0,0.0,0.0,0.0,,279.0,,0
1786377510.436,c1,search,,0.0,31.1,20.71,10.93,S3,0,,0,4474.0,obs,520,31.1,20.71,10.98,S3,31.1,20.71,10.98,S3,31.1,20.71,10.93,S3,7.576,0,S3,site_s3,S3,S3,S3,130.0,0.0,0.0,153.9,1,1,1,,,0,0.0,0.0,0.0,0.0,0.0,,279.0,,0
1786377510.436,c1,recommend,,0.0,26.76,14.03,3.92,S3,0,,0,200.0,obs,697,26.76,14.03,4.0,S3,26.76,14.03,4.0,S3,26.76,14.03,3.92,S3,7.576,0,S3,site_s3,S3,S3,S3,174.0,0.0,0.0,184.9,1,1,1,,,0,0.0,0.0,0.0,0.0,0.0,,279.0,,0
1786377510.436,c2,reserve,,0.0,26.34,13.67,3.6,S3,0,,0,36.0,obs,345,26.34,13.67,3.65,S3,26.34,13.67,3.65,S3,26.34,13.67,3.6,S3,7.576,0,S3,site_s3,S3,S3,S3,86.5,0.0,0.0,208.9,1,1,1,,,0,0.0,0.0,0.0,0.0,0.0,,279.0,,0
1786377510.436,c2,search,,0.0,31.1,20.71,10.93,S3,0,,0,4474.0,obs,520,31.1,20.71,10.98,S3,31.1,20.71,10.98,S3,31.1,20.71,10.93,S3,7.576,0,S3,site_s3,S3,S3,S3,130.0,0.0,0.0,338.9,1,1,1,,,0,0.0,0.0,0.0,0.0,0.0,,279.0,,0
1786377510.436,c2,recommend,,0.0,26.76,14.03,3.92,S3,0,,0,200.0,obs,697,26.76,14.03,4.0,S3,26.76,14.03,4.0,S3,26.76,14.03,3.92,S3,7.576,0,S3,site_s3,S3,S3,S3,174.5,0.0,0.0,370.0,1,1,1,,,0,0.0,0.0,0.0,0.0,0.0,,279.0,,0
1786377511.436,c1,reserve,,0.0,26.34,13.67,3.63,S3,0,,0,36.0,obs,346,26.34,13.67,3.65,S3,26.34,13.67,3.65,S3,26.34,13.67,3.63,S3,7.673,0,S3,site_s3,S3,S3,S3,86.5,0.0,0.0,24.0,1,1,1,,,0,0.0,0.0,0.0,0.0,0.0,,279.0,,0
1786377511.436,c1,search,,0.0,31.1,20.71,10.93,S3,0,,0,4474.0,obs,522,31.1,20.71,10.98,S3,31.1,20.71,10.98,S3,31.1,20.71,10.93,S3,7.673,0,S3,site_s3,S3,S3,S3,130.5,0.0,0.0,154.5,1,1,1,,,0,0.0,0.0,0.0,0.0,0.0,,279.0,,0
1786377511.436,c1,recommend,,0.0,26.76,14.03,3.84,S3,0,,0,200.0,obs,695,26.76,14.03,4.0,S3,26.76,14.03,4.0,S3,26.76,14.03,3.84,S3,7.673,0,S3,site_s3,S3,S3,S3,174.0,0.0,0.0,185.5,1,1,1,,,0,0.0,0.0,0.0,0.0,0.0,,279.0,,0
1786377511.436,c2,reserve,,0.0,26.34,13.67,3.63,S3,0,,0,36.0,obs,346,26.34,13.67,3.65,S3,26.34,13.67,3.65,S3,26.34,13.67,3.63,S3,7.673,0,S3,site_s3,S3,S3,S3,86.5,0.0,0.0,209.6,1,1,1,,,0,0.0,0.0,0.0,0.0,0.0,,279.0,,0
1786377511.436,c2,search,,0.0,31.1,20.71,10.93,S3,0,,0,4474.0,obs,522,31.1,20.71,10.98,S3,31.1,20.71,10.98,S3,31.1,20.71,10.93,S3,7.673,0,S3,site_s3,S3,S3,S3,130.5,0.0,0.0,340.1,1,1,1,,,0,0.0,0.0,0.0,0.0,0.0,,279.0,,0
1786377511.436,c2,recommend,,0.0,26.76,14.03,3.84,S3,0,,0,200.0,obs,695,26.76,14.03,4.0,S3,26.76,14.03,4.0,S3,26.76,14.03,3.84,S3,7.673,0,S3,site_s3,S3,S3,S3,173.5,0.0,0.0,370.9,1,1,1,,,0,0.0,0.0,0.0,0.0,0.0,,279.0,,0
1786377512.436,c1,reserve,,0.0,26.34,13.67,3.54,S3,0,,0,36.0,obs,349,26.34,13.67,3.65,S3,26.34,13.67,3.65,S3,26.34,13.67,3.54,S3,7.604,0,S3,site_s3,S3,S3,S3,87.5,0.0,0.0,24.3,1,1,1,,,0,0.0,0.0,0.0,0.0,0.0,,279.0,,0
1786377512.436,c1,search,,0.0,31.1,20.71,10.94,S3,0,,0,4474.0,obs,522,31.1,20.71,10.98,S3,31.1,20.71,10.98,S3,31.1,20.71,10.94,S3,7.604,0,S3,site_s3,S3,S3,S3,130.5,0.0,0.0,154.8,1,1,1,,,0,0.0,0.0,0.0,0.0,0.0,,279.0,,0
1786377512.436,c1,recommend,,0.0,26.76,14.03,3.79,S3,0,,0,200.0,obs,692,26.76,14.03,4.0,S3,26.76,14.03,4.0,S3,26.76,14.03,3.79,S3,7.604,0,S3,site_s3,S3,S3,S3,172.5,0.0,0.0,185.5,1,1,1,,,0,0.0,0.0,0.0,0.0,0.0,,279.0,,0
1786377512.436,c2,reserve,,0.0,26.34,13.67,3.54,S3,0,,0,36.0,obs,349,26.34,13.67,3.65,S3,26.34,13.67,3.65,S3,26.34,13.67,3.54,S3,7.604,0,S3,site_s3,S3,S3,S3,87.0,0.0,0.0,209.7,1,1,1,,,0,0.0,0.0,0.0,0.0,0.0,,279.0,,0
1786377512.436,c2,search,,0.0,31.1,20.71,10.94,S3,0,,0,4474.0,obs,522,31.1,20.71,10.98,S3,31.1,20.71,10.98,S3,31.1,20.71,10.94,S3,7.604,0,S3,site_s3,S3,S3,S3,130.5,0.0,0.0,340.2,1,1,1,,,0,0.0,0.0,0.0,0.0,0.0,,279.0,,0
1786377512.436,c2,recommend,,0.0,26.76,14.03,3.79,S3,0,,0,200.0,obs,692,26.76,14.03,4.0,S3,26.76,14.03,4.0,S3,26.76,14.03,3.79,S3,7.604,0,S3,site_s3,S3,S3,S3,173.5,0.0,0.0,371.1,1,1,1,,,0,0.0,0.0,0.0,0.0,0.0,,279.0,,0
1786377513.436,c1,reserve,,0.0,26.34,13.67,3.59,S3,0,,0,36.0,obs,350,26.34,13.67,3.65,S3,26.34,13.67,3.65,S3,26.34,13.67,3.59,S3,7.792,0,S3,site_s3,S3,S3,S3,87.5,0.0,0.0,24.3,1,1,1,,,0,0.0,0.0,0.0,0.0,0.0,,279.0,,0
1786377513.436,c1,search,,0.0,31.1,20.71,10.96,S3,0,,0,4474.0,obs,519,31.1,20.71,10.98,S3,31.1,20.71,10.98,S3,31.1,20.71,10.96,S3,7.792,0,S3,site_s3,S3,S3,S3,129.5,0.0,0.0,153.8,1,1,1,,,0,0.0,0.0,0.0,0.0,0.0,,279.0,,0
1786377513.436,c1,recommend,,0.0,26.76,14.03,3.94,S3,0,,0,200.0,obs,696,26.76,14.03,4.0,S3,26.76,14.03,4.0,S3,26.76,14.03,3.94,S3,7.792,0,S3,site_s3,S3,S3,S3,174.0,0.0,0.0,184.8,1,1,1,,,0,0.0,0.0,0.0,0.0,0.0,,279.0,,0
1786377513.436,c2,reserve,,0.0,26.34,13.67,3.59,S3,0,,0,36.0,obs,350,26.34,13.67,3.65,S3,26.34,13.67,3.65,S3,26.34,13.67,3.59,S3,7.792,0,S3,site_s3,S3,S3,S3,87.5,0.0,0.0,209.1,1,1,1,,,0,0.0,0.0,0.0,0.0,0.0,,279.0,,0
1786377513.436,c2,search,,0.0,31.1,20.71,10.96,S3,0,,0,4474.0,obs,519,31.1,20.71,10.98,S3,31.1,20.71,10.98,S3,31.1,20.71,10.96,S3,7.792,0,S3,site_s3,S3,S3,S3,130.0,0.0,0.0,339.1,1,1,1,,,0,0.0,0.0,0.0,0.0,0.0,,279.0,,0
1786377513.436,c2,recommend,,0.0,26.76,14.03,3.94,S3,0,,0,200.0,obs,696,26.76,14.03,4.0,S3,26.76,14.03,4.0,S3,26.76,14.03,3.94,S3,7.792,0,S3,site_s3,S3,S3,S3,174.0,0.0,0.0,370.1,1,1,1,,,0,0.0,0.0,0.0,0.0,0.0,,279.0,,0
1786377514.436,c1,reserve,,0.0,26.34,13.67,3.63,S3,0,,0,36.0,obs,347,26.34,13.67,3.65,S3,26.34,13.67,3.65,S3,26.34,13.67,3.63,S3,7.633,0,S3,site_s3,S3,S3,S3,86.5,0.0,0.0,24.0,1,1,1,,,0,0.0,0.0,0.0,0.0,0.0,,279.0,,0
1786377514.436,c1,search,,0.0,31.1,20.71,10.77,S3,0,,0,4474.0,obs,520,31.1,20.71,10.98,S3,31.1,20.71,10.98,S3,31.1,20.71,10.77,S3,7.633,0,S3,site_s3,S3,S3,S3,130.0,0.0,0.0,154.0,1,1,1,,,0,0.0,0.0,0.0,0.0,0.0,,279.0,,0
1786377514.436,c1,recommend,,0.0,26.76,14.03,3.98,S3,0,,0,200.0,obs,699,26.76,14.03,4.0,S3,26.76,14.03,4.0,S3,26.76,14.03,3.98,S3,7.633,0,S3,site_s3,S3,S3,S3,175.0,0.0,0.0,185.2,1,1,1,,,0,0.0,0.0,0.0,0.0,0.0,,279.0,,0
1786377514.436,c2,reserve,,0.0,26.34,13.67,3.63,S3,0,,0,36.0,obs,347,26.34,13.67,3.65,S3,26.34,13.67,3.65,S3,26.34,13.67,3.63,S3,7.633,0,S3,site_s3,S3,S3,S3,87.0,0.0,0.0,209.4,1,1,1,,,0,0.0,0.0,0.0,0.0,0.0,,279.0,,0
1786377514.436,c2,search,,0.0,31.1,20.71,10.77,S3,0,,0,4474.0,obs,520,31.1,20.71,10.98,S3,31.1,20.71,10.98,S3,31.1,20.71,10.77,S3,7.633,0,S3,site_s3,S3,S3,S3,130.0,0.0,0.0,339.4,1,1,1,,,0,0.0,0.0,0.0,0.0,0.0,,279.0,,0
1786377514.436,c2,recommend,,0.0,26.76,14.03,3.98,S3,0,,0,200.0,obs,699,26.76,14.03,4.0,S3,26.76,14.03,4.0,S3,26.76,14.03,3.98,S3,7.633,0,S3,site_s3,S3,S3,S3,174.5,0.0,0.0,370.4,1,1,1,,,0,0.0,0.0,0.0,0.0,0.0,,279.0,,0
1786377515.436,c1,reserve,,0.0,26.34,13.67,3.6,S3,0,,0,36.0,obs,346,26.34,13.67,3.65,S3,26.34,13.67,3.65,S3,26.34,13.67,3.6,S3,7.713,0,S3,site_s3,S3,S3,S3,86.5,0.0,0.0,24.0,1,1,1,,,0,0.0,0.0,0.0,0.0,0.0,,279.0,,0
1786377515.436,c1,search,,0.0,31.1,20.71,10.94,S3,0,,0,4474.0,obs,522,31.1,20.71,10.98,S3,31.1,20.71,10.98,S3,31.1,20.71,10.94,S3,7.713,0,S3,site_s3,S3,S3,S3,130.5,0.0,0.0,154.5,1,1,1,,,0,0.0,0.0,0.0,0.0,0.0,,279.0,,0
1786377515.436,c1,recommend,,0.0,26.76,14.03,4.02,S3,0,,0,200.0,obs,698,26.76,14.03,4.0,S3,26.76,14.03,4.0,S3,26.76,14.03,4.02,S3,7.713,0,S3,site_s3,S3,S3,S3,174.5,0.0,0.0,185.6,1,1,1,,,0,0.0,0.0,0.0,0.0,0.0,,279.0,,0
1786377515.436,c2,reserve,,0.0,26.34,13.67,3.6,S3,0,,0,36.0,obs,346,26.34,13.67,3.65,S3,26.34,13.67,3.65,S3,26.34,13.67,3.6,S3,7.713,0,S3,site_s3,S3,S3,S3,86.5,0.0,0.0,209.7,1,1,1,,,0,0.0,0.0,0.0,0.0,0.0,,279.0,,0
1786377515.436,c2,search,,0.0,31.1,20.71,10.94,S3,0,,0,4474.0,obs,522,31.1,20.71,10.98,S3,31.1,20.71,10.98,S3,31.1,20.71,10.94,S3,7.713,0,S3,site_s3,S3,S3,S3,130.5,0.0,0.0,340.2,1,1,1,,,0,0.0,0.0,0.0,0.0,0.0,,279.0,,0
1786377515.436,c2,recommend,,0.0,26.76,14.03,4.02,S3,0,,0,200.0,obs,698,26.76,14.03,4.0,S3,26.76,14.03,4.0,S3,26.76,14.03,4.02,S3,7.713,0,S3,site_s3,S3,S3,S3,174.5,0.0,0.0,371.2,1,1,1,,,0,0.0,0.0,0.0,0.0,0.0,,279.0,,0
1786377516.436,c1,reserve,,0.0,26.34,13.67,3.57,S3,0,,0,36.0,obs,348,26.34,13.67,3.65,S3,26.34,13.67,3.65,S3,26.34,13.67,3.57,S3,7.62,0,S3,site_s3,S3,S3,S3,87.0,0.0,0.0,24.2,1,1,1,,,0,0.0,0.0,0.0,0.0,0.0,,279.0,,0
1786377516.436,c1,search,,0.0,31.1,20.71,10.94,S3,0,,0,4474.0,obs,524,31.1,20.71,10.98,S3,31.1,20.71,10.98,S3,31.1,20.71,10.94,S3,7.62,0,S3,site_s3,S3,S3,S3,131.0,0.0,0.0,155.2,1,1,1,,,0,0.0,0.0,0.0,0.0,0.0,,279.0,,0
1786377516.436,c1,recommend,,0.0,26.76,14.03,3.99,S3,0,,0,200.0,obs,695,26.76,14.03,4.0,S3,26.76,14.03,4.0,S3,26.76,14.03,3.99,S3,7.62,0,S3,site_s3,S3,S3,S3,173.5,0.0,0.0,186.1,1,1,1,,,0,0.0,0.0,0.0,0.0,0.0,,279.0,,0
1786377516.436,c2,reserve,,0.0,26.34,13.67,3.57,S3,0,,0,36.0,obs,348,26.34,13.67,3.65,S3,26.34,13.67,3.65,S3,26.34,13.67,3.57,S3,7.62,0,S3,site_s3,S3,S3,S3,87.0,0.0,0.0,210.3,1,1,1,,,0,0.0,0.0,0.0,0.0,0.0,,279.0,,0
1786377516.436,c2,search,,0.0,31.1,20.71,10.94,S3,0,,0,4474.0,obs,524,31.1,20.71,10.98,S3,31.1,20.71,10.98,S3,31.1,20.71,10.94,S3,7.62,0,S3,site_s3,S3,S3,S3,131.0,0.0,0.0,341.3,1,1,1,,,0,0.0,0.0,0.0,0.0,0.0,,279.0,,0
1786377516.436,c2,recommend,,0.0,26.76,14.03,3.99,S3,0,,0,200.0,obs,695,26.76,14.03,4.0,S3,26.76,14.03,4.0,S3,26.76,14.03,3.99,S3,7.62,0,S3,site_s3,S3,S3,S3,174.0,0.0,0.0,372.2,1,1,1,,,0,0.0,0.0,0.0,0.0,0.0,,279.0,,0
1786377517.436,c1,reserve,,0.0,26.34,13.67,3.39,S3,0,,0,36.0,obs,352,26.34,13.67,3.65,S3,26.34,13.67,3.65,S3,26.34,13.67,3.39,S3,7.638,0,S3,site_s3,S3,S3,S3,88.0,0.0,0.0,24.5,1,1,1,,,0,0.0,0.0,0.0,0.0,0.0,,279.0,,0
1786377517.436,c1,search,,0.0,31.1,20.71,10.68,S3,0,,0,4474.0,obs,522,31.1,20.71,10.98,S3,31.1,20.71,10.98,S3,31.1,20.71,10.68,S3,7.638,0,S3,site_s3,S3,S3,S3,130.5,0.0,0.0,155.0,1,1,1,,,0,0.0,0.0,0.0,0.0,0.0,,279.0,,0
1786377517.436,c1,recommend,,0.0,26.76,14.03,3.86,S3,0,,0,200.0,obs,694,26.76,14.03,4.0,S3,26.76,14.03,4.0,S3,26.76,14.03,3.86,S3,7.638,0,S3,site_s3,S3,S3,S3,173.5,0.0,0.0,185.8,1,1,1,,,0,0.0,0.0,0.0,0.0,0.0,,279.0,,0
1786377517.436,c2,reserve,,0.0,26.34,13.67,3.39,S3,0,,0,36.0,obs,352,26.34,13.67,3.65,S3,26.34,13.67,3.65,S3,26.34,13.67,3.39,S3,7.638,0,S3,site_s3,S3,S3,S3,88.0,0.0,0.0,210.3,1,1,1,,,0,0.0,0.0,0.0,0.0,0.0,,279.0,,0
1786377517.436,c2,search,,0.0,31.1,20.71,10.68,S3,0,,0,4474.0,obs,522,31.1,20.71,10.98,S3,31.1,20.71,10.98,S3,31.1,20.71,10.68,S3,7.638,0,S3,site_s3,S3,S3,S3,130.5,0.0,0.0,340.8,1,1,1,,,0,0.0,0.0,0.0,0.0,0.0,,279.0,,0
1786377517.436,c2,recommend,,0.0,26.76,14.03,3.86,S3,0,,0,200.0,obs,694,26.76,14.03,4.0,S3,26.76,14.03,4.0,S3,26.76,14.03,3.86,S3,7.638,0,S3,site_s3,S3,S3,S3,173.5,0.0,0.0,371.7,1,1,1,,,0,0.0,0.0,0.0,0.0,0.0,,279.0,,0
1786377518.436,c1,reserve,,0.0,26.34,13.67,3.42,S3,0,,0,36.0,obs,349,26.34,13.67,3.65,S3,26.34,13.67,3.65,S3,26.34,13.67,3.42,S3,7.361,0,S3,site_s3,S3,S3,S3,87.5,0.0,0.0,24.3,1,1,1,,,0,0.0,0.0,0.0,0.0,0.0,,279.0,,0
1786377518.436,c1,search,,0.0,31.1,20.71,10.79,S3,0,,0,4474.0,obs,521,31.1,20.71,10.98,S3,31.1,20.71,10.98,S3,31.1,20.71,10.79,S3,7.361,0,S3,site_s3,S3,S3,S3,130.0,0.0,0.0,154.3,1,1,1,,,0,0.0,0.0,0.0,0.0,0.0,,279.0,,0
1786377518.436,c1,recommend,,0.0,26.76,14.03,3.89,S3,0,,0,200.0,obs,699,26.76,14.03,4.0,S3,26.76,14.03,4.0,S3,26.76,14.03,3.89,S3,7.361,0,S3,site_s3,S3,S3,S3,174.5,0.0,0.0,185.4,1,1,1,,,0,0.0,0.0,0.0,0.0,0.0,,279.0,,0
1786377518.436,c2,reserve,,0.0,26.34,13.67,3.42,S3,0,,0,36.0,obs,349,26.34,13.67,3.65,S3,26.34,13.67,3.65,S3,26.34,13.67,3.42,S3,7.361,0,S3,site_s3,S3,S3,S3,87.0,0.0,0.0,209.6,1,1,1,,,0,0.0,0.0,0.0,0.0,0.0,,279.0,,0
1786377518.436,c2,search,,0.0,31.1,20.71,10.79,S3,0,,0,4474.0,obs,521,31.1,20.71,10.98,S3,31.1,20.71,10.98,S3,31.1,20.71,10.79,S3,7.361,0,S3,site_s3,S3,S3,S3,130.5,0.0,0.0,340.1,1,1,1,,,0,0.0,0.0,0.0,0.0,0.0,,279.0,,0
1786377518.436,c2,recommend,,0.0,26.76,14.03,3.89,S3,0,,0,200.0,obs,699,26.76,14.03,4.0,S3,26.76,14.03,4.0,S3,26.76,14.03,3.89,S3,7.361,0,S3,site_s3,S3,S3,S3,175.0,0.0,0.0,371.2,1,1,1,,,0,0.0,0.0,0.0,0.0,0.0,,279.0,,0
1786377519.436,c1,reserve,,0.0,26.34,13.67,3.5,S3,0,,0,36.0,obs,345,26.34,13.67,3.65,S3,26.34,13.67,3.65,S3,26.34,13.67,3.5,S3,7.269,0,S3,site_s3,S3,S3,S3,86.0,0.0,0.0,23.9,1,1,1,,,0,0.0,0.0,0.0,0.0,0.0,,279.0,,0
1786377519.436,c1,search,,0.0,31.1,20.71,10.77,S3,0,,0,4474.0,obs,523,31.1,20.71,10.98,S3,31.1,20.71,10.98,S3,31.1,20.71,10.77,S3,7.269,0,S3,site_s3,S3,S3,S3,131.0,0.0,0.0,154.9,1,1,1,,,0,0.0,0.0,0.0,0.0,0.0,,279.0,,0
1786377519.436,c1,recommend,,0.0,26.76,14.03,3.95,S3,0,,0,200.0,obs,702,26.76,14.03,4.0,S3,26.76,14.03,4.0,S3,26.76,14.03,3.95,S3,7.269,0,S3,site_s3,S3,S3,S3,175.5,0.0,0.0,186.1,1,1,1,,,0,0.0,0.0,0.0,0.0,0.0,,279.0,,0
1786377519.436,c2,reserve,,0.0,26.34,13.67,3.5,S3,0,,0,36.0,obs,345,26.34,13.67,3.65,S3,26.34,13.67,3.65,S3,26.34,13.67,3.5,S3,7.269,0,S3,site_s3,S3,S3,S3,86.5,0.0,0.0,210.2,1,1,1,,,0,0.0,0.0,0.0,0.0,0.0,,279.0,,0
1786377519.436,c2,search,,0.0,31.1,20.71,10.77,S3,0,,0,4474.0,obs,523,31.1,20.71,10.98,S3,31.1,20.71,10.98,S3,31.1,20.71,10.77,S3,7.269,0,S3,site_s3,S3,S3,S3,130.5,0.0,0.0,340.7,1,1,1,,,0,0.0,0.0,0.0,0.0,0.0,,279.0,,0
1786377519.436,c2,recommend,,0.0,26.76,14.03,3.95,S3,0,,0,200.0,obs,702,26.76,14.03,4.0,S3,26.76,14.03,4.0,S3,26.76,14.03,3.95,S3,7.269,0,S3,site_s3,S3,S3,S3,175.5,0.0,0.0,371.9,1,1,1,,,0,0.0,0.0,0.0,0.0,0.0,,279.0,,0
1786377520.436,c1,reserve,,0.0,26.34,13.67,3.51,S3,0,,0,36.0,obs,347,26.34,13.67,3.65,S3,26.34,13.67,3.65,S3,26.34,13.67,3.51,S3,7.721,0,S3,site_s3,S3,S3,S3,86.5,0.0,0.0,24.0,1,1,1,,,0,0.0,0.0,0.0,0.0,0.0,,279.0,,0
1786377520.436,c1,search,,0.0,31.1,20.71,10.75,S3,0,,0,4474.0,obs,526,31.1,20.71,10.98,S3,31.1,20.71,10.98,S3,31.1,20.71,10.75,S3,7.721,0,S3,site_s3,S3,S3,S3,131.5,0.0,0.0,155.5,1,1,1,,,0,0.0,0.0,0.0,0.0,0.0,,279.0,,0
1786377520.436,c1,recommend,,0.0,26.76,14.03,3.98,S3,0,,0,200.0,obs,699,26.76,14.03,4.0,S3,26.76,14.03,4.0,S3,26.76,14.03,3.98,S3,7.721,0,S3,site_s3,S3,S3,S3,175.0,0.0,0.0,186.7,1,1,1,,,0,0.0,0.0,0.0,0.0,0.0,,279.0,,0
1786377520.436,c2,reserve,,0.0,26.34,13.67,3.51,S3,0,,0,36.0,obs,347,26.34,13.67,3.65,S3,26.34,13.67,3.65,S3,26.34,13.67,3.51,S3,7.721,0,S3,site_s3,S3,S3,S3,87.0,0.0,0.0,210.9,1,1,1,,,0,0.0,0.0,0.0,0.0,0.0,,279.0,,0
1786377520.436,c2,search,,0.0,31.1,20.71,10.75,S3,0,,0,4474.0,obs,526,31.1,20.71,10.98,S3,31.1,20.71,10.98,S3,31.1,20.71,10.75,S3,7.721,0,S3,site_s3,S3,S3,S3,131.5,0.0,0.0,342.4,1,1,1,,,0,0.0,0.0,0.0,0.0,0.0,,279.0,,0
1786377520.436,c2,recommend,,0.0,26.76,14.03,3.98,S3,0,,0,200.0,obs,699,26.76,14.03,4.0,S3,26.76,14.03,4.0,S3,26.76,14.03,3.98,S3,7.721,0,S3,site_s3,S3,S3,S3,174.5,0.0,0.0,373.4,1,1,1,,,0,0.0,0.0,0.0,0.0,0.0,,279.0,,0
1786377521.436,c1,reserve,,0.0,26.34,13.67,3.53,S3,0,,0,36.0,obs,352,26.34,13.67,3.65,S3,26.34,13.67,3.65,S3,26.34,13.67,3.53,S3,7.276,0,S3,site_s3,S3,S3,S3,88.0,0.0,0.0,24.5,1,1,1,,,0,0.0,0.0,0.0,0.0,0.0,,279.0,,0
1786377521.436,c1,search,,0.0,31.1,20.71,10.78,S3,0,,0,4474.0,obs,525,31.1,20.71,10.98,S3,31.1,20.71,10.98,S3,31.1,20.71,10.78,S3,7.276,0,S3,site_s3,S3,S3,S3,131.5,0.0,0.0,156.0,1,1,1,,,0,0.0,0.0,0.0,0.0,0.0,,279.0,,0
1786377521.436,c1,recommend,,0.0,26.76,14.03,3.98,S3,0,,0,200.0,obs,695,26.76,14.03,4.0,S3,26.76,14.03,4.0,S3,26.76,14.03,3.98,S3,7.276,0,S3,site_s3,S3,S3,S3,173.5,0.0,0.0,186.8,1,1,1,,,0,0.0,0.0,0.0,0.0,0.0,,279.0,,0
1786377521.436,c2,reserve,,0.0,26.34,13.67,3.53,S3,0,,0,36.0,obs,352,26.34,13.67,3.65,S3,26.34,13.67,3.65,S3,26.34,13.67,3.53,S3,7.276,0,S3,site_s3,S3,S3,S3,88.0,0.0,0.0,211.3,1,1,1,,,0,0.0,0.0,0.0,0.0,0.0,,279.0,,0
1786377521.436,c2,search,,0.0,31.1,20.71,10.78,S3,0,,0,4474.0,obs,525,31.1,20.71,10.98,S3,31.1,20.71,10.98,S3,31.1,20.71,10.78,S3,7.276,0,S3,site_s3,S3,S3,S3,131.0,0.0,0.0,342.3,1,1,1,,,0,0.0,0.0,0.0,0.0,0.0,,279.0,,0
1786377521.436,c2,recommend,,0.0,26.76,14.03,3.98,S3,0,,0,200.0,obs,695,26.76,14.03,4.0,S3,26.76,14.03,4.0,S3,26.76,14.03,3.98,S3,7.276,0,S3,site_s3,S3,S3,S3,174.0,0.0,0.0,373.3,1,1,1,,,0,0.0,0.0,0.0,0.0,0.0,,279.0,,0
1786377522.436,c1,reserve,,0.0,26.34,13.67,3.65,S3,0,,0,36.0,obs,353,26.34,13.67,3.65,S3,26.34,13.67,3.65,S3,26.34,13.67,3.65,S3,7.316,0,S3,site_s3,S3,S3,S3,88.5,0.0,0.0,24.6,1,1,1,,,0,0.0,0.0,0.0,0.0,0.0,,279.0,,0
1786377522.436,c1,search,,0.0,31.1,20.71,10.7,S3,0,,0,4474.0,obs,520,31.1,20.71,10.98,S3,31.1,20.71,10.98,S3,31.1,20.71,10.7,S3,7.316,0,S3,site_s3,S3,S3,S3,130.0,0.0,0.0,154.6,1,1,1,,,0,0.0,0.0,0.0,0.0,0.0,,279.0,,0
1786377522.436,c1,recommend,,0.0,26.76,14.03,3.94,S3,0,,0,200.0,obs,698,26.76,14.03,4.0,S3,26.76,14.03,4.0,S3,26.76,14.03,3.94,S3,7.316,0,S3,site_s3,S3,S3,S3,174.5,0.0,0.0,185.7,1,1,1,,,0,0.0,0.0,0.0,0.0,0.0,,279.0,,0
1786377522.436,c2,reserve,,0.0,26.34,13.67,3.65,S3,0,,0,36.0,obs,353,26.34,13.67,3.65,S3,26.34,13.67,3.65,S3,26.34,13.67,3.65,S3,7.316,0,S3,site_s3,S3,S3,S3,88.0,0.0,0.0,210.1,1,1,1,,,0,0.0,0.0,0.0,0.0,0.0,,279.0,,0
1786377522.436,c2,search,,0.0,31.1,20.71,10.7,S3,0,,0,4474.0,obs,520,31.1,20.71,10.98,S3,31.1,20.71,10.98,S3,31.1,20.71,10.7,S3,7.316,0,S3,site_s3,S3,S3,S3,130.0,0.0,0.0,340.1,1,1,1,,,0,0.0,0.0,0.0,0.0,0.0,,279.0,,0
1786377522.436,c2,recommend,,0.0,26.76,14.03,3.94,S3,0,,0,200.0,obs,698,26.76,14.03,4.0,S3,26.76,14.03,4.0,S3,26.76,14.03,3.94,S3,7.316,0,S3,site_s3,S3,S3,S3,174.5,0.0,0.0,371.2,1,1,1,,,0,0.0,0.0,0.0,0.0,0.0,,279.0,,0
1786377523.436,c1,reserve,,0.0,26.34,13.67,3.65,S3,0,,0,36.0,obs,349,26.34,13.67,3.65,S3,26.34,13.67,3.65,S3,26.34,13.67,3.65,S3,7.604,0,S3,site_s3,S3,S3,S3,87.0,0.0,0.0,24.2,1,1,1,,,0,0.0,0.0,0.0,0.0,0.0,,279.0,,0
1786377523.436,c1,search,,0.0,31.1,20.71,10.8,S3,0,,0,4474.0,obs,521,31.1,20.71,10.98,S3,31.1,20.71,10.98,S3,31.1,20.71,10.8,S3,7.604,0,S3,site_s3,S3,S3,S3,130.0,0.0,0.0,154.2,1,1,1,,,0,0.0,0.0,0.0,0.0,0.0,,279.0,,0
1786377523.436,c1,recommend,,0.0,26.76,14.03,3.98,S3,0,,0,200.0,obs,702,26.76,14.03,4.0,S3,26.76,14.03,4.0,S3,26.76,14.03,3.98,S3,7.604,0,S3,site_s3,S3,S3,S3,175.5,0.0,0.0,185.4,1,1,1,,,0,0.0,0.0,0.0,0.0,0.0,,279.0,,0
1786377523.436,c2,reserve,,0.0,26.34,13.67,3.65,S3,0,,0,36.0,obs,349,26.34,13.67,3.65,S3,26.34,13.67,3.65,S3,26.34,13.67,3.65,S3,7.604,0,S3,site_s3,S3,S3,S3,87.5,0.0,0.0,209.8,1,1,1,,,0,0.0,0.0,0.0,0.0,0.0,,279.0,,0
1786377523.436,c2,search,,0.0,31.1,20.71,10.8,S3,0,,0,4474.0,obs,521,31.1,20.71,10.98,S3,31.1,20.71,10.98,S3,31.1,20.71,10.8,S3,7.604,0,S3,site_s3,S3,S3,S3,130.5,0.0,0.0,340.2,1,1,1,,,0,0.0,0.0,0.0,0.0,0.0,,279.0,,0
1786377523.436,c2,recommend,,0.0,26.76,14.03,3.98,S3,0,,0,200.0,obs,702,26.76,14.03,4.0,S3,26.76,14.03,4.0,S3,26.76,14.03,3.98,S3,7.604,0,S3,site_s3,S3,S3,S3,175.5,0.0,0.0,371.5,1,1,1,,,0,0.0,0.0,0.0,0.0,0.0,,279.0,,0
1786377524.436,c1,reserve,,0.0,26.34,13.67,3.63,S3,0,,0,36.0,obs,347,26.34,13.67,3.65,S3,26.34,13.67,3.65,S3,26.34,13.67,3.63,S3,7.683,0,S3,site_s3,S3,S3,S3,87.0,0.0,0.0,24.2,1,1,1,,,0,0.0,0.0,0.0,0.0,0.0,,279.0,,0
1786377524.436,c1,search,,0.0,31.1,20.71,10.96,S3,0,,0,4474.0,obs,525,31.1,20.71,10.98,S3,31.1,20.71,10.98,S3,31.1,20.71,10.96,S3,7.683,0,S3,site_s3,S3,S3,S3,131.0,0.0,0.0,155.2,1,1,1,,,0,0.0,0.0,0.0,0.0,0.0,,279.0,,0
1786377524.436,c1,recommend,,0.0,26.76,14.03,3.96,S3,0,,0,200.0,obs,702,26.76,14.03,4.0,S3,26.76,14.03,4.0,S3,26.76,14.03,3.96,S3,7.683,0,S3,site_s3,S3,S3,S3,175.5,0.0,0.0,186.4,1,1,1,,,0,0.0,0.0,0.0,0.0,0.0,,279.0,,0
1786377524.436,c2,reserve,,0.0,26.34,13.67,3.63,S3,0,,0,36.0,obs,347,26.34,13.67,3.65,S3,26.34,13.67,3.65,S3,26.34,13.67,3.63,S3,7.683,0,S3,site_s3,S3,S3,S3,86.5,0.0,0.0,210.5,1,1,1,,,0,0.0,0.0,0.0,0.0,0.0,,279.0,,0
1786377524.436,c2,search,,0.0,31.1,20.71,10.96,S3,0,,0,4474.0,obs,525,31.1,20.71,10.98,S3,31.1,20.71,10.98,S3,31.1,20.71,10.96,S3,7.683,0,S3,site_s3,S3,S3,S3,131.5,0.0,0.0,342.0,1,1,1,,,0,0.0,0.0,0.0,0.0,0.0,,279.0,,0
1786377524.436,c2,recommend,,0.0,26.76,14.03,3.96,S3,0,,0,200.0,obs,702,26.76,14.03,4.0,S3,26.76,14.03,4.0,S3,26.76,14.03,3.96,S3,7.683,0,S3,site_s3,S3,S3,S3,175.5,0.0,0.0,373.2,1,1,1,,,0,0.0,0.0,0.0,0.0,0.0,,279.0,,0
1786377525.436,c1,reserve,,0.0,26.34,13.67,3.54,S3,0,,0,36.0,obs,349,26.34,13.67,3.65,S3,26.34,13.67,3.65,S3,26.34,13.67,3.54,S3,7.627,0,S3,site_s3,S3,S3,S3,87.0,0.0,0.0,24.2,1,1,1,,,0,0.0,0.0,0.0,0.0,0.0,,279.0,,0
1786377525.436,c1,search,,0.0,31.1,20.71,10.89,S3,0,,0,4474.0,obs,527,31.1,20.71,10.98,S3,31.1,20.71,10.98,S3,31.1,20.71,10.89,S3,7.627,0,S3,site_s3,S3,S3,S3,132.0,0.0,0.0,156.2,1,1,1,,,0,0.0,0.0,0.0,0.0,0.0,,279.0,,0
1786377525.436,c1,recommend,,0.0,26.76,14.03,3.9,S3,0,,0,200.0,obs,698,26.76,14.03,4.0,S3,26.76,14.03,4.0,S3,26.76,14.03,3.9,S3,7.627,0,S3,site_s3,S3,S3,S3,174.5,0.0,0.0,187.2,1,1,1,,,0,0.0,0.0,0.0,0.0,0.0,,279.0,,0
1786377525.436,c2,reserve,,0.0,26.34,13.67,3.54,S3,0,,0,36.0,obs,349,26.34,13.67,3.65,S3,26.34,13.67,3.65,S3,26.34,13.67,3.54,S3,7.627,0,S3,site_s3,S3,S3,S3,87.5,0.0,0.0,211.6,1,1,1,,,0,0.0,0.0,0.0,0.0,0.0,,279.0,,0
1786377525.436,c2,search,,0.0,31.1,20.71,10.89,S3,0,,0,4474.0,obs,527,31.1,20.71,10.98,S3,31.1,20.71,10.98,S3,31.1,20.71,10.89,S3,7.627,0,S3,site_s3,S3,S3,S3,131.5,0.0,0.0,343.1,1,1,1,,,0,0.0,0.0,0.0,0.0,0.0,,279.0,,0
1786377525.436,c2,recommend,,0.0,26.76,14.03,3.9,S3,0,,0,200.0,obs,698,26.76,14.03,4.0,S3,26.76,14.03,4.0,S3,26.76,14.03,3.9,S3,7.627,0,S3,site_s3,S3,S3,S3,174.5,0.0,0.0,374.1,1,1,1,,,0,0.0,0.0,0.0,0.0,0.0,,279.0,,0
1786377526.436,c1,reserve,,0.0,26.34,13.67,3.49,S3,0,,0,36.0,obs,354,26.34,13.67,3.65,S3,26.34,13.67,3.65,S3,26.34,13.67,3.49,S3,7.526,0,S3,site_s3,S3,S3,S3,88.5,0.0,0.0,24.6,1,1,1,,,0,0.0,0.0,0.0,0.0,0.0,,279.0,,0
1786377526.436,c1,search,,0.0,31.1,20.71,10.87,S3,0,,0,4474.0,obs,524,31.1,20.71,10.98,S3,31.1,20.71,10.98,S3,31.1,20.71,10.87,S3,7.526,0,S3,site_s3,S3,S3,S3,131.0,0.0,0.0,155.6,1,1,1,,,0,0.0,0.0,0.0,0.0,0.0,,279.0,,0
1786377526.436,c1,recommend,,0.0,26.76,14.03,3.95,S3,0,,0,200.0,obs,696,26.76,14.03,4.0,S3,26.76,14.03,4.0,S3,26.76,14.03,3.95,S3,7.526,0,S3,site_s3,S3,S3,S3,174.0,0.0,0.0,186.6,1,1,1,,,0,0.0,0.0,0.0,0.0,0.0,,279.0,,0
1786377526.436,c2,reserve,,0.0,26.34,13.67,3.49,S3,0,,0,36.0,obs,354,26.34,13.67,3.65,S3,26.34,13.67,3.65,S3,26.34,13.67,3.49,S3,7.526,0,S3,site_s3,S3,S3,S3,88.5,0.0,0.0,211.2,1,1,1,,,0,0.0,0.0,0.0,0.0,0.0,,279.0,,0
1786377526.436,c2,search,,0.0,31.1,20.71,10.87,S3,0,,0,4474.0,obs,524,31.1,20.71,10.98,S3,31.1,20.71,10.98,S3,31.1,20.71,10.87,S3,7.526,0,S3,site_s3,S3,S3,S3,131.0,0.0,0.0,342.2,1,1,1,,,0,0.0,0.0,0.0,0.0,0.0,,279.0,,0
1786377526.436,c2,recommend,,0.0,26.76,14.03,3.95,S3,0,,0,200.0,obs,696,26.76,14.03,4.0,S3,26.76,14.03,4.0,S3,26.76,14.03,3.95,S3,7.526,0,S3,site_s3,S3,S3,S3,174.0,0.0,0.0,373.1,1,1,1,,,0,0.0,0.0,0.0,0.0,0.0,,279.0,,0
1786377527.436,c1,reserve,,0.0,26.34,13.67,3.49,S3,0,,0,36.0,obs,352,26.34,13.67,3.65,S3,26.34,13.67,3.65,S3,26.34,13.67,3.49,S3,7.693,0,S3,site_s3,S3,S3,S3,88.0,0.0,0.0,24.5,1,1,1,,,0,0.0,0.0,0.0,0.0,0.0,,279.0,,0
1786377527.436,c1,search,,0.0,31.1,20.71,10.86,S3,0,,0,4474.0,obs,523,31.1,20.71,10.98,S3,31.1,20.71,10.98,S3,31.1,20.71,10.86,S3,7.693,0,S3,site_s3,S3,S3,S3,130.5,0.0,0.0,155.0,1,1,1,,,0,0.0,0.0,0.0,0.0,0.0,,279.0,,0
1786377527.436,c1,recommend,,0.0,26.76,14.03,3.96,S3,0,,0,200.0,obs,701,26.76,14.03,4.0,S3,26.76,14.03,4.0,S3,26.76,14.03,3.96,S3,7.693,0,S3,site_s3,S3,S3,S3,175.0,0.0,0.0,186.1,1,1,1,,,0,0.0,0.0,0.0,0.0,0.0,,279.0,,0
1786377527.436,c2,reserve,,0.0,26.34,13.67,3.49,S3,0,,0,36.0,obs,352,26.34,13.67,3.65,S3,26.34,13.67,3.65,S3,26.34,13.67,3.49,S3,7.693,0,S3,site_s3,S3,S3,S3,88.0,0.0,0.0,210.6,1,1,1,,,0,0.0,0.0,0.0,0.0,0.0,,279.0,,0
1786377527.436,c2,search,,0.0,31.1,20.71,10.86,S3,0,,0,4474.0,obs,523,31.1,20.71,10.98,S3,31.1,20.71,10.98,S3,31.1,20.71,10.86,S3,7.693,0,S3,site_s3,S3,S3,S3,131.0,0.0,0.0,341.6,1,1,1,,,0,0.0,0.0,0.0,0.0,0.0,,279.0,,0
1786377527.436,c2,recommend,,0.0,26.76,14.03,3.96,S3,0,,0,200.0,obs,701,26.76,14.03,4.0,S3,26.76,14.03,4.0,S3,26.76,14.03,3.96,S3,7.693,0,S3,site_s3,S3,S3,S3,175.5,0.0,0.0,372.8,1,1,1,,,0,0.0,0.0,0.0,0.0,0.0,,279.0,,0
1786377528.436,c1,reserve,,0.0,26.34,13.67,3.53,S3,0,,0,36.0,obs,348,26.34,13.67,3.65,S3,26.34,13.67,3.65,S3,26.34,13.67,3.53,S3,7.29,0,S3,site_s3,S3,S3,S3,87.0,0.0,0.0,24.2,1,1,1,,,0,0.0,0.0,0.0,0.0,0.0,,279.0,,0
1786377528.436,c1,search,,0.0,31.1,20.71,10.82,S3,0,,0,4474.0,obs,525,31.1,20.71,10.98,S3,31.1,20.71,10.98,S3,31.1,20.71,10.82,S3,7.29,0,S3,site_s3,S3,S3,S3,131.5,0.0,0.0,155.7,1,1,1,,,0,0.0,0.0,0.0,0.0,0.0,,279.0,,0
1786377528.436,c1,recommend,,0.0,26.76,14.03,3.87,S3,0,,0,200.0,obs,704,26.76,14.03,4.0,S3,26.76,14.03,4.0,S3,26.76,14.03,3.87,S3,7.29,0,S3,site_s3,S3,S3,S3,176.0,0.0,0.0,187.0,1,1,1,,,0,0.0,0.0,0.0,0.0,0.0,,279.0,,0
1786377528.436,c2,reserve,,0.0,26.34,13.67,3.53,S3,0,,0,36.0,obs,348,26.34,13.67,3.65,S3,26.34,13.67,3.65,S3,26.34,13.67,3.53,S3,7.29,0,S3,site_s3,S3,S3,S3,87.0,0.0,0.0,211.2,1,1,1,,,0,0.0,0.0,0.0,0.0,0.0,,279.0,,0
1786377528.436,c2,search,,0.0,31.1,20.71,10.82,S3,0,,0,4474.0,obs,525,31.1,20.71,10.98,S3,31.1,20.71,10.98,S3,31.1,20.71,10.82,S3,7.29,0,S3,site_s3,S3,S3,S3,131.0,0.0,0.0,342.2,1,1,1,,,0,0.0,0.0,0.0,0.0,0.0,,279.0,,0
1786377528.436,c2,recommend,,0.0,26.76,14.03,3.87,S3,0,,0,200.0,obs,704,26.76,14.03,4.0,S3,26.76,14.03,4.0,S3,26.76,14.03,3.87,S3,7.29,0,S3,site_s3,S3,S3,S3,176.0,0.0,0.0,373.5,1,1,1,,,0,0.0,0.0,0.0,0.0,0.0,,279.0,,0
1786377529.436,c1,reserve,,0.0,26.34,13.67,3.58,S3,0,,0,36.0,obs,332,26.34,13.67,3.65,S3,26.34,13.67,3.65,S3,26.34,13.67,3.58,S3,7.04,0,S3,site_s3,S3,S3,S3,83.0,0.0,0.0,23.1,1,1,1,,,0,0.0,0.0,0.0,0.0,0.0,,279.0,,0
1786377529.436,c1,search,,0.0,31.1,20.71,10.89,S3,0,,0,4474.0,obs,501,31.1,20.71,10.98,S3,31.1,20.71,10.98,S3,31.1,20.71,10.89,S3,7.04,0,S3,site_s3,S3,S3,S3,125.0,0.0,0.0,148.1,1,1,1,,,0,0.0,0.0,0.0,0.0,0.0,,279.0,,0
1786377529.436,c1,recommend,,0.0,26.76,14.03,3.83,S3,0,,0,200.0,obs,666,26.76,14.03,4.0,S3,26.76,14.03,4.0,S3,26.76,14.03,3.83,S3,7.04,0,S3,site_s3,S3,S3,S3,166.5,0.0,0.0,177.7,1,1,1,,,0,0.0,0.0,0.0,0.0,0.0,,279.0,,0
1786377529.436,c2,reserve,,0.0,26.34,13.67,3.58,S3,0,,0,36.0,obs,332,26.34,13.67,3.65,S3,26.34,13.67,3.65,S3,26.34,13.67,3.58,S3,7.04,0,S3,site_s3,S3,S3,S3,83.0,0.0,0.0,200.8,1,1,1,,,0,0.0,0.0,0.0,0.0,0.0,,279.0,,0
1786377529.436,c2,search,,0.0,31.1,20.71,10.89,S3,0,,0,4474.0,obs,501,31.1,20.71,10.98,S3,31.1,20.71,10.98,S3,31.1,20.71,10.89,S3,7.04,0,S3,site_s3,S3,S3,S3,125.5,0.0,0.0,326.3,1,1,1,,,0,0.0,0.0,0.0,0.0,0.0,,279.0,,0
1786377529.436,c2,recommend,,0.0,26.76,14.03,3.83,S3,0,,0,200.0,obs,666,26.76,14.03,4.0,S3,26.76,14.03,4.0,S3,26.76,14.03,3.83,S3,7.04,0,S3,site_s3,S3,S3,S3,166.5,0.0,0.0,355.9,1,1,1,,,0,0.0,0.0,0.0,0.0,0.0,,279.0,,0
1786377530.436,c1,reserve,,0.0,26.34,13.67,3.51,S3,0,,0,36.0,obs,336,26.34,13.67,3.65,S3,26.34,13.67,3.65,S3,26.34,13.67,3.51,S3,7.583,0,S3,site_s3,S3,S3,S3,84.0,0.0,0.0,23.4,1,1,1,,,0,0.0,0.0,0.0,0.0,0.0,,279.0,,0
1786377530.436,c1,search,,0.0,31.1,20.71,10.92,S3,0,,0,4474.0,obs,499,31.1,20.71,10.98,S3,31.1,20.71,10.98,S3,31.1,20.71,10.92,S3,7.583,0,S3,site_s3,S3,S3,S3,125.0,0.0,0.0,148.4,1,1,1,,,0,0.0,0.0,0.0,0.0,0.0,,279.0,,0
1786377530.436,c1,recommend,,0.0,26.76,14.03,3.82,S3,0,,0,200.0,obs,664,26.76,14.03,4.0,S3,26.76,14.03,4.0,S3,26.76,14.03,3.82,S3,7.583,0,S3,site_s3,S3,S3,S3,166.0,0.0,0.0,177.9,1,1,1,,,0,0.0,0.0,0.0,0.0,0.0,,279.0,,0
1786377530.436,c2,reserve,,0.0,26.34,13.67,3.51,S3,0,,0,36.0,obs,336,26.34,13.67,3.65,S3,26.34,13.67,3.65,S3,26.34,13.67,3.51,S3,7.583,0,S3,site_s3,S3,S3,S3,84.0,0.0,0.0,201.3,1,1,1,,,0,0.0,0.0,0.0,0.0,0.0,,279.0,,0
1786377530.436,c2,search,,0.0,31.1,20.71,10.92,S3,0,,0,4474.0,obs,499,31.1,20.71,10.98,S3,31.1,20.71,10.98,S3,31.1,20.71,10.92,S3,7.583,0,S3,site_s3,S3,S3,S3,124.5,0.0,0.0,325.8,1,1,1,,,0,0.0,0.0,0.0,0.0,0.0,,279.0,,0
1786377530.436,c2,recommend,,0.0,26.76,14.03,3.82,S3,0,,0,200.0,obs,664,26.76,14.03,4.0,S3,26.76,14.03,4.0,S3,26.76,14.03,3.82,S3,7.583,0,S3,site_s3,S3,S3,S3,166.0,0.0,0.0,355.3,1,1,1,,,0,0.0,0.0,0.0,0.0,0.0,,279.0,,0
1786377531.436,c1,reserve,,0.0,26.34,13.67,3.5,S3,0,,0,36.0,obs,334,26.34,13.67,3.65,S3,26.34,13.67,3.65,S3,26.34,13.67,3.5,S3,7.754,0,S3,site_s3,S3,S3,S3,83.5,0.0,0.0,23.2,1,1,1,,,0,0.0,0.0,0.0,0.0,0.0,,279.0,,0
1786377531.436,c1,search,,0.0,31.1,20.71,10.92,S3,0,,0,4474.0,obs,497,31.1,20.71,10.98,S3,31.1,20.71,10.98,S3,31.1,20.71,10.92,S3,7.754,0,S3,site_s3,S3,S3,S3,124.0,0.0,0.0,147.2,1,1,1,,,0,0.0,0.0,0.0,0.0,0.0,,279.0,,0
1786377531.436,c1,recommend,,0.0,26.76,14.03,3.87,S3,0,,0,200.0,obs,669,26.76,14.03,4.0,S3,26.76,14.03,4.0,S3,26.76,14.03,3.87,S3,7.754,0,S3,site_s3,S3,S3,S3,167.0,0.0,0.0,176.9,1,1,1,,,0,0.0,0.0,0.0,0.0,0.0,,279.0,,0
1786377531.436,c2,reserve,,0.0,26.34,13.67,3.5,S3,0,,0,36.0,obs,334,26.34,13.67,3.65,S3,26.34,13.67,3.65,S3,26.34,13.67,3.5,S3,7.754,0,S3,site_s3,S3,S3,S3,83.5,0.0,0.0,200.2,1,1,1,,,0,0.0,0.0,0.0,0.0,0.0,,279.0,,0
1786377531.436,c2,search,,0.0,31.1,20.71,10.92,S3,0,,0,4474.0,obs,497,31.1,20.71,10.98,S3,31.1,20.71,10.98,S3,31.1,20.71,10.92,S3,7.754,0,S3,site_s3,S3,S3,S3,124.5,0.0,0.0,324.7,1,1,1,,,0,0.0,0.0,0.0,0.0,0.0,,279.0,,0
1786377531.436,c2,recommend,,0.0,26.76,14.03,3.87,S3,0,,0,200.0,obs,669,26.76,14.03,4.0,S3,26.76,14.03,4.0,S3,26.76,14.03,3.87,S3,7.754,0,S3,site_s3,S3,S3,S3,167.5,0.0,0.0,354.5,1,1,1,,,0,0.0,0.0,0.0,0.0,0.0,,279.0,,0
1786377532.436,c1,reserve,,0.0,26.34,13.67,3.61,S3,0,,0,36.0,obs,333,26.34,13.67,3.65,S3,26.34,13.67,3.65,S3,26.34,13.67,3.61,S3,7.239,0,S3,site_s3,S3,S3,S3,83.0,0.0,0.0,23.1,1,1,1,,,0,0.0,0.0,0.0,0.0,0.0,,279.0,,0
1786377532.436,c1,search,,0.0,31.1,20.71,10.97,S3,0,,0,4474.0,obs,500,31.1,20.71,10.98,S3,31.1,20.71,10.98,S3,31.1,20.71,10.97,S3,7.239,0,S3,site_s3,S3,S3,S3,125.0,0.0,0.0,148.1,1,1,1,,,0,0.0,0.0,0.0,0.0,0.0,,279.0,,0
1786377532.436,c1,recommend,,0.0,26.76,14.03,3.96,S3,0,,0,200.0,obs,669,26.76,14.03,4.0,S3,26.76,14.03,4.0,S3,26.76,14.03,3.96,S3,7.239,0,S3,site_s3,S3,S3,S3,167.5,0.0,0.0,177.9,1,1,1,,,0,0.0,0.0,0.0,0.0,0.0,,279.0,,0
1786377532.436,c2,reserve,,0.0,26.34,13.67,3.61,S3,0,,0,36.0,obs,333,26.34,13.67,3.65,S3,26.34,13.67,3.65,S3,26.34,13.67,3.61,S3,7.239,0,S3,site_s3,S3,S3,S3,83.5,0.0,0.0,201.1,1,1,1,,,0,0.0,0.0,0.0,0.0,0.0,,279.0,,0
1786377532.436,c2,search,,0.0,31.1,20.71,10.97,S3,0,,0,4474.0,obs,500,31.1,20.71,10.98,S3,31.1,20.71,10.98,S3,31.1,20.71,10.97,S3,7.239,0,S3,site_s3,S3,S3,S3,125.0,0.0,0.0,326.1,1,1,1,,,0,0.0,0.0,0.0,0.0,0.0,,279.0,,0
1786377532.436,c2,recommend,,0.0,26.76,14.03,3.96,S3,0,,0,200.0,obs,669,26.76,14.03,4.0,S3,26.76,14.03,4.0,S3,26.76,14.03,3.96,S3,7.239,0,S3,site_s3,S3,S3,S3,167.0,0.0,0.0,355.8,1,1,1,,,0,0.0,0.0,0.0,0.0,0.0,,279.0,,0
1786377533.436,c1,reserve,,0.0,26.34,13.67,3.57,S3,0,,0,36.0,obs,333,26.34,13.67,3.65,S3,26.34,13.67,3.65,S3,26.34,13.67,3.57,S3,7.708,0,S3,site_s3,S3,S3,S3,83.5,0.0,0.0,23.2,1,1,1,,,0,0.0,0.0,0.0,0.0,0.0,,279.0,,0
1786377533.436,c1,search,,0.0,31.1,20.71,10.82,S3,0,,0,4474.0,obs,501,31.1,20.71,10.98,S3,31.1,20.71,10.98,S3,31.1,20.71,10.82,S3,7.708,0,S3,site_s3,S3,S3,S3,125.0,0.0,0.0,148.2,1,1,1,,,0,0.0,0.0,0.0,0.0,0.0,,279.0,,0
1786377533.436,c1,recommend,,0.0,26.76,14.03,3.86,S3,0,,0,200.0,obs,669,26.76,14.03,4.0,S3,26.76,14.03,4.0,S3,26.76,14.03,3.86,S3,7.708,0,S3,site_s3,S3,S3,S3,167.0,0.0,0.0,177.9,1,1,1,,,0,0.0,0.0,0.0,0.0,0.0,,279.0,,0
1786377533.436,c2,reserve,,0.0,26.34,13.67,3.57,S3,0,,0,36.0,obs,333,26.34,13.67,3.65,S3,26.34,13.67,3.65,S3,26.34,13.67,3.57,S3,7.708,0,S3,site_s3,S3,S3,S3,83.0,0.0,0.0,201.0,1,1,1,,,0,0.0,0.0,0.0,0.0,0.0,,279.0,,0
1786377533.436,c2,search,,0.0,31.1,20.71,10.82,S3,0,,0,4474.0,obs,501,31.1,20.71,10.98,S3,31.1,20.71,10.98,S3,31.1,20.71,10.82,S3,7.708,0,S3,site_s3,S3,S3,S3,125.5,0.0,0.0,326.5,1,1,1,,,0,0.0,0.0,0.0,0.0,0.0,,279.0,,0
1786377533.436,c2,recommend,,0.0,26.76,14.03,3.86,S3,0,,0,200.0,obs,669,26.76,14.03,4.0,S3,26.76,14.03,4.0,S3,26.76,14.03,3.86,S3,7.708,0,S3,site_s3,S3,S3,S3,167.5,0.0,0.0,356.3,1,1,1,,,0,0.0,0.0,0.0,0.0,0.0,,279.0,,0
1786377534.436,c1,reserve,,0.0,26.34,13.67,3.51,S3,0,,0,36.0,obs,335,26.34,13.67,3.65,S3,26.34,13.67,3.65,S3,26.34,13.67,3.51,S3,7.281,0,S3,site_s3,S3,S3,S3,83.5,0.0,0.0,23.2,1,1,1,,,0,0.0,0.0,0.0,0.0,0.0,,279.0,,0
1786377534.436,c1,search,,0.0,31.1,20.71,10.84,S3,0,,0,4474.0,obs,503,31.1,20.71,10.98,S3,31.1,20.71,10.98,S3,31.1,20.71,10.84,S3,7.281,0,S3,site_s3,S3,S3,S3,126.0,0.0,0.0,149.2,1,1,1,,,0,0.0,0.0,0.0,0.0,0.0,,279.0,,0
1786377534.436,c1,recommend,,0.0,26.76,14.03,3.88,S3,0,,0,200.0,obs,666,26.76,14.03,4.0,S3,26.76,14.03,4.0,S3,26.76,14.03,3.88,S3,7.281,0,S3,site_s3,S3,S3,S3,166.5,0.0,0.0,178.8,1,1,1,,,0,0.0,0.0,0.0,0.0,0.0,,279.0,,0
1786377534.436,c2,reserve,,0.0,26.34,13.67,3.51,S3,0,,0,36.0,obs,335,26.34,13.67,3.65,S3,26.34,13.67,3.65,S3,26.34,13.67,3.51,S3,7.281,0,S3,site_s3,S3,S3,S3,84.0,0.0,0.0,202.2,1,1,1,,,0,0.0,0.0,0.0,0.0,0.0,,279.0,,0
1786377534.436,c2,search,,0.0,31.1,20.71,10.84,S3,0,,0,4474.0,obs,503,31.1,20.71,10.98,S3,31.1,20.71,10.98,S3,31.1,20.71,10.84,S3,7.281,0,S3,site_s3,S3,S3,S3,125.5,0.0,0.0,327.7,1,1,1,,,0,0.0,0.0,0.0,0.0,0.0,,279.0,,0
1786377534.436,c2,recommend,,0.0,26.76,14.03,3.88,S3,0,,0,200.0,obs,666,26.76,14.03,4.0,S3,26.76,14.03,4.0,S3,26.76,14.03,3.88,S3,7.281,0,S3,site_s3,S3,S3,S3,166.5,0.0,0.0,357.3,1,1,1,,,0,0.0,0.0,0.0,0.0,0.0,,279.0,,0
1786377535.436,c1,reserve,,0.0,26.34,13.67,3.55,S3,0,,0,36.0,obs,337,26.34,13.67,3.65,S3,26.34,13.67,3.65,S3,26.34,13.67,3.55,S3,7.557,0,S3,site_s3,S3,S3,S3,84.5,0.0,0.0,23.5,1,1,1,,,0,0.0,0.0,0.0,0.0,0.0,,279.0,,0
1786377535.436,c1,search,,0.0,31.1,20.71,10.81,S3,0,,0,4474.0,obs,499,31.1,20.71,10.98,S3,31.1,20.71,10.98,S3,31.1,20.71,10.81,S3,7.557,0,S3,site_s3,S3,S3,S3,124.5,0.0,0.0,148.0,1,1,1,,,0,0.0,0.0,0.0,0.0,0.0,,279.0,,0
1786377535.436,c1,recommend,,0.0,26.76,14.03,3.92,S3,0,,0,200.0,obs,669,26.76,14.03,4.0,S3,26.76,14.03,4.0,S3,26.76,14.03,3.92,S3,7.557,0,S3,site_s3,S3,S3,S3,167.0,0.0,0.0,177.7,1,1,1,,,0,0.0,0.0,0.0,0.0,0.0,,279.0,,0
1786377535.436,c2,reserve,,0.0,26.34,13.67,3.55,S3,0,,0,36.0,obs,337,26.34,13.67,3.65,S3,26.34,13.67,3.65,S3,26.34,13.67,3.55,S3,7.557,0,S3,site_s3,S3,S3,S3,84.0,0.0,0.0,201.1,1,1,1,,,0,0.0,0.0,0.0,0.0,0.0,,279.0,,0
1786377535.436,c2,search,,0.0,31.1,20.71,10.81,S3,0,,0,4474.0,obs,499,31.1,20.71,10.98,S3,31.1,20.71,10.98,S3,31.1,20.71,10.81,S3,7.557,0,S3,site_s3,S3,S3,S3,125.0,0.0,0.0,326.1,1,1,1,,,0,0.0,0.0,0.0,0.0,0.0,,279.0,,0
1786377535.436,c2,recommend,,0.0,26.76,14.03,3.92,S3,0,,0,200.0,obs,669,26.76,14.03,4.0,S3,26.76,14.03,4.0,S3,26.76,14.03,3.92,S3,7.557,0,S3,site_s3,S3,S3,S3,167.5,0.0,0.0,355.9,1,1,1,,,0,0.0,0.0,0.0,0.0,0.0,,279.0,,0
1786377536.436,c1,reserve,,0.0,26.34,13.67,3.52,S3,0,,0,36.0,obs,332,26.34,13.67,3.65,S3,26.34,13.67,3.65,S3,26.34,13.67,3.52,S3,7.615,0,S3,site_s3,S3,S3,S3,83.0,0.0,0.0,23.1,1,1,1,,,0,0.0,0.0,0.0,0.0,0.0,,279.0,,0
1786377536.436,c1,search,,0.0,31.1,20.71,10.77,S3,0,,0,4474.0,obs,502,31.1,20.71,10.98,S3,31.1,20.71,10.98,S3,31.1,20.71,10.77,S3,7.615,0,S3,site_s3,S3,S3,S3,125.5,0.0,0.0,148.6,1,1,1,,,0,0.0,0.0,0.0,0.0,0.0,,279.0,,0
1786377536.436,c1,recommend,,0.0,26.76,14.03,3.94,S3,0,,0,200.0,obs,671,26.76,14.03,4.0,S3,26.76,14.03,4.0,S3,26.76,14.03,3.94,S3,7.615,0,S3,site_s3,S3,S3,S3,168.0,0.0,0.0,178.5,1,1,1,,,0,0.0,0.0,0.0,0.0,0.0,,279.0,,0
1786377536.436,c2,reserve,,0.0,26.34,13.67,3.52,S3,0,,0,36.0,obs,332,26.34,13.67,3.65,S3,26.34,13.67,3.65,S3,26.34,13.67,3.52,S3,7.615,0,S3,site_s3,S3,S3,S3,83.0,0.0,0.0,201.6,1,1,1,,,0,0.0,0.0,0.0,0.0,0.0,,279.0,,0
1786377536.436,c2,search,,0.0,31.1,20.71,10.77,S3,0,,0,4474.0,obs,502,31.1,20.71,10.98,S3,31.1,20.71,10.98,S3,31.1,20.71,10.77,S3,7.615,0,S3,site_s3,S3,S3,S3,125.5,0.0,0.0,327.1,1,1,1,,,0,0.0,0.0,0.0,0.0,0.0,,279.0,,0
1786377536.436,c2,recommend,,0.0,26.76,14.03,3.94,S3,0,,0,200.0,obs,671,26.76,14.03,4.0,S3,26.76,14.03,4.0,S3,26.76,14.03,3.94,S3,7.615,0,S3,site_s3,S3,S3,S3,167.5,0.0,0.0,356.9,1,1,1,,,0,0.0,0.0,0.0,0.0,0.0,,279.0,,0
1786377537.436,c1,reserve,,0.0,26.34,13.67,3.33,S3,0,,0,36.0,obs,333,26.34,13.67,3.65,S3,26.34,13.67,3.65,S3,26.34,13.67,3.33,S3,7.57,0,S3,site_s3,S3,S3,S3,83.0,0.0,0.0,23.1,1,1,1,,,0,0.0,0.0,0.0,0.0,0.0,,279.0,,0
1786377537.436,c1,search,,0.0,31.1,20.71,10.77,S3,0,,0,4474.0,obs,502,31.1,20.71,10.98,S3,31.1,20.71,10.98,S3,31.1,20.71,10.77,S3,7.57,0,S3,site_s3,S3,S3,S3,125.5,0.0,0.0,148.6,1,1,1,,,0,0.0,0.0,0.0,0.0,0.0,,279.0,,0
1786377537.436,c1,recommend,,0.0,26.76,14.03,3.88,S3,0,,0,200.0,obs,671,26.76,14.03,4.0,S3,26.76,14.03,4.0,S3,26.76,14.03,3.88,S3,7.57,0,S3,site_s3,S3,S3,S3,167.5,0.0,0.0,178.4,1,1,1,,,0,0.0,0.0,0.0,0.0,0.0,,279.0,,0
1786377537.436,c2,reserve,,0.0,26.34,13.67,3.33,S3,0,,0,36.0,obs,333,26.34,13.67,3.65,S3,26.34,13.67,3.65,S3,26.34,13.67,3.33,S3,7.57,0,S3,site_s3,S3,S3,S3,83.5,0.0,0.0,201.6,1,1,1,,,0,0.0,0.0,0.0,0.0,0.0,,279.0,,0
1786377537.436,c2,search,,0.0,31.1,20.71,10.77,S3,0,,0,4474.0,obs,502,31.1,20.71,10.98,S3,31.1,20.71,10.98,S3,31.1,20.71,10.77,S3,7.57,0,S3,site_s3,S3,S3,S3,125.5,0.0,0.0,327.1,1,1,1,,,0,0.0,0.0,0.0,0.0,0.0,,279.0,,0
1786377537.436,c2,recommend,,0.0,26.76,14.03,3.88,S3,0,,0,200.0,obs,671,26.76,14.03,4.0,S3,26.76,14.03,4.0,S3,26.76,14.03,3.88,S3,7.57,0,S3,site_s3,S3,S3,S3,168.0,0.0,0.0,357.0,1,1,1,,,0,0.0,0.0,0.0,0.0,0.0,,279.0,,0
1786377538.436,c1,reserve,,0.0,26.34,13.67,3.33,S3,0,,0,36.0,obs,335,26.34,13.67,3.65,S3,26.34,13.67,3.65,S3,26.34,13.67,3.33,S3,7.597,0,S3,site_s3,S3,S3,S3,83.5,0.0,0.0,23.2,1,1,1,,,0,0.0,0.0,0.0,0.0,0.0,,279.0,,0
1786377538.436,c1,search,,0.0,31.1,20.71,10.76,S3,0,,0,4474.0,obs,504,31.1,20.71,10.98,S3,31.1,20.71,10.98,S3,31.1,20.71,10.76,S3,7.597,0,S3,site_s3,S3,S3,S3,126.0,0.0,0.0,149.2,1,1,1,,,0,0.0,0.0,0.0,0.0,0.0,,279.0,,0
1786377538.436,c1,recommend,,0.0,26.76,14.03,3.91,S3,0,,0,200.0,obs,669,26.76,14.03,4.0,S3,26.76,14.03,4.0,S3,26.76,14.03,3.91,S3,7.597,0,S3,site_s3,S3,S3,S3,167.5,0.0,0.0,179.0,1,1,1,,,0,0.0,0.0,0.0,0.0,0.0,,279.0,,0
1786377538.436,c2,reserve,,0.0,26.34,13.67,3.33,S3,0,,0,36.0,obs,335,26.34,13.67,3.65,S3,26.34,13.67,3.65,S3,26.34,13.67,3.33,S3,7.597,0,S3,site_s3,S3,S3,S3,84.0,0.0,0.0,202.4,1,1,1,,,0,0.0,0.0,0.0,0.0,0.0,,279.0,,0
1786377538.436,c2,search,,0.0,31.1,20.71,10.76,S3,0,,0,4474.0,obs,504,31.1,20.71,10.98,S3,31.1,20.71,10.98,S3,31.1,20.71,10.76,S3,7.597,0,S3,site_s3,S3,S3,S3,126.0,0.0,0.0,328.4,1,1,1,,,0,0.0,0.0,0.0,0.0,0.0,,279.0,,0
1786377538.436,c2,recommend,,0.0,26.76,14.03,3.91,S3,0,,0,200.0,obs,669,26.76,14.03,4.0,S3,26.76,14.03,4.0,S3,26.76,14.03,3.91,S3,7.597,0,S3,site_s3,S3,S3,S3,167.0,0.0,0.0,358.1,1,1,1,,,0,0.0,0.0,0.0,0.0,0.0,,279.0,,0
1786377539.436,c1,reserve,,0.0,26.34,13.67,3.58,S3,0,,0,36.0,obs,339,26.34,13.67,3.65,S3,26.34,13.67,3.65,S3,26.34,13.67,3.58,S3,7.604,0,S3,site_s3,S3,S3,S3,85.0,0.0,0.0,23.6,1,1,1,,,0,0.0,0.0,0.0,0.0,0.0,,279.0,,0
1786377539.436,c1,search,,0.0,31.1,20.71,10.91,S3,0,,0,4474.0,obs,502,31.1,20.71,10.98,S3,31.1,20.71,10.98,S3,31.1,20.71,10.91,S3,7.604,0,S3,site_s3,S3,S3,S3,125.5,0.0,0.0,149.1,1,1,1,,,0,0.0,0.0,0.0,0.0,0.0,,279.0,,0
1786377539.436,c1,recommend,,0.0,26.76,14.03,3.91,S3,0,,0,200.0,obs,668,26.76,14.03,4.0,S3,26.76,14.03,4.0,S3,26.76,14.03,3.91,S3,7.604,0,S3,site_s3,S3,S3,S3,166.5,0.0,0.0,178.8,1,1,1,,,0,0.0,0.0,0.0,0.0,0.0,,279.0,,0
1786377539.436,c2,reserve,,0.0,26.34,13.67,3.58,S3,0,,0,36.0,obs,339,26.34,13.67,3.65,S3,26.34,13.67,3.65,S3,26.34,13.67,3.58,S3,7.604,0,S3,site_s3,S3,S3,S3,84.5,0.0,0.0,202.3,1,1,1,,,0,0.0,0.0,0.0,0.0,0.0,,279.0,,0
1786377539.436,c2,search,,0.0,31.1,20.71,10.91,S3,0,,0,4474.0,obs,502,31.1,20.71,10.98,S3,31.1,20.71,10.98,S3,31.1,20.71,10.91,S3,7.604,0,S3,site_s3,S3,S3,S3,125.5,0.0,0.0,327.8,1,1,1,,,0,0.0,0.0,0.0,0.0,0.0,,279.0,,0
1786377539.436,c2,recommend,,0.0,26.76,14.03,3.91,S3,0,,0,200.0,obs,668,26.76,14.03,4.0,S3,26.76,14.03,4.0,S3,26.76,14.03,3.91,S3,7.604,0,S3,site_s3,S3,S3,S3,167.5,0.0,0.0,357.6,1,1,1,,,0,0.0,0.0,0.0,0.0,0.0,,279.0,,0
1786377540.436,c1,reserve,,0.0,26.34,13.67,3.57,S3,0,,0,36.0,obs,336,26.34,13.67,3.65,S3,26.34,13.67,3.65,S3,26.34,13.67,3.57,S3,7.265,0,S3,site_s3,S3,S3,S3,84.0,0.0,0.0,23.4,1,1,1,,,0,0.0,0.0,0.0,0.0,0.0,,279.0,,0
1786377540.436,c1,search,,0.0,31.1,20.71,10.96,S3,0,,0,4474.0,obs,500,31.1,20.71,10.98,S3,31.1,20.71,10.98,S3,31.1,20.71,10.96,S3,7.265,0,S3,site_s3,S3,S3,S3,125.0,0.0,0.0,148.4,1,1,1,,,0,0.0,0.0,0.0,0.0,0.0,,279.0,,0
1786377540.436,c1,recommend,,0.0,26.76,14.03,3.86,S3,0,,0,200.0,obs,674,26.76,14.03,4.0,S3,26.76,14.03,4.0,S3,26.76,14.03,3.86,S3,7.265,0,S3,site_s3,S3,S3,S3,168.5,0.0,0.0,178.3,1,1,1,,,0,0.0,0.0,0.0,0.0,0.0,,279.0,,0
1786377540.436,c2,reserve,,0.0,26.34,13.67,3.57,S3,0,,0,36.0,obs,336,26.34,13.67,3.65,S3,26.34,13.67,3.65,S3,26.34,13.67,3.57,S3,7.265,0,S3,site_s3,S3,S3,S3,84.0,0.0,0.0,201.7,1,1,1,,,0,0.0,0.0,0.0,0.0,0.0,,279.0,,0
1786377540.436,c2,search,,0.0,31.1,20.71,10.96,S3,0,,0,4474.0,obs,500,31.1,20.71,10.98,S3,31.1,20.71,10.98,S3,31.1,20.71,10.96,S3,7.265,0,S3,site_s3,S3,S3,S3,125.0,0.0,0.0,326.7,1,1,1,,,0,0.0,0.0,0.0,0.0,0.0,,279.0,,0
1786377540.436,c2,recommend,,0.0,26.76,14.03,3.86,S3,0,,0,200.0,obs,674,26.76,14.03,4.0,S3,26.76,14.03,4.0,S3,26.76,14.03,3.86,S3,7.265,0,S3,site_s3,S3,S3,S3,168.5,0.0,0.0,356.7,1,1,1,,,0,0.0,0.0,0.0,0.0,0.0,,279.0,,0
1786377541.436,c1,reserve,,0.0,26.34,13.67,3.57,S3,0,,0,36.0,obs,334,26.34,13.67,3.65,S3,26.34,13.67,3.65,S3,26.34,13.67,3.57,S3,7.611,0,S3,site_s3,S3,S3,S3,83.5,0.0,0.0,23.2,1,1,1,,,0,0.0,0.0,0.0,0.0,0.0,,279.0,,0
1786377541.436,c1,search,,0.0,31.1,20.71,10.88,S3,0,,0,4474.0,obs,503,31.1,20.71,10.98,S3,31.1,20.71,10.98,S3,31.1,20.71,10.88,S3,7.611,0,S3,site_s3,S3,S3,S3,125.5,0.0,0.0,148.7,1,1,1,,,0,0.0,0.0,0.0,0.0,0.0,,279.0,,0
1786377541.436,c1,recommend,,0.0,26.76,14.03,3.95,S3,0,,0,200.0,obs,674,26.76,14.03,4.0,S3,26.76,14.03,4.0,S3,26.76,14.03,3.95,S3,7.611,0,S3,site_s3,S3,S3,S3,168.5,0.0,0.0,178.7,1,1,1,,,0,0.0,0.0,0.0,0.0,0.0,,279.0,,0
1786377541.436,c2,reserve,,0.0,26.34,13.67,3.57,S3,0,,0,36.0,obs,334,26.34,13.67,3.65,S3,26.34,13.67,3.65,S3,26.34,13.67,3.57,S3,7.611,0,S3,site_s3,S3,S3,S3,83.5,0.0,0.0,201.9,1,1,1,,,0,0.0,0.0,0.0,0.0,0.0,,279.0,,0
1786377541.436,c2,search,,0.0,31.1,20.71,10.88,S3,0,,0,4474.0,obs,503,31.1,20.71,10.98,S3,31.1,20.71,10.98,S3,31.1,20.71,10.88,S3,7.611,0,S3,site_s3,S3,S3,S3,126.0,0.0,0.0,327.9,1,1,1,,,0,0.0,0.0,0.0,0.0,0.0,,279.0,,0
1786377541.436,c2,recommend,,0.0,26.76,14.03,3.95,S3,0,,0,200.0,obs,674,26.76,14.03,4.0,S3,26.76,14.03,4.0,S3,26.76,14.03,3.95,S3,7.611,0,S3,site_s3,S3,S3,S3,168.5,0.0,0.0,357.9,1,1,1,,,0,0.0,0.0,0.0,0.0,0.0,,279.0,,0
1786377542.436,c1,reserve,,0.0,26.34,13.67,3.56,S3,0,,0,36.0,obs,334,26.34,13.67,3.65,S3,26.34,13.67,3.65,S3,26.34,13.67,3.56,S3,7.655,0,S3,site_s3,S3,S3,S3,83.5,0.0,0.0,23.2,1,1,1,,,0,0.0,0.0,0.0,0.0,0.0,,279.0,,0
1786377542.436,c1,search,,0.0,31.1,20.71,10.88,S3,0,,0,4474.0,obs,504,31.1,20.71,10.98,S3,31.1,20.71,10.98,S3,31.1,20.71,10.88,S3,7.655,0,S3,site_s3,S3,S3,S3,126.0,0.0,0.0,149.2,1,1,1,,,0,0.0,0.0,0.0,0.0,0.0,,279.0,,0
1786377542.436,c1,recommend,,0.0,26.76,14.03,3.98,S3,0,,0,200.0,obs,672,26.76,14.03,4.0,S3,26.76,14.03,4.0,S3,26.76,14.03,3.98,S3,7.655,0,S3,site_s3,S3,S3,S3,168.0,0.0,0.0,179.1,1,1,1,,,0,0.0,0.0,0.0,0.0,0.0,,279.0,,0
1786377542.436,c2,reserve,,0.0,26.34,13.67,3.56,S3,0,,0,36.0,obs,334,26.34,13.67,3.65,S3,26.34,13.67,3.65,S3,26.34,13.67,3.56,S3,7.655,0,S3,site_s3,S3,S3,S3,83.5,0.0,0.0,202.3,1,1,1,,,0,0.0,0.0,0.0,0.0,0.0,,279.0,,0
1786377542.436,c2,search,,0.0,31.1,20.71,10.88,S3,0,,0,4474.0,obs,504,31.1,20.71,10.98,S3,31.1,20.71,10.98,S3,31.1,20.71,10.88,S3,7.655,0,S3,site_s3,S3,S3,S3,126.0,0.0,0.0,328.3,1,1,1,,,0,0.0,0.0,0.0,0.0,0.0,,279.0,,0
1786377542.436,c2,recommend,,0.0,26.76,14.03,3.98,S3,0,,0,200.0,obs,672,26.76,14.03,4.0,S3,26.76,14.03,4.0,S3,26.76,14.03,3.98,S3,7.655,0,S3,site_s3,S3,S3,S3,168.0,0.0,0.0,358.2,1,1,1,,,0,0.0,0.0,0.0,0.0,0.0,,279.0,,0
1786377543.436,c1,reserve,,0.0,26.34,13.67,3.59,S3,0,,0,36.0,obs,337,26.34,13.67,3.65,S3,26.34,13.67,3.65,S3,26.34,13.67,3.59,S3,7.593,0,S3,site_s3,S3,S3,S3,84.0,0.0,0.0,23.4,1,1,1,,,0,0.0,0.0,0.0,0.0,0.0,,279.0,,0
1786377543.436,c1,search,,0.0,31.1,20.71,11.0,S3,0,,0,4474.0,obs,505,31.1,20.71,10.98,S3,31.1,20.71,10.98,S3,31.1,20.71,11.0,S3,7.593,0,S3,site_s3,S3,S3,S3,126.5,0.0,0.0,149.9,1,1,1,,,0,0.0,0.0,0.0,0.0,0.0,,279.0,,0
1786377543.436,c1,recommend,,0.0,26.76,14.03,4.0,S3,0,,0,200.0,obs,668,26.76,14.03,4.0,S3,26.76,14.03,4.0,S3,26.76,14.03,4.0,S3,7.593,0,S3,site_s3,S3,S3,S3,167.0,0.0,0.0,179.6,1,1,1,,,0,0.0,0.0,0.0,0.0,0.0,,279.0,,0
1786377543.436,c2,reserve,,0.0,26.34,13.67,3.59,S3,0,,0,36.0,obs,337,26.34,13.67,3.65,S3,26.34,13.67,3.65,S3,26.34,13.67,3.59,S3,7.593,0,S3,site_s3,S3,S3,S3,84.5,0.0,0.0,203.1,1,1,1,,,0,0.0,0.0,0.0,0.0,0.0,,279.0,,0
1786377543.436,c2,search,,0.0,31.1,20.71,11.0,S3,0,,0,4474.0,obs,505,31.1,20.71,10.98,S3,31.1,20.71,10.98,S3,31.1,20.71,11.0,S3,7.593,0,S3,site_s3,S3,S3,S3,126.0,0.0,0.0,329.1,1,1,1,,,0,0.0,0.0,0.0,0.0,0.0,,279.0,,0
1786377543.436,c2,recommend,,0.0,26.76,14.03,4.0,S3,0,,0,200.0,obs,668,26.76,14.03,4.0,S3,26.76,14.03,4.0,S3,26.76,14.03,4.0,S3,7.593,0,S3,site_s3,S3,S3,S3,167.0,0.0,0.0,358.8,1,1,1,,,0,0.0,0.0,0.0,0.0,0.0,,279.0,,0
1786377544.437,c1,reserve,,0.0,26.34,13.67,3.57,S3,0,,0,36.0,obs,339,26.34,13.67,3.65,S3,26.34,13.67,3.65,S3,26.34,13.67,3.57,S3,8.454,0,S3,site_s3,S3,S3,S3,85.0,0.0,0.0,23.6,1,1,1,,,0,0.0,0.0,0.0,0.0,0.0,,279.0,,0
1786377544.437,c1,search,,0.0,31.1,20.71,11.02,S3,0,,0,4474.0,obs,501,31.1,20.71,10.98,S3,31.1,20.71,10.98,S3,31.1,20.71,11.02,S3,8.454,0,S3,site_s3,S3,S3,S3,125.0,0.0,0.0,148.6,1,1,1,,,0,0.0,0.0,0.0,0.0,0.0,,279.0,,0
1786377544.437,c1,recommend,,0.0,26.76,14.03,4.0,S3,0,,0,200.0,obs,671,26.76,14.03,4.0,S3,26.76,14.03,4.0,S3,26.76,14.03,4.0,S3,8.454,0,S3,site_s3,S3,S3,S3,167.5,0.0,0.0,178.4,1,1,1,,,0,0.0,0.0,0.0,0.0,0.0,,279.0,,0
1786377544.437,c2,reserve,,0.0,26.34,13.67,3.57,S3,0,,0,36.0,obs,339,26.34,13.67,3.65,S3,26.34,13.67,3.65,S3,26.34,13.67,3.57,S3,8.454,0,S3,site_s3,S3,S3,S3,84.5,0.0,0.0,201.9,1,1,1,,,0,0.0,0.0,0.0,0.0,0.0,,279.0,,0
1786377544.437,c2,search,,0.0,31.1,20.71,11.02,S3,0,,0,4474.0,obs,501,31.1,20.71,10.98,S3,31.1,20.71,10.98,S3,31.1,20.71,11.02,S3,8.454,0,S3,site_s3,S3,S3,S3,125.5,0.0,0.0,327.4,1,1,1,,,0,0.0,0.0,0.0,0.0,0.0,,279.0,,0
1786377544.437,c2,recommend,,0.0,26.76,14.03,4.0,S3,0,,0,200.0,obs,671,26.76,14.03,4.0,S3,26.76,14.03,4.0,S3,26.76,14.03,4.0,S3,8.454,0,S3,site_s3,S3,S3,S3,168.0,0.0,0.0,357.3,1,1,1,,,0,0.0,0.0,0.0,0.0,0.0,,279.0,,0
1786377545.436,c1,reserve,,0.0,26.34,13.67,3.5,S3,0,,0,36.0,obs,334,26.34,13.67,3.65,S3,26.34,13.67,3.65,S3,26.34,13.67,3.5,S3,7.309,0,S3,site_s3,S3,S3,S3,83.5,0.0,0.0,23.2,1,1,1,,,0,0.0,0.0,0.0,0.0,0.0,,279.0,,0
1786377545.436,c1,search,,0.0,31.1,20.71,10.94,S3,0,,0,4474.0,obs,504,31.1,20.71,10.98,S3,31.1,20.71,10.98,S3,31.1,20.71,10.94,S3,7.309,0,S3,site_s3,S3,S3,S3,126.0,0.0,0.0,149.2,1,1,1,,,0,0.0,0.0,0.0,0.0,0.0,,279.0,,0
1786377545.436,c1,recommend,,0.0,26.76,14.03,3.91,S3,0,,0,200.0,obs,674,26.76,14.03,4.0,S3,26.76,14.03,4.0,S3,26.76,14.03,3.91,S3,7.309,0,S3,site_s3,S3,S3,S3,168.5,0.0,0.0,179.2,1,1,1,,,0,0.0,0.0,0.0,0.0,0.0,,279.0,,0
1786377545.436,c2,reserve,,0.0,26.34,13.67,3.5,S3,0,,0,36.0,obs,334,26.34,13.67,3.65,S3,26.34,13.67,3.65,S3,26.34,13.67,3.5,S3,7.309,0,S3,site_s3,S3,S3,S3,83.5,0.0,0.0,202.4,1,1,1,,,0,0.0,0.0,0.0,0.0,0.0,,279.0,,0
1786377545.436,c2,search,,0.0,31.1,20.71,10.94,S3,0,,0,4474.0,obs,504,31.1,20.71,10.98,S3,31.1,20.71,10.98,S3,31.1,20.71,10.94,S3,7.309,0,S3,site_s3,S3,S3,S3,126.0,0.0,0.0,328.4,1,1,1,,,0,0.0,0.0,0.0,0.0,0.0,,279.0,,0
1786377545.436,c2,recommend,,0.0,26.76,14.03,3.91,S3,0,,0,200.0,obs,674,26.76,14.03,4.0,S3,26.76,14.03,4.0,S3,26.76,14.03,3.91,S3,7.309,0,S3,site_s3,S3,S3,S3,168.5,0.0,0.0,358.4,1,1,1,,,0,0.0,0.0,0.0,0.0,0.0,,279.0,,0
1786377546.436,c1,reserve,,0.0,26.34,13.67,3.57,S3,0,,0,36.0,obs,334,26.34,13.67,3.65,S3,26.34,13.67,3.65,S3,26.34,13.67,3.57,S3,7.648,0,S3,site_s3,S3,S3,S3,83.5,0.0,0.0,23.2,1,1,1,,,0,0.0,0.0,0.0,0.0,0.0,,279.0,,0
1786377546.436,c1,search,,0.0,31.1,20.71,10.96,S3,0,,0,4474.0,obs,504,31.1,20.71,10.98,S3,31.1,20.71,10.98,S3,31.1,20.71,10.96,S3,7.648,0,S3,site_s3,S3,S3,S3,126.0,0.0,0.0,149.2,1,1,1,,,0,0.0,0.0,0.0,0.0,0.0,,279.0,,0
1786377546.436,c1,recommend,,0.0,26.76,14.03,3.85,S3,0,,0,200.0,obs,675,26.76,14.03,4.0,S3,26.76,14.03,4.0,S3,26.76,14.03,3.85,S3,7.648,0,S3,site_s3,S3,S3,S3,168.5,0.0,0.0,179.2,1,1,1,,,0,0.0,0.0,0.0,0.0,0.0,,279.0,,0
1786377546.436,c2,reserve,,0.0,26.34,13.67,3.57,S3,0,,0,36.0,obs,334,26.34,13.67,3.65,S3,26.34,13.67,3.65,S3,26.34,13.67,3.57,S3,7.648,0,S3,site_s3,S3,S3,S3,83.5,0.0,0.0,202.4,1,1,1,,,0,0.0,0.0,0.0,0.0,0.0,,279.0,,0
1786377546.436,c2,search,,0.0,31.1,20.71,10.96,S3,0,,0,4474.0,obs,504,31.1,20.71,10.98,S3,31.1,20.71,10.98,S3,31.1,20.71,10.96,S3,7.648,0,S3,site_s3,S3,S3,S3,126.0,0.0,0.0,328.4,1,1,1,,,0,0.0,0.0,0.0,0.0,0.0,,279.0,,0
1786377546.436,c2,recommend,,0.0,26.76,14.03,3.85,S3,0,,0,200.0,obs,675,26.76,14.03,4.0,S3,26.76,14.03,4.0,S3,26.76,14.03,3.85,S3,7.648,0,S3,site_s3,S3,S3,S3,169.0,0.0,0.0,358.5,1,1,1,,,0,0.0,0.0,0.0,0.0,0.0,,279.0,,0
1786377547.436,c1,reserve,,0.0,26.34,13.67,3.49,S3,0,,0,36.0,obs,335,26.34,13.67,3.65,S3,26.34,13.67,3.65,S3,26.34,13.67,3.49,S3,7.628,0,S3,site_s3,S3,S3,S3,83.5,0.0,0.0,23.2,1,1,1,,,0,0.0,0.0,0.0,0.0,0.0,,279.0,,0
1786377547.436,c1,search,,0.0,31.1,20.71,10.8,S3,0,,0,4474.0,obs,507,31.1,20.71,10.98,S3,31.1,20.71,10.98,S3,31.1,20.71,10.8,S3,7.628,0,S3,site_s3,S3,S3,S3,126.5,0.0,0.0,149.7,1,1,1,,,0,0.0,0.0,0.0,0.0,0.0,,279.0,,0
1786377547.436,c1,recommend,,0.0,26.76,14.03,3.86,S3,0,,0,200.0,obs,673,26.76,14.03,4.0,S3,26.76,14.03,4.0,S3,26.76,14.03,3.86,S3,7.628,0,S3,site_s3,S3,S3,S3,168.5,0.0,0.0,179.7,1,1,1,,,0,0.0,0.0,0.0,0.0,0.0,,279.0,,0
1786377547.436,c2,reserve,,0.0,26.34,13.67,3.49,S3,0,,0,36.0,obs,335,26.34,13.67,3.65,S3,26.34,13.67,3.65,S3,26.34,13.67,3.49,S3,7.628,0,S3,site_s3,S3,S3,S3,84.0,0.0,0.0,203.1,1,1,1,,,0,0.0,0.0,0.0,0.0,0.0,,279.0,,0
1786377547.436,c2,search,,0.0,31.1,20.71,10.8,S3,0,,0,4474.0,obs,507,31.1,20.71,10.98,S3,31.1,20.71,10.98,S3,31.1,20.71,10.8,S3,7.628,0,S3,site_s3,S3,S3,S3,127.0,0.0,0.0,330.1,1,1,1,,,0,0.0,0.0,0.0,0.0,0.0,,279.0,,0
1786377547.436,c2,recommend,,0.0,26.76,14.03,3.86,S3,0,,0,200.0,obs,673,26.76,14.03,4.0,S3,26.76,14.03,4.0,S3,26.76,14.03,3.86,S3,7.628,0,S3,site_s3,S3,S3,S3,168.0,0.0,0.0,360.0,1,1,1,,,0,0.0,0.0,0.0,0.0,0.0,,279.0,,0
1786377548.436,c1,reserve,,0.0,26.34,13.67,3.49,S3,0,,0,36.0,obs,340,26.34,13.67,3.65,S3,26.34,13.67,3.65,S3,26.34,13.67,3.49,S3,7.509,0,S3,site_s3,S3,S3,S3,85.0,0.0,0.0,23.6,1,1,1,,,0,0.0,0.0,0.0,0.0,0.0,,279.0,,0
1786377548.436,c1,search,,0.0,31.1,20.71,10.87,S3,0,,0,4474.0,obs,504,31.1,20.71,10.98,S3,31.1,20.71,10.98,S3,31.1,20.71,10.87,S3,7.509,0,S3,site_s3,S3,S3,S3,126.0,0.0,0.0,149.6,1,1,1,,,0,0.0,0.0,0.0,0.0,0.0,,279.0,,0
1786377548.436,c1,recommend,,0.0,26.76,14.03,3.92,S3,0,,0,200.0,obs,670,26.76,14.03,4.0,S3,26.76,14.03,4.0,S3,26.76,14.03,3.92,S3,7.509,0,S3,site_s3,S3,S3,S3,167.0,0.0,0.0,179.4,1,1,1,,,0,0.0,0.0,0.0,0.0,0.0,,279.0,,0
1786377548.436,c2,reserve,,0.0,26.34,13.67,3.49,S3,0,,0,36.0,obs,340,26.34,13.67,3.65,S3,26.34,13.67,3.65,S3,26.34,13.67,3.49,S3,7.509,0,S3,site_s3,S3,S3,S3,85.0,0.0,0.0,203.0,1,1,1,,,0,0.0,0.0,0.0,0.0,0.0,,279.0,,0
1786377548.436,c2,search,,0.0,31.1,20.71,10.87,S3,0,,0,4474.0,obs,504,31.1,20.71,10.98,S3,31.1,20.71,10.98,S3,31.1,20.71,10.87,S3,7.509,0,S3,site_s3,S3,S3,S3,126.0,0.0,0.0,329.0,1,1,1,,,0,0.0,0.0,0.0,0.0,0.0,,279.0,,0
1786377548.436,c2,recommend,,0.0,26.76,14.03,3.92,S3,0,,0,200.0,obs,670,26.76,14.03,4.0,S3,26.76,14.03,4.0,S3,26.76,14.03,3.92,S3,7.509,0,S3,site_s3,S3,S3,S3,168.0,0.0,0.0,358.9,1,1,1,,,0,0.0,0.0,0.0,0.0,0.0,,279.0,,0
1786377549.436,c1,reserve,,0.0,26.34,13.67,3.61,S3,0,,0,36.0,obs,338,26.34,13.67,3.65,S3,26.34,13.67,3.65,S3,26.34,13.67,3.61,S3,7.748,0,S3,site_s3,S3,S3,S3,84.5,0.0,0.0,23.5,1,1,1,,,0,0.0,0.0,0.0,0.0,0.0,,279.0,,0
1786377549.436,c1,search,,0.0,31.1,20.71,10.87,S3,0,,0,4474.0,obs,502,31.1,20.71,10.98,S3,31.1,20.71,10.98,S3,31.1,20.71,10.87,S3,7.748,0,S3,site_s3,S3,S3,S3,125.5,0.0,0.0,149.0,1,1,1,,,0,0.0,0.0,0.0,0.0,0.0,,279.0,,0
1786377549.436,c1,recommend,,0.0,26.76,14.03,3.93,S3,0,,0,200.0,obs,676,26.76,14.03,4.0,S3,26.76,14.03,4.0,S3,26.76,14.03,3.93,S3,7.748,0,S3,site_s3,S3,S3,S3,169.0,0.0,0.0,179.1,1,1,1,,,0,0.0,0.0,0.0,0.0,0.0,,279.0,,0
1786377549.436,c2,reserve,,0.0,26.34,13.67,3.61,S3,0,,0,36.0,obs,338,26.34,13.67,3.65,S3,26.34,13.67,3.65,S3,26.34,13.67,3.61,S3,7.748,0,S3,site_s3,S3,S3,S3,84.5,0.0,0.0,202.6,1,1,1,,,0,0.0,0.0,0.0,0.0,0.0,,279.0,,0
1786377549.436,c2,search,,0.0,31.1,20.71,10.87,S3,0,,0,4474.0,obs,502,31.1,20.71,10.98,S3,31.1,20.71,10.98,S3,31.1,20.71,10.87,S3,7.748,0,S3,site_s3,S3,S3,S3,125.5,0.0,0.0,328.1,1,1,1,,,0,0.0,0.0,0.0,0.0,0.0,,279.0,,0
1786377549.436,c2,recommend,,0.0,26.76,14.03,3.93,S3,0,,0,200.0,obs,676,26.76,14.03,4.0,S3,26.76,14.03,4.0,S3,26.76,14.03,3.93,S3,7.748,0,S3,site_s3,S3,S3,S3,169.0,0.0,0.0,358.1,1,1,1,,,0,0.0,0.0,0.0,0.0,0.0,,279.0,,0
1786377550.436,c1,reserve,,0.0,26.34,13.67,3.5,S3,0,,0,36.0,obs,335,26.34,13.67,3.65,S3,26.34,13.67,3.65,S3,26.34,13.67,3.5,S3,7.612,0,S3,site_s3,S3,S3,S3,83.5,0.0,0.0,23.2,1,1,1,,,0,0.0,0.0,0.0,0.0,0.0,,279.0,,0
1786377550.436,c1,search,,0.0,31.1,20.71,10.86,S3,0,,0,4474.0,obs,504,31.1,20.71,10.98,S3,31.1,20.71,10.98,S3,31.1,20.71,10.86,S3,7.612,0,S3,site_s3,S3,S3,S3,126.0,0.0,0.0,149.2,1,1,1,,,0,0.0,0.0,0.0,0.0,0.0,,279.0,,0
1786377550.436,c1,recommend,,0.0,26.76,14.03,3.92,S3,0,,0,200.0,obs,676,26.76,14.03,4.0,S3,26.76,14.03,4.0,S3,26.76,14.03,3.92,S3,7.612,0,S3,site_s3,S3,S3,S3,169.0,0.0,0.0,179.3,1,1,1,,,0,0.0,0.0,0.0,0.0,0.0,,279.0,,0
1786377550.436,c2,reserve,,0.0,26.34,13.67,3.5,S3,0,,0,36.0,obs,335,26.34,13.67,3.65,S3,26.34,13.67,3.65,S3,26.34,13.67,3.5,S3,7.612,0,S3,site_s3,S3,S3,S3,84.0,0.0,0.0,202.6,1,1,1,,,0,0.0,0.0,0.0,0.0,0.0,,279.0,,0
1786377550.436,c2,search,,0.0,31.1,20.71,10.86,S3,0,,0,4474.0,obs,504,31.1,20.71,10.98,S3,31.1,20.71,10.98,S3,31.1,20.71,10.86,S3,7.612,0,S3,site_s3,S3,S3,S3,126.0,0.0,0.0,328.6,1,1,1,,,0,0.0,0.0,0.0,0.0,0.0,,279.0,,0
1786377550.436,c2,recommend,,0.0,26.76,14.03,3.92,S3,0,,0,200.0,obs,676,26.76,14.03,4.0,S3,26.76,14.03,4.0,S3,26.76,14.03,3.92,S3,7.612,0,S3,site_s3,S3,S3,S3,169.0,0.0,0.0,358.7,1,1,1,,,0,0.0,0.0,0.0,0.0,0.0,,279.0,,0
1786377551.436,c1,reserve,,0.0,26.34,13.67,3.5,S3,0,,0,36.0,obs,335,26.34,13.67,3.65,S3,26.34,13.67,3.65,S3,26.34,13.67,3.5,S3,7.599,0,S3,site_s3,S3,S3,S3,84.0,0.0,0.0,23.4,1,1,1,,,0,0.0,0.0,0.0,0.0,0.0,,279.0,,0
1786377551.436,c1,search,,0.0,31.1,20.71,10.99,S3,0,,0,4474.0,obs,505,31.1,20.71,10.98,S3,31.1,20.71,10.98,S3,31.1,20.71,10.99,S3,7.599,0,S3,site_s3,S3,S3,S3,126.0,0.0,0.0,149.4,1,1,1,,,0,0.0,0.0,0.0,0.0,0.0,,279.0,,0
1786377551.436,c1,recommend,,0.0,26.76,14.03,3.97,S3,0,,0,200.0,obs,675,26.76,14.03,4.0,S3,26.76,14.03,4.0,S3,26.76,14.03,3.97,S3,7.599,0,S3,site_s3,S3,S3,S3,168.5,0.0,0.0,179.3,1,1,1,,,0,0.0,0.0,0.0,0.0,0.0,,279.0,,0
1786377551.436,c2,reserve,,0.0,26.34,13.67,3.5,S3,0,,0,36.0,obs,335,26.34,13.67,3.65,S3,26.34,13.67,3.65,S3,26.34,13.67,3.5,S3,7.599,0,S3,site_s3,S3,S3,S3,83.5,0.0,0.0,202.6,1,1,1,,,0,0.0,0.0,0.0,0.0,0.0,,279.0,,0
1786377551.436,c2,search,,0.0,31.1,20.71,10.99,S3,0,,0,4474.0,obs,505,31.1,20.71,10.98,S3,31.1,20.71,10.98,S3,31.1,20.71,10.99,S3,7.599,0,S3,site_s3,S3,S3,S3,126.5,0.0,0.0,329.1,1,1,1,,,0,0.0,0.0,0.0,0.0,0.0,,279.0,,0
1786377551.436,c2,recommend,,0.0,26.76,14.03,3.97,S3,0,,0,200.0,obs,675,26.76,14.03,4.0,S3,26.76,14.03,4.0,S3,26.76,14.03,3.97,S3,7.599,0,S3,site_s3,S3,S3,S3,169.0,0.0,0.0,359.1,1,1,1,,,0,0.0,0.0,0.0,0.0,0.0,,279.0,,0
1786377552.436,c1,reserve,,0.0,26.34,13.67,3.59,S3,0,,0,36.0,obs,338,26.34,13.67,3.65,S3,26.34,13.67,3.65,S3,26.34,13.67,3.59,S3,7.501,0,S3,site_s3,S3,S3,S3,84.5,0.0,0.0,23.5,1,1,1,,,0,0.0,0.0,0.0,0.0,0.0,,279.0,,0
1786377552.436,c1,search,,0.0,31.1,20.71,11.01,S3,0,,0,4474.0,obs,508,31.1,20.71,10.98,S3,31.1,20.71,10.98,S3,31.1,20.71,11.01,S3,7.501,0,S3,site_s3,S3,S3,S3,127.0,0.0,0.0,150.5,1,1,1,,,0,0.0,0.0,0.0,0.0,0.0,,279.0,,0
1786377552.436,c1,recommend,,0.0,26.76,14.03,4.0,S3,0,,0,200.0,obs,672,26.76,14.03,4.0,S3,26.76,14.03,4.0,S3,26.76,14.03,4.0,S3,7.501,0,S3,site_s3,S3,S3,S3,168.0,0.0,0.0,180.4,1,1,1,,,0,0.0,0.0,0.0,0.0,0.0,,279.0,,0
1786377552.436,c2,reserve,,0.0,26.34,13.67,3.59,S3,0,,0,36.0,obs,338,26.34,13.67,3.65,S3,26.34,13.67,3.65,S3,26.34,13.67,3.59,S3,7.501,0,S3,site_s3,S3,S3,S3,84.5,0.0,0.0,203.9,1,1,1,,,0,0.0,0.0,0.0,0.0,0.0,,279.0,,0
1786377552.436,c2,search,,0.0,31.1,20.71,11.01,S3,0,,0,4474.0,obs,508,31.1,20.71,10.98,S3,31.1,20.71,10.98,S3,31.1,20.71,11.01,S3,7.501,0,S3,site_s3,S3,S3,S3,127.0,0.0,0.0,330.9,1,1,1,,,0,0.0,0.0,0.0,0.0,0.0,,279.0,,0
1786377552.436,c2,recommend,,0.0,26.76,14.03,4.0,S3,0,,0,200.0,obs,672,26.76,14.03,4.0,S3,26.76,14.03,4.0,S3,26.76,14.03,4.0,S3,7.501,0,S3,site_s3,S3,S3,S3,168.0,0.0,0.0,360.8,1,1,1,,,0,0.0,0.0,0.0,0.0,0.0,,279.0,,0
1786377553.436,c1,reserve,,0.0,26.34,13.67,3.57,S3,0,,0,36.0,obs,342,26.34,13.67,3.65,S3,26.34,13.67,3.65,S3,26.34,13.67,3.57,S3,7.586,0,S3,site_s3,S3,S3,S3,85.5,0.0,0.0,23.8,1,1,1,,,0,0.0,0.0,0.0,0.0,0.0,,279.0,,0
1786377553.436,c1,search,,0.0,31.1,20.71,10.95,S3,0,,0,4474.0,obs,503,31.1,20.71,10.98,S3,31.1,20.71,10.98,S3,31.1,20.71,10.95,S3,7.586,0,S3,site_s3,S3,S3,S3,125.5,0.0,0.0,149.3,1,1,1,,,0,0.0,0.0,0.0,0.0,0.0,,279.0,,0
1786377553.436,c1,recommend,,0.0,26.76,14.03,4.02,S3,0,,0,200.0,obs,673,26.76,14.03,4.0,S3,26.76,14.03,4.0,S3,26.76,14.03,4.02,S3,7.586,0,S3,site_s3,S3,S3,S3,168.0,0.0,0.0,179.2,1,1,1,,,0,0.0,0.0,0.0,0.0,0.0,,279.0,,0
1786377553.436,c2,reserve,,0.0,26.34,13.67,3.57,S3,0,,0,36.0,obs,342,26.34,13.67,3.65,S3,26.34,13.67,3.65,S3,26.34,13.67,3.57,S3,7.586,0,S3,site_s3,S3,S3,S3,85.5,0.0,0.0,202.9,1,1,1,,,0,0.0,0.0,0.0,0.0,0.0,,279.0,,0
1786377553.436,c2,search,,0.0,31.1,20.71,10.95,S3,0,,0,4474.0,obs,503,31.1,20.71,10.98,S3,31.1,20.71,10.98,S3,31.1,20.71,10.95,S3,7.586,0,S3,site_s3,S3,S3,S3,126.0,0.0,0.0,328.9,1,1,1,,,0,0.0,0.0,0.0,0.0,0.0,,279.0,,0
1786377553.436,c2,recommend,,0.0,26.76,14.03,4.02,S3,0,,0,200.0,obs,673,26.76,14.03,4.0,S3,26.76,14.03,4.0,S3,26.76,14.03,4.02,S3,7.586,0,S3,site_s3,S3,S3,S3,168.5,0.0,0.0,358.9,1,1,1,,,0,0.0,0.0,0.0,0.0,0.0,,279.0,,0
1786377554.436,c1,reserve,,0.0,26.34,13.67,3.66,S3,0,,0,36.0,obs,337,26.34,13.67,3.65,S3,26.34,13.67,3.65,S3,26.34,13.67,3.66,S3,7.66,0,S3,site_s3,S3,S3,S3,84.5,0.0,0.0,23.5,1,1,1,,,0,0.0,0.0,0.0,0.0,0.0,,279.0,,0
1786377554.436,c1,search,,0.0,31.1,20.71,10.95,S3,0,,0,4474.0,obs,505,31.1,20.71,10.98,S3,31.1,20.71,10.98,S3,31.1,20.71,10.95,S3,7.66,0,S3,site_s3,S3,S3,S3,126.0,0.0,0.0,149.5,1,1,1,,,0,0.0,0.0,0.0,0.0,0.0,,279.0,,0
1786377554.436,c1,recommend,,0.0,26.76,14.03,3.97,S3,0,,0,200.0,obs,678,26.76,14.03,4.0,S3,26.76,14.03,4.0,S3,26.76,14.03,3.97,S3,7.66,0,S3,site_s3,S3,S3,S3,169.5,0.0,0.0,179.7,1,1,1,,,0,0.0,0.0,0.0,0.0,0.0,,279.0,,0
1786377554.436,c2,reserve,,0.0,26.34,13.67,3.66,S3,0,,0,36.0,obs,337,26.34,13.67,3.65,S3,26.34,13.67,3.65,S3,26.34,13.67,3.66,S3,7.66,0,S3,site_s3,S3,S3,S3,84.0,0.0,0.0,203.0,1,1,1,,,0,0.0,0.0,0.0,0.0,0.0,,279.0,,0
1786377554.436,c2,search,,0.0,31.1,20.71,10.95,S3,0,,0,4474.0,obs,505,31.1,20.71,10.98,S3,31.1,20.71,10.98,S3,31.1,20.71,10.95,S3,7.66,0,S3,site_s3,S3,S3,S3,126.5,0.0,0.0,329.5,1,1,1,,,0,0.0,0.0,0.0,0.0,0.0,,279.0,,0
1786377554.436,c2,recommend,,0.0,26.76,14.03,3.97,S3,0,,0,200.0,obs,678,26.76,14.03,4.0,S3,26.76,14.03,4.0,S3,26.76,14.03,3.97,S3,7.66,0,S3,site_s3,S3,S3,S3,169.5,0.0,0.0,359.7,1,1,1,,,0,0.0,0.0,0.0,0.0,0.0,,279.0,,0
1786377555.436,c1,reserve,,0.0,26.34,13.67,3.61,S3,0,,0,36.0,obs,336,26.34,13.67,3.65,S3,26.34,13.67,3.65,S3,26.34,13.67,3.61,S3,7.542,0,S3,site_s3,S3,S3,S3,84.0,0.0,0.0,23.4,1,1,1,,,0,0.0,0.0,0.0,0.0,0.0,,279.0,,0
1786377555.436,c1,search,,0.0,31.1,20.71,10.84,S3,0,,0,4474.0,obs,507,31.1,20.71,10.98,S3,31.1,20.71,10.98,S3,31.1,20.71,10.84,S3,7.542,0,S3,site_s3,S3,S3,S3,127.0,0.0,0.0,150.4,1,1,1,,,0,0.0,0.0,0.0,0.0,0.0,,279.0,,0
1786377555.436,c1,recommend,,0.0,26.76,14.03,3.96,S3,0,,0,200.0,obs,678,26.76,14.03,4.0,S3,26.76,14.03,4.0,S3,26.76,14.03,3.96,S3,7.542,0,S3,site_s3,S3,S3,S3,169.5,0.0,0.0,180.5,1,1,1,,,0,0.0,0.0,0.0,0.0,0.0,,279.0,,0
1786377555.436,c2,reserve,,0.0,26.34,13.67,3.61,S3,0,,0,36.0,obs,336,26.34,13.67,3.65,S3,26.34,13.67,3.65,S3,26.34,13.67,3.61,S3,7.542,0,S3,site_s3,S3,S3,S3,84.0,0.0,0.0,203.9,1,1,1,,,0,0.0,0.0,0.0,0.0,0.0,,279.0,,0
1786377555.436,c2,search,,0.0,31.1,20.71,10.84,S3,0,,0,4474.0,obs,507,31.1,20.71,10.98,S3,31.1,20.71,10.98,S3,31.1,20.71,10.84,S3,7.542,0,S3,site_s3,S3,S3,S3,126.5,0.0,0.0,330.4,1,1,1,,,0,0.0,0.0,0.0,0.0,0.0,,279.0,,0
1786377555.436,c2,recommend,,0.0,26.76,14.03,3.96,S3,0,,0,200.0,obs,678,26.76,14.03,4.0,S3,26.76,14.03,4.0,S3,26.76,14.03,3.96,S3,7.542,0,S3,site_s3,S3,S3,S3,169.5,0.0,0.0,360.5,1,1,1,,,0,0.0,0.0,0.0,0.0,0.0,,279.0,,0
1786377556.436,c1,reserve,,0.0,26.34,13.67,3.52,S3,0,,0,36.0,obs,337,26.34,13.67,3.65,S3,26.34,13.67,3.65,S3,26.34,13.67,3.52,S3,7.626,0,S3,site_s3,S3,S3,S3,84.0,0.0,0.0,23.4,1,1,1,,,0,0.0,0.0,0.0,0.0,0.0,,279.0,,0
1786377556.436,c1,search,,0.0,31.1,20.71,10.84,S3,0,,0,4474.0,obs,508,31.1,20.71,10.98,S3,31.1,20.71,10.98,S3,31.1,20.71,10.84,S3,7.626,0,S3,site_s3,S3,S3,S3,127.0,0.0,0.0,150.4,1,1,1,,,0,0.0,0.0,0.0,0.0,0.0,,279.0,,0
1786377556.436,c1,recommend,,0.0,26.76,14.03,3.91,S3,0,,0,200.0,obs,675,26.76,14.03,4.0,S3,26.76,14.03,4.0,S3,26.76,14.03,3.91,S3,7.626,0,S3,site_s3,S3,S3,S3,169.0,0.0,0.0,180.4,1,1,1,,,0,0.0,0.0,0.0,0.0,0.0,,279.0,,0
1786377556.436,c2,reserve,,0.0,26.34,13.67,3.52,S3,0,,0,36.0,obs,337,26.34,13.67,3.65,S3,26.34,13.67,3.65,S3,26.34,13.67,3.52,S3,7.626,0,S3,site_s3,S3,S3,S3,84.5,0.0,0.0,203.9,1,1,1,,,0,0.0,0.0,0.0,0.0,0.0,,279.0,,0
1786377556.436,c2,search,,0.0,31.1,20.71,10.84,S3,0,,0,4474.0,obs,508,31.1,20.71,10.98,S3,31.1,20.71,10.98,S3,31.1,20.71,10.84,S3,7.626,0,S3,site_s3,S3,S3,S3,127.0,0.0,0.0,330.9,1,1,1,,,0,0.0,0.0,0.0,0.0,0.0,,279.0,,0
1786377556.436,c2,recommend,,0.0,26.76,14.03,3.91,S3,0,,0,200.0,obs,675,26.76,14.03,4.0,S3,26.76,14.03,4.0,S3,26.76,14.03,3.91,S3,7.626,0,S3,site_s3,S3,S3,S3,168.5,0.0,0.0,360.9,1,1,1,,,0,0.0,0.0,0.0,0.0,0.0,,279.0,,0
1786377557.436,c1,reserve,,0.0,26.34,13.67,3.4,S3,0,,0,36.0,obs,341,26.34,13.67,3.65,S3,26.34,13.67,3.65,S3,26.34,13.67,3.4,S3,7.31,0,S3,site_s3,S3,S3,S3,85.5,0.0,0.0,23.8,1,1,1,,,0,0.0,0.0,0.0,0.0,0.0,,279.0,,0
1786377557.436,c1,search,,0.0,31.1,20.71,10.75,S3,0,,0,4474.0,obs,508,31.1,20.71,10.98,S3,31.1,20.71,10.98,S3,31.1,20.71,10.75,S3,7.31,0,S3,site_s3,S3,S3,S3,127.0,0.0,0.0,150.8,1,1,1,,,0,0.0,0.0,0.0,0.0,0.0,,279.0,,0
1786377557.436,c1,recommend,,0.0,26.76,14.03,3.85,S3,0,,0,200.0,obs,672,26.76,14.03,4.0,S3,26.76,14.03,4.0,S3,26.76,14.03,3.85,S3,7.31,0,S3,site_s3,S3,S3,S3,167.5,0.0,0.0,180.6,1,1,1,,,0,0.0,0.0,0.0,0.0,0.0,,279.0,,0
1786377557.436,c2,reserve,,0.0,26.34,13.67,3.4,S3,0,,0,36.0,obs,341,26.34,13.67,3.65,S3,26.34,13.67,3.65,S3,26.34,13.67,3.4,S3,7.31,0,S3,site_s3,S3,S3,S3,85.0,0.0,0.0,204.2,1,1,1,,,0,0.0,0.0,0.0,0.0,0.0,,279.0,,0
1786377557.436,c2,search,,0.0,31.1,20.71,10.75,S3,0,,0,4474.0,obs,508,31.1,20.71,10.98,S3,31.1,20.71,10.98,S3,31.1,20.71,10.75,S3,7.31,0,S3,site_s3,S3,S3,S3,127.0,0.0,0.0,331.2,1,1,1,,,0,0.0,0.0,0.0,0.0,0.0,,279.0,,0
1786377557.436,c2,recommend,,0.0,26.76,14.03,3.85,S3,0,,0,200.0,obs,672,26.76,14.03,4.0,S3,26.76,14.03,4.0,S3,26.76,14.03,3.85,S3,7.31,0,S3,site_s3,S3,S3,S3,168.5,0.0,0.0,361.2,1,1,1,,,0,0.0,0.0,0.0,0.0,0.0,,279.0,,0
1786377558.436,c1,reserve,,0.0,26.34,13.67,3.45,S3,0,,0,36.0,obs,340,26.34,13.67,3.65,S3,26.34,13.67,3.65,S3,26.34,13.67,3.45,S3,7.792,0,S3,site_s3,S3,S3,S3,85.0,0.0,0.0,23.6,1,1,1,,,0,0.0,0.0,0.0,0.0,0.0,,279.0,,0
1786377558.436,c1,search,,0.0,31.1,20.71,10.79,S3,0,,0,4474.0,obs,504,31.1,20.71,10.98,S3,31.1,20.71,10.98,S3,31.1,20.71,10.79,S3,7.792,0,S3,site_s3,S3,S3,S3,126.0,0.0,0.0,149.6,1,1,1,,,0,0.0,0.0,0.0,0.0,0.0,,279.0,,0
1786377558.436,c1,recommend,,0.0,26.76,14.03,3.88,S3,0,,0,200.0,obs,678,26.76,14.03,4.0,S3,26.76,14.03,4.0,S3,26.76,14.03,3.88,S3,7.792,0,S3,site_s3,S3,S3,S3,169.5,0.0,0.0,179.8,1,1,1,,,0,0.0,0.0,0.0,0.0,0.0,,279.0,,0
1786377558.436,c2,reserve,,0.0,26.34,13.67,3.45,S3,0,,0,36.0,obs,340,26.34,13.67,3.65,S3,26.34,13.67,3.65,S3,26.34,13.67,3.45,S3,7.792,0,S3,site_s3,S3,S3,S3,85.0,0.0,0.0,203.4,1,1,1,,,0,0.0,0.0,0.0,0.0,0.0,,279.0,,0
1786377558.436,c2,search,,0.0,31.1,20.71,10.79,S3,0,,0,4474.0,obs,504,31.1,20.71,10.98,S3,31.1,20.71,10.98,S3,31.1,20.71,10.79,S3,7.792,0,S3,site_s3,S3,S3,S3,126.0,0.0,0.0,329.4,1,1,1,,,0,0.0,0.0,0.0,0.0,0.0,,279.0,,0
1786377558.436,c2,recommend,,0.0,26.76,14.03,3.88,S3,0,,0,200.0,obs,678,26.76,14.03,4.0,S3,26.76,14.03,4.0,S3,26.76,14.03,3.88,S3,7.792,0,S3,site_s3,S3,S3,S3,169.5,0.0,0.0,359.6,1,1,1,,,0,0.0,0.0,0.0,0.0,0.0,,279.0,,0
1786377559.436,c1,reserve,,0.0,26.34,13.67,3.65,S3,0,,0,36.0,obs,336,26.34,13.67,3.65,S3,26.34,13.67,3.65,S3,26.34,13.67,3.65,S3,7.535,0,S3,site_s3,S3,S3,S3,84.0,0.0,0.0,23.4,1,1,1,,,0,0.0,0.0,0.0,0.0,0.0,,279.0,,0
1786377559.436,c1,search,,0.0,31.1,20.71,10.92,S3,0,,0,4474.0,obs,507,31.1,20.71,10.98,S3,31.1,20.71,10.98,S3,31.1,20.71,10.92,S3,7.535,0,S3,site_s3,S3,S3,S3,126.5,0.0,0.0,149.9,1,1,1,,,0,0.0,0.0,0.0,0.0,0.0,,279.0,,0
1786377559.436,c1,recommend,,0.0,26.76,14.03,3.88,S3,0,,0,200.0,obs,680,26.76,14.03,4.0,S3,26.76,14.03,4.0,S3,26.76,14.03,3.88,S3,7.535,0,S3,site_s3,S3,S3,S3,170.0,0.0,0.0,180.1,1,1,1,,,0,0.0,0.0,0.0,0.0,0.0,,279.0,,0
1786377559.436,c2,reserve,,0.0,26.34,13.67,3.65,S3,0,,0,36.0,obs,336,26.34,13.67,3.65,S3,26.34,13.67,3.65,S3,26.34,13.67,3.65,S3,7.535,0,S3,site_s3,S3,S3,S3,84.0,0.0,0.0,203.5,1,1,1,,,0,0.0,0.0,0.0,0.0,0.0,,279.0,,0
1786377559.436,c2,search,,0.0,31.1,20.71,10.92,S3,0,,0,4474.0,obs,507,31.1,20.71,10.98,S3,31.1,20.71,10.98,S3,31.1,20.71,10.92,S3,7.535,0,S3,site_s3,S3,S3,S3,127.0,0.0,0.0,330.5,1,1,1,,,0,0.0,0.0,0.0,0.0,0.0,,279.0,,0
1786377559.436,c2,recommend,,0.0,26.76,14.03,3.88,S3,0,,0,200.0,obs,680,26.76,14.03,4.0,S3,26.76,14.03,4.0,S3,26.76,14.03,3.88,S3,7.535,0,S3,site_s3,S3,S3,S3,170.0,0.0,0.0,360.7,1,1,1,,,0,0.0,0.0,0.0,0.0,0.0,,279.0,,0
1786377560.436,c1,reserve,,0.0,26.34,13.67,3.67,S3,0,,0,36.0,obs,336,26.34,13.67,3.65,S3,26.34,13.67,3.65,S3,26.34,13.67,3.67,S3,7.595,0,S3,site_s3,S3,S3,S3,84.0,0.0,0.0,23.4,1,1,1,,,0,0.0,0.0,0.0,0.0,0.0,,279.0,,0
1786377560.436,c1,search,,0.0,31.1,20.71,10.94,S3,0,,0,4474.0,obs,508,31.1,20.71,10.98,S3,31.1,20.71,10.98,S3,31.1,20.71,10.94,S3,7.595,0,S3,site_s3,S3,S3,S3,127.0,0.0,0.0,150.4,1,1,1,,,0,0.0,0.0,0.0,0.0,0.0,,279.0,,0
1786377560.436,c1,recommend,,0.0,26.76,14.03,3.91,S3,0,,0,200.0,obs,679,26.76,14.03,4.0,S3,26.76,14.03,4.0,S3,26.76,14.03,3.91,S3,7.595,0,S3,site_s3,S3,S3,S3,170.0,0.0,0.0,180.6,1,1,1,,,0,0.0,0.0,0.0,0.0,0.0,,279.0,,0
1786377560.436,c2,reserve,,0.0,26.34,13.67,3.67,S3,0,,0,36.0,obs,336,26.34,13.67,3.65,S3,26.34,13.67,3.65,S3,26.34,13.67,3.67,S3,7.595,0,S3,site_s3,S3,S3,S3,84.0,0.0,0.0,204.0,1,1,1,,,0,0.0,0.0,0.0,0.0,0.0,,279.0,,0
1786377560.436,c2,search,,0.0,31.1,20.71,10.94,S3,0,,0,4474.0,obs,508,31.1,20.71,10.98,S3,31.1,20.71,10.98,S3,31.1,20.71,10.94,S3,7.595,0,S3,site_s3,S3,S3,S3,127.0,0.0,0.0,331.0,1,1,1,,,0,0.0,0.0,0.0,0.0,0.0,,279.0,,0
1786377560.436,c2,recommend,,0.0,26.76,14.03,3.91,S3,0,,0,200.0,obs,679,26.76,14.03,4.0,S3,26.76,14.03,4.0,S3,26.76,14.03,3.91,S3,7.595,0,S3,site_s3,S3,S3,S3,169.5,0.0,0.0,361.1,1,1,1,,,0,0.0,0.0,0.0,0.0,0.0,,279.0,,0
1786377561.436,c1,reserve,,0.0,26.34,13.67,3.62,S3,0,,0,36.0,obs,339,26.34,13.67,3.65,S3,26.34,13.67,3.65,S3,26.34,13.67,3.62,S3,7.579,0,S3,site_s3,S3,S3,S3,84.5,0.0,0.0,23.5,1,1,1,,,0,0.0,0.0,0.0,0.0,0.0,,279.0,,0
1786377561.436,c1,search,,0.0,31.1,20.71,10.89,S3,0,,0,4474.0,obs,510,31.1,20.71,10.98,S3,31.1,20.71,10.98,S3,31.1,20.71,10.89,S3,7.579,0,S3,site_s3,S3,S3,S3,127.5,0.0,0.0,151.0,1,1,1,,,0,0.0,0.0,0.0,0.0,0.0,,279.0,,0
1786377561.436,c1,recommend,,0.0,26.76,14.03,3.89,S3,0,,0,200.0,obs,675,26.76,14.03,4.0,S3,26.76,14.03,4.0,S3,26.76,14.03,3.89,S3,7.579,0,S3,site_s3,S3,S3,S3,168.5,0.0,0.0,181.0,1,1,1,,,0,0.0,0.0,0.0,0.0,0.0,,279.0,,0
1786377561.436,c2,reserve,,0.0,26.34,13.67,3.62,S3,0,,0,36.0,obs,339,26.34,13.67,3.65,S3,26.34,13.67,3.65,S3,26.34,13.67,3.62,S3,7.579,0,S3,site_s3,S3,S3,S3,85.0,0.0,0.0,204.6,1,1,1,,,0,0.0,0.0,0.0,0.0,0.0,,279.0,,0
1786377561.436,c2,search,,0.0,31.1,20.71,10.89,S3,0,,0,4474.0,obs,510,31.1,20.71,10.98,S3,31.1,20.71,10.98,S3,31.1,20.71,10.89,S3,7.579,0,S3,site_s3,S3,S3,S3,127.5,0.0,0.0,332.1,1,1,1,,,0,0.0,0.0,0.0,0.0,0.0,,279.0,,0
1786377561.436,c2,recommend,,0.0,26.76,14.03,3.89,S3,0,,0,200.0,obs,675,26.76,14.03,4.0,S3,26.76,14.03,4.0,S3,26.76,14.03,3.89,S3,7.579,0,S3,site_s3,S3,S3,S3,169.0,0.0,0.0,362.2,1,1,1,,,0,0.0,0.0,0.0,0.0,0.0,,279.0,,0
1786377562.436,c1,reserve,,0.0,26.34,13.67,3.52,S3,0,,0,36.0,obs,344,26.34,13.67,3.65,S3,26.34,13.67,3.65,S3,26.34,13.67,3.52,S3,7.591,0,S3,site_s3,S3,S3,S3,86.0,0.0,0.0,23.9,1,1,1,,,0,0.0,0.0,0.0,0.0,0.0,,279.0,,0
1786377562.436,c1,search,,0.0,31.1,20.71,10.91,S3,0,,0,4474.0,obs,506,31.1,20.71,10.98,S3,31.1,20.71,10.98,S3,31.1,20.71,10.91,S3,7.591,0,S3,site_s3,S3,S3,S3,126.5,0.0,0.0,150.4,1,1,1,,,0,0.0,0.0,0.0,0.0,0.0,,279.0,,0
1786377562.436,c1,recommend,,0.0,26.76,14.03,3.88,S3,0,,0,200.0,obs,676,26.76,14.03,4.0,S3,26.76,14.03,4.0,S3,26.76,14.03,3.88,S3,7.591,0,S3,site_s3,S3,S3,S3,169.0,0.0,0.0,180.5,1,1,1,,,0,0.0,0.0,0.0,0.0,0.0,,279.0,,0
1786377562.436,c2,reserve,,0.0,26.34,13.67,3.52,S3,0,,0,36.0,obs,344,26.34,13.67,3.65,S3,26.34,13.67,3.65,S3,26.34,13.67,3.52,S3,7.591,0,S3,site_s3,S3,S3,S3,86.0,0.0,0.0,204.4,1,1,1,,,0,0.0,0.0,0.0,0.0,0.0,,279.0,,0
1786377562.436,c2,search,,0.0,31.1,20.71,10.91,S3,0,,0,4474.0,obs,506,31.1,20.71,10.98,S3,31.1,20.71,10.98,S3,31.1,20.71,10.91,S3,7.591,0,S3,site_s3,S3,S3,S3,126.5,0.0,0.0,330.9,1,1,1,,,0,0.0,0.0,0.0,0.0,0.0,,279.0,,0
1786377562.436,c2,recommend,,0.0,26.76,14.03,3.88,S3,0,,0,200.0,obs,676,26.76,14.03,4.0,S3,26.76,14.03,4.0,S3,26.76,14.03,3.88,S3,7.591,0,S3,site_s3,S3,S3,S3,169.0,0.0,0.0,361.0,1,1,1,,,0,0.0,0.0,0.0,0.0,0.0,,279.0,,0
1786377563.436,c1,reserve,,0.0,26.34,13.67,3.55,S3,0,,0,36.0,obs,339,26.34,13.67,3.65,S3,26.34,13.67,3.65,S3,26.34,13.67,3.55,S3,7.638,0,S3,site_s3,S3,S3,S3,85.0,0.0,0.0,23.6,1,1,1,,,0,0.0,0.0,0.0,0.0,0.0,,279.0,,0
1786377563.436,c1,search,,0.0,31.1,20.71,10.91,S3,0,,0,4474.0,obs,506,31.1,20.71,10.98,S3,31.1,20.71,10.98,S3,31.1,20.71,10.91,S3,7.638,0,S3,site_s3,S3,S3,S3,126.5,0.0,0.0,150.1,1,1,1,,,0,0.0,0.0,0.0,0.0,0.0,,279.0,,0
1786377563.436,c1,recommend,,0.0,26.76,14.03,3.92,S3,0,,0,200.0,obs,680,26.76,14.03,4.0,S3,26.76,14.03,4.0,S3,26.76,14.03,3.92,S3,7.638,0,S3,site_s3,S3,S3,S3,170.0,0.0,0.0,180.4,1,1,1,,,0,0.0,0.0,0.0,0.0,0.0,,279.0,,0
1786377563.436,c2,reserve,,0.0,26.34,13.67,3.55,S3,0,,0,36.0,obs,339,26.34,13.67,3.65,S3,26.34,13.67,3.65,S3,26.34,13.67,3.55,S3,7.638,0,S3,site_s3,S3,S3,S3,84.5,0.0,0.0,203.9,1,1,1,,,0,0.0,0.0,0.0,0.0,0.0,,279.0,,0
1786377563.436,c2,search,,0.0,31.1,20.71,10.91,S3,0,,0,4474.0,obs,506,31.1,20.71,10.98,S3,31.1,20.71,10.98,S3,31.1,20.71,10.91,S3,7.638,0,S3,site_s3,S3,S3,S3,126.5,0.0,0.0,330.4,1,1,1,,,0,0.0,0.0,0.0,0.0,0.0,,279.0,,0
1786377563.436,c2,recommend,,0.0,26.76,14.03,3.92,S3,0,,0,200.0,obs,680,26.76,14.03,4.0,S3,26.76,14.03,4.0,S3,26.76,14.03,3.92,S3,7.638,0,S3,site_s3,S3,S3,S3,170.0,0.0,0.0,360.6,1,1,1,,,0,0.0,0.0,0.0,0.0,0.0,,279.0,,0
1786377564.436,c1,reserve,,0.0,26.34,13.67,3.67,S3,0,,0,36.0,obs,337,26.34,13.67,3.65,S3,26.34,13.67,3.65,S3,26.34,13.67,3.67,S3,7.538,0,S3,site_s3,S3,S3,S3,84.0,0.0,0.0,23.4,1,1,1,,,0,0.0,0.0,0.0,0.0,0.0,,279.0,,0
1786377564.436,c1,search,,0.0,31.1,20.71,10.93,S3,0,,0,4474.0,obs,509,31.1,20.71,10.98,S3,31.1,20.71,10.98,S3,31.1,20.71,10.93,S3,7.538,0,S3,site_s3,S3,S3,S3,127.5,0.0,0.0,150.9,1,1,1,,,0,0.0,0.0,0.0,0.0,0.0,,279.0,,0
1786377564.436,c1,recommend,,0.0,26.76,14.03,3.91,S3,0,,0,200.0,obs,682,26.76,14.03,4.0,S3,26.76,14.03,4.0,S3,26.76,14.03,3.91,S3,7.538,0,S3,site_s3,S3,S3,S3,170.5,0.0,0.0,181.2,1,1,1,,,0,0.0,0.0,0.0,0.0,0.0,,279.0,,0
1786377564.436,c2,reserve,,0.0,26.34,13.67,3.67,S3,0,,0,36.0,obs,337,26.34,13.67,3.65,S3,26.34,13.67,3.65,S3,26.34,13.67,3.67,S3,7.538,0,S3,site_s3,S3,S3,S3,84.5,0.0,0.0,204.7,1,1,1,,,0,0.0,0.0,0.0,0.0,0.0,,279.0,,0
1786377564.436,c2,search,,0.0,31.1,20.71,10.93,S3,0,,0,4474.0,obs,509,31.1,20.71,10.98,S3,31.1,20.71,10.98,S3,31.1,20.71,10.93,S3,7.538,0,S3,site_s3,S3,S3,S3,127.0,0.0,0.0,331.7,1,1,1,,,0,0.0,0.0,0.0,0.0,0.0,,279.0,,0
1786377564.436,c2,recommend,,0.0,26.76,14.03,3.91,S3,0,,0,200.0,obs,682,26.76,14.03,4.0,S3,26.76,14.03,4.0,S3,26.76,14.03,3.91,S3,7.538,0,S3,site_s3,S3,S3,S3,170.5,0.0,0.0,362.0,1,1,1,,,0,0.0,0.0,0.0,0.0,0.0,,279.0,,0
1786377565.436,c1,reserve,,0.0,26.34,13.67,3.72,S3,0,,0,36.0,obs,338,26.34,13.67,3.65,S3,26.34,13.67,3.65,S3,26.34,13.67,3.72,S3,7.623,0,S3,site_s3,S3,S3,S3,84.5,0.0,0.0,23.5,1,1,1,,,0,0.0,0.0,0.0,0.0,0.0,,279.0,,0
1786377565.436,c1,search,,0.0,31.1,20.71,10.97,S3,0,,0,4474.0,obs,511,31.1,20.71,10.98,S3,31.1,20.71,10.98,S3,31.1,20.71,10.97,S3,7.623,0,S3,site_s3,S3,S3,S3,127.5,0.0,0.0,151.0,1,1,1,,,0,0.0,0.0,0.0,0.0,0.0,,279.0,,0
1786377565.436,c1,recommend,,0.0,26.76,14.03,3.91,S3,0,,0,200.0,obs,680,26.76,14.03,4.0,S3,26.76,14.03,4.0,S3,26.76,14.03,3.91,S3,7.623,0,S3,site_s3,S3,S3,S3,170.0,0.0,0.0,181.3,1,1,1,,,0,0.0,0.0,0.0,0.0,0.0,,279.0,,0
1786377565.436,c2,reserve,,0.0,26.34,13.67,3.72,S3,0,,0,36.0,obs,338,26.34,13.67,3.65,S3,26.34,13.67,3.65,S3,26.34,13.67,3.72,S3,7.623,0,S3,site_s3,S3,S3,S3,84.5,0.0,0.0,204.7,1,1,1,,,0,0.0,0.0,0.0,0.0,0.0,,279.0,,0
1786377565.436,c2,search,,0.0,31.1,20.71,10.97,S3,0,,0,4474.0,obs,511,31.1,20.71,10.98,S3,31.1,20.71,10.98,S3,31.1,20.71,10.97,S3,7.623,0,S3,site_s3,S3,S3,S3,128.0,0.0,0.0,332.7,1,1,1,,,0,0.0,0.0,0.0,0.0,0.0,,279.0,,0
1786377565.436,c2,recommend,,0.0,26.76,14.03,3.91,S3,0,,0,200.0,obs,680,26.76,14.03,4.0,S3,26.76,14.03,4.0,S3,26.76,14.03,3.91,S3,7.623,0,S3,site_s3,S3,S3,S3,170.0,0.0,0.0,363.0,1,1,1,,,0,0.0,0.0,0.0,0.0,0.0,,279.0,,0
1786377566.436,c1,reserve,,0.0,26.34,13.67,3.67,S3,0,,0,36.0,obs,342,26.34,13.67,3.65,S3,26.34,13.67,3.65,S3,26.34,13.67,3.67,S3,7.565,0,S3,site_s3,S3,S3,S3,85.5,0.0,0.0,23.8,1,1,1,,,0,0.0,0.0,0.0,0.0,0.0,,279.0,,0
1786377566.436,c1,search,,0.0,31.1,20.71,10.92,S3,0,,0,4474.0,obs,511,31.1,20.71,10.98,S3,31.1,20.71,10.98,S3,31.1,20.71,10.92,S3,7.565,0,S3,site_s3,S3,S3,S3,128.0,0.0,0.0,151.8,1,1,1,,,0,0.0,0.0,0.0,0.0,0.0,,279.0,,0
1786377566.436,c1,recommend,,0.0,26.76,14.03,3.92,S3,0,,0,200.0,obs,675,26.76,14.03,4.0,S3,26.76,14.03,4.0,S3,26.76,14.03,3.92,S3,7.565,0,S3,site_s3,S3,S3,S3,168.5,0.0,0.0,181.8,1,1,1,,,0,0.0,0.0,0.0,0.0,0.0,,279.0,,0
1786377566.436,c2,reserve,,0.0,26.34,13.67,3.67,S3,0,,0,36.0,obs,342,26.34,13.67,3.65,S3,26.34,13.67,3.65,S3,26.34,13.67,3.67,S3,7.565,0,S3,site_s3,S3,S3,S3,85.5,0.0,0.0,205.5,1,1,1,,,0,0.0,0.0,0.0,0.0,0.0,,279.0,,0
1786377566.436,c2,search,,0.0,31.1,20.71,10.92,S3,0,,0,4474.0,obs,511,31.1,20.71,10.98,S3,31.1,20.71,10.98,S3,31.1,20.71,10.92,S3,7.565,0,S3,site_s3,S3,S3,S3,127.5,0.0,0.0,333.0,1,1,1,,,0,0.0,0.0,0.0,0.0,0.0,,279.0,,0
1786377566.436,c2,recommend,,0.0,26.76,14.03,3.92,S3,0,,0,200.0,obs,675,26.76,14.03,4.0,S3,26.76,14.03,4.0,S3,26.76,14.03,3.92,S3,7.565,0,S3,site_s3,S3,S3,S3,169.0,0.0,0.0,363.1,1,1,1,,,0,0.0,0.0,0.0,0.0,0.0,,279.0,,0
1786377567.436,c1,reserve,,0.0,26.34,13.67,3.61,S3,0,,0,36.0,obs,342,26.34,13.67,3.65,S3,26.34,13.67,3.65,S3,26.34,13.67,3.61,S3,7.794,0,S3,site_s3,S3,S3,S3,85.5,0.0,0.0,23.8,1,1,1,,,0,0.0,0.0,0.0,0.0,0.0,,279.0,,0
1786377567.436,c1,search,,0.0,31.1,20.71,10.78,S3,0,,0,4474.0,obs,506,31.1,20.71,10.98,S3,31.1,20.71,10.98,S3,31.1,20.71,10.78,S3,7.794,0,S3,site_s3,S3,S3,S3,126.5,0.0,0.0,150.3,1,1,1,,,0,0.0,0.0,0.0,0.0,0.0,,279.0,,0
1786377567.436,c1,recommend,,0.0,26.76,14.03,3.92,S3,0,,0,200.0,obs,680,26.76,14.03,4.0,S3,26.76,14.03,4.0,S3,26.76,14.03,3.92,S3,7.794,0,S3,site_s3,S3,S3,S3,170.0,0.0,0.0,180.5,1,1,1,,,0,0.0,0.0,0.0,0.0,0.0,,279.0,,0
1786377567.436,c2,reserve,,0.0,26.34,13.67,3.61,S3,0,,0,36.0,obs,342,26.34,13.67,3.65,S3,26.34,13.67,3.65,S3,26.34,13.67,3.61,S3,7.794,0,S3,site_s3,S3,S3,S3,85.5,0.0,0.0,204.3,1,1,1,,,0,0.0,0.0,0.0,0.0,0.0,,279.0,,0
1786377567.436,c2,search,,0.0,31.1,20.71,10.78,S3,0,,0,4474.0,obs,506,31.1,20.71,10.98,S3,31.1,20.71,10.98,S3,31.1,20.71,10.78,S3,7.794,0,S3,site_s3,S3,S3,S3,126.5,0.0,0.0,330.8,1,1,1,,,0,0.0,0.0,0.0,0.0,0.0,,279.0,,0
1786377567.436,c2,recommend,,0.0,26.76,14.03,3.92,S3,0,,0,200.0,obs,680,26.76,14.03,4.0,S3,26.76,14.03,4.0,S3,26.76,14.03,3.92,S3,7.794,0,S3,site_s3,S3,S3,S3,170.0,0.0,0.0,361.1,1,1,1,,,0,0.0,0.0,0.0,0.0,0.0,,279.0,,0
1786377568.436,c1,reserve,,0.0,26.34,13.67,3.54,S3,0,,0,36.0,obs,338,26.34,13.67,3.65,S3,26.34,13.67,3.65,S3,26.34,13.67,3.54,S3,7.662,0,S3,site_s3,S3,S3,S3,84.5,0.0,0.0,23.5,1,1,1,,,0,0.0,0.0,0.0,0.0,0.0,,279.0,,0
1786377568.436,c1,search,,0.0,31.1,20.71,10.78,S3,0,,0,4474.0,obs,509,31.1,20.71,10.98,S3,31.1,20.71,10.98,S3,31.1,20.71,10.78,S3,7.662,0,S3,site_s3,S3,S3,S3,127.0,0.0,0.0,150.5,1,1,1,,,0,0.0,0.0,0.0,0.0,0.0,,279.0,,0
1786377568.436,c1,recommend,,0.0,26.76,14.03,3.98,S3,0,,0,200.0,obs,682,26.76,14.03,4.0,S3,26.76,14.03,4.0,S3,26.76,14.03,3.98,S3,7.662,0,S3,site_s3,S3,S3,S3,170.5,0.0,0.0,180.8,1,1,1,,,0,0.0,0.0,0.0,0.0,0.0,,279.0,,0
1786377568.436,c2,reserve,,0.0,26.34,13.67,3.54,S3,0,,0,36.0,obs,338,26.34,13.67,3.65,S3,26.34,13.67,3.65,S3,26.34,13.67,3.54,S3,7.662,0,S3,site_s3,S3,S3,S3,84.5,0.0,0.0,204.3,1,1,1,,,0,0.0,0.0,0.0,0.0,0.0,,279.0,,0
1786377568.436,c2,search,,0.0,31.1,20.71,10.78,S3,0,,0,4474.0,obs,509,31.1,20.71,10.98,S3,31.1,20.71,10.98,S3,31.1,20.71,10.78,S3,7.662,0,S3,site_s3,S3,S3,S3,127.5,0.0,0.0,331.8,1,1,1,,,0,0.0,0.0,0.0,0.0,0.0,,279.0,,0
1786377568.436,c2,recommend,,0.0,26.76,14.03,3.98,S3,0,,0,200.0,obs,682,26.76,14.03,4.0,S3,26.76,14.03,4.0,S3,26.76,14.03,3.98,S3,7.662,0,S3,site_s3,S3,S3,S3,170.5,0.0,0.0,362.2,1,1,1,,,0,0.0,0.0,0.0,0.0,0.0,,279.0,,0
1786377569.436,c1,reserve,,0.0,26.34,13.67,3.61,S3,0,,0,36.0,obs,338,26.34,13.67,3.65,S3,26.34,13.67,3.65,S3,26.34,13.67,3.61,S3,7.737,0,S3,site_s3,S3,S3,S3,84.5,0.0,0.0,23.5,1,1,1,,,0,0.0,0.0,0.0,0.0,0.0,,279.0,,0
1786377569.436,c1,search,,0.0,31.1,20.71,10.93,S3,0,,0,4474.0,obs,510,31.1,20.71,10.98,S3,31.1,20.71,10.98,S3,31.1,20.71,10.93,S3,7.737,0,S3,site_s3,S3,S3,S3,127.5,0.0,0.0,151.0,1,1,1,,,0,0.0,0.0,0.0,0.0,0.0,,279.0,,0
1786377569.436,c1,recommend,,0.0,26.76,14.03,3.95,S3,0,,0,200.0,obs,682,26.76,14.03,4.0,S3,26.76,14.03,4.0,S3,26.76,14.03,3.95,S3,7.737,0,S3,site_s3,S3,S3,S3,170.5,0.0,0.0,181.3,1,1,1,,,0,0.0,0.0,0.0,0.0,0.0,,279.0,,0
1786377569.436,c2,reserve,,0.0,26.34,13.67,3.61,S3,0,,0,36.0,obs,338,26.34,13.67,3.65,S3,26.34,13.67,3.65,S3,26.34,13.67,3.61,S3,7.737,0,S3,site_s3,S3,S3,S3,84.5,0.0,0.0,204.8,1,1,1,,,0,0.0,0.0,0.0,0.0,0.0,,279.0,,0
1786377569.436,c2,search,,0.0,31.1,20.71,10.93,S3,0,,0,4474.0,obs,510,31.1,20.71,10.98,S3,31.1,20.71,10.98,S3,31.1,20.71,10.93,S3,7.737,0,S3,site_s3,S3,S3,S3,127.5,0.0,0.0,332.3,1,1,1,,,0,0.0,0.0,0.0,0.0,0.0,,279.0,,0
1786377569.436,c2,recommend,,0.0,26.76,14.03,3.95,S3,0,,0,200.0,obs,682,26.76,14.03,4.0,S3,26.76,14.03,4.0,S3,26.76,14.03,3.95,S3,7.737,0,S3,site_s3,S3,S3,S3,170.5,0.0,0.0,362.7,1,1,1,,,0,0.0,0.0,0.0,0.0,0.0,,279.0,,0
1786377570.436,c1,reserve,,0.0,26.34,13.67,3.61,S3,0,,0,36.0,obs,340,26.34,13.67,3.65,S3,26.34,13.67,3.65,S3,26.34,13.67,3.61,S3,7.592,0,S3,site_s3,S3,S3,S3,85.0,0.0,0.0,23.6,1,1,1,,,0,0.0,0.0,0.0,0.0,0.0,,279.0,,0
1786377570.436,c1,search,,0.0,31.1,20.71,10.95,S3,0,,0,4474.0,obs,512,31.1,20.71,10.98,S3,31.1,20.71,10.98,S3,31.1,20.71,10.95,S3,7.592,0,S3,site_s3,S3,S3,S3,128.0,0.0,0.0,151.6,1,1,1,,,0,0.0,0.0,0.0,0.0,0.0,,279.0,,0
1786377570.436,c1,recommend,,0.0,26.76,14.03,3.91,S3,0,,0,200.0,obs,679,26.76,14.03,4.0,S3,26.76,14.03,4.0,S3,26.76,14.03,3.91,S3,7.592,0,S3,site_s3,S3,S3,S3,169.5,0.0,0.0,181.8,1,1,1,,,0,0.0,0.0,0.0,0.0,0.0,,279.0,,0
1786377570.436,c2,reserve,,0.0,26.34,13.67,3.61,S3,0,,0,36.0,obs,340,26.34,13.67,3.65,S3,26.34,13.67,3.65,S3,26.34,13.67,3.61,S3,7.592,0,S3,site_s3,S3,S3,S3,85.0,0.0,0.0,205.4,1,1,1,,,0,0.0,0.0,0.0,0.0,0.0,,279.0,,0
1786377570.436,c2,search,,0.0,31.1,20.71,10.95,S3,0,,0,4474.0,obs,512,31.1,20.71,10.98,S3,31.1,20.71,10.98,S3,31.1,20.71,10.95,S3,7.592,0,S3,site_s3,S3,S3,S3,128.0,0.0,0.0,333.4,1,1,1,,,0,0.0,0.0,0.0,0.0,0.0,,279.0,,0
1786377570.436,c2,recommend,,0.0,26.76,14.03,3.91,S3,0,,0,200.0,obs,679,26.76,14.03,4.0,S3,26.76,14.03,4.0,S3,26.76,14.03,3.91,S3,7.592,0,S3,site_s3,S3,S3,S3,170.0,0.0,0.0,363.7,1,1,1,,,0,0.0,0.0,0.0,0.0,0.0,,279.0,,0
1786377571.436,c1,reserve,,0.0,26.34,13.67,3.65,S3,0,,0,36.0,obs,344,26.34,13.67,3.65,S3,26.34,13.67,3.65,S3,26.34,13.67,3.65,S3,7.289,0,S3,site_s3,S3,S3,S3,86.0,0.0,0.0,23.9,1,1,1,,,0,0.0,0.0,0.0,0.0,0.0,,279.0,,0
1786377571.436,c1,search,,0.0,31.1,20.71,10.9,S3,0,,0,4474.0,obs,509,31.1,20.71,10.98,S3,31.1,20.71,10.98,S3,31.1,20.71,10.9,S3,7.289,0,S3,site_s3,S3,S3,S3,127.0,0.0,0.0,150.9,1,1,1,,,0,0.0,0.0,0.0,0.0,0.0,,279.0,,0
1786377571.436,c1,recommend,,0.0,26.76,14.03,3.92,S3,0,,0,200.0,obs,680,26.76,14.03,4.0,S3,26.76,14.03,4.0,S3,26.76,14.03,3.92,S3,7.289,0,S3,site_s3,S3,S3,S3,170.0,0.0,0.0,181.2,1,1,1,,,0,0.0,0.0,0.0,0.0,0.0,,279.0,,0
1786377571.436,c2,reserve,,0.0,26.34,13.67,3.65,S3,0,,0,36.0,obs,344,26.34,13.67,3.65,S3,26.34,13.67,3.65,S3,26.34,13.67,3.65,S3,7.289,0,S3,site_s3,S3,S3,S3,86.0,0.0,0.0,205.1,1,1,1,,,0,0.0,0.0,0.0,0.0,0.0,,279.0,,0
1786377571.436,c2,search,,0.0,31.1,20.71,10.9,S3,0,,0,4474.0,obs,509,31.1,20.71,10.98,S3,31.1,20.71,10.98,S3,31.1,20.71,10.9,S3,7.289,0,S3,site_s3,S3,S3,S3,127.5,0.0,0.0,332.6,1,1,1,,,0,0.0,0.0,0.0,0.0,0.0,,279.0,,0
1786377571.436,c2,recommend,,0.0,26.76,14.03,3.92,S3,0,,0,200.0,obs,680,26.76,14.03,4.0,S3,26.76,14.03,4.0,S3,26.76,14.03,3.92,S3,7.289,0,S3,site_s3,S3,S3,S3,170.0,0.0,0.0,362.8,1,1,1,,,0,0.0,0.0,0.0,0.0,0.0,,279.0,,0
1786377572.436,c1,reserve,,0.0,26.34,13.67,3.62,S3,0,,0,36.0,obs,340,26.34,13.67,3.65,S3,26.34,13.67,3.65,S3,26.34,13.67,3.62,S3,7.632,0,S3,site_s3,S3,S3,S3,85.0,0.0,0.0,23.6,1,1,1,,,0,0.0,0.0,0.0,0.0,0.0,,279.0,,0
1786377572.436,c1,search,,0.0,31.1,20.71,10.9,S3,0,,0,4474.0,obs,510,31.1,20.71,10.98,S3,31.1,20.71,10.98,S3,31.1,20.71,10.9,S3,7.632,0,S3,site_s3,S3,S3,S3,127.5,0.0,0.0,151.1,1,1,1,,,0,0.0,0.0,0.0,0.0,0.0,,279.0,,0
1786377572.436,c1,recommend,,0.0,26.76,14.03,3.96,S3,0,,0,200.0,obs,684,26.76,14.03,4.0,S3,26.76,14.03,4.0,S3,26.76,14.03,3.96,S3,7.632,0,S3,site_s3,S3,S3,S3,171.0,0.0,0.0,181.6,1,1,1,,,0,0.0,0.0,0.0,0.0,0.0,,279.0,,0
1786377572.436,c2,reserve,,0.0,26.34,13.67,3.62,S3,0,,0,36.0,obs,340,26.34,13.67,3.65,S3,26.34,13.67,3.65,S3,26.34,13.67,3.62,S3,7.632,0,S3,site_s3,S3,S3,S3,85.0,0.0,0.0,205.2,1,1,1,,,0,0.0,0.0,0.0,0.0,0.0,,279.0,,0
1786377572.436,c2,search,,0.0,31.1,20.71,10.9,S3,0,,0,4474.0,obs,510,31.1,20.71,10.98,S3,31.1,20.71,10.98,S3,31.1,20.71,10.9,S3,7.632,0,S3,site_s3,S3,S3,S3,127.5,0.0,0.0,332.7,1,1,1,,,0,0.0,0.0,0.0,0.0,0.0,,279.0,,0
1786377572.436,c2,recommend,,0.0,26.76,14.03,3.96,S3,0,,0,200.0,obs,684,26.76,14.03,4.0,S3,26.76,14.03,4.0,S3,26.76,14.03,3.96,S3,7.632,0,S3,site_s3,S3,S3,S3,171.0,0.0,0.0,363.1,1,1,1,,,0,0.0,0.0,0.0,0.0,0.0,,279.0,,0
1786377573.436,c1,reserve,,0.0,26.34,13.67,3.49,S3,0,,0,36.0,obs,339,26.34,13.67,3.65,S3,26.34,13.67,3.65,S3,26.34,13.67,3.49,S3,7.528,0,S3,site_s3,S3,S3,S3,84.5,0.0,0.0,23.5,1,1,1,,,0,0.0,0.0,0.0,0.0,0.0,,279.0,,0
1786377573.436,c1,search,,0.0,31.1,20.71,10.92,S3,0,,0,4474.0,obs,511,31.1,20.71,10.98,S3,31.1,20.71,10.98,S3,31.1,20.71,10.92,S3,7.528,0,S3,site_s3,S3,S3,S3,128.0,0.0,0.0,151.5,1,1,1,,,0,0.0,0.0,0.0,0.0,0.0,,279.0,,0
1786377573.436,c1,recommend,,0.0,26.76,14.03,3.95,S3,0,,0,200.0,obs,684,26.76,14.03,4.0,S3,26.76,14.03,4.0,S3,26.76,14.03,3.95,S3,7.528,0,S3,site_s3,S3,S3,S3,171.0,0.0,0.0,181.9,1,1,1,,,0,0.0,0.0,0.0,0.0,0.0,,279.0,,0
1786377573.436,c2,reserve,,0.0,26.34,13.67,3.49,S3,0,,0,36.0,obs,339,26.34,13.67,3.65,S3,26.34,13.67,3.65,S3,26.34,13.67,3.49,S3,7.528,0,S3,site_s3,S3,S3,S3,85.0,0.0,0.0,205.6,1,1,1,,,0,0.0,0.0,0.0,0.0,0.0,,279.0,,0
1786377573.436,c2,search,,0.0,31.1,20.71,10.92,S3,0,,0,4474.0,obs,511,31.1,20.71,10.98,S3,31.1,20.71,10.98,S3,31.1,20.71,10.92,S3,7.528,0,S3,site_s3,S3,S3,S3,127.5,0.0,0.0,333.1,1,1,1,,,0,0.0,0.0,0.0,0.0,0.0,,279.0,,0
1786377573.436,c2,recommend,,0.0,26.76,14.03,3.95,S3,0,,0,200.0,obs,684,26.76,14.03,4.0,S3,26.76,14.03,4.0,S3,26.76,14.03,3.95,S3,7.528,0,S3,site_s3,S3,S3,S3,171.0,0.0,0.0,363.5,1,1,1,,,0,0.0,0.0,0.0,0.0,0.0,,279.0,,0
1786377574.436,c1,reserve,,0.0,26.34,13.67,3.41,S3,0,,0,36.0,obs,340,26.34,13.67,3.65,S3,26.34,13.67,3.65,S3,26.34,13.67,3.41,S3,7.652,0,S3,site_s3,S3,S3,S3,85.0,0.0,0.0,23.6,1,1,1,,,0,0.0,0.0,0.0,0.0,0.0,,279.0,,0
1786377574.436,c1,search,,0.0,31.1,20.71,10.91,S3,0,,0,4474.0,obs,513,31.1,20.71,10.98,S3,31.1,20.71,10.98,S3,31.1,20.71,10.91,S3,7.652,0,S3,site_s3,S3,S3,S3,128.0,0.0,0.0,151.6,1,1,1,,,0,0.0,0.0,0.0,0.0,0.0,,279.0,,0
1786377574.436,c1,recommend,,0.0,26.76,14.03,3.93,S3,0,,0,200.0,obs,682,26.76,14.03,4.0,S3,26.76,14.03,4.0,S3,26.76,14.03,3.93,S3,7.652,0,S3,site_s3,S3,S3,S3,170.5,0.0,0.0,182.0,1,1,1,,,0,0.0,0.0,0.0,0.0,0.0,,279.0,,0
1786377574.436,c2,reserve,,0.0,26.34,13.67,3.41,S3,0,,0,36.0,obs,340,26.34,13.67,3.65,S3,26.34,13.67,3.65,S3,26.34,13.67,3.41,S3,7.652,0,S3,site_s3,S3,S3,S3,85.0,0.0,0.0,205.6,1,1,1,,,0,0.0,0.0,0.0,0.0,0.0,,279.0,,0
1786377574.436,c2,search,,0.0,31.1,20.71,10.91,S3,0,,0,4474.0,obs,513,31.1,20.71,10.98,S3,31.1,20.71,10.98,S3,31.1,20.71,10.91,S3,7.652,0,S3,site_s3,S3,S3,S3,128.5,0.0,0.0,334.1,1,1,1,,,0,0.0,0.0,0.0,0.0,0.0,,279.0,,0
1786377574.436,c2,recommend,,0.0,26.76,14.03,3.93,S3,0,,0,200.0,obs,682,26.76,14.03,4.0,S3,26.76,14.03,4.0,S3,26.76,14.03,3.93,S3,7.652,0,S3,site_s3,S3,S3,S3,170.5,0.0,0.0,364.5,1,1,1,,,0,0.0,0.0,0.0,0.0,0.0,,279.0,,0
1786377575.436,c1,reserve,,0.0,26.34,13.67,3.55,S3,0,,0,36.0,obs,344,26.34,13.67,3.65,S3,26.34,13.67,3.65,S3,26.34,13.67,3.55,S3,7.601,0,S3,site_s3,S3,S3,S3,86.0,0.0,0.0,23.9,1,1,1,,,0,0.0,0.0,0.0,0.0,0.0,,279.0,,0
1786377575.436,c1,search,,0.0,31.1,20.71,10.82,S3,0,,0,4474.0,obs,513,31.1,20.71,10.98,S3,31.1,20.71,10.98,S3,31.1,20.71,10.82,S3,7.601,0,S3,site_s3,S3,S3,S3,128.5,0.0,0.0,152.4,1,1,1,,,0,0.0,0.0,0.0,0.0,0.0,,279.0,,0
1786377575.436,c1,recommend,,0.0,26.76,14.03,3.93,S3,0,,0,200.0,obs,679,26.76,14.03,4.0,S3,26.76,14.03,4.0,S3,26.76,14.03,3.93,S3,7.601,0,S3,site_s3,S3,S3,S3,169.5,0.0,0.0,182.6,1,1,1,,,0,0.0,0.0,0.0,0.0,0.0,,279.0,,0
1786377575.436,c2,reserve,,0.0,26.34,13.67,3.55,S3,0,,0,36.0,obs,344,26.34,13.67,3.65,S3,26.34,13.67,3.65,S3,26.34,13.67,3.55,S3,7.601,0,S3,site_s3,S3,S3,S3,86.0,0.0,0.0,206.5,1,1,1,,,0,0.0,0.0,0.0,0.0,0.0,,279.0,,0
1786377575.436,c2,search,,0.0,31.1,20.71,10.82,S3,0,,0,4474.0,obs,513,31.1,20.71,10.98,S3,31.1,20.71,10.98,S3,31.1,20.71,10.82,S3,7.601,0,S3,site_s3,S3,S3,S3,128.0,0.0,0.0,334.5,1,1,1,,,0,0.0,0.0,0.0,0.0,0.0,,279.0,,0
1786377575.436,c2,recommend,,0.0,26.76,14.03,3.93,S3,0,,0,200.0,obs,679,26.76,14.03,4.0,S3,26.76,14.03,4.0,S3,26.76,14.03,3.93,S3,7.601,0,S3,site_s3,S3,S3,S3,170.0,0.0,0.0,364.7,1,1,1,,,0,0.0,0.0,0.0,0.0,0.0,,279.0,,0
1786377576.436,c1,reserve,,0.0,26.34,13.67,3.54,S3,0,,0,36.0,obs,343,26.34,13.67,3.65,S3,26.34,13.67,3.65,S3,26.34,13.67,3.54,S3,7.763,0,S3,site_s3,S3,S3,S3,86.0,0.0,0.0,23.9,1,1,1,,,0,0.0,0.0,0.0,0.0,0.0,,279.0,,0
1786377576.436,c1,search,,0.0,31.1,20.71,10.67,S3,0,,0,4474.0,obs,509,31.1,20.71,10.98,S3,31.1,20.71,10.98,S3,31.1,20.71,10.67,S3,7.763,0,S3,site_s3,S3,S3,S3,127.0,0.0,0.0,150.9,1,1,1,,,0,0.0,0.0,0.0,0.0,0.0,,279.0,,0
1786377576.436,c1,recommend,,0.0,26.76,14.03,3.87,S3,0,,0,200.0,obs,685,26.76,14.03,4.0,S3,26.76,14.03,4.0,S3,26.76,14.03,3.87,S3,7.763,0,S3,site_s3,S3,S3,S3,171.0,0.0,0.0,181.3,1,1,1,,,0,0.0,0.0,0.0,0.0,0.0,,279.0,,0
1786377576.436,c2,reserve,,0.0,26.34,13.67,3.54,S3,0,,0,36.0,obs,343,26.34,13.67,3.65,S3,26.34,13.67,3.65,S3,26.34,13.67,3.54,S3,7.763,0,S3,site_s3,S3,S3,S3,85.5,0.0,0.0,205.1,1,1,1,,,0,0.0,0.0,0.0,0.0,0.0,,279.0,,0
1786377576.436,c2,search,,0.0,31.1,20.71,10.67,S3,0,,0,4474.0,obs,509,31.1,20.71,10.98,S3,31.1,20.71,10.98,S3,31.1,20.71,10.67,S3,7.763,0,S3,site_s3,S3,S3,S3,127.5,0.0,0.0,332.6,1,1,1,,,0,0.0,0.0,0.0,0.0,0.0,,279.0,,0
1786377576.436,c2,recommend,,0.0,26.76,14.03,3.87,S3,0,,0,200.0,obs,685,26.76,14.03,4.0,S3,26.76,14.03,4.0,S3,26.76,14.03,3.87,S3,7.763,0,S3,site_s3,S3,S3,S3,171.5,0.0,0.0,363.1,1,1,1,,,0,0.0,0.0,0.0,0.0,0.0,,279.0,,0
1786377577.436,c1,reserve,,0.0,26.34,13.67,3.49,S3,0,,0,36.0,obs,339,26.34,13.67,3.65,S3,26.34,13.67,3.65,S3,26.34,13.67,3.49,S3,7.647,0,S3,site_s3,S3,S3,S3,84.5,0.0,0.0,23.5,1,1,1,,,0,0.0,0.0,0.0,0.0,0.0,,279.0,,0
1786377577.436,c1,search,,0.0,31.1,20.71,10.7,S3,0,,0,4474.0,obs,512,31.1,20.71,10.98,S3,31.1,20.71,10.98,S3,31.1,20.71,10.7,S3,7.647,0,S3,site_s3,S3,S3,S3,128.0,0.0,0.0,151.5,1,1,1,,,0,0.0,0.0,0.0,0.0,0.0,,279.0,,0
1786377577.436,c1,recommend,,0.0,26.76,14.03,3.8,S3,0,,0,200.0,obs,687,26.76,14.03,4.0,S3,26.76,14.03,4.0,S3,26.76,14.03,3.8,S3,7.647,0,S3,site_s3,S3,S3,S3,172.0,0.0,0.0,182.1,1,1,1,,,0,0.0,0.0,0.0,0.0,0.0,,279.0,,0
1786377577.436,c2,reserve,,0.0,26.34,13.67,3.49,S3,0,,0,36.0,obs,339,26.34,13.67,3.65,S3,26.34,13.67,3.65,S3,26.34,13.67,3.49,S3,7.647,0,S3,site_s3,S3,S3,S3,85.0,0.0,0.0,205.7,1,1,1,,,0,0.0,0.0,0.0,0.0,0.0,,279.0,,0
1786377577.436,c2,search,,0.0,31.1,20.71,10.7,S3,0,,0,4474.0,obs,512,31.1,20.71,10.98,S3,31.1,20.71,10.98,S3,31.1,20.71,10.7,S3,7.647,0,S3,site_s3,S3,S3,S3,128.0,0.0,0.0,333.7,1,1,1,,,0,0.0,0.0,0.0,0.0,0.0,,279.0,,0
1786377577.436,c2,recommend,,0.0,26.76,14.03,3.8,S3,0,,0,200.0,obs,687,26.76,14.03,4.0,S3,26.76,14.03,4.0,S3,26.76,14.03,3.8,S3,7.647,0,S3,site_s3,S3,S3,S3,171.5,0.0,0.0,364.3,1,1,1,,,0,0.0,0.0,0.0,0.0,0.0,,279.0,,0
1786377578.436,c1,reserve,,0.0,26.34,13.67,3.49,S3,0,,0,36.0,obs,340,26.34,13.67,3.65,S3,26.34,13.67,3.65,S3,26.34,13.67,3.49,S3,7.702,0,S3,site_s3,S3,S3,S3,85.0,0.0,0.0,23.6,1,1,1,,,0,0.0,0.0,0.0,0.0,0.0,,279.0,,0
1786377578.436,c1,search,,0.0,31.1,20.71,10.51,S3,0,,0,4474.0,obs,514,31.1,20.71,10.98,S3,31.1,20.71,10.98,S3,31.1,20.71,10.51,S3,7.702,0,S3,site_s3,S3,S3,S3,128.5,0.0,0.0,152.1,1,1,1,,,0,0.0,0.0,0.0,0.0,0.0,,279.0,,0
1786377578.436,c1,recommend,,0.0,26.76,14.03,3.81,S3,0,,0,200.0,obs,686,26.76,14.03,4.0,S3,26.76,14.03,4.0,S3,26.76,14.03,3.81,S3,7.702,0,S3,site_s3,S3,S3,S3,171.5,0.0,0.0,182.7,1,1,1,,,0,0.0,0.0,0.0,0.0,0.0,,279.0,,0
1786377578.436,c2,reserve,,0.0,26.34,13.67,3.49,S3,0,,0,36.0,obs,340,26.34,13.67,3.65,S3,26.34,13.67,3.65,S3,26.34,13.67,3.49,S3,7.702,0,S3,site_s3,S3,S3,S3,85.0,0.0,0.0,206.3,1,1,1,,,0,0.0,0.0,0.0,0.0,0.0,,279.0,,0
1786377578.436,c2,search,,0.0,31.1,20.71,10.51,S3,0,,0,4474.0,obs,514,31.1,20.71,10.98,S3,31.1,20.71,10.98,S3,31.1,20.71,10.51,S3,7.702,0,S3,site_s3,S3,S3,S3,128.5,0.0,0.0,334.8,1,1,1,,,0,0.0,0.0,0.0,0.0,0.0,,279.0,,0
1786377578.436,c2,recommend,,0.0,26.76,14.03,3.81,S3,0,,0,200.0,obs,686,26.76,14.03,4.0,S3,26.76,14.03,4.0,S3,26.76,14.03,3.81,S3,7.702,0,S3,site_s3,S3,S3,S3,171.5,0.0,0.0,365.3,1,1,1,,,0,0.0,0.0,0.0,0.0,0.0,,279.0,,0
1786377579.436,c1,reserve,,0.0,26.34,13.67,3.63,S3,0,,0,36.0,obs,343,26.34,13.67,3.65,S3,26.34,13.67,3.65,S3,26.34,13.67,3.63,S3,7.534,0,S3,site_s3,S3,S3,S3,85.5,0.0,0.0,23.8,1,1,1,,,0,0.0,0.0,0.0,0.0,0.0,,279.0,,0
1786377579.436,c1,search,,0.0,31.1,20.71,10.64,S3,0,,0,4474.0,obs,515,31.1,20.71,10.98,S3,31.1,20.71,10.98,S3,31.1,20.71,10.64,S3,7.534,0,S3,site_s3,S3,S3,S3,129.0,0.0,0.0,152.8,1,1,1,,,0,0.0,0.0,0.0,0.0,0.0,,279.0,,0
1786377579.436,c1,recommend,,0.0,26.76,14.03,3.93,S3,0,,0,200.0,obs,682,26.76,14.03,4.0,S3,26.76,14.03,4.0,S3,26.76,14.03,3.93,S3,7.534,0,S3,site_s3,S3,S3,S3,170.5,0.0,0.0,183.1,1,1,1,,,0,0.0,0.0,0.0,0.0,0.0,,279.0,,0
1786377579.436,c2,reserve,,0.0,26.34,13.67,3.63,S3,0,,0,36.0,obs,343,26.34,13.67,3.65,S3,26.34,13.67,3.65,S3,26.34,13.67,3.63,S3,7.534,0,S3,site_s3,S3,S3,S3,86.0,0.0,0.0,207.0,1,1,1,,,0,0.0,0.0,0.0,0.0,0.0,,279.0,,0
1786377579.436,c2,search,,0.0,31.1,20.71,10.64,S3,0,,0,4474.0,obs,515,31.1,20.71,10.98,S3,31.1,20.71,10.98,S3,31.1,20.71,10.64,S3,7.534,0,S3,site_s3,S3,S3,S3,128.5,0.0,0.0,335.5,1,1,1,,,0,0.0,0.0,0.0,0.0,0.0,,279.0,,0
1786377579.436,c2,recommend,,0.0,26.76,14.03,3.93,S3,0,,0,200.0,obs,682,26.76,14.03,4.0,S3,26.76,14.03,4.0,S3,26.76,14.03,3.93,S3,7.534,0,S3,site_s3,S3,S3,S3,170.5,0.0,0.0,365.9,1,1,1,,,0,0.0,0.0,0.0,0.0,0.0,,279.0,,0
1786377580.436,c1,reserve,,0.0,26.34,13.67,3.61,S3,0,,0,36.0,obs,347,26.34,13.67,3.65,S3,26.34,13.67,3.65,S3,26.34,13.67,3.61,S3,7.366,0,S3,site_s3,S3,S3,S3,87.0,0.0,0.0,24.2,1,1,1,,,0,0.0,0.0,0.0,0.0,0.0,,279.0,,0
1786377580.436,c1,search,,0.0,31.1,20.71,10.99,S3,0,,0,4474.0,obs,511,31.1,20.71,10.98,S3,31.1,20.71,10.98,S3,31.1,20.71,10.99,S3,7.366,0,S3,site_s3,S3,S3,S3,127.5,0.0,0.0,151.7,1,1,1,,,0,0.0,0.0,0.0,0.0,0.0,,279.0,,0
1786377580.436,c1,recommend,,0.0,26.76,14.03,4.03,S3,0,,0,200.0,obs,682,26.76,14.03,4.0,S3,26.76,14.03,4.0,S3,26.76,14.03,4.03,S3,7.366,0,S3,site_s3,S3,S3,S3,170.5,0.0,0.0,182.0,1,1,1,,,0,0.0,0.0,0.0,0.0,0.0,,279.0,,0
1786377580.436,c2,reserve,,0.0,26.34,13.67,3.61,S3,0,,0,36.0,obs,347,26.34,13.67,3.65,S3,26.34,13.67,3.65,S3,26.34,13.67,3.61,S3,7.366,0,S3,site_s3,S3,S3,S3,86.5,0.0,0.0,206.1,1,1,1,,,0,0.0,0.0,0.0,0.0,0.0,,279.0,,0
1786377580.436,c2,search,,0.0,31.1,20.71,10.99,S3,0,,0,4474.0,obs,511,31.1,20.71,10.98,S3,31.1,20.71,10.98,S3,31.1,20.71,10.99,S3,7.366,0,S3,site_s3,S3,S3,S3,128.0,0.0,0.0,334.1,1,1,1,,,0,0.0,0.0,0.0,0.0,0.0,,279.0,,0
1786377580.436,c2,recommend,,0.0,26.76,14.03,4.03,S3,0,,0,200.0,obs,682,26.76,14.03,4.0,S3,26.76,14.03,4.0,S3,26.76,14.03,4.03,S3,7.366,0,S3,site_s3,S3,S3,S3,170.5,0.0,0.0,364.4,1,1,1,,,0,0.0,0.0,0.0,0.0,0.0,,279.0,,0
1786377581.436,c1,reserve,,0.0,26.34,13.67,3.57,S3,0,,0,36.0,obs,342,26.34,13.67,3.65,S3,26.34,13.67,3.65,S3,26.34,13.67,3.57,S3,7.335,0,S3,site_s3,S3,S3,S3,85.5,0.0,0.0,23.8,1,1,1,,,0,0.0,0.0,0.0,0.0,0.0,,279.0,,0
1786377581.436,c1,search,,0.0,31.1,20.71,10.95,S3,0,,0,4474.0,obs,512,31.1,20.71,10.98,S3,31.1,20.71,10.98,S3,31.1,20.71,10.95,S3,7.335,0,S3,site_s3,S3,S3,S3,128.0,0.0,0.0,151.8,1,1,1,,,0,0.0,0.0,0.0,0.0,0.0,,279.0,,0
1786377581.436,c1,recommend,,0.0,26.76,14.03,3.95,S3,0,,0,200.0,obs,688,26.76,14.03,4.0,S3,26.76,14.03,4.0,S3,26.76,14.03,3.95,S3,7.335,0,S3,site_s3,S3,S3,S3,172.0,0.0,0.0,182.4,1,1,1,,,0,0.0,0.0,0.0,0.0,0.0,,279.0,,0
1786377581.436,c2,reserve,,0.0,26.34,13.67,3.57,S3,0,,0,36.0,obs,342,26.34,13.67,3.65,S3,26.34,13.67,3.65,S3,26.34,13.67,3.57,S3,7.335,0,S3,site_s3,S3,S3,S3,85.5,0.0,0.0,206.2,1,1,1,,,0,0.0,0.0,0.0,0.0,0.0,,279.0,,0
1786377581.436,c2,search,,0.0,31.1,20.71,10.95,S3,0,,0,4474.0,obs,512,31.1,20.71,10.98,S3,31.1,20.71,10.98,S3,31.1,20.71,10.95,S3,7.335,0,S3,site_s3,S3,S3,S3,128.0,0.0,0.0,334.2,1,1,1,,,0,0.0,0.0,0.0,0.0,0.0,,279.0,,0
1786377581.436,c2,recommend,,0.0,26.76,14.03,3.95,S3,0,,0,200.0,obs,688,26.76,14.03,4.0,S3,26.76,14.03,4.0,S3,26.76,14.03,3.95,S3,7.335,0,S3,site_s3,S3,S3,S3,172.0,0.0,0.0,364.8,1,1,1,,,0,0.0,0.0,0.0,0.0,0.0,,279.0,,0
1786377582.436,c1,reserve,,0.0,26.34,13.67,3.53,S3,0,,0,36.0,obs,340,26.34,13.67,3.65,S3,26.34,13.67,3.65,S3,26.34,13.67,3.53,S3,7.567,0,S3,site_s3,S3,S3,S3,85.0,0.0,0.0,23.6,1,1,1,,,0,0.0,0.0,0.0,0.0,0.0,,279.0,,0
1786377582.436,c1,search,,0.0,31.1,20.71,10.89,S3,0,,0,4474.0,obs,514,31.1,20.71,10.98,S3,31.1,20.71,10.98,S3,31.1,20.71,10.89,S3,7.567,0,S3,site_s3,S3,S3,S3,128.5,0.0,0.0,152.1,1,1,1,,,0,0.0,0.0,0.0,0.0,0.0,,279.0,,0
1786377582.436,c1,recommend,,0.0,26.76,14.03,3.89,S3,0,,0,200.0,obs,689,26.76,14.03,4.0,S3,26.76,14.03,4.0,S3,26.76,14.03,3.89,S3,7.567,0,S3,site_s3,S3,S3,S3,172.0,0.0,0.0,182.7,1,1,1,,,0,0.0,0.0,0.0,0.0,0.0,,279.0,,0
1786377582.436,c2,reserve,,0.0,26.34,13.67,3.53,S3,0,,0,36.0,obs,340,26.34,13.67,3.65,S3,26.34,13.67,3.65,S3,26.34,13.67,3.53,S3,7.567,0,S3,site_s3,S3,S3,S3,85.0,0.0,0.0,206.4,1,1,1,,,0,0.0,0.0,0.0,0.0,0.0,,279.0,,0
1786377582.436,c2,search,,0.0,31.1,20.71,10.89,S3,0,,0,4474.0,obs,514,31.1,20.71,10.98,S3,31.1,20.71,10.98,S3,31.1,20.71,10.89,S3,7.567,0,S3,site_s3,S3,S3,S3,128.5,0.0,0.0,334.9,1,1,1,,,0,0.0,0.0,0.0,0.0,0.0,,279.0,,0
1786377582.436,c2,recommend,,0.0,26.76,14.03,3.89,S3,0,,0,200.0,obs,689,26.76,14.03,4.0,S3,26.76,14.03,4.0,S3,26.76,14.03,3.89,S3,7.567,0,S3,site_s3,S3,S3,S3,172.5,0.0,0.0,365.6,1,1,1,,,0,0.0,0.0,0.0,0.0,0.0,,279.0,,0
1786377583.436,c1,reserve,,0.0,26.34,13.67,3.49,S3,0,,0,36.0,obs,341,26.34,13.67,3.65,S3,26.34,13.67,3.65,S3,26.34,13.67,3.49,S3,7.642,0,S3,site_s3,S3,S3,S3,85.0,0.0,0.0,23.6,1,1,1,,,0,0.0,0.0,0.0,0.0,0.0,,279.0,,0
1786377583.436,c1,search,,0.0,31.1,20.71,10.89,S3,0,,0,4474.0,obs,517,31.1,20.71,10.98,S3,31.1,20.71,10.98,S3,31.1,20.71,10.89,S3,7.642,0,S3,site_s3,S3,S3,S3,129.0,0.0,0.0,152.6,1,1,1,,,0,0.0,0.0,0.0,0.0,0.0,,279.0,,0
1786377583.436,c1,recommend,,0.0,26.76,14.03,3.81,S3,0,,0,200.0,obs,687,26.76,14.03,4.0,S3,26.76,14.03,4.0,S3,26.76,14.03,3.81,S3,7.642,0,S3,site_s3,S3,S3,S3,172.0,0.0,0.0,183.2,1,1,1,,,0,0.0,0.0,0.0,0.0,0.0,,279.0,,0
1786377583.436,c2,reserve,,0.0,26.34,13.67,3.49,S3,0,,0,36.0,obs,341,26.34,13.67,3.65,S3,26.34,13.67,3.65,S3,26.34,13.67,3.49,S3,7.642,0,S3,site_s3,S3,S3,S3,85.5,0.0,0.0,207.0,1,1,1,,,0,0.0,0.0,0.0,0.0,0.0,,279.0,,0
1786377583.436,c2,search,,0.0,31.1,20.71,10.89,S3,0,,0,4474.0,obs,517,31.1,20.71,10.98,S3,31.1,20.71,10.98,S3,31.1,20.71,10.89,S3,7.642,0,S3,site_s3,S3,S3,S3,129.5,0.0,0.0,336.5,1,1,1,,,0,0.0,0.0,0.0,0.0,0.0,,279.0,,0
1786377583.436,c2,recommend,,0.0,26.76,14.03,3.81,S3,0,,0,200.0,obs,687,26.76,14.03,4.0,S3,26.76,14.03,4.0,S3,26.76,14.03,3.81,S3,7.642,0,S3,site_s3,S3,S3,S3,171.5,0.0,0.0,367.0,1,1,1,,,0,0.0,0.0,0.0,0.0,0.0,,279.0,,0
1786377584.436,c1,reserve,,0.0,26.34,13.67,3.56,S3,0,,0,36.0,obs,346,26.34,13.67,3.65,S3,26.34,13.67,3.65,S3,26.34,13.67,3.56,S3,7.618,0,S3,site_s3,S3,S3,S3,86.5,0.0,0.0,24.0,1,1,1,,,0,0.0,0.0,0.0,0.0,0.0,,279.0,,0
1786377584.436,c1,search,,0.0,31.1,20.71,10.91,S3,0,,0,4474.0,obs,516,31.1,20.71,10.98,S3,31.1,20.71,10.98,S3,31.1,20.71,10.91,S3,7.618,0,S3,site_s3,S3,S3,S3,129.0,0.0,0.0,153.0,1,1,1,,,0,0.0,0.0,0.0,0.0,0.0,,279.0,,0
1786377584.436,c1,recommend,,0.0,26.76,14.03,3.96,S3,0,,0,200.0,obs,683,26.76,14.03,4.0,S3,26.76,14.03,4.0,S3,26.76,14.03,3.96,S3,7.618,0,S3,site_s3,S3,S3,S3,170.5,0.0,0.0,183.4,1,1,1,,,0,0.0,0.0,0.0,0.0,0.0,,279.0,,0
1786377584.436,c2,reserve,,0.0,26.34,13.67,3.56,S3,0,,0,36.0,obs,346,26.34,13.67,3.65,S3,26.34,13.67,3.65,S3,26.34,13.67,3.56,S3,7.618,0,S3,site_s3,S3,S3,S3,86.5,0.0,0.0,207.4,1,1,1,,,0,0.0,0.0,0.0,0.0,0.0,,279.0,,0
1786377584.436,c2,search,,0.0,31.1,20.71,10.91,S3,0,,0,4474.0,obs,516,31.1,20.71,10.98,S3,31.1,20.71,10.98,S3,31.1,20.71,10.91,S3,7.618,0,S3,site_s3,S3,S3,S3,129.0,0.0,0.0,336.4,1,1,1,,,0,0.0,0.0,0.0,0.0,0.0,,279.0,,0
1786377584.436,c2,recommend,,0.0,26.76,14.03,3.96,S3,0,,0,200.0,obs,683,26.76,14.03,4.0,S3,26.76,14.03,4.0,S3,26.76,14.03,3.96,S3,7.618,0,S3,site_s3,S3,S3,S3,171.0,0.0,0.0,366.9,1,1,1,,,0,0.0,0.0,0.0,0.0,0.0,,279.0,,0
1786377585.436,c1,reserve,,0.0,26.34,13.67,3.5,S3,0,,0,36.0,obs,346,26.34,13.67,3.65,S3,26.34,13.67,3.65,S3,26.34,13.67,3.5,S3,7.296,0,S3,site_s3,S3,S3,S3,86.5,0.0,0.0,24.0,1,1,1,,,0,0.0,0.0,0.0,0.0,0.0,,279.0,,0
1786377585.436,c1,search,,0.0,31.1,20.71,10.98,S3,0,,0,4474.0,obs,512,31.1,20.71,10.98,S3,31.1,20.71,10.98,S3,31.1,20.71,10.98,S3,7.296,0,S3,site_s3,S3,S3,S3,128.0,0.0,0.0,152.0,1,1,1,,,0,0.0,0.0,0.0,0.0,0.0,,279.0,,0
1786377585.436,c1,recommend,,0.0,26.76,14.03,3.99,S3,0,,0,200.0,obs,688,26.76,14.03,4.0,S3,26.76,14.03,4.0,S3,26.76,14.03,3.99,S3,7.296,0,S3,site_s3,S3,S3,S3,172.0,0.0,0.0,182.7,1,1,1,,,0,0.0,0.0,0.0,0.0,0.0,,279.0,,0
1786377585.436,c2,reserve,,0.0,26.34,13.67,3.5,S3,0,,0,36.0,obs,346,26.34,13.67,3.65,S3,26.34,13.67,3.65,S3,26.34,13.67,3.5,S3,7.296,0,S3,site_s3,S3,S3,S3,86.5,0.0,0.0,206.7,1,1,1,,,0,0.0,0.0,0.0,0.0,0.0,,279.0,,0
1786377585.436,c2,search,,0.0,31.1,20.71,10.98,S3,0,,0,4474.0,obs,512,31.1,20.71,10.98,S3,31.1,20.71,10.98,S3,31.1,20.71,10.98,S3,7.296,0,S3,site_s3,S3,S3,S3,128.0,0.0,0.0,334.7,1,1,1,,,0,0.0,0.0,0.0,0.0,0.0,,279.0,,0
1786377585.436,c2,recommend,,0.0,26.76,14.03,3.99,S3,0,,0,200.0,obs,688,26.76,14.03,4.0,S3,26.76,14.03,4.0,S3,26.76,14.03,3.99,S3,7.296,0,S3,site_s3,S3,S3,S3,172.0,0.0,0.0,365.3,1,1,1,,,0,0.0,0.0,0.0,0.0,0.0,,279.0,,0
1786377586.436,c1,reserve,,0.0,26.34,13.67,3.44,S3,0,,0,36.0,obs,342,26.34,13.67,3.65,S3,26.34,13.67,3.65,S3,26.34,13.67,3.44,S3,7.326,0,S3,site_s3,S3,S3,S3,85.5,0.0,0.0,23.8,1,1,1,,,0,0.0,0.0,0.0,0.0,0.0,,279.0,,0
1786377586.436,c1,search,,0.0,31.1,20.71,10.93,S3,0,,0,4474.0,obs,515,31.1,20.71,10.98,S3,31.1,20.71,10.98,S3,31.1,20.71,10.93,S3,7.326,0,S3,site_s3,S3,S3,S3,128.5,0.0,0.0,152.3,1,1,1,,,0,0.0,0.0,0.0,0.0,0.0,,279.0,,0
1786377586.436,c1,recommend,,0.0,26.76,14.03,3.98,S3,0,,0,200.0,obs,691,26.76,14.03,4.0,S3,26.76,14.03,4.0,S3,26.76,14.03,3.98,S3,7.326,0,S3,site_s3,S3,S3,S3,173.0,0.0,0.0,183.1,1,1,1,,,0,0.0,0.0,0.0,0.0,0.0,,279.0,,0
1786377586.436,c2,reserve,,0.0,26.34,13.67,3.44,S3,0,,0,36.0,obs,342,26.34,13.67,3.65,S3,26.34,13.67,3.65,S3,26.34,13.67,3.44,S3,7.326,0,S3,site_s3,S3,S3,S3,85.5,0.0,0.0,206.8,1,1,1,,,0,0.0,0.0,0.0,0.0,0.0,,279.0,,0
1786377586.436,c2,search,,0.0,31.1,20.71,10.93,S3,0,,0,4474.0,obs,515,31.1,20.71,10.98,S3,31.1,20.71,10.98,S3,31.1,20.71,10.93,S3,7.326,0,S3,site_s3,S3,S3,S3,129.0,0.0,0.0,335.8,1,1,1,,,0,0.0,0.0,0.0,0.0,0.0,,279.0,,0
1786377586.436,c2,recommend,,0.0,26.76,14.03,3.98,S3,0,,0,200.0,obs,691,26.76,14.03,4.0,S3,26.76,14.03,4.0,S3,26.76,14.03,3.98,S3,7.326,0,S3,site_s3,S3,S3,S3,172.5,0.0,0.0,366.5,1,1,1,,,0,0.0,0.0,0.0,0.0,0.0,,279.0,,0
1786377587.436,c1,reserve,,0.0,26.34,13.67,3.4,S3,0,,0,36.0,obs,342,26.34,13.67,3.65,S3,26.34,13.67,3.65,S3,26.34,13.67,3.4,S3,7.318,0,S3,site_s3,S3,S3,S3,85.5,0.0,0.0,23.8,1,1,1,,,0,0.0,0.0,0.0,0.0,0.0,,279.0,,0
1786377587.436,c1,search,,0.0,31.1,20.71,10.8,S3,0,,0,4474.0,obs,516,31.1,20.71,10.98,S3,31.1,20.71,10.98,S3,31.1,20.71,10.8,S3,7.318,0,S3,site_s3,S3,S3,S3,129.0,0.0,0.0,152.8,1,1,1,,,0,0.0,0.0,0.0,0.0,0.0,,279.0,,0
1786377587.436,c1,recommend,,0.0,26.76,14.03,3.95,S3,0,,0,200.0,obs,690,26.76,14.03,4.0,S3,26.76,14.03,4.0,S3,26.76,14.03,3.95,S3,7.318,0,S3,site_s3,S3,S3,S3,172.5,0.0,0.0,183.5,1,1,1,,,0,0.0,0.0,0.0,0.0,0.0,,279.0,,0
1786377587.436,c2,reserve,,0.0,26.34,13.67,3.4,S3,0,,0,36.0,obs,342,26.34,13.67,3.65,S3,26.34,13.67,3.65,S3,26.34,13.67,3.4,S3,7.318,0,S3,site_s3,S3,S3,S3,85.5,0.0,0.0,207.2,1,1,1,,,0,0.0,0.0,0.0,0.0,0.0,,279.0,,0
1786377587.436,c2,search,,0.0,31.1,20.71,10.8,S3,0,,0,4474.0,obs,516,31.1,20.71,10.98,S3,31.1,20.71,10.98,S3,31.1,20.71,10.8,S3,7.318,0,S3,site_s3,S3,S3,S3,129.0,0.0,0.0,336.2,1,1,1,,,0,0.0,0.0,0.0,0.0,0.0,,279.0,,0
1786377587.436,c2,recommend,,0.0,26.76,14.03,3.95,S3,0,,0,200.0,obs,690,26.76,14.03,4.0,S3,26.76,14.03,4.0,S3,26.76,14.03,3.95,S3,7.318,0,S3,site_s3,S3,S3,S3,172.5,0.0,0.0,366.9,1,1,1,,,0,0.0,0.0,0.0,0.0,0.0,,279.0,,0
1786377588.436,c1,reserve,,0.0,26.34,13.67,3.65,S3,0,,0,36.0,obs,344,26.34,13.67,3.65,S3,26.34,13.67,3.65,S3,26.34,13.67,3.65,S3,7.596,0,S3,site_s3,S3,S3,S3,86.0,0.0,0.0,23.9,1,1,1,,,0,0.0,0.0,0.0,0.0,0.0,,279.0,,0
1786377588.436,c1,search,,0.0,31.1,20.71,10.84,S3,0,,0,4474.0,obs,518,31.1,20.71,10.98,S3,31.1,20.71,10.98,S3,31.1,20.71,10.84,S3,7.596,0,S3,site_s3,S3,S3,S3,129.5,0.0,0.0,153.4,1,1,1,,,0,0.0,0.0,0.0,0.0,0.0,,279.0,,0
1786377588.436,c1,recommend,,0.0,26.76,14.03,3.93,S3,0,,0,200.0,obs,687,26.76,14.03,4.0,S3,26.76,14.03,4.0,S3,26.76,14.03,3.93,S3,7.596,0,S3,site_s3,S3,S3,S3,171.5,0.0,0.0,183.9,1,1,1,,,0,0.0,0.0,0.0,0.0,0.0,,279.0,,0
1786377588.436,c2,reserve,,0.0,26.34,13.67,3.65,S3,0,,0,36.0,obs,344,26.34,13.67,3.65,S3,26.34,13.67,3.65,S3,26.34,13.67,3.65,S3,7.596,0,S3,site_s3,S3,S3,S3,86.0,0.0,0.0,207.8,1,1,1,,,0,0.0,0.0,0.0,0.0,0.0,,279.0,,0
1786377588.436,c2,search,,0.0,31.1,20.71,10.84,S3,0,,0,4474.0,obs,518,31.1,20.71,10.98,S3,31.1,20.71,10.98,S3,31.1,20.71,10.84,S3,7.596,0,S3,site_s3,S3,S3,S3,129.5,0.0,0.0,337.3,1,1,1,,,0,0.0,0.0,0.0,0.0,0.0,,279.0,,0
1786377588.436,c2,recommend,,0.0,26.76,14.03,3.93,S3,0,,0,200.0,obs,687,26.76,14.03,4.0,S3,26.76,14.03,4.0,S3,26.76,14.03,3.93,S3,7.596,0,S3,site_s3,S3,S3,S3,172.0,0.0,0.0,368.0,1,1,1,,,0,0.0,0.0,0.0,0.0,0.0,,279.0,,0
1786377589.436,c1,reserve,,0.0,26.34,13.67,3.74,S3,0,,0,36.0,obs,348,26.34,13.67,3.65,S3,26.34,13.67,3.65,S3,26.34,13.67,3.74,S3,7.251,0,S3,site_s3,S3,S3,S3,87.0,0.0,0.0,24.2,1,1,1,,,0,0.0,0.0,0.0,0.0,0.0,,279.0,,0
1786377589.436,c1,search,,0.0,31.1,20.71,11.05,S3,0,,0,4474.0,obs,515,31.1,20.71,10.98,S3,31.1,20.71,10.98,S3,31.1,20.71,11.05,S3,7.251,0,S3,site_s3,S3,S3,S3,129.0,0.0,0.0,153.2,1,1,1,,,0,0.0,0.0,0.0,0.0,0.0,,279.0,,0
1786377589.436,c1,recommend,,0.0,26.76,14.03,3.98,S3,0,,0,200.0,obs,686,26.76,14.03,4.0,S3,26.76,14.03,4.0,S3,26.76,14.03,3.98,S3,7.251,0,S3,site_s3,S3,S3,S3,171.5,0.0,0.0,183.7,1,1,1,,,0,0.0,0.0,0.0,0.0,0.0,,279.0,,0
1786377589.436,c2,reserve,,0.0,26.34,13.67,3.74,S3,0,,0,36.0,obs,348,26.34,13.67,3.65,S3,26.34,13.67,3.65,S3,26.34,13.67,3.74,S3,7.251,0,S3,site_s3,S3,S3,S3,87.0,0.0,0.0,207.9,1,1,1,,,0,0.0,0.0,0.0,0.0,0.0,,279.0,,0
1786377589.436,c2,search,,0.0,31.1,20.71,11.05,S3,0,,0,4474.0,obs,515,31.1,20.71,10.98,S3,31.1,20.71,10.98,S3,31.1,20.71,11.05,S3,7.251,0,S3,site_s3,S3,S3,S3,128.5,0.0,0.0,336.4,1,1,1,,,0,0.0,0.0,0.0,0.0,0.0,,279.0,,0
1786377589.436,c2,recommend,,0.0,26.76,14.03,3.98,S3,0,,0,200.0,obs,686,26.76,14.03,4.0,S3,26.76,14.03,4.0,S3,26.76,14.03,3.98,S3,7.251,0,S3,site_s3,S3,S3,S3,171.5,0.0,0.0,366.9,1,1,1,,,0,0.0,0.0,0.0,0.0,0.0,,279.0,,0
1786377590.436,c1,reserve,,0.0,26.34,13.67,3.61,S3,0,,0,36.0,obs,345,26.34,13.67,3.65,S3,26.34,13.67,3.65,S3,26.34,13.67,3.61,S3,7.61,0,S3,site_s3,S3,S3,S3,86.5,0.0,0.0,24.0,1,1,1,,,0,0.0,0.0,0.0,0.0,0.0,,279.0,,0
1786377590.436,c1,search,,0.0,31.1,20.71,10.92,S3,0,,0,4474.0,obs,514,31.1,20.71,10.98,S3,31.1,20.71,10.98,S3,31.1,20.71,10.92,S3,7.61,0,S3,site_s3,S3,S3,S3,128.5,0.0,0.0,152.5,1,1,1,,,0,0.0,0.0,0.0,0.0,0.0,,279.0,,0
1786377590.436,c1,recommend,,0.0,26.76,14.03,3.89,S3,0,,0,200.0,obs,690,26.76,14.03,4.0,S3,26.76,14.03,4.0,S3,26.76,14.03,3.89,S3,7.61,0,S3,site_s3,S3,S3,S3,172.5,0.0,0.0,183.3,1,1,1,,,0,0.0,0.0,0.0,0.0,0.0,,279.0,,0
1786377590.436,c2,reserve,,0.0,26.34,13.67,3.61,S3,0,,0,36.0,obs,345,26.34,13.67,3.65,S3,26.34,13.67,3.65,S3,26.34,13.67,3.61,S3,7.61,0,S3,site_s3,S3,S3,S3,86.0,0.0,0.0,207.2,1,1,1,,,0,0.0,0.0,0.0,0.0,0.0,,279.0,,0
1786377590.436,c2,search,,0.0,31.1,20.71,10.92,S3,0,,0,4474.0,obs,514,31.1,20.71,10.98,S3,31.1,20.71,10.98,S3,31.1,20.71,10.92,S3,7.61,0,S3,site_s3,S3,S3,S3,128.5,0.0,0.0,335.7,1,1,1,,,0,0.0,0.0,0.0,0.0,0.0,,279.0,,0
1786377590.436,c2,recommend,,0.0,26.76,14.03,3.89,S3,0,,0,200.0,obs,690,26.76,14.03,4.0,S3,26.76,14.03,4.0,S3,26.76,14.03,3.89,S3,7.61,0,S3,site_s3,S3,S3,S3,172.5,0.0,0.0,366.4,1,1,1,,,0,0.0,0.0,0.0,0.0,0.0,,279.0,,0
1786377591.436,c1,reserve,,0.0,26.34,13.67,3.5,S3,0,,0,36.0,obs,341,26.34,13.67,3.65,S3,26.34,13.67,3.65,S3,26.34,13.67,3.5,S3,7.264,0,S3,site_s3,S3,S3,S3,85.0,0.0,0.0,23.6,1,1,1,,,0,0.0,0.0,0.0,0.0,0.0,,279.0,,0
1786377591.436,c1,search,,0.0,31.1,20.71,10.76,S3,0,,0,4474.0,obs,517,31.1,20.71,10.98,S3,31.1,20.71,10.98,S3,31.1,20.71,10.76,S3,7.264,0,S3,site_s3,S3,S3,S3,129.5,0.0,0.0,153.1,1,1,1,,,0,0.0,0.0,0.0,0.0,0.0,,279.0,,0
1786377591.436,c1,recommend,,0.0,26.76,14.03,3.93,S3,0,,0,200.0,obs,693,26.76,14.03,4.0,S3,26.76,14.03,4.0,S3,26.76,14.03,3.93,S3,7.264,0,S3,site_s3,S3,S3,S3,173.5,0.0,0.0,184.0,1,1,1,,,0,0.0,0.0,0.0,0.0,0.0,,279.0,,0
1786377591.436,c2,reserve,,0.0,26.34,13.67,3.5,S3,0,,0,36.0,obs,341,26.34,13.67,3.65,S3,26.34,13.67,3.65,S3,26.34,13.67,3.5,S3,7.264,0,S3,site_s3,S3,S3,S3,85.5,0.0,0.0,207.8,1,1,1,,,0,0.0,0.0,0.0,0.0,0.0,,279.0,,0
1786377591.436,c2,search,,0.0,31.1,20.71,10.76,S3,0,,0,4474.0,obs,517,31.1,20.71,10.98,S3,31.1,20.71,10.98,S3,31.1,20.71,10.76,S3,7.264,0,S3,site_s3,S3,S3,S3,129.0,0.0,0.0,336.8,1,1,1,,,0,0.0,0.0,0.0,0.0,0.0,,279.0,,0
1786377591.436,c2,recommend,,0.0,26.76,14.03,3.93,S3,0,,0,200.0,obs,693,26.76,14.03,4.0,S3,26.76,14.03,4.0,S3,26.76,14.03,3.93,S3,7.264,0,S3,site_s3,S3,S3,S3,173.0,0.0,0.0,367.6,1,1,1,,,0,0.0,0.0,0.0,0.0,0.0,,279.0,,0
1786377592.436,c1,reserve,,0.0,26.34,13.67,3.48,S3,0,,0,36.0,obs,343,26.34,13.67,3.65,S3,26.34,13.67,3.65,S3,26.34,13.67,3.48,S3,7.292,0,S3,site_s3,S3,S3,S3,85.5,0.0,0.0,23.8,1,1,1,,,0,0.0,0.0,0.0,0.0,0.0,,279.0,,0
1786377592.436,c1,search,,0.0,31.1,20.71,10.95,S3,0,,0,4474.0,obs,518,31.1,20.71,10.98,S3,31.1,20.71,10.98,S3,31.1,20.71,10.95,S3,7.292,0,S3,site_s3,S3,S3,S3,129.5,0.0,0.0,153.3,1,1,1,,,0,0.0,0.0,0.0,0.0,0.0,,279.0,,0
1786377592.436,c1,recommend,,0.0,26.76,14.03,3.97,S3,0,,0,200.0,obs,689,26.76,14.03,4.0,S3,26.76,14.03,4.0,S3,26.76,14.03,3.97,S3,7.292,0,S3,site_s3,S3,S3,S3,172.5,0.0,0.0,184.0,1,1,1,,,0,0.0,0.0,0.0,0.0,0.0,,279.0,,0
1786377592.436,c2,reserve,,0.0,26.34,13.67,3.48,S3,0,,0,36.0,obs,343,26.34,13.67,3.65,S3,26.34,13.67,3.65,S3,26.34,13.67,3.48,S3,7.292,0,S3,site_s3,S3,S3,S3,86.0,0.0,0.0,207.9,1,1,1,,,0,0.0,0.0,0.0,0.0,0.0,,279.0,,0
1786377592.436,c2,search,,0.0,31.1,20.71,10.95,S3,0,,0,4474.0,obs,518,31.1,20.71,10.98,S3,31.1,20.71,10.98,S3,31.1,20.71,10.95,S3,7.292,0,S3,site_s3,S3,S3,S3,129.5,0.0,0.0,337.4,1,1,1,,,0,0.0,0.0,0.0,0.0,0.0,,279.0,,0
1786377592.436,c2,recommend,,0.0,26.76,14.03,3.97,S3,0,,0,200.0,obs,689,26.76,14.03,4.0,S3,26.76,14.03,4.0,S3,26.76,14.03,3.97,S3,7.292,0,S3,site_s3,S3,S3,S3,172.0,0.0,0.0,368.0,1,1,1,,,0,0.0,0.0,0.0,0.0,0.0,,279.0,,0
1786377593.437,c1,reserve,,0.0,26.34,13.67,3.49,S3,0,,0,36.0,obs,348,26.34,13.67,3.65,S3,26.34,13.67,3.65,S3,26.34,13.67,3.49,S3,8.834,0,S3,site_s3,S3,S3,S3,87.0,0.0,0.0,24.2,1,1,1,,,0,0.0,0.0,0.0,0.0,0.0,,279.0,,0
1786377593.437,c1,search,,0.0,31.1,20.71,10.94,S3,0,,0,4474.0,obs,519,31.1,20.71,10.98,S3,31.1,20.71,10.98,S3,31.1,20.71,10.94,S3,8.834,0,S3,site_s3,S3,S3,S3,130.0,0.0,0.0,154.2,1,1,1,,,0,0.0,0.0,0.0,0.0,0.0,,279.0,,0
1786377593.437,c1,recommend,,0.0,26.76,14.03,3.94,S3,0,,0,200.0,obs,688,26.76,14.03,4.0,S3,26.76,14.03,4.0,S3,26.76,14.03,3.94,S3,8.834,0,S3,site_s3,S3,S3,S3,172.0,0.0,0.0,184.8,1,1,1,,,0,0.0,0.0,0.0,0.0,0.0,,279.0,,0
1786377593.437,c2,reserve,,0.0,26.34,13.67,3.49,S3,0,,0,36.0,obs,348,26.34,13.67,3.65,S3,26.34,13.67,3.65,S3,26.34,13.67,3.49,S3,8.834,0,S3,site_s3,S3,S3,S3,87.0,0.0,0.0,209.0,1,1,1,,,0,0.0,0.0,0.0,0.0,0.0,,279.0,,0
1786377593.437,c2,search,,0.0,31.1,20.71,10.94,S3,0,,0,4474.0,obs,519,31.1,20.71,10.98,S3,31.1,20.71,10.98,S3,31.1,20.71,10.94,S3,8.834,0,S3,site_s3,S3,S3,S3,129.5,0.0,0.0,338.5,1,1,1,,,0,0.0,0.0,0.0,0.0,0.0,,279.0,,0
1786377593.437,c2,recommend,,0.0,26.76,14.03,3.94,S3,0,,0,200.0,obs,688,26.76,14.03,4.0,S3,26.76,14.03,4.0,S3,26.76,14.03,3.94,S3,8.834,0,S3,site_s3,S3,S3,S3,172.0,0.0,0.0,369.1,1,1,1,,,0,0.0,0.0,0.0,0.0,0.0,,279.0,,0
1786377594.436,c1,reserve,,0.0,26.34,13.67,3.57,S3,0,,0,36.0,obs,349,26.34,13.67,3.65,S3,26.34,13.67,3.65,S3,26.34,13.67,3.57,S3,7.262,0,S3,site_s3,S3,S3,S3,87.5,0.0,0.0,24.3,1,1,1,,,0,0.0,0.0,0.0,0.0,0.0,,279.0,,0
1786377594.436,c1,search,,0.0,31.1,20.71,10.81,S3,0,,0,4474.0,obs,514,31.1,20.71,10.98,S3,31.1,20.71,10.98,S3,31.1,20.71,10.81,S3,7.262,0,S3,site_s3,S3,S3,S3,128.5,0.0,0.0,152.8,1,1,1,,,0,0.0,0.0,0.0,0.0,0.0,,279.0,,0
1786377594.436,c1,recommend,,0.0,26.76,14.03,3.97,S3,0,,0,200.0,obs,690,26.76,14.03,4.0,S3,26.76,14.03,4.0,S3,26.76,14.03,3.97,S3,7.262,0,S3,site_s3,S3,S3,S3,172.5,0.0,0.0,183.5,1,1,1,,,0,0.0,0.0,0.0,0.0,0.0,,279.0,,0
1786377594.436,c2,reserve,,0.0,26.34,13.67,3.57,S3,0,,0,36.0,obs,349,26.34,13.67,3.65,S3,26.34,13.67,3.65,S3,26.34,13.67,3.57,S3,7.262,0,S3,site_s3,S3,S3,S3,87.0,0.0,0.0,207.7,1,1,1,,,0,0.0,0.0,0.0,0.0,0.0,,279.0,,0
1786377594.436,c2,search,,0.0,31.1,20.71,10.81,S3,0,,0,4474.0,obs,514,31.1,20.71,10.98,S3,31.1,20.71,10.98,S3,31.1,20.71,10.81,S3,7.262,0,S3,site_s3,S3,S3,S3,128.5,0.0,0.0,336.2,1,1,1,,,0,0.0,0.0,0.0,0.0,0.0,,279.0,,0
1786377594.436,c2,recommend,,0.0,26.76,14.03,3.97,S3,0,,0,200.0,obs,690,26.76,14.03,4.0,S3,26.76,14.03,4.0,S3,26.76,14.03,3.97,S3,7.262,0,S3,site_s3,S3,S3,S3,172.5,0.0,0.0,366.9,1,1,1,,,0,0.0,0.0,0.0,0.0,0.0,,279.0,,0
1786377595.436,c1,reserve,,0.0,26.34,13.67,3.58,S3,0,,0,36.0,obs,344,26.34,13.67,3.65,S3,26.34,13.67,3.65,S3,26.34,13.67,3.58,S3,7.617,0,S3,site_s3,S3,S3,S3,86.0,0.0,0.0,23.9,1,1,1,,,0,0.0,0.0,0.0,0.0,0.0,,279.0,,0
1786377595.436,c1,search,,0.0,31.1,20.71,10.89,S3,0,,0,4474.0,obs,515,31.1,20.71,10.98,S3,31.1,20.71,10.98,S3,31.1,20.71,10.89,S3,7.617,0,S3,site_s3,S3,S3,S3,128.5,0.0,0.0,152.4,1,1,1,,,0,0.0,0.0,0.0,0.0,0.0,,279.0,,0
1786377595.436,c1,recommend,,0.0,26.76,14.03,3.97,S3,0,,0,200.0,obs,694,26.76,14.03,4.0,S3,26.76,14.03,4.0,S3,26.76,14.03,3.97,S3,7.617,0,S3,site_s3,S3,S3,S3,173.5,0.0,0.0,183.3,1,1,1,,,0,0.0,0.0,0.0,0.0,0.0,,279.0,,0
1786377595.436,c2,reserve,,0.0,26.34,13.67,3.58,S3,0,,0,36.0,obs,344,26.34,13.67,3.65,S3,26.34,13.67,3.65,S3,26.34,13.67,3.58,S3,7.617,0,S3,site_s3,S3,S3,S3,86.0,0.0,0.0,207.2,1,1,1,,,0,0.0,0.0,0.0,0.0,0.0,,279.0,,0
1786377595.436,c2,search,,0.0,31.1,20.71,10.89,S3,0,,0,4474.0,obs,515,31.1,20.71,10.98,S3,31.1,20.71,10.98,S3,31.1,20.71,10.89,S3,7.617,0,S3,site_s3,S3,S3,S3,129.0,0.0,0.0,336.2,1,1,1,,,0,0.0,0.0,0.0,0.0,0.0,,279.0,,0
1786377595.436,c2,recommend,,0.0,26.76,14.03,3.97,S3,0,,0,200.0,obs,694,26.76,14.03,4.0,S3,26.76,14.03,4.0,S3,26.76,14.03,3.97,S3,7.617,0,S3,site_s3,S3,S3,S3,173.5,0.0,0.0,367.1,1,1,1,,,0,0.0,0.0,0.0,0.0,0.0,,279.0,,0
1786377596.436,c1,reserve,,0.0,26.34,13.67,3.5,S3,0,,0,36.0,obs,343,26.34,13.67,3.65,S3,26.34,13.67,3.65,S3,26.34,13.67,3.5,S3,7.746,0,S3,site_s3,S3,S3,S3,86.0,0.0,0.0,23.9,1,1,1,,,0,0.0,0.0,0.0,0.0,0.0,,279.0,,0
1786377596.436,c1,search,,0.0,31.1,20.71,10.96,S3,0,,0,4474.0,obs,519,31.1,20.71,10.98,S3,31.1,20.71,10.98,S3,31.1,20.71,10.96,S3,7.746,0,S3,site_s3,S3,S3,S3,129.5,0.0,0.0,153.4,1,1,1,,,0,0.0,0.0,0.0,0.0,0.0,,279.0,,0
1786377596.436,c1,recommend,,0.0,26.76,14.03,3.97,S3,0,,0,200.0,obs,694,26.76,14.03,4.0,S3,26.76,14.03,4.0,S3,26.76,14.03,3.97,S3,7.746,0,S3,site_s3,S3,S3,S3,173.5,0.0,0.0,184.3,1,1,1,,,0,0.0,0.0,0.0,0.0,0.0,,279.0,,0
1786377596.436,c2,reserve,,0.0,26.34,13.67,3.5,S3,0,,0,36.0,obs,343,26.34,13.67,3.65,S3,26.34,13.67,3.65,S3,26.34,13.67,3.5,S3,7.746,0,S3,site_s3,S3,S3,S3,85.5,0.0,0.0,208.1,1,1,1,,,0,0.0,0.0,0.0,0.0,0.0,,279.0,,0
1786377596.436,c2,search,,0.0,31.1,20.71,10.96,S3,0,,0,4474.0,obs,519,31.1,20.71,10.98,S3,31.1,20.71,10.98,S3,31.1,20.71,10.96,S3,7.746,0,S3,site_s3,S3,S3,S3,130.0,0.0,0.0,338.1,1,1,1,,,0,0.0,0.0,0.0,0.0,0.0,,279.0,,0
1786377596.436,c2,recommend,,0.0,26.76,14.03,3.97,S3,0,,0,200.0,obs,694,26.76,14.03,4.0,S3,26.76,14.03,4.0,S3,26.76,14.03,3.97,S3,7.746,0,S3,site_s3,S3,S3,S3,173.5,0.0,0.0,368.9,1,1,1,,,0,0.0,0.0,0.0,0.0,0.0,,279.0,,0
1786377597.436,c1,reserve,,0.0,26.34,13.67,3.5,S3,0,,0,36.0,obs,345,26.34,13.67,3.65,S3,26.34,13.67,3.65,S3,26.34,13.67,3.5,S3,7.515,0,S3,site_s3,S3,S3,S3,86.0,0.0,0.0,23.9,1,1,1,,,0,0.0,0.0,0.0,0.0,0.0,,279.0,,0
1786377597.436,c1,search,,0.0,31.1,20.71,10.73,S3,0,,0,4474.0,obs,520,31.1,20.71,10.98,S3,31.1,20.71,10.98,S3,31.1,20.71,10.73,S3,7.515,0,S3,site_s3,S3,S3,S3,130.0,0.0,0.0,153.9,1,1,1,,,0,0.0,0.0,0.0,0.0,0.0,,279.0,,0
1786377597.436,c1,recommend,,0.0,26.76,14.03,3.9,S3,0,,0,200.0,obs,690,26.76,14.03,4.0,S3,26.76,14.03,4.0,S3,26.76,14.03,3.9,S3,7.515,0,S3,site_s3,S3,S3,S3,172.5,0.0,0.0,184.6,1,1,1,,,0,0.0,0.0,0.0,0.0,0.0,,279.0,,0
1786377597.436,c2,reserve,,0.0,26.34,13.67,3.5,S3,0,,0,36.0,obs,345,26.34,13.67,3.65,S3,26.34,13.67,3.65,S3,26.34,13.67,3.5,S3,7.515,0,S3,site_s3,S3,S3,S3,86.5,0.0,0.0,208.7,1,1,1,,,0,0.0,0.0,0.0,0.0,0.0,,279.0,,0
1786377597.436,c2,search,,0.0,31.1,20.71,10.73,S3,0,,0,4474.0,obs,520,31.1,20.71,10.98,S3,31.1,20.71,10.98,S3,31.1,20.71,10.73,S3,7.515,0,S3,site_s3,S3,S3,S3,130.0,0.0,0.0,338.7,1,1,1,,,0,0.0,0.0,0.0,0.0,0.0,,279.0,,0
1786377597.436,c2,recommend,,0.0,26.76,14.03,3.9,S3,0,,0,200.0,obs,690,26.76,14.03,4.0,S3,26.76,14.03,4.0,S3,26.76,14.03,3.9,S3,7.515,0,S3,site_s3,S3,S3,S3,172.5,0.0,0.0,369.4,1,1,1,,,0,0.0,0.0,0.0,0.0,0.0,,279.0,,0
1786377598.436,c1,reserve,,0.0,26.34,13.67,3.5,S3,0,,0,36.0,obs,350,26.34,13.67,3.65,S3,26.34,13.67,3.65,S3,26.34,13.67,3.5,S3,7.561,0,S3,site_s3,S3,S3,S3,87.5,0.0,0.0,24.3,1,1,1,,,0,0.0,0.0,0.0,0.0,0.0,,279.0,,0
1786377598.436,c1,search,,0.0,31.1,20.71,10.77,S3,0,,0,4474.0,obs,518,31.1,20.71,10.98,S3,31.1,20.71,10.98,S3,31.1,20.71,10.77,S3,7.561,0,S3,site_s3,S3,S3,S3,129.5,0.0,0.0,153.8,1,1,1,,,0,0.0,0.0,0.0,0.0,0.0,,279.0,,0
1786377598.436,c1,recommend,,0.0,26.76,14.03,3.92,S3,0,,0,200.0,obs,688,26.76,14.03,4.0,S3,26.76,14.03,4.0,S3,26.76,14.03,3.92,S3,7.561,0,S3,site_s3,S3,S3,S3,172.0,0.0,0.0,184.4,1,1,1,,,0,0.0,0.0,0.0,0.0,0.0,,279.0,,0
1786377598.436,c2,reserve,,0.0,26.34,13.67,3.5,S3,0,,0,36.0,obs,350,26.34,13.67,3.65,S3,26.34,13.67,3.65,S3,26.34,13.67,3.5,S3,7.561,0,S3,site_s3,S3,S3,S3,87.5,0.0,0.0,208.8,1,1,1,,,0,0.0,0.0,0.0,0.0,0.0,,279.0,,0
1786377598.436,c2,search,,0.0,31.1,20.71,10.77,S3,0,,0,4474.0,obs,518,31.1,20.71,10.98,S3,31.1,20.71,10.98,S3,31.1,20.71,10.77,S3,7.561,0,S3,site_s3,S3,S3,S3,129.5,0.0,0.0,338.3,1,1,1,,,0,0.0,0.0,0.0,0.0,0.0,,279.0,,0
1786377598.436,c2,recommend,,0.0,26.76,14.03,3.92,S3,0,,0,200.0,obs,688,26.76,14.03,4.0,S3,26.76,14.03,4.0,S3,26.76,14.03,3.92,S3,7.561,0,S3,site_s3,S3,S3,S3,172.0,0.0,0.0,368.9,1,1,1,,,0,0.0,0.0,0.0,0.0,0.0,,279.0,,0
1786377599.436,c1,reserve,,0.0,26.34,13.67,3.49,S3,0,,0,36.0,obs,347,26.34,13.67,3.65,S3,26.34,13.67,3.65,S3,26.34,13.67,3.49,S3,7.627,0,S3,site_s3,S3,S3,S3,87.0,0.0,0.0,24.2,1,1,1,,,0,0.0,0.0,0.0,0.0,0.0,,279.0,,0
1786377599.436,c1,search,,0.0,31.1,20.71,10.96,S3,0,,0,4474.0,obs,517,31.1,20.71,10.98,S3,31.1,20.71,10.98,S3,31.1,20.71,10.96,S3,7.627,0,S3,site_s3,S3,S3,S3,129.0,0.0,0.0,153.2,1,1,1,,,0,0.0,0.0,0.0,0.0,0.0,,279.0,,0
1786377599.436,c1,recommend,,0.0,26.76,14.03,3.98,S3,0,,0,200.0,obs,693,26.76,14.03,4.0,S3,26.76,14.03,4.0,S3,26.76,14.03,3.98,S3,7.627,0,S3,site_s3,S3,S3,S3,173.0,0.0,0.0,184.0,1,1,1,,,0,0.0,0.0,0.0,0.0,0.0,,279.0,,0
1786377599.436,c2,reserve,,0.0,26.34,13.67,3.49,S3,0,,0,36.0,obs,347,26.34,13.67,3.65,S3,26.34,13.67,3.65,S3,26.34,13.67,3.49,S3,7.627,0,S3,site_s3,S3,S3,S3,86.5,0.0,0.0,208.0,1,1,1,,,0,0.0,0.0,0.0,0.0,0.0,,279.0,,0
1786377599.436,c2,search,,0.0,31.1,20.71,10.96,S3,0,,0,4474.0,obs,517,31.1,20.71,10.98,S3,31.1,20.71,10.98,S3,31.1,20.71,10.96,S3,7.627,0,S3,site_s3,S3,S3,S3,129.5,0.0,0.0,337.5,1,1,1,,,0,0.0,0.0,0.0,0.0,0.0,,279.0,,0
1786377599.436,c2,recommend,,0.0,26.76,14.03,3.98,S3,0,,0,200.0,obs,693,26.76,14.03,4.0,S3,26.76,14.03,4.0,S3,26.76,14.03,3.98,S3,7.627,0,S3,site_s3,S3,S3,S3,173.5,0.0,0.0,368.4,1,1,1,,,0,0.0,0.0,0.0,0.0,0.0,,279.0,,0
1786377600.436,c1,reserve,,0.0,26.34,13.67,3.42,S3,0,,0,36.0,obs,343,26.34,13.67,3.65,S3,26.34,13.67,3.65,S3,26.34,13.67,3.42,S3,7.247,0,S3,site_s3,S3,S3,S3,85.5,0.0,0.0,23.8,1,1,1,,,0,0.0,0.0,0.0,0.0,0.0,,279.0,,0
1786377600.436,c1,search,,0.0,31.1,20.71,10.96,S3,0,,0,4474.0,obs,519,31.1,20.71,10.98,S3,31.1,20.71,10.98,S3,31.1,20.71,10.96,S3,7.247,0,S3,site_s3,S3,S3,S3,130.0,0.0,0.0,153.8,1,1,1,,,0,0.0,0.0,0.0,0.0,0.0,,279.0,,0
1786377600.436,c1,recommend,,0.0,26.76,14.03,3.94,S3,0,,0,200.0,obs,696,26.76,14.03,4.0,S3,26.76,14.03,4.0,S3,26.76,14.03,3.94,S3,7.247,0,S3,site_s3,S3,S3,S3,174.0,0.0,0.0,184.7,1,1,1,,,0,0.0,0.0,0.0,0.0,0.0,,279.0,,0
1786377600.436,c2,reserve,,0.0,26.34,13.67,3.42,S3,0,,0,36.0,obs,343,26.34,13.67,3.65,S3,26.34,13.67,3.65,S3,26.34,13.67,3.42,S3,7.247,0,S3,site_s3,S3,S3,S3,86.0,0.0,0.0,208.6,1,1,1,,,0,0.0,0.0,0.0,0.0,0.0,,279.0,,0
1786377600.436,c2,search,,0.0,31.1,20.71,10.96,S3,0,,0,4474.0,obs,519,31.1,20.71,10.98,S3,31.1,20.71,10.98,S3,31.1,20.71,10.96,S3,7.247,0,S3,site_s3,S3,S3,S3,129.5,0.0,0.0,338.1,1,1,1,,,0,0.0,0.0,0.0,0.0,0.0,,279.0,,0
1786377600.436,c2,recommend,,0.0,26.76,14.03,3.94,S3,0,,0,200.0,obs,696,26.76,14.03,4.0,S3,26.76,14.03,4.0,S3,26.76,14.03,3.94,S3,7.247,0,S3,site_s3,S3,S3,S3,174.0,0.0,0.0,369.1,1,1,1,,,0,0.0,0.0,0.0,0.0,0.0,,279.0,,0
1786377601.436,c1,reserve,,0.0,26.34,13.67,3.49,S3,0,,0,36.0,obs,344,26.34,13.67,3.65,S3,26.34,13.67,3.65,S3,26.34,13.67,3.49,S3,7.216,0,S3,site_s3,S3,S3,S3,86.0,0.0,0.0,23.9,1,1,1,,,0,0.0,0.0,0.0,0.0,0.0,,279.0,,0
1786377601.436,c1,search,,0.0,31.1,20.71,10.87,S3,0,,0,4474.0,obs,521,31.1,20.71,10.98,S3,31.1,20.71,10.98,S3,31.1,20.71,10.87,S3,7.216,0,S3,site_s3,S3,S3,S3,130.0,0.0,0.0,153.9,1,1,1,,,0,0.0,0.0,0.0,0.0,0.0,,279.0,,0
1786377601.436,c1,recommend,,0.0,26.76,14.03,3.87,S3,0,,0,200.0,obs,694,26.76,14.03,4.0,S3,26.76,14.03,4.0,S3,26.76,14.03,3.87,S3,7.216,0,S3,site_s3,S3,S3,S3,173.5,0.0,0.0,184.8,1,1,1,,,0,0.0,0.0,0.0,0.0,0.0,,279.0,,0
1786377601.436,c2,reserve,,0.0,26.34,13.67,3.49,S3,0,,0,36.0,obs,344,26.34,13.67,3.65,S3,26.34,13.67,3.65,S3,26.34,13.67,3.49,S3,7.216,0,S3,site_s3,S3,S3,S3,86.0,0.0,0.0,208.7,1,1,1,,,0,0.0,0.0,0.0,0.0,0.0,,279.0,,0
1786377601.436,c2,search,,0.0,31.1,20.71,10.87,S3,0,,0,4474.0,obs,521,31.1,20.71,10.98,S3,31.1,20.71,10.98,S3,31.1,20.71,10.87,S3,7.216,0,S3,site_s3,S3,S3,S3,130.5,0.0,0.0,339.2,1,1,1,,,0,0.0,0.0,0.0,0.0,0.0,,279.0,,0
1786377601.436,c2,recommend,,0.0,26.76,14.03,3.87,S3,0,,0,200.0,obs,694,26.76,14.03,4.0,S3,26.76,14.03,4.0,S3,26.76,14.03,3.87,S3,7.216,0,S3,site_s3,S3,S3,S3,173.5,0.0,0.0,370.1,1,1,1,,,0,0.0,0.0,0.0,0.0,0.0,,279.0,,0
1786377602.436,c1,reserve,,0.0,26.34,13.67,3.46,S3,0,,0,36.0,obs,348,26.34,13.67,3.65,S3,26.34,13.67,3.65,S3,26.34,13.67,3.46,S3,7.306,0,S3,site_s3,S3,S3,S3,87.0,0.0,0.0,24.2,1,1,1,,,0,0.0,0.0,0.0,0.0,0.0,,279.0,,0
1786377602.436,c1,search,,0.0,31.1,20.71,10.87,S3,0,,0,4474.0,obs,521,31.1,20.71,10.98,S3,31.1,20.71,10.98,S3,31.1,20.71,10.87,S3,7.306,0,S3,site_s3,S3,S3,S3,130.5,0.0,0.0,154.7,1,1,1,,,0,0.0,0.0,0.0,0.0,0.0,,279.0,,0
1786377602.436,c1,recommend,,0.0,26.76,14.03,3.89,S3,0,,0,200.0,obs,691,26.76,14.03,4.0,S3,26.76,14.03,4.0,S3,26.76,14.03,3.89,S3,7.306,0,S3,site_s3,S3,S3,S3,172.5,0.0,0.0,185.4,1,1,1,,,0,0.0,0.0,0.0,0.0,0.0,,279.0,,0
1786377602.436,c2,reserve,,0.0,26.34,13.67,3.46,S3,0,,0,36.0,obs,348,26.34,13.67,3.65,S3,26.34,13.67,3.65,S3,26.34,13.67,3.46,S3,7.306,0,S3,site_s3,S3,S3,S3,87.0,0.0,0.0,209.6,1,1,1,,,0,0.0,0.0,0.0,0.0,0.0,,279.0,,0
1786377602.436,c2,search,,0.0,31.1,20.71,10.87,S3,0,,0,4474.0,obs,521,31.1,20.71,10.98,S3,31.1,20.71,10.98,S3,31.1,20.71,10.87,S3,7.306,0,S3,site_s3,S3,S3,S3,130.0,0.0,0.0,339.6,1,1,1,,,0,0.0,0.0,0.0,0.0,0.0,,279.0,,0
1786377602.436,c2,recommend,,0.0,26.76,14.03,3.89,S3,0,,0,200.0,obs,691,26.76,14.03,4.0,S3,26.76,14.03,4.0,S3,26.76,14.03,3.89,S3,7.306,0,S3,site_s3,S3,S3,S3,173.0,0.0,0.0,370.4,1,1,1,,,0,0.0,0.0,0.0,0.0,0.0,,279.0,,0
1786377603.436,c1,reserve,,0.0,26.34,13.67,3.55,S3,0,,0,36.0,obs,350,26.34,13.67,3.65,S3,26.34,13.67,3.65,S3,26.34,13.67,3.55,S3,7.815,0,S3,site_s3,S3,S3,S3,87.5,0.0,0.0,24.3,1,1,1,,,0,0.0,0.0,0.0,0.0,0.0,,279.0,,0
1786377603.436,c1,search,,0.0,31.1,20.71,10.89,S3,0,,0,4474.0,obs,517,31.1,20.71,10.98,S3,31.1,20.71,10.98,S3,31.1,20.71,10.89,S3,7.815,0,S3,site_s3,S3,S3,S3,129.0,0.0,0.0,153.3,1,1,1,,,0,0.0,0.0,0.0,0.0,0.0,,279.0,,0
1786377603.436,c1,recommend,,0.0,26.76,14.03,3.84,S3,0,,0,200.0,obs,694,26.76,14.03,4.0,S3,26.76,14.03,4.0,S3,26.76,14.03,3.84,S3,7.815,0,S3,site_s3,S3,S3,S3,173.5,0.0,0.0,184.2,1,1,1,,,0,0.0,0.0,0.0,0.0,0.0,,279.0,,0
1786377603.436,c2,reserve,,0.0,26.34,13.67,3.55,S3,0,,0,36.0,obs,350,26.34,13.67,3.65,S3,26.34,13.67,3.65,S3,26.34,13.67,3.55,S3,7.815,0,S3,site_s3,S3,S3,S3,87.5,0.0,0.0,208.5,1,1,1,,,0,0.0,0.0,0.0,0.0,0.0,,279.0,,0
1786377603.436,c2,search,,0.0,31.1,20.71,10.89,S3,0,,0,4474.0,obs,517,31.1,20.71,10.98,S3,31.1,20.71,10.98,S3,31.1,20.71,10.89,S3,7.815,0,S3,site_s3,S3,S3,S3,129.5,0.0,0.0,338.0,1,1,1,,,0,0.0,0.0,0.0,0.0,0.0,,279.0,,0
1786377603.436,c2,recommend,,0.0,26.76,14.03,3.84,S3,0,,0,200.0,obs,694,26.76,14.03,4.0,S3,26.76,14.03,4.0,S3,26.76,14.03,3.84,S3,7.815,0,S3,site_s3,S3,S3,S3,173.5,0.0,0.0,368.9,1,1,1,,,0,0.0,0.0,0.0,0.0,0.0,,279.0,,0
1786377604.436,c1,reserve,,0.0,26.34,13.67,3.58,S3,0,,0,36.0,obs,347,26.34,13.67,3.65,S3,26.34,13.67,3.65,S3,26.34,13.67,3.58,S3,7.602,0,S3,site_s3,S3,S3,S3,86.5,0.0,0.0,24.0,1,1,1,,,0,0.0,0.0,0.0,0.0,0.0,,279.0,,0
1786377604.436,c1,search,,0.0,31.1,20.71,10.95,S3,0,,0,4474.0,obs,518,31.1,20.71,10.98,S3,31.1,20.71,10.98,S3,31.1,20.71,10.95,S3,7.602,0,S3,site_s3,S3,S3,S3,129.5,0.0,0.0,153.5,1,1,1,,,0,0.0,0.0,0.0,0.0,0.0,,279.0,,0
1786377604.436,c1,recommend,,0.0,26.76,14.03,3.87,S3,0,,0,200.0,obs,697,26.76,14.03,4.0,S3,26.76,14.03,4.0,S3,26.76,14.03,3.87,S3,7.602,0,S3,site_s3,S3,S3,S3,174.5,0.0,0.0,184.6,1,1,1,,,0,0.0,0.0,0.0,0.0,0.0,,279.0,,0
1786377604.436,c2,reserve,,0.0,26.34,13.67,3.58,S3,0,,0,36.0,obs,347,26.34,13.67,3.65,S3,26.34,13.67,3.65,S3,26.34,13.67,3.58,S3,7.602,0,S3,site_s3,S3,S3,S3,87.0,0.0,0.0,208.8,1,1,1,,,0,0.0,0.0,0.0,0.0,0.0,,279.0,,0
1786377604.436,c2,search,,0.0,31.1,20.71,10.95,S3,0,,0,4474.0,obs,518,31.1,20.71,10.98,S3,31.1,20.71,10.98,S3,31.1,20.71,10.95,S3,7.602,0,S3,site_s3,S3,S3,S3,129.5,0.0,0.0,338.3,1,1,1,,,0,0.0,0.0,0.0,0.0,0.0,,279.0,,0
1786377604.436,c2,recommend,,0.0,26.76,14.03,3.87,S3,0,,0,200.0,obs,697,26.76,14.03,4.0,S3,26.76,14.03,4.0,S3,26.76,14.03,3.87,S3,7.602,0,S3,site_s3,S3,S3,S3,174.0,0.0,0.0,369.3,1,1,1,,,0,0.0,0.0,0.0,0.0,0.0,,279.0,,0
1786377605.436,c1,reserve,,0.0,26.34,13.67,3.52,S3,0,,0,36.0,obs,345,26.34,13.67,3.65,S3,26.34,13.67,3.65,S3,26.34,13.67,3.52,S3,7.706,0,S3,site_s3,S3,S3,S3,86.5,0.0,0.0,24.0,1,1,1,,,0,0.0,0.0,0.0,0.0,0.0,,279.0,,0
1786377605.436,c1,search,,0.0,31.1,20.71,10.94,S3,0,,0,4474.0,obs,521,31.1,20.71,10.98,S3,31.1,20.71,10.98,S3,31.1,20.71,10.94,S3,7.706,0,S3,site_s3,S3,S3,S3,130.0,0.0,0.0,154.0,1,1,1,,,0,0.0,0.0,0.0,0.0,0.0,,279.0,,0
1786377605.436,c1,recommend,,0.0,26.76,14.03,3.98,S3,0,,0,200.0,obs,697,26.76,14.03,4.0,S3,26.76,14.03,4.0,S3,26.76,14.03,3.98,S3,7.706,0,S3,site_s3,S3,S3,S3,174.0,0.0,0.0,185.0,1,1,1,,,0,0.0,0.0,0.0,0.0,0.0,,279.0,,0
1786377605.436,c2,reserve,,0.0,26.34,13.67,3.52,S3,0,,0,36.0,obs,345,26.34,13.67,3.65,S3,26.34,13.67,3.65,S3,26.34,13.67,3.52,S3,7.706,0,S3,site_s3,S3,S3,S3,86.0,0.0,0.0,208.9,1,1,1,,,0,0.0,0.0,0.0,0.0,0.0,,279.0,,0
1786377605.436,c2,search,,0.0,31.1,20.71,10.94,S3,0,,0,4474.0,obs,521,31.1,20.71,10.98,S3,31.1,20.71,10.98,S3,31.1,20.71,10.94,S3,7.706,0,S3,site_s3,S3,S3,S3,130.5,0.0,0.0,339.4,1,1,1,,,0,0.0,0.0,0.0,0.0,0.0,,279.0,,0
1786377605.436,c2,recommend,,0.0,26.76,14.03,3.98,S3,0,,0,200.0,obs,697,26.76,14.03,4.0,S3,26.76,14.03,4.0,S3,26.76,14.03,3.98,S3,7.706,0,S3,site_s3,S3,S3,S3,174.5,0.0,0.0,370.5,1,1,1,,,0,0.0,0.0,0.0,0.0,0.0,,279.0,,0
1786377606.436,c1,reserve,,0.0,26.34,13.67,3.57,S3,0,,0,36.0,obs,347,26.34,13.67,3.65,S3,26.34,13.67,3.65,S3,26.34,13.67,3.57,S3,7.656,0,S3,site_s3,S3,S3,S3,86.5,0.0,0.0,24.0,1,1,1,,,0,0.0,0.0,0.0,0.0,0.0,,279.0,,0
1786377606.436,c1,search,,0.0,31.1,20.71,10.88,S3,0,,0,4474.0,obs,523,31.1,20.71,10.98,S3,31.1,20.71,10.98,S3,31.1,20.71,10.88,S3,7.656,0,S3,site_s3,S3,S3,S3,131.0,0.0,0.0,155.0,1,1,1,,,0,0.0,0.0,0.0,0.0,0.0,,279.0,,0
1786377606.436,c1,recommend,,0.0,26.76,14.03,3.97,S3,0,,0,200.0,obs,694,26.76,14.03,4.0,S3,26.76,14.03,4.0,S3,26.76,14.03,3.97,S3,7.656,0,S3,site_s3,S3,S3,S3,173.5,0.0,0.0,185.9,1,1,1,,,0,0.0,0.0,0.0,0.0,0.0,,279.0,,0
1786377606.436,c2,reserve,,0.0,26.34,13.67,3.57,S3,0,,0,36.0,obs,347,26.34,13.67,3.65,S3,26.34,13.67,3.65,S3,26.34,13.67,3.57,S3,7.656,0,S3,site_s3,S3,S3,S3,87.0,0.0,0.0,210.1,1,1,1,,,0,0.0,0.0,0.0,0.0,0.0,,279.0,,0
1786377606.436,c2,search,,0.0,31.1,20.71,10.88,S3,0,,0,4474.0,obs,523,31.1,20.71,10.98,S3,31.1,20.71,10.98,S3,31.1,20.71,10.88,S3,7.656,0,S3,site_s3,S3,S3,S3,130.5,0.0,0.0,340.6,1,1,1,,,0,0.0,0.0,0.0,0.0,0.0,,279.0,,0
1786377606.436,c2,recommend,,0.0,26.76,14.03,3.97,S3,0,,0,200.0,obs,694,26.76,14.03,4.0,S3,26.76,14.03,4.0,S3,26.76,14.03,3.97,S3,7.656,0,S3,site_s3,S3,S3,S3,173.5,0.0,0.0,371.5,1,1,1,,,0,0.0,0.0,0.0,0.0,0.0,,279.0,,0
1786377607.436,c1,reserve,,0.0,26.34,13.67,3.66,S3,0,,0,36.0,obs,351,26.34,13.67,3.65,S3,26.34,13.67,3.65,S3,26.34,13.67,3.66,S3,7.639,0,S3,site_s3,S3,S3,S3,88.0,0.0,0.0,24.5,1,1,1,,,0,0.0,0.0,0.0,0.0,0.0,,279.0,,0
1786377607.436,c1,search,,0.0,31.1,20.71,10.85,S3,0,,0,4474.0,obs,521,31.1,20.71,10.98,S3,31.1,20.71,10.98,S3,31.1,20.71,10.85,S3,7.639,0,S3,site_s3,S3,S3,S3,130.0,0.0,0.0,154.5,1,1,1,,,0,0.0,0.0,0.0,0.0,0.0,,279.0,,0
1786377607.436,c1,recommend,,0.0,26.76,14.03,3.93,S3,0,,0,200.0,obs,693,26.76,14.03,4.0,S3,26.76,14.03,4.0,S3,26.76,14.03,3.93,S3,7.639,0,S3,site_s3,S3,S3,S3,173.0,0.0,0.0,185.3,1,1,1,,,0,0.0,0.0,0.0,0.0,0.0,,279.0,,0
1786377607.436,c2,reserve,,0.0,26.34,13.67,3.66,S3,0,,0,36.0,obs,351,26.34,13.67,3.65,S3,26.34,13.67,3.65,S3,26.34,13.67,3.66,S3,7.639,0,S3,site_s3,S3,S3,S3,87.5,0.0,0.0,209.6,1,1,1,,,0,0.0,0.0,0.0,0.0,0.0,,279.0,,0
1786377607.436,c2,search,,0.0,31.1,20.71,10.85,S3,0,,0,4474.0,obs,521,31.1,20.71,10.98,S3,31.1,20.71,10.98,S3,31.1,20.71,10.85,S3,7.639,0,S3,site_s3,S3,S3,S3,130.5,0.0,0.0,340.1,1,1,1,,,0,0.0,0.0,0.0,0.0,0.0,,279.0,,0
1786377607.436,c2,recommend,,0.0,26.76,14.03,3.93,S3,0,,0,200.0,obs,693,26.76,14.03,4.0,S3,26.76,14.03,4.0,S3,26.76,14.03,3.93,S3,7.639,0,S3,site_s3,S3,S3,S3,173.5,0.0,0.0,371.0,1,1,1,,,0,0.0,0.0,0.0,0.0,0.0,,279.0,,0
1786377608.436,c1,reserve,,0.0,26.34,13.67,3.54,S3,0,,0,36.0,obs,348,26.34,13.67,3.65,S3,26.34,13.67,3.65,S3,26.34,13.67,3.54,S3,7.662,0,S3,site_s3,S3,S3,S3,87.0,0.0,0.0,24.2,1,1,1,,,0,0.0,0.0,0.0,0.0,0.0,,279.0,,0
1786377608.436,c1,search,,0.0,31.1,20.71,10.84,S3,0,,0,4474.0,obs,521,31.1,20.71,10.98,S3,31.1,20.71,10.98,S3,31.1,20.71,10.84,S3,7.662,0,S3,site_s3,S3,S3,S3,130.0,0.0,0.0,154.2,1,1,1,,,0,0.0,0.0,0.0,0.0,0.0,,279.0,,0
1786377608.436,c1,recommend,,0.0,26.76,14.03,3.94,S3,0,,0,200.0,obs,698,26.76,14.03,4.0,S3,26.76,14.03,4.0,S3,26.76,14.03,3.94,S3,7.662,0,S3,site_s3,S3,S3,S3,174.5,0.0,0.0,185.2,1,1,1,,,0,0.0,0.0,0.0,0.0,0.0,,279.0,,0
1786377608.436,c2,reserve,,0.0,26.34,13.67,3.54,S3,0,,0,36.0,obs,348,26.34,13.67,3.65,S3,26.34,13.67,3.65,S3,26.34,13.67,3.54,S3,7.662,0,S3,site_s3,S3,S3,S3,87.0,0.0,0.0,209.4,1,1,1,,,0,0.0,0.0,0.0,0.0,0.0,,279.0,,0
1786377608.436,c2,search,,0.0,31.1,20.71,10.84,S3,0,,0,4474.0,obs,521,31.1,20.71,10.98,S3,31.1,20.71,10.98,S3,31.1,20.71,10.84,S3,7.662,0,S3,site_s3,S3,S3,S3,130.5,0.0,0.0,339.9,1,1,1,,,0,0.0,0.0,0.0,0.0,0.0,,279.0,,0
1786377608.436,c2,recommend,,0.0,26.76,14.03,3.94,S3,0,,0,200.0,obs,698,26.76,14.03,4.0,S3,26.76,14.03,4.0,S3,26.76,14.03,3.94,S3,7.662,0,S3,site_s3,S3,S3,S3,174.5,0.0,0.0,371.0,1,1,1,,,0,0.0,0.0,0.0,0.0,0.0,,279.0,,0
1786377609.436,c1,reserve,,0.0,26.34,13.67,3.54,S3,0,,0,36.0,obs,345,26.34,13.67,3.65,S3,26.34,13.67,3.65,S3,26.34,13.67,3.54,S3,7.566,0,S3,site_s3,S3,S3,S3,86.0,0.0,0.0,23.9,1,1,1,,,0,0.0,0.0,0.0,0.0,0.0,,279.0,,0
1786377609.436,c1,search,,0.0,31.1,20.71,10.88,S3,0,,0,4474.0,obs,521,31.1,20.71,10.98,S3,31.1,20.71,10.98,S3,31.1,20.71,10.88,S3,7.566,0,S3,site_s3,S3,S3,S3,130.5,0.0,0.0,154.4,1,1,1,,,0,0.0,0.0,0.0,0.0,0.0,,279.0,,0
1786377609.436,c1,recommend,,0.0,26.76,14.03,4.0,S3,0,,0,200.0,obs,698,26.76,14.03,4.0,S3,26.76,14.03,4.0,S3,26.76,14.03,4.0,S3,7.566,0,S3,site_s3,S3,S3,S3,174.5,0.0,0.0,185.5,1,1,1,,,0,0.0,0.0,0.0,0.0,0.0,,279.0,,0
1786377609.436,c2,reserve,,0.0,26.34,13.67,3.54,S3,0,,0,36.0,obs,345,26.34,13.67,3.65,S3,26.34,13.67,3.65,S3,26.34,13.67,3.54,S3,7.566,0,S3,site_s3,S3,S3,S3,86.5,0.0,0.0,209.5,1,1,1,,,0,0.0,0.0,0.0,0.0,0.0,,279.0,,0
1786377609.436,c2,search,,0.0,31.1,20.71,10.88,S3,0,,0,4474.0,obs,521,31.1,20.71,10.98,S3,31.1,20.71,10.98,S3,31.1,20.71,10.88,S3,7.566,0,S3,site_s3,S3,S3,S3,130.0,0.0,0.0,339.5,1,1,1,,,0,0.0,0.0,0.0,0.0,0.0,,279.0,,0
1786377609.436,c2,recommend,,0.0,26.76,14.03,4.0,S3,0,,0,200.0,obs,698,26.76,14.03,4.0,S3,26.76,14.03,4.0,S3,26.76,14.03,4.0,S3,7.566,0,S3,site_s3,S3,S3,S3,174.5,0.0,0.0,370.6,1,1,1,,,0,0.0,0.0,0.0,0.0,0.0,,279.0,,0
1786377610.436,c1,reserve,,0.0,26.34,13.67,3.54,S3,0,,0,36.0,obs,347,26.34,13.67,3.65,S3,26.34,13.67,3.65,S3,26.34,13.67,3.54,S3,7.684,0,S3,site_s3,S3,S3,S3,86.5,0.0,0.0,24.0,1,1,1,,,0,0.0,0.0,0.0,0.0,0.0,,279.0,,0
1786377610.436,c1,search,,0.0,31.1,20.71,10.9,S3,0,,0,4474.0,obs,524,31.1,20.71,10.98,S3,31.1,20.71,10.98,S3,31.1,20.71,10.9,S3,7.684,0,S3,site_s3,S3,S3,S3,131.0,0.0,0.0,155.0,1,1,1,,,0,0.0,0.0,0.0,0.0,0.0,,279.0,,0
1786377610.436,c1,recommend,,0.0,26.76,14.03,4.03,S3,0,,0,200.0,obs,697,26.76,14.03,4.0,S3,26.76,14.03,4.0,S3,26.76,14.03,4.03,S3,7.684,0,S3,site_s3,S3,S3,S3,174.5,0.0,0.0,186.1,1,1,1,,,0,0.0,0.0,0.0,0.0,0.0,,279.0,,0
1786377610.436,c2,reserve,,0.0,26.34,13.67,3.54,S3,0,,0,36.0,obs,347,26.34,13.67,3.65,S3,26.34,13.67,3.65,S3,26.34,13.67,3.54,S3,7.684,0,S3,site_s3,S3,S3,S3,87.0,0.0,0.0,210.3,1,1,1,,,0,0.0,0.0,0.0,0.0,0.0,,279.0,,0
1786377610.436,c2,search,,0.0,31.1,20.71,10.9,S3,0,,0,4474.0,obs,524,31.1,20.71,10.98,S3,31.1,20.71,10.98,S3,31.1,20.71,10.9,S3,7.684,0,S3,site_s3,S3,S3,S3,131.0,0.0,0.0,341.3,1,1,1,,,0,0.0,0.0,0.0,0.0,0.0,,279.0,,0
1786377610.436,c2,recommend,,0.0,26.76,14.03,4.03,S3,0,,0,200.0,obs,697,26.76,14.03,4.0,S3,26.76,14.03,4.0,S3,26.76,14.03,4.03,S3,7.684,0,S3,site_s3,S3,S3,S3,174.0,0.0,0.0,372.3,1,1,1,,,0,0.0,0.0,0.0,0.0,0.0,,279.0,,0
1786377611.436,c1,reserve,,0.0,26.34,13.67,3.54,S3,0,,0,36.0,obs,351,26.34,13.67,3.65,S3,26.34,13.67,3.65,S3,26.34,13.67,3.54,S3,7.595,0,S3,site_s3,S3,S3,S3,88.0,0.0,0.0,24.5,1,1,1,,,0,0.0,0.0,0.0,0.0,0.0,,279.0,,0
1786377611.436,c1,search,,0.0,31.1,20.71,10.85,S3,0,,0,4474.0,obs,523,31.1,20.71,10.98,S3,31.1,20.71,10.98,S3,31.1,20.71,10.85,S3,7.595,0,S3,site_s3,S3,S3,S3,131.0,0.0,0.0,155.5,1,1,1,,,0,0.0,0.0,0.0,0.0,0.0,,279.0,,0
1786377611.436,c1,recommend,,0.0,26.76,14.03,3.98,S3,0,,0,200.0,obs,693,26.76,14.03,4.0,S3,26.76,14.03,4.0,S3,26.76,14.03,3.98,S3,7.595,0,S3,site_s3,S3,S3,S3,173.0,0.0,0.0,186.3,1,1,1,,,0,0.0,0.0,0.0,0.0,0.0,,279.0,,0
1786377611.436,c2,reserve,,0.0,26.34,13.67,3.54,S3,0,,0,36.0,obs,351,26.34,13.67,3.65,S3,26.34,13.67,3.65,S3,26.34,13.67,3.54,S3,7.595,0,S3,site_s3,S3,S3,S3,87.5,0.0,0.0,210.6,1,1,1,,,0,0.0,0.0,0.0,0.0,0.0,,279.0,,0
1786377611.436,c2,search,,0.0,31.1,20.71,10.85,S3,0,,0,4474.0,obs,523,31.1,20.71,10.98,S3,31.1,20.71,10.98,S3,31.1,20.71,10.85,S3,7.595,0,S3,site_s3,S3,S3,S3,130.5,0.0,0.0,341.1,1,1,1,,,0,0.0,0.0,0.0,0.0,0.0,,279.0,,0
1786377611.436,c2,recommend,,0.0,26.76,14.03,3.98,S3,0,,0,200.0,obs,693,26.76,14.03,4.0,S3,26.76,14.03,4.0,S3,26.76,14.03,3.98,S3,7.595,0,S3,site_s3,S3,S3,S3,173.5,0.0,0.0,372.0,1,1,1,,,0,0.0,0.0,0.0,0.0,0.0,,279.0,,0
1786377612.436,c1,reserve,,0.0,26.34,13.67,3.53,S3,0,,0,36.0,obs,352,26.34,13.67,3.65,S3,26.34,13.67,3.65,S3,26.34,13.67,3.53,S3,7.767,0,S3,site_s3,S3,S3,S3,88.0,0.0,0.0,24.5,1,1,1,,,0,0.0,0.0,0.0,0.0,0.0,,279.0,,0
1786377612.436,c1,search,,0.0,31.1,20.71,10.99,S3,0,,0,4474.0,obs,519,31.1,20.71,10.98,S3,31.1,20.71,10.98,S3,31.1,20.71,10.99,S3,7.767,0,S3,site_s3,S3,S3,S3,129.5,0.0,0.0,154.0,1,1,1,,,0,0.0,0.0,0.0,0.0,0.0,,279.0,,0
1786377612.436,c1,recommend,,0.0,26.76,14.03,3.98,S3,0,,0,200.0,obs,697,26.76,14.03,4.0,S3,26.76,14.03,4.0,S3,26.76,14.03,3.98,S3,7.767,0,S3,site_s3,S3,S3,S3,174.0,0.0,0.0,184.9,1,1,1,,,0,0.0,0.0,0.0,0.0,0.0,,279.0,,0
1786377612.436,c2,reserve,,0.0,26.34,13.67,3.53,S3,0,,0,36.0,obs,352,26.34,13.67,3.65,S3,26.34,13.67,3.65,S3,26.34,13.67,3.53,S3,7.767,0,S3,site_s3,S3,S3,S3,88.0,0.0,0.0,209.4,1,1,1,,,0,0.0,0.0,0.0,0.0,0.0,,279.0,,0
1786377612.436,c2,search,,0.0,31.1,20.71,10.99,S3,0,,0,4474.0,obs,519,31.1,20.71,10.98,S3,31.1,20.71,10.98,S3,31.1,20.71,10.99,S3,7.767,0,S3,site_s3,S3,S3,S3,130.0,0.0,0.0,339.4,1,1,1,,,0,0.0,0.0,0.0,0.0,0.0,,279.0,,0
1786377612.436,c2,recommend,,0.0,26.76,14.03,3.98,S3,0,,0,200.0,obs,697,26.76,14.03,4.0,S3,26.76,14.03,4.0,S3,26.76,14.03,3.98,S3,7.767,0,S3,site_s3,S3,S3,S3,174.5,0.0,0.0,370.5,1,1,1,,,0,0.0,0.0,0.0,0.0,0.0,,279.0,,0
1786377613.436,c1,reserve,,0.0,26.34,13.67,3.57,S3,0,,0,36.0,obs,348,26.34,13.67,3.65,S3,26.34,13.67,3.65,S3,26.34,13.67,3.57,S3,7.866,0,S3,site_s3,S3,S3,S3,87.0,0.0,0.0,24.2,1,1,1,,,0,0.0,0.0,0.0,0.0,0.0,,279.0,,0
1786377613.436,c1,search,,0.0,31.1,20.71,10.95,S3,0,,0,4474.0,obs,521,31.1,20.71,10.98,S3,31.1,20.71,10.98,S3,31.1,20.71,10.95,S3,7.866,0,S3,site_s3,S3,S3,S3,130.0,0.0,0.0,154.2,1,1,1,,,0,0.0,0.0,0.0,0.0,0.0,,279.0,,0
1786377613.436,c1,recommend,,0.0,26.76,14.03,3.94,S3,0,,0,200.0,obs,701,26.76,14.03,4.0,S3,26.76,14.03,4.0,S3,26.76,14.03,3.94,S3,7.866,0,S3,site_s3,S3,S3,S3,175.5,0.0,0.0,185.4,1,1,1,,,0,0.0,0.0,0.0,0.0,0.0,,279.0,,0
1786377613.436,c2,reserve,,0.0,26.34,13.67,3.57,S3,0,,0,36.0,obs,348,26.34,13.67,3.65,S3,26.34,13.67,3.65,S3,26.34,13.67,3.57,S3,7.866,0,S3,site_s3,S3,S3,S3,87.0,0.0,0.0,209.6,1,1,1,,,0,0.0,0.0,0.0,0.0,0.0,,279.0,,0
1786377613.436,c2,search,,0.0,31.1,20.71,10.95,S3,0,,0,4474.0,obs,521,31.1,20.71,10.98,S3,31.1,20.71,10.98,S3,31.1,20.71,10.95,S3,7.866,0,S3,site_s3,S3,S3,S3,130.5,0.0,0.0,340.1,1,1,1,,,0,0.0,0.0,0.0,0.0,0.0,,279.0,,0
1786377613.436,c2,recommend,,0.0,26.76,14.03,3.94,S3,0,,0,200.0,obs,701,26.76,14.03,4.0,S3,26.76,14.03,4.0,S3,26.76,14.03,3.94,S3,7.866,0,S3,site_s3,S3,S3,S3,175.0,0.0,0.0,371.3,1,1,1,,,0,0.0,0.0,0.0,0.0,0.0,,279.0,,0
1786377614.436,c1,reserve,,0.0,26.34,13.67,3.63,S3,0,,0,36.0,obs,346,26.34,13.67,3.65,S3,26.34,13.67,3.65,S3,26.34,13.67,3.63,S3,7.706,0,S3,site_s3,S3,S3,S3,86.5,0.0,0.0,24.0,1,1,1,,,0,0.0,0.0,0.0,0.0,0.0,,279.0,,0
1786377614.436,c1,search,,0.0,31.1,20.71,10.77,S3,0,,0,4474.0,obs,524,31.1,20.71,10.98,S3,31.1,20.71,10.98,S3,31.1,20.71,10.77,S3,7.706,0,S3,site_s3,S3,S3,S3,131.0,0.0,0.0,155.0,1,1,1,,,0,0.0,0.0,0.0,0.0,0.0,,279.0,,0
1786377614.436,c1,recommend,,0.0,26.76,14.03,3.88,S3,0,,0,200.0,obs,700,26.76,14.03,4.0,S3,26.76,14.03,4.0,S3,26.76,14.03,3.88,S3,7.706,0,S3,site_s3,S3,S3,S3,175.0,0.0,0.0,186.2,1,1,1,,,0,0.0,0.0,0.0,0.0,0.0,,279.0,,0
1786377614.436,c2,reserve,,0.0,26.34,13.67,3.63,S3,0,,0,36.0,obs,346,26.34,13.67,3.65,S3,26.34,13.67,3.65,S3,26.34,13.67,3.63,S3,7.706,0,S3,site_s3,S3,S3,S3,86.5,0.0,0.0,210.2,1,1,1,,,0,0.0,0.0,0.0,0.0,0.0,,279.0,,0
1786377614.436,c2,search,,0.0,31.1,20.71,10.77,S3,0,,0,4474.0,obs,524,31.1,20.71,10.98,S3,31.1,20.71,10.98,S3,31.1,20.71,10.77,S3,7.706,0,S3,site_s3,S3,S3,S3,131.0,0.0,0.0,341.2,1,1,1,,,0,0.0,0.0,0.0,0.0,0.0,,279.0,,0
1786377614.436,c2,recommend,,0.0,26.76,14.03,3.88,S3,0,,0,200.0,obs,700,26.76,14.03,4.0,S3,26.76,14.03,4.0,S3,26.76,14.03,3.88,S3,7.706,0,S3,site_s3,S3,S3,S3,175.0,0.0,0.0,372.4,1,1,1,,,0,0.0,0.0,0.0,0.0,0.0,,279.0,,0
1786377615.436,c1,reserve,,0.0,26.34,13.67,3.63,S3,0,,0,36.0,obs,349,26.34,13.67,3.65,S3,26.34,13.67,3.65,S3,26.34,13.67,3.63,S3,7.603,0,S3,site_s3,S3,S3,S3,87.0,0.0,0.0,24.2,1,1,1,,,0,0.0,0.0,0.0,0.0,0.0,,279.0,,0
1786377615.436,c1,search,,0.0,31.1,20.71,10.84,S3,0,,0,4474.0,obs,525,31.1,20.71,10.98,S3,31.1,20.71,10.98,S3,31.1,20.71,10.84,S3,7.603,0,S3,site_s3,S3,S3,S3,131.5,0.0,0.0,155.7,1,1,1,,,0,0.0,0.0,0.0,0.0,0.0,,279.0,,0
1786377615.436,c1,recommend,,0.0,26.76,14.03,3.82,S3,0,,0,200.0,obs,696,26.76,14.03,4.0,S3,26.76,14.03,4.0,S3,26.76,14.03,3.82,S3,7.603,0,S3,site_s3,S3,S3,S3,174.0,0.0,0.0,186.7,1,1,1,,,0,0.0,0.0,0.0,0.0,0.0,,279.0,,0
1786377615.436,c2,reserve,,0.0,26.34,13.67,3.63,S3,0,,0,36.0,obs,349,26.34,13.67,3.65,S3,26.34,13.67,3.65,S3,26.34,13.67,3.63,S3,7.603,0,S3,site_s3,S3,S3,S3,87.5,0.0,0.0,211.0,1,1,1,,,0,0.0,0.0,0.0,0.0,0.0,,279.0,,0
1786377615.436,c2,search,,0.0,31.1,20.71,10.84,S3,0,,0,4474.0,obs,525,31.1,20.71,10.98,S3,31.1,20.71,10.98,S3,31.1,20.71,10.84,S3,7.603,0,S3,site_s3,S3,S3,S3,131.0,0.0,0.0,342.0,1,1,1,,,0,0.0,0.0,0.0,0.0,0.0,,279.0,,0
1786377615.436,c2,recommend,,0.0,26.76,14.03,3.82,S3,0,,0,200.0,obs,696,26.76,14.03,4.0,S3,26.76,14.03,4.0,S3,26.76,14.03,3.82,S3,7.603,0,S3,site_s3,S3,S3,S3,174.0,0.0,0.0,373.0,1,1,1,,,0,0.0,0.0,0.0,0.0,0.0,,279.0,,0
1786377616.436,c1,reserve,,0.0,26.34,13.67,3.61,S3,0,,0,36.0,obs,354,26.34,13.67,3.65,S3,26.34,13.67,3.65,S3,26.34,13.67,3.61,S3,7.34,0,S3,site_s3,S3,S3,S3,88.5,0.0,0.0,24.6,1,1,1,,,0,0.0,0.0,0.0,0.0,0.0,,279.0,,0
1786377616.436,c1,search,,0.0,31.1,20.71,10.75,S3,0,,0,4474.0,obs,523,31.1,20.71,10.98,S3,31.1,20.71,10.98,S3,31.1,20.71,10.75,S3,7.34,0,S3,site_s3,S3,S3,S3,130.5,0.0,0.0,155.1,1,1,1,,,0,0.0,0.0,0.0,0.0,0.0,,279.0,,0
1786377616.436,c1,recommend,,0.0,26.76,14.03,3.88,S3,0,,0,200.0,obs,695,26.76,14.03,4.0,S3,26.76,14.03,4.0,S3,26.76,14.03,3.88,S3,7.34,0,S3,site_s3,S3,S3,S3,173.5,0.0,0.0,186.0,1,1,1,,,0,0.0,0.0,0.0,0.0,0.0,,279.0,,0
1786377616.436,c2,reserve,,0.0,26.34,13.67,3.61,S3,0,,0,36.0,obs,354,26.34,13.67,3.65,S3,26.34,13.67,3.65,S3,26.34,13.67,3.61,S3,7.34,0,S3,site_s3,S3,S3,S3,88.5,0.0,0.0,210.6,1,1,1,,,0,0.0,0.0,0.0,0.0,0.0,,279.0,,0
1786377616.436,c2,search,,0.0,31.1,20.71,10.75,S3,0,,0,4474.0,obs,523,31.1,20.71,10.98,S3,31.1,20.71,10.98,S3,31.1,20.71,10.75,S3,7.34,0,S3,site_s3,S3,S3,S3,131.0,0.0,0.0,341.6,1,1,1,,,0,0.0,0.0,0.0,0.0,0.0,,279.0,,0
1786377616.436,c2,recommend,,0.0,26.76,14.03,3.88,S3,0,,0,200.0,obs,695,26.76,14.03,4.0,S3,26.76,14.03,4.0,S3,26.76,14.03,3.88,S3,7.34,0,S3,site_s3,S3,S3,S3,174.0,0.0,0.0,372.6,1,1,1,,,0,0.0,0.0,0.0,0.0,0.0,,279.0,,0
1786377617.436,c1,reserve,1600,0.198,26.14,13.47,3.16,S3,0,,0,36.0,obs,350,26.14,13.47,3.45,S3,26.14,13.47,3.45,S3,26.14,13.47,3.16,S3,7.312,0,S3,site_s3,S3,S3,S3,87.5,0.0,0.0,24.3,1,1,1,,,0,0.0,0.0,0.0,0.0,0.0,,279.0,,0
1786377617.436,c1,search,1600,24.607,6.49,-3.89,-13.97,S1,1,0.75,0,4474.0,obs,522,6.49,-3.89,-13.63,S1,6.49,-3.89,-13.63,S1,6.49,-3.89,-13.97,S1,7.312,0,S1,site_s1,S1,S1,S1,130.5,130.5,0.0,24.3,1,1,1,,,0,0.0,0.0,0.0,0.0,0.0,,279.0,,0
1786377617.436,c1,recommend,1600,1.1,25.66,12.93,2.72,S3,0,,0,200.0,obs,698,25.66,12.93,2.9,S3,25.66,12.93,2.9,S3,25.66,12.93,2.72,S3,7.312,0,S3,site_s3,S3,S3,S3,174.0,130.5,0.0,55.3,1,1,1,,,0,0.0,0.0,0.0,0.0,0.0,,279.0,,0
1786377617.436,c2,reserve,,0.0,26.34,13.67,3.36,S3,0,,0,36.0,obs,350,26.34,13.67,3.65,S3,26.34,13.67,3.65,S3,26.34,13.67,3.36,S3,7.312,0,S3,site_s3,S3,S3,S3,87.5,130.5,0.0,79.6,1,1,1,,,0,0.0,0.0,0.0,0.0,0.0,,279.0,,0
1786377617.436,c2,search,,0.0,31.1,20.71,10.63,S3,0,,0,4474.0,obs,522,31.1,20.71,10.98,S3,31.1,20.71,10.98,S3,31.1,20.71,10.63,S3,7.312,0,S3,site_s3,S3,S3,S3,130.5,130.5,0.0,210.1,1,1,1,,,0,0.0,0.0,0.0,0.0,0.0,,279.0,,0
1786377617.436,c2,recommend,,0.0,26.76,14.03,3.82,S3,0,,0,200.0,obs,698,26.76,14.03,4.0,S3,26.76,14.03,4.0,S3,26.76,14.03,3.82,S3,7.312,0,S3,site_s3,S3,S3,S3,175.0,130.5,0.0,241.3,1,1,1,,,0,0.0,0.0,0.0,0.0,0.0,,279.0,,0
1786377618.437,c1,reserve,1600,0.198,26.14,13.47,3.09,S3,0,,0,36.0,obs,347,26.14,13.47,3.45,S3,26.14,13.47,3.45,S3,26.14,13.47,3.09,S3,7.681,0,S3,site_s3,S3,S3,S3,86.5,0.0,0.0,24.0,1,1,1,,,0,0.0,0.0,0.0,0.0,0.0,,279.0,,0
1786377618.437,c1,search,1600,24.823,6.28,-4.11,-14.14,S1,0,,0,4513.28,obs,527,6.49,-3.89,-13.63,S1,6.28,-4.11,-13.84,S1,6.49,-3.89,-13.93,S1,7.681,0,S1,site_s1,S1,S1,S1,132.5,132.5,0.0,24.0,1,1,1,,,0,0.0,0.0,0.0,0.0,0.0,,279.0,,0
1786377618.437,c1,recommend,1600,1.1,25.66,12.93,2.84,S3,0,,0,200.0,obs,704,25.66,12.93,2.9,S3,25.66,12.93,2.9,S3,25.66,12.93,2.84,S3,7.681,0,S3,site_s3,S3,S3,S3,176.0,132.5,0.0,55.4,1,1,1,,,0,0.0,0.0,0.0,0.0,0.0,,279.0,,0
1786377618.437,c2,reserve,,0.0,26.34,13.67,3.28,S3,0,,0,36.0,obs,347,26.34,13.67,3.65,S3,26.34,13.67,3.65,S3,26.34,13.67,3.28,S3,7.681,0,S3,site_s3,S3,S3,S3,87.0,132.5,0.0,79.6,1,1,1,,,0,0.0,0.0,0.0,0.0,0.0,,279.0,,0
1786377618.437,c2,search,,0.0,31.1,20.71,10.68,S3,0,,0,4513.28,obs,527,31.1,20.71,10.98,S3,31.1,20.71,10.98,S3,31.1,20.71,10.68,S3,7.681,0,S3,site_s3,S3,S3,S3,131.0,132.5,0.0,210.6,1,1,1,,,0,0.0,0.0,0.0,0.0,0.0,,279.0,,0
1786377618.437,c2,recommend,,0.0,26.76,14.03,3.94,S3,0,,0,200.0,obs,704,26.76,14.03,4.0,S3,26.76,14.03,4.0,S3,26.76,14.03,3.94,S3,7.681,0,S3,site_s3,S3,S3,S3,176.0,132.5,0.0,241.9,1,1,1,,,0,0.0,0.0,0.0,0.0,0.0,,279.0,,0
1786377619.436,c1,reserve,1600,0.198,26.14,13.47,3.59,S3,0,,0,36.0,obs,348,26.14,13.47,3.45,S3,26.14,13.47,3.45,S3,26.14,13.47,3.59,S3,7.34,0,S3,site_s3,S3,S3,S3,87.0,0.0,0.0,24.2,1,1,1,,,0,0.0,0.0,0.0,0.0,0.0,,279.0,,0
1786377619.436,c1,search,1600,25.041,6.42,-4.33,-13.72,S1,0,,0,4552.85,obs,531,6.49,-3.89,-13.63,S1,6.06,-4.33,-14.06,S1,6.86,-3.89,-13.29,S1,7.34,0,S1,site_s1,S1,S1,S1,133.5,133.5,0.0,24.2,1,1,1,,,0,0.0,0.0,0.0,0.0,0.0,,279.0,,0
1786377619.436,c1,recommend,1600,1.1,25.66,12.93,3.12,S3,0,,0,200.0,obs,704,25.66,12.93,2.9,S3,25.66,12.93,2.9,S3,25.66,12.93,3.12,S3,7.34,0,S3,site_s3,S3,S3,S3,176.5,133.5,0.0,55.6,1,1,1,,,0,0.0,0.0,0.0,0.0,0.0,,279.0,,0
1786377619.436,c2,reserve,,0.0,26.34,13.67,3.79,S3,0,,0,36.0,obs,348,26.34,13.67,3.65,S3,26.34,13.67,3.65,S3,26.34,13.67,3.79,S3,7.34,0,S3,site_s3,S3,S3,S3,87.0,133.5,0.0,79.8,1,1,1,,,0,0.0,0.0,0.0,0.0,0.0,,279.0,,0
1786377619.436,c2,search,,0.0,31.46,20.71,11.32,S3,0,,0,4552.85,obs,531,31.1,20.71,10.98,S3,31.1,20.71,10.98,S3,31.46,20.71,11.32,S3,7.34,0,S3,site_s3,S3,S3,S3,132.0,133.5,0.0,211.8,1,1,1,,,0,0.0,0.0,0.0,0.0,0.0,,279.0,,0
1786377619.436,c2,recommend,,0.0,26.76,14.03,4.22,S3,0,,0,200.0,obs,704,26.76,14.03,4.0,S3,26.76,14.03,4.0,S3,26.76,14.03,4.22,S3,7.34,0,S3,site_s3,S3,S3,S3,175.5,133.5,0.0,243.0,1,1,1,,,0,0.0,0.0,0.0,0.0,0.0,,279.0,,0
1786377620.437,c1,reserve,1600,0.198,26.14,13.47,3.68,S3,0,,0,36.0,obs,352,26.14,13.47,3.45,S3,26.14,13.47,3.45,S3,26.14,13.47,3.68,S3,7.65,0,S3,site_s3,S3,S3,S3,88.0,0.0,0.0,24.5,1,1,1,,,0,0.0,0.0,0.0,0.0,0.0,,279.0,,0
1786377620.437,c1,search,1600,25.042,4.2,-4.33,-13.86,S1,0,,0,4553.15,obs,533,6.49,-3.89,-13.63,S1,6.06,-4.33,-14.06,S1,4.64,-3.89,-13.42,S1,7.65,0,S1,site_s1,S1,S1,S1,133.5,133.5,0.0,24.5,1,1,1,,,0,0.0,0.0,0.0,0.0,0.0,,279.0,,0
1786377620.437,c1,recommend,1600,1.1,25.66,12.93,3.12,S3,0,,0,200.0,obs,698,25.66,12.93,2.9,S3,25.66,12.93,2.9,S3,25.66,12.93,3.12,S3,7.65,0,S3,site_s3,S3,S3,S3,174.5,133.5,0.0,55.5,1,1,1,,,0,0.0,0.0,0.0,0.0,0.0,,279.0,,0
1786377620.437,c2,reserve,,0.0,26.34,13.67,3.88,S3,0,,0,36.0,obs,352,26.34,13.67,3.65,S3,26.34,13.67,3.65,S3,26.34,13.67,3.88,S3,7.65,0,S3,site_s3,S3,S3,S3,88.0,133.5,0.0,80.0,1,1,1,,,0,0.0,0.0,0.0,0.0,0.0,,279.0,,0
1786377620.437,c2,search,,0.0,29.24,20.71,11.19,S3,0,,0,4553.15,obs,533,31.1,20.71,10.98,S3,31.1,20.71,10.98,S3,29.24,20.71,11.19,S3,7.65,0,S3,site_s3,S3,S3,S3,131.5,133.5,0.0,211.5,1,1,1,,,0,0.0,0.0,0.0,0.0,0.0,,279.0,,0
1786377620.437,c2,recommend,,0.0,26.76,14.03,4.22,S3,0,,0,200.0,obs,698,26.76,14.03,4.0,S3,26.76,14.03,4.0,S3,26.76,14.03,4.22,S3,7.65,0,S3,site_s3,S3,S3,S3,174.5,133.5,0.0,242.6,1,1,1,,,0,0.0,0.0,0.0,0.0,0.0,,279.0,,0
1786377621.436,c1,reserve,1600,0.198,26.14,13.47,3.73,S3,0,,0,36.0,obs,334,26.14,13.47,3.45,S3,26.14,13.47,3.45,S3,26.14,13.47,3.73,S3,6.69,0,S3,site_s3,S3,S3,S3,83.5,0.0,0.0,23.2,1,1,1,,,0,0.0,0.0,0.0,0.0,0.0,,279.0,,0
1786377621.436,c1,search,1600,25.042,7.86,-4.33,-13.9,S1,0,,0,4553.16,obs,501,6.49,-3.89,-13.63,S1,6.06,-4.33,-14.06,S1,8.3,-3.89,-13.46,S1,6.69,0,S1,site_s1,S1,S1,S1,125.5,125.5,0.0,23.2,1,1,1,,,0,0.0,0.0,0.0,0.0,0.0,,279.0,,0
1786377621.436,c1,recommend,1600,1.1,25.66,12.93,3.1,S3,0,,0,200.0,obs,668,25.66,12.93,2.9,S3,25.66,12.93,2.9,S3,25.66,12.93,3.1,S3,6.69,0,S3,site_s3,S3,S3,S3,167.0,125.5,0.0,52.9,1,1,1,,,0,0.0,0.0,0.0,0.0,0.0,,279.0,,0
1786377621.436,c2,reserve,,0.0,26.34,13.67,3.93,S3,0,,0,36.0,obs,334,26.34,13.67,3.65,S3,26.34,13.67,3.65,S3,26.34,13.67,3.93,S3,6.69,0,S3,site_s3,S3,S3,S3,83.5,125.5,0.0,76.2,1,1,1,,,0,0.0,0.0,0.0,0.0,0.0,,279.0,,0
1786377621.436,c2,search,,0.0,32.91,20.71,11.14,S3,0,,0,4553.16,obs,501,31.1,20.71,10.98,S3,31.1,20.71,10.98,S3,32.91,20.71,11.14,S3,6.69,0,S3,site_s3,S3,S3,S3,124.0,125.5,0.0,200.2,1,1,1,,,0,0.0,0.0,0.0,0.0,0.0,,279.0,,0
1786377621.436,c2,recommend,,0.0,26.76,14.03,4.2,S3,0,,0,200.0,obs,668,26.76,14.03,4.0,S3,26.76,14.03,4.0,S3,26.76,14.03,4.2,S3,6.69,0,S3,site_s3,S3,S3,S3,167.0,125.5,0.0,229.9,1,1,1,,,0,0.0,0.0,0.0,0.0,0.0,,279.0,,0
1786377622.437,c1,reserve,1600,0.198,26.14,13.47,3.7,S3,0,,0,36.0,obs,332,26.14,13.47,3.45,S3,26.14,13.47,3.45,S3,26.14,13.47,3.7,S3,7.787,0,S3,site_s3,S3,S3,S3,83.0,0.0,0.0,23.1,1,1,1,,,0,0.0,0.0,0.0,0.0,0.0,,279.0,,0
1786377622.437,c1,search,1600,25.042,8.04,-4.33,-13.71,S1,0,,0,4553.0,obs,506,6.49,-3.89,-13.63,S1,6.06,-4.33,-14.06,S1,8.48,-3.89,-13.28,S1,7.787,0,S1,site_s1,S1,S1,S1,126.5,126.5,0.0,23.1,1,1,1,,,0,0.0,0.0,0.0,0.0,0.0,,279.0,,0
1786377622.437,c1,recommend,1600,1.1,25.66,12.93,3.1,S3,0,,0,200.0,obs,668,25.66,12.93,2.9,S3,25.66,12.93,2.9,S3,25.66,12.93,3.1,S3,7.787,0,S3,site_s3,S3,S3,S3,167.0,126.5,0.0,52.8,1,1,1,,,0,0.0,0.0,0.0,0.0,0.0,,279.0,,0
1786377622.437,c2,reserve,,0.0,26.34,13.67,3.9,S3,0,,0,36.0,obs,332,26.34,13.67,3.65,S3,26.34,13.67,3.65,S3,26.34,13.67,3.9,S3,7.787,0,S3,site_s3,S3,S3,S3,83.0,126.5,0.0,75.9,1,1,1,,,0,0.0,0.0,0.0,0.0,0.0,,279.0,,0
1786377622.437,c2,search,,0.0,33.09,20.71,11.33,S3,0,,0,4553.0,obs,506,31.1,20.71,10.98,S3,31.1,20.71,10.98,S3,33.09,20.71,11.33,S3,7.787,0,S3,site_s3,S3,S3,S3,125.0,126.5,0.0,200.9,1,1,1,,,0,0.0,0.0,0.0,0.0,0.0,,279.0,,0
1786377622.437,c2,recommend,,0.0,26.76,14.03,4.2,S3,0,,0,200.0,obs,668,26.76,14.03,4.0,S3,26.76,14.03,4.0,S3,26.76,14.03,4.2,S3,7.787,0,S3,site_s3,S3,S3,S3,167.0,126.5,0.0,230.6,1,1,1,,,0,0.0,0.0,0.0,0.0,0.0,,279.0,,0
1786377623.437,c1,reserve,1600,0.198,26.14,13.47,3.67,S3,0,,0,36.0,obs,332,26.14,13.47,3.45,S3,26.14,13.47,3.45,S3,26.14,13.47,3.67,S3,7.766,0,S3,site_s3,S3,S3,S3,83.0,0.0,0.0,23.1,1,1,1,,,0,0.0,0.0,0.0,0.0,0.0,,279.0,,0
1786377623.437,c1,search,1600,25.042,8.09,-4.33,-13.72,S1,0,,0,4553.16,obs,505,6.49,-3.89,-13.63,S1,6.06,-4.33,-14.06,S1,8.53,-3.89,-13.29,S1,7.766,0,S1,site_s1,S1,S1,S1,126.5,126.5,0.0,23.1,1,1,1,,,0,0.0,0.0,0.0,0.0,0.0,,279.0,,0
1786377623.437,c1,recommend,1600,1.1,25.66,12.93,3.11,S3,0,,0,200.0,obs,668,25.66,12.93,2.9,S3,25.66,12.93,2.9,S3,25.66,12.93,3.11,S3,7.766,0,S3,site_s3,S3,S3,S3,167.0,126.5,0.0,52.8,1,1,1,,,0,0.0,0.0,0.0,0.0,0.0,,279.0,,0
1786377623.437,c2,reserve,,0.0,26.34,13.67,3.87,S3,0,,0,36.0,obs,332,26.34,13.67,3.65,S3,26.34,13.67,3.65,S3,26.34,13.67,3.87,S3,7.766,0,S3,site_s3,S3,S3,S3,83.0,126.5,0.0,75.9,1,1,1,,,0,0.0,0.0,0.0,0.0,0.0,,279.0,,0
1786377623.437,c2,search,,0.0,33.14,20.71,11.32,S3,0,,0,4553.16,obs,505,31.1,20.71,10.98,S3,31.1,20.71,10.98,S3,33.14,20.71,11.32,S3,7.766,0,S3,site_s3,S3,S3,S3,125.0,126.5,0.0,200.9,1,1,1,,,0,0.0,0.0,0.0,0.0,0.0,,279.0,,0
1786377623.437,c2,recommend,,0.0,26.76,14.03,4.21,S3,0,,0,200.0,obs,668,26.76,14.03,4.0,S3,26.76,14.03,4.0,S3,26.76,14.03,4.21,S3,7.766,0,S3,site_s3,S3,S3,S3,167.0,126.5,0.0,230.6,1,1,1,,,0,0.0,0.0,0.0,0.0,0.0,,279.0,,0
1786377624.437,c1,reserve,1600,0.198,26.14,13.47,3.66,S3,0,,0,36.0,obs,334,26.14,13.47,3.45,S3,26.14,13.47,3.45,S3,26.14,13.47,3.66,S3,7.681,0,S3,site_s3,S3,S3,S3,83.5,0.0,0.0,23.2,1,1,1,,,0,0.0,0.0,0.0,0.0,0.0,,279.0,,0
1786377624.437,c1,search,1600,25.042,8.09,-4.33,-13.72,S1,0,,0,4553.0,obs,508,6.49,-3.89,-13.63,S1,6.06,-4.33,-14.06,S1,8.53,-3.89,-13.29,S1,7.681,0,S1,site_s1,S1,S1,S1,127.0,127.0,0.0,23.2,1,1,1,,,0,0.0,0.0,0.0,0.0,0.0,,279.0,,0
1786377624.437,c1,recommend,1600,1.1,25.66,12.93,3.13,S3,0,,0,200.0,obs,665,25.66,12.93,2.9,S3,25.66,12.93,2.9,S3,25.66,12.93,3.13,S3,7.681,0,S3,site_s3,S3,S3,S3,166.0,127.0,0.0,52.8,1,1,1,,,0,0.0,0.0,0.0,0.0,0.0,,279.0,,0
1786377624.437,c2,reserve,,0.0,26.34,13.67,3.86,S3,0,,0,36.0,obs,334,26.34,13.67,3.65,S3,26.34,13.67,3.65,S3,26.34,13.67,3.86,S3,7.681,0,S3,site_s3,S3,S3,S3,83.5,127.0,0.0,76.0,1,1,1,,,0,0.0,0.0,0.0,0.0,0.0,,279.0,,0
1786377624.437,c2,search,,0.0,33.14,20.71,11.32,S3,0,,0,4553.0,obs,508,31.1,20.71,10.98,S3,31.1,20.71,10.98,S3,33.14,20.71,11.32,S3,7.681,0,S3,site_s3,S3,S3,S3,125.5,127.0,0.0,201.5,1,1,1,,,0,0.0,0.0,0.0,0.0,0.0,,279.0,,0
1786377624.437,c2,recommend,,0.0,26.76,14.03,4.23,S3,0,,0,200.0,obs,665,26.76,14.03,4.0,S3,26.76,14.03,4.0,S3,26.76,14.03,4.23,S3,7.681,0,S3,site_s3,S3,S3,S3,166.5,127.0,0.0,231.1,1,1,1,,,0,0.0,0.0,0.0,0.0,0.0,,279.0,,0
1786377625.437,c1,reserve,1600,0.198,26.14,13.47,3.71,S3,0,,0,36.0,obs,336,26.14,13.47,3.45,S3,26.14,13.47,3.45,S3,26.14,13.47,3.71,S3,7.713,0,S3,site_s3,S3,S3,S3,84.0,0.0,0.0,23.4,1,1,1,,,0,0.0,0.0,0.0,0.0,0.0,,279.0,,0
1786377625.437,c1,search,1600,25.042,8.66,-4.33,-13.8,S1,0,,0,4553.0,obs,504,6.49,-3.89,-13.63,S1,6.06,-4.33,-14.06,S1,9.09,-3.89,-13.37,S1,7.713,0,S1,site_s1,S1,S1,S1,126.0,126.0,0.0,23.4,1,1,1,,,0,0.0,0.0,0.0,0.0,0.0,,279.0,,0
1786377625.437,c1,recommend,1600,1.1,25.66,12.93,3.14,S3,0,,0,200.0,obs,668,25.66,12.93,2.9,S3,25.66,12.93,2.9,S3,25.66,12.93,3.14,S3,7.713,0,S3,site_s3,S3,S3,S3,167.0,126.0,0.0,53.1,1,1,1,,,0,0.0,0.0,0.0,0.0,0.0,,279.0,,0
1786377625.437,c2,reserve,,0.0,26.34,13.67,3.91,S3,0,,0,36.0,obs,336,26.34,13.67,3.65,S3,26.34,13.67,3.65,S3,26.34,13.67,3.91,S3,7.713,0,S3,site_s3,S3,S3,S3,84.0,126.0,0.0,76.4,1,1,1,,,0,0.0,0.0,0.0,0.0,0.0,,279.0,,0
1786377625.437,c2,search,,0.0,33.7,20.71,11.24,S3,0,,0,4553.0,obs,504,31.1,20.71,10.98,S3,31.1,20.71,10.98,S3,33.7,20.71,11.24,S3,7.713,0,S3,site_s3,S3,S3,S3,125.0,126.0,0.0,201.4,1,1,1,,,0,0.0,0.0,0.0,0.0,0.0,,279.0,,0
1786377625.437,c2,recommend,,0.0,26.76,14.03,4.24,S3,0,,0,200.0,obs,668,26.76,14.03,4.0,S3,26.76,14.03,4.0,S3,26.76,14.03,4.24,S3,7.713,0,S3,site_s3,S3,S3,S3,167.0,126.0,0.0,231.2,1,1,1,,,0,0.0,0.0,0.0,0.0,0.0,,279.0,,0
1786377626.436,c1,reserve,1600,0.198,26.14,13.47,3.69,S3,0,,0,36.0,obs,332,26.14,13.47,3.45,S3,26.14,13.47,3.45,S3,26.14,13.47,3.69,S3,7.32,0,S3,site_s3,S3,S3,S3,83.0,0.0,0.0,23.1,1,1,1,,,0,0.0,0.0,0.0,0.0,0.0,,279.0,,0
1786377626.436,c1,search,1600,25.041,8.18,-4.33,-13.84,S1,0,,0,4552.84,obs,505,6.49,-3.89,-13.63,S1,6.06,-4.33,-14.06,S1,8.61,-3.89,-13.41,S1,7.32,0,S1,site_s1,S1,S1,S1,126.0,126.0,0.0,23.1,1,1,1,,,0,0.0,0.0,0.0,0.0,0.0,,279.0,,0
1786377626.436,c1,recommend,1600,1.1,25.66,12.93,3.11,S3,0,,0,200.0,obs,670,25.66,12.93,2.9,S3,25.66,12.93,2.9,S3,25.66,12.93,3.11,S3,7.32,0,S3,site_s3,S3,S3,S3,167.5,126.0,0.0,52.9,1,1,1,,,0,0.0,0.0,0.0,0.0,0.0,,279.0,,0
1786377626.436,c2,reserve,,0.0,26.34,13.67,3.88,S3,0,,0,36.0,obs,332,26.34,13.67,3.65,S3,26.34,13.67,3.65,S3,26.34,13.67,3.88,S3,7.32,0,S3,site_s3,S3,S3,S3,83.0,126.0,0.0,76.0,1,1,1,,,0,0.0,0.0,0.0,0.0,0.0,,279.0,,0
1786377626.436,c2,search,,0.0,33.22,20.71,11.2,S3,0,,0,4552.84,obs,505,31.1,20.71,10.98,S3,31.1,20.71,10.98,S3,33.22,20.71,11.2,S3,7.32,0,S3,site_s3,S3,S3,S3,125.5,126.0,0.0,201.5,1,1,1,,,0,0.0,0.0,0.0,0.0,0.0,,279.0,,0
1786377626.436,c2,recommend,,0.0,26.76,14.03,4.21,S3,0,,0,200.0,obs,670,26.76,14.03,4.0,S3,26.76,14.03,4.0,S3,26.76,14.03,4.21,S3,7.32,0,S3,site_s3,S3,S3,S3,167.5,126.0,0.0,231.3,1,1,1,,,0,0.0,0.0,0.0,0.0,0.0,,279.0,,0
1786377627.436,c1,reserve,1600,0.198,26.14,13.47,3.58,S3,0,,0,36.0,obs,333,26.14,13.47,3.45,S3,26.14,13.47,3.45,S3,26.14,13.47,3.58,S3,7.263,0,S3,site_s3,S3,S3,S3,83.0,0.0,0.0,23.1,1,1,1,,,0,0.0,0.0,0.0,0.0,0.0,,279.0,,0
1786377627.436,c1,search,1600,25.042,7.85,-4.33,-13.89,S1,0,,0,4553.16,obs,507,6.49,-3.89,-13.63,S1,6.06,-4.33,-14.06,S1,8.29,-3.89,-13.45,S1,7.263,0,S1,site_s1,S1,S1,S1,127.0,127.0,0.0,23.1,1,1,1,,,0,0.0,0.0,0.0,0.0,0.0,,279.0,,0
1786377627.436,c1,recommend,1600,1.1,25.66,12.93,3.03,S3,0,,0,200.0,obs,670,25.66,12.93,2.9,S3,25.66,12.93,2.9,S3,25.66,12.93,3.03,S3,7.263,0,S3,site_s3,S3,S3,S3,167.5,127.0,0.0,52.9,1,1,1,,,0,0.0,0.0,0.0,0.0,0.0,,279.0,,0
1786377627.436,c2,reserve,,0.0,26.34,13.67,3.78,S3,0,,0,36.0,obs,333,26.34,13.67,3.65,S3,26.34,13.67,3.65,S3,26.34,13.67,3.78,S3,7.263,0,S3,site_s3,S3,S3,S3,83.5,127.0,0.0,76.1,1,1,1,,,0,0.0,0.0,0.0,0.0,0.0,,279.0,,0
1786377627.436,c2,search,,0.0,32.9,20.71,11.16,S3,0,,0,4553.16,obs,507,31.1,20.71,10.98,S3,31.1,20.71,10.98,S3,32.9,20.71,11.16,S3,7.263,0,S3,site_s3,S3,S3,S3,125.0,127.0,0.0,201.1,1,1,1,,,0,0.0,0.0,0.0,0.0,0.0,,279.0,,0
1786377627.436,c2,recommend,,0.0,26.76,14.03,4.13,S3,0,,0,200.0,obs,670,26.76,14.03,4.0,S3,26.76,14.03,4.0,S3,26.76,14.03,4.13,S3,7.263,0,S3,site_s3,S3,S3,S3,167.5,127.0,0.0,230.9,1,1,1,,,0,0.0,0.0,0.0,0.0,0.0,,279.0,,0
1786377628.437,c1,reserve,1600,0.198,26.14,13.47,3.6,S3,0,,0,36.0,obs,334,26.14,13.47,3.45,S3,26.14,13.47,3.45,S3,26.14,13.47,3.6,S3,7.75,0,S3,site_s3,S3,S3,S3,83.5,0.0,0.0,23.2,1,1,1,,,0,0.0,0.0,0.0,0.0,0.0,,279.0,,0
1786377628.437,c1,search,1600,25.042,7.94,-4.33,-13.89,S1,0,,0,4553.16,obs,509,6.49,-3.89,-13.63,S1,6.06,-4.33,-14.06,S1,8.37,-3.89,-13.45,S1,7.75,0,S1,site_s1,S1,S1,S1,127.5,127.5,0.0,23.2,1,1,1,,,0,0.0,0.0,0.0,0.0,0.0,,279.0,,0
1786377628.437,c1,recommend,1600,1.1,25.66,12.93,3.02,S3,0,,0,200.0,obs,668,25.66,12.93,2.9,S3,25.66,12.93,2.9,S3,25.66,12.93,3.02,S3,7.75,0,S3,site_s3,S3,S3,S3,167.0,127.5,0.0,52.9,1,1,1,,,0,0.0,0.0,0.0,0.0,0.0,,279.0,,0
1786377628.437,c2,reserve,,0.0,26.34,13.67,3.8,S3,0,,0,36.0,obs,334,26.34,13.67,3.65,S3,26.34,13.67,3.65,S3,26.34,13.67,3.8,S3,7.75,0,S3,site_s3,S3,S3,S3,83.5,127.5,0.0,76.2,1,1,1,,,0,0.0,0.0,0.0,0.0,0.0,,279.0,,0
1786377628.437,c2,search,,0.0,32.98,20.71,11.16,S3,0,,0,4553.16,obs,509,31.1,20.71,10.98,S3,31.1,20.71,10.98,S3,32.98,20.71,11.16,S3,7.75,0,S3,site_s3,S3,S3,S3,126.0,127.5,0.0,202.2,1,1,1,,,0,0.0,0.0,0.0,0.0,0.0,,279.0,,0
1786377628.437,c2,recommend,,0.0,26.76,14.03,4.12,S3,0,,0,200.0,obs,668,26.76,14.03,4.0,S3,26.76,14.03,4.0,S3,26.76,14.03,4.12,S3,7.75,0,S3,site_s3,S3,S3,S3,167.0,127.5,0.0,231.9,1,1,1,,,0,0.0,0.0,0.0,0.0,0.0,,279.0,,0
1786377629.437,c1,reserve,1600,0.198,26.14,13.47,3.64,S3,0,,0,36.0,obs,338,26.14,13.47,3.45,S3,26.14,13.47,3.45,S3,26.14,13.47,3.64,S3,7.664,0,S3,site_s3,S3,S3,S3,84.5,0.0,0.0,23.5,1,1,1,,,0,0.0,0.0,0.0,0.0,0.0,,279.0,,0
1786377629.437,c1,search,1600,25.043,5.51,-4.33,-13.87,S1,0,,0,4553.31,obs,508,6.49,-3.89,-13.63,S1,6.06,-4.33,-14.06,S1,5.95,-3.89,-13.44,S1,7.664,0,S1,site_s1,S1,S1,S1,127.5,127.5,0.0,23.5,1,1,1,,,0,0.0,0.0,0.0,0.0,0.0,,279.0,,0
1786377629.437,c1,recommend,1600,1.1,25.66,12.93,3.1,S3,0,,0,200.0,obs,667,25.66,12.93,2.9,S3,25.66,12.93,2.9,S3,25.66,12.93,3.1,S3,7.664,0,S3,site_s3,S3,S3,S3,166.5,127.5,0.0,53.1,1,1,1,,,0,0.0,0.0,0.0,0.0,0.0,,279.0,,0
1786377629.437,c2,reserve,,0.0,26.34,13.67,3.84,S3,0,,0,36.0,obs,338,26.34,13.67,3.65,S3,26.34,13.67,3.65,S3,26.34,13.67,3.84,S3,7.664,0,S3,site_s3,S3,S3,S3,84.5,127.5,0.0,76.6,1,1,1,,,0,0.0,0.0,0.0,0.0,0.0,,279.0,,0
1786377629.437,c2,search,,0.0,30.55,20.71,11.17,S3,0,,0,4553.31,obs,508,31.1,20.71,10.98,S3,31.1,20.71,10.98,S3,30.55,20.71,11.17,S3,7.664,0,S3,site_s3,S3,S3,S3,125.0,127.5,0.0,201.6,1,1,1,,,0,0.0,0.0,0.0,0.0,0.0,,279.0,,0
1786377629.437,c2,recommend,,0.0,26.76,14.03,4.2,S3,0,,0,200.0,obs,667,26.76,14.03,4.0,S3,26.76,14.03,4.0,S3,26.76,14.03,4.2,S3,7.664,0,S3,site_s3,S3,S3,S3,167.0,127.5,0.0,231.3,1,1,1,,,0,0.0,0.0,0.0,0.0,0.0,,279.0,,0
1786377630.437,c1,reserve,1600,0.198,26.14,13.47,3.64,S3,0,,0,36.0,obs,335,26.14,13.47,3.45,S3,26.14,13.47,3.45,S3,26.14,13.47,3.64,S3,7.707,0,S3,site_s3,S3,S3,S3,84.0,0.0,0.0,23.4,1,1,1,,,0,0.0,0.0,0.0,0.0,0.0,,279.0,,0
1786377630.437,c1,search,1600,25.042,5.49,-4.33,-13.81,S1,0,,0,4553.0,obs,504,6.49,-3.89,-13.63,S1,6.06,-4.33,-14.06,S1,5.92,-3.89,-13.37,S1,7.707,0,S1,site_s1,S1,S1,S1,126.0,126.0,0.0,23.4,1,1,1,,,0,0.0,0.0,0.0,0.0,0.0,,279.0,,0
1786377630.437,c1,recommend,1600,1.1,25.66,12.93,3.11,S3,0,,0,200.0,obs,673,25.66,12.93,2.9,S3,25.66,12.93,2.9,S3,25.66,12.93,3.11,S3,7.707,0,S3,site_s3,S3,S3,S3,168.0,126.0,0.0,53.3,1,1,1,,,0,0.0,0.0,0.0,0.0,0.0,,279.0,,0
1786377630.437,c2,reserve,,0.0,26.34,13.67,3.84,S3,0,,0,36.0,obs,335,26.34,13.67,3.65,S3,26.34,13.67,3.65,S3,26.34,13.67,3.84,S3,7.707,0,S3,site_s3,S3,S3,S3,83.5,126.0,0.0,76.5,1,1,1,,,0,0.0,0.0,0.0,0.0,0.0,,279.0,,0
1786377630.437,c2,search,,0.0,30.53,20.71,11.24,S3,0,,0,4553.0,obs,504,31.1,20.71,10.98,S3,31.1,20.71,10.98,S3,30.53,20.71,11.24,S3,7.707,0,S3,site_s3,S3,S3,S3,125.0,126.0,0.0,201.5,1,1,1,,,0,0.0,0.0,0.0,0.0,0.0,,279.0,,0
1786377630.437,c2,recommend,,0.0,26.76,14.03,4.21,S3,0,,0,200.0,obs,673,26.76,14.03,4.0,S3,26.76,14.03,4.0,S3,26.76,14.03,4.21,S3,7.707,0,S3,site_s3,S3,S3,S3,168.5,126.0,0.0,231.5,1,1,1,,,0,0.0,0.0,0.0,0.0,0.0,,279.0,,0
1786377631.437,c1,reserve,1600,0.198,26.14,13.47,3.66,S3,0,,0,36.0,obs,333,26.14,13.47,3.45,S3,26.14,13.47,3.45,S3,26.14,13.47,3.66,S3,7.735,0,S3,site_s3,S3,S3,S3,83.0,0.0,0.0,23.1,1,1,1,,,0,0.0,0.0,0.0,0.0,0.0,,279.0,,0
1786377631.437,c1,search,1600,25.042,8.27,-4.33,-13.78,S1,0,,0,4553.16,obs,507,6.49,-3.89,-13.63,S1,6.06,-4.33,-14.06,S1,8.7,-3.89,-13.35,S1,7.735,0,S1,site_s1,S1,S1,S1,127.0,127.0,0.0,23.1,1,1,1,,,0,0.0,0.0,0.0,0.0,0.0,,279.0,,0
1786377631.437,c1,recommend,1600,1.1,25.66,12.93,3.15,S3,0,,0,200.0,obs,672,25.66,12.93,2.9,S3,25.66,12.93,2.9,S3,25.66,12.93,3.15,S3,7.735,0,S3,site_s3,S3,S3,S3,168.5,127.0,0.0,53.1,1,1,1,,,0,0.0,0.0,0.0,0.0,0.0,,279.0,,0
1786377631.437,c2,reserve,,0.0,26.34,13.67,3.86,S3,0,,0,36.0,obs,333,26.34,13.67,3.65,S3,26.34,13.67,3.65,S3,26.34,13.67,3.86,S3,7.735,0,S3,site_s3,S3,S3,S3,83.5,127.0,0.0,76.3,1,1,1,,,0,0.0,0.0,0.0,0.0,0.0,,279.0,,0
1786377631.437,c2,search,,0.0,33.31,20.71,11.26,S3,0,,0,4553.16,obs,507,31.1,20.71,10.98,S3,31.1,20.71,10.98,S3,33.31,20.71,11.26,S3,7.735,0,S3,site_s3,S3,S3,S3,125.5,127.0,0.0,201.8,1,1,1,,,0,0.0,0.0,0.0,0.0,0.0,,279.0,,0
1786377631.437,c2,recommend,,0.0,26.76,14.03,4.25,S3,0,,0,200.0,obs,672,26.76,14.03,4.0,S3,26.76,14.03,4.0,S3,26.76,14.03,4.25,S3,7.735,0,S3,site_s3,S3,S3,S3,167.5,127.0,0.0,231.6,1,1,1,,,0,0.0,0.0,0.0,0.0,0.0,,279.0,,0
1786377632.437,c1,reserve,1600,0.198,26.14,13.47,3.7,S3,0,,0,36.0,obs,334,26.14,13.47,3.45,S3,26.14,13.47,3.45,S3,26.14,13.47,3.7,S3,7.736,0,S3,site_s3,S3,S3,S3,83.5,0.0,0.0,23.2,1,1,1,,,0,0.0,0.0,0.0,0.0,0.0,,279.0,,0
1786377632.437,c1,search,1600,25.042,8.62,-4.33,-13.68,S1,0,,0,4553.0,obs,508,6.49,-3.89,-13.63,S1,6.06,-4.33,-14.06,S1,9.05,-3.89,-13.25,S1,7.736,0,S1,site_s1,S1,S1,S1,127.0,127.0,0.0,23.2,1,1,1,,,0,0.0,0.0,0.0,0.0,0.0,,279.0,,0
1786377632.437,c1,recommend,1600,1.1,25.66,12.93,3.13,S3,0,,0,200.0,obs,671,25.66,12.93,2.9,S3,25.66,12.93,2.9,S3,25.66,12.93,3.13,S3,7.736,0,S3,site_s3,S3,S3,S3,167.5,127.0,0.0,53.0,1,1,1,,,0,0.0,0.0,0.0,0.0,0.0,,279.0,,0
1786377632.437,c2,reserve,,0.0,26.34,13.67,3.9,S3,0,,0,36.0,obs,334,26.34,13.67,3.65,S3,26.34,13.67,3.65,S3,26.34,13.67,3.9,S3,7.736,0,S3,site_s3,S3,S3,S3,83.5,127.0,0.0,76.2,1,1,1,,,0,0.0,0.0,0.0,0.0,0.0,,279.0,,0
1786377632.437,c2,search,,0.0,33.66,20.71,11.36,S3,0,,0,4553.0,obs,508,31.1,20.71,10.98,S3,31.1,20.71,10.98,S3,33.66,20.71,11.36,S3,7.736,0,S3,site_s3,S3,S3,S3,126.0,127.0,0.0,202.2,1,1,1,,,0,0.0,0.0,0.0,0.0,0.0,,279.0,,0
1786377632.437,c2,recommend,,0.0,26.76,14.03,4.23,S3,0,,0,200.0,obs,671,26.76,14.03,4.0,S3,26.76,14.03,4.0,S3,26.76,14.03,4.23,S3,7.736,0,S3,site_s3,S3,S3,S3,168.0,127.0,0.0,232.1,1,1,1,,,0,0.0,0.0,0.0,0.0,0.0,,279.0,,0
1786377633.437,c1,reserve,1600,0.198,26.14,13.47,3.72,S3,0,,0,36.0,obs,337,26.14,13.47,3.45,S3,26.14,13.47,3.45,S3,26.14,13.47,3.72,S3,7.587,0,S3,site_s3,S3,S3,S3,84.0,0.0,0.0,23.4,1,1,1,,,0,0.0,0.0,0.0,0.0,0.0,,279.0,,0
1786377633.437,c1,search,1600,25.042,8.11,-4.33,-13.62,S1,0,,0,4553.15,obs,511,6.49,-3.89,-13.63,S1,6.06,-4.33,-14.06,S1,8.54,-3.89,-13.18,S1,7.587,0,S1,site_s1,S1,S1,S1,128.0,128.0,0.0,23.4,1,1,1,,,0,0.0,0.0,0.0,0.0,0.0,,279.0,,0
1786377633.437,c1,recommend,1600,1.1,25.66,12.93,3.08,S3,0,,0,200.0,obs,667,25.66,12.93,2.9,S3,25.66,12.93,2.9,S3,25.66,12.93,3.08,S3,7.587,0,S3,site_s3,S3,S3,S3,166.5,128.0,0.0,53.0,1,1,1,,,0,0.0,0.0,0.0,0.0,0.0,,279.0,,0
1786377633.437,c2,reserve,,0.0,26.34,13.67,3.91,S3,0,,0,36.0,obs,337,26.34,13.67,3.65,S3,26.34,13.67,3.65,S3,26.34,13.67,3.91,S3,7.587,0,S3,site_s3,S3,S3,S3,84.5,128.0,0.0,76.5,1,1,1,,,0,0.0,0.0,0.0,0.0,0.0,,279.0,,0
1786377633.437,c2,search,,0.0,33.15,20.71,11.43,S3,0,,0,4553.15,obs,511,31.1,20.71,10.98,S3,31.1,20.71,10.98,S3,33.15,20.71,11.43,S3,7.587,0,S3,site_s3,S3,S3,S3,126.0,128.0,0.0,202.5,1,1,1,,,0,0.0,0.0,0.0,0.0,0.0,,279.0,,0
1786377633.437,c2,recommend,,0.0,26.76,14.03,4.18,S3,0,,0,200.0,obs,667,26.76,14.03,4.0,S3,26.76,14.03,4.0,S3,26.76,14.03,4.18,S3,7.587,0,S3,site_s3,S3,S3,S3,167.0,128.0,0.0,232.2,1,1,1,,,0,0.0,0.0,0.0,0.0,0.0,,279.0,,0
1786377634.436,c1,reserve,1600,0.198,26.14,13.47,3.73,S3,0,,0,36.0,obs,339,26.14,13.47,3.45,S3,26.14,13.47,3.45,S3,26.14,13.47,3.73,S3,7.294,0,S3,site_s3,S3,S3,S3,85.0,0.0,0.0,23.6,1,1,1,,,0,0.0,0.0,0.0,0.0,0.0,,279.0,,0
1786377634.436,c1,search,1600,25.043,7.59,-4.33,-13.89,S1,0,,0,4553.31,obs,506,6.49,-3.89,-13.63,S1,6.06,-4.33,-14.06,S1,8.02,-3.89,-13.46,S1,7.294,0,S1,site_s1,S1,S1,S1,127.0,127.0,0.0,23.6,1,1,1,,,0,0.0,0.0,0.0,0.0,0.0,,279.0,,0
1786377634.436,c1,recommend,1600,1.1,25.66,12.93,3.06,S3,0,,0,200.0,obs,670,25.66,12.93,2.9,S3,25.66,12.93,2.9,S3,25.66,12.93,3.06,S3,7.294,0,S3,site_s3,S3,S3,S3,167.5,127.0,0.0,53.4,1,1,1,,,0,0.0,0.0,0.0,0.0,0.0,,279.0,,0
1786377634.436,c2,reserve,,0.0,26.34,13.67,3.93,S3,0,,0,36.0,obs,339,26.34,13.67,3.65,S3,26.34,13.67,3.65,S3,26.34,13.67,3.93,S3,7.294,0,S3,site_s3,S3,S3,S3,84.5,127.0,0.0,76.9,1,1,1,,,0,0.0,0.0,0.0,0.0,0.0,,279.0,,0
1786377634.436,c2,search,,0.0,32.63,20.71,11.15,S3,0,,0,4553.31,obs,506,31.1,20.71,10.98,S3,31.1,20.71,10.98,S3,32.63,20.71,11.15,S3,7.294,0,S3,site_s3,S3,S3,S3,125.0,127.0,0.0,201.9,1,1,1,,,0,0.0,0.0,0.0,0.0,0.0,,279.0,,0
1786377634.436,c2,recommend,,0.0,26.76,14.03,4.16,S3,0,,0,200.0,obs,670,26.76,14.03,4.0,S3,26.76,14.03,4.0,S3,26.76,14.03,4.16,S3,7.294,0,S3,site_s3,S3,S3,S3,167.5,127.0,0.0,231.8,1,1,1,,,0,0.0,0.0,0.0,0.0,0.0,,279.0,,0
1786377635.437,c1,reserve,1600,0.198,26.14,13.47,3.67,S3,0,,0,36.0,obs,334,26.14,13.47,3.45,S3,26.14,13.47,3.45,S3,26.14,13.47,3.67,S3,7.742,0,S3,site_s3,S3,S3,S3,83.5,0.0,0.0,23.2,1,1,1,,,0,0.0,0.0,0.0,0.0,0.0,,279.0,,0
1786377635.437,c1,search,1600,25.042,7.79,-4.33,-13.87,S1,0,,0,4553.0,obs,508,6.49,-3.89,-13.63,S1,6.06,-4.33,-14.06,S1,8.23,-3.89,-13.44,S1,7.742,0,S1,site_s1,S1,S1,S1,127.0,127.0,0.0,23.2,1,1,1,,,0,0.0,0.0,0.0,0.0,0.0,,279.0,,0
1786377635.437,c1,recommend,1600,1.1,25.66,12.93,3.07,S3,0,,0,200.0,obs,674,25.66,12.93,2.9,S3,25.66,12.93,2.9,S3,25.66,12.93,3.07,S3,7.742,0,S3,site_s3,S3,S3,S3,168.5,127.0,0.0,53.2,1,1,1,,,0,0.0,0.0,0.0,0.0,0.0,,279.0,,0
1786377635.437,c2,reserve,,0.0,26.34,13.67,3.87,S3,0,,0,36.0,obs,334,26.34,13.67,3.65,S3,26.34,13.67,3.65,S3,26.34,13.67,3.87,S3,7.742,0,S3,site_s3,S3,S3,S3,83.5,127.0,0.0,76.4,1,1,1,,,0,0.0,0.0,0.0,0.0,0.0,,279.0,,0
1786377635.437,c2,search,,0.0,32.84,20.71,11.17,S3,0,,0,4553.0,obs,508,31.1,20.71,10.98,S3,31.1,20.71,10.98,S3,32.84,20.71,11.17,S3,7.742,0,S3,site_s3,S3,S3,S3,126.0,127.0,0.0,202.4,1,1,1,,,0,0.0,0.0,0.0,0.0,0.0,,279.0,,0
1786377635.437,c2,recommend,,0.0,26.76,14.03,4.17,S3,0,,0,200.0,obs,674,26.76,14.03,4.0,S3,26.76,14.03,4.0,S3,26.76,14.03,4.17,S3,7.742,0,S3,site_s3,S3,S3,S3,168.5,127.0,0.0,232.4,1,1,1,,,0,0.0,0.0,0.0,0.0,0.0,,279.0,,0
1786377636.437,c1,reserve,1600,0.198,26.14,13.47,3.61,S3,0,,0,36.0,obs,334,26.14,13.47,3.45,S3,26.14,13.47,3.45,S3,26.14,13.47,3.61,S3,7.604,0,S3,site_s3,S3,S3,S3,83.5,0.0,0.0,23.2,1,1,1,,,0,0.0,0.0,0.0,0.0,0.0,,279.0,,0
1786377636.437,c1,search,1600,25.042,8.52,-4.33,-13.75,S1,0,,0,4553.0,obs,510,6.49,-3.89,-13.63,S1,6.06,-4.33,-14.06,S1,8.96,-3.89,-13.32,S1,7.604,0,S1,site_s1,S1,S1,S1,127.5,127.5,0.0,23.2,1,1,1,,,0,0.0,0.0,0.0,0.0,0.0,,279.0,,0
1786377636.437,c1,recommend,1600,1.1,25.66,12.93,3.07,S3,0,,0,200.0,obs,674,25.66,12.93,2.9,S3,25.66,12.93,2.9,S3,25.66,12.93,3.07,S3,7.604,0,S3,site_s3,S3,S3,S3,168.5,127.5,0.0,53.2,1,1,1,,,0,0.0,0.0,0.0,0.0,0.0,,279.0,,0
1786377636.437,c2,reserve,,0.0,26.34,13.67,3.8,S3,0,,0,36.0,obs,334,26.34,13.67,3.65,S3,26.34,13.67,3.65,S3,26.34,13.67,3.8,S3,7.604,0,S3,site_s3,S3,S3,S3,83.5,127.5,0.0,76.4,1,1,1,,,0,0.0,0.0,0.0,0.0,0.0,,279.0,,0
1786377636.437,c2,search,,0.0,33.56,20.71,11.29,S3,0,,0,4553.0,obs,510,31.1,20.71,10.98,S3,31.1,20.71,10.98,S3,33.56,20.71,11.29,S3,7.604,0,S3,site_s3,S3,S3,S3,126.0,127.5,0.0,202.4,1,1,1,,,0,0.0,0.0,0.0,0.0,0.0,,279.0,,0
1786377636.437,c2,recommend,,0.0,26.76,14.03,4.17,S3,0,,0,200.0,obs,674,26.76,14.03,4.0,S3,26.76,14.03,4.0,S3,26.76,14.03,4.17,S3,7.604,0,S3,site_s3,S3,S3,S3,168.5,127.5,0.0,232.4,1,1,1,,,0,0.0,0.0,0.0,0.0,0.0,,279.0,,0
1786377637.437,c1,reserve,1600,0.198,26.14,13.47,3.61,S3,0,,0,36.0,obs,335,26.14,13.47,3.45,S3,26.14,13.47,3.45,S3,26.14,13.47,3.61,S3,7.706,0,S3,site_s3,S3,S3,S3,83.5,0.0,0.0,23.2,1,1,1,,,0,0.0,0.0,0.0,0.0,0.0,,279.0,,0
1786377637.437,c1,search,1600,25.042,7.79,-4.33,-14.02,S1,0,,0,4553.15,obs,511,6.49,-3.89,-13.63,S1,6.06,-4.33,-14.06,S1,8.23,-3.89,-13.59,S1,7.706,0,S1,site_s1,S1,S1,S1,128.0,128.0,0.0,23.2,1,1,1,,,0,0.0,0.0,0.0,0.0,0.0,,279.0,,0
1786377637.437,c1,recommend,1600,1.1,25.66,12.93,3.03,S3,0,,0,200.0,obs,672,25.66,12.93,2.9,S3,25.66,12.93,2.9,S3,25.66,12.93,3.03,S3,7.706,0,S3,site_s3,S3,S3,S3,168.5,128.0,0.0,53.2,1,1,1,,,0,0.0,0.0,0.0,0.0,0.0,,279.0,,0
1786377637.437,c2,reserve,,0.0,26.34,13.67,3.8,S3,0,,0,36.0,obs,335,26.34,13.67,3.65,S3,26.34,13.67,3.65,S3,26.34,13.67,3.8,S3,7.706,0,S3,site_s3,S3,S3,S3,84.0,128.0,0.0,76.6,1,1,1,,,0,0.0,0.0,0.0,0.0,0.0,,279.0,,0
1786377637.437,c2,search,,0.0,32.84,20.71,11.02,S3,0,,0,4553.15,obs,511,31.1,20.71,10.98,S3,31.1,20.71,10.98,S3,32.84,20.71,11.02,S3,7.706,0,S3,site_s3,S3,S3,S3,126.5,128.0,0.0,203.1,1,1,1,,,0,0.0,0.0,0.0,0.0,0.0,,279.0,,0
1786377637.437,c2,recommend,,0.0,26.76,14.03,4.13,S3,0,,0,200.0,obs,672,26.76,14.03,4.0,S3,26.76,14.03,4.0,S3,26.76,14.03,4.13,S3,7.706,0,S3,site_s3,S3,S3,S3,167.5,128.0,0.0,232.9,1,1,1,,,0,0.0,0.0,0.0,0.0,0.0,,279.0,,0
1786377638.437,c1,reserve,1600,0.198,26.14,13.47,3.61,S3,0,,0,36.0,obs,340,26.14,13.47,3.45,S3,26.14,13.47,3.45,S3,26.14,13.47,3.61,S3,7.678,0,S3,site_s3,S3,S3,S3,85.0,0.0,0.0,23.6,1,1,1,,,0,0.0,0.0,0.0,0.0,0.0,,279.0,,0
1786377638.437,c1,search,1600,25.043,8.03,-4.33,-14.06,S1,0,,0,4553.31,obs,510,6.49,-3.89,-13.63,S1,6.06,-4.33,-14.06,S1,8.47,-3.89,-13.63,S1,7.678,0,S1,site_s1,S1,S1,S1,128.0,128.0,0.0,23.6,1,1,1,,,0,0.0,0.0,0.0,0.0,0.0,,279.0,,0
1786377638.437,c1,recommend,1600,1.1,25.66,12.93,3.04,S3,0,,0,200.0,obs,669,25.66,12.93,2.9,S3,25.66,12.93,2.9,S3,25.66,12.93,3.04,S3,7.678,0,S3,site_s3,S3,S3,S3,167.0,128.0,0.0,53.4,1,1,1,,,0,0.0,0.0,0.0,0.0,0.0,,279.0,,0
1786377638.437,c2,reserve,,0.0,26.34,13.67,3.81,S3,0,,0,36.0,obs,340,26.34,13.67,3.65,S3,26.34,13.67,3.65,S3,26.34,13.67,3.81,S3,7.678,0,S3,site_s3,S3,S3,S3,85.0,128.0,0.0,77.0,1,1,1,,,0,0.0,0.0,0.0,0.0,0.0,,279.0,,0
1786377638.437,c2,search,,0.0,33.08,20.71,10.98,S3,0,,0,4553.31,obs,510,31.1,20.71,10.98,S3,31.1,20.71,10.98,S3,33.08,20.71,10.98,S3,7.678,0,S3,site_s3,S3,S3,S3,125.5,128.0,0.0,202.5,1,1,1,,,0,0.0,0.0,0.0,0.0,0.0,,279.0,,0
1786377638.437,c2,recommend,,0.0,26.76,14.03,4.14,S3,0,,0,200.0,obs,669,26.76,14.03,4.0,S3,26.76,14.03,4.0,S3,26.76,14.03,4.14,S3,7.678,0,S3,site_s3,S3,S3,S3,167.5,128.0,0.0,232.3,1,1,1,,,0,0.0,0.0,0.0,0.0,0.0,,279.0,,0
1786377639.437,c1,reserve,1600,0.198,26.14,13.47,3.61,S3,0,,0,36.0,obs,338,26.14,13.47,3.45,S3,26.14,13.47,3.45,S3,26.14,13.47,3.61,S3,7.78,0,S3,site_s3,S3,S3,S3,84.5,0.0,0.0,23.5,1,1,1,,,0,0.0,0.0,0.0,0.0,0.0,,279.0,,0
1786377639.437,c1,search,1600,25.042,2.15,-4.33,-13.82,S1,0,,0,4553.16,obs,507,6.49,-3.89,-13.63,S1,6.06,-4.33,-14.06,S1,2.58,-3.89,-13.39,S1,7.78,0,S1,site_s1,S1,S1,S1,127.0,127.0,0.0,23.5,1,1,1,,,0,0.0,0.0,0.0,0.0,0.0,,279.0,,0
1786377639.437,c1,recommend,1600,1.1,25.66,12.93,3.07,S3,0,,0,200.0,obs,675,25.66,12.93,2.9,S3,25.66,12.93,2.9,S3,25.66,12.93,3.07,S3,7.78,0,S3,site_s3,S3,S3,S3,168.5,127.0,0.0,53.5,1,1,1,,,0,0.0,0.0,0.0,0.0,0.0,,279.0,,0
1786377639.437,c2,reserve,,0.0,26.34,13.67,3.81,S3,0,,0,36.0,obs,338,26.34,13.67,3.65,S3,26.34,13.67,3.65,S3,26.34,13.67,3.81,S3,7.78,0,S3,site_s3,S3,S3,S3,84.5,127.0,0.0,77.0,1,1,1,,,0,0.0,0.0,0.0,0.0,0.0,,279.0,,0
1786377639.437,c2,search,,0.0,27.19,20.71,11.22,S3,0,,0,4553.16,obs,507,31.1,20.71,10.98,S3,31.1,20.71,10.98,S3,27.19,20.71,11.22,S3,7.78,0,S3,site_s3,S3,S3,S3,125.5,127.0,0.0,202.5,1,1,1,,,0,0.0,0.0,0.0,0.0,0.0,,279.0,,0
1786377639.437,c2,recommend,,0.0,26.76,14.03,4.17,S3,0,,0,200.0,obs,675,26.76,14.03,4.0,S3,26.76,14.03,4.0,S3,26.76,14.03,4.17,S3,7.78,0,S3,site_s3,S3,S3,S3,169.0,127.0,0.0,232.6,1,1,1,,,0,0.0,0.0,0.0,0.0,0.0,,279.0,,0
1786377640.437,c1,reserve,1600,0.198,26.14,13.47,3.61,S3,0,,0,36.0,obs,335,26.14,13.47,3.45,S3,26.14,13.47,3.45,S3,26.14,13.47,3.61,S3,7.756,0,S3,site_s3,S3,S3,S3,83.5,0.0,0.0,23.2,1,1,1,,,0,0.0,0.0,0.0,0.0,0.0,,279.0,,0
1786377640.437,c1,search,1600,25.042,2.15,-4.33,-13.72,S1,0,,0,4553.0,obs,510,6.49,-3.89,-13.63,S1,6.06,-4.33,-14.06,S1,2.58,-3.89,-13.29,S1,7.756,0,S1,site_s1,S1,S1,S1,127.5,127.5,0.0,23.2,1,1,1,,,0,0.0,0.0,0.0,0.0,0.0,,279.0,,0
1786377640.437,c1,recommend,1600,1.1,25.66,12.93,3.1,S3,0,,0,200.0,obs,675,25.66,12.93,2.9,S3,25.66,12.93,2.9,S3,25.66,12.93,3.1,S3,7.756,0,S3,site_s3,S3,S3,S3,169.0,127.5,0.0,53.3,1,1,1,,,0,0.0,0.0,0.0,0.0,0.0,,279.0,,0
1786377640.437,c2,reserve,,0.0,26.34,13.67,3.81,S3,0,,0,36.0,obs,335,26.34,13.67,3.65,S3,26.34,13.67,3.65,S3,26.34,13.67,3.81,S3,7.756,0,S3,site_s3,S3,S3,S3,84.0,127.5,0.0,76.6,1,1,1,,,0,0.0,0.0,0.0,0.0,0.0,,279.0,,0
1786377640.437,c2,search,,0.0,27.19,20.71,11.32,S3,0,,0,4553.0,obs,510,31.1,20.71,10.98,S3,31.1,20.71,10.98,S3,27.19,20.71,11.32,S3,7.756,0,S3,site_s3,S3,S3,S3,126.0,127.5,0.0,202.6,1,1,1,,,0,0.0,0.0,0.0,0.0,0.0,,279.0,,0
1786377640.437,c2,recommend,,0.0,26.76,14.03,4.2,S3,0,,0,200.0,obs,675,26.76,14.03,4.0,S3,26.76,14.03,4.0,S3,26.76,14.03,4.2,S3,7.756,0,S3,site_s3,S3,S3,S3,168.5,127.5,0.0,232.6,1,1,1,,,0,0.0,0.0,0.0,0.0,0.0,,279.0,,0
1786377641.437,c1,reserve,1600,0.198,26.14,13.47,3.75,S3,0,,0,36.0,obs,335,26.14,13.47,3.45,S3,26.14,13.47,3.45,S3,26.14,13.47,3.75,S3,7.841,0,S3,site_s3,S3,S3,S3,84.0,0.0,0.0,23.4,1,1,1,,,0,0.0,0.0,0.0,0.0,0.0,,279.0,,0
1786377641.437,c1,search,1600,25.042,8.34,-4.33,-13.72,S1,0,,0,4553.0,obs,510,6.49,-3.89,-13.63,S1,6.06,-4.33,-14.06,S1,8.78,-3.89,-13.29,S1,7.841,0,S1,site_s1,S1,S1,S1,127.5,127.5,0.0,23.4,1,1,1,,,0,0.0,0.0,0.0,0.0,0.0,,279.0,,0
1786377641.437,c1,recommend,1600,1.1,25.66,12.93,3.11,S3,0,,0,200.0,obs,675,25.66,12.93,2.9,S3,25.66,12.93,2.9,S3,25.66,12.93,3.11,S3,7.841,0,S3,site_s3,S3,S3,S3,168.5,127.5,0.0,53.3,1,1,1,,,0,0.0,0.0,0.0,0.0,0.0,,279.0,,0
1786377641.437,c2,reserve,,0.0,26.34,13.67,3.95,S3,0,,0,36.0,obs,335,26.34,13.67,3.65,S3,26.34,13.67,3.65,S3,26.34,13.67,3.95,S3,7.841,0,S3,site_s3,S3,S3,S3,83.5,127.5,0.0,76.6,1,1,1,,,0,0.0,0.0,0.0,0.0,0.0,,279.0,,0
1786377641.437,c2,search,,0.0,33.39,20.71,11.32,S3,0,,0,4553.0,obs,510,31.1,20.71,10.98,S3,31.1,20.71,10.98,S3,33.39,20.71,11.32,S3,7.841,0,S3,site_s3,S3,S3,S3,126.5,127.5,0.0,203.1,1,1,1,,,0,0.0,0.0,0.0,0.0,0.0,,279.0,,0
1786377641.437,c2,recommend,,0.0,26.76,14.03,4.21,S3,0,,0,200.0,obs,675,26.76,14.03,4.0,S3,26.76,14.03,4.0,S3,26.76,14.03,4.21,S3,7.841,0,S3,site_s3,S3,S3,S3,169.0,127.5,0.0,233.1,1,1,1,,,0,0.0,0.0,0.0,0.0,0.0,,279.0,,0
1786377642.439,c1,reserve,1600,0.198,26.14,13.47,3.74,S3,0,,0,36.0,obs,338,26.14,13.47,3.45,S3,26.14,13.47,3.45,S3,26.14,13.47,3.74,S3,9.624,0,S3,site_s3,S3,S3,S3,84.5,0.0,0.0,23.5,1,1,1,,,0,0.0,0.0,0.0,0.0,0.0,,279.0,,0
1786377642.439,c1,search,1600,25.042,8.23,-4.33,-13.73,S1,0,,0,4553.0,obs,514,6.49,-3.89,-13.63,S1,6.06,-4.33,-14.06,S1,8.66,-3.89,-13.29,S1,9.624,0,S1,site_s1,S1,S1,S1,128.5,128.5,0.0,23.5,1,1,1,,,0,0.0,0.0,0.0,0.0,0.0,,279.0,,0
1786377642.439,c1,recommend,1600,1.1,25.66,12.93,3.1,S3,0,,0,200.0,obs,672,25.66,12.93,2.9,S3,25.66,12.93,2.9,S3,25.66,12.93,3.1,S3,9.624,0,S3,site_s3,S3,S3,S3,168.0,128.5,0.0,53.4,1,1,1,,,0,0.0,0.0,0.0,0.0,0.0,,279.0,,0
1786377642.439,c2,reserve,,0.0,26.34,13.67,3.94,S3,0,,0,36.0,obs,338,26.34,13.67,3.65,S3,26.34,13.67,3.65,S3,26.34,13.67,3.94,S3,9.624,0,S3,site_s3,S3,S3,S3,84.5,128.5,0.0,76.9,1,1,1,,,0,0.0,0.0,0.0,0.0,0.0,,279.0,,0
1786377642.439,c2,search,,0.0,33.27,20.71,11.31,S3,0,,0,4553.0,obs,514,31.1,20.71,10.98,S3,31.1,20.71,10.98,S3,33.27,20.71,11.31,S3,9.624,0,S3,site_s3,S3,S3,S3,127.0,128.5,0.0,203.9,1,1,1,,,0,0.0,0.0,0.0,0.0,0.0,,279.0,,0
1786377642.439,c2,recommend,,0.0,26.76,14.03,4.2,S3,0,,0,200.0,obs,672,26.76,14.03,4.0,S3,26.76,14.03,4.0,S3,26.76,14.03,4.2,S3,9.624,0,S3,site_s3,S3,S3,S3,168.0,128.5,0.0,233.8,1,1,1,,,0,0.0,0.0,0.0,0.0,0.0,,279.0,,0
1786377643.437,c1,reserve,1600,0.198,26.14,13.47,3.69,S3,0,,0,36.0,obs,342,26.14,13.47,3.45,S3,26.14,13.47,3.45,S3,26.14,13.47,3.69,S3,7.708,0,S3,site_s3,S3,S3,S3,85.5,0.0,0.0,23.8,1,1,1,,,0,0.0,0.0,0.0,0.0,0.0,,279.0,,0
1786377643.437,c1,search,1600,25.042,7.64,-4.33,-13.69,S1,0,,0,4553.16,obs,509,6.49,-3.89,-13.63,S1,6.06,-4.33,-14.06,S1,8.08,-3.89,-13.26,S1,7.708,0,S1,site_s1,S1,S1,S1,127.5,127.5,0.0,23.8,1,1,1,,,0,0.0,0.0,0.0,0.0,0.0,,279.0,,0
1786377643.437,c1,recommend,1600,1.1,25.66,12.93,3.07,S3,0,,0,200.0,obs,673,25.66,12.93,2.9,S3,25.66,12.93,2.9,S3,25.66,12.93,3.07,S3,7.708,0,S3,site_s3,S3,S3,S3,168.0,127.5,0.0,53.7,1,1,1,,,0,0.0,0.0,0.0,0.0,0.0,,279.0,,0
1786377643.437,c2,reserve,,0.0,26.34,13.67,3.89,S3,0,,0,36.0,obs,342,26.34,13.67,3.65,S3,26.34,13.67,3.65,S3,26.34,13.67,3.89,S3,7.708,0,S3,site_s3,S3,S3,S3,85.5,127.5,0.0,77.4,1,1,1,,,0,0.0,0.0,0.0,0.0,0.0,,279.0,,0
1786377643.437,c2,search,,0.0,32.68,20.71,11.35,S3,0,,0,4553.16,obs,509,31.1,20.71,10.98,S3,31.1,20.71,10.98,S3,32.68,20.71,11.35,S3,7.708,0,S3,site_s3,S3,S3,S3,126.0,127.5,0.0,203.4,1,1,1,,,0,0.0,0.0,0.0,0.0,0.0,,279.0,,0
1786377643.437,c2,recommend,,0.0,26.76,14.03,4.17,S3,0,,0,200.0,obs,673,26.76,14.03,4.0,S3,26.76,14.03,4.0,S3,26.76,14.03,4.17,S3,7.708,0,S3,site_s3,S3,S3,S3,168.5,127.5,0.0,233.4,1,1,1,,,0,0.0,0.0,0.0,0.0,0.0,,279.0,,0
1786377644.436,c1,reserve,1600,0.198,26.14,13.47,3.68,S3,0,,0,36.0,obs,336,26.14,13.47,3.45,S3,26.14,13.47,3.45,S3,26.14,13.47,3.68,S3,7.368,0,S3,site_s3,S3,S3,S3,84.0,0.0,0.0,23.4,1,1,1,,,0,0.0,0.0,0.0,0.0,0.0,,279.0,,0
1786377644.436,c1,search,1600,25.041,7.11,-4.33,-13.67,S1,0,,0,4552.85,obs,511,6.49,-3.89,-13.63,S1,6.06,-4.33,-14.06,S1,7.55,-3.89,-13.24,S1,7.368,0,S1,site_s1,S1,S1,S1,127.5,127.5,0.0,23.4,1,1,1,,,0,0.0,0.0,0.0,0.0,0.0,,279.0,,0
1786377644.436,c1,recommend,1600,1.1,25.66,12.93,3.08,S3,0,,0,200.0,obs,678,25.66,12.93,2.9,S3,25.66,12.93,2.9,S3,25.66,12.93,3.08,S3,7.368,0,S3,site_s3,S3,S3,S3,169.5,127.5,0.0,53.5,1,1,1,,,0,0.0,0.0,0.0,0.0,0.0,,279.0,,0
1786377644.436,c2,reserve,,0.0,26.34,13.67,3.88,S3,0,,0,36.0,obs,336,26.34,13.67,3.65,S3,26.34,13.67,3.65,S3,26.34,13.67,3.88,S3,7.368,0,S3,site_s3,S3,S3,S3,84.0,127.5,0.0,76.9,1,1,1,,,0,0.0,0.0,0.0,0.0,0.0,,279.0,,0
1786377644.436,c2,search,,0.0,32.15,20.71,11.37,S3,0,,0,4552.85,obs,511,31.1,20.71,10.98,S3,31.1,20.71,10.98,S3,32.15,20.71,11.37,S3,7.368,0,S3,site_s3,S3,S3,S3,126.5,127.5,0.0,203.4,1,1,1,,,0,0.0,0.0,0.0,0.0,0.0,,279.0,,0
1786377644.436,c2,recommend,,0.0,26.76,14.03,4.18,S3,0,,0,200.0,obs,678,26.76,14.03,4.0,S3,26.76,14.03,4.0,S3,26.76,14.03,4.18,S3,7.368,0,S3,site_s3,S3,S3,S3,169.5,127.5,0.0,233.5,1,1,1,,,0,0.0,0.0,0.0,0.0,0.0,,279.0,,0
1786377645.436,c1,reserve,1600,0.198,26.14,13.47,3.56,S3,0,,0,36.0,obs,335,26.14,13.47,3.45,S3,26.14,13.47,3.45,S3,26.14,13.47,3.56,S3,7.333,0,S3,site_s3,S3,S3,S3,83.5,0.0,0.0,23.2,1,1,1,,,0,0.0,0.0,0.0,0.0,0.0,,279.0,,0
1786377645.436,c1,search,1600,25.042,7.76,-4.33,-13.69,S1,0,,0,4553.15,obs,513,6.49,-3.89,-13.63,S1,6.06,-4.33,-14.06,S1,8.19,-3.89,-13.26,S1,7.333,0,S1,site_s1,S1,S1,S1,128.5,128.5,0.0,23.2,1,1,1,,,0,0.0,0.0,0.0,0.0,0.0,,279.0,,0
1786377645.436,c1,recommend,1600,1.1,25.66,12.93,3.13,S3,0,,0,200.0,obs,678,25.66,12.93,2.9,S3,25.66,12.93,2.9,S3,25.66,12.93,3.13,S3,7.333,0,S3,site_s3,S3,S3,S3,169.5,128.5,0.0,53.4,1,1,1,,,0,0.0,0.0,0.0,0.0,0.0,,279.0,,0
1786377645.436,c2,reserve,,0.0,26.34,13.67,3.76,S3,0,,0,36.0,obs,335,26.34,13.67,3.65,S3,26.34,13.67,3.65,S3,26.34,13.67,3.76,S3,7.333,0,S3,site_s3,S3,S3,S3,84.0,128.5,0.0,76.7,1,1,1,,,0,0.0,0.0,0.0,0.0,0.0,,279.0,,0
1786377645.436,c2,search,,0.0,32.8,20.71,11.35,S3,0,,0,4553.15,obs,513,31.1,20.71,10.98,S3,31.1,20.71,10.98,S3,32.8,20.71,11.35,S3,7.333,0,S3,site_s3,S3,S3,S3,126.5,128.5,0.0,203.2,1,1,1,,,0,0.0,0.0,0.0,0.0,0.0,,279.0,,0
1786377645.436,c2,recommend,,0.0,26.76,14.03,4.23,S3,0,,0,200.0,obs,678,26.76,14.03,4.0,S3,26.76,14.03,4.0,S3,26.76,14.03,4.23,S3,7.333,0,S3,site_s3,S3,S3,S3,169.5,128.5,0.0,233.4,1,1,1,,,0,0.0,0.0,0.0,0.0,0.0,,279.0,,0
1786377646.438,c1,reserve,1600,0.198,26.14,13.47,3.57,S3,0,,0,36.0,obs,337,26.14,13.47,3.45,S3,26.14,13.47,3.45,S3,26.14,13.47,3.57,S3,8.655,0,S3,site_s3,S3,S3,S3,84.0,0.0,0.0,23.4,1,1,1,,,0,0.0,0.0,0.0,0.0,0.0,,279.0,,0
1786377646.438,c1,search,1600,25.042,8.09,-4.33,-13.76,S1,0,,0,4553.15,obs,515,6.49,-3.89,-13.63,S1,6.06,-4.33,-14.06,S1,8.53,-3.89,-13.33,S1,8.655,0,S1,site_s1,S1,S1,S1,129.0,129.0,0.0,23.4,1,1,1,,,0,0.0,0.0,0.0,0.0,0.0,,279.0,,0
1786377646.438,c1,recommend,1600,1.1,25.66,12.93,3.12,S3,0,,0,200.0,obs,675,25.66,12.93,2.9,S3,25.66,12.93,2.9,S3,25.66,12.93,3.12,S3,8.655,0,S3,site_s3,S3,S3,S3,169.0,129.0,0.0,53.4,1,1,1,,,0,0.0,0.0,0.0,0.0,0.0,,279.0,,0
1786377646.438,c2,reserve,,0.0,26.34,13.67,3.76,S3,0,,0,36.0,obs,337,26.34,13.67,3.65,S3,26.34,13.67,3.65,S3,26.34,13.67,3.76,S3,8.655,0,S3,site_s3,S3,S3,S3,84.5,129.0,0.0,76.9,1,1,1,,,0,0.0,0.0,0.0,0.0,0.0,,279.0,,0
1786377646.438,c2,search,,0.0,33.14,20.71,11.28,S3,0,,0,4553.15,obs,515,31.1,20.71,10.98,S3,31.1,20.71,10.98,S3,33.14,20.71,11.28,S3,8.655,0,S3,site_s3,S3,S3,S3,127.0,129.0,0.0,203.9,1,1,1,,,0,0.0,0.0,0.0,0.0,0.0,,279.0,,0
1786377646.438,c2,recommend,,0.0,26.76,14.03,4.22,S3,0,,0,200.0,obs,675,26.76,14.03,4.0,S3,26.76,14.03,4.0,S3,26.76,14.03,4.22,S3,8.655,0,S3,site_s3,S3,S3,S3,168.5,129.0,0.0,233.9,1,1,1,,,0,0.0,0.0,0.0,0.0,0.0,,279.0,,0
1786377647.436,c1,reserve,1600,0.198,26.14,13.47,3.67,S3,0,,0,36.0,obs,341,26.14,13.47,3.45,S3,26.14,13.47,3.45,S3,26.14,13.47,3.67,S3,7.325,0,S3,site_s3,S3,S3,S3,85.5,0.0,0.0,23.8,1,1,1,,,0,0.0,0.0,0.0,0.0,0.0,,279.0,,0
1786377647.436,c1,search,1600,25.042,8.1,-4.33,-13.99,S1,0,,0,4553.0,obs,514,6.49,-3.89,-13.63,S1,6.06,-4.33,-14.06,S1,8.53,-3.89,-13.55,S1,7.325,0,S1,site_s1,S1,S1,S1,128.5,128.5,0.0,23.8,1,1,1,,,0,0.0,0.0,0.0,0.0,0.0,,279.0,,0
1786377647.436,c1,recommend,1600,1.1,25.66,12.93,3.05,S3,0,,0,200.0,obs,673,25.66,12.93,2.9,S3,25.66,12.93,2.9,S3,25.66,12.93,3.05,S3,7.325,0,S3,site_s3,S3,S3,S3,168.0,128.5,0.0,53.7,1,1,1,,,0,0.0,0.0,0.0,0.0,0.0,,279.0,,0
1786377647.436,c2,reserve,,0.0,26.34,13.67,3.86,S3,0,,0,36.0,obs,341,26.34,13.67,3.65,S3,26.34,13.67,3.65,S3,26.34,13.67,3.86,S3,7.325,0,S3,site_s3,S3,S3,S3,85.0,128.5,0.0,77.3,1,1,1,,,0,0.0,0.0,0.0,0.0,0.0,,279.0,,0
1786377647.436,c2,search,,0.0,33.14,20.71,11.05,S3,0,,0,4553.0,obs,514,31.1,20.71,10.98,S3,31.1,20.71,10.98,S3,33.14,20.71,11.05,S3,7.325,0,S3,site_s3,S3,S3,S3,127.0,128.5,0.0,204.3,1,1,1,,,0,0.0,0.0,0.0,0.0,0.0,,279.0,,0
1786377647.436,c2,recommend,,0.0,26.76,14.03,4.15,S3,0,,0,200.0,obs,673,26.76,14.03,4.0,S3,26.76,14.03,4.0,S3,26.76,14.03,4.15,S3,7.325,0,S3,site_s3,S3,S3,S3,168.5,128.5,0.0,234.3,1,1,1,,,0,0.0,0.0,0.0,0.0,0.0,,279.0,,0
1786377648.436,c1,reserve,1600,0.198,26.14,13.47,3.71,S3,0,,0,36.0,obs,340,26.14,13.47,3.45,S3,26.14,13.47,3.45,S3,26.14,13.47,3.71,S3,7.37,0,S3,site_s3,S3,S3,S3,85.0,0.0,0.0,23.6,1,1,1,,,0,0.0,0.0,0.0,0.0,0.0,,279.0,,0
1786377648.436,c1,search,1600,25.042,8.27,-4.33,-13.92,S1,0,,0,4553.16,obs,509,6.49,-3.89,-13.63,S1,6.06,-4.33,-14.06,S1,8.7,-3.89,-13.48,S1,7.37,0,S1,site_s1,S1,S1,S1,127.5,127.5,0.0,23.6,1,1,1,,,0,0.0,0.0,0.0,0.0,0.0,,279.0,,0
1786377648.436,c1,recommend,1600,1.1,25.66,12.93,3.06,S3,0,,0,200.0,obs,678,25.66,12.93,2.9,S3,25.66,12.93,2.9,S3,25.66,12.93,3.06,S3,7.37,0,S3,site_s3,S3,S3,S3,169.5,127.5,0.0,53.8,1,1,1,,,0,0.0,0.0,0.0,0.0,0.0,,279.0,,0
1786377648.436,c2,reserve,,0.0,26.34,13.67,3.91,S3,0,,0,36.0,obs,340,26.34,13.67,3.65,S3,26.34,13.67,3.65,S3,26.34,13.67,3.91,S3,7.37,0,S3,site_s3,S3,S3,S3,85.0,127.5,0.0,77.4,1,1,1,,,0,0.0,0.0,0.0,0.0,0.0,,279.0,,0
1786377648.436,c2,search,,0.0,33.31,20.71,11.12,S3,0,,0,4553.16,obs,509,31.1,20.71,10.98,S3,31.1,20.71,10.98,S3,33.31,20.71,11.12,S3,7.37,0,S3,site_s3,S3,S3,S3,126.0,127.5,0.0,203.4,1,1,1,,,0,0.0,0.0,0.0,0.0,0.0,,279.0,,0
1786377648.436,c2,recommend,,0.0,26.76,14.03,4.16,S3,0,,0,200.0,obs,678,26.76,14.03,4.0,S3,26.76,14.03,4.0,S3,26.76,14.03,4.16,S3,7.37,0,S3,site_s3,S3,S3,S3,169.5,127.5,0.0,233.6,1,1,1,,,0,0.0,0.0,0.0,0.0,0.0,,279.0,,0
1786377649.436,c1,reserve,1600,0.198,26.14,13.47,3.68,S3,0,,0,36.0,obs,336,26.14,13.47,3.45,S3,26.14,13.47,3.45,S3,26.14,13.47,3.68,S3,7.328,0,S3,site_s3,S3,S3,S3,84.0,0.0,0.0,23.4,1,1,1,,,0,0.0,0.0,0.0,0.0,0.0,,279.0,,0
1786377649.436,c1,search,1600,25.042,5.95,-4.33,-13.81,S1,0,,0,4553.0,obs,512,6.49,-3.89,-13.63,S1,6.06,-4.33,-14.06,S1,6.38,-3.89,-13.38,S1,7.328,0,S1,site_s1,S1,S1,S1,128.0,128.0,0.0,23.4,1,1,1,,,0,0.0,0.0,0.0,0.0,0.0,,279.0,,0
1786377649.436,c1,recommend,1600,1.1,25.66,12.93,3.07,S3,0,,0,200.0,obs,680,25.66,12.93,2.9,S3,25.66,12.93,2.9,S3,25.66,12.93,3.07,S3,7.328,0,S3,site_s3,S3,S3,S3,170.0,128.0,0.0,53.6,1,1,1,,,0,0.0,0.0,0.0,0.0,0.0,,279.0,,0
1786377649.436,c2,reserve,,0.0,26.34,13.67,3.88,S3,0,,0,36.0,obs,336,26.34,13.67,3.65,S3,26.34,13.67,3.65,S3,26.34,13.67,3.88,S3,7.328,0,S3,site_s3,S3,S3,S3,84.0,128.0,0.0,77.0,1,1,1,,,0,0.0,0.0,0.0,0.0,0.0,,279.0,,0
1786377649.436,c2,search,,0.0,30.99,20.71,11.23,S3,0,,0,4553.0,obs,512,31.1,20.71,10.98,S3,31.1,20.71,10.98,S3,30.99,20.71,11.23,S3,7.328,0,S3,site_s3,S3,S3,S3,127.0,128.0,0.0,204.0,1,1,1,,,0,0.0,0.0,0.0,0.0,0.0,,279.0,,0
1786377649.436,c2,recommend,,0.0,26.76,14.03,4.17,S3,0,,0,200.0,obs,680,26.76,14.03,4.0,S3,26.76,14.03,4.0,S3,26.76,14.03,4.17,S3,7.328,0,S3,site_s3,S3,S3,S3,170.0,128.0,0.0,234.2,1,1,1,,,0,0.0,0.0,0.0,0.0,0.0,,279.0,,0
1786377650.437,c1,reserve,1600,0.198,26.14,13.47,3.72,S3,0,,0,36.0,obs,336,26.14,13.47,3.45,S3,26.14,13.47,3.45,S3,26.14,13.47,3.72,S3,7.853,0,S3,site_s3,S3,S3,S3,84.0,0.0,0.0,23.4,1,1,1,,,0,0.0,0.0,0.0,0.0,0.0,,279.0,,0
1786377650.437,c1,search,1600,25.042,5.56,-4.33,-13.7,S1,0,,0,4553.15,obs,513,6.49,-3.89,-13.63,S1,6.06,-4.33,-14.06,S1,6.0,-3.89,-13.27,S1,7.853,0,S1,site_s1,S1,S1,S1,128.5,128.5,0.0,23.4,1,1,1,,,0,0.0,0.0,0.0,0.0,0.0,,279.0,,0
1786377650.437,c1,recommend,1600,1.1,25.66,12.93,3.13,S3,0,,0,200.0,obs,679,25.66,12.93,2.9,S3,25.66,12.93,2.9,S3,25.66,12.93,3.13,S3,7.853,0,S3,site_s3,S3,S3,S3,170.0,128.5,0.0,53.6,1,1,1,,,0,0.0,0.0,0.0,0.0,0.0,,279.0,,0
1786377650.437,c2,reserve,,0.0,26.34,13.67,3.92,S3,0,,0,36.0,obs,336,26.34,13.67,3.65,S3,26.34,13.67,3.65,S3,26.34,13.67,3.92,S3,7.853,0,S3,site_s3,S3,S3,S3,84.0,128.5,0.0,77.0,1,1,1,,,0,0.0,0.0,0.0,0.0,0.0,,279.0,,0
1786377650.437,c2,search,,0.0,30.6,20.71,11.34,S3,0,,0,4553.15,obs,513,31.1,20.71,10.98,S3,31.1,20.71,10.98,S3,30.6,20.71,11.34,S3,7.853,0,S3,site_s3,S3,S3,S3,127.0,128.5,0.0,204.0,1,1,1,,,0,0.0,0.0,0.0,0.0,0.0,,279.0,,0
1786377650.437,c2,recommend,,0.0,26.76,14.03,4.23,S3,0,,0,200.0,obs,679,26.76,14.03,4.0,S3,26.76,14.03,4.0,S3,26.76,14.03,4.23,S3,7.853,0,S3,site_s3,S3,S3,S3,169.5,128.5,0.0,234.1,1,1,1,,,0,0.0,0.0,0.0,0.0,0.0,,279.0,,0
1786377651.436,c1,reserve,1600,0.198,26.14,13.47,3.78,S3,0,,0,36.0,obs,339,26.14,13.47,3.45,S3,26.14,13.47,3.45,S3,26.14,13.47,3.78,S3,7.38,0,S3,site_s3,S3,S3,S3,84.5,0.0,0.0,23.5,1,1,1,,,0,0.0,0.0,0.0,0.0,0.0,,279.0,,0
1786377651.436,c1,search,1600,25.042,7.96,-4.33,-13.69,S1,0,,0,4553.0,obs,516,6.49,-3.89,-13.63,S1,6.06,-4.33,-14.06,S1,8.4,-3.89,-13.25,S1,7.38,0,S1,site_s1,S1,S1,S1,129.0,129.0,0.0,23.5,1,1,1,,,0,0.0,0.0,0.0,0.0,0.0,,279.0,,0
1786377651.436,c1,recommend,1600,1.1,25.66,12.93,3.15,S3,0,,0,200.0,obs,676,25.66,12.93,2.9,S3,25.66,12.93,2.9,S3,25.66,12.93,3.15,S3,7.38,0,S3,site_s3,S3,S3,S3,169.0,129.0,0.0,53.6,1,1,1,,,0,0.0,0.0,0.0,0.0,0.0,,279.0,,0
1786377651.436,c2,reserve,,0.0,26.34,13.67,3.98,S3,0,,0,36.0,obs,339,26.34,13.67,3.65,S3,26.34,13.67,3.65,S3,26.34,13.67,3.98,S3,7.38,0,S3,site_s3,S3,S3,S3,85.0,129.0,0.0,77.2,1,1,1,,,0,0.0,0.0,0.0,0.0,0.0,,279.0,,0
1786377651.436,c2,search,,0.0,33.01,20.71,11.35,S3,0,,0,4553.0,obs,516,31.1,20.71,10.98,S3,31.1,20.71,10.98,S3,33.01,20.71,11.35,S3,7.38,0,S3,site_s3,S3,S3,S3,127.5,129.0,0.0,204.7,1,1,1,,,0,0.0,0.0,0.0,0.0,0.0,,279.0,,0
1786377651.436,c2,recommend,,0.0,26.76,14.03,4.25,S3,0,,0,200.0,obs,676,26.76,14.03,4.0,S3,26.76,14.03,4.0,S3,26.76,14.03,4.25,S3,7.38,0,S3,site_s3,S3,S3,S3,169.0,129.0,0.0,234.8,1,1,1,,,0,0.0,0.0,0.0,0.0,0.0,,279.0,,0
1786377652.437,c1,reserve,1600,0.198,26.14,13.47,3.68,S3,0,,0,36.0,obs,344,26.14,13.47,3.45,S3,26.14,13.47,3.45,S3,26.14,13.47,3.68,S3,7.761,0,S3,site_s3,S3,S3,S3,86.0,0.0,0.0,23.9,1,1,1,,,0,0.0,0.0,0.0,0.0,0.0,,279.0,,0
1786377652.437,c1,search,1600,25.042,8.21,-4.33,-13.78,S1,0,,0,4553.15,obs,511,6.49,-3.89,-13.63,S1,6.06,-4.33,-14.06,S1,8.64,-3.89,-13.34,S1,7.761,0,S1,site_s1,S1,S1,S1,128.0,128.0,0.0,23.9,1,1,1,,,0,0.0,0.0,0.0,0.0,0.0,,279.0,,0
1786377652.437,c1,recommend,1600,1.1,25.66,12.93,3.12,S3,0,,0,200.0,obs,676,25.66,12.93,2.9,S3,25.66,12.93,2.9,S3,25.66,12.93,3.12,S3,7.761,0,S3,site_s3,S3,S3,S3,169.0,128.0,0.0,54.0,1,1,1,,,0,0.0,0.0,0.0,0.0,0.0,,279.0,,0
1786377652.437,c2,reserve,,0.0,26.34,13.67,3.87,S3,0,,0,36.0,obs,344,26.34,13.67,3.65,S3,26.34,13.67,3.65,S3,26.34,13.67,3.87,S3,7.761,0,S3,site_s3,S3,S3,S3,86.0,128.0,0.0,77.9,1,1,1,,,0,0.0,0.0,0.0,0.0,0.0,,279.0,,0
1786377652.437,c2,search,,0.0,33.25,20.71,11.26,S3,0,,0,4553.15,obs,511,31.1,20.71,10.98,S3,31.1,20.71,10.98,S3,33.25,20.71,11.26,S3,7.761,0,S3,site_s3,S3,S3,S3,126.5,128.0,0.0,204.4,1,1,1,,,0,0.0,0.0,0.0,0.0,0.0,,279.0,,0
1786377652.437,c2,recommend,,0.0,26.76,14.03,4.22,S3,0,,0,200.0,obs,676,26.76,14.03,4.0,S3,26.76,14.03,4.0,S3,26.76,14.03,4.22,S3,7.761,0,S3,site_s3,S3,S3,S3,169.0,128.0,0.0,234.5,1,1,1,,,0,0.0,0.0,0.0,0.0,0.0,,279.0,,0
1786377653.436,c1,reserve,1600,0.198,26.14,13.47,3.58,S3,0,,0,36.0,obs,339,26.14,13.47,3.45,S3,26.14,13.47,3.45,S3,26.14,13.47,3.58,S3,7.363,0,S3,site_s3,S3,S3,S3,85.0,0.0,0.0,23.6,1,1,1,,,0,0.0,0.0,0.0,0.0,0.0,,279.0,,0
1786377653.436,c1,search,1600,25.042,8.32,-4.33,-13.75,S1,0,,0,4553.0,obs,512,6.49,-3.89,-13.63,S1,6.06,-4.33,-14.06,S1,8.75,-3.89,-13.31,S1,7.363,0,S1,site_s1,S1,S1,S1,128.0,128.0,0.0,23.6,1,1,1,,,0,0.0,0.0,0.0,0.0,0.0,,279.0,,0
1786377653.436,c1,recommend,1600,1.1,25.66,12.93,3.11,S3,0,,0,200.0,obs,681,25.66,12.93,2.9,S3,25.66,12.93,2.9,S3,25.66,12.93,3.11,S3,7.363,0,S3,site_s3,S3,S3,S3,170.0,128.0,0.0,53.9,1,1,1,,,0,0.0,0.0,0.0,0.0,0.0,,279.0,,0
1786377653.436,c2,reserve,,0.0,26.34,13.67,3.78,S3,0,,0,36.0,obs,339,26.34,13.67,3.65,S3,26.34,13.67,3.65,S3,26.34,13.67,3.78,S3,7.363,0,S3,site_s3,S3,S3,S3,84.5,128.0,0.0,77.4,1,1,1,,,0,0.0,0.0,0.0,0.0,0.0,,279.0,,0
1786377653.436,c2,search,,0.0,33.36,20.71,11.3,S3,0,,0,4553.0,obs,512,31.1,20.71,10.98,S3,31.1,20.71,10.98,S3,33.36,20.71,11.3,S3,7.363,0,S3,site_s3,S3,S3,S3,127.0,128.0,0.0,204.4,1,1,1,,,0,0.0,0.0,0.0,0.0,0.0,,279.0,,0
1786377653.436,c2,recommend,,0.0,26.76,14.03,4.21,S3,0,,0,200.0,obs,681,26.76,14.03,4.0,S3,26.76,14.03,4.0,S3,26.76,14.03,4.21,S3,7.363,0,S3,site_s3,S3,S3,S3,170.5,128.0,0.0,234.7,1,1,1,,,0,0.0,0.0,0.0,0.0,0.0,,279.0,,0
1786377654.437,c1,reserve,1600,0.198,26.14,13.47,3.7,S3,0,,0,36.0,obs,337,26.14,13.47,3.45,S3,26.14,13.47,3.45,S3,26.14,13.47,3.7,S3,7.732,0,S3,site_s3,S3,S3,S3,84.0,0.0,0.0,23.4,1,1,1,,,0,0.0,0.0,0.0,0.0,0.0,,279.0,,0
1786377654.437,c1,search,1600,25.042,8.39,-4.33,-13.75,S1,0,,0,4553.15,obs,515,6.49,-3.89,-13.63,S1,6.06,-4.33,-14.06,S1,8.83,-3.89,-13.32,S1,7.732,0,S1,site_s1,S1,S1,S1,129.0,129.0,0.0,23.4,1,1,1,,,0,0.0,0.0,0.0,0.0,0.0,,279.0,,0
1786377654.437,c1,recommend,1600,1.1,25.66,12.93,3.14,S3,0,,0,200.0,obs,682,25.66,12.93,2.9,S3,25.66,12.93,2.9,S3,25.66,12.93,3.14,S3,7.732,0,S3,site_s3,S3,S3,S3,170.5,129.0,0.0,53.7,1,1,1,,,0,0.0,0.0,0.0,0.0,0.0,,279.0,,0
1786377654.437,c2,reserve,,0.0,26.34,13.67,3.89,S3,0,,0,36.0,obs,337,26.34,13.67,3.65,S3,26.34,13.67,3.65,S3,26.34,13.67,3.89,S3,7.732,0,S3,site_s3,S3,S3,S3,84.5,129.0,0.0,77.2,1,1,1,,,0,0.0,0.0,0.0,0.0,0.0,,279.0,,0
1786377654.437,c2,search,,0.0,33.44,20.71,11.29,S3,0,,0,4553.15,obs,515,31.1,20.71,10.98,S3,31.1,20.71,10.98,S3,33.44,20.71,11.29,S3,7.732,0,S3,site_s3,S3,S3,S3,127.0,129.0,0.0,204.2,1,1,1,,,0,0.0,0.0,0.0,0.0,0.0,,279.0,,0
1786377654.437,c2,recommend,,0.0,26.76,14.03,4.24,S3,0,,0,200.0,obs,682,26.76,14.03,4.0,S3,26.76,14.03,4.0,S3,26.76,14.03,4.24,S3,7.732,0,S3,site_s3,S3,S3,S3,170.5,129.0,0.0,234.5,1,1,1,,,0,0.0,0.0,0.0,0.0,0.0,,279.0,,0
1786377655.436,c1,reserve,1600,0.198,26.14,13.47,3.7,S3,0,,0,36.0,obs,338,26.14,13.47,3.45,S3,26.14,13.47,3.45,S3,26.14,13.47,3.7,S3,7.352,0,S3,site_s3,S3,S3,S3,84.5,0.0,0.0,23.5,1,1,1,,,0,0.0,0.0,0.0,0.0,0.0,,279.0,,0
1786377655.436,c1,search,1600,25.042,8.11,-4.33,-13.77,S1,0,,0,4553.0,obs,516,6.49,-3.89,-13.63,S1,6.06,-4.33,-14.06,S1,8.54,-3.89,-13.33,S1,7.352,0,S1,site_s1,S1,S1,S1,129.0,129.0,0.0,23.5,1,1,1,,,0,0.0,0.0,0.0,0.0,0.0,,279.0,,0
1786377655.436,c1,recommend,1600,1.1,25.66,12.93,3.12,S3,0,,0,200.0,obs,680,25.66,12.93,2.9,S3,25.66,12.93,2.9,S3,25.66,12.93,3.12,S3,7.352,0,S3,site_s3,S3,S3,S3,170.0,129.0,0.0,53.8,1,1,1,,,0,0.0,0.0,0.0,0.0,0.0,,279.0,,0
1786377655.436,c2,reserve,,0.0,26.34,13.67,3.9,S3,0,,0,36.0,obs,338,26.34,13.67,3.65,S3,26.34,13.67,3.65,S3,26.34,13.67,3.9,S3,7.352,0,S3,site_s3,S3,S3,S3,84.5,129.0,0.0,77.2,1,1,1,,,0,0.0,0.0,0.0,0.0,0.0,,279.0,,0
1786377655.436,c2,search,,0.0,33.15,20.71,11.27,S3,0,,0,4553.0,obs,516,31.1,20.71,10.98,S3,31.1,20.71,10.98,S3,33.15,20.71,11.27,S3,7.352,0,S3,site_s3,S3,S3,S3,128.0,129.0,0.0,205.2,1,1,1,,,0,0.0,0.0,0.0,0.0,0.0,,279.0,,0
1786377655.436,c2,recommend,,0.0,26.76,14.03,4.22,S3,0,,0,200.0,obs,680,26.76,14.03,4.0,S3,26.76,14.03,4.0,S3,26.76,14.03,4.22,S3,7.352,0,S3,site_s3,S3,S3,S3,170.0,129.0,0.0,235.5,1,1,1,,,0,0.0,0.0,0.0,0.0,0.0,,279.0,,0
1786377656.437,c1,reserve,1600,0.198,26.14,13.47,3.65,S3,0,,0,36.0,obs,342,26.14,13.47,3.45,S3,26.14,13.47,3.45,S3,26.14,13.47,3.65,S3,7.685,0,S3,site_s3,S3,S3,S3,85.5,0.0,0.0,23.8,1,1,1,,,0,0.0,0.0,0.0,0.0,0.0,,279.0,,0
1786377656.437,c1,search,1600,25.042,7.4,-4.33,-13.71,S1,0,,0,4553.15,obs,517,6.49,-3.89,-13.63,S1,6.06,-4.33,-14.06,S1,7.83,-3.89,-13.28,S1,7.685,0,S1,site_s1,S1,S1,S1,129.5,129.5,0.0,23.8,1,1,1,,,0,0.0,0.0,0.0,0.0,0.0,,279.0,,0
1786377656.437,c1,recommend,1600,1.1,25.66,12.93,3.09,S3,0,,0,200.0,obs,676,25.66,12.93,2.9,S3,25.66,12.93,2.9,S3,25.66,12.93,3.09,S3,7.685,0,S3,site_s3,S3,S3,S3,169.0,129.5,0.0,53.9,1,1,1,,,0,0.0,0.0,0.0,0.0,0.0,,279.0,,0
1786377656.437,c2,reserve,,0.0,26.34,13.67,3.85,S3,0,,0,36.0,obs,342,26.34,13.67,3.65,S3,26.34,13.67,3.65,S3,26.34,13.67,3.85,S3,7.685,0,S3,site_s3,S3,S3,S3,85.5,129.5,0.0,77.6,1,1,1,,,0,0.0,0.0,0.0,0.0,0.0,,279.0,,0
1786377656.437,c2,search,,0.0,32.44,20.71,11.33,S3,0,,0,4553.15,obs,517,31.1,20.71,10.98,S3,31.1,20.71,10.98,S3,32.44,20.71,11.33,S3,7.685,0,S3,site_s3,S3,S3,S3,127.5,129.5,0.0,205.1,1,1,1,,,0,0.0,0.0,0.0,0.0,0.0,,279.0,,0
1786377656.437,c2,recommend,,0.0,26.76,14.03,4.19,S3,0,,0,200.0,obs,676,26.76,14.03,4.0,S3,26.76,14.03,4.0,S3,26.76,14.03,4.19,S3,7.685,0,S3,site_s3,S3,S3,S3,169.0,129.5,0.0,235.2,1,1,1,,,0,0.0,0.0,0.0,0.0,0.0,,279.0,,0
1786377657.436,c1,reserve,1600,0.198,26.14,13.47,3.63,S3,0,,0,36.0,obs,342,26.14,13.47,3.45,S3,26.14,13.47,3.45,S3,26.14,13.47,3.63,S3,7.915,0,S3,site_s3,S3,S3,S3,85.5,0.0,0.0,23.8,1,1,1,,,0,0.0,0.0,0.0,0.0,0.0,,279.0,,0
1786377657.436,c1,search,1600,25.042,7.51,-4.33,-13.71,S1,0,,0,4553.0,obs,514,6.49,-3.89,-13.63,S1,6.06,-4.33,-14.06,S1,7.94,-3.89,-13.28,S1,7.915,0,S1,site_s1,S1,S1,S1,128.5,128.5,0.0,23.8,1,1,1,,,0,0.0,0.0,0.0,0.0,0.0,,279.0,,0
1786377657.436,c1,recommend,1600,1.1,25.66,12.93,3.04,S3,0,,0,200.0,obs,681,25.66,12.93,2.9,S3,25.66,12.93,2.9,S3,25.66,12.93,3.04,S3,7.915,0,S3,site_s3,S3,S3,S3,170.0,128.5,0.0,54.0,1,1,1,,,0,0.0,0.0,0.0,0.0,0.0,,279.0,,0
1786377657.436,c2,reserve,,0.0,26.34,13.67,3.83,S3,0,,0,36.0,obs,342,26.34,13.67,3.65,S3,26.34,13.67,3.65,S3,26.34,13.67,3.83,S3,7.915,0,S3,site_s3,S3,S3,S3,85.5,128.5,0.0,77.8,1,1,1,,,0,0.0,0.0,0.0,0.0,0.0,,279.0,,0
1786377657.436,c2,search,,0.0,32.55,20.71,11.33,S3,0,,0,4553.0,obs,514,31.1,20.71,10.98,S3,31.1,20.71,10.98,S3,32.55,20.71,11.33,S3,7.915,0,S3,site_s3,S3,S3,S3,127.0,128.5,0.0,204.8,1,1,1,,,0,0.0,0.0,0.0,0.0,0.0,,279.0,,0
1786377657.436,c2,recommend,,0.0,26.76,14.03,4.14,S3,0,,0,200.0,obs,681,26.76,14.03,4.0,S3,26.76,14.03,4.0,S3,26.76,14.03,4.14,S3,7.915,0,S3,site_s3,S3,S3,S3,170.5,128.5,0.0,235.1,1,1,1,,,0,0.0,0.0,0.0,0.0,0.0,,279.0,,0
1786377658.437,c1,reserve,1600,0.198,26.14,13.47,3.66,S3,0,,0,36.0,obs,339,26.14,13.47,3.45,S3,26.14,13.47,3.45,S3,26.14,13.47,3.66,S3,7.733,0,S3,site_s3,S3,S3,S3,84.5,0.0,0.0,23.5,1,1,1,,,0,0.0,0.0,0.0,0.0,0.0,,279.0,,0
1786377658.437,c1,search,1600,25.042,8.85,-4.33,-13.83,S1,0,,0,4553.0,obs,514,6.49,-3.89,-13.63,S1,6.06,-4.33,-14.06,S1,9.29,-3.89,-13.4,S1,7.733,0,S1,site_s1,S1,S1,S1,128.5,128.5,0.0,23.5,1,1,1,,,0,0.0,0.0,0.0,0.0,0.0,,279.0,,0
1786377658.437,c1,recommend,1600,1.1,25.66,12.93,3.15,S3,0,,0,200.0,obs,683,25.66,12.93,2.9,S3,25.66,12.93,2.9,S3,25.66,12.93,3.15,S3,7.733,0,S3,site_s3,S3,S3,S3,171.0,128.5,0.0,53.9,1,1,1,,,0,0.0,0.0,0.0,0.0,0.0,,279.0,,0
1786377658.437,c2,reserve,,0.0,26.34,13.67,3.86,S3,0,,0,36.0,obs,339,26.34,13.67,3.65,S3,26.34,13.67,3.65,S3,26.34,13.67,3.86,S3,7.733,0,S3,site_s3,S3,S3,S3,85.0,128.5,0.0,77.6,1,1,1,,,0,0.0,0.0,0.0,0.0,0.0,,279.0,,0
1786377658.437,c2,search,,0.0,33.89,20.71,11.21,S3,0,,0,4553.0,obs,514,31.1,20.71,10.98,S3,31.1,20.71,10.98,S3,33.89,20.71,11.21,S3,7.733,0,S3,site_s3,S3,S3,S3,127.5,128.5,0.0,205.1,1,1,1,,,0,0.0,0.0,0.0,0.0,0.0,,279.0,,0
1786377658.437,c2,recommend,,0.0,26.76,14.03,4.25,S3,0,,0,200.0,obs,683,26.76,14.03,4.0,S3,26.76,14.03,4.0,S3,26.76,14.03,4.25,S3,7.733,0,S3,site_s3,S3,S3,S3,170.5,128.5,0.0,235.4,1,1,1,,,0,0.0,0.0,0.0,0.0,0.0,,279.0,,0
1786377659.437,c1,reserve,1600,0.198,26.14,13.47,3.7,S3,0,,0,36.0,obs,339,26.14,13.47,3.45,S3,26.14,13.47,3.45,S3,26.14,13.47,3.7,S3,7.815,0,S3,site_s3,S3,S3,S3,85.0,0.0,0.0,23.6,1,1,1,,,0,0.0,0.0,0.0,0.0,0.0,,279.0,,0
1786377659.437,c1,search,1600,25.042,5.79,-4.33,-13.83,S1,0,,0,4553.15,obs,517,6.49,-3.89,-13.63,S1,6.06,-4.33,-14.06,S1,6.23,-3.89,-13.4,S1,7.815,0,S1,site_s1,S1,S1,S1,129.5,129.5,0.0,23.6,1,1,1,,,0,0.0,0.0,0.0,0.0,0.0,,279.0,,0
1786377659.437,c1,recommend,1600,1.1,25.66,12.93,3.13,S3,0,,0,200.0,obs,683,25.66,12.93,2.9,S3,25.66,12.93,2.9,S3,25.66,12.93,3.13,S3,7.815,0,S3,site_s3,S3,S3,S3,170.5,129.5,0.0,54.0,1,1,1,,,0,0.0,0.0,0.0,0.0,0.0,,279.0,,0
1786377659.437,c2,reserve,,0.0,26.34,13.67,3.89,S3,0,,0,36.0,obs,339,26.34,13.67,3.65,S3,26.34,13.67,3.65,S3,26.34,13.67,3.89,S3,7.815,0,S3,site_s3,S3,S3,S3,84.5,129.5,0.0,77.5,1,1,1,,,0,0.0,0.0,0.0,0.0,0.0,,279.0,,0
1786377659.437,c2,search,,0.0,30.84,20.71,11.21,S3,0,,0,4553.15,obs,517,31.1,20.71,10.98,S3,31.1,20.71,10.98,S3,30.84,20.71,11.21,S3,7.815,0,S3,site_s3,S3,S3,S3,128.0,129.5,0.0,205.5,1,1,1,,,0,0.0,0.0,0.0,0.0,0.0,,279.0,,0
1786377659.437,c2,recommend,,0.0,26.76,14.03,4.23,S3,0,,0,200.0,obs,683,26.76,14.03,4.0,S3,26.76,14.03,4.0,S3,26.76,14.03,4.23,S3,7.815,0,S3,site_s3,S3,S3,S3,171.0,129.5,0.0,235.9,1,1,1,,,0,0.0,0.0,0.0,0.0,0.0,,279.0,,0
1786377660.437,c1,reserve,1600,0.198,26.14,13.47,3.66,S3,0,,0,36.0,obs,341,26.14,13.47,3.45,S3,26.14,13.47,3.45,S3,26.14,13.47,3.66,S3,7.747,0,S3,site_s3,S3,S3,S3,85.0,0.0,0.0,23.6,1,1,1,,,0,0.0,0.0,0.0,0.0,0.0,,279.0,,0
1786377660.437,c1,search,1600,25.042,1.8,-4.33,-13.64,S1,0,,0,4553.15,obs,519,6.49,-3.89,-13.63,S1,6.06,-4.33,-14.06,S1,2.23,-3.89,-13.21,S1,7.747,0,S1,site_s1,S1,S1,S1,130.0,130.0,0.0,23.6,1,1,1,,,0,0.0,0.0,0.0,0.0,0.0,,279.0,,0
1786377660.437,c1,recommend,1600,1.1,25.66,12.93,3.12,S3,0,,0,200.0,obs,680,25.66,12.93,2.9,S3,25.66,12.93,2.9,S3,25.66,12.93,3.12,S3,7.747,0,S3,site_s3,S3,S3,S3,170.0,130.0,0.0,53.9,1,1,1,,,0,0.0,0.0,0.0,0.0,0.0,,279.0,,0
1786377660.437,c2,reserve,,0.0,26.34,13.67,3.86,S3,0,,0,36.0,obs,341,26.34,13.67,3.65,S3,26.34,13.67,3.65,S3,26.34,13.67,3.86,S3,7.747,0,S3,site_s3,S3,S3,S3,85.5,130.0,0.0,77.7,1,1,1,,,0,0.0,0.0,0.0,0.0,0.0,,279.0,,0
1786377660.437,c2,search,,0.0,26.84,20.71,11.4,S3,0,,0,4553.15,obs,519,31.1,20.71,10.98,S3,31.1,20.71,10.98,S3,26.84,20.71,11.4,S3,7.747,0,S3,site_s3,S3,S3,S3,128.0,130.0,0.0,205.7,1,1,1,,,0,0.0,0.0,0.0,0.0,0.0,,279.0,,0
1786377660.437,c2,recommend,,0.0,26.76,14.03,4.22,S3,0,,0,200.0,obs,680,26.76,14.03,4.0,S3,26.76,14.03,4.0,S3,26.76,14.03,4.22,S3,7.747,0,S3,site_s3,S3,S3,S3,170.0,130.0,0.0,235.9,1,1,1,,,0,0.0,0.0,0.0,0.0,0.0,,279.0,,0
1786377661.436,c1,reserve,1600,0.198,26.14,13.47,3.66,S3,0,,0,36.0,obs,345,26.14,13.47,3.45,S3,26.14,13.47,3.45,S3,26.14,13.47,3.66,S3,7.351,0,S3,site_s3,S3,S3,S3,86.5,0.0,0.0,24.0,1,1,1,,,0,0.0,0.0,0.0,0.0,0.0,,279.0,,0
1786377661.436,c1,search,1600,25.042,6.95,-4.33,-13.75,S1,0,,0,4553.15,obs,515,6.49,-3.89,-13.63,S1,6.06,-4.33,-14.06,S1,7.38,-3.89,-13.32,S1,7.351,0,S1,site_s1,S1,S1,S1,129.0,129.0,0.0,24.0,1,1,1,,,0,0.0,0.0,0.0,0.0,0.0,,279.0,,0
1786377661.436,c1,recommend,1600,1.1,25.66,12.93,3.15,S3,0,,0,200.0,obs,680,25.66,12.93,2.9,S3,25.66,12.93,2.9,S3,25.66,12.93,3.15,S3,7.351,0,S3,site_s3,S3,S3,S3,170.0,129.0,0.0,54.3,1,1,1,,,0,0.0,0.0,0.0,0.0,0.0,,279.0,,0
1786377661.436,c2,reserve,,0.0,26.34,13.67,3.86,S3,0,,0,36.0,obs,345,26.34,13.67,3.65,S3,26.34,13.67,3.65,S3,26.34,13.67,3.86,S3,7.351,0,S3,site_s3,S3,S3,S3,86.0,129.0,0.0,78.2,1,1,1,,,0,0.0,0.0,0.0,0.0,0.0,,279.0,,0
1786377661.436,c2,search,,0.0,31.99,20.71,11.29,S3,0,,0,4553.15,obs,515,31.1,20.71,10.98,S3,31.1,20.71,10.98,S3,31.99,20.71,11.29,S3,7.351,0,S3,site_s3,S3,S3,S3,127.5,129.0,0.0,205.7,1,1,1,,,0,0.0,0.0,0.0,0.0,0.0,,279.0,,0
1786377661.436,c2,recommend,,0.0,26.76,14.03,4.25,S3,0,,0,200.0,obs,680,26.76,14.03,4.0,S3,26.76,14.03,4.0,S3,26.76,14.03,4.25,S3,7.351,0,S3,site_s3,S3,S3,S3,170.0,129.0,0.0,236.0,1,1,1,,,0,0.0,0.0,0.0,0.0,0.0,,279.0,,0
1786377662.437,c1,reserve,1600,0.198,26.14,13.47,3.72,S3,0,,0,36.0,obs,340,26.14,13.47,3.45,S3,26.14,13.47,3.45,S3,26.14,13.47,3.72,S3,7.779,0,S3,site_s3,S3,S3,S3,85.0,0.0,0.0,23.6,1,1,1,,,0,0.0,0.0,0.0,0.0,0.0,,279.0,,0
1786377662.437,c1,search,1600,25.042,7.48,-4.33,-13.77,S1,0,,0,4553.15,obs,515,6.49,-3.89,-13.63,S1,6.06,-4.33,-14.06,S1,7.92,-3.89,-13.33,S1,7.779,0,S1,site_s1,S1,S1,S1,129.0,129.0,0.0,23.6,1,1,1,,,0,0.0,0.0,0.0,0.0,0.0,,279.0,,0
1786377662.437,c1,recommend,1600,1.1,25.66,12.93,3.13,S3,0,,0,200.0,obs,685,25.66,12.93,2.9,S3,25.66,12.93,2.9,S3,25.66,12.93,3.13,S3,7.779,0,S3,site_s3,S3,S3,S3,171.5,129.0,0.0,54.2,1,1,1,,,0,0.0,0.0,0.0,0.0,0.0,,279.0,,0
1786377662.437,c2,reserve,,0.0,26.34,13.67,3.92,S3,0,,0,36.0,obs,340,26.34,13.67,3.65,S3,26.34,13.67,3.65,S3,26.34,13.67,3.92,S3,7.779,0,S3,site_s3,S3,S3,S3,85.0,129.0,0.0,77.8,1,1,1,,,0,0.0,0.0,0.0,0.0,0.0,,279.0,,0
1786377662.437,c2,search,,0.0,32.53,20.71,11.27,S3,0,,0,4553.15,obs,515,31.1,20.71,10.98,S3,31.1,20.71,10.98,S3,32.53,20.71,11.27,S3,7.779,0,S3,site_s3,S3,S3,S3,127.5,129.0,0.0,205.3,1,1,1,,,0,0.0,0.0,0.0,0.0,0.0,,279.0,,0
1786377662.437,c2,recommend,,0.0,26.76,14.03,4.23,S3,0,,0,200.0,obs,685,26.76,14.03,4.0,S3,26.76,14.03,4.0,S3,26.76,14.03,4.23,S3,7.779,0,S3,site_s3,S3,S3,S3,171.0,129.0,0.0,235.7,1,1,1,,,0,0.0,0.0,0.0,0.0,0.0,,279.0,,0
1786377663.437,c1,reserve,1600,0.198,26.14,13.47,3.66,S3,0,,0,36.0,obs,339,26.14,13.47,3.45,S3,26.14,13.47,3.45,S3,26.14,13.47,3.66,S3,7.72,0,S3,site_s3,S3,S3,S3,84.5,0.0,0.0,23.5,1,1,1,,,0,0.0,0.0,0.0,0.0,0.0,,279.0,,0
1786377663.437,c1,search,1600,25.042,8.16,-4.33,-13.78,S1,0,,0,4553.15,obs,517,6.49,-3.89,-13.63,S1,6.06,-4.33,-14.06,S1,8.6,-3.89,-13.35,S1,7.72,0,S1,site_s1,S1,S1,S1,129.5,129.5,0.0,23.5,1,1,1,,,0,0.0,0.0,0.0,0.0,0.0,,279.0,,0
1786377663.437,c1,recommend,1600,1.1,25.66,12.93,3.15,S3,0,,0,200.0,obs,685,25.66,12.93,2.9,S3,25.66,12.93,2.9,S3,25.66,12.93,3.15,S3,7.72,0,S3,site_s3,S3,S3,S3,171.0,129.5,0.0,53.9,1,1,1,,,0,0.0,0.0,0.0,0.0,0.0,,279.0,,0
1786377663.437,c2,reserve,,0.0,26.34,13.67,3.86,S3,0,,0,36.0,obs,339,26.34,13.67,3.65,S3,26.34,13.67,3.65,S3,26.34,13.67,3.86,S3,7.72,0,S3,site_s3,S3,S3,S3,85.0,129.5,0.0,77.6,1,1,1,,,0,0.0,0.0,0.0,0.0,0.0,,279.0,,0
1786377663.437,c2,search,,0.0,33.2,20.71,11.26,S3,0,,0,4553.15,obs,517,31.1,20.71,10.98,S3,31.1,20.71,10.98,S3,33.2,20.71,11.26,S3,7.72,0,S3,site_s3,S3,S3,S3,127.5,129.5,0.0,205.1,1,1,1,,,0,0.0,0.0,0.0,0.0,0.0,,279.0,,0
1786377663.437,c2,recommend,,0.0,26.76,14.03,4.25,S3,0,,0,200.0,obs,685,26.76,14.03,4.0,S3,26.76,14.03,4.0,S3,26.76,14.03,4.25,S3,7.72,0,S3,site_s3,S3,S3,S3,171.5,129.5,0.0,235.6,1,1,1,,,0,0.0,0.0,0.0,0.0,0.0,,279.0,,0
1786377664.437,c1,reserve,1600,0.198,26.14,13.47,3.62,S3,0,,0,36.0,obs,341,26.14,13.47,3.45,S3,26.14,13.47,3.45,S3,26.14,13.47,3.62,S3,7.792,0,S3,site_s3,S3,S3,S3,85.0,0.0,0.0,23.6,1,1,1,,,0,0.0,0.0,0.0,0.0,0.0,,279.0,,0
1786377664.437,c1,search,1600,25.042,8.21,-4.33,-13.84,S1,0,,0,4553.15,obs,519,6.49,-3.89,-13.63,S1,6.06,-4.33,-14.06,S1,8.65,-3.89,-13.4,S1,7.792,0,S1,site_s1,S1,S1,S1,130.0,130.0,0.0,23.6,1,1,1,,,0,0.0,0.0,0.0,0.0,0.0,,279.0,,0
1786377664.437,c1,recommend,1600,1.1,25.66,12.93,3.17,S3,0,,0,200.0,obs,683,25.66,12.93,2.9,S3,25.66,12.93,2.9,S3,25.66,12.93,3.17,S3,7.792,0,S3,site_s3,S3,S3,S3,171.0,130.0,0.0,54.1,1,1,1,,,0,0.0,0.0,0.0,0.0,0.0,,279.0,,0
1786377664.437,c2,reserve,,0.0,26.34,13.67,3.82,S3,0,,0,36.0,obs,341,26.34,13.67,3.65,S3,26.34,13.67,3.65,S3,26.34,13.67,3.82,S3,7.792,0,S3,site_s3,S3,S3,S3,85.5,130.0,0.0,77.8,1,1,1,,,0,0.0,0.0,0.0,0.0,0.0,,279.0,,0
1786377664.437,c2,search,,0.0,33.26,20.71,11.2,S3,0,,0,4553.15,obs,519,31.1,20.71,10.98,S3,31.1,20.71,10.98,S3,33.26,20.71,11.2,S3,7.792,0,S3,site_s3,S3,S3,S3,128.5,130.0,0.0,206.3,1,1,1,,,0,0.0,0.0,0.0,0.0,0.0,,279.0,,0
1786377664.437,c2,recommend,,0.0,26.76,14.03,4.27,S3,0,,0,200.0,obs,683,26.76,14.03,4.0,S3,26.76,14.03,4.0,S3,26.76,14.03,4.27,S3,7.792,0,S3,site_s3,S3,S3,S3,170.5,130.0,0.0,236.7,1,1,1,,,0,0.0,0.0,0.0,0.0,0.0,,279.0,,0
1786377665.437,c1,reserve,1600,0.198,26.14,13.47,3.6,S3,0,,0,36.0,obs,345,26.14,13.47,3.45,S3,26.14,13.47,3.45,S3,26.14,13.47,3.6,S3,7.68,0,S3,site_s3,S3,S3,S3,86.5,0.0,0.0,24.0,1,1,1,,,0,0.0,0.0,0.0,0.0,0.0,,279.0,,0
1786377665.437,c1,search,1600,25.042,7.21,-4.33,-13.99,S1,0,,0,4553.15,obs,519,6.49,-3.89,-13.63,S1,6.06,-4.33,-14.06,S1,7.64,-3.89,-13.55,S1,7.68,0,S1,site_s1,S1,S1,S1,130.0,130.0,0.0,24.0,1,1,1,,,0,0.0,0.0,0.0,0.0,0.0,,279.0,,0
1786377665.437,c1,recommend,1600,1.1,25.66,12.93,3.12,S3,0,,0,200.0,obs,679,25.66,12.93,2.9,S3,25.66,12.93,2.9,S3,25.66,12.93,3.12,S3,7.68,0,S3,site_s3,S3,S3,S3,169.5,130.0,0.0,54.2,1,1,1,,,0,0.0,0.0,0.0,0.0,0.0,,279.0,,0
1786377665.437,c2,reserve,,0.0,26.34,13.67,3.8,S3,0,,0,36.0,obs,345,26.34,13.67,3.65,S3,26.34,13.67,3.65,S3,26.34,13.67,3.8,S3,7.68,0,S3,site_s3,S3,S3,S3,86.0,130.0,0.0,78.1,1,1,1,,,0,0.0,0.0,0.0,0.0,0.0,,279.0,,0
1786377665.437,c2,search,,0.0,32.25,20.71,11.05,S3,0,,0,4553.15,obs,519,31.1,20.71,10.98,S3,31.1,20.71,10.98,S3,32.25,20.71,11.05,S3,7.68,0,S3,site_s3,S3,S3,S3,128.0,130.0,0.0,206.1,1,1,1,,,0,0.0,0.0,0.0,0.0,0.0,,279.0,,0
1786377665.437,c2,recommend,,0.0,26.76,14.03,4.22,S3,0,,0,200.0,obs,679,26.76,14.03,4.0,S3,26.76,14.03,4.0,S3,26.76,14.03,4.22,S3,7.68,0,S3,site_s3,S3,S3,S3,170.0,130.0,0.0,236.4,1,1,1,,,0,0.0,0.0,0.0,0.0,0.0,,279.0,,0
1786377666.437,c1,reserve,1600,0.198,26.14,13.47,3.7,S3,0,,0,36.0,obs,344,26.14,13.47,3.45,S3,26.14,13.47,3.45,S3,26.14,13.47,3.7,S3,7.839,0,S3,site_s3,S3,S3,S3,86.0,0.0,0.0,23.9,1,1,1,,,0,0.0,0.0,0.0,0.0,0.0,,279.0,,0
1786377666.437,c1,search,1600,25.042,7.85,-4.33,-13.79,S1,0,,0,4553.15,obs,515,6.49,-3.89,-13.63,S1,6.06,-4.33,-14.06,S1,8.29,-3.89,-13.35,S1,7.839,0,S1,site_s1,S1,S1,S1,129.0,129.0,0.0,23.9,1,1,1,,,0,0.0,0.0,0.0,0.0,0.0,,279.0,,0
1786377666.437,c1,recommend,1600,1.1,25.66,12.93,3.13,S3,0,,0,200.0,obs,685,25.66,12.93,2.9,S3,25.66,12.93,2.9,S3,25.66,12.93,3.13,S3,7.839,0,S3,site_s3,S3,S3,S3,171.0,129.0,0.0,54.3,1,1,1,,,0,0.0,0.0,0.0,0.0,0.0,,279.0,,0
1786377666.437,c2,reserve,,0.0,26.34,13.67,3.89,S3,0,,0,36.0,obs,344,26.34,13.67,3.65,S3,26.34,13.67,3.65,S3,26.34,13.67,3.89,S3,7.839,0,S3,site_s3,S3,S3,S3,86.0,129.0,0.0,78.3,1,1,1,,,0,0.0,0.0,0.0,0.0,0.0,,279.0,,0
1786377666.437,c2,search,,0.0,32.89,20.71,11.26,S3,0,,0,4553.15,obs,515,31.1,20.71,10.98,S3,31.1,20.71,10.98,S3,32.89,20.71,11.26,S3,7.839,0,S3,site_s3,S3,S3,S3,127.5,129.0,0.0,205.8,1,1,1,,,0,0.0,0.0,0.0,0.0,0.0,,279.0,,0
1786377666.437,c2,recommend,,0.0,26.76,14.03,4.23,S3,0,,0,200.0,obs,685,26.76,14.03,4.0,S3,26.76,14.03,4.0,S3,26.76,14.03,4.23,S3,7.839,0,S3,site_s3,S3,S3,S3,171.5,129.0,0.0,236.3,1,1,1,,,0,0.0,0.0,0.0,0.0,0.0,,279.0,,0
1786377667.436,c1,reserve,1600,0.198,26.14,13.47,3.68,S3,0,,0,36.0,obs,340,26.14,13.47,3.45,S3,26.14,13.47,3.45,S3,26.14,13.47,3.68,S3,7.42,0,S3,site_s3,S3,S3,S3,85.0,0.0,0.0,23.6,1,1,1,,,0,0.0,0.0,0.0,0.0,0.0,,279.0,,0
1786377667.436,c1,search,1600,25.04,8.51,-4.33,-13.79,S1,0,,0,4552.69,obs,518,6.49,-3.89,-13.63,S1,6.06,-4.33,-14.06,S1,8.94,-3.89,-13.36,S1,7.42,0,S1,site_s1,S1,S1,S1,129.0,129.0,0.0,23.6,1,1,1,,,0,0.0,0.0,0.0,0.0,0.0,,279.0,,0
1786377667.436,c1,recommend,1600,1.1,25.66,12.93,3.12,S3,0,,0,200.0,obs,688,25.66,12.93,2.9,S3,25.66,12.93,2.9,S3,25.66,12.93,3.12,S3,7.42,0,S3,site_s3,S3,S3,S3,172.0,129.0,0.0,54.2,1,1,1,,,0,0.0,0.0,0.0,0.0,0.0,,279.0,,0
1786377667.436,c2,reserve,,0.0,26.34,13.67,3.88,S3,0,,0,36.0,obs,340,26.34,13.67,3.65,S3,26.34,13.67,3.65,S3,26.34,13.67,3.88,S3,7.42,0,S3,site_s3,S3,S3,S3,85.0,129.0,0.0,77.9,1,1,1,,,0,0.0,0.0,0.0,0.0,0.0,,279.0,,0
1786377667.436,c2,search,,0.0,33.55,20.71,11.25,S3,0,,0,4552.69,obs,518,31.1,20.71,10.98,S3,31.1,20.71,10.98,S3,33.55,20.71,11.25,S3,7.42,0,S3,site_s3,S3,S3,S3,128.5,129.0,0.0,206.4,1,1,1,,,0,0.0,0.0,0.0,0.0,0.0,,279.0,,0
1786377667.436,c2,recommend,,0.0,26.76,14.03,4.22,S3,0,,0,200.0,obs,688,26.76,14.03,4.0,S3,26.76,14.03,4.0,S3,26.76,14.03,4.22,S3,7.42,0,S3,site_s3,S3,S3,S3,172.0,129.0,0.0,237.0,1,1,1,,,0,0.0,0.0,0.0,0.0,0.0,,279.0,,0
1786377668.437,c1,reserve,1600,0.198,26.14,13.47,3.64,S3,0,,0,36.0,obs,340,26.14,13.47,3.45,S3,26.14,13.47,3.45,S3,26.14,13.47,3.64,S3,7.851,0,S3,site_s3,S3,S3,S3,85.0,0.0,0.0,23.6,1,1,1,,,0,0.0,0.0,0.0,0.0,0.0,,279.0,,0
1786377668.437,c1,search,1600,25.042,8.23,-4.33,-13.79,S1,0,,0,4553.15,obs,519,6.49,-3.89,-13.63,S1,6.06,-4.33,-14.06,S1,8.67,-3.89,-13.36,S1,7.851,0,S1,site_s1,S1,S1,S1,130.0,130.0,0.0,23.6,1,1,1,,,0,0.0,0.0,0.0,0.0,0.0,,279.0,,0
1786377668.437,c1,recommend,1600,1.1,25.66,12.93,3.12,S3,0,,0,200.0,obs,687,25.66,12.93,2.9,S3,25.66,12.93,2.9,S3,25.66,12.93,3.12,S3,7.851,0,S3,site_s3,S3,S3,S3,172.0,130.0,0.0,54.2,1,1,1,,,0,0.0,0.0,0.0,0.0,0.0,,279.0,,0
1786377668.437,c2,reserve,,0.0,26.34,13.67,3.84,S3,0,,0,36.0,obs,340,26.34,13.67,3.65,S3,26.34,13.67,3.65,S3,26.34,13.67,3.84,S3,7.851,0,S3,site_s3,S3,S3,S3,85.0,130.0,0.0,77.9,1,1,1,,,0,0.0,0.0,0.0,0.0,0.0,,279.0,,0
1786377668.437,c2,search,,0.0,33.28,20.71,11.25,S3,0,,0,4553.15,obs,519,31.1,20.71,10.98,S3,31.1,20.71,10.98,S3,33.28,20.71,11.25,S3,7.851,0,S3,site_s3,S3,S3,S3,128.5,130.0,0.0,206.4,1,1,1,,,0,0.0,0.0,0.0,0.0,0.0,,279.0,,0
1786377668.437,c2,recommend,,0.0,26.76,14.03,4.22,S3,0,,0,200.0,obs,687,26.76,14.03,4.0,S3,26.76,14.03,4.0,S3,26.76,14.03,4.22,S3,7.851,0,S3,site_s3,S3,S3,S3,171.5,130.0,0.0,236.9,1,1,1,,,0,0.0,0.0,0.0,0.0,0.0,,279.0,,0
1786377669.437,c1,reserve,1600,0.198,26.14,13.47,3.64,S3,0,,0,36.0,obs,343,26.14,13.47,3.45,S3,26.14,13.47,3.45,S3,26.14,13.47,3.64,S3,7.736,0,S3,site_s3,S3,S3,S3,85.5,0.0,0.0,23.8,1,1,1,,,0,0.0,0.0,0.0,0.0,0.0,,279.0,,0
1786377669.437,c1,search,1600,25.042,3.38,-4.33,-13.79,S1,0,,0,4553.15,obs,521,6.49,-3.89,-13.63,S1,6.06,-4.33,-14.06,S1,3.81,-3.89,-13.36,S1,7.736,0,S1,site_s1,S1,S1,S1,130.5,130.5,0.0,23.8,1,1,1,,,0,0.0,0.0,0.0,0.0,0.0,,279.0,,0
1786377669.437,c1,recommend,1600,1.1,25.66,12.93,3.08,S3,0,,0,200.0,obs,682,25.66,12.93,2.9,S3,25.66,12.93,2.9,S3,25.66,12.93,3.08,S3,7.736,0,S3,site_s3,S3,S3,S3,170.5,130.5,0.0,54.1,1,1,1,,,0,0.0,0.0,0.0,0.0,0.0,,279.0,,0
1786377669.437,c2,reserve,,0.0,26.34,13.67,3.84,S3,0,,0,36.0,obs,343,26.34,13.67,3.65,S3,26.34,13.67,3.65,S3,26.34,13.67,3.84,S3,7.736,0,S3,site_s3,S3,S3,S3,86.0,130.5,0.0,78.0,1,1,1,,,0,0.0,0.0,0.0,0.0,0.0,,279.0,,0
1786377669.437,c2,search,,0.0,28.42,20.71,11.25,S3,0,,0,4553.15,obs,521,31.1,20.71,10.98,S3,31.1,20.71,10.98,S3,28.42,20.71,11.25,S3,7.736,0,S3,site_s3,S3,S3,S3,128.5,130.5,0.0,206.5,1,1,1,,,0,0.0,0.0,0.0,0.0,0.0,,279.0,,0
1786377669.437,c2,recommend,,0.0,26.76,14.03,4.18,S3,0,,0,200.0,obs,682,26.76,14.03,4.0,S3,26.76,14.03,4.0,S3,26.76,14.03,4.18,S3,7.736,0,S3,site_s3,S3,S3,S3,170.5,130.5,0.0,236.9,1,1,1,,,0,0.0,0.0,0.0,0.0,0.0,,279.0,,0
1786377670.437,c1,reserve,1600,0.198,26.14,13.47,3.62,S3,0,,0,36.0,obs,347,26.14,13.47,3.45,S3,26.14,13.47,3.45,S3,26.14,13.47,3.62,S3,7.773,0,S3,site_s3,S3,S3,S3,87.0,0.0,0.0,24.2,1,1,1,,,0,0.0,0.0,0.0,0.0,0.0,,279.0,,0
1786377670.437,c1,search,1600,25.043,1.62,-4.33,-13.79,S1,0,,0,4553.31,obs,518,6.49,-3.89,-13.63,S1,6.06,-4.33,-14.06,S1,2.06,-3.89,-13.36,S1,7.773,0,S1,site_s1,S1,S1,S1,130.0,130.0,0.0,24.2,1,1,1,,,0,0.0,0.0,0.0,0.0,0.0,,279.0,,0
1786377670.437,c1,recommend,1600,1.1,25.66,12.93,3.08,S3,0,,0,200.0,obs,683,25.66,12.93,2.9,S3,25.66,12.93,2.9,S3,25.66,12.93,3.08,S3,7.773,0,S3,site_s3,S3,S3,S3,170.5,130.0,0.0,54.5,1,1,1,,,0,0.0,0.0,0.0,0.0,0.0,,279.0,,0
1786377670.437,c2,reserve,,0.0,26.34,13.67,3.82,S3,0,,0,36.0,obs,347,26.34,13.67,3.65,S3,26.34,13.67,3.65,S3,26.34,13.67,3.82,S3,7.773,0,S3,site_s3,S3,S3,S3,86.5,130.0,0.0,78.6,1,1,1,,,0,0.0,0.0,0.0,0.0,0.0,,279.0,,0
1786377670.437,c2,search,,0.0,26.67,20.71,11.25,S3,0,,0,4553.31,obs,518,31.1,20.71,10.98,S3,31.1,20.71,10.98,S3,26.67,20.71,11.25,S3,7.773,0,S3,site_s3,S3,S3,S3,128.0,130.0,0.0,206.6,1,1,1,,,0,0.0,0.0,0.0,0.0,0.0,,279.0,,0
1786377670.437,c2,recommend,,0.0,26.76,14.03,4.18,S3,0,,0,200.0,obs,683,26.76,14.03,4.0,S3,26.76,14.03,4.0,S3,26.76,14.03,4.18,S3,7.773,0,S3,site_s3,S3,S3,S3,171.0,130.0,0.0,237.0,1,1,1,,,0,0.0,0.0,0.0,0.0,0.0,,279.0,,0
1786377671.437,c1,reserve,1600,0.198,26.14,13.47,3.73,S3,0,,0,36.0,obs,342,26.14,13.47,3.45,S3,26.14,13.47,3.45,S3,26.14,13.47,3.73,S3,7.781,0,S3,site_s3,S3,S3,S3,85.5,0.0,0.0,23.8,1,1,1,,,0,0.0,0.0,0.0,0.0,0.0,,279.0,,0
1786377671.437,c1,search,1600,25.042,7.72,-4.33,-13.85,S1,0,,0,4553.15,obs,517,6.49,-3.89,-13.63,S1,6.06,-4.33,-14.06,S1,8.15,-3.89,-13.42,S1,7.781,0,S1,site_s1,S1,S1,S1,129.5,129.5,0.0,23.8,1,1,1,,,0,0.0,0.0,0.0,0.0,0.0,,279.0,,0
1786377671.437,c1,recommend,1600,1.1,25.66,12.93,3.15,S3,0,,0,200.0,obs,688,25.66,12.93,2.9,S3,25.66,12.93,2.9,S3,25.66,12.93,3.15,S3,7.781,0,S3,site_s3,S3,S3,S3,172.0,129.5,0.0,54.4,1,1,1,,,0,0.0,0.0,0.0,0.0,0.0,,279.0,,0
1786377671.437,c2,reserve,,0.0,26.34,13.67,3.92,S3,0,,0,36.0,obs,342,26.34,13.67,3.65,S3,26.34,13.67,3.65,S3,26.34,13.67,3.92,S3,7.781,0,S3,site_s3,S3,S3,S3,85.5,129.5,0.0,78.2,1,1,1,,,0,0.0,0.0,0.0,0.0,0.0,,279.0,,0
1786377671.437,c2,search,,0.0,32.76,20.71,11.19,S3,0,,0,4553.15,obs,517,31.1,20.71,10.98,S3,31.1,20.71,10.98,S3,32.76,20.71,11.19,S3,7.781,0,S3,site_s3,S3,S3,S3,128.0,129.5,0.0,206.2,1,1,1,,,0,0.0,0.0,0.0,0.0,0.0,,279.0,,0
1786377671.437,c2,recommend,,0.0,26.76,14.03,4.25,S3,0,,0,200.0,obs,688,26.76,14.03,4.0,S3,26.76,14.03,4.0,S3,26.76,14.03,4.25,S3,7.781,0,S3,site_s3,S3,S3,S3,172.0,129.5,0.0,236.8,1,1,1,,,0,0.0,0.0,0.0,0.0,0.0,,279.0,,0
1786377672.437,c1,reserve,1600,0.198,26.14,13.47,3.73,S3,0,,0,36.0,obs,340,26.14,13.47,3.45,S3,26.14,13.47,3.45,S3,26.14,13.47,3.73,S3,7.81,0,S3,site_s3,S3,S3,S3,85.0,0.0,0.0,23.6,1,1,1,,,0,0.0,0.0,0.0,0.0,0.0,,279.0,,0
1786377672.437,c1,search,1600,25.042,8.21,-4.33,-13.81,S1,0,,0,4553.0,obs,520,6.49,-3.89,-13.63,S1,6.06,-4.33,-14.06,S1,8.65,-3.89,-13.37,S1,7.81,0,S1,site_s1,S1,S1,S1,130.0,130.0,0.0,23.6,1,1,1,,,0,0.0,0.0,0.0,0.0,0.0,,279.0,,0
1786377672.437,c1,recommend,1600,1.1,25.66,12.93,3.12,S3,0,,0,200.0,obs,689,25.66,12.93,2.9,S3,25.66,12.93,2.9,S3,25.66,12.93,3.12,S3,7.81,0,S3,site_s3,S3,S3,S3,172.0,130.0,0.0,54.2,1,1,1,,,0,0.0,0.0,0.0,0.0,0.0,,279.0,,0
1786377672.437,c2,reserve,,0.0,26.34,13.67,3.92,S3,0,,0,36.0,obs,340,26.34,13.67,3.65,S3,26.34,13.67,3.65,S3,26.34,13.67,3.92,S3,7.81,0,S3,site_s3,S3,S3,S3,85.0,130.0,0.0,77.9,1,1,1,,,0,0.0,0.0,0.0,0.0,0.0,,279.0,,0
1786377672.437,c2,search,,0.0,33.25,20.71,11.23,S3,0,,0,4553.0,obs,520,31.1,20.71,10.98,S3,31.1,20.71,10.98,S3,33.25,20.71,11.23,S3,7.81,0,S3,site_s3,S3,S3,S3,128.5,130.0,0.0,206.4,1,1,1,,,0,0.0,0.0,0.0,0.0,0.0,,279.0,,0
1786377672.437,c2,recommend,,0.0,26.76,14.03,4.22,S3,0,,0,200.0,obs,689,26.76,14.03,4.0,S3,26.76,14.03,4.0,S3,26.76,14.03,4.22,S3,7.81,0,S3,site_s3,S3,S3,S3,172.5,130.0,0.0,237.1,1,1,1,,,0,0.0,0.0,0.0,0.0,0.0,,279.0,,0
1786377673.437,c1,reserve,1600,0.198,26.14,13.47,3.61,S3,0,,0,36.0,obs,341,26.14,13.47,3.45,S3,26.14,13.47,3.45,S3,26.14,13.47,3.61,S3,7.699,0,S3,site_s3,S3,S3,S3,85.0,0.0,0.0,23.6,1,1,1,,,0,0.0,0.0,0.0,0.0,0.0,,279.0,,0
1786377673.437,c1,search,1600,25.042,7.88,-4.33,-13.72,S1,0,,0,4553.15,obs,521,6.49,-3.89,-13.63,S1,6.06,-4.33,-14.06,S1,8.32,-3.89,-13.29,S1,7.699,0,S1,site_s1,S1,S1,S1,130.5,130.5,0.0,23.6,1,1,1,,,0,0.0,0.0,0.0,0.0,0.0,,279.0,,0
1786377673.437,c1,recommend,1600,1.1,25.66,12.93,3.08,S3,0,,0,200.0,obs,686,25.66,12.93,2.9,S3,25.66,12.93,2.9,S3,25.66,12.93,3.08,S3,7.699,0,S3,site_s3,S3,S3,S3,172.0,130.5,0.0,54.2,1,1,1,,,0,0.0,0.0,0.0,0.0,0.0,,279.0,,0
1786377673.437,c2,reserve,,0.0,26.34,13.67,3.81,S3,0,,0,36.0,obs,341,26.34,13.67,3.65,S3,26.34,13.67,3.65,S3,26.34,13.67,3.81,S3,7.699,0,S3,site_s3,S3,S3,S3,85.5,130.5,0.0,78.0,1,1,1,,,0,0.0,0.0,0.0,0.0,0.0,,279.0,,0
1786377673.437,c2,search,,0.0,32.93,20.71,11.32,S3,0,,0,4553.15,obs,521,31.1,20.71,10.98,S3,31.1,20.71,10.98,S3,32.93,20.71,11.32,S3,7.699,0,S3,site_s3,S3,S3,S3,129.0,130.5,0.0,207.0,1,1,1,,,0,0.0,0.0,0.0,0.0,0.0,,279.0,,0
1786377673.437,c2,recommend,,0.0,26.76,14.03,4.18,S3,0,,0,200.0,obs,686,26.76,14.03,4.0,S3,26.76,14.03,4.0,S3,26.76,14.03,4.18,S3,7.699,0,S3,site_s3,S3,S3,S3,171.0,130.5,0.0,237.5,1,1,1,,,0,0.0,0.0,0.0,0.0,0.0,,279.0,,0
1786377674.437,c1,reserve,1600,0.198,26.14,13.47,3.61,S3,0,,0,36.0,obs,346,26.14,13.47,3.45,S3,26.14,13.47,3.45,S3,26.14,13.47,3.61,S3,7.681,0,S3,site_s3,S3,S3,S3,86.5,0.0,0.0,24.0,1,1,1,,,0,0.0,0.0,0.0,0.0,0.0,,279.0,,0
1786377674.437,c1,search,1600,25.042,7.49,-4.33,-13.81,S1,0,,0,4553.0,obs,522,6.49,-3.89,-13.63,S1,6.06,-4.33,-14.06,S1,7.93,-3.89,-13.38,S1,7.681,0,S1,site_s1,S1,S1,S1,130.5,130.5,0.0,24.0,1,1,1,,,0,0.0,0.0,0.0,0.0,0.0,,279.0,,0
1786377674.437,c1,recommend,1600,1.1,25.66,12.93,3.07,S3,0,,0,200.0,obs,682,25.66,12.93,2.9,S3,25.66,12.93,2.9,S3,25.66,12.93,3.07,S3,7.681,0,S3,site_s3,S3,S3,S3,170.0,130.5,0.0,54.3,1,1,1,,,0,0.0,0.0,0.0,0.0,0.0,,279.0,,0
1786377674.437,c2,reserve,,0.0,26.34,13.67,3.81,S3,0,,0,36.0,obs,346,26.34,13.67,3.65,S3,26.34,13.67,3.65,S3,26.34,13.67,3.81,S3,7.681,0,S3,site_s3,S3,S3,S3,86.5,130.5,0.0,78.4,1,1,1,,,0,0.0,0.0,0.0,0.0,0.0,,279.0,,0
1786377674.437,c2,search,,0.0,32.53,20.71,11.23,S3,0,,0,4553.0,obs,522,31.1,20.71,10.98,S3,31.1,20.71,10.98,S3,32.53,20.71,11.23,S3,7.681,0,S3,site_s3,S3,S3,S3,129.0,130.5,0.0,207.4,1,1,1,,,0,0.0,0.0,0.0,0.0,0.0,,279.0,,0
1786377674.437,c2,recommend,,0.0,26.76,14.03,4.17,S3,0,,0,200.0,obs,682,26.76,14.03,4.0,S3,26.76,14.03,4.0,S3,26.76,14.03,4.17,S3,7.681,0,S3,site_s3,S3,S3,S3,171.0,130.5,0.0,237.8,1,1,1,,,0,0.0,0.0,0.0,0.0,0.0,,279.0,,0
1786377675.436,c1,reserve,1600,0.198,26.14,13.47,3.63,S3,0,,0,36.0,obs,346,26.14,13.47,3.45,S3,26.14,13.47,3.45,S3,26.14,13.47,3.63,S3,7.349,0,S3,site_s3,S3,S3,S3,86.5,0.0,0.0,24.0,1,1,1,,,0,0.0,0.0,0.0,0.0,0.0,,279.0,,0
1786377675.436,c1,search,1600,25.042,7.8,-4.33,-13.87,S1,0,,0,4553.15,obs,517,6.49,-3.89,-13.63,S1,6.06,-4.33,-14.06,S1,8.23,-3.89,-13.44,S1,7.349,0,S1,site_s1,S1,S1,S1,129.5,129.5,0.0,24.0,1,1,1,,,0,0.0,0.0,0.0,0.0,0.0,,279.0,,0
1786377675.436,c1,recommend,1600,1.1,25.66,12.93,3.08,S3,0,,0,200.0,obs,688,25.66,12.93,2.9,S3,25.66,12.93,2.9,S3,25.66,12.93,3.08,S3,7.349,0,S3,site_s3,S3,S3,S3,172.0,129.5,0.0,54.7,1,1,1,,,0,0.0,0.0,0.0,0.0,0.0,,279.0,,0
1786377675.436,c2,reserve,,0.0,26.34,13.67,3.83,S3,0,,0,36.0,obs,346,26.34,13.67,3.65,S3,26.34,13.67,3.65,S3,26.34,13.67,3.83,S3,7.349,0,S3,site_s3,S3,S3,S3,86.5,129.5,0.0,78.7,1,1,1,,,0,0.0,0.0,0.0,0.0,0.0,,279.0,,0
1786377675.436,c2,search,,0.0,32.84,20.71,11.17,S3,0,,0,4553.15,obs,517,31.1,20.71,10.98,S3,31.1,20.71,10.98,S3,32.84,20.71,11.17,S3,7.349,0,S3,site_s3,S3,S3,S3,128.0,129.5,0.0,206.7,1,1,1,,,0,0.0,0.0,0.0,0.0,0.0,,279.0,,0
1786377675.436,c2,recommend,,0.0,26.76,14.03,4.18,S3,0,,0,200.0,obs,688,26.76,14.03,4.0,S3,26.76,14.03,4.0,S3,26.76,14.03,4.18,S3,7.349,0,S3,site_s3,S3,S3,S3,172.0,129.5,0.0,237.3,1,1,1,,,0,0.0,0.0,0.0,0.0,0.0,,279.0,,0
1786377676.436,c1,reserve,1600,0.198,26.14,13.47,3.63,S3,0,,0,36.0,obs,342,26.14,13.47,3.45,S3,26.14,13.47,3.45,S3,26.14,13.47,3.63,S3,7.833,0,S3,site_s3,S3,S3,S3,85.5,0.0,0.0,23.8,1,1,1,,,0,0.0,0.0,0.0,0.0,0.0,,279.0,,0
1786377676.436,c1,search,1600,25.042,8.13,-4.33,-13.85,S1,0,,0,4553.0,obs,522,6.49,-3.89,-13.63,S1,6.06,-4.33,-14.06,S1,8.56,-3.89,-13.42,S1,7.833,0,S1,site_s1,S1,S1,S1,130.5,130.5,0.0,23.8,1,1,1,,,0,0.0,0.0,0.0,0.0,0.0,,279.0,,0
1786377676.436,c1,recommend,1600,1.1,25.66,12.93,3.1,S3,0,,0,200.0,obs,690,25.66,12.93,2.9,S3,25.66,12.93,2.9,S3,25.66,12.93,3.1,S3,7.833,0,S3,site_s3,S3,S3,S3,172.5,130.5,0.0,54.5,1,1,1,,,0,0.0,0.0,0.0,0.0,0.0,,279.0,,0
1786377676.436,c2,reserve,,0.0,26.34,13.67,3.83,S3,0,,0,36.0,obs,342,26.34,13.67,3.65,S3,26.34,13.67,3.65,S3,26.34,13.67,3.83,S3,7.833,0,S3,site_s3,S3,S3,S3,85.5,130.5,0.0,78.2,1,1,1,,,0,0.0,0.0,0.0,0.0,0.0,,279.0,,0
1786377676.436,c2,search,,0.0,33.17,20.71,11.19,S3,0,,0,4553.0,obs,522,31.1,20.71,10.98,S3,31.1,20.71,10.98,S3,33.17,20.71,11.19,S3,7.833,0,S3,site_s3,S3,S3,S3,129.0,130.5,0.0,207.2,1,1,1,,,0,0.0,0.0,0.0,0.0,0.0,,279.0,,0
1786377676.436,c2,recommend,,0.0,26.76,14.03,4.2,S3,0,,0,200.0,obs,690,26.76,14.03,4.0,S3,26.76,14.03,4.0,S3,26.76,14.03,4.2,S3,7.833,0,S3,site_s3,S3,S3,S3,172.5,130.5,0.0,237.9,1,1,1,,,0,0.0,0.0,0.0,0.0,0.0,,279.0,,0
1786377677.437,c1,reserve,1600,0.198,26.14,13.47,3.57,S3,0,,0,36.0,obs,342,26.14,13.47,3.45,S3,26.14,13.47,3.45,S3,26.14,13.47,3.57,S3,7.785,0,S3,site_s3,S3,S3,S3,85.5,0.0,0.0,23.8,1,1,1,,,0,0.0,0.0,0.0,0.0,0.0,,279.0,,0
1786377677.437,c1,search,1600,25.042,6.62,-4.33,-13.86,S1,0,,0,4553.15,obs,521,6.49,-3.89,-13.63,S1,6.06,-4.33,-14.06,S1,7.05,-3.89,-13.43,S1,7.785,0,S1,site_s1,S1,S1,S1,130.5,130.5,0.0,23.8,1,1,1,,,0,0.0,0.0,0.0,0.0,0.0,,279.0,,0
1786377677.437,c1,recommend,1600,1.1,25.66,12.93,3.03,S3,0,,0,200.0,obs,688,25.66,12.93,2.9,S3,25.66,12.93,2.9,S3,25.66,12.93,3.03,S3,7.785,0,S3,site_s3,S3,S3,S3,172.5,130.5,0.0,54.5,1,1,1,,,0,0.0,0.0,0.0,0.0,0.0,,279.0,,0
1786377677.437,c2,reserve,1600,0.198,26.14,13.47,3.57,S3,0,,0,36.0,obs,342,26.14,13.47,3.45,S3,26.14,13.47,3.45,S3,26.14,13.47,3.57,S3,7.785,0,S3,site_s3,S3,S3,S3,85.5,130.5,0.0,78.2,1,1,1,,,0,0.0,0.0,0.0,0.0,0.0,,279.0,,0
1786377677.437,c2,search,1600,25.042,6.62,-4.33,-13.86,S1,1,0.75,0,4553.15,obs,521,6.49,-3.89,-13.63,S1,6.06,-4.33,-14.06,S1,7.05,-3.89,-13.43,S1,7.785,0,S1,site_s1,S1,S1,S1,129.0,259.5,0.0,78.2,1,1,1,,,0,0.0,0.0,0.0,0.0,0.0,,279.0,,0
1786377677.437,c2,recommend,1600,1.1,25.66,12.93,3.03,S3,0,,0,200.0,obs,688,25.66,12.93,2.9,S3,25.66,12.93,2.9,S3,25.66,12.93,3.03,S3,7.785,0,S3,site_s3,S3,S3,S3,171.5,259.5,0.0,108.8,0,1,1,,,0,0.0,0.0,0.0,0.0,0.0,,279.0,,0
1786377678.437,c1,reserve,1600,0.198,26.14,13.47,3.62,S3,0,,0,36.0,obs,343,26.14,13.47,3.45,S3,26.14,13.47,3.45,S3,26.14,13.47,3.62,S3,7.728,0,S3,site_s3,S3,S3,S3,85.5,0.0,0.0,23.8,1,1,1,,,0,0.0,0.0,0.0,0.0,0.0,,279.0,,0
1786377678.437,c1,search,1600,25.242,-35.41,-4.53,-14.26,S1,0,,1,4589.52,obs,517,6.49,-3.89,-13.63,S1,5.86,-4.53,-14.26,S1,-34.78,-3.89,-13.63,S1,7.728,0,S1,site_s1,S1,S1,S1,129.0,129.0,0.0,23.8,1,1,1,,,0,0.0,0.0,0.0,0.0,0.0,,279.0,,0
1786377678.437,c1,recommend,1600,1.1,25.66,12.93,3.08,S3,0,,0,200.0,obs,677,25.66,12.93,2.9,S3,25.66,12.93,2.9,S3,25.66,12.93,3.08,S3,7.728,0,S3,site_s3,S3,S3,S3,168.5,129.0,0.0,53.8,1,1,1,,,0,0.0,0.0,0.0,0.0,0.0,,279.0,,0
1786377678.437,c2,reserve,1600,0.198,26.14,13.47,3.62,S3,0,,0,36.0,obs,343,26.14,13.47,3.45,S3,26.14,13.47,3.45,S3,26.14,13.47,3.62,S3,7.728,0,S3,site_s3,S3,S3,S3,86.0,129.0,0.0,77.7,1,1,1,,,0,0.0,0.0,0.0,0.0,0.0,,279.0,,0
1786377678.437,c2,search,1600,25.242,-35.41,-4.53,-14.26,S1,0,,1,4589.52,obs,517,6.49,-3.89,-13.63,S1,5.86,-4.53,-14.26,S1,-34.78,-3.89,-13.63,S1,7.728,0,S1,site_s1,S1,S1,S1,128.0,257.0,0.0,77.7,1,1,1,,,0,0.0,0.0,0.0,0.0,0.0,,279.0,,0
1786377678.437,c2,recommend,1600,1.1,25.66,12.93,3.08,S3,0,,0,200.0,obs,677,25.66,12.93,2.9,S3,25.66,12.93,2.9,S3,25.66,12.93,3.08,S3,7.728,0,S3,site_s3,S3,S3,S3,170.0,257.0,0.0,107.9,0,1,1,,,0,0.0,0.0,0.0,0.0,0.0,,279.0,,0
1786377679.437,c1,reserve,1600,0.198,26.14,13.47,3.86,S3,0,,0,36.0,obs,340,26.14,13.47,3.45,S3,26.14,13.47,3.45,S3,26.14,13.47,3.86,S3,7.858,0,S3,site_s3,S3,S3,S3,85.5,0.0,0.0,23.8,1,1,1,,,0,0.0,0.0,0.0,0.0,0.0,,279.0,,0
1786377679.437,c1,search,1600,25.469,-56.43,-4.76,-14.49,S1,0,,1,4630.75,obs,505,6.49,-3.89,-13.63,S1,5.63,-4.76,-14.49,S1,-55.56,-3.89,-13.63,S1,7.858,0,S1,site_s1,S1,S1,S1,126.0,126.0,0.0,23.8,1,1,1,,,0,0.0,0.0,0.0,0.0,0.0,,279.0,,0
1786377679.437,c1,recommend,1600,1.1,25.66,12.93,3.3,S3,0,,0,200.0,obs,667,25.66,12.93,2.9,S3,25.66,12.93,2.9,S3,25.66,12.93,3.3,S3,7.858,0,S3,site_s3,S3,S3,S3,165.5,126.0,0.0,53.2,1,1,1,,,0,0.0,0.0,0.0,0.0,0.0,,279.0,,0
1786377679.437,c2,reserve,1600,0.198,26.14,13.47,3.86,S3,0,,0,36.0,obs,340,26.14,13.47,3.45,S3,26.14,13.47,3.45,S3,26.14,13.47,3.86,S3,7.858,0,S3,site_s3,S3,S3,S3,84.5,126.0,0.0,76.7,1,1,1,,,0,0.0,0.0,0.0,0.0,0.0,,279.0,,0
1786377679.437,c2,search,1600,25.469,-56.43,-4.76,-14.49,S1,0,,1,4630.75,obs,505,6.49,-3.89,-13.63,S1,5.63,-4.76,-14.49,S1,-55.56,-3.89,-13.63,S1,7.858,0,S1,site_s1,S1,S1,S1,125.5,251.5,0.0,76.7,1,1,1,,,0,0.0,0.0,0.0,0.0,0.0,,279.0,,0
1786377679.437,c2,recommend,1600,1.1,25.66,12.93,3.3,S3,0,,0,200.0,obs,667,25.66,12.93,2.9,S3,25.66,12.93,2.9,S3,25.66,12.93,3.3,S3,7.858,0,S3,site_s3,S3,S3,S3,168.0,251.5,0.0,106.6,0,1,1,,,0,0.0,0.0,0.0,0.0,0.0,,279.0,,0
1786377680.437,c1,reserve,1600,0.198,26.14,13.47,3.85,S3,0,,0,36.0,obs,337,26.14,13.47,3.45,S3,26.14,13.47,3.45,S3,26.14,13.47,3.85,S3,7.895,0,S3,site_s3,S3,S3,S3,84.5,0.0,0.0,23.5,1,1,1,,,0,0.0,0.0,0.0,0.0,0.0,,279.0,,0
1786377680.437,c1,search,1600,25.476,-57.86,-4.76,-14.5,S1,0,,1,4632.0,obs,510,6.49,-3.89,-13.63,S1,5.62,-4.76,-14.5,S1,-56.99,-3.89,-13.63,S1,7.895,0,S1,site_s1,S1,S1,S1,127.0,127.0,0.0,23.5,1,1,1,,,0,0.0,0.0,0.0,0.0,0.0,,279.0,,0
1786377680.437,c1,recommend,1600,1.1,25.66,12.93,3.33,S3,0,,0,200.0,obs,677,25.66,12.93,2.9,S3,25.66,12.93,2.9,S3,25.66,12.93,3.33,S3,7.895,0,S3,site_s3,S3,S3,S3,169.5,127.0,0.0,53.7,1,1,1,,,0,0.0,0.0,0.0,0.0,0.0,,279.0,,0
1786377680.437,c2,reserve,1600,0.198,26.14,13.47,3.85,S3,0,,0,36.0,obs,337,26.14,13.47,3.45,S3,26.14,13.47,3.45,S3,26.14,13.47,3.85,S3,7.895,0,S3,site_s3,S3,S3,S3,84.0,127.0,0.0,77.0,1,1,1,,,0,0.0,0.0,0.0,0.0,0.0,,279.0,,0
1786377680.437,c2,search,1600,25.476,-57.86,-4.76,-14.5,S1,0,,1,4632.0,obs,510,6.49,-3.89,-13.63,S1,5.62,-4.76,-14.5,S1,-56.99,-3.89,-13.63,S1,7.895,0,S1,site_s1,S1,S1,S1,128.0,255.0,0.0,77.0,1,1,1,,,0,0.0,0.0,0.0,0.0,0.0,,279.0,,0
1786377680.437,c2,recommend,1600,1.1,25.66,12.93,3.33,S3,0,,0,200.0,obs,677,25.66,12.93,2.9,S3,25.66,12.93,2.9,S3,25.66,12.93,3.33,S3,7.895,0,S3,site_s3,S3,S3,S3,169.0,255.0,0.0,107.1,0,1,1,,,0,0.0,0.0,0.0,0.0,0.0,,279.0,,0
1786377681.437,c1,reserve,1600,0.198,26.14,13.47,3.84,S3,0,,0,36.0,obs,341,26.14,13.47,3.45,S3,26.14,13.47,3.45,S3,26.14,13.47,3.84,S3,7.387,0,S3,site_s3,S3,S3,S3,85.5,0.0,0.0,23.8,1,1,1,,,0,0.0,0.0,0.0,0.0,0.0,,279.0,,0
1786377681.437,c1,search,1600,25.476,-48.6,-4.76,-14.5,S1,0,,1,4632.0,obs,519,6.49,-3.89,-13.63,S1,5.62,-4.76,-14.5,S1,-47.73,-3.89,-13.63,S1,7.387,0,S1,site_s1,S1,S1,S1,129.5,129.5,0.0,23.8,1,1,1,,,0,0.0,0.0,0.0,0.0,0.0,,279.0,,0
1786377681.437,c1,recommend,1600,1.1,25.66,12.93,3.28,S3,0,,0,200.0,obs,689,25.66,12.93,2.9,S3,25.66,12.93,2.9,S3,25.66,12.93,3.28,S3,7.387,0,S3,site_s3,S3,S3,S3,171.0,129.5,0.0,54.2,1,1,1,,,0,0.0,0.0,0.0,0.0,0.0,,279.0,,0
1786377681.437,c2,reserve,1600,0.198,26.14,13.47,3.84,S3,0,,0,36.0,obs,341,26.14,13.47,3.45,S3,26.14,13.47,3.45,S3,26.14,13.47,3.84,S3,7.387,0,S3,site_s3,S3,S3,S3,85.0,129.5,0.0,77.8,1,1,1,,,0,0.0,0.0,0.0,0.0,0.0,,279.0,,0
1786377681.437,c2,search,1600,25.476,-48.6,-4.76,-14.5,S1,0,,1,4632.0,obs,519,6.49,-3.89,-13.63,S1,5.62,-4.76,-14.5,S1,-47.73,-3.89,-13.63,S1,7.387,0,S1,site_s1,S1,S1,S1,130.0,259.5,0.0,77.8,1,1,1,,,0,0.0,0.0,0.0,0.0,0.0,,279.0,,0
1786377681.437,c2,recommend,1600,1.1,25.66,12.93,3.28,S3,0,,0,200.0,obs,689,25.66,12.93,2.9,S3,25.66,12.93,2.9,S3,25.66,12.93,3.28,S3,7.387,0,S3,site_s3,S3,S3,S3,173.5,259.5,0.0,108.7,0,1,1,,,0,0.0,0.0,0.0,0.0,0.0,,279.0,,0
1786377682.437,c1,reserve,1600,0.198,26.14,13.47,3.81,S3,0,,0,36.0,obs,348,26.14,13.47,3.45,S3,26.14,13.47,3.45,S3,26.14,13.47,3.81,S3,7.297,0,S3,site_s3,S3,S3,S3,85.5,0.0,0.0,23.8,1,1,1,,,0,0.0,0.0,0.0,0.0,0.0,,279.0,,0
1786377682.437,c1,search,1600,25.476,-48.35,-4.76,-14.5,S1,0,,1,4632.0,obs,513,6.49,-3.89,-13.63,S1,5.62,-4.76,-14.5,S1,-47.48,-3.89,-13.63,S1,7.297,0,S1,site_s1,S1,S1,S1,128.0,128.0,0.0,23.8,1,1,1,,,0,0.0,0.0,0.0,0.0,0.0,,279.0,,0
1786377682.437,c1,recommend,1600,1.1,25.66,12.93,3.26,S3,0,,0,200.0,obs,684,25.66,12.93,2.9,S3,25.66,12.93,2.9,S3,25.66,12.93,3.26,S3,7.297,0,S3,site_s3,S3,S3,S3,171.5,128.0,0.0,54.3,1,1,1,,,0,0.0,0.0,0.0,0.0,0.0,,279.0,,0
1786377682.437,c2,reserve,1600,0.198,26.14,13.47,3.81,S3,0,,0,36.0,obs,348,26.14,13.47,3.45,S3,26.14,13.47,3.45,S3,26.14,13.47,3.81,S3,7.297,0,S3,site_s3,S3,S3,S3,88.5,128.0,0.0,78.9,1,1,1,,,0,0.0,0.0,0.0,0.0,0.0,,279.0,,0
1786377682.437,c2,search,1600,25.476,-48.35,-4.76,-14.5,S1,0,,1,4632.0,obs,513,6.49,-3.89,-13.63,S1,5.62,-4.76,-14.5,S1,-47.48,-3.89,-13.63,S1,7.297,0,S1,site_s1,S1,S1,S1,128.5,256.5,0.0,78.9,1,1,1,,,0,0.0,0.0,0.0,0.0,0.0,,279.0,,0
1786377682.437,c2,recommend,1600,1.1,25.66,12.93,3.26,S3,0,,0,200.0,obs,684,25.66,12.93,2.9,S3,25.66,12.93,2.9,S3,25.66,12.93,3.26,S3,7.297,0,S3,site_s3,S3,S3,S3,170.5,256.5,0.0,109.2,0,1,1,,,0,0.0,0.0,0.0,0.0,0.0,,279.0,,0
1786377683.437,c1,reserve,1600,0.198,26.14,13.47,3.84,S3,0,,0,36.0,obs,347,26.14,13.47,3.45,S3,26.14,13.47,3.45,S3,26.14,13.47,3.84,S3,7.936,0,S3,site_s3,S3,S3,S3,87.5,0.0,0.0,24.3,1,1,1,,,0,0.0,0.0,0.0,0.0,0.0,,279.0,,0
1786377683.437,c1,search,1600,25.476,-50.66,-4.76,-14.5,S1,0,,1,4632.0,obs,513,6.49,-3.89,-13.63,S1,5.62,-4.76,-14.5,S1,-49.79,-3.89,-13.63,S1,7.936,0,S1,site_s1,S1,S1,S1,128.0,128.0,0.0,24.3,1,1,1,,,0,0.0,0.0,0.0,0.0,0.0,,279.0,,0
1786377683.437,c1,recommend,1600,1.1,25.66,12.93,3.32,S3,0,,0,200.0,obs,687,25.66,12.93,2.9,S3,25.66,12.93,2.9,S3,25.66,12.93,3.32,S3,7.936,0,S3,site_s3,S3,S3,S3,173.0,128.0,0.0,55.1,1,1,1,,,0,0.0,0.0,0.0,0.0,0.0,,279.0,,0
1786377683.437,c2,reserve,1600,0.198,26.14,13.47,3.84,S3,0,,0,36.0,obs,347,26.14,13.47,3.45,S3,26.14,13.47,3.45,S3,26.14,13.47,3.84,S3,7.936,0,S3,site_s3,S3,S3,S3,86.0,128.0,0.0,79.0,1,1,1,,,0,0.0,0.0,0.0,0.0,0.0,,279.0,,0
1786377683.437,c2,search,1600,25.476,-50.66,-4.76,-14.5,S1,0,,1,4632.0,obs,513,6.49,-3.89,-13.63,S1,5.62,-4.76,-14.5,S1,-49.79,-3.89,-13.63,S1,7.936,0,S1,site_s1,S1,S1,S1,128.5,256.5,0.0,79.0,1,1,1,,,0,0.0,0.0,0.0,0.0,0.0,,279.0,,0
1786377683.437,c2,recommend,1600,1.1,25.66,12.93,3.32,S3,0,,0,200.0,obs,687,25.66,12.93,2.9,S3,25.66,12.93,2.9,S3,25.66,12.93,3.32,S3,7.936,0,S3,site_s3,S3,S3,S3,170.5,256.5,0.0,109.4,0,1,1,,,0,0.0,0.0,0.0,0.0,0.0,,279.0,,0
1786377684.437,c1,reserve,1600,0.198,26.14,13.47,3.86,S3,0,,0,36.0,obs,340,26.14,13.47,3.45,S3,26.14,13.47,3.45,S3,26.14,13.47,3.86,S3,7.848,0,S3,site_s3,S3,S3,S3,84.5,0.0,0.0,23.5,1,1,1,,,0,0.0,0.0,0.0,0.0,0.0,,279.0,,0
1786377684.437,c1,search,1600,25.476,-47.32,-4.76,-14.5,S1,0,,1,4632.0,obs,517,6.49,-3.89,-13.63,S1,5.62,-4.76,-14.5,S1,-46.45,-3.89,-13.63,S1,7.848,0,S1,site_s1,S1,S1,S1,129.5,129.5,0.0,23.5,1,1,1,,,0,0.0,0.0,0.0,0.0,0.0,,279.0,,0
1786377684.437,c1,recommend,1600,1.1,25.66,12.93,3.32,S3,0,,0,200.0,obs,692,25.66,12.93,2.9,S3,25.66,12.93,2.9,S3,25.66,12.93,3.32,S3,7.848,0,S3,site_s3,S3,S3,S3,171.5,129.5,0.0,54.0,1,1,1,,,0,0.0,0.0,0.0,0.0,0.0,,279.0,,0
1786377684.437,c2,reserve,1600,0.198,26.14,13.47,3.86,S3,0,,0,36.0,obs,340,26.14,13.47,3.45,S3,26.14,13.47,3.45,S3,26.14,13.47,3.86,S3,7.848,0,S3,site_s3,S3,S3,S3,85.5,129.5,0.0,77.8,1,1,1,,,0,0.0,0.0,0.0,0.0,0.0,,279.0,,0
1786377684.437,c2,search,1600,25.476,-47.32,-4.76,-14.5,S1,0,,1,4632.0,obs,517,6.49,-3.89,-13.63,S1,5.62,-4.76,-14.5,S1,-46.45,-3.89,-13.63,S1,7.848,0,S1,site_s1,S1,S1,S1,129.0,258.5,0.0,77.8,1,1,1,,,0,0.0,0.0,0.0,0.0,0.0,,279.0,,0
1786377684.437,c2,recommend,1600,1.1,25.66,12.93,3.32,S3,0,,0,200.0,obs,692,25.66,12.93,2.9,S3,25.66,12.93,2.9,S3,25.66,12.93,3.32,S3,7.848,0,S3,site_s3,S3,S3,S3,174.5,258.5,0.0,108.8,0,1,1,,,0,0.0,0.0,0.0,0.0,0.0,,279.0,,0
1786377685.437,c1,reserve,1600,0.198,26.14,13.47,3.85,S3,0,,0,36.0,obs,341,26.14,13.47,3.45,S3,26.14,13.47,3.45,S3,26.14,13.47,3.85,S3,7.825,0,S3,site_s3,S3,S3,S3,85.0,0.0,0.0,23.6,1,1,1,,,0,0.0,0.0,0.0,0.0,0.0,,279.0,,0
1786377685.437,c1,search,1600,25.476,-47.22,-4.76,-14.5,S1,0,,1,4632.0,obs,521,6.49,-3.89,-13.63,S1,5.62,-4.76,-14.5,S1,-46.35,-3.89,-13.63,S1,7.825,0,S1,site_s1,S1,S1,S1,130.0,130.0,0.0,23.6,1,1,1,,,0,0.0,0.0,0.0,0.0,0.0,,279.0,,0
1786377685.437,c1,recommend,1600,1.1,25.66,12.93,3.3,S3,0,,0,200.0,obs,689,25.66,12.93,2.9,S3,25.66,12.93,2.9,S3,25.66,12.93,3.3,S3,7.825,0,S3,site_s3,S3,S3,S3,171.5,130.0,0.0,54.2,1,1,1,,,0,0.0,0.0,0.0,0.0,0.0,,279.0,,0
1786377685.437,c2,reserve,1600,0.198,26.14,13.47,3.85,S3,0,,0,36.0,obs,341,26.14,13.47,3.45,S3,26.14,13.47,3.45,S3,26.14,13.47,3.85,S3,7.825,0,S3,site_s3,S3,S3,S3,85.5,130.0,0.0,77.9,1,1,1,,,0,0.0,0.0,0.0,0.0,0.0,,279.0,,0
1786377685.437,c2,search,1600,25.476,-47.22,-4.76,-14.5,S1,0,,1,4632.0,obs,521,6.49,-3.89,-13.63,S1,5.62,-4.76,-14.5,S1,-46.35,-3.89,-13.63,S1,7.825,0,S1,site_s1,S1,S1,S1,130.5,260.5,0.0,77.9,1,1,1,,,0,0.0,0.0,0.0,0.0,0.0,,279.0,,0
1786377685.437,c2,recommend,1600,1.1,25.66,12.93,3.3,S3,0,,0,200.0,obs,689,25.66,12.93,2.9,S3,25.66,12.93,2.9,S3,25.66,12.93,3.3,S3,7.825,0,S3,site_s3,S3,S3,S3,173.0,260.5,0.0,108.7,0,1,1,,,0,0.0,0.0,0.0,0.0,0.0,,279.0,,0
1786377686.437,c1,reserve,1600,0.198,26.14,13.47,3.63,S3,0,,0,36.0,obs,346,26.14,13.47,3.45,S3,26.14,13.47,3.45,S3,26.14,13.47,3.63,S3,7.468,0,S3,site_s3,S3,S3,S3,87.0,0.0,0.0,24.2,1,1,1,,,0,0.0,0.0,0.0,0.0,0.0,,279.0,,0
1786377686.437,c1,search,1600,25.476,-47.61,-4.76,-14.5,S1,0,,1,4632.0,obs,524,6.49,-3.89,-13.63,S1,5.62,-4.76,-14.5,S1,-46.74,-3.89,-13.63,S1,7.468,0,S1,site_s1,S1,S1,S1,130.0,130.0,0.0,24.2,1,1,1,,,0,0.0,0.0,0.0,0.0,0.0,,279.0,,0
1786377686.437,c1,recommend,1600,1.1,25.66,12.93,3.16,S3,0,,0,200.0,obs,689,25.66,12.93,2.9,S3,25.66,12.93,2.9,S3,25.66,12.93,3.16,S3,7.468,0,S3,site_s3,S3,S3,S3,171.0,130.0,0.0,54.6,1,1,1,,,0,0.0,0.0,0.0,0.0,0.0,,279.0,,0
1786377686.437,c2,reserve,1600,0.198,26.14,13.47,3.63,S3,0,,0,36.0,obs,346,26.14,13.47,3.45,S3,26.14,13.47,3.45,S3,26.14,13.47,3.63,S3,7.468,0,S3,site_s3,S3,S3,S3,86.0,130.0,0.0,78.5,1,1,1,,,0,0.0,0.0,0.0,0.0,0.0,,279.0,,0
1786377686.437,c2,search,1600,25.476,-47.61,-4.76,-14.5,S1,0,,1,4632.0,obs,524,6.49,-3.89,-13.63,S1,5.62,-4.76,-14.5,S1,-46.74,-3.89,-13.63,S1,7.468,0,S1,site_s1,S1,S1,S1,132.0,262.0,0.0,78.5,1,1,1,,,0,0.0,0.0,0.0,0.0,0.0,,279.0,,0
1786377686.437,c2,recommend,1600,1.1,25.66,12.93,3.16,S3,0,,0,200.0,obs,689,25.66,12.93,2.9,S3,25.66,12.93,2.9,S3,25.66,12.93,3.16,S3,7.468,0,S3,site_s3,S3,S3,S3,173.5,262.0,0.0,109.4,0,1,1,,,0,0.0,0.0,0.0,0.0,0.0,,279.0,,0
1786377687.437,c1,reserve,1600,0.198,26.14,13.47,3.63,S3,0,,0,36.0,obs,349,26.14,13.47,3.45,S3,26.14,13.47,3.45,S3,26.14,13.47,3.63,S3,7.952,0,S3,site_s3,S3,S3,S3,87.0,0.0,0.0,24.2,1,1,1,,,0,0.0,0.0,0.0,0.0,0.0,,279.0,,0
1786377687.437,c1,search,1600,25.476,-47.98,-4.76,-14.5,S1,0,,1,4632.0,obs,515,6.49,-3.89,-13.63,S1,5.62,-4.76,-14.5,S1,-47.11,-3.89,-13.63,S1,7.952,0,S1,site_s1,S1,S1,S1,128.0,128.0,0.0,24.2,1,1,1,,,0,0.0,0.0,0.0,0.0,0.0,,279.0,,0
1786377687.437,c1,recommend,1600,1.1,25.66,12.93,3.1,S3,0,,0,200.0,obs,694,25.66,12.93,2.9,S3,25.66,12.93,2.9,S3,25.66,12.93,3.1,S3,7.952,0,S3,site_s3,S3,S3,S3,172.5,128.0,0.0,54.9,1,1,1,,,0,0.0,0.0,0.0,0.0,0.0,,279.0,,0
1786377687.437,c2,reserve,1600,0.198,26.14,13.47,3.63,S3,0,,0,36.0,obs,349,26.14,13.47,3.45,S3,26.14,13.47,3.45,S3,26.14,13.47,3.63,S3,7.952,0,S3,site_s3,S3,S3,S3,87.5,128.0,0.0,79.2,1,1,1,,,0,0.0,0.0,0.0,0.0,0.0,,279.0,,0
1786377687.437,c2,search,1600,25.476,-47.98,-4.76,-14.5,S1,0,,1,4632.0,obs,515,6.49,-3.89,-13.63,S1,5.62,-4.76,-14.5,S1,-47.11,-3.89,-13.63,S1,7.952,0,S1,site_s1,S1,S1,S1,129.5,257.5,0.0,79.2,1,1,1,,,0,0.0,0.0,0.0,0.0,0.0,,279.0,,0
1786377687.437,c2,recommend,1600,1.1,25.66,12.93,3.1,S3,0,,0,200.0,obs,694,25.66,12.93,2.9,S3,25.66,12.93,2.9,S3,25.66,12.93,3.1,S3,7.952,0,S3,site_s3,S3,S3,S3,174.5,257.5,0.0,110.3,0,1,1,,,0,0.0,0.0,0.0,0.0,0.0,,279.0,,0
1786377688.437,c1,reserve,1600,0.198,26.14,13.47,3.78,S3,0,,0,36.0,obs,345,26.14,13.47,3.45,S3,26.14,13.47,3.45,S3,26.14,13.47,3.78,S3,8.002,0,S3,site_s3,S3,S3,S3,85.5,0.0,0.0,23.8,1,1,1,,,0,0.0,0.0,0.0,0.0,0.0,,279.0,,0
1786377688.437,c1,search,1600,25.476,-46.98,-4.76,-14.5,S1,0,,1,4632.0,obs,519,6.49,-3.89,-13.63,S1,5.62,-4.76,-14.5,S1,-46.11,-3.89,-13.63,S1,8.002,0,S1,site_s1,S1,S1,S1,130.0,130.0,0.0,23.8,1,1,1,,,0,0.0,0.0,0.0,0.0,0.0,,279.0,,0
1786377688.437,c1,recommend,1600,1.1,25.66,12.93,3.25,S3,0,,0,200.0,obs,696,25.66,12.93,2.9,S3,25.66,12.93,2.9,S3,25.66,12.93,3.25,S3,8.002,0,S3,site_s3,S3,S3,S3,175.5,130.0,0.0,55.0,1,1,1,,,0,0.0,0.0,0.0,0.0,0.0,,279.0,,0
1786377688.437,c2,reserve,1600,0.198,26.14,13.47,3.78,S3,0,,0,36.0,obs,345,26.14,13.47,3.45,S3,26.14,13.47,3.45,S3,26.14,13.47,3.78,S3,8.002,0,S3,site_s3,S3,S3,S3,87.0,130.0,0.0,79.2,1,1,1,,,0,0.0,0.0,0.0,0.0,0.0,,279.0,,0
1786377688.437,c2,search,1600,25.476,-46.98,-4.76,-14.5,S1,0,,1,4632.0,obs,519,6.49,-3.89,-13.63,S1,5.62,-4.76,-14.5,S1,-46.11,-3.89,-13.63,S1,8.002,0,S1,site_s1,S1,S1,S1,129.5,259.5,0.0,79.2,1,1,1,,,0,0.0,0.0,0.0,0.0,0.0,,279.0,,0
1786377688.437,c2,recommend,1600,1.1,25.66,12.93,3.25,S3,0,,0,200.0,obs,696,25.66,12.93,2.9,S3,25.66,12.93,2.9,S3,25.66,12.93,3.25,S3,8.002,0,S3,site_s3,S3,S3,S3,172.5,259.5,0.0,109.9,0,1,1,,,0,0.0,0.0,0.0,0.0,0.0,,279.0,,0
1786377689.437,c1,reserve,1600,0.198,26.14,13.47,3.85,S3,0,,0,36.0,obs,331,26.14,13.47,3.45,S3,26.14,13.47,3.45,S3,26.14,13.47,3.85,S3,7.475,0,S3,site_s3,S3,S3,S3,84.0,0.0,0.0,23.4,1,1,1,,,0,0.0,0.0,0.0,0.0,0.0,,279.0,,0
1786377689.437,c1,search,1600,25.476,-67.94,-4.76,-14.5,S1,0,,1,4632.0,obs,505,6.49,-3.89,-13.63,S1,5.62,-4.76,-14.5,S1,-67.07,-3.89,-13.63,S1,7.475,0,S1,site_s1,S1,S1,S1,126.5,126.5,0.0,23.4,1,1,1,,,0,0.0,0.0,0.0,0.0,0.0,,279.0,,0
1786377689.437,c1,recommend,1600,1.1,25.66,12.93,3.3,S3,0,,0,200.0,obs,677,25.66,12.93,2.9,S3,25.66,12.93,2.9,S3,25.66,12.93,3.3,S3,7.475,0,S3,site_s3,S3,S3,S3,171.0,126.5,0.0,53.8,1,1,1,,,0,0.0,0.0,0.0,0.0,0.0,,279.0,,0
1786377689.437,c2,reserve,1600,0.198,26.14,13.47,3.85,S3,0,,0,36.0,obs,331,26.14,13.47,3.45,S3,26.14,13.47,3.45,S3,26.14,13.47,3.85,S3,7.475,0,S3,site_s3,S3,S3,S3,81.5,126.5,0.0,76.4,1,1,1,,,0,0.0,0.0,0.0,0.0,0.0,,279.0,,0
1786377689.437,c2,search,1600,25.476,-67.94,-4.76,-14.5,S1,0,,1,4632.0,obs,505,6.49,-3.89,-13.63,S1,5.62,-4.76,-14.5,S1,-67.07,-3.89,-13.63,S1,7.475,0,S1,site_s1,S1,S1,S1,126.0,252.5,0.0,76.4,1,1,1,,,0,0.0,0.0,0.0,0.0,0.0,,279.0,,0
1786377689.437,c2,recommend,1600,1.1,25.66,12.93,3.3,S3,0,,0,200.0,obs,677,25.66,12.93,2.9,S3,25.66,12.93,2.9,S3,25.66,12.93,3.3,S3,7.475,0,S3,site_s3,S3,S3,S3,167.5,252.5,0.0,106.3,0,1,1,,,0,0.0,0.0,0.0,0.0,0.0,,279.0,,0
1786377690.437,c1,reserve,1600,0.198,26.14,13.47,3.86,S3,0,,0,36.0,obs,334,26.14,13.47,3.45,S3,26.14,13.47,3.45,S3,26.14,13.47,3.86,S3,7.354,0,S3,site_s3,S3,S3,S3,83.5,0.0,0.0,23.2,1,1,1,,,0,0.0,0.0,0.0,0.0,0.0,,279.0,,0
1786377690.437,c1,search,1600,25.476,-71.92,-4.76,-14.5,S1,0,,1,4632.0,obs,499,6.49,-3.89,-13.63,S1,5.62,-4.76,-14.5,S1,-71.05,-3.89,-13.63,S1,7.354,0,S1,site_s1,S1,S1,S1,125.5,125.5,0.0,23.2,1,1,1,,,0,0.0,0.0,0.0,0.0,0.0,,279.0,,0
1786377690.437,c1,recommend,1600,1.1,25.66,12.93,3.26,S3,0,,0,200.0,obs,666,25.66,12.93,2.9,S3,25.66,12.93,2.9,S3,25.66,12.93,3.26,S3,7.354,0,S3,site_s3,S3,S3,S3,167.0,125.5,0.0,52.9,1,1,1,,,0,0.0,0.0,0.0,0.0,0.0,,279.0,,0
1786377690.437,c2,reserve,1600,0.198,26.14,13.47,3.86,S3,0,,0,36.0,obs,334,26.14,13.47,3.45,S3,26.14,13.47,3.45,S3,26.14,13.47,3.86,S3,7.354,0,S3,site_s3,S3,S3,S3,83.5,125.5,0.0,76.2,1,1,1,,,0,0.0,0.0,0.0,0.0,0.0,,279.0,,0
1786377690.437,c2,search,1600,25.476,-71.92,-4.76,-14.5,S1,0,,1,4632.0,obs,499,6.49,-3.89,-13.63,S1,5.62,-4.76,-14.5,S1,-71.05,-3.89,-13.63,S1,7.354,0,S1,site_s1,S1,S1,S1,124.0,249.5,0.0,76.2,1,1,1,,,0,0.0,0.0,0.0,0.0,0.0,,279.0,,0
1786377690.437,c2,recommend,1600,1.1,25.66,12.93,3.26,S3,0,,0,200.0,obs,666,25.66,12.93,2.9,S3,25.66,12.93,2.9,S3,25.66,12.93,3.26,S3,7.354,0,S3,site_s3,S3,S3,S3,166.0,249.5,0.0,105.7,1,1,1,,,0,0.0,0.0,0.0,0.0,0.0,,279.0,,0
1786377691.437,c1,reserve,1600,0.198,26.14,13.47,3.81,S3,0,,0,36.0,obs,353,26.14,13.47,3.45,S3,26.14,13.47,3.45,S3,26.14,13.47,3.81,S3,7.546,0,S3,site_s3,S3,S3,S3,89.0,0.0,0.0,24.7,1,1,1,,,0,0.0,0.0,0.0,0.0,0.0,,279.0,,0
1786377691.437,c1,search,1600,25.476,-55.6,-4.76,-14.5,S1,0,,1,4632.0,obs,522,6.49,-3.89,-13.63,S1,5.62,-4.76,-14.5,S1,-54.73,-3.89,-13.63,S1,7.546,0,S1,site_s1,S1,S1,S1,130.5,130.5,0.0,24.7,1,1,1,,,0,0.0,0.0,0.0,0.0,0.0,,279.0,,0
1786377691.437,c1,recommend,1600,1.1,25.66,12.93,3.26,S3,0,,0,200.0,obs,700,25.66,12.93,2.9,S3,25.66,12.93,2.9,S3,25.66,12.93,3.26,S3,7.546,0,S3,site_s3,S3,S3,S3,175.5,130.5,0.0,56.0,1,1,1,,,0,0.0,0.0,0.0,0.0,0.0,,279.0,,0
1786377691.437,c2,reserve,1600,0.198,26.14,13.47,3.81,S3,0,,0,36.0,obs,353,26.14,13.47,3.45,S3,26.14,13.47,3.45,S3,26.14,13.47,3.81,S3,7.546,0,S3,site_s3,S3,S3,S3,87.5,130.5,0.0,80.3,1,1,1,,,0,0.0,0.0,0.0,0.0,0.0,,279.0,,0
1786377691.437,c2,search,1600,25.476,-55.6,-4.76,-14.5,S1,0,,1,4632.0,obs,522,6.49,-3.89,-13.63,S1,5.62,-4.76,-14.5,S1,-54.73,-3.89,-13.63,S1,7.546,0,S1,site_s1,S1,S1,S1,130.5,261.0,0.0,80.3,1,1,1,,,0,0.0,0.0,0.0,0.0,0.0,,279.0,,0
1786377691.437,c2,recommend,1600,1.1,25.66,12.93,3.26,S3,0,,0,200.0,obs,700,25.66,12.93,2.9,S3,25.66,12.93,2.9,S3,25.66,12.93,3.26,S3,7.546,0,S3,site_s3,S3,S3,S3,174.5,261.0,0.0,111.4,0,1,1,,,0,0.0,0.0,0.0,0.0,0.0,,279.0,,0
1786377692.437,c1,reserve,1600,0.198,26.14,13.47,3.69,S3,0,,0,36.0,obs,347,26.14,13.47,3.45,S3,26.14,13.47,3.45,S3,26.14,13.47,3.69,S3,7.33,0,S3,site_s3,S3,S3,S3,87.5,0.0,0.0,24.3,1,1,1,,,0,0.0,0.0,0.0,0.0,0.0,,279.0,,0
1786377692.437,c1,search,1600,25.476,-52.96,-4.76,-14.5,S1,0,,1,4632.0,obs,516,6.49,-3.89,-13.63,S1,5.62,-4.76,-14.5,S1,-52.09,-3.89,-13.63,S1,7.33,0,S1,site_s1,S1,S1,S1,129.5,129.5,0.0,24.3,1,1,1,,,0,0.0,0.0,0.0,0.0,0.0,,279.0,,0
1786377692.437,c1,recommend,1600,1.1,25.66,12.93,3.14,S3,0,,0,200.0,obs,705,25.66,12.93,2.9,S3,25.66,12.93,2.9,S3,25.66,12.93,3.14,S3,7.33,0,S3,site_s3,S3,S3,S3,176.5,129.5,0.0,55.7,1,1,1,,,0,0.0,0.0,0.0,0.0,0.0,,279.0,,0
1786377692.437,c2,reserve,1600,0.198,26.14,13.47,3.69,S3,0,,0,36.0,obs,347,26.14,13.47,3.45,S3,26.14,13.47,3.45,S3,26.14,13.47,3.69,S3,7.33,0,S3,site_s3,S3,S3,S3,86.0,129.5,0.0,79.7,1,1,1,,,0,0.0,0.0,0.0,0.0,0.0,,279.0,,0
1786377692.437,c2,search,1600,25.476,-52.96,-4.76,-14.5,S1,0,,1,4632.0,obs,516,6.49,-3.89,-13.63,S1,5.62,-4.76,-14.5,S1,-52.09,-3.89,-13.63,S1,7.33,0,S1,site_s1,S1,S1,S1,128.5,258.0,0.0,79.7,1,1,1,,,0,0.0,0.0,0.0,0.0,0.0,,279.0,,0
1786377692.437,c2,recommend,1600,1.1,25.66,12.93,3.14,S3,0,,0,200.0,obs,705,25.66,12.93,2.9,S3,25.66,12.93,2.9,S3,25.66,12.93,3.14,S3,7.33,0,S3,site_s3,S3,S3,S3,176.0,258.0,0.0,111.0,0,1,1,,,0,0.0,0.0,0.0,0.0,0.0,,279.0,,0
1786377693.436,c1,reserve,1600,0.198,26.14,13.47,3.75,S3,0,,0,36.0,obs,339,26.14,13.47,3.45,S3,26.14,13.47,3.45,S3,26.14,13.47,3.75,S3,7.382,0,S3,site_s3,S3,S3,S3,84.5,0.0,0.0,23.5,1,1,1,,,0,0.0,0.0,0.0,0.0,0.0,,279.0,,0
1786377693.436,c1,search,1600,25.476,-56.2,-4.76,-14.5,S1,0,,1,4632.0,obs,519,6.49,-3.89,-13.63,S1,5.62,-4.76,-14.5,S1,-55.33,-3.89,-13.63,S1,7.382,0,S1,site_s1,S1,S1,S1,129.0,129.0,0.0,23.5,1,1,1,,,0,0.0,0.0,0.0,0.0,0.0,,279.0,,0
1786377693.436,c1,recommend,1600,1.1,25.66,12.93,3.25,S3,0,,0,200.0,obs,683,25.66,12.93,2.9,S3,25.66,12.93,2.9,S3,25.66,12.93,3.25,S3,7.382,0,S3,site_s3,S3,S3,S3,172.0,129.0,0.0,54.1,1,1,1,,,0,0.0,0.0,0.0,0.0,0.0,,279.0,,0
1786377693.436,c2,reserve,1600,0.198,26.14,13.47,3.75,S3,0,,0,36.0,obs,339,26.14,13.47,3.45,S3,26.14,13.47,3.45,S3,26.14,13.47,3.75,S3,7.382,0,S3,site_s3,S3,S3,S3,85.0,129.0,0.0,77.7,1,1,1,,,0,0.0,0.0,0.0,0.0,0.0,,279.0,,0
1786377693.436,c2,search,1600,25.476,-56.2,-4.76,-14.5,S1,0,,1,4632.0,obs,519,6.49,-3.89,-13.63,S1,5.62,-4.76,-14.5,S1,-55.33,-3.89,-13.63,S1,7.382,0,S1,site_s1,S1,S1,S1,130.5,259.5,0.0,77.7,1,1,1,,,0,0.0,0.0,0.0,0.0,0.0,,279.0,,0
1786377693.436,c2,recommend,1600,1.1,25.66,12.93,3.25,S3,0,,0,200.0,obs,683,25.66,12.93,2.9,S3,25.66,12.93,2.9,S3,25.66,12.93,3.25,S3,7.382,0,S3,site_s3,S3,S3,S3,169.5,259.5,0.0,107.9,0,1,1,,,0,0.0,0.0,0.0,0.0,0.0,,279.0,,0
1786377694.437,c1,reserve,1600,0.198,26.14,13.47,3.82,S3,0,,0,36.0,obs,351,26.14,13.47,3.45,S3,26.14,13.47,3.45,S3,26.14,13.47,3.82,S3,7.533,0,S3,site_s3,S3,S3,S3,88.0,0.0,0.0,24.5,1,1,1,,,0,0.0,0.0,0.0,0.0,0.0,,279.0,,0
1786377694.437,c1,search,1600,25.476,-55.52,-4.76,-14.5,S1,0,,1,4632.0,obs,516,6.49,-3.89,-13.63,S1,5.62,-4.76,-14.5,S1,-54.65,-3.89,-13.63,S1,7.533,0,S1,site_s1,S1,S1,S1,129.5,129.5,0.0,24.5,1,1,1,,,0,0.0,0.0,0.0,0.0,0.0,,279.0,,0
1786377694.437,c1,recommend,1600,1.1,25.66,12.93,3.3,S3,0,,0,200.0,obs,687,25.66,12.93,2.9,S3,25.66,12.93,2.9,S3,25.66,12.93,3.3,S3,7.533,0,S3,site_s3,S3,S3,S3,173.5,129.5,0.0,55.3,1,1,1,,,0,0.0,0.0,0.0,0.0,0.0,,279.0,,0
1786377694.437,c2,reserve,1600,0.198,26.14,13.47,3.82,S3,0,,0,36.0,obs,351,26.14,13.47,3.45,S3,26.14,13.47,3.45,S3,26.14,13.47,3.82,S3,7.533,0,S3,site_s3,S3,S3,S3,87.5,129.5,0.0,79.7,1,1,1,,,0,0.0,0.0,0.0,0.0,0.0,,279.0,,0
1786377694.437,c2,search,1600,25.476,-55.52,-4.76,-14.5,S1,0,,1,4632.0,obs,516,6.49,-3.89,-13.63,S1,5.62,-4.76,-14.5,S1,-54.65,-3.89,-13.63,S1,7.533,0,S1,site_s1,S1,S1,S1,128.5,258.0,0.0,79.7,1,1,1,,,0,0.0,0.0,0.0,0.0,0.0,,279.0,,0
1786377694.437,c2,recommend,1600,1.1,25.66,12.93,3.3,S3,0,,0,200.0,obs,687,25.66,12.93,2.9,S3,25.66,12.93,2.9,S3,25.66,12.93,3.3,S3,7.533,0,S3,site_s3,S3,S3,S3,170.0,258.0,0.0,109.9,0,1,1,,,0,0.0,0.0,0.0,0.0,0.0,,279.0,,0
1786377695.437,c1,reserve,1600,0.198,26.14,13.47,3.83,S3,0,,0,36.0,obs,355,26.14,13.47,3.45,S3,26.14,13.47,3.45,S3,26.14,13.47,3.83,S3,7.617,0,S3,site_s3,S3,S3,S3,88.0,0.0,0.0,24.5,1,1,1,,,0,0.0,0.0,0.0,0.0,0.0,,279.0,,0
1786377695.437,c1,search,1600,25.476,-51.6,-4.76,-14.5,S1,0,,1,4632.0,obs,522,6.49,-3.89,-13.63,S1,5.62,-4.76,-14.5,S1,-50.73,-3.89,-13.63,S1,7.617,0,S1,site_s1,S1,S1,S1,131.0,131.0,0.0,24.5,1,1,1,,,0,0.0,0.0,0.0,0.0,0.0,,279.0,,0
1786377695.437,c1,recommend,1600,1.1,25.66,12.93,3.27,S3,0,,0,200.0,obs,699,25.66,12.93,2.9,S3,25.66,12.93,2.9,S3,25.66,12.93,3.27,S3,7.617,0,S3,site_s3,S3,S3,S3,174.5,131.0,0.0,55.5,1,1,1,,,0,0.0,0.0,0.0,0.0,0.0,,279.0,,0
1786377695.437,c2,reserve,1600,0.198,26.14,13.47,3.83,S3,0,,0,36.0,obs,355,26.14,13.47,3.45,S3,26.14,13.47,3.45,S3,26.14,13.47,3.83,S3,7.617,0,S3,site_s3,S3,S3,S3,89.5,131.0,0.0,80.4,1,1,1,,,0,0.0,0.0,0.0,0.0,0.0,,279.0,,0
1786377695.437,c2,search,1600,25.476,-51.6,-4.76,-14.5,S1,0,,1,4632.0,obs,522,6.49,-3.89,-13.63,S1,5.62,-4.76,-14.5,S1,-50.73,-3.89,-13.63,S1,7.617,0,S1,site_s1,S1,S1,S1,130.0,261.0,0.0,80.4,1,1,1,,,0,0.0,0.0,0.0,0.0,0.0,,279.0,,0
1786377695.437,c2,recommend,1600,1.1,25.66,12.93,3.27,S3,0,,0,200.0,obs,699,25.66,12.93,2.9,S3,25.66,12.93,2.9,S3,25.66,12.93,3.27,S3,7.617,0,S3,site_s3,S3,S3,S3,175.0,261.0,0.0,111.6,0,1,1,,,0,0.0,0.0,0.0,0.0,0.0,,279.0,,0
1786377696.437,c1,reserve,1600,0.198,26.14,13.47,3.85,S3,0,,0,36.0,obs,347,26.14,13.47,3.45,S3,26.14,13.47,3.45,S3,26.14,13.47,3.85,S3,8.314,0,S3,site_s3,S3,S3,S3,87.0,0.0,0.0,24.2,1,1,1,,,0,0.0,0.0,0.0,0.0,0.0,,279.0,,0
1786377696.437,c1,search,1600,25.476,-48.84,-4.76,-14.5,S1,0,,1,4632.0,obs,526,6.49,-3.89,-13.63,S1,5.62,-4.76,-14.5,S1,-47.97,-3.89,-13.63,S1,8.314,0,S1,site_s1,S1,S1,S1,131.0,131.0,0.0,24.2,1,1,1,,,0,0.0,0.0,0.0,0.0,0.0,,279.0,,0
1786377696.437,c1,recommend,1600,1.1,25.66,12.93,3.27,S3,0,,0,200.0,obs,704,25.66,12.93,2.9,S3,25.66,12.93,2.9,S3,25.66,12.93,3.27,S3,8.314,0,S3,site_s3,S3,S3,S3,176.0,131.0,0.0,55.5,1,1,1,,,0,0.0,0.0,0.0,0.0,0.0,,279.0,,0
1786377696.437,c2,reserve,1600,0.198,26.14,13.47,3.85,S3,0,,0,36.0,obs,347,26.14,13.47,3.45,S3,26.14,13.47,3.45,S3,26.14,13.47,3.85,S3,8.314,0,S3,site_s3,S3,S3,S3,86.5,131.0,0.0,79.6,1,1,1,,,0,0.0,0.0,0.0,0.0,0.0,,279.0,,0
1786377696.437,c2,search,1600,25.476,-48.84,-4.76,-14.5,S1,0,,1,4632.0,obs,526,6.49,-3.89,-13.63,S1,5.62,-4.76,-14.5,S1,-47.97,-3.89,-13.63,S1,8.314,0,S1,site_s1,S1,S1,S1,131.5,262.5,0.0,79.6,1,1,1,,,0,0.0,0.0,0.0,0.0,0.0,,279.0,,0
1786377696.437,c2,recommend,1600,1.1,25.66,12.93,3.27,S3,0,,0,200.0,obs,704,25.66,12.93,2.9,S3,25.66,12.93,2.9,S3,25.66,12.93,3.27,S3,8.314,0,S3,site_s3,S3,S3,S3,176.0,262.5,0.0,110.9,0,1,1,,,0,0.0,0.0,0.0,0.0,0.0,,279.0,,0
1786377697.437,c1,reserve,1600,0.198,26.14,13.47,3.75,S3,0,,0,36.0,obs,342,26.14,13.47,3.45,S3,26.14,13.47,3.45,S3,26.14,13.47,3.75,S3,7.579,0,S3,site_s3,S3,S3,S3,85.5,0.0,0.0,23.8,1,1,1,,,0,0.0,0.0,0.0,0.0,0.0,,279.0,,0
1786377697.437,c1,search,1600,25.476,-48.65,-4.76,-14.5,S1,0,,1,4632.0,obs,525,6.49,-3.89,-13.63,S1,5.62,-4.76,-14.5,S1,-47.78,-3.89,-13.63,S1,7.579,0,S1,site_s1,S1,S1,S1,131.0,131.0,0.0,23.8,1,1,1,,,0,0.0,0.0,0.0,0.0,0.0,,279.0,,0
1786377697.437,c1,recommend,1600,1.1,25.66,12.93,3.28,S3,0,,0,200.0,obs,702,25.66,12.93,2.9,S3,25.66,12.93,2.9,S3,25.66,12.93,3.28,S3,7.579,0,S3,site_s3,S3,S3,S3,174.5,131.0,0.0,54.8,1,1,1,,,0,0.0,0.0,0.0,0.0,0.0,,279.0,,0
1786377697.437,c2,reserve,1600,0.198,26.14,13.47,3.75,S3,0,,0,36.0,obs,342,26.14,13.47,3.45,S3,26.14,13.47,3.45,S3,26.14,13.47,3.75,S3,7.579,0,S3,site_s3,S3,S3,S3,85.5,131.0,0.0,78.6,1,1,1,,,0,0.0,0.0,0.0,0.0,0.0,,279.0,,0
1786377697.437,c2,search,1600,25.476,-48.65,-4.76,-14.5,S1,0,,1,4632.0,obs,525,6.49,-3.89,-13.63,S1,5.62,-4.76,-14.5,S1,-47.78,-3.89,-13.63,S1,7.579,0,S1,site_s1,S1,S1,S1,130.5,261.5,0.0,78.6,1,1,1,,,0,0.0,0.0,0.0,0.0,0.0,,279.0,,0
1786377697.437,c2,recommend,1600,1.1,25.66,12.93,3.28,S3,0,,0,200.0,obs,702,25.66,12.93,2.9,S3,25.66,12.93,2.9,S3,25.66,12.93,3.28,S3,7.579,0,S3,site_s3,S3,S3,S3,176.5,261.5,0.0,110.0,0,1,1,,,0,0.0,0.0,0.0,0.0,0.0,,279.0,,0
1786377698.437,c1,reserve,1600,0.198,26.14,13.47,3.68,S3,0,,0,36.0,obs,343,26.14,13.47,3.45,S3,26.14,13.47,3.45,S3,26.14,13.47,3.68,S3,7.473,0,S3,site_s3,S3,S3,S3,86.0,0.0,0.0,23.9,1,1,1,,,0,0.0,0.0,0.0,0.0,0.0,,279.0,,0
1786377698.437,c1,search,1600,25.476,-52.21,-4.76,-14.5,S1,0,,1,4632.0,obs,519,6.49,-3.89,-13.63,S1,5.62,-4.76,-14.5,S1,-51.34,-3.89,-13.63,S1,7.473,0,S1,site_s1,S1,S1,S1,129.0,129.0,0.0,23.9,1,1,1,,,0,0.0,0.0,0.0,0.0,0.0,,279.0,,0
1786377698.437,c1,recommend,1600,1.1,25.66,12.93,3.29,S3,0,,0,200.0,obs,690,25.66,12.93,2.9,S3,25.66,12.93,2.9,S3,25.66,12.93,3.29,S3,7.473,0,S3,site_s3,S3,S3,S3,174.0,129.0,0.0,54.9,1,1,1,,,0,0.0,0.0,0.0,0.0,0.0,,279.0,,0
1786377698.437,c2,reserve,1600,0.198,26.14,13.47,3.68,S3,0,,0,36.0,obs,343,26.14,13.47,3.45,S3,26.14,13.47,3.45,S3,26.14,13.47,3.68,S3,7.473,0,S3,site_s3,S3,S3,S3,85.5,129.0,0.0,78.6,1,1,1,,,0,0.0,0.0,0.0,0.0,0.0,,279.0,,0
1786377698.437,c2,search,1600,25.476,-52.21,-4.76,-14.5,S1,0,,1,4632.0,obs,519,6.49,-3.89,-13.63,S1,5.62,-4.76,-14.5,S1,-51.34,-3.89,-13.63,S1,7.473,0,S1,site_s1,S1,S1,S1,130.0,259.0,0.0,78.6,1,1,1,,,0,0.0,0.0,0.0,0.0,0.0,,279.0,,0
1786377698.437,c2,recommend,1600,1.1,25.66,12.93,3.29,S3,0,,0,200.0,obs,690,25.66,12.93,2.9,S3,25.66,12.93,2.9,S3,25.66,12.93,3.29,S3,7.473,0,S3,site_s3,S3,S3,S3,171.0,259.0,0.0,109.1,0,1,1,,,0,0.0,0.0,0.0,0.0,0.0,,279.0,,0
1786377699.437,c1,reserve,1600,0.198,26.14,13.47,3.86,S3,0,,0,36.0,obs,335,26.14,13.47,3.45,S3,26.14,13.47,3.45,S3,26.14,13.47,3.86,S3,7.301,0,S3,site_s3,S3,S3,S3,83.5,0.0,0.0,23.2,1,1,1,,,0,0.0,0.0,0.0,0.0,0.0,,279.0,,0
1786377699.437,c1,search,1600,25.476,-73.48,-4.76,-14.5,S1,0,,1,4632.0,obs,509,6.49,-3.89,-13.63,S1,5.62,-4.76,-14.5,S1,-72.61,-3.89,-13.63,S1,7.301,0,S1,site_s1,S1,S1,S1,127.5,127.5,0.0,23.2,1,1,1,,,0,0.0,0.0,0.0,0.0,0.0,,279.0,,0
1786377699.437,c1,recommend,1600,1.1,25.66,12.93,3.29,S3,0,,0,200.0,obs,673,25.66,12.93,2.9,S3,25.66,12.93,2.9,S3,25.66,12.93,3.29,S3,7.301,0,S3,site_s3,S3,S3,S3,168.5,127.5,0.0,53.2,1,1,1,,,0,0.0,0.0,0.0,0.0,0.0,,279.0,,0
1786377699.437,c2,reserve,1600,0.198,26.14,13.47,3.86,S3,0,,0,36.0,obs,335,26.14,13.47,3.45,S3,26.14,13.47,3.45,S3,26.14,13.47,3.86,S3,7.301,0,S3,site_s3,S3,S3,S3,84.0,127.5,0.0,76.6,1,1,1,,,0,0.0,0.0,0.0,0.0,0.0,,279.0,,0
1786377699.437,c2,search,1600,25.476,-73.48,-4.76,-14.5,S1,0,,1,4632.0,obs,509,6.49,-3.89,-13.63,S1,5.62,-4.76,-14.5,S1,-72.61,-3.89,-13.63,S1,7.301,0,S1,site_s1,S1,S1,S1,127.0,254.5,0.0,76.6,1,1,1,,,0,0.0,0.0,0.0,0.0,0.0,,279.0,,0
1786377699.437,c2,recommend,1600,1.1,25.66,12.93,3.29,S3,0,,0,200.0,obs,673,25.66,12.93,2.9,S3,25.66,12.93,2.9,S3,25.66,12.93,3.29,S3,7.301,0,S3,site_s3,S3,S3,S3,168.0,254.5,0.0,106.5,0,1,1,,,0,0.0,0.0,0.0,0.0,0.0,,279.0,,0
1786377700.437,c1,reserve,1600,0.198,26.14,13.47,3.89,S3,0,,0,36.0,obs,343,26.14,13.47,3.45,S3,26.14,13.47,3.45,S3,26.14,13.47,3.89,S3,7.944,0,S3,site_s3,S3,S3,S3,85.5,0.0,0.0,23.8,1,1,1,,,0,0.0,0.0,0.0,0.0,0.0,,279.0,,0
1786377700.437,c1,search,1600,25.476,-82.81,-4.76,-14.5,S1,0,,1,4632.0,obs,504,6.49,-3.89,-13.63,S1,5.62,-4.76,-14.5,S1,-81.94,-3.89,-13.63,S1,7.944,0,S1,site_s1,S1,S1,S1,125.5,125.5,0.0,23.8,1,1,1,,,0,0.0,0.0,0.0,0.0,0.0,,279.0,,0
1786377700.437,c1,recommend,1600,1.1,25.66,12.93,3.26,S3,0,,0,200.0,obs,677,25.66,12.93,2.9,S3,25.66,12.93,2.9,S3,25.66,12.93,3.26,S3,7.944,0,S3,site_s3,S3,S3,S3,169.0,125.5,0.0,53.9,1,1,1,,,0,0.0,0.0,0.0,0.0,0.0,,279.0,,0
1786377700.437,c2,reserve,1600,0.198,26.14,13.47,3.89,S3,0,,0,36.0,obs,343,26.14,13.47,3.45,S3,26.14,13.47,3.45,S3,26.14,13.47,3.89,S3,7.944,0,S3,site_s3,S3,S3,S3,86.0,125.5,0.0,77.8,1,1,1,,,0,0.0,0.0,0.0,0.0,0.0,,279.0,,0
1786377700.437,c2,search,1600,25.476,-82.81,-4.76,-14.5,S1,0,,1,4632.0,obs,504,6.49,-3.89,-13.63,S1,5.62,-4.76,-14.5,S1,-81.94,-3.89,-13.63,S1,7.944,0,S1,site_s1,S1,S1,S1,126.5,252.0,0.0,77.8,1,1,1,,,0,0.0,0.0,0.0,0.0,0.0,,279.0,,0
1786377700.437,c2,recommend,1600,1.1,25.66,12.93,3.26,S3,0,,0,200.0,obs,677,25.66,12.93,2.9,S3,25.66,12.93,2.9,S3,25.66,12.93,3.26,S3,7.944,0,S3,site_s3,S3,S3,S3,169.5,252.0,0.0,107.9,0,1,1,,,0,0.0,0.0,0.0,0.0,0.0,,279.0,,0
1786377701.437,c1,reserve,1600,0.198,26.14,13.47,3.87,S3,0,,0,36.0,obs,349,26.14,13.47,3.45,S3,26.14,13.47,3.45,S3,26.14,13.47,3.87,S3,7.48,0,S3,site_s3,S3,S3,S3,87.5,0.0,0.0,24.3,1,1,1,,,0,0.0,0.0,0.0,0.0,0.0,,279.0,,0
1786377701.437,c1,search,1600,25.476,-53.88,-4.76,-14.5,S1,0,,1,4632.0,obs,518,6.49,-3.89,-13.63,S1,5.62,-4.76,-14.5,S1,-53.01,-3.89,-13.63,S1,7.48,0,S1,site_s1,S1,S1,S1,128.0,128.0,0.0,24.3,1,1,1,,,0,0.0,0.0,0.0,0.0,0.0,,279.0,,0
1786377701.437,c1,recommend,1600,1.1,25.66,12.93,3.24,S3,0,,0,200.0,obs,696,25.66,12.93,2.9,S3,25.66,12.93,2.9,S3,25.66,12.93,3.24,S3,7.48,0,S3,site_s3,S3,S3,S3,173.0,128.0,0.0,55.1,1,1,1,,,0,0.0,0.0,0.0,0.0,0.0,,279.0,,0
1786377701.437,c2,reserve,1600,0.198,26.14,13.47,3.87,S3,0,,0,36.0,obs,349,26.14,13.47,3.45,S3,26.14,13.47,3.45,S3,26.14,13.47,3.87,S3,7.48,0,S3,site_s3,S3,S3,S3,87.0,128.0,0.0,79.3,1,1,1,,,0,0.0,0.0,0.0,0.0,0.0,,279.0,,0
1786377701.437,c2,search,1600,25.476,-53.88,-4.76,-14.5,S1,0,,1,4632.0,obs,518,6.49,-3.89,-13.63,S1,5.62,-4.76,-14.5,S1,-53.01,-3.89,-13.63,S1,7.48,0,S1,site_s1,S1,S1,S1,131.0,259.0,0.0,79.3,1,1,1,,,0,0.0,0.0,0.0,0.0,0.0,,279.0,,0
1786377701.437,c2,recommend,1600,1.1,25.66,12.93,3.24,S3,0,,0,200.0,obs,696,25.66,12.93,2.9,S3,25.66,12.93,2.9,S3,25.66,12.93,3.24,S3,7.48,0,S3,site_s3,S3,S3,S3,175.0,259.0,0.0,110.5,0,1,1,,,0,0.0,0.0,0.0,0.0,0.0,,279.0,,0
1786377702.437,c1,reserve,1600,0.198,26.14,13.47,3.78,S3,0,,0,36.0,obs,342,26.14,13.47,3.45,S3,26.14,13.47,3.45,S3,26.14,13.47,3.78,S3,7.396,0,S3,site_s3,S3,S3,S3,84.5,0.0,0.0,23.5,1,1,1,,,0,0.0,0.0,0.0,0.0,0.0,,279.0,,0
1786377702.437,c1,search,1600,25.476,-50.18,-4.76,-14.5,S1,0,,1,4632.0,obs,526,6.49,-3.89,-13.63,S1,5.62,-4.76,-14.5,S1,-49.31,-3.89,-13.63,S1,7.396,0,S1,site_s1,S1,S1,S1,129.0,129.0,0.0,23.5,1,1,1,,,0,0.0,0.0,0.0,0.0,0.0,,279.0,,0
1786377702.437,c1,recommend,1600,1.1,25.66,12.93,3.27,S3,0,,0,200.0,obs,698,25.66,12.93,2.9,S3,25.66,12.93,2.9,S3,25.66,12.93,3.27,S3,7.396,0,S3,site_s3,S3,S3,S3,174.5,129.0,0.0,54.6,1,1,1,,,0,0.0,0.0,0.0,0.0,0.0,,279.0,,0
1786377702.437,c2,reserve,1600,0.198,26.14,13.47,3.78,S3,0,,0,36.0,obs,342,26.14,13.47,3.45,S3,26.14,13.47,3.45,S3,26.14,13.47,3.78,S3,7.396,0,S3,site_s3,S3,S3,S3,86.5,129.0,0.0,78.6,1,1,1,,,0,0.0,0.0,0.0,0.0,0.0,,279.0,,0
1786377702.437,c2,search,1600,25.476,-50.18,-4.76,-14.5,S1,0,,1,4632.0,obs,526,6.49,-3.89,-13.63,S1,5.62,-4.76,-14.5,S1,-49.31,-3.89,-13.63,S1,7.396,0,S1,site_s1,S1,S1,S1,134.0,263.0,0.0,78.6,1,1,1,,,0,0.0,0.0,0.0,0.0,0.0,,279.0,,0
1786377702.437,c2,recommend,1600,1.1,25.66,12.93,3.27,S3,0,,0,200.0,obs,698,25.66,12.93,2.9,S3,25.66,12.93,2.9,S3,25.66,12.93,3.27,S3,7.396,0,S3,site_s3,S3,S3,S3,174.5,263.0,0.0,109.7,0,1,1,,,0,0.0,0.0,0.0,0.0,0.0,,279.0,,0
1786377703.437,c1,reserve,1600,0.198,26.14,13.47,3.79,S3,0,,0,36.0,obs,345,26.14,13.47,3.45,S3,26.14,13.47,3.45,S3,26.14,13.47,3.79,S3,7.294,0,S3,site_s3,S3,S3,S3,86.5,0.0,0.0,24.0,1,1,1,,,0,0.0,0.0,0.0,0.0,0.0,,279.0,,0
1786377703.437,c1,search,1600,25.476,-51.48,-4.76,-14.5,S1,0,,1,4632.0,obs,524,6.49,-3.89,-13.63,S1,5.62,-4.76,-14.5,S1,-50.61,-3.89,-13.63,S1,7.294,0,S1,site_s1,S1,S1,S1,129.0,129.0,0.0,24.0,1,1,1,,,0,0.0,0.0,0.0,0.0,0.0,,279.0,,0
1786377703.437,c1,recommend,1600,1.1,25.66,12.93,3.31,S3,0,,0,200.0,obs,695,25.66,12.93,2.9,S3,25.66,12.93,2.9,S3,25.66,12.93,3.31,S3,7.294,0,S3,site_s3,S3,S3,S3,173.5,129.0,0.0,54.9,1,1,1,,,0,0.0,0.0,0.0,0.0,0.0,,279.0,,0
1786377703.437,c2,reserve,1600,0.198,26.14,13.47,3.79,S3,0,,0,36.0,obs,345,26.14,13.47,3.45,S3,26.14,13.47,3.45,S3,26.14,13.47,3.79,S3,7.294,0,S3,site_s3,S3,S3,S3,86.0,129.0,0.0,78.8,1,1,1,,,0,0.0,0.0,0.0,0.0,0.0,,279.0,,0
1786377703.437,c2,search,1600,25.476,-51.48,-4.76,-14.5,S1,0,,1,4632.0,obs,524,6.49,-3.89,-13.63,S1,5.62,-4.76,-14.5,S1,-50.61,-3.89,-13.63,S1,7.294,0,S1,site_s1,S1,S1,S1,133.0,262.0,0.0,78.8,1,1,1,,,0,0.0,0.0,0.0,0.0,0.0,,279.0,,0
1786377703.437,c2,recommend,1600,1.1,25.66,12.93,3.31,S3,0,,0,200.0,obs,695,25.66,12.93,2.9,S3,25.66,12.93,2.9,S3,25.66,12.93,3.31,S3,7.294,0,S3,site_s3,S3,S3,S3,174.0,262.0,0.0,109.8,0,1,1,,,0,0.0,0.0,0.0,0.0,0.0,,279.0,,0
1786377704.437,c1,reserve,1600,0.198,26.14,13.47,3.86,S3,0,,0,36.0,obs,357,26.14,13.47,3.45,S3,26.14,13.47,3.45,S3,26.14,13.47,3.86,S3,7.868,0,S3,site_s3,S3,S3,S3,88.0,0.0,0.0,24.5,1,1,1,,,0,0.0,0.0,0.0,0.0,0.0,,279.0,,0
1786377704.437,c1,search,1600,25.476,-52.83,-4.76,-14.5,S1,0,,1,4632.0,obs,522,6.49,-3.89,-13.63,S1,5.62,-4.76,-14.5,S1,-51.97,-3.89,-13.63,S1,7.868,0,S1,site_s1,S1,S1,S1,131.0,131.0,0.0,24.5,1,1,1,,,0,0.0,0.0,0.0,0.0,0.0,,279.0,,0
1786377704.437,c1,recommend,1600,1.1,25.66,12.93,3.28,S3,0,,0,200.0,obs,693,25.66,12.93,2.9,S3,25.66,12.93,2.9,S3,25.66,12.93,3.28,S3,7.868,0,S3,site_s3,S3,S3,S3,172.0,131.0,0.0,55.1,1,1,1,,,0,0.0,0.0,0.0,0.0,0.0,,279.0,,0
1786377704.437,c2,reserve,1600,0.198,26.14,13.47,3.86,S3,0,,0,36.0,obs,357,26.14,13.47,3.45,S3,26.14,13.47,3.45,S3,26.14,13.47,3.86,S3,7.868,0,S3,site_s3,S3,S3,S3,90.5,131.0,0.0,80.2,1,1,1,,,0,0.0,0.0,0.0,0.0,0.0,,279.0,,0
1786377704.437,c2,search,1600,25.476,-52.83,-4.76,-14.5,S1,0,,1,4632.0,obs,522,6.49,-3.89,-13.63,S1,5.62,-4.76,-14.5,S1,-51.97,-3.89,-13.63,S1,7.868,0,S1,site_s1,S1,S1,S1,130.0,261.0,0.0,80.2,1,1,1,,,0,0.0,0.0,0.0,0.0,0.0,,279.0,,0
1786377704.437,c2,recommend,1600,1.1,25.66,12.93,3.28,S3,0,,0,200.0,obs,693,25.66,12.93,2.9,S3,25.66,12.93,2.9,S3,25.66,12.93,3.28,S3,7.868,0,S3,site_s3,S3,S3,S3,174.5,261.0,0.0,111.3,0,1,1,,,0,0.0,0.0,0.0,0.0,0.0,,279.0,,0
1786377705.437,c1,reserve,1600,0.198,26.14,13.47,3.84,S3,0,,0,36.0,obs,348,26.14,13.47,3.45,S3,26.14,13.47,3.45,S3,26.14,13.47,3.84,S3,7.328,0,S3,site_s3,S3,S3,S3,86.5,0.0,0.0,24.0,1,1,1,,,0,0.0,0.0,0.0,0.0,0.0,,279.0,,0
1786377705.437,c1,search,1600,25.476,-53.24,-4.76,-14.5,S1,0,,1,4632.0,obs,526,6.49,-3.89,-13.63,S1,5.62,-4.76,-14.5,S1,-52.37,-3.89,-13.63,S1,7.328,0,S1,site_s1,S1,S1,S1,129.0,129.0,0.0,24.0,1,1,1,,,0,0.0,0.0,0.0,0.0,0.0,,279.0,,0
1786377705.437,c1,recommend,1600,1.1,25.66,12.93,3.26,S3,0,,0,200.0,obs,699,25.66,12.93,2.9,S3,25.66,12.93,2.9,S3,25.66,12.93,3.26,S3,7.328,0,S3,site_s3,S3,S3,S3,175.0,129.0,0.0,55.2,1,1,1,,,0,0.0,0.0,0.0,0.0,0.0,,279.0,,0
1786377705.437,c2,reserve,1600,0.198,26.14,13.47,3.84,S3,0,,0,36.0,obs,348,26.14,13.47,3.45,S3,26.14,13.47,3.45,S3,26.14,13.47,3.84,S3,7.328,0,S3,site_s3,S3,S3,S3,87.5,129.0,0.0,79.5,1,1,1,,,0,0.0,0.0,0.0,0.0,0.0,,279.0,,0
1786377705.437,c2,search,1600,25.476,-53.24,-4.76,-14.5,S1,0,,1,4632.0,obs,526,6.49,-3.89,-13.63,S1,5.62,-4.76,-14.5,S1,-52.37,-3.89,-13.63,S1,7.328,0,S1,site_s1,S1,S1,S1,132.5,261.5,0.0,79.5,1,1,1,,,0,0.0,0.0,0.0,0.0,0.0,,279.0,,0
1786377705.437,c2,recommend,1600,1.1,25.66,12.93,3.26,S3,0,,0,200.0,obs,699,25.66,12.93,2.9,S3,25.66,12.93,2.9,S3,25.66,12.93,3.26,S3,7.328,0,S3,site_s3,S3,S3,S3,174.5,261.5,0.0,110.6,0,1,1,,,0,0.0,0.0,0.0,0.0,0.0,,279.0,,0
1786377706.443,c1,reserve,1600,0.198,26.14,13.47,3.85,S3,0,,0,36.0,obs,350,26.14,13.47,3.45,S3,26.14,13.47,3.45,S3,26.14,13.47,3.85,S3,13.189,0,S3,site_s3,S3,S3,S3,88.0,0.0,0.0,24.5,1,1,1,,,0,0.0,0.0,0.0,0.0,0.0,,279.0,,0
1786377706.443,c1,search,1600,25.476,-48.47,-4.76,-14.5,S1,0,,1,4632.0,obs,526,6.49,-3.89,-13.63,S1,5.62,-4.76,-14.5,S1,-47.6,-3.89,-13.63,S1,13.189,0,S1,site_s1,S1,S1,S1,130.0,130.0,0.0,24.5,1,1,1,,,0,0.0,0.0,0.0,0.0,0.0,,279.0,,0
1786377706.443,c1,recommend,1600,1.1,25.66,12.93,3.27,S3,0,,0,200.0,obs,698,25.66,12.93,2.9,S3,25.66,12.93,2.9,S3,25.66,12.93,3.27,S3,13.189,0,S3,site_s3,S3,S3,S3,174.5,130.0,0.0,55.5,1,1,1,,,0,0.0,0.0,0.0,0.0,0.0,,279.0,,0
1786377706.443,c2,reserve,1600,0.198,26.14,13.47,3.85,S3,0,,0,36.0,obs,350,26.14,13.47,3.45,S3,26.14,13.47,3.45,S3,26.14,13.47,3.85,S3,13.189,0,S3,site_s3,S3,S3,S3,87.0,130.0,0.0,79.7,1,1,1,,,0,0.0,0.0,0.0,0.0,0.0,,279.0,,0
1786377706.443,c2,search,1600,25.476,-48.47,-4.76,-14.5,S1,0,,1,4632.0,obs,526,6.49,-3.89,-13.63,S1,5.62,-4.76,-14.5,S1,-47.6,-3.89,-13.63,S1,13.189,0,S1,site_s1,S1,S1,S1,132.5,262.5,0.0,79.7,1,1,1,,,0,0.0,0.0,0.0,0.0,0.0,,279.0,,0
1786377706.443,c2,recommend,1600,1.1,25.66,12.93,3.27,S3,0,,0,200.0,obs,698,25.66,12.93,2.9,S3,25.66,12.93,2.9,S3,25.66,12.93,3.27,S3,13.189,0,S3,site_s3,S3,S3,S3,174.5,262.5,0.0,110.8,0,1,1,,,0,0.0,0.0,0.0,0.0,0.0,,279.0,,0
1786377707.436,c1,reserve,1600,0.198,26.14,13.47,3.85,S3,0,,0,36.0,obs,351,26.14,13.47,3.45,S3,26.14,13.47,3.45,S3,26.14,13.47,3.85,S3,7.428,0,S3,site_s3,S3,S3,S3,87.0,0.0,0.0,24.2,1,1,1,,,0,0.0,0.0,0.0,0.0,0.0,,279.0,,0
1786377707.436,c1,search,1600,25.476,-47.21,-4.76,-14.5,S1,0,,1,4632.0,obs,528,6.49,-3.89,-13.63,S1,5.62,-4.76,-14.5,S1,-46.34,-3.89,-13.63,S1,7.428,0,S1,site_s1,S1,S1,S1,132.0,132.0,0.0,24.2,1,1,1,,,0,0.0,0.0,0.0,0.0,0.0,,279.0,,0
1786377707.436,c1,recommend,1600,1.1,25.66,12.93,3.27,S3,0,,0,200.0,obs,708,25.66,12.93,2.9,S3,25.66,12.93,2.9,S3,25.66,12.93,3.27,S3,7.428,0,S3,site_s3,S3,S3,S3,176.5,132.0,0.0,55.6,1,1,1,,,0,0.0,0.0,0.0,0.0,0.0,,279.0,,0
1786377707.436,c2,reserve,1600,0.198,26.14,13.47,3.85,S3,0,,0,36.0,obs,351,26.14,13.47,3.45,S3,26.14,13.47,3.45,S3,26.14,13.47,3.85,S3,7.428,0,S3,site_s3,S3,S3,S3,88.5,132.0,0.0,80.2,1,1,1,,,0,0.0,0.0,0.0,0.0,0.0,,279.0,,0
1786377707.436,c2,search,1600,25.476,-47.21,-4.76,-14.5,S1,0,,1,4632.0,obs,528,6.49,-3.89,-13.63,S1,5.62,-4.76,-14.5,S1,-46.34,-3.89,-13.63,S1,7.428,0,S1,site_s1,S1,S1,S1,131.5,263.5,0.0,80.2,1,1,1,,,0,0.0,0.0,0.0,0.0,0.0,,279.0,,0
1786377707.436,c2,recommend,1600,1.1,25.66,12.93,3.27,S3,0,,0,200.0,obs,708,25.66,12.93,2.9,S3,25.66,12.93,2.9,S3,25.66,12.93,3.27,S3,7.428,0,S3,site_s3,S3,S3,S3,177.5,263.5,0.0,111.8,0,1,1,,,0,0.0,0.0,0.0,0.0,0.0,,279.0,,0
1786377708.436,c1,reserve,1600,0.198,26.14,13.47,3.78,S3,0,,0,36.0,obs,347,26.14,13.47,3.45,S3,26.14,13.47,3.45,S3,26.14,13.47,3.78,S3,7.396,0,S3,site_s3,S3,S3,S3,85.5,0.0,0.0,23.8,1,1,1,,,0,0.0,0.0,0.0,0.0,0.0,,279.0,,0
1786377708.436,c1,search,1600,25.476,-50.11,-4.76,-14.5,S1,0,,1,4632.0,obs,529,6.49,-3.89,-13.63,S1,5.62,-4.76,-14.5,S1,-49.24,-3.89,-13.63,S1,7.396,0,S1,site_s1,S1,S1,S1,132.5,132.5,0.0,23.8,1,1,1,,,0,0.0,0.0,0.0,0.0,0.0,,279.0,,0
1786377708.436,c1,recommend,1600,1.1,25.66,12.93,3.26,S3,0,,0,200.0,obs,706,25.66,12.93,2.9,S3,25.66,12.93,2.9,S3,25.66,12.93,3.26,S3,7.396,0,S3,site_s3,S3,S3,S3,177.0,132.5,0.0,55.3,1,1,1,,,0,0.0,0.0,0.0,0.0,0.0,,279.0,,0
1786377708.436,c2,reserve,1600,0.198,26.14,13.47,3.78,S3,0,,0,36.0,obs,347,26.14,13.47,3.45,S3,26.14,13.47,3.45,S3,26.14,13.47,3.78,S3,7.396,0,S3,site_s3,S3,S3,S3,88.0,132.5,0.0,79.7,1,1,1,,,0,0.0,0.0,0.0,0.0,0.0,,279.0,,0
1786377708.436,c2,search,1600,25.476,-50.11,-4.76,-14.5,S1,0,,1,4632.0,obs,529,6.49,-3.89,-13.63,S1,5.62,-4.76,-14.5,S1,-49.24,-3.89,-13.63,S1,7.396,0,S1,site_s1,S1,S1,S1,131.5,264.0,0.0,79.7,1,1,1,,,0,0.0,0.0,0.0,0.0,0.0,,279.0,,0
1786377708.436,c2,recommend,1600,1.1,25.66,12.93,3.26,S3,0,,0,200.0,obs,706,25.66,12.93,2.9,S3,25.66,12.93,2.9,S3,25.66,12.93,3.26,S3,7.396,0,S3,site_s3,S3,S3,S3,176.0,264.0,0.0,111.1,0,1,1,,,0,0.0,0.0,0.0,0.0,0.0,,279.0,,0
1786377709.436,c1,reserve,1600,0.198,26.14,13.47,3.82,S3,0,,0,36.0,obs,344,26.14,13.47,3.45,S3,26.14,13.47,3.45,S3,26.14,13.47,3.82,S3,7.124,0,S3,site_s3,S3,S3,S3,86.5,0.0,0.0,24.0,1,1,1,,,0,0.0,0.0,0.0,0.0,0.0,,279.0,,0
1786377709.436,c1,search,1600,25.476,-64.58,-4.76,-14.5,S1,0,,1,4632.0,obs,512,6.49,-3.89,-13.63,S1,5.62,-4.76,-14.5,S1,-63.71,-3.89,-13.63,S1,7.124,0,S1,site_s1,S1,S1,S1,128.0,128.0,0.0,24.0,1,1,1,,,0,0.0,0.0,0.0,0.0,0.0,,279.0,,0
1786377709.436,c1,recommend,1600,1.1,25.66,12.93,3.28,S3,0,,0,200.0,obs,685,25.66,12.93,2.9,S3,25.66,12.93,2.9,S3,25.66,12.93,3.28,S3,7.124,0,S3,site_s3,S3,S3,S3,171.0,128.0,0.0,54.5,1,1,1,,,0,0.0,0.0,0.0,0.0,0.0,,279.0,,0
1786377709.436,c2,reserve,1600,0.198,26.14,13.47,3.82,S3,0,,0,36.0,obs,344,26.14,13.47,3.45,S3,26.14,13.47,3.45,S3,26.14,13.47,3.82,S3,7.124,0,S3,site_s3,S3,S3,S3,85.5,128.0,0.0,78.3,1,1,1,,,0,0.0,0.0,0.0,0.0,0.0,,279.0,,0
1786377709.436,c2,search,1600,25.476,-64.58,-4.76,-14.5,S1,0,,1,4632.0,obs,512,6.49,-3.89,-13.63,S1,5.62,-4.76,-14.5,S1,-63.71,-3.89,-13.63,S1,7.124,0,S1,site_s1,S1,S1,S1,128.0,256.0,0.0,78.3,1,1,1,,,0,0.0,0.0,0.0,0.0,0.0,,279.0,,0
1786377709.436,c2,recommend,1600,1.1,25.66,12.93,3.28,S3,0,,0,200.0,obs,685,25.66,12.93,2.9,S3,25.66,12.93,2.9,S3,25.66,12.93,3.28,S3,7.124,0,S3,site_s3,S3,S3,S3,171.5,256.0,0.0,108.8,0,1,1,,,0,0.0,0.0,0.0,0.0,0.0,,279.0,,0
1786377710.437,c1,reserve,1600,0.198,26.14,13.47,3.84,S3,0,,0,36.0,obs,346,26.14,13.47,3.45,S3,26.14,13.47,3.45,S3,26.14,13.47,3.84,S3,7.446,0,S3,site_s3,S3,S3,S3,87.0,0.0,0.0,24.2,1,1,1,,,0,0.0,0.0,0.0,0.0,0.0,,279.0,,0
1786377710.437,c1,search,1600,25.476,-66.38,-4.76,-14.5,S1,0,,1,4632.0,obs,517,6.49,-3.89,-13.63,S1,5.62,-4.76,-14.5,S1,-65.52,-3.89,-13.63,S1,7.446,0,S1,site_s1,S1,S1,S1,129.0,129.0,0.0,24.2,1,1,1,,,0,0.0,0.0,0.0,0.0,0.0,,279.0,,0
1786377710.437,c1,recommend,1600,1.1,25.66,12.93,3.25,S3,0,,0,200.0,obs,688,25.66,12.93,2.9,S3,25.66,12.93,2.9,S3,25.66,12.93,3.25,S3,7.446,0,S3,site_s3,S3,S3,S3,169.5,129.0,0.0,54.4,1,1,1,,,0,0.0,0.0,0.0,0.0,0.0,,279.0,,0
1786377710.437,c2,reserve,1600,0.198,26.14,13.47,3.84,S3,0,,0,36.0,obs,346,26.14,13.47,3.45,S3,26.14,13.47,3.45,S3,26.14,13.47,3.84,S3,7.446,0,S3,site_s3,S3,S3,S3,86.0,129.0,0.0,78.3,1,1,1,,,0,0.0,0.0,0.0,0.0,0.0,,279.0,,0
1786377710.437,c2,search,1600,25.476,-66.38,-4.76,-14.5,S1,0,,1,4632.0,obs,517,6.49,-3.89,-13.63,S1,5.62,-4.76,-14.5,S1,-65.52,-3.89,-13.63,S1,7.446,0,S1,site_s1,S1,S1,S1,129.5,258.5,0.0,78.3,1,1,1,,,0,0.0,0.0,0.0,0.0,0.0,,279.0,,0
1786377710.437,c2,recommend,1600,1.1,25.66,12.93,3.25,S3,0,,0,200.0,obs,688,25.66,12.93,2.9,S3,25.66,12.93,2.9,S3,25.66,12.93,3.25,S3,7.446,0,S3,site_s3,S3,S3,S3,174.5,258.5,0.0,109.3,0,1,1,,,0,0.0,0.0,0.0,0.0,0.0,,279.0,,0
1786377711.436,c1,reserve,1600,0.198,26.14,13.47,3.83,S3,0,,0,36.0,obs,350,26.14,13.47,3.45,S3,26.14,13.47,3.45,S3,26.14,13.47,3.83,S3,7.358,0,S3,site_s3,S3,S3,S3,87.0,0.0,0.0,24.2,1,1,1,,,0,0.0,0.0,0.0,0.0,0.0,,279.0,,0
1786377711.436,c1,search,1600,25.476,-49.96,-4.76,-14.5,S1,0,,1,4632.0,obs,524,6.49,-3.89,-13.63,S1,5.62,-4.76,-14.5,S1,-49.09,-3.89,-13.63,S1,7.358,0,S1,site_s1,S1,S1,S1,131.0,131.0,0.0,24.2,1,1,1,,,0,0.0,0.0,0.0,0.0,0.0,,279.0,,0
1786377711.436,c1,recommend,1600,1.1,25.66,12.93,3.27,S3,0,,0,200.0,obs,703,25.66,12.93,2.9,S3,25.66,12.93,2.9,S3,25.66,12.93,3.27,S3,7.358,0,S3,site_s3,S3,S3,S3,178.0,131.0,0.0,55.9,1,1,1,,,0,0.0,0.0,0.0,0.0,0.0,,279.0,,0
1786377711.436,c2,reserve,1600,0.198,26.14,13.47,3.83,S3,0,,0,36.0,obs,350,26.14,13.47,3.45,S3,26.14,13.47,3.45,S3,26.14,13.47,3.83,S3,7.358,0,S3,site_s3,S3,S3,S3,88.0,131.0,0.0,80.3,1,1,1,,,0,0.0,0.0,0.0,0.0,0.0,,279.0,,0
1786377711.436,c2,search,1600,25.476,-49.96,-4.76,-14.5,S1,0,,1,4632.0,obs,524,6.49,-3.89,-13.63,S1,5.62,-4.76,-14.5,S1,-49.09,-3.89,-13.63,S1,7.358,0,S1,site_s1,S1,S1,S1,131.0,262.0,0.0,80.3,1,1,1,,,0,0.0,0.0,0.0,0.0,0.0,,279.0,,0
1786377711.436,c2,recommend,1600,1.1,25.66,12.93,3.27,S3,0,,0,200.0,obs,703,25.66,12.93,2.9,S3,25.66,12.93,2.9,S3,25.66,12.93,3.27,S3,7.358,0,S3,site_s3,S3,S3,S3,173.5,262.0,0.0,111.2,0,1,1,,,0,0.0,0.0,0.0,0.0,0.0,,279.0,,0
1786377712.437,c1,reserve,1600,0.198,26.14,13.47,3.83,S3,0,,0,36.0,obs,349,26.14,13.47,3.45,S3,26.14,13.47,3.45,S3,26.14,13.47,3.83,S3,7.474,0,S3,site_s3,S3,S3,S3,88.0,0.0,0.0,24.5,1,1,1,,,0,0.0,0.0,0.0,0.0,0.0,,279.0,,0
1786377712.437,c1,search,1600,25.476,-49.96,-4.76,-14.5,S1,0,,1,4632.0,obs,529,6.49,-3.89,-13.63,S1,5.62,-4.76,-14.5,S1,-49.09,-3.89,-13.63,S1,7.474,0,S1,site_s1,S1,S1,S1,132.5,132.5,0.0,24.5,1,1,1,,,0,0.0,0.0,0.0,0.0,0.0,,279.0,,0
1786377712.437,c1,recommend,1600,1.1,25.66,12.93,3.32,S3,0,,0,200.0,obs,696,25.66,12.93,2.9,S3,25.66,12.93,2.9,S3,25.66,12.93,3.32,S3,7.474,0,S3,site_s3,S3,S3,S3,174.5,132.5,0.0,55.5,1,1,1,,,0,0.0,0.0,0.0,0.0,0.0,,279.0,,0
1786377712.437,c2,reserve,1600,0.198,26.14,13.47,3.83,S3,0,,0,36.0,obs,349,26.14,13.47,3.45,S3,26.14,13.47,3.45,S3,26.14,13.47,3.83,S3,7.474,0,S3,site_s3,S3,S3,S3,86.5,132.5,0.0,79.6,1,1,1,,,0,0.0,0.0,0.0,0.0,0.0,,279.0,,0
1786377712.437,c2,search,1600,25.476,-49.96,-4.76,-14.5,S1,0,,1,4632.0,obs,529,6.49,-3.89,-13.63,S1,5.62,-4.76,-14.5,S1,-49.09,-3.89,-13.63,S1,7.474,0,S1,site_s1,S1,S1,S1,132.0,264.5,0.0,79.6,1,1,1,,,0,0.0,0.0,0.0,0.0,0.0,,279.0,,0
1786377712.437,c2,recommend,1600,1.1,25.66,12.93,3.32,S3,0,,0,200.0,obs,696,25.66,12.93,2.9,S3,25.66,12.93,2.9,S3,25.66,12.93,3.32,S3,7.474,0,S3,site_s3,S3,S3,S3,173.5,264.5,0.0,110.5,0,1,1,,,0,0.0,0.0,0.0,0.0,0.0,,279.0,,0
1786377713.437,c1,reserve,1600,0.198,26.14,13.47,3.88,S3,0,,0,36.0,obs,334,26.14,13.47,3.45,S3,26.14,13.47,3.45,S3,26.14,13.47,3.88,S3,7.465,0,S3,site_s3,S3,S3,S3,84.0,0.0,0.0,23.4,1,1,1,,,0,0.0,0.0,0.0,0.0,0.0,,279.0,,0
1786377713.437,c1,search,1600,25.476,-54.08,-4.76,-14.5,S1,0,,1,4632.0,obs,497,6.49,-3.89,-13.63,S1,5.62,-4.76,-14.5,S1,-53.22,-3.89,-13.63,S1,7.465,0,S1,site_s1,S1,S1,S1,124.0,124.0,0.0,23.4,1,1,1,,,0,0.0,0.0,0.0,0.0,0.0,,279.0,,0
1786377713.437,c1,recommend,1600,1.1,25.66,12.93,3.28,S3,0,,0,200.0,obs,659,25.66,12.93,2.9,S3,25.66,12.93,2.9,S3,25.66,12.93,3.28,S3,7.465,0,S3,site_s3,S3,S3,S3,165.0,124.0,0.0,52.7,1,1,1,,,0,0.0,0.0,0.0,0.0,0.0,,279.0,,0
1786377713.437,c2,reserve,1600,0.198,26.14,13.47,3.88,S3,0,,0,36.0,obs,334,26.14,13.47,3.45,S3,26.14,13.47,3.45,S3,26.14,13.47,3.88,S3,7.465,0,S3,site_s3,S3,S3,S3,83.0,124.0,0.0,75.8,1,1,1,,,0,0.0,0.0,0.0,0.0,0.0,,279.0,,0
1786377713.437,c2,search,1600,25.476,-54.08,-4.76,-14.5,S1,0,,1,4632.0,obs,497,6.49,-3.89,-13.63,S1,5.62,-4.76,-14.5,S1,-53.22,-3.89,-13.63,S1,7.465,0,S1,site_s1,S1,S1,S1,124.5,248.5,0.0,75.8,1,1,1,,,0,0.0,0.0,0.0,0.0,0.0,,279.0,,0
1786377713.437,c2,recommend,1600,1.1,25.66,12.93,3.28,S3,0,,0,200.0,obs,659,25.66,12.93,2.9,S3,25.66,12.93,2.9,S3,25.66,12.93,3.28,S3,7.465,0,S3,site_s3,S3,S3,S3,164.5,248.5,0.0,105.1,1,1,1,,,0,0.0,0.0,0.0,0.0,0.0,,279.0,,0
1786377714.437,c1,reserve,1600,0.198,26.14,13.47,3.82,S3,0,,0,36.0,obs,332,26.14,13.47,3.45,S3,26.14,13.47,3.45,S3,26.14,13.47,3.82,S3,7.783,0,S3,site_s3,S3,S3,S3,83.0,0.0,0.0,23.1,1,1,1,,,0,0.0,0.0,0.0,0.0,0.0,,279.0,,0
1786377714.437,c1,search,1600,25.476,-56.69,-4.76,-14.5,S1,0,,1,4632.0,obs,497,6.49,-3.89,-13.63,S1,5.62,-4.76,-14.5,S1,-55.82,-3.89,-13.63,S1,7.783,0,S1,site_s1,S1,S1,S1,124.5,124.5,0.0,23.1,1,1,1,,,0,0.0,0.0,0.0,0.0,0.0,,279.0,,0
1786377714.437,c1,recommend,1600,1.1,25.66,12.93,3.2,S3,0,,0,200.0,obs,667,25.66,12.93,2.9,S3,25.66,12.93,2.9,S3,25.66,12.93,3.2,S3,7.783,0,S3,site_s3,S3,S3,S3,167.0,124.5,0.0,52.8,1,1,1,,,0,0.0,0.0,0.0,0.0,0.0,,279.0,,0
1786377714.437,c2,reserve,1600,0.198,26.14,13.47,3.82,S3,0,,0,36.0,obs,332,26.14,13.47,3.45,S3,26.14,13.47,3.45,S3,26.14,13.47,3.82,S3,7.783,0,S3,site_s3,S3,S3,S3,83.0,124.5,0.0,75.9,1,1,1,,,0,0.0,0.0,0.0,0.0,0.0,,279.0,,0
1786377714.437,c2,search,1600,25.476,-56.69,-4.76,-14.5,S1,0,,1,4632.0,obs,497,6.49,-3.89,-13.63,S1,5.62,-4.76,-14.5,S1,-55.82,-3.89,-13.63,S1,7.783,0,S1,site_s1,S1,S1,S1,124.0,248.5,0.0,75.9,1,1,1,,,0,0.0,0.0,0.0,0.0,0.0,,279.0,,0
1786377714.437,c2,recommend,1600,1.1,25.66,12.93,3.2,S3,0,,0,200.0,obs,667,25.66,12.93,2.9,S3,25.66,12.93,2.9,S3,25.66,12.93,3.2,S3,7.783,0,S3,site_s3,S3,S3,S3,166.5,248.5,0.0,105.5,1,1,1,,,0,0.0,0.0,0.0,0.0,0.0,,279.0,,0
1786377715.437,c1,reserve,1600,0.198,26.14,13.47,3.86,S3,0,,0,36.0,obs,329,26.14,13.47,3.45,S3,26.14,13.47,3.45,S3,26.14,13.47,3.86,S3,7.255,0,S3,site_s3,S3,S3,S3,82.5,0.0,0.0,22.9,1,1,1,,,0,0.0,0.0,0.0,0.0,0.0,,279.0,,0
1786377715.437,c1,search,1600,25.476,-58.53,-4.76,-14.5,S1,0,,1,4632.0,obs,501,6.49,-3.89,-13.63,S1,5.62,-4.76,-14.5,S1,-57.66,-3.89,-13.63,S1,7.255,0,S1,site_s1,S1,S1,S1,125.5,125.5,0.0,22.9,1,1,1,,,0,0.0,0.0,0.0,0.0,0.0,,279.0,,0
1786377715.437,c1,recommend,1600,1.1,25.66,12.93,3.22,S3,0,,0,200.0,obs,663,25.66,12.93,2.9,S3,25.66,12.93,2.9,S3,25.66,12.93,3.22,S3,7.255,0,S3,site_s3,S3,S3,S3,167.5,125.5,0.0,52.8,1,1,1,,,0,0.0,0.0,0.0,0.0,0.0,,279.0,,0
1786377715.437,c2,reserve,1600,0.198,26.14,13.47,3.86,S3,0,,0,36.0,obs,329,26.14,13.47,3.45,S3,26.14,13.47,3.45,S3,26.14,13.47,3.86,S3,7.255,0,S3,site_s3,S3,S3,S3,82.0,125.5,0.0,75.5,1,1,1,,,0,0.0,0.0,0.0,0.0,0.0,,279.0,,0
1786377715.437,c2,search,1600,25.476,-58.53,-4.76,-14.5,S1,0,,1,4632.0,obs,501,6.49,-3.89,-13.63,S1,5.62,-4.76,-14.5,S1,-57.66,-3.89,-13.63,S1,7.255,0,S1,site_s1,S1,S1,S1,125.0,250.5,0.0,75.5,1,1,1,,,0,0.0,0.0,0.0,0.0,0.0,,279.0,,0
1786377715.437,c2,recommend,1600,1.1,25.66,12.93,3.22,S3,0,,0,200.0,obs,663,25.66,12.93,2.9,S3,25.66,12.93,2.9,S3,25.66,12.93,3.22,S3,7.255,0,S3,site_s3,S3,S3,S3,164.0,250.5,0.0,104.7,1,1,1,,,0,0.0,0.0,0.0,0.0,0.0,,279.0,,0
1786377716.437,c1,reserve,1600,0.198,26.14,13.47,3.88,S3,0,,0,36.0,obs,330,26.14,13.47,3.45,S3,26.14,13.47,3.45,S3,26.14,13.47,3.88,S3,8.047,0,S3,site_s3,S3,S3,S3,83.0,0.0,0.0,23.1,1,1,1,,,0,0.0,0.0,0.0,0.0,0.0,,279.0,,0
1786377716.437,c1,search,1600,25.476,-58.53,-4.76,-14.5,S1,0,,1,4632.0,obs,499,6.49,-3.89,-13.63,S1,5.62,-4.76,-14.5,S1,-57.66,-3.89,-13.63,S1,8.047,0,S1,site_s1,S1,S1,S1,124.5,124.5,0.0,23.1,1,1,1,,,0,0.0,0.0,0.0,0.0,0.0,,279.0,,0
1786377716.437,c1,recommend,1600,1.1,25.66,12.93,3.28,S3,0,,0,200.0,obs,662,25.66,12.93,2.9,S3,25.66,12.93,2.9,S3,25.66,12.93,3.28,S3,8.047,0,S3,site_s3,S3,S3,S3,165.5,124.5,0.0,52.5,1,1,1,,,0,0.0,0.0,0.0,0.0,0.0,,279.0,,0
1786377716.437,c2,reserve,1600,0.198,26.14,13.47,3.88,S3,0,,0,36.0,obs,330,26.14,13.47,3.45,S3,26.14,13.47,3.45,S3,26.14,13.47,3.88,S3,8.047,0,S3,site_s3,S3,S3,S3,82.0,124.5,0.0,75.3,1,1,1,,,0,0.0,0.0,0.0,0.0,0.0,,279.0,,0
1786377716.437,c2,search,1600,25.476,-58.53,-4.76,-14.5,S1,0,,1,4632.0,obs,499,6.49,-3.89,-13.63,S1,5.62,-4.76,-14.5,S1,-57.66,-3.89,-13.63,S1,8.047,0,S1,site_s1,S1,S1,S1,125.0,249.5,0.0,75.3,1,1,1,,,0,0.0,0.0,0.0,0.0,0.0,,279.0,,0
1786377716.437,c2,recommend,1600,1.1,25.66,12.93,3.28,S3,0,,0,200.0,obs,662,25.66,12.93,2.9,S3,25.66,12.93,2.9,S3,25.66,12.93,3.28,S3,8.047,0,S3,site_s3,S3,S3,S3,165.5,249.5,0.0,104.8,1,1,1,,,0,0.0,0.0,0.0,0.0,0.0,,279.0,,0
1786377717.437,c1,reserve,1600,0.198,26.14,13.47,3.75,S3,0,,0,36.0,obs,337,26.14,13.47,3.45,S3,26.14,13.47,3.45,S3,26.14,13.47,3.75,S3,7.889,0,S3,site_s3,S3,S3,S3,84.0,0.0,0.0,23.4,1,1,1,,,0,0.0,0.0,0.0,0.0,0.0,,279.0,,0
1786377717.437,c1,search,1600,25.476,-50.24,-4.76,-14.5,S1,0,,1,4632.0,obs,501,6.49,-3.89,-13.63,S1,5.62,-4.76,-14.5,S1,-49.37,-3.89,-13.63,S1,7.889,0,S1,site_s1,S1,S1,S1,125.0,125.0,0.0,23.4,1,1,1,,,0,0.0,0.0,0.0,0.0,0.0,,279.0,,0
1786377717.437,c1,recommend,1600,1.1,25.66,12.93,3.23,S3,0,,0,200.0,obs,669,25.66,12.93,2.9,S3,25.66,12.93,2.9,S3,25.66,12.93,3.23,S3,7.889,0,S3,site_s3,S3,S3,S3,165.5,125.0,0.0,52.8,1,1,1,,,0,0.0,0.0,0.0,0.0,0.0,,279.0,,0
1786377717.437,c2,reserve,1600,0.198,26.14,13.47,3.75,S3,0,,0,36.0,obs,337,26.14,13.47,3.45,S3,26.14,13.47,3.45,S3,26.14,13.47,3.75,S3,7.889,0,S3,site_s3,S3,S3,S3,84.5,125.0,0.0,76.3,1,1,1,,,0,0.0,0.0,0.0,0.0,0.0,,279.0,,0
1786377717.437,c2,search,1600,25.476,-50.24,-4.76,-14.5,S1,0,,1,4632.0,obs,501,6.49,-3.89,-13.63,S1,5.62,-4.76,-14.5,S1,-49.37,-3.89,-13.63,S1,7.889,0,S1,site_s1,S1,S1,S1,124.5,249.5,0.0,76.3,1,1,1,,,0,0.0,0.0,0.0,0.0,0.0,,279.0,,0
1786377717.437,c2,recommend,1600,1.1,25.66,12.93,3.23,S3,0,,0,200.0,obs,669,25.66,12.93,2.9,S3,25.66,12.93,2.9,S3,25.66,12.93,3.23,S3,7.889,0,S3,site_s3,S3,S3,S3,169.0,249.5,0.0,106.4,1,1,1,,,0,0.0,0.0,0.0,0.0,0.0,,279.0,,0
1786377718.437,c1,reserve,1600,0.198,26.14,13.47,3.71,S3,0,,0,36.0,obs,329,26.14,13.47,3.45,S3,26.14,13.47,3.45,S3,26.14,13.47,3.71,S3,7.708,0,S3,site_s3,S3,S3,S3,82.0,0.0,0.0,22.8,1,1,1,,,0,0.0,0.0,0.0,0.0,0.0,,279.0,,0
1786377718.437,c1,search,1600,25.476,-57.39,-4.76,-14.5,S1,0,,1,4632.0,obs,497,6.49,-3.89,-13.63,S1,5.62,-4.76,-14.5,S1,-56.53,-3.89,-13.63,S1,7.708,0,S1,site_s1,S1,S1,S1,123.0,123.0,0.0,22.8,1,1,1,,,0,0.0,0.0,0.0,0.0,0.0,,279.0,,0
1786377718.437,c1,recommend,1600,1.1,25.66,12.93,3.21,S3,0,,0,200.0,obs,658,25.66,12.93,2.9,S3,25.66,12.93,2.9,S3,25.66,12.93,3.21,S3,7.708,0,S3,site_s3,S3,S3,S3,164.0,123.0,0.0,52.0,1,1,1,,,0,0.0,0.0,0.0,0.0,0.0,,279.0,,0
1786377718.437,c2,reserve,1600,0.198,26.14,13.47,3.71,S3,0,,0,36.0,obs,329,26.14,13.47,3.45,S3,26.14,13.47,3.45,S3,26.14,13.47,3.71,S3,7.708,0,S3,site_s3,S3,S3,S3,82.5,123.0,0.0,74.9,1,1,1,,,0,0.0,0.0,0.0,0.0,0.0,,279.0,,0
1786377718.437,c2,search,1600,25.476,-57.39,-4.76,-14.5,S1,0,,1,4632.0,obs,497,6.49,-3.89,-13.63,S1,5.62,-4.76,-14.5,S1,-56.53,-3.89,-13.63,S1,7.708,0,S1,site_s1,S1,S1,S1,125.5,248.5,0.0,74.9,1,1,1,,,0,0.0,0.0,0.0,0.0,0.0,,279.0,,0
1786377718.437,c2,recommend,1600,1.1,25.66,12.93,3.21,S3,0,,0,200.0,obs,658,25.66,12.93,2.9,S3,25.66,12.93,2.9,S3,25.66,12.93,3.21,S3,7.708,0,S3,site_s3,S3,S3,S3,165.0,248.5,0.0,104.3,1,1,1,,,0,0.0,0.0,0.0,0.0,0.0,,279.0,,0
1786377719.437,c1,reserve,1600,0.198,26.14,13.47,3.88,S3,0,,0,36.0,obs,325,26.14,13.47,3.45,S3,26.14,13.47,3.45,S3,26.14,13.47,3.88,S3,7.261,0,S3,site_s3,S3,S3,S3,81.0,0.0,0.0,22.5,1,1,1,,,0,0.0,0.0,0.0,0.0,0.0,,279.0,,0
1786377719.437,c1,search,1600,25.476,-56.67,-4.76,-14.5,S1,0,,1,4632.0,obs,492,6.49,-3.89,-13.63,S1,5.62,-4.76,-14.5,S1,-55.8,-3.89,-13.63,S1,7.261,0,S1,site_s1,S1,S1,S1,123.0,123.0,0.0,22.5,1,1,1,,,0,0.0,0.0,0.0,0.0,0.0,,279.0,,0
1786377719.437,c1,recommend,1600,1.1,25.66,12.93,3.32,S3,0,,0,200.0,obs,655,25.66,12.93,2.9,S3,25.66,12.93,2.9,S3,25.66,12.93,3.32,S3,7.261,0,S3,site_s3,S3,S3,S3,163.0,123.0,0.0,51.5,1,1,1,,,0,0.0,0.0,0.0,0.0,0.0,,279.0,,0
1786377719.437,c2,reserve,1600,0.198,26.14,13.47,3.88,S3,0,,0,36.0,obs,325,26.14,13.47,3.45,S3,26.14,13.47,3.45,S3,26.14,13.47,3.88,S3,7.261,0,S3,site_s3,S3,S3,S3,81.5,123.0,0.0,74.2,1,1,1,,,0,0.0,0.0,0.0,0.0,0.0,,279.0,,0
1786377719.437,c2,search,1600,25.476,-56.67,-4.76,-14.5,S1,0,,1,4632.0,obs,492,6.49,-3.89,-13.63,S1,5.62,-4.76,-14.5,S1,-55.8,-3.89,-13.63,S1,7.261,0,S1,site_s1,S1,S1,S1,122.5,245.5,0.0,74.2,1,1,1,,,0,0.0,0.0,0.0,0.0,0.0,,279.0,,0
1786377719.437,c2,recommend,1600,1.1,25.66,12.93,3.32,S3,0,,0,200.0,obs,655,25.66,12.93,2.9,S3,25.66,12.93,2.9,S3,25.66,12.93,3.32,S3,7.261,0,S3,site_s3,S3,S3,S3,164.5,245.5,0.0,103.5,1,1,1,,,0,0.0,0.0,0.0,0.0,0.0,,279.0,,0
1786377720.437,c1,reserve,1600,0.198,26.14,13.47,3.83,S3,0,,0,36.0,obs,335,26.14,13.47,3.45,S3,26.14,13.47,3.45,S3,26.14,13.47,3.83,S3,7.297,0,S3,site_s3,S3,S3,S3,83.0,0.0,0.0,23.1,1,1,1,,,0,0.0,0.0,0.0,0.0,0.0,,279.0,,0
1786377720.437,c1,search,1600,25.476,-50.4,-4.76,-14.5,S1,0,,1,4632.0,obs,493,6.49,-3.89,-13.63,S1,5.62,-4.76,-14.5,S1,-49.53,-3.89,-13.63,S1,7.297,0,S1,site_s1,S1,S1,S1,123.5,123.5,0.0,23.1,1,1,1,,,0,0.0,0.0,0.0,0.0,0.0,,279.0,,0
1786377720.437,c1,recommend,1600,1.1,25.66,12.93,3.32,S3,0,,0,200.0,obs,664,25.66,12.93,2.9,S3,25.66,12.93,2.9,S3,25.66,12.93,3.32,S3,7.297,0,S3,site_s3,S3,S3,S3,165.0,123.5,0.0,52.4,1,1,1,,,0,0.0,0.0,0.0,0.0,0.0,,279.0,,0
1786377720.437,c2,reserve,1600,0.198,26.14,13.47,3.83,S3,0,,0,36.0,obs,335,26.14,13.47,3.45,S3,26.14,13.47,3.45,S3,26.14,13.47,3.83,S3,7.297,0,S3,site_s3,S3,S3,S3,84.5,123.5,0.0,75.9,1,1,1,,,0,0.0,0.0,0.0,0.0,0.0,,279.0,,0
1786377720.437,c2,search,1600,25.476,-50.4,-4.76,-14.5,S1,0,,1,4632.0,obs,493,6.49,-3.89,-13.63,S1,5.62,-4.76,-14.5,S1,-49.53,-3.89,-13.63,S1,7.297,0,S1,site_s1,S1,S1,S1,123.0,246.5,0.0,75.9,1,1,1,,,0,0.0,0.0,0.0,0.0,0.0,,279.0,,0
1786377720.437,c2,recommend,1600,1.1,25.66,12.93,3.32,S3,0,,0,200.0,obs,664,25.66,12.93,2.9,S3,25.66,12.93,2.9,S3,25.66,12.93,3.32,S3,7.297,0,S3,site_s3,S3,S3,S3,167.0,246.5,0.0,105.7,1,1,1,,,0,0.0,0.0,0.0,0.0,0.0,,279.0,,0
1786377721.437,c1,reserve,1600,0.198,26.14,13.47,3.68,S3,0,,0,36.0,obs,333,26.14,13.47,3.45,S3,26.14,13.47,3.45,S3,26.14,13.47,3.68,S3,7.315,0,S3,site_s3,S3,S3,S3,83.5,0.0,0.0,23.2,1,1,1,,,0,0.0,0.0,0.0,0.0,0.0,,279.0,,0
1786377721.437,c1,search,1600,25.476,-51.46,-4.76,-14.5,S1,0,,1,4632.0,obs,504,6.49,-3.89,-13.63,S1,5.62,-4.76,-14.5,S1,-50.59,-3.89,-13.63,S1,7.315,0,S1,site_s1,S1,S1,S1,125.0,125.0,0.0,23.2,1,1,1,,,0,0.0,0.0,0.0,0.0,0.0,,279.0,,0
1786377721.437,c1,recommend,1600,1.1,25.66,12.93,3.31,S3,0,,0,200.0,obs,664,25.66,12.93,2.9,S3,25.66,12.93,2.9,S3,25.66,12.93,3.31,S3,7.315,0,S3,site_s3,S3,S3,S3,165.0,125.0,0.0,52.6,1,1,1,,,0,0.0,0.0,0.0,0.0,0.0,,279.0,,0
1786377721.437,c2,reserve,1600,0.198,26.14,13.47,3.68,S3,0,,0,36.0,obs,333,26.14,13.47,3.45,S3,26.14,13.47,3.45,S3,26.14,13.47,3.68,S3,7.315,0,S3,site_s3,S3,S3,S3,83.0,125.0,0.0,75.7,1,1,1,,,0,0.0,0.0,0.0,0.0,0.0,,279.0,,0
1786377721.437,c2,search,1600,25.476,-51.46,-4.76,-14.5,S1,0,,1,4632.0,obs,504,6.49,-3.89,-13.63,S1,5.62,-4.76,-14.5,S1,-50.59,-3.89,-13.63,S1,7.315,0,S1,site_s1,S1,S1,S1,127.0,252.0,0.0,75.7,1,1,1,,,0,0.0,0.0,0.0,0.0,0.0,,279.0,,0
1786377721.437,c2,recommend,1600,1.1,25.66,12.93,3.31,S3,0,,0,200.0,obs,664,25.66,12.93,2.9,S3,25.66,12.93,2.9,S3,25.66,12.93,3.31,S3,7.315,0,S3,site_s3,S3,S3,S3,167.0,252.0,0.0,105.4,0,1,1,,,0,0.0,0.0,0.0,0.0,0.0,,279.0,,0
1786377722.437,c1,reserve,1600,0.198,26.14,13.47,3.73,S3,0,,0,36.0,obs,340,26.14,13.47,3.45,S3,26.14,13.47,3.45,S3,26.14,13.47,3.73,S3,7.853,0,S3,site_s3,S3,S3,S3,87.0,0.0,0.0,24.2,1,1,1,,,0,0.0,0.0,0.0,0.0,0.0,,279.0,,0
1786377722.437,c1,search,1600,25.476,-50.61,-4.76,-14.5,S1,0,,1,4632.0,obs,502,6.49,-3.89,-13.63,S1,5.62,-4.76,-14.5,S1,-49.74,-3.89,-13.63,S1,7.853,0,S1,site_s1,S1,S1,S1,125.5,125.5,0.0,24.2,1,1,1,,,0,0.0,0.0,0.0,0.0,0.0,,279.0,,0
1786377722.437,c1,recommend,1600,1.1,25.66,12.93,3.29,S3,0,,0,200.0,obs,672,25.66,12.93,2.9,S3,25.66,12.93,2.9,S3,25.66,12.93,3.29,S3,7.853,0,S3,site_s3,S3,S3,S3,169.0,125.5,0.0,54.3,1,1,1,,,0,0.0,0.0,0.0,0.0,0.0,,279.0,,0
1786377722.437,c2,reserve,1600,0.198,26.14,13.47,3.73,S3,0,,0,36.0,obs,340,26.14,13.47,3.45,S3,26.14,13.47,3.45,S3,26.14,13.47,3.73,S3,7.853,0,S3,site_s3,S3,S3,S3,83.0,125.5,0.0,77.3,1,1,1,,,0,0.0,0.0,0.0,0.0,0.0,,279.0,,0
1786377722.437,c2,search,1600,25.476,-50.61,-4.76,-14.5,S1,0,,1,4632.0,obs,502,6.49,-3.89,-13.63,S1,5.62,-4.76,-14.5,S1,-49.74,-3.89,-13.63,S1,7.853,0,S1,site_s1,S1,S1,S1,124.5,250.0,0.0,77.3,1,1,1,,,0,0.0,0.0,0.0,0.0,0.0,,279.0,,0
1786377722.437,c2,recommend,1600,1.1,25.66,12.93,3.29,S3,0,,0,200.0,obs,672,25.66,12.93,2.9,S3,25.66,12.93,2.9,S3,25.66,12.93,3.29,S3,7.853,0,S3,site_s3,S3,S3,S3,167.0,250.0,0.0,107.1,1,1,1,,,0,0.0,0.0,0.0,0.0,0.0,,279.0,,0
1786377723.437,c1,reserve,1600,0.198,26.14,13.47,3.82,S3,0,,0,36.0,obs,332,26.14,13.47,3.45,S3,26.14,13.47,3.45,S3,26.14,13.47,3.82,S3,7.879,0,S3,site_s3,S3,S3,S3,83.5,0.0,0.0,23.2,1,1,1,,,0,0.0,0.0,0.0,0.0,0.0,,279.0,,0
1786377723.437,c1,search,1600,25.476,-49.77,-4.76,-14.5,S1,0,,1,4632.0,obs,500,6.49,-3.89,-13.63,S1,5.62,-4.76,-14.5,S1,-48.9,-3.89,-13.63,S1,7.879,0,S1,site_s1,S1,S1,S1,126.5,126.5,0.0,23.2,1,1,1,,,0,0.0,0.0,0.0,0.0,0.0,,279.0,,0
1786377723.437,c1,recommend,1600,1.1,25.66,12.93,3.28,S3,0,,0,200.0,obs,670,25.66,12.93,2.9,S3,25.66,12.93,2.9,S3,25.66,12.93,3.28,S3,7.879,0,S3,site_s3,S3,S3,S3,169.5,126.5,0.0,53.4,1,1,1,,,0,0.0,0.0,0.0,0.0,0.0,,279.0,,0
1786377723.437,c2,reserve,1600,0.198,26.14,13.47,3.82,S3,0,,0,36.0,obs,332,26.14,13.47,3.45,S3,26.14,13.47,3.45,S3,26.14,13.47,3.82,S3,7.879,0,S3,site_s3,S3,S3,S3,82.5,126.5,0.0,76.3,1,1,1,,,0,0.0,0.0,0.0,0.0,0.0,,279.0,,0
1786377723.437,c2,search,1600,25.476,-49.77,-4.76,-14.5,S1,0,,1,4632.0,obs,500,6.49,-3.89,-13.63,S1,5.62,-4.76,-14.5,S1,-48.9,-3.89,-13.63,S1,7.879,0,S1,site_s1,S1,S1,S1,123.5,250.0,0.0,76.3,1,1,1,,,0,0.0,0.0,0.0,0.0,0.0,,279.0,,0
1786377723.437,c2,recommend,1600,1.1,25.66,12.93,3.28,S3,0,,0,200.0,obs,670,25.66,12.93,2.9,S3,25.66,12.93,2.9,S3,25.66,12.93,3.28,S3,7.879,0,S3,site_s3,S3,S3,S3,165.5,250.0,0.0,105.8,1,1,1,,,0,0.0,0.0,0.0,0.0,0.0,,279.0,,0
1786377724.437,c1,reserve,1600,0.198,26.14,13.47,3.82,S3,0,,0,36.0,obs,333,26.14,13.47,3.45,S3,26.14,13.47,3.45,S3,26.14,13.47,3.82,S3,7.896,0,S3,site_s3,S3,S3,S3,82.5,0.0,0.0,22.9,1,1,1,,,0,0.0,0.0,0.0,0.0,0.0,,279.0,,0
1786377724.437,c1,search,1600,25.476,-49.01,-4.76,-14.5,S1,0,,1,4632.0,obs,503,6.49,-3.89,-13.63,S1,5.62,-4.76,-14.5,S1,-48.14,-3.89,-13.63,S1,7.896,0,S1,site_s1,S1,S1,S1,126.0,126.0,0.0,22.9,1,1,1,,,0,0.0,0.0,0.0,0.0,0.0,,279.0,,0
1786377724.437,c1,recommend,1600,1.1,25.66,12.93,3.26,S3,0,,0,200.0,obs,671,25.66,12.93,2.9,S3,25.66,12.93,2.9,S3,25.66,12.93,3.26,S3,7.896,0,S3,site_s3,S3,S3,S3,169.0,126.0,0.0,53.0,1,1,1,,,0,0.0,0.0,0.0,0.0,0.0,,279.0,,0
1786377724.437,c2,reserve,1600,0.198,26.14,13.47,3.82,S3,0,,0,36.0,obs,333,26.14,13.47,3.45,S3,26.14,13.47,3.45,S3,26.14,13.47,3.82,S3,7.896,0,S3,site_s3,S3,S3,S3,84.0,126.0,0.0,76.4,1,1,1,,,0,0.0,0.0,0.0,0.0,0.0,,279.0,,0
1786377724.437,c2,search,1600,25.476,-49.01,-4.76,-14.5,S1,0,,1,4632.0,obs,503,6.49,-3.89,-13.63,S1,5.62,-4.76,-14.5,S1,-48.14,-3.89,-13.63,S1,7.896,0,S1,site_s1,S1,S1,S1,125.5,251.5,0.0,76.4,1,1,1,,,0,0.0,0.0,0.0,0.0,0.0,,279.0,,0
1786377724.437,c2,recommend,1600,1.1,25.66,12.93,3.26,S3,0,,0,200.0,obs,671,25.66,12.93,2.9,S3,25.66,12.93,2.9,S3,25.66,12.93,3.26,S3,7.896,0,S3,site_s3,S3,S3,S3,166.5,251.5,0.0,106.0,0,1,1,,,0,0.0,0.0,0.0,0.0,0.0,,279.0,,0
1786377725.437,c1,reserve,1600,0.198,26.14,13.47,3.86,S3,0,,0,36.0,obs,332,26.14,13.47,3.45,S3,26.14,13.47,3.45,S3,26.14,13.47,3.86,S3,7.302,0,S3,site_s3,S3,S3,S3,83.5,0.0,0.0,23.2,1,1,1,,,0,0.0,0.0,0.0,0.0,0.0,,279.0,,0
1786377725.437,c1,search,1600,25.476,-48.9,-4.76,-14.5,S1,0,,1,4632.0,obs,502,6.49,-3.89,-13.63,S1,5.62,-4.76,-14.5,S1,-48.03,-3.89,-13.63,S1,7.302,0,S1,site_s1,S1,S1,S1,125.5,125.5,0.0,23.2,1,1,1,,,0,0.0,0.0,0.0,0.0,0.0,,279.0,,0
1786377725.437,c1,recommend,1600,1.1,25.66,12.93,3.28,S3,0,,0,200.0,obs,663,25.66,12.93,2.9,S3,25.66,12.93,2.9,S3,25.66,12.93,3.28,S3,7.302,0,S3,site_s3,S3,S3,S3,165.0,125.5,0.0,52.6,1,1,1,,,0,0.0,0.0,0.0,0.0,0.0,,279.0,,0
1786377725.437,c2,reserve,1600,0.198,26.14,13.47,3.86,S3,0,,0,36.0,obs,332,26.14,13.47,3.45,S3,26.14,13.47,3.45,S3,26.14,13.47,3.86,S3,7.302,0,S3,site_s3,S3,S3,S3,82.5,125.5,0.0,75.5,1,1,1,,,0,0.0,0.0,0.0,0.0,0.0,,279.0,,0
1786377725.437,c2,search,1600,25.476,-48.9,-4.76,-14.5,S1,0,,1,4632.0,obs,502,6.49,-3.89,-13.63,S1,5.62,-4.76,-14.5,S1,-48.03,-3.89,-13.63,S1,7.302,0,S1,site_s1,S1,S1,S1,125.5,251.0,0.0,75.5,1,1,1,,,0,0.0,0.0,0.0,0.0,0.0,,279.0,,0
1786377725.437,c2,recommend,1600,1.1,25.66,12.93,3.28,S3,0,,0,200.0,obs,663,25.66,12.93,2.9,S3,25.66,12.93,2.9,S3,25.66,12.93,3.28,S3,7.302,0,S3,site_s3,S3,S3,S3,166.5,251.0,0.0,105.2,1,1,1,,,0,0.0,0.0,0.0,0.0,0.0,,279.0,,0
1786377726.437,c1,reserve,1600,0.198,26.14,13.47,3.88,S3,0,,0,36.0,obs,339,26.14,13.47,3.45,S3,26.14,13.47,3.45,S3,26.14,13.47,3.88,S3,7.738,0,S3,site_s3,S3,S3,S3,86.0,0.0,0.0,23.9,1,1,1,,,0,0.0,0.0,0.0,0.0,0.0,,279.0,,0
1786377726.437,c1,search,1600,25.476,-47.99,-4.76,-14.5,S1,0,,1,4632.0,obs,504,6.49,-3.89,-13.63,S1,5.62,-4.76,-14.5,S1,-47.12,-3.89,-13.63,S1,7.738,0,S1,site_s1,S1,S1,S1,127.0,127.0,0.0,23.9,1,1,1,,,0,0.0,0.0,0.0,0.0,0.0,,279.0,,0
1786377726.437,c1,recommend,1600,1.1,25.66,12.93,3.32,S3,0,,0,200.0,obs,672,25.66,12.93,2.9,S3,25.66,12.93,2.9,S3,25.66,12.93,3.32,S3,7.738,0,S3,site_s3,S3,S3,S3,167.0,127.0,0.0,53.6,1,1,1,,,0,0.0,0.0,0.0,0.0,0.0,,279.0,,0
1786377726.437,c2,reserve,1600,0.198,26.14,13.47,3.88,S3,0,,0,36.0,obs,339,26.14,13.47,3.45,S3,26.14,13.47,3.45,S3,26.14,13.47,3.88,S3,7.738,0,S3,site_s3,S3,S3,S3,83.5,127.0,0.0,76.8,1,1,1,,,0,0.0,0.0,0.0,0.0,0.0,,279.0,,0
1786377726.437,c2,search,1600,25.476,-47.99,-4.76,-14.5,S1,0,,1,4632.0,obs,504,6.49,-3.89,-13.63,S1,5.62,-4.76,-14.5,S1,-47.12,-3.89,-13.63,S1,7.738,0,S1,site_s1,S1,S1,S1,125.0,252.0,0.0,76.8,1,1,1,,,0,0.0,0.0,0.0,0.0,0.0,,279.0,,0
1786377726.437,c2,recommend,1600,1.1,25.66,12.93,3.32,S3,0,,0,200.0,obs,672,25.66,12.93,2.9,S3,25.66,12.93,2.9,S3,25.66,12.93,3.32,S3,7.738,0,S3,site_s3,S3,S3,S3,169.0,252.0,0.0,106.9,0,1,1,,,0,0.0,0.0,0.0,0.0,0.0,,279.0,,0
1786377727.437,c1,reserve,1600,0.198,26.14,13.47,3.76,S3,0,,0,36.0,obs,337,26.14,13.47,3.45,S3,26.14,13.47,3.45,S3,26.14,13.47,3.76,S3,7.702,0,S3,site_s3,S3,S3,S3,84.5,0.0,0.0,23.5,1,1,1,,,0,0.0,0.0,0.0,0.0,0.0,,279.0,,0
1786377727.437,c1,search,1600,25.476,-49.22,-4.76,-14.5,S1,0,,1,4632.0,obs,506,6.49,-3.89,-13.63,S1,5.62,-4.76,-14.5,S1,-48.35,-3.89,-13.63,S1,7.702,0,S1,site_s1,S1,S1,S1,126.0,126.0,0.0,23.5,1,1,1,,,0,0.0,0.0,0.0,0.0,0.0,,279.0,,0
1786377727.437,c1,recommend,1600,1.1,25.66,12.93,3.29,S3,0,,0,200.0,obs,665,25.66,12.93,2.9,S3,25.66,12.93,2.9,S3,25.66,12.93,3.29,S3,7.702,0,S3,site_s3,S3,S3,S3,166.5,126.0,0.0,53.1,1,1,1,,,0,0.0,0.0,0.0,0.0,0.0,,279.0,,0
1786377727.437,c2,reserve,1600,0.198,26.14,13.47,3.76,S3,0,,0,36.0,obs,337,26.14,13.47,3.45,S3,26.14,13.47,3.45,S3,26.14,13.47,3.76,S3,7.702,0,S3,site_s3,S3,S3,S3,84.0,126.0,0.0,76.5,1,1,1,,,0,0.0,0.0,0.0,0.0,0.0,,279.0,,0
1786377727.437,c2,search,1600,25.476,-49.22,-4.76,-14.5,S1,0,,1,4632.0,obs,506,6.49,-3.89,-13.63,S1,5.62,-4.76,-14.5,S1,-48.35,-3.89,-13.63,S1,7.702,0,S1,site_s1,S1,S1,S1,127.0,253.0,0.0,76.5,1,1,1,,,0,0.0,0.0,0.0,0.0,0.0,,279.0,,0
1786377727.437,c2,recommend,1600,1.1,25.66,12.93,3.29,S3,0,,0,200.0,obs,665,25.66,12.93,2.9,S3,25.66,12.93,2.9,S3,25.66,12.93,3.29,S3,7.702,0,S3,site_s3,S3,S3,S3,166.0,253.0,0.0,106.0,0,1,1,,,0,0.0,0.0,0.0,0.0,0.0,,279.0,,0
1786377728.437,c1,reserve,1600,0.198,26.14,13.47,3.87,S3,0,,0,36.0,obs,338,26.14,13.47,3.45,S3,26.14,13.47,3.45,S3,26.14,13.47,3.87,S3,7.776,0,S3,site_s3,S3,S3,S3,83.0,0.0,0.0,23.1,1,1,1,,,0,0.0,0.0,0.0,0.0,0.0,,279.0,,0
1786377728.437,c1,search,1600,25.476,-51.7,-4.76,-14.5,S1,0,,1,4632.0,obs,499,6.49,-3.89,-13.63,S1,5.62,-4.76,-14.5,S1,-50.83,-3.89,-13.63,S1,7.776,0,S1,site_s1,S1,S1,S1,124.5,124.5,0.0,23.1,1,1,1,,,0,0.0,0.0,0.0,0.0,0.0,,279.0,,0
1786377728.437,c1,recommend,1600,1.1,25.66,12.93,3.29,S3,0,,0,200.0,obs,672,25.66,12.93,2.9,S3,25.66,12.93,2.9,S3,25.66,12.93,3.29,S3,7.776,0,S3,site_s3,S3,S3,S3,167.5,124.5,0.0,52.9,1,1,1,,,0,0.0,0.0,0.0,0.0,0.0,,279.0,,0
1786377728.437,c2,reserve,1600,0.198,26.14,13.47,3.87,S3,0,,0,36.0,obs,338,26.14,13.47,3.45,S3,26.14,13.47,3.45,S3,26.14,13.47,3.87,S3,7.776,0,S3,site_s3,S3,S3,S3,86.0,124.5,0.0,76.8,1,1,1,,,0,0.0,0.0,0.0,0.0,0.0,,279.0,,0
1786377728.437,c2,search,1600,25.476,-51.7,-4.76,-14.5,S1,0,,1,4632.0,obs,499,6.49,-3.89,-13.63,S1,5.62,-4.76,-14.5,S1,-50.83,-3.89,-13.63,S1,7.776,0,S1,site_s1,S1,S1,S1,125.0,249.5,0.0,76.8,1,1,1,,,0,0.0,0.0,0.0,0.0,0.0,,279.0,,0
1786377728.437,c2,recommend,1600,1.1,25.66,12.93,3.29,S3,0,,0,200.0,obs,672,25.66,12.93,2.9,S3,25.66,12.93,2.9,S3,25.66,12.93,3.29,S3,7.776,0,S3,site_s3,S3,S3,S3,168.5,249.5,0.0,106.8,1,1,1,,,0,0.0,0.0,0.0,0.0,0.0,,279.0,,0
1786377729.437,c1,reserve,1600,0.198,26.14,13.47,3.87,S3,0,,0,36.0,obs,327,26.14,13.47,3.45,S3,26.14,13.47,3.45,S3,26.14,13.47,3.87,S3,7.672,0,S3,site_s3,S3,S3,S3,82.0,0.0,0.0,22.8,1,1,1,,,0,0.0,0.0,0.0,0.0,0.0,,279.0,,0
1786377729.437,c1,search,1600,25.476,-58.46,-4.76,-14.5,S1,0,,1,4632.0,obs,500,6.49,-3.89,-13.63,S1,5.62,-4.76,-14.5,S1,-57.59,-3.89,-13.63,S1,7.672,0,S1,site_s1,S1,S1,S1,126.0,126.0,0.0,22.8,1,1,1,,,0,0.0,0.0,0.0,0.0,0.0,,279.0,,0
1786377729.437,c1,recommend,1600,1.1,25.66,12.93,3.32,S3,0,,0,200.0,obs,667,25.66,12.93,2.9,S3,25.66,12.93,2.9,S3,25.66,12.93,3.32,S3,7.672,0,S3,site_s3,S3,S3,S3,168.0,126.0,0.0,52.7,1,1,1,,,0,0.0,0.0,0.0,0.0,0.0,,279.0,,0
1786377729.437,c2,reserve,1600,0.198,26.14,13.47,3.87,S3,0,,0,36.0,obs,327,26.14,13.47,3.45,S3,26.14,13.47,3.45,S3,26.14,13.47,3.87,S3,7.672,0,S3,site_s3,S3,S3,S3,81.5,126.0,0.0,75.4,1,1,1,,,0,0.0,0.0,0.0,0.0,0.0,,279.0,,0
1786377729.437,c2,search,1600,25.476,-58.46,-4.76,-14.5,S1,0,,1,4632.0,obs,500,6.49,-3.89,-13.63,S1,5.62,-4.76,-14.5,S1,-57.59,-3.89,-13.63,S1,7.672,0,S1,site_s1,S1,S1,S1,124.0,250.0,0.0,75.4,1,1,1,,,0,0.0,0.0,0.0,0.0,0.0,,279.0,,0
1786377729.437,c2,recommend,1600,1.1,25.66,12.93,3.32,S3,0,,0,200.0,obs,667,25.66,12.93,2.9,S3,25.66,12.93,2.9,S3,25.66,12.93,3.32,S3,7.672,0,S3,site_s3,S3,S3,S3,165.5,250.0,0.0,104.8,1,1,1,,,0,0.0,0.0,0.0,0.0,0.0,,279.0,,0
1786377730.437,c1,reserve,1600,0.198,26.14,13.47,3.82,S3,0,,0,36.0,obs,330,26.14,13.47,3.45,S3,26.14,13.47,3.45,S3,26.14,13.47,3.82,S3,7.708,0,S3,site_s3,S3,S3,S3,83.0,0.0,0.0,23.1,1,1,1,,,0,0.0,0.0,0.0,0.0,0.0,,279.0,,0
1786377730.437,c1,search,1600,25.476,-54.64,-4.76,-14.5,S1,0,,1,4632.0,obs,503,6.49,-3.89,-13.63,S1,5.62,-4.76,-14.5,S1,-53.77,-3.89,-13.63,S1,7.708,0,S1,site_s1,S1,S1,S1,125.5,125.5,0.0,23.1,1,1,1,,,0,0.0,0.0,0.0,0.0,0.0,,279.0,,0
1786377730.437,c1,recommend,1600,1.1,25.66,12.93,3.32,S3,0,,0,200.0,obs,669,25.66,12.93,2.9,S3,25.66,12.93,2.9,S3,25.66,12.93,3.32,S3,7.708,0,S3,site_s3,S3,S3,S3,167.0,125.5,0.0,52.8,1,1,1,,,0,0.0,0.0,0.0,0.0,0.0,,279.0,,0
1786377730.437,c2,reserve,1600,0.198,26.14,13.47,3.82,S3,0,,0,36.0,obs,330,26.14,13.47,3.45,S3,26.14,13.47,3.45,S3,26.14,13.47,3.82,S3,7.708,0,S3,site_s3,S3,S3,S3,82.0,125.5,0.0,75.6,1,1,1,,,0,0.0,0.0,0.0,0.0,0.0,,279.0,,0
1786377730.437,c2,search,1600,25.476,-54.64,-4.76,-14.5,S1,0,,1,4632.0,obs,503,6.49,-3.89,-13.63,S1,5.62,-4.76,-14.5,S1,-53.77,-3.89,-13.63,S1,7.708,0,S1,site_s1,S1,S1,S1,125.5,251.0,0.0,75.6,1,1,1,,,0,0.0,0.0,0.0,0.0,0.0,,279.0,,0
1786377730.437,c2,recommend,1600,1.1,25.66,12.93,3.32,S3,0,,0,200.0,obs,669,25.66,12.93,2.9,S3,25.66,12.93,2.9,S3,25.66,12.93,3.32,S3,7.708,0,S3,site_s3,S3,S3,S3,167.5,251.0,0.0,105.4,1,1,1,,,0,0.0,0.0,0.0,0.0,0.0,,279.0,,0
1786377731.437,c1,reserve,1600,0.198,26.14,13.47,3.84,S3,0,,0,36.0,obs,337,26.14,13.47,3.45,S3,26.14,13.47,3.45,S3,26.14,13.47,3.84,S3,7.894,0,S3,site_s3,S3,S3,S3,84.5,0.0,0.0,23.5,1,1,1,,,0,0.0,0.0,0.0,0.0,0.0,,279.0,,0
1786377731.437,c1,search,1600,25.476,-54.64,-4.76,-14.5,S1,0,,1,4632.0,obs,499,6.49,-3.89,-13.63,S1,5.62,-4.76,-14.5,S1,-53.77,-3.89,-13.63,S1,7.894,0,S1,site_s1,S1,S1,S1,124.5,124.5,0.0,23.5,1,1,1,,,0,0.0,0.0,0.0,0.0,0.0,,279.0,,0
1786377731.437,c1,recommend,1600,1.1,25.66,12.93,3.32,S3,0,,0,200.0,obs,667,25.66,12.93,2.9,S3,25.66,12.93,2.9,S3,25.66,12.93,3.32,S3,7.894,0,S3,site_s3,S3,S3,S3,168.0,124.5,0.0,53.4,1,1,1,,,0,0.0,0.0,0.0,0.0,0.0,,279.0,,0
1786377731.437,c2,reserve,1600,0.198,26.14,13.47,3.84,S3,0,,0,36.0,obs,337,26.14,13.47,3.45,S3,26.14,13.47,3.45,S3,26.14,13.47,3.84,S3,7.894,0,S3,site_s3,S3,S3,S3,84.0,124.5,0.0,76.7,1,1,1,,,0,0.0,0.0,0.0,0.0,0.0,,279.0,,0
1786377731.437,c2,search,1600,25.476,-54.64,-4.76,-14.5,S1,0,,1,4632.0,obs,499,6.49,-3.89,-13.63,S1,5.62,-4.76,-14.5,S1,-53.77,-3.89,-13.63,S1,7.894,0,S1,site_s1,S1,S1,S1,125.0,249.5,0.0,76.7,1,1,1,,,0,0.0,0.0,0.0,0.0,0.0,,279.0,,0
1786377731.437,c2,recommend,1600,1.1,25.66,12.93,3.32,S3,0,,0,200.0,obs,667,25.66,12.93,2.9,S3,25.66,12.93,2.9,S3,25.66,12.93,3.32,S3,7.894,0,S3,site_s3,S3,S3,S3,165.5,249.5,0.0,106.2,1,1,1,,,0,0.0,0.0,0.0,0.0,0.0,,279.0,,0
1786377732.438,c1,reserve,1600,0.198,26.14,13.47,3.84,S3,0,,0,36.0,obs,334,26.14,13.47,3.45,S3,26.14,13.47,3.45,S3,26.14,13.47,3.84,S3,8.187,0,S3,site_s3,S3,S3,S3,83.5,0.0,0.0,23.2,1,1,1,,,0,0.0,0.0,0.0,0.0,0.0,,279.0,,0
1786377732.438,c1,search,1600,25.476,-56.28,-4.76,-14.5,S1,0,,1,4632.0,obs,499,6.49,-3.89,-13.63,S1,5.62,-4.76,-14.5,S1,-55.41,-3.89,-13.63,S1,8.187,0,S1,site_s1,S1,S1,S1,125.5,125.5,0.0,23.2,1,1,1,,,0,0.0,0.0,0.0,0.0,0.0,,279.0,,0
1786377732.438,c1,recommend,1600,1.1,25.66,12.93,3.27,S3,0,,0,200.0,obs,662,25.66,12.93,2.9,S3,25.66,12.93,2.9,S3,25.66,12.93,3.27,S3,8.187,0,S3,site_s3,S3,S3,S3,166.0,125.5,0.0,52.8,1,1,1,,,0,0.0,0.0,0.0,0.0,0.0,,279.0,,0
1786377732.438,c2,reserve,1600,0.198,26.14,13.47,3.84,S3,0,,0,36.0,obs,334,26.14,13.47,3.45,S3,26.14,13.47,3.45,S3,26.14,13.47,3.84,S3,8.187,0,S3,site_s3,S3,S3,S3,83.5,125.5,0.0,76.0,1,1,1,,,0,0.0,0.0,0.0,0.0,0.0,,279.0,,0
1786377732.438,c2,search,1600,25.476,-56.28,-4.76,-14.5,S1,0,,1,4632.0,obs,499,6.49,-3.89,-13.63,S1,5.62,-4.76,-14.5,S1,-55.41,-3.89,-13.63,S1,8.187,0,S1,site_s1,S1,S1,S1,123.5,249.0,0.0,76.0,1,1,1,,,0,0.0,0.0,0.0,0.0,0.0,,279.0,,0
1786377732.438,c2,recommend,1600,1.1,25.66,12.93,3.27,S3,0,,0,200.0,obs,662,25.66,12.93,2.9,S3,25.66,12.93,2.9,S3,25.66,12.93,3.27,S3,8.187,0,S3,site_s3,S3,S3,S3,165.0,249.0,0.0,105.3,1,1,1,,,0,0.0,0.0,0.0,0.0,0.0,,279.0,,0
1786377733.437,c1,reserve,1600,0.198,26.14,13.47,3.87,S3,0,,0,36.0,obs,334,26.14,13.47,3.45,S3,26.14,13.47,3.45,S3,26.14,13.47,3.87,S3,7.811,0,S3,site_s3,S3,S3,S3,83.0,0.0,0.0,23.1,1,1,1,,,0,0.0,0.0,0.0,0.0,0.0,,279.0,,0
1786377733.437,c1,search,1600,25.476,-51.88,-4.76,-14.5,S1,0,,1,4632.0,obs,495,6.49,-3.89,-13.63,S1,5.62,-4.76,-14.5,S1,-51.01,-3.89,-13.63,S1,7.811,0,S1,site_s1,S1,S1,S1,124.5,124.5,0.0,23.1,1,1,1,,,0,0.0,0.0,0.0,0.0,0.0,,279.0,,0
1786377733.437,c1,recommend,1600,1.1,25.66,12.93,3.25,S3,0,,0,200.0,obs,669,25.66,12.93,2.9,S3,25.66,12.93,2.9,S3,25.66,12.93,3.25,S3,7.811,0,S3,site_s3,S3,S3,S3,167.0,124.5,0.0,52.8,1,1,1,,,0,0.0,0.0,0.0,0.0,0.0,,279.0,,0
1786377733.437,c2,reserve,1600,0.198,26.14,13.47,3.87,S3,0,,0,36.0,obs,334,26.14,13.47,3.45,S3,26.14,13.47,3.45,S3,26.14,13.47,3.87,S3,7.811,0,S3,site_s3,S3,S3,S3,84.0,124.5,0.0,76.2,1,1,1,,,0,0.0,0.0,0.0,0.0,0.0,,279.0,,0
1786377733.437,c2,search,1600,25.476,-51.88,-4.76,-14.5,S1,0,,1,4632.0,obs,495,6.49,-3.89,-13.63,S1,5.62,-4.76,-14.5,S1,-51.01,-3.89,-13.63,S1,7.811,0,S1,site_s1,S1,S1,S1,123.0,247.5,0.0,76.2,1,1,1,,,0,0.0,0.0,0.0,0.0,0.0,,279.0,,0
1786377733.437,c2,recommend,1600,1.1,25.66,12.93,3.25,S3,0,,0,200.0,obs,669,25.66,12.93,2.9,S3,25.66,12.93,2.9,S3,25.66,12.93,3.25,S3,7.811,0,S3,site_s3,S3,S3,S3,167.5,247.5,0.0,106.0,1,1,1,,,0,0.0,0.0,0.0,0.0,0.0,,279.0,,0
1786377734.437,c1,reserve,1600,0.198,26.14,13.47,3.86,S3,0,,0,36.0,obs,330,26.14,13.47,3.45,S3,26.14,13.47,3.45,S3,26.14,13.47,3.86,S3,7.999,0,S3,site_s3,S3,S3,S3,83.0,0.0,0.0,23.1,1,1,1,,,0,0.0,0.0,0.0,0.0,0.0,,279.0,,0
1786377734.437,c1,search,1600,25.476,-55.58,-4.76,-14.5,S1,0,,1,4632.0,obs,495,6.49,-3.89,-13.63,S1,5.62,-4.76,-14.5,S1,-54.71,-3.89,-13.63,S1,7.999,0,S1,site_s1,S1,S1,S1,124.5,124.5,0.0,23.1,1,1,1,,,0,0.0,0.0,0.0,0.0,0.0,,279.0,,0
1786377734.437,c1,recommend,1600,1.1,25.66,12.93,3.27,S3,0,,0,200.0,obs,670,25.66,12.93,2.9,S3,25.66,12.93,2.9,S3,25.66,12.93,3.27,S3,7.999,0,S3,site_s3,S3,S3,S3,167.5,124.5,0.0,52.9,1,1,1,,,0,0.0,0.0,0.0,0.0,0.0,,279.0,,0
1786377734.437,c2,reserve,1600,0.198,26.14,13.47,3.86,S3,0,,0,36.0,obs,330,26.14,13.47,3.45,S3,26.14,13.47,3.45,S3,26.14,13.47,3.86,S3,7.999,0,S3,site_s3,S3,S3,S3,82.0,124.5,0.0,75.7,1,1,1,,,0,0.0,0.0,0.0,0.0,0.0,,279.0,,0
1786377734.437,c2,search,1600,25.476,-55.58,-4.76,-14.5,S1,0,,1,4632.0,obs,495,6.49,-3.89,-13.63,S1,5.62,-4.76,-14.5,S1,-54.71,-3.89,-13.63,S1,7.999,0,S1,site_s1,S1,S1,S1,123.0,247.5,0.0,75.7,1,1,1,,,0,0.0,0.0,0.0,0.0,0.0,,279.0,,0
1786377734.437,c2,recommend,1600,1.1,25.66,12.93,3.27,S3,0,,0,200.0,obs,670,25.66,12.93,2.9,S3,25.66,12.93,2.9,S3,25.66,12.93,3.27,S3,7.999,0,S3,site_s3,S3,S3,S3,167.5,247.5,0.0,105.5,1,1,1,,,0,0.0,0.0,0.0,0.0,0.0,,279.0,,0
1786377735.437,c1,reserve,1600,0.198,26.14,13.47,3.86,S3,0,,0,36.0,obs,338,26.14,13.47,3.45,S3,26.14,13.47,3.45,S3,26.14,13.47,3.86,S3,7.947,0,S3,site_s3,S3,S3,S3,84.5,0.0,0.0,23.5,1,1,1,,,0,0.0,0.0,0.0,0.0,0.0,,279.0,,0
1786377735.437,c1,search,1600,25.476,-56.39,-4.76,-14.5,S1,0,,1,4632.0,obs,502,6.49,-3.89,-13.63,S1,5.62,-4.76,-14.5,S1,-55.52,-3.89,-13.63,S1,7.947,0,S1,site_s1,S1,S1,S1,126.5,126.5,0.0,23.5,1,1,1,,,0,0.0,0.0,0.0,0.0,0.0,,279.0,,0
1786377735.437,c1,recommend,1600,1.1,25.66,12.93,3.28,S3,0,,0,200.0,obs,666,25.66,12.93,2.9,S3,25.66,12.93,2.9,S3,25.66,12.93,3.28,S3,7.947,0,S3,site_s3,S3,S3,S3,166.5,126.5,0.0,53.1,1,1,1,,,0,0.0,0.0,0.0,0.0,0.0,,279.0,,0
1786377735.437,c2,reserve,1600,0.198,26.14,13.47,3.86,S3,0,,0,36.0,obs,338,26.14,13.47,3.45,S3,26.14,13.47,3.45,S3,26.14,13.47,3.86,S3,7.947,0,S3,site_s3,S3,S3,S3,84.5,126.5,0.0,76.6,1,1,1,,,0,0.0,0.0,0.0,0.0,0.0,,279.0,,0
1786377735.437,c2,search,1600,25.476,-56.39,-4.76,-14.5,S1,0,,1,4632.0,obs,502,6.49,-3.89,-13.63,S1,5.62,-4.76,-14.5,S1,-55.52,-3.89,-13.63,S1,7.947,0,S1,site_s1,S1,S1,S1,124.5,251.0,0.0,76.6,1,1,1,,,0,0.0,0.0,0.0,0.0,0.0,,279.0,,0
1786377735.437,c2,recommend,1600,1.1,25.66,12.93,3.28,S3,0,,0,200.0,obs,666,25.66,12.93,2.9,S3,25.66,12.93,2.9,S3,25.66,12.93,3.28,S3,7.947,0,S3,site_s3,S3,S3,S3,166.5,251.0,0.0,106.3,1,1,1,,,0,0.0,0.0,0.0,0.0,0.0,,279.0,,0
1786377736.437,c1,reserve,1600,0.198,26.14,13.47,3.79,S3,0,,0,36.0,obs,336,26.14,13.47,3.45,S3,26.14,13.47,3.45,S3,26.14,13.47,3.79,S3,7.54,0,S3,site_s3,S3,S3,S3,84.5,0.0,0.0,23.5,1,1,1,,,0,0.0,0.0,0.0,0.0,0.0,,279.0,,0
1786377736.437,c1,search,1600,25.476,-54.62,-4.76,-14.5,S1,0,,1,4632.0,obs,498,6.49,-3.89,-13.63,S1,5.62,-4.76,-14.5,S1,-53.75,-3.89,-13.63,S1,7.54,0,S1,site_s1,S1,S1,S1,125.5,125.5,0.0,23.5,1,1,1,,,0,0.0,0.0,0.0,0.0,0.0,,279.0,,0
1786377736.437,c1,recommend,1600,1.1,25.66,12.93,3.27,S3,0,,0,200.0,obs,667,25.66,12.93,2.9,S3,25.66,12.93,2.9,S3,25.66,12.93,3.27,S3,7.54,0,S3,site_s3,S3,S3,S3,167.0,125.5,0.0,53.2,1,1,1,,,0,0.0,0.0,0.0,0.0,0.0,,279.0,,0
1786377736.437,c2,reserve,1600,0.198,26.14,13.47,3.79,S3,0,,0,36.0,obs,336,26.14,13.47,3.45,S3,26.14,13.47,3.45,S3,26.14,13.47,3.79,S3,7.54,0,S3,site_s3,S3,S3,S3,83.5,125.5,0.0,76.4,1,1,1,,,0,0.0,0.0,0.0,0.0,0.0,,279.0,,0
1786377736.437,c2,search,1600,25.476,-54.62,-4.76,-14.5,S1,0,,1,4632.0,obs,498,6.49,-3.89,-13.63,S1,5.62,-4.76,-14.5,S1,-53.75,-3.89,-13.63,S1,7.54,0,S1,site_s1,S1,S1,S1,123.5,249.0,0.0,76.4,1,1,1,,,0,0.0,0.0,0.0,0.0,0.0,,279.0,,0
1786377736.437,c2,recommend,1600,1.1,25.66,12.93,3.27,S3,0,,0,200.0,obs,667,25.66,12.93,2.9,S3,25.66,12.93,2.9,S3,25.66,12.93,3.27,S3,7.54,0,S3,site_s3,S3,S3,S3,166.5,249.0,0.0,106.1,1,1,1,,,0,0.0,0.0,0.0,0.0,0.0,,279.0,,0
1786377737.436,c1,reserve,,0.0,26.34,13.67,3.96,S3,0,,0,36.0,obs,344,26.34,13.67,3.65,S3,26.34,13.67,3.65,S3,26.34,13.67,3.96,S3,7.536,0,S3,site_s3,S3,S3,S3,87.0,0.0,0.0,24.2,1,1,1,,,0,0.0,0.0,0.0,0.0,0.0,,279.0,,0
1786377737.436,c1,search,,0.0,-51.24,20.71,10.98,S3,1,0.77,0,4632.0,obs,506,31.1,20.71,10.98,S3,31.1,20.71,10.98,S3,-51.24,20.71,10.98,S3,7.536,0,S3,site_s3,S3,S3,S3,128.0,0.0,0.0,152.2,1,1,1,,,0,0.0,0.0,0.0,0.0,0.0,,279.0,,0
1786377737.436,c1,recommend,,0.0,26.76,14.03,4.34,S3,0,,0,200.0,obs,682,26.76,14.03,4.0,S3,26.76,14.03,4.0,S3,26.76,14.03,4.34,S3,7.536,0,S3,site_s3,S3,S3,S3,172.5,0.0,0.0,182.9,1,1,1,,,0,0.0,0.0,0.0,0.0,0.0,,279.0,,0
1786377737.436,c2,reserve,,0.0,26.34,13.67,3.96,S3,0,,0,36.0,obs,344,26.34,13.67,3.65,S3,26.34,13.67,3.65,S3,26.34,13.67,3.96,S3,7.536,0,S3,site_s3,S3,S3,S3,85.0,0.0,0.0,206.5,1,1,1,,,0,0.0,0.0,0.0,0.0,0.0,,279.0,,0
1786377737.436,c2,search,,0.0,-51.24,20.71,10.98,S3,1,0.5,0,4632.0,obs,506,31.1,20.71,10.98,S3,31.1,20.71,10.98,S3,-51.24,20.71,10.98,S3,7.536,0,S3,site_s3,S3,S3,S3,125.0,0.0,0.0,331.5,1,1,1,,,0,0.0,0.0,0.0,0.0,0.0,,279.0,,0
1786377737.436,c2,recommend,,0.0,26.76,14.03,4.34,S3,0,,0,200.0,obs,682,26.76,14.03,4.0,S3,26.76,14.03,4.0,S3,26.76,14.03,4.34,S3,7.536,0,S3,site_s3,S3,S3,S3,168.5,0.0,0.0,361.5,1,1,1,,,0,0.0,0.0,0.0,0.0,0.0,,279.0,,0
1786377738.437,c1,reserve,,0.0,26.34,13.67,2.05,S3,0,,0,36.0,obs,384,26.34,13.67,3.65,S3,26.34,13.67,3.65,S3,26.34,13.67,2.05,S3,9.068,0,S3,site_s3,S3,S3,S3,95.0,0.0,0.0,26.4,1,1,1,,,0,0.0,0.0,0.0,0.0,0.0,,279.0,,0
1786377738.437,c1,search,,0.0,31.1,20.71,10.98,S3,0,,0,4553.42,obs,569,31.1,20.71,10.98,S3,31.1,20.71,10.98,S3,31.1,20.71,10.98,S3,9.068,0,S3,site_s3,S3,S3,S3,142.0,0.0,0.0,168.4,1,1,1,,,0,0.0,0.0,0.0,0.0,0.0,,279.0,,0
1786377738.437,c1,recommend,,0.0,26.76,14.03,3.46,S3,0,,0,200.0,obs,773,26.76,14.03,4.0,S3,26.76,14.03,4.0,S3,26.76,14.03,3.46,S3,9.068,0,S3,site_s3,S3,S3,S3,194.5,0.0,0.0,203.0,1,1,1,,,0,0.0,0.0,0.0,0.0,0.0,,279.0,,0
1786377738.437,c2,reserve,,0.0,26.34,13.67,2.05,S3,0,,0,36.0,obs,384,26.34,13.67,3.65,S3,26.34,13.67,3.65,S3,26.34,13.67,2.05,S3,9.068,0,S3,site_s3,S3,S3,S3,97.0,0.0,0.0,230.0,1,1,1,,,0,0.0,0.0,0.0,0.0,0.0,,279.0,,0
1786377738.437,c2,search,,0.0,31.1,20.71,10.98,S3,0,,0,4553.42,obs,569,31.1,20.71,10.98,S3,31.1,20.71,10.98,S3,31.1,20.71,10.98,S3,9.068,0,S3,site_s3,S3,S3,S3,142.5,0.0,0.0,372.5,1,1,1,,,0,0.0,0.0,0.0,0.0,0.0,,279.0,,0
1786377738.437,c2,recommend,,0.0,26.76,14.03,3.46,S3,0,,0,200.0,obs,773,26.76,14.03,4.0,S3,26.76,14.03,4.0,S3,26.76,14.03,3.46,S3,9.068,0,S3,site_s3,S3,S3,S3,192.0,0.0,0.0,406.7,1,1,1,,,0,0.0,0.0,0.0,0.0,0.0,,279.0,,0
1786377739.436,c1,reserve,,0.0,26.34,13.67,2.02,S3,0,,0,36.0,obs,374,26.34,13.67,3.65,S3,26.34,13.67,3.65,S3,26.34,13.67,2.02,S3,7.634,0,S3,site_s3,S3,S3,S3,90.5,0.0,0.0,25.2,1,1,1,,,0,0.0,0.0,0.0,0.0,0.0,,279.0,,0
1786377739.436,c1,search,,0.0,31.1,20.71,8.52,S3,0,,0,4476.49,obs,570,31.1,20.71,10.98,S3,31.1,20.71,10.98,S3,31.1,20.71,8.52,S3,7.634,0,S3,site_s3,S3,S3,S3,139.5,0.0,0.0,164.7,1,1,1,,,0,0.0,0.0,0.0,0.0,0.0,,279.0,,0
1786377739.436,c1,recommend,,0.0,26.76,14.03,3.35,S3,0,,0,200.0,obs,758,26.76,14.03,4.0,S3,26.76,14.03,4.0,S3,26.76,14.03,3.35,S3,7.634,0,S3,site_s3,S3,S3,S3,186.5,0.0,0.0,197.9,1,1,1,,,0,0.0,0.0,0.0,0.0,0.0,,279.0,,0
1786377739.436,c2,reserve,,0.0,26.34,13.67,2.02,S3,0,,0,36.0,obs,374,26.34,13.67,3.65,S3,26.34,13.67,3.65,S3,26.34,13.67,2.02,S3,7.634,0,S3,site_s3,S3,S3,S3,96.5,0.0,0.0,224.7,1,1,1,,,0,0.0,0.0,0.0,0.0,0.0,,279.0,,0
1786377739.436,c2,search,,0.0,31.1,20.71,8.52,S3,0,,0,4476.49,obs,570,31.1,20.71,10.98,S3,31.1,20.71,10.98,S3,31.1,20.71,8.52,S3,7.634,0,S3,site_s3,S3,S3,S3,145.0,0.0,0.0,369.7,1,1,1,,,0,0.0,0.0,0.0,0.0,0.0,,279.0,,0
1786377739.436,c2,recommend,,0.0,26.76,14.03,3.35,S3,0,,0,200.0,obs,758,26.76,14.03,4.0,S3,26.76,14.03,4.0,S3,26.76,14.03,3.35,S3,7.634,0,S3,site_s3,S3,S3,S3,192.5,0.0,0.0,403.9,1,1,1,,,0,0.0,0.0,0.0,0.0,0.0,,279.0,,0
1786377740.437,c1,reserve,,0.0,26.34,13.67,3.44,S3,0,,0,36.0,obs,340,26.34,13.67,3.65,S3,26.34,13.67,3.65,S3,26.34,13.67,3.44,S3,9.307,0,S3,site_s3,S3,S3,S3,84.0,0.0,0.0,23.4,1,1,1,,,0,0.0,0.0,0.0,0.0,0.0,,279.0,,0
1786377740.437,c1,search,,0.0,31.1,20.71,10.82,S3,0,,0,4474.0,obs,514,31.1,20.71,10.98,S3,31.1,20.71,10.98,S3,31.1,20.71,10.82,S3,9.307,0,S3,site_s3,S3,S3,S3,127.0,0.0,0.0,150.4,1,1,1,,,0,0.0,0.0,0.0,0.0,0.0,,279.0,,0
1786377740.437,c1,recommend,,0.0,26.76,14.03,3.78,S3,0,,0,200.0,obs,685,26.76,14.03,4.0,S3,26.76,14.03,4.0,S3,26.76,14.03,3.78,S3,9.307,0,S3,site_s3,S3,S3,S3,171.0,0.0,0.0,180.8,1,1,1,,,0,0.0,0.0,0.0,0.0,0.0,,279.0,,0
1786377740.437,c2,reserve,,0.0,26.34,13.67,3.44,S3,0,,0,36.0,obs,340,26.34,13.67,3.65,S3,26.34,13.67,3.65,S3,26.34,13.67,3.44,S3,9.307,0,S3,site_s3,S3,S3,S3,86.0,0.0,0.0,204.7,1,1,1,,,0,0.0,0.0,0.0,0.0,0.0,,279.0,,0
1786377740.437,c2,search,,0.0,31.1,20.71,10.82,S3,0,,0,4474.0,obs,514,31.1,20.71,10.98,S3,31.1,20.71,10.98,S3,31.1,20.71,10.82,S3,9.307,0,S3,site_s3,S3,S3,S3,130.0,0.0,0.0,334.7,1,1,1,,,0,0.0,0.0,0.0,0.0,0.0,,279.0,,0
1786377740.437,c2,recommend,,0.0,26.76,14.03,3.78,S3,0,,0,200.0,obs,685,26.76,14.03,4.0,S3,26.76,14.03,4.0,S3,26.76,14.03,3.78,S3,9.307,0,S3,site_s3,S3,S3,S3,171.5,0.0,0.0,365.2,1,1,1,,,0,0.0,0.0,0.0,0.0,0.0,,279.0,,0
1786377741.436,c1,reserve,,0.0,26.34,13.67,3.48,S3,0,,0,36.0,obs,339,26.34,13.67,3.65,S3,26.34,13.67,3.65,S3,26.34,13.67,3.48,S3,7.361,0,S3,site_s3,S3,S3,S3,84.5,0.0,0.0,23.5,1,1,1,,,0,0.0,0.0,0.0,0.0,0.0,,279.0,,0
1786377741.436,c1,search,,0.0,31.1,20.71,10.88,S3,0,,0,4474.0,obs,509,31.1,20.71,10.98,S3,31.1,20.71,10.98,S3,31.1,20.71,10.88,S3,7.361,0,S3,site_s3,S3,S3,S3,127.5,0.0,0.0,151.0,1,1,1,,,0,0.0,0.0,0.0,0.0,0.0,,279.0,,0
1786377741.436,c1,recommend,,0.0,26.76,14.03,3.94,S3,0,,0,200.0,obs,674,26.76,14.03,4.0,S3,26.76,14.03,4.0,S3,26.76,14.03,3.94,S3,7.361,0,S3,site_s3,S3,S3,S3,168.5,0.0,0.0,181.0,1,1,1,,,0,0.0,0.0,0.0,0.0,0.0,,279.0,,0
1786377741.436,c2,reserve,,0.0,26.34,13.67,3.48,S3,0,,0,36.0,obs,339,26.34,13.67,3.65,S3,26.34,13.67,3.65,S3,26.34,13.67,3.48,S3,7.361,0,S3,site_s3,S3,S3,S3,85.0,0.0,0.0,204.6,1,1,1,,,0,0.0,0.0,0.0,0.0,0.0,,279.0,,0
1786377741.436,c2,search,,0.0,31.1,20.71,10.88,S3,0,,0,4474.0,obs,509,31.1,20.71,10.98,S3,31.1,20.71,10.98,S3,31.1,20.71,10.88,S3,7.361,0,S3,site_s3,S3,S3,S3,127.0,0.0,0.0,331.6,1,1,1,,,0,0.0,0.0,0.0,0.0,0.0,,279.0,,0
1786377741.436,c2,recommend,,0.0,26.76,14.03,3.94,S3,0,,0,200.0,obs,674,26.76,14.03,4.0,S3,26.76,14.03,4.0,S3,26.76,14.03,3.94,S3,7.361,0,S3,site_s3,S3,S3,S3,168.5,0.0,0.0,361.6,1,1,1,,,0,0.0,0.0,0.0,0.0,0.0,,279.0,,0
1786377742.436,c1,reserve,,0.0,26.34,13.67,3.48,S3,0,,0,36.0,obs,344,26.34,13.67,3.65,S3,26.34,13.67,3.65,S3,26.34,13.67,3.48,S3,7.681,0,S3,site_s3,S3,S3,S3,86.0,0.0,0.0,23.9,1,1,1,,,0,0.0,0.0,0.0,0.0,0.0,,279.0,,0
1786377742.436,c1,search,,0.0,31.1,20.71,10.87,S3,0,,0,4474.0,obs,505,31.1,20.71,10.98,S3,31.1,20.71,10.98,S3,31.1,20.71,10.87,S3,7.681,0,S3,site_s3,S3,S3,S3,126.0,0.0,0.0,149.9,1,1,1,,,0,0.0,0.0,0.0,0.0,0.0,,279.0,,0
1786377742.436,c1,recommend,,0.0,26.76,14.03,3.9,S3,0,,0,200.0,obs,675,26.76,14.03,4.0,S3,26.76,14.03,4.0,S3,26.76,14.03,3.9,S3,7.681,0,S3,site_s3,S3,S3,S3,168.5,0.0,0.0,179.9,1,1,1,,,0,0.0,0.0,0.0,0.0,0.0,,279.0,,0
1786377742.436,c2,reserve,,0.0,26.34,13.67,3.48,S3,0,,0,36.0,obs,344,26.34,13.67,3.65,S3,26.34,13.67,3.65,S3,26.34,13.67,3.48,S3,7.681,0,S3,site_s3,S3,S3,S3,86.0,0.0,0.0,203.8,1,1,1,,,0,0.0,0.0,0.0,0.0,0.0,,279.0,,0
1786377742.436,c2,search,,0.0,31.1,20.71,10.87,S3,0,,0,4474.0,obs,505,31.1,20.71,10.98,S3,31.1,20.71,10.98,S3,31.1,20.71,10.87,S3,7.681,0,S3,site_s3,S3,S3,S3,126.5,0.0,0.0,330.3,1,1,1,,,0,0.0,0.0,0.0,0.0,0.0,,279.0,,0
1786377742.436,c2,recommend,,0.0,26.76,14.03,3.9,S3,0,,0,200.0,obs,675,26.76,14.03,4.0,S3,26.76,14.03,4.0,S3,26.76,14.03,3.9,S3,7.681,0,S3,site_s3,S3,S3,S3,169.0,0.0,0.0,360.4,1,1,1,,,0,0.0,0.0,0.0,0.0,0.0,,279.0,,0
1786377743.436,c1,reserve,,0.0,26.34,13.67,3.59,S3,0,,0,36.0,obs,338,26.34,13.67,3.65,S3,26.34,13.67,3.65,S3,26.34,13.67,3.59,S3,7.463,0,S3,site_s3,S3,S3,S3,84.5,0.0,0.0,23.5,1,1,1,,,0,0.0,0.0,0.0,0.0,0.0,,279.0,,0
1786377743.436,c1,search,,0.0,31.1,20.71,10.87,S3,0,,0,4474.0,obs,506,31.1,20.71,10.98,S3,31.1,20.71,10.98,S3,31.1,20.71,10.87,S3,7.463,0,S3,site_s3,S3,S3,S3,126.5,0.0,0.0,150.0,1,1,1,,,0,0.0,0.0,0.0,0.0,0.0,,279.0,,0
1786377743.436,c1,recommend,,0.0,26.76,14.03,3.92,S3,0,,0,200.0,obs,680,26.76,14.03,4.0,S3,26.76,14.03,4.0,S3,26.76,14.03,3.92,S3,7.463,0,S3,site_s3,S3,S3,S3,170.0,0.0,0.0,180.3,1,1,1,,,0,0.0,0.0,0.0,0.0,0.0,,279.0,,0
1786377743.436,c2,reserve,,0.0,26.34,13.67,3.59,S3,0,,0,36.0,obs,338,26.34,13.67,3.65,S3,26.34,13.67,3.65,S3,26.34,13.67,3.59,S3,7.463,0,S3,site_s3,S3,S3,S3,84.5,0.0,0.0,203.7,1,1,1,,,0,0.0,0.0,0.0,0.0,0.0,,279.0,,0
1786377743.436,c2,search,,0.0,31.1,20.71,10.87,S3,0,,0,4474.0,obs,506,31.1,20.71,10.98,S3,31.1,20.71,10.98,S3,31.1,20.71,10.87,S3,7.463,0,S3,site_s3,S3,S3,S3,126.5,0.0,0.0,330.2,1,1,1,,,0,0.0,0.0,0.0,0.0,0.0,,279.0,,0
1786377743.436,c2,recommend,,0.0,26.76,14.03,3.92,S3,0,,0,200.0,obs,680,26.76,14.03,4.0,S3,26.76,14.03,4.0,S3,26.76,14.03,3.92,S3,7.463,0,S3,site_s3,S3,S3,S3,170.0,0.0,0.0,360.5,1,1,1,,,0,0.0,0.0,0.0,0.0,0.0,,279.0,,0
1786377744.436,c1,reserve,,0.0,26.34,13.67,3.64,S3,0,,0,36.0,obs,336,26.34,13.67,3.65,S3,26.34,13.67,3.65,S3,26.34,13.67,3.64,S3,7.811,0,S3,site_s3,S3,S3,S3,84.0,0.0,0.0,23.4,1,1,1,,,0,0.0,0.0,0.0,0.0,0.0,,279.0,,0
1786377744.436,c1,search,,0.0,31.1,20.71,10.9,S3,0,,0,4474.0,obs,508,31.1,20.71,10.98,S3,31.1,20.71,10.98,S3,31.1,20.71,10.9,S3,7.811,0,S3,site_s3,S3,S3,S3,127.0,0.0,0.0,150.4,1,1,1,,,0,0.0,0.0,0.0,0.0,0.0,,279.0,,0
1786377744.436,c1,recommend,,0.0,26.76,14.03,3.9,S3,0,,0,200.0,obs,681,26.76,14.03,4.0,S3,26.76,14.03,4.0,S3,26.76,14.03,3.9,S3,7.811,0,S3,site_s3,S3,S3,S3,170.0,0.0,0.0,180.6,1,1,1,,,0,0.0,0.0,0.0,0.0,0.0,,279.0,,0
1786377744.436,c2,reserve,,0.0,26.34,13.67,3.64,S3,0,,0,36.0,obs,336,26.34,13.67,3.65,S3,26.34,13.67,3.65,S3,26.34,13.67,3.64,S3,7.811,0,S3,site_s3,S3,S3,S3,84.0,0.0,0.0,204.0,1,1,1,,,0,0.0,0.0,0.0,0.0,0.0,,279.0,,0
1786377744.436,c2,search,,0.0,31.1,20.71,10.9,S3,0,,0,4474.0,obs,508,31.1,20.71,10.98,S3,31.1,20.71,10.98,S3,31.1,20.71,10.9,S3,7.811,0,S3,site_s3,S3,S3,S3,127.0,0.0,0.0,331.0,1,1,1,,,0,0.0,0.0,0.0,0.0,0.0,,279.0,,0
1786377744.436,c2,recommend,,0.0,26.76,14.03,3.9,S3,0,,0,200.0,obs,681,26.76,14.03,4.0,S3,26.76,14.03,4.0,S3,26.76,14.03,3.9,S3,7.811,0,S3,site_s3,S3,S3,S3,170.5,0.0,0.0,361.3,1,1,1,,,0,0.0,0.0,0.0,0.0,0.0,,279.0,,0
1786377745.437,c1,reserve,,0.0,26.34,13.67,3.53,S3,0,,0,36.0,obs,337,26.34,13.67,3.65,S3,26.34,13.67,3.65,S3,26.34,13.67,3.53,S3,7.953,0,S3,site_s3,S3,S3,S3,84.0,0.0,0.0,23.4,1,1,1,,,0,0.0,0.0,0.0,0.0,0.0,,279.0,,0
1786377745.437,c1,search,,0.0,31.1,20.71,10.92,S3,0,,0,4474.0,obs,511,31.1,20.71,10.98,S3,31.1,20.71,10.98,S3,31.1,20.71,10.92,S3,7.953,0,S3,site_s3,S3,S3,S3,127.5,0.0,0.0,150.9,1,1,1,,,0,0.0,0.0,0.0,0.0,0.0,,279.0,,0
1786377745.437,c1,recommend,,0.0,26.76,14.03,3.93,S3,0,,0,200.0,obs,678,26.76,14.03,4.0,S3,26.76,14.03,4.0,S3,26.76,14.03,3.93,S3,7.953,0,S3,site_s3,S3,S3,S3,170.0,0.0,0.0,181.1,1,1,1,,,0,0.0,0.0,0.0,0.0,0.0,,279.0,,0
1786377745.437,c2,reserve,,0.0,26.34,13.67,3.53,S3,0,,0,36.0,obs,337,26.34,13.67,3.65,S3,26.34,13.67,3.65,S3,26.34,13.67,3.53,S3,7.953,0,S3,site_s3,S3,S3,S3,84.5,0.0,0.0,204.6,1,1,1,,,0,0.0,0.0,0.0,0.0,0.0,,279.0,,0
1786377745.437,c2,search,,0.0,31.1,20.71,10.92,S3,0,,0,4474.0,obs,511,31.1,20.71,10.98,S3,31.1,20.71,10.98,S3,31.1,20.71,10.92,S3,7.953,0,S3,site_s3,S3,S3,S3,128.0,0.0,0.0,332.6,1,1,1,,,0,0.0,0.0,0.0,0.0,0.0,,279.0,,0
1786377745.437,c2,recommend,,0.0,26.76,14.03,3.93,S3,0,,0,200.0,obs,678,26.76,14.03,4.0,S3,26.76,14.03,4.0,S3,26.76,14.03,3.93,S3,7.953,0,S3,site_s3,S3,S3,S3,169.0,0.0,0.0,362.7,1,1,1,,,0,0.0,0.0,0.0,0.0,0.0,,279.0,,0
1786377746.437,c1,reserve,,0.0,26.34,13.67,3.46,S3,0,,0,36.0,obs,342,26.34,13.67,3.65,S3,26.34,13.67,3.65,S3,26.34,13.67,3.46,S3,7.886,0,S3,site_s3,S3,S3,S3,85.5,0.0,0.0,23.8,1,1,1,,,0,0.0,0.0,0.0,0.0,0.0,,279.0,,0
1786377746.437,c1,search,,0.0,31.1,20.71,10.94,S3,0,,0,4474.0,obs,511,31.1,20.71,10.98,S3,31.1,20.71,10.98,S3,31.1,20.71,10.94,S3,7.886,0,S3,site_s3,S3,S3,S3,128.0,0.0,0.0,151.8,1,1,1,,,0,0.0,0.0,0.0,0.0,0.0,,279.0,,0
1786377746.437,c1,recommend,,0.0,26.76,14.03,4.0,S3,0,,0,200.0,obs,675,26.76,14.03,4.0,S3,26.76,14.03,4.0,S3,26.76,14.03,4.0,S3,7.886,0,S3,site_s3,S3,S3,S3,168.5,0.0,0.0,181.8,1,1,1,,,0,0.0,0.0,0.0,0.0,0.0,,279.0,,0
1786377746.437,c2,reserve,,0.0,26.34,13.67,3.46,S3,0,,0,36.0,obs,342,26.34,13.67,3.65,S3,26.34,13.67,3.65,S3,26.34,13.67,3.46,S3,7.886,0,S3,site_s3,S3,S3,S3,85.5,0.0,0.0,205.5,1,1,1,,,0,0.0,0.0,0.0,0.0,0.0,,279.0,,0
1786377746.437,c2,search,,0.0,31.1,20.71,10.94,S3,0,,0,4474.0,obs,511,31.1,20.71,10.98,S3,31.1,20.71,10.98,S3,31.1,20.71,10.94,S3,7.886,0,S3,site_s3,S3,S3,S3,127.5,0.0,0.0,333.0,1,1,1,,,0,0.0,0.0,0.0,0.0,0.0,,279.0,,0
1786377746.437,c2,recommend,,0.0,26.76,14.03,4.0,S3,0,,0,200.0,obs,675,26.76,14.03,4.0,S3,26.76,14.03,4.0,S3,26.76,14.03,4.0,S3,7.886,0,S3,site_s3,S3,S3,S3,169.0,0.0,0.0,363.1,1,1,1,,,0,0.0,0.0,0.0,0.0,0.0,,279.0,,0
1786377747.437,c1,reserve,,0.0,26.34,13.67,3.48,S3,0,,0,36.0,obs,342,26.34,13.67,3.65,S3,26.34,13.67,3.65,S3,26.34,13.67,3.48,S3,8.111,0,S3,site_s3,S3,S3,S3,85.5,0.0,0.0,23.8,1,1,1,,,0,0.0,0.0,0.0,0.0,0.0,,279.0,,0
1786377747.437,c1,search,,0.0,31.1,20.71,10.85,S3,0,,0,4474.0,obs,506,31.1,20.71,10.98,S3,31.1,20.71,10.98,S3,31.1,20.71,10.85,S3,8.111,0,S3,site_s3,S3,S3,S3,126.5,0.0,0.0,150.3,1,1,1,,,0,0.0,0.0,0.0,0.0,0.0,,279.0,,0
1786377747.437,c1,recommend,,0.0,26.76,14.03,3.91,S3,0,,0,200.0,obs,680,26.76,14.03,4.0,S3,26.76,14.03,4.0,S3,26.76,14.03,3.91,S3,8.111,0,S3,site_s3,S3,S3,S3,170.0,0.0,0.0,180.5,1,1,1,,,0,0.0,0.0,0.0,0.0,0.0,,279.0,,0
1786377747.437,c2,reserve,,0.0,26.34,13.67,3.48,S3,0,,0,36.0,obs,342,26.34,13.67,3.65,S3,26.34,13.67,3.65,S3,26.34,13.67,3.48,S3,8.111,0,S3,site_s3,S3,S3,S3,85.5,0.0,0.0,204.3,1,1,1,,,0,0.0,0.0,0.0,0.0,0.0,,279.0,,0
1786377747.437,c2,search,,0.0,31.1,20.71,10.85,S3,0,,0,4474.0,obs,506,31.1,20.71,10.98,S3,31.1,20.71,10.98,S3,31.1,20.71,10.85,S3,8.111,0,S3,site_s3,S3,S3,S3,126.5,0.0,0.0,330.8,1,1,1,,,0,0.0,0.0,0.0,0.0,0.0,,279.0,,0
1786377747.437,c2,recommend,,0.0,26.76,14.03,3.91,S3,0,,0,200.0,obs,680,26.76,14.03,4.0,S3,26.76,14.03,4.0,S3,26.76,14.03,3.91,S3,8.111,0,S3,site_s3,S3,S3,S3,170.0,0.0,0.0,361.1,1,1,1,,,0,0.0,0.0,0.0,0.0,0.0,,279.0,,0
1786377748.436,c1,reserve,,0.0,26.34,13.67,3.57,S3,0,,0,36.0,obs,338,26.34,13.67,3.65,S3,26.34,13.67,3.65,S3,26.34,13.67,3.57,S3,7.789,0,S3,site_s3,S3,S3,S3,84.5,0.0,0.0,23.5,1,1,1,,,0,0.0,0.0,0.0,0.0,0.0,,279.0,,0
1786377748.436,c1,search,,0.0,31.1,20.71,10.9,S3,0,,0,4474.0,obs,509,31.1,20.71,10.98,S3,31.1,20.71,10.98,S3,31.1,20.71,10.9,S3,7.789,0,S3,site_s3,S3,S3,S3,127.0,0.0,0.0,150.5,1,1,1,,,0,0.0,0.0,0.0,0.0,0.0,,279.0,,0
1786377748.436,c1,recommend,,0.0,26.76,14.03,3.88,S3,0,,0,200.0,obs,682,26.76,14.03,4.0,S3,26.76,14.03,4.0,S3,26.76,14.03,3.88,S3,7.789,0,S3,site_s3,S3,S3,S3,170.5,0.0,0.0,180.8,1,1,1,,,0,0.0,0.0,0.0,0.0,0.0,,279.0,,0
1786377748.436,c2,reserve,,0.0,26.34,13.67,3.57,S3,0,,0,36.0,obs,338,26.34,13.67,3.65,S3,26.34,13.67,3.65,S3,26.34,13.67,3.57,S3,7.789,0,S3,site_s3,S3,S3,S3,84.5,0.0,0.0,204.3,1,1,1,,,0,0.0,0.0,0.0,0.0,0.0,,279.0,,0
1786377748.436,c2,search,,0.0,31.1,20.71,10.9,S3,0,,0,4474.0,obs,509,31.1,20.71,10.98,S3,31.1,20.71,10.98,S3,31.1,20.71,10.9,S3,7.789,0,S3,site_s3,S3,S3,S3,127.5,0.0,0.0,331.8,1,1,1,,,0,0.0,0.0,0.0,0.0,0.0,,279.0,,0
1786377748.436,c2,recommend,,0.0,26.76,14.03,3.88,S3,0,,0,200.0,obs,682,26.76,14.03,4.0,S3,26.76,14.03,4.0,S3,26.76,14.03,3.88,S3,7.789,0,S3,site_s3,S3,S3,S3,170.5,0.0,0.0,362.2,1,1,1,,,0,0.0,0.0,0.0,0.0,0.0,,279.0,,0
1786377749.436,c1,reserve,,0.0,26.34,13.67,3.59,S3,0,,0,36.0,obs,338,26.34,13.67,3.65,S3,26.34,13.67,3.65,S3,26.34,13.67,3.59,S3,7.643,0,S3,site_s3,S3,S3,S3,84.5,0.0,0.0,23.5,1,1,1,,,0,0.0,0.0,0.0,0.0,0.0,,279.0,,0
1786377749.436,c1,search,,0.0,31.1,20.71,10.98,S3,0,,0,4474.0,obs,510,31.1,20.71,10.98,S3,31.1,20.71,10.98,S3,31.1,20.71,10.98,S3,7.643,0,S3,site_s3,S3,S3,S3,127.5,0.0,0.0,151.0,1,1,1,,,0,0.0,0.0,0.0,0.0,0.0,,279.0,,0
1786377749.436,c1,recommend,,0.0,26.76,14.03,3.89,S3,0,,0,200.0,obs,683,26.76,14.03,4.0,S3,26.76,14.03,4.0,S3,26.76,14.03,3.89,S3,7.643,0,S3,site_s3,S3,S3,S3,171.0,0.0,0.0,181.4,1,1,1,,,0,0.0,0.0,0.0,0.0,0.0,,279.0,,0
1786377749.436,c2,reserve,,0.0,26.34,13.67,3.59,S3,0,,0,36.0,obs,338,26.34,13.67,3.65,S3,26.34,13.67,3.65,S3,26.34,13.67,3.59,S3,7.643,0,S3,site_s3,S3,S3,S3,84.5,0.0,0.0,204.9,1,1,1,,,0,0.0,0.0,0.0,0.0,0.0,,279.0,,0
1786377749.436,c2,search,,0.0,31.1,20.71,10.98,S3,0,,0,4474.0,obs,510,31.1,20.71,10.98,S3,31.1,20.71,10.98,S3,31.1,20.71,10.98,S3,7.643,0,S3,site_s3,S3,S3,S3,127.5,0.0,0.0,332.4,1,1,1,,,0,0.0,0.0,0.0,0.0,0.0,,279.0,,0
1786377749.436,c2,recommend,,0.0,26.76,14.03,3.89,S3,0,,0,200.0,obs,683,26.76,14.03,4.0,S3,26.76,14.03,4.0,S3,26.76,14.03,3.89,S3,7.643,0,S3,site_s3,S3,S3,S3,170.5,0.0,0.0,362.8,1,1,1,,,0,0.0,0.0,0.0,0.0,0.0,,279.0,,0
1786377750.436,c1,reserve,,0.0,26.34,13.67,3.68,S3,0,,0,36.0,obs,340,26.34,13.67,3.65,S3,26.34,13.67,3.65,S3,26.34,13.67,3.68,S3,7.532,0,S3,site_s3,S3,S3,S3,85.0,0.0,0.0,23.6,1,1,1,,,0,0.0,0.0,0.0,0.0,0.0,,279.0,,0
1786377750.436,c1,search,,0.0,31.1,20.71,10.86,S3,0,,0,4474.0,obs,512,31.1,20.71,10.98,S3,31.1,20.71,10.98,S3,31.1,20.71,10.86,S3,7.532,0,S3,site_s3,S3,S3,S3,128.0,0.0,0.0,151.6,1,1,1,,,0,0.0,0.0,0.0,0.0,0.0,,279.0,,0
1786377750.436,c1,recommend,,0.0,26.76,14.03,3.95,S3,0,,0,200.0,obs,679,26.76,14.03,4.0,S3,26.76,14.03,4.0,S3,26.76,14.03,3.95,S3,7.532,0,S3,site_s3,S3,S3,S3,169.5,0.0,0.0,181.8,1,1,1,,,0,0.0,0.0,0.0,0.0,0.0,,279.0,,0
1786377750.436,c2,reserve,,0.0,26.34,13.67,3.68,S3,0,,0,36.0,obs,340,26.34,13.67,3.65,S3,26.34,13.67,3.65,S3,26.34,13.67,3.68,S3,7.532,0,S3,site_s3,S3,S3,S3,85.0,0.0,0.0,205.4,1,1,1,,,0,0.0,0.0,0.0,0.0,0.0,,279.0,,0
1786377750.436,c2,search,,0.0,31.1,20.71,10.86,S3,0,,0,4474.0,obs,512,31.1,20.71,10.98,S3,31.1,20.71,10.98,S3,31.1,20.71,10.86,S3,7.532,0,S3,site_s3,S3,S3,S3,128.0,0.0,0.0,333.4,1,1,1,,,0,0.0,0.0,0.0,0.0,0.0,,279.0,,0
1786377750.436,c2,recommend,,0.0,26.76,14.03,3.95,S3,0,,0,200.0,obs,679,26.76,14.03,4.0,S3,26.76,14.03,4.0,S3,26.76,14.03,3.95,S3,7.532,0,S3,site_s3,S3,S3,S3,170.0,0.0,0.0,363.7,1,1,1,,,0,0.0,0.0,0.0,0.0,0.0,,279.0,,0
1786377751.436,c1,reserve,,0.0,26.34,13.67,3.5,S3,0,,0,36.0,obs,344,26.34,13.67,3.65,S3,26.34,13.67,3.65,S3,26.34,13.67,3.5,S3,7.574,0,S3,site_s3,S3,S3,S3,86.0,0.0,0.0,23.9,1,1,1,,,0,0.0,0.0,0.0,0.0,0.0,,279.0,,0
1786377751.436,c1,search,,0.0,31.1,20.71,10.82,S3,0,,0,4474.0,obs,508,31.1,20.71,10.98,S3,31.1,20.71,10.98,S3,31.1,20.71,10.82,S3,7.574,0,S3,site_s3,S3,S3,S3,127.0,0.0,0.0,150.9,1,1,1,,,0,0.0,0.0,0.0,0.0,0.0,,279.0,,0
1786377751.436,c1,recommend,,0.0,26.76,14.03,3.88,S3,0,,0,200.0,obs,680,26.76,14.03,4.0,S3,26.76,14.03,4.0,S3,26.76,14.03,3.88,S3,7.574,0,S3,site_s3,S3,S3,S3,170.5,0.0,0.0,181.3,1,1,1,,,0,0.0,0.0,0.0,0.0,0.0,,279.0,,0
1786377751.436,c2,reserve,,0.0,26.34,13.67,3.5,S3,0,,0,36.0,obs,344,26.34,13.67,3.65,S3,26.34,13.67,3.65,S3,26.34,13.67,3.5,S3,7.574,0,S3,site_s3,S3,S3,S3,86.0,0.0,0.0,205.2,1,1,1,,,0,0.0,0.0,0.0,0.0,0.0,,279.0,,0
1786377751.436,c2,search,,0.0,31.1,20.71,10.82,S3,0,,0,4474.0,obs,508,31.1,20.71,10.98,S3,31.1,20.71,10.98,S3,31.1,20.71,10.82,S3,7.574,0,S3,site_s3,S3,S3,S3,127.0,0.0,0.0,332.2,1,1,1,,,0,0.0,0.0,0.0,0.0,0.0,,279.0,,0
1786377751.436,c2,recommend,,0.0,26.76,14.03,3.88,S3,0,,0,200.0,obs,680,26.76,14.03,4.0,S3,26.76,14.03,4.0,S3,26.76,14.03,3.88,S3,7.574,0,S3,site_s3,S3,S3,S3,169.5,0.0,0.0,362.3,1,1,1,,,0,0.0,0.0,0.0,0.0,0.0,,279.0,,0
1786377752.436,c1,reserve,,0.0,26.34,13.67,3.5,S3,0,,0,36.0,obs,340,26.34,13.67,3.65,S3,26.34,13.67,3.65,S3,26.34,13.67,3.5,S3,7.665,0,S3,site_s3,S3,S3,S3,85.0,0.0,0.0,23.6,1,1,1,,,0,0.0,0.0,0.0,0.0,0.0,,279.0,,0
1786377752.436,c1,search,,0.0,31.1,20.71,10.82,S3,0,,0,4474.0,obs,509,31.1,20.71,10.98,S3,31.1,20.71,10.98,S3,31.1,20.71,10.82,S3,7.665,0,S3,site_s3,S3,S3,S3,127.0,0.0,0.0,150.6,1,1,1,,,0,0.0,0.0,0.0,0.0,0.0,,279.0,,0
1786377752.436,c1,recommend,,0.0,26.76,14.03,3.88,S3,0,,0,200.0,obs,685,26.76,14.03,4.0,S3,26.76,14.03,4.0,S3,26.76,14.03,3.88,S3,7.665,0,S3,site_s3,S3,S3,S3,171.5,0.0,0.0,181.2,1,1,1,,,0,0.0,0.0,0.0,0.0,0.0,,279.0,,0
1786377752.436,c2,reserve,,0.0,26.34,13.67,3.5,S3,0,,0,36.0,obs,340,26.34,13.67,3.65,S3,26.34,13.67,3.65,S3,26.34,13.67,3.5,S3,7.665,0,S3,site_s3,S3,S3,S3,85.0,0.0,0.0,204.8,1,1,1,,,0,0.0,0.0,0.0,0.0,0.0,,279.0,,0
1786377752.436,c2,search,,0.0,31.1,20.71,10.82,S3,0,,0,4474.0,obs,509,31.1,20.71,10.98,S3,31.1,20.71,10.98,S3,31.1,20.71,10.82,S3,7.665,0,S3,site_s3,S3,S3,S3,127.5,0.0,0.0,332.3,1,1,1,,,0,0.0,0.0,0.0,0.0,0.0,,279.0,,0
1786377752.436,c2,recommend,,0.0,26.76,14.03,3.88,S3,0,,0,200.0,obs,685,26.76,14.03,4.0,S3,26.76,14.03,4.0,S3,26.76,14.03,3.88,S3,7.665,0,S3,site_s3,S3,S3,S3,171.0,0.0,0.0,362.7,1,1,1,,,0,0.0,0.0,0.0,0.0,0.0,,279.0,,0
1786377753.436,c1,reserve,,0.0,26.34,13.67,3.44,S3,0,,0,36.0,obs,340,26.34,13.67,3.65,S3,26.34,13.67,3.65,S3,26.34,13.67,3.44,S3,7.365,0,S3,site_s3,S3,S3,S3,85.0,0.0,0.0,23.6,1,1,1,,,0,0.0,0.0,0.0,0.0,0.0,,279.0,,0
1786377753.436,c1,search,,0.0,31.1,20.71,10.91,S3,0,,0,4474.0,obs,511,31.1,20.71,10.98,S3,31.1,20.71,10.98,S3,31.1,20.71,10.91,S3,7.365,0,S3,site_s3,S3,S3,S3,128.0,0.0,0.0,151.6,1,1,1,,,0,0.0,0.0,0.0,0.0,0.0,,279.0,,0
1786377753.436,c1,recommend,,0.0,26.76,14.03,3.91,S3,0,,0,200.0,obs,684,26.76,14.03,4.0,S3,26.76,14.03,4.0,S3,26.76,14.03,3.91,S3,7.365,0,S3,site_s3,S3,S3,S3,171.0,0.0,0.0,182.1,1,1,1,,,0,0.0,0.0,0.0,0.0,0.0,,279.0,,0
1786377753.436,c2,reserve,,0.0,26.34,13.67,3.44,S3,0,,0,36.0,obs,340,26.34,13.67,3.65,S3,26.34,13.67,3.65,S3,26.34,13.67,3.44,S3,7.365,0,S3,site_s3,S3,S3,S3,85.0,0.0,0.0,205.7,1,1,1,,,0,0.0,0.0,0.0,0.0,0.0,,279.0,,0
1786377753.436,c2,search,,0.0,31.1,20.71,10.91,S3,0,,0,4474.0,obs,511,31.1,20.71,10.98,S3,31.1,20.71,10.98,S3,31.1,20.71,10.91,S3,7.365,0,S3,site_s3,S3,S3,S3,127.5,0.0,0.0,333.2,1,1,1,,,0,0.0,0.0,0.0,0.0,0.0,,279.0,,0
1786377753.436,c2,recommend,,0.0,26.76,14.03,3.91,S3,0,,0,200.0,obs,684,26.76,14.03,4.0,S3,26.76,14.03,4.0,S3,26.76,14.03,3.91,S3,7.365,0,S3,site_s3,S3,S3,S3,171.0,0.0,0.0,363.6,1,1,1,,,0,0.0,0.0,0.0,0.0,0.0,,279.0,,0
1786377754.436,c1,reserve,,0.0,26.34,13.67,3.55,S3,0,,0,36.0,obs,340,26.34,13.67,3.65,S3,26.34,13.67,3.65,S3,26.34,13.67,3.55,S3,7.393,0,S3,site_s3,S3,S3,S3,85.0,0.0,0.0,23.6,1,1,1,,,0,0.0,0.0,0.0,0.0,0.0,,279.0,,0
1786377754.436,c1,search,,0.0,31.1,20.71,10.92,S3,0,,0,4474.0,obs,514,31.1,20.71,10.98,S3,31.1,20.71,10.98,S3,31.1,20.71,10.92,S3,7.393,0,S3,site_s3,S3,S3,S3,128.5,0.0,0.0,152.1,1,1,1,,,0,0.0,0.0,0.0,0.0,0.0,,279.0,,0
1786377754.436,c1,recommend,,0.0,26.76,14.03,3.97,S3,0,,0,200.0,obs,682,26.76,14.03,4.0,S3,26.76,14.03,4.0,S3,26.76,14.03,3.97,S3,7.393,0,S3,site_s3,S3,S3,S3,170.5,0.0,0.0,182.5,1,1,1,,,0,0.0,0.0,0.0,0.0,0.0,,279.0,,0
1786377754.436,c2,reserve,,0.0,26.34,13.67,3.55,S3,0,,0,36.0,obs,340,26.34,13.67,3.65,S3,26.34,13.67,3.65,S3,26.34,13.67,3.55,S3,7.393,0,S3,site_s3,S3,S3,S3,85.0,0.0,0.0,206.1,1,1,1,,,0,0.0,0.0,0.0,0.0,0.0,,279.0,,0
1786377754.436,c2,search,,0.0,31.1,20.71,10.92,S3,0,,0,4474.0,obs,514,31.1,20.71,10.98,S3,31.1,20.71,10.98,S3,31.1,20.71,10.92,S3,7.393,0,S3,site_s3,S3,S3,S3,128.5,0.0,0.0,334.6,1,1,1,,,0,0.0,0.0,0.0,0.0,0.0,,279.0,,0
1786377754.436,c2,recommend,,0.0,26.76,14.03,3.97,S3,0,,0,200.0,obs,682,26.76,14.03,4.0,S3,26.76,14.03,4.0,S3,26.76,14.03,3.97,S3,7.393,0,S3,site_s3,S3,S3,S3,170.5,0.0,0.0,365.0,1,1,1,,,0,0.0,0.0,0.0,0.0,0.0,,279.0,,0
1786377755.436,c1,reserve,,0.0,26.34,13.67,3.66,S3,0,,0,36.0,obs,344,26.34,13.67,3.65,S3,26.34,13.67,3.65,S3,26.34,13.67,3.66,S3,7.393,0,S3,site_s3,S3,S3,S3,86.0,0.0,0.0,23.9,1,1,1,,,0,0.0,0.0,0.0,0.0,0.0,,279.0,,0
1786377755.436,c1,search,,0.0,31.1,20.71,10.85,S3,0,,0,4474.0,obs,512,31.1,20.71,10.98,S3,31.1,20.71,10.98,S3,31.1,20.71,10.85,S3,7.393,0,S3,site_s3,S3,S3,S3,128.0,0.0,0.0,151.9,1,1,1,,,0,0.0,0.0,0.0,0.0,0.0,,279.0,,0
1786377755.436,c1,recommend,,0.0,26.76,14.03,3.97,S3,0,,0,200.0,obs,680,26.76,14.03,4.0,S3,26.76,14.03,4.0,S3,26.76,14.03,3.97,S3,7.393,0,S3,site_s3,S3,S3,S3,170.0,0.0,0.0,182.2,1,1,1,,,0,0.0,0.0,0.0,0.0,0.0,,279.0,,0
1786377755.436,c2,reserve,,0.0,26.34,13.67,3.66,S3,0,,0,36.0,obs,344,26.34,13.67,3.65,S3,26.34,13.67,3.65,S3,26.34,13.67,3.66,S3,7.393,0,S3,site_s3,S3,S3,S3,86.0,0.0,0.0,206.1,1,1,1,,,0,0.0,0.0,0.0,0.0,0.0,,279.0,,0
1786377755.436,c2,search,,0.0,31.1,20.71,10.85,S3,0,,0,4474.0,obs,512,31.1,20.71,10.98,S3,31.1,20.71,10.98,S3,31.1,20.71,10.85,S3,7.393,0,S3,site_s3,S3,S3,S3,128.0,0.0,0.0,334.1,1,1,1,,,0,0.0,0.0,0.0,0.0,0.0,,279.0,,0
1786377755.436,c2,recommend,,0.0,26.76,14.03,3.97,S3,0,,0,200.0,obs,680,26.76,14.03,4.0,S3,26.76,14.03,4.0,S3,26.76,14.03,3.97,S3,7.393,0,S3,site_s3,S3,S3,S3,170.0,0.0,0.0,364.3,1,1,1,,,0,0.0,0.0,0.0,0.0,0.0,,279.0,,0
1786377756.435,c1,reserve,,0.0,26.34,13.67,3.62,S3,0,,0,36.0,obs,343,26.34,13.67,3.65,S3,26.34,13.67,3.65,S3,26.34,13.67,3.62,S3,7.348,0,S3,site_s3,S3,S3,S3,86.0,0.0,0.0,23.9,1,1,1,,,0,0.0,0.0,0.0,0.0,0.0,,279.0,,0
1786377756.435,c1,search,,0.0,31.1,20.71,10.97,S3,0,,0,4474.0,obs,510,31.1,20.71,10.98,S3,31.1,20.71,10.98,S3,31.1,20.71,10.97,S3,7.348,0,S3,site_s3,S3,S3,S3,127.5,0.0,0.0,151.4,1,1,1,,,0,0.0,0.0,0.0,0.0,0.0,,279.0,,0
1786377756.435,c1,recommend,,0.0,26.76,14.03,4.01,S3,0,,0,200.0,obs,685,26.76,14.03,4.0,S3,26.76,14.03,4.0,S3,26.76,14.03,4.01,S3,7.348,0,S3,site_s3,S3,S3,S3,171.0,0.0,0.0,181.8,1,1,1,,,0,0.0,0.0,0.0,0.0,0.0,,279.0,,0
1786377756.435,c2,reserve,,0.0,26.34,13.67,3.62,S3,0,,0,36.0,obs,343,26.34,13.67,3.65,S3,26.34,13.67,3.65,S3,26.34,13.67,3.62,S3,7.348,0,S3,site_s3,S3,S3,S3,85.5,0.0,0.0,205.6,1,1,1,,,0,0.0,0.0,0.0,0.0,0.0,,279.0,,0
1786377756.435,c2,search,,0.0,31.1,20.71,10.97,S3,0,,0,4474.0,obs,510,31.1,20.71,10.98,S3,31.1,20.71,10.98,S3,31.1,20.71,10.97,S3,7.348,0,S3,site_s3,S3,S3,S3,127.5,0.0,0.0,333.1,1,1,1,,,0,0.0,0.0,0.0,0.0,0.0,,279.0,,0
1786377756.435,c2,recommend,,0.0,26.76,14.03,4.01,S3,0,,0,200.0,obs,685,26.76,14.03,4.0,S3,26.76,14.03,4.0,S3,26.76,14.03,4.01,S3,7.348,0,S3,site_s3,S3,S3,S3,171.5,0.0,0.0,363.6,1,1,1,,,0,0.0,0.0,0.0,0.0,0.0,,279.0,,0
1786377757.436,c1,reserve,,0.0,26.34,13.67,3.59,S3,0,,0,36.0,obs,339,26.34,13.67,3.65,S3,26.34,13.67,3.65,S3,26.34,13.67,3.59,S3,7.425,0,S3,site_s3,S3,S3,S3,84.5,0.0,0.0,23.5,1,1,1,,,0,0.0,0.0,0.0,0.0,0.0,,279.0,,0
1786377757.436,c1,search,,0.0,31.1,20.71,10.85,S3,0,,0,4474.0,obs,513,31.1,20.71,10.98,S3,31.1,20.71,10.98,S3,31.1,20.71,10.85,S3,7.425,0,S3,site_s3,S3,S3,S3,128.5,0.0,0.0,152.0,1,1,1,,,0,0.0,0.0,0.0,0.0,0.0,,279.0,,0
1786377757.436,c1,recommend,,0.0,26.76,14.03,3.97,S3,0,,0,200.0,obs,686,26.76,14.03,4.0,S3,26.76,14.03,4.0,S3,26.76,14.03,3.97,S3,7.425,0,S3,site_s3,S3,S3,S3,172.0,0.0,0.0,182.6,1,1,1,,,0,0.0,0.0,0.0,0.0,0.0,,279.0,,0
1786377757.436,c2,reserve,,0.0,26.34,13.67,3.59,S3,0,,0,36.0,obs,339,26.34,13.67,3.65,S3,26.34,13.67,3.65,S3,26.34,13.67,3.59,S3,7.425,0,S3,site_s3,S3,S3,S3,85.0,0.0,0.0,206.2,1,1,1,,,0,0.0,0.0,0.0,0.0,0.0,,279.0,,0
1786377757.436,c2,search,,0.0,31.1,20.71,10.85,S3,0,,0,4474.0,obs,513,31.1,20.71,10.98,S3,31.1,20.71,10.98,S3,31.1,20.71,10.85,S3,7.425,0,S3,site_s3,S3,S3,S3,128.0,0.0,0.0,334.2,1,1,1,,,0,0.0,0.0,0.0,0.0,0.0,,279.0,,0
1786377757.436,c2,recommend,,0.0,26.76,14.03,3.97,S3,0,,0,200.0,obs,686,26.76,14.03,4.0,S3,26.76,14.03,4.0,S3,26.76,14.03,3.97,S3,7.425,0,S3,site_s3,S3,S3,S3,171.0,0.0,0.0,364.7,1,1,1,,,0,0.0,0.0,0.0,0.0,0.0,,279.0,,0
1786377758.436,c1,reserve,,0.0,26.34,13.67,3.59,S3,0,,0,36.0,obs,340,26.34,13.67,3.65,S3,26.34,13.67,3.65,S3,26.34,13.67,3.59,S3,7.394,0,S3,site_s3,S3,S3,S3,85.0,0.0,0.0,23.6,1,1,1,,,0,0.0,0.0,0.0,0.0,0.0,,279.0,,0
1786377758.436,c1,search,,0.0,31.1,20.71,10.84,S3,0,,0,4474.0,obs,512,31.1,20.71,10.98,S3,31.1,20.71,10.98,S3,31.1,20.71,10.84,S3,7.394,0,S3,site_s3,S3,S3,S3,128.0,0.0,0.0,151.6,1,1,1,,,0,0.0,0.0,0.0,0.0,0.0,,279.0,,0
1786377758.436,c1,recommend,,0.0,26.76,14.03,3.88,S3,0,,0,200.0,obs,686,26.76,14.03,4.0,S3,26.76,14.03,4.0,S3,26.76,14.03,3.88,S3,7.394,0,S3,site_s3,S3,S3,S3,171.5,0.0,0.0,182.2,1,1,1,,,0,0.0,0.0,0.0,0.0,0.0,,279.0,,0
1786377758.436,c2,reserve,,0.0,26.34,13.67,3.59,S3,0,,0,36.0,obs,340,26.34,13.67,3.65,S3,26.34,13.67,3.65,S3,26.34,13.67,3.59,S3,7.394,0,S3,site_s3,S3,S3,S3,85.0,0.0,0.0,205.8,1,1,1,,,0,0.0,0.0,0.0,0.0,0.0,,279.0,,0
1786377758.436,c2,search,,0.0,31.1,20.71,10.84,S3,0,,0,4474.0,obs,512,31.1,20.71,10.98,S3,31.1,20.71,10.98,S3,31.1,20.71,10.84,S3,7.394,0,S3,site_s3,S3,S3,S3,128.0,0.0,0.0,333.8,1,1,1,,,0,0.0,0.0,0.0,0.0,0.0,,279.0,,0
1786377758.436,c2,recommend,,0.0,26.76,14.03,3.88,S3,0,,0,200.0,obs,686,26.76,14.03,4.0,S3,26.76,14.03,4.0,S3,26.76,14.03,3.88,S3,7.394,0,S3,site_s3,S3,S3,S3,171.5,0.0,0.0,364.3,1,1,1,,,0,0.0,0.0,0.0,0.0,0.0,,279.0,,0
1786377759.436,c1,reserve,,0.0,26.34,13.67,3.57,S3,0,,0,36.0,obs,343,26.34,13.67,3.65,S3,26.34,13.67,3.65,S3,26.34,13.67,3.57,S3,7.41,0,S3,site_s3,S3,S3,S3,85.5,0.0,0.0,23.8,1,1,1,,,0,0.0,0.0,0.0,0.0,0.0,,279.0,,0
1786377759.436,c1,search,,0.0,31.1,20.71,10.84,S3,0,,0,4474.0,obs,515,31.1,20.71,10.98,S3,31.1,20.71,10.98,S3,31.1,20.71,10.84,S3,7.41,0,S3,site_s3,S3,S3,S3,129.0,0.0,0.0,152.8,1,1,1,,,0,0.0,0.0,0.0,0.0,0.0,,279.0,,0
1786377759.436,c1,recommend,,0.0,26.76,14.03,3.89,S3,0,,0,200.0,obs,682,26.76,14.03,4.0,S3,26.76,14.03,4.0,S3,26.76,14.03,3.89,S3,7.41,0,S3,site_s3,S3,S3,S3,170.5,0.0,0.0,183.1,1,1,1,,,0,0.0,0.0,0.0,0.0,0.0,,279.0,,0
1786377759.436,c2,reserve,,0.0,26.34,13.67,3.57,S3,0,,0,36.0,obs,343,26.34,13.67,3.65,S3,26.34,13.67,3.65,S3,26.34,13.67,3.57,S3,7.41,0,S3,site_s3,S3,S3,S3,86.0,0.0,0.0,207.0,1,1,1,,,0,0.0,0.0,0.0,0.0,0.0,,279.0,,0
1786377759.436,c2,search,,0.0,31.1,20.71,10.84,S3,0,,0,4474.0,obs,515,31.1,20.71,10.98,S3,31.1,20.71,10.98,S3,31.1,20.71,10.84,S3,7.41,0,S3,site_s3,S3,S3,S3,128.5,0.0,0.0,335.5,1,1,1,,,0,0.0,0.0,0.0,0.0,0.0,,279.0,,0
1786377759.436,c2,recommend,,0.0,26.76,14.03,3.89,S3,0,,0,200.0,obs,682,26.76,14.03,4.0,S3,26.76,14.03,4.0,S3,26.76,14.03,3.89,S3,7.41,0,S3,site_s3,S3,S3,S3,170.5,0.0,0.0,365.9,1,1,1,,,0,0.0,0.0,0.0,0.0,0.0,,279.0,,0
1786377760.436,c1,reserve,,0.0,26.34,13.67,3.61,S3,0,,0,36.0,obs,347,26.34,13.67,3.65,S3,26.34,13.67,3.65,S3,26.34,13.67,3.61,S3,7.423,0,S3,site_s3,S3,S3,S3,87.0,0.0,0.0,24.2,1,1,1,,,0,0.0,0.0,0.0,0.0,0.0,,279.0,,0
1786377760.436,c1,search,,0.0,31.1,20.71,10.84,S3,0,,0,4474.0,obs,511,31.1,20.71,10.98,S3,31.1,20.71,10.98,S3,31.1,20.71,10.84,S3,7.423,0,S3,site_s3,S3,S3,S3,127.5,0.0,0.0,151.7,1,1,1,,,0,0.0,0.0,0.0,0.0,0.0,,279.0,,0
1786377760.436,c1,recommend,,0.0,26.76,14.03,3.91,S3,0,,0,200.0,obs,684,26.76,14.03,4.0,S3,26.76,14.03,4.0,S3,26.76,14.03,3.91,S3,7.423,0,S3,site_s3,S3,S3,S3,171.0,0.0,0.0,182.1,1,1,1,,,0,0.0,0.0,0.0,0.0,0.0,,279.0,,0
1786377760.436,c2,reserve,,0.0,26.34,13.67,3.61,S3,0,,0,36.0,obs,347,26.34,13.67,3.65,S3,26.34,13.67,3.65,S3,26.34,13.67,3.61,S3,7.423,0,S3,site_s3,S3,S3,S3,86.5,0.0,0.0,206.2,1,1,1,,,0,0.0,0.0,0.0,0.0,0.0,,279.0,,0
1786377760.436,c2,search,,0.0,31.1,20.71,10.84,S3,0,,0,4474.0,obs,511,31.1,20.71,10.98,S3,31.1,20.71,10.98,S3,31.1,20.71,10.84,S3,7.423,0,S3,site_s3,S3,S3,S3,128.0,0.0,0.0,334.2,1,1,1,,,0,0.0,0.0,0.0,0.0,0.0,,279.0,,0
1786377760.436,c2,recommend,,0.0,26.76,14.03,3.91,S3,0,,0,200.0,obs,684,26.76,14.03,4.0,S3,26.76,14.03,4.0,S3,26.76,14.03,3.91,S3,7.423,0,S3,site_s3,S3,S3,S3,171.0,0.0,0.0,364.6,1,1,1,,,0,0.0,0.0,0.0,0.0,0.0,,279.0,,0
1786377761.436,c1,reserve,,0.0,26.34,13.67,3.53,S3,0,,0,36.0,obs,342,26.34,13.67,3.65,S3,26.34,13.67,3.65,S3,26.34,13.67,3.53,S3,7.376,0,S3,site_s3,S3,S3,S3,85.5,0.0,0.0,23.8,1,1,1,,,0,0.0,0.0,0.0,0.0,0.0,,279.0,,0
1786377761.436,c1,search,,0.0,31.1,20.71,10.96,S3,0,,0,4474.0,obs,512,31.1,20.71,10.98,S3,31.1,20.71,10.98,S3,31.1,20.71,10.96,S3,7.376,0,S3,site_s3,S3,S3,S3,128.0,0.0,0.0,151.8,1,1,1,,,0,0.0,0.0,0.0,0.0,0.0,,279.0,,0
1786377761.436,c1,recommend,,0.0,26.76,14.03,3.89,S3,0,,0,200.0,obs,688,26.76,14.03,4.0,S3,26.76,14.03,4.0,S3,26.76,14.03,3.89,S3,7.376,0,S3,site_s3,S3,S3,S3,172.0,0.0,0.0,182.4,1,1,1,,,0,0.0,0.0,0.0,0.0,0.0,,279.0,,0
1786377761.436,c2,reserve,,0.0,26.34,13.67,3.53,S3,0,,0,36.0,obs,342,26.34,13.67,3.65,S3,26.34,13.67,3.65,S3,26.34,13.67,3.53,S3,7.376,0,S3,site_s3,S3,S3,S3,85.5,0.0,0.0,206.2,1,1,1,,,0,0.0,0.0,0.0,0.0,0.0,,279.0,,0
1786377761.436,c2,search,,0.0,31.1,20.71,10.96,S3,0,,0,4474.0,obs,512,31.1,20.71,10.98,S3,31.1,20.71,10.98,S3,31.1,20.71,10.96,S3,7.376,0,S3,site_s3,S3,S3,S3,128.0,0.0,0.0,334.2,1,1,1,,,0,0.0,0.0,0.0,0.0,0.0,,279.0,,0
1786377761.436,c2,recommend,,0.0,26.76,14.03,3.89,S3,0,,0,200.0,obs,688,26.76,14.03,4.0,S3,26.76,14.03,4.0,S3,26.76,14.03,3.89,S3,7.376,0,S3,site_s3,S3,S3,S3,172.0,0.0,0.0,364.8,1,1,1,,,0,0.0,0.0,0.0,0.0,0.0,,279.0,,0
1786377762.435,c1,reserve,,0.0,26.34,13.67,3.55,S3,0,,0,36.0,obs,341,26.34,13.67,3.65,S3,26.34,13.67,3.65,S3,26.34,13.67,3.55,S3,7.345,0,S3,site_s3,S3,S3,S3,85.5,0.0,0.0,23.8,1,1,1,,,0,0.0,0.0,0.0,0.0,0.0,,279.0,,0
1786377762.435,c1,search,,0.0,31.1,20.71,10.88,S3,0,,0,4474.0,obs,514,31.1,20.71,10.98,S3,31.1,20.71,10.98,S3,31.1,20.71,10.88,S3,7.345,0,S3,site_s3,S3,S3,S3,128.5,0.0,0.0,152.3,1,1,1,,,0,0.0,0.0,0.0,0.0,0.0,,279.0,,0
1786377762.435,c1,recommend,,0.0,26.76,14.03,3.98,S3,0,,0,200.0,obs,689,26.76,14.03,4.0,S3,26.76,14.03,4.0,S3,26.76,14.03,3.98,S3,7.345,0,S3,site_s3,S3,S3,S3,172.0,0.0,0.0,182.9,1,1,1,,,0,0.0,0.0,0.0,0.0,0.0,,279.0,,0
1786377762.435,c2,reserve,,0.0,26.34,13.67,3.55,S3,0,,0,36.0,obs,341,26.34,13.67,3.65,S3,26.34,13.67,3.65,S3,26.34,13.67,3.55,S3,7.345,0,S3,site_s3,S3,S3,S3,85.0,0.0,0.0,206.5,1,1,1,,,0,0.0,0.0,0.0,0.0,0.0,,279.0,,0
1786377762.435,c2,search,,0.0,31.1,20.71,10.88,S3,0,,0,4474.0,obs,514,31.1,20.71,10.98,S3,31.1,20.71,10.98,S3,31.1,20.71,10.88,S3,7.345,0,S3,site_s3,S3,S3,S3,128.5,0.0,0.0,335.0,1,1,1,,,0,0.0,0.0,0.0,0.0,0.0,,279.0,,0
1786377762.435,c2,recommend,,0.0,26.76,14.03,3.98,S3,0,,0,200.0,obs,689,26.76,14.03,4.0,S3,26.76,14.03,4.0,S3,26.76,14.03,3.98,S3,7.345,0,S3,site_s3,S3,S3,S3,172.5,0.0,0.0,365.7,1,1,1,,,0,0.0,0.0,0.0,0.0,0.0,,279.0,,0
1786377763.436,c1,reserve,,0.0,26.34,13.67,3.64,S3,0,,0,36.0,obs,341,26.34,13.67,3.65,S3,26.34,13.67,3.65,S3,26.34,13.67,3.64,S3,7.414,0,S3,site_s3,S3,S3,S3,85.0,0.0,0.0,23.6,1,1,1,,,0,0.0,0.0,0.0,0.0,0.0,,279.0,,0
1786377763.436,c1,search,,0.0,31.1,20.71,10.85,S3,0,,0,4474.0,obs,518,31.1,20.71,10.98,S3,31.1,20.71,10.98,S3,31.1,20.71,10.85,S3,7.414,0,S3,site_s3,S3,S3,S3,129.5,0.0,0.0,153.1,1,1,1,,,0,0.0,0.0,0.0,0.0,0.0,,279.0,,0
1786377763.436,c1,recommend,,0.0,26.76,14.03,3.99,S3,0,,0,200.0,obs,687,26.76,14.03,4.0,S3,26.76,14.03,4.0,S3,26.76,14.03,3.99,S3,7.414,0,S3,site_s3,S3,S3,S3,172.0,0.0,0.0,183.7,1,1,1,,,0,0.0,0.0,0.0,0.0,0.0,,279.0,,0
1786377763.436,c2,reserve,,0.0,26.34,13.67,3.64,S3,0,,0,36.0,obs,341,26.34,13.67,3.65,S3,26.34,13.67,3.65,S3,26.34,13.67,3.64,S3,7.414,0,S3,site_s3,S3,S3,S3,85.5,0.0,0.0,207.5,1,1,1,,,0,0.0,0.0,0.0,0.0,0.0,,279.0,,0
1786377763.436,c2,search,,0.0,31.1,20.71,10.85,S3,0,,0,4474.0,obs,518,31.1,20.71,10.98,S3,31.1,20.71,10.98,S3,31.1,20.71,10.85,S3,7.414,0,S3,site_s3,S3,S3,S3,129.5,0.0,0.0,337.0,1,1,1,,,0,0.0,0.0,0.0,0.0,0.0,,279.0,,0
1786377763.436,c2,recommend,,0.0,26.76,14.03,3.99,S3,0,,0,200.0,obs,687,26.76,14.03,4.0,S3,26.76,14.03,4.0,S3,26.76,14.03,3.99,S3,7.414,0,S3,site_s3,S3,S3,S3,171.5,0.0,0.0,367.5,1,1,1,,,0,0.0,0.0,0.0,0.0,0.0,,279.0,,0
1786377764.436,c1,reserve,,0.0,26.34,13.67,3.62,S3,0,,0,36.0,obs,346,26.34,13.67,3.65,S3,26.34,13.67,3.65,S3,26.34,13.67,3.62,S3,7.331,0,S3,site_s3,S3,S3,S3,86.5,0.0,0.0,24.0,1,1,1,,,0,0.0,0.0,0.0,0.0,0.0,,279.0,,0
1786377764.436,c1,search,,0.0,31.1,20.71,11.01,S3,0,,0,4474.0,obs,516,31.1,20.71,10.98,S3,31.1,20.71,10.98,S3,31.1,20.71,11.01,S3,7.331,0,S3,site_s3,S3,S3,S3,129.0,0.0,0.0,153.0,1,1,1,,,0,0.0,0.0,0.0,0.0,0.0,,279.0,,0
1786377764.436,c1,recommend,,0.0,26.76,14.03,3.93,S3,0,,0,200.0,obs,684,26.76,14.03,4.0,S3,26.76,14.03,4.0,S3,26.76,14.03,3.93,S3,7.331,0,S3,site_s3,S3,S3,S3,171.0,0.0,0.0,183.5,1,1,1,,,0,0.0,0.0,0.0,0.0,0.0,,279.0,,0
1786377764.436,c2,reserve,,0.0,26.34,13.67,3.62,S3,0,,0,36.0,obs,346,26.34,13.67,3.65,S3,26.34,13.67,3.65,S3,26.34,13.67,3.62,S3,7.331,0,S3,site_s3,S3,S3,S3,86.5,0.0,0.0,207.5,1,1,1,,,0,0.0,0.0,0.0,0.0,0.0,,279.0,,0
1786377764.436,c2,search,,0.0,31.1,20.71,11.01,S3,0,,0,4474.0,obs,516,31.1,20.71,10.98,S3,31.1,20.71,10.98,S3,31.1,20.71,11.01,S3,7.331,0,S3,site_s3,S3,S3,S3,129.0,0.0,0.0,336.5,1,1,1,,,0,0.0,0.0,0.0,0.0,0.0,,279.0,,0
1786377764.436,c2,recommend,,0.0,26.76,14.03,3.93,S3,0,,0,200.0,obs,684,26.76,14.03,4.0,S3,26.76,14.03,4.0,S3,26.76,14.03,3.93,S3,7.331,0,S3,site_s3,S3,S3,S3,171.0,0.0,0.0,367.0,1,1,1,,,0,0.0,0.0,0.0,0.0,0.0,,279.0,,0
1786377765.436,c1,reserve,,0.0,26.34,13.67,3.57,S3,0,,0,36.0,obs,346,26.34,13.67,3.65,S3,26.34,13.67,3.65,S3,26.34,13.67,3.57,S3,7.44,0,S3,site_s3,S3,S3,S3,86.5,0.0,0.0,24.0,1,1,1,,,0,0.0,0.0,0.0,0.0,0.0,,279.0,,0
1786377765.436,c1,search,,0.0,31.1,20.71,10.95,S3,0,,0,4474.0,obs,513,31.1,20.71,10.98,S3,31.1,20.71,10.98,S3,31.1,20.71,10.95,S3,7.44,0,S3,site_s3,S3,S3,S3,128.5,0.0,0.0,152.5,1,1,1,,,0,0.0,0.0,0.0,0.0,0.0,,279.0,,0
1786377765.436,c1,recommend,,0.0,26.76,14.03,3.94,S3,0,,0,200.0,obs,688,26.76,14.03,4.0,S3,26.76,14.03,4.0,S3,26.76,14.03,3.94,S3,7.44,0,S3,site_s3,S3,S3,S3,172.0,0.0,0.0,183.2,1,1,1,,,0,0.0,0.0,0.0,0.0,0.0,,279.0,,0
1786377765.436,c2,reserve,,0.0,26.34,13.67,3.57,S3,0,,0,36.0,obs,346,26.34,13.67,3.65,S3,26.34,13.67,3.65,S3,26.34,13.67,3.57,S3,7.44,0,S3,site_s3,S3,S3,S3,86.5,0.0,0.0,207.2,1,1,1,,,0,0.0,0.0,0.0,0.0,0.0,,279.0,,0
1786377765.436,c2,search,,0.0,31.1,20.71,10.95,S3,0,,0,4474.0,obs,513,31.1,20.71,10.98,S3,31.1,20.71,10.98,S3,31.1,20.71,10.95,S3,7.44,0,S3,site_s3,S3,S3,S3,128.0,0.0,0.0,335.2,1,1,1,,,0,0.0,0.0,0.0,0.0,0.0,,279.0,,0
1786377765.436,c2,recommend,,0.0,26.76,14.03,3.94,S3,0,,0,200.0,obs,688,26.76,14.03,4.0,S3,26.76,14.03,4.0,S3,26.76,14.03,3.94,S3,7.44,0,S3,site_s3,S3,S3,S3,172.0,0.0,0.0,365.8,1,1,1,,,0,0.0,0.0,0.0,0.0,0.0,,279.0,,0
1786377766.436,c1,reserve,,0.0,26.34,13.67,3.71,S3,0,,0,36.0,obs,342,26.34,13.67,3.65,S3,26.34,13.67,3.65,S3,26.34,13.67,3.71,S3,7.32,0,S3,site_s3,S3,S3,S3,85.5,0.0,0.0,23.8,1,1,1,,,0,0.0,0.0,0.0,0.0,0.0,,279.0,,0
1786377766.436,c1,search,,0.0,31.1,20.71,10.86,S3,0,,0,4474.0,obs,515,31.1,20.71,10.98,S3,31.1,20.71,10.98,S3,31.1,20.71,10.86,S3,7.32,0,S3,site_s3,S3,S3,S3,128.5,0.0,0.0,152.3,1,1,1,,,0,0.0,0.0,0.0,0.0,0.0,,279.0,,0
1786377766.436,c1,recommend,,0.0,26.76,14.03,3.91,S3,0,,0,200.0,obs,690,26.76,14.03,4.0,S3,26.76,14.03,4.0,S3,26.76,14.03,3.91,S3,7.32,0,S3,site_s3,S3,S3,S3,172.5,0.0,0.0,183.0,1,1,1,,,0,0.0,0.0,0.0,0.0,0.0,,279.0,,0
1786377766.436,c2,reserve,,0.0,26.34,13.67,3.71,S3,0,,0,36.0,obs,342,26.34,13.67,3.65,S3,26.34,13.67,3.65,S3,26.34,13.67,3.71,S3,7.32,0,S3,site_s3,S3,S3,S3,85.5,0.0,0.0,206.7,1,1,1,,,0,0.0,0.0,0.0,0.0,0.0,,279.0,,0
1786377766.436,c2,search,,0.0,31.1,20.71,10.86,S3,0,,0,4474.0,obs,515,31.1,20.71,10.98,S3,31.1,20.71,10.98,S3,31.1,20.71,10.86,S3,7.32,0,S3,site_s3,S3,S3,S3,129.0,0.0,0.0,335.7,1,1,1,,,0,0.0,0.0,0.0,0.0,0.0,,279.0,,0
1786377766.436,c2,recommend,,0.0,26.76,14.03,3.91,S3,0,,0,200.0,obs,690,26.76,14.03,4.0,S3,26.76,14.03,4.0,S3,26.76,14.03,3.91,S3,7.32,0,S3,site_s3,S3,S3,S3,172.5,0.0,0.0,366.4,1,1,1,,,0,0.0,0.0,0.0,0.0,0.0,,279.0,,0
1786377767.436,c1,reserve,,0.0,26.34,13.67,3.62,S3,0,,0,36.0,obs,342,26.34,13.67,3.65,S3,26.34,13.67,3.65,S3,26.34,13.67,3.62,S3,7.365,0,S3,site_s3,S3,S3,S3,85.5,0.0,0.0,23.8,1,1,1,,,0,0.0,0.0,0.0,0.0,0.0,,279.0,,0
1786377767.436,c1,search,,0.0,31.1,20.71,10.95,S3,0,,0,4474.0,obs,515,31.1,20.71,10.98,S3,31.1,20.71,10.98,S3,31.1,20.71,10.95,S3,7.365,0,S3,site_s3,S3,S3,S3,128.5,0.0,0.0,152.3,1,1,1,,,0,0.0,0.0,0.0,0.0,0.0,,279.0,,0
1786377767.436,c1,recommend,,0.0,26.76,14.03,3.81,S3,0,,0,200.0,obs,689,26.76,14.03,4.0,S3,26.76,14.03,4.0,S3,26.76,14.03,3.81,S3,7.365,0,S3,site_s3,S3,S3,S3,172.0,0.0,0.0,182.9,1,1,1,,,0,0.0,0.0,0.0,0.0,0.0,,279.0,,0
1786377767.436,c2,reserve,,0.0,26.34,13.67,3.62,S3,0,,0,36.0,obs,342,26.34,13.67,3.65,S3,26.34,13.67,3.65,S3,26.34,13.67,3.62,S3,7.365,0,S3,site_s3,S3,S3,S3,85.5,0.0,0.0,206.7,1,1,1,,,0,0.0,0.0,0.0,0.0,0.0,,279.0,,0
1786377767.436,c2,search,,0.0,31.1,20.71,10.95,S3,0,,0,4474.0,obs,515,31.1,20.71,10.98,S3,31.1,20.71,10.98,S3,31.1,20.71,10.95,S3,7.365,0,S3,site_s3,S3,S3,S3,129.0,0.0,0.0,335.7,1,1,1,,,0,0.0,0.0,0.0,0.0,0.0,,279.0,,0
1786377767.436,c2,recommend,,0.0,26.76,14.03,3.81,S3,0,,0,200.0,obs,689,26.76,14.03,4.0,S3,26.76,14.03,4.0,S3,26.76,14.03,3.81,S3,7.365,0,S3,site_s3,S3,S3,S3,172.5,0.0,0.0,366.4,1,1,1,,,0,0.0,0.0,0.0,0.0,0.0,,279.0,,0
1786377768.436,c1,reserve,,0.0,26.34,13.67,3.59,S3,0,,0,36.0,obs,345,26.34,13.67,3.65,S3,26.34,13.67,3.65,S3,26.34,13.67,3.59,S3,7.357,0,S3,site_s3,S3,S3,S3,86.5,0.0,0.0,24.0,1,1,1,,,0,0.0,0.0,0.0,0.0,0.0,,279.0,,0
1786377768.436,c1,search,,0.0,31.1,20.71,10.89,S3,0,,0,4474.0,obs,518,31.1,20.71,10.98,S3,31.1,20.71,10.98,S3,31.1,20.71,10.89,S3,7.357,0,S3,site_s3,S3,S3,S3,129.5,0.0,0.0,153.5,1,1,1,,,0,0.0,0.0,0.0,0.0,0.0,,279.0,,0
1786377768.436,c1,recommend,,0.0,26.76,14.03,3.87,S3,0,,0,200.0,obs,686,26.76,14.03,4.0,S3,26.76,14.03,4.0,S3,26.76,14.03,3.87,S3,7.357,0,S3,site_s3,S3,S3,S3,171.5,0.0,0.0,184.1,1,1,1,,,0,0.0,0.0,0.0,0.0,0.0,,279.0,,0
1786377768.436,c2,reserve,,0.0,26.34,13.67,3.59,S3,0,,0,36.0,obs,345,26.34,13.67,3.65,S3,26.34,13.67,3.65,S3,26.34,13.67,3.59,S3,7.357,0,S3,site_s3,S3,S3,S3,86.0,0.0,0.0,208.0,1,1,1,,,0,0.0,0.0,0.0,0.0,0.0,,279.0,,0
1786377768.436,c2,search,,0.0,31.1,20.71,10.89,S3,0,,0,4474.0,obs,518,31.1,20.71,10.98,S3,31.1,20.71,10.98,S3,31.1,20.71,10.89,S3,7.357,0,S3,site_s3,S3,S3,S3,129.5,0.0,0.0,337.5,1,1,1,,,0,0.0,0.0,0.0,0.0,0.0,,279.0,,0
1786377768.436,c2,recommend,,0.0,26.76,14.03,3.87,S3,0,,0,200.0,obs,686,26.76,14.03,4.0,S3,26.76,14.03,4.0,S3,26.76,14.03,3.87,S3,7.357,0,S3,site_s3,S3,S3,S3,171.5,0.0,0.0,368.0,1,1,1,,,0,0.0,0.0,0.0,0.0,0.0,,279.0,,0
1786377769.436,c1,reserve,,0.0,26.34,13.67,3.69,S3,0,,0,36.0,obs,348,26.34,13.67,3.65,S3,26.34,13.67,3.65,S3,26.34,13.67,3.69,S3,7.364,0,S3,site_s3,S3,S3,S3,87.0,0.0,0.0,24.2,1,1,1,,,0,0.0,0.0,0.0,0.0,0.0,,279.0,,0
1786377769.436,c1,search,,0.0,31.1,20.71,10.88,S3,0,,0,4474.0,obs,514,31.1,20.71,10.98,S3,31.1,20.71,10.98,S3,31.1,20.71,10.88,S3,7.364,0,S3,site_s3,S3,S3,S3,128.5,0.0,0.0,152.7,1,1,1,,,0,0.0,0.0,0.0,0.0,0.0,,279.0,,0
1786377769.436,c1,recommend,,0.0,26.76,14.03,3.97,S3,0,,0,200.0,obs,686,26.76,14.03,4.0,S3,26.76,14.03,4.0,S3,26.76,14.03,3.97,S3,7.364,0,S3,site_s3,S3,S3,S3,171.5,0.0,0.0,183.2,1,1,1,,,0,0.0,0.0,0.0,0.0,0.0,,279.0,,0
1786377769.436,c2,reserve,,0.0,26.34,13.67,3.69,S3,0,,0,36.0,obs,348,26.34,13.67,3.65,S3,26.34,13.67,3.65,S3,26.34,13.67,3.69,S3,7.364,0,S3,site_s3,S3,S3,S3,87.0,0.0,0.0,207.4,1,1,1,,,0,0.0,0.0,0.0,0.0,0.0,,279.0,,0
1786377769.436,c2,search,,0.0,31.1,20.71,10.88,S3,0,,0,4474.0,obs,514,31.1,20.71,10.98,S3,31.1,20.71,10.98,S3,31.1,20.71,10.88,S3,7.364,0,S3,site_s3,S3,S3,S3,128.5,0.0,0.0,335.9,1,1,1,,,0,0.0,0.0,0.0,0.0,0.0,,279.0,,0
1786377769.436,c2,recommend,,0.0,26.76,14.03,3.97,S3,0,,0,200.0,obs,686,26.76,14.03,4.0,S3,26.76,14.03,4.0,S3,26.76,14.03,3.97,S3,7.364,0,S3,site_s3,S3,S3,S3,171.5,0.0,0.0,366.4,1,1,1,,,0,0.0,0.0,0.0,0.0,0.0,,279.0,,0
1786377770.436,c1,reserve,,0.0,26.34,13.67,3.57,S3,0,,0,36.0,obs,345,26.34,13.67,3.65,S3,26.34,13.67,3.65,S3,26.34,13.67,3.57,S3,7.304,0,S3,site_s3,S3,S3,S3,86.5,0.0,0.0,24.0,1,1,1,,,0,0.0,0.0,0.0,0.0,0.0,,279.0,,0
1786377770.436,c1,search,,0.0,31.1,20.71,11.0,S3,0,,0,4474.0,obs,514,31.1,20.71,10.98,S3,31.1,20.71,10.98,S3,31.1,20.71,11.0,S3,7.304,0,S3,site_s3,S3,S3,S3,128.5,0.0,0.0,152.5,1,1,1,,,0,0.0,0.0,0.0,0.0,0.0,,279.0,,0
1786377770.436,c1,recommend,,0.0,26.76,14.03,3.97,S3,0,,0,200.0,obs,691,26.76,14.03,4.0,S3,26.76,14.03,4.0,S3,26.76,14.03,3.97,S3,7.304,0,S3,site_s3,S3,S3,S3,173.0,0.0,0.0,183.3,1,1,1,,,0,0.0,0.0,0.0,0.0,0.0,,279.0,,0
1786377770.436,c2,reserve,,0.0,26.34,13.67,3.57,S3,0,,0,36.0,obs,345,26.34,13.67,3.65,S3,26.34,13.67,3.65,S3,26.34,13.67,3.57,S3,7.304,0,S3,site_s3,S3,S3,S3,86.0,0.0,0.0,207.2,1,1,1,,,0,0.0,0.0,0.0,0.0,0.0,,279.0,,0
1786377770.436,c2,search,,0.0,31.1,20.71,11.0,S3,0,,0,4474.0,obs,514,31.1,20.71,10.98,S3,31.1,20.71,10.98,S3,31.1,20.71,11.0,S3,7.304,0,S3,site_s3,S3,S3,S3,128.5,0.0,0.0,335.7,1,1,1,,,0,0.0,0.0,0.0,0.0,0.0,,279.0,,0
1786377770.436,c2,recommend,,0.0,26.76,14.03,3.97,S3,0,,0,200.0,obs,691,26.76,14.03,4.0,S3,26.76,14.03,4.0,S3,26.76,14.03,3.97,S3,7.304,0,S3,site_s3,S3,S3,S3,172.5,0.0,0.0,366.5,1,1,1,,,0,0.0,0.0,0.0,0.0,0.0,,279.0,,0
1786377771.436,c1,reserve,,0.0,26.34,13.67,3.56,S3,0,,0,36.0,obs,342,26.34,13.67,3.65,S3,26.34,13.67,3.65,S3,26.34,13.67,3.56,S3,7.331,0,S3,site_s3,S3,S3,S3,85.5,0.0,0.0,23.8,1,1,1,,,0,0.0,0.0,0.0,0.0,0.0,,279.0,,0
1786377771.436,c1,search,,0.0,31.1,20.71,10.95,S3,0,,0,4474.0,obs,516,31.1,20.71,10.98,S3,31.1,20.71,10.98,S3,31.1,20.71,10.95,S3,7.331,0,S3,site_s3,S3,S3,S3,129.0,0.0,0.0,152.8,1,1,1,,,0,0.0,0.0,0.0,0.0,0.0,,279.0,,0
1786377771.436,c1,recommend,,0.0,26.76,14.03,3.93,S3,0,,0,200.0,obs,692,26.76,14.03,4.0,S3,26.76,14.03,4.0,S3,26.76,14.03,3.93,S3,7.331,0,S3,site_s3,S3,S3,S3,173.0,0.0,0.0,183.6,1,1,1,,,0,0.0,0.0,0.0,0.0,0.0,,279.0,,0
1786377771.436,c2,reserve,,0.0,26.34,13.67,3.56,S3,0,,0,36.0,obs,342,26.34,13.67,3.65,S3,26.34,13.67,3.65,S3,26.34,13.67,3.56,S3,7.331,0,S3,site_s3,S3,S3,S3,85.5,0.0,0.0,207.3,1,1,1,,,0,0.0,0.0,0.0,0.0,0.0,,279.0,,0
1786377771.436,c2,search,,0.0,31.1,20.71,10.95,S3,0,,0,4474.0,obs,516,31.1,20.71,10.98,S3,31.1,20.71,10.98,S3,31.1,20.71,10.95,S3,7.331,0,S3,site_s3,S3,S3,S3,129.0,0.0,0.0,336.3,1,1,1,,,0,0.0,0.0,0.0,0.0,0.0,,279.0,,0
1786377771.436,c2,recommend,,0.0,26.76,14.03,3.93,S3,0,,0,200.0,obs,692,26.76,14.03,4.0,S3,26.76,14.03,4.0,S3,26.76,14.03,3.93,S3,7.331,0,S3,site_s3,S3,S3,S3,173.0,0.0,0.0,367.1,1,1,1,,,0,0.0,0.0,0.0,0.0,0.0,,279.0,,0
1786377772.436,c1,reserve,,0.0,26.34,13.67,3.61,S3,0,,0,36.0,obs,343,26.34,13.67,3.65,S3,26.34,13.67,3.65,S3,26.34,13.67,3.61,S3,7.345,0,S3,site_s3,S3,S3,S3,85.5,0.0,0.0,23.8,1,1,1,,,0,0.0,0.0,0.0,0.0,0.0,,279.0,,0
1786377772.436,c1,search,,0.0,31.1,20.71,10.75,S3,0,,0,4474.0,obs,519,31.1,20.71,10.98,S3,31.1,20.71,10.98,S3,31.1,20.71,10.75,S3,7.345,0,S3,site_s3,S3,S3,S3,130.0,0.0,0.0,153.8,1,1,1,,,0,0.0,0.0,0.0,0.0,0.0,,279.0,,0
1786377772.436,c1,recommend,,0.0,26.76,14.03,3.83,S3,0,,0,200.0,obs,689,26.76,14.03,4.0,S3,26.76,14.03,4.0,S3,26.76,14.03,3.83,S3,7.345,0,S3,site_s3,S3,S3,S3,172.5,0.0,0.0,184.5,1,1,1,,,0,0.0,0.0,0.0,0.0,0.0,,279.0,,0
1786377772.436,c2,reserve,,0.0,26.34,13.67,3.61,S3,0,,0,36.0,obs,343,26.34,13.67,3.65,S3,26.34,13.67,3.65,S3,26.34,13.67,3.61,S3,7.345,0,S3,site_s3,S3,S3,S3,86.0,0.0,0.0,208.4,1,1,1,,,0,0.0,0.0,0.0,0.0,0.0,,279.0,,0
1786377772.436,c2,search,,0.0,31.1,20.71,10.75,S3,0,,0,4474.0,obs,519,31.1,20.71,10.98,S3,31.1,20.71,10.98,S3,31.1,20.71,10.75,S3,7.345,0,S3,site_s3,S3,S3,S3,129.5,0.0,0.0,337.9,1,1,1,,,0,0.0,0.0,0.0,0.0,0.0,,279.0,,0
1786377772.436,c2,recommend,,0.0,26.76,14.03,3.83,S3,0,,0,200.0,obs,689,26.76,14.03,4.0,S3,26.76,14.03,4.0,S3,26.76,14.03,3.83,S3,7.345,0,S3,site_s3,S3,S3,S3,172.0,0.0,0.0,368.5,1,1,1,,,0,0.0,0.0,0.0,0.0,0.0,,279.0,,0
1786377773.436,c1,reserve,,0.0,26.34,13.67,3.63,S3,0,,0,36.0,obs,348,26.34,13.67,3.65,S3,26.34,13.67,3.65,S3,26.34,13.67,3.63,S3,7.399,0,S3,site_s3,S3,S3,S3,87.0,0.0,0.0,24.2,1,1,1,,,0,0.0,0.0,0.0,0.0,0.0,,279.0,,0
1786377773.436,c1,search,,0.0,31.1,20.71,10.81,S3,0,,0,4474.0,obs,518,31.1,20.71,10.98,S3,31.1,20.71,10.98,S3,31.1,20.71,10.81,S3,7.399,0,S3,site_s3,S3,S3,S3,129.5,0.0,0.0,153.7,1,1,1,,,0,0.0,0.0,0.0,0.0,0.0,,279.0,,0
1786377773.436,c1,recommend,,0.0,26.76,14.03,3.86,S3,0,,0,200.0,obs,687,26.76,14.03,4.0,S3,26.76,14.03,4.0,S3,26.76,14.03,3.86,S3,7.399,0,S3,site_s3,S3,S3,S3,171.5,0.0,0.0,184.2,1,1,1,,,0,0.0,0.0,0.0,0.0,0.0,,279.0,,0
1786377773.436,c2,reserve,,0.0,26.34,13.67,3.63,S3,0,,0,36.0,obs,348,26.34,13.67,3.65,S3,26.34,13.67,3.65,S3,26.34,13.67,3.63,S3,7.399,0,S3,site_s3,S3,S3,S3,87.0,0.0,0.0,208.4,1,1,1,,,0,0.0,0.0,0.0,0.0,0.0,,279.0,,0
1786377773.436,c2,search,,0.0,31.1,20.71,10.81,S3,0,,0,4474.0,obs,518,31.1,20.71,10.98,S3,31.1,20.71,10.98,S3,31.1,20.71,10.81,S3,7.399,0,S3,site_s3,S3,S3,S3,129.5,0.0,0.0,337.9,1,1,1,,,0,0.0,0.0,0.0,0.0,0.0,,279.0,,0
1786377773.436,c2,recommend,,0.0,26.76,14.03,3.86,S3,0,,0,200.0,obs,687,26.76,14.03,4.0,S3,26.76,14.03,4.0,S3,26.76,14.03,3.86,S3,7.399,0,S3,site_s3,S3,S3,S3,172.0,0.0,0.0,368.5,1,1,1,,,0,0.0,0.0,0.0,0.0,0.0,,279.0,,0
1786377774.436,c1,reserve,,0.0,26.34,13.67,3.63,S3,0,,0,36.0,obs,349,26.34,13.67,3.65,S3,26.34,13.67,3.65,S3,26.34,13.67,3.63,S3,7.387,0,S3,site_s3,S3,S3,S3,87.5,0.0,0.0,24.3,1,1,1,,,0,0.0,0.0,0.0,0.0,0.0,,279.0,,0
1786377774.436,c1,search,,0.0,31.1,20.71,10.98,S3,0,,0,4474.0,obs,515,31.1,20.71,10.98,S3,31.1,20.71,10.98,S3,31.1,20.71,10.98,S3,7.387,0,S3,site_s3,S3,S3,S3,129.0,0.0,0.0,153.3,1,1,1,,,0,0.0,0.0,0.0,0.0,0.0,,279.0,,0
1786377774.436,c1,recommend,,0.0,26.76,14.03,3.93,S3,0,,0,200.0,obs,690,26.76,14.03,4.0,S3,26.76,14.03,4.0,S3,26.76,14.03,3.93,S3,7.387,0,S3,site_s3,S3,S3,S3,172.5,0.0,0.0,184.0,1,1,1,,,0,0.0,0.0,0.0,0.0,0.0,,279.0,,0
1786377774.436,c2,reserve,,0.0,26.34,13.67,3.63,S3,0,,0,36.0,obs,349,26.34,13.67,3.65,S3,26.34,13.67,3.65,S3,26.34,13.67,3.63,S3,7.387,0,S3,site_s3,S3,S3,S3,87.0,0.0,0.0,208.2,1,1,1,,,0,0.0,0.0,0.0,0.0,0.0,,279.0,,0
1786377774.436,c2,search,,0.0,31.1,20.71,10.98,S3,0,,0,4474.0,obs,515,31.1,20.71,10.98,S3,31.1,20.71,10.98,S3,31.1,20.71,10.98,S3,7.387,0,S3,site_s3,S3,S3,S3,128.5,0.0,0.0,336.7,1,1,1,,,0,0.0,0.0,0.0,0.0,0.0,,279.0,,0
1786377774.436,c2,recommend,,0.0,26.76,14.03,3.93,S3,0,,0,200.0,obs,690,26.76,14.03,4.0,S3,26.76,14.03,4.0,S3,26.76,14.03,3.93,S3,7.387,0,S3,site_s3,S3,S3,S3,172.5,0.0,0.0,367.4,1,1,1,,,0,0.0,0.0,0.0,0.0,0.0,,279.0,,0
1786377775.436,c1,reserve,,0.0,26.34,13.67,3.57,S3,0,,0,36.0,obs,344,26.34,13.67,3.65,S3,26.34,13.67,3.65,S3,26.34,13.67,3.57,S3,7.374,0,S3,site_s3,S3,S3,S3,86.0,0.0,0.0,23.9,1,1,1,,,0,0.0,0.0,0.0,0.0,0.0,,279.0,,0
1786377775.436,c1,search,,0.0,31.1,20.71,10.82,S3,0,,0,4474.0,obs,516,31.1,20.71,10.98,S3,31.1,20.71,10.98,S3,31.1,20.71,10.82,S3,7.374,0,S3,site_s3,S3,S3,S3,129.0,0.0,0.0,152.9,1,1,1,,,0,0.0,0.0,0.0,0.0,0.0,,279.0,,0
1786377775.436,c1,recommend,,0.0,26.76,14.03,3.94,S3,0,,0,200.0,obs,694,26.76,14.03,4.0,S3,26.76,14.03,4.0,S3,26.76,14.03,3.94,S3,7.374,0,S3,site_s3,S3,S3,S3,173.5,0.0,0.0,183.8,1,1,1,,,0,0.0,0.0,0.0,0.0,0.0,,279.0,,0
1786377775.436,c2,reserve,,0.0,26.34,13.67,3.57,S3,0,,0,36.0,obs,344,26.34,13.67,3.65,S3,26.34,13.67,3.65,S3,26.34,13.67,3.57,S3,7.374,0,S3,site_s3,S3,S3,S3,86.0,0.0,0.0,207.7,1,1,1,,,0,0.0,0.0,0.0,0.0,0.0,,279.0,,0
1786377775.436,c2,search,,0.0,31.1,20.71,10.82,S3,0,,0,4474.0,obs,516,31.1,20.71,10.98,S3,31.1,20.71,10.98,S3,31.1,20.71,10.82,S3,7.374,0,S3,site_s3,S3,S3,S3,129.0,0.0,0.0,336.7,1,1,1,,,0,0.0,0.0,0.0,0.0,0.0,,279.0,,0
1786377775.436,c2,recommend,,0.0,26.76,14.03,3.94,S3,0,,0,200.0,obs,694,26.76,14.03,4.0,S3,26.76,14.03,4.0,S3,26.76,14.03,3.94,S3,7.374,0,S3,site_s3,S3,S3,S3,173.5,0.0,0.0,367.6,1,1,1,,,0,0.0,0.0,0.0,0.0,0.0,,279.0,,0
1786377776.436,c1,reserve,,0.0,26.34,13.67,3.58,S3,0,,0,36.0,obs,343,26.34,13.67,3.65,S3,26.34,13.67,3.65,S3,26.34,13.67,3.58,S3,7.395,0,S3,site_s3,S3,S3,S3,86.0,0.0,0.0,23.9,1,1,1,,,0,0.0,0.0,0.0,0.0,0.0,,279.0,,0
1786377776.436,c1,search,,0.0,31.1,20.71,10.78,S3,0,,0,4474.0,obs,519,31.1,20.71,10.98,S3,31.1,20.71,10.98,S3,31.1,20.71,10.78,S3,7.395,0,S3,site_s3,S3,S3,S3,129.5,0.0,0.0,153.4,1,1,1,,,0,0.0,0.0,0.0,0.0,0.0,,279.0,,0
1786377776.436,c1,recommend,,0.0,26.76,14.03,3.97,S3,0,,0,200.0,obs,695,26.76,14.03,4.0,S3,26.76,14.03,4.0,S3,26.76,14.03,3.97,S3,7.395,0,S3,site_s3,S3,S3,S3,174.0,0.0,0.0,184.4,1,1,1,,,0,0.0,0.0,0.0,0.0,0.0,,279.0,,0
1786377776.436,c2,reserve,,0.0,26.34,13.67,3.58,S3,0,,0,36.0,obs,343,26.34,13.67,3.65,S3,26.34,13.67,3.65,S3,26.34,13.67,3.58,S3,7.395,0,S3,site_s3,S3,S3,S3,85.5,0.0,0.0,208.1,1,1,1,,,0,0.0,0.0,0.0,0.0,0.0,,279.0,,0
1786377776.436,c2,search,,0.0,31.1,20.71,10.78,S3,0,,0,4474.0,obs,519,31.1,20.71,10.98,S3,31.1,20.71,10.98,S3,31.1,20.71,10.78,S3,7.395,0,S3,site_s3,S3,S3,S3,130.0,0.0,0.0,338.1,1,1,1,,,0,0.0,0.0,0.0,0.0,0.0,,279.0,,0
1786377776.436,c2,recommend,,0.0,26.76,14.03,3.97,S3,0,,0,200.0,obs,695,26.76,14.03,4.0,S3,26.76,14.03,4.0,S3,26.76,14.03,3.97,S3,7.395,0,S3,site_s3,S3,S3,S3,173.5,0.0,0.0,369.0,1,1,1,,,0,0.0,0.0,0.0,0.0,0.0,,279.0,,0
1786377777.436,c1,reserve,,0.0,26.34,13.67,3.57,S3,0,,0,36.0,obs,346,26.34,13.67,3.65,S3,26.34,13.67,3.65,S3,26.34,13.67,3.57,S3,7.298,0,S3,site_s3,S3,S3,S3,86.5,0.0,0.0,24.0,1,1,1,,,0,0.0,0.0,0.0,0.0,0.0,,279.0,,0
1786377777.436,c1,search,,0.0,31.1,20.71,10.72,S3,0,,0,4474.0,obs,521,31.1,20.71,10.98,S3,31.1,20.71,10.98,S3,31.1,20.71,10.72,S3,7.298,0,S3,site_s3,S3,S3,S3,130.5,0.0,0.0,154.5,1,1,1,,,0,0.0,0.0,0.0,0.0,0.0,,279.0,,0
1786377777.436,c1,recommend,,0.0,26.76,14.03,3.97,S3,0,,0,200.0,obs,690,26.76,14.03,4.0,S3,26.76,14.03,4.0,S3,26.76,14.03,3.97,S3,7.298,0,S3,site_s3,S3,S3,S3,172.5,0.0,0.0,185.3,1,1,1,,,0,0.0,0.0,0.0,0.0,0.0,,279.0,,0
1786377777.436,c2,reserve,,0.0,26.34,13.67,3.57,S3,0,,0,36.0,obs,346,26.34,13.67,3.65,S3,26.34,13.67,3.65,S3,26.34,13.67,3.57,S3,7.298,0,S3,site_s3,S3,S3,S3,86.5,0.0,0.0,209.3,1,1,1,,,0,0.0,0.0,0.0,0.0,0.0,,279.0,,0
1786377777.436,c2,search,,0.0,31.1,20.71,10.72,S3,0,,0,4474.0,obs,521,31.1,20.71,10.98,S3,31.1,20.71,10.98,S3,31.1,20.71,10.72,S3,7.298,0,S3,site_s3,S3,S3,S3,130.0,0.0,0.0,339.3,1,1,1,,,0,0.0,0.0,0.0,0.0,0.0,,279.0,,0
1786377777.436,c2,recommend,,0.0,26.76,14.03,3.97,S3,0,,0,200.0,obs,690,26.76,14.03,4.0,S3,26.76,14.03,4.0,S3,26.76,14.03,3.97,S3,7.298,0,S3,site_s3,S3,S3,S3,172.5,0.0,0.0,370.0,1,1,1,,,0,0.0,0.0,0.0,0.0,0.0,,279.0,,0
1786377778.436,c1,reserve,,0.0,26.34,13.67,3.49,S3,0,,0,36.0,obs,350,26.34,13.67,3.65,S3,26.34,13.67,3.65,S3,26.34,13.67,3.49,S3,7.429,0,S3,site_s3,S3,S3,S3,87.5,0.0,0.0,24.3,1,1,1,,,0,0.0,0.0,0.0,0.0,0.0,,279.0,,0
1786377778.436,c1,search,,0.0,31.1,20.71,10.72,S3,0,,0,4474.0,obs,518,31.1,20.71,10.98,S3,31.1,20.71,10.98,S3,31.1,20.71,10.72,S3,7.429,0,S3,site_s3,S3,S3,S3,129.5,0.0,0.0,153.8,1,1,1,,,0,0.0,0.0,0.0,0.0,0.0,,279.0,,0
1786377778.436,c1,recommend,,0.0,26.76,14.03,3.88,S3,0,,0,200.0,obs,689,26.76,14.03,4.0,S3,26.76,14.03,4.0,S3,26.76,14.03,3.88,S3,7.429,0,S3,site_s3,S3,S3,S3,172.5,0.0,0.0,184.5,1,1,1,,,0,0.0,0.0,0.0,0.0,0.0,,279.0,,0
1786377778.436,c2,reserve,,0.0,26.34,13.67,3.49,S3,0,,0,36.0,obs,350,26.34,13.67,3.65,S3,26.34,13.67,3.65,S3,26.34,13.67,3.49,S3,7.429,0,S3,site_s3,S3,S3,S3,87.5,0.0,0.0,208.9,1,1,1,,,0,0.0,0.0,0.0,0.0,0.0,,279.0,,0
1786377778.436,c2,search,,0.0,31.1,20.71,10.72,S3,0,,0,4474.0,obs,518,31.1,20.71,10.98,S3,31.1,20.71,10.98,S3,31.1,20.71,10.72,S3,7.429,0,S3,site_s3,S3,S3,S3,129.5,0.0,0.0,338.4,1,1,1,,,0,0.0,0.0,0.0,0.0,0.0,,279.0,,0
1786377778.436,c2,recommend,,0.0,26.76,14.03,3.88,S3,0,,0,200.0,obs,689,26.76,14.03,4.0,S3,26.76,14.03,4.0,S3,26.76,14.03,3.88,S3,7.429,0,S3,site_s3,S3,S3,S3,172.0,0.0,0.0,369.0,1,1,1,,,0,0.0,0.0,0.0,0.0,0.0,,279.0,,0
1786377779.436,c1,reserve,,0.0,26.34,13.67,3.5,S3,0,,0,36.0,obs,347,26.34,13.67,3.65,S3,26.34,13.67,3.65,S3,26.34,13.67,3.5,S3,7.387,0,S3,site_s3,S3,S3,S3,87.0,0.0,0.0,24.2,1,1,1,,,0,0.0,0.0,0.0,0.0,0.0,,279.0,,0
1786377779.436,c1,search,,0.0,31.1,20.71,10.92,S3,0,,0,4474.0,obs,517,31.1,20.71,10.98,S3,31.1,20.71,10.98,S3,31.1,20.71,10.92,S3,7.387,0,S3,site_s3,S3,S3,S3,129.0,0.0,0.0,153.2,1,1,1,,,0,0.0,0.0,0.0,0.0,0.0,,279.0,,0
1786377779.436,c1,recommend,,0.0,26.76,14.03,3.92,S3,0,,0,200.0,obs,694,26.76,14.03,4.0,S3,26.76,14.03,4.0,S3,26.76,14.03,3.92,S3,7.387,0,S3,site_s3,S3,S3,S3,173.5,0.0,0.0,184.1,1,1,1,,,0,0.0,0.0,0.0,0.0,0.0,,279.0,,0
1786377779.436,c2,reserve,,0.0,26.34,13.67,3.5,S3,0,,0,36.0,obs,347,26.34,13.67,3.65,S3,26.34,13.67,3.65,S3,26.34,13.67,3.5,S3,7.387,0,S3,site_s3,S3,S3,S3,86.5,0.0,0.0,208.1,1,1,1,,,0,0.0,0.0,0.0,0.0,0.0,,279.0,,0
1786377779.436,c2,search,,0.0,31.1,20.71,10.92,S3,0,,0,4474.0,obs,517,31.1,20.71,10.98,S3,31.1,20.71,10.98,S3,31.1,20.71,10.92,S3,7.387,0,S3,site_s3,S3,S3,S3,129.5,0.0,0.0,337.6,1,1,1,,,0,0.0,0.0,0.0,0.0,0.0,,279.0,,0
1786377779.436,c2,recommend,,0.0,26.76,14.03,3.92,S3,0,,0,200.0,obs,694,26.76,14.03,4.0,S3,26.76,14.03,4.0,S3,26.76,14.03,3.92,S3,7.387,0,S3,site_s3,S3,S3,S3,173.5,0.0,0.0,368.5,1,1,1,,,0,0.0,0.0,0.0,0.0,0.0,,279.0,,0
1786377780.436,c1,reserve,,0.0,26.34,13.67,3.52,S3,0,,0,36.0,obs,344,26.34,13.67,3.65,S3,26.34,13.67,3.65,S3,26.34,13.67,3.52,S3,7.336,0,S3,site_s3,S3,S3,S3,86.0,0.0,0.0,23.9,1,1,1,,,0,0.0,0.0,0.0,0.0,0.0,,279.0,,0
1786377780.436,c1,search,,0.0,31.1,20.71,10.92,S3,0,,0,4474.0,obs,519,31.1,20.71,10.98,S3,31.1,20.71,10.98,S3,31.1,20.71,10.92,S3,7.336,0,S3,site_s3,S3,S3,S3,130.0,0.0,0.0,153.9,1,1,1,,,0,0.0,0.0,0.0,0.0,0.0,,279.0,,0
1786377780.436,c1,recommend,,0.0,26.76,14.03,3.98,S3,0,,0,200.0,obs,696,26.76,14.03,4.0,S3,26.76,14.03,4.0,S3,26.76,14.03,3.98,S3,7.336,0,S3,site_s3,S3,S3,S3,174.0,0.0,0.0,184.9,1,1,1,,,0,0.0,0.0,0.0,0.0,0.0,,279.0,,0
1786377780.436,c2,reserve,,0.0,26.34,13.67,3.52,S3,0,,0,36.0,obs,344,26.34,13.67,3.65,S3,26.34,13.67,3.65,S3,26.34,13.67,3.52,S3,7.336,0,S3,site_s3,S3,S3,S3,86.0,0.0,0.0,208.8,1,1,1,,,0,0.0,0.0,0.0,0.0,0.0,,279.0,,0
1786377780.436,c2,search,,0.0,31.1,20.71,10.92,S3,0,,0,4474.0,obs,519,31.1,20.71,10.98,S3,31.1,20.71,10.98,S3,31.1,20.71,10.92,S3,7.336,0,S3,site_s3,S3,S3,S3,129.5,0.0,0.0,338.3,1,1,1,,,0,0.0,0.0,0.0,0.0,0.0,,279.0,,0
1786377780.436,c2,recommend,,0.0,26.76,14.03,3.98,S3,0,,0,200.0,obs,696,26.76,14.03,4.0,S3,26.76,14.03,4.0,S3,26.76,14.03,3.98,S3,7.336,0,S3,site_s3,S3,S3,S3,174.0,0.0,0.0,369.3,1,1,1,,,0,0.0,0.0,0.0,0.0,0.0,,279.0,,0
1786377781.436,c1,reserve,,0.0,26.34,13.67,3.46,S3,0,,0,36.0,obs,344,26.34,13.67,3.65,S3,26.34,13.67,3.65,S3,26.34,13.67,3.46,S3,7.382,0,S3,site_s3,S3,S3,S3,86.0,0.0,0.0,23.9,1,1,1,,,0,0.0,0.0,0.0,0.0,0.0,,279.0,,0
1786377781.436,c1,search,,0.0,31.1,20.71,10.72,S3,0,,0,4474.0,obs,522,31.1,20.71,10.98,S3,31.1,20.71,10.98,S3,31.1,20.71,10.72,S3,7.382,0,S3,site_s3,S3,S3,S3,130.5,0.0,0.0,154.4,1,1,1,,,0,0.0,0.0,0.0,0.0,0.0,,279.0,,0
1786377781.436,c1,recommend,,0.0,26.76,14.03,3.83,S3,0,,0,200.0,obs,694,26.76,14.03,4.0,S3,26.76,14.03,4.0,S3,26.76,14.03,3.83,S3,7.382,0,S3,site_s3,S3,S3,S3,173.5,0.0,0.0,185.3,1,1,1,,,0,0.0,0.0,0.0,0.0,0.0,,279.0,,0
1786377781.436,c2,reserve,,0.0,26.34,13.67,3.46,S3,0,,0,36.0,obs,344,26.34,13.67,3.65,S3,26.34,13.67,3.65,S3,26.34,13.67,3.46,S3,7.382,0,S3,site_s3,S3,S3,S3,86.0,0.0,0.0,209.2,1,1,1,,,0,0.0,0.0,0.0,0.0,0.0,,279.0,,0
1786377781.436,c2,search,,0.0,31.1,20.71,10.72,S3,0,,0,4474.0,obs,522,31.1,20.71,10.98,S3,31.1,20.71,10.98,S3,31.1,20.71,10.72,S3,7.382,0,S3,site_s3,S3,S3,S3,130.5,0.0,0.0,339.7,1,1,1,,,0,0.0,0.0,0.0,0.0,0.0,,279.0,,0
1786377781.436,c2,recommend,,0.0,26.76,14.03,3.83,S3,0,,0,200.0,obs,694,26.76,14.03,4.0,S3,26.76,14.03,4.0,S3,26.76,14.03,3.83,S3,7.382,0,S3,site_s3,S3,S3,S3,173.5,0.0,0.0,370.6,1,1,1,,,0,0.0,0.0,0.0,0.0,0.0,,279.0,,0
1786377782.435,c1,reserve,,0.0,26.34,13.67,3.48,S3,0,,0,36.0,obs,349,26.34,13.67,3.65,S3,26.34,13.67,3.65,S3,26.34,13.67,3.48,S3,7.327,0,S3,site_s3,S3,S3,S3,87.5,0.0,0.0,24.3,1,1,1,,,0,0.0,0.0,0.0,0.0,0.0,,279.0,,0
1786377782.435,c1,search,,0.0,31.1,20.71,10.84,S3,0,,0,4474.0,obs,522,31.1,20.71,10.98,S3,31.1,20.71,10.98,S3,31.1,20.71,10.84,S3,7.327,0,S3,site_s3,S3,S3,S3,130.5,0.0,0.0,154.8,1,1,1,,,0,0.0,0.0,0.0,0.0,0.0,,279.0,,0
1786377782.435,c1,recommend,,0.0,26.76,14.03,3.86,S3,0,,0,200.0,obs,692,26.76,14.03,4.0,S3,26.76,14.03,4.0,S3,26.76,14.03,3.86,S3,7.327,0,S3,site_s3,S3,S3,S3,173.0,0.0,0.0,185.6,1,1,1,,,0,0.0,0.0,0.0,0.0,0.0,,279.0,,0
1786377782.435,c2,reserve,,0.0,26.34,13.67,3.48,S3,0,,0,36.0,obs,349,26.34,13.67,3.65,S3,26.34,13.67,3.65,S3,26.34,13.67,3.48,S3,7.327,0,S3,site_s3,S3,S3,S3,87.0,0.0,0.0,209.8,1,1,1,,,0,0.0,0.0,0.0,0.0,0.0,,279.0,,0
1786377782.435,c2,search,,0.0,31.1,20.71,10.84,S3,0,,0,4474.0,obs,522,31.1,20.71,10.98,S3,31.1,20.71,10.98,S3,31.1,20.71,10.84,S3,7.327,0,S3,site_s3,S3,S3,S3,130.5,0.0,0.0,340.3,1,1,1,,,0,0.0,0.0,0.0,0.0,0.0,,279.0,,0
1786377782.435,c2,recommend,,0.0,26.76,14.03,3.86,S3,0,,0,200.0,obs,692,26.76,14.03,4.0,S3,26.76,14.03,4.0,S3,26.76,14.03,3.86,S3,7.327,0,S3,site_s3,S3,S3,S3,173.0,0.0,0.0,371.1,1,1,1,,,0,0.0,0.0,0.0,0.0,0.0,,279.0,,0
1786377783.435,c1,reserve,,0.0,26.34,13.67,3.62,S3,0,,0,36.0,obs,350,26.34,13.67,3.65,S3,26.34,13.67,3.65,S3,26.34,13.67,3.62,S3,7.34,0,S3,site_s3,S3,S3,S3,87.5,0.0,0.0,24.3,1,1,1,,,0,0.0,0.0,0.0,0.0,0.0,,279.0,,0
1786377783.435,c1,search,,0.0,31.1,20.71,11.0,S3,0,,0,4474.0,obs,519,31.1,20.71,10.98,S3,31.1,20.71,10.98,S3,31.1,20.71,11.0,S3,7.34,0,S3,site_s3,S3,S3,S3,130.0,0.0,0.0,154.3,1,1,1,,,0,0.0,0.0,0.0,0.0,0.0,,279.0,,0
1786377783.435,c1,recommend,,0.0,26.76,14.03,3.94,S3,0,,0,200.0,obs,694,26.76,14.03,4.0,S3,26.76,14.03,4.0,S3,26.76,14.03,3.94,S3,7.34,0,S3,site_s3,S3,S3,S3,173.5,0.0,0.0,185.2,1,1,1,,,0,0.0,0.0,0.0,0.0,0.0,,279.0,,0
1786377783.435,c2,reserve,,0.0,26.34,13.67,3.62,S3,0,,0,36.0,obs,350,26.34,13.67,3.65,S3,26.34,13.67,3.65,S3,26.34,13.67,3.62,S3,7.34,0,S3,site_s3,S3,S3,S3,87.5,0.0,0.0,209.5,1,1,1,,,0,0.0,0.0,0.0,0.0,0.0,,279.0,,0
1786377783.435,c2,search,,0.0,31.1,20.71,11.0,S3,0,,0,4474.0,obs,519,31.1,20.71,10.98,S3,31.1,20.71,10.98,S3,31.1,20.71,11.0,S3,7.34,0,S3,site_s3,S3,S3,S3,129.5,0.0,0.0,339.0,1,1,1,,,0,0.0,0.0,0.0,0.0,0.0,,279.0,,0
1786377783.435,c2,recommend,,0.0,26.76,14.03,3.94,S3,0,,0,200.0,obs,694,26.76,14.03,4.0,S3,26.76,14.03,4.0,S3,26.76,14.03,3.94,S3,7.34,0,S3,site_s3,S3,S3,S3,173.5,0.0,0.0,369.9,1,1,1,,,0,0.0,0.0,0.0,0.0,0.0,,279.0,,0
1786377784.436,c1,reserve,,0.0,26.34,13.67,3.54,S3,0,,0,36.0,obs,347,26.34,13.67,3.65,S3,26.34,13.67,3.65,S3,26.34,13.67,3.54,S3,7.361,0,S3,site_s3,S3,S3,S3,86.5,0.0,0.0,24.0,1,1,1,,,0,0.0,0.0,0.0,0.0,0.0,,279.0,,0
1786377784.436,c1,search,,0.0,31.1,20.71,10.93,S3,0,,0,4474.0,obs,519,31.1,20.71,10.98,S3,31.1,20.71,10.98,S3,31.1,20.71,10.93,S3,7.361,0,S3,site_s3,S3,S3,S3,130.0,0.0,0.0,154.0,1,1,1,,,0,0.0,0.0,0.0,0.0,0.0,,279.0,,0
1786377784.436,c1,recommend,,0.0,26.76,14.03,3.95,S3,0,,0,200.0,obs,697,26.76,14.03,4.0,S3,26.76,14.03,4.0,S3,26.76,14.03,3.95,S3,7.361,0,S3,site_s3,S3,S3,S3,174.5,0.0,0.0,185.1,1,1,1,,,0,0.0,0.0,0.0,0.0,0.0,,279.0,,0
1786377784.436,c2,reserve,,0.0,26.34,13.67,3.54,S3,0,,0,36.0,obs,347,26.34,13.67,3.65,S3,26.34,13.67,3.65,S3,26.34,13.67,3.54,S3,7.361,0,S3,site_s3,S3,S3,S3,87.0,0.0,0.0,209.3,1,1,1,,,0,0.0,0.0,0.0,0.0,0.0,,279.0,,0
1786377784.436,c2,search,,0.0,31.1,20.71,10.93,S3,0,,0,4474.0,obs,519,31.1,20.71,10.98,S3,31.1,20.71,10.98,S3,31.1,20.71,10.93,S3,7.361,0,S3,site_s3,S3,S3,S3,129.5,0.0,0.0,338.8,1,1,1,,,0,0.0,0.0,0.0,0.0,0.0,,279.0,,0
1786377784.436,c2,recommend,,0.0,26.76,14.03,3.95,S3,0,,0,200.0,obs,697,26.76,14.03,4.0,S3,26.76,14.03,4.0,S3,26.76,14.03,3.95,S3,7.361,0,S3,site_s3,S3,S3,S3,174.0,0.0,0.0,369.8,1,1,1,,,0,0.0,0.0,0.0,0.0,0.0,,279.0,,0
1786377785.436,c1,reserve,,0.0,26.34,13.67,3.48,S3,0,,0,36.0,obs,345,26.34,13.67,3.65,S3,26.34,13.67,3.65,S3,26.34,13.67,3.48,S3,7.449,0,S3,site_s3,S3,S3,S3,86.5,0.0,0.0,24.0,1,1,1,,,0,0.0,0.0,0.0,0.0,0.0,,279.0,,0
1786377785.436,c1,search,,0.0,31.1,20.71,11.04,S3,0,,0,4474.0,obs,521,31.1,20.71,10.98,S3,31.1,20.71,10.98,S3,31.1,20.71,11.04,S3,7.449,0,S3,site_s3,S3,S3,S3,130.0,0.0,0.0,154.0,1,1,1,,,0,0.0,0.0,0.0,0.0,0.0,,279.0,,0
1786377785.436,c1,recommend,,0.0,26.76,14.03,3.99,S3,0,,0,200.0,obs,698,26.76,14.03,4.0,S3,26.76,14.03,4.0,S3,26.76,14.03,3.99,S3,7.449,0,S3,site_s3,S3,S3,S3,174.5,0.0,0.0,185.1,1,1,1,,,0,0.0,0.0,0.0,0.0,0.0,,279.0,,0
1786377785.436,c2,reserve,,0.0,26.34,13.67,3.48,S3,0,,0,36.0,obs,345,26.34,13.67,3.65,S3,26.34,13.67,3.65,S3,26.34,13.67,3.48,S3,7.449,0,S3,site_s3,S3,S3,S3,86.0,0.0,0.0,209.0,1,1,1,,,0,0.0,0.0,0.0,0.0,0.0,,279.0,,0
1786377785.436,c2,search,,0.0,31.1,20.71,11.04,S3,0,,0,4474.0,obs,521,31.1,20.71,10.98,S3,31.1,20.71,10.98,S3,31.1,20.71,11.04,S3,7.449,0,S3,site_s3,S3,S3,S3,130.5,0.0,0.0,339.5,1,1,1,,,0,0.0,0.0,0.0,0.0,0.0,,279.0,,0
1786377785.436,c2,recommend,,0.0,26.76,14.03,3.99,S3,0,,0,200.0,obs,698,26.76,14.03,4.0,S3,26.76,14.03,4.0,S3,26.76,14.03,3.99,S3,7.449,0,S3,site_s3,S3,S3,S3,174.5,0.0,0.0,370.6,1,1,1,,,0,0.0,0.0,0.0,0.0,0.0,,279.0,,0
1786377786.436,c1,reserve,,0.0,26.34,13.67,3.53,S3,0,,0,36.0,obs,348,26.34,13.67,3.65,S3,26.34,13.67,3.65,S3,26.34,13.67,3.53,S3,7.346,0,S3,site_s3,S3,S3,S3,87.0,0.0,0.0,24.2,1,1,1,,,0,0.0,0.0,0.0,0.0,0.0,,279.0,,0
1786377786.436,c1,search,,0.0,31.1,20.71,10.94,S3,0,,0,4474.0,obs,523,31.1,20.71,10.98,S3,31.1,20.71,10.98,S3,31.1,20.71,10.94,S3,7.346,0,S3,site_s3,S3,S3,S3,131.0,0.0,0.0,155.2,1,1,1,,,0,0.0,0.0,0.0,0.0,0.0,,279.0,,0
1786377786.436,c1,recommend,,0.0,26.76,14.03,4.01,S3,0,,0,200.0,obs,694,26.76,14.03,4.0,S3,26.76,14.03,4.0,S3,26.76,14.03,4.01,S3,7.346,0,S3,site_s3,S3,S3,S3,173.5,0.0,0.0,186.1,1,1,1,,,0,0.0,0.0,0.0,0.0,0.0,,279.0,,0
1786377786.436,c2,reserve,,0.0,26.34,13.67,3.53,S3,0,,0,36.0,obs,348,26.34,13.67,3.65,S3,26.34,13.67,3.65,S3,26.34,13.67,3.53,S3,7.346,0,S3,site_s3,S3,S3,S3,87.0,0.0,0.0,210.3,1,1,1,,,0,0.0,0.0,0.0,0.0,0.0,,279.0,,0
1786377786.436,c2,search,,0.0,31.1,20.71,10.94,S3,0,,0,4474.0,obs,523,31.1,20.71,10.98,S3,31.1,20.71,10.98,S3,31.1,20.71,10.94,S3,7.346,0,S3,site_s3,S3,S3,S3,130.5,0.0,0.0,340.8,1,1,1,,,0,0.0,0.0,0.0,0.0,0.0,,279.0,,0
1786377786.436,c2,recommend,,0.0,26.76,14.03,4.01,S3,0,,0,200.0,obs,694,26.76,14.03,4.0,S3,26.76,14.03,4.0,S3,26.76,14.03,4.01,S3,7.346,0,S3,site_s3,S3,S3,S3,173.5,0.0,0.0,371.6,1,1,1,,,0,0.0,0.0,0.0,0.0,0.0,,279.0,,0
1786377787.436,c1,reserve,,0.0,26.34,13.67,3.56,S3,0,,0,36.0,obs,351,26.34,13.67,3.65,S3,26.34,13.67,3.65,S3,26.34,13.67,3.56,S3,7.398,0,S3,site_s3,S3,S3,S3,88.0,0.0,0.0,24.5,1,1,1,,,0,0.0,0.0,0.0,0.0,0.0,,279.0,,0
1786377787.436,c1,search,,0.0,31.1,20.71,10.68,S3,0,,0,4474.0,obs,521,31.1,20.71,10.98,S3,31.1,20.71,10.98,S3,31.1,20.71,10.68,S3,7.398,0,S3,site_s3,S3,S3,S3,130.0,0.0,0.0,154.5,1,1,1,,,0,0.0,0.0,0.0,0.0,0.0,,279.0,,0
1786377787.436,c1,recommend,,0.0,26.76,14.03,3.9,S3,0,,0,200.0,obs,694,26.76,14.03,4.0,S3,26.76,14.03,4.0,S3,26.76,14.03,3.9,S3,7.398,0,S3,site_s3,S3,S3,S3,173.5,0.0,0.0,185.3,1,1,1,,,0,0.0,0.0,0.0,0.0,0.0,,279.0,,0
1786377787.436,c2,reserve,,0.0,26.34,13.67,3.56,S3,0,,0,36.0,obs,351,26.34,13.67,3.65,S3,26.34,13.67,3.65,S3,26.34,13.67,3.56,S3,7.398,0,S3,site_s3,S3,S3,S3,87.5,0.0,0.0,209.7,1,1,1,,,0,0.0,0.0,0.0,0.0,0.0,,279.0,,0
1786377787.436,c2,search,,0.0,31.1,20.71,10.68,S3,0,,0,4474.0,obs,521,31.1,20.71,10.98,S3,31.1,20.71,10.98,S3,31.1,20.71,10.68,S3,7.398,0,S3,site_s3,S3,S3,S3,130.5,0.0,0.0,340.2,1,1,1,,,0,0.0,0.0,0.0,0.0,0.0,,279.0,,0
1786377787.436,c2,recommend,,0.0,26.76,14.03,3.9,S3,0,,0,200.0,obs,694,26.76,14.03,4.0,S3,26.76,14.03,4.0,S3,26.76,14.03,3.9,S3,7.398,0,S3,site_s3,S3,S3,S3,173.5,0.0,0.0,371.1,1,1,1,,,0,0.0,0.0,0.0,0.0,0.0,,279.0,,0
1786377788.436,c1,reserve,,0.0,26.34,13.67,3.59,S3,0,,0,36.0,obs,348,26.34,13.67,3.65,S3,26.34,13.67,3.65,S3,26.34,13.67,3.59,S3,7.361,0,S3,site_s3,S3,S3,S3,87.0,0.0,0.0,24.2,1,1,1,,,0,0.0,0.0,0.0,0.0,0.0,,279.0,,0
1786377788.436,c1,search,,0.0,31.1,20.71,10.68,S3,0,,0,4474.0,obs,521,31.1,20.71,10.98,S3,31.1,20.71,10.98,S3,31.1,20.71,10.68,S3,7.361,0,S3,site_s3,S3,S3,S3,130.0,0.0,0.0,154.2,1,1,1,,,0,0.0,0.0,0.0,0.0,0.0,,279.0,,0
1786377788.436,c1,recommend,,0.0,26.76,14.03,3.88,S3,0,,0,200.0,obs,699,26.76,14.03,4.0,S3,26.76,14.03,4.0,S3,26.76,14.03,3.88,S3,7.361,0,S3,site_s3,S3,S3,S3,175.0,0.0,0.0,185.3,1,1,1,,,0,0.0,0.0,0.0,0.0,0.0,,279.0,,0
1786377788.436,c2,reserve,,0.0,26.34,13.67,3.59,S3,0,,0,36.0,obs,348,26.34,13.67,3.65,S3,26.34,13.67,3.65,S3,26.34,13.67,3.59,S3,7.361,0,S3,site_s3,S3,S3,S3,87.0,0.0,0.0,209.5,1,1,1,,,0,0.0,0.0,0.0,0.0,0.0,,279.0,,0
1786377788.436,c2,search,,0.0,31.1,20.71,10.68,S3,0,,0,4474.0,obs,521,31.1,20.71,10.98,S3,31.1,20.71,10.98,S3,31.1,20.71,10.68,S3,7.361,0,S3,site_s3,S3,S3,S3,130.5,0.0,0.0,340.0,1,1,1,,,0,0.0,0.0,0.0,0.0,0.0,,279.0,,0
1786377788.436,c2,recommend,,0.0,26.76,14.03,3.88,S3,0,,0,200.0,obs,699,26.76,14.03,4.0,S3,26.76,14.03,4.0,S3,26.76,14.03,3.88,S3,7.361,0,S3,site_s3,S3,S3,S3,174.5,0.0,0.0,371.1,1,1,1,,,0,0.0,0.0,0.0,0.0,0.0,,279.0,,0
1786377789.438,c1,reserve,,0.0,26.34,13.67,3.47,S3,0,,0,36.0,obs,346,26.34,13.67,3.65,S3,26.34,13.67,3.65,S3,26.34,13.67,3.47,S3,9.357,0,S3,site_s3,S3,S3,S3,86.5,0.0,0.0,24.0,1,1,1,,,0,0.0,0.0,0.0,0.0,0.0,,279.0,,0
1786377789.438,c1,search,,0.0,31.1,20.71,10.99,S3,0,,0,4474.0,obs,523,31.1,20.71,10.98,S3,31.1,20.71,10.98,S3,31.1,20.71,10.99,S3,9.357,0,S3,site_s3,S3,S3,S3,131.0,0.0,0.0,155.0,1,1,1,,,0,0.0,0.0,0.0,0.0,0.0,,279.0,,0
1786377789.438,c1,recommend,,0.0,26.76,14.03,3.93,S3,0,,0,200.0,obs,700,26.76,14.03,4.0,S3,26.76,14.03,4.0,S3,26.76,14.03,3.93,S3,9.357,0,S3,site_s3,S3,S3,S3,175.0,0.0,0.0,186.2,1,1,1,,,0,0.0,0.0,0.0,0.0,0.0,,279.0,,0
1786377789.438,c2,reserve,,0.0,26.34,13.67,3.47,S3,0,,0,36.0,obs,346,26.34,13.67,3.65,S3,26.34,13.67,3.65,S3,26.34,13.67,3.47,S3,9.357,0,S3,site_s3,S3,S3,S3,86.5,0.0,0.0,210.2,1,1,1,,,0,0.0,0.0,0.0,0.0,0.0,,279.0,,0
1786377789.438,c2,search,,0.0,31.1,20.71,10.99,S3,0,,0,4474.0,obs,523,31.1,20.71,10.98,S3,31.1,20.71,10.98,S3,31.1,20.71,10.99,S3,9.357,0,S3,site_s3,S3,S3,S3,130.5,0.0,0.0,340.7,1,1,1,,,0,0.0,0.0,0.0,0.0,0.0,,279.0,,0
1786377789.438,c2,recommend,,0.0,26.76,14.03,3.93,S3,0,,0,200.0,obs,700,26.76,14.03,4.0,S3,26.76,14.03,4.0,S3,26.76,14.03,3.93,S3,9.357,0,S3,site_s3,S3,S3,S3,175.0,0.0,0.0,371.9,1,1,1,,,0,0.0,0.0,0.0,0.0,0.0,,279.0,,0
1786377790.436,c1,reserve,,0.0,26.34,13.67,3.5,S3,0,,0,36.0,obs,347,26.34,13.67,3.65,S3,26.34,13.67,3.65,S3,26.34,13.67,3.5,S3,7.378,0,S3,site_s3,S3,S3,S3,86.5,0.0,0.0,24.0,1,1,1,,,0,0.0,0.0,0.0,0.0,0.0,,279.0,,0
1786377790.436,c1,search,,0.0,31.1,20.71,10.99,S3,0,,0,4474.0,obs,525,31.1,20.71,10.98,S3,31.1,20.71,10.98,S3,31.1,20.71,10.99,S3,7.378,0,S3,site_s3,S3,S3,S3,131.5,0.0,0.0,155.5,1,1,1,,,0,0.0,0.0,0.0,0.0,0.0,,279.0,,0
1786377790.436,c1,recommend,,0.0,26.76,14.03,3.91,S3,0,,0,200.0,obs,697,26.76,14.03,4.0,S3,26.76,14.03,4.0,S3,26.76,14.03,3.91,S3,7.378,0,S3,site_s3,S3,S3,S3,174.5,0.0,0.0,186.6,1,1,1,,,0,0.0,0.0,0.0,0.0,0.0,,279.0,,0
1786377790.436,c2,reserve,,0.0,26.34,13.67,3.5,S3,0,,0,36.0,obs,347,26.34,13.67,3.65,S3,26.34,13.67,3.65,S3,26.34,13.67,3.5,S3,7.378,0,S3,site_s3,S3,S3,S3,87.0,0.0,0.0,210.8,1,1,1,,,0,0.0,0.0,0.0,0.0,0.0,,279.0,,0
1786377790.436,c2,search,,0.0,31.1,20.71,10.99,S3,0,,0,4474.0,obs,525,31.1,20.71,10.98,S3,31.1,20.71,10.98,S3,31.1,20.71,10.99,S3,7.378,0,S3,site_s3,S3,S3,S3,131.0,0.0,0.0,341.8,1,1,1,,,0,0.0,0.0,0.0,0.0,0.0,,279.0,,0
1786377790.436,c2,recommend,,0.0,26.76,14.03,3.91,S3,0,,0,200.0,obs,697,26.76,14.03,4.0,S3,26.76,14.03,4.0,S3,26.76,14.03,3.91,S3,7.378,0,S3,site_s3,S3,S3,S3,174.0,0.0,0.0,372.8,1,1,1,,,0,0.0,0.0,0.0,0.0,0.0,,279.0,,0
1786377791.435,c1,reserve,,0.0,26.34,13.67,3.65,S3,0,,0,36.0,obs,351,26.34,13.67,3.65,S3,26.34,13.67,3.65,S3,26.34,13.67,3.65,S3,7.358,0,S3,site_s3,S3,S3,S3,88.0,0.0,0.0,24.5,1,1,1,,,0,0.0,0.0,0.0,0.0,0.0,,279.0,,0
1786377791.435,c1,search,,0.0,31.1,20.71,10.96,S3,0,,0,4474.0,obs,524,31.1,20.71,10.98,S3,31.1,20.71,10.98,S3,31.1,20.71,10.96,S3,7.358,0,S3,site_s3,S3,S3,S3,131.0,0.0,0.0,155.5,1,1,1,,,0,0.0,0.0,0.0,0.0,0.0,,279.0,,0
1786377791.435,c1,recommend,,0.0,26.76,14.03,3.89,S3,0,,0,200.0,obs,695,26.76,14.03,4.0,S3,26.76,14.03,4.0,S3,26.76,14.03,3.89,S3,7.358,0,S3,site_s3,S3,S3,S3,173.5,0.0,0.0,186.3,1,1,1,,,0,0.0,0.0,0.0,0.0,0.0,,279.0,,0
1786377791.435,c2,reserve,,0.0,26.34,13.67,3.65,S3,0,,0,36.0,obs,351,26.34,13.67,3.65,S3,26.34,13.67,3.65,S3,26.34,13.67,3.65,S3,7.358,0,S3,site_s3,S3,S3,S3,87.5,0.0,0.0,210.7,1,1,1,,,0,0.0,0.0,0.0,0.0,0.0,,279.0,,0
1786377791.435,c2,search,,0.0,31.1,20.71,10.96,S3,0,,0,4474.0,obs,524,31.1,20.71,10.98,S3,31.1,20.71,10.98,S3,31.1,20.71,10.96,S3,7.358,0,S3,site_s3,S3,S3,S3,131.0,0.0,0.0,341.7,1,1,1,,,0,0.0,0.0,0.0,0.0,0.0,,279.0,,0
1786377791.435,c2,recommend,,0.0,26.76,14.03,3.89,S3,0,,0,200.0,obs,695,26.76,14.03,4.0,S3,26.76,14.03,4.0,S3,26.76,14.03,3.89,S3,7.358,0,S3,site_s3,S3,S3,S3,174.0,0.0,0.0,372.6,1,1,1,,,0,0.0,0.0,0.0,0.0,0.0,,279.0,,0
1786377792.435,c1,reserve,,0.0,26.34,13.67,3.6,S3,0,,0,36.0,obs,352,26.34,13.67,3.65,S3,26.34,13.67,3.65,S3,26.34,13.67,3.6,S3,7.322,0,S3,site_s3,S3,S3,S3,88.0,0.0,0.0,24.5,1,1,1,,,0,0.0,0.0,0.0,0.0,0.0,,279.0,,0
1786377792.435,c1,search,,0.0,31.1,20.71,10.96,S3,0,,0,4474.0,obs,521,31.1,20.71,10.98,S3,31.1,20.71,10.98,S3,31.1,20.71,10.96,S3,7.322,0,S3,site_s3,S3,S3,S3,130.5,0.0,0.0,155.0,1,1,1,,,0,0.0,0.0,0.0,0.0,0.0,,279.0,,0
1786377792.435,c1,recommend,,0.0,26.76,14.03,3.99,S3,0,,0,200.0,obs,698,26.76,14.03,4.0,S3,26.76,14.03,4.0,S3,26.76,14.03,3.99,S3,7.322,0,S3,site_s3,S3,S3,S3,174.5,0.0,0.0,186.0,1,1,1,,,0,0.0,0.0,0.0,0.0,0.0,,279.0,,0
1786377792.435,c2,reserve,,0.0,26.34,13.67,3.6,S3,0,,0,36.0,obs,352,26.34,13.67,3.65,S3,26.34,13.67,3.65,S3,26.34,13.67,3.6,S3,7.322,0,S3,site_s3,S3,S3,S3,88.0,0.0,0.0,210.5,1,1,1,,,0,0.0,0.0,0.0,0.0,0.0,,279.0,,0
1786377792.435,c2,search,,0.0,31.1,20.71,10.96,S3,0,,0,4474.0,obs,521,31.1,20.71,10.98,S3,31.1,20.71,10.98,S3,31.1,20.71,10.96,S3,7.322,0,S3,site_s3,S3,S3,S3,130.0,0.0,0.0,340.5,1,1,1,,,0,0.0,0.0,0.0,0.0,0.0,,279.0,,0
1786377792.435,c2,recommend,,0.0,26.76,14.03,3.99,S3,0,,0,200.0,obs,698,26.76,14.03,4.0,S3,26.76,14.03,4.0,S3,26.76,14.03,3.99,S3,7.322,0,S3,site_s3,S3,S3,S3,174.5,0.0,0.0,371.6,1,1,1,,,0,0.0,0.0,0.0,0.0,0.0,,279.0,,0
1786377793.436,c1,reserve,,0.0,26.34,13.67,3.48,S3,0,,0,36.0,obs,348,26.34,13.67,3.65,S3,26.34,13.67,3.65,S3,26.34,13.67,3.48,S3,7.391,0,S3,site_s3,S3,S3,S3,87.0,0.0,0.0,24.2,1,1,1,,,0,0.0,0.0,0.0,0.0,0.0,,279.0,,0
1786377793.436,c1,search,,0.0,31.1,20.71,10.84,S3,0,,0,4474.0,obs,522,31.1,20.71,10.98,S3,31.1,20.71,10.98,S3,31.1,20.71,10.84,S3,7.391,0,S3,site_s3,S3,S3,S3,130.5,0.0,0.0,154.7,1,1,1,,,0,0.0,0.0,0.0,0.0,0.0,,279.0,,0
1786377793.436,c1,recommend,,0.0,26.76,14.03,4.05,S3,0,,0,200.0,obs,702,26.76,14.03,4.0,S3,26.76,14.03,4.0,S3,26.76,14.03,4.05,S3,7.391,0,S3,site_s3,S3,S3,S3,175.5,0.0,0.0,185.9,1,1,1,,,0,0.0,0.0,0.0,0.0,0.0,,279.0,,0
1786377793.436,c2,reserve,,0.0,26.34,13.67,3.48,S3,0,,0,36.0,obs,348,26.34,13.67,3.65,S3,26.34,13.67,3.65,S3,26.34,13.67,3.48,S3,7.391,0,S3,site_s3,S3,S3,S3,87.0,0.0,0.0,210.1,1,1,1,,,0,0.0,0.0,0.0,0.0,0.0,,279.0,,0
1786377793.436,c2,search,,0.0,31.1,20.71,10.84,S3,0,,0,4474.0,obs,522,31.1,20.71,10.98,S3,31.1,20.71,10.98,S3,31.1,20.71,10.84,S3,7.391,0,S3,site_s3,S3,S3,S3,130.5,0.0,0.0,340.6,1,1,1,,,0,0.0,0.0,0.0,0.0,0.0,,279.0,,0
1786377793.436,c2,recommend,,0.0,26.76,14.03,4.05,S3,0,,0,200.0,obs,702,26.76,14.03,4.0,S3,26.76,14.03,4.0,S3,26.76,14.03,4.05,S3,7.391,0,S3,site_s3,S3,S3,S3,175.5,0.0,0.0,371.8,1,1,1,,,0,0.0,0.0,0.0,0.0,0.0,,279.0,,0
1786377794.436,c1,reserve,,0.0,26.34,13.67,3.54,S3,0,,0,36.0,obs,347,26.34,13.67,3.65,S3,26.34,13.67,3.65,S3,26.34,13.67,3.54,S3,7.397,0,S3,site_s3,S3,S3,S3,87.0,0.0,0.0,24.2,1,1,1,,,0,0.0,0.0,0.0,0.0,0.0,,279.0,,0
1786377794.436,c1,search,,0.0,31.1,20.71,10.93,S3,0,,0,4474.0,obs,525,31.1,20.71,10.98,S3,31.1,20.71,10.98,S3,31.1,20.71,10.93,S3,7.397,0,S3,site_s3,S3,S3,S3,131.0,0.0,0.0,155.2,1,1,1,,,0,0.0,0.0,0.0,0.0,0.0,,279.0,,0
1786377794.436,c1,recommend,,0.0,26.76,14.03,3.98,S3,0,,0,200.0,obs,703,26.76,14.03,4.0,S3,26.76,14.03,4.0,S3,26.76,14.03,3.98,S3,7.397,0,S3,site_s3,S3,S3,S3,176.0,0.0,0.0,186.5,1,1,1,,,0,0.0,0.0,0.0,0.0,0.0,,279.0,,0
1786377794.436,c2,reserve,,0.0,26.34,13.67,3.54,S3,0,,0,36.0,obs,347,26.34,13.67,3.65,S3,26.34,13.67,3.65,S3,26.34,13.67,3.54,S3,7.397,0,S3,site_s3,S3,S3,S3,86.5,0.0,0.0,210.6,1,1,1,,,0,0.0,0.0,0.0,0.0,0.0,,279.0,,0
1786377794.436,c2,search,,0.0,31.1,20.71,10.93,S3,0,,0,4474.0,obs,525,31.1,20.71,10.98,S3,31.1,20.71,10.98,S3,31.1,20.71,10.93,S3,7.397,0,S3,site_s3,S3,S3,S3,131.5,0.0,0.0,342.1,1,1,1,,,0,0.0,0.0,0.0,0.0,0.0,,279.0,,0
1786377794.436,c2,recommend,,0.0,26.76,14.03,3.98,S3,0,,0,200.0,obs,703,26.76,14.03,4.0,S3,26.76,14.03,4.0,S3,26.76,14.03,3.98,S3,7.397,0,S3,site_s3,S3,S3,S3,175.5,0.0,0.0,373.3,1,1,1,,,0,0.0,0.0,0.0,0.0,0.0,,279.0,,0
1786377795.436,c1,reserve,,0.0,26.34,13.67,3.6,S3,0,,0,36.0,obs,350,26.34,13.67,3.65,S3,26.34,13.67,3.65,S3,26.34,13.67,3.6,S3,7.409,0,S3,site_s3,S3,S3,S3,87.5,0.0,0.0,24.3,1,1,1,,,0,0.0,0.0,0.0,0.0,0.0,,279.0,,0
1786377795.436,c1,search,,0.0,31.1,20.71,10.81,S3,0,,0,4474.0,obs,527,31.1,20.71,10.98,S3,31.1,20.71,10.98,S3,31.1,20.71,10.81,S3,7.409,0,S3,site_s3,S3,S3,S3,132.0,0.0,0.0,156.3,1,1,1,,,0,0.0,0.0,0.0,0.0,0.0,,279.0,,0
1786377795.436,c1,recommend,,0.0,26.76,14.03,3.86,S3,0,,0,200.0,obs,698,26.76,14.03,4.0,S3,26.76,14.03,4.0,S3,26.76,14.03,3.86,S3,7.409,0,S3,site_s3,S3,S3,S3,174.5,0.0,0.0,187.4,1,1,1,,,0,0.0,0.0,0.0,0.0,0.0,,279.0,,0
1786377795.436,c2,reserve,,0.0,26.34,13.67,3.6,S3,0,,0,36.0,obs,350,26.34,13.67,3.65,S3,26.34,13.67,3.65,S3,26.34,13.67,3.6,S3,7.409,0,S3,site_s3,S3,S3,S3,87.5,0.0,0.0,211.7,1,1,1,,,0,0.0,0.0,0.0,0.0,0.0,,279.0,,0
1786377795.436,c2,search,,0.0,31.1,20.71,10.81,S3,0,,0,4474.0,obs,527,31.1,20.71,10.98,S3,31.1,20.71,10.98,S3,31.1,20.71,10.81,S3,7.409,0,S3,site_s3,S3,S3,S3,131.5,0.0,0.0,343.2,1,1,1,,,0,0.0,0.0,0.0,0.0,0.0,,279.0,,0
1786377795.436,c2,recommend,,0.0,26.76,14.03,3.86,S3,0,,0,200.0,obs,698,26.76,14.03,4.0,S3,26.76,14.03,4.0,S3,26.76,14.03,3.86,S3,7.409,0,S3,site_s3,S3,S3,S3,174.5,0.0,0.0,374.3,1,1,1,,,0,0.0,0.0,0.0,0.0,0.0,,279.0,,0
1786377796.435,c1,reserve,,0.0,26.34,13.67,3.6,S3,0,,0,36.0,obs,354,26.34,13.67,3.65,S3,26.34,13.67,3.65,S3,26.34,13.67,3.6,S3,7.354,0,S3,site_s3,S3,S3,S3,88.5,0.0,0.0,24.6,1,1,1,,,0,0.0,0.0,0.0,0.0,0.0,,279.0,,0
1786377796.435,c1,search,,0.0,31.1,20.71,10.67,S3,0,,0,4474.0,obs,524,31.1,20.71,10.98,S3,31.1,20.71,10.98,S3,31.1,20.71,10.67,S3,7.354,0,S3,site_s3,S3,S3,S3,131.0,0.0,0.0,155.6,1,1,1,,,0,0.0,0.0,0.0,0.0,0.0,,279.0,,0
1786377796.435,c1,recommend,,0.0,26.76,14.03,3.86,S3,0,,0,200.0,obs,697,26.76,14.03,4.0,S3,26.76,14.03,4.0,S3,26.76,14.03,3.86,S3,7.354,0,S3,site_s3,S3,S3,S3,174.5,0.0,0.0,186.7,1,1,1,,,0,0.0,0.0,0.0,0.0,0.0,,279.0,,0
1786377796.435,c2,reserve,,0.0,26.34,13.67,3.6,S3,0,,0,36.0,obs,354,26.34,13.67,3.65,S3,26.34,13.67,3.65,S3,26.34,13.67,3.6,S3,7.354,0,S3,site_s3,S3,S3,S3,88.5,0.0,0.0,211.3,1,1,1,,,0,0.0,0.0,0.0,0.0,0.0,,279.0,,0
1786377796.435,c2,search,,0.0,31.1,20.71,10.67,S3,0,,0,4474.0,obs,524,31.1,20.71,10.98,S3,31.1,20.71,10.98,S3,31.1,20.71,10.67,S3,7.354,0,S3,site_s3,S3,S3,S3,131.0,0.0,0.0,342.3,1,1,1,,,0,0.0,0.0,0.0,0.0,0.0,,279.0,,0
1786377796.435,c2,recommend,,0.0,26.76,14.03,3.86,S3,0,,0,200.0,obs,697,26.76,14.03,4.0,S3,26.76,14.03,4.0,S3,26.76,14.03,3.86,S3,7.354,0,S3,site_s3,S3,S3,S3,174.0,0.0,0.0,373.2,1,1,1,,,0,0.0,0.0,0.0,0.0,0.0,,279.0,,0
1786377797.436,c1,reserve,,0.0,26.34,13.67,3.61,S3,0,,0,36.0,obs,351,26.34,13.67,3.65,S3,26.34,13.67,3.65,S3,26.34,13.67,3.61,S3,7.405,0,S3,site_s3,S3,S3,S3,88.0,0.0,0.0,24.5,1,1,1,,,0,0.0,0.0,0.0,0.0,0.0,,279.0,,0
1786377797.436,c1,search,,0.0,31.1,20.71,10.62,S3,0,,0,4474.0,obs,523,31.1,20.71,10.98,S3,31.1,20.71,10.98,S3,31.1,20.71,10.62,S3,7.405,0,S3,site_s3,S3,S3,S3,130.5,0.0,0.0,155.0,1,1,1,,,0,0.0,0.0,0.0,0.0,0.0,,279.0,,0
1786377797.436,c1,recommend,,0.0,26.76,14.03,3.92,S3,0,,0,200.0,obs,702,26.76,14.03,4.0,S3,26.76,14.03,4.0,S3,26.76,14.03,3.92,S3,7.405,0,S3,site_s3,S3,S3,S3,175.5,0.0,0.0,186.2,1,1,1,,,0,0.0,0.0,0.0,0.0,0.0,,279.0,,0
1786377797.436,c2,reserve,,0.0,26.34,13.67,3.61,S3,0,,0,36.0,obs,351,26.34,13.67,3.65,S3,26.34,13.67,3.65,S3,26.34,13.67,3.61,S3,7.405,0,S3,site_s3,S3,S3,S3,87.5,0.0,0.0,210.5,1,1,1,,,0,0.0,0.0,0.0,0.0,0.0,,279.0,,0
1786377797.436,c2,search,,0.0,31.1,20.71,10.62,S3,0,,0,4474.0,obs,523,31.1,20.71,10.98,S3,31.1,20.71,10.98,S3,31.1,20.71,10.62,S3,7.405,0,S3,site_s3,S3,S3,S3,131.0,0.0,0.0,341.5,1,1,1,,,0,0.0,0.0,0.0,0.0,0.0,,279.0,,0
1786377797.436,c2,recommend,,0.0,26.76,14.03,3.92,S3,0,,0,200.0,obs,702,26.76,14.03,4.0,S3,26.76,14.03,4.0,S3,26.76,14.03,3.92,S3,7.405,0,S3,site_s3,S3,S3,S3,175.5,0.0,0.0,372.8,1,1,1,,,0,0.0,0.0,0.0,0.0,0.0,,279.0,,0
1786377798.435,c1,reserve,,0.0,26.34,13.67,3.6,S3,0,,0,36.0,obs,348,26.34,13.67,3.65,S3,26.34,13.67,3.65,S3,26.34,13.67,3.6,S3,7.342,0,S3,site_s3,S3,S3,S3,87.0,0.0,0.0,24.2,1,1,1,,,0,0.0,0.0,0.0,0.0,0.0,,279.0,,0
1786377798.435,c1,search,,0.0,31.1,20.71,10.69,S3,0,,0,4474.0,obs,525,31.1,20.71,10.98,S3,31.1,20.71,10.98,S3,31.1,20.71,10.69,S3,7.342,0,S3,site_s3,S3,S3,S3,131.5,0.0,0.0,155.7,1,1,1,,,0,0.0,0.0,0.0,0.0,0.0,,279.0,,0
1786377798.435,c1,recommend,,0.0,26.76,14.03,3.94,S3,0,,0,200.0,obs,704,26.76,14.03,4.0,S3,26.76,14.03,4.0,S3,26.76,14.03,3.94,S3,7.342,0,S3,site_s3,S3,S3,S3,176.0,0.0,0.0,187.0,1,1,1,,,0,0.0,0.0,0.0,0.0,0.0,,279.0,,0
1786377798.435,c2,reserve,,0.0,26.34,13.67,3.6,S3,0,,0,36.0,obs,348,26.34,13.67,3.65,S3,26.34,13.67,3.65,S3,26.34,13.67,3.6,S3,7.342,0,S3,site_s3,S3,S3,S3,87.0,0.0,0.0,211.2,1,1,1,,,0,0.0,0.0,0.0,0.0,0.0,,279.0,,0
1786377798.435,c2,search,,0.0,31.1,20.71,10.69,S3,0,,0,4474.0,obs,525,31.1,20.71,10.98,S3,31.1,20.71,10.98,S3,31.1,20.71,10.69,S3,7.342,0,S3,site_s3,S3,S3,S3,131.0,0.0,0.0,342.2,1,1,1,,,0,0.0,0.0,0.0,0.0,0.0,,279.0,,0
1786377798.435,c2,recommend,,0.0,26.76,14.03,3.94,S3,0,,0,200.0,obs,704,26.76,14.03,4.0,S3,26.76,14.03,4.0,S3,26.76,14.03,3.94,S3,7.342,0,S3,site_s3,S3,S3,S3,176.0,0.0,0.0,373.5,1,1,1,,,0,0.0,0.0,0.0,0.0,0.0,,279.0,,0
1786377799.436,c1,reserve,,0.0,26.34,13.67,3.59,S3,0,,0,36.0,obs,348,26.34,13.67,3.65,S3,26.34,13.67,3.65,S3,26.34,13.67,3.59,S3,7.39,0,S3,site_s3,S3,S3,S3,87.0,0.0,0.0,24.2,1,1,1,,,0,0.0,0.0,0.0,0.0,0.0,,279.0,,0
1786377799.436,c1,search,,0.0,31.1,20.71,10.92,S3,0,,0,4474.0,obs,528,31.1,20.71,10.98,S3,31.1,20.71,10.98,S3,31.1,20.71,10.92,S3,7.39,0,S3,site_s3,S3,S3,S3,132.0,0.0,0.0,156.2,1,1,1,,,0,0.0,0.0,0.0,0.0,0.0,,279.0,,0
1786377799.436,c1,recommend,,0.0,26.76,14.03,3.92,S3,0,,0,200.0,obs,702,26.76,14.03,4.0,S3,26.76,14.03,4.0,S3,26.76,14.03,3.92,S3,7.39,0,S3,site_s3,S3,S3,S3,175.5,0.0,0.0,187.4,1,1,1,,,0,0.0,0.0,0.0,0.0,0.0,,279.0,,0
1786377799.436,c2,reserve,,0.0,26.34,13.67,3.59,S3,0,,0,36.0,obs,348,26.34,13.67,3.65,S3,26.34,13.67,3.65,S3,26.34,13.67,3.59,S3,7.39,0,S3,site_s3,S3,S3,S3,87.0,0.0,0.0,211.6,1,1,1,,,0,0.0,0.0,0.0,0.0,0.0,,279.0,,0
1786377799.436,c2,search,,0.0,31.1,20.71,10.92,S3,0,,0,4474.0,obs,528,31.1,20.71,10.98,S3,31.1,20.71,10.98,S3,31.1,20.71,10.92,S3,7.39,0,S3,site_s3,S3,S3,S3,132.0,0.0,0.0,343.6,1,1,1,,,0,0.0,0.0,0.0,0.0,0.0,,279.0,,0
1786377799.436,c2,recommend,,0.0,26.76,14.03,3.92,S3,0,,0,200.0,obs,702,26.76,14.03,4.0,S3,26.76,14.03,4.0,S3,26.76,14.03,3.92,S3,7.39,0,S3,site_s3,S3,S3,S3,175.5,0.0,0.0,374.8,1,1,1,,,0,0.0,0.0,0.0,0.0,0.0,,279.0,,0
1786377800.435,c1,reserve,,0.0,26.34,13.67,3.56,S3,0,,0,36.0,obs,342,26.34,13.67,3.65,S3,26.34,13.67,3.65,S3,26.34,13.67,3.56,S3,6.932,0,S3,site_s3,S3,S3,S3,85.5,0.0,0.0,23.8,1,1,1,,,0,0.0,0.0,0.0,0.0,0.0,,279.0,,0
1786377800.435,c1,search,,0.0,31.1,20.71,10.97,S3,0,,0,4474.0,obs,510,31.1,20.71,10.98,S3,31.1,20.71,10.98,S3,31.1,20.71,10.97,S3,6.932,0,S3,site_s3,S3,S3,S3,127.5,0.0,0.0,151.3,1,1,1,,,0,0.0,0.0,0.0,0.0,0.0,,279.0,,0
1786377800.435,c1,recommend,,0.0,26.76,14.03,3.88,S3,0,,0,200.0,obs,675,26.76,14.03,4.0,S3,26.76,14.03,4.0,S3,26.76,14.03,3.88,S3,6.932,0,S3,site_s3,S3,S3,S3,168.5,0.0,0.0,181.3,1,1,1,,,0,0.0,0.0,0.0,0.0,0.0,,279.0,,0
1786377800.435,c2,reserve,,0.0,26.34,13.67,3.56,S3,0,,0,36.0,obs,342,26.34,13.67,3.65,S3,26.34,13.67,3.65,S3,26.34,13.67,3.56,S3,6.932,0,S3,site_s3,S3,S3,S3,85.5,0.0,0.0,205.0,1,1,1,,,0,0.0,0.0,0.0,0.0,0.0,,279.0,,0
1786377800.435,c2,search,,0.0,31.1,20.71,10.97,S3,0,,0,4474.0,obs,510,31.1,20.71,10.98,S3,31.1,20.71,10.98,S3,31.1,20.71,10.97,S3,6.932,0,S3,site_s3,S3,S3,S3,127.5,0.0,0.0,332.5,1,1,1,,,0,0.0,0.0,0.0,0.0,0.0,,279.0,,0
1786377800.435,c2,recommend,,0.0,26.76,14.03,3.88,S3,0,,0,200.0,obs,675,26.76,14.03,4.0,S3,26.76,14.03,4.0,S3,26.76,14.03,3.88,S3,6.932,0,S3,site_s3,S3,S3,S3,169.0,0.0,0.0,362.6,1,1,1,,,0,0.0,0.0,0.0,0.0,0.0,,279.0,,0
1786377801.436,c1,reserve,,0.0,26.34,13.67,3.56,S3,0,,0,36.0,obs,334,26.34,13.67,3.65,S3,26.34,13.67,3.65,S3,26.34,13.67,3.56,S3,7.249,0,S3,site_s3,S3,S3,S3,83.5,0.0,0.0,23.2,1,1,1,,,0,0.0,0.0,0.0,0.0,0.0,,279.0,,0
1786377801.436,c1,search,,0.0,31.1,20.71,10.99,S3,0,,0,4474.0,obs,497,31.1,20.71,10.98,S3,31.1,20.71,10.98,S3,31.1,20.71,10.99,S3,7.249,0,S3,site_s3,S3,S3,S3,124.5,0.0,0.0,147.7,1,1,1,,,0,0.0,0.0,0.0,0.0,0.0,,279.0,,0
1786377801.436,c1,recommend,,0.0,26.76,14.03,3.97,S3,0,,0,200.0,obs,668,26.76,14.03,4.0,S3,26.76,14.03,4.0,S3,26.76,14.03,3.97,S3,7.249,0,S3,site_s3,S3,S3,S3,167.0,0.0,0.0,177.4,1,1,1,,,0,0.0,0.0,0.0,0.0,0.0,,279.0,,0
1786377801.436,c2,reserve,,0.0,26.34,13.67,3.56,S3,0,,0,36.0,obs,334,26.34,13.67,3.65,S3,26.34,13.67,3.65,S3,26.34,13.67,3.56,S3,7.249,0,S3,site_s3,S3,S3,S3,83.5,0.0,0.0,200.7,1,1,1,,,0,0.0,0.0,0.0,0.0,0.0,,279.0,,0
1786377801.436,c2,search,,0.0,31.1,20.71,10.99,S3,0,,0,4474.0,obs,497,31.1,20.71,10.98,S3,31.1,20.71,10.98,S3,31.1,20.71,10.99,S3,7.249,0,S3,site_s3,S3,S3,S3,124.0,0.0,0.0,324.7,1,1,1,,,0,0.0,0.0,0.0,0.0,0.0,,279.0,,0
1786377801.436,c2,recommend,,0.0,26.76,14.03,3.97,S3,0,,0,200.0,obs,668,26.76,14.03,4.0,S3,26.76,14.03,4.0,S3,26.76,14.03,3.97,S3,7.249,0,S3,site_s3,S3,S3,S3,167.0,0.0,0.0,354.4,1,1,1,,,0,0.0,0.0,0.0,0.0,0.0,,279.0,,0
1786377802.436,c1,reserve,,0.0,26.34,13.67,3.61,S3,0,,0,36.0,obs,333,26.34,13.67,3.65,S3,26.34,13.67,3.65,S3,26.34,13.67,3.61,S3,7.292,0,S3,site_s3,S3,S3,S3,83.0,0.0,0.0,23.1,1,1,1,,,0,0.0,0.0,0.0,0.0,0.0,,279.0,,0
1786377802.436,c1,search,,0.0,31.1,20.71,10.86,S3,0,,0,4474.0,obs,500,31.1,20.71,10.98,S3,31.1,20.71,10.98,S3,31.1,20.71,10.86,S3,7.292,0,S3,site_s3,S3,S3,S3,125.0,0.0,0.0,148.1,1,1,1,,,0,0.0,0.0,0.0,0.0,0.0,,279.0,,0
1786377802.436,c1,recommend,,0.0,26.76,14.03,3.93,S3,0,,0,200.0,obs,668,26.76,14.03,4.0,S3,26.76,14.03,4.0,S3,26.76,14.03,3.93,S3,7.292,0,S3,site_s3,S3,S3,S3,167.0,0.0,0.0,177.8,1,1,1,,,0,0.0,0.0,0.0,0.0,0.0,,279.0,,0
1786377802.436,c2,reserve,,0.0,26.34,13.67,3.61,S3,0,,0,36.0,obs,333,26.34,13.67,3.65,S3,26.34,13.67,3.65,S3,26.34,13.67,3.61,S3,7.292,0,S3,site_s3,S3,S3,S3,83.5,0.0,0.0,201.0,1,1,1,,,0,0.0,0.0,0.0,0.0,0.0,,279.0,,0
1786377802.436,c2,search,,0.0,31.1,20.71,10.86,S3,0,,0,4474.0,obs,500,31.1,20.71,10.98,S3,31.1,20.71,10.98,S3,31.1,20.71,10.86,S3,7.292,0,S3,site_s3,S3,S3,S3,125.0,0.0,0.0,326.0,1,1,1,,,0,0.0,0.0,0.0,0.0,0.0,,279.0,,0
1786377802.436,c2,recommend,,0.0,26.76,14.03,3.93,S3,0,,0,200.0,obs,668,26.76,14.03,4.0,S3,26.76,14.03,4.0,S3,26.76,14.03,3.93,S3,7.292,0,S3,site_s3,S3,S3,S3,167.0,0.0,0.0,355.7,1,1,1,,,0,0.0,0.0,0.0,0.0,0.0,,279.0,,0
1786377803.436,c1,reserve,,0.0,26.34,13.67,3.59,S3,0,,0,36.0,obs,332,26.34,13.67,3.65,S3,26.34,13.67,3.65,S3,26.34,13.67,3.59,S3,7.366,0,S3,site_s3,S3,S3,S3,83.0,0.0,0.0,23.1,1,1,1,,,0,0.0,0.0,0.0,0.0,0.0,,279.0,,0
1786377803.436,c1,search,,0.0,31.1,20.71,10.88,S3,0,,0,4474.0,obs,500,31.1,20.71,10.98,S3,31.1,20.71,10.98,S3,31.1,20.71,10.88,S3,7.366,0,S3,site_s3,S3,S3,S3,125.0,0.0,0.0,148.1,1,1,1,,,0,0.0,0.0,0.0,0.0,0.0,,279.0,,0
1786377803.436,c1,recommend,,0.0,26.76,14.03,3.91,S3,0,,0,200.0,obs,669,26.76,14.03,4.0,S3,26.76,14.03,4.0,S3,26.76,14.03,3.91,S3,7.366,0,S3,site_s3,S3,S3,S3,167.5,0.0,0.0,177.9,1,1,1,,,0,0.0,0.0,0.0,0.0,0.0,,279.0,,0
1786377803.436,c2,reserve,,0.0,26.34,13.67,3.59,S3,0,,0,36.0,obs,332,26.34,13.67,3.65,S3,26.34,13.67,3.65,S3,26.34,13.67,3.59,S3,7.366,0,S3,site_s3,S3,S3,S3,83.0,0.0,0.0,201.0,1,1,1,,,0,0.0,0.0,0.0,0.0,0.0,,279.0,,0
1786377803.436,c2,search,,0.0,31.1,20.71,10.88,S3,0,,0,4474.0,obs,500,31.1,20.71,10.98,S3,31.1,20.71,10.98,S3,31.1,20.71,10.88,S3,7.366,0,S3,site_s3,S3,S3,S3,125.0,0.0,0.0,326.0,1,1,1,,,0,0.0,0.0,0.0,0.0,0.0,,279.0,,0
1786377803.436,c2,recommend,,0.0,26.76,14.03,3.91,S3,0,,0,200.0,obs,669,26.76,14.03,4.0,S3,26.76,14.03,4.0,S3,26.76,14.03,3.91,S3,7.366,0,S3,site_s3,S3,S3,S3,167.0,0.0,0.0,355.7,1,1,1,,,0,0.0,0.0,0.0,0.0,0.0,,279.0,,0
1786377804.436,c1,reserve,,0.0,26.34,13.67,3.53,S3,0,,0,36.0,obs,335,26.34,13.67,3.65,S3,26.34,13.67,3.65,S3,26.34,13.67,3.53,S3,7.332,0,S3,site_s3,S3,S3,S3,84.0,0.0,0.0,23.4,1,1,1,,,0,0.0,0.0,0.0,0.0,0.0,,279.0,,0
1786377804.436,c1,search,,0.0,31.1,20.71,10.8,S3,0,,0,4474.0,obs,502,31.1,20.71,10.98,S3,31.1,20.71,10.98,S3,31.1,20.71,10.8,S3,7.332,0,S3,site_s3,S3,S3,S3,125.5,0.0,0.0,148.9,1,1,1,,,0,0.0,0.0,0.0,0.0,0.0,,279.0,,0
1786377804.436,c1,recommend,,0.0,26.76,14.03,3.85,S3,0,,0,200.0,obs,665,26.76,14.03,4.0,S3,26.76,14.03,4.0,S3,26.76,14.03,3.85,S3,7.332,0,S3,site_s3,S3,S3,S3,166.0,0.0,0.0,178.4,1,1,1,,,0,0.0,0.0,0.0,0.0,0.0,,279.0,,0
1786377804.436,c2,reserve,,0.0,26.34,13.67,3.53,S3,0,,0,36.0,obs,335,26.34,13.67,3.65,S3,26.34,13.67,3.65,S3,26.34,13.67,3.53,S3,7.332,0,S3,site_s3,S3,S3,S3,83.5,0.0,0.0,201.6,1,1,1,,,0,0.0,0.0,0.0,0.0,0.0,,279.0,,0
1786377804.436,c2,search,,0.0,31.1,20.71,10.8,S3,0,,0,4474.0,obs,502,31.1,20.71,10.98,S3,31.1,20.71,10.98,S3,31.1,20.71,10.8,S3,7.332,0,S3,site_s3,S3,S3,S3,125.5,0.0,0.0,327.1,1,1,1,,,0,0.0,0.0,0.0,0.0,0.0,,279.0,,0
1786377804.436,c2,recommend,,0.0,26.76,14.03,3.85,S3,0,,0,200.0,obs,665,26.76,14.03,4.0,S3,26.76,14.03,4.0,S3,26.76,14.03,3.85,S3,7.332,0,S3,site_s3,S3,S3,S3,166.5,0.0,0.0,356.8,1,1,1,,,0,0.0,0.0,0.0,0.0,0.0,,279.0,,0
1786377805.436,c1,reserve,,0.0,26.34,13.67,3.55,S3,0,,0,36.0,obs,336,26.34,13.67,3.65,S3,26.34,13.67,3.65,S3,26.34,13.67,3.55,S3,8.01,0,S3,site_s3,S3,S3,S3,84.0,0.0,0.0,23.4,1,1,1,,,0,0.0,0.0,0.0,0.0,0.0,,279.0,,0
1786377805.436,c1,search,,0.0,31.1,20.71,10.66,S3,0,,0,4474.0,obs,499,31.1,20.71,10.98,S3,31.1,20.71,10.98,S3,31.1,20.71,10.66,S3,8.01,0,S3,site_s3,S3,S3,S3,124.5,0.0,0.0,147.9,1,1,1,,,0,0.0,0.0,0.0,0.0,0.0,,279.0,,0
1786377805.436,c1,recommend,,0.0,26.76,14.03,3.82,S3,0,,0,200.0,obs,669,26.76,14.03,4.0,S3,26.76,14.03,4.0,S3,26.76,14.03,3.82,S3,8.01,0,S3,site_s3,S3,S3,S3,167.5,0.0,0.0,177.7,1,1,1,,,0,0.0,0.0,0.0,0.0,0.0,,279.0,,0
1786377805.436,c2,reserve,,0.0,26.34,13.67,3.55,S3,0,,0,36.0,obs,336,26.34,13.67,3.65,S3,26.34,13.67,3.65,S3,26.34,13.67,3.55,S3,8.01,0,S3,site_s3,S3,S3,S3,84.0,0.0,0.0,201.0,1,1,1,,,0,0.0,0.0,0.0,0.0,0.0,,279.0,,0
1786377805.436,c2,search,,0.0,31.1,20.71,10.66,S3,0,,0,4474.0,obs,499,31.1,20.71,10.98,S3,31.1,20.71,10.98,S3,31.1,20.71,10.66,S3,8.01,0,S3,site_s3,S3,S3,S3,125.0,0.0,0.0,326.0,1,1,1,,,0,0.0,0.0,0.0,0.0,0.0,,279.0,,0
1786377805.436,c2,recommend,,0.0,26.76,14.03,3.82,S3,0,,0,200.0,obs,669,26.76,14.03,4.0,S3,26.76,14.03,4.0,S3,26.76,14.03,3.82,S3,8.01,0,S3,site_s3,S3,S3,S3,167.0,0.0,0.0,355.7,1,1,1,,,0,0.0,0.0,0.0,0.0,0.0,,279.0,,0
1786377806.436,c1,reserve,,0.0,26.34,13.67,3.56,S3,0,,0,36.0,obs,332,26.34,13.67,3.65,S3,26.34,13.67,3.65,S3,26.34,13.67,3.56,S3,7.644,0,S3,site_s3,S3,S3,S3,83.0,0.0,0.0,23.1,1,1,1,,,0,0.0,0.0,0.0,0.0,0.0,,279.0,,0
1786377806.436,c1,search,,0.0,31.1,20.71,10.7,S3,0,,0,4474.0,obs,501,31.1,20.71,10.98,S3,31.1,20.71,10.98,S3,31.1,20.71,10.7,S3,7.644,0,S3,site_s3,S3,S3,S3,125.0,0.0,0.0,148.1,1,1,1,,,0,0.0,0.0,0.0,0.0,0.0,,279.0,,0
1786377806.436,c1,recommend,,0.0,26.76,14.03,3.95,S3,0,,0,200.0,obs,670,26.76,14.03,4.0,S3,26.76,14.03,4.0,S3,26.76,14.03,3.95,S3,7.644,0,S3,site_s3,S3,S3,S3,167.5,0.0,0.0,177.9,1,1,1,,,0,0.0,0.0,0.0,0.0,0.0,,279.0,,0
1786377806.436,c2,reserve,,0.0,26.34,13.67,3.56,S3,0,,0,36.0,obs,332,26.34,13.67,3.65,S3,26.34,13.67,3.65,S3,26.34,13.67,3.56,S3,7.644,0,S3,site_s3,S3,S3,S3,83.0,0.0,0.0,201.0,1,1,1,,,0,0.0,0.0,0.0,0.0,0.0,,279.0,,0
1786377806.436,c2,search,,0.0,31.1,20.71,10.7,S3,0,,0,4474.0,obs,501,31.1,20.71,10.98,S3,31.1,20.71,10.98,S3,31.1,20.71,10.7,S3,7.644,0,S3,site_s3,S3,S3,S3,125.5,0.0,0.0,326.5,1,1,1,,,0,0.0,0.0,0.0,0.0,0.0,,279.0,,0
1786377806.436,c2,recommend,,0.0,26.76,14.03,3.95,S3,0,,0,200.0,obs,670,26.76,14.03,4.0,S3,26.76,14.03,4.0,S3,26.76,14.03,3.95,S3,7.644,0,S3,site_s3,S3,S3,S3,167.5,0.0,0.0,356.3,1,1,1,,,0,0.0,0.0,0.0,0.0,0.0,,279.0,,0
1786377807.436,c1,reserve,,0.0,26.34,13.67,3.61,S3,0,,0,36.0,obs,334,26.34,13.67,3.65,S3,26.34,13.67,3.65,S3,26.34,13.67,3.61,S3,7.698,0,S3,site_s3,S3,S3,S3,83.5,0.0,0.0,23.2,1,1,1,,,0,0.0,0.0,0.0,0.0,0.0,,279.0,,0
1786377807.436,c1,search,,0.0,31.1,20.71,10.81,S3,0,,0,4474.0,obs,501,31.1,20.71,10.98,S3,31.1,20.71,10.98,S3,31.1,20.71,10.81,S3,7.698,0,S3,site_s3,S3,S3,S3,125.5,0.0,0.0,148.7,1,1,1,,,0,0.0,0.0,0.0,0.0,0.0,,279.0,,0
1786377807.436,c1,recommend,,0.0,26.76,14.03,3.95,S3,0,,0,200.0,obs,670,26.76,14.03,4.0,S3,26.76,14.03,4.0,S3,26.76,14.03,3.95,S3,7.698,0,S3,site_s3,S3,S3,S3,167.5,0.0,0.0,178.5,1,1,1,,,0,0.0,0.0,0.0,0.0,0.0,,279.0,,0
1786377807.436,c2,reserve,,0.0,26.34,13.67,3.61,S3,0,,0,36.0,obs,334,26.34,13.67,3.65,S3,26.34,13.67,3.65,S3,26.34,13.67,3.61,S3,7.698,0,S3,site_s3,S3,S3,S3,83.5,0.0,0.0,201.7,1,1,1,,,0,0.0,0.0,0.0,0.0,0.0,,279.0,,0
1786377807.436,c2,search,,0.0,31.1,20.71,10.81,S3,0,,0,4474.0,obs,501,31.1,20.71,10.98,S3,31.1,20.71,10.98,S3,31.1,20.71,10.81,S3,7.698,0,S3,site_s3,S3,S3,S3,125.0,0.0,0.0,326.7,1,1,1,,,0,0.0,0.0,0.0,0.0,0.0,,279.0,,0
1786377807.436,c2,recommend,,0.0,26.76,14.03,3.95,S3,0,,0,200.0,obs,670,26.76,14.03,4.0,S3,26.76,14.03,4.0,S3,26.76,14.03,3.95,S3,7.698,0,S3,site_s3,S3,S3,S3,167.5,0.0,0.0,356.6,1,1,1,,,0,0.0,0.0,0.0,0.0,0.0,,279.0,,0
1786377808.436,c1,reserve,,0.0,26.34,13.67,3.61,S3,0,,0,36.0,obs,334,26.34,13.67,3.65,S3,26.34,13.67,3.65,S3,26.34,13.67,3.61,S3,7.676,0,S3,site_s3,S3,S3,S3,83.5,0.0,0.0,23.2,1,1,1,,,0,0.0,0.0,0.0,0.0,0.0,,279.0,,0
1786377808.436,c1,search,,0.0,31.1,20.71,10.76,S3,0,,0,4474.0,obs,504,31.1,20.71,10.98,S3,31.1,20.71,10.98,S3,31.1,20.71,10.76,S3,7.676,0,S3,site_s3,S3,S3,S3,126.0,0.0,0.0,149.2,1,1,1,,,0,0.0,0.0,0.0,0.0,0.0,,279.0,,0
1786377808.436,c1,recommend,,0.0,26.76,14.03,3.83,S3,0,,0,200.0,obs,668,26.76,14.03,4.0,S3,26.76,14.03,4.0,S3,26.76,14.03,3.83,S3,7.676,0,S3,site_s3,S3,S3,S3,167.0,0.0,0.0,178.9,1,1,1,,,0,0.0,0.0,0.0,0.0,0.0,,279.0,,0
1786377808.436,c2,reserve,,0.0,26.34,13.67,3.61,S3,0,,0,36.0,obs,334,26.34,13.67,3.65,S3,26.34,13.67,3.65,S3,26.34,13.67,3.61,S3,7.676,0,S3,site_s3,S3,S3,S3,83.5,0.0,0.0,202.2,1,1,1,,,0,0.0,0.0,0.0,0.0,0.0,,279.0,,0
1786377808.436,c2,search,,0.0,31.1,20.71,10.76,S3,0,,0,4474.0,obs,504,31.1,20.71,10.98,S3,31.1,20.71,10.98,S3,31.1,20.71,10.76,S3,7.676,0,S3,site_s3,S3,S3,S3,126.0,0.0,0.0,328.2,1,1,1,,,0,0.0,0.0,0.0,0.0,0.0,,279.0,,0
1786377808.436,c2,recommend,,0.0,26.76,14.03,3.83,S3,0,,0,200.0,obs,668,26.76,14.03,4.0,S3,26.76,14.03,4.0,S3,26.76,14.03,3.83,S3,7.676,0,S3,site_s3,S3,S3,S3,167.0,0.0,0.0,357.9,1,1,1,,,0,0.0,0.0,0.0,0.0,0.0,,279.0,,0
1786377809.436,c1,reserve,,0.0,26.34,13.67,3.53,S3,0,,0,36.0,obs,338,26.34,13.67,3.65,S3,26.34,13.67,3.65,S3,26.34,13.67,3.53,S3,7.395,0,S3,site_s3,S3,S3,S3,84.5,0.0,0.0,23.5,1,1,1,,,0,0.0,0.0,0.0,0.0,0.0,,279.0,,0
1786377809.436,c1,search,,0.0,31.1,20.71,10.81,S3,0,,0,4474.0,obs,501,31.1,20.71,10.98,S3,31.1,20.71,10.98,S3,31.1,20.71,10.81,S3,7.395,0,S3,site_s3,S3,S3,S3,125.5,0.0,0.0,149.0,1,1,1,,,0,0.0,0.0,0.0,0.0,0.0,,279.0,,0
1786377809.436,c1,recommend,,0.0,26.76,14.03,3.88,S3,0,,0,200.0,obs,668,26.76,14.03,4.0,S3,26.76,14.03,4.0,S3,26.76,14.03,3.88,S3,7.395,0,S3,site_s3,S3,S3,S3,167.0,0.0,0.0,178.7,1,1,1,,,0,0.0,0.0,0.0,0.0,0.0,,279.0,,0
1786377809.436,c2,reserve,,0.0,26.34,13.67,3.53,S3,0,,0,36.0,obs,338,26.34,13.67,3.65,S3,26.34,13.67,3.65,S3,26.34,13.67,3.53,S3,7.395,0,S3,site_s3,S3,S3,S3,84.5,0.0,0.0,202.2,1,1,1,,,0,0.0,0.0,0.0,0.0,0.0,,279.0,,0
1786377809.436,c2,search,,0.0,31.1,20.71,10.81,S3,0,,0,4474.0,obs,501,31.1,20.71,10.98,S3,31.1,20.71,10.98,S3,31.1,20.71,10.81,S3,7.395,0,S3,site_s3,S3,S3,S3,125.0,0.0,0.0,327.2,1,1,1,,,0,0.0,0.0,0.0,0.0,0.0,,279.0,,0
1786377809.436,c2,recommend,,0.0,26.76,14.03,3.88,S3,0,,0,200.0,obs,668,26.76,14.03,4.0,S3,26.76,14.03,4.0,S3,26.76,14.03,3.88,S3,7.395,0,S3,site_s3,S3,S3,S3,167.0,0.0,0.0,356.9,1,1,1,,,0,0.0,0.0,0.0,0.0,0.0,,279.0,,0
1786377810.436,c1,reserve,,0.0,26.34,13.67,3.48,S3,0,,0,36.0,obs,335,26.34,13.67,3.65,S3,26.34,13.67,3.65,S3,26.34,13.67,3.48,S3,7.306,0,S3,site_s3,S3,S3,S3,84.0,0.0,0.0,23.4,1,1,1,,,0,0.0,0.0,0.0,0.0,0.0,,279.0,,0
1786377810.436,c1,search,,0.0,31.1,20.71,10.98,S3,0,,0,4474.0,obs,500,31.1,20.71,10.98,S3,31.1,20.71,10.98,S3,31.1,20.71,10.98,S3,7.306,0,S3,site_s3,S3,S3,S3,125.0,0.0,0.0,148.4,1,1,1,,,0,0.0,0.0,0.0,0.0,0.0,,279.0,,0
1786377810.436,c1,recommend,,0.0,26.76,14.03,3.95,S3,0,,0,200.0,obs,673,26.76,14.03,4.0,S3,26.76,14.03,4.0,S3,26.76,14.03,3.95,S3,7.306,0,S3,site_s3,S3,S3,S3,168.0,0.0,0.0,178.3,1,1,1,,,0,0.0,0.0,0.0,0.0,0.0,,279.0,,0
1786377810.436,c2,reserve,,0.0,26.34,13.67,3.48,S3,0,,0,36.0,obs,335,26.34,13.67,3.65,S3,26.34,13.67,3.65,S3,26.34,13.67,3.48,S3,7.306,0,S3,site_s3,S3,S3,S3,83.5,0.0,0.0,201.5,1,1,1,,,0,0.0,0.0,0.0,0.0,0.0,,279.0,,0
1786377810.436,c2,search,,0.0,31.1,20.71,10.98,S3,0,,0,4474.0,obs,500,31.1,20.71,10.98,S3,31.1,20.71,10.98,S3,31.1,20.71,10.98,S3,7.306,0,S3,site_s3,S3,S3,S3,125.0,0.0,0.0,326.5,1,1,1,,,0,0.0,0.0,0.0,0.0,0.0,,279.0,,0
1786377810.436,c2,recommend,,0.0,26.76,14.03,3.95,S3,0,,0,200.0,obs,673,26.76,14.03,4.0,S3,26.76,14.03,4.0,S3,26.76,14.03,3.95,S3,7.306,0,S3,site_s3,S3,S3,S3,168.5,0.0,0.0,356.5,1,1,1,,,0,0.0,0.0,0.0,0.0,0.0,,279.0,,0
1786377811.436,c1,reserve,,0.0,26.34,13.67,3.54,S3,0,,0,36.0,obs,333,26.34,13.67,3.65,S3,26.34,13.67,3.65,S3,26.34,13.67,3.54,S3,7.712,0,S3,site_s3,S3,S3,S3,83.0,0.0,0.0,23.1,1,1,1,,,0,0.0,0.0,0.0,0.0,0.0,,279.0,,0
1786377811.436,c1,search,,0.0,31.1,20.71,11.0,S3,0,,0,4474.0,obs,503,31.1,20.71,10.98,S3,31.1,20.71,10.98,S3,31.1,20.71,11.0,S3,7.712,0,S3,site_s3,S3,S3,S3,126.0,0.0,0.0,149.1,1,1,1,,,0,0.0,0.0,0.0,0.0,0.0,,279.0,,0
1786377811.436,c1,recommend,,0.0,26.76,14.03,3.94,S3,0,,0,200.0,obs,672,26.76,14.03,4.0,S3,26.76,14.03,4.0,S3,26.76,14.03,3.94,S3,7.712,0,S3,site_s3,S3,S3,S3,168.5,0.0,0.0,179.1,1,1,1,,,0,0.0,0.0,0.0,0.0,0.0,,279.0,,0
1786377811.436,c2,reserve,,0.0,26.34,13.67,3.54,S3,0,,0,36.0,obs,333,26.34,13.67,3.65,S3,26.34,13.67,3.65,S3,26.34,13.67,3.54,S3,7.712,0,S3,site_s3,S3,S3,S3,83.5,0.0,0.0,202.3,1,1,1,,,0,0.0,0.0,0.0,0.0,0.0,,279.0,,0
1786377811.436,c2,search,,0.0,31.1,20.71,11.0,S3,0,,0,4474.0,obs,503,31.1,20.71,10.98,S3,31.1,20.71,10.98,S3,31.1,20.71,11.0,S3,7.712,0,S3,site_s3,S3,S3,S3,125.5,0.0,0.0,327.8,1,1,1,,,0,0.0,0.0,0.0,0.0,0.0,,279.0,,0
1786377811.436,c2,recommend,,0.0,26.76,14.03,3.94,S3,0,,0,200.0,obs,672,26.76,14.03,4.0,S3,26.76,14.03,4.0,S3,26.76,14.03,3.94,S3,7.712,0,S3,site_s3,S3,S3,S3,167.5,0.0,0.0,357.6,1,1,1,,,0,0.0,0.0,0.0,0.0,0.0,,279.0,,0
1786377812.436,c1,reserve,,0.0,26.34,13.67,3.54,S3,0,,0,36.0,obs,334,26.34,13.67,3.65,S3,26.34,13.67,3.65,S3,26.34,13.67,3.54,S3,7.639,0,S3,site_s3,S3,S3,S3,83.5,0.0,0.0,23.2,1,1,1,,,0,0.0,0.0,0.0,0.0,0.0,,279.0,,0
1786377812.436,c1,search,,0.0,31.1,20.71,10.97,S3,0,,0,4474.0,obs,503,31.1,20.71,10.98,S3,31.1,20.71,10.98,S3,31.1,20.71,10.97,S3,7.639,0,S3,site_s3,S3,S3,S3,125.5,0.0,0.0,148.7,1,1,1,,,0,0.0,0.0,0.0,0.0,0.0,,279.0,,0
1786377812.436,c1,recommend,,0.0,26.76,14.03,3.98,S3,0,,0,200.0,obs,672,26.76,14.03,4.0,S3,26.76,14.03,4.0,S3,26.76,14.03,3.98,S3,7.639,0,S3,site_s3,S3,S3,S3,168.0,0.0,0.0,178.6,1,1,1,,,0,0.0,0.0,0.0,0.0,0.0,,279.0,,0
1786377812.436,c2,reserve,,0.0,26.34,13.67,3.54,S3,0,,0,36.0,obs,334,26.34,13.67,3.65,S3,26.34,13.67,3.65,S3,26.34,13.67,3.54,S3,7.639,0,S3,site_s3,S3,S3,S3,83.5,0.0,0.0,201.8,1,1,1,,,0,0.0,0.0,0.0,0.0,0.0,,279.0,,0
1786377812.436,c2,search,,0.0,31.1,20.71,10.97,S3,0,,0,4474.0,obs,503,31.1,20.71,10.98,S3,31.1,20.71,10.98,S3,31.1,20.71,10.97,S3,7.639,0,S3,site_s3,S3,S3,S3,126.0,0.0,0.0,327.8,1,1,1,,,0,0.0,0.0,0.0,0.0,0.0,,279.0,,0
1786377812.436,c2,recommend,,0.0,26.76,14.03,3.98,S3,0,,0,200.0,obs,672,26.76,14.03,4.0,S3,26.76,14.03,4.0,S3,26.76,14.03,3.98,S3,7.639,0,S3,site_s3,S3,S3,S3,168.0,0.0,0.0,357.7,1,1,1,,,0,0.0,0.0,0.0,0.0,0.0,,279.0,,0
1786377813.436,c1,reserve,,0.0,26.34,13.67,3.6,S3,0,,0,36.0,obs,338,26.34,13.67,3.65,S3,26.34,13.67,3.65,S3,26.34,13.67,3.6,S3,7.613,0,S3,site_s3,S3,S3,S3,84.5,0.0,0.0,23.5,1,1,1,,,0,0.0,0.0,0.0,0.0,0.0,,279.0,,0
1786377813.436,c1,search,,0.0,31.1,20.71,11.02,S3,0,,0,4474.0,obs,505,31.1,20.71,10.98,S3,31.1,20.71,10.98,S3,31.1,20.71,11.02,S3,7.613,0,S3,site_s3,S3,S3,S3,126.5,0.0,0.0,150.0,1,1,1,,,0,0.0,0.0,0.0,0.0,0.0,,279.0,,0
1786377813.436,c1,recommend,,0.0,26.76,14.03,3.95,S3,0,,0,200.0,obs,668,26.76,14.03,4.0,S3,26.76,14.03,4.0,S3,26.76,14.03,3.95,S3,7.613,0,S3,site_s3,S3,S3,S3,167.0,0.0,0.0,179.7,1,1,1,,,0,0.0,0.0,0.0,0.0,0.0,,279.0,,0
1786377813.436,c2,reserve,,0.0,26.34,13.67,3.6,S3,0,,0,36.0,obs,338,26.34,13.67,3.65,S3,26.34,13.67,3.65,S3,26.34,13.67,3.6,S3,7.613,0,S3,site_s3,S3,S3,S3,84.5,0.0,0.0,203.2,1,1,1,,,0,0.0,0.0,0.0,0.0,0.0,,279.0,,0
1786377813.436,c2,search,,0.0,31.1,20.71,11.02,S3,0,,0,4474.0,obs,505,31.1,20.71,10.98,S3,31.1,20.71,10.98,S3,31.1,20.71,11.02,S3,7.613,0,S3,site_s3,S3,S3,S3,126.0,0.0,0.0,329.2,1,1,1,,,0,0.0,0.0,0.0,0.0,0.0,,279.0,,0
1786377813.436,c2,recommend,,0.0,26.76,14.03,3.95,S3,0,,0,200.0,obs,668,26.76,14.03,4.0,S3,26.76,14.03,4.0,S3,26.76,14.03,3.95,S3,7.613,0,S3,site_s3,S3,S3,S3,167.0,0.0,0.0,358.9,1,1,1,,,0,0.0,0.0,0.0,0.0,0.0,,279.0,,0
1786377814.436,c1,reserve,,0.0,26.34,13.67,3.62,S3,0,,0,36.0,obs,339,26.34,13.67,3.65,S3,26.34,13.67,3.65,S3,26.34,13.67,3.62,S3,7.604,0,S3,site_s3,S3,S3,S3,85.0,0.0,0.0,23.6,1,1,1,,,0,0.0,0.0,0.0,0.0,0.0,,279.0,,0
1786377814.436,c1,search,,0.0,31.1,20.71,11.02,S3,0,,0,4474.0,obs,501,31.1,20.71,10.98,S3,31.1,20.71,10.98,S3,31.1,20.71,11.02,S3,7.604,0,S3,site_s3,S3,S3,S3,125.0,0.0,0.0,148.6,1,1,1,,,0,0.0,0.0,0.0,0.0,0.0,,279.0,,0
1786377814.436,c1,recommend,,0.0,26.76,14.03,3.91,S3,0,,0,200.0,obs,672,26.76,14.03,4.0,S3,26.76,14.03,4.0,S3,26.76,14.03,3.91,S3,7.604,0,S3,site_s3,S3,S3,S3,168.0,0.0,0.0,178.5,1,1,1,,,0,0.0,0.0,0.0,0.0,0.0,,279.0,,0
1786377814.436,c2,reserve,,0.0,26.34,13.67,3.62,S3,0,,0,36.0,obs,339,26.34,13.67,3.65,S3,26.34,13.67,3.65,S3,26.34,13.67,3.62,S3,7.604,0,S3,site_s3,S3,S3,S3,84.5,0.0,0.0,202.0,1,1,1,,,0,0.0,0.0,0.0,0.0,0.0,,279.0,,0
1786377814.436,c2,search,,0.0,31.1,20.71,11.02,S3,0,,0,4474.0,obs,501,31.1,20.71,10.98,S3,31.1,20.71,10.98,S3,31.1,20.71,11.02,S3,7.604,0,S3,site_s3,S3,S3,S3,125.5,0.0,0.0,327.5,1,1,1,,,0,0.0,0.0,0.0,0.0,0.0,,279.0,,0
1786377814.436,c2,recommend,,0.0,26.76,14.03,3.91,S3,0,,0,200.0,obs,672,26.76,14.03,4.0,S3,26.76,14.03,4.0,S3,26.76,14.03,3.91,S3,7.604,0,S3,site_s3,S3,S3,S3,168.0,0.0,0.0,357.4,1,1,1,,,0,0.0,0.0,0.0,0.0,0.0,,279.0,,0
1786377815.436,c1,reserve,,0.0,26.34,13.67,3.56,S3,0,,0,36.0,obs,334,26.34,13.67,3.65,S3,26.34,13.67,3.65,S3,26.34,13.67,3.56,S3,7.734,0,S3,site_s3,S3,S3,S3,83.5,0.0,0.0,23.2,1,1,1,,,0,0.0,0.0,0.0,0.0,0.0,,279.0,,0
1786377815.436,c1,search,,0.0,31.1,20.71,10.85,S3,0,,0,4474.0,obs,504,31.1,20.71,10.98,S3,31.1,20.71,10.98,S3,31.1,20.71,10.85,S3,7.734,0,S3,site_s3,S3,S3,S3,126.0,0.0,0.0,149.2,1,1,1,,,0,0.0,0.0,0.0,0.0,0.0,,279.0,,0
1786377815.436,c1,recommend,,0.0,26.76,14.03,3.91,S3,0,,0,200.0,obs,675,26.76,14.03,4.0,S3,26.76,14.03,4.0,S3,26.76,14.03,3.91,S3,7.734,0,S3,site_s3,S3,S3,S3,169.0,0.0,0.0,179.3,1,1,1,,,0,0.0,0.0,0.0,0.0,0.0,,279.0,,0
1786377815.436,c2,reserve,,0.0,26.34,13.67,3.56,S3,0,,0,36.0,obs,334,26.34,13.67,3.65,S3,26.34,13.67,3.65,S3,26.34,13.67,3.56,S3,7.734,0,S3,site_s3,S3,S3,S3,83.5,0.0,0.0,202.5,1,1,1,,,0,0.0,0.0,0.0,0.0,0.0,,279.0,,0
1786377815.436,c2,search,,0.0,31.1,20.71,10.85,S3,0,,0,4474.0,obs,504,31.1,20.71,10.98,S3,31.1,20.71,10.98,S3,31.1,20.71,10.85,S3,7.734,0,S3,site_s3,S3,S3,S3,126.0,0.0,0.0,328.5,1,1,1,,,0,0.0,0.0,0.0,0.0,0.0,,279.0,,0
1786377815.436,c2,recommend,,0.0,26.76,14.03,3.91,S3,0,,0,200.0,obs,675,26.76,14.03,4.0,S3,26.76,14.03,4.0,S3,26.76,14.03,3.91,S3,7.734,0,S3,site_s3,S3,S3,S3,168.5,0.0,0.0,358.5,1,1,1,,,0,0.0,0.0,0.0,0.0,0.0,,279.0,,0
1786377816.436,c1,reserve,,0.0,26.34,13.67,3.63,S3,0,,0,36.0,obs,335,26.34,13.67,3.65,S3,26.34,13.67,3.65,S3,26.34,13.67,3.63,S3,7.703,0,S3,site_s3,S3,S3,S3,84.0,0.0,0.0,23.4,1,1,1,,,0,0.0,0.0,0.0,0.0,0.0,,279.0,,0
1786377816.436,c1,search,,0.0,31.1,20.71,10.89,S3,0,,0,4474.0,obs,504,31.1,20.71,10.98,S3,31.1,20.71,10.98,S3,31.1,20.71,10.89,S3,7.703,0,S3,site_s3,S3,S3,S3,126.0,0.0,0.0,149.4,1,1,1,,,0,0.0,0.0,0.0,0.0,0.0,,279.0,,0
1786377816.436,c1,recommend,,0.0,26.76,14.03,3.96,S3,0,,0,200.0,obs,674,26.76,14.03,4.0,S3,26.76,14.03,4.0,S3,26.76,14.03,3.96,S3,7.703,0,S3,site_s3,S3,S3,S3,168.5,0.0,0.0,179.3,1,1,1,,,0,0.0,0.0,0.0,0.0,0.0,,279.0,,0
1786377816.436,c2,reserve,,0.0,26.34,13.67,3.63,S3,0,,0,36.0,obs,335,26.34,13.67,3.65,S3,26.34,13.67,3.65,S3,26.34,13.67,3.63,S3,7.703,0,S3,site_s3,S3,S3,S3,83.5,0.0,0.0,202.6,1,1,1,,,0,0.0,0.0,0.0,0.0,0.0,,279.0,,0
1786377816.436,c2,search,,0.0,31.1,20.71,10.89,S3,0,,0,4474.0,obs,504,31.1,20.71,10.98,S3,31.1,20.71,10.98,S3,31.1,20.71,10.89,S3,7.703,0,S3,site_s3,S3,S3,S3,126.0,0.0,0.0,328.6,1,1,1,,,0,0.0,0.0,0.0,0.0,0.0,,279.0,,0
1786377816.436,c2,recommend,,0.0,26.76,14.03,3.96,S3,0,,0,200.0,obs,674,26.76,14.03,4.0,S3,26.76,14.03,4.0,S3,26.76,14.03,3.96,S3,7.703,0,S3,site_s3,S3,S3,S3,168.5,0.0,0.0,358.6,1,1,1,,,0,0.0,0.0,0.0,0.0,0.0,,279.0,,0
1786377817.436,c1,reserve,,0.0,26.34,13.67,3.58,S3,0,,0,36.0,obs,335,26.34,13.67,3.65,S3,26.34,13.67,3.65,S3,26.34,13.67,3.58,S3,7.679,0,S3,site_s3,S3,S3,S3,83.5,0.0,0.0,23.2,1,1,1,,,0,0.0,0.0,0.0,0.0,0.0,,279.0,,0
1786377817.436,c1,search,,0.0,31.1,20.71,10.77,S3,0,,0,4474.0,obs,507,31.1,20.71,10.98,S3,31.1,20.71,10.98,S3,31.1,20.71,10.77,S3,7.679,0,S3,site_s3,S3,S3,S3,127.0,0.0,0.0,150.2,1,1,1,,,0,0.0,0.0,0.0,0.0,0.0,,279.0,,0
1786377817.436,c1,recommend,,0.0,26.76,14.03,3.82,S3,0,,0,200.0,obs,672,26.76,14.03,4.0,S3,26.76,14.03,4.0,S3,26.76,14.03,3.82,S3,7.679,0,S3,site_s3,S3,S3,S3,168.5,0.0,0.0,180.2,1,1,1,,,0,0.0,0.0,0.0,0.0,0.0,,279.0,,0
1786377817.436,c2,reserve,,0.0,26.34,13.67,3.58,S3,0,,0,36.0,obs,335,26.34,13.67,3.65,S3,26.34,13.67,3.65,S3,26.34,13.67,3.58,S3,7.679,0,S3,site_s3,S3,S3,S3,84.0,0.0,0.0,203.6,1,1,1,,,0,0.0,0.0,0.0,0.0,0.0,,279.0,,0
1786377817.436,c2,search,,0.0,31.1,20.71,10.77,S3,0,,0,4474.0,obs,507,31.1,20.71,10.98,S3,31.1,20.71,10.98,S3,31.1,20.71,10.77,S3,7.679,0,S3,site_s3,S3,S3,S3,126.5,0.0,0.0,330.1,1,1,1,,,0,0.0,0.0,0.0,0.0,0.0,,279.0,,0
1786377817.436,c2,recommend,,0.0,26.76,14.03,3.82,S3,0,,0,200.0,obs,672,26.76,14.03,4.0,S3,26.76,14.03,4.0,S3,26.76,14.03,3.82,S3,7.679,0,S3,site_s3,S3,S3,S3,167.5,0.0,0.0,359.9,1,1,1,,,0,0.0,0.0,0.0,0.0,0.0,,279.0,,0
1786377818.436,c1,reserve,,0.0,26.34,13.67,3.57,S3,0,,0,36.0,obs,340,26.34,13.67,3.65,S3,26.34,13.67,3.65,S3,26.34,13.67,3.57,S3,7.625,0,S3,site_s3,S3,S3,S3,85.0,0.0,0.0,23.6,1,1,1,,,0,0.0,0.0,0.0,0.0,0.0,,279.0,,0
1786377818.436,c1,search,,0.0,31.1,20.71,10.65,S3,0,,0,4474.0,obs,504,31.1,20.71,10.98,S3,31.1,20.71,10.98,S3,31.1,20.71,10.65,S3,7.625,0,S3,site_s3,S3,S3,S3,126.0,0.0,0.0,149.6,1,1,1,,,0,0.0,0.0,0.0,0.0,0.0,,279.0,,0
1786377818.436,c1,recommend,,0.0,26.76,14.03,3.94,S3,0,,0,200.0,obs,670,26.76,14.03,4.0,S3,26.76,14.03,4.0,S3,26.76,14.03,3.94,S3,7.625,0,S3,site_s3,S3,S3,S3,167.5,0.0,0.0,179.4,1,1,1,,,0,0.0,0.0,0.0,0.0,0.0,,279.0,,0
1786377818.436,c2,reserve,,0.0,26.34,13.67,3.57,S3,0,,0,36.0,obs,340,26.34,13.67,3.65,S3,26.34,13.67,3.65,S3,26.34,13.67,3.57,S3,7.625,0,S3,site_s3,S3,S3,S3,85.0,0.0,0.0,203.1,1,1,1,,,0,0.0,0.0,0.0,0.0,0.0,,279.0,,0
1786377818.436,c2,search,,0.0,31.1,20.71,10.65,S3,0,,0,4474.0,obs,504,31.1,20.71,10.98,S3,31.1,20.71,10.98,S3,31.1,20.71,10.65,S3,7.625,0,S3,site_s3,S3,S3,S3,126.0,0.0,0.0,329.1,1,1,1,,,0,0.0,0.0,0.0,0.0,0.0,,279.0,,0
1786377818.436,c2,recommend,,0.0,26.76,14.03,3.94,S3,0,,0,200.0,obs,670,26.76,14.03,4.0,S3,26.76,14.03,4.0,S3,26.76,14.03,3.94,S3,7.625,0,S3,site_s3,S3,S3,S3,167.5,0.0,0.0,358.9,1,1,1,,,0,0.0,0.0,0.0,0.0,0.0,,279.0,,0
1786377819.436,c1,reserve,,0.0,26.34,13.67,3.57,S3,0,,0,36.0,obs,338,26.34,13.67,3.65,S3,26.34,13.67,3.65,S3,26.34,13.67,3.57,S3,7.797,0,S3,site_s3,S3,S3,S3,84.5,0.0,0.0,23.5,1,1,1,,,0,0.0,0.0,0.0,0.0,0.0,,279.0,,0
1786377819.436,c1,search,,0.0,31.1,20.71,10.75,S3,0,,0,4474.0,obs,503,31.1,20.71,10.98,S3,31.1,20.71,10.98,S3,31.1,20.71,10.75,S3,7.797,0,S3,site_s3,S3,S3,S3,126.0,0.0,0.0,149.5,1,1,1,,,0,0.0,0.0,0.0,0.0,0.0,,279.0,,0
1786377819.436,c1,recommend,,0.0,26.76,14.03,3.92,S3,0,,0,200.0,obs,676,26.76,14.03,4.0,S3,26.76,14.03,4.0,S3,26.76,14.03,3.92,S3,7.797,0,S3,site_s3,S3,S3,S3,169.0,0.0,0.0,179.6,1,1,1,,,0,0.0,0.0,0.0,0.0,0.0,,279.0,,0
1786377819.436,c2,reserve,,0.0,26.34,13.67,3.57,S3,0,,0,36.0,obs,338,26.34,13.67,3.65,S3,26.34,13.67,3.65,S3,26.34,13.67,3.57,S3,7.797,0,S3,site_s3,S3,S3,S3,84.5,0.0,0.0,203.1,1,1,1,,,0,0.0,0.0,0.0,0.0,0.0,,279.0,,0
1786377819.436,c2,search,,0.0,31.1,20.71,10.75,S3,0,,0,4474.0,obs,503,31.1,20.71,10.98,S3,31.1,20.71,10.98,S3,31.1,20.71,10.75,S3,7.797,0,S3,site_s3,S3,S3,S3,125.5,0.0,0.0,328.6,1,1,1,,,0,0.0,0.0,0.0,0.0,0.0,,279.0,,0
1786377819.436,c2,recommend,,0.0,26.76,14.03,3.92,S3,0,,0,200.0,obs,676,26.76,14.03,4.0,S3,26.76,14.03,4.0,S3,26.76,14.03,3.92,S3,7.797,0,S3,site_s3,S3,S3,S3,169.0,0.0,0.0,358.6,1,1,1,,,0,0.0,0.0,0.0,0.0,0.0,,279.0,,0
1786377820.436,c1,reserve,,0.0,26.34,13.67,3.55,S3,0,,0,36.0,obs,335,26.34,13.67,3.65,S3,26.34,13.67,3.65,S3,26.34,13.67,3.55,S3,7.635,0,S3,site_s3,S3,S3,S3,83.5,0.0,0.0,23.2,1,1,1,,,0,0.0,0.0,0.0,0.0,0.0,,279.0,,0
1786377820.436,c1,search,,0.0,31.1,20.71,10.77,S3,0,,0,4474.0,obs,505,31.1,20.71,10.98,S3,31.1,20.71,10.98,S3,31.1,20.71,10.77,S3,7.635,0,S3,site_s3,S3,S3,S3,126.5,0.0,0.0,149.7,1,1,1,,,0,0.0,0.0,0.0,0.0,0.0,,279.0,,0
1786377820.436,c1,recommend,,0.0,26.76,14.03,3.79,S3,0,,0,200.0,obs,676,26.76,14.03,4.0,S3,26.76,14.03,4.0,S3,26.76,14.03,3.79,S3,7.635,0,S3,site_s3,S3,S3,S3,169.0,0.0,0.0,179.8,1,1,1,,,0,0.0,0.0,0.0,0.0,0.0,,279.0,,0
1786377820.436,c2,reserve,,0.0,26.34,13.67,3.55,S3,0,,0,36.0,obs,335,26.34,13.67,3.65,S3,26.34,13.67,3.65,S3,26.34,13.67,3.55,S3,7.635,0,S3,site_s3,S3,S3,S3,84.0,0.0,0.0,203.1,1,1,1,,,0,0.0,0.0,0.0,0.0,0.0,,279.0,,0
1786377820.436,c2,search,,0.0,31.1,20.71,10.77,S3,0,,0,4474.0,obs,505,31.1,20.71,10.98,S3,31.1,20.71,10.98,S3,31.1,20.71,10.77,S3,7.635,0,S3,site_s3,S3,S3,S3,126.0,0.0,0.0,329.1,1,1,1,,,0,0.0,0.0,0.0,0.0,0.0,,279.0,,0
1786377820.436,c2,recommend,,0.0,26.76,14.03,3.79,S3,0,,0,200.0,obs,676,26.76,14.03,4.0,S3,26.76,14.03,4.0,S3,26.76,14.03,3.79,S3,7.635,0,S3,site_s3,S3,S3,S3,169.0,0.0,0.0,359.2,1,1,1,,,0,0.0,0.0,0.0,0.0,0.0,,279.0,,0
1786377821.436,c1,reserve,,0.0,26.34,13.67,3.48,S3,0,,0,36.0,obs,336,26.34,13.67,3.65,S3,26.34,13.67,3.65,S3,26.34,13.67,3.48,S3,7.677,0,S3,site_s3,S3,S3,S3,84.0,0.0,0.0,23.4,1,1,1,,,0,0.0,0.0,0.0,0.0,0.0,,279.0,,0
1786377821.436,c1,search,,0.0,31.1,20.71,10.86,S3,0,,0,4474.0,obs,506,31.1,20.71,10.98,S3,31.1,20.71,10.98,S3,31.1,20.71,10.86,S3,7.677,0,S3,site_s3,S3,S3,S3,126.5,0.0,0.0,149.9,1,1,1,,,0,0.0,0.0,0.0,0.0,0.0,,279.0,,0
1786377821.436,c1,recommend,,0.0,26.76,14.03,3.85,S3,0,,0,200.0,obs,677,26.76,14.03,4.0,S3,26.76,14.03,4.0,S3,26.76,14.03,3.85,S3,7.677,0,S3,site_s3,S3,S3,S3,169.5,0.0,0.0,180.0,1,1,1,,,0,0.0,0.0,0.0,0.0,0.0,,279.0,,0
1786377821.436,c2,reserve,,0.0,26.34,13.67,3.48,S3,0,,0,36.0,obs,336,26.34,13.67,3.65,S3,26.34,13.67,3.65,S3,26.34,13.67,3.48,S3,7.677,0,S3,site_s3,S3,S3,S3,84.0,0.0,0.0,203.4,1,1,1,,,0,0.0,0.0,0.0,0.0,0.0,,279.0,,0
1786377821.436,c2,search,,0.0,31.1,20.71,10.86,S3,0,,0,4474.0,obs,506,31.1,20.71,10.98,S3,31.1,20.71,10.98,S3,31.1,20.71,10.86,S3,7.677,0,S3,site_s3,S3,S3,S3,126.5,0.0,0.0,329.9,1,1,1,,,0,0.0,0.0,0.0,0.0,0.0,,279.0,,0
1786377821.436,c2,recommend,,0.0,26.76,14.03,3.85,S3,0,,0,200.0,obs,677,26.76,14.03,4.0,S3,26.76,14.03,4.0,S3,26.76,14.03,3.85,S3,7.677,0,S3,site_s3,S3,S3,S3,169.0,0.0,0.0,360.0,1,1,1,,,0,0.0,0.0,0.0,0.0,0.0,,279.0,,0
1786377822.436,c1,reserve,,0.0,26.34,13.67,3.57,S3,0,,0,36.0,obs,339,26.34,13.67,3.65,S3,26.34,13.67,3.65,S3,26.34,13.67,3.57,S3,7.565,0,S3,site_s3,S3,S3,S3,85.0,0.0,0.0,23.6,1,1,1,,,0,0.0,0.0,0.0,0.0,0.0,,279.0,,0
1786377822.436,c1,search,,0.0,31.1,20.71,11.02,S3,0,,0,4474.0,obs,508,31.1,20.71,10.98,S3,31.1,20.71,10.98,S3,31.1,20.71,11.02,S3,7.565,0,S3,site_s3,S3,S3,S3,127.0,0.0,0.0,150.6,1,1,1,,,0,0.0,0.0,0.0,0.0,0.0,,279.0,,0
1786377822.436,c1,recommend,,0.0,26.76,14.03,4.0,S3,0,,0,200.0,obs,673,26.76,14.03,4.0,S3,26.76,14.03,4.0,S3,26.76,14.03,4.0,S3,7.565,0,S3,site_s3,S3,S3,S3,168.0,0.0,0.0,180.5,1,1,1,,,0,0.0,0.0,0.0,0.0,0.0,,279.0,,0
1786377822.436,c2,reserve,,0.0,26.34,13.67,3.57,S3,0,,0,36.0,obs,339,26.34,13.67,3.65,S3,26.34,13.67,3.65,S3,26.34,13.67,3.57,S3,7.565,0,S3,site_s3,S3,S3,S3,84.5,0.0,0.0,204.0,1,1,1,,,0,0.0,0.0,0.0,0.0,0.0,,279.0,,0
1786377822.436,c2,search,,0.0,31.1,20.71,11.02,S3,0,,0,4474.0,obs,508,31.1,20.71,10.98,S3,31.1,20.71,10.98,S3,31.1,20.71,11.02,S3,7.565,0,S3,site_s3,S3,S3,S3,127.0,0.0,0.0,331.0,1,1,1,,,0,0.0,0.0,0.0,0.0,0.0,,279.0,,0
1786377822.436,c2,recommend,,0.0,26.76,14.03,4.0,S3,0,,0,200.0,obs,673,26.76,14.03,4.0,S3,26.76,14.03,4.0,S3,26.76,14.03,4.0,S3,7.565,0,S3,site_s3,S3,S3,S3,168.5,0.0,0.0,361.0,1,1,1,,,0,0.0,0.0,0.0,0.0,0.0,,279.0,,0
1786377823.436,c1,reserve,,0.0,26.34,13.67,3.64,S3,0,,0,36.0,obs,342,26.34,13.67,3.65,S3,26.34,13.67,3.65,S3,26.34,13.67,3.64,S3,7.697,0,S3,site_s3,S3,S3,S3,85.5,0.0,0.0,23.8,1,1,1,,,0,0.0,0.0,0.0,0.0,0.0,,279.0,,0
1786377823.436,c1,search,,0.0,31.1,20.71,10.96,S3,0,,0,4474.0,obs,503,31.1,20.71,10.98,S3,31.1,20.71,10.98,S3,31.1,20.71,10.96,S3,7.697,0,S3,site_s3,S3,S3,S3,125.5,0.0,0.0,149.3,1,1,1,,,0,0.0,0.0,0.0,0.0,0.0,,279.0,,0
1786377823.436,c1,recommend,,0.0,26.76,14.03,3.95,S3,0,,0,200.0,obs,674,26.76,14.03,4.0,S3,26.76,14.03,4.0,S3,26.76,14.03,3.95,S3,7.697,0,S3,site_s3,S3,S3,S3,168.5,0.0,0.0,179.3,1,1,1,,,0,0.0,0.0,0.0,0.0,0.0,,279.0,,0
1786377823.436,c2,reserve,,0.0,26.34,13.67,3.64,S3,0,,0,36.0,obs,342,26.34,13.67,3.65,S3,26.34,13.67,3.65,S3,26.34,13.67,3.64,S3,7.697,0,S3,site_s3,S3,S3,S3,85.5,0.0,0.0,203.0,1,1,1,,,0,0.0,0.0,0.0,0.0,0.0,,279.0,,0
1786377823.436,c2,search,,0.0,31.1,20.71,10.96,S3,0,,0,4474.0,obs,503,31.1,20.71,10.98,S3,31.1,20.71,10.98,S3,31.1,20.71,10.96,S3,7.697,0,S3,site_s3,S3,S3,S3,126.0,0.0,0.0,329.0,1,1,1,,,0,0.0,0.0,0.0,0.0,0.0,,279.0,,0
1786377823.436,c2,recommend,,0.0,26.76,14.03,3.95,S3,0,,0,200.0,obs,674,26.76,14.03,4.0,S3,26.76,14.03,4.0,S3,26.76,14.03,3.95,S3,7.697,0,S3,site_s3,S3,S3,S3,168.5,0.0,0.0,359.0,1,1,1,,,0,0.0,0.0,0.0,0.0,0.0,,279.0,,0
1786377824.436,c1,reserve,,0.0,26.34,13.67,3.41,S3,0,,0,36.0,obs,337,26.34,13.67,3.65,S3,26.34,13.67,3.65,S3,26.34,13.67,3.41,S3,7.718,0,S3,site_s3,S3,S3,S3,84.5,0.0,0.0,23.5,1,1,1,,,0,0.0,0.0,0.0,0.0,0.0,,279.0,,0
1786377824.436,c1,search,,0.0,31.1,20.71,10.91,S3,0,,0,4474.0,obs,505,31.1,20.71,10.98,S3,31.1,20.71,10.98,S3,31.1,20.71,10.91,S3,7.718,0,S3,site_s3,S3,S3,S3,126.0,0.0,0.0,149.5,1,1,1,,,0,0.0,0.0,0.0,0.0,0.0,,279.0,,0
1786377824.436,c1,recommend,,0.0,26.76,14.03,3.96,S3,0,,0,200.0,obs,679,26.76,14.03,4.0,S3,26.76,14.03,4.0,S3,26.76,14.03,3.96,S3,7.718,0,S3,site_s3,S3,S3,S3,170.0,0.0,0.0,179.8,1,1,1,,,0,0.0,0.0,0.0,0.0,0.0,,279.0,,0
1786377824.436,c2,reserve,,0.0,26.34,13.67,3.41,S3,0,,0,36.0,obs,337,26.34,13.67,3.65,S3,26.34,13.67,3.65,S3,26.34,13.67,3.41,S3,7.718,0,S3,site_s3,S3,S3,S3,84.0,0.0,0.0,203.1,1,1,1,,,0,0.0,0.0,0.0,0.0,0.0,,279.0,,0
1786377824.436,c2,search,,0.0,31.1,20.71,10.91,S3,0,,0,4474.0,obs,505,31.1,20.71,10.98,S3,31.1,20.71,10.98,S3,31.1,20.71,10.91,S3,7.718,0,S3,site_s3,S3,S3,S3,126.5,0.0,0.0,329.6,1,1,1,,,0,0.0,0.0,0.0,0.0,0.0,,279.0,,0
1786377824.436,c2,recommend,,0.0,26.76,14.03,3.96,S3,0,,0,200.0,obs,679,26.76,14.03,4.0,S3,26.76,14.03,4.0,S3,26.76,14.03,3.96,S3,7.718,0,S3,site_s3,S3,S3,S3,169.5,0.0,0.0,359.8,1,1,1,,,0,0.0,0.0,0.0,0.0,0.0,,279.0,,0
1786377825.436,c1,reserve,,0.0,26.34,13.67,3.42,S3,0,,0,36.0,obs,336,26.34,13.67,3.65,S3,26.34,13.67,3.65,S3,26.34,13.67,3.42,S3,7.717,0,S3,site_s3,S3,S3,S3,84.0,0.0,0.0,23.4,1,1,1,,,0,0.0,0.0,0.0,0.0,0.0,,279.0,,0
1786377825.436,c1,search,,0.0,31.1,20.71,10.97,S3,0,,0,4474.0,obs,507,31.1,20.71,10.98,S3,31.1,20.71,10.98,S3,31.1,20.71,10.97,S3,7.717,0,S3,site_s3,S3,S3,S3,127.0,0.0,0.0,150.4,1,1,1,,,0,0.0,0.0,0.0,0.0,0.0,,279.0,,0
1786377825.436,c1,recommend,,0.0,26.76,14.03,3.96,S3,0,,0,200.0,obs,678,26.76,14.03,4.0,S3,26.76,14.03,4.0,S3,26.76,14.03,3.96,S3,7.717,0,S3,site_s3,S3,S3,S3,169.5,0.0,0.0,180.5,1,1,1,,,0,0.0,0.0,0.0,0.0,0.0,,279.0,,0
1786377825.436,c2,reserve,,0.0,26.34,13.67,3.42,S3,0,,0,36.0,obs,336,26.34,13.67,3.65,S3,26.34,13.67,3.65,S3,26.34,13.67,3.42,S3,7.717,0,S3,site_s3,S3,S3,S3,84.0,0.0,0.0,203.9,1,1,1,,,0,0.0,0.0,0.0,0.0,0.0,,279.0,,0
1786377825.436,c2,search,,0.0,31.1,20.71,10.97,S3,0,,0,4474.0,obs,507,31.1,20.71,10.98,S3,31.1,20.71,10.98,S3,31.1,20.71,10.97,S3,7.717,0,S3,site_s3,S3,S3,S3,126.5,0.0,0.0,330.4,1,1,1,,,0,0.0,0.0,0.0,0.0,0.0,,279.0,,0
1786377825.436,c2,recommend,,0.0,26.76,14.03,3.96,S3,0,,0,200.0,obs,678,26.76,14.03,4.0,S3,26.76,14.03,4.0,S3,26.76,14.03,3.96,S3,7.717,0,S3,site_s3,S3,S3,S3,169.5,0.0,0.0,360.5,1,1,1,,,0,0.0,0.0,0.0,0.0,0.0,,279.0,,0
1786377826.436,c1,reserve,,0.0,26.34,13.67,3.54,S3,0,,0,36.0,obs,337,26.34,13.67,3.65,S3,26.34,13.67,3.65,S3,26.34,13.67,3.54,S3,7.686,0,S3,site_s3,S3,S3,S3,84.0,0.0,0.0,23.4,1,1,1,,,0,0.0,0.0,0.0,0.0,0.0,,279.0,,0
1786377826.436,c1,search,,0.0,31.1,20.71,10.93,S3,0,,0,4474.0,obs,509,31.1,20.71,10.98,S3,31.1,20.71,10.98,S3,31.1,20.71,10.93,S3,7.686,0,S3,site_s3,S3,S3,S3,127.5,0.0,0.0,150.9,1,1,1,,,0,0.0,0.0,0.0,0.0,0.0,,279.0,,0
1786377826.436,c1,recommend,,0.0,26.76,14.03,3.88,S3,0,,0,200.0,obs,675,26.76,14.03,4.0,S3,26.76,14.03,4.0,S3,26.76,14.03,3.88,S3,7.686,0,S3,site_s3,S3,S3,S3,169.0,0.0,0.0,180.9,1,1,1,,,0,0.0,0.0,0.0,0.0,0.0,,279.0,,0
1786377826.436,c2,reserve,,0.0,26.34,13.67,3.54,S3,0,,0,36.0,obs,337,26.34,13.67,3.65,S3,26.34,13.67,3.65,S3,26.34,13.67,3.54,S3,7.686,0,S3,site_s3,S3,S3,S3,84.5,0.0,0.0,204.4,1,1,1,,,0,0.0,0.0,0.0,0.0,0.0,,279.0,,0
1786377826.436,c2,search,,0.0,31.1,20.71,10.93,S3,0,,0,4474.0,obs,509,31.1,20.71,10.98,S3,31.1,20.71,10.98,S3,31.1,20.71,10.93,S3,7.686,0,S3,site_s3,S3,S3,S3,127.0,0.0,0.0,331.4,1,1,1,,,0,0.0,0.0,0.0,0.0,0.0,,279.0,,0
1786377826.436,c2,recommend,,0.0,26.76,14.03,3.88,S3,0,,0,200.0,obs,675,26.76,14.03,4.0,S3,26.76,14.03,4.0,S3,26.76,14.03,3.88,S3,7.686,0,S3,site_s3,S3,S3,S3,168.5,0.0,0.0,361.4,1,1,1,,,0,0.0,0.0,0.0,0.0,0.0,,279.0,,0
1786377827.436,c1,reserve,,0.0,26.34,13.67,3.57,S3,0,,0,36.0,obs,341,26.34,13.67,3.65,S3,26.34,13.67,3.65,S3,26.34,13.67,3.57,S3,7.707,0,S3,site_s3,S3,S3,S3,85.5,0.0,0.0,23.8,1,1,1,,,0,0.0,0.0,0.0,0.0,0.0,,279.0,,0
1786377827.436,c1,search,,0.0,31.1,20.71,10.54,S3,0,,0,4474.0,obs,508,31.1,20.71,10.98,S3,31.1,20.71,10.98,S3,31.1,20.71,10.54,S3,7.707,0,S3,site_s3,S3,S3,S3,127.0,0.0,0.0,150.8,1,1,1,,,0,0.0,0.0,0.0,0.0,0.0,,279.0,,0
1786377827.436,c1,recommend,,0.0,26.76,14.03,3.71,S3,0,,0,200.0,obs,673,26.76,14.03,4.0,S3,26.76,14.03,4.0,S3,26.76,14.03,3.71,S3,7.707,0,S3,site_s3,S3,S3,S3,168.0,0.0,0.0,180.7,1,1,1,,,0,0.0,0.0,0.0,0.0,0.0,,279.0,,0
1786377827.436,c2,reserve,,0.0,26.34,13.67,3.57,S3,0,,0,36.0,obs,341,26.34,13.67,3.65,S3,26.34,13.67,3.65,S3,26.34,13.67,3.57,S3,7.707,0,S3,site_s3,S3,S3,S3,85.0,0.0,0.0,204.3,1,1,1,,,0,0.0,0.0,0.0,0.0,0.0,,279.0,,0
1786377827.436,c2,search,,0.0,31.1,20.71,10.54,S3,0,,0,4474.0,obs,508,31.1,20.71,10.98,S3,31.1,20.71,10.98,S3,31.1,20.71,10.54,S3,7.707,0,S3,site_s3,S3,S3,S3,127.0,0.0,0.0,331.3,1,1,1,,,0,0.0,0.0,0.0,0.0,0.0,,279.0,,0
1786377827.436,c2,recommend,,0.0,26.76,14.03,3.71,S3,0,,0,200.0,obs,673,26.76,14.03,4.0,S3,26.76,14.03,4.0,S3,26.76,14.03,3.71,S3,7.707,0,S3,site_s3,S3,S3,S3,168.5,0.0,0.0,361.3,1,1,1,,,0,0.0,0.0,0.0,0.0,0.0,,279.0,,0
1786377828.436,c1,reserve,,0.0,26.34,13.67,3.57,S3,0,,0,36.0,obs,340,26.34,13.67,3.65,S3,26.34,13.67,3.65,S3,26.34,13.67,3.57,S3,7.819,0,S3,site_s3,S3,S3,S3,85.0,0.0,0.0,23.6,1,1,1,,,0,0.0,0.0,0.0,0.0,0.0,,279.0,,0
1786377828.436,c1,search,,0.0,31.1,20.71,10.53,S3,0,,0,4474.0,obs,505,31.1,20.71,10.98,S3,31.1,20.71,10.98,S3,31.1,20.71,10.53,S3,7.819,0,S3,site_s3,S3,S3,S3,126.5,0.0,0.0,150.1,1,1,1,,,0,0.0,0.0,0.0,0.0,0.0,,279.0,,0
1786377828.436,c1,recommend,,0.0,26.76,14.03,3.81,S3,0,,0,200.0,obs,678,26.76,14.03,4.0,S3,26.76,14.03,4.0,S3,26.76,14.03,3.81,S3,7.819,0,S3,site_s3,S3,S3,S3,169.5,0.0,0.0,180.3,1,1,1,,,0,0.0,0.0,0.0,0.0,0.0,,279.0,,0
1786377828.436,c2,reserve,,0.0,26.34,13.67,3.57,S3,0,,0,36.0,obs,340,26.34,13.67,3.65,S3,26.34,13.67,3.65,S3,26.34,13.67,3.57,S3,7.819,0,S3,site_s3,S3,S3,S3,85.0,0.0,0.0,203.9,1,1,1,,,0,0.0,0.0,0.0,0.0,0.0,,279.0,,0
1786377828.436,c2,search,,0.0,31.1,20.71,10.53,S3,0,,0,4474.0,obs,505,31.1,20.71,10.98,S3,31.1,20.71,10.98,S3,31.1,20.71,10.53,S3,7.819,0,S3,site_s3,S3,S3,S3,126.0,0.0,0.0,329.9,1,1,1,,,0,0.0,0.0,0.0,0.0,0.0,,279.0,,0
1786377828.436,c2,recommend,,0.0,26.76,14.03,3.81,S3,0,,0,200.0,obs,678,26.76,14.03,4.0,S3,26.76,14.03,4.0,S3,26.76,14.03,3.81,S3,7.819,0,S3,site_s3,S3,S3,S3,169.5,0.0,0.0,360.1,1,1,1,,,0,0.0,0.0,0.0,0.0,0.0,,279.0,,0
1786377829.436,c1,reserve,,0.0,26.34,13.67,3.57,S3,0,,0,36.0,obs,336,26.34,13.67,3.65,S3,26.34,13.67,3.65,S3,26.34,13.67,3.57,S3,7.868,0,S3,site_s3,S3,S3,S3,84.0,0.0,0.0,23.4,1,1,1,,,0,0.0,0.0,0.0,0.0,0.0,,279.0,,0
1786377829.436,c1,search,,0.0,31.1,20.71,10.91,S3,0,,0,4474.0,obs,508,31.1,20.71,10.98,S3,31.1,20.71,10.98,S3,31.1,20.71,10.91,S3,7.868,0,S3,site_s3,S3,S3,S3,127.0,0.0,0.0,150.4,1,1,1,,,0,0.0,0.0,0.0,0.0,0.0,,279.0,,0
1786377829.436,c1,recommend,,0.0,26.76,14.03,3.97,S3,0,,0,200.0,obs,680,26.76,14.03,4.0,S3,26.76,14.03,4.0,S3,26.76,14.03,3.97,S3,7.868,0,S3,site_s3,S3,S3,S3,170.0,0.0,0.0,180.6,1,1,1,,,0,0.0,0.0,0.0,0.0,0.0,,279.0,,0
1786377829.436,c2,reserve,,0.0,26.34,13.67,3.57,S3,0,,0,36.0,obs,336,26.34,13.67,3.65,S3,26.34,13.67,3.65,S3,26.34,13.67,3.57,S3,7.868,0,S3,site_s3,S3,S3,S3,84.0,0.0,0.0,204.0,1,1,1,,,0,0.0,0.0,0.0,0.0,0.0,,279.0,,0
1786377829.436,c2,search,,0.0,31.1,20.71,10.91,S3,0,,0,4474.0,obs,508,31.1,20.71,10.98,S3,31.1,20.71,10.98,S3,31.1,20.71,10.91,S3,7.868,0,S3,site_s3,S3,S3,S3,127.0,0.0,0.0,331.0,1,1,1,,,0,0.0,0.0,0.0,0.0,0.0,,279.0,,0
1786377829.436,c2,recommend,,0.0,26.76,14.03,3.97,S3,0,,0,200.0,obs,680,26.76,14.03,4.0,S3,26.76,14.03,4.0,S3,26.76,14.03,3.97,S3,7.868,0,S3,site_s3,S3,S3,S3,170.0,0.0,0.0,361.2,1,1,1,,,0,0.0,0.0,0.0,0.0,0.0,,279.0,,0
1786377830.436,c1,reserve,,0.0,26.34,13.67,3.49,S3,0,,0,36.0,obs,336,26.34,13.67,3.65,S3,26.34,13.67,3.65,S3,26.34,13.67,3.49,S3,7.769,0,S3,site_s3,S3,S3,S3,84.0,0.0,0.0,23.4,1,1,1,,,0,0.0,0.0,0.0,0.0,0.0,,279.0,,0
1786377830.436,c1,search,,0.0,31.1,20.71,10.86,S3,0,,0,4474.0,obs,509,31.1,20.71,10.98,S3,31.1,20.71,10.98,S3,31.1,20.71,10.86,S3,7.769,0,S3,site_s3,S3,S3,S3,127.0,0.0,0.0,150.4,1,1,1,,,0,0.0,0.0,0.0,0.0,0.0,,279.0,,0
1786377830.436,c1,recommend,,0.0,26.76,14.03,3.89,S3,0,,0,200.0,obs,681,26.76,14.03,4.0,S3,26.76,14.03,4.0,S3,26.76,14.03,3.89,S3,7.769,0,S3,site_s3,S3,S3,S3,170.5,0.0,0.0,180.7,1,1,1,,,0,0.0,0.0,0.0,0.0,0.0,,279.0,,0
1786377830.436,c2,reserve,,0.0,26.34,13.67,3.49,S3,0,,0,36.0,obs,336,26.34,13.67,3.65,S3,26.34,13.67,3.65,S3,26.34,13.67,3.49,S3,7.769,0,S3,site_s3,S3,S3,S3,84.0,0.0,0.0,204.1,1,1,1,,,0,0.0,0.0,0.0,0.0,0.0,,279.0,,0
1786377830.436,c2,search,,0.0,31.1,20.71,10.86,S3,0,,0,4474.0,obs,509,31.1,20.71,10.98,S3,31.1,20.71,10.98,S3,31.1,20.71,10.86,S3,7.769,0,S3,site_s3,S3,S3,S3,127.5,0.0,0.0,331.6,1,1,1,,,0,0.0,0.0,0.0,0.0,0.0,,279.0,,0
1786377830.436,c2,recommend,,0.0,26.76,14.03,3.89,S3,0,,0,200.0,obs,681,26.76,14.03,4.0,S3,26.76,14.03,4.0,S3,26.76,14.03,3.89,S3,7.769,0,S3,site_s3,S3,S3,S3,170.0,0.0,0.0,361.8,1,1,1,,,0,0.0,0.0,0.0,0.0,0.0,,279.0,,0
1786377831.436,c1,reserve,,0.0,26.34,13.67,3.51,S3,0,,0,36.0,obs,340,26.34,13.67,3.65,S3,26.34,13.67,3.65,S3,26.34,13.67,3.51,S3,7.606,0,S3,site_s3,S3,S3,S3,85.0,0.0,0.0,23.6,1,1,1,,,0,0.0,0.0,0.0,0.0,0.0,,279.0,,0
1786377831.436,c1,search,,0.0,31.1,20.71,10.86,S3,0,,0,4474.0,obs,510,31.1,20.71,10.98,S3,31.1,20.71,10.98,S3,31.1,20.71,10.86,S3,7.606,0,S3,site_s3,S3,S3,S3,127.5,0.0,0.0,151.1,1,1,1,,,0,0.0,0.0,0.0,0.0,0.0,,279.0,,0
1786377831.436,c1,recommend,,0.0,26.76,14.03,3.9,S3,0,,0,200.0,obs,680,26.76,14.03,4.0,S3,26.76,14.03,4.0,S3,26.76,14.03,3.9,S3,7.606,0,S3,site_s3,S3,S3,S3,170.0,0.0,0.0,181.4,1,1,1,,,0,0.0,0.0,0.0,0.0,0.0,,279.0,,0
1786377831.436,c2,reserve,,0.0,26.34,13.67,3.51,S3,0,,0,36.0,obs,340,26.34,13.67,3.65,S3,26.34,13.67,3.65,S3,26.34,13.67,3.51,S3,7.606,0,S3,site_s3,S3,S3,S3,85.0,0.0,0.0,205.0,1,1,1,,,0,0.0,0.0,0.0,0.0,0.0,,279.0,,0
1786377831.436,c2,search,,0.0,31.1,20.71,10.86,S3,0,,0,4474.0,obs,510,31.1,20.71,10.98,S3,31.1,20.71,10.98,S3,31.1,20.71,10.86,S3,7.606,0,S3,site_s3,S3,S3,S3,127.5,0.0,0.0,332.5,1,1,1,,,0,0.0,0.0,0.0,0.0,0.0,,279.0,,0
1786377831.436,c2,recommend,,0.0,26.76,14.03,3.9,S3,0,,0,200.0,obs,680,26.76,14.03,4.0,S3,26.76,14.03,4.0,S3,26.76,14.03,3.9,S3,7.606,0,S3,site_s3,S3,S3,S3,170.0,0.0,0.0,362.8,1,1,1,,,0,0.0,0.0,0.0,0.0,0.0,,279.0,,0
1786377832.436,c1,reserve,,0.0,26.34,13.67,3.61,S3,0,,0,36.0,obs,344,26.34,13.67,3.65,S3,26.34,13.67,3.65,S3,26.34,13.67,3.61,S3,7.73,0,S3,site_s3,S3,S3,S3,86.0,0.0,0.0,23.9,1,1,1,,,0,0.0,0.0,0.0,0.0,0.0,,279.0,,0
1786377832.436,c1,search,,0.0,31.1,20.71,10.78,S3,0,,0,4474.0,obs,506,31.1,20.71,10.98,S3,31.1,20.71,10.98,S3,31.1,20.71,10.78,S3,7.73,0,S3,site_s3,S3,S3,S3,126.5,0.0,0.0,150.4,1,1,1,,,0,0.0,0.0,0.0,0.0,0.0,,279.0,,0
1786377832.436,c1,recommend,,0.0,26.76,14.03,3.93,S3,0,,0,200.0,obs,677,26.76,14.03,4.0,S3,26.76,14.03,4.0,S3,26.76,14.03,3.93,S3,7.73,0,S3,site_s3,S3,S3,S3,169.5,0.0,0.0,180.6,1,1,1,,,0,0.0,0.0,0.0,0.0,0.0,,279.0,,0
1786377832.436,c2,reserve,,0.0,26.34,13.67,3.61,S3,0,,0,36.0,obs,344,26.34,13.67,3.65,S3,26.34,13.67,3.65,S3,26.34,13.67,3.61,S3,7.73,0,S3,site_s3,S3,S3,S3,86.0,0.0,0.0,204.5,1,1,1,,,0,0.0,0.0,0.0,0.0,0.0,,279.0,,0
1786377832.436,c2,search,,0.0,31.1,20.71,10.78,S3,0,,0,4474.0,obs,506,31.1,20.71,10.98,S3,31.1,20.71,10.98,S3,31.1,20.71,10.78,S3,7.73,0,S3,site_s3,S3,S3,S3,126.5,0.0,0.0,331.0,1,1,1,,,0,0.0,0.0,0.0,0.0,0.0,,279.0,,0
1786377832.436,c2,recommend,,0.0,26.76,14.03,3.93,S3,0,,0,200.0,obs,677,26.76,14.03,4.0,S3,26.76,14.03,4.0,S3,26.76,14.03,3.93,S3,7.73,0,S3,site_s3,S3,S3,S3,169.0,0.0,0.0,361.1,1,1,1,,,0,0.0,0.0,0.0,0.0,0.0,,279.0,,0
1786377833.436,c1,reserve,,0.0,26.34,13.67,3.64,S3,0,,0,36.0,obs,339,26.34,13.67,3.65,S3,26.34,13.67,3.65,S3,26.34,13.67,3.64,S3,7.676,0,S3,site_s3,S3,S3,S3,85.0,0.0,0.0,23.6,1,1,1,,,0,0.0,0.0,0.0,0.0,0.0,,279.0,,0
1786377833.436,c1,search,,0.0,31.1,20.71,10.7,S3,0,,0,4474.0,obs,507,31.1,20.71,10.98,S3,31.1,20.71,10.98,S3,31.1,20.71,10.7,S3,7.676,0,S3,site_s3,S3,S3,S3,126.5,0.0,0.0,150.1,1,1,1,,,0,0.0,0.0,0.0,0.0,0.0,,279.0,,0
1786377833.436,c1,recommend,,0.0,26.76,14.03,3.92,S3,0,,0,200.0,obs,682,26.76,14.03,4.0,S3,26.76,14.03,4.0,S3,26.76,14.03,3.92,S3,7.676,0,S3,site_s3,S3,S3,S3,170.5,0.0,0.0,180.5,1,1,1,,,0,0.0,0.0,0.0,0.0,0.0,,279.0,,0
1786377833.436,c2,reserve,,0.0,26.34,13.67,3.64,S3,0,,0,36.0,obs,339,26.34,13.67,3.65,S3,26.34,13.67,3.65,S3,26.34,13.67,3.64,S3,7.676,0,S3,site_s3,S3,S3,S3,84.5,0.0,0.0,204.0,1,1,1,,,0,0.0,0.0,0.0,0.0,0.0,,279.0,,0
1786377833.436,c2,search,,0.0,31.1,20.71,10.7,S3,0,,0,4474.0,obs,507,31.1,20.71,10.98,S3,31.1,20.71,10.98,S3,31.1,20.71,10.7,S3,7.676,0,S3,site_s3,S3,S3,S3,127.0,0.0,0.0,331.0,1,1,1,,,0,0.0,0.0,0.0,0.0,0.0,,279.0,,0
1786377833.436,c2,recommend,,0.0,26.76,14.03,3.92,S3,0,,0,200.0,obs,682,26.76,14.03,4.0,S3,26.76,14.03,4.0,S3,26.76,14.03,3.92,S3,7.676,0,S3,site_s3,S3,S3,S3,170.5,0.0,0.0,361.3,1,1,1,,,0,0.0,0.0,0.0,0.0,0.0,,279.0,,0
1786377834.436,c1,reserve,,0.0,26.34,13.67,3.56,S3,0,,0,36.0,obs,338,26.34,13.67,3.65,S3,26.34,13.67,3.65,S3,26.34,13.67,3.56,S3,7.674,0,S3,site_s3,S3,S3,S3,84.5,0.0,0.0,23.5,1,1,1,,,0,0.0,0.0,0.0,0.0,0.0,,279.0,,0
1786377834.436,c1,search,,0.0,31.1,20.71,10.81,S3,0,,0,4474.0,obs,509,31.1,20.71,10.98,S3,31.1,20.71,10.98,S3,31.1,20.71,10.81,S3,7.674,0,S3,site_s3,S3,S3,S3,127.5,0.0,0.0,151.0,1,1,1,,,0,0.0,0.0,0.0,0.0,0.0,,279.0,,0
1786377834.436,c1,recommend,,0.0,26.76,14.03,3.83,S3,0,,0,200.0,obs,682,26.76,14.03,4.0,S3,26.76,14.03,4.0,S3,26.76,14.03,3.83,S3,7.674,0,S3,site_s3,S3,S3,S3,170.5,0.0,0.0,181.3,1,1,1,,,0,0.0,0.0,0.0,0.0,0.0,,279.0,,0
1786377834.436,c2,reserve,,0.0,26.34,13.67,3.56,S3,0,,0,36.0,obs,338,26.34,13.67,3.65,S3,26.34,13.67,3.65,S3,26.34,13.67,3.56,S3,7.674,0,S3,site_s3,S3,S3,S3,84.5,0.0,0.0,204.8,1,1,1,,,0,0.0,0.0,0.0,0.0,0.0,,279.0,,0
1786377834.436,c2,search,,0.0,31.1,20.71,10.81,S3,0,,0,4474.0,obs,509,31.1,20.71,10.98,S3,31.1,20.71,10.98,S3,31.1,20.71,10.81,S3,7.674,0,S3,site_s3,S3,S3,S3,127.0,0.0,0.0,331.8,1,1,1,,,0,0.0,0.0,0.0,0.0,0.0,,279.0,,0
1786377834.436,c2,recommend,,0.0,26.76,14.03,3.83,S3,0,,0,200.0,obs,682,26.76,14.03,4.0,S3,26.76,14.03,4.0,S3,26.76,14.03,3.83,S3,7.674,0,S3,site_s3,S3,S3,S3,170.5,0.0,0.0,362.2,1,1,1,,,0,0.0,0.0,0.0,0.0,0.0,,279.0,,0
1786377835.436,c1,reserve,,0.0,26.34,13.67,3.57,S3,0,,0,36.0,obs,338,26.34,13.67,3.65,S3,26.34,13.67,3.65,S3,26.34,13.67,3.57,S3,7.731,0,S3,site_s3,S3,S3,S3,84.5,0.0,0.0,23.5,1,1,1,,,0,0.0,0.0,0.0,0.0,0.0,,279.0,,0
1786377835.436,c1,search,,0.0,31.1,20.71,10.98,S3,0,,0,4474.0,obs,512,31.1,20.71,10.98,S3,31.1,20.71,10.98,S3,31.1,20.71,10.98,S3,7.731,0,S3,site_s3,S3,S3,S3,128.0,0.0,0.0,151.5,1,1,1,,,0,0.0,0.0,0.0,0.0,0.0,,279.0,,0
1786377835.436,c1,recommend,,0.0,26.76,14.03,3.95,S3,0,,0,200.0,obs,680,26.76,14.03,4.0,S3,26.76,14.03,4.0,S3,26.76,14.03,3.95,S3,7.731,0,S3,site_s3,S3,S3,S3,170.0,0.0,0.0,181.8,1,1,1,,,0,0.0,0.0,0.0,0.0,0.0,,279.0,,0
1786377835.436,c2,reserve,,0.0,26.34,13.67,3.57,S3,0,,0,36.0,obs,338,26.34,13.67,3.65,S3,26.34,13.67,3.65,S3,26.34,13.67,3.57,S3,7.731,0,S3,site_s3,S3,S3,S3,84.5,0.0,0.0,205.2,1,1,1,,,0,0.0,0.0,0.0,0.0,0.0,,279.0,,0
1786377835.436,c2,search,,0.0,31.1,20.71,10.98,S3,0,,0,4474.0,obs,512,31.1,20.71,10.98,S3,31.1,20.71,10.98,S3,31.1,20.71,10.98,S3,7.731,0,S3,site_s3,S3,S3,S3,128.0,0.0,0.0,333.2,1,1,1,,,0,0.0,0.0,0.0,0.0,0.0,,279.0,,0
1786377835.436,c2,recommend,,0.0,26.76,14.03,3.95,S3,0,,0,200.0,obs,680,26.76,14.03,4.0,S3,26.76,14.03,4.0,S3,26.76,14.03,3.95,S3,7.731,0,S3,site_s3,S3,S3,S3,170.0,0.0,0.0,363.5,1,1,1,,,0,0.0,0.0,0.0,0.0,0.0,,279.0,,0
1786377836.436,c1,reserve,,0.0,26.34,13.67,3.57,S3,0,,0,36.0,obs,342,26.34,13.67,3.65,S3,26.34,13.67,3.65,S3,26.34,13.67,3.57,S3,7.647,0,S3,site_s3,S3,S3,S3,85.5,0.0,0.0,23.8,1,1,1,,,0,0.0,0.0,0.0,0.0,0.0,,279.0,,0
1786377836.436,c1,search,,0.0,31.1,20.71,10.9,S3,0,,0,4474.0,obs,511,31.1,20.71,10.98,S3,31.1,20.71,10.98,S3,31.1,20.71,10.9,S3,7.647,0,S3,site_s3,S3,S3,S3,128.0,0.0,0.0,151.8,1,1,1,,,0,0.0,0.0,0.0,0.0,0.0,,279.0,,0
1786377836.436,c1,recommend,,0.0,26.76,14.03,3.93,S3,0,,0,200.0,obs,677,26.76,14.03,4.0,S3,26.76,14.03,4.0,S3,26.76,14.03,3.93,S3,7.647,0,S3,site_s3,S3,S3,S3,169.5,0.0,0.0,181.9,1,1,1,,,0,0.0,0.0,0.0,0.0,0.0,,279.0,,0
1786377836.436,c2,reserve,,0.0,26.34,13.67,3.57,S3,0,,0,36.0,obs,342,26.34,13.67,3.65,S3,26.34,13.67,3.65,S3,26.34,13.67,3.57,S3,7.647,0,S3,site_s3,S3,S3,S3,85.5,0.0,0.0,205.7,1,1,1,,,0,0.0,0.0,0.0,0.0,0.0,,279.0,,0
1786377836.436,c2,search,,0.0,31.1,20.71,10.9,S3,0,,0,4474.0,obs,511,31.1,20.71,10.98,S3,31.1,20.71,10.98,S3,31.1,20.71,10.9,S3,7.647,0,S3,site_s3,S3,S3,S3,127.5,0.0,0.0,333.2,1,1,1,,,0,0.0,0.0,0.0,0.0,0.0,,279.0,,0
1786377836.436,c2,recommend,,0.0,26.76,14.03,3.93,S3,0,,0,200.0,obs,677,26.76,14.03,4.0,S3,26.76,14.03,4.0,S3,26.76,14.03,3.93,S3,7.647,0,S3,site_s3,S3,S3,S3,169.0,0.0,0.0,363.3,1,1,1,,,0,0.0,0.0,0.0,0.0,0.0,,279.0,,0
1786377837.436,c1,reserve,,0.0,26.34,13.67,3.48,S3,0,,0,36.0,obs,342,26.34,13.67,3.65,S3,26.34,13.67,3.65,S3,26.34,13.67,3.48,S3,7.724,0,S3,site_s3,S3,S3,S3,85.5,0.0,0.0,23.8,1,1,1,,,0,0.0,0.0,0.0,0.0,0.0,,279.0,,0
1786377837.436,c1,search,,0.0,31.1,20.71,10.85,S3,0,,0,4474.0,obs,507,31.1,20.71,10.98,S3,31.1,20.71,10.98,S3,31.1,20.71,10.85,S3,7.724,0,S3,site_s3,S3,S3,S3,127.0,0.0,0.0,150.8,1,1,1,,,0,0.0,0.0,0.0,0.0,0.0,,279.0,,0
1786377837.436,c1,recommend,,0.0,26.76,14.03,3.88,S3,0,,0,200.0,obs,681,26.76,14.03,4.0,S3,26.76,14.03,4.0,S3,26.76,14.03,3.88,S3,7.724,0,S3,site_s3,S3,S3,S3,170.0,0.0,0.0,181.0,1,1,1,,,0,0.0,0.0,0.0,0.0,0.0,,279.0,,0
1786377837.436,c2,reserve,,0.0,26.34,13.67,3.48,S3,0,,0,36.0,obs,342,26.34,13.67,3.65,S3,26.34,13.67,3.65,S3,26.34,13.67,3.48,S3,7.724,0,S3,site_s3,S3,S3,S3,85.5,0.0,0.0,204.8,1,1,1,,,0,0.0,0.0,0.0,0.0,0.0,,279.0,,0
1786377837.436,c2,search,,0.0,31.1,20.71,10.85,S3,0,,0,4474.0,obs,507,31.1,20.71,10.98,S3,31.1,20.71,10.98,S3,31.1,20.71,10.85,S3,7.724,0,S3,site_s3,S3,S3,S3,126.5,0.0,0.0,331.3,1,1,1,,,0,0.0,0.0,0.0,0.0,0.0,,279.0,,0
1786377837.436,c2,recommend,,0.0,26.76,14.03,3.88,S3,0,,0,200.0,obs,681,26.76,14.03,4.0,S3,26.76,14.03,4.0,S3,26.76,14.03,3.88,S3,7.724,0,S3,site_s3,S3,S3,S3,170.5,0.0,0.0,361.6,1,1,1,,,0,0.0,0.0,0.0,0.0,0.0,,279.0,,0
1786377838.437,c1,reserve,,0.0,26.34,13.67,3.5,S3,0,,0,36.0,obs,339,26.34,13.67,3.65,S3,26.34,13.67,3.65,S3,26.34,13.67,3.5,S3,7.931,0,S3,site_s3,S3,S3,S3,84.5,0.0,0.0,23.5,1,1,1,,,0,0.0,0.0,0.0,0.0,0.0,,279.0,,0
1786377838.437,c1,search,,0.0,31.1,20.71,10.84,S3,0,,0,4474.0,obs,510,31.1,20.71,10.98,S3,31.1,20.71,10.98,S3,31.1,20.71,10.84,S3,7.931,0,S3,site_s3,S3,S3,S3,127.5,0.0,0.0,151.0,1,1,1,,,0,0.0,0.0,0.0,0.0,0.0,,279.0,,0
1786377838.437,c1,recommend,,0.0,26.76,14.03,3.82,S3,0,,0,200.0,obs,683,26.76,14.03,4.0,S3,26.76,14.03,4.0,S3,26.76,14.03,3.82,S3,7.931,0,S3,site_s3,S3,S3,S3,171.0,0.0,0.0,181.4,1,1,1,,,0,0.0,0.0,0.0,0.0,0.0,,279.0,,0
1786377838.437,c2,reserve,,0.0,26.34,13.67,3.5,S3,0,,0,36.0,obs,339,26.34,13.67,3.65,S3,26.34,13.67,3.65,S3,26.34,13.67,3.5,S3,7.931,0,S3,site_s3,S3,S3,S3,85.0,0.0,0.0,205.1,1,1,1,,,0,0.0,0.0,0.0,0.0,0.0,,279.0,,0
1786377838.437,c2,search,,0.0,31.1,20.71,10.84,S3,0,,0,4474.0,obs,510,31.1,20.71,10.98,S3,31.1,20.71,10.98,S3,31.1,20.71,10.84,S3,7.931,0,S3,site_s3,S3,S3,S3,127.5,0.0,0.0,332.6,1,1,1,,,0,0.0,0.0,0.0,0.0,0.0,,279.0,,0
1786377838.437,c2,recommend,,0.0,26.76,14.03,3.82,S3,0,,0,200.0,obs,683,26.76,14.03,4.0,S3,26.76,14.03,4.0,S3,26.76,14.03,3.82,S3,7.931,0,S3,site_s3,S3,S3,S3,170.5,0.0,0.0,362.9,1,1,1,,,0,0.0,0.0,0.0,0.0,0.0,,279.0,,0
1786377839.436,c1,reserve,,0.0,26.34,13.67,3.55,S3,0,,0,36.0,obs,339,26.34,13.67,3.65,S3,26.34,13.67,3.65,S3,26.34,13.67,3.55,S3,7.665,0,S3,site_s3,S3,S3,S3,85.0,0.0,0.0,23.6,1,1,1,,,0,0.0,0.0,0.0,0.0,0.0,,279.0,,0
1786377839.436,c1,search,,0.0,31.1,20.71,10.79,S3,0,,0,4474.0,obs,511,31.1,20.71,10.98,S3,31.1,20.71,10.98,S3,31.1,20.71,10.79,S3,7.665,0,S3,site_s3,S3,S3,S3,127.5,0.0,0.0,151.1,1,1,1,,,0,0.0,0.0,0.0,0.0,0.0,,279.0,,0
1786377839.436,c1,recommend,,0.0,26.76,14.03,3.89,S3,0,,0,200.0,obs,684,26.76,14.03,4.0,S3,26.76,14.03,4.0,S3,26.76,14.03,3.89,S3,7.665,0,S3,site_s3,S3,S3,S3,171.0,0.0,0.0,181.6,1,1,1,,,0,0.0,0.0,0.0,0.0,0.0,,279.0,,0
1786377839.436,c2,reserve,,0.0,26.34,13.67,3.55,S3,0,,0,36.0,obs,339,26.34,13.67,3.65,S3,26.34,13.67,3.65,S3,26.34,13.67,3.55,S3,7.665,0,S3,site_s3,S3,S3,S3,84.5,0.0,0.0,205.1,1,1,1,,,0,0.0,0.0,0.0,0.0,0.0,,279.0,,0
1786377839.436,c2,search,,0.0,31.1,20.71,10.79,S3,0,,0,4474.0,obs,511,31.1,20.71,10.98,S3,31.1,20.71,10.98,S3,31.1,20.71,10.79,S3,7.665,0,S3,site_s3,S3,S3,S3,128.0,0.0,0.0,333.1,1,1,1,,,0,0.0,0.0,0.0,0.0,0.0,,279.0,,0
1786377839.436,c2,recommend,,0.0,26.76,14.03,3.89,S3,0,,0,200.0,obs,684,26.76,14.03,4.0,S3,26.76,14.03,4.0,S3,26.76,14.03,3.89,S3,7.665,0,S3,site_s3,S3,S3,S3,171.0,0.0,0.0,363.5,1,1,1,,,0,0.0,0.0,0.0,0.0,0.0,,279.0,,0
1786377840.436,c1,reserve,,0.0,26.34,13.67,3.55,S3,0,,0,36.0,obs,342,26.34,13.67,3.65,S3,26.34,13.67,3.65,S3,26.34,13.67,3.55,S3,7.613,0,S3,site_s3,S3,S3,S3,85.5,0.0,0.0,23.8,1,1,1,,,0,0.0,0.0,0.0,0.0,0.0,,279.0,,0
1786377840.436,c1,search,,0.0,31.1,20.71,10.71,S3,0,,0,4474.0,obs,513,31.1,20.71,10.98,S3,31.1,20.71,10.98,S3,31.1,20.71,10.71,S3,7.613,0,S3,site_s3,S3,S3,S3,128.5,0.0,0.0,152.3,1,1,1,,,0,0.0,0.0,0.0,0.0,0.0,,279.0,,0
1786377840.436,c1,recommend,,0.0,26.76,14.03,3.89,S3,0,,0,200.0,obs,680,26.76,14.03,4.0,S3,26.76,14.03,4.0,S3,26.76,14.03,3.89,S3,7.613,0,S3,site_s3,S3,S3,S3,170.0,0.0,0.0,182.5,1,1,1,,,0,0.0,0.0,0.0,0.0,0.0,,279.0,,0
1786377840.436,c2,reserve,,0.0,26.34,13.67,3.55,S3,0,,0,36.0,obs,342,26.34,13.67,3.65,S3,26.34,13.67,3.65,S3,26.34,13.67,3.55,S3,7.613,0,S3,site_s3,S3,S3,S3,85.5,0.0,0.0,206.3,1,1,1,,,0,0.0,0.0,0.0,0.0,0.0,,279.0,,0
1786377840.436,c2,search,,0.0,31.1,20.71,10.71,S3,0,,0,4474.0,obs,513,31.1,20.71,10.98,S3,31.1,20.71,10.98,S3,31.1,20.71,10.71,S3,7.613,0,S3,site_s3,S3,S3,S3,128.0,0.0,0.0,334.3,1,1,1,,,0,0.0,0.0,0.0,0.0,0.0,,279.0,,0
1786377840.436,c2,recommend,,0.0,26.76,14.03,3.89,S3,0,,0,200.0,obs,680,26.76,14.03,4.0,S3,26.76,14.03,4.0,S3,26.76,14.03,3.89,S3,7.613,0,S3,site_s3,S3,S3,S3,170.0,0.0,0.0,364.6,1,1,1,,,0,0.0,0.0,0.0,0.0,0.0,,279.0,,0
1786377841.436,c1,reserve,,0.0,26.34,13.67,3.58,S3,0,,0,36.0,obs,345,26.34,13.67,3.65,S3,26.34,13.67,3.65,S3,26.34,13.67,3.58,S3,7.655,0,S3,site_s3,S3,S3,S3,86.5,0.0,0.0,24.0,1,1,1,,,0,0.0,0.0,0.0,0.0,0.0,,279.0,,0
1786377841.436,c1,search,,0.0,31.1,20.71,10.81,S3,0,,0,4474.0,obs,509,31.1,20.71,10.98,S3,31.1,20.71,10.98,S3,31.1,20.71,10.81,S3,7.655,0,S3,site_s3,S3,S3,S3,127.0,0.0,0.0,151.0,1,1,1,,,0,0.0,0.0,0.0,0.0,0.0,,279.0,,0
1786377841.436,c1,recommend,,0.0,26.76,14.03,3.89,S3,0,,0,200.0,obs,682,26.76,14.03,4.0,S3,26.76,14.03,4.0,S3,26.76,14.03,3.89,S3,7.655,0,S3,site_s3,S3,S3,S3,170.5,0.0,0.0,181.4,1,1,1,,,0,0.0,0.0,0.0,0.0,0.0,,279.0,,0
1786377841.436,c2,reserve,,0.0,26.34,13.67,3.58,S3,0,,0,36.0,obs,345,26.34,13.67,3.65,S3,26.34,13.67,3.65,S3,26.34,13.67,3.58,S3,7.655,0,S3,site_s3,S3,S3,S3,86.0,0.0,0.0,205.3,1,1,1,,,0,0.0,0.0,0.0,0.0,0.0,,279.0,,0
1786377841.436,c2,search,,0.0,31.1,20.71,10.81,S3,0,,0,4474.0,obs,509,31.1,20.71,10.98,S3,31.1,20.71,10.98,S3,31.1,20.71,10.81,S3,7.655,0,S3,site_s3,S3,S3,S3,127.5,0.0,0.0,332.8,1,1,1,,,0,0.0,0.0,0.0,0.0,0.0,,279.0,,0
1786377841.436,c2,recommend,,0.0,26.76,14.03,3.89,S3,0,,0,200.0,obs,682,26.76,14.03,4.0,S3,26.76,14.03,4.0,S3,26.76,14.03,3.89,S3,7.655,0,S3,site_s3,S3,S3,S3,170.5,0.0,0.0,363.2,1,1,1,,,0,0.0,0.0,0.0,0.0,0.0,,279.0,,0
1786377842.436,c1,reserve,,0.0,26.34,13.67,3.55,S3,0,,0,36.0,obs,340,26.34,13.67,3.65,S3,26.34,13.67,3.65,S3,26.34,13.67,3.55,S3,7.674,0,S3,site_s3,S3,S3,S3,85.0,0.0,0.0,23.6,1,1,1,,,0,0.0,0.0,0.0,0.0,0.0,,279.0,,0
1786377842.436,c1,search,,0.0,31.1,20.71,10.91,S3,0,,0,4474.0,obs,510,31.1,20.71,10.98,S3,31.1,20.71,10.98,S3,31.1,20.71,10.91,S3,7.674,0,S3,site_s3,S3,S3,S3,127.5,0.0,0.0,151.1,1,1,1,,,0,0.0,0.0,0.0,0.0,0.0,,279.0,,0
1786377842.436,c1,recommend,,0.0,26.76,14.03,3.95,S3,0,,0,200.0,obs,686,26.76,14.03,4.0,S3,26.76,14.03,4.0,S3,26.76,14.03,3.95,S3,7.674,0,S3,site_s3,S3,S3,S3,172.0,0.0,0.0,181.7,1,1,1,,,0,0.0,0.0,0.0,0.0,0.0,,279.0,,0
1786377842.436,c2,reserve,,0.0,26.34,13.67,3.55,S3,0,,0,36.0,obs,340,26.34,13.67,3.65,S3,26.34,13.67,3.65,S3,26.34,13.67,3.55,S3,7.674,0,S3,site_s3,S3,S3,S3,85.0,0.0,0.0,205.4,1,1,1,,,0,0.0,0.0,0.0,0.0,0.0,,279.0,,0
1786377842.436,c2,search,,0.0,31.1,20.71,10.91,S3,0,,0,4474.0,obs,510,31.1,20.71,10.98,S3,31.1,20.71,10.98,S3,31.1,20.71,10.91,S3,7.674,0,S3,site_s3,S3,S3,S3,127.5,0.0,0.0,332.9,1,1,1,,,0,0.0,0.0,0.0,0.0,0.0,,279.0,,0
1786377842.436,c2,recommend,,0.0,26.76,14.03,3.95,S3,0,,0,200.0,obs,686,26.76,14.03,4.0,S3,26.76,14.03,4.0,S3,26.76,14.03,3.95,S3,7.674,0,S3,site_s3,S3,S3,S3,171.0,0.0,0.0,363.3,1,1,1,,,0,0.0,0.0,0.0,0.0,0.0,,279.0,,0
1786377843.436,c1,reserve,,0.0,26.34,13.67,3.58,S3,0,,0,36.0,obs,340,26.34,13.67,3.65,S3,26.34,13.67,3.65,S3,26.34,13.67,3.58,S3,7.703,0,S3,site_s3,S3,S3,S3,85.0,0.0,0.0,23.6,1,1,1,,,0,0.0,0.0,0.0,0.0,0.0,,279.0,,0
1786377843.436,c1,search,,0.0,31.1,20.71,10.92,S3,0,,0,4474.0,obs,512,31.1,20.71,10.98,S3,31.1,20.71,10.98,S3,31.1,20.71,10.92,S3,7.703,0,S3,site_s3,S3,S3,S3,128.0,0.0,0.0,151.6,1,1,1,,,0,0.0,0.0,0.0,0.0,0.0,,279.0,,0
1786377843.436,c1,recommend,,0.0,26.76,14.03,3.83,S3,0,,0,200.0,obs,685,26.76,14.03,4.0,S3,26.76,14.03,4.0,S3,26.76,14.03,3.83,S3,7.703,0,S3,site_s3,S3,S3,S3,171.0,0.0,0.0,182.1,1,1,1,,,0,0.0,0.0,0.0,0.0,0.0,,279.0,,0
1786377843.436,c2,reserve,,0.0,26.34,13.67,3.58,S3,0,,0,36.0,obs,340,26.34,13.67,3.65,S3,26.34,13.67,3.65,S3,26.34,13.67,3.58,S3,7.703,0,S3,site_s3,S3,S3,S3,85.0,0.0,0.0,205.7,1,1,1,,,0,0.0,0.0,0.0,0.0,0.0,,279.0,,0
1786377843.436,c2,search,,0.0,31.1,20.71,10.92,S3,0,,0,4474.0,obs,512,31.1,20.71,10.98,S3,31.1,20.71,10.98,S3,31.1,20.71,10.92,S3,7.703,0,S3,site_s3,S3,S3,S3,128.0,0.0,0.0,333.7,1,1,1,,,0,0.0,0.0,0.0,0.0,0.0,,279.0,,0
1786377843.436,c2,recommend,,0.0,26.76,14.03,3.83,S3,0,,0,200.0,obs,685,26.76,14.03,4.0,S3,26.76,14.03,4.0,S3,26.76,14.03,3.83,S3,7.703,0,S3,site_s3,S3,S3,S3,171.5,0.0,0.0,364.2,1,1,1,,,0,0.0,0.0,0.0,0.0,0.0,,279.0,,0
1786377844.436,c1,reserve,,0.0,26.34,13.67,3.65,S3,0,,0,36.0,obs,341,26.34,13.67,3.65,S3,26.34,13.67,3.65,S3,26.34,13.67,3.65,S3,7.706,0,S3,site_s3,S3,S3,S3,85.0,0.0,0.0,23.6,1,1,1,,,0,0.0,0.0,0.0,0.0,0.0,,279.0,,0
1786377844.436,c1,search,,0.0,31.1,20.71,10.84,S3,0,,0,4474.0,obs,515,31.1,20.71,10.98,S3,31.1,20.71,10.98,S3,31.1,20.71,10.84,S3,7.706,0,S3,site_s3,S3,S3,S3,129.0,0.0,0.0,152.6,1,1,1,,,0,0.0,0.0,0.0,0.0,0.0,,279.0,,0
1786377844.436,c1,recommend,,0.0,26.76,14.03,3.83,S3,0,,0,200.0,obs,683,26.76,14.03,4.0,S3,26.76,14.03,4.0,S3,26.76,14.03,3.83,S3,7.706,0,S3,site_s3,S3,S3,S3,171.0,0.0,0.0,183.1,1,1,1,,,0,0.0,0.0,0.0,0.0,0.0,,279.0,,0
1786377844.436,c2,reserve,,0.0,26.34,13.67,3.65,S3,0,,0,36.0,obs,341,26.34,13.67,3.65,S3,26.34,13.67,3.65,S3,26.34,13.67,3.65,S3,7.706,0,S3,site_s3,S3,S3,S3,85.5,0.0,0.0,206.8,1,1,1,,,0,0.0,0.0,0.0,0.0,0.0,,279.0,,0
1786377844.436,c2,search,,0.0,31.1,20.71,10.84,S3,0,,0,4474.0,obs,515,31.1,20.71,10.98,S3,31.1,20.71,10.98,S3,31.1,20.71,10.84,S3,7.706,0,S3,site_s3,S3,S3,S3,128.5,0.0,0.0,335.3,1,1,1,,,0,0.0,0.0,0.0,0.0,0.0,,279.0,,0
1786377844.436,c2,recommend,,0.0,26.76,14.03,3.83,S3,0,,0,200.0,obs,683,26.76,14.03,4.0,S3,26.76,14.03,4.0,S3,26.76,14.03,3.83,S3,7.706,0,S3,site_s3,S3,S3,S3,170.5,0.0,0.0,365.7,1,1,1,,,0,0.0,0.0,0.0,0.0,0.0,,279.0,,0
1786377845.436,c1,reserve,,0.0,26.34,13.67,3.62,S3,0,,0,36.0,obs,345,26.34,13.67,3.65,S3,26.34,13.67,3.65,S3,26.34,13.67,3.62,S3,7.607,0,S3,site_s3,S3,S3,S3,86.5,0.0,0.0,24.0,1,1,1,,,0,0.0,0.0,0.0,0.0,0.0,,279.0,,0
1786377845.436,c1,search,,0.0,31.1,20.71,10.84,S3,0,,0,4474.0,obs,513,31.1,20.71,10.98,S3,31.1,20.71,10.98,S3,31.1,20.71,10.84,S3,7.607,0,S3,site_s3,S3,S3,S3,128.5,0.0,0.0,152.5,1,1,1,,,0,0.0,0.0,0.0,0.0,0.0,,279.0,,0
1786377845.436,c1,recommend,,0.0,26.76,14.03,3.95,S3,0,,0,200.0,obs,680,26.76,14.03,4.0,S3,26.76,14.03,4.0,S3,26.76,14.03,3.95,S3,7.607,0,S3,site_s3,S3,S3,S3,170.0,0.0,0.0,182.8,1,1,1,,,0,0.0,0.0,0.0,0.0,0.0,,279.0,,0
1786377845.436,c2,reserve,,0.0,26.34,13.67,3.62,S3,0,,0,36.0,obs,345,26.34,13.67,3.65,S3,26.34,13.67,3.65,S3,26.34,13.67,3.62,S3,7.607,0,S3,site_s3,S3,S3,S3,86.0,0.0,0.0,206.7,1,1,1,,,0,0.0,0.0,0.0,0.0,0.0,,279.0,,0
1786377845.436,c2,search,,0.0,31.1,20.71,10.84,S3,0,,0,4474.0,obs,513,31.1,20.71,10.98,S3,31.1,20.71,10.98,S3,31.1,20.71,10.84,S3,7.607,0,S3,site_s3,S3,S3,S3,128.0,0.0,0.0,334.7,1,1,1,,,0,0.0,0.0,0.0,0.0,0.0,,279.0,,0
1786377845.436,c2,recommend,,0.0,26.76,14.03,3.95,S3,0,,0,200.0,obs,680,26.76,14.03,4.0,S3,26.76,14.03,4.0,S3,26.76,14.03,3.95,S3,7.607,0,S3,site_s3,S3,S3,S3,170.0,0.0,0.0,365.0,1,1,1,,,0,0.0,0.0,0.0,0.0,0.0,,279.0,,0
1786377846.436,c1,reserve,,0.0,26.34,13.67,3.64,S3,0,,0,36.0,obs,344,26.34,13.67,3.65,S3,26.34,13.67,3.65,S3,26.34,13.67,3.64,S3,7.779,0,S3,site_s3,S3,S3,S3,86.0,0.0,0.0,23.9,1,1,1,,,0,0.0,0.0,0.0,0.0,0.0,,279.0,,0
1786377846.436,c1,search,,0.0,31.1,20.71,10.77,S3,0,,0,4474.0,obs,510,31.1,20.71,10.98,S3,31.1,20.71,10.98,S3,31.1,20.71,10.77,S3,7.779,0,S3,site_s3,S3,S3,S3,127.5,0.0,0.0,151.4,1,1,1,,,0,0.0,0.0,0.0,0.0,0.0,,279.0,,0
1786377846.436,c1,recommend,,0.0,26.76,14.03,3.98,S3,0,,0,200.0,obs,685,26.76,14.03,4.0,S3,26.76,14.03,4.0,S3,26.76,14.03,3.98,S3,7.779,0,S3,site_s3,S3,S3,S3,171.0,0.0,0.0,181.8,1,1,1,,,0,0.0,0.0,0.0,0.0,0.0,,279.0,,0
1786377846.436,c2,reserve,,0.0,26.34,13.67,3.64,S3,0,,0,36.0,obs,344,26.34,13.67,3.65,S3,26.34,13.67,3.65,S3,26.34,13.67,3.64,S3,7.779,0,S3,site_s3,S3,S3,S3,86.0,0.0,0.0,205.8,1,1,1,,,0,0.0,0.0,0.0,0.0,0.0,,279.0,,0
1786377846.436,c2,search,,0.0,31.1,20.71,10.77,S3,0,,0,4474.0,obs,510,31.1,20.71,10.98,S3,31.1,20.71,10.98,S3,31.1,20.71,10.77,S3,7.779,0,S3,site_s3,S3,S3,S3,127.5,0.0,0.0,333.3,1,1,1,,,0,0.0,0.0,0.0,0.0,0.0,,279.0,,0
1786377846.436,c2,recommend,,0.0,26.76,14.03,3.98,S3,0,,0,200.0,obs,685,26.76,14.03,4.0,S3,26.76,14.03,4.0,S3,26.76,14.03,3.98,S3,7.779,0,S3,site_s3,S3,S3,S3,171.5,0.0,0.0,363.8,1,1,1,,,0,0.0,0.0,0.0,0.0,0.0,,279.0,,0
1786377847.436,c1,reserve,,0.0,26.34,13.67,3.55,S3,0,,0,36.0,obs,340,26.34,13.67,3.65,S3,26.34,13.67,3.65,S3,26.34,13.67,3.55,S3,7.714,0,S3,site_s3,S3,S3,S3,85.0,0.0,0.0,23.6,1,1,1,,,0,0.0,0.0,0.0,0.0,0.0,,279.0,,0
1786377847.436,c1,search,,0.0,31.1,20.71,10.71,S3,0,,0,4474.0,obs,514,31.1,20.71,10.98,S3,31.1,20.71,10.98,S3,31.1,20.71,10.71,S3,7.714,0,S3,site_s3,S3,S3,S3,128.5,0.0,0.0,152.1,1,1,1,,,0,0.0,0.0,0.0,0.0,0.0,,279.0,,0
1786377847.436,c1,recommend,,0.0,26.76,14.03,3.89,S3,0,,0,200.0,obs,687,26.76,14.03,4.0,S3,26.76,14.03,4.0,S3,26.76,14.03,3.89,S3,7.714,0,S3,site_s3,S3,S3,S3,172.0,0.0,0.0,182.7,1,1,1,,,0,0.0,0.0,0.0,0.0,0.0,,279.0,,0
1786377847.436,c2,reserve,,0.0,26.34,13.67,3.55,S3,0,,0,36.0,obs,340,26.34,13.67,3.65,S3,26.34,13.67,3.65,S3,26.34,13.67,3.55,S3,7.714,0,S3,site_s3,S3,S3,S3,85.0,0.0,0.0,206.4,1,1,1,,,0,0.0,0.0,0.0,0.0,0.0,,279.0,,0
1786377847.436,c2,search,,0.0,31.1,20.71,10.71,S3,0,,0,4474.0,obs,514,31.1,20.71,10.98,S3,31.1,20.71,10.98,S3,31.1,20.71,10.71,S3,7.714,0,S3,site_s3,S3,S3,S3,128.5,0.0,0.0,334.9,1,1,1,,,0,0.0,0.0,0.0,0.0,0.0,,279.0,,0
1786377847.436,c2,recommend,,0.0,26.76,14.03,3.89,S3,0,,0,200.0,obs,687,26.76,14.03,4.0,S3,26.76,14.03,4.0,S3,26.76,14.03,3.89,S3,7.714,0,S3,site_s3,S3,S3,S3,171.5,0.0,0.0,365.4,1,1,1,,,0,0.0,0.0,0.0,0.0,0.0,,279.0,,0
1786377848.436,c1,reserve,,0.0,26.34,13.67,3.6,S3,0,,0,36.0,obs,340,26.34,13.67,3.65,S3,26.34,13.67,3.65,S3,26.34,13.67,3.6,S3,7.668,0,S3,site_s3,S3,S3,S3,85.0,0.0,0.0,23.6,1,1,1,,,0,0.0,0.0,0.0,0.0,0.0,,279.0,,0
1786377848.436,c1,search,,0.0,31.1,20.71,10.85,S3,0,,0,4474.0,obs,514,31.1,20.71,10.98,S3,31.1,20.71,10.98,S3,31.1,20.71,10.85,S3,7.668,0,S3,site_s3,S3,S3,S3,128.5,0.0,0.0,152.1,1,1,1,,,0,0.0,0.0,0.0,0.0,0.0,,279.0,,0
1786377848.436,c1,recommend,,0.0,26.76,14.03,3.76,S3,0,,0,200.0,obs,687,26.76,14.03,4.0,S3,26.76,14.03,4.0,S3,26.76,14.03,3.76,S3,7.668,0,S3,site_s3,S3,S3,S3,172.0,0.0,0.0,182.7,1,1,1,,,0,0.0,0.0,0.0,0.0,0.0,,279.0,,0
1786377848.436,c2,reserve,,0.0,26.34,13.67,3.6,S3,0,,0,36.0,obs,340,26.34,13.67,3.65,S3,26.34,13.67,3.65,S3,26.34,13.67,3.6,S3,7.668,0,S3,site_s3,S3,S3,S3,85.0,0.0,0.0,206.4,1,1,1,,,0,0.0,0.0,0.0,0.0,0.0,,279.0,,0
1786377848.436,c2,search,,0.0,31.1,20.71,10.85,S3,0,,0,4474.0,obs,514,31.1,20.71,10.98,S3,31.1,20.71,10.98,S3,31.1,20.71,10.85,S3,7.668,0,S3,site_s3,S3,S3,S3,128.5,0.0,0.0,334.9,1,1,1,,,0,0.0,0.0,0.0,0.0,0.0,,279.0,,0
1786377848.436,c2,recommend,,0.0,26.76,14.03,3.76,S3,0,,0,200.0,obs,687,26.76,14.03,4.0,S3,26.76,14.03,4.0,S3,26.76,14.03,3.76,S3,7.668,0,S3,site_s3,S3,S3,S3,171.5,0.0,0.0,365.4,1,1,1,,,0,0.0,0.0,0.0,0.0,0.0,,279.0,,0
1786377849.436,c1,reserve,,0.0,26.34,13.67,3.53,S3,0,,0,36.0,obs,344,26.34,13.67,3.65,S3,26.34,13.67,3.65,S3,26.34,13.67,3.53,S3,7.64,0,S3,site_s3,S3,S3,S3,86.0,0.0,0.0,23.9,1,1,1,,,0,0.0,0.0,0.0,0.0,0.0,,279.0,,0
1786377849.436,c1,search,,0.0,31.1,20.71,10.78,S3,0,,0,4474.0,obs,515,31.1,20.71,10.98,S3,31.1,20.71,10.98,S3,31.1,20.71,10.78,S3,7.64,0,S3,site_s3,S3,S3,S3,129.0,0.0,0.0,152.9,1,1,1,,,0,0.0,0.0,0.0,0.0,0.0,,279.0,,0
1786377849.436,c1,recommend,,0.0,26.76,14.03,3.82,S3,0,,0,200.0,obs,682,26.76,14.03,4.0,S3,26.76,14.03,4.0,S3,26.76,14.03,3.82,S3,7.64,0,S3,site_s3,S3,S3,S3,170.5,0.0,0.0,183.3,1,1,1,,,0,0.0,0.0,0.0,0.0,0.0,,279.0,,0
1786377849.436,c2,reserve,,0.0,26.34,13.67,3.53,S3,0,,0,36.0,obs,344,26.34,13.67,3.65,S3,26.34,13.67,3.65,S3,26.34,13.67,3.53,S3,7.64,0,S3,site_s3,S3,S3,S3,86.0,0.0,0.0,207.2,1,1,1,,,0,0.0,0.0,0.0,0.0,0.0,,279.0,,0
1786377849.436,c2,search,,0.0,31.1,20.71,10.78,S3,0,,0,4474.0,obs,515,31.1,20.71,10.98,S3,31.1,20.71,10.98,S3,31.1,20.71,10.78,S3,7.64,0,S3,site_s3,S3,S3,S3,128.5,0.0,0.0,335.7,1,1,1,,,0,0.0,0.0,0.0,0.0,0.0,,279.0,,0
1786377849.436,c2,recommend,,0.0,26.76,14.03,3.82,S3,0,,0,200.0,obs,682,26.76,14.03,4.0,S3,26.76,14.03,4.0,S3,26.76,14.03,3.82,S3,7.64,0,S3,site_s3,S3,S3,S3,170.5,0.0,0.0,366.0,1,1,1,,,0,0.0,0.0,0.0,0.0,0.0,,279.0,,0
1786377850.436,c1,reserve,,0.0,26.34,13.67,3.46,S3,0,,0,36.0,obs,347,26.34,13.67,3.65,S3,26.34,13.67,3.65,S3,26.34,13.67,3.46,S3,7.72,0,S3,site_s3,S3,S3,S3,87.0,0.0,0.0,24.2,1,1,1,,,0,0.0,0.0,0.0,0.0,0.0,,279.0,,0
1786377850.436,c1,search,,0.0,31.1,20.71,10.66,S3,0,,0,4474.0,obs,511,31.1,20.71,10.98,S3,31.1,20.71,10.98,S3,31.1,20.71,10.66,S3,7.72,0,S3,site_s3,S3,S3,S3,127.5,0.0,0.0,151.7,1,1,1,,,0,0.0,0.0,0.0,0.0,0.0,,279.0,,0
1786377850.436,c1,recommend,,0.0,26.76,14.03,3.91,S3,0,,0,200.0,obs,684,26.76,14.03,4.0,S3,26.76,14.03,4.0,S3,26.76,14.03,3.91,S3,7.72,0,S3,site_s3,S3,S3,S3,171.0,0.0,0.0,182.1,1,1,1,,,0,0.0,0.0,0.0,0.0,0.0,,279.0,,0
1786377850.436,c2,reserve,,0.0,26.34,13.67,3.46,S3,0,,0,36.0,obs,347,26.34,13.67,3.65,S3,26.34,13.67,3.65,S3,26.34,13.67,3.46,S3,7.72,0,S3,site_s3,S3,S3,S3,86.5,0.0,0.0,206.2,1,1,1,,,0,0.0,0.0,0.0,0.0,0.0,,279.0,,0
1786377850.436,c2,search,,0.0,31.1,20.71,10.66,S3,0,,0,4474.0,obs,511,31.1,20.71,10.98,S3,31.1,20.71,10.98,S3,31.1,20.71,10.66,S3,7.72,0,S3,site_s3,S3,S3,S3,128.0,0.0,0.0,334.2,1,1,1,,,0,0.0,0.0,0.0,0.0,0.0,,279.0,,0
1786377850.436,c2,recommend,,0.0,26.76,14.03,3.91,S3,0,,0,200.0,obs,684,26.76,14.03,4.0,S3,26.76,14.03,4.0,S3,26.76,14.03,3.91,S3,7.72,0,S3,site_s3,S3,S3,S3,171.0,0.0,0.0,364.6,1,1,1,,,0,0.0,0.0,0.0,0.0,0.0,,279.0,,0
1786377851.436,c1,reserve,,0.0,26.34,13.67,3.53,S3,0,,0,36.0,obs,342,26.34,13.67,3.65,S3,26.34,13.67,3.65,S3,26.34,13.67,3.53,S3,7.737,0,S3,site_s3,S3,S3,S3,85.5,0.0,0.0,23.8,1,1,1,,,0,0.0,0.0,0.0,0.0,0.0,,279.0,,0
1786377851.436,c1,search,,0.0,31.1,20.71,10.81,S3,0,,0,4474.0,obs,512,31.1,20.71,10.98,S3,31.1,20.71,10.98,S3,31.1,20.71,10.81,S3,7.737,0,S3,site_s3,S3,S3,S3,128.0,0.0,0.0,151.8,1,1,1,,,0,0.0,0.0,0.0,0.0,0.0,,279.0,,0
1786377851.436,c1,recommend,,0.0,26.76,14.03,4.02,S3,0,,0,200.0,obs,689,26.76,14.03,4.0,S3,26.76,14.03,4.0,S3,26.76,14.03,4.02,S3,7.737,0,S3,site_s3,S3,S3,S3,172.5,0.0,0.0,182.5,1,1,1,,,0,0.0,0.0,0.0,0.0,0.0,,279.0,,0
1786377851.436,c2,reserve,,0.0,26.34,13.67,3.53,S3,0,,0,36.0,obs,342,26.34,13.67,3.65,S3,26.34,13.67,3.65,S3,26.34,13.67,3.53,S3,7.737,0,S3,site_s3,S3,S3,S3,85.5,0.0,0.0,206.2,1,1,1,,,0,0.0,0.0,0.0,0.0,0.0,,279.0,,0
1786377851.436,c2,search,,0.0,31.1,20.71,10.81,S3,0,,0,4474.0,obs,512,31.1,20.71,10.98,S3,31.1,20.71,10.98,S3,31.1,20.71,10.81,S3,7.737,0,S3,site_s3,S3,S3,S3,128.0,0.0,0.0,334.2,1,1,1,,,0,0.0,0.0,0.0,0.0,0.0,,279.0,,0
1786377851.436,c2,recommend,,0.0,26.76,14.03,4.02,S3,0,,0,200.0,obs,689,26.76,14.03,4.0,S3,26.76,14.03,4.0,S3,26.76,14.03,4.02,S3,7.737,0,S3,site_s3,S3,S3,S3,172.0,0.0,0.0,364.9,1,1,1,,,0,0.0,0.0,0.0,0.0,0.0,,279.0,,0
1786377852.436,c1,reserve,,0.0,26.34,13.67,3.43,S3,0,,0,36.0,obs,341,26.34,13.67,3.65,S3,26.34,13.67,3.65,S3,26.34,13.67,3.43,S3,7.664,0,S3,site_s3,S3,S3,S3,85.5,0.0,0.0,23.8,1,1,1,,,0,0.0,0.0,0.0,0.0,0.0,,279.0,,0
1786377852.436,c1,search,,0.0,31.1,20.71,10.82,S3,0,,0,4474.0,obs,514,31.1,20.71,10.98,S3,31.1,20.71,10.98,S3,31.1,20.71,10.82,S3,7.664,0,S3,site_s3,S3,S3,S3,128.5,0.0,0.0,152.3,1,1,1,,,0,0.0,0.0,0.0,0.0,0.0,,279.0,,0
1786377852.436,c1,recommend,,0.0,26.76,14.03,3.98,S3,0,,0,200.0,obs,689,26.76,14.03,4.0,S3,26.76,14.03,4.0,S3,26.76,14.03,3.98,S3,7.664,0,S3,site_s3,S3,S3,S3,172.0,0.0,0.0,182.9,1,1,1,,,0,0.0,0.0,0.0,0.0,0.0,,279.0,,0
1786377852.436,c2,reserve,,0.0,26.34,13.67,3.43,S3,0,,0,36.0,obs,341,26.34,13.67,3.65,S3,26.34,13.67,3.65,S3,26.34,13.67,3.43,S3,7.664,0,S3,site_s3,S3,S3,S3,85.0,0.0,0.0,206.5,1,1,1,,,0,0.0,0.0,0.0,0.0,0.0,,279.0,,0
1786377852.436,c2,search,,0.0,31.1,20.71,10.82,S3,0,,0,4474.0,obs,514,31.1,20.71,10.98,S3,31.1,20.71,10.98,S3,31.1,20.71,10.82,S3,7.664,0,S3,site_s3,S3,S3,S3,128.5,0.0,0.0,335.0,1,1,1,,,0,0.0,0.0,0.0,0.0,0.0,,279.0,,0
1786377852.436,c2,recommend,,0.0,26.76,14.03,3.98,S3,0,,0,200.0,obs,689,26.76,14.03,4.0,S3,26.76,14.03,4.0,S3,26.76,14.03,3.98,S3,7.664,0,S3,site_s3,S3,S3,S3,172.5,0.0,0.0,365.7,1,1,1,,,0,0.0,0.0,0.0,0.0,0.0,,279.0,,0
1786377853.436,c1,reserve,,0.0,26.34,13.67,3.53,S3,0,,0,36.0,obs,342,26.34,13.67,3.65,S3,26.34,13.67,3.65,S3,26.34,13.67,3.53,S3,7.697,0,S3,site_s3,S3,S3,S3,85.5,0.0,0.0,23.8,1,1,1,,,0,0.0,0.0,0.0,0.0,0.0,,279.0,,0
1786377853.436,c1,search,,0.0,31.1,20.71,10.97,S3,0,,0,4474.0,obs,518,31.1,20.71,10.98,S3,31.1,20.71,10.98,S3,31.1,20.71,10.97,S3,7.697,0,S3,site_s3,S3,S3,S3,129.5,0.0,0.0,153.3,1,1,1,,,0,0.0,0.0,0.0,0.0,0.0,,279.0,,0
1786377853.436,c1,recommend,,0.0,26.76,14.03,3.97,S3,0,,0,200.0,obs,687,26.76,14.03,4.0,S3,26.76,14.03,4.0,S3,26.76,14.03,3.97,S3,7.697,0,S3,site_s3,S3,S3,S3,172.0,0.0,0.0,183.9,1,1,1,,,0,0.0,0.0,0.0,0.0,0.0,,279.0,,0
1786377853.436,c2,reserve,,0.0,26.34,13.67,3.53,S3,0,,0,36.0,obs,342,26.34,13.67,3.65,S3,26.34,13.67,3.65,S3,26.34,13.67,3.53,S3,7.697,0,S3,site_s3,S3,S3,S3,85.5,0.0,0.0,207.7,1,1,1,,,0,0.0,0.0,0.0,0.0,0.0,,279.0,,0
1786377853.436,c2,search,,0.0,31.1,20.71,10.97,S3,0,,0,4474.0,obs,518,31.1,20.71,10.98,S3,31.1,20.71,10.98,S3,31.1,20.71,10.97,S3,7.697,0,S3,site_s3,S3,S3,S3,129.5,0.0,0.0,337.2,1,1,1,,,0,0.0,0.0,0.0,0.0,0.0,,279.0,,0
1786377853.436,c2,recommend,,0.0,26.76,14.03,3.97,S3,0,,0,200.0,obs,687,26.76,14.03,4.0,S3,26.76,14.03,4.0,S3,26.76,14.03,3.97,S3,7.697,0,S3,site_s3,S3,S3,S3,171.5,0.0,0.0,367.7,1,1,1,,,0,0.0,0.0,0.0,0.0,0.0,,279.0,,0
1786377854.436,c1,reserve,,0.0,26.34,13.67,3.65,S3,0,,0,36.0,obs,346,26.34,13.67,3.65,S3,26.34,13.67,3.65,S3,26.34,13.67,3.65,S3,7.626,0,S3,site_s3,S3,S3,S3,86.5,0.0,0.0,24.0,1,1,1,,,0,0.0,0.0,0.0,0.0,0.0,,279.0,,0
1786377854.436,c1,search,,0.0,31.1,20.71,11.03,S3,0,,0,4474.0,obs,517,31.1,20.71,10.98,S3,31.1,20.71,10.98,S3,31.1,20.71,11.03,S3,7.626,0,S3,site_s3,S3,S3,S3,129.5,0.0,0.0,153.5,1,1,1,,,0,0.0,0.0,0.0,0.0,0.0,,279.0,,0
1786377854.436,c1,recommend,,0.0,26.76,14.03,3.97,S3,0,,0,200.0,obs,684,26.76,14.03,4.0,S3,26.76,14.03,4.0,S3,26.76,14.03,3.97,S3,7.626,0,S3,site_s3,S3,S3,S3,171.0,0.0,0.0,184.0,1,1,1,,,0,0.0,0.0,0.0,0.0,0.0,,279.0,,0
1786377854.436,c2,reserve,,0.0,26.34,13.67,3.65,S3,0,,0,36.0,obs,346,26.34,13.67,3.65,S3,26.34,13.67,3.65,S3,26.34,13.67,3.65,S3,7.626,0,S3,site_s3,S3,S3,S3,86.5,0.0,0.0,208.0,1,1,1,,,0,0.0,0.0,0.0,0.0,0.0,,279.0,,0
1786377854.436,c2,search,,0.0,31.1,20.71,11.03,S3,0,,0,4474.0,obs,517,31.1,20.71,10.98,S3,31.1,20.71,10.98,S3,31.1,20.71,11.03,S3,7.626,0,S3,site_s3,S3,S3,S3,129.0,0.0,0.0,337.0,1,1,1,,,0,0.0,0.0,0.0,0.0,0.0,,279.0,,0
1786377854.436,c2,recommend,,0.0,26.76,14.03,3.97,S3,0,,0,200.0,obs,684,26.76,14.03,4.0,S3,26.76,14.03,4.0,S3,26.76,14.03,3.97,S3,7.626,0,S3,site_s3,S3,S3,S3,171.0,0.0,0.0,367.5,1,1,1,,,0,0.0,0.0,0.0,0.0,0.0,,279.0,,0
1786377855.436,c1,reserve,,0.0,26.34,13.67,3.52,S3,0,,0,36.0,obs,347,26.34,13.67,3.65,S3,26.34,13.67,3.65,S3,26.34,13.67,3.52,S3,7.759,0,S3,site_s3,S3,S3,S3,87.0,0.0,0.0,24.2,1,1,1,,,0,0.0,0.0,0.0,0.0,0.0,,279.0,,0
1786377855.436,c1,search,,0.0,31.1,20.71,11.03,S3,0,,0,4474.0,obs,513,31.1,20.71,10.98,S3,31.1,20.71,10.98,S3,31.1,20.71,11.03,S3,7.759,0,S3,site_s3,S3,S3,S3,128.5,0.0,0.0,152.7,1,1,1,,,0,0.0,0.0,0.0,0.0,0.0,,279.0,,0
1786377855.436,c1,recommend,,0.0,26.76,14.03,3.93,S3,0,,0,200.0,obs,689,26.76,14.03,4.0,S3,26.76,14.03,4.0,S3,26.76,14.03,3.93,S3,7.759,0,S3,site_s3,S3,S3,S3,172.0,0.0,0.0,183.3,1,1,1,,,0,0.0,0.0,0.0,0.0,0.0,,279.0,,0
1786377855.436,c2,reserve,,0.0,26.34,13.67,3.52,S3,0,,0,36.0,obs,347,26.34,13.67,3.65,S3,26.34,13.67,3.65,S3,26.34,13.67,3.52,S3,7.759,0,S3,site_s3,S3,S3,S3,86.5,0.0,0.0,207.3,1,1,1,,,0,0.0,0.0,0.0,0.0,0.0,,279.0,,0
1786377855.436,c2,search,,0.0,31.1,20.71,11.03,S3,0,,0,4474.0,obs,513,31.1,20.71,10.98,S3,31.1,20.71,10.98,S3,31.1,20.71,11.03,S3,7.759,0,S3,site_s3,S3,S3,S3,128.0,0.0,0.0,335.3,1,1,1,,,0,0.0,0.0,0.0,0.0,0.0,,279.0,,0
1786377855.436,c2,recommend,,0.0,26.76,14.03,3.93,S3,0,,0,200.0,obs,689,26.76,14.03,4.0,S3,26.76,14.03,4.0,S3,26.76,14.03,3.93,S3,7.759,0,S3,site_s3,S3,S3,S3,172.5,0.0,0.0,366.1,1,1,1,,,0,0.0,0.0,0.0,0.0,0.0,,279.0,,0
1786377856.433,c1,reserve,,0.0,26.34,13.67,3.65,S3,0,,0,36.0,prior_fill,271,26.34,13.67,3.65,S3,26.34,13.67,3.65,S3,26.34,13.67,3.65,S3,4.821,0,S3,site_s3,S3,S3,S3,67.5,0.0,0.0,18.8,1,1,1,,,0,0.0,0.0,0.0,0.0,0.0,,279.0,,0
1786377856.433,c1,search,,0.0,31.1,20.71,10.98,S3,0,,0,4474.0,prior_fill,410,31.1,20.71,10.98,S3,31.1,20.71,10.98,S3,31.1,20.71,10.98,S3,4.821,0,S3,site_s3,S3,S3,S3,102.5,0.0,0.0,121.3,1,1,1,,,0,0.0,0.0,0.0,0.0,0.0,,279.0,,0
1786377856.433,c1,recommend,,0.0,26.76,14.03,4.0,S3,0,,0,200.0,prior_fill,548,26.76,14.03,4.0,S3,26.76,14.03,4.0,S3,26.76,14.03,4.0,S3,4.821,0,S3,site_s3,S3,S3,S3,137.0,0.0,0.0,145.7,1,1,1,,,0,0.0,0.0,0.0,0.0,0.0,,279.0,,0
1786377856.433,c2,reserve,,0.0,26.34,13.67,3.65,S3,0,,0,36.0,prior_fill,271,26.34,13.67,3.65,S3,26.34,13.67,3.65,S3,26.34,13.67,3.65,S3,4.821,0,S3,site_s3,S3,S3,S3,68.0,0.0,0.0,164.6,1,1,1,,,0,0.0,0.0,0.0,0.0,0.0,,279.0,,0
1786377856.433,c2,search,,0.0,31.1,20.71,10.98,S3,0,,0,4474.0,prior_fill,410,31.1,20.71,10.98,S3,31.1,20.71,10.98,S3,31.1,20.71,10.98,S3,4.821,0,S3,site_s3,S3,S3,S3,102.5,0.0,0.0,267.1,1,1,1,,,0,0.0,0.0,0.0,0.0,0.0,,279.0,,0
1786377856.433,c2,recommend,,0.0,26.76,14.03,4.0,S3,0,,0,200.0,prior_fill,548,26.76,14.03,4.0,S3,26.76,14.03,4.0,S3,26.76,14.03,4.0,S3,4.821,0,S3,site_s3,S3,S3,S3,137.0,0.0,0.0,291.4,1,1,1,,,0,0.0,0.0,0.0,0.0,0.0,,279.0,,0
1786377857.429,c1,reserve,,0.0,26.34,13.67,3.65,S3,0,,0,36.0,prior_fill,92,26.34,13.67,3.65,S3,26.34,13.67,3.65,S3,26.34,13.67,3.65,S3,0.913,0,S3,site_s3,S3,S3,S3,23.0,0.0,0.0,6.4,1,1,1,,,0,0.0,0.0,0.0,0.0,0.0,,279.0,,0
1786377857.429,c1,search,,0.0,31.1,20.71,10.98,S3,0,,0,4474.0,prior_fill,143,31.1,20.71,10.98,S3,31.1,20.71,10.98,S3,31.1,20.71,10.98,S3,0.913,0,S3,site_s3,S3,S3,S3,35.5,0.0,0.0,41.9,1,1,1,,,0,0.0,0.0,0.0,0.0,0.0,,279.0,,0
1786377857.429,c1,recommend,,0.0,26.76,14.03,4.0,S3,0,,0,200.0,prior_fill,194,26.76,14.03,4.0,S3,26.76,14.03,4.0,S3,26.76,14.03,4.0,S3,0.913,0,S3,site_s3,S3,S3,S3,48.5,0.0,0.0,50.5,1,1,1,,,0,0.0,0.0,0.0,0.0,0.0,,279.0,,0
1786377857.429,c2,reserve,,0.0,26.34,13.67,3.65,S3,0,,0,36.0,prior_fill,92,26.34,13.67,3.65,S3,26.34,13.67,3.65,S3,26.34,13.67,3.65,S3,0.913,0,S3,site_s3,S3,S3,S3,23.0,0.0,0.0,56.9,1,1,1,,,0,0.0,0.0,0.0,0.0,0.0,,279.0,,0
1786377857.429,c2,search,,0.0,31.1,20.71,10.98,S3,0,,0,4474.0,prior_fill,143,31.1,20.71,10.98,S3,31.1,20.71,10.98,S3,31.1,20.71,10.98,S3,0.913,0,S3,site_s3,S3,S3,S3,36.0,0.0,0.0,92.9,1,1,1,,,0,0.0,0.0,0.0,0.0,0.0,,279.0,,0
1786377857.429,c2,recommend,,0.0,26.76,14.03,4.0,S3,0,,0,200.0,prior_fill,194,26.76,14.03,4.0,S3,26.76,14.03,4.0,S3,26.76,14.03,4.0,S3,0.913,0,S3,site_s3,S3,S3,S3,48.5,0.0,0.0,101.6,1,1,1,,,0,0.0,0.0,0.0,0.0,0.0,,279.0,,0
