ts,cohort,class,observed_rate_kbit,d_acc_ms,slack_s1,slack_s2,slack_s3,chosen_site,changed,apply_latency_ms,expectant,resp_bytes_est,resp_bytes_src,resp_bytes_n,slack_const_s1,slack_const_s2,slack_const_s3,chosen_site_const,slack_bytesonly_s1,slack_bytesonly_s2,slack_bytesonly_s3,chosen_site_bytesonly,slack_fconly_s1,slack_fconly_s2,slack_fconly_s3,chosen_site_fconly,obs_update_ms,backlog_bytes,feasible_set,subset_cluster,feasible_set_const,feasible_set_bytesonly,feasible_set_fconly,unit_rate_rps,l_eff_s1,l_eff_s2,l_eff_s3,cap_ok_s1,cap_ok_s2,cap_ok_s3,blocked_by,cap_blocked_sites
1786349922.989,c1,reserve,,0.0,26.34,13.67,3.65,S3,1,2.81,0,36.0,prior,0,26.34,13.67,3.65,S3,26.34,13.67,3.65,S3,26.34,13.67,3.65,S3,0.098,0,S3,site_s3,S3,S3,S3,0.0,0.0,0.0,0.0,1,1,1,,
1786349922.989,c1,search,,0.0,31.1,20.71,10.98,S3,1,0.61,0,4474.0,prior,0,31.1,20.71,10.98,S3,31.1,20.71,10.98,S3,31.1,20.71,10.98,S3,0.098,0,S3,site_s3,S3,S3,S3,0.0,0.0,0.0,0.0,1,1,1,,
1786349922.989,c1,recommend,,0.0,26.76,14.03,4.0,S3,1,0.57,0,200.0,prior,0,26.76,14.03,4.0,S3,26.76,14.03,4.0,S3,26.76,14.03,4.0,S3,0.098,0,S3,site_s3,S3,S3,S3,0.0,0.0,0.0,0.0,1,1,1,,
1786349922.989,c2,reserve,,0.0,26.34,13.67,3.65,S3,1,0.5,0,36.0,prior,0,26.34,13.67,3.65,S3,26.34,13.67,3.65,S3,26.34,13.67,3.65,S3,0.098,0,S3,site_s3,S3,S3,S3,0.0,0.0,0.0,0.0,1,1,1,,
1786349922.989,c2,search,,0.0,31.1,20.71,10.98,S3,1,0.55,0,4474.0,prior,0,31.1,20.71,10.98,S3,31.1,20.71,10.98,S3,31.1,20.71,10.98,S3,0.098,0,S3,site_s3,S3,S3,S3,0.0,0.0,0.0,0.0,1,1,1,,
1786349922.989,c2,recommend,,0.0,26.76,14.03,4.0,S3,1,0.49,0,200.0,prior,0,26.76,14.03,4.0,S3,26.76,14.03,4.0,S3,26.76,14.03,4.0,S3,0.098,0,S3,site_s3,S3,S3,S3,0.0,0.0,0.0,0.0,1,1,1,,
1786349923.990,c1,reserve,,0.0,26.34,13.67,3.65,S3,0,,0,36.0,prior,0,26.34,13.67,3.65,S3,26.34,13.67,3.65,S3,26.34,13.67,3.65,S3,0.106,0,S3,site_s3,S3,S3,S3,0.0,0.0,0.0,0.0,1,1,1,,
1786349923.990,c1,search,,0.0,31.1,20.71,10.98,S3,0,,0,4474.0,prior,0,31.1,20.71,10.98,S3,31.1,20.71,10.98,S3,31.1,20.71,10.98,S3,0.106,0,S3,site_s3,S3,S3,S3,0.0,0.0,0.0,0.0,1,1,1,,
1786349923.990,c1,recommend,,0.0,26.76,14.03,4.0,S3,0,,0,200.0,prior,0,26.76,14.03,4.0,S3,26.76,14.03,4.0,S3,26.76,14.03,4.0,S3,0.106,0,S3,site_s3,S3,S3,S3,0.0,0.0,0.0,0.0,1,1,1,,
1786349923.990,c2,reserve,,0.0,26.34,13.67,3.65,S3,0,,0,36.0,prior,0,26.34,13.67,3.65,S3,26.34,13.67,3.65,S3,26.34,13.67,3.65,S3,0.106,0,S3,site_s3,S3,S3,S3,0.0,0.0,0.0,0.0,1,1,1,,
1786349923.990,c2,search,,0.0,31.1,20.71,10.98,S3,0,,0,4474.0,prior,0,31.1,20.71,10.98,S3,31.1,20.71,10.98,S3,31.1,20.71,10.98,S3,0.106,0,S3,site_s3,S3,S3,S3,0.0,0.0,0.0,0.0,1,1,1,,
1786349923.990,c2,recommend,,0.0,26.76,14.03,4.0,S3,0,,0,200.0,prior,0,26.76,14.03,4.0,S3,26.76,14.03,4.0,S3,26.76,14.03,4.0,S3,0.106,0,S3,site_s3,S3,S3,S3,0.0,0.0,0.0,0.0,1,1,1,,
1786349924.989,c1,reserve,,0.0,26.34,13.67,3.65,S3,0,,0,36.0,prior,0,26.34,13.67,3.65,S3,26.34,13.67,3.65,S3,26.34,13.67,3.65,S3,0.098,0,S3,site_s3,S3,S3,S3,0.0,0.0,0.0,0.0,1,1,1,,
1786349924.989,c1,search,,0.0,31.1,20.71,10.98,S3,0,,0,4474.0,prior,0,31.1,20.71,10.98,S3,31.1,20.71,10.98,S3,31.1,20.71,10.98,S3,0.098,0,S3,site_s3,S3,S3,S3,0.0,0.0,0.0,0.0,1,1,1,,
1786349924.989,c1,recommend,,0.0,26.76,14.03,4.0,S3,0,,0,200.0,prior,0,26.76,14.03,4.0,S3,26.76,14.03,4.0,S3,26.76,14.03,4.0,S3,0.098,0,S3,site_s3,S3,S3,S3,0.0,0.0,0.0,0.0,1,1,1,,
1786349924.989,c2,reserve,,0.0,26.34,13.67,3.65,S3,0,,0,36.0,prior,0,26.34,13.67,3.65,S3,26.34,13.67,3.65,S3,26.34,13.67,3.65,S3,0.098,0,S3,site_s3,S3,S3,S3,0.0,0.0,0.0,0.0,1,1,1,,
1786349924.989,c2,search,,0.0,31.1,20.71,10.98,S3,0,,0,4474.0,prior,0,31.1,20.71,10.98,S3,31.1,20.71,10.98,S3,31.1,20.71,10.98,S3,0.098,0,S3,site_s3,S3,S3,S3,0.0,0.0,0.0,0.0,1,1,1,,
1786349924.989,c2,recommend,,0.0,26.76,14.03,4.0,S3,0,,0,200.0,prior,0,26.76,14.03,4.0,S3,26.76,14.03,4.0,S3,26.76,14.03,4.0,S3,0.098,0,S3,site_s3,S3,S3,S3,0.0,0.0,0.0,0.0,1,1,1,,
1786349925.990,c1,reserve,,0.0,26.34,13.67,3.65,S3,0,,0,36.0,prior,0,26.34,13.67,3.65,S3,26.34,13.67,3.65,S3,26.34,13.67,3.65,S3,0.109,0,S3,site_s3,S3,S3,S3,0.0,0.0,0.0,0.0,1,1,1,,
1786349925.990,c1,search,,0.0,31.1,20.71,10.98,S3,0,,0,4474.0,prior,0,31.1,20.71,10.98,S3,31.1,20.71,10.98,S3,31.1,20.71,10.98,S3,0.109,0,S3,site_s3,S3,S3,S3,0.0,0.0,0.0,0.0,1,1,1,,
1786349925.990,c1,recommend,,0.0,26.76,14.03,4.0,S3,0,,0,200.0,prior,0,26.76,14.03,4.0,S3,26.76,14.03,4.0,S3,26.76,14.03,4.0,S3,0.109,0,S3,site_s3,S3,S3,S3,0.0,0.0,0.0,0.0,1,1,1,,
1786349925.990,c2,reserve,,0.0,26.34,13.67,3.65,S3,0,,0,36.0,prior,0,26.34,13.67,3.65,S3,26.34,13.67,3.65,S3,26.34,13.67,3.65,S3,0.109,0,S3,site_s3,S3,S3,S3,0.0,0.0,0.0,0.0,1,1,1,,
1786349925.990,c2,search,,0.0,31.1,20.71,10.98,S3,0,,0,4474.0,prior,0,31.1,20.71,10.98,S3,31.1,20.71,10.98,S3,31.1,20.71,10.98,S3,0.109,0,S3,site_s3,S3,S3,S3,0.0,0.0,0.0,0.0,1,1,1,,
1786349925.990,c2,recommend,,0.0,26.76,14.03,4.0,S3,0,,0,200.0,prior,0,26.76,14.03,4.0,S3,26.76,14.03,4.0,S3,26.76,14.03,4.0,S3,0.109,0,S3,site_s3,S3,S3,S3,0.0,0.0,0.0,0.0,1,1,1,,
1786349926.992,c1,reserve,,0.0,26.34,13.67,3.65,S3,0,,0,36.0,prior_fill,49,26.34,13.67,3.65,S3,26.34,13.67,3.65,S3,26.34,13.67,3.65,S3,2.453,0,S3,site_s3,S3,S3,S3,12.0,0.0,0.0,3.3,1,1,1,,
1786349926.992,c1,search,,0.0,31.1,20.71,10.98,S3,0,,0,4474.0,prior_fill,71,31.1,20.71,10.98,S3,31.1,20.71,10.98,S3,31.1,20.71,10.98,S3,2.453,0,S3,site_s3,S3,S3,S3,17.5,0.0,0.0,20.8,1,1,1,,
1786349926.992,c1,recommend,,0.0,26.76,14.03,4.0,S3,0,,0,200.0,prior_fill,95,26.76,14.03,4.0,S3,26.76,14.03,4.0,S3,26.76,14.03,4.0,S3,2.453,0,S3,site_s3,S3,S3,S3,23.0,0.0,0.0,24.9,1,1,1,,
1786349926.992,c2,reserve,,0.0,26.34,13.67,3.65,S3,0,,0,36.0,prior_fill,49,26.34,13.67,3.65,S3,26.34,13.67,3.65,S3,26.34,13.67,3.65,S3,2.453,0,S3,site_s3,S3,S3,S3,12.5,0.0,0.0,28.4,1,1,1,,
1786349926.992,c2,search,,0.0,31.1,20.71,10.98,S3,0,,0,4474.0,prior_fill,71,31.1,20.71,10.98,S3,31.1,20.71,10.98,S3,31.1,20.71,10.98,S3,2.453,0,S3,site_s3,S3,S3,S3,18.0,0.0,0.0,46.4,1,1,1,,
1786349926.992,c2,recommend,,0.0,26.76,14.03,4.0,S3,0,,0,200.0,prior_fill,95,26.76,14.03,4.0,S3,26.76,14.03,4.0,S3,26.76,14.03,4.0,S3,2.453,0,S3,site_s3,S3,S3,S3,24.5,0.0,0.0,50.8,1,1,1,,
1786349927.998,c1,reserve,,0.0,26.34,13.67,3.65,S3,0,,0,36.0,prior_fill,232,26.34,13.67,3.65,S3,26.34,13.67,3.65,S3,26.34,13.67,3.65,S3,7.556,0,S3,site_s3,S3,S3,S3,58.0,0.0,0.0,16.1,1,1,1,,
1786349927.998,c1,search,,0.0,31.1,20.71,10.98,S3,0,,0,4474.0,prior_fill,352,31.1,20.71,10.98,S3,31.1,20.71,10.98,S3,31.1,20.71,10.98,S3,7.556,0,S3,site_s3,S3,S3,S3,88.0,0.0,0.0,104.1,1,1,1,,
1786349927.998,c1,recommend,,0.0,26.76,14.03,4.0,S3,0,,0,200.0,prior_fill,468,26.76,14.03,4.0,S3,26.76,14.03,4.0,S3,26.76,14.03,4.0,S3,7.556,0,S3,site_s3,S3,S3,S3,117.0,0.0,0.0,124.9,1,1,1,,
1786349927.998,c2,reserve,,0.0,26.34,13.67,3.65,S3,0,,0,36.0,prior_fill,232,26.34,13.67,3.65,S3,26.34,13.67,3.65,S3,26.34,13.67,3.65,S3,7.556,0,S3,site_s3,S3,S3,S3,58.0,0.0,0.0,141.1,1,1,1,,
1786349927.998,c2,search,,0.0,31.1,20.71,10.98,S3,0,,0,4474.0,prior_fill,352,31.1,20.71,10.98,S3,31.1,20.71,10.98,S3,31.1,20.71,10.98,S3,7.556,0,S3,site_s3,S3,S3,S3,88.0,0.0,0.0,229.1,1,1,1,,
1786349927.998,c2,recommend,,0.0,26.76,14.03,4.0,S3,0,,0,200.0,prior_fill,468,26.76,14.03,4.0,S3,26.76,14.03,4.0,S3,26.76,14.03,4.0,S3,7.556,0,S3,site_s3,S3,S3,S3,117.0,0.0,0.0,249.9,1,1,1,,
1786349928.997,c1,reserve,,0.0,26.34,13.67,3.5,S3,0,,0,36.0,obs,350,26.34,13.67,3.65,S3,26.34,13.67,3.65,S3,26.34,13.67,3.5,S3,7.186,0,S3,site_s3,S3,S3,S3,88.0,0.0,0.0,24.5,1,1,1,,
1786349928.997,c1,search,,0.0,31.1,20.71,10.16,S3,0,,0,4474.0,obs,533,31.1,20.71,10.98,S3,31.1,20.71,10.98,S3,31.1,20.71,10.16,S3,7.186,0,S3,site_s3,S3,S3,S3,133.0,0.0,0.0,157.5,1,1,1,,
1786349928.997,c1,recommend,,0.0,26.76,14.03,3.76,S3,0,,0,200.0,obs,708,26.76,14.03,4.0,S3,26.76,14.03,4.0,S3,26.76,14.03,3.76,S3,7.186,0,S3,site_s3,S3,S3,S3,177.0,0.0,0.0,189.0,1,1,1,,
1786349928.997,c2,reserve,,0.0,26.34,13.67,3.5,S3,0,,0,36.0,obs,350,26.34,13.67,3.65,S3,26.34,13.67,3.65,S3,26.34,13.67,3.5,S3,7.186,0,S3,site_s3,S3,S3,S3,87.0,0.0,0.0,213.2,1,1,1,,
1786349928.997,c2,search,,0.0,31.1,20.71,10.16,S3,0,,0,4474.0,obs,533,31.1,20.71,10.98,S3,31.1,20.71,10.98,S3,31.1,20.71,10.16,S3,7.186,0,S3,site_s3,S3,S3,S3,132.5,0.0,0.0,345.7,1,1,1,,
1786349928.997,c2,recommend,,0.0,26.76,14.03,3.76,S3,0,,0,200.0,obs,708,26.76,14.03,4.0,S3,26.76,14.03,4.0,S3,26.76,14.03,3.76,S3,7.186,0,S3,site_s3,S3,S3,S3,177.0,0.0,0.0,377.2,1,1,1,,
1786349929.997,c1,reserve,,0.0,26.34,13.67,3.86,S3,0,,0,36.0,obs,348,26.34,13.67,3.65,S3,26.34,13.67,3.65,S3,26.34,13.67,3.86,S3,7.82,0,S3,site_s3,S3,S3,S3,87.0,0.0,0.0,24.2,1,1,1,,
1786349929.997,c1,search,,0.0,31.1,20.71,10.52,S3,0,,0,4474.0,obs,521,31.1,20.71,10.98,S3,31.1,20.71,10.98,S3,31.1,20.71,10.52,S3,7.82,0,S3,site_s3,S3,S3,S3,130.5,0.0,0.0,154.7,1,1,1,,
1786349929.997,c1,recommend,,0.0,26.76,14.03,3.82,S3,0,,0,200.0,obs,688,26.76,14.03,4.0,S3,26.76,14.03,4.0,S3,26.76,14.03,3.82,S3,7.82,0,S3,site_s3,S3,S3,S3,172.0,0.0,0.0,185.3,1,1,1,,
1786349929.997,c2,reserve,,0.0,26.34,13.67,3.86,S3,0,,0,36.0,obs,348,26.34,13.67,3.65,S3,26.34,13.67,3.65,S3,26.34,13.67,3.86,S3,7.82,0,S3,site_s3,S3,S3,S3,87.0,0.0,0.0,209.5,1,1,1,,
1786349929.997,c2,search,,0.0,31.1,20.71,10.52,S3,0,,0,4474.0,obs,521,31.1,20.71,10.98,S3,31.1,20.71,10.98,S3,31.1,20.71,10.52,S3,7.82,0,S3,site_s3,S3,S3,S3,130.0,0.0,0.0,339.5,1,1,1,,
1786349929.997,c2,recommend,,0.0,26.76,14.03,3.82,S3,0,,0,200.0,obs,688,26.76,14.03,4.0,S3,26.76,14.03,4.0,S3,26.76,14.03,3.82,S3,7.82,0,S3,site_s3,S3,S3,S3,172.0,0.0,0.0,370.1,1,1,1,,
1786349930.998,c1,reserve,,0.0,26.34,13.67,3.79,S3,0,,0,36.0,obs,350,26.34,13.67,3.65,S3,26.34,13.67,3.65,S3,26.34,13.67,3.79,S3,7.56,0,S3,site_s3,S3,S3,S3,87.5,0.0,0.0,24.3,1,1,1,,
1786349930.998,c1,search,,0.0,31.1,20.71,10.75,S3,0,,0,4474.0,obs,517,31.1,20.71,10.98,S3,31.1,20.71,10.98,S3,31.1,20.71,10.75,S3,7.56,0,S3,site_s3,S3,S3,S3,129.0,0.0,0.0,153.3,1,1,1,,
1786349930.998,c1,recommend,,0.0,26.76,14.03,3.8,S3,0,,0,200.0,obs,691,26.76,14.03,4.0,S3,26.76,14.03,4.0,S3,26.76,14.03,3.8,S3,7.56,0,S3,site_s3,S3,S3,S3,172.5,0.0,0.0,184.0,1,1,1,,
1786349930.998,c2,reserve,,0.0,26.34,13.67,3.79,S3,0,,0,36.0,obs,350,26.34,13.67,3.65,S3,26.34,13.67,3.65,S3,26.34,13.67,3.79,S3,7.56,0,S3,site_s3,S3,S3,S3,87.5,0.0,0.0,208.4,1,1,1,,
1786349930.998,c2,search,,0.0,31.1,20.71,10.75,S3,0,,0,4474.0,obs,517,31.1,20.71,10.98,S3,31.1,20.71,10.98,S3,31.1,20.71,10.75,S3,7.56,0,S3,site_s3,S3,S3,S3,129.5,0.0,0.0,337.9,1,1,1,,
1786349930.998,c2,recommend,,0.0,26.76,14.03,3.8,S3,0,,0,200.0,obs,691,26.76,14.03,4.0,S3,26.76,14.03,4.0,S3,26.76,14.03,3.8,S3,7.56,0,S3,site_s3,S3,S3,S3,173.0,0.0,0.0,368.6,1,1,1,,
1786349931.998,c1,reserve,,0.0,26.34,13.67,3.87,S3,0,,0,36.0,obs,346,26.34,13.67,3.65,S3,26.34,13.67,3.65,S3,26.34,13.67,3.87,S3,7.479,0,S3,site_s3,S3,S3,S3,86.5,0.0,0.0,24.0,1,1,1,,
1786349931.998,c1,search,,0.0,31.1,20.71,10.74,S3,0,,0,4474.0,obs,519,31.1,20.71,10.98,S3,31.1,20.71,10.98,S3,31.1,20.71,10.74,S3,7.479,0,S3,site_s3,S3,S3,S3,130.0,0.0,0.0,154.0,1,1,1,,
1786349931.998,c1,recommend,,0.0,26.76,14.03,3.76,S3,0,,0,200.0,obs,697,26.76,14.03,4.0,S3,26.76,14.03,4.0,S3,26.76,14.03,3.76,S3,7.479,0,S3,site_s3,S3,S3,S3,174.0,0.0,0.0,185.0,1,1,1,,
1786349931.998,c2,reserve,,0.0,26.34,13.67,3.87,S3,0,,0,36.0,obs,346,26.34,13.67,3.65,S3,26.34,13.67,3.65,S3,26.34,13.67,3.87,S3,7.479,0,S3,site_s3,S3,S3,S3,86.5,0.0,0.0,209.1,1,1,1,,
1786349931.998,c2,search,,0.0,31.1,20.71,10.74,S3,0,,0,4474.0,obs,519,31.1,20.71,10.98,S3,31.1,20.71,10.98,S3,31.1,20.71,10.74,S3,7.479,0,S3,site_s3,S3,S3,S3,129.5,0.0,0.0,338.6,1,1,1,,
1786349931.998,c2,recommend,,0.0,26.76,14.03,3.76,S3,0,,0,200.0,obs,697,26.76,14.03,4.0,S3,26.76,14.03,4.0,S3,26.76,14.03,3.76,S3,7.479,0,S3,site_s3,S3,S3,S3,174.5,0.0,0.0,369.6,1,1,1,,
1786349932.998,c1,reserve,,0.0,26.34,13.67,4.02,S3,0,,0,36.0,obs,344,26.34,13.67,3.65,S3,26.34,13.67,3.65,S3,26.34,13.67,4.02,S3,7.706,0,S3,site_s3,S3,S3,S3,86.0,0.0,0.0,23.9,1,1,1,,
1786349932.998,c1,search,,0.0,31.1,20.71,10.83,S3,0,,0,4474.0,obs,520,31.1,20.71,10.98,S3,31.1,20.71,10.98,S3,31.1,20.71,10.83,S3,7.706,0,S3,site_s3,S3,S3,S3,130.0,0.0,0.0,153.9,1,1,1,,
1786349932.998,c1,recommend,,0.0,26.76,14.03,3.8,S3,0,,0,200.0,obs,698,26.76,14.03,4.0,S3,26.76,14.03,4.0,S3,26.76,14.03,3.8,S3,7.706,0,S3,site_s3,S3,S3,S3,174.5,0.0,0.0,185.0,1,1,1,,
1786349932.998,c2,reserve,,0.0,26.34,13.67,4.02,S3,0,,0,36.0,obs,344,26.34,13.67,3.65,S3,26.34,13.67,3.65,S3,26.34,13.67,4.02,S3,7.706,0,S3,site_s3,S3,S3,S3,86.0,0.0,0.0,208.9,1,1,1,,
1786349932.998,c2,search,,0.0,31.1,20.71,10.83,S3,0,,0,4474.0,obs,520,31.1,20.71,10.98,S3,31.1,20.71,10.98,S3,31.1,20.71,10.83,S3,7.706,0,S3,site_s3,S3,S3,S3,130.0,0.0,0.0,338.9,1,1,1,,
1786349932.998,c2,recommend,,0.0,26.76,14.03,3.8,S3,0,,0,200.0,obs,698,26.76,14.03,4.0,S3,26.76,14.03,4.0,S3,26.76,14.03,3.8,S3,7.706,0,S3,site_s3,S3,S3,S3,174.5,0.0,0.0,369.9,1,1,1,,
1786349933.998,c1,reserve,,0.0,26.34,13.67,3.93,S3,0,,0,36.0,obs,348,26.34,13.67,3.65,S3,26.34,13.67,3.65,S3,26.34,13.67,3.93,S3,7.549,0,S3,site_s3,S3,S3,S3,87.0,0.0,0.0,24.2,1,1,1,,
1786349933.998,c1,search,,0.0,31.1,20.71,10.69,S3,0,,0,4474.0,obs,522,31.1,20.71,10.98,S3,31.1,20.71,10.98,S3,31.1,20.71,10.69,S3,7.549,0,S3,site_s3,S3,S3,S3,130.5,0.0,0.0,154.7,1,1,1,,
1786349933.998,c1,recommend,,0.0,26.76,14.03,3.85,S3,0,,0,200.0,obs,692,26.76,14.03,4.0,S3,26.76,14.03,4.0,S3,26.76,14.03,3.85,S3,7.549,0,S3,site_s3,S3,S3,S3,173.0,0.0,0.0,185.5,1,1,1,,
1786349933.998,c2,reserve,,0.0,26.34,13.67,3.93,S3,0,,0,36.0,obs,348,26.34,13.67,3.65,S3,26.34,13.67,3.65,S3,26.34,13.67,3.93,S3,7.549,0,S3,site_s3,S3,S3,S3,87.0,0.0,0.0,209.7,1,1,1,,
1786349933.998,c2,search,,0.0,31.1,20.71,10.69,S3,0,,0,4474.0,obs,522,31.1,20.71,10.98,S3,31.1,20.71,10.98,S3,31.1,20.71,10.69,S3,7.549,0,S3,site_s3,S3,S3,S3,130.5,0.0,0.0,340.2,1,1,1,,
1786349933.998,c2,recommend,,0.0,26.76,14.03,3.85,S3,0,,0,200.0,obs,692,26.76,14.03,4.0,S3,26.76,14.03,4.0,S3,26.76,14.03,3.85,S3,7.549,0,S3,site_s3,S3,S3,S3,173.0,0.0,0.0,371.0,1,1,1,,
1786349934.998,c1,reserve,,0.0,26.34,13.67,3.89,S3,0,,0,36.0,obs,350,26.34,13.67,3.65,S3,26.34,13.67,3.65,S3,26.34,13.67,3.89,S3,7.69,0,S3,site_s3,S3,S3,S3,87.5,0.0,0.0,24.3,1,1,1,,
1786349934.998,c1,search,,0.0,31.1,20.71,10.66,S3,0,,0,4474.0,obs,520,31.1,20.71,10.98,S3,31.1,20.71,10.98,S3,31.1,20.71,10.66,S3,7.69,0,S3,site_s3,S3,S3,S3,130.0,0.0,0.0,154.3,1,1,1,,
1786349934.998,c1,recommend,,0.0,26.76,14.03,3.83,S3,0,,0,200.0,obs,692,26.76,14.03,4.0,S3,26.76,14.03,4.0,S3,26.76,14.03,3.83,S3,7.69,0,S3,site_s3,S3,S3,S3,173.0,0.0,0.0,185.1,1,1,1,,
1786349934.998,c2,reserve,,0.0,26.34,13.67,3.89,S3,0,,0,36.0,obs,350,26.34,13.67,3.65,S3,26.34,13.67,3.65,S3,26.34,13.67,3.89,S3,7.69,0,S3,site_s3,S3,S3,S3,87.5,0.0,0.0,209.4,1,1,1,,
1786349934.998,c2,search,,0.0,31.1,20.71,10.66,S3,0,,0,4474.0,obs,520,31.1,20.71,10.98,S3,31.1,20.71,10.98,S3,31.1,20.71,10.66,S3,7.69,0,S3,site_s3,S3,S3,S3,130.0,0.0,0.0,339.4,1,1,1,,
1786349934.998,c2,recommend,,0.0,26.76,14.03,3.83,S3,0,,0,200.0,obs,692,26.76,14.03,4.0,S3,26.76,14.03,4.0,S3,26.76,14.03,3.83,S3,7.69,0,S3,site_s3,S3,S3,S3,173.0,0.0,0.0,370.2,1,1,1,,
1786349935.998,c1,reserve,,0.0,26.34,13.67,3.96,S3,0,,0,36.0,obs,350,26.34,13.67,3.65,S3,26.34,13.67,3.65,S3,26.34,13.67,3.96,S3,7.573,0,S3,site_s3,S3,S3,S3,87.5,0.0,0.0,24.3,1,1,1,,
1786349935.998,c1,search,,0.0,31.1,20.71,10.64,S3,0,,0,4474.0,obs,518,31.1,20.71,10.98,S3,31.1,20.71,10.98,S3,31.1,20.71,10.64,S3,7.573,0,S3,site_s3,S3,S3,S3,129.5,0.0,0.0,153.8,1,1,1,,
1786349935.998,c1,recommend,,0.0,26.76,14.03,3.78,S3,0,,0,200.0,obs,696,26.76,14.03,4.0,S3,26.76,14.03,4.0,S3,26.76,14.03,3.78,S3,7.573,0,S3,site_s3,S3,S3,S3,174.0,0.0,0.0,184.8,1,1,1,,
1786349935.998,c2,reserve,,0.0,26.34,13.67,3.96,S3,0,,0,36.0,obs,350,26.34,13.67,3.65,S3,26.34,13.67,3.65,S3,26.34,13.67,3.96,S3,7.573,0,S3,site_s3,S3,S3,S3,87.5,0.0,0.0,209.1,1,1,1,,
1786349935.998,c2,search,,0.0,31.1,20.71,10.64,S3,0,,0,4474.0,obs,518,31.1,20.71,10.98,S3,31.1,20.71,10.98,S3,31.1,20.71,10.64,S3,7.573,0,S3,site_s3,S3,S3,S3,129.5,0.0,0.0,338.6,1,1,1,,
1786349935.998,c2,recommend,,0.0,26.76,14.03,3.78,S3,0,,0,200.0,obs,696,26.76,14.03,4.0,S3,26.76,14.03,4.0,S3,26.76,14.03,3.78,S3,7.573,0,S3,site_s3,S3,S3,S3,174.0,0.0,0.0,369.6,1,1,1,,
1786349936.997,c1,reserve,,0.0,26.34,13.67,3.92,S3,0,,0,36.0,obs,344,26.34,13.67,3.65,S3,26.34,13.67,3.65,S3,26.34,13.67,3.92,S3,7.341,0,S3,site_s3,S3,S3,S3,86.0,0.0,0.0,23.9,1,1,1,,
1786349936.997,c1,search,,0.0,31.1,20.71,10.69,S3,0,,0,4474.0,obs,522,31.1,20.71,10.98,S3,31.1,20.71,10.98,S3,31.1,20.71,10.69,S3,7.341,0,S3,site_s3,S3,S3,S3,130.5,0.0,0.0,154.4,1,1,1,,
1786349936.997,c1,recommend,,0.0,26.76,14.03,3.86,S3,0,,0,200.0,obs,700,26.76,14.03,4.0,S3,26.76,14.03,4.0,S3,26.76,14.03,3.86,S3,7.341,0,S3,site_s3,S3,S3,S3,175.0,0.0,0.0,185.6,1,1,1,,
1786349936.997,c2,reserve,,0.0,26.34,13.67,3.92,S3,0,,0,36.0,obs,344,26.34,13.67,3.65,S3,26.34,13.67,3.65,S3,26.34,13.67,3.92,S3,7.341,0,S3,site_s3,S3,S3,S3,86.0,0.0,0.0,209.5,1,1,1,,
1786349936.997,c2,search,,0.0,31.1,20.71,10.69,S3,0,,0,4474.0,obs,522,31.1,20.71,10.98,S3,31.1,20.71,10.98,S3,31.1,20.71,10.69,S3,7.341,0,S3,site_s3,S3,S3,S3,130.5,0.0,0.0,340.0,1,1,1,,
1786349936.997,c2,recommend,,0.0,26.76,14.03,3.86,S3,0,,0,200.0,obs,700,26.76,14.03,4.0,S3,26.76,14.03,4.0,S3,26.76,14.03,3.86,S3,7.341,0,S3,site_s3,S3,S3,S3,175.0,0.0,0.0,371.1,1,1,1,,
1786349937.997,c1,reserve,,0.0,26.34,13.67,3.76,S3,0,,0,36.0,obs,344,26.34,13.67,3.65,S3,26.34,13.67,3.65,S3,26.34,13.67,3.76,S3,7.285,0,S3,site_s3,S3,S3,S3,86.0,0.0,0.0,23.9,1,1,1,,
1786349937.997,c1,search,,0.0,31.1,20.71,10.62,S3,0,,0,4474.0,obs,525,31.1,20.71,10.98,S3,31.1,20.71,10.98,S3,31.1,20.71,10.62,S3,7.285,0,S3,site_s3,S3,S3,S3,131.0,0.0,0.0,154.9,1,1,1,,
1786349937.997,c1,recommend,,0.0,26.76,14.03,3.82,S3,0,,0,200.0,obs,697,26.76,14.03,4.0,S3,26.76,14.03,4.0,S3,26.76,14.03,3.82,S3,7.285,0,S3,site_s3,S3,S3,S3,174.0,0.0,0.0,185.9,1,1,1,,
1786349937.997,c2,reserve,,0.0,26.34,13.67,3.76,S3,0,,0,36.0,obs,344,26.34,13.67,3.65,S3,26.34,13.67,3.65,S3,26.34,13.67,3.76,S3,7.285,0,S3,site_s3,S3,S3,S3,86.0,0.0,0.0,209.8,1,1,1,,
1786349937.997,c2,search,,0.0,31.1,20.71,10.62,S3,0,,0,4474.0,obs,525,31.1,20.71,10.98,S3,31.1,20.71,10.98,S3,31.1,20.71,10.62,S3,7.285,0,S3,site_s3,S3,S3,S3,131.5,0.0,0.0,341.3,1,1,1,,
1786349937.997,c2,recommend,,0.0,26.76,14.03,3.82,S3,0,,0,200.0,obs,697,26.76,14.03,4.0,S3,26.76,14.03,4.0,S3,26.76,14.03,3.82,S3,7.285,0,S3,site_s3,S3,S3,S3,174.5,0.0,0.0,372.3,1,1,1,,
1786349938.998,c1,reserve,,0.0,26.34,13.67,3.94,S3,0,,0,36.0,obs,350,26.34,13.67,3.65,S3,26.34,13.67,3.65,S3,26.34,13.67,3.94,S3,7.627,0,S3,site_s3,S3,S3,S3,87.5,0.0,0.0,24.3,1,1,1,,
1786349938.998,c1,search,,0.0,31.1,20.71,10.59,S3,0,,0,4474.0,obs,523,31.1,20.71,10.98,S3,31.1,20.71,10.98,S3,31.1,20.71,10.59,S3,7.627,0,S3,site_s3,S3,S3,S3,130.5,0.0,0.0,154.8,1,1,1,,
1786349938.998,c1,recommend,,0.0,26.76,14.03,3.74,S3,0,,0,200.0,obs,694,26.76,14.03,4.0,S3,26.76,14.03,4.0,S3,26.76,14.03,3.74,S3,7.627,0,S3,site_s3,S3,S3,S3,173.5,0.0,0.0,185.7,1,1,1,,
1786349938.998,c2,reserve,,0.0,26.34,13.67,3.94,S3,0,,0,36.0,obs,350,26.34,13.67,3.65,S3,26.34,13.67,3.65,S3,26.34,13.67,3.94,S3,7.627,0,S3,site_s3,S3,S3,S3,87.5,0.0,0.0,210.0,1,1,1,,
1786349938.998,c2,search,,0.0,31.1,20.71,10.59,S3,0,,0,4474.0,obs,523,31.1,20.71,10.98,S3,31.1,20.71,10.98,S3,31.1,20.71,10.59,S3,7.627,0,S3,site_s3,S3,S3,S3,131.0,0.0,0.0,341.0,1,1,1,,
1786349938.998,c2,recommend,,0.0,26.76,14.03,3.74,S3,0,,0,200.0,obs,694,26.76,14.03,4.0,S3,26.76,14.03,4.0,S3,26.76,14.03,3.74,S3,7.627,0,S3,site_s3,S3,S3,S3,173.5,0.0,0.0,371.9,1,1,1,,
1786349939.998,c1,reserve,,0.0,26.34,13.67,4.02,S3,0,,0,36.0,obs,354,26.34,13.67,3.65,S3,26.34,13.67,3.65,S3,26.34,13.67,4.02,S3,7.655,0,S3,site_s3,S3,S3,S3,88.5,0.0,0.0,24.6,1,1,1,,
1786349939.998,c1,search,,0.0,31.1,20.71,10.85,S3,0,,0,4474.0,obs,520,31.1,20.71,10.98,S3,31.1,20.71,10.98,S3,31.1,20.71,10.85,S3,7.655,0,S3,site_s3,S3,S3,S3,130.0,0.0,0.0,154.6,1,1,1,,
1786349939.998,c1,recommend,,0.0,26.76,14.03,3.77,S3,0,,0,200.0,obs,694,26.76,14.03,4.0,S3,26.76,14.03,4.0,S3,26.76,14.03,3.77,S3,7.655,0,S3,site_s3,S3,S3,S3,173.5,0.0,0.0,185.5,1,1,1,,
1786349939.998,c2,reserve,,0.0,26.34,13.67,4.02,S3,0,,0,36.0,obs,354,26.34,13.67,3.65,S3,26.34,13.67,3.65,S3,26.34,13.67,4.02,S3,7.655,0,S3,site_s3,S3,S3,S3,88.5,0.0,0.0,210.1,1,1,1,,
1786349939.998,c2,search,,0.0,31.1,20.71,10.85,S3,0,,0,4474.0,obs,520,31.1,20.71,10.98,S3,31.1,20.71,10.98,S3,31.1,20.71,10.85,S3,7.655,0,S3,site_s3,S3,S3,S3,130.0,0.0,0.0,340.1,1,1,1,,
1786349939.998,c2,recommend,,0.0,26.76,14.03,3.77,S3,0,,0,200.0,obs,694,26.76,14.03,4.0,S3,26.76,14.03,4.0,S3,26.76,14.03,3.77,S3,7.655,0,S3,site_s3,S3,S3,S3,173.5,0.0,0.0,371.0,1,1,1,,
1786349940.998,c1,reserve,,0.0,26.34,13.67,3.92,S3,0,,0,36.0,obs,348,26.34,13.67,3.65,S3,26.34,13.67,3.65,S3,26.34,13.67,3.92,S3,7.556,0,S3,site_s3,S3,S3,S3,87.0,0.0,0.0,24.2,1,1,1,,
1786349940.998,c1,search,,0.0,31.1,20.71,10.71,S3,0,,0,4474.0,obs,519,31.1,20.71,10.98,S3,31.1,20.71,10.98,S3,31.1,20.71,10.71,S3,7.556,0,S3,site_s3,S3,S3,S3,129.5,0.0,0.0,153.7,1,1,1,,
1786349940.998,c1,recommend,,0.0,26.76,14.03,3.77,S3,0,,0,200.0,obs,701,26.76,14.03,4.0,S3,26.76,14.03,4.0,S3,26.76,14.03,3.77,S3,7.556,0,S3,site_s3,S3,S3,S3,175.0,0.0,0.0,184.8,1,1,1,,
1786349940.998,c2,reserve,,0.0,26.34,13.67,3.92,S3,0,,0,36.0,obs,348,26.34,13.67,3.65,S3,26.34,13.67,3.65,S3,26.34,13.67,3.92,S3,7.556,0,S3,site_s3,S3,S3,S3,87.0,0.0,0.0,209.0,1,1,1,,
1786349940.998,c2,search,,0.0,31.1,20.71,10.71,S3,0,,0,4474.0,obs,519,31.1,20.71,10.98,S3,31.1,20.71,10.98,S3,31.1,20.71,10.71,S3,7.556,0,S3,site_s3,S3,S3,S3,130.0,0.0,0.0,339.0,1,1,1,,
1786349940.998,c2,recommend,,0.0,26.76,14.03,3.77,S3,0,,0,200.0,obs,701,26.76,14.03,4.0,S3,26.76,14.03,4.0,S3,26.76,14.03,3.77,S3,7.556,0,S3,site_s3,S3,S3,S3,175.5,0.0,0.0,370.3,1,1,1,,
1786349941.998,c1,reserve,,0.0,26.34,13.67,3.9,S3,0,,0,36.0,obs,346,26.34,13.67,3.65,S3,26.34,13.67,3.65,S3,26.34,13.67,3.9,S3,7.728,0,S3,site_s3,S3,S3,S3,86.5,0.0,0.0,24.0,1,1,1,,
1786349941.998,c1,search,,0.0,31.1,20.71,10.64,S3,0,,0,4474.0,obs,522,31.1,20.71,10.98,S3,31.1,20.71,10.98,S3,31.1,20.71,10.64,S3,7.728,0,S3,site_s3,S3,S3,S3,130.5,0.0,0.0,154.5,1,1,1,,
1786349941.998,c1,recommend,,0.0,26.76,14.03,3.83,S3,0,,0,200.0,obs,702,26.76,14.03,4.0,S3,26.76,14.03,4.0,S3,26.76,14.03,3.83,S3,7.728,0,S3,site_s3,S3,S3,S3,175.5,0.0,0.0,185.8,1,1,1,,
1786349941.998,c2,reserve,,0.0,26.34,13.67,3.9,S3,0,,0,36.0,obs,346,26.34,13.67,3.65,S3,26.34,13.67,3.65,S3,26.34,13.67,3.9,S3,7.728,0,S3,site_s3,S3,S3,S3,86.5,0.0,0.0,209.8,1,1,1,,
1786349941.998,c2,search,,0.0,31.1,20.71,10.64,S3,0,,0,4474.0,obs,522,31.1,20.71,10.98,S3,31.1,20.71,10.98,S3,31.1,20.71,10.64,S3,7.728,0,S3,site_s3,S3,S3,S3,130.5,0.0,0.0,340.3,1,1,1,,
1786349941.998,c2,recommend,,0.0,26.76,14.03,3.83,S3,0,,0,200.0,obs,702,26.76,14.03,4.0,S3,26.76,14.03,4.0,S3,26.76,14.03,3.83,S3,7.728,0,S3,site_s3,S3,S3,S3,175.5,0.0,0.0,371.6,1,1,1,,
1786349942.998,c1,reserve,,0.0,26.34,13.67,4.03,S3,0,,0,36.0,obs,348,26.34,13.67,3.65,S3,26.34,13.67,3.65,S3,26.34,13.67,4.03,S3,7.593,0,S3,site_s3,S3,S3,S3,87.0,0.0,0.0,24.2,1,1,1,,
1786349942.998,c1,search,,0.0,31.1,20.71,10.67,S3,0,,0,4474.0,obs,526,31.1,20.71,10.98,S3,31.1,20.71,10.98,S3,31.1,20.71,10.67,S3,7.593,0,S3,site_s3,S3,S3,S3,131.5,0.0,0.0,155.7,1,1,1,,
1786349942.998,c1,recommend,,0.0,26.76,14.03,3.82,S3,0,,0,200.0,obs,697,26.76,14.03,4.0,S3,26.76,14.03,4.0,S3,26.76,14.03,3.82,S3,7.593,0,S3,site_s3,S3,S3,S3,174.0,0.0,0.0,186.7,1,1,1,,
1786349942.998,c2,reserve,,0.0,26.34,13.67,4.03,S3,0,,0,36.0,obs,348,26.34,13.67,3.65,S3,26.34,13.67,3.65,S3,26.34,13.67,4.03,S3,7.593,0,S3,site_s3,S3,S3,S3,87.0,0.0,0.0,210.8,1,1,1,,
1786349942.998,c2,search,,0.0,31.1,20.71,10.67,S3,0,,0,4474.0,obs,526,31.1,20.71,10.98,S3,31.1,20.71,10.98,S3,31.1,20.71,10.67,S3,7.593,0,S3,site_s3,S3,S3,S3,131.5,0.0,0.0,342.3,1,1,1,,
1786349942.998,c2,recommend,,0.0,26.76,14.03,3.82,S3,0,,0,200.0,obs,697,26.76,14.03,4.0,S3,26.76,14.03,4.0,S3,26.76,14.03,3.82,S3,7.593,0,S3,site_s3,S3,S3,S3,174.5,0.0,0.0,373.4,1,1,1,,
1786349943.997,c1,reserve,,0.0,26.34,13.67,3.94,S3,0,,0,36.0,obs,353,26.34,13.67,3.65,S3,26.34,13.67,3.65,S3,26.34,13.67,3.94,S3,7.622,0,S3,site_s3,S3,S3,S3,88.5,0.0,0.0,24.6,1,1,1,,
1786349943.997,c1,search,,0.0,31.1,20.71,10.77,S3,0,,0,4474.0,obs,524,31.1,20.71,10.98,S3,31.1,20.71,10.98,S3,31.1,20.71,10.77,S3,7.622,0,S3,site_s3,S3,S3,S3,131.0,0.0,0.0,155.6,1,1,1,,
1786349943.997,c1,recommend,,0.0,26.76,14.03,3.83,S3,0,,0,200.0,obs,694,26.76,14.03,4.0,S3,26.76,14.03,4.0,S3,26.76,14.03,3.83,S3,7.622,0,S3,site_s3,S3,S3,S3,173.5,0.0,0.0,186.5,1,1,1,,
1786349943.997,c2,reserve,,0.0,26.34,13.67,3.94,S3,0,,0,36.0,obs,353,26.34,13.67,3.65,S3,26.34,13.67,3.65,S3,26.34,13.67,3.94,S3,7.622,0,S3,site_s3,S3,S3,S3,88.0,0.0,0.0,211.0,1,1,1,,
1786349943.997,c2,search,,0.0,31.1,20.71,10.77,S3,0,,0,4474.0,obs,524,31.1,20.71,10.98,S3,31.1,20.71,10.98,S3,31.1,20.71,10.77,S3,7.622,0,S3,site_s3,S3,S3,S3,131.0,0.0,0.0,342.0,1,1,1,,
1786349943.997,c2,recommend,,0.0,26.76,14.03,3.83,S3,0,,0,200.0,obs,694,26.76,14.03,4.0,S3,26.76,14.03,4.0,S3,26.76,14.03,3.83,S3,7.622,0,S3,site_s3,S3,S3,S3,173.5,0.0,0.0,372.8,1,1,1,,
1786349944.997,c1,reserve,,0.0,26.34,13.67,3.93,S3,0,,0,36.0,obs,352,26.34,13.67,3.65,S3,26.34,13.67,3.65,S3,26.34,13.67,3.93,S3,7.386,0,S3,site_s3,S3,S3,S3,88.0,0.0,0.0,24.5,1,1,1,,
1786349944.997,c1,search,,0.0,31.1,20.71,10.7,S3,0,,0,4474.0,obs,521,31.1,20.71,10.98,S3,31.1,20.71,10.98,S3,31.1,20.71,10.7,S3,7.386,0,S3,site_s3,S3,S3,S3,130.0,0.0,0.0,154.5,1,1,1,,
1786349944.997,c1,recommend,,0.0,26.76,14.03,3.82,S3,0,,0,200.0,obs,699,26.76,14.03,4.0,S3,26.76,14.03,4.0,S3,26.76,14.03,3.82,S3,7.386,0,S3,site_s3,S3,S3,S3,174.5,0.0,0.0,185.5,1,1,1,,
1786349944.997,c2,reserve,,0.0,26.34,13.67,3.93,S3,0,,0,36.0,obs,352,26.34,13.67,3.65,S3,26.34,13.67,3.65,S3,26.34,13.67,3.93,S3,7.386,0,S3,site_s3,S3,S3,S3,88.0,0.0,0.0,210.0,1,1,1,,
1786349944.997,c2,search,,0.0,31.1,20.71,10.7,S3,0,,0,4474.0,obs,521,31.1,20.71,10.98,S3,31.1,20.71,10.98,S3,31.1,20.71,10.7,S3,7.386,0,S3,site_s3,S3,S3,S3,130.5,0.0,0.0,340.5,1,1,1,,
1786349944.997,c2,recommend,,0.0,26.76,14.03,3.82,S3,0,,0,200.0,obs,699,26.76,14.03,4.0,S3,26.76,14.03,4.0,S3,26.76,14.03,3.82,S3,7.386,0,S3,site_s3,S3,S3,S3,175.0,0.0,0.0,371.6,1,1,1,,
1786349945.997,c1,reserve,,0.0,26.34,13.67,3.84,S3,0,,0,36.0,obs,348,26.34,13.67,3.65,S3,26.34,13.67,3.65,S3,26.34,13.67,3.84,S3,7.319,0,S3,site_s3,S3,S3,S3,87.0,0.0,0.0,24.2,1,1,1,,
1786349945.997,c1,search,,0.0,31.1,20.71,10.46,S3,0,,0,4474.0,obs,524,31.1,20.71,10.98,S3,31.1,20.71,10.98,S3,31.1,20.71,10.46,S3,7.319,0,S3,site_s3,S3,S3,S3,131.0,0.0,0.0,155.2,1,1,1,,
1786349945.997,c1,recommend,,0.0,26.76,14.03,3.75,S3,0,,0,200.0,obs,702,26.76,14.03,4.0,S3,26.76,14.03,4.0,S3,26.76,14.03,3.75,S3,7.319,0,S3,site_s3,S3,S3,S3,175.5,0.0,0.0,186.4,1,1,1,,
1786349945.997,c2,reserve,,0.0,26.34,13.67,3.84,S3,0,,0,36.0,obs,348,26.34,13.67,3.65,S3,26.34,13.67,3.65,S3,26.34,13.67,3.84,S3,7.319,0,S3,site_s3,S3,S3,S3,87.0,0.0,0.0,210.6,1,1,1,,
1786349945.997,c2,search,,0.0,31.1,20.71,10.46,S3,0,,0,4474.0,obs,524,31.1,20.71,10.98,S3,31.1,20.71,10.98,S3,31.1,20.71,10.46,S3,7.319,0,S3,site_s3,S3,S3,S3,131.0,0.0,0.0,341.6,1,1,1,,
1786349945.997,c2,recommend,,0.0,26.76,14.03,3.75,S3,0,,0,200.0,obs,702,26.76,14.03,4.0,S3,26.76,14.03,4.0,S3,26.76,14.03,3.75,S3,7.319,0,S3,site_s3,S3,S3,S3,175.5,0.0,0.0,372.8,1,1,1,,
1786349946.997,c1,reserve,,0.0,26.34,13.67,3.82,S3,0,,0,36.0,obs,346,26.34,13.67,3.65,S3,26.34,13.67,3.65,S3,26.34,13.67,3.82,S3,7.288,0,S3,site_s3,S3,S3,S3,86.5,0.0,0.0,24.0,1,1,1,,
1786349946.997,c1,search,,0.0,31.1,20.71,10.51,S3,0,,0,4474.0,obs,526,31.1,20.71,10.98,S3,31.1,20.71,10.98,S3,31.1,20.71,10.51,S3,7.288,0,S3,site_s3,S3,S3,S3,131.5,0.0,0.0,155.5,1,1,1,,
1786349946.997,c1,recommend,,0.0,26.76,14.03,3.78,S3,0,,0,200.0,obs,701,26.76,14.03,4.0,S3,26.76,14.03,4.0,S3,26.76,14.03,3.78,S3,7.288,0,S3,site_s3,S3,S3,S3,175.0,0.0,0.0,186.7,1,1,1,,
1786349946.997,c2,reserve,,0.0,26.34,13.67,3.82,S3,0,,0,36.0,obs,346,26.34,13.67,3.65,S3,26.34,13.67,3.65,S3,26.34,13.67,3.82,S3,7.288,0,S3,site_s3,S3,S3,S3,86.5,0.0,0.0,210.7,1,1,1,,
1786349946.997,c2,search,,0.0,31.1,20.71,10.51,S3,0,,0,4474.0,obs,526,31.1,20.71,10.98,S3,31.1,20.71,10.98,S3,31.1,20.71,10.51,S3,7.288,0,S3,site_s3,S3,S3,S3,131.5,0.0,0.0,342.2,1,1,1,,
1786349946.997,c2,recommend,,0.0,26.76,14.03,3.78,S3,0,,0,200.0,obs,701,26.76,14.03,4.0,S3,26.76,14.03,4.0,S3,26.76,14.03,3.78,S3,7.288,0,S3,site_s3,S3,S3,S3,175.5,0.0,0.0,373.5,1,1,1,,
1786349947.997,c1,reserve,,0.0,26.34,13.67,3.86,S3,0,,0,36.0,obs,352,26.34,13.67,3.65,S3,26.34,13.67,3.65,S3,26.34,13.67,3.86,S3,7.334,0,S3,site_s3,S3,S3,S3,88.0,0.0,0.0,24.5,1,1,1,,
1786349947.997,c1,search,,0.0,31.1,20.71,10.57,S3,0,,0,4474.0,obs,526,31.1,20.71,10.98,S3,31.1,20.71,10.98,S3,31.1,20.71,10.57,S3,7.334,0,S3,site_s3,S3,S3,S3,131.5,0.0,0.0,156.0,1,1,1,,
1786349947.997,c1,recommend,,0.0,26.76,14.03,3.74,S3,0,,0,200.0,obs,697,26.76,14.03,4.0,S3,26.76,14.03,4.0,S3,26.76,14.03,3.74,S3,7.334,0,S3,site_s3,S3,S3,S3,174.5,0.0,0.0,187.0,1,1,1,,
1786349947.997,c2,reserve,,0.0,26.34,13.67,3.86,S3,0,,0,36.0,obs,352,26.34,13.67,3.65,S3,26.34,13.67,3.65,S3,26.34,13.67,3.86,S3,7.334,0,S3,site_s3,S3,S3,S3,88.0,0.0,0.0,211.5,1,1,1,,
1786349947.997,c2,search,,0.0,31.1,20.71,10.57,S3,0,,0,4474.0,obs,526,31.1,20.71,10.98,S3,31.1,20.71,10.98,S3,31.1,20.71,10.57,S3,7.334,0,S3,site_s3,S3,S3,S3,131.5,0.0,0.0,343.0,1,1,1,,
1786349947.997,c2,recommend,,0.0,26.76,14.03,3.74,S3,0,,0,200.0,obs,697,26.76,14.03,4.0,S3,26.76,14.03,4.0,S3,26.76,14.03,3.74,S3,7.334,0,S3,site_s3,S3,S3,S3,174.0,0.0,0.0,374.0,1,1,1,,
1786349948.997,c1,reserve,,0.0,26.34,13.67,3.86,S3,0,,0,36.0,obs,354,26.34,13.67,3.65,S3,26.34,13.67,3.65,S3,26.34,13.67,3.86,S3,7.304,0,S3,site_s3,S3,S3,S3,88.5,0.0,0.0,24.6,1,1,1,,
1786349948.997,c1,search,,0.0,31.1,20.71,10.79,S3,0,,0,4474.0,obs,524,31.1,20.71,10.98,S3,31.1,20.71,10.98,S3,31.1,20.71,10.79,S3,7.304,0,S3,site_s3,S3,S3,S3,131.0,0.0,0.0,155.6,1,1,1,,
1786349948.997,c1,recommend,,0.0,26.76,14.03,3.77,S3,0,,0,200.0,obs,699,26.76,14.03,4.0,S3,26.76,14.03,4.0,S3,26.76,14.03,3.77,S3,7.304,0,S3,site_s3,S3,S3,S3,174.5,0.0,0.0,186.7,1,1,1,,
1786349948.997,c2,reserve,,0.0,26.34,13.67,3.86,S3,0,,0,36.0,obs,354,26.34,13.67,3.65,S3,26.34,13.67,3.65,S3,26.34,13.67,3.86,S3,7.304,0,S3,site_s3,S3,S3,S3,88.5,0.0,0.0,211.3,1,1,1,,
1786349948.997,c2,search,,0.0,31.1,20.71,10.79,S3,0,,0,4474.0,obs,524,31.1,20.71,10.98,S3,31.1,20.71,10.98,S3,31.1,20.71,10.79,S3,7.304,0,S3,site_s3,S3,S3,S3,131.0,0.0,0.0,342.3,1,1,1,,
1786349948.997,c2,recommend,,0.0,26.76,14.03,3.77,S3,0,,0,200.0,obs,699,26.76,14.03,4.0,S3,26.76,14.03,4.0,S3,26.76,14.03,3.77,S3,7.304,0,S3,site_s3,S3,S3,S3,175.0,0.0,0.0,373.4,1,1,1,,
1786349949.997,c1,reserve,,0.0,26.34,13.67,3.93,S3,0,,0,36.0,obs,350,26.34,13.67,3.65,S3,26.34,13.67,3.65,S3,26.34,13.67,3.93,S3,7.311,0,S3,site_s3,S3,S3,S3,87.5,0.0,0.0,24.3,1,1,1,,
1786349949.997,c1,search,,0.0,31.1,20.71,10.71,S3,0,,0,4474.0,obs,522,31.1,20.71,10.98,S3,31.1,20.71,10.98,S3,31.1,20.71,10.71,S3,7.311,0,S3,site_s3,S3,S3,S3,130.5,0.0,0.0,154.8,1,1,1,,
1786349949.997,c1,recommend,,0.0,26.76,14.03,3.82,S3,0,,0,200.0,obs,704,26.76,14.03,4.0,S3,26.76,14.03,4.0,S3,26.76,14.03,3.82,S3,7.311,0,S3,site_s3,S3,S3,S3,176.0,0.0,0.0,186.2,1,1,1,,
1786349949.997,c2,reserve,,0.0,26.34,13.67,3.93,S3,0,,0,36.0,obs,350,26.34,13.67,3.65,S3,26.34,13.67,3.65,S3,26.34,13.67,3.93,S3,7.311,0,S3,site_s3,S3,S3,S3,87.5,0.0,0.0,210.5,1,1,1,,
1786349949.997,c2,search,,0.0,31.1,20.71,10.71,S3,0,,0,4474.0,obs,522,31.1,20.71,10.98,S3,31.1,20.71,10.98,S3,31.1,20.71,10.71,S3,7.311,0,S3,site_s3,S3,S3,S3,130.5,0.0,0.0,341.0,1,1,1,,
1786349949.997,c2,recommend,,0.0,26.76,14.03,3.82,S3,0,,0,200.0,obs,704,26.76,14.03,4.0,S3,26.76,14.03,4.0,S3,26.76,14.03,3.82,S3,7.311,0,S3,site_s3,S3,S3,S3,176.0,0.0,0.0,372.3,1,1,1,,
1786349950.997,c1,reserve,,0.0,26.34,13.67,3.9,S3,0,,0,36.0,obs,348,26.34,13.67,3.65,S3,26.34,13.67,3.65,S3,26.34,13.67,3.9,S3,7.324,0,S3,site_s3,S3,S3,S3,87.0,0.0,0.0,24.2,1,1,1,,
1786349950.997,c1,search,,0.0,31.1,20.71,10.65,S3,0,,0,4474.0,obs,525,31.1,20.71,10.98,S3,31.1,20.71,10.98,S3,31.1,20.71,10.65,S3,7.324,0,S3,site_s3,S3,S3,S3,131.0,0.0,0.0,155.2,1,1,1,,
1786349950.997,c1,recommend,,0.0,26.76,14.03,3.81,S3,0,,0,200.0,obs,705,26.76,14.03,4.0,S3,26.76,14.03,4.0,S3,26.76,14.03,3.81,S3,7.324,0,S3,site_s3,S3,S3,S3,176.0,0.0,0.0,186.5,1,1,1,,
1786349950.997,c2,reserve,,0.0,26.34,13.67,3.9,S3,0,,0,36.0,obs,348,26.34,13.67,3.65,S3,26.34,13.67,3.65,S3,26.34,13.67,3.9,S3,7.324,0,S3,site_s3,S3,S3,S3,87.0,0.0,0.0,210.7,1,1,1,,
1786349950.997,c2,search,,0.0,31.1,20.71,10.65,S3,0,,0,4474.0,obs,525,31.1,20.71,10.98,S3,31.1,20.71,10.98,S3,31.1,20.71,10.65,S3,7.324,0,S3,site_s3,S3,S3,S3,131.5,0.0,0.0,342.2,1,1,1,,
1786349950.997,c2,recommend,,0.0,26.76,14.03,3.81,S3,0,,0,200.0,obs,705,26.76,14.03,4.0,S3,26.76,14.03,4.0,S3,26.76,14.03,3.81,S3,7.324,0,S3,site_s3,S3,S3,S3,176.5,0.0,0.0,373.6,1,1,1,,
1786349951.996,c1,reserve,,0.0,26.34,13.67,3.95,S3,0,,0,36.0,obs,334,26.34,13.67,3.65,S3,26.34,13.67,3.65,S3,26.34,13.67,3.95,S3,6.693,0,S3,site_s3,S3,S3,S3,83.5,0.0,0.0,23.2,1,1,1,,
1786349951.996,c1,search,,0.0,31.1,20.71,10.68,S3,0,,0,4474.0,obs,501,31.1,20.71,10.98,S3,31.1,20.71,10.98,S3,31.1,20.71,10.68,S3,6.693,0,S3,site_s3,S3,S3,S3,125.0,0.0,0.0,148.2,1,1,1,,
1786349951.996,c1,recommend,,0.0,26.76,14.03,3.83,S3,0,,0,200.0,obs,665,26.76,14.03,4.0,S3,26.76,14.03,4.0,S3,26.76,14.03,3.83,S3,6.693,0,S3,site_s3,S3,S3,S3,166.5,0.0,0.0,177.8,1,1,1,,
1786349951.996,c2,reserve,,0.0,26.34,13.67,3.95,S3,0,,0,36.0,obs,334,26.34,13.67,3.65,S3,26.34,13.67,3.65,S3,26.34,13.67,3.95,S3,6.693,0,S3,site_s3,S3,S3,S3,83.5,0.0,0.0,201.1,1,1,1,,
1786349951.996,c2,search,,0.0,31.1,20.71,10.68,S3,0,,0,4474.0,obs,501,31.1,20.71,10.98,S3,31.1,20.71,10.98,S3,31.1,20.71,10.68,S3,6.693,0,S3,site_s3,S3,S3,S3,125.5,0.0,0.0,326.6,1,1,1,,
1786349951.996,c2,recommend,,0.0,26.76,14.03,3.83,S3,0,,0,200.0,obs,665,26.76,14.03,4.0,S3,26.76,14.03,4.0,S3,26.76,14.03,3.83,S3,6.693,0,S3,site_s3,S3,S3,S3,166.0,0.0,0.0,356.1,1,1,1,,
1786349952.997,c1,reserve,,0.0,26.34,13.67,3.95,S3,0,,0,36.0,obs,336,26.34,13.67,3.65,S3,26.34,13.67,3.65,S3,26.34,13.67,3.95,S3,7.312,0,S3,site_s3,S3,S3,S3,84.0,0.0,0.0,23.4,1,1,1,,
1786349952.997,c1,search,,0.0,31.1,20.71,10.75,S3,0,,0,4474.0,obs,498,31.1,20.71,10.98,S3,31.1,20.71,10.98,S3,31.1,20.71,10.75,S3,7.312,0,S3,site_s3,S3,S3,S3,124.5,0.0,0.0,147.9,1,1,1,,
1786349952.997,c1,recommend,,0.0,26.76,14.03,3.84,S3,0,,0,200.0,obs,666,26.76,14.03,4.0,S3,26.76,14.03,4.0,S3,26.76,14.03,3.84,S3,7.312,0,S3,site_s3,S3,S3,S3,166.5,0.0,0.0,177.5,1,1,1,,
1786349952.997,c2,reserve,,0.0,26.34,13.67,3.95,S3,0,,0,36.0,obs,336,26.34,13.67,3.65,S3,26.34,13.67,3.65,S3,26.34,13.67,3.95,S3,7.312,0,S3,site_s3,S3,S3,S3,84.0,0.0,0.0,200.8,1,1,1,,
1786349952.997,c2,search,,0.0,31.1,20.71,10.75,S3,0,,0,4474.0,obs,498,31.1,20.71,10.98,S3,31.1,20.71,10.98,S3,31.1,20.71,10.75,S3,7.312,0,S3,site_s3,S3,S3,S3,124.5,0.0,0.0,325.3,1,1,1,,
1786349952.997,c2,recommend,,0.0,26.76,14.03,3.84,S3,0,,0,200.0,obs,666,26.76,14.03,4.0,S3,26.76,14.03,4.0,S3,26.76,14.03,3.84,S3,7.312,0,S3,site_s3,S3,S3,S3,166.5,0.0,0.0,355.0,1,1,1,,
1786349953.997,c1,reserve,,0.0,26.34,13.67,3.98,S3,0,,0,36.0,obs,332,26.34,13.67,3.65,S3,26.34,13.67,3.65,S3,26.34,13.67,3.98,S3,7.302,0,S3,site_s3,S3,S3,S3,83.0,0.0,0.0,23.1,1,1,1,,
1786349953.997,c1,search,,0.0,31.1,20.71,10.73,S3,0,,0,4474.0,obs,500,31.1,20.71,10.98,S3,31.1,20.71,10.98,S3,31.1,20.71,10.73,S3,7.302,0,S3,site_s3,S3,S3,S3,125.0,0.0,0.0,148.1,1,1,1,,
1786349953.997,c1,recommend,,0.0,26.76,14.03,3.75,S3,0,,0,200.0,obs,669,26.76,14.03,4.0,S3,26.76,14.03,4.0,S3,26.76,14.03,3.75,S3,7.302,0,S3,site_s3,S3,S3,S3,167.0,0.0,0.0,177.8,1,1,1,,
1786349953.997,c2,reserve,,0.0,26.34,13.67,3.98,S3,0,,0,36.0,obs,332,26.34,13.67,3.65,S3,26.34,13.67,3.65,S3,26.34,13.67,3.98,S3,7.302,0,S3,site_s3,S3,S3,S3,83.0,0.0,0.0,200.9,1,1,1,,
1786349953.997,c2,search,,0.0,31.1,20.71,10.73,S3,0,,0,4474.0,obs,500,31.1,20.71,10.98,S3,31.1,20.71,10.98,S3,31.1,20.71,10.73,S3,7.302,0,S3,site_s3,S3,S3,S3,125.0,0.0,0.0,325.9,1,1,1,,
1786349953.997,c2,recommend,,0.0,26.76,14.03,3.75,S3,0,,0,200.0,obs,669,26.76,14.03,4.0,S3,26.76,14.03,4.0,S3,26.76,14.03,3.75,S3,7.302,0,S3,site_s3,S3,S3,S3,167.5,0.0,0.0,355.7,1,1,1,,
1786349954.997,c1,reserve,,0.0,26.34,13.67,3.95,S3,0,,0,36.0,obs,332,26.34,13.67,3.65,S3,26.34,13.67,3.65,S3,26.34,13.67,3.95,S3,7.345,0,S3,site_s3,S3,S3,S3,83.0,0.0,0.0,23.1,1,1,1,,
1786349954.997,c1,search,,0.0,31.1,20.71,10.7,S3,0,,0,4474.0,obs,500,31.1,20.71,10.98,S3,31.1,20.71,10.98,S3,31.1,20.71,10.7,S3,7.345,0,S3,site_s3,S3,S3,S3,125.0,0.0,0.0,148.1,1,1,1,,
1786349954.997,c1,recommend,,0.0,26.76,14.03,3.75,S3,0,,0,200.0,obs,668,26.76,14.03,4.0,S3,26.76,14.03,4.0,S3,26.76,14.03,3.75,S3,7.345,0,S3,site_s3,S3,S3,S3,167.0,0.0,0.0,177.8,1,1,1,,
1786349954.997,c2,reserve,,0.0,26.34,13.67,3.95,S3,0,,0,36.0,obs,332,26.34,13.67,3.65,S3,26.34,13.67,3.65,S3,26.34,13.67,3.95,S3,7.345,0,S3,site_s3,S3,S3,S3,83.0,0.0,0.0,200.9,1,1,1,,
1786349954.997,c2,search,,0.0,31.1,20.71,10.7,S3,0,,0,4474.0,obs,500,31.1,20.71,10.98,S3,31.1,20.71,10.98,S3,31.1,20.71,10.7,S3,7.345,0,S3,site_s3,S3,S3,S3,125.0,0.0,0.0,325.9,1,1,1,,
1786349954.997,c2,recommend,,0.0,26.76,14.03,3.75,S3,0,,0,200.0,obs,668,26.76,14.03,4.0,S3,26.76,14.03,4.0,S3,26.76,14.03,3.75,S3,7.345,0,S3,site_s3,S3,S3,S3,167.0,0.0,0.0,355.6,1,1,1,,
1786349955.997,c1,reserve,,0.0,26.34,13.67,3.97,S3,0,,0,36.0,obs,332,26.34,13.67,3.65,S3,26.34,13.67,3.65,S3,26.34,13.67,3.97,S3,7.268,0,S3,site_s3,S3,S3,S3,83.0,0.0,0.0,23.1,1,1,1,,
1786349955.997,c1,search,,0.0,31.1,20.71,10.74,S3,0,,0,4474.0,obs,502,31.1,20.71,10.98,S3,31.1,20.71,10.98,S3,31.1,20.71,10.74,S3,7.268,0,S3,site_s3,S3,S3,S3,125.5,0.0,0.0,148.6,1,1,1,,
1786349955.997,c1,recommend,,0.0,26.76,14.03,3.85,S3,0,,0,200.0,obs,667,26.76,14.03,4.0,S3,26.76,14.03,4.0,S3,26.76,14.03,3.85,S3,7.268,0,S3,site_s3,S3,S3,S3,166.5,0.0,0.0,178.2,1,1,1,,
1786349955.997,c2,reserve,,0.0,26.34,13.67,3.97,S3,0,,0,36.0,obs,332,26.34,13.67,3.65,S3,26.34,13.67,3.65,S3,26.34,13.67,3.97,S3,7.268,0,S3,site_s3,S3,S3,S3,83.0,0.0,0.0,201.3,1,1,1,,
1786349955.997,c2,search,,0.0,31.1,20.71,10.74,S3,0,,0,4474.0,obs,502,31.1,20.71,10.98,S3,31.1,20.71,10.98,S3,31.1,20.71,10.74,S3,7.268,0,S3,site_s3,S3,S3,S3,125.5,0.0,0.0,326.8,1,1,1,,
1786349955.997,c2,recommend,,0.0,26.76,14.03,3.85,S3,0,,0,200.0,obs,667,26.76,14.03,4.0,S3,26.76,14.03,4.0,S3,26.76,14.03,3.85,S3,7.268,0,S3,site_s3,S3,S3,S3,167.0,0.0,0.0,356.5,1,1,1,,
1786349956.997,c1,reserve,,0.0,26.34,13.67,4.02,S3,0,,0,36.0,obs,338,26.34,13.67,3.65,S3,26.34,13.67,3.65,S3,26.34,13.67,4.02,S3,7.365,0,S3,site_s3,S3,S3,S3,84.5,0.0,0.0,23.5,1,1,1,,
1786349956.997,c1,search,,0.0,31.1,20.71,10.73,S3,0,,0,4474.0,obs,500,31.1,20.71,10.98,S3,31.1,20.71,10.98,S3,31.1,20.71,10.73,S3,7.365,0,S3,site_s3,S3,S3,S3,125.0,0.0,0.0,148.5,1,1,1,,
1786349956.997,c1,recommend,,0.0,26.76,14.03,3.85,S3,0,,0,200.0,obs,666,26.76,14.03,4.0,S3,26.76,14.03,4.0,S3,26.76,14.03,3.85,S3,7.365,0,S3,site_s3,S3,S3,S3,166.5,0.0,0.0,178.1,1,1,1,,
1786349956.997,c2,reserve,,0.0,26.34,13.67,4.02,S3,0,,0,36.0,obs,338,26.34,13.67,3.65,S3,26.34,13.67,3.65,S3,26.34,13.67,4.02,S3,7.365,0,S3,site_s3,S3,S3,S3,84.5,0.0,0.0,201.6,1,1,1,,
1786349956.997,c2,search,,0.0,31.1,20.71,10.73,S3,0,,0,4474.0,obs,500,31.1,20.71,10.98,S3,31.1,20.71,10.98,S3,31.1,20.71,10.73,S3,7.365,0,S3,site_s3,S3,S3,S3,125.0,0.0,0.0,326.6,1,1,1,,
1786349956.997,c2,recommend,,0.0,26.76,14.03,3.85,S3,0,,0,200.0,obs,666,26.76,14.03,4.0,S3,26.76,14.03,4.0,S3,26.76,14.03,3.85,S3,7.365,0,S3,site_s3,S3,S3,S3,166.5,0.0,0.0,356.3,1,1,1,,
1786349957.997,c1,reserve,,0.0,26.34,13.67,3.91,S3,0,,0,36.0,obs,335,26.34,13.67,3.65,S3,26.34,13.67,3.65,S3,26.34,13.67,3.91,S3,7.252,0,S3,site_s3,S3,S3,S3,84.0,0.0,0.0,23.4,1,1,1,,
1786349957.997,c1,search,,0.0,31.1,20.71,10.7,S3,0,,0,4474.0,obs,498,31.1,20.71,10.98,S3,31.1,20.71,10.98,S3,31.1,20.71,10.7,S3,7.252,0,S3,site_s3,S3,S3,S3,124.5,0.0,0.0,147.9,1,1,1,,
1786349957.997,c1,recommend,,0.0,26.76,14.03,3.81,S3,0,,0,200.0,obs,668,26.76,14.03,4.0,S3,26.76,14.03,4.0,S3,26.76,14.03,3.81,S3,7.252,0,S3,site_s3,S3,S3,S3,167.0,0.0,0.0,177.6,1,1,1,,
1786349957.997,c2,reserve,,0.0,26.34,13.67,3.91,S3,0,,0,36.0,obs,335,26.34,13.67,3.65,S3,26.34,13.67,3.65,S3,26.34,13.67,3.91,S3,7.252,0,S3,site_s3,S3,S3,S3,83.5,0.0,0.0,200.8,1,1,1,,
1786349957.997,c2,search,,0.0,31.1,20.71,10.7,S3,0,,0,4474.0,obs,498,31.1,20.71,10.98,S3,31.1,20.71,10.98,S3,31.1,20.71,10.7,S3,7.252,0,S3,site_s3,S3,S3,S3,124.5,0.0,0.0,325.3,1,1,1,,
1786349957.997,c2,recommend,,0.0,26.76,14.03,3.81,S3,0,,0,200.0,obs,668,26.76,14.03,4.0,S3,26.76,14.03,4.0,S3,26.76,14.03,3.81,S3,7.252,0,S3,site_s3,S3,S3,S3,167.0,0.0,0.0,355.0,1,1,1,,
1786349958.997,c1,reserve,,0.0,26.34,13.67,4.0,S3,0,,0,36.0,obs,333,26.34,13.67,3.65,S3,26.34,13.67,3.65,S3,26.34,13.67,4.0,S3,7.288,0,S3,site_s3,S3,S3,S3,83.0,0.0,0.0,23.1,1,1,1,,
1786349958.997,c1,search,,0.0,31.1,20.71,10.61,S3,0,,0,4474.0,obs,500,31.1,20.71,10.98,S3,31.1,20.71,10.98,S3,31.1,20.71,10.61,S3,7.288,0,S3,site_s3,S3,S3,S3,125.0,0.0,0.0,148.1,1,1,1,,
1786349958.997,c1,recommend,,0.0,26.76,14.03,3.82,S3,0,,0,200.0,obs,672,26.76,14.03,4.0,S3,26.76,14.03,4.0,S3,26.76,14.03,3.82,S3,7.288,0,S3,site_s3,S3,S3,S3,168.0,0.0,0.0,178.0,1,1,1,,
1786349958.997,c2,reserve,,0.0,26.34,13.67,4.0,S3,0,,0,36.0,obs,333,26.34,13.67,3.65,S3,26.34,13.67,3.65,S3,26.34,13.67,4.0,S3,7.288,0,S3,site_s3,S3,S3,S3,83.5,0.0,0.0,201.2,1,1,1,,
1786349958.997,c2,search,,0.0,31.1,20.71,10.61,S3,0,,0,4474.0,obs,500,31.1,20.71,10.98,S3,31.1,20.71,10.98,S3,31.1,20.71,10.61,S3,7.288,0,S3,site_s3,S3,S3,S3,125.0,0.0,0.0,326.2,1,1,1,,
1786349958.997,c2,recommend,,0.0,26.76,14.03,3.82,S3,0,,0,200.0,obs,672,26.76,14.03,4.0,S3,26.76,14.03,4.0,S3,26.76,14.03,3.82,S3,7.288,0,S3,site_s3,S3,S3,S3,168.0,0.0,0.0,356.1,1,1,1,,
1786349959.997,c1,reserve,,0.0,26.34,13.67,3.99,S3,0,,0,36.0,obs,332,26.34,13.67,3.65,S3,26.34,13.67,3.65,S3,26.34,13.67,3.99,S3,7.263,0,S3,site_s3,S3,S3,S3,83.0,0.0,0.0,23.1,1,1,1,,
1786349959.997,c1,search,,0.0,31.1,20.71,10.76,S3,0,,0,4474.0,obs,502,31.1,20.71,10.98,S3,31.1,20.71,10.98,S3,31.1,20.71,10.76,S3,7.263,0,S3,site_s3,S3,S3,S3,125.5,0.0,0.0,148.6,1,1,1,,
1786349959.997,c1,recommend,,0.0,26.76,14.03,3.8,S3,0,,0,200.0,obs,671,26.76,14.03,4.0,S3,26.76,14.03,4.0,S3,26.76,14.03,3.8,S3,7.263,0,S3,site_s3,S3,S3,S3,168.0,0.0,0.0,178.5,1,1,1,,
1786349959.997,c2,reserve,,0.0,26.34,13.67,3.99,S3,0,,0,36.0,obs,332,26.34,13.67,3.65,S3,26.34,13.67,3.65,S3,26.34,13.67,3.99,S3,7.263,0,S3,site_s3,S3,S3,S3,83.0,0.0,0.0,201.6,1,1,1,,
1786349959.997,c2,search,,0.0,31.1,20.71,10.76,S3,0,,0,4474.0,obs,502,31.1,20.71,10.98,S3,31.1,20.71,10.98,S3,31.1,20.71,10.76,S3,7.263,0,S3,site_s3,S3,S3,S3,125.5,0.0,0.0,327.1,1,1,1,,
1786349959.997,c2,recommend,,0.0,26.76,14.03,3.8,S3,0,,0,200.0,obs,671,26.76,14.03,4.0,S3,26.76,14.03,4.0,S3,26.76,14.03,3.8,S3,7.263,0,S3,site_s3,S3,S3,S3,167.5,0.0,0.0,356.9,1,1,1,,
1786349960.997,c1,reserve,,0.0,26.34,13.67,3.98,S3,0,,0,36.0,obs,335,26.34,13.67,3.65,S3,26.34,13.67,3.65,S3,26.34,13.67,3.98,S3,7.277,0,S3,site_s3,S3,S3,S3,84.0,0.0,0.0,23.4,1,1,1,,
1786349960.997,c1,search,,0.0,31.1,20.71,10.74,S3,0,,0,4474.0,obs,504,31.1,20.71,10.98,S3,31.1,20.71,10.98,S3,31.1,20.71,10.74,S3,7.277,0,S3,site_s3,S3,S3,S3,126.0,0.0,0.0,149.4,1,1,1,,
1786349960.997,c1,recommend,,0.0,26.76,14.03,3.79,S3,0,,0,200.0,obs,666,26.76,14.03,4.0,S3,26.76,14.03,4.0,S3,26.76,14.03,3.79,S3,7.277,0,S3,site_s3,S3,S3,S3,166.5,0.0,0.0,179.0,1,1,1,,
1786349960.997,c2,reserve,,0.0,26.34,13.67,3.98,S3,0,,0,36.0,obs,335,26.34,13.67,3.65,S3,26.34,13.67,3.65,S3,26.34,13.67,3.98,S3,7.277,0,S3,site_s3,S3,S3,S3,83.5,0.0,0.0,202.2,1,1,1,,
1786349960.997,c2,search,,0.0,31.1,20.71,10.74,S3,0,,0,4474.0,obs,504,31.1,20.71,10.98,S3,31.1,20.71,10.98,S3,31.1,20.71,10.74,S3,7.277,0,S3,site_s3,S3,S3,S3,126.0,0.0,0.0,328.2,1,1,1,,
1786349960.997,c2,recommend,,0.0,26.76,14.03,3.79,S3,0,,0,200.0,obs,666,26.76,14.03,4.0,S3,26.76,14.03,4.0,S3,26.76,14.03,3.79,S3,7.277,0,S3,site_s3,S3,S3,S3,166.5,0.0,0.0,357.8,1,1,1,,
1786349961.997,c1,reserve,,0.0,26.34,13.67,3.85,S3,0,,0,36.0,obs,338,26.34,13.67,3.65,S3,26.34,13.67,3.65,S3,26.34,13.67,3.85,S3,7.286,0,S3,site_s3,S3,S3,S3,84.5,0.0,0.0,23.5,1,1,1,,
1786349961.997,c1,search,,0.0,31.1,20.71,10.61,S3,0,,0,4474.0,obs,499,31.1,20.71,10.98,S3,31.1,20.71,10.98,S3,31.1,20.71,10.61,S3,7.286,0,S3,site_s3,S3,S3,S3,125.0,0.0,0.0,148.5,1,1,1,,
1786349961.997,c1,recommend,,0.0,26.76,14.03,3.83,S3,0,,0,200.0,obs,668,26.76,14.03,4.0,S3,26.76,14.03,4.0,S3,26.76,14.03,3.83,S3,7.286,0,S3,site_s3,S3,S3,S3,167.0,0.0,0.0,178.2,1,1,1,,
1786349961.997,c2,reserve,,0.0,26.34,13.67,3.85,S3,0,,0,36.0,obs,338,26.34,13.67,3.65,S3,26.34,13.67,3.65,S3,26.34,13.67,3.85,S3,7.286,0,S3,site_s3,S3,S3,S3,84.5,0.0,0.0,201.7,1,1,1,,
1786349961.997,c2,search,,0.0,31.1,20.71,10.61,S3,0,,0,4474.0,obs,499,31.1,20.71,10.98,S3,31.1,20.71,10.98,S3,31.1,20.71,10.61,S3,7.286,0,S3,site_s3,S3,S3,S3,124.5,0.0,0.0,326.2,1,1,1,,
1786349961.997,c2,recommend,,0.0,26.76,14.03,3.83,S3,0,,0,200.0,obs,668,26.76,14.03,4.0,S3,26.76,14.03,4.0,S3,26.76,14.03,3.83,S3,7.286,0,S3,site_s3,S3,S3,S3,167.0,0.0,0.0,355.9,1,1,1,,
1786349962.997,c1,reserve,,0.0,26.34,13.67,4.01,S3,0,,0,36.0,obs,335,26.34,13.67,3.65,S3,26.34,13.67,3.65,S3,26.34,13.67,4.01,S3,7.335,0,S3,site_s3,S3,S3,S3,83.5,0.0,0.0,23.2,1,1,1,,
1786349962.997,c1,search,,0.0,31.1,20.71,10.6,S3,0,,0,4474.0,obs,502,31.1,20.71,10.98,S3,31.1,20.71,10.98,S3,31.1,20.71,10.6,S3,7.335,0,S3,site_s3,S3,S3,S3,125.5,0.0,0.0,148.7,1,1,1,,
1786349962.997,c1,recommend,,0.0,26.76,14.03,3.87,S3,0,,0,200.0,obs,672,26.76,14.03,4.0,S3,26.76,14.03,4.0,S3,26.76,14.03,3.87,S3,7.335,0,S3,site_s3,S3,S3,S3,168.0,0.0,0.0,178.6,1,1,1,,
1786349962.997,c2,reserve,,0.0,26.34,13.67,4.01,S3,0,,0,36.0,obs,335,26.34,13.67,3.65,S3,26.34,13.67,3.65,S3,26.34,13.67,4.01,S3,7.335,0,S3,site_s3,S3,S3,S3,84.0,0.0,0.0,202.0,1,1,1,,
1786349962.997,c2,search,,0.0,31.1,20.71,10.6,S3,0,,0,4474.0,obs,502,31.1,20.71,10.98,S3,31.1,20.71,10.98,S3,31.1,20.71,10.6,S3,7.335,0,S3,site_s3,S3,S3,S3,125.5,0.0,0.0,327.5,1,1,1,,
1786349962.997,c2,recommend,,0.0,26.76,14.03,3.87,S3,0,,0,200.0,obs,672,26.76,14.03,4.0,S3,26.76,14.03,4.0,S3,26.76,14.03,3.87,S3,7.335,0,S3,site_s3,S3,S3,S3,168.0,0.0,0.0,357.4,1,1,1,,
1786349963.997,c1,reserve,,0.0,26.34,13.67,3.95,S3,0,,0,36.0,obs,334,26.34,13.67,3.65,S3,26.34,13.67,3.65,S3,26.34,13.67,3.95,S3,7.295,0,S3,site_s3,S3,S3,S3,83.5,0.0,0.0,23.2,1,1,1,,
1786349963.997,c1,search,,0.0,31.1,20.71,10.66,S3,0,,0,4474.0,obs,502,31.1,20.71,10.98,S3,31.1,20.71,10.98,S3,31.1,20.71,10.66,S3,7.295,0,S3,site_s3,S3,S3,S3,125.5,0.0,0.0,148.7,1,1,1,,
1786349963.997,c1,recommend,,0.0,26.76,14.03,3.81,S3,0,,0,200.0,obs,672,26.76,14.03,4.0,S3,26.76,14.03,4.0,S3,26.76,14.03,3.81,S3,7.295,0,S3,site_s3,S3,S3,S3,168.0,0.0,0.0,178.6,1,1,1,,
1786349963.997,c2,reserve,,0.0,26.34,13.67,3.95,S3,0,,0,36.0,obs,334,26.34,13.67,3.65,S3,26.34,13.67,3.65,S3,26.34,13.67,3.95,S3,7.295,0,S3,site_s3,S3,S3,S3,83.5,0.0,0.0,201.8,1,1,1,,
1786349963.997,c2,search,,0.0,31.1,20.71,10.66,S3,0,,0,4474.0,obs,502,31.1,20.71,10.98,S3,31.1,20.71,10.98,S3,31.1,20.71,10.66,S3,7.295,0,S3,site_s3,S3,S3,S3,125.5,0.0,0.0,327.3,1,1,1,,
1786349963.997,c2,recommend,,0.0,26.76,14.03,3.81,S3,0,,0,200.0,obs,672,26.76,14.03,4.0,S3,26.76,14.03,4.0,S3,26.76,14.03,3.81,S3,7.295,0,S3,site_s3,S3,S3,S3,168.0,0.0,0.0,357.2,1,1,1,,
1786349964.997,c1,reserve,,0.0,26.34,13.67,3.88,S3,0,,0,36.0,obs,333,26.34,13.67,3.65,S3,26.34,13.67,3.65,S3,26.34,13.67,3.88,S3,7.329,0,S3,site_s3,S3,S3,S3,83.0,0.0,0.0,23.1,1,1,1,,
1786349964.997,c1,search,,0.0,31.1,20.71,10.86,S3,0,,0,4474.0,obs,506,31.1,20.71,10.98,S3,31.1,20.71,10.98,S3,31.1,20.71,10.86,S3,7.329,0,S3,site_s3,S3,S3,S3,126.5,0.0,0.0,149.6,1,1,1,,
1786349964.997,c1,recommend,,0.0,26.76,14.03,3.71,S3,0,,0,200.0,obs,672,26.76,14.03,4.0,S3,26.76,14.03,4.0,S3,26.76,14.03,3.71,S3,7.329,0,S3,site_s3,S3,S3,S3,168.0,0.0,0.0,179.5,1,1,1,,
1786349964.997,c2,reserve,,0.0,26.34,13.67,3.88,S3,0,,0,36.0,obs,333,26.34,13.67,3.65,S3,26.34,13.67,3.65,S3,26.34,13.67,3.88,S3,7.329,0,S3,site_s3,S3,S3,S3,83.5,0.0,0.0,202.7,1,1,1,,
1786349964.997,c2,search,,0.0,31.1,20.71,10.86,S3,0,,0,4474.0,obs,506,31.1,20.71,10.98,S3,31.1,20.71,10.98,S3,31.1,20.71,10.86,S3,7.329,0,S3,site_s3,S3,S3,S3,126.5,0.0,0.0,329.2,1,1,1,,
1786349964.997,c2,recommend,,0.0,26.76,14.03,3.71,S3,0,,0,200.0,obs,672,26.76,14.03,4.0,S3,26.76,14.03,4.0,S3,26.76,14.03,3.71,S3,7.329,0,S3,site_s3,S3,S3,S3,168.0,0.0,0.0,359.1,1,1,1,,
1786349965.997,c1,reserve,,0.0,26.34,13.67,3.98,S3,0,,0,36.0,obs,338,26.34,13.67,3.65,S3,26.34,13.67,3.65,S3,26.34,13.67,3.98,S3,7.288,0,S3,site_s3,S3,S3,S3,84.5,0.0,0.0,23.5,1,1,1,,
1786349965.997,c1,search,,0.0,31.1,20.71,10.77,S3,0,,0,4474.0,obs,504,31.1,20.71,10.98,S3,31.1,20.71,10.98,S3,31.1,20.71,10.77,S3,7.288,0,S3,site_s3,S3,S3,S3,126.0,0.0,0.0,149.5,1,1,1,,
1786349965.997,c1,recommend,,0.0,26.76,14.03,3.76,S3,0,,0,200.0,obs,670,26.76,14.03,4.0,S3,26.76,14.03,4.0,S3,26.76,14.03,3.76,S3,7.288,0,S3,site_s3,S3,S3,S3,167.5,0.0,0.0,179.3,1,1,1,,
1786349965.997,c2,reserve,,0.0,26.34,13.67,3.98,S3,0,,0,36.0,obs,338,26.34,13.67,3.65,S3,26.34,13.67,3.65,S3,26.34,13.67,3.98,S3,7.288,0,S3,site_s3,S3,S3,S3,84.5,0.0,0.0,202.8,1,1,1,,
1786349965.997,c2,search,,0.0,31.1,20.71,10.77,S3,0,,0,4474.0,obs,504,31.1,20.71,10.98,S3,31.1,20.71,10.98,S3,31.1,20.71,10.77,S3,7.288,0,S3,site_s3,S3,S3,S3,126.0,0.0,0.0,328.8,1,1,1,,
1786349965.997,c2,recommend,,0.0,26.76,14.03,3.76,S3,0,,0,200.0,obs,670,26.76,14.03,4.0,S3,26.76,14.03,4.0,S3,26.76,14.03,3.76,S3,7.288,0,S3,site_s3,S3,S3,S3,167.5,0.0,0.0,358.6,1,1,1,,
1786349966.997,c1,reserve,,0.0,26.34,13.67,4.02,S3,0,,0,36.0,obs,338,26.34,13.67,3.65,S3,26.34,13.67,3.65,S3,26.34,13.67,4.02,S3,7.311,0,S3,site_s3,S3,S3,S3,84.5,0.0,0.0,23.5,1,1,1,,
1786349966.997,c1,search,,0.0,31.1,20.71,10.64,S3,0,,0,4474.0,obs,502,31.1,20.71,10.98,S3,31.1,20.71,10.98,S3,31.1,20.71,10.64,S3,7.311,0,S3,site_s3,S3,S3,S3,125.5,0.0,0.0,149.0,1,1,1,,
1786349966.997,c1,recommend,,0.0,26.76,14.03,3.78,S3,0,,0,200.0,obs,672,26.76,14.03,4.0,S3,26.76,14.03,4.0,S3,26.76,14.03,3.78,S3,7.311,0,S3,site_s3,S3,S3,S3,168.0,0.0,0.0,178.9,1,1,1,,
1786349966.997,c2,reserve,,0.0,26.34,13.67,4.02,S3,0,,0,36.0,obs,338,26.34,13.67,3.65,S3,26.34,13.67,3.65,S3,26.34,13.67,4.02,S3,7.311,0,S3,site_s3,S3,S3,S3,84.5,0.0,0.0,202.4,1,1,1,,
1786349966.997,c2,search,,0.0,31.1,20.71,10.64,S3,0,,0,4474.0,obs,502,31.1,20.71,10.98,S3,31.1,20.71,10.98,S3,31.1,20.71,10.64,S3,7.311,0,S3,site_s3,S3,S3,S3,125.5,0.0,0.0,327.9,1,1,1,,
1786349966.997,c2,recommend,,0.0,26.76,14.03,3.78,S3,0,,0,200.0,obs,672,26.76,14.03,4.0,S3,26.76,14.03,4.0,S3,26.76,14.03,3.78,S3,7.311,0,S3,site_s3,S3,S3,S3,168.0,0.0,0.0,357.8,1,1,1,,
1786349967.997,c1,reserve,,0.0,26.34,13.67,3.95,S3,0,,0,36.0,obs,336,26.34,13.67,3.65,S3,26.34,13.67,3.65,S3,26.34,13.67,3.95,S3,7.325,0,S3,site_s3,S3,S3,S3,84.0,0.0,0.0,23.4,1,1,1,,
1786349967.997,c1,search,,0.0,31.1,20.71,10.51,S3,0,,0,4474.0,obs,502,31.1,20.71,10.98,S3,31.1,20.71,10.98,S3,31.1,20.71,10.51,S3,7.325,0,S3,site_s3,S3,S3,S3,125.5,0.0,0.0,148.9,1,1,1,,
1786349967.997,c1,recommend,,0.0,26.76,14.03,3.71,S3,0,,0,200.0,obs,674,26.76,14.03,4.0,S3,26.76,14.03,4.0,S3,26.76,14.03,3.71,S3,7.325,0,S3,site_s3,S3,S3,S3,168.5,0.0,0.0,178.8,1,1,1,,
1786349967.997,c2,reserve,,0.0,26.34,13.67,3.95,S3,0,,0,36.0,obs,336,26.34,13.67,3.65,S3,26.34,13.67,3.65,S3,26.34,13.67,3.95,S3,7.325,0,S3,site_s3,S3,S3,S3,84.0,0.0,0.0,202.2,1,1,1,,
1786349967.997,c2,search,,0.0,31.1,20.71,10.51,S3,0,,0,4474.0,obs,502,31.1,20.71,10.98,S3,31.1,20.71,10.98,S3,31.1,20.71,10.51,S3,7.325,0,S3,site_s3,S3,S3,S3,125.5,0.0,0.0,327.7,1,1,1,,
1786349967.997,c2,recommend,,0.0,26.76,14.03,3.71,S3,0,,0,200.0,obs,674,26.76,14.03,4.0,S3,26.76,14.03,4.0,S3,26.76,14.03,3.71,S3,7.325,0,S3,site_s3,S3,S3,S3,168.5,0.0,0.0,357.7,1,1,1,,
1786349968.996,c1,reserve,,0.0,26.34,13.67,3.81,S3,0,,0,36.0,obs,335,26.34,13.67,3.65,S3,26.34,13.67,3.65,S3,26.34,13.67,3.81,S3,7.323,0,S3,site_s3,S3,S3,S3,83.5,0.0,0.0,23.2,1,1,1,,
1786349968.996,c1,search,,0.0,31.1,20.71,10.56,S3,0,,0,4474.0,obs,505,31.1,20.71,10.98,S3,31.1,20.71,10.98,S3,31.1,20.71,10.56,S3,7.323,0,S3,site_s3,S3,S3,S3,126.5,0.0,0.0,149.7,1,1,1,,
1786349968.996,c1,recommend,,0.0,26.76,14.03,3.69,S3,0,,0,200.0,obs,676,26.76,14.03,4.0,S3,26.76,14.03,4.0,S3,26.76,14.03,3.69,S3,7.323,0,S3,site_s3,S3,S3,S3,169.0,0.0,0.0,179.8,1,1,1,,
1786349968.996,c2,reserve,,0.0,26.34,13.67,3.81,S3,0,,0,36.0,obs,335,26.34,13.67,3.65,S3,26.34,13.67,3.65,S3,26.34,13.67,3.81,S3,7.323,0,S3,site_s3,S3,S3,S3,84.0,0.0,0.0,203.1,1,1,1,,
1786349968.996,c2,search,,0.0,31.1,20.71,10.56,S3,0,,0,4474.0,obs,505,31.1,20.71,10.98,S3,31.1,20.71,10.98,S3,31.1,20.71,10.56,S3,7.323,0,S3,site_s3,S3,S3,S3,126.0,0.0,0.0,329.1,1,1,1,,
1786349968.996,c2,recommend,,0.0,26.76,14.03,3.69,S3,0,,0,200.0,obs,676,26.76,14.03,4.0,S3,26.76,14.03,4.0,S3,26.76,14.03,3.69,S3,7.323,0,S3,site_s3,S3,S3,S3,169.0,0.0,0.0,359.2,1,1,1,,
1786349969.997,c1,reserve,,0.0,26.34,13.67,3.79,S3,0,,0,36.0,obs,338,26.34,13.67,3.65,S3,26.34,13.67,3.65,S3,26.34,13.67,3.79,S3,7.301,0,S3,site_s3,S3,S3,S3,84.5,0.0,0.0,23.5,1,1,1,,
1786349969.997,c1,search,,0.0,31.1,20.71,10.58,S3,0,,0,4474.0,obs,506,31.1,20.71,10.98,S3,31.1,20.71,10.98,S3,31.1,20.71,10.58,S3,7.301,0,S3,site_s3,S3,S3,S3,126.5,0.0,0.0,150.0,1,1,1,,
1786349969.997,c1,recommend,,0.0,26.76,14.03,3.81,S3,0,,0,200.0,obs,670,26.76,14.03,4.0,S3,26.76,14.03,4.0,S3,26.76,14.03,3.81,S3,7.301,0,S3,site_s3,S3,S3,S3,167.5,0.0,0.0,179.8,1,1,1,,
1786349969.997,c2,reserve,,0.0,26.34,13.67,3.79,S3,0,,0,36.0,obs,338,26.34,13.67,3.65,S3,26.34,13.67,3.65,S3,26.34,13.67,3.79,S3,7.301,0,S3,site_s3,S3,S3,S3,84.5,0.0,0.0,203.3,1,1,1,,
1786349969.997,c2,search,,0.0,31.1,20.71,10.58,S3,0,,0,4474.0,obs,506,31.1,20.71,10.98,S3,31.1,20.71,10.98,S3,31.1,20.71,10.58,S3,7.301,0,S3,site_s3,S3,S3,S3,126.5,0.0,0.0,329.8,1,1,1,,
1786349969.997,c2,recommend,,0.0,26.76,14.03,3.81,S3,0,,0,200.0,obs,670,26.76,14.03,4.0,S3,26.76,14.03,4.0,S3,26.76,14.03,3.81,S3,7.301,0,S3,site_s3,S3,S3,S3,167.5,0.0,0.0,359.6,1,1,1,,
1786349970.997,c1,reserve,,0.0,26.34,13.67,3.81,S3,0,,0,36.0,obs,339,26.34,13.67,3.65,S3,26.34,13.67,3.65,S3,26.34,13.67,3.81,S3,7.302,0,S3,site_s3,S3,S3,S3,84.5,0.0,0.0,23.5,1,1,1,,
1786349970.997,c1,search,,0.0,31.1,20.71,10.76,S3,0,,0,4474.0,obs,503,31.1,20.71,10.98,S3,31.1,20.71,10.98,S3,31.1,20.71,10.76,S3,7.302,0,S3,site_s3,S3,S3,S3,126.0,0.0,0.0,149.5,1,1,1,,
1786349970.997,c1,recommend,,0.0,26.76,14.03,3.9,S3,0,,0,200.0,obs,674,26.76,14.03,4.0,S3,26.76,14.03,4.0,S3,26.76,14.03,3.9,S3,7.302,0,S3,site_s3,S3,S3,S3,168.5,0.0,0.0,179.5,1,1,1,,
1786349970.997,c2,reserve,,0.0,26.34,13.67,3.81,S3,0,,0,36.0,obs,339,26.34,13.67,3.65,S3,26.34,13.67,3.65,S3,26.34,13.67,3.81,S3,7.302,0,S3,site_s3,S3,S3,S3,85.0,0.0,0.0,203.1,1,1,1,,
1786349970.997,c2,search,,0.0,31.1,20.71,10.76,S3,0,,0,4474.0,obs,503,31.1,20.71,10.98,S3,31.1,20.71,10.98,S3,31.1,20.71,10.76,S3,7.302,0,S3,site_s3,S3,S3,S3,125.5,0.0,0.0,328.6,1,1,1,,
1786349970.997,c2,recommend,,0.0,26.76,14.03,3.9,S3,0,,0,200.0,obs,674,26.76,14.03,4.0,S3,26.76,14.03,4.0,S3,26.76,14.03,3.9,S3,7.302,0,S3,site_s3,S3,S3,S3,168.5,0.0,0.0,358.6,1,1,1,,
1786349971.997,c1,reserve,,0.0,26.34,13.67,3.89,S3,0,,0,36.0,obs,336,26.34,13.67,3.65,S3,26.34,13.67,3.65,S3,26.34,13.67,3.89,S3,7.31,0,S3,site_s3,S3,S3,S3,84.0,0.0,0.0,23.4,1,1,1,,
1786349971.997,c1,search,,0.0,31.1,20.71,10.64,S3,0,,0,4474.0,obs,506,31.1,20.71,10.98,S3,31.1,20.71,10.98,S3,31.1,20.71,10.64,S3,7.31,0,S3,site_s3,S3,S3,S3,126.5,0.0,0.0,149.9,1,1,1,,
1786349971.997,c1,recommend,,0.0,26.76,14.03,3.79,S3,0,,0,200.0,obs,677,26.76,14.03,4.0,S3,26.76,14.03,4.0,S3,26.76,14.03,3.79,S3,7.31,0,S3,site_s3,S3,S3,S3,169.0,0.0,0.0,179.9,1,1,1,,
1786349971.997,c2,reserve,,0.0,26.34,13.67,3.89,S3,0,,0,36.0,obs,336,26.34,13.67,3.65,S3,26.34,13.67,3.65,S3,26.34,13.67,3.89,S3,7.31,0,S3,site_s3,S3,S3,S3,84.0,0.0,0.0,203.3,1,1,1,,
1786349971.997,c2,search,,0.0,31.1,20.71,10.64,S3,0,,0,4474.0,obs,506,31.1,20.71,10.98,S3,31.1,20.71,10.98,S3,31.1,20.71,10.64,S3,7.31,0,S3,site_s3,S3,S3,S3,126.5,0.0,0.0,329.8,1,1,1,,
1786349971.997,c2,recommend,,0.0,26.76,14.03,3.79,S3,0,,0,200.0,obs,677,26.76,14.03,4.0,S3,26.76,14.03,4.0,S3,26.76,14.03,3.79,S3,7.31,0,S3,site_s3,S3,S3,S3,169.5,0.0,0.0,360.0,1,1,1,,
1786349972.996,c1,reserve,,0.0,26.34,13.67,3.84,S3,0,,0,36.0,obs,336,26.34,13.67,3.65,S3,26.34,13.67,3.65,S3,26.34,13.67,3.84,S3,7.287,0,S3,site_s3,S3,S3,S3,84.0,0.0,0.0,23.4,1,1,1,,
1786349972.996,c1,search,,0.0,31.1,20.71,10.75,S3,0,,0,4474.0,obs,506,31.1,20.71,10.98,S3,31.1,20.71,10.98,S3,31.1,20.71,10.75,S3,7.287,0,S3,site_s3,S3,S3,S3,126.5,0.0,0.0,149.9,1,1,1,,
1786349972.996,c1,recommend,,0.0,26.76,14.03,3.75,S3,0,,0,200.0,obs,677,26.76,14.03,4.0,S3,26.76,14.03,4.0,S3,26.76,14.03,3.75,S3,7.287,0,S3,site_s3,S3,S3,S3,169.5,0.0,0.0,180.0,1,1,1,,
1786349972.996,c2,reserve,,0.0,26.34,13.67,3.84,S3,0,,0,36.0,obs,336,26.34,13.67,3.65,S3,26.34,13.67,3.65,S3,26.34,13.67,3.84,S3,7.287,0,S3,site_s3,S3,S3,S3,84.0,0.0,0.0,203.4,1,1,1,,
1786349972.996,c2,search,,0.0,31.1,20.71,10.75,S3,0,,0,4474.0,obs,506,31.1,20.71,10.98,S3,31.1,20.71,10.98,S3,31.1,20.71,10.75,S3,7.287,0,S3,site_s3,S3,S3,S3,126.5,0.0,0.0,329.9,1,1,1,,
1786349972.996,c2,recommend,,0.0,26.76,14.03,3.75,S3,0,,0,200.0,obs,677,26.76,14.03,4.0,S3,26.76,14.03,4.0,S3,26.76,14.03,3.75,S3,7.287,0,S3,site_s3,S3,S3,S3,169.0,0.0,0.0,360.0,1,1,1,,
1786349973.996,c1,reserve,,0.0,26.34,13.67,3.96,S3,0,,0,36.0,obs,337,26.34,13.67,3.65,S3,26.34,13.67,3.65,S3,26.34,13.67,3.96,S3,7.282,0,S3,site_s3,S3,S3,S3,84.5,0.0,0.0,23.5,1,1,1,,
1786349973.996,c1,search,,0.0,31.1,20.71,10.82,S3,0,,0,4474.0,obs,509,31.1,20.71,10.98,S3,31.1,20.71,10.98,S3,31.1,20.71,10.82,S3,7.282,0,S3,site_s3,S3,S3,S3,127.0,0.0,0.0,150.5,1,1,1,,
1786349973.996,c1,recommend,,0.0,26.76,14.03,3.77,S3,0,,0,200.0,obs,675,26.76,14.03,4.0,S3,26.76,14.03,4.0,S3,26.76,14.03,3.77,S3,7.282,0,S3,site_s3,S3,S3,S3,168.5,0.0,0.0,180.5,1,1,1,,
1786349973.996,c2,reserve,,0.0,26.34,13.67,3.96,S3,0,,0,36.0,obs,337,26.34,13.67,3.65,S3,26.34,13.67,3.65,S3,26.34,13.67,3.96,S3,7.282,0,S3,site_s3,S3,S3,S3,84.0,0.0,0.0,203.8,1,1,1,,
1786349973.996,c2,search,,0.0,31.1,20.71,10.82,S3,0,,0,4474.0,obs,509,31.1,20.71,10.98,S3,31.1,20.71,10.98,S3,31.1,20.71,10.82,S3,7.282,0,S3,site_s3,S3,S3,S3,127.5,0.0,0.0,331.3,1,1,1,,
1786349973.996,c2,recommend,,0.0,26.76,14.03,3.77,S3,0,,0,200.0,obs,675,26.76,14.03,4.0,S3,26.76,14.03,4.0,S3,26.76,14.03,3.77,S3,7.282,0,S3,site_s3,S3,S3,S3,169.0,0.0,0.0,361.4,1,1,1,,
1786349974.996,c1,reserve,,0.0,26.34,13.67,3.96,S3,0,,0,36.0,obs,341,26.34,13.67,3.65,S3,26.34,13.67,3.65,S3,26.34,13.67,3.96,S3,7.297,0,S3,site_s3,S3,S3,S3,85.0,0.0,0.0,23.6,1,1,1,,
1786349974.996,c1,search,,0.0,31.1,20.71,10.59,S3,0,,0,4474.0,obs,507,31.1,20.71,10.98,S3,31.1,20.71,10.98,S3,31.1,20.71,10.59,S3,7.297,0,S3,site_s3,S3,S3,S3,127.0,0.0,0.0,150.6,1,1,1,,
1786349974.996,c1,recommend,,0.0,26.76,14.03,3.79,S3,0,,0,200.0,obs,674,26.76,14.03,4.0,S3,26.76,14.03,4.0,S3,26.76,14.03,3.79,S3,7.297,0,S3,site_s3,S3,S3,S3,168.5,0.0,0.0,180.6,1,1,1,,
1786349974.996,c2,reserve,,0.0,26.34,13.67,3.96,S3,0,,0,36.0,obs,341,26.34,13.67,3.65,S3,26.34,13.67,3.65,S3,26.34,13.67,3.96,S3,7.297,0,S3,site_s3,S3,S3,S3,85.5,0.0,0.0,204.4,1,1,1,,
1786349974.996,c2,search,,0.0,31.1,20.71,10.59,S3,0,,0,4474.0,obs,507,31.1,20.71,10.98,S3,31.1,20.71,10.98,S3,31.1,20.71,10.59,S3,7.297,0,S3,site_s3,S3,S3,S3,126.5,0.0,0.0,330.9,1,1,1,,
1786349974.996,c2,recommend,,0.0,26.76,14.03,3.79,S3,0,,0,200.0,obs,674,26.76,14.03,4.0,S3,26.76,14.03,4.0,S3,26.76,14.03,3.79,S3,7.297,0,S3,site_s3,S3,S3,S3,168.5,0.0,0.0,360.9,1,1,1,,
1786349975.996,c1,reserve,,0.0,26.34,13.67,3.94,S3,0,,0,36.0,obs,340,26.34,13.67,3.65,S3,26.34,13.67,3.65,S3,26.34,13.67,3.94,S3,7.261,0,S3,site_s3,S3,S3,S3,85.0,0.0,0.0,23.6,1,1,1,,
1786349975.996,c1,search,,0.0,31.1,20.71,10.72,S3,0,,0,4474.0,obs,504,31.1,20.71,10.98,S3,31.1,20.71,10.98,S3,31.1,20.71,10.72,S3,7.261,0,S3,site_s3,S3,S3,S3,126.0,0.0,0.0,149.6,1,1,1,,
1786349975.996,c1,recommend,,0.0,26.76,14.03,3.79,S3,0,,0,200.0,obs,677,26.76,14.03,4.0,S3,26.76,14.03,4.0,S3,26.76,14.03,3.79,S3,7.261,0,S3,site_s3,S3,S3,S3,169.5,0.0,0.0,179.8,1,1,1,,
1786349975.996,c2,reserve,,0.0,26.34,13.67,3.94,S3,0,,0,36.0,obs,340,26.34,13.67,3.65,S3,26.34,13.67,3.65,S3,26.34,13.67,3.94,S3,7.261,0,S3,site_s3,S3,S3,S3,85.0,0.0,0.0,203.4,1,1,1,,
1786349975.996,c2,search,,0.0,31.1,20.71,10.72,S3,0,,0,4474.0,obs,504,31.1,20.71,10.98,S3,31.1,20.71,10.98,S3,31.1,20.71,10.72,S3,7.261,0,S3,site_s3,S3,S3,S3,126.0,0.0,0.0,329.4,1,1,1,,
1786349975.996,c2,recommend,,0.0,26.76,14.03,3.79,S3,0,,0,200.0,obs,677,26.76,14.03,4.0,S3,26.76,14.03,4.0,S3,26.76,14.03,3.79,S3,7.261,0,S3,site_s3,S3,S3,S3,169.0,0.0,0.0,359.5,1,1,1,,
1786349976.996,c1,reserve,,0.0,26.34,13.67,3.91,S3,0,,0,36.0,obs,337,26.34,13.67,3.65,S3,26.34,13.67,3.65,S3,26.34,13.67,3.91,S3,7.266,0,S3,site_s3,S3,S3,S3,84.0,0.0,0.0,23.4,1,1,1,,
1786349976.996,c1,search,,0.0,31.1,20.71,10.83,S3,0,,0,4474.0,obs,507,31.1,20.71,10.98,S3,31.1,20.71,10.98,S3,31.1,20.71,10.83,S3,7.266,0,S3,site_s3,S3,S3,S3,127.0,0.0,0.0,150.4,1,1,1,,
1786349976.996,c1,recommend,,0.0,26.76,14.03,3.76,S3,0,,0,200.0,obs,680,26.76,14.03,4.0,S3,26.76,14.03,4.0,S3,26.76,14.03,3.76,S3,7.266,0,S3,site_s3,S3,S3,S3,170.0,0.0,0.0,180.6,1,1,1,,
1786349976.996,c2,reserve,,0.0,26.34,13.67,3.91,S3,0,,0,36.0,obs,337,26.34,13.67,3.65,S3,26.34,13.67,3.65,S3,26.34,13.67,3.91,S3,7.266,0,S3,site_s3,S3,S3,S3,84.5,0.0,0.0,204.1,1,1,1,,
1786349976.996,c2,search,,0.0,31.1,20.71,10.83,S3,0,,0,4474.0,obs,507,31.1,20.71,10.98,S3,31.1,20.71,10.98,S3,31.1,20.71,10.83,S3,7.266,0,S3,site_s3,S3,S3,S3,126.5,0.0,0.0,330.6,1,1,1,,
1786349976.996,c2,recommend,,0.0,26.76,14.03,3.76,S3,0,,0,200.0,obs,680,26.76,14.03,4.0,S3,26.76,14.03,4.0,S3,26.76,14.03,3.76,S3,7.266,0,S3,site_s3,S3,S3,S3,170.0,0.0,0.0,360.9,1,1,1,,
1786349977.996,c1,reserve,,0.0,26.34,13.67,3.73,S3,0,,0,36.0,obs,336,26.34,13.67,3.65,S3,26.34,13.67,3.65,S3,26.34,13.67,3.73,S3,7.278,0,S3,site_s3,S3,S3,S3,84.0,0.0,0.0,23.4,1,1,1,,
1786349977.996,c1,search,,0.0,31.1,20.71,10.59,S3,0,,0,4474.0,obs,509,31.1,20.71,10.98,S3,31.1,20.71,10.98,S3,31.1,20.71,10.59,S3,7.278,0,S3,site_s3,S3,S3,S3,127.5,0.0,0.0,150.9,1,1,1,,
1786349977.996,c1,recommend,,0.0,26.76,14.03,3.74,S3,0,,0,200.0,obs,679,26.76,14.03,4.0,S3,26.76,14.03,4.0,S3,26.76,14.03,3.74,S3,7.278,0,S3,site_s3,S3,S3,S3,169.5,0.0,0.0,181.0,1,1,1,,
1786349977.996,c2,reserve,,0.0,26.34,13.67,3.73,S3,0,,0,36.0,obs,336,26.34,13.67,3.65,S3,26.34,13.67,3.65,S3,26.34,13.67,3.73,S3,7.278,0,S3,site_s3,S3,S3,S3,84.0,0.0,0.0,204.4,1,1,1,,
1786349977.996,c2,search,,0.0,31.1,20.71,10.59,S3,0,,0,4474.0,obs,509,31.1,20.71,10.98,S3,31.1,20.71,10.98,S3,31.1,20.71,10.59,S3,7.278,0,S3,site_s3,S3,S3,S3,127.0,0.0,0.0,331.4,1,1,1,,
1786349977.996,c2,recommend,,0.0,26.76,14.03,3.74,S3,0,,0,200.0,obs,679,26.76,14.03,4.0,S3,26.76,14.03,4.0,S3,26.76,14.03,3.74,S3,7.278,0,S3,site_s3,S3,S3,S3,170.0,0.0,0.0,361.6,1,1,1,,
1786349978.996,c1,reserve,,0.0,26.34,13.67,3.93,S3,0,,0,36.0,obs,340,26.34,13.67,3.65,S3,26.34,13.67,3.65,S3,26.34,13.67,3.93,S3,7.281,0,S3,site_s3,S3,S3,S3,85.0,0.0,0.0,23.6,1,1,1,,
1786349978.996,c1,search,,0.0,31.1,20.71,10.76,S3,0,,0,4474.0,obs,512,31.1,20.71,10.98,S3,31.1,20.71,10.98,S3,31.1,20.71,10.76,S3,7.281,0,S3,site_s3,S3,S3,S3,128.0,0.0,0.0,151.6,1,1,1,,
1786349978.996,c1,recommend,,0.0,26.76,14.03,3.69,S3,0,,0,200.0,obs,675,26.76,14.03,4.0,S3,26.76,14.03,4.0,S3,26.76,14.03,3.69,S3,7.281,0,S3,site_s3,S3,S3,S3,169.0,0.0,0.0,181.7,1,1,1,,
1786349978.996,c2,reserve,,0.0,26.34,13.67,3.93,S3,0,,0,36.0,obs,340,26.34,13.67,3.65,S3,26.34,13.67,3.65,S3,26.34,13.67,3.93,S3,7.281,0,S3,site_s3,S3,S3,S3,85.0,0.0,0.0,205.3,1,1,1,,
1786349978.996,c2,search,,0.0,31.1,20.71,10.76,S3,0,,0,4474.0,obs,512,31.1,20.71,10.98,S3,31.1,20.71,10.98,S3,31.1,20.71,10.76,S3,7.281,0,S3,site_s3,S3,S3,S3,128.0,0.0,0.0,333.3,1,1,1,,
1786349978.996,c2,recommend,,0.0,26.76,14.03,3.69,S3,0,,0,200.0,obs,675,26.76,14.03,4.0,S3,26.76,14.03,4.0,S3,26.76,14.03,3.69,S3,7.281,0,S3,site_s3,S3,S3,S3,168.5,0.0,0.0,363.3,1,1,1,,
1786349979.996,c1,reserve,,0.0,26.34,13.67,3.96,S3,0,,0,36.0,obs,343,26.34,13.67,3.65,S3,26.34,13.67,3.65,S3,26.34,13.67,3.96,S3,7.268,0,S3,site_s3,S3,S3,S3,86.0,0.0,0.0,23.9,1,1,1,,
1786349979.996,c1,search,,0.0,31.1,20.71,10.81,S3,0,,0,4474.0,obs,506,31.1,20.71,10.98,S3,31.1,20.71,10.98,S3,31.1,20.71,10.81,S3,7.268,0,S3,site_s3,S3,S3,S3,126.5,0.0,0.0,150.4,1,1,1,,
1786349979.996,c1,recommend,,0.0,26.76,14.03,3.78,S3,0,,0,200.0,obs,676,26.76,14.03,4.0,S3,26.76,14.03,4.0,S3,26.76,14.03,3.78,S3,7.268,0,S3,site_s3,S3,S3,S3,169.0,0.0,0.0,180.5,1,1,1,,
1786349979.996,c2,reserve,,0.0,26.34,13.67,3.96,S3,0,,0,36.0,obs,343,26.34,13.67,3.65,S3,26.34,13.67,3.65,S3,26.34,13.67,3.96,S3,7.268,0,S3,site_s3,S3,S3,S3,85.5,0.0,0.0,204.3,1,1,1,,
1786349979.996,c2,search,,0.0,31.1,20.71,10.81,S3,0,,0,4474.0,obs,506,31.1,20.71,10.98,S3,31.1,20.71,10.98,S3,31.1,20.71,10.81,S3,7.268,0,S3,site_s3,S3,S3,S3,126.5,0.0,0.0,330.8,1,1,1,,
1786349979.996,c2,recommend,,0.0,26.76,14.03,3.78,S3,0,,0,200.0,obs,676,26.76,14.03,4.0,S3,26.76,14.03,4.0,S3,26.76,14.03,3.78,S3,7.268,0,S3,site_s3,S3,S3,S3,169.0,0.0,0.0,360.8,1,1,1,,
1786349980.997,c1,reserve,,0.0,26.34,13.67,3.99,S3,0,,0,36.0,obs,339,26.34,13.67,3.65,S3,26.34,13.67,3.65,S3,26.34,13.67,3.99,S3,7.347,0,S3,site_s3,S3,S3,S3,84.5,0.0,0.0,23.5,1,1,1,,
1786349980.997,c1,search,,0.0,31.1,20.71,10.66,S3,0,,0,4474.0,obs,508,31.1,20.71,10.98,S3,31.1,20.71,10.98,S3,31.1,20.71,10.66,S3,7.347,0,S3,site_s3,S3,S3,S3,127.0,0.0,0.0,150.5,1,1,1,,
1786349980.997,c1,recommend,,0.0,26.76,14.03,3.78,S3,0,,0,200.0,obs,680,26.76,14.03,4.0,S3,26.76,14.03,4.0,S3,26.76,14.03,3.78,S3,7.347,0,S3,site_s3,S3,S3,S3,170.0,0.0,0.0,180.8,1,1,1,,
1786349980.997,c2,reserve,,0.0,26.34,13.67,3.99,S3,0,,0,36.0,obs,339,26.34,13.67,3.65,S3,26.34,13.67,3.65,S3,26.34,13.67,3.99,S3,7.347,0,S3,site_s3,S3,S3,S3,85.0,0.0,0.0,204.4,1,1,1,,
1786349980.997,c2,search,,0.0,31.1,20.71,10.66,S3,0,,0,4474.0,obs,508,31.1,20.71,10.98,S3,31.1,20.71,10.98,S3,31.1,20.71,10.66,S3,7.347,0,S3,site_s3,S3,S3,S3,127.0,0.0,0.0,331.4,1,1,1,,
1786349980.997,c2,recommend,,0.0,26.76,14.03,3.78,S3,0,,0,200.0,obs,680,26.76,14.03,4.0,S3,26.76,14.03,4.0,S3,26.76,14.03,3.78,S3,7.347,0,S3,site_s3,S3,S3,S3,170.0,0.0,0.0,361.6,1,1,1,,
1786349981.996,c1,reserve,,0.0,26.34,13.67,4.06,S3,0,,0,36.0,obs,338,26.34,13.67,3.65,S3,26.34,13.67,3.65,S3,26.34,13.67,4.06,S3,7.273,0,S3,site_s3,S3,S3,S3,84.5,0.0,0.0,23.5,1,1,1,,
1786349981.996,c1,search,,0.0,31.1,20.71,10.85,S3,0,,0,4474.0,obs,508,31.1,20.71,10.98,S3,31.1,20.71,10.98,S3,31.1,20.71,10.85,S3,7.273,0,S3,site_s3,S3,S3,S3,127.0,0.0,0.0,150.5,1,1,1,,
1786349981.996,c1,recommend,,0.0,26.76,14.03,3.87,S3,0,,0,200.0,obs,681,26.76,14.03,4.0,S3,26.76,14.03,4.0,S3,26.76,14.03,3.87,S3,7.273,0,S3,site_s3,S3,S3,S3,170.5,0.0,0.0,180.8,1,1,1,,
1786349981.996,c2,reserve,,0.0,26.34,13.67,4.06,S3,0,,0,36.0,obs,338,26.34,13.67,3.65,S3,26.34,13.67,3.65,S3,26.34,13.67,4.06,S3,7.273,0,S3,site_s3,S3,S3,S3,84.5,0.0,0.0,204.3,1,1,1,,
1786349981.996,c2,search,,0.0,31.1,20.71,10.85,S3,0,,0,4474.0,obs,508,31.1,20.71,10.98,S3,31.1,20.71,10.98,S3,31.1,20.71,10.85,S3,7.273,0,S3,site_s3,S3,S3,S3,127.0,0.0,0.0,331.3,1,1,1,,
1786349981.996,c2,recommend,,0.0,26.76,14.03,3.87,S3,0,,0,200.0,obs,681,26.76,14.03,4.0,S3,26.76,14.03,4.0,S3,26.76,14.03,3.87,S3,7.273,0,S3,site_s3,S3,S3,S3,170.0,0.0,0.0,361.6,1,1,1,,
1786349982.997,c1,reserve,,0.0,26.34,13.67,4.07,S3,0,,0,36.0,obs,337,26.34,13.67,3.65,S3,26.34,13.67,3.65,S3,26.34,13.67,4.07,S3,7.296,0,S3,site_s3,S3,S3,S3,84.0,0.0,0.0,23.4,1,1,1,,
1786349982.997,c1,search,,0.0,31.1,20.71,10.89,S3,0,,0,4474.0,obs,511,31.1,20.71,10.98,S3,31.1,20.71,10.98,S3,31.1,20.71,10.89,S3,7.296,0,S3,site_s3,S3,S3,S3,128.0,0.0,0.0,151.4,1,1,1,,
1786349982.997,c1,recommend,,0.0,26.76,14.03,3.86,S3,0,,0,200.0,obs,680,26.76,14.03,4.0,S3,26.76,14.03,4.0,S3,26.76,14.03,3.86,S3,7.296,0,S3,site_s3,S3,S3,S3,170.0,0.0,0.0,181.6,1,1,1,,
1786349982.997,c2,reserve,,0.0,26.34,13.67,4.07,S3,0,,0,36.0,obs,337,26.34,13.67,3.65,S3,26.34,13.67,3.65,S3,26.34,13.67,4.07,S3,7.296,0,S3,site_s3,S3,S3,S3,84.5,0.0,0.0,205.1,1,1,1,,
1786349982.997,c2,search,,0.0,31.1,20.71,10.89,S3,0,,0,4474.0,obs,511,31.1,20.71,10.98,S3,31.1,20.71,10.98,S3,31.1,20.71,10.89,S3,7.296,0,S3,site_s3,S3,S3,S3,127.5,0.0,0.0,332.6,1,1,1,,
1786349982.997,c2,recommend,,0.0,26.76,14.03,3.86,S3,0,,0,200.0,obs,680,26.76,14.03,4.0,S3,26.76,14.03,4.0,S3,26.76,14.03,3.86,S3,7.296,0,S3,site_s3,S3,S3,S3,170.0,0.0,0.0,362.9,1,1,1,,
1786349983.997,c1,reserve,,0.0,26.34,13.67,4.04,S3,0,,0,36.0,obs,342,26.34,13.67,3.65,S3,26.34,13.67,3.65,S3,26.34,13.67,4.04,S3,7.296,0,S3,site_s3,S3,S3,S3,85.5,0.0,0.0,23.8,1,1,1,,
1786349983.997,c1,search,,0.0,31.1,20.71,10.82,S3,0,,0,4474.0,obs,510,31.1,20.71,10.98,S3,31.1,20.71,10.98,S3,31.1,20.71,10.82,S3,7.296,0,S3,site_s3,S3,S3,S3,127.5,0.0,0.0,151.3,1,1,1,,
1786349983.997,c1,recommend,,0.0,26.76,14.03,3.84,S3,0,,0,200.0,obs,676,26.76,14.03,4.0,S3,26.76,14.03,4.0,S3,26.76,14.03,3.84,S3,7.296,0,S3,site_s3,S3,S3,S3,169.0,0.0,0.0,181.4,1,1,1,,
1786349983.997,c2,reserve,,0.0,26.34,13.67,4.04,S3,0,,0,36.0,obs,342,26.34,13.67,3.65,S3,26.34,13.67,3.65,S3,26.34,13.67,4.04,S3,7.296,0,S3,site_s3,S3,S3,S3,85.5,0.0,0.0,205.1,1,1,1,,
1786349983.997,c2,search,,0.0,31.1,20.71,10.82,S3,0,,0,4474.0,obs,510,31.1,20.71,10.98,S3,31.1,20.71,10.98,S3,31.1,20.71,10.82,S3,7.296,0,S3,site_s3,S3,S3,S3,127.5,0.0,0.0,332.6,1,1,1,,
1786349983.997,c2,recommend,,0.0,26.76,14.03,3.84,S3,0,,0,200.0,obs,676,26.76,14.03,4.0,S3,26.76,14.03,4.0,S3,26.76,14.03,3.84,S3,7.296,0,S3,site_s3,S3,S3,S3,169.0,0.0,0.0,362.7,1,1,1,,
1786349984.997,c1,reserve,,0.0,26.34,13.67,3.96,S3,0,,0,36.0,obs,343,26.34,13.67,3.65,S3,26.34,13.67,3.65,S3,26.34,13.67,3.96,S3,7.375,0,S3,site_s3,S3,S3,S3,85.5,0.0,0.0,23.8,1,1,1,,
1786349984.997,c1,search,,0.0,31.1,20.71,10.84,S3,0,,0,4474.0,obs,508,31.1,20.71,10.98,S3,31.1,20.71,10.98,S3,31.1,20.71,10.84,S3,7.375,0,S3,site_s3,S3,S3,S3,127.0,0.0,0.0,150.8,1,1,1,,
1786349984.997,c1,recommend,,0.0,26.76,14.03,3.88,S3,0,,0,200.0,obs,680,26.76,14.03,4.0,S3,26.76,14.03,4.0,S3,26.76,14.03,3.88,S3,7.375,0,S3,site_s3,S3,S3,S3,170.0,0.0,0.0,181.0,1,1,1,,
1786349984.997,c2,reserve,,0.0,26.34,13.67,3.96,S3,0,,0,36.0,obs,343,26.34,13.67,3.65,S3,26.34,13.67,3.65,S3,26.34,13.67,3.96,S3,7.375,0,S3,site_s3,S3,S3,S3,86.0,0.0,0.0,204.9,1,1,1,,
1786349984.997,c2,search,,0.0,31.1,20.71,10.84,S3,0,,0,4474.0,obs,508,31.1,20.71,10.98,S3,31.1,20.71,10.98,S3,31.1,20.71,10.84,S3,7.375,0,S3,site_s3,S3,S3,S3,127.0,0.0,0.0,331.9,1,1,1,,
1786349984.997,c2,recommend,,0.0,26.76,14.03,3.88,S3,0,,0,200.0,obs,680,26.76,14.03,4.0,S3,26.76,14.03,4.0,S3,26.76,14.03,3.88,S3,7.375,0,S3,site_s3,S3,S3,S3,170.0,0.0,0.0,362.2,1,1,1,,
1786349985.997,c1,reserve,,0.0,26.34,13.67,4.0,S3,0,,0,36.0,obs,338,26.34,13.67,3.65,S3,26.34,13.67,3.65,S3,26.34,13.67,4.0,S3,7.321,0,S3,site_s3,S3,S3,S3,84.5,0.0,0.0,23.5,1,1,1,,
1786349985.997,c1,search,,0.0,31.1,20.71,10.74,S3,0,,0,4474.0,obs,510,31.1,20.71,10.98,S3,31.1,20.71,10.98,S3,31.1,20.71,10.74,S3,7.321,0,S3,site_s3,S3,S3,S3,127.5,0.0,0.0,151.0,1,1,1,,
1786349985.997,c1,recommend,,0.0,26.76,14.03,3.86,S3,0,,0,200.0,obs,683,26.76,14.03,4.0,S3,26.76,14.03,4.0,S3,26.76,14.03,3.86,S3,7.321,0,S3,site_s3,S3,S3,S3,171.0,0.0,0.0,181.4,1,1,1,,
1786349985.997,c2,reserve,,0.0,26.34,13.67,4.0,S3,0,,0,36.0,obs,338,26.34,13.67,3.65,S3,26.34,13.67,3.65,S3,26.34,13.67,4.0,S3,7.321,0,S3,site_s3,S3,S3,S3,84.5,0.0,0.0,204.9,1,1,1,,
1786349985.997,c2,search,,0.0,31.1,20.71,10.74,S3,0,,0,4474.0,obs,510,31.1,20.71,10.98,S3,31.1,20.71,10.98,S3,31.1,20.71,10.74,S3,7.321,0,S3,site_s3,S3,S3,S3,127.5,0.0,0.0,332.4,1,1,1,,
1786349985.997,c2,recommend,,0.0,26.76,14.03,3.86,S3,0,,0,200.0,obs,683,26.76,14.03,4.0,S3,26.76,14.03,4.0,S3,26.76,14.03,3.86,S3,7.321,0,S3,site_s3,S3,S3,S3,170.5,0.0,0.0,362.8,1,1,1,,
1786349986.996,c1,reserve,,0.0,26.34,13.67,3.83,S3,0,,0,36.0,obs,338,26.34,13.67,3.65,S3,26.34,13.67,3.65,S3,26.34,13.67,3.83,S3,7.286,0,S3,site_s3,S3,S3,S3,84.5,0.0,0.0,23.5,1,1,1,,
1786349986.996,c1,search,,0.0,31.1,20.71,10.73,S3,0,,0,4474.0,obs,511,31.1,20.71,10.98,S3,31.1,20.71,10.98,S3,31.1,20.71,10.73,S3,7.286,0,S3,site_s3,S3,S3,S3,128.0,0.0,0.0,151.5,1,1,1,,
1786349986.996,c1,recommend,,0.0,26.76,14.03,3.86,S3,0,,0,200.0,obs,684,26.76,14.03,4.0,S3,26.76,14.03,4.0,S3,26.76,14.03,3.86,S3,7.286,0,S3,site_s3,S3,S3,S3,171.0,0.0,0.0,181.9,1,1,1,,
1786349986.996,c2,reserve,,0.0,26.34,13.67,3.83,S3,0,,0,36.0,obs,338,26.34,13.67,3.65,S3,26.34,13.67,3.65,S3,26.34,13.67,3.83,S3,7.286,0,S3,site_s3,S3,S3,S3,84.5,0.0,0.0,205.4,1,1,1,,
1786349986.996,c2,search,,0.0,31.1,20.71,10.73,S3,0,,0,4474.0,obs,511,31.1,20.71,10.98,S3,31.1,20.71,10.98,S3,31.1,20.71,10.73,S3,7.286,0,S3,site_s3,S3,S3,S3,127.5,0.0,0.0,332.9,1,1,1,,
1786349986.996,c2,recommend,,0.0,26.76,14.03,3.86,S3,0,,0,200.0,obs,684,26.76,14.03,4.0,S3,26.76,14.03,4.0,S3,26.76,14.03,3.86,S3,7.286,0,S3,site_s3,S3,S3,S3,171.0,0.0,0.0,363.4,1,1,1,,
1786349987.997,c1,reserve,,0.0,26.34,13.67,3.83,S3,0,,0,36.0,obs,341,26.34,13.67,3.65,S3,26.34,13.67,3.65,S3,26.34,13.67,3.83,S3,7.274,0,S3,site_s3,S3,S3,S3,85.5,0.0,0.0,23.8,1,1,1,,
1786349987.997,c1,search,,0.0,31.1,20.71,10.61,S3,0,,0,4474.0,obs,512,31.1,20.71,10.98,S3,31.1,20.71,10.98,S3,31.1,20.71,10.61,S3,7.274,0,S3,site_s3,S3,S3,S3,128.0,0.0,0.0,151.8,1,1,1,,
1786349987.997,c1,recommend,,0.0,26.76,14.03,3.81,S3,0,,0,200.0,obs,678,26.76,14.03,4.0,S3,26.76,14.03,4.0,S3,26.76,14.03,3.81,S3,7.274,0,S3,site_s3,S3,S3,S3,169.5,0.0,0.0,181.9,1,1,1,,
1786349987.997,c2,reserve,,0.0,26.34,13.67,3.83,S3,0,,0,36.0,obs,341,26.34,13.67,3.65,S3,26.34,13.67,3.65,S3,26.34,13.67,3.83,S3,7.274,0,S3,site_s3,S3,S3,S3,85.0,0.0,0.0,205.6,1,1,1,,
1786349987.997,c2,search,,0.0,31.1,20.71,10.61,S3,0,,0,4474.0,obs,512,31.1,20.71,10.98,S3,31.1,20.71,10.98,S3,31.1,20.71,10.61,S3,7.274,0,S3,site_s3,S3,S3,S3,128.0,0.0,0.0,333.6,1,1,1,,
1786349987.997,c2,recommend,,0.0,26.76,14.03,3.81,S3,0,,0,200.0,obs,678,26.76,14.03,4.0,S3,26.76,14.03,4.0,S3,26.76,14.03,3.81,S3,7.274,0,S3,site_s3,S3,S3,S3,169.5,0.0,0.0,363.7,1,1,1,,
1786349988.997,c1,reserve,,0.0,26.34,13.67,3.91,S3,0,,0,36.0,obs,345,26.34,13.67,3.65,S3,26.34,13.67,3.65,S3,26.34,13.67,3.91,S3,7.378,0,S3,site_s3,S3,S3,S3,86.0,0.0,0.0,23.9,1,1,1,,
1786349988.997,c1,search,,0.0,31.1,20.71,10.77,S3,0,,0,4474.0,obs,510,31.1,20.71,10.98,S3,31.1,20.71,10.98,S3,31.1,20.71,10.77,S3,7.378,0,S3,site_s3,S3,S3,S3,127.5,0.0,0.0,151.4,1,1,1,,
1786349988.997,c1,recommend,,0.0,26.76,14.03,3.82,S3,0,,0,200.0,obs,680,26.76,14.03,4.0,S3,26.76,14.03,4.0,S3,26.76,14.03,3.82,S3,7.378,0,S3,site_s3,S3,S3,S3,170.0,0.0,0.0,181.7,1,1,1,,
1786349988.997,c2,reserve,,0.0,26.34,13.67,3.91,S3,0,,0,36.0,obs,345,26.34,13.67,3.65,S3,26.34,13.67,3.65,S3,26.34,13.67,3.91,S3,7.378,0,S3,site_s3,S3,S3,S3,86.5,0.0,0.0,205.7,1,1,1,,
1786349988.997,c2,search,,0.0,31.1,20.71,10.77,S3,0,,0,4474.0,obs,510,31.1,20.71,10.98,S3,31.1,20.71,10.98,S3,31.1,20.71,10.77,S3,7.378,0,S3,site_s3,S3,S3,S3,127.5,0.0,0.0,333.2,1,1,1,,
1786349988.997,c2,recommend,,0.0,26.76,14.03,3.82,S3,0,,0,200.0,obs,680,26.76,14.03,4.0,S3,26.76,14.03,4.0,S3,26.76,14.03,3.82,S3,7.378,0,S3,site_s3,S3,S3,S3,170.0,0.0,0.0,363.5,1,1,1,,
1786349989.997,c1,reserve,,0.0,26.34,13.67,3.99,S3,0,,0,36.0,obs,342,26.34,13.67,3.65,S3,26.34,13.67,3.65,S3,26.34,13.67,3.99,S3,7.314,0,S3,site_s3,S3,S3,S3,85.5,0.0,0.0,23.8,1,1,1,,
1786349989.997,c1,search,,0.0,31.1,20.71,10.75,S3,0,,0,4474.0,obs,508,31.1,20.71,10.98,S3,31.1,20.71,10.98,S3,31.1,20.71,10.75,S3,7.314,0,S3,site_s3,S3,S3,S3,127.0,0.0,0.0,150.8,1,1,1,,
1786349989.997,c1,recommend,,0.0,26.76,14.03,3.85,S3,0,,0,200.0,obs,684,26.76,14.03,4.0,S3,26.76,14.03,4.0,S3,26.76,14.03,3.85,S3,7.314,0,S3,site_s3,S3,S3,S3,171.0,0.0,0.0,181.2,1,1,1,,
1786349989.997,c2,reserve,,0.0,26.34,13.67,3.99,S3,0,,0,36.0,obs,342,26.34,13.67,3.65,S3,26.34,13.67,3.65,S3,26.34,13.67,3.99,S3,7.314,0,S3,site_s3,S3,S3,S3,85.5,0.0,0.0,205.0,1,1,1,,
1786349989.997,c2,search,,0.0,31.1,20.71,10.75,S3,0,,0,4474.0,obs,508,31.1,20.71,10.98,S3,31.1,20.71,10.98,S3,31.1,20.71,10.75,S3,7.314,0,S3,site_s3,S3,S3,S3,127.0,0.0,0.0,332.0,1,1,1,,
1786349989.997,c2,recommend,,0.0,26.76,14.03,3.85,S3,0,,0,200.0,obs,684,26.76,14.03,4.0,S3,26.76,14.03,4.0,S3,26.76,14.03,3.85,S3,7.314,0,S3,site_s3,S3,S3,S3,171.0,0.0,0.0,362.4,1,1,1,,
1786349990.997,c1,reserve,,0.0,26.34,13.67,3.82,S3,0,,0,36.0,obs,339,26.34,13.67,3.65,S3,26.34,13.67,3.65,S3,26.34,13.67,3.82,S3,7.342,0,S3,site_s3,S3,S3,S3,84.5,0.0,0.0,23.5,1,1,1,,
1786349990.997,c1,search,,0.0,31.1,20.71,10.7,S3,0,,0,4474.0,obs,511,31.1,20.71,10.98,S3,31.1,20.71,10.98,S3,31.1,20.71,10.7,S3,7.342,0,S3,site_s3,S3,S3,S3,128.0,0.0,0.0,151.5,1,1,1,,
1786349990.997,c1,recommend,,0.0,26.76,14.03,3.83,S3,0,,0,200.0,obs,686,26.76,14.03,4.0,S3,26.76,14.03,4.0,S3,26.76,14.03,3.83,S3,7.342,0,S3,site_s3,S3,S3,S3,171.5,0.0,0.0,182.0,1,1,1,,
1786349990.997,c2,reserve,,0.0,26.34,13.67,3.82,S3,0,,0,36.0,obs,339,26.34,13.67,3.65,S3,26.34,13.67,3.65,S3,26.34,13.67,3.82,S3,7.342,0,S3,site_s3,S3,S3,S3,85.0,0.0,0.0,205.6,1,1,1,,
1786349990.997,c2,search,,0.0,31.1,20.71,10.7,S3,0,,0,4474.0,obs,511,31.1,20.71,10.98,S3,31.1,20.71,10.98,S3,31.1,20.71,10.7,S3,7.342,0,S3,site_s3,S3,S3,S3,127.5,0.0,0.0,333.1,1,1,1,,
1786349990.997,c2,recommend,,0.0,26.76,14.03,3.83,S3,0,,0,200.0,obs,686,26.76,14.03,4.0,S3,26.76,14.03,4.0,S3,26.76,14.03,3.83,S3,7.342,0,S3,site_s3,S3,S3,S3,171.5,0.0,0.0,363.7,1,1,1,,
1786349991.997,c1,reserve,,0.0,26.34,13.67,3.85,S3,0,,0,36.0,obs,338,26.34,13.67,3.65,S3,26.34,13.67,3.65,S3,26.34,13.67,3.85,S3,7.284,0,S3,site_s3,S3,S3,S3,84.5,0.0,0.0,23.5,1,1,1,,
1786349991.997,c1,search,,0.0,31.1,20.71,10.7,S3,0,,0,4474.0,obs,514,31.1,20.71,10.98,S3,31.1,20.71,10.98,S3,31.1,20.71,10.7,S3,7.284,0,S3,site_s3,S3,S3,S3,128.5,0.0,0.0,152.0,1,1,1,,
1786349991.997,c1,recommend,,0.0,26.76,14.03,3.81,S3,0,,0,200.0,obs,683,26.76,14.03,4.0,S3,26.76,14.03,4.0,S3,26.76,14.03,3.81,S3,7.284,0,S3,site_s3,S3,S3,S3,170.5,0.0,0.0,182.3,1,1,1,,
1786349991.997,c2,reserve,,0.0,26.34,13.67,3.85,S3,0,,0,36.0,obs,338,26.34,13.67,3.65,S3,26.34,13.67,3.65,S3,26.34,13.67,3.85,S3,7.284,0,S3,site_s3,S3,S3,S3,84.5,0.0,0.0,205.8,1,1,1,,
1786349991.997,c2,search,,0.0,31.1,20.71,10.7,S3,0,,0,4474.0,obs,514,31.1,20.71,10.98,S3,31.1,20.71,10.98,S3,31.1,20.71,10.7,S3,7.284,0,S3,site_s3,S3,S3,S3,128.5,0.0,0.0,334.3,1,1,1,,
1786349991.997,c2,recommend,,0.0,26.76,14.03,3.81,S3,0,,0,200.0,obs,683,26.76,14.03,4.0,S3,26.76,14.03,4.0,S3,26.76,14.03,3.81,S3,7.284,0,S3,site_s3,S3,S3,S3,171.0,0.0,0.0,364.8,1,1,1,,
1786349992.997,c1,reserve,,0.0,26.34,13.67,4.02,S3,0,,0,36.0,obs,344,26.34,13.67,3.65,S3,26.34,13.67,3.65,S3,26.34,13.67,4.02,S3,7.306,0,S3,site_s3,S3,S3,S3,86.0,0.0,0.0,23.9,1,1,1,,
1786349992.997,c1,search,,0.0,31.1,20.71,10.63,S3,0,,0,4474.0,obs,514,31.1,20.71,10.98,S3,31.1,20.71,10.98,S3,31.1,20.71,10.63,S3,7.306,0,S3,site_s3,S3,S3,S3,128.5,0.0,0.0,152.4,1,1,1,,
1786349992.997,c1,recommend,,0.0,26.76,14.03,3.84,S3,0,,0,200.0,obs,679,26.76,14.03,4.0,S3,26.76,14.03,4.0,S3,26.76,14.03,3.84,S3,7.306,0,S3,site_s3,S3,S3,S3,170.0,0.0,0.0,182.7,1,1,1,,
1786349992.997,c2,reserve,,0.0,26.34,13.67,4.02,S3,0,,0,36.0,obs,344,26.34,13.67,3.65,S3,26.34,13.67,3.65,S3,26.34,13.67,4.02,S3,7.306,0,S3,site_s3,S3,S3,S3,86.0,0.0,0.0,206.6,1,1,1,,
1786349992.997,c2,search,,0.0,31.1,20.71,10.63,S3,0,,0,4474.0,obs,514,31.1,20.71,10.98,S3,31.1,20.71,10.98,S3,31.1,20.71,10.63,S3,7.306,0,S3,site_s3,S3,S3,S3,128.5,0.0,0.0,335.1,1,1,1,,
1786349992.997,c2,recommend,,0.0,26.76,14.03,3.84,S3,0,,0,200.0,obs,679,26.76,14.03,4.0,S3,26.76,14.03,4.0,S3,26.76,14.03,3.84,S3,7.306,0,S3,site_s3,S3,S3,S3,169.5,0.0,0.0,365.2,1,1,1,,
1786349993.997,c1,reserve,,0.0,26.34,13.67,3.95,S3,0,,0,36.0,obs,346,26.34,13.67,3.65,S3,26.34,13.67,3.65,S3,26.34,13.67,3.95,S3,7.318,0,S3,site_s3,S3,S3,S3,86.5,0.0,0.0,24.0,1,1,1,,
1786349993.997,c1,search,,0.0,31.1,20.71,10.68,S3,0,,0,4474.0,obs,510,31.1,20.71,10.98,S3,31.1,20.71,10.98,S3,31.1,20.71,10.68,S3,7.318,0,S3,site_s3,S3,S3,S3,127.5,0.0,0.0,151.5,1,1,1,,
1786349993.997,c1,recommend,,0.0,26.76,14.03,3.87,S3,0,,0,200.0,obs,682,26.76,14.03,4.0,S3,26.76,14.03,4.0,S3,26.76,14.03,3.87,S3,7.318,0,S3,site_s3,S3,S3,S3,170.5,0.0,0.0,181.9,1,1,1,,
1786349993.997,c2,reserve,,0.0,26.34,13.67,3.95,S3,0,,0,36.0,obs,346,26.34,13.67,3.65,S3,26.34,13.67,3.65,S3,26.34,13.67,3.95,S3,7.318,0,S3,site_s3,S3,S3,S3,86.5,0.0,0.0,205.9,1,1,1,,
1786349993.997,c2,search,,0.0,31.1,20.71,10.68,S3,0,,0,4474.0,obs,510,31.1,20.71,10.98,S3,31.1,20.71,10.98,S3,31.1,20.71,10.68,S3,7.318,0,S3,site_s3,S3,S3,S3,127.5,0.0,0.0,333.4,1,1,1,,
1786349993.997,c2,recommend,,0.0,26.76,14.03,3.87,S3,0,,0,200.0,obs,682,26.76,14.03,4.0,S3,26.76,14.03,4.0,S3,26.76,14.03,3.87,S3,7.318,0,S3,site_s3,S3,S3,S3,170.5,0.0,0.0,363.8,1,1,1,,
1786349994.996,c1,reserve,,0.0,26.34,13.67,3.94,S3,0,,0,36.0,obs,340,26.34,13.67,3.65,S3,26.34,13.67,3.65,S3,26.34,13.67,3.94,S3,7.301,0,S3,site_s3,S3,S3,S3,85.0,0.0,0.0,23.6,1,1,1,,
1786349994.996,c1,search,,0.0,31.1,20.71,10.74,S3,0,,0,4474.0,obs,513,31.1,20.71,10.98,S3,31.1,20.71,10.98,S3,31.1,20.71,10.74,S3,7.301,0,S3,site_s3,S3,S3,S3,128.5,0.0,0.0,152.1,1,1,1,,
1786349994.996,c1,recommend,,0.0,26.76,14.03,3.83,S3,0,,0,200.0,obs,688,26.76,14.03,4.0,S3,26.76,14.03,4.0,S3,26.76,14.03,3.83,S3,7.301,0,S3,site_s3,S3,S3,S3,172.0,0.0,0.0,182.7,1,1,1,,
1786349994.996,c2,reserve,,0.0,26.34,13.67,3.94,S3,0,,0,36.0,obs,340,26.34,13.67,3.65,S3,26.34,13.67,3.65,S3,26.34,13.67,3.94,S3,7.301,0,S3,site_s3,S3,S3,S3,85.0,0.0,0.0,206.4,1,1,1,,
1786349994.996,c2,search,,0.0,31.1,20.71,10.74,S3,0,,0,4474.0,obs,513,31.1,20.71,10.98,S3,31.1,20.71,10.98,S3,31.1,20.71,10.74,S3,7.301,0,S3,site_s3,S3,S3,S3,128.0,0.0,0.0,334.4,1,1,1,,
1786349994.996,c2,recommend,,0.0,26.76,14.03,3.83,S3,0,,0,200.0,obs,688,26.76,14.03,4.0,S3,26.76,14.03,4.0,S3,26.76,14.03,3.83,S3,7.301,0,S3,site_s3,S3,S3,S3,172.0,0.0,0.0,365.0,1,1,1,,
1786349995.996,c1,reserve,,0.0,26.34,13.67,4.0,S3,0,,0,36.0,obs,340,26.34,13.67,3.65,S3,26.34,13.67,3.65,S3,26.34,13.67,4.0,S3,7.295,0,S3,site_s3,S3,S3,S3,85.0,0.0,0.0,23.6,1,1,1,,
1786349995.996,c1,search,,0.0,31.1,20.71,10.8,S3,0,,0,4474.0,obs,513,31.1,20.71,10.98,S3,31.1,20.71,10.98,S3,31.1,20.71,10.8,S3,7.295,0,S3,site_s3,S3,S3,S3,128.5,0.0,0.0,152.1,1,1,1,,
1786349995.996,c1,recommend,,0.0,26.76,14.03,3.82,S3,0,,0,200.0,obs,688,26.76,14.03,4.0,S3,26.76,14.03,4.0,S3,26.76,14.03,3.82,S3,7.295,0,S3,site_s3,S3,S3,S3,172.0,0.0,0.0,182.7,1,1,1,,
1786349995.996,c2,reserve,,0.0,26.34,13.67,4.0,S3,0,,0,36.0,obs,340,26.34,13.67,3.65,S3,26.34,13.67,3.65,S3,26.34,13.67,4.0,S3,7.295,0,S3,site_s3,S3,S3,S3,85.0,0.0,0.0,206.4,1,1,1,,
1786349995.996,c2,search,,0.0,31.1,20.71,10.8,S3,0,,0,4474.0,obs,513,31.1,20.71,10.98,S3,31.1,20.71,10.98,S3,31.1,20.71,10.8,S3,7.295,0,S3,site_s3,S3,S3,S3,128.0,0.0,0.0,334.4,1,1,1,,
1786349995.996,c2,recommend,,0.0,26.76,14.03,3.82,S3,0,,0,200.0,obs,688,26.76,14.03,4.0,S3,26.76,14.03,4.0,S3,26.76,14.03,3.82,S3,7.295,0,S3,site_s3,S3,S3,S3,172.0,0.0,0.0,365.0,1,1,1,,
1786349996.997,c1,reserve,,0.0,26.34,13.67,4.05,S3,0,,0,36.0,obs,341,26.34,13.67,3.65,S3,26.34,13.67,3.65,S3,26.34,13.67,4.05,S3,7.279,0,S3,site_s3,S3,S3,S3,85.5,0.0,0.0,23.8,1,1,1,,
1786349996.997,c1,search,,0.0,31.1,20.71,10.73,S3,0,,0,4474.0,obs,516,31.1,20.71,10.98,S3,31.1,20.71,10.98,S3,31.1,20.71,10.73,S3,7.279,0,S3,site_s3,S3,S3,S3,129.0,0.0,0.0,152.8,1,1,1,,
1786349996.997,c1,recommend,,0.0,26.76,14.03,3.82,S3,0,,0,200.0,obs,683,26.76,14.03,4.0,S3,26.76,14.03,4.0,S3,26.76,14.03,3.82,S3,7.279,0,S3,site_s3,S3,S3,S3,170.5,0.0,0.0,183.1,1,1,1,,
1786349996.997,c2,reserve,,0.0,26.34,13.67,4.05,S3,0,,0,36.0,obs,341,26.34,13.67,3.65,S3,26.34,13.67,3.65,S3,26.34,13.67,4.05,S3,7.279,0,S3,site_s3,S3,S3,S3,85.0,0.0,0.0,206.7,1,1,1,,
1786349996.997,c2,search,,0.0,31.1,20.71,10.73,S3,0,,0,4474.0,obs,516,31.1,20.71,10.98,S3,31.1,20.71,10.98,S3,31.1,20.71,10.73,S3,7.279,0,S3,site_s3,S3,S3,S3,129.0,0.0,0.0,335.7,1,1,1,,
1786349996.997,c2,recommend,,0.0,26.76,14.03,3.82,S3,0,,0,200.0,obs,683,26.76,14.03,4.0,S3,26.76,14.03,4.0,S3,26.76,14.03,3.82,S3,7.279,0,S3,site_s3,S3,S3,S3,171.0,0.0,0.0,366.2,1,1,1,,
1786349997.996,c1,reserve,,0.0,26.34,13.67,3.95,S3,0,,0,36.0,obs,347,26.34,13.67,3.65,S3,26.34,13.67,3.65,S3,26.34,13.67,3.95,S3,7.272,0,S3,site_s3,S3,S3,S3,87.0,0.0,0.0,24.2,1,1,1,,
1786349997.996,c1,search,,0.0,31.1,20.71,10.7,S3,0,,0,4474.0,obs,512,31.1,20.71,10.98,S3,31.1,20.71,10.98,S3,31.1,20.71,10.7,S3,7.272,0,S3,site_s3,S3,S3,S3,128.0,0.0,0.0,152.2,1,1,1,,
1786349997.996,c1,recommend,,0.0,26.76,14.03,3.82,S3,0,,0,200.0,obs,682,26.76,14.03,4.0,S3,26.76,14.03,4.0,S3,26.76,14.03,3.82,S3,7.272,0,S3,site_s3,S3,S3,S3,170.5,0.0,0.0,182.5,1,1,1,,
1786349997.996,c2,reserve,,0.0,26.34,13.67,3.95,S3,0,,0,36.0,obs,347,26.34,13.67,3.65,S3,26.34,13.67,3.65,S3,26.34,13.67,3.95,S3,7.272,0,S3,site_s3,S3,S3,S3,86.5,0.0,0.0,206.6,1,1,1,,
1786349997.996,c2,search,,0.0,31.1,20.71,10.7,S3,0,,0,4474.0,obs,512,31.1,20.71,10.98,S3,31.1,20.71,10.98,S3,31.1,20.71,10.7,S3,7.272,0,S3,site_s3,S3,S3,S3,128.0,0.0,0.0,334.6,1,1,1,,
1786349997.996,c2,recommend,,0.0,26.76,14.03,3.82,S3,0,,0,200.0,obs,682,26.76,14.03,4.0,S3,26.76,14.03,4.0,S3,26.76,14.03,3.82,S3,7.272,0,S3,site_s3,S3,S3,S3,170.5,0.0,0.0,364.9,1,1,1,,
1786349998.997,c1,reserve,,0.0,26.34,13.67,3.96,S3,0,,0,36.0,obs,344,26.34,13.67,3.65,S3,26.34,13.67,3.65,S3,26.34,13.67,3.96,S3,7.282,0,S3,site_s3,S3,S3,S3,86.0,0.0,0.0,23.9,1,1,1,,
1786349998.997,c1,search,,0.0,31.1,20.71,10.57,S3,0,,0,4474.0,obs,511,31.1,20.71,10.98,S3,31.1,20.71,10.98,S3,31.1,20.71,10.57,S3,7.282,0,S3,site_s3,S3,S3,S3,127.5,0.0,0.0,151.4,1,1,1,,
1786349998.997,c1,recommend,,0.0,26.76,14.03,3.78,S3,0,,0,200.0,obs,686,26.76,14.03,4.0,S3,26.76,14.03,4.0,S3,26.76,14.03,3.78,S3,7.282,0,S3,site_s3,S3,S3,S3,171.5,0.0,0.0,181.9,1,1,1,,
1786349998.997,c2,reserve,,0.0,26.34,13.67,3.96,S3,0,,0,36.0,obs,344,26.34,13.67,3.65,S3,26.34,13.67,3.65,S3,26.34,13.67,3.96,S3,7.282,0,S3,site_s3,S3,S3,S3,86.0,0.0,0.0,205.8,1,1,1,,
1786349998.997,c2,search,,0.0,31.1,20.71,10.57,S3,0,,0,4474.0,obs,511,31.1,20.71,10.98,S3,31.1,20.71,10.98,S3,31.1,20.71,10.57,S3,7.282,0,S3,site_s3,S3,S3,S3,128.0,0.0,0.0,333.8,1,1,1,,
1786349998.997,c2,recommend,,0.0,26.76,14.03,3.78,S3,0,,0,200.0,obs,686,26.76,14.03,4.0,S3,26.76,14.03,4.0,S3,26.76,14.03,3.78,S3,7.282,0,S3,site_s3,S3,S3,S3,171.0,0.0,0.0,364.3,1,1,1,,
1786349999.996,c1,reserve,,0.0,26.34,13.67,3.87,S3,0,,0,36.0,obs,341,26.34,13.67,3.65,S3,26.34,13.67,3.65,S3,26.34,13.67,3.87,S3,7.258,0,S3,site_s3,S3,S3,S3,85.0,0.0,0.0,23.6,1,1,1,,
1786349999.996,c1,search,,0.0,31.1,20.71,10.63,S3,0,,0,4474.0,obs,514,31.1,20.71,10.98,S3,31.1,20.71,10.98,S3,31.1,20.71,10.63,S3,7.258,0,S3,site_s3,S3,S3,S3,128.5,0.0,0.0,152.1,1,1,1,,
1786349999.996,c1,recommend,,0.0,26.76,14.03,3.85,S3,0,,0,200.0,obs,689,26.76,14.03,4.0,S3,26.76,14.03,4.0,S3,26.76,14.03,3.85,S3,7.258,0,S3,site_s3,S3,S3,S3,172.5,0.0,0.0,182.8,1,1,1,,
1786349999.996,c2,reserve,,0.0,26.34,13.67,3.87,S3,0,,0,36.0,obs,341,26.34,13.67,3.65,S3,26.34,13.67,3.65,S3,26.34,13.67,3.87,S3,7.258,0,S3,site_s3,S3,S3,S3,85.5,0.0,0.0,206.6,1,1,1,,
1786349999.996,c2,search,,0.0,31.1,20.71,10.63,S3,0,,0,4474.0,obs,514,31.1,20.71,10.98,S3,31.1,20.71,10.98,S3,31.1,20.71,10.63,S3,7.258,0,S3,site_s3,S3,S3,S3,128.5,0.0,0.0,335.1,1,1,1,,
1786349999.996,c2,recommend,,0.0,26.76,14.03,3.85,S3,0,,0,200.0,obs,689,26.76,14.03,4.0,S3,26.76,14.03,4.0,S3,26.76,14.03,3.85,S3,7.258,0,S3,site_s3,S3,S3,S3,172.0,0.0,0.0,365.7,1,1,1,,
1786350000.997,c1,reserve,,0.0,26.34,13.67,4.09,S3,0,,0,36.0,obs,340,26.34,13.67,3.65,S3,26.34,13.67,3.65,S3,26.34,13.67,4.09,S3,7.293,0,S3,site_s3,S3,S3,S3,85.0,0.0,0.0,23.6,1,1,1,,
1786350000.997,c1,search,,0.0,31.1,20.71,10.78,S3,0,,0,4474.0,obs,515,31.1,20.71,10.98,S3,31.1,20.71,10.98,S3,31.1,20.71,10.78,S3,7.293,0,S3,site_s3,S3,S3,S3,129.0,0.0,0.0,152.6,1,1,1,,
1786350000.997,c1,recommend,,0.0,26.76,14.03,3.9,S3,0,,0,200.0,obs,686,26.76,14.03,4.0,S3,26.76,14.03,4.0,S3,26.76,14.03,3.9,S3,7.293,0,S3,site_s3,S3,S3,S3,171.5,0.0,0.0,183.2,1,1,1,,
1786350000.997,c2,reserve,,0.0,26.34,13.67,4.09,S3,0,,0,36.0,obs,340,26.34,13.67,3.65,S3,26.34,13.67,3.65,S3,26.34,13.67,4.09,S3,7.293,0,S3,site_s3,S3,S3,S3,85.0,0.0,0.0,206.8,1,1,1,,
1786350000.997,c2,search,,0.0,31.1,20.71,10.78,S3,0,,0,4474.0,obs,515,31.1,20.71,10.98,S3,31.1,20.71,10.98,S3,31.1,20.71,10.78,S3,7.293,0,S3,site_s3,S3,S3,S3,128.5,0.0,0.0,335.3,1,1,1,,
1786350000.997,c2,recommend,,0.0,26.76,14.03,3.9,S3,0,,0,200.0,obs,686,26.76,14.03,4.0,S3,26.76,14.03,4.0,S3,26.76,14.03,3.9,S3,7.293,0,S3,site_s3,S3,S3,S3,171.5,0.0,0.0,365.8,1,1,1,,
1786350001.996,c1,reserve,,0.0,26.34,13.67,4.08,S3,0,,0,36.0,obs,345,26.34,13.67,3.65,S3,26.34,13.67,3.65,S3,26.34,13.67,4.08,S3,7.321,0,S3,site_s3,S3,S3,S3,86.0,0.0,0.0,23.9,1,1,1,,
1786350001.996,c1,search,,0.0,31.1,20.71,10.67,S3,0,,0,4474.0,obs,517,31.1,20.71,10.98,S3,31.1,20.71,10.98,S3,31.1,20.71,10.67,S3,7.321,0,S3,site_s3,S3,S3,S3,129.5,0.0,0.0,153.4,1,1,1,,
1786350001.996,c1,recommend,,0.0,26.76,14.03,3.83,S3,0,,0,200.0,obs,684,26.76,14.03,4.0,S3,26.76,14.03,4.0,S3,26.76,14.03,3.83,S3,7.321,0,S3,site_s3,S3,S3,S3,171.0,0.0,0.0,183.8,1,1,1,,
1786350001.996,c2,reserve,,0.0,26.34,13.67,4.08,S3,0,,0,36.0,obs,345,26.34,13.67,3.65,S3,26.34,13.67,3.65,S3,26.34,13.67,4.08,S3,7.321,0,S3,site_s3,S3,S3,S3,86.5,0.0,0.0,207.9,1,1,1,,
1786350001.996,c2,search,,0.0,31.1,20.71,10.67,S3,0,,0,4474.0,obs,517,31.1,20.71,10.98,S3,31.1,20.71,10.98,S3,31.1,20.71,10.67,S3,7.321,0,S3,site_s3,S3,S3,S3,129.0,0.0,0.0,336.9,1,1,1,,
1786350001.996,c2,recommend,,0.0,26.76,14.03,3.83,S3,0,,0,200.0,obs,684,26.76,14.03,4.0,S3,26.76,14.03,4.0,S3,26.76,14.03,3.83,S3,7.321,0,S3,site_s3,S3,S3,S3,171.0,0.0,0.0,367.3,1,1,1,,
1786350002.997,c1,reserve,,0.0,26.34,13.67,4.03,S3,0,,0,36.0,obs,345,26.34,13.67,3.65,S3,26.34,13.67,3.65,S3,26.34,13.67,4.03,S3,7.281,0,S3,site_s3,S3,S3,S3,86.5,0.0,0.0,24.0,1,1,1,,
1786350002.997,c1,search,,0.0,31.1,20.71,10.8,S3,0,,0,4474.0,obs,513,31.1,20.71,10.98,S3,31.1,20.71,10.98,S3,31.1,20.71,10.8,S3,7.281,0,S3,site_s3,S3,S3,S3,128.0,0.0,0.0,152.0,1,1,1,,
1786350002.997,c1,recommend,,0.0,26.76,14.03,3.76,S3,0,,0,200.0,obs,685,26.76,14.03,4.0,S3,26.76,14.03,4.0,S3,26.76,14.03,3.76,S3,7.281,0,S3,site_s3,S3,S3,S3,171.0,0.0,0.0,182.5,1,1,1,,
1786350002.997,c2,reserve,,0.0,26.34,13.67,4.03,S3,0,,0,36.0,obs,345,26.34,13.67,3.65,S3,26.34,13.67,3.65,S3,26.34,13.67,4.03,S3,7.281,0,S3,site_s3,S3,S3,S3,86.0,0.0,0.0,206.4,1,1,1,,
1786350002.997,c2,search,,0.0,31.1,20.71,10.8,S3,0,,0,4474.0,obs,513,31.1,20.71,10.98,S3,31.1,20.71,10.98,S3,31.1,20.71,10.8,S3,7.281,0,S3,site_s3,S3,S3,S3,128.5,0.0,0.0,334.9,1,1,1,,
1786350002.997,c2,recommend,,0.0,26.76,14.03,3.76,S3,0,,0,200.0,obs,685,26.76,14.03,4.0,S3,26.76,14.03,4.0,S3,26.76,14.03,3.76,S3,7.281,0,S3,site_s3,S3,S3,S3,171.5,0.0,0.0,365.4,1,1,1,,
1786350003.996,c1,reserve,,0.0,26.34,13.67,4.02,S3,0,,0,36.0,obs,342,26.34,13.67,3.65,S3,26.34,13.67,3.65,S3,26.34,13.67,4.02,S3,7.313,0,S3,site_s3,S3,S3,S3,85.5,0.0,0.0,23.8,1,1,1,,
1786350003.996,c1,search,,0.0,31.1,20.71,10.72,S3,0,,0,4474.0,obs,515,31.1,20.71,10.98,S3,31.1,20.71,10.98,S3,31.1,20.71,10.72,S3,7.313,0,S3,site_s3,S3,S3,S3,129.0,0.0,0.0,152.8,1,1,1,,
1786350003.996,c1,recommend,,0.0,26.76,14.03,3.71,S3,0,,0,200.0,obs,690,26.76,14.03,4.0,S3,26.76,14.03,4.0,S3,26.76,14.03,3.71,S3,7.313,0,S3,site_s3,S3,S3,S3,172.5,0.0,0.0,183.5,1,1,1,,
1786350003.996,c2,reserve,,0.0,26.34,13.67,4.02,S3,0,,0,36.0,obs,342,26.34,13.67,3.65,S3,26.34,13.67,3.65,S3,26.34,13.67,4.02,S3,7.313,0,S3,site_s3,S3,S3,S3,85.5,0.0,0.0,207.2,1,1,1,,
1786350003.996,c2,search,,0.0,31.1,20.71,10.72,S3,0,,0,4474.0,obs,515,31.1,20.71,10.98,S3,31.1,20.71,10.98,S3,31.1,20.71,10.72,S3,7.313,0,S3,site_s3,S3,S3,S3,128.5,0.0,0.0,335.7,1,1,1,,
1786350003.996,c2,recommend,,0.0,26.76,14.03,3.71,S3,0,,0,200.0,obs,690,26.76,14.03,4.0,S3,26.76,14.03,4.0,S3,26.76,14.03,3.71,S3,7.313,0,S3,site_s3,S3,S3,S3,172.5,0.0,0.0,366.4,1,1,1,,
1786350004.996,c1,reserve,,0.0,26.34,13.67,3.9,S3,0,,0,36.0,obs,342,26.34,13.67,3.65,S3,26.34,13.67,3.65,S3,26.34,13.67,3.9,S3,7.284,0,S3,site_s3,S3,S3,S3,85.5,0.0,0.0,23.8,1,1,1,,
1786350004.996,c1,search,,0.0,31.1,20.71,10.7,S3,0,,0,4474.0,obs,515,31.1,20.71,10.98,S3,31.1,20.71,10.98,S3,31.1,20.71,10.7,S3,7.284,0,S3,site_s3,S3,S3,S3,129.0,0.0,0.0,152.8,1,1,1,,
1786350004.996,c1,recommend,,0.0,26.76,14.03,3.81,S3,0,,0,200.0,obs,690,26.76,14.03,4.0,S3,26.76,14.03,4.0,S3,26.76,14.03,3.81,S3,7.284,0,S3,site_s3,S3,S3,S3,172.5,0.0,0.0,183.5,1,1,1,,
1786350004.996,c2,reserve,,0.0,26.34,13.67,3.9,S3,0,,0,36.0,obs,342,26.34,13.67,3.65,S3,26.34,13.67,3.65,S3,26.34,13.67,3.9,S3,7.284,0,S3,site_s3,S3,S3,S3,85.5,0.0,0.0,207.2,1,1,1,,
1786350004.996,c2,search,,0.0,31.1,20.71,10.7,S3,0,,0,4474.0,obs,515,31.1,20.71,10.98,S3,31.1,20.71,10.98,S3,31.1,20.71,10.7,S3,7.284,0,S3,site_s3,S3,S3,S3,128.5,0.0,0.0,335.7,1,1,1,,
1786350004.996,c2,recommend,,0.0,26.76,14.03,3.81,S3,0,,0,200.0,obs,690,26.76,14.03,4.0,S3,26.76,14.03,4.0,S3,26.76,14.03,3.81,S3,7.284,0,S3,site_s3,S3,S3,S3,172.5,0.0,0.0,366.4,1,1,1,,
1786350005.997,c1,reserve,,0.0,26.34,13.67,3.95,S3,0,,0,36.0,obs,345,26.34,13.67,3.65,S3,26.34,13.67,3.65,S3,26.34,13.67,3.95,S3,7.53,0,S3,site_s3,S3,S3,S3,86.0,0.0,0.0,23.9,1,1,1,,
1786350005.997,c1,search,,0.0,31.1,20.71,10.63,S3,0,,0,4474.0,obs,518,31.1,20.71,10.98,S3,31.1,20.71,10.98,S3,31.1,20.71,10.63,S3,7.53,0,S3,site_s3,S3,S3,S3,129.5,0.0,0.0,153.4,1,1,1,,
1786350005.997,c1,recommend,,0.0,26.76,14.03,3.81,S3,0,,0,200.0,obs,687,26.76,14.03,4.0,S3,26.76,14.03,4.0,S3,26.76,14.03,3.81,S3,7.53,0,S3,site_s3,S3,S3,S3,172.0,0.0,0.0,184.0,1,1,1,,
1786350005.997,c2,reserve,,0.0,26.34,13.67,3.95,S3,0,,0,36.0,obs,345,26.34,13.67,3.65,S3,26.34,13.67,3.65,S3,26.34,13.67,3.95,S3,7.53,0,S3,site_s3,S3,S3,S3,86.5,0.0,0.0,208.1,1,1,1,,
1786350005.997,c2,search,,0.0,31.1,20.71,10.63,S3,0,,0,4474.0,obs,518,31.1,20.71,10.98,S3,31.1,20.71,10.98,S3,31.1,20.71,10.63,S3,7.53,0,S3,site_s3,S3,S3,S3,129.5,0.0,0.0,337.6,1,1,1,,
1786350005.997,c2,recommend,,0.0,26.76,14.03,3.81,S3,0,,0,200.0,obs,687,26.76,14.03,4.0,S3,26.76,14.03,4.0,S3,26.76,14.03,3.81,S3,7.53,0,S3,site_s3,S3,S3,S3,171.5,0.0,0.0,368.1,1,1,1,,
1786350006.997,c1,reserve,,0.0,26.34,13.67,3.88,S3,0,,0,36.0,obs,348,26.34,13.67,3.65,S3,26.34,13.67,3.65,S3,26.34,13.67,3.88,S3,7.257,0,S3,site_s3,S3,S3,S3,87.0,0.0,0.0,24.2,1,1,1,,
1786350006.997,c1,search,,0.0,31.1,20.71,10.9,S3,0,,0,4474.0,obs,513,31.1,20.71,10.98,S3,31.1,20.71,10.98,S3,31.1,20.71,10.9,S3,7.257,0,S3,site_s3,S3,S3,S3,128.5,0.0,0.0,152.7,1,1,1,,
1786350006.997,c1,recommend,,0.0,26.76,14.03,3.92,S3,0,,0,200.0,obs,686,26.76,14.03,4.0,S3,26.76,14.03,4.0,S3,26.76,14.03,3.92,S3,7.257,0,S3,site_s3,S3,S3,S3,171.5,0.0,0.0,183.2,1,1,1,,
1786350006.997,c2,reserve,,0.0,26.34,13.67,3.88,S3,0,,0,36.0,obs,348,26.34,13.67,3.65,S3,26.34,13.67,3.65,S3,26.34,13.67,3.88,S3,7.257,0,S3,site_s3,S3,S3,S3,87.0,0.0,0.0,207.4,1,1,1,,
1786350006.997,c2,search,,0.0,31.1,20.71,10.9,S3,0,,0,4474.0,obs,513,31.1,20.71,10.98,S3,31.1,20.71,10.98,S3,31.1,20.71,10.9,S3,7.257,0,S3,site_s3,S3,S3,S3,128.0,0.0,0.0,335.4,1,1,1,,
1786350006.997,c2,recommend,,0.0,26.76,14.03,3.92,S3,0,,0,200.0,obs,686,26.76,14.03,4.0,S3,26.76,14.03,4.0,S3,26.76,14.03,3.92,S3,7.257,0,S3,site_s3,S3,S3,S3,171.5,0.0,0.0,365.9,1,1,1,,
1786350007.996,c1,reserve,,0.0,26.34,13.67,3.93,S3,0,,0,36.0,obs,345,26.34,13.67,3.65,S3,26.34,13.67,3.65,S3,26.34,13.67,3.93,S3,7.278,0,S3,site_s3,S3,S3,S3,86.0,0.0,0.0,23.9,1,1,1,,
1786350007.996,c1,search,,0.0,31.1,20.71,10.85,S3,0,,0,4474.0,obs,514,31.1,20.71,10.98,S3,31.1,20.71,10.98,S3,31.1,20.71,10.85,S3,7.278,0,S3,site_s3,S3,S3,S3,128.5,0.0,0.0,152.4,1,1,1,,
1786350007.996,c1,recommend,,0.0,26.76,14.03,3.83,S3,0,,0,200.0,obs,693,26.76,14.03,4.0,S3,26.76,14.03,4.0,S3,26.76,14.03,3.83,S3,7.278,0,S3,site_s3,S3,S3,S3,173.5,0.0,0.0,183.3,1,1,1,,
1786350007.996,c2,reserve,,0.0,26.34,13.67,3.93,S3,0,,0,36.0,obs,345,26.34,13.67,3.65,S3,26.34,13.67,3.65,S3,26.34,13.67,3.93,S3,7.278,0,S3,site_s3,S3,S3,S3,86.5,0.0,0.0,207.3,1,1,1,,
1786350007.996,c2,search,,0.0,31.1,20.71,10.85,S3,0,,0,4474.0,obs,514,31.1,20.71,10.98,S3,31.1,20.71,10.98,S3,31.1,20.71,10.85,S3,7.278,0,S3,site_s3,S3,S3,S3,128.5,0.0,0.0,335.8,1,1,1,,
1786350007.996,c2,recommend,,0.0,26.76,14.03,3.83,S3,0,,0,200.0,obs,693,26.76,14.03,4.0,S3,26.76,14.03,4.0,S3,26.76,14.03,3.83,S3,7.278,0,S3,site_s3,S3,S3,S3,173.0,0.0,0.0,366.6,1,1,1,,
1786350008.996,c1,reserve,,0.0,26.34,13.67,3.93,S3,0,,0,36.0,obs,342,26.34,13.67,3.65,S3,26.34,13.67,3.65,S3,26.34,13.67,3.93,S3,7.228,0,S3,site_s3,S3,S3,S3,85.5,0.0,0.0,23.8,1,1,1,,
1786350008.996,c1,search,,0.0,31.1,20.71,10.8,S3,0,,0,4474.0,obs,518,31.1,20.71,10.98,S3,31.1,20.71,10.98,S3,31.1,20.71,10.8,S3,7.228,0,S3,site_s3,S3,S3,S3,129.5,0.0,0.0,153.3,1,1,1,,
1786350008.996,c1,recommend,,0.0,26.76,14.03,3.78,S3,0,,0,200.0,obs,692,26.76,14.03,4.0,S3,26.76,14.03,4.0,S3,26.76,14.03,3.78,S3,7.228,0,S3,site_s3,S3,S3,S3,173.0,0.0,0.0,184.1,1,1,1,,
1786350008.996,c2,reserve,,0.0,26.34,13.67,3.93,S3,0,,0,36.0,obs,342,26.34,13.67,3.65,S3,26.34,13.67,3.65,S3,26.34,13.67,3.93,S3,7.228,0,S3,site_s3,S3,S3,S3,85.5,0.0,0.0,207.8,1,1,1,,
1786350008.996,c2,search,,0.0,31.1,20.71,10.8,S3,0,,0,4474.0,obs,518,31.1,20.71,10.98,S3,31.1,20.71,10.98,S3,31.1,20.71,10.8,S3,7.228,0,S3,site_s3,S3,S3,S3,129.5,0.0,0.0,337.3,1,1,1,,
1786350008.996,c2,recommend,,0.0,26.76,14.03,3.78,S3,0,,0,200.0,obs,692,26.76,14.03,4.0,S3,26.76,14.03,4.0,S3,26.76,14.03,3.78,S3,7.228,0,S3,site_s3,S3,S3,S3,173.0,0.0,0.0,368.1,1,1,1,,
1786350009.996,c1,reserve,,0.0,26.34,13.67,3.88,S3,0,,0,36.0,obs,343,26.34,13.67,3.65,S3,26.34,13.67,3.65,S3,26.34,13.67,3.88,S3,7.303,0,S3,site_s3,S3,S3,S3,86.0,0.0,0.0,23.9,1,1,1,,
1786350009.996,c1,search,,0.0,31.1,20.71,10.83,S3,0,,0,4474.0,obs,520,31.1,20.71,10.98,S3,31.1,20.71,10.98,S3,31.1,20.71,10.83,S3,7.303,0,S3,site_s3,S3,S3,S3,130.0,0.0,0.0,153.9,1,1,1,,
1786350009.996,c1,recommend,,0.0,26.76,14.03,3.8,S3,0,,0,200.0,obs,690,26.76,14.03,4.0,S3,26.76,14.03,4.0,S3,26.76,14.03,3.8,S3,7.303,0,S3,site_s3,S3,S3,S3,172.5,0.0,0.0,184.6,1,1,1,,
1786350009.996,c2,reserve,,0.0,26.34,13.67,3.88,S3,0,,0,36.0,obs,343,26.34,13.67,3.65,S3,26.34,13.67,3.65,S3,26.34,13.67,3.88,S3,7.303,0,S3,site_s3,S3,S3,S3,85.5,0.0,0.0,208.4,1,1,1,,
1786350009.996,c2,search,,0.0,31.1,20.71,10.83,S3,0,,0,4474.0,obs,520,31.1,20.71,10.98,S3,31.1,20.71,10.98,S3,31.1,20.71,10.83,S3,7.303,0,S3,site_s3,S3,S3,S3,130.0,0.0,0.0,338.4,1,1,1,,
1786350009.996,c2,recommend,,0.0,26.76,14.03,3.8,S3,0,,0,200.0,obs,690,26.76,14.03,4.0,S3,26.76,14.03,4.0,S3,26.76,14.03,3.8,S3,7.303,0,S3,site_s3,S3,S3,S3,172.5,0.0,0.0,369.1,1,1,1,,
1786350010.996,c1,reserve,,0.0,26.34,13.67,4.03,S3,0,,0,36.0,obs,348,26.34,13.67,3.65,S3,26.34,13.67,3.65,S3,26.34,13.67,4.03,S3,7.253,0,S3,site_s3,S3,S3,S3,87.0,0.0,0.0,24.2,1,1,1,,
1786350010.996,c1,search,,0.0,31.1,20.71,10.66,S3,0,,0,4474.0,obs,519,31.1,20.71,10.98,S3,31.1,20.71,10.98,S3,31.1,20.71,10.66,S3,7.253,0,S3,site_s3,S3,S3,S3,130.0,0.0,0.0,154.2,1,1,1,,
1786350010.996,c1,recommend,,0.0,26.76,14.03,3.71,S3,0,,0,200.0,obs,686,26.76,14.03,4.0,S3,26.76,14.03,4.0,S3,26.76,14.03,3.71,S3,7.253,0,S3,site_s3,S3,S3,S3,171.5,0.0,0.0,184.7,1,1,1,,
1786350010.996,c2,reserve,,0.0,26.34,13.67,4.03,S3,0,,0,36.0,obs,348,26.34,13.67,3.65,S3,26.34,13.67,3.65,S3,26.34,13.67,4.03,S3,7.253,0,S3,site_s3,S3,S3,S3,87.0,0.0,0.0,208.9,1,1,1,,
1786350010.996,c2,search,,0.0,31.1,20.71,10.66,S3,0,,0,4474.0,obs,519,31.1,20.71,10.98,S3,31.1,20.71,10.98,S3,31.1,20.71,10.66,S3,7.253,0,S3,site_s3,S3,S3,S3,129.5,0.0,0.0,338.4,1,1,1,,
1786350010.996,c2,recommend,,0.0,26.76,14.03,3.71,S3,0,,0,200.0,obs,686,26.76,14.03,4.0,S3,26.76,14.03,4.0,S3,26.76,14.03,3.71,S3,7.253,0,S3,site_s3,S3,S3,S3,171.5,0.0,0.0,368.9,1,1,1,,
1786350011.997,c1,reserve,,0.0,26.34,13.67,4.04,S3,0,,0,36.0,obs,348,26.34,13.67,3.65,S3,26.34,13.67,3.65,S3,26.34,13.67,4.04,S3,7.556,0,S3,site_s3,S3,S3,S3,87.0,0.0,0.0,24.2,1,1,1,,
1786350011.997,c1,search,,0.0,31.1,20.71,10.77,S3,0,,0,4474.0,obs,516,31.1,20.71,10.98,S3,31.1,20.71,10.98,S3,31.1,20.71,10.77,S3,7.556,0,S3,site_s3,S3,S3,S3,129.0,0.0,0.0,153.2,1,1,1,,
1786350011.997,c1,recommend,,0.0,26.76,14.03,3.81,S3,0,,0,200.0,obs,691,26.76,14.03,4.0,S3,26.76,14.03,4.0,S3,26.76,14.03,3.81,S3,7.556,0,S3,site_s3,S3,S3,S3,173.0,0.0,0.0,184.0,1,1,1,,
1786350011.997,c2,reserve,,0.0,26.34,13.67,4.04,S3,0,,0,36.0,obs,348,26.34,13.67,3.65,S3,26.34,13.67,3.65,S3,26.34,13.67,4.04,S3,7.556,0,S3,site_s3,S3,S3,S3,87.0,0.0,0.0,208.2,1,1,1,,
1786350011.997,c2,search,,0.0,31.1,20.71,10.77,S3,0,,0,4474.0,obs,516,31.1,20.71,10.98,S3,31.1,20.71,10.98,S3,31.1,20.71,10.77,S3,7.556,0,S3,site_s3,S3,S3,S3,129.0,0.0,0.0,337.2,1,1,1,,
1786350011.997,c2,recommend,,0.0,26.76,14.03,3.81,S3,0,,0,200.0,obs,691,26.76,14.03,4.0,S3,26.76,14.03,4.0,S3,26.76,14.03,3.81,S3,7.556,0,S3,site_s3,S3,S3,S3,172.5,0.0,0.0,367.9,1,1,1,,
1786350012.996,c1,reserve,,0.0,26.34,13.67,4.08,S3,0,,0,36.0,obs,344,26.34,13.67,3.65,S3,26.34,13.67,3.65,S3,26.34,13.67,4.08,S3,7.262,0,S3,site_s3,S3,S3,S3,86.0,0.0,0.0,23.9,1,1,1,,
1786350012.996,c1,search,,0.0,31.1,20.71,10.69,S3,0,,0,4474.0,obs,517,31.1,20.71,10.98,S3,31.1,20.71,10.98,S3,31.1,20.71,10.69,S3,7.262,0,S3,site_s3,S3,S3,S3,129.5,0.0,0.0,153.4,1,1,1,,
1786350012.996,c1,recommend,,0.0,26.76,14.03,3.87,S3,0,,0,200.0,obs,694,26.76,14.03,4.0,S3,26.76,14.03,4.0,S3,26.76,14.03,3.87,S3,7.262,0,S3,site_s3,S3,S3,S3,173.5,0.0,0.0,184.3,1,1,1,,
1786350012.996,c2,reserve,,0.0,26.34,13.67,4.08,S3,0,,0,36.0,obs,344,26.34,13.67,3.65,S3,26.34,13.67,3.65,S3,26.34,13.67,4.08,S3,7.262,0,S3,site_s3,S3,S3,S3,86.0,0.0,0.0,208.2,1,1,1,,
1786350012.996,c2,search,,0.0,31.1,20.71,10.69,S3,0,,0,4474.0,obs,517,31.1,20.71,10.98,S3,31.1,20.71,10.98,S3,31.1,20.71,10.69,S3,7.262,0,S3,site_s3,S3,S3,S3,129.0,0.0,0.0,337.2,1,1,1,,
1786350012.996,c2,recommend,,0.0,26.76,14.03,3.87,S3,0,,0,200.0,obs,694,26.76,14.03,4.0,S3,26.76,14.03,4.0,S3,26.76,14.03,3.87,S3,7.262,0,S3,site_s3,S3,S3,S3,173.5,0.0,0.0,368.1,1,1,1,,
1786350013.996,c1,reserve,,0.0,26.34,13.67,3.95,S3,0,,0,36.0,obs,342,26.34,13.67,3.65,S3,26.34,13.67,3.65,S3,26.34,13.67,3.95,S3,7.282,0,S3,site_s3,S3,S3,S3,85.5,0.0,0.0,23.8,1,1,1,,
1786350013.996,c1,search,,0.0,31.1,20.71,10.49,S3,0,,0,4474.0,obs,519,31.1,20.71,10.98,S3,31.1,20.71,10.98,S3,31.1,20.71,10.49,S3,7.282,0,S3,site_s3,S3,S3,S3,130.0,0.0,0.0,153.8,1,1,1,,
1786350013.996,c1,recommend,,0.0,26.76,14.03,3.82,S3,0,,0,200.0,obs,695,26.76,14.03,4.0,S3,26.76,14.03,4.0,S3,26.76,14.03,3.82,S3,7.282,0,S3,site_s3,S3,S3,S3,173.5,0.0,0.0,184.7,1,1,1,,
1786350013.996,c2,reserve,,0.0,26.34,13.67,3.95,S3,0,,0,36.0,obs,342,26.34,13.67,3.65,S3,26.34,13.67,3.65,S3,26.34,13.67,3.95,S3,7.282,0,S3,site_s3,S3,S3,S3,85.5,0.0,0.0,208.4,1,1,1,,
1786350013.996,c2,search,,0.0,31.1,20.71,10.49,S3,0,,0,4474.0,obs,519,31.1,20.71,10.98,S3,31.1,20.71,10.98,S3,31.1,20.71,10.49,S3,7.282,0,S3,site_s3,S3,S3,S3,129.5,0.0,0.0,337.9,1,1,1,,
1786350013.996,c2,recommend,,0.0,26.76,14.03,3.82,S3,0,,0,200.0,obs,695,26.76,14.03,4.0,S3,26.76,14.03,4.0,S3,26.76,14.03,3.82,S3,7.282,0,S3,site_s3,S3,S3,S3,174.0,0.0,0.0,368.9,1,1,1,,
1786350014.996,c1,reserve,,0.0,26.34,13.67,3.84,S3,0,,0,36.0,obs,346,26.34,13.67,3.65,S3,26.34,13.67,3.65,S3,26.34,13.67,3.84,S3,7.24,0,S3,site_s3,S3,S3,S3,86.5,0.0,0.0,24.0,1,1,1,,
1786350014.996,c1,search,,0.0,31.1,20.71,10.59,S3,0,,0,4474.0,obs,520,31.1,20.71,10.98,S3,31.1,20.71,10.98,S3,31.1,20.71,10.59,S3,7.24,0,S3,site_s3,S3,S3,S3,130.0,0.0,0.0,154.0,1,1,1,,
1786350014.996,c1,recommend,,0.0,26.76,14.03,3.74,S3,0,,0,200.0,obs,689,26.76,14.03,4.0,S3,26.76,14.03,4.0,S3,26.76,14.03,3.74,S3,7.24,0,S3,site_s3,S3,S3,S3,172.5,0.0,0.0,184.8,1,1,1,,
1786350014.996,c2,reserve,,0.0,26.34,13.67,3.84,S3,0,,0,36.0,obs,346,26.34,13.67,3.65,S3,26.34,13.67,3.65,S3,26.34,13.67,3.84,S3,7.24,0,S3,site_s3,S3,S3,S3,86.5,0.0,0.0,208.8,1,1,1,,
1786350014.996,c2,search,,0.0,31.1,20.71,10.59,S3,0,,0,4474.0,obs,520,31.1,20.71,10.98,S3,31.1,20.71,10.98,S3,31.1,20.71,10.59,S3,7.24,0,S3,site_s3,S3,S3,S3,130.0,0.0,0.0,338.8,1,1,1,,
1786350014.996,c2,recommend,,0.0,26.76,14.03,3.74,S3,0,,0,200.0,obs,689,26.76,14.03,4.0,S3,26.76,14.03,4.0,S3,26.76,14.03,3.74,S3,7.24,0,S3,site_s3,S3,S3,S3,172.0,0.0,0.0,369.4,1,1,1,,
1786350015.997,c1,reserve,,0.0,26.34,13.67,3.81,S3,0,,0,36.0,obs,350,26.34,13.67,3.65,S3,26.34,13.67,3.65,S3,26.34,13.67,3.81,S3,7.324,0,S3,site_s3,S3,S3,S3,87.5,0.0,0.0,24.3,1,1,1,,
1786350015.997,c1,search,,0.0,31.1,20.71,10.9,S3,0,,0,4474.0,obs,516,31.1,20.71,10.98,S3,31.1,20.71,10.98,S3,31.1,20.71,10.9,S3,7.324,0,S3,site_s3,S3,S3,S3,129.0,0.0,0.0,153.3,1,1,1,,
1786350015.997,c1,recommend,,0.0,26.76,14.03,3.75,S3,0,,0,200.0,obs,689,26.76,14.03,4.0,S3,26.76,14.03,4.0,S3,26.76,14.03,3.75,S3,7.324,0,S3,site_s3,S3,S3,S3,172.0,0.0,0.0,183.9,1,1,1,,
1786350015.997,c2,reserve,,0.0,26.34,13.67,3.81,S3,0,,0,36.0,obs,350,26.34,13.67,3.65,S3,26.34,13.67,3.65,S3,26.34,13.67,3.81,S3,7.324,0,S3,site_s3,S3,S3,S3,87.5,0.0,0.0,208.3,1,1,1,,
1786350015.997,c2,search,,0.0,31.1,20.71,10.9,S3,0,,0,4474.0,obs,516,31.1,20.71,10.98,S3,31.1,20.71,10.98,S3,31.1,20.71,10.9,S3,7.324,0,S3,site_s3,S3,S3,S3,129.0,0.0,0.0,337.3,1,1,1,,
1786350015.997,c2,recommend,,0.0,26.76,14.03,3.75,S3,0,,0,200.0,obs,689,26.76,14.03,4.0,S3,26.76,14.03,4.0,S3,26.76,14.03,3.75,S3,7.324,0,S3,site_s3,S3,S3,S3,172.5,0.0,0.0,368.0,1,1,1,,
1786350016.997,c1,reserve,,0.0,26.34,13.67,3.87,S3,0,,0,36.0,obs,348,26.34,13.67,3.65,S3,26.34,13.67,3.65,S3,26.34,13.67,3.87,S3,7.362,0,S3,site_s3,S3,S3,S3,87.0,0.0,0.0,24.2,1,1,1,,
1786350016.997,c1,search,,0.0,31.1,20.71,10.81,S3,0,,0,4474.0,obs,516,31.1,20.71,10.98,S3,31.1,20.71,10.98,S3,31.1,20.71,10.81,S3,7.362,0,S3,site_s3,S3,S3,S3,129.0,0.0,0.0,153.2,1,1,1,,
1786350016.997,c1,recommend,,0.0,26.76,14.03,3.87,S3,0,,0,200.0,obs,694,26.76,14.03,4.0,S3,26.76,14.03,4.0,S3,26.76,14.03,3.87,S3,7.362,0,S3,site_s3,S3,S3,S3,173.5,0.0,0.0,184.1,1,1,1,,
1786350016.997,c2,reserve,,0.0,26.34,13.67,3.87,S3,0,,0,36.0,obs,348,26.34,13.67,3.65,S3,26.34,13.67,3.65,S3,26.34,13.67,3.87,S3,7.362,0,S3,site_s3,S3,S3,S3,87.0,0.0,0.0,208.3,1,1,1,,
1786350016.997,c2,search,,0.0,31.1,20.71,10.81,S3,0,,0,4474.0,obs,516,31.1,20.71,10.98,S3,31.1,20.71,10.98,S3,31.1,20.71,10.81,S3,7.362,0,S3,site_s3,S3,S3,S3,129.0,0.0,0.0,337.3,1,1,1,,
1786350016.997,c2,recommend,,0.0,26.76,14.03,3.87,S3,0,,0,200.0,obs,694,26.76,14.03,4.0,S3,26.76,14.03,4.0,S3,26.76,14.03,3.87,S3,7.362,0,S3,site_s3,S3,S3,S3,173.5,0.0,0.0,368.1,1,1,1,,
1786350017.997,c1,reserve,,0.0,26.34,13.67,3.87,S3,0,,0,36.0,obs,344,26.34,13.67,3.65,S3,26.34,13.67,3.65,S3,26.34,13.67,3.87,S3,8.36,0,S3,site_s3,S3,S3,S3,86.0,0.0,0.0,23.9,1,1,1,,
1786350017.997,c1,search,,0.0,31.1,20.71,10.58,S3,0,,0,4474.0,obs,518,31.1,20.71,10.98,S3,31.1,20.71,10.98,S3,31.1,20.71,10.58,S3,8.36,0,S3,site_s3,S3,S3,S3,129.5,0.0,0.0,153.4,1,1,1,,
1786350017.997,c1,recommend,,0.0,26.76,14.03,3.8,S3,0,,0,200.0,obs,695,26.76,14.03,4.0,S3,26.76,14.03,4.0,S3,26.76,14.03,3.8,S3,8.36,0,S3,site_s3,S3,S3,S3,174.0,0.0,0.0,184.4,1,1,1,,
1786350017.997,c2,reserve,,0.0,26.34,13.67,3.87,S3,0,,0,36.0,obs,344,26.34,13.67,3.65,S3,26.34,13.67,3.65,S3,26.34,13.67,3.87,S3,8.36,0,S3,site_s3,S3,S3,S3,86.0,0.0,0.0,208.3,1,1,1,,
1786350017.997,c2,search,,0.0,31.1,20.71,10.58,S3,0,,0,4474.0,obs,518,31.1,20.71,10.98,S3,31.1,20.71,10.98,S3,31.1,20.71,10.58,S3,8.36,0,S3,site_s3,S3,S3,S3,129.5,0.0,0.0,337.8,1,1,1,,
1786350017.997,c2,recommend,,0.0,26.76,14.03,3.8,S3,0,,0,200.0,obs,695,26.76,14.03,4.0,S3,26.76,14.03,4.0,S3,26.76,14.03,3.8,S3,8.36,0,S3,site_s3,S3,S3,S3,173.5,0.0,0.0,368.7,1,1,1,,
1786350018.997,c1,reserve,,0.0,26.34,13.67,3.89,S3,0,,0,36.0,obs,343,26.34,13.67,3.65,S3,26.34,13.67,3.65,S3,26.34,13.67,3.89,S3,7.347,0,S3,site_s3,S3,S3,S3,85.5,0.0,0.0,23.8,1,1,1,,
1786350018.997,c1,search,,0.0,31.1,20.71,10.6,S3,0,,0,4474.0,obs,522,31.1,20.71,10.98,S3,31.1,20.71,10.98,S3,31.1,20.71,10.6,S3,7.347,0,S3,site_s3,S3,S3,S3,130.5,0.0,0.0,154.3,1,1,1,,
1786350018.997,c1,recommend,,0.0,26.76,14.03,3.79,S3,0,,0,200.0,obs,695,26.76,14.03,4.0,S3,26.76,14.03,4.0,S3,26.76,14.03,3.79,S3,7.347,0,S3,site_s3,S3,S3,S3,173.5,0.0,0.0,185.2,1,1,1,,
1786350018.997,c2,reserve,,0.0,26.34,13.67,3.89,S3,0,,0,36.0,obs,343,26.34,13.67,3.65,S3,26.34,13.67,3.65,S3,26.34,13.67,3.89,S3,7.347,0,S3,site_s3,S3,S3,S3,86.0,0.0,0.0,209.1,1,1,1,,
1786350018.997,c2,search,,0.0,31.1,20.71,10.6,S3,0,,0,4474.0,obs,522,31.1,20.71,10.98,S3,31.1,20.71,10.98,S3,31.1,20.71,10.6,S3,7.347,0,S3,site_s3,S3,S3,S3,130.0,0.0,0.0,339.1,1,1,1,,
1786350018.997,c2,recommend,,0.0,26.76,14.03,3.79,S3,0,,0,200.0,obs,695,26.76,14.03,4.0,S3,26.76,14.03,4.0,S3,26.76,14.03,3.79,S3,7.347,0,S3,site_s3,S3,S3,S3,173.5,0.0,0.0,369.9,1,1,1,,
1786350019.997,c1,reserve,,0.0,26.34,13.67,3.91,S3,0,,0,36.0,obs,348,26.34,13.67,3.65,S3,26.34,13.67,3.65,S3,26.34,13.67,3.91,S3,7.339,0,S3,site_s3,S3,S3,S3,87.0,0.0,0.0,24.2,1,1,1,,
1786350019.997,c1,search,,0.0,31.1,20.71,10.76,S3,0,,0,4474.0,obs,521,31.1,20.71,10.98,S3,31.1,20.71,10.98,S3,31.1,20.71,10.76,S3,7.339,0,S3,site_s3,S3,S3,S3,130.0,0.0,0.0,154.2,1,1,1,,
1786350019.997,c1,recommend,,0.0,26.76,14.03,3.8,S3,0,,0,200.0,obs,690,26.76,14.03,4.0,S3,26.76,14.03,4.0,S3,26.76,14.03,3.8,S3,7.339,0,S3,site_s3,S3,S3,S3,172.5,0.0,0.0,184.9,1,1,1,,
1786350019.997,c2,reserve,,0.0,26.34,13.67,3.91,S3,0,,0,36.0,obs,348,26.34,13.67,3.65,S3,26.34,13.67,3.65,S3,26.34,13.67,3.91,S3,7.339,0,S3,site_s3,S3,S3,S3,87.0,0.0,0.0,209.1,1,1,1,,
1786350019.997,c2,search,,0.0,31.1,20.71,10.76,S3,0,,0,4474.0,obs,521,31.1,20.71,10.98,S3,31.1,20.71,10.98,S3,31.1,20.71,10.76,S3,7.339,0,S3,site_s3,S3,S3,S3,130.5,0.0,0.0,339.6,1,1,1,,
1786350019.997,c2,recommend,,0.0,26.76,14.03,3.8,S3,0,,0,200.0,obs,690,26.76,14.03,4.0,S3,26.76,14.03,4.0,S3,26.76,14.03,3.8,S3,7.339,0,S3,site_s3,S3,S3,S3,172.5,0.0,0.0,370.3,1,1,1,,
1786350020.996,c1,reserve,,0.0,26.34,13.67,4.0,S3,0,,0,36.0,obs,351,26.34,13.67,3.65,S3,26.34,13.67,3.65,S3,26.34,13.67,4.0,S3,7.295,0,S3,site_s3,S3,S3,S3,87.5,0.0,0.0,24.3,1,1,1,,
1786350020.996,c1,search,,0.0,31.1,20.71,10.78,S3,0,,0,4474.0,obs,518,31.1,20.71,10.98,S3,31.1,20.71,10.98,S3,31.1,20.71,10.78,S3,7.295,0,S3,site_s3,S3,S3,S3,129.5,0.0,0.0,153.8,1,1,1,,
1786350020.996,c1,recommend,,0.0,26.76,14.03,3.79,S3,0,,0,200.0,obs,693,26.76,14.03,4.0,S3,26.76,14.03,4.0,S3,26.76,14.03,3.79,S3,7.295,0,S3,site_s3,S3,S3,S3,173.5,0.0,0.0,184.7,1,1,1,,
1786350020.996,c2,reserve,,0.0,26.34,13.67,4.0,S3,0,,0,36.0,obs,351,26.34,13.67,3.65,S3,26.34,13.67,3.65,S3,26.34,13.67,4.0,S3,7.295,0,S3,site_s3,S3,S3,S3,88.0,0.0,0.0,209.2,1,1,1,,
1786350020.996,c2,search,,0.0,31.1,20.71,10.78,S3,0,,0,4474.0,obs,518,31.1,20.71,10.98,S3,31.1,20.71,10.98,S3,31.1,20.71,10.78,S3,7.295,0,S3,site_s3,S3,S3,S3,129.5,0.0,0.0,338.7,1,1,1,,
1786350020.996,c2,recommend,,0.0,26.76,14.03,3.79,S3,0,,0,200.0,obs,693,26.76,14.03,4.0,S3,26.76,14.03,4.0,S3,26.76,14.03,3.79,S3,7.295,0,S3,site_s3,S3,S3,S3,173.0,0.0,0.0,369.5,1,1,1,,
1786350021.996,c1,reserve,,0.0,26.34,13.67,4.08,S3,0,,0,36.0,obs,346,26.34,13.67,3.65,S3,26.34,13.67,3.65,S3,26.34,13.67,4.08,S3,7.327,0,S3,site_s3,S3,S3,S3,86.5,0.0,0.0,24.0,1,1,1,,
1786350021.996,c1,search,,0.0,31.1,20.71,10.74,S3,0,,0,4474.0,obs,519,31.1,20.71,10.98,S3,31.1,20.71,10.98,S3,31.1,20.71,10.74,S3,7.327,0,S3,site_s3,S3,S3,S3,130.0,0.0,0.0,154.0,1,1,1,,
1786350021.996,c1,recommend,,0.0,26.76,14.03,3.86,S3,0,,0,200.0,obs,698,26.76,14.03,4.0,S3,26.76,14.03,4.0,S3,26.76,14.03,3.86,S3,7.327,0,S3,site_s3,S3,S3,S3,174.5,0.0,0.0,185.1,1,1,1,,
1786350021.996,c2,reserve,,0.0,26.34,13.67,4.08,S3,0,,0,36.0,obs,346,26.34,13.67,3.65,S3,26.34,13.67,3.65,S3,26.34,13.67,4.08,S3,7.327,0,S3,site_s3,S3,S3,S3,86.5,0.0,0.0,209.2,1,1,1,,
1786350021.996,c2,search,,0.0,31.1,20.71,10.74,S3,0,,0,4474.0,obs,519,31.1,20.71,10.98,S3,31.1,20.71,10.98,S3,31.1,20.71,10.74,S3,7.327,0,S3,site_s3,S3,S3,S3,129.5,0.0,0.0,338.7,1,1,1,,
1786350021.996,c2,recommend,,0.0,26.76,14.03,3.86,S3,0,,0,200.0,obs,698,26.76,14.03,4.0,S3,26.76,14.03,4.0,S3,26.76,14.03,3.86,S3,7.327,0,S3,site_s3,S3,S3,S3,174.5,0.0,0.0,369.7,1,1,1,,
1786350022.996,c1,reserve,,0.0,26.34,13.67,3.99,S3,0,,0,36.0,obs,344,26.34,13.67,3.65,S3,26.34,13.67,3.65,S3,26.34,13.67,3.99,S3,7.267,0,S3,site_s3,S3,S3,S3,86.0,0.0,0.0,23.9,1,1,1,,
1786350022.996,c1,search,,0.0,31.1,20.71,10.74,S3,0,,0,4474.0,obs,521,31.1,20.71,10.98,S3,31.1,20.71,10.98,S3,31.1,20.71,10.74,S3,7.267,0,S3,site_s3,S3,S3,S3,130.5,0.0,0.0,154.4,1,1,1,,
1786350022.996,c1,recommend,,0.0,26.76,14.03,3.75,S3,0,,0,200.0,obs,698,26.76,14.03,4.0,S3,26.76,14.03,4.0,S3,26.76,14.03,3.75,S3,7.267,0,S3,site_s3,S3,S3,S3,174.5,0.0,0.0,185.5,1,1,1,,
1786350022.996,c2,reserve,,0.0,26.34,13.67,3.99,S3,0,,0,36.0,obs,344,26.34,13.67,3.65,S3,26.34,13.67,3.65,S3,26.34,13.67,3.99,S3,7.267,0,S3,site_s3,S3,S3,S3,86.0,0.0,0.0,209.4,1,1,1,,
1786350022.996,c2,search,,0.0,31.1,20.71,10.74,S3,0,,0,4474.0,obs,521,31.1,20.71,10.98,S3,31.1,20.71,10.98,S3,31.1,20.71,10.74,S3,7.267,0,S3,site_s3,S3,S3,S3,130.0,0.0,0.0,339.4,1,1,1,,
1786350022.996,c2,recommend,,0.0,26.76,14.03,3.75,S3,0,,0,200.0,obs,698,26.76,14.03,4.0,S3,26.76,14.03,4.0,S3,26.76,14.03,3.75,S3,7.267,0,S3,site_s3,S3,S3,S3,174.5,0.0,0.0,370.4,1,1,1,,
1786350023.996,c1,reserve,,0.0,26.34,13.67,3.91,S3,0,,0,36.0,obs,348,26.34,13.67,3.65,S3,26.34,13.67,3.65,S3,26.34,13.67,3.91,S3,7.313,0,S3,site_s3,S3,S3,S3,87.0,0.0,0.0,24.2,1,1,1,,
1786350023.996,c1,search,,0.0,31.1,20.71,10.58,S3,0,,0,4474.0,obs,522,31.1,20.71,10.98,S3,31.1,20.71,10.98,S3,31.1,20.71,10.58,S3,7.313,0,S3,site_s3,S3,S3,S3,130.5,0.0,0.0,154.7,1,1,1,,
1786350023.996,c1,recommend,,0.0,26.76,14.03,3.7,S3,0,,0,200.0,obs,693,26.76,14.03,4.0,S3,26.76,14.03,4.0,S3,26.76,14.03,3.7,S3,7.313,0,S3,site_s3,S3,S3,S3,173.5,0.0,0.0,185.6,1,1,1,,
1786350023.996,c2,reserve,,0.0,26.34,13.67,3.91,S3,0,,0,36.0,obs,348,26.34,13.67,3.65,S3,26.34,13.67,3.65,S3,26.34,13.67,3.91,S3,7.313,0,S3,site_s3,S3,S3,S3,87.0,0.0,0.0,209.8,1,1,1,,
1786350023.996,c2,search,,0.0,31.1,20.71,10.58,S3,0,,0,4474.0,obs,522,31.1,20.71,10.98,S3,31.1,20.71,10.98,S3,31.1,20.71,10.58,S3,7.313,0,S3,site_s3,S3,S3,S3,130.5,0.0,0.0,340.3,1,1,1,,
1786350023.996,c2,recommend,,0.0,26.76,14.03,3.7,S3,0,,0,200.0,obs,693,26.76,14.03,4.0,S3,26.76,14.03,4.0,S3,26.76,14.03,3.7,S3,7.313,0,S3,site_s3,S3,S3,S3,173.0,0.0,0.0,371.0,1,1,1,,
1786350024.997,c1,reserve,,0.0,26.34,13.67,3.84,S3,0,,0,36.0,obs,351,26.34,13.67,3.65,S3,26.34,13.67,3.65,S3,26.34,13.67,3.84,S3,7.312,0,S3,site_s3,S3,S3,S3,87.5,0.0,0.0,24.3,1,1,1,,
1786350024.997,c1,search,,0.0,31.1,20.71,10.59,S3,0,,0,4474.0,obs,521,31.1,20.71,10.98,S3,31.1,20.71,10.98,S3,31.1,20.71,10.59,S3,7.312,0,S3,site_s3,S3,S3,S3,130.5,0.0,0.0,154.8,1,1,1,,
1786350024.997,c1,recommend,,0.0,26.76,14.03,3.82,S3,0,,0,200.0,obs,692,26.76,14.03,4.0,S3,26.76,14.03,4.0,S3,26.76,14.03,3.82,S3,7.312,0,S3,site_s3,S3,S3,S3,173.0,0.0,0.0,185.6,1,1,1,,
1786350024.997,c2,reserve,,0.0,26.34,13.67,3.84,S3,0,,0,36.0,obs,351,26.34,13.67,3.65,S3,26.34,13.67,3.65,S3,26.34,13.67,3.84,S3,7.312,0,S3,site_s3,S3,S3,S3,88.0,0.0,0.0,210.1,1,1,1,,
1786350024.997,c2,search,,0.0,31.1,20.71,10.59,S3,0,,0,4474.0,obs,521,31.1,20.71,10.98,S3,31.1,20.71,10.98,S3,31.1,20.71,10.59,S3,7.312,0,S3,site_s3,S3,S3,S3,130.0,0.0,0.0,340.1,1,1,1,,
1786350024.997,c2,recommend,,0.0,26.76,14.03,3.82,S3,0,,0,200.0,obs,692,26.76,14.03,4.0,S3,26.76,14.03,4.0,S3,26.76,14.03,3.82,S3,7.312,0,S3,site_s3,S3,S3,S3,173.0,0.0,0.0,370.9,1,1,1,,
1786350025.996,c1,reserve,,0.0,26.34,13.67,3.79,S3,0,,0,36.0,obs,350,26.34,13.67,3.65,S3,26.34,13.67,3.65,S3,26.34,13.67,3.79,S3,7.276,0,S3,site_s3,S3,S3,S3,87.5,0.0,0.0,24.3,1,1,1,,
1786350025.996,c1,search,,0.0,31.1,20.71,10.65,S3,0,,0,4474.0,obs,518,31.1,20.71,10.98,S3,31.1,20.71,10.98,S3,31.1,20.71,10.65,S3,7.276,0,S3,site_s3,S3,S3,S3,129.5,0.0,0.0,153.8,1,1,1,,
1786350025.996,c1,recommend,,0.0,26.76,14.03,3.78,S3,0,,0,200.0,obs,697,26.76,14.03,4.0,S3,26.76,14.03,4.0,S3,26.76,14.03,3.78,S3,7.276,0,S3,site_s3,S3,S3,S3,174.5,0.0,0.0,184.9,1,1,1,,
1786350025.996,c2,reserve,,0.0,26.34,13.67,3.79,S3,0,,0,36.0,obs,350,26.34,13.67,3.65,S3,26.34,13.67,3.65,S3,26.34,13.67,3.79,S3,7.276,0,S3,site_s3,S3,S3,S3,87.5,0.0,0.0,209.2,1,1,1,,
1786350025.996,c2,search,,0.0,31.1,20.71,10.65,S3,0,,0,4474.0,obs,518,31.1,20.71,10.98,S3,31.1,20.71,10.98,S3,31.1,20.71,10.65,S3,7.276,0,S3,site_s3,S3,S3,S3,129.5,0.0,0.0,338.7,1,1,1,,
1786350025.996,c2,recommend,,0.0,26.76,14.03,3.78,S3,0,,0,200.0,obs,697,26.76,14.03,4.0,S3,26.76,14.03,4.0,S3,26.76,14.03,3.78,S3,7.276,0,S3,site_s3,S3,S3,S3,174.0,0.0,0.0,369.7,1,1,1,,
1786350026.996,c1,reserve,,0.0,26.34,13.67,3.88,S3,0,,0,36.0,obs,344,26.34,13.67,3.65,S3,26.34,13.67,3.65,S3,26.34,13.67,3.88,S3,7.277,0,S3,site_s3,S3,S3,S3,86.0,0.0,0.0,23.9,1,1,1,,
1786350026.996,c1,search,,0.0,31.1,20.71,10.64,S3,0,,0,4474.0,obs,522,31.1,20.71,10.98,S3,31.1,20.71,10.98,S3,31.1,20.71,10.64,S3,7.277,0,S3,site_s3,S3,S3,S3,130.5,0.0,0.0,154.4,1,1,1,,
1786350026.996,c1,recommend,,0.0,26.76,14.03,3.82,S3,0,,0,200.0,obs,701,26.76,14.03,4.0,S3,26.76,14.03,4.0,S3,26.76,14.03,3.82,S3,7.277,0,S3,site_s3,S3,S3,S3,175.5,0.0,0.0,185.6,1,1,1,,
1786350026.996,c2,reserve,,0.0,26.34,13.67,3.88,S3,0,,0,36.0,obs,344,26.34,13.67,3.65,S3,26.34,13.67,3.65,S3,26.34,13.67,3.88,S3,7.277,0,S3,site_s3,S3,S3,S3,86.0,0.0,0.0,209.6,1,1,1,,
1786350026.996,c2,search,,0.0,31.1,20.71,10.64,S3,0,,0,4474.0,obs,522,31.1,20.71,10.98,S3,31.1,20.71,10.98,S3,31.1,20.71,10.64,S3,7.277,0,S3,site_s3,S3,S3,S3,130.5,0.0,0.0,340.1,1,1,1,,
1786350026.996,c2,recommend,,0.0,26.76,14.03,3.82,S3,0,,0,200.0,obs,701,26.76,14.03,4.0,S3,26.76,14.03,4.0,S3,26.76,14.03,3.82,S3,7.277,0,S3,site_s3,S3,S3,S3,175.0,0.0,0.0,371.2,1,1,1,,
1786350027.997,c1,reserve,,0.0,26.34,13.67,3.9,S3,0,,0,36.0,obs,345,26.34,13.67,3.65,S3,26.34,13.67,3.65,S3,26.34,13.67,3.9,S3,7.301,0,S3,site_s3,S3,S3,S3,86.5,0.0,0.0,24.0,1,1,1,,
1786350027.997,c1,search,,0.0,31.1,20.71,10.64,S3,0,,0,4474.0,obs,525,31.1,20.71,10.98,S3,31.1,20.71,10.98,S3,31.1,20.71,10.64,S3,7.301,0,S3,site_s3,S3,S3,S3,131.0,0.0,0.0,155.0,1,1,1,,
1786350027.997,c1,recommend,,0.0,26.76,14.03,3.81,S3,0,,0,200.0,obs,697,26.76,14.03,4.0,S3,26.76,14.03,4.0,S3,26.76,14.03,3.81,S3,7.301,0,S3,site_s3,S3,S3,S3,174.0,0.0,0.0,186.0,1,1,1,,
1786350027.997,c2,reserve,,0.0,26.34,13.67,3.9,S3,0,,0,36.0,obs,345,26.34,13.67,3.65,S3,26.34,13.67,3.65,S3,26.34,13.67,3.9,S3,7.301,0,S3,site_s3,S3,S3,S3,86.0,0.0,0.0,209.9,1,1,1,,
1786350027.997,c2,search,,0.0,31.1,20.71,10.64,S3,0,,0,4474.0,obs,525,31.1,20.71,10.98,S3,31.1,20.71,10.98,S3,31.1,20.71,10.64,S3,7.301,0,S3,site_s3,S3,S3,S3,131.5,0.0,0.0,341.4,1,1,1,,
1786350027.997,c2,recommend,,0.0,26.76,14.03,3.81,S3,0,,0,200.0,obs,697,26.76,14.03,4.0,S3,26.76,14.03,4.0,S3,26.76,14.03,3.81,S3,7.301,0,S3,site_s3,S3,S3,S3,174.5,0.0,0.0,372.5,1,1,1,,
1786350028.996,c1,reserve,,0.0,26.34,13.67,3.89,S3,0,,0,36.0,obs,350,26.34,13.67,3.65,S3,26.34,13.67,3.65,S3,26.34,13.67,3.89,S3,7.285,0,S3,site_s3,S3,S3,S3,87.5,0.0,0.0,24.3,1,1,1,,
1786350028.996,c1,search,,0.0,31.1,20.71,10.75,S3,0,,0,4474.0,obs,525,31.1,20.71,10.98,S3,31.1,20.71,10.98,S3,31.1,20.71,10.75,S3,7.285,0,S3,site_s3,S3,S3,S3,131.0,0.0,0.0,155.3,1,1,1,,
1786350028.996,c1,recommend,,0.0,26.76,14.03,3.79,S3,0,,0,200.0,obs,694,26.76,14.03,4.0,S3,26.76,14.03,4.0,S3,26.76,14.03,3.79,S3,7.285,0,S3,site_s3,S3,S3,S3,173.5,0.0,0.0,186.2,1,1,1,,
1786350028.996,c2,reserve,,0.0,26.34,13.67,3.89,S3,0,,0,36.0,obs,350,26.34,13.67,3.65,S3,26.34,13.67,3.65,S3,26.34,13.67,3.89,S3,7.285,0,S3,site_s3,S3,S3,S3,87.5,0.0,0.0,210.5,1,1,1,,
1786350028.996,c2,search,,0.0,31.1,20.71,10.75,S3,0,,0,4474.0,obs,525,31.1,20.71,10.98,S3,31.1,20.71,10.98,S3,31.1,20.71,10.75,S3,7.285,0,S3,site_s3,S3,S3,S3,131.0,0.0,0.0,341.5,1,1,1,,
1786350028.996,c2,recommend,,0.0,26.76,14.03,3.79,S3,0,,0,200.0,obs,694,26.76,14.03,4.0,S3,26.76,14.03,4.0,S3,26.76,14.03,3.79,S3,7.285,0,S3,site_s3,S3,S3,S3,173.5,0.0,0.0,372.4,1,1,1,,
1786350029.996,c1,reserve,,0.0,26.34,13.67,3.89,S3,0,,0,36.0,obs,354,26.34,13.67,3.65,S3,26.34,13.67,3.65,S3,26.34,13.67,3.89,S3,7.304,0,S3,site_s3,S3,S3,S3,88.5,0.0,0.0,24.6,1,1,1,,
1786350029.996,c1,search,,0.0,31.1,20.71,10.86,S3,0,,0,4474.0,obs,520,31.1,20.71,10.98,S3,31.1,20.71,10.98,S3,31.1,20.71,10.86,S3,7.304,0,S3,site_s3,S3,S3,S3,130.0,0.0,0.0,154.6,1,1,1,,
1786350029.996,c1,recommend,,0.0,26.76,14.03,3.84,S3,0,,0,200.0,obs,695,26.76,14.03,4.0,S3,26.76,14.03,4.0,S3,26.76,14.03,3.84,S3,7.304,0,S3,site_s3,S3,S3,S3,174.0,0.0,0.0,185.6,1,1,1,,
1786350029.996,c2,reserve,,0.0,26.34,13.67,3.89,S3,0,,0,36.0,obs,354,26.34,13.67,3.65,S3,26.34,13.67,3.65,S3,26.34,13.67,3.89,S3,7.304,0,S3,site_s3,S3,S3,S3,88.5,0.0,0.0,210.2,1,1,1,,
1786350029.996,c2,search,,0.0,31.1,20.71,10.86,S3,0,,0,4474.0,obs,520,31.1,20.71,10.98,S3,31.1,20.71,10.98,S3,31.1,20.71,10.86,S3,7.304,0,S3,site_s3,S3,S3,S3,130.0,0.0,0.0,340.2,1,1,1,,
1786350029.996,c2,recommend,,0.0,26.76,14.03,3.84,S3,0,,0,200.0,obs,695,26.76,14.03,4.0,S3,26.76,14.03,4.0,S3,26.76,14.03,3.84,S3,7.304,0,S3,site_s3,S3,S3,S3,173.5,0.0,0.0,371.1,1,1,1,,
1786350030.996,c1,reserve,,0.0,26.34,13.67,3.84,S3,0,,0,36.0,obs,348,26.34,13.67,3.65,S3,26.34,13.67,3.65,S3,26.34,13.67,3.84,S3,7.299,0,S3,site_s3,S3,S3,S3,87.0,0.0,0.0,24.2,1,1,1,,
1786350030.996,c1,search,,0.0,31.1,20.71,10.7,S3,0,,0,4474.0,obs,521,31.1,20.71,10.98,S3,31.1,20.71,10.98,S3,31.1,20.71,10.7,S3,7.299,0,S3,site_s3,S3,S3,S3,130.5,0.0,0.0,154.7,1,1,1,,
1786350030.996,c1,recommend,,0.0,26.76,14.03,3.84,S3,0,,0,200.0,obs,701,26.76,14.03,4.0,S3,26.76,14.03,4.0,S3,26.76,14.03,3.84,S3,7.299,0,S3,site_s3,S3,S3,S3,175.0,0.0,0.0,185.8,1,1,1,,
1786350030.996,c2,reserve,,0.0,26.34,13.67,3.84,S3,0,,0,36.0,obs,348,26.34,13.67,3.65,S3,26.34,13.67,3.65,S3,26.34,13.67,3.84,S3,7.299,0,S3,site_s3,S3,S3,S3,87.0,0.0,0.0,210.0,1,1,1,,
1786350030.996,c2,search,,0.0,31.1,20.71,10.7,S3,0,,0,4474.0,obs,521,31.1,20.71,10.98,S3,31.1,20.71,10.98,S3,31.1,20.71,10.7,S3,7.299,0,S3,site_s3,S3,S3,S3,130.0,0.0,0.0,340.0,1,1,1,,
1786350030.996,c2,recommend,,0.0,26.76,14.03,3.84,S3,0,,0,200.0,obs,701,26.76,14.03,4.0,S3,26.76,14.03,4.0,S3,26.76,14.03,3.84,S3,7.299,0,S3,site_s3,S3,S3,S3,175.5,0.0,0.0,371.3,1,1,1,,
1786350031.996,c1,reserve,,0.0,26.34,13.67,3.91,S3,0,,0,36.0,obs,346,26.34,13.67,3.65,S3,26.34,13.67,3.65,S3,26.34,13.67,3.91,S3,7.345,0,S3,site_s3,S3,S3,S3,86.5,0.0,0.0,24.0,1,1,1,,
1786350031.996,c1,search,,0.0,31.1,20.71,10.62,S3,0,,0,4474.0,obs,523,31.1,20.71,10.98,S3,31.1,20.71,10.98,S3,31.1,20.71,10.62,S3,7.345,0,S3,site_s3,S3,S3,S3,131.0,0.0,0.0,155.0,1,1,1,,
1786350031.996,c1,recommend,,0.0,26.76,14.03,3.73,S3,0,,0,200.0,obs,702,26.76,14.03,4.0,S3,26.76,14.03,4.0,S3,26.76,14.03,3.73,S3,7.345,0,S3,site_s3,S3,S3,S3,175.5,0.0,0.0,186.3,1,1,1,,
1786350031.996,c2,reserve,,0.0,26.34,13.67,3.91,S3,0,,0,36.0,obs,346,26.34,13.67,3.65,S3,26.34,13.67,3.65,S3,26.34,13.67,3.91,S3,7.345,0,S3,site_s3,S3,S3,S3,86.5,0.0,0.0,210.3,1,1,1,,
1786350031.996,c2,search,,0.0,31.1,20.71,10.62,S3,0,,0,4474.0,obs,523,31.1,20.71,10.98,S3,31.1,20.71,10.98,S3,31.1,20.71,10.62,S3,7.345,0,S3,site_s3,S3,S3,S3,130.5,0.0,0.0,340.8,1,1,1,,
1786350031.996,c2,recommend,,0.0,26.76,14.03,3.73,S3,0,,0,200.0,obs,702,26.76,14.03,4.0,S3,26.76,14.03,4.0,S3,26.76,14.03,3.73,S3,7.345,0,S3,site_s3,S3,S3,S3,175.5,0.0,0.0,372.1,1,1,1,,
1786350032.996,c1,reserve,,0.0,26.34,13.67,3.95,S3,0,,0,36.0,obs,348,26.34,13.67,3.65,S3,26.34,13.67,3.65,S3,26.34,13.67,3.95,S3,7.28,0,S3,site_s3,S3,S3,S3,87.0,0.0,0.0,24.2,1,1,1,,
1786350032.996,c1,search,,0.0,31.1,20.71,10.62,S3,0,,0,4474.0,obs,526,31.1,20.71,10.98,S3,31.1,20.71,10.98,S3,31.1,20.71,10.62,S3,7.28,0,S3,site_s3,S3,S3,S3,131.5,0.0,0.0,155.7,1,1,1,,
1786350032.996,c1,recommend,,0.0,26.76,14.03,3.74,S3,0,,0,200.0,obs,699,26.76,14.03,4.0,S3,26.76,14.03,4.0,S3,26.76,14.03,3.74,S3,7.28,0,S3,site_s3,S3,S3,S3,175.0,0.0,0.0,186.8,1,1,1,,
1786350032.996,c2,reserve,,0.0,26.34,13.67,3.95,S3,0,,0,36.0,obs,348,26.34,13.67,3.65,S3,26.34,13.67,3.65,S3,26.34,13.67,3.95,S3,7.28,0,S3,site_s3,S3,S3,S3,87.0,0.0,0.0,211.0,1,1,1,,
1786350032.996,c2,search,,0.0,31.1,20.71,10.62,S3,0,,0,4474.0,obs,526,31.1,20.71,10.98,S3,31.1,20.71,10.98,S3,31.1,20.71,10.62,S3,7.28,0,S3,site_s3,S3,S3,S3,131.5,0.0,0.0,342.5,1,1,1,,
1786350032.996,c2,recommend,,0.0,26.76,14.03,3.74,S3,0,,0,200.0,obs,699,26.76,14.03,4.0,S3,26.76,14.03,4.0,S3,26.76,14.03,3.74,S3,7.28,0,S3,site_s3,S3,S3,S3,174.5,0.0,0.0,373.6,1,1,1,,
1786350033.997,c1,reserve,,0.0,26.34,13.67,3.98,S3,0,,0,36.0,obs,352,26.34,13.67,3.65,S3,26.34,13.67,3.65,S3,26.34,13.67,3.98,S3,7.35,0,S3,site_s3,S3,S3,S3,88.0,0.0,0.0,24.5,1,1,1,,
1786350033.997,c1,search,,0.0,31.1,20.71,10.71,S3,0,,0,4474.0,obs,525,31.1,20.71,10.98,S3,31.1,20.71,10.98,S3,31.1,20.71,10.71,S3,7.35,0,S3,site_s3,S3,S3,S3,131.0,0.0,0.0,155.5,1,1,1,,
1786350033.997,c1,recommend,,0.0,26.76,14.03,3.78,S3,0,,0,200.0,obs,695,26.76,14.03,4.0,S3,26.76,14.03,4.0,S3,26.76,14.03,3.78,S3,7.35,0,S3,site_s3,S3,S3,S3,173.5,0.0,0.0,186.3,1,1,1,,
1786350033.997,c2,reserve,,0.0,26.34,13.67,3.98,S3,0,,0,36.0,obs,352,26.34,13.67,3.65,S3,26.34,13.67,3.65,S3,26.34,13.67,3.98,S3,7.35,0,S3,site_s3,S3,S3,S3,88.0,0.0,0.0,210.8,1,1,1,,
1786350033.997,c2,search,,0.0,31.1,20.71,10.71,S3,0,,0,4474.0,obs,525,31.1,20.71,10.98,S3,31.1,20.71,10.98,S3,31.1,20.71,10.71,S3,7.35,0,S3,site_s3,S3,S3,S3,131.5,0.0,0.0,342.3,1,1,1,,
1786350033.997,c2,recommend,,0.0,26.76,14.03,3.78,S3,0,,0,200.0,obs,695,26.76,14.03,4.0,S3,26.76,14.03,4.0,S3,26.76,14.03,3.78,S3,7.35,0,S3,site_s3,S3,S3,S3,174.0,0.0,0.0,373.3,1,1,1,,
1786350034.996,c1,reserve,,0.0,26.34,13.67,3.95,S3,0,,0,36.0,obs,352,26.34,13.67,3.65,S3,26.34,13.67,3.65,S3,26.34,13.67,3.95,S3,7.333,0,S3,site_s3,S3,S3,S3,88.0,0.0,0.0,24.5,1,1,1,,
1786350034.996,c1,search,,0.0,31.1,20.71,10.66,S3,0,,0,4474.0,obs,522,31.1,20.71,10.98,S3,31.1,20.71,10.98,S3,31.1,20.71,10.66,S3,7.333,0,S3,site_s3,S3,S3,S3,130.5,0.0,0.0,155.0,1,1,1,,
1786350034.996,c1,recommend,,0.0,26.76,14.03,3.75,S3,0,,0,200.0,obs,701,26.76,14.03,4.0,S3,26.76,14.03,4.0,S3,26.76,14.03,3.75,S3,7.333,0,S3,site_s3,S3,S3,S3,175.5,0.0,0.0,186.2,1,1,1,,
1786350034.996,c2,reserve,,0.0,26.34,13.67,3.95,S3,0,,0,36.0,obs,352,26.34,13.67,3.65,S3,26.34,13.67,3.65,S3,26.34,13.67,3.95,S3,7.333,0,S3,site_s3,S3,S3,S3,88.0,0.0,0.0,210.7,1,1,1,,
1786350034.996,c2,search,,0.0,31.1,20.71,10.66,S3,0,,0,4474.0,obs,522,31.1,20.71,10.98,S3,31.1,20.71,10.98,S3,31.1,20.71,10.66,S3,7.333,0,S3,site_s3,S3,S3,S3,130.5,0.0,0.0,341.2,1,1,1,,
1786350034.996,c2,recommend,,0.0,26.76,14.03,3.75,S3,0,,0,200.0,obs,701,26.76,14.03,4.0,S3,26.76,14.03,4.0,S3,26.76,14.03,3.75,S3,7.333,0,S3,site_s3,S3,S3,S3,175.0,0.0,0.0,372.3,1,1,1,,
1786350035.997,c1,reserve,,0.0,26.34,13.67,3.78,S3,0,,0,36.0,obs,348,26.34,13.67,3.65,S3,26.34,13.67,3.65,S3,26.34,13.67,3.78,S3,7.32,0,S3,site_s3,S3,S3,S3,87.0,0.0,0.0,24.2,1,1,1,,
1786350035.997,c1,search,,0.0,31.1,20.71,10.49,S3,0,,0,4474.0,obs,523,31.1,20.71,10.98,S3,31.1,20.71,10.98,S3,31.1,20.71,10.49,S3,7.32,0,S3,site_s3,S3,S3,S3,131.0,0.0,0.0,155.2,1,1,1,,
1786350035.997,c1,recommend,,0.0,26.76,14.03,3.76,S3,0,,0,200.0,obs,702,26.76,14.03,4.0,S3,26.76,14.03,4.0,S3,26.76,14.03,3.76,S3,7.32,0,S3,site_s3,S3,S3,S3,175.5,0.0,0.0,186.4,1,1,1,,
1786350035.997,c2,reserve,,0.0,26.34,13.67,3.78,S3,0,,0,36.0,obs,348,26.34,13.67,3.65,S3,26.34,13.67,3.65,S3,26.34,13.67,3.78,S3,7.32,0,S3,site_s3,S3,S3,S3,87.0,0.0,0.0,210.6,1,1,1,,
1786350035.997,c2,search,,0.0,31.1,20.71,10.49,S3,0,,0,4474.0,obs,523,31.1,20.71,10.98,S3,31.1,20.71,10.98,S3,31.1,20.71,10.49,S3,7.32,0,S3,site_s3,S3,S3,S3,130.5,0.0,0.0,341.1,1,1,1,,
1786350035.997,c2,recommend,,0.0,26.76,14.03,3.76,S3,0,,0,200.0,obs,702,26.76,14.03,4.0,S3,26.76,14.03,4.0,S3,26.76,14.03,3.76,S3,7.32,0,S3,site_s3,S3,S3,S3,175.5,0.0,0.0,372.3,1,1,1,,
1786350036.996,c1,reserve,,0.0,26.34,13.67,3.87,S3,0,,0,36.0,obs,347,26.34,13.67,3.65,S3,26.34,13.67,3.65,S3,26.34,13.67,3.87,S3,7.285,0,S3,site_s3,S3,S3,S3,87.0,0.0,0.0,24.2,1,1,1,,
1786350036.996,c1,search,,0.0,31.1,20.71,10.62,S3,0,,0,4474.0,obs,527,31.1,20.71,10.98,S3,31.1,20.71,10.98,S3,31.1,20.71,10.62,S3,7.285,0,S3,site_s3,S3,S3,S3,131.5,0.0,0.0,155.7,1,1,1,,
1786350036.996,c1,recommend,,0.0,26.76,14.03,3.71,S3,0,,0,200.0,obs,701,26.76,14.03,4.0,S3,26.76,14.03,4.0,S3,26.76,14.03,3.71,S3,7.285,0,S3,site_s3,S3,S3,S3,175.0,0.0,0.0,186.8,1,1,1,,
1786350036.996,c2,reserve,,0.0,26.34,13.67,3.87,S3,0,,0,36.0,obs,347,26.34,13.67,3.65,S3,26.34,13.67,3.65,S3,26.34,13.67,3.87,S3,7.285,0,S3,site_s3,S3,S3,S3,86.5,0.0,0.0,210.9,1,1,1,,
1786350036.996,c2,search,,0.0,31.1,20.71,10.62,S3,0,,0,4474.0,obs,527,31.1,20.71,10.98,S3,31.1,20.71,10.98,S3,31.1,20.71,10.62,S3,7.285,0,S3,site_s3,S3,S3,S3,132.0,0.0,0.0,342.9,1,1,1,,
1786350036.996,c2,recommend,,0.0,26.76,14.03,3.71,S3,0,,0,200.0,obs,701,26.76,14.03,4.0,S3,26.76,14.03,4.0,S3,26.76,14.03,3.71,S3,7.285,0,S3,site_s3,S3,S3,S3,175.5,0.0,0.0,374.1,1,1,1,,
1786350037.997,c1,reserve,,0.0,26.34,13.67,4.0,S3,0,,0,36.0,obs,352,26.34,13.67,3.65,S3,26.34,13.67,3.65,S3,26.34,13.67,4.0,S3,7.428,0,S3,site_s3,S3,S3,S3,88.0,0.0,0.0,24.5,1,1,1,,
1786350037.997,c1,search,,0.0,31.1,20.71,10.7,S3,0,,0,4474.0,obs,526,31.1,20.71,10.98,S3,31.1,20.71,10.98,S3,31.1,20.71,10.7,S3,7.428,0,S3,site_s3,S3,S3,S3,131.5,0.0,0.0,156.0,1,1,1,,
1786350037.997,c1,recommend,,0.0,26.76,14.03,3.83,S3,0,,0,200.0,obs,700,26.76,14.03,4.0,S3,26.76,14.03,4.0,S3,26.76,14.03,3.83,S3,7.428,0,S3,site_s3,S3,S3,S3,175.0,0.0,0.0,187.1,1,1,1,,
1786350037.997,c2,reserve,,0.0,26.34,13.67,4.0,S3,0,,0,36.0,obs,352,26.34,13.67,3.65,S3,26.34,13.67,3.65,S3,26.34,13.67,4.0,S3,7.428,0,S3,site_s3,S3,S3,S3,88.0,0.0,0.0,211.6,1,1,1,,
1786350037.997,c2,search,,0.0,31.1,20.71,10.7,S3,0,,0,4474.0,obs,526,31.1,20.71,10.98,S3,31.1,20.71,10.98,S3,31.1,20.71,10.7,S3,7.428,0,S3,site_s3,S3,S3,S3,131.5,0.0,0.0,343.1,1,1,1,,
1786350037.997,c2,recommend,,0.0,26.76,14.03,3.83,S3,0,,0,200.0,obs,700,26.76,14.03,4.0,S3,26.76,14.03,4.0,S3,26.76,14.03,3.83,S3,7.428,0,S3,site_s3,S3,S3,S3,175.0,0.0,0.0,374.2,1,1,1,,
1786350038.997,c1,reserve,,0.0,26.34,13.67,3.95,S3,0,,0,36.0,obs,354,26.34,13.67,3.65,S3,26.34,13.67,3.65,S3,26.34,13.67,3.95,S3,7.368,0,S3,site_s3,S3,S3,S3,88.5,0.0,0.0,24.6,1,1,1,,
1786350038.997,c1,search,,0.0,31.1,20.71,10.74,S3,0,,0,4474.0,obs,524,31.1,20.71,10.98,S3,31.1,20.71,10.98,S3,31.1,20.71,10.74,S3,7.368,0,S3,site_s3,S3,S3,S3,131.0,0.0,0.0,155.6,1,1,1,,
1786350038.997,c1,recommend,,0.0,26.76,14.03,3.89,S3,0,,0,200.0,obs,699,26.76,14.03,4.0,S3,26.76,14.03,4.0,S3,26.76,14.03,3.89,S3,7.368,0,S3,site_s3,S3,S3,S3,174.5,0.0,0.0,186.7,1,1,1,,
1786350038.997,c2,reserve,,0.0,26.34,13.67,3.95,S3,0,,0,36.0,obs,354,26.34,13.67,3.65,S3,26.34,13.67,3.65,S3,26.34,13.67,3.95,S3,7.368,0,S3,site_s3,S3,S3,S3,88.5,0.0,0.0,211.3,1,1,1,,
1786350038.997,c2,search,,0.0,31.1,20.71,10.74,S3,0,,0,4474.0,obs,524,31.1,20.71,10.98,S3,31.1,20.71,10.98,S3,31.1,20.71,10.74,S3,7.368,0,S3,site_s3,S3,S3,S3,131.0,0.0,0.0,342.3,1,1,1,,
1786350038.997,c2,recommend,,0.0,26.76,14.03,3.89,S3,0,,0,200.0,obs,699,26.76,14.03,4.0,S3,26.76,14.03,4.0,S3,26.76,14.03,3.89,S3,7.368,0,S3,site_s3,S3,S3,S3,175.0,0.0,0.0,373.4,1,1,1,,
1786350039.997,c1,reserve,,0.0,26.34,13.67,4.0,S3,0,,0,36.0,obs,350,26.34,13.67,3.65,S3,26.34,13.67,3.65,S3,26.34,13.67,4.0,S3,7.312,0,S3,site_s3,S3,S3,S3,87.5,0.0,0.0,24.3,1,1,1,,
1786350039.997,c1,search,,0.0,31.1,20.71,10.64,S3,0,,0,4474.0,obs,522,31.1,20.71,10.98,S3,31.1,20.71,10.98,S3,31.1,20.71,10.64,S3,7.312,0,S3,site_s3,S3,S3,S3,130.5,0.0,0.0,154.8,1,1,1,,
1786350039.997,c1,recommend,,0.0,26.76,14.03,3.9,S3,0,,0,200.0,obs,704,26.76,14.03,4.0,S3,26.76,14.03,4.0,S3,26.76,14.03,3.9,S3,7.312,0,S3,site_s3,S3,S3,S3,176.0,0.0,0.0,186.2,1,1,1,,
1786350039.997,c2,reserve,,0.0,26.34,13.67,4.0,S3,0,,0,36.0,obs,350,26.34,13.67,3.65,S3,26.34,13.67,3.65,S3,26.34,13.67,4.0,S3,7.312,0,S3,site_s3,S3,S3,S3,87.5,0.0,0.0,210.5,1,1,1,,
1786350039.997,c2,search,,0.0,31.1,20.71,10.64,S3,0,,0,4474.0,obs,522,31.1,20.71,10.98,S3,31.1,20.71,10.98,S3,31.1,20.71,10.64,S3,7.312,0,S3,site_s3,S3,S3,S3,130.5,0.0,0.0,341.0,1,1,1,,
1786350039.997,c2,recommend,,0.0,26.76,14.03,3.9,S3,0,,0,200.0,obs,704,26.76,14.03,4.0,S3,26.76,14.03,4.0,S3,26.76,14.03,3.9,S3,7.312,0,S3,site_s3,S3,S3,S3,176.0,0.0,0.0,372.3,1,1,1,,
1786350040.997,c1,reserve,,0.0,26.34,13.67,4.07,S3,0,,0,36.0,obs,348,26.34,13.67,3.65,S3,26.34,13.67,3.65,S3,26.34,13.67,4.07,S3,7.366,0,S3,site_s3,S3,S3,S3,87.0,0.0,0.0,24.2,1,1,1,,
1786350040.997,c1,search,,0.0,31.1,20.71,10.71,S3,0,,0,4474.0,obs,525,31.1,20.71,10.98,S3,31.1,20.71,10.98,S3,31.1,20.71,10.71,S3,7.366,0,S3,site_s3,S3,S3,S3,131.0,0.0,0.0,155.2,1,1,1,,
1786350040.997,c1,recommend,,0.0,26.76,14.03,3.83,S3,0,,0,200.0,obs,704,26.76,14.03,4.0,S3,26.76,14.03,4.0,S3,26.76,14.03,3.83,S3,7.366,0,S3,site_s3,S3,S3,S3,176.0,0.0,0.0,186.5,1,1,1,,
1786350040.997,c2,reserve,,0.0,26.34,13.67,4.07,S3,0,,0,36.0,obs,348,26.34,13.67,3.65,S3,26.34,13.67,3.65,S3,26.34,13.67,4.07,S3,7.366,0,S3,site_s3,S3,S3,S3,87.0,0.0,0.0,210.7,1,1,1,,
1786350040.997,c2,search,,0.0,31.1,20.71,10.71,S3,0,,0,4474.0,obs,525,31.1,20.71,10.98,S3,31.1,20.71,10.98,S3,31.1,20.71,10.71,S3,7.366,0,S3,site_s3,S3,S3,S3,131.5,0.0,0.0,342.2,1,1,1,,
1786350040.997,c2,recommend,,0.0,26.76,14.03,3.83,S3,0,,0,200.0,obs,704,26.76,14.03,4.0,S3,26.76,14.03,4.0,S3,26.76,14.03,3.83,S3,7.366,0,S3,site_s3,S3,S3,S3,176.0,0.0,0.0,373.5,1,1,1,,
1786350041.997,c1,reserve,,0.0,26.34,13.67,3.98,S3,0,,0,36.0,obs,350,26.34,13.67,3.65,S3,26.34,13.67,3.65,S3,26.34,13.67,3.98,S3,7.304,0,S3,site_s3,S3,S3,S3,87.5,0.0,0.0,24.3,1,1,1,,
1786350041.997,c1,search,,0.0,31.1,20.71,10.59,S3,0,,0,4474.0,obs,528,31.1,20.71,10.98,S3,31.1,20.71,10.98,S3,31.1,20.71,10.59,S3,7.304,0,S3,site_s3,S3,S3,S3,132.0,0.0,0.0,156.3,1,1,1,,
1786350041.997,c1,recommend,,0.0,26.76,14.03,3.81,S3,0,,0,200.0,obs,700,26.76,14.03,4.0,S3,26.76,14.03,4.0,S3,26.76,14.03,3.81,S3,7.304,0,S3,site_s3,S3,S3,S3,175.0,0.0,0.0,187.5,1,1,1,,
1786350041.997,c2,reserve,,0.0,26.34,13.67,3.98,S3,0,,0,36.0,obs,350,26.34,13.67,3.65,S3,26.34,13.67,3.65,S3,26.34,13.67,3.98,S3,7.304,0,S3,site_s3,S3,S3,S3,87.5,0.0,0.0,211.8,1,1,1,,
1786350041.997,c2,search,,0.0,31.1,20.71,10.59,S3,0,,0,4474.0,obs,528,31.1,20.71,10.98,S3,31.1,20.71,10.98,S3,31.1,20.71,10.59,S3,7.304,0,S3,site_s3,S3,S3,S3,132.0,0.0,0.0,343.8,1,1,1,,
1786350041.997,c2,recommend,,0.0,26.76,14.03,3.81,S3,0,,0,200.0,obs,700,26.76,14.03,4.0,S3,26.76,14.03,4.0,S3,26.76,14.03,3.81,S3,7.304,0,S3,site_s3,S3,S3,S3,175.0,0.0,0.0,374.9,1,1,1,,
1786350042.997,c1,reserve,,0.0,26.34,13.67,3.83,S3,0,,0,36.0,obs,336,26.34,13.67,3.65,S3,26.34,13.67,3.65,S3,26.34,13.67,3.83,S3,6.741,0,S3,site_s3,S3,S3,S3,84.0,0.0,0.0,23.4,1,1,1,,
1786350042.997,c1,search,,0.0,31.1,20.71,10.65,S3,0,,0,4474.0,obs,497,31.1,20.71,10.98,S3,31.1,20.71,10.98,S3,31.1,20.71,10.65,S3,6.741,0,S3,site_s3,S3,S3,S3,124.5,0.0,0.0,147.9,1,1,1,,
1786350042.997,c1,recommend,,0.0,26.76,14.03,3.81,S3,0,,0,200.0,obs,666,26.76,14.03,4.0,S3,26.76,14.03,4.0,S3,26.76,14.03,3.81,S3,6.741,0,S3,site_s3,S3,S3,S3,166.5,0.0,0.0,177.5,1,1,1,,
1786350042.997,c2,reserve,,0.0,26.34,13.67,3.83,S3,0,,0,36.0,obs,336,26.34,13.67,3.65,S3,26.34,13.67,3.65,S3,26.34,13.67,3.83,S3,6.741,0,S3,site_s3,S3,S3,S3,84.0,0.0,0.0,200.8,1,1,1,,
1786350042.997,c2,search,,0.0,31.1,20.71,10.65,S3,0,,0,4474.0,obs,497,31.1,20.71,10.98,S3,31.1,20.71,10.98,S3,31.1,20.71,10.65,S3,6.741,0,S3,site_s3,S3,S3,S3,124.0,0.0,0.0,324.8,1,1,1,,
1786350042.997,c2,recommend,,0.0,26.76,14.03,3.81,S3,0,,0,200.0,obs,666,26.76,14.03,4.0,S3,26.76,14.03,4.0,S3,26.76,14.03,3.81,S3,6.741,0,S3,site_s3,S3,S3,S3,166.5,0.0,0.0,354.5,1,1,1,,
1786350043.996,c1,reserve,,0.0,26.34,13.67,3.98,S3,0,,0,36.0,obs,332,26.34,13.67,3.65,S3,26.34,13.67,3.65,S3,26.34,13.67,3.98,S3,7.336,0,S3,site_s3,S3,S3,S3,83.0,0.0,0.0,23.1,1,1,1,,
1786350043.996,c1,search,,0.0,31.1,20.71,10.59,S3,0,,0,4474.0,obs,500,31.1,20.71,10.98,S3,31.1,20.71,10.98,S3,31.1,20.71,10.59,S3,7.336,0,S3,site_s3,S3,S3,S3,125.0,0.0,0.0,148.1,1,1,1,,
1786350043.996,c1,recommend,,0.0,26.76,14.03,3.77,S3,0,,0,200.0,obs,669,26.76,14.03,4.0,S3,26.76,14.03,4.0,S3,26.76,14.03,3.77,S3,7.336,0,S3,site_s3,S3,S3,S3,167.0,0.0,0.0,177.8,1,1,1,,
1786350043.996,c2,reserve,,0.0,26.34,13.67,3.98,S3,0,,0,36.0,obs,332,26.34,13.67,3.65,S3,26.34,13.67,3.65,S3,26.34,13.67,3.98,S3,7.336,0,S3,site_s3,S3,S3,S3,83.0,0.0,0.0,200.9,1,1,1,,
1786350043.996,c2,search,,0.0,31.1,20.71,10.59,S3,0,,0,4474.0,obs,500,31.1,20.71,10.98,S3,31.1,20.71,10.98,S3,31.1,20.71,10.59,S3,7.336,0,S3,site_s3,S3,S3,S3,125.0,0.0,0.0,325.9,1,1,1,,
1786350043.996,c2,recommend,,0.0,26.76,14.03,3.77,S3,0,,0,200.0,obs,669,26.76,14.03,4.0,S3,26.76,14.03,4.0,S3,26.76,14.03,3.77,S3,7.336,0,S3,site_s3,S3,S3,S3,167.5,0.0,0.0,355.7,1,1,1,,
1786350044.997,c1,reserve,,0.0,26.34,13.67,3.96,S3,0,,0,36.0,obs,332,26.34,13.67,3.65,S3,26.34,13.67,3.65,S3,26.34,13.67,3.96,S3,7.335,0,S3,site_s3,S3,S3,S3,83.0,0.0,0.0,23.1,1,1,1,,
1786350044.997,c1,search,,0.0,31.1,20.71,10.47,S3,0,,0,4474.0,obs,500,31.1,20.71,10.98,S3,31.1,20.71,10.98,S3,31.1,20.71,10.47,S3,7.335,0,S3,site_s3,S3,S3,S3,125.0,0.0,0.0,148.1,1,1,1,,
1786350044.997,c1,recommend,,0.0,26.76,14.03,3.85,S3,0,,0,200.0,obs,668,26.76,14.03,4.0,S3,26.76,14.03,4.0,S3,26.76,14.03,3.85,S3,7.335,0,S3,site_s3,S3,S3,S3,167.0,0.0,0.0,177.8,1,1,1,,
1786350044.997,c2,reserve,,0.0,26.34,13.67,3.96,S3,0,,0,36.0,obs,332,26.34,13.67,3.65,S3,26.34,13.67,3.65,S3,26.34,13.67,3.96,S3,7.335,0,S3,site_s3,S3,S3,S3,83.0,0.0,0.0,200.9,1,1,1,,
1786350044.997,c2,search,,0.0,31.1,20.71,10.47,S3,0,,0,4474.0,obs,500,31.1,20.71,10.98,S3,31.1,20.71,10.98,S3,31.1,20.71,10.47,S3,7.335,0,S3,site_s3,S3,S3,S3,125.0,0.0,0.0,325.9,1,1,1,,
1786350044.997,c2,recommend,,0.0,26.76,14.03,3.85,S3,0,,0,200.0,obs,668,26.76,14.03,4.0,S3,26.76,14.03,4.0,S3,26.76,14.03,3.85,S3,7.335,0,S3,site_s3,S3,S3,S3,167.0,0.0,0.0,355.6,1,1,1,,
1786350045.997,c1,reserve,,0.0,26.34,13.67,3.96,S3,0,,0,36.0,obs,332,26.34,13.67,3.65,S3,26.34,13.67,3.65,S3,26.34,13.67,3.96,S3,7.298,0,S3,site_s3,S3,S3,S3,83.0,0.0,0.0,23.1,1,1,1,,
1786350045.997,c1,search,,0.0,31.1,20.71,10.85,S3,0,,0,4474.0,obs,501,31.1,20.71,10.98,S3,31.1,20.71,10.98,S3,31.1,20.71,10.85,S3,7.298,0,S3,site_s3,S3,S3,S3,125.5,0.0,0.0,148.6,1,1,1,,
1786350045.997,c1,recommend,,0.0,26.76,14.03,3.88,S3,0,,0,200.0,obs,666,26.76,14.03,4.0,S3,26.76,14.03,4.0,S3,26.76,14.03,3.88,S3,7.298,0,S3,site_s3,S3,S3,S3,166.5,0.0,0.0,178.2,1,1,1,,
1786350045.997,c2,reserve,,0.0,26.34,13.67,3.96,S3,0,,0,36.0,obs,332,26.34,13.67,3.65,S3,26.34,13.67,3.65,S3,26.34,13.67,3.96,S3,7.298,0,S3,site_s3,S3,S3,S3,83.0,0.0,0.0,201.3,1,1,1,,
1786350045.997,c2,search,,0.0,31.1,20.71,10.85,S3,0,,0,4474.0,obs,501,31.1,20.71,10.98,S3,31.1,20.71,10.98,S3,31.1,20.71,10.85,S3,7.298,0,S3,site_s3,S3,S3,S3,125.0,0.0,0.0,326.3,1,1,1,,
1786350045.997,c2,recommend,,0.0,26.76,14.03,3.88,S3,0,,0,200.0,obs,666,26.76,14.03,4.0,S3,26.76,14.03,4.0,S3,26.76,14.03,3.88,S3,7.298,0,S3,site_s3,S3,S3,S3,166.5,0.0,0.0,355.9,1,1,1,,
1786350046.997,c1,reserve,,0.0,26.34,13.67,4.03,S3,0,,0,36.0,obs,337,26.34,13.67,3.65,S3,26.34,13.67,3.65,S3,26.34,13.67,4.03,S3,7.354,0,S3,site_s3,S3,S3,S3,84.0,0.0,0.0,23.4,1,1,1,,
1786350046.997,c1,search,,0.0,31.1,20.71,10.63,S3,0,,0,4474.0,obs,500,31.1,20.71,10.98,S3,31.1,20.71,10.98,S3,31.1,20.71,10.63,S3,7.354,0,S3,site_s3,S3,S3,S3,125.0,0.0,0.0,148.4,1,1,1,,
1786350046.997,c1,recommend,,0.0,26.76,14.03,3.8,S3,0,,0,200.0,obs,666,26.76,14.03,4.0,S3,26.76,14.03,4.0,S3,26.76,14.03,3.8,S3,7.354,0,S3,site_s3,S3,S3,S3,166.5,0.0,0.0,178.0,1,1,1,,
1786350046.997,c2,reserve,,0.0,26.34,13.67,4.03,S3,0,,0,36.0,obs,337,26.34,13.67,3.65,S3,26.34,13.67,3.65,S3,26.34,13.67,4.03,S3,7.354,0,S3,site_s3,S3,S3,S3,84.5,0.0,0.0,201.5,1,1,1,,
1786350046.997,c2,search,,0.0,31.1,20.71,10.63,S3,0,,0,4474.0,obs,500,31.1,20.71,10.98,S3,31.1,20.71,10.98,S3,31.1,20.71,10.63,S3,7.354,0,S3,site_s3,S3,S3,S3,125.0,0.0,0.0,326.5,1,1,1,,
1786350046.997,c2,recommend,,0.0,26.76,14.03,3.8,S3,0,,0,200.0,obs,666,26.76,14.03,4.0,S3,26.76,14.03,4.0,S3,26.76,14.03,3.8,S3,7.354,0,S3,site_s3,S3,S3,S3,166.5,0.0,0.0,356.1,1,1,1,,
1786350047.997,c1,reserve,,0.0,26.34,13.67,4.05,S3,0,,0,36.0,obs,336,26.34,13.67,3.65,S3,26.34,13.67,3.65,S3,26.34,13.67,4.05,S3,7.51,0,S3,site_s3,S3,S3,S3,84.0,0.0,0.0,23.4,1,1,1,,
1786350047.997,c1,search,,0.0,31.1,20.71,10.62,S3,0,,0,4474.0,obs,498,31.1,20.71,10.98,S3,31.1,20.71,10.98,S3,31.1,20.71,10.62,S3,7.51,0,S3,site_s3,S3,S3,S3,124.5,0.0,0.0,147.9,1,1,1,,
1786350047.997,c1,recommend,,0.0,26.76,14.03,3.68,S3,0,,0,200.0,obs,668,26.76,14.03,4.0,S3,26.76,14.03,4.0,S3,26.76,14.03,3.68,S3,7.51,0,S3,site_s3,S3,S3,S3,167.0,0.0,0.0,177.6,1,1,1,,
1786350047.997,c2,reserve,,0.0,26.34,13.67,4.05,S3,0,,0,36.0,obs,336,26.34,13.67,3.65,S3,26.34,13.67,3.65,S3,26.34,13.67,4.05,S3,7.51,0,S3,site_s3,S3,S3,S3,84.0,0.0,0.0,200.9,1,1,1,,
1786350047.997,c2,search,,0.0,31.1,20.71,10.62,S3,0,,0,4474.0,obs,498,31.1,20.71,10.98,S3,31.1,20.71,10.98,S3,31.1,20.71,10.62,S3,7.51,0,S3,site_s3,S3,S3,S3,124.5,0.0,0.0,325.4,1,1,1,,
1786350047.997,c2,recommend,,0.0,26.76,14.03,3.68,S3,0,,0,200.0,obs,668,26.76,14.03,4.0,S3,26.76,14.03,4.0,S3,26.76,14.03,3.68,S3,7.51,0,S3,site_s3,S3,S3,S3,167.0,0.0,0.0,355.2,1,1,1,,
1786350048.997,c1,reserve,,0.0,26.34,13.67,4.05,S3,0,,0,36.0,obs,333,26.34,13.67,3.65,S3,26.34,13.67,3.65,S3,26.34,13.67,4.05,S3,7.384,0,S3,site_s3,S3,S3,S3,83.0,0.0,0.0,23.1,1,1,1,,
1786350048.997,c1,search,,0.0,31.1,20.71,10.68,S3,0,,0,4474.0,obs,500,31.1,20.71,10.98,S3,31.1,20.71,10.98,S3,31.1,20.71,10.68,S3,7.384,0,S3,site_s3,S3,S3,S3,125.0,0.0,0.0,148.1,1,1,1,,
1786350048.997,c1,recommend,,0.0,26.76,14.03,3.74,S3,0,,0,200.0,obs,672,26.76,14.03,4.0,S3,26.76,14.03,4.0,S3,26.76,14.03,3.74,S3,7.384,0,S3,site_s3,S3,S3,S3,168.0,0.0,0.0,178.0,1,1,1,,
1786350048.997,c2,reserve,,0.0,26.34,13.67,4.05,S3,0,,0,36.0,obs,333,26.34,13.67,3.65,S3,26.34,13.67,3.65,S3,26.34,13.67,4.05,S3,7.384,0,S3,site_s3,S3,S3,S3,83.5,0.0,0.0,201.2,1,1,1,,
1786350048.997,c2,search,,0.0,31.1,20.71,10.68,S3,0,,0,4474.0,obs,500,31.1,20.71,10.98,S3,31.1,20.71,10.98,S3,31.1,20.71,10.68,S3,7.384,0,S3,site_s3,S3,S3,S3,125.0,0.0,0.0,326.2,1,1,1,,
1786350048.997,c2,recommend,,0.0,26.76,14.03,3.74,S3,0,,0,200.0,obs,672,26.76,14.03,4.0,S3,26.76,14.03,4.0,S3,26.76,14.03,3.74,S3,7.384,0,S3,site_s3,S3,S3,S3,168.0,0.0,0.0,356.1,1,1,1,,
1786350049.997,c1,reserve,,0.0,26.34,13.67,3.98,S3,0,,0,36.0,obs,332,26.34,13.67,3.65,S3,26.34,13.67,3.65,S3,26.34,13.67,3.98,S3,7.348,0,S3,site_s3,S3,S3,S3,83.0,0.0,0.0,23.1,1,1,1,,
1786350049.997,c1,search,,0.0,31.1,20.71,10.76,S3,0,,0,4474.0,obs,502,31.1,20.71,10.98,S3,31.1,20.71,10.98,S3,31.1,20.71,10.76,S3,7.348,0,S3,site_s3,S3,S3,S3,125.5,0.0,0.0,148.6,1,1,1,,
1786350049.997,c1,recommend,,0.0,26.76,14.03,3.78,S3,0,,0,200.0,obs,672,26.76,14.03,4.0,S3,26.76,14.03,4.0,S3,26.76,14.03,3.78,S3,7.348,0,S3,site_s3,S3,S3,S3,168.0,0.0,0.0,178.5,1,1,1,,
1786350049.997,c2,reserve,,0.0,26.34,13.67,3.98,S3,0,,0,36.0,obs,332,26.34,13.67,3.65,S3,26.34,13.67,3.65,S3,26.34,13.67,3.98,S3,7.348,0,S3,site_s3,S3,S3,S3,83.0,0.0,0.0,201.6,1,1,1,,
1786350049.997,c2,search,,0.0,31.1,20.71,10.76,S3,0,,0,4474.0,obs,502,31.1,20.71,10.98,S3,31.1,20.71,10.98,S3,31.1,20.71,10.76,S3,7.348,0,S3,site_s3,S3,S3,S3,125.5,0.0,0.0,327.1,1,1,1,,
1786350049.997,c2,recommend,,0.0,26.76,14.03,3.78,S3,0,,0,200.0,obs,672,26.76,14.03,4.0,S3,26.76,14.03,4.0,S3,26.76,14.03,3.78,S3,7.348,0,S3,site_s3,S3,S3,S3,168.0,0.0,0.0,357.0,1,1,1,,
1786350050.997,c1,reserve,,0.0,26.34,13.67,4.05,S3,0,,0,36.0,obs,335,26.34,13.67,3.65,S3,26.34,13.67,3.65,S3,26.34,13.67,4.05,S3,7.276,0,S3,site_s3,S3,S3,S3,84.0,0.0,0.0,23.4,1,1,1,,
1786350050.997,c1,search,,0.0,31.1,20.71,10.74,S3,0,,0,4474.0,obs,504,31.1,20.71,10.98,S3,31.1,20.71,10.98,S3,31.1,20.71,10.74,S3,7.276,0,S3,site_s3,S3,S3,S3,126.0,0.0,0.0,149.4,1,1,1,,
1786350050.997,c1,recommend,,0.0,26.76,14.03,3.78,S3,0,,0,200.0,obs,666,26.76,14.03,4.0,S3,26.76,14.03,4.0,S3,26.76,14.03,3.78,S3,7.276,0,S3,site_s3,S3,S3,S3,166.5,0.0,0.0,179.0,1,1,1,,
1786350050.997,c2,reserve,,0.0,26.34,13.67,4.05,S3,0,,0,36.0,obs,335,26.34,13.67,3.65,S3,26.34,13.67,3.65,S3,26.34,13.67,4.05,S3,7.276,0,S3,site_s3,S3,S3,S3,83.5,0.0,0.0,202.2,1,1,1,,
1786350050.997,c2,search,,0.0,31.1,20.71,10.74,S3,0,,0,4474.0,obs,504,31.1,20.71,10.98,S3,31.1,20.71,10.98,S3,31.1,20.71,10.74,S3,7.276,0,S3,site_s3,S3,S3,S3,126.0,0.0,0.0,328.2,1,1,1,,
1786350050.997,c2,recommend,,0.0,26.76,14.03,3.78,S3,0,,0,200.0,obs,666,26.76,14.03,4.0,S3,26.76,14.03,4.0,S3,26.76,14.03,3.78,S3,7.276,0,S3,site_s3,S3,S3,S3,166.5,0.0,0.0,357.8,1,1,1,,
1786350051.997,c1,reserve,,0.0,26.34,13.67,4.04,S3,0,,0,36.0,obs,338,26.34,13.67,3.65,S3,26.34,13.67,3.65,S3,26.34,13.67,4.04,S3,7.28,0,S3,site_s3,S3,S3,S3,84.5,0.0,0.0,23.5,1,1,1,,
1786350051.997,c1,search,,0.0,31.1,20.71,10.73,S3,0,,0,4474.0,obs,499,31.1,20.71,10.98,S3,31.1,20.71,10.98,S3,31.1,20.71,10.73,S3,7.28,0,S3,site_s3,S3,S3,S3,125.0,0.0,0.0,148.5,1,1,1,,
1786350051.997,c1,recommend,,0.0,26.76,14.03,3.75,S3,0,,0,200.0,obs,668,26.76,14.03,4.0,S3,26.76,14.03,4.0,S3,26.76,14.03,3.75,S3,7.28,0,S3,site_s3,S3,S3,S3,167.0,0.0,0.0,178.2,1,1,1,,
1786350051.997,c2,reserve,,0.0,26.34,13.67,4.04,S3,0,,0,36.0,obs,338,26.34,13.67,3.65,S3,26.34,13.67,3.65,S3,26.34,13.67,4.04,S3,7.28,0,S3,site_s3,S3,S3,S3,84.5,0.0,0.0,201.7,1,1,1,,
1786350051.997,c2,search,,0.0,31.1,20.71,10.73,S3,0,,0,4474.0,obs,499,31.1,20.71,10.98,S3,31.1,20.71,10.98,S3,31.1,20.71,10.73,S3,7.28,0,S3,site_s3,S3,S3,S3,124.5,0.0,0.0,326.2,1,1,1,,
1786350051.997,c2,recommend,,0.0,26.76,14.03,3.75,S3,0,,0,200.0,obs,668,26.76,14.03,4.0,S3,26.76,14.03,4.0,S3,26.76,14.03,3.75,S3,7.28,0,S3,site_s3,S3,S3,S3,167.0,0.0,0.0,355.9,1,1,1,,
1786350052.996,c1,reserve,,0.0,26.34,13.67,4.05,S3,0,,0,36.0,obs,335,26.34,13.67,3.65,S3,26.34,13.67,3.65,S3,26.34,13.67,4.05,S3,7.324,0,S3,site_s3,S3,S3,S3,83.5,0.0,0.0,23.2,1,1,1,,
1786350052.996,c1,search,,0.0,31.1,20.71,10.82,S3,0,,0,4474.0,obs,502,31.1,20.71,10.98,S3,31.1,20.71,10.98,S3,31.1,20.71,10.82,S3,7.324,0,S3,site_s3,S3,S3,S3,125.5,0.0,0.0,148.7,1,1,1,,
1786350052.996,c1,recommend,,0.0,26.76,14.03,3.8,S3,0,,0,200.0,obs,672,26.76,14.03,4.0,S3,26.76,14.03,4.0,S3,26.76,14.03,3.8,S3,7.324,0,S3,site_s3,S3,S3,S3,168.0,0.0,0.0,178.6,1,1,1,,
1786350052.996,c2,reserve,,0.0,26.34,13.67,4.05,S3,0,,0,36.0,obs,335,26.34,13.67,3.65,S3,26.34,13.67,3.65,S3,26.34,13.67,4.05,S3,7.324,0,S3,site_s3,S3,S3,S3,84.0,0.0,0.0,202.0,1,1,1,,
1786350052.996,c2,search,,0.0,31.1,20.71,10.82,S3,0,,0,4474.0,obs,502,31.1,20.71,10.98,S3,31.1,20.71,10.98,S3,31.1,20.71,10.82,S3,7.324,0,S3,site_s3,S3,S3,S3,125.5,0.0,0.0,327.5,1,1,1,,
1786350052.996,c2,recommend,,0.0,26.76,14.03,3.8,S3,0,,0,200.0,obs,672,26.76,14.03,4.0,S3,26.76,14.03,4.0,S3,26.76,14.03,3.8,S3,7.324,0,S3,site_s3,S3,S3,S3,168.0,0.0,0.0,357.4,1,1,1,,
1786350053.996,c1,reserve,,0.0,26.34,13.67,4.06,S3,0,,0,36.0,obs,334,26.34,13.67,3.65,S3,26.34,13.67,3.65,S3,26.34,13.67,4.06,S3,7.258,0,S3,site_s3,S3,S3,S3,83.5,0.0,0.0,23.2,1,1,1,,
1786350053.996,c1,search,,0.0,31.1,20.71,10.75,S3,0,,0,4474.0,obs,502,31.1,20.71,10.98,S3,31.1,20.71,10.98,S3,31.1,20.71,10.75,S3,7.258,0,S3,site_s3,S3,S3,S3,125.5,0.0,0.0,148.7,1,1,1,,
1786350053.996,c1,recommend,,0.0,26.76,14.03,3.83,S3,0,,0,200.0,obs,672,26.76,14.03,4.0,S3,26.76,14.03,4.0,S3,26.76,14.03,3.83,S3,7.258,0,S3,site_s3,S3,S3,S3,168.0,0.0,0.0,178.6,1,1,1,,
1786350053.996,c2,reserve,,0.0,26.34,13.67,4.06,S3,0,,0,36.0,obs,334,26.34,13.67,3.65,S3,26.34,13.67,3.65,S3,26.34,13.67,4.06,S3,7.258,0,S3,site_s3,S3,S3,S3,83.5,0.0,0.0,201.8,1,1,1,,
1786350053.996,c2,search,,0.0,31.1,20.71,10.75,S3,0,,0,4474.0,obs,502,31.1,20.71,10.98,S3,31.1,20.71,10.98,S3,31.1,20.71,10.75,S3,7.258,0,S3,site_s3,S3,S3,S3,125.5,0.0,0.0,327.3,1,1,1,,
1786350053.996,c2,recommend,,0.0,26.76,14.03,3.83,S3,0,,0,200.0,obs,672,26.76,14.03,4.0,S3,26.76,14.03,4.0,S3,26.76,14.03,3.83,S3,7.258,0,S3,site_s3,S3,S3,S3,168.0,0.0,0.0,357.2,1,1,1,,
1786350054.997,c1,reserve,,0.0,26.34,13.67,4.06,S3,0,,0,36.0,obs,333,26.34,13.67,3.65,S3,26.34,13.67,3.65,S3,26.34,13.67,4.06,S3,7.369,0,S3,site_s3,S3,S3,S3,83.0,0.0,0.0,23.1,1,1,1,,
1786350054.997,c1,search,,0.0,31.1,20.71,10.66,S3,0,,0,4474.0,obs,506,31.1,20.71,10.98,S3,31.1,20.71,10.98,S3,31.1,20.71,10.66,S3,7.369,0,S3,site_s3,S3,S3,S3,126.5,0.0,0.0,149.6,1,1,1,,
1786350054.997,c1,recommend,,0.0,26.76,14.03,3.76,S3,0,,0,200.0,obs,672,26.76,14.03,4.0,S3,26.76,14.03,4.0,S3,26.76,14.03,3.76,S3,7.369,0,S3,site_s3,S3,S3,S3,168.0,0.0,0.0,179.5,1,1,1,,
1786350054.997,c2,reserve,,0.0,26.34,13.67,4.06,S3,0,,0,36.0,obs,333,26.34,13.67,3.65,S3,26.34,13.67,3.65,S3,26.34,13.67,4.06,S3,7.369,0,S3,site_s3,S3,S3,S3,83.5,0.0,0.0,202.7,1,1,1,,
1786350054.997,c2,search,,0.0,31.1,20.71,10.66,S3,0,,0,4474.0,obs,506,31.1,20.71,10.98,S3,31.1,20.71,10.98,S3,31.1,20.71,10.66,S3,7.369,0,S3,site_s3,S3,S3,S3,126.5,0.0,0.0,329.2,1,1,1,,
1786350054.997,c2,recommend,,0.0,26.76,14.03,3.76,S3,0,,0,200.0,obs,672,26.76,14.03,4.0,S3,26.76,14.03,4.0,S3,26.76,14.03,3.76,S3,7.369,0,S3,site_s3,S3,S3,S3,168.0,0.0,0.0,359.1,1,1,1,,
1786350055.997,c1,reserve,,0.0,26.34,13.67,3.93,S3,0,,0,36.0,obs,338,26.34,13.67,3.65,S3,26.34,13.67,3.65,S3,26.34,13.67,3.93,S3,7.268,0,S3,site_s3,S3,S3,S3,84.5,0.0,0.0,23.5,1,1,1,,
1786350055.997,c1,search,,0.0,31.1,20.71,10.66,S3,0,,0,4474.0,obs,503,31.1,20.71,10.98,S3,31.1,20.71,10.98,S3,31.1,20.71,10.66,S3,7.268,0,S3,site_s3,S3,S3,S3,125.5,0.0,0.0,149.0,1,1,1,,
1786350055.997,c1,recommend,,0.0,26.76,14.03,3.74,S3,0,,0,200.0,obs,670,26.76,14.03,4.0,S3,26.76,14.03,4.0,S3,26.76,14.03,3.74,S3,7.268,0,S3,site_s3,S3,S3,S3,167.5,0.0,0.0,178.8,1,1,1,,
1786350055.997,c2,reserve,,0.0,26.34,13.67,3.93,S3,0,,0,36.0,obs,338,26.34,13.67,3.65,S3,26.34,13.67,3.65,S3,26.34,13.67,3.93,S3,7.268,0,S3,site_s3,S3,S3,S3,84.5,0.0,0.0,202.3,1,1,1,,
1786350055.997,c2,search,,0.0,31.1,20.71,10.66,S3,0,,0,4474.0,obs,503,31.1,20.71,10.98,S3,31.1,20.71,10.98,S3,31.1,20.71,10.66,S3,7.268,0,S3,site_s3,S3,S3,S3,126.0,0.0,0.0,328.3,1,1,1,,
1786350055.997,c2,recommend,,0.0,26.76,14.03,3.74,S3,0,,0,200.0,obs,670,26.76,14.03,4.0,S3,26.76,14.03,4.0,S3,26.76,14.03,3.74,S3,7.268,0,S3,site_s3,S3,S3,S3,167.5,0.0,0.0,358.1,1,1,1,,
1786350056.997,c1,reserve,,0.0,26.34,13.67,3.97,S3,0,,0,36.0,obs,337,26.34,13.67,3.65,S3,26.34,13.67,3.65,S3,26.34,13.67,3.97,S3,7.31,0,S3,site_s3,S3,S3,S3,84.5,0.0,0.0,23.5,1,1,1,,
1786350056.997,c1,search,,0.0,31.1,20.71,10.81,S3,0,,0,4474.0,obs,502,31.1,20.71,10.98,S3,31.1,20.71,10.98,S3,31.1,20.71,10.81,S3,7.31,0,S3,site_s3,S3,S3,S3,125.5,0.0,0.0,149.0,1,1,1,,
1786350056.997,c1,recommend,,0.0,26.76,14.03,3.88,S3,0,,0,200.0,obs,672,26.76,14.03,4.0,S3,26.76,14.03,4.0,S3,26.76,14.03,3.88,S3,7.31,0,S3,site_s3,S3,S3,S3,168.0,0.0,0.0,178.9,1,1,1,,
1786350056.997,c2,reserve,,0.0,26.34,13.67,3.97,S3,0,,0,36.0,obs,337,26.34,13.67,3.65,S3,26.34,13.67,3.65,S3,26.34,13.67,3.97,S3,7.31,0,S3,site_s3,S3,S3,S3,84.0,0.0,0.0,202.2,1,1,1,,
1786350056.997,c2,search,,0.0,31.1,20.71,10.81,S3,0,,0,4474.0,obs,502,31.1,20.71,10.98,S3,31.1,20.71,10.98,S3,31.1,20.71,10.81,S3,7.31,0,S3,site_s3,S3,S3,S3,125.5,0.0,0.0,327.7,1,1,1,,
1786350056.997,c2,recommend,,0.0,26.76,14.03,3.88,S3,0,,0,200.0,obs,672,26.76,14.03,4.0,S3,26.76,14.03,4.0,S3,26.76,14.03,3.88,S3,7.31,0,S3,site_s3,S3,S3,S3,168.0,0.0,0.0,357.7,1,1,1,,
1786350057.997,c1,reserve,,0.0,26.34,13.67,3.94,S3,0,,0,36.0,obs,336,26.34,13.67,3.65,S3,26.34,13.67,3.65,S3,26.34,13.67,3.94,S3,7.328,0,S3,site_s3,S3,S3,S3,84.0,0.0,0.0,23.4,1,1,1,,
1786350057.997,c1,search,,0.0,31.1,20.71,10.79,S3,0,,0,4474.0,obs,502,31.1,20.71,10.98,S3,31.1,20.71,10.98,S3,31.1,20.71,10.79,S3,7.328,0,S3,site_s3,S3,S3,S3,125.5,0.0,0.0,148.9,1,1,1,,
1786350057.997,c1,recommend,,0.0,26.76,14.03,3.84,S3,0,,0,200.0,obs,674,26.76,14.03,4.0,S3,26.76,14.03,4.0,S3,26.76,14.03,3.84,S3,7.328,0,S3,site_s3,S3,S3,S3,168.5,0.0,0.0,178.8,1,1,1,,
1786350057.997,c2,reserve,,0.0,26.34,13.67,3.94,S3,0,,0,36.0,obs,336,26.34,13.67,3.65,S3,26.34,13.67,3.65,S3,26.34,13.67,3.94,S3,7.328,0,S3,site_s3,S3,S3,S3,84.0,0.0,0.0,202.2,1,1,1,,
1786350057.997,c2,search,,0.0,31.1,20.71,10.79,S3,0,,0,4474.0,obs,502,31.1,20.71,10.98,S3,31.1,20.71,10.98,S3,31.1,20.71,10.79,S3,7.328,0,S3,site_s3,S3,S3,S3,125.5,0.0,0.0,327.7,1,1,1,,
1786350057.997,c2,recommend,,0.0,26.76,14.03,3.84,S3,0,,0,200.0,obs,674,26.76,14.03,4.0,S3,26.76,14.03,4.0,S3,26.76,14.03,3.84,S3,7.328,0,S3,site_s3,S3,S3,S3,168.5,0.0,0.0,357.7,1,1,1,,
1786350058.997,c1,reserve,,0.0,26.34,13.67,3.88,S3,0,,0,36.0,obs,335,26.34,13.67,3.65,S3,26.34,13.67,3.65,S3,26.34,13.67,3.88,S3,7.297,0,S3,site_s3,S3,S3,S3,83.5,0.0,0.0,23.2,1,1,1,,
1786350058.997,c1,search,,0.0,31.1,20.71,10.56,S3,0,,0,4474.0,obs,506,31.1,20.71,10.98,S3,31.1,20.71,10.98,S3,31.1,20.71,10.56,S3,7.297,0,S3,site_s3,S3,S3,S3,127.0,0.0,0.0,150.2,1,1,1,,
1786350058.997,c1,recommend,,0.0,26.76,14.03,3.69,S3,0,,0,200.0,obs,675,26.76,14.03,4.0,S3,26.76,14.03,4.0,S3,26.76,14.03,3.69,S3,7.297,0,S3,site_s3,S3,S3,S3,169.0,0.0,0.0,180.3,1,1,1,,
1786350058.997,c2,reserve,,0.0,26.34,13.67,3.88,S3,0,,0,36.0,obs,335,26.34,13.67,3.65,S3,26.34,13.67,3.65,S3,26.34,13.67,3.88,S3,7.297,0,S3,site_s3,S3,S3,S3,84.0,0.0,0.0,203.6,1,1,1,,
1786350058.997,c2,search,,0.0,31.1,20.71,10.56,S3,0,,0,4474.0,obs,506,31.1,20.71,10.98,S3,31.1,20.71,10.98,S3,31.1,20.71,10.56,S3,7.297,0,S3,site_s3,S3,S3,S3,126.0,0.0,0.0,329.6,1,1,1,,
1786350058.997,c2,recommend,,0.0,26.76,14.03,3.69,S3,0,,0,200.0,obs,675,26.76,14.03,4.0,S3,26.76,14.03,4.0,S3,26.76,14.03,3.69,S3,7.297,0,S3,site_s3,S3,S3,S3,168.5,0.0,0.0,359.6,1,1,1,,
1786350059.996,c1,reserve,,0.0,26.34,13.67,3.96,S3,0,,0,36.0,obs,338,26.34,13.67,3.65,S3,26.34,13.67,3.65,S3,26.34,13.67,3.96,S3,7.345,0,S3,site_s3,S3,S3,S3,84.5,0.0,0.0,23.5,1,1,1,,
1786350059.996,c1,search,,0.0,31.1,20.71,10.66,S3,0,,0,4474.0,obs,506,31.1,20.71,10.98,S3,31.1,20.71,10.98,S3,31.1,20.71,10.66,S3,7.345,0,S3,site_s3,S3,S3,S3,126.5,0.0,0.0,150.0,1,1,1,,
1786350059.996,c1,recommend,,0.0,26.76,14.03,3.67,S3,0,,0,200.0,obs,670,26.76,14.03,4.0,S3,26.76,14.03,4.0,S3,26.76,14.03,3.67,S3,7.345,0,S3,site_s3,S3,S3,S3,167.5,0.0,0.0,179.8,1,1,1,,
1786350059.996,c2,reserve,,0.0,26.34,13.67,3.96,S3,0,,0,36.0,obs,338,26.34,13.67,3.65,S3,26.34,13.67,3.65,S3,26.34,13.67,3.96,S3,7.345,0,S3,site_s3,S3,S3,S3,84.5,0.0,0.0,203.3,1,1,1,,
1786350059.996,c2,search,,0.0,31.1,20.71,10.66,S3,0,,0,4474.0,obs,506,31.1,20.71,10.98,S3,31.1,20.71,10.98,S3,31.1,20.71,10.66,S3,7.345,0,S3,site_s3,S3,S3,S3,126.5,0.0,0.0,329.8,1,1,1,,
1786350059.996,c2,recommend,,0.0,26.76,14.03,3.67,S3,0,,0,200.0,obs,670,26.76,14.03,4.0,S3,26.76,14.03,4.0,S3,26.76,14.03,3.67,S3,7.345,0,S3,site_s3,S3,S3,S3,167.5,0.0,0.0,359.6,1,1,1,,
1786350060.997,c1,reserve,,0.0,26.34,13.67,4.0,S3,0,,0,36.0,obs,339,26.34,13.67,3.65,S3,26.34,13.67,3.65,S3,26.34,13.67,4.0,S3,7.306,0,S3,site_s3,S3,S3,S3,84.5,0.0,0.0,23.5,1,1,1,,
1786350060.997,c1,search,,0.0,31.1,20.71,10.71,S3,0,,0,4474.0,obs,503,31.1,20.71,10.98,S3,31.1,20.71,10.98,S3,31.1,20.71,10.71,S3,7.306,0,S3,site_s3,S3,S3,S3,126.0,0.0,0.0,149.5,1,1,1,,
1786350060.997,c1,recommend,,0.0,26.76,14.03,3.85,S3,0,,0,200.0,obs,674,26.76,14.03,4.0,S3,26.76,14.03,4.0,S3,26.76,14.03,3.85,S3,7.306,0,S3,site_s3,S3,S3,S3,168.5,0.0,0.0,179.5,1,1,1,,
1786350060.997,c2,reserve,,0.0,26.34,13.67,4.0,S3,0,,0,36.0,obs,339,26.34,13.67,3.65,S3,26.34,13.67,3.65,S3,26.34,13.67,4.0,S3,7.306,0,S3,site_s3,S3,S3,S3,85.0,0.0,0.0,203.1,1,1,1,,
1786350060.997,c2,search,,0.0,31.1,20.71,10.71,S3,0,,0,4474.0,obs,503,31.1,20.71,10.98,S3,31.1,20.71,10.98,S3,31.1,20.71,10.71,S3,7.306,0,S3,site_s3,S3,S3,S3,125.5,0.0,0.0,328.6,1,1,1,,
1786350060.997,c2,recommend,,0.0,26.76,14.03,3.85,S3,0,,0,200.0,obs,674,26.76,14.03,4.0,S3,26.76,14.03,4.0,S3,26.76,14.03,3.85,S3,7.306,0,S3,site_s3,S3,S3,S3,168.5,0.0,0.0,358.6,1,1,1,,
1786350061.996,c1,reserve,,0.0,26.34,13.67,3.92,S3,0,,0,36.0,obs,336,26.34,13.67,3.65,S3,26.34,13.67,3.65,S3,26.34,13.67,3.92,S3,7.354,0,S3,site_s3,S3,S3,S3,84.0,0.0,0.0,23.4,1,1,1,,
1786350061.996,c1,search,,0.0,31.1,20.71,10.66,S3,0,,0,4474.0,obs,505,31.1,20.71,10.98,S3,31.1,20.71,10.98,S3,31.1,20.71,10.66,S3,7.354,0,S3,site_s3,S3,S3,S3,126.0,0.0,0.0,149.4,1,1,1,,
1786350061.996,c1,recommend,,0.0,26.76,14.03,3.84,S3,0,,0,200.0,obs,676,26.76,14.03,4.0,S3,26.76,14.03,4.0,S3,26.76,14.03,3.84,S3,7.354,0,S3,site_s3,S3,S3,S3,169.0,0.0,0.0,179.4,1,1,1,,
1786350061.996,c2,reserve,,0.0,26.34,13.67,3.92,S3,0,,0,36.0,obs,336,26.34,13.67,3.65,S3,26.34,13.67,3.65,S3,26.34,13.67,3.92,S3,7.354,0,S3,site_s3,S3,S3,S3,84.0,0.0,0.0,202.8,1,1,1,,
1786350061.996,c2,search,,0.0,31.1,20.71,10.66,S3,0,,0,4474.0,obs,505,31.1,20.71,10.98,S3,31.1,20.71,10.98,S3,31.1,20.71,10.66,S3,7.354,0,S3,site_s3,S3,S3,S3,126.5,0.0,0.0,329.3,1,1,1,,
1786350061.996,c2,recommend,,0.0,26.76,14.03,3.84,S3,0,,0,200.0,obs,676,26.76,14.03,4.0,S3,26.76,14.03,4.0,S3,26.76,14.03,3.84,S3,7.354,0,S3,site_s3,S3,S3,S3,169.0,0.0,0.0,359.4,1,1,1,,
1786350062.997,c1,reserve,,0.0,26.34,13.67,3.87,S3,0,,0,36.0,obs,336,26.34,13.67,3.65,S3,26.34,13.67,3.65,S3,26.34,13.67,3.87,S3,7.268,0,S3,site_s3,S3,S3,S3,84.0,0.0,0.0,23.4,1,1,1,,
1786350062.997,c1,search,,0.0,31.1,20.71,10.59,S3,0,,0,4474.0,obs,505,31.1,20.71,10.98,S3,31.1,20.71,10.98,S3,31.1,20.71,10.59,S3,7.268,0,S3,site_s3,S3,S3,S3,126.5,0.0,0.0,149.9,1,1,1,,
1786350062.997,c1,recommend,,0.0,26.76,14.03,3.8,S3,0,,0,200.0,obs,676,26.76,14.03,4.0,S3,26.76,14.03,4.0,S3,26.76,14.03,3.8,S3,7.268,0,S3,site_s3,S3,S3,S3,169.0,0.0,0.0,179.9,1,1,1,,
1786350062.997,c2,reserve,,0.0,26.34,13.67,3.87,S3,0,,0,36.0,obs,336,26.34,13.67,3.65,S3,26.34,13.67,3.65,S3,26.34,13.67,3.87,S3,7.268,0,S3,site_s3,S3,S3,S3,84.0,0.0,0.0,203.3,1,1,1,,
1786350062.997,c2,search,,0.0,31.1,20.71,10.59,S3,0,,0,4474.0,obs,505,31.1,20.71,10.98,S3,31.1,20.71,10.98,S3,31.1,20.71,10.59,S3,7.268,0,S3,site_s3,S3,S3,S3,126.0,0.0,0.0,329.3,1,1,1,,
1786350062.997,c2,recommend,,0.0,26.76,14.03,3.8,S3,0,,0,200.0,obs,676,26.76,14.03,4.0,S3,26.76,14.03,4.0,S3,26.76,14.03,3.8,S3,7.268,0,S3,site_s3,S3,S3,S3,169.0,0.0,0.0,359.4,1,1,1,,
1786350063.997,c1,reserve,,0.0,26.34,13.67,3.83,S3,0,,0,36.0,obs,336,26.34,13.67,3.65,S3,26.34,13.67,3.65,S3,26.34,13.67,3.83,S3,7.326,0,S3,site_s3,S3,S3,S3,84.0,0.0,0.0,23.4,1,1,1,,
1786350063.997,c1,search,,0.0,31.1,20.71,10.54,S3,0,,0,4474.0,obs,508,31.1,20.71,10.98,S3,31.1,20.71,10.98,S3,31.1,20.71,10.54,S3,7.326,0,S3,site_s3,S3,S3,S3,127.0,0.0,0.0,150.4,1,1,1,,
1786350063.997,c1,recommend,,0.0,26.76,14.03,3.88,S3,0,,0,200.0,obs,675,26.76,14.03,4.0,S3,26.76,14.03,4.0,S3,26.76,14.03,3.88,S3,7.326,0,S3,site_s3,S3,S3,S3,168.5,0.0,0.0,180.3,1,1,1,,
1786350063.997,c2,reserve,,0.0,26.34,13.67,3.83,S3,0,,0,36.0,obs,336,26.34,13.67,3.65,S3,26.34,13.67,3.65,S3,26.34,13.67,3.83,S3,7.326,0,S3,site_s3,S3,S3,S3,84.0,0.0,0.0,203.7,1,1,1,,
1786350063.997,c2,search,,0.0,31.1,20.71,10.54,S3,0,,0,4474.0,obs,508,31.1,20.71,10.98,S3,31.1,20.71,10.98,S3,31.1,20.71,10.54,S3,7.326,0,S3,site_s3,S3,S3,S3,127.0,0.0,0.0,330.7,1,1,1,,
1786350063.997,c2,recommend,,0.0,26.76,14.03,3.88,S3,0,,0,200.0,obs,675,26.76,14.03,4.0,S3,26.76,14.03,4.0,S3,26.76,14.03,3.88,S3,7.326,0,S3,site_s3,S3,S3,S3,169.0,0.0,0.0,360.8,1,1,1,,
1786350064.997,c1,reserve,,0.0,26.34,13.67,3.89,S3,0,,0,36.0,obs,341,26.34,13.67,3.65,S3,26.34,13.67,3.65,S3,26.34,13.67,3.89,S3,7.402,0,S3,site_s3,S3,S3,S3,85.0,0.0,0.0,23.6,1,1,1,,
1786350064.997,c1,search,,0.0,31.1,20.71,10.57,S3,0,,0,4474.0,obs,506,31.1,20.71,10.98,S3,31.1,20.71,10.98,S3,31.1,20.71,10.57,S3,7.402,0,S3,site_s3,S3,S3,S3,126.5,0.0,0.0,150.1,1,1,1,,
1786350064.997,c1,recommend,,0.0,26.76,14.03,3.88,S3,0,,0,200.0,obs,674,26.76,14.03,4.0,S3,26.76,14.03,4.0,S3,26.76,14.03,3.88,S3,7.402,0,S3,site_s3,S3,S3,S3,168.5,0.0,0.0,180.1,1,1,1,,
1786350064.997,c2,reserve,,0.0,26.34,13.67,3.89,S3,0,,0,36.0,obs,341,26.34,13.67,3.65,S3,26.34,13.67,3.65,S3,26.34,13.67,3.89,S3,7.402,0,S3,site_s3,S3,S3,S3,85.5,0.0,0.0,203.9,1,1,1,,
1786350064.997,c2,search,,0.0,31.1,20.71,10.57,S3,0,,0,4474.0,obs,506,31.1,20.71,10.98,S3,31.1,20.71,10.98,S3,31.1,20.71,10.57,S3,7.402,0,S3,site_s3,S3,S3,S3,126.5,0.0,0.0,330.4,1,1,1,,
1786350064.997,c2,recommend,,0.0,26.76,14.03,3.88,S3,0,,0,200.0,obs,674,26.76,14.03,4.0,S3,26.76,14.03,4.0,S3,26.76,14.03,3.88,S3,7.402,0,S3,site_s3,S3,S3,S3,168.5,0.0,0.0,360.4,1,1,1,,
1786350065.997,c1,reserve,,0.0,26.34,13.67,3.87,S3,0,,0,36.0,obs,339,26.34,13.67,3.65,S3,26.34,13.67,3.65,S3,26.34,13.67,3.87,S3,7.298,0,S3,site_s3,S3,S3,S3,85.0,0.0,0.0,23.6,1,1,1,,
1786350065.997,c1,search,,0.0,31.1,20.71,10.68,S3,0,,0,4474.0,obs,504,31.1,20.71,10.98,S3,31.1,20.71,10.98,S3,31.1,20.71,10.68,S3,7.298,0,S3,site_s3,S3,S3,S3,126.0,0.0,0.0,149.6,1,1,1,,
1786350065.997,c1,recommend,,0.0,26.76,14.03,3.78,S3,0,,0,200.0,obs,676,26.76,14.03,4.0,S3,26.76,14.03,4.0,S3,26.76,14.03,3.78,S3,7.298,0,S3,site_s3,S3,S3,S3,169.0,0.0,0.0,179.7,1,1,1,,
1786350065.997,c2,reserve,,0.0,26.34,13.67,3.87,S3,0,,0,36.0,obs,339,26.34,13.67,3.65,S3,26.34,13.67,3.65,S3,26.34,13.67,3.87,S3,7.298,0,S3,site_s3,S3,S3,S3,84.5,0.0,0.0,203.2,1,1,1,,
1786350065.997,c2,search,,0.0,31.1,20.71,10.68,S3,0,,0,4474.0,obs,504,31.1,20.71,10.98,S3,31.1,20.71,10.98,S3,31.1,20.71,10.68,S3,7.298,0,S3,site_s3,S3,S3,S3,126.0,0.0,0.0,329.2,1,1,1,,
1786350065.997,c2,recommend,,0.0,26.76,14.03,3.78,S3,0,,0,200.0,obs,676,26.76,14.03,4.0,S3,26.76,14.03,4.0,S3,26.76,14.03,3.78,S3,7.298,0,S3,site_s3,S3,S3,S3,169.0,0.0,0.0,359.3,1,1,1,,
1786350066.997,c1,reserve,,0.0,26.34,13.67,3.77,S3,0,,0,36.0,obs,337,26.34,13.67,3.65,S3,26.34,13.67,3.65,S3,26.34,13.67,3.77,S3,7.329,0,S3,site_s3,S3,S3,S3,84.0,0.0,0.0,23.4,1,1,1,,
1786350066.997,c1,search,,0.0,31.1,20.71,10.72,S3,0,,0,4474.0,obs,506,31.1,20.71,10.98,S3,31.1,20.71,10.98,S3,31.1,20.71,10.72,S3,7.329,0,S3,site_s3,S3,S3,S3,126.5,0.0,0.0,149.9,1,1,1,,
1786350066.997,c1,recommend,,0.0,26.76,14.03,3.81,S3,0,,0,200.0,obs,680,26.76,14.03,4.0,S3,26.76,14.03,4.0,S3,26.76,14.03,3.81,S3,7.329,0,S3,site_s3,S3,S3,S3,170.0,0.0,0.0,180.1,1,1,1,,
1786350066.997,c2,reserve,,0.0,26.34,13.67,3.77,S3,0,,0,36.0,obs,337,26.34,13.67,3.65,S3,26.34,13.67,3.65,S3,26.34,13.67,3.77,S3,7.329,0,S3,site_s3,S3,S3,S3,84.5,0.0,0.0,203.6,1,1,1,,
1786350066.997,c2,search,,0.0,31.1,20.71,10.72,S3,0,,0,4474.0,obs,506,31.1,20.71,10.98,S3,31.1,20.71,10.98,S3,31.1,20.71,10.72,S3,7.329,0,S3,site_s3,S3,S3,S3,126.5,0.0,0.0,330.1,1,1,1,,
1786350066.997,c2,recommend,,0.0,26.76,14.03,3.81,S3,0,,0,200.0,obs,680,26.76,14.03,4.0,S3,26.76,14.03,4.0,S3,26.76,14.03,3.81,S3,7.329,0,S3,site_s3,S3,S3,S3,170.0,0.0,0.0,360.4,1,1,1,,
1786350067.997,c1,reserve,,0.0,26.34,13.67,3.62,S3,0,,0,36.0,obs,336,26.34,13.67,3.65,S3,26.34,13.67,3.65,S3,26.34,13.67,3.62,S3,7.267,0,S3,site_s3,S3,S3,S3,84.0,0.0,0.0,23.4,1,1,1,,
1786350067.997,c1,search,,0.0,31.1,20.71,10.62,S3,0,,0,4474.0,obs,507,31.1,20.71,10.98,S3,31.1,20.71,10.98,S3,31.1,20.71,10.62,S3,7.267,0,S3,site_s3,S3,S3,S3,126.5,0.0,0.0,149.9,1,1,1,,
1786350067.997,c1,recommend,,0.0,26.76,14.03,3.85,S3,0,,0,200.0,obs,678,26.76,14.03,4.0,S3,26.76,14.03,4.0,S3,26.76,14.03,3.85,S3,7.267,0,S3,site_s3,S3,S3,S3,169.5,0.0,0.0,180.0,1,1,1,,
1786350067.997,c2,reserve,,0.0,26.34,13.67,3.62,S3,0,,0,36.0,obs,336,26.34,13.67,3.65,S3,26.34,13.67,3.65,S3,26.34,13.67,3.62,S3,7.267,0,S3,site_s3,S3,S3,S3,84.0,0.0,0.0,203.4,1,1,1,,
1786350067.997,c2,search,,0.0,31.1,20.71,10.62,S3,0,,0,4474.0,obs,507,31.1,20.71,10.98,S3,31.1,20.71,10.98,S3,31.1,20.71,10.62,S3,7.267,0,S3,site_s3,S3,S3,S3,127.0,0.0,0.0,330.4,1,1,1,,
1786350067.997,c2,recommend,,0.0,26.76,14.03,3.85,S3,0,,0,200.0,obs,678,26.76,14.03,4.0,S3,26.76,14.03,4.0,S3,26.76,14.03,3.85,S3,7.267,0,S3,site_s3,S3,S3,S3,169.5,0.0,0.0,360.5,1,1,1,,
1786350068.997,c1,reserve,,0.0,26.34,13.67,3.79,S3,0,,0,36.0,obs,340,26.34,13.67,3.65,S3,26.34,13.67,3.65,S3,26.34,13.67,3.79,S3,7.335,0,S3,site_s3,S3,S3,S3,85.0,0.0,0.0,23.6,1,1,1,,
1786350068.997,c1,search,,0.0,31.1,20.71,10.62,S3,0,,0,4474.0,obs,510,31.1,20.71,10.98,S3,31.1,20.71,10.98,S3,31.1,20.71,10.62,S3,7.335,0,S3,site_s3,S3,S3,S3,127.5,0.0,0.0,151.1,1,1,1,,
1786350068.997,c1,recommend,,0.0,26.76,14.03,3.86,S3,0,,0,200.0,obs,674,26.76,14.03,4.0,S3,26.76,14.03,4.0,S3,26.76,14.03,3.86,S3,7.335,0,S3,site_s3,S3,S3,S3,168.5,0.0,0.0,181.1,1,1,1,,
1786350068.997,c2,reserve,,0.0,26.34,13.67,3.79,S3,0,,0,36.0,obs,340,26.34,13.67,3.65,S3,26.34,13.67,3.65,S3,26.34,13.67,3.79,S3,7.335,0,S3,site_s3,S3,S3,S3,84.5,0.0,0.0,204.6,1,1,1,,
1786350068.997,c2,search,,0.0,31.1,20.71,10.62,S3,0,,0,4474.0,obs,510,31.1,20.71,10.98,S3,31.1,20.71,10.98,S3,31.1,20.71,10.62,S3,7.335,0,S3,site_s3,S3,S3,S3,127.5,0.0,0.0,332.1,1,1,1,,
1786350068.997,c2,recommend,,0.0,26.76,14.03,3.86,S3,0,,0,200.0,obs,674,26.76,14.03,4.0,S3,26.76,14.03,4.0,S3,26.76,14.03,3.86,S3,7.335,0,S3,site_s3,S3,S3,S3,168.5,0.0,0.0,362.1,1,1,1,,
1786350069.997,c1,reserve,,0.0,26.34,13.67,3.9,S3,0,,0,36.0,obs,342,26.34,13.67,3.65,S3,26.34,13.67,3.65,S3,26.34,13.67,3.9,S3,7.336,0,S3,site_s3,S3,S3,S3,85.5,0.0,0.0,23.8,1,1,1,,
1786350069.997,c1,search,,0.0,31.1,20.71,10.75,S3,0,,0,4474.0,obs,506,31.1,20.71,10.98,S3,31.1,20.71,10.98,S3,31.1,20.71,10.75,S3,7.336,0,S3,site_s3,S3,S3,S3,126.5,0.0,0.0,150.3,1,1,1,,
1786350069.997,c1,recommend,,0.0,26.76,14.03,3.86,S3,0,,0,200.0,obs,676,26.76,14.03,4.0,S3,26.76,14.03,4.0,S3,26.76,14.03,3.86,S3,7.336,0,S3,site_s3,S3,S3,S3,169.0,0.0,0.0,180.4,1,1,1,,
1786350069.997,c2,reserve,,0.0,26.34,13.67,3.9,S3,0,,0,36.0,obs,342,26.34,13.67,3.65,S3,26.34,13.67,3.65,S3,26.34,13.67,3.9,S3,7.336,0,S3,site_s3,S3,S3,S3,85.5,0.0,0.0,204.1,1,1,1,,
1786350069.997,c2,search,,0.0,31.1,20.71,10.75,S3,0,,0,4474.0,obs,506,31.1,20.71,10.98,S3,31.1,20.71,10.98,S3,31.1,20.71,10.75,S3,7.336,0,S3,site_s3,S3,S3,S3,126.5,0.0,0.0,330.6,1,1,1,,
1786350069.997,c2,recommend,,0.0,26.76,14.03,3.86,S3,0,,0,200.0,obs,676,26.76,14.03,4.0,S3,26.76,14.03,4.0,S3,26.76,14.03,3.86,S3,7.336,0,S3,site_s3,S3,S3,S3,169.0,0.0,0.0,360.7,1,1,1,,
1786350070.996,c1,reserve,,0.0,26.34,13.67,3.91,S3,0,,0,36.0,obs,338,26.34,13.67,3.65,S3,26.34,13.67,3.65,S3,26.34,13.67,3.91,S3,7.331,0,S3,site_s3,S3,S3,S3,84.5,0.0,0.0,23.5,1,1,1,,
1786350070.996,c1,search,,0.0,31.1,20.71,10.74,S3,0,,0,4474.0,obs,507,31.1,20.71,10.98,S3,31.1,20.71,10.98,S3,31.1,20.71,10.74,S3,7.331,0,S3,site_s3,S3,S3,S3,126.5,0.0,0.0,150.0,1,1,1,,
1786350070.996,c1,recommend,,0.0,26.76,14.03,3.84,S3,0,,0,200.0,obs,680,26.76,14.03,4.0,S3,26.76,14.03,4.0,S3,26.76,14.03,3.84,S3,7.331,0,S3,site_s3,S3,S3,S3,170.0,0.0,0.0,180.3,1,1,1,,
1786350070.996,c2,reserve,,0.0,26.34,13.67,3.91,S3,0,,0,36.0,obs,338,26.34,13.67,3.65,S3,26.34,13.67,3.65,S3,26.34,13.67,3.91,S3,7.331,0,S3,site_s3,S3,S3,S3,84.5,0.0,0.0,203.7,1,1,1,,
1786350070.996,c2,search,,0.0,31.1,20.71,10.74,S3,0,,0,4474.0,obs,507,31.1,20.71,10.98,S3,31.1,20.71,10.98,S3,31.1,20.71,10.74,S3,7.331,0,S3,site_s3,S3,S3,S3,127.0,0.0,0.0,330.7,1,1,1,,
1786350070.996,c2,recommend,,0.0,26.76,14.03,3.84,S3,0,,0,200.0,obs,680,26.76,14.03,4.0,S3,26.76,14.03,4.0,S3,26.76,14.03,3.84,S3,7.331,0,S3,site_s3,S3,S3,S3,170.0,0.0,0.0,361.0,1,1,1,,
1786350071.997,c1,reserve,,0.0,26.34,13.67,4.07,S3,0,,0,36.0,obs,338,26.34,13.67,3.65,S3,26.34,13.67,3.65,S3,26.34,13.67,4.07,S3,7.333,0,S3,site_s3,S3,S3,S3,84.5,0.0,0.0,23.5,1,1,1,,
1786350071.997,c1,search,,0.0,31.1,20.71,10.78,S3,0,,0,4474.0,obs,508,31.1,20.71,10.98,S3,31.1,20.71,10.98,S3,31.1,20.71,10.78,S3,7.333,0,S3,site_s3,S3,S3,S3,127.0,0.0,0.0,150.5,1,1,1,,
1786350071.997,c1,recommend,,0.0,26.76,14.03,3.77,S3,0,,0,200.0,obs,680,26.76,14.03,4.0,S3,26.76,14.03,4.0,S3,26.76,14.03,3.77,S3,7.333,0,S3,site_s3,S3,S3,S3,170.0,0.0,0.0,180.8,1,1,1,,
1786350071.997,c2,reserve,,0.0,26.34,13.67,4.07,S3,0,,0,36.0,obs,338,26.34,13.67,3.65,S3,26.34,13.67,3.65,S3,26.34,13.67,4.07,S3,7.333,0,S3,site_s3,S3,S3,S3,84.5,0.0,0.0,204.2,1,1,1,,
1786350071.997,c2,search,,0.0,31.1,20.71,10.78,S3,0,,0,4474.0,obs,508,31.1,20.71,10.98,S3,31.1,20.71,10.98,S3,31.1,20.71,10.78,S3,7.333,0,S3,site_s3,S3,S3,S3,127.0,0.0,0.0,331.2,1,1,1,,
1786350071.997,c2,recommend,,0.0,26.76,14.03,3.77,S3,0,,0,200.0,obs,680,26.76,14.03,4.0,S3,26.76,14.03,4.0,S3,26.76,14.03,3.77,S3,7.333,0,S3,site_s3,S3,S3,S3,170.0,0.0,0.0,361.5,1,1,1,,
1786350072.997,c1,reserve,,0.0,26.34,13.67,4.05,S3,0,,0,36.0,obs,336,26.34,13.67,3.65,S3,26.34,13.67,3.65,S3,26.34,13.67,4.05,S3,7.337,0,S3,site_s3,S3,S3,S3,84.0,0.0,0.0,23.4,1,1,1,,
1786350072.997,c1,search,,0.0,31.1,20.71,10.86,S3,0,,0,4474.0,obs,512,31.1,20.71,10.98,S3,31.1,20.71,10.98,S3,31.1,20.71,10.86,S3,7.337,0,S3,site_s3,S3,S3,S3,128.0,0.0,0.0,151.4,1,1,1,,
1786350072.997,c1,recommend,,0.0,26.76,14.03,3.8,S3,0,,0,200.0,obs,680,26.76,14.03,4.0,S3,26.76,14.03,4.0,S3,26.76,14.03,3.8,S3,7.337,0,S3,site_s3,S3,S3,S3,170.0,0.0,0.0,181.6,1,1,1,,
1786350072.997,c2,reserve,,0.0,26.34,13.67,4.05,S3,0,,0,36.0,obs,336,26.34,13.67,3.65,S3,26.34,13.67,3.65,S3,26.34,13.67,4.05,S3,7.337,0,S3,site_s3,S3,S3,S3,84.0,0.0,0.0,205.0,1,1,1,,
1786350072.997,c2,search,,0.0,31.1,20.71,10.86,S3,0,,0,4474.0,obs,512,31.1,20.71,10.98,S3,31.1,20.71,10.98,S3,31.1,20.71,10.86,S3,7.337,0,S3,site_s3,S3,S3,S3,128.0,0.0,0.0,333.0,1,1,1,,
1786350072.997,c2,recommend,,0.0,26.76,14.03,3.8,S3,0,,0,200.0,obs,680,26.76,14.03,4.0,S3,26.76,14.03,4.0,S3,26.76,14.03,3.8,S3,7.337,0,S3,site_s3,S3,S3,S3,170.0,0.0,0.0,363.2,1,1,1,,
1786350073.997,c1,reserve,,0.0,26.34,13.67,4.1,S3,0,,0,36.0,obs,342,26.34,13.67,3.65,S3,26.34,13.67,3.65,S3,26.34,13.67,4.1,S3,7.317,0,S3,site_s3,S3,S3,S3,85.5,0.0,0.0,23.8,1,1,1,,
1786350073.997,c1,search,,0.0,31.1,20.71,10.73,S3,0,,0,4474.0,obs,509,31.1,20.71,10.98,S3,31.1,20.71,10.98,S3,31.1,20.71,10.73,S3,7.317,0,S3,site_s3,S3,S3,S3,127.0,0.0,0.0,150.8,1,1,1,,
1786350073.997,c1,recommend,,0.0,26.76,14.03,3.8,S3,0,,0,200.0,obs,675,26.76,14.03,4.0,S3,26.76,14.03,4.0,S3,26.76,14.03,3.8,S3,7.317,0,S3,site_s3,S3,S3,S3,169.0,0.0,0.0,180.9,1,1,1,,
1786350073.997,c2,reserve,,0.0,26.34,13.67,4.1,S3,0,,0,36.0,obs,342,26.34,13.67,3.65,S3,26.34,13.67,3.65,S3,26.34,13.67,4.1,S3,7.317,0,S3,site_s3,S3,S3,S3,85.5,0.0,0.0,204.6,1,1,1,,
1786350073.997,c2,search,,0.0,31.1,20.71,10.73,S3,0,,0,4474.0,obs,509,31.1,20.71,10.98,S3,31.1,20.71,10.98,S3,31.1,20.71,10.73,S3,7.317,0,S3,site_s3,S3,S3,S3,127.5,0.0,0.0,332.1,1,1,1,,
1786350073.997,c2,recommend,,0.0,26.76,14.03,3.8,S3,0,,0,200.0,obs,675,26.76,14.03,4.0,S3,26.76,14.03,4.0,S3,26.76,14.03,3.8,S3,7.317,0,S3,site_s3,S3,S3,S3,168.5,0.0,0.0,362.1,1,1,1,,
1786350074.997,c1,reserve,,0.0,26.34,13.67,4.03,S3,0,,0,36.0,obs,341,26.34,13.67,3.65,S3,26.34,13.67,3.65,S3,26.34,13.67,4.03,S3,7.287,0,S3,site_s3,S3,S3,S3,85.5,0.0,0.0,23.8,1,1,1,,
1786350074.997,c1,search,,0.0,31.1,20.71,10.64,S3,0,,0,4474.0,obs,507,31.1,20.71,10.98,S3,31.1,20.71,10.98,S3,31.1,20.71,10.64,S3,7.287,0,S3,site_s3,S3,S3,S3,126.5,0.0,0.0,150.3,1,1,1,,
1786350074.997,c1,recommend,,0.0,26.76,14.03,3.78,S3,0,,0,200.0,obs,679,26.76,14.03,4.0,S3,26.76,14.03,4.0,S3,26.76,14.03,3.78,S3,7.287,0,S3,site_s3,S3,S3,S3,169.5,0.0,0.0,180.4,1,1,1,,
1786350074.997,c2,reserve,,0.0,26.34,13.67,4.03,S3,0,,0,36.0,obs,341,26.34,13.67,3.65,S3,26.34,13.67,3.65,S3,26.34,13.67,4.03,S3,7.287,0,S3,site_s3,S3,S3,S3,85.0,0.0,0.0,204.1,1,1,1,,
1786350074.997,c2,search,,0.0,31.1,20.71,10.64,S3,0,,0,4474.0,obs,507,31.1,20.71,10.98,S3,31.1,20.71,10.98,S3,31.1,20.71,10.64,S3,7.287,0,S3,site_s3,S3,S3,S3,127.0,0.0,0.0,331.1,1,1,1,,
1786350074.997,c2,recommend,,0.0,26.76,14.03,3.78,S3,0,,0,200.0,obs,679,26.76,14.03,4.0,S3,26.76,14.03,4.0,S3,26.76,14.03,3.78,S3,7.287,0,S3,site_s3,S3,S3,S3,170.0,0.0,0.0,361.3,1,1,1,,
1786350075.997,c1,reserve,,0.0,26.34,13.67,3.92,S3,0,,0,36.0,obs,338,26.34,13.67,3.65,S3,26.34,13.67,3.65,S3,26.34,13.67,3.92,S3,7.498,0,S3,site_s3,S3,S3,S3,84.5,0.0,0.0,23.5,1,1,1,,
1786350075.997,c1,search,,0.0,31.1,20.71,10.55,S3,0,,0,4474.0,obs,509,31.1,20.71,10.98,S3,31.1,20.71,10.98,S3,31.1,20.71,10.55,S3,7.498,0,S3,site_s3,S3,S3,S3,127.0,0.0,0.0,150.5,1,1,1,,
1786350075.997,c1,recommend,,0.0,26.76,14.03,3.79,S3,0,,0,200.0,obs,682,26.76,14.03,4.0,S3,26.76,14.03,4.0,S3,26.76,14.03,3.79,S3,7.498,0,S3,site_s3,S3,S3,S3,170.5,0.0,0.0,180.8,1,1,1,,
1786350075.997,c2,reserve,,0.0,26.34,13.67,3.92,S3,0,,0,36.0,obs,338,26.34,13.67,3.65,S3,26.34,13.67,3.65,S3,26.34,13.67,3.92,S3,7.498,0,S3,site_s3,S3,S3,S3,84.5,0.0,0.0,204.3,1,1,1,,
1786350075.997,c2,search,,0.0,31.1,20.71,10.55,S3,0,,0,4474.0,obs,509,31.1,20.71,10.98,S3,31.1,20.71,10.98,S3,31.1,20.71,10.55,S3,7.498,0,S3,site_s3,S3,S3,S3,127.5,0.0,0.0,331.8,1,1,1,,
1786350075.997,c2,recommend,,0.0,26.76,14.03,3.79,S3,0,,0,200.0,obs,682,26.76,14.03,4.0,S3,26.76,14.03,4.0,S3,26.76,14.03,3.79,S3,7.498,0,S3,site_s3,S3,S3,S3,170.5,0.0,0.0,362.2,1,1,1,,
1786350076.997,c1,reserve,,0.0,26.34,13.67,3.96,S3,0,,0,36.0,obs,338,26.34,13.67,3.65,S3,26.34,13.67,3.65,S3,26.34,13.67,3.96,S3,7.4,0,S3,site_s3,S3,S3,S3,84.5,0.0,0.0,23.5,1,1,1,,
1786350076.997,c1,search,,0.0,31.1,20.71,10.55,S3,0,,0,4474.0,obs,509,31.1,20.71,10.98,S3,31.1,20.71,10.98,S3,31.1,20.71,10.55,S3,7.4,0,S3,site_s3,S3,S3,S3,127.0,0.0,0.0,150.5,1,1,1,,
1786350076.997,c1,recommend,,0.0,26.76,14.03,3.77,S3,0,,0,200.0,obs,684,26.76,14.03,4.0,S3,26.76,14.03,4.0,S3,26.76,14.03,3.77,S3,7.4,0,S3,site_s3,S3,S3,S3,171.0,0.0,0.0,180.9,1,1,1,,
1786350076.997,c2,reserve,,0.0,26.34,13.67,3.96,S3,0,,0,36.0,obs,338,26.34,13.67,3.65,S3,26.34,13.67,3.65,S3,26.34,13.67,3.96,S3,7.4,0,S3,site_s3,S3,S3,S3,84.5,0.0,0.0,204.4,1,1,1,,
1786350076.997,c2,search,,0.0,31.1,20.71,10.55,S3,0,,0,4474.0,obs,509,31.1,20.71,10.98,S3,31.1,20.71,10.98,S3,31.1,20.71,10.55,S3,7.4,0,S3,site_s3,S3,S3,S3,127.5,0.0,0.0,331.9,1,1,1,,
1786350076.997,c2,recommend,,0.0,26.76,14.03,3.77,S3,0,,0,200.0,obs,684,26.76,14.03,4.0,S3,26.76,14.03,4.0,S3,26.76,14.03,3.77,S3,7.4,0,S3,site_s3,S3,S3,S3,171.0,0.0,0.0,362.4,1,1,1,,
1786350077.997,c1,reserve,,0.0,26.34,13.67,4.0,S3,0,,0,36.0,obs,342,26.34,13.67,3.65,S3,26.34,13.67,3.65,S3,26.34,13.67,4.0,S3,7.332,0,S3,site_s3,S3,S3,S3,85.5,0.0,0.0,23.8,1,1,1,,
1786350077.997,c1,search,,0.0,31.1,20.71,10.53,S3,0,,0,4474.0,obs,512,31.1,20.71,10.98,S3,31.1,20.71,10.98,S3,31.1,20.71,10.53,S3,7.332,0,S3,site_s3,S3,S3,S3,128.0,0.0,0.0,151.8,1,1,1,,
1786350077.997,c1,recommend,,0.0,26.76,14.03,3.75,S3,0,,0,200.0,obs,678,26.76,14.03,4.0,S3,26.76,14.03,4.0,S3,26.76,14.03,3.75,S3,7.332,0,S3,site_s3,S3,S3,S3,169.5,0.0,0.0,181.9,1,1,1,,
1786350077.997,c2,reserve,,0.0,26.34,13.67,4.0,S3,0,,0,36.0,obs,342,26.34,13.67,3.65,S3,26.34,13.67,3.65,S3,26.34,13.67,4.0,S3,7.332,0,S3,site_s3,S3,S3,S3,85.5,0.0,0.0,205.7,1,1,1,,
1786350077.997,c2,search,,0.0,31.1,20.71,10.53,S3,0,,0,4474.0,obs,512,31.1,20.71,10.98,S3,31.1,20.71,10.98,S3,31.1,20.71,10.53,S3,7.332,0,S3,site_s3,S3,S3,S3,128.0,0.0,0.0,333.7,1,1,1,,
1786350077.997,c2,recommend,,0.0,26.76,14.03,3.75,S3,0,,0,200.0,obs,678,26.76,14.03,4.0,S3,26.76,14.03,4.0,S3,26.76,14.03,3.75,S3,7.332,0,S3,site_s3,S3,S3,S3,169.5,0.0,0.0,363.9,1,1,1,,
1786350078.997,c1,reserve,,0.0,26.34,13.67,4.03,S3,0,,0,36.0,obs,344,26.34,13.67,3.65,S3,26.34,13.67,3.65,S3,26.34,13.67,4.03,S3,7.278,0,S3,site_s3,S3,S3,S3,86.0,0.0,0.0,23.9,1,1,1,,
1786350078.997,c1,search,,0.0,31.1,20.71,10.71,S3,0,,0,4474.0,obs,509,31.1,20.71,10.98,S3,31.1,20.71,10.98,S3,31.1,20.71,10.71,S3,7.278,0,S3,site_s3,S3,S3,S3,127.0,0.0,0.0,150.9,1,1,1,,
1786350078.997,c1,recommend,,0.0,26.76,14.03,3.77,S3,0,,0,200.0,obs,679,26.76,14.03,4.0,S3,26.76,14.03,4.0,S3,26.76,14.03,3.77,S3,7.278,0,S3,site_s3,S3,S3,S3,169.5,0.0,0.0,181.1,1,1,1,,
1786350078.997,c2,reserve,,0.0,26.34,13.67,4.03,S3,0,,0,36.0,obs,344,26.34,13.67,3.65,S3,26.34,13.67,3.65,S3,26.34,13.67,4.03,S3,7.278,0,S3,site_s3,S3,S3,S3,86.0,0.0,0.0,205.0,1,1,1,,
1786350078.997,c2,search,,0.0,31.1,20.71,10.71,S3,0,,0,4474.0,obs,509,31.1,20.71,10.98,S3,31.1,20.71,10.98,S3,31.1,20.71,10.71,S3,7.278,0,S3,site_s3,S3,S3,S3,127.0,0.0,0.0,332.0,1,1,1,,
1786350078.997,c2,recommend,,0.0,26.76,14.03,3.77,S3,0,,0,200.0,obs,679,26.76,14.03,4.0,S3,26.76,14.03,4.0,S3,26.76,14.03,3.77,S3,7.278,0,S3,site_s3,S3,S3,S3,170.0,0.0,0.0,362.2,1,1,1,,
1786350079.997,c1,reserve,,0.0,26.34,13.67,3.94,S3,0,,0,36.0,obs,341,26.34,13.67,3.65,S3,26.34,13.67,3.65,S3,26.34,13.67,3.94,S3,7.335,0,S3,site_s3,S3,S3,S3,85.0,0.0,0.0,23.6,1,1,1,,
1786350079.997,c1,search,,0.0,31.1,20.71,10.73,S3,0,,0,4474.0,obs,508,31.1,20.71,10.98,S3,31.1,20.71,10.98,S3,31.1,20.71,10.73,S3,7.335,0,S3,site_s3,S3,S3,S3,127.0,0.0,0.0,150.6,1,1,1,,
1786350079.997,c1,recommend,,0.0,26.76,14.03,3.84,S3,0,,0,200.0,obs,683,26.76,14.03,4.0,S3,26.76,14.03,4.0,S3,26.76,14.03,3.84,S3,7.335,0,S3,site_s3,S3,S3,S3,171.0,0.0,0.0,181.1,1,1,1,,
1786350079.997,c2,reserve,,0.0,26.34,13.67,3.94,S3,0,,0,36.0,obs,341,26.34,13.67,3.65,S3,26.34,13.67,3.65,S3,26.34,13.67,3.94,S3,7.335,0,S3,site_s3,S3,S3,S3,85.5,0.0,0.0,204.8,1,1,1,,
1786350079.997,c2,search,,0.0,31.1,20.71,10.73,S3,0,,0,4474.0,obs,508,31.1,20.71,10.98,S3,31.1,20.71,10.98,S3,31.1,20.71,10.73,S3,7.335,0,S3,site_s3,S3,S3,S3,127.0,0.0,0.0,331.8,1,1,1,,
1786350079.997,c2,recommend,,0.0,26.76,14.03,3.84,S3,0,,0,200.0,obs,683,26.76,14.03,4.0,S3,26.76,14.03,4.0,S3,26.76,14.03,3.84,S3,7.335,0,S3,site_s3,S3,S3,S3,170.5,0.0,0.0,362.2,1,1,1,,
1786350080.997,c1,reserve,,0.0,26.34,13.67,3.78,S3,0,,0,36.0,obs,338,26.34,13.67,3.65,S3,26.34,13.67,3.65,S3,26.34,13.67,3.78,S3,7.343,0,S3,site_s3,S3,S3,S3,84.5,0.0,0.0,23.5,1,1,1,,
1786350080.997,c1,search,,0.0,31.1,20.71,10.62,S3,0,,0,4474.0,obs,511,31.1,20.71,10.98,S3,31.1,20.71,10.98,S3,31.1,20.71,10.62,S3,7.343,0,S3,site_s3,S3,S3,S3,128.0,0.0,0.0,151.5,1,1,1,,
1786350080.997,c1,recommend,,0.0,26.76,14.03,3.74,S3,0,,0,200.0,obs,685,26.76,14.03,4.0,S3,26.76,14.03,4.0,S3,26.76,14.03,3.74,S3,7.343,0,S3,site_s3,S3,S3,S3,171.0,0.0,0.0,181.9,1,1,1,,
1786350080.997,c2,reserve,,0.0,26.34,13.67,3.78,S3,0,,0,36.0,obs,338,26.34,13.67,3.65,S3,26.34,13.67,3.65,S3,26.34,13.67,3.78,S3,7.343,0,S3,site_s3,S3,S3,S3,84.5,0.0,0.0,205.4,1,1,1,,
1786350080.997,c2,search,,0.0,31.1,20.71,10.62,S3,0,,0,4474.0,obs,511,31.1,20.71,10.98,S3,31.1,20.71,10.98,S3,31.1,20.71,10.62,S3,7.343,0,S3,site_s3,S3,S3,S3,127.5,0.0,0.0,332.9,1,1,1,,
1786350080.997,c2,recommend,,0.0,26.76,14.03,3.74,S3,0,,0,200.0,obs,685,26.76,14.03,4.0,S3,26.76,14.03,4.0,S3,26.76,14.03,3.74,S3,7.343,0,S3,site_s3,S3,S3,S3,171.5,0.0,0.0,363.4,1,1,1,,
1786350081.997,c1,reserve,,0.0,26.34,13.67,3.75,S3,0,,0,36.0,obs,338,26.34,13.67,3.65,S3,26.34,13.67,3.65,S3,26.34,13.67,3.75,S3,7.332,0,S3,site_s3,S3,S3,S3,84.5,0.0,0.0,23.5,1,1,1,,
1786350081.997,c1,search,,0.0,31.1,20.71,10.57,S3,0,,0,4474.0,obs,514,31.1,20.71,10.98,S3,31.1,20.71,10.98,S3,31.1,20.71,10.57,S3,7.332,0,S3,site_s3,S3,S3,S3,128.5,0.0,0.0,152.0,1,1,1,,
1786350081.997,c1,recommend,,0.0,26.76,14.03,3.67,S3,0,,0,200.0,obs,682,26.76,14.03,4.0,S3,26.76,14.03,4.0,S3,26.76,14.03,3.67,S3,7.332,0,S3,site_s3,S3,S3,S3,170.5,0.0,0.0,182.3,1,1,1,,
1786350081.997,c2,reserve,,0.0,26.34,13.67,3.75,S3,0,,0,36.0,obs,338,26.34,13.67,3.65,S3,26.34,13.67,3.65,S3,26.34,13.67,3.75,S3,7.332,0,S3,site_s3,S3,S3,S3,84.5,0.0,0.0,205.8,1,1,1,,
1786350081.997,c2,search,,0.0,31.1,20.71,10.57,S3,0,,0,4474.0,obs,514,31.1,20.71,10.98,S3,31.1,20.71,10.98,S3,31.1,20.71,10.57,S3,7.332,0,S3,site_s3,S3,S3,S3,128.5,0.0,0.0,334.3,1,1,1,,
1786350081.997,c2,recommend,,0.0,26.76,14.03,3.67,S3,0,,0,200.0,obs,682,26.76,14.03,4.0,S3,26.76,14.03,4.0,S3,26.76,14.03,3.67,S3,7.332,0,S3,site_s3,S3,S3,S3,170.5,0.0,0.0,364.7,1,1,1,,
1786350082.997,c1,reserve,,0.0,26.34,13.67,4.03,S3,0,,0,36.0,obs,344,26.34,13.67,3.65,S3,26.34,13.67,3.65,S3,26.34,13.67,4.03,S3,7.327,0,S3,site_s3,S3,S3,S3,86.0,0.0,0.0,23.9,1,1,1,,
1786350082.997,c1,search,,0.0,31.1,20.71,10.74,S3,0,,0,4474.0,obs,512,31.1,20.71,10.98,S3,31.1,20.71,10.98,S3,31.1,20.71,10.74,S3,7.327,0,S3,site_s3,S3,S3,S3,128.0,0.0,0.0,151.9,1,1,1,,
1786350082.997,c1,recommend,,0.0,26.76,14.03,3.77,S3,0,,0,200.0,obs,678,26.76,14.03,4.0,S3,26.76,14.03,4.0,S3,26.76,14.03,3.77,S3,7.327,0,S3,site_s3,S3,S3,S3,169.5,0.0,0.0,182.1,1,1,1,,
1786350082.997,c2,reserve,,0.0,26.34,13.67,4.03,S3,0,,0,36.0,obs,344,26.34,13.67,3.65,S3,26.34,13.67,3.65,S3,26.34,13.67,4.03,S3,7.327,0,S3,site_s3,S3,S3,S3,86.0,0.0,0.0,206.0,1,1,1,,
1786350082.997,c2,search,,0.0,31.1,20.71,10.74,S3,0,,0,4474.0,obs,512,31.1,20.71,10.98,S3,31.1,20.71,10.98,S3,31.1,20.71,10.74,S3,7.327,0,S3,site_s3,S3,S3,S3,128.0,0.0,0.0,334.0,1,1,1,,
1786350082.997,c2,recommend,,0.0,26.76,14.03,3.77,S3,0,,0,200.0,obs,678,26.76,14.03,4.0,S3,26.76,14.03,4.0,S3,26.76,14.03,3.77,S3,7.327,0,S3,site_s3,S3,S3,S3,169.5,0.0,0.0,364.2,1,1,1,,
1786350083.997,c1,reserve,,0.0,26.34,13.67,3.95,S3,0,,0,36.0,obs,344,26.34,13.67,3.65,S3,26.34,13.67,3.65,S3,26.34,13.67,3.95,S3,7.31,0,S3,site_s3,S3,S3,S3,86.0,0.0,0.0,23.9,1,1,1,,
1786350083.997,c1,search,,0.0,31.1,20.71,10.83,S3,0,,0,4474.0,obs,510,31.1,20.71,10.98,S3,31.1,20.71,10.98,S3,31.1,20.71,10.83,S3,7.31,0,S3,site_s3,S3,S3,S3,127.5,0.0,0.0,151.4,1,1,1,,
1786350083.997,c1,recommend,,0.0,26.76,14.03,3.86,S3,0,,0,200.0,obs,682,26.76,14.03,4.0,S3,26.76,14.03,4.0,S3,26.76,14.03,3.86,S3,7.31,0,S3,site_s3,S3,S3,S3,170.5,0.0,0.0,181.8,1,1,1,,
1786350083.997,c2,reserve,,0.0,26.34,13.67,3.95,S3,0,,0,36.0,obs,344,26.34,13.67,3.65,S3,26.34,13.67,3.65,S3,26.34,13.67,3.95,S3,7.31,0,S3,site_s3,S3,S3,S3,86.0,0.0,0.0,205.7,1,1,1,,
1786350083.997,c2,search,,0.0,31.1,20.71,10.83,S3,0,,0,4474.0,obs,510,31.1,20.71,10.98,S3,31.1,20.71,10.98,S3,31.1,20.71,10.83,S3,7.31,0,S3,site_s3,S3,S3,S3,127.5,0.0,0.0,333.2,1,1,1,,
1786350083.997,c2,recommend,,0.0,26.76,14.03,3.86,S3,0,,0,200.0,obs,682,26.76,14.03,4.0,S3,26.76,14.03,4.0,S3,26.76,14.03,3.86,S3,7.31,0,S3,site_s3,S3,S3,S3,170.5,0.0,0.0,363.5,1,1,1,,
1786350084.996,c1,reserve,,0.0,26.34,13.67,3.8,S3,0,,0,36.0,obs,340,26.34,13.67,3.65,S3,26.34,13.67,3.65,S3,26.34,13.67,3.8,S3,7.301,0,S3,site_s3,S3,S3,S3,85.0,0.0,0.0,23.6,1,1,1,,
1786350084.996,c1,search,,0.0,31.1,20.71,10.74,S3,0,,0,4474.0,obs,511,31.1,20.71,10.98,S3,31.1,20.71,10.98,S3,31.1,20.71,10.74,S3,7.301,0,S3,site_s3,S3,S3,S3,127.5,0.0,0.0,151.1,1,1,1,,
1786350084.996,c1,recommend,,0.0,26.76,14.03,3.86,S3,0,,0,200.0,obs,686,26.76,14.03,4.0,S3,26.76,14.03,4.0,S3,26.76,14.03,3.86,S3,7.301,0,S3,site_s3,S3,S3,S3,171.5,0.0,0.0,181.7,1,1,1,,
1786350084.996,c2,reserve,,0.0,26.34,13.67,3.8,S3,0,,0,36.0,obs,340,26.34,13.67,3.65,S3,26.34,13.67,3.65,S3,26.34,13.67,3.8,S3,7.301,0,S3,site_s3,S3,S3,S3,85.0,0.0,0.0,205.3,1,1,1,,
1786350084.996,c2,search,,0.0,31.1,20.71,10.74,S3,0,,0,4474.0,obs,511,31.1,20.71,10.98,S3,31.1,20.71,10.98,S3,31.1,20.71,10.74,S3,7.301,0,S3,site_s3,S3,S3,S3,128.0,0.0,0.0,333.3,1,1,1,,
1786350084.996,c2,recommend,,0.0,26.76,14.03,3.86,S3,0,,0,200.0,obs,686,26.76,14.03,4.0,S3,26.76,14.03,4.0,S3,26.76,14.03,3.86,S3,7.301,0,S3,site_s3,S3,S3,S3,171.5,0.0,0.0,363.8,1,1,1,,
1786350085.997,c1,reserve,,0.0,26.34,13.67,3.98,S3,0,,0,36.0,obs,339,26.34,13.67,3.65,S3,26.34,13.67,3.65,S3,26.34,13.67,3.98,S3,7.346,0,S3,site_s3,S3,S3,S3,84.5,0.0,0.0,23.5,1,1,1,,
1786350085.997,c1,search,,0.0,31.1,20.71,10.78,S3,0,,0,4474.0,obs,512,31.1,20.71,10.98,S3,31.1,20.71,10.98,S3,31.1,20.71,10.78,S3,7.346,0,S3,site_s3,S3,S3,S3,128.0,0.0,0.0,151.5,1,1,1,,
1786350085.997,c1,recommend,,0.0,26.76,14.03,3.85,S3,0,,0,200.0,obs,688,26.76,14.03,4.0,S3,26.76,14.03,4.0,S3,26.76,14.03,3.85,S3,7.346,0,S3,site_s3,S3,S3,S3,172.0,0.0,0.0,182.1,1,1,1,,
1786350085.997,c2,reserve,,0.0,26.34,13.67,3.98,S3,0,,0,36.0,obs,339,26.34,13.67,3.65,S3,26.34,13.67,3.65,S3,26.34,13.67,3.98,S3,7.346,0,S3,site_s3,S3,S3,S3,85.0,0.0,0.0,205.7,1,1,1,,
1786350085.997,c2,search,,0.0,31.1,20.71,10.78,S3,0,,0,4474.0,obs,512,31.1,20.71,10.98,S3,31.1,20.71,10.98,S3,31.1,20.71,10.78,S3,7.346,0,S3,site_s3,S3,S3,S3,128.0,0.0,0.0,333.7,1,1,1,,
1786350085.997,c2,recommend,,0.0,26.76,14.03,3.85,S3,0,,0,200.0,obs,688,26.76,14.03,4.0,S3,26.76,14.03,4.0,S3,26.76,14.03,3.85,S3,7.346,0,S3,site_s3,S3,S3,S3,172.0,0.0,0.0,364.4,1,1,1,,
1786350086.997,c1,reserve,,0.0,26.34,13.67,4.03,S3,0,,0,36.0,obs,342,26.34,13.67,3.65,S3,26.34,13.67,3.65,S3,26.34,13.67,4.03,S3,7.353,0,S3,site_s3,S3,S3,S3,85.5,0.0,0.0,23.8,1,1,1,,
1786350086.997,c1,search,,0.0,31.1,20.71,10.8,S3,0,,0,4474.0,obs,516,31.1,20.71,10.98,S3,31.1,20.71,10.98,S3,31.1,20.71,10.8,S3,7.353,0,S3,site_s3,S3,S3,S3,129.0,0.0,0.0,152.8,1,1,1,,
1786350086.997,c1,recommend,,0.0,26.76,14.03,3.84,S3,0,,0,200.0,obs,683,26.76,14.03,4.0,S3,26.76,14.03,4.0,S3,26.76,14.03,3.84,S3,7.353,0,S3,site_s3,S3,S3,S3,170.5,0.0,0.0,183.1,1,1,1,,
1786350086.997,c2,reserve,,0.0,26.34,13.67,4.03,S3,0,,0,36.0,obs,342,26.34,13.67,3.65,S3,26.34,13.67,3.65,S3,26.34,13.67,4.03,S3,7.353,0,S3,site_s3,S3,S3,S3,85.5,0.0,0.0,206.9,1,1,1,,
1786350086.997,c2,search,,0.0,31.1,20.71,10.8,S3,0,,0,4474.0,obs,516,31.1,20.71,10.98,S3,31.1,20.71,10.98,S3,31.1,20.71,10.8,S3,7.353,0,S3,site_s3,S3,S3,S3,129.0,0.0,0.0,335.9,1,1,1,,
1786350086.997,c2,recommend,,0.0,26.76,14.03,3.84,S3,0,,0,200.0,obs,683,26.76,14.03,4.0,S3,26.76,14.03,4.0,S3,26.76,14.03,3.84,S3,7.353,0,S3,site_s3,S3,S3,S3,171.0,0.0,0.0,366.3,1,1,1,,
1786350087.997,c1,reserve,,0.0,26.34,13.67,3.83,S3,0,,0,36.0,obs,346,26.34,13.67,3.65,S3,26.34,13.67,3.65,S3,26.34,13.67,3.83,S3,7.291,0,S3,site_s3,S3,S3,S3,86.5,0.0,0.0,24.0,1,1,1,,
1786350087.997,c1,search,,0.0,31.1,20.71,10.75,S3,0,,0,4474.0,obs,511,31.1,20.71,10.98,S3,31.1,20.71,10.98,S3,31.1,20.71,10.75,S3,7.291,0,S3,site_s3,S3,S3,S3,128.0,0.0,0.0,152.0,1,1,1,,
1786350087.997,c1,recommend,,0.0,26.76,14.03,3.89,S3,0,,0,200.0,obs,682,26.76,14.03,4.0,S3,26.76,14.03,4.0,S3,26.76,14.03,3.89,S3,7.291,0,S3,site_s3,S3,S3,S3,170.5,0.0,0.0,182.4,1,1,1,,
1786350087.997,c2,reserve,,0.0,26.34,13.67,3.83,S3,0,,0,36.0,obs,346,26.34,13.67,3.65,S3,26.34,13.67,3.65,S3,26.34,13.67,3.83,S3,7.291,0,S3,site_s3,S3,S3,S3,86.5,0.0,0.0,206.4,1,1,1,,
1786350087.997,c2,search,,0.0,31.1,20.71,10.75,S3,0,,0,4474.0,obs,511,31.1,20.71,10.98,S3,31.1,20.71,10.98,S3,31.1,20.71,10.75,S3,7.291,0,S3,site_s3,S3,S3,S3,127.5,0.0,0.0,333.9,1,1,1,,
1786350087.997,c2,recommend,,0.0,26.76,14.03,3.89,S3,0,,0,200.0,obs,682,26.76,14.03,4.0,S3,26.76,14.03,4.0,S3,26.76,14.03,3.89,S3,7.291,0,S3,site_s3,S3,S3,S3,170.5,0.0,0.0,364.3,1,1,1,,
1786350088.997,c1,reserve,,0.0,26.34,13.67,3.98,S3,0,,0,36.0,obs,344,26.34,13.67,3.65,S3,26.34,13.67,3.65,S3,26.34,13.67,3.98,S3,7.317,0,S3,site_s3,S3,S3,S3,86.0,0.0,0.0,23.9,1,1,1,,
1786350088.997,c1,search,,0.0,31.1,20.71,10.79,S3,0,,0,4474.0,obs,511,31.1,20.71,10.98,S3,31.1,20.71,10.98,S3,31.1,20.71,10.79,S3,7.317,0,S3,site_s3,S3,S3,S3,127.5,0.0,0.0,151.4,1,1,1,,
1786350088.997,c1,recommend,,0.0,26.76,14.03,3.85,S3,0,,0,200.0,obs,688,26.76,14.03,4.0,S3,26.76,14.03,4.0,S3,26.76,14.03,3.85,S3,7.317,0,S3,site_s3,S3,S3,S3,172.0,0.0,0.0,182.0,1,1,1,,
1786350088.997,c2,reserve,,0.0,26.34,13.67,3.98,S3,0,,0,36.0,obs,344,26.34,13.67,3.65,S3,26.34,13.67,3.65,S3,26.34,13.67,3.98,S3,7.317,0,S3,site_s3,S3,S3,S3,86.0,0.0,0.0,205.9,1,1,1,,
1786350088.997,c2,search,,0.0,31.1,20.71,10.79,S3,0,,0,4474.0,obs,511,31.1,20.71,10.98,S3,31.1,20.71,10.98,S3,31.1,20.71,10.79,S3,7.317,0,S3,site_s3,S3,S3,S3,128.0,0.0,0.0,333.9,1,1,1,,
1786350088.997,c2,recommend,,0.0,26.76,14.03,3.85,S3,0,,0,200.0,obs,688,26.76,14.03,4.0,S3,26.76,14.03,4.0,S3,26.76,14.03,3.85,S3,7.317,0,S3,site_s3,S3,S3,S3,171.5,0.0,0.0,364.5,1,1,1,,
1786350089.997,c1,reserve,,0.0,26.34,13.67,4.0,S3,0,,0,36.0,obs,341,26.34,13.67,3.65,S3,26.34,13.67,3.65,S3,26.34,13.67,4.0,S3,7.409,0,S3,site_s3,S3,S3,S3,85.0,0.0,0.0,23.6,1,1,1,,
1786350089.997,c1,search,,0.0,31.1,20.71,10.68,S3,0,,0,4474.0,obs,514,31.1,20.71,10.98,S3,31.1,20.71,10.98,S3,31.1,20.71,10.68,S3,7.409,0,S3,site_s3,S3,S3,S3,128.5,0.0,0.0,152.1,1,1,1,,
1786350089.997,c1,recommend,,0.0,26.76,14.03,3.85,S3,0,,0,200.0,obs,688,26.76,14.03,4.0,S3,26.76,14.03,4.0,S3,26.76,14.03,3.85,S3,7.409,0,S3,site_s3,S3,S3,S3,172.0,0.0,0.0,182.7,1,1,1,,
1786350089.997,c2,reserve,,0.0,26.34,13.67,4.0,S3,0,,0,36.0,obs,341,26.34,13.67,3.65,S3,26.34,13.67,3.65,S3,26.34,13.67,4.0,S3,7.409,0,S3,site_s3,S3,S3,S3,85.5,0.0,0.0,206.5,1,1,1,,
1786350089.997,c2,search,,0.0,31.1,20.71,10.68,S3,0,,0,4474.0,obs,514,31.1,20.71,10.98,S3,31.1,20.71,10.98,S3,31.1,20.71,10.68,S3,7.409,0,S3,site_s3,S3,S3,S3,128.5,0.0,0.0,335.0,1,1,1,,
1786350089.997,c2,recommend,,0.0,26.76,14.03,3.85,S3,0,,0,200.0,obs,688,26.76,14.03,4.0,S3,26.76,14.03,4.0,S3,26.76,14.03,3.85,S3,7.409,0,S3,site_s3,S3,S3,S3,172.0,0.0,0.0,365.6,1,1,1,,
1786350090.997,c1,reserve,,0.0,26.34,13.67,4.02,S3,0,,0,36.0,obs,340,26.34,13.67,3.65,S3,26.34,13.67,3.65,S3,26.34,13.67,4.02,S3,7.351,0,S3,site_s3,S3,S3,S3,85.0,0.0,0.0,23.6,1,1,1,,
1786350090.997,c1,search,,0.0,31.1,20.71,10.66,S3,0,,0,4474.0,obs,516,31.1,20.71,10.98,S3,31.1,20.71,10.98,S3,31.1,20.71,10.66,S3,7.351,0,S3,site_s3,S3,S3,S3,129.0,0.0,0.0,152.6,1,1,1,,
1786350090.997,c1,recommend,,0.0,26.76,14.03,3.82,S3,0,,0,200.0,obs,687,26.76,14.03,4.0,S3,26.76,14.03,4.0,S3,26.76,14.03,3.82,S3,7.351,0,S3,site_s3,S3,S3,S3,171.5,0.0,0.0,183.2,1,1,1,,
1786350090.997,c2,reserve,,0.0,26.34,13.67,4.02,S3,0,,0,36.0,obs,340,26.34,13.67,3.65,S3,26.34,13.67,3.65,S3,26.34,13.67,4.02,S3,7.351,0,S3,site_s3,S3,S3,S3,85.0,0.0,0.0,206.8,1,1,1,,
1786350090.997,c2,search,,0.0,31.1,20.71,10.66,S3,0,,0,4474.0,obs,516,31.1,20.71,10.98,S3,31.1,20.71,10.98,S3,31.1,20.71,10.66,S3,7.351,0,S3,site_s3,S3,S3,S3,129.0,0.0,0.0,335.8,1,1,1,,
1786350090.997,c2,recommend,,0.0,26.76,14.03,3.82,S3,0,,0,200.0,obs,687,26.76,14.03,4.0,S3,26.76,14.03,4.0,S3,26.76,14.03,3.82,S3,7.351,0,S3,site_s3,S3,S3,S3,172.0,0.0,0.0,366.4,1,1,1,,
1786350091.997,c1,reserve,,0.0,26.34,13.67,4.08,S3,0,,0,36.0,obs,345,26.34,13.67,3.65,S3,26.34,13.67,3.65,S3,26.34,13.67,4.08,S3,7.391,0,S3,site_s3,S3,S3,S3,86.0,0.0,0.0,23.9,1,1,1,,
1786350091.997,c1,search,,0.0,31.1,20.71,10.72,S3,0,,0,4474.0,obs,516,31.1,20.71,10.98,S3,31.1,20.71,10.98,S3,31.1,20.71,10.72,S3,7.391,0,S3,site_s3,S3,S3,S3,129.0,0.0,0.0,152.9,1,1,1,,
1786350091.997,c1,recommend,,0.0,26.76,14.03,3.79,S3,0,,0,200.0,obs,684,26.76,14.03,4.0,S3,26.76,14.03,4.0,S3,26.76,14.03,3.79,S3,7.391,0,S3,site_s3,S3,S3,S3,171.0,0.0,0.0,183.3,1,1,1,,
1786350091.997,c2,reserve,,0.0,26.34,13.67,4.08,S3,0,,0,36.0,obs,345,26.34,13.67,3.65,S3,26.34,13.67,3.65,S3,26.34,13.67,4.08,S3,7.391,0,S3,site_s3,S3,S3,S3,86.5,0.0,0.0,207.4,1,1,1,,
1786350091.997,c2,search,,0.0,31.1,20.71,10.72,S3,0,,0,4474.0,obs,516,31.1,20.71,10.98,S3,31.1,20.71,10.98,S3,31.1,20.71,10.72,S3,7.391,0,S3,site_s3,S3,S3,S3,129.0,0.0,0.0,336.4,1,1,1,,
1786350091.997,c2,recommend,,0.0,26.76,14.03,3.79,S3,0,,0,200.0,obs,684,26.76,14.03,4.0,S3,26.76,14.03,4.0,S3,26.76,14.03,3.79,S3,7.391,0,S3,site_s3,S3,S3,S3,171.0,0.0,0.0,366.8,1,1,1,,
1786350092.997,c1,reserve,,0.0,26.34,13.67,3.98,S3,0,,0,36.0,obs,346,26.34,13.67,3.65,S3,26.34,13.67,3.65,S3,26.34,13.67,3.98,S3,7.357,0,S3,site_s3,S3,S3,S3,86.5,0.0,0.0,24.0,1,1,1,,
1786350092.997,c1,search,,0.0,31.1,20.71,10.73,S3,0,,0,4474.0,obs,513,31.1,20.71,10.98,S3,31.1,20.71,10.98,S3,31.1,20.71,10.73,S3,7.357,0,S3,site_s3,S3,S3,S3,128.0,0.0,0.0,152.0,1,1,1,,
1786350092.997,c1,recommend,,0.0,26.76,14.03,3.87,S3,0,,0,200.0,obs,686,26.76,14.03,4.0,S3,26.76,14.03,4.0,S3,26.76,14.03,3.87,S3,7.357,0,S3,site_s3,S3,S3,S3,171.5,0.0,0.0,182.6,1,1,1,,
1786350092.997,c2,reserve,,0.0,26.34,13.67,3.98,S3,0,,0,36.0,obs,346,26.34,13.67,3.65,S3,26.34,13.67,3.65,S3,26.34,13.67,3.98,S3,7.357,0,S3,site_s3,S3,S3,S3,86.5,0.0,0.0,206.6,1,1,1,,
1786350092.997,c2,search,,0.0,31.1,20.71,10.73,S3,0,,0,4474.0,obs,513,31.1,20.71,10.98,S3,31.1,20.71,10.98,S3,31.1,20.71,10.73,S3,7.357,0,S3,site_s3,S3,S3,S3,128.5,0.0,0.0,335.1,1,1,1,,
1786350092.997,c2,recommend,,0.0,26.76,14.03,3.87,S3,0,,0,200.0,obs,686,26.76,14.03,4.0,S3,26.76,14.03,4.0,S3,26.76,14.03,3.87,S3,7.357,0,S3,site_s3,S3,S3,S3,171.5,0.0,0.0,365.6,1,1,1,,
1786350093.997,c1,reserve,,0.0,26.34,13.67,4.0,S3,0,,0,36.0,obs,342,26.34,13.67,3.65,S3,26.34,13.67,3.65,S3,26.34,13.67,4.0,S3,7.546,0,S3,site_s3,S3,S3,S3,85.5,0.0,0.0,23.8,1,1,1,,
1786350093.997,c1,search,,0.0,31.1,20.71,10.7,S3,0,,0,4474.0,obs,514,31.1,20.71,10.98,S3,31.1,20.71,10.98,S3,31.1,20.71,10.7,S3,7.546,0,S3,site_s3,S3,S3,S3,128.5,0.0,0.0,152.3,1,1,1,,
1786350093.997,c1,recommend,,0.0,26.76,14.03,3.81,S3,0,,0,200.0,obs,690,26.76,14.03,4.0,S3,26.76,14.03,4.0,S3,26.76,14.03,3.81,S3,7.546,0,S3,site_s3,S3,S3,S3,172.5,0.0,0.0,183.0,1,1,1,,
1786350093.997,c2,reserve,,0.0,26.34,13.67,4.0,S3,0,,0,36.0,obs,342,26.34,13.67,3.65,S3,26.34,13.67,3.65,S3,26.34,13.67,4.0,S3,7.546,0,S3,site_s3,S3,S3,S3,85.5,0.0,0.0,206.7,1,1,1,,
1786350093.997,c2,search,,0.0,31.1,20.71,10.7,S3,0,,0,4474.0,obs,514,31.1,20.71,10.98,S3,31.1,20.71,10.98,S3,31.1,20.71,10.7,S3,7.546,0,S3,site_s3,S3,S3,S3,128.5,0.0,0.0,335.2,1,1,1,,
1786350093.997,c2,recommend,,0.0,26.76,14.03,3.81,S3,0,,0,200.0,obs,690,26.76,14.03,4.0,S3,26.76,14.03,4.0,S3,26.76,14.03,3.81,S3,7.546,0,S3,site_s3,S3,S3,S3,172.5,0.0,0.0,365.9,1,1,1,,
1786350094.996,c1,reserve,,0.0,26.34,13.67,3.95,S3,0,,0,36.0,obs,342,26.34,13.67,3.65,S3,26.34,13.67,3.65,S3,26.34,13.67,3.95,S3,7.281,0,S3,site_s3,S3,S3,S3,85.5,0.0,0.0,23.8,1,1,1,,
1786350094.996,c1,search,,0.0,31.1,20.71,10.79,S3,0,,0,4474.0,obs,514,31.1,20.71,10.98,S3,31.1,20.71,10.98,S3,31.1,20.71,10.79,S3,7.281,0,S3,site_s3,S3,S3,S3,128.5,0.0,0.0,152.3,1,1,1,,
1786350094.996,c1,recommend,,0.0,26.76,14.03,3.88,S3,0,,0,200.0,obs,690,26.76,14.03,4.0,S3,26.76,14.03,4.0,S3,26.76,14.03,3.88,S3,7.281,0,S3,site_s3,S3,S3,S3,172.5,0.0,0.0,183.0,1,1,1,,
1786350094.996,c2,reserve,,0.0,26.34,13.67,3.95,S3,0,,0,36.0,obs,342,26.34,13.67,3.65,S3,26.34,13.67,3.65,S3,26.34,13.67,3.95,S3,7.281,0,S3,site_s3,S3,S3,S3,85.5,0.0,0.0,206.7,1,1,1,,
1786350094.996,c2,search,,0.0,31.1,20.71,10.79,S3,0,,0,4474.0,obs,514,31.1,20.71,10.98,S3,31.1,20.71,10.98,S3,31.1,20.71,10.79,S3,7.281,0,S3,site_s3,S3,S3,S3,128.5,0.0,0.0,335.2,1,1,1,,
1786350094.996,c2,recommend,,0.0,26.76,14.03,3.88,S3,0,,0,200.0,obs,690,26.76,14.03,4.0,S3,26.76,14.03,4.0,S3,26.76,14.03,3.88,S3,7.281,0,S3,site_s3,S3,S3,S3,172.5,0.0,0.0,365.9,1,1,1,,
1786350095.997,c1,reserve,,0.0,26.34,13.67,3.94,S3,0,,0,36.0,obs,343,26.34,13.67,3.65,S3,26.34,13.67,3.65,S3,26.34,13.67,3.94,S3,7.318,0,S3,site_s3,S3,S3,S3,86.0,0.0,0.0,23.9,1,1,1,,
1786350095.997,c1,search,,0.0,31.1,20.71,10.75,S3,0,,0,4474.0,obs,518,31.1,20.71,10.98,S3,31.1,20.71,10.98,S3,31.1,20.71,10.75,S3,7.318,0,S3,site_s3,S3,S3,S3,129.5,0.0,0.0,153.4,1,1,1,,
1786350095.997,c1,recommend,,0.0,26.76,14.03,3.89,S3,0,,0,200.0,obs,686,26.76,14.03,4.0,S3,26.76,14.03,4.0,S3,26.76,14.03,3.89,S3,7.318,0,S3,site_s3,S3,S3,S3,171.5,0.0,0.0,183.9,1,1,1,,
1786350095.997,c2,reserve,,0.0,26.34,13.67,3.94,S3,0,,0,36.0,obs,343,26.34,13.67,3.65,S3,26.34,13.67,3.65,S3,26.34,13.67,3.94,S3,7.318,0,S3,site_s3,S3,S3,S3,85.5,0.0,0.0,207.7,1,1,1,,
1786350095.997,c2,search,,0.0,31.1,20.71,10.75,S3,0,,0,4474.0,obs,518,31.1,20.71,10.98,S3,31.1,20.71,10.98,S3,31.1,20.71,10.75,S3,7.318,0,S3,site_s3,S3,S3,S3,129.5,0.0,0.0,337.2,1,1,1,,
1786350095.997,c2,recommend,,0.0,26.76,14.03,3.89,S3,0,,0,200.0,obs,686,26.76,14.03,4.0,S3,26.76,14.03,4.0,S3,26.76,14.03,3.89,S3,7.318,0,S3,site_s3,S3,S3,S3,171.5,0.0,0.0,367.7,1,1,1,,
1786350096.996,c1,reserve,,0.0,26.34,13.67,3.88,S3,0,,0,36.0,obs,348,26.34,13.67,3.65,S3,26.34,13.67,3.65,S3,26.34,13.67,3.88,S3,7.29,0,S3,site_s3,S3,S3,S3,87.0,0.0,0.0,24.2,1,1,1,,
1786350096.996,c1,search,,0.0,31.1,20.71,10.76,S3,0,,0,4474.0,obs,514,31.1,20.71,10.98,S3,31.1,20.71,10.98,S3,31.1,20.71,10.76,S3,7.29,0,S3,site_s3,S3,S3,S3,128.5,0.0,0.0,152.7,1,1,1,,
1786350096.996,c1,recommend,,0.0,26.76,14.03,3.79,S3,0,,0,200.0,obs,686,26.76,14.03,4.0,S3,26.76,14.03,4.0,S3,26.76,14.03,3.79,S3,7.29,0,S3,site_s3,S3,S3,S3,171.5,0.0,0.0,183.2,1,1,1,,
1786350096.996,c2,reserve,,0.0,26.34,13.67,3.88,S3,0,,0,36.0,obs,348,26.34,13.67,3.65,S3,26.34,13.67,3.65,S3,26.34,13.67,3.88,S3,7.29,0,S3,site_s3,S3,S3,S3,87.0,0.0,0.0,207.4,1,1,1,,
1786350096.996,c2,search,,0.0,31.1,20.71,10.76,S3,0,,0,4474.0,obs,514,31.1,20.71,10.98,S3,31.1,20.71,10.98,S3,31.1,20.71,10.76,S3,7.29,0,S3,site_s3,S3,S3,S3,128.5,0.0,0.0,335.9,1,1,1,,
1786350096.996,c2,recommend,,0.0,26.76,14.03,3.79,S3,0,,0,200.0,obs,686,26.76,14.03,4.0,S3,26.76,14.03,4.0,S3,26.76,14.03,3.79,S3,7.29,0,S3,site_s3,S3,S3,S3,171.5,0.0,0.0,366.4,1,1,1,,
1786350097.997,c1,reserve,,0.0,26.34,13.67,3.78,S3,0,,0,36.0,obs,344,26.34,13.67,3.65,S3,26.34,13.67,3.65,S3,26.34,13.67,3.78,S3,7.298,0,S3,site_s3,S3,S3,S3,86.0,0.0,0.0,23.9,1,1,1,,
1786350097.997,c1,search,,0.0,31.1,20.71,10.75,S3,0,,0,4474.0,obs,514,31.1,20.71,10.98,S3,31.1,20.71,10.98,S3,31.1,20.71,10.75,S3,7.298,0,S3,site_s3,S3,S3,S3,128.5,0.0,0.0,152.4,1,1,1,,
1786350097.997,c1,recommend,,0.0,26.76,14.03,3.78,S3,0,,0,200.0,obs,691,26.76,14.03,4.0,S3,26.76,14.03,4.0,S3,26.76,14.03,3.78,S3,7.298,0,S3,site_s3,S3,S3,S3,173.0,0.0,0.0,183.2,1,1,1,,
1786350097.997,c2,reserve,,0.0,26.34,13.67,3.78,S3,0,,0,36.0,obs,344,26.34,13.67,3.65,S3,26.34,13.67,3.65,S3,26.34,13.67,3.78,S3,7.298,0,S3,site_s3,S3,S3,S3,86.0,0.0,0.0,207.1,1,1,1,,
1786350097.997,c2,search,,0.0,31.1,20.71,10.75,S3,0,,0,4474.0,obs,514,31.1,20.71,10.98,S3,31.1,20.71,10.98,S3,31.1,20.71,10.75,S3,7.298,0,S3,site_s3,S3,S3,S3,128.5,0.0,0.0,335.6,1,1,1,,
1786350097.997,c2,recommend,,0.0,26.76,14.03,3.78,S3,0,,0,200.0,obs,691,26.76,14.03,4.0,S3,26.76,14.03,4.0,S3,26.76,14.03,3.78,S3,7.298,0,S3,site_s3,S3,S3,S3,172.5,0.0,0.0,366.3,1,1,1,,
1786350098.997,c1,reserve,,0.0,26.34,13.67,3.95,S3,0,,0,36.0,obs,342,26.34,13.67,3.65,S3,26.34,13.67,3.65,S3,26.34,13.67,3.95,S3,7.302,0,S3,site_s3,S3,S3,S3,85.5,0.0,0.0,23.8,1,1,1,,
1786350098.997,c1,search,,0.0,31.1,20.71,10.73,S3,0,,0,4474.0,obs,516,31.1,20.71,10.98,S3,31.1,20.71,10.98,S3,31.1,20.71,10.73,S3,7.302,0,S3,site_s3,S3,S3,S3,129.0,0.0,0.0,152.8,1,1,1,,
1786350098.997,c1,recommend,,0.0,26.76,14.03,3.78,S3,0,,0,200.0,obs,691,26.76,14.03,4.0,S3,26.76,14.03,4.0,S3,26.76,14.03,3.78,S3,7.302,0,S3,site_s3,S3,S3,S3,172.5,0.0,0.0,183.5,1,1,1,,
1786350098.997,c2,reserve,,0.0,26.34,13.67,3.95,S3,0,,0,36.0,obs,342,26.34,13.67,3.65,S3,26.34,13.67,3.65,S3,26.34,13.67,3.95,S3,7.302,0,S3,site_s3,S3,S3,S3,85.5,0.0,0.0,207.2,1,1,1,,
1786350098.997,c2,search,,0.0,31.1,20.71,10.73,S3,0,,0,4474.0,obs,516,31.1,20.71,10.98,S3,31.1,20.71,10.98,S3,31.1,20.71,10.73,S3,7.302,0,S3,site_s3,S3,S3,S3,129.0,0.0,0.0,336.2,1,1,1,,
1786350098.997,c2,recommend,,0.0,26.76,14.03,3.78,S3,0,,0,200.0,obs,691,26.76,14.03,4.0,S3,26.76,14.03,4.0,S3,26.76,14.03,3.78,S3,7.302,0,S3,site_s3,S3,S3,S3,173.0,0.0,0.0,367.0,1,1,1,,
1786350099.997,c1,reserve,,0.0,26.34,13.67,4.04,S3,0,,0,36.0,obs,342,26.34,13.67,3.65,S3,26.34,13.67,3.65,S3,26.34,13.67,4.04,S3,7.626,0,S3,site_s3,S3,S3,S3,85.5,0.0,0.0,23.8,1,1,1,,
1786350099.997,c1,search,,0.0,31.1,20.71,10.7,S3,0,,0,4474.0,obs,520,31.1,20.71,10.98,S3,31.1,20.71,10.98,S3,31.1,20.71,10.7,S3,7.626,0,S3,site_s3,S3,S3,S3,130.0,0.0,0.0,153.8,1,1,1,,
1786350099.997,c1,recommend,,0.0,26.76,14.03,3.85,S3,0,,0,200.0,obs,690,26.76,14.03,4.0,S3,26.76,14.03,4.0,S3,26.76,14.03,3.85,S3,7.626,0,S3,site_s3,S3,S3,S3,172.5,0.0,0.0,184.5,1,1,1,,
1786350099.997,c2,reserve,,0.0,26.34,13.67,4.04,S3,0,,0,36.0,obs,342,26.34,13.67,3.65,S3,26.34,13.67,3.65,S3,26.34,13.67,4.04,S3,7.626,0,S3,site_s3,S3,S3,S3,85.5,0.0,0.0,208.2,1,1,1,,
1786350099.997,c2,search,,0.0,31.1,20.71,10.7,S3,0,,0,4474.0,obs,520,31.1,20.71,10.98,S3,31.1,20.71,10.98,S3,31.1,20.71,10.7,S3,7.626,0,S3,site_s3,S3,S3,S3,130.0,0.0,0.0,338.2,1,1,1,,
1786350099.997,c2,recommend,,0.0,26.76,14.03,3.85,S3,0,,0,200.0,obs,690,26.76,14.03,4.0,S3,26.76,14.03,4.0,S3,26.76,14.03,3.85,S3,7.626,0,S3,site_s3,S3,S3,S3,172.5,0.0,0.0,368.9,1,1,1,,
1786350100.997,c1,reserve,,0.0,26.34,13.67,4.04,S3,0,,0,36.0,obs,348,26.34,13.67,3.65,S3,26.34,13.67,3.65,S3,26.34,13.67,4.04,S3,7.315,0,S3,site_s3,S3,S3,S3,87.0,0.0,0.0,24.2,1,1,1,,
1786350100.997,c1,search,,0.0,31.1,20.71,10.82,S3,0,,0,4474.0,obs,518,31.1,20.71,10.98,S3,31.1,20.71,10.98,S3,31.1,20.71,10.82,S3,7.315,0,S3,site_s3,S3,S3,S3,129.5,0.0,0.0,153.7,1,1,1,,
1786350100.997,c1,recommend,,0.0,26.76,14.03,3.84,S3,0,,0,200.0,obs,685,26.76,14.03,4.0,S3,26.76,14.03,4.0,S3,26.76,14.03,3.84,S3,7.315,0,S3,site_s3,S3,S3,S3,171.5,0.0,0.0,184.2,1,1,1,,
1786350100.997,c2,reserve,,0.0,26.34,13.67,4.04,S3,0,,0,36.0,obs,348,26.34,13.67,3.65,S3,26.34,13.67,3.65,S3,26.34,13.67,4.04,S3,7.315,0,S3,site_s3,S3,S3,S3,87.0,0.0,0.0,208.4,1,1,1,,
1786350100.997,c2,search,,0.0,31.1,20.71,10.82,S3,0,,0,4474.0,obs,518,31.1,20.71,10.98,S3,31.1,20.71,10.98,S3,31.1,20.71,10.82,S3,7.315,0,S3,site_s3,S3,S3,S3,129.5,0.0,0.0,337.9,1,1,1,,
1786350100.997,c2,recommend,,0.0,26.76,14.03,3.84,S3,0,,0,200.0,obs,685,26.76,14.03,4.0,S3,26.76,14.03,4.0,S3,26.76,14.03,3.84,S3,7.315,0,S3,site_s3,S3,S3,S3,171.0,0.0,0.0,368.3,1,1,1,,
1786350101.997,c1,reserve,,0.0,26.34,13.67,3.9,S3,0,,0,36.0,obs,348,26.34,13.67,3.65,S3,26.34,13.67,3.65,S3,26.34,13.67,3.9,S3,7.399,0,S3,site_s3,S3,S3,S3,87.0,0.0,0.0,24.2,1,1,1,,
1786350101.997,c1,search,,0.0,31.1,20.71,10.66,S3,0,,0,4474.0,obs,516,31.1,20.71,10.98,S3,31.1,20.71,10.98,S3,31.1,20.71,10.66,S3,7.399,0,S3,site_s3,S3,S3,S3,129.0,0.0,0.0,153.2,1,1,1,,
1786350101.997,c1,recommend,,0.0,26.76,14.03,3.8,S3,0,,0,200.0,obs,690,26.76,14.03,4.0,S3,26.76,14.03,4.0,S3,26.76,14.03,3.8,S3,7.399,0,S3,site_s3,S3,S3,S3,172.5,0.0,0.0,183.9,1,1,1,,
1786350101.997,c2,reserve,,0.0,26.34,13.67,3.9,S3,0,,0,36.0,obs,348,26.34,13.67,3.65,S3,26.34,13.67,3.65,S3,26.34,13.67,3.9,S3,7.399,0,S3,site_s3,S3,S3,S3,87.0,0.0,0.0,208.1,1,1,1,,
1786350101.997,c2,search,,0.0,31.1,20.71,10.66,S3,0,,0,4474.0,obs,516,31.1,20.71,10.98,S3,31.1,20.71,10.98,S3,31.1,20.71,10.66,S3,7.399,0,S3,site_s3,S3,S3,S3,129.0,0.0,0.0,337.1,1,1,1,,
1786350101.997,c2,recommend,,0.0,26.76,14.03,3.8,S3,0,,0,200.0,obs,690,26.76,14.03,4.0,S3,26.76,14.03,4.0,S3,26.76,14.03,3.8,S3,7.399,0,S3,site_s3,S3,S3,S3,172.5,0.0,0.0,367.8,1,1,1,,
1786350102.997,c1,reserve,,0.0,26.34,13.67,4.0,S3,0,,0,36.0,obs,344,26.34,13.67,3.65,S3,26.34,13.67,3.65,S3,26.34,13.67,4.0,S3,7.301,0,S3,site_s3,S3,S3,S3,86.0,0.0,0.0,23.9,1,1,1,,
1786350102.997,c1,search,,0.0,31.1,20.71,10.58,S3,0,,0,4474.0,obs,516,31.1,20.71,10.98,S3,31.1,20.71,10.98,S3,31.1,20.71,10.58,S3,7.301,0,S3,site_s3,S3,S3,S3,129.0,0.0,0.0,152.9,1,1,1,,
1786350102.997,c1,recommend,,0.0,26.76,14.03,3.79,S3,0,,0,200.0,obs,693,26.76,14.03,4.0,S3,26.76,14.03,4.0,S3,26.76,14.03,3.79,S3,7.301,0,S3,site_s3,S3,S3,S3,173.5,0.0,0.0,183.8,1,1,1,,
1786350102.997,c2,reserve,,0.0,26.34,13.67,4.0,S3,0,,0,36.0,obs,344,26.34,13.67,3.65,S3,26.34,13.67,3.65,S3,26.34,13.67,4.0,S3,7.301,0,S3,site_s3,S3,S3,S3,86.0,0.0,0.0,207.7,1,1,1,,
1786350102.997,c2,search,,0.0,31.1,20.71,10.58,S3,0,,0,4474.0,obs,516,31.1,20.71,10.98,S3,31.1,20.71,10.98,S3,31.1,20.71,10.58,S3,7.301,0,S3,site_s3,S3,S3,S3,129.0,0.0,0.0,336.7,1,1,1,,
1786350102.997,c2,recommend,,0.0,26.76,14.03,3.79,S3,0,,0,200.0,obs,693,26.76,14.03,4.0,S3,26.76,14.03,4.0,S3,26.76,14.03,3.79,S3,7.301,0,S3,site_s3,S3,S3,S3,173.0,0.0,0.0,367.5,1,1,1,,
1786350103.997,c1,reserve,,0.0,26.34,13.67,4.01,S3,0,,0,36.0,obs,342,26.34,13.67,3.65,S3,26.34,13.67,3.65,S3,26.34,13.67,4.01,S3,7.336,0,S3,site_s3,S3,S3,S3,85.5,0.0,0.0,23.8,1,1,1,,
1786350103.997,c1,search,,0.0,31.1,20.71,10.38,S3,0,,0,4474.0,obs,517,31.1,20.71,10.98,S3,31.1,20.71,10.98,S3,31.1,20.71,10.38,S3,7.336,0,S3,site_s3,S3,S3,S3,129.0,0.0,0.0,152.8,1,1,1,,
1786350103.997,c1,recommend,,0.0,26.76,14.03,3.66,S3,0,,0,200.0,obs,694,26.76,14.03,4.0,S3,26.76,14.03,4.0,S3,26.76,14.03,3.66,S3,7.336,0,S3,site_s3,S3,S3,S3,173.5,0.0,0.0,183.7,1,1,1,,
1786350103.997,c2,reserve,,0.0,26.34,13.67,4.01,S3,0,,0,36.0,obs,342,26.34,13.67,3.65,S3,26.34,13.67,3.65,S3,26.34,13.67,4.01,S3,7.336,0,S3,site_s3,S3,S3,S3,85.5,0.0,0.0,207.4,1,1,1,,
1786350103.997,c2,search,,0.0,31.1,20.71,10.38,S3,0,,0,4474.0,obs,517,31.1,20.71,10.98,S3,31.1,20.71,10.98,S3,31.1,20.71,10.38,S3,7.336,0,S3,site_s3,S3,S3,S3,129.5,0.0,0.0,336.9,1,1,1,,
1786350103.997,c2,recommend,,0.0,26.76,14.03,3.66,S3,0,,0,200.0,obs,694,26.76,14.03,4.0,S3,26.76,14.03,4.0,S3,26.76,14.03,3.66,S3,7.336,0,S3,site_s3,S3,S3,S3,173.5,0.0,0.0,367.8,1,1,1,,
1786350104.998,c1,reserve,,0.0,26.34,13.67,4.02,S3,0,,0,36.0,obs,345,26.34,13.67,3.65,S3,26.34,13.67,3.65,S3,26.34,13.67,4.02,S3,7.562,0,S3,site_s3,S3,S3,S3,86.5,0.0,0.0,24.0,1,1,1,,
1786350104.998,c1,search,,0.0,31.1,20.71,10.28,S3,0,,0,4474.0,obs,520,31.1,20.71,10.98,S3,31.1,20.71,10.98,S3,31.1,20.71,10.28,S3,7.562,0,S3,site_s3,S3,S3,S3,130.0,0.0,0.0,154.0,1,1,1,,
1786350104.998,c1,recommend,,0.0,26.76,14.03,3.74,S3,0,,0,200.0,obs,688,26.76,14.03,4.0,S3,26.76,14.03,4.0,S3,26.76,14.03,3.74,S3,7.562,0,S3,site_s3,S3,S3,S3,172.0,0.0,0.0,184.7,1,1,1,,
1786350104.998,c2,reserve,,0.0,26.34,13.67,4.02,S3,0,,0,36.0,obs,345,26.34,13.67,3.65,S3,26.34,13.67,3.65,S3,26.34,13.67,4.02,S3,7.562,0,S3,site_s3,S3,S3,S3,86.0,0.0,0.0,208.6,1,1,1,,
1786350104.998,c2,search,,0.0,31.1,20.71,10.28,S3,0,,0,4474.0,obs,520,31.1,20.71,10.98,S3,31.1,20.71,10.98,S3,31.1,20.71,10.28,S3,7.562,0,S3,site_s3,S3,S3,S3,130.0,0.0,0.0,338.6,1,1,1,,
1786350104.998,c2,recommend,,0.0,26.76,14.03,3.74,S3,0,,0,200.0,obs,688,26.76,14.03,4.0,S3,26.76,14.03,4.0,S3,26.76,14.03,3.74,S3,7.562,0,S3,site_s3,S3,S3,S3,172.0,0.0,0.0,369.2,1,1,1,,
1786350105.997,c1,reserve,,0.0,26.34,13.67,4.06,S3,0,,0,36.0,obs,350,26.34,13.67,3.65,S3,26.34,13.67,3.65,S3,26.34,13.67,4.06,S3,7.606,0,S3,site_s3,S3,S3,S3,87.5,0.0,0.0,24.3,1,1,1,,
1786350105.997,c1,search,,0.0,31.1,20.71,10.64,S3,0,,0,4474.0,obs,517,31.1,20.71,10.98,S3,31.1,20.71,10.98,S3,31.1,20.71,10.64,S3,7.606,0,S3,site_s3,S3,S3,S3,129.0,0.0,0.0,153.3,1,1,1,,
1786350105.997,c1,recommend,,0.0,26.76,14.03,3.84,S3,0,,0,200.0,obs,689,26.76,14.03,4.0,S3,26.76,14.03,4.0,S3,26.76,14.03,3.84,S3,7.606,0,S3,site_s3,S3,S3,S3,172.0,0.0,0.0,183.9,1,1,1,,
1786350105.997,c2,reserve,,0.0,26.34,13.67,4.06,S3,0,,0,36.0,obs,350,26.34,13.67,3.65,S3,26.34,13.67,3.65,S3,26.34,13.67,4.06,S3,7.606,0,S3,site_s3,S3,S3,S3,87.5,0.0,0.0,208.3,1,1,1,,
1786350105.997,c2,search,,0.0,31.1,20.71,10.64,S3,0,,0,4474.0,obs,517,31.1,20.71,10.98,S3,31.1,20.71,10.98,S3,31.1,20.71,10.64,S3,7.606,0,S3,site_s3,S3,S3,S3,129.5,0.0,0.0,337.8,1,1,1,,
1786350105.997,c2,recommend,,0.0,26.76,14.03,3.84,S3,0,,0,200.0,obs,689,26.76,14.03,4.0,S3,26.76,14.03,4.0,S3,26.76,14.03,3.84,S3,7.606,0,S3,site_s3,S3,S3,S3,172.5,0.0,0.0,368.5,1,1,1,,
1786350106.999,c1,reserve,,0.0,26.34,13.67,3.92,S3,0,,0,36.0,obs,348,26.34,13.67,3.65,S3,26.34,13.67,3.65,S3,26.34,13.67,3.92,S3,9.723,0,S3,site_s3,S3,S3,S3,87.0,0.0,0.0,24.2,1,1,1,,
1786350106.999,c1,search,,0.0,31.1,20.71,10.92,S3,0,,0,4474.0,obs,516,31.1,20.71,10.98,S3,31.1,20.71,10.98,S3,31.1,20.71,10.92,S3,9.723,0,S3,site_s3,S3,S3,S3,129.0,0.0,0.0,153.2,1,1,1,,
1786350106.999,c1,recommend,,0.0,26.76,14.03,3.82,S3,0,,0,200.0,obs,694,26.76,14.03,4.0,S3,26.76,14.03,4.0,S3,26.76,14.03,3.82,S3,9.723,0,S3,site_s3,S3,S3,S3,173.5,0.0,0.0,184.1,1,1,1,,
1786350106.999,c2,reserve,,0.0,26.34,13.67,3.92,S3,0,,0,36.0,obs,348,26.34,13.67,3.65,S3,26.34,13.67,3.65,S3,26.34,13.67,3.92,S3,9.723,0,S3,site_s3,S3,S3,S3,87.0,0.0,0.0,208.3,1,1,1,,
1786350106.999,c2,search,,0.0,31.1,20.71,10.92,S3,0,,0,4474.0,obs,516,31.1,20.71,10.98,S3,31.1,20.71,10.98,S3,31.1,20.71,10.92,S3,9.723,0,S3,site_s3,S3,S3,S3,129.0,0.0,0.0,337.3,1,1,1,,
1786350106.999,c2,recommend,,0.0,26.76,14.03,3.82,S3,0,,0,200.0,obs,694,26.76,14.03,4.0,S3,26.76,14.03,4.0,S3,26.76,14.03,3.82,S3,9.723,0,S3,site_s3,S3,S3,S3,173.5,0.0,0.0,368.1,1,1,1,,
1786350107.998,c1,reserve,1600,0.198,26.14,13.47,3.46,S3,0,,0,36.0,obs,344,26.14,13.47,3.45,S3,26.14,13.47,3.45,S3,26.14,13.47,3.46,S3,7.642,0,S3,site_s3,S3,S3,S3,86.0,0.0,0.0,23.9,1,1,1,,
1786350107.998,c1,search,1600,24.607,6.49,-3.89,-14.03,S1,1,0.88,0,4474.0,obs,517,6.49,-3.89,-13.63,S1,6.49,-3.89,-13.63,S1,6.49,-3.89,-14.03,S1,7.642,0,S1,site_s1,S1,S1,S1,129.5,129.5,0.0,23.9,1,1,1,,
1786350107.998,c1,recommend,1600,1.1,25.66,12.93,2.6,S3,0,,0,200.0,obs,694,25.66,12.93,2.9,S3,25.66,12.93,2.9,S3,25.66,12.93,2.6,S3,7.642,0,S3,site_s3,S3,S3,S3,173.0,129.5,0.0,54.7,1,1,1,,
1786350107.998,c2,reserve,,0.0,26.34,13.67,3.66,S3,0,,0,36.0,obs,344,26.34,13.67,3.65,S3,26.34,13.67,3.65,S3,26.34,13.67,3.66,S3,7.642,0,S3,site_s3,S3,S3,S3,86.0,129.5,0.0,78.6,1,1,1,,
1786350107.998,c2,search,,0.0,31.1,20.71,10.58,S3,0,,0,4474.0,obs,517,31.1,20.71,10.98,S3,31.1,20.71,10.98,S3,31.1,20.71,10.58,S3,7.642,0,S3,site_s3,S3,S3,S3,129.0,129.5,0.0,207.6,1,1,1,,
1786350107.998,c2,recommend,,0.0,26.76,14.03,3.7,S3,0,,0,200.0,obs,694,26.76,14.03,4.0,S3,26.76,14.03,4.0,S3,26.76,14.03,3.7,S3,7.642,0,S3,site_s3,S3,S3,S3,174.0,129.5,0.0,238.6,1,1,1,,
1786350108.998,c1,reserve,1600,0.198,26.14,13.47,3.54,S3,0,,0,36.0,obs,344,26.14,13.47,3.45,S3,26.14,13.47,3.45,S3,26.14,13.47,3.54,S3,7.344,0,S3,site_s3,S3,S3,S3,86.0,0.0,0.0,23.9,1,1,1,,
1786350108.998,c1,search,1600,24.821,6.28,-4.11,-14.0,S1,0,,0,4512.9,obs,524,6.49,-3.89,-13.63,S1,6.28,-4.11,-13.84,S1,6.49,-3.89,-13.79,S1,7.344,0,S1,site_s1,S1,S1,S1,132.0,132.0,0.0,23.9,1,1,1,,
1786350108.998,c1,recommend,1600,1.1,25.66,12.93,2.65,S3,0,,0,200.0,obs,694,25.66,12.93,2.9,S3,25.66,12.93,2.9,S3,25.66,12.93,2.65,S3,7.344,0,S3,site_s3,S3,S3,S3,173.5,132.0,0.0,54.8,1,1,1,,
1786350108.998,c2,reserve,,0.0,26.34,13.67,3.74,S3,0,,0,36.0,obs,344,26.34,13.67,3.65,S3,26.34,13.67,3.65,S3,26.34,13.67,3.74,S3,7.344,0,S3,site_s3,S3,S3,S3,86.0,132.0,0.0,78.7,1,1,1,,
1786350108.998,c2,search,,0.0,31.1,20.71,10.82,S3,0,,0,4512.9,obs,524,31.1,20.71,10.98,S3,31.1,20.71,10.98,S3,31.1,20.71,10.82,S3,7.344,0,S3,site_s3,S3,S3,S3,130.0,132.0,0.0,208.7,1,1,1,,
1786350108.998,c2,recommend,,0.0,26.76,14.03,3.75,S3,0,,0,200.0,obs,694,26.76,14.03,4.0,S3,26.76,14.03,4.0,S3,26.76,14.03,3.75,S3,7.344,0,S3,site_s3,S3,S3,S3,173.5,132.0,0.0,239.6,1,1,1,,
1786350109.997,c1,reserve,1600,0.198,26.14,13.47,3.9,S3,0,,0,36.0,obs,348,26.14,13.47,3.45,S3,26.14,13.47,3.45,S3,26.14,13.47,3.9,S3,7.329,0,S3,site_s3,S3,S3,S3,87.0,0.0,0.0,24.2,1,1,1,,
1786350109.997,c1,search,1600,25.042,2.71,-4.33,-13.64,S1,0,,0,4553.0,obs,524,6.49,-3.89,-13.63,S1,6.06,-4.33,-14.06,S1,3.14,-3.89,-13.21,S1,7.329,0,S1,site_s1,S1,S1,S1,131.5,131.5,0.0,24.2,1,1,1,,
1786350109.997,c1,recommend,1600,1.1,25.66,12.93,3.07,S3,0,,0,200.0,obs,692,25.66,12.93,2.9,S3,25.66,12.93,2.9,S3,25.66,12.93,3.07,S3,7.329,0,S3,site_s3,S3,S3,S3,173.5,131.5,0.0,55.1,1,1,1,,
1786350109.997,c2,reserve,,0.0,26.34,13.67,4.1,S3,0,,0,36.0,obs,348,26.34,13.67,3.65,S3,26.34,13.67,3.65,S3,26.34,13.67,4.1,S3,7.329,0,S3,site_s3,S3,S3,S3,87.0,131.5,0.0,79.3,1,1,1,,
1786350109.997,c2,search,,0.0,27.75,20.71,11.4,S3,0,,0,4553.0,obs,524,31.1,20.71,10.98,S3,31.1,20.71,10.98,S3,27.75,20.71,11.4,S3,7.329,0,S3,site_s3,S3,S3,S3,130.5,131.5,0.0,209.8,1,1,1,,
1786350109.997,c2,recommend,,0.0,26.76,14.03,4.17,S3,0,,0,200.0,obs,692,26.76,14.03,4.0,S3,26.76,14.03,4.0,S3,26.76,14.03,4.17,S3,7.329,0,S3,site_s3,S3,S3,S3,172.5,131.5,0.0,240.5,1,1,1,,
1786350110.998,c1,reserve,1600,0.198,26.14,13.47,3.91,S3,0,,0,36.0,obs,350,26.14,13.47,3.45,S3,26.14,13.47,3.45,S3,26.14,13.47,3.91,S3,7.288,0,S3,site_s3,S3,S3,S3,87.5,0.0,0.0,24.3,1,1,1,,
1786350110.998,c1,search,1600,25.042,2.83,-4.33,-13.64,S1,0,,0,4553.15,obs,523,6.49,-3.89,-13.63,S1,6.06,-4.33,-14.06,S1,3.26,-3.89,-13.21,S1,7.288,0,S1,site_s1,S1,S1,S1,131.0,131.0,0.0,24.3,1,1,1,,
1786350110.998,c1,recommend,1600,1.1,25.66,12.93,3.14,S3,0,,0,200.0,obs,692,25.66,12.93,2.9,S3,25.66,12.93,2.9,S3,25.66,12.93,3.14,S3,7.288,0,S3,site_s3,S3,S3,S3,173.0,131.0,0.0,55.1,1,1,1,,
1786350110.998,c2,reserve,,0.0,26.34,13.67,4.11,S3,0,,0,36.0,obs,350,26.34,13.67,3.65,S3,26.34,13.67,3.65,S3,26.34,13.67,4.11,S3,7.288,0,S3,site_s3,S3,S3,S3,87.5,131.0,0.0,79.4,1,1,1,,
1786350110.998,c2,search,,0.0,27.87,20.71,11.4,S3,0,,0,4553.15,obs,523,31.1,20.71,10.98,S3,31.1,20.71,10.98,S3,27.87,20.71,11.4,S3,7.288,0,S3,site_s3,S3,S3,S3,129.5,131.0,0.0,208.9,1,1,1,,
1786350110.998,c2,recommend,,0.0,26.76,14.03,4.24,S3,0,,0,200.0,obs,692,26.76,14.03,4.0,S3,26.76,14.03,4.0,S3,26.76,14.03,4.24,S3,7.288,0,S3,site_s3,S3,S3,S3,173.0,131.0,0.0,239.7,1,1,1,,
1786350111.998,c1,reserve,1600,0.198,26.14,13.47,3.94,S3,0,,0,36.0,obs,346,26.14,13.47,3.45,S3,26.14,13.47,3.45,S3,26.14,13.47,3.94,S3,7.314,0,S3,site_s3,S3,S3,S3,86.5,0.0,0.0,24.0,1,1,1,,
1786350111.998,c1,search,1600,25.042,8.0,-4.33,-13.6,S1,0,,0,4553.15,obs,523,6.49,-3.89,-13.63,S1,6.06,-4.33,-14.06,S1,8.44,-3.89,-13.16,S1,7.314,0,S1,site_s1,S1,S1,S1,131.0,131.0,0.0,24.0,1,1,1,,
1786350111.998,c1,recommend,1600,1.1,25.66,12.93,3.18,S3,0,,0,200.0,obs,697,25.66,12.93,2.9,S3,25.66,12.93,2.9,S3,25.66,12.93,3.18,S3,7.314,0,S3,site_s3,S3,S3,S3,174.5,131.0,0.0,55.1,1,1,1,,
1786350111.998,c2,reserve,,0.0,26.34,13.67,4.13,S3,0,,0,36.0,obs,346,26.34,13.67,3.65,S3,26.34,13.67,3.65,S3,26.34,13.67,4.13,S3,7.314,0,S3,site_s3,S3,S3,S3,86.5,131.0,0.0,79.2,1,1,1,,
1786350111.998,c2,search,,0.0,33.05,20.71,11.44,S3,0,,0,4553.15,obs,523,31.1,20.71,10.98,S3,31.1,20.71,10.98,S3,33.05,20.71,11.44,S3,7.314,0,S3,site_s3,S3,S3,S3,129.5,131.0,0.0,208.7,1,1,1,,
1786350111.998,c2,recommend,,0.0,26.76,14.03,4.28,S3,0,,0,200.0,obs,697,26.76,14.03,4.0,S3,26.76,14.03,4.0,S3,26.76,14.03,4.28,S3,7.314,0,S3,site_s3,S3,S3,S3,174.0,131.0,0.0,239.6,1,1,1,,
1786350112.997,c1,reserve,1600,0.198,26.14,13.47,3.9,S3,0,,0,36.0,obs,344,26.14,13.47,3.45,S3,26.14,13.47,3.45,S3,26.14,13.47,3.9,S3,7.381,0,S3,site_s3,S3,S3,S3,86.0,0.0,0.0,23.9,1,1,1,,
1786350112.997,c1,search,1600,25.041,8.29,-4.33,-13.6,S1,0,,0,4552.85,obs,527,6.49,-3.89,-13.63,S1,6.06,-4.33,-14.06,S1,8.72,-3.89,-13.17,S1,7.381,0,S1,site_s1,S1,S1,S1,131.5,131.5,0.0,23.9,1,1,1,,
1786350112.997,c1,recommend,1600,1.1,25.66,12.93,3.16,S3,0,,0,200.0,obs,698,25.66,12.93,2.9,S3,25.66,12.93,2.9,S3,25.66,12.93,3.16,S3,7.381,0,S3,site_s3,S3,S3,S3,174.5,131.5,0.0,55.0,1,1,1,,
1786350112.997,c2,reserve,,0.0,26.34,13.67,4.09,S3,0,,0,36.0,obs,344,26.34,13.67,3.65,S3,26.34,13.67,3.65,S3,26.34,13.67,4.09,S3,7.381,0,S3,site_s3,S3,S3,S3,86.0,131.5,0.0,78.9,1,1,1,,
1786350112.997,c2,search,,0.0,33.33,20.71,11.44,S3,0,,0,4552.85,obs,527,31.1,20.71,10.98,S3,31.1,20.71,10.98,S3,33.33,20.71,11.44,S3,7.381,0,S3,site_s3,S3,S3,S3,130.0,131.5,0.0,208.9,1,1,1,,
1786350112.997,c2,recommend,,0.0,26.76,14.03,4.26,S3,0,,0,200.0,obs,698,26.76,14.03,4.0,S3,26.76,14.03,4.0,S3,26.76,14.03,4.26,S3,7.381,0,S3,site_s3,S3,S3,S3,174.5,131.5,0.0,239.9,1,1,1,,
1786350113.998,c1,reserve,1600,0.198,26.14,13.47,3.92,S3,0,,0,36.0,obs,347,26.14,13.47,3.45,S3,26.14,13.47,3.45,S3,26.14,13.47,3.92,S3,7.337,0,S3,site_s3,S3,S3,S3,87.0,0.0,0.0,24.2,1,1,1,,
1786350113.998,c1,search,1600,25.042,8.81,-4.33,-13.66,S1,0,,0,4553.15,obs,527,6.49,-3.89,-13.63,S1,6.06,-4.33,-14.06,S1,9.25,-3.89,-13.22,S1,7.337,0,S1,site_s1,S1,S1,S1,132.0,132.0,0.0,24.2,1,1,1,,
1786350113.998,c1,recommend,1600,1.1,25.66,12.93,3.16,S3,0,,0,200.0,obs,692,25.66,12.93,2.9,S3,25.66,12.93,2.9,S3,25.66,12.93,3.16,S3,7.337,0,S3,site_s3,S3,S3,S3,173.0,132.0,0.0,55.0,1,1,1,,
1786350113.998,c2,reserve,,0.0,26.34,13.67,4.11,S3,0,,0,36.0,obs,347,26.34,13.67,3.65,S3,26.34,13.67,3.65,S3,26.34,13.67,4.11,S3,7.337,0,S3,site_s3,S3,S3,S3,86.5,132.0,0.0,79.0,1,1,1,,
1786350113.998,c2,search,,0.0,33.86,20.71,11.38,S3,0,,0,4553.15,obs,527,31.1,20.71,10.98,S3,31.1,20.71,10.98,S3,33.86,20.71,11.38,S3,7.337,0,S3,site_s3,S3,S3,S3,130.5,132.0,0.0,209.5,1,1,1,,
1786350113.998,c2,recommend,,0.0,26.76,14.03,4.26,S3,0,,0,200.0,obs,692,26.76,14.03,4.0,S3,26.76,14.03,4.0,S3,26.76,14.03,4.26,S3,7.337,0,S3,site_s3,S3,S3,S3,173.0,132.0,0.0,240.3,1,1,1,,
1786350114.997,c1,reserve,1600,0.198,26.14,13.47,3.9,S3,0,,0,36.0,obs,350,26.14,13.47,3.45,S3,26.14,13.47,3.45,S3,26.14,13.47,3.9,S3,7.326,0,S3,site_s3,S3,S3,S3,87.5,0.0,0.0,24.3,1,1,1,,
1786350114.997,c1,search,1600,25.042,7.79,-4.33,-13.66,S1,0,,0,4553.15,obs,527,6.49,-3.89,-13.63,S1,6.06,-4.33,-14.06,S1,8.22,-3.89,-13.22,S1,7.326,0,S1,site_s1,S1,S1,S1,132.0,132.0,0.0,24.3,1,1,1,,
1786350114.997,c1,recommend,1600,1.1,25.66,12.93,3.19,S3,0,,0,200.0,obs,692,25.66,12.93,2.9,S3,25.66,12.93,2.9,S3,25.66,12.93,3.19,S3,7.326,0,S3,site_s3,S3,S3,S3,173.0,132.0,0.0,55.1,1,1,1,,
1786350114.997,c2,reserve,,0.0,26.34,13.67,4.1,S3,0,,0,36.0,obs,350,26.34,13.67,3.65,S3,26.34,13.67,3.65,S3,26.34,13.67,4.1,S3,7.326,0,S3,site_s3,S3,S3,S3,87.5,132.0,0.0,79.4,1,1,1,,
1786350114.997,c2,search,,0.0,32.83,20.71,11.38,S3,0,,0,4553.15,obs,527,31.1,20.71,10.98,S3,31.1,20.71,10.98,S3,32.83,20.71,11.38,S3,7.326,0,S3,site_s3,S3,S3,S3,130.5,132.0,0.0,209.9,1,1,1,,
1786350114.997,c2,recommend,,0.0,26.76,14.03,4.29,S3,0,,0,200.0,obs,692,26.76,14.03,4.0,S3,26.76,14.03,4.0,S3,26.76,14.03,4.29,S3,7.326,0,S3,site_s3,S3,S3,S3,173.0,132.0,0.0,240.7,1,1,1,,
1786350115.997,c1,reserve,1600,0.198,26.14,13.47,3.9,S3,0,,0,36.0,obs,350,26.14,13.47,3.45,S3,26.14,13.47,3.45,S3,26.14,13.47,3.9,S3,7.436,0,S3,site_s3,S3,S3,S3,87.5,0.0,0.0,24.3,1,1,1,,
1786350115.997,c1,search,1600,25.042,7.12,-4.33,-13.74,S1,0,,0,4553.15,obs,523,6.49,-3.89,-13.63,S1,6.06,-4.33,-14.06,S1,7.55,-3.89,-13.3,S1,7.436,0,S1,site_s1,S1,S1,S1,131.0,131.0,0.0,24.3,1,1,1,,
1786350115.997,c1,recommend,1600,1.1,25.66,12.93,3.13,S3,0,,0,200.0,obs,696,25.66,12.93,2.9,S3,25.66,12.93,2.9,S3,25.66,12.93,3.13,S3,7.436,0,S3,site_s3,S3,S3,S3,174.0,131.0,0.0,55.3,1,1,1,,
1786350115.997,c2,reserve,,0.0,26.34,13.67,4.09,S3,0,,0,36.0,obs,350,26.34,13.67,3.65,S3,26.34,13.67,3.65,S3,26.34,13.67,4.09,S3,7.436,0,S3,site_s3,S3,S3,S3,87.5,131.0,0.0,79.6,1,1,1,,
1786350115.997,c2,search,,0.0,32.16,20.71,11.3,S3,0,,0,4553.15,obs,523,31.1,20.71,10.98,S3,31.1,20.71,10.98,S3,32.16,20.71,11.3,S3,7.436,0,S3,site_s3,S3,S3,S3,129.5,131.0,0.0,209.1,1,1,1,,
1786350115.997,c2,recommend,,0.0,26.76,14.03,4.23,S3,0,,0,200.0,obs,696,26.76,14.03,4.0,S3,26.76,14.03,4.0,S3,26.76,14.03,4.23,S3,7.436,0,S3,site_s3,S3,S3,S3,174.0,131.0,0.0,240.1,1,1,1,,
1786350116.998,c1,reserve,1600,0.198,26.14,13.47,3.91,S3,0,,0,36.0,obs,345,26.14,13.47,3.45,S3,26.14,13.47,3.45,S3,26.14,13.47,3.91,S3,7.338,0,S3,site_s3,S3,S3,S3,86.0,0.0,0.0,23.9,1,1,1,,
1786350116.998,c1,search,1600,25.042,8.09,-4.33,-13.7,S1,0,,0,4553.0,obs,528,6.49,-3.89,-13.63,S1,6.06,-4.33,-14.06,S1,8.52,-3.89,-13.27,S1,7.338,0,S1,site_s1,S1,S1,S1,132.0,132.0,0.0,23.9,1,1,1,,
1786350116.998,c1,recommend,1600,1.1,25.66,12.93,3.13,S3,0,,0,200.0,obs,700,25.66,12.93,2.9,S3,25.66,12.93,2.9,S3,25.66,12.93,3.13,S3,7.338,0,S3,site_s3,S3,S3,S3,175.0,132.0,0.0,55.1,1,1,1,,
1786350116.998,c2,reserve,,0.0,26.34,13.67,4.11,S3,0,,0,36.0,obs,345,26.34,13.67,3.65,S3,26.34,13.67,3.65,S3,26.34,13.67,4.11,S3,7.338,0,S3,site_s3,S3,S3,S3,86.5,132.0,0.0,79.1,1,1,1,,
1786350116.998,c2,search,,0.0,33.13,20.71,11.34,S3,0,,0,4553.0,obs,528,31.1,20.71,10.98,S3,31.1,20.71,10.98,S3,33.13,20.71,11.34,S3,7.338,0,S3,site_s3,S3,S3,S3,130.0,132.0,0.0,209.1,1,1,1,,
1786350116.998,c2,recommend,,0.0,26.76,14.03,4.23,S3,0,,0,200.0,obs,700,26.76,14.03,4.0,S3,26.76,14.03,4.0,S3,26.76,14.03,4.23,S3,7.338,0,S3,site_s3,S3,S3,S3,175.0,132.0,0.0,240.3,1,1,1,,
1786350117.997,c1,reserve,1600,0.198,26.14,13.47,3.92,S3,0,,0,36.0,obs,344,26.14,13.47,3.45,S3,26.14,13.47,3.45,S3,26.14,13.47,3.92,S3,7.316,0,S3,site_s3,S3,S3,S3,86.0,0.0,0.0,23.9,1,1,1,,
1786350117.997,c1,search,1600,25.042,8.11,-4.33,-13.67,S1,0,,0,4553.15,obs,531,6.49,-3.89,-13.63,S1,6.06,-4.33,-14.06,S1,8.55,-3.89,-13.23,S1,7.316,0,S1,site_s1,S1,S1,S1,133.0,133.0,0.0,23.9,1,1,1,,
1786350117.997,c1,recommend,1600,1.1,25.66,12.93,3.17,S3,0,,0,200.0,obs,697,25.66,12.93,2.9,S3,25.66,12.93,2.9,S3,25.66,12.93,3.17,S3,7.316,0,S3,site_s3,S3,S3,S3,174.0,133.0,0.0,54.9,1,1,1,,
1786350117.997,c2,reserve,,0.0,26.34,13.67,4.12,S3,0,,0,36.0,obs,344,26.34,13.67,3.65,S3,26.34,13.67,3.65,S3,26.34,13.67,4.12,S3,7.316,0,S3,site_s3,S3,S3,S3,86.0,133.0,0.0,78.8,1,1,1,,
1786350117.997,c2,search,,0.0,33.16,20.71,11.38,S3,0,,0,4553.15,obs,531,31.1,20.71,10.98,S3,31.1,20.71,10.98,S3,33.16,20.71,11.38,S3,7.316,0,S3,site_s3,S3,S3,S3,131.5,133.0,0.0,210.3,1,1,1,,
1786350117.997,c2,recommend,,0.0,26.76,14.03,4.27,S3,0,,0,200.0,obs,697,26.76,14.03,4.0,S3,26.76,14.03,4.0,S3,26.76,14.03,4.27,S3,7.316,0,S3,site_s3,S3,S3,S3,174.5,133.0,0.0,241.3,1,1,1,,
1786350118.998,c1,reserve,1600,0.198,26.14,13.47,3.92,S3,0,,0,36.0,obs,350,26.14,13.47,3.45,S3,26.14,13.47,3.45,S3,26.14,13.47,3.92,S3,7.523,0,S3,site_s3,S3,S3,S3,87.5,0.0,0.0,24.3,1,1,1,,
1786350118.998,c1,search,1600,25.043,5.28,-4.33,-13.69,S1,0,,0,4553.3,obs,528,6.49,-3.89,-13.63,S1,6.06,-4.33,-14.06,S1,5.71,-3.89,-13.25,S1,7.523,0,S1,site_s1,S1,S1,S1,132.5,132.5,0.0,24.3,1,1,1,,
1786350118.998,c1,recommend,1600,1.1,25.66,12.93,3.11,S3,0,,0,200.0,obs,693,25.66,12.93,2.9,S3,25.66,12.93,2.9,S3,25.66,12.93,3.11,S3,7.523,0,S3,site_s3,S3,S3,S3,173.5,132.5,0.0,55.2,1,1,1,,
1786350118.998,c2,reserve,,0.0,26.34,13.67,4.12,S3,0,,0,36.0,obs,350,26.34,13.67,3.65,S3,26.34,13.67,3.65,S3,26.34,13.67,4.12,S3,7.523,0,S3,site_s3,S3,S3,S3,87.5,132.5,0.0,79.5,1,1,1,,
1786350118.998,c2,search,,0.0,30.32,20.71,11.36,S3,0,,0,4553.3,obs,528,31.1,20.71,10.98,S3,31.1,20.71,10.98,S3,30.32,20.71,11.36,S3,7.523,0,S3,site_s3,S3,S3,S3,131.0,132.5,0.0,210.5,1,1,1,,
1786350118.998,c2,recommend,,0.0,26.76,14.03,4.21,S3,0,,0,200.0,obs,693,26.76,14.03,4.0,S3,26.76,14.03,4.0,S3,26.76,14.03,4.21,S3,7.523,0,S3,site_s3,S3,S3,S3,173.0,132.5,0.0,241.3,1,1,1,,
1786350119.997,c1,reserve,1600,0.198,26.14,13.47,3.81,S3,0,,0,36.0,obs,354,26.14,13.47,3.45,S3,26.14,13.47,3.45,S3,26.14,13.47,3.81,S3,7.322,0,S3,site_s3,S3,S3,S3,88.5,0.0,0.0,24.6,1,1,1,,
1786350119.997,c1,search,1600,25.042,5.28,-4.33,-13.68,S1,0,,0,4553.15,obs,525,6.49,-3.89,-13.63,S1,6.06,-4.33,-14.06,S1,5.71,-3.89,-13.25,S1,7.322,0,S1,site_s1,S1,S1,S1,131.5,131.5,0.0,24.6,1,1,1,,
1786350119.997,c1,recommend,1600,1.1,25.66,12.93,3.13,S3,0,,0,200.0,obs,694,25.66,12.93,2.9,S3,25.66,12.93,2.9,S3,25.66,12.93,3.13,S3,7.322,0,S3,site_s3,S3,S3,S3,173.5,131.5,0.0,55.5,1,1,1,,
1786350119.997,c2,reserve,,0.0,26.34,13.67,4.01,S3,0,,0,36.0,obs,354,26.34,13.67,3.65,S3,26.34,13.67,3.65,S3,26.34,13.67,4.01,S3,7.322,0,S3,site_s3,S3,S3,S3,88.5,131.5,0.0,80.1,1,1,1,,
1786350119.997,c2,search,,0.0,30.32,20.71,11.36,S3,0,,0,4553.15,obs,525,31.1,20.71,10.98,S3,31.1,20.71,10.98,S3,30.32,20.71,11.36,S3,7.322,0,S3,site_s3,S3,S3,S3,130.0,131.5,0.0,210.1,1,1,1,,
1786350119.997,c2,recommend,,0.0,26.76,14.03,4.23,S3,0,,0,200.0,obs,694,26.76,14.03,4.0,S3,26.76,14.03,4.0,S3,26.76,14.03,4.23,S3,7.322,0,S3,site_s3,S3,S3,S3,173.5,131.5,0.0,241.0,1,1,1,,
1786350120.997,c1,reserve,1600,0.198,26.14,13.47,3.92,S3,0,,0,36.0,obs,348,26.14,13.47,3.45,S3,26.14,13.47,3.45,S3,26.14,13.47,3.92,S3,7.34,0,S3,site_s3,S3,S3,S3,87.0,0.0,0.0,24.2,1,1,1,,
1786350120.997,c1,search,1600,25.042,8.09,-4.33,-13.69,S1,0,,0,4553.15,obs,525,6.49,-3.89,-13.63,S1,6.06,-4.33,-14.06,S1,8.52,-3.89,-13.25,S1,7.34,0,S1,site_s1,S1,S1,S1,131.5,131.5,0.0,24.2,1,1,1,,
1786350120.997,c1,recommend,1600,1.1,25.66,12.93,3.16,S3,0,,0,200.0,obs,702,25.66,12.93,2.9,S3,25.66,12.93,2.9,S3,25.66,12.93,3.16,S3,7.34,0,S3,site_s3,S3,S3,S3,175.5,131.5,0.0,55.4,1,1,1,,
1786350120.997,c2,reserve,,0.0,26.34,13.67,4.11,S3,0,,0,36.0,obs,348,26.34,13.67,3.65,S3,26.34,13.67,3.65,S3,26.34,13.67,4.11,S3,7.34,0,S3,site_s3,S3,S3,S3,87.0,131.5,0.0,79.6,1,1,1,,
1786350120.997,c2,search,,0.0,33.13,20.71,11.35,S3,0,,0,4553.15,obs,525,31.1,20.71,10.98,S3,31.1,20.71,10.98,S3,33.13,20.71,11.35,S3,7.34,0,S3,site_s3,S3,S3,S3,130.0,131.5,0.0,209.6,1,1,1,,
1786350120.997,c2,recommend,,0.0,26.76,14.03,4.26,S3,0,,0,200.0,obs,702,26.76,14.03,4.0,S3,26.76,14.03,4.0,S3,26.76,14.03,4.26,S3,7.34,0,S3,site_s3,S3,S3,S3,175.5,131.5,0.0,240.8,1,1,1,,
1786350121.997,c1,reserve,1600,0.198,26.14,13.47,3.93,S3,0,,0,36.0,obs,346,26.14,13.47,3.45,S3,26.14,13.47,3.45,S3,26.14,13.47,3.93,S3,7.32,0,S3,site_s3,S3,S3,S3,86.5,0.0,0.0,24.0,1,1,1,,
1786350121.997,c1,search,1600,25.041,8.24,-4.33,-13.7,S1,0,,0,4552.85,obs,529,6.49,-3.89,-13.63,S1,6.06,-4.33,-14.06,S1,8.68,-3.89,-13.27,S1,7.32,0,S1,site_s1,S1,S1,S1,132.0,132.0,0.0,24.0,1,1,1,,
1786350121.997,c1,recommend,1600,1.1,25.66,12.93,3.16,S3,0,,0,200.0,obs,702,25.66,12.93,2.9,S3,25.66,12.93,2.9,S3,25.66,12.93,3.16,S3,7.32,0,S3,site_s3,S3,S3,S3,175.5,132.0,0.0,55.3,1,1,1,,
1786350121.997,c2,reserve,,0.0,26.34,13.67,4.12,S3,0,,0,36.0,obs,346,26.34,13.67,3.65,S3,26.34,13.67,3.65,S3,26.34,13.67,4.12,S3,7.32,0,S3,site_s3,S3,S3,S3,86.5,132.0,0.0,79.3,1,1,1,,
1786350121.997,c2,search,,0.0,33.28,20.71,11.34,S3,0,,0,4552.85,obs,529,31.1,20.71,10.98,S3,31.1,20.71,10.98,S3,33.28,20.71,11.34,S3,7.32,0,S3,site_s3,S3,S3,S3,130.5,132.0,0.0,209.8,1,1,1,,
1786350121.997,c2,recommend,,0.0,26.76,14.03,4.26,S3,0,,0,200.0,obs,702,26.76,14.03,4.0,S3,26.76,14.03,4.0,S3,26.76,14.03,4.26,S3,7.32,0,S3,site_s3,S3,S3,S3,175.5,132.0,0.0,241.1,1,1,1,,
1786350122.997,c1,reserve,1600,0.198,26.14,13.47,3.93,S3,0,,0,36.0,obs,348,26.14,13.47,3.45,S3,26.14,13.47,3.45,S3,26.14,13.47,3.93,S3,7.348,0,S3,site_s3,S3,S3,S3,87.0,0.0,0.0,24.2,1,1,1,,
1786350122.997,c1,search,1600,25.042,8.05,-4.33,-13.8,S1,0,,0,4553.15,obs,531,6.49,-3.89,-13.63,S1,6.06,-4.33,-14.06,S1,8.48,-3.89,-13.37,S1,7.348,0,S1,site_s1,S1,S1,S1,133.0,133.0,0.0,24.2,1,1,1,,
1786350122.997,c1,recommend,1600,1.1,25.66,12.93,3.18,S3,0,,0,200.0,obs,698,25.66,12.93,2.9,S3,25.66,12.93,2.9,S3,25.66,12.93,3.18,S3,7.348,0,S3,site_s3,S3,S3,S3,174.5,133.0,0.0,55.2,1,1,1,,
1786350122.997,c2,reserve,,0.0,26.34,13.67,4.12,S3,0,,0,36.0,obs,348,26.34,13.67,3.65,S3,26.34,13.67,3.65,S3,26.34,13.67,4.12,S3,7.348,0,S3,site_s3,S3,S3,S3,87.0,133.0,0.0,79.4,1,1,1,,
1786350122.997,c2,search,,0.0,33.09,20.71,11.24,S3,0,,0,4553.15,obs,531,31.1,20.71,10.98,S3,31.1,20.71,10.98,S3,33.09,20.71,11.24,S3,7.348,0,S3,site_s3,S3,S3,S3,131.5,133.0,0.0,210.9,1,1,1,,
1786350122.997,c2,recommend,,0.0,26.76,14.03,4.28,S3,0,,0,200.0,obs,698,26.76,14.03,4.0,S3,26.76,14.03,4.0,S3,26.76,14.03,4.28,S3,7.348,0,S3,site_s3,S3,S3,S3,174.5,133.0,0.0,242.0,1,1,1,,
1786350123.997,c1,reserve,1600,0.198,26.14,13.47,3.93,S3,0,,0,36.0,obs,352,26.14,13.47,3.45,S3,26.14,13.47,3.45,S3,26.14,13.47,3.93,S3,7.304,0,S3,site_s3,S3,S3,S3,88.0,0.0,0.0,24.5,1,1,1,,
1786350123.997,c1,search,1600,25.042,8.0,-4.33,-13.58,S1,0,,0,4553.15,obs,531,6.49,-3.89,-13.63,S1,6.06,-4.33,-14.06,S1,8.44,-3.89,-13.14,S1,7.304,0,S1,site_s1,S1,S1,S1,133.0,133.0,0.0,24.5,1,1,1,,
1786350123.997,c1,recommend,1600,1.1,25.66,12.93,3.18,S3,0,,0,200.0,obs,695,25.66,12.93,2.9,S3,25.66,12.93,2.9,S3,25.66,12.93,3.18,S3,7.304,0,S3,site_s3,S3,S3,S3,173.5,133.0,0.0,55.3,1,1,1,,
1786350123.997,c2,reserve,,0.0,26.34,13.67,4.12,S3,0,,0,36.0,obs,352,26.34,13.67,3.65,S3,26.34,13.67,3.65,S3,26.34,13.67,4.12,S3,7.304,0,S3,site_s3,S3,S3,S3,88.0,133.0,0.0,79.8,1,1,1,,
1786350123.997,c2,search,,0.0,33.04,20.71,11.47,S3,0,,0,4553.15,obs,531,31.1,20.71,10.98,S3,31.1,20.71,10.98,S3,33.04,20.71,11.47,S3,7.304,0,S3,site_s3,S3,S3,S3,131.5,133.0,0.0,211.3,1,1,1,,
1786350123.997,c2,recommend,,0.0,26.76,14.03,4.28,S3,0,,0,200.0,obs,695,26.76,14.03,4.0,S3,26.76,14.03,4.0,S3,26.76,14.03,4.28,S3,7.304,0,S3,site_s3,S3,S3,S3,174.0,133.0,0.0,242.3,1,1,1,,
1786350124.997,c1,reserve,1600,0.198,26.14,13.47,3.94,S3,0,,0,36.0,obs,352,26.14,13.47,3.45,S3,26.14,13.47,3.45,S3,26.14,13.47,3.94,S3,7.314,0,S3,site_s3,S3,S3,S3,88.0,0.0,0.0,24.5,1,1,1,,
1786350124.997,c1,search,1600,25.042,8.01,-4.33,-13.58,S1,0,,0,4553.15,obs,527,6.49,-3.89,-13.63,S1,6.06,-4.33,-14.06,S1,8.44,-3.89,-13.14,S1,7.314,0,S1,site_s1,S1,S1,S1,132.0,132.0,0.0,24.5,1,1,1,,
1786350124.997,c1,recommend,1600,1.1,25.66,12.93,3.16,S3,0,,0,200.0,obs,699,25.66,12.93,2.9,S3,25.66,12.93,2.9,S3,25.66,12.93,3.16,S3,7.314,0,S3,site_s3,S3,S3,S3,174.5,132.0,0.0,55.5,1,1,1,,
1786350124.997,c2,reserve,,0.0,26.34,13.67,4.14,S3,0,,0,36.0,obs,352,26.34,13.67,3.65,S3,26.34,13.67,3.65,S3,26.34,13.67,4.14,S3,7.314,0,S3,site_s3,S3,S3,S3,88.0,132.0,0.0,80.0,1,1,1,,
1786350124.997,c2,search,,0.0,33.05,20.71,11.47,S3,0,,0,4553.15,obs,527,31.1,20.71,10.98,S3,31.1,20.71,10.98,S3,33.05,20.71,11.47,S3,7.314,0,S3,site_s3,S3,S3,S3,130.5,132.0,0.0,210.5,1,1,1,,
1786350124.997,c2,recommend,,0.0,26.76,14.03,4.26,S3,0,,0,200.0,obs,699,26.76,14.03,4.0,S3,26.76,14.03,4.0,S3,26.76,14.03,4.26,S3,7.314,0,S3,site_s3,S3,S3,S3,175.0,132.0,0.0,241.6,1,1,1,,
1786350125.997,c1,reserve,1600,0.198,26.14,13.47,3.91,S3,0,,0,36.0,obs,348,26.14,13.47,3.45,S3,26.14,13.47,3.45,S3,26.14,13.47,3.91,S3,7.33,0,S3,site_s3,S3,S3,S3,87.0,0.0,0.0,24.2,1,1,1,,
1786350125.997,c1,search,1600,25.042,7.91,-4.33,-13.75,S1,0,,0,4553.0,obs,530,6.49,-3.89,-13.63,S1,6.06,-4.33,-14.06,S1,8.35,-3.89,-13.31,S1,7.33,0,S1,site_s1,S1,S1,S1,132.5,132.5,0.0,24.2,1,1,1,,
1786350125.997,c1,recommend,1600,1.1,25.66,12.93,3.13,S3,0,,0,200.0,obs,702,25.66,12.93,2.9,S3,25.66,12.93,2.9,S3,25.66,12.93,3.13,S3,7.33,0,S3,site_s3,S3,S3,S3,175.5,132.5,0.0,55.4,1,1,1,,
1786350125.997,c2,reserve,,0.0,26.34,13.67,4.11,S3,0,,0,36.0,obs,348,26.34,13.67,3.65,S3,26.34,13.67,3.65,S3,26.34,13.67,4.11,S3,7.33,0,S3,site_s3,S3,S3,S3,87.0,132.5,0.0,79.6,1,1,1,,
1786350125.997,c2,search,,0.0,32.95,20.71,11.3,S3,0,,0,4553.0,obs,530,31.1,20.71,10.98,S3,31.1,20.71,10.98,S3,32.95,20.71,11.3,S3,7.33,0,S3,site_s3,S3,S3,S3,131.0,132.5,0.0,210.6,1,1,1,,
1786350125.997,c2,recommend,,0.0,26.76,14.03,4.23,S3,0,,0,200.0,obs,702,26.76,14.03,4.0,S3,26.76,14.03,4.0,S3,26.76,14.03,4.23,S3,7.33,0,S3,site_s3,S3,S3,S3,175.5,132.5,0.0,241.8,1,1,1,,
1786350126.997,c1,reserve,1600,0.198,26.14,13.47,3.88,S3,0,,0,36.0,obs,346,26.14,13.47,3.45,S3,26.14,13.47,3.45,S3,26.14,13.47,3.88,S3,7.356,0,S3,site_s3,S3,S3,S3,86.5,0.0,0.0,24.0,1,1,1,,
1786350126.997,c1,search,1600,25.042,8.0,-4.33,-13.73,S1,0,,0,4553.15,obs,533,6.49,-3.89,-13.63,S1,6.06,-4.33,-14.06,S1,8.44,-3.89,-13.29,S1,7.356,0,S1,site_s1,S1,S1,S1,133.5,133.5,0.0,24.0,1,1,1,,
1786350126.997,c1,recommend,1600,1.1,25.66,12.93,3.13,S3,0,,0,200.0,obs,701,25.66,12.93,2.9,S3,25.66,12.93,2.9,S3,25.66,12.93,3.13,S3,7.356,0,S3,site_s3,S3,S3,S3,175.0,133.5,0.0,55.2,1,1,1,,
1786350126.997,c2,reserve,,0.0,26.34,13.67,4.08,S3,0,,0,36.0,obs,346,26.34,13.67,3.65,S3,26.34,13.67,3.65,S3,26.34,13.67,4.08,S3,7.356,0,S3,site_s3,S3,S3,S3,86.5,133.5,0.0,79.2,1,1,1,,
1786350126.997,c2,search,,0.0,33.04,20.71,11.32,S3,0,,0,4553.15,obs,533,31.1,20.71,10.98,S3,31.1,20.71,10.98,S3,33.04,20.71,11.32,S3,7.356,0,S3,site_s3,S3,S3,S3,132.0,133.5,0.0,211.2,1,1,1,,
1786350126.997,c2,recommend,,0.0,26.76,14.03,4.23,S3,0,,0,200.0,obs,701,26.76,14.03,4.0,S3,26.76,14.03,4.0,S3,26.76,14.03,4.23,S3,7.356,0,S3,site_s3,S3,S3,S3,175.5,133.5,0.0,242.5,1,1,1,,
1786350127.997,c1,reserve,1600,0.198,26.14,13.47,3.75,S3,0,,0,36.0,obs,351,26.14,13.47,3.45,S3,26.14,13.47,3.45,S3,26.14,13.47,3.75,S3,7.359,0,S3,site_s3,S3,S3,S3,87.5,0.0,0.0,24.3,1,1,1,,
1786350127.997,c1,search,1600,25.043,8.15,-4.33,-13.65,S1,0,,0,4553.3,obs,530,6.49,-3.89,-13.63,S1,6.06,-4.33,-14.06,S1,8.59,-3.89,-13.21,S1,7.359,0,S1,site_s1,S1,S1,S1,133.0,133.0,0.0,24.3,1,1,1,,
1786350127.997,c1,recommend,1600,1.1,25.66,12.93,3.15,S3,0,,0,200.0,obs,698,25.66,12.93,2.9,S3,25.66,12.93,2.9,S3,25.66,12.93,3.15,S3,7.359,0,S3,site_s3,S3,S3,S3,174.5,133.0,0.0,55.4,1,1,1,,
1786350127.997,c2,reserve,,0.0,26.34,13.67,3.95,S3,0,,0,36.0,obs,351,26.34,13.67,3.65,S3,26.34,13.67,3.65,S3,26.34,13.67,3.95,S3,7.359,0,S3,site_s3,S3,S3,S3,88.0,133.0,0.0,79.9,1,1,1,,
1786350127.997,c2,search,,0.0,33.19,20.71,11.4,S3,0,,0,4553.3,obs,530,31.1,20.71,10.98,S3,31.1,20.71,10.98,S3,33.19,20.71,11.4,S3,7.359,0,S3,site_s3,S3,S3,S3,131.5,133.0,0.0,211.4,1,1,1,,
1786350127.997,c2,recommend,,0.0,26.76,14.03,4.25,S3,0,,0,200.0,obs,698,26.76,14.03,4.0,S3,26.76,14.03,4.0,S3,26.76,14.03,4.25,S3,7.359,0,S3,site_s3,S3,S3,S3,174.5,133.0,0.0,242.4,1,1,1,,
1786350128.997,c1,reserve,1600,0.198,26.14,13.47,3.85,S3,0,,0,36.0,obs,354,26.14,13.47,3.45,S3,26.14,13.47,3.45,S3,26.14,13.47,3.85,S3,7.331,0,S3,site_s3,S3,S3,S3,88.5,0.0,0.0,24.6,1,1,1,,
1786350128.997,c1,search,1600,25.042,7.6,-4.33,-13.59,S1,0,,0,4553.15,obs,529,6.49,-3.89,-13.63,S1,6.06,-4.33,-14.06,S1,8.04,-3.89,-13.15,S1,7.331,0,S1,site_s1,S1,S1,S1,132.5,132.5,0.0,24.6,1,1,1,,
1786350128.997,c1,recommend,1600,1.1,25.66,12.93,3.17,S3,0,,0,200.0,obs,699,25.66,12.93,2.9,S3,25.66,12.93,2.9,S3,25.66,12.93,3.17,S3,7.331,0,S3,site_s3,S3,S3,S3,174.5,132.5,0.0,55.7,1,1,1,,
1786350128.997,c2,reserve,,0.0,26.34,13.67,4.05,S3,0,,0,36.0,obs,354,26.34,13.67,3.65,S3,26.34,13.67,3.65,S3,26.34,13.67,4.05,S3,7.331,0,S3,site_s3,S3,S3,S3,88.5,132.5,0.0,80.3,1,1,1,,
1786350128.997,c2,search,,0.0,32.64,20.71,11.46,S3,0,,0,4553.15,obs,529,31.1,20.71,10.98,S3,31.1,20.71,10.98,S3,32.64,20.71,11.46,S3,7.331,0,S3,site_s3,S3,S3,S3,131.0,132.5,0.0,211.3,1,1,1,,
1786350128.997,c2,recommend,,0.0,26.76,14.03,4.27,S3,0,,0,200.0,obs,699,26.76,14.03,4.0,S3,26.76,14.03,4.0,S3,26.76,14.03,4.27,S3,7.331,0,S3,site_s3,S3,S3,S3,175.0,132.5,0.0,242.4,1,1,1,,
1786350129.997,c1,reserve,1600,0.198,26.14,13.47,3.9,S3,0,,0,36.0,obs,350,26.14,13.47,3.45,S3,26.14,13.47,3.45,S3,26.14,13.47,3.9,S3,7.317,0,S3,site_s3,S3,S3,S3,87.5,0.0,0.0,24.3,1,1,1,,
1786350129.997,c1,search,1600,25.042,7.3,-4.33,-13.68,S1,0,,0,4553.15,obs,527,6.49,-3.89,-13.63,S1,6.06,-4.33,-14.06,S1,7.74,-3.89,-13.25,S1,7.317,0,S1,site_s1,S1,S1,S1,132.0,132.0,0.0,24.3,1,1,1,,
1786350129.997,c1,recommend,1600,1.1,25.66,12.93,3.17,S3,0,,0,200.0,obs,704,25.66,12.93,2.9,S3,25.66,12.93,2.9,S3,25.66,12.93,3.17,S3,7.317,0,S3,site_s3,S3,S3,S3,176.0,132.0,0.0,55.7,1,1,1,,
1786350129.997,c2,reserve,,0.0,26.34,13.67,4.1,S3,0,,0,36.0,obs,350,26.34,13.67,3.65,S3,26.34,13.67,3.65,S3,26.34,13.67,4.1,S3,7.317,0,S3,site_s3,S3,S3,S3,87.5,132.0,0.0,80.0,1,1,1,,
1786350129.997,c2,search,,0.0,32.35,20.71,11.36,S3,0,,0,4553.15,obs,527,31.1,20.71,10.98,S3,31.1,20.71,10.98,S3,32.35,20.71,11.36,S3,7.317,0,S3,site_s3,S3,S3,S3,130.5,132.0,0.0,210.5,1,1,1,,
1786350129.997,c2,recommend,,0.0,26.76,14.03,4.27,S3,0,,0,200.0,obs,704,26.76,14.03,4.0,S3,26.76,14.03,4.0,S3,26.76,14.03,4.27,S3,7.317,0,S3,site_s3,S3,S3,S3,176.0,132.0,0.0,241.8,1,1,1,,
1786350130.997,c1,reserve,1600,0.198,26.14,13.47,3.9,S3,0,,0,36.0,obs,348,26.14,13.47,3.45,S3,26.14,13.47,3.45,S3,26.14,13.47,3.9,S3,7.406,0,S3,site_s3,S3,S3,S3,87.0,0.0,0.0,24.2,1,1,1,,
1786350130.997,c1,search,1600,25.042,7.78,-4.33,-13.66,S1,0,,0,4553.0,obs,532,6.49,-3.89,-13.63,S1,6.06,-4.33,-14.06,S1,8.21,-3.89,-13.23,S1,7.406,0,S1,site_s1,S1,S1,S1,133.0,133.0,0.0,24.2,1,1,1,,
1786350130.997,c1,recommend,1600,1.1,25.66,12.93,3.17,S3,0,,0,200.0,obs,704,25.66,12.93,2.9,S3,25.66,12.93,2.9,S3,25.66,12.93,3.17,S3,7.406,0,S3,site_s3,S3,S3,S3,176.0,133.0,0.0,55.5,1,1,1,,
1786350130.997,c2,reserve,,0.0,26.34,13.67,4.1,S3,0,,0,36.0,obs,348,26.34,13.67,3.65,S3,26.34,13.67,3.65,S3,26.34,13.67,4.1,S3,7.406,0,S3,site_s3,S3,S3,S3,87.0,133.0,0.0,79.7,1,1,1,,
1786350130.997,c2,search,,0.0,32.82,20.71,11.38,S3,0,,0,4553.0,obs,532,31.1,20.71,10.98,S3,31.1,20.71,10.98,S3,32.82,20.71,11.38,S3,7.406,0,S3,site_s3,S3,S3,S3,131.0,133.0,0.0,210.7,1,1,1,,
1786350130.997,c2,recommend,,0.0,26.76,14.03,4.27,S3,0,,0,200.0,obs,704,26.76,14.03,4.0,S3,26.76,14.03,4.0,S3,26.76,14.03,4.27,S3,7.406,0,S3,site_s3,S3,S3,S3,176.0,133.0,0.0,242.0,1,1,1,,
1786350131.997,c1,reserve,1600,0.198,26.14,13.47,3.94,S3,0,,0,36.0,obs,351,26.14,13.47,3.45,S3,26.14,13.47,3.45,S3,26.14,13.47,3.94,S3,7.345,0,S3,site_s3,S3,S3,S3,87.5,0.0,0.0,24.3,1,1,1,,
1786350131.997,c1,search,1600,25.042,8.21,-4.33,-13.71,S1,0,,0,4553.15,obs,533,6.49,-3.89,-13.63,S1,6.06,-4.33,-14.06,S1,8.65,-3.89,-13.28,S1,7.345,0,S1,site_s1,S1,S1,S1,133.5,133.5,0.0,24.3,1,1,1,,
1786350131.997,c1,recommend,1600,1.1,25.66,12.93,3.19,S3,0,,0,200.0,obs,700,25.66,12.93,2.9,S3,25.66,12.93,2.9,S3,25.66,12.93,3.19,S3,7.345,0,S3,site_s3,S3,S3,S3,175.0,133.5,0.0,55.5,1,1,1,,
1786350131.997,c2,reserve,,0.0,26.34,13.67,4.14,S3,0,,0,36.0,obs,351,26.34,13.67,3.65,S3,26.34,13.67,3.65,S3,26.34,13.67,4.14,S3,7.345,0,S3,site_s3,S3,S3,S3,88.0,133.5,0.0,79.9,1,1,1,,
1786350131.997,c2,search,,0.0,33.26,20.71,11.33,S3,0,,0,4553.15,obs,533,31.1,20.71,10.98,S3,31.1,20.71,10.98,S3,33.26,20.71,11.33,S3,7.345,0,S3,site_s3,S3,S3,S3,132.0,133.5,0.0,211.9,1,1,1,,
1786350131.997,c2,recommend,,0.0,26.76,14.03,4.29,S3,0,,0,200.0,obs,700,26.76,14.03,4.0,S3,26.76,14.03,4.0,S3,26.76,14.03,4.29,S3,7.345,0,S3,site_s3,S3,S3,S3,175.0,133.5,0.0,243.1,1,1,1,,
1786350132.996,c1,reserve,1600,0.198,26.14,13.47,3.94,S3,0,,0,36.0,obs,335,26.14,13.47,3.45,S3,26.14,13.47,3.45,S3,26.14,13.47,3.94,S3,6.724,0,S3,site_s3,S3,S3,S3,83.5,0.0,0.0,23.2,1,1,1,,
1786350132.996,c1,search,1600,25.042,7.81,-4.33,-13.63,S1,0,,0,4553.16,obs,503,6.49,-3.89,-13.63,S1,6.06,-4.33,-14.06,S1,8.25,-3.89,-13.19,S1,6.724,0,S1,site_s1,S1,S1,S1,126.0,126.0,0.0,23.2,1,1,1,,
1786350132.996,c1,recommend,1600,1.1,25.66,12.93,3.19,S3,0,,0,200.0,obs,666,25.66,12.93,2.9,S3,25.66,12.93,2.9,S3,25.66,12.93,3.19,S3,6.724,0,S3,site_s3,S3,S3,S3,166.5,126.0,0.0,52.8,1,1,1,,
1786350132.996,c2,reserve,,0.0,26.34,13.67,4.14,S3,0,,0,36.0,obs,335,26.34,13.67,3.65,S3,26.34,13.67,3.65,S3,26.34,13.67,4.14,S3,6.724,0,S3,site_s3,S3,S3,S3,84.0,126.0,0.0,76.2,1,1,1,,
1786350132.996,c2,search,,0.0,32.85,20.71,11.42,S3,0,,0,4553.16,obs,503,31.1,20.71,10.98,S3,31.1,20.71,10.98,S3,32.85,20.71,11.42,S3,6.724,0,S3,site_s3,S3,S3,S3,124.5,126.0,0.0,200.7,1,1,1,,
1786350132.996,c2,recommend,,0.0,26.76,14.03,4.29,S3,0,,0,200.0,obs,666,26.76,14.03,4.0,S3,26.76,14.03,4.0,S3,26.76,14.03,4.29,S3,6.724,0,S3,site_s3,S3,S3,S3,166.5,126.0,0.0,230.3,1,1,1,,
1786350133.997,c1,reserve,1600,0.198,26.14,13.47,3.93,S3,0,,0,36.0,obs,332,26.14,13.47,3.45,S3,26.14,13.47,3.45,S3,26.14,13.47,3.93,S3,7.338,0,S3,site_s3,S3,S3,S3,83.0,0.0,0.0,23.1,1,1,1,,
1786350133.997,c1,search,1600,25.042,7.68,-4.33,-13.57,S1,0,,0,4553.16,obs,505,6.49,-3.89,-13.63,S1,6.06,-4.33,-14.06,S1,8.11,-3.89,-13.13,S1,7.338,0,S1,site_s1,S1,S1,S1,126.5,126.5,0.0,23.1,1,1,1,,
1786350133.997,c1,recommend,1600,1.1,25.66,12.93,3.17,S3,0,,0,200.0,obs,669,25.66,12.93,2.9,S3,25.66,12.93,2.9,S3,25.66,12.93,3.17,S3,7.338,0,S3,site_s3,S3,S3,S3,167.0,126.5,0.0,52.8,1,1,1,,
1786350133.997,c2,reserve,,0.0,26.34,13.67,4.13,S3,0,,0,36.0,obs,332,26.34,13.67,3.65,S3,26.34,13.67,3.65,S3,26.34,13.67,4.13,S3,7.338,0,S3,site_s3,S3,S3,S3,83.0,126.5,0.0,75.9,1,1,1,,
1786350133.997,c2,search,,0.0,32.72,20.71,11.47,S3,0,,0,4553.16,obs,505,31.1,20.71,10.98,S3,31.1,20.71,10.98,S3,32.72,20.71,11.47,S3,7.338,0,S3,site_s3,S3,S3,S3,125.0,126.5,0.0,200.9,1,1,1,,
1786350133.997,c2,recommend,,0.0,26.76,14.03,4.27,S3,0,,0,200.0,obs,669,26.76,14.03,4.0,S3,26.76,14.03,4.0,S3,26.76,14.03,4.27,S3,7.338,0,S3,site_s3,S3,S3,S3,167.5,126.5,0.0,230.7,1,1,1,,
1786350134.997,c1,reserve,1600,0.198,26.14,13.47,3.92,S3,0,,0,36.0,obs,332,26.14,13.47,3.45,S3,26.14,13.47,3.45,S3,26.14,13.47,3.92,S3,7.307,0,S3,site_s3,S3,S3,S3,83.0,0.0,0.0,23.1,1,1,1,,
1786350134.997,c1,search,1600,25.042,7.75,-4.33,-13.71,S1,0,,0,4553.0,obs,506,6.49,-3.89,-13.63,S1,6.06,-4.33,-14.06,S1,8.19,-3.89,-13.28,S1,7.307,0,S1,site_s1,S1,S1,S1,126.5,126.5,0.0,23.1,1,1,1,,
1786350134.997,c1,recommend,1600,1.1,25.66,12.93,3.16,S3,0,,0,200.0,obs,668,25.66,12.93,2.9,S3,25.66,12.93,2.9,S3,25.66,12.93,3.16,S3,7.307,0,S3,site_s3,S3,S3,S3,167.0,126.5,0.0,52.8,1,1,1,,
1786350134.997,c2,reserve,,0.0,26.34,13.67,4.11,S3,0,,0,36.0,obs,332,26.34,13.67,3.65,S3,26.34,13.67,3.65,S3,26.34,13.67,4.11,S3,7.307,0,S3,site_s3,S3,S3,S3,83.0,126.5,0.0,75.9,1,1,1,,
1786350134.997,c2,search,,0.0,32.79,20.71,11.33,S3,0,,0,4553.0,obs,506,31.1,20.71,10.98,S3,31.1,20.71,10.98,S3,32.79,20.71,11.33,S3,7.307,0,S3,site_s3,S3,S3,S3,125.0,126.5,0.0,200.9,1,1,1,,
1786350134.997,c2,recommend,,0.0,26.76,14.03,4.26,S3,0,,0,200.0,obs,668,26.76,14.03,4.0,S3,26.76,14.03,4.0,S3,26.76,14.03,4.26,S3,7.307,0,S3,site_s3,S3,S3,S3,167.0,126.5,0.0,230.6,1,1,1,,
1786350135.997,c1,reserve,1600,0.198,26.14,13.47,3.93,S3,0,,0,36.0,obs,332,26.14,13.47,3.45,S3,26.14,13.47,3.45,S3,26.14,13.47,3.93,S3,7.35,0,S3,site_s3,S3,S3,S3,83.0,0.0,0.0,23.1,1,1,1,,
1786350135.997,c1,search,1600,25.042,7.78,-4.33,-13.63,S1,0,,0,4553.0,obs,508,6.49,-3.89,-13.63,S1,6.06,-4.33,-14.06,S1,8.22,-3.89,-13.2,S1,7.35,0,S1,site_s1,S1,S1,S1,127.0,127.0,0.0,23.1,1,1,1,,
1786350135.997,c1,recommend,1600,1.1,25.66,12.93,3.15,S3,0,,0,200.0,obs,667,25.66,12.93,2.9,S3,25.66,12.93,2.9,S3,25.66,12.93,3.15,S3,7.35,0,S3,site_s3,S3,S3,S3,166.5,127.0,0.0,52.7,1,1,1,,
1786350135.997,c2,reserve,,0.0,26.34,13.67,4.13,S3,0,,0,36.0,obs,332,26.34,13.67,3.65,S3,26.34,13.67,3.65,S3,26.34,13.67,4.13,S3,7.35,0,S3,site_s3,S3,S3,S3,83.0,127.0,0.0,75.8,1,1,1,,
1786350135.997,c2,search,,0.0,32.82,20.71,11.41,S3,0,,0,4553.0,obs,508,31.1,20.71,10.98,S3,31.1,20.71,10.98,S3,32.82,20.71,11.41,S3,7.35,0,S3,site_s3,S3,S3,S3,126.0,127.0,0.0,201.8,1,1,1,,
1786350135.997,c2,recommend,,0.0,26.76,14.03,4.25,S3,0,,0,200.0,obs,667,26.76,14.03,4.0,S3,26.76,14.03,4.0,S3,26.76,14.03,4.25,S3,7.35,0,S3,site_s3,S3,S3,S3,167.0,127.0,0.0,231.5,1,1,1,,
1786350136.997,c1,reserve,1600,0.198,26.14,13.47,3.96,S3,0,,0,36.0,obs,337,26.14,13.47,3.45,S3,26.14,13.47,3.45,S3,26.14,13.47,3.96,S3,7.437,0,S3,site_s3,S3,S3,S3,84.0,0.0,0.0,23.4,1,1,1,,
1786350136.997,c1,search,1600,25.043,8.14,-4.33,-13.62,S1,0,,0,4553.31,obs,504,6.49,-3.89,-13.63,S1,6.06,-4.33,-14.06,S1,8.57,-3.89,-13.19,S1,7.437,0,S1,site_s1,S1,S1,S1,126.5,126.5,0.0,23.4,1,1,1,,
1786350136.997,c1,recommend,1600,1.1,25.66,12.93,3.19,S3,0,,0,200.0,obs,666,25.66,12.93,2.9,S3,25.66,12.93,2.9,S3,25.66,12.93,3.19,S3,7.437,0,S3,site_s3,S3,S3,S3,166.5,126.5,0.0,53.0,1,1,1,,
1786350136.997,c2,reserve,,0.0,26.34,13.67,4.16,S3,0,,0,36.0,obs,337,26.34,13.67,3.65,S3,26.34,13.67,3.65,S3,26.34,13.67,4.16,S3,7.437,0,S3,site_s3,S3,S3,S3,84.5,126.5,0.0,76.5,1,1,1,,
1786350136.997,c2,search,,0.0,33.18,20.71,11.42,S3,0,,0,4553.31,obs,504,31.1,20.71,10.98,S3,31.1,20.71,10.98,S3,33.18,20.71,11.42,S3,7.437,0,S3,site_s3,S3,S3,S3,125.0,126.5,0.0,201.5,1,1,1,,
1786350136.997,c2,recommend,,0.0,26.76,14.03,4.29,S3,0,,0,200.0,obs,666,26.76,14.03,4.0,S3,26.76,14.03,4.0,S3,26.76,14.03,4.29,S3,7.437,0,S3,site_s3,S3,S3,S3,166.5,126.5,0.0,231.1,1,1,1,,
1786350137.997,c1,reserve,1600,0.198,26.14,13.47,3.92,S3,0,,0,36.0,obs,336,26.14,13.47,3.45,S3,26.14,13.47,3.45,S3,26.14,13.47,3.92,S3,7.344,0,S3,site_s3,S3,S3,S3,84.0,0.0,0.0,23.4,1,1,1,,
1786350137.997,c1,search,1600,25.042,6.92,-4.33,-13.81,S1,0,,0,4553.16,obs,503,6.49,-3.89,-13.63,S1,6.06,-4.33,-14.06,S1,7.35,-3.89,-13.37,S1,7.344,0,S1,site_s1,S1,S1,S1,126.0,126.0,0.0,23.4,1,1,1,,
1786350137.997,c1,recommend,1600,1.1,25.66,12.93,3.08,S3,0,,0,200.0,obs,668,25.66,12.93,2.9,S3,25.66,12.93,2.9,S3,25.66,12.93,3.08,S3,7.344,0,S3,site_s3,S3,S3,S3,167.0,126.0,0.0,53.1,1,1,1,,
1786350137.997,c2,reserve,,0.0,26.34,13.67,4.11,S3,0,,0,36.0,obs,336,26.34,13.67,3.65,S3,26.34,13.67,3.65,S3,26.34,13.67,4.11,S3,7.344,0,S3,site_s3,S3,S3,S3,84.0,126.0,0.0,76.4,1,1,1,,
1786350137.997,c2,search,,0.0,31.96,20.71,11.23,S3,0,,0,4553.16,obs,503,31.1,20.71,10.98,S3,31.1,20.71,10.98,S3,31.96,20.71,11.23,S3,7.344,0,S3,site_s3,S3,S3,S3,124.5,126.0,0.0,200.9,1,1,1,,
1786350137.997,c2,recommend,,0.0,26.76,14.03,4.18,S3,0,,0,200.0,obs,668,26.76,14.03,4.0,S3,26.76,14.03,4.0,S3,26.76,14.03,4.18,S3,7.344,0,S3,site_s3,S3,S3,S3,167.0,126.0,0.0,230.7,1,1,1,,
1786350138.998,c1,reserve,1600,0.198,26.14,13.47,3.91,S3,0,,0,36.0,obs,333,26.14,13.47,3.45,S3,26.14,13.47,3.45,S3,26.14,13.47,3.91,S3,7.361,0,S3,site_s3,S3,S3,S3,83.0,0.0,0.0,23.1,1,1,1,,
1786350138.998,c1,search,1600,25.042,6.92,-4.33,-13.7,S1,0,,0,4553.16,obs,505,6.49,-3.89,-13.63,S1,6.06,-4.33,-14.06,S1,7.35,-3.89,-13.26,S1,7.361,0,S1,site_s1,S1,S1,S1,126.5,126.5,0.0,23.1,1,1,1,,
1786350138.998,c1,recommend,1600,1.1,25.66,12.93,3.12,S3,0,,0,200.0,obs,672,25.66,12.93,2.9,S3,25.66,12.93,2.9,S3,25.66,12.93,3.12,S3,7.361,0,S3,site_s3,S3,S3,S3,168.0,126.5,0.0,53.0,1,1,1,,
1786350138.998,c2,reserve,,0.0,26.34,13.67,4.11,S3,0,,0,36.0,obs,333,26.34,13.67,3.65,S3,26.34,13.67,3.65,S3,26.34,13.67,4.11,S3,7.361,0,S3,site_s3,S3,S3,S3,83.5,126.5,0.0,76.2,1,1,1,,
1786350138.998,c2,search,,0.0,31.96,20.71,11.35,S3,0,,0,4553.16,obs,505,31.1,20.71,10.98,S3,31.1,20.71,10.98,S3,31.96,20.71,11.35,S3,7.361,0,S3,site_s3,S3,S3,S3,125.0,126.5,0.0,201.2,1,1,1,,
1786350138.998,c2,recommend,,0.0,26.76,14.03,4.22,S3,0,,0,200.0,obs,672,26.76,14.03,4.0,S3,26.76,14.03,4.0,S3,26.76,14.03,4.22,S3,7.361,0,S3,site_s3,S3,S3,S3,168.0,126.5,0.0,231.1,1,1,1,,
1786350139.998,c1,reserve,1600,0.198,26.14,13.47,3.93,S3,0,,0,36.0,obs,332,26.14,13.47,3.45,S3,26.14,13.47,3.45,S3,26.14,13.47,3.93,S3,7.344,0,S3,site_s3,S3,S3,S3,83.0,0.0,0.0,23.1,1,1,1,,
1786350139.998,c1,search,1600,25.041,4.11,-4.33,-13.64,S1,0,,0,4552.84,obs,509,6.49,-3.89,-13.63,S1,6.06,-4.33,-14.06,S1,4.54,-3.89,-13.21,S1,7.344,0,S1,site_s1,S1,S1,S1,127.0,127.0,0.0,23.1,1,1,1,,
1786350139.998,c1,recommend,1600,1.1,25.66,12.93,3.14,S3,0,,0,200.0,obs,671,25.66,12.93,2.9,S3,25.66,12.93,2.9,S3,25.66,12.93,3.14,S3,7.344,0,S3,site_s3,S3,S3,S3,168.0,127.0,0.0,53.0,1,1,1,,
1786350139.998,c2,reserve,,0.0,26.34,13.67,4.13,S3,0,,0,36.0,obs,332,26.34,13.67,3.65,S3,26.34,13.67,3.65,S3,26.34,13.67,4.13,S3,7.344,0,S3,site_s3,S3,S3,S3,83.0,127.0,0.0,76.1,1,1,1,,
1786350139.998,c2,search,,0.0,29.15,20.71,11.4,S3,0,,0,4552.84,obs,509,31.1,20.71,10.98,S3,31.1,20.71,10.98,S3,29.15,20.71,11.4,S3,7.344,0,S3,site_s3,S3,S3,S3,125.5,127.0,0.0,201.6,1,1,1,,
1786350139.998,c2,recommend,,0.0,26.76,14.03,4.24,S3,0,,0,200.0,obs,671,26.76,14.03,4.0,S3,26.76,14.03,4.0,S3,26.76,14.03,4.24,S3,7.344,0,S3,site_s3,S3,S3,S3,167.5,127.0,0.0,231.4,1,1,1,,
1786350140.997,c1,reserve,1600,0.198,26.14,13.47,3.92,S3,0,,0,36.0,obs,336,26.14,13.47,3.45,S3,26.14,13.47,3.45,S3,26.14,13.47,3.92,S3,7.276,0,S3,site_s3,S3,S3,S3,84.0,0.0,0.0,23.4,1,1,1,,
1786350140.997,c1,search,1600,25.042,4.82,-4.33,-13.56,S1,0,,0,4553.16,obs,509,6.49,-3.89,-13.63,S1,6.06,-4.33,-14.06,S1,5.25,-3.89,-13.13,S1,7.276,0,S1,site_s1,S1,S1,S1,127.5,127.5,0.0,23.4,1,1,1,,
1786350140.997,c1,recommend,1600,1.1,25.66,12.93,3.14,S3,0,,0,200.0,obs,666,25.66,12.93,2.9,S3,25.66,12.93,2.9,S3,25.66,12.93,3.14,S3,7.276,0,S3,site_s3,S3,S3,S3,166.5,127.5,0.0,53.0,1,1,1,,
1786350140.997,c2,reserve,,0.0,26.34,13.67,4.12,S3,0,,0,36.0,obs,336,26.34,13.67,3.65,S3,26.34,13.67,3.65,S3,26.34,13.67,4.12,S3,7.276,0,S3,site_s3,S3,S3,S3,84.0,127.5,0.0,76.3,1,1,1,,
1786350140.997,c2,search,,0.0,29.86,20.71,11.48,S3,0,,0,4553.16,obs,509,31.1,20.71,10.98,S3,31.1,20.71,10.98,S3,29.86,20.71,11.48,S3,7.276,0,S3,site_s3,S3,S3,S3,126.0,127.5,0.0,202.3,1,1,1,,
1786350140.997,c2,recommend,,0.0,26.76,14.03,4.24,S3,0,,0,200.0,obs,666,26.76,14.03,4.0,S3,26.76,14.03,4.0,S3,26.76,14.03,4.24,S3,7.276,0,S3,site_s3,S3,S3,S3,166.5,127.5,0.0,232.0,1,1,1,,
1786350141.998,c1,reserve,1600,0.198,26.14,13.47,3.93,S3,0,,0,36.0,obs,338,26.14,13.47,3.45,S3,26.14,13.47,3.45,S3,26.14,13.47,3.93,S3,7.356,0,S3,site_s3,S3,S3,S3,84.5,0.0,0.0,23.5,1,1,1,,
1786350141.998,c1,search,1600,25.042,8.09,-4.33,-13.73,S1,0,,0,4553.16,obs,505,6.49,-3.89,-13.63,S1,6.06,-4.33,-14.06,S1,8.53,-3.89,-13.29,S1,7.356,0,S1,site_s1,S1,S1,S1,126.5,126.5,0.0,23.5,1,1,1,,
1786350141.998,c1,recommend,1600,1.1,25.66,12.93,3.18,S3,0,,0,200.0,obs,668,25.66,12.93,2.9,S3,25.66,12.93,2.9,S3,25.66,12.93,3.18,S3,7.356,0,S3,site_s3,S3,S3,S3,167.0,126.5,0.0,53.2,1,1,1,,
1786350141.998,c2,reserve,,0.0,26.34,13.67,4.13,S3,0,,0,36.0,obs,338,26.34,13.67,3.65,S3,26.34,13.67,3.65,S3,26.34,13.67,4.13,S3,7.356,0,S3,site_s3,S3,S3,S3,84.5,126.5,0.0,76.7,1,1,1,,
1786350141.998,c2,search,,0.0,33.14,20.71,11.32,S3,0,,0,4553.16,obs,505,31.1,20.71,10.98,S3,31.1,20.71,10.98,S3,33.14,20.71,11.32,S3,7.356,0,S3,site_s3,S3,S3,S3,124.5,126.5,0.0,201.2,1,1,1,,
1786350141.998,c2,recommend,,0.0,26.76,14.03,4.28,S3,0,,0,200.0,obs,668,26.76,14.03,4.0,S3,26.76,14.03,4.0,S3,26.76,14.03,4.28,S3,7.356,0,S3,site_s3,S3,S3,S3,167.0,126.5,0.0,230.9,1,1,1,,
1786350142.998,c1,reserve,1600,0.198,26.14,13.47,3.94,S3,0,,0,36.0,obs,335,26.14,13.47,3.45,S3,26.14,13.47,3.45,S3,26.14,13.47,3.94,S3,7.294,0,S3,site_s3,S3,S3,S3,83.5,0.0,0.0,23.2,1,1,1,,
1786350142.998,c1,search,1600,25.042,7.84,-4.33,-13.74,S1,0,,0,4553.16,obs,507,6.49,-3.89,-13.63,S1,6.06,-4.33,-14.06,S1,8.28,-3.89,-13.3,S1,7.294,0,S1,site_s1,S1,S1,S1,127.0,127.0,0.0,23.2,1,1,1,,
1786350142.998,c1,recommend,1600,1.1,25.66,12.93,3.18,S3,0,,0,200.0,obs,671,25.66,12.93,2.9,S3,25.66,12.93,2.9,S3,25.66,12.93,3.18,S3,7.294,0,S3,site_s3,S3,S3,S3,168.0,127.0,0.0,53.1,1,1,1,,
1786350142.998,c2,reserve,,0.0,26.34,13.67,4.13,S3,0,,0,36.0,obs,335,26.34,13.67,3.65,S3,26.34,13.67,3.65,S3,26.34,13.67,4.13,S3,7.294,0,S3,site_s3,S3,S3,S3,84.0,127.0,0.0,76.5,1,1,1,,
1786350142.998,c2,search,,0.0,32.88,20.71,11.3,S3,0,,0,4553.16,obs,507,31.1,20.71,10.98,S3,31.1,20.71,10.98,S3,32.88,20.71,11.3,S3,7.294,0,S3,site_s3,S3,S3,S3,125.5,127.0,0.0,202.0,1,1,1,,
1786350142.998,c2,recommend,,0.0,26.76,14.03,4.28,S3,0,,0,200.0,obs,671,26.76,14.03,4.0,S3,26.76,14.03,4.0,S3,26.76,14.03,4.28,S3,7.294,0,S3,site_s3,S3,S3,S3,167.5,127.0,0.0,231.8,1,1,1,,
1786350143.998,c1,reserve,1600,0.198,26.14,13.47,3.92,S3,0,,0,36.0,obs,334,26.14,13.47,3.45,S3,26.14,13.47,3.45,S3,26.14,13.47,3.92,S3,7.309,0,S3,site_s3,S3,S3,S3,83.5,0.0,0.0,23.2,1,1,1,,
1786350143.998,c1,search,1600,25.042,7.73,-4.33,-13.69,S1,0,,0,4553.0,obs,508,6.49,-3.89,-13.63,S1,6.06,-4.33,-14.06,S1,8.16,-3.89,-13.26,S1,7.309,0,S1,site_s1,S1,S1,S1,127.0,127.0,0.0,23.2,1,1,1,,
1786350143.998,c1,recommend,1600,1.1,25.66,12.93,3.18,S3,0,,0,200.0,obs,672,25.66,12.93,2.9,S3,25.66,12.93,2.9,S3,25.66,12.93,3.18,S3,7.309,0,S3,site_s3,S3,S3,S3,168.0,127.0,0.0,53.1,1,1,1,,
1786350143.998,c2,reserve,,0.0,26.34,13.67,4.12,S3,0,,0,36.0,obs,334,26.34,13.67,3.65,S3,26.34,13.67,3.65,S3,26.34,13.67,4.12,S3,7.309,0,S3,site_s3,S3,S3,S3,83.5,127.0,0.0,76.3,1,1,1,,
1786350143.998,c2,search,,0.0,32.77,20.71,11.35,S3,0,,0,4553.0,obs,508,31.1,20.71,10.98,S3,31.1,20.71,10.98,S3,32.77,20.71,11.35,S3,7.309,0,S3,site_s3,S3,S3,S3,125.0,127.0,0.0,201.3,1,1,1,,
1786350143.998,c2,recommend,,0.0,26.76,14.03,4.28,S3,0,,0,200.0,obs,672,26.76,14.03,4.0,S3,26.76,14.03,4.0,S3,26.76,14.03,4.28,S3,7.309,0,S3,site_s3,S3,S3,S3,168.0,127.0,0.0,231.2,1,1,1,,
1786350144.998,c1,reserve,1600,0.198,26.14,13.47,3.93,S3,0,,0,36.0,obs,332,26.14,13.47,3.45,S3,26.14,13.47,3.45,S3,26.14,13.47,3.93,S3,7.342,0,S3,site_s3,S3,S3,S3,83.0,0.0,0.0,23.1,1,1,1,,
1786350144.998,c1,search,1600,25.042,8.16,-4.33,-13.6,S1,0,,0,4553.15,obs,511,6.49,-3.89,-13.63,S1,6.06,-4.33,-14.06,S1,8.6,-3.89,-13.17,S1,7.342,0,S1,site_s1,S1,S1,S1,128.0,128.0,0.0,23.1,1,1,1,,
1786350144.998,c1,recommend,1600,1.1,25.66,12.93,3.13,S3,0,,0,200.0,obs,672,25.66,12.93,2.9,S3,25.66,12.93,2.9,S3,25.66,12.93,3.13,S3,7.342,0,S3,site_s3,S3,S3,S3,168.0,128.0,0.0,53.0,1,1,1,,
1786350144.998,c2,reserve,,0.0,26.34,13.67,4.13,S3,0,,0,36.0,obs,332,26.34,13.67,3.65,S3,26.34,13.67,3.65,S3,26.34,13.67,4.13,S3,7.342,0,S3,site_s3,S3,S3,S3,83.0,128.0,0.0,76.1,1,1,1,,
1786350144.998,c2,search,,0.0,33.2,20.71,11.44,S3,0,,0,4553.15,obs,511,31.1,20.71,10.98,S3,31.1,20.71,10.98,S3,33.2,20.71,11.44,S3,7.342,0,S3,site_s3,S3,S3,S3,126.0,128.0,0.0,202.1,1,1,1,,
1786350144.998,c2,recommend,,0.0,26.76,14.03,4.23,S3,0,,0,200.0,obs,672,26.76,14.03,4.0,S3,26.76,14.03,4.0,S3,26.76,14.03,4.23,S3,7.342,0,S3,site_s3,S3,S3,S3,168.0,128.0,0.0,232.0,1,1,1,,
1786350145.997,c1,reserve,1600,0.198,26.14,13.47,3.93,S3,0,,0,36.0,obs,338,26.14,13.47,3.45,S3,26.14,13.47,3.45,S3,26.14,13.47,3.93,S3,7.299,0,S3,site_s3,S3,S3,S3,84.5,0.0,0.0,23.5,1,1,1,,
1786350145.997,c1,search,1600,25.042,7.82,-4.33,-13.72,S1,0,,0,4553.16,obs,507,6.49,-3.89,-13.63,S1,6.06,-4.33,-14.06,S1,8.25,-3.89,-13.29,S1,7.299,0,S1,site_s1,S1,S1,S1,127.0,127.0,0.0,23.5,1,1,1,,
1786350145.997,c1,recommend,1600,1.1,25.66,12.93,3.13,S3,0,,0,200.0,obs,670,25.66,12.93,2.9,S3,25.66,12.93,2.9,S3,25.66,12.93,3.13,S3,7.299,0,S3,site_s3,S3,S3,S3,167.5,127.0,0.0,53.3,1,1,1,,
1786350145.997,c2,reserve,,0.0,26.34,13.67,4.13,S3,0,,0,36.0,obs,338,26.34,13.67,3.65,S3,26.34,13.67,3.65,S3,26.34,13.67,4.13,S3,7.299,0,S3,site_s3,S3,S3,S3,84.5,127.0,0.0,76.8,1,1,1,,
1786350145.997,c2,search,,0.0,32.86,20.71,11.32,S3,0,,0,4553.16,obs,507,31.1,20.71,10.98,S3,31.1,20.71,10.98,S3,32.86,20.71,11.32,S3,7.299,0,S3,site_s3,S3,S3,S3,126.0,127.0,0.0,202.8,1,1,1,,
1786350145.997,c2,recommend,,0.0,26.76,14.03,4.23,S3,0,,0,200.0,obs,670,26.76,14.03,4.0,S3,26.76,14.03,4.0,S3,26.76,14.03,4.23,S3,7.299,0,S3,site_s3,S3,S3,S3,167.5,127.0,0.0,232.6,1,1,1,,
1786350146.997,c1,reserve,1600,0.198,26.14,13.47,3.92,S3,0,,0,36.0,obs,338,26.14,13.47,3.45,S3,26.14,13.47,3.45,S3,26.14,13.47,3.92,S3,7.305,0,S3,site_s3,S3,S3,S3,84.5,0.0,0.0,23.5,1,1,1,,
1786350146.997,c1,search,1600,25.042,7.77,-4.33,-13.63,S1,0,,0,4553.16,obs,507,6.49,-3.89,-13.63,S1,6.06,-4.33,-14.06,S1,8.21,-3.89,-13.19,S1,7.305,0,S1,site_s1,S1,S1,S1,127.0,127.0,0.0,23.5,1,1,1,,
1786350146.997,c1,recommend,1600,1.1,25.66,12.93,3.17,S3,0,,0,200.0,obs,672,25.66,12.93,2.9,S3,25.66,12.93,2.9,S3,25.66,12.93,3.17,S3,7.305,0,S3,site_s3,S3,S3,S3,168.0,127.0,0.0,53.4,1,1,1,,
1786350146.997,c2,reserve,,0.0,26.34,13.67,4.12,S3,0,,0,36.0,obs,338,26.34,13.67,3.65,S3,26.34,13.67,3.65,S3,26.34,13.67,4.12,S3,7.305,0,S3,site_s3,S3,S3,S3,84.5,127.0,0.0,76.9,1,1,1,,
1786350146.997,c2,search,,0.0,32.82,20.71,11.41,S3,0,,0,4553.16,obs,507,31.1,20.71,10.98,S3,31.1,20.71,10.98,S3,32.82,20.71,11.41,S3,7.305,0,S3,site_s3,S3,S3,S3,125.5,127.0,0.0,202.4,1,1,1,,
1786350146.997,c2,recommend,,0.0,26.76,14.03,4.27,S3,0,,0,200.0,obs,672,26.76,14.03,4.0,S3,26.76,14.03,4.0,S3,26.76,14.03,4.27,S3,7.305,0,S3,site_s3,S3,S3,S3,168.0,127.0,0.0,232.3,1,1,1,,
1786350147.998,c1,reserve,1600,0.198,26.14,13.47,3.89,S3,0,,0,36.0,obs,336,26.14,13.47,3.45,S3,26.14,13.47,3.45,S3,26.14,13.47,3.89,S3,7.285,0,S3,site_s3,S3,S3,S3,84.0,0.0,0.0,23.4,1,1,1,,
1786350147.998,c1,search,1600,25.043,8.44,-4.33,-13.78,S1,0,,0,4553.31,obs,508,6.49,-3.89,-13.63,S1,6.06,-4.33,-14.06,S1,8.88,-3.89,-13.35,S1,7.285,0,S1,site_s1,S1,S1,S1,127.5,127.5,0.0,23.4,1,1,1,,
1786350147.998,c1,recommend,1600,1.1,25.66,12.93,3.14,S3,0,,0,200.0,obs,673,25.66,12.93,2.9,S3,25.66,12.93,2.9,S3,25.66,12.93,3.14,S3,7.285,0,S3,site_s3,S3,S3,S3,168.5,127.5,0.0,53.3,1,1,1,,
1786350147.998,c2,reserve,,0.0,26.34,13.67,4.09,S3,0,,0,36.0,obs,336,26.34,13.67,3.65,S3,26.34,13.67,3.65,S3,26.34,13.67,4.09,S3,7.285,0,S3,site_s3,S3,S3,S3,84.0,127.5,0.0,76.7,1,1,1,,
1786350147.998,c2,search,,0.0,33.48,20.71,11.26,S3,0,,0,4553.31,obs,508,31.1,20.71,10.98,S3,31.1,20.71,10.98,S3,33.48,20.71,11.26,S3,7.285,0,S3,site_s3,S3,S3,S3,125.5,127.5,0.0,202.2,1,1,1,,
1786350147.998,c2,recommend,,0.0,26.76,14.03,4.24,S3,0,,0,200.0,obs,673,26.76,14.03,4.0,S3,26.76,14.03,4.0,S3,26.76,14.03,4.24,S3,7.285,0,S3,site_s3,S3,S3,S3,168.0,127.5,0.0,232.1,1,1,1,,
1786350148.997,c1,reserve,1600,0.198,26.14,13.47,3.9,S3,0,,0,36.0,obs,334,26.14,13.47,3.45,S3,26.14,13.47,3.45,S3,26.14,13.47,3.9,S3,7.274,0,S3,site_s3,S3,S3,S3,83.5,0.0,0.0,23.2,1,1,1,,
1786350148.997,c1,search,1600,25.041,8.44,-4.33,-13.66,S1,0,,0,4552.85,obs,511,6.49,-3.89,-13.63,S1,6.06,-4.33,-14.06,S1,8.88,-3.89,-13.23,S1,7.274,0,S1,site_s1,S1,S1,S1,127.5,127.5,0.0,23.2,1,1,1,,
1786350148.997,c1,recommend,1600,1.1,25.66,12.93,3.19,S3,0,,0,200.0,obs,676,25.66,12.93,2.9,S3,25.66,12.93,2.9,S3,25.66,12.93,3.19,S3,7.274,0,S3,site_s3,S3,S3,S3,169.0,127.5,0.0,53.3,1,1,1,,
1786350148.997,c2,reserve,,0.0,26.34,13.67,4.1,S3,0,,0,36.0,obs,334,26.34,13.67,3.65,S3,26.34,13.67,3.65,S3,26.34,13.67,4.1,S3,7.274,0,S3,site_s3,S3,S3,S3,83.5,127.5,0.0,76.5,1,1,1,,
1786350148.997,c2,search,,0.0,33.48,20.71,11.38,S3,0,,0,4552.85,obs,511,31.1,20.71,10.98,S3,31.1,20.71,10.98,S3,33.48,20.71,11.38,S3,7.274,0,S3,site_s3,S3,S3,S3,126.0,127.5,0.0,202.5,1,1,1,,
1786350148.997,c2,recommend,,0.0,26.76,14.03,4.29,S3,0,,0,200.0,obs,676,26.76,14.03,4.0,S3,26.76,14.03,4.0,S3,26.76,14.03,4.29,S3,7.274,0,S3,site_s3,S3,S3,S3,169.0,127.5,0.0,232.6,1,1,1,,
1786350149.997,c1,reserve,1600,0.198,26.14,13.47,3.93,S3,0,,0,36.0,obs,338,26.14,13.47,3.45,S3,26.14,13.47,3.45,S3,26.14,13.47,3.93,S3,7.309,0,S3,site_s3,S3,S3,S3,84.5,0.0,0.0,23.5,1,1,1,,
1786350149.997,c1,search,1600,25.042,7.58,-4.33,-13.71,S1,0,,0,4553.15,obs,511,6.49,-3.89,-13.63,S1,6.06,-4.33,-14.06,S1,8.02,-3.89,-13.27,S1,7.309,0,S1,site_s1,S1,S1,S1,128.0,128.0,0.0,23.5,1,1,1,,
1786350149.997,c1,recommend,1600,1.1,25.66,12.93,3.17,S3,0,,0,200.0,obs,670,25.66,12.93,2.9,S3,25.66,12.93,2.9,S3,25.66,12.93,3.17,S3,7.309,0,S3,site_s3,S3,S3,S3,167.5,128.0,0.0,53.3,1,1,1,,
1786350149.997,c2,reserve,,0.0,26.34,13.67,4.13,S3,0,,0,36.0,obs,338,26.34,13.67,3.65,S3,26.34,13.67,3.65,S3,26.34,13.67,4.13,S3,7.309,0,S3,site_s3,S3,S3,S3,84.5,128.0,0.0,76.8,1,1,1,,
1786350149.997,c2,search,,0.0,32.63,20.71,11.33,S3,0,,0,4553.15,obs,511,31.1,20.71,10.98,S3,31.1,20.71,10.98,S3,32.63,20.71,11.33,S3,7.309,0,S3,site_s3,S3,S3,S3,126.5,128.0,0.0,203.3,1,1,1,,
1786350149.997,c2,recommend,,0.0,26.76,14.03,4.27,S3,0,,0,200.0,obs,670,26.76,14.03,4.0,S3,26.76,14.03,4.0,S3,26.76,14.03,4.27,S3,7.309,0,S3,site_s3,S3,S3,S3,167.5,128.0,0.0,233.1,1,1,1,,
1786350150.997,c1,reserve,1600,0.198,26.14,13.47,3.93,S3,0,,0,36.0,obs,339,26.14,13.47,3.45,S3,26.14,13.47,3.45,S3,26.14,13.47,3.93,S3,7.365,0,S3,site_s3,S3,S3,S3,84.5,0.0,0.0,23.5,1,1,1,,
1786350150.997,c1,search,1600,25.042,8.25,-4.33,-13.71,S1,0,,0,4553.16,obs,509,6.49,-3.89,-13.63,S1,6.06,-4.33,-14.06,S1,8.69,-3.89,-13.27,S1,7.365,0,S1,site_s1,S1,S1,S1,127.5,127.5,0.0,23.5,1,1,1,,
1786350150.997,c1,recommend,1600,1.1,25.66,12.93,3.17,S3,0,,0,200.0,obs,674,25.66,12.93,2.9,S3,25.66,12.93,2.9,S3,25.66,12.93,3.17,S3,7.365,0,S3,site_s3,S3,S3,S3,168.5,127.5,0.0,53.5,1,1,1,,
1786350150.997,c2,reserve,,0.0,26.34,13.67,4.13,S3,0,,0,36.0,obs,339,26.34,13.67,3.65,S3,26.34,13.67,3.65,S3,26.34,13.67,4.13,S3,7.365,0,S3,site_s3,S3,S3,S3,85.0,127.5,0.0,77.1,1,1,1,,
1786350150.997,c2,search,,0.0,33.3,20.71,11.33,S3,0,,0,4553.16,obs,509,31.1,20.71,10.98,S3,31.1,20.71,10.98,S3,33.3,20.71,11.33,S3,7.365,0,S3,site_s3,S3,S3,S3,126.0,127.5,0.0,203.1,1,1,1,,
1786350150.997,c2,recommend,,0.0,26.76,14.03,4.27,S3,0,,0,200.0,obs,674,26.76,14.03,4.0,S3,26.76,14.03,4.0,S3,26.76,14.03,4.27,S3,7.365,0,S3,site_s3,S3,S3,S3,168.5,127.5,0.0,233.1,1,1,1,,
1786350151.998,c1,reserve,1600,0.198,26.14,13.47,3.92,S3,0,,0,36.0,obs,336,26.14,13.47,3.45,S3,26.14,13.47,3.45,S3,26.14,13.47,3.92,S3,7.386,0,S3,site_s3,S3,S3,S3,84.0,0.0,0.0,23.4,1,1,1,,
1786350151.998,c1,search,1600,25.041,8.33,-4.33,-13.7,S1,0,,0,4552.84,obs,509,6.49,-3.89,-13.63,S1,6.06,-4.33,-14.06,S1,8.77,-3.89,-13.26,S1,7.386,0,S1,site_s1,S1,S1,S1,127.0,127.0,0.0,23.4,1,1,1,,
1786350151.998,c1,recommend,1600,1.1,25.66,12.93,3.14,S3,0,,0,200.0,obs,675,25.66,12.93,2.9,S3,25.66,12.93,2.9,S3,25.66,12.93,3.14,S3,7.386,0,S3,site_s3,S3,S3,S3,168.5,127.0,0.0,53.3,1,1,1,,
1786350151.998,c2,reserve,,0.0,26.34,13.67,4.12,S3,0,,0,36.0,obs,336,26.34,13.67,3.65,S3,26.34,13.67,3.65,S3,26.34,13.67,4.12,S3,7.386,0,S3,site_s3,S3,S3,S3,84.0,127.0,0.0,76.7,1,1,1,,
1786350151.998,c2,search,,0.0,33.37,20.71,11.34,S3,0,,0,4552.84,obs,509,31.1,20.71,10.98,S3,31.1,20.71,10.98,S3,33.37,20.71,11.34,S3,7.386,0,S3,site_s3,S3,S3,S3,126.5,127.0,0.0,203.2,1,1,1,,
1786350151.998,c2,recommend,,0.0,26.76,14.03,4.24,S3,0,,0,200.0,obs,675,26.76,14.03,4.0,S3,26.76,14.03,4.0,S3,26.76,14.03,4.24,S3,7.386,0,S3,site_s3,S3,S3,S3,169.0,127.0,0.0,233.3,1,1,1,,
1786350152.997,c1,reserve,1600,0.198,26.14,13.47,3.9,S3,0,,0,36.0,obs,336,26.14,13.47,3.45,S3,26.14,13.47,3.45,S3,26.14,13.47,3.9,S3,7.346,0,S3,site_s3,S3,S3,S3,84.0,0.0,0.0,23.4,1,1,1,,
1786350152.997,c1,search,1600,25.042,7.82,-4.33,-13.7,S1,0,,0,4553.0,obs,512,6.49,-3.89,-13.63,S1,6.06,-4.33,-14.06,S1,8.26,-3.89,-13.27,S1,7.346,0,S1,site_s1,S1,S1,S1,128.0,128.0,0.0,23.4,1,1,1,,
1786350152.997,c1,recommend,1600,1.1,25.66,12.93,3.15,S3,0,,0,200.0,obs,676,25.66,12.93,2.9,S3,25.66,12.93,2.9,S3,25.66,12.93,3.15,S3,7.346,0,S3,site_s3,S3,S3,S3,169.0,128.0,0.0,53.4,1,1,1,,
1786350152.997,c2,reserve,,0.0,26.34,13.67,4.09,S3,0,,0,36.0,obs,336,26.34,13.67,3.65,S3,26.34,13.67,3.65,S3,26.34,13.67,4.09,S3,7.346,0,S3,site_s3,S3,S3,S3,84.0,128.0,0.0,76.8,1,1,1,,
1786350152.997,c2,search,,0.0,32.87,20.71,11.34,S3,0,,0,4553.0,obs,512,31.1,20.71,10.98,S3,31.1,20.71,10.98,S3,32.87,20.71,11.34,S3,7.346,0,S3,site_s3,S3,S3,S3,126.5,128.0,0.0,203.3,1,1,1,,
1786350152.997,c2,recommend,,0.0,26.76,14.03,4.25,S3,0,,0,200.0,obs,676,26.76,14.03,4.0,S3,26.76,14.03,4.0,S3,26.76,14.03,4.25,S3,7.346,0,S3,site_s3,S3,S3,S3,169.0,128.0,0.0,233.4,1,1,1,,
1786350153.997,c1,reserve,1600,0.198,26.14,13.47,3.91,S3,0,,0,36.0,obs,336,26.14,13.47,3.45,S3,26.14,13.47,3.45,S3,26.14,13.47,3.91,S3,7.283,0,S3,site_s3,S3,S3,S3,84.0,0.0,0.0,23.4,1,1,1,,
1786350153.997,c1,search,1600,25.042,7.82,-4.33,-13.68,S1,0,,0,4553.15,obs,513,6.49,-3.89,-13.63,S1,6.06,-4.33,-14.06,S1,8.26,-3.89,-13.24,S1,7.283,0,S1,site_s1,S1,S1,S1,128.5,128.5,0.0,23.4,1,1,1,,
1786350153.997,c1,recommend,1600,1.1,25.66,12.93,3.15,S3,0,,0,200.0,obs,674,25.66,12.93,2.9,S3,25.66,12.93,2.9,S3,25.66,12.93,3.15,S3,7.283,0,S3,site_s3,S3,S3,S3,168.5,128.5,0.0,53.3,1,1,1,,
1786350153.997,c2,reserve,,0.0,26.34,13.67,4.1,S3,0,,0,36.0,obs,336,26.34,13.67,3.65,S3,26.34,13.67,3.65,S3,26.34,13.67,4.1,S3,7.283,0,S3,site_s3,S3,S3,S3,84.0,128.5,0.0,76.7,1,1,1,,
1786350153.997,c2,search,,0.0,32.87,20.71,11.36,S3,0,,0,4553.15,obs,513,31.1,20.71,10.98,S3,31.1,20.71,10.98,S3,32.87,20.71,11.36,S3,7.283,0,S3,site_s3,S3,S3,S3,127.0,128.5,0.0,203.7,1,1,1,,
1786350153.997,c2,recommend,,0.0,26.76,14.03,4.25,S3,0,,0,200.0,obs,674,26.76,14.03,4.0,S3,26.76,14.03,4.0,S3,26.76,14.03,4.25,S3,7.283,0,S3,site_s3,S3,S3,S3,168.5,128.5,0.0,233.7,1,1,1,,
1786350154.997,c1,reserve,1600,0.198,26.14,13.47,3.92,S3,0,,0,36.0,obs,340,26.14,13.47,3.45,S3,26.14,13.47,3.45,S3,26.14,13.47,3.92,S3,7.339,0,S3,site_s3,S3,S3,S3,85.0,0.0,0.0,23.6,1,1,1,,
1786350154.997,c1,search,1600,25.044,7.83,-4.33,-13.68,S1,0,,0,4553.46,obs,511,6.49,-3.89,-13.63,S1,6.06,-4.33,-14.06,S1,8.26,-3.89,-13.24,S1,7.339,0,S1,site_s1,S1,S1,S1,128.5,128.5,0.0,23.6,1,1,1,,
1786350154.997,c1,recommend,1600,1.1,25.66,12.93,3.15,S3,0,,0,200.0,obs,673,25.66,12.93,2.9,S3,25.66,12.93,2.9,S3,25.66,12.93,3.15,S3,7.339,0,S3,site_s3,S3,S3,S3,168.0,128.5,0.0,53.5,1,1,1,,
1786350154.997,c2,reserve,,0.0,26.34,13.67,4.12,S3,0,,0,36.0,obs,340,26.34,13.67,3.65,S3,26.34,13.67,3.65,S3,26.34,13.67,4.12,S3,7.339,0,S3,site_s3,S3,S3,S3,85.0,128.5,0.0,77.2,1,1,1,,
1786350154.997,c2,search,,0.0,32.87,20.71,11.36,S3,0,,0,4553.46,obs,511,31.1,20.71,10.98,S3,31.1,20.71,10.98,S3,32.87,20.71,11.36,S3,7.339,0,S3,site_s3,S3,S3,S3,126.5,128.5,0.0,203.7,1,1,1,,
1786350154.997,c2,recommend,,0.0,26.76,14.03,4.25,S3,0,,0,200.0,obs,673,26.76,14.03,4.0,S3,26.76,14.03,4.0,S3,26.76,14.03,4.25,S3,7.339,0,S3,site_s3,S3,S3,S3,168.5,128.5,0.0,233.7,1,1,1,,
1786350155.997,c1,reserve,1600,0.198,26.14,13.47,3.82,S3,0,,0,36.0,obs,340,26.14,13.47,3.45,S3,26.14,13.47,3.45,S3,26.14,13.47,3.82,S3,7.325,0,S3,site_s3,S3,S3,S3,85.0,0.0,0.0,23.6,1,1,1,,
1786350155.997,c1,search,1600,25.042,8.21,-4.33,-13.61,S1,0,,0,4553.16,obs,509,6.49,-3.89,-13.63,S1,6.06,-4.33,-14.06,S1,8.65,-3.89,-13.18,S1,7.325,0,S1,site_s1,S1,S1,S1,127.5,127.5,0.0,23.6,1,1,1,,
1786350155.997,c1,recommend,1600,1.1,25.66,12.93,3.16,S3,0,,0,200.0,obs,676,25.66,12.93,2.9,S3,25.66,12.93,2.9,S3,25.66,12.93,3.16,S3,7.325,0,S3,site_s3,S3,S3,S3,169.0,127.5,0.0,53.7,1,1,1,,
1786350155.997,c2,reserve,,0.0,26.34,13.67,4.02,S3,0,,0,36.0,obs,340,26.34,13.67,3.65,S3,26.34,13.67,3.65,S3,26.34,13.67,4.02,S3,7.325,0,S3,site_s3,S3,S3,S3,85.0,127.5,0.0,77.3,1,1,1,,
1786350155.997,c2,search,,0.0,33.25,20.71,11.43,S3,0,,0,4553.16,obs,509,31.1,20.71,10.98,S3,31.1,20.71,10.98,S3,33.25,20.71,11.43,S3,7.325,0,S3,site_s3,S3,S3,S3,126.0,127.5,0.0,203.3,1,1,1,,
1786350155.997,c2,recommend,,0.0,26.76,14.03,4.26,S3,0,,0,200.0,obs,676,26.76,14.03,4.0,S3,26.76,14.03,4.0,S3,26.76,14.03,4.26,S3,7.325,0,S3,site_s3,S3,S3,S3,169.0,127.5,0.0,233.4,1,1,1,,
1786350156.998,c1,reserve,1600,0.198,26.14,13.47,3.92,S3,0,,0,36.0,obs,336,26.14,13.47,3.45,S3,26.14,13.47,3.45,S3,26.14,13.47,3.92,S3,7.303,0,S3,site_s3,S3,S3,S3,84.0,0.0,0.0,23.4,1,1,1,,
1786350156.998,c1,search,1600,25.042,7.95,-4.33,-13.74,S1,0,,0,4553.15,obs,511,6.49,-3.89,-13.63,S1,6.06,-4.33,-14.06,S1,8.39,-3.89,-13.3,S1,7.303,0,S1,site_s1,S1,S1,S1,128.0,128.0,0.0,23.4,1,1,1,,
1786350156.998,c1,recommend,1600,1.1,25.66,12.93,3.19,S3,0,,0,200.0,obs,678,25.66,12.93,2.9,S3,25.66,12.93,2.9,S3,25.66,12.93,3.19,S3,7.303,0,S3,site_s3,S3,S3,S3,169.5,128.0,0.0,53.5,1,1,1,,
1786350156.998,c2,reserve,,0.0,26.34,13.67,4.12,S3,0,,0,36.0,obs,336,26.34,13.67,3.65,S3,26.34,13.67,3.65,S3,26.34,13.67,4.12,S3,7.303,0,S3,site_s3,S3,S3,S3,84.0,128.0,0.0,76.9,1,1,1,,
1786350156.998,c2,search,,0.0,32.99,20.71,11.31,S3,0,,0,4553.15,obs,511,31.1,20.71,10.98,S3,31.1,20.71,10.98,S3,32.99,20.71,11.31,S3,7.303,0,S3,site_s3,S3,S3,S3,126.5,128.0,0.0,203.4,1,1,1,,
1786350156.998,c2,recommend,,0.0,26.76,14.03,4.29,S3,0,,0,200.0,obs,678,26.76,14.03,4.0,S3,26.76,14.03,4.0,S3,26.76,14.03,4.29,S3,7.303,0,S3,site_s3,S3,S3,S3,169.5,128.0,0.0,233.5,1,1,1,,
1786350157.997,c1,reserve,1600,0.198,26.14,13.47,3.92,S3,0,,0,36.0,obs,336,26.14,13.47,3.45,S3,26.14,13.47,3.45,S3,26.14,13.47,3.92,S3,7.301,0,S3,site_s3,S3,S3,S3,84.0,0.0,0.0,23.4,1,1,1,,
1786350157.997,c1,search,1600,25.042,7.38,-4.33,-13.8,S1,0,,0,4553.0,obs,512,6.49,-3.89,-13.63,S1,6.06,-4.33,-14.06,S1,7.81,-3.89,-13.36,S1,7.301,0,S1,site_s1,S1,S1,S1,128.0,128.0,0.0,23.4,1,1,1,,
1786350157.997,c1,recommend,1600,1.1,25.66,12.93,3.14,S3,0,,0,200.0,obs,678,25.66,12.93,2.9,S3,25.66,12.93,2.9,S3,25.66,12.93,3.14,S3,7.301,0,S3,site_s3,S3,S3,S3,169.5,128.0,0.0,53.5,1,1,1,,
1786350157.997,c2,reserve,,0.0,26.34,13.67,4.12,S3,0,,0,36.0,obs,336,26.34,13.67,3.65,S3,26.34,13.67,3.65,S3,26.34,13.67,4.12,S3,7.301,0,S3,site_s3,S3,S3,S3,84.0,128.0,0.0,76.9,1,1,1,,
1786350157.997,c2,search,,0.0,32.42,20.71,11.24,S3,0,,0,4553.0,obs,512,31.1,20.71,10.98,S3,31.1,20.71,10.98,S3,32.42,20.71,11.24,S3,7.301,0,S3,site_s3,S3,S3,S3,126.5,128.0,0.0,203.4,1,1,1,,
1786350157.997,c2,recommend,,0.0,26.76,14.03,4.24,S3,0,,0,200.0,obs,678,26.76,14.03,4.0,S3,26.76,14.03,4.0,S3,26.76,14.03,4.24,S3,7.301,0,S3,site_s3,S3,S3,S3,169.5,128.0,0.0,233.5,1,1,1,,
1786350158.997,c1,reserve,1600,0.198,26.14,13.47,3.94,S3,0,,0,36.0,obs,340,26.14,13.47,3.45,S3,26.14,13.47,3.45,S3,26.14,13.47,3.94,S3,7.352,0,S3,site_s3,S3,S3,S3,85.0,0.0,0.0,23.6,1,1,1,,
1786350158.997,c1,search,1600,25.042,7.81,-4.33,-13.77,S1,0,,0,4553.15,obs,515,6.49,-3.89,-13.63,S1,6.06,-4.33,-14.06,S1,8.25,-3.89,-13.34,S1,7.352,0,S1,site_s1,S1,S1,S1,129.0,129.0,0.0,23.6,1,1,1,,
1786350158.997,c1,recommend,1600,1.1,25.66,12.93,3.14,S3,0,,0,200.0,obs,673,25.66,12.93,2.9,S3,25.66,12.93,2.9,S3,25.66,12.93,3.14,S3,7.352,0,S3,site_s3,S3,S3,S3,168.0,129.0,0.0,53.5,1,1,1,,
1786350158.997,c2,reserve,,0.0,26.34,13.67,4.14,S3,0,,0,36.0,obs,340,26.34,13.67,3.65,S3,26.34,13.67,3.65,S3,26.34,13.67,4.14,S3,7.352,0,S3,site_s3,S3,S3,S3,85.0,129.0,0.0,77.2,1,1,1,,
1786350158.997,c2,search,,0.0,32.85,20.71,11.27,S3,0,,0,4553.15,obs,515,31.1,20.71,10.98,S3,31.1,20.71,10.98,S3,32.85,20.71,11.27,S3,7.352,0,S3,site_s3,S3,S3,S3,127.5,129.0,0.0,204.7,1,1,1,,
1786350158.997,c2,recommend,,0.0,26.76,14.03,4.24,S3,0,,0,200.0,obs,673,26.76,14.03,4.0,S3,26.76,14.03,4.0,S3,26.76,14.03,4.24,S3,7.352,0,S3,site_s3,S3,S3,S3,168.5,129.0,0.0,234.7,1,1,1,,
1786350159.997,c1,reserve,1600,0.198,26.14,13.47,3.95,S3,0,,0,36.0,obs,341,26.14,13.47,3.45,S3,26.14,13.47,3.45,S3,26.14,13.47,3.95,S3,7.299,0,S3,site_s3,S3,S3,S3,85.0,0.0,0.0,23.6,1,1,1,,
1786350159.997,c1,search,1600,25.042,7.03,-4.33,-13.69,S1,0,,0,4553.15,obs,511,6.49,-3.89,-13.63,S1,6.06,-4.33,-14.06,S1,7.46,-3.89,-13.26,S1,7.299,0,S1,site_s1,S1,S1,S1,128.0,128.0,0.0,23.6,1,1,1,,
1786350159.997,c1,recommend,1600,1.1,25.66,12.93,3.21,S3,0,,0,200.0,obs,676,25.66,12.93,2.9,S3,25.66,12.93,2.9,S3,25.66,12.93,3.21,S3,7.299,0,S3,site_s3,S3,S3,S3,169.0,128.0,0.0,53.7,1,1,1,,
1786350159.997,c2,reserve,,0.0,26.34,13.67,4.15,S3,0,,0,36.0,obs,341,26.34,13.67,3.65,S3,26.34,13.67,3.65,S3,26.34,13.67,4.15,S3,7.299,0,S3,site_s3,S3,S3,S3,85.5,128.0,0.0,77.5,1,1,1,,
1786350159.997,c2,search,,0.0,32.07,20.71,11.35,S3,0,,0,4553.15,obs,511,31.1,20.71,10.98,S3,31.1,20.71,10.98,S3,32.07,20.71,11.35,S3,7.299,0,S3,site_s3,S3,S3,S3,126.5,128.0,0.0,204.0,1,1,1,,
1786350159.997,c2,recommend,,0.0,26.76,14.03,4.31,S3,0,,0,200.0,obs,676,26.76,14.03,4.0,S3,26.76,14.03,4.0,S3,26.76,14.03,4.31,S3,7.299,0,S3,site_s3,S3,S3,S3,169.0,128.0,0.0,234.1,1,1,1,,
1786350160.997,c1,reserve,1600,0.198,26.14,13.47,3.93,S3,0,,0,36.0,obs,338,26.14,13.47,3.45,S3,26.14,13.47,3.45,S3,26.14,13.47,3.93,S3,7.278,0,S3,site_s3,S3,S3,S3,84.5,0.0,0.0,23.5,1,1,1,,
1786350160.997,c1,search,1600,25.042,7.03,-4.33,-13.62,S1,0,,0,4553.0,obs,510,6.49,-3.89,-13.63,S1,6.06,-4.33,-14.06,S1,7.46,-3.89,-13.18,S1,7.278,0,S1,site_s1,S1,S1,S1,127.5,127.5,0.0,23.5,1,1,1,,
1786350160.997,c1,recommend,1600,1.1,25.66,12.93,3.21,S3,0,,0,200.0,obs,678,25.66,12.93,2.9,S3,25.66,12.93,2.9,S3,25.66,12.93,3.21,S3,7.278,0,S3,site_s3,S3,S3,S3,169.5,127.5,0.0,53.7,1,1,1,,
1786350160.997,c2,reserve,,0.0,26.34,13.67,4.12,S3,0,,0,36.0,obs,338,26.34,13.67,3.65,S3,26.34,13.67,3.65,S3,26.34,13.67,4.12,S3,7.278,0,S3,site_s3,S3,S3,S3,84.5,127.5,0.0,77.2,1,1,1,,
1786350160.997,c2,search,,0.0,32.07,20.71,11.42,S3,0,,0,4553.0,obs,510,31.1,20.71,10.98,S3,31.1,20.71,10.98,S3,32.07,20.71,11.42,S3,7.278,0,S3,site_s3,S3,S3,S3,126.5,127.5,0.0,203.7,1,1,1,,
1786350160.997,c2,recommend,,0.0,26.76,14.03,4.31,S3,0,,0,200.0,obs,678,26.76,14.03,4.0,S3,26.76,14.03,4.0,S3,26.76,14.03,4.31,S3,7.278,0,S3,site_s3,S3,S3,S3,169.5,127.5,0.0,233.8,1,1,1,,
1786350161.997,c1,reserve,1600,0.198,26.14,13.47,3.9,S3,0,,0,36.0,obs,337,26.14,13.47,3.45,S3,26.14,13.47,3.45,S3,26.14,13.47,3.9,S3,7.357,0,S3,site_s3,S3,S3,S3,84.0,0.0,0.0,23.4,1,1,1,,
1786350161.997,c1,search,1600,25.042,8.51,-4.33,-13.62,S1,0,,0,4553.0,obs,514,6.49,-3.89,-13.63,S1,6.06,-4.33,-14.06,S1,8.94,-3.89,-13.18,S1,7.357,0,S1,site_s1,S1,S1,S1,128.5,128.5,0.0,23.4,1,1,1,,
1786350161.997,c1,recommend,1600,1.1,25.66,12.93,3.17,S3,0,,0,200.0,obs,680,25.66,12.93,2.9,S3,25.66,12.93,2.9,S3,25.66,12.93,3.17,S3,7.357,0,S3,site_s3,S3,S3,S3,170.0,128.5,0.0,53.6,1,1,1,,
1786350161.997,c2,reserve,,0.0,26.34,13.67,4.09,S3,0,,0,36.0,obs,337,26.34,13.67,3.65,S3,26.34,13.67,3.65,S3,26.34,13.67,4.09,S3,7.357,0,S3,site_s3,S3,S3,S3,84.5,128.5,0.0,77.1,1,1,1,,
1786350161.997,c2,search,,0.0,33.55,20.71,11.43,S3,0,,0,4553.0,obs,514,31.1,20.71,10.98,S3,31.1,20.71,10.98,S3,33.55,20.71,11.43,S3,7.357,0,S3,site_s3,S3,S3,S3,127.0,128.5,0.0,204.1,1,1,1,,
1786350161.997,c2,recommend,,0.0,26.76,14.03,4.27,S3,0,,0,200.0,obs,680,26.76,14.03,4.0,S3,26.76,14.03,4.0,S3,26.76,14.03,4.27,S3,7.357,0,S3,site_s3,S3,S3,S3,170.0,128.5,0.0,234.4,1,1,1,,
1786350162.997,c1,reserve,1600,0.198,26.14,13.47,3.92,S3,0,,0,36.0,obs,336,26.14,13.47,3.45,S3,26.14,13.47,3.45,S3,26.14,13.47,3.92,S3,7.301,0,S3,site_s3,S3,S3,S3,84.0,0.0,0.0,23.4,1,1,1,,
1786350162.997,c1,search,1600,25.042,8.0,-4.33,-13.56,S1,0,,0,4553.0,obs,516,6.49,-3.89,-13.63,S1,6.06,-4.33,-14.06,S1,8.43,-3.89,-13.13,S1,7.301,0,S1,site_s1,S1,S1,S1,129.0,129.0,0.0,23.4,1,1,1,,
1786350162.997,c1,recommend,1600,1.1,25.66,12.93,3.11,S3,0,,0,200.0,obs,678,25.66,12.93,2.9,S3,25.66,12.93,2.9,S3,25.66,12.93,3.11,S3,7.301,0,S3,site_s3,S3,S3,S3,169.5,129.0,0.0,53.5,1,1,1,,
1786350162.997,c2,reserve,,0.0,26.34,13.67,4.12,S3,0,,0,36.0,obs,336,26.34,13.67,3.65,S3,26.34,13.67,3.65,S3,26.34,13.67,4.12,S3,7.301,0,S3,site_s3,S3,S3,S3,84.0,129.0,0.0,76.9,1,1,1,,
1786350162.997,c2,search,,0.0,33.04,20.71,11.48,S3,0,,0,4553.0,obs,516,31.1,20.71,10.98,S3,31.1,20.71,10.98,S3,33.04,20.71,11.48,S3,7.301,0,S3,site_s3,S3,S3,S3,128.0,129.0,0.0,204.9,1,1,1,,
1786350162.997,c2,recommend,,0.0,26.76,14.03,4.21,S3,0,,0,200.0,obs,678,26.76,14.03,4.0,S3,26.76,14.03,4.0,S3,26.76,14.03,4.21,S3,7.301,0,S3,site_s3,S3,S3,S3,169.5,129.0,0.0,235.0,1,1,1,,
1786350163.998,c1,reserve,1600,0.198,26.14,13.47,3.94,S3,0,,0,36.0,obs,342,26.14,13.47,3.45,S3,26.14,13.47,3.45,S3,26.14,13.47,3.94,S3,7.353,0,S3,site_s3,S3,S3,S3,85.5,0.0,0.0,23.8,1,1,1,,
1786350163.998,c1,search,1600,25.044,8.0,-4.33,-13.76,S1,0,,0,4553.46,obs,513,6.49,-3.89,-13.63,S1,6.06,-4.33,-14.06,S1,8.43,-3.89,-13.32,S1,7.353,0,S1,site_s1,S1,S1,S1,129.0,129.0,0.0,23.8,1,1,1,,
1786350163.998,c1,recommend,1600,1.1,25.66,12.93,3.13,S3,0,,0,200.0,obs,675,25.66,12.93,2.9,S3,25.66,12.93,2.9,S3,25.66,12.93,3.13,S3,7.353,0,S3,site_s3,S3,S3,S3,169.0,129.0,0.0,53.9,1,1,1,,
1786350163.998,c2,reserve,,0.0,26.34,13.67,4.14,S3,0,,0,36.0,obs,342,26.34,13.67,3.65,S3,26.34,13.67,3.65,S3,26.34,13.67,4.14,S3,7.353,0,S3,site_s3,S3,S3,S3,85.5,129.0,0.0,77.6,1,1,1,,
1786350163.998,c2,search,,0.0,33.04,20.71,11.29,S3,0,,0,4553.46,obs,513,31.1,20.71,10.98,S3,31.1,20.71,10.98,S3,33.04,20.71,11.29,S3,7.353,0,S3,site_s3,S3,S3,S3,127.0,129.0,0.0,204.6,1,1,1,,
1786350163.998,c2,recommend,,0.0,26.76,14.03,4.23,S3,0,,0,200.0,obs,675,26.76,14.03,4.0,S3,26.76,14.03,4.0,S3,26.76,14.03,4.23,S3,7.353,0,S3,site_s3,S3,S3,S3,168.5,129.0,0.0,234.6,1,1,1,,
1786350164.998,c1,reserve,1600,0.198,26.14,13.47,3.94,S3,0,,0,36.0,obs,342,26.14,13.47,3.45,S3,26.14,13.47,3.45,S3,26.14,13.47,3.94,S3,8.319,0,S3,site_s3,S3,S3,S3,85.5,0.0,0.0,23.8,1,1,1,,
1786350164.998,c1,search,1600,25.043,7.77,-4.33,-13.68,S1,0,,0,4553.31,obs,512,6.49,-3.89,-13.63,S1,6.06,-4.33,-14.06,S1,8.21,-3.89,-13.25,S1,8.319,0,S1,site_s1,S1,S1,S1,128.5,128.5,0.0,23.8,1,1,1,,
1786350164.998,c1,recommend,1600,1.1,25.66,12.93,3.15,S3,0,,0,200.0,obs,678,25.66,12.93,2.9,S3,25.66,12.93,2.9,S3,25.66,12.93,3.15,S3,8.319,0,S3,site_s3,S3,S3,S3,169.5,128.5,0.0,53.9,1,1,1,,
1786350164.998,c2,reserve,,0.0,26.34,13.67,4.13,S3,0,,0,36.0,obs,342,26.34,13.67,3.65,S3,26.34,13.67,3.65,S3,26.34,13.67,4.13,S3,8.319,0,S3,site_s3,S3,S3,S3,85.5,128.5,0.0,77.7,1,1,1,,
1786350164.998,c2,search,,0.0,32.82,20.71,11.36,S3,0,,0,4553.31,obs,512,31.1,20.71,10.98,S3,31.1,20.71,10.98,S3,32.82,20.71,11.36,S3,8.319,0,S3,site_s3,S3,S3,S3,126.5,128.5,0.0,204.2,1,1,1,,
1786350164.998,c2,recommend,,0.0,26.76,14.03,4.25,S3,0,,0,200.0,obs,678,26.76,14.03,4.0,S3,26.76,14.03,4.0,S3,26.76,14.03,4.25,S3,8.319,0,S3,site_s3,S3,S3,S3,169.5,128.5,0.0,234.4,1,1,1,,
1786350165.997,c1,reserve,1600,0.198,26.14,13.47,3.93,S3,0,,0,36.0,obs,338,26.14,13.47,3.45,S3,26.14,13.47,3.45,S3,26.14,13.47,3.93,S3,7.311,0,S3,site_s3,S3,S3,S3,84.5,0.0,0.0,23.5,1,1,1,,
1786350165.997,c1,search,1600,25.042,8.16,-4.33,-13.73,S1,0,,0,4553.15,obs,513,6.49,-3.89,-13.63,S1,6.06,-4.33,-14.06,S1,8.6,-3.89,-13.29,S1,7.311,0,S1,site_s1,S1,S1,S1,128.5,128.5,0.0,23.5,1,1,1,,
1786350165.997,c1,recommend,1600,1.1,25.66,12.93,3.15,S3,0,,0,200.0,obs,682,25.66,12.93,2.9,S3,25.66,12.93,2.9,S3,25.66,12.93,3.15,S3,7.311,0,S3,site_s3,S3,S3,S3,170.5,128.5,0.0,53.8,1,1,1,,
1786350165.997,c2,reserve,,0.0,26.34,13.67,4.13,S3,0,,0,36.0,obs,338,26.34,13.67,3.65,S3,26.34,13.67,3.65,S3,26.34,13.67,4.13,S3,7.311,0,S3,site_s3,S3,S3,S3,84.5,128.5,0.0,77.3,1,1,1,,
1786350165.997,c2,search,,0.0,33.2,20.71,11.31,S3,0,,0,4553.15,obs,513,31.1,20.71,10.98,S3,31.1,20.71,10.98,S3,33.2,20.71,11.31,S3,7.311,0,S3,site_s3,S3,S3,S3,127.0,128.5,0.0,204.3,1,1,1,,
1786350165.997,c2,recommend,,0.0,26.76,14.03,4.25,S3,0,,0,200.0,obs,682,26.76,14.03,4.0,S3,26.76,14.03,4.0,S3,26.76,14.03,4.25,S3,7.311,0,S3,site_s3,S3,S3,S3,170.5,128.5,0.0,234.7,1,1,1,,
1786350166.999,c1,reserve,1600,0.198,26.14,13.47,3.93,S3,0,,0,36.0,obs,338,26.14,13.47,3.45,S3,26.14,13.47,3.45,S3,26.14,13.47,3.93,S3,8.9,0,S3,site_s3,S3,S3,S3,84.5,0.0,0.0,23.5,1,1,1,,
1786350166.999,c1,search,1600,25.041,8.23,-4.33,-13.69,S1,0,,0,4552.85,obs,515,6.49,-3.89,-13.63,S1,6.06,-4.33,-14.06,S1,8.66,-3.89,-13.26,S1,8.9,0,S1,site_s1,S1,S1,S1,128.5,128.5,0.0,23.5,1,1,1,,
1786350166.999,c1,recommend,1600,1.1,25.66,12.93,3.17,S3,0,,0,200.0,obs,682,25.66,12.93,2.9,S3,25.66,12.93,2.9,S3,25.66,12.93,3.17,S3,8.9,0,S3,site_s3,S3,S3,S3,170.5,128.5,0.0,53.8,1,1,1,,
1786350166.999,c2,reserve,,0.0,26.34,13.67,4.13,S3,0,,0,36.0,obs,338,26.34,13.67,3.65,S3,26.34,13.67,3.65,S3,26.34,13.67,4.13,S3,8.9,0,S3,site_s3,S3,S3,S3,84.5,128.5,0.0,77.3,1,1,1,,
1786350166.999,c2,search,,0.0,33.27,20.71,11.35,S3,0,,0,4552.85,obs,515,31.1,20.71,10.98,S3,31.1,20.71,10.98,S3,33.27,20.71,11.35,S3,8.9,0,S3,site_s3,S3,S3,S3,127.0,128.5,0.0,204.3,1,1,1,,
1786350166.999,c2,recommend,,0.0,26.76,14.03,4.27,S3,0,,0,200.0,obs,682,26.76,14.03,4.0,S3,26.76,14.03,4.0,S3,26.76,14.03,4.27,S3,8.9,0,S3,site_s3,S3,S3,S3,170.5,128.5,0.0,234.7,1,1,1,,
1786350167.999,c1,reserve,1600,0.198,26.14,13.47,3.89,S3,0,,0,36.0,obs,340,26.14,13.47,3.45,S3,26.14,13.47,3.45,S3,26.14,13.47,3.89,S3,8.208,0,S3,site_s3,S3,S3,S3,85.0,0.0,0.0,23.6,1,1,1,,
1786350167.999,c1,search,1600,25.042,7.96,-4.33,-13.69,S1,0,,0,4553.15,obs,517,6.49,-3.89,-13.63,S1,6.06,-4.33,-14.06,S1,8.4,-3.89,-13.26,S1,8.208,0,S1,site_s1,S1,S1,S1,129.5,129.5,0.0,23.6,1,1,1,,
1786350167.999,c1,recommend,1600,1.1,25.66,12.93,3.08,S3,0,,0,200.0,obs,675,25.66,12.93,2.9,S3,25.66,12.93,2.9,S3,25.66,12.93,3.08,S3,8.208,0,S3,site_s3,S3,S3,S3,169.5,129.5,0.0,53.8,1,1,1,,
1786350167.999,c2,reserve,1600,0.198,26.14,13.47,3.89,S3,0,,0,36.0,obs,340,26.14,13.47,3.45,S3,26.14,13.47,3.45,S3,26.14,13.47,3.89,S3,8.208,0,S3,site_s3,S3,S3,S3,85.0,129.5,0.0,77.4,1,1,1,,
1786350167.999,c2,search,1600,25.042,7.96,-4.33,-13.69,S1,1,0.89,0,4553.15,obs,517,6.49,-3.89,-13.63,S1,6.06,-4.33,-14.06,S1,8.4,-3.89,-13.26,S1,8.208,0,S1,site_s1,S1,S1,S1,128.0,257.5,0.0,77.4,1,1,1,,
1786350167.999,c2,recommend,1600,1.1,25.66,12.93,3.08,S3,0,,0,200.0,obs,675,25.66,12.93,2.9,S3,25.66,12.93,2.9,S3,25.66,12.93,3.08,S3,8.208,0,S3,site_s3,S3,S3,S3,168.0,257.5,0.0,107.3,0,1,1,,
1786350168.997,c1,reserve,1600,0.198,26.14,13.47,3.76,S3,0,,0,36.0,obs,344,26.14,13.47,3.45,S3,26.14,13.47,3.45,S3,26.14,13.47,3.76,S3,7.262,0,S3,site_s3,S3,S3,S3,86.0,0.0,0.0,23.9,1,1,1,,
1786350168.997,c1,search,1600,25.243,-22.07,-4.53,-14.26,S1,0,,1,4589.56,obs,510,6.49,-3.89,-13.63,S1,5.86,-4.53,-14.26,S1,-21.43,-3.89,-13.63,S1,7.262,0,S1,site_s1,S1,S1,S1,127.0,127.0,0.0,23.9,1,1,1,,
1786350168.997,c1,recommend,1600,1.1,25.66,12.93,3.18,S3,0,,0,200.0,obs,677,25.66,12.93,2.9,S3,25.66,12.93,2.9,S3,25.66,12.93,3.18,S3,7.262,0,S3,site_s3,S3,S3,S3,169.0,127.0,0.0,54.0,1,1,1,,
1786350168.997,c2,reserve,1600,0.198,26.14,13.47,3.76,S3,0,,0,36.0,obs,344,26.14,13.47,3.45,S3,26.14,13.47,3.45,S3,26.14,13.47,3.76,S3,7.262,0,S3,site_s3,S3,S3,S3,86.0,127.0,0.0,77.9,1,1,1,,
1786350168.997,c2,search,1600,25.243,-22.07,-4.53,-14.26,S1,0,,1,4589.56,obs,510,6.49,-3.89,-13.63,S1,5.86,-4.53,-14.26,S1,-21.43,-3.89,-13.63,S1,7.262,0,S1,site_s1,S1,S1,S1,127.0,254.0,0.0,77.9,1,1,1,,
1786350168.997,c2,recommend,1600,1.1,25.66,12.93,3.18,S3,0,,0,200.0,obs,677,25.66,12.93,2.9,S3,25.66,12.93,2.9,S3,25.66,12.93,3.18,S3,7.262,0,S3,site_s3,S3,S3,S3,169.5,254.0,0.0,108.1,0,1,1,,
1786350169.998,c1,reserve,1600,0.198,26.14,13.47,3.87,S3,0,,0,36.0,obs,338,26.14,13.47,3.45,S3,26.14,13.47,3.45,S3,26.14,13.47,3.87,S3,7.103,0,S3,site_s3,S3,S3,S3,84.5,0.0,0.0,23.5,1,1,1,,
1786350169.998,c1,search,1600,25.471,-47.03,-4.76,-14.49,S1,0,,1,4631.06,obs,504,6.49,-3.89,-13.63,S1,5.63,-4.76,-14.49,S1,-46.17,-3.89,-13.63,S1,7.103,0,S1,site_s1,S1,S1,S1,125.5,125.5,0.0,23.5,1,1,1,,
1786350169.998,c1,recommend,1600,1.1,25.66,12.93,3.29,S3,0,,0,200.0,obs,669,25.66,12.93,2.9,S3,25.66,12.93,2.9,S3,25.66,12.93,3.29,S3,7.103,0,S3,site_s3,S3,S3,S3,167.5,125.5,0.0,53.3,1,1,1,,
1786350169.998,c2,reserve,1600,0.198,26.14,13.47,3.87,S3,0,,0,36.0,obs,338,26.14,13.47,3.45,S3,26.14,13.47,3.45,S3,26.14,13.47,3.87,S3,7.103,0,S3,site_s3,S3,S3,S3,84.5,125.5,0.0,76.8,1,1,1,,
1786350169.998,c2,search,1600,25.471,-47.03,-4.76,-14.49,S1,0,,1,4631.06,obs,504,6.49,-3.89,-13.63,S1,5.63,-4.76,-14.49,S1,-46.17,-3.89,-13.63,S1,7.103,0,S1,site_s1,S1,S1,S1,125.5,251.0,0.0,76.8,1,1,1,,
1786350169.998,c2,recommend,1600,1.1,25.66,12.93,3.29,S3,0,,0,200.0,obs,669,25.66,12.93,2.9,S3,25.66,12.93,2.9,S3,25.66,12.93,3.29,S3,7.103,0,S3,site_s3,S3,S3,S3,167.0,251.0,0.0,106.5,1,1,1,,
1786350170.997,c1,reserve,1600,0.198,26.14,13.47,3.82,S3,0,,0,36.0,obs,336,26.14,13.47,3.45,S3,26.14,13.47,3.45,S3,26.14,13.47,3.82,S3,7.293,0,S3,site_s3,S3,S3,S3,83.5,0.0,0.0,23.2,1,1,1,,
1786350170.997,c1,search,1600,25.476,-52.6,-4.76,-14.5,S1,0,,1,4632.0,obs,513,6.49,-3.89,-13.63,S1,5.62,-4.76,-14.5,S1,-51.73,-3.89,-13.63,S1,7.293,0,S1,site_s1,S1,S1,S1,126.5,126.5,0.0,23.2,1,1,1,,
1786350170.997,c1,recommend,1600,1.1,25.66,12.93,3.26,S3,0,,0,200.0,obs,672,25.66,12.93,2.9,S3,25.66,12.93,2.9,S3,25.66,12.93,3.26,S3,7.293,0,S3,site_s3,S3,S3,S3,168.5,126.5,0.0,53.2,1,1,1,,
1786350170.997,c2,reserve,1600,0.198,26.14,13.47,3.82,S3,0,,0,36.0,obs,336,26.14,13.47,3.45,S3,26.14,13.47,3.45,S3,26.14,13.47,3.82,S3,7.293,0,S3,site_s3,S3,S3,S3,84.5,126.5,0.0,76.7,1,1,1,,
1786350170.997,c2,search,1600,25.476,-52.6,-4.76,-14.5,S1,0,,1,4632.0,obs,513,6.49,-3.89,-13.63,S1,5.62,-4.76,-14.5,S1,-51.73,-3.89,-13.63,S1,7.293,0,S1,site_s1,S1,S1,S1,128.5,255.0,0.0,76.7,1,1,1,,
1786350170.997,c2,recommend,1600,1.1,25.66,12.93,3.26,S3,0,,0,200.0,obs,672,25.66,12.93,2.9,S3,25.66,12.93,2.9,S3,25.66,12.93,3.26,S3,7.293,0,S3,site_s3,S3,S3,S3,167.5,255.0,0.0,106.5,0,1,1,,
1786350171.998,c1,reserve,1600,0.198,26.14,13.47,3.79,S3,0,,0,36.0,obs,344,26.14,13.47,3.45,S3,26.14,13.47,3.45,S3,26.14,13.47,3.79,S3,7.298,0,S3,site_s3,S3,S3,S3,86.0,0.0,0.0,23.9,1,1,1,,
1786350171.998,c1,search,1600,25.476,-42.75,-4.76,-14.5,S1,0,,1,4632.0,obs,514,6.49,-3.89,-13.63,S1,5.62,-4.76,-14.5,S1,-41.88,-3.89,-13.63,S1,7.298,0,S1,site_s1,S1,S1,S1,128.0,128.0,0.0,23.9,1,1,1,,
1786350171.998,c1,recommend,1600,1.1,25.66,12.93,3.3,S3,0,,0,200.0,obs,680,25.66,12.93,2.9,S3,25.66,12.93,2.9,S3,25.66,12.93,3.3,S3,7.298,0,S3,site_s3,S3,S3,S3,170.0,128.0,0.0,54.2,1,1,1,,
1786350171.998,c2,reserve,1600,0.198,26.14,13.47,3.79,S3,0,,0,36.0,obs,344,26.14,13.47,3.45,S3,26.14,13.47,3.45,S3,26.14,13.47,3.79,S3,7.298,0,S3,site_s3,S3,S3,S3,86.0,128.0,0.0,78.1,1,1,1,,
1786350171.998,c2,search,1600,25.476,-42.75,-4.76,-14.5,S1,0,,1,4632.0,obs,514,6.49,-3.89,-13.63,S1,5.62,-4.76,-14.5,S1,-41.88,-3.89,-13.63,S1,7.298,0,S1,site_s1,S1,S1,S1,129.0,257.0,0.0,78.1,1,1,1,,
1786350171.998,c2,recommend,1600,1.1,25.66,12.93,3.3,S3,0,,0,200.0,obs,680,25.66,12.93,2.9,S3,25.66,12.93,2.9,S3,25.66,12.93,3.3,S3,7.298,0,S3,site_s3,S3,S3,S3,170.0,257.0,0.0,108.3,0,1,1,,
1786350172.998,c1,reserve,1600,0.198,26.14,13.47,3.88,S3,0,,0,36.0,obs,346,26.14,13.47,3.45,S3,26.14,13.47,3.45,S3,26.14,13.47,3.88,S3,7.347,0,S3,site_s3,S3,S3,S3,86.0,0.0,0.0,23.9,1,1,1,,
1786350172.998,c1,search,1600,25.476,-40.49,-4.76,-14.5,S1,0,,1,4632.0,obs,513,6.49,-3.89,-13.63,S1,5.62,-4.76,-14.5,S1,-39.62,-3.89,-13.63,S1,7.347,0,S1,site_s1,S1,S1,S1,128.0,128.0,0.0,23.9,1,1,1,,
1786350172.998,c1,recommend,1600,1.1,25.66,12.93,3.3,S3,0,,0,200.0,obs,684,25.66,12.93,2.9,S3,25.66,12.93,2.9,S3,25.66,12.93,3.3,S3,7.347,0,S3,site_s3,S3,S3,S3,170.5,128.0,0.0,54.3,1,1,1,,
1786350172.998,c2,reserve,1600,0.198,26.14,13.47,3.88,S3,0,,0,36.0,obs,346,26.14,13.47,3.45,S3,26.14,13.47,3.45,S3,26.14,13.47,3.88,S3,7.347,0,S3,site_s3,S3,S3,S3,87.0,128.0,0.0,78.4,1,1,1,,
1786350172.998,c2,search,1600,25.476,-40.49,-4.76,-14.5,S1,0,,1,4632.0,obs,513,6.49,-3.89,-13.63,S1,5.62,-4.76,-14.5,S1,-39.62,-3.89,-13.63,S1,7.347,0,S1,site_s1,S1,S1,S1,128.5,256.5,0.0,78.4,1,1,1,,
1786350172.998,c2,recommend,1600,1.1,25.66,12.93,3.3,S3,0,,0,200.0,obs,684,25.66,12.93,2.9,S3,25.66,12.93,2.9,S3,25.66,12.93,3.3,S3,7.347,0,S3,site_s3,S3,S3,S3,171.5,256.5,0.0,109.0,0,1,1,,
1786350173.997,c1,reserve,1600,0.198,26.14,13.47,3.85,S3,0,,0,36.0,obs,343,26.14,13.47,3.45,S3,26.14,13.47,3.45,S3,26.14,13.47,3.85,S3,7.307,0,S3,site_s3,S3,S3,S3,86.0,0.0,0.0,23.9,1,1,1,,
1786350173.997,c1,search,1600,25.476,-44.22,-4.76,-14.5,S1,0,,1,4632.0,obs,511,6.49,-3.89,-13.63,S1,5.62,-4.76,-14.5,S1,-43.35,-3.89,-13.63,S1,7.307,0,S1,site_s1,S1,S1,S1,127.5,127.5,0.0,23.9,1,1,1,,
1786350173.997,c1,recommend,1600,1.1,25.66,12.93,3.32,S3,0,,0,200.0,obs,690,25.66,12.93,2.9,S3,25.66,12.93,2.9,S3,25.66,12.93,3.32,S3,7.307,0,S3,site_s3,S3,S3,S3,172.0,127.5,0.0,54.5,1,1,1,,
1786350173.997,c2,reserve,1600,0.198,26.14,13.47,3.85,S3,0,,0,36.0,obs,343,26.14,13.47,3.45,S3,26.14,13.47,3.45,S3,26.14,13.47,3.85,S3,7.307,0,S3,site_s3,S3,S3,S3,85.5,127.5,0.0,78.3,1,1,1,,
1786350173.997,c2,search,1600,25.476,-44.22,-4.76,-14.5,S1,0,,1,4632.0,obs,511,6.49,-3.89,-13.63,S1,5.62,-4.76,-14.5,S1,-43.35,-3.89,-13.63,S1,7.307,0,S1,site_s1,S1,S1,S1,127.5,255.0,0.0,78.3,1,1,1,,
1786350173.997,c2,recommend,1600,1.1,25.66,12.93,3.32,S3,0,,0,200.0,obs,690,25.66,12.93,2.9,S3,25.66,12.93,2.9,S3,25.66,12.93,3.32,S3,7.307,0,S3,site_s3,S3,S3,S3,173.0,255.0,0.0,109.1,0,1,1,,
1786350174.997,c1,reserve,1600,0.198,26.14,13.47,3.81,S3,0,,0,36.0,obs,340,26.14,13.47,3.45,S3,26.14,13.47,3.45,S3,26.14,13.47,3.81,S3,7.283,0,S3,site_s3,S3,S3,S3,85.0,0.0,0.0,23.6,1,1,1,,
1786350174.997,c1,search,1600,25.476,-41.34,-4.76,-14.5,S1,0,,1,4632.0,obs,514,6.49,-3.89,-13.63,S1,5.62,-4.76,-14.5,S1,-40.47,-3.89,-13.63,S1,7.283,0,S1,site_s1,S1,S1,S1,129.0,129.0,0.0,23.6,1,1,1,,
1786350174.997,c1,recommend,1600,1.1,25.66,12.93,3.32,S3,0,,0,200.0,obs,684,25.66,12.93,2.9,S3,25.66,12.93,2.9,S3,25.66,12.93,3.32,S3,7.283,0,S3,site_s3,S3,S3,S3,171.5,129.0,0.0,54.2,1,1,1,,
1786350174.997,c2,reserve,1600,0.198,26.14,13.47,3.81,S3,0,,0,36.0,obs,340,26.14,13.47,3.45,S3,26.14,13.47,3.45,S3,26.14,13.47,3.81,S3,7.283,0,S3,site_s3,S3,S3,S3,85.0,129.0,0.0,77.8,1,1,1,,
1786350174.997,c2,search,1600,25.476,-41.34,-4.76,-14.5,S1,0,,1,4632.0,obs,514,6.49,-3.89,-13.63,S1,5.62,-4.76,-14.5,S1,-40.47,-3.89,-13.63,S1,7.283,0,S1,site_s1,S1,S1,S1,128.0,257.0,0.0,77.8,1,1,1,,
1786350174.997,c2,recommend,1600,1.1,25.66,12.93,3.32,S3,0,,0,200.0,obs,684,25.66,12.93,2.9,S3,25.66,12.93,2.9,S3,25.66,12.93,3.32,S3,7.283,0,S3,site_s3,S3,S3,S3,170.5,257.0,0.0,108.1,0,1,1,,
1786350175.998,c1,reserve,1600,0.198,26.14,13.47,3.83,S3,0,,0,36.0,obs,339,26.14,13.47,3.45,S3,26.14,13.47,3.45,S3,26.14,13.47,3.83,S3,7.31,0,S3,site_s3,S3,S3,S3,85.0,0.0,0.0,23.6,1,1,1,,
1786350175.998,c1,search,1600,25.476,-41.92,-4.76,-14.5,S1,0,,1,4632.0,obs,514,6.49,-3.89,-13.63,S1,5.62,-4.76,-14.5,S1,-41.05,-3.89,-13.63,S1,7.31,0,S1,site_s1,S1,S1,S1,126.5,126.5,0.0,23.6,1,1,1,,
1786350175.998,c1,recommend,1600,1.1,25.66,12.93,3.32,S3,0,,0,200.0,obs,679,25.66,12.93,2.9,S3,25.66,12.93,2.9,S3,25.66,12.93,3.32,S3,7.31,0,S3,site_s3,S3,S3,S3,169.5,126.5,0.0,53.8,1,1,1,,
1786350175.998,c2,reserve,1600,0.198,26.14,13.47,3.83,S3,0,,0,36.0,obs,339,26.14,13.47,3.45,S3,26.14,13.47,3.45,S3,26.14,13.47,3.83,S3,7.31,0,S3,site_s3,S3,S3,S3,84.5,126.5,0.0,77.3,1,1,1,,
1786350175.998,c2,search,1600,25.476,-41.92,-4.76,-14.5,S1,0,,1,4632.0,obs,514,6.49,-3.89,-13.63,S1,5.62,-4.76,-14.5,S1,-41.05,-3.89,-13.63,S1,7.31,0,S1,site_s1,S1,S1,S1,128.5,255.0,0.0,77.3,1,1,1,,
1786350175.998,c2,recommend,1600,1.1,25.66,12.93,3.32,S3,0,,0,200.0,obs,679,25.66,12.93,2.9,S3,25.66,12.93,2.9,S3,25.66,12.93,3.32,S3,7.31,0,S3,site_s3,S3,S3,S3,170.0,255.0,0.0,107.6,0,1,1,,
1786350176.998,c1,reserve,1600,0.198,26.14,13.47,3.84,S3,0,,0,36.0,obs,341,26.14,13.47,3.45,S3,26.14,13.47,3.45,S3,26.14,13.47,3.84,S3,7.448,0,S3,site_s3,S3,S3,S3,84.5,0.0,0.0,23.5,1,1,1,,
1786350176.998,c1,search,1600,25.476,-45.14,-4.76,-14.5,S1,0,,1,4632.0,obs,501,6.49,-3.89,-13.63,S1,5.62,-4.76,-14.5,S1,-44.27,-3.89,-13.63,S1,7.448,0,S1,site_s1,S1,S1,S1,125.5,125.5,0.0,23.5,1,1,1,,
1786350176.998,c1,recommend,1600,1.1,25.66,12.93,3.33,S3,0,,0,200.0,obs,679,25.66,12.93,2.9,S3,25.66,12.93,2.9,S3,25.66,12.93,3.33,S3,7.448,0,S3,site_s3,S3,S3,S3,170.0,125.5,0.0,53.8,1,1,1,,
1786350176.998,c2,reserve,1600,0.198,26.14,13.47,3.84,S3,0,,0,36.0,obs,341,26.14,13.47,3.45,S3,26.14,13.47,3.45,S3,26.14,13.47,3.84,S3,7.448,0,S3,site_s3,S3,S3,S3,86.0,125.5,0.0,77.7,1,1,1,,
1786350176.998,c2,search,1600,25.476,-45.14,-4.76,-14.5,S1,0,,1,4632.0,obs,501,6.49,-3.89,-13.63,S1,5.62,-4.76,-14.5,S1,-44.27,-3.89,-13.63,S1,7.448,0,S1,site_s1,S1,S1,S1,125.0,250.5,0.0,77.7,1,1,1,,
1786350176.998,c2,recommend,1600,1.1,25.66,12.93,3.33,S3,0,,0,200.0,obs,679,25.66,12.93,2.9,S3,25.66,12.93,2.9,S3,25.66,12.93,3.33,S3,7.448,0,S3,site_s3,S3,S3,S3,169.5,250.5,0.0,107.8,1,1,1,,
1786350177.999,c1,reserve,1600,0.198,26.14,13.47,3.87,S3,0,,0,36.0,obs,345,26.14,13.47,3.45,S3,26.14,13.47,3.45,S3,26.14,13.47,3.87,S3,7.65,0,S3,site_s3,S3,S3,S3,86.5,0.0,0.0,24.0,1,1,1,,
1786350177.999,c1,search,1600,25.476,-47.62,-4.76,-14.5,S1,0,,1,4632.0,obs,511,6.49,-3.89,-13.63,S1,5.62,-4.76,-14.5,S1,-46.75,-3.89,-13.63,S1,7.65,0,S1,site_s1,S1,S1,S1,128.0,128.0,0.0,24.0,1,1,1,,
1786350177.999,c1,recommend,1600,1.1,25.66,12.93,3.25,S3,0,,0,200.0,obs,692,25.66,12.93,2.9,S3,25.66,12.93,2.9,S3,25.66,12.93,3.25,S3,7.65,0,S3,site_s3,S3,S3,S3,173.5,128.0,0.0,54.9,1,1,1,,
1786350177.999,c2,reserve,1600,0.198,26.14,13.47,3.87,S3,0,,0,36.0,obs,345,26.14,13.47,3.45,S3,26.14,13.47,3.45,S3,26.14,13.47,3.87,S3,7.65,0,S3,site_s3,S3,S3,S3,86.0,128.0,0.0,78.8,1,1,1,,
1786350177.999,c2,search,1600,25.476,-47.62,-4.76,-14.5,S1,0,,1,4632.0,obs,511,6.49,-3.89,-13.63,S1,5.62,-4.76,-14.5,S1,-46.75,-3.89,-13.63,S1,7.65,0,S1,site_s1,S1,S1,S1,127.0,255.0,0.0,78.8,1,1,1,,
1786350177.999,c2,recommend,1600,1.1,25.66,12.93,3.25,S3,0,,0,200.0,obs,692,25.66,12.93,2.9,S3,25.66,12.93,2.9,S3,25.66,12.93,3.25,S3,7.65,0,S3,site_s3,S3,S3,S3,172.5,255.0,0.0,109.5,0,1,1,,
1786350178.998,c1,reserve,1600,0.198,26.14,13.47,3.81,S3,0,,0,36.0,obs,338,26.14,13.47,3.45,S3,26.14,13.47,3.45,S3,26.14,13.47,3.81,S3,7.397,0,S3,site_s3,S3,S3,S3,85.0,0.0,0.0,23.6,1,1,1,,
1786350178.998,c1,search,1600,25.476,-61.51,-4.76,-14.5,S1,0,,1,4632.0,obs,511,6.49,-3.89,-13.63,S1,5.62,-4.76,-14.5,S1,-60.64,-3.89,-13.63,S1,7.397,0,S1,site_s1,S1,S1,S1,127.0,127.0,0.0,23.6,1,1,1,,
1786350178.998,c1,recommend,1600,1.1,25.66,12.93,3.29,S3,0,,0,200.0,obs,678,25.66,12.93,2.9,S3,25.66,12.93,2.9,S3,25.66,12.93,3.29,S3,7.397,0,S3,site_s3,S3,S3,S3,172.5,127.0,0.0,54.3,1,1,1,,
1786350178.998,c2,reserve,1600,0.198,26.14,13.47,3.81,S3,0,,0,36.0,obs,338,26.14,13.47,3.45,S3,26.14,13.47,3.45,S3,26.14,13.47,3.81,S3,7.397,0,S3,site_s3,S3,S3,S3,84.0,127.0,0.0,77.7,1,1,1,,
1786350178.998,c2,search,1600,25.476,-61.51,-4.76,-14.5,S1,0,,1,4632.0,obs,511,6.49,-3.89,-13.63,S1,5.62,-4.76,-14.5,S1,-60.64,-3.89,-13.63,S1,7.397,0,S1,site_s1,S1,S1,S1,128.0,255.0,0.0,77.7,1,1,1,,
1786350178.998,c2,recommend,1600,1.1,25.66,12.93,3.29,S3,0,,0,200.0,obs,678,25.66,12.93,2.9,S3,25.66,12.93,2.9,S3,25.66,12.93,3.29,S3,7.397,0,S3,site_s3,S3,S3,S3,166.5,255.0,0.0,107.3,0,1,1,,
1786350179.998,c1,reserve,1600,0.198,26.14,13.47,3.86,S3,0,,0,36.0,obs,336,26.14,13.47,3.45,S3,26.14,13.47,3.45,S3,26.14,13.47,3.86,S3,7.513,0,S3,site_s3,S3,S3,S3,84.5,0.0,0.0,23.5,1,1,1,,
1786350179.998,c1,search,1600,25.476,-69.13,-4.76,-14.5,S1,0,,1,4632.0,obs,502,6.49,-3.89,-13.63,S1,5.62,-4.76,-14.5,S1,-68.26,-3.89,-13.63,S1,7.513,0,S1,site_s1,S1,S1,S1,125.5,125.5,0.0,23.5,1,1,1,,
1786350179.998,c1,recommend,1600,1.1,25.66,12.93,3.31,S3,0,,0,200.0,obs,663,25.66,12.93,2.9,S3,25.66,12.93,2.9,S3,25.66,12.93,3.31,S3,7.513,0,S3,site_s3,S3,S3,S3,166.0,125.5,0.0,53.0,1,1,1,,
1786350179.998,c2,reserve,1600,0.198,26.14,13.47,3.86,S3,0,,0,36.0,obs,336,26.14,13.47,3.45,S3,26.14,13.47,3.45,S3,26.14,13.47,3.86,S3,7.513,0,S3,site_s3,S3,S3,S3,83.5,125.5,0.0,76.3,1,1,1,,
1786350179.998,c2,search,1600,25.476,-69.13,-4.76,-14.5,S1,0,,1,4632.0,obs,502,6.49,-3.89,-13.63,S1,5.62,-4.76,-14.5,S1,-68.26,-3.89,-13.63,S1,7.513,0,S1,site_s1,S1,S1,S1,125.5,251.0,0.0,76.3,1,1,1,,
1786350179.998,c2,recommend,1600,1.1,25.66,12.93,3.31,S3,0,,0,200.0,obs,663,25.66,12.93,2.9,S3,25.66,12.93,2.9,S3,25.66,12.93,3.31,S3,7.513,0,S3,site_s3,S3,S3,S3,165.5,251.0,0.0,105.7,1,1,1,,
1786350180.999,c1,reserve,1600,0.198,26.14,13.47,3.92,S3,0,,0,36.0,obs,341,26.14,13.47,3.45,S3,26.14,13.47,3.45,S3,26.14,13.47,3.92,S3,8.032,0,S3,site_s3,S3,S3,S3,84.0,0.0,0.0,23.4,1,1,1,,
1786350180.999,c1,search,1600,25.476,-57.55,-4.76,-14.5,S1,0,,1,4632.0,obs,504,6.49,-3.89,-13.63,S1,5.62,-4.76,-14.5,S1,-56.69,-3.89,-13.63,S1,8.032,0,S1,site_s1,S1,S1,S1,126.0,126.0,0.0,23.4,1,1,1,,
1786350180.999,c1,recommend,1600,1.1,25.66,12.93,3.31,S3,0,,0,200.0,obs,677,25.66,12.93,2.9,S3,25.66,12.93,2.9,S3,25.66,12.93,3.31,S3,8.032,0,S3,site_s3,S3,S3,S3,170.5,126.0,0.0,53.7,1,1,1,,
1786350180.999,c2,reserve,1600,0.198,26.14,13.47,3.92,S3,0,,0,36.0,obs,341,26.14,13.47,3.45,S3,26.14,13.47,3.45,S3,26.14,13.47,3.92,S3,8.032,0,S3,site_s3,S3,S3,S3,86.5,126.0,0.0,77.7,1,1,1,,
1786350180.999,c2,search,1600,25.476,-57.55,-4.76,-14.5,S1,0,,1,4632.0,obs,504,6.49,-3.89,-13.63,S1,5.62,-4.76,-14.5,S1,-56.69,-3.89,-13.63,S1,8.032,0,S1,site_s1,S1,S1,S1,125.5,251.5,0.0,77.7,1,1,1,,
1786350180.999,c2,recommend,1600,1.1,25.66,12.93,3.31,S3,0,,0,200.0,obs,677,25.66,12.93,2.9,S3,25.66,12.93,2.9,S3,25.66,12.93,3.31,S3,8.032,0,S3,site_s3,S3,S3,S3,168.0,251.5,0.0,107.7,0,1,1,,
1786350181.999,c1,reserve,1600,0.198,26.14,13.47,3.88,S3,0,,0,36.0,obs,341,26.14,13.47,3.45,S3,26.14,13.47,3.45,S3,26.14,13.47,3.88,S3,7.805,0,S3,site_s3,S3,S3,S3,85.5,0.0,0.0,23.8,1,1,1,,
1786350181.999,c1,search,1600,25.476,-53.44,-4.76,-14.5,S1,0,,1,4632.0,obs,517,6.49,-3.89,-13.63,S1,5.62,-4.76,-14.5,S1,-52.58,-3.89,-13.63,S1,7.805,0,S1,site_s1,S1,S1,S1,127.5,127.5,0.0,23.8,1,1,1,,
1786350181.999,c1,recommend,1600,1.1,25.66,12.93,3.29,S3,0,,0,200.0,obs,696,25.66,12.93,2.9,S3,25.66,12.93,2.9,S3,25.66,12.93,3.29,S3,7.805,0,S3,site_s3,S3,S3,S3,174.0,127.5,0.0,54.7,1,1,1,,
1786350181.999,c2,reserve,1600,0.198,26.14,13.47,3.88,S3,0,,0,36.0,obs,341,26.14,13.47,3.45,S3,26.14,13.47,3.45,S3,26.14,13.47,3.88,S3,7.805,0,S3,site_s3,S3,S3,S3,85.0,127.5,0.0,78.4,1,1,1,,
1786350181.999,c2,search,1600,25.476,-53.44,-4.76,-14.5,S1,0,,1,4632.0,obs,517,6.49,-3.89,-13.63,S1,5.62,-4.76,-14.5,S1,-52.58,-3.89,-13.63,S1,7.805,0,S1,site_s1,S1,S1,S1,130.5,258.0,0.0,78.4,1,1,1,,
1786350181.999,c2,recommend,1600,1.1,25.66,12.93,3.29,S3,0,,0,200.0,obs,696,25.66,12.93,2.9,S3,25.66,12.93,2.9,S3,25.66,12.93,3.29,S3,7.805,0,S3,site_s3,S3,S3,S3,174.0,258.0,0.0,109.3,0,1,1,,
1786350182.999,c1,reserve,1600,0.198,26.14,13.47,3.89,S3,0,,0,36.0,obs,343,26.14,13.47,3.45,S3,26.14,13.47,3.45,S3,26.14,13.47,3.89,S3,8.129,0,S3,site_s3,S3,S3,S3,84.0,0.0,0.0,23.4,1,1,1,,
1786350182.999,c1,search,1600,25.476,-51.75,-4.76,-14.5,S1,0,,1,4632.0,obs,520,6.49,-3.89,-13.63,S1,5.62,-4.76,-14.5,S1,-50.89,-3.89,-13.63,S1,8.129,0,S1,site_s1,S1,S1,S1,129.5,129.5,0.0,23.4,1,1,1,,
1786350182.999,c1,recommend,1600,1.1,25.66,12.93,3.32,S3,0,,0,200.0,obs,683,25.66,12.93,2.9,S3,25.66,12.93,2.9,S3,25.66,12.93,3.32,S3,8.129,0,S3,site_s3,S3,S3,S3,172.0,129.5,0.0,54.0,1,1,1,,
1786350182.999,c2,reserve,1600,0.198,26.14,13.47,3.89,S3,0,,0,36.0,obs,343,26.14,13.47,3.45,S3,26.14,13.47,3.45,S3,26.14,13.47,3.89,S3,8.129,0,S3,site_s3,S3,S3,S3,87.5,129.5,0.0,78.3,1,1,1,,
1786350182.999,c2,search,1600,25.476,-51.75,-4.76,-14.5,S1,0,,1,4632.0,obs,520,6.49,-3.89,-13.63,S1,5.62,-4.76,-14.5,S1,-50.89,-3.89,-13.63,S1,8.129,0,S1,site_s1,S1,S1,S1,129.5,259.0,0.0,78.3,1,1,1,,
1786350182.999,c2,recommend,1600,1.1,25.66,12.93,3.32,S3,0,,0,200.0,obs,683,25.66,12.93,2.9,S3,25.66,12.93,2.9,S3,25.66,12.93,3.32,S3,8.129,0,S3,site_s3,S3,S3,S3,169.5,259.0,0.0,108.5,0,1,1,,
1786350183.999,c1,reserve,1600,0.198,26.14,13.47,3.85,S3,0,,0,36.0,obs,342,26.14,13.47,3.45,S3,26.14,13.47,3.45,S3,26.14,13.47,3.85,S3,7.598,0,S3,site_s3,S3,S3,S3,85.5,0.0,0.0,23.8,1,1,1,,
1786350183.999,c1,search,1600,25.476,-48.4,-4.76,-14.5,S1,0,,1,4632.0,obs,515,6.49,-3.89,-13.63,S1,5.62,-4.76,-14.5,S1,-47.53,-3.89,-13.63,S1,7.598,0,S1,site_s1,S1,S1,S1,128.0,128.0,0.0,23.8,1,1,1,,
1786350183.999,c1,recommend,1600,1.1,25.66,12.93,3.29,S3,0,,0,200.0,obs,686,25.66,12.93,2.9,S3,25.66,12.93,2.9,S3,25.66,12.93,3.29,S3,7.598,0,S3,site_s3,S3,S3,S3,171.0,128.0,0.0,54.2,1,1,1,,
1786350183.999,c2,reserve,1600,0.198,26.14,13.47,3.85,S3,0,,0,36.0,obs,342,26.14,13.47,3.45,S3,26.14,13.47,3.45,S3,26.14,13.47,3.85,S3,7.598,0,S3,site_s3,S3,S3,S3,85.5,128.0,0.0,78.0,1,1,1,,
1786350183.999,c2,search,1600,25.476,-48.4,-4.76,-14.5,S1,0,,1,4632.0,obs,515,6.49,-3.89,-13.63,S1,5.62,-4.76,-14.5,S1,-47.53,-3.89,-13.63,S1,7.598,0,S1,site_s1,S1,S1,S1,129.5,257.5,0.0,78.0,1,1,1,,
1786350183.999,c2,recommend,1600,1.1,25.66,12.93,3.29,S3,0,,0,200.0,obs,686,25.66,12.93,2.9,S3,25.66,12.93,2.9,S3,25.66,12.93,3.29,S3,7.598,0,S3,site_s3,S3,S3,S3,172.0,257.5,0.0,108.6,0,1,1,,
1786350184.999,c1,reserve,1600,0.198,26.14,13.47,3.84,S3,0,,0,36.0,obs,348,26.14,13.47,3.45,S3,26.14,13.47,3.45,S3,26.14,13.47,3.84,S3,7.891,0,S3,site_s3,S3,S3,S3,87.5,0.0,0.0,24.3,1,1,1,,
1786350184.999,c1,search,1600,25.476,-47.87,-4.76,-14.5,S1,0,,1,4632.0,obs,519,6.49,-3.89,-13.63,S1,5.62,-4.76,-14.5,S1,-47.0,-3.89,-13.63,S1,7.891,0,S1,site_s1,S1,S1,S1,128.5,128.5,0.0,24.3,1,1,1,,
1786350184.999,c1,recommend,1600,1.1,25.66,12.93,3.31,S3,0,,0,200.0,obs,688,25.66,12.93,2.9,S3,25.66,12.93,2.9,S3,25.66,12.93,3.31,S3,7.891,0,S3,site_s3,S3,S3,S3,170.0,128.5,0.0,54.6,1,1,1,,
1786350184.999,c2,reserve,1600,0.198,26.14,13.47,3.84,S3,0,,0,36.0,obs,348,26.14,13.47,3.45,S3,26.14,13.47,3.45,S3,26.14,13.47,3.84,S3,7.891,0,S3,site_s3,S3,S3,S3,86.5,128.5,0.0,78.6,1,1,1,,
1786350184.999,c2,search,1600,25.476,-47.87,-4.76,-14.5,S1,0,,1,4632.0,obs,519,6.49,-3.89,-13.63,S1,5.62,-4.76,-14.5,S1,-47.0,-3.89,-13.63,S1,7.891,0,S1,site_s1,S1,S1,S1,130.0,258.5,0.0,78.6,1,1,1,,
1786350184.999,c2,recommend,1600,1.1,25.66,12.93,3.31,S3,0,,0,200.0,obs,688,25.66,12.93,2.9,S3,25.66,12.93,2.9,S3,25.66,12.93,3.31,S3,7.891,0,S3,site_s3,S3,S3,S3,174.0,258.5,0.0,109.6,0,1,1,,
1786350185.999,c1,reserve,1600,0.198,26.14,13.47,3.78,S3,0,,0,36.0,obs,346,26.14,13.47,3.45,S3,26.14,13.47,3.45,S3,26.14,13.47,3.78,S3,7.646,0,S3,site_s3,S3,S3,S3,87.0,0.0,0.0,24.2,1,1,1,,
1786350185.999,c1,search,1600,25.476,-51.69,-4.76,-14.5,S1,0,,1,4632.0,obs,516,6.49,-3.89,-13.63,S1,5.62,-4.76,-14.5,S1,-50.82,-3.89,-13.63,S1,7.646,0,S1,site_s1,S1,S1,S1,128.0,128.0,0.0,24.2,1,1,1,,
1786350185.999,c1,recommend,1600,1.1,25.66,12.93,3.3,S3,0,,0,200.0,obs,695,25.66,12.93,2.9,S3,25.66,12.93,2.9,S3,25.66,12.93,3.3,S3,7.646,0,S3,site_s3,S3,S3,S3,174.0,128.0,0.0,55.2,1,1,1,,
1786350185.999,c2,reserve,1600,0.198,26.14,13.47,3.78,S3,0,,0,36.0,obs,346,26.14,13.47,3.45,S3,26.14,13.47,3.45,S3,26.14,13.47,3.78,S3,7.646,0,S3,site_s3,S3,S3,S3,86.0,128.0,0.0,79.1,1,1,1,,
1786350185.999,c2,search,1600,25.476,-51.69,-4.76,-14.5,S1,0,,1,4632.0,obs,516,6.49,-3.89,-13.63,S1,5.62,-4.76,-14.5,S1,-50.82,-3.89,-13.63,S1,7.646,0,S1,site_s1,S1,S1,S1,130.0,258.0,0.0,79.1,1,1,1,,
1786350185.999,c2,recommend,1600,1.1,25.66,12.93,3.3,S3,0,,0,200.0,obs,695,25.66,12.93,2.9,S3,25.66,12.93,2.9,S3,25.66,12.93,3.3,S3,7.646,0,S3,site_s3,S3,S3,S3,173.5,258.0,0.0,109.9,0,1,1,,
1786350186.999,c1,reserve,1600,0.198,26.14,13.47,3.8,S3,0,,0,36.0,obs,345,26.14,13.47,3.45,S3,26.14,13.47,3.45,S3,26.14,13.47,3.8,S3,8.106,0,S3,site_s3,S3,S3,S3,86.0,0.0,0.0,23.9,1,1,1,,
1786350186.999,c1,search,1600,25.476,-48.72,-4.76,-14.5,S1,0,,1,4632.0,obs,511,6.49,-3.89,-13.63,S1,5.62,-4.76,-14.5,S1,-47.85,-3.89,-13.63,S1,8.106,0,S1,site_s1,S1,S1,S1,126.5,126.5,0.0,23.9,1,1,1,,
1786350186.999,c1,recommend,1600,1.1,25.66,12.93,3.31,S3,0,,0,200.0,obs,693,25.66,12.93,2.9,S3,25.66,12.93,2.9,S3,25.66,12.93,3.31,S3,8.106,0,S3,site_s3,S3,S3,S3,173.5,126.5,0.0,54.8,1,1,1,,
1786350186.999,c2,reserve,1600,0.198,26.14,13.47,3.8,S3,0,,0,36.0,obs,345,26.14,13.47,3.45,S3,26.14,13.47,3.45,S3,26.14,13.47,3.8,S3,8.106,0,S3,site_s3,S3,S3,S3,86.5,126.5,0.0,78.8,1,1,1,,
1786350186.999,c2,search,1600,25.476,-48.72,-4.76,-14.5,S1,0,,1,4632.0,obs,511,6.49,-3.89,-13.63,S1,5.62,-4.76,-14.5,S1,-47.85,-3.89,-13.63,S1,8.106,0,S1,site_s1,S1,S1,S1,129.0,255.5,0.0,78.8,1,1,1,,
1786350186.999,c2,recommend,1600,1.1,25.66,12.93,3.31,S3,0,,0,200.0,obs,693,25.66,12.93,2.9,S3,25.66,12.93,2.9,S3,25.66,12.93,3.31,S3,8.106,0,S3,site_s3,S3,S3,S3,173.0,255.5,0.0,109.6,0,1,1,,
1786350187.999,c1,reserve,1600,0.198,26.14,13.47,3.86,S3,0,,0,36.0,obs,348,26.14,13.47,3.45,S3,26.14,13.47,3.45,S3,26.14,13.47,3.86,S3,7.73,0,S3,site_s3,S3,S3,S3,86.0,0.0,0.0,23.9,1,1,1,,
1786350187.999,c1,search,1600,25.476,-42.83,-4.76,-14.5,S1,0,,1,4632.0,obs,519,6.49,-3.89,-13.63,S1,5.62,-4.76,-14.5,S1,-41.96,-3.89,-13.63,S1,7.73,0,S1,site_s1,S1,S1,S1,130.5,130.5,0.0,23.9,1,1,1,,
1786350187.999,c1,recommend,1600,1.1,25.66,12.93,3.31,S3,0,,0,200.0,obs,700,25.66,12.93,2.9,S3,25.66,12.93,2.9,S3,25.66,12.93,3.31,S3,7.73,0,S3,site_s3,S3,S3,S3,173.0,130.5,0.0,54.7,1,1,1,,
1786350187.999,c2,reserve,1600,0.198,26.14,13.47,3.86,S3,0,,0,36.0,obs,348,26.14,13.47,3.45,S3,26.14,13.47,3.45,S3,26.14,13.47,3.86,S3,7.73,0,S3,site_s3,S3,S3,S3,88.0,130.5,0.0,79.2,1,1,1,,
1786350187.999,c2,search,1600,25.476,-42.83,-4.76,-14.5,S1,0,,1,4632.0,obs,519,6.49,-3.89,-13.63,S1,5.62,-4.76,-14.5,S1,-41.96,-3.89,-13.63,S1,7.73,0,S1,site_s1,S1,S1,S1,129.0,259.5,0.0,79.2,1,1,1,,
1786350187.999,c2,recommend,1600,1.1,25.66,12.93,3.31,S3,0,,0,200.0,obs,700,25.66,12.93,2.9,S3,25.66,12.93,2.9,S3,25.66,12.93,3.31,S3,7.73,0,S3,site_s3,S3,S3,S3,177.0,259.5,0.0,110.7,0,1,1,,
1786350188.999,c1,reserve,1600,0.198,26.14,13.47,3.85,S3,0,,0,36.0,obs,351,26.14,13.47,3.45,S3,26.14,13.47,3.45,S3,26.14,13.47,3.85,S3,7.955,0,S3,site_s3,S3,S3,S3,88.5,0.0,0.0,24.6,1,1,1,,
1786350188.999,c1,search,1600,25.476,-40.73,-4.76,-14.5,S1,0,,1,4632.0,obs,520,6.49,-3.89,-13.63,S1,5.62,-4.76,-14.5,S1,-39.86,-3.89,-13.63,S1,7.955,0,S1,site_s1,S1,S1,S1,129.5,129.5,0.0,24.6,1,1,1,,
1786350188.999,c1,recommend,1600,1.1,25.66,12.93,3.3,S3,0,,0,200.0,obs,698,25.66,12.93,2.9,S3,25.66,12.93,2.9,S3,25.66,12.93,3.3,S3,7.955,0,S3,site_s3,S3,S3,S3,176.0,129.5,0.0,55.9,1,1,1,,
1786350188.999,c2,reserve,1600,0.198,26.14,13.47,3.85,S3,0,,0,36.0,obs,351,26.14,13.47,3.45,S3,26.14,13.47,3.45,S3,26.14,13.47,3.85,S3,7.955,0,S3,site_s3,S3,S3,S3,87.0,129.5,0.0,80.1,1,1,1,,
1786350188.999,c2,search,1600,25.476,-40.73,-4.76,-14.5,S1,0,,1,4632.0,obs,520,6.49,-3.89,-13.63,S1,5.62,-4.76,-14.5,S1,-39.86,-3.89,-13.63,S1,7.955,0,S1,site_s1,S1,S1,S1,130.5,260.0,0.0,80.1,1,1,1,,
1786350188.999,c2,recommend,1600,1.1,25.66,12.93,3.3,S3,0,,0,200.0,obs,698,25.66,12.93,2.9,S3,25.66,12.93,2.9,S3,25.66,12.93,3.3,S3,7.955,0,S3,site_s3,S3,S3,S3,173.0,260.0,0.0,110.9,0,1,1,,
1786350189.998,c1,reserve,1600,0.198,26.14,13.47,3.79,S3,0,,0,36.0,obs,341,26.14,13.47,3.45,S3,26.14,13.47,3.45,S3,26.14,13.47,3.79,S3,7.258,0,S3,site_s3,S3,S3,S3,86.0,0.0,0.0,23.9,1,1,1,,
1786350189.998,c1,search,1600,25.476,-59.32,-4.76,-14.5,S1,0,,1,4632.0,obs,512,6.49,-3.89,-13.63,S1,5.62,-4.76,-14.5,S1,-58.45,-3.89,-13.63,S1,7.258,0,S1,site_s1,S1,S1,S1,128.0,128.0,0.0,23.9,1,1,1,,
1786350189.998,c1,recommend,1600,1.1,25.66,12.93,3.23,S3,0,,0,200.0,obs,678,25.66,12.93,2.9,S3,25.66,12.93,2.9,S3,25.66,12.93,3.23,S3,7.258,0,S3,site_s3,S3,S3,S3,169.5,128.0,0.0,54.1,1,1,1,,
1786350189.998,c2,reserve,1600,0.198,26.14,13.47,3.79,S3,0,,0,36.0,obs,341,26.14,13.47,3.45,S3,26.14,13.47,3.45,S3,26.14,13.47,3.79,S3,7.258,0,S3,site_s3,S3,S3,S3,84.5,128.0,0.0,77.6,1,1,1,,
1786350189.998,c2,search,1600,25.476,-59.32,-4.76,-14.5,S1,0,,1,4632.0,obs,512,6.49,-3.89,-13.63,S1,5.62,-4.76,-14.5,S1,-58.45,-3.89,-13.63,S1,7.258,0,S1,site_s1,S1,S1,S1,127.5,255.5,0.0,77.6,1,1,1,,
1786350189.998,c2,recommend,1600,1.1,25.66,12.93,3.23,S3,0,,0,200.0,obs,678,25.66,12.93,2.9,S3,25.66,12.93,2.9,S3,25.66,12.93,3.23,S3,7.258,0,S3,site_s3,S3,S3,S3,169.5,255.5,0.0,107.7,0,1,1,,
1786350190.998,c1,reserve,1600,0.198,26.14,13.47,3.81,S3,0,,0,36.0,obs,338,26.14,13.47,3.45,S3,26.14,13.47,3.45,S3,26.14,13.47,3.81,S3,7.285,0,S3,site_s3,S3,S3,S3,83.0,0.0,0.0,23.1,1,1,1,,
1786350190.998,c1,search,1600,25.476,-67.39,-4.76,-14.5,S1,0,,1,4632.0,obs,505,6.49,-3.89,-13.63,S1,5.62,-4.76,-14.5,S1,-66.53,-3.89,-13.63,S1,7.285,0,S1,site_s1,S1,S1,S1,125.0,125.0,0.0,23.1,1,1,1,,
1786350190.998,c1,recommend,1600,1.1,25.66,12.93,3.25,S3,0,,0,200.0,obs,677,25.66,12.93,2.9,S3,25.66,12.93,2.9,S3,25.66,12.93,3.25,S3,7.285,0,S3,site_s3,S3,S3,S3,168.5,125.0,0.0,53.1,1,1,1,,
1786350190.998,c2,reserve,1600,0.198,26.14,13.47,3.81,S3,0,,0,36.0,obs,338,26.14,13.47,3.45,S3,26.14,13.47,3.45,S3,26.14,13.47,3.81,S3,7.285,0,S3,site_s3,S3,S3,S3,86.0,125.0,0.0,77.0,1,1,1,,
1786350190.998,c2,search,1600,25.476,-67.39,-4.76,-14.5,S1,0,,1,4632.0,obs,505,6.49,-3.89,-13.63,S1,5.62,-4.76,-14.5,S1,-66.53,-3.89,-13.63,S1,7.285,0,S1,site_s1,S1,S1,S1,127.5,252.5,0.0,77.0,1,1,1,,
1786350190.998,c2,recommend,1600,1.1,25.66,12.93,3.25,S3,0,,0,200.0,obs,677,25.66,12.93,2.9,S3,25.66,12.93,2.9,S3,25.66,12.93,3.25,S3,7.285,0,S3,site_s3,S3,S3,S3,170.0,252.5,0.0,107.2,0,1,1,,
1786350191.997,c1,reserve,1600,0.198,26.14,13.47,3.91,S3,0,,0,36.0,obs,340,26.14,13.47,3.45,S3,26.14,13.47,3.45,S3,26.14,13.47,3.91,S3,7.307,0,S3,site_s3,S3,S3,S3,83.5,0.0,0.0,23.2,1,1,1,,
1786350191.997,c1,search,1600,25.476,-57.47,-4.76,-14.5,S1,0,,1,4632.0,obs,512,6.49,-3.89,-13.63,S1,5.62,-4.76,-14.5,S1,-56.6,-3.89,-13.63,S1,7.307,0,S1,site_s1,S1,S1,S1,127.0,127.0,0.0,23.2,1,1,1,,
1786350191.997,c1,recommend,1600,1.1,25.66,12.93,3.31,S3,0,,0,200.0,obs,683,25.66,12.93,2.9,S3,25.66,12.93,2.9,S3,25.66,12.93,3.31,S3,7.307,0,S3,site_s3,S3,S3,S3,170.0,127.0,0.0,53.5,1,1,1,,
1786350191.997,c2,reserve,1600,0.198,26.14,13.47,3.91,S3,0,,0,36.0,obs,340,26.14,13.47,3.45,S3,26.14,13.47,3.45,S3,26.14,13.47,3.91,S3,7.307,0,S3,site_s3,S3,S3,S3,86.5,127.0,0.0,77.5,1,1,1,,
1786350191.997,c2,search,1600,25.476,-57.47,-4.76,-14.5,S1,0,,1,4632.0,obs,512,6.49,-3.89,-13.63,S1,5.62,-4.76,-14.5,S1,-56.6,-3.89,-13.63,S1,7.307,0,S1,site_s1,S1,S1,S1,129.0,256.0,0.0,77.5,1,1,1,,
1786350191.997,c2,recommend,1600,1.1,25.66,12.93,3.31,S3,0,,0,200.0,obs,683,25.66,12.93,2.9,S3,25.66,12.93,2.9,S3,25.66,12.93,3.31,S3,7.307,0,S3,site_s3,S3,S3,S3,171.5,256.0,0.0,108.0,0,1,1,,
1786350192.998,c1,reserve,1600,0.198,26.14,13.47,3.86,S3,0,,0,36.0,obs,345,26.14,13.47,3.45,S3,26.14,13.47,3.45,S3,26.14,13.47,3.86,S3,7.348,0,S3,site_s3,S3,S3,S3,86.0,0.0,0.0,23.9,1,1,1,,
1786350192.998,c1,search,1600,25.476,-50.07,-4.76,-14.5,S1,0,,1,4632.0,obs,517,6.49,-3.89,-13.63,S1,5.62,-4.76,-14.5,S1,-49.2,-3.89,-13.63,S1,7.348,0,S1,site_s1,S1,S1,S1,130.0,130.0,0.0,23.9,1,1,1,,
1786350192.998,c1,recommend,1600,1.1,25.66,12.93,3.34,S3,0,,0,200.0,obs,695,25.66,12.93,2.9,S3,25.66,12.93,2.9,S3,25.66,12.93,3.34,S3,7.348,0,S3,site_s3,S3,S3,S3,172.5,130.0,0.0,54.6,1,1,1,,
1786350192.998,c2,reserve,1600,0.198,26.14,13.47,3.86,S3,0,,0,36.0,obs,345,26.14,13.47,3.45,S3,26.14,13.47,3.45,S3,26.14,13.47,3.86,S3,7.348,0,S3,site_s3,S3,S3,S3,86.5,130.0,0.0,78.7,1,1,1,,
1786350192.998,c2,search,1600,25.476,-50.07,-4.76,-14.5,S1,0,,1,4632.0,obs,517,6.49,-3.89,-13.63,S1,5.62,-4.76,-14.5,S1,-49.2,-3.89,-13.63,S1,7.348,0,S1,site_s1,S1,S1,S1,128.5,258.5,0.0,78.7,1,1,1,,
1786350192.998,c2,recommend,1600,1.1,25.66,12.93,3.34,S3,0,,0,200.0,obs,695,25.66,12.93,2.9,S3,25.66,12.93,2.9,S3,25.66,12.93,3.34,S3,7.348,0,S3,site_s3,S3,S3,S3,175.0,258.5,0.0,109.8,0,1,1,,
1786350193.999,c1,reserve,1600,0.198,26.14,13.47,3.79,S3,0,,0,36.0,obs,352,26.14,13.47,3.45,S3,26.14,13.47,3.45,S3,26.14,13.47,3.79,S3,8.04,0,S3,site_s3,S3,S3,S3,87.5,0.0,0.0,24.3,1,1,1,,
1786350193.999,c1,search,1600,25.476,-47.12,-4.76,-14.5,S1,0,,1,4632.0,obs,522,6.49,-3.89,-13.63,S1,5.62,-4.76,-14.5,S1,-46.25,-3.89,-13.63,S1,8.04,0,S1,site_s1,S1,S1,S1,130.0,130.0,0.0,24.3,1,1,1,,
1786350193.999,c1,recommend,1600,1.1,25.66,12.93,3.29,S3,0,,0,200.0,obs,697,25.66,12.93,2.9,S3,25.66,12.93,2.9,S3,25.66,12.93,3.29,S3,8.04,0,S3,site_s3,S3,S3,S3,173.5,130.0,0.0,55.2,1,1,1,,
1786350193.999,c2,reserve,1600,0.198,26.14,13.47,3.79,S3,0,,0,36.0,obs,352,26.14,13.47,3.45,S3,26.14,13.47,3.45,S3,26.14,13.47,3.79,S3,8.04,0,S3,site_s3,S3,S3,S3,88.5,130.0,0.0,79.8,1,1,1,,
1786350193.999,c2,search,1600,25.476,-47.12,-4.76,-14.5,S1,0,,1,4632.0,obs,522,6.49,-3.89,-13.63,S1,5.62,-4.76,-14.5,S1,-46.25,-3.89,-13.63,S1,8.04,0,S1,site_s1,S1,S1,S1,131.0,261.0,0.0,79.8,1,1,1,,
1786350193.999,c2,recommend,1600,1.1,25.66,12.93,3.29,S3,0,,0,200.0,obs,697,25.66,12.93,2.9,S3,25.66,12.93,2.9,S3,25.66,12.93,3.29,S3,8.04,0,S3,site_s3,S3,S3,S3,175.0,261.0,0.0,111.0,0,1,1,,
1786350194.998,c1,reserve,1600,0.198,26.14,13.47,3.72,S3,0,,0,36.0,obs,348,26.14,13.47,3.45,S3,26.14,13.47,3.45,S3,26.14,13.47,3.72,S3,7.33,0,S3,site_s3,S3,S3,S3,87.5,0.0,0.0,24.3,1,1,1,,
1786350194.998,c1,search,1600,25.476,-46.62,-4.76,-14.5,S1,0,,1,4632.0,obs,522,6.49,-3.89,-13.63,S1,5.62,-4.76,-14.5,S1,-45.75,-3.89,-13.63,S1,7.33,0,S1,site_s1,S1,S1,S1,130.5,130.5,0.0,24.3,1,1,1,,
1786350194.998,c1,recommend,1600,1.1,25.66,12.93,3.28,S3,0,,0,200.0,obs,701,25.66,12.93,2.9,S3,25.66,12.93,2.9,S3,25.66,12.93,3.28,S3,7.33,0,S3,site_s3,S3,S3,S3,175.5,130.5,0.0,55.6,1,1,1,,
1786350194.998,c2,reserve,1600,0.198,26.14,13.47,3.72,S3,0,,0,36.0,obs,348,26.14,13.47,3.45,S3,26.14,13.47,3.45,S3,26.14,13.47,3.72,S3,7.33,0,S3,site_s3,S3,S3,S3,86.5,130.5,0.0,79.6,1,1,1,,
1786350194.998,c2,search,1600,25.476,-46.62,-4.76,-14.5,S1,0,,1,4632.0,obs,522,6.49,-3.89,-13.63,S1,5.62,-4.76,-14.5,S1,-45.75,-3.89,-13.63,S1,7.33,0,S1,site_s1,S1,S1,S1,130.5,261.0,0.0,79.6,1,1,1,,
1786350194.998,c2,recommend,1600,1.1,25.66,12.93,3.28,S3,0,,0,200.0,obs,701,25.66,12.93,2.9,S3,25.66,12.93,2.9,S3,25.66,12.93,3.28,S3,7.33,0,S3,site_s3,S3,S3,S3,175.0,261.0,0.0,110.8,0,1,1,,
1786350195.999,c1,reserve,1600,0.198,26.14,13.47,3.81,S3,0,,0,36.0,obs,346,26.14,13.47,3.45,S3,26.14,13.47,3.45,S3,26.14,13.47,3.81,S3,8.234,0,S3,site_s3,S3,S3,S3,86.5,0.0,0.0,24.0,1,1,1,,
1786350195.999,c1,search,1600,25.476,-51.64,-4.76,-14.5,S1,0,,1,4632.0,obs,515,6.49,-3.89,-13.63,S1,5.62,-4.76,-14.5,S1,-50.77,-3.89,-13.63,S1,8.234,0,S1,site_s1,S1,S1,S1,127.5,127.5,0.0,24.0,1,1,1,,
1786350195.999,c1,recommend,1600,1.1,25.66,12.93,3.31,S3,0,,0,200.0,obs,692,25.66,12.93,2.9,S3,25.66,12.93,2.9,S3,25.66,12.93,3.31,S3,8.234,0,S3,site_s3,S3,S3,S3,175.5,127.5,0.0,55.3,1,1,1,,
1786350195.999,c2,reserve,1600,0.198,26.14,13.47,3.81,S3,0,,0,36.0,obs,346,26.14,13.47,3.45,S3,26.14,13.47,3.45,S3,26.14,13.47,3.81,S3,8.234,0,S3,site_s3,S3,S3,S3,86.5,127.5,0.0,79.3,1,1,1,,
1786350195.999,c2,search,1600,25.476,-51.64,-4.76,-14.5,S1,0,,1,4632.0,obs,515,6.49,-3.89,-13.63,S1,5.62,-4.76,-14.5,S1,-50.77,-3.89,-13.63,S1,8.234,0,S1,site_s1,S1,S1,S1,128.5,256.0,0.0,79.3,1,1,1,,
1786350195.999,c2,recommend,1600,1.1,25.66,12.93,3.31,S3,0,,0,200.0,obs,692,25.66,12.93,2.9,S3,25.66,12.93,2.9,S3,25.66,12.93,3.31,S3,8.234,0,S3,site_s3,S3,S3,S3,170.5,256.0,0.0,109.7,0,1,1,,
1786350196.997,c1,reserve,1600,0.198,26.14,13.47,3.82,S3,0,,0,36.0,obs,342,26.14,13.47,3.45,S3,26.14,13.47,3.45,S3,26.14,13.47,3.82,S3,7.382,0,S3,site_s3,S3,S3,S3,85.5,0.0,0.0,23.8,1,1,1,,
1786350196.997,c1,search,1600,25.476,-52.42,-4.76,-14.5,S1,0,,1,4632.0,obs,522,6.49,-3.89,-13.63,S1,5.62,-4.76,-14.5,S1,-51.55,-3.89,-13.63,S1,7.382,0,S1,site_s1,S1,S1,S1,131.0,131.0,0.0,23.8,1,1,1,,
1786350196.997,c1,recommend,1600,1.1,25.66,12.93,3.3,S3,0,,0,200.0,obs,687,25.66,12.93,2.9,S3,25.66,12.93,2.9,S3,25.66,12.93,3.3,S3,7.382,0,S3,site_s3,S3,S3,S3,173.5,131.0,0.0,54.7,1,1,1,,
1786350196.997,c2,reserve,1600,0.198,26.14,13.47,3.82,S3,0,,0,36.0,obs,342,26.14,13.47,3.45,S3,26.14,13.47,3.45,S3,26.14,13.47,3.82,S3,7.382,0,S3,site_s3,S3,S3,S3,85.5,131.0,0.0,78.4,1,1,1,,
1786350196.997,c2,search,1600,25.476,-52.42,-4.76,-14.5,S1,0,,1,4632.0,obs,522,6.49,-3.89,-13.63,S1,5.62,-4.76,-14.5,S1,-51.55,-3.89,-13.63,S1,7.382,0,S1,site_s1,S1,S1,S1,130.0,261.0,0.0,78.4,1,1,1,,
1786350196.997,c2,recommend,1600,1.1,25.66,12.93,3.3,S3,0,,0,200.0,obs,687,25.66,12.93,2.9,S3,25.66,12.93,2.9,S3,25.66,12.93,3.3,S3,7.382,0,S3,site_s3,S3,S3,S3,170.0,261.0,0.0,108.7,0,1,1,,
1786350197.998,c1,reserve,1600,0.198,26.14,13.47,3.66,S3,0,,0,36.0,obs,349,26.14,13.47,3.45,S3,26.14,13.47,3.45,S3,26.14,13.47,3.66,S3,7.395,0,S3,site_s3,S3,S3,S3,87.0,0.0,0.0,24.2,1,1,1,,
1786350197.998,c1,search,1600,25.476,-49.86,-4.76,-14.5,S1,0,,1,4632.0,obs,521,6.49,-3.89,-13.63,S1,5.62,-4.76,-14.5,S1,-49.0,-3.89,-13.63,S1,7.395,0,S1,site_s1,S1,S1,S1,130.5,130.5,0.0,24.2,1,1,1,,
1786350197.998,c1,recommend,1600,1.1,25.66,12.93,3.22,S3,0,,0,200.0,obs,704,25.66,12.93,2.9,S3,25.66,12.93,2.9,S3,25.66,12.93,3.22,S3,7.395,0,S3,site_s3,S3,S3,S3,174.0,130.5,0.0,55.2,1,1,1,,
1786350197.998,c2,reserve,1600,0.198,26.14,13.47,3.66,S3,0,,0,36.0,obs,349,26.14,13.47,3.45,S3,26.14,13.47,3.45,S3,26.14,13.47,3.66,S3,7.395,0,S3,site_s3,S3,S3,S3,87.5,130.5,0.0,79.5,1,1,1,,
1786350197.998,c2,search,1600,25.476,-49.86,-4.76,-14.5,S1,0,,1,4632.0,obs,521,6.49,-3.89,-13.63,S1,5.62,-4.76,-14.5,S1,-49.0,-3.89,-13.63,S1,7.395,0,S1,site_s1,S1,S1,S1,130.0,260.5,0.0,79.5,1,1,1,,
1786350197.998,c2,recommend,1600,1.1,25.66,12.93,3.22,S3,0,,0,200.0,obs,704,25.66,12.93,2.9,S3,25.66,12.93,2.9,S3,25.66,12.93,3.22,S3,7.395,0,S3,site_s3,S3,S3,S3,178.0,260.5,0.0,111.2,0,1,1,,
1786350198.999,c1,reserve,1600,0.198,26.14,13.47,3.77,S3,0,,0,36.0,obs,348,26.14,13.47,3.45,S3,26.14,13.47,3.45,S3,26.14,13.47,3.77,S3,7.971,0,S3,site_s3,S3,S3,S3,87.0,0.0,0.0,24.2,1,1,1,,
1786350198.999,c1,search,1600,25.476,-44.71,-4.76,-14.5,S1,0,,1,4632.0,obs,520,6.49,-3.89,-13.63,S1,5.62,-4.76,-14.5,S1,-43.84,-3.89,-13.63,S1,7.971,0,S1,site_s1,S1,S1,S1,131.5,131.5,0.0,24.2,1,1,1,,
1786350198.999,c1,recommend,1600,1.1,25.66,12.93,3.28,S3,0,,0,200.0,obs,694,25.66,12.93,2.9,S3,25.66,12.93,2.9,S3,25.66,12.93,3.28,S3,7.971,0,S3,site_s3,S3,S3,S3,174.0,131.5,0.0,55.2,1,1,1,,
1786350198.999,c2,reserve,1600,0.198,26.14,13.47,3.77,S3,0,,0,36.0,obs,348,26.14,13.47,3.45,S3,26.14,13.47,3.45,S3,26.14,13.47,3.77,S3,7.971,0,S3,site_s3,S3,S3,S3,87.0,131.5,0.0,79.3,1,1,1,,
1786350198.999,c2,search,1600,25.476,-44.71,-4.76,-14.5,S1,0,,1,4632.0,obs,520,6.49,-3.89,-13.63,S1,5.62,-4.76,-14.5,S1,-43.84,-3.89,-13.63,S1,7.971,0,S1,site_s1,S1,S1,S1,128.5,260.0,0.0,79.3,1,1,1,,
1786350198.999,c2,recommend,1600,1.1,25.66,12.93,3.28,S3,0,,0,200.0,obs,694,25.66,12.93,2.9,S3,25.66,12.93,2.9,S3,25.66,12.93,3.28,S3,7.971,0,S3,site_s3,S3,S3,S3,173.0,260.0,0.0,110.1,0,1,1,,
1786350199.998,c1,reserve,1600,0.198,26.14,13.47,3.79,S3,0,,0,36.0,obs,344,26.14,13.47,3.45,S3,26.14,13.47,3.45,S3,26.14,13.47,3.79,S3,7.149,0,S3,site_s3,S3,S3,S3,86.5,0.0,0.0,24.0,1,1,1,,
1786350199.998,c1,search,1600,25.476,-54.54,-4.76,-14.5,S1,0,,1,4632.0,obs,513,6.49,-3.89,-13.63,S1,5.62,-4.76,-14.5,S1,-53.67,-3.89,-13.63,S1,7.149,0,S1,site_s1,S1,S1,S1,129.5,129.5,0.0,24.0,1,1,1,,
1786350199.998,c1,recommend,1600,1.1,25.66,12.93,3.27,S3,0,,0,200.0,obs,687,25.66,12.93,2.9,S3,25.66,12.93,2.9,S3,25.66,12.93,3.27,S3,7.149,0,S3,site_s3,S3,S3,S3,172.5,129.5,0.0,54.8,1,1,1,,
1786350199.998,c2,reserve,1600,0.198,26.14,13.47,3.79,S3,0,,0,36.0,obs,344,26.14,13.47,3.45,S3,26.14,13.47,3.45,S3,26.14,13.47,3.79,S3,7.149,0,S3,site_s3,S3,S3,S3,85.5,129.5,0.0,78.5,1,1,1,,
1786350199.998,c2,search,1600,25.476,-54.54,-4.76,-14.5,S1,0,,1,4632.0,obs,513,6.49,-3.89,-13.63,S1,5.62,-4.76,-14.5,S1,-53.67,-3.89,-13.63,S1,7.149,0,S1,site_s1,S1,S1,S1,127.0,256.5,0.0,78.5,1,1,1,,
1786350199.998,c2,recommend,1600,1.1,25.66,12.93,3.27,S3,0,,0,200.0,obs,687,25.66,12.93,2.9,S3,25.66,12.93,2.9,S3,25.66,12.93,3.27,S3,7.149,0,S3,site_s3,S3,S3,S3,171.0,256.5,0.0,109.0,0,1,1,,
1786350200.998,c1,reserve,1600,0.198,26.14,13.47,3.82,S3,0,,0,36.0,obs,341,26.14,13.47,3.45,S3,26.14,13.47,3.45,S3,26.14,13.47,3.82,S3,7.24,0,S3,site_s3,S3,S3,S3,85.0,0.0,0.0,23.6,1,1,1,,
1786350200.998,c1,search,1600,25.476,-56.42,-4.76,-14.5,S1,0,,1,4632.0,obs,512,6.49,-3.89,-13.63,S1,5.62,-4.76,-14.5,S1,-55.55,-3.89,-13.63,S1,7.24,0,S1,site_s1,S1,S1,S1,126.5,126.5,0.0,23.6,1,1,1,,
1786350200.998,c1,recommend,1600,1.1,25.66,12.93,3.27,S3,0,,0,200.0,obs,684,25.66,12.93,2.9,S3,25.66,12.93,2.9,S3,25.66,12.93,3.27,S3,7.24,0,S3,site_s3,S3,S3,S3,170.0,126.5,0.0,53.9,1,1,1,,
1786350200.998,c2,reserve,1600,0.198,26.14,13.47,3.82,S3,0,,0,36.0,obs,341,26.14,13.47,3.45,S3,26.14,13.47,3.45,S3,26.14,13.47,3.82,S3,7.24,0,S3,site_s3,S3,S3,S3,85.5,126.5,0.0,77.7,1,1,1,,
1786350200.998,c2,search,1600,25.476,-56.42,-4.76,-14.5,S1,0,,1,4632.0,obs,512,6.49,-3.89,-13.63,S1,5.62,-4.76,-14.5,S1,-55.55,-3.89,-13.63,S1,7.24,0,S1,site_s1,S1,S1,S1,129.0,255.5,0.0,77.7,1,1,1,,
1786350200.998,c2,recommend,1600,1.1,25.66,12.93,3.27,S3,0,,0,200.0,obs,684,25.66,12.93,2.9,S3,25.66,12.93,2.9,S3,25.66,12.93,3.27,S3,7.24,0,S3,site_s3,S3,S3,S3,172.0,255.5,0.0,108.3,0,1,1,,
1786350201.999,c1,reserve,1600,0.198,26.14,13.47,3.85,S3,0,,0,36.0,obs,346,26.14,13.47,3.45,S3,26.14,13.47,3.45,S3,26.14,13.47,3.85,S3,7.705,0,S3,site_s3,S3,S3,S3,85.5,0.0,0.0,23.8,1,1,1,,
1786350201.999,c1,search,1600,25.476,-51.33,-4.76,-14.5,S1,0,,1,4632.0,obs,519,6.49,-3.89,-13.63,S1,5.62,-4.76,-14.5,S1,-50.46,-3.89,-13.63,S1,7.705,0,S1,site_s1,S1,S1,S1,129.0,129.0,0.0,23.8,1,1,1,,
1786350201.999,c1,recommend,1600,1.1,25.66,12.93,3.28,S3,0,,0,200.0,obs,692,25.66,12.93,2.9,S3,25.66,12.93,2.9,S3,25.66,12.93,3.28,S3,7.705,0,S3,site_s3,S3,S3,S3,171.5,129.0,0.0,54.3,1,1,1,,
1786350201.999,c2,reserve,1600,0.198,26.14,13.47,3.85,S3,0,,0,36.0,obs,346,26.14,13.47,3.45,S3,26.14,13.47,3.45,S3,26.14,13.47,3.85,S3,7.705,0,S3,site_s3,S3,S3,S3,87.5,129.0,0.0,78.6,1,1,1,,
1786350201.999,c2,search,1600,25.476,-51.33,-4.76,-14.5,S1,0,,1,4632.0,obs,519,6.49,-3.89,-13.63,S1,5.62,-4.76,-14.5,S1,-50.46,-3.89,-13.63,S1,7.705,0,S1,site_s1,S1,S1,S1,130.5,259.5,0.0,78.6,1,1,1,,
1786350201.999,c2,recommend,1600,1.1,25.66,12.93,3.28,S3,0,,0,200.0,obs,692,25.66,12.93,2.9,S3,25.66,12.93,2.9,S3,25.66,12.93,3.28,S3,7.705,0,S3,site_s3,S3,S3,S3,174.5,259.5,0.0,109.7,0,1,1,,
1786350202.999,c1,reserve,1600,0.198,26.14,13.47,3.75,S3,0,,0,36.0,obs,348,26.14,13.47,3.45,S3,26.14,13.47,3.45,S3,26.14,13.47,3.75,S3,7.88,0,S3,site_s3,S3,S3,S3,87.5,0.0,0.0,24.3,1,1,1,,
1786350202.999,c1,search,1600,25.476,-50.71,-4.76,-14.5,S1,0,,1,4632.0,obs,525,6.49,-3.89,-13.63,S1,5.62,-4.76,-14.5,S1,-49.84,-3.89,-13.63,S1,7.88,0,S1,site_s1,S1,S1,S1,132.0,132.0,0.0,24.3,1,1,1,,
1786350202.999,c1,recommend,1600,1.1,25.66,12.93,3.28,S3,0,,0,200.0,obs,698,25.66,12.93,2.9,S3,25.66,12.93,2.9,S3,25.66,12.93,3.28,S3,7.88,0,S3,site_s3,S3,S3,S3,174.5,132.0,0.0,55.4,1,1,1,,
1786350202.999,c2,reserve,1600,0.198,26.14,13.47,3.75,S3,0,,0,36.0,obs,348,26.14,13.47,3.45,S3,26.14,13.47,3.45,S3,26.14,13.47,3.75,S3,7.88,0,S3,site_s3,S3,S3,S3,86.5,132.0,0.0,79.4,1,1,1,,
1786350202.999,c2,search,1600,25.476,-50.71,-4.76,-14.5,S1,0,,1,4632.0,obs,525,6.49,-3.89,-13.63,S1,5.62,-4.76,-14.5,S1,-49.84,-3.89,-13.63,S1,7.88,0,S1,site_s1,S1,S1,S1,130.0,262.0,0.0,79.4,1,1,1,,
1786350202.999,c2,recommend,1600,1.1,25.66,12.93,3.28,S3,0,,0,200.0,obs,698,25.66,12.93,2.9,S3,25.66,12.93,2.9,S3,25.66,12.93,3.28,S3,7.88,0,S3,site_s3,S3,S3,S3,174.5,262.0,0.0,110.5,0,1,1,,
1786350203.999,c1,reserve,1600,0.198,26.14,13.47,3.81,S3,0,,0,36.0,obs,350,26.14,13.47,3.45,S3,26.14,13.47,3.45,S3,26.14,13.47,3.81,S3,7.616,0,S3,site_s3,S3,S3,S3,88.0,0.0,0.0,24.5,1,1,1,,
1786350203.999,c1,search,1600,25.476,-45.25,-4.76,-14.5,S1,0,,1,4632.0,obs,519,6.49,-3.89,-13.63,S1,5.62,-4.76,-14.5,S1,-44.38,-3.89,-13.63,S1,7.616,0,S1,site_s1,S1,S1,S1,129.5,129.5,0.0,24.5,1,1,1,,
1786350203.999,c1,recommend,1600,1.1,25.66,12.93,3.29,S3,0,,0,200.0,obs,704,25.66,12.93,2.9,S3,25.66,12.93,2.9,S3,25.66,12.93,3.29,S3,7.616,0,S3,site_s3,S3,S3,S3,175.5,129.5,0.0,55.7,1,1,1,,
1786350203.999,c2,reserve,1600,0.198,26.14,13.47,3.81,S3,0,,0,36.0,obs,350,26.14,13.47,3.45,S3,26.14,13.47,3.45,S3,26.14,13.47,3.81,S3,7.616,0,S3,site_s3,S3,S3,S3,87.0,129.5,0.0,79.9,1,1,1,,
1786350203.999,c2,search,1600,25.476,-45.25,-4.76,-14.5,S1,0,,1,4632.0,obs,519,6.49,-3.89,-13.63,S1,5.62,-4.76,-14.5,S1,-44.38,-3.89,-13.63,S1,7.616,0,S1,site_s1,S1,S1,S1,129.5,259.0,0.0,79.9,1,1,1,,
1786350203.999,c2,recommend,1600,1.1,25.66,12.93,3.29,S3,0,,0,200.0,obs,704,25.66,12.93,2.9,S3,25.66,12.93,2.9,S3,25.66,12.93,3.29,S3,7.616,0,S3,site_s3,S3,S3,S3,176.5,259.0,0.0,111.3,0,1,1,,
1786350204.998,c1,reserve,1600,0.198,26.14,13.47,3.89,S3,0,,0,36.0,obs,349,26.14,13.47,3.45,S3,26.14,13.47,3.45,S3,26.14,13.47,3.89,S3,7.319,0,S3,site_s3,S3,S3,S3,87.0,0.0,0.0,24.2,1,1,1,,
1786350204.998,c1,search,1600,25.476,-48.46,-4.76,-14.5,S1,0,,1,4632.0,obs,523,6.49,-3.89,-13.63,S1,5.62,-4.76,-14.5,S1,-47.59,-3.89,-13.63,S1,7.319,0,S1,site_s1,S1,S1,S1,130.0,130.0,0.0,24.2,1,1,1,,
1786350204.998,c1,recommend,1600,1.1,25.66,12.93,3.32,S3,0,,0,200.0,obs,700,25.66,12.93,2.9,S3,25.66,12.93,2.9,S3,25.66,12.93,3.32,S3,7.319,0,S3,site_s3,S3,S3,S3,176.0,130.0,0.0,55.5,1,1,1,,
1786350204.998,c2,reserve,1600,0.198,26.14,13.47,3.89,S3,0,,0,36.0,obs,349,26.14,13.47,3.45,S3,26.14,13.47,3.45,S3,26.14,13.47,3.89,S3,7.319,0,S3,site_s3,S3,S3,S3,87.5,130.0,0.0,79.8,1,1,1,,
1786350204.998,c2,search,1600,25.476,-48.46,-4.76,-14.5,S1,0,,1,4632.0,obs,523,6.49,-3.89,-13.63,S1,5.62,-4.76,-14.5,S1,-47.59,-3.89,-13.63,S1,7.319,0,S1,site_s1,S1,S1,S1,131.0,261.0,0.0,79.8,1,1,1,,
1786350204.998,c2,recommend,1600,1.1,25.66,12.93,3.32,S3,0,,0,200.0,obs,700,25.66,12.93,2.9,S3,25.66,12.93,2.9,S3,25.66,12.93,3.32,S3,7.319,0,S3,site_s3,S3,S3,S3,174.0,261.0,0.0,110.8,0,1,1,,
1786350205.999,c1,reserve,1600,0.198,26.14,13.47,3.88,S3,0,,0,36.0,obs,344,26.14,13.47,3.45,S3,26.14,13.47,3.45,S3,26.14,13.47,3.88,S3,7.817,0,S3,site_s3,S3,S3,S3,85.5,0.0,0.0,23.8,1,1,1,,
1786350205.999,c1,search,1600,25.476,-47.53,-4.76,-14.5,S1,0,,1,4632.0,obs,523,6.49,-3.89,-13.63,S1,5.62,-4.76,-14.5,S1,-46.66,-3.89,-13.63,S1,7.817,0,S1,site_s1,S1,S1,S1,130.5,130.5,0.0,23.8,1,1,1,,
1786350205.999,c1,recommend,1600,1.1,25.66,12.93,3.32,S3,0,,0,200.0,obs,696,25.66,12.93,2.9,S3,25.66,12.93,2.9,S3,25.66,12.93,3.32,S3,7.817,0,S3,site_s3,S3,S3,S3,174.0,130.5,0.0,54.7,1,1,1,,
1786350205.999,c2,reserve,1600,0.198,26.14,13.47,3.88,S3,0,,0,36.0,obs,344,26.14,13.47,3.45,S3,26.14,13.47,3.45,S3,26.14,13.47,3.88,S3,7.817,0,S3,site_s3,S3,S3,S3,86.5,130.5,0.0,78.8,1,1,1,,
1786350205.999,c2,search,1600,25.476,-47.53,-4.76,-14.5,S1,0,,1,4632.0,obs,523,6.49,-3.89,-13.63,S1,5.62,-4.76,-14.5,S1,-46.66,-3.89,-13.63,S1,7.817,0,S1,site_s1,S1,S1,S1,131.0,261.5,0.0,78.8,1,1,1,,
1786350205.999,c2,recommend,1600,1.1,25.66,12.93,3.32,S3,0,,0,200.0,obs,696,25.66,12.93,2.9,S3,25.66,12.93,2.9,S3,25.66,12.93,3.32,S3,7.817,0,S3,site_s3,S3,S3,S3,174.0,261.5,0.0,109.8,0,1,1,,
1786350206.999,c1,reserve,1600,0.198,26.14,13.47,3.85,S3,0,,0,36.0,obs,346,26.14,13.47,3.45,S3,26.14,13.47,3.45,S3,26.14,13.47,3.85,S3,7.849,0,S3,site_s3,S3,S3,S3,87.0,0.0,0.0,24.2,1,1,1,,
1786350206.999,c1,search,1600,25.476,-47.35,-4.76,-14.5,S1,0,,1,4632.0,obs,529,6.49,-3.89,-13.63,S1,5.62,-4.76,-14.5,S1,-46.48,-3.89,-13.63,S1,7.849,0,S1,site_s1,S1,S1,S1,132.5,132.5,0.0,24.2,1,1,1,,
1786350206.999,c1,recommend,1600,1.1,25.66,12.93,3.31,S3,0,,0,200.0,obs,699,25.66,12.93,2.9,S3,25.66,12.93,2.9,S3,25.66,12.93,3.31,S3,7.849,0,S3,site_s3,S3,S3,S3,174.0,132.5,0.0,55.2,1,1,1,,
1786350206.999,c2,reserve,1600,0.198,26.14,13.47,3.85,S3,0,,0,36.0,obs,346,26.14,13.47,3.45,S3,26.14,13.47,3.45,S3,26.14,13.47,3.85,S3,7.849,0,S3,site_s3,S3,S3,S3,86.0,132.5,0.0,79.1,1,1,1,,
1786350206.999,c2,search,1600,25.476,-47.35,-4.76,-14.5,S1,0,,1,4632.0,obs,529,6.49,-3.89,-13.63,S1,5.62,-4.76,-14.5,S1,-46.48,-3.89,-13.63,S1,7.849,0,S1,site_s1,S1,S1,S1,130.0,262.5,0.0,79.1,1,1,1,,
1786350206.999,c2,recommend,1600,1.1,25.66,12.93,3.31,S3,0,,0,200.0,obs,699,25.66,12.93,2.9,S3,25.66,12.93,2.9,S3,25.66,12.93,3.31,S3,7.849,0,S3,site_s3,S3,S3,S3,175.5,262.5,0.0,110.3,0,1,1,,
1786350207.998,c1,reserve,1600,0.198,26.14,13.47,3.87,S3,0,,0,36.0,obs,355,26.14,13.47,3.45,S3,26.14,13.47,3.45,S3,26.14,13.47,3.87,S3,7.371,0,S3,site_s3,S3,S3,S3,89.0,0.0,0.0,24.7,1,1,1,,
1786350207.998,c1,search,1600,25.476,-45.4,-4.76,-14.5,S1,0,,1,4632.0,obs,527,6.49,-3.89,-13.63,S1,5.62,-4.76,-14.5,S1,-44.53,-3.89,-13.63,S1,7.371,0,S1,site_s1,S1,S1,S1,132.0,132.0,0.0,24.7,1,1,1,,
1786350207.998,c1,recommend,1600,1.1,25.66,12.93,3.2,S3,0,,0,200.0,obs,702,25.66,12.93,2.9,S3,25.66,12.93,2.9,S3,25.66,12.93,3.2,S3,7.371,0,S3,site_s3,S3,S3,S3,176.0,132.0,0.0,56.1,1,1,1,,
1786350207.998,c2,reserve,1600,0.198,26.14,13.47,3.87,S3,0,,0,36.0,obs,355,26.14,13.47,3.45,S3,26.14,13.47,3.45,S3,26.14,13.47,3.87,S3,7.371,0,S3,site_s3,S3,S3,S3,88.5,132.0,0.0,80.7,1,1,1,,
1786350207.998,c2,search,1600,25.476,-45.4,-4.76,-14.5,S1,0,,1,4632.0,obs,527,6.49,-3.89,-13.63,S1,5.62,-4.76,-14.5,S1,-44.53,-3.89,-13.63,S1,7.371,0,S1,site_s1,S1,S1,S1,131.5,263.5,0.0,80.7,1,1,1,,
1786350207.998,c2,recommend,1600,1.1,25.66,12.93,3.2,S3,0,,0,200.0,obs,702,25.66,12.93,2.9,S3,25.66,12.93,2.9,S3,25.66,12.93,3.2,S3,7.371,0,S3,site_s3,S3,S3,S3,175.0,263.5,0.0,111.8,0,1,1,,
1786350208.998,c1,reserve,1600,0.198,26.14,13.47,3.88,S3,0,,0,36.0,obs,351,26.14,13.47,3.45,S3,26.14,13.47,3.45,S3,26.14,13.47,3.88,S3,7.265,0,S3,site_s3,S3,S3,S3,88.5,0.0,0.0,24.6,1,1,1,,
1786350208.998,c1,search,1600,25.476,-45.23,-4.76,-14.5,S1,0,,1,4632.0,obs,521,6.49,-3.89,-13.63,S1,5.62,-4.76,-14.5,S1,-44.36,-3.89,-13.63,S1,7.265,0,S1,site_s1,S1,S1,S1,131.0,131.0,0.0,24.6,1,1,1,,
1786350208.998,c1,recommend,1600,1.1,25.66,12.93,3.24,S3,0,,0,200.0,obs,701,25.66,12.93,2.9,S3,25.66,12.93,2.9,S3,25.66,12.93,3.24,S3,7.265,0,S3,site_s3,S3,S3,S3,174.5,131.0,0.0,55.7,1,1,1,,
1786350208.998,c2,reserve,1600,0.198,26.14,13.47,3.88,S3,0,,0,36.0,obs,351,26.14,13.47,3.45,S3,26.14,13.47,3.45,S3,26.14,13.47,3.88,S3,7.265,0,S3,site_s3,S3,S3,S3,87.0,131.0,0.0,79.9,1,1,1,,
1786350208.998,c2,search,1600,25.476,-45.23,-4.76,-14.5,S1,0,,1,4632.0,obs,521,6.49,-3.89,-13.63,S1,5.62,-4.76,-14.5,S1,-44.36,-3.89,-13.63,S1,7.265,0,S1,site_s1,S1,S1,S1,129.0,260.0,0.0,79.9,1,1,1,,
1786350208.998,c2,recommend,1600,1.1,25.66,12.93,3.24,S3,0,,0,200.0,obs,701,25.66,12.93,2.9,S3,25.66,12.93,2.9,S3,25.66,12.93,3.24,S3,7.265,0,S3,site_s3,S3,S3,S3,175.5,260.0,0.0,111.1,0,1,1,,
1786350209.999,c1,reserve,1600,0.198,26.14,13.47,3.85,S3,0,,0,36.0,obs,339,26.14,13.47,3.45,S3,26.14,13.47,3.45,S3,26.14,13.47,3.85,S3,7.639,0,S3,site_s3,S3,S3,S3,85.5,0.0,0.0,23.8,1,1,1,,
1786350209.999,c1,search,1600,25.476,-56.0,-4.76,-14.5,S1,0,,1,4632.0,obs,517,6.49,-3.89,-13.63,S1,5.62,-4.76,-14.5,S1,-55.13,-3.89,-13.63,S1,7.639,0,S1,site_s1,S1,S1,S1,128.5,128.5,0.0,23.8,1,1,1,,
1786350209.999,c1,recommend,1600,1.1,25.66,12.93,3.29,S3,0,,0,200.0,obs,691,25.66,12.93,2.9,S3,25.66,12.93,2.9,S3,25.66,12.93,3.29,S3,7.639,0,S3,site_s3,S3,S3,S3,173.5,128.5,0.0,54.7,1,1,1,,
1786350209.999,c2,reserve,1600,0.198,26.14,13.47,3.85,S3,0,,0,36.0,obs,339,26.14,13.47,3.45,S3,26.14,13.47,3.45,S3,26.14,13.47,3.85,S3,7.639,0,S3,site_s3,S3,S3,S3,84.0,128.5,0.0,78.0,1,1,1,,
1786350209.999,c2,search,1600,25.476,-56.0,-4.76,-14.5,S1,0,,1,4632.0,obs,517,6.49,-3.89,-13.63,S1,5.62,-4.76,-14.5,S1,-55.13,-3.89,-13.63,S1,7.639,0,S1,site_s1,S1,S1,S1,129.5,258.0,0.0,78.0,1,1,1,,
1786350209.999,c2,recommend,1600,1.1,25.66,12.93,3.29,S3,0,,0,200.0,obs,691,25.66,12.93,2.9,S3,25.66,12.93,2.9,S3,25.66,12.93,3.29,S3,7.639,0,S3,site_s3,S3,S3,S3,172.0,258.0,0.0,108.6,0,1,1,,
1786350210.998,c1,reserve,1600,0.198,26.14,13.47,3.81,S3,0,,0,36.0,obs,343,26.14,13.47,3.45,S3,26.14,13.47,3.45,S3,26.14,13.47,3.81,S3,7.175,0,S3,site_s3,S3,S3,S3,84.5,0.0,0.0,23.5,1,1,1,,
1786350210.998,c1,search,1600,25.476,-67.04,-4.76,-14.5,S1,0,,1,4632.0,obs,515,6.49,-3.89,-13.63,S1,5.62,-4.76,-14.5,S1,-66.17,-3.89,-13.63,S1,7.175,0,S1,site_s1,S1,S1,S1,128.5,128.5,0.0,23.5,1,1,1,,
1786350210.998,c1,recommend,1600,1.1,25.66,12.93,3.28,S3,0,,0,200.0,obs,680,25.66,12.93,2.9,S3,25.66,12.93,2.9,S3,25.66,12.93,3.28,S3,7.175,0,S3,site_s3,S3,S3,S3,168.5,128.5,0.0,53.5,1,1,1,,
1786350210.998,c2,reserve,1600,0.198,26.14,13.47,3.81,S3,0,,0,36.0,obs,343,26.14,13.47,3.45,S3,26.14,13.47,3.45,S3,26.14,13.47,3.81,S3,7.175,0,S3,site_s3,S3,S3,S3,87.0,128.5,0.0,77.7,1,1,1,,
1786350210.998,c2,search,1600,25.476,-67.04,-4.76,-14.5,S1,0,,1,4632.0,obs,515,6.49,-3.89,-13.63,S1,5.62,-4.76,-14.5,S1,-66.17,-3.89,-13.63,S1,7.175,0,S1,site_s1,S1,S1,S1,128.0,256.5,0.0,77.7,1,1,1,,
1786350210.998,c2,recommend,1600,1.1,25.66,12.93,3.28,S3,0,,0,200.0,obs,680,25.66,12.93,2.9,S3,25.66,12.93,2.9,S3,25.66,12.93,3.28,S3,7.175,0,S3,site_s3,S3,S3,S3,171.5,256.5,0.0,108.2,0,1,1,,
1786350211.999,c1,reserve,1600,0.198,26.14,13.47,3.85,S3,0,,0,36.0,obs,344,26.14,13.47,3.45,S3,26.14,13.47,3.45,S3,26.14,13.47,3.85,S3,7.607,0,S3,site_s3,S3,S3,S3,86.5,0.0,0.0,24.0,1,1,1,,
1786350211.999,c1,search,1600,25.476,-57.58,-4.76,-14.5,S1,0,,1,4632.0,obs,518,6.49,-3.89,-13.63,S1,5.62,-4.76,-14.5,S1,-56.71,-3.89,-13.63,S1,7.607,0,S1,site_s1,S1,S1,S1,129.5,129.5,0.0,24.0,1,1,1,,
1786350211.999,c1,recommend,1600,1.1,25.66,12.93,3.3,S3,0,,0,200.0,obs,686,25.66,12.93,2.9,S3,25.66,12.93,2.9,S3,25.66,12.93,3.3,S3,7.607,0,S3,site_s3,S3,S3,S3,172.0,129.5,0.0,54.7,1,1,1,,
1786350211.999,c2,reserve,1600,0.198,26.14,13.47,3.85,S3,0,,0,36.0,obs,344,26.14,13.47,3.45,S3,26.14,13.47,3.45,S3,26.14,13.47,3.85,S3,7.607,0,S3,site_s3,S3,S3,S3,85.5,129.5,0.0,78.4,1,1,1,,
1786350211.999,c2,search,1600,25.476,-57.58,-4.76,-14.5,S1,0,,1,4632.0,obs,518,6.49,-3.89,-13.63,S1,5.62,-4.76,-14.5,S1,-56.71,-3.89,-13.63,S1,7.607,0,S1,site_s1,S1,S1,S1,129.5,259.0,0.0,78.4,1,1,1,,
1786350211.999,c2,recommend,1600,1.1,25.66,12.93,3.3,S3,0,,0,200.0,obs,686,25.66,12.93,2.9,S3,25.66,12.93,2.9,S3,25.66,12.93,3.3,S3,7.607,0,S3,site_s3,S3,S3,S3,171.0,259.0,0.0,108.9,0,1,1,,
1786350212.999,c1,reserve,1600,0.198,26.14,13.47,3.88,S3,0,,0,36.0,obs,351,26.14,13.47,3.45,S3,26.14,13.47,3.45,S3,26.14,13.47,3.88,S3,7.729,0,S3,site_s3,S3,S3,S3,89.0,0.0,0.0,24.7,1,1,1,,
1786350212.999,c1,search,1600,25.476,-44.09,-4.76,-14.5,S1,0,,1,4632.0,obs,521,6.49,-3.89,-13.63,S1,5.62,-4.76,-14.5,S1,-43.22,-3.89,-13.63,S1,7.729,0,S1,site_s1,S1,S1,S1,130.5,130.5,0.0,24.7,1,1,1,,
1786350212.999,c1,recommend,1600,1.1,25.66,12.93,3.33,S3,0,,0,200.0,obs,701,25.66,12.93,2.9,S3,25.66,12.93,2.9,S3,25.66,12.93,3.33,S3,7.729,0,S3,site_s3,S3,S3,S3,175.5,130.5,0.0,56.0,1,1,1,,
1786350212.999,c2,reserve,1600,0.198,26.14,13.47,3.88,S3,0,,0,36.0,obs,351,26.14,13.47,3.45,S3,26.14,13.47,3.45,S3,26.14,13.47,3.88,S3,7.729,0,S3,site_s3,S3,S3,S3,86.5,130.5,0.0,80.0,1,1,1,,
1786350212.999,c2,search,1600,25.476,-44.09,-4.76,-14.5,S1,0,,1,4632.0,obs,521,6.49,-3.89,-13.63,S1,5.62,-4.76,-14.5,S1,-43.22,-3.89,-13.63,S1,7.729,0,S1,site_s1,S1,S1,S1,130.0,260.5,0.0,80.0,1,1,1,,
1786350212.999,c2,recommend,1600,1.1,25.66,12.93,3.33,S3,0,,0,200.0,obs,701,25.66,12.93,2.9,S3,25.66,12.93,2.9,S3,25.66,12.93,3.33,S3,7.729,0,S3,site_s3,S3,S3,S3,175.0,260.5,0.0,111.2,0,1,1,,
1786350213.999,c1,reserve,1600,0.198,26.14,13.47,3.85,S3,0,,0,36.0,obs,353,26.14,13.47,3.45,S3,26.14,13.47,3.45,S3,26.14,13.47,3.85,S3,7.985,0,S3,site_s3,S3,S3,S3,88.5,0.0,0.0,24.6,1,1,1,,
1786350213.999,c1,search,1600,25.476,-50.62,-4.76,-14.5,S1,0,,1,4632.0,obs,525,6.49,-3.89,-13.63,S1,5.62,-4.76,-14.5,S1,-49.76,-3.89,-13.63,S1,7.985,0,S1,site_s1,S1,S1,S1,130.0,130.0,0.0,24.6,1,1,1,,
1786350213.999,c1,recommend,1600,1.1,25.66,12.93,3.33,S3,0,,0,200.0,obs,699,25.66,12.93,2.9,S3,25.66,12.93,2.9,S3,25.66,12.93,3.33,S3,7.985,0,S3,site_s3,S3,S3,S3,176.5,130.0,0.0,56.0,1,1,1,,
1786350213.999,c2,reserve,1600,0.198,26.14,13.47,3.85,S3,0,,0,36.0,obs,353,26.14,13.47,3.45,S3,26.14,13.47,3.45,S3,26.14,13.47,3.85,S3,7.985,0,S3,site_s3,S3,S3,S3,88.0,130.0,0.0,80.5,1,1,1,,
1786350213.999,c2,search,1600,25.476,-50.62,-4.76,-14.5,S1,0,,1,4632.0,obs,525,6.49,-3.89,-13.63,S1,5.62,-4.76,-14.5,S1,-49.76,-3.89,-13.63,S1,7.985,0,S1,site_s1,S1,S1,S1,131.5,261.5,0.0,80.5,1,1,1,,
1786350213.999,c2,recommend,1600,1.1,25.66,12.93,3.33,S3,0,,0,200.0,obs,699,25.66,12.93,2.9,S3,25.66,12.93,2.9,S3,25.66,12.93,3.33,S3,7.985,0,S3,site_s3,S3,S3,S3,173.0,261.5,0.0,111.3,0,1,1,,
1786350214.999,c1,reserve,1600,0.198,26.14,13.47,3.86,S3,0,,0,36.0,obs,351,26.14,13.47,3.45,S3,26.14,13.47,3.45,S3,26.14,13.47,3.86,S3,7.587,0,S3,site_s3,S3,S3,S3,88.5,0.0,0.0,24.6,1,1,1,,
1786350214.999,c1,search,1600,25.476,-50.62,-4.76,-14.5,S1,0,,1,4632.0,obs,518,6.49,-3.89,-13.63,S1,5.62,-4.76,-14.5,S1,-49.75,-3.89,-13.63,S1,7.587,0,S1,site_s1,S1,S1,S1,128.5,128.5,0.0,24.6,1,1,1,,
1786350214.999,c1,recommend,1600,1.1,25.66,12.93,3.31,S3,0,,0,200.0,obs,697,25.66,12.93,2.9,S3,25.66,12.93,2.9,S3,25.66,12.93,3.31,S3,7.587,0,S3,site_s3,S3,S3,S3,174.5,128.5,0.0,55.7,1,1,1,,
1786350214.999,c2,reserve,1600,0.198,26.14,13.47,3.86,S3,0,,0,36.0,obs,351,26.14,13.47,3.45,S3,26.14,13.47,3.45,S3,26.14,13.47,3.86,S3,7.587,0,S3,site_s3,S3,S3,S3,87.0,128.5,0.0,79.9,1,1,1,,
1786350214.999,c2,search,1600,25.476,-50.62,-4.76,-14.5,S1,0,,1,4632.0,obs,518,6.49,-3.89,-13.63,S1,5.62,-4.76,-14.5,S1,-49.75,-3.89,-13.63,S1,7.587,0,S1,site_s1,S1,S1,S1,130.0,258.5,0.0,79.9,1,1,1,,
1786350214.999,c2,recommend,1600,1.1,25.66,12.93,3.31,S3,0,,0,200.0,obs,697,25.66,12.93,2.9,S3,25.66,12.93,2.9,S3,25.66,12.93,3.31,S3,7.587,0,S3,site_s3,S3,S3,S3,174.0,258.5,0.0,110.8,0,1,1,,
1786350215.999,c1,reserve,1600,0.198,26.14,13.47,3.83,S3,0,,0,36.0,obs,350,26.14,13.47,3.45,S3,26.14,13.47,3.45,S3,26.14,13.47,3.83,S3,8.179,0,S3,site_s3,S3,S3,S3,86.0,0.0,0.0,23.9,1,1,1,,
1786350215.999,c1,search,1600,25.476,-51.5,-4.76,-14.5,S1,0,,1,4632.0,obs,524,6.49,-3.89,-13.63,S1,5.62,-4.76,-14.5,S1,-50.63,-3.89,-13.63,S1,8.179,0,S1,site_s1,S1,S1,S1,130.5,130.5,0.0,23.9,1,1,1,,
1786350215.999,c1,recommend,1600,1.1,25.66,12.93,3.27,S3,0,,0,200.0,obs,696,25.66,12.93,2.9,S3,25.66,12.93,2.9,S3,25.66,12.93,3.27,S3,8.179,0,S3,site_s3,S3,S3,S3,173.5,130.5,0.0,54.8,1,1,1,,
1786350215.999,c2,reserve,1600,0.198,26.14,13.47,3.83,S3,0,,0,36.0,obs,350,26.14,13.47,3.45,S3,26.14,13.47,3.45,S3,26.14,13.47,3.83,S3,8.179,0,S3,site_s3,S3,S3,S3,89.0,130.5,0.0,79.5,1,1,1,,
1786350215.999,c2,search,1600,25.476,-51.5,-4.76,-14.5,S1,0,,1,4632.0,obs,524,6.49,-3.89,-13.63,S1,5.62,-4.76,-14.5,S1,-50.63,-3.89,-13.63,S1,8.179,0,S1,site_s1,S1,S1,S1,131.0,261.5,0.0,79.5,1,1,1,,
1786350215.999,c2,recommend,1600,1.1,25.66,12.93,3.27,S3,0,,0,200.0,obs,696,25.66,12.93,2.9,S3,25.66,12.93,2.9,S3,25.66,12.93,3.27,S3,8.179,0,S3,site_s3,S3,S3,S3,174.5,261.5,0.0,110.6,0,1,1,,
1786350216.999,c1,reserve,1600,0.198,26.14,13.47,3.86,S3,0,,0,36.0,obs,352,26.14,13.47,3.45,S3,26.14,13.47,3.45,S3,26.14,13.47,3.86,S3,7.949,0,S3,site_s3,S3,S3,S3,88.0,0.0,0.0,24.5,1,1,1,,
1786350216.999,c1,search,1600,25.476,-51.4,-4.76,-14.5,S1,0,,1,4632.0,obs,526,6.49,-3.89,-13.63,S1,5.62,-4.76,-14.5,S1,-50.53,-3.89,-13.63,S1,7.949,0,S1,site_s1,S1,S1,S1,131.5,131.5,0.0,24.5,1,1,1,,
1786350216.999,c1,recommend,1600,1.1,25.66,12.93,3.27,S3,0,,0,200.0,obs,701,25.66,12.93,2.9,S3,25.66,12.93,2.9,S3,25.66,12.93,3.27,S3,7.949,0,S3,site_s3,S3,S3,S3,175.0,131.5,0.0,55.6,1,1,1,,
1786350216.999,c2,reserve,1600,0.198,26.14,13.47,3.86,S3,0,,0,36.0,obs,352,26.14,13.47,3.45,S3,26.14,13.47,3.45,S3,26.14,13.47,3.86,S3,7.949,0,S3,site_s3,S3,S3,S3,88.0,131.5,0.0,80.1,1,1,1,,
1786350216.999,c2,search,1600,25.476,-51.4,-4.76,-14.5,S1,0,,1,4632.0,obs,526,6.49,-3.89,-13.63,S1,5.62,-4.76,-14.5,S1,-50.53,-3.89,-13.63,S1,7.949,0,S1,site_s1,S1,S1,S1,131.0,262.5,0.0,80.1,1,1,1,,
1786350216.999,c2,recommend,1600,1.1,25.66,12.93,3.27,S3,0,,0,200.0,obs,701,25.66,12.93,2.9,S3,25.66,12.93,2.9,S3,25.66,12.93,3.27,S3,7.949,0,S3,site_s3,S3,S3,S3,175.5,262.5,0.0,111.3,0,1,1,,
1786350217.998,c1,reserve,1600,0.198,26.14,13.47,3.83,S3,0,,0,36.0,obs,350,26.14,13.47,3.45,S3,26.14,13.47,3.45,S3,26.14,13.47,3.83,S3,7.318,0,S3,site_s3,S3,S3,S3,88.0,0.0,0.0,24.5,1,1,1,,
1786350217.998,c1,search,1600,25.476,-48.42,-4.76,-14.5,S1,0,,1,4632.0,obs,524,6.49,-3.89,-13.63,S1,5.62,-4.76,-14.5,S1,-47.55,-3.89,-13.63,S1,7.318,0,S1,site_s1,S1,S1,S1,131.5,131.5,0.0,24.5,1,1,1,,
1786350217.998,c1,recommend,1600,1.1,25.66,12.93,3.32,S3,0,,0,200.0,obs,714,25.66,12.93,2.9,S3,25.66,12.93,2.9,S3,25.66,12.93,3.32,S3,7.318,0,S3,site_s3,S3,S3,S3,178.5,131.5,0.0,56.2,1,1,1,,
1786350217.998,c2,reserve,1600,0.198,26.14,13.47,3.83,S3,0,,0,36.0,obs,350,26.14,13.47,3.45,S3,26.14,13.47,3.45,S3,26.14,13.47,3.83,S3,7.318,0,S3,site_s3,S3,S3,S3,87.0,131.5,0.0,80.4,1,1,1,,
1786350217.998,c2,search,1600,25.476,-48.42,-4.76,-14.5,S1,0,,1,4632.0,obs,524,6.49,-3.89,-13.63,S1,5.62,-4.76,-14.5,S1,-47.55,-3.89,-13.63,S1,7.318,0,S1,site_s1,S1,S1,S1,130.5,262.0,0.0,80.4,1,1,1,,
1786350217.998,c2,recommend,1600,1.1,25.66,12.93,3.32,S3,0,,0,200.0,obs,714,25.66,12.93,2.9,S3,25.66,12.93,2.9,S3,25.66,12.93,3.32,S3,7.318,0,S3,site_s3,S3,S3,S3,178.5,262.0,0.0,112.2,0,1,1,,
1786350218.999,c1,reserve,1600,0.198,26.14,13.47,3.81,S3,0,,0,36.0,obs,347,26.14,13.47,3.45,S3,26.14,13.47,3.45,S3,26.14,13.47,3.81,S3,7.802,0,S3,site_s3,S3,S3,S3,86.0,0.0,0.0,23.9,1,1,1,,
1786350218.999,c1,search,1600,25.476,-51.94,-4.76,-14.5,S1,0,,1,4632.0,obs,528,6.49,-3.89,-13.63,S1,5.62,-4.76,-14.5,S1,-51.07,-3.89,-13.63,S1,7.802,0,S1,site_s1,S1,S1,S1,131.5,131.5,0.0,23.9,1,1,1,,
1786350218.999,c1,recommend,1600,1.1,25.66,12.93,3.28,S3,0,,0,200.0,obs,705,25.66,12.93,2.9,S3,25.66,12.93,2.9,S3,25.66,12.93,3.28,S3,7.802,0,S3,site_s3,S3,S3,S3,175.5,131.5,0.0,55.1,1,1,1,,
1786350218.999,c2,reserve,1600,0.198,26.14,13.47,3.81,S3,0,,0,36.0,obs,347,26.14,13.47,3.45,S3,26.14,13.47,3.45,S3,26.14,13.47,3.81,S3,7.802,0,S3,site_s3,S3,S3,S3,87.5,131.5,0.0,79.5,1,1,1,,
1786350218.999,c2,search,1600,25.476,-51.94,-4.76,-14.5,S1,0,,1,4632.0,obs,528,6.49,-3.89,-13.63,S1,5.62,-4.76,-14.5,S1,-51.07,-3.89,-13.63,S1,7.802,0,S1,site_s1,S1,S1,S1,132.5,264.0,0.0,79.5,1,1,1,,
1786350218.999,c2,recommend,1600,1.1,25.66,12.93,3.28,S3,0,,0,200.0,obs,705,25.66,12.93,2.9,S3,25.66,12.93,2.9,S3,25.66,12.93,3.28,S3,7.802,0,S3,site_s3,S3,S3,S3,177.0,264.0,0.0,111.0,0,1,1,,
1786350219.998,c1,reserve,1600,0.198,26.14,13.47,3.8,S3,0,,0,36.0,obs,345,26.14,13.47,3.45,S3,26.14,13.47,3.45,S3,26.14,13.47,3.8,S3,7.157,0,S3,site_s3,S3,S3,S3,84.5,0.0,0.0,23.5,1,1,1,,
1786350219.998,c1,search,1600,25.476,-57.57,-4.76,-14.5,S1,0,,1,4632.0,obs,528,6.49,-3.89,-13.63,S1,5.62,-4.76,-14.5,S1,-56.7,-3.89,-13.63,S1,7.157,0,S1,site_s1,S1,S1,S1,130.0,130.0,0.0,23.5,1,1,1,,
1786350219.998,c1,recommend,1600,1.1,25.66,12.93,3.31,S3,0,,0,200.0,obs,691,25.66,12.93,2.9,S3,25.66,12.93,2.9,S3,25.66,12.93,3.31,S3,7.157,0,S3,site_s3,S3,S3,S3,173.0,130.0,0.0,54.3,1,1,1,,
1786350219.998,c2,reserve,1600,0.198,26.14,13.47,3.8,S3,0,,0,36.0,obs,345,26.14,13.47,3.45,S3,26.14,13.47,3.45,S3,26.14,13.47,3.8,S3,7.157,0,S3,site_s3,S3,S3,S3,88.0,130.0,0.0,78.7,1,1,1,,
1786350219.998,c2,search,1600,25.476,-57.57,-4.76,-14.5,S1,0,,1,4632.0,obs,528,6.49,-3.89,-13.63,S1,5.62,-4.76,-14.5,S1,-56.7,-3.89,-13.63,S1,7.157,0,S1,site_s1,S1,S1,S1,134.0,264.0,0.0,78.7,1,1,1,,
1786350219.998,c2,recommend,1600,1.1,25.66,12.93,3.31,S3,0,,0,200.0,obs,691,25.66,12.93,2.9,S3,25.66,12.93,2.9,S3,25.66,12.93,3.31,S3,7.157,0,S3,site_s3,S3,S3,S3,172.5,264.0,0.0,109.5,0,1,1,,
1786350220.998,c1,reserve,1600,0.198,26.14,13.47,3.89,S3,0,,0,36.0,obs,346,26.14,13.47,3.45,S3,26.14,13.47,3.45,S3,26.14,13.47,3.89,S3,7.375,0,S3,site_s3,S3,S3,S3,85.5,0.0,0.0,23.8,1,1,1,,
1786350220.998,c1,search,1600,25.476,-57.55,-4.76,-14.5,S1,0,,1,4632.0,obs,523,6.49,-3.89,-13.63,S1,5.62,-4.76,-14.5,S1,-56.68,-3.89,-13.63,S1,7.375,0,S1,site_s1,S1,S1,S1,131.0,131.0,0.0,23.8,1,1,1,,
1786350220.998,c1,recommend,1600,1.1,25.66,12.93,3.34,S3,0,,0,200.0,obs,697,25.66,12.93,2.9,S3,25.66,12.93,2.9,S3,25.66,12.93,3.34,S3,7.375,0,S3,site_s3,S3,S3,S3,174.5,131.0,0.0,54.8,1,1,1,,
1786350220.998,c2,reserve,1600,0.198,26.14,13.47,3.89,S3,0,,0,36.0,obs,346,26.14,13.47,3.45,S3,26.14,13.47,3.45,S3,26.14,13.47,3.89,S3,7.375,0,S3,site_s3,S3,S3,S3,87.5,131.0,0.0,79.2,1,1,1,,
1786350220.998,c2,search,1600,25.476,-57.55,-4.76,-14.5,S1,0,,1,4632.0,obs,523,6.49,-3.89,-13.63,S1,5.62,-4.76,-14.5,S1,-56.68,-3.89,-13.63,S1,7.375,0,S1,site_s1,S1,S1,S1,130.5,261.5,0.0,79.2,1,1,1,,
1786350220.998,c2,recommend,1600,1.1,25.66,12.93,3.34,S3,0,,0,200.0,obs,697,25.66,12.93,2.9,S3,25.66,12.93,2.9,S3,25.66,12.93,3.34,S3,7.375,0,S3,site_s3,S3,S3,S3,174.0,261.5,0.0,110.1,0,1,1,,
1786350221.998,c1,reserve,1600,0.198,26.14,13.47,3.79,S3,0,,0,36.0,obs,339,26.14,13.47,3.45,S3,26.14,13.47,3.45,S3,26.14,13.47,3.79,S3,6.73,0,S3,site_s3,S3,S3,S3,85.5,0.0,0.0,23.8,1,1,1,,
1786350221.998,c1,search,1600,25.476,-48.12,-4.76,-14.5,S1,0,,1,4632.0,obs,501,6.49,-3.89,-13.63,S1,5.62,-4.76,-14.5,S1,-47.25,-3.89,-13.63,S1,6.73,0,S1,site_s1,S1,S1,S1,127.0,127.0,0.0,23.8,1,1,1,,
1786350221.998,c1,recommend,1600,1.1,25.66,12.93,3.32,S3,0,,0,200.0,obs,674,25.66,12.93,2.9,S3,25.66,12.93,2.9,S3,25.66,12.93,3.32,S3,6.73,0,S3,site_s3,S3,S3,S3,168.5,127.0,0.0,53.8,1,1,1,,
1786350221.998,c2,reserve,1600,0.198,26.14,13.47,3.79,S3,0,,0,36.0,obs,339,26.14,13.47,3.45,S3,26.14,13.47,3.45,S3,26.14,13.47,3.79,S3,6.73,0,S3,site_s3,S3,S3,S3,84.0,127.0,0.0,77.1,1,1,1,,
1786350221.998,c2,search,1600,25.476,-48.12,-4.76,-14.5,S1,0,,1,4632.0,obs,501,6.49,-3.89,-13.63,S1,5.62,-4.76,-14.5,S1,-47.25,-3.89,-13.63,S1,6.73,0,S1,site_s1,S1,S1,S1,123.5,250.5,0.0,77.1,1,1,1,,
1786350221.998,c2,recommend,1600,1.1,25.66,12.93,3.32,S3,0,,0,200.0,obs,674,25.66,12.93,2.9,S3,25.66,12.93,2.9,S3,25.66,12.93,3.32,S3,6.73,0,S3,site_s3,S3,S3,S3,168.5,250.5,0.0,107.1,1,1,1,,
1786350222.998,c1,reserve,1600,0.198,26.14,13.47,3.8,S3,0,,0,36.0,obs,334,26.14,13.47,3.45,S3,26.14,13.47,3.45,S3,26.14,13.47,3.8,S3,7.483,0,S3,site_s3,S3,S3,S3,85.0,0.0,0.0,23.6,1,1,1,,
1786350222.998,c1,search,1600,25.476,-46.33,-4.76,-14.5,S1,0,,1,4632.0,obs,501,6.49,-3.89,-13.63,S1,5.62,-4.76,-14.5,S1,-45.46,-3.89,-13.63,S1,7.483,0,S1,site_s1,S1,S1,S1,126.0,126.0,0.0,23.6,1,1,1,,
1786350222.998,c1,recommend,1600,1.1,25.66,12.93,3.31,S3,0,,0,200.0,obs,672,25.66,12.93,2.9,S3,25.66,12.93,2.9,S3,25.66,12.93,3.31,S3,7.483,0,S3,site_s3,S3,S3,S3,168.0,126.0,0.0,53.5,1,1,1,,
1786350222.998,c2,reserve,1600,0.198,26.14,13.47,3.8,S3,0,,0,36.0,obs,334,26.14,13.47,3.45,S3,26.14,13.47,3.45,S3,26.14,13.47,3.8,S3,7.483,0,S3,site_s3,S3,S3,S3,82.0,126.0,0.0,76.3,1,1,1,,
1786350222.998,c2,search,1600,25.476,-46.33,-4.76,-14.5,S1,0,,1,4632.0,obs,501,6.49,-3.89,-13.63,S1,5.62,-4.76,-14.5,S1,-45.46,-3.89,-13.63,S1,7.483,0,S1,site_s1,S1,S1,S1,124.5,250.5,0.0,76.3,1,1,1,,
1786350222.998,c2,recommend,1600,1.1,25.66,12.93,3.31,S3,0,,0,200.0,obs,672,25.66,12.93,2.9,S3,25.66,12.93,2.9,S3,25.66,12.93,3.31,S3,7.483,0,S3,site_s3,S3,S3,S3,168.0,250.5,0.0,106.2,1,1,1,,
1786350223.999,c1,reserve,1600,0.198,26.14,13.47,3.87,S3,0,,0,36.0,obs,337,26.14,13.47,3.45,S3,26.14,13.47,3.45,S3,26.14,13.47,3.87,S3,7.847,0,S3,site_s3,S3,S3,S3,85.0,0.0,0.0,23.6,1,1,1,,
1786350223.999,c1,search,1600,25.476,-43.87,-4.76,-14.5,S1,0,,1,4632.0,obs,500,6.49,-3.89,-13.63,S1,5.62,-4.76,-14.5,S1,-43.0,-3.89,-13.63,S1,7.847,0,S1,site_s1,S1,S1,S1,124.5,124.5,0.0,23.6,1,1,1,,
1786350223.999,c1,recommend,1600,1.1,25.66,12.93,3.29,S3,0,,0,200.0,obs,675,25.66,12.93,2.9,S3,25.66,12.93,2.9,S3,25.66,12.93,3.29,S3,7.847,0,S3,site_s3,S3,S3,S3,170.0,124.5,0.0,53.9,1,1,1,,
1786350223.999,c2,reserve,1600,0.198,26.14,13.47,3.87,S3,0,,0,36.0,obs,337,26.14,13.47,3.45,S3,26.14,13.47,3.45,S3,26.14,13.47,3.87,S3,7.847,0,S3,site_s3,S3,S3,S3,83.5,124.5,0.0,77.1,1,1,1,,
1786350223.999,c2,search,1600,25.476,-43.87,-4.76,-14.5,S1,0,,1,4632.0,obs,500,6.49,-3.89,-13.63,S1,5.62,-4.76,-14.5,S1,-43.0,-3.89,-13.63,S1,7.847,0,S1,site_s1,S1,S1,S1,125.5,250.0,0.0,77.1,1,1,1,,
1786350223.999,c2,recommend,1600,1.1,25.66,12.93,3.29,S3,0,,0,200.0,obs,675,25.66,12.93,2.9,S3,25.66,12.93,2.9,S3,25.66,12.93,3.29,S3,7.847,0,S3,site_s3,S3,S3,S3,167.5,250.0,0.0,106.9,1,1,1,,
1786350224.998,c1,reserve,1600,0.198,26.14,13.47,3.85,S3,0,,0,36.0,obs,339,26.14,13.47,3.45,S3,26.14,13.47,3.45,S3,26.14,13.47,3.85,S3,7.369,0,S3,site_s3,S3,S3,S3,84.0,0.0,0.0,23.4,1,1,1,,
1786350224.998,c1,search,1600,25.476,-41.09,-4.76,-14.5,S1,0,,1,4632.0,obs,503,6.49,-3.89,-13.63,S1,5.62,-4.76,-14.5,S1,-40.22,-3.89,-13.63,S1,7.369,0,S1,site_s1,S1,S1,S1,125.0,125.0,0.0,23.4,1,1,1,,
1786350224.998,c1,recommend,1600,1.1,25.66,12.93,3.28,S3,0,,0,200.0,obs,671,25.66,12.93,2.9,S3,25.66,12.93,2.9,S3,25.66,12.93,3.28,S3,7.369,0,S3,site_s3,S3,S3,S3,168.5,125.0,0.0,53.3,1,1,1,,
1786350224.998,c2,reserve,1600,0.198,26.14,13.47,3.85,S3,0,,0,36.0,obs,339,26.14,13.47,3.45,S3,26.14,13.47,3.45,S3,26.14,13.47,3.85,S3,7.369,0,S3,site_s3,S3,S3,S3,85.5,125.0,0.0,77.1,1,1,1,,
1786350224.998,c2,search,1600,25.476,-41.09,-4.76,-14.5,S1,0,,1,4632.0,obs,503,6.49,-3.89,-13.63,S1,5.62,-4.76,-14.5,S1,-40.22,-3.89,-13.63,S1,7.369,0,S1,site_s1,S1,S1,S1,126.5,251.5,0.0,77.1,1,1,1,,
1786350224.998,c2,recommend,1600,1.1,25.66,12.93,3.28,S3,0,,0,200.0,obs,671,25.66,12.93,2.9,S3,25.66,12.93,2.9,S3,25.66,12.93,3.28,S3,7.369,0,S3,site_s3,S3,S3,S3,167.0,251.5,0.0,106.8,0,1,1,,
1786350225.999,c1,reserve,1600,0.198,26.14,13.47,3.75,S3,0,,0,36.0,obs,337,26.14,13.47,3.45,S3,26.14,13.47,3.45,S3,26.14,13.47,3.75,S3,7.824,0,S3,site_s3,S3,S3,S3,85.0,0.0,0.0,23.6,1,1,1,,
1786350225.999,c1,search,1600,25.476,-53.11,-4.76,-14.5,S1,0,,1,4632.0,obs,498,6.49,-3.89,-13.63,S1,5.62,-4.76,-14.5,S1,-52.24,-3.89,-13.63,S1,7.824,0,S1,site_s1,S1,S1,S1,124.5,124.5,0.0,23.6,1,1,1,,
1786350225.999,c1,recommend,1600,1.1,25.66,12.93,3.28,S3,0,,0,200.0,obs,663,25.66,12.93,2.9,S3,25.66,12.93,2.9,S3,25.66,12.93,3.28,S3,7.824,0,S3,site_s3,S3,S3,S3,164.5,124.5,0.0,52.9,1,1,1,,
1786350225.999,c2,reserve,1600,0.198,26.14,13.47,3.75,S3,0,,0,36.0,obs,337,26.14,13.47,3.45,S3,26.14,13.47,3.45,S3,26.14,13.47,3.75,S3,7.824,0,S3,site_s3,S3,S3,S3,83.5,124.5,0.0,76.1,1,1,1,,
1786350225.999,c2,search,1600,25.476,-53.11,-4.76,-14.5,S1,0,,1,4632.0,obs,498,6.49,-3.89,-13.63,S1,5.62,-4.76,-14.5,S1,-52.24,-3.89,-13.63,S1,7.824,0,S1,site_s1,S1,S1,S1,124.0,248.5,0.0,76.1,1,1,1,,
1786350225.999,c2,recommend,1600,1.1,25.66,12.93,3.28,S3,0,,0,200.0,obs,663,25.66,12.93,2.9,S3,25.66,12.93,2.9,S3,25.66,12.93,3.28,S3,7.824,0,S3,site_s3,S3,S3,S3,167.0,248.5,0.0,105.8,1,1,1,,
1786350226.999,c1,reserve,1600,0.198,26.14,13.47,3.75,S3,0,,0,36.0,obs,330,26.14,13.47,3.45,S3,26.14,13.47,3.45,S3,26.14,13.47,3.75,S3,8.704,0,S3,site_s3,S3,S3,S3,83.0,0.0,0.0,23.1,1,1,1,,
1786350226.999,c1,search,1600,25.476,-71.63,-4.76,-14.5,S1,0,,1,4632.0,obs,484,6.49,-3.89,-13.63,S1,5.62,-4.76,-14.5,S1,-70.76,-3.89,-13.63,S1,8.704,0,S1,site_s1,S1,S1,S1,121.5,121.5,0.0,23.1,1,1,1,,
1786350226.999,c1,recommend,1600,1.1,25.66,12.93,3.3,S3,0,,0,200.0,obs,656,25.66,12.93,2.9,S3,25.66,12.93,2.9,S3,25.66,12.93,3.3,S3,8.704,0,S3,site_s3,S3,S3,S3,164.5,121.5,0.0,52.4,1,1,1,,
1786350226.999,c2,reserve,1600,0.198,26.14,13.47,3.75,S3,0,,0,36.0,obs,330,26.14,13.47,3.45,S3,26.14,13.47,3.45,S3,26.14,13.47,3.75,S3,8.704,0,S3,site_s3,S3,S3,S3,82.0,121.5,0.0,75.2,1,1,1,,
1786350226.999,c2,search,1600,25.476,-71.63,-4.76,-14.5,S1,0,,1,4632.0,obs,484,6.49,-3.89,-13.63,S1,5.62,-4.76,-14.5,S1,-70.76,-3.89,-13.63,S1,8.704,0,S1,site_s1,S1,S1,S1,120.5,242.0,0.0,75.2,1,1,1,,
1786350226.999,c2,recommend,1600,1.1,25.66,12.93,3.3,S3,0,,0,200.0,obs,656,25.66,12.93,2.9,S3,25.66,12.93,2.9,S3,25.66,12.93,3.3,S3,8.704,0,S3,site_s3,S3,S3,S3,163.5,242.0,0.0,104.3,1,1,1,,
1786350227.998,c1,reserve,,0.0,26.34,13.67,3.98,S3,0,,0,36.0,obs,336,26.34,13.67,3.65,S3,26.34,13.67,3.65,S3,26.34,13.67,3.98,S3,7.949,0,S3,site_s3,S3,S3,S3,84.0,0.0,0.0,23.4,1,1,1,,
1786350227.998,c1,search,,0.0,-49.89,20.71,10.98,S3,1,0.86,0,4632.0,obs,503,31.1,20.71,10.98,S3,31.1,20.71,10.98,S3,-49.89,20.71,10.98,S3,7.949,0,S3,site_s3,S3,S3,S3,124.5,0.0,0.0,147.9,1,1,1,,
1786350227.998,c1,recommend,,0.0,26.76,14.03,4.35,S3,0,,0,200.0,obs,669,26.76,14.03,4.0,S3,26.76,14.03,4.0,S3,26.76,14.03,4.35,S3,7.949,0,S3,site_s3,S3,S3,S3,165.5,0.0,0.0,177.3,1,1,1,,
1786350227.998,c2,reserve,,0.0,26.34,13.67,3.98,S3,0,,0,36.0,obs,336,26.34,13.67,3.65,S3,26.34,13.67,3.65,S3,26.34,13.67,3.98,S3,7.949,0,S3,site_s3,S3,S3,S3,84.0,0.0,0.0,200.7,1,1,1,,
1786350227.998,c2,search,,0.0,-49.89,20.71,10.98,S3,1,0.63,0,4632.0,obs,503,31.1,20.71,10.98,S3,31.1,20.71,10.98,S3,-49.89,20.71,10.98,S3,7.949,0,S3,site_s3,S3,S3,S3,127.0,0.0,0.0,327.7,1,1,1,,
1786350227.998,c2,recommend,,0.0,26.76,14.03,4.35,S3,0,,0,200.0,obs,669,26.76,14.03,4.0,S3,26.76,14.03,4.0,S3,26.76,14.03,4.35,S3,7.949,0,S3,site_s3,S3,S3,S3,169.0,0.0,0.0,357.7,1,1,1,,
1786350228.998,c1,reserve,,0.0,26.34,13.67,3.52,S3,0,,0,36.0,obs,355,26.34,13.67,3.65,S3,26.34,13.67,3.65,S3,26.34,13.67,3.52,S3,8.26,0,S3,site_s3,S3,S3,S3,88.5,0.0,0.0,24.6,1,1,1,,
1786350228.998,c1,search,,0.0,31.1,20.71,10.98,S3,0,,0,4558.39,obs,528,31.1,20.71,10.98,S3,31.1,20.71,10.98,S3,31.1,20.71,10.98,S3,8.26,0,S3,site_s3,S3,S3,S3,132.0,0.0,0.0,156.6,1,1,1,,
1786350228.998,c1,recommend,,0.0,26.76,14.03,3.73,S3,0,,0,200.0,obs,720,26.76,14.03,4.0,S3,26.76,14.03,4.0,S3,26.76,14.03,3.73,S3,8.26,0,S3,site_s3,S3,S3,S3,180.0,0.0,0.0,188.6,1,1,1,,
1786350228.998,c2,reserve,,0.0,26.34,13.67,3.52,S3,0,,0,36.0,obs,355,26.34,13.67,3.65,S3,26.34,13.67,3.65,S3,26.34,13.67,3.52,S3,8.26,0,S3,site_s3,S3,S3,S3,89.0,0.0,0.0,213.4,1,1,1,,
1786350228.998,c2,search,,0.0,31.1,20.71,10.98,S3,0,,0,4558.39,obs,528,31.1,20.71,10.98,S3,31.1,20.71,10.98,S3,31.1,20.71,10.98,S3,8.26,0,S3,site_s3,S3,S3,S3,132.0,0.0,0.0,345.4,1,1,1,,
1786350228.998,c2,recommend,,0.0,26.76,14.03,3.73,S3,0,,0,200.0,obs,720,26.76,14.03,4.0,S3,26.76,14.03,4.0,S3,26.76,14.03,3.73,S3,8.26,0,S3,site_s3,S3,S3,S3,179.5,0.0,0.0,377.3,1,1,1,,
1786350229.998,c1,reserve,,0.0,26.34,13.67,3.36,S3,0,,0,36.0,obs,343,26.34,13.67,3.65,S3,26.34,13.67,3.65,S3,26.34,13.67,3.36,S3,7.594,0,S3,site_s3,S3,S3,S3,86.0,0.0,0.0,23.9,1,1,1,,
1786350229.998,c1,search,,0.0,31.1,20.71,10.17,S3,0,,0,4476.12,obs,521,31.1,20.71,10.98,S3,31.1,20.71,10.98,S3,31.1,20.71,10.17,S3,7.594,0,S3,site_s3,S3,S3,S3,131.0,0.0,0.0,154.9,1,1,1,,
1786350229.998,c1,recommend,,0.0,26.76,14.03,3.62,S3,0,,0,200.0,obs,692,26.76,14.03,4.0,S3,26.76,14.03,4.0,S3,26.76,14.03,3.62,S3,7.594,0,S3,site_s3,S3,S3,S3,175.0,0.0,0.0,186.1,1,1,1,,
1786350229.998,c2,reserve,,0.0,26.34,13.67,3.36,S3,0,,0,36.0,obs,343,26.34,13.67,3.65,S3,26.34,13.67,3.65,S3,26.34,13.67,3.36,S3,7.594,0,S3,site_s3,S3,S3,S3,85.5,0.0,0.0,209.8,1,1,1,,
1786350229.998,c2,search,,0.0,31.1,20.71,10.17,S3,0,,0,4476.12,obs,521,31.1,20.71,10.98,S3,31.1,20.71,10.98,S3,31.1,20.71,10.17,S3,7.594,0,S3,site_s3,S3,S3,S3,129.5,0.0,0.0,339.3,1,1,1,,
1786350229.998,c2,recommend,,0.0,26.76,14.03,3.62,S3,0,,0,200.0,obs,692,26.76,14.03,4.0,S3,26.76,14.03,4.0,S3,26.76,14.03,3.62,S3,7.594,0,S3,site_s3,S3,S3,S3,171.0,0.0,0.0,369.8,1,1,1,,
1786350230.998,c1,reserve,,0.0,26.34,13.67,3.9,S3,0,,0,36.0,obs,335,26.34,13.67,3.65,S3,26.34,13.67,3.65,S3,26.34,13.67,3.9,S3,7.693,0,S3,site_s3,S3,S3,S3,84.0,0.0,0.0,23.4,1,1,1,,
1786350230.998,c1,search,,0.0,31.1,20.71,10.85,S3,0,,0,4474.0,obs,505,31.1,20.71,10.98,S3,31.1,20.71,10.98,S3,31.1,20.71,10.85,S3,7.693,0,S3,site_s3,S3,S3,S3,126.0,0.0,0.0,149.4,1,1,1,,
1786350230.998,c1,recommend,,0.0,26.76,14.03,3.83,S3,0,,0,200.0,obs,667,26.76,14.03,4.0,S3,26.76,14.03,4.0,S3,26.76,14.03,3.83,S3,7.693,0,S3,site_s3,S3,S3,S3,166.5,0.0,0.0,179.0,1,1,1,,
1786350230.998,c2,reserve,,0.0,26.34,13.67,3.9,S3,0,,0,36.0,obs,335,26.34,13.67,3.65,S3,26.34,13.67,3.65,S3,26.34,13.67,3.9,S3,7.693,0,S3,site_s3,S3,S3,S3,83.5,0.0,0.0,202.2,1,1,1,,
1786350230.998,c2,search,,0.0,31.1,20.71,10.85,S3,0,,0,4474.0,obs,505,31.1,20.71,10.98,S3,31.1,20.71,10.98,S3,31.1,20.71,10.85,S3,7.693,0,S3,site_s3,S3,S3,S3,126.5,0.0,0.0,328.7,1,1,1,,
1786350230.998,c2,recommend,,0.0,26.76,14.03,3.83,S3,0,,0,200.0,obs,667,26.76,14.03,4.0,S3,26.76,14.03,4.0,S3,26.76,14.03,3.83,S3,7.693,0,S3,site_s3,S3,S3,S3,167.0,0.0,0.0,358.4,1,1,1,,
1786350231.998,c1,reserve,,0.0,26.34,13.67,4.02,S3,0,,0,36.0,obs,338,26.34,13.67,3.65,S3,26.34,13.67,3.65,S3,26.34,13.67,4.02,S3,7.666,0,S3,site_s3,S3,S3,S3,84.5,0.0,0.0,23.5,1,1,1,,
1786350231.998,c1,search,,0.0,31.1,20.71,10.76,S3,0,,0,4474.0,obs,501,31.1,20.71,10.98,S3,31.1,20.71,10.98,S3,31.1,20.71,10.76,S3,7.666,0,S3,site_s3,S3,S3,S3,125.5,0.0,0.0,149.0,1,1,1,,
1786350231.998,c1,recommend,,0.0,26.76,14.03,3.87,S3,0,,0,200.0,obs,670,26.76,14.03,4.0,S3,26.76,14.03,4.0,S3,26.76,14.03,3.87,S3,7.666,0,S3,site_s3,S3,S3,S3,167.5,0.0,0.0,178.8,1,1,1,,
1786350231.998,c2,reserve,,0.0,26.34,13.67,4.02,S3,0,,0,36.0,obs,338,26.34,13.67,3.65,S3,26.34,13.67,3.65,S3,26.34,13.67,4.02,S3,7.666,0,S3,site_s3,S3,S3,S3,84.5,0.0,0.0,202.3,1,1,1,,
1786350231.998,c2,search,,0.0,31.1,20.71,10.76,S3,0,,0,4474.0,obs,501,31.1,20.71,10.98,S3,31.1,20.71,10.98,S3,31.1,20.71,10.76,S3,7.666,0,S3,site_s3,S3,S3,S3,125.0,0.0,0.0,327.3,1,1,1,,
1786350231.998,c2,recommend,,0.0,26.76,14.03,3.87,S3,0,,0,200.0,obs,670,26.76,14.03,4.0,S3,26.76,14.03,4.0,S3,26.76,14.03,3.87,S3,7.666,0,S3,site_s3,S3,S3,S3,167.5,0.0,0.0,357.1,1,1,1,,
1786350232.998,c1,reserve,,0.0,26.34,13.67,4.06,S3,0,,0,36.0,obs,336,26.34,13.67,3.65,S3,26.34,13.67,3.65,S3,26.34,13.67,4.06,S3,7.505,0,S3,site_s3,S3,S3,S3,84.0,0.0,0.0,23.4,1,1,1,,
1786350232.998,c1,search,,0.0,31.1,20.71,10.73,S3,0,,0,4474.0,obs,502,31.1,20.71,10.98,S3,31.1,20.71,10.98,S3,31.1,20.71,10.73,S3,7.505,0,S3,site_s3,S3,S3,S3,125.5,0.0,0.0,148.9,1,1,1,,
1786350232.998,c1,recommend,,0.0,26.76,14.03,3.86,S3,0,,0,200.0,obs,671,26.76,14.03,4.0,S3,26.76,14.03,4.0,S3,26.76,14.03,3.86,S3,7.505,0,S3,site_s3,S3,S3,S3,168.0,0.0,0.0,178.8,1,1,1,,
1786350232.998,c2,reserve,,0.0,26.34,13.67,4.06,S3,0,,0,36.0,obs,336,26.34,13.67,3.65,S3,26.34,13.67,3.65,S3,26.34,13.67,4.06,S3,7.505,0,S3,site_s3,S3,S3,S3,84.0,0.0,0.0,202.1,1,1,1,,
1786350232.998,c2,search,,0.0,31.1,20.71,10.73,S3,0,,0,4474.0,obs,502,31.1,20.71,10.98,S3,31.1,20.71,10.98,S3,31.1,20.71,10.73,S3,7.505,0,S3,site_s3,S3,S3,S3,125.5,0.0,0.0,327.6,1,1,1,,
1786350232.998,c2,recommend,,0.0,26.76,14.03,3.86,S3,0,,0,200.0,obs,671,26.76,14.03,4.0,S3,26.76,14.03,4.0,S3,26.76,14.03,3.86,S3,7.505,0,S3,site_s3,S3,S3,S3,167.5,0.0,0.0,357.4,1,1,1,,
1786350233.996,c1,reserve,,0.0,26.34,13.67,3.94,S3,0,,0,36.0,obs,334,26.34,13.67,3.65,S3,26.34,13.67,3.65,S3,26.34,13.67,3.94,S3,7.268,0,S3,site_s3,S3,S3,S3,83.5,0.0,0.0,23.2,1,1,1,,
1786350233.996,c1,search,,0.0,31.1,20.71,10.74,S3,0,,0,4474.0,obs,504,31.1,20.71,10.98,S3,31.1,20.71,10.98,S3,31.1,20.71,10.74,S3,7.268,0,S3,site_s3,S3,S3,S3,126.0,0.0,0.0,149.2,1,1,1,,
1786350233.996,c1,recommend,,0.0,26.76,14.03,3.82,S3,0,,0,200.0,obs,674,26.76,14.03,4.0,S3,26.76,14.03,4.0,S3,26.76,14.03,3.82,S3,7.268,0,S3,site_s3,S3,S3,S3,168.5,0.0,0.0,179.2,1,1,1,,
1786350233.996,c2,reserve,,0.0,26.34,13.67,3.94,S3,0,,0,36.0,obs,334,26.34,13.67,3.65,S3,26.34,13.67,3.65,S3,26.34,13.67,3.94,S3,7.268,0,S3,site_s3,S3,S3,S3,83.5,0.0,0.0,202.4,1,1,1,,
1786350233.996,c2,search,,0.0,31.1,20.71,10.74,S3,0,,0,4474.0,obs,504,31.1,20.71,10.98,S3,31.1,20.71,10.98,S3,31.1,20.71,10.74,S3,7.268,0,S3,site_s3,S3,S3,S3,126.0,0.0,0.0,328.4,1,1,1,,
1786350233.996,c2,recommend,,0.0,26.76,14.03,3.82,S3,0,,0,200.0,obs,674,26.76,14.03,4.0,S3,26.76,14.03,4.0,S3,26.76,14.03,3.82,S3,7.268,0,S3,site_s3,S3,S3,S3,168.5,0.0,0.0,358.4,1,1,1,,
1786350234.996,c1,reserve,,0.0,26.34,13.67,3.95,S3,0,,0,36.0,obs,334,26.34,13.67,3.65,S3,26.34,13.67,3.65,S3,26.34,13.67,3.95,S3,7.27,0,S3,site_s3,S3,S3,S3,83.5,0.0,0.0,23.2,1,1,1,,
1786350234.996,c1,search,,0.0,31.1,20.71,10.5,S3,0,,0,4474.0,obs,506,31.1,20.71,10.98,S3,31.1,20.71,10.98,S3,31.1,20.71,10.5,S3,7.27,0,S3,site_s3,S3,S3,S3,126.5,0.0,0.0,149.7,1,1,1,,
1786350234.996,c1,recommend,,0.0,26.76,14.03,3.79,S3,0,,0,200.0,obs,672,26.76,14.03,4.0,S3,26.76,14.03,4.0,S3,26.76,14.03,3.79,S3,7.27,0,S3,site_s3,S3,S3,S3,168.0,0.0,0.0,179.6,1,1,1,,
1786350234.996,c2,reserve,,0.0,26.34,13.67,3.95,S3,0,,0,36.0,obs,334,26.34,13.67,3.65,S3,26.34,13.67,3.65,S3,26.34,13.67,3.95,S3,7.27,0,S3,site_s3,S3,S3,S3,83.5,0.0,0.0,202.8,1,1,1,,
1786350234.996,c2,search,,0.0,31.1,20.71,10.5,S3,0,,0,4474.0,obs,506,31.1,20.71,10.98,S3,31.1,20.71,10.98,S3,31.1,20.71,10.5,S3,7.27,0,S3,site_s3,S3,S3,S3,126.5,0.0,0.0,329.3,1,1,1,,
1786350234.996,c2,recommend,,0.0,26.76,14.03,3.79,S3,0,,0,200.0,obs,672,26.76,14.03,4.0,S3,26.76,14.03,4.0,S3,26.76,14.03,3.79,S3,7.27,0,S3,site_s3,S3,S3,S3,168.0,0.0,0.0,359.2,1,1,1,,
1786350235.996,c1,reserve,,0.0,26.34,13.67,3.9,S3,0,,0,36.0,obs,339,26.34,13.67,3.65,S3,26.34,13.67,3.65,S3,26.34,13.67,3.9,S3,7.271,0,S3,site_s3,S3,S3,S3,84.5,0.0,0.0,23.5,1,1,1,,
1786350235.996,c1,search,,0.0,31.1,20.71,10.42,S3,0,,0,4474.0,obs,504,31.1,20.71,10.98,S3,31.1,20.71,10.98,S3,31.1,20.71,10.42,S3,7.271,0,S3,site_s3,S3,S3,S3,126.0,0.0,0.0,149.5,1,1,1,,
1786350235.996,c1,recommend,,0.0,26.76,14.03,3.8,S3,0,,0,200.0,obs,672,26.76,14.03,4.0,S3,26.76,14.03,4.0,S3,26.76,14.03,3.8,S3,7.271,0,S3,site_s3,S3,S3,S3,168.0,0.0,0.0,179.4,1,1,1,,
1786350235.996,c2,reserve,,0.0,26.34,13.67,3.9,S3,0,,0,36.0,obs,339,26.34,13.67,3.65,S3,26.34,13.67,3.65,S3,26.34,13.67,3.9,S3,7.271,0,S3,site_s3,S3,S3,S3,85.0,0.0,0.0,203.0,1,1,1,,
1786350235.996,c2,search,,0.0,31.1,20.71,10.42,S3,0,,0,4474.0,obs,504,31.1,20.71,10.98,S3,31.1,20.71,10.98,S3,31.1,20.71,10.42,S3,7.271,0,S3,site_s3,S3,S3,S3,126.0,0.0,0.0,329.0,1,1,1,,
1786350235.996,c2,recommend,,0.0,26.76,14.03,3.8,S3,0,,0,200.0,obs,672,26.76,14.03,4.0,S3,26.76,14.03,4.0,S3,26.76,14.03,3.8,S3,7.271,0,S3,site_s3,S3,S3,S3,168.0,0.0,0.0,358.9,1,1,1,,
1786350236.996,c1,reserve,,0.0,26.34,13.67,4.0,S3,0,,0,36.0,obs,338,26.34,13.67,3.65,S3,26.34,13.67,3.65,S3,26.34,13.67,4.0,S3,7.291,0,S3,site_s3,S3,S3,S3,84.5,0.0,0.0,23.5,1,1,1,,
1786350236.996,c1,search,,0.0,31.1,20.71,10.68,S3,0,,0,4474.0,obs,504,31.1,20.71,10.98,S3,31.1,20.71,10.98,S3,31.1,20.71,10.68,S3,7.291,0,S3,site_s3,S3,S3,S3,126.0,0.0,0.0,149.5,1,1,1,,
1786350236.996,c1,recommend,,0.0,26.76,14.03,3.83,S3,0,,0,200.0,obs,674,26.76,14.03,4.0,S3,26.76,14.03,4.0,S3,26.76,14.03,3.83,S3,7.291,0,S3,site_s3,S3,S3,S3,168.5,0.0,0.0,179.5,1,1,1,,
1786350236.996,c2,reserve,,0.0,26.34,13.67,4.0,S3,0,,0,36.0,obs,338,26.34,13.67,3.65,S3,26.34,13.67,3.65,S3,26.34,13.67,4.0,S3,7.291,0,S3,site_s3,S3,S3,S3,84.5,0.0,0.0,203.0,1,1,1,,
1786350236.996,c2,search,,0.0,31.1,20.71,10.68,S3,0,,0,4474.0,obs,504,31.1,20.71,10.98,S3,31.1,20.71,10.98,S3,31.1,20.71,10.68,S3,7.291,0,S3,site_s3,S3,S3,S3,126.0,0.0,0.0,329.0,1,1,1,,
1786350236.996,c2,recommend,,0.0,26.76,14.03,3.83,S3,0,,0,200.0,obs,674,26.76,14.03,4.0,S3,26.76,14.03,4.0,S3,26.76,14.03,3.83,S3,7.291,0,S3,site_s3,S3,S3,S3,168.5,0.0,0.0,359.0,1,1,1,,
1786350237.996,c1,reserve,,0.0,26.34,13.67,4.02,S3,0,,0,36.0,obs,336,26.34,13.67,3.65,S3,26.34,13.67,3.65,S3,26.34,13.67,4.02,S3,7.249,0,S3,site_s3,S3,S3,S3,84.0,0.0,0.0,23.4,1,1,1,,
1786350237.996,c1,search,,0.0,31.1,20.71,10.57,S3,0,,0,4474.0,obs,504,31.1,20.71,10.98,S3,31.1,20.71,10.98,S3,31.1,20.71,10.57,S3,7.249,0,S3,site_s3,S3,S3,S3,126.0,0.0,0.0,149.4,1,1,1,,
1786350237.996,c1,recommend,,0.0,26.76,14.03,3.78,S3,0,,0,200.0,obs,676,26.76,14.03,4.0,S3,26.76,14.03,4.0,S3,26.76,14.03,3.78,S3,7.249,0,S3,site_s3,S3,S3,S3,169.0,0.0,0.0,179.4,1,1,1,,
1786350237.996,c2,reserve,,0.0,26.34,13.67,4.02,S3,0,,0,36.0,obs,336,26.34,13.67,3.65,S3,26.34,13.67,3.65,S3,26.34,13.67,4.02,S3,7.249,0,S3,site_s3,S3,S3,S3,84.0,0.0,0.0,202.8,1,1,1,,
1786350237.996,c2,search,,0.0,31.1,20.71,10.57,S3,0,,0,4474.0,obs,504,31.1,20.71,10.98,S3,31.1,20.71,10.98,S3,31.1,20.71,10.57,S3,7.249,0,S3,site_s3,S3,S3,S3,126.0,0.0,0.0,328.8,1,1,1,,
1786350237.996,c2,recommend,,0.0,26.76,14.03,3.78,S3,0,,0,200.0,obs,676,26.76,14.03,4.0,S3,26.76,14.03,4.0,S3,26.76,14.03,3.78,S3,7.249,0,S3,site_s3,S3,S3,S3,169.0,0.0,0.0,358.9,1,1,1,,
1786350238.996,c1,reserve,,0.0,26.34,13.67,3.6,S3,0,,0,36.0,obs,336,26.34,13.67,3.65,S3,26.34,13.67,3.65,S3,26.34,13.67,3.6,S3,7.294,0,S3,site_s3,S3,S3,S3,84.0,0.0,0.0,23.4,1,1,1,,
1786350238.996,c1,search,,0.0,31.1,20.71,10.36,S3,0,,0,4474.0,obs,504,31.1,20.71,10.98,S3,31.1,20.71,10.98,S3,31.1,20.71,10.36,S3,7.294,0,S3,site_s3,S3,S3,S3,126.0,0.0,0.0,149.4,1,1,1,,
1786350238.996,c1,recommend,,0.0,26.76,14.03,3.7,S3,0,,0,200.0,obs,676,26.76,14.03,4.0,S3,26.76,14.03,4.0,S3,26.76,14.03,3.7,S3,7.294,0,S3,site_s3,S3,S3,S3,169.0,0.0,0.0,179.4,1,1,1,,
1786350238.996,c2,reserve,,0.0,26.34,13.67,3.6,S3,0,,0,36.0,obs,336,26.34,13.67,3.65,S3,26.34,13.67,3.65,S3,26.34,13.67,3.6,S3,7.294,0,S3,site_s3,S3,S3,S3,84.0,0.0,0.0,202.8,1,1,1,,
1786350238.996,c2,search,,0.0,31.1,20.71,10.36,S3,0,,0,4474.0,obs,504,31.1,20.71,10.98,S3,31.1,20.71,10.98,S3,31.1,20.71,10.36,S3,7.294,0,S3,site_s3,S3,S3,S3,126.0,0.0,0.0,328.8,1,1,1,,
1786350238.996,c2,recommend,,0.0,26.76,14.03,3.7,S3,0,,0,200.0,obs,676,26.76,14.03,4.0,S3,26.76,14.03,4.0,S3,26.76,14.03,3.7,S3,7.294,0,S3,site_s3,S3,S3,S3,169.0,0.0,0.0,358.9,1,1,1,,
1786350239.996,c1,reserve,,0.0,26.34,13.67,3.92,S3,0,,0,36.0,obs,338,26.34,13.67,3.65,S3,26.34,13.67,3.65,S3,26.34,13.67,3.92,S3,7.266,0,S3,site_s3,S3,S3,S3,84.5,0.0,0.0,23.5,1,1,1,,
1786350239.996,c1,search,,0.0,31.1,20.71,10.54,S3,0,,0,4474.0,obs,508,31.1,20.71,10.98,S3,31.1,20.71,10.98,S3,31.1,20.71,10.54,S3,7.266,0,S3,site_s3,S3,S3,S3,127.0,0.0,0.0,150.5,1,1,1,,
1786350239.996,c1,recommend,,0.0,26.76,14.03,3.75,S3,0,,0,200.0,obs,672,26.76,14.03,4.0,S3,26.76,14.03,4.0,S3,26.76,14.03,3.75,S3,7.266,0,S3,site_s3,S3,S3,S3,168.0,0.0,0.0,180.4,1,1,1,,
1786350239.996,c2,reserve,,0.0,26.34,13.67,3.92,S3,0,,0,36.0,obs,338,26.34,13.67,3.65,S3,26.34,13.67,3.65,S3,26.34,13.67,3.92,S3,7.266,0,S3,site_s3,S3,S3,S3,84.5,0.0,0.0,203.9,1,1,1,,
1786350239.996,c2,search,,0.0,31.1,20.71,10.54,S3,0,,0,4474.0,obs,508,31.1,20.71,10.98,S3,31.1,20.71,10.98,S3,31.1,20.71,10.54,S3,7.266,0,S3,site_s3,S3,S3,S3,127.0,0.0,0.0,330.9,1,1,1,,
1786350239.996,c2,recommend,,0.0,26.76,14.03,3.75,S3,0,,0,200.0,obs,672,26.76,14.03,4.0,S3,26.76,14.03,4.0,S3,26.76,14.03,3.75,S3,7.266,0,S3,site_s3,S3,S3,S3,168.0,0.0,0.0,360.8,1,1,1,,
1786350240.996,c1,reserve,,0.0,26.34,13.67,4.04,S3,0,,0,36.0,obs,340,26.34,13.67,3.65,S3,26.34,13.67,3.65,S3,26.34,13.67,4.04,S3,7.286,0,S3,site_s3,S3,S3,S3,85.0,0.0,0.0,23.6,1,1,1,,
1786350240.996,c1,search,,0.0,31.1,20.71,10.94,S3,0,,0,4474.0,obs,504,31.1,20.71,10.98,S3,31.1,20.71,10.98,S3,31.1,20.71,10.94,S3,7.286,0,S3,site_s3,S3,S3,S3,126.0,0.0,0.0,149.6,1,1,1,,
1786350240.996,c1,recommend,,0.0,26.76,14.03,3.92,S3,0,,0,200.0,obs,674,26.76,14.03,4.0,S3,26.76,14.03,4.0,S3,26.76,14.03,3.92,S3,7.286,0,S3,site_s3,S3,S3,S3,168.5,0.0,0.0,179.6,1,1,1,,
1786350240.996,c2,reserve,,0.0,26.34,13.67,4.04,S3,0,,0,36.0,obs,340,26.34,13.67,3.65,S3,26.34,13.67,3.65,S3,26.34,13.67,4.04,S3,7.286,0,S3,site_s3,S3,S3,S3,85.0,0.0,0.0,203.3,1,1,1,,
1786350240.996,c2,search,,0.0,31.1,20.71,10.94,S3,0,,0,4474.0,obs,504,31.1,20.71,10.98,S3,31.1,20.71,10.98,S3,31.1,20.71,10.94,S3,7.286,0,S3,site_s3,S3,S3,S3,126.0,0.0,0.0,329.3,1,1,1,,
1786350240.996,c2,recommend,,0.0,26.76,14.03,3.92,S3,0,,0,200.0,obs,674,26.76,14.03,4.0,S3,26.76,14.03,4.0,S3,26.76,14.03,3.92,S3,7.286,0,S3,site_s3,S3,S3,S3,168.5,0.0,0.0,359.2,1,1,1,,
1786350241.996,c1,reserve,,0.0,26.34,13.67,4.04,S3,0,,0,36.0,obs,337,26.34,13.67,3.65,S3,26.34,13.67,3.65,S3,26.34,13.67,4.04,S3,7.282,0,S3,site_s3,S3,S3,S3,84.0,0.0,0.0,23.4,1,1,1,,
1786350241.996,c1,search,,0.0,31.1,20.71,10.88,S3,0,,0,4474.0,obs,506,31.1,20.71,10.98,S3,31.1,20.71,10.98,S3,31.1,20.71,10.88,S3,7.282,0,S3,site_s3,S3,S3,S3,126.5,0.0,0.0,149.9,1,1,1,,
1786350241.996,c1,recommend,,0.0,26.76,14.03,3.89,S3,0,,0,200.0,obs,678,26.76,14.03,4.0,S3,26.76,14.03,4.0,S3,26.76,14.03,3.89,S3,7.282,0,S3,site_s3,S3,S3,S3,169.5,0.0,0.0,180.0,1,1,1,,
1786350241.996,c2,reserve,,0.0,26.34,13.67,4.04,S3,0,,0,36.0,obs,337,26.34,13.67,3.65,S3,26.34,13.67,3.65,S3,26.34,13.67,4.04,S3,7.282,0,S3,site_s3,S3,S3,S3,84.5,0.0,0.0,203.5,1,1,1,,
1786350241.996,c2,search,,0.0,31.1,20.71,10.88,S3,0,,0,4474.0,obs,506,31.1,20.71,10.98,S3,31.1,20.71,10.98,S3,31.1,20.71,10.88,S3,7.282,0,S3,site_s3,S3,S3,S3,126.5,0.0,0.0,330.0,1,1,1,,
1786350241.996,c2,recommend,,0.0,26.76,14.03,3.89,S3,0,,0,200.0,obs,678,26.76,14.03,4.0,S3,26.76,14.03,4.0,S3,26.76,14.03,3.89,S3,7.282,0,S3,site_s3,S3,S3,S3,169.5,0.0,0.0,360.2,1,1,1,,
1786350242.998,c1,reserve,,0.0,26.34,13.67,3.87,S3,0,,0,36.0,obs,336,26.34,13.67,3.65,S3,26.34,13.67,3.65,S3,26.34,13.67,3.87,S3,7.651,0,S3,site_s3,S3,S3,S3,84.0,0.0,0.0,23.4,1,1,1,,
1786350242.998,c1,search,,0.0,31.1,20.71,10.74,S3,0,,0,4474.0,obs,506,31.1,20.71,10.98,S3,31.1,20.71,10.98,S3,31.1,20.71,10.74,S3,7.651,0,S3,site_s3,S3,S3,S3,126.5,0.0,0.0,149.9,1,1,1,,
1786350242.998,c1,recommend,,0.0,26.76,14.03,3.86,S3,0,,0,200.0,obs,677,26.76,14.03,4.0,S3,26.76,14.03,4.0,S3,26.76,14.03,3.86,S3,7.651,0,S3,site_s3,S3,S3,S3,169.0,0.0,0.0,179.9,1,1,1,,
1786350242.998,c2,reserve,,0.0,26.34,13.67,3.87,S3,0,,0,36.0,obs,336,26.34,13.67,3.65,S3,26.34,13.67,3.65,S3,26.34,13.67,3.87,S3,7.651,0,S3,site_s3,S3,S3,S3,84.0,0.0,0.0,203.3,1,1,1,,
1786350242.998,c2,search,,0.0,31.1,20.71,10.74,S3,0,,0,4474.0,obs,506,31.1,20.71,10.98,S3,31.1,20.71,10.98,S3,31.1,20.71,10.74,S3,7.651,0,S3,site_s3,S3,S3,S3,126.5,0.0,0.0,329.8,1,1,1,,
1786350242.998,c2,recommend,,0.0,26.76,14.03,3.86,S3,0,,0,200.0,obs,677,26.76,14.03,4.0,S3,26.76,14.03,4.0,S3,26.76,14.03,3.86,S3,7.651,0,S3,site_s3,S3,S3,S3,169.5,0.0,0.0,360.0,1,1,1,,
1786350243.997,c1,reserve,,0.0,26.34,13.67,3.92,S3,0,,0,36.0,obs,336,26.34,13.67,3.65,S3,26.34,13.67,3.65,S3,26.34,13.67,3.92,S3,7.33,0,S3,site_s3,S3,S3,S3,84.0,0.0,0.0,23.4,1,1,1,,
1786350243.997,c1,search,,0.0,31.1,20.71,10.71,S3,0,,0,4474.0,obs,509,31.1,20.71,10.98,S3,31.1,20.71,10.98,S3,31.1,20.71,10.71,S3,7.33,0,S3,site_s3,S3,S3,S3,127.5,0.0,0.0,150.9,1,1,1,,
1786350243.997,c1,recommend,,0.0,26.76,14.03,3.78,S3,0,,0,200.0,obs,676,26.76,14.03,4.0,S3,26.76,14.03,4.0,S3,26.76,14.03,3.78,S3,7.33,0,S3,site_s3,S3,S3,S3,169.0,0.0,0.0,180.9,1,1,1,,
1786350243.997,c2,reserve,,0.0,26.34,13.67,3.92,S3,0,,0,36.0,obs,336,26.34,13.67,3.65,S3,26.34,13.67,3.65,S3,26.34,13.67,3.92,S3,7.33,0,S3,site_s3,S3,S3,S3,84.0,0.0,0.0,204.3,1,1,1,,
1786350243.997,c2,search,,0.0,31.1,20.71,10.71,S3,0,,0,4474.0,obs,509,31.1,20.71,10.98,S3,31.1,20.71,10.98,S3,31.1,20.71,10.71,S3,7.33,0,S3,site_s3,S3,S3,S3,127.0,0.0,0.0,331.3,1,1,1,,
1786350243.997,c2,recommend,,0.0,26.76,14.03,3.78,S3,0,,0,200.0,obs,676,26.76,14.03,4.0,S3,26.76,14.03,4.0,S3,26.76,14.03,3.78,S3,7.33,0,S3,site_s3,S3,S3,S3,169.0,0.0,0.0,361.4,1,1,1,,
1786350244.997,c1,reserve,,0.0,26.34,13.67,3.9,S3,0,,0,36.0,obs,342,26.34,13.67,3.65,S3,26.34,13.67,3.65,S3,26.34,13.67,3.9,S3,7.276,0,S3,site_s3,S3,S3,S3,85.5,0.0,0.0,23.8,1,1,1,,
1786350244.997,c1,search,,0.0,31.1,20.71,10.75,S3,0,,0,4474.0,obs,506,31.1,20.71,10.98,S3,31.1,20.71,10.98,S3,31.1,20.71,10.75,S3,7.276,0,S3,site_s3,S3,S3,S3,126.5,0.0,0.0,150.3,1,1,1,,
1786350244.997,c1,recommend,,0.0,26.76,14.03,3.75,S3,0,,0,200.0,obs,673,26.76,14.03,4.0,S3,26.76,14.03,4.0,S3,26.76,14.03,3.75,S3,7.276,0,S3,site_s3,S3,S3,S3,168.5,0.0,0.0,180.3,1,1,1,,
1786350244.997,c2,reserve,,0.0,26.34,13.67,3.9,S3,0,,0,36.0,obs,342,26.34,13.67,3.65,S3,26.34,13.67,3.65,S3,26.34,13.67,3.9,S3,7.276,0,S3,site_s3,S3,S3,S3,85.5,0.0,0.0,204.0,1,1,1,,
1786350244.997,c2,search,,0.0,31.1,20.71,10.75,S3,0,,0,4474.0,obs,506,31.1,20.71,10.98,S3,31.1,20.71,10.98,S3,31.1,20.71,10.75,S3,7.276,0,S3,site_s3,S3,S3,S3,126.5,0.0,0.0,330.5,1,1,1,,
1786350244.997,c2,recommend,,0.0,26.76,14.03,3.75,S3,0,,0,200.0,obs,673,26.76,14.03,4.0,S3,26.76,14.03,4.0,S3,26.76,14.03,3.75,S3,7.276,0,S3,site_s3,S3,S3,S3,168.0,0.0,0.0,360.4,1,1,1,,
1786350245.997,c1,reserve,,0.0,26.34,13.67,3.93,S3,0,,0,36.0,obs,339,26.34,13.67,3.65,S3,26.34,13.67,3.65,S3,26.34,13.67,3.93,S3,7.304,0,S3,site_s3,S3,S3,S3,85.0,0.0,0.0,23.6,1,1,1,,
1786350245.997,c1,search,,0.0,31.1,20.71,10.79,S3,0,,0,4474.0,obs,506,31.1,20.71,10.98,S3,31.1,20.71,10.98,S3,31.1,20.71,10.79,S3,7.304,0,S3,site_s3,S3,S3,S3,126.5,0.0,0.0,150.1,1,1,1,,
1786350245.997,c1,recommend,,0.0,26.76,14.03,3.8,S3,0,,0,200.0,obs,678,26.76,14.03,4.0,S3,26.76,14.03,4.0,S3,26.76,14.03,3.8,S3,7.304,0,S3,site_s3,S3,S3,S3,169.5,0.0,0.0,180.3,1,1,1,,
1786350245.997,c2,reserve,,0.0,26.34,13.67,3.93,S3,0,,0,36.0,obs,339,26.34,13.67,3.65,S3,26.34,13.67,3.65,S3,26.34,13.67,3.93,S3,7.304,0,S3,site_s3,S3,S3,S3,84.5,0.0,0.0,203.8,1,1,1,,
1786350245.997,c2,search,,0.0,31.1,20.71,10.79,S3,0,,0,4474.0,obs,506,31.1,20.71,10.98,S3,31.1,20.71,10.98,S3,31.1,20.71,10.79,S3,7.304,0,S3,site_s3,S3,S3,S3,126.5,0.0,0.0,330.3,1,1,1,,
1786350245.997,c2,recommend,,0.0,26.76,14.03,3.8,S3,0,,0,200.0,obs,678,26.76,14.03,4.0,S3,26.76,14.03,4.0,S3,26.76,14.03,3.8,S3,7.304,0,S3,site_s3,S3,S3,S3,169.5,0.0,0.0,360.5,1,1,1,,
1786350246.998,c1,reserve,,0.0,26.34,13.67,3.96,S3,0,,0,36.0,obs,338,26.34,13.67,3.65,S3,26.34,13.67,3.65,S3,26.34,13.67,3.96,S3,7.529,0,S3,site_s3,S3,S3,S3,84.5,0.0,0.0,23.5,1,1,1,,
1786350246.998,c1,search,,0.0,31.1,20.71,10.82,S3,0,,0,4474.0,obs,506,31.1,20.71,10.98,S3,31.1,20.71,10.98,S3,31.1,20.71,10.82,S3,7.529,0,S3,site_s3,S3,S3,S3,126.5,0.0,0.0,150.0,1,1,1,,
1786350246.998,c1,recommend,,0.0,26.76,14.03,3.89,S3,0,,0,200.0,obs,679,26.76,14.03,4.0,S3,26.76,14.03,4.0,S3,26.76,14.03,3.89,S3,7.529,0,S3,site_s3,S3,S3,S3,170.0,0.0,0.0,180.3,1,1,1,,
1786350246.998,c2,reserve,,0.0,26.34,13.67,3.96,S3,0,,0,36.0,obs,338,26.34,13.67,3.65,S3,26.34,13.67,3.65,S3,26.34,13.67,3.96,S3,7.529,0,S3,site_s3,S3,S3,S3,84.5,0.0,0.0,203.7,1,1,1,,
1786350246.998,c2,search,,0.0,31.1,20.71,10.82,S3,0,,0,4474.0,obs,506,31.1,20.71,10.98,S3,31.1,20.71,10.98,S3,31.1,20.71,10.82,S3,7.529,0,S3,site_s3,S3,S3,S3,126.5,0.0,0.0,330.2,1,1,1,,
1786350246.998,c2,recommend,,0.0,26.76,14.03,3.89,S3,0,,0,200.0,obs,679,26.76,14.03,4.0,S3,26.76,14.03,4.0,S3,26.76,14.03,3.89,S3,7.529,0,S3,site_s3,S3,S3,S3,169.5,0.0,0.0,360.4,1,1,1,,
1786350247.998,c1,reserve,,0.0,26.34,13.67,3.85,S3,0,,0,36.0,obs,336,26.34,13.67,3.65,S3,26.34,13.67,3.65,S3,26.34,13.67,3.85,S3,7.704,0,S3,site_s3,S3,S3,S3,84.0,0.0,0.0,23.4,1,1,1,,
1786350247.998,c1,search,,0.0,31.1,20.71,10.73,S3,0,,0,4474.0,obs,508,31.1,20.71,10.98,S3,31.1,20.71,10.98,S3,31.1,20.71,10.73,S3,7.704,0,S3,site_s3,S3,S3,S3,127.0,0.0,0.0,150.4,1,1,1,,
1786350247.998,c1,recommend,,0.0,26.76,14.03,3.86,S3,0,,0,200.0,obs,681,26.76,14.03,4.0,S3,26.76,14.03,4.0,S3,26.76,14.03,3.86,S3,7.704,0,S3,site_s3,S3,S3,S3,170.5,0.0,0.0,180.7,1,1,1,,
1786350247.998,c2,reserve,,0.0,26.34,13.67,3.85,S3,0,,0,36.0,obs,336,26.34,13.67,3.65,S3,26.34,13.67,3.65,S3,26.34,13.67,3.85,S3,7.704,0,S3,site_s3,S3,S3,S3,84.0,0.0,0.0,204.1,1,1,1,,
1786350247.998,c2,search,,0.0,31.1,20.71,10.73,S3,0,,0,4474.0,obs,508,31.1,20.71,10.98,S3,31.1,20.71,10.98,S3,31.1,20.71,10.73,S3,7.704,0,S3,site_s3,S3,S3,S3,127.0,0.0,0.0,331.1,1,1,1,,
1786350247.998,c2,recommend,,0.0,26.76,14.03,3.86,S3,0,,0,200.0,obs,681,26.76,14.03,4.0,S3,26.76,14.03,4.0,S3,26.76,14.03,3.86,S3,7.704,0,S3,site_s3,S3,S3,S3,170.0,0.0,0.0,361.3,1,1,1,,
1786350248.998,c1,reserve,,0.0,26.34,13.67,3.73,S3,0,,0,36.0,obs,339,26.34,13.67,3.65,S3,26.34,13.67,3.65,S3,26.34,13.67,3.73,S3,7.646,0,S3,site_s3,S3,S3,S3,85.0,0.0,0.0,23.6,1,1,1,,
1786350248.998,c1,search,,0.0,31.1,20.71,10.71,S3,0,,0,4474.0,obs,510,31.1,20.71,10.98,S3,31.1,20.71,10.98,S3,31.1,20.71,10.71,S3,7.646,0,S3,site_s3,S3,S3,S3,127.5,0.0,0.0,151.1,1,1,1,,
1786350248.998,c1,recommend,,0.0,26.76,14.03,3.86,S3,0,,0,200.0,obs,675,26.76,14.03,4.0,S3,26.76,14.03,4.0,S3,26.76,14.03,3.86,S3,7.646,0,S3,site_s3,S3,S3,S3,168.5,0.0,0.0,181.1,1,1,1,,
1786350248.998,c2,reserve,,0.0,26.34,13.67,3.73,S3,0,,0,36.0,obs,339,26.34,13.67,3.65,S3,26.34,13.67,3.65,S3,26.34,13.67,3.73,S3,7.646,0,S3,site_s3,S3,S3,S3,84.5,0.0,0.0,204.6,1,1,1,,
1786350248.998,c2,search,,0.0,31.1,20.71,10.71,S3,0,,0,4474.0,obs,510,31.1,20.71,10.98,S3,31.1,20.71,10.98,S3,31.1,20.71,10.71,S3,7.646,0,S3,site_s3,S3,S3,S3,127.5,0.0,0.0,332.1,1,1,1,,
1786350248.998,c2,recommend,,0.0,26.76,14.03,3.86,S3,0,,0,200.0,obs,675,26.76,14.03,4.0,S3,26.76,14.03,4.0,S3,26.76,14.03,3.86,S3,7.646,0,S3,site_s3,S3,S3,S3,169.0,0.0,0.0,362.2,1,1,1,,
1786350249.997,c1,reserve,,0.0,26.34,13.67,3.77,S3,0,,0,36.0,obs,342,26.34,13.67,3.65,S3,26.34,13.67,3.65,S3,26.34,13.67,3.77,S3,7.318,0,S3,site_s3,S3,S3,S3,85.5,0.0,0.0,23.8,1,1,1,,
1786350249.997,c1,search,,0.0,31.1,20.71,10.81,S3,0,,0,4474.0,obs,506,31.1,20.71,10.98,S3,31.1,20.71,10.98,S3,31.1,20.71,10.81,S3,7.318,0,S3,site_s3,S3,S3,S3,126.5,0.0,0.0,150.3,1,1,1,,
1786350249.997,c1,recommend,,0.0,26.76,14.03,3.87,S3,0,,0,200.0,obs,677,26.76,14.03,4.0,S3,26.76,14.03,4.0,S3,26.76,14.03,3.87,S3,7.318,0,S3,site_s3,S3,S3,S3,169.0,0.0,0.0,180.4,1,1,1,,
1786350249.997,c2,reserve,,0.0,26.34,13.67,3.77,S3,0,,0,36.0,obs,342,26.34,13.67,3.65,S3,26.34,13.67,3.65,S3,26.34,13.67,3.77,S3,7.318,0,S3,site_s3,S3,S3,S3,85.5,0.0,0.0,204.1,1,1,1,,
1786350249.997,c2,search,,0.0,31.1,20.71,10.81,S3,0,,0,4474.0,obs,506,31.1,20.71,10.98,S3,31.1,20.71,10.98,S3,31.1,20.71,10.81,S3,7.318,0,S3,site_s3,S3,S3,S3,126.5,0.0,0.0,330.6,1,1,1,,
1786350249.997,c2,recommend,,0.0,26.76,14.03,3.87,S3,0,,0,200.0,obs,677,26.76,14.03,4.0,S3,26.76,14.03,4.0,S3,26.76,14.03,3.87,S3,7.318,0,S3,site_s3,S3,S3,S3,169.5,0.0,0.0,360.8,1,1,1,,
1786350250.997,c1,reserve,,0.0,26.34,13.67,4.01,S3,0,,0,36.0,obs,340,26.34,13.67,3.65,S3,26.34,13.67,3.65,S3,26.34,13.67,4.01,S3,7.341,0,S3,site_s3,S3,S3,S3,85.0,0.0,0.0,23.6,1,1,1,,
1786350250.997,c1,search,,0.0,31.1,20.71,10.79,S3,0,,0,4474.0,obs,508,31.1,20.71,10.98,S3,31.1,20.71,10.98,S3,31.1,20.71,10.79,S3,7.341,0,S3,site_s3,S3,S3,S3,127.0,0.0,0.0,150.6,1,1,1,,
1786350250.997,c1,recommend,,0.0,26.76,14.03,3.87,S3,0,,0,200.0,obs,679,26.76,14.03,4.0,S3,26.76,14.03,4.0,S3,26.76,14.03,3.87,S3,7.341,0,S3,site_s3,S3,S3,S3,170.0,0.0,0.0,180.9,1,1,1,,
1786350250.997,c2,reserve,,0.0,26.34,13.67,4.01,S3,0,,0,36.0,obs,340,26.34,13.67,3.65,S3,26.34,13.67,3.65,S3,26.34,13.67,4.01,S3,7.341,0,S3,site_s3,S3,S3,S3,85.0,0.0,0.0,204.5,1,1,1,,
1786350250.997,c2,search,,0.0,31.1,20.71,10.79,S3,0,,0,4474.0,obs,508,31.1,20.71,10.98,S3,31.1,20.71,10.98,S3,31.1,20.71,10.79,S3,7.341,0,S3,site_s3,S3,S3,S3,127.0,0.0,0.0,331.5,1,1,1,,
1786350250.997,c2,recommend,,0.0,26.76,14.03,3.87,S3,0,,0,200.0,obs,679,26.76,14.03,4.0,S3,26.76,14.03,4.0,S3,26.76,14.03,3.87,S3,7.341,0,S3,site_s3,S3,S3,S3,169.5,0.0,0.0,361.7,1,1,1,,
1786350251.997,c1,reserve,,0.0,26.34,13.67,3.96,S3,0,,0,36.0,obs,338,26.34,13.67,3.65,S3,26.34,13.67,3.65,S3,26.34,13.67,3.96,S3,7.339,0,S3,site_s3,S3,S3,S3,84.5,0.0,0.0,23.5,1,1,1,,
1786350251.997,c1,search,,0.0,31.1,20.71,10.72,S3,0,,0,4474.0,obs,509,31.1,20.71,10.98,S3,31.1,20.71,10.98,S3,31.1,20.71,10.72,S3,7.339,0,S3,site_s3,S3,S3,S3,127.5,0.0,0.0,151.0,1,1,1,,
1786350251.997,c1,recommend,,0.0,26.76,14.03,3.83,S3,0,,0,200.0,obs,682,26.76,14.03,4.0,S3,26.76,14.03,4.0,S3,26.76,14.03,3.83,S3,7.339,0,S3,site_s3,S3,S3,S3,170.5,0.0,0.0,181.3,1,1,1,,
1786350251.997,c2,reserve,,0.0,26.34,13.67,3.96,S3,0,,0,36.0,obs,338,26.34,13.67,3.65,S3,26.34,13.67,3.65,S3,26.34,13.67,3.96,S3,7.339,0,S3,site_s3,S3,S3,S3,84.5,0.0,0.0,204.8,1,1,1,,
1786350251.997,c2,search,,0.0,31.1,20.71,10.72,S3,0,,0,4474.0,obs,509,31.1,20.71,10.98,S3,31.1,20.71,10.98,S3,31.1,20.71,10.72,S3,7.339,0,S3,site_s3,S3,S3,S3,127.0,0.0,0.0,331.8,1,1,1,,
1786350251.997,c2,recommend,,0.0,26.76,14.03,3.83,S3,0,,0,200.0,obs,682,26.76,14.03,4.0,S3,26.76,14.03,4.0,S3,26.76,14.03,3.83,S3,7.339,0,S3,site_s3,S3,S3,S3,170.5,0.0,0.0,362.2,1,1,1,,
1786350252.998,c1,reserve,,0.0,26.34,13.67,3.96,S3,0,,0,36.0,obs,338,26.34,13.67,3.65,S3,26.34,13.67,3.65,S3,26.34,13.67,3.96,S3,7.817,0,S3,site_s3,S3,S3,S3,84.5,0.0,0.0,23.5,1,1,1,,
1786350252.998,c1,search,,0.0,31.1,20.71,10.74,S3,0,,0,4474.0,obs,511,31.1,20.71,10.98,S3,31.1,20.71,10.98,S3,31.1,20.71,10.74,S3,7.817,0,S3,site_s3,S3,S3,S3,128.0,0.0,0.0,151.5,1,1,1,,
1786350252.998,c1,recommend,,0.0,26.76,14.03,3.85,S3,0,,0,200.0,obs,680,26.76,14.03,4.0,S3,26.76,14.03,4.0,S3,26.76,14.03,3.85,S3,7.817,0,S3,site_s3,S3,S3,S3,170.0,0.0,0.0,181.8,1,1,1,,
1786350252.998,c2,reserve,,0.0,26.34,13.67,3.96,S3,0,,0,36.0,obs,338,26.34,13.67,3.65,S3,26.34,13.67,3.65,S3,26.34,13.67,3.96,S3,7.817,0,S3,site_s3,S3,S3,S3,84.5,0.0,0.0,205.2,1,1,1,,
1786350252.998,c2,search,,0.0,31.1,20.71,10.74,S3,0,,0,4474.0,obs,511,31.1,20.71,10.98,S3,31.1,20.71,10.98,S3,31.1,20.71,10.74,S3,7.817,0,S3,site_s3,S3,S3,S3,127.5,0.0,0.0,332.7,1,1,1,,
1786350252.998,c2,recommend,,0.0,26.76,14.03,3.85,S3,0,,0,200.0,obs,680,26.76,14.03,4.0,S3,26.76,14.03,4.0,S3,26.76,14.03,3.85,S3,7.817,0,S3,site_s3,S3,S3,S3,170.0,0.0,0.0,363.0,1,1,1,,
1786350253.998,c1,reserve,,0.0,26.34,13.67,3.85,S3,0,,0,36.0,obs,342,26.34,13.67,3.65,S3,26.34,13.67,3.65,S3,26.34,13.67,3.85,S3,7.571,0,S3,site_s3,S3,S3,S3,85.5,0.0,0.0,23.8,1,1,1,,
1786350253.998,c1,search,,0.0,31.1,20.71,10.77,S3,0,,0,4474.0,obs,511,31.1,20.71,10.98,S3,31.1,20.71,10.98,S3,31.1,20.71,10.77,S3,7.571,0,S3,site_s3,S3,S3,S3,127.5,0.0,0.0,151.3,1,1,1,,
1786350253.998,c1,recommend,,0.0,26.76,14.03,3.87,S3,0,,0,200.0,obs,677,26.76,14.03,4.0,S3,26.76,14.03,4.0,S3,26.76,14.03,3.87,S3,7.571,0,S3,site_s3,S3,S3,S3,169.5,0.0,0.0,181.4,1,1,1,,
1786350253.998,c2,reserve,,0.0,26.34,13.67,3.85,S3,0,,0,36.0,obs,342,26.34,13.67,3.65,S3,26.34,13.67,3.65,S3,26.34,13.67,3.85,S3,7.571,0,S3,site_s3,S3,S3,S3,85.5,0.0,0.0,205.2,1,1,1,,
1786350253.998,c2,search,,0.0,31.1,20.71,10.77,S3,0,,0,4474.0,obs,511,31.1,20.71,10.98,S3,31.1,20.71,10.98,S3,31.1,20.71,10.77,S3,7.571,0,S3,site_s3,S3,S3,S3,128.0,0.0,0.0,333.2,1,1,1,,
1786350253.998,c2,recommend,,0.0,26.76,14.03,3.87,S3,0,,0,200.0,obs,677,26.76,14.03,4.0,S3,26.76,14.03,4.0,S3,26.76,14.03,3.87,S3,7.571,0,S3,site_s3,S3,S3,S3,169.0,0.0,0.0,363.3,1,1,1,,
1786350254.998,c1,reserve,,0.0,26.34,13.67,3.77,S3,0,,0,36.0,obs,343,26.34,13.67,3.65,S3,26.34,13.67,3.65,S3,26.34,13.67,3.77,S3,7.675,0,S3,site_s3,S3,S3,S3,86.0,0.0,0.0,23.9,1,1,1,,
1786350254.998,c1,search,,0.0,31.1,20.71,10.79,S3,0,,0,4474.0,obs,508,31.1,20.71,10.98,S3,31.1,20.71,10.98,S3,31.1,20.71,10.79,S3,7.675,0,S3,site_s3,S3,S3,S3,127.0,0.0,0.0,150.9,1,1,1,,
1786350254.998,c1,recommend,,0.0,26.76,14.03,3.84,S3,0,,0,200.0,obs,680,26.76,14.03,4.0,S3,26.76,14.03,4.0,S3,26.76,14.03,3.84,S3,7.675,0,S3,site_s3,S3,S3,S3,170.0,0.0,0.0,181.2,1,1,1,,
1786350254.998,c2,reserve,,0.0,26.34,13.67,3.77,S3,0,,0,36.0,obs,343,26.34,13.67,3.65,S3,26.34,13.67,3.65,S3,26.34,13.67,3.77,S3,7.675,0,S3,site_s3,S3,S3,S3,85.5,0.0,0.0,204.9,1,1,1,,
1786350254.998,c2,search,,0.0,31.1,20.71,10.79,S3,0,,0,4474.0,obs,508,31.1,20.71,10.98,S3,31.1,20.71,10.98,S3,31.1,20.71,10.79,S3,7.675,0,S3,site_s3,S3,S3,S3,127.0,0.0,0.0,331.9,1,1,1,,
1786350254.998,c2,recommend,,0.0,26.76,14.03,3.84,S3,0,,0,200.0,obs,680,26.76,14.03,4.0,S3,26.76,14.03,4.0,S3,26.76,14.03,3.84,S3,7.675,0,S3,site_s3,S3,S3,S3,170.0,0.0,0.0,362.2,1,1,1,,
1786350255.998,c1,reserve,,0.0,26.34,13.67,4.02,S3,0,,0,36.0,obs,338,26.34,13.67,3.65,S3,26.34,13.67,3.65,S3,26.34,13.67,4.02,S3,7.572,0,S3,site_s3,S3,S3,S3,84.5,0.0,0.0,23.5,1,1,1,,
1786350255.998,c1,search,,0.0,31.1,20.71,10.77,S3,0,,0,4474.0,obs,510,31.1,20.71,10.98,S3,31.1,20.71,10.98,S3,31.1,20.71,10.77,S3,7.572,0,S3,site_s3,S3,S3,S3,127.5,0.0,0.0,151.0,1,1,1,,
1786350255.998,c1,recommend,,0.0,26.76,14.03,3.85,S3,0,,0,200.0,obs,685,26.76,14.03,4.0,S3,26.76,14.03,4.0,S3,26.76,14.03,3.85,S3,7.572,0,S3,site_s3,S3,S3,S3,171.5,0.0,0.0,181.5,1,1,1,,
1786350255.998,c2,reserve,,0.0,26.34,13.67,4.02,S3,0,,0,36.0,obs,338,26.34,13.67,3.65,S3,26.34,13.67,3.65,S3,26.34,13.67,4.02,S3,7.572,0,S3,site_s3,S3,S3,S3,84.5,0.0,0.0,205.0,1,1,1,,
1786350255.998,c2,search,,0.0,31.1,20.71,10.77,S3,0,,0,4474.0,obs,510,31.1,20.71,10.98,S3,31.1,20.71,10.98,S3,31.1,20.71,10.77,S3,7.572,0,S3,site_s3,S3,S3,S3,127.5,0.0,0.0,332.5,1,1,1,,
1786350255.998,c2,recommend,,0.0,26.76,14.03,3.85,S3,0,,0,200.0,obs,685,26.76,14.03,4.0,S3,26.76,14.03,4.0,S3,26.76,14.03,3.85,S3,7.572,0,S3,site_s3,S3,S3,S3,171.0,0.0,0.0,362.9,1,1,1,,
1786350256.998,c1,reserve,,0.0,26.34,13.67,4.01,S3,0,,0,36.0,obs,338,26.34,13.67,3.65,S3,26.34,13.67,3.65,S3,26.34,13.67,4.01,S3,7.626,0,S3,site_s3,S3,S3,S3,84.5,0.0,0.0,23.5,1,1,1,,
1786350256.998,c1,search,,0.0,31.1,20.71,10.78,S3,0,,0,4474.0,obs,511,31.1,20.71,10.98,S3,31.1,20.71,10.98,S3,31.1,20.71,10.78,S3,7.626,0,S3,site_s3,S3,S3,S3,127.5,0.0,0.0,151.0,1,1,1,,
1786350256.998,c1,recommend,,0.0,26.76,14.03,3.93,S3,0,,0,200.0,obs,684,26.76,14.03,4.0,S3,26.76,14.03,4.0,S3,26.76,14.03,3.93,S3,7.626,0,S3,site_s3,S3,S3,S3,171.0,0.0,0.0,181.4,1,1,1,,
1786350256.998,c2,reserve,,0.0,26.34,13.67,4.01,S3,0,,0,36.0,obs,338,26.34,13.67,3.65,S3,26.34,13.67,3.65,S3,26.34,13.67,4.01,S3,7.626,0,S3,site_s3,S3,S3,S3,84.5,0.0,0.0,204.9,1,1,1,,
1786350256.998,c2,search,,0.0,31.1,20.71,10.78,S3,0,,0,4474.0,obs,511,31.1,20.71,10.98,S3,31.1,20.71,10.98,S3,31.1,20.71,10.78,S3,7.626,0,S3,site_s3,S3,S3,S3,128.0,0.0,0.0,332.9,1,1,1,,
1786350256.998,c2,recommend,,0.0,26.76,14.03,3.93,S3,0,,0,200.0,obs,684,26.76,14.03,4.0,S3,26.76,14.03,4.0,S3,26.76,14.03,3.93,S3,7.626,0,S3,site_s3,S3,S3,S3,171.0,0.0,0.0,363.4,1,1,1,,
1786350257.998,c1,reserve,,0.0,26.34,13.67,3.76,S3,0,,0,36.0,obs,341,26.34,13.67,3.65,S3,26.34,13.67,3.65,S3,26.34,13.67,3.76,S3,7.697,0,S3,site_s3,S3,S3,S3,85.5,0.0,0.0,23.8,1,1,1,,
1786350257.998,c1,search,,0.0,31.1,20.71,10.55,S3,0,,0,4474.0,obs,514,31.1,20.71,10.98,S3,31.1,20.71,10.98,S3,31.1,20.71,10.55,S3,7.697,0,S3,site_s3,S3,S3,S3,128.5,0.0,0.0,152.3,1,1,1,,
1786350257.998,c1,recommend,,0.0,26.76,14.03,3.83,S3,0,,0,200.0,obs,680,26.76,14.03,4.0,S3,26.76,14.03,4.0,S3,26.76,14.03,3.83,S3,7.697,0,S3,site_s3,S3,S3,S3,170.0,0.0,0.0,182.5,1,1,1,,
1786350257.998,c2,reserve,,0.0,26.34,13.67,3.76,S3,0,,0,36.0,obs,341,26.34,13.67,3.65,S3,26.34,13.67,3.65,S3,26.34,13.67,3.76,S3,7.697,0,S3,site_s3,S3,S3,S3,85.0,0.0,0.0,206.2,1,1,1,,
1786350257.998,c2,search,,0.0,31.1,20.71,10.55,S3,0,,0,4474.0,obs,514,31.1,20.71,10.98,S3,31.1,20.71,10.98,S3,31.1,20.71,10.55,S3,7.697,0,S3,site_s3,S3,S3,S3,128.5,0.0,0.0,334.7,1,1,1,,
1786350257.998,c2,recommend,,0.0,26.76,14.03,3.83,S3,0,,0,200.0,obs,680,26.76,14.03,4.0,S3,26.76,14.03,4.0,S3,26.76,14.03,3.83,S3,7.697,0,S3,site_s3,S3,S3,S3,170.0,0.0,0.0,364.9,1,1,1,,
1786350258.998,c1,reserve,,0.0,26.34,13.67,3.79,S3,0,,0,36.0,obs,346,26.34,13.67,3.65,S3,26.34,13.67,3.65,S3,26.34,13.67,3.79,S3,7.623,0,S3,site_s3,S3,S3,S3,86.5,0.0,0.0,24.0,1,1,1,,
1786350258.998,c1,search,,0.0,31.1,20.71,10.55,S3,0,,0,4474.0,obs,509,31.1,20.71,10.98,S3,31.1,20.71,10.98,S3,31.1,20.71,10.55,S3,7.623,0,S3,site_s3,S3,S3,S3,127.5,0.0,0.0,151.5,1,1,1,,
1786350258.998,c1,recommend,,0.0,26.76,14.03,3.83,S3,0,,0,200.0,obs,680,26.76,14.03,4.0,S3,26.76,14.03,4.0,S3,26.76,14.03,3.83,S3,7.623,0,S3,site_s3,S3,S3,S3,170.0,0.0,0.0,181.8,1,1,1,,
1786350258.998,c2,reserve,,0.0,26.34,13.67,3.79,S3,0,,0,36.0,obs,346,26.34,13.67,3.65,S3,26.34,13.67,3.65,S3,26.34,13.67,3.79,S3,7.623,0,S3,site_s3,S3,S3,S3,86.5,0.0,0.0,205.9,1,1,1,,
1786350258.998,c2,search,,0.0,31.1,20.71,10.55,S3,0,,0,4474.0,obs,509,31.1,20.71,10.98,S3,31.1,20.71,10.98,S3,31.1,20.71,10.55,S3,7.623,0,S3,site_s3,S3,S3,S3,127.0,0.0,0.0,332.9,1,1,1,,
1786350258.998,c2,recommend,,0.0,26.76,14.03,3.83,S3,0,,0,200.0,obs,680,26.76,14.03,4.0,S3,26.76,14.03,4.0,S3,26.76,14.03,3.83,S3,7.623,0,S3,site_s3,S3,S3,S3,170.0,0.0,0.0,363.1,1,1,1,,
1786350259.998,c1,reserve,,0.0,26.34,13.67,3.98,S3,0,,0,36.0,obs,342,26.34,13.67,3.65,S3,26.34,13.67,3.65,S3,26.34,13.67,3.98,S3,7.65,0,S3,site_s3,S3,S3,S3,85.5,0.0,0.0,23.8,1,1,1,,
1786350259.998,c1,search,,0.0,31.1,20.71,10.69,S3,0,,0,4474.0,obs,510,31.1,20.71,10.98,S3,31.1,20.71,10.98,S3,31.1,20.71,10.69,S3,7.65,0,S3,site_s3,S3,S3,S3,127.5,0.0,0.0,151.3,1,1,1,,
1786350259.998,c1,recommend,,0.0,26.76,14.03,3.85,S3,0,,0,200.0,obs,685,26.76,14.03,4.0,S3,26.76,14.03,4.0,S3,26.76,14.03,3.85,S3,7.65,0,S3,site_s3,S3,S3,S3,171.5,0.0,0.0,181.8,1,1,1,,
1786350259.998,c2,reserve,,0.0,26.34,13.67,3.98,S3,0,,0,36.0,obs,342,26.34,13.67,3.65,S3,26.34,13.67,3.65,S3,26.34,13.67,3.98,S3,7.65,0,S3,site_s3,S3,S3,S3,85.5,0.0,0.0,205.6,1,1,1,,
1786350259.998,c2,search,,0.0,31.1,20.71,10.69,S3,0,,0,4474.0,obs,510,31.1,20.71,10.98,S3,31.1,20.71,10.98,S3,31.1,20.71,10.69,S3,7.65,0,S3,site_s3,S3,S3,S3,127.5,0.0,0.0,333.1,1,1,1,,
1786350259.998,c2,recommend,,0.0,26.76,14.03,3.85,S3,0,,0,200.0,obs,685,26.76,14.03,4.0,S3,26.76,14.03,4.0,S3,26.76,14.03,3.85,S3,7.65,0,S3,site_s3,S3,S3,S3,171.0,0.0,0.0,363.5,1,1,1,,
1786350260.998,c1,reserve,,0.0,26.34,13.67,3.99,S3,0,,0,36.0,obs,340,26.34,13.67,3.65,S3,26.34,13.67,3.65,S3,26.34,13.67,3.99,S3,7.732,0,S3,site_s3,S3,S3,S3,85.0,0.0,0.0,23.6,1,1,1,,
1786350260.998,c1,search,,0.0,31.1,20.71,10.54,S3,0,,0,4474.0,obs,511,31.1,20.71,10.98,S3,31.1,20.71,10.98,S3,31.1,20.71,10.54,S3,7.732,0,S3,site_s3,S3,S3,S3,128.0,0.0,0.0,151.6,1,1,1,,
1786350260.998,c1,recommend,,0.0,26.76,14.03,3.77,S3,0,,0,200.0,obs,686,26.76,14.03,4.0,S3,26.76,14.03,4.0,S3,26.76,14.03,3.77,S3,7.732,0,S3,site_s3,S3,S3,S3,171.5,0.0,0.0,182.2,1,1,1,,
1786350260.998,c2,reserve,,0.0,26.34,13.67,3.99,S3,0,,0,36.0,obs,340,26.34,13.67,3.65,S3,26.34,13.67,3.65,S3,26.34,13.67,3.99,S3,7.732,0,S3,site_s3,S3,S3,S3,85.0,0.0,0.0,205.8,1,1,1,,
1786350260.998,c2,search,,0.0,31.1,20.71,10.54,S3,0,,0,4474.0,obs,511,31.1,20.71,10.98,S3,31.1,20.71,10.98,S3,31.1,20.71,10.54,S3,7.732,0,S3,site_s3,S3,S3,S3,127.5,0.0,0.0,333.3,1,1,1,,
1786350260.998,c2,recommend,,0.0,26.76,14.03,3.77,S3,0,,0,200.0,obs,686,26.76,14.03,4.0,S3,26.76,14.03,4.0,S3,26.76,14.03,3.77,S3,7.732,0,S3,site_s3,S3,S3,S3,171.5,0.0,0.0,363.8,1,1,1,,
1786350261.998,c1,reserve,,0.0,26.34,13.67,4.02,S3,0,,0,36.0,obs,338,26.34,13.67,3.65,S3,26.34,13.67,3.65,S3,26.34,13.67,4.02,S3,7.82,0,S3,site_s3,S3,S3,S3,84.5,0.0,0.0,23.5,1,1,1,,
1786350261.998,c1,search,,0.0,31.1,20.71,10.5,S3,0,,0,4474.0,obs,515,31.1,20.71,10.98,S3,31.1,20.71,10.98,S3,31.1,20.71,10.5,S3,7.82,0,S3,site_s3,S3,S3,S3,129.0,0.0,0.0,152.5,1,1,1,,
1786350261.998,c1,recommend,,0.0,26.76,14.03,3.71,S3,0,,0,200.0,obs,686,26.76,14.03,4.0,S3,26.76,14.03,4.0,S3,26.76,14.03,3.71,S3,7.82,0,S3,site_s3,S3,S3,S3,171.5,0.0,0.0,183.0,1,1,1,,
1786350261.998,c2,reserve,,0.0,26.34,13.67,4.02,S3,0,,0,36.0,obs,338,26.34,13.67,3.65,S3,26.34,13.67,3.65,S3,26.34,13.67,4.02,S3,7.82,0,S3,site_s3,S3,S3,S3,84.5,0.0,0.0,206.5,1,1,1,,
1786350261.998,c2,search,,0.0,31.1,20.71,10.5,S3,0,,0,4474.0,obs,515,31.1,20.71,10.98,S3,31.1,20.71,10.98,S3,31.1,20.71,10.5,S3,7.82,0,S3,site_s3,S3,S3,S3,128.5,0.0,0.0,335.0,1,1,1,,
1786350261.998,c2,recommend,,0.0,26.76,14.03,3.71,S3,0,,0,200.0,obs,686,26.76,14.03,4.0,S3,26.76,14.03,4.0,S3,26.76,14.03,3.71,S3,7.82,0,S3,site_s3,S3,S3,S3,171.5,0.0,0.0,365.5,1,1,1,,
1786350262.997,c1,reserve,,0.0,26.34,13.67,3.99,S3,0,,0,36.0,obs,344,26.34,13.67,3.65,S3,26.34,13.67,3.65,S3,26.34,13.67,3.99,S3,7.727,0,S3,site_s3,S3,S3,S3,86.0,0.0,0.0,23.9,1,1,1,,
1786350262.997,c1,search,,0.0,31.1,20.71,10.65,S3,0,,0,4474.0,obs,515,31.1,20.71,10.98,S3,31.1,20.71,10.98,S3,31.1,20.71,10.65,S3,7.727,0,S3,site_s3,S3,S3,S3,128.5,0.0,0.0,152.4,1,1,1,,
1786350262.997,c1,recommend,,0.0,26.76,14.03,3.76,S3,0,,0,200.0,obs,681,26.76,14.03,4.0,S3,26.76,14.03,4.0,S3,26.76,14.03,3.76,S3,7.727,0,S3,site_s3,S3,S3,S3,170.0,0.0,0.0,182.7,1,1,1,,
1786350262.997,c2,reserve,,0.0,26.34,13.67,3.99,S3,0,,0,36.0,obs,344,26.34,13.67,3.65,S3,26.34,13.67,3.65,S3,26.34,13.67,3.99,S3,7.727,0,S3,site_s3,S3,S3,S3,86.0,0.0,0.0,206.6,1,1,1,,
1786350262.997,c2,search,,0.0,31.1,20.71,10.65,S3,0,,0,4474.0,obs,515,31.1,20.71,10.98,S3,31.1,20.71,10.98,S3,31.1,20.71,10.65,S3,7.727,0,S3,site_s3,S3,S3,S3,129.0,0.0,0.0,335.6,1,1,1,,
1786350262.997,c2,recommend,,0.0,26.76,14.03,3.76,S3,0,,0,200.0,obs,681,26.76,14.03,4.0,S3,26.76,14.03,4.0,S3,26.76,14.03,3.76,S3,7.727,0,S3,site_s3,S3,S3,S3,170.5,0.0,0.0,365.9,1,1,1,,
1786350263.997,c1,reserve,,0.0,26.34,13.67,3.84,S3,0,,0,36.0,obs,345,26.34,13.67,3.65,S3,26.34,13.67,3.65,S3,26.34,13.67,3.84,S3,7.315,0,S3,site_s3,S3,S3,S3,86.5,0.0,0.0,24.0,1,1,1,,
1786350263.997,c1,search,,0.0,31.1,20.71,10.66,S3,0,,0,4474.0,obs,511,31.1,20.71,10.98,S3,31.1,20.71,10.98,S3,31.1,20.71,10.66,S3,7.315,0,S3,site_s3,S3,S3,S3,127.5,0.0,0.0,151.5,1,1,1,,
1786350263.997,c1,recommend,,0.0,26.76,14.03,3.85,S3,0,,0,200.0,obs,683,26.76,14.03,4.0,S3,26.76,14.03,4.0,S3,26.76,14.03,3.85,S3,7.315,0,S3,site_s3,S3,S3,S3,170.5,0.0,0.0,181.9,1,1,1,,
1786350263.997,c2,reserve,,0.0,26.34,13.67,3.84,S3,0,,0,36.0,obs,345,26.34,13.67,3.65,S3,26.34,13.67,3.65,S3,26.34,13.67,3.84,S3,7.315,0,S3,site_s3,S3,S3,S3,86.0,0.0,0.0,205.8,1,1,1,,
1786350263.997,c2,search,,0.0,31.1,20.71,10.66,S3,0,,0,4474.0,obs,511,31.1,20.71,10.98,S3,31.1,20.71,10.98,S3,31.1,20.71,10.66,S3,7.315,0,S3,site_s3,S3,S3,S3,128.0,0.0,0.0,333.8,1,1,1,,
1786350263.997,c2,recommend,,0.0,26.76,14.03,3.85,S3,0,,0,200.0,obs,683,26.76,14.03,4.0,S3,26.76,14.03,4.0,S3,26.76,14.03,3.85,S3,7.315,0,S3,site_s3,S3,S3,S3,171.0,0.0,0.0,364.2,1,1,1,,
1786350264.998,c1,reserve,,0.0,26.34,13.67,3.93,S3,0,,0,36.0,obs,342,26.34,13.67,3.65,S3,26.34,13.67,3.65,S3,26.34,13.67,3.93,S3,7.55,0,S3,site_s3,S3,S3,S3,85.5,0.0,0.0,23.8,1,1,1,,
1786350264.998,c1,search,,0.0,31.1,20.71,10.72,S3,0,,0,4474.0,obs,512,31.1,20.71,10.98,S3,31.1,20.71,10.98,S3,31.1,20.71,10.72,S3,7.55,0,S3,site_s3,S3,S3,S3,128.0,0.0,0.0,151.8,1,1,1,,
1786350264.998,c1,recommend,,0.0,26.76,14.03,3.83,S3,0,,0,200.0,obs,687,26.76,14.03,4.0,S3,26.76,14.03,4.0,S3,26.76,14.03,3.83,S3,7.55,0,S3,site_s3,S3,S3,S3,172.0,0.0,0.0,182.4,1,1,1,,
1786350264.998,c2,reserve,,0.0,26.34,13.67,3.93,S3,0,,0,36.0,obs,342,26.34,13.67,3.65,S3,26.34,13.67,3.65,S3,26.34,13.67,3.93,S3,7.55,0,S3,site_s3,S3,S3,S3,85.5,0.0,0.0,206.2,1,1,1,,
1786350264.998,c2,search,,0.0,31.1,20.71,10.72,S3,0,,0,4474.0,obs,512,31.1,20.71,10.98,S3,31.1,20.71,10.98,S3,31.1,20.71,10.72,S3,7.55,0,S3,site_s3,S3,S3,S3,128.0,0.0,0.0,334.2,1,1,1,,
1786350264.998,c2,recommend,,0.0,26.76,14.03,3.83,S3,0,,0,200.0,obs,687,26.76,14.03,4.0,S3,26.76,14.03,4.0,S3,26.76,14.03,3.83,S3,7.55,0,S3,site_s3,S3,S3,S3,171.5,0.0,0.0,364.7,1,1,1,,
1786350265.997,c1,reserve,,0.0,26.34,13.67,3.94,S3,0,,0,36.0,obs,340,26.34,13.67,3.65,S3,26.34,13.67,3.65,S3,26.34,13.67,3.94,S3,7.364,0,S3,site_s3,S3,S3,S3,85.0,0.0,0.0,23.6,1,1,1,,
1786350265.997,c1,search,,0.0,31.1,20.71,10.79,S3,0,,0,4474.0,obs,513,31.1,20.71,10.98,S3,31.1,20.71,10.98,S3,31.1,20.71,10.79,S3,7.364,0,S3,site_s3,S3,S3,S3,128.0,0.0,0.0,151.6,1,1,1,,
1786350265.997,c1,recommend,,0.0,26.76,14.03,3.84,S3,0,,0,200.0,obs,687,26.76,14.03,4.0,S3,26.76,14.03,4.0,S3,26.76,14.03,3.84,S3,7.364,0,S3,site_s3,S3,S3,S3,172.0,0.0,0.0,182.2,1,1,1,,
1786350265.997,c2,reserve,,0.0,26.34,13.67,3.94,S3,0,,0,36.0,obs,340,26.34,13.67,3.65,S3,26.34,13.67,3.65,S3,26.34,13.67,3.94,S3,7.364,0,S3,site_s3,S3,S3,S3,85.0,0.0,0.0,205.9,1,1,1,,
1786350265.997,c2,search,,0.0,31.1,20.71,10.79,S3,0,,0,4474.0,obs,513,31.1,20.71,10.98,S3,31.1,20.71,10.98,S3,31.1,20.71,10.79,S3,7.364,0,S3,site_s3,S3,S3,S3,128.5,0.0,0.0,334.4,1,1,1,,
1786350265.997,c2,recommend,,0.0,26.76,14.03,3.84,S3,0,,0,200.0,obs,687,26.76,14.03,4.0,S3,26.76,14.03,4.0,S3,26.76,14.03,3.84,S3,7.364,0,S3,site_s3,S3,S3,S3,171.5,0.0,0.0,364.9,1,1,1,,
1786350266.998,c1,reserve,,0.0,26.34,13.67,4.02,S3,0,,0,36.0,obs,343,26.34,13.67,3.65,S3,26.34,13.67,3.65,S3,26.34,13.67,4.02,S3,7.605,0,S3,site_s3,S3,S3,S3,86.0,0.0,0.0,23.9,1,1,1,,
1786350266.998,c1,search,,0.0,31.1,20.71,10.76,S3,0,,0,4474.0,obs,516,31.1,20.71,10.98,S3,31.1,20.71,10.98,S3,31.1,20.71,10.76,S3,7.605,0,S3,site_s3,S3,S3,S3,129.0,0.0,0.0,152.9,1,1,1,,
1786350266.998,c1,recommend,,0.0,26.76,14.03,3.8,S3,0,,0,200.0,obs,684,26.76,14.03,4.0,S3,26.76,14.03,4.0,S3,26.76,14.03,3.8,S3,7.605,0,S3,site_s3,S3,S3,S3,171.0,0.0,0.0,183.3,1,1,1,,
1786350266.998,c2,reserve,,0.0,26.34,13.67,4.02,S3,0,,0,36.0,obs,343,26.34,13.67,3.65,S3,26.34,13.67,3.65,S3,26.34,13.67,4.02,S3,7.605,0,S3,site_s3,S3,S3,S3,85.5,0.0,0.0,207.1,1,1,1,,
1786350266.998,c2,search,,0.0,31.1,20.71,10.76,S3,0,,0,4474.0,obs,516,31.1,20.71,10.98,S3,31.1,20.71,10.98,S3,31.1,20.71,10.76,S3,7.605,0,S3,site_s3,S3,S3,S3,129.0,0.0,0.0,336.1,1,1,1,,
1786350266.998,c2,recommend,,0.0,26.76,14.03,3.8,S3,0,,0,200.0,obs,684,26.76,14.03,4.0,S3,26.76,14.03,4.0,S3,26.76,14.03,3.8,S3,7.605,0,S3,site_s3,S3,S3,S3,171.0,0.0,0.0,366.6,1,1,1,,
1786350267.998,c1,reserve,,0.0,26.34,13.67,4.02,S3,0,,0,36.0,obs,346,26.34,13.67,3.65,S3,26.34,13.67,3.65,S3,26.34,13.67,4.02,S3,7.671,0,S3,site_s3,S3,S3,S3,86.5,0.0,0.0,24.0,1,1,1,,
1786350267.998,c1,search,,0.0,31.1,20.71,10.53,S3,0,,0,4474.0,obs,513,31.1,20.71,10.98,S3,31.1,20.71,10.98,S3,31.1,20.71,10.53,S3,7.671,0,S3,site_s3,S3,S3,S3,128.5,0.0,0.0,152.5,1,1,1,,
1786350267.998,c1,recommend,,0.0,26.76,14.03,3.76,S3,0,,0,200.0,obs,685,26.76,14.03,4.0,S3,26.76,14.03,4.0,S3,26.76,14.03,3.76,S3,7.671,0,S3,site_s3,S3,S3,S3,171.0,0.0,0.0,183.0,1,1,1,,
1786350267.998,c2,reserve,,0.0,26.34,13.67,4.02,S3,0,,0,36.0,obs,346,26.34,13.67,3.65,S3,26.34,13.67,3.65,S3,26.34,13.67,4.02,S3,7.671,0,S3,site_s3,S3,S3,S3,86.5,0.0,0.0,207.0,1,1,1,,
1786350267.998,c2,search,,0.0,31.1,20.71,10.53,S3,0,,0,4474.0,obs,513,31.1,20.71,10.98,S3,31.1,20.71,10.98,S3,31.1,20.71,10.53,S3,7.671,0,S3,site_s3,S3,S3,S3,128.0,0.0,0.0,335.0,1,1,1,,
1786350267.998,c2,recommend,,0.0,26.76,14.03,3.76,S3,0,,0,200.0,obs,685,26.76,14.03,4.0,S3,26.76,14.03,4.0,S3,26.76,14.03,3.76,S3,7.671,0,S3,site_s3,S3,S3,S3,171.5,0.0,0.0,365.6,1,1,1,,
1786350268.998,c1,reserve,,0.0,26.34,13.67,4.03,S3,0,,0,36.0,obs,344,26.34,13.67,3.65,S3,26.34,13.67,3.65,S3,26.34,13.67,4.03,S3,7.62,0,S3,site_s3,S3,S3,S3,86.0,0.0,0.0,23.9,1,1,1,,
1786350268.998,c1,search,,0.0,31.1,20.71,10.7,S3,0,,0,4474.0,obs,512,31.1,20.71,10.98,S3,31.1,20.71,10.98,S3,31.1,20.71,10.7,S3,7.62,0,S3,site_s3,S3,S3,S3,128.0,0.0,0.0,151.9,1,1,1,,
1786350268.998,c1,recommend,,0.0,26.76,14.03,3.76,S3,0,,0,200.0,obs,687,26.76,14.03,4.0,S3,26.76,14.03,4.0,S3,26.76,14.03,3.76,S3,7.62,0,S3,site_s3,S3,S3,S3,172.0,0.0,0.0,182.5,1,1,1,,
1786350268.998,c2,reserve,,0.0,26.34,13.67,4.03,S3,0,,0,36.0,obs,344,26.34,13.67,3.65,S3,26.34,13.67,3.65,S3,26.34,13.67,4.03,S3,7.62,0,S3,site_s3,S3,S3,S3,86.0,0.0,0.0,206.4,1,1,1,,
1786350268.998,c2,search,,0.0,31.1,20.71,10.7,S3,0,,0,4474.0,obs,512,31.1,20.71,10.98,S3,31.1,20.71,10.98,S3,31.1,20.71,10.7,S3,7.62,0,S3,site_s3,S3,S3,S3,128.0,0.0,0.0,334.4,1,1,1,,
1786350268.998,c2,recommend,,0.0,26.76,14.03,3.76,S3,0,,0,200.0,obs,687,26.76,14.03,4.0,S3,26.76,14.03,4.0,S3,26.76,14.03,3.76,S3,7.62,0,S3,site_s3,S3,S3,S3,171.5,0.0,0.0,365.0,1,1,1,,
1786350269.998,c1,reserve,,0.0,26.34,13.67,4.05,S3,0,,0,36.0,obs,342,26.34,13.67,3.65,S3,26.34,13.67,3.65,S3,26.34,13.67,4.05,S3,7.661,0,S3,site_s3,S3,S3,S3,85.5,0.0,0.0,23.8,1,1,1,,
1786350269.998,c1,search,,0.0,31.1,20.71,10.82,S3,0,,0,4474.0,obs,514,31.1,20.71,10.98,S3,31.1,20.71,10.98,S3,31.1,20.71,10.82,S3,7.661,0,S3,site_s3,S3,S3,S3,128.5,0.0,0.0,152.3,1,1,1,,
1786350269.998,c1,recommend,,0.0,26.76,14.03,3.77,S3,0,,0,200.0,obs,689,26.76,14.03,4.0,S3,26.76,14.03,4.0,S3,26.76,14.03,3.77,S3,7.661,0,S3,site_s3,S3,S3,S3,172.0,0.0,0.0,182.9,1,1,1,,
1786350269.998,c2,reserve,,0.0,26.34,13.67,4.05,S3,0,,0,36.0,obs,342,26.34,13.67,3.65,S3,26.34,13.67,3.65,S3,26.34,13.67,4.05,S3,7.661,0,S3,site_s3,S3,S3,S3,85.5,0.0,0.0,206.7,1,1,1,,
1786350269.998,c2,search,,0.0,31.1,20.71,10.82,S3,0,,0,4474.0,obs,514,31.1,20.71,10.98,S3,31.1,20.71,10.98,S3,31.1,20.71,10.82,S3,7.661,0,S3,site_s3,S3,S3,S3,128.5,0.0,0.0,335.2,1,1,1,,
1786350269.998,c2,recommend,,0.0,26.76,14.03,3.77,S3,0,,0,200.0,obs,689,26.76,14.03,4.0,S3,26.76,14.03,4.0,S3,26.76,14.03,3.77,S3,7.661,0,S3,site_s3,S3,S3,S3,172.5,0.0,0.0,365.9,1,1,1,,
1786350270.998,c1,reserve,,0.0,26.34,13.67,4.09,S3,0,,0,36.0,obs,342,26.34,13.67,3.65,S3,26.34,13.67,3.65,S3,26.34,13.67,4.09,S3,7.491,0,S3,site_s3,S3,S3,S3,85.5,0.0,0.0,23.8,1,1,1,,
1786350270.998,c1,search,,0.0,31.1,20.71,10.75,S3,0,,0,4474.0,obs,517,31.1,20.71,10.98,S3,31.1,20.71,10.98,S3,31.1,20.71,10.75,S3,7.491,0,S3,site_s3,S3,S3,S3,129.5,0.0,0.0,153.3,1,1,1,,
1786350270.998,c1,recommend,,0.0,26.76,14.03,3.81,S3,0,,0,200.0,obs,688,26.76,14.03,4.0,S3,26.76,14.03,4.0,S3,26.76,14.03,3.81,S3,7.491,0,S3,site_s3,S3,S3,S3,172.0,0.0,0.0,183.9,1,1,1,,
1786350270.998,c2,reserve,,0.0,26.34,13.67,4.09,S3,0,,0,36.0,obs,342,26.34,13.67,3.65,S3,26.34,13.67,3.65,S3,26.34,13.67,4.09,S3,7.491,0,S3,site_s3,S3,S3,S3,85.5,0.0,0.0,207.7,1,1,1,,
1786350270.998,c2,search,,0.0,31.1,20.71,10.75,S3,0,,0,4474.0,obs,517,31.1,20.71,10.98,S3,31.1,20.71,10.98,S3,31.1,20.71,10.75,S3,7.491,0,S3,site_s3,S3,S3,S3,129.0,0.0,0.0,336.7,1,1,1,,
1786350270.998,c2,recommend,,0.0,26.76,14.03,3.81,S3,0,,0,200.0,obs,688,26.76,14.03,4.0,S3,26.76,14.03,4.0,S3,26.76,14.03,3.81,S3,7.491,0,S3,site_s3,S3,S3,S3,172.0,0.0,0.0,367.3,1,1,1,,
1786350271.998,c1,reserve,,0.0,26.34,13.67,4.06,S3,0,,0,36.0,obs,346,26.34,13.67,3.65,S3,26.34,13.67,3.65,S3,26.34,13.67,4.06,S3,7.639,0,S3,site_s3,S3,S3,S3,86.5,0.0,0.0,24.0,1,1,1,,
1786350271.998,c1,search,,0.0,31.1,20.71,10.7,S3,0,,0,4474.0,obs,517,31.1,20.71,10.98,S3,31.1,20.71,10.98,S3,31.1,20.71,10.7,S3,7.639,0,S3,site_s3,S3,S3,S3,129.0,0.0,0.0,153.0,1,1,1,,
1786350271.998,c1,recommend,,0.0,26.76,14.03,3.84,S3,0,,0,200.0,obs,684,26.76,14.03,4.0,S3,26.76,14.03,4.0,S3,26.76,14.03,3.84,S3,7.639,0,S3,site_s3,S3,S3,S3,171.0,0.0,0.0,183.5,1,1,1,,
1786350271.998,c2,reserve,,0.0,26.34,13.67,4.06,S3,0,,0,36.0,obs,346,26.34,13.67,3.65,S3,26.34,13.67,3.65,S3,26.34,13.67,4.06,S3,7.639,0,S3,site_s3,S3,S3,S3,86.5,0.0,0.0,207.5,1,1,1,,
1786350271.998,c2,search,,0.0,31.1,20.71,10.7,S3,0,,0,4474.0,obs,517,31.1,20.71,10.98,S3,31.1,20.71,10.98,S3,31.1,20.71,10.7,S3,7.639,0,S3,site_s3,S3,S3,S3,129.5,0.0,0.0,337.0,1,1,1,,
1786350271.998,c2,recommend,,0.0,26.76,14.03,3.84,S3,0,,0,200.0,obs,684,26.76,14.03,4.0,S3,26.76,14.03,4.0,S3,26.76,14.03,3.84,S3,7.639,0,S3,site_s3,S3,S3,S3,171.0,0.0,0.0,367.5,1,1,1,,
1786350272.998,c1,reserve,,0.0,26.34,13.67,3.95,S3,0,,0,36.0,obs,347,26.34,13.67,3.65,S3,26.34,13.67,3.65,S3,26.34,13.67,3.95,S3,7.625,0,S3,site_s3,S3,S3,S3,87.0,0.0,0.0,24.2,1,1,1,,
1786350272.998,c1,search,,0.0,31.1,20.71,10.74,S3,0,,0,4474.0,obs,514,31.1,20.71,10.98,S3,31.1,20.71,10.98,S3,31.1,20.71,10.74,S3,7.625,0,S3,site_s3,S3,S3,S3,128.5,0.0,0.0,152.7,1,1,1,,
1786350272.998,c1,recommend,,0.0,26.76,14.03,3.86,S3,0,,0,200.0,obs,688,26.76,14.03,4.0,S3,26.76,14.03,4.0,S3,26.76,14.03,3.86,S3,7.625,0,S3,site_s3,S3,S3,S3,172.0,0.0,0.0,183.3,1,1,1,,
1786350272.998,c2,reserve,,0.0,26.34,13.67,3.95,S3,0,,0,36.0,obs,347,26.34,13.67,3.65,S3,26.34,13.67,3.65,S3,26.34,13.67,3.95,S3,7.625,0,S3,site_s3,S3,S3,S3,86.5,0.0,0.0,207.3,1,1,1,,
1786350272.998,c2,search,,0.0,31.1,20.71,10.74,S3,0,,0,4474.0,obs,514,31.1,20.71,10.98,S3,31.1,20.71,10.98,S3,31.1,20.71,10.74,S3,7.625,0,S3,site_s3,S3,S3,S3,128.5,0.0,0.0,335.8,1,1,1,,
1786350272.998,c2,recommend,,0.0,26.76,14.03,3.86,S3,0,,0,200.0,obs,688,26.76,14.03,4.0,S3,26.76,14.03,4.0,S3,26.76,14.03,3.86,S3,7.625,0,S3,site_s3,S3,S3,S3,172.0,0.0,0.0,366.5,1,1,1,,
1786350273.997,c1,reserve,,0.0,26.34,13.67,3.94,S3,0,,0,36.0,obs,342,26.34,13.67,3.65,S3,26.34,13.67,3.65,S3,26.34,13.67,3.94,S3,7.32,0,S3,site_s3,S3,S3,S3,85.5,0.0,0.0,23.8,1,1,1,,
1786350273.997,c1,search,,0.0,31.1,20.71,10.5,S3,0,,0,4474.0,obs,516,31.1,20.71,10.98,S3,31.1,20.71,10.98,S3,31.1,20.71,10.5,S3,7.32,0,S3,site_s3,S3,S3,S3,129.0,0.0,0.0,152.8,1,1,1,,
1786350273.997,c1,recommend,,0.0,26.76,14.03,3.91,S3,0,,0,200.0,obs,692,26.76,14.03,4.0,S3,26.76,14.03,4.0,S3,26.76,14.03,3.91,S3,7.32,0,S3,site_s3,S3,S3,S3,173.0,0.0,0.0,183.6,1,1,1,,
1786350273.997,c2,reserve,,0.0,26.34,13.67,3.94,S3,0,,0,36.0,obs,342,26.34,13.67,3.65,S3,26.34,13.67,3.65,S3,26.34,13.67,3.94,S3,7.32,0,S3,site_s3,S3,S3,S3,85.5,0.0,0.0,207.3,1,1,1,,
1786350273.997,c2,search,,0.0,31.1,20.71,10.5,S3,0,,0,4474.0,obs,516,31.1,20.71,10.98,S3,31.1,20.71,10.98,S3,31.1,20.71,10.5,S3,7.32,0,S3,site_s3,S3,S3,S3,129.0,0.0,0.0,336.3,1,1,1,,
1786350273.997,c2,recommend,,0.0,26.76,14.03,3.91,S3,0,,0,200.0,obs,692,26.76,14.03,4.0,S3,26.76,14.03,4.0,S3,26.76,14.03,3.91,S3,7.32,0,S3,site_s3,S3,S3,S3,173.0,0.0,0.0,367.1,1,1,1,,
1786350274.998,c1,reserve,,0.0,26.34,13.67,3.96,S3,0,,0,36.0,obs,342,26.34,13.67,3.65,S3,26.34,13.67,3.65,S3,26.34,13.67,3.96,S3,7.625,0,S3,site_s3,S3,S3,S3,85.5,0.0,0.0,23.8,1,1,1,,
1786350274.998,c1,search,,0.0,31.1,20.71,10.7,S3,0,,0,4474.0,obs,516,31.1,20.71,10.98,S3,31.1,20.71,10.98,S3,31.1,20.71,10.7,S3,7.625,0,S3,site_s3,S3,S3,S3,129.0,0.0,0.0,152.8,1,1,1,,
1786350274.998,c1,recommend,,0.0,26.76,14.03,3.82,S3,0,,0,200.0,obs,691,26.76,14.03,4.0,S3,26.76,14.03,4.0,S3,26.76,14.03,3.82,S3,7.625,0,S3,site_s3,S3,S3,S3,173.0,0.0,0.0,183.6,1,1,1,,
1786350274.998,c2,reserve,,0.0,26.34,13.67,3.96,S3,0,,0,36.0,obs,342,26.34,13.67,3.65,S3,26.34,13.67,3.65,S3,26.34,13.67,3.96,S3,7.625,0,S3,site_s3,S3,S3,S3,85.5,0.0,0.0,207.3,1,1,1,,
1786350274.998,c2,search,,0.0,31.1,20.71,10.7,S3,0,,0,4474.0,obs,516,31.1,20.71,10.98,S3,31.1,20.71,10.98,S3,31.1,20.71,10.7,S3,7.625,0,S3,site_s3,S3,S3,S3,129.0,0.0,0.0,336.3,1,1,1,,
1786350274.998,c2,recommend,,0.0,26.76,14.03,3.82,S3,0,,0,200.0,obs,691,26.76,14.03,4.0,S3,26.76,14.03,4.0,S3,26.76,14.03,3.82,S3,7.625,0,S3,site_s3,S3,S3,S3,172.5,0.0,0.0,367.0,1,1,1,,
1786350275.998,c1,reserve,,0.0,26.34,13.67,3.9,S3,0,,0,36.0,obs,345,26.34,13.67,3.65,S3,26.34,13.67,3.65,S3,26.34,13.67,3.9,S3,7.666,0,S3,site_s3,S3,S3,S3,86.5,0.0,0.0,24.0,1,1,1,,
1786350275.998,c1,search,,0.0,31.1,20.71,10.75,S3,0,,0,4474.0,obs,518,31.1,20.71,10.98,S3,31.1,20.71,10.98,S3,31.1,20.71,10.75,S3,7.666,0,S3,site_s3,S3,S3,S3,129.5,0.0,0.0,153.5,1,1,1,,
1786350275.998,c1,recommend,,0.0,26.76,14.03,3.8,S3,0,,0,200.0,obs,686,26.76,14.03,4.0,S3,26.76,14.03,4.0,S3,26.76,14.03,3.8,S3,7.666,0,S3,site_s3,S3,S3,S3,171.5,0.0,0.0,184.1,1,1,1,,
1786350275.998,c2,reserve,,0.0,26.34,13.67,3.9,S3,0,,0,36.0,obs,345,26.34,13.67,3.65,S3,26.34,13.67,3.65,S3,26.34,13.67,3.9,S3,7.666,0,S3,site_s3,S3,S3,S3,86.0,0.0,0.0,208.0,1,1,1,,
1786350275.998,c2,search,,0.0,31.1,20.71,10.75,S3,0,,0,4474.0,obs,518,31.1,20.71,10.98,S3,31.1,20.71,10.98,S3,31.1,20.71,10.75,S3,7.666,0,S3,site_s3,S3,S3,S3,129.5,0.0,0.0,337.5,1,1,1,,
1786350275.998,c2,recommend,,0.0,26.76,14.03,3.8,S3,0,,0,200.0,obs,686,26.76,14.03,4.0,S3,26.76,14.03,4.0,S3,26.76,14.03,3.8,S3,7.666,0,S3,site_s3,S3,S3,S3,171.5,0.0,0.0,368.0,1,1,1,,
1786350276.997,c1,reserve,,0.0,26.34,13.67,3.86,S3,0,,0,36.0,obs,349,26.34,13.67,3.65,S3,26.34,13.67,3.65,S3,26.34,13.67,3.86,S3,7.326,0,S3,site_s3,S3,S3,S3,87.0,0.0,0.0,24.2,1,1,1,,
1786350276.997,c1,search,,0.0,31.1,20.71,10.72,S3,0,,0,4474.0,obs,515,31.1,20.71,10.98,S3,31.1,20.71,10.98,S3,31.1,20.71,10.72,S3,7.326,0,S3,site_s3,S3,S3,S3,129.0,0.0,0.0,153.2,1,1,1,,
1786350276.997,c1,recommend,,0.0,26.76,14.03,3.8,S3,0,,0,200.0,obs,688,26.76,14.03,4.0,S3,26.76,14.03,4.0,S3,26.76,14.03,3.8,S3,7.326,0,S3,site_s3,S3,S3,S3,172.0,0.0,0.0,183.8,1,1,1,,
1786350276.997,c2,reserve,,0.0,26.34,13.67,3.86,S3,0,,0,36.0,obs,349,26.34,13.67,3.65,S3,26.34,13.67,3.65,S3,26.34,13.67,3.86,S3,7.326,0,S3,site_s3,S3,S3,S3,87.5,0.0,0.0,208.1,1,1,1,,
1786350276.997,c2,search,,0.0,31.1,20.71,10.72,S3,0,,0,4474.0,obs,515,31.1,20.71,10.98,S3,31.1,20.71,10.98,S3,31.1,20.71,10.72,S3,7.326,0,S3,site_s3,S3,S3,S3,128.5,0.0,0.0,336.6,1,1,1,,
1786350276.997,c2,recommend,,0.0,26.76,14.03,3.8,S3,0,,0,200.0,obs,688,26.76,14.03,4.0,S3,26.76,14.03,4.0,S3,26.76,14.03,3.8,S3,7.326,0,S3,site_s3,S3,S3,S3,172.0,0.0,0.0,367.2,1,1,1,,
1786350277.998,c1,reserve,,0.0,26.34,13.67,3.8,S3,0,,0,36.0,obs,346,26.34,13.67,3.65,S3,26.34,13.67,3.65,S3,26.34,13.67,3.8,S3,7.604,0,S3,site_s3,S3,S3,S3,86.5,0.0,0.0,24.0,1,1,1,,
1786350277.998,c1,search,,0.0,31.1,20.71,10.68,S3,0,,0,4474.0,obs,514,31.1,20.71,10.98,S3,31.1,20.71,10.98,S3,31.1,20.71,10.68,S3,7.604,0,S3,site_s3,S3,S3,S3,128.5,0.0,0.0,152.5,1,1,1,,
1786350277.998,c1,recommend,,0.0,26.76,14.03,3.73,S3,0,,0,200.0,obs,691,26.76,14.03,4.0,S3,26.76,14.03,4.0,S3,26.76,14.03,3.73,S3,7.604,0,S3,site_s3,S3,S3,S3,173.0,0.0,0.0,183.3,1,1,1,,
1786350277.998,c2,reserve,,0.0,26.34,13.67,3.8,S3,0,,0,36.0,obs,346,26.34,13.67,3.65,S3,26.34,13.67,3.65,S3,26.34,13.67,3.8,S3,7.604,0,S3,site_s3,S3,S3,S3,86.5,0.0,0.0,207.4,1,1,1,,
1786350277.998,c2,search,,0.0,31.1,20.71,10.68,S3,0,,0,4474.0,obs,514,31.1,20.71,10.98,S3,31.1,20.71,10.98,S3,31.1,20.71,10.68,S3,7.604,0,S3,site_s3,S3,S3,S3,128.5,0.0,0.0,335.9,1,1,1,,
1786350277.998,c2,recommend,,0.0,26.76,14.03,3.73,S3,0,,0,200.0,obs,691,26.76,14.03,4.0,S3,26.76,14.03,4.0,S3,26.76,14.03,3.73,S3,7.604,0,S3,site_s3,S3,S3,S3,172.5,0.0,0.0,366.6,1,1,1,,
1786350278.998,c1,reserve,,0.0,26.34,13.67,3.93,S3,0,,0,36.0,obs,343,26.34,13.67,3.65,S3,26.34,13.67,3.65,S3,26.34,13.67,3.93,S3,7.709,0,S3,site_s3,S3,S3,S3,85.5,0.0,0.0,23.8,1,1,1,,
1786350278.998,c1,search,,0.0,31.1,20.71,10.76,S3,0,,0,4474.0,obs,518,31.1,20.71,10.98,S3,31.1,20.71,10.98,S3,31.1,20.71,10.76,S3,7.709,0,S3,site_s3,S3,S3,S3,129.5,0.0,0.0,153.3,1,1,1,,
1786350278.998,c1,recommend,,0.0,26.76,14.03,3.79,S3,0,,0,200.0,obs,695,26.76,14.03,4.0,S3,26.76,14.03,4.0,S3,26.76,14.03,3.79,S3,7.709,0,S3,site_s3,S3,S3,S3,173.5,0.0,0.0,184.2,1,1,1,,
1786350278.998,c2,reserve,,0.0,26.34,13.67,3.93,S3,0,,0,36.0,obs,343,26.34,13.67,3.65,S3,26.34,13.67,3.65,S3,26.34,13.67,3.93,S3,7.709,0,S3,site_s3,S3,S3,S3,86.0,0.0,0.0,208.1,1,1,1,,
1786350278.998,c2,search,,0.0,31.1,20.71,10.76,S3,0,,0,4474.0,obs,518,31.1,20.71,10.98,S3,31.1,20.71,10.98,S3,31.1,20.71,10.76,S3,7.709,0,S3,site_s3,S3,S3,S3,129.0,0.0,0.0,337.1,1,1,1,,
1786350278.998,c2,recommend,,0.0,26.76,14.03,3.79,S3,0,,0,200.0,obs,695,26.76,14.03,4.0,S3,26.76,14.03,4.0,S3,26.76,14.03,3.79,S3,7.709,0,S3,site_s3,S3,S3,S3,173.5,0.0,0.0,367.9,1,1,1,,
1786350279.998,c1,reserve,,0.0,26.34,13.67,4.05,S3,0,,0,36.0,obs,342,26.34,13.67,3.65,S3,26.34,13.67,3.65,S3,26.34,13.67,4.05,S3,7.76,0,S3,site_s3,S3,S3,S3,85.5,0.0,0.0,23.8,1,1,1,,
1786350279.998,c1,search,,0.0,31.1,20.71,10.73,S3,0,,0,4474.0,obs,520,31.1,20.71,10.98,S3,31.1,20.71,10.98,S3,31.1,20.71,10.73,S3,7.76,0,S3,site_s3,S3,S3,S3,130.0,0.0,0.0,153.8,1,1,1,,
1786350279.998,c1,recommend,,0.0,26.76,14.03,3.74,S3,0,,0,200.0,obs,692,26.76,14.03,4.0,S3,26.76,14.03,4.0,S3,26.76,14.03,3.74,S3,7.76,0,S3,site_s3,S3,S3,S3,173.0,0.0,0.0,184.6,1,1,1,,
1786350279.998,c2,reserve,,0.0,26.34,13.67,4.05,S3,0,,0,36.0,obs,342,26.34,13.67,3.65,S3,26.34,13.67,3.65,S3,26.34,13.67,4.05,S3,7.76,0,S3,site_s3,S3,S3,S3,85.5,0.0,0.0,208.3,1,1,1,,
1786350279.998,c2,search,,0.0,31.1,20.71,10.73,S3,0,,0,4474.0,obs,520,31.1,20.71,10.98,S3,31.1,20.71,10.98,S3,31.1,20.71,10.73,S3,7.76,0,S3,site_s3,S3,S3,S3,130.0,0.0,0.0,338.3,1,1,1,,
1786350279.998,c2,recommend,,0.0,26.76,14.03,3.74,S3,0,,0,200.0,obs,692,26.76,14.03,4.0,S3,26.76,14.03,4.0,S3,26.76,14.03,3.74,S3,7.76,0,S3,site_s3,S3,S3,S3,173.0,0.0,0.0,369.1,1,1,1,,
1786350280.997,c1,reserve,,0.0,26.34,13.67,3.97,S3,0,,0,36.0,obs,348,26.34,13.67,3.65,S3,26.34,13.67,3.65,S3,26.34,13.67,3.97,S3,7.296,0,S3,site_s3,S3,S3,S3,87.0,0.0,0.0,24.2,1,1,1,,
1786350280.997,c1,search,,0.0,31.1,20.71,10.7,S3,0,,0,4474.0,obs,520,31.1,20.71,10.98,S3,31.1,20.71,10.98,S3,31.1,20.71,10.7,S3,7.296,0,S3,site_s3,S3,S3,S3,130.0,0.0,0.0,154.2,1,1,1,,
1786350280.997,c1,recommend,,0.0,26.76,14.03,3.7,S3,0,,0,200.0,obs,687,26.76,14.03,4.0,S3,26.76,14.03,4.0,S3,26.76,14.03,3.7,S3,7.296,0,S3,site_s3,S3,S3,S3,172.0,0.0,0.0,184.8,1,1,1,,
1786350280.997,c2,reserve,,0.0,26.34,13.67,3.97,S3,0,,0,36.0,obs,348,26.34,13.67,3.65,S3,26.34,13.67,3.65,S3,26.34,13.67,3.97,S3,7.296,0,S3,site_s3,S3,S3,S3,87.0,0.0,0.0,209.0,1,1,1,,
1786350280.997,c2,search,,0.0,31.1,20.71,10.7,S3,0,,0,4474.0,obs,520,31.1,20.71,10.98,S3,31.1,20.71,10.98,S3,31.1,20.71,10.7,S3,7.296,0,S3,site_s3,S3,S3,S3,130.0,0.0,0.0,339.0,1,1,1,,
1786350280.997,c2,recommend,,0.0,26.76,14.03,3.7,S3,0,,0,200.0,obs,687,26.76,14.03,4.0,S3,26.76,14.03,4.0,S3,26.76,14.03,3.7,S3,7.296,0,S3,site_s3,S3,S3,S3,171.5,0.0,0.0,369.5,1,1,1,,
1786350281.998,c1,reserve,,0.0,26.34,13.67,3.85,S3,0,,0,36.0,obs,349,26.34,13.67,3.65,S3,26.34,13.67,3.65,S3,26.34,13.67,3.85,S3,7.682,0,S3,site_s3,S3,S3,S3,87.5,0.0,0.0,24.3,1,1,1,,
1786350281.998,c1,search,,0.0,31.1,20.71,10.75,S3,0,,0,4474.0,obs,516,31.1,20.71,10.98,S3,31.1,20.71,10.98,S3,31.1,20.71,10.75,S3,7.682,0,S3,site_s3,S3,S3,S3,129.0,0.0,0.0,153.3,1,1,1,,
1786350281.998,c1,recommend,,0.0,26.76,14.03,3.78,S3,0,,0,200.0,obs,690,26.76,14.03,4.0,S3,26.76,14.03,4.0,S3,26.76,14.03,3.78,S3,7.682,0,S3,site_s3,S3,S3,S3,172.5,0.0,0.0,184.0,1,1,1,,
1786350281.998,c2,reserve,,0.0,26.34,13.67,3.85,S3,0,,0,36.0,obs,349,26.34,13.67,3.65,S3,26.34,13.67,3.65,S3,26.34,13.67,3.85,S3,7.682,0,S3,site_s3,S3,S3,S3,87.0,0.0,0.0,208.2,1,1,1,,
1786350281.998,c2,search,,0.0,31.1,20.71,10.75,S3,0,,0,4474.0,obs,516,31.1,20.71,10.98,S3,31.1,20.71,10.98,S3,31.1,20.71,10.75,S3,7.682,0,S3,site_s3,S3,S3,S3,129.0,0.0,0.0,337.2,1,1,1,,
1786350281.998,c2,recommend,,0.0,26.76,14.03,3.78,S3,0,,0,200.0,obs,690,26.76,14.03,4.0,S3,26.76,14.03,4.0,S3,26.76,14.03,3.78,S3,7.682,0,S3,site_s3,S3,S3,S3,172.5,0.0,0.0,367.9,1,1,1,,
1786350282.998,c1,reserve,,0.0,26.34,13.67,3.92,S3,0,,0,36.0,obs,344,26.34,13.67,3.65,S3,26.34,13.67,3.65,S3,26.34,13.67,3.92,S3,7.543,0,S3,site_s3,S3,S3,S3,86.0,0.0,0.0,23.9,1,1,1,,
1786350282.998,c1,search,,0.0,31.1,20.71,10.72,S3,0,,0,4474.0,obs,518,31.1,20.71,10.98,S3,31.1,20.71,10.98,S3,31.1,20.71,10.72,S3,7.543,0,S3,site_s3,S3,S3,S3,129.5,0.0,0.0,153.4,1,1,1,,
1786350282.998,c1,recommend,,0.0,26.76,14.03,3.93,S3,0,,0,200.0,obs,695,26.76,14.03,4.0,S3,26.76,14.03,4.0,S3,26.76,14.03,3.93,S3,7.543,0,S3,site_s3,S3,S3,S3,174.0,0.0,0.0,184.4,1,1,1,,
1786350282.998,c2,reserve,,0.0,26.34,13.67,3.92,S3,0,,0,36.0,obs,344,26.34,13.67,3.65,S3,26.34,13.67,3.65,S3,26.34,13.67,3.92,S3,7.543,0,S3,site_s3,S3,S3,S3,86.0,0.0,0.0,208.3,1,1,1,,
1786350282.998,c2,search,,0.0,31.1,20.71,10.72,S3,0,,0,4474.0,obs,518,31.1,20.71,10.98,S3,31.1,20.71,10.98,S3,31.1,20.71,10.72,S3,7.543,0,S3,site_s3,S3,S3,S3,129.5,0.0,0.0,337.8,1,1,1,,
1786350282.998,c2,recommend,,0.0,26.76,14.03,3.93,S3,0,,0,200.0,obs,695,26.76,14.03,4.0,S3,26.76,14.03,4.0,S3,26.76,14.03,3.93,S3,7.543,0,S3,site_s3,S3,S3,S3,173.5,0.0,0.0,368.7,1,1,1,,
1786350283.998,c1,reserve,,0.0,26.34,13.67,4.0,S3,0,,0,36.0,obs,344,26.34,13.67,3.65,S3,26.34,13.67,3.65,S3,26.34,13.67,4.0,S3,7.71,0,S3,site_s3,S3,S3,S3,86.0,0.0,0.0,23.9,1,1,1,,
1786350283.998,c1,search,,0.0,31.1,20.71,10.72,S3,0,,0,4474.0,obs,518,31.1,20.71,10.98,S3,31.1,20.71,10.98,S3,31.1,20.71,10.72,S3,7.71,0,S3,site_s3,S3,S3,S3,129.5,0.0,0.0,153.4,1,1,1,,
1786350283.998,c1,recommend,,0.0,26.76,14.03,3.76,S3,0,,0,200.0,obs,695,26.76,14.03,4.0,S3,26.76,14.03,4.0,S3,26.76,14.03,3.76,S3,7.71,0,S3,site_s3,S3,S3,S3,174.0,0.0,0.0,184.4,1,1,1,,
1786350283.998,c2,reserve,,0.0,26.34,13.67,4.0,S3,0,,0,36.0,obs,344,26.34,13.67,3.65,S3,26.34,13.67,3.65,S3,26.34,13.67,4.0,S3,7.71,0,S3,site_s3,S3,S3,S3,86.0,0.0,0.0,208.3,1,1,1,,
1786350283.998,c2,search,,0.0,31.1,20.71,10.72,S3,0,,0,4474.0,obs,518,31.1,20.71,10.98,S3,31.1,20.71,10.98,S3,31.1,20.71,10.72,S3,7.71,0,S3,site_s3,S3,S3,S3,129.5,0.0,0.0,337.8,1,1,1,,
1786350283.998,c2,recommend,,0.0,26.76,14.03,3.76,S3,0,,0,200.0,obs,695,26.76,14.03,4.0,S3,26.76,14.03,4.0,S3,26.76,14.03,3.76,S3,7.71,0,S3,site_s3,S3,S3,S3,173.5,0.0,0.0,368.7,1,1,1,,
1786350284.997,c1,reserve,,0.0,26.34,13.67,3.95,S3,0,,0,36.0,obs,345,26.34,13.67,3.65,S3,26.34,13.67,3.65,S3,26.34,13.67,3.95,S3,7.329,0,S3,site_s3,S3,S3,S3,86.5,0.0,0.0,24.0,1,1,1,,
1786350284.997,c1,search,,0.0,31.1,20.71,10.72,S3,0,,0,4474.0,obs,522,31.1,20.71,10.98,S3,31.1,20.71,10.98,S3,31.1,20.71,10.72,S3,7.329,0,S3,site_s3,S3,S3,S3,130.5,0.0,0.0,154.5,1,1,1,,
1786350284.997,c1,recommend,,0.0,26.76,14.03,3.76,S3,0,,0,200.0,obs,691,26.76,14.03,4.0,S3,26.76,14.03,4.0,S3,26.76,14.03,3.76,S3,7.329,0,S3,site_s3,S3,S3,S3,172.5,0.0,0.0,185.3,1,1,1,,
1786350284.997,c2,reserve,,0.0,26.34,13.67,3.95,S3,0,,0,36.0,obs,345,26.34,13.67,3.65,S3,26.34,13.67,3.65,S3,26.34,13.67,3.95,S3,7.329,0,S3,site_s3,S3,S3,S3,86.0,0.0,0.0,209.2,1,1,1,,
1786350284.997,c2,search,,0.0,31.1,20.71,10.72,S3,0,,0,4474.0,obs,522,31.1,20.71,10.98,S3,31.1,20.71,10.98,S3,31.1,20.71,10.72,S3,7.329,0,S3,site_s3,S3,S3,S3,130.5,0.0,0.0,339.7,1,1,1,,
1786350284.997,c2,recommend,,0.0,26.76,14.03,3.76,S3,0,,0,200.0,obs,691,26.76,14.03,4.0,S3,26.76,14.03,4.0,S3,26.76,14.03,3.76,S3,7.329,0,S3,site_s3,S3,S3,S3,173.0,0.0,0.0,370.5,1,1,1,,
1786350285.997,c1,reserve,,0.0,26.34,13.67,3.95,S3,0,,0,36.0,obs,350,26.34,13.67,3.65,S3,26.34,13.67,3.65,S3,26.34,13.67,3.95,S3,7.287,0,S3,site_s3,S3,S3,S3,87.5,0.0,0.0,24.3,1,1,1,,
1786350285.997,c1,search,,0.0,31.1,20.71,10.61,S3,0,,0,4474.0,obs,517,31.1,20.71,10.98,S3,31.1,20.71,10.98,S3,31.1,20.71,10.61,S3,7.287,0,S3,site_s3,S3,S3,S3,129.5,0.0,0.0,153.8,1,1,1,,
1786350285.997,c1,recommend,,0.0,26.76,14.03,3.86,S3,0,,0,200.0,obs,690,26.76,14.03,4.0,S3,26.76,14.03,4.0,S3,26.76,14.03,3.86,S3,7.287,0,S3,site_s3,S3,S3,S3,172.5,0.0,0.0,184.5,1,1,1,,
1786350285.997,c2,reserve,,0.0,26.34,13.67,3.95,S3,0,,0,36.0,obs,350,26.34,13.67,3.65,S3,26.34,13.67,3.65,S3,26.34,13.67,3.95,S3,7.287,0,S3,site_s3,S3,S3,S3,87.5,0.0,0.0,208.9,1,1,1,,
1786350285.997,c2,search,,0.0,31.1,20.71,10.61,S3,0,,0,4474.0,obs,517,31.1,20.71,10.98,S3,31.1,20.71,10.98,S3,31.1,20.71,10.61,S3,7.287,0,S3,site_s3,S3,S3,S3,129.0,0.0,0.0,337.9,1,1,1,,
1786350285.997,c2,recommend,,0.0,26.76,14.03,3.86,S3,0,,0,200.0,obs,690,26.76,14.03,4.0,S3,26.76,14.03,4.0,S3,26.76,14.03,3.86,S3,7.287,0,S3,site_s3,S3,S3,S3,172.5,0.0,0.0,368.6,1,1,1,,
1786350286.998,c1,reserve,,0.0,26.34,13.67,3.95,S3,0,,0,36.0,obs,348,26.34,13.67,3.65,S3,26.34,13.67,3.65,S3,26.34,13.67,3.95,S3,7.643,0,S3,site_s3,S3,S3,S3,87.0,0.0,0.0,24.2,1,1,1,,
1786350286.998,c1,search,,0.0,31.1,20.71,10.65,S3,0,,0,4474.0,obs,517,31.1,20.71,10.98,S3,31.1,20.71,10.98,S3,31.1,20.71,10.65,S3,7.643,0,S3,site_s3,S3,S3,S3,129.0,0.0,0.0,153.2,1,1,1,,
1786350286.998,c1,recommend,,0.0,26.76,14.03,3.83,S3,0,,0,200.0,obs,694,26.76,14.03,4.0,S3,26.76,14.03,4.0,S3,26.76,14.03,3.83,S3,7.643,0,S3,site_s3,S3,S3,S3,173.5,0.0,0.0,184.1,1,1,1,,
1786350286.998,c2,reserve,,0.0,26.34,13.67,3.95,S3,0,,0,36.0,obs,348,26.34,13.67,3.65,S3,26.34,13.67,3.65,S3,26.34,13.67,3.95,S3,7.643,0,S3,site_s3,S3,S3,S3,87.0,0.0,0.0,208.3,1,1,1,,
1786350286.998,c2,search,,0.0,31.1,20.71,10.65,S3,0,,0,4474.0,obs,517,31.1,20.71,10.98,S3,31.1,20.71,10.98,S3,31.1,20.71,10.65,S3,7.643,0,S3,site_s3,S3,S3,S3,129.5,0.0,0.0,337.8,1,1,1,,
1786350286.998,c2,recommend,,0.0,26.76,14.03,3.83,S3,0,,0,200.0,obs,694,26.76,14.03,4.0,S3,26.76,14.03,4.0,S3,26.76,14.03,3.83,S3,7.643,0,S3,site_s3,S3,S3,S3,173.5,0.0,0.0,368.6,1,1,1,,
1786350287.998,c1,reserve,,0.0,26.34,13.67,3.61,S3,0,,0,36.0,obs,344,26.34,13.67,3.65,S3,26.34,13.67,3.65,S3,26.34,13.67,3.61,S3,7.699,0,S3,site_s3,S3,S3,S3,86.0,0.0,0.0,23.9,1,1,1,,
1786350287.998,c1,search,,0.0,31.1,20.71,10.67,S3,0,,0,4474.0,obs,519,31.1,20.71,10.98,S3,31.1,20.71,10.98,S3,31.1,20.71,10.67,S3,7.699,0,S3,site_s3,S3,S3,S3,130.0,0.0,0.0,153.9,1,1,1,,
1786350287.998,c1,recommend,,0.0,26.76,14.03,3.76,S3,0,,0,200.0,obs,696,26.76,14.03,4.0,S3,26.76,14.03,4.0,S3,26.76,14.03,3.76,S3,7.699,0,S3,site_s3,S3,S3,S3,174.0,0.0,0.0,184.9,1,1,1,,
1786350287.998,c2,reserve,,0.0,26.34,13.67,3.61,S3,0,,0,36.0,obs,344,26.34,13.67,3.65,S3,26.34,13.67,3.65,S3,26.34,13.67,3.61,S3,7.699,0,S3,site_s3,S3,S3,S3,86.0,0.0,0.0,208.8,1,1,1,,
1786350287.998,c2,search,,0.0,31.1,20.71,10.67,S3,0,,0,4474.0,obs,519,31.1,20.71,10.98,S3,31.1,20.71,10.98,S3,31.1,20.71,10.67,S3,7.699,0,S3,site_s3,S3,S3,S3,129.5,0.0,0.0,338.3,1,1,1,,
1786350287.998,c2,recommend,,0.0,26.76,14.03,3.76,S3,0,,0,200.0,obs,696,26.76,14.03,4.0,S3,26.76,14.03,4.0,S3,26.76,14.03,3.76,S3,7.699,0,S3,site_s3,S3,S3,S3,174.0,0.0,0.0,369.3,1,1,1,,
1786350288.998,c1,reserve,,0.0,26.34,13.67,3.87,S3,0,,0,36.0,obs,344,26.34,13.67,3.65,S3,26.34,13.67,3.65,S3,26.34,13.67,3.87,S3,7.726,0,S3,site_s3,S3,S3,S3,86.0,0.0,0.0,23.9,1,1,1,,
1786350288.998,c1,search,,0.0,31.1,20.71,10.79,S3,0,,0,4474.0,obs,521,31.1,20.71,10.98,S3,31.1,20.71,10.98,S3,31.1,20.71,10.79,S3,7.726,0,S3,site_s3,S3,S3,S3,130.5,0.0,0.0,154.4,1,1,1,,
1786350288.998,c1,recommend,,0.0,26.76,14.03,3.74,S3,0,,0,200.0,obs,694,26.76,14.03,4.0,S3,26.76,14.03,4.0,S3,26.76,14.03,3.74,S3,7.726,0,S3,site_s3,S3,S3,S3,173.5,0.0,0.0,185.3,1,1,1,,
1786350288.998,c2,reserve,,0.0,26.34,13.67,3.87,S3,0,,0,36.0,obs,344,26.34,13.67,3.65,S3,26.34,13.67,3.65,S3,26.34,13.67,3.87,S3,7.726,0,S3,site_s3,S3,S3,S3,86.0,0.0,0.0,209.2,1,1,1,,
1786350288.998,c2,search,,0.0,31.1,20.71,10.79,S3,0,,0,4474.0,obs,521,31.1,20.71,10.98,S3,31.1,20.71,10.98,S3,31.1,20.71,10.79,S3,7.726,0,S3,site_s3,S3,S3,S3,130.0,0.0,0.0,339.2,1,1,1,,
1786350288.998,c2,recommend,,0.0,26.76,14.03,3.74,S3,0,,0,200.0,obs,694,26.76,14.03,4.0,S3,26.76,14.03,4.0,S3,26.76,14.03,3.74,S3,7.726,0,S3,site_s3,S3,S3,S3,173.5,0.0,0.0,370.1,1,1,1,,
1786350289.998,c1,reserve,,0.0,26.34,13.67,3.87,S3,0,,0,36.0,obs,349,26.34,13.67,3.65,S3,26.34,13.67,3.65,S3,26.34,13.67,3.87,S3,7.724,0,S3,site_s3,S3,S3,S3,87.0,0.0,0.0,24.2,1,1,1,,
1786350289.998,c1,search,,0.0,31.1,20.71,10.78,S3,0,,0,4474.0,obs,522,31.1,20.71,10.98,S3,31.1,20.71,10.98,S3,31.1,20.71,10.78,S3,7.724,0,S3,site_s3,S3,S3,S3,130.5,0.0,0.0,154.7,1,1,1,,
1786350289.998,c1,recommend,,0.0,26.76,14.03,3.8,S3,0,,0,200.0,obs,691,26.76,14.03,4.0,S3,26.76,14.03,4.0,S3,26.76,14.03,3.8,S3,7.724,0,S3,site_s3,S3,S3,S3,173.0,0.0,0.0,185.5,1,1,1,,
1786350289.998,c2,reserve,,0.0,26.34,13.67,3.87,S3,0,,0,36.0,obs,349,26.34,13.67,3.65,S3,26.34,13.67,3.65,S3,26.34,13.67,3.87,S3,7.724,0,S3,site_s3,S3,S3,S3,87.5,0.0,0.0,209.8,1,1,1,,
1786350289.998,c2,search,,0.0,31.1,20.71,10.78,S3,0,,0,4474.0,obs,522,31.1,20.71,10.98,S3,31.1,20.71,10.98,S3,31.1,20.71,10.78,S3,7.724,0,S3,site_s3,S3,S3,S3,130.5,0.0,0.0,340.3,1,1,1,,
1786350289.998,c2,recommend,,0.0,26.76,14.03,3.8,S3,0,,0,200.0,obs,691,26.76,14.03,4.0,S3,26.76,14.03,4.0,S3,26.76,14.03,3.8,S3,7.724,0,S3,site_s3,S3,S3,S3,172.5,0.0,0.0,371.0,1,1,1,,
1786350290.997,c1,reserve,,0.0,26.34,13.67,3.87,S3,0,,0,36.0,obs,351,26.34,13.67,3.65,S3,26.34,13.67,3.65,S3,26.34,13.67,3.87,S3,7.287,0,S3,site_s3,S3,S3,S3,88.0,0.0,0.0,24.5,1,1,1,,
1786350290.997,c1,search,,0.0,31.1,20.71,10.79,S3,0,,0,4474.0,obs,518,31.1,20.71,10.98,S3,31.1,20.71,10.98,S3,31.1,20.71,10.79,S3,7.287,0,S3,site_s3,S3,S3,S3,129.5,0.0,0.0,154.0,1,1,1,,
1786350290.997,c1,recommend,,0.0,26.76,14.03,3.88,S3,0,,0,200.0,obs,692,26.76,14.03,4.0,S3,26.76,14.03,4.0,S3,26.76,14.03,3.88,S3,7.287,0,S3,site_s3,S3,S3,S3,173.0,0.0,0.0,184.8,1,1,1,,
1786350290.997,c2,reserve,,0.0,26.34,13.67,3.87,S3,0,,0,36.0,obs,351,26.34,13.67,3.65,S3,26.34,13.67,3.65,S3,26.34,13.67,3.87,S3,7.287,0,S3,site_s3,S3,S3,S3,87.5,0.0,0.0,209.1,1,1,1,,
1786350290.997,c2,search,,0.0,31.1,20.71,10.79,S3,0,,0,4474.0,obs,518,31.1,20.71,10.98,S3,31.1,20.71,10.98,S3,31.1,20.71,10.79,S3,7.287,0,S3,site_s3,S3,S3,S3,129.5,0.0,0.0,338.6,1,1,1,,
1786350290.997,c2,recommend,,0.0,26.76,14.03,3.88,S3,0,,0,200.0,obs,692,26.76,14.03,4.0,S3,26.76,14.03,4.0,S3,26.76,14.03,3.88,S3,7.287,0,S3,site_s3,S3,S3,S3,173.0,0.0,0.0,369.4,1,1,1,,
1786350291.997,c1,reserve,,0.0,26.34,13.67,3.88,S3,0,,0,36.0,obs,347,26.34,13.67,3.65,S3,26.34,13.67,3.65,S3,26.34,13.67,3.88,S3,7.362,0,S3,site_s3,S3,S3,S3,86.5,0.0,0.0,24.0,1,1,1,,
1786350291.997,c1,search,,0.0,31.1,20.71,10.64,S3,0,,0,4474.0,obs,518,31.1,20.71,10.98,S3,31.1,20.71,10.98,S3,31.1,20.71,10.64,S3,7.362,0,S3,site_s3,S3,S3,S3,129.5,0.0,0.0,153.5,1,1,1,,
1786350291.997,c1,recommend,,0.0,26.76,14.03,3.83,S3,0,,0,200.0,obs,699,26.76,14.03,4.0,S3,26.76,14.03,4.0,S3,26.76,14.03,3.83,S3,7.362,0,S3,site_s3,S3,S3,S3,175.0,0.0,0.0,184.7,1,1,1,,
1786350291.997,c2,reserve,,0.0,26.34,13.67,3.88,S3,0,,0,36.0,obs,347,26.34,13.67,3.65,S3,26.34,13.67,3.65,S3,26.34,13.67,3.88,S3,7.362,0,S3,site_s3,S3,S3,S3,87.0,0.0,0.0,208.9,1,1,1,,
1786350291.997,c2,search,,0.0,31.1,20.71,10.64,S3,0,,0,4474.0,obs,518,31.1,20.71,10.98,S3,31.1,20.71,10.98,S3,31.1,20.71,10.64,S3,7.362,0,S3,site_s3,S3,S3,S3,129.5,0.0,0.0,338.4,1,1,1,,
1786350291.997,c2,recommend,,0.0,26.76,14.03,3.83,S3,0,,0,200.0,obs,699,26.76,14.03,4.0,S3,26.76,14.03,4.0,S3,26.76,14.03,3.83,S3,7.362,0,S3,site_s3,S3,S3,S3,174.5,0.0,0.0,369.4,1,1,1,,
1786350292.998,c1,reserve,,0.0,26.34,13.67,4.03,S3,0,,0,36.0,obs,344,26.34,13.67,3.65,S3,26.34,13.67,3.65,S3,26.34,13.67,4.03,S3,7.693,0,S3,site_s3,S3,S3,S3,86.0,0.0,0.0,23.9,1,1,1,,
1786350292.998,c1,search,,0.0,31.1,20.71,10.7,S3,0,,0,4474.0,obs,522,31.1,20.71,10.98,S3,31.1,20.71,10.98,S3,31.1,20.71,10.7,S3,7.693,0,S3,site_s3,S3,S3,S3,130.5,0.0,0.0,154.4,1,1,1,,
1786350292.998,c1,recommend,,0.0,26.76,14.03,3.85,S3,0,,0,200.0,obs,700,26.76,14.03,4.0,S3,26.76,14.03,4.0,S3,26.76,14.03,3.85,S3,7.693,0,S3,site_s3,S3,S3,S3,175.0,0.0,0.0,185.6,1,1,1,,
1786350292.998,c2,reserve,,0.0,26.34,13.67,4.03,S3,0,,0,36.0,obs,344,26.34,13.67,3.65,S3,26.34,13.67,3.65,S3,26.34,13.67,4.03,S3,7.693,0,S3,site_s3,S3,S3,S3,86.0,0.0,0.0,209.5,1,1,1,,
1786350292.998,c2,search,,0.0,31.1,20.71,10.7,S3,0,,0,4474.0,obs,522,31.1,20.71,10.98,S3,31.1,20.71,10.98,S3,31.1,20.71,10.7,S3,7.693,0,S3,site_s3,S3,S3,S3,130.5,0.0,0.0,340.0,1,1,1,,
1786350292.998,c2,recommend,,0.0,26.76,14.03,3.85,S3,0,,0,200.0,obs,700,26.76,14.03,4.0,S3,26.76,14.03,4.0,S3,26.76,14.03,3.85,S3,7.693,0,S3,site_s3,S3,S3,S3,175.0,0.0,0.0,371.1,1,1,1,,
1786350293.998,c1,reserve,,0.0,26.34,13.67,3.92,S3,0,,0,36.0,obs,347,26.34,13.67,3.65,S3,26.34,13.67,3.65,S3,26.34,13.67,3.92,S3,7.607,0,S3,site_s3,S3,S3,S3,87.0,0.0,0.0,24.2,1,1,1,,
1786350293.998,c1,search,,0.0,31.1,20.71,10.8,S3,0,,0,4474.0,obs,524,31.1,20.71,10.98,S3,31.1,20.71,10.98,S3,31.1,20.71,10.8,S3,7.607,0,S3,site_s3,S3,S3,S3,131.0,0.0,0.0,155.2,1,1,1,,
1786350293.998,c1,recommend,,0.0,26.76,14.03,3.84,S3,0,,0,200.0,obs,694,26.76,14.03,4.0,S3,26.76,14.03,4.0,S3,26.76,14.03,3.84,S3,7.607,0,S3,site_s3,S3,S3,S3,173.5,0.0,0.0,186.1,1,1,1,,
1786350293.998,c2,reserve,,0.0,26.34,13.67,3.92,S3,0,,0,36.0,obs,347,26.34,13.67,3.65,S3,26.34,13.67,3.65,S3,26.34,13.67,3.92,S3,7.607,0,S3,site_s3,S3,S3,S3,86.5,0.0,0.0,210.1,1,1,1,,
1786350293.998,c2,search,,0.0,31.1,20.71,10.8,S3,0,,0,4474.0,obs,524,31.1,20.71,10.98,S3,31.1,20.71,10.98,S3,31.1,20.71,10.8,S3,7.607,0,S3,site_s3,S3,S3,S3,131.0,0.0,0.0,341.1,1,1,1,,
1786350293.998,c2,recommend,,0.0,26.76,14.03,3.84,S3,0,,0,200.0,obs,694,26.76,14.03,4.0,S3,26.76,14.03,4.0,S3,26.76,14.03,3.84,S3,7.607,0,S3,site_s3,S3,S3,S3,173.5,0.0,0.0,372.0,1,1,1,,
1786350294.998,c1,reserve,,0.0,26.34,13.67,3.92,S3,0,,0,36.0,obs,352,26.34,13.67,3.65,S3,26.34,13.67,3.65,S3,26.34,13.67,3.92,S3,7.711,0,S3,site_s3,S3,S3,S3,88.0,0.0,0.0,24.5,1,1,1,,
1786350294.998,c1,search,,0.0,31.1,20.71,10.71,S3,0,,0,4474.0,obs,521,31.1,20.71,10.98,S3,31.1,20.71,10.98,S3,31.1,20.71,10.71,S3,7.711,0,S3,site_s3,S3,S3,S3,130.5,0.0,0.0,155.0,1,1,1,,
1786350294.998,c1,recommend,,0.0,26.76,14.03,3.77,S3,0,,0,200.0,obs,692,26.76,14.03,4.0,S3,26.76,14.03,4.0,S3,26.76,14.03,3.77,S3,7.711,0,S3,site_s3,S3,S3,S3,173.0,0.0,0.0,185.8,1,1,1,,
1786350294.998,c2,reserve,,0.0,26.34,13.67,3.92,S3,0,,0,36.0,obs,352,26.34,13.67,3.65,S3,26.34,13.67,3.65,S3,26.34,13.67,3.92,S3,7.711,0,S3,site_s3,S3,S3,S3,88.0,0.0,0.0,210.2,1,1,1,,
1786350294.998,c2,search,,0.0,31.1,20.71,10.71,S3,0,,0,4474.0,obs,521,31.1,20.71,10.98,S3,31.1,20.71,10.98,S3,31.1,20.71,10.71,S3,7.711,0,S3,site_s3,S3,S3,S3,130.0,0.0,0.0,340.2,1,1,1,,
1786350294.998,c2,recommend,,0.0,26.76,14.03,3.77,S3,0,,0,200.0,obs,692,26.76,14.03,4.0,S3,26.76,14.03,4.0,S3,26.76,14.03,3.77,S3,7.711,0,S3,site_s3,S3,S3,S3,173.0,0.0,0.0,371.0,1,1,1,,
1786350295.997,c1,reserve,,0.0,26.34,13.67,3.9,S3,0,,0,36.0,obs,351,26.34,13.67,3.65,S3,26.34,13.67,3.65,S3,26.34,13.67,3.9,S3,7.309,0,S3,site_s3,S3,S3,S3,87.5,0.0,0.0,24.3,1,1,1,,
1786350295.997,c1,search,,0.0,31.1,20.71,10.77,S3,0,,0,4474.0,obs,520,31.1,20.71,10.98,S3,31.1,20.71,10.98,S3,31.1,20.71,10.77,S3,7.309,0,S3,site_s3,S3,S3,S3,130.0,0.0,0.0,154.3,1,1,1,,
1786350295.997,c1,recommend,,0.0,26.76,14.03,3.75,S3,0,,0,200.0,obs,697,26.76,14.03,4.0,S3,26.76,14.03,4.0,S3,26.76,14.03,3.75,S3,7.309,0,S3,site_s3,S3,S3,S3,174.5,0.0,0.0,185.4,1,1,1,,
1786350295.997,c2,reserve,,0.0,26.34,13.67,3.9,S3,0,,0,36.0,obs,351,26.34,13.67,3.65,S3,26.34,13.67,3.65,S3,26.34,13.67,3.9,S3,7.309,0,S3,site_s3,S3,S3,S3,88.0,0.0,0.0,209.8,1,1,1,,
1786350295.997,c2,search,,0.0,31.1,20.71,10.77,S3,0,,0,4474.0,obs,520,31.1,20.71,10.98,S3,31.1,20.71,10.98,S3,31.1,20.71,10.77,S3,7.309,0,S3,site_s3,S3,S3,S3,130.0,0.0,0.0,339.9,1,1,1,,
1786350295.997,c2,recommend,,0.0,26.76,14.03,3.75,S3,0,,0,200.0,obs,697,26.76,14.03,4.0,S3,26.76,14.03,4.0,S3,26.76,14.03,3.75,S3,7.309,0,S3,site_s3,S3,S3,S3,174.0,0.0,0.0,370.8,1,1,1,,
1786350296.998,c1,reserve,,0.0,26.34,13.67,3.84,S3,0,,0,36.0,obs,346,26.34,13.67,3.65,S3,26.34,13.67,3.65,S3,26.34,13.67,3.84,S3,7.778,0,S3,site_s3,S3,S3,S3,86.5,0.0,0.0,24.0,1,1,1,,
1786350296.998,c1,search,,0.0,31.1,20.71,10.77,S3,0,,0,4474.0,obs,522,31.1,20.71,10.98,S3,31.1,20.71,10.98,S3,31.1,20.71,10.77,S3,7.778,0,S3,site_s3,S3,S3,S3,130.5,0.0,0.0,154.5,1,1,1,,
1786350296.998,c1,recommend,,0.0,26.76,14.03,3.82,S3,0,,0,200.0,obs,701,26.76,14.03,4.0,S3,26.76,14.03,4.0,S3,26.76,14.03,3.82,S3,7.778,0,S3,site_s3,S3,S3,S3,175.0,0.0,0.0,185.7,1,1,1,,
1786350296.998,c2,reserve,,0.0,26.34,13.67,3.84,S3,0,,0,36.0,obs,346,26.34,13.67,3.65,S3,26.34,13.67,3.65,S3,26.34,13.67,3.84,S3,7.778,0,S3,site_s3,S3,S3,S3,86.5,0.0,0.0,209.7,1,1,1,,
1786350296.998,c2,search,,0.0,31.1,20.71,10.77,S3,0,,0,4474.0,obs,522,31.1,20.71,10.98,S3,31.1,20.71,10.98,S3,31.1,20.71,10.77,S3,7.778,0,S3,site_s3,S3,S3,S3,130.5,0.0,0.0,340.2,1,1,1,,
1786350296.998,c2,recommend,,0.0,26.76,14.03,3.82,S3,0,,0,200.0,obs,701,26.76,14.03,4.0,S3,26.76,14.03,4.0,S3,26.76,14.03,3.82,S3,7.778,0,S3,site_s3,S3,S3,S3,175.5,0.0,0.0,371.5,1,1,1,,
1786350297.997,c1,reserve,,0.0,26.34,13.67,3.8,S3,0,,0,36.0,obs,345,26.34,13.67,3.65,S3,26.34,13.67,3.65,S3,26.34,13.67,3.8,S3,7.361,0,S3,site_s3,S3,S3,S3,86.0,0.0,0.0,23.9,1,1,1,,
1786350297.997,c1,search,,0.0,31.1,20.71,10.8,S3,0,,0,4474.0,obs,525,31.1,20.71,10.98,S3,31.1,20.71,10.98,S3,31.1,20.71,10.8,S3,7.361,0,S3,site_s3,S3,S3,S3,131.5,0.0,0.0,155.4,1,1,1,,
1786350297.997,c1,recommend,,0.0,26.76,14.03,3.74,S3,0,,0,200.0,obs,700,26.76,14.03,4.0,S3,26.76,14.03,4.0,S3,26.76,14.03,3.74,S3,7.361,0,S3,site_s3,S3,S3,S3,175.0,0.0,0.0,186.6,1,1,1,,
1786350297.997,c2,reserve,,0.0,26.34,13.67,3.8,S3,0,,0,36.0,obs,345,26.34,13.67,3.65,S3,26.34,13.67,3.65,S3,26.34,13.67,3.8,S3,7.361,0,S3,site_s3,S3,S3,S3,86.5,0.0,0.0,210.6,1,1,1,,
1786350297.997,c2,search,,0.0,31.1,20.71,10.8,S3,0,,0,4474.0,obs,525,31.1,20.71,10.98,S3,31.1,20.71,10.98,S3,31.1,20.71,10.8,S3,7.361,0,S3,site_s3,S3,S3,S3,131.0,0.0,0.0,341.6,1,1,1,,
1786350297.997,c2,recommend,,0.0,26.76,14.03,3.74,S3,0,,0,200.0,obs,700,26.76,14.03,4.0,S3,26.76,14.03,4.0,S3,26.76,14.03,3.74,S3,7.361,0,S3,site_s3,S3,S3,S3,175.0,0.0,0.0,372.8,1,1,1,,
1786350298.998,c1,reserve,,0.0,26.34,13.67,3.85,S3,0,,0,36.0,obs,351,26.34,13.67,3.65,S3,26.34,13.67,3.65,S3,26.34,13.67,3.85,S3,7.641,0,S3,site_s3,S3,S3,S3,87.5,0.0,0.0,24.3,1,1,1,,
1786350298.998,c1,search,,0.0,31.1,20.71,10.71,S3,0,,0,4474.0,obs,527,31.1,20.71,10.98,S3,31.1,20.71,10.98,S3,31.1,20.71,10.71,S3,7.641,0,S3,site_s3,S3,S3,S3,132.0,0.0,0.0,156.3,1,1,1,,
1786350298.998,c1,recommend,,0.0,26.76,14.03,3.68,S3,0,,0,200.0,obs,696,26.76,14.03,4.0,S3,26.76,14.03,4.0,S3,26.76,14.03,3.68,S3,7.641,0,S3,site_s3,S3,S3,S3,174.0,0.0,0.0,187.3,1,1,1,,
1786350298.998,c2,reserve,,0.0,26.34,13.67,3.85,S3,0,,0,36.0,obs,351,26.34,13.67,3.65,S3,26.34,13.67,3.65,S3,26.34,13.67,3.85,S3,7.641,0,S3,site_s3,S3,S3,S3,88.0,0.0,0.0,211.8,1,1,1,,
1786350298.998,c2,search,,0.0,31.1,20.71,10.71,S3,0,,0,4474.0,obs,527,31.1,20.71,10.98,S3,31.1,20.71,10.98,S3,31.1,20.71,10.71,S3,7.641,0,S3,site_s3,S3,S3,S3,131.5,0.0,0.0,343.3,1,1,1,,
1786350298.998,c2,recommend,,0.0,26.76,14.03,3.68,S3,0,,0,200.0,obs,696,26.76,14.03,4.0,S3,26.76,14.03,4.0,S3,26.76,14.03,3.68,S3,7.641,0,S3,site_s3,S3,S3,S3,174.0,0.0,0.0,374.2,1,1,1,,
1786350299.997,c1,reserve,,0.0,26.34,13.67,3.92,S3,0,,0,36.0,obs,353,26.34,13.67,3.65,S3,26.34,13.67,3.65,S3,26.34,13.67,3.92,S3,7.311,0,S3,site_s3,S3,S3,S3,88.5,0.0,0.0,24.6,1,1,1,,
1786350299.997,c1,search,,0.0,31.1,20.71,10.73,S3,0,,0,4474.0,obs,522,31.1,20.71,10.98,S3,31.1,20.71,10.98,S3,31.1,20.71,10.73,S3,7.311,0,S3,site_s3,S3,S3,S3,130.5,0.0,0.0,155.1,1,1,1,,
1786350299.997,c1,recommend,,0.0,26.76,14.03,3.78,S3,0,,0,200.0,obs,696,26.76,14.03,4.0,S3,26.76,14.03,4.0,S3,26.76,14.03,3.78,S3,7.311,0,S3,site_s3,S3,S3,S3,174.0,0.0,0.0,186.1,1,1,1,,
1786350299.997,c2,reserve,,0.0,26.34,13.67,3.92,S3,0,,0,36.0,obs,353,26.34,13.67,3.65,S3,26.34,13.67,3.65,S3,26.34,13.67,3.92,S3,7.311,0,S3,site_s3,S3,S3,S3,88.0,0.0,0.0,210.5,1,1,1,,
1786350299.997,c2,search,,0.0,31.1,20.71,10.73,S3,0,,0,4474.0,obs,522,31.1,20.71,10.98,S3,31.1,20.71,10.98,S3,31.1,20.71,10.73,S3,7.311,0,S3,site_s3,S3,S3,S3,130.5,0.0,0.0,341.0,1,1,1,,
1786350299.997,c2,recommend,,0.0,26.76,14.03,3.78,S3,0,,0,200.0,obs,696,26.76,14.03,4.0,S3,26.76,14.03,4.0,S3,26.76,14.03,3.78,S3,7.311,0,S3,site_s3,S3,S3,S3,174.0,0.0,0.0,372.0,1,1,1,,
1786350300.998,c1,reserve,,0.0,26.34,13.67,3.98,S3,0,,0,36.0,obs,350,26.34,13.67,3.65,S3,26.34,13.67,3.65,S3,26.34,13.67,3.98,S3,7.56,0,S3,site_s3,S3,S3,S3,87.5,0.0,0.0,24.3,1,1,1,,
1786350300.998,c1,search,,0.0,31.1,20.71,10.7,S3,0,,0,4474.0,obs,521,31.1,20.71,10.98,S3,31.1,20.71,10.98,S3,31.1,20.71,10.7,S3,7.56,0,S3,site_s3,S3,S3,S3,130.0,0.0,0.0,154.3,1,1,1,,
1786350300.998,c1,recommend,,0.0,26.76,14.03,3.79,S3,0,,0,200.0,obs,702,26.76,14.03,4.0,S3,26.76,14.03,4.0,S3,26.76,14.03,3.79,S3,7.56,0,S3,site_s3,S3,S3,S3,175.5,0.0,0.0,185.6,1,1,1,,
1786350300.998,c2,reserve,,0.0,26.34,13.67,3.98,S3,0,,0,36.0,obs,350,26.34,13.67,3.65,S3,26.34,13.67,3.65,S3,26.34,13.67,3.98,S3,7.56,0,S3,site_s3,S3,S3,S3,87.5,0.0,0.0,209.9,1,1,1,,
1786350300.998,c2,search,,0.0,31.1,20.71,10.7,S3,0,,0,4474.0,obs,521,31.1,20.71,10.98,S3,31.1,20.71,10.98,S3,31.1,20.71,10.7,S3,7.56,0,S3,site_s3,S3,S3,S3,130.5,0.0,0.0,340.4,1,1,1,,
1786350300.998,c2,recommend,,0.0,26.76,14.03,3.79,S3,0,,0,200.0,obs,702,26.76,14.03,4.0,S3,26.76,14.03,4.0,S3,26.76,14.03,3.79,S3,7.56,0,S3,site_s3,S3,S3,S3,175.5,0.0,0.0,371.6,1,1,1,,
1786350301.997,c1,reserve,,0.0,26.34,13.67,4.06,S3,0,,0,36.0,obs,348,26.34,13.67,3.65,S3,26.34,13.67,3.65,S3,26.34,13.67,4.06,S3,7.361,0,S3,site_s3,S3,S3,S3,87.0,0.0,0.0,24.2,1,1,1,,
1786350301.997,c1,search,,0.0,31.1,20.71,10.74,S3,0,,0,4474.0,obs,524,31.1,20.71,10.98,S3,31.1,20.71,10.98,S3,31.1,20.71,10.74,S3,7.361,0,S3,site_s3,S3,S3,S3,131.0,0.0,0.0,155.2,1,1,1,,
1786350301.997,c1,recommend,,0.0,26.76,14.03,3.83,S3,0,,0,200.0,obs,703,26.76,14.03,4.0,S3,26.76,14.03,4.0,S3,26.76,14.03,3.83,S3,7.361,0,S3,site_s3,S3,S3,S3,176.0,0.0,0.0,186.5,1,1,1,,
1786350301.997,c2,reserve,,0.0,26.34,13.67,4.06,S3,0,,0,36.0,obs,348,26.34,13.67,3.65,S3,26.34,13.67,3.65,S3,26.34,13.67,4.06,S3,7.361,0,S3,site_s3,S3,S3,S3,87.0,0.0,0.0,210.7,1,1,1,,
1786350301.997,c2,search,,0.0,31.1,20.71,10.74,S3,0,,0,4474.0,obs,524,31.1,20.71,10.98,S3,31.1,20.71,10.98,S3,31.1,20.71,10.74,S3,7.361,0,S3,site_s3,S3,S3,S3,131.0,0.0,0.0,341.7,1,1,1,,
1786350301.997,c2,recommend,,0.0,26.76,14.03,3.83,S3,0,,0,200.0,obs,703,26.76,14.03,4.0,S3,26.76,14.03,4.0,S3,26.76,14.03,3.83,S3,7.361,0,S3,site_s3,S3,S3,S3,175.5,0.0,0.0,372.9,1,1,1,,
1786350302.998,c1,reserve,,0.0,26.34,13.67,3.98,S3,0,,0,36.0,obs,349,26.34,13.67,3.65,S3,26.34,13.67,3.65,S3,26.34,13.67,3.98,S3,7.64,0,S3,site_s3,S3,S3,S3,87.5,0.0,0.0,24.3,1,1,1,,
1786350302.998,c1,search,,0.0,31.1,20.71,10.62,S3,0,,0,4474.0,obs,526,31.1,20.71,10.98,S3,31.1,20.71,10.98,S3,31.1,20.71,10.62,S3,7.64,0,S3,site_s3,S3,S3,S3,131.5,0.0,0.0,155.8,1,1,1,,
1786350302.998,c1,recommend,,0.0,26.76,14.03,3.82,S3,0,,0,200.0,obs,699,26.76,14.03,4.0,S3,26.76,14.03,4.0,S3,26.76,14.03,3.82,S3,7.64,0,S3,site_s3,S3,S3,S3,174.5,0.0,0.0,186.9,1,1,1,,
1786350302.998,c2,reserve,,0.0,26.34,13.67,3.98,S3,0,,0,36.0,obs,349,26.34,13.67,3.65,S3,26.34,13.67,3.65,S3,26.34,13.67,3.98,S3,7.64,0,S3,site_s3,S3,S3,S3,87.0,0.0,0.0,211.1,1,1,1,,
1786350302.998,c2,search,,0.0,31.1,20.71,10.62,S3,0,,0,4474.0,obs,526,31.1,20.71,10.98,S3,31.1,20.71,10.98,S3,31.1,20.71,10.62,S3,7.64,0,S3,site_s3,S3,S3,S3,131.5,0.0,0.0,342.6,1,1,1,,
1786350302.998,c2,recommend,,0.0,26.76,14.03,3.82,S3,0,,0,200.0,obs,699,26.76,14.03,4.0,S3,26.76,14.03,4.0,S3,26.76,14.03,3.82,S3,7.64,0,S3,site_s3,S3,S3,S3,175.0,0.0,0.0,373.7,1,1,1,,
1786350303.998,c1,reserve,,0.0,26.34,13.67,3.94,S3,0,,0,36.0,obs,353,26.34,13.67,3.65,S3,26.34,13.67,3.65,S3,26.34,13.67,3.94,S3,7.692,0,S3,site_s3,S3,S3,S3,88.0,0.0,0.0,24.5,1,1,1,,
1786350303.998,c1,search,,0.0,31.1,20.71,10.45,S3,0,,0,4474.0,obs,525,31.1,20.71,10.98,S3,31.1,20.71,10.98,S3,31.1,20.71,10.45,S3,7.692,0,S3,site_s3,S3,S3,S3,131.5,0.0,0.0,156.0,1,1,1,,
1786350303.998,c1,recommend,,0.0,26.76,14.03,3.7,S3,0,,0,200.0,obs,698,26.76,14.03,4.0,S3,26.76,14.03,4.0,S3,26.76,14.03,3.7,S3,7.692,0,S3,site_s3,S3,S3,S3,174.5,0.0,0.0,187.0,1,1,1,,
1786350303.998,c2,reserve,,0.0,26.34,13.67,3.94,S3,0,,0,36.0,obs,353,26.34,13.67,3.65,S3,26.34,13.67,3.65,S3,26.34,13.67,3.94,S3,7.692,0,S3,site_s3,S3,S3,S3,88.5,0.0,0.0,211.6,1,1,1,,
1786350303.998,c2,search,,0.0,31.1,20.71,10.45,S3,0,,0,4474.0,obs,525,31.1,20.71,10.98,S3,31.1,20.71,10.98,S3,31.1,20.71,10.45,S3,7.692,0,S3,site_s3,S3,S3,S3,131.0,0.0,0.0,342.6,1,1,1,,
1786350303.998,c2,recommend,,0.0,26.76,14.03,3.7,S3,0,,0,200.0,obs,698,26.76,14.03,4.0,S3,26.76,14.03,4.0,S3,26.76,14.03,3.7,S3,7.692,0,S3,site_s3,S3,S3,S3,174.5,0.0,0.0,373.7,1,1,1,,
1786350304.998,c1,reserve,,0.0,26.34,13.67,3.93,S3,0,,0,36.0,obs,352,26.34,13.67,3.65,S3,26.34,13.67,3.65,S3,26.34,13.67,3.93,S3,7.641,0,S3,site_s3,S3,S3,S3,88.0,0.0,0.0,24.5,1,1,1,,
1786350304.998,c1,search,,0.0,31.1,20.71,10.66,S3,0,,0,4474.0,obs,524,31.1,20.71,10.98,S3,31.1,20.71,10.98,S3,31.1,20.71,10.66,S3,7.641,0,S3,site_s3,S3,S3,S3,131.0,0.0,0.0,155.5,1,1,1,,
1786350304.998,c1,recommend,,0.0,26.76,14.03,3.74,S3,0,,0,200.0,obs,702,26.76,14.03,4.0,S3,26.76,14.03,4.0,S3,26.76,14.03,3.74,S3,7.641,0,S3,site_s3,S3,S3,S3,175.5,0.0,0.0,186.7,1,1,1,,
1786350304.998,c2,reserve,,0.0,26.34,13.67,3.93,S3,0,,0,36.0,obs,352,26.34,13.67,3.65,S3,26.34,13.67,3.65,S3,26.34,13.67,3.93,S3,7.641,0,S3,site_s3,S3,S3,S3,88.0,0.0,0.0,211.2,1,1,1,,
1786350304.998,c2,search,,0.0,31.1,20.71,10.66,S3,0,,0,4474.0,obs,524,31.1,20.71,10.98,S3,31.1,20.71,10.98,S3,31.1,20.71,10.66,S3,7.641,0,S3,site_s3,S3,S3,S3,131.0,0.0,0.0,342.2,1,1,1,,
1786350304.998,c2,recommend,,0.0,26.76,14.03,3.74,S3,0,,0,200.0,obs,702,26.76,14.03,4.0,S3,26.76,14.03,4.0,S3,26.76,14.03,3.74,S3,7.641,0,S3,site_s3,S3,S3,S3,175.5,0.0,0.0,373.4,1,1,1,,
1786350305.998,c1,reserve,,0.0,26.34,13.67,3.95,S3,0,,0,36.0,obs,348,26.34,13.67,3.65,S3,26.34,13.67,3.65,S3,26.34,13.67,3.95,S3,7.678,0,S3,site_s3,S3,S3,S3,87.0,0.0,0.0,24.2,1,1,1,,
1786350305.998,c1,search,,0.0,31.1,20.71,10.75,S3,0,,0,4474.0,obs,525,31.1,20.71,10.98,S3,31.1,20.71,10.98,S3,31.1,20.71,10.75,S3,7.678,0,S3,site_s3,S3,S3,S3,131.5,0.0,0.0,155.7,1,1,1,,
1786350305.998,c1,recommend,,0.0,26.76,14.03,3.8,S3,0,,0,200.0,obs,704,26.76,14.03,4.0,S3,26.76,14.03,4.0,S3,26.76,14.03,3.8,S3,7.678,0,S3,site_s3,S3,S3,S3,176.0,0.0,0.0,187.0,1,1,1,,
1786350305.998,c2,reserve,,0.0,26.34,13.67,3.95,S3,0,,0,36.0,obs,348,26.34,13.67,3.65,S3,26.34,13.67,3.65,S3,26.34,13.67,3.95,S3,7.678,0,S3,site_s3,S3,S3,S3,87.0,0.0,0.0,211.2,1,1,1,,
1786350305.998,c2,search,,0.0,31.1,20.71,10.75,S3,0,,0,4474.0,obs,525,31.1,20.71,10.98,S3,31.1,20.71,10.98,S3,31.1,20.71,10.75,S3,7.678,0,S3,site_s3,S3,S3,S3,131.0,0.0,0.0,342.2,1,1,1,,
1786350305.998,c2,recommend,,0.0,26.76,14.03,3.8,S3,0,,0,200.0,obs,704,26.76,14.03,4.0,S3,26.76,14.03,4.0,S3,26.76,14.03,3.8,S3,7.678,0,S3,site_s3,S3,S3,S3,176.0,0.0,0.0,373.5,1,1,1,,
1786350306.997,c1,reserve,,0.0,26.34,13.67,3.99,S3,0,,0,36.0,obs,332,26.34,13.67,3.65,S3,26.34,13.67,3.65,S3,26.34,13.67,3.99,S3,7.135,0,S3,site_s3,S3,S3,S3,83.0,0.0,0.0,23.1,1,1,1,,
1786350306.997,c1,search,,0.0,31.1,20.71,10.59,S3,0,,0,4474.0,obs,501,31.1,20.71,10.98,S3,31.1,20.71,10.98,S3,31.1,20.71,10.59,S3,7.135,0,S3,site_s3,S3,S3,S3,125.5,0.0,0.0,148.6,1,1,1,,
1786350306.997,c1,recommend,,0.0,26.76,14.03,3.74,S3,0,,0,200.0,obs,666,26.76,14.03,4.0,S3,26.76,14.03,4.0,S3,26.76,14.03,3.74,S3,7.135,0,S3,site_s3,S3,S3,S3,166.5,0.0,0.0,178.2,1,1,1,,
1786350306.997,c2,reserve,,0.0,26.34,13.67,3.99,S3,0,,0,36.0,obs,332,26.34,13.67,3.65,S3,26.34,13.67,3.65,S3,26.34,13.67,3.99,S3,7.135,0,S3,site_s3,S3,S3,S3,83.0,0.0,0.0,201.3,1,1,1,,
1786350306.997,c2,search,,0.0,31.1,20.71,10.59,S3,0,,0,4474.0,obs,501,31.1,20.71,10.98,S3,31.1,20.71,10.98,S3,31.1,20.71,10.59,S3,7.135,0,S3,site_s3,S3,S3,S3,125.0,0.0,0.0,326.3,1,1,1,,
1786350306.997,c2,recommend,,0.0,26.76,14.03,3.74,S3,0,,0,200.0,obs,666,26.76,14.03,4.0,S3,26.76,14.03,4.0,S3,26.76,14.03,3.74,S3,7.135,0,S3,site_s3,S3,S3,S3,166.5,0.0,0.0,355.9,1,1,1,,
1786350307.998,c1,reserve,,0.0,26.34,13.67,3.75,S3,0,,0,36.0,obs,336,26.34,13.67,3.65,S3,26.34,13.67,3.65,S3,26.34,13.67,3.75,S3,7.594,0,S3,site_s3,S3,S3,S3,84.0,0.0,0.0,23.4,1,1,1,,
1786350307.998,c1,search,,0.0,31.1,20.71,10.24,S3,0,,0,4474.0,obs,500,31.1,20.71,10.98,S3,31.1,20.71,10.98,S3,31.1,20.71,10.24,S3,7.594,0,S3,site_s3,S3,S3,S3,125.0,0.0,0.0,148.4,1,1,1,,
1786350307.998,c1,recommend,,0.0,26.76,14.03,3.6,S3,0,,0,200.0,obs,665,26.76,14.03,4.0,S3,26.76,14.03,4.0,S3,26.76,14.03,3.6,S3,7.594,0,S3,site_s3,S3,S3,S3,166.5,0.0,0.0,178.0,1,1,1,,
1786350307.998,c2,reserve,,0.0,26.34,13.67,3.75,S3,0,,0,36.0,obs,336,26.34,13.67,3.65,S3,26.34,13.67,3.65,S3,26.34,13.67,3.75,S3,7.594,0,S3,site_s3,S3,S3,S3,84.0,0.0,0.0,201.3,1,1,1,,
1786350307.998,c2,search,,0.0,31.1,20.71,10.24,S3,0,,0,4474.0,obs,500,31.1,20.71,10.98,S3,31.1,20.71,10.98,S3,31.1,20.71,10.24,S3,7.594,0,S3,site_s3,S3,S3,S3,125.0,0.0,0.0,326.3,1,1,1,,
1786350307.998,c2,recommend,,0.0,26.76,14.03,3.6,S3,0,,0,200.0,obs,665,26.76,14.03,4.0,S3,26.76,14.03,4.0,S3,26.76,14.03,3.6,S3,7.594,0,S3,site_s3,S3,S3,S3,166.0,0.0,0.0,355.9,1,1,1,,
1786350308.998,c1,reserve,,0.0,26.34,13.67,3.8,S3,0,,0,36.0,obs,335,26.34,13.67,3.65,S3,26.34,13.67,3.65,S3,26.34,13.67,3.8,S3,7.648,0,S3,site_s3,S3,S3,S3,84.0,0.0,0.0,23.4,1,1,1,,
1786350308.998,c1,search,,0.0,31.1,20.71,10.64,S3,0,,0,4474.0,obs,498,31.1,20.71,10.98,S3,31.1,20.71,10.98,S3,31.1,20.71,10.64,S3,7.648,0,S3,site_s3,S3,S3,S3,124.5,0.0,0.0,147.9,1,1,1,,
1786350308.998,c1,recommend,,0.0,26.76,14.03,3.85,S3,0,,0,200.0,obs,668,26.76,14.03,4.0,S3,26.76,14.03,4.0,S3,26.76,14.03,3.85,S3,7.648,0,S3,site_s3,S3,S3,S3,167.0,0.0,0.0,177.6,1,1,1,,
1786350308.998,c2,reserve,,0.0,26.34,13.67,3.8,S3,0,,0,36.0,obs,335,26.34,13.67,3.65,S3,26.34,13.67,3.65,S3,26.34,13.67,3.8,S3,7.648,0,S3,site_s3,S3,S3,S3,83.5,0.0,0.0,200.8,1,1,1,,
1786350308.998,c2,search,,0.0,31.1,20.71,10.64,S3,0,,0,4474.0,obs,498,31.1,20.71,10.98,S3,31.1,20.71,10.98,S3,31.1,20.71,10.64,S3,7.648,0,S3,site_s3,S3,S3,S3,124.5,0.0,0.0,325.3,1,1,1,,
1786350308.998,c2,recommend,,0.0,26.76,14.03,3.85,S3,0,,0,200.0,obs,668,26.76,14.03,4.0,S3,26.76,14.03,4.0,S3,26.76,14.03,3.85,S3,7.648,0,S3,site_s3,S3,S3,S3,167.0,0.0,0.0,355.0,1,1,1,,
1786350309.997,c1,reserve,,0.0,26.34,13.67,3.77,S3,0,,0,36.0,obs,332,26.34,13.67,3.65,S3,26.34,13.67,3.65,S3,26.34,13.67,3.77,S3,7.289,0,S3,site_s3,S3,S3,S3,83.0,0.0,0.0,23.1,1,1,1,,
1786350309.997,c1,search,,0.0,31.1,20.71,10.77,S3,0,,0,4474.0,obs,500,31.1,20.71,10.98,S3,31.1,20.71,10.98,S3,31.1,20.71,10.77,S3,7.289,0,S3,site_s3,S3,S3,S3,125.0,0.0,0.0,148.1,1,1,1,,
1786350309.997,c1,recommend,,0.0,26.76,14.03,3.87,S3,0,,0,200.0,obs,670,26.76,14.03,4.0,S3,26.76,14.03,4.0,S3,26.76,14.03,3.87,S3,7.289,0,S3,site_s3,S3,S3,S3,167.5,0.0,0.0,177.9,1,1,1,,
1786350309.997,c2,reserve,,0.0,26.34,13.67,3.77,S3,0,,0,36.0,obs,332,26.34,13.67,3.65,S3,26.34,13.67,3.65,S3,26.34,13.67,3.77,S3,7.289,0,S3,site_s3,S3,S3,S3,83.0,0.0,0.0,201.0,1,1,1,,
1786350309.997,c2,search,,0.0,31.1,20.71,10.77,S3,0,,0,4474.0,obs,500,31.1,20.71,10.98,S3,31.1,20.71,10.98,S3,31.1,20.71,10.77,S3,7.289,0,S3,site_s3,S3,S3,S3,125.0,0.0,0.0,326.0,1,1,1,,
1786350309.997,c2,recommend,,0.0,26.76,14.03,3.87,S3,0,,0,200.0,obs,670,26.76,14.03,4.0,S3,26.76,14.03,4.0,S3,26.76,14.03,3.87,S3,7.289,0,S3,site_s3,S3,S3,S3,167.5,0.0,0.0,355.8,1,1,1,,
1786350310.998,c1,reserve,,0.0,26.34,13.67,3.79,S3,0,,0,36.0,obs,332,26.34,13.67,3.65,S3,26.34,13.67,3.65,S3,26.34,13.67,3.79,S3,7.674,0,S3,site_s3,S3,S3,S3,83.0,0.0,0.0,23.1,1,1,1,,
1786350310.998,c1,search,,0.0,31.1,20.71,10.74,S3,0,,0,4474.0,obs,500,31.1,20.71,10.98,S3,31.1,20.71,10.98,S3,31.1,20.71,10.74,S3,7.674,0,S3,site_s3,S3,S3,S3,125.0,0.0,0.0,148.1,1,1,1,,
1786350310.998,c1,recommend,,0.0,26.76,14.03,3.84,S3,0,,0,200.0,obs,669,26.76,14.03,4.0,S3,26.76,14.03,4.0,S3,26.76,14.03,3.84,S3,7.674,0,S3,site_s3,S3,S3,S3,167.5,0.0,0.0,177.9,1,1,1,,
1786350310.998,c2,reserve,,0.0,26.34,13.67,3.79,S3,0,,0,36.0,obs,332,26.34,13.67,3.65,S3,26.34,13.67,3.65,S3,26.34,13.67,3.79,S3,7.674,0,S3,site_s3,S3,S3,S3,83.0,0.0,0.0,201.0,1,1,1,,
1786350310.998,c2,search,,0.0,31.1,20.71,10.74,S3,0,,0,4474.0,obs,500,31.1,20.71,10.98,S3,31.1,20.71,10.98,S3,31.1,20.71,10.74,S3,7.674,0,S3,site_s3,S3,S3,S3,125.0,0.0,0.0,326.0,1,1,1,,
1786350310.998,c2,recommend,,0.0,26.76,14.03,3.84,S3,0,,0,200.0,obs,669,26.76,14.03,4.0,S3,26.76,14.03,4.0,S3,26.76,14.03,3.84,S3,7.674,0,S3,site_s3,S3,S3,S3,167.0,0.0,0.0,355.7,1,1,1,,
1786350311.997,c1,reserve,,0.0,26.34,13.67,3.92,S3,0,,0,36.0,obs,336,26.34,13.67,3.65,S3,26.34,13.67,3.65,S3,26.34,13.67,3.92,S3,7.743,0,S3,site_s3,S3,S3,S3,84.0,0.0,0.0,23.4,1,1,1,,
1786350311.997,c1,search,,0.0,31.1,20.71,10.66,S3,0,,0,4474.0,obs,502,31.1,20.71,10.98,S3,31.1,20.71,10.98,S3,31.1,20.71,10.66,S3,7.743,0,S3,site_s3,S3,S3,S3,125.5,0.0,0.0,148.9,1,1,1,,
1786350311.997,c1,recommend,,0.0,26.76,14.03,3.86,S3,0,,0,200.0,obs,664,26.76,14.03,4.0,S3,26.76,14.03,4.0,S3,26.76,14.03,3.86,S3,7.743,0,S3,site_s3,S3,S3,S3,166.0,0.0,0.0,178.4,1,1,1,,
1786350311.997,c2,reserve,,0.0,26.34,13.67,3.92,S3,0,,0,36.0,obs,336,26.34,13.67,3.65,S3,26.34,13.67,3.65,S3,26.34,13.67,3.92,S3,7.743,0,S3,site_s3,S3,S3,S3,84.0,0.0,0.0,201.8,1,1,1,,
1786350311.997,c2,search,,0.0,31.1,20.71,10.66,S3,0,,0,4474.0,obs,502,31.1,20.71,10.98,S3,31.1,20.71,10.98,S3,31.1,20.71,10.66,S3,7.743,0,S3,site_s3,S3,S3,S3,125.5,0.0,0.0,327.3,1,1,1,,
1786350311.997,c2,recommend,,0.0,26.76,14.03,3.86,S3,0,,0,200.0,obs,664,26.76,14.03,4.0,S3,26.76,14.03,4.0,S3,26.76,14.03,3.86,S3,7.743,0,S3,site_s3,S3,S3,S3,166.0,0.0,0.0,356.8,1,1,1,,
1786350312.998,c1,reserve,,0.0,26.34,13.67,3.92,S3,0,,0,36.0,obs,336,26.34,13.67,3.65,S3,26.34,13.67,3.65,S3,26.34,13.67,3.92,S3,7.675,0,S3,site_s3,S3,S3,S3,84.0,0.0,0.0,23.4,1,1,1,,
1786350312.998,c1,search,,0.0,31.1,20.71,10.58,S3,0,,0,4474.0,obs,498,31.1,20.71,10.98,S3,31.1,20.71,10.98,S3,31.1,20.71,10.58,S3,7.675,0,S3,site_s3,S3,S3,S3,124.5,0.0,0.0,147.9,1,1,1,,
1786350312.998,c1,recommend,,0.0,26.76,14.03,3.82,S3,0,,0,200.0,obs,668,26.76,14.03,4.0,S3,26.76,14.03,4.0,S3,26.76,14.03,3.82,S3,7.675,0,S3,site_s3,S3,S3,S3,167.0,0.0,0.0,177.6,1,1,1,,
1786350312.998,c2,reserve,,0.0,26.34,13.67,3.92,S3,0,,0,36.0,obs,336,26.34,13.67,3.65,S3,26.34,13.67,3.65,S3,26.34,13.67,3.92,S3,7.675,0,S3,site_s3,S3,S3,S3,84.0,0.0,0.0,200.9,1,1,1,,
1786350312.998,c2,search,,0.0,31.1,20.71,10.58,S3,0,,0,4474.0,obs,498,31.1,20.71,10.98,S3,31.1,20.71,10.98,S3,31.1,20.71,10.58,S3,7.675,0,S3,site_s3,S3,S3,S3,124.5,0.0,0.0,325.4,1,1,1,,
1786350312.998,c2,recommend,,0.0,26.76,14.03,3.82,S3,0,,0,200.0,obs,668,26.76,14.03,4.0,S3,26.76,14.03,4.0,S3,26.76,14.03,3.82,S3,7.675,0,S3,site_s3,S3,S3,S3,167.0,0.0,0.0,355.2,1,1,1,,
1786350313.998,c1,reserve,,0.0,26.34,13.67,3.88,S3,0,,0,36.0,obs,334,26.34,13.67,3.65,S3,26.34,13.67,3.65,S3,26.34,13.67,3.88,S3,7.632,0,S3,site_s3,S3,S3,S3,83.5,0.0,0.0,23.2,1,1,1,,
1786350313.998,c1,search,,0.0,31.1,20.71,10.7,S3,0,,0,4474.0,obs,500,31.1,20.71,10.98,S3,31.1,20.71,10.98,S3,31.1,20.71,10.7,S3,7.632,0,S3,site_s3,S3,S3,S3,125.0,0.0,0.0,148.2,1,1,1,,
1786350313.998,c1,recommend,,0.0,26.76,14.03,3.77,S3,0,,0,200.0,obs,669,26.76,14.03,4.0,S3,26.76,14.03,4.0,S3,26.76,14.03,3.77,S3,7.632,0,S3,site_s3,S3,S3,S3,167.5,0.0,0.0,178.0,1,1,1,,
1786350313.998,c2,reserve,,0.0,26.34,13.67,3.88,S3,0,,0,36.0,obs,334,26.34,13.67,3.65,S3,26.34,13.67,3.65,S3,26.34,13.67,3.88,S3,7.632,0,S3,site_s3,S3,S3,S3,83.5,0.0,0.0,201.2,1,1,1,,
1786350313.998,c2,search,,0.0,31.1,20.71,10.7,S3,0,,0,4474.0,obs,500,31.1,20.71,10.98,S3,31.1,20.71,10.98,S3,31.1,20.71,10.7,S3,7.632,0,S3,site_s3,S3,S3,S3,125.0,0.0,0.0,326.2,1,1,1,,
1786350313.998,c2,recommend,,0.0,26.76,14.03,3.77,S3,0,,0,200.0,obs,669,26.76,14.03,4.0,S3,26.76,14.03,4.0,S3,26.76,14.03,3.77,S3,7.632,0,S3,site_s3,S3,S3,S3,167.0,0.0,0.0,356.0,1,1,1,,
1786350314.998,c1,reserve,,0.0,26.34,13.67,3.99,S3,0,,0,36.0,obs,332,26.34,13.67,3.65,S3,26.34,13.67,3.65,S3,26.34,13.67,3.99,S3,7.646,0,S3,site_s3,S3,S3,S3,83.0,0.0,0.0,23.1,1,1,1,,
1786350314.998,c1,search,,0.0,31.1,20.71,10.74,S3,0,,0,4474.0,obs,501,31.1,20.71,10.98,S3,31.1,20.71,10.98,S3,31.1,20.71,10.74,S3,7.646,0,S3,site_s3,S3,S3,S3,125.5,0.0,0.0,148.6,1,1,1,,
1786350314.998,c1,recommend,,0.0,26.76,14.03,3.75,S3,0,,0,200.0,obs,671,26.76,14.03,4.0,S3,26.76,14.03,4.0,S3,26.76,14.03,3.75,S3,7.646,0,S3,site_s3,S3,S3,S3,167.5,0.0,0.0,178.4,1,1,1,,
1786350314.998,c2,reserve,,0.0,26.34,13.67,3.99,S3,0,,0,36.0,obs,332,26.34,13.67,3.65,S3,26.34,13.67,3.65,S3,26.34,13.67,3.99,S3,7.646,0,S3,site_s3,S3,S3,S3,83.0,0.0,0.0,201.5,1,1,1,,
1786350314.998,c2,search,,0.0,31.1,20.71,10.74,S3,0,,0,4474.0,obs,501,31.1,20.71,10.98,S3,31.1,20.71,10.98,S3,31.1,20.71,10.74,S3,7.646,0,S3,site_s3,S3,S3,S3,125.0,0.0,0.0,326.5,1,1,1,,
1786350314.998,c2,recommend,,0.0,26.76,14.03,3.75,S3,0,,0,200.0,obs,671,26.76,14.03,4.0,S3,26.76,14.03,4.0,S3,26.76,14.03,3.75,S3,7.646,0,S3,site_s3,S3,S3,S3,168.0,0.0,0.0,356.4,1,1,1,,
1786350315.998,c1,reserve,,0.0,26.34,13.67,3.99,S3,0,,0,36.0,obs,332,26.34,13.67,3.65,S3,26.34,13.67,3.65,S3,26.34,13.67,3.99,S3,7.854,0,S3,site_s3,S3,S3,S3,83.0,0.0,0.0,23.1,1,1,1,,
1786350315.998,c1,search,,0.0,31.1,20.71,10.87,S3,0,,0,4474.0,obs,504,31.1,20.71,10.98,S3,31.1,20.71,10.98,S3,31.1,20.71,10.87,S3,7.854,0,S3,site_s3,S3,S3,S3,126.0,0.0,0.0,149.1,1,1,1,,
1786350315.998,c1,recommend,,0.0,26.76,14.03,3.75,S3,0,,0,200.0,obs,669,26.76,14.03,4.0,S3,26.76,14.03,4.0,S3,26.76,14.03,3.75,S3,7.854,0,S3,site_s3,S3,S3,S3,167.0,0.0,0.0,178.8,1,1,1,,
1786350315.998,c2,reserve,,0.0,26.34,13.67,3.99,S3,0,,0,36.0,obs,332,26.34,13.67,3.65,S3,26.34,13.67,3.65,S3,26.34,13.67,3.99,S3,7.854,0,S3,site_s3,S3,S3,S3,83.0,0.0,0.0,201.9,1,1,1,,
1786350315.998,c2,search,,0.0,31.1,20.71,10.87,S3,0,,0,4474.0,obs,504,31.1,20.71,10.98,S3,31.1,20.71,10.98,S3,31.1,20.71,10.87,S3,7.854,0,S3,site_s3,S3,S3,S3,126.0,0.0,0.0,327.9,1,1,1,,
1786350315.998,c2,recommend,,0.0,26.76,14.03,3.75,S3,0,,0,200.0,obs,669,26.76,14.03,4.0,S3,26.76,14.03,4.0,S3,26.76,14.03,3.75,S3,7.854,0,S3,site_s3,S3,S3,S3,167.5,0.0,0.0,357.7,1,1,1,,
1786350316.998,c1,reserve,,0.0,26.34,13.67,3.99,S3,0,,0,36.0,obs,338,26.34,13.67,3.65,S3,26.34,13.67,3.65,S3,26.34,13.67,3.99,S3,7.677,0,S3,site_s3,S3,S3,S3,84.5,0.0,0.0,23.5,1,1,1,,
1786350316.998,c1,search,,0.0,31.1,20.71,10.67,S3,0,,0,4474.0,obs,502,31.1,20.71,10.98,S3,31.1,20.71,10.98,S3,31.1,20.71,10.67,S3,7.677,0,S3,site_s3,S3,S3,S3,125.5,0.0,0.0,149.0,1,1,1,,
1786350316.998,c1,recommend,,0.0,26.76,14.03,3.77,S3,0,,0,200.0,obs,667,26.76,14.03,4.0,S3,26.76,14.03,4.0,S3,26.76,14.03,3.77,S3,7.677,0,S3,site_s3,S3,S3,S3,167.0,0.0,0.0,178.7,1,1,1,,
1786350316.998,c2,reserve,,0.0,26.34,13.67,3.99,S3,0,,0,36.0,obs,338,26.34,13.67,3.65,S3,26.34,13.67,3.65,S3,26.34,13.67,3.99,S3,7.677,0,S3,site_s3,S3,S3,S3,84.5,0.0,0.0,202.2,1,1,1,,
1786350316.998,c2,search,,0.0,31.1,20.71,10.67,S3,0,,0,4474.0,obs,502,31.1,20.71,10.98,S3,31.1,20.71,10.98,S3,31.1,20.71,10.67,S3,7.677,0,S3,site_s3,S3,S3,S3,125.5,0.0,0.0,327.7,1,1,1,,
1786350316.998,c2,recommend,,0.0,26.76,14.03,3.77,S3,0,,0,200.0,obs,667,26.76,14.03,4.0,S3,26.76,14.03,4.0,S3,26.76,14.03,3.77,S3,7.677,0,S3,site_s3,S3,S3,S3,166.5,0.0,0.0,357.3,1,1,1,,
1786350317.998,c1,reserve,,0.0,26.34,13.67,3.87,S3,0,,0,36.0,obs,337,26.34,13.67,3.65,S3,26.34,13.67,3.65,S3,26.34,13.67,3.87,S3,7.668,0,S3,site_s3,S3,S3,S3,84.5,0.0,0.0,23.5,1,1,1,,
1786350317.998,c1,search,,0.0,31.1,20.71,10.58,S3,0,,0,4474.0,obs,500,31.1,20.71,10.98,S3,31.1,20.71,10.98,S3,31.1,20.71,10.58,S3,7.668,0,S3,site_s3,S3,S3,S3,125.0,0.0,0.0,148.5,1,1,1,,
1786350317.998,c1,recommend,,0.0,26.76,14.03,3.71,S3,0,,0,200.0,obs,670,26.76,14.03,4.0,S3,26.76,14.03,4.0,S3,26.76,14.03,3.71,S3,7.668,0,S3,site_s3,S3,S3,S3,167.5,0.0,0.0,178.3,1,1,1,,
1786350317.998,c2,reserve,,0.0,26.34,13.67,3.87,S3,0,,0,36.0,obs,337,26.34,13.67,3.65,S3,26.34,13.67,3.65,S3,26.34,13.67,3.87,S3,7.668,0,S3,site_s3,S3,S3,S3,84.0,0.0,0.0,201.7,1,1,1,,
1786350317.998,c2,search,,0.0,31.1,20.71,10.58,S3,0,,0,4474.0,obs,500,31.1,20.71,10.98,S3,31.1,20.71,10.98,S3,31.1,20.71,10.58,S3,7.668,0,S3,site_s3,S3,S3,S3,125.0,0.0,0.0,326.7,1,1,1,,
1786350317.998,c2,recommend,,0.0,26.76,14.03,3.71,S3,0,,0,200.0,obs,670,26.76,14.03,4.0,S3,26.76,14.03,4.0,S3,26.76,14.03,3.71,S3,7.668,0,S3,site_s3,S3,S3,S3,167.5,0.0,0.0,356.5,1,1,1,,
1786350318.997,c1,reserve,,0.0,26.34,13.67,3.76,S3,0,,0,36.0,obs,334,26.34,13.67,3.65,S3,26.34,13.67,3.65,S3,26.34,13.67,3.76,S3,7.332,0,S3,site_s3,S3,S3,S3,83.5,0.0,0.0,23.2,1,1,1,,
1786350318.997,c1,search,,0.0,31.1,20.71,10.62,S3,0,,0,4474.0,obs,501,31.1,20.71,10.98,S3,31.1,20.71,10.98,S3,31.1,20.71,10.62,S3,7.332,0,S3,site_s3,S3,S3,S3,125.0,0.0,0.0,148.2,1,1,1,,
1786350318.997,c1,recommend,,0.0,26.76,14.03,3.78,S3,0,,0,200.0,obs,673,26.76,14.03,4.0,S3,26.76,14.03,4.0,S3,26.76,14.03,3.78,S3,7.332,0,S3,site_s3,S3,S3,S3,168.5,0.0,0.0,178.2,1,1,1,,
1786350318.997,c2,reserve,,0.0,26.34,13.67,3.76,S3,0,,0,36.0,obs,334,26.34,13.67,3.65,S3,26.34,13.67,3.65,S3,26.34,13.67,3.76,S3,7.332,0,S3,site_s3,S3,S3,S3,83.5,0.0,0.0,201.4,1,1,1,,
1786350318.997,c2,search,,0.0,31.1,20.71,10.62,S3,0,,0,4474.0,obs,501,31.1,20.71,10.98,S3,31.1,20.71,10.98,S3,31.1,20.71,10.62,S3,7.332,0,S3,site_s3,S3,S3,S3,125.5,0.0,0.0,326.9,1,1,1,,
1786350318.997,c2,recommend,,0.0,26.76,14.03,3.78,S3,0,,0,200.0,obs,673,26.76,14.03,4.0,S3,26.76,14.03,4.0,S3,26.76,14.03,3.78,S3,7.332,0,S3,site_s3,S3,S3,S3,168.0,0.0,0.0,356.8,1,1,1,,
1786350319.998,c1,reserve,,0.0,26.34,13.67,3.9,S3,0,,0,36.0,obs,334,26.34,13.67,3.65,S3,26.34,13.67,3.65,S3,26.34,13.67,3.9,S3,7.639,0,S3,site_s3,S3,S3,S3,83.5,0.0,0.0,23.2,1,1,1,,
1786350319.998,c1,search,,0.0,31.1,20.71,10.59,S3,0,,0,4474.0,obs,502,31.1,20.71,10.98,S3,31.1,20.71,10.98,S3,31.1,20.71,10.59,S3,7.639,0,S3,site_s3,S3,S3,S3,125.5,0.0,0.0,148.7,1,1,1,,
1786350319.998,c1,recommend,,0.0,26.76,14.03,3.86,S3,0,,0,200.0,obs,673,26.76,14.03,4.0,S3,26.76,14.03,4.0,S3,26.76,14.03,3.86,S3,7.639,0,S3,site_s3,S3,S3,S3,168.5,0.0,0.0,178.7,1,1,1,,
1786350319.998,c2,reserve,,0.0,26.34,13.67,3.9,S3,0,,0,36.0,obs,334,26.34,13.67,3.65,S3,26.34,13.67,3.65,S3,26.34,13.67,3.9,S3,7.639,0,S3,site_s3,S3,S3,S3,83.5,0.0,0.0,201.9,1,1,1,,
1786350319.998,c2,search,,0.0,31.1,20.71,10.59,S3,0,,0,4474.0,obs,502,31.1,20.71,10.98,S3,31.1,20.71,10.98,S3,31.1,20.71,10.59,S3,7.639,0,S3,site_s3,S3,S3,S3,125.5,0.0,0.0,327.4,1,1,1,,
1786350319.998,c2,recommend,,0.0,26.76,14.03,3.86,S3,0,,0,200.0,obs,673,26.76,14.03,4.0,S3,26.76,14.03,4.0,S3,26.76,14.03,3.86,S3,7.639,0,S3,site_s3,S3,S3,S3,168.0,0.0,0.0,357.3,1,1,1,,
1786350320.997,c1,reserve,,0.0,26.34,13.67,3.92,S3,0,,0,36.0,obs,335,26.34,13.67,3.65,S3,26.34,13.67,3.65,S3,26.34,13.67,3.92,S3,7.289,0,S3,site_s3,S3,S3,S3,84.0,0.0,0.0,23.4,1,1,1,,
1786350320.997,c1,search,,0.0,31.1,20.71,10.58,S3,0,,0,4474.0,obs,506,31.1,20.71,10.98,S3,31.1,20.71,10.98,S3,31.1,20.71,10.58,S3,7.289,0,S3,site_s3,S3,S3,S3,126.5,0.0,0.0,149.9,1,1,1,,
1786350320.997,c1,recommend,,0.0,26.76,14.03,3.8,S3,0,,0,200.0,obs,669,26.76,14.03,4.0,S3,26.76,14.03,4.0,S3,26.76,14.03,3.8,S3,7.289,0,S3,site_s3,S3,S3,S3,167.0,0.0,0.0,179.6,1,1,1,,
1786350320.997,c2,reserve,,0.0,26.34,13.67,3.92,S3,0,,0,36.0,obs,335,26.34,13.67,3.65,S3,26.34,13.67,3.65,S3,26.34,13.67,3.92,S3,7.289,0,S3,site_s3,S3,S3,S3,83.5,0.0,0.0,202.8,1,1,1,,
1786350320.997,c2,search,,0.0,31.1,20.71,10.58,S3,0,,0,4474.0,obs,506,31.1,20.71,10.98,S3,31.1,20.71,10.98,S3,31.1,20.71,10.58,S3,7.289,0,S3,site_s3,S3,S3,S3,126.5,0.0,0.0,329.3,1,1,1,,
1786350320.997,c2,recommend,,0.0,26.76,14.03,3.8,S3,0,,0,200.0,obs,669,26.76,14.03,4.0,S3,26.76,14.03,4.0,S3,26.76,14.03,3.8,S3,7.289,0,S3,site_s3,S3,S3,S3,167.5,0.0,0.0,359.1,1,1,1,,
1786350321.998,c1,reserve,,0.0,26.34,13.67,3.96,S3,0,,0,36.0,obs,338,26.34,13.67,3.65,S3,26.34,13.67,3.65,S3,26.34,13.67,3.96,S3,7.649,0,S3,site_s3,S3,S3,S3,84.5,0.0,0.0,23.5,1,1,1,,
1786350321.998,c1,search,,0.0,31.1,20.71,10.75,S3,0,,0,4474.0,obs,501,31.1,20.71,10.98,S3,31.1,20.71,10.98,S3,31.1,20.71,10.75,S3,7.649,0,S3,site_s3,S3,S3,S3,125.5,0.0,0.0,149.0,1,1,1,,
1786350321.998,c1,recommend,,0.0,26.76,14.03,3.82,S3,0,,0,200.0,obs,670,26.76,14.03,4.0,S3,26.76,14.03,4.0,S3,26.76,14.03,3.82,S3,7.649,0,S3,site_s3,S3,S3,S3,167.5,0.0,0.0,178.8,1,1,1,,
1786350321.998,c2,reserve,,0.0,26.34,13.67,3.96,S3,0,,0,36.0,obs,338,26.34,13.67,3.65,S3,26.34,13.67,3.65,S3,26.34,13.67,3.96,S3,7.649,0,S3,site_s3,S3,S3,S3,84.5,0.0,0.0,202.3,1,1,1,,
1786350321.998,c2,search,,0.0,31.1,20.71,10.75,S3,0,,0,4474.0,obs,501,31.1,20.71,10.98,S3,31.1,20.71,10.98,S3,31.1,20.71,10.75,S3,7.649,0,S3,site_s3,S3,S3,S3,125.0,0.0,0.0,327.3,1,1,1,,
1786350321.998,c2,recommend,,0.0,26.76,14.03,3.82,S3,0,,0,200.0,obs,670,26.76,14.03,4.0,S3,26.76,14.03,4.0,S3,26.76,14.03,3.82,S3,7.649,0,S3,site_s3,S3,S3,S3,167.5,0.0,0.0,357.1,1,1,1,,
1786350322.997,c1,reserve,,0.0,26.34,13.67,4.01,S3,0,,0,36.0,obs,336,26.34,13.67,3.65,S3,26.34,13.67,3.65,S3,26.34,13.67,4.01,S3,7.34,0,S3,site_s3,S3,S3,S3,84.0,0.0,0.0,23.4,1,1,1,,
1786350322.997,c1,search,,0.0,31.1,20.71,10.8,S3,0,,0,4474.0,obs,503,31.1,20.71,10.98,S3,31.1,20.71,10.98,S3,31.1,20.71,10.8,S3,7.34,0,S3,site_s3,S3,S3,S3,125.5,0.0,0.0,148.9,1,1,1,,
1786350322.997,c1,recommend,,0.0,26.76,14.03,3.91,S3,0,,0,200.0,obs,672,26.76,14.03,4.0,S3,26.76,14.03,4.0,S3,26.76,14.03,3.91,S3,7.34,0,S3,site_s3,S3,S3,S3,168.0,0.0,0.0,178.8,1,1,1,,
1786350322.997,c2,reserve,,0.0,26.34,13.67,4.01,S3,0,,0,36.0,obs,336,26.34,13.67,3.65,S3,26.34,13.67,3.65,S3,26.34,13.67,4.01,S3,7.34,0,S3,site_s3,S3,S3,S3,84.0,0.0,0.0,202.1,1,1,1,,
1786350322.997,c2,search,,0.0,31.1,20.71,10.8,S3,0,,0,4474.0,obs,503,31.1,20.71,10.98,S3,31.1,20.71,10.98,S3,31.1,20.71,10.8,S3,7.34,0,S3,site_s3,S3,S3,S3,126.0,0.0,0.0,328.1,1,1,1,,
1786350322.997,c2,recommend,,0.0,26.76,14.03,3.91,S3,0,,0,200.0,obs,672,26.76,14.03,4.0,S3,26.76,14.03,4.0,S3,26.76,14.03,3.91,S3,7.34,0,S3,site_s3,S3,S3,S3,168.0,0.0,0.0,358.0,1,1,1,,
1786350323.998,c1,reserve,,0.0,26.34,13.67,4.01,S3,0,,0,36.0,obs,336,26.34,13.67,3.65,S3,26.34,13.67,3.65,S3,26.34,13.67,4.01,S3,7.67,0,S3,site_s3,S3,S3,S3,84.0,0.0,0.0,23.4,1,1,1,,
1786350323.998,c1,search,,0.0,31.1,20.71,10.75,S3,0,,0,4474.0,obs,503,31.1,20.71,10.98,S3,31.1,20.71,10.98,S3,31.1,20.71,10.75,S3,7.67,0,S3,site_s3,S3,S3,S3,126.0,0.0,0.0,149.4,1,1,1,,
1786350323.998,c1,recommend,,0.0,26.76,14.03,3.85,S3,0,,0,200.0,obs,674,26.76,14.03,4.0,S3,26.76,14.03,4.0,S3,26.76,14.03,3.85,S3,7.67,0,S3,site_s3,S3,S3,S3,168.5,0.0,0.0,179.3,1,1,1,,
1786350323.998,c2,reserve,,0.0,26.34,13.67,4.01,S3,0,,0,36.0,obs,336,26.34,13.67,3.65,S3,26.34,13.67,3.65,S3,26.34,13.67,4.01,S3,7.67,0,S3,site_s3,S3,S3,S3,84.0,0.0,0.0,202.7,1,1,1,,
1786350323.998,c2,search,,0.0,31.1,20.71,10.75,S3,0,,0,4474.0,obs,503,31.1,20.71,10.98,S3,31.1,20.71,10.98,S3,31.1,20.71,10.75,S3,7.67,0,S3,site_s3,S3,S3,S3,125.5,0.0,0.0,328.2,1,1,1,,
1786350323.998,c2,recommend,,0.0,26.76,14.03,3.85,S3,0,,0,200.0,obs,674,26.76,14.03,4.0,S3,26.76,14.03,4.0,S3,26.76,14.03,3.85,S3,7.67,0,S3,site_s3,S3,S3,S3,168.5,0.0,0.0,358.2,1,1,1,,
1786350324.998,c1,reserve,,0.0,26.34,13.67,4.01,S3,0,,0,36.0,obs,334,26.34,13.67,3.65,S3,26.34,13.67,3.65,S3,26.34,13.67,4.01,S3,7.804,0,S3,site_s3,S3,S3,S3,83.5,0.0,0.0,23.2,1,1,1,,
1786350324.998,c1,search,,0.0,31.1,20.71,10.8,S3,0,,0,4474.0,obs,505,31.1,20.71,10.98,S3,31.1,20.71,10.98,S3,31.1,20.71,10.8,S3,7.804,0,S3,site_s3,S3,S3,S3,126.5,0.0,0.0,149.7,1,1,1,,
1786350324.998,c1,recommend,,0.0,26.76,14.03,3.75,S3,0,,0,200.0,obs,672,26.76,14.03,4.0,S3,26.76,14.03,4.0,S3,26.76,14.03,3.75,S3,7.804,0,S3,site_s3,S3,S3,S3,168.0,0.0,0.0,179.6,1,1,1,,
1786350324.998,c2,reserve,,0.0,26.34,13.67,4.01,S3,0,,0,36.0,obs,334,26.34,13.67,3.65,S3,26.34,13.67,3.65,S3,26.34,13.67,4.01,S3,7.804,0,S3,site_s3,S3,S3,S3,83.5,0.0,0.0,202.8,1,1,1,,
1786350324.998,c2,search,,0.0,31.1,20.71,10.8,S3,0,,0,4474.0,obs,505,31.1,20.71,10.98,S3,31.1,20.71,10.98,S3,31.1,20.71,10.8,S3,7.804,0,S3,site_s3,S3,S3,S3,126.0,0.0,0.0,328.8,1,1,1,,
1786350324.998,c2,recommend,,0.0,26.76,14.03,3.75,S3,0,,0,200.0,obs,672,26.76,14.03,4.0,S3,26.76,14.03,4.0,S3,26.76,14.03,3.75,S3,7.804,0,S3,site_s3,S3,S3,S3,168.0,0.0,0.0,358.7,1,1,1,,
1786350325.998,c1,reserve,,0.0,26.34,13.67,3.87,S3,0,,0,36.0,obs,339,26.34,13.67,3.65,S3,26.34,13.67,3.65,S3,26.34,13.67,3.87,S3,7.66,0,S3,site_s3,S3,S3,S3,84.5,0.0,0.0,23.5,1,1,1,,
1786350325.998,c1,search,,0.0,31.1,20.71,10.65,S3,0,,0,4474.0,obs,504,31.1,20.71,10.98,S3,31.1,20.71,10.98,S3,31.1,20.71,10.65,S3,7.66,0,S3,site_s3,S3,S3,S3,126.0,0.0,0.0,149.5,1,1,1,,
1786350325.998,c1,recommend,,0.0,26.76,14.03,3.79,S3,0,,0,200.0,obs,671,26.76,14.03,4.0,S3,26.76,14.03,4.0,S3,26.76,14.03,3.79,S3,7.66,0,S3,site_s3,S3,S3,S3,168.0,0.0,0.0,179.4,1,1,1,,
1786350325.998,c2,reserve,,0.0,26.34,13.67,3.87,S3,0,,0,36.0,obs,339,26.34,13.67,3.65,S3,26.34,13.67,3.65,S3,26.34,13.67,3.87,S3,7.66,0,S3,site_s3,S3,S3,S3,85.0,0.0,0.0,203.0,1,1,1,,
1786350325.998,c2,search,,0.0,31.1,20.71,10.65,S3,0,,0,4474.0,obs,504,31.1,20.71,10.98,S3,31.1,20.71,10.98,S3,31.1,20.71,10.65,S3,7.66,0,S3,site_s3,S3,S3,S3,126.0,0.0,0.0,329.0,1,1,1,,
1786350325.998,c2,recommend,,0.0,26.76,14.03,3.79,S3,0,,0,200.0,obs,671,26.76,14.03,4.0,S3,26.76,14.03,4.0,S3,26.76,14.03,3.79,S3,7.66,0,S3,site_s3,S3,S3,S3,167.5,0.0,0.0,358.8,1,1,1,,
1786350326.998,c1,reserve,,0.0,26.34,13.67,3.89,S3,0,,0,36.0,obs,337,26.34,13.67,3.65,S3,26.34,13.67,3.65,S3,26.34,13.67,3.89,S3,7.674,0,S3,site_s3,S3,S3,S3,84.5,0.0,0.0,23.5,1,1,1,,
1786350326.998,c1,search,,0.0,31.1,20.71,10.64,S3,0,,0,4474.0,obs,504,31.1,20.71,10.98,S3,31.1,20.71,10.98,S3,31.1,20.71,10.64,S3,7.674,0,S3,site_s3,S3,S3,S3,126.0,0.0,0.0,149.5,1,1,1,,
1786350326.998,c1,recommend,,0.0,26.76,14.03,3.81,S3,0,,0,200.0,obs,675,26.76,14.03,4.0,S3,26.76,14.03,4.0,S3,26.76,14.03,3.81,S3,7.674,0,S3,site_s3,S3,S3,S3,168.5,0.0,0.0,179.5,1,1,1,,
1786350326.998,c2,reserve,,0.0,26.34,13.67,3.89,S3,0,,0,36.0,obs,337,26.34,13.67,3.65,S3,26.34,13.67,3.65,S3,26.34,13.67,3.89,S3,7.674,0,S3,site_s3,S3,S3,S3,84.0,0.0,0.0,202.8,1,1,1,,
1786350326.998,c2,search,,0.0,31.1,20.71,10.64,S3,0,,0,4474.0,obs,504,31.1,20.71,10.98,S3,31.1,20.71,10.98,S3,31.1,20.71,10.64,S3,7.674,0,S3,site_s3,S3,S3,S3,126.0,0.0,0.0,328.8,1,1,1,,
1786350326.998,c2,recommend,,0.0,26.76,14.03,3.81,S3,0,,0,200.0,obs,675,26.76,14.03,4.0,S3,26.76,14.03,4.0,S3,26.76,14.03,3.81,S3,7.674,0,S3,site_s3,S3,S3,S3,169.0,0.0,0.0,358.9,1,1,1,,
1786350327.998,c1,reserve,,0.0,26.34,13.67,3.68,S3,0,,0,36.0,obs,336,26.34,13.67,3.65,S3,26.34,13.67,3.65,S3,26.34,13.67,3.68,S3,7.496,0,S3,site_s3,S3,S3,S3,84.0,0.0,0.0,23.4,1,1,1,,
1786350327.998,c1,search,,0.0,31.1,20.71,10.76,S3,0,,0,4474.0,obs,504,31.1,20.71,10.98,S3,31.1,20.71,10.98,S3,31.1,20.71,10.76,S3,7.496,0,S3,site_s3,S3,S3,S3,126.0,0.0,0.0,149.4,1,1,1,,
1786350327.998,c1,recommend,,0.0,26.76,14.03,3.66,S3,0,,0,200.0,obs,675,26.76,14.03,4.0,S3,26.76,14.03,4.0,S3,26.76,14.03,3.66,S3,7.496,0,S3,site_s3,S3,S3,S3,169.0,0.0,0.0,179.4,1,1,1,,
1786350327.998,c2,reserve,,0.0,26.34,13.67,3.68,S3,0,,0,36.0,obs,336,26.34,13.67,3.65,S3,26.34,13.67,3.65,S3,26.34,13.67,3.68,S3,7.496,0,S3,site_s3,S3,S3,S3,84.0,0.0,0.0,202.8,1,1,1,,
1786350327.998,c2,search,,0.0,31.1,20.71,10.76,S3,0,,0,4474.0,obs,504,31.1,20.71,10.98,S3,31.1,20.71,10.98,S3,31.1,20.71,10.76,S3,7.496,0,S3,site_s3,S3,S3,S3,126.0,0.0,0.0,328.8,1,1,1,,
1786350327.998,c2,recommend,,0.0,26.76,14.03,3.66,S3,0,,0,200.0,obs,675,26.76,14.03,4.0,S3,26.76,14.03,4.0,S3,26.76,14.03,3.66,S3,7.496,0,S3,site_s3,S3,S3,S3,168.5,0.0,0.0,358.8,1,1,1,,
1786350328.998,c1,reserve,,0.0,26.34,13.67,3.81,S3,0,,0,36.0,obs,336,26.34,13.67,3.65,S3,26.34,13.67,3.65,S3,26.34,13.67,3.81,S3,7.664,0,S3,site_s3,S3,S3,S3,84.0,0.0,0.0,23.4,1,1,1,,
1786350328.998,c1,search,,0.0,31.1,20.71,10.74,S3,0,,0,4474.0,obs,505,31.1,20.71,10.98,S3,31.1,20.71,10.98,S3,31.1,20.71,10.74,S3,7.664,0,S3,site_s3,S3,S3,S3,126.0,0.0,0.0,149.4,1,1,1,,
1786350328.998,c1,recommend,,0.0,26.76,14.03,3.66,S3,0,,0,200.0,obs,675,26.76,14.03,4.0,S3,26.76,14.03,4.0,S3,26.76,14.03,3.66,S3,7.664,0,S3,site_s3,S3,S3,S3,169.0,0.0,0.0,179.4,1,1,1,,
1786350328.998,c2,reserve,,0.0,26.34,13.67,3.81,S3,0,,0,36.0,obs,336,26.34,13.67,3.65,S3,26.34,13.67,3.65,S3,26.34,13.67,3.81,S3,7.664,0,S3,site_s3,S3,S3,S3,84.0,0.0,0.0,202.8,1,1,1,,
1786350328.998,c2,search,,0.0,31.1,20.71,10.74,S3,0,,0,4474.0,obs,505,31.1,20.71,10.98,S3,31.1,20.71,10.98,S3,31.1,20.71,10.74,S3,7.664,0,S3,site_s3,S3,S3,S3,126.0,0.0,0.0,328.8,1,1,1,,
1786350328.998,c2,recommend,,0.0,26.76,14.03,3.66,S3,0,,0,200.0,obs,675,26.76,14.03,4.0,S3,26.76,14.03,4.0,S3,26.76,14.03,3.66,S3,7.664,0,S3,site_s3,S3,S3,S3,168.5,0.0,0.0,358.8,1,1,1,,
1786350329.998,c1,reserve,,0.0,26.34,13.67,3.89,S3,0,,0,36.0,obs,337,26.34,13.67,3.65,S3,26.34,13.67,3.65,S3,26.34,13.67,3.89,S3,7.615,0,S3,site_s3,S3,S3,S3,84.5,0.0,0.0,23.5,1,1,1,,
1786350329.998,c1,search,,0.0,31.1,20.71,10.6,S3,0,,0,4474.0,obs,508,31.1,20.71,10.98,S3,31.1,20.71,10.98,S3,31.1,20.71,10.6,S3,7.615,0,S3,site_s3,S3,S3,S3,127.0,0.0,0.0,150.5,1,1,1,,
1786350329.998,c1,recommend,,0.0,26.76,14.03,3.66,S3,0,,0,200.0,obs,672,26.76,14.03,4.0,S3,26.76,14.03,4.0,S3,26.76,14.03,3.66,S3,7.615,0,S3,site_s3,S3,S3,S3,168.0,0.0,0.0,180.4,1,1,1,,
1786350329.998,c2,reserve,,0.0,26.34,13.67,3.89,S3,0,,0,36.0,obs,337,26.34,13.67,3.65,S3,26.34,13.67,3.65,S3,26.34,13.67,3.89,S3,7.615,0,S3,site_s3,S3,S3,S3,84.0,0.0,0.0,203.7,1,1,1,,
1786350329.998,c2,search,,0.0,31.1,20.71,10.6,S3,0,,0,4474.0,obs,508,31.1,20.71,10.98,S3,31.1,20.71,10.98,S3,31.1,20.71,10.6,S3,7.615,0,S3,site_s3,S3,S3,S3,127.0,0.0,0.0,330.7,1,1,1,,
1786350329.998,c2,recommend,,0.0,26.76,14.03,3.66,S3,0,,0,200.0,obs,672,26.76,14.03,4.0,S3,26.76,14.03,4.0,S3,26.76,14.03,3.66,S3,7.615,0,S3,site_s3,S3,S3,S3,168.0,0.0,0.0,360.7,1,1,1,,
1786350330.998,c1,reserve,,0.0,26.34,13.67,3.9,S3,0,,0,36.0,obs,340,26.34,13.67,3.65,S3,26.34,13.67,3.65,S3,26.34,13.67,3.9,S3,7.638,0,S3,site_s3,S3,S3,S3,85.0,0.0,0.0,23.6,1,1,1,,
1786350330.998,c1,search,,0.0,31.1,20.71,10.67,S3,0,,0,4474.0,obs,503,31.1,20.71,10.98,S3,31.1,20.71,10.98,S3,31.1,20.71,10.67,S3,7.638,0,S3,site_s3,S3,S3,S3,126.0,0.0,0.0,149.6,1,1,1,,
1786350330.998,c1,recommend,,0.0,26.76,14.03,3.69,S3,0,,0,200.0,obs,674,26.76,14.03,4.0,S3,26.76,14.03,4.0,S3,26.76,14.03,3.69,S3,7.638,0,S3,site_s3,S3,S3,S3,168.5,0.0,0.0,179.6,1,1,1,,
1786350330.998,c2,reserve,,0.0,26.34,13.67,3.9,S3,0,,0,36.0,obs,340,26.34,13.67,3.65,S3,26.34,13.67,3.65,S3,26.34,13.67,3.9,S3,7.638,0,S3,site_s3,S3,S3,S3,85.0,0.0,0.0,203.3,1,1,1,,
1786350330.998,c2,search,,0.0,31.1,20.71,10.67,S3,0,,0,4474.0,obs,503,31.1,20.71,10.98,S3,31.1,20.71,10.98,S3,31.1,20.71,10.67,S3,7.638,0,S3,site_s3,S3,S3,S3,125.5,0.0,0.0,328.8,1,1,1,,
1786350330.998,c2,recommend,,0.0,26.76,14.03,3.69,S3,0,,0,200.0,obs,674,26.76,14.03,4.0,S3,26.76,14.03,4.0,S3,26.76,14.03,3.69,S3,7.638,0,S3,site_s3,S3,S3,S3,168.5,0.0,0.0,358.7,1,1,1,,
1786350331.998,c1,reserve,,0.0,26.34,13.67,4.07,S3,0,,0,36.0,obs,336,26.34,13.67,3.65,S3,26.34,13.67,3.65,S3,26.34,13.67,4.07,S3,7.651,0,S3,site_s3,S3,S3,S3,84.0,0.0,0.0,23.4,1,1,1,,
1786350331.998,c1,search,,0.0,31.1,20.71,10.78,S3,0,,0,4474.0,obs,506,31.1,20.71,10.98,S3,31.1,20.71,10.98,S3,31.1,20.71,10.78,S3,7.651,0,S3,site_s3,S3,S3,S3,126.5,0.0,0.0,149.9,1,1,1,,
1786350331.998,c1,recommend,,0.0,26.76,14.03,3.81,S3,0,,0,200.0,obs,677,26.76,14.03,4.0,S3,26.76,14.03,4.0,S3,26.76,14.03,3.81,S3,7.651,0,S3,site_s3,S3,S3,S3,169.5,0.0,0.0,180.0,1,1,1,,
1786350331.998,c2,reserve,,0.0,26.34,13.67,4.07,S3,0,,0,36.0,obs,336,26.34,13.67,3.65,S3,26.34,13.67,3.65,S3,26.34,13.67,4.07,S3,7.651,0,S3,site_s3,S3,S3,S3,84.0,0.0,0.0,203.4,1,1,1,,
1786350331.998,c2,search,,0.0,31.1,20.71,10.78,S3,0,,0,4474.0,obs,506,31.1,20.71,10.98,S3,31.1,20.71,10.98,S3,31.1,20.71,10.78,S3,7.651,0,S3,site_s3,S3,S3,S3,126.5,0.0,0.0,329.9,1,1,1,,
1786350331.998,c2,recommend,,0.0,26.76,14.03,3.81,S3,0,,0,200.0,obs,677,26.76,14.03,4.0,S3,26.76,14.03,4.0,S3,26.76,14.03,3.81,S3,7.651,0,S3,site_s3,S3,S3,S3,169.0,0.0,0.0,360.0,1,1,1,,
1786350332.998,c1,reserve,,0.0,26.34,13.67,3.98,S3,0,,0,36.0,obs,336,26.34,13.67,3.65,S3,26.34,13.67,3.65,S3,26.34,13.67,3.98,S3,7.617,0,S3,site_s3,S3,S3,S3,84.0,0.0,0.0,23.4,1,1,1,,
1786350332.998,c1,search,,0.0,31.1,20.71,10.76,S3,0,,0,4474.0,obs,506,31.1,20.71,10.98,S3,31.1,20.71,10.98,S3,31.1,20.71,10.76,S3,7.617,0,S3,site_s3,S3,S3,S3,126.5,0.0,0.0,149.9,1,1,1,,
1786350332.998,c1,recommend,,0.0,26.76,14.03,3.84,S3,0,,0,200.0,obs,677,26.76,14.03,4.0,S3,26.76,14.03,4.0,S3,26.76,14.03,3.84,S3,7.617,0,S3,site_s3,S3,S3,S3,169.0,0.0,0.0,179.9,1,1,1,,
1786350332.998,c2,reserve,,0.0,26.34,13.67,3.98,S3,0,,0,36.0,obs,336,26.34,13.67,3.65,S3,26.34,13.67,3.65,S3,26.34,13.67,3.98,S3,7.617,0,S3,site_s3,S3,S3,S3,84.0,0.0,0.0,203.3,1,1,1,,
1786350332.998,c2,search,,0.0,31.1,20.71,10.76,S3,0,,0,4474.0,obs,506,31.1,20.71,10.98,S3,31.1,20.71,10.98,S3,31.1,20.71,10.76,S3,7.617,0,S3,site_s3,S3,S3,S3,126.5,0.0,0.0,329.8,1,1,1,,
1786350332.998,c2,recommend,,0.0,26.76,14.03,3.84,S3,0,,0,200.0,obs,677,26.76,14.03,4.0,S3,26.76,14.03,4.0,S3,26.76,14.03,3.84,S3,7.617,0,S3,site_s3,S3,S3,S3,169.5,0.0,0.0,360.0,1,1,1,,
1786350333.998,c1,reserve,,0.0,26.34,13.67,4.03,S3,0,,0,36.0,obs,336,26.34,13.67,3.65,S3,26.34,13.67,3.65,S3,26.34,13.67,4.03,S3,7.795,0,S3,site_s3,S3,S3,S3,84.0,0.0,0.0,23.4,1,1,1,,
1786350333.998,c1,search,,0.0,31.1,20.71,10.87,S3,0,,0,4474.0,obs,509,31.1,20.71,10.98,S3,31.1,20.71,10.98,S3,31.1,20.71,10.87,S3,7.795,0,S3,site_s3,S3,S3,S3,127.5,0.0,0.0,150.9,1,1,1,,
1786350333.998,c1,recommend,,0.0,26.76,14.03,3.85,S3,0,,0,200.0,obs,676,26.76,14.03,4.0,S3,26.76,14.03,4.0,S3,26.76,14.03,3.85,S3,7.795,0,S3,site_s3,S3,S3,S3,169.0,0.0,0.0,180.9,1,1,1,,
1786350333.998,c2,reserve,,0.0,26.34,13.67,4.03,S3,0,,0,36.0,obs,336,26.34,13.67,3.65,S3,26.34,13.67,3.65,S3,26.34,13.67,4.03,S3,7.795,0,S3,site_s3,S3,S3,S3,84.0,0.0,0.0,204.3,1,1,1,,
1786350333.998,c2,search,,0.0,31.1,20.71,10.87,S3,0,,0,4474.0,obs,509,31.1,20.71,10.98,S3,31.1,20.71,10.98,S3,31.1,20.71,10.87,S3,7.795,0,S3,site_s3,S3,S3,S3,127.0,0.0,0.0,331.3,1,1,1,,
1786350333.998,c2,recommend,,0.0,26.76,14.03,3.85,S3,0,,0,200.0,obs,676,26.76,14.03,4.0,S3,26.76,14.03,4.0,S3,26.76,14.03,3.85,S3,7.795,0,S3,site_s3,S3,S3,S3,169.0,0.0,0.0,361.4,1,1,1,,
1786350334.998,c1,reserve,,0.0,26.34,13.67,4.04,S3,0,,0,36.0,obs,342,26.34,13.67,3.65,S3,26.34,13.67,3.65,S3,26.34,13.67,4.04,S3,7.593,0,S3,site_s3,S3,S3,S3,85.5,0.0,0.0,23.8,1,1,1,,
1786350334.998,c1,search,,0.0,31.1,20.71,10.78,S3,0,,0,4474.0,obs,506,31.1,20.71,10.98,S3,31.1,20.71,10.98,S3,31.1,20.71,10.78,S3,7.593,0,S3,site_s3,S3,S3,S3,126.5,0.0,0.0,150.3,1,1,1,,
1786350334.998,c1,recommend,,0.0,26.76,14.03,3.81,S3,0,,0,200.0,obs,673,26.76,14.03,4.0,S3,26.76,14.03,4.0,S3,26.76,14.03,3.81,S3,7.593,0,S3,site_s3,S3,S3,S3,168.5,0.0,0.0,180.3,1,1,1,,
1786350334.998,c2,reserve,,0.0,26.34,13.67,4.04,S3,0,,0,36.0,obs,342,26.34,13.67,3.65,S3,26.34,13.67,3.65,S3,26.34,13.67,4.04,S3,7.593,0,S3,site_s3,S3,S3,S3,85.5,0.0,0.0,204.0,1,1,1,,
1786350334.998,c2,search,,0.0,31.1,20.71,10.78,S3,0,,0,4474.0,obs,506,31.1,20.71,10.98,S3,31.1,20.71,10.98,S3,31.1,20.71,10.78,S3,7.593,0,S3,site_s3,S3,S3,S3,126.5,0.0,0.0,330.5,1,1,1,,
1786350334.998,c2,recommend,,0.0,26.76,14.03,3.81,S3,0,,0,200.0,obs,673,26.76,14.03,4.0,S3,26.76,14.03,4.0,S3,26.76,14.03,3.81,S3,7.593,0,S3,site_s3,S3,S3,S3,168.0,0.0,0.0,360.4,1,1,1,,
1786350335.998,c1,reserve,,0.0,26.34,13.67,4.01,S3,0,,0,36.0,obs,339,26.34,13.67,3.65,S3,26.34,13.67,3.65,S3,26.34,13.67,4.01,S3,7.724,0,S3,site_s3,S3,S3,S3,85.0,0.0,0.0,23.6,1,1,1,,
1786350335.998,c1,search,,0.0,31.1,20.71,10.84,S3,0,,0,4474.0,obs,505,31.1,20.71,10.98,S3,31.1,20.71,10.98,S3,31.1,20.71,10.84,S3,7.724,0,S3,site_s3,S3,S3,S3,126.0,0.0,0.0,149.6,1,1,1,,
1786350335.998,c1,recommend,,0.0,26.76,14.03,3.77,S3,0,,0,200.0,obs,677,26.76,14.03,4.0,S3,26.76,14.03,4.0,S3,26.76,14.03,3.77,S3,7.724,0,S3,site_s3,S3,S3,S3,169.0,0.0,0.0,179.7,1,1,1,,
1786350335.998,c2,reserve,,0.0,26.34,13.67,4.01,S3,0,,0,36.0,obs,339,26.34,13.67,3.65,S3,26.34,13.67,3.65,S3,26.34,13.67,4.01,S3,7.724,0,S3,site_s3,S3,S3,S3,84.5,0.0,0.0,203.2,1,1,1,,
1786350335.998,c2,search,,0.0,31.1,20.71,10.84,S3,0,,0,4474.0,obs,505,31.1,20.71,10.98,S3,31.1,20.71,10.98,S3,31.1,20.71,10.84,S3,7.724,0,S3,site_s3,S3,S3,S3,126.5,0.0,0.0,329.7,1,1,1,,
1786350335.998,c2,recommend,,0.0,26.76,14.03,3.77,S3,0,,0,200.0,obs,677,26.76,14.03,4.0,S3,26.76,14.03,4.0,S3,26.76,14.03,3.77,S3,7.724,0,S3,site_s3,S3,S3,S3,169.5,0.0,0.0,359.9,1,1,1,,
1786350336.998,c1,reserve,,0.0,26.34,13.67,3.93,S3,0,,0,36.0,obs,338,26.34,13.67,3.65,S3,26.34,13.67,3.65,S3,26.34,13.67,3.93,S3,7.585,0,S3,site_s3,S3,S3,S3,84.5,0.0,0.0,23.5,1,1,1,,
1786350336.998,c1,search,,0.0,31.1,20.71,10.64,S3,0,,0,4474.0,obs,506,31.1,20.71,10.98,S3,31.1,20.71,10.98,S3,31.1,20.71,10.64,S3,7.585,0,S3,site_s3,S3,S3,S3,126.5,0.0,0.0,150.0,1,1,1,,
1786350336.998,c1,recommend,,0.0,26.76,14.03,3.6,S3,0,,0,200.0,obs,679,26.76,14.03,4.0,S3,26.76,14.03,4.0,S3,26.76,14.03,3.6,S3,7.585,0,S3,site_s3,S3,S3,S3,170.0,0.0,0.0,180.3,1,1,1,,
1786350336.998,c2,reserve,,0.0,26.34,13.67,3.93,S3,0,,0,36.0,obs,338,26.34,13.67,3.65,S3,26.34,13.67,3.65,S3,26.34,13.67,3.93,S3,7.585,0,S3,site_s3,S3,S3,S3,84.5,0.0,0.0,203.7,1,1,1,,
1786350336.998,c2,search,,0.0,31.1,20.71,10.64,S3,0,,0,4474.0,obs,506,31.1,20.71,10.98,S3,31.1,20.71,10.98,S3,31.1,20.71,10.64,S3,7.585,0,S3,site_s3,S3,S3,S3,126.5,0.0,0.0,330.2,1,1,1,,
1786350336.998,c2,recommend,,0.0,26.76,14.03,3.6,S3,0,,0,200.0,obs,679,26.76,14.03,4.0,S3,26.76,14.03,4.0,S3,26.76,14.03,3.6,S3,7.585,0,S3,site_s3,S3,S3,S3,169.5,0.0,0.0,360.4,1,1,1,,
1786350337.998,c1,reserve,,0.0,26.34,13.67,3.9,S3,0,,0,36.0,obs,336,26.34,13.67,3.65,S3,26.34,13.67,3.65,S3,26.34,13.67,3.9,S3,7.668,0,S3,site_s3,S3,S3,S3,84.0,0.0,0.0,23.4,1,1,1,,
1786350337.998,c1,search,,0.0,31.1,20.71,10.69,S3,0,,0,4474.0,obs,508,31.1,20.71,10.98,S3,31.1,20.71,10.98,S3,31.1,20.71,10.69,S3,7.668,0,S3,site_s3,S3,S3,S3,127.0,0.0,0.0,150.4,1,1,1,,
1786350337.998,c1,recommend,,0.0,26.76,14.03,3.64,S3,0,,0,200.0,obs,680,26.76,14.03,4.0,S3,26.76,14.03,4.0,S3,26.76,14.03,3.64,S3,7.668,0,S3,site_s3,S3,S3,S3,170.0,0.0,0.0,180.6,1,1,1,,
1786350337.998,c2,reserve,,0.0,26.34,13.67,3.9,S3,0,,0,36.0,obs,336,26.34,13.67,3.65,S3,26.34,13.67,3.65,S3,26.34,13.67,3.9,S3,7.668,0,S3,site_s3,S3,S3,S3,84.0,0.0,0.0,204.0,1,1,1,,
1786350337.998,c2,search,,0.0,31.1,20.71,10.69,S3,0,,0,4474.0,obs,508,31.1,20.71,10.98,S3,31.1,20.71,10.98,S3,31.1,20.71,10.69,S3,7.668,0,S3,site_s3,S3,S3,S3,127.0,0.0,0.0,331.0,1,1,1,,
1786350337.998,c2,recommend,,0.0,26.76,14.03,3.64,S3,0,,0,200.0,obs,680,26.76,14.03,4.0,S3,26.76,14.03,4.0,S3,26.76,14.03,3.64,S3,7.668,0,S3,site_s3,S3,S3,S3,170.0,0.0,0.0,361.2,1,1,1,,
1786350338.998,c1,reserve,,0.0,26.34,13.67,4.02,S3,0,,0,36.0,obs,339,26.34,13.67,3.65,S3,26.34,13.67,3.65,S3,26.34,13.67,4.02,S3,7.65,0,S3,site_s3,S3,S3,S3,85.0,0.0,0.0,23.6,1,1,1,,
1786350338.998,c1,search,,0.0,31.1,20.71,10.85,S3,0,,0,4474.0,obs,510,31.1,20.71,10.98,S3,31.1,20.71,10.98,S3,31.1,20.71,10.85,S3,7.65,0,S3,site_s3,S3,S3,S3,127.5,0.0,0.0,151.1,1,1,1,,
1786350338.998,c1,recommend,,0.0,26.76,14.03,3.86,S3,0,,0,200.0,obs,674,26.76,14.03,4.0,S3,26.76,14.03,4.0,S3,26.76,14.03,3.86,S3,7.65,0,S3,site_s3,S3,S3,S3,168.5,0.0,0.0,181.1,1,1,1,,
1786350338.998,c2,reserve,,0.0,26.34,13.67,4.02,S3,0,,0,36.0,obs,339,26.34,13.67,3.65,S3,26.34,13.67,3.65,S3,26.34,13.67,4.02,S3,7.65,0,S3,site_s3,S3,S3,S3,84.5,0.0,0.0,204.6,1,1,1,,
1786350338.998,c2,search,,0.0,31.1,20.71,10.85,S3,0,,0,4474.0,obs,510,31.1,20.71,10.98,S3,31.1,20.71,10.98,S3,31.1,20.71,10.85,S3,7.65,0,S3,site_s3,S3,S3,S3,127.5,0.0,0.0,332.1,1,1,1,,
1786350338.998,c2,recommend,,0.0,26.76,14.03,3.86,S3,0,,0,200.0,obs,674,26.76,14.03,4.0,S3,26.76,14.03,4.0,S3,26.76,14.03,3.86,S3,7.65,0,S3,site_s3,S3,S3,S3,168.5,0.0,0.0,362.1,1,1,1,,
1786350339.998,c1,reserve,,0.0,26.34,13.67,4.03,S3,0,,0,36.0,obs,342,26.34,13.67,3.65,S3,26.34,13.67,3.65,S3,26.34,13.67,4.03,S3,7.743,0,S3,site_s3,S3,S3,S3,85.5,0.0,0.0,23.8,1,1,1,,
1786350339.998,c1,search,,0.0,31.1,20.71,10.79,S3,0,,0,4474.0,obs,506,31.1,20.71,10.98,S3,31.1,20.71,10.98,S3,31.1,20.71,10.79,S3,7.743,0,S3,site_s3,S3,S3,S3,126.5,0.0,0.0,150.3,1,1,1,,
1786350339.998,c1,recommend,,0.0,26.76,14.03,3.8,S3,0,,0,200.0,obs,677,26.76,14.03,4.0,S3,26.76,14.03,4.0,S3,26.76,14.03,3.8,S3,7.743,0,S3,site_s3,S3,S3,S3,169.0,0.0,0.0,180.4,1,1,1,,
1786350339.998,c2,reserve,,0.0,26.34,13.67,4.03,S3,0,,0,36.0,obs,342,26.34,13.67,3.65,S3,26.34,13.67,3.65,S3,26.34,13.67,4.03,S3,7.743,0,S3,site_s3,S3,S3,S3,85.5,0.0,0.0,204.1,1,1,1,,
1786350339.998,c2,search,,0.0,31.1,20.71,10.79,S3,0,,0,4474.0,obs,506,31.1,20.71,10.98,S3,31.1,20.71,10.98,S3,31.1,20.71,10.79,S3,7.743,0,S3,site_s3,S3,S3,S3,126.5,0.0,0.0,330.6,1,1,1,,
1786350339.998,c2,recommend,,0.0,26.76,14.03,3.8,S3,0,,0,200.0,obs,677,26.76,14.03,4.0,S3,26.76,14.03,4.0,S3,26.76,14.03,3.8,S3,7.743,0,S3,site_s3,S3,S3,S3,169.5,0.0,0.0,360.8,1,1,1,,
1786350340.998,c1,reserve,,0.0,26.34,13.67,3.98,S3,0,,0,36.0,obs,340,26.34,13.67,3.65,S3,26.34,13.67,3.65,S3,26.34,13.67,3.98,S3,7.687,0,S3,site_s3,S3,S3,S3,85.0,0.0,0.0,23.6,1,1,1,,
1786350340.998,c1,search,,0.0,31.1,20.71,10.54,S3,0,,0,4474.0,obs,508,31.1,20.71,10.98,S3,31.1,20.71,10.98,S3,31.1,20.71,10.54,S3,7.687,0,S3,site_s3,S3,S3,S3,127.0,0.0,0.0,150.6,1,1,1,,
1786350340.998,c1,recommend,,0.0,26.76,14.03,3.8,S3,0,,0,200.0,obs,679,26.76,14.03,4.0,S3,26.76,14.03,4.0,S3,26.76,14.03,3.8,S3,7.687,0,S3,site_s3,S3,S3,S3,170.0,0.0,0.0,180.9,1,1,1,,
1786350340.998,c2,reserve,,0.0,26.34,13.67,3.98,S3,0,,0,36.0,obs,340,26.34,13.67,3.65,S3,26.34,13.67,3.65,S3,26.34,13.67,3.98,S3,7.687,0,S3,site_s3,S3,S3,S3,85.0,0.0,0.0,204.5,1,1,1,,
1786350340.998,c2,search,,0.0,31.1,20.71,10.54,S3,0,,0,4474.0,obs,508,31.1,20.71,10.98,S3,31.1,20.71,10.98,S3,31.1,20.71,10.54,S3,7.687,0,S3,site_s3,S3,S3,S3,127.0,0.0,0.0,331.5,1,1,1,,
1786350340.998,c2,recommend,,0.0,26.76,14.03,3.8,S3,0,,0,200.0,obs,679,26.76,14.03,4.0,S3,26.76,14.03,4.0,S3,26.76,14.03,3.8,S3,7.687,0,S3,site_s3,S3,S3,S3,169.5,0.0,0.0,361.7,1,1,1,,
1786350341.998,c1,reserve,,0.0,26.34,13.67,3.88,S3,0,,0,36.0,obs,338,26.34,13.67,3.65,S3,26.34,13.67,3.65,S3,26.34,13.67,3.88,S3,7.651,0,S3,site_s3,S3,S3,S3,84.5,0.0,0.0,23.5,1,1,1,,
1786350341.998,c1,search,,0.0,31.1,20.71,10.74,S3,0,,0,4474.0,obs,508,31.1,20.71,10.98,S3,31.1,20.71,10.98,S3,31.1,20.71,10.74,S3,7.651,0,S3,site_s3,S3,S3,S3,127.0,0.0,0.0,150.5,1,1,1,,
1786350341.998,c1,recommend,,0.0,26.76,14.03,3.92,S3,0,,0,200.0,obs,681,26.76,14.03,4.0,S3,26.76,14.03,4.0,S3,26.76,14.03,3.92,S3,7.651,0,S3,site_s3,S3,S3,S3,170.0,0.0,0.0,180.8,1,1,1,,
1786350341.998,c2,reserve,,0.0,26.34,13.67,3.88,S3,0,,0,36.0,obs,338,26.34,13.67,3.65,S3,26.34,13.67,3.65,S3,26.34,13.67,3.88,S3,7.651,0,S3,site_s3,S3,S3,S3,84.5,0.0,0.0,204.2,1,1,1,,
1786350341.998,c2,search,,0.0,31.1,20.71,10.74,S3,0,,0,4474.0,obs,508,31.1,20.71,10.98,S3,31.1,20.71,10.98,S3,31.1,20.71,10.74,S3,7.651,0,S3,site_s3,S3,S3,S3,127.0,0.0,0.0,331.2,1,1,1,,
1786350341.998,c2,recommend,,0.0,26.76,14.03,3.92,S3,0,,0,200.0,obs,681,26.76,14.03,4.0,S3,26.76,14.03,4.0,S3,26.76,14.03,3.92,S3,7.651,0,S3,site_s3,S3,S3,S3,170.5,0.0,0.0,361.6,1,1,1,,
1786350342.998,c1,reserve,,0.0,26.34,13.67,3.88,S3,0,,0,36.0,obs,338,26.34,13.67,3.65,S3,26.34,13.67,3.65,S3,26.34,13.67,3.88,S3,7.756,0,S3,site_s3,S3,S3,S3,84.5,0.0,0.0,23.5,1,1,1,,
1786350342.998,c1,search,,0.0,31.1,20.71,10.74,S3,0,,0,4474.0,obs,511,31.1,20.71,10.98,S3,31.1,20.71,10.98,S3,31.1,20.71,10.74,S3,7.756,0,S3,site_s3,S3,S3,S3,128.0,0.0,0.0,151.5,1,1,1,,
1786350342.998,c1,recommend,,0.0,26.76,14.03,3.78,S3,0,,0,200.0,obs,680,26.76,14.03,4.0,S3,26.76,14.03,4.0,S3,26.76,14.03,3.78,S3,7.756,0,S3,site_s3,S3,S3,S3,170.0,0.0,0.0,181.8,1,1,1,,
1786350342.998,c2,reserve,,0.0,26.34,13.67,3.88,S3,0,,0,36.0,obs,338,26.34,13.67,3.65,S3,26.34,13.67,3.65,S3,26.34,13.67,3.88,S3,7.756,0,S3,site_s3,S3,S3,S3,84.5,0.0,0.0,205.2,1,1,1,,
1786350342.998,c2,search,,0.0,31.1,20.71,10.74,S3,0,,0,4474.0,obs,511,31.1,20.71,10.98,S3,31.1,20.71,10.98,S3,31.1,20.71,10.74,S3,7.756,0,S3,site_s3,S3,S3,S3,127.5,0.0,0.0,332.7,1,1,1,,
1786350342.998,c2,recommend,,0.0,26.76,14.03,3.78,S3,0,,0,200.0,obs,680,26.76,14.03,4.0,S3,26.76,14.03,4.0,S3,26.76,14.03,3.78,S3,7.756,0,S3,site_s3,S3,S3,S3,170.0,0.0,0.0,363.0,1,1,1,,
1786350343.997,c1,reserve,,0.0,26.34,13.67,3.92,S3,0,,0,36.0,obs,342,26.34,13.67,3.65,S3,26.34,13.67,3.65,S3,26.34,13.67,3.92,S3,7.331,0,S3,site_s3,S3,S3,S3,85.5,0.0,0.0,23.8,1,1,1,,
1786350343.997,c1,search,,0.0,31.1,20.71,10.67,S3,0,,0,4474.0,obs,510,31.1,20.71,10.98,S3,31.1,20.71,10.98,S3,31.1,20.71,10.67,S3,7.331,0,S3,site_s3,S3,S3,S3,127.5,0.0,0.0,151.3,1,1,1,,
1786350343.997,c1,recommend,,0.0,26.76,14.03,3.76,S3,0,,0,200.0,obs,676,26.76,14.03,4.0,S3,26.76,14.03,4.0,S3,26.76,14.03,3.76,S3,7.331,0,S3,site_s3,S3,S3,S3,169.0,0.0,0.0,181.4,1,1,1,,
1786350343.997,c2,reserve,,0.0,26.34,13.67,3.92,S3,0,,0,36.0,obs,342,26.34,13.67,3.65,S3,26.34,13.67,3.65,S3,26.34,13.67,3.92,S3,7.331,0,S3,site_s3,S3,S3,S3,85.5,0.0,0.0,205.1,1,1,1,,
1786350343.997,c2,search,,0.0,31.1,20.71,10.67,S3,0,,0,4474.0,obs,510,31.1,20.71,10.98,S3,31.1,20.71,10.98,S3,31.1,20.71,10.67,S3,7.331,0,S3,site_s3,S3,S3,S3,127.5,0.0,0.0,332.6,1,1,1,,
1786350343.997,c2,recommend,,0.0,26.76,14.03,3.76,S3,0,,0,200.0,obs,676,26.76,14.03,4.0,S3,26.76,14.03,4.0,S3,26.76,14.03,3.76,S3,7.331,0,S3,site_s3,S3,S3,S3,169.0,0.0,0.0,362.7,1,1,1,,
1786350344.998,c1,reserve,,0.0,26.34,13.67,4.03,S3,0,,0,36.0,obs,343,26.34,13.67,3.65,S3,26.34,13.67,3.65,S3,26.34,13.67,4.03,S3,7.655,0,S3,site_s3,S3,S3,S3,86.0,0.0,0.0,23.9,1,1,1,,
1786350344.998,c1,search,,0.0,31.1,20.71,10.7,S3,0,,0,4474.0,obs,508,31.1,20.71,10.98,S3,31.1,20.71,10.98,S3,31.1,20.71,10.7,S3,7.655,0,S3,site_s3,S3,S3,S3,127.0,0.0,0.0,150.9,1,1,1,,
1786350344.998,c1,recommend,,0.0,26.76,14.03,3.82,S3,0,,0,200.0,obs,680,26.76,14.03,4.0,S3,26.76,14.03,4.0,S3,26.76,14.03,3.82,S3,7.655,0,S3,site_s3,S3,S3,S3,170.0,0.0,0.0,181.2,1,1,1,,
1786350344.998,c2,reserve,,0.0,26.34,13.67,4.03,S3,0,,0,36.0,obs,343,26.34,13.67,3.65,S3,26.34,13.67,3.65,S3,26.34,13.67,4.03,S3,7.655,0,S3,site_s3,S3,S3,S3,85.5,0.0,0.0,204.9,1,1,1,,
1786350344.998,c2,search,,0.0,31.1,20.71,10.7,S3,0,,0,4474.0,obs,508,31.1,20.71,10.98,S3,31.1,20.71,10.98,S3,31.1,20.71,10.7,S3,7.655,0,S3,site_s3,S3,S3,S3,127.0,0.0,0.0,331.9,1,1,1,,
1786350344.998,c2,recommend,,0.0,26.76,14.03,3.82,S3,0,,0,200.0,obs,680,26.76,14.03,4.0,S3,26.76,14.03,4.0,S3,26.76,14.03,3.82,S3,7.655,0,S3,site_s3,S3,S3,S3,170.0,0.0,0.0,362.2,1,1,1,,
1786350345.998,c1,reserve,,0.0,26.34,13.67,3.98,S3,0,,0,36.0,obs,338,26.34,13.67,3.65,S3,26.34,13.67,3.65,S3,26.34,13.67,3.98,S3,7.469,0,S3,site_s3,S3,S3,S3,84.5,0.0,0.0,23.5,1,1,1,,
1786350345.998,c1,search,,0.0,31.1,20.71,10.74,S3,0,,0,4474.0,obs,510,31.1,20.71,10.98,S3,31.1,20.71,10.98,S3,31.1,20.71,10.74,S3,7.469,0,S3,site_s3,S3,S3,S3,127.5,0.0,0.0,151.0,1,1,1,,
1786350345.998,c1,recommend,,0.0,26.76,14.03,3.85,S3,0,,0,200.0,obs,684,26.76,14.03,4.0,S3,26.76,14.03,4.0,S3,26.76,14.03,3.85,S3,7.469,0,S3,site_s3,S3,S3,S3,171.0,0.0,0.0,181.4,1,1,1,,
1786350345.998,c2,reserve,,0.0,26.34,13.67,3.98,S3,0,,0,36.0,obs,338,26.34,13.67,3.65,S3,26.34,13.67,3.65,S3,26.34,13.67,3.98,S3,7.469,0,S3,site_s3,S3,S3,S3,84.5,0.0,0.0,204.9,1,1,1,,
1786350345.998,c2,search,,0.0,31.1,20.71,10.74,S3,0,,0,4474.0,obs,510,31.1,20.71,10.98,S3,31.1,20.71,10.98,S3,31.1,20.71,10.74,S3,7.469,0,S3,site_s3,S3,S3,S3,127.5,0.0,0.0,332.4,1,1,1,,
1786350345.998,c2,recommend,,0.0,26.76,14.03,3.85,S3,0,,0,200.0,obs,684,26.76,14.03,4.0,S3,26.76,14.03,4.0,S3,26.76,14.03,3.85,S3,7.469,0,S3,site_s3,S3,S3,S3,171.0,0.0,0.0,362.9,1,1,1,,
1786350346.996,c1,reserve,,0.0,26.34,13.67,3.83,S3,0,,0,36.0,obs,286,26.34,13.67,3.65,S3,26.34,13.67,3.65,S3,26.34,13.67,3.83,S3,5.473,0,S3,site_s3,S3,S3,S3,71.5,0.0,0.0,19.9,1,1,1,,
1786350346.996,c1,search,,0.0,31.1,20.71,10.89,S3,0,,0,4474.0,obs,434,31.1,20.71,10.98,S3,31.1,20.71,10.98,S3,31.1,20.71,10.89,S3,5.473,0,S3,site_s3,S3,S3,S3,108.5,0.0,0.0,128.4,1,1,1,,
1786350346.996,c1,recommend,,0.0,26.76,14.03,3.89,S3,0,,0,200.0,obs,583,26.76,14.03,4.0,S3,26.76,14.03,4.0,S3,26.76,14.03,3.89,S3,5.473,0,S3,site_s3,S3,S3,S3,146.0,0.0,0.0,154.4,1,1,1,,
1786350346.996,c2,reserve,,0.0,26.34,13.67,3.83,S3,0,,0,36.0,obs,286,26.34,13.67,3.65,S3,26.34,13.67,3.65,S3,26.34,13.67,3.83,S3,5.473,0,S3,site_s3,S3,S3,S3,71.5,0.0,0.0,174.2,1,1,1,,
1786350346.996,c2,search,,0.0,31.1,20.71,10.89,S3,0,,0,4474.0,obs,434,31.1,20.71,10.98,S3,31.1,20.71,10.98,S3,31.1,20.71,10.89,S3,5.473,0,S3,site_s3,S3,S3,S3,108.5,0.0,0.0,282.7,1,1,1,,
1786350346.996,c2,recommend,,0.0,26.76,14.03,3.89,S3,0,,0,200.0,obs,583,26.76,14.03,4.0,S3,26.76,14.03,4.0,S3,26.76,14.03,3.89,S3,5.473,0,S3,site_s3,S3,S3,S3,145.5,0.0,0.0,308.6,1,1,1,,
1786350347.990,c1,reserve,,0.0,26.34,13.67,3.65,S3,0,,0,36.0,prior_fill,110,26.34,13.67,3.65,S3,26.34,13.67,3.65,S3,26.34,13.67,3.65,S3,0.963,0,S3,site_s3,S3,S3,S3,27.5,0.0,0.0,7.6,1,1,1,,
1786350347.990,c1,search,,0.0,31.1,20.71,10.98,S3,0,,0,4474.0,prior_fill,170,31.1,20.71,10.98,S3,31.1,20.71,10.98,S3,31.1,20.71,10.98,S3,0.963,0,S3,site_s3,S3,S3,S3,42.5,0.0,0.0,50.1,1,1,1,,
1786350347.990,c1,recommend,,0.0,26.76,14.03,4.0,S3,0,,0,200.0,prior_fill,224,26.76,14.03,4.0,S3,26.76,14.03,4.0,S3,26.76,14.03,4.0,S3,0.963,0,S3,site_s3,S3,S3,S3,56.0,0.0,0.0,60.1,1,1,1,,
1786350347.990,c2,reserve,,0.0,26.34,13.67,3.65,S3,0,,0,36.0,prior_fill,110,26.34,13.67,3.65,S3,26.34,13.67,3.65,S3,26.34,13.67,3.65,S3,0.963,0,S3,site_s3,S3,S3,S3,27.5,0.0,0.0,67.8,1,1,1,,
1786350347.990,c2,search,,0.0,31.1,20.71,10.98,S3,0,,0,4474.0,prior_fill,170,31.1,20.71,10.98,S3,31.1,20.71,10.98,S3,31.1,20.71,10.98,S3,0.963,0,S3,site_s3,S3,S3,S3,42.5,0.0,0.0,110.3,1,1,1,,
1786350347.990,c2,recommend,,0.0,26.76,14.03,4.0,S3,0,,0,200.0,prior_fill,224,26.76,14.03,4.0,S3,26.76,14.03,4.0,S3,26.76,14.03,4.0,S3,0.963,0,S3,site_s3,S3,S3,S3,56.0,0.0,0.0,120.2,1,1,1,,
