ts,cohort,class,observed_rate_kbit,d_acc_ms,slack_s1,slack_s2,slack_s3,chosen_site,changed,apply_latency_ms,expectant,resp_bytes_est,resp_bytes_src,resp_bytes_n,slack_const_s1,slack_const_s2,slack_const_s3,chosen_site_const,slack_bytesonly_s1,slack_bytesonly_s2,slack_bytesonly_s3,chosen_site_bytesonly,slack_fconly_s1,slack_fconly_s2,slack_fconly_s3,chosen_site_fconly,obs_update_ms,backlog_bytes,feasible_set,subset_cluster,feasible_set_const,feasible_set_bytesonly,feasible_set_fconly
1786342044.225,c1,reserve,,0.0,26.34,13.67,3.65,S3,1,2.79,0,36.0,prior,0,26.34,13.67,3.65,S3,26.34,13.67,3.65,S3,26.34,13.67,3.65,S3,0.057,0,S3,site_s3,S3,S3,S3
1786342044.225,c1,search,,0.0,31.1,20.71,10.98,S3,1,0.54,0,4474.0,prior,0,31.1,20.71,10.98,S3,31.1,20.71,10.98,S3,31.1,20.71,10.98,S3,0.057,0,S3,site_s3,S3,S3,S3
1786342044.225,c1,recommend,,0.0,26.76,14.03,4.0,S3,1,0.54,0,200.0,prior,0,26.76,14.03,4.0,S3,26.76,14.03,4.0,S3,26.76,14.03,4.0,S3,0.057,0,S3,site_s3,S3,S3,S3
1786342044.225,c2,reserve,,0.0,26.34,13.67,3.65,S3,1,0.52,0,36.0,prior,0,26.34,13.67,3.65,S3,26.34,13.67,3.65,S3,26.34,13.67,3.65,S3,0.057,0,S3,site_s3,S3,S3,S3
1786342044.225,c2,search,,0.0,31.1,20.71,10.98,S3,1,0.59,0,4474.0,prior,0,31.1,20.71,10.98,S3,31.1,20.71,10.98,S3,31.1,20.71,10.98,S3,0.057,0,S3,site_s3,S3,S3,S3
1786342044.225,c2,recommend,,0.0,26.76,14.03,4.0,S3,1,0.5,0,200.0,prior,0,26.76,14.03,4.0,S3,26.76,14.03,4.0,S3,26.76,14.03,4.0,S3,0.057,0,S3,site_s3,S3,S3,S3
1786342045.226,c1,reserve,,0.0,26.34,13.67,3.65,S3,0,,0,36.0,prior,0,26.34,13.67,3.65,S3,26.34,13.67,3.65,S3,26.34,13.67,3.65,S3,0.11,0,S3,site_s3,S3,S3,S3
1786342045.226,c1,search,,0.0,31.1,20.71,10.98,S3,0,,0,4474.0,prior,0,31.1,20.71,10.98,S3,31.1,20.71,10.98,S3,31.1,20.71,10.98,S3,0.11,0,S3,site_s3,S3,S3,S3
1786342045.226,c1,recommend,,0.0,26.76,14.03,4.0,S3,0,,0,200.0,prior,0,26.76,14.03,4.0,S3,26.76,14.03,4.0,S3,26.76,14.03,4.0,S3,0.11,0,S3,site_s3,S3,S3,S3
1786342045.226,c2,reserve,,0.0,26.34,13.67,3.65,S3,0,,0,36.0,prior,0,26.34,13.67,3.65,S3,26.34,13.67,3.65,S3,26.34,13.67,3.65,S3,0.11,0,S3,site_s3,S3,S3,S3
1786342045.226,c2,search,,0.0,31.1,20.71,10.98,S3,0,,0,4474.0,prior,0,31.1,20.71,10.98,S3,31.1,20.71,10.98,S3,31.1,20.71,10.98,S3,0.11,0,S3,site_s3,S3,S3,S3
1786342045.226,c2,recommend,,0.0,26.76,14.03,4.0,S3,0,,0,200.0,prior,0,26.76,14.03,4.0,S3,26.76,14.03,4.0,S3,26.76,14.03,4.0,S3,0.11,0,S3,site_s3,S3,S3,S3
1786342046.226,c1,reserve,,0.0,26.34,13.67,3.65,S3,0,,0,36.0,prior,0,26.34,13.67,3.65,S3,26.34,13.67,3.65,S3,26.34,13.67,3.65,S3,0.136,0,S3,site_s3,S3,S3,S3
1786342046.226,c1,search,,0.0,31.1,20.71,10.98,S3,0,,0,4474.0,prior,0,31.1,20.71,10.98,S3,31.1,20.71,10.98,S3,31.1,20.71,10.98,S3,0.136,0,S3,site_s3,S3,S3,S3
1786342046.226,c1,recommend,,0.0,26.76,14.03,4.0,S3,0,,0,200.0,prior,0,26.76,14.03,4.0,S3,26.76,14.03,4.0,S3,26.76,14.03,4.0,S3,0.136,0,S3,site_s3,S3,S3,S3
1786342046.226,c2,reserve,,0.0,26.34,13.67,3.65,S3,0,,0,36.0,prior,0,26.34,13.67,3.65,S3,26.34,13.67,3.65,S3,26.34,13.67,3.65,S3,0.136,0,S3,site_s3,S3,S3,S3
1786342046.226,c2,search,,0.0,31.1,20.71,10.98,S3,0,,0,4474.0,prior,0,31.1,20.71,10.98,S3,31.1,20.71,10.98,S3,31.1,20.71,10.98,S3,0.136,0,S3,site_s3,S3,S3,S3
1786342046.226,c2,recommend,,0.0,26.76,14.03,4.0,S3,0,,0,200.0,prior,0,26.76,14.03,4.0,S3,26.76,14.03,4.0,S3,26.76,14.03,4.0,S3,0.136,0,S3,site_s3,S3,S3,S3
1786342047.226,c1,reserve,,0.0,26.34,13.67,3.65,S3,0,,0,36.0,prior,0,26.34,13.67,3.65,S3,26.34,13.67,3.65,S3,26.34,13.67,3.65,S3,0.098,0,S3,site_s3,S3,S3,S3
1786342047.226,c1,search,,0.0,31.1,20.71,10.98,S3,0,,0,4474.0,prior,0,31.1,20.71,10.98,S3,31.1,20.71,10.98,S3,31.1,20.71,10.98,S3,0.098,0,S3,site_s3,S3,S3,S3
1786342047.226,c1,recommend,,0.0,26.76,14.03,4.0,S3,0,,0,200.0,prior,0,26.76,14.03,4.0,S3,26.76,14.03,4.0,S3,26.76,14.03,4.0,S3,0.098,0,S3,site_s3,S3,S3,S3
1786342047.226,c2,reserve,,0.0,26.34,13.67,3.65,S3,0,,0,36.0,prior,0,26.34,13.67,3.65,S3,26.34,13.67,3.65,S3,26.34,13.67,3.65,S3,0.098,0,S3,site_s3,S3,S3,S3
1786342047.226,c2,search,,0.0,31.1,20.71,10.98,S3,0,,0,4474.0,prior,0,31.1,20.71,10.98,S3,31.1,20.71,10.98,S3,31.1,20.71,10.98,S3,0.098,0,S3,site_s3,S3,S3,S3
1786342047.226,c2,recommend,,0.0,26.76,14.03,4.0,S3,0,,0,200.0,prior,0,26.76,14.03,4.0,S3,26.76,14.03,4.0,S3,26.76,14.03,4.0,S3,0.098,0,S3,site_s3,S3,S3,S3
1786342048.228,c1,reserve,,0.0,26.34,13.67,3.65,S3,0,,0,36.0,prior_fill,59,26.34,13.67,3.65,S3,26.34,13.67,3.65,S3,26.34,13.67,3.65,S3,2.0,0,S3,site_s3,S3,S3,S3
1786342048.228,c1,search,,0.0,31.1,20.71,10.98,S3,0,,0,4474.0,prior_fill,95,31.1,20.71,10.98,S3,31.1,20.71,10.98,S3,31.1,20.71,10.98,S3,2.0,0,S3,site_s3,S3,S3,S3
1786342048.228,c1,recommend,,0.0,26.76,14.03,4.0,S3,0,,0,200.0,prior_fill,128,26.76,14.03,4.0,S3,26.76,14.03,4.0,S3,26.76,14.03,4.0,S3,2.0,0,S3,site_s3,S3,S3,S3
1786342048.228,c2,reserve,,0.0,26.34,13.67,3.65,S3,0,,0,36.0,prior_fill,59,26.34,13.67,3.65,S3,26.34,13.67,3.65,S3,26.34,13.67,3.65,S3,2.0,0,S3,site_s3,S3,S3,S3
1786342048.228,c2,search,,0.0,31.1,20.71,10.98,S3,0,,0,4474.0,prior_fill,95,31.1,20.71,10.98,S3,31.1,20.71,10.98,S3,31.1,20.71,10.98,S3,2.0,0,S3,site_s3,S3,S3,S3
1786342048.228,c2,recommend,,0.0,26.76,14.03,4.0,S3,0,,0,200.0,prior_fill,128,26.76,14.03,4.0,S3,26.76,14.03,4.0,S3,26.76,14.03,4.0,S3,2.0,0,S3,site_s3,S3,S3,S3
1786342049.235,c1,reserve,,0.0,26.34,13.67,3.65,S3,0,,0,36.0,prior_fill,396,26.34,13.67,3.65,S3,26.34,13.67,3.65,S3,26.34,13.67,3.65,S3,9.242,0,S3,site_s3,S3,S3,S3
1786342049.235,c1,search,,0.0,31.1,20.71,10.98,S3,0,,0,4474.0,prior_fill,593,31.1,20.71,10.98,S3,31.1,20.71,10.98,S3,31.1,20.71,10.98,S3,9.242,0,S3,site_s3,S3,S3,S3
1786342049.235,c1,recommend,,0.0,26.76,14.03,4.0,S3,0,,0,200.0,prior_fill,791,26.76,14.03,4.0,S3,26.76,14.03,4.0,S3,26.76,14.03,4.0,S3,9.242,0,S3,site_s3,S3,S3,S3
1786342049.235,c2,reserve,,0.0,26.34,13.67,3.65,S3,0,,0,36.0,prior_fill,396,26.34,13.67,3.65,S3,26.34,13.67,3.65,S3,26.34,13.67,3.65,S3,9.242,0,S3,site_s3,S3,S3,S3
1786342049.235,c2,search,,0.0,31.1,20.71,10.98,S3,0,,0,4474.0,prior_fill,593,31.1,20.71,10.98,S3,31.1,20.71,10.98,S3,31.1,20.71,10.98,S3,9.242,0,S3,site_s3,S3,S3,S3
1786342049.235,c2,recommend,,0.0,26.76,14.03,4.0,S3,0,,0,200.0,prior_fill,791,26.76,14.03,4.0,S3,26.76,14.03,4.0,S3,26.76,14.03,4.0,S3,9.242,0,S3,site_s3,S3,S3,S3
1786342050.235,c1,reserve,,0.0,26.34,13.67,-1.27,S2,1,0.89,0,36.0,obs,616,26.34,13.67,3.65,S3,26.34,13.67,3.65,S3,26.34,13.67,-1.27,S2,9.049,0,S2,site_s2,S3,S3,S2
1786342050.235,c1,search,,0.0,31.1,20.71,-0.34,S2,1,0.53,0,4474.0,obs,935,31.1,20.71,10.98,S3,31.1,20.71,10.98,S3,31.1,20.71,-0.34,S2,9.049,0,S2,site_s2,S3,S3,S2
1786342050.235,c1,recommend,,0.0,26.76,14.03,0.5,S3,0,,0,200.0,obs,1230,26.76,14.03,4.0,S3,26.76,14.03,4.0,S3,26.76,14.03,0.5,S3,9.049,0,S3,site_s3,S3,S3,S3
1786342050.235,c2,reserve,,0.0,26.34,13.67,-1.27,S2,1,0.5,0,36.0,obs,616,26.34,13.67,3.65,S3,26.34,13.67,3.65,S3,26.34,13.67,-1.27,S2,9.049,0,S2,site_s2,S3,S3,S2
1786342050.235,c2,search,,0.0,31.1,20.71,-0.34,S2,1,0.49,0,4474.0,obs,935,31.1,20.71,10.98,S3,31.1,20.71,10.98,S3,31.1,20.71,-0.34,S2,9.049,0,S2,site_s2,S3,S3,S2
1786342050.235,c2,recommend,,0.0,26.76,14.03,0.5,S3,0,,0,200.0,obs,1230,26.76,14.03,4.0,S3,26.76,14.03,4.0,S3,26.76,14.03,0.5,S3,9.049,0,S3,site_s3,S3,S3,S3
1786342051.235,c1,reserve,,0.0,26.34,13.67,3.65,S3,1,0.84,0,36.0,obs,568,26.34,13.67,3.65,S3,26.34,13.67,3.65,S3,26.34,13.67,3.65,S3,8.287,0,S3,site_s3,S3,S3,S3
1786342051.235,c1,search,,0.0,31.1,20.71,10.98,S3,1,0.59,0,4474.37,obs,843,31.1,20.71,10.98,S3,31.1,20.71,10.98,S3,31.1,20.71,10.98,S3,8.287,0,S3,site_s3,S3,S3,S3
1786342051.235,c1,recommend,,0.0,26.76,14.03,2.6,S3,0,,0,200.0,obs,1137,26.76,14.03,4.0,S3,26.76,14.03,4.0,S3,26.76,14.03,2.6,S3,8.287,0,S3,site_s3,S3,S3,S3
1786342051.235,c2,reserve,,0.0,26.34,13.67,3.65,S3,1,0.51,0,36.0,obs,568,26.34,13.67,3.65,S3,26.34,13.67,3.65,S3,26.34,13.67,3.65,S3,8.287,0,S3,site_s3,S3,S3,S3
1786342051.235,c2,search,,0.0,31.1,20.71,10.98,S3,1,0.49,0,4474.37,obs,843,31.1,20.71,10.98,S3,31.1,20.71,10.98,S3,31.1,20.71,10.98,S3,8.287,0,S3,site_s3,S3,S3,S3
1786342051.235,c2,recommend,,0.0,26.76,14.03,2.6,S3,0,,0,200.0,obs,1137,26.76,14.03,4.0,S3,26.76,14.03,4.0,S3,26.76,14.03,2.6,S3,8.287,0,S3,site_s3,S3,S3,S3
1786342052.236,c1,reserve,,0.0,26.34,13.67,-1.04,S2,1,0.78,0,36.0,obs,594,26.34,13.67,3.65,S3,26.34,13.67,3.65,S3,26.34,13.67,-1.04,S2,10.129,0,S2,site_s2,S3,S3,S2
1786342052.236,c1,search,,0.0,31.1,20.71,1.59,S3,0,,0,4474.36,obs,885,31.1,20.71,10.98,S3,31.1,20.71,10.98,S3,31.1,20.71,1.59,S3,10.129,0,S3,site_s3,S3,S3,S3
1786342052.236,c1,recommend,,0.0,26.76,14.03,1.35,S3,0,,0,200.0,obs,1179,26.76,14.03,4.0,S3,26.76,14.03,4.0,S3,26.76,14.03,1.35,S3,10.129,0,S3,site_s3,S3,S3,S3
1786342052.236,c2,reserve,,0.0,26.34,13.67,-1.04,S2,1,0.57,0,36.0,obs,594,26.34,13.67,3.65,S3,26.34,13.67,3.65,S3,26.34,13.67,-1.04,S2,10.129,0,S2,site_s2,S3,S3,S2
1786342052.236,c2,search,,0.0,31.1,20.71,1.59,S3,0,,0,4474.36,obs,885,31.1,20.71,10.98,S3,31.1,20.71,10.98,S3,31.1,20.71,1.59,S3,10.129,0,S3,site_s3,S3,S3,S3
1786342052.236,c2,recommend,,0.0,26.76,14.03,1.35,S3,0,,0,200.0,obs,1179,26.76,14.03,4.0,S3,26.76,14.03,4.0,S3,26.76,14.03,1.35,S3,10.129,0,S3,site_s3,S3,S3,S3
1786342053.236,c1,reserve,,0.0,26.34,13.98,3.65,S3,1,0.83,0,36.0,obs,611,26.34,13.67,3.65,S3,26.34,13.67,3.65,S3,26.34,13.98,3.65,S3,9.529,0,S3,site_s3,S3,S3,S3
1786342053.236,c1,search,,0.0,31.1,20.71,3.15,S3,0,,0,4474.0,obs,934,31.1,20.71,10.98,S3,31.1,20.71,10.98,S3,31.1,20.71,3.15,S3,9.529,0,S3,site_s3,S3,S3,S3
1786342053.236,c1,recommend,,0.0,26.76,14.03,1.28,S3,0,,0,200.0,obs,1241,26.76,14.03,4.0,S3,26.76,14.03,4.0,S3,26.76,14.03,1.28,S3,9.529,0,S3,site_s3,S3,S3,S3
1786342053.236,c2,reserve,,0.0,26.34,13.98,3.65,S3,1,0.53,0,36.0,obs,611,26.34,13.67,3.65,S3,26.34,13.67,3.65,S3,26.34,13.98,3.65,S3,9.529,0,S3,site_s3,S3,S3,S3
1786342053.236,c2,search,,0.0,31.1,20.71,3.15,S3,0,,0,4474.0,obs,934,31.1,20.71,10.98,S3,31.1,20.71,10.98,S3,31.1,20.71,3.15,S3,9.529,0,S3,site_s3,S3,S3,S3
1786342053.236,c2,recommend,,0.0,26.76,14.03,1.28,S3,0,,0,200.0,obs,1241,26.76,14.03,4.0,S3,26.76,14.03,4.0,S3,26.76,14.03,1.28,S3,9.529,0,S3,site_s3,S3,S3,S3
1786342054.235,c1,reserve,,0.0,26.34,13.67,1.94,S3,0,,0,36.0,obs,596,26.34,13.67,3.65,S3,26.34,13.67,3.65,S3,26.34,13.67,1.94,S3,8.916,0,S3,site_s3,S3,S3,S3
1786342054.235,c1,search,,0.0,31.1,20.71,7.52,S3,0,,0,4474.0,obs,884,31.1,20.71,10.98,S3,31.1,20.71,10.98,S3,31.1,20.71,7.52,S3,8.916,0,S3,site_s3,S3,S3,S3
1786342054.235,c1,recommend,,0.0,26.76,14.03,2.47,S3,0,,0,200.0,obs,1181,26.76,14.03,4.0,S3,26.76,14.03,4.0,S3,26.76,14.03,2.47,S3,8.916,0,S3,site_s3,S3,S3,S3
1786342054.235,c2,reserve,,0.0,26.34,13.67,1.94,S3,0,,0,36.0,obs,596,26.34,13.67,3.65,S3,26.34,13.67,3.65,S3,26.34,13.67,1.94,S3,8.916,0,S3,site_s3,S3,S3,S3
1786342054.235,c2,search,,0.0,31.1,20.71,7.52,S3,0,,0,4474.0,obs,884,31.1,20.71,10.98,S3,31.1,20.71,10.98,S3,31.1,20.71,7.52,S3,8.916,0,S3,site_s3,S3,S3,S3
1786342054.235,c2,recommend,,0.0,26.76,14.03,2.47,S3,0,,0,200.0,obs,1181,26.76,14.03,4.0,S3,26.76,14.03,4.0,S3,26.76,14.03,2.47,S3,8.916,0,S3,site_s3,S3,S3,S3
1786342055.236,c1,reserve,,0.0,26.34,13.67,1.61,S3,0,,0,36.0,obs,591,26.34,13.67,3.65,S3,26.34,13.67,3.65,S3,26.34,13.67,1.61,S3,9.747,0,S3,site_s3,S3,S3,S3
1786342055.236,c1,search,,0.0,31.1,20.71,6.45,S3,0,,0,4474.0,obs,889,31.1,20.71,10.98,S3,31.1,20.71,10.98,S3,31.1,20.71,6.45,S3,9.747,0,S3,site_s3,S3,S3,S3
1786342055.236,c1,recommend,,0.0,26.76,14.03,2.26,S3,0,,0,200.0,obs,1186,26.76,14.03,4.0,S3,26.76,14.03,4.0,S3,26.76,14.03,2.26,S3,9.747,0,S3,site_s3,S3,S3,S3
1786342055.236,c2,reserve,,0.0,26.34,13.67,1.61,S3,0,,0,36.0,obs,591,26.34,13.67,3.65,S3,26.34,13.67,3.65,S3,26.34,13.67,1.61,S3,9.747,0,S3,site_s3,S3,S3,S3
1786342055.236,c2,search,,0.0,31.1,20.71,6.45,S3,0,,0,4474.0,obs,889,31.1,20.71,10.98,S3,31.1,20.71,10.98,S3,31.1,20.71,6.45,S3,9.747,0,S3,site_s3,S3,S3,S3
1786342055.236,c2,recommend,,0.0,26.76,14.03,2.26,S3,0,,0,200.0,obs,1186,26.76,14.03,4.0,S3,26.76,14.03,4.0,S3,26.76,14.03,2.26,S3,9.747,0,S3,site_s3,S3,S3,S3
1786342056.236,c1,reserve,,0.0,26.34,13.67,1.56,S3,0,,0,36.0,obs,596,26.34,13.67,3.65,S3,26.34,13.67,3.65,S3,26.34,13.67,1.56,S3,9.652,0,S3,site_s3,S3,S3,S3
1786342056.236,c1,search,,0.0,31.1,20.71,6.54,S3,0,,0,4474.0,obs,884,31.1,20.71,10.98,S3,31.1,20.71,10.98,S3,31.1,20.71,6.54,S3,9.652,0,S3,site_s3,S3,S3,S3
1786342056.236,c1,recommend,,0.0,26.76,14.03,2.24,S3,0,,0,200.0,obs,1185,26.76,14.03,4.0,S3,26.76,14.03,4.0,S3,26.76,14.03,2.24,S3,9.652,0,S3,site_s3,S3,S3,S3
1786342056.236,c2,reserve,,0.0,26.34,13.67,1.56,S3,0,,0,36.0,obs,596,26.34,13.67,3.65,S3,26.34,13.67,3.65,S3,26.34,13.67,1.56,S3,9.652,0,S3,site_s3,S3,S3,S3
1786342056.236,c2,search,,0.0,31.1,20.71,6.54,S3,0,,0,4474.0,obs,884,31.1,20.71,10.98,S3,31.1,20.71,10.98,S3,31.1,20.71,6.54,S3,9.652,0,S3,site_s3,S3,S3,S3
1786342056.236,c2,recommend,,0.0,26.76,14.03,2.24,S3,0,,0,200.0,obs,1185,26.76,14.03,4.0,S3,26.76,14.03,4.0,S3,26.76,14.03,2.24,S3,9.652,0,S3,site_s3,S3,S3,S3
1786342057.235,c1,reserve,,0.0,26.34,13.67,1.2,S3,0,,0,36.0,obs,594,26.34,13.67,3.65,S3,26.34,13.67,3.65,S3,26.34,13.67,1.2,S3,9.014,0,S3,site_s3,S3,S3,S3
1786342057.235,c1,search,,0.0,31.1,20.71,6.06,S3,0,,0,4474.0,obs,889,31.1,20.71,10.98,S3,31.1,20.71,10.98,S3,31.1,20.71,6.06,S3,9.014,0,S3,site_s3,S3,S3,S3
1786342057.235,c1,recommend,,0.0,26.76,14.03,1.95,S3,0,,0,200.0,obs,1184,26.76,14.03,4.0,S3,26.76,14.03,4.0,S3,26.76,14.03,1.95,S3,9.014,0,S3,site_s3,S3,S3,S3
1786342057.235,c2,reserve,,0.0,26.34,13.67,1.2,S3,0,,0,36.0,obs,594,26.34,13.67,3.65,S3,26.34,13.67,3.65,S3,26.34,13.67,1.2,S3,9.014,0,S3,site_s3,S3,S3,S3
1786342057.235,c2,search,,0.0,31.1,20.71,6.06,S3,0,,0,4474.0,obs,889,31.1,20.71,10.98,S3,31.1,20.71,10.98,S3,31.1,20.71,6.06,S3,9.014,0,S3,site_s3,S3,S3,S3
1786342057.235,c2,recommend,,0.0,26.76,14.03,1.95,S3,0,,0,200.0,obs,1184,26.76,14.03,4.0,S3,26.76,14.03,4.0,S3,26.76,14.03,1.95,S3,9.014,0,S3,site_s3,S3,S3,S3
1786342058.235,c1,reserve,,0.0,26.34,13.67,1.05,S3,0,,0,36.0,obs,591,26.34,13.67,3.65,S3,26.34,13.67,3.65,S3,26.34,13.67,1.05,S3,8.931,0,S3,site_s3,S3,S3,S3
1786342058.235,c1,search,,0.0,31.1,20.71,6.0,S3,0,,0,4474.0,obs,886,31.1,20.71,10.98,S3,31.1,20.71,10.98,S3,31.1,20.71,6.0,S3,8.931,0,S3,site_s3,S3,S3,S3
1786342058.235,c1,recommend,,0.0,26.76,14.03,1.99,S3,0,,0,200.0,obs,1191,26.76,14.03,4.0,S3,26.76,14.03,4.0,S3,26.76,14.03,1.99,S3,8.931,0,S3,site_s3,S3,S3,S3
1786342058.235,c2,reserve,,0.0,26.34,13.67,1.05,S3,0,,0,36.0,obs,591,26.34,13.67,3.65,S3,26.34,13.67,3.65,S3,26.34,13.67,1.05,S3,8.931,0,S3,site_s3,S3,S3,S3
1786342058.235,c2,search,,0.0,31.1,20.71,6.0,S3,0,,0,4474.0,obs,886,31.1,20.71,10.98,S3,31.1,20.71,10.98,S3,31.1,20.71,6.0,S3,8.931,0,S3,site_s3,S3,S3,S3
1786342058.235,c2,recommend,,0.0,26.76,14.03,1.99,S3,0,,0,200.0,obs,1191,26.76,14.03,4.0,S3,26.76,14.03,4.0,S3,26.76,14.03,1.99,S3,8.931,0,S3,site_s3,S3,S3,S3
1786342059.236,c1,reserve,,0.0,26.34,13.67,1.86,S3,0,,0,36.0,obs,598,26.34,13.67,3.65,S3,26.34,13.67,3.65,S3,26.34,13.67,1.86,S3,9.495,0,S3,site_s3,S3,S3,S3
1786342059.236,c1,search,,0.0,31.1,20.71,6.13,S3,0,,0,4474.0,obs,890,31.1,20.71,10.98,S3,31.1,20.71,10.98,S3,31.1,20.71,6.13,S3,9.495,0,S3,site_s3,S3,S3,S3
1786342059.236,c1,recommend,,0.0,26.76,14.03,2.36,S3,0,,0,200.0,obs,1183,26.76,14.03,4.0,S3,26.76,14.03,4.0,S3,26.76,14.03,2.36,S3,9.495,0,S3,site_s3,S3,S3,S3
1786342059.236,c2,reserve,,0.0,26.34,13.67,1.86,S3,0,,0,36.0,obs,598,26.34,13.67,3.65,S3,26.34,13.67,3.65,S3,26.34,13.67,1.86,S3,9.495,0,S3,site_s3,S3,S3,S3
1786342059.236,c2,search,,0.0,31.1,20.71,6.13,S3,0,,0,4474.0,obs,890,31.1,20.71,10.98,S3,31.1,20.71,10.98,S3,31.1,20.71,6.13,S3,9.495,0,S3,site_s3,S3,S3,S3
1786342059.236,c2,recommend,,0.0,26.76,14.03,2.36,S3,0,,0,200.0,obs,1183,26.76,14.03,4.0,S3,26.76,14.03,4.0,S3,26.76,14.03,2.36,S3,9.495,0,S3,site_s3,S3,S3,S3
1786342060.236,c1,reserve,,0.0,26.34,13.67,1.79,S3,0,,0,36.0,obs,591,26.34,13.67,3.65,S3,26.34,13.67,3.65,S3,26.34,13.67,1.79,S3,9.676,0,S3,site_s3,S3,S3,S3
1786342060.236,c1,search,,0.0,31.1,20.71,5.98,S3,0,,0,4474.0,obs,889,31.1,20.71,10.98,S3,31.1,20.71,10.98,S3,31.1,20.71,5.98,S3,9.676,0,S3,site_s3,S3,S3,S3
1786342060.236,c1,recommend,,0.0,26.76,14.03,2.34,S3,0,,0,200.0,obs,1191,26.76,14.03,4.0,S3,26.76,14.03,4.0,S3,26.76,14.03,2.34,S3,9.676,0,S3,site_s3,S3,S3,S3
1786342060.236,c2,reserve,,0.0,26.34,13.67,1.79,S3,0,,0,36.0,obs,591,26.34,13.67,3.65,S3,26.34,13.67,3.65,S3,26.34,13.67,1.79,S3,9.676,0,S3,site_s3,S3,S3,S3
1786342060.236,c2,search,,0.0,31.1,20.71,5.98,S3,0,,0,4474.0,obs,889,31.1,20.71,10.98,S3,31.1,20.71,10.98,S3,31.1,20.71,5.98,S3,9.676,0,S3,site_s3,S3,S3,S3
1786342060.236,c2,recommend,,0.0,26.76,14.03,2.34,S3,0,,0,200.0,obs,1191,26.76,14.03,4.0,S3,26.76,14.03,4.0,S3,26.76,14.03,2.34,S3,9.676,0,S3,site_s3,S3,S3,S3
1786342061.236,c1,reserve,,0.0,26.34,13.67,1.77,S3,0,,0,36.0,obs,597,26.34,13.67,3.65,S3,26.34,13.67,3.65,S3,26.34,13.67,1.77,S3,9.65,0,S3,site_s3,S3,S3,S3
1786342061.236,c1,search,,0.0,31.1,20.71,6.4,S3,0,,0,4474.0,obs,888,31.1,20.71,10.98,S3,31.1,20.71,10.98,S3,31.1,20.71,6.4,S3,9.65,0,S3,site_s3,S3,S3,S3
1786342061.236,c1,recommend,,0.0,26.76,14.03,2.23,S3,0,,0,200.0,obs,1188,26.76,14.03,4.0,S3,26.76,14.03,4.0,S3,26.76,14.03,2.23,S3,9.65,0,S3,site_s3,S3,S3,S3
1786342061.236,c2,reserve,,0.0,26.34,13.67,1.77,S3,0,,0,36.0,obs,597,26.34,13.67,3.65,S3,26.34,13.67,3.65,S3,26.34,13.67,1.77,S3,9.65,0,S3,site_s3,S3,S3,S3
1786342061.236,c2,search,,0.0,31.1,20.71,6.4,S3,0,,0,4474.0,obs,888,31.1,20.71,10.98,S3,31.1,20.71,10.98,S3,31.1,20.71,6.4,S3,9.65,0,S3,site_s3,S3,S3,S3
1786342061.236,c2,recommend,,0.0,26.76,14.03,2.23,S3,0,,0,200.0,obs,1188,26.76,14.03,4.0,S3,26.76,14.03,4.0,S3,26.76,14.03,2.23,S3,9.65,0,S3,site_s3,S3,S3,S3
1786342062.236,c1,reserve,,0.0,26.34,13.67,1.27,S3,0,,0,36.0,obs,592,26.34,13.67,3.65,S3,26.34,13.67,3.65,S3,26.34,13.67,1.27,S3,9.722,0,S3,site_s3,S3,S3,S3
1786342062.236,c1,search,,0.0,31.1,20.71,5.99,S3,0,,0,4474.0,obs,894,31.1,20.71,10.98,S3,31.1,20.71,10.98,S3,31.1,20.71,5.99,S3,9.722,0,S3,site_s3,S3,S3,S3
1786342062.236,c1,recommend,,0.0,26.76,14.03,2.08,S3,0,,0,200.0,obs,1190,26.76,14.03,4.0,S3,26.76,14.03,4.0,S3,26.76,14.03,2.08,S3,9.722,0,S3,site_s3,S3,S3,S3
1786342062.236,c2,reserve,,0.0,26.34,13.67,1.27,S3,0,,0,36.0,obs,592,26.34,13.67,3.65,S3,26.34,13.67,3.65,S3,26.34,13.67,1.27,S3,9.722,0,S3,site_s3,S3,S3,S3
1786342062.236,c2,search,,0.0,31.1,20.71,5.99,S3,0,,0,4474.0,obs,894,31.1,20.71,10.98,S3,31.1,20.71,10.98,S3,31.1,20.71,5.99,S3,9.722,0,S3,site_s3,S3,S3,S3
1786342062.236,c2,recommend,,0.0,26.76,14.03,2.08,S3,0,,0,200.0,obs,1190,26.76,14.03,4.0,S3,26.76,14.03,4.0,S3,26.76,14.03,2.08,S3,9.722,0,S3,site_s3,S3,S3,S3
1786342063.236,c1,reserve,,0.0,26.34,13.67,1.51,S3,0,,0,36.0,obs,597,26.34,13.67,3.65,S3,26.34,13.67,3.65,S3,26.34,13.67,1.51,S3,9.81,0,S3,site_s3,S3,S3,S3
1786342063.236,c1,search,,0.0,31.1,20.71,5.99,S3,0,,0,4474.0,obs,888,31.1,20.71,10.98,S3,31.1,20.71,10.98,S3,31.1,20.71,5.99,S3,9.81,0,S3,site_s3,S3,S3,S3
1786342063.236,c1,recommend,,0.0,26.76,14.03,2.36,S3,0,,0,200.0,obs,1190,26.76,14.03,4.0,S3,26.76,14.03,4.0,S3,26.76,14.03,2.36,S3,9.81,0,S3,site_s3,S3,S3,S3
1786342063.236,c2,reserve,,0.0,26.34,13.67,1.51,S3,0,,0,36.0,obs,597,26.34,13.67,3.65,S3,26.34,13.67,3.65,S3,26.34,13.67,1.51,S3,9.81,0,S3,site_s3,S3,S3,S3
1786342063.236,c2,search,,0.0,31.1,20.71,5.99,S3,0,,0,4474.0,obs,888,31.1,20.71,10.98,S3,31.1,20.71,10.98,S3,31.1,20.71,5.99,S3,9.81,0,S3,site_s3,S3,S3,S3
1786342063.236,c2,recommend,,0.0,26.76,14.03,2.36,S3,0,,0,200.0,obs,1190,26.76,14.03,4.0,S3,26.76,14.03,4.0,S3,26.76,14.03,2.36,S3,9.81,0,S3,site_s3,S3,S3,S3
1786342064.235,c1,reserve,,0.0,26.34,13.67,1.65,S3,0,,0,36.0,obs,595,26.34,13.67,3.65,S3,26.34,13.67,3.65,S3,26.34,13.67,1.65,S3,8.943,0,S3,site_s3,S3,S3,S3
1786342064.235,c1,search,,0.0,31.1,20.71,6.78,S3,0,,0,4474.0,obs,894,31.1,20.71,10.98,S3,31.1,20.71,10.98,S3,31.1,20.71,6.78,S3,8.943,0,S3,site_s3,S3,S3,S3
1786342064.235,c1,recommend,,0.0,26.76,14.03,2.46,S3,0,,0,200.0,obs,1189,26.76,14.03,4.0,S3,26.76,14.03,4.0,S3,26.76,14.03,2.46,S3,8.943,0,S3,site_s3,S3,S3,S3
1786342064.235,c2,reserve,,0.0,26.34,13.67,1.65,S3,0,,0,36.0,obs,595,26.34,13.67,3.65,S3,26.34,13.67,3.65,S3,26.34,13.67,1.65,S3,8.943,0,S3,site_s3,S3,S3,S3
1786342064.235,c2,search,,0.0,31.1,20.71,6.78,S3,0,,0,4474.0,obs,894,31.1,20.71,10.98,S3,31.1,20.71,10.98,S3,31.1,20.71,6.78,S3,8.943,0,S3,site_s3,S3,S3,S3
1786342064.235,c2,recommend,,0.0,26.76,14.03,2.46,S3,0,,0,200.0,obs,1189,26.76,14.03,4.0,S3,26.76,14.03,4.0,S3,26.76,14.03,2.46,S3,8.943,0,S3,site_s3,S3,S3,S3
1786342065.235,c1,reserve,,0.0,26.34,13.67,1.56,S3,0,,0,36.0,obs,595,26.34,13.67,3.65,S3,26.34,13.67,3.65,S3,26.34,13.67,1.56,S3,9.018,0,S3,site_s3,S3,S3,S3
1786342065.235,c1,search,,0.0,31.1,20.71,6.76,S3,0,,0,4474.0,obs,890,31.1,20.71,10.98,S3,31.1,20.71,10.98,S3,31.1,20.71,6.76,S3,9.018,0,S3,site_s3,S3,S3,S3
1786342065.235,c1,recommend,,0.0,26.76,14.03,2.35,S3,0,,0,200.0,obs,1194,26.76,14.03,4.0,S3,26.76,14.03,4.0,S3,26.76,14.03,2.35,S3,9.018,0,S3,site_s3,S3,S3,S3
1786342065.235,c2,reserve,,0.0,26.34,13.67,1.56,S3,0,,0,36.0,obs,595,26.34,13.67,3.65,S3,26.34,13.67,3.65,S3,26.34,13.67,1.56,S3,9.018,0,S3,site_s3,S3,S3,S3
1786342065.235,c2,search,,0.0,31.1,20.71,6.76,S3,0,,0,4474.0,obs,890,31.1,20.71,10.98,S3,31.1,20.71,10.98,S3,31.1,20.71,6.76,S3,9.018,0,S3,site_s3,S3,S3,S3
1786342065.235,c2,recommend,,0.0,26.76,14.03,2.35,S3,0,,0,200.0,obs,1194,26.76,14.03,4.0,S3,26.76,14.03,4.0,S3,26.76,14.03,2.35,S3,9.018,0,S3,site_s3,S3,S3,S3
1786342066.236,c1,reserve,,0.0,26.34,13.67,1.51,S3,0,,0,36.0,obs,597,26.34,13.67,3.65,S3,26.34,13.67,3.65,S3,26.34,13.67,1.51,S3,9.678,0,S3,site_s3,S3,S3,S3
1786342066.236,c1,search,,0.0,31.1,20.71,6.21,S3,0,,0,4474.0,obs,895,31.1,20.71,10.98,S3,31.1,20.71,10.98,S3,31.1,20.71,6.21,S3,9.678,0,S3,site_s3,S3,S3,S3
1786342066.236,c1,recommend,,0.0,26.76,14.03,2.28,S3,0,,0,200.0,obs,1188,26.76,14.03,4.0,S3,26.76,14.03,4.0,S3,26.76,14.03,2.28,S3,9.678,0,S3,site_s3,S3,S3,S3
1786342066.236,c2,reserve,,0.0,26.34,13.67,1.51,S3,0,,0,36.0,obs,597,26.34,13.67,3.65,S3,26.34,13.67,3.65,S3,26.34,13.67,1.51,S3,9.678,0,S3,site_s3,S3,S3,S3
1786342066.236,c2,search,,0.0,31.1,20.71,6.21,S3,0,,0,4474.0,obs,895,31.1,20.71,10.98,S3,31.1,20.71,10.98,S3,31.1,20.71,6.21,S3,9.678,0,S3,site_s3,S3,S3,S3
1786342066.236,c2,recommend,,0.0,26.76,14.03,2.28,S3,0,,0,200.0,obs,1188,26.76,14.03,4.0,S3,26.76,14.03,4.0,S3,26.76,14.03,2.28,S3,9.678,0,S3,site_s3,S3,S3,S3
1786342067.236,c1,reserve,,0.0,26.34,13.67,1.42,S3,0,,0,36.0,obs,593,26.34,13.67,3.65,S3,26.34,13.67,3.65,S3,26.34,13.67,1.42,S3,9.726,0,S3,site_s3,S3,S3,S3
1786342067.236,c1,search,,0.0,31.1,20.71,5.54,S3,0,,0,4474.0,obs,894,31.1,20.71,10.98,S3,31.1,20.71,10.98,S3,31.1,20.71,5.54,S3,9.726,0,S3,site_s3,S3,S3,S3
1786342067.236,c1,recommend,,0.0,26.76,14.03,1.89,S3,0,,0,200.0,obs,1195,26.76,14.03,4.0,S3,26.76,14.03,4.0,S3,26.76,14.03,1.89,S3,9.726,0,S3,site_s3,S3,S3,S3
1786342067.236,c2,reserve,,0.0,26.34,13.67,1.42,S3,0,,0,36.0,obs,593,26.34,13.67,3.65,S3,26.34,13.67,3.65,S3,26.34,13.67,1.42,S3,9.726,0,S3,site_s3,S3,S3,S3
1786342067.236,c2,search,,0.0,31.1,20.71,5.54,S3,0,,0,4474.0,obs,894,31.1,20.71,10.98,S3,31.1,20.71,10.98,S3,31.1,20.71,5.54,S3,9.726,0,S3,site_s3,S3,S3,S3
1786342067.236,c2,recommend,,0.0,26.76,14.03,1.89,S3,0,,0,200.0,obs,1195,26.76,14.03,4.0,S3,26.76,14.03,4.0,S3,26.76,14.03,1.89,S3,9.726,0,S3,site_s3,S3,S3,S3
1786342068.235,c1,reserve,,0.0,26.34,13.67,1.37,S3,0,,0,36.0,obs,601,26.34,13.67,3.65,S3,26.34,13.67,3.65,S3,26.34,13.67,1.37,S3,9.043,0,S3,site_s3,S3,S3,S3
1786342068.235,c1,search,,0.0,31.1,20.71,5.9,S3,0,,0,4474.0,obs,890,31.1,20.71,10.98,S3,31.1,20.71,10.98,S3,31.1,20.71,5.9,S3,9.043,0,S3,site_s3,S3,S3,S3
1786342068.235,c1,recommend,,0.0,26.76,14.03,1.93,S3,0,,0,200.0,obs,1194,26.76,14.03,4.0,S3,26.76,14.03,4.0,S3,26.76,14.03,1.93,S3,9.043,0,S3,site_s3,S3,S3,S3
1786342068.235,c2,reserve,,0.0,26.34,13.67,1.37,S3,0,,0,36.0,obs,601,26.34,13.67,3.65,S3,26.34,13.67,3.65,S3,26.34,13.67,1.37,S3,9.043,0,S3,site_s3,S3,S3,S3
1786342068.235,c2,search,,0.0,31.1,20.71,5.9,S3,0,,0,4474.0,obs,890,31.1,20.71,10.98,S3,31.1,20.71,10.98,S3,31.1,20.71,5.9,S3,9.043,0,S3,site_s3,S3,S3,S3
1786342068.235,c2,recommend,,0.0,26.76,14.03,1.93,S3,0,,0,200.0,obs,1194,26.76,14.03,4.0,S3,26.76,14.03,4.0,S3,26.76,14.03,1.93,S3,9.043,0,S3,site_s3,S3,S3,S3
1786342069.235,c1,reserve,,0.0,26.34,13.67,1.69,S3,0,,0,36.0,obs,594,26.34,13.67,3.65,S3,26.34,13.67,3.65,S3,26.34,13.67,1.69,S3,8.924,0,S3,site_s3,S3,S3,S3
1786342069.235,c1,search,,0.0,31.1,20.71,6.54,S3,0,,0,4474.0,obs,894,31.1,20.71,10.98,S3,31.1,20.71,10.98,S3,31.1,20.71,6.54,S3,8.924,0,S3,site_s3,S3,S3,S3
1786342069.235,c1,recommend,,0.0,26.76,14.03,2.46,S3,0,,0,200.0,obs,1195,26.76,14.03,4.0,S3,26.76,14.03,4.0,S3,26.76,14.03,2.46,S3,8.924,0,S3,site_s3,S3,S3,S3
1786342069.235,c2,reserve,,0.0,26.34,13.67,1.69,S3,0,,0,36.0,obs,594,26.34,13.67,3.65,S3,26.34,13.67,3.65,S3,26.34,13.67,1.69,S3,8.924,0,S3,site_s3,S3,S3,S3
1786342069.235,c2,search,,0.0,31.1,20.71,6.54,S3,0,,0,4474.0,obs,894,31.1,20.71,10.98,S3,31.1,20.71,10.98,S3,31.1,20.71,6.54,S3,8.924,0,S3,site_s3,S3,S3,S3
1786342069.235,c2,recommend,,0.0,26.76,14.03,2.46,S3,0,,0,200.0,obs,1195,26.76,14.03,4.0,S3,26.76,14.03,4.0,S3,26.76,14.03,2.46,S3,8.924,0,S3,site_s3,S3,S3,S3
1786342070.235,c1,reserve,,0.0,26.34,13.67,1.81,S3,0,,0,36.0,obs,599,26.34,13.67,3.65,S3,26.34,13.67,3.65,S3,26.34,13.67,1.81,S3,8.961,0,S3,site_s3,S3,S3,S3
1786342070.235,c1,search,,0.0,31.1,20.71,6.65,S3,0,,0,4474.0,obs,892,31.1,20.71,10.98,S3,31.1,20.71,10.98,S3,31.1,20.71,6.65,S3,8.961,0,S3,site_s3,S3,S3,S3
1786342070.235,c1,recommend,,0.0,26.76,14.03,2.39,S3,0,,0,200.0,obs,1195,26.76,14.03,4.0,S3,26.76,14.03,4.0,S3,26.76,14.03,2.39,S3,8.961,0,S3,site_s3,S3,S3,S3
1786342070.235,c2,reserve,,0.0,26.34,13.67,1.81,S3,0,,0,36.0,obs,599,26.34,13.67,3.65,S3,26.34,13.67,3.65,S3,26.34,13.67,1.81,S3,8.961,0,S3,site_s3,S3,S3,S3
1786342070.235,c2,search,,0.0,31.1,20.71,6.65,S3,0,,0,4474.0,obs,892,31.1,20.71,10.98,S3,31.1,20.71,10.98,S3,31.1,20.71,6.65,S3,8.961,0,S3,site_s3,S3,S3,S3
1786342070.235,c2,recommend,,0.0,26.76,14.03,2.39,S3,0,,0,200.0,obs,1195,26.76,14.03,4.0,S3,26.76,14.03,4.0,S3,26.76,14.03,2.39,S3,8.961,0,S3,site_s3,S3,S3,S3
1786342071.235,c1,reserve,,0.0,26.34,13.67,1.32,S3,0,,0,36.0,obs,598,26.34,13.67,3.65,S3,26.34,13.67,3.65,S3,26.34,13.67,1.32,S3,9.019,0,S3,site_s3,S3,S3,S3
1786342071.235,c1,search,,0.0,31.1,20.71,4.58,S3,0,,0,4474.0,obs,896,31.1,20.71,10.98,S3,31.1,20.71,10.98,S3,31.1,20.71,4.58,S3,9.019,0,S3,site_s3,S3,S3,S3
1786342071.235,c1,recommend,,0.0,26.76,14.03,1.84,S3,0,,0,200.0,obs,1194,26.76,14.03,4.0,S3,26.76,14.03,4.0,S3,26.76,14.03,1.84,S3,9.019,0,S3,site_s3,S3,S3,S3
1786342071.235,c2,reserve,,0.0,26.34,13.67,1.32,S3,0,,0,36.0,obs,598,26.34,13.67,3.65,S3,26.34,13.67,3.65,S3,26.34,13.67,1.32,S3,9.019,0,S3,site_s3,S3,S3,S3
1786342071.235,c2,search,,0.0,31.1,20.71,4.58,S3,0,,0,4474.0,obs,896,31.1,20.71,10.98,S3,31.1,20.71,10.98,S3,31.1,20.71,4.58,S3,9.019,0,S3,site_s3,S3,S3,S3
1786342071.235,c2,recommend,,0.0,26.76,14.03,1.84,S3,0,,0,200.0,obs,1194,26.76,14.03,4.0,S3,26.76,14.03,4.0,S3,26.76,14.03,1.84,S3,9.019,0,S3,site_s3,S3,S3,S3
1786342072.235,c1,reserve,,0.0,26.34,13.67,1.24,S3,0,,0,36.0,obs,598,26.34,13.67,3.65,S3,26.34,13.67,3.65,S3,26.34,13.67,1.24,S3,8.94,0,S3,site_s3,S3,S3,S3
1786342072.235,c1,search,,0.0,31.1,20.71,4.17,S3,0,,0,4474.0,obs,892,31.1,20.71,10.98,S3,31.1,20.71,10.98,S3,31.1,20.71,4.17,S3,8.94,0,S3,site_s3,S3,S3,S3
1786342072.235,c1,recommend,,0.0,26.76,14.03,1.49,S3,0,,0,200.0,obs,1198,26.76,14.03,4.0,S3,26.76,14.03,4.0,S3,26.76,14.03,1.49,S3,8.94,0,S3,site_s3,S3,S3,S3
1786342072.235,c2,reserve,,0.0,26.34,13.67,1.24,S3,0,,0,36.0,obs,598,26.34,13.67,3.65,S3,26.34,13.67,3.65,S3,26.34,13.67,1.24,S3,8.94,0,S3,site_s3,S3,S3,S3
1786342072.235,c2,search,,0.0,31.1,20.71,4.17,S3,0,,0,4474.0,obs,892,31.1,20.71,10.98,S3,31.1,20.71,10.98,S3,31.1,20.71,4.17,S3,8.94,0,S3,site_s3,S3,S3,S3
1786342072.235,c2,recommend,,0.0,26.76,14.03,1.49,S3,0,,0,200.0,obs,1198,26.76,14.03,4.0,S3,26.76,14.03,4.0,S3,26.76,14.03,1.49,S3,8.94,0,S3,site_s3,S3,S3,S3
1786342073.236,c1,reserve,,0.0,26.34,13.67,1.88,S3,0,,0,36.0,obs,600,26.34,13.67,3.65,S3,26.34,13.67,3.65,S3,26.34,13.67,1.88,S3,9.74,0,S3,site_s3,S3,S3,S3
1786342073.236,c1,search,,0.0,31.1,20.71,6.1,S3,0,,0,4474.0,obs,896,31.1,20.71,10.98,S3,31.1,20.71,10.98,S3,31.1,20.71,6.1,S3,9.74,0,S3,site_s3,S3,S3,S3
1786342073.236,c1,recommend,,0.0,26.76,14.03,2.25,S3,0,,0,200.0,obs,1191,26.76,14.03,4.0,S3,26.76,14.03,4.0,S3,26.76,14.03,2.25,S3,9.74,0,S3,site_s3,S3,S3,S3
1786342073.236,c2,reserve,,0.0,26.34,13.67,1.88,S3,0,,0,36.0,obs,600,26.34,13.67,3.65,S3,26.34,13.67,3.65,S3,26.34,13.67,1.88,S3,9.74,0,S3,site_s3,S3,S3,S3
1786342073.236,c2,search,,0.0,31.1,20.71,6.1,S3,0,,0,4474.0,obs,896,31.1,20.71,10.98,S3,31.1,20.71,10.98,S3,31.1,20.71,6.1,S3,9.74,0,S3,site_s3,S3,S3,S3
1786342073.236,c2,recommend,,0.0,26.76,14.03,2.25,S3,0,,0,200.0,obs,1191,26.76,14.03,4.0,S3,26.76,14.03,4.0,S3,26.76,14.03,2.25,S3,9.74,0,S3,site_s3,S3,S3,S3
1786342074.235,c1,reserve,,0.0,26.34,13.67,2.01,S3,0,,0,36.0,obs,596,26.34,13.67,3.65,S3,26.34,13.67,3.65,S3,26.34,13.67,2.01,S3,8.949,0,S3,site_s3,S3,S3,S3
1786342074.235,c1,search,,0.0,31.1,20.71,6.52,S3,0,,0,4474.0,obs,894,31.1,20.71,10.98,S3,31.1,20.71,10.98,S3,31.1,20.71,6.52,S3,8.949,0,S3,site_s3,S3,S3,S3
1786342074.235,c1,recommend,,0.0,26.76,14.03,2.29,S3,0,,0,200.0,obs,1200,26.76,14.03,4.0,S3,26.76,14.03,4.0,S3,26.76,14.03,2.29,S3,8.949,0,S3,site_s3,S3,S3,S3
1786342074.235,c2,reserve,,0.0,26.34,13.67,2.01,S3,0,,0,36.0,obs,596,26.34,13.67,3.65,S3,26.34,13.67,3.65,S3,26.34,13.67,2.01,S3,8.949,0,S3,site_s3,S3,S3,S3
1786342074.235,c2,search,,0.0,31.1,20.71,6.52,S3,0,,0,4474.0,obs,894,31.1,20.71,10.98,S3,31.1,20.71,10.98,S3,31.1,20.71,6.52,S3,8.949,0,S3,site_s3,S3,S3,S3
1786342074.235,c2,recommend,,0.0,26.76,14.03,2.29,S3,0,,0,200.0,obs,1200,26.76,14.03,4.0,S3,26.76,14.03,4.0,S3,26.76,14.03,2.29,S3,8.949,0,S3,site_s3,S3,S3,S3
1786342075.235,c1,reserve,,0.0,26.34,13.67,1.77,S3,0,,0,36.0,obs,602,26.34,13.67,3.65,S3,26.34,13.67,3.65,S3,26.34,13.67,1.77,S3,8.995,0,S3,site_s3,S3,S3,S3
1786342075.235,c1,search,,0.0,31.1,20.71,6.44,S3,0,,0,4474.0,obs,894,31.1,20.71,10.98,S3,31.1,20.71,10.98,S3,31.1,20.71,6.44,S3,8.995,0,S3,site_s3,S3,S3,S3
1786342075.235,c1,recommend,,0.0,26.76,14.03,2.26,S3,0,,0,200.0,obs,1192,26.76,14.03,4.0,S3,26.76,14.03,4.0,S3,26.76,14.03,2.26,S3,8.995,0,S3,site_s3,S3,S3,S3
1786342075.235,c2,reserve,,0.0,26.34,13.67,1.77,S3,0,,0,36.0,obs,602,26.34,13.67,3.65,S3,26.34,13.67,3.65,S3,26.34,13.67,1.77,S3,8.995,0,S3,site_s3,S3,S3,S3
1786342075.235,c2,search,,0.0,31.1,20.71,6.44,S3,0,,0,4474.0,obs,894,31.1,20.71,10.98,S3,31.1,20.71,10.98,S3,31.1,20.71,6.44,S3,8.995,0,S3,site_s3,S3,S3,S3
1786342075.235,c2,recommend,,0.0,26.76,14.03,2.26,S3,0,,0,200.0,obs,1192,26.76,14.03,4.0,S3,26.76,14.03,4.0,S3,26.76,14.03,2.26,S3,8.995,0,S3,site_s3,S3,S3,S3
1786342076.235,c1,reserve,,0.0,26.34,13.67,1.64,S3,0,,0,36.0,obs,596,26.34,13.67,3.65,S3,26.34,13.67,3.65,S3,26.34,13.67,1.64,S3,8.921,0,S3,site_s3,S3,S3,S3
1786342076.235,c1,search,,0.0,31.1,20.71,6.01,S3,0,,0,4474.0,obs,898,31.1,20.71,10.98,S3,31.1,20.71,10.98,S3,31.1,20.71,6.01,S3,8.921,0,S3,site_s3,S3,S3,S3
1786342076.235,c1,recommend,,0.0,26.76,14.03,2.26,S3,0,,0,200.0,obs,1198,26.76,14.03,4.0,S3,26.76,14.03,4.0,S3,26.76,14.03,2.26,S3,8.921,0,S3,site_s3,S3,S3,S3
1786342076.235,c2,reserve,,0.0,26.34,13.67,1.64,S3,0,,0,36.0,obs,596,26.34,13.67,3.65,S3,26.34,13.67,3.65,S3,26.34,13.67,1.64,S3,8.921,0,S3,site_s3,S3,S3,S3
1786342076.235,c2,search,,0.0,31.1,20.71,6.01,S3,0,,0,4474.0,obs,898,31.1,20.71,10.98,S3,31.1,20.71,10.98,S3,31.1,20.71,6.01,S3,8.921,0,S3,site_s3,S3,S3,S3
1786342076.235,c2,recommend,,0.0,26.76,14.03,2.26,S3,0,,0,200.0,obs,1198,26.76,14.03,4.0,S3,26.76,14.03,4.0,S3,26.76,14.03,2.26,S3,8.921,0,S3,site_s3,S3,S3,S3
1786342077.235,c1,reserve,,0.0,26.34,13.67,1.02,S3,0,,0,36.0,obs,601,26.34,13.67,3.65,S3,26.34,13.67,3.65,S3,26.34,13.67,1.02,S3,9.009,0,S3,site_s3,S3,S3,S3
1786342077.235,c1,search,,0.0,31.1,20.71,5.37,S3,0,,0,4474.0,obs,895,31.1,20.71,10.98,S3,31.1,20.71,10.98,S3,31.1,20.71,5.37,S3,9.009,0,S3,site_s3,S3,S3,S3
1786342077.235,c1,recommend,,0.0,26.76,14.03,1.77,S3,0,,0,200.0,obs,1199,26.76,14.03,4.0,S3,26.76,14.03,4.0,S3,26.76,14.03,1.77,S3,9.009,0,S3,site_s3,S3,S3,S3
1786342077.235,c2,reserve,,0.0,26.34,13.67,1.02,S3,0,,0,36.0,obs,601,26.34,13.67,3.65,S3,26.34,13.67,3.65,S3,26.34,13.67,1.02,S3,9.009,0,S3,site_s3,S3,S3,S3
1786342077.235,c2,search,,0.0,31.1,20.71,5.37,S3,0,,0,4474.0,obs,895,31.1,20.71,10.98,S3,31.1,20.71,10.98,S3,31.1,20.71,5.37,S3,9.009,0,S3,site_s3,S3,S3,S3
1786342077.235,c2,recommend,,0.0,26.76,14.03,1.77,S3,0,,0,200.0,obs,1199,26.76,14.03,4.0,S3,26.76,14.03,4.0,S3,26.76,14.03,1.77,S3,9.009,0,S3,site_s3,S3,S3,S3
1786342078.236,c1,reserve,,0.0,26.34,13.67,0.98,S3,0,,0,36.0,obs,600,26.34,13.67,3.65,S3,26.34,13.67,3.65,S3,26.34,13.67,0.98,S3,9.79,0,S3,site_s3,S3,S3,S3
1786342078.236,c1,search,,0.0,31.1,20.71,5.31,S3,0,,0,4474.0,obs,899,31.1,20.71,10.98,S3,31.1,20.71,10.98,S3,31.1,20.71,5.31,S3,9.79,0,S3,site_s3,S3,S3,S3
1786342078.236,c1,recommend,,0.0,26.76,14.03,1.83,S3,0,,0,200.0,obs,1197,26.76,14.03,4.0,S3,26.76,14.03,4.0,S3,26.76,14.03,1.83,S3,9.79,0,S3,site_s3,S3,S3,S3
1786342078.236,c2,reserve,,0.0,26.34,13.67,0.98,S3,0,,0,36.0,obs,600,26.34,13.67,3.65,S3,26.34,13.67,3.65,S3,26.34,13.67,0.98,S3,9.79,0,S3,site_s3,S3,S3,S3
1786342078.236,c2,search,,0.0,31.1,20.71,5.31,S3,0,,0,4474.0,obs,899,31.1,20.71,10.98,S3,31.1,20.71,10.98,S3,31.1,20.71,5.31,S3,9.79,0,S3,site_s3,S3,S3,S3
1786342078.236,c2,recommend,,0.0,26.76,14.03,1.83,S3,0,,0,200.0,obs,1197,26.76,14.03,4.0,S3,26.76,14.03,4.0,S3,26.76,14.03,1.83,S3,9.79,0,S3,site_s3,S3,S3,S3
1786342079.236,c1,reserve,,0.0,26.34,13.67,1.44,S3,0,,0,36.0,obs,599,26.34,13.67,3.65,S3,26.34,13.67,3.65,S3,26.34,13.67,1.44,S3,9.666,0,S3,site_s3,S3,S3,S3
1786342079.236,c1,search,,0.0,31.1,20.71,6.4,S3,0,,0,4474.0,obs,895,31.1,20.71,10.98,S3,31.1,20.71,10.98,S3,31.1,20.71,6.4,S3,9.666,0,S3,site_s3,S3,S3,S3
1786342079.236,c1,recommend,,0.0,26.76,14.03,2.17,S3,0,,0,200.0,obs,1201,26.76,14.03,4.0,S3,26.76,14.03,4.0,S3,26.76,14.03,2.17,S3,9.666,0,S3,site_s3,S3,S3,S3
1786342079.236,c2,reserve,,0.0,26.34,13.67,1.44,S3,0,,0,36.0,obs,599,26.34,13.67,3.65,S3,26.34,13.67,3.65,S3,26.34,13.67,1.44,S3,9.666,0,S3,site_s3,S3,S3,S3
1786342079.236,c2,search,,0.0,31.1,20.71,6.4,S3,0,,0,4474.0,obs,895,31.1,20.71,10.98,S3,31.1,20.71,10.98,S3,31.1,20.71,6.4,S3,9.666,0,S3,site_s3,S3,S3,S3
1786342079.236,c2,recommend,,0.0,26.76,14.03,2.17,S3,0,,0,200.0,obs,1201,26.76,14.03,4.0,S3,26.76,14.03,4.0,S3,26.76,14.03,2.17,S3,9.666,0,S3,site_s3,S3,S3,S3
1786342080.235,c1,reserve,,0.0,26.34,13.67,1.69,S3,0,,0,36.0,obs,602,26.34,13.67,3.65,S3,26.34,13.67,3.65,S3,26.34,13.67,1.69,S3,8.953,0,S3,site_s3,S3,S3,S3
1786342080.235,c1,search,,0.0,31.1,20.71,6.58,S3,0,,0,4474.0,obs,900,31.1,20.71,10.98,S3,31.1,20.71,10.98,S3,31.1,20.71,6.58,S3,8.953,0,S3,site_s3,S3,S3,S3
1786342080.235,c1,recommend,,0.0,26.76,14.03,2.29,S3,0,,0,200.0,obs,1196,26.76,14.03,4.0,S3,26.76,14.03,4.0,S3,26.76,14.03,2.29,S3,8.953,0,S3,site_s3,S3,S3,S3
1786342080.235,c2,reserve,,0.0,26.34,13.67,1.69,S3,0,,0,36.0,obs,602,26.34,13.67,3.65,S3,26.34,13.67,3.65,S3,26.34,13.67,1.69,S3,8.953,0,S3,site_s3,S3,S3,S3
1786342080.235,c2,search,,0.0,31.1,20.71,6.58,S3,0,,0,4474.0,obs,900,31.1,20.71,10.98,S3,31.1,20.71,10.98,S3,31.1,20.71,6.58,S3,8.953,0,S3,site_s3,S3,S3,S3
1786342080.235,c2,recommend,,0.0,26.76,14.03,2.29,S3,0,,0,200.0,obs,1196,26.76,14.03,4.0,S3,26.76,14.03,4.0,S3,26.76,14.03,2.29,S3,8.953,0,S3,site_s3,S3,S3,S3
1786342081.235,c1,reserve,,0.0,26.34,13.67,1.55,S3,0,,0,36.0,obs,598,26.34,13.67,3.65,S3,26.34,13.67,3.65,S3,26.34,13.67,1.55,S3,8.994,0,S3,site_s3,S3,S3,S3
1786342081.235,c1,search,,0.0,31.1,20.71,6.58,S3,0,,0,4474.0,obs,898,31.1,20.71,10.98,S3,31.1,20.71,10.98,S3,31.1,20.71,6.58,S3,8.994,0,S3,site_s3,S3,S3,S3
1786342081.235,c1,recommend,,0.0,26.76,14.03,2.4,S3,0,,0,200.0,obs,1203,26.76,14.03,4.0,S3,26.76,14.03,4.0,S3,26.76,14.03,2.4,S3,8.994,0,S3,site_s3,S3,S3,S3
1786342081.235,c2,reserve,,0.0,26.34,13.67,1.55,S3,0,,0,36.0,obs,598,26.34,13.67,3.65,S3,26.34,13.67,3.65,S3,26.34,13.67,1.55,S3,8.994,0,S3,site_s3,S3,S3,S3
1786342081.235,c2,search,,0.0,31.1,20.71,6.58,S3,0,,0,4474.0,obs,898,31.1,20.71,10.98,S3,31.1,20.71,10.98,S3,31.1,20.71,6.58,S3,8.994,0,S3,site_s3,S3,S3,S3
1786342081.235,c2,recommend,,0.0,26.76,14.03,2.4,S3,0,,0,200.0,obs,1203,26.76,14.03,4.0,S3,26.76,14.03,4.0,S3,26.76,14.03,2.4,S3,8.994,0,S3,site_s3,S3,S3,S3
1786342082.236,c1,reserve,,0.0,26.34,13.67,1.3,S3,0,,0,36.0,obs,604,26.34,13.67,3.65,S3,26.34,13.67,3.65,S3,26.34,13.67,1.3,S3,9.786,0,S3,site_s3,S3,S3,S3
1786342082.236,c1,search,,0.0,31.1,20.71,6.4,S3,0,,0,4474.0,obs,898,31.1,20.71,10.98,S3,31.1,20.71,10.98,S3,31.1,20.71,6.4,S3,9.786,0,S3,site_s3,S3,S3,S3
1786342082.236,c1,recommend,,0.0,26.76,14.03,2.23,S3,0,,0,200.0,obs,1197,26.76,14.03,4.0,S3,26.76,14.03,4.0,S3,26.76,14.03,2.23,S3,9.786,0,S3,site_s3,S3,S3,S3
1786342082.236,c2,reserve,,0.0,26.34,13.67,1.3,S3,0,,0,36.0,obs,604,26.34,13.67,3.65,S3,26.34,13.67,3.65,S3,26.34,13.67,1.3,S3,9.786,0,S3,site_s3,S3,S3,S3
1786342082.236,c2,search,,0.0,31.1,20.71,6.4,S3,0,,0,4474.0,obs,898,31.1,20.71,10.98,S3,31.1,20.71,10.98,S3,31.1,20.71,6.4,S3,9.786,0,S3,site_s3,S3,S3,S3
1786342082.236,c2,recommend,,0.0,26.76,14.03,2.23,S3,0,,0,200.0,obs,1197,26.76,14.03,4.0,S3,26.76,14.03,4.0,S3,26.76,14.03,2.23,S3,9.786,0,S3,site_s3,S3,S3,S3
1786342083.235,c1,reserve,,0.0,26.34,13.67,1.02,S3,0,,0,36.0,obs,598,26.34,13.67,3.65,S3,26.34,13.67,3.65,S3,26.34,13.67,1.02,S3,8.941,0,S3,site_s3,S3,S3,S3
1786342083.235,c1,search,,0.0,31.1,20.71,5.37,S3,0,,0,4474.0,obs,899,31.1,20.71,10.98,S3,31.1,20.71,10.98,S3,31.1,20.71,5.37,S3,8.941,0,S3,site_s3,S3,S3,S3
1786342083.235,c1,recommend,,0.0,26.76,14.03,1.86,S3,0,,0,200.0,obs,1204,26.76,14.03,4.0,S3,26.76,14.03,4.0,S3,26.76,14.03,1.86,S3,8.941,0,S3,site_s3,S3,S3,S3
1786342083.235,c2,reserve,,0.0,26.34,13.67,1.02,S3,0,,0,36.0,obs,598,26.34,13.67,3.65,S3,26.34,13.67,3.65,S3,26.34,13.67,1.02,S3,8.941,0,S3,site_s3,S3,S3,S3
1786342083.235,c2,search,,0.0,31.1,20.71,5.37,S3,0,,0,4474.0,obs,899,31.1,20.71,10.98,S3,31.1,20.71,10.98,S3,31.1,20.71,5.37,S3,8.941,0,S3,site_s3,S3,S3,S3
1786342083.235,c2,recommend,,0.0,26.76,14.03,1.86,S3,0,,0,200.0,obs,1204,26.76,14.03,4.0,S3,26.76,14.03,4.0,S3,26.76,14.03,1.86,S3,8.941,0,S3,site_s3,S3,S3,S3
1786342084.236,c1,reserve,,0.0,26.34,13.67,1.53,S3,0,,0,36.0,obs,602,26.34,13.67,3.65,S3,26.34,13.67,3.65,S3,26.34,13.67,1.53,S3,9.833,0,S3,site_s3,S3,S3,S3
1786342084.236,c1,search,,0.0,31.1,20.71,5.68,S3,0,,0,4474.0,obs,899,31.1,20.71,10.98,S3,31.1,20.71,10.98,S3,31.1,20.71,5.68,S3,9.833,0,S3,site_s3,S3,S3,S3
1786342084.236,c1,recommend,,0.0,26.76,14.03,2.0,S3,0,,0,200.0,obs,1206,26.76,14.03,4.0,S3,26.76,14.03,4.0,S3,26.76,14.03,2.0,S3,9.833,0,S3,site_s3,S3,S3,S3
1786342084.236,c2,reserve,,0.0,26.34,13.67,1.53,S3,0,,0,36.0,obs,602,26.34,13.67,3.65,S3,26.34,13.67,3.65,S3,26.34,13.67,1.53,S3,9.833,0,S3,site_s3,S3,S3,S3
1786342084.236,c2,search,,0.0,31.1,20.71,5.68,S3,0,,0,4474.0,obs,899,31.1,20.71,10.98,S3,31.1,20.71,10.98,S3,31.1,20.71,5.68,S3,9.833,0,S3,site_s3,S3,S3,S3
1786342084.236,c2,recommend,,0.0,26.76,14.03,2.0,S3,0,,0,200.0,obs,1206,26.76,14.03,4.0,S3,26.76,14.03,4.0,S3,26.76,14.03,2.0,S3,9.833,0,S3,site_s3,S3,S3,S3
1786342085.236,c1,reserve,,0.0,26.34,13.67,1.27,S3,0,,0,36.0,obs,601,26.34,13.67,3.65,S3,26.34,13.67,3.65,S3,26.34,13.67,1.27,S3,9.514,0,S3,site_s3,S3,S3,S3
1786342085.236,c1,search,,0.0,31.1,20.71,5.91,S3,0,,0,4474.0,obs,902,31.1,20.71,10.98,S3,31.1,20.71,10.98,S3,31.1,20.71,5.91,S3,9.514,0,S3,site_s3,S3,S3,S3
1786342085.236,c1,recommend,,0.0,26.76,14.03,1.86,S3,0,,0,200.0,obs,1204,26.76,14.03,4.0,S3,26.76,14.03,4.0,S3,26.76,14.03,1.86,S3,9.514,0,S3,site_s3,S3,S3,S3
1786342085.236,c2,reserve,,0.0,26.34,13.67,1.27,S3,0,,0,36.0,obs,601,26.34,13.67,3.65,S3,26.34,13.67,3.65,S3,26.34,13.67,1.27,S3,9.514,0,S3,site_s3,S3,S3,S3
1786342085.236,c2,search,,0.0,31.1,20.71,5.91,S3,0,,0,4474.0,obs,902,31.1,20.71,10.98,S3,31.1,20.71,10.98,S3,31.1,20.71,5.91,S3,9.514,0,S3,site_s3,S3,S3,S3
1786342085.236,c2,recommend,,0.0,26.76,14.03,1.86,S3,0,,0,200.0,obs,1204,26.76,14.03,4.0,S3,26.76,14.03,4.0,S3,26.76,14.03,1.86,S3,9.514,0,S3,site_s3,S3,S3,S3
1786342086.236,c1,reserve,,0.0,26.34,13.67,1.38,S3,0,,0,36.0,obs,602,26.34,13.67,3.65,S3,26.34,13.67,3.65,S3,26.34,13.67,1.38,S3,9.596,0,S3,site_s3,S3,S3,S3
1786342086.236,c1,search,,0.0,31.1,20.71,6.39,S3,0,,0,4474.0,obs,900,31.1,20.71,10.98,S3,31.1,20.71,10.98,S3,31.1,20.71,6.39,S3,9.596,0,S3,site_s3,S3,S3,S3
1786342086.236,c1,recommend,,0.0,26.76,14.03,1.93,S3,0,,0,200.0,obs,1206,26.76,14.03,4.0,S3,26.76,14.03,4.0,S3,26.76,14.03,1.93,S3,9.596,0,S3,site_s3,S3,S3,S3
1786342086.236,c2,reserve,,0.0,26.34,13.67,1.38,S3,0,,0,36.0,obs,602,26.34,13.67,3.65,S3,26.34,13.67,3.65,S3,26.34,13.67,1.38,S3,9.596,0,S3,site_s3,S3,S3,S3
1786342086.236,c2,search,,0.0,31.1,20.71,6.39,S3,0,,0,4474.0,obs,900,31.1,20.71,10.98,S3,31.1,20.71,10.98,S3,31.1,20.71,6.39,S3,9.596,0,S3,site_s3,S3,S3,S3
1786342086.236,c2,recommend,,0.0,26.76,14.03,1.93,S3,0,,0,200.0,obs,1206,26.76,14.03,4.0,S3,26.76,14.03,4.0,S3,26.76,14.03,1.93,S3,9.596,0,S3,site_s3,S3,S3,S3
1786342087.235,c1,reserve,,0.0,26.34,13.67,1.41,S3,0,,0,36.0,obs,604,26.34,13.67,3.65,S3,26.34,13.67,3.65,S3,26.34,13.67,1.41,S3,8.941,0,S3,site_s3,S3,S3,S3
1786342087.235,c1,search,,0.0,31.1,20.71,5.43,S3,0,,0,4474.0,obs,903,31.1,20.71,10.98,S3,31.1,20.71,10.98,S3,31.1,20.71,5.43,S3,8.941,0,S3,site_s3,S3,S3,S3
1786342087.235,c1,recommend,,0.0,26.76,14.03,1.83,S3,0,,0,200.0,obs,1201,26.76,14.03,4.0,S3,26.76,14.03,4.0,S3,26.76,14.03,1.83,S3,8.941,0,S3,site_s3,S3,S3,S3
1786342087.235,c2,reserve,,0.0,26.34,13.67,1.41,S3,0,,0,36.0,obs,604,26.34,13.67,3.65,S3,26.34,13.67,3.65,S3,26.34,13.67,1.41,S3,8.941,0,S3,site_s3,S3,S3,S3
1786342087.235,c2,search,,0.0,31.1,20.71,5.43,S3,0,,0,4474.0,obs,903,31.1,20.71,10.98,S3,31.1,20.71,10.98,S3,31.1,20.71,5.43,S3,8.941,0,S3,site_s3,S3,S3,S3
1786342087.235,c2,recommend,,0.0,26.76,14.03,1.83,S3,0,,0,200.0,obs,1201,26.76,14.03,4.0,S3,26.76,14.03,4.0,S3,26.76,14.03,1.83,S3,8.941,0,S3,site_s3,S3,S3,S3
1786342088.235,c1,reserve,,0.0,26.34,13.67,1.19,S3,0,,0,36.0,obs,600,26.34,13.67,3.65,S3,26.34,13.67,3.65,S3,26.34,13.67,1.19,S3,8.932,0,S3,site_s3,S3,S3,S3
1786342088.235,c1,search,,0.0,31.1,20.71,4.91,S3,0,,0,4474.0,obs,903,31.1,20.71,10.98,S3,31.1,20.71,10.98,S3,31.1,20.71,4.91,S3,8.932,0,S3,site_s3,S3,S3,S3
1786342088.235,c1,recommend,,0.0,26.76,14.03,1.81,S3,0,,0,200.0,obs,1208,26.76,14.03,4.0,S3,26.76,14.03,4.0,S3,26.76,14.03,1.81,S3,8.932,0,S3,site_s3,S3,S3,S3
1786342088.235,c2,reserve,,0.0,26.34,13.67,1.19,S3,0,,0,36.0,obs,600,26.34,13.67,3.65,S3,26.34,13.67,3.65,S3,26.34,13.67,1.19,S3,8.932,0,S3,site_s3,S3,S3,S3
1786342088.235,c2,search,,0.0,31.1,20.71,4.91,S3,0,,0,4474.0,obs,903,31.1,20.71,10.98,S3,31.1,20.71,10.98,S3,31.1,20.71,4.91,S3,8.932,0,S3,site_s3,S3,S3,S3
1786342088.235,c2,recommend,,0.0,26.76,14.03,1.81,S3,0,,0,200.0,obs,1208,26.76,14.03,4.0,S3,26.76,14.03,4.0,S3,26.76,14.03,1.81,S3,8.932,0,S3,site_s3,S3,S3,S3
1786342089.236,c1,reserve,,0.0,26.34,13.67,1.42,S3,0,,0,36.0,obs,606,26.34,13.67,3.65,S3,26.34,13.67,3.65,S3,26.34,13.67,1.42,S3,9.115,0,S3,site_s3,S3,S3,S3
1786342089.236,c1,search,,0.0,31.1,20.71,5.94,S3,0,,0,4474.0,obs,903,31.1,20.71,10.98,S3,31.1,20.71,10.98,S3,31.1,20.71,5.94,S3,9.115,0,S3,site_s3,S3,S3,S3
1786342089.236,c1,recommend,,0.0,26.76,14.03,1.91,S3,0,,0,200.0,obs,1203,26.76,14.03,4.0,S3,26.76,14.03,4.0,S3,26.76,14.03,1.91,S3,9.115,0,S3,site_s3,S3,S3,S3
1786342089.236,c2,reserve,,0.0,26.34,13.67,1.42,S3,0,,0,36.0,obs,606,26.34,13.67,3.65,S3,26.34,13.67,3.65,S3,26.34,13.67,1.42,S3,9.115,0,S3,site_s3,S3,S3,S3
1786342089.236,c2,search,,0.0,31.1,20.71,5.94,S3,0,,0,4474.0,obs,903,31.1,20.71,10.98,S3,31.1,20.71,10.98,S3,31.1,20.71,5.94,S3,9.115,0,S3,site_s3,S3,S3,S3
1786342089.236,c2,recommend,,0.0,26.76,14.03,1.91,S3,0,,0,200.0,obs,1203,26.76,14.03,4.0,S3,26.76,14.03,4.0,S3,26.76,14.03,1.91,S3,9.115,0,S3,site_s3,S3,S3,S3
1786342090.235,c1,reserve,,0.0,26.34,13.67,1.42,S3,0,,0,36.0,obs,600,26.34,13.67,3.65,S3,26.34,13.67,3.65,S3,26.34,13.67,1.42,S3,9.036,0,S3,site_s3,S3,S3,S3
1786342090.235,c1,search,,0.0,31.1,20.71,6.42,S3,0,,0,4474.0,obs,903,31.1,20.71,10.98,S3,31.1,20.71,10.98,S3,31.1,20.71,6.42,S3,9.036,0,S3,site_s3,S3,S3,S3
1786342090.235,c1,recommend,,0.0,26.76,14.03,2.17,S3,0,,0,200.0,obs,1209,26.76,14.03,4.0,S3,26.76,14.03,4.0,S3,26.76,14.03,2.17,S3,9.036,0,S3,site_s3,S3,S3,S3
1786342090.235,c2,reserve,,0.0,26.34,13.67,1.42,S3,0,,0,36.0,obs,600,26.34,13.67,3.65,S3,26.34,13.67,3.65,S3,26.34,13.67,1.42,S3,9.036,0,S3,site_s3,S3,S3,S3
1786342090.235,c2,search,,0.0,31.1,20.71,6.42,S3,0,,0,4474.0,obs,903,31.1,20.71,10.98,S3,31.1,20.71,10.98,S3,31.1,20.71,6.42,S3,9.036,0,S3,site_s3,S3,S3,S3
1786342090.235,c2,recommend,,0.0,26.76,14.03,2.17,S3,0,,0,200.0,obs,1209,26.76,14.03,4.0,S3,26.76,14.03,4.0,S3,26.76,14.03,2.17,S3,9.036,0,S3,site_s3,S3,S3,S3
1786342091.235,c1,reserve,,0.0,26.34,13.67,1.35,S3,0,,0,36.0,obs,606,26.34,13.67,3.65,S3,26.34,13.67,3.65,S3,26.34,13.67,1.35,S3,8.962,0,S3,site_s3,S3,S3,S3
1786342091.235,c1,search,,0.0,31.1,20.71,6.48,S3,0,,0,4474.0,obs,900,31.1,20.71,10.98,S3,31.1,20.71,10.98,S3,31.1,20.71,6.48,S3,8.962,0,S3,site_s3,S3,S3,S3
1786342091.235,c1,recommend,,0.0,26.76,14.03,2.33,S3,0,,0,200.0,obs,1205,26.76,14.03,4.0,S3,26.76,14.03,4.0,S3,26.76,14.03,2.33,S3,8.962,0,S3,site_s3,S3,S3,S3
1786342091.235,c2,reserve,,0.0,26.34,13.67,1.35,S3,0,,0,36.0,obs,606,26.34,13.67,3.65,S3,26.34,13.67,3.65,S3,26.34,13.67,1.35,S3,8.962,0,S3,site_s3,S3,S3,S3
1786342091.235,c2,search,,0.0,31.1,20.71,6.48,S3,0,,0,4474.0,obs,900,31.1,20.71,10.98,S3,31.1,20.71,10.98,S3,31.1,20.71,6.48,S3,8.962,0,S3,site_s3,S3,S3,S3
1786342091.235,c2,recommend,,0.0,26.76,14.03,2.33,S3,0,,0,200.0,obs,1205,26.76,14.03,4.0,S3,26.76,14.03,4.0,S3,26.76,14.03,2.33,S3,8.962,0,S3,site_s3,S3,S3,S3
1786342092.235,c1,reserve,,0.0,26.34,13.67,1.46,S3,0,,0,36.0,obs,603,26.34,13.67,3.65,S3,26.34,13.67,3.65,S3,26.34,13.67,1.46,S3,9.079,0,S3,site_s3,S3,S3,S3
1786342092.235,c1,search,,0.0,31.1,20.71,6.64,S3,0,,0,4474.0,obs,907,31.1,20.71,10.98,S3,31.1,20.71,10.98,S3,31.1,20.71,6.64,S3,9.079,0,S3,site_s3,S3,S3,S3
1786342092.235,c1,recommend,,0.0,26.76,14.03,2.33,S3,0,,0,200.0,obs,1208,26.76,14.03,4.0,S3,26.76,14.03,4.0,S3,26.76,14.03,2.33,S3,9.079,0,S3,site_s3,S3,S3,S3
1786342092.235,c2,reserve,,0.0,26.34,13.67,1.46,S3,0,,0,36.0,obs,603,26.34,13.67,3.65,S3,26.34,13.67,3.65,S3,26.34,13.67,1.46,S3,9.079,0,S3,site_s3,S3,S3,S3
1786342092.235,c2,search,,0.0,31.1,20.71,6.64,S3,0,,0,4474.0,obs,907,31.1,20.71,10.98,S3,31.1,20.71,10.98,S3,31.1,20.71,6.64,S3,9.079,0,S3,site_s3,S3,S3,S3
1786342092.235,c2,recommend,,0.0,26.76,14.03,2.33,S3,0,,0,200.0,obs,1208,26.76,14.03,4.0,S3,26.76,14.03,4.0,S3,26.76,14.03,2.33,S3,9.079,0,S3,site_s3,S3,S3,S3
1786342093.235,c1,reserve,,0.0,26.34,13.67,1.53,S3,0,,0,36.0,obs,603,26.34,13.67,3.65,S3,26.34,13.67,3.65,S3,26.34,13.67,1.53,S3,8.98,0,S3,site_s3,S3,S3,S3
1786342093.235,c1,search,,0.0,31.1,20.71,6.55,S3,0,,0,4474.0,obs,903,31.1,20.71,10.98,S3,31.1,20.71,10.98,S3,31.1,20.71,6.55,S3,8.98,0,S3,site_s3,S3,S3,S3
1786342093.235,c1,recommend,,0.0,26.76,14.03,2.36,S3,0,,0,200.0,obs,1210,26.76,14.03,4.0,S3,26.76,14.03,4.0,S3,26.76,14.03,2.36,S3,8.98,0,S3,site_s3,S3,S3,S3
1786342093.235,c2,reserve,,0.0,26.34,13.67,1.53,S3,0,,0,36.0,obs,603,26.34,13.67,3.65,S3,26.34,13.67,3.65,S3,26.34,13.67,1.53,S3,8.98,0,S3,site_s3,S3,S3,S3
1786342093.235,c2,search,,0.0,31.1,20.71,6.55,S3,0,,0,4474.0,obs,903,31.1,20.71,10.98,S3,31.1,20.71,10.98,S3,31.1,20.71,6.55,S3,8.98,0,S3,site_s3,S3,S3,S3
1786342093.235,c2,recommend,,0.0,26.76,14.03,2.36,S3,0,,0,200.0,obs,1210,26.76,14.03,4.0,S3,26.76,14.03,4.0,S3,26.76,14.03,2.36,S3,8.98,0,S3,site_s3,S3,S3,S3
1786342094.235,c1,reserve,,0.0,26.34,13.67,0.9,S3,0,,0,36.0,obs,604,26.34,13.67,3.65,S3,26.34,13.67,3.65,S3,26.34,13.67,0.9,S3,9.028,0,S3,site_s3,S3,S3,S3
1786342094.235,c1,search,,0.0,31.1,20.71,3.94,S3,0,,0,4474.0,obs,907,31.1,20.71,10.98,S3,31.1,20.71,10.98,S3,31.1,20.71,3.94,S3,9.028,0,S3,site_s3,S3,S3,S3
1786342094.235,c1,recommend,,0.0,26.76,14.03,1.71,S3,0,,0,200.0,obs,1209,26.76,14.03,4.0,S3,26.76,14.03,4.0,S3,26.76,14.03,1.71,S3,9.028,0,S3,site_s3,S3,S3,S3
1786342094.235,c2,reserve,,0.0,26.34,13.67,0.9,S3,0,,0,36.0,obs,604,26.34,13.67,3.65,S3,26.34,13.67,3.65,S3,26.34,13.67,0.9,S3,9.028,0,S3,site_s3,S3,S3,S3
1786342094.235,c2,search,,0.0,31.1,20.71,3.94,S3,0,,0,4474.0,obs,907,31.1,20.71,10.98,S3,31.1,20.71,10.98,S3,31.1,20.71,3.94,S3,9.028,0,S3,site_s3,S3,S3,S3
1786342094.235,c2,recommend,,0.0,26.76,14.03,1.71,S3,0,,0,200.0,obs,1209,26.76,14.03,4.0,S3,26.76,14.03,4.0,S3,26.76,14.03,1.71,S3,9.028,0,S3,site_s3,S3,S3,S3
1786342095.236,c1,reserve,,0.0,26.34,13.67,0.62,S3,0,,0,36.0,obs,604,26.34,13.67,3.65,S3,26.34,13.67,3.65,S3,26.34,13.67,0.62,S3,9.725,0,S3,site_s3,S3,S3,S3
1786342095.236,c1,search,,0.0,31.1,20.71,4.15,S3,0,,0,4474.0,obs,906,31.1,20.71,10.98,S3,31.1,20.71,10.98,S3,31.1,20.71,4.15,S3,9.725,0,S3,site_s3,S3,S3,S3
1786342095.236,c1,recommend,,0.0,26.76,14.03,1.93,S3,0,,0,200.0,obs,1211,26.76,14.03,4.0,S3,26.76,14.03,4.0,S3,26.76,14.03,1.93,S3,9.725,0,S3,site_s3,S3,S3,S3
1786342095.236,c2,reserve,,0.0,26.34,13.67,0.62,S3,0,,0,36.0,obs,604,26.34,13.67,3.65,S3,26.34,13.67,3.65,S3,26.34,13.67,0.62,S3,9.725,0,S3,site_s3,S3,S3,S3
1786342095.236,c2,search,,0.0,31.1,20.71,4.15,S3,0,,0,4474.0,obs,906,31.1,20.71,10.98,S3,31.1,20.71,10.98,S3,31.1,20.71,4.15,S3,9.725,0,S3,site_s3,S3,S3,S3
1786342095.236,c2,recommend,,0.0,26.76,14.03,1.93,S3,0,,0,200.0,obs,1211,26.76,14.03,4.0,S3,26.76,14.03,4.0,S3,26.76,14.03,1.93,S3,9.725,0,S3,site_s3,S3,S3,S3
1786342096.236,c1,reserve,,0.0,26.34,13.67,1.79,S3,0,,0,36.0,obs,608,26.34,13.67,3.65,S3,26.34,13.67,3.65,S3,26.34,13.67,1.79,S3,9.753,0,S3,site_s3,S3,S3,S3
1786342096.236,c1,search,,0.0,31.1,20.71,6.63,S3,0,,0,4474.0,obs,908,31.1,20.71,10.98,S3,31.1,20.71,10.98,S3,31.1,20.71,6.63,S3,9.753,0,S3,site_s3,S3,S3,S3
1786342096.236,c1,recommend,,0.0,26.76,14.03,2.27,S3,0,,0,200.0,obs,1207,26.76,14.03,4.0,S3,26.76,14.03,4.0,S3,26.76,14.03,2.27,S3,9.753,0,S3,site_s3,S3,S3,S3
1786342096.236,c2,reserve,,0.0,26.34,13.67,1.79,S3,0,,0,36.0,obs,608,26.34,13.67,3.65,S3,26.34,13.67,3.65,S3,26.34,13.67,1.79,S3,9.753,0,S3,site_s3,S3,S3,S3
1786342096.236,c2,search,,0.0,31.1,20.71,6.63,S3,0,,0,4474.0,obs,908,31.1,20.71,10.98,S3,31.1,20.71,10.98,S3,31.1,20.71,6.63,S3,9.753,0,S3,site_s3,S3,S3,S3
1786342096.236,c2,recommend,,0.0,26.76,14.03,2.27,S3,0,,0,200.0,obs,1207,26.76,14.03,4.0,S3,26.76,14.03,4.0,S3,26.76,14.03,2.27,S3,9.753,0,S3,site_s3,S3,S3,S3
1786342097.235,c1,reserve,,0.0,26.34,13.67,1.51,S3,0,,0,36.0,obs,602,26.34,13.67,3.65,S3,26.34,13.67,3.65,S3,26.34,13.67,1.51,S3,8.957,0,S3,site_s3,S3,S3,S3
1786342097.235,c1,search,,0.0,31.1,20.71,5.87,S3,0,,0,4474.0,obs,906,31.1,20.71,10.98,S3,31.1,20.71,10.98,S3,31.1,20.71,5.87,S3,8.957,0,S3,site_s3,S3,S3,S3
1786342097.235,c1,recommend,,0.0,26.76,14.03,1.98,S3,0,,0,200.0,obs,1213,26.76,14.03,4.0,S3,26.76,14.03,4.0,S3,26.76,14.03,1.98,S3,8.957,0,S3,site_s3,S3,S3,S3
1786342097.235,c2,reserve,,0.0,26.34,13.67,1.51,S3,0,,0,36.0,obs,602,26.34,13.67,3.65,S3,26.34,13.67,3.65,S3,26.34,13.67,1.51,S3,8.957,0,S3,site_s3,S3,S3,S3
1786342097.235,c2,search,,0.0,31.1,20.71,5.87,S3,0,,0,4474.0,obs,906,31.1,20.71,10.98,S3,31.1,20.71,10.98,S3,31.1,20.71,5.87,S3,8.957,0,S3,site_s3,S3,S3,S3
1786342097.235,c2,recommend,,0.0,26.76,14.03,1.98,S3,0,,0,200.0,obs,1213,26.76,14.03,4.0,S3,26.76,14.03,4.0,S3,26.76,14.03,1.98,S3,8.957,0,S3,site_s3,S3,S3,S3
1786342098.236,c1,reserve,,0.0,26.34,13.67,1.6,S3,0,,0,36.0,obs,608,26.34,13.67,3.65,S3,26.34,13.67,3.65,S3,26.34,13.67,1.6,S3,9.767,0,S3,site_s3,S3,S3,S3
1786342098.236,c1,search,,0.0,31.1,20.71,5.96,S3,0,,0,4474.0,obs,905,31.1,20.71,10.98,S3,31.1,20.71,10.98,S3,31.1,20.71,5.96,S3,9.767,0,S3,site_s3,S3,S3,S3
1786342098.236,c1,recommend,,0.0,26.76,14.03,1.95,S3,0,,0,200.0,obs,1211,26.76,14.03,4.0,S3,26.76,14.03,4.0,S3,26.76,14.03,1.95,S3,9.767,0,S3,site_s3,S3,S3,S3
1786342098.236,c2,reserve,,0.0,26.34,13.67,1.6,S3,0,,0,36.0,obs,608,26.34,13.67,3.65,S3,26.34,13.67,3.65,S3,26.34,13.67,1.6,S3,9.767,0,S3,site_s3,S3,S3,S3
1786342098.236,c2,search,,0.0,31.1,20.71,5.96,S3,0,,0,4474.0,obs,905,31.1,20.71,10.98,S3,31.1,20.71,10.98,S3,31.1,20.71,5.96,S3,9.767,0,S3,site_s3,S3,S3,S3
1786342098.236,c2,recommend,,0.0,26.76,14.03,1.95,S3,0,,0,200.0,obs,1211,26.76,14.03,4.0,S3,26.76,14.03,4.0,S3,26.76,14.03,1.95,S3,9.767,0,S3,site_s3,S3,S3,S3
1786342099.236,c1,reserve,,0.0,26.34,13.67,1.88,S3,0,,0,36.0,obs,602,26.34,13.67,3.65,S3,26.34,13.67,3.65,S3,26.34,13.67,1.88,S3,9.669,0,S3,site_s3,S3,S3,S3
1786342099.236,c1,search,,0.0,31.1,20.71,6.73,S3,0,,0,4474.0,obs,910,31.1,20.71,10.98,S3,31.1,20.71,10.98,S3,31.1,20.71,6.73,S3,9.669,0,S3,site_s3,S3,S3,S3
1786342099.236,c1,recommend,,0.0,26.76,14.03,2.34,S3,0,,0,200.0,obs,1214,26.76,14.03,4.0,S3,26.76,14.03,4.0,S3,26.76,14.03,2.34,S3,9.669,0,S3,site_s3,S3,S3,S3
1786342099.236,c2,reserve,,0.0,26.34,13.67,1.88,S3,0,,0,36.0,obs,602,26.34,13.67,3.65,S3,26.34,13.67,3.65,S3,26.34,13.67,1.88,S3,9.669,0,S3,site_s3,S3,S3,S3
1786342099.236,c2,search,,0.0,31.1,20.71,6.73,S3,0,,0,4474.0,obs,910,31.1,20.71,10.98,S3,31.1,20.71,10.98,S3,31.1,20.71,6.73,S3,9.669,0,S3,site_s3,S3,S3,S3
1786342099.236,c2,recommend,,0.0,26.76,14.03,2.34,S3,0,,0,200.0,obs,1214,26.76,14.03,4.0,S3,26.76,14.03,4.0,S3,26.76,14.03,2.34,S3,9.669,0,S3,site_s3,S3,S3,S3
1786342100.236,c1,reserve,,0.0,26.34,13.67,1.86,S3,0,,0,36.0,obs,605,26.34,13.67,3.65,S3,26.34,13.67,3.65,S3,26.34,13.67,1.86,S3,9.65,0,S3,site_s3,S3,S3,S3
1786342100.236,c1,search,,0.0,31.1,20.71,6.8,S3,0,,0,4474.0,obs,909,31.1,20.71,10.98,S3,31.1,20.71,10.98,S3,31.1,20.71,6.8,S3,9.65,0,S3,site_s3,S3,S3,S3
1786342100.236,c1,recommend,,0.0,26.76,14.03,2.23,S3,0,,0,200.0,obs,1215,26.76,14.03,4.0,S3,26.76,14.03,4.0,S3,26.76,14.03,2.23,S3,9.65,0,S3,site_s3,S3,S3,S3
1786342100.236,c2,reserve,,0.0,26.34,13.67,1.86,S3,0,,0,36.0,obs,605,26.34,13.67,3.65,S3,26.34,13.67,3.65,S3,26.34,13.67,1.86,S3,9.65,0,S3,site_s3,S3,S3,S3
1786342100.236,c2,search,,0.0,31.1,20.71,6.8,S3,0,,0,4474.0,obs,909,31.1,20.71,10.98,S3,31.1,20.71,10.98,S3,31.1,20.71,6.8,S3,9.65,0,S3,site_s3,S3,S3,S3
1786342100.236,c2,recommend,,0.0,26.76,14.03,2.23,S3,0,,0,200.0,obs,1215,26.76,14.03,4.0,S3,26.76,14.03,4.0,S3,26.76,14.03,2.23,S3,9.65,0,S3,site_s3,S3,S3,S3
1786342101.235,c1,reserve,,0.0,26.34,13.67,1.68,S3,0,,0,36.0,obs,606,26.34,13.67,3.65,S3,26.34,13.67,3.65,S3,26.34,13.67,1.68,S3,8.964,0,S3,site_s3,S3,S3,S3
1786342101.235,c1,search,,0.0,31.1,20.71,6.8,S3,0,,0,4474.0,obs,909,31.1,20.71,10.98,S3,31.1,20.71,10.98,S3,31.1,20.71,6.8,S3,8.964,0,S3,site_s3,S3,S3,S3
1786342101.235,c1,recommend,,0.0,26.76,14.03,2.27,S3,0,,0,200.0,obs,1213,26.76,14.03,4.0,S3,26.76,14.03,4.0,S3,26.76,14.03,2.27,S3,8.964,0,S3,site_s3,S3,S3,S3
1786342101.235,c2,reserve,,0.0,26.34,13.67,1.68,S3,0,,0,36.0,obs,606,26.34,13.67,3.65,S3,26.34,13.67,3.65,S3,26.34,13.67,1.68,S3,8.964,0,S3,site_s3,S3,S3,S3
1786342101.235,c2,search,,0.0,31.1,20.71,6.8,S3,0,,0,4474.0,obs,909,31.1,20.71,10.98,S3,31.1,20.71,10.98,S3,31.1,20.71,6.8,S3,8.964,0,S3,site_s3,S3,S3,S3
1786342101.235,c2,recommend,,0.0,26.76,14.03,2.27,S3,0,,0,200.0,obs,1213,26.76,14.03,4.0,S3,26.76,14.03,4.0,S3,26.76,14.03,2.27,S3,8.964,0,S3,site_s3,S3,S3,S3
1786342102.236,c1,reserve,,0.0,26.34,13.67,1.69,S3,0,,0,36.0,obs,606,26.34,13.67,3.65,S3,26.34,13.67,3.65,S3,26.34,13.67,1.69,S3,9.602,0,S3,site_s3,S3,S3,S3
1786342102.236,c1,search,,0.0,31.1,20.71,6.79,S3,0,,0,4474.0,obs,908,31.1,20.71,10.98,S3,31.1,20.71,10.98,S3,31.1,20.71,6.79,S3,9.602,0,S3,site_s3,S3,S3,S3
1786342102.236,c1,recommend,,0.0,26.76,14.03,2.35,S3,0,,0,200.0,obs,1216,26.76,14.03,4.0,S3,26.76,14.03,4.0,S3,26.76,14.03,2.35,S3,9.602,0,S3,site_s3,S3,S3,S3
1786342102.236,c2,reserve,,0.0,26.34,13.67,1.69,S3,0,,0,36.0,obs,606,26.34,13.67,3.65,S3,26.34,13.67,3.65,S3,26.34,13.67,1.69,S3,9.602,0,S3,site_s3,S3,S3,S3
1786342102.236,c2,search,,0.0,31.1,20.71,6.79,S3,0,,0,4474.0,obs,908,31.1,20.71,10.98,S3,31.1,20.71,10.98,S3,31.1,20.71,6.79,S3,9.602,0,S3,site_s3,S3,S3,S3
1786342102.236,c2,recommend,,0.0,26.76,14.03,2.35,S3,0,,0,200.0,obs,1216,26.76,14.03,4.0,S3,26.76,14.03,4.0,S3,26.76,14.03,2.35,S3,9.602,0,S3,site_s3,S3,S3,S3
1786342103.236,c1,reserve,,0.0,26.34,13.67,1.67,S3,0,,0,36.0,obs,608,26.34,13.67,3.65,S3,26.34,13.67,3.65,S3,26.34,13.67,1.67,S3,9.567,0,S3,site_s3,S3,S3,S3
1786342103.236,c1,search,,0.0,31.1,20.71,6.49,S3,0,,0,4474.0,obs,910,31.1,20.71,10.98,S3,31.1,20.71,10.98,S3,31.1,20.71,6.49,S3,9.567,0,S3,site_s3,S3,S3,S3
1786342103.236,c1,recommend,,0.0,26.76,14.03,2.34,S3,0,,0,200.0,obs,1212,26.76,14.03,4.0,S3,26.76,14.03,4.0,S3,26.76,14.03,2.34,S3,9.567,0,S3,site_s3,S3,S3,S3
1786342103.236,c2,reserve,,0.0,26.34,13.67,1.67,S3,0,,0,36.0,obs,608,26.34,13.67,3.65,S3,26.34,13.67,3.65,S3,26.34,13.67,1.67,S3,9.567,0,S3,site_s3,S3,S3,S3
1786342103.236,c2,search,,0.0,31.1,20.71,6.49,S3,0,,0,4474.0,obs,910,31.1,20.71,10.98,S3,31.1,20.71,10.98,S3,31.1,20.71,6.49,S3,9.567,0,S3,site_s3,S3,S3,S3
1786342103.236,c2,recommend,,0.0,26.76,14.03,2.34,S3,0,,0,200.0,obs,1212,26.76,14.03,4.0,S3,26.76,14.03,4.0,S3,26.76,14.03,2.34,S3,9.567,0,S3,site_s3,S3,S3,S3
1786342104.236,c1,reserve,,0.0,26.34,13.67,1.58,S3,0,,0,36.0,obs,604,26.34,13.67,3.65,S3,26.34,13.67,3.65,S3,26.34,13.67,1.58,S3,9.878,0,S3,site_s3,S3,S3,S3
1786342104.236,c1,search,,0.0,31.1,20.71,6.45,S3,0,,0,4474.0,obs,908,31.1,20.71,10.98,S3,31.1,20.71,10.98,S3,31.1,20.71,6.45,S3,9.878,0,S3,site_s3,S3,S3,S3
1786342104.236,c1,recommend,,0.0,26.76,14.03,2.4,S3,0,,0,200.0,obs,1219,26.76,14.03,4.0,S3,26.76,14.03,4.0,S3,26.76,14.03,2.4,S3,9.878,0,S3,site_s3,S3,S3,S3
1786342104.236,c2,reserve,,0.0,26.34,13.67,1.58,S3,0,,0,36.0,obs,604,26.34,13.67,3.65,S3,26.34,13.67,3.65,S3,26.34,13.67,1.58,S3,9.878,0,S3,site_s3,S3,S3,S3
1786342104.236,c2,search,,0.0,31.1,20.71,6.45,S3,0,,0,4474.0,obs,908,31.1,20.71,10.98,S3,31.1,20.71,10.98,S3,31.1,20.71,6.45,S3,9.878,0,S3,site_s3,S3,S3,S3
1786342104.236,c2,recommend,,0.0,26.76,14.03,2.4,S3,0,,0,200.0,obs,1219,26.76,14.03,4.0,S3,26.76,14.03,4.0,S3,26.76,14.03,2.4,S3,9.878,0,S3,site_s3,S3,S3,S3
1786342105.236,c1,reserve,,0.0,26.34,13.67,1.64,S3,0,,0,36.0,obs,611,26.34,13.67,3.65,S3,26.34,13.67,3.65,S3,26.34,13.67,1.64,S3,9.567,0,S3,site_s3,S3,S3,S3
1786342105.236,c1,search,,0.0,31.1,20.71,6.7,S3,0,,0,4474.0,obs,907,31.1,20.71,10.98,S3,31.1,20.71,10.98,S3,31.1,20.71,6.7,S3,9.567,0,S3,site_s3,S3,S3,S3
1786342105.236,c1,recommend,,0.0,26.76,14.03,2.44,S3,0,,0,200.0,obs,1213,26.76,14.03,4.0,S3,26.76,14.03,4.0,S3,26.76,14.03,2.44,S3,9.567,0,S3,site_s3,S3,S3,S3
1786342105.236,c2,reserve,,0.0,26.34,13.67,1.64,S3,0,,0,36.0,obs,611,26.34,13.67,3.65,S3,26.34,13.67,3.65,S3,26.34,13.67,1.64,S3,9.567,0,S3,site_s3,S3,S3,S3
1786342105.236,c2,search,,0.0,31.1,20.71,6.7,S3,0,,0,4474.0,obs,907,31.1,20.71,10.98,S3,31.1,20.71,10.98,S3,31.1,20.71,6.7,S3,9.567,0,S3,site_s3,S3,S3,S3
1786342105.236,c2,recommend,,0.0,26.76,14.03,2.44,S3,0,,0,200.0,obs,1213,26.76,14.03,4.0,S3,26.76,14.03,4.0,S3,26.76,14.03,2.44,S3,9.567,0,S3,site_s3,S3,S3,S3
1786342106.236,c1,reserve,,0.0,26.34,13.67,1.67,S3,0,,0,36.0,obs,604,26.34,13.67,3.65,S3,26.34,13.67,3.65,S3,26.34,13.67,1.67,S3,9.745,0,S3,site_s3,S3,S3,S3
1786342106.236,c1,search,,0.0,31.1,20.71,6.32,S3,0,,0,4474.0,obs,911,31.1,20.71,10.98,S3,31.1,20.71,10.98,S3,31.1,20.71,6.32,S3,9.745,0,S3,site_s3,S3,S3,S3
1786342106.236,c1,recommend,,0.0,26.76,14.03,2.33,S3,0,,0,200.0,obs,1219,26.76,14.03,4.0,S3,26.76,14.03,4.0,S3,26.76,14.03,2.33,S3,9.745,0,S3,site_s3,S3,S3,S3
1786342106.236,c2,reserve,,0.0,26.34,13.67,1.67,S3,0,,0,36.0,obs,604,26.34,13.67,3.65,S3,26.34,13.67,3.65,S3,26.34,13.67,1.67,S3,9.745,0,S3,site_s3,S3,S3,S3
1786342106.236,c2,search,,0.0,31.1,20.71,6.32,S3,0,,0,4474.0,obs,911,31.1,20.71,10.98,S3,31.1,20.71,10.98,S3,31.1,20.71,6.32,S3,9.745,0,S3,site_s3,S3,S3,S3
1786342106.236,c2,recommend,,0.0,26.76,14.03,2.33,S3,0,,0,200.0,obs,1219,26.76,14.03,4.0,S3,26.76,14.03,4.0,S3,26.76,14.03,2.33,S3,9.745,0,S3,site_s3,S3,S3,S3
1786342107.236,c1,reserve,,0.0,26.34,13.67,1.31,S3,0,,0,36.0,obs,609,26.34,13.67,3.65,S3,26.34,13.67,3.65,S3,26.34,13.67,1.31,S3,9.596,0,S3,site_s3,S3,S3,S3
1786342107.236,c1,search,,0.0,31.1,20.71,5.72,S3,0,,0,4474.0,obs,910,31.1,20.71,10.98,S3,31.1,20.71,10.98,S3,31.1,20.71,5.72,S3,9.596,0,S3,site_s3,S3,S3,S3
1786342107.236,c1,recommend,,0.0,26.76,14.03,2.1,S3,0,,0,200.0,obs,1219,26.76,14.03,4.0,S3,26.76,14.03,4.0,S3,26.76,14.03,2.1,S3,9.596,0,S3,site_s3,S3,S3,S3
1786342107.236,c2,reserve,,0.0,26.34,13.67,1.31,S3,0,,0,36.0,obs,609,26.34,13.67,3.65,S3,26.34,13.67,3.65,S3,26.34,13.67,1.31,S3,9.596,0,S3,site_s3,S3,S3,S3
1786342107.236,c2,search,,0.0,31.1,20.71,5.72,S3,0,,0,4474.0,obs,910,31.1,20.71,10.98,S3,31.1,20.71,10.98,S3,31.1,20.71,5.72,S3,9.596,0,S3,site_s3,S3,S3,S3
1786342107.236,c2,recommend,,0.0,26.76,14.03,2.1,S3,0,,0,200.0,obs,1219,26.76,14.03,4.0,S3,26.76,14.03,4.0,S3,26.76,14.03,2.1,S3,9.596,0,S3,site_s3,S3,S3,S3
1786342108.236,c1,reserve,,0.0,26.34,13.67,1.44,S3,0,,0,36.0,obs,609,26.34,13.67,3.65,S3,26.34,13.67,3.65,S3,26.34,13.67,1.44,S3,9.651,0,S3,site_s3,S3,S3,S3
1786342108.236,c1,search,,0.0,31.1,20.71,5.85,S3,0,,0,4474.0,obs,914,31.1,20.71,10.98,S3,31.1,20.71,10.98,S3,31.1,20.71,5.85,S3,9.651,0,S3,site_s3,S3,S3,S3
1786342108.236,c1,recommend,,0.0,26.76,14.03,2.1,S3,0,,0,200.0,obs,1216,26.76,14.03,4.0,S3,26.76,14.03,4.0,S3,26.76,14.03,2.1,S3,9.651,0,S3,site_s3,S3,S3,S3
1786342108.236,c2,reserve,,0.0,26.34,13.67,1.44,S3,0,,0,36.0,obs,609,26.34,13.67,3.65,S3,26.34,13.67,3.65,S3,26.34,13.67,1.44,S3,9.651,0,S3,site_s3,S3,S3,S3
1786342108.236,c2,search,,0.0,31.1,20.71,5.85,S3,0,,0,4474.0,obs,914,31.1,20.71,10.98,S3,31.1,20.71,10.98,S3,31.1,20.71,5.85,S3,9.651,0,S3,site_s3,S3,S3,S3
1786342108.236,c2,recommend,,0.0,26.76,14.03,2.1,S3,0,,0,200.0,obs,1216,26.76,14.03,4.0,S3,26.76,14.03,4.0,S3,26.76,14.03,2.1,S3,9.651,0,S3,site_s3,S3,S3,S3
1786342109.236,c1,reserve,,0.0,26.34,13.67,1.91,S3,0,,0,36.0,obs,609,26.34,13.67,3.65,S3,26.34,13.67,3.65,S3,26.34,13.67,1.91,S3,9.378,0,S3,site_s3,S3,S3,S3
1786342109.236,c1,search,,0.0,31.1,20.71,6.61,S3,0,,0,4474.0,obs,912,31.1,20.71,10.98,S3,31.1,20.71,10.98,S3,31.1,20.71,6.61,S3,9.378,0,S3,site_s3,S3,S3,S3
1786342109.236,c1,recommend,,0.0,26.76,14.03,2.36,S3,0,,0,200.0,obs,1219,26.76,14.03,4.0,S3,26.76,14.03,4.0,S3,26.76,14.03,2.36,S3,9.378,0,S3,site_s3,S3,S3,S3
1786342109.236,c2,reserve,,0.0,26.34,13.67,1.91,S3,0,,0,36.0,obs,609,26.34,13.67,3.65,S3,26.34,13.67,3.65,S3,26.34,13.67,1.91,S3,9.378,0,S3,site_s3,S3,S3,S3
1786342109.236,c2,search,,0.0,31.1,20.71,6.61,S3,0,,0,4474.0,obs,912,31.1,20.71,10.98,S3,31.1,20.71,10.98,S3,31.1,20.71,6.61,S3,9.378,0,S3,site_s3,S3,S3,S3
1786342109.236,c2,recommend,,0.0,26.76,14.03,2.36,S3,0,,0,200.0,obs,1219,26.76,14.03,4.0,S3,26.76,14.03,4.0,S3,26.76,14.03,2.36,S3,9.378,0,S3,site_s3,S3,S3,S3
1786342110.236,c1,reserve,,0.0,26.34,13.67,1.9,S3,0,,0,36.0,obs,611,26.34,13.67,3.65,S3,26.34,13.67,3.65,S3,26.34,13.67,1.9,S3,9.502,0,S3,site_s3,S3,S3,S3
1786342110.236,c1,search,,0.0,31.1,20.71,6.78,S3,0,,0,4474.0,obs,914,31.1,20.71,10.98,S3,31.1,20.71,10.98,S3,31.1,20.71,6.78,S3,9.502,0,S3,site_s3,S3,S3,S3
1786342110.236,c1,recommend,,0.0,26.76,14.03,2.32,S3,0,,0,200.0,obs,1215,26.76,14.03,4.0,S3,26.76,14.03,4.0,S3,26.76,14.03,2.32,S3,9.502,0,S3,site_s3,S3,S3,S3
1786342110.236,c2,reserve,,0.0,26.34,13.67,1.9,S3,0,,0,36.0,obs,611,26.34,13.67,3.65,S3,26.34,13.67,3.65,S3,26.34,13.67,1.9,S3,9.502,0,S3,site_s3,S3,S3,S3
1786342110.236,c2,search,,0.0,31.1,20.71,6.78,S3,0,,0,4474.0,obs,914,31.1,20.71,10.98,S3,31.1,20.71,10.98,S3,31.1,20.71,6.78,S3,9.502,0,S3,site_s3,S3,S3,S3
1786342110.236,c2,recommend,,0.0,26.76,14.03,2.32,S3,0,,0,200.0,obs,1215,26.76,14.03,4.0,S3,26.76,14.03,4.0,S3,26.76,14.03,2.32,S3,9.502,0,S3,site_s3,S3,S3,S3
1786342111.236,c1,reserve,,0.0,26.34,13.67,1.75,S3,0,,0,36.0,obs,607,26.34,13.67,3.65,S3,26.34,13.67,3.65,S3,26.34,13.67,1.75,S3,9.762,0,S3,site_s3,S3,S3,S3
1786342111.236,c1,search,,0.0,31.1,20.71,6.81,S3,0,,0,4474.0,obs,913,31.1,20.71,10.98,S3,31.1,20.71,10.98,S3,31.1,20.71,6.81,S3,9.762,0,S3,site_s3,S3,S3,S3
1786342111.236,c1,recommend,,0.0,26.76,14.03,2.37,S3,0,,0,200.0,obs,1222,26.76,14.03,4.0,S3,26.76,14.03,4.0,S3,26.76,14.03,2.37,S3,9.762,0,S3,site_s3,S3,S3,S3
1786342111.236,c2,reserve,,0.0,26.34,13.67,1.75,S3,0,,0,36.0,obs,607,26.34,13.67,3.65,S3,26.34,13.67,3.65,S3,26.34,13.67,1.75,S3,9.762,0,S3,site_s3,S3,S3,S3
1786342111.236,c2,search,,0.0,31.1,20.71,6.81,S3,0,,0,4474.0,obs,913,31.1,20.71,10.98,S3,31.1,20.71,10.98,S3,31.1,20.71,6.81,S3,9.762,0,S3,site_s3,S3,S3,S3
1786342111.236,c2,recommend,,0.0,26.76,14.03,2.37,S3,0,,0,200.0,obs,1222,26.76,14.03,4.0,S3,26.76,14.03,4.0,S3,26.76,14.03,2.37,S3,9.762,0,S3,site_s3,S3,S3,S3
1786342112.236,c1,reserve,,0.0,26.34,13.67,1.81,S3,0,,0,36.0,obs,614,26.34,13.67,3.65,S3,26.34,13.67,3.65,S3,26.34,13.67,1.81,S3,9.606,0,S3,site_s3,S3,S3,S3
1786342112.236,c1,search,,0.0,31.1,20.71,6.93,S3,0,,0,4474.0,obs,912,31.1,20.71,10.98,S3,31.1,20.71,10.98,S3,31.1,20.71,6.93,S3,9.606,0,S3,site_s3,S3,S3,S3
1786342112.236,c1,recommend,,0.0,26.76,14.03,2.48,S3,0,,0,200.0,obs,1216,26.76,14.03,4.0,S3,26.76,14.03,4.0,S3,26.76,14.03,2.48,S3,9.606,0,S3,site_s3,S3,S3,S3
1786342112.236,c2,reserve,,0.0,26.34,13.67,1.81,S3,0,,0,36.0,obs,614,26.34,13.67,3.65,S3,26.34,13.67,3.65,S3,26.34,13.67,1.81,S3,9.606,0,S3,site_s3,S3,S3,S3
1786342112.236,c2,search,,0.0,31.1,20.71,6.93,S3,0,,0,4474.0,obs,912,31.1,20.71,10.98,S3,31.1,20.71,10.98,S3,31.1,20.71,6.93,S3,9.606,0,S3,site_s3,S3,S3,S3
1786342112.236,c2,recommend,,0.0,26.76,14.03,2.48,S3,0,,0,200.0,obs,1216,26.76,14.03,4.0,S3,26.76,14.03,4.0,S3,26.76,14.03,2.48,S3,9.606,0,S3,site_s3,S3,S3,S3
1786342113.236,c1,reserve,,0.0,26.34,13.67,1.97,S3,0,,0,36.0,obs,609,26.34,13.67,3.65,S3,26.34,13.67,3.65,S3,26.34,13.67,1.97,S3,9.622,0,S3,site_s3,S3,S3,S3
1786342113.236,c1,search,,0.0,31.1,20.71,7.02,S3,0,,0,4474.0,obs,916,31.1,20.71,10.98,S3,31.1,20.71,10.98,S3,31.1,20.71,7.02,S3,9.622,0,S3,site_s3,S3,S3,S3
1786342113.236,c1,recommend,,0.0,26.76,14.03,2.48,S3,0,,0,200.0,obs,1220,26.76,14.03,4.0,S3,26.76,14.03,4.0,S3,26.76,14.03,2.48,S3,9.622,0,S3,site_s3,S3,S3,S3
1786342113.236,c2,reserve,,0.0,26.34,13.67,1.97,S3,0,,0,36.0,obs,609,26.34,13.67,3.65,S3,26.34,13.67,3.65,S3,26.34,13.67,1.97,S3,9.622,0,S3,site_s3,S3,S3,S3
1786342113.236,c2,search,,0.0,31.1,20.71,7.02,S3,0,,0,4474.0,obs,916,31.1,20.71,10.98,S3,31.1,20.71,10.98,S3,31.1,20.71,7.02,S3,9.622,0,S3,site_s3,S3,S3,S3
1786342113.236,c2,recommend,,0.0,26.76,14.03,2.48,S3,0,,0,200.0,obs,1220,26.76,14.03,4.0,S3,26.76,14.03,4.0,S3,26.76,14.03,2.48,S3,9.622,0,S3,site_s3,S3,S3,S3
1786342114.236,c1,reserve,,0.0,26.34,13.67,1.9,S3,0,,0,36.0,obs,613,26.34,13.67,3.65,S3,26.34,13.67,3.65,S3,26.34,13.67,1.9,S3,9.667,0,S3,site_s3,S3,S3,S3
1786342114.236,c1,search,,0.0,31.1,20.71,7.12,S3,0,,0,4474.0,obs,912,31.1,20.71,10.98,S3,31.1,20.71,10.98,S3,31.1,20.71,7.12,S3,9.667,0,S3,site_s3,S3,S3,S3
1786342114.236,c1,recommend,,0.0,26.76,14.03,2.47,S3,0,,0,200.0,obs,1221,26.76,14.03,4.0,S3,26.76,14.03,4.0,S3,26.76,14.03,2.47,S3,9.667,0,S3,site_s3,S3,S3,S3
1786342114.236,c2,reserve,,0.0,26.34,13.67,1.9,S3,0,,0,36.0,obs,613,26.34,13.67,3.65,S3,26.34,13.67,3.65,S3,26.34,13.67,1.9,S3,9.667,0,S3,site_s3,S3,S3,S3
1786342114.236,c2,search,,0.0,31.1,20.71,7.12,S3,0,,0,4474.0,obs,912,31.1,20.71,10.98,S3,31.1,20.71,10.98,S3,31.1,20.71,7.12,S3,9.667,0,S3,site_s3,S3,S3,S3
1786342114.236,c2,recommend,,0.0,26.76,14.03,2.47,S3,0,,0,200.0,obs,1221,26.76,14.03,4.0,S3,26.76,14.03,4.0,S3,26.76,14.03,2.47,S3,9.667,0,S3,site_s3,S3,S3,S3
1786342115.235,c1,reserve,,0.0,26.34,13.67,1.41,S3,0,,0,36.0,obs,611,26.34,13.67,3.65,S3,26.34,13.67,3.65,S3,26.34,13.67,1.41,S3,8.975,0,S3,site_s3,S3,S3,S3
1786342115.235,c1,search,,0.0,31.1,20.71,6.53,S3,0,,0,4474.0,obs,918,31.1,20.71,10.98,S3,31.1,20.71,10.98,S3,31.1,20.71,6.53,S3,8.975,0,S3,site_s3,S3,S3,S3
1786342115.235,c1,recommend,,0.0,26.76,14.03,2.18,S3,0,,0,200.0,obs,1220,26.76,14.03,4.0,S3,26.76,14.03,4.0,S3,26.76,14.03,2.18,S3,8.975,0,S3,site_s3,S3,S3,S3
1786342115.235,c2,reserve,,0.0,26.34,13.67,1.41,S3,0,,0,36.0,obs,611,26.34,13.67,3.65,S3,26.34,13.67,3.65,S3,26.34,13.67,1.41,S3,8.975,0,S3,site_s3,S3,S3,S3
1786342115.235,c2,search,,0.0,31.1,20.71,6.53,S3,0,,0,4474.0,obs,918,31.1,20.71,10.98,S3,31.1,20.71,10.98,S3,31.1,20.71,6.53,S3,8.975,0,S3,site_s3,S3,S3,S3
1786342115.235,c2,recommend,,0.0,26.76,14.03,2.18,S3,0,,0,200.0,obs,1220,26.76,14.03,4.0,S3,26.76,14.03,4.0,S3,26.76,14.03,2.18,S3,8.975,0,S3,site_s3,S3,S3,S3
1786342116.236,c1,reserve,,0.0,26.34,13.67,1.41,S3,0,,0,36.0,obs,610,26.34,13.67,3.65,S3,26.34,13.67,3.65,S3,26.34,13.67,1.41,S3,9.846,0,S3,site_s3,S3,S3,S3
1786342116.236,c1,search,,0.0,31.1,20.71,6.53,S3,0,,0,4474.0,obs,915,31.1,20.71,10.98,S3,31.1,20.71,10.98,S3,31.1,20.71,6.53,S3,9.846,0,S3,site_s3,S3,S3,S3
1786342116.236,c1,recommend,,0.0,26.76,14.03,2.18,S3,0,,0,200.0,obs,1225,26.76,14.03,4.0,S3,26.76,14.03,4.0,S3,26.76,14.03,2.18,S3,9.846,0,S3,site_s3,S3,S3,S3
1786342116.236,c2,reserve,,0.0,26.34,13.67,1.41,S3,0,,0,36.0,obs,610,26.34,13.67,3.65,S3,26.34,13.67,3.65,S3,26.34,13.67,1.41,S3,9.846,0,S3,site_s3,S3,S3,S3
1786342116.236,c2,search,,0.0,31.1,20.71,6.53,S3,0,,0,4474.0,obs,915,31.1,20.71,10.98,S3,31.1,20.71,10.98,S3,31.1,20.71,6.53,S3,9.846,0,S3,site_s3,S3,S3,S3
1786342116.236,c2,recommend,,0.0,26.76,14.03,2.18,S3,0,,0,200.0,obs,1225,26.76,14.03,4.0,S3,26.76,14.03,4.0,S3,26.76,14.03,2.18,S3,9.846,0,S3,site_s3,S3,S3,S3
1786342117.235,c1,reserve,,0.0,26.34,13.67,0.57,S3,0,,0,36.0,obs,612,26.34,13.67,3.65,S3,26.34,13.67,3.65,S3,26.34,13.67,0.57,S3,8.941,0,S3,site_s3,S3,S3,S3
1786342117.235,c1,search,,0.0,31.1,20.71,3.22,S3,0,,0,4474.0,obs,917,31.1,20.71,10.98,S3,31.1,20.71,10.98,S3,31.1,20.71,3.22,S3,8.941,0,S3,site_s3,S3,S3,S3
1786342117.235,c1,recommend,,0.0,26.76,14.03,1.56,S3,0,,0,200.0,obs,1220,26.76,14.03,4.0,S3,26.76,14.03,4.0,S3,26.76,14.03,1.56,S3,8.941,0,S3,site_s3,S3,S3,S3
1786342117.235,c2,reserve,,0.0,26.34,13.67,0.57,S3,0,,0,36.0,obs,612,26.34,13.67,3.65,S3,26.34,13.67,3.65,S3,26.34,13.67,0.57,S3,8.941,0,S3,site_s3,S3,S3,S3
1786342117.235,c2,search,,0.0,31.1,20.71,3.22,S3,0,,0,4474.0,obs,917,31.1,20.71,10.98,S3,31.1,20.71,10.98,S3,31.1,20.71,3.22,S3,8.941,0,S3,site_s3,S3,S3,S3
1786342117.235,c2,recommend,,0.0,26.76,14.03,1.56,S3,0,,0,200.0,obs,1220,26.76,14.03,4.0,S3,26.76,14.03,4.0,S3,26.76,14.03,1.56,S3,8.941,0,S3,site_s3,S3,S3,S3
1786342118.236,c1,reserve,,0.0,26.34,13.67,0.64,S3,0,,0,36.0,obs,609,26.34,13.67,3.65,S3,26.34,13.67,3.65,S3,26.34,13.67,0.64,S3,9.722,0,S3,site_s3,S3,S3,S3
1786342118.236,c1,search,,0.0,31.1,20.71,2.52,S3,0,,0,4474.0,obs,917,31.1,20.71,10.98,S3,31.1,20.71,10.98,S3,31.1,20.71,2.52,S3,9.722,0,S3,site_s3,S3,S3,S3
1786342118.236,c1,recommend,,0.0,26.76,14.03,1.42,S3,0,,0,200.0,obs,1228,26.76,14.03,4.0,S3,26.76,14.03,4.0,S3,26.76,14.03,1.42,S3,9.722,0,S3,site_s3,S3,S3,S3
1786342118.236,c2,reserve,,0.0,26.34,13.67,0.64,S3,0,,0,36.0,obs,609,26.34,13.67,3.65,S3,26.34,13.67,3.65,S3,26.34,13.67,0.64,S3,9.722,0,S3,site_s3,S3,S3,S3
1786342118.236,c2,search,,0.0,31.1,20.71,2.52,S3,0,,0,4474.0,obs,917,31.1,20.71,10.98,S3,31.1,20.71,10.98,S3,31.1,20.71,2.52,S3,9.722,0,S3,site_s3,S3,S3,S3
1786342118.236,c2,recommend,,0.0,26.76,14.03,1.42,S3,0,,0,200.0,obs,1228,26.76,14.03,4.0,S3,26.76,14.03,4.0,S3,26.76,14.03,1.42,S3,9.722,0,S3,site_s3,S3,S3,S3
1786342119.235,c1,reserve,,0.0,26.34,13.67,1.69,S3,0,,0,36.0,obs,616,26.34,13.67,3.65,S3,26.34,13.67,3.65,S3,26.34,13.67,1.69,S3,8.991,0,S3,site_s3,S3,S3,S3
1786342119.235,c1,search,,0.0,31.1,20.71,6.46,S3,0,,0,4474.0,obs,918,31.1,20.71,10.98,S3,31.1,20.71,10.98,S3,31.1,20.71,6.46,S3,8.991,0,S3,site_s3,S3,S3,S3
1786342119.235,c1,recommend,,0.0,26.76,14.03,2.25,S3,0,,0,200.0,obs,1222,26.76,14.03,4.0,S3,26.76,14.03,4.0,S3,26.76,14.03,2.25,S3,8.991,0,S3,site_s3,S3,S3,S3
1786342119.235,c2,reserve,,0.0,26.34,13.67,1.69,S3,0,,0,36.0,obs,616,26.34,13.67,3.65,S3,26.34,13.67,3.65,S3,26.34,13.67,1.69,S3,8.991,0,S3,site_s3,S3,S3,S3
1786342119.235,c2,search,,0.0,31.1,20.71,6.46,S3,0,,0,4474.0,obs,918,31.1,20.71,10.98,S3,31.1,20.71,10.98,S3,31.1,20.71,6.46,S3,8.991,0,S3,site_s3,S3,S3,S3
1786342119.235,c2,recommend,,0.0,26.76,14.03,2.25,S3,0,,0,200.0,obs,1222,26.76,14.03,4.0,S3,26.76,14.03,4.0,S3,26.76,14.03,2.25,S3,8.991,0,S3,site_s3,S3,S3,S3
1786342120.235,c1,reserve,,0.0,26.34,13.67,1.57,S3,0,,0,36.0,obs,610,26.34,13.67,3.65,S3,26.34,13.67,3.65,S3,26.34,13.67,1.57,S3,8.952,0,S3,site_s3,S3,S3,S3
1786342120.235,c1,search,,0.0,31.1,20.71,6.57,S3,0,,0,4474.0,obs,919,31.1,20.71,10.98,S3,31.1,20.71,10.98,S3,31.1,20.71,6.57,S3,8.952,0,S3,site_s3,S3,S3,S3
1786342120.235,c1,recommend,,0.0,26.76,14.03,2.33,S3,0,,0,200.0,obs,1227,26.76,14.03,4.0,S3,26.76,14.03,4.0,S3,26.76,14.03,2.33,S3,8.952,0,S3,site_s3,S3,S3,S3
1786342120.235,c2,reserve,,0.0,26.34,13.67,1.57,S3,0,,0,36.0,obs,610,26.34,13.67,3.65,S3,26.34,13.67,3.65,S3,26.34,13.67,1.57,S3,8.952,0,S3,site_s3,S3,S3,S3
1786342120.235,c2,search,,0.0,31.1,20.71,6.57,S3,0,,0,4474.0,obs,919,31.1,20.71,10.98,S3,31.1,20.71,10.98,S3,31.1,20.71,6.57,S3,8.952,0,S3,site_s3,S3,S3,S3
1786342120.235,c2,recommend,,0.0,26.76,14.03,2.33,S3,0,,0,200.0,obs,1227,26.76,14.03,4.0,S3,26.76,14.03,4.0,S3,26.76,14.03,2.33,S3,8.952,0,S3,site_s3,S3,S3,S3
1786342121.235,c1,reserve,,0.0,26.34,13.67,1.68,S3,0,,0,36.0,obs,614,26.34,13.67,3.65,S3,26.34,13.67,3.65,S3,26.34,13.67,1.68,S3,8.995,0,S3,site_s3,S3,S3,S3
1786342121.235,c1,search,,0.0,31.1,20.71,6.56,S3,0,,0,4474.0,obs,915,31.1,20.71,10.98,S3,31.1,20.71,10.98,S3,31.1,20.71,6.56,S3,8.995,0,S3,site_s3,S3,S3,S3
1786342121.235,c1,recommend,,0.0,26.76,14.03,2.29,S3,0,,0,200.0,obs,1228,26.76,14.03,4.0,S3,26.76,14.03,4.0,S3,26.76,14.03,2.29,S3,8.995,0,S3,site_s3,S3,S3,S3
1786342121.235,c2,reserve,,0.0,26.34,13.67,1.68,S3,0,,0,36.0,obs,614,26.34,13.67,3.65,S3,26.34,13.67,3.65,S3,26.34,13.67,1.68,S3,8.995,0,S3,site_s3,S3,S3,S3
1786342121.235,c2,search,,0.0,31.1,20.71,6.56,S3,0,,0,4474.0,obs,915,31.1,20.71,10.98,S3,31.1,20.71,10.98,S3,31.1,20.71,6.56,S3,8.995,0,S3,site_s3,S3,S3,S3
1786342121.235,c2,recommend,,0.0,26.76,14.03,2.29,S3,0,,0,200.0,obs,1228,26.76,14.03,4.0,S3,26.76,14.03,4.0,S3,26.76,14.03,2.29,S3,8.995,0,S3,site_s3,S3,S3,S3
1786342122.235,c1,reserve,,0.0,26.34,13.67,1.69,S3,0,,0,36.0,obs,612,26.34,13.67,3.65,S3,26.34,13.67,3.65,S3,26.34,13.67,1.69,S3,8.925,0,S3,site_s3,S3,S3,S3
1786342122.235,c1,search,,0.0,31.1,20.71,6.53,S3,0,,0,4474.0,obs,919,31.1,20.71,10.98,S3,31.1,20.71,10.98,S3,31.1,20.71,6.53,S3,8.925,0,S3,site_s3,S3,S3,S3
1786342122.235,c1,recommend,,0.0,26.76,14.03,2.3,S3,0,,0,200.0,obs,1226,26.76,14.03,4.0,S3,26.76,14.03,4.0,S3,26.76,14.03,2.3,S3,8.925,0,S3,site_s3,S3,S3,S3
1786342122.235,c2,reserve,,0.0,26.34,13.67,1.69,S3,0,,0,36.0,obs,612,26.34,13.67,3.65,S3,26.34,13.67,3.65,S3,26.34,13.67,1.69,S3,8.925,0,S3,site_s3,S3,S3,S3
1786342122.235,c2,search,,0.0,31.1,20.71,6.53,S3,0,,0,4474.0,obs,919,31.1,20.71,10.98,S3,31.1,20.71,10.98,S3,31.1,20.71,6.53,S3,8.925,0,S3,site_s3,S3,S3,S3
1786342122.235,c2,recommend,,0.0,26.76,14.03,2.3,S3,0,,0,200.0,obs,1226,26.76,14.03,4.0,S3,26.76,14.03,4.0,S3,26.76,14.03,2.3,S3,8.925,0,S3,site_s3,S3,S3,S3
1786342123.236,c1,reserve,,0.0,26.34,13.67,1.74,S3,0,,0,36.0,obs,612,26.34,13.67,3.65,S3,26.34,13.67,3.65,S3,26.34,13.67,1.74,S3,9.845,0,S3,site_s3,S3,S3,S3
1786342123.236,c1,search,,0.0,31.1,20.71,6.83,S3,0,,0,4474.0,obs,918,31.1,20.71,10.98,S3,31.1,20.71,10.98,S3,31.1,20.71,6.83,S3,9.845,0,S3,site_s3,S3,S3,S3
1786342123.236,c1,recommend,,0.0,26.76,14.03,2.3,S3,0,,0,200.0,obs,1231,26.76,14.03,4.0,S3,26.76,14.03,4.0,S3,26.76,14.03,2.3,S3,9.845,0,S3,site_s3,S3,S3,S3
1786342123.236,c2,reserve,,0.0,26.34,13.67,1.74,S3,0,,0,36.0,obs,612,26.34,13.67,3.65,S3,26.34,13.67,3.65,S3,26.34,13.67,1.74,S3,9.845,0,S3,site_s3,S3,S3,S3
1786342123.236,c2,search,,0.0,31.1,20.71,6.83,S3,0,,0,4474.0,obs,918,31.1,20.71,10.98,S3,31.1,20.71,10.98,S3,31.1,20.71,6.83,S3,9.845,0,S3,site_s3,S3,S3,S3
1786342123.236,c2,recommend,,0.0,26.76,14.03,2.3,S3,0,,0,200.0,obs,1231,26.76,14.03,4.0,S3,26.76,14.03,4.0,S3,26.76,14.03,2.3,S3,9.845,0,S3,site_s3,S3,S3,S3
1786342124.235,c1,reserve,,0.0,26.34,13.67,1.86,S3,0,,0,36.0,obs,588,26.34,13.67,3.65,S3,26.34,13.67,3.65,S3,26.34,13.67,1.86,S3,8.664,0,S3,site_s3,S3,S3,S3
1786342124.235,c1,search,,0.0,31.1,20.71,6.77,S3,0,,0,4474.0,obs,872,31.1,20.71,10.98,S3,31.1,20.71,10.98,S3,31.1,20.71,6.77,S3,8.664,0,S3,site_s3,S3,S3,S3
1786342124.235,c1,recommend,,0.0,26.76,14.03,2.33,S3,0,,0,200.0,obs,1164,26.76,14.03,4.0,S3,26.76,14.03,4.0,S3,26.76,14.03,2.33,S3,8.664,0,S3,site_s3,S3,S3,S3
1786342124.235,c2,reserve,,0.0,26.34,13.67,1.86,S3,0,,0,36.0,obs,588,26.34,13.67,3.65,S3,26.34,13.67,3.65,S3,26.34,13.67,1.86,S3,8.664,0,S3,site_s3,S3,S3,S3
1786342124.235,c2,search,,0.0,31.1,20.71,6.77,S3,0,,0,4474.0,obs,872,31.1,20.71,10.98,S3,31.1,20.71,10.98,S3,31.1,20.71,6.77,S3,8.664,0,S3,site_s3,S3,S3,S3
1786342124.235,c2,recommend,,0.0,26.76,14.03,2.33,S3,0,,0,200.0,obs,1164,26.76,14.03,4.0,S3,26.76,14.03,4.0,S3,26.76,14.03,2.33,S3,8.664,0,S3,site_s3,S3,S3,S3
1786342125.236,c1,reserve,,0.0,26.34,13.67,1.96,S3,0,,0,36.0,obs,582,26.34,13.67,3.65,S3,26.34,13.67,3.65,S3,26.34,13.67,1.96,S3,9.711,0,S3,site_s3,S3,S3,S3
1786342125.236,c1,search,,0.0,31.1,20.71,6.41,S3,0,,0,4474.0,obs,874,31.1,20.71,10.98,S3,31.1,20.71,10.98,S3,31.1,20.71,6.41,S3,9.711,0,S3,site_s3,S3,S3,S3
1786342125.236,c1,recommend,,0.0,26.76,14.03,2.24,S3,0,,0,200.0,obs,1170,26.76,14.03,4.0,S3,26.76,14.03,4.0,S3,26.76,14.03,2.24,S3,9.711,0,S3,site_s3,S3,S3,S3
1786342125.236,c2,reserve,,0.0,26.34,13.67,1.96,S3,0,,0,36.0,obs,582,26.34,13.67,3.65,S3,26.34,13.67,3.65,S3,26.34,13.67,1.96,S3,9.711,0,S3,site_s3,S3,S3,S3
1786342125.236,c2,search,,0.0,31.1,20.71,6.41,S3,0,,0,4474.0,obs,874,31.1,20.71,10.98,S3,31.1,20.71,10.98,S3,31.1,20.71,6.41,S3,9.711,0,S3,site_s3,S3,S3,S3
1786342125.236,c2,recommend,,0.0,26.76,14.03,2.24,S3,0,,0,200.0,obs,1170,26.76,14.03,4.0,S3,26.76,14.03,4.0,S3,26.76,14.03,2.24,S3,9.711,0,S3,site_s3,S3,S3,S3
1786342126.236,c1,reserve,,0.0,26.34,13.67,1.78,S3,0,,0,36.0,obs,588,26.34,13.67,3.65,S3,26.34,13.67,3.65,S3,26.34,13.67,1.78,S3,9.639,0,S3,site_s3,S3,S3,S3
1786342126.236,c1,search,,0.0,31.1,20.71,6.26,S3,0,,0,4474.0,obs,873,31.1,20.71,10.98,S3,31.1,20.71,10.98,S3,31.1,20.71,6.26,S3,9.639,0,S3,site_s3,S3,S3,S3
1786342126.236,c1,recommend,,0.0,26.76,14.03,2.22,S3,0,,0,200.0,obs,1166,26.76,14.03,4.0,S3,26.76,14.03,4.0,S3,26.76,14.03,2.22,S3,9.639,0,S3,site_s3,S3,S3,S3
1786342126.236,c2,reserve,,0.0,26.34,13.67,1.78,S3,0,,0,36.0,obs,588,26.34,13.67,3.65,S3,26.34,13.67,3.65,S3,26.34,13.67,1.78,S3,9.639,0,S3,site_s3,S3,S3,S3
1786342126.236,c2,search,,0.0,31.1,20.71,6.26,S3,0,,0,4474.0,obs,873,31.1,20.71,10.98,S3,31.1,20.71,10.98,S3,31.1,20.71,6.26,S3,9.639,0,S3,site_s3,S3,S3,S3
1786342126.236,c2,recommend,,0.0,26.76,14.03,2.22,S3,0,,0,200.0,obs,1166,26.76,14.03,4.0,S3,26.76,14.03,4.0,S3,26.76,14.03,2.22,S3,9.639,0,S3,site_s3,S3,S3,S3
1786342127.236,c1,reserve,,0.0,26.34,13.67,1.57,S3,0,,0,36.0,obs,582,26.34,13.67,3.65,S3,26.34,13.67,3.65,S3,26.34,13.67,1.57,S3,9.557,0,S3,site_s3,S3,S3,S3
1786342127.236,c1,search,,0.0,31.1,20.71,5.87,S3,0,,0,4474.0,obs,877,31.1,20.71,10.98,S3,31.1,20.71,10.98,S3,31.1,20.71,5.87,S3,9.557,0,S3,site_s3,S3,S3,S3
1786342127.236,c1,recommend,,0.0,26.76,14.03,1.86,S3,0,,0,200.0,obs,1167,26.76,14.03,4.0,S3,26.76,14.03,4.0,S3,26.76,14.03,1.86,S3,9.557,0,S3,site_s3,S3,S3,S3
1786342127.236,c2,reserve,,0.0,26.34,13.67,1.57,S3,0,,0,36.0,obs,582,26.34,13.67,3.65,S3,26.34,13.67,3.65,S3,26.34,13.67,1.57,S3,9.557,0,S3,site_s3,S3,S3,S3
1786342127.236,c2,search,,0.0,31.1,20.71,5.87,S3,0,,0,4474.0,obs,877,31.1,20.71,10.98,S3,31.1,20.71,10.98,S3,31.1,20.71,5.87,S3,9.557,0,S3,site_s3,S3,S3,S3
1786342127.236,c2,recommend,,0.0,26.76,14.03,1.86,S3,0,,0,200.0,obs,1167,26.76,14.03,4.0,S3,26.76,14.03,4.0,S3,26.76,14.03,1.86,S3,9.557,0,S3,site_s3,S3,S3,S3
1786342128.236,c1,reserve,,0.0,26.34,13.67,-0.09,S2,1,0.83,0,36.0,obs,586,26.34,13.67,3.65,S3,26.34,13.67,3.65,S3,26.34,13.67,-0.09,S2,9.692,0,S2,site_s2,S3,S3,S2
1786342128.236,c1,search,,0.0,31.1,20.71,3.06,S3,0,,0,4474.0,obs,872,31.1,20.71,10.98,S3,31.1,20.71,10.98,S3,31.1,20.71,3.06,S3,9.692,0,S3,site_s3,S3,S3,S3
1786342128.236,c1,recommend,,0.0,26.76,14.03,1.45,S3,0,,0,200.0,obs,1171,26.76,14.03,4.0,S3,26.76,14.03,4.0,S3,26.76,14.03,1.45,S3,9.692,0,S3,site_s3,S3,S3,S3
1786342128.236,c2,reserve,,0.0,26.34,13.67,-0.09,S2,1,0.53,0,36.0,obs,586,26.34,13.67,3.65,S3,26.34,13.67,3.65,S3,26.34,13.67,-0.09,S2,9.692,0,S2,site_s2,S3,S3,S2
1786342128.236,c2,search,,0.0,31.1,20.71,3.06,S3,0,,0,4474.0,obs,872,31.1,20.71,10.98,S3,31.1,20.71,10.98,S3,31.1,20.71,3.06,S3,9.692,0,S3,site_s3,S3,S3,S3
1786342128.236,c2,recommend,,0.0,26.76,14.03,1.45,S3,0,,0,200.0,obs,1171,26.76,14.03,4.0,S3,26.76,14.03,4.0,S3,26.76,14.03,1.45,S3,9.692,0,S3,site_s3,S3,S3,S3
1786342129.236,c1,reserve,,0.0,26.34,13.67,3.65,S3,1,0.76,0,36.0,obs,590,26.34,13.67,3.65,S3,26.34,13.67,3.65,S3,26.34,13.67,3.65,S3,9.588,0,S3,site_s3,S3,S3,S3
1786342129.236,c1,search,,0.0,31.1,20.71,4.15,S3,0,,0,4474.0,obs,878,31.1,20.71,10.98,S3,31.1,20.71,10.98,S3,31.1,20.71,4.15,S3,9.588,0,S3,site_s3,S3,S3,S3
1786342129.236,c1,recommend,,0.0,26.76,14.03,1.86,S3,0,,0,200.0,obs,1166,26.76,14.03,4.0,S3,26.76,14.03,4.0,S3,26.76,14.03,1.86,S3,9.588,0,S3,site_s3,S3,S3,S3
1786342129.236,c2,reserve,,0.0,26.34,13.67,3.65,S3,1,0.5,0,36.0,obs,590,26.34,13.67,3.65,S3,26.34,13.67,3.65,S3,26.34,13.67,3.65,S3,9.588,0,S3,site_s3,S3,S3,S3
1786342129.236,c2,search,,0.0,31.1,20.71,4.15,S3,0,,0,4474.0,obs,878,31.1,20.71,10.98,S3,31.1,20.71,10.98,S3,31.1,20.71,4.15,S3,9.588,0,S3,site_s3,S3,S3,S3
1786342129.236,c2,recommend,,0.0,26.76,14.03,1.86,S3,0,,0,200.0,obs,1166,26.76,14.03,4.0,S3,26.76,14.03,4.0,S3,26.76,14.03,1.86,S3,9.588,0,S3,site_s3,S3,S3,S3
1786342130.236,c1,reserve,,0.0,26.34,13.67,1.65,S3,0,,0,36.0,obs,583,26.34,13.67,3.65,S3,26.34,13.67,3.65,S3,26.34,13.67,1.65,S3,9.734,0,S3,site_s3,S3,S3,S3
1786342130.236,c1,search,,0.0,31.1,20.71,7.26,S3,0,,0,4474.0,obs,876,31.1,20.71,10.98,S3,31.1,20.71,10.98,S3,31.1,20.71,7.26,S3,9.734,0,S3,site_s3,S3,S3,S3
1786342130.236,c1,recommend,,0.0,26.76,14.03,2.5,S3,0,,0,200.0,obs,1174,26.76,14.03,4.0,S3,26.76,14.03,4.0,S3,26.76,14.03,2.5,S3,9.734,0,S3,site_s3,S3,S3,S3
1786342130.236,c2,reserve,,0.0,26.34,13.67,1.65,S3,0,,0,36.0,obs,583,26.34,13.67,3.65,S3,26.34,13.67,3.65,S3,26.34,13.67,1.65,S3,9.734,0,S3,site_s3,S3,S3,S3
1786342130.236,c2,search,,0.0,31.1,20.71,7.26,S3,0,,0,4474.0,obs,876,31.1,20.71,10.98,S3,31.1,20.71,10.98,S3,31.1,20.71,7.26,S3,9.734,0,S3,site_s3,S3,S3,S3
1786342130.236,c2,recommend,,0.0,26.76,14.03,2.5,S3,0,,0,200.0,obs,1174,26.76,14.03,4.0,S3,26.76,14.03,4.0,S3,26.76,14.03,2.5,S3,9.734,0,S3,site_s3,S3,S3,S3
1786342131.236,c1,reserve,,0.0,26.34,13.67,1.53,S3,0,,0,36.0,obs,589,26.34,13.67,3.65,S3,26.34,13.67,3.65,S3,26.34,13.67,1.53,S3,9.665,0,S3,site_s3,S3,S3,S3
1786342131.236,c1,search,,0.0,31.1,20.71,6.08,S3,0,,0,4474.0,obs,878,31.1,20.71,10.98,S3,31.1,20.71,10.98,S3,31.1,20.71,6.08,S3,9.665,0,S3,site_s3,S3,S3,S3
1786342131.236,c1,recommend,,0.0,26.76,14.03,2.18,S3,0,,0,200.0,obs,1166,26.76,14.03,4.0,S3,26.76,14.03,4.0,S3,26.76,14.03,2.18,S3,9.665,0,S3,site_s3,S3,S3,S3
1786342131.236,c2,reserve,,0.0,26.34,13.67,1.53,S3,0,,0,36.0,obs,589,26.34,13.67,3.65,S3,26.34,13.67,3.65,S3,26.34,13.67,1.53,S3,9.665,0,S3,site_s3,S3,S3,S3
1786342131.236,c2,search,,0.0,31.1,20.71,6.08,S3,0,,0,4474.0,obs,878,31.1,20.71,10.98,S3,31.1,20.71,10.98,S3,31.1,20.71,6.08,S3,9.665,0,S3,site_s3,S3,S3,S3
1786342131.236,c2,recommend,,0.0,26.76,14.03,2.18,S3,0,,0,200.0,obs,1166,26.76,14.03,4.0,S3,26.76,14.03,4.0,S3,26.76,14.03,2.18,S3,9.665,0,S3,site_s3,S3,S3,S3
1786342132.236,c1,reserve,,0.0,26.34,13.67,1.28,S3,0,,0,36.0,obs,581,26.34,13.67,3.65,S3,26.34,13.67,3.65,S3,26.34,13.67,1.28,S3,9.404,0,S3,site_s3,S3,S3,S3
1786342132.236,c1,search,,0.0,31.1,20.71,5.53,S3,0,,0,4474.0,obs,878,31.1,20.71,10.98,S3,31.1,20.71,10.98,S3,31.1,20.71,5.53,S3,9.404,0,S3,site_s3,S3,S3,S3
1786342132.236,c1,recommend,,0.0,26.76,14.03,2.08,S3,0,,0,200.0,obs,1174,26.76,14.03,4.0,S3,26.76,14.03,4.0,S3,26.76,14.03,2.08,S3,9.404,0,S3,site_s3,S3,S3,S3
1786342132.236,c2,reserve,,0.0,26.34,13.67,1.28,S3,0,,0,36.0,obs,581,26.34,13.67,3.65,S3,26.34,13.67,3.65,S3,26.34,13.67,1.28,S3,9.404,0,S3,site_s3,S3,S3,S3
1786342132.236,c2,search,,0.0,31.1,20.71,5.53,S3,0,,0,4474.0,obs,878,31.1,20.71,10.98,S3,31.1,20.71,10.98,S3,31.1,20.71,5.53,S3,9.404,0,S3,site_s3,S3,S3,S3
1786342132.236,c2,recommend,,0.0,26.76,14.03,2.08,S3,0,,0,200.0,obs,1174,26.76,14.03,4.0,S3,26.76,14.03,4.0,S3,26.76,14.03,2.08,S3,9.404,0,S3,site_s3,S3,S3,S3
1786342133.235,c1,reserve,,0.0,26.34,13.67,1.66,S3,0,,0,36.0,obs,589,26.34,13.67,3.65,S3,26.34,13.67,3.65,S3,26.34,13.67,1.66,S3,9.026,0,S3,site_s3,S3,S3,S3
1786342133.235,c1,search,,0.0,31.1,20.71,7.02,S3,0,,0,4474.0,obs,876,31.1,20.71,10.98,S3,31.1,20.71,10.98,S3,31.1,20.71,7.02,S3,9.026,0,S3,site_s3,S3,S3,S3
1786342133.235,c1,recommend,,0.0,26.76,14.03,2.2,S3,0,,0,200.0,obs,1170,26.76,14.03,4.0,S3,26.76,14.03,4.0,S3,26.76,14.03,2.2,S3,9.026,0,S3,site_s3,S3,S3,S3
1786342133.235,c2,reserve,,0.0,26.34,13.67,1.66,S3,0,,0,36.0,obs,589,26.34,13.67,3.65,S3,26.34,13.67,3.65,S3,26.34,13.67,1.66,S3,9.026,0,S3,site_s3,S3,S3,S3
1786342133.235,c2,search,,0.0,31.1,20.71,7.02,S3,0,,0,4474.0,obs,876,31.1,20.71,10.98,S3,31.1,20.71,10.98,S3,31.1,20.71,7.02,S3,9.026,0,S3,site_s3,S3,S3,S3
1786342133.235,c2,recommend,,0.0,26.76,14.03,2.2,S3,0,,0,200.0,obs,1170,26.76,14.03,4.0,S3,26.76,14.03,4.0,S3,26.76,14.03,2.2,S3,9.026,0,S3,site_s3,S3,S3,S3
1786342134.238,c1,reserve,,0.0,26.34,13.67,2.09,S3,0,,0,36.0,obs,583,26.34,13.67,3.65,S3,26.34,13.67,3.65,S3,26.34,13.67,2.09,S3,11.476,0,S3,site_s3,S3,S3,S3
1786342134.238,c1,search,,0.0,31.1,20.71,7.14,S3,0,,0,4474.0,obs,881,31.1,20.71,10.98,S3,31.1,20.71,10.98,S3,31.1,20.71,7.14,S3,11.476,0,S3,site_s3,S3,S3,S3
1786342134.238,c1,recommend,,0.0,26.76,14.03,2.42,S3,0,,0,200.0,obs,1173,26.76,14.03,4.0,S3,26.76,14.03,4.0,S3,26.76,14.03,2.42,S3,11.476,0,S3,site_s3,S3,S3,S3
1786342134.238,c2,reserve,,0.0,26.34,13.67,2.09,S3,0,,0,36.0,obs,583,26.34,13.67,3.65,S3,26.34,13.67,3.65,S3,26.34,13.67,2.09,S3,11.476,0,S3,site_s3,S3,S3,S3
1786342134.238,c2,search,,0.0,31.1,20.71,7.14,S3,0,,0,4474.0,obs,881,31.1,20.71,10.98,S3,31.1,20.71,10.98,S3,31.1,20.71,7.14,S3,11.476,0,S3,site_s3,S3,S3,S3
1786342134.238,c2,recommend,,0.0,26.76,14.03,2.42,S3,0,,0,200.0,obs,1173,26.76,14.03,4.0,S3,26.76,14.03,4.0,S3,26.76,14.03,2.42,S3,11.476,0,S3,site_s3,S3,S3,S3
1786342135.235,c1,reserve,,0.0,26.34,13.67,1.94,S3,0,,0,36.0,obs,587,26.34,13.67,3.65,S3,26.34,13.67,3.65,S3,26.34,13.67,1.94,S3,8.994,0,S3,site_s3,S3,S3,S3
1786342135.235,c1,search,,0.0,31.1,20.71,6.84,S3,0,,0,4474.0,obs,874,31.1,20.71,10.98,S3,31.1,20.71,10.98,S3,31.1,20.71,6.84,S3,8.994,0,S3,site_s3,S3,S3,S3
1786342135.235,c1,recommend,,0.0,26.76,14.03,2.48,S3,0,,0,200.0,obs,1175,26.76,14.03,4.0,S3,26.76,14.03,4.0,S3,26.76,14.03,2.48,S3,8.994,0,S3,site_s3,S3,S3,S3
1786342135.235,c2,reserve,,0.0,26.34,13.67,1.94,S3,0,,0,36.0,obs,587,26.34,13.67,3.65,S3,26.34,13.67,3.65,S3,26.34,13.67,1.94,S3,8.994,0,S3,site_s3,S3,S3,S3
1786342135.235,c2,search,,0.0,31.1,20.71,6.84,S3,0,,0,4474.0,obs,874,31.1,20.71,10.98,S3,31.1,20.71,10.98,S3,31.1,20.71,6.84,S3,8.994,0,S3,site_s3,S3,S3,S3
1786342135.235,c2,recommend,,0.0,26.76,14.03,2.48,S3,0,,0,200.0,obs,1175,26.76,14.03,4.0,S3,26.76,14.03,4.0,S3,26.76,14.03,2.48,S3,8.994,0,S3,site_s3,S3,S3,S3
1786342136.235,c1,reserve,,0.0,26.34,13.67,1.83,S3,0,,0,36.0,obs,587,26.34,13.67,3.65,S3,26.34,13.67,3.65,S3,26.34,13.67,1.83,S3,9.021,0,S3,site_s3,S3,S3,S3
1786342136.235,c1,search,,0.0,31.1,20.71,6.59,S3,0,,0,4474.0,obs,882,31.1,20.71,10.98,S3,31.1,20.71,10.98,S3,31.1,20.71,6.59,S3,9.021,0,S3,site_s3,S3,S3,S3
1786342136.235,c1,recommend,,0.0,26.76,14.03,2.36,S3,0,,0,200.0,obs,1172,26.76,14.03,4.0,S3,26.76,14.03,4.0,S3,26.76,14.03,2.36,S3,9.021,0,S3,site_s3,S3,S3,S3
1786342136.235,c2,reserve,,0.0,26.34,13.67,1.83,S3,0,,0,36.0,obs,587,26.34,13.67,3.65,S3,26.34,13.67,3.65,S3,26.34,13.67,1.83,S3,9.021,0,S3,site_s3,S3,S3,S3
1786342136.235,c2,search,,0.0,31.1,20.71,6.59,S3,0,,0,4474.0,obs,882,31.1,20.71,10.98,S3,31.1,20.71,10.98,S3,31.1,20.71,6.59,S3,9.021,0,S3,site_s3,S3,S3,S3
1786342136.235,c2,recommend,,0.0,26.76,14.03,2.36,S3,0,,0,200.0,obs,1172,26.76,14.03,4.0,S3,26.76,14.03,4.0,S3,26.76,14.03,2.36,S3,9.021,0,S3,site_s3,S3,S3,S3
1786342137.235,c1,reserve,,0.0,26.34,13.67,1.79,S3,0,,0,36.0,obs,584,26.34,13.67,3.65,S3,26.34,13.67,3.65,S3,26.34,13.67,1.79,S3,8.989,0,S3,site_s3,S3,S3,S3
1786342137.235,c1,search,,0.0,31.1,20.71,6.09,S3,0,,0,4474.0,obs,879,31.1,20.71,10.98,S3,31.1,20.71,10.98,S3,31.1,20.71,6.09,S3,8.989,0,S3,site_s3,S3,S3,S3
1786342137.235,c1,recommend,,0.0,26.76,14.03,2.01,S3,0,,0,200.0,obs,1180,26.76,14.03,4.0,S3,26.76,14.03,4.0,S3,26.76,14.03,2.01,S3,8.989,0,S3,site_s3,S3,S3,S3
1786342137.235,c2,reserve,,0.0,26.34,13.67,1.79,S3,0,,0,36.0,obs,584,26.34,13.67,3.65,S3,26.34,13.67,3.65,S3,26.34,13.67,1.79,S3,8.989,0,S3,site_s3,S3,S3,S3
1786342137.235,c2,search,,0.0,31.1,20.71,6.09,S3,0,,0,4474.0,obs,879,31.1,20.71,10.98,S3,31.1,20.71,10.98,S3,31.1,20.71,6.09,S3,8.989,0,S3,site_s3,S3,S3,S3
1786342137.235,c2,recommend,,0.0,26.76,14.03,2.01,S3,0,,0,200.0,obs,1180,26.76,14.03,4.0,S3,26.76,14.03,4.0,S3,26.76,14.03,2.01,S3,8.989,0,S3,site_s3,S3,S3,S3
1786342138.235,c1,reserve,,0.0,26.34,13.67,1.8,S3,0,,0,36.0,obs,590,26.34,13.67,3.65,S3,26.34,13.67,3.65,S3,26.34,13.67,1.8,S3,9.14,0,S3,site_s3,S3,S3,S3
1786342138.235,c1,search,,0.0,31.1,20.71,6.26,S3,0,,0,4474.0,obs,881,31.1,20.71,10.98,S3,31.1,20.71,10.98,S3,31.1,20.71,6.26,S3,9.14,0,S3,site_s3,S3,S3,S3
1786342138.235,c1,recommend,,0.0,26.76,14.03,2.11,S3,0,,0,200.0,obs,1172,26.76,14.03,4.0,S3,26.76,14.03,4.0,S3,26.76,14.03,2.11,S3,9.14,0,S3,site_s3,S3,S3,S3
1786342138.235,c2,reserve,,0.0,26.34,13.67,1.8,S3,0,,0,36.0,obs,590,26.34,13.67,3.65,S3,26.34,13.67,3.65,S3,26.34,13.67,1.8,S3,9.14,0,S3,site_s3,S3,S3,S3
1786342138.235,c2,search,,0.0,31.1,20.71,6.26,S3,0,,0,4474.0,obs,881,31.1,20.71,10.98,S3,31.1,20.71,10.98,S3,31.1,20.71,6.26,S3,9.14,0,S3,site_s3,S3,S3,S3
1786342138.235,c2,recommend,,0.0,26.76,14.03,2.11,S3,0,,0,200.0,obs,1172,26.76,14.03,4.0,S3,26.76,14.03,4.0,S3,26.76,14.03,2.11,S3,9.14,0,S3,site_s3,S3,S3,S3
1786342139.235,c1,reserve,,0.0,26.34,13.67,1.87,S3,0,,0,36.0,obs,585,26.34,13.67,3.65,S3,26.34,13.67,3.65,S3,26.34,13.67,1.87,S3,9.044,0,S3,site_s3,S3,S3,S3
1786342139.235,c1,search,,0.0,31.1,20.71,7.04,S3,0,,0,4474.0,obs,882,31.1,20.71,10.98,S3,31.1,20.71,10.98,S3,31.1,20.71,7.04,S3,9.044,0,S3,site_s3,S3,S3,S3
1786342139.235,c1,recommend,,0.0,26.76,14.03,2.46,S3,0,,0,200.0,obs,1179,26.76,14.03,4.0,S3,26.76,14.03,4.0,S3,26.76,14.03,2.46,S3,9.044,0,S3,site_s3,S3,S3,S3
1786342139.235,c2,reserve,,0.0,26.34,13.67,1.87,S3,0,,0,36.0,obs,585,26.34,13.67,3.65,S3,26.34,13.67,3.65,S3,26.34,13.67,1.87,S3,9.044,0,S3,site_s3,S3,S3,S3
1786342139.235,c2,search,,0.0,31.1,20.71,7.04,S3,0,,0,4474.0,obs,882,31.1,20.71,10.98,S3,31.1,20.71,10.98,S3,31.1,20.71,7.04,S3,9.044,0,S3,site_s3,S3,S3,S3
1786342139.235,c2,recommend,,0.0,26.76,14.03,2.46,S3,0,,0,200.0,obs,1179,26.76,14.03,4.0,S3,26.76,14.03,4.0,S3,26.76,14.03,2.46,S3,9.044,0,S3,site_s3,S3,S3,S3
1786342140.235,c1,reserve,,0.0,26.34,13.67,0.73,S3,0,,0,36.0,obs,592,26.34,13.67,3.65,S3,26.34,13.67,3.65,S3,26.34,13.67,0.73,S3,8.99,0,S3,site_s3,S3,S3,S3
1786342140.235,c1,search,,0.0,31.1,20.71,4.42,S3,0,,0,4474.0,obs,878,31.1,20.71,10.98,S3,31.1,20.71,10.98,S3,31.1,20.71,4.42,S3,8.99,0,S3,site_s3,S3,S3,S3
1786342140.235,c1,recommend,,0.0,26.76,14.03,1.72,S3,0,,0,200.0,obs,1176,26.76,14.03,4.0,S3,26.76,14.03,4.0,S3,26.76,14.03,1.72,S3,8.99,0,S3,site_s3,S3,S3,S3
1786342140.235,c2,reserve,,0.0,26.34,13.67,0.73,S3,0,,0,36.0,obs,592,26.34,13.67,3.65,S3,26.34,13.67,3.65,S3,26.34,13.67,0.73,S3,8.99,0,S3,site_s3,S3,S3,S3
1786342140.235,c2,search,,0.0,31.1,20.71,4.42,S3,0,,0,4474.0,obs,878,31.1,20.71,10.98,S3,31.1,20.71,10.98,S3,31.1,20.71,4.42,S3,8.99,0,S3,site_s3,S3,S3,S3
1786342140.235,c2,recommend,,0.0,26.76,14.03,1.72,S3,0,,0,200.0,obs,1176,26.76,14.03,4.0,S3,26.76,14.03,4.0,S3,26.76,14.03,1.72,S3,8.99,0,S3,site_s3,S3,S3,S3
1786342141.235,c1,reserve,,0.0,26.34,13.67,0.55,S3,0,,0,36.0,obs,588,26.34,13.67,3.65,S3,26.34,13.67,3.65,S3,26.34,13.67,0.55,S3,8.982,0,S3,site_s3,S3,S3,S3
1786342141.235,c1,search,,0.0,31.1,20.71,3.94,S3,0,,0,4474.0,obs,884,31.1,20.71,10.98,S3,31.1,20.71,10.98,S3,31.1,20.71,3.94,S3,8.982,0,S3,site_s3,S3,S3,S3
1786342141.235,c1,recommend,,0.0,26.76,14.03,1.61,S3,0,,0,200.0,obs,1179,26.76,14.03,4.0,S3,26.76,14.03,4.0,S3,26.76,14.03,1.61,S3,8.982,0,S3,site_s3,S3,S3,S3
1786342141.235,c2,reserve,,0.0,26.34,13.67,0.55,S3,0,,0,36.0,obs,588,26.34,13.67,3.65,S3,26.34,13.67,3.65,S3,26.34,13.67,0.55,S3,8.982,0,S3,site_s3,S3,S3,S3
1786342141.235,c2,search,,0.0,31.1,20.71,3.94,S3,0,,0,4474.0,obs,884,31.1,20.71,10.98,S3,31.1,20.71,10.98,S3,31.1,20.71,3.94,S3,8.982,0,S3,site_s3,S3,S3,S3
1786342141.235,c2,recommend,,0.0,26.76,14.03,1.61,S3,0,,0,200.0,obs,1179,26.76,14.03,4.0,S3,26.76,14.03,4.0,S3,26.76,14.03,1.61,S3,8.982,0,S3,site_s3,S3,S3,S3
1786342142.235,c1,reserve,,0.0,26.34,13.67,1.62,S3,0,,0,36.0,obs,592,26.34,13.67,3.65,S3,26.34,13.67,3.65,S3,26.34,13.67,1.62,S3,9.035,0,S3,site_s3,S3,S3,S3
1786342142.235,c1,search,,0.0,31.1,20.71,6.28,S3,0,,0,4474.0,obs,877,31.1,20.71,10.98,S3,31.1,20.71,10.98,S3,31.1,20.71,6.28,S3,9.035,0,S3,site_s3,S3,S3,S3
1786342142.235,c1,recommend,,0.0,26.76,14.03,2.31,S3,0,,0,200.0,obs,1180,26.76,14.03,4.0,S3,26.76,14.03,4.0,S3,26.76,14.03,2.31,S3,9.035,0,S3,site_s3,S3,S3,S3
1786342142.235,c2,reserve,,0.0,26.34,13.67,1.62,S3,0,,0,36.0,obs,592,26.34,13.67,3.65,S3,26.34,13.67,3.65,S3,26.34,13.67,1.62,S3,9.035,0,S3,site_s3,S3,S3,S3
1786342142.235,c2,search,,0.0,31.1,20.71,6.28,S3,0,,0,4474.0,obs,877,31.1,20.71,10.98,S3,31.1,20.71,10.98,S3,31.1,20.71,6.28,S3,9.035,0,S3,site_s3,S3,S3,S3
1786342142.235,c2,recommend,,0.0,26.76,14.03,2.31,S3,0,,0,200.0,obs,1180,26.76,14.03,4.0,S3,26.76,14.03,4.0,S3,26.76,14.03,2.31,S3,9.035,0,S3,site_s3,S3,S3,S3
1786342143.235,c1,reserve,,0.0,26.34,13.67,1.53,S3,0,,0,36.0,obs,590,26.34,13.67,3.65,S3,26.34,13.67,3.65,S3,26.34,13.67,1.53,S3,9.07,0,S3,site_s3,S3,S3,S3
1786342143.235,c1,search,,0.0,31.1,20.71,5.84,S3,0,,0,4474.0,obs,886,31.1,20.71,10.98,S3,31.1,20.71,10.98,S3,31.1,20.71,5.84,S3,9.07,0,S3,site_s3,S3,S3,S3
1786342143.235,c1,recommend,,0.0,26.76,14.03,2.31,S3,0,,0,200.0,obs,1179,26.76,14.03,4.0,S3,26.76,14.03,4.0,S3,26.76,14.03,2.31,S3,9.07,0,S3,site_s3,S3,S3,S3
1786342143.235,c2,reserve,,0.0,26.34,13.67,1.53,S3,0,,0,36.0,obs,590,26.34,13.67,3.65,S3,26.34,13.67,3.65,S3,26.34,13.67,1.53,S3,9.07,0,S3,site_s3,S3,S3,S3
1786342143.235,c2,search,,0.0,31.1,20.71,5.84,S3,0,,0,4474.0,obs,886,31.1,20.71,10.98,S3,31.1,20.71,10.98,S3,31.1,20.71,5.84,S3,9.07,0,S3,site_s3,S3,S3,S3
1786342143.235,c2,recommend,,0.0,26.76,14.03,2.31,S3,0,,0,200.0,obs,1179,26.76,14.03,4.0,S3,26.76,14.03,4.0,S3,26.76,14.03,2.31,S3,9.07,0,S3,site_s3,S3,S3,S3
1786342144.235,c1,reserve,,0.0,26.34,13.67,1.89,S3,0,,0,36.0,obs,588,26.34,13.67,3.65,S3,26.34,13.67,3.65,S3,26.34,13.67,1.89,S3,8.96,0,S3,site_s3,S3,S3,S3
1786342144.235,c1,search,,0.0,31.1,20.71,6.6,S3,0,,0,4474.0,obs,882,31.1,20.71,10.98,S3,31.1,20.71,10.98,S3,31.1,20.71,6.6,S3,8.96,0,S3,site_s3,S3,S3,S3
1786342144.235,c1,recommend,,0.0,26.76,14.03,2.35,S3,0,,0,200.0,obs,1185,26.76,14.03,4.0,S3,26.76,14.03,4.0,S3,26.76,14.03,2.35,S3,8.96,0,S3,site_s3,S3,S3,S3
1786342144.235,c2,reserve,,0.0,26.34,13.67,1.89,S3,0,,0,36.0,obs,588,26.34,13.67,3.65,S3,26.34,13.67,3.65,S3,26.34,13.67,1.89,S3,8.96,0,S3,site_s3,S3,S3,S3
1786342144.235,c2,search,,0.0,31.1,20.71,6.6,S3,0,,0,4474.0,obs,882,31.1,20.71,10.98,S3,31.1,20.71,10.98,S3,31.1,20.71,6.6,S3,8.96,0,S3,site_s3,S3,S3,S3
1786342144.235,c2,recommend,,0.0,26.76,14.03,2.35,S3,0,,0,200.0,obs,1185,26.76,14.03,4.0,S3,26.76,14.03,4.0,S3,26.76,14.03,2.35,S3,8.96,0,S3,site_s3,S3,S3,S3
1786342145.235,c1,reserve,,0.0,26.34,13.67,1.89,S3,0,,0,36.0,obs,592,26.34,13.67,3.65,S3,26.34,13.67,3.65,S3,26.34,13.67,1.89,S3,9.015,0,S3,site_s3,S3,S3,S3
1786342145.235,c1,search,,0.0,31.1,20.71,6.78,S3,0,,0,4474.0,obs,883,31.1,20.71,10.98,S3,31.1,20.71,10.98,S3,31.1,20.71,6.78,S3,9.015,0,S3,site_s3,S3,S3,S3
1786342145.235,c1,recommend,,0.0,26.76,14.03,2.23,S3,0,,0,200.0,obs,1177,26.76,14.03,4.0,S3,26.76,14.03,4.0,S3,26.76,14.03,2.23,S3,9.015,0,S3,site_s3,S3,S3,S3
1786342145.235,c2,reserve,,0.0,26.34,13.67,1.89,S3,0,,0,36.0,obs,592,26.34,13.67,3.65,S3,26.34,13.67,3.65,S3,26.34,13.67,1.89,S3,9.015,0,S3,site_s3,S3,S3,S3
1786342145.235,c2,search,,0.0,31.1,20.71,6.78,S3,0,,0,4474.0,obs,883,31.1,20.71,10.98,S3,31.1,20.71,10.98,S3,31.1,20.71,6.78,S3,9.015,0,S3,site_s3,S3,S3,S3
1786342145.235,c2,recommend,,0.0,26.76,14.03,2.23,S3,0,,0,200.0,obs,1177,26.76,14.03,4.0,S3,26.76,14.03,4.0,S3,26.76,14.03,2.23,S3,9.015,0,S3,site_s3,S3,S3,S3
1786342146.236,c1,reserve,,0.0,26.34,13.67,2.08,S3,0,,0,36.0,obs,588,26.34,13.67,3.65,S3,26.34,13.67,3.65,S3,26.34,13.67,2.08,S3,9.511,0,S3,site_s3,S3,S3,S3
1786342146.236,c1,search,,0.0,31.1,20.71,6.56,S3,0,,0,4474.0,obs,885,31.1,20.71,10.98,S3,31.1,20.71,10.98,S3,31.1,20.71,6.56,S3,9.511,0,S3,site_s3,S3,S3,S3
1786342146.236,c1,recommend,,0.0,26.76,14.03,2.32,S3,0,,0,200.0,obs,1185,26.76,14.03,4.0,S3,26.76,14.03,4.0,S3,26.76,14.03,2.32,S3,9.511,0,S3,site_s3,S3,S3,S3
1786342146.236,c2,reserve,,0.0,26.34,13.67,2.08,S3,0,,0,36.0,obs,588,26.34,13.67,3.65,S3,26.34,13.67,3.65,S3,26.34,13.67,2.08,S3,9.511,0,S3,site_s3,S3,S3,S3
1786342146.236,c2,search,,0.0,31.1,20.71,6.56,S3,0,,0,4474.0,obs,885,31.1,20.71,10.98,S3,31.1,20.71,10.98,S3,31.1,20.71,6.56,S3,9.511,0,S3,site_s3,S3,S3,S3
1786342146.236,c2,recommend,,0.0,26.76,14.03,2.32,S3,0,,0,200.0,obs,1185,26.76,14.03,4.0,S3,26.76,14.03,4.0,S3,26.76,14.03,2.32,S3,9.511,0,S3,site_s3,S3,S3,S3
1786342147.235,c1,reserve,,0.0,26.34,13.67,1.19,S3,0,,0,36.0,obs,595,26.34,13.67,3.65,S3,26.34,13.67,3.65,S3,26.34,13.67,1.19,S3,9.046,0,S3,site_s3,S3,S3,S3
1786342147.235,c1,search,,0.0,31.1,20.71,5.7,S3,0,,0,4474.0,obs,882,31.1,20.71,10.98,S3,31.1,20.71,10.98,S3,31.1,20.71,5.7,S3,9.046,0,S3,site_s3,S3,S3,S3
1786342147.235,c1,recommend,,0.0,26.76,14.03,2.19,S3,0,,0,200.0,obs,1181,26.76,14.03,4.0,S3,26.76,14.03,4.0,S3,26.76,14.03,2.19,S3,9.046,0,S3,site_s3,S3,S3,S3
1786342147.235,c2,reserve,,0.0,26.34,13.67,1.19,S3,0,,0,36.0,obs,595,26.34,13.67,3.65,S3,26.34,13.67,3.65,S3,26.34,13.67,1.19,S3,9.046,0,S3,site_s3,S3,S3,S3
1786342147.235,c2,search,,0.0,31.1,20.71,5.7,S3,0,,0,4474.0,obs,882,31.1,20.71,10.98,S3,31.1,20.71,10.98,S3,31.1,20.71,5.7,S3,9.046,0,S3,site_s3,S3,S3,S3
1786342147.235,c2,recommend,,0.0,26.76,14.03,2.19,S3,0,,0,200.0,obs,1181,26.76,14.03,4.0,S3,26.76,14.03,4.0,S3,26.76,14.03,2.19,S3,9.046,0,S3,site_s3,S3,S3,S3
1786342148.235,c1,reserve,,0.0,26.34,13.67,1.27,S3,0,,0,36.0,obs,590,26.34,13.67,3.65,S3,26.34,13.67,3.65,S3,26.34,13.67,1.27,S3,9.023,0,S3,site_s3,S3,S3,S3
1786342148.235,c1,search,,0.0,31.1,20.71,5.41,S3,0,,0,4474.0,obs,888,31.1,20.71,10.98,S3,31.1,20.71,10.98,S3,31.1,20.71,5.41,S3,9.023,0,S3,site_s3,S3,S3,S3
1786342148.235,c1,recommend,,0.0,26.76,14.03,1.89,S3,0,,0,200.0,obs,1183,26.76,14.03,4.0,S3,26.76,14.03,4.0,S3,26.76,14.03,1.89,S3,9.023,0,S3,site_s3,S3,S3,S3
1786342148.235,c2,reserve,,0.0,26.34,13.67,1.27,S3,0,,0,36.0,obs,590,26.34,13.67,3.65,S3,26.34,13.67,3.65,S3,26.34,13.67,1.27,S3,9.023,0,S3,site_s3,S3,S3,S3
1786342148.235,c2,search,,0.0,31.1,20.71,5.41,S3,0,,0,4474.0,obs,888,31.1,20.71,10.98,S3,31.1,20.71,10.98,S3,31.1,20.71,5.41,S3,9.023,0,S3,site_s3,S3,S3,S3
1786342148.235,c2,recommend,,0.0,26.76,14.03,1.89,S3,0,,0,200.0,obs,1183,26.76,14.03,4.0,S3,26.76,14.03,4.0,S3,26.76,14.03,1.89,S3,9.023,0,S3,site_s3,S3,S3,S3
1786342149.235,c1,reserve,,0.0,26.34,13.67,1.85,S3,0,,0,36.0,obs,593,26.34,13.67,3.65,S3,26.34,13.67,3.65,S3,26.34,13.67,1.85,S3,8.87,0,S3,site_s3,S3,S3,S3
1786342149.235,c1,search,,0.0,31.1,20.71,6.71,S3,0,,0,4474.0,obs,883,31.1,20.71,10.98,S3,31.1,20.71,10.98,S3,31.1,20.71,6.71,S3,8.87,0,S3,site_s3,S3,S3,S3
1786342149.235,c1,recommend,,0.0,26.76,14.03,2.44,S3,0,,0,200.0,obs,1183,26.76,14.03,4.0,S3,26.76,14.03,4.0,S3,26.76,14.03,2.44,S3,8.87,0,S3,site_s3,S3,S3,S3
1786342149.235,c2,reserve,,0.0,26.34,13.67,1.85,S3,0,,0,36.0,obs,593,26.34,13.67,3.65,S3,26.34,13.67,3.65,S3,26.34,13.67,1.85,S3,8.87,0,S3,site_s3,S3,S3,S3
1786342149.235,c2,search,,0.0,31.1,20.71,6.71,S3,0,,0,4474.0,obs,883,31.1,20.71,10.98,S3,31.1,20.71,10.98,S3,31.1,20.71,6.71,S3,8.87,0,S3,site_s3,S3,S3,S3
1786342149.235,c2,recommend,,0.0,26.76,14.03,2.44,S3,0,,0,200.0,obs,1183,26.76,14.03,4.0,S3,26.76,14.03,4.0,S3,26.76,14.03,2.44,S3,8.87,0,S3,site_s3,S3,S3,S3
1786342150.235,c1,reserve,,0.0,26.34,13.67,1.87,S3,0,,0,36.0,obs,591,26.34,13.67,3.65,S3,26.34,13.67,3.65,S3,26.34,13.67,1.87,S3,8.924,0,S3,site_s3,S3,S3,S3
1786342150.235,c1,search,,0.0,31.1,20.71,6.76,S3,0,,0,4474.0,obs,888,31.1,20.71,10.98,S3,31.1,20.71,10.98,S3,31.1,20.71,6.76,S3,8.924,0,S3,site_s3,S3,S3,S3
1786342150.235,c1,recommend,,0.0,26.76,14.03,2.44,S3,0,,0,200.0,obs,1182,26.76,14.03,4.0,S3,26.76,14.03,4.0,S3,26.76,14.03,2.44,S3,8.924,0,S3,site_s3,S3,S3,S3
1786342150.235,c2,reserve,,0.0,26.34,13.67,1.87,S3,0,,0,36.0,obs,591,26.34,13.67,3.65,S3,26.34,13.67,3.65,S3,26.34,13.67,1.87,S3,8.924,0,S3,site_s3,S3,S3,S3
1786342150.235,c2,search,,0.0,31.1,20.71,6.76,S3,0,,0,4474.0,obs,888,31.1,20.71,10.98,S3,31.1,20.71,10.98,S3,31.1,20.71,6.76,S3,8.924,0,S3,site_s3,S3,S3,S3
1786342150.235,c2,recommend,,0.0,26.76,14.03,2.44,S3,0,,0,200.0,obs,1182,26.76,14.03,4.0,S3,26.76,14.03,4.0,S3,26.76,14.03,2.44,S3,8.924,0,S3,site_s3,S3,S3,S3
1786342151.235,c1,reserve,,0.0,26.34,13.67,1.82,S3,0,,0,36.0,obs,592,26.34,13.67,3.65,S3,26.34,13.67,3.65,S3,26.34,13.67,1.82,S3,9.069,0,S3,site_s3,S3,S3,S3
1786342151.235,c1,search,,0.0,31.1,20.71,6.88,S3,0,,0,4474.0,obs,886,31.1,20.71,10.98,S3,31.1,20.71,10.98,S3,31.1,20.71,6.88,S3,9.069,0,S3,site_s3,S3,S3,S3
1786342151.235,c1,recommend,,0.0,26.76,14.03,2.46,S3,0,,0,200.0,obs,1187,26.76,14.03,4.0,S3,26.76,14.03,4.0,S3,26.76,14.03,2.46,S3,9.069,0,S3,site_s3,S3,S3,S3
1786342151.235,c2,reserve,,0.0,26.34,13.67,1.82,S3,0,,0,36.0,obs,592,26.34,13.67,3.65,S3,26.34,13.67,3.65,S3,26.34,13.67,1.82,S3,9.069,0,S3,site_s3,S3,S3,S3
1786342151.235,c2,search,,0.0,31.1,20.71,6.88,S3,0,,0,4474.0,obs,886,31.1,20.71,10.98,S3,31.1,20.71,10.98,S3,31.1,20.71,6.88,S3,9.069,0,S3,site_s3,S3,S3,S3
1786342151.235,c2,recommend,,0.0,26.76,14.03,2.46,S3,0,,0,200.0,obs,1187,26.76,14.03,4.0,S3,26.76,14.03,4.0,S3,26.76,14.03,2.46,S3,9.069,0,S3,site_s3,S3,S3,S3
1786342152.235,c1,reserve,,0.0,26.34,13.67,1.6,S3,0,,0,36.0,obs,593,26.34,13.67,3.65,S3,26.34,13.67,3.65,S3,26.34,13.67,1.6,S3,8.906,0,S3,site_s3,S3,S3,S3
1786342152.235,c1,search,,0.0,31.1,20.71,6.66,S3,0,,0,4474.0,obs,889,31.1,20.71,10.98,S3,31.1,20.71,10.98,S3,31.1,20.71,6.66,S3,8.906,0,S3,site_s3,S3,S3,S3
1786342152.235,c1,recommend,,0.0,26.76,14.03,2.32,S3,0,,0,200.0,obs,1183,26.76,14.03,4.0,S3,26.76,14.03,4.0,S3,26.76,14.03,2.32,S3,8.906,0,S3,site_s3,S3,S3,S3
1786342152.235,c2,reserve,,0.0,26.34,13.67,1.6,S3,0,,0,36.0,obs,593,26.34,13.67,3.65,S3,26.34,13.67,3.65,S3,26.34,13.67,1.6,S3,8.906,0,S3,site_s3,S3,S3,S3
1786342152.235,c2,search,,0.0,31.1,20.71,6.66,S3,0,,0,4474.0,obs,889,31.1,20.71,10.98,S3,31.1,20.71,10.98,S3,31.1,20.71,6.66,S3,8.906,0,S3,site_s3,S3,S3,S3
1786342152.235,c2,recommend,,0.0,26.76,14.03,2.32,S3,0,,0,200.0,obs,1183,26.76,14.03,4.0,S3,26.76,14.03,4.0,S3,26.76,14.03,2.32,S3,8.906,0,S3,site_s3,S3,S3,S3
1786342153.235,c1,reserve,,0.0,26.34,13.67,1.5,S3,0,,0,36.0,obs,591,26.34,13.67,3.65,S3,26.34,13.67,3.65,S3,26.34,13.67,1.5,S3,8.992,0,S3,site_s3,S3,S3,S3
1786342153.235,c1,search,,0.0,31.1,20.71,6.65,S3,0,,0,4474.0,obs,889,31.1,20.71,10.98,S3,31.1,20.71,10.98,S3,31.1,20.71,6.65,S3,8.992,0,S3,site_s3,S3,S3,S3
1786342153.235,c1,recommend,,0.0,26.76,14.03,2.36,S3,0,,0,200.0,obs,1190,26.76,14.03,4.0,S3,26.76,14.03,4.0,S3,26.76,14.03,2.36,S3,8.992,0,S3,site_s3,S3,S3,S3
1786342153.235,c2,reserve,,0.0,26.34,13.67,1.5,S3,0,,0,36.0,obs,591,26.34,13.67,3.65,S3,26.34,13.67,3.65,S3,26.34,13.67,1.5,S3,8.992,0,S3,site_s3,S3,S3,S3
1786342153.235,c2,search,,0.0,31.1,20.71,6.65,S3,0,,0,4474.0,obs,889,31.1,20.71,10.98,S3,31.1,20.71,10.98,S3,31.1,20.71,6.65,S3,8.992,0,S3,site_s3,S3,S3,S3
1786342153.235,c2,recommend,,0.0,26.76,14.03,2.36,S3,0,,0,200.0,obs,1190,26.76,14.03,4.0,S3,26.76,14.03,4.0,S3,26.76,14.03,2.36,S3,8.992,0,S3,site_s3,S3,S3,S3
1786342154.235,c1,reserve,,0.0,26.34,13.67,1.64,S3,0,,0,36.0,obs,597,26.34,13.67,3.65,S3,26.34,13.67,3.65,S3,26.34,13.67,1.64,S3,8.936,0,S3,site_s3,S3,S3,S3
1786342154.235,c1,search,,0.0,31.1,20.71,6.77,S3,0,,0,4474.0,obs,888,31.1,20.71,10.98,S3,31.1,20.71,10.98,S3,31.1,20.71,6.77,S3,8.936,0,S3,site_s3,S3,S3,S3
1786342154.235,c1,recommend,,0.0,26.76,14.03,2.45,S3,0,,0,200.0,obs,1185,26.76,14.03,4.0,S3,26.76,14.03,4.0,S3,26.76,14.03,2.45,S3,8.936,0,S3,site_s3,S3,S3,S3
1786342154.235,c2,reserve,,0.0,26.34,13.67,1.64,S3,0,,0,36.0,obs,597,26.34,13.67,3.65,S3,26.34,13.67,3.65,S3,26.34,13.67,1.64,S3,8.936,0,S3,site_s3,S3,S3,S3
1786342154.235,c2,search,,0.0,31.1,20.71,6.77,S3,0,,0,4474.0,obs,888,31.1,20.71,10.98,S3,31.1,20.71,10.98,S3,31.1,20.71,6.77,S3,8.936,0,S3,site_s3,S3,S3,S3
1786342154.235,c2,recommend,,0.0,26.76,14.03,2.45,S3,0,,0,200.0,obs,1185,26.76,14.03,4.0,S3,26.76,14.03,4.0,S3,26.76,14.03,2.45,S3,8.936,0,S3,site_s3,S3,S3,S3
1786342155.235,c1,reserve,,0.0,26.34,13.67,1.6,S3,0,,0,36.0,obs,591,26.34,13.67,3.65,S3,26.34,13.67,3.65,S3,26.34,13.67,1.6,S3,8.925,0,S3,site_s3,S3,S3,S3
1786342155.235,c1,search,,0.0,31.1,20.71,6.34,S3,0,,0,4474.0,obs,890,31.1,20.71,10.98,S3,31.1,20.71,10.98,S3,31.1,20.71,6.34,S3,8.925,0,S3,site_s3,S3,S3,S3
1786342155.235,c1,recommend,,0.0,26.76,14.03,2.42,S3,0,,0,200.0,obs,1189,26.76,14.03,4.0,S3,26.76,14.03,4.0,S3,26.76,14.03,2.42,S3,8.925,0,S3,site_s3,S3,S3,S3
1786342155.235,c2,reserve,,0.0,26.34,13.67,1.6,S3,0,,0,36.0,obs,591,26.34,13.67,3.65,S3,26.34,13.67,3.65,S3,26.34,13.67,1.6,S3,8.925,0,S3,site_s3,S3,S3,S3
1786342155.235,c2,search,,0.0,31.1,20.71,6.34,S3,0,,0,4474.0,obs,890,31.1,20.71,10.98,S3,31.1,20.71,10.98,S3,31.1,20.71,6.34,S3,8.925,0,S3,site_s3,S3,S3,S3
1786342155.235,c2,recommend,,0.0,26.76,14.03,2.42,S3,0,,0,200.0,obs,1189,26.76,14.03,4.0,S3,26.76,14.03,4.0,S3,26.76,14.03,2.42,S3,8.925,0,S3,site_s3,S3,S3,S3
1786342156.235,c1,reserve,,0.0,26.34,13.67,1.89,S3,0,,0,36.0,obs,596,26.34,13.67,3.65,S3,26.34,13.67,3.65,S3,26.34,13.67,1.89,S3,9.107,0,S3,site_s3,S3,S3,S3
1786342156.235,c1,search,,0.0,31.1,20.71,6.56,S3,0,,0,4474.0,obs,887,31.1,20.71,10.98,S3,31.1,20.71,10.98,S3,31.1,20.71,6.56,S3,9.107,0,S3,site_s3,S3,S3,S3
1786342156.235,c1,recommend,,0.0,26.76,14.03,2.43,S3,0,,0,200.0,obs,1190,26.76,14.03,4.0,S3,26.76,14.03,4.0,S3,26.76,14.03,2.43,S3,9.107,0,S3,site_s3,S3,S3,S3
1786342156.235,c2,reserve,,0.0,26.34,13.67,1.89,S3,0,,0,36.0,obs,596,26.34,13.67,3.65,S3,26.34,13.67,3.65,S3,26.34,13.67,1.89,S3,9.107,0,S3,site_s3,S3,S3,S3
1786342156.235,c2,search,,0.0,31.1,20.71,6.56,S3,0,,0,4474.0,obs,887,31.1,20.71,10.98,S3,31.1,20.71,10.98,S3,31.1,20.71,6.56,S3,9.107,0,S3,site_s3,S3,S3,S3
1786342156.235,c2,recommend,,0.0,26.76,14.03,2.43,S3,0,,0,200.0,obs,1190,26.76,14.03,4.0,S3,26.76,14.03,4.0,S3,26.76,14.03,2.43,S3,9.107,0,S3,site_s3,S3,S3,S3
1786342157.235,c1,reserve,,0.0,26.34,13.67,1.69,S3,0,,0,36.0,obs,594,26.34,13.67,3.65,S3,26.34,13.67,3.65,S3,26.34,13.67,1.69,S3,8.947,0,S3,site_s3,S3,S3,S3
1786342157.235,c1,search,,0.0,31.1,20.71,6.56,S3,0,,0,4474.0,obs,892,31.1,20.71,10.98,S3,31.1,20.71,10.98,S3,31.1,20.71,6.56,S3,8.947,0,S3,site_s3,S3,S3,S3
1786342157.235,c1,recommend,,0.0,26.76,14.03,2.26,S3,0,,0,200.0,obs,1190,26.76,14.03,4.0,S3,26.76,14.03,4.0,S3,26.76,14.03,2.26,S3,8.947,0,S3,site_s3,S3,S3,S3
1786342157.235,c2,reserve,,0.0,26.34,13.67,1.69,S3,0,,0,36.0,obs,594,26.34,13.67,3.65,S3,26.34,13.67,3.65,S3,26.34,13.67,1.69,S3,8.947,0,S3,site_s3,S3,S3,S3
1786342157.235,c2,search,,0.0,31.1,20.71,6.56,S3,0,,0,4474.0,obs,892,31.1,20.71,10.98,S3,31.1,20.71,10.98,S3,31.1,20.71,6.56,S3,8.947,0,S3,site_s3,S3,S3,S3
1786342157.235,c2,recommend,,0.0,26.76,14.03,2.26,S3,0,,0,200.0,obs,1190,26.76,14.03,4.0,S3,26.76,14.03,4.0,S3,26.76,14.03,2.26,S3,8.947,0,S3,site_s3,S3,S3,S3
1786342158.235,c1,reserve,,0.0,26.34,13.67,1.64,S3,0,,0,36.0,obs,594,26.34,13.67,3.65,S3,26.34,13.67,3.65,S3,26.34,13.67,1.64,S3,8.864,0,S3,site_s3,S3,S3,S3
1786342158.235,c1,search,,0.0,31.1,20.71,6.46,S3,0,,0,4474.0,obs,887,31.1,20.71,10.98,S3,31.1,20.71,10.98,S3,31.1,20.71,6.46,S3,8.864,0,S3,site_s3,S3,S3,S3
1786342158.235,c1,recommend,,0.0,26.76,14.03,2.31,S3,0,,0,200.0,obs,1192,26.76,14.03,4.0,S3,26.76,14.03,4.0,S3,26.76,14.03,2.31,S3,8.864,0,S3,site_s3,S3,S3,S3
1786342158.235,c2,reserve,,0.0,26.34,13.67,1.64,S3,0,,0,36.0,obs,594,26.34,13.67,3.65,S3,26.34,13.67,3.65,S3,26.34,13.67,1.64,S3,8.864,0,S3,site_s3,S3,S3,S3
1786342158.235,c2,search,,0.0,31.1,20.71,6.46,S3,0,,0,4474.0,obs,887,31.1,20.71,10.98,S3,31.1,20.71,10.98,S3,31.1,20.71,6.46,S3,8.864,0,S3,site_s3,S3,S3,S3
1786342158.235,c2,recommend,,0.0,26.76,14.03,2.31,S3,0,,0,200.0,obs,1192,26.76,14.03,4.0,S3,26.76,14.03,4.0,S3,26.76,14.03,2.31,S3,8.864,0,S3,site_s3,S3,S3,S3
1786342159.236,c1,reserve,,0.0,26.34,13.67,1.89,S3,0,,0,36.0,obs,597,26.34,13.67,3.65,S3,26.34,13.67,3.65,S3,26.34,13.67,1.89,S3,8.95,0,S3,site_s3,S3,S3,S3
1786342159.236,c1,search,,0.0,31.1,20.71,6.82,S3,0,,0,4474.0,obs,891,31.1,20.71,10.98,S3,31.1,20.71,10.98,S3,31.1,20.71,6.82,S3,8.95,0,S3,site_s3,S3,S3,S3
1786342159.236,c1,recommend,,0.0,26.76,14.03,2.33,S3,0,,0,200.0,obs,1187,26.76,14.03,4.0,S3,26.76,14.03,4.0,S3,26.76,14.03,2.33,S3,8.95,0,S3,site_s3,S3,S3,S3
1786342159.236,c2,reserve,,0.0,26.34,13.67,1.89,S3,0,,0,36.0,obs,597,26.34,13.67,3.65,S3,26.34,13.67,3.65,S3,26.34,13.67,1.89,S3,8.95,0,S3,site_s3,S3,S3,S3
1786342159.236,c2,search,,0.0,31.1,20.71,6.82,S3,0,,0,4474.0,obs,891,31.1,20.71,10.98,S3,31.1,20.71,10.98,S3,31.1,20.71,6.82,S3,8.95,0,S3,site_s3,S3,S3,S3
1786342159.236,c2,recommend,,0.0,26.76,14.03,2.33,S3,0,,0,200.0,obs,1187,26.76,14.03,4.0,S3,26.76,14.03,4.0,S3,26.76,14.03,2.33,S3,8.95,0,S3,site_s3,S3,S3,S3
1786342160.235,c1,reserve,,0.0,26.34,13.67,1.76,S3,0,,0,36.0,obs,593,26.34,13.67,3.65,S3,26.34,13.67,3.65,S3,26.34,13.67,1.76,S3,9.02,0,S3,site_s3,S3,S3,S3
1786342160.235,c1,search,,0.0,31.1,20.71,6.75,S3,0,,0,4474.0,obs,891,31.1,20.71,10.98,S3,31.1,20.71,10.98,S3,31.1,20.71,6.75,S3,9.02,0,S3,site_s3,S3,S3,S3
1786342160.235,c1,recommend,,0.0,26.76,14.03,2.26,S3,0,,0,200.0,obs,1195,26.76,14.03,4.0,S3,26.76,14.03,4.0,S3,26.76,14.03,2.26,S3,9.02,0,S3,site_s3,S3,S3,S3
1786342160.235,c2,reserve,,0.0,26.34,13.67,1.76,S3,0,,0,36.0,obs,593,26.34,13.67,3.65,S3,26.34,13.67,3.65,S3,26.34,13.67,1.76,S3,9.02,0,S3,site_s3,S3,S3,S3
1786342160.235,c2,search,,0.0,31.1,20.71,6.75,S3,0,,0,4474.0,obs,891,31.1,20.71,10.98,S3,31.1,20.71,10.98,S3,31.1,20.71,6.75,S3,9.02,0,S3,site_s3,S3,S3,S3
1786342160.235,c2,recommend,,0.0,26.76,14.03,2.26,S3,0,,0,200.0,obs,1195,26.76,14.03,4.0,S3,26.76,14.03,4.0,S3,26.76,14.03,2.26,S3,9.02,0,S3,site_s3,S3,S3,S3
1786342161.235,c1,reserve,,0.0,26.34,13.67,1.82,S3,0,,0,36.0,obs,600,26.34,13.67,3.65,S3,26.34,13.67,3.65,S3,26.34,13.67,1.82,S3,8.909,0,S3,site_s3,S3,S3,S3
1786342161.235,c1,search,,0.0,31.1,20.71,6.75,S3,0,,0,4474.0,obs,892,31.1,20.71,10.98,S3,31.1,20.71,10.98,S3,31.1,20.71,6.75,S3,8.909,0,S3,site_s3,S3,S3,S3
1786342161.235,c1,recommend,,0.0,26.76,14.03,2.32,S3,0,,0,200.0,obs,1190,26.76,14.03,4.0,S3,26.76,14.03,4.0,S3,26.76,14.03,2.32,S3,8.909,0,S3,site_s3,S3,S3,S3
1786342161.235,c2,reserve,,0.0,26.34,13.67,1.82,S3,0,,0,36.0,obs,600,26.34,13.67,3.65,S3,26.34,13.67,3.65,S3,26.34,13.67,1.82,S3,8.909,0,S3,site_s3,S3,S3,S3
1786342161.235,c2,search,,0.0,31.1,20.71,6.75,S3,0,,0,4474.0,obs,892,31.1,20.71,10.98,S3,31.1,20.71,10.98,S3,31.1,20.71,6.75,S3,8.909,0,S3,site_s3,S3,S3,S3
1786342161.235,c2,recommend,,0.0,26.76,14.03,2.32,S3,0,,0,200.0,obs,1190,26.76,14.03,4.0,S3,26.76,14.03,4.0,S3,26.76,14.03,2.32,S3,8.909,0,S3,site_s3,S3,S3,S3
1786342162.235,c1,reserve,,0.0,26.34,13.67,1.79,S3,0,,0,36.0,obs,593,26.34,13.67,3.65,S3,26.34,13.67,3.65,S3,26.34,13.67,1.79,S3,8.906,0,S3,site_s3,S3,S3,S3
1786342162.235,c1,search,,0.0,31.1,20.71,6.27,S3,0,,0,4474.0,obs,888,31.1,20.71,10.98,S3,31.1,20.71,10.98,S3,31.1,20.71,6.27,S3,8.906,0,S3,site_s3,S3,S3,S3
1786342162.235,c1,recommend,,0.0,26.76,14.03,2.18,S3,0,,0,200.0,obs,1196,26.76,14.03,4.0,S3,26.76,14.03,4.0,S3,26.76,14.03,2.18,S3,8.906,0,S3,site_s3,S3,S3,S3
1786342162.235,c2,reserve,,0.0,26.34,13.67,1.79,S3,0,,0,36.0,obs,593,26.34,13.67,3.65,S3,26.34,13.67,3.65,S3,26.34,13.67,1.79,S3,8.906,0,S3,site_s3,S3,S3,S3
1786342162.235,c2,search,,0.0,31.1,20.71,6.27,S3,0,,0,4474.0,obs,888,31.1,20.71,10.98,S3,31.1,20.71,10.98,S3,31.1,20.71,6.27,S3,8.906,0,S3,site_s3,S3,S3,S3
1786342162.235,c2,recommend,,0.0,26.76,14.03,2.18,S3,0,,0,200.0,obs,1196,26.76,14.03,4.0,S3,26.76,14.03,4.0,S3,26.76,14.03,2.18,S3,8.906,0,S3,site_s3,S3,S3,S3
1786342163.235,c1,reserve,,0.0,26.34,13.67,1.57,S3,0,,0,36.0,obs,601,26.34,13.67,3.65,S3,26.34,13.67,3.65,S3,26.34,13.67,1.57,S3,8.891,0,S3,site_s3,S3,S3,S3
1786342163.235,c1,search,,0.0,31.1,20.71,5.33,S3,0,,0,4474.0,obs,892,31.1,20.71,10.98,S3,31.1,20.71,10.98,S3,31.1,20.71,5.33,S3,8.891,0,S3,site_s3,S3,S3,S3
1786342163.235,c1,recommend,,0.0,26.76,14.03,2.05,S3,0,,0,200.0,obs,1193,26.76,14.03,4.0,S3,26.76,14.03,4.0,S3,26.76,14.03,2.05,S3,8.891,0,S3,site_s3,S3,S3,S3
1786342163.235,c2,reserve,,0.0,26.34,13.67,1.57,S3,0,,0,36.0,obs,601,26.34,13.67,3.65,S3,26.34,13.67,3.65,S3,26.34,13.67,1.57,S3,8.891,0,S3,site_s3,S3,S3,S3
1786342163.235,c2,search,,0.0,31.1,20.71,5.33,S3,0,,0,4474.0,obs,892,31.1,20.71,10.98,S3,31.1,20.71,10.98,S3,31.1,20.71,5.33,S3,8.891,0,S3,site_s3,S3,S3,S3
1786342163.235,c2,recommend,,0.0,26.76,14.03,2.05,S3,0,,0,200.0,obs,1193,26.76,14.03,4.0,S3,26.76,14.03,4.0,S3,26.76,14.03,2.05,S3,8.891,0,S3,site_s3,S3,S3,S3
1786342164.235,c1,reserve,,0.0,26.34,13.67,1.7,S3,0,,0,36.0,obs,596,26.34,13.67,3.65,S3,26.34,13.67,3.65,S3,26.34,13.67,1.7,S3,8.938,0,S3,site_s3,S3,S3,S3
1786342164.235,c1,search,,0.0,31.1,20.71,6.55,S3,0,,0,4474.0,obs,897,31.1,20.71,10.98,S3,31.1,20.71,10.98,S3,31.1,20.71,6.55,S3,8.938,0,S3,site_s3,S3,S3,S3
1786342164.235,c1,recommend,,0.0,26.76,14.03,2.53,S3,0,,0,200.0,obs,1194,26.76,14.03,4.0,S3,26.76,14.03,4.0,S3,26.76,14.03,2.53,S3,8.938,0,S3,site_s3,S3,S3,S3
1786342164.235,c2,reserve,,0.0,26.34,13.67,1.7,S3,0,,0,36.0,obs,596,26.34,13.67,3.65,S3,26.34,13.67,3.65,S3,26.34,13.67,1.7,S3,8.938,0,S3,site_s3,S3,S3,S3
1786342164.235,c2,search,,0.0,31.1,20.71,6.55,S3,0,,0,4474.0,obs,897,31.1,20.71,10.98,S3,31.1,20.71,10.98,S3,31.1,20.71,6.55,S3,8.938,0,S3,site_s3,S3,S3,S3
1786342164.235,c2,recommend,,0.0,26.76,14.03,2.53,S3,0,,0,200.0,obs,1194,26.76,14.03,4.0,S3,26.76,14.03,4.0,S3,26.76,14.03,2.53,S3,8.938,0,S3,site_s3,S3,S3,S3
1786342165.235,c1,reserve,,0.0,26.34,13.67,1.8,S3,0,,0,36.0,obs,596,26.34,13.67,3.65,S3,26.34,13.67,3.65,S3,26.34,13.67,1.8,S3,8.926,0,S3,site_s3,S3,S3,S3
1786342165.235,c1,search,,0.0,31.1,20.71,6.88,S3,0,,0,4474.0,obs,893,31.1,20.71,10.98,S3,31.1,20.71,10.98,S3,31.1,20.71,6.88,S3,8.926,0,S3,site_s3,S3,S3,S3
1786342165.235,c1,recommend,,0.0,26.76,14.03,2.45,S3,0,,0,200.0,obs,1198,26.76,14.03,4.0,S3,26.76,14.03,4.0,S3,26.76,14.03,2.45,S3,8.926,0,S3,site_s3,S3,S3,S3
1786342165.235,c2,reserve,,0.0,26.34,13.67,1.8,S3,0,,0,36.0,obs,596,26.34,13.67,3.65,S3,26.34,13.67,3.65,S3,26.34,13.67,1.8,S3,8.926,0,S3,site_s3,S3,S3,S3
1786342165.235,c2,search,,0.0,31.1,20.71,6.88,S3,0,,0,4474.0,obs,893,31.1,20.71,10.98,S3,31.1,20.71,10.98,S3,31.1,20.71,6.88,S3,8.926,0,S3,site_s3,S3,S3,S3
1786342165.235,c2,recommend,,0.0,26.76,14.03,2.45,S3,0,,0,200.0,obs,1198,26.76,14.03,4.0,S3,26.76,14.03,4.0,S3,26.76,14.03,2.45,S3,8.926,0,S3,site_s3,S3,S3,S3
1786342166.235,c1,reserve,,0.0,26.34,13.67,1.94,S3,0,,0,36.0,obs,600,26.34,13.67,3.65,S3,26.34,13.67,3.65,S3,26.34,13.67,1.94,S3,8.948,0,S3,site_s3,S3,S3,S3
1786342166.235,c1,search,,0.0,31.1,20.71,6.74,S3,0,,0,4474.0,obs,897,31.1,20.71,10.98,S3,31.1,20.71,10.98,S3,31.1,20.71,6.74,S3,8.948,0,S3,site_s3,S3,S3,S3
1786342166.235,c1,recommend,,0.0,26.76,14.03,2.45,S3,0,,0,200.0,obs,1193,26.76,14.03,4.0,S3,26.76,14.03,4.0,S3,26.76,14.03,2.45,S3,8.948,0,S3,site_s3,S3,S3,S3
1786342166.235,c2,reserve,,0.0,26.34,13.67,1.94,S3,0,,0,36.0,obs,600,26.34,13.67,3.65,S3,26.34,13.67,3.65,S3,26.34,13.67,1.94,S3,8.948,0,S3,site_s3,S3,S3,S3
1786342166.235,c2,search,,0.0,31.1,20.71,6.74,S3,0,,0,4474.0,obs,897,31.1,20.71,10.98,S3,31.1,20.71,10.98,S3,31.1,20.71,6.74,S3,8.948,0,S3,site_s3,S3,S3,S3
1786342166.235,c2,recommend,,0.0,26.76,14.03,2.45,S3,0,,0,200.0,obs,1193,26.76,14.03,4.0,S3,26.76,14.03,4.0,S3,26.76,14.03,2.45,S3,8.948,0,S3,site_s3,S3,S3,S3
1786342167.235,c1,reserve,,0.0,26.34,13.67,1.37,S3,0,,0,36.0,obs,596,26.34,13.67,3.65,S3,26.34,13.67,3.65,S3,26.34,13.67,1.37,S3,8.892,0,S3,site_s3,S3,S3,S3
1786342167.235,c1,search,,0.0,31.1,20.71,6.09,S3,0,,0,4474.0,obs,896,31.1,20.71,10.98,S3,31.1,20.71,10.98,S3,31.1,20.71,6.09,S3,8.892,0,S3,site_s3,S3,S3,S3
1786342167.235,c1,recommend,,0.0,26.76,14.03,2.25,S3,0,,0,200.0,obs,1199,26.76,14.03,4.0,S3,26.76,14.03,4.0,S3,26.76,14.03,2.25,S3,8.892,0,S3,site_s3,S3,S3,S3
1786342167.235,c2,reserve,,0.0,26.34,13.67,1.37,S3,0,,0,36.0,obs,596,26.34,13.67,3.65,S3,26.34,13.67,3.65,S3,26.34,13.67,1.37,S3,8.892,0,S3,site_s3,S3,S3,S3
1786342167.235,c2,search,,0.0,31.1,20.71,6.09,S3,0,,0,4474.0,obs,896,31.1,20.71,10.98,S3,31.1,20.71,10.98,S3,31.1,20.71,6.09,S3,8.892,0,S3,site_s3,S3,S3,S3
1786342167.235,c2,recommend,,0.0,26.76,14.03,2.25,S3,0,,0,200.0,obs,1199,26.76,14.03,4.0,S3,26.76,14.03,4.0,S3,26.76,14.03,2.25,S3,8.892,0,S3,site_s3,S3,S3,S3
1786342168.235,c1,reserve,,0.0,26.34,13.67,1.37,S3,0,,0,36.0,obs,602,26.34,13.67,3.65,S3,26.34,13.67,3.65,S3,26.34,13.67,1.37,S3,8.941,0,S3,site_s3,S3,S3,S3
1786342168.235,c1,search,,0.0,31.1,20.71,6.52,S3,0,,0,4474.0,obs,896,31.1,20.71,10.98,S3,31.1,20.71,10.98,S3,31.1,20.71,6.52,S3,8.941,0,S3,site_s3,S3,S3,S3
1786342168.235,c1,recommend,,0.0,26.76,14.03,2.25,S3,0,,0,200.0,obs,1194,26.76,14.03,4.0,S3,26.76,14.03,4.0,S3,26.76,14.03,2.25,S3,8.941,0,S3,site_s3,S3,S3,S3
1786342168.235,c2,reserve,,0.0,26.34,13.67,1.37,S3,0,,0,36.0,obs,602,26.34,13.67,3.65,S3,26.34,13.67,3.65,S3,26.34,13.67,1.37,S3,8.941,0,S3,site_s3,S3,S3,S3
1786342168.235,c2,search,,0.0,31.1,20.71,6.52,S3,0,,0,4474.0,obs,896,31.1,20.71,10.98,S3,31.1,20.71,10.98,S3,31.1,20.71,6.52,S3,8.941,0,S3,site_s3,S3,S3,S3
1786342168.235,c2,recommend,,0.0,26.76,14.03,2.25,S3,0,,0,200.0,obs,1194,26.76,14.03,4.0,S3,26.76,14.03,4.0,S3,26.76,14.03,2.25,S3,8.941,0,S3,site_s3,S3,S3,S3
1786342169.235,c1,reserve,,0.0,26.34,13.67,1.91,S3,0,,0,36.0,obs,597,26.34,13.67,3.65,S3,26.34,13.67,3.65,S3,26.34,13.67,1.91,S3,8.985,0,S3,site_s3,S3,S3,S3
1786342169.235,c1,search,,0.0,31.1,20.71,6.82,S3,0,,0,4474.0,obs,896,31.1,20.71,10.98,S3,31.1,20.71,10.98,S3,31.1,20.71,6.82,S3,8.985,0,S3,site_s3,S3,S3,S3
1786342169.235,c1,recommend,,0.0,26.76,14.03,2.41,S3,0,,0,200.0,obs,1201,26.76,14.03,4.0,S3,26.76,14.03,4.0,S3,26.76,14.03,2.41,S3,8.985,0,S3,site_s3,S3,S3,S3
1786342169.235,c2,reserve,,0.0,26.34,13.67,1.91,S3,0,,0,36.0,obs,597,26.34,13.67,3.65,S3,26.34,13.67,3.65,S3,26.34,13.67,1.91,S3,8.985,0,S3,site_s3,S3,S3,S3
1786342169.235,c2,search,,0.0,31.1,20.71,6.82,S3,0,,0,4474.0,obs,896,31.1,20.71,10.98,S3,31.1,20.71,10.98,S3,31.1,20.71,6.82,S3,8.985,0,S3,site_s3,S3,S3,S3
1786342169.235,c2,recommend,,0.0,26.76,14.03,2.41,S3,0,,0,200.0,obs,1201,26.76,14.03,4.0,S3,26.76,14.03,4.0,S3,26.76,14.03,2.41,S3,8.985,0,S3,site_s3,S3,S3,S3
1786342170.235,c1,reserve,,0.0,26.34,13.67,1.89,S3,0,,0,36.0,obs,603,26.34,13.67,3.65,S3,26.34,13.67,3.65,S3,26.34,13.67,1.89,S3,9.292,0,S3,site_s3,S3,S3,S3
1786342170.235,c1,search,,0.0,31.1,20.71,6.73,S3,0,,0,4474.0,obs,895,31.1,20.71,10.98,S3,31.1,20.71,10.98,S3,31.1,20.71,6.73,S3,9.292,0,S3,site_s3,S3,S3,S3
1786342170.235,c1,recommend,,0.0,26.76,14.03,2.46,S3,0,,0,200.0,obs,1197,26.76,14.03,4.0,S3,26.76,14.03,4.0,S3,26.76,14.03,2.46,S3,9.292,0,S3,site_s3,S3,S3,S3
1786342170.235,c2,reserve,,0.0,26.34,13.67,1.89,S3,0,,0,36.0,obs,603,26.34,13.67,3.65,S3,26.34,13.67,3.65,S3,26.34,13.67,1.89,S3,9.292,0,S3,site_s3,S3,S3,S3
1786342170.235,c2,search,,0.0,31.1,20.71,6.73,S3,0,,0,4474.0,obs,895,31.1,20.71,10.98,S3,31.1,20.71,10.98,S3,31.1,20.71,6.73,S3,9.292,0,S3,site_s3,S3,S3,S3
1786342170.235,c2,recommend,,0.0,26.76,14.03,2.46,S3,0,,0,200.0,obs,1197,26.76,14.03,4.0,S3,26.76,14.03,4.0,S3,26.76,14.03,2.46,S3,9.292,0,S3,site_s3,S3,S3,S3
1786342171.235,c1,reserve,,0.0,26.34,13.67,1.61,S3,0,,0,36.0,obs,598,26.34,13.67,3.65,S3,26.34,13.67,3.65,S3,26.34,13.67,1.61,S3,9.022,0,S3,site_s3,S3,S3,S3
1786342171.235,c1,search,,0.0,31.1,20.71,5.98,S3,0,,0,4474.0,obs,900,31.1,20.71,10.98,S3,31.1,20.71,10.98,S3,31.1,20.71,5.98,S3,9.022,0,S3,site_s3,S3,S3,S3
1786342171.235,c1,recommend,,0.0,26.76,14.03,2.38,S3,0,,0,200.0,obs,1199,26.76,14.03,4.0,S3,26.76,14.03,4.0,S3,26.76,14.03,2.38,S3,9.022,0,S3,site_s3,S3,S3,S3
1786342171.235,c2,reserve,,0.0,26.34,13.67,1.61,S3,0,,0,36.0,obs,598,26.34,13.67,3.65,S3,26.34,13.67,3.65,S3,26.34,13.67,1.61,S3,9.022,0,S3,site_s3,S3,S3,S3
1786342171.235,c2,search,,0.0,31.1,20.71,5.98,S3,0,,0,4474.0,obs,900,31.1,20.71,10.98,S3,31.1,20.71,10.98,S3,31.1,20.71,5.98,S3,9.022,0,S3,site_s3,S3,S3,S3
1786342171.235,c2,recommend,,0.0,26.76,14.03,2.38,S3,0,,0,200.0,obs,1199,26.76,14.03,4.0,S3,26.76,14.03,4.0,S3,26.76,14.03,2.38,S3,9.022,0,S3,site_s3,S3,S3,S3
1786342172.235,c1,reserve,,0.0,26.34,13.67,1.71,S3,0,,0,36.0,obs,599,26.34,13.67,3.65,S3,26.34,13.67,3.65,S3,26.34,13.67,1.71,S3,8.988,0,S3,site_s3,S3,S3,S3
1786342172.235,c1,search,,0.0,31.1,20.71,6.21,S3,0,,0,4474.0,obs,898,31.1,20.71,10.98,S3,31.1,20.71,10.98,S3,31.1,20.71,6.21,S3,8.988,0,S3,site_s3,S3,S3,S3
1786342172.235,c1,recommend,,0.0,26.76,14.03,2.35,S3,0,,0,200.0,obs,1201,26.76,14.03,4.0,S3,26.76,14.03,4.0,S3,26.76,14.03,2.35,S3,8.988,0,S3,site_s3,S3,S3,S3
1786342172.235,c2,reserve,,0.0,26.34,13.67,1.71,S3,0,,0,36.0,obs,599,26.34,13.67,3.65,S3,26.34,13.67,3.65,S3,26.34,13.67,1.71,S3,8.988,0,S3,site_s3,S3,S3,S3
1786342172.235,c2,search,,0.0,31.1,20.71,6.21,S3,0,,0,4474.0,obs,898,31.1,20.71,10.98,S3,31.1,20.71,10.98,S3,31.1,20.71,6.21,S3,8.988,0,S3,site_s3,S3,S3,S3
1786342172.235,c2,recommend,,0.0,26.76,14.03,2.35,S3,0,,0,200.0,obs,1201,26.76,14.03,4.0,S3,26.76,14.03,4.0,S3,26.76,14.03,2.35,S3,8.988,0,S3,site_s3,S3,S3,S3
1786342173.235,c1,reserve,,0.0,26.34,13.67,1.77,S3,0,,0,36.0,obs,600,26.34,13.67,3.65,S3,26.34,13.67,3.65,S3,26.34,13.67,1.77,S3,9.09,0,S3,site_s3,S3,S3,S3
1786342173.235,c1,search,,0.0,31.1,20.71,6.64,S3,0,,0,4474.0,obs,901,31.1,20.71,10.98,S3,31.1,20.71,10.98,S3,31.1,20.71,6.64,S3,9.09,0,S3,site_s3,S3,S3,S3
1786342173.235,c1,recommend,,0.0,26.76,14.03,2.34,S3,0,,0,200.0,obs,1200,26.76,14.03,4.0,S3,26.76,14.03,4.0,S3,26.76,14.03,2.34,S3,9.09,0,S3,site_s3,S3,S3,S3
1786342173.235,c2,reserve,,0.0,26.34,13.67,1.77,S3,0,,0,36.0,obs,600,26.34,13.67,3.65,S3,26.34,13.67,3.65,S3,26.34,13.67,1.77,S3,9.09,0,S3,site_s3,S3,S3,S3
1786342173.235,c2,search,,0.0,31.1,20.71,6.64,S3,0,,0,4474.0,obs,901,31.1,20.71,10.98,S3,31.1,20.71,10.98,S3,31.1,20.71,6.64,S3,9.09,0,S3,site_s3,S3,S3,S3
1786342173.235,c2,recommend,,0.0,26.76,14.03,2.34,S3,0,,0,200.0,obs,1200,26.76,14.03,4.0,S3,26.76,14.03,4.0,S3,26.76,14.03,2.34,S3,9.09,0,S3,site_s3,S3,S3,S3
1786342174.235,c1,reserve,,0.0,26.34,13.67,1.75,S3,0,,0,36.0,obs,598,26.34,13.67,3.65,S3,26.34,13.67,3.65,S3,26.34,13.67,1.75,S3,8.916,0,S3,site_s3,S3,S3,S3
1786342174.235,c1,search,,0.0,31.1,20.71,6.79,S3,0,,0,4474.0,obs,899,31.1,20.71,10.98,S3,31.1,20.71,10.98,S3,31.1,20.71,6.79,S3,8.916,0,S3,site_s3,S3,S3,S3
1786342174.235,c1,recommend,,0.0,26.76,14.03,2.42,S3,0,,0,200.0,obs,1205,26.76,14.03,4.0,S3,26.76,14.03,4.0,S3,26.76,14.03,2.42,S3,8.916,0,S3,site_s3,S3,S3,S3
1786342174.235,c2,reserve,,0.0,26.34,13.67,1.75,S3,0,,0,36.0,obs,598,26.34,13.67,3.65,S3,26.34,13.67,3.65,S3,26.34,13.67,1.75,S3,8.916,0,S3,site_s3,S3,S3,S3
1786342174.235,c2,search,,0.0,31.1,20.71,6.79,S3,0,,0,4474.0,obs,899,31.1,20.71,10.98,S3,31.1,20.71,10.98,S3,31.1,20.71,6.79,S3,8.916,0,S3,site_s3,S3,S3,S3
1786342174.235,c2,recommend,,0.0,26.76,14.03,2.42,S3,0,,0,200.0,obs,1205,26.76,14.03,4.0,S3,26.76,14.03,4.0,S3,26.76,14.03,2.42,S3,8.916,0,S3,site_s3,S3,S3,S3
1786342175.235,c1,reserve,,0.0,26.34,13.67,1.75,S3,0,,0,36.0,obs,604,26.34,13.67,3.65,S3,26.34,13.67,3.65,S3,26.34,13.67,1.75,S3,8.955,0,S3,site_s3,S3,S3,S3
1786342175.235,c1,search,,0.0,31.1,20.71,6.9,S3,0,,0,4474.0,obs,900,31.1,20.71,10.98,S3,31.1,20.71,10.98,S3,31.1,20.71,6.9,S3,8.955,0,S3,site_s3,S3,S3,S3
1786342175.235,c1,recommend,,0.0,26.76,14.03,2.37,S3,0,,0,200.0,obs,1199,26.76,14.03,4.0,S3,26.76,14.03,4.0,S3,26.76,14.03,2.37,S3,8.955,0,S3,site_s3,S3,S3,S3
1786342175.235,c2,reserve,,0.0,26.34,13.67,1.75,S3,0,,0,36.0,obs,604,26.34,13.67,3.65,S3,26.34,13.67,3.65,S3,26.34,13.67,1.75,S3,8.955,0,S3,site_s3,S3,S3,S3
1786342175.235,c2,search,,0.0,31.1,20.71,6.9,S3,0,,0,4474.0,obs,900,31.1,20.71,10.98,S3,31.1,20.71,10.98,S3,31.1,20.71,6.9,S3,8.955,0,S3,site_s3,S3,S3,S3
1786342175.235,c2,recommend,,0.0,26.76,14.03,2.37,S3,0,,0,200.0,obs,1199,26.76,14.03,4.0,S3,26.76,14.03,4.0,S3,26.76,14.03,2.37,S3,8.955,0,S3,site_s3,S3,S3,S3
1786342176.235,c1,reserve,,0.0,26.34,13.67,1.61,S3,0,,0,36.0,obs,598,26.34,13.67,3.65,S3,26.34,13.67,3.65,S3,26.34,13.67,1.61,S3,8.944,0,S3,site_s3,S3,S3,S3
1786342176.235,c1,search,,0.0,31.1,20.71,6.25,S3,0,,0,4474.0,obs,899,31.1,20.71,10.98,S3,31.1,20.71,10.98,S3,31.1,20.71,6.25,S3,8.944,0,S3,site_s3,S3,S3,S3
1786342176.235,c1,recommend,,0.0,26.76,14.03,2.33,S3,0,,0,200.0,obs,1205,26.76,14.03,4.0,S3,26.76,14.03,4.0,S3,26.76,14.03,2.33,S3,8.944,0,S3,site_s3,S3,S3,S3
1786342176.235,c2,reserve,,0.0,26.34,13.67,1.61,S3,0,,0,36.0,obs,598,26.34,13.67,3.65,S3,26.34,13.67,3.65,S3,26.34,13.67,1.61,S3,8.944,0,S3,site_s3,S3,S3,S3
1786342176.235,c2,search,,0.0,31.1,20.71,6.25,S3,0,,0,4474.0,obs,899,31.1,20.71,10.98,S3,31.1,20.71,10.98,S3,31.1,20.71,6.25,S3,8.944,0,S3,site_s3,S3,S3,S3
1786342176.235,c2,recommend,,0.0,26.76,14.03,2.33,S3,0,,0,200.0,obs,1205,26.76,14.03,4.0,S3,26.76,14.03,4.0,S3,26.76,14.03,2.33,S3,8.944,0,S3,site_s3,S3,S3,S3
1786342177.235,c1,reserve,,0.0,26.34,13.67,1.46,S3,0,,0,36.0,obs,604,26.34,13.67,3.65,S3,26.34,13.67,3.65,S3,26.34,13.67,1.46,S3,9.071,0,S3,site_s3,S3,S3,S3
1786342177.235,c1,search,,0.0,31.1,20.71,6.02,S3,0,,0,4474.0,obs,897,31.1,20.71,10.98,S3,31.1,20.71,10.98,S3,31.1,20.71,6.02,S3,9.071,0,S3,site_s3,S3,S3,S3
1786342177.235,c1,recommend,,0.0,26.76,14.03,2.06,S3,0,,0,200.0,obs,1202,26.76,14.03,4.0,S3,26.76,14.03,4.0,S3,26.76,14.03,2.06,S3,9.071,0,S3,site_s3,S3,S3,S3
1786342177.235,c2,reserve,,0.0,26.34,13.67,1.46,S3,0,,0,36.0,obs,604,26.34,13.67,3.65,S3,26.34,13.67,3.65,S3,26.34,13.67,1.46,S3,9.071,0,S3,site_s3,S3,S3,S3
1786342177.235,c2,search,,0.0,31.1,20.71,6.02,S3,0,,0,4474.0,obs,897,31.1,20.71,10.98,S3,31.1,20.71,10.98,S3,31.1,20.71,6.02,S3,9.071,0,S3,site_s3,S3,S3,S3
1786342177.235,c2,recommend,,0.0,26.76,14.03,2.06,S3,0,,0,200.0,obs,1202,26.76,14.03,4.0,S3,26.76,14.03,4.0,S3,26.76,14.03,2.06,S3,9.071,0,S3,site_s3,S3,S3,S3
1786342178.235,c1,reserve,,0.0,26.34,13.67,1.58,S3,0,,0,36.0,obs,598,26.34,13.67,3.65,S3,26.34,13.67,3.65,S3,26.34,13.67,1.58,S3,8.858,0,S3,site_s3,S3,S3,S3
1786342178.235,c1,search,,0.0,31.1,20.71,5.85,S3,0,,0,4474.0,obs,902,31.1,20.71,10.98,S3,31.1,20.71,10.98,S3,31.1,20.71,5.85,S3,8.858,0,S3,site_s3,S3,S3,S3
1786342178.235,c1,recommend,,0.0,26.76,14.03,1.92,S3,0,,0,200.0,obs,1204,26.76,14.03,4.0,S3,26.76,14.03,4.0,S3,26.76,14.03,1.92,S3,8.858,0,S3,site_s3,S3,S3,S3
1786342178.235,c2,reserve,,0.0,26.34,13.67,1.58,S3,0,,0,36.0,obs,598,26.34,13.67,3.65,S3,26.34,13.67,3.65,S3,26.34,13.67,1.58,S3,8.858,0,S3,site_s3,S3,S3,S3
1786342178.235,c2,search,,0.0,31.1,20.71,5.85,S3,0,,0,4474.0,obs,902,31.1,20.71,10.98,S3,31.1,20.71,10.98,S3,31.1,20.71,5.85,S3,8.858,0,S3,site_s3,S3,S3,S3
1786342178.235,c2,recommend,,0.0,26.76,14.03,1.92,S3,0,,0,200.0,obs,1204,26.76,14.03,4.0,S3,26.76,14.03,4.0,S3,26.76,14.03,1.92,S3,8.858,0,S3,site_s3,S3,S3,S3
1786342179.235,c1,reserve,,0.0,26.34,13.67,1.53,S3,0,,0,36.0,obs,604,26.34,13.67,3.65,S3,26.34,13.67,3.65,S3,26.34,13.67,1.53,S3,9.022,0,S3,site_s3,S3,S3,S3
1786342179.235,c1,search,,0.0,31.1,20.71,6.95,S3,0,,0,4474.0,obs,899,31.1,20.71,10.98,S3,31.1,20.71,10.98,S3,31.1,20.71,6.95,S3,9.022,0,S3,site_s3,S3,S3,S3
1786342179.235,c1,recommend,,0.0,26.76,14.03,2.38,S3,0,,0,200.0,obs,1204,26.76,14.03,4.0,S3,26.76,14.03,4.0,S3,26.76,14.03,2.38,S3,9.022,0,S3,site_s3,S3,S3,S3
1786342179.235,c2,reserve,,0.0,26.34,13.67,1.53,S3,0,,0,36.0,obs,604,26.34,13.67,3.65,S3,26.34,13.67,3.65,S3,26.34,13.67,1.53,S3,9.022,0,S3,site_s3,S3,S3,S3
1786342179.235,c2,search,,0.0,31.1,20.71,6.95,S3,0,,0,4474.0,obs,899,31.1,20.71,10.98,S3,31.1,20.71,10.98,S3,31.1,20.71,6.95,S3,9.022,0,S3,site_s3,S3,S3,S3
1786342179.235,c2,recommend,,0.0,26.76,14.03,2.38,S3,0,,0,200.0,obs,1204,26.76,14.03,4.0,S3,26.76,14.03,4.0,S3,26.76,14.03,2.38,S3,9.022,0,S3,site_s3,S3,S3,S3
1786342180.235,c1,reserve,,0.0,26.34,13.67,1.54,S3,0,,0,36.0,obs,602,26.34,13.67,3.65,S3,26.34,13.67,3.65,S3,26.34,13.67,1.54,S3,8.992,0,S3,site_s3,S3,S3,S3
1786342180.235,c1,search,,0.0,31.1,20.71,6.9,S3,0,,0,4474.0,obs,903,31.1,20.71,10.98,S3,31.1,20.71,10.98,S3,31.1,20.71,6.9,S3,8.992,0,S3,site_s3,S3,S3,S3
1786342180.235,c1,recommend,,0.0,26.76,14.03,2.43,S3,0,,0,200.0,obs,1202,26.76,14.03,4.0,S3,26.76,14.03,4.0,S3,26.76,14.03,2.43,S3,8.992,0,S3,site_s3,S3,S3,S3
1786342180.235,c2,reserve,,0.0,26.34,13.67,1.54,S3,0,,0,36.0,obs,602,26.34,13.67,3.65,S3,26.34,13.67,3.65,S3,26.34,13.67,1.54,S3,8.992,0,S3,site_s3,S3,S3,S3
1786342180.235,c2,search,,0.0,31.1,20.71,6.9,S3,0,,0,4474.0,obs,903,31.1,20.71,10.98,S3,31.1,20.71,10.98,S3,31.1,20.71,6.9,S3,8.992,0,S3,site_s3,S3,S3,S3
1786342180.235,c2,recommend,,0.0,26.76,14.03,2.43,S3,0,,0,200.0,obs,1202,26.76,14.03,4.0,S3,26.76,14.03,4.0,S3,26.76,14.03,2.43,S3,8.992,0,S3,site_s3,S3,S3,S3
1786342181.235,c1,reserve,,0.0,26.34,13.67,2.01,S3,0,,0,36.0,obs,602,26.34,13.67,3.65,S3,26.34,13.67,3.65,S3,26.34,13.67,2.01,S3,8.989,0,S3,site_s3,S3,S3,S3
1786342181.235,c1,search,,0.0,31.1,20.71,6.77,S3,0,,0,4474.0,obs,902,31.1,20.71,10.98,S3,31.1,20.71,10.98,S3,31.1,20.71,6.77,S3,8.989,0,S3,site_s3,S3,S3,S3
1786342181.235,c1,recommend,,0.0,26.76,14.03,2.39,S3,0,,0,200.0,obs,1206,26.76,14.03,4.0,S3,26.76,14.03,4.0,S3,26.76,14.03,2.39,S3,8.989,0,S3,site_s3,S3,S3,S3
1786342181.235,c2,reserve,,0.0,26.34,13.67,2.01,S3,0,,0,36.0,obs,602,26.34,13.67,3.65,S3,26.34,13.67,3.65,S3,26.34,13.67,2.01,S3,8.989,0,S3,site_s3,S3,S3,S3
1786342181.235,c2,search,,0.0,31.1,20.71,6.77,S3,0,,0,4474.0,obs,902,31.1,20.71,10.98,S3,31.1,20.71,10.98,S3,31.1,20.71,6.77,S3,8.989,0,S3,site_s3,S3,S3,S3
1786342181.235,c2,recommend,,0.0,26.76,14.03,2.39,S3,0,,0,200.0,obs,1206,26.76,14.03,4.0,S3,26.76,14.03,4.0,S3,26.76,14.03,2.39,S3,8.989,0,S3,site_s3,S3,S3,S3
1786342182.235,c1,reserve,,0.0,26.34,13.67,1.79,S3,0,,0,36.0,obs,604,26.34,13.67,3.65,S3,26.34,13.67,3.65,S3,26.34,13.67,1.79,S3,8.942,0,S3,site_s3,S3,S3,S3
1786342182.235,c1,search,,0.0,31.1,20.71,6.59,S3,0,,0,4474.0,obs,903,31.1,20.71,10.98,S3,31.1,20.71,10.98,S3,31.1,20.71,6.59,S3,8.942,0,S3,site_s3,S3,S3,S3
1786342182.235,c1,recommend,,0.0,26.76,14.03,2.3,S3,0,,0,200.0,obs,1202,26.76,14.03,4.0,S3,26.76,14.03,4.0,S3,26.76,14.03,2.3,S3,8.942,0,S3,site_s3,S3,S3,S3
1786342182.235,c2,reserve,,0.0,26.34,13.67,1.79,S3,0,,0,36.0,obs,604,26.34,13.67,3.65,S3,26.34,13.67,3.65,S3,26.34,13.67,1.79,S3,8.942,0,S3,site_s3,S3,S3,S3
1786342182.235,c2,search,,0.0,31.1,20.71,6.59,S3,0,,0,4474.0,obs,903,31.1,20.71,10.98,S3,31.1,20.71,10.98,S3,31.1,20.71,6.59,S3,8.942,0,S3,site_s3,S3,S3,S3
1786342182.235,c2,recommend,,0.0,26.76,14.03,2.3,S3,0,,0,200.0,obs,1202,26.76,14.03,4.0,S3,26.76,14.03,4.0,S3,26.76,14.03,2.3,S3,8.942,0,S3,site_s3,S3,S3,S3
1786342183.235,c1,reserve,,0.0,26.34,13.67,1.61,S3,0,,0,36.0,obs,600,26.34,13.67,3.65,S3,26.34,13.67,3.65,S3,26.34,13.67,1.61,S3,8.971,0,S3,site_s3,S3,S3,S3
1786342183.235,c1,search,,0.0,31.1,20.71,6.52,S3,0,,0,4474.0,obs,903,31.1,20.71,10.98,S3,31.1,20.71,10.98,S3,31.1,20.71,6.52,S3,8.971,0,S3,site_s3,S3,S3,S3
1786342183.235,c1,recommend,,0.0,26.76,14.03,2.43,S3,0,,0,200.0,obs,1209,26.76,14.03,4.0,S3,26.76,14.03,4.0,S3,26.76,14.03,2.43,S3,8.971,0,S3,site_s3,S3,S3,S3
1786342183.235,c2,reserve,,0.0,26.34,13.67,1.61,S3,0,,0,36.0,obs,600,26.34,13.67,3.65,S3,26.34,13.67,3.65,S3,26.34,13.67,1.61,S3,8.971,0,S3,site_s3,S3,S3,S3
1786342183.235,c2,search,,0.0,31.1,20.71,6.52,S3,0,,0,4474.0,obs,903,31.1,20.71,10.98,S3,31.1,20.71,10.98,S3,31.1,20.71,6.52,S3,8.971,0,S3,site_s3,S3,S3,S3
1786342183.235,c2,recommend,,0.0,26.76,14.03,2.43,S3,0,,0,200.0,obs,1209,26.76,14.03,4.0,S3,26.76,14.03,4.0,S3,26.76,14.03,2.43,S3,8.971,0,S3,site_s3,S3,S3,S3
1786342184.235,c1,reserve,,0.0,26.34,13.67,1.96,S3,0,,0,36.0,obs,607,26.34,13.67,3.65,S3,26.34,13.67,3.65,S3,26.34,13.67,1.96,S3,8.916,0,S3,site_s3,S3,S3,S3
1786342184.235,c1,search,,0.0,31.1,20.71,6.59,S3,0,,0,4474.0,obs,902,31.1,20.71,10.98,S3,31.1,20.71,10.98,S3,31.1,20.71,6.59,S3,8.916,0,S3,site_s3,S3,S3,S3
1786342184.235,c1,recommend,,0.0,26.76,14.03,2.46,S3,0,,0,200.0,obs,1206,26.76,14.03,4.0,S3,26.76,14.03,4.0,S3,26.76,14.03,2.46,S3,8.916,0,S3,site_s3,S3,S3,S3
1786342184.235,c2,reserve,,0.0,26.34,13.67,1.96,S3,0,,0,36.0,obs,607,26.34,13.67,3.65,S3,26.34,13.67,3.65,S3,26.34,13.67,1.96,S3,8.916,0,S3,site_s3,S3,S3,S3
1786342184.235,c2,search,,0.0,31.1,20.71,6.59,S3,0,,0,4474.0,obs,902,31.1,20.71,10.98,S3,31.1,20.71,10.98,S3,31.1,20.71,6.59,S3,8.916,0,S3,site_s3,S3,S3,S3
1786342184.235,c2,recommend,,0.0,26.76,14.03,2.46,S3,0,,0,200.0,obs,1206,26.76,14.03,4.0,S3,26.76,14.03,4.0,S3,26.76,14.03,2.46,S3,8.916,0,S3,site_s3,S3,S3,S3
1786342185.235,c1,reserve,,0.0,26.34,13.67,1.0,S3,0,,0,36.0,obs,602,26.34,13.67,3.65,S3,26.34,13.67,3.65,S3,26.34,13.67,1.0,S3,9.137,0,S3,site_s3,S3,S3,S3
1786342185.235,c1,search,,0.0,31.1,20.71,4.21,S3,0,,0,4474.0,obs,907,31.1,20.71,10.98,S3,31.1,20.71,10.98,S3,31.1,20.71,4.21,S3,9.137,0,S3,site_s3,S3,S3,S3
1786342185.235,c1,recommend,,0.0,26.76,14.03,1.53,S3,0,,0,200.0,obs,1208,26.76,14.03,4.0,S3,26.76,14.03,4.0,S3,26.76,14.03,1.53,S3,9.137,0,S3,site_s3,S3,S3,S3
1786342185.235,c2,reserve,,0.0,26.34,13.67,1.0,S3,0,,0,36.0,obs,602,26.34,13.67,3.65,S3,26.34,13.67,3.65,S3,26.34,13.67,1.0,S3,9.137,0,S3,site_s3,S3,S3,S3
1786342185.235,c2,search,,0.0,31.1,20.71,4.21,S3,0,,0,4474.0,obs,907,31.1,20.71,10.98,S3,31.1,20.71,10.98,S3,31.1,20.71,4.21,S3,9.137,0,S3,site_s3,S3,S3,S3
1786342185.235,c2,recommend,,0.0,26.76,14.03,1.53,S3,0,,0,200.0,obs,1208,26.76,14.03,4.0,S3,26.76,14.03,4.0,S3,26.76,14.03,1.53,S3,9.137,0,S3,site_s3,S3,S3,S3
1786342186.235,c1,reserve,,0.0,26.34,13.67,1.34,S3,0,,0,36.0,obs,606,26.34,13.67,3.65,S3,26.34,13.67,3.65,S3,26.34,13.67,1.34,S3,8.939,0,S3,site_s3,S3,S3,S3
1786342186.235,c1,search,,0.0,31.1,20.71,4.67,S3,0,,0,4474.0,obs,901,31.1,20.71,10.98,S3,31.1,20.71,10.98,S3,31.1,20.71,4.67,S3,8.939,0,S3,site_s3,S3,S3,S3
1786342186.235,c1,recommend,,0.0,26.76,14.03,1.45,S3,0,,0,200.0,obs,1208,26.76,14.03,4.0,S3,26.76,14.03,4.0,S3,26.76,14.03,1.45,S3,8.939,0,S3,site_s3,S3,S3,S3
1786342186.235,c2,reserve,,0.0,26.34,13.67,1.34,S3,0,,0,36.0,obs,606,26.34,13.67,3.65,S3,26.34,13.67,3.65,S3,26.34,13.67,1.34,S3,8.939,0,S3,site_s3,S3,S3,S3
1786342186.235,c2,search,,0.0,31.1,20.71,4.67,S3,0,,0,4474.0,obs,901,31.1,20.71,10.98,S3,31.1,20.71,10.98,S3,31.1,20.71,4.67,S3,8.939,0,S3,site_s3,S3,S3,S3
1786342186.235,c2,recommend,,0.0,26.76,14.03,1.45,S3,0,,0,200.0,obs,1208,26.76,14.03,4.0,S3,26.76,14.03,4.0,S3,26.76,14.03,1.45,S3,8.939,0,S3,site_s3,S3,S3,S3
1786342187.235,c1,reserve,,0.0,26.34,13.67,1.66,S3,0,,0,36.0,obs,604,26.34,13.67,3.65,S3,26.34,13.67,3.65,S3,26.34,13.67,1.66,S3,9.045,0,S3,site_s3,S3,S3,S3
1786342187.235,c1,search,,0.0,31.1,20.71,6.31,S3,0,,0,4474.0,obs,907,31.1,20.71,10.98,S3,31.1,20.71,10.98,S3,31.1,20.71,6.31,S3,9.045,0,S3,site_s3,S3,S3,S3
1786342187.235,c1,recommend,,0.0,26.76,14.03,1.93,S3,0,,0,200.0,obs,1208,26.76,14.03,4.0,S3,26.76,14.03,4.0,S3,26.76,14.03,1.93,S3,9.045,0,S3,site_s3,S3,S3,S3
1786342187.235,c2,reserve,,0.0,26.34,13.67,1.66,S3,0,,0,36.0,obs,604,26.34,13.67,3.65,S3,26.34,13.67,3.65,S3,26.34,13.67,1.66,S3,9.045,0,S3,site_s3,S3,S3,S3
1786342187.235,c2,search,,0.0,31.1,20.71,6.31,S3,0,,0,4474.0,obs,907,31.1,20.71,10.98,S3,31.1,20.71,10.98,S3,31.1,20.71,6.31,S3,9.045,0,S3,site_s3,S3,S3,S3
1786342187.235,c2,recommend,,0.0,26.76,14.03,1.93,S3,0,,0,200.0,obs,1208,26.76,14.03,4.0,S3,26.76,14.03,4.0,S3,26.76,14.03,1.93,S3,9.045,0,S3,site_s3,S3,S3,S3
1786342188.235,c1,reserve,,0.0,26.34,13.67,1.69,S3,0,,0,36.0,obs,604,26.34,13.67,3.65,S3,26.34,13.67,3.65,S3,26.34,13.67,1.69,S3,8.964,0,S3,site_s3,S3,S3,S3
1786342188.235,c1,search,,0.0,31.1,20.71,6.65,S3,0,,0,4474.0,obs,904,31.1,20.71,10.98,S3,31.1,20.71,10.98,S3,31.1,20.71,6.65,S3,8.964,0,S3,site_s3,S3,S3,S3
1786342188.235,c1,recommend,,0.0,26.76,14.03,1.99,S3,0,,0,200.0,obs,1211,26.76,14.03,4.0,S3,26.76,14.03,4.0,S3,26.76,14.03,1.99,S3,8.964,0,S3,site_s3,S3,S3,S3
1786342188.235,c2,reserve,,0.0,26.34,13.67,1.69,S3,0,,0,36.0,obs,604,26.34,13.67,3.65,S3,26.34,13.67,3.65,S3,26.34,13.67,1.69,S3,8.964,0,S3,site_s3,S3,S3,S3
1786342188.235,c2,search,,0.0,31.1,20.71,6.65,S3,0,,0,4474.0,obs,904,31.1,20.71,10.98,S3,31.1,20.71,10.98,S3,31.1,20.71,6.65,S3,8.964,0,S3,site_s3,S3,S3,S3
1786342188.235,c2,recommend,,0.0,26.76,14.03,1.99,S3,0,,0,200.0,obs,1211,26.76,14.03,4.0,S3,26.76,14.03,4.0,S3,26.76,14.03,1.99,S3,8.964,0,S3,site_s3,S3,S3,S3
1786342189.237,c1,reserve,,0.0,26.34,13.67,2.0,S3,0,,0,36.0,obs,606,26.34,13.67,3.65,S3,26.34,13.67,3.65,S3,26.34,13.67,2.0,S3,10.634,0,S3,site_s3,S3,S3,S3
1786342189.237,c1,search,,0.0,31.1,20.71,6.7,S3,0,,0,4474.0,obs,906,31.1,20.71,10.98,S3,31.1,20.71,10.98,S3,31.1,20.71,6.7,S3,10.634,0,S3,site_s3,S3,S3,S3
1786342189.237,c1,recommend,,0.0,26.76,14.03,2.27,S3,0,,0,200.0,obs,1207,26.76,14.03,4.0,S3,26.76,14.03,4.0,S3,26.76,14.03,2.27,S3,10.634,0,S3,site_s3,S3,S3,S3
1786342189.237,c2,reserve,,0.0,26.34,13.67,2.0,S3,0,,0,36.0,obs,606,26.34,13.67,3.65,S3,26.34,13.67,3.65,S3,26.34,13.67,2.0,S3,10.634,0,S3,site_s3,S3,S3,S3
1786342189.237,c2,search,,0.0,31.1,20.71,6.7,S3,0,,0,4474.0,obs,906,31.1,20.71,10.98,S3,31.1,20.71,10.98,S3,31.1,20.71,6.7,S3,10.634,0,S3,site_s3,S3,S3,S3
1786342189.237,c2,recommend,,0.0,26.76,14.03,2.27,S3,0,,0,200.0,obs,1207,26.76,14.03,4.0,S3,26.76,14.03,4.0,S3,26.76,14.03,2.27,S3,10.634,0,S3,site_s3,S3,S3,S3
1786342190.237,c1,reserve,,0.0,26.34,13.67,1.88,S3,0,,0,36.0,obs,602,26.34,13.67,3.65,S3,26.34,13.67,3.65,S3,26.34,13.67,1.88,S3,10.768,0,S3,site_s3,S3,S3,S3
1786342190.237,c1,search,,0.0,31.1,20.71,6.55,S3,0,,0,4474.0,obs,905,31.1,20.71,10.98,S3,31.1,20.71,10.98,S3,31.1,20.71,6.55,S3,10.768,0,S3,site_s3,S3,S3,S3
1786342190.237,c1,recommend,,0.0,26.76,14.03,2.36,S3,0,,0,200.0,obs,1214,26.76,14.03,4.0,S3,26.76,14.03,4.0,S3,26.76,14.03,2.36,S3,10.768,0,S3,site_s3,S3,S3,S3
1786342190.237,c2,reserve,,0.0,26.34,13.67,1.88,S3,0,,0,36.0,obs,602,26.34,13.67,3.65,S3,26.34,13.67,3.65,S3,26.34,13.67,1.88,S3,10.768,0,S3,site_s3,S3,S3,S3
1786342190.237,c2,search,,0.0,31.1,20.71,6.55,S3,0,,0,4474.0,obs,905,31.1,20.71,10.98,S3,31.1,20.71,10.98,S3,31.1,20.71,6.55,S3,10.768,0,S3,site_s3,S3,S3,S3
1786342190.237,c2,recommend,,0.0,26.76,14.03,2.36,S3,0,,0,200.0,obs,1214,26.76,14.03,4.0,S3,26.76,14.03,4.0,S3,26.76,14.03,2.36,S3,10.768,0,S3,site_s3,S3,S3,S3
1786342191.237,c1,reserve,,0.0,26.34,13.67,2.0,S3,0,,0,36.0,obs,608,26.34,13.67,3.65,S3,26.34,13.67,3.65,S3,26.34,13.67,2.0,S3,11.0,0,S3,site_s3,S3,S3,S3
1786342191.237,c1,search,,0.0,31.1,20.71,7.01,S3,0,,0,4474.0,obs,904,31.1,20.71,10.98,S3,31.1,20.71,10.98,S3,31.1,20.71,7.01,S3,11.0,0,S3,site_s3,S3,S3,S3
1786342191.237,c1,recommend,,0.0,26.76,14.03,2.42,S3,0,,0,200.0,obs,1208,26.76,14.03,4.0,S3,26.76,14.03,4.0,S3,26.76,14.03,2.42,S3,11.0,0,S3,site_s3,S3,S3,S3
1786342191.237,c2,reserve,,0.0,26.34,13.67,2.0,S3,0,,0,36.0,obs,608,26.34,13.67,3.65,S3,26.34,13.67,3.65,S3,26.34,13.67,2.0,S3,11.0,0,S3,site_s3,S3,S3,S3
1786342191.237,c2,search,,0.0,31.1,20.71,7.01,S3,0,,0,4474.0,obs,904,31.1,20.71,10.98,S3,31.1,20.71,10.98,S3,31.1,20.71,7.01,S3,11.0,0,S3,site_s3,S3,S3,S3
1786342191.237,c2,recommend,,0.0,26.76,14.03,2.42,S3,0,,0,200.0,obs,1208,26.76,14.03,4.0,S3,26.76,14.03,4.0,S3,26.76,14.03,2.42,S3,11.0,0,S3,site_s3,S3,S3,S3
1786342192.237,c1,reserve,,0.0,26.34,13.67,1.91,S3,0,,0,36.0,obs,602,26.34,13.67,3.65,S3,26.34,13.67,3.65,S3,26.34,13.67,1.91,S3,10.775,0,S3,site_s3,S3,S3,S3
1786342192.237,c1,search,,0.0,31.1,20.71,6.9,S3,0,,0,4474.0,obs,908,31.1,20.71,10.98,S3,31.1,20.71,10.98,S3,31.1,20.71,6.9,S3,10.775,0,S3,site_s3,S3,S3,S3
1786342192.237,c1,recommend,,0.0,26.76,14.03,2.45,S3,0,,0,200.0,obs,1214,26.76,14.03,4.0,S3,26.76,14.03,4.0,S3,26.76,14.03,2.45,S3,10.775,0,S3,site_s3,S3,S3,S3
1786342192.237,c2,reserve,,0.0,26.34,13.67,1.91,S3,0,,0,36.0,obs,602,26.34,13.67,3.65,S3,26.34,13.67,3.65,S3,26.34,13.67,1.91,S3,10.775,0,S3,site_s3,S3,S3,S3
1786342192.237,c2,search,,0.0,31.1,20.71,6.9,S3,0,,0,4474.0,obs,908,31.1,20.71,10.98,S3,31.1,20.71,10.98,S3,31.1,20.71,6.9,S3,10.775,0,S3,site_s3,S3,S3,S3
1786342192.237,c2,recommend,,0.0,26.76,14.03,2.45,S3,0,,0,200.0,obs,1214,26.76,14.03,4.0,S3,26.76,14.03,4.0,S3,26.76,14.03,2.45,S3,10.775,0,S3,site_s3,S3,S3,S3
1786342193.237,c1,reserve,,0.0,26.34,13.67,1.8,S3,0,,0,36.0,obs,607,26.34,13.67,3.65,S3,26.34,13.67,3.65,S3,26.34,13.67,1.8,S3,10.929,0,S3,site_s3,S3,S3,S3
1786342193.237,c1,search,,0.0,31.1,20.71,6.71,S3,0,,0,4474.0,obs,905,31.1,20.71,10.98,S3,31.1,20.71,10.98,S3,31.1,20.71,6.71,S3,10.929,0,S3,site_s3,S3,S3,S3
1786342193.237,c1,recommend,,0.0,26.76,14.03,2.43,S3,0,,0,200.0,obs,1213,26.76,14.03,4.0,S3,26.76,14.03,4.0,S3,26.76,14.03,2.43,S3,10.929,0,S3,site_s3,S3,S3,S3
1786342193.237,c2,reserve,,0.0,26.34,13.67,1.8,S3,0,,0,36.0,obs,607,26.34,13.67,3.65,S3,26.34,13.67,3.65,S3,26.34,13.67,1.8,S3,10.929,0,S3,site_s3,S3,S3,S3
1786342193.237,c2,search,,0.0,31.1,20.71,6.71,S3,0,,0,4474.0,obs,905,31.1,20.71,10.98,S3,31.1,20.71,10.98,S3,31.1,20.71,6.71,S3,10.929,0,S3,site_s3,S3,S3,S3
1786342193.237,c2,recommend,,0.0,26.76,14.03,2.43,S3,0,,0,200.0,obs,1213,26.76,14.03,4.0,S3,26.76,14.03,4.0,S3,26.76,14.03,2.43,S3,10.929,0,S3,site_s3,S3,S3,S3
1786342194.237,c1,reserve,,0.0,26.34,13.67,1.82,S3,0,,0,36.0,obs,606,26.34,13.67,3.65,S3,26.34,13.67,3.65,S3,26.34,13.67,1.82,S3,10.452,0,S3,site_s3,S3,S3,S3
1786342194.237,c1,search,,0.0,31.1,20.71,6.03,S3,0,,0,4474.0,obs,910,31.1,20.71,10.98,S3,31.1,20.71,10.98,S3,31.1,20.71,6.03,S3,10.452,0,S3,site_s3,S3,S3,S3
1786342194.237,c1,recommend,,0.0,26.76,14.03,2.12,S3,0,,0,200.0,obs,1212,26.76,14.03,4.0,S3,26.76,14.03,4.0,S3,26.76,14.03,2.12,S3,10.452,0,S3,site_s3,S3,S3,S3
1786342194.237,c2,reserve,,0.0,26.34,13.67,1.82,S3,0,,0,36.0,obs,606,26.34,13.67,3.65,S3,26.34,13.67,3.65,S3,26.34,13.67,1.82,S3,10.452,0,S3,site_s3,S3,S3,S3
1786342194.237,c2,search,,0.0,31.1,20.71,6.03,S3,0,,0,4474.0,obs,910,31.1,20.71,10.98,S3,31.1,20.71,10.98,S3,31.1,20.71,6.03,S3,10.452,0,S3,site_s3,S3,S3,S3
1786342194.237,c2,recommend,,0.0,26.76,14.03,2.12,S3,0,,0,200.0,obs,1212,26.76,14.03,4.0,S3,26.76,14.03,4.0,S3,26.76,14.03,2.12,S3,10.452,0,S3,site_s3,S3,S3,S3
1786342195.236,c1,reserve,,0.0,26.34,13.67,1.77,S3,0,,0,36.0,obs,606,26.34,13.67,3.65,S3,26.34,13.67,3.65,S3,26.34,13.67,1.77,S3,10.189,0,S3,site_s3,S3,S3,S3
1786342195.236,c1,search,,0.0,31.1,20.71,6.23,S3,0,,0,4474.0,obs,906,31.1,20.71,10.98,S3,31.1,20.71,10.98,S3,31.1,20.71,6.23,S3,10.189,0,S3,site_s3,S3,S3,S3
1786342195.236,c1,recommend,,0.0,26.76,14.03,2.12,S3,0,,0,200.0,obs,1217,26.76,14.03,4.0,S3,26.76,14.03,4.0,S3,26.76,14.03,2.12,S3,10.189,0,S3,site_s3,S3,S3,S3
1786342195.236,c2,reserve,,0.0,26.34,13.67,1.77,S3,0,,0,36.0,obs,606,26.34,13.67,3.65,S3,26.34,13.67,3.65,S3,26.34,13.67,1.77,S3,10.189,0,S3,site_s3,S3,S3,S3
1786342195.236,c2,search,,0.0,31.1,20.71,6.23,S3,0,,0,4474.0,obs,906,31.1,20.71,10.98,S3,31.1,20.71,10.98,S3,31.1,20.71,6.23,S3,10.189,0,S3,site_s3,S3,S3,S3
1786342195.236,c2,recommend,,0.0,26.76,14.03,2.12,S3,0,,0,200.0,obs,1217,26.76,14.03,4.0,S3,26.76,14.03,4.0,S3,26.76,14.03,2.12,S3,10.189,0,S3,site_s3,S3,S3,S3
1786342196.237,c1,reserve,,0.0,26.34,13.67,1.6,S3,0,,0,36.0,obs,609,26.34,13.67,3.65,S3,26.34,13.67,3.65,S3,26.34,13.67,1.6,S3,10.696,0,S3,site_s3,S3,S3,S3
1786342196.237,c1,search,,0.0,31.1,20.71,6.84,S3,0,,0,4474.0,obs,911,31.1,20.71,10.98,S3,31.1,20.71,10.98,S3,31.1,20.71,6.84,S3,10.696,0,S3,site_s3,S3,S3,S3
1786342196.237,c1,recommend,,0.0,26.76,14.03,2.28,S3,0,,0,200.0,obs,1211,26.76,14.03,4.0,S3,26.76,14.03,4.0,S3,26.76,14.03,2.28,S3,10.696,0,S3,site_s3,S3,S3,S3
1786342196.237,c2,reserve,,0.0,26.34,13.67,1.6,S3,0,,0,36.0,obs,609,26.34,13.67,3.65,S3,26.34,13.67,3.65,S3,26.34,13.67,1.6,S3,10.696,0,S3,site_s3,S3,S3,S3
1786342196.237,c2,search,,0.0,31.1,20.71,6.84,S3,0,,0,4474.0,obs,911,31.1,20.71,10.98,S3,31.1,20.71,10.98,S3,31.1,20.71,6.84,S3,10.696,0,S3,site_s3,S3,S3,S3
1786342196.237,c2,recommend,,0.0,26.76,14.03,2.28,S3,0,,0,200.0,obs,1211,26.76,14.03,4.0,S3,26.76,14.03,4.0,S3,26.76,14.03,2.28,S3,10.696,0,S3,site_s3,S3,S3,S3
1786342197.236,c1,reserve,,0.0,26.34,13.67,1.6,S3,0,,0,36.0,obs,605,26.34,13.67,3.65,S3,26.34,13.67,3.65,S3,26.34,13.67,1.6,S3,10.169,0,S3,site_s3,S3,S3,S3
1786342197.236,c1,search,,0.0,31.1,20.71,6.48,S3,0,,0,4474.0,obs,910,31.1,20.71,10.98,S3,31.1,20.71,10.98,S3,31.1,20.71,6.48,S3,10.169,0,S3,site_s3,S3,S3,S3
1786342197.236,c1,recommend,,0.0,26.76,14.03,1.87,S3,0,,0,200.0,obs,1219,26.76,14.03,4.0,S3,26.76,14.03,4.0,S3,26.76,14.03,1.87,S3,10.169,0,S3,site_s3,S3,S3,S3
1786342197.236,c2,reserve,,0.0,26.34,13.67,1.6,S3,0,,0,36.0,obs,605,26.34,13.67,3.65,S3,26.34,13.67,3.65,S3,26.34,13.67,1.6,S3,10.169,0,S3,site_s3,S3,S3,S3
1786342197.236,c2,search,,0.0,31.1,20.71,6.48,S3,0,,0,4474.0,obs,910,31.1,20.71,10.98,S3,31.1,20.71,10.98,S3,31.1,20.71,6.48,S3,10.169,0,S3,site_s3,S3,S3,S3
1786342197.236,c2,recommend,,0.0,26.76,14.03,1.87,S3,0,,0,200.0,obs,1219,26.76,14.03,4.0,S3,26.76,14.03,4.0,S3,26.76,14.03,1.87,S3,10.169,0,S3,site_s3,S3,S3,S3
1786342198.237,c1,reserve,,0.0,26.34,13.67,1.49,S3,0,,0,36.0,obs,611,26.34,13.67,3.65,S3,26.34,13.67,3.65,S3,26.34,13.67,1.49,S3,10.863,0,S3,site_s3,S3,S3,S3
1786342198.237,c1,search,,0.0,31.1,20.71,6.24,S3,0,,0,4474.0,obs,910,31.1,20.71,10.98,S3,31.1,20.71,10.98,S3,31.1,20.71,6.24,S3,10.863,0,S3,site_s3,S3,S3,S3
1786342198.237,c1,recommend,,0.0,26.76,14.03,2.0,S3,0,,0,200.0,obs,1212,26.76,14.03,4.0,S3,26.76,14.03,4.0,S3,26.76,14.03,2.0,S3,10.863,0,S3,site_s3,S3,S3,S3
1786342198.237,c2,reserve,,0.0,26.34,13.67,1.49,S3,0,,0,36.0,obs,611,26.34,13.67,3.65,S3,26.34,13.67,3.65,S3,26.34,13.67,1.49,S3,10.863,0,S3,site_s3,S3,S3,S3
1786342198.237,c2,search,,0.0,31.1,20.71,6.24,S3,0,,0,4474.0,obs,910,31.1,20.71,10.98,S3,31.1,20.71,10.98,S3,31.1,20.71,6.24,S3,10.863,0,S3,site_s3,S3,S3,S3
1786342198.237,c2,recommend,,0.0,26.76,14.03,2.0,S3,0,,0,200.0,obs,1212,26.76,14.03,4.0,S3,26.76,14.03,4.0,S3,26.76,14.03,2.0,S3,10.863,0,S3,site_s3,S3,S3,S3
1786342199.237,c1,reserve,,0.0,26.34,13.67,1.61,S3,0,,0,36.0,obs,605,26.34,13.67,3.65,S3,26.34,13.67,3.65,S3,26.34,13.67,1.61,S3,10.886,0,S3,site_s3,S3,S3,S3
1786342199.237,c1,search,,0.0,31.1,20.71,6.64,S3,0,,0,4474.0,obs,913,31.1,20.71,10.98,S3,31.1,20.71,10.98,S3,31.1,20.71,6.64,S3,10.886,0,S3,site_s3,S3,S3,S3
1786342199.237,c1,recommend,,0.0,26.76,14.03,2.44,S3,0,,0,200.0,obs,1218,26.76,14.03,4.0,S3,26.76,14.03,4.0,S3,26.76,14.03,2.44,S3,10.886,0,S3,site_s3,S3,S3,S3
1786342199.237,c2,reserve,,0.0,26.34,13.67,1.61,S3,0,,0,36.0,obs,605,26.34,13.67,3.65,S3,26.34,13.67,3.65,S3,26.34,13.67,1.61,S3,10.886,0,S3,site_s3,S3,S3,S3
1786342199.237,c2,search,,0.0,31.1,20.71,6.64,S3,0,,0,4474.0,obs,913,31.1,20.71,10.98,S3,31.1,20.71,10.98,S3,31.1,20.71,6.64,S3,10.886,0,S3,site_s3,S3,S3,S3
1786342199.237,c2,recommend,,0.0,26.76,14.03,2.44,S3,0,,0,200.0,obs,1218,26.76,14.03,4.0,S3,26.76,14.03,4.0,S3,26.76,14.03,2.44,S3,10.886,0,S3,site_s3,S3,S3,S3
1786342200.237,c1,reserve,,0.0,26.34,13.67,1.73,S3,0,,0,36.0,obs,609,26.34,13.67,3.65,S3,26.34,13.67,3.65,S3,26.34,13.67,1.73,S3,10.74,0,S3,site_s3,S3,S3,S3
1786342200.237,c1,search,,0.0,31.1,20.71,6.67,S3,0,,0,4474.0,obs,909,31.1,20.71,10.98,S3,31.1,20.71,10.98,S3,31.1,20.71,6.67,S3,10.74,0,S3,site_s3,S3,S3,S3
1786342200.237,c1,recommend,,0.0,26.76,14.03,2.61,S3,0,,0,200.0,obs,1218,26.76,14.03,4.0,S3,26.76,14.03,4.0,S3,26.76,14.03,2.61,S3,10.74,0,S3,site_s3,S3,S3,S3
1786342200.237,c2,reserve,,0.0,26.34,13.67,1.73,S3,0,,0,36.0,obs,609,26.34,13.67,3.65,S3,26.34,13.67,3.65,S3,26.34,13.67,1.73,S3,10.74,0,S3,site_s3,S3,S3,S3
1786342200.237,c2,search,,0.0,31.1,20.71,6.67,S3,0,,0,4474.0,obs,909,31.1,20.71,10.98,S3,31.1,20.71,10.98,S3,31.1,20.71,6.67,S3,10.74,0,S3,site_s3,S3,S3,S3
1786342200.237,c2,recommend,,0.0,26.76,14.03,2.61,S3,0,,0,200.0,obs,1218,26.76,14.03,4.0,S3,26.76,14.03,4.0,S3,26.76,14.03,2.61,S3,10.74,0,S3,site_s3,S3,S3,S3
1786342201.237,c1,reserve,,0.0,26.34,13.67,1.81,S3,0,,0,36.0,obs,609,26.34,13.67,3.65,S3,26.34,13.67,3.65,S3,26.34,13.67,1.81,S3,10.774,0,S3,site_s3,S3,S3,S3
1786342201.237,c1,search,,0.0,31.1,20.71,6.66,S3,0,,0,4474.0,obs,914,31.1,20.71,10.98,S3,31.1,20.71,10.98,S3,31.1,20.71,6.66,S3,10.774,0,S3,site_s3,S3,S3,S3
1786342201.237,c1,recommend,,0.0,26.76,14.03,2.42,S3,0,,0,200.0,obs,1216,26.76,14.03,4.0,S3,26.76,14.03,4.0,S3,26.76,14.03,2.42,S3,10.774,0,S3,site_s3,S3,S3,S3
1786342201.237,c2,reserve,,0.0,26.34,13.67,1.81,S3,0,,0,36.0,obs,609,26.34,13.67,3.65,S3,26.34,13.67,3.65,S3,26.34,13.67,1.81,S3,10.774,0,S3,site_s3,S3,S3,S3
1786342201.237,c2,search,,0.0,31.1,20.71,6.66,S3,0,,0,4474.0,obs,914,31.1,20.71,10.98,S3,31.1,20.71,10.98,S3,31.1,20.71,6.66,S3,10.774,0,S3,site_s3,S3,S3,S3
1786342201.237,c2,recommend,,0.0,26.76,14.03,2.42,S3,0,,0,200.0,obs,1216,26.76,14.03,4.0,S3,26.76,14.03,4.0,S3,26.76,14.03,2.42,S3,10.774,0,S3,site_s3,S3,S3,S3
1786342202.237,c1,reserve,,0.0,26.34,13.67,1.89,S3,0,,0,36.0,obs,609,26.34,13.67,3.65,S3,26.34,13.67,3.65,S3,26.34,13.67,1.89,S3,10.958,0,S3,site_s3,S3,S3,S3
1786342202.237,c1,search,,0.0,31.1,20.71,6.67,S3,0,,0,4474.0,obs,910,31.1,20.71,10.98,S3,31.1,20.71,10.98,S3,31.1,20.71,6.67,S3,10.958,0,S3,site_s3,S3,S3,S3
1786342202.237,c1,recommend,,0.0,26.76,14.03,2.32,S3,0,,0,200.0,obs,1219,26.76,14.03,4.0,S3,26.76,14.03,4.0,S3,26.76,14.03,2.32,S3,10.958,0,S3,site_s3,S3,S3,S3
1786342202.237,c2,reserve,,0.0,26.34,13.67,1.89,S3,0,,0,36.0,obs,609,26.34,13.67,3.65,S3,26.34,13.67,3.65,S3,26.34,13.67,1.89,S3,10.958,0,S3,site_s3,S3,S3,S3
1786342202.237,c2,search,,0.0,31.1,20.71,6.67,S3,0,,0,4474.0,obs,910,31.1,20.71,10.98,S3,31.1,20.71,10.98,S3,31.1,20.71,6.67,S3,10.958,0,S3,site_s3,S3,S3,S3
1786342202.237,c2,recommend,,0.0,26.76,14.03,2.32,S3,0,,0,200.0,obs,1219,26.76,14.03,4.0,S3,26.76,14.03,4.0,S3,26.76,14.03,2.32,S3,10.958,0,S3,site_s3,S3,S3,S3
1786342203.237,c1,reserve,,0.0,26.34,13.67,1.53,S3,0,,0,36.0,obs,611,26.34,13.67,3.65,S3,26.34,13.67,3.65,S3,26.34,13.67,1.53,S3,10.947,0,S3,site_s3,S3,S3,S3
1786342203.237,c1,search,,0.0,31.1,20.71,6.33,S3,0,,0,4474.0,obs,914,31.1,20.71,10.98,S3,31.1,20.71,10.98,S3,31.1,20.71,6.33,S3,10.947,0,S3,site_s3,S3,S3,S3
1786342203.237,c1,recommend,,0.0,26.76,14.03,1.97,S3,0,,0,200.0,obs,1215,26.76,14.03,4.0,S3,26.76,14.03,4.0,S3,26.76,14.03,1.97,S3,10.947,0,S3,site_s3,S3,S3,S3
1786342203.237,c2,reserve,,0.0,26.34,13.67,1.53,S3,0,,0,36.0,obs,611,26.34,13.67,3.65,S3,26.34,13.67,3.65,S3,26.34,13.67,1.53,S3,10.947,0,S3,site_s3,S3,S3,S3
1786342203.237,c2,search,,0.0,31.1,20.71,6.33,S3,0,,0,4474.0,obs,914,31.1,20.71,10.98,S3,31.1,20.71,10.98,S3,31.1,20.71,6.33,S3,10.947,0,S3,site_s3,S3,S3,S3
1786342203.237,c2,recommend,,0.0,26.76,14.03,1.97,S3,0,,0,200.0,obs,1215,26.76,14.03,4.0,S3,26.76,14.03,4.0,S3,26.76,14.03,1.97,S3,10.947,0,S3,site_s3,S3,S3,S3
1786342204.237,c1,reserve,,0.0,26.34,13.67,1.75,S3,0,,0,36.0,obs,606,26.34,13.67,3.65,S3,26.34,13.67,3.65,S3,26.34,13.67,1.75,S3,10.582,0,S3,site_s3,S3,S3,S3
1786342204.237,c1,search,,0.0,31.1,20.71,6.4,S3,0,,0,4474.0,obs,912,31.1,20.71,10.98,S3,31.1,20.71,10.98,S3,31.1,20.71,6.4,S3,10.582,0,S3,site_s3,S3,S3,S3
1786342204.237,c1,recommend,,0.0,26.76,14.03,2.01,S3,0,,0,200.0,obs,1224,26.76,14.03,4.0,S3,26.76,14.03,4.0,S3,26.76,14.03,2.01,S3,10.582,0,S3,site_s3,S3,S3,S3
1786342204.237,c2,reserve,,0.0,26.34,13.67,1.75,S3,0,,0,36.0,obs,606,26.34,13.67,3.65,S3,26.34,13.67,3.65,S3,26.34,13.67,1.75,S3,10.582,0,S3,site_s3,S3,S3,S3
1786342204.237,c2,search,,0.0,31.1,20.71,6.4,S3,0,,0,4474.0,obs,912,31.1,20.71,10.98,S3,31.1,20.71,10.98,S3,31.1,20.71,6.4,S3,10.582,0,S3,site_s3,S3,S3,S3
1786342204.237,c2,recommend,,0.0,26.76,14.03,2.01,S3,0,,0,200.0,obs,1224,26.76,14.03,4.0,S3,26.76,14.03,4.0,S3,26.76,14.03,2.01,S3,10.582,0,S3,site_s3,S3,S3,S3
1786342205.237,c1,reserve,,0.0,26.34,13.67,1.89,S3,0,,0,36.0,obs,612,26.34,13.67,3.65,S3,26.34,13.67,3.65,S3,26.34,13.67,1.89,S3,11.048,0,S3,site_s3,S3,S3,S3
1786342205.237,c1,search,,0.0,31.1,20.71,6.73,S3,0,,0,4474.0,obs,912,31.1,20.71,10.98,S3,31.1,20.71,10.98,S3,31.1,20.71,6.73,S3,11.048,0,S3,site_s3,S3,S3,S3
1786342205.237,c1,recommend,,0.0,26.76,14.03,2.3,S3,0,,0,200.0,obs,1217,26.76,14.03,4.0,S3,26.76,14.03,4.0,S3,26.76,14.03,2.3,S3,11.048,0,S3,site_s3,S3,S3,S3
1786342205.237,c2,reserve,,0.0,26.34,13.67,1.89,S3,0,,0,36.0,obs,612,26.34,13.67,3.65,S3,26.34,13.67,3.65,S3,26.34,13.67,1.89,S3,11.048,0,S3,site_s3,S3,S3,S3
1786342205.237,c2,search,,0.0,31.1,20.71,6.73,S3,0,,0,4474.0,obs,912,31.1,20.71,10.98,S3,31.1,20.71,10.98,S3,31.1,20.71,6.73,S3,11.048,0,S3,site_s3,S3,S3,S3
1786342205.237,c2,recommend,,0.0,26.76,14.03,2.3,S3,0,,0,200.0,obs,1217,26.76,14.03,4.0,S3,26.76,14.03,4.0,S3,26.76,14.03,2.3,S3,11.048,0,S3,site_s3,S3,S3,S3
1786342206.237,c1,reserve,,0.0,26.34,13.67,1.89,S3,0,,0,36.0,obs,607,26.34,13.67,3.65,S3,26.34,13.67,3.65,S3,26.34,13.67,1.89,S3,10.535,0,S3,site_s3,S3,S3,S3
1786342206.237,c1,search,,0.0,31.1,20.71,6.84,S3,0,,0,4474.0,obs,917,31.1,20.71,10.98,S3,31.1,20.71,10.98,S3,31.1,20.71,6.84,S3,10.535,0,S3,site_s3,S3,S3,S3
1786342206.237,c1,recommend,,0.0,26.76,14.03,2.5,S3,0,,0,200.0,obs,1224,26.76,14.03,4.0,S3,26.76,14.03,4.0,S3,26.76,14.03,2.5,S3,10.535,0,S3,site_s3,S3,S3,S3
1786342206.237,c2,reserve,,0.0,26.34,13.67,1.89,S3,0,,0,36.0,obs,607,26.34,13.67,3.65,S3,26.34,13.67,3.65,S3,26.34,13.67,1.89,S3,10.535,0,S3,site_s3,S3,S3,S3
1786342206.237,c2,search,,0.0,31.1,20.71,6.84,S3,0,,0,4474.0,obs,917,31.1,20.71,10.98,S3,31.1,20.71,10.98,S3,31.1,20.71,6.84,S3,10.535,0,S3,site_s3,S3,S3,S3
1786342206.237,c2,recommend,,0.0,26.76,14.03,2.5,S3,0,,0,200.0,obs,1224,26.76,14.03,4.0,S3,26.76,14.03,4.0,S3,26.76,14.03,2.5,S3,10.535,0,S3,site_s3,S3,S3,S3
1786342207.237,c1,reserve,,0.0,26.34,13.67,1.67,S3,0,,0,36.0,obs,610,26.34,13.67,3.65,S3,26.34,13.67,3.65,S3,26.34,13.67,1.67,S3,10.346,0,S3,site_s3,S3,S3,S3
1786342207.237,c1,search,,0.0,31.1,20.71,6.54,S3,0,,0,4474.0,obs,907,31.1,20.71,10.98,S3,31.1,20.71,10.98,S3,31.1,20.71,6.54,S3,10.346,0,S3,site_s3,S3,S3,S3
1786342207.237,c1,recommend,,0.0,26.76,14.03,2.16,S3,0,,0,200.0,obs,1221,26.76,14.03,4.0,S3,26.76,14.03,4.0,S3,26.76,14.03,2.16,S3,10.346,0,S3,site_s3,S3,S3,S3
1786342207.237,c2,reserve,,0.0,26.34,13.67,1.67,S3,0,,0,36.0,obs,610,26.34,13.67,3.65,S3,26.34,13.67,3.65,S3,26.34,13.67,1.67,S3,10.346,0,S3,site_s3,S3,S3,S3
1786342207.237,c2,search,,0.0,31.1,20.71,6.54,S3,0,,0,4474.0,obs,907,31.1,20.71,10.98,S3,31.1,20.71,10.98,S3,31.1,20.71,6.54,S3,10.346,0,S3,site_s3,S3,S3,S3
1786342207.237,c2,recommend,,0.0,26.76,14.03,2.16,S3,0,,0,200.0,obs,1221,26.76,14.03,4.0,S3,26.76,14.03,4.0,S3,26.76,14.03,2.16,S3,10.346,0,S3,site_s3,S3,S3,S3
1786342208.237,c1,reserve,,0.0,26.34,13.67,0.41,S3,0,,0,36.0,obs,610,26.34,13.67,3.65,S3,26.34,13.67,3.65,S3,26.34,13.67,0.41,S3,10.6,0,S3,site_s3,S3,S3,S3
1786342208.237,c1,search,,0.0,31.1,20.71,3.64,S3,0,,0,4474.0,obs,917,31.1,20.71,10.98,S3,31.1,20.71,10.98,S3,31.1,20.71,3.64,S3,10.6,0,S3,site_s3,S3,S3,S3
1786342208.237,c1,recommend,,0.0,26.76,14.03,1.61,S3,0,,0,200.0,obs,1223,26.76,14.03,4.0,S3,26.76,14.03,4.0,S3,26.76,14.03,1.61,S3,10.6,0,S3,site_s3,S3,S3,S3
1786342208.237,c2,reserve,,0.0,26.34,13.67,0.41,S3,0,,0,36.0,obs,610,26.34,13.67,3.65,S3,26.34,13.67,3.65,S3,26.34,13.67,0.41,S3,10.6,0,S3,site_s3,S3,S3,S3
1786342208.237,c2,search,,0.0,31.1,20.71,3.64,S3,0,,0,4474.0,obs,917,31.1,20.71,10.98,S3,31.1,20.71,10.98,S3,31.1,20.71,3.64,S3,10.6,0,S3,site_s3,S3,S3,S3
1786342208.237,c2,recommend,,0.0,26.76,14.03,1.61,S3,0,,0,200.0,obs,1223,26.76,14.03,4.0,S3,26.76,14.03,4.0,S3,26.76,14.03,1.61,S3,10.6,0,S3,site_s3,S3,S3,S3
1786342209.237,c1,reserve,,0.0,26.34,13.67,1.93,S3,0,,0,36.0,obs,610,26.34,13.67,3.65,S3,26.34,13.67,3.65,S3,26.34,13.67,1.93,S3,10.638,0,S3,site_s3,S3,S3,S3
1786342209.237,c1,search,,0.0,31.1,20.71,6.69,S3,0,,0,4474.0,obs,918,31.1,20.71,10.98,S3,31.1,20.71,10.98,S3,31.1,20.71,6.69,S3,10.638,0,S3,site_s3,S3,S3,S3
1786342209.237,c1,recommend,,0.0,26.76,14.03,2.19,S3,0,,0,200.0,obs,1225,26.76,14.03,4.0,S3,26.76,14.03,4.0,S3,26.76,14.03,2.19,S3,10.638,0,S3,site_s3,S3,S3,S3
1786342209.237,c2,reserve,,0.0,26.34,13.67,1.93,S3,0,,0,36.0,obs,610,26.34,13.67,3.65,S3,26.34,13.67,3.65,S3,26.34,13.67,1.93,S3,10.638,0,S3,site_s3,S3,S3,S3
1786342209.237,c2,search,,0.0,31.1,20.71,6.69,S3,0,,0,4474.0,obs,918,31.1,20.71,10.98,S3,31.1,20.71,10.98,S3,31.1,20.71,6.69,S3,10.638,0,S3,site_s3,S3,S3,S3
1786342209.237,c2,recommend,,0.0,26.76,14.03,2.19,S3,0,,0,200.0,obs,1225,26.76,14.03,4.0,S3,26.76,14.03,4.0,S3,26.76,14.03,2.19,S3,10.638,0,S3,site_s3,S3,S3,S3
1786342210.237,c1,reserve,,0.0,26.34,13.67,1.9,S3,0,,0,36.0,obs,611,26.34,13.67,3.65,S3,26.34,13.67,3.65,S3,26.34,13.67,1.9,S3,10.254,0,S3,site_s3,S3,S3,S3
1786342210.237,c1,search,,0.0,31.1,20.71,6.86,S3,0,,0,4474.0,obs,918,31.1,20.71,10.98,S3,31.1,20.71,10.98,S3,31.1,20.71,6.86,S3,10.254,0,S3,site_s3,S3,S3,S3
1786342210.237,c1,recommend,,0.0,26.76,14.03,2.28,S3,0,,0,200.0,obs,1224,26.76,14.03,4.0,S3,26.76,14.03,4.0,S3,26.76,14.03,2.28,S3,10.254,0,S3,site_s3,S3,S3,S3
1786342210.237,c2,reserve,,0.0,26.34,13.67,1.9,S3,0,,0,36.0,obs,611,26.34,13.67,3.65,S3,26.34,13.67,3.65,S3,26.34,13.67,1.9,S3,10.254,0,S3,site_s3,S3,S3,S3
1786342210.237,c2,search,,0.0,31.1,20.71,6.86,S3,0,,0,4474.0,obs,918,31.1,20.71,10.98,S3,31.1,20.71,10.98,S3,31.1,20.71,6.86,S3,10.254,0,S3,site_s3,S3,S3,S3
1786342210.237,c2,recommend,,0.0,26.76,14.03,2.28,S3,0,,0,200.0,obs,1224,26.76,14.03,4.0,S3,26.76,14.03,4.0,S3,26.76,14.03,2.28,S3,10.254,0,S3,site_s3,S3,S3,S3
1786342211.237,c1,reserve,,0.0,26.34,13.67,1.87,S3,0,,0,36.0,obs,612,26.34,13.67,3.65,S3,26.34,13.67,3.65,S3,26.34,13.67,1.87,S3,10.487,0,S3,site_s3,S3,S3,S3
1786342211.237,c1,search,,0.0,31.1,20.71,6.56,S3,0,,0,4474.0,obs,917,31.1,20.71,10.98,S3,31.1,20.71,10.98,S3,31.1,20.71,6.56,S3,10.487,0,S3,site_s3,S3,S3,S3
1786342211.237,c1,recommend,,0.0,26.76,14.03,2.35,S3,0,,0,200.0,obs,1227,26.76,14.03,4.0,S3,26.76,14.03,4.0,S3,26.76,14.03,2.35,S3,10.487,0,S3,site_s3,S3,S3,S3
1786342211.237,c2,reserve,,0.0,26.34,13.67,1.87,S3,0,,0,36.0,obs,612,26.34,13.67,3.65,S3,26.34,13.67,3.65,S3,26.34,13.67,1.87,S3,10.487,0,S3,site_s3,S3,S3,S3
1786342211.237,c2,search,,0.0,31.1,20.71,6.56,S3,0,,0,4474.0,obs,917,31.1,20.71,10.98,S3,31.1,20.71,10.98,S3,31.1,20.71,6.56,S3,10.487,0,S3,site_s3,S3,S3,S3
1786342211.237,c2,recommend,,0.0,26.76,14.03,2.35,S3,0,,0,200.0,obs,1227,26.76,14.03,4.0,S3,26.76,14.03,4.0,S3,26.76,14.03,2.35,S3,10.487,0,S3,site_s3,S3,S3,S3
1786342212.237,c1,reserve,,0.0,26.34,13.67,1.93,S3,0,,0,36.0,obs,616,26.34,13.67,3.65,S3,26.34,13.67,3.65,S3,26.34,13.67,1.93,S3,10.534,0,S3,site_s3,S3,S3,S3
1786342212.237,c1,search,,0.0,31.1,20.71,6.7,S3,0,,0,4474.0,obs,917,31.1,20.71,10.98,S3,31.1,20.71,10.98,S3,31.1,20.71,6.7,S3,10.534,0,S3,site_s3,S3,S3,S3
1786342212.237,c1,recommend,,0.0,26.76,14.03,2.38,S3,0,,0,200.0,obs,1222,26.76,14.03,4.0,S3,26.76,14.03,4.0,S3,26.76,14.03,2.38,S3,10.534,0,S3,site_s3,S3,S3,S3
1786342212.237,c2,reserve,,0.0,26.34,13.67,1.93,S3,0,,0,36.0,obs,616,26.34,13.67,3.65,S3,26.34,13.67,3.65,S3,26.34,13.67,1.93,S3,10.534,0,S3,site_s3,S3,S3,S3
1786342212.237,c2,search,,0.0,31.1,20.71,6.7,S3,0,,0,4474.0,obs,917,31.1,20.71,10.98,S3,31.1,20.71,10.98,S3,31.1,20.71,6.7,S3,10.534,0,S3,site_s3,S3,S3,S3
1786342212.237,c2,recommend,,0.0,26.76,14.03,2.38,S3,0,,0,200.0,obs,1222,26.76,14.03,4.0,S3,26.76,14.03,4.0,S3,26.76,14.03,2.38,S3,10.534,0,S3,site_s3,S3,S3,S3
1786342213.237,c1,reserve,,0.0,26.34,13.67,1.91,S3,0,,0,36.0,obs,612,26.34,13.67,3.65,S3,26.34,13.67,3.65,S3,26.34,13.67,1.91,S3,10.895,0,S3,site_s3,S3,S3,S3
1786342213.237,c1,search,,0.0,31.1,20.71,6.69,S3,0,,0,4474.0,obs,920,31.1,20.71,10.98,S3,31.1,20.71,10.98,S3,31.1,20.71,6.69,S3,10.895,0,S3,site_s3,S3,S3,S3
1786342213.237,c1,recommend,,0.0,26.76,14.03,2.31,S3,0,,0,200.0,obs,1227,26.76,14.03,4.0,S3,26.76,14.03,4.0,S3,26.76,14.03,2.31,S3,10.895,0,S3,site_s3,S3,S3,S3
1786342213.237,c2,reserve,,0.0,26.34,13.67,1.91,S3,0,,0,36.0,obs,612,26.34,13.67,3.65,S3,26.34,13.67,3.65,S3,26.34,13.67,1.91,S3,10.895,0,S3,site_s3,S3,S3,S3
1786342213.237,c2,search,,0.0,31.1,20.71,6.69,S3,0,,0,4474.0,obs,920,31.1,20.71,10.98,S3,31.1,20.71,10.98,S3,31.1,20.71,6.69,S3,10.895,0,S3,site_s3,S3,S3,S3
1786342213.237,c2,recommend,,0.0,26.76,14.03,2.31,S3,0,,0,200.0,obs,1227,26.76,14.03,4.0,S3,26.76,14.03,4.0,S3,26.76,14.03,2.31,S3,10.895,0,S3,site_s3,S3,S3,S3
1786342214.237,c1,reserve,,0.0,26.34,13.67,1.91,S3,0,,0,36.0,obs,616,26.34,13.67,3.65,S3,26.34,13.67,3.65,S3,26.34,13.67,1.91,S3,10.98,0,S3,site_s3,S3,S3,S3
1786342214.237,c1,search,,0.0,31.1,20.71,6.83,S3,0,,0,4474.0,obs,916,31.1,20.71,10.98,S3,31.1,20.71,10.98,S3,31.1,20.71,6.83,S3,10.98,0,S3,site_s3,S3,S3,S3
1786342214.237,c1,recommend,,0.0,26.76,14.03,2.38,S3,0,,0,200.0,obs,1228,26.76,14.03,4.0,S3,26.76,14.03,4.0,S3,26.76,14.03,2.38,S3,10.98,0,S3,site_s3,S3,S3,S3
1786342214.237,c2,reserve,,0.0,26.34,13.67,1.91,S3,0,,0,36.0,obs,616,26.34,13.67,3.65,S3,26.34,13.67,3.65,S3,26.34,13.67,1.91,S3,10.98,0,S3,site_s3,S3,S3,S3
1786342214.237,c2,search,,0.0,31.1,20.71,6.83,S3,0,,0,4474.0,obs,916,31.1,20.71,10.98,S3,31.1,20.71,10.98,S3,31.1,20.71,6.83,S3,10.98,0,S3,site_s3,S3,S3,S3
1786342214.237,c2,recommend,,0.0,26.76,14.03,2.38,S3,0,,0,200.0,obs,1228,26.76,14.03,4.0,S3,26.76,14.03,4.0,S3,26.76,14.03,2.38,S3,10.98,0,S3,site_s3,S3,S3,S3
1786342215.237,c1,reserve,,0.0,26.34,13.67,2.0,S3,0,,0,36.0,obs,614,26.34,13.67,3.65,S3,26.34,13.67,3.65,S3,26.34,13.67,2.0,S3,11.167,0,S3,site_s3,S3,S3,S3
1786342215.237,c1,search,,0.0,31.1,20.71,6.91,S3,0,,0,4474.0,obs,920,31.1,20.71,10.98,S3,31.1,20.71,10.98,S3,31.1,20.71,6.91,S3,11.167,0,S3,site_s3,S3,S3,S3
1786342215.237,c1,recommend,,0.0,26.76,14.03,2.48,S3,0,,0,200.0,obs,1226,26.76,14.03,4.0,S3,26.76,14.03,4.0,S3,26.76,14.03,2.48,S3,11.167,0,S3,site_s3,S3,S3,S3
1786342215.237,c2,reserve,,0.0,26.34,13.67,2.0,S3,0,,0,36.0,obs,614,26.34,13.67,3.65,S3,26.34,13.67,3.65,S3,26.34,13.67,2.0,S3,11.167,0,S3,site_s3,S3,S3,S3
1786342215.237,c2,search,,0.0,31.1,20.71,6.91,S3,0,,0,4474.0,obs,920,31.1,20.71,10.98,S3,31.1,20.71,10.98,S3,31.1,20.71,6.91,S3,11.167,0,S3,site_s3,S3,S3,S3
1786342215.237,c2,recommend,,0.0,26.76,14.03,2.48,S3,0,,0,200.0,obs,1226,26.76,14.03,4.0,S3,26.76,14.03,4.0,S3,26.76,14.03,2.48,S3,11.167,0,S3,site_s3,S3,S3,S3
1786342216.236,c1,reserve,,0.0,26.34,13.67,1.82,S3,0,,0,36.0,obs,582,26.34,13.67,3.65,S3,26.34,13.67,3.65,S3,26.34,13.67,1.82,S3,9.875,0,S3,site_s3,S3,S3,S3
1786342216.236,c1,search,,0.0,31.1,20.71,6.52,S3,0,,0,4474.0,obs,872,31.1,20.71,10.98,S3,31.1,20.71,10.98,S3,31.1,20.71,6.52,S3,9.875,0,S3,site_s3,S3,S3,S3
1786342216.236,c1,recommend,,0.0,26.76,14.03,2.31,S3,0,,0,200.0,obs,1169,26.76,14.03,4.0,S3,26.76,14.03,4.0,S3,26.76,14.03,2.31,S3,9.875,0,S3,site_s3,S3,S3,S3
1786342216.236,c2,reserve,,0.0,26.34,13.67,1.82,S3,0,,0,36.0,obs,582,26.34,13.67,3.65,S3,26.34,13.67,3.65,S3,26.34,13.67,1.82,S3,9.875,0,S3,site_s3,S3,S3,S3
1786342216.236,c2,search,,0.0,31.1,20.71,6.52,S3,0,,0,4474.0,obs,872,31.1,20.71,10.98,S3,31.1,20.71,10.98,S3,31.1,20.71,6.52,S3,9.875,0,S3,site_s3,S3,S3,S3
1786342216.236,c2,recommend,,0.0,26.76,14.03,2.31,S3,0,,0,200.0,obs,1169,26.76,14.03,4.0,S3,26.76,14.03,4.0,S3,26.76,14.03,2.31,S3,9.875,0,S3,site_s3,S3,S3,S3
1786342217.237,c1,reserve,,0.0,26.34,13.67,1.37,S3,0,,0,36.0,obs,587,26.34,13.67,3.65,S3,26.34,13.67,3.65,S3,26.34,13.67,1.37,S3,10.933,0,S3,site_s3,S3,S3,S3
1786342217.237,c1,search,,0.0,31.1,20.71,5.07,S3,0,,0,4474.0,obs,873,31.1,20.71,10.98,S3,31.1,20.71,10.98,S3,31.1,20.71,5.07,S3,10.933,0,S3,site_s3,S3,S3,S3
1786342217.237,c1,recommend,,0.0,26.76,14.03,1.82,S3,0,,0,200.0,obs,1162,26.76,14.03,4.0,S3,26.76,14.03,4.0,S3,26.76,14.03,1.82,S3,10.933,0,S3,site_s3,S3,S3,S3
1786342217.237,c2,reserve,,0.0,26.34,13.67,1.37,S3,0,,0,36.0,obs,587,26.34,13.67,3.65,S3,26.34,13.67,3.65,S3,26.34,13.67,1.37,S3,10.933,0,S3,site_s3,S3,S3,S3
1786342217.237,c2,search,,0.0,31.1,20.71,5.07,S3,0,,0,4474.0,obs,873,31.1,20.71,10.98,S3,31.1,20.71,10.98,S3,31.1,20.71,5.07,S3,10.933,0,S3,site_s3,S3,S3,S3
1786342217.237,c2,recommend,,0.0,26.76,14.03,1.82,S3,0,,0,200.0,obs,1162,26.76,14.03,4.0,S3,26.76,14.03,4.0,S3,26.76,14.03,1.82,S3,10.933,0,S3,site_s3,S3,S3,S3
1786342218.237,c1,reserve,,0.0,26.34,13.67,1.38,S3,0,,0,36.0,obs,582,26.34,13.67,3.65,S3,26.34,13.67,3.65,S3,26.34,13.67,1.38,S3,10.537,0,S3,site_s3,S3,S3,S3
1786342218.237,c1,search,,0.0,31.1,20.71,5.03,S3,0,,0,4474.0,obs,875,31.1,20.71,10.98,S3,31.1,20.71,10.98,S3,31.1,20.71,5.03,S3,10.537,0,S3,site_s3,S3,S3,S3
1786342218.237,c1,recommend,,0.0,26.76,14.03,1.8,S3,0,,0,200.0,obs,1168,26.76,14.03,4.0,S3,26.76,14.03,4.0,S3,26.76,14.03,1.8,S3,10.537,0,S3,site_s3,S3,S3,S3
1786342218.237,c2,reserve,,0.0,26.34,13.67,1.38,S3,0,,0,36.0,obs,582,26.34,13.67,3.65,S3,26.34,13.67,3.65,S3,26.34,13.67,1.38,S3,10.537,0,S3,site_s3,S3,S3,S3
1786342218.237,c2,search,,0.0,31.1,20.71,5.03,S3,0,,0,4474.0,obs,875,31.1,20.71,10.98,S3,31.1,20.71,10.98,S3,31.1,20.71,5.03,S3,10.537,0,S3,site_s3,S3,S3,S3
1786342218.237,c2,recommend,,0.0,26.76,14.03,1.8,S3,0,,0,200.0,obs,1168,26.76,14.03,4.0,S3,26.76,14.03,4.0,S3,26.76,14.03,1.8,S3,10.537,0,S3,site_s3,S3,S3,S3
1786342219.237,c1,reserve,,0.0,26.34,13.67,1.97,S3,0,,0,36.0,obs,588,26.34,13.67,3.65,S3,26.34,13.67,3.65,S3,26.34,13.67,1.97,S3,10.451,0,S3,site_s3,S3,S3,S3
1786342219.237,c1,search,,0.0,31.1,20.71,6.65,S3,0,,0,4474.0,obs,872,31.1,20.71,10.98,S3,31.1,20.71,10.98,S3,31.1,20.71,6.65,S3,10.451,0,S3,site_s3,S3,S3,S3
1786342219.237,c1,recommend,,0.0,26.76,14.03,2.36,S3,0,,0,200.0,obs,1165,26.76,14.03,4.0,S3,26.76,14.03,4.0,S3,26.76,14.03,2.36,S3,10.451,0,S3,site_s3,S3,S3,S3
1786342219.237,c2,reserve,,0.0,26.34,13.67,1.97,S3,0,,0,36.0,obs,588,26.34,13.67,3.65,S3,26.34,13.67,3.65,S3,26.34,13.67,1.97,S3,10.451,0,S3,site_s3,S3,S3,S3
1786342219.237,c2,search,,0.0,31.1,20.71,6.65,S3,0,,0,4474.0,obs,872,31.1,20.71,10.98,S3,31.1,20.71,10.98,S3,31.1,20.71,6.65,S3,10.451,0,S3,site_s3,S3,S3,S3
1786342219.237,c2,recommend,,0.0,26.76,14.03,2.36,S3,0,,0,200.0,obs,1165,26.76,14.03,4.0,S3,26.76,14.03,4.0,S3,26.76,14.03,2.36,S3,10.451,0,S3,site_s3,S3,S3,S3
1786342220.234,c1,reserve,,0.0,26.34,13.67,1.92,S3,0,,0,36.0,obs,581,26.34,13.67,3.65,S3,26.34,13.67,3.65,S3,26.34,13.67,1.92,S3,8.919,0,S3,site_s3,S3,S3,S3
1786342220.234,c1,search,,0.0,31.1,20.71,6.5,S3,0,,0,4474.0,obs,878,31.1,20.71,10.98,S3,31.1,20.71,10.98,S3,31.1,20.71,6.5,S3,8.919,0,S3,site_s3,S3,S3,S3
1786342220.234,c1,recommend,,0.0,26.76,14.03,2.38,S3,0,,0,200.0,obs,1169,26.76,14.03,4.0,S3,26.76,14.03,4.0,S3,26.76,14.03,2.38,S3,8.919,0,S3,site_s3,S3,S3,S3
1786342220.234,c2,reserve,,0.0,26.34,13.67,1.92,S3,0,,0,36.0,obs,581,26.34,13.67,3.65,S3,26.34,13.67,3.65,S3,26.34,13.67,1.92,S3,8.919,0,S3,site_s3,S3,S3,S3
1786342220.234,c2,search,,0.0,31.1,20.71,6.5,S3,0,,0,4474.0,obs,878,31.1,20.71,10.98,S3,31.1,20.71,10.98,S3,31.1,20.71,6.5,S3,8.919,0,S3,site_s3,S3,S3,S3
1786342220.234,c2,recommend,,0.0,26.76,14.03,2.38,S3,0,,0,200.0,obs,1169,26.76,14.03,4.0,S3,26.76,14.03,4.0,S3,26.76,14.03,2.38,S3,8.919,0,S3,site_s3,S3,S3,S3
1786342221.235,c1,reserve,,0.0,26.34,13.67,1.89,S3,0,,0,36.0,obs,585,26.34,13.67,3.65,S3,26.34,13.67,3.65,S3,26.34,13.67,1.89,S3,8.972,0,S3,site_s3,S3,S3,S3
1786342221.235,c1,search,,0.0,31.1,20.71,6.57,S3,0,,0,4474.0,obs,872,31.1,20.71,10.98,S3,31.1,20.71,10.98,S3,31.1,20.71,6.57,S3,8.972,0,S3,site_s3,S3,S3,S3
1786342221.235,c1,recommend,,0.0,26.76,14.03,2.27,S3,0,,0,200.0,obs,1172,26.76,14.03,4.0,S3,26.76,14.03,4.0,S3,26.76,14.03,2.27,S3,8.972,0,S3,site_s3,S3,S3,S3
1786342221.235,c2,reserve,,0.0,26.34,13.67,1.89,S3,0,,0,36.0,obs,585,26.34,13.67,3.65,S3,26.34,13.67,3.65,S3,26.34,13.67,1.89,S3,8.972,0,S3,site_s3,S3,S3,S3
1786342221.235,c2,search,,0.0,31.1,20.71,6.57,S3,0,,0,4474.0,obs,872,31.1,20.71,10.98,S3,31.1,20.71,10.98,S3,31.1,20.71,6.57,S3,8.972,0,S3,site_s3,S3,S3,S3
1786342221.235,c2,recommend,,0.0,26.76,14.03,2.27,S3,0,,0,200.0,obs,1172,26.76,14.03,4.0,S3,26.76,14.03,4.0,S3,26.76,14.03,2.27,S3,8.972,0,S3,site_s3,S3,S3,S3
1786342222.235,c1,reserve,,0.0,26.34,13.67,1.81,S3,0,,0,36.0,obs,586,26.34,13.67,3.65,S3,26.34,13.67,3.65,S3,26.34,13.67,1.81,S3,8.939,0,S3,site_s3,S3,S3,S3
1786342222.235,c1,search,,0.0,31.1,20.71,6.67,S3,0,,0,4474.0,obs,879,31.1,20.71,10.98,S3,31.1,20.71,10.98,S3,31.1,20.71,6.67,S3,8.939,0,S3,site_s3,S3,S3,S3
1786342222.235,c1,recommend,,0.0,26.76,14.03,2.25,S3,0,,0,200.0,obs,1166,26.76,14.03,4.0,S3,26.76,14.03,4.0,S3,26.76,14.03,2.25,S3,8.939,0,S3,site_s3,S3,S3,S3
1786342222.235,c2,reserve,,0.0,26.34,13.67,1.81,S3,0,,0,36.0,obs,586,26.34,13.67,3.65,S3,26.34,13.67,3.65,S3,26.34,13.67,1.81,S3,8.939,0,S3,site_s3,S3,S3,S3
1786342222.235,c2,search,,0.0,31.1,20.71,6.67,S3,0,,0,4474.0,obs,879,31.1,20.71,10.98,S3,31.1,20.71,10.98,S3,31.1,20.71,6.67,S3,8.939,0,S3,site_s3,S3,S3,S3
1786342222.235,c2,recommend,,0.0,26.76,14.03,2.25,S3,0,,0,200.0,obs,1166,26.76,14.03,4.0,S3,26.76,14.03,4.0,S3,26.76,14.03,2.25,S3,8.939,0,S3,site_s3,S3,S3,S3
1786342223.235,c1,reserve,,0.0,26.34,13.67,1.85,S3,0,,0,36.0,obs,583,26.34,13.67,3.65,S3,26.34,13.67,3.65,S3,26.34,13.67,1.85,S3,8.965,0,S3,site_s3,S3,S3,S3
1786342223.235,c1,search,,0.0,31.1,20.71,6.9,S3,0,,0,4474.0,obs,874,31.1,20.71,10.98,S3,31.1,20.71,10.98,S3,31.1,20.71,6.9,S3,8.965,0,S3,site_s3,S3,S3,S3
1786342223.235,c1,recommend,,0.0,26.76,14.03,2.48,S3,0,,0,200.0,obs,1175,26.76,14.03,4.0,S3,26.76,14.03,4.0,S3,26.76,14.03,2.48,S3,8.965,0,S3,site_s3,S3,S3,S3
1786342223.235,c2,reserve,,0.0,26.34,13.67,1.85,S3,0,,0,36.0,obs,583,26.34,13.67,3.65,S3,26.34,13.67,3.65,S3,26.34,13.67,1.85,S3,8.965,0,S3,site_s3,S3,S3,S3
1786342223.235,c2,search,,0.0,31.1,20.71,6.9,S3,0,,0,4474.0,obs,874,31.1,20.71,10.98,S3,31.1,20.71,10.98,S3,31.1,20.71,6.9,S3,8.965,0,S3,site_s3,S3,S3,S3
1786342223.235,c2,recommend,,0.0,26.76,14.03,2.48,S3,0,,0,200.0,obs,1175,26.76,14.03,4.0,S3,26.76,14.03,4.0,S3,26.76,14.03,2.48,S3,8.965,0,S3,site_s3,S3,S3,S3
1786342224.235,c1,reserve,,0.0,26.34,13.67,1.85,S3,0,,0,36.0,obs,589,26.34,13.67,3.65,S3,26.34,13.67,3.65,S3,26.34,13.67,1.85,S3,8.948,0,S3,site_s3,S3,S3,S3
1786342224.235,c1,search,,0.0,31.1,20.71,6.44,S3,0,,0,4474.0,obs,878,31.1,20.71,10.98,S3,31.1,20.71,10.98,S3,31.1,20.71,6.44,S3,8.948,0,S3,site_s3,S3,S3,S3
1786342224.235,c1,recommend,,0.0,26.76,14.03,2.51,S3,0,,0,200.0,obs,1169,26.76,14.03,4.0,S3,26.76,14.03,4.0,S3,26.76,14.03,2.51,S3,8.948,0,S3,site_s3,S3,S3,S3
1786342224.235,c2,reserve,,0.0,26.34,13.67,1.85,S3,0,,0,36.0,obs,589,26.34,13.67,3.65,S3,26.34,13.67,3.65,S3,26.34,13.67,1.85,S3,8.948,0,S3,site_s3,S3,S3,S3
1786342224.235,c2,search,,0.0,31.1,20.71,6.44,S3,0,,0,4474.0,obs,878,31.1,20.71,10.98,S3,31.1,20.71,10.98,S3,31.1,20.71,6.44,S3,8.948,0,S3,site_s3,S3,S3,S3
1786342224.235,c2,recommend,,0.0,26.76,14.03,2.51,S3,0,,0,200.0,obs,1169,26.76,14.03,4.0,S3,26.76,14.03,4.0,S3,26.76,14.03,2.51,S3,8.948,0,S3,site_s3,S3,S3,S3
1786342225.236,c1,reserve,,0.0,26.34,13.67,1.64,S3,0,,0,36.0,obs,583,26.34,13.67,3.65,S3,26.34,13.67,3.65,S3,26.34,13.67,1.64,S3,9.452,0,S3,site_s3,S3,S3,S3
1786342225.236,c1,search,,0.0,31.1,20.71,6.66,S3,0,,0,4474.0,obs,879,31.1,20.71,10.98,S3,31.1,20.71,10.98,S3,31.1,20.71,6.66,S3,9.452,0,S3,site_s3,S3,S3,S3
1786342225.236,c1,recommend,,0.0,26.76,14.03,2.45,S3,0,,0,200.0,obs,1175,26.76,14.03,4.0,S3,26.76,14.03,4.0,S3,26.76,14.03,2.45,S3,9.452,0,S3,site_s3,S3,S3,S3
1786342225.236,c2,reserve,,0.0,26.34,13.67,1.64,S3,0,,0,36.0,obs,583,26.34,13.67,3.65,S3,26.34,13.67,3.65,S3,26.34,13.67,1.64,S3,9.452,0,S3,site_s3,S3,S3,S3
1786342225.236,c2,search,,0.0,31.1,20.71,6.66,S3,0,,0,4474.0,obs,879,31.1,20.71,10.98,S3,31.1,20.71,10.98,S3,31.1,20.71,6.66,S3,9.452,0,S3,site_s3,S3,S3,S3
1786342225.236,c2,recommend,,0.0,26.76,14.03,2.45,S3,0,,0,200.0,obs,1175,26.76,14.03,4.0,S3,26.76,14.03,4.0,S3,26.76,14.03,2.45,S3,9.452,0,S3,site_s3,S3,S3,S3
1786342226.236,c1,reserve,,0.0,26.34,13.67,1.64,S3,0,,0,36.0,obs,589,26.34,13.67,3.65,S3,26.34,13.67,3.65,S3,26.34,13.67,1.64,S3,9.507,0,S3,site_s3,S3,S3,S3
1786342226.236,c1,search,,0.0,31.1,20.71,6.8,S3,0,,0,4474.0,obs,878,31.1,20.71,10.98,S3,31.1,20.71,10.98,S3,31.1,20.71,6.8,S3,9.507,0,S3,site_s3,S3,S3,S3
1786342226.236,c1,recommend,,0.0,26.76,14.03,2.42,S3,0,,0,200.0,obs,1174,26.76,14.03,4.0,S3,26.76,14.03,4.0,S3,26.76,14.03,2.42,S3,9.507,0,S3,site_s3,S3,S3,S3
1786342226.236,c2,reserve,,0.0,26.34,13.67,1.64,S3,0,,0,36.0,obs,589,26.34,13.67,3.65,S3,26.34,13.67,3.65,S3,26.34,13.67,1.64,S3,9.507,0,S3,site_s3,S3,S3,S3
1786342226.236,c2,search,,0.0,31.1,20.71,6.8,S3,0,,0,4474.0,obs,878,31.1,20.71,10.98,S3,31.1,20.71,10.98,S3,31.1,20.71,6.8,S3,9.507,0,S3,site_s3,S3,S3,S3
1786342226.236,c2,recommend,,0.0,26.76,14.03,2.42,S3,0,,0,200.0,obs,1174,26.76,14.03,4.0,S3,26.76,14.03,4.0,S3,26.76,14.03,2.42,S3,9.507,0,S3,site_s3,S3,S3,S3
1786342227.235,c1,reserve,,0.0,26.34,13.67,1.05,S3,0,,0,36.0,obs,584,26.34,13.67,3.65,S3,26.34,13.67,3.65,S3,26.34,13.67,1.05,S3,9.106,0,S3,site_s3,S3,S3,S3
1786342227.235,c1,search,,0.0,31.1,20.71,4.47,S3,0,,0,4474.0,obs,882,31.1,20.71,10.98,S3,31.1,20.71,10.98,S3,31.1,20.71,4.47,S3,9.106,0,S3,site_s3,S3,S3,S3
1786342227.235,c1,recommend,,0.0,26.76,14.03,1.73,S3,0,,0,200.0,obs,1178,26.76,14.03,4.0,S3,26.76,14.03,4.0,S3,26.76,14.03,1.73,S3,9.106,0,S3,site_s3,S3,S3,S3
1786342227.235,c2,reserve,,0.0,26.34,13.67,1.05,S3,0,,0,36.0,obs,584,26.34,13.67,3.65,S3,26.34,13.67,3.65,S3,26.34,13.67,1.05,S3,9.106,0,S3,site_s3,S3,S3,S3
1786342227.235,c2,search,,0.0,31.1,20.71,4.47,S3,0,,0,4474.0,obs,882,31.1,20.71,10.98,S3,31.1,20.71,10.98,S3,31.1,20.71,4.47,S3,9.106,0,S3,site_s3,S3,S3,S3
1786342227.235,c2,recommend,,0.0,26.76,14.03,1.73,S3,0,,0,200.0,obs,1178,26.76,14.03,4.0,S3,26.76,14.03,4.0,S3,26.76,14.03,1.73,S3,9.106,0,S3,site_s3,S3,S3,S3
1786342228.236,c1,reserve,,0.0,26.34,13.67,1.0,S3,0,,0,36.0,obs,590,26.34,13.67,3.65,S3,26.34,13.67,3.65,S3,26.34,13.67,1.0,S3,9.469,0,S3,site_s3,S3,S3,S3
1786342228.236,c1,search,,0.0,31.1,20.71,5.4,S3,0,,0,4474.0,obs,878,31.1,20.71,10.98,S3,31.1,20.71,10.98,S3,31.1,20.71,5.4,S3,9.469,0,S3,site_s3,S3,S3,S3
1786342228.236,c1,recommend,,0.0,26.76,14.03,1.81,S3,0,,0,200.0,obs,1178,26.76,14.03,4.0,S3,26.76,14.03,4.0,S3,26.76,14.03,1.81,S3,9.469,0,S3,site_s3,S3,S3,S3
1786342228.236,c2,reserve,,0.0,26.34,13.67,1.0,S3,0,,0,36.0,obs,590,26.34,13.67,3.65,S3,26.34,13.67,3.65,S3,26.34,13.67,1.0,S3,9.469,0,S3,site_s3,S3,S3,S3
1786342228.236,c2,search,,0.0,31.1,20.71,5.4,S3,0,,0,4474.0,obs,878,31.1,20.71,10.98,S3,31.1,20.71,10.98,S3,31.1,20.71,5.4,S3,9.469,0,S3,site_s3,S3,S3,S3
1786342228.236,c2,recommend,,0.0,26.76,14.03,1.81,S3,0,,0,200.0,obs,1178,26.76,14.03,4.0,S3,26.76,14.03,4.0,S3,26.76,14.03,1.81,S3,9.469,0,S3,site_s3,S3,S3,S3
1786342229.236,c1,reserve,,0.0,26.34,13.67,1.42,S3,0,,0,36.0,obs,588,26.34,13.67,3.65,S3,26.34,13.67,3.65,S3,26.34,13.67,1.42,S3,9.372,0,S3,site_s3,S3,S3,S3
1786342229.236,c1,search,,0.0,31.1,20.71,6.59,S3,0,,0,4474.0,obs,883,31.1,20.71,10.98,S3,31.1,20.71,10.98,S3,31.1,20.71,6.59,S3,9.372,0,S3,site_s3,S3,S3,S3
1786342229.236,c1,recommend,,0.0,26.76,14.03,2.28,S3,0,,0,200.0,obs,1177,26.76,14.03,4.0,S3,26.76,14.03,4.0,S3,26.76,14.03,2.28,S3,9.372,0,S3,site_s3,S3,S3,S3
1786342229.236,c2,reserve,,0.0,26.34,13.67,1.42,S3,0,,0,36.0,obs,588,26.34,13.67,3.65,S3,26.34,13.67,3.65,S3,26.34,13.67,1.42,S3,9.372,0,S3,site_s3,S3,S3,S3
1786342229.236,c2,search,,0.0,31.1,20.71,6.59,S3,0,,0,4474.0,obs,883,31.1,20.71,10.98,S3,31.1,20.71,10.98,S3,31.1,20.71,6.59,S3,9.372,0,S3,site_s3,S3,S3,S3
1786342229.236,c2,recommend,,0.0,26.76,14.03,2.28,S3,0,,0,200.0,obs,1177,26.76,14.03,4.0,S3,26.76,14.03,4.0,S3,26.76,14.03,2.28,S3,9.372,0,S3,site_s3,S3,S3,S3
1786342230.237,c1,reserve,,0.0,26.34,13.67,1.86,S3,0,,0,36.0,obs,589,26.34,13.67,3.65,S3,26.34,13.67,3.65,S3,26.34,13.67,1.86,S3,10.469,0,S3,site_s3,S3,S3,S3
1786342230.237,c1,search,,0.0,31.1,20.71,6.71,S3,0,,0,4474.0,obs,879,31.1,20.71,10.98,S3,31.1,20.71,10.98,S3,31.1,20.71,6.71,S3,10.469,0,S3,site_s3,S3,S3,S3
1786342230.237,c1,recommend,,0.0,26.76,14.03,2.34,S3,0,,0,200.0,obs,1181,26.76,14.03,4.0,S3,26.76,14.03,4.0,S3,26.76,14.03,2.34,S3,10.469,0,S3,site_s3,S3,S3,S3
1786342230.237,c2,reserve,,0.0,26.34,13.67,1.86,S3,0,,0,36.0,obs,589,26.34,13.67,3.65,S3,26.34,13.67,3.65,S3,26.34,13.67,1.86,S3,10.469,0,S3,site_s3,S3,S3,S3
1786342230.237,c2,search,,0.0,31.1,20.71,6.71,S3,0,,0,4474.0,obs,879,31.1,20.71,10.98,S3,31.1,20.71,10.98,S3,31.1,20.71,6.71,S3,10.469,0,S3,site_s3,S3,S3,S3
1786342230.237,c2,recommend,,0.0,26.76,14.03,2.34,S3,0,,0,200.0,obs,1181,26.76,14.03,4.0,S3,26.76,14.03,4.0,S3,26.76,14.03,2.34,S3,10.469,0,S3,site_s3,S3,S3,S3
1786342231.237,c1,reserve,,0.0,26.34,13.67,0.94,S3,0,,0,36.0,obs,592,26.34,13.67,3.65,S3,26.34,13.67,3.65,S3,26.34,13.67,0.94,S3,11.003,0,S3,site_s3,S3,S3,S3
1786342231.237,c1,search,,0.0,31.1,20.71,4.85,S3,0,,0,4474.0,obs,882,31.1,20.71,10.98,S3,31.1,20.71,10.98,S3,31.1,20.71,4.85,S3,11.003,0,S3,site_s3,S3,S3,S3
1786342231.237,c1,recommend,,0.0,26.76,14.03,1.7,S3,0,,0,200.0,obs,1172,26.76,14.03,4.0,S3,26.76,14.03,4.0,S3,26.76,14.03,1.7,S3,11.003,0,S3,site_s3,S3,S3,S3
1786342231.237,c2,reserve,,0.0,26.34,13.67,0.94,S3,0,,0,36.0,obs,592,26.34,13.67,3.65,S3,26.34,13.67,3.65,S3,26.34,13.67,0.94,S3,11.003,0,S3,site_s3,S3,S3,S3
1786342231.237,c2,search,,0.0,31.1,20.71,4.85,S3,0,,0,4474.0,obs,882,31.1,20.71,10.98,S3,31.1,20.71,10.98,S3,31.1,20.71,4.85,S3,11.003,0,S3,site_s3,S3,S3,S3
1786342231.237,c2,recommend,,0.0,26.76,14.03,1.7,S3,0,,0,200.0,obs,1172,26.76,14.03,4.0,S3,26.76,14.03,4.0,S3,26.76,14.03,1.7,S3,11.003,0,S3,site_s3,S3,S3,S3
1786342232.237,c1,reserve,,0.0,26.34,13.67,0.97,S3,0,,0,36.0,obs,587,26.34,13.67,3.65,S3,26.34,13.67,3.65,S3,26.34,13.67,0.97,S3,10.928,0,S3,site_s3,S3,S3,S3
1786342232.237,c1,search,,0.0,31.1,20.71,5.56,S3,0,,0,4474.0,obs,884,31.1,20.71,10.98,S3,31.1,20.71,10.98,S3,31.1,20.71,5.56,S3,10.928,0,S3,site_s3,S3,S3,S3
1786342232.237,c1,recommend,,0.0,26.76,14.03,1.93,S3,0,,0,200.0,obs,1181,26.76,14.03,4.0,S3,26.76,14.03,4.0,S3,26.76,14.03,1.93,S3,10.928,0,S3,site_s3,S3,S3,S3
1786342232.237,c2,reserve,,0.0,26.34,13.67,0.97,S3,0,,0,36.0,obs,587,26.34,13.67,3.65,S3,26.34,13.67,3.65,S3,26.34,13.67,0.97,S3,10.928,0,S3,site_s3,S3,S3,S3
1786342232.237,c2,search,,0.0,31.1,20.71,5.56,S3,0,,0,4474.0,obs,884,31.1,20.71,10.98,S3,31.1,20.71,10.98,S3,31.1,20.71,5.56,S3,10.928,0,S3,site_s3,S3,S3,S3
1786342232.237,c2,recommend,,0.0,26.76,14.03,1.93,S3,0,,0,200.0,obs,1181,26.76,14.03,4.0,S3,26.76,14.03,4.0,S3,26.76,14.03,1.93,S3,10.928,0,S3,site_s3,S3,S3,S3
1786342233.237,c1,reserve,,0.0,26.34,13.67,1.7,S3,0,,0,36.0,obs,594,26.34,13.67,3.65,S3,26.34,13.67,3.65,S3,26.34,13.67,1.7,S3,10.905,0,S3,site_s3,S3,S3,S3
1786342233.237,c1,search,,0.0,31.1,20.71,6.63,S3,0,,0,4474.0,obs,882,31.1,20.71,10.98,S3,31.1,20.71,10.98,S3,31.1,20.71,6.63,S3,10.905,0,S3,site_s3,S3,S3,S3
1786342233.237,c1,recommend,,0.0,26.76,14.03,2.31,S3,0,,0,200.0,obs,1177,26.76,14.03,4.0,S3,26.76,14.03,4.0,S3,26.76,14.03,2.31,S3,10.905,0,S3,site_s3,S3,S3,S3
1786342233.237,c2,reserve,,0.0,26.34,13.67,1.7,S3,0,,0,36.0,obs,594,26.34,13.67,3.65,S3,26.34,13.67,3.65,S3,26.34,13.67,1.7,S3,10.905,0,S3,site_s3,S3,S3,S3
1786342233.237,c2,search,,0.0,31.1,20.71,6.63,S3,0,,0,4474.0,obs,882,31.1,20.71,10.98,S3,31.1,20.71,10.98,S3,31.1,20.71,6.63,S3,10.905,0,S3,site_s3,S3,S3,S3
1786342233.237,c2,recommend,,0.0,26.76,14.03,2.31,S3,0,,0,200.0,obs,1177,26.76,14.03,4.0,S3,26.76,14.03,4.0,S3,26.76,14.03,2.31,S3,10.905,0,S3,site_s3,S3,S3,S3
1786342234.237,c1,reserve,,0.0,26.34,13.67,1.7,S3,0,,0,36.0,obs,588,26.34,13.67,3.65,S3,26.34,13.67,3.65,S3,26.34,13.67,1.7,S3,10.952,0,S3,site_s3,S3,S3,S3
1786342234.237,c1,search,,0.0,31.1,20.71,6.54,S3,0,,0,4474.0,obs,882,31.1,20.71,10.98,S3,31.1,20.71,10.98,S3,31.1,20.71,6.54,S3,10.952,0,S3,site_s3,S3,S3,S3
1786342234.237,c1,recommend,,0.0,26.76,14.03,2.21,S3,0,,0,200.0,obs,1181,26.76,14.03,4.0,S3,26.76,14.03,4.0,S3,26.76,14.03,2.21,S3,10.952,0,S3,site_s3,S3,S3,S3
1786342234.237,c2,reserve,,0.0,26.34,13.67,1.7,S3,0,,0,36.0,obs,588,26.34,13.67,3.65,S3,26.34,13.67,3.65,S3,26.34,13.67,1.7,S3,10.952,0,S3,site_s3,S3,S3,S3
1786342234.237,c2,search,,0.0,31.1,20.71,6.54,S3,0,,0,4474.0,obs,882,31.1,20.71,10.98,S3,31.1,20.71,10.98,S3,31.1,20.71,6.54,S3,10.952,0,S3,site_s3,S3,S3,S3
1786342234.237,c2,recommend,,0.0,26.76,14.03,2.21,S3,0,,0,200.0,obs,1181,26.76,14.03,4.0,S3,26.76,14.03,4.0,S3,26.76,14.03,2.21,S3,10.952,0,S3,site_s3,S3,S3,S3
1786342235.237,c1,reserve,,0.0,26.34,13.67,1.64,S3,0,,0,36.0,obs,594,26.34,13.67,3.65,S3,26.34,13.67,3.65,S3,26.34,13.67,1.64,S3,10.6,0,S3,site_s3,S3,S3,S3
1786342235.237,c1,search,,0.0,31.1,20.71,6.44,S3,0,,0,4474.0,obs,882,31.1,20.71,10.98,S3,31.1,20.71,10.98,S3,31.1,20.71,6.44,S3,10.6,0,S3,site_s3,S3,S3,S3
1786342235.237,c1,recommend,,0.0,26.76,14.03,2.27,S3,0,,0,200.0,obs,1178,26.76,14.03,4.0,S3,26.76,14.03,4.0,S3,26.76,14.03,2.27,S3,10.6,0,S3,site_s3,S3,S3,S3
1786342235.237,c2,reserve,,0.0,26.34,13.67,1.64,S3,0,,0,36.0,obs,594,26.34,13.67,3.65,S3,26.34,13.67,3.65,S3,26.34,13.67,1.64,S3,10.6,0,S3,site_s3,S3,S3,S3
1786342235.237,c2,search,,0.0,31.1,20.71,6.44,S3,0,,0,4474.0,obs,882,31.1,20.71,10.98,S3,31.1,20.71,10.98,S3,31.1,20.71,6.44,S3,10.6,0,S3,site_s3,S3,S3,S3
1786342235.237,c2,recommend,,0.0,26.76,14.03,2.27,S3,0,,0,200.0,obs,1178,26.76,14.03,4.0,S3,26.76,14.03,4.0,S3,26.76,14.03,2.27,S3,10.6,0,S3,site_s3,S3,S3,S3
1786342236.238,c1,reserve,,0.0,26.34,13.67,1.28,S3,0,,0,36.0,obs,590,26.34,13.67,3.65,S3,26.34,13.67,3.65,S3,26.34,13.67,1.28,S3,11.343,0,S3,site_s3,S3,S3,S3
1786342236.238,c1,search,,0.0,31.1,20.71,5.58,S3,0,,0,4474.0,obs,887,31.1,20.71,10.98,S3,31.1,20.71,10.98,S3,31.1,20.71,5.58,S3,11.343,0,S3,site_s3,S3,S3,S3
1786342236.238,c1,recommend,,0.0,26.76,14.03,2.0,S3,0,,0,200.0,obs,1180,26.76,14.03,4.0,S3,26.76,14.03,4.0,S3,26.76,14.03,2.0,S3,11.343,0,S3,site_s3,S3,S3,S3
1786342236.238,c2,reserve,,0.0,26.34,13.67,1.28,S3,0,,0,36.0,obs,590,26.34,13.67,3.65,S3,26.34,13.67,3.65,S3,26.34,13.67,1.28,S3,11.343,0,S3,site_s3,S3,S3,S3
1786342236.238,c2,search,,0.0,31.1,20.71,5.58,S3,0,,0,4474.0,obs,887,31.1,20.71,10.98,S3,31.1,20.71,10.98,S3,31.1,20.71,5.58,S3,11.343,0,S3,site_s3,S3,S3,S3
1786342236.238,c2,recommend,,0.0,26.76,14.03,2.0,S3,0,,0,200.0,obs,1180,26.76,14.03,4.0,S3,26.76,14.03,4.0,S3,26.76,14.03,2.0,S3,11.343,0,S3,site_s3,S3,S3,S3
1786342237.235,c1,reserve,,0.0,26.34,13.67,1.22,S3,0,,0,36.0,obs,591,26.34,13.67,3.65,S3,26.34,13.67,3.65,S3,26.34,13.67,1.22,S3,8.942,0,S3,site_s3,S3,S3,S3
1786342237.235,c1,search,,0.0,31.1,20.71,5.59,S3,0,,0,4474.0,obs,884,31.1,20.71,10.98,S3,31.1,20.71,10.98,S3,31.1,20.71,5.59,S3,8.942,0,S3,site_s3,S3,S3,S3
1786342237.235,c1,recommend,,0.0,26.76,14.03,1.69,S3,0,,0,200.0,obs,1184,26.76,14.03,4.0,S3,26.76,14.03,4.0,S3,26.76,14.03,1.69,S3,8.942,0,S3,site_s3,S3,S3,S3
1786342237.235,c2,reserve,,0.0,26.34,13.67,1.22,S3,0,,0,36.0,obs,591,26.34,13.67,3.65,S3,26.34,13.67,3.65,S3,26.34,13.67,1.22,S3,8.942,0,S3,site_s3,S3,S3,S3
1786342237.235,c2,search,,0.0,31.1,20.71,5.59,S3,0,,0,4474.0,obs,884,31.1,20.71,10.98,S3,31.1,20.71,10.98,S3,31.1,20.71,5.59,S3,8.942,0,S3,site_s3,S3,S3,S3
1786342237.235,c2,recommend,,0.0,26.76,14.03,1.69,S3,0,,0,200.0,obs,1184,26.76,14.03,4.0,S3,26.76,14.03,4.0,S3,26.76,14.03,1.69,S3,8.942,0,S3,site_s3,S3,S3,S3
1786342238.235,c1,reserve,,0.0,26.34,13.67,1.55,S3,0,,0,36.0,obs,593,26.34,13.67,3.65,S3,26.34,13.67,3.65,S3,26.34,13.67,1.55,S3,9.098,0,S3,site_s3,S3,S3,S3
1786342238.235,c1,search,,0.0,31.1,20.71,6.1,S3,0,,0,4474.0,obs,888,31.1,20.71,10.98,S3,31.1,20.71,10.98,S3,31.1,20.71,6.1,S3,9.098,0,S3,site_s3,S3,S3,S3
1786342238.235,c1,recommend,,0.0,26.76,14.03,2.1,S3,0,,0,200.0,obs,1178,26.76,14.03,4.0,S3,26.76,14.03,4.0,S3,26.76,14.03,2.1,S3,9.098,0,S3,site_s3,S3,S3,S3
1786342238.235,c2,reserve,,0.0,26.34,13.67,1.55,S3,0,,0,36.0,obs,593,26.34,13.67,3.65,S3,26.34,13.67,3.65,S3,26.34,13.67,1.55,S3,9.098,0,S3,site_s3,S3,S3,S3
1786342238.235,c2,search,,0.0,31.1,20.71,6.1,S3,0,,0,4474.0,obs,888,31.1,20.71,10.98,S3,31.1,20.71,10.98,S3,31.1,20.71,6.1,S3,9.098,0,S3,site_s3,S3,S3,S3
1786342238.235,c2,recommend,,0.0,26.76,14.03,2.1,S3,0,,0,200.0,obs,1178,26.76,14.03,4.0,S3,26.76,14.03,4.0,S3,26.76,14.03,2.1,S3,9.098,0,S3,site_s3,S3,S3,S3
1786342239.235,c1,reserve,,0.0,26.34,13.67,1.75,S3,0,,0,36.0,obs,589,26.34,13.67,3.65,S3,26.34,13.67,3.65,S3,26.34,13.67,1.75,S3,8.93,0,S3,site_s3,S3,S3,S3
1786342239.235,c1,search,,0.0,31.1,20.71,6.33,S3,0,,0,4474.0,obs,887,31.1,20.71,10.98,S3,31.1,20.71,10.98,S3,31.1,20.71,6.33,S3,8.93,0,S3,site_s3,S3,S3,S3
1786342239.235,c1,recommend,,0.0,26.76,14.03,2.26,S3,0,,0,200.0,obs,1186,26.76,14.03,4.0,S3,26.76,14.03,4.0,S3,26.76,14.03,2.26,S3,8.93,0,S3,site_s3,S3,S3,S3
1786342239.235,c2,reserve,,0.0,26.34,13.67,1.75,S3,0,,0,36.0,obs,589,26.34,13.67,3.65,S3,26.34,13.67,3.65,S3,26.34,13.67,1.75,S3,8.93,0,S3,site_s3,S3,S3,S3
1786342239.235,c2,search,,0.0,31.1,20.71,6.33,S3,0,,0,4474.0,obs,887,31.1,20.71,10.98,S3,31.1,20.71,10.98,S3,31.1,20.71,6.33,S3,8.93,0,S3,site_s3,S3,S3,S3
1786342239.235,c2,recommend,,0.0,26.76,14.03,2.26,S3,0,,0,200.0,obs,1186,26.76,14.03,4.0,S3,26.76,14.03,4.0,S3,26.76,14.03,2.26,S3,8.93,0,S3,site_s3,S3,S3,S3
1786342240.235,c1,reserve,,0.0,26.34,13.67,1.61,S3,0,,0,36.0,obs,595,26.34,13.67,3.65,S3,26.34,13.67,3.65,S3,26.34,13.67,1.61,S3,9.037,0,S3,site_s3,S3,S3,S3
1786342240.235,c1,search,,0.0,31.1,20.71,6.4,S3,0,,0,4474.0,obs,886,31.1,20.71,10.98,S3,31.1,20.71,10.98,S3,31.1,20.71,6.4,S3,9.037,0,S3,site_s3,S3,S3,S3
1786342240.235,c1,recommend,,0.0,26.76,14.03,2.36,S3,0,,0,200.0,obs,1180,26.76,14.03,4.0,S3,26.76,14.03,4.0,S3,26.76,14.03,2.36,S3,9.037,0,S3,site_s3,S3,S3,S3
1786342240.235,c2,reserve,,0.0,26.34,13.67,1.61,S3,0,,0,36.0,obs,595,26.34,13.67,3.65,S3,26.34,13.67,3.65,S3,26.34,13.67,1.61,S3,9.037,0,S3,site_s3,S3,S3,S3
1786342240.235,c2,search,,0.0,31.1,20.71,6.4,S3,0,,0,4474.0,obs,886,31.1,20.71,10.98,S3,31.1,20.71,10.98,S3,31.1,20.71,6.4,S3,9.037,0,S3,site_s3,S3,S3,S3
1786342240.235,c2,recommend,,0.0,26.76,14.03,2.36,S3,0,,0,200.0,obs,1180,26.76,14.03,4.0,S3,26.76,14.03,4.0,S3,26.76,14.03,2.36,S3,9.037,0,S3,site_s3,S3,S3,S3
1786342241.235,c1,reserve,,0.0,26.34,13.67,1.46,S3,0,,0,36.0,obs,589,26.34,13.67,3.65,S3,26.34,13.67,3.65,S3,26.34,13.67,1.46,S3,8.95,0,S3,site_s3,S3,S3,S3
1786342241.235,c1,search,,0.0,31.1,20.71,6.51,S3,0,,0,4474.0,obs,888,31.1,20.71,10.98,S3,31.1,20.71,10.98,S3,31.1,20.71,6.51,S3,8.95,0,S3,site_s3,S3,S3,S3
1786342241.235,c1,recommend,,0.0,26.76,14.03,2.34,S3,0,,0,200.0,obs,1188,26.76,14.03,4.0,S3,26.76,14.03,4.0,S3,26.76,14.03,2.34,S3,8.95,0,S3,site_s3,S3,S3,S3
1786342241.235,c2,reserve,,0.0,26.34,13.67,1.46,S3,0,,0,36.0,obs,589,26.34,13.67,3.65,S3,26.34,13.67,3.65,S3,26.34,13.67,1.46,S3,8.95,0,S3,site_s3,S3,S3,S3
1786342241.235,c2,search,,0.0,31.1,20.71,6.51,S3,0,,0,4474.0,obs,888,31.1,20.71,10.98,S3,31.1,20.71,10.98,S3,31.1,20.71,6.51,S3,8.95,0,S3,site_s3,S3,S3,S3
1786342241.235,c2,recommend,,0.0,26.76,14.03,2.34,S3,0,,0,200.0,obs,1188,26.76,14.03,4.0,S3,26.76,14.03,4.0,S3,26.76,14.03,2.34,S3,8.95,0,S3,site_s3,S3,S3,S3
1786342242.235,c1,reserve,,0.0,26.34,13.67,1.56,S3,0,,0,36.0,obs,596,26.34,13.67,3.65,S3,26.34,13.67,3.65,S3,26.34,13.67,1.56,S3,8.948,0,S3,site_s3,S3,S3,S3
1786342242.235,c1,search,,0.0,31.1,20.71,6.34,S3,0,,0,4474.0,obs,886,31.1,20.71,10.98,S3,31.1,20.71,10.98,S3,31.1,20.71,6.34,S3,8.948,0,S3,site_s3,S3,S3,S3
1786342242.235,c1,recommend,,0.0,26.76,14.03,2.34,S3,0,,0,200.0,obs,1184,26.76,14.03,4.0,S3,26.76,14.03,4.0,S3,26.76,14.03,2.34,S3,8.948,0,S3,site_s3,S3,S3,S3
1786342242.235,c2,reserve,,0.0,26.34,13.67,1.56,S3,0,,0,36.0,obs,596,26.34,13.67,3.65,S3,26.34,13.67,3.65,S3,26.34,13.67,1.56,S3,8.948,0,S3,site_s3,S3,S3,S3
1786342242.235,c2,search,,0.0,31.1,20.71,6.34,S3,0,,0,4474.0,obs,886,31.1,20.71,10.98,S3,31.1,20.71,10.98,S3,31.1,20.71,6.34,S3,8.948,0,S3,site_s3,S3,S3,S3
1786342242.235,c2,recommend,,0.0,26.76,14.03,2.34,S3,0,,0,200.0,obs,1184,26.76,14.03,4.0,S3,26.76,14.03,4.0,S3,26.76,14.03,2.34,S3,8.948,0,S3,site_s3,S3,S3,S3
1786342243.235,c1,reserve,,0.0,26.34,13.67,1.75,S3,0,,0,36.0,obs,591,26.34,13.67,3.65,S3,26.34,13.67,3.65,S3,26.34,13.67,1.75,S3,8.992,0,S3,site_s3,S3,S3,S3
1786342243.235,c1,search,,0.0,31.1,20.71,6.6,S3,0,,0,4474.0,obs,891,31.1,20.71,10.98,S3,31.1,20.71,10.98,S3,31.1,20.71,6.6,S3,8.992,0,S3,site_s3,S3,S3,S3
1786342243.235,c1,recommend,,0.0,26.76,14.03,2.31,S3,0,,0,200.0,obs,1186,26.76,14.03,4.0,S3,26.76,14.03,4.0,S3,26.76,14.03,2.31,S3,8.992,0,S3,site_s3,S3,S3,S3
1786342243.235,c2,reserve,,0.0,26.34,13.67,1.75,S3,0,,0,36.0,obs,591,26.34,13.67,3.65,S3,26.34,13.67,3.65,S3,26.34,13.67,1.75,S3,8.992,0,S3,site_s3,S3,S3,S3
1786342243.235,c2,search,,0.0,31.1,20.71,6.6,S3,0,,0,4474.0,obs,891,31.1,20.71,10.98,S3,31.1,20.71,10.98,S3,31.1,20.71,6.6,S3,8.992,0,S3,site_s3,S3,S3,S3
1786342243.235,c2,recommend,,0.0,26.76,14.03,2.31,S3,0,,0,200.0,obs,1186,26.76,14.03,4.0,S3,26.76,14.03,4.0,S3,26.76,14.03,2.31,S3,8.992,0,S3,site_s3,S3,S3,S3
1786342244.235,c1,reserve,,0.0,26.34,13.67,1.72,S3,0,,0,36.0,obs,593,26.34,13.67,3.65,S3,26.34,13.67,3.65,S3,26.34,13.67,1.72,S3,8.946,0,S3,site_s3,S3,S3,S3
1786342244.235,c1,search,,0.0,31.1,20.71,6.71,S3,0,,0,4474.0,obs,885,31.1,20.71,10.98,S3,31.1,20.71,10.98,S3,31.1,20.71,6.71,S3,8.946,0,S3,site_s3,S3,S3,S3
1786342244.235,c1,recommend,,0.0,26.76,14.03,2.12,S3,0,,0,200.0,obs,1189,26.76,14.03,4.0,S3,26.76,14.03,4.0,S3,26.76,14.03,2.12,S3,8.946,0,S3,site_s3,S3,S3,S3
1786342244.235,c2,reserve,,0.0,26.34,13.67,1.72,S3,0,,0,36.0,obs,593,26.34,13.67,3.65,S3,26.34,13.67,3.65,S3,26.34,13.67,1.72,S3,8.946,0,S3,site_s3,S3,S3,S3
1786342244.235,c2,search,,0.0,31.1,20.71,6.71,S3,0,,0,4474.0,obs,885,31.1,20.71,10.98,S3,31.1,20.71,10.98,S3,31.1,20.71,6.71,S3,8.946,0,S3,site_s3,S3,S3,S3
1786342244.235,c2,recommend,,0.0,26.76,14.03,2.12,S3,0,,0,200.0,obs,1189,26.76,14.03,4.0,S3,26.76,14.03,4.0,S3,26.76,14.03,2.12,S3,8.946,0,S3,site_s3,S3,S3,S3
1786342245.235,c1,reserve,,0.0,26.34,13.67,1.73,S3,0,,0,36.0,obs,596,26.34,13.67,3.65,S3,26.34,13.67,3.65,S3,26.34,13.67,1.73,S3,8.985,0,S3,site_s3,S3,S3,S3
1786342245.235,c1,search,,0.0,31.1,20.71,6.07,S3,0,,0,4474.0,obs,890,31.1,20.71,10.98,S3,31.1,20.71,10.98,S3,31.1,20.71,6.07,S3,8.985,0,S3,site_s3,S3,S3,S3
1786342245.235,c1,recommend,,0.0,26.76,14.03,2.34,S3,0,,0,200.0,obs,1184,26.76,14.03,4.0,S3,26.76,14.03,4.0,S3,26.76,14.03,2.34,S3,8.985,0,S3,site_s3,S3,S3,S3
1786342245.235,c2,reserve,,0.0,26.34,13.67,1.73,S3,0,,0,36.0,obs,596,26.34,13.67,3.65,S3,26.34,13.67,3.65,S3,26.34,13.67,1.73,S3,8.985,0,S3,site_s3,S3,S3,S3
1786342245.235,c2,search,,0.0,31.1,20.71,6.07,S3,0,,0,4474.0,obs,890,31.1,20.71,10.98,S3,31.1,20.71,10.98,S3,31.1,20.71,6.07,S3,8.985,0,S3,site_s3,S3,S3,S3
1786342245.235,c2,recommend,,0.0,26.76,14.03,2.34,S3,0,,0,200.0,obs,1184,26.76,14.03,4.0,S3,26.76,14.03,4.0,S3,26.76,14.03,2.34,S3,8.985,0,S3,site_s3,S3,S3,S3
1786342246.236,c1,reserve,,0.0,26.34,13.67,1.67,S3,0,,0,36.0,obs,592,26.34,13.67,3.65,S3,26.34,13.67,3.65,S3,26.34,13.67,1.67,S3,9.634,0,S3,site_s3,S3,S3,S3
1786342246.236,c1,search,,0.0,31.1,20.71,6.12,S3,0,,0,4474.0,obs,889,31.1,20.71,10.98,S3,31.1,20.71,10.98,S3,31.1,20.71,6.12,S3,9.634,0,S3,site_s3,S3,S3,S3
1786342246.236,c1,recommend,,0.0,26.76,14.03,2.34,S3,0,,0,200.0,obs,1191,26.76,14.03,4.0,S3,26.76,14.03,4.0,S3,26.76,14.03,2.34,S3,9.634,0,S3,site_s3,S3,S3,S3
1786342246.236,c2,reserve,,0.0,26.34,13.67,1.67,S3,0,,0,36.0,obs,592,26.34,13.67,3.65,S3,26.34,13.67,3.65,S3,26.34,13.67,1.67,S3,9.634,0,S3,site_s3,S3,S3,S3
1786342246.236,c2,search,,0.0,31.1,20.71,6.12,S3,0,,0,4474.0,obs,889,31.1,20.71,10.98,S3,31.1,20.71,10.98,S3,31.1,20.71,6.12,S3,9.634,0,S3,site_s3,S3,S3,S3
1786342246.236,c2,recommend,,0.0,26.76,14.03,2.34,S3,0,,0,200.0,obs,1191,26.76,14.03,4.0,S3,26.76,14.03,4.0,S3,26.76,14.03,2.34,S3,9.634,0,S3,site_s3,S3,S3,S3
1786342247.235,c1,reserve,,0.0,26.34,13.67,1.22,S3,0,,0,36.0,obs,598,26.34,13.67,3.65,S3,26.34,13.67,3.65,S3,26.34,13.67,1.22,S3,8.977,0,S3,site_s3,S3,S3,S3
1786342247.235,c1,search,,0.0,31.1,20.71,5.93,S3,0,,0,4474.0,obs,888,31.1,20.71,10.98,S3,31.1,20.71,10.98,S3,31.1,20.71,5.93,S3,8.977,0,S3,site_s3,S3,S3,S3
1786342247.235,c1,recommend,,0.0,26.76,14.03,1.96,S3,0,,0,200.0,obs,1185,26.76,14.03,4.0,S3,26.76,14.03,4.0,S3,26.76,14.03,1.96,S3,8.977,0,S3,site_s3,S3,S3,S3
1786342247.235,c2,reserve,,0.0,26.34,13.67,1.22,S3,0,,0,36.0,obs,598,26.34,13.67,3.65,S3,26.34,13.67,3.65,S3,26.34,13.67,1.22,S3,8.977,0,S3,site_s3,S3,S3,S3
1786342247.235,c2,search,,0.0,31.1,20.71,5.93,S3,0,,0,4474.0,obs,888,31.1,20.71,10.98,S3,31.1,20.71,10.98,S3,31.1,20.71,5.93,S3,8.977,0,S3,site_s3,S3,S3,S3
1786342247.235,c2,recommend,,0.0,26.76,14.03,1.96,S3,0,,0,200.0,obs,1185,26.76,14.03,4.0,S3,26.76,14.03,4.0,S3,26.76,14.03,1.96,S3,8.977,0,S3,site_s3,S3,S3,S3
1786342248.235,c1,reserve,,0.0,26.34,13.67,1.47,S3,0,,0,36.0,obs,592,26.34,13.67,3.65,S3,26.34,13.67,3.65,S3,26.34,13.67,1.47,S3,8.959,0,S3,site_s3,S3,S3,S3
1786342248.235,c1,search,,0.0,31.1,20.71,6.63,S3,0,,0,4474.0,obs,890,31.1,20.71,10.98,S3,31.1,20.71,10.98,S3,31.1,20.71,6.63,S3,8.959,0,S3,site_s3,S3,S3,S3
1786342248.235,c1,recommend,,0.0,26.76,14.03,2.23,S3,0,,0,200.0,obs,1193,26.76,14.03,4.0,S3,26.76,14.03,4.0,S3,26.76,14.03,2.23,S3,8.959,0,S3,site_s3,S3,S3,S3
1786342248.235,c2,reserve,,0.0,26.34,13.67,1.47,S3,0,,0,36.0,obs,592,26.34,13.67,3.65,S3,26.34,13.67,3.65,S3,26.34,13.67,1.47,S3,8.959,0,S3,site_s3,S3,S3,S3
1786342248.235,c2,search,,0.0,31.1,20.71,6.63,S3,0,,0,4474.0,obs,890,31.1,20.71,10.98,S3,31.1,20.71,10.98,S3,31.1,20.71,6.63,S3,8.959,0,S3,site_s3,S3,S3,S3
1786342248.235,c2,recommend,,0.0,26.76,14.03,2.23,S3,0,,0,200.0,obs,1193,26.76,14.03,4.0,S3,26.76,14.03,4.0,S3,26.76,14.03,2.23,S3,8.959,0,S3,site_s3,S3,S3,S3
1786342249.235,c1,reserve,,0.0,26.34,13.67,2.07,S3,0,,0,36.0,obs,598,26.34,13.67,3.65,S3,26.34,13.67,3.65,S3,26.34,13.67,2.07,S3,9.013,0,S3,site_s3,S3,S3,S3
1786342249.235,c1,search,,0.0,31.1,20.71,6.59,S3,0,,0,4474.0,obs,888,31.1,20.71,10.98,S3,31.1,20.71,10.98,S3,31.1,20.71,6.59,S3,9.013,0,S3,site_s3,S3,S3,S3
1786342249.235,c1,recommend,,0.0,26.76,14.03,2.26,S3,0,,0,200.0,obs,1192,26.76,14.03,4.0,S3,26.76,14.03,4.0,S3,26.76,14.03,2.26,S3,9.013,0,S3,site_s3,S3,S3,S3
1786342249.235,c2,reserve,,0.0,26.34,13.67,2.07,S3,0,,0,36.0,obs,598,26.34,13.67,3.65,S3,26.34,13.67,3.65,S3,26.34,13.67,2.07,S3,9.013,0,S3,site_s3,S3,S3,S3
1786342249.235,c2,search,,0.0,31.1,20.71,6.59,S3,0,,0,4474.0,obs,888,31.1,20.71,10.98,S3,31.1,20.71,10.98,S3,31.1,20.71,6.59,S3,9.013,0,S3,site_s3,S3,S3,S3
1786342249.235,c2,recommend,,0.0,26.76,14.03,2.26,S3,0,,0,200.0,obs,1192,26.76,14.03,4.0,S3,26.76,14.03,4.0,S3,26.76,14.03,2.26,S3,9.013,0,S3,site_s3,S3,S3,S3
1786342250.235,c1,reserve,,0.0,26.34,13.67,1.77,S3,0,,0,36.0,obs,592,26.34,13.67,3.65,S3,26.34,13.67,3.65,S3,26.34,13.67,1.77,S3,9.016,0,S3,site_s3,S3,S3,S3
1786342250.235,c1,search,,0.0,31.1,20.71,6.07,S3,0,,0,4474.0,obs,894,31.1,20.71,10.98,S3,31.1,20.71,10.98,S3,31.1,20.71,6.07,S3,9.016,0,S3,site_s3,S3,S3,S3
1786342250.235,c1,recommend,,0.0,26.76,14.03,2.37,S3,0,,0,200.0,obs,1193,26.76,14.03,4.0,S3,26.76,14.03,4.0,S3,26.76,14.03,2.37,S3,9.016,0,S3,site_s3,S3,S3,S3
1786342250.235,c2,reserve,,0.0,26.34,13.67,1.77,S3,0,,0,36.0,obs,592,26.34,13.67,3.65,S3,26.34,13.67,3.65,S3,26.34,13.67,1.77,S3,9.016,0,S3,site_s3,S3,S3,S3
1786342250.235,c2,search,,0.0,31.1,20.71,6.07,S3,0,,0,4474.0,obs,894,31.1,20.71,10.98,S3,31.1,20.71,10.98,S3,31.1,20.71,6.07,S3,9.016,0,S3,site_s3,S3,S3,S3
1786342250.235,c2,recommend,,0.0,26.76,14.03,2.37,S3,0,,0,200.0,obs,1193,26.76,14.03,4.0,S3,26.76,14.03,4.0,S3,26.76,14.03,2.37,S3,9.016,0,S3,site_s3,S3,S3,S3
1786342251.236,c1,reserve,,0.0,26.34,13.67,1.68,S3,0,,0,36.0,obs,598,26.34,13.67,3.65,S3,26.34,13.67,3.65,S3,26.34,13.67,1.68,S3,9.598,0,S3,site_s3,S3,S3,S3
1786342251.236,c1,search,,0.0,31.1,20.71,6.62,S3,0,,0,4474.0,obs,888,31.1,20.71,10.98,S3,31.1,20.71,10.98,S3,31.1,20.71,6.62,S3,9.598,0,S3,site_s3,S3,S3,S3
1786342251.236,c1,recommend,,0.0,26.76,14.03,2.37,S3,0,,0,200.0,obs,1193,26.76,14.03,4.0,S3,26.76,14.03,4.0,S3,26.76,14.03,2.37,S3,9.598,0,S3,site_s3,S3,S3,S3
1786342251.236,c2,reserve,,0.0,26.34,13.67,1.68,S3,0,,0,36.0,obs,598,26.34,13.67,3.65,S3,26.34,13.67,3.65,S3,26.34,13.67,1.68,S3,9.598,0,S3,site_s3,S3,S3,S3
1786342251.236,c2,search,,0.0,31.1,20.71,6.62,S3,0,,0,4474.0,obs,888,31.1,20.71,10.98,S3,31.1,20.71,10.98,S3,31.1,20.71,6.62,S3,9.598,0,S3,site_s3,S3,S3,S3
1786342251.236,c2,recommend,,0.0,26.76,14.03,2.37,S3,0,,0,200.0,obs,1193,26.76,14.03,4.0,S3,26.76,14.03,4.0,S3,26.76,14.03,2.37,S3,9.598,0,S3,site_s3,S3,S3,S3
1786342252.236,c1,reserve,,0.0,26.34,13.67,1.55,S3,0,,0,36.0,obs,598,26.34,13.67,3.65,S3,26.34,13.67,3.65,S3,26.34,13.67,1.55,S3,9.584,0,S3,site_s3,S3,S3,S3
1786342252.236,c1,search,,0.0,31.1,20.71,6.54,S3,0,,0,4474.0,obs,894,31.1,20.71,10.98,S3,31.1,20.71,10.98,S3,31.1,20.71,6.54,S3,9.584,0,S3,site_s3,S3,S3,S3
1786342252.236,c1,recommend,,0.0,26.76,14.03,2.27,S3,0,,0,200.0,obs,1189,26.76,14.03,4.0,S3,26.76,14.03,4.0,S3,26.76,14.03,2.27,S3,9.584,0,S3,site_s3,S3,S3,S3
1786342252.236,c2,reserve,,0.0,26.34,13.67,1.55,S3,0,,0,36.0,obs,598,26.34,13.67,3.65,S3,26.34,13.67,3.65,S3,26.34,13.67,1.55,S3,9.584,0,S3,site_s3,S3,S3,S3
1786342252.236,c2,search,,0.0,31.1,20.71,6.54,S3,0,,0,4474.0,obs,894,31.1,20.71,10.98,S3,31.1,20.71,10.98,S3,31.1,20.71,6.54,S3,9.584,0,S3,site_s3,S3,S3,S3
1786342252.236,c2,recommend,,0.0,26.76,14.03,2.27,S3,0,,0,200.0,obs,1189,26.76,14.03,4.0,S3,26.76,14.03,4.0,S3,26.76,14.03,2.27,S3,9.584,0,S3,site_s3,S3,S3,S3
1786342253.235,c1,reserve,,0.0,26.34,13.67,0.41,S3,0,,0,36.0,obs,594,26.34,13.67,3.65,S3,26.34,13.67,3.65,S3,26.34,13.67,0.41,S3,8.96,0,S3,site_s3,S3,S3,S3
1786342253.235,c1,search,,0.0,31.1,20.71,4.6,S3,0,,0,4474.0,obs,893,31.1,20.71,10.98,S3,31.1,20.71,10.98,S3,31.1,20.71,4.6,S3,8.96,0,S3,site_s3,S3,S3,S3
1786342253.235,c1,recommend,,0.0,26.76,14.03,1.66,S3,0,,0,200.0,obs,1196,26.76,14.03,4.0,S3,26.76,14.03,4.0,S3,26.76,14.03,1.66,S3,8.96,0,S3,site_s3,S3,S3,S3
1786342253.235,c2,reserve,,0.0,26.34,13.67,0.41,S3,0,,0,36.0,obs,594,26.34,13.67,3.65,S3,26.34,13.67,3.65,S3,26.34,13.67,0.41,S3,8.96,0,S3,site_s3,S3,S3,S3
1786342253.235,c2,search,,0.0,31.1,20.71,4.6,S3,0,,0,4474.0,obs,893,31.1,20.71,10.98,S3,31.1,20.71,10.98,S3,31.1,20.71,4.6,S3,8.96,0,S3,site_s3,S3,S3,S3
1786342253.235,c2,recommend,,0.0,26.76,14.03,1.66,S3,0,,0,200.0,obs,1196,26.76,14.03,4.0,S3,26.76,14.03,4.0,S3,26.76,14.03,1.66,S3,8.96,0,S3,site_s3,S3,S3,S3
1786342254.236,c1,reserve,,0.0,26.34,13.67,0.51,S3,0,,0,36.0,obs,600,26.34,13.67,3.65,S3,26.34,13.67,3.65,S3,26.34,13.67,0.51,S3,9.759,0,S3,site_s3,S3,S3,S3
1786342254.236,c1,search,,0.0,31.1,20.71,5.03,S3,0,,0,4474.0,obs,893,31.1,20.71,10.98,S3,31.1,20.71,10.98,S3,31.1,20.71,5.03,S3,9.759,0,S3,site_s3,S3,S3,S3
1786342254.236,c1,recommend,,0.0,26.76,14.03,1.55,S3,0,,0,200.0,obs,1190,26.76,14.03,4.0,S3,26.76,14.03,4.0,S3,26.76,14.03,1.55,S3,9.759,0,S3,site_s3,S3,S3,S3
1786342254.236,c2,reserve,,0.0,26.34,13.67,0.51,S3,0,,0,36.0,obs,600,26.34,13.67,3.65,S3,26.34,13.67,3.65,S3,26.34,13.67,0.51,S3,9.759,0,S3,site_s3,S3,S3,S3
1786342254.236,c2,search,,0.0,31.1,20.71,5.03,S3,0,,0,4474.0,obs,893,31.1,20.71,10.98,S3,31.1,20.71,10.98,S3,31.1,20.71,5.03,S3,9.759,0,S3,site_s3,S3,S3,S3
1786342254.236,c2,recommend,,0.0,26.76,14.03,1.55,S3,0,,0,200.0,obs,1190,26.76,14.03,4.0,S3,26.76,14.03,4.0,S3,26.76,14.03,1.55,S3,9.759,0,S3,site_s3,S3,S3,S3
1786342255.236,c1,reserve,,0.0,26.34,13.67,1.64,S3,0,,0,36.0,obs,594,26.34,13.67,3.65,S3,26.34,13.67,3.65,S3,26.34,13.67,1.64,S3,9.646,0,S3,site_s3,S3,S3,S3
1786342255.236,c1,search,,0.0,31.1,20.71,6.83,S3,0,,0,4474.0,obs,893,31.1,20.71,10.98,S3,31.1,20.71,10.98,S3,31.1,20.71,6.83,S3,9.646,0,S3,site_s3,S3,S3,S3
1786342255.236,c1,recommend,,0.0,26.76,14.03,2.48,S3,0,,0,200.0,obs,1198,26.76,14.03,4.0,S3,26.76,14.03,4.0,S3,26.76,14.03,2.48,S3,9.646,0,S3,site_s3,S3,S3,S3
1786342255.236,c2,reserve,,0.0,26.34,13.67,1.64,S3,0,,0,36.0,obs,594,26.34,13.67,3.65,S3,26.34,13.67,3.65,S3,26.34,13.67,1.64,S3,9.646,0,S3,site_s3,S3,S3,S3
1786342255.236,c2,search,,0.0,31.1,20.71,6.83,S3,0,,0,4474.0,obs,893,31.1,20.71,10.98,S3,31.1,20.71,10.98,S3,31.1,20.71,6.83,S3,9.646,0,S3,site_s3,S3,S3,S3
1786342255.236,c2,recommend,,0.0,26.76,14.03,2.48,S3,0,,0,200.0,obs,1198,26.76,14.03,4.0,S3,26.76,14.03,4.0,S3,26.76,14.03,2.48,S3,9.646,0,S3,site_s3,S3,S3,S3
1786342256.235,c1,reserve,,0.0,26.34,13.67,1.63,S3,0,,0,36.0,obs,600,26.34,13.67,3.65,S3,26.34,13.67,3.65,S3,26.34,13.67,1.63,S3,9.134,0,S3,site_s3,S3,S3,S3
1786342256.235,c1,search,,0.0,31.1,20.71,6.56,S3,0,,0,4474.0,obs,891,31.1,20.71,10.98,S3,31.1,20.71,10.98,S3,31.1,20.71,6.56,S3,9.134,0,S3,site_s3,S3,S3,S3
1786342256.235,c1,recommend,,0.0,26.76,14.03,2.38,S3,0,,0,200.0,obs,1193,26.76,14.03,4.0,S3,26.76,14.03,4.0,S3,26.76,14.03,2.38,S3,9.134,0,S3,site_s3,S3,S3,S3
1786342256.235,c2,reserve,,0.0,26.34,13.67,1.63,S3,0,,0,36.0,obs,600,26.34,13.67,3.65,S3,26.34,13.67,3.65,S3,26.34,13.67,1.63,S3,9.134,0,S3,site_s3,S3,S3,S3
1786342256.235,c2,search,,0.0,31.1,20.71,6.56,S3,0,,0,4474.0,obs,891,31.1,20.71,10.98,S3,31.1,20.71,10.98,S3,31.1,20.71,6.56,S3,9.134,0,S3,site_s3,S3,S3,S3
1786342256.235,c2,recommend,,0.0,26.76,14.03,2.38,S3,0,,0,200.0,obs,1193,26.76,14.03,4.0,S3,26.76,14.03,4.0,S3,26.76,14.03,2.38,S3,9.134,0,S3,site_s3,S3,S3,S3
1786342257.236,c1,reserve,,0.0,26.34,13.67,1.51,S3,0,,0,36.0,obs,596,26.34,13.67,3.65,S3,26.34,13.67,3.65,S3,26.34,13.67,1.51,S3,9.873,0,S3,site_s3,S3,S3,S3
1786342257.236,c1,search,,0.0,31.1,20.71,5.99,S3,0,,0,4474.0,obs,897,31.1,20.71,10.98,S3,31.1,20.71,10.98,S3,31.1,20.71,5.99,S3,9.873,0,S3,site_s3,S3,S3,S3
1786342257.236,c1,recommend,,0.0,26.76,14.03,2.07,S3,0,,0,200.0,obs,1197,26.76,14.03,4.0,S3,26.76,14.03,4.0,S3,26.76,14.03,2.07,S3,9.873,0,S3,site_s3,S3,S3,S3
1786342257.236,c2,reserve,,0.0,26.34,13.67,1.51,S3,0,,0,36.0,obs,596,26.34,13.67,3.65,S3,26.34,13.67,3.65,S3,26.34,13.67,1.51,S3,9.873,0,S3,site_s3,S3,S3,S3
1786342257.236,c2,search,,0.0,31.1,20.71,5.99,S3,0,,0,4474.0,obs,897,31.1,20.71,10.98,S3,31.1,20.71,10.98,S3,31.1,20.71,5.99,S3,9.873,0,S3,site_s3,S3,S3,S3
1786342257.236,c2,recommend,,0.0,26.76,14.03,2.07,S3,0,,0,200.0,obs,1197,26.76,14.03,4.0,S3,26.76,14.03,4.0,S3,26.76,14.03,2.07,S3,9.873,0,S3,site_s3,S3,S3,S3
1786342258.236,c1,reserve,,0.0,26.34,13.67,1.74,S3,0,,0,36.0,obs,600,26.34,13.67,3.65,S3,26.34,13.67,3.65,S3,26.34,13.67,1.74,S3,9.643,0,S3,site_s3,S3,S3,S3
1786342258.236,c1,search,,0.0,31.1,20.71,6.57,S3,0,,0,4474.0,obs,895,31.1,20.71,10.98,S3,31.1,20.71,10.98,S3,31.1,20.71,6.57,S3,9.643,0,S3,site_s3,S3,S3,S3
1786342258.236,c1,recommend,,0.0,26.76,14.03,2.16,S3,0,,0,200.0,obs,1198,26.76,14.03,4.0,S3,26.76,14.03,4.0,S3,26.76,14.03,2.16,S3,9.643,0,S3,site_s3,S3,S3,S3
1786342258.236,c2,reserve,,0.0,26.34,13.67,1.74,S3,0,,0,36.0,obs,600,26.34,13.67,3.65,S3,26.34,13.67,3.65,S3,26.34,13.67,1.74,S3,9.643,0,S3,site_s3,S3,S3,S3
1786342258.236,c2,search,,0.0,31.1,20.71,6.57,S3,0,,0,4474.0,obs,895,31.1,20.71,10.98,S3,31.1,20.71,10.98,S3,31.1,20.71,6.57,S3,9.643,0,S3,site_s3,S3,S3,S3
1786342258.236,c2,recommend,,0.0,26.76,14.03,2.16,S3,0,,0,200.0,obs,1198,26.76,14.03,4.0,S3,26.76,14.03,4.0,S3,26.76,14.03,2.16,S3,9.643,0,S3,site_s3,S3,S3,S3
1786342259.236,c1,reserve,,0.0,26.34,13.67,1.94,S3,0,,0,36.0,obs,598,26.34,13.67,3.65,S3,26.34,13.67,3.65,S3,26.34,13.67,1.94,S3,9.717,0,S3,site_s3,S3,S3,S3
1786342259.236,c1,search,,0.0,31.1,20.71,7.12,S3,0,,0,4474.0,obs,899,31.1,20.71,10.98,S3,31.1,20.71,10.98,S3,31.1,20.71,7.12,S3,9.717,0,S3,site_s3,S3,S3,S3
1786342259.236,c1,recommend,,0.0,26.76,14.03,2.45,S3,0,,0,200.0,obs,1197,26.76,14.03,4.0,S3,26.76,14.03,4.0,S3,26.76,14.03,2.45,S3,9.717,0,S3,site_s3,S3,S3,S3
1786342259.236,c2,reserve,,0.0,26.34,13.67,1.94,S3,0,,0,36.0,obs,598,26.34,13.67,3.65,S3,26.34,13.67,3.65,S3,26.34,13.67,1.94,S3,9.717,0,S3,site_s3,S3,S3,S3
1786342259.236,c2,search,,0.0,31.1,20.71,7.12,S3,0,,0,4474.0,obs,899,31.1,20.71,10.98,S3,31.1,20.71,10.98,S3,31.1,20.71,7.12,S3,9.717,0,S3,site_s3,S3,S3,S3
1786342259.236,c2,recommend,,0.0,26.76,14.03,2.45,S3,0,,0,200.0,obs,1197,26.76,14.03,4.0,S3,26.76,14.03,4.0,S3,26.76,14.03,2.45,S3,9.717,0,S3,site_s3,S3,S3,S3
1786342260.236,c1,reserve,,0.0,26.34,13.67,1.94,S3,0,,0,36.0,obs,599,26.34,13.67,3.65,S3,26.34,13.67,3.65,S3,26.34,13.67,1.94,S3,9.877,0,S3,site_s3,S3,S3,S3
1786342260.236,c1,search,,0.0,31.1,20.71,7.03,S3,0,,0,4474.0,obs,895,31.1,20.71,10.98,S3,31.1,20.71,10.98,S3,31.1,20.71,7.03,S3,9.877,0,S3,site_s3,S3,S3,S3
1786342260.236,c1,recommend,,0.0,26.76,14.03,2.43,S3,0,,0,200.0,obs,1200,26.76,14.03,4.0,S3,26.76,14.03,4.0,S3,26.76,14.03,2.43,S3,9.877,0,S3,site_s3,S3,S3,S3
1786342260.236,c2,reserve,,0.0,26.34,13.67,1.94,S3,0,,0,36.0,obs,599,26.34,13.67,3.65,S3,26.34,13.67,3.65,S3,26.34,13.67,1.94,S3,9.877,0,S3,site_s3,S3,S3,S3
1786342260.236,c2,search,,0.0,31.1,20.71,7.03,S3,0,,0,4474.0,obs,895,31.1,20.71,10.98,S3,31.1,20.71,10.98,S3,31.1,20.71,7.03,S3,9.877,0,S3,site_s3,S3,S3,S3
1786342260.236,c2,recommend,,0.0,26.76,14.03,2.43,S3,0,,0,200.0,obs,1200,26.76,14.03,4.0,S3,26.76,14.03,4.0,S3,26.76,14.03,2.43,S3,9.877,0,S3,site_s3,S3,S3,S3
1786342261.236,c1,reserve,,0.0,26.34,13.67,1.85,S3,0,,0,36.0,obs,602,26.34,13.67,3.65,S3,26.34,13.67,3.65,S3,26.34,13.67,1.85,S3,9.71,0,S3,site_s3,S3,S3,S3
1786342261.236,c1,search,,0.0,31.1,20.71,6.73,S3,0,,0,4474.0,obs,899,31.1,20.71,10.98,S3,31.1,20.71,10.98,S3,31.1,20.71,6.73,S3,9.71,0,S3,site_s3,S3,S3,S3
1786342261.236,c1,recommend,,0.0,26.76,14.03,2.21,S3,0,,0,200.0,obs,1196,26.76,14.03,4.0,S3,26.76,14.03,4.0,S3,26.76,14.03,2.21,S3,9.71,0,S3,site_s3,S3,S3,S3
1786342261.236,c2,reserve,,0.0,26.34,13.67,1.85,S3,0,,0,36.0,obs,602,26.34,13.67,3.65,S3,26.34,13.67,3.65,S3,26.34,13.67,1.85,S3,9.71,0,S3,site_s3,S3,S3,S3
1786342261.236,c2,search,,0.0,31.1,20.71,6.73,S3,0,,0,4474.0,obs,899,31.1,20.71,10.98,S3,31.1,20.71,10.98,S3,31.1,20.71,6.73,S3,9.71,0,S3,site_s3,S3,S3,S3
1786342261.236,c2,recommend,,0.0,26.76,14.03,2.21,S3,0,,0,200.0,obs,1196,26.76,14.03,4.0,S3,26.76,14.03,4.0,S3,26.76,14.03,2.21,S3,9.71,0,S3,site_s3,S3,S3,S3
1786342262.236,c1,reserve,,0.0,26.34,13.67,1.96,S3,0,,0,36.0,obs,596,26.34,13.67,3.65,S3,26.34,13.67,3.65,S3,26.34,13.67,1.96,S3,9.647,0,S3,site_s3,S3,S3,S3
1786342262.236,c1,search,,0.0,31.1,20.71,6.84,S3,0,,0,4474.0,obs,898,31.1,20.71,10.98,S3,31.1,20.71,10.98,S3,31.1,20.71,6.84,S3,9.647,0,S3,site_s3,S3,S3,S3
1786342262.236,c1,recommend,,0.0,26.76,14.03,2.36,S3,0,,0,200.0,obs,1204,26.76,14.03,4.0,S3,26.76,14.03,4.0,S3,26.76,14.03,2.36,S3,9.647,0,S3,site_s3,S3,S3,S3
1786342262.236,c2,reserve,,0.0,26.34,13.67,1.96,S3,0,,0,36.0,obs,596,26.34,13.67,3.65,S3,26.34,13.67,3.65,S3,26.34,13.67,1.96,S3,9.647,0,S3,site_s3,S3,S3,S3
1786342262.236,c2,search,,0.0,31.1,20.71,6.84,S3,0,,0,4474.0,obs,898,31.1,20.71,10.98,S3,31.1,20.71,10.98,S3,31.1,20.71,6.84,S3,9.647,0,S3,site_s3,S3,S3,S3
1786342262.236,c2,recommend,,0.0,26.76,14.03,2.36,S3,0,,0,200.0,obs,1204,26.76,14.03,4.0,S3,26.76,14.03,4.0,S3,26.76,14.03,2.36,S3,9.647,0,S3,site_s3,S3,S3,S3
1786342263.235,c1,reserve,,0.0,26.34,13.67,1.45,S3,0,,0,36.0,obs,602,26.34,13.67,3.65,S3,26.34,13.67,3.65,S3,26.34,13.67,1.45,S3,9.118,0,S3,site_s3,S3,S3,S3
1786342263.235,c1,search,,0.0,31.1,20.71,6.63,S3,0,,0,4474.0,obs,895,31.1,20.71,10.98,S3,31.1,20.71,10.98,S3,31.1,20.71,6.63,S3,9.118,0,S3,site_s3,S3,S3,S3
1786342263.235,c1,recommend,,0.0,26.76,14.03,2.35,S3,0,,0,200.0,obs,1199,26.76,14.03,4.0,S3,26.76,14.03,4.0,S3,26.76,14.03,2.35,S3,9.118,0,S3,site_s3,S3,S3,S3
1786342263.235,c2,reserve,,0.0,26.34,13.67,1.45,S3,0,,0,36.0,obs,602,26.34,13.67,3.65,S3,26.34,13.67,3.65,S3,26.34,13.67,1.45,S3,9.118,0,S3,site_s3,S3,S3,S3
1786342263.235,c2,search,,0.0,31.1,20.71,6.63,S3,0,,0,4474.0,obs,895,31.1,20.71,10.98,S3,31.1,20.71,10.98,S3,31.1,20.71,6.63,S3,9.118,0,S3,site_s3,S3,S3,S3
1786342263.235,c2,recommend,,0.0,26.76,14.03,2.35,S3,0,,0,200.0,obs,1199,26.76,14.03,4.0,S3,26.76,14.03,4.0,S3,26.76,14.03,2.35,S3,9.118,0,S3,site_s3,S3,S3,S3
1786342264.236,c1,reserve,,0.0,26.34,13.67,1.13,S3,0,,0,36.0,obs,598,26.34,13.67,3.65,S3,26.34,13.67,3.65,S3,26.34,13.67,1.13,S3,9.695,0,S3,site_s3,S3,S3,S3
1786342264.236,c1,search,,0.0,31.1,20.71,6.5,S3,0,,0,4474.0,obs,901,31.1,20.71,10.98,S3,31.1,20.71,10.98,S3,31.1,20.71,6.5,S3,9.695,0,S3,site_s3,S3,S3,S3
1786342264.236,c1,recommend,,0.0,26.76,14.03,2.13,S3,0,,0,200.0,obs,1202,26.76,14.03,4.0,S3,26.76,14.03,4.0,S3,26.76,14.03,2.13,S3,9.695,0,S3,site_s3,S3,S3,S3
1786342264.236,c2,reserve,,0.0,26.34,13.67,1.13,S3,0,,0,36.0,obs,598,26.34,13.67,3.65,S3,26.34,13.67,3.65,S3,26.34,13.67,1.13,S3,9.695,0,S3,site_s3,S3,S3,S3
1786342264.236,c2,search,,0.0,31.1,20.71,6.5,S3,0,,0,4474.0,obs,901,31.1,20.71,10.98,S3,31.1,20.71,10.98,S3,31.1,20.71,6.5,S3,9.695,0,S3,site_s3,S3,S3,S3
1786342264.236,c2,recommend,,0.0,26.76,14.03,2.13,S3,0,,0,200.0,obs,1202,26.76,14.03,4.0,S3,26.76,14.03,4.0,S3,26.76,14.03,2.13,S3,9.695,0,S3,site_s3,S3,S3,S3
1786342265.235,c1,reserve,,0.0,26.34,13.67,1.44,S3,0,,0,36.0,obs,602,26.34,13.67,3.65,S3,26.34,13.67,3.65,S3,26.34,13.67,1.44,S3,8.987,0,S3,site_s3,S3,S3,S3
1786342265.235,c1,search,,0.0,31.1,20.71,6.59,S3,0,,0,4474.0,obs,897,31.1,20.71,10.98,S3,31.1,20.71,10.98,S3,31.1,20.71,6.59,S3,8.987,0,S3,site_s3,S3,S3,S3
1786342265.235,c1,recommend,,0.0,26.76,14.03,2.38,S3,0,,0,200.0,obs,1203,26.76,14.03,4.0,S3,26.76,14.03,4.0,S3,26.76,14.03,2.38,S3,8.987,0,S3,site_s3,S3,S3,S3
1786342265.235,c2,reserve,,0.0,26.34,13.67,1.44,S3,0,,0,36.0,obs,602,26.34,13.67,3.65,S3,26.34,13.67,3.65,S3,26.34,13.67,1.44,S3,8.987,0,S3,site_s3,S3,S3,S3
1786342265.235,c2,search,,0.0,31.1,20.71,6.59,S3,0,,0,4474.0,obs,897,31.1,20.71,10.98,S3,31.1,20.71,10.98,S3,31.1,20.71,6.59,S3,8.987,0,S3,site_s3,S3,S3,S3
1786342265.235,c2,recommend,,0.0,26.76,14.03,2.38,S3,0,,0,200.0,obs,1203,26.76,14.03,4.0,S3,26.76,14.03,4.0,S3,26.76,14.03,2.38,S3,8.987,0,S3,site_s3,S3,S3,S3
1786342266.236,c1,reserve,,0.0,26.34,13.67,1.59,S3,0,,0,36.0,obs,600,26.34,13.67,3.65,S3,26.34,13.67,3.65,S3,26.34,13.67,1.59,S3,9.72,0,S3,site_s3,S3,S3,S3
1786342266.236,c1,search,,0.0,31.1,20.71,6.23,S3,0,,0,4474.0,obs,901,31.1,20.71,10.98,S3,31.1,20.71,10.98,S3,31.1,20.71,6.23,S3,9.72,0,S3,site_s3,S3,S3,S3
1786342266.236,c1,recommend,,0.0,26.76,14.03,2.28,S3,0,,0,200.0,obs,1202,26.76,14.03,4.0,S3,26.76,14.03,4.0,S3,26.76,14.03,2.28,S3,9.72,0,S3,site_s3,S3,S3,S3
1786342266.236,c2,reserve,,0.0,26.34,13.67,1.59,S3,0,,0,36.0,obs,600,26.34,13.67,3.65,S3,26.34,13.67,3.65,S3,26.34,13.67,1.59,S3,9.72,0,S3,site_s3,S3,S3,S3
1786342266.236,c2,search,,0.0,31.1,20.71,6.23,S3,0,,0,4474.0,obs,901,31.1,20.71,10.98,S3,31.1,20.71,10.98,S3,31.1,20.71,6.23,S3,9.72,0,S3,site_s3,S3,S3,S3
1786342266.236,c2,recommend,,0.0,26.76,14.03,2.28,S3,0,,0,200.0,obs,1202,26.76,14.03,4.0,S3,26.76,14.03,4.0,S3,26.76,14.03,2.28,S3,9.72,0,S3,site_s3,S3,S3,S3
1786342267.236,c1,reserve,,0.0,26.34,13.67,1.65,S3,0,,0,36.0,obs,601,26.34,13.67,3.65,S3,26.34,13.67,3.65,S3,26.34,13.67,1.65,S3,9.605,0,S3,site_s3,S3,S3,S3
1786342267.236,c1,search,,0.0,31.1,20.71,6.36,S3,0,,0,4474.0,obs,899,31.1,20.71,10.98,S3,31.1,20.71,10.98,S3,31.1,20.71,6.36,S3,9.605,0,S3,site_s3,S3,S3,S3
1786342267.236,c1,recommend,,0.0,26.76,14.03,2.18,S3,0,,0,200.0,obs,1206,26.76,14.03,4.0,S3,26.76,14.03,4.0,S3,26.76,14.03,2.18,S3,9.605,0,S3,site_s3,S3,S3,S3
1786342267.236,c2,reserve,,0.0,26.34,13.67,1.65,S3,0,,0,36.0,obs,601,26.34,13.67,3.65,S3,26.34,13.67,3.65,S3,26.34,13.67,1.65,S3,9.605,0,S3,site_s3,S3,S3,S3
1786342267.236,c2,search,,0.0,31.1,20.71,6.36,S3,0,,0,4474.0,obs,899,31.1,20.71,10.98,S3,31.1,20.71,10.98,S3,31.1,20.71,6.36,S3,9.605,0,S3,site_s3,S3,S3,S3
1786342267.236,c2,recommend,,0.0,26.76,14.03,2.18,S3,0,,0,200.0,obs,1206,26.76,14.03,4.0,S3,26.76,14.03,4.0,S3,26.76,14.03,2.18,S3,9.605,0,S3,site_s3,S3,S3,S3
1786342268.236,c1,reserve,,0.0,26.34,13.67,1.73,S3,0,,0,36.0,obs,603,26.34,13.67,3.65,S3,26.34,13.67,3.65,S3,26.34,13.67,1.73,S3,9.657,0,S3,site_s3,S3,S3,S3
1786342268.236,c1,search,,0.0,31.1,20.71,6.64,S3,0,,0,4474.0,obs,902,31.1,20.71,10.98,S3,31.1,20.71,10.98,S3,31.1,20.71,6.64,S3,9.657,0,S3,site_s3,S3,S3,S3
1786342268.236,c1,recommend,,0.0,26.76,14.03,2.24,S3,0,,0,200.0,obs,1200,26.76,14.03,4.0,S3,26.76,14.03,4.0,S3,26.76,14.03,2.24,S3,9.657,0,S3,site_s3,S3,S3,S3
1786342268.236,c2,reserve,,0.0,26.34,13.67,1.73,S3,0,,0,36.0,obs,603,26.34,13.67,3.65,S3,26.34,13.67,3.65,S3,26.34,13.67,1.73,S3,9.657,0,S3,site_s3,S3,S3,S3
1786342268.236,c2,search,,0.0,31.1,20.71,6.64,S3,0,,0,4474.0,obs,902,31.1,20.71,10.98,S3,31.1,20.71,10.98,S3,31.1,20.71,6.64,S3,9.657,0,S3,site_s3,S3,S3,S3
1786342268.236,c2,recommend,,0.0,26.76,14.03,2.24,S3,0,,0,200.0,obs,1200,26.76,14.03,4.0,S3,26.76,14.03,4.0,S3,26.76,14.03,2.24,S3,9.657,0,S3,site_s3,S3,S3,S3
1786342269.236,c1,reserve,,0.0,26.34,13.67,1.82,S3,0,,0,36.0,obs,600,26.34,13.67,3.65,S3,26.34,13.67,3.65,S3,26.34,13.67,1.82,S3,9.623,0,S3,site_s3,S3,S3,S3
1786342269.236,c1,search,,0.0,31.1,20.71,6.59,S3,0,,0,4474.0,obs,901,31.1,20.71,10.98,S3,31.1,20.71,10.98,S3,31.1,20.71,6.59,S3,9.623,0,S3,site_s3,S3,S3,S3
1786342269.236,c1,recommend,,0.0,26.76,14.03,2.38,S3,0,,0,200.0,obs,1208,26.76,14.03,4.0,S3,26.76,14.03,4.0,S3,26.76,14.03,2.38,S3,9.623,0,S3,site_s3,S3,S3,S3
1786342269.236,c2,reserve,,0.0,26.34,13.67,1.82,S3,0,,0,36.0,obs,600,26.34,13.67,3.65,S3,26.34,13.67,3.65,S3,26.34,13.67,1.82,S3,9.623,0,S3,site_s3,S3,S3,S3
1786342269.236,c2,search,,0.0,31.1,20.71,6.59,S3,0,,0,4474.0,obs,901,31.1,20.71,10.98,S3,31.1,20.71,10.98,S3,31.1,20.71,6.59,S3,9.623,0,S3,site_s3,S3,S3,S3
1786342269.236,c2,recommend,,0.0,26.76,14.03,2.38,S3,0,,0,200.0,obs,1208,26.76,14.03,4.0,S3,26.76,14.03,4.0,S3,26.76,14.03,2.38,S3,9.623,0,S3,site_s3,S3,S3,S3
1786342270.236,c1,reserve,,0.0,26.34,13.67,2.0,S3,0,,0,36.0,obs,606,26.34,13.67,3.65,S3,26.34,13.67,3.65,S3,26.34,13.67,2.0,S3,9.788,0,S3,site_s3,S3,S3,S3
1786342270.236,c1,search,,0.0,31.1,20.71,6.67,S3,0,,0,4474.0,obs,901,31.1,20.71,10.98,S3,31.1,20.71,10.98,S3,31.1,20.71,6.67,S3,9.788,0,S3,site_s3,S3,S3,S3
1786342270.236,c1,recommend,,0.0,26.76,14.03,2.44,S3,0,,0,200.0,obs,1202,26.76,14.03,4.0,S3,26.76,14.03,4.0,S3,26.76,14.03,2.44,S3,9.788,0,S3,site_s3,S3,S3,S3
1786342270.236,c2,reserve,,0.0,26.34,13.67,2.0,S3,0,,0,36.0,obs,606,26.34,13.67,3.65,S3,26.34,13.67,3.65,S3,26.34,13.67,2.0,S3,9.788,0,S3,site_s3,S3,S3,S3
1786342270.236,c2,search,,0.0,31.1,20.71,6.67,S3,0,,0,4474.0,obs,901,31.1,20.71,10.98,S3,31.1,20.71,10.98,S3,31.1,20.71,6.67,S3,9.788,0,S3,site_s3,S3,S3,S3
1786342270.236,c2,recommend,,0.0,26.76,14.03,2.44,S3,0,,0,200.0,obs,1202,26.76,14.03,4.0,S3,26.76,14.03,4.0,S3,26.76,14.03,2.44,S3,9.788,0,S3,site_s3,S3,S3,S3
1786342271.236,c1,reserve,,0.0,26.34,13.67,1.79,S3,0,,0,36.0,obs,600,26.34,13.67,3.65,S3,26.34,13.67,3.65,S3,26.34,13.67,1.79,S3,9.726,0,S3,site_s3,S3,S3,S3
1786342271.236,c1,search,,0.0,31.1,20.71,6.08,S3,0,,0,4474.0,obs,904,31.1,20.71,10.98,S3,31.1,20.71,10.98,S3,31.1,20.71,6.08,S3,9.726,0,S3,site_s3,S3,S3,S3
1786342271.236,c1,recommend,,0.0,26.76,14.03,2.37,S3,0,,0,200.0,obs,1208,26.76,14.03,4.0,S3,26.76,14.03,4.0,S3,26.76,14.03,2.37,S3,9.726,0,S3,site_s3,S3,S3,S3
1786342271.236,c2,reserve,,0.0,26.34,13.67,1.79,S3,0,,0,36.0,obs,600,26.34,13.67,3.65,S3,26.34,13.67,3.65,S3,26.34,13.67,1.79,S3,9.726,0,S3,site_s3,S3,S3,S3
1786342271.236,c2,search,,0.0,31.1,20.71,6.08,S3,0,,0,4474.0,obs,904,31.1,20.71,10.98,S3,31.1,20.71,10.98,S3,31.1,20.71,6.08,S3,9.726,0,S3,site_s3,S3,S3,S3
1786342271.236,c2,recommend,,0.0,26.76,14.03,2.37,S3,0,,0,200.0,obs,1208,26.76,14.03,4.0,S3,26.76,14.03,4.0,S3,26.76,14.03,2.37,S3,9.726,0,S3,site_s3,S3,S3,S3
1786342272.236,c1,reserve,,0.0,26.34,13.67,1.47,S3,0,,0,36.0,obs,604,26.34,13.67,3.65,S3,26.34,13.67,3.65,S3,26.34,13.67,1.47,S3,9.589,0,S3,site_s3,S3,S3,S3
1786342272.236,c1,search,,0.0,31.1,20.71,5.16,S3,0,,0,4474.0,obs,901,31.1,20.71,10.98,S3,31.1,20.71,10.98,S3,31.1,20.71,5.16,S3,9.589,0,S3,site_s3,S3,S3,S3
1786342272.236,c1,recommend,,0.0,26.76,14.03,1.98,S3,0,,0,200.0,obs,1208,26.76,14.03,4.0,S3,26.76,14.03,4.0,S3,26.76,14.03,1.98,S3,9.589,0,S3,site_s3,S3,S3,S3
1786342272.236,c2,reserve,,0.0,26.34,13.67,1.47,S3,0,,0,36.0,obs,604,26.34,13.67,3.65,S3,26.34,13.67,3.65,S3,26.34,13.67,1.47,S3,9.589,0,S3,site_s3,S3,S3,S3
1786342272.236,c2,search,,0.0,31.1,20.71,5.16,S3,0,,0,4474.0,obs,901,31.1,20.71,10.98,S3,31.1,20.71,10.98,S3,31.1,20.71,5.16,S3,9.589,0,S3,site_s3,S3,S3,S3
1786342272.236,c2,recommend,,0.0,26.76,14.03,1.98,S3,0,,0,200.0,obs,1208,26.76,14.03,4.0,S3,26.76,14.03,4.0,S3,26.76,14.03,1.98,S3,9.589,0,S3,site_s3,S3,S3,S3
1786342273.236,c1,reserve,,0.0,26.34,13.67,1.69,S3,0,,0,36.0,obs,603,26.34,13.67,3.65,S3,26.34,13.67,3.65,S3,26.34,13.67,1.69,S3,9.717,0,S3,site_s3,S3,S3,S3
1786342273.236,c1,search,,0.0,31.1,20.71,6.47,S3,0,,0,4474.0,obs,906,31.1,20.71,10.98,S3,31.1,20.71,10.98,S3,31.1,20.71,6.47,S3,9.717,0,S3,site_s3,S3,S3,S3
1786342273.236,c1,recommend,,0.0,26.76,14.03,1.94,S3,0,,0,200.0,obs,1206,26.76,14.03,4.0,S3,26.76,14.03,4.0,S3,26.76,14.03,1.94,S3,9.717,0,S3,site_s3,S3,S3,S3
1786342273.236,c2,reserve,,0.0,26.34,13.67,1.69,S3,0,,0,36.0,obs,603,26.34,13.67,3.65,S3,26.34,13.67,3.65,S3,26.34,13.67,1.69,S3,9.717,0,S3,site_s3,S3,S3,S3
1786342273.236,c2,search,,0.0,31.1,20.71,6.47,S3,0,,0,4474.0,obs,906,31.1,20.71,10.98,S3,31.1,20.71,10.98,S3,31.1,20.71,6.47,S3,9.717,0,S3,site_s3,S3,S3,S3
1786342273.236,c2,recommend,,0.0,26.76,14.03,1.94,S3,0,,0,200.0,obs,1206,26.76,14.03,4.0,S3,26.76,14.03,4.0,S3,26.76,14.03,1.94,S3,9.717,0,S3,site_s3,S3,S3,S3
1786342274.236,c1,reserve,,0.0,26.34,13.67,1.77,S3,0,,0,36.0,obs,603,26.34,13.67,3.65,S3,26.34,13.67,3.65,S3,26.34,13.67,1.77,S3,9.759,0,S3,site_s3,S3,S3,S3
1786342274.236,c1,search,,0.0,31.1,20.71,6.84,S3,0,,0,4474.0,obs,903,31.1,20.71,10.98,S3,31.1,20.71,10.98,S3,31.1,20.71,6.84,S3,9.759,0,S3,site_s3,S3,S3,S3
1786342274.236,c1,recommend,,0.0,26.76,14.03,2.39,S3,0,,0,200.0,obs,1211,26.76,14.03,4.0,S3,26.76,14.03,4.0,S3,26.76,14.03,2.39,S3,9.759,0,S3,site_s3,S3,S3,S3
1786342274.236,c2,reserve,,0.0,26.34,13.67,1.77,S3,0,,0,36.0,obs,603,26.34,13.67,3.65,S3,26.34,13.67,3.65,S3,26.34,13.67,1.77,S3,9.759,0,S3,site_s3,S3,S3,S3
1786342274.236,c2,search,,0.0,31.1,20.71,6.84,S3,0,,0,4474.0,obs,903,31.1,20.71,10.98,S3,31.1,20.71,10.98,S3,31.1,20.71,6.84,S3,9.759,0,S3,site_s3,S3,S3,S3
1786342274.236,c2,recommend,,0.0,26.76,14.03,2.39,S3,0,,0,200.0,obs,1211,26.76,14.03,4.0,S3,26.76,14.03,4.0,S3,26.76,14.03,2.39,S3,9.759,0,S3,site_s3,S3,S3,S3
1786342275.235,c1,reserve,,0.0,26.34,13.67,1.86,S3,0,,0,36.0,obs,606,26.34,13.67,3.65,S3,26.34,13.67,3.65,S3,26.34,13.67,1.86,S3,9.007,0,S3,site_s3,S3,S3,S3
1786342275.235,c1,search,,0.0,31.1,20.71,6.84,S3,0,,0,4474.0,obs,907,31.1,20.71,10.98,S3,31.1,20.71,10.98,S3,31.1,20.71,6.84,S3,9.007,0,S3,site_s3,S3,S3,S3
1786342275.235,c1,recommend,,0.0,26.76,14.03,2.41,S3,0,,0,200.0,obs,1205,26.76,14.03,4.0,S3,26.76,14.03,4.0,S3,26.76,14.03,2.41,S3,9.007,0,S3,site_s3,S3,S3,S3
1786342275.235,c2,reserve,,0.0,26.34,13.67,1.86,S3,0,,0,36.0,obs,606,26.34,13.67,3.65,S3,26.34,13.67,3.65,S3,26.34,13.67,1.86,S3,9.007,0,S3,site_s3,S3,S3,S3
1786342275.235,c2,search,,0.0,31.1,20.71,6.84,S3,0,,0,4474.0,obs,907,31.1,20.71,10.98,S3,31.1,20.71,10.98,S3,31.1,20.71,6.84,S3,9.007,0,S3,site_s3,S3,S3,S3
1786342275.235,c2,recommend,,0.0,26.76,14.03,2.41,S3,0,,0,200.0,obs,1205,26.76,14.03,4.0,S3,26.76,14.03,4.0,S3,26.76,14.03,2.41,S3,9.007,0,S3,site_s3,S3,S3,S3
1786342276.235,c1,reserve,,0.0,26.34,13.67,1.26,S3,0,,0,36.0,obs,602,26.34,13.67,3.65,S3,26.34,13.67,3.65,S3,26.34,13.67,1.26,S3,9.02,0,S3,site_s3,S3,S3,S3
1786342276.235,c1,search,,0.0,31.1,20.71,5.48,S3,0,,0,4474.0,obs,904,31.1,20.71,10.98,S3,31.1,20.71,10.98,S3,31.1,20.71,5.48,S3,9.02,0,S3,site_s3,S3,S3,S3
1786342276.235,c1,recommend,,0.0,26.76,14.03,1.78,S3,0,,0,200.0,obs,1212,26.76,14.03,4.0,S3,26.76,14.03,4.0,S3,26.76,14.03,1.78,S3,9.02,0,S3,site_s3,S3,S3,S3
1786342276.235,c2,reserve,,0.0,26.34,13.67,1.26,S3,0,,0,36.0,obs,602,26.34,13.67,3.65,S3,26.34,13.67,3.65,S3,26.34,13.67,1.26,S3,9.02,0,S3,site_s3,S3,S3,S3
1786342276.235,c2,search,,0.0,31.1,20.71,5.48,S3,0,,0,4474.0,obs,904,31.1,20.71,10.98,S3,31.1,20.71,10.98,S3,31.1,20.71,5.48,S3,9.02,0,S3,site_s3,S3,S3,S3
1786342276.235,c2,recommend,,0.0,26.76,14.03,1.78,S3,0,,0,200.0,obs,1212,26.76,14.03,4.0,S3,26.76,14.03,4.0,S3,26.76,14.03,1.78,S3,9.02,0,S3,site_s3,S3,S3,S3
1786342277.235,c1,reserve,,0.0,26.34,13.67,0.97,S3,0,,0,36.0,obs,608,26.34,13.67,3.65,S3,26.34,13.67,3.65,S3,26.34,13.67,0.97,S3,9.089,0,S3,site_s3,S3,S3,S3
1786342277.235,c1,search,,0.0,31.1,20.71,3.87,S3,0,,0,4474.0,obs,905,31.1,20.71,10.98,S3,31.1,20.71,10.98,S3,31.1,20.71,3.87,S3,9.089,0,S3,site_s3,S3,S3,S3
1786342277.235,c1,recommend,,0.0,26.76,14.03,1.66,S3,0,,0,200.0,obs,1206,26.76,14.03,4.0,S3,26.76,14.03,4.0,S3,26.76,14.03,1.66,S3,9.089,0,S3,site_s3,S3,S3,S3
1786342277.235,c2,reserve,,0.0,26.34,13.67,0.97,S3,0,,0,36.0,obs,608,26.34,13.67,3.65,S3,26.34,13.67,3.65,S3,26.34,13.67,0.97,S3,9.089,0,S3,site_s3,S3,S3,S3
1786342277.235,c2,search,,0.0,31.1,20.71,3.87,S3,0,,0,4474.0,obs,905,31.1,20.71,10.98,S3,31.1,20.71,10.98,S3,31.1,20.71,3.87,S3,9.089,0,S3,site_s3,S3,S3,S3
1786342277.235,c2,recommend,,0.0,26.76,14.03,1.66,S3,0,,0,200.0,obs,1206,26.76,14.03,4.0,S3,26.76,14.03,4.0,S3,26.76,14.03,1.66,S3,9.089,0,S3,site_s3,S3,S3,S3
1786342278.235,c1,reserve,,0.0,26.34,13.67,1.52,S3,0,,0,36.0,obs,602,26.34,13.67,3.65,S3,26.34,13.67,3.65,S3,26.34,13.67,1.52,S3,9.123,0,S3,site_s3,S3,S3,S3
1786342278.235,c1,search,,0.0,31.1,20.71,6.36,S3,0,,0,4474.0,obs,909,31.1,20.71,10.98,S3,31.1,20.71,10.98,S3,31.1,20.71,6.36,S3,9.123,0,S3,site_s3,S3,S3,S3
1786342278.235,c1,recommend,,0.0,26.76,14.03,2.29,S3,0,,0,200.0,obs,1212,26.76,14.03,4.0,S3,26.76,14.03,4.0,S3,26.76,14.03,2.29,S3,9.123,0,S3,site_s3,S3,S3,S3
1786342278.235,c2,reserve,,0.0,26.34,13.67,1.52,S3,0,,0,36.0,obs,602,26.34,13.67,3.65,S3,26.34,13.67,3.65,S3,26.34,13.67,1.52,S3,9.123,0,S3,site_s3,S3,S3,S3
1786342278.235,c2,search,,0.0,31.1,20.71,6.36,S3,0,,0,4474.0,obs,909,31.1,20.71,10.98,S3,31.1,20.71,10.98,S3,31.1,20.71,6.36,S3,9.123,0,S3,site_s3,S3,S3,S3
1786342278.235,c2,recommend,,0.0,26.76,14.03,2.29,S3,0,,0,200.0,obs,1212,26.76,14.03,4.0,S3,26.76,14.03,4.0,S3,26.76,14.03,2.29,S3,9.123,0,S3,site_s3,S3,S3,S3
1786342279.235,c1,reserve,,0.0,26.34,13.67,1.86,S3,0,,0,36.0,obs,606,26.34,13.67,3.65,S3,26.34,13.67,3.65,S3,26.34,13.67,1.86,S3,8.95,0,S3,site_s3,S3,S3,S3
1786342279.235,c1,search,,0.0,31.1,20.71,6.88,S3,0,,0,4474.0,obs,904,31.1,20.71,10.98,S3,31.1,20.71,10.98,S3,31.1,20.71,6.88,S3,8.95,0,S3,site_s3,S3,S3,S3
1786342279.235,c1,recommend,,0.0,26.76,14.03,2.48,S3,0,,0,200.0,obs,1214,26.76,14.03,4.0,S3,26.76,14.03,4.0,S3,26.76,14.03,2.48,S3,8.95,0,S3,site_s3,S3,S3,S3
1786342279.235,c2,reserve,,0.0,26.34,13.67,1.86,S3,0,,0,36.0,obs,606,26.34,13.67,3.65,S3,26.34,13.67,3.65,S3,26.34,13.67,1.86,S3,8.95,0,S3,site_s3,S3,S3,S3
1786342279.235,c2,search,,0.0,31.1,20.71,6.88,S3,0,,0,4474.0,obs,904,31.1,20.71,10.98,S3,31.1,20.71,10.98,S3,31.1,20.71,6.88,S3,8.95,0,S3,site_s3,S3,S3,S3
1786342279.235,c2,recommend,,0.0,26.76,14.03,2.48,S3,0,,0,200.0,obs,1214,26.76,14.03,4.0,S3,26.76,14.03,4.0,S3,26.76,14.03,2.48,S3,8.95,0,S3,site_s3,S3,S3,S3
1786342280.235,c1,reserve,,0.0,26.34,13.67,1.64,S3,0,,0,36.0,obs,605,26.34,13.67,3.65,S3,26.34,13.67,3.65,S3,26.34,13.67,1.64,S3,9.007,0,S3,site_s3,S3,S3,S3
1786342280.235,c1,search,,0.0,31.1,20.71,6.77,S3,0,,0,4474.0,obs,910,31.1,20.71,10.98,S3,31.1,20.71,10.98,S3,31.1,20.71,6.77,S3,9.007,0,S3,site_s3,S3,S3,S3
1786342280.235,c1,recommend,,0.0,26.76,14.03,2.27,S3,0,,0,200.0,obs,1213,26.76,14.03,4.0,S3,26.76,14.03,4.0,S3,26.76,14.03,2.27,S3,9.007,0,S3,site_s3,S3,S3,S3
1786342280.235,c2,reserve,,0.0,26.34,13.67,1.64,S3,0,,0,36.0,obs,605,26.34,13.67,3.65,S3,26.34,13.67,3.65,S3,26.34,13.67,1.64,S3,9.007,0,S3,site_s3,S3,S3,S3
1786342280.235,c2,search,,0.0,31.1,20.71,6.77,S3,0,,0,4474.0,obs,910,31.1,20.71,10.98,S3,31.1,20.71,10.98,S3,31.1,20.71,6.77,S3,9.007,0,S3,site_s3,S3,S3,S3
1786342280.235,c2,recommend,,0.0,26.76,14.03,2.27,S3,0,,0,200.0,obs,1213,26.76,14.03,4.0,S3,26.76,14.03,4.0,S3,26.76,14.03,2.27,S3,9.007,0,S3,site_s3,S3,S3,S3
1786342281.235,c1,reserve,,0.0,26.34,13.67,1.59,S3,0,,0,36.0,obs,606,26.34,13.67,3.65,S3,26.34,13.67,3.65,S3,26.34,13.67,1.59,S3,9.229,0,S3,site_s3,S3,S3,S3
1786342281.235,c1,search,,0.0,31.1,20.71,6.38,S3,0,,0,4474.0,obs,906,31.1,20.71,10.98,S3,31.1,20.71,10.98,S3,31.1,20.71,6.38,S3,9.229,0,S3,site_s3,S3,S3,S3
1786342281.235,c1,recommend,,0.0,26.76,14.03,2.27,S3,0,,0,200.0,obs,1216,26.76,14.03,4.0,S3,26.76,14.03,4.0,S3,26.76,14.03,2.27,S3,9.229,0,S3,site_s3,S3,S3,S3
1786342281.235,c2,reserve,,0.0,26.34,13.67,1.59,S3,0,,0,36.0,obs,606,26.34,13.67,3.65,S3,26.34,13.67,3.65,S3,26.34,13.67,1.59,S3,9.229,0,S3,site_s3,S3,S3,S3
1786342281.235,c2,search,,0.0,31.1,20.71,6.38,S3,0,,0,4474.0,obs,906,31.1,20.71,10.98,S3,31.1,20.71,10.98,S3,31.1,20.71,6.38,S3,9.229,0,S3,site_s3,S3,S3,S3
1786342281.235,c2,recommend,,0.0,26.76,14.03,2.27,S3,0,,0,200.0,obs,1216,26.76,14.03,4.0,S3,26.76,14.03,4.0,S3,26.76,14.03,2.27,S3,9.229,0,S3,site_s3,S3,S3,S3
1786342282.236,c1,reserve,,0.0,26.34,13.67,1.72,S3,0,,0,36.0,obs,608,26.34,13.67,3.65,S3,26.34,13.67,3.65,S3,26.34,13.67,1.72,S3,9.378,0,S3,site_s3,S3,S3,S3
1786342282.236,c1,search,,0.0,31.1,20.71,6.6,S3,0,,0,4474.0,obs,910,31.1,20.71,10.98,S3,31.1,20.71,10.98,S3,31.1,20.71,6.6,S3,9.378,0,S3,site_s3,S3,S3,S3
1786342282.236,c1,recommend,,0.0,26.76,14.03,2.36,S3,0,,0,200.0,obs,1210,26.76,14.03,4.0,S3,26.76,14.03,4.0,S3,26.76,14.03,2.36,S3,9.378,0,S3,site_s3,S3,S3,S3
1786342282.236,c2,reserve,,0.0,26.34,13.67,1.72,S3,0,,0,36.0,obs,608,26.34,13.67,3.65,S3,26.34,13.67,3.65,S3,26.34,13.67,1.72,S3,9.378,0,S3,site_s3,S3,S3,S3
1786342282.236,c2,search,,0.0,31.1,20.71,6.6,S3,0,,0,4474.0,obs,910,31.1,20.71,10.98,S3,31.1,20.71,10.98,S3,31.1,20.71,6.6,S3,9.378,0,S3,site_s3,S3,S3,S3
1786342282.236,c2,recommend,,0.0,26.76,14.03,2.36,S3,0,,0,200.0,obs,1210,26.76,14.03,4.0,S3,26.76,14.03,4.0,S3,26.76,14.03,2.36,S3,9.378,0,S3,site_s3,S3,S3,S3
1786342283.235,c1,reserve,,0.0,26.34,13.67,1.55,S3,0,,0,36.0,obs,604,26.34,13.67,3.65,S3,26.34,13.67,3.65,S3,26.34,13.67,1.55,S3,8.969,0,S3,site_s3,S3,S3,S3
1786342283.235,c1,search,,0.0,31.1,20.71,6.59,S3,0,,0,4474.0,obs,909,31.1,20.71,10.98,S3,31.1,20.71,10.98,S3,31.1,20.71,6.59,S3,8.969,0,S3,site_s3,S3,S3,S3
1786342283.235,c1,recommend,,0.0,26.76,14.03,2.36,S3,0,,0,200.0,obs,1217,26.76,14.03,4.0,S3,26.76,14.03,4.0,S3,26.76,14.03,2.36,S3,8.969,0,S3,site_s3,S3,S3,S3
1786342283.235,c2,reserve,,0.0,26.34,13.67,1.55,S3,0,,0,36.0,obs,604,26.34,13.67,3.65,S3,26.34,13.67,3.65,S3,26.34,13.67,1.55,S3,8.969,0,S3,site_s3,S3,S3,S3
1786342283.235,c2,search,,0.0,31.1,20.71,6.59,S3,0,,0,4474.0,obs,909,31.1,20.71,10.98,S3,31.1,20.71,10.98,S3,31.1,20.71,6.59,S3,8.969,0,S3,site_s3,S3,S3,S3
1786342283.235,c2,recommend,,0.0,26.76,14.03,2.36,S3,0,,0,200.0,obs,1217,26.76,14.03,4.0,S3,26.76,14.03,4.0,S3,26.76,14.03,2.36,S3,8.969,0,S3,site_s3,S3,S3,S3
1786342284.235,c1,reserve,,0.0,26.34,13.67,1.59,S3,0,,0,36.0,obs,611,26.34,13.67,3.65,S3,26.34,13.67,3.65,S3,26.34,13.67,1.59,S3,9.02,0,S3,site_s3,S3,S3,S3
1786342284.235,c1,search,,0.0,31.1,20.71,6.89,S3,0,,0,4474.0,obs,909,31.1,20.71,10.98,S3,31.1,20.71,10.98,S3,31.1,20.71,6.89,S3,9.02,0,S3,site_s3,S3,S3,S3
1786342284.235,c1,recommend,,0.0,26.76,14.03,2.42,S3,0,,0,200.0,obs,1211,26.76,14.03,4.0,S3,26.76,14.03,4.0,S3,26.76,14.03,2.42,S3,9.02,0,S3,site_s3,S3,S3,S3
1786342284.235,c2,reserve,,0.0,26.34,13.67,1.59,S3,0,,0,36.0,obs,611,26.34,13.67,3.65,S3,26.34,13.67,3.65,S3,26.34,13.67,1.59,S3,9.02,0,S3,site_s3,S3,S3,S3
1786342284.235,c2,search,,0.0,31.1,20.71,6.89,S3,0,,0,4474.0,obs,909,31.1,20.71,10.98,S3,31.1,20.71,10.98,S3,31.1,20.71,6.89,S3,9.02,0,S3,site_s3,S3,S3,S3
1786342284.235,c2,recommend,,0.0,26.76,14.03,2.42,S3,0,,0,200.0,obs,1211,26.76,14.03,4.0,S3,26.76,14.03,4.0,S3,26.76,14.03,2.42,S3,9.02,0,S3,site_s3,S3,S3,S3
1786342285.235,c1,reserve,,0.0,26.34,13.67,1.89,S3,0,,0,36.0,obs,605,26.34,13.67,3.65,S3,26.34,13.67,3.65,S3,26.34,13.67,1.89,S3,9.12,0,S3,site_s3,S3,S3,S3
1786342285.235,c1,search,,0.0,31.1,20.71,6.91,S3,0,,0,4474.0,obs,913,31.1,20.71,10.98,S3,31.1,20.71,10.98,S3,31.1,20.71,6.91,S3,9.12,0,S3,site_s3,S3,S3,S3
1786342285.235,c1,recommend,,0.0,26.76,14.03,2.47,S3,0,,0,200.0,obs,1217,26.76,14.03,4.0,S3,26.76,14.03,4.0,S3,26.76,14.03,2.47,S3,9.12,0,S3,site_s3,S3,S3,S3
1786342285.235,c2,reserve,,0.0,26.34,13.67,1.89,S3,0,,0,36.0,obs,605,26.34,13.67,3.65,S3,26.34,13.67,3.65,S3,26.34,13.67,1.89,S3,9.12,0,S3,site_s3,S3,S3,S3
1786342285.235,c2,search,,0.0,31.1,20.71,6.91,S3,0,,0,4474.0,obs,913,31.1,20.71,10.98,S3,31.1,20.71,10.98,S3,31.1,20.71,6.91,S3,9.12,0,S3,site_s3,S3,S3,S3
1786342285.235,c2,recommend,,0.0,26.76,14.03,2.47,S3,0,,0,200.0,obs,1217,26.76,14.03,4.0,S3,26.76,14.03,4.0,S3,26.76,14.03,2.47,S3,9.12,0,S3,site_s3,S3,S3,S3
1786342286.235,c1,reserve,,0.0,26.34,13.67,1.95,S3,0,,0,36.0,obs,610,26.34,13.67,3.65,S3,26.34,13.67,3.65,S3,26.34,13.67,1.95,S3,9.141,0,S3,site_s3,S3,S3,S3
1786342286.235,c1,search,,0.0,31.1,20.71,6.62,S3,0,,0,4474.0,obs,910,31.1,20.71,10.98,S3,31.1,20.71,10.98,S3,31.1,20.71,6.62,S3,9.141,0,S3,site_s3,S3,S3,S3
1786342286.235,c1,recommend,,0.0,26.76,14.03,2.42,S3,0,,0,200.0,obs,1218,26.76,14.03,4.0,S3,26.76,14.03,4.0,S3,26.76,14.03,2.42,S3,9.141,0,S3,site_s3,S3,S3,S3
1786342286.235,c2,reserve,,0.0,26.34,13.67,1.95,S3,0,,0,36.0,obs,610,26.34,13.67,3.65,S3,26.34,13.67,3.65,S3,26.34,13.67,1.95,S3,9.141,0,S3,site_s3,S3,S3,S3
1786342286.235,c2,search,,0.0,31.1,20.71,6.62,S3,0,,0,4474.0,obs,910,31.1,20.71,10.98,S3,31.1,20.71,10.98,S3,31.1,20.71,6.62,S3,9.141,0,S3,site_s3,S3,S3,S3
1786342286.235,c2,recommend,,0.0,26.76,14.03,2.42,S3,0,,0,200.0,obs,1218,26.76,14.03,4.0,S3,26.76,14.03,4.0,S3,26.76,14.03,2.42,S3,9.141,0,S3,site_s3,S3,S3,S3
1786342287.235,c1,reserve,,0.0,26.34,13.67,1.79,S3,0,,0,36.0,obs,608,26.34,13.67,3.65,S3,26.34,13.67,3.65,S3,26.34,13.67,1.79,S3,9.131,0,S3,site_s3,S3,S3,S3
1786342287.235,c1,search,,0.0,31.1,20.71,6.64,S3,0,,0,4474.0,obs,914,31.1,20.71,10.98,S3,31.1,20.71,10.98,S3,31.1,20.71,6.64,S3,9.131,0,S3,site_s3,S3,S3,S3
1786342287.235,c1,recommend,,0.0,26.76,14.03,2.26,S3,0,,0,200.0,obs,1216,26.76,14.03,4.0,S3,26.76,14.03,4.0,S3,26.76,14.03,2.26,S3,9.131,0,S3,site_s3,S3,S3,S3
1786342287.235,c2,reserve,,0.0,26.34,13.67,1.79,S3,0,,0,36.0,obs,608,26.34,13.67,3.65,S3,26.34,13.67,3.65,S3,26.34,13.67,1.79,S3,9.131,0,S3,site_s3,S3,S3,S3
1786342287.235,c2,search,,0.0,31.1,20.71,6.64,S3,0,,0,4474.0,obs,914,31.1,20.71,10.98,S3,31.1,20.71,10.98,S3,31.1,20.71,6.64,S3,9.131,0,S3,site_s3,S3,S3,S3
1786342287.235,c2,recommend,,0.0,26.76,14.03,2.26,S3,0,,0,200.0,obs,1216,26.76,14.03,4.0,S3,26.76,14.03,4.0,S3,26.76,14.03,2.26,S3,9.131,0,S3,site_s3,S3,S3,S3
1786342288.235,c1,reserve,,0.0,26.34,13.67,1.82,S3,0,,0,36.0,obs,609,26.34,13.67,3.65,S3,26.34,13.67,3.65,S3,26.34,13.67,1.82,S3,9.074,0,S3,site_s3,S3,S3,S3
1786342288.235,c1,search,,0.0,31.1,20.71,6.61,S3,0,,0,4474.0,obs,912,31.1,20.71,10.98,S3,31.1,20.71,10.98,S3,31.1,20.71,6.61,S3,9.074,0,S3,site_s3,S3,S3,S3
1786342288.235,c1,recommend,,0.0,26.76,14.03,2.17,S3,0,,0,200.0,obs,1218,26.76,14.03,4.0,S3,26.76,14.03,4.0,S3,26.76,14.03,2.17,S3,9.074,0,S3,site_s3,S3,S3,S3
1786342288.235,c2,reserve,,0.0,26.34,13.67,1.82,S3,0,,0,36.0,obs,609,26.34,13.67,3.65,S3,26.34,13.67,3.65,S3,26.34,13.67,1.82,S3,9.074,0,S3,site_s3,S3,S3,S3
1786342288.235,c2,search,,0.0,31.1,20.71,6.61,S3,0,,0,4474.0,obs,912,31.1,20.71,10.98,S3,31.1,20.71,10.98,S3,31.1,20.71,6.61,S3,9.074,0,S3,site_s3,S3,S3,S3
1786342288.235,c2,recommend,,0.0,26.76,14.03,2.17,S3,0,,0,200.0,obs,1218,26.76,14.03,4.0,S3,26.76,14.03,4.0,S3,26.76,14.03,2.17,S3,9.074,0,S3,site_s3,S3,S3,S3
1786342289.235,c1,reserve,,0.0,26.34,13.67,1.98,S3,0,,0,36.0,obs,609,26.34,13.67,3.65,S3,26.34,13.67,3.65,S3,26.34,13.67,1.98,S3,8.965,0,S3,site_s3,S3,S3,S3
1786342289.235,c1,search,,0.0,31.1,20.71,6.69,S3,0,,0,4474.0,obs,914,31.1,20.71,10.98,S3,31.1,20.71,10.98,S3,31.1,20.71,6.69,S3,8.965,0,S3,site_s3,S3,S3,S3
1786342289.235,c1,recommend,,0.0,26.76,14.03,2.35,S3,0,,0,200.0,obs,1217,26.76,14.03,4.0,S3,26.76,14.03,4.0,S3,26.76,14.03,2.35,S3,8.965,0,S3,site_s3,S3,S3,S3
1786342289.235,c2,reserve,,0.0,26.34,13.67,1.98,S3,0,,0,36.0,obs,609,26.34,13.67,3.65,S3,26.34,13.67,3.65,S3,26.34,13.67,1.98,S3,8.965,0,S3,site_s3,S3,S3,S3
1786342289.235,c2,search,,0.0,31.1,20.71,6.69,S3,0,,0,4474.0,obs,914,31.1,20.71,10.98,S3,31.1,20.71,10.98,S3,31.1,20.71,6.69,S3,8.965,0,S3,site_s3,S3,S3,S3
1786342289.235,c2,recommend,,0.0,26.76,14.03,2.35,S3,0,,0,200.0,obs,1217,26.76,14.03,4.0,S3,26.76,14.03,4.0,S3,26.76,14.03,2.35,S3,8.965,0,S3,site_s3,S3,S3,S3
1786342290.235,c1,reserve,,0.0,26.34,13.67,2.11,S3,0,,0,36.0,obs,609,26.34,13.67,3.65,S3,26.34,13.67,3.65,S3,26.34,13.67,2.11,S3,9.0,0,S3,site_s3,S3,S3,S3
1786342290.235,c1,search,,0.0,31.1,20.71,6.9,S3,0,,0,4474.0,obs,912,31.1,20.71,10.98,S3,31.1,20.71,10.98,S3,31.1,20.71,6.9,S3,9.0,0,S3,site_s3,S3,S3,S3
1786342290.235,c1,recommend,,0.0,26.76,14.03,2.47,S3,0,,0,200.0,obs,1220,26.76,14.03,4.0,S3,26.76,14.03,4.0,S3,26.76,14.03,2.47,S3,9.0,0,S3,site_s3,S3,S3,S3
1786342290.235,c2,reserve,,0.0,26.34,13.67,2.11,S3,0,,0,36.0,obs,609,26.34,13.67,3.65,S3,26.34,13.67,3.65,S3,26.34,13.67,2.11,S3,9.0,0,S3,site_s3,S3,S3,S3
1786342290.235,c2,search,,0.0,31.1,20.71,6.9,S3,0,,0,4474.0,obs,912,31.1,20.71,10.98,S3,31.1,20.71,10.98,S3,31.1,20.71,6.9,S3,9.0,0,S3,site_s3,S3,S3,S3
1786342290.235,c2,recommend,,0.0,26.76,14.03,2.47,S3,0,,0,200.0,obs,1220,26.76,14.03,4.0,S3,26.76,14.03,4.0,S3,26.76,14.03,2.47,S3,9.0,0,S3,site_s3,S3,S3,S3
1786342291.235,c1,reserve,,0.0,26.34,13.67,2.0,S3,0,,0,36.0,obs,613,26.34,13.67,3.65,S3,26.34,13.67,3.65,S3,26.34,13.67,2.0,S3,9.021,0,S3,site_s3,S3,S3,S3
1786342291.235,c1,search,,0.0,31.1,20.71,7.01,S3,0,,0,4474.0,obs,914,31.1,20.71,10.98,S3,31.1,20.71,10.98,S3,31.1,20.71,7.01,S3,9.021,0,S3,site_s3,S3,S3,S3
1786342291.235,c1,recommend,,0.0,26.76,14.03,2.45,S3,0,,0,200.0,obs,1215,26.76,14.03,4.0,S3,26.76,14.03,4.0,S3,26.76,14.03,2.45,S3,9.021,0,S3,site_s3,S3,S3,S3
1786342291.235,c2,reserve,,0.0,26.34,13.67,2.0,S3,0,,0,36.0,obs,613,26.34,13.67,3.65,S3,26.34,13.67,3.65,S3,26.34,13.67,2.0,S3,9.021,0,S3,site_s3,S3,S3,S3
1786342291.235,c2,search,,0.0,31.1,20.71,7.01,S3,0,,0,4474.0,obs,914,31.1,20.71,10.98,S3,31.1,20.71,10.98,S3,31.1,20.71,7.01,S3,9.021,0,S3,site_s3,S3,S3,S3
1786342291.235,c2,recommend,,0.0,26.76,14.03,2.45,S3,0,,0,200.0,obs,1215,26.76,14.03,4.0,S3,26.76,14.03,4.0,S3,26.76,14.03,2.45,S3,9.021,0,S3,site_s3,S3,S3,S3
1786342292.235,c1,reserve,,0.0,26.34,13.67,1.9,S3,0,,0,36.0,obs,606,26.34,13.67,3.65,S3,26.34,13.67,3.65,S3,26.34,13.67,1.9,S3,9.015,0,S3,site_s3,S3,S3,S3
1786342292.235,c1,search,,0.0,31.1,20.71,6.81,S3,0,,0,4474.0,obs,914,31.1,20.71,10.98,S3,31.1,20.71,10.98,S3,31.1,20.71,6.81,S3,9.015,0,S3,site_s3,S3,S3,S3
1786342292.235,c1,recommend,,0.0,26.76,14.03,2.37,S3,0,,0,200.0,obs,1223,26.76,14.03,4.0,S3,26.76,14.03,4.0,S3,26.76,14.03,2.37,S3,9.015,0,S3,site_s3,S3,S3,S3
1786342292.235,c2,reserve,,0.0,26.34,13.67,1.9,S3,0,,0,36.0,obs,606,26.34,13.67,3.65,S3,26.34,13.67,3.65,S3,26.34,13.67,1.9,S3,9.015,0,S3,site_s3,S3,S3,S3
1786342292.235,c2,search,,0.0,31.1,20.71,6.81,S3,0,,0,4474.0,obs,914,31.1,20.71,10.98,S3,31.1,20.71,10.98,S3,31.1,20.71,6.81,S3,9.015,0,S3,site_s3,S3,S3,S3
1786342292.235,c2,recommend,,0.0,26.76,14.03,2.37,S3,0,,0,200.0,obs,1223,26.76,14.03,4.0,S3,26.76,14.03,4.0,S3,26.76,14.03,2.37,S3,9.015,0,S3,site_s3,S3,S3,S3
1786342293.235,c1,reserve,,0.0,26.34,13.67,1.91,S3,0,,0,36.0,obs,611,26.34,13.67,3.65,S3,26.34,13.67,3.65,S3,26.34,13.67,1.91,S3,9.142,0,S3,site_s3,S3,S3,S3
1786342293.235,c1,search,,0.0,31.1,20.71,6.96,S3,0,,0,4474.0,obs,913,31.1,20.71,10.98,S3,31.1,20.71,10.98,S3,31.1,20.71,6.96,S3,9.142,0,S3,site_s3,S3,S3,S3
1786342293.235,c1,recommend,,0.0,26.76,14.03,2.56,S3,0,,0,200.0,obs,1224,26.76,14.03,4.0,S3,26.76,14.03,4.0,S3,26.76,14.03,2.56,S3,9.142,0,S3,site_s3,S3,S3,S3
1786342293.235,c2,reserve,,0.0,26.34,13.67,1.91,S3,0,,0,36.0,obs,611,26.34,13.67,3.65,S3,26.34,13.67,3.65,S3,26.34,13.67,1.91,S3,9.142,0,S3,site_s3,S3,S3,S3
1786342293.235,c2,search,,0.0,31.1,20.71,6.96,S3,0,,0,4474.0,obs,913,31.1,20.71,10.98,S3,31.1,20.71,10.98,S3,31.1,20.71,6.96,S3,9.142,0,S3,site_s3,S3,S3,S3
1786342293.235,c2,recommend,,0.0,26.76,14.03,2.56,S3,0,,0,200.0,obs,1224,26.76,14.03,4.0,S3,26.76,14.03,4.0,S3,26.76,14.03,2.56,S3,9.142,0,S3,site_s3,S3,S3,S3
1786342294.235,c1,reserve,,0.0,26.34,13.67,1.81,S3,0,,0,36.0,obs,610,26.34,13.67,3.65,S3,26.34,13.67,3.65,S3,26.34,13.67,1.81,S3,9.119,0,S3,site_s3,S3,S3,S3
1786342294.235,c1,search,,0.0,31.1,20.71,7.07,S3,0,,0,4474.0,obs,917,31.1,20.71,10.98,S3,31.1,20.71,10.98,S3,31.1,20.71,7.07,S3,9.119,0,S3,site_s3,S3,S3,S3
1786342294.235,c1,recommend,,0.0,26.76,14.03,2.55,S3,0,,0,200.0,obs,1222,26.76,14.03,4.0,S3,26.76,14.03,4.0,S3,26.76,14.03,2.55,S3,9.119,0,S3,site_s3,S3,S3,S3
1786342294.235,c2,reserve,,0.0,26.34,13.67,1.81,S3,0,,0,36.0,obs,610,26.34,13.67,3.65,S3,26.34,13.67,3.65,S3,26.34,13.67,1.81,S3,9.119,0,S3,site_s3,S3,S3,S3
1786342294.235,c2,search,,0.0,31.1,20.71,7.07,S3,0,,0,4474.0,obs,917,31.1,20.71,10.98,S3,31.1,20.71,10.98,S3,31.1,20.71,7.07,S3,9.119,0,S3,site_s3,S3,S3,S3
1786342294.235,c2,recommend,,0.0,26.76,14.03,2.55,S3,0,,0,200.0,obs,1222,26.76,14.03,4.0,S3,26.76,14.03,4.0,S3,26.76,14.03,2.55,S3,9.119,0,S3,site_s3,S3,S3,S3
1786342295.235,c1,reserve,,0.0,26.34,13.67,1.86,S3,0,,0,36.0,obs,610,26.34,13.67,3.65,S3,26.34,13.67,3.65,S3,26.34,13.67,1.86,S3,9.023,0,S3,site_s3,S3,S3,S3
1786342295.235,c1,search,,0.0,31.1,20.71,6.82,S3,0,,0,4474.0,obs,915,31.1,20.71,10.98,S3,31.1,20.71,10.98,S3,31.1,20.71,6.82,S3,9.023,0,S3,site_s3,S3,S3,S3
1786342295.235,c1,recommend,,0.0,26.76,14.03,2.46,S3,0,,0,200.0,obs,1225,26.76,14.03,4.0,S3,26.76,14.03,4.0,S3,26.76,14.03,2.46,S3,9.023,0,S3,site_s3,S3,S3,S3
1786342295.235,c2,reserve,,0.0,26.34,13.67,1.86,S3,0,,0,36.0,obs,610,26.34,13.67,3.65,S3,26.34,13.67,3.65,S3,26.34,13.67,1.86,S3,9.023,0,S3,site_s3,S3,S3,S3
1786342295.235,c2,search,,0.0,31.1,20.71,6.82,S3,0,,0,4474.0,obs,915,31.1,20.71,10.98,S3,31.1,20.71,10.98,S3,31.1,20.71,6.82,S3,9.023,0,S3,site_s3,S3,S3,S3
1786342295.235,c2,recommend,,0.0,26.76,14.03,2.46,S3,0,,0,200.0,obs,1225,26.76,14.03,4.0,S3,26.76,14.03,4.0,S3,26.76,14.03,2.46,S3,9.023,0,S3,site_s3,S3,S3,S3
1786342296.235,c1,reserve,,0.0,26.34,13.67,1.88,S3,0,,0,36.0,obs,610,26.34,13.67,3.65,S3,26.34,13.67,3.65,S3,26.34,13.67,1.88,S3,9.163,0,S3,site_s3,S3,S3,S3
1786342296.235,c1,search,,0.0,31.1,20.71,6.46,S3,0,,0,4474.0,obs,918,31.1,20.71,10.98,S3,31.1,20.71,10.98,S3,31.1,20.71,6.46,S3,9.163,0,S3,site_s3,S3,S3,S3
1786342296.235,c1,recommend,,0.0,26.76,14.03,2.34,S3,0,,0,200.0,obs,1224,26.76,14.03,4.0,S3,26.76,14.03,4.0,S3,26.76,14.03,2.34,S3,9.163,0,S3,site_s3,S3,S3,S3
1786342296.235,c2,reserve,,0.0,26.34,13.67,1.88,S3,0,,0,36.0,obs,610,26.34,13.67,3.65,S3,26.34,13.67,3.65,S3,26.34,13.67,1.88,S3,9.163,0,S3,site_s3,S3,S3,S3
1786342296.235,c2,search,,0.0,31.1,20.71,6.46,S3,0,,0,4474.0,obs,918,31.1,20.71,10.98,S3,31.1,20.71,10.98,S3,31.1,20.71,6.46,S3,9.163,0,S3,site_s3,S3,S3,S3
1786342296.235,c2,recommend,,0.0,26.76,14.03,2.34,S3,0,,0,200.0,obs,1224,26.76,14.03,4.0,S3,26.76,14.03,4.0,S3,26.76,14.03,2.34,S3,9.163,0,S3,site_s3,S3,S3,S3
1786342297.235,c1,reserve,,0.0,26.34,13.67,1.51,S3,0,,0,36.0,obs,611,26.34,13.67,3.65,S3,26.34,13.67,3.65,S3,26.34,13.67,1.51,S3,8.932,0,S3,site_s3,S3,S3,S3
1786342297.235,c1,search,,0.0,31.1,20.71,6.14,S3,0,,0,4474.0,obs,916,31.1,20.71,10.98,S3,31.1,20.71,10.98,S3,31.1,20.71,6.14,S3,8.932,0,S3,site_s3,S3,S3,S3
1786342297.235,c1,recommend,,0.0,26.76,14.03,2.15,S3,0,,0,200.0,obs,1226,26.76,14.03,4.0,S3,26.76,14.03,4.0,S3,26.76,14.03,2.15,S3,8.932,0,S3,site_s3,S3,S3,S3
1786342297.235,c2,reserve,,0.0,26.34,13.67,1.51,S3,0,,0,36.0,obs,611,26.34,13.67,3.65,S3,26.34,13.67,3.65,S3,26.34,13.67,1.51,S3,8.932,0,S3,site_s3,S3,S3,S3
1786342297.235,c2,search,,0.0,31.1,20.71,6.14,S3,0,,0,4474.0,obs,916,31.1,20.71,10.98,S3,31.1,20.71,10.98,S3,31.1,20.71,6.14,S3,8.932,0,S3,site_s3,S3,S3,S3
1786342297.235,c2,recommend,,0.0,26.76,14.03,2.15,S3,0,,0,200.0,obs,1226,26.76,14.03,4.0,S3,26.76,14.03,4.0,S3,26.76,14.03,2.15,S3,8.932,0,S3,site_s3,S3,S3,S3
1786342298.235,c1,reserve,,0.0,26.34,13.67,1.5,S3,0,,0,36.0,obs,613,26.34,13.67,3.65,S3,26.34,13.67,3.65,S3,26.34,13.67,1.5,S3,8.923,0,S3,site_s3,S3,S3,S3
1786342298.235,c1,search,,0.0,31.1,20.71,6.64,S3,0,,0,4474.0,obs,918,31.1,20.71,10.98,S3,31.1,20.71,10.98,S3,31.1,20.71,6.64,S3,8.923,0,S3,site_s3,S3,S3,S3
1786342298.235,c1,recommend,,0.0,26.76,14.03,2.29,S3,0,,0,200.0,obs,1222,26.76,14.03,4.0,S3,26.76,14.03,4.0,S3,26.76,14.03,2.29,S3,8.923,0,S3,site_s3,S3,S3,S3
1786342298.235,c2,reserve,,0.0,26.34,13.67,1.5,S3,0,,0,36.0,obs,613,26.34,13.67,3.65,S3,26.34,13.67,3.65,S3,26.34,13.67,1.5,S3,8.923,0,S3,site_s3,S3,S3,S3
1786342298.235,c2,search,,0.0,31.1,20.71,6.64,S3,0,,0,4474.0,obs,918,31.1,20.71,10.98,S3,31.1,20.71,10.98,S3,31.1,20.71,6.64,S3,8.923,0,S3,site_s3,S3,S3,S3
1786342298.235,c2,recommend,,0.0,26.76,14.03,2.29,S3,0,,0,200.0,obs,1222,26.76,14.03,4.0,S3,26.76,14.03,4.0,S3,26.76,14.03,2.29,S3,8.923,0,S3,site_s3,S3,S3,S3
1786342299.235,c1,reserve,,0.0,26.34,13.67,1.01,S3,0,,0,36.0,obs,610,26.34,13.67,3.65,S3,26.34,13.67,3.65,S3,26.34,13.67,1.01,S3,9.002,0,S3,site_s3,S3,S3,S3
1786342299.235,c1,search,,0.0,31.1,20.71,5.13,S3,0,,0,4474.0,obs,918,31.1,20.71,10.98,S3,31.1,20.71,10.98,S3,31.1,20.71,5.13,S3,9.002,0,S3,site_s3,S3,S3,S3
1786342299.235,c1,recommend,,0.0,26.76,14.03,1.78,S3,0,,0,200.0,obs,1229,26.76,14.03,4.0,S3,26.76,14.03,4.0,S3,26.76,14.03,1.78,S3,9.002,0,S3,site_s3,S3,S3,S3
1786342299.235,c2,reserve,,0.0,26.34,13.67,1.01,S3,0,,0,36.0,obs,610,26.34,13.67,3.65,S3,26.34,13.67,3.65,S3,26.34,13.67,1.01,S3,9.002,0,S3,site_s3,S3,S3,S3
1786342299.235,c2,search,,0.0,31.1,20.71,5.13,S3,0,,0,4474.0,obs,918,31.1,20.71,10.98,S3,31.1,20.71,10.98,S3,31.1,20.71,5.13,S3,9.002,0,S3,site_s3,S3,S3,S3
1786342299.235,c2,recommend,,0.0,26.76,14.03,1.78,S3,0,,0,200.0,obs,1229,26.76,14.03,4.0,S3,26.76,14.03,4.0,S3,26.76,14.03,1.78,S3,9.002,0,S3,site_s3,S3,S3,S3
1786342300.235,c1,reserve,,0.0,26.34,13.67,0.86,S3,0,,0,36.0,obs,615,26.34,13.67,3.65,S3,26.34,13.67,3.65,S3,26.34,13.67,0.86,S3,8.973,0,S3,site_s3,S3,S3,S3
1786342300.235,c1,search,,0.0,31.1,20.71,4.42,S3,0,,0,4474.0,obs,915,31.1,20.71,10.98,S3,31.1,20.71,10.98,S3,31.1,20.71,4.42,S3,8.973,0,S3,site_s3,S3,S3,S3
1786342300.235,c1,recommend,,0.0,26.76,14.03,1.68,S3,0,,0,200.0,obs,1224,26.76,14.03,4.0,S3,26.76,14.03,4.0,S3,26.76,14.03,1.68,S3,8.973,0,S3,site_s3,S3,S3,S3
1786342300.235,c2,reserve,,0.0,26.34,13.67,0.86,S3,0,,0,36.0,obs,615,26.34,13.67,3.65,S3,26.34,13.67,3.65,S3,26.34,13.67,0.86,S3,8.973,0,S3,site_s3,S3,S3,S3
1786342300.235,c2,search,,0.0,31.1,20.71,4.42,S3,0,,0,4474.0,obs,915,31.1,20.71,10.98,S3,31.1,20.71,10.98,S3,31.1,20.71,4.42,S3,8.973,0,S3,site_s3,S3,S3,S3
1786342300.235,c2,recommend,,0.0,26.76,14.03,1.68,S3,0,,0,200.0,obs,1224,26.76,14.03,4.0,S3,26.76,14.03,4.0,S3,26.76,14.03,1.68,S3,8.973,0,S3,site_s3,S3,S3,S3
1786342301.235,c1,reserve,,0.0,26.34,13.67,1.55,S3,0,,0,36.0,obs,614,26.34,13.67,3.65,S3,26.34,13.67,3.65,S3,26.34,13.67,1.55,S3,9.052,0,S3,site_s3,S3,S3,S3
1786342301.235,c1,search,,0.0,31.1,20.71,7.03,S3,0,,0,4474.0,obs,920,31.1,20.71,10.98,S3,31.1,20.71,10.98,S3,31.1,20.71,7.03,S3,9.052,0,S3,site_s3,S3,S3,S3
1786342301.235,c1,recommend,,0.0,26.76,14.03,2.41,S3,0,,0,200.0,obs,1225,26.76,14.03,4.0,S3,26.76,14.03,4.0,S3,26.76,14.03,2.41,S3,9.052,0,S3,site_s3,S3,S3,S3
1786342301.235,c2,reserve,,0.0,26.34,13.67,1.55,S3,0,,0,36.0,obs,614,26.34,13.67,3.65,S3,26.34,13.67,3.65,S3,26.34,13.67,1.55,S3,9.052,0,S3,site_s3,S3,S3,S3
1786342301.235,c2,search,,0.0,31.1,20.71,7.03,S3,0,,0,4474.0,obs,920,31.1,20.71,10.98,S3,31.1,20.71,10.98,S3,31.1,20.71,7.03,S3,9.052,0,S3,site_s3,S3,S3,S3
1786342301.235,c2,recommend,,0.0,26.76,14.03,2.41,S3,0,,0,200.0,obs,1225,26.76,14.03,4.0,S3,26.76,14.03,4.0,S3,26.76,14.03,2.41,S3,9.052,0,S3,site_s3,S3,S3,S3
1786342302.235,c1,reserve,,0.0,26.34,13.67,1.69,S3,0,,0,36.0,obs,614,26.34,13.67,3.65,S3,26.34,13.67,3.65,S3,26.34,13.67,1.69,S3,9.037,0,S3,site_s3,S3,S3,S3
1786342302.235,c1,search,,0.0,31.1,20.71,6.65,S3,0,,0,4474.0,obs,918,31.1,20.71,10.98,S3,31.1,20.71,10.98,S3,31.1,20.71,6.65,S3,9.037,0,S3,site_s3,S3,S3,S3
1786342302.235,c1,recommend,,0.0,26.76,14.03,2.53,S3,0,,0,200.0,obs,1228,26.76,14.03,4.0,S3,26.76,14.03,4.0,S3,26.76,14.03,2.53,S3,9.037,0,S3,site_s3,S3,S3,S3
1786342302.235,c2,reserve,,0.0,26.34,13.67,1.69,S3,0,,0,36.0,obs,614,26.34,13.67,3.65,S3,26.34,13.67,3.65,S3,26.34,13.67,1.69,S3,9.037,0,S3,site_s3,S3,S3,S3
1786342302.235,c2,search,,0.0,31.1,20.71,6.65,S3,0,,0,4474.0,obs,918,31.1,20.71,10.98,S3,31.1,20.71,10.98,S3,31.1,20.71,6.65,S3,9.037,0,S3,site_s3,S3,S3,S3
1786342302.235,c2,recommend,,0.0,26.76,14.03,2.53,S3,0,,0,200.0,obs,1228,26.76,14.03,4.0,S3,26.76,14.03,4.0,S3,26.76,14.03,2.53,S3,9.037,0,S3,site_s3,S3,S3,S3
1786342303.235,c1,reserve,,0.0,26.34,13.67,1.71,S3,0,,0,36.0,obs,591,26.34,13.67,3.65,S3,26.34,13.67,3.65,S3,26.34,13.67,1.71,S3,8.43,0,S3,site_s3,S3,S3,S3
1786342303.235,c1,search,,0.0,31.1,20.71,6.63,S3,0,,0,4474.0,obs,879,31.1,20.71,10.98,S3,31.1,20.71,10.98,S3,31.1,20.71,6.63,S3,8.43,0,S3,site_s3,S3,S3,S3
1786342303.235,c1,recommend,,0.0,26.76,14.03,2.51,S3,0,,0,200.0,obs,1169,26.76,14.03,4.0,S3,26.76,14.03,4.0,S3,26.76,14.03,2.51,S3,8.43,0,S3,site_s3,S3,S3,S3
1786342303.235,c2,reserve,,0.0,26.34,13.67,1.71,S3,0,,0,36.0,obs,591,26.34,13.67,3.65,S3,26.34,13.67,3.65,S3,26.34,13.67,1.71,S3,8.43,0,S3,site_s3,S3,S3,S3
1786342303.235,c2,search,,0.0,31.1,20.71,6.63,S3,0,,0,4474.0,obs,879,31.1,20.71,10.98,S3,31.1,20.71,10.98,S3,31.1,20.71,6.63,S3,8.43,0,S3,site_s3,S3,S3,S3
1786342303.235,c2,recommend,,0.0,26.76,14.03,2.51,S3,0,,0,200.0,obs,1169,26.76,14.03,4.0,S3,26.76,14.03,4.0,S3,26.76,14.03,2.51,S3,8.43,0,S3,site_s3,S3,S3,S3
1786342304.235,c1,reserve,,0.0,26.34,13.67,1.84,S3,0,,0,36.0,obs,582,26.34,13.67,3.65,S3,26.34,13.67,3.65,S3,26.34,13.67,1.84,S3,9.061,0,S3,site_s3,S3,S3,S3
1786342304.235,c1,search,,0.0,31.1,20.71,7.03,S3,0,,0,4474.0,obs,874,31.1,20.71,10.98,S3,31.1,20.71,10.98,S3,31.1,20.71,7.03,S3,9.061,0,S3,site_s3,S3,S3,S3
1786342304.235,c1,recommend,,0.0,26.76,14.03,2.45,S3,0,,0,200.0,obs,1168,26.76,14.03,4.0,S3,26.76,14.03,4.0,S3,26.76,14.03,2.45,S3,9.061,0,S3,site_s3,S3,S3,S3
1786342304.235,c2,reserve,,0.0,26.34,13.67,1.84,S3,0,,0,36.0,obs,582,26.34,13.67,3.65,S3,26.34,13.67,3.65,S3,26.34,13.67,1.84,S3,9.061,0,S3,site_s3,S3,S3,S3
1786342304.235,c2,search,,0.0,31.1,20.71,7.03,S3,0,,0,4474.0,obs,874,31.1,20.71,10.98,S3,31.1,20.71,10.98,S3,31.1,20.71,7.03,S3,9.061,0,S3,site_s3,S3,S3,S3
1786342304.235,c2,recommend,,0.0,26.76,14.03,2.45,S3,0,,0,200.0,obs,1168,26.76,14.03,4.0,S3,26.76,14.03,4.0,S3,26.76,14.03,2.45,S3,9.061,0,S3,site_s3,S3,S3,S3
1786342305.235,c1,reserve,,0.0,26.34,13.67,2.05,S3,0,,0,36.0,obs,588,26.34,13.67,3.65,S3,26.34,13.67,3.65,S3,26.34,13.67,2.05,S3,8.946,0,S3,site_s3,S3,S3,S3
1786342305.235,c1,search,,0.0,31.1,20.71,7.06,S3,0,,0,4474.0,obs,873,31.1,20.71,10.98,S3,31.1,20.71,10.98,S3,31.1,20.71,7.06,S3,8.946,0,S3,site_s3,S3,S3,S3
1786342305.235,c1,recommend,,0.0,26.76,14.03,2.49,S3,0,,0,200.0,obs,1165,26.76,14.03,4.0,S3,26.76,14.03,4.0,S3,26.76,14.03,2.49,S3,8.946,0,S3,site_s3,S3,S3,S3
1786342305.235,c2,reserve,,0.0,26.34,13.67,2.05,S3,0,,0,36.0,obs,588,26.34,13.67,3.65,S3,26.34,13.67,3.65,S3,26.34,13.67,2.05,S3,8.946,0,S3,site_s3,S3,S3,S3
1786342305.235,c2,search,,0.0,31.1,20.71,7.06,S3,0,,0,4474.0,obs,873,31.1,20.71,10.98,S3,31.1,20.71,10.98,S3,31.1,20.71,7.06,S3,8.946,0,S3,site_s3,S3,S3,S3
1786342305.235,c2,recommend,,0.0,26.76,14.03,2.49,S3,0,,0,200.0,obs,1165,26.76,14.03,4.0,S3,26.76,14.03,4.0,S3,26.76,14.03,2.49,S3,8.946,0,S3,site_s3,S3,S3,S3
1786342306.235,c1,reserve,,0.0,26.34,13.67,1.5,S3,0,,0,36.0,obs,582,26.34,13.67,3.65,S3,26.34,13.67,3.65,S3,26.34,13.67,1.5,S3,9.032,0,S3,site_s3,S3,S3,S3
1786342306.235,c1,search,,0.0,31.1,20.71,6.62,S3,0,,0,4474.0,obs,875,31.1,20.71,10.98,S3,31.1,20.71,10.98,S3,31.1,20.71,6.62,S3,9.032,0,S3,site_s3,S3,S3,S3
1786342306.235,c1,recommend,,0.0,26.76,14.03,2.39,S3,0,,0,200.0,obs,1170,26.76,14.03,4.0,S3,26.76,14.03,4.0,S3,26.76,14.03,2.39,S3,9.032,0,S3,site_s3,S3,S3,S3
1786342306.235,c2,reserve,,0.0,26.34,13.67,1.5,S3,0,,0,36.0,obs,582,26.34,13.67,3.65,S3,26.34,13.67,3.65,S3,26.34,13.67,1.5,S3,9.032,0,S3,site_s3,S3,S3,S3
1786342306.235,c2,search,,0.0,31.1,20.71,6.62,S3,0,,0,4474.0,obs,875,31.1,20.71,10.98,S3,31.1,20.71,10.98,S3,31.1,20.71,6.62,S3,9.032,0,S3,site_s3,S3,S3,S3
1786342306.235,c2,recommend,,0.0,26.76,14.03,2.39,S3,0,,0,200.0,obs,1170,26.76,14.03,4.0,S3,26.76,14.03,4.0,S3,26.76,14.03,2.39,S3,9.032,0,S3,site_s3,S3,S3,S3
1786342307.236,c1,reserve,,0.0,26.34,13.67,1.11,S3,0,,0,36.0,obs,588,26.34,13.67,3.65,S3,26.34,13.67,3.65,S3,26.34,13.67,1.11,S3,9.662,0,S3,site_s3,S3,S3,S3
1786342307.236,c1,search,,0.0,31.1,20.71,5.66,S3,0,,0,4474.0,obs,874,31.1,20.71,10.98,S3,31.1,20.71,10.98,S3,31.1,20.71,5.66,S3,9.662,0,S3,site_s3,S3,S3,S3
1786342307.236,c1,recommend,,0.0,26.76,14.03,1.96,S3,0,,0,200.0,obs,1168,26.76,14.03,4.0,S3,26.76,14.03,4.0,S3,26.76,14.03,1.96,S3,9.662,0,S3,site_s3,S3,S3,S3
1786342307.236,c2,reserve,,0.0,26.34,13.67,1.11,S3,0,,0,36.0,obs,588,26.34,13.67,3.65,S3,26.34,13.67,3.65,S3,26.34,13.67,1.11,S3,9.662,0,S3,site_s3,S3,S3,S3
1786342307.236,c2,search,,0.0,31.1,20.71,5.66,S3,0,,0,4474.0,obs,874,31.1,20.71,10.98,S3,31.1,20.71,10.98,S3,31.1,20.71,5.66,S3,9.662,0,S3,site_s3,S3,S3,S3
1786342307.236,c2,recommend,,0.0,26.76,14.03,1.96,S3,0,,0,200.0,obs,1168,26.76,14.03,4.0,S3,26.76,14.03,4.0,S3,26.76,14.03,1.96,S3,9.662,0,S3,site_s3,S3,S3,S3
1786342308.236,c1,reserve,,0.0,26.34,13.67,1.49,S3,0,,0,36.0,obs,583,26.34,13.67,3.65,S3,26.34,13.67,3.65,S3,26.34,13.67,1.49,S3,9.872,0,S3,site_s3,S3,S3,S3
1786342308.236,c1,search,,0.0,31.1,20.71,5.44,S3,0,,0,4474.0,obs,880,31.1,20.71,10.98,S3,31.1,20.71,10.98,S3,31.1,20.71,5.44,S3,9.872,0,S3,site_s3,S3,S3,S3
1786342308.236,c1,recommend,,0.0,26.76,14.03,2.11,S3,0,,0,200.0,obs,1170,26.76,14.03,4.0,S3,26.76,14.03,4.0,S3,26.76,14.03,2.11,S3,9.872,0,S3,site_s3,S3,S3,S3
1786342308.236,c2,reserve,,0.0,26.34,13.67,1.49,S3,0,,0,36.0,obs,583,26.34,13.67,3.65,S3,26.34,13.67,3.65,S3,26.34,13.67,1.49,S3,9.872,0,S3,site_s3,S3,S3,S3
1786342308.236,c2,search,,0.0,31.1,20.71,5.44,S3,0,,0,4474.0,obs,880,31.1,20.71,10.98,S3,31.1,20.71,10.98,S3,31.1,20.71,5.44,S3,9.872,0,S3,site_s3,S3,S3,S3
1786342308.236,c2,recommend,,0.0,26.76,14.03,2.11,S3,0,,0,200.0,obs,1170,26.76,14.03,4.0,S3,26.76,14.03,4.0,S3,26.76,14.03,2.11,S3,9.872,0,S3,site_s3,S3,S3,S3
1786342309.236,c1,reserve,,0.0,26.34,13.67,1.66,S3,0,,0,36.0,obs,585,26.34,13.67,3.65,S3,26.34,13.67,3.65,S3,26.34,13.67,1.66,S3,9.848,0,S3,site_s3,S3,S3,S3
1786342309.236,c1,search,,0.0,31.1,20.71,6.61,S3,0,,0,4474.0,obs,877,31.1,20.71,10.98,S3,31.1,20.71,10.98,S3,31.1,20.71,6.61,S3,9.848,0,S3,site_s3,S3,S3,S3
1786342309.236,c1,recommend,,0.0,26.76,14.03,2.46,S3,0,,0,200.0,obs,1174,26.76,14.03,4.0,S3,26.76,14.03,4.0,S3,26.76,14.03,2.46,S3,9.848,0,S3,site_s3,S3,S3,S3
1786342309.236,c2,reserve,,0.0,26.34,13.67,1.66,S3,0,,0,36.0,obs,585,26.34,13.67,3.65,S3,26.34,13.67,3.65,S3,26.34,13.67,1.66,S3,9.848,0,S3,site_s3,S3,S3,S3
1786342309.236,c2,search,,0.0,31.1,20.71,6.61,S3,0,,0,4474.0,obs,877,31.1,20.71,10.98,S3,31.1,20.71,10.98,S3,31.1,20.71,6.61,S3,9.848,0,S3,site_s3,S3,S3,S3
1786342309.236,c2,recommend,,0.0,26.76,14.03,2.46,S3,0,,0,200.0,obs,1174,26.76,14.03,4.0,S3,26.76,14.03,4.0,S3,26.76,14.03,2.46,S3,9.848,0,S3,site_s3,S3,S3,S3
1786342310.236,c1,reserve,,0.0,26.34,13.67,1.62,S3,0,,0,36.0,obs,589,26.34,13.67,3.65,S3,26.34,13.67,3.65,S3,26.34,13.67,1.62,S3,9.616,0,S3,site_s3,S3,S3,S3
1786342310.236,c1,search,,0.0,31.1,20.71,6.79,S3,0,,0,4474.0,obs,878,31.1,20.71,10.98,S3,31.1,20.71,10.98,S3,31.1,20.71,6.79,S3,9.616,0,S3,site_s3,S3,S3,S3
1786342310.236,c1,recommend,,0.0,26.76,14.03,2.38,S3,0,,0,200.0,obs,1167,26.76,14.03,4.0,S3,26.76,14.03,4.0,S3,26.76,14.03,2.38,S3,9.616,0,S3,site_s3,S3,S3,S3
1786342310.236,c2,reserve,,0.0,26.34,13.67,1.62,S3,0,,0,36.0,obs,589,26.34,13.67,3.65,S3,26.34,13.67,3.65,S3,26.34,13.67,1.62,S3,9.616,0,S3,site_s3,S3,S3,S3
1786342310.236,c2,search,,0.0,31.1,20.71,6.79,S3,0,,0,4474.0,obs,878,31.1,20.71,10.98,S3,31.1,20.71,10.98,S3,31.1,20.71,6.79,S3,9.616,0,S3,site_s3,S3,S3,S3
1786342310.236,c2,recommend,,0.0,26.76,14.03,2.38,S3,0,,0,200.0,obs,1167,26.76,14.03,4.0,S3,26.76,14.03,4.0,S3,26.76,14.03,2.38,S3,9.616,0,S3,site_s3,S3,S3,S3
1786342311.236,c1,reserve,,0.0,26.34,13.67,1.58,S3,0,,0,36.0,obs,582,26.34,13.67,3.65,S3,26.34,13.67,3.65,S3,26.34,13.67,1.58,S3,10.143,0,S3,site_s3,S3,S3,S3
1786342311.236,c1,search,,0.0,31.1,20.71,6.31,S3,0,,0,4474.0,obs,878,31.1,20.71,10.98,S3,31.1,20.71,10.98,S3,31.1,20.71,6.31,S3,10.143,0,S3,site_s3,S3,S3,S3
1786342311.236,c1,recommend,,0.0,26.76,14.03,2.33,S3,0,,0,200.0,obs,1175,26.76,14.03,4.0,S3,26.76,14.03,4.0,S3,26.76,14.03,2.33,S3,10.143,0,S3,site_s3,S3,S3,S3
1786342311.236,c2,reserve,,0.0,26.34,13.67,1.58,S3,0,,0,36.0,obs,582,26.34,13.67,3.65,S3,26.34,13.67,3.65,S3,26.34,13.67,1.58,S3,10.143,0,S3,site_s3,S3,S3,S3
1786342311.236,c2,search,,0.0,31.1,20.71,6.31,S3,0,,0,4474.0,obs,878,31.1,20.71,10.98,S3,31.1,20.71,10.98,S3,31.1,20.71,6.31,S3,10.143,0,S3,site_s3,S3,S3,S3
1786342311.236,c2,recommend,,0.0,26.76,14.03,2.33,S3,0,,0,200.0,obs,1175,26.76,14.03,4.0,S3,26.76,14.03,4.0,S3,26.76,14.03,2.33,S3,10.143,0,S3,site_s3,S3,S3,S3
1786342312.236,c1,reserve,,0.0,26.34,13.67,1.55,S3,0,,0,36.0,obs,589,26.34,13.67,3.65,S3,26.34,13.67,3.65,S3,26.34,13.67,1.55,S3,9.86,0,S3,site_s3,S3,S3,S3
1786342312.236,c1,search,,0.0,31.1,20.71,6.5,S3,0,,0,4474.0,obs,876,31.1,20.71,10.98,S3,31.1,20.71,10.98,S3,31.1,20.71,6.5,S3,9.86,0,S3,site_s3,S3,S3,S3
1786342312.236,c1,recommend,,0.0,26.76,14.03,2.32,S3,0,,0,200.0,obs,1170,26.76,14.03,4.0,S3,26.76,14.03,4.0,S3,26.76,14.03,2.32,S3,9.86,0,S3,site_s3,S3,S3,S3
1786342312.236,c2,reserve,,0.0,26.34,13.67,1.55,S3,0,,0,36.0,obs,589,26.34,13.67,3.65,S3,26.34,13.67,3.65,S3,26.34,13.67,1.55,S3,9.86,0,S3,site_s3,S3,S3,S3
1786342312.236,c2,search,,0.0,31.1,20.71,6.5,S3,0,,0,4474.0,obs,876,31.1,20.71,10.98,S3,31.1,20.71,10.98,S3,31.1,20.71,6.5,S3,9.86,0,S3,site_s3,S3,S3,S3
1786342312.236,c2,recommend,,0.0,26.76,14.03,2.32,S3,0,,0,200.0,obs,1170,26.76,14.03,4.0,S3,26.76,14.03,4.0,S3,26.76,14.03,2.32,S3,9.86,0,S3,site_s3,S3,S3,S3
1786342313.236,c1,reserve,,0.0,26.34,13.67,1.55,S3,0,,0,36.0,obs,582,26.34,13.67,3.65,S3,26.34,13.67,3.65,S3,26.34,13.67,1.55,S3,9.604,0,S3,site_s3,S3,S3,S3
1786342313.236,c1,search,,0.0,31.1,20.71,6.8,S3,0,,0,4474.0,obs,880,31.1,20.71,10.98,S3,31.1,20.71,10.98,S3,31.1,20.71,6.8,S3,9.604,0,S3,site_s3,S3,S3,S3
1786342313.236,c1,recommend,,0.0,26.76,14.03,2.35,S3,0,,0,200.0,obs,1177,26.76,14.03,4.0,S3,26.76,14.03,4.0,S3,26.76,14.03,2.35,S3,9.604,0,S3,site_s3,S3,S3,S3
1786342313.236,c2,reserve,,0.0,26.34,13.67,1.55,S3,0,,0,36.0,obs,582,26.34,13.67,3.65,S3,26.34,13.67,3.65,S3,26.34,13.67,1.55,S3,9.604,0,S3,site_s3,S3,S3,S3
1786342313.236,c2,search,,0.0,31.1,20.71,6.8,S3,0,,0,4474.0,obs,880,31.1,20.71,10.98,S3,31.1,20.71,10.98,S3,31.1,20.71,6.8,S3,9.604,0,S3,site_s3,S3,S3,S3
1786342313.236,c2,recommend,,0.0,26.76,14.03,2.35,S3,0,,0,200.0,obs,1177,26.76,14.03,4.0,S3,26.76,14.03,4.0,S3,26.76,14.03,2.35,S3,9.604,0,S3,site_s3,S3,S3,S3
1786342314.236,c1,reserve,,0.0,26.34,13.67,1.46,S3,0,,0,36.0,obs,589,26.34,13.67,3.65,S3,26.34,13.67,3.65,S3,26.34,13.67,1.46,S3,9.482,0,S3,site_s3,S3,S3,S3
1786342314.236,c1,search,,0.0,31.1,20.71,6.79,S3,0,,0,4474.0,obs,879,31.1,20.71,10.98,S3,31.1,20.71,10.98,S3,31.1,20.71,6.79,S3,9.482,0,S3,site_s3,S3,S3,S3
1786342314.236,c1,recommend,,0.0,26.76,14.03,2.23,S3,0,,0,200.0,obs,1173,26.76,14.03,4.0,S3,26.76,14.03,4.0,S3,26.76,14.03,2.23,S3,9.482,0,S3,site_s3,S3,S3,S3
1786342314.236,c2,reserve,,0.0,26.34,13.67,1.46,S3,0,,0,36.0,obs,589,26.34,13.67,3.65,S3,26.34,13.67,3.65,S3,26.34,13.67,1.46,S3,9.482,0,S3,site_s3,S3,S3,S3
1786342314.236,c2,search,,0.0,31.1,20.71,6.79,S3,0,,0,4474.0,obs,879,31.1,20.71,10.98,S3,31.1,20.71,10.98,S3,31.1,20.71,6.79,S3,9.482,0,S3,site_s3,S3,S3,S3
1786342314.236,c2,recommend,,0.0,26.76,14.03,2.23,S3,0,,0,200.0,obs,1173,26.76,14.03,4.0,S3,26.76,14.03,4.0,S3,26.76,14.03,2.23,S3,9.482,0,S3,site_s3,S3,S3,S3
1786342315.236,c1,reserve,,0.0,26.34,13.67,1.61,S3,0,,0,36.0,obs,582,26.34,13.67,3.65,S3,26.34,13.67,3.65,S3,26.34,13.67,1.61,S3,9.689,0,S3,site_s3,S3,S3,S3
1786342315.236,c1,search,,0.0,31.1,20.71,6.55,S3,0,,0,4474.0,obs,883,31.1,20.71,10.98,S3,31.1,20.71,10.98,S3,31.1,20.71,6.55,S3,9.689,0,S3,site_s3,S3,S3,S3
1786342315.236,c1,recommend,,0.0,26.76,14.03,2.24,S3,0,,0,200.0,obs,1176,26.76,14.03,4.0,S3,26.76,14.03,4.0,S3,26.76,14.03,2.24,S3,9.689,0,S3,site_s3,S3,S3,S3
1786342315.236,c2,reserve,,0.0,26.34,13.67,1.61,S3,0,,0,36.0,obs,582,26.34,13.67,3.65,S3,26.34,13.67,3.65,S3,26.34,13.67,1.61,S3,9.689,0,S3,site_s3,S3,S3,S3
1786342315.236,c2,search,,0.0,31.1,20.71,6.55,S3,0,,0,4474.0,obs,883,31.1,20.71,10.98,S3,31.1,20.71,10.98,S3,31.1,20.71,6.55,S3,9.689,0,S3,site_s3,S3,S3,S3
1786342315.236,c2,recommend,,0.0,26.76,14.03,2.24,S3,0,,0,200.0,obs,1176,26.76,14.03,4.0,S3,26.76,14.03,4.0,S3,26.76,14.03,2.24,S3,9.689,0,S3,site_s3,S3,S3,S3
1786342316.236,c1,reserve,,0.0,26.34,13.67,1.59,S3,0,,0,36.0,obs,588,26.34,13.67,3.65,S3,26.34,13.67,3.65,S3,26.34,13.67,1.59,S3,9.618,0,S3,site_s3,S3,S3,S3
1786342316.236,c1,search,,0.0,31.1,20.71,6.42,S3,0,,0,4474.0,obs,878,31.1,20.71,10.98,S3,31.1,20.71,10.98,S3,31.1,20.71,6.42,S3,9.618,0,S3,site_s3,S3,S3,S3
1786342316.236,c1,recommend,,0.0,26.76,14.03,2.32,S3,0,,0,200.0,obs,1178,26.76,14.03,4.0,S3,26.76,14.03,4.0,S3,26.76,14.03,2.32,S3,9.618,0,S3,site_s3,S3,S3,S3
1786342316.236,c2,reserve,,0.0,26.34,13.67,1.59,S3,0,,0,36.0,obs,588,26.34,13.67,3.65,S3,26.34,13.67,3.65,S3,26.34,13.67,1.59,S3,9.618,0,S3,site_s3,S3,S3,S3
1786342316.236,c2,search,,0.0,31.1,20.71,6.42,S3,0,,0,4474.0,obs,878,31.1,20.71,10.98,S3,31.1,20.71,10.98,S3,31.1,20.71,6.42,S3,9.618,0,S3,site_s3,S3,S3,S3
1786342316.236,c2,recommend,,0.0,26.76,14.03,2.32,S3,0,,0,200.0,obs,1178,26.76,14.03,4.0,S3,26.76,14.03,4.0,S3,26.76,14.03,2.32,S3,9.618,0,S3,site_s3,S3,S3,S3
1786342317.236,c1,reserve,,0.0,26.34,13.67,1.34,S3,0,,0,36.0,obs,590,26.34,13.67,3.65,S3,26.34,13.67,3.65,S3,26.34,13.67,1.34,S3,9.752,0,S3,site_s3,S3,S3,S3
1786342317.236,c1,search,,0.0,31.1,20.71,5.8,S3,0,,0,4474.0,obs,881,31.1,20.71,10.98,S3,31.1,20.71,10.98,S3,31.1,20.71,5.8,S3,9.752,0,S3,site_s3,S3,S3,S3
1786342317.236,c1,recommend,,0.0,26.76,14.03,1.99,S3,0,,0,200.0,obs,1173,26.76,14.03,4.0,S3,26.76,14.03,4.0,S3,26.76,14.03,1.99,S3,9.752,0,S3,site_s3,S3,S3,S3
1786342317.236,c2,reserve,,0.0,26.34,13.67,1.34,S3,0,,0,36.0,obs,590,26.34,13.67,3.65,S3,26.34,13.67,3.65,S3,26.34,13.67,1.34,S3,9.752,0,S3,site_s3,S3,S3,S3
1786342317.236,c2,search,,0.0,31.1,20.71,5.8,S3,0,,0,4474.0,obs,881,31.1,20.71,10.98,S3,31.1,20.71,10.98,S3,31.1,20.71,5.8,S3,9.752,0,S3,site_s3,S3,S3,S3
1786342317.236,c2,recommend,,0.0,26.76,14.03,1.99,S3,0,,0,200.0,obs,1173,26.76,14.03,4.0,S3,26.76,14.03,4.0,S3,26.76,14.03,1.99,S3,9.752,0,S3,site_s3,S3,S3,S3
1786342318.236,c1,reserve,,0.0,26.34,13.67,1.59,S3,0,,0,36.0,obs,586,26.34,13.67,3.65,S3,26.34,13.67,3.65,S3,26.34,13.67,1.59,S3,9.383,0,S3,site_s3,S3,S3,S3
1786342318.236,c1,search,,0.0,31.1,20.71,6.11,S3,0,,0,4474.0,obs,880,31.1,20.71,10.98,S3,31.1,20.71,10.98,S3,31.1,20.71,6.11,S3,9.383,0,S3,site_s3,S3,S3,S3
1786342318.236,c1,recommend,,0.0,26.76,14.03,2.22,S3,0,,0,200.0,obs,1179,26.76,14.03,4.0,S3,26.76,14.03,4.0,S3,26.76,14.03,2.22,S3,9.383,0,S3,site_s3,S3,S3,S3
1786342318.236,c2,reserve,,0.0,26.34,13.67,1.59,S3,0,,0,36.0,obs,586,26.34,13.67,3.65,S3,26.34,13.67,3.65,S3,26.34,13.67,1.59,S3,9.383,0,S3,site_s3,S3,S3,S3
1786342318.236,c2,search,,0.0,31.1,20.71,6.11,S3,0,,0,4474.0,obs,880,31.1,20.71,10.98,S3,31.1,20.71,10.98,S3,31.1,20.71,6.11,S3,9.383,0,S3,site_s3,S3,S3,S3
1786342318.236,c2,recommend,,0.0,26.76,14.03,2.22,S3,0,,0,200.0,obs,1179,26.76,14.03,4.0,S3,26.76,14.03,4.0,S3,26.76,14.03,2.22,S3,9.383,0,S3,site_s3,S3,S3,S3
1786342319.236,c1,reserve,,0.0,26.34,13.67,1.91,S3,0,,0,36.0,obs,593,26.34,13.67,3.65,S3,26.34,13.67,3.65,S3,26.34,13.67,1.91,S3,9.521,0,S3,site_s3,S3,S3,S3
1786342319.236,c1,search,,0.0,31.1,20.71,6.96,S3,0,,0,4474.0,obs,880,31.1,20.71,10.98,S3,31.1,20.71,10.98,S3,31.1,20.71,6.96,S3,9.521,0,S3,site_s3,S3,S3,S3
1786342319.236,c1,recommend,,0.0,26.76,14.03,2.45,S3,0,,0,200.0,obs,1174,26.76,14.03,4.0,S3,26.76,14.03,4.0,S3,26.76,14.03,2.45,S3,9.521,0,S3,site_s3,S3,S3,S3
1786342319.236,c2,reserve,,0.0,26.34,13.67,1.91,S3,0,,0,36.0,obs,593,26.34,13.67,3.65,S3,26.34,13.67,3.65,S3,26.34,13.67,1.91,S3,9.521,0,S3,site_s3,S3,S3,S3
1786342319.236,c2,search,,0.0,31.1,20.71,6.96,S3,0,,0,4474.0,obs,880,31.1,20.71,10.98,S3,31.1,20.71,10.98,S3,31.1,20.71,6.96,S3,9.521,0,S3,site_s3,S3,S3,S3
1786342319.236,c2,recommend,,0.0,26.76,14.03,2.45,S3,0,,0,200.0,obs,1174,26.76,14.03,4.0,S3,26.76,14.03,4.0,S3,26.76,14.03,2.45,S3,9.521,0,S3,site_s3,S3,S3,S3
1786342320.236,c1,reserve,,0.0,26.34,13.67,1.82,S3,0,,0,36.0,obs,586,26.34,13.67,3.65,S3,26.34,13.67,3.65,S3,26.34,13.67,1.82,S3,10.009,0,S3,site_s3,S3,S3,S3
1786342320.236,c1,search,,0.0,31.1,20.71,6.98,S3,0,,0,4474.0,obs,882,31.1,20.71,10.98,S3,31.1,20.71,10.98,S3,31.1,20.71,6.98,S3,10.009,0,S3,site_s3,S3,S3,S3
1786342320.236,c1,recommend,,0.0,26.76,14.03,2.39,S3,0,,0,200.0,obs,1180,26.76,14.03,4.0,S3,26.76,14.03,4.0,S3,26.76,14.03,2.39,S3,10.009,0,S3,site_s3,S3,S3,S3
1786342320.236,c2,reserve,,0.0,26.34,13.67,1.82,S3,0,,0,36.0,obs,586,26.34,13.67,3.65,S3,26.34,13.67,3.65,S3,26.34,13.67,1.82,S3,10.009,0,S3,site_s3,S3,S3,S3
1786342320.236,c2,search,,0.0,31.1,20.71,6.98,S3,0,,0,4474.0,obs,882,31.1,20.71,10.98,S3,31.1,20.71,10.98,S3,31.1,20.71,6.98,S3,10.009,0,S3,site_s3,S3,S3,S3
1786342320.236,c2,recommend,,0.0,26.76,14.03,2.39,S3,0,,0,200.0,obs,1180,26.76,14.03,4.0,S3,26.76,14.03,4.0,S3,26.76,14.03,2.39,S3,10.009,0,S3,site_s3,S3,S3,S3
1786342321.236,c1,reserve,,0.0,26.34,13.67,1.23,S3,0,,0,36.0,obs,593,26.34,13.67,3.65,S3,26.34,13.67,3.65,S3,26.34,13.67,1.23,S3,9.696,0,S3,site_s3,S3,S3,S3
1786342321.236,c1,search,,0.0,31.1,20.71,5.5,S3,0,,0,4474.0,obs,880,31.1,20.71,10.98,S3,31.1,20.71,10.98,S3,31.1,20.71,5.5,S3,9.696,0,S3,site_s3,S3,S3,S3
1786342321.236,c1,recommend,,0.0,26.76,14.03,1.99,S3,0,,0,200.0,obs,1177,26.76,14.03,4.0,S3,26.76,14.03,4.0,S3,26.76,14.03,1.99,S3,9.696,0,S3,site_s3,S3,S3,S3
1786342321.236,c2,reserve,,0.0,26.34,13.67,1.23,S3,0,,0,36.0,obs,593,26.34,13.67,3.65,S3,26.34,13.67,3.65,S3,26.34,13.67,1.23,S3,9.696,0,S3,site_s3,S3,S3,S3
1786342321.236,c2,search,,0.0,31.1,20.71,5.5,S3,0,,0,4474.0,obs,880,31.1,20.71,10.98,S3,31.1,20.71,10.98,S3,31.1,20.71,5.5,S3,9.696,0,S3,site_s3,S3,S3,S3
1786342321.236,c2,recommend,,0.0,26.76,14.03,1.99,S3,0,,0,200.0,obs,1177,26.76,14.03,4.0,S3,26.76,14.03,4.0,S3,26.76,14.03,1.99,S3,9.696,0,S3,site_s3,S3,S3,S3
1786342322.237,c1,reserve,,0.0,26.34,13.67,1.05,S3,0,,0,36.0,obs,588,26.34,13.67,3.65,S3,26.34,13.67,3.65,S3,26.34,13.67,1.05,S3,10.819,0,S3,site_s3,S3,S3,S3
1786342322.237,c1,search,,0.0,31.1,20.71,5.56,S3,0,,0,4474.0,obs,886,31.1,20.71,10.98,S3,31.1,20.71,10.98,S3,31.1,20.71,5.56,S3,10.819,0,S3,site_s3,S3,S3,S3
1786342322.237,c1,recommend,,0.0,26.76,14.03,2.06,S3,0,,0,200.0,obs,1181,26.76,14.03,4.0,S3,26.76,14.03,4.0,S3,26.76,14.03,2.06,S3,10.819,0,S3,site_s3,S3,S3,S3
1786342322.237,c2,reserve,,0.0,26.34,13.67,1.05,S3,0,,0,36.0,obs,588,26.34,13.67,3.65,S3,26.34,13.67,3.65,S3,26.34,13.67,1.05,S3,10.819,0,S3,site_s3,S3,S3,S3
1786342322.237,c2,search,,0.0,31.1,20.71,5.56,S3,0,,0,4474.0,obs,886,31.1,20.71,10.98,S3,31.1,20.71,10.98,S3,31.1,20.71,5.56,S3,10.819,0,S3,site_s3,S3,S3,S3
1786342322.237,c2,recommend,,0.0,26.76,14.03,2.06,S3,0,,0,200.0,obs,1181,26.76,14.03,4.0,S3,26.76,14.03,4.0,S3,26.76,14.03,2.06,S3,10.819,0,S3,site_s3,S3,S3,S3
1786342323.236,c1,reserve,,0.0,26.34,13.67,1.59,S3,0,,0,36.0,obs,592,26.34,13.67,3.65,S3,26.34,13.67,3.65,S3,26.34,13.67,1.59,S3,10.04,0,S3,site_s3,S3,S3,S3
1786342323.236,c1,search,,0.0,31.1,20.71,6.79,S3,0,,0,4474.0,obs,880,31.1,20.71,10.98,S3,31.1,20.71,10.98,S3,31.1,20.71,6.79,S3,10.04,0,S3,site_s3,S3,S3,S3
1786342323.236,c1,recommend,,0.0,26.76,14.03,2.38,S3,0,,0,200.0,obs,1184,26.76,14.03,4.0,S3,26.76,14.03,4.0,S3,26.76,14.03,2.38,S3,10.04,0,S3,site_s3,S3,S3,S3
1786342323.236,c2,reserve,,0.0,26.34,13.67,1.59,S3,0,,0,36.0,obs,592,26.34,13.67,3.65,S3,26.34,13.67,3.65,S3,26.34,13.67,1.59,S3,10.04,0,S3,site_s3,S3,S3,S3
1786342323.236,c2,search,,0.0,31.1,20.71,6.79,S3,0,,0,4474.0,obs,880,31.1,20.71,10.98,S3,31.1,20.71,10.98,S3,31.1,20.71,6.79,S3,10.04,0,S3,site_s3,S3,S3,S3
1786342323.236,c2,recommend,,0.0,26.76,14.03,2.38,S3,0,,0,200.0,obs,1184,26.76,14.03,4.0,S3,26.76,14.03,4.0,S3,26.76,14.03,2.38,S3,10.04,0,S3,site_s3,S3,S3,S3
1786342324.236,c1,reserve,,0.0,26.34,13.67,1.48,S3,0,,0,36.0,obs,592,26.34,13.67,3.65,S3,26.34,13.67,3.65,S3,26.34,13.67,1.48,S3,9.533,0,S3,site_s3,S3,S3,S3
1786342324.236,c1,search,,0.0,31.1,20.71,5.58,S3,0,,0,4474.0,obs,886,31.1,20.71,10.98,S3,31.1,20.71,10.98,S3,31.1,20.71,5.58,S3,9.533,0,S3,site_s3,S3,S3,S3
1786342324.236,c1,recommend,,0.0,26.76,14.03,2.24,S3,0,,0,200.0,obs,1176,26.76,14.03,4.0,S3,26.76,14.03,4.0,S3,26.76,14.03,2.24,S3,9.533,0,S3,site_s3,S3,S3,S3
1786342324.236,c2,reserve,,0.0,26.34,13.67,1.48,S3,0,,0,36.0,obs,592,26.34,13.67,3.65,S3,26.34,13.67,3.65,S3,26.34,13.67,1.48,S3,9.533,0,S3,site_s3,S3,S3,S3
1786342324.236,c2,search,,0.0,31.1,20.71,5.58,S3,0,,0,4474.0,obs,886,31.1,20.71,10.98,S3,31.1,20.71,10.98,S3,31.1,20.71,5.58,S3,9.533,0,S3,site_s3,S3,S3,S3
1786342324.236,c2,recommend,,0.0,26.76,14.03,2.24,S3,0,,0,200.0,obs,1176,26.76,14.03,4.0,S3,26.76,14.03,4.0,S3,26.76,14.03,2.24,S3,9.533,0,S3,site_s3,S3,S3,S3
1786342325.236,c1,reserve,,0.0,26.34,13.67,1.82,S3,0,,0,36.0,obs,587,26.34,13.67,3.65,S3,26.34,13.67,3.65,S3,26.34,13.67,1.82,S3,9.659,0,S3,site_s3,S3,S3,S3
1786342325.236,c1,search,,0.0,31.1,20.71,6.63,S3,0,,0,4474.0,obs,884,31.1,20.71,10.98,S3,31.1,20.71,10.98,S3,31.1,20.71,6.63,S3,9.659,0,S3,site_s3,S3,S3,S3
1786342325.236,c1,recommend,,0.0,26.76,14.03,2.39,S3,0,,0,200.0,obs,1184,26.76,14.03,4.0,S3,26.76,14.03,4.0,S3,26.76,14.03,2.39,S3,9.659,0,S3,site_s3,S3,S3,S3
1786342325.236,c2,reserve,,0.0,26.34,13.67,1.82,S3,0,,0,36.0,obs,587,26.34,13.67,3.65,S3,26.34,13.67,3.65,S3,26.34,13.67,1.82,S3,9.659,0,S3,site_s3,S3,S3,S3
1786342325.236,c2,search,,0.0,31.1,20.71,6.63,S3,0,,0,4474.0,obs,884,31.1,20.71,10.98,S3,31.1,20.71,10.98,S3,31.1,20.71,6.63,S3,9.659,0,S3,site_s3,S3,S3,S3
1786342325.236,c2,recommend,,0.0,26.76,14.03,2.39,S3,0,,0,200.0,obs,1184,26.76,14.03,4.0,S3,26.76,14.03,4.0,S3,26.76,14.03,2.39,S3,9.659,0,S3,site_s3,S3,S3,S3
1786342326.236,c1,reserve,,0.0,26.34,13.67,1.74,S3,0,,0,36.0,obs,594,26.34,13.67,3.65,S3,26.34,13.67,3.65,S3,26.34,13.67,1.74,S3,9.997,0,S3,site_s3,S3,S3,S3
1786342326.236,c1,search,,0.0,31.1,20.71,6.96,S3,0,,0,4474.0,obs,884,31.1,20.71,10.98,S3,31.1,20.71,10.98,S3,31.1,20.71,6.96,S3,9.997,0,S3,site_s3,S3,S3,S3
1786342326.236,c1,recommend,,0.0,26.76,14.03,2.28,S3,0,,0,200.0,obs,1178,26.76,14.03,4.0,S3,26.76,14.03,4.0,S3,26.76,14.03,2.28,S3,9.997,0,S3,site_s3,S3,S3,S3
1786342326.236,c2,reserve,,0.0,26.34,13.67,1.74,S3,0,,0,36.0,obs,594,26.34,13.67,3.65,S3,26.34,13.67,3.65,S3,26.34,13.67,1.74,S3,9.997,0,S3,site_s3,S3,S3,S3
1786342326.236,c2,search,,0.0,31.1,20.71,6.96,S3,0,,0,4474.0,obs,884,31.1,20.71,10.98,S3,31.1,20.71,10.98,S3,31.1,20.71,6.96,S3,9.997,0,S3,site_s3,S3,S3,S3
1786342326.236,c2,recommend,,0.0,26.76,14.03,2.28,S3,0,,0,200.0,obs,1178,26.76,14.03,4.0,S3,26.76,14.03,4.0,S3,26.76,14.03,2.28,S3,9.997,0,S3,site_s3,S3,S3,S3
1786342327.236,c1,reserve,,0.0,26.34,13.67,1.53,S3,0,,0,36.0,obs,589,26.34,13.67,3.65,S3,26.34,13.67,3.65,S3,26.34,13.67,1.53,S3,9.474,0,S3,site_s3,S3,S3,S3
1786342327.236,c1,search,,0.0,31.1,20.71,6.21,S3,0,,0,4474.0,obs,886,31.1,20.71,10.98,S3,31.1,20.71,10.98,S3,31.1,20.71,6.21,S3,9.474,0,S3,site_s3,S3,S3,S3
1786342327.236,c1,recommend,,0.0,26.76,14.03,2.23,S3,0,,0,200.0,obs,1184,26.76,14.03,4.0,S3,26.76,14.03,4.0,S3,26.76,14.03,2.23,S3,9.474,0,S3,site_s3,S3,S3,S3
1786342327.236,c2,reserve,,0.0,26.34,13.67,1.53,S3,0,,0,36.0,obs,589,26.34,13.67,3.65,S3,26.34,13.67,3.65,S3,26.34,13.67,1.53,S3,9.474,0,S3,site_s3,S3,S3,S3
1786342327.236,c2,search,,0.0,31.1,20.71,6.21,S3,0,,0,4474.0,obs,886,31.1,20.71,10.98,S3,31.1,20.71,10.98,S3,31.1,20.71,6.21,S3,9.474,0,S3,site_s3,S3,S3,S3
1786342327.236,c2,recommend,,0.0,26.76,14.03,2.23,S3,0,,0,200.0,obs,1184,26.76,14.03,4.0,S3,26.76,14.03,4.0,S3,26.76,14.03,2.23,S3,9.474,0,S3,site_s3,S3,S3,S3
1786342328.236,c1,reserve,,0.0,26.34,13.67,1.53,S3,0,,0,36.0,obs,595,26.34,13.67,3.65,S3,26.34,13.67,3.65,S3,26.34,13.67,1.53,S3,9.578,0,S3,site_s3,S3,S3,S3
1786342328.236,c1,search,,0.0,31.1,20.71,5.89,S3,0,,0,4474.0,obs,884,31.1,20.71,10.98,S3,31.1,20.71,10.98,S3,31.1,20.71,5.89,S3,9.578,0,S3,site_s3,S3,S3,S3
1786342328.236,c1,recommend,,0.0,26.76,14.03,2.04,S3,0,,0,200.0,obs,1181,26.76,14.03,4.0,S3,26.76,14.03,4.0,S3,26.76,14.03,2.04,S3,9.578,0,S3,site_s3,S3,S3,S3
1786342328.236,c2,reserve,,0.0,26.34,13.67,1.53,S3,0,,0,36.0,obs,595,26.34,13.67,3.65,S3,26.34,13.67,3.65,S3,26.34,13.67,1.53,S3,9.578,0,S3,site_s3,S3,S3,S3
1786342328.236,c2,search,,0.0,31.1,20.71,5.89,S3,0,,0,4474.0,obs,884,31.1,20.71,10.98,S3,31.1,20.71,10.98,S3,31.1,20.71,5.89,S3,9.578,0,S3,site_s3,S3,S3,S3
1786342328.236,c2,recommend,,0.0,26.76,14.03,2.04,S3,0,,0,200.0,obs,1181,26.76,14.03,4.0,S3,26.76,14.03,4.0,S3,26.76,14.03,2.04,S3,9.578,0,S3,site_s3,S3,S3,S3
1786342329.236,c1,reserve,,0.0,26.34,13.67,1.54,S3,0,,0,36.0,obs,587,26.34,13.67,3.65,S3,26.34,13.67,3.65,S3,26.34,13.67,1.54,S3,9.746,0,S3,site_s3,S3,S3,S3
1786342329.236,c1,search,,0.0,31.1,20.71,6.61,S3,0,,0,4474.0,obs,887,31.1,20.71,10.98,S3,31.1,20.71,10.98,S3,31.1,20.71,6.61,S3,9.746,0,S3,site_s3,S3,S3,S3
1786342329.236,c1,recommend,,0.0,26.76,14.03,2.13,S3,0,,0,200.0,obs,1184,26.76,14.03,4.0,S3,26.76,14.03,4.0,S3,26.76,14.03,2.13,S3,9.746,0,S3,site_s3,S3,S3,S3
1786342329.236,c2,reserve,,0.0,26.34,13.67,1.54,S3,0,,0,36.0,obs,587,26.34,13.67,3.65,S3,26.34,13.67,3.65,S3,26.34,13.67,1.54,S3,9.746,0,S3,site_s3,S3,S3,S3
1786342329.236,c2,search,,0.0,31.1,20.71,6.61,S3,0,,0,4474.0,obs,887,31.1,20.71,10.98,S3,31.1,20.71,10.98,S3,31.1,20.71,6.61,S3,9.746,0,S3,site_s3,S3,S3,S3
1786342329.236,c2,recommend,,0.0,26.76,14.03,2.13,S3,0,,0,200.0,obs,1184,26.76,14.03,4.0,S3,26.76,14.03,4.0,S3,26.76,14.03,2.13,S3,9.746,0,S3,site_s3,S3,S3,S3
1786342330.236,c1,reserve,,0.0,26.34,13.67,1.98,S3,0,,0,36.0,obs,593,26.34,13.67,3.65,S3,26.34,13.67,3.65,S3,26.34,13.67,1.98,S3,9.927,0,S3,site_s3,S3,S3,S3
1786342330.236,c1,search,,0.0,31.1,20.71,6.89,S3,0,,0,4474.0,obs,884,31.1,20.71,10.98,S3,31.1,20.71,10.98,S3,31.1,20.71,6.89,S3,9.927,0,S3,site_s3,S3,S3,S3
1786342330.236,c1,recommend,,0.0,26.76,14.03,2.46,S3,0,,0,200.0,obs,1187,26.76,14.03,4.0,S3,26.76,14.03,4.0,S3,26.76,14.03,2.46,S3,9.927,0,S3,site_s3,S3,S3,S3
1786342330.236,c2,reserve,,0.0,26.34,13.67,1.98,S3,0,,0,36.0,obs,593,26.34,13.67,3.65,S3,26.34,13.67,3.65,S3,26.34,13.67,1.98,S3,9.927,0,S3,site_s3,S3,S3,S3
1786342330.236,c2,search,,0.0,31.1,20.71,6.89,S3,0,,0,4474.0,obs,884,31.1,20.71,10.98,S3,31.1,20.71,10.98,S3,31.1,20.71,6.89,S3,9.927,0,S3,site_s3,S3,S3,S3
1786342330.236,c2,recommend,,0.0,26.76,14.03,2.46,S3,0,,0,200.0,obs,1187,26.76,14.03,4.0,S3,26.76,14.03,4.0,S3,26.76,14.03,2.46,S3,9.927,0,S3,site_s3,S3,S3,S3
1786342331.236,c1,reserve,,0.0,26.34,13.67,1.7,S3,0,,0,36.0,obs,593,26.34,13.67,3.65,S3,26.34,13.67,3.65,S3,26.34,13.67,1.7,S3,10.09,0,S3,site_s3,S3,S3,S3
1786342331.236,c1,search,,0.0,31.1,20.71,6.73,S3,0,,0,4474.0,obs,890,31.1,20.71,10.98,S3,31.1,20.71,10.98,S3,31.1,20.71,6.73,S3,10.09,0,S3,site_s3,S3,S3,S3
1786342331.236,c1,recommend,,0.0,26.76,14.03,2.35,S3,0,,0,200.0,obs,1181,26.76,14.03,4.0,S3,26.76,14.03,4.0,S3,26.76,14.03,2.35,S3,10.09,0,S3,site_s3,S3,S3,S3
1786342331.236,c2,reserve,,0.0,26.34,13.67,1.7,S3,0,,0,36.0,obs,593,26.34,13.67,3.65,S3,26.34,13.67,3.65,S3,26.34,13.67,1.7,S3,10.09,0,S3,site_s3,S3,S3,S3
1786342331.236,c2,search,,0.0,31.1,20.71,6.73,S3,0,,0,4474.0,obs,890,31.1,20.71,10.98,S3,31.1,20.71,10.98,S3,31.1,20.71,6.73,S3,10.09,0,S3,site_s3,S3,S3,S3
1786342331.236,c2,recommend,,0.0,26.76,14.03,2.35,S3,0,,0,200.0,obs,1181,26.76,14.03,4.0,S3,26.76,14.03,4.0,S3,26.76,14.03,2.35,S3,10.09,0,S3,site_s3,S3,S3,S3
1786342332.236,c1,reserve,,0.0,26.34,13.67,1.52,S3,0,,0,36.0,obs,590,26.34,13.67,3.65,S3,26.34,13.67,3.65,S3,26.34,13.67,1.52,S3,9.804,0,S3,site_s3,S3,S3,S3
1786342332.236,c1,search,,0.0,31.1,20.71,6.14,S3,0,,0,4474.0,obs,887,31.1,20.71,10.98,S3,31.1,20.71,10.98,S3,31.1,20.71,6.14,S3,9.804,0,S3,site_s3,S3,S3,S3
1786342332.236,c1,recommend,,0.0,26.76,14.03,2.17,S3,0,,0,200.0,obs,1190,26.76,14.03,4.0,S3,26.76,14.03,4.0,S3,26.76,14.03,2.17,S3,9.804,0,S3,site_s3,S3,S3,S3
1786342332.236,c2,reserve,,0.0,26.34,13.67,1.52,S3,0,,0,36.0,obs,590,26.34,13.67,3.65,S3,26.34,13.67,3.65,S3,26.34,13.67,1.52,S3,9.804,0,S3,site_s3,S3,S3,S3
1786342332.236,c2,search,,0.0,31.1,20.71,6.14,S3,0,,0,4474.0,obs,887,31.1,20.71,10.98,S3,31.1,20.71,10.98,S3,31.1,20.71,6.14,S3,9.804,0,S3,site_s3,S3,S3,S3
1786342332.236,c2,recommend,,0.0,26.76,14.03,2.17,S3,0,,0,200.0,obs,1190,26.76,14.03,4.0,S3,26.76,14.03,4.0,S3,26.76,14.03,2.17,S3,9.804,0,S3,site_s3,S3,S3,S3
1786342333.236,c1,reserve,,0.0,26.34,13.67,1.68,S3,0,,0,36.0,obs,598,26.34,13.67,3.65,S3,26.34,13.67,3.65,S3,26.34,13.67,1.68,S3,9.65,0,S3,site_s3,S3,S3,S3
1786342333.236,c1,search,,0.0,31.1,20.71,6.27,S3,0,,0,4474.0,obs,887,31.1,20.71,10.98,S3,31.1,20.71,10.98,S3,31.1,20.71,6.27,S3,9.65,0,S3,site_s3,S3,S3,S3
1786342333.236,c1,recommend,,0.0,26.76,14.03,2.21,S3,0,,0,200.0,obs,1183,26.76,14.03,4.0,S3,26.76,14.03,4.0,S3,26.76,14.03,2.21,S3,9.65,0,S3,site_s3,S3,S3,S3
1786342333.236,c2,reserve,,0.0,26.34,13.67,1.68,S3,0,,0,36.0,obs,598,26.34,13.67,3.65,S3,26.34,13.67,3.65,S3,26.34,13.67,1.68,S3,9.65,0,S3,site_s3,S3,S3,S3
1786342333.236,c2,search,,0.0,31.1,20.71,6.27,S3,0,,0,4474.0,obs,887,31.1,20.71,10.98,S3,31.1,20.71,10.98,S3,31.1,20.71,6.27,S3,9.65,0,S3,site_s3,S3,S3,S3
1786342333.236,c2,recommend,,0.0,26.76,14.03,2.21,S3,0,,0,200.0,obs,1183,26.76,14.03,4.0,S3,26.76,14.03,4.0,S3,26.76,14.03,2.21,S3,9.65,0,S3,site_s3,S3,S3,S3
1786342334.236,c1,reserve,,0.0,26.34,13.67,1.82,S3,0,,0,36.0,obs,592,26.34,13.67,3.65,S3,26.34,13.67,3.65,S3,26.34,13.67,1.82,S3,9.636,0,S3,site_s3,S3,S3,S3
1786342334.236,c1,search,,0.0,31.1,20.71,6.44,S3,0,,0,4474.0,obs,888,31.1,20.71,10.98,S3,31.1,20.71,10.98,S3,31.1,20.71,6.44,S3,9.636,0,S3,site_s3,S3,S3,S3
1786342334.236,c1,recommend,,0.0,26.76,14.03,2.36,S3,0,,0,200.0,obs,1190,26.76,14.03,4.0,S3,26.76,14.03,4.0,S3,26.76,14.03,2.36,S3,9.636,0,S3,site_s3,S3,S3,S3
1786342334.236,c2,reserve,,0.0,26.34,13.67,1.82,S3,0,,0,36.0,obs,592,26.34,13.67,3.65,S3,26.34,13.67,3.65,S3,26.34,13.67,1.82,S3,9.636,0,S3,site_s3,S3,S3,S3
1786342334.236,c2,search,,0.0,31.1,20.71,6.44,S3,0,,0,4474.0,obs,888,31.1,20.71,10.98,S3,31.1,20.71,10.98,S3,31.1,20.71,6.44,S3,9.636,0,S3,site_s3,S3,S3,S3
1786342334.236,c2,recommend,,0.0,26.76,14.03,2.36,S3,0,,0,200.0,obs,1190,26.76,14.03,4.0,S3,26.76,14.03,4.0,S3,26.76,14.03,2.36,S3,9.636,0,S3,site_s3,S3,S3,S3
1786342335.236,c1,reserve,,0.0,26.34,13.67,1.77,S3,0,,0,36.0,obs,598,26.34,13.67,3.65,S3,26.34,13.67,3.65,S3,26.34,13.67,1.77,S3,10.061,0,S3,site_s3,S3,S3,S3
1786342335.236,c1,search,,0.0,31.1,20.71,6.28,S3,0,,0,4474.0,obs,886,31.1,20.71,10.98,S3,31.1,20.71,10.98,S3,31.1,20.71,6.28,S3,10.061,0,S3,site_s3,S3,S3,S3
1786342335.236,c1,recommend,,0.0,26.76,14.03,2.23,S3,0,,0,200.0,obs,1186,26.76,14.03,4.0,S3,26.76,14.03,4.0,S3,26.76,14.03,2.23,S3,10.061,0,S3,site_s3,S3,S3,S3
1786342335.236,c2,reserve,,0.0,26.34,13.67,1.77,S3,0,,0,36.0,obs,598,26.34,13.67,3.65,S3,26.34,13.67,3.65,S3,26.34,13.67,1.77,S3,10.061,0,S3,site_s3,S3,S3,S3
1786342335.236,c2,search,,0.0,31.1,20.71,6.28,S3,0,,0,4474.0,obs,886,31.1,20.71,10.98,S3,31.1,20.71,10.98,S3,31.1,20.71,6.28,S3,10.061,0,S3,site_s3,S3,S3,S3
1786342335.236,c2,recommend,,0.0,26.76,14.03,2.23,S3,0,,0,200.0,obs,1186,26.76,14.03,4.0,S3,26.76,14.03,4.0,S3,26.76,14.03,2.23,S3,10.061,0,S3,site_s3,S3,S3,S3
1786342336.236,c1,reserve,,0.0,26.34,13.67,1.63,S3,0,,0,36.0,obs,592,26.34,13.67,3.65,S3,26.34,13.67,3.65,S3,26.34,13.67,1.63,S3,10.046,0,S3,site_s3,S3,S3,S3
1786342336.236,c1,search,,0.0,31.1,20.71,6.47,S3,0,,0,4474.0,obs,891,31.1,20.71,10.98,S3,31.1,20.71,10.98,S3,31.1,20.71,6.47,S3,10.046,0,S3,site_s3,S3,S3,S3
1786342336.236,c1,recommend,,0.0,26.76,14.03,2.3,S3,0,,0,200.0,obs,1189,26.76,14.03,4.0,S3,26.76,14.03,4.0,S3,26.76,14.03,2.3,S3,10.046,0,S3,site_s3,S3,S3,S3
1786342336.236,c2,reserve,,0.0,26.34,13.67,1.63,S3,0,,0,36.0,obs,592,26.34,13.67,3.65,S3,26.34,13.67,3.65,S3,26.34,13.67,1.63,S3,10.046,0,S3,site_s3,S3,S3,S3
1786342336.236,c2,search,,0.0,31.1,20.71,6.47,S3,0,,0,4474.0,obs,891,31.1,20.71,10.98,S3,31.1,20.71,10.98,S3,31.1,20.71,6.47,S3,10.046,0,S3,site_s3,S3,S3,S3
1786342336.236,c2,recommend,,0.0,26.76,14.03,2.3,S3,0,,0,200.0,obs,1189,26.76,14.03,4.0,S3,26.76,14.03,4.0,S3,26.76,14.03,2.3,S3,10.046,0,S3,site_s3,S3,S3,S3
1786342337.236,c1,reserve,,0.0,26.34,13.67,1.51,S3,0,,0,36.0,obs,596,26.34,13.67,3.65,S3,26.34,13.67,3.65,S3,26.34,13.67,1.51,S3,9.686,0,S3,site_s3,S3,S3,S3
1786342337.236,c1,search,,0.0,31.1,20.71,6.48,S3,0,,0,4474.0,obs,887,31.1,20.71,10.98,S3,31.1,20.71,10.98,S3,31.1,20.71,6.48,S3,9.686,0,S3,site_s3,S3,S3,S3
1786342337.236,c1,recommend,,0.0,26.76,14.03,1.94,S3,0,,0,200.0,obs,1190,26.76,14.03,4.0,S3,26.76,14.03,4.0,S3,26.76,14.03,1.94,S3,9.686,0,S3,site_s3,S3,S3,S3
1786342337.236,c2,reserve,,0.0,26.34,13.67,1.51,S3,0,,0,36.0,obs,596,26.34,13.67,3.65,S3,26.34,13.67,3.65,S3,26.34,13.67,1.51,S3,9.686,0,S3,site_s3,S3,S3,S3
1786342337.236,c2,search,,0.0,31.1,20.71,6.48,S3,0,,0,4474.0,obs,887,31.1,20.71,10.98,S3,31.1,20.71,10.98,S3,31.1,20.71,6.48,S3,9.686,0,S3,site_s3,S3,S3,S3
1786342337.236,c2,recommend,,0.0,26.76,14.03,1.94,S3,0,,0,200.0,obs,1190,26.76,14.03,4.0,S3,26.76,14.03,4.0,S3,26.76,14.03,1.94,S3,9.686,0,S3,site_s3,S3,S3,S3
1786342338.236,c1,reserve,,0.0,26.34,13.67,1.83,S3,0,,0,36.0,obs,594,26.34,13.67,3.65,S3,26.34,13.67,3.65,S3,26.34,13.67,1.83,S3,9.941,0,S3,site_s3,S3,S3,S3
1786342338.236,c1,search,,0.0,31.1,20.71,6.77,S3,0,,0,4474.0,obs,892,31.1,20.71,10.98,S3,31.1,20.71,10.98,S3,31.1,20.71,6.77,S3,9.941,0,S3,site_s3,S3,S3,S3
1786342338.236,c1,recommend,,0.0,26.76,14.03,2.14,S3,0,,0,200.0,obs,1190,26.76,14.03,4.0,S3,26.76,14.03,4.0,S3,26.76,14.03,2.14,S3,9.941,0,S3,site_s3,S3,S3,S3
1786342338.236,c2,reserve,,0.0,26.34,13.67,1.83,S3,0,,0,36.0,obs,594,26.34,13.67,3.65,S3,26.34,13.67,3.65,S3,26.34,13.67,1.83,S3,9.941,0,S3,site_s3,S3,S3,S3
1786342338.236,c2,search,,0.0,31.1,20.71,6.77,S3,0,,0,4474.0,obs,892,31.1,20.71,10.98,S3,31.1,20.71,10.98,S3,31.1,20.71,6.77,S3,9.941,0,S3,site_s3,S3,S3,S3
1786342338.236,c2,recommend,,0.0,26.76,14.03,2.14,S3,0,,0,200.0,obs,1190,26.76,14.03,4.0,S3,26.76,14.03,4.0,S3,26.76,14.03,2.14,S3,9.941,0,S3,site_s3,S3,S3,S3
1786342339.236,c1,reserve,,0.0,26.34,13.67,2.08,S3,0,,0,36.0,obs,594,26.34,13.67,3.65,S3,26.34,13.67,3.65,S3,26.34,13.67,2.08,S3,10.046,0,S3,site_s3,S3,S3,S3
1786342339.236,c1,search,,0.0,31.1,20.71,7.28,S3,0,,0,4474.0,obs,889,31.1,20.71,10.98,S3,31.1,20.71,10.98,S3,31.1,20.71,7.28,S3,10.046,0,S3,site_s3,S3,S3,S3
1786342339.236,c1,recommend,,0.0,26.76,14.03,2.46,S3,0,,0,200.0,obs,1195,26.76,14.03,4.0,S3,26.76,14.03,4.0,S3,26.76,14.03,2.46,S3,10.046,0,S3,site_s3,S3,S3,S3
1786342339.236,c2,reserve,,0.0,26.34,13.67,2.08,S3,0,,0,36.0,obs,594,26.34,13.67,3.65,S3,26.34,13.67,3.65,S3,26.34,13.67,2.08,S3,10.046,0,S3,site_s3,S3,S3,S3
1786342339.236,c2,search,,0.0,31.1,20.71,7.28,S3,0,,0,4474.0,obs,889,31.1,20.71,10.98,S3,31.1,20.71,10.98,S3,31.1,20.71,7.28,S3,10.046,0,S3,site_s3,S3,S3,S3
1786342339.236,c2,recommend,,0.0,26.76,14.03,2.46,S3,0,,0,200.0,obs,1195,26.76,14.03,4.0,S3,26.76,14.03,4.0,S3,26.76,14.03,2.46,S3,10.046,0,S3,site_s3,S3,S3,S3
1786342340.236,c1,reserve,,0.0,26.34,13.67,1.98,S3,0,,0,36.0,obs,600,26.34,13.67,3.65,S3,26.34,13.67,3.65,S3,26.34,13.67,1.98,S3,9.652,0,S3,site_s3,S3,S3,S3
1786342340.236,c1,search,,0.0,31.1,20.71,7.05,S3,0,,0,4474.0,obs,891,31.1,20.71,10.98,S3,31.1,20.71,10.98,S3,31.1,20.71,7.05,S3,9.652,0,S3,site_s3,S3,S3,S3
1786342340.236,c1,recommend,,0.0,26.76,14.03,2.32,S3,0,,0,200.0,obs,1188,26.76,14.03,4.0,S3,26.76,14.03,4.0,S3,26.76,14.03,2.32,S3,9.652,0,S3,site_s3,S3,S3,S3
1786342340.236,c2,reserve,,0.0,26.34,13.67,1.98,S3,0,,0,36.0,obs,600,26.34,13.67,3.65,S3,26.34,13.67,3.65,S3,26.34,13.67,1.98,S3,9.652,0,S3,site_s3,S3,S3,S3
1786342340.236,c2,search,,0.0,31.1,20.71,7.05,S3,0,,0,4474.0,obs,891,31.1,20.71,10.98,S3,31.1,20.71,10.98,S3,31.1,20.71,7.05,S3,9.652,0,S3,site_s3,S3,S3,S3
1786342340.236,c2,recommend,,0.0,26.76,14.03,2.32,S3,0,,0,200.0,obs,1188,26.76,14.03,4.0,S3,26.76,14.03,4.0,S3,26.76,14.03,2.32,S3,9.652,0,S3,site_s3,S3,S3,S3
1786342341.236,c1,reserve,,0.0,26.34,13.67,1.82,S3,0,,0,36.0,obs,594,26.34,13.67,3.65,S3,26.34,13.67,3.65,S3,26.34,13.67,1.82,S3,9.697,0,S3,site_s3,S3,S3,S3
1786342341.236,c1,search,,0.0,31.1,20.71,6.48,S3,0,,0,4474.0,obs,892,31.1,20.71,10.98,S3,31.1,20.71,10.98,S3,31.1,20.71,6.48,S3,9.697,0,S3,site_s3,S3,S3,S3
1786342341.236,c1,recommend,,0.0,26.76,14.03,2.33,S3,0,,0,200.0,obs,1194,26.76,14.03,4.0,S3,26.76,14.03,4.0,S3,26.76,14.03,2.33,S3,9.697,0,S3,site_s3,S3,S3,S3
1786342341.236,c2,reserve,,0.0,26.34,13.67,1.82,S3,0,,0,36.0,obs,594,26.34,13.67,3.65,S3,26.34,13.67,3.65,S3,26.34,13.67,1.82,S3,9.697,0,S3,site_s3,S3,S3,S3
1786342341.236,c2,search,,0.0,31.1,20.71,6.48,S3,0,,0,4474.0,obs,892,31.1,20.71,10.98,S3,31.1,20.71,10.98,S3,31.1,20.71,6.48,S3,9.697,0,S3,site_s3,S3,S3,S3
1786342341.236,c2,recommend,,0.0,26.76,14.03,2.33,S3,0,,0,200.0,obs,1194,26.76,14.03,4.0,S3,26.76,14.03,4.0,S3,26.76,14.03,2.33,S3,9.697,0,S3,site_s3,S3,S3,S3
1786342342.236,c1,reserve,,0.0,26.34,13.67,1.91,S3,0,,0,36.0,obs,600,26.34,13.67,3.65,S3,26.34,13.67,3.65,S3,26.34,13.67,1.91,S3,9.504,0,S3,site_s3,S3,S3,S3
1786342342.236,c1,search,,0.0,31.1,20.71,6.25,S3,0,,0,4474.0,obs,890,31.1,20.71,10.98,S3,31.1,20.71,10.98,S3,31.1,20.71,6.25,S3,9.504,0,S3,site_s3,S3,S3,S3
1786342342.236,c1,recommend,,0.0,26.76,14.03,2.3,S3,0,,0,200.0,obs,1190,26.76,14.03,4.0,S3,26.76,14.03,4.0,S3,26.76,14.03,2.3,S3,9.504,0,S3,site_s3,S3,S3,S3
1786342342.236,c2,reserve,,0.0,26.34,13.67,1.91,S3,0,,0,36.0,obs,600,26.34,13.67,3.65,S3,26.34,13.67,3.65,S3,26.34,13.67,1.91,S3,9.504,0,S3,site_s3,S3,S3,S3
1786342342.236,c2,search,,0.0,31.1,20.71,6.25,S3,0,,0,4474.0,obs,890,31.1,20.71,10.98,S3,31.1,20.71,10.98,S3,31.1,20.71,6.25,S3,9.504,0,S3,site_s3,S3,S3,S3
1786342342.236,c2,recommend,,0.0,26.76,14.03,2.3,S3,0,,0,200.0,obs,1190,26.76,14.03,4.0,S3,26.76,14.03,4.0,S3,26.76,14.03,2.3,S3,9.504,0,S3,site_s3,S3,S3,S3
1786342343.236,c1,reserve,,0.0,26.34,13.67,1.82,S3,0,,0,36.0,obs,594,26.34,13.67,3.65,S3,26.34,13.67,3.65,S3,26.34,13.67,1.82,S3,9.657,0,S3,site_s3,S3,S3,S3
1786342343.236,c1,search,,0.0,31.1,20.71,6.68,S3,0,,0,4474.0,obs,894,31.1,20.71,10.98,S3,31.1,20.71,10.98,S3,31.1,20.71,6.68,S3,9.657,0,S3,site_s3,S3,S3,S3
1786342343.236,c1,recommend,,0.0,26.76,14.03,2.15,S3,0,,0,200.0,obs,1193,26.76,14.03,4.0,S3,26.76,14.03,4.0,S3,26.76,14.03,2.15,S3,9.657,0,S3,site_s3,S3,S3,S3
1786342343.236,c2,reserve,,0.0,26.34,13.67,1.82,S3,0,,0,36.0,obs,594,26.34,13.67,3.65,S3,26.34,13.67,3.65,S3,26.34,13.67,1.82,S3,9.657,0,S3,site_s3,S3,S3,S3
1786342343.236,c2,search,,0.0,31.1,20.71,6.68,S3,0,,0,4474.0,obs,894,31.1,20.71,10.98,S3,31.1,20.71,10.98,S3,31.1,20.71,6.68,S3,9.657,0,S3,site_s3,S3,S3,S3
1786342343.236,c2,recommend,,0.0,26.76,14.03,2.15,S3,0,,0,200.0,obs,1193,26.76,14.03,4.0,S3,26.76,14.03,4.0,S3,26.76,14.03,2.15,S3,9.657,0,S3,site_s3,S3,S3,S3
1786342344.236,c1,reserve,,0.0,26.34,13.67,1.19,S3,0,,0,36.0,obs,598,26.34,13.67,3.65,S3,26.34,13.67,3.65,S3,26.34,13.67,1.19,S3,9.572,0,S3,site_s3,S3,S3,S3
1786342344.236,c1,search,,0.0,31.1,20.71,5.74,S3,0,,0,4474.0,obs,890,31.1,20.71,10.98,S3,31.1,20.71,10.98,S3,31.1,20.71,5.74,S3,9.572,0,S3,site_s3,S3,S3,S3
1786342344.236,c1,recommend,,0.0,26.76,14.03,1.69,S3,0,,0,200.0,obs,1193,26.76,14.03,4.0,S3,26.76,14.03,4.0,S3,26.76,14.03,1.69,S3,9.572,0,S3,site_s3,S3,S3,S3
1786342344.236,c2,reserve,,0.0,26.34,13.67,1.19,S3,0,,0,36.0,obs,598,26.34,13.67,3.65,S3,26.34,13.67,3.65,S3,26.34,13.67,1.19,S3,9.572,0,S3,site_s3,S3,S3,S3
1786342344.236,c2,search,,0.0,31.1,20.71,5.74,S3,0,,0,4474.0,obs,890,31.1,20.71,10.98,S3,31.1,20.71,10.98,S3,31.1,20.71,5.74,S3,9.572,0,S3,site_s3,S3,S3,S3
1786342344.236,c2,recommend,,0.0,26.76,14.03,1.69,S3,0,,0,200.0,obs,1193,26.76,14.03,4.0,S3,26.76,14.03,4.0,S3,26.76,14.03,1.69,S3,9.572,0,S3,site_s3,S3,S3,S3
1786342345.236,c1,reserve,,0.0,26.34,13.67,1.11,S3,0,,0,36.0,obs,596,26.34,13.67,3.65,S3,26.34,13.67,3.65,S3,26.34,13.67,1.11,S3,9.82,0,S3,site_s3,S3,S3,S3
1786342345.236,c1,search,,0.0,31.1,20.71,5.46,S3,0,,0,4474.0,obs,894,31.1,20.71,10.98,S3,31.1,20.71,10.98,S3,31.1,20.71,5.46,S3,9.82,0,S3,site_s3,S3,S3,S3
1786342345.236,c1,recommend,,0.0,26.76,14.03,1.97,S3,0,,0,200.0,obs,1193,26.76,14.03,4.0,S3,26.76,14.03,4.0,S3,26.76,14.03,1.97,S3,9.82,0,S3,site_s3,S3,S3,S3
1786342345.236,c2,reserve,,0.0,26.34,13.67,1.11,S3,0,,0,36.0,obs,596,26.34,13.67,3.65,S3,26.34,13.67,3.65,S3,26.34,13.67,1.11,S3,9.82,0,S3,site_s3,S3,S3,S3
1786342345.236,c2,search,,0.0,31.1,20.71,5.46,S3,0,,0,4474.0,obs,894,31.1,20.71,10.98,S3,31.1,20.71,10.98,S3,31.1,20.71,5.46,S3,9.82,0,S3,site_s3,S3,S3,S3
1786342345.236,c2,recommend,,0.0,26.76,14.03,1.97,S3,0,,0,200.0,obs,1193,26.76,14.03,4.0,S3,26.76,14.03,4.0,S3,26.76,14.03,1.97,S3,9.82,0,S3,site_s3,S3,S3,S3
1786342346.236,c1,reserve,,0.0,26.34,13.67,1.68,S3,0,,0,36.0,obs,596,26.34,13.67,3.65,S3,26.34,13.67,3.65,S3,26.34,13.67,1.68,S3,9.954,0,S3,site_s3,S3,S3,S3
1786342346.236,c1,search,,0.0,31.1,20.71,6.58,S3,0,,0,4474.0,obs,891,31.1,20.71,10.98,S3,31.1,20.71,10.98,S3,31.1,20.71,6.58,S3,9.954,0,S3,site_s3,S3,S3,S3
1786342346.236,c1,recommend,,0.0,26.76,14.03,2.37,S3,0,,0,200.0,obs,1198,26.76,14.03,4.0,S3,26.76,14.03,4.0,S3,26.76,14.03,2.37,S3,9.954,0,S3,site_s3,S3,S3,S3
1786342346.236,c2,reserve,,0.0,26.34,13.67,1.68,S3,0,,0,36.0,obs,596,26.34,13.67,3.65,S3,26.34,13.67,3.65,S3,26.34,13.67,1.68,S3,9.954,0,S3,site_s3,S3,S3,S3
1786342346.236,c2,search,,0.0,31.1,20.71,6.58,S3,0,,0,4474.0,obs,891,31.1,20.71,10.98,S3,31.1,20.71,10.98,S3,31.1,20.71,6.58,S3,9.954,0,S3,site_s3,S3,S3,S3
1786342346.236,c2,recommend,,0.0,26.76,14.03,2.37,S3,0,,0,200.0,obs,1198,26.76,14.03,4.0,S3,26.76,14.03,4.0,S3,26.76,14.03,2.37,S3,9.954,0,S3,site_s3,S3,S3,S3
1786342347.236,c1,reserve,,0.0,26.34,13.67,1.24,S3,0,,0,36.0,obs,599,26.34,13.67,3.65,S3,26.34,13.67,3.65,S3,26.34,13.67,1.24,S3,9.963,0,S3,site_s3,S3,S3,S3
1786342347.236,c1,search,,0.0,31.1,20.71,5.7,S3,0,,0,4474.0,obs,898,31.1,20.71,10.98,S3,31.1,20.71,10.98,S3,31.1,20.71,5.7,S3,9.963,0,S3,site_s3,S3,S3,S3
1786342347.236,c1,recommend,,0.0,26.76,14.03,1.95,S3,0,,0,200.0,obs,1193,26.76,14.03,4.0,S3,26.76,14.03,4.0,S3,26.76,14.03,1.95,S3,9.963,0,S3,site_s3,S3,S3,S3
1786342347.236,c2,reserve,,0.0,26.34,13.67,1.24,S3,0,,0,36.0,obs,599,26.34,13.67,3.65,S3,26.34,13.67,3.65,S3,26.34,13.67,1.24,S3,9.963,0,S3,site_s3,S3,S3,S3
1786342347.236,c2,search,,0.0,31.1,20.71,5.7,S3,0,,0,4474.0,obs,898,31.1,20.71,10.98,S3,31.1,20.71,10.98,S3,31.1,20.71,5.7,S3,9.963,0,S3,site_s3,S3,S3,S3
1786342347.236,c2,recommend,,0.0,26.76,14.03,1.95,S3,0,,0,200.0,obs,1193,26.76,14.03,4.0,S3,26.76,14.03,4.0,S3,26.76,14.03,1.95,S3,9.963,0,S3,site_s3,S3,S3,S3
1786342348.236,c1,reserve,,0.0,26.34,13.67,1.39,S3,0,,0,36.0,obs,596,26.34,13.67,3.65,S3,26.34,13.67,3.65,S3,26.34,13.67,1.39,S3,9.744,0,S3,site_s3,S3,S3,S3
1786342348.236,c1,search,,0.0,31.1,20.71,5.94,S3,0,,0,4474.0,obs,896,31.1,20.71,10.98,S3,31.1,20.71,10.98,S3,31.1,20.71,5.94,S3,9.744,0,S3,site_s3,S3,S3,S3
1786342348.236,c1,recommend,,0.0,26.76,14.03,1.85,S3,0,,0,200.0,obs,1200,26.76,14.03,4.0,S3,26.76,14.03,4.0,S3,26.76,14.03,1.85,S3,9.744,0,S3,site_s3,S3,S3,S3
1786342348.236,c2,reserve,,0.0,26.34,13.67,1.39,S3,0,,0,36.0,obs,596,26.34,13.67,3.65,S3,26.34,13.67,3.65,S3,26.34,13.67,1.39,S3,9.744,0,S3,site_s3,S3,S3,S3
1786342348.236,c2,search,,0.0,31.1,20.71,5.94,S3,0,,0,4474.0,obs,896,31.1,20.71,10.98,S3,31.1,20.71,10.98,S3,31.1,20.71,5.94,S3,9.744,0,S3,site_s3,S3,S3,S3
1786342348.236,c2,recommend,,0.0,26.76,14.03,1.85,S3,0,,0,200.0,obs,1200,26.76,14.03,4.0,S3,26.76,14.03,4.0,S3,26.76,14.03,1.85,S3,9.744,0,S3,site_s3,S3,S3,S3
1786342349.236,c1,reserve,,0.0,26.34,13.67,1.86,S3,0,,0,36.0,obs,602,26.34,13.67,3.65,S3,26.34,13.67,3.65,S3,26.34,13.67,1.86,S3,9.882,0,S3,site_s3,S3,S3,S3
1786342349.236,c1,search,,0.0,31.1,20.71,6.85,S3,0,,0,4474.0,obs,893,31.1,20.71,10.98,S3,31.1,20.71,10.98,S3,31.1,20.71,6.85,S3,9.882,0,S3,site_s3,S3,S3,S3
1786342349.236,c1,recommend,,0.0,26.76,14.03,2.4,S3,0,,0,200.0,obs,1196,26.76,14.03,4.0,S3,26.76,14.03,4.0,S3,26.76,14.03,2.4,S3,9.882,0,S3,site_s3,S3,S3,S3
1786342349.236,c2,reserve,,0.0,26.34,13.67,1.86,S3,0,,0,36.0,obs,602,26.34,13.67,3.65,S3,26.34,13.67,3.65,S3,26.34,13.67,1.86,S3,9.882,0,S3,site_s3,S3,S3,S3
1786342349.236,c2,search,,0.0,31.1,20.71,6.85,S3,0,,0,4474.0,obs,893,31.1,20.71,10.98,S3,31.1,20.71,10.98,S3,31.1,20.71,6.85,S3,9.882,0,S3,site_s3,S3,S3,S3
1786342349.236,c2,recommend,,0.0,26.76,14.03,2.4,S3,0,,0,200.0,obs,1196,26.76,14.03,4.0,S3,26.76,14.03,4.0,S3,26.76,14.03,2.4,S3,9.882,0,S3,site_s3,S3,S3,S3
1786342350.236,c1,reserve,,0.0,26.34,13.67,1.77,S3,0,,0,36.0,obs,596,26.34,13.67,3.65,S3,26.34,13.67,3.65,S3,26.34,13.67,1.77,S3,9.656,0,S3,site_s3,S3,S3,S3
1786342350.236,c1,search,,0.0,31.1,20.71,6.59,S3,0,,0,4474.0,obs,898,31.1,20.71,10.98,S3,31.1,20.71,10.98,S3,31.1,20.71,6.59,S3,9.656,0,S3,site_s3,S3,S3,S3
1786342350.236,c1,recommend,,0.0,26.76,14.03,2.4,S3,0,,0,200.0,obs,1198,26.76,14.03,4.0,S3,26.76,14.03,4.0,S3,26.76,14.03,2.4,S3,9.656,0,S3,site_s3,S3,S3,S3
1786342350.236,c2,reserve,,0.0,26.34,13.67,1.77,S3,0,,0,36.0,obs,596,26.34,13.67,3.65,S3,26.34,13.67,3.65,S3,26.34,13.67,1.77,S3,9.656,0,S3,site_s3,S3,S3,S3
1786342350.236,c2,search,,0.0,31.1,20.71,6.59,S3,0,,0,4474.0,obs,898,31.1,20.71,10.98,S3,31.1,20.71,10.98,S3,31.1,20.71,6.59,S3,9.656,0,S3,site_s3,S3,S3,S3
1786342350.236,c2,recommend,,0.0,26.76,14.03,2.4,S3,0,,0,200.0,obs,1198,26.76,14.03,4.0,S3,26.76,14.03,4.0,S3,26.76,14.03,2.4,S3,9.656,0,S3,site_s3,S3,S3,S3
1786342351.236,c1,reserve,,0.0,26.34,13.67,1.84,S3,0,,0,36.0,obs,600,26.34,13.67,3.65,S3,26.34,13.67,3.65,S3,26.34,13.67,1.84,S3,9.365,0,S3,site_s3,S3,S3,S3
1786342351.236,c1,search,,0.0,31.1,20.71,7.24,S3,0,,0,4474.0,obs,894,31.1,20.71,10.98,S3,31.1,20.71,10.98,S3,31.1,20.71,7.24,S3,9.365,0,S3,site_s3,S3,S3,S3
1786342351.236,c1,recommend,,0.0,26.76,14.03,2.38,S3,0,,0,200.0,obs,1201,26.76,14.03,4.0,S3,26.76,14.03,4.0,S3,26.76,14.03,2.38,S3,9.365,0,S3,site_s3,S3,S3,S3
1786342351.236,c2,reserve,,0.0,26.34,13.67,1.84,S3,0,,0,36.0,obs,600,26.34,13.67,3.65,S3,26.34,13.67,3.65,S3,26.34,13.67,1.84,S3,9.365,0,S3,site_s3,S3,S3,S3
1786342351.236,c2,search,,0.0,31.1,20.71,7.24,S3,0,,0,4474.0,obs,894,31.1,20.71,10.98,S3,31.1,20.71,10.98,S3,31.1,20.71,7.24,S3,9.365,0,S3,site_s3,S3,S3,S3
1786342351.236,c2,recommend,,0.0,26.76,14.03,2.38,S3,0,,0,200.0,obs,1201,26.76,14.03,4.0,S3,26.76,14.03,4.0,S3,26.76,14.03,2.38,S3,9.365,0,S3,site_s3,S3,S3,S3
1786342352.236,c1,reserve,,0.0,26.34,13.67,1.91,S3,0,,0,36.0,obs,598,26.34,13.67,3.65,S3,26.34,13.67,3.65,S3,26.34,13.67,1.91,S3,9.412,0,S3,site_s3,S3,S3,S3
1786342352.236,c1,search,,0.0,31.1,20.71,7.14,S3,0,,0,4474.0,obs,898,31.1,20.71,10.98,S3,31.1,20.71,10.98,S3,31.1,20.71,7.14,S3,9.412,0,S3,site_s3,S3,S3,S3
1786342352.236,c1,recommend,,0.0,26.76,14.03,2.38,S3,0,,0,200.0,obs,1199,26.76,14.03,4.0,S3,26.76,14.03,4.0,S3,26.76,14.03,2.38,S3,9.412,0,S3,site_s3,S3,S3,S3
1786342352.236,c2,reserve,,0.0,26.34,13.67,1.91,S3,0,,0,36.0,obs,598,26.34,13.67,3.65,S3,26.34,13.67,3.65,S3,26.34,13.67,1.91,S3,9.412,0,S3,site_s3,S3,S3,S3
1786342352.236,c2,search,,0.0,31.1,20.71,7.14,S3,0,,0,4474.0,obs,898,31.1,20.71,10.98,S3,31.1,20.71,10.98,S3,31.1,20.71,7.14,S3,9.412,0,S3,site_s3,S3,S3,S3
1786342352.236,c2,recommend,,0.0,26.76,14.03,2.38,S3,0,,0,200.0,obs,1199,26.76,14.03,4.0,S3,26.76,14.03,4.0,S3,26.76,14.03,2.38,S3,9.412,0,S3,site_s3,S3,S3,S3
1786342353.236,c1,reserve,,0.0,26.34,13.67,1.81,S3,0,,0,36.0,obs,598,26.34,13.67,3.65,S3,26.34,13.67,3.65,S3,26.34,13.67,1.81,S3,9.792,0,S3,site_s3,S3,S3,S3
1786342353.236,c1,search,,0.0,31.1,20.71,6.77,S3,0,,0,4474.0,obs,894,31.1,20.71,10.98,S3,31.1,20.71,10.98,S3,31.1,20.71,6.77,S3,9.792,0,S3,site_s3,S3,S3,S3
1786342353.236,c1,recommend,,0.0,26.76,14.03,2.29,S3,0,,0,200.0,obs,1204,26.76,14.03,4.0,S3,26.76,14.03,4.0,S3,26.76,14.03,2.29,S3,9.792,0,S3,site_s3,S3,S3,S3
1786342353.236,c2,reserve,,0.0,26.34,13.67,1.81,S3,0,,0,36.0,obs,598,26.34,13.67,3.65,S3,26.34,13.67,3.65,S3,26.34,13.67,1.81,S3,9.792,0,S3,site_s3,S3,S3,S3
1786342353.236,c2,search,,0.0,31.1,20.71,6.77,S3,0,,0,4474.0,obs,894,31.1,20.71,10.98,S3,31.1,20.71,10.98,S3,31.1,20.71,6.77,S3,9.792,0,S3,site_s3,S3,S3,S3
1786342353.236,c2,recommend,,0.0,26.76,14.03,2.29,S3,0,,0,200.0,obs,1204,26.76,14.03,4.0,S3,26.76,14.03,4.0,S3,26.76,14.03,2.29,S3,9.792,0,S3,site_s3,S3,S3,S3
1786342354.236,c1,reserve,,0.0,26.34,13.67,1.8,S3,0,,0,36.0,obs,602,26.34,13.67,3.65,S3,26.34,13.67,3.65,S3,26.34,13.67,1.8,S3,9.532,0,S3,site_s3,S3,S3,S3
1786342354.236,c1,search,,0.0,31.1,20.71,6.55,S3,0,,0,4474.0,obs,900,31.1,20.71,10.98,S3,31.1,20.71,10.98,S3,31.1,20.71,6.55,S3,9.532,0,S3,site_s3,S3,S3,S3
1786342354.236,c1,recommend,,0.0,26.76,14.03,2.14,S3,0,,0,200.0,obs,1198,26.76,14.03,4.0,S3,26.76,14.03,4.0,S3,26.76,14.03,2.14,S3,9.532,0,S3,site_s3,S3,S3,S3
1786342354.236,c2,reserve,,0.0,26.34,13.67,1.8,S3,0,,0,36.0,obs,602,26.34,13.67,3.65,S3,26.34,13.67,3.65,S3,26.34,13.67,1.8,S3,9.532,0,S3,site_s3,S3,S3,S3
1786342354.236,c2,search,,0.0,31.1,20.71,6.55,S3,0,,0,4474.0,obs,900,31.1,20.71,10.98,S3,31.1,20.71,10.98,S3,31.1,20.71,6.55,S3,9.532,0,S3,site_s3,S3,S3,S3
1786342354.236,c2,recommend,,0.0,26.76,14.03,2.14,S3,0,,0,200.0,obs,1198,26.76,14.03,4.0,S3,26.76,14.03,4.0,S3,26.76,14.03,2.14,S3,9.532,0,S3,site_s3,S3,S3,S3
1786342355.236,c1,reserve,,0.0,26.34,13.67,1.76,S3,0,,0,36.0,obs,598,26.34,13.67,3.65,S3,26.34,13.67,3.65,S3,26.34,13.67,1.76,S3,10.171,0,S3,site_s3,S3,S3,S3
1786342355.236,c1,search,,0.0,31.1,20.71,6.73,S3,0,,0,4474.0,obs,900,31.1,20.71,10.98,S3,31.1,20.71,10.98,S3,31.1,20.71,6.73,S3,10.171,0,S3,site_s3,S3,S3,S3
1786342355.236,c1,recommend,,0.0,26.76,14.03,2.37,S3,0,,0,200.0,obs,1204,26.76,14.03,4.0,S3,26.76,14.03,4.0,S3,26.76,14.03,2.37,S3,10.171,0,S3,site_s3,S3,S3,S3
1786342355.236,c2,reserve,,0.0,26.34,13.67,1.76,S3,0,,0,36.0,obs,598,26.34,13.67,3.65,S3,26.34,13.67,3.65,S3,26.34,13.67,1.76,S3,10.171,0,S3,site_s3,S3,S3,S3
1786342355.236,c2,search,,0.0,31.1,20.71,6.73,S3,0,,0,4474.0,obs,900,31.1,20.71,10.98,S3,31.1,20.71,10.98,S3,31.1,20.71,6.73,S3,10.171,0,S3,site_s3,S3,S3,S3
1786342355.236,c2,recommend,,0.0,26.76,14.03,2.37,S3,0,,0,200.0,obs,1204,26.76,14.03,4.0,S3,26.76,14.03,4.0,S3,26.76,14.03,2.37,S3,10.171,0,S3,site_s3,S3,S3,S3
1786342356.236,c1,reserve,,0.0,26.34,13.67,1.75,S3,0,,0,36.0,obs,604,26.34,13.67,3.65,S3,26.34,13.67,3.65,S3,26.34,13.67,1.75,S3,9.792,0,S3,site_s3,S3,S3,S3
1786342356.236,c1,search,,0.0,31.1,20.71,6.78,S3,0,,0,4474.0,obs,900,31.1,20.71,10.98,S3,31.1,20.71,10.98,S3,31.1,20.71,6.78,S3,9.792,0,S3,site_s3,S3,S3,S3
1786342356.236,c1,recommend,,0.0,26.76,14.03,2.38,S3,0,,0,200.0,obs,1200,26.76,14.03,4.0,S3,26.76,14.03,4.0,S3,26.76,14.03,2.38,S3,9.792,0,S3,site_s3,S3,S3,S3
1786342356.236,c2,reserve,,0.0,26.34,13.67,1.75,S3,0,,0,36.0,obs,604,26.34,13.67,3.65,S3,26.34,13.67,3.65,S3,26.34,13.67,1.75,S3,9.792,0,S3,site_s3,S3,S3,S3
1786342356.236,c2,search,,0.0,31.1,20.71,6.78,S3,0,,0,4474.0,obs,900,31.1,20.71,10.98,S3,31.1,20.71,10.98,S3,31.1,20.71,6.78,S3,9.792,0,S3,site_s3,S3,S3,S3
1786342356.236,c2,recommend,,0.0,26.76,14.03,2.38,S3,0,,0,200.0,obs,1200,26.76,14.03,4.0,S3,26.76,14.03,4.0,S3,26.76,14.03,2.38,S3,9.792,0,S3,site_s3,S3,S3,S3
1786342357.236,c1,reserve,,0.0,26.34,13.67,1.54,S3,0,,0,36.0,obs,599,26.34,13.67,3.65,S3,26.34,13.67,3.65,S3,26.34,13.67,1.54,S3,9.783,0,S3,site_s3,S3,S3,S3
1786342357.236,c1,search,,0.0,31.1,20.71,5.69,S3,0,,0,4474.0,obs,902,31.1,20.71,10.98,S3,31.1,20.71,10.98,S3,31.1,20.71,5.69,S3,9.783,0,S3,site_s3,S3,S3,S3
1786342357.236,c1,recommend,,0.0,26.76,14.03,2.03,S3,0,,0,200.0,obs,1204,26.76,14.03,4.0,S3,26.76,14.03,4.0,S3,26.76,14.03,2.03,S3,9.783,0,S3,site_s3,S3,S3,S3
1786342357.236,c2,reserve,,0.0,26.34,13.67,1.54,S3,0,,0,36.0,obs,599,26.34,13.67,3.65,S3,26.34,13.67,3.65,S3,26.34,13.67,1.54,S3,9.783,0,S3,site_s3,S3,S3,S3
1786342357.236,c2,search,,0.0,31.1,20.71,5.69,S3,0,,0,4474.0,obs,902,31.1,20.71,10.98,S3,31.1,20.71,10.98,S3,31.1,20.71,5.69,S3,9.783,0,S3,site_s3,S3,S3,S3
1786342357.236,c2,recommend,,0.0,26.76,14.03,2.03,S3,0,,0,200.0,obs,1204,26.76,14.03,4.0,S3,26.76,14.03,4.0,S3,26.76,14.03,2.03,S3,9.783,0,S3,site_s3,S3,S3,S3
1786342358.236,c1,reserve,,0.0,26.34,13.67,1.6,S3,0,,0,36.0,obs,604,26.34,13.67,3.65,S3,26.34,13.67,3.65,S3,26.34,13.67,1.6,S3,9.615,0,S3,site_s3,S3,S3,S3
1786342358.236,c1,search,,0.0,31.1,20.71,5.96,S3,0,,0,4474.0,obs,899,31.1,20.71,10.98,S3,31.1,20.71,10.98,S3,31.1,20.71,5.96,S3,9.615,0,S3,site_s3,S3,S3,S3
1786342358.236,c1,recommend,,0.0,26.76,14.03,2.25,S3,0,,0,200.0,obs,1204,26.76,14.03,4.0,S3,26.76,14.03,4.0,S3,26.76,14.03,2.25,S3,9.615,0,S3,site_s3,S3,S3,S3
1786342358.236,c2,reserve,,0.0,26.34,13.67,1.6,S3,0,,0,36.0,obs,604,26.34,13.67,3.65,S3,26.34,13.67,3.65,S3,26.34,13.67,1.6,S3,9.615,0,S3,site_s3,S3,S3,S3
1786342358.236,c2,search,,0.0,31.1,20.71,5.96,S3,0,,0,4474.0,obs,899,31.1,20.71,10.98,S3,31.1,20.71,10.98,S3,31.1,20.71,5.96,S3,9.615,0,S3,site_s3,S3,S3,S3
1786342358.236,c2,recommend,,0.0,26.76,14.03,2.25,S3,0,,0,200.0,obs,1204,26.76,14.03,4.0,S3,26.76,14.03,4.0,S3,26.76,14.03,2.25,S3,9.615,0,S3,site_s3,S3,S3,S3
1786342359.237,c1,reserve,,0.0,26.34,13.67,1.73,S3,0,,0,36.0,obs,600,26.34,13.67,3.65,S3,26.34,13.67,3.65,S3,26.34,13.67,1.73,S3,10.463,0,S3,site_s3,S3,S3,S3
1786342359.237,c1,search,,0.0,31.1,20.71,6.64,S3,0,,0,4474.0,obs,904,31.1,20.71,10.98,S3,31.1,20.71,10.98,S3,31.1,20.71,6.64,S3,10.463,0,S3,site_s3,S3,S3,S3
1786342359.237,c1,recommend,,0.0,26.76,14.03,2.42,S3,0,,0,200.0,obs,1204,26.76,14.03,4.0,S3,26.76,14.03,4.0,S3,26.76,14.03,2.42,S3,10.463,0,S3,site_s3,S3,S3,S3
1786342359.237,c2,reserve,,0.0,26.34,13.67,1.73,S3,0,,0,36.0,obs,600,26.34,13.67,3.65,S3,26.34,13.67,3.65,S3,26.34,13.67,1.73,S3,10.463,0,S3,site_s3,S3,S3,S3
1786342359.237,c2,search,,0.0,31.1,20.71,6.64,S3,0,,0,4474.0,obs,904,31.1,20.71,10.98,S3,31.1,20.71,10.98,S3,31.1,20.71,6.64,S3,10.463,0,S3,site_s3,S3,S3,S3
1786342359.237,c2,recommend,,0.0,26.76,14.03,2.42,S3,0,,0,200.0,obs,1204,26.76,14.03,4.0,S3,26.76,14.03,4.0,S3,26.76,14.03,2.42,S3,10.463,0,S3,site_s3,S3,S3,S3
1786342360.236,c1,reserve,,0.0,26.34,13.67,1.7,S3,0,,0,36.0,obs,600,26.34,13.67,3.65,S3,26.34,13.67,3.65,S3,26.34,13.67,1.7,S3,9.51,0,S3,site_s3,S3,S3,S3
1786342360.236,c1,search,,0.0,31.1,20.71,6.49,S3,0,,0,4474.0,obs,899,31.1,20.71,10.98,S3,31.1,20.71,10.98,S3,31.1,20.71,6.49,S3,9.51,0,S3,site_s3,S3,S3,S3
1786342360.236,c1,recommend,,0.0,26.76,14.03,2.24,S3,0,,0,200.0,obs,1207,26.76,14.03,4.0,S3,26.76,14.03,4.0,S3,26.76,14.03,2.24,S3,9.51,0,S3,site_s3,S3,S3,S3
1786342360.236,c2,reserve,,0.0,26.34,13.67,1.7,S3,0,,0,36.0,obs,600,26.34,13.67,3.65,S3,26.34,13.67,3.65,S3,26.34,13.67,1.7,S3,9.51,0,S3,site_s3,S3,S3,S3
1786342360.236,c2,search,,0.0,31.1,20.71,6.49,S3,0,,0,4474.0,obs,899,31.1,20.71,10.98,S3,31.1,20.71,10.98,S3,31.1,20.71,6.49,S3,9.51,0,S3,site_s3,S3,S3,S3
1786342360.236,c2,recommend,,0.0,26.76,14.03,2.24,S3,0,,0,200.0,obs,1207,26.76,14.03,4.0,S3,26.76,14.03,4.0,S3,26.76,14.03,2.24,S3,9.51,0,S3,site_s3,S3,S3,S3
1786342361.236,c1,reserve,,0.0,26.34,13.67,1.65,S3,0,,0,36.0,obs,604,26.34,13.67,3.65,S3,26.34,13.67,3.65,S3,26.34,13.67,1.65,S3,9.806,0,S3,site_s3,S3,S3,S3
1786342361.236,c1,search,,0.0,31.1,20.71,6.6,S3,0,,0,4474.0,obs,905,31.1,20.71,10.98,S3,31.1,20.71,10.98,S3,31.1,20.71,6.6,S3,9.806,0,S3,site_s3,S3,S3,S3
1786342361.236,c1,recommend,,0.0,26.76,14.03,2.46,S3,0,,0,200.0,obs,1202,26.76,14.03,4.0,S3,26.76,14.03,4.0,S3,26.76,14.03,2.46,S3,9.806,0,S3,site_s3,S3,S3,S3
1786342361.236,c2,reserve,,0.0,26.34,13.67,1.65,S3,0,,0,36.0,obs,604,26.34,13.67,3.65,S3,26.34,13.67,3.65,S3,26.34,13.67,1.65,S3,9.806,0,S3,site_s3,S3,S3,S3
1786342361.236,c2,search,,0.0,31.1,20.71,6.6,S3,0,,0,4474.0,obs,905,31.1,20.71,10.98,S3,31.1,20.71,10.98,S3,31.1,20.71,6.6,S3,9.806,0,S3,site_s3,S3,S3,S3
1786342361.236,c2,recommend,,0.0,26.76,14.03,2.46,S3,0,,0,200.0,obs,1202,26.76,14.03,4.0,S3,26.76,14.03,4.0,S3,26.76,14.03,2.46,S3,9.806,0,S3,site_s3,S3,S3,S3
1786342362.236,c1,reserve,,0.0,26.34,13.67,1.88,S3,0,,0,36.0,obs,599,26.34,13.67,3.65,S3,26.34,13.67,3.65,S3,26.34,13.67,1.88,S3,9.664,0,S3,site_s3,S3,S3,S3
1786342362.236,c1,search,,0.0,31.1,20.71,6.5,S3,0,,0,4474.0,obs,903,31.1,20.71,10.98,S3,31.1,20.71,10.98,S3,31.1,20.71,6.5,S3,9.664,0,S3,site_s3,S3,S3,S3
1786342362.236,c1,recommend,,0.0,26.76,14.03,2.51,S3,0,,0,200.0,obs,1209,26.76,14.03,4.0,S3,26.76,14.03,4.0,S3,26.76,14.03,2.51,S3,9.664,0,S3,site_s3,S3,S3,S3
1786342362.236,c2,reserve,,0.0,26.34,13.67,1.88,S3,0,,0,36.0,obs,599,26.34,13.67,3.65,S3,26.34,13.67,3.65,S3,26.34,13.67,1.88,S3,9.664,0,S3,site_s3,S3,S3,S3
1786342362.236,c2,search,,0.0,31.1,20.71,6.5,S3,0,,0,4474.0,obs,903,31.1,20.71,10.98,S3,31.1,20.71,10.98,S3,31.1,20.71,6.5,S3,9.664,0,S3,site_s3,S3,S3,S3
1786342362.236,c2,recommend,,0.0,26.76,14.03,2.51,S3,0,,0,200.0,obs,1209,26.76,14.03,4.0,S3,26.76,14.03,4.0,S3,26.76,14.03,2.51,S3,9.664,0,S3,site_s3,S3,S3,S3
1786342363.236,c1,reserve,,0.0,26.34,13.67,1.86,S3,0,,0,36.0,obs,606,26.34,13.67,3.65,S3,26.34,13.67,3.65,S3,26.34,13.67,1.86,S3,9.539,0,S3,site_s3,S3,S3,S3
1786342363.236,c1,search,,0.0,31.1,20.71,6.48,S3,0,,0,4474.0,obs,903,31.1,20.71,10.98,S3,31.1,20.71,10.98,S3,31.1,20.71,6.48,S3,9.539,0,S3,site_s3,S3,S3,S3
1786342363.236,c1,recommend,,0.0,26.76,14.03,2.37,S3,0,,0,200.0,obs,1203,26.76,14.03,4.0,S3,26.76,14.03,4.0,S3,26.76,14.03,2.37,S3,9.539,0,S3,site_s3,S3,S3,S3
1786342363.236,c2,reserve,,0.0,26.34,13.67,1.86,S3,0,,0,36.0,obs,606,26.34,13.67,3.65,S3,26.34,13.67,3.65,S3,26.34,13.67,1.86,S3,9.539,0,S3,site_s3,S3,S3,S3
1786342363.236,c2,search,,0.0,31.1,20.71,6.48,S3,0,,0,4474.0,obs,903,31.1,20.71,10.98,S3,31.1,20.71,10.98,S3,31.1,20.71,6.48,S3,9.539,0,S3,site_s3,S3,S3,S3
1786342363.236,c2,recommend,,0.0,26.76,14.03,2.37,S3,0,,0,200.0,obs,1203,26.76,14.03,4.0,S3,26.76,14.03,4.0,S3,26.76,14.03,2.37,S3,9.539,0,S3,site_s3,S3,S3,S3
1786342364.236,c1,reserve,,0.0,26.34,13.67,1.37,S3,0,,0,36.0,obs,601,26.34,13.67,3.65,S3,26.34,13.67,3.65,S3,26.34,13.67,1.37,S3,9.683,0,S3,site_s3,S3,S3,S3
1786342364.236,c1,search,,0.0,31.1,20.71,6.61,S3,0,,0,4474.0,obs,905,31.1,20.71,10.98,S3,31.1,20.71,10.98,S3,31.1,20.71,6.61,S3,9.683,0,S3,site_s3,S3,S3,S3
1786342364.236,c1,recommend,,0.0,26.76,14.03,2.36,S3,0,,0,200.0,obs,1210,26.76,14.03,4.0,S3,26.76,14.03,4.0,S3,26.76,14.03,2.36,S3,9.683,0,S3,site_s3,S3,S3,S3
1786342364.236,c2,reserve,,0.0,26.34,13.67,1.37,S3,0,,0,36.0,obs,601,26.34,13.67,3.65,S3,26.34,13.67,3.65,S3,26.34,13.67,1.37,S3,9.683,0,S3,site_s3,S3,S3,S3
1786342364.236,c2,search,,0.0,31.1,20.71,6.61,S3,0,,0,4474.0,obs,905,31.1,20.71,10.98,S3,31.1,20.71,10.98,S3,31.1,20.71,6.61,S3,9.683,0,S3,site_s3,S3,S3,S3
1786342364.236,c2,recommend,,0.0,26.76,14.03,2.36,S3,0,,0,200.0,obs,1210,26.76,14.03,4.0,S3,26.76,14.03,4.0,S3,26.76,14.03,2.36,S3,9.683,0,S3,site_s3,S3,S3,S3
1786342365.236,c1,reserve,,0.0,26.34,13.67,1.62,S3,0,,0,36.0,obs,606,26.34,13.67,3.65,S3,26.34,13.67,3.65,S3,26.34,13.67,1.62,S3,9.93,0,S3,site_s3,S3,S3,S3
1786342365.236,c1,search,,0.0,31.1,20.71,6.61,S3,0,,0,4474.0,obs,901,31.1,20.71,10.98,S3,31.1,20.71,10.98,S3,31.1,20.71,6.61,S3,9.93,0,S3,site_s3,S3,S3,S3
1786342365.236,c1,recommend,,0.0,26.76,14.03,2.38,S3,0,,0,200.0,obs,1209,26.76,14.03,4.0,S3,26.76,14.03,4.0,S3,26.76,14.03,2.38,S3,9.93,0,S3,site_s3,S3,S3,S3
1786342365.236,c2,reserve,,0.0,26.34,13.67,1.62,S3,0,,0,36.0,obs,606,26.34,13.67,3.65,S3,26.34,13.67,3.65,S3,26.34,13.67,1.62,S3,9.93,0,S3,site_s3,S3,S3,S3
1786342365.236,c2,search,,0.0,31.1,20.71,6.61,S3,0,,0,4474.0,obs,901,31.1,20.71,10.98,S3,31.1,20.71,10.98,S3,31.1,20.71,6.61,S3,9.93,0,S3,site_s3,S3,S3,S3
1786342365.236,c2,recommend,,0.0,26.76,14.03,2.38,S3,0,,0,200.0,obs,1209,26.76,14.03,4.0,S3,26.76,14.03,4.0,S3,26.76,14.03,2.38,S3,9.93,0,S3,site_s3,S3,S3,S3
1786342366.236,c1,reserve,,0.0,26.34,13.67,0.88,S3,0,,0,36.0,obs,604,26.34,13.67,3.65,S3,26.34,13.67,3.65,S3,26.34,13.67,0.88,S3,9.633,0,S3,site_s3,S3,S3,S3
1786342366.236,c1,search,,0.0,31.1,20.71,4.7,S3,0,,0,4474.0,obs,907,31.1,20.71,10.98,S3,31.1,20.71,10.98,S3,31.1,20.71,4.7,S3,9.633,0,S3,site_s3,S3,S3,S3
1786342366.236,c1,recommend,,0.0,26.76,14.03,1.84,S3,0,,0,200.0,obs,1209,26.76,14.03,4.0,S3,26.76,14.03,4.0,S3,26.76,14.03,1.84,S3,9.633,0,S3,site_s3,S3,S3,S3
1786342366.236,c2,reserve,,0.0,26.34,13.67,0.88,S3,0,,0,36.0,obs,604,26.34,13.67,3.65,S3,26.34,13.67,3.65,S3,26.34,13.67,0.88,S3,9.633,0,S3,site_s3,S3,S3,S3
1786342366.236,c2,search,,0.0,31.1,20.71,4.7,S3,0,,0,4474.0,obs,907,31.1,20.71,10.98,S3,31.1,20.71,10.98,S3,31.1,20.71,4.7,S3,9.633,0,S3,site_s3,S3,S3,S3
1786342366.236,c2,recommend,,0.0,26.76,14.03,1.84,S3,0,,0,200.0,obs,1209,26.76,14.03,4.0,S3,26.76,14.03,4.0,S3,26.76,14.03,1.84,S3,9.633,0,S3,site_s3,S3,S3,S3
1786342367.236,c1,reserve,,0.0,26.34,13.67,0.31,S3,0,,0,36.0,obs,604,26.34,13.67,3.65,S3,26.34,13.67,3.65,S3,26.34,13.67,0.31,S3,9.98,0,S3,site_s3,S3,S3,S3
1786342367.236,c1,search,,0.0,31.1,20.71,3.09,S3,0,,0,4474.0,obs,906,31.1,20.71,10.98,S3,31.1,20.71,10.98,S3,31.1,20.71,3.09,S3,9.98,0,S3,site_s3,S3,S3,S3
1786342367.236,c1,recommend,,0.0,26.76,14.03,1.65,S3,0,,0,200.0,obs,1211,26.76,14.03,4.0,S3,26.76,14.03,4.0,S3,26.76,14.03,1.65,S3,9.98,0,S3,site_s3,S3,S3,S3
1786342367.236,c2,reserve,,0.0,26.34,13.67,0.31,S3,0,,0,36.0,obs,604,26.34,13.67,3.65,S3,26.34,13.67,3.65,S3,26.34,13.67,0.31,S3,9.98,0,S3,site_s3,S3,S3,S3
1786342367.236,c2,search,,0.0,31.1,20.71,3.09,S3,0,,0,4474.0,obs,906,31.1,20.71,10.98,S3,31.1,20.71,10.98,S3,31.1,20.71,3.09,S3,9.98,0,S3,site_s3,S3,S3,S3
1786342367.236,c2,recommend,,0.0,26.76,14.03,1.65,S3,0,,0,200.0,obs,1211,26.76,14.03,4.0,S3,26.76,14.03,4.0,S3,26.76,14.03,1.65,S3,9.98,0,S3,site_s3,S3,S3,S3
1786342368.236,c1,reserve,,0.0,26.34,13.67,1.22,S3,0,,0,36.0,obs,604,26.34,13.67,3.65,S3,26.34,13.67,3.65,S3,26.34,13.67,1.22,S3,9.67,0,S3,site_s3,S3,S3,S3
1786342368.236,c1,search,,0.0,31.1,20.71,5.87,S3,0,,0,4474.0,obs,910,31.1,20.71,10.98,S3,31.1,20.71,10.98,S3,31.1,20.71,5.87,S3,9.67,0,S3,site_s3,S3,S3,S3
1786342368.236,c1,recommend,,0.0,26.76,14.03,2.24,S3,0,,0,200.0,obs,1211,26.76,14.03,4.0,S3,26.76,14.03,4.0,S3,26.76,14.03,2.24,S3,9.67,0,S3,site_s3,S3,S3,S3
1786342368.236,c2,reserve,,0.0,26.34,13.67,1.22,S3,0,,0,36.0,obs,604,26.34,13.67,3.65,S3,26.34,13.67,3.65,S3,26.34,13.67,1.22,S3,9.67,0,S3,site_s3,S3,S3,S3
1786342368.236,c2,search,,0.0,31.1,20.71,5.87,S3,0,,0,4474.0,obs,910,31.1,20.71,10.98,S3,31.1,20.71,10.98,S3,31.1,20.71,5.87,S3,9.67,0,S3,site_s3,S3,S3,S3
1786342368.236,c2,recommend,,0.0,26.76,14.03,2.24,S3,0,,0,200.0,obs,1211,26.76,14.03,4.0,S3,26.76,14.03,4.0,S3,26.76,14.03,2.24,S3,9.67,0,S3,site_s3,S3,S3,S3
1786342369.236,c1,reserve,,0.0,26.34,13.67,1.61,S3,0,,0,36.0,obs,603,26.34,13.67,3.65,S3,26.34,13.67,3.65,S3,26.34,13.67,1.61,S3,9.655,0,S3,site_s3,S3,S3,S3
1786342369.236,c1,search,,0.0,31.1,20.71,6.45,S3,0,,0,4474.0,obs,906,31.1,20.71,10.98,S3,31.1,20.71,10.98,S3,31.1,20.71,6.45,S3,9.655,0,S3,site_s3,S3,S3,S3
1786342369.236,c1,recommend,,0.0,26.76,14.03,2.39,S3,0,,0,200.0,obs,1215,26.76,14.03,4.0,S3,26.76,14.03,4.0,S3,26.76,14.03,2.39,S3,9.655,0,S3,site_s3,S3,S3,S3
1786342369.236,c2,reserve,,0.0,26.34,13.67,1.61,S3,0,,0,36.0,obs,603,26.34,13.67,3.65,S3,26.34,13.67,3.65,S3,26.34,13.67,1.61,S3,9.655,0,S3,site_s3,S3,S3,S3
1786342369.236,c2,search,,0.0,31.1,20.71,6.45,S3,0,,0,4474.0,obs,906,31.1,20.71,10.98,S3,31.1,20.71,10.98,S3,31.1,20.71,6.45,S3,9.655,0,S3,site_s3,S3,S3,S3
1786342369.236,c2,recommend,,0.0,26.76,14.03,2.39,S3,0,,0,200.0,obs,1215,26.76,14.03,4.0,S3,26.76,14.03,4.0,S3,26.76,14.03,2.39,S3,9.655,0,S3,site_s3,S3,S3,S3
1786342370.236,c1,reserve,,0.0,26.34,13.67,1.68,S3,0,,0,36.0,obs,610,26.34,13.67,3.65,S3,26.34,13.67,3.65,S3,26.34,13.67,1.68,S3,9.578,0,S3,site_s3,S3,S3,S3
1786342370.236,c1,search,,0.0,31.1,20.71,6.63,S3,0,,0,4474.0,obs,907,31.1,20.71,10.98,S3,31.1,20.71,10.98,S3,31.1,20.71,6.63,S3,9.578,0,S3,site_s3,S3,S3,S3
1786342370.236,c1,recommend,,0.0,26.76,14.03,2.48,S3,0,,0,200.0,obs,1209,26.76,14.03,4.0,S3,26.76,14.03,4.0,S3,26.76,14.03,2.48,S3,9.578,0,S3,site_s3,S3,S3,S3
1786342370.236,c2,reserve,,0.0,26.34,13.67,1.68,S3,0,,0,36.0,obs,610,26.34,13.67,3.65,S3,26.34,13.67,3.65,S3,26.34,13.67,1.68,S3,9.578,0,S3,site_s3,S3,S3,S3
1786342370.236,c2,search,,0.0,31.1,20.71,6.63,S3,0,,0,4474.0,obs,907,31.1,20.71,10.98,S3,31.1,20.71,10.98,S3,31.1,20.71,6.63,S3,9.578,0,S3,site_s3,S3,S3,S3
1786342370.236,c2,recommend,,0.0,26.76,14.03,2.48,S3,0,,0,200.0,obs,1209,26.76,14.03,4.0,S3,26.76,14.03,4.0,S3,26.76,14.03,2.48,S3,9.578,0,S3,site_s3,S3,S3,S3
1786342371.236,c1,reserve,,0.0,26.34,13.67,1.75,S3,0,,0,36.0,obs,604,26.34,13.67,3.65,S3,26.34,13.67,3.65,S3,26.34,13.67,1.75,S3,9.615,0,S3,site_s3,S3,S3,S3
1786342371.236,c1,search,,0.0,31.1,20.71,6.62,S3,0,,0,4474.0,obs,908,31.1,20.71,10.98,S3,31.1,20.71,10.98,S3,31.1,20.71,6.62,S3,9.615,0,S3,site_s3,S3,S3,S3
1786342371.236,c1,recommend,,0.0,26.76,14.03,2.54,S3,0,,0,200.0,obs,1215,26.76,14.03,4.0,S3,26.76,14.03,4.0,S3,26.76,14.03,2.54,S3,9.615,0,S3,site_s3,S3,S3,S3
1786342371.236,c2,reserve,,0.0,26.34,13.67,1.75,S3,0,,0,36.0,obs,604,26.34,13.67,3.65,S3,26.34,13.67,3.65,S3,26.34,13.67,1.75,S3,9.615,0,S3,site_s3,S3,S3,S3
1786342371.236,c2,search,,0.0,31.1,20.71,6.62,S3,0,,0,4474.0,obs,908,31.1,20.71,10.98,S3,31.1,20.71,10.98,S3,31.1,20.71,6.62,S3,9.615,0,S3,site_s3,S3,S3,S3
1786342371.236,c2,recommend,,0.0,26.76,14.03,2.54,S3,0,,0,200.0,obs,1215,26.76,14.03,4.0,S3,26.76,14.03,4.0,S3,26.76,14.03,2.54,S3,9.615,0,S3,site_s3,S3,S3,S3
1786342372.236,c1,reserve,,0.0,26.34,13.67,1.85,S3,0,,0,36.0,obs,610,26.34,13.67,3.65,S3,26.34,13.67,3.65,S3,26.34,13.67,1.85,S3,9.67,0,S3,site_s3,S3,S3,S3
1786342372.236,c1,search,,0.0,31.1,20.71,6.73,S3,0,,0,4474.0,obs,906,31.1,20.71,10.98,S3,31.1,20.71,10.98,S3,31.1,20.71,6.73,S3,9.67,0,S3,site_s3,S3,S3,S3
1786342372.236,c1,recommend,,0.0,26.76,14.03,2.46,S3,0,,0,200.0,obs,1212,26.76,14.03,4.0,S3,26.76,14.03,4.0,S3,26.76,14.03,2.46,S3,9.67,0,S3,site_s3,S3,S3,S3
1786342372.236,c2,reserve,,0.0,26.34,13.67,1.85,S3,0,,0,36.0,obs,610,26.34,13.67,3.65,S3,26.34,13.67,3.65,S3,26.34,13.67,1.85,S3,9.67,0,S3,site_s3,S3,S3,S3
1786342372.236,c2,search,,0.0,31.1,20.71,6.73,S3,0,,0,4474.0,obs,906,31.1,20.71,10.98,S3,31.1,20.71,10.98,S3,31.1,20.71,6.73,S3,9.67,0,S3,site_s3,S3,S3,S3
1786342372.236,c2,recommend,,0.0,26.76,14.03,2.46,S3,0,,0,200.0,obs,1212,26.76,14.03,4.0,S3,26.76,14.03,4.0,S3,26.76,14.03,2.46,S3,9.67,0,S3,site_s3,S3,S3,S3
1786342373.236,c1,reserve,,0.0,26.34,13.67,1.88,S3,0,,0,36.0,obs,607,26.34,13.67,3.65,S3,26.34,13.67,3.65,S3,26.34,13.67,1.88,S3,9.645,0,S3,site_s3,S3,S3,S3
1786342373.236,c1,search,,0.0,31.1,20.71,6.72,S3,0,,0,4474.0,obs,909,31.1,20.71,10.98,S3,31.1,20.71,10.98,S3,31.1,20.71,6.72,S3,9.645,0,S3,site_s3,S3,S3,S3
1786342373.236,c1,recommend,,0.0,26.76,14.03,2.47,S3,0,,0,200.0,obs,1210,26.76,14.03,4.0,S3,26.76,14.03,4.0,S3,26.76,14.03,2.47,S3,9.645,0,S3,site_s3,S3,S3,S3
1786342373.236,c2,reserve,,0.0,26.34,13.67,1.88,S3,0,,0,36.0,obs,607,26.34,13.67,3.65,S3,26.34,13.67,3.65,S3,26.34,13.67,1.88,S3,9.645,0,S3,site_s3,S3,S3,S3
1786342373.236,c2,search,,0.0,31.1,20.71,6.72,S3,0,,0,4474.0,obs,909,31.1,20.71,10.98,S3,31.1,20.71,10.98,S3,31.1,20.71,6.72,S3,9.645,0,S3,site_s3,S3,S3,S3
1786342373.236,c2,recommend,,0.0,26.76,14.03,2.47,S3,0,,0,200.0,obs,1210,26.76,14.03,4.0,S3,26.76,14.03,4.0,S3,26.76,14.03,2.47,S3,9.645,0,S3,site_s3,S3,S3,S3
1786342374.236,c1,reserve,,0.0,26.34,13.67,1.99,S3,0,,0,36.0,obs,607,26.34,13.67,3.65,S3,26.34,13.67,3.65,S3,26.34,13.67,1.99,S3,9.689,0,S3,site_s3,S3,S3,S3
1786342374.236,c1,search,,0.0,31.1,20.71,6.62,S3,0,,0,4474.0,obs,908,31.1,20.71,10.98,S3,31.1,20.71,10.98,S3,31.1,20.71,6.62,S3,9.689,0,S3,site_s3,S3,S3,S3
1786342374.236,c1,recommend,,0.0,26.76,14.03,2.34,S3,0,,0,200.0,obs,1214,26.76,14.03,4.0,S3,26.76,14.03,4.0,S3,26.76,14.03,2.34,S3,9.689,0,S3,site_s3,S3,S3,S3
1786342374.236,c2,reserve,,0.0,26.34,13.67,1.99,S3,0,,0,36.0,obs,607,26.34,13.67,3.65,S3,26.34,13.67,3.65,S3,26.34,13.67,1.99,S3,9.689,0,S3,site_s3,S3,S3,S3
1786342374.236,c2,search,,0.0,31.1,20.71,6.62,S3,0,,0,4474.0,obs,908,31.1,20.71,10.98,S3,31.1,20.71,10.98,S3,31.1,20.71,6.62,S3,9.689,0,S3,site_s3,S3,S3,S3
1786342374.236,c2,recommend,,0.0,26.76,14.03,2.34,S3,0,,0,200.0,obs,1214,26.76,14.03,4.0,S3,26.76,14.03,4.0,S3,26.76,14.03,2.34,S3,9.689,0,S3,site_s3,S3,S3,S3
1786342375.236,c1,reserve,,0.0,26.34,13.67,1.93,S3,0,,0,36.0,obs,607,26.34,13.67,3.65,S3,26.34,13.67,3.65,S3,26.34,13.67,1.93,S3,9.55,0,S3,site_s3,S3,S3,S3
1786342375.236,c1,search,,0.0,31.1,20.71,6.87,S3,0,,0,4474.0,obs,911,31.1,20.71,10.98,S3,31.1,20.71,10.98,S3,31.1,20.71,6.87,S3,9.55,0,S3,site_s3,S3,S3,S3
1786342375.236,c1,recommend,,0.0,26.76,14.03,2.18,S3,0,,0,200.0,obs,1213,26.76,14.03,4.0,S3,26.76,14.03,4.0,S3,26.76,14.03,2.18,S3,9.55,0,S3,site_s3,S3,S3,S3
1786342375.236,c2,reserve,,0.0,26.34,13.67,1.93,S3,0,,0,36.0,obs,607,26.34,13.67,3.65,S3,26.34,13.67,3.65,S3,26.34,13.67,1.93,S3,9.55,0,S3,site_s3,S3,S3,S3
1786342375.236,c2,search,,0.0,31.1,20.71,6.87,S3,0,,0,4474.0,obs,911,31.1,20.71,10.98,S3,31.1,20.71,10.98,S3,31.1,20.71,6.87,S3,9.55,0,S3,site_s3,S3,S3,S3
1786342375.236,c2,recommend,,0.0,26.76,14.03,2.18,S3,0,,0,200.0,obs,1213,26.76,14.03,4.0,S3,26.76,14.03,4.0,S3,26.76,14.03,2.18,S3,9.55,0,S3,site_s3,S3,S3,S3
1786342376.236,c1,reserve,,0.0,26.34,13.67,1.86,S3,0,,0,36.0,obs,607,26.34,13.67,3.65,S3,26.34,13.67,3.65,S3,26.34,13.67,1.86,S3,9.966,0,S3,site_s3,S3,S3,S3
1786342376.236,c1,search,,0.0,31.1,20.71,6.9,S3,0,,0,4474.0,obs,909,31.1,20.71,10.98,S3,31.1,20.71,10.98,S3,31.1,20.71,6.9,S3,9.966,0,S3,site_s3,S3,S3,S3
1786342376.236,c1,recommend,,0.0,26.76,14.03,2.33,S3,0,,0,200.0,obs,1215,26.76,14.03,4.0,S3,26.76,14.03,4.0,S3,26.76,14.03,2.33,S3,9.966,0,S3,site_s3,S3,S3,S3
1786342376.236,c2,reserve,,0.0,26.34,13.67,1.86,S3,0,,0,36.0,obs,607,26.34,13.67,3.65,S3,26.34,13.67,3.65,S3,26.34,13.67,1.86,S3,9.966,0,S3,site_s3,S3,S3,S3
1786342376.236,c2,search,,0.0,31.1,20.71,6.9,S3,0,,0,4474.0,obs,909,31.1,20.71,10.98,S3,31.1,20.71,10.98,S3,31.1,20.71,6.9,S3,9.966,0,S3,site_s3,S3,S3,S3
1786342376.236,c2,recommend,,0.0,26.76,14.03,2.33,S3,0,,0,200.0,obs,1215,26.76,14.03,4.0,S3,26.76,14.03,4.0,S3,26.76,14.03,2.33,S3,9.966,0,S3,site_s3,S3,S3,S3
1786342377.236,c1,reserve,,0.0,26.34,13.67,1.52,S3,0,,0,36.0,obs,609,26.34,13.67,3.65,S3,26.34,13.67,3.65,S3,26.34,13.67,1.52,S3,9.922,0,S3,site_s3,S3,S3,S3
1786342377.236,c1,search,,0.0,31.1,20.71,6.26,S3,0,,0,4474.0,obs,911,31.1,20.71,10.98,S3,31.1,20.71,10.98,S3,31.1,20.71,6.26,S3,9.922,0,S3,site_s3,S3,S3,S3
1786342377.236,c1,recommend,,0.0,26.76,14.03,2.3,S3,0,,0,200.0,obs,1214,26.76,14.03,4.0,S3,26.76,14.03,4.0,S3,26.76,14.03,2.3,S3,9.922,0,S3,site_s3,S3,S3,S3
1786342377.236,c2,reserve,,0.0,26.34,13.67,1.52,S3,0,,0,36.0,obs,609,26.34,13.67,3.65,S3,26.34,13.67,3.65,S3,26.34,13.67,1.52,S3,9.922,0,S3,site_s3,S3,S3,S3
1786342377.236,c2,search,,0.0,31.1,20.71,6.26,S3,0,,0,4474.0,obs,911,31.1,20.71,10.98,S3,31.1,20.71,10.98,S3,31.1,20.71,6.26,S3,9.922,0,S3,site_s3,S3,S3,S3
1786342377.236,c2,recommend,,0.0,26.76,14.03,2.3,S3,0,,0,200.0,obs,1214,26.76,14.03,4.0,S3,26.76,14.03,4.0,S3,26.76,14.03,2.3,S3,9.922,0,S3,site_s3,S3,S3,S3
1786342378.236,c1,reserve,,0.0,26.34,13.67,1.63,S3,0,,0,36.0,obs,606,26.34,13.67,3.65,S3,26.34,13.67,3.65,S3,26.34,13.67,1.63,S3,9.776,0,S3,site_s3,S3,S3,S3
1786342378.236,c1,search,,0.0,31.1,20.71,6.57,S3,0,,0,4474.0,obs,912,31.1,20.71,10.98,S3,31.1,20.71,10.98,S3,31.1,20.71,6.57,S3,9.776,0,S3,site_s3,S3,S3,S3
1786342378.236,c1,recommend,,0.0,26.76,14.03,2.33,S3,0,,0,200.0,obs,1220,26.76,14.03,4.0,S3,26.76,14.03,4.0,S3,26.76,14.03,2.33,S3,9.776,0,S3,site_s3,S3,S3,S3
1786342378.236,c2,reserve,,0.0,26.34,13.67,1.63,S3,0,,0,36.0,obs,606,26.34,13.67,3.65,S3,26.34,13.67,3.65,S3,26.34,13.67,1.63,S3,9.776,0,S3,site_s3,S3,S3,S3
1786342378.236,c2,search,,0.0,31.1,20.71,6.57,S3,0,,0,4474.0,obs,912,31.1,20.71,10.98,S3,31.1,20.71,10.98,S3,31.1,20.71,6.57,S3,9.776,0,S3,site_s3,S3,S3,S3
1786342378.236,c2,recommend,,0.0,26.76,14.03,2.33,S3,0,,0,200.0,obs,1220,26.76,14.03,4.0,S3,26.76,14.03,4.0,S3,26.76,14.03,2.33,S3,9.776,0,S3,site_s3,S3,S3,S3
1786342379.235,c1,reserve,,0.0,26.34,13.67,1.7,S3,0,,0,36.0,obs,613,26.34,13.67,3.65,S3,26.34,13.67,3.65,S3,26.34,13.67,1.7,S3,9.218,0,S3,site_s3,S3,S3,S3
1786342379.235,c1,search,,0.0,31.1,20.71,7.1,S3,0,,0,4474.0,obs,910,31.1,20.71,10.98,S3,31.1,20.71,10.98,S3,31.1,20.71,7.1,S3,9.218,0,S3,site_s3,S3,S3,S3
1786342379.235,c1,recommend,,0.0,26.76,14.03,2.46,S3,0,,0,200.0,obs,1214,26.76,14.03,4.0,S3,26.76,14.03,4.0,S3,26.76,14.03,2.46,S3,9.218,0,S3,site_s3,S3,S3,S3
1786342379.235,c2,reserve,,0.0,26.34,13.67,1.7,S3,0,,0,36.0,obs,613,26.34,13.67,3.65,S3,26.34,13.67,3.65,S3,26.34,13.67,1.7,S3,9.218,0,S3,site_s3,S3,S3,S3
1786342379.235,c2,search,,0.0,31.1,20.71,7.1,S3,0,,0,4474.0,obs,910,31.1,20.71,10.98,S3,31.1,20.71,10.98,S3,31.1,20.71,7.1,S3,9.218,0,S3,site_s3,S3,S3,S3
1786342379.235,c2,recommend,,0.0,26.76,14.03,2.46,S3,0,,0,200.0,obs,1214,26.76,14.03,4.0,S3,26.76,14.03,4.0,S3,26.76,14.03,2.46,S3,9.218,0,S3,site_s3,S3,S3,S3
1786342380.235,c1,reserve,,0.0,26.34,13.67,1.89,S3,0,,0,36.0,obs,607,26.34,13.67,3.65,S3,26.34,13.67,3.65,S3,26.34,13.67,1.89,S3,9.131,0,S3,site_s3,S3,S3,S3
1786342380.235,c1,search,,0.0,31.1,20.71,6.97,S3,0,,0,4474.0,obs,914,31.1,20.71,10.98,S3,31.1,20.71,10.98,S3,31.1,20.71,6.97,S3,9.131,0,S3,site_s3,S3,S3,S3
1786342380.235,c1,recommend,,0.0,26.76,14.03,2.42,S3,0,,0,200.0,obs,1217,26.76,14.03,4.0,S3,26.76,14.03,4.0,S3,26.76,14.03,2.42,S3,9.131,0,S3,site_s3,S3,S3,S3
1786342380.235,c2,reserve,,0.0,26.34,13.67,1.89,S3,0,,0,36.0,obs,607,26.34,13.67,3.65,S3,26.34,13.67,3.65,S3,26.34,13.67,1.89,S3,9.131,0,S3,site_s3,S3,S3,S3
1786342380.235,c2,search,,0.0,31.1,20.71,6.97,S3,0,,0,4474.0,obs,914,31.1,20.71,10.98,S3,31.1,20.71,10.98,S3,31.1,20.71,6.97,S3,9.131,0,S3,site_s3,S3,S3,S3
1786342380.235,c2,recommend,,0.0,26.76,14.03,2.42,S3,0,,0,200.0,obs,1217,26.76,14.03,4.0,S3,26.76,14.03,4.0,S3,26.76,14.03,2.42,S3,9.131,0,S3,site_s3,S3,S3,S3
1786342381.235,c1,reserve,,0.0,26.34,13.67,1.97,S3,0,,0,36.0,obs,608,26.34,13.67,3.65,S3,26.34,13.67,3.65,S3,26.34,13.67,1.97,S3,8.945,0,S3,site_s3,S3,S3,S3
1786342381.235,c1,search,,0.0,31.1,20.71,6.65,S3,0,,0,4474.0,obs,912,31.1,20.71,10.98,S3,31.1,20.71,10.98,S3,31.1,20.71,6.65,S3,8.945,0,S3,site_s3,S3,S3,S3
1786342381.235,c1,recommend,,0.0,26.76,14.03,2.51,S3,0,,0,200.0,obs,1221,26.76,14.03,4.0,S3,26.76,14.03,4.0,S3,26.76,14.03,2.51,S3,8.945,0,S3,site_s3,S3,S3,S3
1786342381.235,c2,reserve,,0.0,26.34,13.67,1.97,S3,0,,0,36.0,obs,608,26.34,13.67,3.65,S3,26.34,13.67,3.65,S3,26.34,13.67,1.97,S3,8.945,0,S3,site_s3,S3,S3,S3
1786342381.235,c2,search,,0.0,31.1,20.71,6.65,S3,0,,0,4474.0,obs,912,31.1,20.71,10.98,S3,31.1,20.71,10.98,S3,31.1,20.71,6.65,S3,8.945,0,S3,site_s3,S3,S3,S3
1786342381.235,c2,recommend,,0.0,26.76,14.03,2.51,S3,0,,0,200.0,obs,1221,26.76,14.03,4.0,S3,26.76,14.03,4.0,S3,26.76,14.03,2.51,S3,8.945,0,S3,site_s3,S3,S3,S3
1786342382.235,c1,reserve,,0.0,26.34,13.67,1.68,S3,0,,0,36.0,obs,608,26.34,13.67,3.65,S3,26.34,13.67,3.65,S3,26.34,13.67,1.68,S3,9.025,0,S3,site_s3,S3,S3,S3
1786342382.235,c1,search,,0.0,31.1,20.71,6.34,S3,0,,0,4474.0,obs,915,31.1,20.71,10.98,S3,31.1,20.71,10.98,S3,31.1,20.71,6.34,S3,9.025,0,S3,site_s3,S3,S3,S3
1786342382.235,c1,recommend,,0.0,26.76,14.03,2.56,S3,0,,0,200.0,obs,1221,26.76,14.03,4.0,S3,26.76,14.03,4.0,S3,26.76,14.03,2.56,S3,9.025,0,S3,site_s3,S3,S3,S3
1786342382.235,c2,reserve,,0.0,26.34,13.67,1.68,S3,0,,0,36.0,obs,608,26.34,13.67,3.65,S3,26.34,13.67,3.65,S3,26.34,13.67,1.68,S3,9.025,0,S3,site_s3,S3,S3,S3
1786342382.235,c2,search,,0.0,31.1,20.71,6.34,S3,0,,0,4474.0,obs,915,31.1,20.71,10.98,S3,31.1,20.71,10.98,S3,31.1,20.71,6.34,S3,9.025,0,S3,site_s3,S3,S3,S3
1786342382.235,c2,recommend,,0.0,26.76,14.03,2.56,S3,0,,0,200.0,obs,1221,26.76,14.03,4.0,S3,26.76,14.03,4.0,S3,26.76,14.03,2.56,S3,9.025,0,S3,site_s3,S3,S3,S3
1786342383.236,c1,reserve,,0.0,26.34,13.67,1.76,S3,0,,0,36.0,obs,608,26.34,13.67,3.65,S3,26.34,13.67,3.65,S3,26.34,13.67,1.76,S3,9.592,0,S3,site_s3,S3,S3,S3
1786342383.236,c1,search,,0.0,31.1,20.71,6.24,S3,0,,0,4474.0,obs,914,31.1,20.71,10.98,S3,31.1,20.71,10.98,S3,31.1,20.71,6.24,S3,9.592,0,S3,site_s3,S3,S3,S3
1786342383.236,c1,recommend,,0.0,26.76,14.03,2.39,S3,0,,0,200.0,obs,1224,26.76,14.03,4.0,S3,26.76,14.03,4.0,S3,26.76,14.03,2.39,S3,9.592,0,S3,site_s3,S3,S3,S3
1786342383.236,c2,reserve,,0.0,26.34,13.67,1.76,S3,0,,0,36.0,obs,608,26.34,13.67,3.65,S3,26.34,13.67,3.65,S3,26.34,13.67,1.76,S3,9.592,0,S3,site_s3,S3,S3,S3
1786342383.236,c2,search,,0.0,31.1,20.71,6.24,S3,0,,0,4474.0,obs,914,31.1,20.71,10.98,S3,31.1,20.71,10.98,S3,31.1,20.71,6.24,S3,9.592,0,S3,site_s3,S3,S3,S3
1786342383.236,c2,recommend,,0.0,26.76,14.03,2.39,S3,0,,0,200.0,obs,1224,26.76,14.03,4.0,S3,26.76,14.03,4.0,S3,26.76,14.03,2.39,S3,9.592,0,S3,site_s3,S3,S3,S3
1786342384.236,c1,reserve,,0.0,26.34,13.67,1.67,S3,0,,0,36.0,obs,610,26.34,13.67,3.65,S3,26.34,13.67,3.65,S3,26.34,13.67,1.67,S3,9.466,0,S3,site_s3,S3,S3,S3
1786342384.236,c1,search,,0.0,31.1,20.71,6.08,S3,0,,0,4474.0,obs,916,31.1,20.71,10.98,S3,31.1,20.71,10.98,S3,31.1,20.71,6.08,S3,9.466,0,S3,site_s3,S3,S3,S3
1786342384.236,c1,recommend,,0.0,26.76,14.03,2.31,S3,0,,0,200.0,obs,1220,26.76,14.03,4.0,S3,26.76,14.03,4.0,S3,26.76,14.03,2.31,S3,9.466,0,S3,site_s3,S3,S3,S3
1786342384.236,c2,reserve,,0.0,26.34,13.67,1.67,S3,0,,0,36.0,obs,610,26.34,13.67,3.65,S3,26.34,13.67,3.65,S3,26.34,13.67,1.67,S3,9.466,0,S3,site_s3,S3,S3,S3
1786342384.236,c2,search,,0.0,31.1,20.71,6.08,S3,0,,0,4474.0,obs,916,31.1,20.71,10.98,S3,31.1,20.71,10.98,S3,31.1,20.71,6.08,S3,9.466,0,S3,site_s3,S3,S3,S3
1786342384.236,c2,recommend,,0.0,26.76,14.03,2.31,S3,0,,0,200.0,obs,1220,26.76,14.03,4.0,S3,26.76,14.03,4.0,S3,26.76,14.03,2.31,S3,9.466,0,S3,site_s3,S3,S3,S3
1786342385.236,c1,reserve,,0.0,26.34,13.67,2.04,S3,0,,0,36.0,obs,607,26.34,13.67,3.65,S3,26.34,13.67,3.65,S3,26.34,13.67,2.04,S3,9.482,0,S3,site_s3,S3,S3,S3
1786342385.236,c1,search,,0.0,31.1,20.71,6.78,S3,0,,0,4474.0,obs,916,31.1,20.71,10.98,S3,31.1,20.71,10.98,S3,31.1,20.71,6.78,S3,9.482,0,S3,site_s3,S3,S3,S3
1786342385.236,c1,recommend,,0.0,26.76,14.03,2.5,S3,0,,0,200.0,obs,1226,26.76,14.03,4.0,S3,26.76,14.03,4.0,S3,26.76,14.03,2.5,S3,9.482,0,S3,site_s3,S3,S3,S3
1786342385.236,c2,reserve,,0.0,26.34,13.67,2.04,S3,0,,0,36.0,obs,607,26.34,13.67,3.65,S3,26.34,13.67,3.65,S3,26.34,13.67,2.04,S3,9.482,0,S3,site_s3,S3,S3,S3
1786342385.236,c2,search,,0.0,31.1,20.71,6.78,S3,0,,0,4474.0,obs,916,31.1,20.71,10.98,S3,31.1,20.71,10.98,S3,31.1,20.71,6.78,S3,9.482,0,S3,site_s3,S3,S3,S3
1786342385.236,c2,recommend,,0.0,26.76,14.03,2.5,S3,0,,0,200.0,obs,1226,26.76,14.03,4.0,S3,26.76,14.03,4.0,S3,26.76,14.03,2.5,S3,9.482,0,S3,site_s3,S3,S3,S3
1786342386.236,c1,reserve,,0.0,26.34,13.67,1.75,S3,0,,0,36.0,obs,613,26.34,13.67,3.65,S3,26.34,13.67,3.65,S3,26.34,13.67,1.75,S3,9.614,0,S3,site_s3,S3,S3,S3
1786342386.236,c1,search,,0.0,31.1,20.71,6.62,S3,0,,0,4474.0,obs,914,31.1,20.71,10.98,S3,31.1,20.71,10.98,S3,31.1,20.71,6.62,S3,9.614,0,S3,site_s3,S3,S3,S3
1786342386.236,c1,recommend,,0.0,26.76,14.03,2.46,S3,0,,0,200.0,obs,1221,26.76,14.03,4.0,S3,26.76,14.03,4.0,S3,26.76,14.03,2.46,S3,9.614,0,S3,site_s3,S3,S3,S3
1786342386.236,c2,reserve,,0.0,26.34,13.67,1.75,S3,0,,0,36.0,obs,613,26.34,13.67,3.65,S3,26.34,13.67,3.65,S3,26.34,13.67,1.75,S3,9.614,0,S3,site_s3,S3,S3,S3
1786342386.236,c2,search,,0.0,31.1,20.71,6.62,S3,0,,0,4474.0,obs,914,31.1,20.71,10.98,S3,31.1,20.71,10.98,S3,31.1,20.71,6.62,S3,9.614,0,S3,site_s3,S3,S3,S3
1786342386.236,c2,recommend,,0.0,26.76,14.03,2.46,S3,0,,0,200.0,obs,1221,26.76,14.03,4.0,S3,26.76,14.03,4.0,S3,26.76,14.03,2.46,S3,9.614,0,S3,site_s3,S3,S3,S3
1786342387.236,c1,reserve,,0.0,26.34,13.67,1.27,S3,0,,0,36.0,obs,609,26.34,13.67,3.65,S3,26.34,13.67,3.65,S3,26.34,13.67,1.27,S3,9.844,0,S3,site_s3,S3,S3,S3
1786342387.236,c1,search,,0.0,31.1,20.71,5.52,S3,0,,0,4474.0,obs,918,31.1,20.71,10.98,S3,31.1,20.71,10.98,S3,31.1,20.71,5.52,S3,9.844,0,S3,site_s3,S3,S3,S3
1786342387.236,c1,recommend,,0.0,26.76,14.03,2.17,S3,0,,0,200.0,obs,1226,26.76,14.03,4.0,S3,26.76,14.03,4.0,S3,26.76,14.03,2.17,S3,9.844,0,S3,site_s3,S3,S3,S3
1786342387.236,c2,reserve,,0.0,26.34,13.67,1.27,S3,0,,0,36.0,obs,609,26.34,13.67,3.65,S3,26.34,13.67,3.65,S3,26.34,13.67,1.27,S3,9.844,0,S3,site_s3,S3,S3,S3
1786342387.236,c2,search,,0.0,31.1,20.71,5.52,S3,0,,0,4474.0,obs,918,31.1,20.71,10.98,S3,31.1,20.71,10.98,S3,31.1,20.71,5.52,S3,9.844,0,S3,site_s3,S3,S3,S3
1786342387.236,c2,recommend,,0.0,26.76,14.03,2.17,S3,0,,0,200.0,obs,1226,26.76,14.03,4.0,S3,26.76,14.03,4.0,S3,26.76,14.03,2.17,S3,9.844,0,S3,site_s3,S3,S3,S3
1786342388.236,c1,reserve,,0.0,26.34,13.67,1.59,S3,0,,0,36.0,obs,614,26.34,13.67,3.65,S3,26.34,13.67,3.65,S3,26.34,13.67,1.59,S3,9.571,0,S3,site_s3,S3,S3,S3
1786342388.236,c1,search,,0.0,31.1,20.71,5.93,S3,0,,0,4474.0,obs,916,31.1,20.71,10.98,S3,31.1,20.71,10.98,S3,31.1,20.71,5.93,S3,9.571,0,S3,site_s3,S3,S3,S3
1786342388.236,c1,recommend,,0.0,26.76,14.03,2.32,S3,0,,0,200.0,obs,1226,26.76,14.03,4.0,S3,26.76,14.03,4.0,S3,26.76,14.03,2.32,S3,9.571,0,S3,site_s3,S3,S3,S3
1786342388.236,c2,reserve,,0.0,26.34,13.67,1.59,S3,0,,0,36.0,obs,614,26.34,13.67,3.65,S3,26.34,13.67,3.65,S3,26.34,13.67,1.59,S3,9.571,0,S3,site_s3,S3,S3,S3
1786342388.236,c2,search,,0.0,31.1,20.71,5.93,S3,0,,0,4474.0,obs,916,31.1,20.71,10.98,S3,31.1,20.71,10.98,S3,31.1,20.71,5.93,S3,9.571,0,S3,site_s3,S3,S3,S3
1786342388.236,c2,recommend,,0.0,26.76,14.03,2.32,S3,0,,0,200.0,obs,1226,26.76,14.03,4.0,S3,26.76,14.03,4.0,S3,26.76,14.03,2.32,S3,9.571,0,S3,site_s3,S3,S3,S3
1786342389.236,c1,reserve,,0.0,26.34,13.67,0.64,S3,0,,0,36.0,obs,612,26.34,13.67,3.65,S3,26.34,13.67,3.65,S3,26.34,13.67,0.64,S3,9.592,0,S3,site_s3,S3,S3,S3
1786342389.236,c1,search,,0.0,31.1,20.71,5.35,S3,0,,0,4474.0,obs,919,31.1,20.71,10.98,S3,31.1,20.71,10.98,S3,31.1,20.71,5.35,S3,9.592,0,S3,site_s3,S3,S3,S3
1786342389.236,c1,recommend,,0.0,26.76,14.03,2.17,S3,0,,0,200.0,obs,1225,26.76,14.03,4.0,S3,26.76,14.03,4.0,S3,26.76,14.03,2.17,S3,9.592,0,S3,site_s3,S3,S3,S3
1786342389.236,c2,reserve,,0.0,26.34,13.67,0.64,S3,0,,0,36.0,obs,612,26.34,13.67,3.65,S3,26.34,13.67,3.65,S3,26.34,13.67,0.64,S3,9.592,0,S3,site_s3,S3,S3,S3
1786342389.236,c2,search,,0.0,31.1,20.71,5.35,S3,0,,0,4474.0,obs,919,31.1,20.71,10.98,S3,31.1,20.71,10.98,S3,31.1,20.71,5.35,S3,9.592,0,S3,site_s3,S3,S3,S3
1786342389.236,c2,recommend,,0.0,26.76,14.03,2.17,S3,0,,0,200.0,obs,1225,26.76,14.03,4.0,S3,26.76,14.03,4.0,S3,26.76,14.03,2.17,S3,9.592,0,S3,site_s3,S3,S3,S3
1786342390.236,c1,reserve,,0.0,26.34,13.67,0.86,S3,0,,0,36.0,obs,614,26.34,13.67,3.65,S3,26.34,13.67,3.65,S3,26.34,13.67,0.86,S3,9.56,0,S3,site_s3,S3,S3,S3
1786342390.236,c1,search,,0.0,31.1,20.71,4.84,S3,0,,0,4474.0,obs,917,31.1,20.71,10.98,S3,31.1,20.71,10.98,S3,31.1,20.71,4.84,S3,9.56,0,S3,site_s3,S3,S3,S3
1786342390.236,c1,recommend,,0.0,26.76,14.03,1.99,S3,0,,0,200.0,obs,1227,26.76,14.03,4.0,S3,26.76,14.03,4.0,S3,26.76,14.03,1.99,S3,9.56,0,S3,site_s3,S3,S3,S3
1786342390.236,c2,reserve,,0.0,26.34,13.67,0.86,S3,0,,0,36.0,obs,614,26.34,13.67,3.65,S3,26.34,13.67,3.65,S3,26.34,13.67,0.86,S3,9.56,0,S3,site_s3,S3,S3,S3
1786342390.236,c2,search,,0.0,31.1,20.71,4.84,S3,0,,0,4474.0,obs,917,31.1,20.71,10.98,S3,31.1,20.71,10.98,S3,31.1,20.71,4.84,S3,9.56,0,S3,site_s3,S3,S3,S3
1786342390.236,c2,recommend,,0.0,26.76,14.03,1.99,S3,0,,0,200.0,obs,1227,26.76,14.03,4.0,S3,26.76,14.03,4.0,S3,26.76,14.03,1.99,S3,9.56,0,S3,site_s3,S3,S3,S3
1786342391.236,c1,reserve,,0.0,26.34,13.67,2.08,S3,0,,0,36.0,obs,616,26.34,13.67,3.65,S3,26.34,13.67,3.65,S3,26.34,13.67,2.08,S3,9.602,0,S3,site_s3,S3,S3,S3
1786342391.236,c1,search,,0.0,31.1,20.71,6.98,S3,0,,0,4474.0,obs,919,31.1,20.71,10.98,S3,31.1,20.71,10.98,S3,31.1,20.71,6.98,S3,9.602,0,S3,site_s3,S3,S3,S3
1786342391.236,c1,recommend,,0.0,26.76,14.03,2.47,S3,0,,0,200.0,obs,1224,26.76,14.03,4.0,S3,26.76,14.03,4.0,S3,26.76,14.03,2.47,S3,9.602,0,S3,site_s3,S3,S3,S3
1786342391.236,c2,reserve,,0.0,26.34,13.67,2.08,S3,0,,0,36.0,obs,616,26.34,13.67,3.65,S3,26.34,13.67,3.65,S3,26.34,13.67,2.08,S3,9.602,0,S3,site_s3,S3,S3,S3
1786342391.236,c2,search,,0.0,31.1,20.71,6.98,S3,0,,0,4474.0,obs,919,31.1,20.71,10.98,S3,31.1,20.71,10.98,S3,31.1,20.71,6.98,S3,9.602,0,S3,site_s3,S3,S3,S3
1786342391.236,c2,recommend,,0.0,26.76,14.03,2.47,S3,0,,0,200.0,obs,1224,26.76,14.03,4.0,S3,26.76,14.03,4.0,S3,26.76,14.03,2.47,S3,9.602,0,S3,site_s3,S3,S3,S3
1786342392.236,c1,reserve,,0.0,26.34,13.67,2.28,S3,0,,0,36.0,obs,612,26.34,13.67,3.65,S3,26.34,13.67,3.65,S3,26.34,13.67,2.28,S3,9.54,0,S3,site_s3,S3,S3,S3
1786342392.236,c1,search,,0.0,31.1,20.71,7.06,S3,0,,0,4474.0,obs,918,31.1,20.71,10.98,S3,31.1,20.71,10.98,S3,31.1,20.71,7.06,S3,9.54,0,S3,site_s3,S3,S3,S3
1786342392.236,c1,recommend,,0.0,26.76,14.03,2.5,S3,0,,0,200.0,obs,1231,26.76,14.03,4.0,S3,26.76,14.03,4.0,S3,26.76,14.03,2.5,S3,9.54,0,S3,site_s3,S3,S3,S3
1786342392.236,c2,reserve,,0.0,26.34,13.67,2.28,S3,0,,0,36.0,obs,612,26.34,13.67,3.65,S3,26.34,13.67,3.65,S3,26.34,13.67,2.28,S3,9.54,0,S3,site_s3,S3,S3,S3
1786342392.236,c2,search,,0.0,31.1,20.71,7.06,S3,0,,0,4474.0,obs,918,31.1,20.71,10.98,S3,31.1,20.71,10.98,S3,31.1,20.71,7.06,S3,9.54,0,S3,site_s3,S3,S3,S3
1786342392.236,c2,recommend,,0.0,26.76,14.03,2.5,S3,0,,0,200.0,obs,1231,26.76,14.03,4.0,S3,26.76,14.03,4.0,S3,26.76,14.03,2.5,S3,9.54,0,S3,site_s3,S3,S3,S3
1786342393.235,c1,reserve,,0.0,26.34,13.67,2.18,S3,0,,0,36.0,obs,588,26.34,13.67,3.65,S3,26.34,13.67,3.65,S3,26.34,13.67,2.18,S3,8.722,0,S3,site_s3,S3,S3,S3
1786342393.235,c1,search,,0.0,31.1,20.71,7.11,S3,0,,0,4474.0,obs,871,31.1,20.71,10.98,S3,31.1,20.71,10.98,S3,31.1,20.71,7.11,S3,8.722,0,S3,site_s3,S3,S3,S3
1786342393.235,c1,recommend,,0.0,26.76,14.03,2.5,S3,0,,0,200.0,obs,1164,26.76,14.03,4.0,S3,26.76,14.03,4.0,S3,26.76,14.03,2.5,S3,8.722,0,S3,site_s3,S3,S3,S3
1786342393.235,c2,reserve,,0.0,26.34,13.67,2.18,S3,0,,0,36.0,obs,588,26.34,13.67,3.65,S3,26.34,13.67,3.65,S3,26.34,13.67,2.18,S3,8.722,0,S3,site_s3,S3,S3,S3
1786342393.235,c2,search,,0.0,31.1,20.71,7.11,S3,0,,0,4474.0,obs,871,31.1,20.71,10.98,S3,31.1,20.71,10.98,S3,31.1,20.71,7.11,S3,8.722,0,S3,site_s3,S3,S3,S3
1786342393.235,c2,recommend,,0.0,26.76,14.03,2.5,S3,0,,0,200.0,obs,1164,26.76,14.03,4.0,S3,26.76,14.03,4.0,S3,26.76,14.03,2.5,S3,8.722,0,S3,site_s3,S3,S3,S3
1786342394.236,c1,reserve,,0.0,26.34,13.67,1.85,S3,0,,0,36.0,obs,582,26.34,13.67,3.65,S3,26.34,13.67,3.65,S3,26.34,13.67,1.85,S3,9.507,0,S3,site_s3,S3,S3,S3
1786342394.236,c1,search,,0.0,31.1,20.71,6.83,S3,0,,0,4474.0,obs,875,31.1,20.71,10.98,S3,31.1,20.71,10.98,S3,31.1,20.71,6.83,S3,9.507,0,S3,site_s3,S3,S3,S3
1786342394.236,c1,recommend,,0.0,26.76,14.03,2.41,S3,0,,0,200.0,obs,1167,26.76,14.03,4.0,S3,26.76,14.03,4.0,S3,26.76,14.03,2.41,S3,9.507,0,S3,site_s3,S3,S3,S3
1786342394.236,c2,reserve,,0.0,26.34,13.67,1.85,S3,0,,0,36.0,obs,582,26.34,13.67,3.65,S3,26.34,13.67,3.65,S3,26.34,13.67,1.85,S3,9.507,0,S3,site_s3,S3,S3,S3
1786342394.236,c2,search,,0.0,31.1,20.71,6.83,S3,0,,0,4474.0,obs,875,31.1,20.71,10.98,S3,31.1,20.71,10.98,S3,31.1,20.71,6.83,S3,9.507,0,S3,site_s3,S3,S3,S3
1786342394.236,c2,recommend,,0.0,26.76,14.03,2.41,S3,0,,0,200.0,obs,1167,26.76,14.03,4.0,S3,26.76,14.03,4.0,S3,26.76,14.03,2.41,S3,9.507,0,S3,site_s3,S3,S3,S3
1786342395.236,c1,reserve,,0.0,26.34,13.67,1.95,S3,0,,0,36.0,obs,586,26.34,13.67,3.65,S3,26.34,13.67,3.65,S3,26.34,13.67,1.95,S3,9.495,0,S3,site_s3,S3,S3,S3
1786342395.236,c1,search,,0.0,31.1,20.71,6.52,S3,0,,0,4474.0,obs,870,31.1,20.71,10.98,S3,31.1,20.71,10.98,S3,31.1,20.71,6.52,S3,9.495,0,S3,site_s3,S3,S3,S3
1786342395.236,c1,recommend,,0.0,26.76,14.03,2.35,S3,0,,0,200.0,obs,1168,26.76,14.03,4.0,S3,26.76,14.03,4.0,S3,26.76,14.03,2.35,S3,9.495,0,S3,site_s3,S3,S3,S3
1786342395.236,c2,reserve,,0.0,26.34,13.67,1.95,S3,0,,0,36.0,obs,586,26.34,13.67,3.65,S3,26.34,13.67,3.65,S3,26.34,13.67,1.95,S3,9.495,0,S3,site_s3,S3,S3,S3
1786342395.236,c2,search,,0.0,31.1,20.71,6.52,S3,0,,0,4474.0,obs,870,31.1,20.71,10.98,S3,31.1,20.71,10.98,S3,31.1,20.71,6.52,S3,9.495,0,S3,site_s3,S3,S3,S3
1786342395.236,c2,recommend,,0.0,26.76,14.03,2.35,S3,0,,0,200.0,obs,1168,26.76,14.03,4.0,S3,26.76,14.03,4.0,S3,26.76,14.03,2.35,S3,9.495,0,S3,site_s3,S3,S3,S3
1786342396.236,c1,reserve,,0.0,26.34,13.67,1.92,S3,0,,0,36.0,obs,586,26.34,13.67,3.65,S3,26.34,13.67,3.65,S3,26.34,13.67,1.92,S3,9.973,0,S3,site_s3,S3,S3,S3
1786342396.236,c1,search,,0.0,31.1,20.71,6.59,S3,0,,0,4474.0,obs,877,31.1,20.71,10.98,S3,31.1,20.71,10.98,S3,31.1,20.71,6.59,S3,9.973,0,S3,site_s3,S3,S3,S3
1786342396.236,c1,recommend,,0.0,26.76,14.03,2.36,S3,0,,0,200.0,obs,1163,26.76,14.03,4.0,S3,26.76,14.03,4.0,S3,26.76,14.03,2.36,S3,9.973,0,S3,site_s3,S3,S3,S3
1786342396.236,c2,reserve,,0.0,26.34,13.67,1.92,S3,0,,0,36.0,obs,586,26.34,13.67,3.65,S3,26.34,13.67,3.65,S3,26.34,13.67,1.92,S3,9.973,0,S3,site_s3,S3,S3,S3
1786342396.236,c2,search,,0.0,31.1,20.71,6.59,S3,0,,0,4474.0,obs,877,31.1,20.71,10.98,S3,31.1,20.71,10.98,S3,31.1,20.71,6.59,S3,9.973,0,S3,site_s3,S3,S3,S3
1786342396.236,c2,recommend,,0.0,26.76,14.03,2.36,S3,0,,0,200.0,obs,1163,26.76,14.03,4.0,S3,26.76,14.03,4.0,S3,26.76,14.03,2.36,S3,9.973,0,S3,site_s3,S3,S3,S3
1786342397.236,c1,reserve,,0.0,26.34,13.67,1.45,S3,0,,0,36.0,obs,581,26.34,13.67,3.65,S3,26.34,13.67,3.65,S3,26.34,13.67,1.45,S3,9.565,0,S3,site_s3,S3,S3,S3
1786342397.236,c1,search,,0.0,31.1,20.71,6.34,S3,0,,0,4474.0,obs,876,31.1,20.71,10.98,S3,31.1,20.71,10.98,S3,31.1,20.71,6.34,S3,9.565,0,S3,site_s3,S3,S3,S3
1786342397.236,c1,recommend,,0.0,26.76,14.03,2.21,S3,0,,0,200.0,obs,1172,26.76,14.03,4.0,S3,26.76,14.03,4.0,S3,26.76,14.03,2.21,S3,9.565,0,S3,site_s3,S3,S3,S3
1786342397.236,c2,reserve,,0.0,26.34,13.67,1.45,S3,0,,0,36.0,obs,581,26.34,13.67,3.65,S3,26.34,13.67,3.65,S3,26.34,13.67,1.45,S3,9.565,0,S3,site_s3,S3,S3,S3
1786342397.236,c2,search,,0.0,31.1,20.71,6.34,S3,0,,0,4474.0,obs,876,31.1,20.71,10.98,S3,31.1,20.71,10.98,S3,31.1,20.71,6.34,S3,9.565,0,S3,site_s3,S3,S3,S3
1786342397.236,c2,recommend,,0.0,26.76,14.03,2.21,S3,0,,0,200.0,obs,1172,26.76,14.03,4.0,S3,26.76,14.03,4.0,S3,26.76,14.03,2.21,S3,9.565,0,S3,site_s3,S3,S3,S3
1786342398.236,c1,reserve,,0.0,26.34,13.67,1.62,S3,0,,0,36.0,obs,587,26.34,13.67,3.65,S3,26.34,13.67,3.65,S3,26.34,13.67,1.62,S3,9.72,0,S3,site_s3,S3,S3,S3
1786342398.236,c1,search,,0.0,31.1,20.71,6.34,S3,0,,0,4474.0,obs,874,31.1,20.71,10.98,S3,31.1,20.71,10.98,S3,31.1,20.71,6.34,S3,9.72,0,S3,site_s3,S3,S3,S3
1786342398.236,c1,recommend,,0.0,26.76,14.03,2.32,S3,0,,0,200.0,obs,1167,26.76,14.03,4.0,S3,26.76,14.03,4.0,S3,26.76,14.03,2.32,S3,9.72,0,S3,site_s3,S3,S3,S3
1786342398.236,c2,reserve,,0.0,26.34,13.67,1.62,S3,0,,0,36.0,obs,587,26.34,13.67,3.65,S3,26.34,13.67,3.65,S3,26.34,13.67,1.62,S3,9.72,0,S3,site_s3,S3,S3,S3
1786342398.236,c2,search,,0.0,31.1,20.71,6.34,S3,0,,0,4474.0,obs,874,31.1,20.71,10.98,S3,31.1,20.71,10.98,S3,31.1,20.71,6.34,S3,9.72,0,S3,site_s3,S3,S3,S3
1786342398.236,c2,recommend,,0.0,26.76,14.03,2.32,S3,0,,0,200.0,obs,1167,26.76,14.03,4.0,S3,26.76,14.03,4.0,S3,26.76,14.03,2.32,S3,9.72,0,S3,site_s3,S3,S3,S3
1786342399.236,c1,reserve,,0.0,26.34,13.67,1.84,S3,0,,0,36.0,obs,581,26.34,13.67,3.65,S3,26.34,13.67,3.65,S3,26.34,13.67,1.84,S3,9.718,0,S3,site_s3,S3,S3,S3
1786342399.236,c1,search,,0.0,31.1,20.71,6.6,S3,0,,0,4474.0,obs,876,31.1,20.71,10.98,S3,31.1,20.71,10.98,S3,31.1,20.71,6.6,S3,9.718,0,S3,site_s3,S3,S3,S3
1786342399.236,c1,recommend,,0.0,26.76,14.03,2.44,S3,0,,0,200.0,obs,1172,26.76,14.03,4.0,S3,26.76,14.03,4.0,S3,26.76,14.03,2.44,S3,9.718,0,S3,site_s3,S3,S3,S3
1786342399.236,c2,reserve,,0.0,26.34,13.67,1.84,S3,0,,0,36.0,obs,581,26.34,13.67,3.65,S3,26.34,13.67,3.65,S3,26.34,13.67,1.84,S3,9.718,0,S3,site_s3,S3,S3,S3
1786342399.236,c2,search,,0.0,31.1,20.71,6.6,S3,0,,0,4474.0,obs,876,31.1,20.71,10.98,S3,31.1,20.71,10.98,S3,31.1,20.71,6.6,S3,9.718,0,S3,site_s3,S3,S3,S3
1786342399.236,c2,recommend,,0.0,26.76,14.03,2.44,S3,0,,0,200.0,obs,1172,26.76,14.03,4.0,S3,26.76,14.03,4.0,S3,26.76,14.03,2.44,S3,9.718,0,S3,site_s3,S3,S3,S3
1786342400.236,c1,reserve,,0.0,26.34,13.67,1.71,S3,0,,0,36.0,obs,588,26.34,13.67,3.65,S3,26.34,13.67,3.65,S3,26.34,13.67,1.71,S3,9.661,0,S3,site_s3,S3,S3,S3
1786342400.236,c1,search,,0.0,31.1,20.71,6.76,S3,0,,0,4474.0,obs,876,31.1,20.71,10.98,S3,31.1,20.71,10.98,S3,31.1,20.71,6.76,S3,9.661,0,S3,site_s3,S3,S3,S3
1786342400.236,c1,recommend,,0.0,26.76,14.03,2.35,S3,0,,0,200.0,obs,1169,26.76,14.03,4.0,S3,26.76,14.03,4.0,S3,26.76,14.03,2.35,S3,9.661,0,S3,site_s3,S3,S3,S3
1786342400.236,c2,reserve,,0.0,26.34,13.67,1.71,S3,0,,0,36.0,obs,588,26.34,13.67,3.65,S3,26.34,13.67,3.65,S3,26.34,13.67,1.71,S3,9.661,0,S3,site_s3,S3,S3,S3
1786342400.236,c2,search,,0.0,31.1,20.71,6.76,S3,0,,0,4474.0,obs,876,31.1,20.71,10.98,S3,31.1,20.71,10.98,S3,31.1,20.71,6.76,S3,9.661,0,S3,site_s3,S3,S3,S3
1786342400.236,c2,recommend,,0.0,26.76,14.03,2.35,S3,0,,0,200.0,obs,1169,26.76,14.03,4.0,S3,26.76,14.03,4.0,S3,26.76,14.03,2.35,S3,9.661,0,S3,site_s3,S3,S3,S3
1786342401.236,c1,reserve,,0.0,26.34,13.67,1.6,S3,0,,0,36.0,obs,583,26.34,13.67,3.65,S3,26.34,13.67,3.65,S3,26.34,13.67,1.6,S3,9.826,0,S3,site_s3,S3,S3,S3
1786342401.236,c1,search,,0.0,31.1,20.71,5.48,S3,0,,0,4474.0,obs,879,31.1,20.71,10.98,S3,31.1,20.71,10.98,S3,31.1,20.71,5.48,S3,9.826,0,S3,site_s3,S3,S3,S3
1786342401.236,c1,recommend,,0.0,26.76,14.03,1.91,S3,0,,0,200.0,obs,1171,26.76,14.03,4.0,S3,26.76,14.03,4.0,S3,26.76,14.03,1.91,S3,9.826,0,S3,site_s3,S3,S3,S3
1786342401.236,c2,reserve,,0.0,26.34,13.67,1.6,S3,0,,0,36.0,obs,583,26.34,13.67,3.65,S3,26.34,13.67,3.65,S3,26.34,13.67,1.6,S3,9.826,0,S3,site_s3,S3,S3,S3
1786342401.236,c2,search,,0.0,31.1,20.71,5.48,S3,0,,0,4474.0,obs,879,31.1,20.71,10.98,S3,31.1,20.71,10.98,S3,31.1,20.71,5.48,S3,9.826,0,S3,site_s3,S3,S3,S3
1786342401.236,c2,recommend,,0.0,26.76,14.03,1.91,S3,0,,0,200.0,obs,1171,26.76,14.03,4.0,S3,26.76,14.03,4.0,S3,26.76,14.03,1.91,S3,9.826,0,S3,site_s3,S3,S3,S3
1786342402.236,c1,reserve,,0.0,26.34,13.67,1.61,S3,0,,0,36.0,obs,590,26.34,13.67,3.65,S3,26.34,13.67,3.65,S3,26.34,13.67,1.61,S3,9.551,0,S3,site_s3,S3,S3,S3
1786342402.236,c1,search,,0.0,31.1,20.71,5.71,S3,0,,0,4474.0,obs,880,31.1,20.71,10.98,S3,31.1,20.71,10.98,S3,31.1,20.71,5.71,S3,9.551,0,S3,site_s3,S3,S3,S3
1786342402.236,c1,recommend,,0.0,26.76,14.03,1.87,S3,0,,0,200.0,obs,1182,26.76,14.03,4.0,S3,26.76,14.03,4.0,S3,26.76,14.03,1.87,S3,9.551,0,S3,site_s3,S3,S3,S3
1786342402.236,c2,reserve,,0.0,26.34,13.67,1.61,S3,0,,0,36.0,obs,590,26.34,13.67,3.65,S3,26.34,13.67,3.65,S3,26.34,13.67,1.61,S3,9.551,0,S3,site_s3,S3,S3,S3
1786342402.236,c2,search,,0.0,31.1,20.71,5.71,S3,0,,0,4474.0,obs,880,31.1,20.71,10.98,S3,31.1,20.71,10.98,S3,31.1,20.71,5.71,S3,9.551,0,S3,site_s3,S3,S3,S3
1786342402.236,c2,recommend,,0.0,26.76,14.03,1.87,S3,0,,0,200.0,obs,1182,26.76,14.03,4.0,S3,26.76,14.03,4.0,S3,26.76,14.03,1.87,S3,9.551,0,S3,site_s3,S3,S3,S3
1786342403.236,c1,reserve,,0.0,26.34,13.67,1.79,S3,0,,0,36.0,obs,587,26.34,13.67,3.65,S3,26.34,13.67,3.65,S3,26.34,13.67,1.79,S3,9.682,0,S3,site_s3,S3,S3,S3
1786342403.236,c1,search,,0.0,31.1,20.71,6.69,S3,0,,0,4474.0,obs,881,31.1,20.71,10.98,S3,31.1,20.71,10.98,S3,31.1,20.71,6.69,S3,9.682,0,S3,site_s3,S3,S3,S3
1786342403.236,c1,recommend,,0.0,26.76,14.03,2.39,S3,0,,0,200.0,obs,1168,26.76,14.03,4.0,S3,26.76,14.03,4.0,S3,26.76,14.03,2.39,S3,9.682,0,S3,site_s3,S3,S3,S3
1786342403.236,c2,reserve,,0.0,26.34,13.67,1.79,S3,0,,0,36.0,obs,587,26.34,13.67,3.65,S3,26.34,13.67,3.65,S3,26.34,13.67,1.79,S3,9.682,0,S3,site_s3,S3,S3,S3
1786342403.236,c2,search,,0.0,31.1,20.71,6.69,S3,0,,0,4474.0,obs,881,31.1,20.71,10.98,S3,31.1,20.71,10.98,S3,31.1,20.71,6.69,S3,9.682,0,S3,site_s3,S3,S3,S3
1786342403.236,c2,recommend,,0.0,26.76,14.03,2.39,S3,0,,0,200.0,obs,1168,26.76,14.03,4.0,S3,26.76,14.03,4.0,S3,26.76,14.03,2.39,S3,9.682,0,S3,site_s3,S3,S3,S3
1786342404.236,c1,reserve,,0.0,26.34,13.67,1.83,S3,0,,0,36.0,obs,583,26.34,13.67,3.65,S3,26.34,13.67,3.65,S3,26.34,13.67,1.83,S3,9.542,0,S3,site_s3,S3,S3,S3
1786342404.236,c1,search,,0.0,31.1,20.71,6.67,S3,0,,0,4474.0,obs,878,31.1,20.71,10.98,S3,31.1,20.71,10.98,S3,31.1,20.71,6.67,S3,9.542,0,S3,site_s3,S3,S3,S3
1786342404.236,c1,recommend,,0.0,26.76,14.03,2.45,S3,0,,0,200.0,obs,1177,26.76,14.03,4.0,S3,26.76,14.03,4.0,S3,26.76,14.03,2.45,S3,9.542,0,S3,site_s3,S3,S3,S3
1786342404.236,c2,reserve,,0.0,26.34,13.67,1.83,S3,0,,0,36.0,obs,583,26.34,13.67,3.65,S3,26.34,13.67,3.65,S3,26.34,13.67,1.83,S3,9.542,0,S3,site_s3,S3,S3,S3
1786342404.236,c2,search,,0.0,31.1,20.71,6.67,S3,0,,0,4474.0,obs,878,31.1,20.71,10.98,S3,31.1,20.71,10.98,S3,31.1,20.71,6.67,S3,9.542,0,S3,site_s3,S3,S3,S3
1786342404.236,c2,recommend,,0.0,26.76,14.03,2.45,S3,0,,0,200.0,obs,1177,26.76,14.03,4.0,S3,26.76,14.03,4.0,S3,26.76,14.03,2.45,S3,9.542,0,S3,site_s3,S3,S3,S3
1786342405.236,c1,reserve,,0.0,26.34,13.67,1.75,S3,0,,0,36.0,obs,590,26.34,13.67,3.65,S3,26.34,13.67,3.65,S3,26.34,13.67,1.75,S3,9.554,0,S3,site_s3,S3,S3,S3
1786342405.236,c1,search,,0.0,31.1,20.71,6.77,S3,0,,0,4474.0,obs,875,31.1,20.71,10.98,S3,31.1,20.71,10.98,S3,31.1,20.71,6.77,S3,9.554,0,S3,site_s3,S3,S3,S3
1786342405.236,c1,recommend,,0.0,26.76,14.03,2.55,S3,0,,0,200.0,obs,1169,26.76,14.03,4.0,S3,26.76,14.03,4.0,S3,26.76,14.03,2.55,S3,9.554,0,S3,site_s3,S3,S3,S3
1786342405.236,c2,reserve,,0.0,26.34,13.67,1.75,S3,0,,0,36.0,obs,590,26.34,13.67,3.65,S3,26.34,13.67,3.65,S3,26.34,13.67,1.75,S3,9.554,0,S3,site_s3,S3,S3,S3
1786342405.236,c2,search,,0.0,31.1,20.71,6.77,S3,0,,0,4474.0,obs,875,31.1,20.71,10.98,S3,31.1,20.71,10.98,S3,31.1,20.71,6.77,S3,9.554,0,S3,site_s3,S3,S3,S3
1786342405.236,c2,recommend,,0.0,26.76,14.03,2.55,S3,0,,0,200.0,obs,1169,26.76,14.03,4.0,S3,26.76,14.03,4.0,S3,26.76,14.03,2.55,S3,9.554,0,S3,site_s3,S3,S3,S3
1786342406.236,c1,reserve,,0.0,26.34,13.67,1.71,S3,0,,0,36.0,obs,584,26.34,13.67,3.65,S3,26.34,13.67,3.65,S3,26.34,13.67,1.71,S3,9.569,0,S3,site_s3,S3,S3,S3
1786342406.236,c1,search,,0.0,31.1,20.71,6.66,S3,0,,0,4474.0,obs,879,31.1,20.71,10.98,S3,31.1,20.71,10.98,S3,31.1,20.71,6.66,S3,9.569,0,S3,site_s3,S3,S3,S3
1786342406.236,c1,recommend,,0.0,26.76,14.03,2.56,S3,0,,0,200.0,obs,1178,26.76,14.03,4.0,S3,26.76,14.03,4.0,S3,26.76,14.03,2.56,S3,9.569,0,S3,site_s3,S3,S3,S3
1786342406.236,c2,reserve,,0.0,26.34,13.67,1.71,S3,0,,0,36.0,obs,584,26.34,13.67,3.65,S3,26.34,13.67,3.65,S3,26.34,13.67,1.71,S3,9.569,0,S3,site_s3,S3,S3,S3
1786342406.236,c2,search,,0.0,31.1,20.71,6.66,S3,0,,0,4474.0,obs,879,31.1,20.71,10.98,S3,31.1,20.71,10.98,S3,31.1,20.71,6.66,S3,9.569,0,S3,site_s3,S3,S3,S3
1786342406.236,c2,recommend,,0.0,26.76,14.03,2.56,S3,0,,0,200.0,obs,1178,26.76,14.03,4.0,S3,26.76,14.03,4.0,S3,26.76,14.03,2.56,S3,9.569,0,S3,site_s3,S3,S3,S3
1786342407.236,c1,reserve,,0.0,26.34,13.67,1.75,S3,0,,0,36.0,obs,592,26.34,13.67,3.65,S3,26.34,13.67,3.65,S3,26.34,13.67,1.75,S3,9.516,0,S3,site_s3,S3,S3,S3
1786342407.236,c1,search,,0.0,31.1,20.71,6.28,S3,0,,0,4474.0,obs,876,31.1,20.71,10.98,S3,31.1,20.71,10.98,S3,31.1,20.71,6.28,S3,9.516,0,S3,site_s3,S3,S3,S3
1786342407.236,c1,recommend,,0.0,26.76,14.03,2.39,S3,0,,0,200.0,obs,1173,26.76,14.03,4.0,S3,26.76,14.03,4.0,S3,26.76,14.03,2.39,S3,9.516,0,S3,site_s3,S3,S3,S3
1786342407.236,c2,reserve,,0.0,26.34,13.67,1.75,S3,0,,0,36.0,obs,592,26.34,13.67,3.65,S3,26.34,13.67,3.65,S3,26.34,13.67,1.75,S3,9.516,0,S3,site_s3,S3,S3,S3
1786342407.236,c2,search,,0.0,31.1,20.71,6.28,S3,0,,0,4474.0,obs,876,31.1,20.71,10.98,S3,31.1,20.71,10.98,S3,31.1,20.71,6.28,S3,9.516,0,S3,site_s3,S3,S3,S3
1786342407.236,c2,recommend,,0.0,26.76,14.03,2.39,S3,0,,0,200.0,obs,1173,26.76,14.03,4.0,S3,26.76,14.03,4.0,S3,26.76,14.03,2.39,S3,9.516,0,S3,site_s3,S3,S3,S3
1786342408.237,c1,reserve,,0.0,26.34,13.67,1.7,S3,0,,0,36.0,obs,586,26.34,13.67,3.65,S3,26.34,13.67,3.65,S3,26.34,13.67,1.7,S3,10.492,0,S3,site_s3,S3,S3,S3
1786342408.237,c1,search,,0.0,31.1,20.71,6.44,S3,0,,0,4474.0,obs,882,31.1,20.71,10.98,S3,31.1,20.71,10.98,S3,31.1,20.71,6.44,S3,10.492,0,S3,site_s3,S3,S3,S3
1786342408.237,c1,recommend,,0.0,26.76,14.03,2.24,S3,0,,0,200.0,obs,1175,26.76,14.03,4.0,S3,26.76,14.03,4.0,S3,26.76,14.03,2.24,S3,10.492,0,S3,site_s3,S3,S3,S3
1786342408.237,c2,reserve,,0.0,26.34,13.67,1.7,S3,0,,0,36.0,obs,586,26.34,13.67,3.65,S3,26.34,13.67,3.65,S3,26.34,13.67,1.7,S3,10.492,0,S3,site_s3,S3,S3,S3
1786342408.237,c2,search,,0.0,31.1,20.71,6.44,S3,0,,0,4474.0,obs,882,31.1,20.71,10.98,S3,31.1,20.71,10.98,S3,31.1,20.71,6.44,S3,10.492,0,S3,site_s3,S3,S3,S3
1786342408.237,c2,recommend,,0.0,26.76,14.03,2.24,S3,0,,0,200.0,obs,1175,26.76,14.03,4.0,S3,26.76,14.03,4.0,S3,26.76,14.03,2.24,S3,10.492,0,S3,site_s3,S3,S3,S3
1786342409.235,c1,reserve,,0.0,26.34,13.67,1.84,S3,0,,0,36.0,obs,590,26.34,13.67,3.65,S3,26.34,13.67,3.65,S3,26.34,13.67,1.84,S3,8.95,0,S3,site_s3,S3,S3,S3
1786342409.235,c1,search,,0.0,31.1,20.71,6.62,S3,0,,0,4474.0,obs,876,31.1,20.71,10.98,S3,31.1,20.71,10.98,S3,31.1,20.71,6.62,S3,8.95,0,S3,site_s3,S3,S3,S3
1786342409.235,c1,recommend,,0.0,26.76,14.03,2.32,S3,0,,0,200.0,obs,1179,26.76,14.03,4.0,S3,26.76,14.03,4.0,S3,26.76,14.03,2.32,S3,8.95,0,S3,site_s3,S3,S3,S3
1786342409.235,c2,reserve,,0.0,26.34,13.67,1.84,S3,0,,0,36.0,obs,590,26.34,13.67,3.65,S3,26.34,13.67,3.65,S3,26.34,13.67,1.84,S3,8.95,0,S3,site_s3,S3,S3,S3
1786342409.235,c2,search,,0.0,31.1,20.71,6.62,S3,0,,0,4474.0,obs,876,31.1,20.71,10.98,S3,31.1,20.71,10.98,S3,31.1,20.71,6.62,S3,8.95,0,S3,site_s3,S3,S3,S3
1786342409.235,c2,recommend,,0.0,26.76,14.03,2.32,S3,0,,0,200.0,obs,1179,26.76,14.03,4.0,S3,26.76,14.03,4.0,S3,26.76,14.03,2.32,S3,8.95,0,S3,site_s3,S3,S3,S3
1786342410.236,c1,reserve,,0.0,26.34,13.67,1.78,S3,0,,0,36.0,obs,590,26.34,13.67,3.65,S3,26.34,13.67,3.65,S3,26.34,13.67,1.78,S3,9.887,0,S3,site_s3,S3,S3,S3
1786342410.236,c1,search,,0.0,31.1,20.71,6.6,S3,0,,0,4474.0,obs,882,31.1,20.71,10.98,S3,31.1,20.71,10.98,S3,31.1,20.71,6.6,S3,9.887,0,S3,site_s3,S3,S3,S3
1786342410.236,c1,recommend,,0.0,26.76,14.03,2.38,S3,0,,0,200.0,obs,1172,26.76,14.03,4.0,S3,26.76,14.03,4.0,S3,26.76,14.03,2.38,S3,9.887,0,S3,site_s3,S3,S3,S3
1786342410.236,c2,reserve,,0.0,26.34,13.67,1.78,S3,0,,0,36.0,obs,590,26.34,13.67,3.65,S3,26.34,13.67,3.65,S3,26.34,13.67,1.78,S3,9.887,0,S3,site_s3,S3,S3,S3
1786342410.236,c2,search,,0.0,31.1,20.71,6.6,S3,0,,0,4474.0,obs,882,31.1,20.71,10.98,S3,31.1,20.71,10.98,S3,31.1,20.71,6.6,S3,9.887,0,S3,site_s3,S3,S3,S3
1786342410.236,c2,recommend,,0.0,26.76,14.03,2.38,S3,0,,0,200.0,obs,1172,26.76,14.03,4.0,S3,26.76,14.03,4.0,S3,26.76,14.03,2.38,S3,9.887,0,S3,site_s3,S3,S3,S3
1786342411.236,c1,reserve,,0.0,26.34,13.67,1.95,S3,0,,0,36.0,obs,586,26.34,13.67,3.65,S3,26.34,13.67,3.65,S3,26.34,13.67,1.95,S3,9.626,0,S3,site_s3,S3,S3,S3
1786342411.236,c1,search,,0.0,31.1,20.71,6.75,S3,0,,0,4474.0,obs,878,31.1,20.71,10.98,S3,31.1,20.71,10.98,S3,31.1,20.71,6.75,S3,9.626,0,S3,site_s3,S3,S3,S3
1786342411.236,c1,recommend,,0.0,26.76,14.03,2.53,S3,0,,0,200.0,obs,1182,26.76,14.03,4.0,S3,26.76,14.03,4.0,S3,26.76,14.03,2.53,S3,9.626,0,S3,site_s3,S3,S3,S3
1786342411.236,c2,reserve,,0.0,26.34,13.67,1.95,S3,0,,0,36.0,obs,586,26.34,13.67,3.65,S3,26.34,13.67,3.65,S3,26.34,13.67,1.95,S3,9.626,0,S3,site_s3,S3,S3,S3
1786342411.236,c2,search,,0.0,31.1,20.71,6.75,S3,0,,0,4474.0,obs,878,31.1,20.71,10.98,S3,31.1,20.71,10.98,S3,31.1,20.71,6.75,S3,9.626,0,S3,site_s3,S3,S3,S3
1786342411.236,c2,recommend,,0.0,26.76,14.03,2.53,S3,0,,0,200.0,obs,1182,26.76,14.03,4.0,S3,26.76,14.03,4.0,S3,26.76,14.03,2.53,S3,9.626,0,S3,site_s3,S3,S3,S3
1786342412.236,c1,reserve,,0.0,26.34,13.67,1.56,S3,0,,0,36.0,obs,592,26.34,13.67,3.65,S3,26.34,13.67,3.65,S3,26.34,13.67,1.56,S3,9.529,0,S3,site_s3,S3,S3,S3
1786342412.236,c1,search,,0.0,31.1,20.71,5.24,S3,0,,0,4474.0,obs,881,31.1,20.71,10.98,S3,31.1,20.71,10.98,S3,31.1,20.71,5.24,S3,9.529,0,S3,site_s3,S3,S3,S3
1786342412.236,c1,recommend,,0.0,26.76,14.03,2.18,S3,0,,0,200.0,obs,1176,26.76,14.03,4.0,S3,26.76,14.03,4.0,S3,26.76,14.03,2.18,S3,9.529,0,S3,site_s3,S3,S3,S3
1786342412.236,c2,reserve,,0.0,26.34,13.67,1.56,S3,0,,0,36.0,obs,592,26.34,13.67,3.65,S3,26.34,13.67,3.65,S3,26.34,13.67,1.56,S3,9.529,0,S3,site_s3,S3,S3,S3
1786342412.236,c2,search,,0.0,31.1,20.71,5.24,S3,0,,0,4474.0,obs,881,31.1,20.71,10.98,S3,31.1,20.71,10.98,S3,31.1,20.71,5.24,S3,9.529,0,S3,site_s3,S3,S3,S3
1786342412.236,c2,recommend,,0.0,26.76,14.03,2.18,S3,0,,0,200.0,obs,1176,26.76,14.03,4.0,S3,26.76,14.03,4.0,S3,26.76,14.03,2.18,S3,9.529,0,S3,site_s3,S3,S3,S3
1786342413.236,c1,reserve,,0.0,26.34,13.67,1.23,S3,0,,0,36.0,obs,587,26.34,13.67,3.65,S3,26.34,13.67,3.65,S3,26.34,13.67,1.23,S3,10.06,0,S3,site_s3,S3,S3,S3
1786342413.236,c1,search,,0.0,31.1,20.71,5.05,S3,0,,0,4474.0,obs,883,31.1,20.71,10.98,S3,31.1,20.71,10.98,S3,31.1,20.71,5.05,S3,10.06,0,S3,site_s3,S3,S3,S3
1786342413.236,c1,recommend,,0.0,26.76,14.03,2.16,S3,0,,0,200.0,obs,1183,26.76,14.03,4.0,S3,26.76,14.03,4.0,S3,26.76,14.03,2.16,S3,10.06,0,S3,site_s3,S3,S3,S3
1786342413.236,c2,reserve,,0.0,26.34,13.67,1.23,S3,0,,0,36.0,obs,587,26.34,13.67,3.65,S3,26.34,13.67,3.65,S3,26.34,13.67,1.23,S3,10.06,0,S3,site_s3,S3,S3,S3
1786342413.236,c2,search,,0.0,31.1,20.71,5.05,S3,0,,0,4474.0,obs,883,31.1,20.71,10.98,S3,31.1,20.71,10.98,S3,31.1,20.71,5.05,S3,10.06,0,S3,site_s3,S3,S3,S3
1786342413.236,c2,recommend,,0.0,26.76,14.03,2.16,S3,0,,0,200.0,obs,1183,26.76,14.03,4.0,S3,26.76,14.03,4.0,S3,26.76,14.03,2.16,S3,10.06,0,S3,site_s3,S3,S3,S3
1786342414.235,c1,reserve,,0.0,26.34,13.67,1.63,S3,0,,0,36.0,obs,593,26.34,13.67,3.65,S3,26.34,13.67,3.65,S3,26.34,13.67,1.63,S3,8.934,0,S3,site_s3,S3,S3,S3
1786342414.235,c1,search,,0.0,31.1,20.71,6.73,S3,0,,0,4474.0,obs,882,31.1,20.71,10.98,S3,31.1,20.71,10.98,S3,31.1,20.71,6.73,S3,8.934,0,S3,site_s3,S3,S3,S3
1786342414.235,c1,recommend,,0.0,26.76,14.03,2.43,S3,0,,0,200.0,obs,1179,26.76,14.03,4.0,S3,26.76,14.03,4.0,S3,26.76,14.03,2.43,S3,8.934,0,S3,site_s3,S3,S3,S3
1786342414.235,c2,reserve,,0.0,26.34,13.67,1.63,S3,0,,0,36.0,obs,593,26.34,13.67,3.65,S3,26.34,13.67,3.65,S3,26.34,13.67,1.63,S3,8.934,0,S3,site_s3,S3,S3,S3
1786342414.235,c2,search,,0.0,31.1,20.71,6.73,S3,0,,0,4474.0,obs,882,31.1,20.71,10.98,S3,31.1,20.71,10.98,S3,31.1,20.71,6.73,S3,8.934,0,S3,site_s3,S3,S3,S3
1786342414.235,c2,recommend,,0.0,26.76,14.03,2.43,S3,0,,0,200.0,obs,1179,26.76,14.03,4.0,S3,26.76,14.03,4.0,S3,26.76,14.03,2.43,S3,8.934,0,S3,site_s3,S3,S3,S3
1786342415.235,c1,reserve,,0.0,26.34,13.67,1.68,S3,0,,0,36.0,obs,588,26.34,13.67,3.65,S3,26.34,13.67,3.65,S3,26.34,13.67,1.68,S3,8.957,0,S3,site_s3,S3,S3,S3
1786342415.235,c1,search,,0.0,31.1,20.71,6.01,S3,0,,0,4474.0,obs,886,31.1,20.71,10.98,S3,31.1,20.71,10.98,S3,31.1,20.71,6.01,S3,8.957,0,S3,site_s3,S3,S3,S3
1786342415.235,c1,recommend,,0.0,26.76,14.03,2.17,S3,0,,0,200.0,obs,1182,26.76,14.03,4.0,S3,26.76,14.03,4.0,S3,26.76,14.03,2.17,S3,8.957,0,S3,site_s3,S3,S3,S3
1786342415.235,c2,reserve,,0.0,26.34,13.67,1.68,S3,0,,0,36.0,obs,588,26.34,13.67,3.65,S3,26.34,13.67,3.65,S3,26.34,13.67,1.68,S3,8.957,0,S3,site_s3,S3,S3,S3
1786342415.235,c2,search,,0.0,31.1,20.71,6.01,S3,0,,0,4474.0,obs,886,31.1,20.71,10.98,S3,31.1,20.71,10.98,S3,31.1,20.71,6.01,S3,8.957,0,S3,site_s3,S3,S3,S3
1786342415.235,c2,recommend,,0.0,26.76,14.03,2.17,S3,0,,0,200.0,obs,1182,26.76,14.03,4.0,S3,26.76,14.03,4.0,S3,26.76,14.03,2.17,S3,8.957,0,S3,site_s3,S3,S3,S3
1786342416.236,c1,reserve,,0.0,26.34,13.67,1.74,S3,0,,0,36.0,obs,592,26.34,13.67,3.65,S3,26.34,13.67,3.65,S3,26.34,13.67,1.74,S3,9.397,0,S3,site_s3,S3,S3,S3
1786342416.236,c1,search,,0.0,31.1,20.71,5.93,S3,0,,0,4474.0,obs,880,31.1,20.71,10.98,S3,31.1,20.71,10.98,S3,31.1,20.71,5.93,S3,9.397,0,S3,site_s3,S3,S3,S3
1786342416.236,c1,recommend,,0.0,26.76,14.03,2.01,S3,0,,0,200.0,obs,1182,26.76,14.03,4.0,S3,26.76,14.03,4.0,S3,26.76,14.03,2.01,S3,9.397,0,S3,site_s3,S3,S3,S3
1786342416.236,c2,reserve,,0.0,26.34,13.67,1.74,S3,0,,0,36.0,obs,592,26.34,13.67,3.65,S3,26.34,13.67,3.65,S3,26.34,13.67,1.74,S3,9.397,0,S3,site_s3,S3,S3,S3
1786342416.236,c2,search,,0.0,31.1,20.71,5.93,S3,0,,0,4474.0,obs,880,31.1,20.71,10.98,S3,31.1,20.71,10.98,S3,31.1,20.71,5.93,S3,9.397,0,S3,site_s3,S3,S3,S3
1786342416.236,c2,recommend,,0.0,26.76,14.03,2.01,S3,0,,0,200.0,obs,1182,26.76,14.03,4.0,S3,26.76,14.03,4.0,S3,26.76,14.03,2.01,S3,9.397,0,S3,site_s3,S3,S3,S3
1786342417.236,c1,reserve,,0.0,26.34,13.67,1.52,S3,0,,0,36.0,obs,592,26.34,13.67,3.65,S3,26.34,13.67,3.65,S3,26.34,13.67,1.52,S3,9.594,0,S3,site_s3,S3,S3,S3
1786342417.236,c1,search,,0.0,31.1,20.71,5.79,S3,0,,0,4474.0,obs,887,31.1,20.71,10.98,S3,31.1,20.71,10.98,S3,31.1,20.71,5.79,S3,9.594,0,S3,site_s3,S3,S3,S3
1786342417.236,c1,recommend,,0.0,26.76,14.03,1.92,S3,0,,0,200.0,obs,1178,26.76,14.03,4.0,S3,26.76,14.03,4.0,S3,26.76,14.03,1.92,S3,9.594,0,S3,site_s3,S3,S3,S3
1786342417.236,c2,reserve,,0.0,26.34,13.67,1.52,S3,0,,0,36.0,obs,592,26.34,13.67,3.65,S3,26.34,13.67,3.65,S3,26.34,13.67,1.52,S3,9.594,0,S3,site_s3,S3,S3,S3
1786342417.236,c2,search,,0.0,31.1,20.71,5.79,S3,0,,0,4474.0,obs,887,31.1,20.71,10.98,S3,31.1,20.71,10.98,S3,31.1,20.71,5.79,S3,9.594,0,S3,site_s3,S3,S3,S3
1786342417.236,c2,recommend,,0.0,26.76,14.03,1.92,S3,0,,0,200.0,obs,1178,26.76,14.03,4.0,S3,26.76,14.03,4.0,S3,26.76,14.03,1.92,S3,9.594,0,S3,site_s3,S3,S3,S3
1786342418.236,c1,reserve,,0.0,26.34,13.67,1.62,S3,0,,0,36.0,obs,588,26.34,13.67,3.65,S3,26.34,13.67,3.65,S3,26.34,13.67,1.62,S3,10.29,0,S3,site_s3,S3,S3,S3
1786342418.236,c1,search,,0.0,31.1,20.71,6.41,S3,0,,0,4474.0,obs,884,31.1,20.71,10.98,S3,31.1,20.71,10.98,S3,31.1,20.71,6.41,S3,10.29,0,S3,site_s3,S3,S3,S3
1786342418.236,c1,recommend,,0.0,26.76,14.03,2.07,S3,0,,0,200.0,obs,1188,26.76,14.03,4.0,S3,26.76,14.03,4.0,S3,26.76,14.03,2.07,S3,10.29,0,S3,site_s3,S3,S3,S3
1786342418.236,c2,reserve,,0.0,26.34,13.67,1.62,S3,0,,0,36.0,obs,588,26.34,13.67,3.65,S3,26.34,13.67,3.65,S3,26.34,13.67,1.62,S3,10.29,0,S3,site_s3,S3,S3,S3
1786342418.236,c2,search,,0.0,31.1,20.71,6.41,S3,0,,0,4474.0,obs,884,31.1,20.71,10.98,S3,31.1,20.71,10.98,S3,31.1,20.71,6.41,S3,10.29,0,S3,site_s3,S3,S3,S3
1786342418.236,c2,recommend,,0.0,26.76,14.03,2.07,S3,0,,0,200.0,obs,1188,26.76,14.03,4.0,S3,26.76,14.03,4.0,S3,26.76,14.03,2.07,S3,10.29,0,S3,site_s3,S3,S3,S3
1786342419.236,c1,reserve,,0.0,26.34,13.67,2.11,S3,0,,0,36.0,obs,595,26.34,13.67,3.65,S3,26.34,13.67,3.65,S3,26.34,13.67,2.11,S3,9.591,0,S3,site_s3,S3,S3,S3
1786342419.236,c1,search,,0.0,31.1,20.71,6.72,S3,0,,0,4474.0,obs,888,31.1,20.71,10.98,S3,31.1,20.71,10.98,S3,31.1,20.71,6.72,S3,9.591,0,S3,site_s3,S3,S3,S3
1786342419.236,c1,recommend,,0.0,26.76,14.03,2.3,S3,0,,0,200.0,obs,1181,26.76,14.03,4.0,S3,26.76,14.03,4.0,S3,26.76,14.03,2.3,S3,9.591,0,S3,site_s3,S3,S3,S3
1786342419.236,c2,reserve,,0.0,26.34,13.67,2.11,S3,0,,0,36.0,obs,595,26.34,13.67,3.65,S3,26.34,13.67,3.65,S3,26.34,13.67,2.11,S3,9.591,0,S3,site_s3,S3,S3,S3
1786342419.236,c2,search,,0.0,31.1,20.71,6.72,S3,0,,0,4474.0,obs,888,31.1,20.71,10.98,S3,31.1,20.71,10.98,S3,31.1,20.71,6.72,S3,9.591,0,S3,site_s3,S3,S3,S3
1786342419.236,c2,recommend,,0.0,26.76,14.03,2.3,S3,0,,0,200.0,obs,1181,26.76,14.03,4.0,S3,26.76,14.03,4.0,S3,26.76,14.03,2.3,S3,9.591,0,S3,site_s3,S3,S3,S3
1786342420.237,c1,reserve,,0.0,26.34,13.67,1.7,S3,0,,0,36.0,obs,590,26.34,13.67,3.65,S3,26.34,13.67,3.65,S3,26.34,13.67,1.7,S3,10.793,0,S3,site_s3,S3,S3,S3
1786342420.237,c1,search,,0.0,31.1,20.71,6.53,S3,0,,0,4474.0,obs,888,31.1,20.71,10.98,S3,31.1,20.71,10.98,S3,31.1,20.71,6.53,S3,10.793,0,S3,site_s3,S3,S3,S3
1786342420.237,c1,recommend,,0.0,26.76,14.03,2.37,S3,0,,0,200.0,obs,1187,26.76,14.03,4.0,S3,26.76,14.03,4.0,S3,26.76,14.03,2.37,S3,10.793,0,S3,site_s3,S3,S3,S3
1786342420.237,c2,reserve,,0.0,26.34,13.67,1.7,S3,0,,0,36.0,obs,590,26.34,13.67,3.65,S3,26.34,13.67,3.65,S3,26.34,13.67,1.7,S3,10.793,0,S3,site_s3,S3,S3,S3
1786342420.237,c2,search,,0.0,31.1,20.71,6.53,S3,0,,0,4474.0,obs,888,31.1,20.71,10.98,S3,31.1,20.71,10.98,S3,31.1,20.71,6.53,S3,10.793,0,S3,site_s3,S3,S3,S3
1786342420.237,c2,recommend,,0.0,26.76,14.03,2.37,S3,0,,0,200.0,obs,1187,26.76,14.03,4.0,S3,26.76,14.03,4.0,S3,26.76,14.03,2.37,S3,10.793,0,S3,site_s3,S3,S3,S3
1786342421.237,c1,reserve,,0.0,26.34,13.67,1.89,S3,0,,0,36.0,obs,596,26.34,13.67,3.65,S3,26.34,13.67,3.65,S3,26.34,13.67,1.89,S3,10.992,0,S3,site_s3,S3,S3,S3
1786342421.237,c1,search,,0.0,31.1,20.71,6.79,S3,0,,0,4474.0,obs,884,31.1,20.71,10.98,S3,31.1,20.71,10.98,S3,31.1,20.71,6.79,S3,10.992,0,S3,site_s3,S3,S3,S3
1786342421.237,c1,recommend,,0.0,26.76,14.03,2.44,S3,0,,0,200.0,obs,1185,26.76,14.03,4.0,S3,26.76,14.03,4.0,S3,26.76,14.03,2.44,S3,10.992,0,S3,site_s3,S3,S3,S3
1786342421.237,c2,reserve,,0.0,26.34,13.67,1.89,S3,0,,0,36.0,obs,596,26.34,13.67,3.65,S3,26.34,13.67,3.65,S3,26.34,13.67,1.89,S3,10.992,0,S3,site_s3,S3,S3,S3
1786342421.237,c2,search,,0.0,31.1,20.71,6.79,S3,0,,0,4474.0,obs,884,31.1,20.71,10.98,S3,31.1,20.71,10.98,S3,31.1,20.71,6.79,S3,10.992,0,S3,site_s3,S3,S3,S3
1786342421.237,c2,recommend,,0.0,26.76,14.03,2.44,S3,0,,0,200.0,obs,1185,26.76,14.03,4.0,S3,26.76,14.03,4.0,S3,26.76,14.03,2.44,S3,10.992,0,S3,site_s3,S3,S3,S3
1786342422.237,c1,reserve,,0.0,26.34,13.67,1.89,S3,0,,0,36.0,obs,590,26.34,13.67,3.65,S3,26.34,13.67,3.65,S3,26.34,13.67,1.89,S3,10.783,0,S3,site_s3,S3,S3,S3
1786342422.237,c1,search,,0.0,31.1,20.71,6.62,S3,0,,0,4474.0,obs,888,31.1,20.71,10.98,S3,31.1,20.71,10.98,S3,31.1,20.71,6.62,S3,10.783,0,S3,site_s3,S3,S3,S3
1786342422.237,c1,recommend,,0.0,26.76,14.03,2.31,S3,0,,0,200.0,obs,1187,26.76,14.03,4.0,S3,26.76,14.03,4.0,S3,26.76,14.03,2.31,S3,10.783,0,S3,site_s3,S3,S3,S3
1786342422.237,c2,reserve,,0.0,26.34,13.67,1.89,S3,0,,0,36.0,obs,590,26.34,13.67,3.65,S3,26.34,13.67,3.65,S3,26.34,13.67,1.89,S3,10.783,0,S3,site_s3,S3,S3,S3
1786342422.237,c2,search,,0.0,31.1,20.71,6.62,S3,0,,0,4474.0,obs,888,31.1,20.71,10.98,S3,31.1,20.71,10.98,S3,31.1,20.71,6.62,S3,10.783,0,S3,site_s3,S3,S3,S3
1786342422.237,c2,recommend,,0.0,26.76,14.03,2.31,S3,0,,0,200.0,obs,1187,26.76,14.03,4.0,S3,26.76,14.03,4.0,S3,26.76,14.03,2.31,S3,10.783,0,S3,site_s3,S3,S3,S3
1786342423.237,c1,reserve,,0.0,26.34,13.67,1.62,S3,0,,0,36.0,obs,594,26.34,13.67,3.65,S3,26.34,13.67,3.65,S3,26.34,13.67,1.62,S3,10.774,0,S3,site_s3,S3,S3,S3
1786342423.237,c1,search,,0.0,31.1,20.71,6.66,S3,0,,0,4474.0,obs,885,31.1,20.71,10.98,S3,31.1,20.71,10.98,S3,31.1,20.71,6.66,S3,10.774,0,S3,site_s3,S3,S3,S3
1786342423.237,c1,recommend,,0.0,26.76,14.03,2.42,S3,0,,0,200.0,obs,1188,26.76,14.03,4.0,S3,26.76,14.03,4.0,S3,26.76,14.03,2.42,S3,10.774,0,S3,site_s3,S3,S3,S3
1786342423.237,c2,reserve,,0.0,26.34,13.67,1.62,S3,0,,0,36.0,obs,594,26.34,13.67,3.65,S3,26.34,13.67,3.65,S3,26.34,13.67,1.62,S3,10.774,0,S3,site_s3,S3,S3,S3
1786342423.237,c2,search,,0.0,31.1,20.71,6.66,S3,0,,0,4474.0,obs,885,31.1,20.71,10.98,S3,31.1,20.71,10.98,S3,31.1,20.71,6.66,S3,10.774,0,S3,site_s3,S3,S3,S3
1786342423.237,c2,recommend,,0.0,26.76,14.03,2.42,S3,0,,0,200.0,obs,1188,26.76,14.03,4.0,S3,26.76,14.03,4.0,S3,26.76,14.03,2.42,S3,10.774,0,S3,site_s3,S3,S3,S3
1786342424.237,c1,reserve,,0.0,26.34,13.67,1.86,S3,0,,0,36.0,obs,593,26.34,13.67,3.65,S3,26.34,13.67,3.65,S3,26.34,13.67,1.86,S3,10.555,0,S3,site_s3,S3,S3,S3
1786342424.237,c1,search,,0.0,31.1,20.71,6.95,S3,0,,0,4474.0,obs,890,31.1,20.71,10.98,S3,31.1,20.71,10.98,S3,31.1,20.71,6.95,S3,10.555,0,S3,site_s3,S3,S3,S3
1786342424.237,c1,recommend,,0.0,26.76,14.03,2.52,S3,0,,0,200.0,obs,1186,26.76,14.03,4.0,S3,26.76,14.03,4.0,S3,26.76,14.03,2.52,S3,10.555,0,S3,site_s3,S3,S3,S3
1786342424.237,c2,reserve,,0.0,26.34,13.67,1.86,S3,0,,0,36.0,obs,593,26.34,13.67,3.65,S3,26.34,13.67,3.65,S3,26.34,13.67,1.86,S3,10.555,0,S3,site_s3,S3,S3,S3
1786342424.237,c2,search,,0.0,31.1,20.71,6.95,S3,0,,0,4474.0,obs,890,31.1,20.71,10.98,S3,31.1,20.71,10.98,S3,31.1,20.71,6.95,S3,10.555,0,S3,site_s3,S3,S3,S3
1786342424.237,c2,recommend,,0.0,26.76,14.03,2.52,S3,0,,0,200.0,obs,1186,26.76,14.03,4.0,S3,26.76,14.03,4.0,S3,26.76,14.03,2.52,S3,10.555,0,S3,site_s3,S3,S3,S3
1786342425.237,c1,reserve,,0.0,26.34,13.67,1.98,S3,0,,0,36.0,obs,594,26.34,13.67,3.65,S3,26.34,13.67,3.65,S3,26.34,13.67,1.98,S3,10.752,0,S3,site_s3,S3,S3,S3
1786342425.237,c1,search,,0.0,31.1,20.71,6.72,S3,0,,0,4474.0,obs,886,31.1,20.71,10.98,S3,31.1,20.71,10.98,S3,31.1,20.71,6.72,S3,10.752,0,S3,site_s3,S3,S3,S3
1786342425.237,c1,recommend,,0.0,26.76,14.03,2.45,S3,0,,0,200.0,obs,1190,26.76,14.03,4.0,S3,26.76,14.03,4.0,S3,26.76,14.03,2.45,S3,10.752,0,S3,site_s3,S3,S3,S3
1786342425.237,c2,reserve,,0.0,26.34,13.67,1.98,S3,0,,0,36.0,obs,594,26.34,13.67,3.65,S3,26.34,13.67,3.65,S3,26.34,13.67,1.98,S3,10.752,0,S3,site_s3,S3,S3,S3
1786342425.237,c2,search,,0.0,31.1,20.71,6.72,S3,0,,0,4474.0,obs,886,31.1,20.71,10.98,S3,31.1,20.71,10.98,S3,31.1,20.71,6.72,S3,10.752,0,S3,site_s3,S3,S3,S3
1786342425.237,c2,recommend,,0.0,26.76,14.03,2.45,S3,0,,0,200.0,obs,1190,26.76,14.03,4.0,S3,26.76,14.03,4.0,S3,26.76,14.03,2.45,S3,10.752,0,S3,site_s3,S3,S3,S3
1786342426.237,c1,reserve,,0.0,26.34,13.67,1.7,S3,0,,0,36.0,obs,596,26.34,13.67,3.65,S3,26.34,13.67,3.65,S3,26.34,13.67,1.7,S3,10.863,0,S3,site_s3,S3,S3,S3
1786342426.237,c1,search,,0.0,31.1,20.71,6.46,S3,0,,0,4474.0,obs,889,31.1,20.71,10.98,S3,31.1,20.71,10.98,S3,31.1,20.71,6.46,S3,10.863,0,S3,site_s3,S3,S3,S3
1786342426.237,c1,recommend,,0.0,26.76,14.03,2.38,S3,0,,0,200.0,obs,1184,26.76,14.03,4.0,S3,26.76,14.03,4.0,S3,26.76,14.03,2.38,S3,10.863,0,S3,site_s3,S3,S3,S3
1786342426.237,c2,reserve,,0.0,26.34,13.67,1.7,S3,0,,0,36.0,obs,596,26.34,13.67,3.65,S3,26.34,13.67,3.65,S3,26.34,13.67,1.7,S3,10.863,0,S3,site_s3,S3,S3,S3
1786342426.237,c2,search,,0.0,31.1,20.71,6.46,S3,0,,0,4474.0,obs,889,31.1,20.71,10.98,S3,31.1,20.71,10.98,S3,31.1,20.71,6.46,S3,10.863,0,S3,site_s3,S3,S3,S3
1786342426.237,c2,recommend,,0.0,26.76,14.03,2.38,S3,0,,0,200.0,obs,1184,26.76,14.03,4.0,S3,26.76,14.03,4.0,S3,26.76,14.03,2.38,S3,10.863,0,S3,site_s3,S3,S3,S3
1786342427.237,c1,reserve,,0.0,26.34,13.67,1.32,S3,0,,0,36.0,obs,592,26.34,13.67,3.65,S3,26.34,13.67,3.65,S3,26.34,13.67,1.32,S3,11.087,0,S3,site_s3,S3,S3,S3
1786342427.237,c1,search,,0.0,31.1,20.71,5.8,S3,0,,0,4474.0,obs,890,31.1,20.71,10.98,S3,31.1,20.71,10.98,S3,31.1,20.71,5.8,S3,11.087,0,S3,site_s3,S3,S3,S3
1786342427.237,c1,recommend,,0.0,26.76,14.03,2.1,S3,0,,0,200.0,obs,1191,26.76,14.03,4.0,S3,26.76,14.03,4.0,S3,26.76,14.03,2.1,S3,11.087,0,S3,site_s3,S3,S3,S3
1786342427.237,c2,reserve,,0.0,26.34,13.67,1.32,S3,0,,0,36.0,obs,592,26.34,13.67,3.65,S3,26.34,13.67,3.65,S3,26.34,13.67,1.32,S3,11.087,0,S3,site_s3,S3,S3,S3
1786342427.237,c2,search,,0.0,31.1,20.71,5.8,S3,0,,0,4474.0,obs,890,31.1,20.71,10.98,S3,31.1,20.71,10.98,S3,31.1,20.71,5.8,S3,11.087,0,S3,site_s3,S3,S3,S3
1786342427.237,c2,recommend,,0.0,26.76,14.03,2.1,S3,0,,0,200.0,obs,1191,26.76,14.03,4.0,S3,26.76,14.03,4.0,S3,26.76,14.03,2.1,S3,11.087,0,S3,site_s3,S3,S3,S3
1786342428.237,c1,reserve,,0.0,26.34,13.67,1.62,S3,0,,0,36.0,obs,597,26.34,13.67,3.65,S3,26.34,13.67,3.65,S3,26.34,13.67,1.62,S3,10.639,0,S3,site_s3,S3,S3,S3
1786342428.237,c1,search,,0.0,31.1,20.71,6.48,S3,0,,0,4474.0,obs,888,31.1,20.71,10.98,S3,31.1,20.71,10.98,S3,31.1,20.71,6.48,S3,10.639,0,S3,site_s3,S3,S3,S3
1786342428.237,c1,recommend,,0.0,26.76,14.03,2.3,S3,0,,0,200.0,obs,1189,26.76,14.03,4.0,S3,26.76,14.03,4.0,S3,26.76,14.03,2.3,S3,10.639,0,S3,site_s3,S3,S3,S3
1786342428.237,c2,reserve,,0.0,26.34,13.67,1.62,S3,0,,0,36.0,obs,597,26.34,13.67,3.65,S3,26.34,13.67,3.65,S3,26.34,13.67,1.62,S3,10.639,0,S3,site_s3,S3,S3,S3
1786342428.237,c2,search,,0.0,31.1,20.71,6.48,S3,0,,0,4474.0,obs,888,31.1,20.71,10.98,S3,31.1,20.71,10.98,S3,31.1,20.71,6.48,S3,10.639,0,S3,site_s3,S3,S3,S3
1786342428.237,c2,recommend,,0.0,26.76,14.03,2.3,S3,0,,0,200.0,obs,1189,26.76,14.03,4.0,S3,26.76,14.03,4.0,S3,26.76,14.03,2.3,S3,10.639,0,S3,site_s3,S3,S3,S3
1786342429.237,c1,reserve,,0.0,26.34,13.67,1.82,S3,0,,0,36.0,obs,592,26.34,13.67,3.65,S3,26.34,13.67,3.65,S3,26.34,13.67,1.82,S3,10.942,0,S3,site_s3,S3,S3,S3
1786342429.237,c1,search,,0.0,31.1,20.71,6.97,S3,0,,0,4474.0,obs,892,31.1,20.71,10.98,S3,31.1,20.71,10.98,S3,31.1,20.71,6.97,S3,10.942,0,S3,site_s3,S3,S3,S3
1786342429.237,c1,recommend,,0.0,26.76,14.03,2.45,S3,0,,0,200.0,obs,1192,26.76,14.03,4.0,S3,26.76,14.03,4.0,S3,26.76,14.03,2.45,S3,10.942,0,S3,site_s3,S3,S3,S3
1786342429.237,c2,reserve,,0.0,26.34,13.67,1.82,S3,0,,0,36.0,obs,592,26.34,13.67,3.65,S3,26.34,13.67,3.65,S3,26.34,13.67,1.82,S3,10.942,0,S3,site_s3,S3,S3,S3
1786342429.237,c2,search,,0.0,31.1,20.71,6.97,S3,0,,0,4474.0,obs,892,31.1,20.71,10.98,S3,31.1,20.71,10.98,S3,31.1,20.71,6.97,S3,10.942,0,S3,site_s3,S3,S3,S3
1786342429.237,c2,recommend,,0.0,26.76,14.03,2.45,S3,0,,0,200.0,obs,1192,26.76,14.03,4.0,S3,26.76,14.03,4.0,S3,26.76,14.03,2.45,S3,10.942,0,S3,site_s3,S3,S3,S3
1786342430.237,c1,reserve,,0.0,26.34,13.67,1.69,S3,0,,0,36.0,obs,596,26.34,13.67,3.65,S3,26.34,13.67,3.65,S3,26.34,13.67,1.69,S3,10.767,0,S3,site_s3,S3,S3,S3
1786342430.237,c1,search,,0.0,31.1,20.71,6.83,S3,0,,0,4474.0,obs,889,31.1,20.71,10.98,S3,31.1,20.71,10.98,S3,31.1,20.71,6.83,S3,10.767,0,S3,site_s3,S3,S3,S3
1786342430.237,c1,recommend,,0.0,26.76,14.03,2.42,S3,0,,0,200.0,obs,1191,26.76,14.03,4.0,S3,26.76,14.03,4.0,S3,26.76,14.03,2.42,S3,10.767,0,S3,site_s3,S3,S3,S3
1786342430.237,c2,reserve,,0.0,26.34,13.67,1.69,S3,0,,0,36.0,obs,596,26.34,13.67,3.65,S3,26.34,13.67,3.65,S3,26.34,13.67,1.69,S3,10.767,0,S3,site_s3,S3,S3,S3
1786342430.237,c2,search,,0.0,31.1,20.71,6.83,S3,0,,0,4474.0,obs,889,31.1,20.71,10.98,S3,31.1,20.71,10.98,S3,31.1,20.71,6.83,S3,10.767,0,S3,site_s3,S3,S3,S3
1786342430.237,c2,recommend,,0.0,26.76,14.03,2.42,S3,0,,0,200.0,obs,1191,26.76,14.03,4.0,S3,26.76,14.03,4.0,S3,26.76,14.03,2.42,S3,10.767,0,S3,site_s3,S3,S3,S3
1786342431.237,c1,reserve,,0.0,26.34,13.67,1.77,S3,0,,0,36.0,obs,595,26.34,13.67,3.65,S3,26.34,13.67,3.65,S3,26.34,13.67,1.77,S3,10.534,0,S3,site_s3,S3,S3,S3
1786342431.237,c1,search,,0.0,31.1,20.71,6.56,S3,0,,0,4474.0,obs,893,31.1,20.71,10.98,S3,31.1,20.71,10.98,S3,31.1,20.71,6.56,S3,10.534,0,S3,site_s3,S3,S3,S3
1786342431.237,c1,recommend,,0.0,26.76,14.03,2.41,S3,0,,0,200.0,obs,1189,26.76,14.03,4.0,S3,26.76,14.03,4.0,S3,26.76,14.03,2.41,S3,10.534,0,S3,site_s3,S3,S3,S3
1786342431.237,c2,reserve,,0.0,26.34,13.67,1.77,S3,0,,0,36.0,obs,595,26.34,13.67,3.65,S3,26.34,13.67,3.65,S3,26.34,13.67,1.77,S3,10.534,0,S3,site_s3,S3,S3,S3
1786342431.237,c2,search,,0.0,31.1,20.71,6.56,S3,0,,0,4474.0,obs,893,31.1,20.71,10.98,S3,31.1,20.71,10.98,S3,31.1,20.71,6.56,S3,10.534,0,S3,site_s3,S3,S3,S3
1786342431.237,c2,recommend,,0.0,26.76,14.03,2.41,S3,0,,0,200.0,obs,1189,26.76,14.03,4.0,S3,26.76,14.03,4.0,S3,26.76,14.03,2.41,S3,10.534,0,S3,site_s3,S3,S3,S3
1786342432.237,c1,reserve,,0.0,26.34,13.67,1.82,S3,0,,0,36.0,obs,596,26.34,13.67,3.65,S3,26.34,13.67,3.65,S3,26.34,13.67,1.82,S3,10.792,0,S3,site_s3,S3,S3,S3
1786342432.237,c1,search,,0.0,31.1,20.71,6.59,S3,0,,0,4474.0,obs,889,31.1,20.71,10.98,S3,31.1,20.71,10.98,S3,31.1,20.71,6.59,S3,10.792,0,S3,site_s3,S3,S3,S3
1786342432.237,c1,recommend,,0.0,26.76,14.03,2.32,S3,0,,0,200.0,obs,1193,26.76,14.03,4.0,S3,26.76,14.03,4.0,S3,26.76,14.03,2.32,S3,10.792,0,S3,site_s3,S3,S3,S3
1786342432.237,c2,reserve,,0.0,26.34,13.67,1.82,S3,0,,0,36.0,obs,596,26.34,13.67,3.65,S3,26.34,13.67,3.65,S3,26.34,13.67,1.82,S3,10.792,0,S3,site_s3,S3,S3,S3
1786342432.237,c2,search,,0.0,31.1,20.71,6.59,S3,0,,0,4474.0,obs,889,31.1,20.71,10.98,S3,31.1,20.71,10.98,S3,31.1,20.71,6.59,S3,10.792,0,S3,site_s3,S3,S3,S3
1786342432.237,c2,recommend,,0.0,26.76,14.03,2.32,S3,0,,0,200.0,obs,1193,26.76,14.03,4.0,S3,26.76,14.03,4.0,S3,26.76,14.03,2.32,S3,10.792,0,S3,site_s3,S3,S3,S3
1786342433.237,c1,reserve,,0.0,26.34,13.67,1.87,S3,0,,0,36.0,obs,598,26.34,13.67,3.65,S3,26.34,13.67,3.65,S3,26.34,13.67,1.87,S3,10.758,0,S3,site_s3,S3,S3,S3
1786342433.237,c1,search,,0.0,31.1,20.71,6.93,S3,0,,0,4474.0,obs,893,31.1,20.71,10.98,S3,31.1,20.71,10.98,S3,31.1,20.71,6.93,S3,10.758,0,S3,site_s3,S3,S3,S3
1786342433.237,c1,recommend,,0.0,26.76,14.03,2.31,S3,0,,0,200.0,obs,1187,26.76,14.03,4.0,S3,26.76,14.03,4.0,S3,26.76,14.03,2.31,S3,10.758,0,S3,site_s3,S3,S3,S3
1786342433.237,c2,reserve,,0.0,26.34,13.67,1.87,S3,0,,0,36.0,obs,598,26.34,13.67,3.65,S3,26.34,13.67,3.65,S3,26.34,13.67,1.87,S3,10.758,0,S3,site_s3,S3,S3,S3
1786342433.237,c2,search,,0.0,31.1,20.71,6.93,S3,0,,0,4474.0,obs,893,31.1,20.71,10.98,S3,31.1,20.71,10.98,S3,31.1,20.71,6.93,S3,10.758,0,S3,site_s3,S3,S3,S3
1786342433.237,c2,recommend,,0.0,26.76,14.03,2.31,S3,0,,0,200.0,obs,1187,26.76,14.03,4.0,S3,26.76,14.03,4.0,S3,26.76,14.03,2.31,S3,10.758,0,S3,site_s3,S3,S3,S3
1786342434.237,c1,reserve,,0.0,26.34,13.67,0.83,S3,0,,0,36.0,obs,594,26.34,13.67,3.65,S3,26.34,13.67,3.65,S3,26.34,13.67,0.83,S3,10.864,0,S3,site_s3,S3,S3,S3
1786342434.237,c1,search,,0.0,31.1,20.71,4.74,S3,0,,0,4474.0,obs,891,31.1,20.71,10.98,S3,31.1,20.71,10.98,S3,31.1,20.71,4.74,S3,10.864,0,S3,site_s3,S3,S3,S3
1786342434.237,c1,recommend,,0.0,26.76,14.03,2.08,S3,0,,0,200.0,obs,1196,26.76,14.03,4.0,S3,26.76,14.03,4.0,S3,26.76,14.03,2.08,S3,10.864,0,S3,site_s3,S3,S3,S3
1786342434.237,c2,reserve,,0.0,26.34,13.67,0.83,S3,0,,0,36.0,obs,594,26.34,13.67,3.65,S3,26.34,13.67,3.65,S3,26.34,13.67,0.83,S3,10.864,0,S3,site_s3,S3,S3,S3
1786342434.237,c2,search,,0.0,31.1,20.71,4.74,S3,0,,0,4474.0,obs,891,31.1,20.71,10.98,S3,31.1,20.71,10.98,S3,31.1,20.71,4.74,S3,10.864,0,S3,site_s3,S3,S3,S3
1786342434.237,c2,recommend,,0.0,26.76,14.03,2.08,S3,0,,0,200.0,obs,1196,26.76,14.03,4.0,S3,26.76,14.03,4.0,S3,26.76,14.03,2.08,S3,10.864,0,S3,site_s3,S3,S3,S3
1786342435.237,c1,reserve,,0.0,26.34,13.67,0.57,S3,0,,0,36.0,obs,600,26.34,13.67,3.65,S3,26.34,13.67,3.65,S3,26.34,13.67,0.57,S3,10.656,0,S3,site_s3,S3,S3,S3
1786342435.237,c1,search,,0.0,31.1,20.71,4.74,S3,0,,0,4474.0,obs,892,31.1,20.71,10.98,S3,31.1,20.71,10.98,S3,31.1,20.71,4.74,S3,10.656,0,S3,site_s3,S3,S3,S3
1786342435.237,c1,recommend,,0.0,26.76,14.03,1.89,S3,0,,0,200.0,obs,1189,26.76,14.03,4.0,S3,26.76,14.03,4.0,S3,26.76,14.03,1.89,S3,10.656,0,S3,site_s3,S3,S3,S3
1786342435.237,c2,reserve,,0.0,26.34,13.67,0.57,S3,0,,0,36.0,obs,600,26.34,13.67,3.65,S3,26.34,13.67,3.65,S3,26.34,13.67,0.57,S3,10.656,0,S3,site_s3,S3,S3,S3
1786342435.237,c2,search,,0.0,31.1,20.71,4.74,S3,0,,0,4474.0,obs,892,31.1,20.71,10.98,S3,31.1,20.71,10.98,S3,31.1,20.71,4.74,S3,10.656,0,S3,site_s3,S3,S3,S3
1786342435.237,c2,recommend,,0.0,26.76,14.03,1.89,S3,0,,0,200.0,obs,1189,26.76,14.03,4.0,S3,26.76,14.03,4.0,S3,26.76,14.03,1.89,S3,10.656,0,S3,site_s3,S3,S3,S3
1786342436.236,c1,reserve,,0.0,26.34,13.67,1.64,S3,0,,0,36.0,obs,593,26.34,13.67,3.65,S3,26.34,13.67,3.65,S3,26.34,13.67,1.64,S3,9.77,0,S3,site_s3,S3,S3,S3
1786342436.236,c1,search,,0.0,31.1,20.71,6.37,S3,0,,0,4474.0,obs,894,31.1,20.71,10.98,S3,31.1,20.71,10.98,S3,31.1,20.71,6.37,S3,9.77,0,S3,site_s3,S3,S3,S3
1786342436.236,c1,recommend,,0.0,26.76,14.03,2.19,S3,0,,0,200.0,obs,1196,26.76,14.03,4.0,S3,26.76,14.03,4.0,S3,26.76,14.03,2.19,S3,9.77,0,S3,site_s3,S3,S3,S3
1786342436.236,c2,reserve,,0.0,26.34,13.67,1.64,S3,0,,0,36.0,obs,593,26.34,13.67,3.65,S3,26.34,13.67,3.65,S3,26.34,13.67,1.64,S3,9.77,0,S3,site_s3,S3,S3,S3
1786342436.236,c2,search,,0.0,31.1,20.71,6.37,S3,0,,0,4474.0,obs,894,31.1,20.71,10.98,S3,31.1,20.71,10.98,S3,31.1,20.71,6.37,S3,9.77,0,S3,site_s3,S3,S3,S3
1786342436.236,c2,recommend,,0.0,26.76,14.03,2.19,S3,0,,0,200.0,obs,1196,26.76,14.03,4.0,S3,26.76,14.03,4.0,S3,26.76,14.03,2.19,S3,9.77,0,S3,site_s3,S3,S3,S3
1786342437.236,c1,reserve,,0.0,26.34,13.67,1.66,S3,0,,0,36.0,obs,598,26.34,13.67,3.65,S3,26.34,13.67,3.65,S3,26.34,13.67,1.66,S3,9.491,0,S3,site_s3,S3,S3,S3
1786342437.236,c1,search,,0.0,31.1,20.71,6.19,S3,0,,0,4474.0,obs,894,31.1,20.71,10.98,S3,31.1,20.71,10.98,S3,31.1,20.71,6.19,S3,9.491,0,S3,site_s3,S3,S3,S3
1786342437.236,c1,recommend,,0.0,26.76,14.03,2.17,S3,0,,0,200.0,obs,1196,26.76,14.03,4.0,S3,26.76,14.03,4.0,S3,26.76,14.03,2.17,S3,9.491,0,S3,site_s3,S3,S3,S3
1786342437.236,c2,reserve,,0.0,26.34,13.67,1.66,S3,0,,0,36.0,obs,598,26.34,13.67,3.65,S3,26.34,13.67,3.65,S3,26.34,13.67,1.66,S3,9.491,0,S3,site_s3,S3,S3,S3
1786342437.236,c2,search,,0.0,31.1,20.71,6.19,S3,0,,0,4474.0,obs,894,31.1,20.71,10.98,S3,31.1,20.71,10.98,S3,31.1,20.71,6.19,S3,9.491,0,S3,site_s3,S3,S3,S3
1786342437.236,c2,recommend,,0.0,26.76,14.03,2.17,S3,0,,0,200.0,obs,1196,26.76,14.03,4.0,S3,26.76,14.03,4.0,S3,26.76,14.03,2.17,S3,9.491,0,S3,site_s3,S3,S3,S3
1786342438.236,c1,reserve,,0.0,26.34,13.67,1.91,S3,0,,0,36.0,obs,598,26.34,13.67,3.65,S3,26.34,13.67,3.65,S3,26.34,13.67,1.91,S3,9.444,0,S3,site_s3,S3,S3,S3
1786342438.236,c1,search,,0.0,31.1,20.71,6.32,S3,0,,0,4474.0,obs,898,31.1,20.71,10.98,S3,31.1,20.71,10.98,S3,31.1,20.71,6.32,S3,9.444,0,S3,site_s3,S3,S3,S3
1786342438.236,c1,recommend,,0.0,26.76,14.03,2.32,S3,0,,0,200.0,obs,1194,26.76,14.03,4.0,S3,26.76,14.03,4.0,S3,26.76,14.03,2.32,S3,9.444,0,S3,site_s3,S3,S3,S3
1786342438.236,c2,reserve,,0.0,26.34,13.67,1.91,S3,0,,0,36.0,obs,598,26.34,13.67,3.65,S3,26.34,13.67,3.65,S3,26.34,13.67,1.91,S3,9.444,0,S3,site_s3,S3,S3,S3
1786342438.236,c2,search,,0.0,31.1,20.71,6.32,S3,0,,0,4474.0,obs,898,31.1,20.71,10.98,S3,31.1,20.71,10.98,S3,31.1,20.71,6.32,S3,9.444,0,S3,site_s3,S3,S3,S3
1786342438.236,c2,recommend,,0.0,26.76,14.03,2.32,S3,0,,0,200.0,obs,1194,26.76,14.03,4.0,S3,26.76,14.03,4.0,S3,26.76,14.03,2.32,S3,9.444,0,S3,site_s3,S3,S3,S3
1786342439.235,c1,reserve,,0.0,26.34,13.67,1.93,S3,0,,0,36.0,obs,598,26.34,13.67,3.65,S3,26.34,13.67,3.65,S3,26.34,13.67,1.93,S3,8.935,0,S3,site_s3,S3,S3,S3
1786342439.235,c1,search,,0.0,31.1,20.71,6.82,S3,0,,0,4474.0,obs,894,31.1,20.71,10.98,S3,31.1,20.71,10.98,S3,31.1,20.71,6.82,S3,8.935,0,S3,site_s3,S3,S3,S3
1786342439.235,c1,recommend,,0.0,26.76,14.03,2.31,S3,0,,0,200.0,obs,1199,26.76,14.03,4.0,S3,26.76,14.03,4.0,S3,26.76,14.03,2.31,S3,8.935,0,S3,site_s3,S3,S3,S3
1786342439.235,c2,reserve,,0.0,26.34,13.67,1.93,S3,0,,0,36.0,obs,598,26.34,13.67,3.65,S3,26.34,13.67,3.65,S3,26.34,13.67,1.93,S3,8.935,0,S3,site_s3,S3,S3,S3
1786342439.235,c2,search,,0.0,31.1,20.71,6.82,S3,0,,0,4474.0,obs,894,31.1,20.71,10.98,S3,31.1,20.71,10.98,S3,31.1,20.71,6.82,S3,8.935,0,S3,site_s3,S3,S3,S3
1786342439.235,c2,recommend,,0.0,26.76,14.03,2.31,S3,0,,0,200.0,obs,1199,26.76,14.03,4.0,S3,26.76,14.03,4.0,S3,26.76,14.03,2.31,S3,8.935,0,S3,site_s3,S3,S3,S3
1786342440.235,c1,reserve,,0.0,26.34,13.67,1.99,S3,0,,0,36.0,obs,600,26.34,13.67,3.65,S3,26.34,13.67,3.65,S3,26.34,13.67,1.99,S3,9.038,0,S3,site_s3,S3,S3,S3
1786342440.235,c1,search,,0.0,31.1,20.71,6.57,S3,0,,0,4474.0,obs,897,31.1,20.71,10.98,S3,31.1,20.71,10.98,S3,31.1,20.71,6.57,S3,9.038,0,S3,site_s3,S3,S3,S3
1786342440.235,c1,recommend,,0.0,26.76,14.03,2.24,S3,0,,0,200.0,obs,1194,26.76,14.03,4.0,S3,26.76,14.03,4.0,S3,26.76,14.03,2.24,S3,9.038,0,S3,site_s3,S3,S3,S3
1786342440.235,c2,reserve,,0.0,26.34,13.67,1.99,S3,0,,0,36.0,obs,600,26.34,13.67,3.65,S3,26.34,13.67,3.65,S3,26.34,13.67,1.99,S3,9.038,0,S3,site_s3,S3,S3,S3
1786342440.235,c2,search,,0.0,31.1,20.71,6.57,S3,0,,0,4474.0,obs,897,31.1,20.71,10.98,S3,31.1,20.71,10.98,S3,31.1,20.71,6.57,S3,9.038,0,S3,site_s3,S3,S3,S3
1786342440.235,c2,recommend,,0.0,26.76,14.03,2.24,S3,0,,0,200.0,obs,1194,26.76,14.03,4.0,S3,26.76,14.03,4.0,S3,26.76,14.03,2.24,S3,9.038,0,S3,site_s3,S3,S3,S3
1786342441.235,c1,reserve,,0.0,26.34,13.67,1.94,S3,0,,0,36.0,obs,596,26.34,13.67,3.65,S3,26.34,13.67,3.65,S3,26.34,13.67,1.94,S3,9.009,0,S3,site_s3,S3,S3,S3
1786342441.235,c1,search,,0.0,31.1,20.71,6.39,S3,0,,0,4474.0,obs,897,31.1,20.71,10.98,S3,31.1,20.71,10.98,S3,31.1,20.71,6.39,S3,9.009,0,S3,site_s3,S3,S3,S3
1786342441.235,c1,recommend,,0.0,26.76,14.03,2.18,S3,0,,0,200.0,obs,1201,26.76,14.03,4.0,S3,26.76,14.03,4.0,S3,26.76,14.03,2.18,S3,9.009,0,S3,site_s3,S3,S3,S3
1786342441.235,c2,reserve,,0.0,26.34,13.67,1.94,S3,0,,0,36.0,obs,596,26.34,13.67,3.65,S3,26.34,13.67,3.65,S3,26.34,13.67,1.94,S3,9.009,0,S3,site_s3,S3,S3,S3
1786342441.235,c2,search,,0.0,31.1,20.71,6.39,S3,0,,0,4474.0,obs,897,31.1,20.71,10.98,S3,31.1,20.71,10.98,S3,31.1,20.71,6.39,S3,9.009,0,S3,site_s3,S3,S3,S3
1786342441.235,c2,recommend,,0.0,26.76,14.03,2.18,S3,0,,0,200.0,obs,1201,26.76,14.03,4.0,S3,26.76,14.03,4.0,S3,26.76,14.03,2.18,S3,9.009,0,S3,site_s3,S3,S3,S3
1786342442.236,c1,reserve,,0.0,26.34,13.67,1.84,S3,0,,0,36.0,obs,602,26.34,13.67,3.65,S3,26.34,13.67,3.65,S3,26.34,13.67,1.84,S3,9.873,0,S3,site_s3,S3,S3,S3
1786342442.236,c1,search,,0.0,31.1,20.71,6.52,S3,0,,0,4474.0,obs,896,31.1,20.71,10.98,S3,31.1,20.71,10.98,S3,31.1,20.71,6.52,S3,9.873,0,S3,site_s3,S3,S3,S3
1786342442.236,c1,recommend,,0.0,26.76,14.03,2.11,S3,0,,0,200.0,obs,1197,26.76,14.03,4.0,S3,26.76,14.03,4.0,S3,26.76,14.03,2.11,S3,9.873,0,S3,site_s3,S3,S3,S3
1786342442.236,c2,reserve,,0.0,26.34,13.67,1.84,S3,0,,0,36.0,obs,602,26.34,13.67,3.65,S3,26.34,13.67,3.65,S3,26.34,13.67,1.84,S3,9.873,0,S3,site_s3,S3,S3,S3
1786342442.236,c2,search,,0.0,31.1,20.71,6.52,S3,0,,0,4474.0,obs,896,31.1,20.71,10.98,S3,31.1,20.71,10.98,S3,31.1,20.71,6.52,S3,9.873,0,S3,site_s3,S3,S3,S3
1786342442.236,c2,recommend,,0.0,26.76,14.03,2.11,S3,0,,0,200.0,obs,1197,26.76,14.03,4.0,S3,26.76,14.03,4.0,S3,26.76,14.03,2.11,S3,9.873,0,S3,site_s3,S3,S3,S3
1786342443.236,c1,reserve,,0.0,26.34,13.67,1.6,S3,0,,0,36.0,obs,596,26.34,13.67,3.65,S3,26.34,13.67,3.65,S3,26.34,13.67,1.6,S3,9.561,0,S3,site_s3,S3,S3,S3
1786342443.236,c1,search,,0.0,31.1,20.71,6.27,S3,0,,0,4474.0,obs,897,31.1,20.71,10.98,S3,31.1,20.71,10.98,S3,31.1,20.71,6.27,S3,9.561,0,S3,site_s3,S3,S3,S3
1786342443.236,c1,recommend,,0.0,26.76,14.03,2.26,S3,0,,0,200.0,obs,1203,26.76,14.03,4.0,S3,26.76,14.03,4.0,S3,26.76,14.03,2.26,S3,9.561,0,S3,site_s3,S3,S3,S3
1786342443.236,c2,reserve,,0.0,26.34,13.67,1.6,S3,0,,0,36.0,obs,596,26.34,13.67,3.65,S3,26.34,13.67,3.65,S3,26.34,13.67,1.6,S3,9.561,0,S3,site_s3,S3,S3,S3
1786342443.236,c2,search,,0.0,31.1,20.71,6.27,S3,0,,0,4474.0,obs,897,31.1,20.71,10.98,S3,31.1,20.71,10.98,S3,31.1,20.71,6.27,S3,9.561,0,S3,site_s3,S3,S3,S3
1786342443.236,c2,recommend,,0.0,26.76,14.03,2.26,S3,0,,0,200.0,obs,1203,26.76,14.03,4.0,S3,26.76,14.03,4.0,S3,26.76,14.03,2.26,S3,9.561,0,S3,site_s3,S3,S3,S3
1786342444.236,c1,reserve,,0.0,26.34,13.67,1.71,S3,0,,0,36.0,obs,603,26.34,13.67,3.65,S3,26.34,13.67,3.65,S3,26.34,13.67,1.71,S3,9.749,0,S3,site_s3,S3,S3,S3
1786342444.236,c1,search,,0.0,31.1,20.71,6.55,S3,0,,0,4474.0,obs,897,31.1,20.71,10.98,S3,31.1,20.71,10.98,S3,31.1,20.71,6.55,S3,9.749,0,S3,site_s3,S3,S3,S3
1786342444.236,c1,recommend,,0.0,26.76,14.03,2.33,S3,0,,0,200.0,obs,1200,26.76,14.03,4.0,S3,26.76,14.03,4.0,S3,26.76,14.03,2.33,S3,9.749,0,S3,site_s3,S3,S3,S3
1786342444.236,c2,reserve,,0.0,26.34,13.67,1.71,S3,0,,0,36.0,obs,603,26.34,13.67,3.65,S3,26.34,13.67,3.65,S3,26.34,13.67,1.71,S3,9.749,0,S3,site_s3,S3,S3,S3
1786342444.236,c2,search,,0.0,31.1,20.71,6.55,S3,0,,0,4474.0,obs,897,31.1,20.71,10.98,S3,31.1,20.71,10.98,S3,31.1,20.71,6.55,S3,9.749,0,S3,site_s3,S3,S3,S3
1786342444.236,c2,recommend,,0.0,26.76,14.03,2.33,S3,0,,0,200.0,obs,1200,26.76,14.03,4.0,S3,26.76,14.03,4.0,S3,26.76,14.03,2.33,S3,9.749,0,S3,site_s3,S3,S3,S3
1786342445.236,c1,reserve,,0.0,26.34,13.67,1.78,S3,0,,0,36.0,obs,600,26.34,13.67,3.65,S3,26.34,13.67,3.65,S3,26.34,13.67,1.78,S3,9.625,0,S3,site_s3,S3,S3,S3
1786342445.236,c1,search,,0.0,31.1,20.71,6.49,S3,0,,0,4474.0,obs,901,31.1,20.71,10.98,S3,31.1,20.71,10.98,S3,31.1,20.71,6.49,S3,9.625,0,S3,site_s3,S3,S3,S3
1786342445.236,c1,recommend,,0.0,26.76,14.03,2.23,S3,0,,0,200.0,obs,1200,26.76,14.03,4.0,S3,26.76,14.03,4.0,S3,26.76,14.03,2.23,S3,9.625,0,S3,site_s3,S3,S3,S3
1786342445.236,c2,reserve,,0.0,26.34,13.67,1.78,S3,0,,0,36.0,obs,600,26.34,13.67,3.65,S3,26.34,13.67,3.65,S3,26.34,13.67,1.78,S3,9.625,0,S3,site_s3,S3,S3,S3
1786342445.236,c2,search,,0.0,31.1,20.71,6.49,S3,0,,0,4474.0,obs,901,31.1,20.71,10.98,S3,31.1,20.71,10.98,S3,31.1,20.71,6.49,S3,9.625,0,S3,site_s3,S3,S3,S3
1786342445.236,c2,recommend,,0.0,26.76,14.03,2.23,S3,0,,0,200.0,obs,1200,26.76,14.03,4.0,S3,26.76,14.03,4.0,S3,26.76,14.03,2.23,S3,9.625,0,S3,site_s3,S3,S3,S3
1786342446.236,c1,reserve,,0.0,26.34,13.67,1.6,S3,0,,0,36.0,obs,600,26.34,13.67,3.65,S3,26.34,13.67,3.65,S3,26.34,13.67,1.6,S3,9.639,0,S3,site_s3,S3,S3,S3
1786342446.236,c1,search,,0.0,31.1,20.71,6.32,S3,0,,0,4474.0,obs,897,31.1,20.71,10.98,S3,31.1,20.71,10.98,S3,31.1,20.71,6.32,S3,9.639,0,S3,site_s3,S3,S3,S3
1786342446.236,c1,recommend,,0.0,26.76,14.03,2.26,S3,0,,0,200.0,obs,1203,26.76,14.03,4.0,S3,26.76,14.03,4.0,S3,26.76,14.03,2.26,S3,9.639,0,S3,site_s3,S3,S3,S3
1786342446.236,c2,reserve,,0.0,26.34,13.67,1.6,S3,0,,0,36.0,obs,600,26.34,13.67,3.65,S3,26.34,13.67,3.65,S3,26.34,13.67,1.6,S3,9.639,0,S3,site_s3,S3,S3,S3
1786342446.236,c2,search,,0.0,31.1,20.71,6.32,S3,0,,0,4474.0,obs,897,31.1,20.71,10.98,S3,31.1,20.71,10.98,S3,31.1,20.71,6.32,S3,9.639,0,S3,site_s3,S3,S3,S3
1786342446.236,c2,recommend,,0.0,26.76,14.03,2.26,S3,0,,0,200.0,obs,1203,26.76,14.03,4.0,S3,26.76,14.03,4.0,S3,26.76,14.03,2.26,S3,9.639,0,S3,site_s3,S3,S3,S3
1786342447.236,c1,reserve,,0.0,26.34,13.67,1.34,S3,0,,0,36.0,obs,602,26.34,13.67,3.65,S3,26.34,13.67,3.65,S3,26.34,13.67,1.34,S3,9.527,0,S3,site_s3,S3,S3,S3
1786342447.236,c1,search,,0.0,31.1,20.71,5.86,S3,0,,0,4474.0,obs,902,31.1,20.71,10.98,S3,31.1,20.71,10.98,S3,31.1,20.71,5.86,S3,9.527,0,S3,site_s3,S3,S3,S3
1786342447.236,c1,recommend,,0.0,26.76,14.03,1.98,S3,0,,0,200.0,obs,1197,26.76,14.03,4.0,S3,26.76,14.03,4.0,S3,26.76,14.03,1.98,S3,9.527,0,S3,site_s3,S3,S3,S3
1786342447.236,c2,reserve,,0.0,26.34,13.67,1.34,S3,0,,0,36.0,obs,602,26.34,13.67,3.65,S3,26.34,13.67,3.65,S3,26.34,13.67,1.34,S3,9.527,0,S3,site_s3,S3,S3,S3
1786342447.236,c2,search,,0.0,31.1,20.71,5.86,S3,0,,0,4474.0,obs,902,31.1,20.71,10.98,S3,31.1,20.71,10.98,S3,31.1,20.71,5.86,S3,9.527,0,S3,site_s3,S3,S3,S3
1786342447.236,c2,recommend,,0.0,26.76,14.03,1.98,S3,0,,0,200.0,obs,1197,26.76,14.03,4.0,S3,26.76,14.03,4.0,S3,26.76,14.03,1.98,S3,9.527,0,S3,site_s3,S3,S3,S3
1786342448.236,c1,reserve,,0.0,26.34,13.67,1.54,S3,0,,0,36.0,obs,598,26.34,13.67,3.65,S3,26.34,13.67,3.65,S3,26.34,13.67,1.54,S3,9.481,0,S3,site_s3,S3,S3,S3
1786342448.236,c1,search,,0.0,31.1,20.71,6.25,S3,0,,0,4474.0,obs,900,31.1,20.71,10.98,S3,31.1,20.71,10.98,S3,31.1,20.71,6.25,S3,9.481,0,S3,site_s3,S3,S3,S3
1786342448.236,c1,recommend,,0.0,26.76,14.03,2.15,S3,0,,0,200.0,obs,1205,26.76,14.03,4.0,S3,26.76,14.03,4.0,S3,26.76,14.03,2.15,S3,9.481,0,S3,site_s3,S3,S3,S3
1786342448.236,c2,reserve,,0.0,26.34,13.67,1.54,S3,0,,0,36.0,obs,598,26.34,13.67,3.65,S3,26.34,13.67,3.65,S3,26.34,13.67,1.54,S3,9.481,0,S3,site_s3,S3,S3,S3
1786342448.236,c2,search,,0.0,31.1,20.71,6.25,S3,0,,0,4474.0,obs,900,31.1,20.71,10.98,S3,31.1,20.71,10.98,S3,31.1,20.71,6.25,S3,9.481,0,S3,site_s3,S3,S3,S3
1786342448.236,c2,recommend,,0.0,26.76,14.03,2.15,S3,0,,0,200.0,obs,1205,26.76,14.03,4.0,S3,26.76,14.03,4.0,S3,26.76,14.03,2.15,S3,9.481,0,S3,site_s3,S3,S3,S3
1786342449.236,c1,reserve,,0.0,26.34,13.67,1.92,S3,0,,0,36.0,obs,604,26.34,13.67,3.65,S3,26.34,13.67,3.65,S3,26.34,13.67,1.92,S3,9.623,0,S3,site_s3,S3,S3,S3
1786342449.236,c1,search,,0.0,31.1,20.71,6.65,S3,0,,0,4474.0,obs,901,31.1,20.71,10.98,S3,31.1,20.71,10.98,S3,31.1,20.71,6.65,S3,9.623,0,S3,site_s3,S3,S3,S3
1786342449.236,c1,recommend,,0.0,26.76,14.03,2.44,S3,0,,0,200.0,obs,1200,26.76,14.03,4.0,S3,26.76,14.03,4.0,S3,26.76,14.03,2.44,S3,9.623,0,S3,site_s3,S3,S3,S3
1786342449.236,c2,reserve,,0.0,26.34,13.67,1.92,S3,0,,0,36.0,obs,604,26.34,13.67,3.65,S3,26.34,13.67,3.65,S3,26.34,13.67,1.92,S3,9.623,0,S3,site_s3,S3,S3,S3
1786342449.236,c2,search,,0.0,31.1,20.71,6.65,S3,0,,0,4474.0,obs,901,31.1,20.71,10.98,S3,31.1,20.71,10.98,S3,31.1,20.71,6.65,S3,9.623,0,S3,site_s3,S3,S3,S3
1786342449.236,c2,recommend,,0.0,26.76,14.03,2.44,S3,0,,0,200.0,obs,1200,26.76,14.03,4.0,S3,26.76,14.03,4.0,S3,26.76,14.03,2.44,S3,9.623,0,S3,site_s3,S3,S3,S3
1786342450.236,c1,reserve,,0.0,26.34,13.67,1.84,S3,0,,0,36.0,obs,598,26.34,13.67,3.65,S3,26.34,13.67,3.65,S3,26.34,13.67,1.84,S3,9.787,0,S3,site_s3,S3,S3,S3
1786342450.236,c1,search,,0.0,31.1,20.71,6.69,S3,0,,0,4474.0,obs,899,31.1,20.71,10.98,S3,31.1,20.71,10.98,S3,31.1,20.71,6.69,S3,9.787,0,S3,site_s3,S3,S3,S3
1786342450.236,c1,recommend,,0.0,26.76,14.03,2.32,S3,0,,0,200.0,obs,1207,26.76,14.03,4.0,S3,26.76,14.03,4.0,S3,26.76,14.03,2.32,S3,9.787,0,S3,site_s3,S3,S3,S3
1786342450.236,c2,reserve,,0.0,26.34,13.67,1.84,S3,0,,0,36.0,obs,598,26.34,13.67,3.65,S3,26.34,13.67,3.65,S3,26.34,13.67,1.84,S3,9.787,0,S3,site_s3,S3,S3,S3
1786342450.236,c2,search,,0.0,31.1,20.71,6.69,S3,0,,0,4474.0,obs,899,31.1,20.71,10.98,S3,31.1,20.71,10.98,S3,31.1,20.71,6.69,S3,9.787,0,S3,site_s3,S3,S3,S3
1786342450.236,c2,recommend,,0.0,26.76,14.03,2.32,S3,0,,0,200.0,obs,1207,26.76,14.03,4.0,S3,26.76,14.03,4.0,S3,26.76,14.03,2.32,S3,9.787,0,S3,site_s3,S3,S3,S3
1786342451.236,c1,reserve,,0.0,26.34,13.67,2.03,S3,0,,0,36.0,obs,605,26.34,13.67,3.65,S3,26.34,13.67,3.65,S3,26.34,13.67,2.03,S3,9.609,0,S3,site_s3,S3,S3,S3
1786342451.236,c1,search,,0.0,31.1,20.71,6.72,S3,0,,0,4474.0,obs,899,31.1,20.71,10.98,S3,31.1,20.71,10.98,S3,31.1,20.71,6.72,S3,9.609,0,S3,site_s3,S3,S3,S3
1786342451.236,c1,recommend,,0.0,26.76,14.03,2.33,S3,0,,0,200.0,obs,1204,26.76,14.03,4.0,S3,26.76,14.03,4.0,S3,26.76,14.03,2.33,S3,9.609,0,S3,site_s3,S3,S3,S3
1786342451.236,c2,reserve,,0.0,26.34,13.67,2.03,S3,0,,0,36.0,obs,605,26.34,13.67,3.65,S3,26.34,13.67,3.65,S3,26.34,13.67,2.03,S3,9.609,0,S3,site_s3,S3,S3,S3
1786342451.236,c2,search,,0.0,31.1,20.71,6.72,S3,0,,0,4474.0,obs,899,31.1,20.71,10.98,S3,31.1,20.71,10.98,S3,31.1,20.71,6.72,S3,9.609,0,S3,site_s3,S3,S3,S3
1786342451.236,c2,recommend,,0.0,26.76,14.03,2.33,S3,0,,0,200.0,obs,1204,26.76,14.03,4.0,S3,26.76,14.03,4.0,S3,26.76,14.03,2.33,S3,9.609,0,S3,site_s3,S3,S3,S3
1786342452.236,c1,reserve,,0.0,26.34,13.67,2.05,S3,0,,0,36.0,obs,600,26.34,13.67,3.65,S3,26.34,13.67,3.65,S3,26.34,13.67,2.05,S3,9.883,0,S3,site_s3,S3,S3,S3
1786342452.236,c1,search,,0.0,31.1,20.71,6.64,S3,0,,0,4474.0,obs,905,31.1,20.71,10.98,S3,31.1,20.71,10.98,S3,31.1,20.71,6.64,S3,9.883,0,S3,site_s3,S3,S3,S3
1786342452.236,c1,recommend,,0.0,26.76,14.03,2.38,S3,0,,0,200.0,obs,1207,26.76,14.03,4.0,S3,26.76,14.03,4.0,S3,26.76,14.03,2.38,S3,9.883,0,S3,site_s3,S3,S3,S3
1786342452.236,c2,reserve,,0.0,26.34,13.67,2.05,S3,0,,0,36.0,obs,600,26.34,13.67,3.65,S3,26.34,13.67,3.65,S3,26.34,13.67,2.05,S3,9.883,0,S3,site_s3,S3,S3,S3
1786342452.236,c2,search,,0.0,31.1,20.71,6.64,S3,0,,0,4474.0,obs,905,31.1,20.71,10.98,S3,31.1,20.71,10.98,S3,31.1,20.71,6.64,S3,9.883,0,S3,site_s3,S3,S3,S3
1786342452.236,c2,recommend,,0.0,26.76,14.03,2.38,S3,0,,0,200.0,obs,1207,26.76,14.03,4.0,S3,26.76,14.03,4.0,S3,26.76,14.03,2.38,S3,9.883,0,S3,site_s3,S3,S3,S3
1786342453.236,c1,reserve,,0.0,26.34,13.67,1.71,S3,0,,0,36.0,obs,602,26.34,13.67,3.65,S3,26.34,13.67,3.65,S3,26.34,13.67,1.71,S3,9.814,0,S3,site_s3,S3,S3,S3
1786342453.236,c1,search,,0.0,31.1,20.71,6.57,S3,0,,0,4474.0,obs,902,31.1,20.71,10.98,S3,31.1,20.71,10.98,S3,31.1,20.71,6.57,S3,9.814,0,S3,site_s3,S3,S3,S3
1786342453.236,c1,recommend,,0.0,26.76,14.03,2.41,S3,0,,0,200.0,obs,1209,26.76,14.03,4.0,S3,26.76,14.03,4.0,S3,26.76,14.03,2.41,S3,9.814,0,S3,site_s3,S3,S3,S3
1786342453.236,c2,reserve,,0.0,26.34,13.67,1.71,S3,0,,0,36.0,obs,602,26.34,13.67,3.65,S3,26.34,13.67,3.65,S3,26.34,13.67,1.71,S3,9.814,0,S3,site_s3,S3,S3,S3
1786342453.236,c2,search,,0.0,31.1,20.71,6.57,S3,0,,0,4474.0,obs,902,31.1,20.71,10.98,S3,31.1,20.71,10.98,S3,31.1,20.71,6.57,S3,9.814,0,S3,site_s3,S3,S3,S3
1786342453.236,c2,recommend,,0.0,26.76,14.03,2.41,S3,0,,0,200.0,obs,1209,26.76,14.03,4.0,S3,26.76,14.03,4.0,S3,26.76,14.03,2.41,S3,9.814,0,S3,site_s3,S3,S3,S3
1786342454.236,c1,reserve,,0.0,26.34,13.67,1.93,S3,0,,0,36.0,obs,602,26.34,13.67,3.65,S3,26.34,13.67,3.65,S3,26.34,13.67,1.93,S3,9.943,0,S3,site_s3,S3,S3,S3
1786342454.236,c1,search,,0.0,31.1,20.71,6.74,S3,0,,0,4474.0,obs,904,31.1,20.71,10.98,S3,31.1,20.71,10.98,S3,31.1,20.71,6.74,S3,9.943,0,S3,site_s3,S3,S3,S3
1786342454.236,c1,recommend,,0.0,26.76,14.03,2.5,S3,0,,0,200.0,obs,1207,26.76,14.03,4.0,S3,26.76,14.03,4.0,S3,26.76,14.03,2.5,S3,9.943,0,S3,site_s3,S3,S3,S3
1786342454.236,c2,reserve,,0.0,26.34,13.67,1.93,S3,0,,0,36.0,obs,602,26.34,13.67,3.65,S3,26.34,13.67,3.65,S3,26.34,13.67,1.93,S3,9.943,0,S3,site_s3,S3,S3,S3
1786342454.236,c2,search,,0.0,31.1,20.71,6.74,S3,0,,0,4474.0,obs,904,31.1,20.71,10.98,S3,31.1,20.71,10.98,S3,31.1,20.71,6.74,S3,9.943,0,S3,site_s3,S3,S3,S3
1786342454.236,c2,recommend,,0.0,26.76,14.03,2.5,S3,0,,0,200.0,obs,1207,26.76,14.03,4.0,S3,26.76,14.03,4.0,S3,26.76,14.03,2.5,S3,9.943,0,S3,site_s3,S3,S3,S3
1786342455.236,c1,reserve,,0.0,26.34,13.67,1.86,S3,0,,0,36.0,obs,603,26.34,13.67,3.65,S3,26.34,13.67,3.65,S3,26.34,13.67,1.86,S3,10.108,0,S3,site_s3,S3,S3,S3
1786342455.236,c1,search,,0.0,31.1,20.71,6.99,S3,0,,0,4474.0,obs,903,31.1,20.71,10.98,S3,31.1,20.71,10.98,S3,31.1,20.71,6.99,S3,10.108,0,S3,site_s3,S3,S3,S3
1786342455.236,c1,recommend,,0.0,26.76,14.03,2.54,S3,0,,0,200.0,obs,1209,26.76,14.03,4.0,S3,26.76,14.03,4.0,S3,26.76,14.03,2.54,S3,10.108,0,S3,site_s3,S3,S3,S3
1786342455.236,c2,reserve,,0.0,26.34,13.67,1.86,S3,0,,0,36.0,obs,603,26.34,13.67,3.65,S3,26.34,13.67,3.65,S3,26.34,13.67,1.86,S3,10.108,0,S3,site_s3,S3,S3,S3
1786342455.236,c2,search,,0.0,31.1,20.71,6.99,S3,0,,0,4474.0,obs,903,31.1,20.71,10.98,S3,31.1,20.71,10.98,S3,31.1,20.71,6.99,S3,10.108,0,S3,site_s3,S3,S3,S3
1786342455.236,c2,recommend,,0.0,26.76,14.03,2.54,S3,0,,0,200.0,obs,1209,26.76,14.03,4.0,S3,26.76,14.03,4.0,S3,26.76,14.03,2.54,S3,10.108,0,S3,site_s3,S3,S3,S3
1786342456.236,c1,reserve,,0.0,26.34,13.67,1.87,S3,0,,0,36.0,obs,606,26.34,13.67,3.65,S3,26.34,13.67,3.65,S3,26.34,13.67,1.87,S3,9.591,0,S3,site_s3,S3,S3,S3
1786342456.236,c1,search,,0.0,31.1,20.71,7.07,S3,0,,0,4474.0,obs,903,31.1,20.71,10.98,S3,31.1,20.71,10.98,S3,31.1,20.71,7.07,S3,9.591,0,S3,site_s3,S3,S3,S3
1786342456.236,c1,recommend,,0.0,26.76,14.03,2.54,S3,0,,0,200.0,obs,1205,26.76,14.03,4.0,S3,26.76,14.03,4.0,S3,26.76,14.03,2.54,S3,9.591,0,S3,site_s3,S3,S3,S3
1786342456.236,c2,reserve,,0.0,26.34,13.67,1.87,S3,0,,0,36.0,obs,606,26.34,13.67,3.65,S3,26.34,13.67,3.65,S3,26.34,13.67,1.87,S3,9.591,0,S3,site_s3,S3,S3,S3
1786342456.236,c2,search,,0.0,31.1,20.71,7.07,S3,0,,0,4474.0,obs,903,31.1,20.71,10.98,S3,31.1,20.71,10.98,S3,31.1,20.71,7.07,S3,9.591,0,S3,site_s3,S3,S3,S3
1786342456.236,c2,recommend,,0.0,26.76,14.03,2.54,S3,0,,0,200.0,obs,1205,26.76,14.03,4.0,S3,26.76,14.03,4.0,S3,26.76,14.03,2.54,S3,9.591,0,S3,site_s3,S3,S3,S3
1786342457.237,c1,reserve,,0.0,26.34,13.67,0.71,S3,0,,0,36.0,obs,601,26.34,13.67,3.65,S3,26.34,13.67,3.65,S3,26.34,13.67,0.71,S3,10.798,0,S3,site_s3,S3,S3,S3
1786342457.237,c1,search,,0.0,31.1,20.71,0.78,S3,0,,0,4474.0,obs,906,31.1,20.71,10.98,S3,31.1,20.71,10.98,S3,31.1,20.71,0.78,S3,10.798,0,S3,site_s3,S3,S3,S3
1786342457.237,c1,recommend,,0.0,26.76,14.03,1.08,S3,0,,0,200.0,obs,1213,26.76,14.03,4.0,S3,26.76,14.03,4.0,S3,26.76,14.03,1.08,S3,10.798,0,S3,site_s3,S3,S3,S3
1786342457.237,c2,reserve,,0.0,26.34,13.67,0.71,S3,0,,0,36.0,obs,601,26.34,13.67,3.65,S3,26.34,13.67,3.65,S3,26.34,13.67,0.71,S3,10.798,0,S3,site_s3,S3,S3,S3
1786342457.237,c2,search,,0.0,31.1,20.71,0.78,S3,0,,0,4474.0,obs,906,31.1,20.71,10.98,S3,31.1,20.71,10.98,S3,31.1,20.71,0.78,S3,10.798,0,S3,site_s3,S3,S3,S3
1786342457.237,c2,recommend,,0.0,26.76,14.03,1.08,S3,0,,0,200.0,obs,1213,26.76,14.03,4.0,S3,26.76,14.03,4.0,S3,26.76,14.03,1.08,S3,10.798,0,S3,site_s3,S3,S3,S3
1786342458.236,c1,reserve,,0.0,26.34,13.67,0.37,S3,0,,0,36.0,obs,607,26.34,13.67,3.65,S3,26.34,13.67,3.65,S3,26.34,13.67,0.37,S3,9.889,0,S3,site_s3,S3,S3,S3
1786342458.236,c1,search,,0.0,31.1,20.71,0.78,S3,0,,0,4474.0,obs,904,31.1,20.71,10.98,S3,31.1,20.71,10.98,S3,31.1,20.71,0.78,S3,9.889,0,S3,site_s3,S3,S3,S3
1786342458.236,c1,recommend,,0.0,26.76,14.03,1.08,S3,0,,0,200.0,obs,1209,26.76,14.03,4.0,S3,26.76,14.03,4.0,S3,26.76,14.03,1.08,S3,9.889,0,S3,site_s3,S3,S3,S3
1786342458.236,c2,reserve,,0.0,26.34,13.67,0.37,S3,0,,0,36.0,obs,607,26.34,13.67,3.65,S3,26.34,13.67,3.65,S3,26.34,13.67,0.37,S3,9.889,0,S3,site_s3,S3,S3,S3
1786342458.236,c2,search,,0.0,31.1,20.71,0.78,S3,0,,0,4474.0,obs,904,31.1,20.71,10.98,S3,31.1,20.71,10.98,S3,31.1,20.71,0.78,S3,9.889,0,S3,site_s3,S3,S3,S3
1786342458.236,c2,recommend,,0.0,26.76,14.03,1.08,S3,0,,0,200.0,obs,1209,26.76,14.03,4.0,S3,26.76,14.03,4.0,S3,26.76,14.03,1.08,S3,9.889,0,S3,site_s3,S3,S3,S3
1786342459.236,c1,reserve,,0.0,26.34,13.67,1.85,S3,0,,0,36.0,obs,602,26.34,13.67,3.65,S3,26.34,13.67,3.65,S3,26.34,13.67,1.85,S3,9.505,0,S3,site_s3,S3,S3,S3
1786342459.236,c1,search,,0.0,31.1,20.71,6.82,S3,0,,0,4474.0,obs,908,31.1,20.71,10.98,S3,31.1,20.71,10.98,S3,31.1,20.71,6.82,S3,9.505,0,S3,site_s3,S3,S3,S3
1786342459.236,c1,recommend,,0.0,26.76,14.03,2.45,S3,0,,0,200.0,obs,1211,26.76,14.03,4.0,S3,26.76,14.03,4.0,S3,26.76,14.03,2.45,S3,9.505,0,S3,site_s3,S3,S3,S3
1786342459.236,c2,reserve,,0.0,26.34,13.67,1.85,S3,0,,0,36.0,obs,602,26.34,13.67,3.65,S3,26.34,13.67,3.65,S3,26.34,13.67,1.85,S3,9.505,0,S3,site_s3,S3,S3,S3
1786342459.236,c2,search,,0.0,31.1,20.71,6.82,S3,0,,0,4474.0,obs,908,31.1,20.71,10.98,S3,31.1,20.71,10.98,S3,31.1,20.71,6.82,S3,9.505,0,S3,site_s3,S3,S3,S3
1786342459.236,c2,recommend,,0.0,26.76,14.03,2.45,S3,0,,0,200.0,obs,1211,26.76,14.03,4.0,S3,26.76,14.03,4.0,S3,26.76,14.03,2.45,S3,9.505,0,S3,site_s3,S3,S3,S3
1786342460.236,c1,reserve,,0.0,26.34,13.67,1.86,S3,0,,0,36.0,obs,606,26.34,13.67,3.65,S3,26.34,13.67,3.65,S3,26.34,13.67,1.86,S3,9.853,0,S3,site_s3,S3,S3,S3
1786342460.236,c1,search,,0.0,31.1,20.71,6.63,S3,0,,0,4474.0,obs,904,31.1,20.71,10.98,S3,31.1,20.71,10.98,S3,31.1,20.71,6.63,S3,9.853,0,S3,site_s3,S3,S3,S3
1786342460.236,c1,recommend,,0.0,26.76,14.03,2.46,S3,0,,0,200.0,obs,1212,26.76,14.03,4.0,S3,26.76,14.03,4.0,S3,26.76,14.03,2.46,S3,9.853,0,S3,site_s3,S3,S3,S3
1786342460.236,c2,reserve,,0.0,26.34,13.67,1.86,S3,0,,0,36.0,obs,606,26.34,13.67,3.65,S3,26.34,13.67,3.65,S3,26.34,13.67,1.86,S3,9.853,0,S3,site_s3,S3,S3,S3
1786342460.236,c2,search,,0.0,31.1,20.71,6.63,S3,0,,0,4474.0,obs,904,31.1,20.71,10.98,S3,31.1,20.71,10.98,S3,31.1,20.71,6.63,S3,9.853,0,S3,site_s3,S3,S3,S3
1786342460.236,c2,recommend,,0.0,26.76,14.03,2.46,S3,0,,0,200.0,obs,1212,26.76,14.03,4.0,S3,26.76,14.03,4.0,S3,26.76,14.03,2.46,S3,9.853,0,S3,site_s3,S3,S3,S3
1786342461.236,c1,reserve,,0.0,26.34,13.67,1.62,S3,0,,0,36.0,obs,605,26.34,13.67,3.65,S3,26.34,13.67,3.65,S3,26.34,13.67,1.62,S3,9.688,0,S3,site_s3,S3,S3,S3
1786342461.236,c1,search,,0.0,31.1,20.71,6.02,S3,0,,0,4474.0,obs,909,31.1,20.71,10.98,S3,31.1,20.71,10.98,S3,31.1,20.71,6.02,S3,9.688,0,S3,site_s3,S3,S3,S3
1786342461.236,c1,recommend,,0.0,26.76,14.03,2.38,S3,0,,0,200.0,obs,1210,26.76,14.03,4.0,S3,26.76,14.03,4.0,S3,26.76,14.03,2.38,S3,9.688,0,S3,site_s3,S3,S3,S3
1786342461.236,c2,reserve,,0.0,26.34,13.67,1.62,S3,0,,0,36.0,obs,605,26.34,13.67,3.65,S3,26.34,13.67,3.65,S3,26.34,13.67,1.62,S3,9.688,0,S3,site_s3,S3,S3,S3
1786342461.236,c2,search,,0.0,31.1,20.71,6.02,S3,0,,0,4474.0,obs,909,31.1,20.71,10.98,S3,31.1,20.71,10.98,S3,31.1,20.71,6.02,S3,9.688,0,S3,site_s3,S3,S3,S3
1786342461.236,c2,recommend,,0.0,26.76,14.03,2.38,S3,0,,0,200.0,obs,1210,26.76,14.03,4.0,S3,26.76,14.03,4.0,S3,26.76,14.03,2.38,S3,9.688,0,S3,site_s3,S3,S3,S3
1786342462.236,c1,reserve,,0.0,26.34,13.67,1.68,S3,0,,0,36.0,obs,606,26.34,13.67,3.65,S3,26.34,13.67,3.65,S3,26.34,13.67,1.68,S3,10.076,0,S3,site_s3,S3,S3,S3
1786342462.236,c1,search,,0.0,31.1,20.71,6.49,S3,0,,0,4474.0,obs,907,31.1,20.71,10.98,S3,31.1,20.71,10.98,S3,31.1,20.71,6.49,S3,10.076,0,S3,site_s3,S3,S3,S3
1786342462.236,c1,recommend,,0.0,26.76,14.03,2.55,S3,0,,0,200.0,obs,1212,26.76,14.03,4.0,S3,26.76,14.03,4.0,S3,26.76,14.03,2.55,S3,10.076,0,S3,site_s3,S3,S3,S3
1786342462.236,c2,reserve,,0.0,26.34,13.67,1.68,S3,0,,0,36.0,obs,606,26.34,13.67,3.65,S3,26.34,13.67,3.65,S3,26.34,13.67,1.68,S3,10.076,0,S3,site_s3,S3,S3,S3
1786342462.236,c2,search,,0.0,31.1,20.71,6.49,S3,0,,0,4474.0,obs,907,31.1,20.71,10.98,S3,31.1,20.71,10.98,S3,31.1,20.71,6.49,S3,10.076,0,S3,site_s3,S3,S3,S3
1786342462.236,c2,recommend,,0.0,26.76,14.03,2.55,S3,0,,0,200.0,obs,1212,26.76,14.03,4.0,S3,26.76,14.03,4.0,S3,26.76,14.03,2.55,S3,10.076,0,S3,site_s3,S3,S3,S3
1786342463.236,c1,reserve,,0.0,26.34,13.67,1.67,S3,0,,0,36.0,obs,608,26.34,13.67,3.65,S3,26.34,13.67,3.65,S3,26.34,13.67,1.67,S3,9.93,0,S3,site_s3,S3,S3,S3
1786342463.236,c1,search,,0.0,31.1,20.71,6.68,S3,0,,0,4474.0,obs,909,31.1,20.71,10.98,S3,31.1,20.71,10.98,S3,31.1,20.71,6.68,S3,9.93,0,S3,site_s3,S3,S3,S3
1786342463.236,c1,recommend,,0.0,26.76,14.03,2.45,S3,0,,0,200.0,obs,1208,26.76,14.03,4.0,S3,26.76,14.03,4.0,S3,26.76,14.03,2.45,S3,9.93,0,S3,site_s3,S3,S3,S3
1786342463.236,c2,reserve,,0.0,26.34,13.67,1.67,S3,0,,0,36.0,obs,608,26.34,13.67,3.65,S3,26.34,13.67,3.65,S3,26.34,13.67,1.67,S3,9.93,0,S3,site_s3,S3,S3,S3
1786342463.236,c2,search,,0.0,31.1,20.71,6.68,S3,0,,0,4474.0,obs,909,31.1,20.71,10.98,S3,31.1,20.71,10.98,S3,31.1,20.71,6.68,S3,9.93,0,S3,site_s3,S3,S3,S3
1786342463.236,c2,recommend,,0.0,26.76,14.03,2.45,S3,0,,0,200.0,obs,1208,26.76,14.03,4.0,S3,26.76,14.03,4.0,S3,26.76,14.03,2.45,S3,9.93,0,S3,site_s3,S3,S3,S3
1786342464.236,c1,reserve,,0.0,26.34,13.67,1.8,S3,0,,0,36.0,obs,605,26.34,13.67,3.65,S3,26.34,13.67,3.65,S3,26.34,13.67,1.8,S3,9.467,0,S3,site_s3,S3,S3,S3
1786342464.236,c1,search,,0.0,31.1,20.71,6.56,S3,0,,0,4474.0,obs,908,31.1,20.71,10.98,S3,31.1,20.71,10.98,S3,31.1,20.71,6.56,S3,9.467,0,S3,site_s3,S3,S3,S3
1786342464.236,c1,recommend,,0.0,26.76,14.03,2.3,S3,0,,0,200.0,obs,1215,26.76,14.03,4.0,S3,26.76,14.03,4.0,S3,26.76,14.03,2.3,S3,9.467,0,S3,site_s3,S3,S3,S3
1786342464.236,c2,reserve,,0.0,26.34,13.67,1.8,S3,0,,0,36.0,obs,605,26.34,13.67,3.65,S3,26.34,13.67,3.65,S3,26.34,13.67,1.8,S3,9.467,0,S3,site_s3,S3,S3,S3
1786342464.236,c2,search,,0.0,31.1,20.71,6.56,S3,0,,0,4474.0,obs,908,31.1,20.71,10.98,S3,31.1,20.71,10.98,S3,31.1,20.71,6.56,S3,9.467,0,S3,site_s3,S3,S3,S3
1786342464.236,c2,recommend,,0.0,26.76,14.03,2.3,S3,0,,0,200.0,obs,1215,26.76,14.03,4.0,S3,26.76,14.03,4.0,S3,26.76,14.03,2.3,S3,9.467,0,S3,site_s3,S3,S3,S3
1786342465.236,c1,reserve,,0.0,26.34,13.67,1.74,S3,0,,0,36.0,obs,611,26.34,13.67,3.65,S3,26.34,13.67,3.65,S3,26.34,13.67,1.74,S3,9.796,0,S3,site_s3,S3,S3,S3
1786342465.236,c1,search,,0.0,31.1,20.71,6.66,S3,0,,0,4474.0,obs,906,31.1,20.71,10.98,S3,31.1,20.71,10.98,S3,31.1,20.71,6.66,S3,9.796,0,S3,site_s3,S3,S3,S3
1786342465.236,c1,recommend,,0.0,26.76,14.03,2.5,S3,0,,0,200.0,obs,1208,26.76,14.03,4.0,S3,26.76,14.03,4.0,S3,26.76,14.03,2.5,S3,9.796,0,S3,site_s3,S3,S3,S3
1786342465.236,c2,reserve,,0.0,26.34,13.67,1.74,S3,0,,0,36.0,obs,611,26.34,13.67,3.65,S3,26.34,13.67,3.65,S3,26.34,13.67,1.74,S3,9.796,0,S3,site_s3,S3,S3,S3
1786342465.236,c2,search,,0.0,31.1,20.71,6.66,S3,0,,0,4474.0,obs,906,31.1,20.71,10.98,S3,31.1,20.71,10.98,S3,31.1,20.71,6.66,S3,9.796,0,S3,site_s3,S3,S3,S3
1786342465.236,c2,recommend,,0.0,26.76,14.03,2.5,S3,0,,0,200.0,obs,1208,26.76,14.03,4.0,S3,26.76,14.03,4.0,S3,26.76,14.03,2.5,S3,9.796,0,S3,site_s3,S3,S3,S3
1786342466.236,c1,reserve,,0.0,26.34,13.67,1.55,S3,0,,0,36.0,obs,605,26.34,13.67,3.65,S3,26.34,13.67,3.65,S3,26.34,13.67,1.55,S3,9.811,0,S3,site_s3,S3,S3,S3
1786342466.236,c1,search,,0.0,31.1,20.71,6.54,S3,0,,0,4474.0,obs,912,31.1,20.71,10.98,S3,31.1,20.71,10.98,S3,31.1,20.71,6.54,S3,9.811,0,S3,site_s3,S3,S3,S3
1786342466.236,c1,recommend,,0.0,26.76,14.03,2.38,S3,0,,0,200.0,obs,1215,26.76,14.03,4.0,S3,26.76,14.03,4.0,S3,26.76,14.03,2.38,S3,9.811,0,S3,site_s3,S3,S3,S3
1786342466.236,c2,reserve,,0.0,26.34,13.67,1.55,S3,0,,0,36.0,obs,605,26.34,13.67,3.65,S3,26.34,13.67,3.65,S3,26.34,13.67,1.55,S3,9.811,0,S3,site_s3,S3,S3,S3
1786342466.236,c2,search,,0.0,31.1,20.71,6.54,S3,0,,0,4474.0,obs,912,31.1,20.71,10.98,S3,31.1,20.71,10.98,S3,31.1,20.71,6.54,S3,9.811,0,S3,site_s3,S3,S3,S3
1786342466.236,c2,recommend,,0.0,26.76,14.03,2.38,S3,0,,0,200.0,obs,1215,26.76,14.03,4.0,S3,26.76,14.03,4.0,S3,26.76,14.03,2.38,S3,9.811,0,S3,site_s3,S3,S3,S3
1786342467.236,c1,reserve,,0.0,26.34,13.67,1.25,S3,0,,0,36.0,obs,609,26.34,13.67,3.65,S3,26.34,13.67,3.65,S3,26.34,13.67,1.25,S3,9.64,0,S3,site_s3,S3,S3,S3
1786342467.236,c1,search,,0.0,31.1,20.71,5.65,S3,0,,0,4474.0,obs,909,31.1,20.71,10.98,S3,31.1,20.71,10.98,S3,31.1,20.71,5.65,S3,9.64,0,S3,site_s3,S3,S3,S3
1786342467.236,c1,recommend,,0.0,26.76,14.03,1.91,S3,0,,0,200.0,obs,1216,26.76,14.03,4.0,S3,26.76,14.03,4.0,S3,26.76,14.03,1.91,S3,9.64,0,S3,site_s3,S3,S3,S3
1786342467.236,c2,reserve,,0.0,26.34,13.67,1.25,S3,0,,0,36.0,obs,609,26.34,13.67,3.65,S3,26.34,13.67,3.65,S3,26.34,13.67,1.25,S3,9.64,0,S3,site_s3,S3,S3,S3
1786342467.236,c2,search,,0.0,31.1,20.71,5.65,S3,0,,0,4474.0,obs,909,31.1,20.71,10.98,S3,31.1,20.71,10.98,S3,31.1,20.71,5.65,S3,9.64,0,S3,site_s3,S3,S3,S3
1786342467.236,c2,recommend,,0.0,26.76,14.03,1.91,S3,0,,0,200.0,obs,1216,26.76,14.03,4.0,S3,26.76,14.03,4.0,S3,26.76,14.03,1.91,S3,9.64,0,S3,site_s3,S3,S3,S3
1786342468.233,c1,reserve,,0.0,26.34,13.67,1.33,S3,0,,0,36.0,obs,505,26.34,13.67,3.65,S3,26.34,13.67,3.65,S3,26.34,13.67,1.33,S3,6.321,0,S3,site_s3,S3,S3,S3
1786342468.233,c1,search,,0.0,31.1,20.71,6.05,S3,0,,0,4474.0,obs,758,31.1,20.71,10.98,S3,31.1,20.71,10.98,S3,31.1,20.71,6.05,S3,6.321,0,S3,site_s3,S3,S3,S3
1786342468.233,c1,recommend,,0.0,26.76,14.03,1.95,S3,0,,0,200.0,obs,1006,26.76,14.03,4.0,S3,26.76,14.03,4.0,S3,26.76,14.03,1.95,S3,6.321,0,S3,site_s3,S3,S3,S3
1786342468.233,c2,reserve,,0.0,26.34,13.67,1.33,S3,0,,0,36.0,obs,505,26.34,13.67,3.65,S3,26.34,13.67,3.65,S3,26.34,13.67,1.33,S3,6.321,0,S3,site_s3,S3,S3,S3
1786342468.233,c2,search,,0.0,31.1,20.71,6.05,S3,0,,0,4474.0,obs,758,31.1,20.71,10.98,S3,31.1,20.71,10.98,S3,31.1,20.71,6.05,S3,6.321,0,S3,site_s3,S3,S3,S3
1786342468.233,c2,recommend,,0.0,26.76,14.03,1.95,S3,0,,0,200.0,obs,1006,26.76,14.03,4.0,S3,26.76,14.03,4.0,S3,26.76,14.03,1.95,S3,6.321,0,S3,site_s3,S3,S3,S3
1786342469.227,c1,reserve,,0.0,26.34,13.67,3.65,S3,0,,0,36.0,prior_fill,190,26.34,13.67,3.65,S3,26.34,13.67,3.65,S3,26.34,13.67,3.65,S3,0.892,0,S3,site_s3,S3,S3,S3
1786342469.227,c1,search,,0.0,31.1,20.71,10.98,S3,0,,0,4474.0,prior_fill,291,31.1,20.71,10.98,S3,31.1,20.71,10.98,S3,31.1,20.71,10.98,S3,0.892,0,S3,site_s3,S3,S3,S3
1786342469.227,c1,recommend,,0.0,26.76,14.03,4.0,S3,0,,0,200.0,prior_fill,388,26.76,14.03,4.0,S3,26.76,14.03,4.0,S3,26.76,14.03,4.0,S3,0.892,0,S3,site_s3,S3,S3,S3
1786342469.227,c2,reserve,,0.0,26.34,13.67,3.65,S3,0,,0,36.0,prior_fill,190,26.34,13.67,3.65,S3,26.34,13.67,3.65,S3,26.34,13.67,3.65,S3,0.892,0,S3,site_s3,S3,S3,S3
1786342469.227,c2,search,,0.0,31.1,20.71,10.98,S3,0,,0,4474.0,prior_fill,291,31.1,20.71,10.98,S3,31.1,20.71,10.98,S3,31.1,20.71,10.98,S3,0.892,0,S3,site_s3,S3,S3,S3
1786342469.227,c2,recommend,,0.0,26.76,14.03,4.0,S3,0,,0,200.0,prior_fill,388,26.76,14.03,4.0,S3,26.76,14.03,4.0,S3,26.76,14.03,4.0,S3,0.892,0,S3,site_s3,S3,S3,S3
