ts,site,class,n,src,fill_ratio,mean_ms,p95_ms,stale_ms,prior_ms,last_obs_ms,value_ms
1786367156.198,S1,recommend,0,prior,0.0,,,,1.24,,1.24
1786367156.198,S1,reserve,0,prior,0.0,,,,1.658,,1.658
1786367156.198,S1,search,0,prior,0.0,,,,6.899,,6.899
1786367156.198,S2,recommend,0,prior,0.0,,,,0.975,,0.975
1786367156.198,S2,reserve,0,prior,0.0,,,,1.332,,1.332
1786367156.198,S2,search,0,prior,0.0,,,,4.287,,4.287
1786367156.198,S3,recommend,0,prior,0.0,,,,1.0,,1.0
1786367156.198,S3,reserve,0,prior,0.0,,,,1.348,,1.348
1786367156.198,S3,search,0,prior,0.0,,,,4.019,,4.019
1786367157.199,S1,recommend,0,prior,0.0,,,,1.24,,1.24
1786367157.199,S1,reserve,0,prior,0.0,,,,1.658,,1.658
1786367157.199,S1,search,0,prior,0.0,,,,6.899,,6.899
1786367157.199,S2,recommend,0,prior,0.0,,,,0.975,,0.975
1786367157.199,S2,reserve,0,prior,0.0,,,,1.332,,1.332
1786367157.199,S2,search,0,prior,0.0,,,,4.287,,4.287
1786367157.199,S3,recommend,0,prior,0.0,,,,1.0,,1.0
1786367157.199,S3,reserve,0,prior,0.0,,,,1.348,,1.348
1786367157.199,S3,search,0,prior,0.0,,,,4.019,,4.019
1786367158.199,S1,recommend,0,prior,0.0,,,,1.24,,1.24
1786367158.199,S1,reserve,0,prior,0.0,,,,1.658,,1.658
1786367158.199,S1,search,0,prior,0.0,,,,6.899,,6.899
1786367158.199,S2,recommend,0,prior,0.0,,,,0.975,,0.975
1786367158.199,S2,reserve,0,prior,0.0,,,,1.332,,1.332
1786367158.199,S2,search,0,prior,0.0,,,,4.287,,4.287
1786367158.199,S3,recommend,0,prior,0.0,,,,1.0,,1.0
1786367158.199,S3,reserve,0,prior,0.0,,,,1.348,,1.348
1786367158.199,S3,search,0,prior,0.0,,,,4.019,,4.019
1786367159.199,S1,recommend,0,prior,0.0,,,,1.24,,1.24
1786367159.199,S1,reserve,0,prior,0.0,,,,1.658,,1.658
1786367159.199,S1,search,0,prior,0.0,,,,6.899,,6.899
1786367159.199,S2,recommend,0,prior,0.0,,,,0.975,,0.975
1786367159.199,S2,reserve,0,prior,0.0,,,,1.332,,1.332
1786367159.199,S2,search,0,prior,0.0,,,,4.287,,4.287
1786367159.199,S3,recommend,0,prior,0.0,,,,1.0,,1.0
1786367159.199,S3,reserve,0,prior,0.0,,,,1.348,,1.348
1786367159.199,S3,search,0,prior,0.0,,,,4.019,,4.019
1786367160.202,S1,recommend,0,prior,0.0,,,,1.24,,1.24
1786367160.202,S1,reserve,0,prior,0.0,,,,1.658,,1.658
1786367160.202,S1,search,0,prior,0.0,,,,6.899,,6.899
1786367160.202,S2,recommend,0,prior,0.0,,,,0.975,,0.975
1786367160.202,S2,reserve,0,prior,0.0,,,,1.332,,1.332
1786367160.202,S2,search,0,prior,0.0,,,,4.287,,4.287
1786367160.202,S3,recommend,130,prior_fill,0.1961,0.7308,1.455,58.3,1.0,,1.0
1786367160.202,S3,reserve,65,prior,0.1887,26.286,185.362,77.8,1.348,,1.348
1786367160.202,S3,search,103,prior_fill,0.1955,3.8315,6.354,62.0,4.019,,4.019
1786367161.207,S1,recommend,0,prior,0.0,,,,1.24,,1.24
1786367161.207,S1,reserve,0,prior,0.0,,,,1.658,,1.658
1786367161.207,S1,search,0,prior,0.0,,,,6.899,,6.899
1786367161.207,S2,recommend,0,prior,0.0,,,,0.975,,0.975
1786367161.207,S2,reserve,0,prior,0.0,,,,1.332,,1.332
1786367161.207,S2,search,0,prior,0.0,,,,4.287,,4.287
1786367161.207,S3,recommend,499,prior_fill,0.697,0.6508,1.151,56.6,1.0,,1.0
1786367161.207,S3,reserve,248,prior_fill,0.6985,7.6165,2.237,58.3,1.348,,1.348
1786367161.207,S3,search,373,prior_fill,0.697,3.4845,5.229,59.1,4.019,,4.019
1786367162.207,S1,recommend,0,prior,0.0,,,,1.24,,1.24
1786367162.207,S1,reserve,0,prior,0.0,,,,1.658,,1.658
1786367162.207,S1,search,0,prior,0.0,,,,6.899,,6.899
1786367162.207,S2,recommend,0,prior,0.0,,,,0.975,,0.975
1786367162.207,S2,reserve,0,prior,0.0,,,,1.332,,1.332
1786367162.207,S2,search,0,prior,0.0,,,,4.287,,4.287
1786367162.207,S3,recommend,697,obs,0.9721,0.6463,1.101,54.0,1.0,1.101,1.101
1786367162.207,S3,reserve,346,obs,0.9691,0.9797,1.37,60.8,1.348,1.37,1.37
1786367162.207,S3,search,527,obs,0.9691,3.2869,4.543,58.3,4.019,4.543,4.543
1786367163.207,S1,recommend,0,prior,0.0,,,,1.24,,1.24
1786367163.207,S1,reserve,0,prior,0.0,,,,1.658,,1.658
1786367163.207,S1,search,0,prior,0.0,,,,6.899,,6.899
1786367163.207,S2,recommend,0,prior,0.0,,,,0.975,,0.975
1786367163.207,S2,reserve,0,prior,0.0,,,,1.332,,1.332
1786367163.207,S2,search,0,prior,0.0,,,,4.287,,4.287
1786367163.207,S3,recommend,693,obs,0.9725,0.642,1.075,54.1,1.0,1.075,1.075
1786367163.207,S3,reserve,344,obs,0.9691,0.963,1.3,55.8,1.348,1.3,1.3
1786367163.207,S3,search,520,obs,0.9709,3.2708,4.34,56.6,4.019,4.34,4.34
1786367164.207,S1,recommend,0,prior,0.0,,,,1.24,,1.24
1786367164.207,S1,reserve,0,prior,0.0,,,,1.658,,1.658
1786367164.207,S1,search,0,prior,0.0,,,,6.899,,6.899
1786367164.207,S2,recommend,0,prior,0.0,,,,0.975,,0.975
1786367164.207,S2,reserve,0,prior,0.0,,,,1.332,,1.332
1786367164.207,S2,search,0,prior,0.0,,,,4.287,,4.287
1786367164.207,S3,recommend,690,obs,0.9729,0.6179,1.006,53.3,1.0,1.006,1.006
1786367164.207,S3,reserve,347,obs,0.9675,0.9696,1.36,54.1,1.348,1.36,1.36
1786367164.207,S3,search,521,obs,0.97,3.2379,4.089,58.3,4.019,4.089,4.089
1786367165.207,S1,recommend,0,prior,0.0,,,,1.24,,1.24
1786367165.207,S1,reserve,0,prior,0.0,,,,1.658,,1.658
1786367165.207,S1,search,0,prior,0.0,,,,6.899,,6.899
1786367165.207,S2,recommend,0,prior,0.0,,,,0.975,,0.975
1786367165.207,S2,reserve,0,prior,0.0,,,,1.332,,1.332
1786367165.207,S2,search,0,prior,0.0,,,,4.287,,4.287
1786367165.207,S3,recommend,692,obs,0.9734,0.6175,0.998,51.6,1.0,0.998,0.998
1786367165.207,S3,reserve,350,obs,0.9729,0.9737,1.336,53.3,1.348,1.336,1.336
1786367165.207,S3,search,517,obs,0.9712,3.228,4.01,54.1,4.019,4.01,4.01
1786367166.207,S1,recommend,0,prior,0.0,,,,1.24,,1.24
1786367166.207,S1,reserve,0,prior,0.0,,,,1.658,,1.658
1786367166.207,S1,search,0,prior,0.0,,,,6.899,,6.899
1786367166.207,S2,recommend,0,prior,0.0,,,,0.975,,0.975
1786367166.207,S2,reserve,0,prior,0.0,,,,1.332,,1.332
1786367166.207,S2,search,0,prior,0.0,,,,4.287,,4.287
1786367166.207,S3,recommend,696,obs,0.9729,0.6228,1.022,50.8,1.0,1.022,1.022
1786367166.207,S3,reserve,346,obs,0.9734,0.9601,1.331,51.6,1.348,1.331,1.331
1786367166.207,S3,search,518,obs,0.9691,3.2494,4.069,60.8,4.019,4.069,4.069
1786367167.207,S1,recommend,0,prior,0.0,,,,1.24,,1.24
1786367167.207,S1,reserve,0,prior,0.0,,,,1.658,,1.658
1786367167.207,S1,search,0,prior,0.0,,,,6.899,,6.899
1786367167.207,S2,recommend,0,prior,0.0,,,,0.975,,0.975
1786367167.207,S2,reserve,0,prior,0.0,,,,1.332,,1.332
1786367167.207,S2,search,0,prior,0.0,,,,4.287,,4.287
1786367167.207,S3,recommend,698,obs,0.9753,0.643,1.064,48.3,1.0,1.064,1.064
1786367167.207,S3,reserve,344,obs,0.9691,0.9799,1.292,58.3,1.348,1.292,1.292
1786367167.207,S3,search,520,obs,0.9716,3.3574,4.233,50.8,4.019,4.233,4.233
1786367168.207,S1,recommend,0,prior,0.0,,,,1.24,,1.24
1786367168.207,S1,reserve,0,prior,0.0,,,,1.658,,1.658
1786367168.207,S1,search,0,prior,0.0,,,,6.899,,6.899
1786367168.207,S2,recommend,0,prior,0.0,,,,0.975,,0.975
1786367168.207,S2,reserve,0,prior,0.0,,,,1.332,,1.332
1786367168.207,S2,search,0,prior,0.0,,,,4.287,,4.287
1786367168.207,S3,recommend,694,obs,0.9759,0.6627,1.234,46.5,1.0,1.234,1.234
1786367168.207,S3,reserve,346,obs,0.9691,1.0037,1.388,53.3,1.348,1.388,1.388
1786367168.207,S3,search,523,obs,0.975,3.3844,4.37,49.1,4.019,4.37,4.37
1786367169.207,S1,recommend,0,prior,0.0,,,,1.24,,1.24
1786367169.207,S1,reserve,0,prior,0.0,,,,1.658,,1.658
1786367169.207,S1,search,0,prior,0.0,,,,6.899,,6.899
1786367169.207,S2,recommend,0,prior,0.0,,,,0.975,,0.975
1786367169.207,S2,reserve,0,prior,0.0,,,,1.332,,1.332
1786367169.207,S2,search,0,prior,0.0,,,,4.287,,4.287
1786367169.207,S3,recommend,691,obs,0.975,0.6219,1.066,46.6,1.0,1.066,1.066
1786367169.207,S3,reserve,351,obs,0.975,0.9701,1.421,48.3,1.348,1.421,1.421
1786367169.207,S3,search,521,obs,0.975,3.2525,4.168,49.1,4.019,4.168,4.168
1786367170.207,S1,recommend,0,prior,0.0,,,,1.24,,1.24
1786367170.207,S1,reserve,0,prior,0.0,,,,1.658,,1.658
1786367170.207,S1,search,0,prior,0.0,,,,6.899,,6.899
1786367170.207,S2,recommend,0,prior,0.0,,,,0.975,,0.975
1786367170.207,S2,reserve,0,prior,0.0,,,,1.332,,1.332
1786367170.207,S2,search,0,prior,0.0,,,,4.287,,4.287
1786367170.207,S3,recommend,696,obs,0.9766,0.6127,1.013,45.8,1.0,1.013,1.013
1786367170.207,S3,reserve,350,obs,0.9766,0.9744,1.376,43.3,1.348,1.376,1.376
1786367170.207,S3,search,519,obs,0.975,3.2435,4.117,48.3,4.019,4.117,4.117
1786367171.207,S1,recommend,0,prior,0.0,,,,1.24,,1.24
1786367171.207,S1,reserve,0,prior,0.0,,,,1.658,,1.658
1786367171.207,S1,search,0,prior,0.0,,,,6.899,,6.899
1786367171.207,S2,recommend,0,prior,0.0,,,,0.975,,0.975
1786367171.207,S2,reserve,0,prior,0.0,,,,1.332,,1.332
1786367171.207,S2,search,0,prior,0.0,,,,4.287,,4.287
1786367171.207,S3,recommend,698,obs,0.9771,0.6187,1.05,44.0,1.0,1.05,1.05
1786367171.207,S3,reserve,346,obs,0.9766,0.9773,1.377,45.8,1.348,1.377,1.377
1786367171.207,S3,search,521,obs,0.975,3.2183,4.02,46.6,4.019,4.02,4.02
1786367172.207,S1,recommend,0,prior,0.0,,,,1.24,,1.24
1786367172.207,S1,reserve,0,prior,0.0,,,,1.658,,1.658
1786367172.207,S1,search,0,prior,0.0,,,,6.899,,6.899
1786367172.207,S2,recommend,0,prior,0.0,,,,0.975,,0.975
1786367172.207,S2,reserve,0,prior,0.0,,,,1.332,,1.332
1786367172.207,S2,search,0,prior,0.0,,,,4.287,,4.287
1786367172.207,S3,recommend,698,obs,0.9779,0.6238,1.056,43.3,1.0,1.056,1.056
1786367172.207,S3,reserve,346,obs,0.9767,0.9624,1.392,40.8,1.348,1.392,1.392
1786367172.207,S3,search,523,obs,0.975,3.2322,4.088,48.3,4.019,4.088,4.088
1786367173.207,S1,recommend,0,prior,0.0,,,,1.24,,1.24
1786367173.207,S1,reserve,0,prior,0.0,,,,1.658,,1.658
1786367173.207,S1,search,0,prior,0.0,,,,6.899,,6.899
1786367173.207,S2,recommend,0,prior,0.0,,,,0.975,,0.975
1786367173.207,S2,reserve,0,prior,0.0,,,,1.332,,1.332
1786367173.207,S2,search,0,prior,0.0,,,,4.287,,4.287
1786367173.207,S3,recommend,695,obs,0.9791,0.6262,1.04,40.8,1.0,1.04,1.04
1786367173.207,S3,reserve,349,obs,0.975,0.9632,1.428,39.1,1.348,1.428,1.428
1786367173.207,S3,search,525,obs,0.9775,3.2385,4.148,43.3,4.019,4.148,4.148
1786367174.207,S1,recommend,0,prior,0.0,,,,1.24,,1.24
1786367174.207,S1,reserve,0,prior,0.0,,,,1.658,,1.658
1786367174.207,S1,search,0,prior,0.0,,,,6.899,,6.899
1786367174.207,S2,recommend,0,prior,0.0,,,,0.975,,0.975
1786367174.207,S2,reserve,0,prior,0.0,,,,1.332,,1.332
1786367174.207,S2,search,0,prior,0.0,,,,4.287,,4.287
1786367174.207,S3,recommend,696,obs,0.9797,0.6229,1.026,39.0,1.0,1.026,1.026
1786367174.207,S3,reserve,352,obs,0.9766,0.965,1.291,45.8,1.348,1.291,1.291
1786367174.207,S3,search,520,obs,0.9766,3.2374,4.133,43.3,4.019,4.133,4.133
1786367175.207,S1,recommend,0,prior,0.0,,,,1.24,,1.24
1786367175.207,S1,reserve,0,prior,0.0,,,,1.658,,1.658
1786367175.207,S1,search,0,prior,0.0,,,,6.899,,6.899
1786367175.207,S2,recommend,0,prior,0.0,,,,0.975,,0.975
1786367175.207,S2,reserve,0,prior,0.0,,,,1.332,,1.332
1786367175.207,S2,search,0,prior,0.0,,,,4.287,,4.287
1786367175.207,S3,recommend,699,obs,0.9788,0.6218,1.046,39.0,1.0,1.046,1.046
1786367175.207,S3,reserve,349,obs,0.9787,0.9575,1.282,40.8,1.348,1.282,1.282
1786367175.207,S3,search,521,obs,0.9788,3.2442,4.07,41.5,4.019,4.07,4.07
1786367176.206,S1,recommend,0,prior,0.0,,,,1.24,,1.24
1786367176.206,S1,reserve,0,prior,0.0,,,,1.658,,1.658
1786367176.206,S1,search,0,prior,0.0,,,,6.899,,6.899
1786367176.206,S2,recommend,0,prior,0.0,,,,0.975,,0.975
1786367176.206,S2,reserve,0,prior,0.0,,,,1.332,,1.332
1786367176.206,S2,search,0,prior,0.0,,,,4.287,,4.287
1786367176.206,S3,recommend,701,obs,0.9804,0.621,1.053,38.3,1.0,1.053,1.053
1786367176.206,S3,reserve,347,obs,0.9787,0.9646,1.332,39.1,1.348,1.332,1.332
1786367176.206,S3,search,522,obs,0.9766,3.245,4.067,40.8,4.019,4.067,4.067
1786367177.207,S1,recommend,0,prior,0.0,,,,1.24,,1.24
1786367177.207,S1,reserve,0,prior,0.0,,,,1.658,,1.658
1786367177.207,S1,search,0,prior,0.0,,,,6.899,,6.899
1786367177.207,S2,recommend,0,prior,0.0,,,,0.975,,0.975
1786367177.207,S2,reserve,0,prior,0.0,,,,1.332,,1.332
1786367177.207,S2,search,0,prior,0.0,,,,4.287,,4.287
1786367177.207,S3,recommend,698,obs,0.9808,0.6364,1.074,36.6,1.0,1.074,1.074
1786367177.207,S3,reserve,348,obs,0.9767,1.0231,1.532,38.3,1.348,1.532,1.532
1786367177.207,S3,search,525,obs,0.98,3.3035,4.309,39.1,4.019,4.309,4.309
1786367178.207,S1,recommend,0,prior,0.0,,,,1.24,,1.24
1786367178.207,S1,reserve,0,prior,0.0,,,,1.658,,1.658
1786367178.207,S1,search,0,prior,0.0,,,,6.899,,6.899
1786367178.207,S2,recommend,0,prior,0.0,,,,0.975,,0.975
1786367178.207,S2,reserve,0,prior,0.0,,,,1.332,,1.332
1786367178.207,S2,search,0,prior,0.0,,,,4.287,,4.287
1786367178.207,S3,recommend,696,obs,0.9804,0.6329,1.054,35.8,1.0,1.054,1.054
1786367178.207,S3,reserve,352,obs,0.9809,1.0024,1.3,36.6,1.348,1.3,1.3
1786367178.207,S3,search,524,obs,0.9791,3.3185,4.344,40.8,4.019,4.344,4.344
1786367179.207,S1,recommend,0,prior,0.0,,,,1.24,,1.24
1786367179.207,S1,reserve,0,prior,0.0,,,,1.658,,1.658
1786367179.207,S1,search,0,prior,0.0,,,,6.899,,6.899
1786367179.207,S2,recommend,0,prior,0.0,,,,0.975,,0.975
1786367179.207,S2,reserve,0,prior,0.0,,,,1.332,,1.332
1786367179.207,S2,search,0,prior,0.0,,,,4.287,,4.287
1786367179.207,S3,recommend,701,obs,0.9829,0.6093,0.988,33.3,1.0,0.988,0.988
1786367179.207,S3,reserve,350,obs,0.9766,0.9581,1.289,43.3,1.348,1.289,1.289
1786367179.207,S3,search,523,obs,0.9813,3.2409,4.254,35.8,4.019,4.254,4.254
1786367180.207,S1,recommend,0,prior,0.0,,,,1.24,,1.24
1786367180.207,S1,reserve,0,prior,0.0,,,,1.658,,1.658
1786367180.207,S1,search,0,prior,0.0,,,,6.899,,6.899
1786367180.207,S2,recommend,0,prior,0.0,,,,0.975,,0.975
1786367180.207,S2,reserve,0,prior,0.0,,,,1.332,,1.332
1786367180.207,S2,search,0,prior,0.0,,,,4.287,,4.287
1786367180.207,S3,recommend,701,obs,0.9825,0.6168,1.027,33.3,1.0,1.027,1.027
1786367180.207,S3,reserve,348,obs,0.9804,0.9555,1.289,38.3,1.348,1.289,1.289
1786367180.207,S3,search,524,obs,0.9804,3.2193,4.006,35.8,4.019,4.006,4.006
1786367181.207,S1,recommend,0,prior,0.0,,,,1.24,,1.24
1786367181.207,S1,reserve,0,prior,0.0,,,,1.658,,1.658
1786367181.207,S1,search,0,prior,0.0,,,,6.899,,6.899
1786367181.207,S2,recommend,0,prior,0.0,,,,0.975,,0.975
1786367181.207,S2,reserve,0,prior,0.0,,,,1.332,,1.332
1786367181.207,S2,search,0,prior,0.0,,,,4.287,,4.287
1786367181.207,S3,recommend,701,obs,0.9837,0.6198,1.066,31.6,1.0,1.066,1.066
1786367181.207,S3,reserve,348,obs,0.9804,0.9512,1.321,33.3,1.348,1.321,1.321
1786367181.207,S3,search,526,obs,0.9821,3.2429,4.209,34.1,4.019,4.209,4.209
1786367182.207,S1,recommend,0,prior,0.0,,,,1.24,,1.24
1786367182.207,S1,reserve,0,prior,0.0,,,,1.658,,1.658
1786367182.207,S1,search,0,prior,0.0,,,,6.899,,6.899
1786367182.207,S2,recommend,0,prior,0.0,,,,0.975,,0.975
1786367182.207,S2,reserve,0,prior,0.0,,,,1.332,,1.332
1786367182.207,S2,search,0,prior,0.0,,,,4.287,,4.287
1786367182.207,S3,recommend,698,obs,0.9842,0.6096,1.043,30.8,1.0,1.043,1.043
1786367182.207,S3,reserve,351,obs,0.9787,0.9618,1.386,31.6,1.348,1.386,1.386
1786367182.207,S3,search,527,obs,0.9825,3.2311,4.148,33.3,4.019,4.148,4.148
1786367183.207,S1,recommend,0,prior,0.0,,,,1.24,,1.24
1786367183.207,S1,reserve,0,prior,0.0,,,,1.658,,1.658
1786367183.207,S1,search,0,prior,0.0,,,,6.899,,6.899
1786367183.207,S2,recommend,0,prior,0.0,,,,0.975,,0.975
1786367183.207,S2,reserve,0,prior,0.0,,,,1.332,,1.332
1786367183.207,S2,search,0,prior,0.0,,,,4.287,,4.287
1786367183.207,S3,recommend,700,obs,0.9846,0.6091,1.035,29.1,1.0,1.035,1.035
1786367183.207,S3,reserve,354,obs,0.9841,0.9508,1.325,30.8,1.348,1.325,1.325
1786367183.207,S3,search,523,obs,0.9825,3.2294,4.059,31.6,4.019,4.059,4.059
1786367184.207,S1,recommend,0,prior,0.0,,,,1.24,,1.24
1786367184.207,S1,reserve,0,prior,0.0,,,,1.658,,1.658
1786367184.207,S1,search,0,prior,0.0,,,,6.899,,6.899
1786367184.207,S2,recommend,0,prior,0.0,,,,0.975,,0.975
1786367184.207,S2,reserve,0,prior,0.0,,,,1.332,,1.332
1786367184.207,S2,search,0,prior,0.0,,,,4.287,,4.287
1786367184.207,S3,recommend,704,obs,0.9841,0.6217,1.106,28.3,1.0,1.106,1.106
1786367184.207,S3,reserve,350,obs,0.9846,0.9512,1.321,29.1,1.348,1.321,1.321
1786367184.207,S3,search,524,obs,0.9829,3.2381,4.071,33.3,4.019,4.071,4.071
1786367185.207,S1,recommend,0,prior,0.0,,,,1.24,,1.24
1786367185.207,S1,reserve,0,prior,0.0,,,,1.658,,1.658
1786367185.207,S1,search,0,prior,0.0,,,,6.899,,6.899
1786367185.207,S2,recommend,0,prior,0.0,,,,0.975,,0.975
1786367185.207,S2,reserve,0,prior,0.0,,,,1.332,,1.332
1786367185.207,S2,search,0,prior,0.0,,,,4.287,,4.287
1786367185.207,S3,recommend,705,obs,0.9862,0.6223,1.028,26.6,1.0,1.028,1.028
1786367185.207,S3,reserve,348,obs,0.9804,0.9603,1.331,35.8,1.348,1.331,1.331
1786367185.207,S3,search,525,obs,0.9812,3.241,4.174,31.6,4.019,4.174,4.174
1786367186.206,S1,recommend,0,prior,0.0,,,,1.24,,1.24
1786367186.206,S1,reserve,0,prior,0.0,,,,1.658,,1.658
1786367186.206,S1,search,0,prior,0.0,,,,6.899,,6.899
1786367186.206,S2,recommend,0,prior,0.0,,,,0.975,,0.975
1786367186.206,S2,reserve,0,prior,0.0,,,,1.332,,1.332
1786367186.206,S2,search,0,prior,0.0,,,,4.287,,4.287
1786367186.206,S3,recommend,664,obs,0.9359,0.6169,1.001,126.5,1.0,1.001,1.001
1786367186.206,S3,reserve,334,obs,0.9317,0.9758,1.371,128.2,1.348,1.371,1.371
1786367186.206,S3,search,501,obs,0.935,3.2167,3.968,129.0,4.019,3.968,3.968
1786367187.207,S1,recommend,0,prior,0.0,,,,1.24,,1.24
1786367187.207,S1,reserve,0,prior,0.0,,,,1.658,,1.658
1786367187.207,S1,search,0,prior,0.0,,,,6.899,,6.899
1786367187.207,S2,recommend,0,prior,0.0,,,,0.975,,0.975
1786367187.207,S2,reserve,0,prior,0.0,,,,1.332,,1.332
1786367187.207,S2,search,0,prior,0.0,,,,4.287,,4.287
1786367187.207,S3,recommend,666,obs,0.9354,0.6417,1.157,125.8,1.0,1.157,1.157
1786367187.207,S3,reserve,336,obs,0.9359,0.9773,1.341,126.6,1.348,1.341,1.341
1786367187.207,S3,search,498,obs,0.9354,3.2589,3.957,128.3,4.019,3.957,3.957
1786367188.207,S1,recommend,0,prior,0.0,,,,1.24,,1.24
1786367188.207,S1,reserve,0,prior,0.0,,,,1.658,,1.658
1786367188.207,S1,search,0,prior,0.0,,,,6.899,,6.899
1786367188.207,S2,recommend,0,prior,0.0,,,,0.975,,0.975
1786367188.207,S2,reserve,0,prior,0.0,,,,1.332,,1.332
1786367188.207,S2,search,0,prior,0.0,,,,4.287,,4.287
1786367188.207,S3,recommend,669,obs,0.9375,0.6365,1.107,124.0,1.0,1.107,1.107
1786367188.207,S3,reserve,332,obs,0.9354,0.9735,1.316,125.8,1.348,1.316,1.316
1786367188.207,S3,search,500,obs,0.9359,3.297,4.138,126.6,4.019,4.138,4.138
1786367189.207,S1,recommend,0,prior,0.0,,,,1.24,,1.24
1786367189.207,S1,reserve,0,prior,0.0,,,,1.658,,1.658
1786367189.207,S1,search,0,prior,0.0,,,,6.899,,6.899
1786367189.207,S2,recommend,0,prior,0.0,,,,0.975,,0.975
1786367189.207,S2,reserve,0,prior,0.0,,,,1.332,,1.332
1786367189.207,S2,search,0,prior,0.0,,,,4.287,,4.287
1786367189.207,S3,recommend,669,obs,0.9375,0.6251,1.066,123.2,1.0,1.066,1.066
1786367189.207,S3,reserve,333,obs,0.9375,0.9587,1.292,124.1,1.348,1.292,1.292
1786367189.207,S3,search,500,obs,0.9341,3.2408,4.045,128.3,4.019,4.045,4.045
1786367190.207,S1,recommend,0,prior,0.0,,,,1.24,,1.24
1786367190.207,S1,reserve,0,prior,0.0,,,,1.658,,1.658
1786367190.207,S1,search,0,prior,0.0,,,,6.899,,6.899
1786367190.207,S2,recommend,0,prior,0.0,,,,0.975,,0.975
1786367190.207,S2,reserve,0,prior,0.0,,,,1.332,,1.332
1786367190.207,S2,search,0,prior,0.0,,,,4.287,,4.287
1786367190.207,S3,recommend,669,obs,0.9391,0.6486,1.226,120.8,1.0,1.226,1.226
1786367190.207,S3,reserve,332,obs,0.9316,0.966,1.297,130.8,1.348,1.297,1.297
1786367190.207,S3,search,503,obs,0.9375,3.2698,4.162,123.3,4.019,4.162,4.162
1786367191.207,S1,recommend,0,prior,0.0,,,,1.24,,1.24
1786367191.207,S1,reserve,0,prior,0.0,,,,1.658,,1.658
1786367191.207,S1,search,0,prior,0.0,,,,6.899,,6.899
1786367191.207,S2,recommend,0,prior,0.0,,,,0.975,,0.975
1786367191.207,S2,reserve,0,prior,0.0,,,,1.332,,1.332
1786367191.207,S2,search,0,prior,0.0,,,,4.287,,4.287
1786367191.207,S3,recommend,666,obs,0.9391,0.6375,1.118,120.8,1.0,1.118,1.118
1786367191.207,S3,reserve,336,obs,0.9316,0.9824,1.365,125.8,1.348,1.365,1.365
1786367191.207,S3,search,501,obs,0.9375,3.2487,4.125,123.3,4.019,4.125,4.125
1786367192.207,S1,recommend,0,prior,0.0,,,,1.24,,1.24
1786367192.207,S1,reserve,0,prior,0.0,,,,1.658,,1.658
1786367192.207,S1,search,0,prior,0.0,,,,6.899,,6.899
1786367192.207,S2,recommend,0,prior,0.0,,,,0.975,,0.975
1786367192.207,S2,reserve,0,prior,0.0,,,,1.332,,1.332
1786367192.207,S2,search,0,prior,0.0,,,,4.287,,4.287
1786367192.207,S3,recommend,669,obs,0.9375,0.6188,1.03,123.3,1.0,1.03,1.03
1786367192.207,S3,reserve,336,obs,0.9391,0.9688,1.341,120.8,1.348,1.341,1.341
1786367192.207,S3,search,498,obs,0.9354,3.2179,3.988,125.8,4.019,3.988,3.988
1786367193.207,S1,recommend,0,prior,0.0,,,,1.24,,1.24
1786367193.207,S1,reserve,0,prior,0.0,,,,1.658,,1.658
1786367193.207,S1,search,0,prior,0.0,,,,6.899,,6.899
1786367193.207,S2,recommend,0,prior,0.0,,,,0.975,,0.975
1786367193.207,S2,reserve,0,prior,0.0,,,,1.332,,1.332
1786367193.207,S2,search,0,prior,0.0,,,,4.287,,4.287
1786367193.207,S3,recommend,670,obs,0.9391,0.6258,1.126,118.3,1.0,1.126,1.126
1786367193.207,S3,reserve,334,obs,0.9396,0.9666,1.341,119.1,1.348,1.341,1.341
1786367193.207,S3,search,502,obs,0.9391,3.2319,4.161,120.8,4.019,4.161,4.161
1786367194.208,S1,recommend,0,prior,0.0,,,,1.24,,1.24
1786367194.208,S1,reserve,0,prior,0.0,,,,1.658,,1.658
1786367194.208,S1,search,0,prior,0.0,,,,6.899,,6.899
1786367194.208,S2,recommend,0,prior,0.0,,,,0.975,,0.975
1786367194.208,S2,reserve,0,prior,0.0,,,,1.332,,1.332
1786367194.208,S2,search,0,prior,0.0,,,,4.287,,4.287
1786367194.208,S3,recommend,671,obs,0.9391,0.6132,1.036,120.8,1.0,1.036,1.036
1786367194.208,S3,reserve,334,obs,0.9391,0.969,1.36,118.3,1.348,1.36,1.36
1786367194.208,S3,search,500,obs,0.9341,3.2331,3.964,125.8,4.019,3.964,3.964
1786367195.207,S1,recommend,0,prior,0.0,,,,1.24,,1.24
1786367195.207,S1,reserve,0,prior,0.0,,,,1.658,,1.658
1786367195.207,S1,search,0,prior,0.0,,,,6.899,,6.899
1786367195.207,S2,recommend,0,prior,0.0,,,,0.975,,0.975
1786367195.207,S2,reserve,0,prior,0.0,,,,1.332,,1.332
1786367195.207,S2,search,0,prior,0.0,,,,4.287,,4.287
1786367195.207,S3,recommend,668,obs,0.94,0.615,1.031,118.3,1.0,1.031,1.031
1786367195.207,S3,reserve,335,obs,0.9375,0.9778,1.302,116.6,1.348,1.302,1.302
1786367195.207,S3,search,504,obs,0.9391,3.2579,3.985,120.7,4.019,3.985,3.985
1786367196.207,S1,recommend,0,prior,0.0,,,,1.24,,1.24
1786367196.207,S1,reserve,0,prior,0.0,,,,1.658,,1.658
1786367196.207,S1,search,0,prior,0.0,,,,6.899,,6.899
1786367196.207,S2,recommend,0,prior,0.0,,,,0.975,,0.975
1786367196.207,S2,reserve,0,prior,0.0,,,,1.332,,1.332
1786367196.207,S2,search,0,prior,0.0,,,,4.287,,4.287
1786367196.207,S3,recommend,669,obs,0.94,0.6231,1.061,116.5,1.0,1.061,1.061
1786367196.207,S3,reserve,337,obs,0.9375,0.9705,1.287,123.3,1.348,1.287,1.287
1786367196.207,S3,search,501,obs,0.94,3.2403,4.011,119.0,4.019,4.011,4.011
1786367197.207,S1,recommend,0,prior,0.0,,,,1.24,,1.24
1786367197.207,S1,reserve,0,prior,0.0,,,,1.658,,1.658
1786367197.207,S1,search,0,prior,0.0,,,,6.899,,6.899
1786367197.207,S2,recommend,0,prior,0.0,,,,0.975,,0.975
1786367197.207,S2,reserve,0,prior,0.0,,,,1.332,,1.332
1786367197.207,S2,search,0,prior,0.0,,,,4.287,,4.287
1786367197.207,S3,recommend,671,obs,0.9413,0.6342,1.05,116.5,1.0,1.05,1.05
1786367197.207,S3,reserve,334,obs,0.9391,1.0297,1.405,118.3,1.348,1.405,1.405
1786367197.207,S3,search,502,obs,0.9396,3.3155,4.093,119.1,4.019,4.093,4.093
1786367198.207,S1,recommend,0,prior,0.0,,,,1.24,,1.24
1786367198.207,S1,reserve,0,prior,0.0,,,,1.658,,1.658
1786367198.207,S1,search,0,prior,0.0,,,,6.899,,6.899
1786367198.207,S2,recommend,0,prior,0.0,,,,0.975,,0.975
1786367198.207,S2,reserve,0,prior,0.0,,,,1.332,,1.332
1786367198.207,S2,search,0,prior,0.0,,,,4.287,,4.287
1786367198.207,S3,recommend,671,obs,0.9413,0.6408,1.075,115.7,1.0,1.075,1.075
1786367198.207,S3,reserve,336,obs,0.9429,1.0277,1.453,113.3,1.348,1.453,1.453
1786367198.207,S3,search,502,obs,0.9391,3.3208,4.054,118.3,4.019,4.054,4.054
1786367199.207,S1,recommend,0,prior,0.0,,,,1.24,,1.24
1786367199.207,S1,reserve,0,prior,0.0,,,,1.658,,1.658
1786367199.207,S1,search,0,prior,0.0,,,,6.899,,6.899
1786367199.207,S2,recommend,0,prior,0.0,,,,0.975,,0.975
1786367199.207,S2,reserve,0,prior,0.0,,,,1.332,,1.332
1786367199.207,S2,search,0,prior,0.0,,,,4.287,,4.287
1786367199.207,S3,recommend,671,obs,0.9425,0.6153,1.05,114.1,1.0,1.05,1.05
1786367199.207,S3,reserve,334,obs,0.9391,0.9468,1.292,115.7,1.348,1.292,1.292
1786367199.207,S3,search,504,obs,0.9409,3.2435,4.073,116.5,4.019,4.073,4.073
1786367200.207,S1,recommend,0,prior,0.0,,,,1.24,,1.24
1786367200.207,S1,reserve,0,prior,0.0,,,,1.658,,1.658
1786367200.207,S1,search,0,prior,0.0,,,,6.899,,6.899
1786367200.207,S2,recommend,0,prior,0.0,,,,0.975,,0.975
1786367200.207,S2,reserve,0,prior,0.0,,,,1.332,,1.332
1786367200.207,S2,search,0,prior,0.0,,,,4.287,,4.287
1786367200.207,S3,recommend,670,obs,0.9429,0.6076,1.008,113.3,1.0,1.008,1.008
1786367200.207,S3,reserve,338,obs,0.9391,0.9592,1.273,110.7,1.348,1.273,1.273
1786367200.207,S3,search,503,obs,0.94,3.2405,4.183,118.3,4.019,4.183,4.183
1786367201.207,S1,recommend,0,prior,0.0,,,,1.24,,1.24
1786367201.207,S1,reserve,0,prior,0.0,,,,1.658,,1.658
1786367201.207,S1,search,0,prior,0.0,,,,6.899,,6.899
1786367201.207,S2,recommend,0,prior,0.0,,,,0.975,,0.975
1786367201.207,S2,reserve,0,prior,0.0,,,,1.332,,1.332
1786367201.207,S2,search,0,prior,0.0,,,,4.287,,4.287
1786367201.207,S3,recommend,674,obs,0.9437,0.6171,1.021,110.8,1.0,1.021,1.021
1786367201.207,S3,reserve,337,obs,0.945,0.959,1.291,109.1,1.348,1.291,1.291
1786367201.207,S3,search,502,obs,0.9416,3.2408,4.114,113.3,4.019,4.114,4.114
1786367202.206,S1,recommend,0,prior,0.0,,,,1.24,,1.24
1786367202.206,S1,reserve,0,prior,0.0,,,,1.658,,1.658
1786367202.206,S1,search,0,prior,0.0,,,,6.899,,6.899
1786367202.206,S2,recommend,0,prior,0.0,,,,0.975,,0.975
1786367202.206,S2,reserve,0,prior,0.0,,,,1.332,,1.332
1786367202.206,S2,search,0,prior,0.0,,,,4.287,,4.287
1786367202.206,S3,recommend,673,obs,0.9438,0.6239,1.043,109.0,1.0,1.043,1.043
1786367202.206,S3,reserve,335,obs,0.9413,0.9493,1.282,115.7,1.348,1.282,1.282
1786367202.206,S3,search,505,obs,0.9438,3.268,4.173,111.6,4.019,4.173,4.173
1786367203.205,S1,recommend,0,prior,0.0,,,,1.24,,1.24
1786367203.205,S1,reserve,0,prior,0.0,,,,1.658,,1.658
1786367203.205,S1,search,0,prior,0.0,,,,6.899,,6.899
1786367203.205,S2,recommend,0,prior,0.0,,,,0.975,,0.975
1786367203.205,S2,reserve,0,prior,0.0,,,,1.332,,1.332
1786367203.205,S2,search,0,prior,0.0,,,,4.287,,4.287
1786367203.205,S3,recommend,674,obs,0.945,0.6065,1.002,108.2,1.0,1.002,1.002
1786367203.205,S3,reserve,336,obs,0.9429,0.9482,1.29,109.9,1.348,1.29,1.29
1786367203.205,S3,search,504,obs,0.9446,3.2513,4.22,110.7,4.019,4.22,4.22
1786367204.206,S1,recommend,0,prior,0.0,,,,1.24,,1.24
1786367204.206,S1,reserve,0,prior,0.0,,,,1.658,,1.658
1786367204.206,S1,search,0,prior,0.0,,,,6.899,,6.899
1786367204.206,S2,recommend,0,prior,0.0,,,,0.975,,0.975
1786367204.206,S2,reserve,0,prior,0.0,,,,1.332,,1.332
1786367204.206,S2,search,0,prior,0.0,,,,4.287,,4.287
1786367204.206,S3,recommend,671,obs,0.945,0.6083,0.994,107.4,1.0,0.994,0.994
1786367204.206,S3,reserve,338,obs,0.9429,0.9592,1.333,104.9,1.348,1.333,1.333
1786367204.206,S3,search,507,obs,0.945,3.262,4.155,109.9,4.019,4.155,4.155
1786367205.206,S1,recommend,0,prior,0.0,,,,1.24,,1.24
1786367205.206,S1,reserve,0,prior,0.0,,,,1.658,,1.658
1786367205.206,S1,search,0,prior,0.0,,,,6.899,,6.899
1786367205.206,S2,recommend,0,prior,0.0,,,,0.975,,0.975
1786367205.206,S2,reserve,0,prior,0.0,,,,1.332,,1.332
1786367205.206,S2,search,0,prior,0.0,,,,4.287,,4.287
1786367205.206,S3,recommend,673,obs,0.945,0.616,1.05,106.6,1.0,1.05,1.05
1786367205.206,S3,reserve,339,obs,0.945,0.9645,1.327,108.3,1.348,1.327,1.327
1786367205.206,S3,search,503,obs,0.9451,3.2452,4.087,108.9,4.019,4.087,4.087
1786367206.206,S1,recommend,0,prior,0.0,,,,1.24,,1.24
1786367206.206,S1,reserve,0,prior,0.0,,,,1.658,,1.658
1786367206.206,S1,search,0,prior,0.0,,,,6.899,,6.899
1786367206.206,S2,recommend,0,prior,0.0,,,,0.975,,0.975
1786367206.206,S2,reserve,0,prior,0.0,,,,1.332,,1.332
1786367206.206,S2,search,0,prior,0.0,,,,4.287,,4.287
1786367206.206,S3,recommend,676,obs,0.9466,0.6145,1.006,105.7,1.0,1.006,1.006
1786367206.206,S3,reserve,336,obs,0.9466,0.9604,1.327,103.3,1.348,1.327,1.327
1786367206.206,S3,search,505,obs,0.9437,3.2296,3.985,110.8,4.019,3.985,3.985
1786367207.206,S1,recommend,0,prior,0.0,,,,1.24,,1.24
1786367207.206,S1,reserve,0,prior,0.0,,,,1.658,,1.658
1786367207.206,S1,search,0,prior,0.0,,,,6.899,,6.899
1786367207.206,S2,recommend,0,prior,0.0,,,,0.975,,0.975
1786367207.206,S2,reserve,0,prior,0.0,,,,1.332,,1.332
1786367207.206,S2,search,0,prior,0.0,,,,4.287,,4.287
1786367207.206,S3,recommend,676,obs,0.9475,0.652,1.051,102.9,1.0,1.051,1.051
1786367207.206,S3,reserve,336,obs,0.9429,0.9764,1.396,112.9,1.348,1.396,1.396
1786367207.206,S3,search,506,obs,0.9454,3.2998,4.166,105.4,4.019,4.166,4.166
1786367208.206,S1,recommend,0,prior,0.0,,,,1.24,,1.24
1786367208.206,S1,reserve,0,prior,0.0,,,,1.658,,1.658
1786367208.206,S1,search,0,prior,0.0,,,,6.899,,6.899
1786367208.206,S2,recommend,0,prior,0.0,,,,0.975,,0.975
1786367208.206,S2,reserve,0,prior,0.0,,,,1.332,,1.332
1786367208.206,S2,search,0,prior,0.0,,,,4.287,,4.287
1786367208.206,S3,recommend,675,obs,0.9488,0.6529,1.1,101.0,1.0,1.1,1.1
1786367208.206,S3,reserve,336,obs,0.9429,0.9747,1.435,107.7,1.348,1.435,1.435
1786367208.206,S3,search,508,obs,0.9471,3.3349,4.376,103.5,4.019,4.376,4.376
1786367209.206,S1,recommend,0,prior,0.0,,,,1.24,,1.24
1786367209.206,S1,reserve,0,prior,0.0,,,,1.658,,1.658
1786367209.206,S1,search,0,prior,0.0,,,,6.899,,6.899
1786367209.206,S2,recommend,0,prior,0.0,,,,0.975,,0.975
1786367209.206,S2,reserve,0,prior,0.0,,,,1.332,,1.332
1786367209.206,S2,search,0,prior,0.0,,,,4.287,,4.287
1786367209.206,S3,recommend,673,obs,0.9487,0.6189,1.077,100.7,1.0,1.077,1.077
1786367209.206,S3,reserve,341,obs,0.9487,0.9588,1.283,102.4,1.348,1.283,1.283
1786367209.206,S3,search,506,obs,0.9471,3.2596,4.205,103.2,4.019,4.205,4.205
1786367210.206,S1,recommend,0,prior,0.0,,,,1.24,,1.24
1786367210.206,S1,reserve,0,prior,0.0,,,,1.658,,1.658
1786367210.206,S1,search,0,prior,0.0,,,,6.899,,6.899
1786367210.206,S2,recommend,0,prior,0.0,,,,0.975,,0.975
1786367210.206,S2,reserve,0,prior,0.0,,,,1.332,,1.332
1786367210.206,S2,search,0,prior,0.0,,,,4.287,,4.287
1786367210.206,S3,recommend,677,obs,0.9487,0.6176,1.057,99.9,1.0,1.057,1.057
1786367210.206,S3,reserve,340,obs,0.9504,0.9573,1.365,97.4,1.348,1.365,1.365
1786367210.206,S3,search,505,obs,0.9488,3.2332,4.048,102.4,4.019,4.048,4.048
1786367211.205,S1,recommend,0,prior,0.0,,,,1.24,,1.24
1786367211.205,S1,reserve,0,prior,0.0,,,,1.658,,1.658
1786367211.205,S1,search,0,prior,0.0,,,,6.899,,6.899
1786367211.205,S2,recommend,0,prior,0.0,,,,0.975,,0.975
1786367211.205,S2,reserve,0,prior,0.0,,,,1.332,,1.332
1786367211.205,S2,search,0,prior,0.0,,,,4.287,,4.287
1786367211.205,S3,recommend,678,obs,0.9509,0.6265,1.07,98.1,1.0,1.07,1.07
1786367211.205,S3,reserve,337,obs,0.9487,0.9692,1.448,99.9,1.348,1.448,1.448
1786367211.205,S3,search,507,obs,0.9487,3.2489,4.275,100.7,4.019,4.275,4.275
1786367212.206,S1,recommend,0,prior,0.0,,,,1.24,,1.24
1786367212.206,S1,reserve,0,prior,0.0,,,,1.658,,1.658
1786367212.206,S1,search,0,prior,0.0,,,,6.899,,6.899
1786367212.206,S2,recommend,0,prior,0.0,,,,0.975,,0.975
1786367212.206,S2,reserve,0,prior,0.0,,,,1.332,,1.332
1786367212.206,S2,search,0,prior,0.0,,,,4.287,,4.287
1786367212.206,S3,recommend,679,obs,0.9504,0.6264,1.049,97.4,1.0,1.049,1.049
1786367212.206,S3,reserve,338,obs,0.9504,0.9641,1.384,94.9,1.348,1.384,1.384
1786367212.206,S3,search,507,obs,0.9487,3.244,4.06,102.4,4.019,4.06,4.06
1786367213.206,S1,recommend,0,prior,0.0,,,,1.24,,1.24
1786367213.206,S1,reserve,0,prior,0.0,,,,1.658,,1.658
1786367213.206,S1,search,0,prior,0.0,,,,6.899,,6.899
1786367213.206,S2,recommend,0,prior,0.0,,,,0.975,,0.975
1786367213.206,S2,reserve,0,prior,0.0,,,,1.332,,1.332
1786367213.206,S2,search,0,prior,0.0,,,,4.287,,4.287
1786367213.206,S3,recommend,676,obs,0.9512,0.6373,1.112,94.9,1.0,1.112,1.112
1786367213.206,S3,reserve,338,obs,0.9429,0.9729,1.353,104.9,1.348,1.353,1.353
1786367213.206,S3,search,511,obs,0.9512,3.2882,4.25,97.4,4.019,4.25,4.25
1786367214.205,S1,recommend,0,prior,0.0,,,,1.24,,1.24
1786367214.205,S1,reserve,0,prior,0.0,,,,1.658,,1.658
1786367214.205,S1,search,0,prior,0.0,,,,6.899,,6.899
1786367214.205,S2,recommend,0,prior,0.0,,,,0.975,,0.975
1786367214.205,S2,reserve,0,prior,0.0,,,,1.332,,1.332
1786367214.205,S2,search,0,prior,0.0,,,,4.287,,4.287
1786367214.205,S3,recommend,677,obs,0.9525,0.635,1.112,94.9,1.0,1.112,1.112
1786367214.205,S3,reserve,343,obs,0.9525,0.9881,1.395,92.4,1.348,1.395,1.395
1786367214.205,S3,search,506,obs,0.9504,3.2884,4.383,97.4,4.019,4.383,4.383
1786367215.206,S1,recommend,0,prior,0.0,,,,1.24,,1.24
1786367215.206,S1,reserve,0,prior,0.0,,,,1.658,,1.658
1786367215.206,S1,search,0,prior,0.0,,,,6.899,,6.899
1786367215.206,S2,recommend,0,prior,0.0,,,,0.975,,0.975
1786367215.206,S2,reserve,0,prior,0.0,,,,1.332,,1.332
1786367215.206,S2,search,0,prior,0.0,,,,4.287,,4.287
1786367215.206,S3,recommend,681,obs,0.9529,0.6089,1.025,92.4,1.0,1.025,1.025
1786367215.206,S3,reserve,339,obs,0.9525,0.9717,1.32,94.9,1.348,1.32,1.32
1786367215.206,S3,search,507,obs,0.9487,3.2423,4.064,99.9,4.019,4.064,4.064
1786367216.206,S1,recommend,0,prior,0.0,,,,1.24,,1.24
1786367216.206,S1,reserve,0,prior,0.0,,,,1.658,,1.658
1786367216.206,S1,search,0,prior,0.0,,,,6.899,,6.899
1786367216.206,S2,recommend,0,prior,0.0,,,,0.975,,0.975
1786367216.206,S2,reserve,0,prior,0.0,,,,1.332,,1.332
1786367216.206,S2,search,0,prior,0.0,,,,4.287,,4.287
1786367216.206,S3,recommend,681,obs,0.9546,0.6108,1.015,90.7,1.0,1.015,1.015
1786367216.206,S3,reserve,338,obs,0.9504,0.9616,1.345,97.4,1.348,1.345,1.345
1786367216.206,S3,search,509,obs,0.9512,3.2203,4.081,93.2,4.019,4.081,4.081
1786367217.206,S1,recommend,0,prior,0.0,,,,1.24,,1.24
1786367217.206,S1,reserve,0,prior,0.0,,,,1.658,,1.658
1786367217.206,S1,search,0,prior,0.0,,,,6.899,,6.899
1786367217.206,S2,recommend,0,prior,0.0,,,,0.975,,0.975
1786367217.206,S2,reserve,0,prior,0.0,,,,1.332,,1.332
1786367217.206,S2,search,0,prior,0.0,,,,4.287,,4.287
1786367217.206,S3,recommend,679,obs,0.9537,0.6392,1.054,90.9,1.0,1.054,1.054
1786367217.206,S3,reserve,338,obs,0.9504,1.0149,1.379,92.6,1.348,1.379,1.379
1786367217.206,S3,search,511,obs,0.9538,3.304,4.224,90.1,4.019,4.224,4.224
1786367218.206,S1,recommend,0,prior,0.0,,,,1.24,,1.24
1786367218.206,S1,reserve,0,prior,0.0,,,,1.658,,1.658
1786367218.206,S1,search,0,prior,0.0,,,,6.899,,6.899
1786367218.206,S2,recommend,0,prior,0.0,,,,0.975,,0.975
1786367218.206,S2,reserve,0,prior,0.0,,,,1.332,,1.332
1786367218.206,S2,search,0,prior,0.0,,,,4.287,,4.287
1786367218.206,S3,recommend,677,obs,0.9562,0.6346,1.066,85.7,1.0,1.066,1.066
1786367218.206,S3,reserve,343,obs,0.9563,1.0282,1.437,87.3,1.348,1.437,1.437
1786367218.206,S3,search,512,obs,0.9546,3.3,4.157,88.2,4.019,4.157,4.157
1786367219.206,S1,recommend,0,prior,0.0,,,,1.24,,1.24
1786367219.206,S1,reserve,0,prior,0.0,,,,1.658,,1.658
1786367219.206,S1,search,0,prior,0.0,,,,6.899,,6.899
1786367219.206,S2,recommend,0,prior,0.0,,,,0.975,,0.975
1786367219.206,S2,reserve,0,prior,0.0,,,,1.332,,1.332
1786367219.206,S2,search,0,prior,0.0,,,,4.287,,4.287
1786367219.206,S3,recommend,681,obs,0.9563,0.609,1.028,84.9,1.0,1.028,1.028
1786367219.206,S3,reserve,343,obs,0.9562,0.9692,1.359,85.7,1.348,1.359,1.359
1786367219.206,S3,search,509,obs,0.9562,3.2116,4.025,87.4,4.019,4.025,4.025
1786367220.206,S1,recommend,0,prior,0.0,,,,1.24,,1.24
1786367220.206,S1,reserve,0,prior,0.0,,,,1.658,,1.658
1786367220.206,S1,search,0,prior,0.0,,,,6.899,,6.899
1786367220.206,S2,recommend,0,prior,0.0,,,,0.975,,0.975
1786367220.206,S2,reserve,0,prior,0.0,,,,1.332,,1.332
1786367220.206,S2,search,0,prior,0.0,,,,4.287,,4.287
1786367220.206,S3,recommend,683,obs,0.9562,0.6123,1.039,84.0,1.0,1.039,1.039
1786367220.206,S3,reserve,339,obs,0.9563,0.9549,1.244,85.7,1.348,1.244,1.244
1786367220.206,S3,search,511,obs,0.9563,3.2087,4.042,86.6,4.019,4.042,4.042
1786367221.206,S1,recommend,0,prior,0.0,,,,1.24,,1.24
1786367221.206,S1,reserve,0,prior,0.0,,,,1.658,,1.658
1786367221.206,S1,search,0,prior,0.0,,,,6.899,,6.899
1786367221.206,S2,recommend,0,prior,0.0,,,,0.975,,0.975
1786367221.206,S2,reserve,0,prior,0.0,,,,1.332,,1.332
1786367221.206,S2,search,0,prior,0.0,,,,4.287,,4.287
1786367221.206,S3,recommend,685,obs,0.9578,0.61,1.046,82.4,1.0,1.046,1.046
1786367221.206,S3,reserve,339,obs,0.9563,0.9456,1.279,83.1,1.348,1.279,1.279
1786367221.206,S3,search,511,obs,0.9563,3.2288,4.094,87.4,4.019,4.094,4.094
1786367222.206,S1,recommend,0,prior,0.0,,,,1.24,,1.24
1786367222.206,S1,reserve,0,prior,0.0,,,,1.658,,1.658
1786367222.206,S1,search,0,prior,0.0,,,,6.899,,6.899
1786367222.206,S2,recommend,0,prior,0.0,,,,0.975,,0.975
1786367222.206,S2,reserve,0,prior,0.0,,,,1.332,,1.332
1786367222.206,S2,search,0,prior,0.0,,,,4.287,,4.287
1786367222.206,S3,recommend,682,obs,0.9588,0.6047,0.983,79.9,1.0,0.983,0.983
1786367222.206,S3,reserve,340,obs,0.9504,0.9562,1.334,89.9,1.348,1.334,1.334
1786367222.206,S3,search,514,obs,0.9571,3.2462,4.077,85.7,4.019,4.077,4.077
1786367223.205,S1,recommend,0,prior,0.0,,,,1.24,,1.24
1786367223.205,S1,reserve,0,prior,0.0,,,,1.658,,1.658
1786367223.205,S1,search,0,prior,0.0,,,,6.899,,6.899
1786367223.205,S2,recommend,0,prior,0.0,,,,0.975,,0.975
1786367223.205,S2,reserve,0,prior,0.0,,,,1.332,,1.332
1786367223.205,S2,search,0,prior,0.0,,,,4.287,,4.287
1786367223.205,S3,recommend,681,obs,0.96,0.6117,0.984,79.9,1.0,0.984,0.984
1786367223.205,S3,reserve,345,obs,0.9562,0.9594,1.319,84.9,1.348,1.319,1.319
1786367223.205,S3,search,510,obs,0.9579,3.2365,3.976,82.4,4.019,3.976,3.976
1786367224.205,S1,recommend,0,prior,0.0,,,,1.24,,1.24
1786367224.205,S1,reserve,0,prior,0.0,,,,1.658,,1.658
1786367224.205,S1,search,0,prior,0.0,,,,6.899,,6.899
1786367224.205,S2,recommend,0,prior,0.0,,,,0.975,,0.975
1786367224.205,S2,reserve,0,prior,0.0,,,,1.332,,1.332
1786367224.205,S2,search,0,prior,0.0,,,,4.287,,4.287
1786367224.205,S3,recommend,685,obs,0.9601,0.6255,1.061,78.1,1.0,1.061,1.061
1786367224.205,S3,reserve,343,obs,0.96,0.9512,1.235,79.9,1.348,1.235,1.235
1786367224.205,S3,search,510,obs,0.9584,3.2347,4.0,80.6,4.019,4.0,4.0
1786367225.206,S1,recommend,0,prior,0.0,,,,1.24,,1.24
1786367225.206,S1,reserve,0,prior,0.0,,,,1.658,,1.658
1786367225.206,S1,search,0,prior,0.0,,,,6.899,,6.899
1786367225.206,S2,recommend,0,prior,0.0,,,,0.975,,0.975
1786367225.206,S2,reserve,0,prior,0.0,,,,1.332,,1.332
1786367225.206,S2,search,0,prior,0.0,,,,4.287,,4.287
1786367225.206,S3,recommend,686,obs,0.9612,0.6298,1.061,77.4,1.0,1.061,1.061
1786367225.206,S3,reserve,341,obs,0.96,0.9663,1.312,78.1,1.348,1.312,1.312
1786367225.206,S3,search,512,obs,0.9579,3.2353,3.942,79.9,4.019,3.942,3.942
1786367226.205,S1,recommend,0,prior,0.0,,,,1.24,,1.24
1786367226.205,S1,reserve,0,prior,0.0,,,,1.658,,1.658
1786367226.205,S1,search,0,prior,0.0,,,,6.899,,6.899
1786367226.205,S2,recommend,0,prior,0.0,,,,0.975,,0.975
1786367226.205,S2,reserve,0,prior,0.0,,,,1.332,,1.332
1786367226.205,S2,search,0,prior,0.0,,,,4.287,,4.287
1786367226.205,S3,recommend,685,obs,0.96,0.6174,0.994,79.9,1.0,0.994,0.994
1786367226.205,S3,reserve,339,obs,0.9563,0.9806,1.539,80.6,1.348,1.539,1.539
1786367226.205,S3,search,513,obs,0.9562,3.2483,4.061,84.9,4.019,4.061,4.061
1786367227.206,S1,recommend,0,prior,0.0,,,,1.24,,1.24
1786367227.206,S1,reserve,0,prior,0.0,,,,1.658,,1.658
1786367227.206,S1,search,0,prior,0.0,,,,6.899,,6.899
1786367227.206,S2,recommend,0,prior,0.0,,,,0.975,,0.975
1786367227.206,S2,reserve,0,prior,0.0,,,,1.332,,1.332
1786367227.206,S2,search,0,prior,0.0,,,,4.287,,4.287
1786367227.206,S3,recommend,682,obs,0.9616,0.6484,1.012,74.9,1.0,1.012,1.012
1786367227.206,S3,reserve,344,obs,0.9621,1.0311,1.571,75.6,1.348,1.571,1.571
1786367227.206,S3,search,515,obs,0.9587,3.2548,4.188,79.9,4.019,4.188,4.188
1786367228.207,S1,recommend,0,prior,0.0,,,,1.24,,1.24
1786367228.207,S1,reserve,0,prior,0.0,,,,1.658,,1.658
1786367228.207,S1,search,0,prior,0.0,,,,6.899,,6.899
1786367228.207,S2,recommend,0,prior,0.0,,,,0.975,,0.975
1786367228.207,S2,reserve,0,prior,0.0,,,,1.332,,1.332
1786367228.207,S2,search,0,prior,0.0,,,,4.287,,4.287
1786367228.207,S3,recommend,685,obs,0.9621,0.6498,1.036,74.0,1.0,1.036,1.036
1786367228.207,S3,reserve,344,obs,0.9579,1.0113,1.313,83.2,1.348,1.313,1.313
1786367228.207,S3,search,511,obs,0.9587,3.2355,4.082,79.0,4.019,4.082,4.082
1786367229.206,S1,recommend,0,prior,0.0,,,,1.24,,1.24
1786367229.206,S1,reserve,0,prior,0.0,,,,1.658,,1.658
1786367229.206,S1,search,0,prior,0.0,,,,6.899,,6.899
1786367229.206,S2,recommend,0,prior,0.0,,,,0.975,,0.975
1786367229.206,S2,reserve,0,prior,0.0,,,,1.332,,1.332
1786367229.206,S2,search,0,prior,0.0,,,,4.287,,4.287
1786367229.206,S3,recommend,687,obs,0.9637,0.6135,1.03,72.4,1.0,1.03,1.03
1786367229.206,S3,reserve,341,obs,0.96,0.9775,1.344,77.4,1.348,1.344,1.344
1786367229.206,S3,search,514,obs,0.9617,3.228,4.073,74.9,4.019,4.073,4.073
1786367230.206,S1,recommend,0,prior,0.0,,,,1.24,,1.24
1786367230.206,S1,reserve,0,prior,0.0,,,,1.658,,1.658
1786367230.206,S1,search,0,prior,0.0,,,,6.899,,6.899
1786367230.206,S2,recommend,0,prior,0.0,,,,0.975,,0.975
1786367230.206,S2,reserve,0,prior,0.0,,,,1.332,,1.332
1786367230.206,S2,search,0,prior,0.0,,,,4.287,,4.287
1786367230.206,S3,recommend,688,obs,0.9627,0.6155,1.063,70.5,1.0,1.063,1.063
1786367230.206,S3,reserve,342,obs,0.9616,0.9713,1.404,72.3,1.348,1.404,1.404
1786367230.206,S3,search,514,obs,0.9634,3.2401,4.107,73.0,4.019,4.107,4.107
1786367231.206,S1,recommend,0,prior,0.0,,,,1.24,,1.24
1786367231.206,S1,reserve,0,prior,0.0,,,,1.658,,1.658
1786367231.206,S1,search,0,prior,0.0,,,,6.899,,6.899
1786367231.206,S2,recommend,0,prior,0.0,,,,0.975,,0.975
1786367231.206,S2,reserve,0,prior,0.0,,,,1.332,,1.332
1786367231.206,S2,search,0,prior,0.0,,,,4.287,,4.287
1786367231.206,S3,recommend,685,obs,0.9637,0.6164,1.026,70.7,1.0,1.026,1.026
1786367231.206,S3,reserve,343,obs,0.96,0.9497,1.309,71.5,1.348,1.309,1.309
1786367231.206,S3,search,516,obs,0.9629,3.2416,4.089,73.2,4.019,4.089,4.089
1786367232.206,S1,recommend,0,prior,0.0,,,,1.24,,1.24
1786367232.206,S1,reserve,0,prior,0.0,,,,1.658,,1.658
1786367232.206,S1,search,0,prior,0.0,,,,6.899,,6.899
1786367232.206,S2,recommend,0,prior,0.0,,,,0.975,,0.975
1786367232.206,S2,reserve,0,prior,0.0,,,,1.332,,1.332
1786367232.206,S2,search,0,prior,0.0,,,,4.287,,4.287
1786367232.206,S3,recommend,685,obs,0.9638,0.6193,1.02,72.4,1.0,1.02,1.02
1786367232.206,S3,reserve,347,obs,0.9638,0.9484,1.252,69.9,1.348,1.252,1.252
1786367232.206,S3,search,512,obs,0.9604,3.2526,4.094,77.4,4.019,4.094,4.094
1786367233.206,S1,recommend,0,prior,0.0,,,,1.24,,1.24
1786367233.206,S1,reserve,0,prior,0.0,,,,1.658,,1.658
1786367233.206,S1,search,0,prior,0.0,,,,6.899,,6.899
1786367233.206,S2,recommend,0,prior,0.0,,,,0.975,,0.975
1786367233.206,S2,reserve,0,prior,0.0,,,,1.332,,1.332
1786367233.206,S2,search,0,prior,0.0,,,,4.287,,4.287
1786367233.206,S3,recommend,690,obs,0.9654,0.6105,0.991,68.2,1.0,0.991,0.991
1786367233.206,S3,reserve,343,obs,0.9637,0.9568,1.382,69.0,1.348,1.382,1.382
1786367233.206,S3,search,513,obs,0.9625,3.2551,4.261,73.2,4.019,4.261,4.261
1786367234.206,S1,recommend,0,prior,0.0,,,,1.24,,1.24
1786367234.206,S1,reserve,0,prior,0.0,,,,1.658,,1.658
1786367234.206,S1,search,0,prior,0.0,,,,6.899,,6.899
1786367234.206,S2,recommend,0,prior,0.0,,,,0.975,,0.975
1786367234.206,S2,reserve,0,prior,0.0,,,,1.332,,1.332
1786367234.206,S2,search,0,prior,0.0,,,,4.287,,4.287
1786367234.206,S3,recommend,688,obs,0.9646,0.623,1.004,69.0,1.0,1.004,1.004
1786367234.206,S3,reserve,342,obs,0.9616,0.9652,1.454,75.7,1.348,1.454,1.454
1786367234.206,S3,search,515,obs,0.9625,3.2262,4.009,71.5,4.019,4.009,4.009
1786367235.206,S1,recommend,0,prior,0.0,,,,1.24,,1.24
1786367235.206,S1,reserve,0,prior,0.0,,,,1.658,,1.658
1786367235.206,S1,search,0,prior,0.0,,,,6.899,,6.899
1786367235.206,S2,recommend,0,prior,0.0,,,,0.975,,0.975
1786367235.206,S2,reserve,0,prior,0.0,,,,1.332,,1.332
1786367235.206,S2,search,0,prior,0.0,,,,4.287,,4.287
1786367235.206,S3,recommend,688,obs,0.9659,0.6392,1.058,68.1,1.0,1.058,1.058
1786367235.206,S3,reserve,342,obs,0.9616,0.9641,1.331,69.9,1.348,1.331,1.331
1786367235.206,S3,search,516,obs,0.9634,3.2498,4.031,70.6,4.019,4.031,4.031
1786367236.206,S1,recommend,0,prior,0.0,,,,1.24,,1.24
1786367236.206,S1,reserve,0,prior,0.0,,,,1.658,,1.658
1786367236.206,S1,search,0,prior,0.0,,,,6.899,,6.899
1786367236.206,S2,recommend,0,prior,0.0,,,,0.975,,0.975
1786367236.206,S2,reserve,0,prior,0.0,,,,1.332,,1.332
1786367236.206,S2,search,0,prior,0.0,,,,4.287,,4.287
1786367236.206,S3,recommend,684,obs,0.9654,0.6165,1.019,67.3,1.0,1.019,1.019
1786367236.206,S3,reserve,347,obs,0.9675,0.9712,1.351,64.9,1.348,1.351,1.351
1786367236.206,S3,search,517,obs,0.9637,3.2407,4.081,69.9,4.019,4.081,4.081
1786367237.206,S1,recommend,0,prior,0.0,,,,1.24,,1.24
1786367237.206,S1,reserve,0,prior,0.0,,,,1.658,,1.658
1786367237.206,S1,search,0,prior,0.0,,,,6.899,,6.899
1786367237.206,S2,recommend,0,prior,0.0,,,,0.975,,0.975
1786367237.206,S2,reserve,0,prior,0.0,,,,1.332,,1.332
1786367237.206,S2,search,0,prior,0.0,,,,4.287,,4.287
1786367237.206,S3,recommend,689,obs,0.9675,0.6111,0.978,63.2,1.0,0.978,0.978
1786367237.206,S3,reserve,347,obs,0.9675,0.9869,1.364,64.0,1.348,1.364,1.364
1786367237.206,S3,search,514,obs,0.9654,3.3101,4.275,65.7,4.019,4.275,4.275
1786367238.206,S1,recommend,0,prior,0.0,,,,1.24,,1.24
1786367238.206,S1,reserve,0,prior,0.0,,,,1.658,,1.658
1786367238.206,S1,search,0,prior,0.0,,,,6.899,,6.899
1786367238.206,S2,recommend,0,prior,0.0,,,,0.975,,0.975
1786367238.206,S2,reserve,0,prior,0.0,,,,1.332,,1.332
1786367238.206,S2,search,0,prior,0.0,,,,4.287,,4.287
1786367238.206,S3,recommend,691,obs,0.9675,0.6122,0.958,64.9,1.0,0.958,0.958
1786367238.206,S3,reserve,343,obs,0.9675,0.9947,1.413,62.4,1.348,1.413,1.413
1786367238.206,S3,search,516,obs,0.9641,3.3038,4.154,69.9,4.019,4.154,4.154
1786367239.206,S1,recommend,0,prior,0.0,,,,1.24,,1.24
1786367239.206,S1,reserve,0,prior,0.0,,,,1.658,,1.658
1786367239.206,S1,search,0,prior,0.0,,,,6.899,,6.899
1786367239.206,S2,recommend,0,prior,0.0,,,,0.975,,0.975
1786367239.206,S2,reserve,0,prior,0.0,,,,1.332,,1.332
1786367239.206,S2,search,0,prior,0.0,,,,4.287,,4.287
1786367239.206,S3,recommend,693,obs,0.9692,0.6211,1.006,59.9,1.0,1.006,1.006
1786367239.206,S3,reserve,343,obs,0.9676,0.983,1.453,60.5,1.348,1.453,1.453
1786367239.206,S3,search,517,obs,0.9675,3.238,4.068,64.9,4.019,4.068,4.068
1786367240.206,S1,recommend,0,prior,0.0,,,,1.24,,1.24
1786367240.206,S1,reserve,0,prior,0.0,,,,1.658,,1.658
1786367240.206,S1,search,0,prior,0.0,,,,6.899,,6.899
1786367240.206,S2,recommend,0,prior,0.0,,,,0.975,,0.975
1786367240.206,S2,reserve,0,prior,0.0,,,,1.332,,1.332
1786367240.206,S2,search,0,prior,0.0,,,,4.287,,4.287
1786367240.206,S3,recommend,688,obs,0.9684,0.631,1.139,61.5,1.0,1.139,1.139
1786367240.206,S3,reserve,344,obs,0.9616,0.9894,1.431,68.2,1.348,1.431,1.431
1786367240.206,S3,search,518,obs,0.9666,3.2519,4.071,65.7,4.019,4.071,4.071
1786367241.206,S1,recommend,0,prior,0.0,,,,1.24,,1.24
1786367241.206,S1,reserve,0,prior,0.0,,,,1.658,,1.658
1786367241.206,S1,search,0,prior,0.0,,,,6.899,,6.899
1786367241.206,S2,recommend,0,prior,0.0,,,,0.975,,0.975
1786367241.206,S2,reserve,0,prior,0.0,,,,1.332,,1.332
1786367241.206,S2,search,0,prior,0.0,,,,4.287,,4.287
1786367241.206,S3,recommend,687,obs,0.9675,0.6252,1.071,61.5,1.0,1.071,1.071
1786367241.206,S3,reserve,349,obs,0.9675,0.9669,1.33,63.2,1.348,1.33,1.33
1786367241.206,S3,search,515,obs,0.9675,3.2613,4.162,64.0,4.019,4.162,4.162
1786367242.206,S1,recommend,0,prior,0.0,,,,1.24,,1.24
1786367242.206,S1,reserve,0,prior,0.0,,,,1.658,,1.658
1786367242.206,S1,search,0,prior,0.0,,,,6.899,,6.899
1786367242.206,S2,recommend,0,prior,0.0,,,,0.975,,0.975
1786367242.206,S2,reserve,0,prior,0.0,,,,1.332,,1.332
1786367242.206,S2,search,0,prior,0.0,,,,4.287,,4.287
1786367242.206,S3,recommend,692,obs,0.9691,0.6287,1.101,59.9,1.0,1.101,1.101
1786367242.206,S3,reserve,346,obs,0.9696,0.968,1.4,60.6,1.348,1.4,1.4
1786367242.206,S3,search,515,obs,0.9675,3.2452,4.081,62.4,4.019,4.081,4.081
1786367243.206,S1,recommend,0,prior,0.0,,,,1.24,,1.24
1786367243.206,S1,reserve,0,prior,0.0,,,,1.658,,1.658
1786367243.206,S1,search,0,prior,0.0,,,,6.899,,6.899
1786367243.206,S2,recommend,0,prior,0.0,,,,0.975,,0.975
1786367243.206,S2,reserve,0,prior,0.0,,,,1.332,,1.332
1786367243.206,S2,search,0,prior,0.0,,,,4.287,,4.287
1786367243.206,S3,recommend,692,obs,0.9696,0.629,1.058,58.2,1.0,1.058,1.058
1786367243.206,S3,reserve,344,obs,0.9691,0.9709,1.368,60.0,1.348,1.368,1.368
1786367243.206,S3,search,517,obs,0.9675,3.2234,4.052,60.7,4.019,4.052,4.052
1786367244.206,S1,recommend,0,prior,0.0,,,,1.24,,1.24
1786367244.206,S1,reserve,0,prior,0.0,,,,1.658,,1.658
1786367244.206,S1,search,0,prior,0.0,,,,6.899,,6.899
1786367244.206,S2,recommend,0,prior,0.0,,,,0.975,,0.975
1786367244.206,S2,reserve,0,prior,0.0,,,,1.332,,1.332
1786367244.206,S2,search,0,prior,0.0,,,,4.287,,4.287
1786367244.206,S3,recommend,693,obs,0.9713,0.6271,1.053,57.4,1.0,1.053,1.053
1786367244.206,S3,reserve,343,obs,0.9675,0.955,1.309,58.2,1.348,1.309,1.309
1786367244.206,S3,search,519,obs,0.9675,3.2384,4.103,62.4,4.019,4.103,4.103
1786367245.206,S1,recommend,0,prior,0.0,,,,1.24,,1.24
1786367245.206,S1,reserve,0,prior,0.0,,,,1.658,,1.658
1786367245.206,S1,search,0,prior,0.0,,,,6.899,,6.899
1786367245.206,S2,recommend,0,prior,0.0,,,,0.975,,0.975
1786367245.206,S2,reserve,0,prior,0.0,,,,1.332,,1.332
1786367245.206,S2,search,0,prior,0.0,,,,4.287,,4.287
1786367245.206,S3,recommend,689,obs,0.9717,0.6252,1.108,54.8,1.0,1.108,1.108
1786367245.206,S3,reserve,347,obs,0.9675,0.9703,1.296,64.9,1.348,1.296,1.296
1786367245.206,S3,search,521,obs,0.97,3.2526,4.184,57.4,4.019,4.184,4.184
1786367246.206,S1,recommend,0,prior,0.0,,,,1.24,,1.24
1786367246.206,S1,reserve,0,prior,0.0,,,,1.658,,1.658
1786367246.206,S1,search,0,prior,0.0,,,,6.899,,6.899
1786367246.206,S2,recommend,0,prior,0.0,,,,0.975,,0.975
1786367246.206,S2,reserve,0,prior,0.0,,,,1.332,,1.332
1786367246.206,S2,search,0,prior,0.0,,,,4.287,,4.287
1786367246.206,S3,recommend,691,obs,0.9713,0.6124,1.024,54.9,1.0,1.024,1.024
1786367246.206,S3,reserve,349,obs,0.9712,0.9717,1.268,55.7,1.348,1.268,1.268
1786367246.206,S3,search,517,obs,0.9712,3.2204,4.058,57.4,4.019,4.058,4.058
1786367247.205,S1,recommend,0,prior,0.0,,,,1.24,,1.24
1786367247.205,S1,reserve,0,prior,0.0,,,,1.658,,1.658
1786367247.205,S1,search,0,prior,0.0,,,,6.899,,6.899
1786367247.205,S2,recommend,0,prior,0.0,,,,0.975,,0.975
1786367247.205,S2,reserve,0,prior,0.0,,,,1.332,,1.332
1786367247.205,S2,search,0,prior,0.0,,,,4.287,,4.287
1786367247.205,S3,recommend,696,obs,0.9737,0.6404,1.038,52.4,1.0,1.038,1.038
1786367247.205,S3,reserve,345,obs,0.9713,0.9955,1.355,54.8,1.348,1.355,1.355
1786367247.205,S3,search,518,obs,0.9691,3.279,3.999,59.8,4.019,3.999,3.999
1786367248.206,S1,recommend,0,prior,0.0,,,,1.24,,1.24
1786367248.206,S1,reserve,0,prior,0.0,,,,1.658,,1.658
1786367248.206,S1,search,0,prior,0.0,,,,6.899,,6.899
1786367248.206,S2,recommend,0,prior,0.0,,,,0.975,,0.975
1786367248.206,S2,reserve,0,prior,0.0,,,,1.332,,1.332
1786367248.206,S2,search,0,prior,0.0,,,,4.287,,4.287
1786367248.206,S3,recommend,696,obs,0.9738,0.6447,1.055,50.6,1.0,1.055,1.055
1786367248.206,S3,reserve,344,obs,0.9692,0.9938,1.358,57.3,1.348,1.358,1.358
1786367248.206,S3,search,520,obs,0.9734,3.3128,4.263,53.2,4.019,4.263,4.263
1786367249.206,S1,recommend,0,prior,0.0,,,,1.24,,1.24
1786367249.206,S1,reserve,0,prior,0.0,,,,1.658,,1.658
1786367249.206,S1,search,0,prior,0.0,,,,6.899,,6.899
1786367249.206,S2,recommend,0,prior,0.0,,,,0.975,,0.975
1786367249.206,S2,reserve,0,prior,0.0,,,,1.332,,1.332
1786367249.206,S2,search,0,prior,0.0,,,,4.287,,4.287
1786367249.206,S3,recommend,692,obs,0.9734,0.6042,1.014,50.6,1.0,1.014,1.014
1786367249.206,S3,reserve,346,obs,0.9691,0.9641,1.353,52.3,1.348,1.353,1.353
1786367249.206,S3,search,522,obs,0.9734,3.2487,4.046,53.2,4.019,4.046,4.046
1786367250.206,S1,recommend,0,prior,0.0,,,,1.24,,1.24
1786367250.206,S1,reserve,0,prior,0.0,,,,1.658,,1.658
1786367250.206,S1,search,0,prior,0.0,,,,6.899,,6.899
1786367250.206,S2,recommend,0,prior,0.0,,,,0.975,,0.975
1786367250.206,S2,reserve,0,prior,0.0,,,,1.332,,1.332
1786367250.206,S2,search,0,prior,0.0,,,,4.287,,4.287
1786367250.206,S3,recommend,691,obs,0.975,0.6138,1.009,49.9,1.0,1.009,1.009
1786367250.206,S3,reserve,350,obs,0.9734,0.9684,1.365,50.6,1.348,1.365,1.365
1786367250.206,S3,search,520,obs,0.9729,3.2231,3.897,52.4,4.019,3.897,3.897
1786367251.206,S1,recommend,0,prior,0.0,,,,1.24,,1.24
1786367251.206,S1,reserve,0,prior,0.0,,,,1.658,,1.658
1786367251.206,S1,search,0,prior,0.0,,,,6.899,,6.899
1786367251.206,S2,recommend,0,prior,0.0,,,,0.975,,0.975
1786367251.206,S2,reserve,0,prior,0.0,,,,1.332,,1.332
1786367251.206,S2,search,0,prior,0.0,,,,4.287,,4.287
1786367251.206,S3,recommend,695,obs,0.975,0.6252,1.012,48.2,1.0,1.012,1.012
1786367251.206,S3,reserve,349,obs,0.975,0.9643,1.391,49.9,1.348,1.391,1.391
1786367251.206,S3,search,518,obs,0.9733,3.2443,3.947,50.6,4.019,3.947,3.947
1786367252.206,S1,recommend,0,prior,0.0,,,,1.24,,1.24
1786367252.206,S1,reserve,0,prior,0.0,,,,1.658,,1.658
1786367252.206,S1,search,0,prior,0.0,,,,6.899,,6.899
1786367252.206,S2,recommend,0,prior,0.0,,,,0.975,,0.975
1786367252.206,S2,reserve,0,prior,0.0,,,,1.332,,1.332
1786367252.206,S2,search,0,prior,0.0,,,,4.287,,4.287
1786367252.206,S3,recommend,698,obs,0.9763,0.6208,1.024,47.4,1.0,1.024,1.024
1786367252.206,S3,reserve,345,obs,0.975,0.9625,1.328,48.2,1.348,1.328,1.328
1786367252.206,S3,search,520,obs,0.9716,3.2677,4.097,52.4,4.019,4.097,4.097
1786367253.206,S1,recommend,0,prior,0.0,,,,1.24,,1.24
1786367253.206,S1,reserve,0,prior,0.0,,,,1.658,,1.658
1786367253.206,S1,search,0,prior,0.0,,,,6.899,,6.899
1786367253.206,S2,recommend,0,prior,0.0,,,,0.975,,0.975
1786367253.206,S2,reserve,0,prior,0.0,,,,1.332,,1.332
1786367253.206,S2,search,0,prior,0.0,,,,4.287,,4.287
1786367253.206,S3,recommend,698,obs,0.9775,0.6269,1.06,44.9,1.0,1.06,1.06
1786367253.206,S3,reserve,344,obs,0.9692,0.9711,1.333,54.9,1.348,1.333,1.333
1786367253.206,S3,search,523,obs,0.975,3.2549,4.129,47.4,4.019,4.129,4.129
1786367254.206,S1,recommend,0,prior,0.0,,,,1.24,,1.24
1786367254.206,S1,reserve,0,prior,0.0,,,,1.658,,1.658
1786367254.206,S1,search,0,prior,0.0,,,,6.899,,6.899
1786367254.206,S2,recommend,0,prior,0.0,,,,0.975,,0.975
1786367254.206,S2,reserve,0,prior,0.0,,,,1.332,,1.332
1786367254.206,S2,search,0,prior,0.0,,,,4.287,,4.287
1786367254.206,S3,recommend,692,obs,0.9766,0.6309,1.079,44.9,1.0,1.079,1.079
1786367254.206,S3,reserve,349,obs,0.975,0.9773,1.424,49.9,1.348,1.424,1.424
1786367254.206,S3,search,523,obs,0.975,3.2239,4.06,47.4,4.019,4.06,4.06
1786367255.206,S1,recommend,0,prior,0.0,,,,1.24,,1.24
1786367255.206,S1,reserve,0,prior,0.0,,,,1.658,,1.658
1786367255.206,S1,search,0,prior,0.0,,,,6.899,,6.899
1786367255.206,S2,recommend,0,prior,0.0,,,,0.975,,0.975
1786367255.206,S2,reserve,0,prior,0.0,,,,1.332,,1.332
1786367255.206,S2,search,0,prior,0.0,,,,4.287,,4.287
1786367255.206,S3,recommend,694,obs,0.9771,0.6223,1.055,43.9,1.0,1.055,1.055
1786367255.206,S3,reserve,352,obs,0.9766,0.9683,1.384,45.7,1.348,1.384,1.384
1786367255.206,S3,search,519,obs,0.975,3.2323,4.06,46.5,4.019,4.06,4.06
1786367256.206,S1,recommend,0,prior,0.0,,,,1.24,,1.24
1786367256.206,S1,reserve,0,prior,0.0,,,,1.658,,1.658
1786367256.206,S1,search,0,prior,0.0,,,,6.899,,6.899
1786367256.206,S2,recommend,0,prior,0.0,,,,0.975,,0.975
1786367256.206,S2,reserve,0,prior,0.0,,,,1.332,,1.332
1786367256.206,S2,search,0,prior,0.0,,,,4.287,,4.287
1786367256.206,S3,recommend,699,obs,0.9787,0.6277,1.094,42.4,1.0,1.094,1.094
1786367256.206,S3,reserve,348,obs,0.9771,0.9681,1.346,43.1,1.348,1.346,1.346
1786367256.206,S3,search,520,obs,0.9767,3.224,4.111,44.8,4.019,4.111,4.111
1786367257.206,S1,recommend,0,prior,0.0,,,,1.24,,1.24
1786367257.206,S1,reserve,0,prior,0.0,,,,1.658,,1.658
1786367257.206,S1,search,0,prior,0.0,,,,6.899,,6.899
1786367257.206,S2,recommend,0,prior,0.0,,,,0.975,,0.975
1786367257.206,S2,reserve,0,prior,0.0,,,,1.332,,1.332
1786367257.206,S2,search,0,prior,0.0,,,,4.287,,4.287
1786367257.206,S3,recommend,700,obs,0.9788,0.6526,1.149,40.7,1.0,1.149,1.149
1786367257.206,S3,reserve,346,obs,0.9766,1.026,1.414,42.4,1.348,1.414,1.414
1786367257.206,S3,search,522,obs,0.9784,3.3879,4.346,43.1,4.019,4.346,4.346
1786367258.206,S1,recommend,0,prior,0.0,,,,1.24,,1.24
1786367258.206,S1,reserve,0,prior,0.0,,,,1.658,,1.658
1786367258.206,S1,search,0,prior,0.0,,,,6.899,,6.899
1786367258.206,S2,recommend,0,prior,0.0,,,,0.975,,0.975
1786367258.206,S2,reserve,0,prior,0.0,,,,1.332,,1.332
1786367258.206,S2,search,0,prior,0.0,,,,4.287,,4.287
1786367258.206,S3,recommend,697,obs,0.9788,0.6569,1.161,39.8,1.0,1.161,1.161
1786367258.206,S3,reserve,347,obs,0.975,1.0368,1.463,40.7,1.348,1.463,1.463
1786367258.206,S3,search,525,obs,0.9775,3.4414,4.524,44.8,4.019,4.524,4.524
1786367259.206,S1,recommend,0,prior,0.0,,,,1.24,,1.24
1786367259.206,S1,reserve,0,prior,0.0,,,,1.658,,1.658
1786367259.206,S1,search,0,prior,0.0,,,,6.899,,6.899
1786367259.206,S2,recommend,0,prior,0.0,,,,0.975,,0.975
1786367259.206,S2,reserve,0,prior,0.0,,,,1.332,,1.332
1786367259.206,S2,search,0,prior,0.0,,,,4.287,,4.287
1786367259.206,S3,recommend,694,obs,0.9787,0.6443,1.165,38.5,1.0,1.165,1.165
1786367259.206,S3,reserve,351,obs,0.975,0.974,1.385,47.7,1.348,1.385,1.385
1786367259.206,S3,search,523,obs,0.9775,3.2819,4.295,43.5,4.019,4.295,4.295
1786367260.206,S1,recommend,0,prior,0.0,,,,1.24,,1.24
1786367260.206,S1,reserve,0,prior,0.0,,,,1.658,,1.658
1786367260.206,S1,search,0,prior,0.0,,,,6.899,,6.899
1786367260.206,S2,recommend,0,prior,0.0,,,,0.975,,0.975
1786367260.206,S2,reserve,0,prior,0.0,,,,1.332,,1.332
1786367260.206,S2,search,0,prior,0.0,,,,4.287,,4.287
1786367260.206,S3,recommend,697,obs,0.9788,0.6191,1.023,40.6,1.0,1.023,1.023
1786367260.206,S3,reserve,351,obs,0.9788,0.9595,1.274,42.3,1.348,1.274,1.274
1786367260.206,S3,search,520,obs,0.9771,3.2366,4.085,43.2,4.019,4.085,4.085
1786367261.207,S1,recommend,0,prior,0.0,,,,1.24,,1.24
1786367261.207,S1,reserve,0,prior,0.0,,,,1.658,,1.658
1786367261.207,S1,search,0,prior,0.0,,,,6.899,,6.899
1786367261.207,S2,recommend,0,prior,0.0,,,,0.975,,0.975
1786367261.207,S2,reserve,0,prior,0.0,,,,1.332,,1.332
1786367261.207,S2,search,0,prior,0.0,,,,4.287,,4.287
1786367261.207,S3,recommend,699,obs,0.9787,0.6281,1.013,40.7,1.0,1.013,1.013
1786367261.207,S3,reserve,348,obs,0.9804,0.962,1.32,38.2,1.348,1.32,1.32
1786367261.207,S3,search,522,obs,0.9766,3.2377,4.035,43.2,4.019,4.035,4.035
1786367262.206,S1,recommend,0,prior,0.0,,,,1.24,,1.24
1786367262.206,S1,reserve,0,prior,0.0,,,,1.658,,1.658
1786367262.206,S1,search,0,prior,0.0,,,,6.899,,6.899
1786367262.206,S2,recommend,0,prior,0.0,,,,0.975,,0.975
1786367262.206,S2,reserve,0,prior,0.0,,,,1.332,,1.332
1786367262.206,S2,search,0,prior,0.0,,,,4.287,,4.287
1786367262.206,S3,recommend,701,obs,0.9825,0.6334,1.085,34.9,1.0,1.085,1.085
1786367262.206,S3,reserve,347,obs,0.9788,0.9612,1.34,35.6,1.348,1.34,1.34
1786367262.206,S3,search,525,obs,0.98,3.2585,4.115,37.4,4.019,4.115,4.115
1786367263.206,S1,recommend,0,prior,0.0,,,,1.24,,1.24
1786367263.206,S1,reserve,0,prior,0.0,,,,1.658,,1.658
1786367263.206,S1,search,0,prior,0.0,,,,6.899,,6.899
1786367263.206,S2,recommend,0,prior,0.0,,,,0.975,,0.975
1786367263.206,S2,reserve,0,prior,0.0,,,,1.332,,1.332
1786367263.206,S2,search,0,prior,0.0,,,,4.287,,4.287
1786367263.206,S3,recommend,696,obs,0.9803,0.6159,1.011,37.3,1.0,1.011,1.011
1786367263.206,S3,reserve,351,obs,0.9825,0.9622,1.335,34.9,1.348,1.335,1.335
1786367263.206,S3,search,525,obs,0.9775,3.2407,4.068,42.4,4.019,4.068,4.068
1786367264.206,S1,recommend,0,prior,0.0,,,,1.24,,1.24
1786367264.206,S1,reserve,0,prior,0.0,,,,1.658,,1.658
1786367264.206,S1,search,0,prior,0.0,,,,6.899,,6.899
1786367264.206,S2,recommend,0,prior,0.0,,,,0.975,,0.975
1786367264.206,S2,reserve,0,prior,0.0,,,,1.332,,1.332
1786367264.206,S2,search,0,prior,0.0,,,,4.287,,4.287
1786367264.206,S3,recommend,699,obs,0.9825,0.6095,0.98,32.4,1.0,0.98,0.98
1786367264.206,S3,reserve,353,obs,0.9822,0.9508,1.221,33.2,1.348,1.221,1.221
1786367264.206,S3,search,523,obs,0.9801,3.2375,4.055,37.4,4.019,4.055,4.055
1786367265.205,S1,recommend,0,prior,0.0,,,,1.24,,1.24
1786367265.205,S1,reserve,0,prior,0.0,,,,1.658,,1.658
1786367265.205,S1,search,0,prior,0.0,,,,6.899,,6.899
1786367265.205,S2,recommend,0,prior,0.0,,,,0.975,,0.975
1786367265.205,S2,reserve,0,prior,0.0,,,,1.332,,1.332
1786367265.205,S2,search,0,prior,0.0,,,,4.287,,4.287
1786367265.205,S3,recommend,702,obs,0.9834,0.6126,1.03,33.1,1.0,1.03,1.03
1786367265.205,S3,reserve,349,obs,0.9788,0.9469,1.244,39.9,1.348,1.244,1.244
1786367265.205,S3,search,523,obs,0.9813,3.2434,4.07,35.7,4.019,4.07,4.07
1786367266.206,S1,recommend,0,prior,0.0,,,,1.24,,1.24
1786367266.206,S1,reserve,0,prior,0.0,,,,1.658,,1.658
1786367266.206,S1,search,0,prior,0.0,,,,6.899,,6.899
1786367266.206,S2,recommend,0,prior,0.0,,,,0.975,,0.975
1786367266.206,S2,reserve,0,prior,0.0,,,,1.332,,1.332
1786367266.206,S2,search,0,prior,0.0,,,,4.287,,4.287
1786367266.206,S3,recommend,702,obs,0.9825,0.6185,1.052,33.2,1.0,1.052,1.052
1786367266.206,S3,reserve,348,obs,0.9804,0.9626,1.331,34.9,1.348,1.331,1.331
1786367266.206,S3,search,524,obs,0.9821,3.2613,4.144,35.7,4.019,4.144,4.144
1786367267.206,S1,recommend,0,prior,0.0,,,,1.24,,1.24
1786367267.206,S1,reserve,0,prior,0.0,,,,1.658,,1.658
1786367267.206,S1,search,0,prior,0.0,,,,6.899,,6.899
1786367267.206,S2,recommend,0,prior,0.0,,,,0.975,,0.975
1786367267.206,S2,reserve,0,prior,0.0,,,,1.332,,1.332
1786367267.206,S2,search,0,prior,0.0,,,,4.287,,4.287
1786367267.206,S3,recommend,699,obs,0.9825,0.6366,1.076,32.4,1.0,1.076,1.076
1786367267.206,S3,reserve,350,obs,0.9804,1.0165,1.332,29.9,1.348,1.332,1.332
1786367267.206,S3,search,527,obs,0.9825,3.3308,4.185,34.8,4.019,4.185,4.185
1786367268.207,S1,recommend,0,prior,0.0,,,,1.24,,1.24
1786367268.207,S1,reserve,0,prior,0.0,,,,1.658,,1.658
1786367268.207,S1,search,0,prior,0.0,,,,6.899,,6.899
1786367268.207,S2,recommend,0,prior,0.0,,,,0.975,,0.975
1786367268.207,S2,reserve,0,prior,0.0,,,,1.332,,1.332
1786367268.207,S2,search,0,prior,0.0,,,,4.287,,4.287
1786367268.207,S3,recommend,697,obs,0.9825,0.6416,1.146,31.5,1.0,1.146,1.146
1786367268.207,S3,reserve,353,obs,0.9825,1.0177,1.319,33.2,1.348,1.319,1.319
1786367268.207,S3,search,525,obs,0.9826,3.3088,4.058,33.9,4.019,4.058,4.058
1786367269.207,S1,recommend,0,prior,0.0,,,,1.24,,1.24
1786367269.207,S1,reserve,0,prior,0.0,,,,1.658,,1.658
1786367269.207,S1,search,0,prior,0.0,,,,6.899,,6.899
1786367269.207,S2,recommend,0,prior,0.0,,,,0.975,,0.975
1786367269.207,S2,reserve,0,prior,0.0,,,,1.332,,1.332
1786367269.207,S2,search,0,prior,0.0,,,,4.287,,4.287
1786367269.207,S3,recommend,702,obs,0.9841,0.6188,1.051,30.7,1.0,1.051,1.051
1786367269.207,S3,reserve,352,obs,0.9841,0.9536,1.272,28.2,1.348,1.272,1.272
1786367269.207,S3,search,523,obs,0.9813,3.223,4.013,35.7,4.019,4.013,4.013
1786367270.206,S1,recommend,0,prior,0.0,,,,1.24,,1.24
1786367270.206,S1,reserve,0,prior,0.0,,,,1.658,,1.658
1786367270.206,S1,search,0,prior,0.0,,,,6.899,,6.899
1786367270.206,S2,recommend,0,prior,0.0,,,,0.975,,0.975
1786367270.206,S2,reserve,0,prior,0.0,,,,1.332,,1.332
1786367270.206,S2,search,0,prior,0.0,,,,4.287,,4.287
1786367270.206,S3,recommend,705,obs,0.9863,0.6222,1.06,27.3,1.0,1.06,1.06
1786367270.206,S3,reserve,348,obs,0.9804,0.9469,1.271,37.3,1.348,1.271,1.271
1786367270.206,S3,search,526,obs,0.9829,3.2259,4.032,29.9,4.019,4.032,4.032
1786367271.205,S1,recommend,0,prior,0.0,,,,1.24,,1.24
1786367271.205,S1,reserve,0,prior,0.0,,,,1.658,,1.658
1786367271.205,S1,search,0,prior,0.0,,,,6.899,,6.899
1786367271.205,S2,recommend,0,prior,0.0,,,,0.975,,0.975
1786367271.205,S2,reserve,0,prior,0.0,,,,1.332,,1.332
1786367271.205,S2,search,0,prior,0.0,,,,4.287,,4.287
1786367271.205,S3,recommend,666,obs,0.9359,0.626,1.062,128.1,1.0,1.062,1.062
1786367271.205,S3,reserve,332,obs,0.9317,0.9535,1.233,129.8,1.348,1.233,1.233
1786367271.205,S3,search,500,obs,0.9334,3.2475,4.085,130.6,4.019,4.085,4.085
1786367272.206,S1,recommend,0,prior,0.0,,,,1.24,,1.24
1786367272.206,S1,reserve,0,prior,0.0,,,,1.658,,1.658
1786367272.206,S1,search,0,prior,0.0,,,,6.899,,6.899
1786367272.206,S2,recommend,0,prior,0.0,,,,0.975,,0.975
1786367272.206,S2,reserve,0,prior,0.0,,,,1.332,,1.332
1786367272.206,S2,search,0,prior,0.0,,,,4.287,,4.287
1786367272.206,S3,recommend,665,obs,0.9375,0.6222,1.088,123.1,1.0,1.088,1.088
1786367272.206,S3,reserve,337,obs,0.9375,0.9589,1.234,124.9,1.348,1.234,1.234
1786367272.206,S3,search,500,obs,0.9358,3.2362,4.059,125.7,4.019,4.059,4.059
1786367273.207,S1,recommend,0,prior,0.0,,,,1.24,,1.24
1786367273.207,S1,reserve,0,prior,0.0,,,,1.658,,1.658
1786367273.207,S1,search,0,prior,0.0,,,,6.899,,6.899
1786367273.207,S2,recommend,0,prior,0.0,,,,0.975,,0.975
1786367273.207,S2,reserve,0,prior,0.0,,,,1.332,,1.332
1786367273.207,S2,search,0,prior,0.0,,,,4.287,,4.287
1786367273.207,S3,recommend,669,obs,0.9375,0.6197,1.076,123.2,1.0,1.076,1.076
1786367273.207,S3,reserve,335,obs,0.9375,0.9519,1.268,124.0,1.348,1.268,1.268
1786367273.207,S3,search,498,obs,0.9354,3.2379,4.205,125.7,4.019,4.205,4.205
1786367274.206,S1,recommend,0,prior,0.0,,,,1.24,,1.24
1786367274.206,S1,reserve,0,prior,0.0,,,,1.658,,1.658
1786367274.206,S1,search,0,prior,0.0,,,,6.899,,6.899
1786367274.206,S2,recommend,0,prior,0.0,,,,0.975,,0.975
1786367274.206,S2,reserve,0,prior,0.0,,,,1.332,,1.332
1786367274.206,S2,search,0,prior,0.0,,,,4.287,,4.287
1786367274.206,S3,recommend,670,obs,0.9396,0.6247,1.078,120.6,1.0,1.078,1.078
1786367274.206,S3,reserve,333,obs,0.9375,0.9572,1.363,122.3,1.348,1.363,1.363
1786367274.206,S3,search,501,obs,0.9375,3.233,4.215,123.2,4.019,4.215,4.215
1786367275.206,S1,recommend,0,prior,0.0,,,,1.24,,1.24
1786367275.206,S1,reserve,0,prior,0.0,,,,1.658,,1.658
1786367275.206,S1,search,0,prior,0.0,,,,6.899,,6.899
1786367275.206,S2,recommend,0,prior,0.0,,,,0.975,,0.975
1786367275.206,S2,reserve,0,prior,0.0,,,,1.332,,1.332
1786367275.206,S2,search,0,prior,0.0,,,,4.287,,4.287
1786367275.206,S3,recommend,671,obs,0.9391,0.6194,1.045,119.9,1.0,1.045,1.045
1786367275.206,S3,reserve,333,obs,0.9375,0.9672,1.359,120.6,1.348,1.359,1.359
1786367275.206,S3,search,501,obs,0.9375,3.2295,4.2,124.8,4.019,4.2,4.2
1786367276.206,S1,recommend,0,prior,0.0,,,,1.24,,1.24
1786367276.206,S1,reserve,0,prior,0.0,,,,1.658,,1.658
1786367276.206,S1,search,0,prior,0.0,,,,6.899,,6.899
1786367276.206,S2,recommend,0,prior,0.0,,,,0.975,,0.975
1786367276.206,S2,reserve,0,prior,0.0,,,,1.332,,1.332
1786367276.206,S2,search,0,prior,0.0,,,,4.287,,4.287
1786367276.206,S3,recommend,667,obs,0.9396,0.6139,1.042,118.1,1.0,1.042,1.042
1786367276.206,S3,reserve,334,obs,0.9316,0.9715,1.344,127.4,1.348,1.344,1.344
1786367276.206,S3,search,504,obs,0.9383,3.2518,4.256,123.2,4.019,4.256,4.256
1786367277.206,S1,recommend,0,prior,0.0,,,,1.24,,1.24
1786367277.206,S1,reserve,0,prior,0.0,,,,1.658,,1.658
1786367277.206,S1,search,0,prior,0.0,,,,6.899,,6.899
1786367277.206,S2,recommend,0,prior,0.0,,,,0.975,,0.975
1786367277.206,S2,reserve,0,prior,0.0,,,,1.332,,1.332
1786367277.206,S2,search,0,prior,0.0,,,,4.287,,4.287
1786367277.206,S3,recommend,669,obs,0.9412,0.6488,1.192,117.4,1.0,1.192,1.192
1786367277.206,S3,reserve,337,obs,0.9375,0.9935,1.281,122.4,1.348,1.281,1.281
1786367277.206,S3,search,500,obs,0.9392,3.3691,4.619,119.8,4.019,4.619,4.619
1786367278.206,S1,recommend,0,prior,0.0,,,,1.24,,1.24
1786367278.206,S1,reserve,0,prior,0.0,,,,1.658,,1.658
1786367278.206,S1,search,0,prior,0.0,,,,6.899,,6.899
1786367278.206,S2,recommend,0,prior,0.0,,,,0.975,,0.975
1786367278.206,S2,reserve,0,prior,0.0,,,,1.332,,1.332
1786367278.206,S2,search,0,prior,0.0,,,,4.287,,4.287
1786367278.206,S3,recommend,670,obs,0.9391,0.6469,1.155,119.9,1.0,1.155,1.155
1786367278.206,S3,reserve,335,obs,0.9412,0.9911,1.241,117.4,1.348,1.241,1.241
1786367278.206,S3,search,501,obs,0.9375,3.338,4.224,122.3,4.019,4.224,4.224
1786367279.206,S1,recommend,0,prior,0.0,,,,1.24,,1.24
1786367279.206,S1,reserve,0,prior,0.0,,,,1.658,,1.658
1786367279.206,S1,search,0,prior,0.0,,,,6.899,,6.899
1786367279.206,S2,recommend,0,prior,0.0,,,,0.975,,0.975
1786367279.206,S2,reserve,0,prior,0.0,,,,1.332,,1.332
1786367279.206,S2,search,0,prior,0.0,,,,4.287,,4.287
1786367279.206,S3,recommend,671,obs,0.9409,0.6199,1.06,118.1,1.0,1.06,1.06
1786367279.206,S3,reserve,335,obs,0.9412,0.9563,1.275,115.6,1.348,1.275,1.275
1786367279.206,S3,search,502,obs,0.9391,3.2128,4.015,117.3,4.019,4.015,4.015
1786367280.206,S1,recommend,0,prior,0.0,,,,1.24,,1.24
1786367280.206,S1,reserve,0,prior,0.0,,,,1.658,,1.658
1786367280.206,S1,search,0,prior,0.0,,,,6.899,,6.899
1786367280.206,S2,recommend,0,prior,0.0,,,,0.975,,0.975
1786367280.206,S2,reserve,0,prior,0.0,,,,1.332,,1.332
1786367280.206,S2,search,0,prior,0.0,,,,4.287,,4.287
1786367280.206,S3,recommend,671,obs,0.9398,0.6351,1.068,117.4,1.0,1.068,1.068
1786367280.206,S3,reserve,334,obs,0.9391,0.9619,1.286,114.9,1.348,1.286,1.286
1786367280.206,S3,search,503,obs,0.9373,3.2712,4.244,122.3,4.019,4.244,4.244
1786367281.206,S1,recommend,0,prior,0.0,,,,1.24,,1.24
1786367281.206,S1,reserve,0,prior,0.0,,,,1.658,,1.658
1786367281.206,S1,search,0,prior,0.0,,,,6.899,,6.899
1786367281.206,S2,recommend,0,prior,0.0,,,,0.975,,0.975
1786367281.206,S2,reserve,0,prior,0.0,,,,1.332,,1.332
1786367281.206,S2,search,0,prior,0.0,,,,4.287,,4.287
1786367281.206,S3,recommend,670,obs,0.9429,0.6342,1.086,112.4,1.0,1.086,1.086
1786367281.206,S3,reserve,338,obs,0.9434,0.951,1.277,113.1,1.348,1.277,1.277
1786367281.206,S3,search,503,obs,0.94,3.2823,4.265,117.4,4.019,4.265,4.265
1786367282.207,S1,recommend,0,prior,0.0,,,,1.24,,1.24
1786367282.207,S1,reserve,0,prior,0.0,,,,1.658,,1.658
1786367282.207,S1,search,0,prior,0.0,,,,6.899,,6.899
1786367282.207,S2,recommend,0,prior,0.0,,,,0.975,,0.975
1786367282.207,S2,reserve,0,prior,0.0,,,,1.332,,1.332
1786367282.207,S2,search,0,prior,0.0,,,,4.287,,4.287
1786367282.207,S3,recommend,673,obs,0.9434,0.6255,1.067,111.5,1.0,1.067,1.067
1786367282.207,S3,reserve,336,obs,0.9391,0.9494,1.28,120.7,1.348,1.28,1.28
1786367282.207,S3,search,501,obs,0.94,3.2452,4.087,116.5,4.019,4.087,4.087
1786367283.206,S1,recommend,0,prior,0.0,,,,1.24,,1.24
1786367283.206,S1,reserve,0,prior,0.0,,,,1.658,,1.658
1786367283.206,S1,search,0,prior,0.0,,,,6.899,,6.899
1786367283.206,S2,recommend,0,prior,0.0,,,,0.975,,0.975
1786367283.206,S2,reserve,0,prior,0.0,,,,1.332,,1.332
1786367283.206,S2,search,0,prior,0.0,,,,4.287,,4.287
1786367283.206,S3,recommend,671,obs,0.9413,0.6271,1.09,113.9,1.0,1.09,1.09
1786367283.206,S3,reserve,335,obs,0.9412,0.9715,1.394,115.7,1.348,1.394,1.394
1786367283.206,S3,search,503,obs,0.9412,3.2369,4.071,116.5,4.019,4.071,4.071
1786367284.206,S1,recommend,0,prior,0.0,,,,1.24,,1.24
1786367284.206,S1,reserve,0,prior,0.0,,,,1.658,,1.658
1786367284.206,S1,search,0,prior,0.0,,,,6.899,,6.899
1786367284.206,S2,recommend,0,prior,0.0,,,,0.975,,0.975
1786367284.206,S2,reserve,0,prior,0.0,,,,1.332,,1.332
1786367284.206,S2,search,0,prior,0.0,,,,4.287,,4.287
1786367284.206,S3,recommend,673,obs,0.9429,0.6273,1.08,113.2,1.0,1.08,1.08
1786367284.206,S3,reserve,336,obs,0.9429,0.9737,1.394,110.7,1.348,1.394,1.394
1786367284.206,S3,search,502,obs,0.9392,3.2718,4.2,115.7,4.019,4.2,4.2
1786367285.206,S1,recommend,0,prior,0.0,,,,1.24,,1.24
1786367285.206,S1,reserve,0,prior,0.0,,,,1.658,,1.658
1786367285.206,S1,search,0,prior,0.0,,,,6.899,,6.899
1786367285.206,S2,recommend,0,prior,0.0,,,,0.975,,0.975
1786367285.206,S2,reserve,0,prior,0.0,,,,1.332,,1.332
1786367285.206,S2,search,0,prior,0.0,,,,4.287,,4.287
1786367285.206,S3,recommend,670,obs,0.9434,0.6258,1.112,111.5,1.0,1.112,1.112
1786367285.206,S3,reserve,336,obs,0.9391,0.9689,1.33,113.2,1.348,1.33,1.33
1786367285.206,S3,search,505,obs,0.9425,3.2623,4.215,114.0,4.019,4.215,4.215
1786367286.207,S1,recommend,0,prior,0.0,,,,1.24,,1.24
1786367286.207,S1,reserve,0,prior,0.0,,,,1.658,,1.658
1786367286.207,S1,search,0,prior,0.0,,,,6.899,,6.899
1786367286.207,S2,recommend,0,prior,0.0,,,,0.975,,0.975
1786367286.207,S2,reserve,0,prior,0.0,,,,1.332,,1.332
1786367286.207,S2,search,0,prior,0.0,,,,4.287,,4.287
1786367286.207,S3,recommend,672,obs,0.9429,0.6153,0.98,110.7,1.0,0.98,0.98
1786367286.207,S3,reserve,339,obs,0.945,0.971,1.382,108.2,1.348,1.382,1.382
1786367286.207,S3,search,502,obs,0.9416,3.2533,4.215,115.7,4.019,4.215,4.215
1786367287.207,S1,recommend,0,prior,0.0,,,,1.24,,1.24
1786367287.207,S1,reserve,0,prior,0.0,,,,1.658,,1.658
1786367287.207,S1,search,0,prior,0.0,,,,6.899,,6.899
1786367287.207,S2,recommend,0,prior,0.0,,,,0.975,,0.975
1786367287.207,S2,reserve,0,prior,0.0,,,,1.332,,1.332
1786367287.207,S2,search,0,prior,0.0,,,,4.287,,4.287
1786367287.207,S3,recommend,675,obs,0.9454,0.6361,1.066,108.2,1.0,1.066,1.066
1786367287.207,S3,reserve,335,obs,0.945,1.0032,1.396,106.5,1.348,1.396,1.396
1786367287.207,S3,search,505,obs,0.9437,3.3146,4.065,110.7,4.019,4.065,4.065
1786367288.207,S1,recommend,0,prior,0.0,,,,1.24,,1.24
1786367288.207,S1,reserve,0,prior,0.0,,,,1.658,,1.658
1786367288.207,S1,search,0,prior,0.0,,,,6.899,,6.899
1786367288.207,S2,recommend,0,prior,0.0,,,,0.975,,0.975
1786367288.207,S2,reserve,0,prior,0.0,,,,1.332,,1.332
1786367288.207,S2,search,0,prior,0.0,,,,4.287,,4.287
1786367288.207,S3,recommend,674,obs,0.9459,0.65,1.113,106.5,1.0,1.113,1.113
1786367288.207,S3,reserve,336,obs,0.9429,1.0063,1.37,113.2,1.348,1.37,1.37
1786367288.207,S3,search,505,obs,0.9438,3.2997,4.014,109.0,4.019,4.014,4.014
1786367289.207,S1,recommend,0,prior,0.0,,,,1.24,,1.24
1786367289.207,S1,reserve,0,prior,0.0,,,,1.658,,1.658
1786367289.207,S1,search,0,prior,0.0,,,,6.899,,6.899
1786367289.207,S2,recommend,0,prior,0.0,,,,0.975,,0.975
1786367289.207,S2,reserve,0,prior,0.0,,,,1.332,,1.332
1786367289.207,S2,search,0,prior,0.0,,,,4.287,,4.287
1786367289.207,S3,recommend,673,obs,0.9462,0.626,1.082,106.5,1.0,1.082,1.082
1786367289.207,S3,reserve,336,obs,0.9429,0.9909,1.38,108.2,1.348,1.38,1.38
1786367289.207,S3,search,506,obs,0.9446,3.2359,4.065,109.0,4.019,4.065,4.065
1786367290.207,S1,recommend,0,prior,0.0,,,,1.24,,1.24
1786367290.207,S1,reserve,0,prior,0.0,,,,1.658,,1.658
1786367290.207,S1,search,0,prior,0.0,,,,6.899,,6.899
1786367290.207,S2,recommend,0,prior,0.0,,,,0.975,,0.975
1786367290.207,S2,reserve,0,prior,0.0,,,,1.332,,1.332
1786367290.207,S2,search,0,prior,0.0,,,,4.287,,4.287
1786367290.207,S3,recommend,672,obs,0.9466,0.6285,1.129,105.7,1.0,1.129,1.129
1786367290.207,S3,reserve,339,obs,0.9412,0.9887,1.38,106.5,1.348,1.38,1.38
1786367290.207,S3,search,505,obs,0.945,3.2448,4.19,108.2,4.019,4.19,4.19
1786367291.207,S1,recommend,0,prior,0.0,,,,1.24,,1.24
1786367291.207,S1,reserve,0,prior,0.0,,,,1.658,,1.658
1786367291.207,S1,search,0,prior,0.0,,,,6.899,,6.899
1786367291.207,S2,recommend,0,prior,0.0,,,,0.975,,0.975
1786367291.207,S2,reserve,0,prior,0.0,,,,1.332,,1.332
1786367291.207,S2,search,0,prior,0.0,,,,4.287,,4.287
1786367291.207,S3,recommend,676,obs,0.9471,0.6202,1.068,104.0,1.0,1.068,1.068
1786367291.207,S3,reserve,338,obs,0.9466,0.9639,1.348,105.7,1.348,1.348,1.348
1786367291.207,S3,search,503,obs,0.945,3.2334,4.046,106.4,4.019,4.046,4.046
1786367292.206,S1,recommend,0,prior,0.0,,,,1.24,,1.24
1786367292.206,S1,reserve,0,prior,0.0,,,,1.658,,1.658
1786367292.206,S1,search,0,prior,0.0,,,,6.899,,6.899
1786367292.206,S2,recommend,0,prior,0.0,,,,0.975,,0.975
1786367292.206,S2,reserve,0,prior,0.0,,,,1.332,,1.332
1786367292.206,S2,search,0,prior,0.0,,,,4.287,,4.287
1786367292.206,S3,recommend,676,obs,0.9466,0.6172,0.996,103.2,1.0,0.996,0.996
1786367292.206,S3,reserve,336,obs,0.9471,0.9575,1.311,104.0,1.348,1.311,1.311
1786367292.206,S3,search,506,obs,0.9454,3.2418,4.081,108.2,4.019,4.081,4.081
1786367293.207,S1,recommend,0,prior,0.0,,,,1.24,,1.24
1786367293.207,S1,reserve,0,prior,0.0,,,,1.658,,1.658
1786367293.207,S1,search,0,prior,0.0,,,,6.899,,6.899
1786367293.207,S2,recommend,0,prior,0.0,,,,0.975,,0.975
1786367293.207,S2,reserve,0,prior,0.0,,,,1.332,,1.332
1786367293.207,S2,search,0,prior,0.0,,,,4.287,,4.287
1786367293.207,S3,recommend,678,obs,0.9491,0.6117,0.965,100.7,1.0,0.965,0.965
1786367293.207,S3,reserve,336,obs,0.9429,0.9575,1.337,110.7,1.348,1.337,1.337
1786367293.207,S3,search,506,obs,0.9454,3.2418,4.093,103.2,4.019,4.093,4.093
1786367294.207,S1,recommend,0,prior,0.0,,,,1.24,,1.24
1786367294.207,S1,reserve,0,prior,0.0,,,,1.658,,1.658
1786367294.207,S1,search,0,prior,0.0,,,,6.899,,6.899
1786367294.207,S2,recommend,0,prior,0.0,,,,0.975,,0.975
1786367294.207,S2,reserve,0,prior,0.0,,,,1.332,,1.332
1786367294.207,S2,search,0,prior,0.0,,,,4.287,,4.287
1786367294.207,S3,recommend,674,obs,0.9496,0.6194,0.967,99.0,1.0,0.967,0.967
1786367294.207,S3,reserve,338,obs,0.9429,0.9681,1.35,105.7,1.348,1.35,1.35
1786367294.207,S3,search,509,obs,0.9487,3.2561,4.093,101.5,4.019,4.093,4.093
1786367295.206,S1,recommend,0,prior,0.0,,,,1.24,,1.24
1786367295.206,S1,reserve,0,prior,0.0,,,,1.658,,1.658
1786367295.206,S1,search,0,prior,0.0,,,,6.899,,6.899
1786367295.206,S2,recommend,0,prior,0.0,,,,0.975,,0.975
1786367295.206,S2,reserve,0,prior,0.0,,,,1.332,,1.332
1786367295.206,S2,search,0,prior,0.0,,,,4.287,,4.287
1786367295.206,S3,recommend,675,obs,0.9488,0.6308,1.093,99.0,1.0,1.093,1.093
1786367295.206,S3,reserve,341,obs,0.9487,0.9825,1.419,100.7,1.348,1.419,1.419
1786367295.206,S3,search,505,obs,0.9487,3.2402,4.087,101.5,4.019,4.087,4.087
1786367296.207,S1,recommend,0,prior,0.0,,,,1.24,,1.24
1786367296.207,S1,reserve,0,prior,0.0,,,,1.658,,1.658
1786367296.207,S1,search,0,prior,0.0,,,,6.899,,6.899
1786367296.207,S2,recommend,0,prior,0.0,,,,0.975,,0.975
1786367296.207,S2,reserve,0,prior,0.0,,,,1.332,,1.332
1786367296.207,S2,search,0,prior,0.0,,,,4.287,,4.287
1786367296.207,S3,recommend,678,obs,0.9504,0.6122,1.057,98.2,1.0,1.057,1.057
1786367296.207,S3,reserve,337,obs,0.9487,0.9729,1.377,99.0,1.348,1.377,1.377
1786367296.207,S3,search,507,obs,0.9488,3.2148,4.003,100.7,4.019,4.003,4.003
1786367297.207,S1,recommend,0,prior,0.0,,,,1.24,,1.24
1786367297.207,S1,reserve,0,prior,0.0,,,,1.658,,1.658
1786367297.207,S1,search,0,prior,0.0,,,,6.899,,6.899
1786367297.207,S2,recommend,0,prior,0.0,,,,0.975,,0.975
1786367297.207,S2,reserve,0,prior,0.0,,,,1.332,,1.332
1786367297.207,S2,search,0,prior,0.0,,,,4.287,,4.287
1786367297.207,S3,recommend,678,obs,0.9508,0.6728,1.062,96.5,1.0,1.062,1.062
1786367297.207,S3,reserve,338,obs,0.9504,1.0011,1.377,98.2,1.348,1.377,1.377
1786367297.207,S3,search,507,obs,0.9487,3.3217,4.203,99.0,4.019,4.203,4.203
1786367298.207,S1,recommend,0,prior,0.0,,,,1.24,,1.24
1786367298.207,S1,reserve,0,prior,0.0,,,,1.658,,1.658
1786367298.207,S1,search,0,prior,0.0,,,,6.899,,6.899
1786367298.207,S2,recommend,0,prior,0.0,,,,0.975,,0.975
1786367298.207,S2,reserve,0,prior,0.0,,,,1.332,,1.332
1786367298.207,S2,search,0,prior,0.0,,,,4.287,,4.287
1786367298.207,S3,recommend,678,obs,0.9516,0.6793,1.07,95.7,1.0,1.07,1.07
1786367298.207,S3,reserve,337,obs,0.9487,1.0147,1.343,96.5,1.348,1.343,1.343
1786367298.207,S3,search,509,obs,0.9487,3.3532,4.299,100.7,4.019,4.299,4.299
1786367299.207,S1,recommend,0,prior,0.0,,,,1.24,,1.24
1786367299.207,S1,reserve,0,prior,0.0,,,,1.658,,1.658
1786367299.207,S1,search,0,prior,0.0,,,,6.899,,6.899
1786367299.207,S2,recommend,0,prior,0.0,,,,0.975,,0.975
1786367299.207,S2,reserve,0,prior,0.0,,,,1.332,,1.332
1786367299.207,S2,search,0,prior,0.0,,,,4.287,,4.287
1786367299.207,S3,recommend,674,obs,0.9504,0.6128,1.032,98.2,1.0,1.032,1.032
1786367299.207,S3,reserve,340,obs,0.9429,0.9835,1.36,103.2,1.348,1.36,1.36
1786367299.207,S3,search,508,obs,0.9496,3.2522,4.144,99.0,4.019,4.144,4.144
1786367300.206,S1,recommend,0,prior,0.0,,,,1.24,,1.24
1786367300.206,S1,reserve,0,prior,0.0,,,,1.658,,1.658
1786367300.206,S1,search,0,prior,0.0,,,,6.899,,6.899
1786367300.206,S2,recommend,0,prior,0.0,,,,0.975,,0.975
1786367300.206,S2,reserve,0,prior,0.0,,,,1.332,,1.332
1786367300.206,S2,search,0,prior,0.0,,,,4.287,,4.287
1786367300.206,S3,recommend,679,obs,0.9525,0.6147,1.081,93.2,1.0,1.081,1.081
1786367300.206,S3,reserve,341,obs,0.9525,0.987,1.446,94.0,1.348,1.446,1.446
1786367300.206,S3,search,506,obs,0.9504,3.2469,4.153,95.7,4.019,4.153,4.153
1786367301.206,S1,recommend,0,prior,0.0,,,,1.24,,1.24
1786367301.206,S1,reserve,0,prior,0.0,,,,1.658,,1.658
1786367301.206,S1,search,0,prior,0.0,,,,6.899,,6.899
1786367301.206,S2,recommend,0,prior,0.0,,,,0.975,,0.975
1786367301.206,S2,reserve,0,prior,0.0,,,,1.332,,1.332
1786367301.206,S2,search,0,prior,0.0,,,,4.287,,4.287
1786367301.206,S3,recommend,680,obs,0.9525,0.6203,1.033,91.3,1.0,1.033,1.033
1786367301.206,S3,reserve,337,obs,0.9487,0.9732,1.386,100.5,1.348,1.386,1.386
1786367301.206,S3,search,509,obs,0.9512,3.2317,4.143,96.3,4.019,4.143,4.143
1786367302.206,S1,recommend,0,prior,0.0,,,,1.24,,1.24
1786367302.206,S1,reserve,0,prior,0.0,,,,1.658,,1.658
1786367302.206,S1,search,0,prior,0.0,,,,6.899,,6.899
1786367302.206,S2,recommend,0,prior,0.0,,,,0.975,,0.975
1786367302.206,S2,reserve,0,prior,0.0,,,,1.332,,1.332
1786367302.206,S2,search,0,prior,0.0,,,,4.287,,4.287
1786367302.206,S3,recommend,681,obs,0.9541,0.6196,1.038,89.9,1.0,1.038,1.038
1786367302.206,S3,reserve,338,obs,0.9504,0.9722,1.397,94.8,1.348,1.397,1.397
1786367302.206,S3,search,508,obs,0.9521,3.2406,4.133,95.6,4.019,4.133,4.133
1786367303.206,S1,recommend,0,prior,0.0,,,,1.24,,1.24
1786367303.206,S1,reserve,0,prior,0.0,,,,1.658,,1.658
1786367303.206,S1,search,0,prior,0.0,,,,6.899,,6.899
1786367303.206,S2,recommend,0,prior,0.0,,,,0.975,,0.975
1786367303.206,S2,reserve,0,prior,0.0,,,,1.332,,1.332
1786367303.206,S2,search,0,prior,0.0,,,,4.287,,4.287
1786367303.206,S3,recommend,677,obs,0.9525,0.633,1.181,93.2,1.0,1.181,1.181
1786367303.206,S3,reserve,339,obs,0.9488,0.9805,1.439,93.9,1.348,1.439,1.439
1786367303.206,S3,search,510,obs,0.9504,3.3224,4.451,98.2,4.019,4.451,4.451
1786367304.207,S1,recommend,0,prior,0.0,,,,1.24,,1.24
1786367304.207,S1,reserve,0,prior,0.0,,,,1.658,,1.658
1786367304.207,S1,search,0,prior,0.0,,,,6.899,,6.899
1786367304.207,S2,recommend,0,prior,0.0,,,,0.975,,0.975
1786367304.207,S2,reserve,0,prior,0.0,,,,1.332,,1.332
1786367304.207,S2,search,0,prior,0.0,,,,4.287,,4.287
1786367304.207,S3,recommend,677,obs,0.9525,0.6352,1.174,91.5,1.0,1.174,1.174
1786367304.207,S3,reserve,343,obs,0.9525,0.9746,1.35,93.2,1.348,1.35,1.35
1786367304.207,S3,search,507,obs,0.9525,3.3323,4.528,94.0,4.019,4.528,4.528
1786367305.206,S1,recommend,0,prior,0.0,,,,1.24,,1.24
1786367305.206,S1,reserve,0,prior,0.0,,,,1.658,,1.658
1786367305.206,S1,search,0,prior,0.0,,,,6.899,,6.899
1786367305.206,S2,recommend,0,prior,0.0,,,,0.975,,0.975
1786367305.206,S2,reserve,0,prior,0.0,,,,1.332,,1.332
1786367305.206,S2,search,0,prior,0.0,,,,4.287,,4.287
1786367305.206,S3,recommend,682,obs,0.9541,0.6215,1.069,89.9,1.0,1.069,1.069
1786367305.206,S3,reserve,340,obs,0.9546,0.955,1.344,90.6,1.348,1.344,1.344
1786367305.206,S3,search,507,obs,0.9488,3.2503,4.134,99.9,4.019,4.134,4.134
1786367306.207,S1,recommend,0,prior,0.0,,,,1.24,,1.24
1786367306.207,S1,reserve,0,prior,0.0,,,,1.658,,1.658
1786367306.207,S1,search,0,prior,0.0,,,,6.899,,6.899
1786367306.207,S2,recommend,0,prior,0.0,,,,0.975,,0.975
1786367306.207,S2,reserve,0,prior,0.0,,,,1.332,,1.332
1786367306.207,S2,search,0,prior,0.0,,,,4.287,,4.287
1786367306.207,S3,recommend,682,obs,0.955,0.6308,1.11,88.2,1.0,1.11,1.11
1786367306.207,S3,reserve,338,obs,0.9504,0.9497,1.305,98.2,1.348,1.305,1.305
1786367306.207,S3,search,510,obs,0.9529,3.2405,4.114,90.7,4.019,4.114,4.114
1786367307.206,S1,recommend,0,prior,0.0,,,,1.24,,1.24
1786367307.206,S1,reserve,0,prior,0.0,,,,1.658,,1.658
1786367307.206,S1,search,0,prior,0.0,,,,6.899,,6.899
1786367307.206,S2,recommend,0,prior,0.0,,,,0.975,,0.975
1786367307.206,S2,reserve,0,prior,0.0,,,,1.332,,1.332
1786367307.206,S2,search,0,prior,0.0,,,,4.287,,4.287
1786367307.206,S3,recommend,681,obs,0.9562,0.6656,1.061,86.5,1.0,1.061,1.061
1786367307.206,S3,reserve,338,obs,0.9504,1.032,1.446,93.2,1.348,1.446,1.446
1786367307.206,S3,search,512,obs,0.9546,3.3261,4.26,89.0,4.019,4.26,4.26
1786367308.207,S1,recommend,0,prior,0.0,,,,1.24,,1.24
1786367308.207,S1,reserve,0,prior,0.0,,,,1.658,,1.658
1786367308.207,S1,search,0,prior,0.0,,,,6.899,,6.899
1786367308.207,S2,recommend,0,prior,0.0,,,,0.975,,0.975
1786367308.207,S2,reserve,0,prior,0.0,,,,1.332,,1.332
1786367308.207,S2,search,0,prior,0.0,,,,4.287,,4.287
1786367308.207,S3,recommend,677,obs,0.9562,0.6535,1.015,86.4,1.0,1.015,1.015
1786367308.207,S3,reserve,342,obs,0.9504,1.0443,1.465,88.2,1.348,1.465,1.465
1786367308.207,S3,search,512,obs,0.9546,3.3107,4.243,89.0,4.019,4.243,4.243
1786367309.206,S1,recommend,0,prior,0.0,,,,1.24,,1.24
1786367309.206,S1,reserve,0,prior,0.0,,,,1.658,,1.658
1786367309.206,S1,search,0,prior,0.0,,,,6.899,,6.899
1786367309.206,S2,recommend,0,prior,0.0,,,,0.975,,0.975
1786367309.206,S2,reserve,0,prior,0.0,,,,1.332,,1.332
1786367309.206,S2,search,0,prior,0.0,,,,4.287,,4.287
1786367309.206,S3,recommend,681,obs,0.9563,0.6229,1.058,85.7,1.0,1.058,1.058
1786367309.206,S3,reserve,343,obs,0.9562,0.966,1.385,86.4,1.348,1.385,1.385
1786367309.206,S3,search,508,obs,0.9542,3.247,4.12,88.2,4.019,4.12,4.12
1786367310.206,S1,recommend,0,prior,0.0,,,,1.24,,1.24
1786367310.206,S1,reserve,0,prior,0.0,,,,1.658,,1.658
1786367310.206,S1,search,0,prior,0.0,,,,6.899,,6.899
1786367310.206,S2,recommend,0,prior,0.0,,,,0.975,,0.975
1786367310.206,S2,reserve,0,prior,0.0,,,,1.332,,1.332
1786367310.206,S2,search,0,prior,0.0,,,,4.287,,4.287
1786367310.206,S3,recommend,683,obs,0.9562,0.6282,1.089,84.0,1.0,1.089,1.089
1786367310.206,S3,reserve,339,obs,0.9563,0.9541,1.31,85.7,1.348,1.31,1.31
1786367310.206,S3,search,511,obs,0.9562,3.2605,4.078,86.4,4.019,4.078,4.078
1786367311.206,S1,recommend,0,prior,0.0,,,,1.24,,1.24
1786367311.206,S1,reserve,0,prior,0.0,,,,1.658,,1.658
1786367311.206,S1,search,0,prior,0.0,,,,6.899,,6.899
1786367311.206,S2,recommend,0,prior,0.0,,,,0.975,,0.975
1786367311.206,S2,reserve,0,prior,0.0,,,,1.332,,1.332
1786367311.206,S2,search,0,prior,0.0,,,,4.287,,4.287
1786367311.206,S3,recommend,685,obs,0.9579,0.6199,1.083,83.2,1.0,1.083,1.083
1786367311.206,S3,reserve,339,obs,0.9563,0.9564,1.32,84.0,1.348,1.32,1.32
1786367311.206,S3,search,510,obs,0.9528,3.252,4.09,88.2,4.019,4.09,4.09
1786367312.206,S1,recommend,0,prior,0.0,,,,1.24,,1.24
1786367312.206,S1,reserve,0,prior,0.0,,,,1.658,,1.658
1786367312.206,S1,search,0,prior,0.0,,,,6.899,,6.899
1786367312.206,S2,recommend,0,prior,0.0,,,,0.975,,0.975
1786367312.206,S2,reserve,0,prior,0.0,,,,1.332,,1.332
1786367312.206,S2,search,0,prior,0.0,,,,4.287,,4.287
1786367312.206,S3,recommend,682,obs,0.9587,0.6212,1.035,80.7,1.0,1.035,1.035
1786367312.206,S3,reserve,340,obs,0.9501,0.9509,1.293,90.7,1.348,1.293,1.293
1786367312.206,S3,search,514,obs,0.9579,3.2401,4.163,83.2,4.019,4.163,4.163
1786367313.206,S1,recommend,0,prior,0.0,,,,1.24,,1.24
1786367313.206,S1,reserve,0,prior,0.0,,,,1.658,,1.658
1786367313.206,S1,search,0,prior,0.0,,,,6.899,,6.899
1786367313.206,S2,recommend,0,prior,0.0,,,,0.975,,0.975
1786367313.206,S2,reserve,0,prior,0.0,,,,1.332,,1.332
1786367313.206,S2,search,0,prior,0.0,,,,4.287,,4.287
1786367313.206,S3,recommend,681,obs,0.9587,0.6225,1.034,78.7,1.0,1.034,1.034
1786367313.206,S3,reserve,345,obs,0.9563,0.973,1.405,85.4,1.348,1.405,1.405
1786367313.206,S3,search,511,obs,0.9588,3.2319,4.09,81.2,4.019,4.09,4.09
1786367314.206,S1,recommend,0,prior,0.0,,,,1.24,,1.24
1786367314.206,S1,reserve,0,prior,0.0,,,,1.658,,1.658
1786367314.206,S1,search,0,prior,0.0,,,,6.899,,6.899
1786367314.206,S2,recommend,0,prior,0.0,,,,0.975,,0.975
1786367314.206,S2,reserve,0,prior,0.0,,,,1.332,,1.332
1786367314.206,S2,search,0,prior,0.0,,,,4.287,,4.287
1786367314.206,S3,recommend,685,obs,0.9601,0.6185,1.015,78.0,1.0,1.015,1.015
1786367314.206,S3,reserve,343,obs,0.96,0.977,1.418,79.8,1.348,1.418,1.418
1786367314.206,S3,search,510,obs,0.9584,3.2443,4.183,80.6,4.019,4.183,4.183
1786367315.206,S1,recommend,0,prior,0.0,,,,1.24,,1.24
1786367315.206,S1,reserve,0,prior,0.0,,,,1.658,,1.658
1786367315.206,S1,search,0,prior,0.0,,,,6.899,,6.899
1786367315.206,S2,recommend,0,prior,0.0,,,,0.975,,0.975
1786367315.206,S2,reserve,0,prior,0.0,,,,1.332,,1.332
1786367315.206,S2,search,0,prior,0.0,,,,4.287,,4.287
1786367315.206,S3,recommend,685,obs,0.96,0.6331,1.053,78.2,1.0,1.053,1.053
1786367315.206,S3,reserve,341,obs,0.96,0.9662,1.363,79.0,1.348,1.363,1.363
1786367315.206,S3,search,512,obs,0.9579,3.2529,4.191,80.7,4.019,4.191,4.191
1786367316.206,S1,recommend,0,prior,0.0,,,,1.24,,1.24
1786367316.206,S1,reserve,0,prior,0.0,,,,1.658,,1.658
1786367316.206,S1,search,0,prior,0.0,,,,6.899,,6.899
1786367316.206,S2,recommend,0,prior,0.0,,,,0.975,,0.975
1786367316.206,S2,reserve,0,prior,0.0,,,,1.332,,1.332
1786367316.206,S2,search,0,prior,0.0,,,,4.287,,4.287
1786367316.206,S3,recommend,685,obs,0.9612,0.6331,1.104,76.5,1.0,1.104,1.104
1786367316.206,S3,reserve,340,obs,0.9579,0.9585,1.242,78.2,1.348,1.242,1.242
1786367316.206,S3,search,514,obs,0.9596,3.2737,4.257,79.0,4.019,4.257,4.257
1786367317.206,S1,recommend,0,prior,0.0,,,,1.24,,1.24
1786367317.206,S1,reserve,0,prior,0.0,,,,1.658,,1.658
1786367317.206,S1,search,0,prior,0.0,,,,6.899,,6.899
1786367317.206,S2,recommend,0,prior,0.0,,,,0.975,,0.975
1786367317.206,S2,reserve,0,prior,0.0,,,,1.332,,1.332
1786367317.206,S2,search,0,prior,0.0,,,,4.287,,4.287
1786367317.206,S3,recommend,682,obs,0.9617,0.6338,1.133,75.6,1.0,1.133,1.133
1786367317.206,S3,reserve,344,obs,0.9579,1.0125,1.483,73.2,1.348,1.483,1.483
1786367317.206,S3,search,515,obs,0.9587,3.311,4.255,80.7,4.019,4.255,4.255
1786367318.206,S1,recommend,0,prior,0.0,,,,1.24,,1.24
1786367318.206,S1,reserve,0,prior,0.0,,,,1.658,,1.658
1786367318.206,S1,search,0,prior,0.0,,,,6.899,,6.899
1786367318.206,S2,recommend,0,prior,0.0,,,,0.975,,0.975
1786367318.206,S2,reserve,0,prior,0.0,,,,1.332,,1.332
1786367318.206,S2,search,0,prior,0.0,,,,4.287,,4.287
1786367318.206,S3,recommend,686,obs,0.9625,0.6274,1.077,72.3,1.0,1.077,1.077
1786367318.206,S3,reserve,344,obs,0.9579,0.9978,1.4,82.3,1.348,1.4,1.4
1786367318.206,S3,search,513,obs,0.9625,3.2899,4.172,74.8,4.019,4.172,4.172
1786367319.206,S1,recommend,0,prior,0.0,,,,1.24,,1.24
1786367319.206,S1,reserve,0,prior,0.0,,,,1.658,,1.658
1786367319.206,S1,search,0,prior,0.0,,,,6.899,,6.899
1786367319.206,S2,recommend,0,prior,0.0,,,,0.975,,0.975
1786367319.206,S2,reserve,0,prior,0.0,,,,1.332,,1.332
1786367319.206,S2,search,0,prior,0.0,,,,4.287,,4.287
1786367319.206,S3,recommend,687,obs,0.9625,0.6047,1.058,71.5,1.0,1.058,1.058
1786367319.206,S3,reserve,341,obs,0.96,0.9643,1.467,78.2,1.348,1.467,1.467
1786367319.206,S3,search,515,obs,0.9624,3.2254,4.068,74.0,4.019,4.068,4.068
1786367320.206,S1,recommend,0,prior,0.0,,,,1.24,,1.24
1786367320.206,S1,reserve,0,prior,0.0,,,,1.658,,1.658
1786367320.206,S1,search,0,prior,0.0,,,,6.899,,6.899
1786367320.206,S2,recommend,0,prior,0.0,,,,0.975,,0.975
1786367320.206,S2,reserve,0,prior,0.0,,,,1.332,,1.332
1786367320.206,S2,search,0,prior,0.0,,,,4.287,,4.287
1786367320.206,S3,recommend,688,obs,0.9637,0.6116,1.058,70.6,1.0,1.058,1.058
1786367320.206,S3,reserve,342,obs,0.9616,0.9668,1.417,72.3,1.348,1.417,1.417
1786367320.206,S3,search,514,obs,0.9634,3.2408,4.125,73.1,4.019,4.125,4.125
1786367321.206,S1,recommend,0,prior,0.0,,,,1.24,,1.24
1786367321.206,S1,reserve,0,prior,0.0,,,,1.658,,1.658
1786367321.206,S1,search,0,prior,0.0,,,,6.899,,6.899
1786367321.206,S2,recommend,0,prior,0.0,,,,0.975,,0.975
1786367321.206,S2,reserve,0,prior,0.0,,,,1.332,,1.332
1786367321.206,S2,search,0,prior,0.0,,,,4.287,,4.287
1786367321.206,S3,recommend,685,obs,0.9637,0.6226,1.108,69.8,1.0,1.108,1.108
1786367321.206,S3,reserve,343,obs,0.96,0.9517,1.3,70.6,1.348,1.3,1.3
1786367321.206,S3,search,517,obs,0.9638,3.2597,4.125,72.3,4.019,4.125,4.125
1786367322.206,S1,recommend,0,prior,0.0,,,,1.24,,1.24
1786367322.206,S1,reserve,0,prior,0.0,,,,1.658,,1.658
1786367322.206,S1,search,0,prior,0.0,,,,6.899,,6.899
1786367322.206,S2,recommend,0,prior,0.0,,,,0.975,,0.975
1786367322.206,S2,reserve,0,prior,0.0,,,,1.332,,1.332
1786367322.206,S2,search,0,prior,0.0,,,,4.287,,4.287
1786367322.206,S3,recommend,686,obs,0.9659,0.6232,1.107,68.1,1.0,1.107,1.107
1786367322.206,S3,reserve,347,obs,0.9637,0.9594,1.3,69.8,1.348,1.3,1.3
1786367322.206,S3,search,513,obs,0.9637,3.2496,4.038,70.6,4.019,4.038,4.038
1786367323.206,S1,recommend,0,prior,0.0,,,,1.24,,1.24
1786367323.206,S1,reserve,0,prior,0.0,,,,1.658,,1.658
1786367323.206,S1,search,0,prior,0.0,,,,6.899,,6.899
1786367323.206,S2,recommend,0,prior,0.0,,,,0.975,,0.975
1786367323.206,S2,reserve,0,prior,0.0,,,,1.332,,1.332
1786367323.206,S2,search,0,prior,0.0,,,,4.287,,4.287
1786367323.206,S3,recommend,690,obs,0.9654,0.6224,1.114,67.3,1.0,1.114,1.114
1786367323.206,S3,reserve,344,obs,0.9658,0.9835,1.555,68.1,1.348,1.555,1.555
1786367323.206,S3,search,513,obs,0.9625,3.2408,4.038,72.3,4.019,4.038,4.038
1786367324.207,S1,recommend,0,prior,0.0,,,,1.24,,1.24
1786367324.207,S1,reserve,0,prior,0.0,,,,1.658,,1.658
1786367324.207,S1,search,0,prior,0.0,,,,6.899,,6.899
1786367324.207,S2,recommend,0,prior,0.0,,,,0.975,,0.975
1786367324.207,S2,reserve,0,prior,0.0,,,,1.332,,1.332
1786367324.207,S2,search,0,prior,0.0,,,,4.287,,4.287
1786367324.207,S3,recommend,688,obs,0.9646,0.6246,1.095,69.0,1.0,1.095,1.095
1786367324.207,S3,reserve,342,obs,0.9617,0.9789,1.489,75.6,1.348,1.489,1.489
1786367324.207,S3,search,515,obs,0.9625,3.2352,4.0,71.5,4.019,4.0,4.0
1786367325.207,S1,recommend,0,prior,0.0,,,,1.24,,1.24
1786367325.207,S1,reserve,0,prior,0.0,,,,1.658,,1.658
1786367325.207,S1,search,0,prior,0.0,,,,6.899,,6.899
1786367325.207,S2,recommend,0,prior,0.0,,,,0.975,,0.975
1786367325.207,S2,reserve,0,prior,0.0,,,,1.332,,1.332
1786367325.207,S2,search,0,prior,0.0,,,,4.287,,4.287
1786367325.207,S3,recommend,688,obs,0.9667,0.6311,1.074,65.6,1.0,1.074,1.074
1786367325.207,S3,reserve,342,obs,0.9616,0.9696,1.345,70.7,1.348,1.345,1.345
1786367325.207,S3,search,516,obs,0.9633,3.2651,4.229,71.5,4.019,4.229,4.229
1786367326.207,S1,recommend,0,prior,0.0,,,,1.24,,1.24
1786367326.207,S1,reserve,0,prior,0.0,,,,1.658,,1.658
1786367326.207,S1,search,0,prior,0.0,,,,6.899,,6.899
1786367326.207,S2,recommend,0,prior,0.0,,,,0.975,,0.975
1786367326.207,S2,reserve,0,prior,0.0,,,,1.332,,1.332
1786367326.207,S2,search,0,prior,0.0,,,,4.287,,4.287
1786367326.207,S3,recommend,684,obs,0.9654,0.6203,1.079,68.2,1.0,1.079,1.079
1786367326.207,S3,reserve,346,obs,0.9616,0.9711,1.32,65.7,1.348,1.32,1.32
1786367326.207,S3,search,517,obs,0.9637,3.2415,4.097,70.7,4.019,4.097,4.097
1786367327.206,S1,recommend,0,prior,0.0,,,,1.24,,1.24
1786367327.206,S1,reserve,0,prior,0.0,,,,1.658,,1.658
1786367327.206,S1,search,0,prior,0.0,,,,6.899,,6.899
1786367327.206,S2,recommend,0,prior,0.0,,,,0.975,,0.975
1786367327.206,S2,reserve,0,prior,0.0,,,,1.332,,1.332
1786367327.206,S2,search,0,prior,0.0,,,,4.287,,4.287
1786367327.206,S3,recommend,688,obs,0.9659,0.6352,1.165,66.5,1.0,1.165,1.165
1786367327.206,S3,reserve,347,obs,0.9675,1.0279,1.478,64.0,1.348,1.478,1.478
1786367327.206,S3,search,513,obs,0.9637,3.3152,4.114,69.0,4.019,4.114,4.114
1786367328.206,S1,recommend,0,prior,0.0,,,,1.24,,1.24
1786367328.206,S1,reserve,0,prior,0.0,,,,1.658,,1.658
1786367328.206,S1,search,0,prior,0.0,,,,6.899,,6.899
1786367328.206,S2,recommend,0,prior,0.0,,,,0.975,,0.975
1786367328.206,S2,reserve,0,prior,0.0,,,,1.332,,1.332
1786367328.206,S2,search,0,prior,0.0,,,,4.287,,4.287
1786367328.206,S3,recommend,690,obs,0.9654,0.6509,1.18,65.7,1.0,1.18,1.18
1786367328.206,S3,reserve,343,obs,0.9675,1.0218,1.475,63.2,1.348,1.475,1.475
1786367328.206,S3,search,516,obs,0.9641,3.3135,4.019,70.7,4.019,4.019,4.019
1786367329.207,S1,recommend,0,prior,0.0,,,,1.24,,1.24
1786367329.207,S1,reserve,0,prior,0.0,,,,1.658,,1.658
1786367329.207,S1,search,0,prior,0.0,,,,6.899,,6.899
1786367329.207,S2,recommend,0,prior,0.0,,,,0.975,,0.975
1786367329.207,S2,reserve,0,prior,0.0,,,,1.332,,1.332
1786367329.207,S2,search,0,prior,0.0,,,,4.287,,4.287
1786367329.207,S3,recommend,692,obs,0.9679,0.6326,1.152,63.2,1.0,1.152,1.152
1786367329.207,S3,reserve,343,obs,0.9675,0.9537,1.374,61.4,1.348,1.374,1.374
1786367329.207,S3,search,516,obs,0.9642,3.2351,4.049,65.7,4.019,4.049,4.049
1786367330.207,S1,recommend,0,prior,0.0,,,,1.24,,1.24
1786367330.207,S1,reserve,0,prior,0.0,,,,1.658,,1.658
1786367330.207,S1,search,0,prior,0.0,,,,6.899,,6.899
1786367330.207,S2,recommend,0,prior,0.0,,,,0.975,,0.975
1786367330.207,S2,reserve,0,prior,0.0,,,,1.332,,1.332
1786367330.207,S2,search,0,prior,0.0,,,,4.287,,4.287
1786367330.207,S3,recommend,688,obs,0.9683,0.627,1.071,61.5,1.0,1.071,1.071
1786367330.207,S3,reserve,344,obs,0.9616,0.9635,1.376,68.2,1.348,1.376,1.376
1786367330.207,S3,search,519,obs,0.9675,3.2593,4.228,64.0,4.019,4.228,4.228
1786367331.207,S1,recommend,0,prior,0.0,,,,1.24,,1.24
1786367331.207,S1,reserve,0,prior,0.0,,,,1.658,,1.658
1786367331.207,S1,search,0,prior,0.0,,,,6.899,,6.899
1786367331.207,S2,recommend,0,prior,0.0,,,,0.975,,0.975
1786367331.207,S2,reserve,0,prior,0.0,,,,1.332,,1.332
1786367331.207,S2,search,0,prior,0.0,,,,4.287,,4.287
1786367331.207,S3,recommend,687,obs,0.9675,0.6238,1.071,61.5,1.0,1.071,1.071
1786367331.207,S3,reserve,349,obs,0.9675,0.9743,1.314,63.2,1.348,1.314,1.314
1786367331.207,S3,search,515,obs,0.9675,3.2671,4.189,64.0,4.019,4.189,4.189
1786367332.207,S1,recommend,0,prior,0.0,,,,1.24,,1.24
1786367332.207,S1,reserve,0,prior,0.0,,,,1.658,,1.658
1786367332.207,S1,search,0,prior,0.0,,,,6.899,,6.899
1786367332.207,S2,recommend,0,prior,0.0,,,,0.975,,0.975
1786367332.207,S2,reserve,0,prior,0.0,,,,1.332,,1.332
1786367332.207,S2,search,0,prior,0.0,,,,4.287,,4.287
1786367332.207,S3,recommend,692,obs,0.9692,0.6247,1.072,60.7,1.0,1.072,1.072
1786367332.207,S3,reserve,346,obs,0.9692,0.9767,1.307,58.2,1.348,1.307,1.307
1786367332.207,S3,search,515,obs,0.9675,3.2767,4.25,63.2,4.019,4.25,4.25
1786367333.207,S1,recommend,0,prior,0.0,,,,1.24,,1.24
1786367333.207,S1,reserve,0,prior,0.0,,,,1.658,,1.658
1786367333.207,S1,search,0,prior,0.0,,,,6.899,,6.899
1786367333.207,S2,recommend,0,prior,0.0,,,,0.975,,0.975
1786367333.207,S2,reserve,0,prior,0.0,,,,1.332,,1.332
1786367333.207,S2,search,0,prior,0.0,,,,4.287,,4.287
1786367333.207,S3,recommend,692,obs,0.9696,0.6411,1.088,59.0,1.0,1.088,1.088
1786367333.207,S3,reserve,344,obs,0.9691,0.9875,1.382,60.7,1.348,1.382,1.382
1786367333.207,S3,search,517,obs,0.9675,3.29,4.261,61.4,4.019,4.261,4.261
1786367334.207,S1,recommend,0,prior,0.0,,,,1.24,,1.24
1786367334.207,S1,reserve,0,prior,0.0,,,,1.658,,1.658
1786367334.207,S1,search,0,prior,0.0,,,,6.899,,6.899
1786367334.207,S2,recommend,0,prior,0.0,,,,0.975,,0.975
1786367334.207,S2,reserve,0,prior,0.0,,,,1.332,,1.332
1786367334.207,S2,search,0,prior,0.0,,,,4.287,,4.287
1786367334.207,S3,recommend,692,obs,0.9704,0.6518,1.153,58.2,1.0,1.153,1.153
1786367334.207,S3,reserve,343,obs,0.9675,1.0085,1.468,58.9,1.348,1.468,1.468
1786367334.207,S3,search,519,obs,0.9675,3.3265,4.302,63.2,4.019,4.302,4.302
1786367335.207,S1,recommend,0,prior,0.0,,,,1.24,,1.24
1786367335.207,S1,reserve,0,prior,0.0,,,,1.658,,1.658
1786367335.207,S1,search,0,prior,0.0,,,,6.899,,6.899
1786367335.207,S2,recommend,0,prior,0.0,,,,0.975,,0.975
1786367335.207,S2,reserve,0,prior,0.0,,,,1.332,,1.332
1786367335.207,S2,search,0,prior,0.0,,,,4.287,,4.287
1786367335.207,S3,recommend,689,obs,0.9716,0.6278,1.128,55.7,1.0,1.128,1.128
1786367335.207,S3,reserve,346,obs,0.9617,1.0133,1.584,65.6,1.348,1.584,1.584
1786367335.207,S3,search,521,obs,0.97,3.2863,4.229,58.2,4.019,4.229,4.229
1786367336.207,S1,recommend,0,prior,0.0,,,,1.24,,1.24
1786367336.207,S1,reserve,0,prior,0.0,,,,1.658,,1.658
1786367336.207,S1,search,0,prior,0.0,,,,6.899,,6.899
1786367336.207,S2,recommend,0,prior,0.0,,,,0.975,,0.975
1786367336.207,S2,reserve,0,prior,0.0,,,,1.332,,1.332
1786367336.207,S2,search,0,prior,0.0,,,,4.287,,4.287
1786367336.207,S3,recommend,691,obs,0.9712,0.6183,1.053,55.7,1.0,1.053,1.053
1786367336.207,S3,reserve,349,obs,0.9712,0.968,1.451,56.5,1.348,1.451,1.451
1786367336.207,S3,search,516,obs,0.9691,3.2508,4.138,58.2,4.019,4.138,4.138
1786367337.206,S1,recommend,0,prior,0.0,,,,1.24,,1.24
1786367337.206,S1,reserve,0,prior,0.0,,,,1.658,,1.658
1786367337.206,S1,search,0,prior,0.0,,,,6.899,,6.899
1786367337.206,S2,recommend,0,prior,0.0,,,,0.975,,0.975
1786367337.206,S2,reserve,0,prior,0.0,,,,1.332,,1.332
1786367337.206,S2,search,0,prior,0.0,,,,4.287,,4.287
1786367337.206,S3,recommend,695,obs,0.9716,0.6466,1.104,53.2,1.0,1.104,1.104
1786367337.206,S3,reserve,345,obs,0.9713,0.9812,1.276,55.7,1.348,1.276,1.276
1786367337.206,S3,search,518,obs,0.9691,3.3333,4.166,60.7,4.019,4.166,4.166
1786367338.207,S1,recommend,0,prior,0.0,,,,1.24,,1.24
1786367338.207,S1,reserve,0,prior,0.0,,,,1.658,,1.658
1786367338.207,S1,search,0,prior,0.0,,,,6.899,,6.899
1786367338.207,S2,recommend,0,prior,0.0,,,,0.975,,0.975
1786367338.207,S2,reserve,0,prior,0.0,,,,1.332,,1.332
1786367338.207,S2,search,0,prior,0.0,,,,4.287,,4.287
1786367338.207,S3,recommend,696,obs,0.9738,0.6339,1.067,51.5,1.0,1.067,1.067
1786367338.207,S3,reserve,344,obs,0.9691,0.9954,1.283,58.2,1.348,1.283,1.283
1786367338.207,S3,search,519,obs,0.97,3.3253,4.098,54.0,4.019,4.098,4.098
1786367339.207,S1,recommend,0,prior,0.0,,,,1.24,,1.24
1786367339.207,S1,reserve,0,prior,0.0,,,,1.658,,1.658
1786367339.207,S1,search,0,prior,0.0,,,,6.899,,6.899
1786367339.207,S2,recommend,0,prior,0.0,,,,0.975,,0.975
1786367339.207,S2,reserve,0,prior,0.0,,,,1.332,,1.332
1786367339.207,S2,search,0,prior,0.0,,,,4.287,,4.287
1786367339.207,S3,recommend,692,obs,0.9734,0.6109,1.071,51.5,1.0,1.071,1.071
1786367339.207,S3,reserve,346,obs,0.9691,0.9554,1.261,53.2,1.348,1.261,1.261
1786367339.207,S3,search,520,obs,0.9692,3.2394,4.096,60.7,4.019,4.096,4.096
1786367340.206,S1,recommend,0,prior,0.0,,,,1.24,,1.24
1786367340.206,S1,reserve,0,prior,0.0,,,,1.658,,1.658
1786367340.206,S1,search,0,prior,0.0,,,,6.899,,6.899
1786367340.206,S2,recommend,0,prior,0.0,,,,0.975,,0.975
1786367340.206,S2,reserve,0,prior,0.0,,,,1.332,,1.332
1786367340.206,S2,search,0,prior,0.0,,,,4.287,,4.287
1786367340.206,S3,recommend,691,obs,0.975,0.626,1.103,49.9,1.0,1.103,1.103
1786367340.206,S3,reserve,350,obs,0.9733,0.9625,1.237,50.6,1.348,1.237,1.237
1786367340.206,S3,search,520,obs,0.9729,3.2652,4.279,52.3,4.019,4.279,4.279
1786367341.206,S1,recommend,0,prior,0.0,,,,1.24,,1.24
1786367341.206,S1,reserve,0,prior,0.0,,,,1.658,,1.658
1786367341.206,S1,search,127,prior_fill,0.475,3.0241,5.069,34.8,6.899,,6.899
1786367341.206,S2,recommend,0,prior,0.0,,,,0.975,,0.975
1786367341.206,S2,reserve,0,prior,0.0,,,,1.332,,1.332
1786367341.206,S2,search,0,prior,0.0,,,,4.287,,4.287
1786367341.206,S3,recommend,695,obs,0.975,0.5929,0.955,48.1,1.0,0.955,0.955
1786367341.206,S3,reserve,349,obs,0.975,0.9393,1.206,49.8,1.348,1.206,1.206
1786367341.206,S3,search,394,obs,0.9734,3.2455,4.263,50.6,4.019,4.263,4.263
1786367342.207,S1,recommend,0,prior,0.0,,,,1.24,,1.24
1786367342.207,S1,reserve,0,prior,0.0,,,,1.658,,1.658
1786367342.207,S1,search,262,obs,0.9775,3.1227,5.491,30.3,6.899,5.491,5.491
1786367342.207,S2,recommend,0,prior,0.0,,,,0.975,,0.975
1786367342.207,S2,reserve,0,prior,0.0,,,,1.332,,1.332
1786367342.207,S2,search,0,prior,0.0,,,,4.287,,4.287
1786367342.207,S3,recommend,697,obs,0.975,0.5262,0.763,47.8,1.0,0.763,0.763
1786367342.207,S3,reserve,345,obs,0.975,0.8983,1.173,48.6,1.348,1.173,1.173
1786367342.207,S3,search,261,obs,0.97,3.1394,3.662,56.1,4.019,3.662,3.662
1786367343.206,S1,recommend,0,prior,0.0,,,,1.24,,1.24
1786367343.206,S1,reserve,0,prior,0.0,,,,1.658,,1.658
1786367343.206,S1,search,264,obs,0.9837,3.1035,5.282,29.8,6.899,5.282,5.282
1786367343.206,S2,recommend,0,prior,0.0,,,,0.975,,0.975
1786367343.206,S2,reserve,0,prior,0.0,,,,1.332,,1.332
1786367343.206,S2,search,0,prior,0.0,,,,4.287,,4.287
1786367343.206,S3,recommend,698,obs,0.9775,0.5108,0.725,44.8,1.0,0.725,0.725
1786367343.206,S3,reserve,344,obs,0.9691,0.8878,1.193,54.8,1.348,1.193,1.193
1786367343.206,S3,search,261,obs,0.97,3.1392,3.711,50.6,4.019,3.711,3.711
1786367344.207,S1,recommend,0,prior,0.0,,,,1.24,,1.24
1786367344.207,S1,reserve,0,prior,0.0,,,,1.658,,1.658
1786367344.207,S1,search,265,obs,0.9863,3.1194,5.282,25.1,6.899,5.282,5.282
1786367344.207,S2,recommend,0,prior,0.0,,,,0.975,,0.975
1786367344.207,S2,reserve,0,prior,0.0,,,,1.332,,1.332
1786367344.207,S2,search,0,prior,0.0,,,,4.287,,4.287
1786367344.207,S3,recommend,692,obs,0.9766,0.5064,0.718,45.1,1.0,0.718,0.718
1786367344.207,S3,reserve,348,obs,0.9692,0.8843,1.181,50.1,1.348,1.181,1.181
1786367344.207,S3,search,261,obs,0.9726,3.1336,3.797,50.7,4.019,3.797,3.797
1786367345.206,S1,recommend,0,prior,0.0,,,,1.24,,1.24
1786367345.206,S1,reserve,0,prior,0.0,,,,1.658,,1.658
1786367345.206,S1,search,263,obs,0.9862,3.0604,5.215,27.4,6.899,5.215,5.215
1786367345.206,S2,recommend,0,prior,0.0,,,,0.975,,0.975
1786367345.206,S2,reserve,0,prior,0.0,,,,1.332,,1.332
1786367345.206,S2,search,0,prior,0.0,,,,4.287,,4.287
1786367345.206,S3,recommend,694,obs,0.9772,0.5147,0.768,43.0,1.0,0.768,0.768
1786367345.206,S3,reserve,352,obs,0.9766,0.8844,1.139,44.8,1.348,1.139,1.139
1786367345.206,S3,search,260,obs,0.975,3.1415,3.877,45.6,4.019,3.877,3.877
1786367346.207,S1,recommend,0,prior,0.0,,,,1.24,,1.24
1786367346.207,S1,reserve,0,prior,0.0,,,,1.658,,1.658
1786367346.207,S1,search,263,obs,0.9863,2.9609,5.339,22.9,6.899,5.339,5.339
1786367346.207,S2,recommend,0,prior,0.0,,,,0.975,,0.975
1786367346.207,S2,reserve,0,prior,0.0,,,,1.332,,1.332
1786367346.207,S2,search,0,prior,0.0,,,,4.287,,4.287
1786367346.207,S3,recommend,698,obs,0.9766,0.5165,0.786,42.9,1.0,0.786,0.786
1786367346.207,S3,reserve,348,obs,0.9771,0.8722,1.113,43.7,1.348,1.113,1.113
1786367346.207,S3,search,260,obs,0.975,3.1196,3.744,48.7,4.019,3.744,3.744
1786367347.206,S1,recommend,0,prior,0.0,,,,1.24,,1.24
1786367347.206,S1,reserve,0,prior,0.0,,,,1.658,,1.658
1786367347.206,S1,search,264,obs,0.9862,2.9899,5.339,27.4,6.899,5.339,5.339
1786367347.206,S2,recommend,0,prior,0.0,,,,0.975,,0.975
1786367347.206,S2,reserve,0,prior,0.0,,,,1.332,,1.332
1786367347.206,S2,search,0,prior,0.0,,,,4.287,,4.287
1786367347.206,S3,recommend,700,obs,0.9787,0.5312,0.786,40.6,1.0,0.786,0.786
1786367347.206,S3,reserve,346,obs,0.9767,0.902,1.147,42.3,1.348,1.147,1.147
1786367347.206,S3,search,261,obs,0.975,3.2104,3.838,43.2,4.019,3.838,3.838
1786367348.207,S1,recommend,0,prior,0.0,,,,1.24,,1.24
1786367348.207,S1,reserve,0,prior,0.0,,,,1.658,,1.658
1786367348.207,S1,search,265,obs,0.9862,2.9818,4.673,23.1,6.899,4.673,4.673
1786367348.207,S2,recommend,0,prior,0.0,,,,0.975,,0.975
1786367348.207,S2,reserve,0,prior,0.0,,,,1.332,,1.332
1786367348.207,S2,search,0,prior,0.0,,,,4.287,,4.287
1786367348.207,S3,recommend,697,obs,0.9787,0.5432,0.83,40.7,1.0,0.83,0.83
1786367348.207,S3,reserve,347,obs,0.975,0.9142,1.189,41.4,1.348,1.189,1.189
1786367348.207,S3,search,262,obs,0.975,3.2494,3.958,49.0,4.019,3.958,3.958
1786367349.207,S1,recommend,0,prior,0.0,,,,1.24,,1.24
1786367349.207,S1,reserve,0,prior,0.0,,,,1.658,,1.658
1786367349.207,S1,search,265,obs,0.9887,3.7581,6.285,17.9,6.899,6.285,6.285
1786367349.207,S2,recommend,0,prior,0.0,,,,0.975,,0.975
1786367349.207,S2,reserve,0,prior,0.0,,,,1.332,,1.332
1786367349.207,S2,search,0,prior,0.0,,,,4.287,,4.287
1786367349.207,S3,recommend,695,obs,0.9793,0.5208,0.795,37.5,1.0,0.795,0.795
1786367349.207,S3,reserve,351,obs,0.975,0.8694,1.116,47.9,1.348,1.116,1.116
1786367349.207,S3,search,262,obs,0.9775,3.1467,3.783,43.6,4.019,3.783,3.783
1786367350.207,S1,recommend,0,prior,0.0,,,,1.24,,1.24
1786367350.207,S1,reserve,0,prior,0.0,,,,1.658,,1.658
1786367350.207,S1,search,264,obs,0.99,3.7419,5.394,17.4,6.899,5.394,5.394
1786367350.207,S2,recommend,0,prior,0.0,,,,0.975,,0.975
1786367350.207,S2,reserve,0,prior,0.0,,,,1.332,,1.332
1786367350.207,S2,search,0,prior,0.0,,,,4.287,,4.287
1786367350.207,S3,recommend,699,obs,0.9813,0.5178,0.76,35.7,1.0,0.76,0.76
1786367350.207,S3,reserve,351,obs,0.9787,0.8619,1.081,42.4,1.348,1.081,1.081
1786367350.207,S3,search,261,obs,0.9775,3.1384,3.752,38.2,4.019,3.752,3.752
1786367351.207,S1,recommend,0,prior,0.0,,,,1.24,,1.24
1786367351.207,S1,reserve,0,prior,0.0,,,,1.658,,1.658
1786367351.207,S1,search,264,obs,0.9862,3.0425,4.577,20.3,6.899,4.577,4.577
1786367351.207,S2,recommend,0,prior,0.0,,,,0.975,,0.975
1786367351.207,S2,reserve,0,prior,0.0,,,,1.332,,1.332
1786367351.207,S2,search,0,prior,0.0,,,,4.287,,4.287
1786367351.207,S3,recommend,700,obs,0.9809,0.5187,0.743,36.1,1.0,0.743,0.743
1786367351.207,S3,reserve,348,obs,0.9804,0.8714,1.106,37.8,1.348,1.106,1.106
1786367351.207,S3,search,262,obs,0.9788,3.1193,3.666,38.6,4.019,3.666,3.666
1786367352.207,S1,recommend,0,prior,0.0,,,,1.24,,1.24
1786367352.207,S1,reserve,0,prior,0.0,,,,1.658,,1.658
1786367352.207,S1,search,266,obs,0.9912,3.0593,4.971,15.7,6.899,4.971,4.971
1786367352.207,S2,recommend,0,prior,0.0,,,,0.975,,0.975
1786367352.207,S2,reserve,0,prior,0.0,,,,1.332,,1.332
1786367352.207,S2,search,0,prior,0.0,,,,4.287,,4.287
1786367352.207,S3,recommend,700,obs,0.9817,0.5105,0.729,35.7,1.0,0.729,0.729
1786367352.207,S3,reserve,347,obs,0.9787,0.8806,1.174,36.5,1.348,1.174,1.174
1786367352.207,S3,search,262,obs,0.975,3.1197,3.601,41.5,4.019,3.601,3.601
1786367353.207,S1,recommend,0,prior,0.0,,,,1.24,,1.24
1786367353.207,S1,reserve,0,prior,0.0,,,,1.658,,1.658
1786367353.207,S1,search,266,obs,0.9887,3.0443,4.943,20.7,6.899,4.943,4.943
1786367353.207,S2,recommend,0,prior,0.0,,,,0.975,,0.975
1786367353.207,S2,reserve,0,prior,0.0,,,,1.332,,1.332
1786367353.207,S2,search,0,prior,0.0,,,,4.287,,4.287
1786367353.207,S3,recommend,697,obs,0.9824,0.5095,0.763,34.0,1.0,0.763,0.763
1786367353.207,S3,reserve,350,obs,0.9762,0.8745,1.188,35.7,1.348,1.188,1.188
1786367353.207,S3,search,263,obs,0.98,3.1178,3.635,36.5,4.019,3.635,3.635
1786367354.207,S1,recommend,0,prior,0.0,,,,1.24,,1.24
1786367354.207,S1,reserve,0,prior,0.0,,,,1.658,,1.658
1786367354.207,S1,search,265,obs,0.99,3.0,4.964,13.2,6.899,4.964,4.964
1786367354.207,S2,recommend,0,prior,0.0,,,,0.975,,0.975
1786367354.207,S2,reserve,0,prior,0.0,,,,1.332,,1.332
1786367354.207,S2,search,0,prior,0.0,,,,4.287,,4.287
1786367354.207,S3,recommend,699,obs,0.9825,0.5119,0.767,33.2,1.0,0.767,0.767
1786367354.207,S3,reserve,353,obs,0.9825,0.8571,1.05,34.0,1.348,1.05,1.05
1786367354.207,S3,search,261,obs,0.9775,3.1221,3.715,41.5,4.019,3.715,3.715
1786367355.207,S1,recommend,0,prior,0.0,,,,1.24,,1.24
1786367355.207,S1,reserve,0,prior,0.0,,,,1.658,,1.658
1786367355.207,S1,search,264,obs,0.99,2.9777,5.104,15.7,6.899,5.104,5.104
1786367355.207,S2,recommend,0,prior,0.0,,,,0.975,,0.975
1786367355.207,S2,reserve,0,prior,0.0,,,,1.332,,1.332
1786367355.207,S2,search,0,prior,0.0,,,,4.287,,4.287
1786367355.207,S3,recommend,702,obs,0.9825,0.5129,0.767,31.5,1.0,0.767,0.767
1786367355.207,S3,reserve,349,obs,0.9788,0.8887,1.116,40.6,1.348,1.116,1.116
1786367355.207,S3,search,262,obs,0.9813,3.1236,3.588,36.5,4.019,3.588,3.588
1786367356.207,S1,recommend,0,prior,0.0,,,,1.24,,1.24
1786367356.207,S1,reserve,0,prior,0.0,,,,1.658,,1.658
1786367356.207,S1,search,265,obs,0.9887,3.1315,5.706,13.2,6.899,5.706,5.706
1786367356.207,S2,recommend,0,prior,0.0,,,,0.975,,0.975
1786367356.207,S2,reserve,0,prior,0.0,,,,1.332,,1.332
1786367356.207,S2,search,0,prior,0.0,,,,4.287,,4.287
1786367356.207,S3,recommend,703,obs,0.9842,0.5109,0.776,30.6,1.0,0.776,0.776
1786367356.207,S3,reserve,348,obs,0.9804,0.9007,1.198,35.7,1.348,1.198,1.198
1786367356.207,S3,search,262,obs,0.9787,3.1149,3.638,36.5,4.019,3.638,3.638
1786367357.207,S1,recommend,0,prior,0.0,,,,1.24,,1.24
1786367357.207,S1,reserve,0,prior,0.0,,,,1.658,,1.658
1786367357.207,S1,search,267,obs,0.9937,3.1645,5.789,8.2,6.899,5.789,5.789
1786367357.207,S2,recommend,0,prior,0.0,,,,0.975,,0.975
1786367357.207,S2,reserve,0,prior,0.0,,,,1.332,,1.332
1786367357.207,S2,search,0,prior,0.0,,,,4.287,,4.287
1786367357.207,S3,recommend,699,obs,0.9825,0.5233,0.777,33.2,1.0,0.777,0.777
1786367357.207,S3,reserve,350,obs,0.9804,0.9391,1.214,30.6,1.348,1.214,1.214
1786367357.207,S3,search,263,obs,0.98,3.1975,3.727,39.0,4.019,3.727,3.727
1786367358.206,S1,recommend,0,prior,0.0,,,,1.24,,1.24
1786367358.206,S1,reserve,0,prior,0.0,,,,1.658,,1.658
1786367358.206,S1,search,266,obs,0.9937,3.025,4.84,7.3,6.899,4.84,4.84
1786367358.206,S2,recommend,0,prior,0.0,,,,0.975,,0.975
1786367358.206,S2,reserve,0,prior,0.0,,,,1.332,,1.332
1786367358.206,S2,search,0,prior,0.0,,,,4.287,,4.287
1786367358.206,S3,recommend,698,obs,0.9846,0.5315,0.804,30.6,1.0,0.804,0.804
1786367358.206,S3,reserve,354,obs,0.9846,0.9393,1.204,28.1,1.348,1.204,1.204
1786367358.206,S3,search,263,obs,0.9825,3.2118,3.775,33.1,4.019,3.775,3.775
1786367359.207,S1,recommend,0,prior,0.0,,,,1.24,,1.24
1786367359.207,S1,reserve,0,prior,0.0,,,,1.658,,1.658
1786367359.207,S1,search,265,obs,0.9938,3.7027,7.038,10.0,6.899,7.038,7.038
1786367359.207,S2,recommend,0,prior,0.0,,,,0.975,,0.975
1786367359.207,S2,reserve,0,prior,0.0,,,,1.332,,1.332
1786367359.207,S2,search,0,prior,0.0,,,,4.287,,4.287
1786367359.207,S3,recommend,702,obs,0.9841,0.5163,0.778,30.1,1.0,0.778,0.778
1786367359.207,S3,reserve,352,obs,0.9842,0.8817,1.138,27.5,1.348,1.138,1.138
1786367359.207,S3,search,261,obs,0.9775,3.1338,3.653,38.3,4.019,3.653,3.653
1786367360.206,S1,recommend,0,prior,0.0,,,,1.24,,1.24
1786367360.206,S1,reserve,0,prior,0.0,,,,1.658,,1.658
1786367360.206,S1,search,257,obs,0.96,3.8592,7.451,72.8,6.899,7.451,7.451
1786367360.206,S2,recommend,0,prior,0.0,,,,0.975,,0.975
1786367360.206,S2,reserve,0,prior,0.0,,,,1.332,,1.332
1786367360.206,S2,search,0,prior,0.0,,,,4.287,,4.287
1786367360.206,S3,recommend,679,obs,0.9525,0.5184,0.79,92.8,1.0,0.79,0.79
1786367360.206,S3,reserve,338,obs,0.9504,0.8767,1.104,97.8,1.348,1.104,1.104
1786367360.206,S3,search,255,obs,0.9512,3.1264,3.634,93.6,4.019,3.634,3.634
1786367361.206,S1,recommend,0,prior,0.0,,,,1.24,,1.24
1786367361.206,S1,reserve,0,prior,0.0,,,,1.658,,1.658
1786367361.206,S1,search,254,obs,0.9462,3.1607,5.435,104.8,6.899,5.435,5.435
1786367361.206,S2,recommend,0,prior,0.0,,,,0.975,,0.975
1786367361.206,S2,reserve,0,prior,0.0,,,,1.332,,1.332
1786367361.206,S2,search,0,prior,0.0,,,,4.287,,4.287
1786367361.206,S3,recommend,667,obs,0.9375,0.518,0.799,124.9,1.0,0.799,0.799
1786367361.206,S3,reserve,332,obs,0.9316,0.8779,1.102,129.8,1.348,1.102,1.102
1786367361.206,S3,search,250,obs,0.93,3.1353,3.637,130.6,4.019,3.637,3.637
1786367362.206,S1,recommend,0,prior,0.0,,,,1.24,,1.24
1786367362.206,S1,reserve,0,prior,0.0,,,,1.658,,1.658
1786367362.206,S1,search,253,obs,0.945,3.0945,5.319,107.3,6.899,5.319,5.319
1786367362.206,S2,recommend,0,prior,0.0,,,,0.975,,0.975
1786367362.206,S2,reserve,0,prior,0.0,,,,1.332,,1.332
1786367362.206,S2,search,0,prior,0.0,,,,4.287,,4.287
1786367362.206,S3,recommend,664,obs,0.9354,0.5137,0.779,127.3,1.0,0.779,0.779
1786367362.206,S3,reserve,337,obs,0.9375,0.8787,1.101,124.8,1.348,1.101,1.101
1786367362.206,S3,search,249,obs,0.9313,3.1197,3.646,133.0,4.019,3.646,3.646
1786367363.206,S1,recommend,0,prior,0.0,,,,1.24,,1.24
1786367363.206,S1,reserve,0,prior,0.0,,,,1.658,,1.658
1786367363.206,S1,search,253,obs,0.9487,3.0959,5.319,102.5,6.899,5.319,5.319
1786367363.206,S2,recommend,0,prior,0.0,,,,0.975,,0.975
1786367363.206,S2,reserve,0,prior,0.0,,,,1.332,,1.332
1786367363.206,S2,search,0,prior,0.0,,,,4.287,,4.287
1786367363.206,S3,recommend,669,obs,0.9375,0.5124,0.753,122.5,1.0,0.753,0.753
1786367363.206,S3,reserve,335,obs,0.9375,0.8776,1.132,123.3,1.348,1.132,1.132
1786367363.206,S3,search,249,obs,0.9338,3.1153,3.659,128.3,4.019,3.659,3.659
1786367364.206,S1,recommend,0,prior,0.0,,,,1.24,,1.24
1786367364.206,S1,reserve,0,prior,0.0,,,,1.658,,1.658
1786367364.206,S1,search,253,obs,0.9438,3.0176,4.735,107.3,6.899,4.735,4.735
1786367364.206,S2,recommend,0,prior,0.0,,,,0.975,,0.975
1786367364.206,S2,reserve,0,prior,0.0,,,,1.332,,1.332
1786367364.206,S2,search,0,prior,0.0,,,,4.287,,4.287
1786367364.206,S3,recommend,669,obs,0.9375,0.5136,0.786,124.9,1.0,0.786,0.786
1786367364.206,S3,reserve,333,obs,0.9375,0.8911,1.195,122.4,1.348,1.195,1.195
1786367364.206,S3,search,250,obs,0.9325,3.1254,3.651,133.1,4.019,3.651,3.651
1786367365.206,S1,recommend,0,prior,0.0,,,,1.24,,1.24
1786367365.206,S1,reserve,0,prior,0.0,,,,1.658,,1.658
1786367365.206,S1,search,254,obs,0.9487,2.9763,4.741,102.3,6.899,4.741,4.741
1786367365.206,S2,recommend,0,prior,0.0,,,,0.975,,0.975
1786367365.206,S2,reserve,0,prior,0.0,,,,1.332,,1.332
1786367365.206,S2,search,0,prior,0.0,,,,4.287,,4.287
1786367365.206,S3,recommend,670,obs,0.9379,0.5095,0.801,122.3,1.0,0.801,0.801
1786367365.206,S3,reserve,332,obs,0.9316,0.8778,1.204,132.3,1.348,1.204,1.204
1786367365.206,S3,search,250,obs,0.9325,3.1186,3.657,128.2,4.019,3.657,3.657
1786367366.206,S1,recommend,0,prior,0.0,,,,1.24,,1.24
1786367366.206,S1,reserve,0,prior,0.0,,,,1.658,,1.658
1786367366.206,S1,search,255,obs,0.9487,3.0233,5.028,102.3,6.899,5.028,5.028
1786367366.206,S2,recommend,0,prior,0.0,,,,0.975,,0.975
1786367366.206,S2,reserve,0,prior,0.0,,,,1.332,,1.332
1786367366.206,S2,search,0,prior,0.0,,,,4.287,,4.287
1786367366.206,S3,recommend,666,obs,0.9384,0.5089,0.751,120.6,1.0,0.751,0.751
1786367366.206,S3,reserve,334,obs,0.9316,0.8628,1.069,127.3,1.348,1.069,1.069
1786367366.206,S3,search,252,obs,0.9374,3.1287,3.692,123.1,4.019,3.692,3.692
1786367367.206,S1,recommend,0,prior,0.0,,,,1.24,,1.24
1786367367.206,S1,reserve,0,prior,0.0,,,,1.658,,1.658
1786367367.206,S1,search,252,obs,0.945,3.0025,5.042,104.8,6.899,5.042,5.042
1786367367.206,S2,recommend,0,prior,0.0,,,,0.975,,0.975
1786367367.206,S2,reserve,0,prior,0.0,,,,1.332,,1.332
1786367367.206,S2,search,0,prior,0.0,,,,4.287,,4.287
1786367367.206,S3,recommend,668,obs,0.9396,0.5326,0.775,120.6,1.0,0.775,0.775
1786367367.206,S3,reserve,337,obs,0.9375,0.9104,1.121,122.4,1.348,1.121,1.121
1786367367.206,S3,search,250,obs,0.9375,3.1768,3.653,123.1,4.019,3.653,3.653
1786367368.207,S1,recommend,0,prior,0.0,,,,1.24,,1.24
1786367368.207,S1,reserve,0,prior,0.0,,,,1.658,,1.658
1786367368.207,S1,search,254,obs,0.9488,2.9881,5.001,99.8,6.899,5.001,5.001
1786367368.207,S2,recommend,0,prior,0.0,,,,0.975,,0.975
1786367368.207,S2,reserve,0,prior,0.0,,,,1.332,,1.332
1786367368.207,S2,search,0,prior,0.0,,,,4.287,,4.287
1786367368.207,S3,recommend,670,obs,0.9392,0.5431,0.823,119.8,1.0,0.823,0.823
1786367368.207,S3,reserve,335,obs,0.9413,0.9129,1.159,117.3,1.348,1.159,1.159
1786367368.207,S3,search,250,obs,0.9337,3.1665,3.653,125.6,4.019,3.653,3.653
1786367369.206,S1,recommend,0,prior,0.0,,,,1.24,,1.24
1786367369.206,S1,reserve,0,prior,0.0,,,,1.658,,1.658
1786367369.206,S1,search,253,obs,0.9458,4.0753,7.827,100.6,6.899,7.827,7.827
1786367369.206,S2,recommend,0,prior,0.0,,,,0.975,,0.975
1786367369.206,S2,reserve,0,prior,0.0,,,,1.332,,1.332
1786367369.206,S2,search,0,prior,0.0,,,,4.287,,4.287
1786367369.206,S3,recommend,667,obs,0.9408,0.5291,0.818,118.1,1.0,0.818,0.818
1786367369.206,S3,reserve,335,obs,0.9412,0.8726,1.144,115.6,1.348,1.144,1.144
1786367369.206,S3,search,251,obs,0.9375,3.1219,3.669,120.7,4.019,3.669,3.669
1786367370.206,S1,recommend,0,prior,0.0,,,,1.24,,1.24
1786367370.206,S1,reserve,0,prior,0.0,,,,1.658,,1.658
1786367370.206,S1,search,255,obs,0.9487,4.0247,6.733,99.8,6.899,6.733,6.733
1786367370.206,S2,recommend,0,prior,0.0,,,,0.975,,0.975
1786367370.206,S2,reserve,0,prior,0.0,,,,1.332,,1.332
1786367370.206,S2,search,0,prior,0.0,,,,4.287,,4.287
1786367370.206,S3,recommend,671,obs,0.9412,0.5262,0.803,117.4,1.0,0.803,0.803
1786367370.206,S3,reserve,334,obs,0.9391,0.9063,1.216,114.8,1.348,1.216,1.216
1786367370.206,S3,search,251,obs,0.9325,3.165,3.825,125.6,4.019,3.825,3.825
1786367371.206,S1,recommend,0,prior,0.0,,,,1.24,,1.24
1786367371.206,S1,reserve,0,prior,0.0,,,,1.658,,1.658
1786367371.206,S1,search,254,obs,0.9487,3.0611,4.635,99.8,6.899,4.635,4.635
1786367371.206,S2,recommend,0,prior,0.0,,,,0.975,,0.975
1786367371.206,S2,reserve,0,prior,0.0,,,,1.332,,1.332
1786367371.206,S2,search,0,prior,0.0,,,,4.287,,4.287
1786367371.206,S3,recommend,669,obs,0.9417,0.5239,0.799,114.8,1.0,0.799,0.799
1786367371.206,S3,reserve,337,obs,0.9375,0.9261,1.274,124.8,1.348,1.274,1.274
1786367371.206,S3,search,251,obs,0.9375,3.1803,3.902,120.6,4.019,3.902,3.902
1786367372.206,S1,recommend,0,prior,0.0,,,,1.24,,1.24
1786367372.206,S1,reserve,0,prior,0.0,,,,1.658,,1.658
1786367372.206,S1,search,254,obs,0.9525,3.1247,5.465,94.8,6.899,5.465,5.465
1786367372.206,S2,recommend,0,prior,0.0,,,,0.975,,0.975
1786367372.206,S2,reserve,0,prior,0.0,,,,1.332,,1.332
1786367372.206,S2,search,0,prior,0.0,,,,4.287,,4.287
1786367372.206,S3,recommend,672,obs,0.9421,0.5226,0.757,113.1,1.0,0.757,0.757
1786367372.206,S3,reserve,336,obs,0.9392,0.885,1.169,119.8,1.348,1.169,1.169
1786367372.206,S3,search,251,obs,0.94,3.1322,3.787,115.6,4.019,3.787,3.787
1786367373.206,S1,recommend,0,prior,0.0,,,,1.24,,1.24
1786367373.206,S1,reserve,0,prior,0.0,,,,1.658,,1.658
1786367373.206,S1,search,255,obs,0.9512,3.0363,4.871,92.3,6.899,4.871,4.871
1786367373.206,S2,recommend,0,prior,0.0,,,,0.975,,0.975
1786367373.206,S2,reserve,0,prior,0.0,,,,1.332,,1.332
1786367373.206,S2,search,0,prior,0.0,,,,4.287,,4.287
1786367373.206,S3,recommend,672,obs,0.9433,0.5158,0.744,113.1,1.0,0.744,0.744
1786367373.206,S3,reserve,335,obs,0.9412,0.8686,1.136,114.8,1.348,1.136,1.136
1786367373.206,S3,search,252,obs,0.9413,3.1107,3.662,115.6,4.019,3.662,3.662
1786367374.206,S1,recommend,0,prior,0.0,,,,1.24,,1.24
1786367374.206,S1,reserve,0,prior,0.0,,,,1.658,,1.658
1786367374.206,S1,search,255,obs,0.9537,3.0167,4.637,92.4,6.899,4.637,4.637
1786367374.206,S2,recommend,0,prior,0.0,,,,0.975,,0.975
1786367374.206,S2,reserve,0,prior,0.0,,,,1.332,,1.332
1786367374.206,S2,search,0,prior,0.0,,,,4.287,,4.287
1786367374.206,S3,recommend,673,obs,0.9429,0.5094,0.73,112.3,1.0,0.73,0.73
1786367374.206,S3,reserve,336,obs,0.9429,0.8738,1.107,109.8,1.348,1.107,1.107
1786367374.206,S3,search,251,obs,0.9375,3.1039,3.63,118.1,4.019,3.63,3.63
1786367375.206,S1,recommend,0,prior,0.0,,,,1.24,,1.24
1786367375.206,S1,reserve,0,prior,0.0,,,,1.658,,1.658
1786367375.206,S1,search,257,obs,0.9562,3.0386,4.615,87.3,6.899,4.615,4.615
1786367375.206,S2,recommend,0,prior,0.0,,,,0.975,,0.975
1786367375.206,S2,reserve,0,prior,0.0,,,,1.332,,1.332
1786367375.206,S2,search,0,prior,0.0,,,,4.287,,4.287
1786367375.206,S3,recommend,670,obs,0.9434,0.5149,0.734,110.6,1.0,0.734,0.734
1786367375.206,S3,reserve,337,obs,0.9412,0.8778,1.136,108.2,1.348,1.136,1.136
1786367375.206,S3,search,253,obs,0.9425,3.1189,3.596,113.1,4.019,3.596,3.596
1786367376.207,S1,recommend,0,prior,0.0,,,,1.24,,1.24
1786367376.207,S1,reserve,0,prior,0.0,,,,1.658,,1.658
1786367376.207,S1,search,254,obs,0.9525,3.0049,4.741,90.4,6.899,4.741,4.741
1786367376.207,S2,recommend,0,prior,0.0,,,,0.975,,0.975
1786367376.207,S2,reserve,0,prior,0.0,,,,1.332,,1.332
1786367376.207,S2,search,0,prior,0.0,,,,4.287,,4.287
1786367376.207,S3,recommend,672,obs,0.9429,0.5126,0.73,110.4,1.0,0.73,0.73
1786367376.207,S3,reserve,339,obs,0.945,0.8817,1.123,107.9,1.348,1.123,1.123
1786367376.207,S3,search,251,obs,0.94,3.1487,3.793,118.6,4.019,3.793,3.793
1786367377.206,S1,recommend,0,prior,0.0,,,,1.24,,1.24
1786367377.206,S1,reserve,0,prior,0.0,,,,1.658,,1.658
1786367377.206,S1,search,255,obs,0.9562,2.966,4.638,84.9,6.899,4.638,4.638
1786367377.206,S2,recommend,0,prior,0.0,,,,0.975,,0.975
1786367377.206,S2,reserve,0,prior,0.0,,,,1.332,,1.332
1786367377.206,S2,search,0,prior,0.0,,,,4.287,,4.287
1786367377.206,S3,recommend,675,obs,0.9454,0.5246,0.803,107.3,1.0,0.803,0.803
1786367377.206,S3,reserve,336,obs,0.9471,0.9681,1.283,105.6,1.348,1.283,1.283
1786367377.206,S3,search,252,obs,0.94,3.1943,3.867,113.1,4.019,3.867,3.867
1786367378.207,S1,recommend,0,prior,0.0,,,,1.24,,1.24
1786367378.207,S1,reserve,0,prior,0.0,,,,1.658,,1.658
1786367378.207,S1,search,255,obs,0.9513,3.0228,4.86,90.2,6.899,4.86,4.86
1786367378.207,S2,recommend,0,prior,0.0,,,,0.975,,0.975
1786367378.207,S2,reserve,0,prior,0.0,,,,1.332,,1.332
1786367378.207,S2,search,0,prior,0.0,,,,4.287,,4.287
1786367378.207,S3,recommend,674,obs,0.9458,0.5282,0.785,106.1,1.0,0.785,0.785
1786367378.207,S3,reserve,336,obs,0.9429,0.9686,1.293,112.8,1.348,1.293,1.293
1786367378.207,S3,search,253,obs,0.9438,3.1761,3.676,108.4,4.019,3.676,3.676
1786367379.207,S1,recommend,0,prior,0.0,,,,1.24,,1.24
1786367379.207,S1,reserve,0,prior,0.0,,,,1.658,,1.658
1786367379.207,S1,search,255,obs,0.9537,4.4596,8.245,90.4,6.899,8.245,8.245
1786367379.207,S2,recommend,0,prior,0.0,,,,0.975,,0.975
1786367379.207,S2,reserve,0,prior,0.0,,,,1.332,,1.332
1786367379.207,S2,search,0,prior,0.0,,,,4.287,,4.287
1786367379.207,S3,recommend,667,obs,0.9462,0.521,0.784,106.2,1.0,0.784,0.784
1786367379.207,S3,reserve,335,obs,0.9412,0.8887,1.153,111.2,1.348,1.153,1.153
1786367379.207,S3,search,253,obs,0.9412,3.132,3.689,108.7,4.019,3.689,3.689
1786367380.207,S1,recommend,0,prior,0.0,,,,1.24,,1.24
1786367380.207,S1,reserve,0,prior,0.0,,,,1.658,,1.658
1786367380.207,S1,search,257,obs,0.9562,4.5146,8.853,85.2,6.899,8.853,8.853
1786367380.207,S2,recommend,0,prior,0.0,,,,0.975,,0.975
1786367380.207,S2,reserve,0,prior,0.0,,,,1.332,,1.332
1786367380.207,S2,search,0,prior,0.0,,,,4.287,,4.287
1786367380.207,S3,recommend,672,obs,0.9466,0.5269,0.803,105.2,1.0,0.803,0.803
1786367380.207,S3,reserve,339,obs,0.9412,0.8783,1.049,106.0,1.348,1.049,1.049
1786367380.207,S3,search,252,obs,0.9425,3.1316,3.632,111.0,4.019,3.632,3.632
1786367381.206,S1,recommend,0,prior,0.0,,,,1.24,,1.24
1786367381.206,S1,reserve,0,prior,0.0,,,,1.658,,1.658
1786367381.206,S1,search,255,obs,0.9563,3.0609,5.255,87.3,6.899,5.255,5.255
1786367381.206,S2,recommend,0,prior,0.0,,,,0.975,,0.975
1786367381.206,S2,reserve,0,prior,0.0,,,,1.332,,1.332
1786367381.206,S2,search,0,prior,0.0,,,,4.287,,4.287
1786367381.206,S3,recommend,676,obs,0.9471,0.5255,0.786,103.0,1.0,0.786,0.786
1786367381.206,S3,reserve,338,obs,0.9466,0.8776,1.104,104.8,1.348,1.104,1.104
1786367381.206,S3,search,252,obs,0.945,3.1157,3.632,105.6,4.019,3.632,3.632
1786367382.206,S1,recommend,0,prior,0.0,,,,1.24,,1.24
1786367382.206,S1,reserve,0,prior,0.0,,,,1.658,,1.658
1786367382.206,S1,search,256,obs,0.9562,3.0652,5.736,82.3,6.899,5.736,5.736
1786367382.206,S2,recommend,0,prior,0.0,,,,0.975,,0.975
1786367382.206,S2,reserve,0,prior,0.0,,,,1.332,,1.332
1786367382.206,S2,search,0,prior,0.0,,,,4.287,,4.287
1786367382.206,S3,recommend,677,obs,0.9487,0.5171,0.772,102.3,1.0,0.772,0.772
1786367382.206,S3,reserve,337,obs,0.9487,0.8725,1.113,99.8,1.348,1.113,1.113
1786367382.206,S3,search,253,obs,0.9438,3.12,3.659,110.6,4.019,3.659,3.659
1786367383.206,S1,recommend,0,prior,0.0,,,,1.24,,1.24
1786367383.206,S1,reserve,0,prior,0.0,,,,1.658,,1.658
1786367383.206,S1,search,257,obs,0.9612,3.0512,5.21,77.4,6.899,5.21,5.21
1786367383.206,S2,recommend,0,prior,0.0,,,,0.975,,0.975
1786367383.206,S2,reserve,0,prior,0.0,,,,1.332,,1.332
1786367383.206,S2,search,0,prior,0.0,,,,4.287,,4.287
1786367383.206,S3,recommend,678,obs,0.9491,0.5075,0.754,99.8,1.0,0.754,0.754
1786367383.206,S3,reserve,337,obs,0.9487,0.8672,1.07,98.2,1.348,1.07,1.07
1786367383.206,S3,search,253,obs,0.9438,3.128,3.642,105.6,4.019,3.642,3.642
1786367384.206,S1,recommend,0,prior,0.0,,,,1.24,,1.24
1786367384.206,S1,reserve,0,prior,0.0,,,,1.658,,1.658
1786367384.206,S1,search,258,obs,0.9588,3.0376,4.891,82.3,6.899,4.891,4.891
1786367384.206,S2,recommend,0,prior,0.0,,,,0.975,,0.975
1786367384.206,S2,reserve,0,prior,0.0,,,,1.332,,1.332
1786367384.206,S2,search,0,prior,0.0,,,,4.287,,4.287
1786367384.206,S3,recommend,674,obs,0.9496,0.5143,0.768,98.1,1.0,0.768,0.768
1786367384.206,S3,reserve,338,obs,0.9429,0.8732,1.063,104.8,1.348,1.063,1.063
1786367384.206,S3,search,255,obs,0.9487,3.133,3.641,100.6,4.019,3.641,3.641
1786367385.207,S1,recommend,0,prior,0.0,,,,1.24,,1.24
1786367385.207,S1,reserve,0,prior,0.0,,,,1.658,,1.658
1786367385.207,S1,search,256,obs,0.9587,2.953,4.805,77.8,6.899,4.805,4.805
1786367385.207,S2,recommend,0,prior,0.0,,,,0.975,,0.975
1786367385.207,S2,reserve,0,prior,0.0,,,,1.332,,1.332
1786367385.207,S2,search,0,prior,0.0,,,,4.287,,4.287
1786367385.207,S3,recommend,675,obs,0.9487,0.51,0.746,98.6,1.0,0.746,0.746
1786367385.207,S3,reserve,341,obs,0.9487,0.8872,1.098,100.3,1.348,1.098,1.098
1786367385.207,S3,search,253,obs,0.9487,3.1472,3.753,101.1,4.019,3.753,3.753
1786367386.206,S1,recommend,0,prior,0.0,,,,1.24,,1.24
1786367386.206,S1,reserve,0,prior,0.0,,,,1.658,,1.658
1786367386.206,S1,search,256,obs,0.96,2.9903,5.062,77.4,6.899,5.062,5.062
1786367386.206,S2,recommend,0,prior,0.0,,,,0.975,,0.975
1786367386.206,S2,reserve,0,prior,0.0,,,,1.332,,1.332
1786367386.206,S2,search,0,prior,0.0,,,,4.287,,4.287
1786367386.206,S3,recommend,679,obs,0.9512,0.5132,0.753,95.7,1.0,0.753,0.753
1786367386.206,S3,reserve,339,obs,0.9525,0.885,1.028,94.9,1.348,1.028,1.028
1786367386.206,S3,search,253,obs,0.945,3.1298,3.66,103.1,4.019,3.66,3.66
1786367387.207,S1,recommend,0,prior,0.0,,,,1.24,,1.24
1786367387.207,S1,reserve,0,prior,0.0,,,,1.658,,1.658
1786367387.207,S1,search,256,obs,0.9563,3.0398,5.103,79.9,6.899,5.103,5.103
1786367387.207,S2,recommend,0,prior,0.0,,,,0.975,,0.975
1786367387.207,S2,reserve,0,prior,0.0,,,,1.332,,1.332
1786367387.207,S2,search,0,prior,0.0,,,,4.287,,4.287
1786367387.207,S3,recommend,679,obs,0.9521,0.5817,0.879,95.7,1.0,0.879,0.879
1786367387.207,S3,reserve,338,obs,0.9503,0.9097,1.193,97.4,1.348,1.193,1.193
1786367387.207,S3,search,254,obs,0.9487,3.1985,3.736,98.2,4.019,3.736,3.736
1786367388.207,S1,recommend,0,prior,0.0,,,,1.24,,1.24
1786367388.207,S1,reserve,0,prior,0.0,,,,1.658,,1.658
1786367388.207,S1,search,258,obs,0.9612,2.9893,4.675,75.5,6.899,4.675,4.675
1786367388.207,S2,recommend,0,prior,0.0,,,,0.975,,0.975
1786367388.207,S2,reserve,0,prior,0.0,,,,1.332,,1.332
1786367388.207,S2,search,0,prior,0.0,,,,4.287,,4.287
1786367388.207,S3,recommend,678,obs,0.9517,0.5751,0.848,95.5,1.0,0.848,0.848
1786367388.207,S3,reserve,338,obs,0.9504,0.9073,1.195,93.0,1.348,1.195,1.195
1786367388.207,S3,search,254,obs,0.9438,3.2064,3.749,103.7,4.019,3.749,3.749
1786367389.206,S1,recommend,0,prior,0.0,,,,1.24,,1.24
1786367389.206,S1,reserve,0,prior,0.0,,,,1.658,,1.658
1786367389.206,S1,search,256,obs,0.9606,4.1282,6.528,76.2,6.899,6.528,6.528
1786367389.206,S2,recommend,0,prior,0.0,,,,0.975,,0.975
1786367389.206,S2,reserve,0,prior,0.0,,,,1.332,,1.332
1786367389.206,S2,search,0,prior,0.0,,,,4.287,,4.287
1786367389.206,S3,recommend,675,obs,0.9525,0.5103,0.778,93.1,1.0,0.778,0.778
1786367389.206,S3,reserve,340,obs,0.9511,0.8764,1.135,97.7,1.348,1.135,1.135
1786367389.206,S3,search,255,obs,0.95,3.1162,3.668,95.7,4.019,3.668,3.668
1786367390.207,S1,recommend,0,prior,0.0,,,,1.24,,1.24
1786367390.207,S1,reserve,0,prior,0.0,,,,1.658,,1.658
1786367390.207,S1,search,256,obs,0.9588,4.1755,6.915,75.2,6.899,6.915,6.915
1786367390.207,S2,recommend,0,prior,0.0,,,,0.975,,0.975
1786367390.207,S2,reserve,0,prior,0.0,,,,1.332,,1.332
1786367390.207,S2,search,0,prior,0.0,,,,4.287,,4.287
1786367390.207,S3,recommend,679,obs,0.9525,0.5121,0.755,92.7,1.0,0.755,0.755
1786367390.207,S3,reserve,342,obs,0.9541,0.8728,1.11,90.2,1.348,1.11,1.11
1786367390.207,S3,search,253,obs,0.9487,3.1074,3.578,98.5,4.019,3.578,3.578
1786367391.207,S1,recommend,0,prior,0.0,,,,1.24,,1.24
1786367391.207,S1,reserve,0,prior,0.0,,,,1.658,,1.658
1786367391.207,S1,search,258,obs,0.9625,3.0378,5.645,70.4,6.899,5.645,5.645
1786367391.207,S2,recommend,0,prior,0.0,,,,0.975,,0.975
1786367391.207,S2,reserve,0,prior,0.0,,,,1.332,,1.332
1786367391.207,S2,search,0,prior,0.0,,,,4.287,,4.287
1786367391.207,S3,recommend,681,obs,0.9529,0.5029,0.747,90.3,1.0,0.747,0.747
1786367391.207,S3,reserve,337,obs,0.9488,0.8682,1.077,100.3,1.348,1.077,1.077
1786367391.207,S3,search,255,obs,0.9513,3.1069,3.63,96.1,4.019,3.63,3.63
1786367392.206,S1,recommend,0,prior,0.0,,,,1.24,,1.24
1786367392.206,S1,reserve,0,prior,0.0,,,,1.658,,1.658
1786367392.206,S1,search,258,obs,0.965,3.0789,5.015,69.9,6.899,5.015,5.015
1786367392.206,S2,recommend,0,prior,0.0,,,,0.975,,0.975
1786367392.206,S2,reserve,0,prior,0.0,,,,1.332,,1.332
1786367392.206,S2,search,0,prior,0.0,,,,4.287,,4.287
1786367392.206,S3,recommend,682,obs,0.955,0.5004,0.738,88.1,1.0,0.738,0.738
1786367392.206,S3,reserve,338,obs,0.9504,0.8627,1.017,94.8,1.348,1.017,1.017
1786367392.206,S3,search,255,obs,0.9513,3.1065,3.734,90.6,4.019,3.734,3.734
1786367393.207,S1,recommend,0,prior,0.0,,,,1.24,,1.24
1786367393.207,S1,reserve,0,prior,0.0,,,,1.658,,1.658
1786367393.207,S1,search,258,obs,0.9612,3.0226,4.814,73.2,6.899,4.814,4.814
1786367393.207,S2,recommend,0,prior,0.0,,,,0.975,,0.975
1786367393.207,S2,reserve,0,prior,0.0,,,,1.332,,1.332
1786367393.207,S2,search,0,prior,0.0,,,,4.287,,4.287
1786367393.207,S3,recommend,678,obs,0.9546,0.5094,0.777,89.0,1.0,0.777,0.777
1786367393.207,S3,reserve,340,obs,0.9504,0.8936,1.213,90.7,1.348,1.213,1.213
1786367393.207,S3,search,256,obs,0.9537,3.1372,3.812,91.5,4.019,3.812,3.812
1786367394.206,S1,recommend,0,prior,0.0,,,,1.24,,1.24
1786367394.206,S1,reserve,0,prior,0.0,,,,1.658,,1.658
1786367394.206,S1,search,257,obs,0.9637,3.0099,4.949,67.4,6.899,4.949,4.949
1786367394.206,S2,recommend,0,prior,0.0,,,,0.975,,0.975
1786367394.206,S2,reserve,0,prior,0.0,,,,1.332,,1.332
1786367394.206,S2,search,0,prior,0.0,,,,4.287,,4.287
1786367394.206,S3,recommend,679,obs,0.9562,0.5158,0.792,87.4,1.0,0.792,0.792
1786367394.206,S3,reserve,344,obs,0.9546,0.8887,1.212,88.1,1.348,1.212,1.212
1786367394.206,S3,search,254,obs,0.9525,3.1437,3.821,93.2,4.019,3.821,3.821
1786367395.206,S1,recommend,0,prior,0.0,,,,1.24,,1.24
1786367395.206,S1,reserve,0,prior,0.0,,,,1.658,,1.658
1786367395.206,S1,search,257,obs,0.9625,2.9868,5.292,72.4,6.899,5.292,5.292
1786367395.206,S2,recommend,0,prior,0.0,,,,0.975,,0.975
1786367395.206,S2,reserve,0,prior,0.0,,,,1.332,,1.332
1786367395.206,S2,search,0,prior,0.0,,,,4.287,,4.287
1786367395.206,S3,recommend,683,obs,0.9563,0.5132,0.77,85.6,1.0,0.77,0.77
1786367395.206,S3,reserve,341,obs,0.9562,0.8772,1.112,87.4,1.348,1.112,1.112
1786367395.206,S3,search,254,obs,0.9525,3.1306,3.759,88.2,4.019,3.759,3.759
1786367396.207,S1,recommend,0,prior,0.0,,,,1.24,,1.24
1786367396.207,S1,reserve,0,prior,0.0,,,,1.658,,1.658
1786367396.207,S1,search,258,obs,0.9625,2.9809,4.885,68.2,6.899,4.885,4.885
1786367396.207,S2,recommend,0,prior,0.0,,,,0.975,,0.975
1786367396.207,S2,reserve,0,prior,0.0,,,,1.332,,1.332
1786367396.207,S2,search,0,prior,0.0,,,,4.287,,4.287
1786367396.207,S3,recommend,683,obs,0.9562,0.5228,0.758,85.7,1.0,0.758,0.758
1786367396.207,S3,reserve,339,obs,0.9563,0.8778,1.152,86.5,1.348,1.152,1.152
1786367396.207,S3,search,255,obs,0.9513,3.1404,3.756,93.9,4.019,3.756,3.756
1786367397.206,S1,recommend,0,prior,0.0,,,,1.24,,1.24
1786367397.206,S1,reserve,0,prior,0.0,,,,1.658,,1.658
1786367397.206,S1,search,260,obs,0.9675,3.0024,4.952,62.4,6.899,4.952,4.952
1786367397.206,S2,recommend,0,prior,0.0,,,,0.975,,0.975
1786367397.206,S2,reserve,0,prior,0.0,,,,1.332,,1.332
1786367397.206,S2,search,0,prior,0.0,,,,4.287,,4.287
1786367397.206,S3,recommend,684,obs,0.9587,0.5432,0.786,82.4,1.0,0.786,0.786
1786367397.206,S3,reserve,338,obs,0.9504,0.9859,1.194,92.4,1.348,1.194,1.194
1786367397.206,S3,search,256,obs,0.9513,3.2436,3.802,88.0,4.019,3.802,3.802
1786367398.207,S1,recommend,0,prior,0.0,,,,1.24,,1.24
1786367398.207,S1,reserve,0,prior,0.0,,,,1.658,,1.658
1786367398.207,S1,search,260,obs,0.9675,3.0064,4.991,62.7,6.899,4.991,4.991
1786367398.207,S2,recommend,0,prior,0.0,,,,0.975,,0.975
1786367398.207,S2,reserve,0,prior,0.0,,,,1.332,,1.332
1786367398.207,S2,search,0,prior,0.0,,,,4.287,,4.287
1786367398.207,S3,recommend,678,obs,0.9579,0.5352,0.777,82.7,1.0,0.777,0.777
1786367398.207,S3,reserve,342,obs,0.9504,0.9832,1.147,87.7,1.348,1.147,1.147
1786367398.207,S3,search,256,obs,0.9537,3.2433,3.72,88.4,4.019,3.72,3.72
1786367399.207,S1,recommend,0,prior,0.0,,,,1.24,,1.24
1786367399.207,S1,reserve,0,prior,0.0,,,,1.658,,1.658
1786367399.207,S1,search,257,obs,0.9637,3.8747,6.405,65.3,6.899,6.405,6.405
1786367399.207,S2,recommend,0,prior,0.0,,,,0.975,,0.975
1786367399.207,S2,reserve,0,prior,0.0,,,,1.332,,1.332
1786367399.207,S2,search,0,prior,0.0,,,,4.287,,4.287
1786367399.207,S3,recommend,682,obs,0.9583,0.5093,0.725,81.1,1.0,0.725,0.725
1786367399.207,S3,reserve,343,obs,0.9579,0.8775,1.145,82.8,1.348,1.145,1.145
1786367399.207,S3,search,255,obs,0.9562,3.1421,3.682,83.6,4.019,3.682,3.682
1786367400.207,S1,recommend,0,prior,0.0,,,,1.24,,1.24
1786367400.207,S1,reserve,0,prior,0.0,,,,1.658,,1.658
1786367400.207,S1,search,259,obs,0.9678,3.9328,6.103,59.2,6.899,6.103,6.103
1786367400.207,S2,recommend,0,prior,0.0,,,,0.975,,0.975
1786367400.207,S2,reserve,0,prior,0.0,,,,1.332,,1.332
1786367400.207,S2,search,0,prior,0.0,,,,4.287,,4.287
1786367400.207,S3,recommend,685,obs,0.96,0.5235,0.759,79.8,1.0,0.759,0.759
1786367400.207,S3,reserve,340,obs,0.9584,0.8779,1.173,80.7,1.348,1.173,1.173
1786367400.207,S3,search,256,obs,0.9563,3.137,3.692,85.7,4.019,3.692,3.692
1786367401.207,S1,recommend,0,prior,0.0,,,,1.24,,1.24
1786367401.207,S1,reserve,0,prior,0.0,,,,1.658,,1.658
1786367401.207,S1,search,258,obs,0.9625,3.1918,5.355,65.4,6.899,5.355,5.355
1786367401.207,S2,recommend,0,prior,0.0,,,,0.975,,0.975
1786367401.207,S2,reserve,0,prior,0.0,,,,1.332,,1.332
1786367401.207,S2,search,0,prior,0.0,,,,4.287,,4.287
1786367401.207,S3,recommend,684,obs,0.9594,0.5365,0.856,79.9,1.0,0.856,0.856
1786367401.207,S3,reserve,340,obs,0.9576,0.9093,1.225,80.4,1.348,1.225,1.225
1786367401.207,S3,search,256,obs,0.9562,3.1681,3.839,81.2,4.019,3.839,3.839
1786367402.207,S1,recommend,0,prior,0.0,,,,1.24,,1.24
1786367402.207,S1,reserve,0,prior,0.0,,,,1.658,,1.658
1786367402.207,S1,search,370,obs,0.9573,19.0595,46.48,85.3,6.899,46.48,46.48
1786367402.207,S2,recommend,0,prior,0.0,,,,0.975,,0.975
1786367402.207,S2,reserve,0,prior,0.0,,,,1.332,,1.332
1786367402.207,S2,search,0,prior,0.0,,,,4.287,,4.287
1786367402.207,S3,recommend,671,obs,0.9594,0.513,0.76,78.6,1.0,0.76,0.76
1786367402.207,S3,reserve,340,obs,0.9558,0.8603,1.225,79.0,1.348,1.225,1.225
1786367402.207,S3,search,136,prior_fill,0.5032,3.1952,3.839,991.7,4.019,3.839,4.019
1786367403.207,S1,recommend,0,prior,0.0,,,,1.24,,1.24
1786367403.207,S1,reserve,0,prior,0.0,,,,1.658,,1.658
1786367403.207,S1,search,501,obs,0.9599,31.2003,56.737,75.6,6.899,56.737,56.737
1786367403.207,S2,recommend,0,prior,0.0,,,,0.975,,0.975
1786367403.207,S2,reserve,0,prior,0.0,,,,1.332,,1.332
1786367403.207,S2,search,0,prior,0.0,,,,4.287,,4.287
1786367403.207,S3,recommend,668,obs,0.9611,0.4548,0.598,76.3,1.0,0.598,0.598
1786367403.207,S3,reserve,341,obs,0.9614,0.752,0.931,76.9,1.348,0.931,0.931
1786367403.207,S3,search,2,prior,0.0032,3.2905,3.304,1992.3,4.019,3.839,4.019
1786367404.208,S1,recommend,0,prior,0.0,,,,1.24,,1.24
1786367404.208,S1,reserve,0,prior,0.0,,,,1.658,,1.658
1786367404.208,S1,search,514,obs,0.9623,34.1629,59.761,74.3,6.899,59.761,59.761
1786367404.208,S2,recommend,0,prior,0.0,,,,0.975,,0.975
1786367404.208,S2,reserve,0,prior,0.0,,,,1.332,,1.332
1786367404.208,S2,search,0,prior,0.0,,,,4.287,,4.287
1786367404.208,S3,recommend,677,obs,0.9605,0.4502,0.584,76.3,1.0,0.584,0.584
1786367404.208,S3,reserve,341,obs,0.9529,0.7356,0.968,86.7,1.348,0.968,0.968
1786367404.208,S3,search,0,prior,0.0,,,2992.6,4.019,3.839,4.019
1786367405.207,S1,recommend,0,prior,0.0,,,,1.24,,1.24
1786367405.207,S1,reserve,0,prior,0.0,,,,1.658,,1.658
1786367405.207,S1,search,511,obs,0.9649,33.2975,59.322,66.6,6.899,59.322,59.322
1786367405.207,S2,recommend,0,prior,0.0,,,,0.975,,0.975
1786367405.207,S2,reserve,0,prior,0.0,,,,1.332,,1.332
1786367405.207,S2,search,0,prior,0.0,,,,4.287,,4.287
1786367405.207,S3,recommend,685,obs,0.9625,0.4573,0.594,75.0,1.0,0.594,0.594
1786367405.207,S3,reserve,339,obs,0.9581,0.7537,1.061,77.8,1.348,1.061,1.061
1786367405.207,S3,search,0,prior,0.0,,,3992.6,4.019,3.839,4.019
1786367406.207,S1,recommend,0,prior,0.0,,,,1.24,,1.24
1786367406.207,S1,reserve,0,prior,0.0,,,,1.658,,1.658
1786367406.207,S1,search,515,obs,0.9528,34.2153,59.322,92.7,6.899,59.322,59.322
1786367406.207,S2,recommend,0,prior,0.0,,,,0.975,,0.975
1786367406.207,S2,reserve,0,prior,0.0,,,,1.332,,1.332
1786367406.207,S2,search,0,prior,0.0,,,,4.287,,4.287
1786367406.207,S3,recommend,673,obs,0.9618,0.4462,0.592,73.2,1.0,0.592,0.592
1786367406.207,S3,reserve,342,obs,0.9613,0.7454,0.952,74.4,1.348,0.952,0.952
1786367406.207,S3,search,0,prior,0.0,,,4992.6,4.019,3.839,4.019
1786367407.208,S1,recommend,0,prior,0.0,,,,1.24,,1.24
1786367407.208,S1,reserve,0,prior,0.0,,,,1.658,,1.658
1786367407.208,S1,search,518,obs,0.9604,33.5603,56.103,70.7,6.899,56.103,56.103
1786367407.208,S2,recommend,0,prior,0.0,,,,0.975,,0.975
1786367407.208,S2,reserve,0,prior,0.0,,,,1.332,,1.332
1786367407.208,S2,search,0,prior,0.0,,,,4.287,,4.287
1786367407.208,S3,recommend,682,obs,0.9596,0.5119,0.631,74.1,1.0,0.631,0.631
1786367407.208,S3,reserve,346,obs,0.9619,0.8226,0.986,73.2,1.348,0.986,0.986
1786367407.208,S3,search,0,prior,0.0,,,5992.6,4.019,3.839,4.019
1786367408.207,S1,recommend,0,prior,0.0,,,,1.24,,1.24
1786367408.207,S1,reserve,0,prior,0.0,,,,1.658,,1.658
1786367408.207,S1,search,517,obs,0.9683,33.1177,58.31,59.7,6.899,58.31,58.31
1786367408.207,S2,recommend,0,prior,0.0,,,,0.975,,0.975
1786367408.207,S2,reserve,0,prior,0.0,,,,1.332,,1.332
1786367408.207,S2,search,0,prior,0.0,,,,4.287,,4.287
1786367408.207,S3,recommend,690,obs,0.9602,0.5214,0.631,79.5,1.0,0.631,0.631
1786367408.207,S3,reserve,342,obs,0.962,0.8531,1.027,75.2,1.348,1.027,1.027
1786367408.207,S3,search,0,prior,0.0,,,6992.6,4.019,3.839,4.019
1786367409.207,S1,recommend,0,prior,0.0,,,,1.24,,1.24
1786367409.207,S1,reserve,0,prior,0.0,,,,1.658,,1.658
1786367409.207,S1,search,501,obs,0.9456,36.4127,76.274,67.5,6.899,76.274,76.274
1786367409.207,S2,recommend,0,prior,0.0,,,,0.975,,0.975
1786367409.207,S2,reserve,0,prior,0.0,,,,1.332,,1.332
1786367409.207,S2,search,0,prior,0.0,,,,4.287,,4.287
1786367409.207,S3,recommend,668,obs,0.9644,0.4589,0.592,70.5,1.0,0.592,0.592
1786367409.207,S3,reserve,333,obs,0.9509,0.746,0.901,95.1,1.348,0.901,0.901
1786367409.207,S3,search,0,prior,0.0,,,7992.6,4.019,3.839,4.019
1786367410.207,S1,recommend,0,prior,0.0,,,,1.24,,1.24
1786367410.207,S1,reserve,0,prior,0.0,,,,1.658,,1.658
1786367410.207,S1,search,502,obs,0.9637,37.7858,78.02,59.0,6.899,78.02,78.02
1786367410.207,S2,recommend,0,prior,0.0,,,,0.975,,0.975
1786367410.207,S2,reserve,0,prior,0.0,,,,1.332,,1.332
1786367410.207,S2,search,0,prior,0.0,,,,4.287,,4.287
1786367410.207,S3,recommend,669,obs,0.9646,0.4617,0.595,69.8,1.0,0.595,0.595
1786367410.207,S3,reserve,334,obs,0.9614,0.7266,0.896,71.2,1.348,0.896,0.896
1786367410.207,S3,search,0,prior,0.0,,,8992.6,4.019,3.839,4.019
1786367411.207,S1,recommend,0,prior,0.0,,,,1.24,,1.24
1786367411.207,S1,reserve,0,prior,0.0,,,,1.658,,1.658
1786367411.207,S1,search,510,obs,0.9591,35.5178,62.188,65.8,6.899,62.188,62.188
1786367411.207,S2,recommend,0,prior,0.0,,,,0.975,,0.975
1786367411.207,S2,reserve,0,prior,0.0,,,,1.332,,1.332
1786367411.207,S2,search,0,prior,0.0,,,,4.287,,4.287
1786367411.207,S3,recommend,693,obs,0.9652,0.4677,0.595,67.4,1.0,0.595,0.595
1786367411.207,S3,reserve,347,obs,0.9662,0.7387,0.923,67.6,1.348,0.923,0.923
1786367411.207,S3,search,0,prior,0.0,,,9992.6,4.019,3.839,4.019
1786367412.207,S1,recommend,0,prior,0.0,,,,1.24,,1.24
1786367412.207,S1,reserve,0,prior,0.0,,,,1.658,,1.658
1786367412.207,S1,search,510,obs,0.9697,36.9451,71.995,58.3,6.899,71.995,71.995
1786367412.207,S2,recommend,0,prior,0.0,,,,0.975,,0.975
1786367412.207,S2,reserve,0,prior,0.0,,,,1.332,,1.332
1786367412.207,S2,search,0,prior,0.0,,,,4.287,,4.287
1786367412.207,S3,recommend,684,obs,0.9657,0.4507,0.583,66.0,1.0,0.583,0.583
1786367412.207,S3,reserve,335,obs,0.9582,0.7435,0.929,66.3,1.348,0.929,0.929
1786367412.207,S3,search,0,prior,0.0,,,10992.6,4.019,3.839,4.019
1786367413.207,S1,recommend,0,prior,0.0,,,,1.24,,1.24
1786367413.207,S1,reserve,0,prior,0.0,,,,1.658,,1.658
1786367413.207,S1,search,515,obs,0.9578,36.7786,69.88,67.7,6.899,69.88,69.88
1786367413.207,S2,recommend,0,prior,0.0,,,,0.975,,0.975
1786367413.207,S2,reserve,0,prior,0.0,,,,1.332,,1.332
1786367413.207,S2,search,0,prior,0.0,,,,4.287,,4.287
1786367413.207,S3,recommend,677,obs,0.9661,0.4533,0.607,66.0,1.0,0.607,0.607
1786367413.207,S3,reserve,337,obs,0.9661,0.7501,0.94,64.4,1.348,0.94,0.94
1786367413.207,S3,search,0,prior,0.0,,,11992.6,4.019,3.839,4.019
1786367414.207,S1,recommend,0,prior,0.0,,,,1.24,,1.24
1786367414.207,S1,reserve,0,prior,0.0,,,,1.658,,1.658
1786367414.207,S1,search,513,obs,0.9371,36.5316,66.013,84.0,6.899,66.013,66.013
1786367414.207,S2,recommend,0,prior,0.0,,,,0.975,,0.975
1786367414.207,S2,reserve,0,prior,0.0,,,,1.332,,1.332
1786367414.207,S2,search,0,prior,0.0,,,,4.287,,4.287
1786367414.207,S3,recommend,674,obs,0.9652,0.4673,0.648,68.2,1.0,0.648,0.648
1786367414.207,S3,reserve,343,obs,0.962,0.7493,0.94,70.6,1.348,0.94,0.94
1786367414.207,S3,search,0,prior,0.0,,,12992.6,4.019,3.839,4.019
1786367415.207,S1,recommend,0,prior,0.0,,,,1.24,,1.24
1786367415.207,S1,reserve,0,prior,0.0,,,,1.658,,1.658
1786367415.207,S1,search,515,obs,0.9653,35.3589,67.93,66.9,6.899,67.93,67.93
1786367415.207,S2,recommend,0,prior,0.0,,,,0.975,,0.975
1786367415.207,S2,reserve,0,prior,0.0,,,,1.332,,1.332
1786367415.207,S2,search,0,prior,0.0,,,,4.287,,4.287
1786367415.207,S3,recommend,685,obs,0.9667,0.458,0.607,63.3,1.0,0.607,0.607
1786367415.207,S3,reserve,347,obs,0.964,0.7658,0.958,65.7,1.348,0.958,0.958
1786367415.207,S3,search,0,prior,0.0,,,13992.6,4.019,3.839,4.019
1786367416.207,S1,recommend,0,prior,0.0,,,,1.24,,1.24
1786367416.207,S1,reserve,0,prior,0.0,,,,1.658,,1.658
1786367416.207,S1,search,523,obs,0.9784,35.158,64.548,42.6,6.899,64.548,64.548
1786367416.207,S2,recommend,0,prior,0.0,,,,0.975,,0.975
1786367416.207,S2,reserve,0,prior,0.0,,,,1.332,,1.332
1786367416.207,S2,search,0,prior,0.0,,,,4.287,,4.287
1786367416.207,S3,recommend,688,obs,0.9672,0.4495,0.59,64.5,1.0,0.59,0.59
1786367416.207,S3,reserve,349,obs,0.9674,0.7701,0.947,63.4,1.348,0.947,0.947
1786367416.207,S3,search,0,prior,0.0,,,14992.6,4.019,3.839,4.019
1786367417.208,S1,recommend,0,prior,0.0,,,,1.24,,1.24
1786367417.208,S1,reserve,0,prior,0.0,,,,1.658,,1.658
1786367417.208,S1,search,519,obs,0.9732,36.2132,65.183,46.2,6.899,65.183,65.183
1786367417.208,S2,recommend,0,prior,0.0,,,,0.975,,0.975
1786367417.208,S2,reserve,0,prior,0.0,,,,1.332,,1.332
1786367417.208,S2,search,0,prior,0.0,,,,4.287,,4.287
1786367417.208,S3,recommend,688,obs,0.9693,0.4624,0.601,58.2,1.0,0.601,0.601
1786367417.208,S3,reserve,341,obs,0.9669,0.7506,0.947,65.1,1.348,0.947,0.947
1786367417.208,S3,search,0,prior,0.0,,,15992.6,4.019,3.839,4.019
1786367418.207,S1,recommend,0,prior,0.0,,,,1.24,,1.24
1786367418.207,S1,reserve,0,prior,0.0,,,,1.658,,1.658
1786367418.207,S1,search,518,obs,0.9641,36.1698,64.136,70.1,6.899,64.136,64.136
1786367418.207,S2,recommend,0,prior,0.0,,,,0.975,,0.975
1786367418.207,S2,reserve,0,prior,0.0,,,,1.332,,1.332
1786367418.207,S2,search,0,prior,0.0,,,,4.287,,4.287
1786367418.207,S3,recommend,688,obs,0.9692,0.4576,0.621,60.3,1.0,0.621,0.621
1786367418.207,S3,reserve,344,obs,0.971,0.7452,0.957,57.5,1.348,0.957,0.957
1786367418.207,S3,search,0,prior,0.0,,,16992.6,4.019,3.839,4.019
1786367419.207,S1,recommend,0,prior,0.0,,,,1.24,,1.24
1786367419.207,S1,reserve,0,prior,0.0,,,,1.658,,1.658
1786367419.207,S1,search,519,obs,0.9803,38.0429,69.783,38.2,6.899,69.783,69.783
1786367419.207,S2,recommend,0,prior,0.0,,,,0.975,,0.975
1786367419.207,S2,reserve,0,prior,0.0,,,,1.332,,1.332
1786367419.207,S2,search,0,prior,0.0,,,,4.287,,4.287
1786367419.207,S3,recommend,670,obs,0.9707,0.447,0.597,56.6,1.0,0.597,0.597
1786367419.207,S3,reserve,339,obs,0.9679,0.7304,0.942,59.5,1.348,0.942,0.942
1786367419.207,S3,search,0,prior,0.0,,,17992.6,4.019,3.839,4.019
1786367420.207,S1,recommend,0,prior,0.0,,,,1.24,,1.24
1786367420.207,S1,reserve,0,prior,0.0,,,,1.658,,1.658
1786367420.207,S1,search,507,obs,0.9677,37.9432,71.87,61.0,6.899,71.87,71.87
1786367420.207,S2,recommend,0,prior,0.0,,,,0.975,,0.975
1786367420.207,S2,reserve,0,prior,0.0,,,,1.332,,1.332
1786367420.207,S2,search,0,prior,0.0,,,,4.287,,4.287
1786367420.207,S3,recommend,681,obs,0.9712,0.4624,0.629,56.0,1.0,0.629,0.629
1786367420.207,S3,reserve,339,obs,0.9641,0.7486,0.972,60.1,1.348,0.972,0.972
1786367420.207,S3,search,0,prior,0.0,,,18992.6,4.019,3.839,4.019
1786367421.208,S1,recommend,0,prior,0.0,,,,1.24,,1.24
1786367421.208,S1,reserve,0,prior,0.0,,,,1.658,,1.658
1786367421.208,S1,search,521,obs,0.9771,36.7258,64.296,41.1,6.899,64.296,64.296
1786367421.208,S2,recommend,0,prior,0.0,,,,0.975,,0.975
1786367421.208,S2,reserve,0,prior,0.0,,,,1.332,,1.332
1786367421.208,S2,search,0,prior,0.0,,,,4.287,,4.287
1786367421.208,S3,recommend,684,obs,0.9716,0.4527,0.634,54.6,1.0,0.634,0.634
1786367421.208,S3,reserve,342,obs,0.9679,0.7454,0.972,62.8,1.348,0.972,0.972
1786367421.208,S3,search,0,prior,0.0,,,19992.6,4.019,3.839,4.019
1786367422.207,S1,recommend,0,prior,0.0,,,,1.24,,1.24
1786367422.207,S1,reserve,0,prior,0.0,,,,1.658,,1.658
1786367422.207,S1,search,520,obs,0.9637,36.1669,62.234,57.0,6.899,62.234,62.234
1786367422.207,S2,recommend,0,prior,0.0,,,,0.975,,0.975
1786367422.207,S2,reserve,0,prior,0.0,,,,1.332,,1.332
1786367422.207,S2,search,0,prior,0.0,,,,4.287,,4.287
1786367422.207,S3,recommend,694,obs,0.9712,0.4462,0.595,55.5,1.0,0.595,0.595
1786367422.207,S3,reserve,345,obs,0.965,0.7379,0.967,57.2,1.348,0.967,0.967
1786367422.207,S3,search,0,prior,0.0,,,20992.6,4.019,3.839,4.019
1786367423.207,S1,recommend,0,prior,0.0,,,,1.24,,1.24
1786367423.207,S1,reserve,0,prior,0.0,,,,1.658,,1.658
1786367423.207,S1,search,525,obs,0.9798,35.5253,60.913,36.3,6.899,60.913,60.913
1786367423.207,S2,recommend,0,prior,0.0,,,,0.975,,0.975
1786367423.207,S2,reserve,0,prior,0.0,,,,1.332,,1.332
1786367423.207,S2,search,0,prior,0.0,,,,4.287,,4.287
1786367423.207,S3,recommend,693,obs,0.971,0.4548,0.598,56.9,1.0,0.598,0.598
1786367423.207,S3,reserve,342,obs,0.9612,0.7409,0.945,62.3,1.348,0.945,0.945
1786367423.207,S3,search,0,prior,0.0,,,21992.6,4.019,3.839,4.019
1786367424.207,S1,recommend,0,prior,0.0,,,,1.24,,1.24
1786367424.207,S1,reserve,0,prior,0.0,,,,1.658,,1.658
1786367424.207,S1,search,522,obs,0.9682,35.4351,63.302,53.1,6.899,63.302,63.302
1786367424.207,S2,recommend,0,prior,0.0,,,,0.975,,0.975
1786367424.207,S2,reserve,0,prior,0.0,,,,1.332,,1.332
1786367424.207,S2,search,0,prior,0.0,,,,4.287,,4.287
1786367424.207,S3,recommend,696,obs,0.9727,0.454,0.612,54.0,1.0,0.612,0.612
1786367424.207,S3,reserve,349,obs,0.9701,0.7502,0.97,52.1,1.348,0.97,0.97
1786367424.207,S3,search,0,prior,0.0,,,22992.6,4.019,3.839,4.019
1786367425.207,S1,recommend,0,prior,0.0,,,,1.24,,1.24
1786367425.207,S1,reserve,0,prior,0.0,,,,1.658,,1.658
1786367425.207,S1,search,520,obs,0.9706,34.9571,60.273,45.8,6.899,60.273,60.273
1786367425.207,S2,recommend,0,prior,0.0,,,,0.975,,0.975
1786367425.207,S2,reserve,0,prior,0.0,,,,1.332,,1.332
1786367425.207,S2,search,0,prior,0.0,,,,4.287,,4.287
1786367425.207,S3,recommend,693,obs,0.9715,0.4546,0.634,55.0,1.0,0.634,0.634
1786367425.207,S3,reserve,351,obs,0.974,0.7633,1.008,50.0,1.348,1.008,1.008
1786367425.207,S3,search,0,prior,0.0,,,23992.6,4.019,3.839,4.019
1786367426.207,S1,recommend,0,prior,0.0,,,,1.24,,1.24
1786367426.207,S1,reserve,0,prior,0.0,,,,1.658,,1.658
1786367426.207,S1,search,524,obs,0.975,35.4256,60.643,48.4,6.899,60.643,60.643
1786367426.207,S2,recommend,0,prior,0.0,,,,0.975,,0.975
1786367426.207,S2,reserve,0,prior,0.0,,,,1.332,,1.332
1786367426.207,S2,search,0,prior,0.0,,,,4.287,,4.287
1786367426.207,S3,recommend,694,obs,0.9727,0.458,0.635,48.4,1.0,0.635,0.635
1786367426.207,S3,reserve,346,obs,0.9731,0.7572,0.979,50.3,1.348,0.979,0.979
1786367426.207,S3,search,0,prior,0.0,,,24992.6,4.019,3.839,4.019
1786367427.207,S1,recommend,0,prior,0.0,,,,1.24,,1.24
1786367427.207,S1,reserve,0,prior,0.0,,,,1.658,,1.658
1786367427.207,S1,search,522,obs,0.9693,35.457,63.092,48.9,6.899,63.092,63.092
1786367427.207,S2,recommend,0,prior,0.0,,,,0.975,,0.975
1786367427.207,S2,reserve,0,prior,0.0,,,,1.332,,1.332
1786367427.207,S2,search,0,prior,0.0,,,,4.287,,4.287
1786367427.207,S3,recommend,694,obs,0.975,0.4617,0.633,49.5,1.0,0.633,0.633
1786367427.207,S3,reserve,347,obs,0.9744,0.782,0.993,51.0,1.348,0.993,0.993
1786367427.207,S3,search,0,prior,0.0,,,25992.6,4.019,3.839,4.019
1786367428.208,S1,recommend,0,prior,0.0,,,,1.24,,1.24
1786367428.208,S1,reserve,0,prior,0.0,,,,1.658,,1.658
1786367428.208,S1,search,524,obs,0.9697,35.3965,62.581,56.2,6.899,62.581,62.581
1786367428.208,S2,recommend,0,prior,0.0,,,,0.975,,0.975
1786367428.208,S2,reserve,0,prior,0.0,,,,1.332,,1.332
1786367428.208,S2,search,0,prior,0.0,,,,4.287,,4.287
1786367428.208,S3,recommend,694,obs,0.9752,0.4547,0.578,46.0,1.0,0.578,0.578
1786367428.208,S3,reserve,348,obs,0.9706,0.7757,1.008,53.4,1.348,1.008,1.008
1786367428.208,S3,search,0,prior,0.0,,,26992.6,4.019,3.839,4.019
1786367429.207,S1,recommend,0,prior,0.0,,,,1.24,,1.24
1786367429.207,S1,reserve,0,prior,0.0,,,,1.658,,1.658
1786367429.207,S1,search,510,obs,0.9616,38.3487,71.522,60.9,6.899,71.522,71.522
1786367429.207,S2,recommend,0,prior,0.0,,,,0.975,,0.975
1786367429.207,S2,reserve,0,prior,0.0,,,,1.332,,1.332
1786367429.207,S2,search,0,prior,0.0,,,,4.287,,4.287
1786367429.207,S3,recommend,680,obs,0.9764,0.4447,0.573,44.5,1.0,0.573,0.573
1786367429.207,S3,reserve,340,obs,0.9773,0.7424,0.947,45.0,1.348,0.947,0.947
1786367429.207,S3,search,0,prior,0.0,,,27992.6,4.019,3.839,4.019
1786367430.208,S1,recommend,0,prior,0.0,,,,1.24,,1.24
1786367430.208,S1,reserve,0,prior,0.0,,,,1.658,,1.658
1786367430.208,S1,search,503,obs,0.9523,38.0425,76.775,78.4,6.899,76.775,76.775
1786367430.208,S2,recommend,0,prior,0.0,,,,0.975,,0.975
1786367430.208,S2,reserve,0,prior,0.0,,,,1.332,,1.332
1786367430.208,S2,search,0,prior,0.0,,,,4.287,,4.287
1786367430.208,S3,recommend,684,obs,0.977,0.4551,0.591,43.4,1.0,0.591,0.591
1786367430.208,S3,reserve,342,obs,0.97,0.7524,0.979,50.4,1.348,0.979,0.979
1786367430.208,S3,search,0,prior,0.0,,,28992.6,4.019,3.839,4.019
1786367431.207,S1,recommend,0,prior,0.0,,,,1.24,,1.24
1786367431.207,S1,reserve,0,prior,0.0,,,,1.658,,1.658
1786367431.207,S1,search,527,obs,0.9797,34.9457,67.029,37.8,6.899,67.029,67.029
1786367431.207,S2,recommend,0,prior,0.0,,,,0.975,,0.975
1786367431.207,S2,reserve,0,prior,0.0,,,,1.332,,1.332
1786367431.207,S2,search,0,prior,0.0,,,,4.287,,4.287
1786367431.207,S3,recommend,703,obs,0.9768,0.4762,0.7,42.1,1.0,0.7,0.7
1786367431.207,S3,reserve,351,obs,0.9774,0.7703,0.975,43.0,1.348,0.975,0.975
1786367431.207,S3,search,0,prior,0.0,,,29992.6,4.019,3.839,4.019
1786367432.207,S1,recommend,0,prior,0.0,,,,1.24,,1.24
1786367432.207,S1,reserve,0,prior,0.0,,,,1.658,,1.658
1786367432.207,S1,search,517,obs,0.9621,35.3043,61.662,52.5,6.899,61.662,61.662
1786367432.207,S2,recommend,0,prior,0.0,,,,0.975,,0.975
1786367432.207,S2,reserve,0,prior,0.0,,,,1.332,,1.332
1786367432.207,S2,search,0,prior,0.0,,,,4.287,,4.287
1786367432.207,S3,recommend,701,obs,0.9749,0.4693,0.659,42.5,1.0,0.659,0.659
1786367432.207,S3,reserve,348,obs,0.9735,0.756,0.975,44.0,1.348,0.975,0.975
1786367432.207,S3,search,0,prior,0.0,,,30992.6,4.019,3.839,4.019
1786367433.207,S1,recommend,0,prior,0.0,,,,1.24,,1.24
1786367433.207,S1,reserve,0,prior,0.0,,,,1.658,,1.658
1786367433.207,S1,search,517,obs,0.9696,37.2282,64.299,42.0,6.899,64.299,64.299
1786367433.207,S2,recommend,0,prior,0.0,,,,0.975,,0.975
1786367433.207,S2,reserve,0,prior,0.0,,,,1.332,,1.332
1786367433.207,S2,search,0,prior,0.0,,,,4.287,,4.287
1786367433.207,S3,recommend,685,obs,0.9728,0.4465,0.611,51.4,1.0,0.611,0.611
1786367433.207,S3,reserve,344,obs,0.9718,0.7417,0.983,42.3,1.348,0.983,0.983
1786367433.207,S3,search,0,prior,0.0,,,31992.6,4.019,3.839,4.019
1786367434.206,S1,recommend,0,prior,0.0,,,,1.24,,1.24
1786367434.206,S1,reserve,0,prior,0.0,,,,1.658,,1.658
1786367434.206,S1,search,514,obs,0.9647,37.0698,69.476,33.1,6.899,69.476,69.476
1786367434.206,S2,recommend,0,prior,0.0,,,,0.975,,0.975
1786367434.206,S2,reserve,0,prior,0.0,,,,1.332,,1.332
1786367434.206,S2,search,0,prior,0.0,,,,4.287,,4.287
1786367434.206,S3,recommend,694,obs,0.9762,0.4399,0.591,45.9,1.0,0.591,0.591
1786367434.206,S3,reserve,345,obs,0.9747,0.7355,0.915,39.6,1.348,0.915,0.915
1786367434.206,S3,search,0,prior,0.0,,,32991.7,4.019,3.839,4.019
1786367435.207,S1,recommend,0,prior,0.0,,,,1.24,,1.24
1786367435.207,S1,reserve,0,prior,0.0,,,,1.658,,1.658
1786367435.207,S1,search,515,obs,0.982,37.328,72.096,33.5,6.899,72.096,72.096
1786367435.207,S2,recommend,0,prior,0.0,,,,0.975,,0.975
1786367435.207,S2,reserve,0,prior,0.0,,,,1.332,,1.332
1786367435.207,S2,search,0,prior,0.0,,,,4.287,,4.287
1786367435.207,S3,recommend,691,obs,0.9805,0.4402,0.57,38.8,1.0,0.57,0.57
1786367435.207,S3,reserve,348,obs,0.9778,0.7303,0.898,39.9,1.348,0.898,0.898
1786367435.207,S3,search,0,prior,0.0,,,33991.7,4.019,3.839,4.019
1786367436.207,S1,recommend,0,prior,0.0,,,,1.24,,1.24
1786367436.207,S1,reserve,0,prior,0.0,,,,1.658,,1.658
1786367436.207,S1,search,524,obs,0.9862,36.4078,69.928,23.8,6.899,69.928,69.928
1786367436.207,S2,recommend,0,prior,0.0,,,,0.975,,0.975
1786367436.207,S2,reserve,0,prior,0.0,,,,1.332,,1.332
1786367436.207,S2,search,0,prior,0.0,,,,4.287,,4.287
1786367436.207,S3,recommend,698,obs,0.98,0.5034,0.579,38.1,1.0,0.579,0.579
1786367436.207,S3,reserve,343,obs,0.9663,0.834,0.974,42.6,1.348,0.974,0.974
1786367436.207,S3,search,0,prior,0.0,,,34992.1,4.019,3.839,4.019
1786367437.207,S1,recommend,0,prior,0.0,,,,1.24,,1.24
1786367437.207,S1,reserve,0,prior,0.0,,,,1.658,,1.658
1786367437.207,S1,search,526,obs,0.9769,36.019,61.819,36.8,6.899,61.819,61.819
1786367437.207,S2,recommend,0,prior,0.0,,,,0.975,,0.975
1786367437.207,S2,reserve,0,prior,0.0,,,,1.332,,1.332
1786367437.207,S2,search,0,prior,0.0,,,,4.287,,4.287
1786367437.207,S3,recommend,697,obs,0.9785,0.5045,0.595,36.9,1.0,0.595,0.595
1786367437.207,S3,reserve,346,obs,0.979,0.8512,0.985,36.1,1.348,0.985,0.985
1786367437.207,S3,search,0,prior,0.0,,,35991.7,4.019,3.839,4.019
1786367438.206,S1,recommend,0,prior,0.0,,,,1.24,,1.24
1786367438.206,S1,reserve,0,prior,0.0,,,,1.658,,1.658
1786367438.206,S1,search,524,obs,0.9764,36.3156,64.831,32.8,6.899,64.831,64.831
1786367438.206,S2,recommend,0,prior,0.0,,,,0.975,,0.975
1786367438.206,S2,reserve,0,prior,0.0,,,,1.332,,1.332
1786367438.206,S2,search,0,prior,0.0,,,,4.287,,4.287
1786367438.206,S3,recommend,692,obs,0.9834,0.4509,0.632,32.6,1.0,0.632,0.632
1786367438.206,S3,reserve,350,obs,0.978,0.7638,0.985,33.1,1.348,0.985,0.985
1786367438.206,S3,search,0,prior,0.0,,,36991.7,4.019,3.839,4.019
1786367439.208,S1,recommend,0,prior,0.0,,,,1.24,,1.24
1786367439.208,S1,reserve,0,prior,0.0,,,,1.658,,1.658
1786367439.208,S1,search,515,obs,0.9777,37.7908,74.921,33.6,6.899,74.921,74.921
1786367439.208,S2,recommend,0,prior,0.0,,,,0.975,,0.975
1786367439.208,S2,reserve,0,prior,0.0,,,,1.332,,1.332
1786367439.208,S2,search,0,prior,0.0,,,,4.287,,4.287
1786367439.208,S3,recommend,689,obs,0.9782,0.4547,0.649,43.0,1.0,0.649,0.649
1786367439.208,S3,reserve,346,obs,0.9818,0.7669,0.984,35.8,1.348,0.984,0.984
1786367439.208,S3,search,0,prior,0.0,,,37992.6,4.019,3.839,4.019
1786367440.207,S1,recommend,0,prior,0.0,,,,1.24,,1.24
1786367440.207,S1,reserve,0,prior,0.0,,,,1.658,,1.658
1786367440.207,S1,search,516,obs,0.9704,37.6232,73.006,45.6,6.899,73.006,73.006
1786367440.207,S2,recommend,0,prior,0.0,,,,0.975,,0.975
1786367440.207,S2,reserve,0,prior,0.0,,,,1.332,,1.332
1786367440.207,S2,search,0,prior,0.0,,,,4.287,,4.287
1786367440.207,S3,recommend,691,obs,0.9823,0.4578,0.633,33.5,1.0,0.633,0.633
1786367440.207,S3,reserve,345,obs,0.9841,0.7569,0.983,31.2,1.348,0.983,0.983
1786367440.207,S3,search,0,prior,0.0,,,38992.1,4.019,3.839,4.019
1786367441.207,S1,recommend,0,prior,0.0,,,,1.24,,1.24
1786367441.207,S1,reserve,0,prior,0.0,,,,1.658,,1.658
1786367441.207,S1,search,528,obs,0.981,36.7345,62.669,22.9,6.899,62.669,62.669
1786367441.207,S2,recommend,0,prior,0.0,,,,0.975,,0.975
1786367441.207,S2,reserve,0,prior,0.0,,,,1.332,,1.332
1786367441.207,S2,search,0,prior,0.0,,,,4.287,,4.287
1786367441.207,S3,recommend,693,obs,0.9822,0.4476,0.611,32.8,1.0,0.611,0.611
1786367441.207,S3,reserve,348,obs,0.9832,0.7517,1.018,29.6,1.348,1.018,1.018
1786367441.207,S3,search,0,prior,0.0,,,39991.7,4.019,3.839,4.019
1786367442.208,S1,recommend,0,prior,0.0,,,,1.24,,1.24
1786367442.208,S1,reserve,0,prior,0.0,,,,1.658,,1.658
1786367442.208,S1,search,526,obs,0.9846,36.4891,64.912,28.3,6.899,64.912,64.912
1786367442.208,S2,recommend,0,prior,0.0,,,,0.975,,0.975
1786367442.208,S2,reserve,0,prior,0.0,,,,1.332,,1.332
1786367442.208,S2,search,0,prior,0.0,,,,4.287,,4.287
1786367442.208,S3,recommend,697,obs,0.9855,0.4518,0.596,28.8,1.0,0.596,0.596
1786367442.208,S3,reserve,349,obs,0.9801,0.7638,0.989,37.4,1.348,0.989,0.989
1786367442.208,S3,search,0,prior,0.0,,,40992.2,4.019,3.839,4.019
1786367443.207,S1,recommend,0,prior,0.0,,,,1.24,,1.24
1786367443.207,S1,reserve,0,prior,0.0,,,,1.658,,1.658
1786367443.207,S1,search,531,obs,0.982,35.9786,65.14,34.6,6.899,65.14,65.14
1786367443.207,S2,recommend,0,prior,0.0,,,,0.975,,0.975
1786367443.207,S2,reserve,0,prior,0.0,,,,1.332,,1.332
1786367443.207,S2,search,0,prior,0.0,,,,4.287,,4.287
1786367443.207,S3,recommend,701,obs,0.9857,0.4467,0.589,27.7,1.0,0.589,0.589
1786367443.207,S3,reserve,350,obs,0.9831,0.7467,0.965,32.9,1.348,0.965,0.965
1786367443.207,S3,search,0,prior,0.0,,,41992.1,4.019,3.839,4.019
1786367444.206,S1,recommend,0,prior,0.0,,,,1.24,,1.24
1786367444.206,S1,reserve,0,prior,0.0,,,,1.658,,1.658
1786367444.206,S1,search,504,obs,0.9302,36.1081,60.325,138.2,6.899,60.325,60.325
1786367444.206,S2,recommend,0,prior,0.0,,,,0.975,,0.975
1786367444.206,S2,reserve,0,prior,0.0,,,,1.332,,1.332
1786367444.206,S2,search,0,prior,0.0,,,,4.287,,4.287
1786367444.206,S3,recommend,668,obs,0.9369,0.4445,0.593,125.4,1.0,0.593,0.593
1786367444.206,S3,reserve,333,obs,0.9327,0.7406,0.962,126.5,1.348,0.962,0.962
1786367444.206,S3,search,0,prior,0.0,,,42991.7,4.019,3.839,4.019
1786367445.207,S1,recommend,0,prior,0.0,,,,1.24,,1.24
1786367445.207,S1,reserve,0,prior,0.0,,,,1.658,,1.658
1786367445.207,S1,search,500,obs,0.9226,35.2447,62.442,150.7,6.899,62.442,62.442
1786367445.207,S2,recommend,0,prior,0.0,,,,0.975,,0.975
1786367445.207,S2,reserve,0,prior,0.0,,,,1.332,,1.332
1786367445.207,S2,search,0,prior,0.0,,,,4.287,,4.287
1786367445.207,S3,recommend,669,obs,0.9368,0.4538,0.617,125.4,1.0,0.617,0.617
1786367445.207,S3,reserve,335,obs,0.9279,0.7434,0.946,134.9,1.348,0.946,0.946
1786367445.207,S3,search,0,prior,0.0,,,43992.6,4.019,3.839,4.019
1786367446.207,S1,recommend,0,prior,0.0,,,,1.24,,1.24
1786367446.207,S1,reserve,0,prior,0.0,,,,1.658,,1.658
1786367446.207,S1,search,498,obs,0.9258,35.88,68.501,131.5,6.899,68.501,68.501
1786367446.207,S2,recommend,0,prior,0.0,,,,0.975,,0.975
1786367446.207,S2,reserve,0,prior,0.0,,,,1.332,,1.332
1786367446.207,S2,search,0,prior,0.0,,,,4.287,,4.287
1786367446.207,S3,recommend,668,obs,0.9366,0.4493,0.622,124.7,1.0,0.622,0.622
1786367446.207,S3,reserve,328,obs,0.9227,0.7341,0.934,144.7,1.348,0.934,0.934
1786367446.207,S3,search,0,prior,0.0,,,44992.6,4.019,3.839,4.019
1786367447.207,S1,recommend,0,prior,0.0,,,,1.24,,1.24
1786367447.207,S1,reserve,0,prior,0.0,,,,1.658,,1.658
1786367447.207,S1,search,497,obs,0.925,35.8761,65.838,145.1,6.899,65.838,65.838
1786367447.207,S2,recommend,0,prior,0.0,,,,0.975,,0.975
1786367447.207,S2,reserve,0,prior,0.0,,,,1.332,,1.332
1786367447.207,S2,search,0,prior,0.0,,,,4.287,,4.287
1786367447.207,S3,recommend,664,obs,0.9364,0.4465,0.603,123.9,1.0,0.603,0.603
1786367447.207,S3,reserve,337,obs,0.9366,0.7689,0.94,124.0,1.348,0.94,0.94
1786367447.207,S3,search,0,prior,0.0,,,45992.6,4.019,3.839,4.019
1786367448.207,S1,recommend,0,prior,0.0,,,,1.24,,1.24
1786367448.207,S1,reserve,0,prior,0.0,,,,1.658,,1.658
1786367448.207,S1,search,500,obs,0.9239,35.326,63.628,143.0,6.899,63.628,63.628
1786367448.207,S2,recommend,0,prior,0.0,,,,0.975,,0.975
1786367448.207,S2,reserve,0,prior,0.0,,,,1.332,,1.332
1786367448.207,S2,search,0,prior,0.0,,,,4.287,,4.287
1786367448.207,S3,recommend,670,obs,0.9378,0.4453,0.593,123.2,1.0,0.593,0.593
1786367448.207,S3,reserve,338,obs,0.9378,0.764,0.928,122.1,1.348,0.928,0.928
1786367448.207,S3,search,0,prior,0.0,,,46991.7,4.019,3.839,4.019
1786367449.206,S1,recommend,0,prior,0.0,,,,1.24,,1.24
1786367449.206,S1,reserve,0,prior,0.0,,,,1.658,,1.658
1786367449.206,S1,search,490,obs,0.905,33.9084,62.641,178.2,6.899,62.641,62.641
1786367449.206,S2,recommend,0,prior,0.0,,,,0.975,,0.975
1786367449.206,S2,reserve,0,prior,0.0,,,,1.332,,1.332
1786367449.206,S2,search,0,prior,0.0,,,,4.287,,4.287
1786367449.206,S3,recommend,667,obs,0.9366,0.4446,0.576,124.6,1.0,0.576,0.576
1786367449.206,S3,reserve,341,obs,0.9349,0.7299,0.926,129.9,1.348,0.926,0.926
1786367449.206,S3,search,0,prior,0.0,,,47991.7,4.019,3.839,4.019
1786367450.206,S1,recommend,0,prior,0.0,,,,1.24,,1.24
1786367450.206,S1,reserve,0,prior,0.0,,,,1.658,,1.658
1786367450.206,S1,search,490,obs,0.9318,37.4638,75.801,113.9,6.899,75.801,75.801
1786367450.206,S2,recommend,0,prior,0.0,,,,0.975,,0.975
1786367450.206,S2,reserve,0,prior,0.0,,,,1.332,,1.332
1786367450.206,S2,search,0,prior,0.0,,,,4.287,,4.287
1786367450.206,S3,recommend,661,obs,0.9395,0.4486,0.577,119.7,1.0,0.577,0.577
1786367450.206,S3,reserve,330,obs,0.9377,0.7428,0.947,123.2,1.348,0.947,0.947
1786367450.206,S3,search,0,prior,0.0,,,48991.7,4.019,3.839,4.019
1786367451.207,S1,recommend,0,prior,0.0,,,,1.24,,1.24
1786367451.207,S1,reserve,0,prior,0.0,,,,1.658,,1.658
1786367451.207,S1,search,502,obs,0.9304,35.8644,62.42,136.4,6.899,62.42,62.42
1786367451.207,S2,recommend,0,prior,0.0,,,,0.975,,0.975
1786367451.207,S2,reserve,0,prior,0.0,,,,1.332,,1.332
1786367451.207,S2,search,0,prior,0.0,,,,4.287,,4.287
1786367451.207,S3,recommend,666,obs,0.9375,0.4502,0.594,124.4,1.0,0.594,0.594
1786367451.207,S3,reserve,339,obs,0.9345,0.7462,0.954,121.2,1.348,0.954,0.954
1786367451.207,S3,search,0,prior,0.0,,,49992.6,4.019,3.839,4.019
1786367452.207,S1,recommend,0,prior,0.0,,,,1.24,,1.24
1786367452.207,S1,reserve,0,prior,0.0,,,,1.658,,1.658
1786367452.207,S1,search,497,obs,0.9131,36.7075,63.631,142.1,6.899,63.631,63.631
1786367452.207,S2,recommend,0,prior,0.0,,,,0.975,,0.975
1786367452.207,S2,reserve,0,prior,0.0,,,,1.332,,1.332
1786367452.207,S2,search,0,prior,0.0,,,,4.287,,4.287
1786367452.207,S3,recommend,662,obs,0.9383,0.4493,0.599,122.0,1.0,0.599,0.599
1786367452.207,S3,reserve,332,obs,0.9308,0.7386,0.99,127.4,1.348,0.99,0.99
1786367452.207,S3,search,0,prior,0.0,,,50992.6,4.019,3.839,4.019
1786367453.207,S1,recommend,0,prior,0.0,,,,1.24,,1.24
1786367453.207,S1,reserve,0,prior,0.0,,,,1.658,,1.658
1786367453.207,S1,search,495,obs,0.9247,37.7249,66.952,132.3,6.899,66.952,66.952
1786367453.207,S2,recommend,0,prior,0.0,,,,0.975,,0.975
1786367453.207,S2,reserve,0,prior,0.0,,,,1.332,,1.332
1786367453.207,S2,search,0,prior,0.0,,,,4.287,,4.287
1786367453.207,S3,recommend,660,obs,0.9403,0.452,0.619,117.9,1.0,0.619,0.619
1786367453.207,S3,reserve,330,obs,0.9393,0.7517,1.011,116.4,1.348,1.011,1.011
1786367453.207,S3,search,0,prior,0.0,,,51992.6,4.019,3.839,4.019
1786367454.206,S1,recommend,0,prior,0.0,,,,1.24,,1.24
1786367454.206,S1,reserve,0,prior,0.0,,,,1.658,,1.658
1786367454.206,S1,search,501,obs,0.9184,36.2823,63.608,140.3,6.899,63.608,63.608
1786367454.206,S2,recommend,0,prior,0.0,,,,0.975,,0.975
1786367454.206,S2,reserve,0,prior,0.0,,,,1.332,,1.332
1786367454.206,S2,search,0,prior,0.0,,,,4.287,,4.287
1786367454.206,S3,recommend,668,obs,0.9404,0.4504,0.624,118.4,1.0,0.624,0.624
1786367454.206,S3,reserve,338,obs,0.9392,0.767,1.011,114.7,1.348,1.011,1.011
1786367454.206,S3,search,0,prior,0.0,,,52991.7,4.019,3.839,4.019
1786367455.206,S1,recommend,0,prior,0.0,,,,1.24,,1.24
1786367455.206,S1,reserve,0,prior,0.0,,,,1.658,,1.658
1786367455.206,S1,search,504,obs,0.9208,36.3111,63.977,156.2,6.899,63.977,63.977
1786367455.206,S2,recommend,0,prior,0.0,,,,0.975,,0.975
1786367455.206,S2,reserve,0,prior,0.0,,,,1.332,,1.332
1786367455.206,S2,search,0,prior,0.0,,,,4.287,,4.287
1786367455.206,S3,recommend,668,obs,0.9418,0.448,0.599,115.4,1.0,0.599,0.599
1786367455.206,S3,reserve,337,obs,0.9396,0.7681,1.014,119.5,1.348,1.014,1.014
1786367455.206,S3,search,0,prior,0.0,,,53991.7,4.019,3.839,4.019
1786367456.207,S1,recommend,0,prior,0.0,,,,1.24,,1.24
1786367456.207,S1,reserve,0,prior,0.0,,,,1.658,,1.658
1786367456.207,S1,search,500,obs,0.933,37.3285,70.486,123.4,6.899,70.486,70.486
1786367456.207,S2,recommend,0,prior,0.0,,,,0.975,,0.975
1786367456.207,S2,reserve,0,prior,0.0,,,,1.332,,1.332
1786367456.207,S2,search,0,prior,0.0,,,,4.287,,4.287
1786367456.207,S3,recommend,662,obs,0.9407,0.4473,0.605,115.3,1.0,0.605,0.605
1786367456.207,S3,reserve,330,obs,0.9217,0.7595,1.082,150.2,1.348,1.082,1.082
1786367456.207,S3,search,0,prior,0.0,,,54992.3,4.019,3.839,4.019
1786367457.207,S1,recommend,0,prior,0.0,,,,1.24,,1.24
1786367457.207,S1,reserve,0,prior,0.0,,,,1.658,,1.658
1786367457.207,S1,search,499,obs,0.929,36.4524,73.461,129.6,6.899,73.461,73.461
1786367457.207,S2,recommend,0,prior,0.0,,,,0.975,,0.975
1786367457.207,S2,reserve,0,prior,0.0,,,,1.332,,1.332
1786367457.207,S2,search,0,prior,0.0,,,,4.287,,4.287
1786367457.207,S3,recommend,668,obs,0.9415,0.4644,0.605,116.2,1.0,0.605,0.605
1786367457.207,S3,reserve,332,obs,0.9322,0.7664,0.952,126.2,1.348,0.952,0.952
1786367457.207,S3,search,0,prior,0.0,,,55992.6,4.019,3.839,4.019
1786367458.207,S1,recommend,0,prior,0.0,,,,1.24,,1.24
1786367458.207,S1,reserve,0,prior,0.0,,,,1.658,,1.658
1786367458.207,S1,search,505,obs,0.9422,36.5479,75.579,115.1,6.899,75.579,75.579
1786367458.207,S2,recommend,0,prior,0.0,,,,0.975,,0.975
1786367458.207,S2,reserve,0,prior,0.0,,,,1.332,,1.332
1786367458.207,S2,search,0,prior,0.0,,,,4.287,,4.287
1786367458.207,S3,recommend,667,obs,0.9429,0.4697,0.618,111.4,1.0,0.618,0.618
1786367458.207,S3,reserve,329,obs,0.9345,0.7694,1.036,128.3,1.348,1.036,1.036
1786367458.207,S3,search,0,prior,0.0,,,56992.0,4.019,3.839,4.019
1786367459.207,S1,recommend,0,prior,0.0,,,,1.24,,1.24
1786367459.207,S1,reserve,0,prior,0.0,,,,1.658,,1.658
1786367459.207,S1,search,483,obs,0.8975,37.9755,77.488,179.8,6.899,77.488,77.488
1786367459.207,S2,recommend,0,prior,0.0,,,,0.975,,0.975
1786367459.207,S2,reserve,0,prior,0.0,,,,1.332,,1.332
1786367459.207,S2,search,0,prior,0.0,,,,4.287,,4.287
1786367459.207,S3,recommend,647,obs,0.9442,0.4568,0.623,110.9,1.0,0.623,0.623
1786367459.207,S3,reserve,333,obs,0.9344,0.7666,1.047,129.3,1.348,1.047,1.047
1786367459.207,S3,search,0,prior,0.0,,,57992.4,4.019,3.839,4.019
1786367460.207,S1,recommend,0,prior,0.0,,,,1.24,,1.24
1786367460.207,S1,reserve,0,prior,0.0,,,,1.658,,1.658
1786367460.207,S1,search,485,obs,0.9444,40.6949,81.433,103.3,6.899,81.433,81.433
1786367460.207,S2,recommend,0,prior,0.0,,,,0.975,,0.975
1786367460.207,S2,reserve,0,prior,0.0,,,,1.332,,1.332
1786367460.207,S2,search,0,prior,0.0,,,,4.287,,4.287
1786367460.207,S3,recommend,645,obs,0.9404,0.4626,0.653,109.4,1.0,0.653,0.653
1786367460.207,S3,reserve,322,obs,0.9359,0.762,1.015,120.2,1.348,1.015,1.015
1786367460.207,S3,search,0,prior,0.0,,,58992.4,4.019,3.839,4.019
1786367461.208,S1,recommend,0,prior,0.0,,,,1.24,,1.24
1786367461.208,S1,reserve,0,prior,0.0,,,,1.658,,1.658
1786367461.208,S1,search,277,prior_fill,0.4924,36.1253,67.778,989.4,6.899,81.433,6.899
1786367461.208,S2,recommend,0,prior,0.0,,,,0.975,,0.975
1786367461.208,S2,reserve,0,prior,0.0,,,,1.332,,1.332
1786367461.208,S2,search,0,prior,0.0,,,,4.287,,4.287
1786367461.208,S3,recommend,780,obs,0.9455,0.7546,1.877,109.0,1.0,1.877,1.877
1786367461.208,S3,reserve,389,obs,0.9437,1.157,2.403,110.7,1.348,2.403,2.403
1786367461.208,S3,search,295,prior_fill,0.4321,5.1601,9.511,122.1,4.019,3.839,4.019
1786367462.207,S1,recommend,0,prior,0.0,,,,1.24,,1.24
1786367462.207,S1,reserve,0,prior,0.0,,,,1.658,,1.658
1786367462.207,S1,search,6,prior,-0.0095,51.348,61.662,1989.4,6.899,81.433,6.899
1786367462.207,S2,recommend,0,prior,0.0,,,,0.975,,0.975
1786367462.207,S2,reserve,0,prior,0.0,,,,1.332,,1.332
1786367462.207,S2,search,0,prior,0.0,,,,4.287,,4.287
1786367462.207,S3,recommend,786,obs,0.9441,0.8422,2.02,108.3,1.0,2.02,2.02
1786367462.207,S3,reserve,384,obs,0.945,1.3081,2.468,109.0,1.348,2.468,2.468
1786367462.207,S3,search,573,obs,0.9371,4.3148,8.438,113.3,4.019,8.438,8.438
1786367463.206,S1,recommend,0,prior,0.0,,,,1.24,,1.24
1786367463.206,S1,reserve,0,prior,0.0,,,,1.658,,1.658
1786367463.206,S1,search,0,prior,0.0,,,2988.5,6.899,81.433,6.899
1786367463.206,S2,recommend,0,prior,0.0,,,,0.975,,0.975
1786367463.206,S2,reserve,0,prior,0.0,,,,1.332,,1.332
1786367463.206,S2,search,0,prior,0.0,,,,4.287,,4.287
1786367463.206,S3,recommend,685,obs,0.9475,0.6361,1.147,104.9,1.0,1.147,1.147
1786367463.206,S3,reserve,340,obs,0.9401,1.0044,1.481,114.9,1.348,1.481,1.481
1786367463.206,S3,search,513,obs,0.9454,3.2882,4.212,107.4,4.019,4.212,4.212
1786367464.206,S1,recommend,0,prior,0.0,,,,1.24,,1.24
1786367464.206,S1,reserve,0,prior,0.0,,,,1.658,,1.658
1786367464.206,S1,search,0,prior,0.0,,,3988.5,6.899,81.433,6.899
1786367464.206,S2,recommend,0,prior,0.0,,,,0.975,,0.975
1786367464.206,S2,reserve,0,prior,0.0,,,,1.332,,1.332
1786367464.206,S2,search,0,prior,0.0,,,,4.287,,4.287
1786367464.206,S3,recommend,676,obs,0.9475,0.6157,0.993,103.2,1.0,0.993,0.993
1786367464.206,S3,reserve,336,obs,0.9429,0.9526,1.316,109.9,1.348,1.316,1.316
1786367464.206,S3,search,506,obs,0.9471,3.2708,4.173,105.7,4.019,4.173,4.173
1786367465.206,S1,recommend,0,prior,0.0,,,,1.24,,1.24
1786367465.206,S1,reserve,0,prior,0.0,,,,1.658,,1.658
1786367465.206,S1,search,0,prior,0.0,,,4989.4,6.899,81.433,6.899
1786367465.206,S2,recommend,0,prior,0.0,,,,0.975,,0.975
1786367465.206,S2,reserve,0,prior,0.0,,,,1.332,,1.332
1786367465.206,S2,search,0,prior,0.0,,,,4.287,,4.287
1786367465.206,S3,recommend,672,obs,0.9471,0.6289,1.054,104.0,1.0,1.054,1.054
1786367465.206,S3,reserve,338,obs,0.9429,0.9791,1.361,105.7,1.348,1.361,1.361
1786367465.206,S3,search,507,obs,0.9463,3.2772,4.159,106.5,4.019,4.159,4.159
1786367466.206,S1,recommend,0,prior,0.0,,,,1.24,,1.24
1786367466.206,S1,reserve,0,prior,0.0,,,,1.658,,1.658
1786367466.206,S1,search,0,prior,0.0,,,5988.5,6.899,81.433,6.899
1786367466.206,S2,recommend,0,prior,0.0,,,,0.975,,0.975
1786367466.206,S2,reserve,0,prior,0.0,,,,1.332,,1.332
1786367466.206,S2,search,0,prior,0.0,,,,4.287,,4.287
1786367466.206,S3,recommend,675,obs,0.9488,0.6188,1.005,102.4,1.0,1.005,1.005
1786367466.206,S3,reserve,340,obs,0.9471,0.9828,1.368,103.2,1.348,1.368,1.368
1786367466.206,S3,search,504,obs,0.9466,3.2565,4.006,104.9,4.019,4.006,4.006
1786367467.206,S1,recommend,0,prior,0.0,,,,1.24,,1.24
1786367467.206,S1,reserve,0,prior,0.0,,,,1.658,,1.658
1786367467.206,S1,search,0,prior,0.0,,,6988.5,6.899,81.433,6.899
1786367467.206,S2,recommend,0,prior,0.0,,,,0.975,,0.975
1786367467.206,S2,reserve,0,prior,0.0,,,,1.332,,1.332
1786367467.206,S2,search,0,prior,0.0,,,,4.287,,4.287
1786367467.206,S3,recommend,677,obs,0.9488,0.6543,1.026,100.6,1.0,1.026,1.026
1786367467.206,S3,reserve,337,obs,0.9487,1.0128,1.395,102.4,1.348,1.395,1.395
1786367467.206,S3,search,506,obs,0.9471,3.2772,4.088,103.2,4.019,4.088,4.088
1786367468.206,S1,recommend,0,prior,0.0,,,,1.24,,1.24
1786367468.206,S1,reserve,0,prior,0.0,,,,1.658,,1.658
1786367468.206,S1,search,0,prior,0.0,,,7988.5,6.899,81.433,6.899
1786367468.206,S2,recommend,0,prior,0.0,,,,0.975,,0.975
1786367468.206,S2,reserve,0,prior,0.0,,,,1.332,,1.332
1786367468.206,S2,search,0,prior,0.0,,,,4.287,,4.287
1786367468.206,S3,recommend,678,obs,0.95,0.6619,1.083,99.9,1.0,1.083,1.083
1786367468.206,S3,reserve,337,obs,0.9487,1.0235,1.397,100.7,1.348,1.397,1.397
1786367468.206,S3,search,506,obs,0.9454,3.2851,4.158,104.9,4.019,4.158,4.158
1786367469.206,S1,recommend,0,prior,0.0,,,,1.24,,1.24
1786367469.206,S1,reserve,0,prior,0.0,,,,1.658,,1.658
1786367469.206,S1,search,0,prior,0.0,,,8988.5,6.899,81.433,6.899
1786367469.206,S2,recommend,0,prior,0.0,,,,0.975,,0.975
1786367469.206,S2,reserve,0,prior,0.0,,,,1.332,,1.332
1786367469.206,S2,search,0,prior,0.0,,,,4.287,,4.287
1786367469.206,S3,recommend,678,obs,0.9512,0.6199,1.067,97.4,1.0,1.067,1.067
1786367469.206,S3,reserve,336,obs,0.9429,0.972,1.34,107.4,1.348,1.34,1.34
1786367469.206,S3,search,508,obs,0.9471,3.2516,4.026,103.2,4.019,4.026,4.026
1786367470.206,S1,recommend,0,prior,0.0,,,,1.24,,1.24
1786367470.206,S1,reserve,0,prior,0.0,,,,1.658,,1.658
1786367470.206,S1,search,0,prior,0.0,,,9988.5,6.899,81.433,6.899
1786367470.206,S2,recommend,0,prior,0.0,,,,0.975,,0.975
1786367470.206,S2,reserve,0,prior,0.0,,,,1.332,,1.332
1786367470.206,S2,search,0,prior,0.0,,,,4.287,,4.287
1786367470.206,S3,recommend,674,obs,0.9504,0.6276,1.035,97.4,1.0,1.035,1.035
1786367470.206,S3,reserve,341,obs,0.9487,0.9738,1.363,102.4,1.348,1.363,1.363
1786367470.206,S3,search,507,obs,0.9488,3.2355,3.998,99.9,4.019,3.998,3.998
1786367471.206,S1,recommend,0,prior,0.0,,,,1.24,,1.24
1786367471.206,S1,reserve,0,prior,0.0,,,,1.658,,1.658
1786367471.206,S1,search,0,prior,0.0,,,10988.5,6.899,81.433,6.899
1786367471.206,S2,recommend,0,prior,0.0,,,,0.975,,0.975
1786367471.206,S2,reserve,0,prior,0.0,,,,1.332,,1.332
1786367471.206,S2,search,0,prior,0.0,,,,4.287,,4.287
1786367471.206,S3,recommend,678,obs,0.9508,0.6167,1.02,95.7,1.0,1.02,1.02
1786367471.206,S3,reserve,340,obs,0.9504,0.9751,1.354,97.4,1.348,1.354,1.354
1786367471.206,S3,search,506,obs,0.9508,3.2414,4.036,98.2,4.019,4.036,4.036
1786367472.205,S1,recommend,0,prior,0.0,,,,1.24,,1.24
1786367472.205,S1,reserve,0,prior,0.0,,,,1.658,,1.658
1786367472.205,S1,search,0,prior,0.0,,,11988.5,6.899,81.433,6.899
1786367472.205,S2,recommend,0,prior,0.0,,,,0.975,,0.975
1786367472.205,S2,reserve,0,prior,0.0,,,,1.332,,1.332
1786367472.205,S2,search,0,prior,0.0,,,,4.287,,4.287
1786367472.205,S3,recommend,679,obs,0.9525,0.6251,1.054,94.9,1.0,1.054,1.054
1786367472.205,S3,reserve,337,obs,0.9487,0.9909,1.432,99.9,1.348,1.432,1.432
1786367472.205,S3,search,508,obs,0.9504,3.2638,4.145,97.4,4.019,4.145,4.145
1786367473.206,S1,recommend,0,prior,0.0,,,,1.24,,1.24
1786367473.206,S1,reserve,0,prior,0.0,,,,1.658,,1.658
1786367473.206,S1,search,0,prior,0.0,,,12989.4,6.899,81.433,6.899
1786367473.206,S2,recommend,0,prior,0.0,,,,0.975,,0.975
1786367473.206,S2,reserve,0,prior,0.0,,,,1.332,,1.332
1786367473.206,S2,search,0,prior,0.0,,,,4.287,,4.287
1786367473.206,S3,recommend,680,obs,0.9525,0.6398,1.179,94.1,1.0,1.179,1.179
1786367473.206,S3,reserve,338,obs,0.9504,0.9843,1.53,95.8,1.348,1.53,1.53
1786367473.206,S3,search,507,obs,0.9487,3.28,4.184,96.6,4.019,4.184,4.184
1786367474.206,S1,recommend,0,prior,0.0,,,,1.24,,1.24
1786367474.206,S1,reserve,0,prior,0.0,,,,1.658,,1.658
1786367474.206,S1,search,0,prior,0.0,,,13988.5,6.899,81.433,6.899
1786367474.206,S2,recommend,0,prior,0.0,,,,0.975,,0.975
1786367474.206,S2,reserve,0,prior,0.0,,,,1.332,,1.332
1786367474.206,S2,search,0,prior,0.0,,,,4.287,,4.287
1786367474.206,S3,recommend,677,obs,0.9525,0.639,1.167,92.4,1.0,1.167,1.167
1786367474.206,S3,reserve,339,obs,0.9487,0.9794,1.402,93.2,1.348,1.402,1.402
1786367474.206,S3,search,511,obs,0.9513,3.2742,4.2,97.4,4.019,4.2,4.2
1786367475.206,S1,recommend,0,prior,0.0,,,,1.24,,1.24
1786367475.206,S1,reserve,0,prior,0.0,,,,1.658,,1.658
1786367475.206,S1,search,0,prior,0.0,,,14989.4,6.899,81.433,6.899
1786367475.206,S2,recommend,0,prior,0.0,,,,0.975,,0.975
1786367475.206,S2,reserve,0,prior,0.0,,,,1.332,,1.332
1786367475.206,S2,search,0,prior,0.0,,,,4.287,,4.287
1786367475.206,S3,recommend,677,obs,0.9525,0.6259,1.094,91.6,1.0,1.094,1.094
1786367475.206,S3,reserve,343,obs,0.9525,0.9958,1.495,93.2,1.348,1.495,1.495
1786367475.206,S3,search,507,obs,0.9525,3.2436,4.034,94.1,4.019,4.034,4.034
1786367476.206,S1,recommend,0,prior,0.0,,,,1.24,,1.24
1786367476.206,S1,reserve,0,prior,0.0,,,,1.658,,1.658
1786367476.206,S1,search,0,prior,0.0,,,15988.5,6.899,81.433,6.899
1786367476.206,S2,recommend,0,prior,0.0,,,,0.975,,0.975
1786367476.206,S2,reserve,0,prior,0.0,,,,1.332,,1.332
1786367476.206,S2,search,0,prior,0.0,,,,4.287,,4.287
1786367476.206,S3,recommend,682,obs,0.9541,0.6205,1.1,89.9,1.0,1.1,1.1
1786367476.206,S3,reserve,340,obs,0.9546,1.0049,1.495,90.7,1.348,1.495,1.495
1786367476.206,S3,search,507,obs,0.9488,3.2333,4.024,99.9,4.019,4.024,4.024
1786367477.206,S1,recommend,0,prior,0.0,,,,1.24,,1.24
1786367477.206,S1,reserve,0,prior,0.0,,,,1.658,,1.658
1786367477.206,S1,search,0,prior,0.0,,,16989.4,6.899,81.433,6.899
1786367477.206,S2,recommend,0,prior,0.0,,,,0.975,,0.975
1786367477.206,S2,reserve,0,prior,0.0,,,,1.332,,1.332
1786367477.206,S2,search,0,prior,0.0,,,,4.287,,4.287
1786367477.206,S3,recommend,682,obs,0.955,0.6534,1.095,88.2,1.0,1.095,1.095
1786367477.206,S3,reserve,338,obs,0.9504,1.0074,1.512,98.3,1.348,1.512,1.512
1786367477.206,S3,search,509,obs,0.9513,3.303,4.351,94.1,4.019,4.351,4.351
1786367478.206,S1,recommend,0,prior,0.0,,,,1.24,,1.24
1786367478.206,S1,reserve,0,prior,0.0,,,,1.658,,1.658
1786367478.206,S1,search,0,prior,0.0,,,17988.5,6.899,81.433,6.899
1786367478.206,S2,recommend,0,prior,0.0,,,,0.975,,0.975
1786367478.206,S2,reserve,0,prior,0.0,,,,1.332,,1.332
1786367478.206,S2,search,0,prior,0.0,,,,4.287,,4.287
1786367478.206,S3,recommend,681,obs,0.9563,0.6446,1.095,87.4,1.0,1.095,1.095
1786367478.206,S3,reserve,338,obs,0.9504,0.9797,1.356,92.4,1.348,1.356,1.356
1786367478.206,S3,search,511,obs,0.9537,3.3122,4.279,89.9,4.019,4.279,4.279
1786367479.206,S1,recommend,0,prior,0.0,,,,1.24,,1.24
1786367479.206,S1,reserve,0,prior,0.0,,,,1.658,,1.658
1786367479.206,S1,search,0,prior,0.0,,,18988.5,6.899,81.433,6.899
1786367479.206,S2,recommend,0,prior,0.0,,,,0.975,,0.975
1786367479.206,S2,reserve,0,prior,0.0,,,,1.332,,1.332
1786367479.206,S2,search,0,prior,0.0,,,,4.287,,4.287
1786367479.206,S3,recommend,676,obs,0.9541,0.609,1.009,89.9,1.0,1.009,1.009
1786367479.206,S3,reserve,343,obs,0.9563,0.9751,1.388,87.4,1.348,1.388,1.388
1786367479.206,S3,search,512,obs,0.9546,3.2398,4.023,88.2,4.019,4.023,4.023
1786367480.206,S1,recommend,0,prior,0.0,,,,1.24,,1.24
1786367480.206,S1,reserve,0,prior,0.0,,,,1.658,,1.658
1786367480.206,S1,search,0,prior,0.0,,,19988.5,6.899,81.433,6.899
1786367480.206,S2,recommend,0,prior,0.0,,,,0.975,,0.975
1786367480.206,S2,reserve,0,prior,0.0,,,,1.332,,1.332
1786367480.206,S2,search,0,prior,0.0,,,,4.287,,4.287
1786367480.206,S3,recommend,681,obs,0.9562,0.6088,0.983,84.9,1.0,0.983,0.983
1786367480.206,S3,reserve,343,obs,0.9562,0.9761,1.438,85.7,1.348,1.438,1.438
1786367480.206,S3,search,509,obs,0.9563,3.2308,4.041,87.4,4.019,4.041,4.041
1786367481.206,S1,recommend,0,prior,0.0,,,,1.24,,1.24
1786367481.206,S1,reserve,0,prior,0.0,,,,1.658,,1.658
1786367481.206,S1,search,0,prior,0.0,,,20988.5,6.899,81.433,6.899
1786367481.206,S2,recommend,0,prior,0.0,,,,0.975,,0.975
1786367481.206,S2,reserve,0,prior,0.0,,,,1.332,,1.332
1786367481.206,S2,search,0,prior,0.0,,,,4.287,,4.287
1786367481.206,S3,recommend,683,obs,0.9563,0.6213,1.056,87.4,1.0,1.056,1.056
1786367481.206,S3,reserve,339,obs,0.9562,0.9703,1.379,84.9,1.348,1.379,1.379
1786367481.206,S3,search,510,obs,0.9529,3.2305,4.011,92.4,4.019,4.011,4.011
1786367482.206,S1,recommend,0,prior,0.0,,,,1.24,,1.24
1786367482.206,S1,reserve,0,prior,0.0,,,,1.658,,1.658
1786367482.206,S1,search,0,prior,0.0,,,21988.5,6.899,81.433,6.899
1786367482.206,S2,recommend,0,prior,0.0,,,,0.975,,0.975
1786367482.206,S2,reserve,0,prior,0.0,,,,1.332,,1.332
1786367482.206,S2,search,0,prior,0.0,,,,4.287,,4.287
1786367482.206,S3,recommend,685,obs,0.9579,0.6329,1.155,82.4,1.0,1.155,1.155
1786367482.206,S3,reserve,339,obs,0.9563,0.9669,1.353,83.2,1.348,1.353,1.353
1786367482.206,S3,search,511,obs,0.9562,3.2378,4.008,87.4,4.019,4.008,4.008
1786367483.206,S1,recommend,0,prior,0.0,,,,1.24,,1.24
1786367483.206,S1,reserve,0,prior,0.0,,,,1.658,,1.658
1786367483.206,S1,search,0,prior,0.0,,,22988.5,6.899,81.433,6.899
1786367483.206,S2,recommend,0,prior,0.0,,,,0.975,,0.975
1786367483.206,S2,reserve,0,prior,0.0,,,,1.332,,1.332
1786367483.206,S2,search,0,prior,0.0,,,,4.287,,4.287
1786367483.206,S3,recommend,681,obs,0.9584,0.6516,1.179,80.7,1.0,1.179,1.179
1786367483.206,S3,reserve,340,obs,0.9504,1.0017,1.446,89.9,1.348,1.446,1.446
1786367483.206,S3,search,514,obs,0.9571,3.269,4.267,85.7,4.019,4.267,4.267
1786367484.206,S1,recommend,0,prior,0.0,,,,1.24,,1.24
1786367484.206,S1,reserve,0,prior,0.0,,,,1.658,,1.658
1786367484.206,S1,search,0,prior,0.0,,,23988.5,6.899,81.433,6.899
1786367484.206,S2,recommend,0,prior,0.0,,,,0.975,,0.975
1786367484.206,S2,reserve,0,prior,0.0,,,,1.332,,1.332
1786367484.206,S2,search,0,prior,0.0,,,,4.287,,4.287
1786367484.206,S3,recommend,680,obs,0.9584,0.6357,1.078,83.1,1.0,1.078,1.078
1786367484.206,S3,reserve,345,obs,0.9562,1.0157,1.518,84.9,1.348,1.518,1.518
1786367484.206,S3,search,509,obs,0.9562,3.2703,4.267,85.7,4.019,4.267,4.267
1786367485.206,S1,recommend,0,prior,0.0,,,,1.24,,1.24
1786367485.206,S1,reserve,0,prior,0.0,,,,1.658,,1.658
1786367485.206,S1,search,0,prior,0.0,,,24988.5,6.899,81.433,6.899
1786367485.206,S2,recommend,0,prior,0.0,,,,0.975,,0.975
1786367485.206,S2,reserve,0,prior,0.0,,,,1.332,,1.332
1786367485.206,S2,search,0,prior,0.0,,,,4.287,,4.287
1786367485.206,S3,recommend,684,obs,0.9579,0.62,1.04,82.4,1.0,1.04,1.04
1786367485.206,S3,reserve,342,obs,0.9584,0.9908,1.49,83.2,1.348,1.49,1.49
1786367485.206,S3,search,509,obs,0.9562,3.247,4.118,84.9,4.019,4.118,4.118
1786367486.206,S1,recommend,0,prior,0.0,,,,1.24,,1.24
1786367486.206,S1,reserve,0,prior,0.0,,,,1.658,,1.658
1786367486.206,S1,search,0,prior,0.0,,,25988.6,6.899,81.433,6.899
1786367486.206,S2,recommend,0,prior,0.0,,,,0.975,,0.975
1786367486.206,S2,reserve,0,prior,0.0,,,,1.332,,1.332
1786367486.206,S2,search,0,prior,0.0,,,,4.287,,4.287
1786367486.206,S3,recommend,685,obs,0.9596,0.6376,1.105,80.7,1.0,1.105,1.105
1786367486.206,S3,reserve,340,obs,0.9579,0.9635,1.37,82.4,1.348,1.37,1.37
1786367486.206,S3,search,511,obs,0.9563,3.2473,4.103,83.2,4.019,4.103,4.103
1786367487.207,S1,recommend,0,prior,0.0,,,,1.24,,1.24
1786367487.207,S1,reserve,0,prior,0.0,,,,1.658,,1.658
1786367487.207,S1,search,0,prior,0.0,,,26989.4,6.899,81.433,6.899
1786367487.207,S2,recommend,0,prior,0.0,,,,0.975,,0.975
1786367487.207,S2,reserve,0,prior,0.0,,,,1.332,,1.332
1786367487.207,S2,search,0,prior,0.0,,,,4.287,,4.287
1786367487.207,S3,recommend,684,obs,0.9591,0.6538,1.162,80.8,1.0,1.162,1.162
1786367487.207,S3,reserve,340,obs,0.9579,0.9918,1.357,78.3,1.348,1.357,1.357
1786367487.207,S3,search,513,obs,0.9563,3.3245,4.13,85.8,4.019,4.13,4.13
1786367488.206,S1,recommend,0,prior,0.0,,,,1.24,,1.24
1786367488.206,S1,reserve,0,prior,0.0,,,,1.658,,1.658
1786367488.206,S1,search,0,prior,0.0,,,27989.4,6.899,81.433,6.899
1786367488.206,S2,recommend,0,prior,0.0,,,,0.975,,0.975
1786367488.206,S2,reserve,0,prior,0.0,,,,1.332,,1.332
1786367488.206,S2,search,0,prior,0.0,,,,4.287,,4.287
1786367488.206,S3,recommend,681,obs,0.9604,0.6348,1.077,78.3,1.0,1.077,1.077
1786367488.206,S3,reserve,343,obs,0.9562,0.9993,1.447,76.6,1.348,1.447,1.447
1786367488.206,S3,search,515,obs,0.9587,3.3142,4.26,80.8,4.019,4.26,4.26
1786367489.207,S1,recommend,0,prior,0.0,,,,1.24,,1.24
1786367489.207,S1,reserve,0,prior,0.0,,,,1.658,,1.658
1786367489.207,S1,search,0,prior,0.0,,,28989.4,6.899,81.433,6.899
1786367489.207,S2,recommend,0,prior,0.0,,,,0.975,,0.975
1786367489.207,S2,reserve,0,prior,0.0,,,,1.332,,1.332
1786367489.207,S2,search,0,prior,0.0,,,,4.287,,4.287
1786367489.207,S3,recommend,684,obs,0.9609,0.623,1.023,76.6,1.0,1.023,1.023
1786367489.207,S3,reserve,344,obs,0.9579,0.9631,1.371,83.2,1.348,1.371,1.371
1786367489.207,S3,search,511,obs,0.9588,3.243,4.175,79.1,4.019,4.175,4.175
1786367490.206,S1,recommend,0,prior,0.0,,,,1.24,,1.24
1786367490.206,S1,reserve,0,prior,0.0,,,,1.658,,1.658
1786367490.206,S1,search,0,prior,0.0,,,29989.4,6.899,81.433,6.899
1786367490.206,S2,recommend,0,prior,0.0,,,,0.975,,0.975
1786367490.206,S2,reserve,0,prior,0.0,,,,1.332,,1.332
1786367490.206,S2,search,0,prior,0.0,,,,4.287,,4.287
1786367490.206,S3,recommend,685,obs,0.96,0.6217,1.025,76.6,1.0,1.025,1.025
1786367490.206,S3,reserve,341,obs,0.96,0.9577,1.269,78.3,1.348,1.269,1.269
1786367490.206,S3,search,513,obs,0.96,3.2097,3.915,79.1,4.019,3.915,3.915
1786367491.206,S1,recommend,0,prior,0.0,,,,1.24,,1.24
1786367491.206,S1,reserve,0,prior,0.0,,,,1.658,,1.658
1786367491.206,S1,search,0,prior,0.0,,,30989.4,6.899,81.433,6.899
1786367491.206,S2,recommend,0,prior,0.0,,,,0.975,,0.975
1786367491.206,S2,reserve,0,prior,0.0,,,,1.332,,1.332
1786367491.206,S2,search,0,prior,0.0,,,,4.287,,4.287
1786367491.206,S3,recommend,687,obs,0.9617,0.625,1.051,75.8,1.0,1.051,1.051
1786367491.206,S3,reserve,342,obs,0.9616,0.969,1.437,73.3,1.348,1.437,1.437
1786367491.206,S3,search,512,obs,0.9579,3.2449,4.045,78.3,4.019,4.045,4.045
1786367492.207,S1,recommend,0,prior,0.0,,,,1.24,,1.24
1786367492.207,S1,reserve,0,prior,0.0,,,,1.658,,1.658
1786367492.207,S1,search,0,prior,0.0,,,31989.4,6.899,81.433,6.899
1786367492.207,S2,recommend,0,prior,0.0,,,,0.975,,0.975
1786367492.207,S2,reserve,0,prior,0.0,,,,1.332,,1.332
1786367492.207,S2,search,0,prior,0.0,,,,4.287,,4.287
1786367492.207,S3,recommend,684,obs,0.9621,0.6203,1.064,74.0,1.0,1.064,1.064
1786367492.207,S3,reserve,342,obs,0.9579,0.9875,1.418,75.8,1.348,1.418,1.418
1786367492.207,S3,search,515,obs,0.9612,3.2618,4.248,76.6,4.019,4.248,4.248
1786367493.207,S1,recommend,0,prior,0.0,,,,1.24,,1.24
1786367493.207,S1,reserve,0,prior,0.0,,,,1.658,,1.658
1786367493.207,S1,search,0,prior,0.0,,,32989.4,6.899,81.433,6.899
1786367493.207,S2,recommend,0,prior,0.0,,,,0.975,,0.975
1786367493.207,S2,reserve,0,prior,0.0,,,,1.332,,1.332
1786367493.207,S2,search,0,prior,0.0,,,,4.287,,4.287
1786367493.207,S3,recommend,684,obs,0.9616,0.6174,1.045,73.3,1.0,1.045,1.045
1786367493.207,S3,reserve,346,obs,0.9621,0.9876,1.324,74.1,1.348,1.324,1.324
1786367493.207,S3,search,512,obs,0.9604,3.2464,4.097,78.3,4.019,4.097,4.097
1786367494.207,S1,recommend,0,prior,0.0,,,,1.24,,1.24
1786367494.207,S1,reserve,0,prior,0.0,,,,1.658,,1.658
1786367494.207,S1,search,0,prior,0.0,,,33989.4,6.899,81.433,6.899
1786367494.207,S2,recommend,0,prior,0.0,,,,0.975,,0.975
1786367494.207,S2,reserve,0,prior,0.0,,,,1.332,,1.332
1786367494.207,S2,search,0,prior,0.0,,,,4.287,,4.287
1786367494.207,S3,recommend,689,obs,0.9641,0.6282,1.055,70.8,1.0,1.055,1.055
1786367494.207,S3,reserve,342,obs,0.9579,0.9729,1.382,80.8,1.348,1.382,1.382
1786367494.207,S3,search,513,obs,0.9625,3.2623,4.188,73.3,4.019,4.188,4.188
1786367495.207,S1,recommend,0,prior,0.0,,,,1.24,,1.24
1786367495.207,S1,reserve,0,prior,0.0,,,,1.658,,1.658
1786367495.207,S1,search,0,prior,0.0,,,34989.4,6.899,81.433,6.899
1786367495.207,S2,recommend,0,prior,0.0,,,,0.975,,0.975
1786367495.207,S2,reserve,0,prior,0.0,,,,1.332,,1.332
1786367495.207,S2,search,0,prior,0.0,,,,4.287,,4.287
1786367495.207,S3,recommend,688,obs,0.9646,0.6385,1.082,69.1,1.0,1.082,1.082
1786367495.207,S3,reserve,342,obs,0.9616,0.9739,1.435,75.8,1.348,1.435,1.435
1786367495.207,S3,search,515,obs,0.9625,3.2811,4.215,71.6,4.019,4.215,4.215
1786367496.207,S1,recommend,0,prior,0.0,,,,1.24,,1.24
1786367496.207,S1,reserve,0,prior,0.0,,,,1.658,,1.658
1786367496.207,S1,search,0,prior,0.0,,,35989.4,6.899,81.433,6.899
1786367496.207,S2,recommend,0,prior,0.0,,,,0.975,,0.975
1786367496.207,S2,reserve,0,prior,0.0,,,,1.332,,1.332
1786367496.207,S2,search,0,prior,0.0,,,,4.287,,4.287
1786367496.207,S3,recommend,687,obs,0.965,0.6313,1.075,69.1,1.0,1.075,1.075
1786367496.207,S3,reserve,342,obs,0.9616,0.9866,1.446,70.8,1.348,1.446,1.446
1786367496.207,S3,search,516,obs,0.9634,3.2637,4.022,71.5,4.019,4.022,4.022
1786367497.206,S1,recommend,0,prior,0.0,,,,1.24,,1.24
1786367497.206,S1,reserve,0,prior,0.0,,,,1.658,,1.658
1786367497.206,S1,search,0,prior,0.0,,,36989.4,6.899,81.433,6.899
1786367497.206,S2,recommend,0,prior,0.0,,,,0.975,,0.975
1786367497.206,S2,reserve,0,prior,0.0,,,,1.332,,1.332
1786367497.206,S2,search,0,prior,0.0,,,,4.287,,4.287
1786367497.206,S3,recommend,684,obs,0.9654,0.6303,1.034,68.3,1.0,1.034,1.034
1786367497.206,S3,reserve,345,obs,0.96,1.0321,1.528,69.1,1.348,1.528,1.528
1786367497.206,S3,search,517,obs,0.9637,3.2737,4.105,70.8,4.019,4.105,4.105
1786367498.207,S1,recommend,0,prior,0.0,,,,1.24,,1.24
1786367498.207,S1,reserve,0,prior,0.0,,,,1.658,,1.658
1786367498.207,S1,search,0,prior,0.0,,,37989.4,6.899,81.433,6.899
1786367498.207,S2,recommend,0,prior,0.0,,,,0.975,,0.975
1786367498.207,S2,reserve,0,prior,0.0,,,,1.332,,1.332
1786367498.207,S2,search,0,prior,0.0,,,,4.287,,4.287
1786367498.207,S3,recommend,688,obs,0.9659,0.6399,1.114,66.6,1.0,1.114,1.114
1786367498.207,S3,reserve,346,obs,0.9654,1.0095,1.381,68.3,1.348,1.381,1.381
1786367498.207,S3,search,513,obs,0.9637,3.2676,4.181,69.1,4.019,4.181,4.181
1786367499.206,S1,recommend,0,prior,0.0,,,,1.24,,1.24
1786367499.206,S1,reserve,0,prior,0.0,,,,1.658,,1.658
1786367499.206,S1,search,0,prior,0.0,,,38989.4,6.899,81.433,6.899
1786367499.206,S2,recommend,0,prior,0.0,,,,0.975,,0.975
1786367499.206,S2,reserve,0,prior,0.0,,,,1.332,,1.332
1786367499.206,S2,search,0,prior,0.0,,,,4.287,,4.287
1786367499.206,S3,recommend,690,obs,0.9654,0.6208,1.071,65.8,1.0,1.071,1.071
1786367499.206,S3,reserve,342,obs,0.9658,0.9533,1.252,66.6,1.348,1.252,1.252
1786367499.206,S3,search,516,obs,0.9641,3.2317,4.086,70.8,4.019,4.086,4.086
1786367500.206,S1,recommend,0,prior,0.0,,,,1.24,,1.24
1786367500.206,S1,reserve,0,prior,0.0,,,,1.658,,1.658
1786367500.206,S1,search,0,prior,0.0,,,39989.4,6.899,81.433,6.899
1786367500.206,S2,recommend,0,prior,0.0,,,,0.975,,0.975
1786367500.206,S2,reserve,0,prior,0.0,,,,1.332,,1.332
1786367500.206,S2,search,0,prior,0.0,,,,4.287,,4.287
1786367500.206,S3,recommend,691,obs,0.9675,0.6259,1.043,64.1,1.0,1.043,1.043
1786367500.206,S3,reserve,342,obs,0.9617,0.9926,1.306,73.3,1.348,1.306,1.306
1786367500.206,S3,search,515,obs,0.9625,3.3048,4.289,69.0,4.019,4.289,4.289
1786367501.206,S1,recommend,0,prior,0.0,,,,1.24,,1.24
1786367501.206,S1,reserve,0,prior,0.0,,,,1.658,,1.658
1786367501.206,S1,search,0,prior,0.0,,,40989.4,6.899,81.433,6.899
1786367501.206,S2,recommend,0,prior,0.0,,,,0.975,,0.975
1786367501.206,S2,reserve,0,prior,0.0,,,,1.332,,1.332
1786367501.206,S2,search,0,prior,0.0,,,,4.287,,4.287
1786367501.206,S3,recommend,687,obs,0.9675,0.6241,1.021,63.3,1.0,1.021,1.021
1786367501.206,S3,reserve,344,obs,0.9617,1.0185,1.372,68.2,1.348,1.372,1.372
1786367501.206,S3,search,518,obs,0.9667,3.3023,4.157,65.8,4.019,4.157,4.157
1786367502.207,S1,recommend,0,prior,0.0,,,,1.24,,1.24
1786367502.207,S1,reserve,0,prior,0.0,,,,1.658,,1.658
1786367502.207,S1,search,0,prior,0.0,,,41989.4,6.899,81.433,6.899
1786367502.207,S2,recommend,0,prior,0.0,,,,0.975,,0.975
1786367502.207,S2,reserve,0,prior,0.0,,,,1.332,,1.332
1786367502.207,S2,search,0,prior,0.0,,,,4.287,,4.287
1786367502.207,S3,recommend,686,obs,0.9654,0.6086,0.978,65.8,1.0,0.978,0.978
1786367502.207,S3,reserve,349,obs,0.9675,0.9768,1.375,63.3,1.348,1.375,1.375
1786367502.207,S3,search,514,obs,0.9654,3.2331,4.025,68.3,4.019,4.025,4.025
1786367503.207,S1,recommend,0,prior,0.0,,,,1.24,,1.24
1786367503.207,S1,reserve,0,prior,0.0,,,,1.658,,1.658
1786367503.207,S1,search,0,prior,0.0,,,42989.4,6.899,81.433,6.899
1786367503.207,S2,recommend,0,prior,0.0,,,,0.975,,0.975
1786367503.207,S2,reserve,0,prior,0.0,,,,1.332,,1.332
1786367503.207,S2,search,0,prior,0.0,,,,4.287,,4.287
1786367503.207,S3,recommend,691,obs,0.9675,0.6202,1.038,64.1,1.0,1.038,1.038
1786367503.207,S3,reserve,345,obs,0.9675,0.9645,1.375,61.6,1.348,1.375,1.375
1786367503.207,S3,search,514,obs,0.9659,3.2437,4.177,66.6,4.019,4.177,4.177
1786367504.206,S1,recommend,0,prior,0.0,,,,1.24,,1.24
1786367504.206,S1,reserve,0,prior,0.0,,,,1.658,,1.658
1786367504.206,S1,search,0,prior,0.0,,,43989.4,6.899,81.433,6.899
1786367504.206,S2,recommend,0,prior,0.0,,,,0.975,,0.975
1786367504.206,S2,reserve,0,prior,0.0,,,,1.332,,1.332
1786367504.206,S2,search,0,prior,0.0,,,,4.287,,4.287
1786367504.206,S3,recommend,691,obs,0.9675,0.6269,1.059,63.3,1.0,1.059,1.059
1786367504.206,S3,reserve,344,obs,0.9691,0.9662,1.368,60.8,1.348,1.368,1.368
1786367504.206,S3,search,516,obs,0.9641,3.2502,4.177,68.3,4.019,4.177,4.177
1786367505.206,S1,recommend,0,prior,0.0,,,,1.24,,1.24
1786367505.206,S1,reserve,0,prior,0.0,,,,1.658,,1.658
1786367505.206,S1,search,0,prior,0.0,,,44989.4,6.899,81.433,6.899
1786367505.206,S2,recommend,0,prior,0.0,,,,0.975,,0.975
1786367505.206,S2,reserve,0,prior,0.0,,,,1.332,,1.332
1786367505.206,S2,search,0,prior,0.0,,,,4.287,,4.287
1786367505.206,S3,recommend,691,obs,0.9691,0.6326,1.076,60.8,1.0,1.076,1.076
1786367505.206,S3,reserve,342,obs,0.9617,0.9669,1.296,70.7,1.348,1.296,1.296
1786367505.206,S3,search,519,obs,0.9675,3.2797,4.244,63.3,4.019,4.244,4.244
1786367506.206,S1,recommend,0,prior,0.0,,,,1.24,,1.24
1786367506.206,S1,reserve,0,prior,0.0,,,,1.658,,1.658
1786367506.206,S1,search,0,prior,0.0,,,45989.4,6.899,81.433,6.899
1786367506.206,S2,recommend,0,prior,0.0,,,,0.975,,0.975
1786367506.206,S2,reserve,0,prior,0.0,,,,1.332,,1.332
1786367506.206,S2,search,0,prior,0.0,,,,4.287,,4.287
1786367506.206,S3,recommend,687,obs,0.97,0.6315,1.053,59.1,1.0,1.053,1.053
1786367506.206,S3,reserve,346,obs,0.9616,0.973,1.409,65.8,1.348,1.409,1.409
1786367506.206,S3,search,520,obs,0.9683,3.2752,4.259,61.6,4.019,4.259,4.259
1786367507.206,S1,recommend,0,prior,0.0,,,,1.24,,1.24
1786367507.206,S1,reserve,0,prior,0.0,,,,1.658,,1.658
1786367507.206,S1,search,0,prior,0.0,,,46988.7,6.899,81.433,6.899
1786367507.206,S2,recommend,0,prior,0.0,,,,0.975,,0.975
1786367507.206,S2,reserve,0,prior,0.0,,,,1.332,,1.332
1786367507.206,S2,search,0,prior,0.0,,,,4.287,,4.287
1786367507.206,S3,recommend,690,obs,0.9696,0.6422,1.078,58.4,1.0,1.078,1.078
1786367507.206,S3,reserve,348,obs,0.9691,0.9899,1.461,60.1,1.348,1.461,1.461
1786367507.206,S3,search,515,obs,0.9675,3.282,4.134,60.9,4.019,4.134,4.134
1786367508.206,S1,recommend,0,prior,0.0,,,,1.24,,1.24
1786367508.206,S1,reserve,0,prior,0.0,,,,1.658,,1.658
1786367508.206,S1,search,0,prior,0.0,,,47989.0,6.899,81.433,6.899
1786367508.206,S2,recommend,0,prior,0.0,,,,0.975,,0.975
1786367508.206,S2,reserve,0,prior,0.0,,,,1.332,,1.332
1786367508.206,S2,search,0,prior,0.0,,,,4.287,,4.287
1786367508.206,S3,recommend,693,obs,0.97,0.6574,1.206,56.2,1.0,1.206,1.206
1786367508.206,S3,reserve,344,obs,0.9696,0.9853,1.388,58.7,1.348,1.388,1.388
1786367508.206,S3,search,518,obs,0.9692,3.3055,4.153,60.4,4.019,4.153,4.153
1786367509.206,S1,recommend,0,prior,0.0,,,,1.24,,1.24
1786367509.206,S1,reserve,0,prior,0.0,,,,1.658,,1.658
1786367509.206,S1,search,0,prior,0.0,,,48988.6,6.899,81.433,6.899
1786367509.206,S2,recommend,0,prior,0.0,,,,0.975,,0.975
1786367509.206,S2,reserve,0,prior,0.0,,,,1.332,,1.332
1786367509.206,S2,search,0,prior,0.0,,,,4.287,,4.287
1786367509.206,S3,recommend,694,obs,0.9713,0.628,1.131,55.7,1.0,1.131,1.131
1786367509.206,S3,reserve,344,obs,0.9692,0.9599,1.383,57.5,1.348,1.383,1.383
1786367509.206,S3,search,517,obs,0.9675,3.2658,4.165,58.3,4.019,4.165,4.165
1786367510.206,S1,recommend,0,prior,0.0,,,,1.24,,1.24
1786367510.206,S1,reserve,0,prior,0.0,,,,1.658,,1.658
1786367510.206,S1,search,0,prior,0.0,,,49989.4,6.899,81.433,6.899
1786367510.206,S2,recommend,0,prior,0.0,,,,0.975,,0.975
1786367510.206,S2,reserve,0,prior,0.0,,,,1.332,,1.332
1786367510.206,S2,search,0,prior,0.0,,,,4.287,,4.287
1786367510.206,S3,recommend,691,obs,0.9712,0.608,0.969,55.8,1.0,0.969,0.969
1786367510.206,S3,reserve,345,obs,0.9675,0.9704,1.388,56.5,1.348,1.388,1.388
1786367510.206,S3,search,520,obs,0.9692,3.2446,4.182,60.8,4.019,4.182,4.182
1786367511.206,S1,recommend,0,prior,0.0,,,,1.24,,1.24
1786367511.206,S1,reserve,0,prior,0.0,,,,1.658,,1.658
1786367511.206,S1,search,0,prior,0.0,,,50989.4,6.899,81.433,6.899
1786367511.206,S2,recommend,0,prior,0.0,,,,0.975,,0.975
1786367511.206,S2,reserve,0,prior,0.0,,,,1.332,,1.332
1786367511.206,S2,search,0,prior,0.0,,,,4.287,,4.287
1786367511.206,S3,recommend,690,obs,0.9729,0.6179,1.037,54.1,1.0,1.037,1.037
1786367511.206,S3,reserve,349,obs,0.9675,0.9911,1.4,63.3,1.348,1.4,1.4
1786367511.206,S3,search,518,obs,0.9713,3.2406,4.116,56.5,4.019,4.116,4.116
1786367512.206,S1,recommend,0,prior,0.0,,,,1.24,,1.24
1786367512.206,S1,reserve,0,prior,0.0,,,,1.658,,1.658
1786367512.206,S1,search,0,prior,0.0,,,51988.5,6.899,81.433,6.899
1786367512.206,S2,recommend,0,prior,0.0,,,,0.975,,0.975
1786367512.206,S2,reserve,0,prior,0.0,,,,1.332,,1.332
1786367512.206,S2,search,0,prior,0.0,,,,4.287,,4.287
1786367512.206,S3,recommend,694,obs,0.9729,0.6198,1.083,52.4,1.0,1.083,1.083
1786367512.206,S3,reserve,348,obs,0.9734,0.9764,1.339,53.2,1.348,1.339,1.339
1786367512.206,S3,search,517,obs,0.9712,3.2386,4.08,54.9,4.019,4.08,4.08
1786367513.206,S1,recommend,0,prior,0.0,,,,1.24,,1.24
1786367513.206,S1,reserve,0,prior,0.0,,,,1.658,,1.658
1786367513.206,S1,search,0,prior,0.0,,,52988.5,6.899,81.433,6.899
1786367513.206,S2,recommend,0,prior,0.0,,,,0.975,,0.975
1786367513.206,S2,reserve,0,prior,0.0,,,,1.332,,1.332
1786367513.206,S2,search,0,prior,0.0,,,,4.287,,4.287
1786367513.206,S3,recommend,697,obs,0.975,0.6199,1.063,49.9,1.0,1.063,1.063
1786367513.206,S3,reserve,344,obs,0.9691,0.9834,1.471,59.9,1.348,1.471,1.471
1786367513.206,S3,search,520,obs,0.9716,3.2558,4.19,52.5,4.019,4.19,4.19
1786367514.206,S1,recommend,0,prior,0.0,,,,1.24,,1.24
1786367514.206,S1,reserve,0,prior,0.0,,,,1.658,,1.658
1786367514.206,S1,search,0,prior,0.0,,,53988.5,6.899,81.433,6.899
1786367514.206,S2,recommend,0,prior,0.0,,,,0.975,,0.975
1786367514.206,S2,reserve,0,prior,0.0,,,,1.332,,1.332
1786367514.206,S2,search,0,prior,0.0,,,,4.287,,4.287
1786367514.206,S3,recommend,696,obs,0.9759,0.6167,1.049,48.1,1.0,1.049,1.049
1786367514.206,S3,reserve,344,obs,0.9691,0.9673,1.364,54.9,1.348,1.364,1.364
1786367514.206,S3,search,522,obs,0.9734,3.2405,4.126,50.7,4.019,4.126,4.126
1786367515.206,S1,recommend,0,prior,0.0,,,,1.24,,1.24
1786367515.206,S1,reserve,0,prior,0.0,,,,1.658,,1.658
1786367515.206,S1,search,0,prior,0.0,,,54988.5,6.899,81.433,6.899
1786367515.206,S2,recommend,0,prior,0.0,,,,0.975,,0.975
1786367515.206,S2,reserve,0,prior,0.0,,,,1.332,,1.332
1786367515.206,S2,search,0,prior,0.0,,,,4.287,,4.287
1786367515.206,S3,recommend,691,obs,0.975,0.618,1.076,48.2,1.0,1.076,1.076
1786367515.206,S3,reserve,349,obs,0.975,0.9672,1.353,49.9,1.348,1.353,1.353
1786367515.206,S3,search,522,obs,0.9733,3.2268,4.103,50.8,4.019,4.103,4.103
1786367516.206,S1,recommend,0,prior,0.0,,,,1.24,,1.24
1786367516.206,S1,reserve,0,prior,0.0,,,,1.658,,1.658
1786367516.206,S1,search,0,prior,0.0,,,55988.5,6.899,81.433,6.899
1786367516.206,S2,recommend,0,prior,0.0,,,,0.975,,0.975
1786367516.206,S2,reserve,0,prior,0.0,,,,1.332,,1.332
1786367516.206,S2,search,0,prior,0.0,,,,4.287,,4.287
1786367516.206,S3,recommend,693,obs,0.975,0.6254,1.034,47.4,1.0,1.034,1.034
1786367516.206,S3,reserve,351,obs,0.975,0.9767,1.381,48.2,1.348,1.381,1.381
1786367516.206,S3,search,519,obs,0.975,3.232,4.083,50.0,4.019,4.083,4.083
1786367517.206,S1,recommend,0,prior,0.0,,,,1.24,,1.24
1786367517.206,S1,reserve,0,prior,0.0,,,,1.658,,1.658
1786367517.206,S1,search,0,prior,0.0,,,56988.5,6.899,81.433,6.899
1786367517.206,S2,recommend,0,prior,0.0,,,,0.975,,0.975
1786367517.206,S2,reserve,0,prior,0.0,,,,1.332,,1.332
1786367517.206,S2,search,0,prior,0.0,,,,4.287,,4.287
1786367517.206,S3,recommend,698,obs,0.9771,0.6551,1.078,45.7,1.0,1.078,1.078
1786367517.206,S3,reserve,347,obs,0.975,0.9897,1.466,47.4,1.348,1.466,1.466
1786367517.206,S3,search,519,obs,0.975,3.2927,4.083,48.2,4.019,4.083,4.083
1786367518.206,S1,recommend,0,prior,0.0,,,,1.24,,1.24
1786367518.206,S1,reserve,0,prior,0.0,,,,1.658,,1.658
1786367518.206,S1,search,0,prior,0.0,,,57988.5,6.899,81.433,6.899
1786367518.206,S2,recommend,0,prior,0.0,,,,0.975,,0.975
1786367518.206,S2,reserve,0,prior,0.0,,,,1.332,,1.332
1786367518.206,S2,search,0,prior,0.0,,,,4.287,,4.287
1786367518.206,S3,recommend,699,obs,0.9766,0.654,1.099,44.9,1.0,1.099,1.099
1786367518.206,S3,reserve,345,obs,0.975,0.9818,1.45,45.7,1.348,1.45,1.45
1786367518.206,S3,search,521,obs,0.975,3.3319,4.283,49.9,4.019,4.283,4.283
1786367519.206,S1,recommend,0,prior,0.0,,,,1.24,,1.24
1786367519.206,S1,reserve,0,prior,0.0,,,,1.658,,1.658
1786367519.206,S1,search,0,prior,0.0,,,58989.4,6.899,81.433,6.899
1786367519.206,S2,recommend,0,prior,0.0,,,,0.975,,0.975
1786367519.206,S2,reserve,0,prior,0.0,,,,1.332,,1.332
1786367519.206,S2,search,0,prior,0.0,,,,4.287,,4.287
1786367519.206,S3,recommend,695,obs,0.9771,0.6238,1.054,44.1,1.0,1.054,1.054
1786367519.206,S3,reserve,346,obs,0.9691,0.9701,1.285,53.3,1.348,1.285,1.285
1786367519.206,S3,search,523,obs,0.975,3.2681,4.185,49.1,4.019,4.185,4.185
1786367520.206,S1,recommend,0,prior,0.0,,,,1.24,,1.24
1786367520.206,S1,reserve,0,prior,0.0,,,,1.658,,1.658
1786367520.206,S1,search,0,prior,0.0,,,59988.5,6.899,81.433,6.899
1786367520.206,S2,recommend,0,prior,0.0,,,,0.975,,0.975
1786367520.206,S2,reserve,0,prior,0.0,,,,1.332,,1.332
1786367520.206,S2,search,0,prior,0.0,,,,4.287,,4.287
1786367520.206,S3,recommend,693,obs,0.9788,0.6141,1.051,42.4,1.0,1.051,1.051
1786367520.206,S3,reserve,351,obs,0.975,0.9708,1.285,47.4,1.348,1.285,1.285
1786367520.206,S3,search,522,obs,0.9766,3.2396,4.075,44.9,4.019,4.075,4.075
1786367521.206,S1,recommend,0,prior,0.0,,,,1.24,,1.24
1786367521.206,S1,reserve,0,prior,0.0,,,,1.658,,1.658
1786367521.206,S1,search,0,prior,0.0,,,60988.5,6.899,81.433,6.899
1786367521.206,S2,recommend,0,prior,0.0,,,,0.975,,0.975
1786367521.206,S2,reserve,0,prior,0.0,,,,1.332,,1.332
1786367521.206,S2,search,0,prior,0.0,,,,4.287,,4.287
1786367521.206,S3,recommend,697,obs,0.9787,0.6209,1.016,40.7,1.0,1.016,1.016
1786367521.206,S3,reserve,351,obs,0.9788,0.958,1.338,42.4,1.348,1.338,1.338
1786367521.206,S3,search,520,obs,0.9771,3.2451,4.045,43.2,4.019,4.045,4.045
1786367522.206,S1,recommend,0,prior,0.0,,,,1.24,,1.24
1786367522.206,S1,reserve,0,prior,0.0,,,,1.658,,1.658
1786367522.206,S1,search,0,prior,0.0,,,61989.4,6.899,81.433,6.899
1786367522.206,S2,recommend,0,prior,0.0,,,,0.975,,0.975
1786367522.206,S2,reserve,0,prior,0.0,,,,1.332,,1.332
1786367522.206,S2,search,0,prior,0.0,,,,4.287,,4.287
1786367522.206,S3,recommend,698,obs,0.9771,0.6204,1.04,44.1,1.0,1.04,1.04
1786367522.206,S3,reserve,347,obs,0.9788,0.969,1.428,41.6,1.348,1.428,1.428
1786367522.206,S3,search,522,obs,0.9766,3.2469,4.023,43.3,4.019,4.023,4.023
1786367523.206,S1,recommend,0,prior,0.0,,,,1.24,,1.24
1786367523.206,S1,reserve,0,prior,0.0,,,,1.658,,1.658
1786367523.206,S1,search,0,prior,0.0,,,62988.5,6.899,81.433,6.899
1786367523.206,S2,recommend,0,prior,0.0,,,,0.975,,0.975
1786367523.206,S2,reserve,0,prior,0.0,,,,1.332,,1.332
1786367523.206,S2,search,0,prior,0.0,,,,4.287,,4.287
1786367523.206,S3,recommend,700,obs,0.9809,0.6184,1.03,38.2,1.0,1.03,1.03
1786367523.206,S3,reserve,346,obs,0.9767,0.966,1.341,39.9,1.348,1.341,1.341
1786367523.206,S3,search,524,obs,0.9784,3.2504,4.094,40.7,4.019,4.094,4.094
1786367524.206,S1,recommend,0,prior,0.0,,,,1.24,,1.24
1786367524.206,S1,reserve,0,prior,0.0,,,,1.658,,1.658
1786367524.206,S1,search,0,prior,0.0,,,63988.5,6.899,81.433,6.899
1786367524.206,S2,recommend,0,prior,0.0,,,,0.975,,0.975
1786367524.206,S2,reserve,0,prior,0.0,,,,1.332,,1.332
1786367524.206,S2,search,0,prior,0.0,,,,4.287,,4.287
1786367524.206,S3,recommend,696,obs,0.9804,0.6178,0.998,37.4,1.0,0.998,0.998
1786367524.206,S3,reserve,350,obs,0.9809,0.9665,1.341,38.2,1.348,1.341,1.341
1786367524.206,S3,search,525,obs,0.9775,3.2447,4.078,42.4,4.019,4.078,4.078
1786367525.206,S1,recommend,0,prior,0.0,,,,1.24,,1.24
1786367525.206,S1,reserve,0,prior,0.0,,,,1.658,,1.658
1786367525.206,S1,search,0,prior,0.0,,,64988.5,6.899,81.433,6.899
1786367525.206,S2,recommend,0,prior,0.0,,,,0.975,,0.975
1786367525.206,S2,reserve,0,prior,0.0,,,,1.332,,1.332
1786367525.206,S2,search,0,prior,0.0,,,,4.287,,4.287
1786367525.206,S3,recommend,697,obs,0.9809,0.6213,1.005,35.7,1.0,1.005,1.005
1786367525.206,S3,reserve,352,obs,0.9766,0.9828,1.353,44.9,1.348,1.353,1.353
1786367525.206,S3,search,522,obs,0.9796,3.2445,4.148,40.7,4.019,4.148,4.148
1786367526.206,S1,recommend,0,prior,0.0,,,,1.24,,1.24
1786367526.206,S1,reserve,0,prior,0.0,,,,1.658,,1.658
1786367526.206,S1,search,0,prior,0.0,,,65988.5,6.899,81.433,6.899
1786367526.206,S2,recommend,0,prior,0.0,,,,0.975,,0.975
1786367526.206,S2,reserve,0,prior,0.0,,,,1.332,,1.332
1786367526.206,S2,search,0,prior,0.0,,,,4.287,,4.287
1786367526.206,S3,recommend,700,obs,0.9809,0.6244,1.059,38.2,1.0,1.059,1.059
1786367526.206,S3,reserve,349,obs,0.9788,0.9757,1.353,39.9,1.348,1.353,1.353
1786367526.206,S3,search,521,obs,0.9787,3.2331,4.126,40.7,4.019,4.126,4.126
1786367527.206,S1,recommend,0,prior,0.0,,,,1.24,,1.24
1786367527.206,S1,reserve,0,prior,0.0,,,,1.658,,1.658
1786367527.206,S1,search,0,prior,0.0,,,66988.5,6.899,81.433,6.899
1786367527.206,S2,recommend,0,prior,0.0,,,,0.975,,0.975
1786367527.206,S2,reserve,0,prior,0.0,,,,1.332,,1.332
1786367527.206,S2,search,0,prior,0.0,,,,4.287,,4.287
1786367527.206,S3,recommend,701,obs,0.9804,0.6301,1.06,37.5,1.0,1.06,1.06
1786367527.206,S3,reserve,348,obs,0.9804,0.9697,1.312,34.9,1.348,1.312,1.312
1786367527.206,S3,search,523,obs,0.98,3.3377,4.298,39.9,4.019,4.298,4.298
1786367528.206,S1,recommend,0,prior,0.0,,,,1.24,,1.24
1786367528.206,S1,reserve,0,prior,0.0,,,,1.658,,1.658
1786367528.206,S1,search,0,prior,0.0,,,67988.5,6.899,81.433,6.899
1786367528.206,S2,recommend,0,prior,0.0,,,,0.975,,0.975
1786367528.206,S2,reserve,0,prior,0.0,,,,1.332,,1.332
1786367528.206,S2,search,0,prior,0.0,,,,4.287,,4.287
1786367528.206,S3,recommend,698,obs,0.9809,0.6416,1.14,35.7,1.0,1.14,1.14
1786367528.206,S3,reserve,349,obs,0.9787,1.0105,1.615,33.2,1.348,1.615,1.615
1786367528.206,S3,search,526,obs,0.9809,3.3904,4.486,38.1,4.019,4.486,4.486
1786367529.206,S1,recommend,0,prior,0.0,,,,1.24,,1.24
1786367529.206,S1,reserve,0,prior,0.0,,,,1.658,,1.658
1786367529.206,S1,search,0,prior,0.0,,,68989.4,6.899,81.433,6.899
1786367529.206,S2,recommend,0,prior,0.0,,,,0.975,,0.975
1786367529.206,S2,reserve,0,prior,0.0,,,,1.332,,1.332
1786367529.206,S2,search,0,prior,0.0,,,,4.287,,4.287
1786367529.206,S3,recommend,696,obs,0.9804,0.6312,1.14,35.8,1.0,1.14,1.14
1786367529.206,S3,reserve,353,obs,0.9825,1.0099,1.704,33.3,1.348,1.704,1.704
1786367529.206,S3,search,524,obs,0.9791,3.286,4.341,40.8,4.019,4.341,4.341
1786367530.206,S1,recommend,0,prior,0.0,,,,1.24,,1.24
1786367530.206,S1,reserve,0,prior,0.0,,,,1.658,,1.658
1786367530.206,S1,search,0,prior,0.0,,,69988.5,6.899,81.433,6.899
1786367530.206,S2,recommend,0,prior,0.0,,,,0.975,,0.975
1786367530.206,S2,reserve,0,prior,0.0,,,,1.332,,1.332
1786367530.206,S2,search,0,prior,0.0,,,,4.287,,4.287
1786367530.206,S3,recommend,701,obs,0.9829,0.6168,1.001,32.4,1.0,1.001,1.001
1786367530.206,S3,reserve,351,obs,0.9788,0.9649,1.215,42.4,1.348,1.215,1.215
1786367530.206,S3,search,523,obs,0.9813,3.2211,4.105,34.9,4.019,4.105,4.105
1786367531.206,S1,recommend,0,prior,0.0,,,,1.24,,1.24
1786367531.206,S1,reserve,0,prior,0.0,,,,1.658,,1.658
1786367531.206,S1,search,0,prior,0.0,,,70988.5,6.899,81.433,6.899
1786367531.206,S2,recommend,0,prior,0.0,,,,0.975,,0.975
1786367531.206,S2,reserve,0,prior,0.0,,,,1.332,,1.332
1786367531.206,S2,search,0,prior,0.0,,,,4.287,,4.287
1786367531.206,S3,recommend,703,obs,0.9846,0.6231,1.025,30.7,1.0,1.025,1.025
1786367531.206,S3,reserve,348,obs,0.9804,0.9594,1.385,37.4,1.348,1.385,1.385
1786367531.206,S3,search,525,obs,0.9812,3.2266,4.101,33.2,4.019,4.101,4.101
1786367532.206,S1,recommend,0,prior,0.0,,,,1.24,,1.24
1786367532.206,S1,reserve,0,prior,0.0,,,,1.658,,1.658
1786367532.206,S1,search,0,prior,0.0,,,71988.5,6.899,81.433,6.899
1786367532.206,S2,recommend,0,prior,0.0,,,,0.975,,0.975
1786367532.206,S2,reserve,0,prior,0.0,,,,1.332,,1.332
1786367532.206,S2,search,0,prior,0.0,,,,4.287,,4.287
1786367532.206,S3,recommend,702,obs,0.9846,0.6201,1.044,30.7,1.0,1.044,1.044
1786367532.206,S3,reserve,348,obs,0.9804,0.9823,1.507,32.4,1.348,1.507,1.507
1786367532.206,S3,search,526,obs,0.9821,3.2321,4.119,33.2,4.019,4.119,4.119
1786367533.206,S1,recommend,0,prior,0.0,,,,1.24,,1.24
1786367533.206,S1,reserve,0,prior,0.0,,,,1.658,,1.658
1786367533.206,S1,search,0,prior,0.0,,,72988.5,6.899,81.433,6.899
1786367533.206,S2,recommend,0,prior,0.0,,,,0.975,,0.975
1786367533.206,S2,reserve,0,prior,0.0,,,,1.332,,1.332
1786367533.206,S2,search,0,prior,0.0,,,,4.287,,4.287
1786367533.206,S3,recommend,698,obs,0.9841,0.6206,1.05,29.9,1.0,1.05,1.05
1786367533.206,S3,reserve,352,obs,0.9846,0.9796,1.481,30.7,1.348,1.481,1.481
1786367533.206,S3,search,527,obs,0.9825,3.2481,4.119,32.4,4.019,4.119,4.119
1786367534.206,S1,recommend,0,prior,0.0,,,,1.24,,1.24
1786367534.206,S1,reserve,0,prior,0.0,,,,1.658,,1.658
1786367534.206,S1,search,0,prior,0.0,,,73989.4,6.899,81.433,6.899
1786367534.206,S2,recommend,0,prior,0.0,,,,0.975,,0.975
1786367534.206,S2,reserve,0,prior,0.0,,,,1.332,,1.332
1786367534.206,S2,search,0,prior,0.0,,,,4.287,,4.287
1786367534.206,S3,recommend,700,obs,0.9846,0.6226,1.096,29.1,1.0,1.096,1.096
1786367534.206,S3,reserve,354,obs,0.9841,0.9743,1.501,30.8,1.348,1.501,1.501
1786367534.206,S3,search,523,obs,0.9825,3.2483,4.076,31.6,4.019,4.076,4.076
1786367535.207,S1,recommend,0,prior,0.0,,,,1.24,,1.24
1786367535.207,S1,reserve,0,prior,0.0,,,,1.658,,1.658
1786367535.207,S1,search,0,prior,0.0,,,74988.5,6.899,81.433,6.899
1786367535.207,S2,recommend,0,prior,0.0,,,,0.975,,0.975
1786367535.207,S2,reserve,0,prior,0.0,,,,1.332,,1.332
1786367535.207,S2,search,0,prior,0.0,,,,4.287,,4.287
1786367535.207,S3,recommend,705,obs,0.9863,0.6184,1.029,27.4,1.0,1.029,1.029
1786367535.207,S3,reserve,350,obs,0.9846,0.9712,1.49,28.2,1.348,1.49,1.49
1786367535.207,S3,search,524,obs,0.9829,3.2238,3.984,32.4,4.019,3.984,3.984
1786367536.205,S1,recommend,0,prior,0.0,,,,1.24,,1.24
1786367536.205,S1,reserve,0,prior,0.0,,,,1.658,,1.658
1786367536.205,S1,search,0,prior,0.0,,,75988.5,6.899,81.433,6.899
1786367536.205,S2,recommend,0,prior,0.0,,,,0.975,,0.975
1786367536.205,S2,reserve,0,prior,0.0,,,,1.332,,1.332
1786367536.205,S2,search,0,prior,0.0,,,,4.287,,4.287
1786367536.205,S3,recommend,668,obs,0.9362,0.6223,1.008,125.7,1.0,1.008,1.008
1786367536.205,S3,reserve,332,obs,0.9316,0.9751,1.377,132.4,1.348,1.377,1.377
1786367536.205,S3,search,500,obs,0.9359,3.2328,4.091,128.2,4.019,4.091,4.091
1786367537.206,S1,recommend,0,prior,0.0,,,,1.24,,1.24
1786367537.206,S1,reserve,0,prior,0.0,,,,1.658,,1.658
1786367537.206,S1,search,0,prior,0.0,,,76988.5,6.899,81.433,6.899
1786367537.206,S2,recommend,0,prior,0.0,,,,0.975,,0.975
1786367537.206,S2,reserve,0,prior,0.0,,,,1.332,,1.332
1786367537.206,S2,search,0,prior,0.0,,,,4.287,,4.287
1786367537.206,S3,recommend,664,obs,0.9358,0.6312,1.092,125.7,1.0,1.092,1.092
1786367537.206,S3,reserve,334,obs,0.9316,1.0508,1.494,127.4,1.348,1.494,1.494
1786367537.206,S3,search,502,obs,0.9358,3.2908,4.19,128.2,4.019,4.19,4.19
1786367538.205,S1,recommend,0,prior,0.0,,,,1.24,,1.24
1786367538.205,S1,reserve,0,prior,0.0,,,,1.658,,1.658
1786367538.205,S1,search,0,prior,0.0,,,77988.5,6.899,81.433,6.899
1786367538.205,S2,recommend,0,prior,0.0,,,,0.975,,0.975
1786367538.205,S2,reserve,0,prior,0.0,,,,1.332,,1.332
1786367538.205,S2,search,0,prior,0.0,,,,4.287,,4.287
1786367538.205,S3,recommend,667,obs,0.9375,0.634,1.098,124.9,1.0,1.098,1.098
1786367538.205,S3,reserve,337,obs,0.9375,1.047,1.408,122.4,1.348,1.408,1.408
1786367538.205,S3,search,498,obs,0.9354,3.3189,4.262,127.4,4.019,4.262,4.262
1786367539.205,S1,recommend,0,prior,0.0,,,,1.24,,1.24
1786367539.205,S1,reserve,0,prior,0.0,,,,1.658,,1.658
1786367539.205,S1,search,0,prior,0.0,,,78988.5,6.899,81.433,6.899
1786367539.205,S2,recommend,0,prior,0.0,,,,0.975,,0.975
1786367539.205,S2,reserve,0,prior,0.0,,,,1.332,,1.332
1786367539.205,S2,search,0,prior,0.0,,,,4.287,,4.287
1786367539.205,S3,recommend,669,obs,0.9375,0.6279,1.102,123.3,1.0,1.102,1.102
1786367539.205,S3,reserve,333,obs,0.9375,0.9799,1.429,124.9,1.348,1.429,1.429
1786367539.205,S3,search,500,obs,0.9358,3.2621,4.098,125.7,4.019,4.098,4.098
1786367540.206,S1,recommend,0,prior,0.0,,,,1.24,,1.24
1786367540.206,S1,reserve,0,prior,0.0,,,,1.658,,1.658
1786367540.206,S1,search,0,prior,0.0,,,79989.4,6.899,81.433,6.899
1786367540.206,S2,recommend,0,prior,0.0,,,,0.975,,0.975
1786367540.206,S2,reserve,0,prior,0.0,,,,1.332,,1.332
1786367540.206,S2,search,0,prior,0.0,,,,4.287,,4.287
1786367540.206,S3,recommend,669,obs,0.9375,0.6194,0.993,123.3,1.0,0.993,0.993
1786367540.206,S3,reserve,334,obs,0.9391,0.9493,1.301,120.8,1.348,1.301,1.301
1786367540.206,S3,search,500,obs,0.9341,3.251,4.056,128.3,4.019,4.056,4.056
1786367541.207,S1,recommend,0,prior,0.0,,,,1.24,,1.24
1786367541.207,S1,reserve,0,prior,0.0,,,,1.658,,1.658
1786367541.207,S1,search,0,prior,0.0,,,80989.4,6.899,81.433,6.899
1786367541.207,S2,recommend,0,prior,0.0,,,,0.975,,0.975
1786367541.207,S2,reserve,0,prior,0.0,,,,1.332,,1.332
1786367541.207,S2,search,0,prior,0.0,,,,4.287,,4.287
1786367541.207,S3,recommend,669,obs,0.9392,0.6058,0.945,120.8,1.0,0.945,0.945
1786367541.207,S3,reserve,332,obs,0.9317,0.9534,1.321,130.8,1.348,1.321,1.321
1786367541.207,S3,search,503,obs,0.9375,3.231,4.074,123.3,4.019,4.074,4.074
1786367542.207,S1,recommend,0,prior,0.0,,,,1.24,,1.24
1786367542.207,S1,reserve,0,prior,0.0,,,,1.658,,1.658
1786367542.207,S1,search,0,prior,0.0,,,81989.4,6.899,81.433,6.899
1786367542.207,S2,recommend,0,prior,0.0,,,,0.975,,0.975
1786367542.207,S2,reserve,0,prior,0.0,,,,1.332,,1.332
1786367542.207,S2,search,0,prior,0.0,,,,4.287,,4.287
1786367542.207,S3,recommend,667,obs,0.94,0.6245,1.1,119.1,1.0,1.1,1.1
1786367542.207,S3,reserve,336,obs,0.9316,0.9651,1.359,125.8,1.348,1.359,1.359
1786367542.207,S3,search,502,obs,0.9383,3.2343,4.084,121.6,4.019,4.084,4.084
1786367543.207,S1,recommend,0,prior,0.0,,,,1.24,,1.24
1786367543.207,S1,reserve,0,prior,0.0,,,,1.658,,1.658
1786367543.207,S1,search,0,prior,0.0,,,82989.4,6.899,81.433,6.899
1786367543.207,S2,recommend,0,prior,0.0,,,,0.975,,0.975
1786367543.207,S2,reserve,0,prior,0.0,,,,1.332,,1.332
1786367543.207,S2,search,0,prior,0.0,,,,4.287,,4.287
1786367543.207,S3,recommend,670,obs,0.9396,0.6184,1.012,119.1,1.0,1.012,1.012
1786367543.207,S3,reserve,336,obs,0.9391,0.9719,1.51,120.8,1.348,1.51,1.51
1786367543.207,S3,search,499,obs,0.9375,3.2243,4.043,121.6,4.019,4.043,4.043
1786367544.207,S1,recommend,0,prior,0.0,,,,1.24,,1.24
1786367544.207,S1,reserve,0,prior,0.0,,,,1.658,,1.658
1786367544.207,S1,search,0,prior,0.0,,,83989.4,6.899,81.433,6.899
1786367544.207,S2,recommend,0,prior,0.0,,,,0.975,,0.975
1786367544.207,S2,reserve,0,prior,0.0,,,,1.332,,1.332
1786367544.207,S2,search,0,prior,0.0,,,,4.287,,4.287
1786367544.207,S3,recommend,670,obs,0.9392,0.6166,1.059,118.3,1.0,1.059,1.059
1786367544.207,S3,reserve,334,obs,0.9396,0.969,1.339,119.1,1.348,1.339,1.339
1786367544.207,S3,search,502,obs,0.9391,3.2258,4.222,120.8,4.019,4.222,4.222
1786367545.207,S1,recommend,0,prior,0.0,,,,1.24,,1.24
1786367545.207,S1,reserve,0,prior,0.0,,,,1.658,,1.658
1786367545.207,S1,search,0,prior,0.0,,,84989.4,6.899,81.433,6.899
1786367545.207,S2,recommend,0,prior,0.0,,,,0.975,,0.975
1786367545.207,S2,reserve,0,prior,0.0,,,,1.332,,1.332
1786367545.207,S2,search,0,prior,0.0,,,,4.287,,4.287
1786367545.207,S3,recommend,672,obs,0.9413,0.6227,1.059,116.6,1.0,1.059,1.059
1786367545.207,S3,reserve,334,obs,0.9391,0.9558,1.266,118.3,1.348,1.266,1.266
1786367545.207,S3,search,501,obs,0.9375,3.2898,4.334,119.0,4.019,4.334,4.334
1786367546.206,S1,recommend,0,prior,0.0,,,,1.24,,1.24
1786367546.206,S1,reserve,0,prior,0.0,,,,1.658,,1.658
1786367546.206,S1,search,0,prior,0.0,,,85989.4,6.899,81.433,6.899
1786367546.206,S2,recommend,0,prior,0.0,,,,0.975,,0.975
1786367546.206,S2,reserve,0,prior,0.0,,,,1.332,,1.332
1786367546.206,S2,search,0,prior,0.0,,,,4.287,,4.287
1786367546.206,S3,recommend,669,obs,0.9412,0.6168,1.015,115.8,1.0,1.015,1.015
1786367546.206,S3,reserve,335,obs,0.9375,0.9628,1.307,116.6,1.348,1.307,1.307
1786367546.206,S3,search,504,obs,0.9391,3.285,4.256,120.8,4.019,4.256,4.256
1786367547.207,S1,recommend,0,prior,0.0,,,,1.24,,1.24
1786367547.207,S1,reserve,0,prior,0.0,,,,1.658,,1.658
1786367547.207,S1,search,0,prior,0.0,,,86989.4,6.899,81.433,6.899
1786367547.207,S2,recommend,0,prior,0.0,,,,0.975,,0.975
1786367547.207,S2,reserve,0,prior,0.0,,,,1.332,,1.332
1786367547.207,S2,search,0,prior,0.0,,,,4.287,,4.287
1786367547.207,S3,recommend,671,obs,0.9416,0.6195,1.047,113.3,1.0,1.047,1.047
1786367547.207,S3,reserve,337,obs,0.9375,0.9905,1.351,123.3,1.348,1.351,1.351
1786367547.207,S3,search,502,obs,0.9416,3.3012,4.182,115.8,4.019,4.182,4.182
1786367548.207,S1,recommend,0,prior,0.0,,,,1.24,,1.24
1786367548.207,S1,reserve,0,prior,0.0,,,,1.658,,1.658
1786367548.207,S1,search,0,prior,0.0,,,87989.4,6.899,81.433,6.899
1786367548.207,S2,recommend,0,prior,0.0,,,,0.975,,0.975
1786367548.207,S2,reserve,0,prior,0.0,,,,1.332,,1.332
1786367548.207,S2,search,0,prior,0.0,,,,4.287,,4.287
1786367548.207,S3,recommend,673,obs,0.9438,0.6329,1.02,111.6,1.0,1.02,1.02
1786367548.207,S3,reserve,334,obs,0.9392,0.9792,1.304,118.3,1.348,1.304,1.304
1786367548.207,S3,search,504,obs,0.9421,3.3066,4.209,114.1,4.019,4.209,4.209
1786367549.207,S1,recommend,0,prior,0.0,,,,1.24,,1.24
1786367549.207,S1,reserve,0,prior,0.0,,,,1.658,,1.658
1786367549.207,S1,search,0,prior,0.0,,,88989.4,6.899,81.433,6.899
1786367549.207,S2,recommend,0,prior,0.0,,,,0.975,,0.975
1786367549.207,S2,reserve,0,prior,0.0,,,,1.332,,1.332
1786367549.207,S2,search,0,prior,0.0,,,,4.287,,4.287
1786367549.207,S3,recommend,672,obs,0.9434,0.6293,0.987,111.5,1.0,0.987,0.987
1786367549.207,S3,reserve,336,obs,0.9429,0.9525,1.273,113.3,1.348,1.273,1.273
1786367549.207,S3,search,503,obs,0.9412,3.2526,4.159,114.1,4.019,4.159,4.159
1786367550.207,S1,recommend,0,prior,0.0,,,,1.24,,1.24
1786367550.207,S1,reserve,0,prior,0.0,,,,1.658,,1.658
1786367550.207,S1,search,0,prior,0.0,,,89989.4,6.899,81.433,6.899
1786367550.207,S2,recommend,0,prior,0.0,,,,0.975,,0.975
1786367550.207,S2,reserve,0,prior,0.0,,,,1.332,,1.332
1786367550.207,S2,search,0,prior,0.0,,,,4.287,,4.287
1786367550.207,S3,recommend,672,obs,0.9441,0.6186,0.982,110.8,1.0,0.982,0.982
1786367550.207,S3,reserve,335,obs,0.9413,0.9556,1.295,111.5,1.348,1.295,1.295
1786367550.207,S3,search,505,obs,0.9425,3.2698,4.218,113.3,4.019,4.218,4.218
1786367551.207,S1,recommend,0,prior,0.0,,,,1.24,,1.24
1786367551.207,S1,reserve,0,prior,0.0,,,,1.658,,1.658
1786367551.207,S1,search,0,prior,0.0,,,90989.4,6.899,81.433,6.899
1786367551.207,S2,recommend,0,prior,0.0,,,,0.975,,0.975
1786367551.207,S2,reserve,0,prior,0.0,,,,1.332,,1.332
1786367551.207,S2,search,0,prior,0.0,,,,4.287,,4.287
1786367551.207,S3,recommend,671,obs,0.9449,0.6331,1.103,109.1,1.0,1.103,1.103
1786367551.207,S3,reserve,338,obs,0.9391,0.9595,1.304,110.8,1.348,1.304,1.304
1786367551.207,S3,search,504,obs,0.9433,3.2853,4.297,111.6,4.019,4.297,4.297
1786367552.207,S1,recommend,0,prior,0.0,,,,1.24,,1.24
1786367552.207,S1,reserve,0,prior,0.0,,,,1.658,,1.658
1786367552.207,S1,search,0,prior,0.0,,,91989.4,6.899,81.433,6.899
1786367552.207,S2,recommend,0,prior,0.0,,,,0.975,,0.975
1786367552.207,S2,reserve,0,prior,0.0,,,,1.332,,1.332
1786367552.207,S2,search,0,prior,0.0,,,,4.287,,4.287
1786367552.207,S3,recommend,675,obs,0.945,0.6171,1.028,108.3,1.0,1.028,1.028
1786367552.207,S3,reserve,337,obs,0.945,0.9616,1.32,109.1,1.348,1.32,1.32
1786367552.207,S3,search,502,obs,0.9416,3.2292,3.96,113.3,4.019,3.96,3.96
1786367553.207,S1,recommend,0,prior,0.0,,,,1.24,,1.24
1786367553.207,S1,reserve,0,prior,0.0,,,,1.658,,1.658
1786367553.207,S1,search,0,prior,0.0,,,92989.4,6.899,81.433,6.899
1786367553.207,S2,recommend,0,prior,0.0,,,,0.975,,0.975
1786367553.207,S2,reserve,0,prior,0.0,,,,1.332,,1.332
1786367553.207,S2,search,0,prior,0.0,,,,4.287,,4.287
1786367553.207,S3,recommend,674,obs,0.945,0.6201,1.05,106.6,1.0,1.05,1.05
1786367553.207,S3,reserve,335,obs,0.9412,0.974,1.392,115.8,1.348,1.392,1.392
1786367553.207,S3,search,506,obs,0.9454,3.2406,4.059,108.3,4.019,4.059,4.059
1786367554.207,S1,recommend,0,prior,0.0,,,,1.24,,1.24
1786367554.207,S1,reserve,0,prior,0.0,,,,1.658,,1.658
1786367554.207,S1,search,0,prior,0.0,,,93989.4,6.899,81.433,6.899
1786367554.207,S2,recommend,0,prior,0.0,,,,0.975,,0.975
1786367554.207,S2,reserve,0,prior,0.0,,,,1.332,,1.332
1786367554.207,S2,search,0,prior,0.0,,,,4.287,,4.287
1786367554.207,S3,recommend,675,obs,0.9466,0.6411,1.138,105.8,1.0,1.138,1.138
1786367554.207,S3,reserve,336,obs,0.9429,0.9796,1.38,110.8,1.348,1.38,1.38
1786367554.207,S3,search,504,obs,0.9429,3.2838,4.218,108.3,4.019,4.218,4.218
1786367555.206,S1,recommend,0,prior,0.0,,,,1.24,,1.24
1786367555.206,S1,reserve,0,prior,0.0,,,,1.658,,1.658
1786367555.206,S1,search,0,prior,0.0,,,94989.4,6.899,81.433,6.899
1786367555.206,S2,recommend,0,prior,0.0,,,,0.975,,0.975
1786367555.206,S2,reserve,0,prior,0.0,,,,1.332,,1.332
1786367555.206,S2,search,0,prior,0.0,,,,4.287,,4.287
1786367555.206,S3,recommend,671,obs,0.945,0.6285,1.113,108.3,1.0,1.113,1.113
1786367555.206,S3,reserve,338,obs,0.9429,0.9903,1.384,105.8,1.348,1.384,1.384
1786367555.206,S3,search,506,obs,0.9441,3.2997,4.26,110.8,4.019,4.26,4.26
1786367556.207,S1,recommend,0,prior,0.0,,,,1.24,,1.24
1786367556.207,S1,reserve,0,prior,0.0,,,,1.658,,1.658
1786367556.207,S1,search,0,prior,0.0,,,95989.4,6.899,81.433,6.899
1786367556.207,S2,recommend,0,prior,0.0,,,,0.975,,0.975
1786367556.207,S2,reserve,0,prior,0.0,,,,1.332,,1.332
1786367556.207,S2,search,0,prior,0.0,,,,4.287,,4.287
1786367556.207,S3,recommend,674,obs,0.9467,0.6111,1.034,103.2,1.0,1.034,1.034
1786367556.207,S3,reserve,340,obs,0.9471,0.9755,1.384,104.1,1.348,1.384,1.384
1786367556.207,S3,search,504,obs,0.9466,3.2611,4.109,105.8,4.019,4.109,4.109
1786367557.206,S1,recommend,0,prior,0.0,,,,1.24,,1.24
1786367557.206,S1,reserve,0,prior,0.0,,,,1.658,,1.658
1786367557.206,S1,search,0,prior,0.0,,,96989.4,6.899,81.433,6.899
1786367557.206,S2,recommend,0,prior,0.0,,,,0.975,,0.975
1786367557.206,S2,reserve,0,prior,0.0,,,,1.332,,1.332
1786367557.206,S2,search,0,prior,0.0,,,,4.287,,4.287
1786367557.206,S3,recommend,677,obs,0.9488,0.6467,1.053,101.6,1.0,1.053,1.053
1786367557.206,S3,reserve,336,obs,0.9467,0.9865,1.411,103.3,1.348,1.411,1.411
1786367557.206,S3,search,506,obs,0.9471,3.3166,4.078,104.1,4.019,4.078,4.078
1786367558.207,S1,recommend,0,prior,0.0,,,,1.24,,1.24
1786367558.207,S1,reserve,0,prior,0.0,,,,1.658,,1.658
1786367558.207,S1,search,0,prior,0.0,,,97989.4,6.899,81.433,6.899
1786367558.207,S2,recommend,0,prior,0.0,,,,0.975,,0.975
1786367558.207,S2,reserve,0,prior,0.0,,,,1.332,,1.332
1786367558.207,S2,search,0,prior,0.0,,,,4.287,,4.287
1786367558.207,S3,recommend,677,obs,0.9487,0.6553,1.055,100.8,1.0,1.055,1.055
1786367558.207,S3,reserve,337,obs,0.9487,0.9873,1.469,101.6,1.348,1.469,1.469
1786367558.207,S3,search,506,obs,0.9454,3.3238,4.274,105.8,4.019,4.274,4.274
1786367559.206,S1,recommend,0,prior,0.0,,,,1.24,,1.24
1786367559.206,S1,reserve,0,prior,0.0,,,,1.658,,1.658
1786367559.206,S1,search,0,prior,0.0,,,98989.4,6.899,81.433,6.899
1786367559.206,S2,recommend,0,prior,0.0,,,,0.975,,0.975
1786367559.206,S2,reserve,0,prior,0.0,,,,1.332,,1.332
1786367559.206,S2,search,0,prior,0.0,,,,4.287,,4.287
1786367559.206,S3,recommend,675,obs,0.9487,0.6109,1.024,101.6,1.0,1.024,1.024
1786367559.206,S3,reserve,336,obs,0.9429,0.9529,1.335,108.3,1.348,1.335,1.335
1786367559.206,S3,search,508,obs,0.9471,3.2363,4.14,104.1,4.019,4.14,4.14
1786367560.206,S1,recommend,0,prior,0.0,,,,1.24,,1.24
1786367560.206,S1,reserve,0,prior,0.0,,,,1.658,,1.658
1786367560.206,S1,search,0,prior,0.0,,,99989.4,6.899,81.433,6.899
1786367560.206,S2,recommend,0,prior,0.0,,,,0.975,,0.975
1786367560.206,S2,reserve,0,prior,0.0,,,,1.332,,1.332
1786367560.206,S2,search,0,prior,0.0,,,,4.287,,4.287
1786367560.206,S3,recommend,674,obs,0.9504,0.6113,1.024,98.3,1.0,1.024,1.024
1786367560.206,S3,reserve,340,obs,0.9429,0.9546,1.29,103.3,1.348,1.29,1.29
1786367560.206,S3,search,507,obs,0.9487,3.2462,4.216,100.8,4.019,4.216,4.216
1786367561.207,S1,recommend,0,prior,0.0,,,,1.24,,1.24
1786367561.207,S1,reserve,0,prior,0.0,,,,1.658,,1.658
1786367561.207,S1,search,0,prior,0.0,,,100989.4,6.899,81.433,6.899
1786367561.207,S2,recommend,0,prior,0.0,,,,0.975,,0.975
1786367561.207,S2,reserve,0,prior,0.0,,,,1.332,,1.332
1786367561.207,S2,search,0,prior,0.0,,,,4.287,,4.287
1786367561.207,S3,recommend,677,obs,0.9488,0.6177,1.111,100.8,1.0,1.111,1.111
1786367561.207,S3,reserve,340,obs,0.9504,0.9644,1.313,98.3,1.348,1.313,1.313
1786367561.207,S3,search,504,obs,0.9467,3.2472,4.284,103.3,4.019,4.284,4.284
1786367562.207,S1,recommend,0,prior,0.0,,,,1.24,,1.24
1786367562.207,S1,reserve,0,prior,0.0,,,,1.658,,1.658
1786367562.207,S1,search,0,prior,0.0,,,101989.4,6.899,81.433,6.899
1786367562.207,S2,recommend,0,prior,0.0,,,,0.975,,0.975
1786367562.207,S2,reserve,0,prior,0.0,,,,1.332,,1.332
1786367562.207,S2,search,0,prior,0.0,,,,4.287,,4.287
1786367562.207,S3,recommend,678,obs,0.9504,0.6146,1.072,95.8,1.0,1.072,1.072
1786367562.207,S3,reserve,337,obs,0.9487,0.956,1.378,100.8,1.348,1.378,1.378
1786367562.207,S3,search,507,obs,0.9487,3.2256,4.087,101.6,4.019,4.087,4.087
1786367563.207,S1,recommend,0,prior,0.0,,,,1.24,,1.24
1786367563.207,S1,reserve,0,prior,0.0,,,,1.658,,1.658
1786367563.207,S1,search,0,prior,0.0,,,102989.4,6.899,81.433,6.899
1786367563.207,S2,recommend,0,prior,0.0,,,,0.975,,0.975
1786367563.207,S2,reserve,0,prior,0.0,,,,1.332,,1.332
1786367563.207,S2,search,0,prior,0.0,,,,4.287,,4.287
1786367563.207,S3,recommend,680,obs,0.9525,0.623,1.073,94.1,1.0,1.073,1.073
1786367563.207,S3,reserve,338,obs,0.9504,0.9504,1.339,95.8,1.348,1.339,1.339
1786367563.207,S3,search,507,obs,0.9487,3.2349,4.087,96.6,4.019,4.087,4.087
1786367564.207,S1,recommend,0,prior,0.0,,,,1.24,,1.24
1786367564.207,S1,reserve,0,prior,0.0,,,,1.658,,1.658
1786367564.207,S1,search,0,prior,0.0,,,103989.4,6.899,81.433,6.899
1786367564.207,S2,recommend,0,prior,0.0,,,,0.975,,0.975
1786367564.207,S2,reserve,0,prior,0.0,,,,1.332,,1.332
1786367564.207,S2,search,0,prior,0.0,,,,4.287,,4.287
1786367564.207,S3,recommend,677,obs,0.9525,0.6267,1.092,93.3,1.0,1.092,1.092
1786367564.207,S3,reserve,339,obs,0.9487,0.9675,1.339,94.1,1.348,1.339,1.339
1786367564.207,S3,search,510,obs,0.9504,3.2539,4.115,98.3,4.019,4.115,4.115
1786367565.207,S1,recommend,0,prior,0.0,,,,1.24,,1.24
1786367565.207,S1,reserve,0,prior,0.0,,,,1.658,,1.658
1786367565.207,S1,search,0,prior,0.0,,,104989.4,6.899,81.433,6.899
1786367565.207,S2,recommend,0,prior,0.0,,,,0.975,,0.975
1786367565.207,S2,reserve,0,prior,0.0,,,,1.332,,1.332
1786367565.207,S2,search,0,prior,0.0,,,,4.287,,4.287
1786367565.207,S3,recommend,677,obs,0.9525,0.6204,1.038,91.6,1.0,1.038,1.038
1786367565.207,S3,reserve,343,obs,0.9525,0.9762,1.357,93.3,1.348,1.357,1.357
1786367565.207,S3,search,507,obs,0.9525,3.2507,4.173,94.1,4.019,4.173,4.173
1786367566.206,S1,recommend,0,prior,0.0,,,,1.24,,1.24
1786367566.206,S1,reserve,0,prior,0.0,,,,1.658,,1.658
1786367566.206,S1,search,0,prior,0.0,,,105989.4,6.899,81.433,6.899
1786367566.206,S2,recommend,0,prior,0.0,,,,0.975,,0.975
1786367566.206,S2,reserve,0,prior,0.0,,,,1.332,,1.332
1786367566.206,S2,search,0,prior,0.0,,,,4.287,,4.287
1786367566.206,S3,recommend,682,obs,0.9542,0.6181,1.032,90.8,1.0,1.032,1.032
1786367566.206,S3,reserve,339,obs,0.9525,0.9649,1.317,91.6,1.348,1.317,1.317
1786367566.206,S3,search,507,obs,0.9487,3.2381,4.111,100.8,4.019,4.111,4.111
1786367567.207,S1,recommend,0,prior,0.0,,,,1.24,,1.24
1786367567.207,S1,reserve,0,prior,0.0,,,,1.658,,1.658
1786367567.207,S1,search,0,prior,0.0,,,106989.4,6.899,81.433,6.899
1786367567.207,S2,recommend,0,prior,0.0,,,,0.975,,0.975
1786367567.207,S2,reserve,0,prior,0.0,,,,1.332,,1.332
1786367567.207,S2,search,0,prior,0.0,,,,4.287,,4.287
1786367567.207,S3,recommend,681,obs,0.9546,0.6427,1.093,89.1,1.0,1.093,1.093
1786367567.207,S3,reserve,338,obs,0.9504,0.9673,1.267,98.3,1.348,1.267,1.267
1786367567.207,S3,search,509,obs,0.9512,3.3446,4.254,94.1,4.019,4.254,4.254
1786367568.207,S1,recommend,0,prior,0.0,,,,1.24,,1.24
1786367568.207,S1,reserve,0,prior,0.0,,,,1.658,,1.658
1786367568.207,S1,search,0,prior,0.0,,,107989.4,6.899,81.433,6.899
1786367568.207,S2,recommend,0,prior,0.0,,,,0.975,,0.975
1786367568.207,S2,reserve,0,prior,0.0,,,,1.332,,1.332
1786367568.207,S2,search,0,prior,0.0,,,,4.287,,4.287
1786367568.207,S3,recommend,680,obs,0.9554,0.6396,1.09,88.3,1.0,1.09,1.09
1786367568.207,S3,reserve,338,obs,0.9504,0.9769,1.291,93.3,1.348,1.291,1.291
1786367568.207,S3,search,510,obs,0.9522,3.3448,4.282,94.0,4.019,4.282,4.282
1786367569.206,S1,recommend,0,prior,0.0,,,,1.24,,1.24
1786367569.206,S1,reserve,0,prior,0.0,,,,1.658,,1.658
1786367569.206,S1,search,0,prior,0.0,,,108989.4,6.899,81.433,6.899
1786367569.206,S2,recommend,0,prior,0.0,,,,0.975,,0.975
1786367569.206,S2,reserve,0,prior,0.0,,,,1.332,,1.332
1786367569.206,S2,search,0,prior,0.0,,,,4.287,,4.287
1786367569.206,S3,recommend,676,obs,0.9541,0.6233,1.111,90.8,1.0,1.111,1.111
1786367569.206,S3,reserve,342,obs,0.9504,0.9703,1.367,88.3,1.348,1.367,1.367
1786367569.206,S3,search,511,obs,0.9525,3.2349,4.065,93.3,4.019,4.065,4.065
1786367570.206,S1,recommend,0,prior,0.0,,,,1.24,,1.24
1786367570.206,S1,reserve,0,prior,0.0,,,,1.658,,1.658
1786367570.206,S1,search,0,prior,0.0,,,109989.4,6.899,81.433,6.899
1786367570.206,S2,recommend,0,prior,0.0,,,,0.975,,0.975
1786367570.206,S2,reserve,0,prior,0.0,,,,1.332,,1.332
1786367570.206,S2,search,0,prior,0.0,,,,4.287,,4.287
1786367570.206,S3,recommend,681,obs,0.9562,0.623,1.14,85.8,1.0,1.14,1.14
1786367570.206,S3,reserve,343,obs,0.9562,0.9624,1.328,86.6,1.348,1.328,1.328
1786367570.206,S3,search,508,obs,0.9541,3.2307,4.012,88.3,4.019,4.012,4.012
1786367571.206,S1,recommend,0,prior,0.0,,,,1.24,,1.24
1786367571.206,S1,reserve,0,prior,0.0,,,,1.658,,1.658
1786367571.206,S1,search,0,prior,0.0,,,110989.4,6.899,81.433,6.899
1786367571.206,S2,recommend,0,prior,0.0,,,,0.975,,0.975
1786367571.206,S2,reserve,0,prior,0.0,,,,1.332,,1.332
1786367571.206,S2,search,0,prior,0.0,,,,4.287,,4.287
1786367571.206,S3,recommend,682,obs,0.9542,0.6191,1.056,88.3,1.0,1.056,1.056
1786367571.206,S3,reserve,338,obs,0.9546,0.9534,1.332,89.1,1.348,1.332,1.332
1786367571.206,S3,search,510,obs,0.9529,3.235,4.098,93.3,4.019,4.098,4.098
1786367572.207,S1,recommend,0,prior,0.0,,,,1.24,,1.24
1786367572.207,S1,reserve,0,prior,0.0,,,,1.658,,1.658
1786367572.207,S1,search,0,prior,0.0,,,111989.4,6.899,81.433,6.899
1786367572.207,S2,recommend,0,prior,0.0,,,,0.975,,0.975
1786367572.207,S2,reserve,0,prior,0.0,,,,1.332,,1.332
1786367572.207,S2,search,0,prior,0.0,,,,4.287,,4.287
1786367572.207,S3,recommend,684,obs,0.9567,0.6136,1.036,85.8,1.0,1.036,1.036
1786367572.207,S3,reserve,339,obs,0.9563,0.9571,1.419,84.1,1.348,1.419,1.419
1786367572.207,S3,search,510,obs,0.9529,3.2425,4.12,88.3,4.019,4.12,4.12
1786367573.207,S1,recommend,0,prior,0.0,,,,1.24,,1.24
1786367573.207,S1,reserve,0,prior,0.0,,,,1.658,,1.658
1786367573.207,S1,search,0,prior,0.0,,,112989.4,6.899,81.433,6.899
1786367573.207,S2,recommend,0,prior,0.0,,,,0.975,,0.975
1786367573.207,S2,reserve,0,prior,0.0,,,,1.332,,1.332
1786367573.207,S2,search,0,prior,0.0,,,,4.287,,4.287
1786367573.207,S3,recommend,680,obs,0.9571,0.6305,1.078,84.0,1.0,1.078,1.078
1786367573.207,S3,reserve,340,obs,0.9504,1.0193,1.487,90.8,1.348,1.487,1.487
1786367573.207,S3,search,513,obs,0.9562,3.3438,4.462,86.6,4.019,4.462,4.462
1786367574.206,S1,recommend,0,prior,0.0,,,,1.24,,1.24
1786367574.206,S1,reserve,0,prior,0.0,,,,1.658,,1.658
1786367574.206,S1,search,0,prior,0.0,,,113989.4,6.899,81.433,6.899
1786367574.206,S2,recommend,0,prior,0.0,,,,0.975,,0.975
1786367574.206,S2,reserve,0,prior,0.0,,,,1.332,,1.332
1786367574.206,S2,search,0,prior,0.0,,,,4.287,,4.287
1786367574.206,S3,recommend,679,obs,0.9563,0.6306,1.035,84.0,1.0,1.035,1.035
1786367574.206,S3,reserve,345,obs,0.9562,1.0085,1.354,85.8,1.348,1.354,1.354
1786367574.206,S3,search,509,obs,0.9562,3.3617,4.462,86.6,4.019,4.462,4.462
1786367575.207,S1,recommend,0,prior,0.0,,,,1.24,,1.24
1786367575.207,S1,reserve,0,prior,0.0,,,,1.658,,1.658
1786367575.207,S1,search,0,prior,0.0,,,114989.4,6.899,81.433,6.899
1786367575.207,S2,recommend,0,prior,0.0,,,,0.975,,0.975
1786367575.207,S2,reserve,0,prior,0.0,,,,1.332,,1.332
1786367575.207,S2,search,0,prior,0.0,,,,4.287,,4.287
1786367575.207,S3,recommend,684,obs,0.9579,0.6131,0.936,83.3,1.0,0.936,0.936
1786367575.207,S3,reserve,341,obs,0.9563,0.9541,1.307,84.1,1.348,1.307,1.307
1786367575.207,S3,search,509,obs,0.9562,3.2473,4.113,85.8,4.019,4.113,4.113
1786367576.206,S1,recommend,0,prior,0.0,,,,1.24,,1.24
1786367576.206,S1,reserve,0,prior,0.0,,,,1.658,,1.658
1786367576.206,S1,search,0,prior,0.0,,,115989.4,6.899,81.433,6.899
1786367576.206,S2,recommend,0,prior,0.0,,,,0.975,,0.975
1786367576.206,S2,reserve,0,prior,0.0,,,,1.332,,1.332
1786367576.206,S2,search,0,prior,0.0,,,,4.287,,4.287
1786367576.206,S3,recommend,684,obs,0.9584,0.6128,0.965,81.6,1.0,0.965,0.965
1786367576.206,S3,reserve,340,obs,0.9579,0.9579,1.347,83.3,1.348,1.347,1.347
1786367576.206,S3,search,511,obs,0.9563,3.2665,4.204,84.1,4.019,4.204,4.204
1786367577.207,S1,recommend,0,prior,0.0,,,,1.24,,1.24
1786367577.207,S1,reserve,0,prior,0.0,,,,1.658,,1.658
1786367577.207,S1,search,0,prior,0.0,,,116989.4,6.899,81.433,6.899
1786367577.207,S2,recommend,0,prior,0.0,,,,0.975,,0.975
1786367577.207,S2,reserve,0,prior,0.0,,,,1.332,,1.332
1786367577.207,S2,search,0,prior,0.0,,,,4.287,,4.287
1786367577.207,S3,recommend,684,obs,0.9591,0.6314,1.034,80.8,1.0,1.034,1.034
1786367577.207,S3,reserve,339,obs,0.9562,1.0138,1.386,81.6,1.348,1.386,1.386
1786367577.207,S3,search,513,obs,0.9562,3.3627,4.548,85.8,4.019,4.548,4.548
1786367578.206,S1,recommend,0,prior,0.0,,,,1.24,,1.24
1786367578.206,S1,reserve,0,prior,0.0,,,,1.658,,1.658
1786367578.206,S1,search,0,prior,0.0,,,117989.4,6.899,81.433,6.899
1786367578.206,S2,recommend,0,prior,0.0,,,,0.975,,0.975
1786367578.206,S2,reserve,0,prior,0.0,,,,1.332,,1.332
1786367578.206,S2,search,0,prior,0.0,,,,4.287,,4.287
1786367578.206,S3,recommend,681,obs,0.9604,0.6265,1.028,78.3,1.0,1.028,1.028
1786367578.206,S3,reserve,342,obs,0.9504,1.015,1.316,88.3,1.348,1.316,1.316
1786367578.206,S3,search,515,obs,0.9588,3.3167,4.261,80.8,4.019,4.261,4.261
1786367579.206,S1,recommend,0,prior,0.0,,,,1.24,,1.24
1786367579.206,S1,reserve,0,prior,0.0,,,,1.658,,1.658
1786367579.206,S1,search,0,prior,0.0,,,118989.4,6.899,81.433,6.899
1786367579.206,S2,recommend,0,prior,0.0,,,,0.975,,0.975
1786367579.206,S2,reserve,0,prior,0.0,,,,1.332,,1.332
1786367579.206,S2,search,0,prior,0.0,,,,4.287,,4.287
1786367579.206,S3,recommend,683,obs,0.96,0.6074,0.986,78.3,1.0,0.986,0.986
1786367579.206,S3,reserve,344,obs,0.9578,0.9613,1.268,83.2,1.348,1.268,1.268
1786367579.206,S3,search,510,obs,0.9579,3.2209,4.106,80.8,4.019,4.106,4.106
1786367580.204,S1,recommend,0,prior,0.0,,,,1.24,,1.24
1786367580.204,S1,reserve,0,prior,0.0,,,,1.658,,1.658
1786367580.204,S1,search,0,prior,0.0,,,119989.4,6.899,81.433,6.899
1786367580.204,S2,recommend,0,prior,0.0,,,,0.975,,0.975
1786367580.204,S2,reserve,0,prior,0.0,,,,1.332,,1.332
1786367580.204,S2,search,0,prior,0.0,,,,4.287,,4.287
1786367580.204,S3,recommend,550,prior_fill,0.7704,0.6177,1.054,455.8,1.0,0.986,1.0
1786367580.204,S3,reserve,273,prior_fill,0.7687,0.9538,1.298,460.8,1.348,1.268,1.348
1786367580.204,S3,search,412,prior_fill,0.7704,3.2291,4.002,458.3,4.019,4.106,4.019
1786367581.200,S1,recommend,0,prior,0.0,,,,1.24,,1.24
1786367581.200,S1,reserve,0,prior,0.0,,,,1.658,,1.658
1786367581.200,S1,search,0,prior,0.0,,,120989.4,6.899,81.433,6.899
1786367581.200,S2,recommend,0,prior,0.0,,,,0.975,,0.975
1786367581.200,S2,reserve,0,prior,0.0,,,,1.332,,1.332
1786367581.200,S2,search,0,prior,0.0,,,,4.287,,4.287
1786367581.200,S3,recommend,197,prior_fill,0.2717,0.6299,1.148,1455.8,1.0,0.986,1.0
1786367581.200,S3,reserve,94,prior,0.2679,0.9387,1.221,1460.8,1.348,1.268,1.348
1786367581.200,S3,search,144,prior_fill,0.2679,3.2478,4.217,1458.3,4.019,4.106,4.019
