conn,seq,scheduled_ts,send_ts,end_ts,status,bytes_recv,request_id,warmup,service_ms,corrected_ms,ep
0,0,1785688782.613714,1785688782.614831,1785688782.646532,200,4474,e5c8cef2-b0cf-4671-937e-acc6176eb38e,1,31.701,32.818,-
1,0,1785688782.663714,1785688782.664912,1785688782.695455,200,4474,3da9ee5a-4084-49f0-84d8-d54530e3ff95,1,30.543,31.741,-
0,1,1785688782.713714,1785688782.713871,1785688782.743646,200,4474,5fb4ecb8-cd79-4d0c-a18b-dbc361856625,1,29.775,29.932,-
1,1,1785688782.763714,1785688782.763869,1785688782.793383,200,4474,ae1260e2-a28f-4382-8caf-415c2b56d7a1,1,29.514,29.669,-
0,2,1785688782.813714,1785688782.813859,1785688782.843494,200,4474,27aaebab-1510-4968-959d-47e79241a981,1,29.635,29.780,-
1,2,1785688782.863714,1785688782.863856,1785688782.893639,200,4474,4ed56069-2e6e-4432-823e-48774ff0826d,1,29.784,29.925,-
0,3,1785688782.913714,1785688782.913844,1785688782.943942,200,4474,e2b40e09-16fd-4396-b6fa-72ea2712fa19,1,30.097,30.227,-
1,3,1785688782.963714,1785688782.963796,1785688782.993334,200,4474,f7e07f6a-0f15-4370-a1ef-b085ee74ef09,1,29.538,29.620,-
0,4,1785688783.013714,1785688783.013845,1785688783.043635,200,4474,8a2fe6df-c4b4-404a-88fa-ae2d17676309,1,29.789,29.920,-
1,4,1785688783.063714,1785688783.063843,1785688783.093516,200,4474,4f099cef-1efc-49f2-9225-bba8b1ad3c89,1,29.673,29.801,-
0,5,1785688783.113714,1785688783.113842,1785688783.143364,200,4474,7c66171f-7310-45ea-982e-2b6cb0ce5274,1,29.522,29.650,-
1,5,1785688783.163714,1785688783.163837,1785688783.194138,200,4474,36c4566e-83ce-49c3-aff7-35784762bb06,1,30.301,30.424,-
0,6,1785688783.213714,1785688783.213843,1785688783.244218,200,4474,640aaad9-4bf7-4d3a-a0fe-b21c9a155958,1,30.376,30.504,-
1,6,1785688783.263714,1785688783.263837,1785688783.293379,200,4474,323507f3-1366-4677-a0cb-9ff58c5d69bf,1,29.542,29.665,-
0,7,1785688783.313714,1785688783.313836,1785688783.343350,200,4474,c1411ebf-c276-4c68-ab71-042e89baa705,1,29.513,29.635,-
1,7,1785688783.363714,1785688783.363836,1785688783.393214,200,4474,1a12c398-49e1-4a5e-bb19-bd5591c5c7c5,1,29.378,29.500,-
0,8,1785688783.413714,1785688783.413838,1785688783.443451,200,4474,38fc21d4-5480-4c76-a459-4f8272762ad0,1,29.613,29.737,-
1,8,1785688783.463714,1785688783.463795,1785688783.493507,200,4474,b3fc07d3-f7ef-4a06-b199-8e050931da2b,1,29.712,29.793,-
0,9,1785688783.513714,1785688783.513835,1785688783.543618,200,4474,328a10a8-6522-4026-93ed-6c4e8aaf9550,1,29.783,29.904,-
1,9,1785688783.563714,1785688783.563845,1785688783.593381,200,4474,945b4ce8-90cf-4a57-8a22-7d91b9566c33,1,29.535,29.666,-
0,10,1785688783.613714,1785688783.613850,1785688783.643361,200,4474,2765dace-828e-4e70-bad2-9e76f6f1744e,1,29.511,29.647,-
1,10,1785688783.663714,1785688783.663838,1785688783.693411,200,4474,bcc3f405-1503-446a-95f8-e2bd7c8e4a25,1,29.573,29.697,-
0,11,1785688783.713714,1785688783.713844,1785688783.743290,200,4474,702d847f-a884-433c-8255-ef0e344d32f3,1,29.447,29.576,-
1,11,1785688783.763714,1785688783.763839,1785688783.794157,200,4474,f98bf66e-1773-4a36-a03c-4d21d5b9185b,1,30.318,30.443,-
0,12,1785688783.813714,1785688783.813834,1785688783.843362,200,4474,8d66f016-c9a7-41d8-969e-c6d25ca038ed,1,29.528,29.648,-
1,12,1785688783.863714,1785688783.863838,1785688783.894722,200,4474,88ca7d6e-341a-4dae-bf3f-bf895d630c73,1,30.884,31.008,-
0,13,1785688783.913714,1785688783.913848,1785688783.943550,200,4474,eeb46501-3643-45ba-be3d-786096837bc5,1,29.702,29.836,-
1,13,1785688783.963714,1785688783.963837,1785688783.993323,200,4474,4c5a02a5-9515-4e47-ac5c-3ab4cb9e5eb0,1,29.486,29.609,-
0,14,1785688784.013714,1785688784.013849,1785688784.043377,200,4474,ac5464cd-580f-4444-8e8d-55e91a4eef04,1,29.529,29.663,-
1,14,1785688784.063714,1785688784.063836,1785688784.093642,200,4474,e5d6194b-71f7-4e1a-924b-70aded7dcb1b,1,29.806,29.928,-
0,15,1785688784.113714,1785688784.113836,1785688784.143265,200,4474,de527a8a-d3ea-47f9-99bb-e13add0883e7,1,29.429,29.551,-
1,15,1785688784.163714,1785688784.163834,1785688784.193338,200,4474,d4a6ee04-3bb1-4d72-bcdd-4b58477d591d,1,29.504,29.624,-
0,16,1785688784.213714,1785688784.213838,1785688784.243283,200,4474,853d91cf-7248-4bee-810b-c4d61acde78e,1,29.445,29.569,-
1,16,1785688784.263714,1785688784.263825,1785688784.293840,200,4474,94dd7cf2-49c7-4d27-90bc-a0e139b11440,1,30.014,30.126,-
0,17,1785688784.313714,1785688784.313858,1785688784.343360,200,4474,0c31735a-d352-40f4-b33e-6f86291b494b,1,29.502,29.646,-
1,17,1785688784.363714,1785688784.363846,1785688784.393580,200,4474,85d4c06b-ea07-48c0-91ed-7a18ebcbe9da,1,29.734,29.866,-
0,18,1785688784.413714,1785688784.413837,1785688784.443299,200,4474,46ebb6f9-7ff6-4e41-bbeb-9d346a6a8d05,1,29.461,29.584,-
1,18,1785688784.463714,1785688784.463843,1785688784.493189,200,4474,00d008f8-8a90-4e03-be4c-09c18d1067a7,1,29.346,29.474,-
0,19,1785688784.513714,1785688784.513844,1785688784.543467,200,4474,778aa405-1b88-42d8-a387-02b1301fcd09,1,29.623,29.752,-
1,19,1785688784.563714,1785688784.563837,1785688784.593519,200,4474,3ec53607-c6c0-49ec-91f2-3cb58bf95b6e,1,29.682,29.805,-
0,20,1785688784.613714,1785688784.613839,1785688784.644080,200,4474,6a24e6f8-3a92-4cd9-9b64-6fd6584f494b,1,30.241,30.366,-
1,20,1785688784.663714,1785688784.663836,1785688784.693947,200,4474,fda0eb51-7d89-4052-86f5-245a878abbc7,1,30.111,30.233,-
0,21,1785688784.713714,1785688784.713846,1785688784.743622,200,4474,5f55316d-8e20-4064-af66-aafb6a53da09,1,29.776,29.908,-
1,21,1785688784.763714,1785688784.763837,1785688784.793548,200,4474,52bbcb32-7950-44cb-aff4-c3272943e6b5,1,29.711,29.834,-
0,22,1785688784.813714,1785688784.813848,1785688784.843221,200,4474,30bfdfd7-c2d9-4b3a-8c3a-2c63aff6b8dc,1,29.373,29.507,-
1,22,1785688784.863714,1785688784.863838,1785688784.893791,200,4474,2bac0637-18fc-450e-b9e9-fdf6ec996d8b,1,29.953,30.077,-
0,23,1785688784.913714,1785688784.913859,1785688784.943480,200,4474,20f08d69-466a-408e-8d29-a30f93000d0d,1,29.622,29.766,-
1,23,1785688784.963714,1785688784.963839,1785688784.993680,200,4474,77a7b626-7b36-4c9f-ba27-28c836ff7984,1,29.842,29.966,-
0,24,1785688785.013714,1785688785.013840,1785688785.044108,200,4474,15c41b1f-3d6b-485d-8ad7-637c68f31117,1,30.267,30.393,-
1,24,1785688785.063714,1785688785.063834,1785688785.093354,200,4474,9cfc6dfd-a969-484b-9e38-da689d76fd06,1,29.520,29.640,-
0,25,1785688785.113714,1785688785.113844,1785688785.143302,200,4474,a180aa86-b6fb-496c-9b08-4a72b0d7be3d,1,29.458,29.588,-
1,25,1785688785.163714,1785688785.163878,1785688785.193880,200,4474,adea4e3d-d89c-4eab-8e2b-d49b9b400afa,1,30.002,30.165,-
0,26,1785688785.213714,1785688785.213860,1785688785.243744,200,4474,f88ca247-62cb-412c-807c-f9cd967386fe,1,29.884,30.030,-
1,26,1785688785.263714,1785688785.263857,1785688785.293222,200,4474,df227d79-9c95-4e06-a5ff-23ed558e4c98,1,29.365,29.508,-
0,27,1785688785.313714,1785688785.313834,1785688785.343329,200,4474,3dd1c0a0-6f74-4b5f-b310-27c5009c63c6,1,29.494,29.614,-
1,27,1785688785.363714,1785688785.363852,1785688785.393186,200,4474,8f33a6ea-3636-49c3-a2b0-aaa4dc3f3796,1,29.334,29.472,-
0,28,1785688785.413714,1785688785.413845,1785688785.443372,200,4474,299c1ece-1791-44c5-ac40-84590dfb314d,1,29.527,29.658,-
1,28,1785688785.463714,1785688785.463841,1785688785.493677,200,4474,b10c9459-952a-43f4-a052-9cad0fd04dde,1,29.836,29.963,-
0,29,1785688785.513714,1785688785.513845,1785688785.543782,200,4474,9f0f121b-37b6-40d9-ace4-20bb1f2433b5,1,29.937,30.068,-
1,29,1785688785.563714,1785688785.563848,1785688785.593296,200,4474,f5f1be8e-e5a4-448f-86af-4860aa9f7134,1,29.448,29.582,-
0,30,1785688785.613714,1785688785.613838,1785688785.643350,200,4474,e142b5ab-75e9-434a-9dc0-16fd9dda61c0,1,29.512,29.635,-
1,30,1785688785.663714,1785688785.663838,1785688785.693323,200,4474,5d2d6d19-2977-4975-b3c1-a8b07b9715ea,1,29.485,29.609,-
0,31,1785688785.713714,1785688785.713838,1785688785.743233,200,4474,10ce784e-effe-4120-9695-8aa610cd57f0,1,29.395,29.519,-
1,31,1785688785.763714,1785688785.763837,1785688785.793540,200,4474,5aa109d7-1243-461b-a055-85bd3be4ac3f,1,29.703,29.826,-
0,32,1785688785.813714,1785688785.813838,1785688785.843877,200,4474,8c6b113e-444d-4696-80ef-8321382b2b43,1,30.039,30.163,-
1,32,1785688785.863714,1785688785.863839,1785688785.893260,200,4474,600f98d1-e9e3-44f0-9de6-e726b995f35a,1,29.421,29.545,-
0,33,1785688785.913714,1785688785.913834,1785688785.943442,200,4474,aea90fa1-12fb-4a47-b554-757a591a0088,1,29.607,29.727,-
1,33,1785688785.963714,1785688785.963852,1785688785.993372,200,4474,5049f803-0b4c-46f1-a8fe-189576974bc0,1,29.520,29.658,-
0,34,1785688786.013714,1785688786.013849,1785688786.043371,200,4474,5f98c5b4-d34f-4c57-b270-cbde86015b96,1,29.522,29.657,-
1,34,1785688786.063714,1785688786.063844,1785688786.093556,200,4474,aa69d0e9-89fb-4723-8f24-ba0acd94f296,1,29.712,29.842,-
0,35,1785688786.113714,1785688786.113846,1785688786.143089,200,4474,3c7200d3-a1af-4ca4-84fc-086898ac332f,1,29.243,29.375,-
1,35,1785688786.163714,1785688786.163825,1785688786.194100,200,4474,e4d3689d-5e4e-43fe-9528-db0a8388a6d6,1,30.275,30.385,-
0,36,1785688786.213714,1785688786.213851,1785688786.243309,200,4474,93169235-beac-4d3f-a1c0-b79684902df4,1,29.458,29.595,-
1,36,1785688786.263714,1785688786.263833,1785688786.293880,200,4474,c4062fda-ebf7-440e-844a-1cc84048f1ec,1,30.047,30.166,-
0,37,1785688786.313714,1785688786.313841,1785688786.343336,200,4474,6ad009c3-16a0-43bf-ba52-2bebd9d0cc1e,1,29.495,29.622,-
1,37,1785688786.363714,1785688786.363834,1785688786.393549,200,4474,c9c3ead6-169e-449f-b047-b58532409e21,1,29.715,29.835,-
0,38,1785688786.413714,1785688786.413847,1785688786.443557,200,4474,42d9f5d0-b0b5-4b9b-a723-9d5d020993a4,1,29.710,29.843,-
1,38,1785688786.463714,1785688786.463849,1785688786.493203,200,4474,00dba455-230b-44b7-9254-ee543e12a2cc,1,29.355,29.489,-
0,39,1785688786.513714,1785688786.513836,1785688786.543246,200,4474,6d3cb241-a9b6-45a7-8e74-ce9f4ae40606,1,29.410,29.531,-
1,39,1785688786.563714,1785688786.563837,1785688786.593165,200,4474,967931b7-e44f-4bc2-b5e3-f258ba1749ca,1,29.328,29.451,-
0,40,1785688786.613714,1785688786.613846,1785688786.643287,200,4474,f136d801-e3e2-4d19-be35-490668c966b3,1,29.441,29.573,-
1,40,1785688786.663714,1785688786.663845,1785688786.693605,200,4474,1ae88a9f-b933-45fe-bd23-8bcd7e3a2dec,1,29.760,29.891,-
0,41,1785688786.713714,1785688786.713855,1785688786.743979,200,4474,163abd04-84ae-4a75-abcd-50f92984fcf5,1,30.124,30.265,-
1,41,1785688786.763714,1785688786.763847,1785688786.793308,200,4474,0d5e0965-1507-4401-89ff-22db80f13c99,1,29.462,29.594,-
0,42,1785688786.813714,1785688786.813850,1785688786.843499,200,4474,dc22ef5d-605a-40df-ab41-691bfe8dd4db,1,29.650,29.785,-
1,42,1785688786.863714,1785688786.863841,1785688786.893237,200,4474,f14d3bf0-dba2-407d-858e-7e794a1ace53,1,29.395,29.522,-
0,43,1785688786.913714,1785688786.913860,1785688786.943396,200,4474,fa327033-33c1-46a5-84f1-b1fa75232bfb,1,29.536,29.682,-
1,43,1785688786.963714,1785688786.963836,1785688786.993603,200,4474,8c2f4eaf-8163-43d4-abe6-777b607dc393,1,29.767,29.889,-
0,44,1785688787.013714,1785688787.013845,1785688787.044607,200,4474,7cda35d8-0d24-4dd1-bddf-337c3bd25ff4,1,30.762,30.893,-
1,44,1785688787.063714,1785688787.063835,1785688787.093313,200,4474,799d2764-8bcd-44f3-8994-2e6d590bfdfd,1,29.478,29.599,-
0,45,1785688787.113714,1785688787.113847,1785688787.143343,200,4474,46eb9766-1f2e-421d-b08e-27851ff75b8e,1,29.496,29.629,-
1,45,1785688787.163714,1785688787.163835,1785688787.193578,200,4474,2f22544b-ab24-45bd-9082-4235388c05a7,1,29.742,29.863,-
0,46,1785688787.213714,1785688787.213847,1785688787.243225,200,4474,2e8f139f-e515-4d56-932f-c8bcafe03a43,1,29.379,29.511,-
1,46,1785688787.263714,1785688787.263843,1785688787.293713,200,4474,7ba47d70-9a4a-4dfe-a2c8-6dfc2d7e35de,1,29.870,29.999,-
0,47,1785688787.313714,1785688787.313839,1785688787.343718,200,4474,ac3e6bc7-ea10-47a2-b3e6-d5b58501d0d6,1,29.878,30.003,-
1,47,1785688787.363714,1785688787.363834,1785688787.393837,200,4474,9d61d103-4933-405c-87c0-76215a437e2b,1,30.003,30.123,-
0,48,1785688787.413714,1785688787.413848,1785688787.443425,200,4474,911ddbba-8a36-44f2-98bd-bbef125a2eca,1,29.577,29.711,-
1,48,1785688787.463714,1785688787.463844,1785688787.493081,200,4474,cf04c2b4-fcb8-4e68-84d9-b6f2224e443e,1,29.237,29.367,-
0,49,1785688787.513714,1785688787.513859,1785688787.543219,200,4474,c837ddaf-97b4-4a82-8d39-a5b6a4677cfe,1,29.360,29.505,-
1,49,1785688787.563714,1785688787.563845,1785688787.593663,200,4474,b9a103bd-c5ca-4077-9a49-fa98cb4c9d70,1,29.818,29.948,-
0,50,1785688787.613714,1785688787.613848,1785688787.643505,200,4474,3f5292e1-930f-4214-bba5-3be07ffdfe89,1,29.658,29.791,-
1,50,1785688787.663714,1785688787.663836,1785688787.693216,200,4474,1bdc7b99-386b-469f-8d27-4e8b920ba9f5,1,29.379,29.502,-
0,51,1785688787.713714,1785688787.713837,1785688787.743091,200,4474,a87e0516-9d61-46c6-9687-9d92b12f9d99,1,29.254,29.377,-
1,51,1785688787.763714,1785688787.763833,1785688787.793580,200,4474,69c5ef0c-c7b6-4b4e-947c-52f545d829c2,1,29.747,29.866,-
0,52,1785688787.813714,1785688787.813838,1785688787.843087,200,4474,da9bf944-0c32-4d29-8783-5311a0ac6eb9,1,29.249,29.373,-
1,52,1785688787.863714,1785688787.863840,1785688787.893443,200,4474,c070addb-8f8b-4d1d-a4f8-8f4e23e19e41,1,29.603,29.729,-
0,53,1785688787.913714,1785688787.913858,1785688787.943478,200,4474,63259301-c6ee-4135-bf6f-4b589e807a60,1,29.620,29.764,-
1,53,1785688787.963714,1785688787.963845,1785688787.993306,200,4474,b363b501-6985-46e5-885b-b8fb2fcd7059,1,29.461,29.592,-
0,54,1785688788.013714,1785688788.013858,1785688788.044136,200,4474,97e68200-f317-4283-b59f-650e633f437d,1,30.278,30.421,-
1,54,1785688788.063714,1785688788.063843,1785688788.093578,200,4474,efe5619a-18d0-45e6-8096-4254e29d8a4c,1,29.736,29.864,-
0,55,1785688788.113714,1785688788.113831,1785688788.143293,200,4474,d92e7e1c-e123-47b6-a48b-14608af13161,1,29.462,29.579,-
1,55,1785688788.163714,1785688788.163835,1785688788.193468,200,4474,4c282169-5ea0-4890-bd88-852f0d9fc45d,1,29.633,29.754,-
0,56,1785688788.213714,1785688788.213838,1785688788.243290,200,4474,88acdcf7-cd04-4241-9cc9-9f0f27a2af00,1,29.452,29.576,-
1,56,1785688788.263714,1785688788.263835,1785688788.293281,200,4474,ef1ab79e-1340-42e4-8b53-bf9b506c0135,1,29.445,29.567,-
0,57,1785688788.313714,1785688788.313837,1785688788.343268,200,4474,c3ce8606-d3e8-4c07-869d-d8d16c52fb1e,1,29.431,29.554,-
1,57,1785688788.363714,1785688788.363837,1785688788.393188,200,4474,a1b00afc-ee2b-4048-8f65-42993401ebc8,1,29.351,29.473,-
0,58,1785688788.413714,1785688788.413846,1785688788.443238,200,4474,ba949708-502f-4ba5-92d3-d7015fbe796c,1,29.391,29.523,-
1,58,1785688788.463714,1785688788.463834,1785688788.494393,200,4474,616f40a9-6229-4a1b-979d-a47d096c5e47,1,30.559,30.679,-
0,59,1785688788.513714,1785688788.513839,1785688788.543679,200,4474,f37b1760-29f9-4fcd-8974-ac3b28145c34,1,29.841,29.965,-
1,59,1785688788.563714,1785688788.563835,1785688788.593188,200,4474,de4636cf-358e-4181-89ac-edc0c0014a48,1,29.353,29.474,-
0,60,1785688788.613714,1785688788.613861,1785688788.643491,200,4474,09fc6289-3c47-4a5c-8902-cdea076c3604,1,29.630,29.777,-
1,60,1785688788.663714,1785688788.663835,1785688788.693371,200,4474,442dfdef-2696-4091-a4b5-2004d656340e,1,29.536,29.657,-
0,61,1785688788.713714,1785688788.713838,1785688788.743197,200,4474,a260b3b3-343c-4541-bf64-bc7ea58d9f61,1,29.359,29.483,-
1,61,1785688788.763714,1785688788.763833,1785688788.793677,200,4474,71387959-2041-443b-8256-97f016902636,1,29.844,29.963,-
0,62,1785688788.813714,1785688788.813838,1785688788.843338,200,4474,d120119a-650b-441e-aa9c-52a75e079b3e,1,29.501,29.624,-
1,62,1785688788.863714,1785688788.863834,1785688788.893235,200,4474,d5be9784-e1fe-4447-9aa1-5ee111acabe2,1,29.400,29.521,-
0,63,1785688788.913714,1785688788.913844,1785688788.943254,200,4474,c54e2ea5-36fa-4661-bb1f-3d917471af28,1,29.410,29.540,-
1,63,1785688788.963714,1785688788.963832,1785688788.993768,200,4474,6785a500-ea8b-4c15-8067-eabb953f71cc,1,29.936,30.054,-
0,64,1785688789.013714,1785688789.013849,1785688789.043444,200,4474,53d16a56-edfb-4ea2-86d6-e9e17e39a8e6,1,29.595,29.729,-
1,64,1785688789.063714,1785688789.063835,1785688789.093286,200,4474,446ceccb-a91e-4250-863d-d2fbdca933a3,1,29.451,29.572,-
0,65,1785688789.113714,1785688789.113840,1785688789.143259,200,4474,ea9ba5f4-1c7a-46b6-851a-aae5ce7398b6,1,29.419,29.544,-
1,65,1785688789.163714,1785688789.163835,1785688789.193571,200,4474,b618bd07-f3ec-439e-a656-c3f41796fcaf,1,29.736,29.856,-
0,66,1785688789.213714,1785688789.213846,1785688789.243296,200,4474,e5dda119-136b-4577-bb90-1b445f2b3ccb,1,29.450,29.582,-
1,66,1785688789.263714,1785688789.263846,1785688789.293479,200,4474,5734ba1d-7b2d-4e54-8160-4570bd888b06,1,29.634,29.765,-
0,67,1785688789.313714,1785688789.313846,1785688789.343630,200,4474,ba1c1b34-5f9a-40b8-bcf1-b68e6618ff18,1,29.784,29.916,-
1,67,1785688789.363714,1785688789.363835,1785688789.393225,200,4474,66dec276-c42b-4600-8934-38697bff7718,1,29.390,29.511,-
0,68,1785688789.413714,1785688789.413848,1785688789.443125,200,4474,bd1d8e2e-69f3-4ae8-8b38-f3d55cf99887,1,29.277,29.411,-
1,68,1785688789.463714,1785688789.463837,1785688789.493705,200,4474,68d58975-f823-4fd5-83c1-bc7838a8f9d0,1,29.868,29.991,-
0,69,1785688789.513714,1785688789.513837,1785688789.543096,200,4474,6a0d3c89-85af-4aac-a5e0-f2831a6fd40e,1,29.259,29.381,-
1,69,1785688789.563714,1785688789.563839,1785688789.593170,200,4474,886bf339-46ea-4a34-b7de-96cd115652ba,1,29.331,29.456,-
0,70,1785688789.613714,1785688789.613837,1785688789.643484,200,4474,ab581d70-012e-4df9-b5bf-bb970ccc9d23,1,29.648,29.770,-
1,70,1785688789.663714,1785688789.663847,1785688789.693174,200,4474,60bd19f2-5437-4602-adf0-2b1a8e877e68,1,29.327,29.460,-
0,71,1785688789.713714,1785688789.713834,1785688789.743508,200,4474,87c087c2-eb4a-4615-8cd5-d508c8ea73bd,1,29.673,29.794,-
1,71,1785688789.763714,1785688789.763836,1785688789.793378,200,4474,f195f4bf-6a08-490a-a974-35b721fa144a,1,29.542,29.664,-
0,72,1785688789.813714,1785688789.813844,1785688789.843710,200,4474,5d71a78d-9262-40c7-b653-e16c2b771e49,1,29.866,29.996,-
1,72,1785688789.863714,1785688789.863836,1785688789.894000,200,4474,ba563e29-cbda-477e-b660-3cafa04d2374,1,30.164,30.286,-
0,73,1785688789.913714,1785688789.913852,1785688789.943375,200,4474,7dbfe626-c08f-4c02-b3dd-29154a717ba8,1,29.523,29.661,-
1,73,1785688789.963714,1785688789.963854,1785688789.993869,200,4474,4fcc43f9-6c11-4e28-9aa9-3508c1baef49,1,30.015,30.155,-
0,74,1785688790.013714,1785688790.013844,1785688790.043406,200,4474,cb4b2b0c-b7a6-40b0-9f05-e9976d94010a,1,29.562,29.692,-
1,74,1785688790.063714,1785688790.063834,1785688790.093276,200,4474,1ce7fbbf-d28a-4717-8414-99fafffb9cf4,1,29.442,29.562,-
0,75,1785688790.113714,1785688790.113838,1785688790.143230,200,4474,b5801fc5-ecc5-4c0e-a074-c4ba009c1c6d,1,29.392,29.516,-
1,75,1785688790.163714,1785688790.163840,1785688790.193474,200,4474,a05197a8-62d4-477d-b625-bd066f85c1b5,1,29.634,29.760,-
0,76,1785688790.213714,1785688790.213837,1785688790.243340,200,4474,37bb923b-9c58-4479-a469-6544b85f80ff,1,29.503,29.626,-
1,76,1785688790.263714,1785688790.263835,1785688790.293855,200,4474,3600cf66-0945-449a-8c8e-89302baf1fe4,1,30.020,30.141,-
0,77,1785688790.313714,1785688790.313838,1785688790.343225,200,4474,1427b030-f90b-4821-8aa6-319daf35ae4d,1,29.387,29.511,-
1,77,1785688790.363714,1785688790.363835,1785688790.393333,200,4474,6fe36bc7-24c2-43d1-935b-1c48d1e34be9,1,29.498,29.619,-
0,78,1785688790.413714,1785688790.413838,1785688790.443274,200,4474,6d3426a0-27ea-4d4a-b534-4f6c26ffc1f1,1,29.436,29.559,-
1,78,1785688790.463714,1785688790.463834,1785688790.493638,200,4474,e93d2425-5576-4b63-943d-79e5f9aa7444,1,29.804,29.924,-
0,79,1785688790.513714,1785688790.513847,1785688790.543541,200,4474,79377221-921f-4aa3-90ed-c6c6a50d66c1,1,29.695,29.827,-
1,79,1785688790.563714,1785688790.563835,1785688790.593655,200,4474,4f804f89-2384-4a93-ac1e-315dad044cd6,1,29.819,29.940,-
0,80,1785688790.613714,1785688790.613845,1785688790.643366,200,4474,b6bf9877-95ad-48a2-9b7e-a45afaef995a,1,29.521,29.652,-
1,80,1785688790.663714,1785688790.663841,1785688790.693186,200,4474,a083c231-ef49-4053-8c35-61f0062f3ca1,1,29.344,29.472,-
0,81,1785688790.713714,1785688790.713837,1785688790.743441,200,4474,0c4f53b2-0775-4ca6-a093-3812081f31c3,1,29.604,29.727,-
1,81,1785688790.763714,1785688790.763842,1785688790.794201,200,4474,c3cb3003-4eba-4e75-a04e-ea88923ac5ff,1,30.358,30.487,-
0,82,1785688790.813714,1785688790.813829,1785688790.843298,200,4474,3e07ce7f-f1bb-4dba-8f76-63ded1a77669,1,29.469,29.584,-
1,82,1785688790.863714,1785688790.863837,1785688790.893164,200,4474,0f4739b4-e037-4dbe-a1c2-98e621d3f9c2,1,29.328,29.450,-
0,83,1785688790.913714,1785688790.913850,1785688790.943411,200,4474,76586f5c-a2c5-476a-98f5-57c3192d0cb2,1,29.561,29.697,-
1,83,1785688790.963714,1785688790.963850,1785688790.993362,200,4474,a89d0ec2-bf99-4c11-a81f-aac76bbb17ee,1,29.511,29.648,-
0,84,1785688791.013714,1785688791.013852,1785688791.043859,200,4474,a3ee8ee5-e020-4bad-9e67-44d107cda707,1,30.007,30.145,-
1,84,1785688791.063714,1785688791.063848,1785688791.093296,200,4474,fc743633-4ba5-410c-9277-98b218c90349,1,29.447,29.581,-
0,85,1785688791.113714,1785688791.113837,1785688791.143275,200,4474,9e9ff4c2-9d95-43df-966f-06731cf3a9e1,1,29.437,29.561,-
1,85,1785688791.163714,1785688791.163835,1785688791.193984,200,4474,ee9d0764-cde6-4a2d-8f14-6c6007f43bb4,1,30.149,30.270,-
0,86,1785688791.213714,1785688791.213848,1785688791.243366,200,4474,f505a510-6079-4273-aa2c-21a4c8d770e2,1,29.518,29.652,-
1,86,1785688791.263714,1785688791.263843,1785688791.294046,200,4474,a29c71fa-0e07-4be5-afa8-b50bb18b9f87,1,30.203,30.332,-
0,87,1785688791.313714,1785688791.313848,1785688791.343559,200,4474,25015c92-ce84-4ce6-b7dc-c11841ce5524,1,29.711,29.845,-
1,87,1785688791.363714,1785688791.363836,1785688791.393301,200,4474,e7d930a9-5e1c-47b0-b908-ca2ba3f3ce61,1,29.465,29.587,-
0,88,1785688791.413714,1785688791.413839,1785688791.443259,200,4474,48bcf490-37c7-4176-8ff0-83fe9ba4755d,1,29.419,29.544,-
1,88,1785688791.463714,1785688791.463836,1785688791.493184,200,4474,0b5393ff-8ded-4aae-b6c2-d27e8bbfe8a6,1,29.348,29.470,-
0,89,1785688791.513714,1785688791.513837,1785688791.543225,200,4474,7031f56d-f01e-413f-b190-750d02b1a744,1,29.388,29.511,-
1,89,1785688791.563714,1785688791.563854,1785688791.596483,200,4474,5b3da3e1-83e2-49a3-8ead-d90dd26d33c3,1,32.629,32.768,-
0,90,1785688791.613714,1785688791.613850,1785688791.643918,200,4474,cfb65806-112b-44a5-9320-d640724948c3,1,30.068,30.203,-
1,90,1785688791.663714,1785688791.663834,1785688791.693376,200,4474,b0cb9e9e-322f-4b5e-a338-5adb9054596c,1,29.542,29.662,-
0,91,1785688791.713714,1785688791.713881,1785688791.743199,200,4474,58939a71-38f4-42c5-906c-b803dcafa892,1,29.319,29.485,-
1,91,1785688791.763714,1785688791.763843,1785688791.793416,200,4474,a0ef5fc4-01e1-4829-91d4-8bfffebf4e03,1,29.573,29.702,-
0,92,1785688791.813714,1785688791.813852,1785688791.843219,200,4474,61806070-5915-44df-9ed4-1897e3cb1b20,1,29.367,29.505,-
1,92,1785688791.863714,1785688791.863837,1785688791.893634,200,4474,a47ec57c-fd92-47d4-8e45-9d71712646c4,1,29.797,29.920,-
0,93,1785688791.913714,1785688791.913870,1785688791.943738,200,4474,88b00ea4-f6cf-4ed1-aa8a-e732e27ae9ee,1,29.868,30.024,-
1,93,1785688791.963714,1785688791.963829,1785688791.993390,200,4474,207ae78f-abdd-4756-90f3-002d09b3ee88,1,29.561,29.676,-
0,94,1785688792.013714,1785688792.013858,1785688792.043494,200,4474,48181c1f-bec1-43c2-8697-1b4323707369,1,29.636,29.779,-
1,94,1785688792.063714,1785688792.063838,1785688792.093387,200,4474,f259b8c6-0c83-4eea-9ed8-5d924e41b107,1,29.549,29.673,-
0,95,1785688792.113714,1785688792.113862,1785688792.143563,200,4474,a2caa520-888b-43b7-bbe2-d7b281598907,1,29.702,29.849,-
1,95,1785688792.163714,1785688792.163842,1785688792.193620,200,4474,72312b7c-9b38-4241-adac-5cdfcdaa5a6c,1,29.778,29.906,-
0,96,1785688792.213714,1785688792.213850,1785688792.243289,200,4474,084c53c1-7916-4da9-b727-5e267cd58d79,1,29.440,29.575,-
1,96,1785688792.263714,1785688792.263844,1785688792.293331,200,4474,15947b94-d4ee-40f4-963a-0520294b917f,1,29.487,29.617,-
0,97,1785688792.313714,1785688792.313851,1785688792.343244,200,4474,a01c8fb5-eda1-4d26-8e51-6dcd0bf57675,1,29.393,29.529,-
1,97,1785688792.363714,1785688792.363835,1785688792.393225,200,4474,64bfe967-92db-4900-88a1-b2fdf6183926,1,29.390,29.511,-
0,98,1785688792.413714,1785688792.413843,1785688792.443653,200,4474,d420788c-3fca-4c86-9d0e-c624732002db,1,29.810,29.939,-
1,98,1785688792.463714,1785688792.463830,1785688792.493636,200,4474,4c04ced5-a89f-47b5-aab5-d476e831eefd,1,29.805,29.922,-
0,99,1785688792.513714,1785688792.513840,1785688792.543222,200,4474,0866376a-f9d4-45c8-b7f8-95e43abd313f,1,29.381,29.507,-
1,99,1785688792.563714,1785688792.563837,1785688792.594432,200,4474,8dae37d9-66b5-4ea9-aad7-2a7c52ed54fb,1,30.595,30.718,-
0,100,1785688792.613714,1785688792.613841,1785688792.643412,200,4474,164a6400-f4a8-41ec-9391-19ae7a7008ba,1,29.570,29.697,-
1,100,1785688792.663714,1785688792.663846,1785688792.693218,200,4474,4081da9e-3a23-4ba6-b247-44fad27c65c1,1,29.372,29.504,-
0,101,1785688792.713714,1785688792.713840,1785688792.743405,200,4474,3c0e46e3-a544-4dbb-92a0-e054f3d2a817,1,29.565,29.691,-
1,101,1785688792.763714,1785688792.763835,1785688792.793271,200,4474,69a2144d-16bc-4168-bf96-bbd348ba2fc8,1,29.436,29.557,-
0,102,1785688792.813714,1785688792.813838,1785688792.843307,200,4474,d03e06f7-28e6-4705-aa3e-0cdeb4d910dd,1,29.469,29.593,-
1,102,1785688792.863714,1785688792.863836,1785688792.893111,200,4474,65e3e85f-52a5-42b8-82bc-65553def941f,1,29.275,29.397,-
0,103,1785688792.913714,1785688792.913847,1785688792.943234,200,4474,89a88cb3-0b96-44b0-83f7-29a754f20034,1,29.387,29.520,-
1,103,1785688792.963714,1785688792.963830,1785688792.993555,200,4474,5c68923c-d282-44e4-80f8-c9fad55e2cf1,1,29.725,29.841,-
0,104,1785688793.013714,1785688793.013851,1785688793.043403,200,4474,82cdce8f-5212-40f8-aa3a-3bec536c2592,1,29.552,29.689,-
1,104,1785688793.063714,1785688793.063840,1785688793.093705,200,4474,8bd2b6e7-3330-4dfb-9709-0cdddf873508,1,29.865,29.991,-
0,105,1785688793.113714,1785688793.113838,1785688793.143288,200,4474,fa26225d-f583-49b0-952c-63160ff95586,1,29.450,29.574,-
1,105,1785688793.163714,1785688793.163835,1785688793.193790,200,4474,197af963-ce8a-422e-83f5-1ef59ae0d224,1,29.954,30.076,-
0,106,1785688793.213714,1785688793.213843,1785688793.243488,200,4474,008983aa-4c6b-473b-adc9-f1ec6dd67d2b,1,29.645,29.774,-
1,106,1785688793.263714,1785688793.263835,1785688793.293301,200,4474,e2c912ba-291a-4b00-938a-198808fdc3b5,1,29.466,29.587,-
0,107,1785688793.313714,1785688793.313840,1785688793.343516,200,4474,79a96b5e-f4a3-4192-abff-5d2d756b75cd,1,29.676,29.801,-
1,107,1785688793.363714,1785688793.363836,1785688793.393620,200,4474,3e37fd19-b106-4716-ad2b-4263c2bb706e,1,29.784,29.906,-
0,108,1785688793.413714,1785688793.413844,1785688793.443340,200,4474,b7c25ad8-0e35-4d17-ba9a-688a28b44704,1,29.495,29.625,-
1,108,1785688793.463714,1785688793.463836,1785688793.493262,200,4474,3a397394-c9cc-4235-ba81-13bc068d085f,1,29.425,29.547,-
0,109,1785688793.513714,1785688793.513828,1785688793.543074,200,4474,f2060f33-009e-48d1-8e8c-40e2f1457883,1,29.246,29.360,-
1,109,1785688793.563714,1785688793.563839,1785688793.593350,200,4474,5e49b2ff-a138-44d0-9374-0971411bf8c7,1,29.511,29.636,-
0,110,1785688793.613714,1785688793.613839,1785688793.643512,200,4474,c191970b-f8bc-4386-8cce-65d484153824,1,29.672,29.797,-
1,110,1785688793.663714,1785688793.663834,1785688793.693158,200,4474,44b915ba-a856-419b-9b94-390ed9f1434a,1,29.324,29.444,-
0,111,1785688793.713714,1785688793.713845,1785688793.743903,200,4474,3306b92a-e74d-416e-89de-2ac58dc38924,1,30.058,30.189,-
1,111,1785688793.763714,1785688793.763837,1785688793.793684,200,4474,265b89fb-d621-481d-a0ad-f5b6b75beef3,1,29.846,29.969,-
0,112,1785688793.813714,1785688793.813838,1785688793.843278,200,4474,2766bf2c-2735-45e9-9e72-8aeb49f188c0,1,29.440,29.564,-
1,112,1785688793.863714,1785688793.863846,1785688793.893194,200,4474,ed586134-9d35-4279-b5d9-448a9245361d,1,29.348,29.480,-
0,113,1785688793.913714,1785688793.913841,1785688793.943701,200,4474,074811ad-d550-4511-8d6e-28422c245395,1,29.859,29.987,-
1,113,1785688793.963714,1785688793.963829,1785688793.993310,200,4474,7e1c45aa-aa65-48eb-b965-5e35f383e928,1,29.481,29.596,-
0,114,1785688794.013714,1785688794.013833,1785688794.043402,200,4474,b92fa907-e806-4c8b-9bbb-0db7a2cd1ebd,1,29.569,29.687,-
1,114,1785688794.063714,1785688794.063839,1785688794.093289,200,4474,414cce61-71a6-4894-a531-5183dd5091dc,1,29.450,29.575,-
0,115,1785688794.113714,1785688794.113839,1785688794.143186,200,4474,e46f88ac-40d7-42ac-83fa-266dab0ca20a,1,29.346,29.472,-
1,115,1785688794.163714,1785688794.163837,1785688794.193203,200,4474,961cce43-03bd-40b9-aea2-fbad73edd250,1,29.366,29.489,-
0,116,1785688794.213714,1785688794.213840,1785688794.244014,200,4474,21ebd3bf-e40e-41f6-9a33-b96ce1998b52,1,30.173,30.299,-
1,116,1785688794.263714,1785688794.263839,1785688794.293394,200,4474,31a9a1fb-25ba-428c-8af2-5a77a601bc0a,1,29.555,29.680,-
0,117,1785688794.313714,1785688794.313838,1785688794.343373,200,4474,1d396e91-abd3-49f9-9755-e4be07baf630,1,29.535,29.659,-
1,117,1785688794.363714,1785688794.363842,1785688794.393380,200,4474,a117ee12-6840-45e3-ad06-8b1b51dd5e47,1,29.538,29.666,-
0,118,1785688794.413714,1785688794.413836,1785688794.443708,200,4474,aee2667d-6269-48ab-8159-a3be9ab5792c,1,29.872,29.994,-
1,118,1785688794.463714,1785688794.463834,1785688794.493568,200,4474,f8f83d16-3cd6-448c-a270-fbd0faafdf22,1,29.734,29.854,-
0,119,1785688794.513714,1785688794.513838,1785688794.543509,200,4474,a06be0a1-6c7a-4830-b6c4-106e06967ec3,1,29.671,29.795,-
1,119,1785688794.563714,1785688794.563838,1785688794.593459,200,4474,1a19d7d7-27e0-4760-aa38-9369410e95df,1,29.620,29.744,-
0,120,1785688794.613714,1785688794.613837,1785688794.643318,200,4474,057a8ff2-b261-496c-ae1b-2150d9ec7a73,1,29.481,29.604,-
1,120,1785688794.663714,1785688794.663834,1785688794.693475,200,4474,c50dc76f-52a9-4ab3-83ed-aca537d6a232,1,29.641,29.761,-
0,121,1785688794.713714,1785688794.713838,1785688794.743312,200,4474,26da968b-401c-48c2-9ffe-d183de234502,1,29.474,29.598,-
1,121,1785688794.763714,1785688794.763837,1785688794.793660,200,4474,8ddf7ee1-be07-4ccc-b50d-24e58f52bf49,1,29.823,29.946,-
0,122,1785688794.813714,1785688794.813848,1785688794.843903,200,4474,de783a2f-6c2e-47aa-9b4e-9e8eebaeaacf,1,30.056,30.189,-
1,122,1785688794.863714,1785688794.863836,1785688794.893248,200,4474,e6f5a387-ae56-47ec-b444-4f164f241bc0,1,29.412,29.533,-
0,123,1785688794.913714,1785688794.913853,1785688794.943641,200,4474,927eb933-58e9-4e77-aa9f-5a9bbd9cb0cb,1,29.789,29.927,-
1,123,1785688794.963714,1785688794.963829,1785688794.993353,200,4474,93b24aa8-f56e-438e-9196-57d6ef9cc02f,1,29.524,29.639,-
0,124,1785688795.013714,1785688795.013841,1785688795.044323,200,4474,c5319fe2-ddbb-44ca-8952-93b1f483a6db,1,30.482,30.608,-
1,124,1785688795.063714,1785688795.063840,1785688795.093800,200,4474,00fd0b3f-8c89-4ff6-b1c1-9fb4d03a0f33,1,29.960,30.085,-
0,125,1785688795.113714,1785688795.113839,1785688795.143407,200,4474,cc636147-be3d-4919-8803-6551582572de,1,29.568,29.693,-
1,125,1785688795.163714,1785688795.163834,1785688795.193333,200,4474,bef62df3-d1c1-4973-9e87-a463f3d4b0fa,1,29.499,29.619,-
0,126,1785688795.213714,1785688795.213845,1785688795.243313,200,4474,b361ee2a-b296-4e4a-a1e9-ee2967b820ba,1,29.468,29.599,-
1,126,1785688795.263714,1785688795.263836,1785688795.293278,200,4474,445412f6-8b59-44f4-bea3-9c20fbe58629,1,29.442,29.564,-
0,127,1785688795.313714,1785688795.313858,1785688795.343373,200,4474,cb4b94d7-d88a-4648-9d45-71b452f34005,1,29.516,29.659,-
1,127,1785688795.363714,1785688795.363835,1785688795.393586,200,4474,2f749aad-25c6-410e-8a31-570007193cdf,1,29.751,29.872,-
0,128,1785688795.413714,1785688795.413851,1785688795.443291,200,4474,6be38531-f4e3-4630-b904-99750df754f6,1,29.440,29.577,-
1,128,1785688795.463714,1785688795.463835,1785688795.493841,200,4474,88c3de7a-49df-4424-b482-0a8802437077,1,30.006,30.127,-
0,129,1785688795.513714,1785688795.513838,1785688795.543287,200,4474,e26095fa-5e3f-4b27-8242-c2a9bc1644d0,1,29.450,29.573,-
1,129,1785688795.563714,1785688795.563847,1785688795.593617,200,4474,c508801a-bb2c-44d2-82f7-a555cbddecc3,1,29.770,29.903,-
0,130,1785688795.613714,1785688795.613847,1785688795.643561,200,4474,1b66462f-21c1-4077-9d70-f52035a939e9,1,29.713,29.846,-
1,130,1785688795.663714,1785688795.663835,1785688795.693643,200,4474,fa1fd9c2-c241-41a4-84b7-b4c4368ad7f6,1,29.808,29.929,-
0,131,1785688795.713714,1785688795.713848,1785688795.743346,200,4474,c9c559fb-3cd7-42b5-9fc3-e713db313dcd,1,29.497,29.632,-
1,131,1785688795.763714,1785688795.763836,1785688795.793670,200,4474,f683055a-9af6-4c4c-a23e-fe245cf3a7b0,1,29.834,29.956,-
0,132,1785688795.813714,1785688795.813836,1785688795.843298,200,4474,785270b4-a80b-4712-92c4-6af5eecd1965,1,29.463,29.584,-
1,132,1785688795.863714,1785688795.863838,1785688795.893278,200,4474,03ecbeb4-4d62-42a9-ac87-5f26fbbfa760,1,29.440,29.564,-
0,133,1785688795.913714,1785688795.913837,1785688795.943514,200,4474,39ec6b81-7902-4533-ab5c-4b647d899cd9,1,29.678,29.800,-
1,133,1785688795.963714,1785688795.963830,1785688795.993674,200,4474,49af6e75-904d-4a11-89a6-ec828ced0601,1,29.844,29.959,-
0,134,1785688796.013714,1785688796.013839,1785688796.043457,200,4474,33816f93-f42c-431c-bc8f-1ea1fd21eb93,1,29.619,29.743,-
1,134,1785688796.063714,1785688796.063839,1785688796.093295,200,4474,0ec6a839-9104-4be0-8ea8-5ea27dc42755,1,29.456,29.581,-
0,135,1785688796.113714,1785688796.113851,1785688796.143142,200,4474,0032bb30-0e14-4355-8cb5-d9f511bc0010,1,29.291,29.428,-
1,135,1785688796.163714,1785688796.163835,1785688796.193254,200,4474,b9e99fe5-cd9c-43be-a873-b8b46de6dc0e,1,29.419,29.540,-
0,136,1785688796.213714,1785688796.213839,1785688796.243228,200,4474,8e8d38c3-0317-4c72-96c5-2c432ecaa255,1,29.390,29.514,-
1,136,1785688796.263714,1785688796.263837,1785688796.293939,200,4474,f2aa7da4-321c-43a6-b24c-d2d6b79015c7,1,30.101,30.225,-
0,137,1785688796.313714,1785688796.313849,1785688796.343271,200,4474,c9fd1a56-f9f3-4aad-862a-d5406cc37a50,1,29.422,29.557,-
1,137,1785688796.363714,1785688796.363833,1785688796.393488,200,4474,f791bb21-7acc-413e-9744-9fa274568816,1,29.655,29.774,-
0,138,1785688796.413714,1785688796.413838,1785688796.443292,200,4474,17559a52-e53f-4e84-984e-bb13ed0337a7,1,29.454,29.578,-
1,138,1785688796.463714,1785688796.463835,1785688796.493477,200,4474,8a278363-4874-4642-a181-bb54d73d5df0,1,29.641,29.763,-
0,139,1785688796.513714,1785688796.513838,1785688796.543343,200,4474,de408922-738e-40e6-abff-e59733bae5e1,1,29.505,29.629,-
1,139,1785688796.563714,1785688796.563835,1785688796.593565,200,4474,ada8c329-00af-4ec8-906e-67cd10bcaf01,1,29.730,29.851,-
0,140,1785688796.613714,1785688796.613849,1785688796.643258,200,4474,95e0fc83-cee5-45fc-b315-3b7ab306f1a2,1,29.408,29.544,-
1,140,1785688796.663714,1785688796.663834,1785688796.693169,200,4474,a8bc2c40-c7b1-44b5-93c7-ab541285cf5c,1,29.335,29.455,-
0,141,1785688796.713714,1785688796.713840,1785688796.743252,200,4474,ae9c088f-e092-4c16-b83f-aa68eb58b77e,1,29.411,29.538,-
1,141,1785688796.763714,1785688796.763837,1785688796.793242,200,4474,71963193-636e-45e8-9d60-95c2a5a3d65e,1,29.405,29.528,-
0,142,1785688796.813714,1785688796.813845,1785688796.843648,200,4474,695cd8c9-fb5f-47a5-9b5a-7473d05553d0,1,29.803,29.933,-
1,142,1785688796.863714,1785688796.863837,1785688796.893868,200,4474,d01efaab-1a82-4f72-864a-f8673c478265,1,30.031,30.154,-
0,143,1785688796.913714,1785688796.913859,1785688796.944797,200,4474,3b1136b9-3184-4f88-a451-3dece26f6e80,1,30.939,31.083,-
1,143,1785688796.963714,1785688796.963836,1785688796.993834,200,4474,9b0d03e5-a8bf-4587-82b8-45c50e9e7197,1,29.999,30.120,-
0,144,1785688797.013714,1785688797.013840,1785688797.045208,200,4474,9f1ef778-7696-4a45-bc47-0db206ac5175,1,31.368,31.493,-
1,144,1785688797.063714,1785688797.063837,1785688797.093363,200,4474,330b58a3-d1e3-4ed6-bcee-d78729073aff,1,29.526,29.648,-
0,145,1785688797.113714,1785688797.113864,1785688797.143650,200,4474,19fbfe11-32fa-4eb1-a7d4-7a57718f2353,1,29.786,29.935,-
1,145,1785688797.163714,1785688797.163834,1785688797.193650,200,4474,37b1de83-d8a2-4ff7-b0c0-51f3382765ed,1,29.817,29.936,-
0,146,1785688797.213714,1785688797.213855,1785688797.243179,200,4474,5f107f92-eb0d-41d9-a4b4-d406a63df2df,1,29.325,29.465,-
1,146,1785688797.263714,1785688797.263849,1785688797.293703,200,4474,59ef4014-3836-4f40-bb4c-4b454ff373d8,1,29.853,29.989,-
0,147,1785688797.313714,1785688797.313849,1785688797.343366,200,4474,bd0bba7d-9648-444a-b6d3-8e7d3228d946,1,29.516,29.652,-
1,147,1785688797.363714,1785688797.363834,1785688797.393226,200,4474,7396d166-a29c-4518-aefc-12859e88ddec,1,29.392,29.512,-
0,148,1785688797.413714,1785688797.413841,1785688797.443290,200,4474,c746b381-3269-4967-8630-141bec6f032d,1,29.449,29.575,-
1,148,1785688797.463714,1785688797.463836,1785688797.493606,200,4474,957ff6b0-62db-4362-8c96-b135927490d4,1,29.770,29.892,-
0,149,1785688797.513714,1785688797.513847,1785688797.543433,200,4474,5c0b457e-f027-4c28-bc02-6a1081ad72ad,1,29.586,29.718,-
1,149,1785688797.563714,1785688797.563838,1785688797.593335,200,4474,0fcd1f10-8f7b-49ca-bdcd-52b10407bdd5,1,29.497,29.620,-
0,150,1785688797.613714,1785688797.613848,1785688797.643221,200,4474,109d0803-8b74-42f4-8bbe-7b081df01eb3,1,29.373,29.507,-
1,150,1785688797.663714,1785688797.663841,1785688797.693617,200,4474,1f0bc917-7e19-450c-9808-3103e4843a3e,1,29.775,29.903,-
0,151,1785688797.713714,1785688797.713847,1785688797.743230,200,4474,90e71664-f79b-4020-85ea-2cc3c0ed7247,1,29.383,29.516,-
1,151,1785688797.763714,1785688797.763838,1785688797.793787,200,4474,e07b3499-428f-4463-a91d-85cb63e887c3,1,29.949,30.072,-
0,152,1785688797.813714,1785688797.813827,1785688797.843207,200,4474,f0fcc6d4-e150-4ee7-95a5-978a69e87616,1,29.380,29.492,-
1,152,1785688797.863714,1785688797.863836,1785688797.893151,200,4474,b69aec7e-8d95-4e26-b2ab-a5b9bd035920,1,29.315,29.436,-
0,153,1785688797.913714,1785688797.913843,1785688797.943141,200,4474,c9698b98-1134-4b69-a6f1-e572bfbd39b1,1,29.298,29.427,-
1,153,1785688797.963714,1785688797.963839,1785688797.993461,200,4474,d3ed84f7-892d-4df4-9f75-1d54506ea412,1,29.622,29.747,-
0,154,1785688798.013714,1785688798.013842,1785688798.043297,200,4474,5943110b-284b-48f2-89cb-ae67a25fdd3c,1,29.454,29.582,-
1,154,1785688798.063714,1785688798.063839,1785688798.093596,200,4474,2bad8c73-1a15-4a2c-98fc-efc12f7e0361,1,29.757,29.882,-
0,155,1785688798.113714,1785688798.113867,1785688798.144054,200,4474,45195d26-756a-47b5-b331-ac6162bed4dc,1,30.187,30.340,-
1,155,1785688798.163714,1785688798.163834,1785688798.193475,200,4474,7592c123-f7e5-4210-889b-94af9224933d,1,29.641,29.761,-
0,156,1785688798.213714,1785688798.213863,1785688798.243493,200,4474,3dc26377-0c25-47b1-9a92-b4ce70b09ad3,1,29.630,29.778,-
1,156,1785688798.263714,1785688798.263834,1785688798.293320,200,4474,ae4eb2b2-90c7-4e5d-bb86-5af04aa7bf48,1,29.486,29.606,-
0,157,1785688798.313714,1785688798.313828,1785688798.343329,200,4474,a9864810-d1a6-450f-9052-f82f48c57cf8,1,29.502,29.615,-
1,157,1785688798.363714,1785688798.363836,1785688798.393666,200,4474,e18acac6-e8a7-43a6-b3ab-85ef6841bbd3,1,29.830,29.951,-
0,158,1785688798.413714,1785688798.413841,1785688798.443317,200,4474,01e0deee-01d2-4611-97ef-adcb5c7d96b3,1,29.476,29.603,-
1,158,1785688798.463714,1785688798.463844,1785688798.493683,200,4474,bfce9f1f-2159-4f2a-bcc1-72723eaea292,1,29.840,29.969,-
0,159,1785688798.513714,1785688798.513859,1785688798.543545,200,4474,4bac0116-6f84-477b-a254-209f3326a23e,1,29.686,29.830,-
1,159,1785688798.563714,1785688798.563839,1785688798.593472,200,4474,048559d9-f854-49f8-a108-54d7a7f0ce4c,1,29.633,29.758,-
0,160,1785688798.613714,1785688798.613837,1785688798.643620,200,4474,c0e2786b-bfb7-4617-b4b7-e2bf938ad0b7,1,29.783,29.906,-
1,160,1785688798.663714,1785688798.663838,1785688798.693130,200,4474,9716b27f-d8c0-4ca4-b4af-4c75ed61a5dc,1,29.292,29.416,-
0,161,1785688798.713714,1785688798.713835,1785688798.743291,200,4474,ef2385e5-b70a-40dd-8505-a31c2f0e275b,1,29.456,29.577,-
1,161,1785688798.763714,1785688798.763837,1785688798.793243,200,4474,68e1b096-55d1-476c-a734-51bdad198af8,1,29.406,29.529,-
0,162,1785688798.813714,1785688798.813836,1785688798.843120,200,4474,43385bd6-2912-44cc-a4ca-a1ce692202ca,1,29.284,29.406,-
1,162,1785688798.863714,1785688798.863836,1785688798.893339,200,4474,0f5def94-d2c4-45fd-8b60-2992c601cdc0,1,29.503,29.625,-
0,163,1785688798.913714,1785688798.913839,1785688798.943800,200,4474,ded2d1ad-f0bb-478d-9877-dcdbf89ca1ea,1,29.962,30.086,-
1,163,1785688798.963714,1785688798.963839,1785688798.993593,200,4474,11e7a05e-2366-4176-bdd8-ff4d61b57cc5,1,29.755,29.879,-
0,164,1785688799.013714,1785688799.013851,1785688799.043672,200,4474,160bc0c9-3061-4597-90a5-569b21805285,1,29.821,29.957,-
1,164,1785688799.063714,1785688799.063845,1785688799.093324,200,4474,bba33796-adb6-4056-b01f-77671158a412,1,29.480,29.610,-
0,165,1785688799.113714,1785688799.113842,1785688799.143219,200,4474,04084d60-97da-4bc0-a792-c1696699b864,1,29.377,29.504,-
1,165,1785688799.163714,1785688799.163835,1785688799.193575,200,4474,6723d0fa-cb70-4232-a8d5-c1db479383c5,1,29.740,29.861,-
0,166,1785688799.213714,1785688799.213842,1785688799.243554,200,4474,da30b089-114c-4ed7-977a-3e41cf7656b5,1,29.711,29.840,-
1,166,1785688799.263714,1785688799.263836,1785688799.293672,200,4474,4aa3b7db-0023-4f53-9fd5-d0a36edaa411,1,29.836,29.958,-
0,167,1785688799.313714,1785688799.313827,1785688799.343508,200,4474,4a8f08fc-6cc7-4302-ae07-46e7fe6acc22,1,29.680,29.794,-
1,167,1785688799.363714,1785688799.363835,1785688799.393315,200,4474,02aa3109-25b5-469d-96b6-60cd7d374c99,1,29.480,29.601,-
0,168,1785688799.413714,1785688799.413839,1785688799.443631,200,4474,6e59f1ed-714d-412d-ab9c-46f4e818426e,1,29.792,29.917,-
1,168,1785688799.463714,1785688799.463829,1785688799.493401,200,4474,d6ee60a2-02d6-426b-8e80-bbeac529febd,1,29.572,29.687,-
0,169,1785688799.513714,1785688799.513838,1785688799.543573,200,4474,25e2dc01-33ee-46b6-af3e-907b7a960269,1,29.735,29.858,-
1,169,1785688799.563714,1785688799.563829,1785688799.593269,200,4474,f49fb7de-da2f-43c9-af42-9d62102856ab,1,29.440,29.555,-
0,170,1785688799.613714,1785688799.613841,1785688799.643245,200,4474,50abb2eb-30e1-476f-8023-779057a5a2c6,1,29.404,29.531,-
1,170,1785688799.663714,1785688799.663853,1785688799.693314,200,4474,789a538c-001c-43b2-a37e-ee10752c1049,1,29.461,29.600,-
0,171,1785688799.713714,1785688799.713842,1785688799.743205,200,4474,56a059b2-7a34-49a8-817f-1c36de4ad5a1,1,29.363,29.491,-
1,171,1785688799.763714,1785688799.763847,1785688799.793535,200,4474,b2732ee9-5696-4ea4-b525-c2dedf3b3e49,1,29.688,29.820,-
0,172,1785688799.813714,1785688799.813834,1785688799.843730,200,4474,f7891a38-a665-4b4f-8c1d-79c92f362f4b,1,29.896,30.016,-
1,172,1785688799.863714,1785688799.863846,1785688799.893568,200,4474,2db50dca-11b5-42f5-86f9-346266691eb6,1,29.722,29.854,-
0,173,1785688799.913714,1785688799.913843,1785688799.943392,200,4474,4c8ad5c3-e3fc-4644-9f2d-6f0bc0cc745c,1,29.549,29.678,-
1,173,1785688799.963714,1785688799.963837,1785688799.993328,200,4474,295f828f-a5bd-499b-bdef-f158289c6749,1,29.491,29.614,-
0,174,1785688800.013714,1785688800.013834,1785688800.043548,200,4474,dccaf05a-2c5b-402e-9aeb-e7827c17188c,1,29.714,29.834,-
1,174,1785688800.063714,1785688800.063864,1785688800.093347,200,4474,bfdd05d3-4e68-4747-99c4-8f44d6ddb18d,1,29.482,29.632,-
0,175,1785688800.113714,1785688800.113864,1785688800.143468,200,4474,bdb3ca32-7d45-4a83-8f4b-1c17c7382545,1,29.605,29.754,-
1,175,1785688800.163714,1785688800.163838,1785688800.193362,200,4474,421f68b8-1083-458a-bc05-8888c7626b78,1,29.523,29.647,-
0,176,1785688800.213714,1785688800.213855,1785688800.243186,200,4474,b6261307-869f-4e46-bf11-047176d713f8,1,29.331,29.472,-
1,176,1785688800.263714,1785688800.263837,1785688800.293100,200,4474,15424363-c739-4ca2-8b7c-3a7deadba45e,1,29.264,29.386,-
0,177,1785688800.313714,1785688800.313832,1785688800.343547,200,4474,b64f53b3-70f5-4351-aa64-cdc9eddfcc9e,1,29.714,29.832,-
1,177,1785688800.363714,1785688800.363833,1785688800.393164,200,4474,99752c60-bc4b-48aa-ae8d-21c16b25cc21,1,29.330,29.449,-
0,178,1785688800.413714,1785688800.413847,1785688800.443656,200,4474,530d12f0-50dc-406f-8f83-e833871ad5d3,1,29.809,29.942,-
1,178,1785688800.463714,1785688800.463836,1785688800.494536,200,4474,811748ff-7e39-4a10-a059-6664e256bea9,1,30.700,30.822,-
0,179,1785688800.513714,1785688800.513849,1785688800.543593,200,4474,ca93a8ea-5b57-4d5f-893e-e70cba85652a,1,29.745,29.879,-
1,179,1785688800.563714,1785688800.563836,1785688800.593340,200,4474,1ce4bcb8-47fa-4362-a25e-47ba48f4e970,1,29.504,29.626,-
0,180,1785688800.613714,1785688800.613836,1785688800.643207,200,4474,d6952084-d887-430b-afaa-acdfc6dc23f8,1,29.371,29.493,-
1,180,1785688800.663714,1785688800.663831,1785688800.693244,200,4474,1da2ee8e-50d9-4ea3-b17a-57cdd07014b1,1,29.413,29.530,-
0,181,1785688800.713714,1785688800.713847,1785688800.743787,200,4474,624ed968-533e-40cb-8dad-1c7b700b9544,1,29.940,30.073,-
1,181,1785688800.763714,1785688800.763836,1785688800.793707,200,4474,be562584-c842-4bd6-b418-4fc2bca7ddb1,1,29.871,29.993,-
0,182,1785688800.813714,1785688800.813796,1785688800.843158,200,4474,9ecb4a1d-49a0-43e5-9619-d1ab26493407,1,29.362,29.444,-
1,182,1785688800.863714,1785688800.863837,1785688800.893516,200,4474,7633855d-f699-4224-b0d9-eff1bc146cd9,1,29.679,29.802,-
0,183,1785688800.913714,1785688800.913846,1785688800.943305,200,4474,8e1e706a-52b1-4036-a9e2-d70c5cf75812,1,29.459,29.591,-
1,183,1785688800.963714,1785688800.963845,1785688800.993366,200,4474,faec7d08-d46f-4588-95ed-3fe13a88f690,1,29.521,29.652,-
0,184,1785688801.013714,1785688801.013828,1785688801.043985,200,4474,50c73cb3-4928-42d0-b86b-7928d6cbb6fe,1,30.157,30.271,-
1,184,1785688801.063714,1785688801.063838,1785688801.093287,200,4474,506d1bea-de4f-4557-bd55-e7b7117306db,1,29.449,29.572,-
0,185,1785688801.113714,1785688801.113840,1785688801.143710,200,4474,66cb1552-7f80-43a6-b0d7-edd499ae5761,1,29.870,29.996,-
1,185,1785688801.163714,1785688801.163837,1785688801.193233,200,4474,f9c6922a-c1eb-41d5-a8b7-a3c23290001e,1,29.397,29.519,-
0,186,1785688801.213714,1785688801.213849,1785688801.243398,200,4474,e740fc7f-4354-4758-9d5a-438e504395df,1,29.549,29.684,-
1,186,1785688801.263714,1785688801.263840,1785688801.293587,200,4474,3f84c8db-b56e-4708-a665-5508a586bb61,1,29.747,29.873,-
0,187,1785688801.313714,1785688801.313827,1785688801.343230,200,4474,39eb5f44-57aa-4fe8-a25e-c5891cf51ecf,1,29.402,29.515,-
1,187,1785688801.363714,1785688801.363794,1785688801.393166,200,4474,255fa5a1-394c-44e1-a9f7-9194ae8223f0,1,29.372,29.452,-
0,188,1785688801.413714,1785688801.413841,1785688801.443271,200,4474,23c6ff4a-8f7a-42cf-88db-7ac53014ce56,1,29.430,29.557,-
1,188,1785688801.463714,1785688801.463845,1785688801.493230,200,4474,4456173e-8912-4e17-861c-5f7017dc1246,1,29.386,29.516,-
0,189,1785688801.513714,1785688801.513848,1785688801.543178,200,4474,c352b554-1f68-46e2-9ba9-3421f8dbb962,1,29.330,29.464,-
1,189,1785688801.563714,1785688801.563839,1785688801.593593,200,4474,60d59e47-8bf9-44a3-ad98-c97bd5f6cb6b,1,29.754,29.879,-
0,190,1785688801.613714,1785688801.613838,1785688801.643852,200,4474,f99fcab4-ff0a-4273-a85a-bd6c16af2e67,1,30.014,30.138,-
1,190,1785688801.663714,1785688801.663839,1785688801.693349,200,4474,a493efe2-3869-49a5-ace0-6622150a84cc,1,29.511,29.635,-
0,191,1785688801.713714,1785688801.713841,1785688801.743444,200,4474,7bcd804f-74ad-42f8-9ee8-9d22c2d4c574,1,29.603,29.730,-
1,191,1785688801.763714,1785688801.763840,1785688801.793656,200,4474,b10ad63b-f99a-49ae-8e7c-9a65407d4375,1,29.815,29.942,-
0,192,1785688801.813714,1785688801.813836,1785688801.843716,200,4474,faa84035-9b08-4c03-92d3-50f84d2c37bc,1,29.880,30.002,-
1,192,1785688801.863714,1785688801.863835,1785688801.893652,200,4474,26864b7b-0096-4b5c-a0aa-e767eb400daf,1,29.818,29.938,-
0,193,1785688801.913714,1785688801.913840,1785688801.943425,200,4474,5ef0cf01-0895-4a01-b5f5-0d29022ac387,1,29.585,29.711,-
1,193,1785688801.963714,1785688801.963840,1785688801.993355,200,4474,829a0183-561f-4d6a-8adf-3eed66c2c642,1,29.514,29.641,-
0,194,1785688802.013714,1785688802.013847,1785688802.043423,200,4474,abd51fcf-4d70-486f-804f-038f793b6bd4,1,29.576,29.709,-
1,194,1785688802.063714,1785688802.063837,1785688802.093233,200,4474,0ecba76e-d9c9-4c06-9148-464f9c188b9a,1,29.396,29.518,-
0,195,1785688802.113714,1785688802.113850,1785688802.143658,200,4474,4b289f68-53c7-4554-88a1-1b1ee64c072d,1,29.808,29.943,-
1,195,1785688802.163714,1785688802.163839,1785688802.193606,200,4474,15e90771-2124-4265-b6a5-5765e0edcad0,1,29.767,29.892,-
0,196,1785688802.213714,1785688802.213866,1785688802.243682,200,4474,7dd0bbe9-a5bf-411f-8c00-fb9f0dd64769,1,29.817,29.968,-
1,196,1785688802.263714,1785688802.263836,1785688802.293293,200,4474,d4fcbc6b-d8c1-482e-a4fd-91d537a56f49,1,29.457,29.579,-
0,197,1785688802.313714,1785688802.313826,1785688802.343309,200,4474,55b14263-9484-4965-a6f2-f41df91f1512,1,29.483,29.595,-
1,197,1785688802.363714,1785688802.363839,1785688802.393249,200,4474,a501ddc1-40c2-4560-b6b1-5f1ef62145cc,1,29.410,29.535,-
0,198,1785688802.413714,1785688802.413840,1785688802.443761,200,4474,600de9ae-0991-4ca2-87e6-d7316aa95eb2,1,29.921,30.046,-
1,198,1785688802.463714,1785688802.463845,1785688802.493411,200,4474,b311b1e4-c157-42db-917d-14b22fa494d0,1,29.566,29.697,-
0,199,1785688802.513714,1785688802.513840,1785688802.543202,200,4474,ff537a2c-91da-4d85-8784-bce2e7831a6a,1,29.361,29.487,-
1,199,1785688802.563714,1785688802.563835,1785688802.593274,200,4474,f524d404-a2e0-4168-a902-779ac1f91a49,1,29.438,29.560,-
0,200,1785688802.613714,1785688802.613845,1785688802.643544,200,4474,b4f3b536-9943-4aca-bebb-4c9e6372d5ff,1,29.699,29.830,-
1,200,1785688802.663714,1785688802.663836,1785688802.693291,200,4474,e8f157f1-dc75-40b7-a331-aa1b6a4db8f4,1,29.455,29.577,-
0,201,1785688802.713714,1785688802.713840,1785688802.743462,200,4474,facf1bdb-b42f-41f1-a910-2d1c13ef6cc3,1,29.622,29.748,-
1,201,1785688802.763714,1785688802.763835,1785688802.793503,200,4474,41d1ac7c-6bd2-4312-911d-e0ef04c02be3,1,29.668,29.788,-
0,202,1785688802.813714,1785688802.813825,1785688802.843653,200,4474,a5bda4c2-be79-440a-92f0-667bcf5e5873,1,29.827,29.938,-
1,202,1785688802.863714,1785688802.863837,1785688802.893271,200,4474,1aff1710-7f0e-4723-ae90-80eadb9601ee,1,29.434,29.557,-
0,203,1785688802.913714,1785688802.913846,1785688802.943290,200,4474,ecbfdbfd-78a3-49c7-ae42-7ef65ee1ad5e,1,29.443,29.575,-
1,203,1785688802.963714,1785688802.963833,1785688802.993297,200,4474,24836aab-aa12-4923-a2f4-324066f4124e,1,29.464,29.583,-
0,204,1785688803.013714,1785688803.013869,1785688803.043793,200,4474,74555cda-8f24-48fa-bae2-eff5b5e3d516,1,29.924,30.078,-
1,204,1785688803.063714,1785688803.063873,1785688803.093166,200,4474,b01c8a40-d73a-4346-a224-93610cdcfd4e,1,29.294,29.452,-
0,205,1785688803.113714,1785688803.113839,1785688803.143855,200,4474,a93e0736-a548-4fbd-8f74-9d4ec4b67262,1,30.016,30.141,-
1,205,1785688803.163714,1785688803.163854,1785688803.193209,200,4474,7999febe-ef2e-4d0d-8720-79cd0037cd67,1,29.355,29.495,-
0,206,1785688803.213714,1785688803.213848,1785688803.243214,200,4474,6f72dd91-edfe-4309-8a54-992949050728,1,29.366,29.500,-
1,206,1785688803.263714,1785688803.263838,1785688803.293543,200,4474,f3bdfadd-ab7d-4c63-bd27-03785c21d18e,1,29.705,29.829,-
0,207,1785688803.313714,1785688803.313838,1785688803.343198,200,4474,4b9b75c9-0d3a-4f92-8929-9f3dc4d3df1e,1,29.359,29.483,-
1,207,1785688803.363714,1785688803.363840,1785688803.393273,200,4474,eee31bbb-47e0-462a-a2f3-8931fd993a30,1,29.433,29.559,-
0,208,1785688803.413714,1785688803.413860,1785688803.443465,200,4474,ca05cfb2-0b1e-4490-9c48-c8afab2302c2,1,29.606,29.751,-
1,208,1785688803.463714,1785688803.463837,1785688803.493594,200,4474,795d0251-1e1a-438a-8ab8-1c3e0ec4e8de,1,29.756,29.880,-
0,209,1785688803.513714,1785688803.513838,1785688803.543079,200,4474,4159c335-f9a4-4db5-9de8-a69dcbfd8ed0,1,29.241,29.365,-
1,209,1785688803.563714,1785688803.563837,1785688803.594061,200,4474,36d206d0-b5b6-4282-ac21-f36811a50e06,1,30.224,30.347,-
0,210,1785688803.613714,1785688803.613837,1785688803.643270,200,4474,aa37036a-c8da-4302-a714-004f94b8f715,1,29.434,29.556,-
1,210,1785688803.663714,1785688803.663834,1785688803.693375,200,4474,6daf5cbf-f04c-4a0d-8b89-867728c9182e,1,29.541,29.661,-
0,211,1785688803.713714,1785688803.713838,1785688803.743330,200,4474,f70d090f-e951-4241-92c6-98b8967df120,1,29.492,29.616,-
1,211,1785688803.763714,1785688803.763848,1785688803.793280,200,4474,e6d6af82-01e6-4ea9-9f00-8a06f1be8920,1,29.432,29.566,-
0,212,1785688803.813714,1785688803.813848,1785688803.844085,200,4474,40b0c029-3b0c-4444-a874-cb431f27835c,1,30.237,30.371,-
1,212,1785688803.863714,1785688803.863838,1785688803.893588,200,4474,1693608a-9d61-416e-b5a9-b36f7ae53680,1,29.750,29.874,-
0,213,1785688803.913714,1785688803.913853,1785688803.943370,200,4474,725baa97-ab39-4929-8198-ceedb478a47d,1,29.517,29.655,-
1,213,1785688803.963714,1785688803.963840,1785688803.993345,200,4474,bb4ca313-b880-4160-8fce-f8cd879a6c4c,1,29.506,29.631,-
0,214,1785688804.013714,1785688804.013856,1785688804.043743,200,4474,4fa5284e-312a-4545-b225-2b9d3fe2a941,1,29.888,30.029,-
1,214,1785688804.063714,1785688804.063826,1785688804.093274,200,4474,0817481f-a098-4c6d-bc7e-1ae80e6eb199,1,29.449,29.560,-
0,215,1785688804.113714,1785688804.113860,1785688804.143255,200,4474,0f5cb6fa-79a8-4405-9781-1e270bc86969,1,29.396,29.541,-
1,215,1785688804.163714,1785688804.163833,1785688804.193642,200,4474,4af7bd37-a732-40b8-963a-25e38ec4248c,1,29.809,29.928,-
0,216,1785688804.213714,1785688804.213835,1785688804.243236,200,4474,1b2d563c-c2fe-4e44-b02b-0ecaec12fb03,1,29.401,29.522,-
1,216,1785688804.263714,1785688804.263836,1785688804.293338,200,4474,17abf79c-0fde-4091-beef-d49c828e6d50,1,29.502,29.624,-
0,217,1785688804.313714,1785688804.313856,1785688804.343334,200,4474,8d6dc992-e511-4e06-8111-254674fa2dae,1,29.477,29.619,-
1,217,1785688804.363714,1785688804.363833,1785688804.393348,200,4474,9b00bfe0-1a2e-451a-8d4f-3b9fcf419ce6,1,29.515,29.634,-
0,218,1785688804.413714,1785688804.413842,1785688804.443156,200,4474,a3b5f968-a8aa-4487-8c4c-ebeca78bfc8c,1,29.314,29.442,-
1,218,1785688804.463714,1785688804.463832,1785688804.493589,200,4474,cb712724-cfd6-4b37-a193-2125e0fbce41,1,29.757,29.875,-
0,219,1785688804.513714,1785688804.513842,1785688804.543968,200,4474,9fab65c6-7674-476e-82cf-217bc964787a,1,30.126,30.254,-
1,219,1785688804.563714,1785688804.563832,1785688804.593296,200,4474,d78250bc-4b79-4f16-a29f-85d1f412b607,1,29.463,29.581,-
0,220,1785688804.613714,1785688804.613843,1785688804.643167,200,4474,d6243c4e-6fcd-48dc-8ab2-d0c0a8d7588b,1,29.324,29.453,-
1,220,1785688804.663714,1785688804.663841,1785688804.693923,200,4474,d562faaa-d3b6-44e6-9676-75242c0b0c92,1,30.082,30.209,-
0,221,1785688804.713714,1785688804.713832,1785688804.743052,200,4474,707f0b68-2b2d-4a6d-8998-fc9e5a26201a,1,29.220,29.338,-
1,221,1785688804.763714,1785688804.763834,1785688804.793865,200,4474,9a5aa886-076c-4cae-be69-735d4ae86c76,1,30.030,30.151,-
0,222,1785688804.813714,1785688804.813838,1785688804.843155,200,4474,8a3da911-0a8e-4fc2-86d5-ff6f0ebeea5a,1,29.317,29.440,-
1,222,1785688804.863714,1785688804.863832,1785688804.893117,200,4474,19afc985-5a5c-49b4-81d8-061f0c28f433,1,29.284,29.402,-
0,223,1785688804.913714,1785688804.913840,1785688804.943230,200,4474,a077efc0-994b-4f44-959b-229530aac7b7,1,29.390,29.516,-
1,223,1785688804.963714,1785688804.963843,1785688804.993761,200,4474,3c8d4eb5-cb5f-47fd-b555-05e77040ab10,1,29.918,30.046,-
0,224,1785688805.013714,1785688805.013878,1785688805.043460,200,4474,436e1011-f8b4-400c-9b9d-80c737b6c97a,1,29.583,29.746,-
1,224,1785688805.063714,1785688805.063794,1785688805.093619,200,4474,3ba03ca7-3320-410e-91a2-6fb33153c4a4,1,29.825,29.905,-
0,225,1785688805.113714,1785688805.113846,1785688805.143274,200,4474,b2d9fd57-4cb0-4ebb-abe4-590cafc490bd,1,29.428,29.560,-
1,225,1785688805.163714,1785688805.163833,1785688805.193471,200,4474,ea0d1868-191e-4388-b35d-ee5d715d9c8b,1,29.638,29.757,-
0,226,1785688805.213714,1785688805.213836,1785688805.243279,200,4474,3a7b3f52-88c8-45a7-adad-d74360fa4009,1,29.443,29.565,-
1,226,1785688805.263714,1785688805.263851,1785688805.293229,200,4474,a6248025-694e-4c04-988b-94127beeb751,1,29.378,29.515,-
0,227,1785688805.313714,1785688805.313843,1785688805.344095,200,4474,8437f90e-b9d1-4476-abd8-680a99fdd689,1,30.252,30.381,-
1,227,1785688805.363714,1785688805.363832,1785688805.393715,200,4474,efc4d46e-7f0f-4418-b049-c506dfdf99ab,1,29.883,30.000,-
0,228,1785688805.413714,1785688805.413839,1785688805.443504,200,4474,b992038b-138e-45dc-ae7b-641b70d03ea1,1,29.665,29.790,-
1,228,1785688805.463714,1785688805.463830,1785688805.493220,200,4474,716e411d-2c2c-4035-8a5a-0c2a3a3fd9f2,1,29.390,29.506,-
0,229,1785688805.513714,1785688805.513843,1785688805.543300,200,4474,577822e1-30ff-4f69-9bd2-9f1b3ae848da,1,29.458,29.586,-
1,229,1785688805.563714,1785688805.563833,1785688805.593343,200,4474,9a63f593-4c16-4a7f-9ede-4ef2139ffe8a,1,29.510,29.629,-
0,230,1785688805.613714,1785688805.613843,1785688805.643140,200,4474,c44b0c2f-3fed-4147-a979-86182bb7ecd5,1,29.298,29.426,-
1,230,1785688805.663714,1785688805.663835,1785688805.693522,200,4474,5cc09d74-14d6-4135-8711-7a49e07432dc,1,29.687,29.808,-
0,231,1785688805.713714,1785688805.713836,1785688805.743237,200,4474,d23b25cf-f5fa-46f9-b359-e31e9ff1ce1d,1,29.401,29.523,-
1,231,1785688805.763714,1785688805.763833,1785688805.793279,200,4474,dbed7eea-18ec-4d91-8b57-2de8fdd7cde8,1,29.447,29.565,-
0,232,1785688805.813714,1785688805.813840,1785688805.844047,200,4474,a63058e5-baa9-4445-a2d2-84740549c25a,1,30.207,30.333,-
1,232,1785688805.863714,1785688805.863832,1785688805.894458,200,4474,8f70c0c2-633e-4b29-9302-7c31d9053b65,1,30.626,30.744,-
0,233,1785688805.913714,1785688805.913866,1785688805.943409,200,4474,0060a803-461c-445e-9148-a3410f3f2708,1,29.543,29.695,-
1,233,1785688805.963714,1785688805.963833,1785688805.993668,200,4474,fbd0e2a3-9cda-4963-a4d7-40facdb295b2,1,29.835,29.954,-
0,234,1785688806.013714,1785688806.013847,1785688806.043402,200,4474,657251e1-8142-4dba-9c83-af4ccdb24492,1,29.555,29.687,-
1,234,1785688806.063714,1785688806.063833,1785688806.093307,200,4474,97496733-24be-4232-9707-6e930c3260a4,1,29.474,29.593,-
0,235,1785688806.113714,1785688806.113848,1785688806.143260,200,4474,d05c3f81-f5f8-4dd0-a53f-cb11c6163383,1,29.412,29.546,-
1,235,1785688806.163714,1785688806.163832,1785688806.193078,200,4474,a43e20c4-7c87-48fd-afbd-6238f6628b31,1,29.246,29.364,-
0,236,1785688806.213714,1785688806.213833,1785688806.243493,200,4474,a3cbafba-788c-4485-be5a-75cf777e9c1a,1,29.660,29.779,-
1,236,1785688806.263714,1785688806.263833,1785688806.293242,200,4474,d30d2f7e-de08-4bf8-b2ad-6fc5244839b7,1,29.410,29.528,-
0,237,1785688806.313714,1785688806.313842,1785688806.343433,200,4474,7cdd9737-ce76-49ed-bb0a-12cedf0bb45f,1,29.591,29.719,-
1,237,1785688806.363714,1785688806.363834,1785688806.393295,200,4474,89657dfa-1e96-46d7-9256-4ef38c126168,1,29.461,29.581,-
0,238,1785688806.413714,1785688806.413849,1785688806.443264,200,4474,9fdb6048-427e-4f6c-9266-7bcd3669b73c,1,29.415,29.550,-
1,238,1785688806.463714,1785688806.463834,1785688806.493587,200,4474,bc31ba87-201c-4f0c-b3e5-fb435ead25cc,1,29.752,29.872,-
0,239,1785688806.513714,1785688806.513855,1785688806.544352,200,4474,f405a80f-c99b-4ea8-ab5a-2c5ec5a7508f,1,30.496,30.637,-
1,239,1785688806.563714,1785688806.563834,1785688806.593323,200,4474,43d77022-39e9-4b93-a1ab-0b0b2d14d9f6,1,29.488,29.608,-
0,240,1785688806.613714,1785688806.613848,1785688806.643258,200,4474,20953f80-e227-40cb-9f9a-1e26611bcd81,1,29.410,29.544,-
1,240,1785688806.663714,1785688806.663836,1785688806.693252,200,4474,0f3ec85b-d21c-4542-bbc0-9e3f7cca2513,1,29.416,29.538,-
0,241,1785688806.713714,1785688806.713831,1785688806.743168,200,4474,ebcbbd88-bb27-456e-a20a-9988abb58b71,1,29.337,29.454,-
1,241,1785688806.763714,1785688806.763793,1785688806.793835,200,4474,69eda6e3-f408-4acb-8420-74e40960848b,1,30.041,30.121,-
0,242,1785688806.813714,1785688806.813853,1785688806.843812,200,4474,62af9d67-b3b8-457a-90c3-b889d993636c,1,29.959,30.098,-
1,242,1785688806.863714,1785688806.863836,1785688806.893090,200,4474,0fdd3b9f-08ae-4fe5-bf0d-9d21e0410895,1,29.254,29.376,-
0,243,1785688806.913714,1785688806.913851,1785688806.943104,200,4474,d0190e2a-29af-4fa0-bdef-b8076173cd05,1,29.253,29.390,-
1,243,1785688806.963714,1785688806.963841,1785688806.993320,200,4474,38435317-e6f4-4a25-ad6f-be36a454dbcd,1,29.479,29.606,-
0,244,1785688807.013714,1785688807.013855,1785688807.044510,200,4474,883bb74e-a1d5-461b-9e09-9c1f9d651a71,1,30.655,30.796,-
1,244,1785688807.063714,1785688807.063846,1785688807.093917,200,4474,c6eb9a57-5255-49ce-81e6-229795ec4d78,1,30.070,30.202,-
0,245,1785688807.113714,1785688807.113852,1785688807.144180,200,4474,c05ed692-fc2a-4271-a993-13d6e30dca0c,1,30.329,30.466,-
1,245,1785688807.163714,1785688807.163833,1785688807.193654,200,4474,877e9d32-baab-4e11-904e-ee822428594e,1,29.821,29.940,-
0,246,1785688807.213714,1785688807.213826,1785688807.243632,200,4474,8d2a38cf-0f09-4103-842a-69f021a37efb,1,29.806,29.917,-
1,246,1785688807.263714,1785688807.263835,1785688807.293297,200,4474,636c21a7-e12a-41cb-aaff-903b53aa6829,1,29.462,29.583,-
0,247,1785688807.313714,1785688807.313842,1785688807.343296,200,4474,1fe00af3-5c4b-41a2-b26a-e46bbea26a7f,1,29.454,29.582,-
1,247,1785688807.363714,1785688807.363841,1785688807.393745,200,4474,1b6215a3-fd14-4a8c-a9e3-94716461efa2,1,29.904,30.030,-
0,248,1785688807.413714,1785688807.413843,1785688807.443183,200,4474,aaaa1262-2336-4a07-b196-e7c647bbd3f8,1,29.340,29.469,-
1,248,1785688807.463714,1785688807.463834,1785688807.493194,200,4474,bd53cdc4-597a-419b-8e98-f2bf1bf28adc,1,29.360,29.480,-
0,249,1785688807.513714,1785688807.513839,1785688807.543226,200,4474,1035baa6-3bf4-4f83-a313-a4d77c6b56d0,1,29.387,29.512,-
1,249,1785688807.563714,1785688807.563834,1785688807.593231,200,4474,3eb21715-4357-45fe-907e-c037371f5587,1,29.397,29.517,-
0,250,1785688807.613714,1785688807.613841,1785688807.643486,200,4474,278d4b4f-b9c9-46a2-92da-49f0fb2a83e7,1,29.645,29.772,-
1,250,1785688807.663714,1785688807.663834,1785688807.693798,200,4474,f9219ddb-c8bc-42d2-bdb4-17cbabc47160,1,29.964,30.083,-
0,251,1785688807.713714,1785688807.713832,1785688807.743137,200,4474,5d31781a-b598-49a2-a540-7d08fc2080d9,1,29.305,29.423,-
1,251,1785688807.763714,1785688807.763835,1785688807.793815,200,4474,26d114ab-d9b2-49f1-ae2d-60bb06b021e9,1,29.980,30.101,-
0,252,1785688807.813714,1785688807.813838,1785688807.843580,200,4474,6bf9c19b-5fb3-4299-86b7-8fade27f096a,1,29.742,29.865,-
1,252,1785688807.863714,1785688807.863835,1785688807.893294,200,4474,282f42d8-94e2-4490-bbe4-401009d9f130,1,29.459,29.580,-
0,253,1785688807.913714,1785688807.913844,1785688807.943785,200,4474,83f0d292-2114-499c-99ce-d0a0cbba0731,1,29.941,30.071,-
1,253,1785688807.963714,1785688807.963835,1785688807.993477,200,4474,4286ed7a-d535-42e6-aa0e-44fa43fa0ce1,1,29.642,29.763,-
0,254,1785688808.013714,1785688808.013839,1785688808.043422,200,4474,9dbe7f72-1476-42d6-8a69-714da7f6cee5,1,29.583,29.708,-
1,254,1785688808.063714,1785688808.063836,1785688808.093381,200,4474,1d17bd3f-85f7-4254-a278-5cc55410038d,1,29.546,29.667,-
0,255,1785688808.113714,1785688808.113851,1785688808.143429,200,4474,e6b1262b-99c2-451f-8bba-cc38d05c5962,1,29.579,29.715,-
1,255,1785688808.163714,1785688808.163835,1785688808.193589,200,4474,c01399a7-a347-4414-b35c-2c2ba1a776d6,1,29.754,29.875,-
0,256,1785688808.213714,1785688808.213829,1785688808.243282,200,4474,6124f472-3eaf-4438-a998-87040371c440,1,29.453,29.568,-
1,256,1785688808.263714,1785688808.263824,1785688808.293237,200,4474,c43283cc-66f7-43a4-9b2a-693f474de7c9,1,29.413,29.523,-
0,257,1785688808.313714,1785688808.313848,1785688808.343121,200,4474,8c880a8d-7afa-40f1-ba9d-ccbb62b8b590,1,29.274,29.407,-
1,257,1785688808.363714,1785688808.363833,1785688808.393628,200,4474,682deec4-86b6-4581-aeef-c1c775cfdf24,1,29.795,29.914,-
0,258,1785688808.413714,1785688808.413844,1785688808.443313,200,4474,18645f57-9bc9-4a0d-864d-3c94b8b0f25b,1,29.469,29.599,-
1,258,1785688808.463714,1785688808.463832,1785688808.493661,200,4474,1012d45d-25f8-48f0-8b40-98b7ce139627,1,29.829,29.947,-
0,259,1785688808.513714,1785688808.513852,1785688808.543947,200,4474,0f820cf5-7ffd-4c88-ab4e-db91c59c3663,1,30.096,30.233,-
1,259,1785688808.563714,1785688808.563843,1785688808.593420,200,4474,62f5894c-8bc2-4099-acfe-047fe5ede6f7,1,29.577,29.706,-
0,260,1785688808.613714,1785688808.613838,1785688808.643299,200,4474,2361f70e-4a90-4993-ac1a-9671f41c72c1,1,29.460,29.584,-
1,260,1785688808.663714,1785688808.663832,1785688808.693336,200,4474,3661bfbe-227a-4add-8022-ef8de09463d1,1,29.504,29.621,-
0,261,1785688808.713714,1785688808.713827,1785688808.743198,200,4474,7a0d6093-16e0-4d61-a8d3-4c11967b90e1,1,29.371,29.484,-
1,261,1785688808.763714,1785688808.763836,1785688808.793426,200,4474,f2606909-0fc4-467b-94b2-0d700e4db799,1,29.590,29.712,-
0,262,1785688808.813714,1785688808.813857,1785688808.843265,200,4474,999315dd-5218-47d2-8d31-3634504d2abc,1,29.408,29.551,-
1,262,1785688808.863714,1785688808.863842,1785688808.893315,200,4474,2dd6bfec-1c2b-40d7-bc1f-7facb1749f0d,1,29.474,29.601,-
0,263,1785688808.913714,1785688808.913841,1785688808.943747,200,4474,0268704b-bf90-40ea-8984-724b66bd8f99,1,29.906,30.032,-
1,263,1785688808.963714,1785688808.963834,1785688808.993685,200,4474,7220fee4-b2ae-475c-9129-97f199293179,1,29.851,29.971,-
0,264,1785688809.013714,1785688809.013849,1785688809.044072,200,4474,89d9ad0c-1189-48f1-a217-b3aefd9d26af,1,30.222,30.357,-
1,264,1785688809.063714,1785688809.063833,1785688809.093674,200,4474,c231d33d-1a3a-4970-9080-e773a0185654,1,29.841,29.960,-
0,265,1785688809.113714,1785688809.113844,1785688809.143783,200,4474,add562ee-02bc-4426-81cf-5780a90b31f8,1,29.938,30.068,-
1,265,1785688809.163714,1785688809.163843,1785688809.193777,200,4474,2171ef49-b4b6-49f5-b382-20e7aaad87f9,1,29.934,30.063,-
0,266,1785688809.213714,1785688809.213827,1785688809.243767,200,4474,bdf6085d-8719-4ea8-a1c2-f366b1b98ef1,1,29.940,30.052,-
1,266,1785688809.263714,1785688809.263835,1785688809.293537,200,4474,946c3331-5325-4dbc-8222-a96c3bd026a3,1,29.702,29.823,-
0,267,1785688809.313714,1785688809.313851,1785688809.343533,200,4474,9ea1c052-fe23-4cf5-9c2e-c4195e325595,1,29.681,29.818,-
1,267,1785688809.363714,1785688809.363832,1785688809.393711,200,4474,f7ab8510-02cd-4baf-ae6a-87d01b265e55,1,29.878,29.996,-
0,268,1785688809.413714,1785688809.413852,1785688809.443236,200,4474,50741875-6af1-42f4-b606-49229b5cbbc0,1,29.384,29.522,-
1,268,1785688809.463714,1785688809.463826,1785688809.493244,200,4474,8c3649b7-474d-4983-a858-790d8d8ea585,1,29.418,29.530,-
0,269,1785688809.513714,1785688809.513856,1785688809.543420,200,4474,8772c91b-2a12-429d-b01b-41995e4bd386,1,29.564,29.706,-
1,269,1785688809.563714,1785688809.563827,1785688809.593276,200,4474,a2e29081-1b9b-43c8-949c-39d4346866c6,1,29.449,29.562,-
0,270,1785688809.613714,1785688809.613850,1785688809.644046,200,4474,7941eb9f-89f6-44bf-8261-e36c29588764,1,30.196,30.332,-
1,270,1785688809.663714,1785688809.663833,1785688809.693297,200,4474,5de7ab40-4e76-418e-9f31-9d7232093214,1,29.464,29.583,-
0,271,1785688809.713714,1785688809.713834,1785688809.743237,200,4474,ac354c0c-fd1a-4ab8-afda-a6a858250565,1,29.403,29.522,-
1,271,1785688809.763714,1785688809.763835,1785688809.793580,200,4474,1600c2c7-efd2-4176-937a-d9f2e1955c85,1,29.745,29.866,-
0,272,1785688809.813714,1785688809.813848,1785688809.843629,200,4474,6fa1c529-9907-4bd5-9655-eb173198e8a9,1,29.781,29.915,-
1,272,1785688809.863714,1785688809.863832,1785688809.893158,200,4474,e1eed910-3506-46a5-89fa-49d371923d2a,1,29.327,29.444,-
0,273,1785688809.913714,1785688809.913836,1785688809.943500,200,4474,8840adff-fba7-4340-8e65-ff2daaff21cb,1,29.665,29.786,-
1,273,1785688809.963714,1785688809.963832,1785688809.993608,200,4474,bfe5d67a-6ba7-444b-95c3-13f9deb474e5,1,29.776,29.894,-
0,274,1785688810.013714,1785688810.013852,1785688810.043333,200,4474,bd3bb34a-b78a-4f06-8608-60536acf9b4a,1,29.481,29.619,-
1,274,1785688810.063714,1785688810.063826,1785688810.093412,200,4474,05d8ed7a-93c8-436d-96e3-3a0d12993a37,1,29.585,29.697,-
0,275,1785688810.113714,1785688810.113854,1785688810.143249,200,4474,142310ca-bd9e-4ad9-81fd-02e3d5479a19,1,29.395,29.534,-
1,275,1785688810.163714,1785688810.163835,1785688810.193256,200,4474,d0cfe035-b006-4f65-bc7a-c6f5a85c9047,1,29.421,29.542,-
0,276,1785688810.213714,1785688810.213832,1785688810.243891,200,4474,aa960961-0a5a-4f0e-b276-b74e2ca57c93,1,30.059,30.177,-
1,276,1785688810.263714,1785688810.263833,1785688810.293821,200,4474,60019313-4725-4ad0-90d6-e88fb7bebc6f,1,29.988,30.107,-
0,277,1785688810.313714,1785688810.313827,1785688810.343186,200,4474,74b7ed36-6a5c-437a-86e2-ad44e0e3c449,1,29.360,29.472,-
1,277,1785688810.363714,1785688810.363831,1785688810.393285,200,4474,81ee1aa8-c6b5-4bae-ba87-8d23a7d27e31,1,29.454,29.571,-
0,278,1785688810.413714,1785688810.413851,1785688810.443285,200,4474,8bbd51e9-1328-43c8-a0c3-2484ea6d29f8,1,29.434,29.571,-
1,278,1785688810.463714,1785688810.463843,1785688810.493139,200,4474,3aa01567-86d5-4c46-ad41-290337cbe22f,1,29.296,29.425,-
0,279,1785688810.513714,1785688810.513846,1785688810.543993,200,4474,04ab100e-b580-4ada-b859-0648fd86b9a4,1,30.147,30.278,-
1,279,1785688810.563714,1785688810.563833,1785688810.593355,200,4474,561210c5-f44c-459b-9a8b-b9ffbe1d4861,1,29.522,29.640,-
0,280,1785688810.613714,1785688810.613853,1785688810.643284,200,4474,f0476267-9f46-4ba2-b2c2-2e5ac4f39128,1,29.432,29.570,-
1,280,1785688810.663714,1785688810.663835,1785688810.693516,200,4474,d1399b97-c71e-4d43-8ff8-b4ba0c5b75d9,1,29.681,29.802,-
0,281,1785688810.713714,1785688810.713827,1785688810.743148,200,4474,d9ad5720-749c-45c4-b38c-c27af256080f,1,29.321,29.433,-
1,281,1785688810.763714,1785688810.763835,1785688810.793054,200,4474,ade6e459-5ccd-44ae-938b-415017ed30da,1,29.219,29.340,-
0,282,1785688810.813714,1785688810.813840,1785688810.843477,200,4474,73c657e6-e4ee-4810-9996-a39ca3b6ab3d,1,29.637,29.763,-
1,282,1785688810.863714,1785688810.863835,1785688810.893636,200,4474,346071b4-6def-4486-acde-e08ba816183b,1,29.801,29.922,-
0,283,1785688810.913714,1785688810.913857,1785688810.943320,200,4474,4fc94ec4-cb3d-4492-a38f-f637b9745833,1,29.463,29.606,-
1,283,1785688810.963714,1785688810.963835,1785688810.993386,200,4474,cd73f5bb-4813-40e1-98d2-4f5f97016caf,1,29.551,29.671,-
0,284,1785688811.013714,1785688811.013845,1785688811.043522,200,4474,b1c28514-f28e-45d3-b91d-dddf0f79485a,1,29.677,29.807,-
1,284,1785688811.063714,1785688811.063844,1785688811.093407,200,4474,46fe4ad9-5230-4e3d-a74f-6e1b5798635e,1,29.563,29.693,-
0,285,1785688811.113714,1785688811.113839,1785688811.143278,200,4474,5d2dccdb-3089-4cd9-ad42-18e925d728b1,1,29.438,29.564,-
1,285,1785688811.163714,1785688811.163844,1785688811.193947,200,4474,90ed2f72-17b3-4aff-ba56-8e7e3554e26b,1,30.103,30.232,-
0,286,1785688811.213714,1785688811.213826,1785688811.243561,200,4474,b1c7ce8e-afa5-4de5-af3d-c69a0eb898aa,1,29.735,29.846,-
1,286,1785688811.263714,1785688811.263832,1785688811.293306,200,4474,81a3f13b-6230-4b0a-a8f8-2caf0035938e,1,29.474,29.592,-
0,287,1785688811.313714,1785688811.313848,1785688811.343117,200,4474,ec0e2f90-d64a-4a1d-88f4-9774fc222ea7,1,29.269,29.402,-
1,287,1785688811.363714,1785688811.363833,1785688811.393143,200,4474,d44893cb-ad4c-435c-ab99-0536abc2ec55,1,29.310,29.429,-
0,288,1785688811.413714,1785688811.413852,1785688811.443630,200,4474,4e6044cc-43fa-4f0a-99a5-907c2e44201a,1,29.777,29.915,-
1,288,1785688811.463714,1785688811.463837,1785688811.493490,200,4474,3aa7f7ea-db3f-4e15-b78a-4839f8430d49,1,29.652,29.775,-
0,289,1785688811.513714,1785688811.513848,1785688811.543334,200,4474,bcac842b-3e33-4849-b8e5-b763f229788a,1,29.487,29.620,-
1,289,1785688811.563714,1785688811.563836,1785688811.593472,200,4474,93bc87e8-ecb8-45f4-a86a-a7402222f31a,1,29.636,29.757,-
0,290,1785688811.613714,1785688811.613863,1785688811.643605,200,4474,d177f740-b246-423d-a65f-48ae7dda5183,1,29.741,29.891,-
1,290,1785688811.663714,1785688811.663845,1785688811.693307,200,4474,cad58db5-4af8-48fe-9264-d002738fa6a3,1,29.462,29.593,-
0,291,1785688811.713714,1785688811.713828,1785688811.743639,200,4474,b86cfbe2-b835-48d1-8a8f-3815f6052cb7,1,29.810,29.924,-
1,291,1785688811.763714,1785688811.763837,1785688811.793290,200,4474,19f62404-c909-4644-9c91-1fa2e011253e,1,29.453,29.576,-
0,292,1785688811.813714,1785688811.813851,1785688811.843139,200,4474,7c39e9cc-a63d-48a0-bc09-e4f60cd5d68b,1,29.288,29.425,-
1,292,1785688811.863714,1785688811.863835,1785688811.893536,200,4474,0f16bfe8-299a-4692-9472-b3fb57f70556,1,29.701,29.822,-
0,293,1785688811.913714,1785688811.913838,1785688811.943236,200,4474,32cc1b5d-a256-4afb-ab86-f58b8d5a22ef,1,29.398,29.522,-
1,293,1785688811.963714,1785688811.963840,1785688811.993468,200,4474,c019862e-f686-4cf2-9dd7-812759f862c6,1,29.628,29.754,-
0,294,1785688812.013714,1785688812.013859,1785688812.043700,200,4474,4aacd069-1fc4-4c57-b65d-357d6164610e,1,29.841,29.986,-
1,294,1785688812.063714,1785688812.063834,1785688812.093997,200,4474,4f1757d6-4e0a-43bf-92a8-a6c801eeeeb2,1,30.163,30.283,-
0,295,1785688812.113714,1785688812.113860,1785688812.143410,200,4474,aa6b7240-9953-4d78-8965-2fb79a432e9a,1,29.550,29.696,-
1,295,1785688812.163714,1785688812.163838,1785688812.193288,200,4474,81510ec6-f5dc-4f18-8bdf-78308329ed4f,1,29.450,29.573,-
0,296,1785688812.213714,1785688812.213831,1785688812.243297,200,4474,b5f5ab81-7b8d-49bb-82d1-95592b2208d0,1,29.466,29.583,-
1,296,1785688812.263714,1785688812.263835,1785688812.293395,200,4474,68963056-3bfe-4328-a953-eb31f28ba0f6,1,29.560,29.681,-
0,297,1785688812.313714,1785688812.313844,1785688812.343428,200,4474,4ae36604-ec97-473f-98cd-5bcca6960643,1,29.584,29.714,-
1,297,1785688812.363714,1785688812.363833,1785688812.393635,200,4474,488d8d26-6d5d-42ca-b9a7-6def8742ab76,1,29.801,29.921,-
0,298,1785688812.413714,1785688812.413840,1785688812.443390,200,4474,a76b9151-6022-4bba-b66e-f24feecfe5ad,1,29.550,29.675,-
1,298,1785688812.463714,1785688812.463841,1785688812.493160,200,4474,396a4075-7657-4b90-a49d-c918df65c3e0,1,29.319,29.446,-
0,299,1785688812.513714,1785688812.513855,1785688812.543882,200,4474,35e14a15-5b5d-4d30-bb62-3193bb108b25,1,30.028,30.168,-
1,299,1785688812.563714,1785688812.563838,1785688812.593438,200,4474,6ed5541e-72b9-46e8-9ffd-3e8c8e3eb916,1,29.600,29.724,-
0,300,1785688812.613714,1785688812.613846,1785688812.643877,200,4474,96472305-011f-40b6-88c6-591aed214318,0,30.032,30.163,-
1,300,1785688812.663714,1785688812.663828,1785688812.693310,200,4474,bd2408e6-98fa-4537-9a66-92a77d7c8cb0,0,29.483,29.596,-
0,301,1785688812.713714,1785688812.713838,1785688812.743392,200,4474,d7d0a448-9111-413c-b422-5a28a4f45171,0,29.554,29.678,-
1,301,1785688812.763714,1785688812.763831,1785688812.793402,200,4474,48565500-1be6-458c-940d-5baa3a6e0bbf,0,29.571,29.688,-
0,302,1785688812.813714,1785688812.813847,1785688812.843234,200,4474,d848cc20-ae0b-4683-8c71-5c65976ffa66,0,29.387,29.520,-
1,302,1785688812.863714,1785688812.863832,1785688812.893277,200,4474,121c3ac5-6d9a-4e32-a6b3-8529d22d0ab2,0,29.445,29.562,-
0,303,1785688812.913714,1785688812.913841,1785688812.943375,200,4474,c8d060d5-f982-4c5c-b89c-95ae149e6dba,0,29.534,29.661,-
1,303,1785688812.963714,1785688812.963840,1785688812.993696,200,4474,e4526d05-f7db-4a4d-b0b5-f180e75dd2e8,0,29.855,29.982,-
0,304,1785688813.013714,1785688813.013844,1785688813.043380,200,4474,f899047f-f02b-4452-bbe9-f646cb5b7dba,0,29.536,29.666,-
1,304,1785688813.063714,1785688813.063832,1785688813.093354,200,4474,3a9c2a2f-11d3-4ccf-89c4-e3ec5986156e,0,29.522,29.640,-
0,305,1785688813.113714,1785688813.113840,1785688813.143025,200,4474,48a7de67-240d-4444-aa27-1e06f6c96df5,0,29.185,29.311,-
1,305,1785688813.163714,1785688813.163833,1785688813.193586,200,4474,ce971290-d50e-4ba7-a9fc-7eabb5d95c0b,0,29.753,29.872,-
0,306,1785688813.213714,1785688813.213833,1785688813.243510,200,4474,15fd72a2-848e-4867-9362-75cba49eab5b,0,29.676,29.795,-
1,306,1785688813.263714,1785688813.263842,1785688813.293736,200,4474,39212d53-b4d8-47ba-95d3-3b314cb71803,0,29.894,30.022,-
0,307,1785688813.313714,1785688813.313848,1785688813.343350,200,4474,f09e50f8-0d36-4135-88ec-a7ae39ce7591,0,29.503,29.636,-
1,307,1785688813.363714,1785688813.363832,1785688813.393169,200,4474,d0eb8df6-aec8-4c11-a964-962454854066,0,29.337,29.455,-
0,308,1785688813.413714,1785688813.413854,1785688813.443617,200,4474,ad9c4a66-1fd4-4c03-9dca-ceebbaab6a8d,0,29.763,29.903,-
1,308,1785688813.463714,1785688813.463834,1785688813.493304,200,4474,d590b358-1092-444e-9778-abe9a464383a,0,29.470,29.590,-
0,309,1785688813.513714,1785688813.513841,1785688813.543554,200,4474,5e8c5420-3ed7-4514-98d7-a4fb1106f760,0,29.713,29.840,-
1,309,1785688813.563714,1785688813.563836,1785688813.593320,200,4474,c3731970-71e1-4a2c-93e1-fb95bcb2eaaf,0,29.484,29.605,-
0,310,1785688813.613714,1785688813.613827,1785688813.643244,200,4474,dcf3006e-49ad-487b-b2db-98d2610931f4,0,29.417,29.530,-
1,310,1785688813.663714,1785688813.663834,1785688813.693544,200,4474,a07c3032-1a2d-42c0-a36b-edb235a2d095,0,29.710,29.830,-
0,311,1785688813.713714,1785688813.713826,1785688813.743121,200,4474,d2715f9e-1f41-4199-93bb-869d1ede746b,0,29.295,29.407,-
1,311,1785688813.763714,1785688813.763841,1785688813.793271,200,4474,45a2ba81-618a-47f5-be28-2de774e530a2,0,29.430,29.557,-
0,312,1785688813.813714,1785688813.813830,1785688813.843609,200,4474,f10f447d-8018-4185-b03c-a53290ccd5bc,0,29.779,29.895,-
1,312,1785688813.863714,1785688813.863834,1785688813.893851,200,4474,59aac675-45af-4de7-8b97-8f64a42408bd,0,30.017,30.136,-
0,313,1785688813.913714,1785688813.913839,1785688813.943245,200,4474,823fade8-8e8a-4c7a-94f2-7f98db24f6e9,0,29.406,29.531,-
1,313,1785688813.963714,1785688813.963831,1785688813.993362,200,4474,af8322d9-cc80-4250-b5b6-77b16f70f48f,0,29.531,29.648,-
0,314,1785688814.013714,1785688814.013828,1785688814.043402,200,4474,aa27cb90-1912-463a-97be-225aceab2eff,0,29.574,29.688,-
1,314,1785688814.063714,1785688814.063835,1785688814.093517,200,4474,0af25bf4-2a7c-4b77-9400-348e2b18d5f2,0,29.681,29.803,-
0,315,1785688814.113714,1785688814.113826,1785688814.143539,200,4474,467c12e8-4d99-4ab4-b04d-dd31a1cf81ab,0,29.713,29.825,-
1,315,1785688814.163714,1785688814.163834,1785688814.193292,200,4474,e81dcfe0-2b17-4173-b6c2-4e402379ef8c,0,29.458,29.578,-
0,316,1785688814.213714,1785688814.213840,1785688814.243038,200,4474,34fa52c7-5f29-44ff-bb10-ea43d4ec4cea,0,29.199,29.324,-
1,316,1785688814.263714,1785688814.263835,1785688814.293240,200,4474,7f6f0720-afca-405d-b5f4-46f1a28a9522,0,29.404,29.526,-
0,317,1785688814.313714,1785688814.313832,1785688814.343606,200,4474,27abd979-8e55-43f5-aa98-3cf284ba8193,0,29.774,29.892,-
1,317,1785688814.363714,1785688814.363832,1785688814.393276,200,4474,2a33c0a5-2ddc-4ca0-9100-83dec4f12ef7,0,29.443,29.562,-
0,318,1785688814.413714,1785688814.413828,1785688814.444340,200,4474,96ef7c72-1f13-4466-98d2-c97acb58465f,0,30.512,30.626,-
1,318,1785688814.463714,1785688814.463840,1785688814.493285,200,4474,8b025057-96c9-4c54-9422-777a28a5aaf6,0,29.445,29.571,-
0,319,1785688814.513714,1785688814.513830,1785688814.543367,200,4474,556cf8e0-486a-454f-8821-80e8669ebef2,0,29.536,29.652,-
1,319,1785688814.563714,1785688814.563835,1785688814.593271,200,4474,188f7ff9-3eb1-4920-9971-da0349aeaf04,0,29.436,29.556,-
0,320,1785688814.613714,1785688814.613851,1785688814.643248,200,4474,ff02292b-3c2a-437d-9b54-9ef0aabf7ede,0,29.397,29.534,-
1,320,1785688814.663714,1785688814.663843,1785688814.693341,200,4474,e3e71a9e-d96d-4d4d-b969-5266e136d695,0,29.499,29.627,-
0,321,1785688814.713714,1785688814.713852,1785688814.743374,200,4474,3bfe6f99-fcbd-426e-8d2a-a23ea606c35a,0,29.521,29.660,-
1,321,1785688814.763714,1785688814.763834,1785688814.793845,200,4474,beadb1c5-1afb-40b3-903f-3d209a9891da,0,30.011,30.131,-
0,322,1785688814.813714,1785688814.813852,1785688814.843139,200,4474,64ac1a8f-349f-4b32-9dc0-7c9959a0789a,0,29.287,29.425,-
1,322,1785688814.863714,1785688814.863832,1785688814.893274,200,4474,d5ebadb1-13ed-406a-8966-0e880a9611f1,0,29.442,29.560,-
0,323,1785688814.913714,1785688814.913843,1785688814.943316,200,4474,cbaab3f3-3f6c-4a69-be8c-14f029793a33,0,29.472,29.601,-
1,323,1785688814.963714,1785688814.963846,1785688814.993393,200,4474,51359805-bee0-422b-8d20-8b065fc7959a,0,29.547,29.679,-
0,324,1785688815.013714,1785688815.013865,1785688815.043808,200,4474,e9d94def-443d-4357-9541-5ca9f7c8f5e4,0,29.944,30.094,-
1,324,1785688815.063714,1785688815.063833,1785688815.093455,200,4474,37c3e477-bcb8-4c01-9d3e-436d65dd14a6,0,29.622,29.741,-
0,325,1785688815.113714,1785688815.113863,1785688815.143085,200,4474,774920e6-6fff-4088-9983-a9bbd3c09bcf,0,29.223,29.371,-
1,325,1785688815.163714,1785688815.163833,1785688815.193554,200,4474,c597b0b1-ad55-480a-a4ca-8b6a5d4dfaa8,0,29.721,29.840,-
0,326,1785688815.213714,1785688815.213843,1785688815.243705,200,4474,a793f6d2-4a2a-4ddb-aa13-81c321f1b7db,0,29.862,29.991,-
1,326,1785688815.263714,1785688815.263835,1785688815.293248,200,4474,0b428796-8483-4299-9cf8-1d7637ca13c5,0,29.413,29.534,-
0,327,1785688815.313714,1785688815.313841,1785688815.343548,200,4474,8d2276a2-a585-4fb3-ae8e-f5015171b2dd,0,29.708,29.834,-
1,327,1785688815.363714,1785688815.363832,1785688815.393180,200,4474,345a34ef-ab20-4373-a70b-1820233a4354,0,29.348,29.466,-
0,328,1785688815.413714,1785688815.413840,1785688815.443193,200,4474,38df7355-5d97-422d-a87d-53f83691e2f7,0,29.353,29.479,-
1,328,1785688815.463714,1785688815.463834,1785688815.493243,200,4474,f2cdae36-0f14-48f6-9a3b-fd91bad3b314,0,29.410,29.529,-
0,329,1785688815.513714,1785688815.513846,1785688815.543200,200,4474,3e8e7696-1e60-4e76-ba27-a7ddcb570258,0,29.353,29.485,-
1,329,1785688815.563714,1785688815.563833,1785688815.593462,200,4474,39f6e3b8-7e54-4b24-b05f-9243200665e0,0,29.629,29.748,-
0,330,1785688815.613714,1785688815.613840,1785688815.643679,200,4474,e2d4402e-5d06-49f0-86d3-d60ed1b9a0a9,0,29.839,29.965,-
1,330,1785688815.663714,1785688815.663834,1785688815.693669,200,4474,47c4e7c1-4216-40ae-ab3b-c4f57517d178,0,29.835,29.955,-
0,331,1785688815.713714,1785688815.713851,1785688815.743213,200,4474,4b33f295-6dea-4dbf-aa8d-d97476a94c43,0,29.362,29.499,-
1,331,1785688815.763714,1785688815.763833,1785688815.793314,200,4474,99416e57-d20d-47c1-92f6-15e7cc578a6f,0,29.481,29.599,-
0,332,1785688815.813714,1785688815.813841,1785688815.843448,200,4474,f93ca6cf-4f48-468c-b7f5-361800307ee9,0,29.607,29.734,-
1,332,1785688815.863714,1785688815.863832,1785688815.893244,200,4474,57b8028f-94b5-4908-bf77-2d20253eec6d,0,29.412,29.530,-
0,333,1785688815.913714,1785688815.913848,1785688815.943644,200,4474,7a081961-23e6-4583-9d47-4f5926e3073f,0,29.796,29.930,-
1,333,1785688815.963714,1785688815.963832,1785688815.993266,200,4474,36dd1ed3-457b-4ec2-8502-3e49e516fe72,0,29.433,29.552,-
0,334,1785688816.013714,1785688816.013848,1785688816.043713,200,4474,cdff5913-4a8b-49e1-bee4-a175d85e645f,0,29.866,29.999,-
1,334,1785688816.063714,1785688816.063842,1785688816.093530,200,4474,1784b3d8-8aa4-4351-ab9c-2a4ecd65c10a,0,29.688,29.816,-
0,335,1785688816.113714,1785688816.113856,1785688816.143287,200,4474,f4b0b9ff-5278-490e-a472-9b92d7c37010,0,29.431,29.572,-
1,335,1785688816.163714,1785688816.163833,1785688816.193453,200,4474,bb361eaa-6b2a-4d52-9403-aa4a64c1345e,0,29.620,29.739,-
0,336,1785688816.213714,1785688816.213848,1785688816.243611,200,4474,2572e810-0705-4021-bdfc-f6b5e9a461d1,0,29.762,29.896,-
1,336,1785688816.263714,1785688816.263833,1785688816.293665,200,4474,df606713-6d2e-4195-9956-2cae1ac64f4b,0,29.832,29.951,-
0,337,1785688816.313714,1785688816.313841,1785688816.343241,200,4474,7e1a352b-84e7-4cfc-89e6-671ecbdac6b9,0,29.400,29.527,-
1,337,1785688816.363714,1785688816.363834,1785688816.393141,200,4474,9e6ff573-7782-499c-b294-04053c309ad7,0,29.307,29.427,-
0,338,1785688816.413714,1785688816.413867,1785688816.443175,200,4474,378e0ee4-6bc0-46f1-a94e-c8d139cfa931,0,29.308,29.461,-
1,338,1785688816.463714,1785688816.463833,1785688816.493607,200,4474,d20a71bd-cba6-4a2b-93dc-501795a3607e,0,29.774,29.893,-
0,339,1785688816.513714,1785688816.513839,1785688816.543835,200,4474,34d17ab9-3910-4b04-9a4d-02ccd5e61c87,0,29.996,30.120,-
1,339,1785688816.563714,1785688816.563835,1785688816.593215,200,4474,fcb3a9c1-5839-4715-a7aa-7016259d795b,0,29.380,29.501,-
0,340,1785688816.613714,1785688816.613840,1785688816.643238,200,4474,415d51b4-eca6-4b5a-95a2-d54e9ba8e46c,0,29.398,29.524,-
1,340,1785688816.663714,1785688816.663835,1785688816.693253,200,4474,05f67e9e-29eb-4511-9038-bcd25defcf28,0,29.418,29.539,-
0,341,1785688816.713714,1785688816.713888,1785688816.743267,200,4474,2eca939e-4537-4f2a-9e82-8347564413b4,0,29.379,29.552,-
1,341,1785688816.763714,1785688816.763841,1785688816.793504,200,4474,80a0cbde-7c12-45f8-a9dc-3fdbfadda23c,0,29.663,29.790,-
0,342,1785688816.813714,1785688816.813855,1785688816.843689,200,4474,60c64092-df6f-4a23-9f30-7f892c30a99c,0,29.834,29.975,-
1,342,1785688816.863714,1785688816.863835,1785688816.893251,200,4474,ee2b0725-1e3c-40ff-8092-8e8ab6d99208,0,29.416,29.536,-
0,343,1785688816.913714,1785688816.913850,1785688816.943530,200,4474,67b6b781-a5f6-4d71-88a3-d65eb580f527,0,29.680,29.816,-
1,343,1785688816.963714,1785688816.963833,1785688816.993403,200,4474,f822661d-038c-405e-9ca2-7b579f91dd7f,0,29.570,29.689,-
0,344,1785688817.013714,1785688817.013843,1785688817.044775,200,4474,cdab76a5-117f-4d89-b4d7-beaf88dbe848,0,30.932,31.061,-
1,344,1785688817.063714,1785688817.063834,1785688817.093253,200,4474,b948a8a6-e098-4a56-a353-3e498cc2ac5a,0,29.419,29.538,-
0,345,1785688817.113714,1785688817.113840,1785688817.143641,200,4474,45020922-f1ff-4f2d-aa11-967df77796cd,0,29.800,29.926,-
1,345,1785688817.163714,1785688817.163831,1785688817.193627,200,4474,71a92d58-fea7-41ea-87ac-298b212ece60,0,29.796,29.912,-
0,346,1785688817.213714,1785688817.213867,1785688817.243381,200,4474,5e812f64-9f73-4945-b410-e061444029e9,0,29.514,29.667,-
1,346,1785688817.263714,1785688817.263834,1785688817.293520,200,4474,7d38c233-f87a-4f70-8c65-70aa487a84f3,0,29.686,29.806,-
0,347,1785688817.313714,1785688817.313849,1785688817.343219,200,4474,cdf45e80-14ee-4d46-81fd-2500f8b0bedd,0,29.369,29.505,-
1,347,1785688817.363714,1785688817.363838,1785688817.393559,200,4474,0b72ef18-9f5c-4b39-9f38-377d0445df88,0,29.721,29.845,-
0,348,1785688817.413714,1785688817.413841,1785688817.443672,200,4474,54b6f0b7-88bc-43df-83b2-f1f0589e645b,0,29.831,29.958,-
1,348,1785688817.463714,1785688817.463842,1785688817.493339,200,4474,5848a718-5f43-462c-ad3b-1bd21f2d3303,0,29.497,29.624,-
0,349,1785688817.513714,1785688817.513837,1785688817.543384,200,4474,c203d5e4-e70d-43d9-b400-071df7afd59f,0,29.547,29.670,-
1,349,1785688817.563714,1785688817.563837,1785688817.593270,200,4474,0a80c189-c092-4cb1-b527-184a69ce429c,0,29.433,29.556,-
0,350,1785688817.613714,1785688817.613841,1785688817.643259,200,4474,276b75f2-d95a-4d0c-b7fb-61377afae281,0,29.418,29.545,-
1,350,1785688817.663714,1785688817.663834,1785688817.693234,200,4474,abde9c84-7fbc-4d71-ac15-fd8c65315791,0,29.400,29.520,-
0,351,1785688817.713714,1785688817.713845,1785688817.743398,200,4474,092278bf-fe19-410e-92e4-20d8abcfce48,0,29.554,29.684,-
1,351,1785688817.763714,1785688817.763832,1785688817.793756,200,4474,dc44e74d-7f54-4d1e-b69a-efff396a7db0,0,29.924,30.042,-
0,352,1785688817.813714,1785688817.813839,1785688817.843433,200,4474,d80ff866-e1e3-40f7-b1e3-72a00eda23a5,0,29.593,29.719,-
1,352,1785688817.863714,1785688817.863835,1785688817.893631,200,4474,b4e8ac96-22f3-4955-8609-5554d552be6a,0,29.796,29.917,-
0,353,1785688817.913714,1785688817.913853,1785688817.943290,200,4474,b84a8e24-34d0-4a73-a371-fe824e7ced81,0,29.438,29.576,-
1,353,1785688817.963714,1785688817.963867,1785688817.993291,200,4474,de09fa82-efa4-4434-a69f-2db072c9608c,0,29.425,29.577,-
0,354,1785688818.013714,1785688818.013873,1785688818.044065,200,4474,689e800e-a226-46d7-845f-71f1059e53bf,0,30.192,30.351,-
1,354,1785688818.063714,1785688818.063847,1785688818.093382,200,4474,6ea3ecf7-38d1-4567-8292-bebcd4c216a7,0,29.536,29.668,-
0,355,1785688818.113714,1785688818.113797,1785688818.143297,200,4474,f95f9440-eed4-40b6-99e1-483aeaa9afb9,0,29.500,29.583,-
1,355,1785688818.163714,1785688818.163848,1785688818.193683,200,4474,1f4aa10e-0924-4dc5-9696-7bd3fb78b379,0,29.835,29.969,-
0,356,1785688818.213714,1785688818.213852,1785688818.243319,200,4474,c9af5d54-a39b-4a16-afe4-96b69645a2c9,0,29.467,29.605,-
1,356,1785688818.263714,1785688818.263835,1785688818.293320,200,4474,99318ef5-9fad-41db-ae46-2178699c3ab9,0,29.485,29.606,-
0,357,1785688818.313714,1785688818.313843,1785688818.343498,200,4474,bb4396c0-9161-47a5-b0eb-23b2ec237dfa,0,29.655,29.783,-
1,357,1785688818.363714,1785688818.363837,1785688818.393193,200,4474,4e6c6fa3-d432-4748-8b77-60c27135c942,0,29.357,29.479,-
0,358,1785688818.413714,1785688818.413859,1785688818.443110,200,4474,1c5b5eb6-b225-40b5-a344-d25cc24ed77d,0,29.251,29.396,-
1,358,1785688818.463714,1785688818.463837,1785688818.493457,200,4474,e12b78c5-b184-4422-b55d-b74294486bae,0,29.620,29.742,-
0,359,1785688818.513714,1785688818.513842,1785688818.543224,200,4474,23683bf3-0d45-46f2-ae67-0d78c5ca5c26,0,29.382,29.510,-
1,359,1785688818.563714,1785688818.563841,1785688818.594049,200,4474,d07a071f-ac3d-4037-8683-d07f8876dca0,0,30.208,30.334,-
0,360,1785688818.613714,1785688818.613843,1785688818.643749,200,4474,5a5553fe-aeaa-4222-a314-861fd0645ba7,0,29.905,30.034,-
1,360,1785688818.663714,1785688818.663836,1785688818.693607,200,4474,db67cc92-8107-4e89-b98f-1461eba401de,0,29.771,29.893,-
0,361,1785688818.713714,1785688818.713842,1785688818.743174,200,4474,ca3200f6-8e8b-4938-aee9-9724ede4e0f8,0,29.332,29.460,-
1,361,1785688818.763714,1785688818.763843,1785688818.793223,200,4474,4bd8d034-ce75-486e-b341-d0a8aa48a370,0,29.380,29.509,-
0,362,1785688818.813714,1785688818.813839,1785688818.843157,200,4474,7c6966c2-2729-4fb3-8bfd-578a3a5c5720,0,29.318,29.443,-
1,362,1785688818.863714,1785688818.863837,1785688818.893133,200,4474,1472629a-fdfd-4aeb-82a8-f4d5ba36918a,0,29.296,29.418,-
0,363,1785688818.913714,1785688818.913846,1785688818.943600,200,4474,da5f7b44-dbfd-45e8-8f96-f5af79bb594a,0,29.753,29.886,-
1,363,1785688818.963714,1785688818.963834,1785688818.993583,200,4474,12695c87-2659-4a48-808a-087fad0f37e2,0,29.749,29.869,-
0,364,1785688819.013714,1785688819.013849,1785688819.043432,200,4474,5a64ba97-20bc-43d6-8410-0b4766e5d3d6,0,29.583,29.718,-
1,364,1785688819.063714,1785688819.063846,1785688819.093256,200,4474,5ff2dea4-2cea-4d20-b83d-8a10ac5bcb4d,0,29.411,29.542,-
0,365,1785688819.113714,1785688819.113840,1785688819.143227,200,4474,778281cd-bd2c-4789-9f0a-9c49a9a6ae66,0,29.387,29.512,-
1,365,1785688819.163714,1785688819.163830,1785688819.193255,200,4474,2248ab9c-1ea6-4db9-84a6-2555f0333e68,0,29.424,29.541,-
0,366,1785688819.213714,1785688819.213855,1785688819.244163,200,4474,d855cf85-e15f-48fd-86b5-d4a734eab1cc,0,30.308,30.448,-
1,366,1785688819.263714,1785688819.263829,1785688819.293656,200,4474,90e2d132-807f-40df-9cd1-cfff4021b70a,0,29.827,29.942,-
0,367,1785688819.313714,1785688819.313870,1785688819.343564,200,4474,3dd34d86-e8be-4fde-a55a-c9046548930c,0,29.694,29.850,-
1,367,1785688819.363714,1785688819.363836,1785688819.393996,200,4474,7361421b-ee71-4048-80f3-ad6746fa7216,0,30.160,30.282,-
0,368,1785688819.413714,1785688819.413853,1785688819.443728,200,4474,86587ae8-a032-453c-898a-9071c80ad4b8,0,29.875,30.014,-
1,368,1785688819.463714,1785688819.463832,1785688819.493249,200,4474,2f6ed601-a2cc-4767-9813-b0ffc066c9d5,0,29.417,29.535,-
0,369,1785688819.513714,1785688819.513845,1785688819.543762,200,4474,9d892be3-8dec-44b0-a9c3-d783de283663,0,29.917,30.047,-
1,369,1785688819.563714,1785688819.563835,1785688819.593475,200,4474,38669025-f8f1-449e-bbd8-a8893a720a68,0,29.640,29.761,-
0,370,1785688819.613714,1785688819.613841,1785688819.643564,200,4474,ab0461f2-dd83-49bf-a1b1-3d600cf8cf36,0,29.723,29.850,-
1,370,1785688819.663714,1785688819.663833,1785688819.693247,200,4474,8bfd993a-6bd5-4db0-9059-c430c76873e7,0,29.414,29.533,-
0,371,1785688819.713714,1785688819.713841,1785688819.743285,200,4474,9e395832-304b-4dfc-af2a-622d1609a582,0,29.444,29.571,-
1,371,1785688819.763714,1785688819.763826,1785688819.793176,200,4474,789d1022-4af0-439c-adfe-a2321a441c7f,0,29.350,29.462,-
0,372,1785688819.813714,1785688819.813839,1785688819.843768,200,4474,78a8a2f3-0ae5-47d4-82fe-8e0de655abbb,0,29.928,30.053,-
1,372,1785688819.863714,1785688819.863832,1785688819.893477,200,4474,e33668c1-b6ac-4da5-be39-f1b5b3322d28,0,29.645,29.763,-
0,373,1785688819.913714,1785688819.913845,1785688819.943791,200,4474,df611813-461c-4c9b-8411-3128b3191a5c,0,29.946,30.077,-
1,373,1785688819.963714,1785688819.963834,1785688819.993370,200,4474,a67dd051-fe6b-4e61-82e4-c69fda4793ee,0,29.536,29.656,-
0,374,1785688820.013714,1785688820.013827,1785688820.043194,200,4474,28a07a41-581d-4311-9ba4-a35832396882,0,29.367,29.480,-
1,374,1785688820.063714,1785688820.063835,1785688820.093368,200,4474,bd94ee24-9d18-4083-bdac-9a3bed07311a,0,29.533,29.654,-
0,375,1785688820.113714,1785688820.113844,1785688820.143541,200,4474,72f5add7-1acc-4753-afba-169fe9bee728,0,29.698,29.827,-
1,375,1785688820.163714,1785688820.163832,1785688820.193093,200,4474,fddcc1b8-07b4-4382-a7b0-9a135ba1252e,0,29.261,29.379,-
0,376,1785688820.213714,1785688820.213840,1785688820.243236,200,4474,7daebd59-3487-448f-942b-95fded361d2a,0,29.396,29.522,-
1,376,1785688820.263714,1785688820.263834,1785688820.293653,200,4474,66fbaf94-7a2f-4670-bc57-6bab4f4460bf,0,29.820,29.939,-
0,377,1785688820.313714,1785688820.313841,1785688820.343128,200,4474,fc621ea2-df00-4049-b4f6-d4f31ae80c7c,0,29.287,29.414,-
1,377,1785688820.363714,1785688820.363832,1785688820.393230,200,4474,5e54b2c0-2bc6-4ae0-b930-405207e2bb59,0,29.399,29.516,-
0,378,1785688820.413714,1785688820.413841,1785688820.443623,200,4474,370d9fd3-cf40-4a99-990c-bf084598589e,0,29.783,29.909,-
1,378,1785688820.463714,1785688820.463833,1785688820.493222,200,4474,c81b6096-4898-44e4-8d5c-d9e36c1b2522,0,29.389,29.508,-
0,379,1785688820.513714,1785688820.513841,1785688820.543255,200,4474,b84e76fe-3bf5-4e59-8c74-6ece7399c0ed,0,29.414,29.540,-
1,379,1785688820.563714,1785688820.563837,1785688820.593532,200,4474,0c69ad64-2fe9-4cee-8d17-62442391d1e4,0,29.695,29.817,-
0,380,1785688820.613714,1785688820.613840,1785688820.643325,200,4474,5d2ed1a3-9cfa-42ba-8448-5167cf6e3640,0,29.485,29.611,-
1,380,1785688820.663714,1785688820.663841,1785688820.693561,200,4474,01cbbeeb-4ac5-4837-b0c1-7b34f2b53e40,0,29.720,29.847,-
0,381,1785688820.713714,1785688820.713840,1785688820.743693,200,4474,50f52587-13e0-4436-a687-d3802e04c5ae,0,29.853,29.979,-
1,381,1785688820.763714,1785688820.763829,1785688820.793406,200,4474,81a23614-95a2-4c02-b391-6d38ecafe470,0,29.576,29.691,-
0,382,1785688820.813714,1785688820.813839,1785688820.843209,200,4474,fc7f8e18-d1b0-42b1-8886-bb82b4bf62c3,0,29.369,29.494,-
1,382,1785688820.863714,1785688820.863833,1785688820.893148,200,4474,febeeb4b-50f9-413e-affb-538a97e2bfc1,0,29.315,29.434,-
0,383,1785688820.913714,1785688820.913845,1785688820.943550,200,4474,ba92deae-fc1f-4e14-9c6c-d42e54201e6d,0,29.706,29.836,-
1,383,1785688820.963714,1785688820.963834,1785688820.993571,200,4474,0ab225d0-50fa-490f-81fb-ef8ca17b8d77,0,29.737,29.857,-
0,384,1785688821.013714,1785688821.013842,1785688821.043638,200,4474,04f45527-f01c-4741-9e81-4d3973b95a02,0,29.796,29.924,-
1,384,1785688821.063714,1785688821.063835,1785688821.093626,200,4474,1f7730c6-709c-487a-b357-ecbad097fd26,0,29.792,29.912,-
0,385,1785688821.113714,1785688821.113846,1785688821.143256,200,4474,5aef0297-2c80-40d3-a201-3971cae0137a,0,29.410,29.542,-
1,385,1785688821.163714,1785688821.163831,1785688821.193124,200,4474,9ab79319-873f-4b15-9c91-454ad2ede39f,0,29.293,29.410,-
0,386,1785688821.213714,1785688821.213841,1785688821.243840,200,4474,e7797187-ef25-4dfa-9ea7-6fd532d10ea6,0,29.999,30.126,-
1,386,1785688821.263714,1785688821.263845,1785688821.293461,200,4474,8dba6232-1d72-45c8-8698-5c54c45ffc35,0,29.616,29.747,-
0,387,1785688821.313714,1785688821.313838,1785688821.343912,200,4474,70aa75fe-34ff-43b1-834d-9eab93443051,0,30.075,30.198,-
1,387,1785688821.363714,1785688821.363833,1785688821.393567,200,4474,ae1c5db3-50d0-4af6-b379-86a603ceca2a,0,29.733,29.852,-
0,388,1785688821.413714,1785688821.413838,1785688821.443677,200,4474,39751dd0-51b0-401a-a820-64cdd26a3e6d,0,29.839,29.963,-
1,388,1785688821.463714,1785688821.463833,1785688821.493978,200,4474,5fb48593-9068-4be3-8cf6-bb5768c4cd85,0,30.145,30.264,-
0,389,1785688821.513714,1785688821.513848,1785688821.543542,200,4474,e114efad-a542-412a-a134-1710af903df4,0,29.695,29.828,-
1,389,1785688821.563714,1785688821.563835,1785688821.593355,200,4474,decb91f8-a2b2-4596-ab70-ce2696df1d84,0,29.520,29.641,-
0,390,1785688821.613714,1785688821.613837,1785688821.643594,200,4474,3a177595-dc93-42f5-84c3-431ee9605457,0,29.756,29.880,-
1,390,1785688821.663714,1785688821.663833,1785688821.693330,200,4474,1259d363-9dbd-45f8-b876-04fb9badaad0,0,29.497,29.616,-
0,391,1785688821.713714,1785688821.713837,1785688821.743186,200,4474,1cec2c7e-43ae-4aac-a966-4ebe28577b6d,0,29.349,29.472,-
1,391,1785688821.763714,1785688821.763835,1785688821.793161,200,4474,1ec0335a-256c-49b3-8854-d56053fecc8b,0,29.326,29.447,-
0,392,1785688821.813714,1785688821.813841,1785688821.843280,200,4474,75e2702e-c2e7-43fd-a003-9b9f0c7d4545,0,29.438,29.566,-
1,392,1785688821.863714,1785688821.863835,1785688821.894538,200,4474,329a12b7-e171-43b1-8c20-872f469d3c43,0,30.703,30.824,-
0,393,1785688821.913714,1785688821.913840,1785688821.943735,200,4474,6d90e13c-dc4f-434c-a864-cc11af03c309,0,29.895,30.020,-
1,393,1785688821.963714,1785688821.963841,1785688821.993422,200,4474,594f822c-af16-407e-9a3f-1df5a18d44e9,0,29.580,29.707,-
0,394,1785688822.013714,1785688822.013843,1785688822.043630,200,4474,d2a80b60-8438-4577-bc5a-9d01af3bcd07,0,29.787,29.916,-
1,394,1785688822.063714,1785688822.063835,1785688822.093274,200,4474,03b413ff-9868-4f79-8420-ccd621977f0f,0,29.438,29.559,-
0,395,1785688822.113714,1785688822.113825,1785688822.143319,200,4474,9d471fe0-2d2c-4b2c-8c40-ebf9e7460f5c,0,29.494,29.605,-
1,395,1785688822.163714,1785688822.163836,1785688822.193831,200,4474,2505d83b-7bea-4594-82c0-7be20eba3aab,0,29.996,30.117,-
0,396,1785688822.213714,1785688822.213863,1785688822.243604,200,4474,b11ddbe7-68ea-43ee-bab8-e66021d6a6f0,0,29.741,29.890,-
1,396,1785688822.263714,1785688822.263836,1785688822.293585,200,4474,ad6d6ef2-0676-4705-8805-2e5b8297cd29,0,29.749,29.871,-
0,397,1785688822.313714,1785688822.313859,1785688822.343199,200,4474,7e9a45ad-cf27-46aa-a918-5d4308eb0a93,0,29.340,29.485,-
1,397,1785688822.363714,1785688822.363834,1785688822.393267,200,4474,baa0591c-7f75-43b8-803f-31baaa74d45b,0,29.433,29.553,-
0,398,1785688822.413714,1785688822.413848,1785688822.443142,200,4474,c26f55c6-ba43-481f-9ab8-b6fb79a0ccaf,0,29.294,29.428,-
1,398,1785688822.463714,1785688822.463875,1785688822.494164,200,4474,96ee0487-522b-48b6-a64c-9dad3ede4e0c,0,30.288,30.449,-
0,399,1785688822.513714,1785688822.513876,1785688822.543359,200,4474,c1f9a33f-99e3-48ef-8550-0a1c7feb3681,0,29.483,29.645,-
1,399,1785688822.563714,1785688822.563856,1785688822.593482,200,4474,825d251a-fda9-4097-8f0f-7a6896bcc27c,0,29.625,29.768,-
0,400,1785688822.613714,1785688822.613878,1785688822.643755,200,4474,34c17cd4-6f67-49af-9369-ec7e5c50a1fa,0,29.877,30.041,-
1,400,1785688822.663714,1785688822.663843,1785688822.693259,200,4474,17220791-150a-41be-803a-f37ea8124a90,0,29.416,29.545,-
0,401,1785688822.713714,1785688822.713795,1785688822.743447,200,4474,4b90a1ba-f278-4565-8133-52923bfb7d2d,0,29.652,29.733,-
1,401,1785688822.763714,1785688822.763840,1785688822.793661,200,4474,77adc176-8047-4a33-9c18-2624a762d086,0,29.821,29.947,-
0,402,1785688822.813714,1785688822.813866,1785688822.843351,200,4474,2369dbfd-ee77-4a04-9351-633e992e1d2a,0,29.485,29.637,-
1,402,1785688822.863714,1785688822.863835,1785688822.893226,200,4474,b0c2f501-4044-4b19-998f-d2d316453d5e,0,29.391,29.512,-
0,403,1785688822.913714,1785688822.913863,1785688822.943499,200,4474,c32a5234-86d4-4971-848f-168168f93928,0,29.636,29.785,-
1,403,1785688822.963714,1785688822.963838,1785688822.993374,200,4474,8f96a67f-afdd-4fa6-899f-042658632a7e,0,29.536,29.660,-
0,404,1785688823.013714,1785688823.013849,1785688823.043535,200,4474,3aa21762-8426-49cb-9e65-0cdcc779f511,0,29.686,29.820,-
1,404,1785688823.063714,1785688823.063845,1785688823.093316,200,4474,7b5e3952-cb5d-483a-9993-e7649aa0c9ff,0,29.470,29.601,-
0,405,1785688823.113714,1785688823.113865,1785688823.143085,200,4474,d64280ef-229f-4c7c-9e4b-9e3191aaa580,0,29.221,29.371,-
1,405,1785688823.163714,1785688823.163836,1785688823.194505,200,4474,1954b571-6578-4f1e-bfbe-9e83aaf2f513,0,30.668,30.791,-
0,406,1785688823.213714,1785688823.213797,1785688823.243190,200,4474,0029bcc6-f0db-4c57-a8a6-2a96c21f5b50,0,29.393,29.475,-
1,406,1785688823.263714,1785688823.263836,1785688823.293328,200,4474,94be5357-497b-4553-905e-eaf9ff7e9243,0,29.491,29.614,-
0,407,1785688823.313714,1785688823.313839,1785688823.343524,200,4474,1b786f4c-2496-4509-b004-257a9901ff3a,0,29.685,29.810,-
1,407,1785688823.363714,1785688823.363835,1785688823.393849,200,4474,69930904-bef3-4b34-b067-cf06c1b06f31,0,30.014,30.135,-
0,408,1785688823.413714,1785688823.413845,1785688823.443422,200,4474,c3b2238e-ab46-469a-a7e9-f47bbdbf23a3,0,29.577,29.708,-
1,408,1785688823.463714,1785688823.463835,1785688823.493050,200,4474,58ef2f8d-a47e-44c1-8d71-9e1eb22e68ec,0,29.215,29.336,-
0,409,1785688823.513714,1785688823.513840,1785688823.543566,200,4474,395d7bc1-e28d-4cae-bbbf-6affb8d58972,0,29.726,29.852,-
1,409,1785688823.563714,1785688823.563835,1785688823.593254,200,4474,5ed2a4f9-613f-4742-802f-40be04e66827,0,29.419,29.540,-
0,410,1785688823.613714,1785688823.613848,1785688823.643626,200,4474,a1905aa6-1f03-4a65-b4b6-3c73863cf982,0,29.778,29.912,-
1,410,1785688823.663714,1785688823.663833,1785688823.693565,200,4474,156ce542-97af-4c59-bc5f-886f0e690fda,0,29.732,29.851,-
0,411,1785688823.713714,1785688823.713853,1785688823.743305,200,4474,06469277-0a3c-483f-a63c-f85dcbfd5f03,0,29.452,29.591,-
1,411,1785688823.763714,1785688823.763836,1785688823.793244,200,4474,e2e9ba56-d018-4bc0-b189-e6a39a060c45,0,29.408,29.530,-
0,412,1785688823.813714,1785688823.813847,1785688823.844035,200,4474,2b106e03-c83a-4944-a059-9254b2dfcee8,0,30.188,30.321,-
1,412,1785688823.863714,1785688823.863835,1785688823.893218,200,4474,0b9a5d6d-c517-43f3-a474-b594ceb3a023,0,29.383,29.504,-
0,413,1785688823.913714,1785688823.913841,1785688823.943184,200,4474,27ed7c56-929c-47d6-a623-2905d3bdea78,0,29.342,29.469,-
1,413,1785688823.963714,1785688823.963836,1785688823.993620,200,4474,90ed1f59-55ec-4f81-8832-48b94b97bb72,0,29.783,29.906,-
0,414,1785688824.013714,1785688824.013850,1785688824.043704,200,4474,2e95188e-2229-4180-bb0a-adb2936919ad,0,29.854,29.990,-
1,414,1785688824.063714,1785688824.063839,1785688824.093666,200,4474,288b745b-cecd-43cd-8897-772ab50bc6a9,0,29.827,29.951,-
0,415,1785688824.113714,1785688824.113848,1785688824.143183,200,4474,0c60ae9e-ae57-4fe8-bbf8-614426f3c79a,0,29.336,29.469,-
1,415,1785688824.163714,1785688824.163835,1785688824.193245,200,4474,67485c8c-d4b6-4462-ad51-30288a91eb22,0,29.410,29.531,-
0,416,1785688824.213714,1785688824.213853,1785688824.243228,200,4474,7c13c4e0-527a-40a8-8e49-b814ec769339,0,29.375,29.514,-
1,416,1785688824.263714,1785688824.263827,1785688824.293498,200,4474,b3b0c678-2ad1-4ce9-a735-acd141268da2,0,29.671,29.784,-
0,417,1785688824.313714,1785688824.313859,1785688824.343302,200,4474,790a60da-4c7b-422e-93f7-3e766831362b,0,29.443,29.588,-
1,417,1785688824.363714,1785688824.363834,1785688824.393307,200,4474,fce874cf-7ba9-469a-a989-f3fe5b8b8169,0,29.472,29.593,-
0,418,1785688824.413714,1785688824.413851,1785688824.443275,200,4474,a6db223d-c622-4762-8fd3-6dcb770a02e1,0,29.423,29.561,-
1,418,1785688824.463714,1785688824.463845,1785688824.493660,200,4474,0292f810-e5b5-4a8a-ac48-fc36c53dd0a4,0,29.815,29.946,-
0,419,1785688824.513714,1785688824.513840,1785688824.543698,200,4474,a1ad726d-3dcd-401f-ab7a-e8b9c913c43d,0,29.858,29.983,-
1,419,1785688824.563714,1785688824.563835,1785688824.593531,200,4474,3a96e5c1-3443-4ce5-9108-dd20318b6c9b,0,29.696,29.817,-
0,420,1785688824.613714,1785688824.613842,1785688824.643377,200,4474,eb1bb786-452e-4989-80a8-c6a8e852b88c,0,29.535,29.663,-
1,420,1785688824.663714,1785688824.663835,1785688824.693527,200,4474,a3004dbf-f5dc-44b7-a740-6c892b0de1ff,0,29.692,29.813,-
0,421,1785688824.713714,1785688824.713850,1785688824.743765,200,4474,d9da749a-937a-4d1f-95da-26766a33f6a4,0,29.915,30.051,-
1,421,1785688824.763714,1785688824.763833,1785688824.793288,200,4474,bdb33a1d-0bcd-4b62-af61-6e3579068975,0,29.455,29.574,-
0,422,1785688824.813714,1785688824.813857,1785688824.843337,200,4474,825bac5b-16e9-497c-b7d8-6b1680454466,0,29.480,29.623,-
1,422,1785688824.863714,1785688824.863835,1785688824.893500,200,4474,0299e29c-17c3-40c3-b7e7-20bc896841e5,0,29.665,29.785,-
0,423,1785688824.913714,1785688824.913840,1785688824.943164,200,4474,c200849a-ecc3-49cf-9213-1153ffb9552b,0,29.324,29.450,-
1,423,1785688824.963714,1785688824.963827,1785688824.993754,200,4474,cc1159bc-ffd0-4357-ad2c-ce9ce996b4c4,0,29.927,30.040,-
0,424,1785688825.013714,1785688825.013862,1785688825.043424,200,4474,1ea38bcd-71fc-4067-8b18-f75892410baa,0,29.562,29.710,-
1,424,1785688825.063714,1785688825.063838,1785688825.093271,200,4474,12db1e1b-9371-4fee-9a03-e670445ec8ab,0,29.432,29.556,-
0,425,1785688825.113714,1785688825.113844,1785688825.144022,200,4474,6a33b3da-7639-433b-b431-7cc2dd8c8e84,0,30.177,30.307,-
1,425,1785688825.163714,1785688825.163857,1785688825.193661,200,4474,92c7371a-7c82-4bef-a833-bd77ef96c298,0,29.804,29.947,-
0,426,1785688825.213714,1785688825.213870,1785688825.243246,200,4474,3ce9a4c0-bf35-4d66-a439-16c137c827a0,0,29.375,29.531,-
1,426,1785688825.263714,1785688825.263843,1785688825.293237,200,4474,83c4ec6a-4fdf-4573-9c3f-d9e64997880c,0,29.394,29.523,-
0,427,1785688825.313714,1785688825.313845,1785688825.343263,200,4474,c111bd03-f68c-47df-857d-42ac8721a4fe,0,29.418,29.548,-
1,427,1785688825.363714,1785688825.363837,1785688825.393212,200,4474,66ac9fa1-8303-433c-b3d1-70ef6c7121a1,0,29.375,29.498,-
0,428,1785688825.413714,1785688825.413795,1785688825.444552,200,4474,3c453103-e6c5-48ef-b260-75445336143f,0,30.757,30.838,-
1,428,1785688825.463714,1785688825.463845,1785688825.493142,200,4474,4f9b5f05-50e2-4b46-89c3-b822c4187acb,0,29.297,29.428,-
0,429,1785688825.513714,1785688825.513835,1785688825.543344,200,4474,c47f0b00-90d6-4236-8328-181a9d6e5359,0,29.509,29.629,-
1,429,1785688825.563714,1785688825.563851,1785688825.593268,200,4474,e7b10835-2e6a-4c2d-aaca-6036fcdd40bc,0,29.418,29.554,-
0,430,1785688825.613714,1785688825.613834,1785688825.643323,200,4474,27d6b1bf-58fc-42e9-98ca-67b91f1757b9,0,29.490,29.609,-
1,430,1785688825.663714,1785688825.663843,1785688825.693251,200,4474,4bd3392c-dadc-489d-b2b1-41197eca5b98,0,29.408,29.536,-
0,431,1785688825.713714,1785688825.713844,1785688825.743582,200,4474,6b59d331-6677-4c0a-8ff3-e013365b3cfa,0,29.738,29.868,-
1,431,1785688825.763714,1785688825.763837,1785688825.794053,200,4474,7a055d77-dd43-4df6-9a1b-86e9b2b21723,0,30.217,30.339,-
0,432,1785688825.813714,1785688825.813833,1785688825.843516,200,4474,e01eee3e-5d34-49bd-83e3-6368a22fd174,0,29.683,29.801,-
1,432,1785688825.863714,1785688825.863842,1785688825.893257,200,4474,16ca21fe-3d20-4afb-8b6e-eb29fc569331,0,29.416,29.543,-
0,433,1785688825.913714,1785688825.913795,1785688825.943110,200,4474,ef028c08-41cd-41bb-9024-3bdf57237732,0,29.315,29.396,-
1,433,1785688825.963714,1785688825.963845,1785688825.993927,200,4474,faca870b-3056-4ec2-9d04-82befe29b06f,0,30.082,30.213,-
0,434,1785688826.013714,1785688826.013838,1785688826.043441,200,4474,70d93d73-42ab-490a-accc-7ecb73554166,0,29.603,29.727,-
1,434,1785688826.063714,1785688826.063842,1785688826.093666,200,4474,37c1dacf-a176-4634-a541-6c3371bd4e8b,0,29.824,29.952,-
0,435,1785688826.113714,1785688826.113843,1785688826.143217,200,4474,d241e774-70ae-4b1e-b093-b7d712d14e0b,0,29.374,29.502,-
1,435,1785688826.163714,1785688826.163842,1785688826.193205,200,4474,ecf6b798-daa7-4031-91ac-bdb9cab6b36e,0,29.363,29.491,-
0,436,1785688826.213714,1785688826.213844,1785688826.243863,200,4474,8f4f9d7f-55c9-4abc-92b9-9560d291446b,0,30.019,30.149,-
1,436,1785688826.263714,1785688826.263838,1785688826.293254,200,4474,fa746258-e05b-4523-a7dd-ecaa3a6607da,0,29.416,29.540,-
0,437,1785688826.313714,1785688826.313836,1785688826.343275,200,4474,098758b5-8976-4146-98aa-16a650a28002,0,29.438,29.561,-
1,437,1785688826.363714,1785688826.363836,1785688826.393075,200,4474,393a6cbb-87c7-445c-a76e-7cc5a4b09a04,0,29.239,29.361,-
0,438,1785688826.413714,1785688826.413833,1785688826.443637,200,4474,39ee94d6-e0a4-411f-a1d3-6b121f2ac7bd,0,29.804,29.923,-
1,438,1785688826.463714,1785688826.463845,1785688826.493346,200,4474,bd7b1077-a72f-477c-8fd6-805a515e0cc8,0,29.500,29.632,-
0,439,1785688826.513714,1785688826.513835,1785688826.543741,200,4474,3b14ed03-ba4f-43c0-8c97-f22af23c2f68,0,29.906,30.027,-
1,439,1785688826.563714,1785688826.563838,1785688826.593302,200,4474,62c29cd5-5974-44fd-a8db-64ec31b1aeeb,0,29.464,29.587,-
0,440,1785688826.613714,1785688826.613837,1785688826.643848,200,4474,cb43461c-7c09-444a-8325-748e9e690820,0,30.011,30.134,-
1,440,1785688826.663714,1785688826.663841,1785688826.693363,200,4474,f158c376-7349-4c71-926c-fd6ec2e872c4,0,29.521,29.649,-
0,441,1785688826.713714,1785688826.713835,1785688826.743423,200,4474,6fc98699-1f73-4737-afc4-e059d86f9a57,0,29.588,29.709,-
1,441,1785688826.763714,1785688826.763840,1785688826.793535,200,4474,bad497e1-2daa-4660-a5d5-3f20e682377f,0,29.695,29.821,-
0,442,1785688826.813714,1785688826.813835,1785688826.843298,200,4474,4447c3e7-c1cf-4bde-b085-1e855ce0e89f,0,29.463,29.584,-
1,442,1785688826.863714,1785688826.863835,1785688826.893418,200,4474,5ba71943-f5ae-49f1-afce-0531bfd2717d,0,29.583,29.704,-
0,443,1785688826.913714,1785688826.913833,1785688826.943837,200,4474,ed1c4f2e-66b0-4b2b-a98a-920206babe24,0,30.004,30.123,-
1,443,1785688826.963714,1785688826.963840,1785688826.993336,200,4474,74fd3f5c-a4d2-4b9a-be0a-97689a060285,0,29.496,29.622,-
0,444,1785688827.013714,1785688827.013831,1785688827.045845,200,4474,0b0a0349-d7e3-4919-850e-8e50de84f2e6,0,32.014,32.130,-
1,444,1785688827.063714,1785688827.063837,1785688827.093953,200,4474,f3a8818a-9e12-4432-bb20-9f3b666c4d31,0,30.116,30.239,-
0,445,1785688827.113714,1785688827.113836,1785688827.143451,200,4474,2884fd9b-452e-4ae8-bdf1-1b68403149d6,0,29.614,29.737,-
1,445,1785688827.163714,1785688827.163841,1785688827.193308,200,4474,b0dfa2fe-cb61-4637-82e7-d83ba6b3ec4b,0,29.467,29.594,-
0,446,1785688827.213714,1785688827.213838,1785688827.243742,200,4474,85a8c8d3-6e8e-4259-b8c2-c79407d9ff10,0,29.904,30.028,-
1,446,1785688827.263714,1785688827.263838,1785688827.293284,200,4474,7734e426-01d1-4097-81ab-3786f148c53b,0,29.446,29.570,-
0,447,1785688827.313714,1785688827.313841,1785688827.343824,200,4474,c9f85a29-d2d6-4a3f-b12d-fc8761707d49,0,29.983,30.109,-
1,447,1785688827.363714,1785688827.363839,1785688827.393278,200,4474,03815869-ed29-44ff-9433-8ddcf405201c,0,29.440,29.564,-
0,448,1785688827.413714,1785688827.413836,1785688827.443836,200,4474,25934b3a-aed5-45e8-b47a-77b799bcffed,0,30.000,30.122,-
1,448,1785688827.463714,1785688827.463839,1785688827.493256,200,4474,52f20ba2-9880-4786-91c8-2155b7d68724,0,29.417,29.542,-
0,449,1785688827.513714,1785688827.513836,1785688827.543362,200,4474,f2e61248-e9b4-4bc7-b908-661add7e2bc9,0,29.526,29.648,-
1,449,1785688827.563714,1785688827.563841,1785688827.593326,200,4474,0418114b-6ef7-4466-afa2-7aec88c197ab,0,29.485,29.612,-
0,450,1785688827.613714,1785688827.613837,1785688827.643628,200,4474,ed59c41e-09b7-4086-a905-00321b7070e0,0,29.792,29.914,-
1,450,1785688827.663714,1785688827.663848,1785688827.693449,200,4474,ea209d91-b6e8-481b-b613-81c9b58cb3da,0,29.601,29.735,-
0,451,1785688827.713714,1785688827.713844,1785688827.743292,200,4474,b07f40b2-8522-4108-a8dc-33a95f72931d,0,29.448,29.578,-
1,451,1785688827.763714,1785688827.763843,1785688827.793485,200,4474,a534a4d1-3d0b-4793-b2d1-6663994fe686,0,29.642,29.771,-
0,452,1785688827.813714,1785688827.813835,1785688827.843135,200,4474,09514930-eb23-4858-bf5a-9bf46b9d4841,0,29.300,29.421,-
1,452,1785688827.863714,1785688827.863836,1785688827.893193,200,4474,3505b819-c76c-40f4-9252-484a2b72f63c,0,29.357,29.478,-
0,453,1785688827.913714,1785688827.913850,1785688827.943447,200,4474,015d9926-5742-44e9-b9b1-cda9aead3f56,0,29.598,29.733,-
1,453,1785688827.963714,1785688827.963851,1785688827.993311,200,4474,b48ff824-1409-4e80-879d-0407e55ae77e,0,29.460,29.597,-
0,454,1785688828.013714,1785688828.013838,1785688828.043450,200,4474,7ef56b03-e168-4271-903c-14410d7890d1,0,29.611,29.735,-
1,454,1785688828.063714,1785688828.063842,1785688828.093668,200,4474,083d07f8-d5c0-49a8-87c4-f0bcd3320791,0,29.827,29.954,-
0,455,1785688828.113714,1785688828.113835,1785688828.143145,200,4474,f2bea470-d721-4cc9-9291-161b16df4570,0,29.310,29.431,-
1,455,1785688828.163714,1785688828.163841,1785688828.193519,200,4474,38a413c8-7b31-48e7-a2ab-ca1bd37de870,0,29.678,29.804,-
0,456,1785688828.213714,1785688828.213835,1785688828.243621,200,4474,a2097bf5-9f60-45db-b352-55450c0588fe,0,29.785,29.907,-
1,456,1785688828.263714,1785688828.263837,1785688828.293285,200,4474,7ed2a1e1-d0d8-44b2-b970-1a751dfa70d1,0,29.449,29.571,-
0,457,1785688828.313714,1785688828.313838,1785688828.343633,200,4474,028f4434-7922-4710-806d-bf76f81c60d2,0,29.796,29.919,-
1,457,1785688828.363714,1785688828.363837,1785688828.393649,200,4474,2f5350e2-27df-49d7-a62b-915ca8c27fd3,0,29.811,29.934,-
0,458,1785688828.413714,1785688828.413835,1785688828.443278,200,4474,86aa7208-c66c-4107-a855-d2f923d14825,0,29.443,29.564,-
1,458,1785688828.463714,1785688828.463841,1785688828.493158,200,4474,7be03544-2306-498b-bbb6-949fbed60c61,0,29.316,29.444,-
0,459,1785688828.513714,1785688828.513828,1785688828.543628,200,4474,5eeb0c51-eb56-4c14-9b3a-e31693d1ded8,0,29.799,29.913,-
1,459,1785688828.563714,1785688828.563840,1785688828.593585,200,4474,45b411f0-39b0-489b-b5ca-06cdcbd869bd,0,29.745,29.871,-
0,460,1785688828.613714,1785688828.613837,1785688828.643315,200,4474,bca02f31-bbb5-40b8-b666-9961c6df8260,0,29.478,29.600,-
1,460,1785688828.663714,1785688828.663847,1785688828.693309,200,4474,8ee0a8fd-2e93-4ad7-ac10-865986826e9a,0,29.462,29.594,-
0,461,1785688828.713714,1785688828.713850,1785688828.743233,200,4474,e7a7260e-01ef-4f26-8552-f862e4c5eb0d,0,29.383,29.519,-
1,461,1785688828.763714,1785688828.763839,1785688828.793651,200,4474,09762629-61a5-4d99-8a3d-4b42ac7e31df,0,29.811,29.937,-
0,462,1785688828.813714,1785688828.813836,1785688828.843512,200,4474,14b262eb-fe2b-472d-8aeb-fa503453a926,0,29.676,29.798,-
1,462,1785688828.863714,1785688828.863836,1785688828.893218,200,4474,a124191e-2faa-4792-837d-47a606df51bb,0,29.382,29.503,-
0,463,1785688828.913714,1785688828.913835,1785688828.943144,200,4474,7a316139-ad26-46b9-9c54-d7a4a4b7971c,0,29.309,29.430,-
1,463,1785688828.963714,1785688828.963839,1785688828.993671,200,4474,735288f9-7eb8-4719-b6ea-a69714cd9034,0,29.832,29.957,-
0,464,1785688829.013714,1785688829.013837,1785688829.043763,200,4474,50465052-e005-4d9a-84c4-054785d67c07,0,29.926,30.049,-
1,464,1785688829.063714,1785688829.063838,1785688829.093256,200,4474,701def29-ae72-4a24-b833-8486c750b607,0,29.418,29.542,-
0,465,1785688829.113714,1785688829.113841,1785688829.143443,200,4474,5acb7209-133e-4e13-ba03-b17b000c4151,0,29.602,29.729,-
1,465,1785688829.163714,1785688829.163839,1785688829.193130,200,4474,c674afaa-39c7-4350-963d-95ae2517f1bf,0,29.291,29.416,-
0,466,1785688829.213714,1785688829.213847,1785688829.243424,200,4474,04f9ea28-5bbb-4b01-b09e-ac47b5f1bcf2,0,29.578,29.710,-
1,466,1785688829.263714,1785688829.263838,1785688829.293338,200,4474,a56e443b-f4d7-4a47-b1c0-6da4ea2e1fa4,0,29.500,29.624,-
0,467,1785688829.313714,1785688829.313834,1785688829.343329,200,4474,57de8f43-31b4-4828-bb32-ab72e957b1a0,0,29.495,29.615,-
1,467,1785688829.363714,1785688829.363838,1785688829.393062,200,4474,ed1bcca4-d77a-409d-ad98-069493a6ce31,0,29.224,29.348,-
0,468,1785688829.413714,1785688829.413845,1785688829.443934,200,4474,63966275-2695-4bfc-a393-01f1a8a98e84,0,30.089,30.220,-
1,468,1785688829.463714,1785688829.463844,1785688829.493328,200,4474,09e097ac-1a39-4811-90a2-674c8092abc8,0,29.484,29.614,-
0,469,1785688829.513714,1785688829.513834,1785688829.543229,200,4474,a036a57f-dfc1-4ef4-bccd-64f4be522cf3,0,29.394,29.514,-
1,469,1785688829.563714,1785688829.563839,1785688829.593249,200,4474,c1db0241-9451-4476-af6f-d2f99aa147ee,0,29.410,29.535,-
0,470,1785688829.613714,1785688829.613836,1785688829.643162,200,4474,976af3fa-cbd4-410b-8bcc-9bae779afc61,0,29.325,29.447,-
1,470,1785688829.663714,1785688829.663840,1785688829.693927,200,4474,582167cf-0292-4fe4-b187-d99475dfa40c,0,30.087,30.213,-
0,471,1785688829.713714,1785688829.713834,1785688829.743687,200,4474,4ef0d3cf-2908-4cb4-958c-133697241e3b,0,29.853,29.973,-
1,471,1785688829.763714,1785688829.763837,1785688829.793293,200,4474,b74b4c70-7599-4c85-9dd3-2e05bdefcfbb,0,29.456,29.579,-
0,472,1785688829.813714,1785688829.813833,1785688829.843423,200,4474,c8a8077f-4d8b-4a14-9a57-5f9626c011e5,0,29.590,29.708,-
1,472,1785688829.863714,1785688829.863837,1785688829.893512,200,4474,b835a5d1-489a-4ac1-afa5-df8ac8fd7615,0,29.675,29.797,-
0,473,1785688829.913714,1785688829.913839,1785688829.943087,200,4474,b751a2a1-86d9-4c0e-bf7b-2c435965e1f3,0,29.248,29.373,-
1,473,1785688829.963714,1785688829.963843,1785688829.993363,200,4474,55565744-d687-4c42-8df5-5cdc6824ad89,0,29.520,29.649,-
0,474,1785688830.013714,1785688830.013836,1785688830.043722,200,4474,438e3c82-55ad-4372-aa4d-7586f1f6995e,0,29.885,30.007,-
1,474,1785688830.063714,1785688830.063838,1785688830.093601,200,4474,eb512b6d-399a-40f8-8141-52c838120f0a,0,29.764,29.887,-
0,475,1785688830.113714,1785688830.113835,1785688830.143285,200,4474,eb8c1643-f2a5-4cf6-a5ff-f0b35ba0f064,0,29.450,29.571,-
1,475,1785688830.163714,1785688830.163849,1785688830.193089,200,4474,e158d45c-82a1-42b8-be48-1abcb368d402,0,29.240,29.375,-
0,476,1785688830.213714,1785688830.213843,1785688830.243504,200,4474,c8e52323-00f9-41fd-a5cf-fd42bea13f1a,0,29.661,29.789,-
1,476,1785688830.263714,1785688830.263839,1785688830.293196,200,4474,7cee547b-4ba0-4d7e-89c6-d25963e0d3db,0,29.357,29.482,-
0,477,1785688830.313714,1785688830.313835,1785688830.344278,200,4474,0b3a0c8a-f5f4-4729-9190-7791de38a1e2,0,30.443,30.564,-
1,477,1785688830.363714,1785688830.363838,1785688830.393241,200,4474,108ea60f-e656-4a42-b1cb-17810f097f12,0,29.403,29.527,-
0,478,1785688830.413714,1785688830.413832,1785688830.443333,200,4474,f7dfdd54-babe-4f0d-9732-69af637d2ffa,0,29.501,29.619,-
1,478,1785688830.463714,1785688830.463831,1785688830.493309,200,4474,a35a33f2-6e74-4375-936a-061a29a18da7,0,29.478,29.595,-
0,479,1785688830.513714,1785688830.513834,1785688830.543417,200,4474,1e5c78f3-449e-4bd1-ba1f-cc4d0b5fc588,0,29.582,29.702,-
1,479,1785688830.563714,1785688830.563846,1785688830.593511,200,4474,09723f6b-292a-4fc5-a04d-6814101b5a2f,0,29.665,29.797,-
0,480,1785688830.613714,1785688830.613846,1785688830.643602,200,4474,1bbd06de-f867-4287-946f-a44893f0cbc0,0,29.755,29.887,-
1,480,1785688830.663714,1785688830.663840,1785688830.693262,200,4474,0ee091cb-6643-498e-b8c2-70cc31f4484d,0,29.423,29.548,-
0,481,1785688830.713714,1785688830.713833,1785688830.743663,200,4474,6abcb8b5-56fc-4248-a9dd-0a8e5d077f85,0,29.830,29.949,-
1,481,1785688830.763714,1785688830.763837,1785688830.794193,200,4474,0e43c418-1c09-4bb9-81b8-3f468e25ed48,0,30.355,30.478,-
0,482,1785688830.813714,1785688830.813833,1785688830.843576,200,4474,ee340fe0-ed64-4349-b82f-de790723b3c4,0,29.743,29.862,-
1,482,1785688830.863714,1785688830.863844,1785688830.893285,200,4474,f62f81ca-0b33-4127-a37e-16312dfe2cc7,0,29.441,29.571,-
0,483,1785688830.913714,1785688830.913834,1785688830.943526,200,4474,69134971-8865-49b8-afdc-2f9f9313e143,0,29.692,29.812,-
1,483,1785688830.963714,1785688830.963841,1785688830.993399,200,4474,6d74b441-f62e-44ab-809d-47b94906ac54,0,29.557,29.685,-
0,484,1785688831.013714,1785688831.013835,1785688831.043760,200,4474,96e5abb1-3a8c-46a8-88e5-552066b9217b,0,29.925,30.046,-
1,484,1785688831.063714,1785688831.063838,1785688831.093397,200,4474,e06e2a0d-8592-4d03-9fa6-9100f0da56b3,0,29.559,29.682,-
0,485,1785688831.113714,1785688831.113846,1785688831.143440,200,4474,35fa2609-f437-43a7-88cc-edb04643f83b,0,29.594,29.726,-
1,485,1785688831.163714,1785688831.163842,1785688831.193214,200,4474,77b7d4c2-e454-497c-aaea-8bd89e198770,0,29.373,29.500,-
0,486,1785688831.213714,1785688831.213833,1785688831.244038,200,4474,168f0508-8f61-4c32-93ea-3bb859dc12b4,0,30.205,30.324,-
1,486,1785688831.263714,1785688831.263840,1785688831.293381,200,4474,919441f3-a369-4619-8663-ecf9207951bb,0,29.541,29.667,-
0,487,1785688831.313714,1785688831.313833,1785688831.343307,200,4474,3e1537d1-3ef1-4c86-b87d-cac2ca27251e,0,29.474,29.593,-
1,487,1785688831.363714,1785688831.363831,1785688831.393134,200,4474,de251ded-703d-4f6f-a67d-c2d117fbe22e,0,29.303,29.419,-
0,488,1785688831.413714,1785688831.413834,1785688831.443795,200,4474,dde8606a-dafb-430a-8072-ac1c35e8e5d9,0,29.961,30.081,-
1,488,1785688831.463714,1785688831.463841,1785688831.493216,200,4474,014762ca-760a-4270-af92-c6e1b1c3c50f,0,29.375,29.502,-
0,489,1785688831.513714,1785688831.513835,1785688831.543888,200,4474,16d29cd1-8bee-4b2b-919c-100c9c418eee,0,30.053,30.174,-
1,489,1785688831.563714,1785688831.563842,1785688831.593454,200,4474,e02fa4b8-67a9-40e2-a0d4-2ff6c3d8c2bb,0,29.612,29.740,-
0,490,1785688831.613714,1785688831.613844,1785688831.644056,200,4474,8d969a16-e0d2-493c-91b1-f7426876afa8,0,30.212,30.341,-
1,490,1785688831.663714,1785688831.663844,1785688831.693635,200,4474,650ca31d-21bc-414e-b86d-38bc86ba4a03,0,29.792,29.921,-
0,491,1785688831.713714,1785688831.713832,1785688831.743247,200,4474,d44e7ace-065b-46df-90f9-beef745d148c,0,29.415,29.533,-
1,491,1785688831.763714,1785688831.763846,1785688831.793137,200,4474,d7307e3d-8747-4055-b6ea-500929eef665,0,29.292,29.423,-
0,492,1785688831.813714,1785688831.813841,1785688831.843419,200,4474,49c46918-a6b2-41a1-be9c-41ca38c84ff4,0,29.578,29.705,-
1,492,1785688831.863714,1785688831.863841,1785688831.893196,200,4474,c97d1716-aa77-4289-ac12-a68b5e53ef24,0,29.356,29.482,-
0,493,1785688831.913714,1785688831.913842,1785688831.943128,200,4474,36d0251e-91c6-401f-9197-641aa360f7d4,0,29.285,29.413,-
1,493,1785688831.963714,1785688831.963844,1785688831.993627,200,4474,6f1e7dbf-123d-4829-bb07-ee96505edd47,0,29.783,29.913,-
0,494,1785688832.013714,1785688832.013849,1785688832.043472,200,4474,16a6d7e1-70c6-4bf1-8965-d0a821c2f433,0,29.623,29.758,-
1,494,1785688832.063714,1785688832.063843,1785688832.093700,200,4474,ed1b6118-e8d7-4e9c-8270-941c6c7e66db,0,29.858,29.986,-
0,495,1785688832.113714,1785688832.113839,1785688832.143791,200,4474,8bcb4450-9d82-442a-a75e-da36411b9216,0,29.952,30.077,-
1,495,1785688832.163714,1785688832.163850,1785688832.193462,200,4474,f992f1d1-fe38-4158-9602-3431aa0dc0e2,0,29.612,29.748,-
0,496,1785688832.213714,1785688832.213840,1785688832.243656,200,4474,d251162a-a1d2-43bb-adbb-2699b75a330b,0,29.816,29.942,-
1,496,1785688832.263714,1785688832.263841,1785688832.293305,200,4474,636cc7d1-a377-49a9-affa-d967a5df3096,0,29.464,29.591,-
0,497,1785688832.313714,1785688832.313839,1785688832.343237,200,4474,fbb2b618-c200-49b9-ac02-56465513775f,0,29.397,29.522,-
1,497,1785688832.363714,1785688832.363847,1785688832.393063,200,4474,28c2be1b-9ef0-4e65-8a51-c510936170bb,0,29.216,29.349,-
0,498,1785688832.413714,1785688832.413833,1785688832.443402,200,4474,886e00c8-cc12-45fd-a0df-b9d836895403,0,29.569,29.688,-
1,498,1785688832.463714,1785688832.463847,1785688832.493354,200,4474,32335b85-40ac-433a-bf3f-70e0d3fbcbf5,0,29.507,29.640,-
0,499,1785688832.513714,1785688832.513834,1785688832.543145,200,4474,2ee0c823-2ea7-4ce4-8c93-10f8f6a7b377,0,29.311,29.431,-
1,499,1785688832.563714,1785688832.563838,1785688832.593639,200,4474,ded3004a-330b-40cb-a676-9b36ea7478a1,0,29.801,29.925,-
0,500,1785688832.613714,1785688832.613834,1785688832.643396,200,4474,238ce924-f965-456d-9605-e09c1a0f3057,0,29.562,29.682,-
1,500,1785688832.663714,1785688832.663840,1785688832.693299,200,4474,4aa1b682-f4dc-45ab-9b6b-77eb9f9df6dc,0,29.459,29.585,-
0,501,1785688832.713714,1785688832.713825,1785688832.743598,200,4474,4a81e852-5a24-49ab-930b-fb4b4a8a205a,0,29.773,29.884,-
1,501,1785688832.763714,1785688832.763836,1785688832.793782,200,4474,8a1900e2-429e-4c3d-ae87-d64a0a3a7c80,0,29.946,30.067,-
0,502,1785688832.813714,1785688832.813834,1785688832.843140,200,4474,927f19e7-878a-41c7-9684-49a80f19ce3b,0,29.305,29.425,-
1,502,1785688832.863714,1785688832.863845,1785688832.893509,200,4474,d9ff01e5-6a89-4ebd-a932-dea02b815a0b,0,29.665,29.795,-
0,503,1785688832.913714,1785688832.913837,1785688832.943296,200,4474,51cabdb7-9b8a-415d-a05f-6f5ce6bcafb9,0,29.459,29.582,-
1,503,1785688832.963714,1785688832.963843,1785688832.993555,200,4474,ad9982f0-6e3e-4ee5-81db-ab45276739a6,0,29.712,29.840,-
0,504,1785688833.013714,1785688833.013835,1785688833.043694,200,4474,e12e07d8-e471-42c4-b3b2-15c0f2c8e0ec,0,29.859,29.980,-
1,504,1785688833.063714,1785688833.063842,1785688833.093251,200,4474,184891b6-592c-4efa-b46a-aca2eb29a562,0,29.409,29.537,-
0,505,1785688833.113714,1785688833.113826,1785688833.143398,200,4474,21edf495-3e9c-43b4-b7aa-6cd5a6490755,0,29.572,29.684,-
1,505,1785688833.163714,1785688833.163847,1785688833.193107,200,4474,3017b536-90a5-4653-a246-6c208895509a,0,29.261,29.393,-
0,506,1785688833.213714,1785688833.213844,1785688833.243321,200,4474,f4591bc5-923a-41a9-88b8-472bdfe251e7,0,29.477,29.607,-
1,506,1785688833.263714,1785688833.263796,1785688833.293691,200,4474,3b90d8de-445d-4cef-b170-089d5eb71da2,0,29.895,29.977,-
0,507,1785688833.313714,1785688833.313835,1785688833.343532,200,4474,649ebeb0-8bf3-41a3-ade0-23ba59591896,0,29.697,29.818,-
1,507,1785688833.363714,1785688833.363837,1785688833.393382,200,4474,33c3f637-64fd-43cb-989d-5ae317ae96d8,0,29.545,29.667,-
0,508,1785688833.413714,1785688833.413832,1785688833.443566,200,4474,510b8f81-ea1f-4522-a236-721995f56ad1,0,29.734,29.852,-
1,508,1785688833.463714,1785688833.463852,1785688833.493657,200,4474,9edbc823-a757-4e28-b438-8859ee8175df,0,29.805,29.943,-
0,509,1785688833.513714,1785688833.513833,1785688833.543309,200,4474,db568dd5-88da-4e38-88b4-7efbe0b0821c,0,29.476,29.595,-
1,509,1785688833.563714,1785688833.563857,1785688833.594202,200,4474,8b3a7eef-6b49-4846-8b1e-a37e2860819e,0,30.345,30.488,-
0,510,1785688833.613714,1785688833.613840,1785688833.644217,200,4474,79e28a8d-9091-40fe-885b-42b5b0eb9a50,0,30.377,30.503,-
1,510,1785688833.663714,1785688833.663845,1785688833.693789,200,4474,1d3d8ffe-b291-423e-ad41-3df4724b151b,0,29.944,30.075,-
0,511,1785688833.713714,1785688833.713835,1785688833.743556,200,4474,95eab362-f86f-4a76-8e9f-4dec178c97ca,0,29.721,29.842,-
1,511,1785688833.763714,1785688833.763845,1785688833.793545,200,4474,93297f12-1f21-47f2-9b1a-c4a134051834,0,29.699,29.831,-
0,512,1785688833.813714,1785688833.813835,1785688833.843250,200,4474,6e2d6383-e47e-4c06-8813-863f912896f5,0,29.415,29.536,-
1,512,1785688833.863714,1785688833.863845,1785688833.893150,200,4474,45839d29-cdae-41c1-809e-8978153ce72f,0,29.305,29.436,-
0,513,1785688833.913714,1785688833.913833,1785688833.943898,200,4474,42a8113e-ea23-4c65-98ea-8440b63271dd,0,30.065,30.184,-
1,513,1785688833.963714,1785688833.963847,1785688833.993355,200,4474,108c52f3-d236-4d77-93ca-5338c46f781c,0,29.508,29.641,-
0,514,1785688834.013714,1785688834.013838,1785688834.043396,200,4474,c3c0026c-4ee6-48e8-9e9f-b1b0244cd0be,0,29.557,29.681,-
1,514,1785688834.063714,1785688834.063843,1785688834.093212,200,4474,df6d97e9-de80-4e2e-a863-24b70d40f7ef,0,29.369,29.497,-
0,515,1785688834.113714,1785688834.113837,1785688834.143789,200,4474,dabb5631-ed33-4c27-bac1-ba3f7b749e79,0,29.952,30.074,-
1,515,1785688834.163714,1785688834.163858,1785688834.193449,200,4474,007579de-1e09-4b95-8d78-69a9d63777ca,0,29.592,29.735,-
0,516,1785688834.213714,1785688834.213841,1785688834.243755,200,4474,bf0e567a-d5f7-4c43-995d-2e2017a8e43c,0,29.914,30.041,-
1,516,1785688834.263714,1785688834.263843,1785688834.293429,200,4474,4eff5dd4-0441-4204-a1f4-fa5568a47800,0,29.585,29.715,-
0,517,1785688834.313714,1785688834.313835,1785688834.343317,200,4474,c52a0eba-e70b-4aa3-b9ce-02d999aed315,0,29.482,29.603,-
1,517,1785688834.363714,1785688834.363840,1785688834.393581,200,4474,b781ca1a-9495-401c-b213-880500ad5616,0,29.741,29.867,-
0,518,1785688834.413714,1785688834.413833,1785688834.443274,200,4474,4b0bd892-caf6-4f9c-b33e-35f878dd024b,0,29.442,29.560,-
1,518,1785688834.463714,1785688834.463848,1785688834.493320,200,4474,78c3a13b-f47d-4495-95e1-1285e38e1be7,0,29.472,29.606,-
0,519,1785688834.513714,1785688834.513834,1785688834.544004,200,4474,d449acc3-4748-4de6-93fe-901c36ee9273,0,30.170,30.290,-
1,519,1785688834.563714,1785688834.563845,1785688834.593286,200,4474,ea076e55-3357-4274-b39e-b5d5adcd5926,0,29.441,29.572,-
0,520,1785688834.613714,1785688834.613834,1785688834.643341,200,4474,3816b3fd-0640-4752-9a03-87cdef87dc87,0,29.507,29.627,-
1,520,1785688834.663714,1785688834.663846,1785688834.693172,200,4474,713744b2-94cb-44c3-b3d1-c00e7e3f27cf,0,29.326,29.457,-
0,521,1785688834.713714,1785688834.713834,1785688834.743319,200,4474,9589ffd3-d2d0-47fd-9cd2-eb860007d216,0,29.485,29.605,-
1,521,1785688834.763714,1785688834.763844,1785688834.793857,200,4474,da8af222-944d-49f0-81a2-a41488c46aed,0,30.013,30.143,-
0,522,1785688834.813714,1785688834.813833,1785688834.844043,200,4474,b633145d-cd9d-4ddd-8c9a-366f4e0d2be0,0,30.210,30.329,-
1,522,1785688834.863714,1785688834.863839,1785688834.893159,200,4474,2feb4457-bc39-410f-8576-482023914a03,0,29.320,29.445,-
0,523,1785688834.913714,1785688834.913845,1785688834.943286,200,4474,b37eb409-16a1-4390-a864-b1a31c3dd954,0,29.442,29.572,-
1,523,1785688834.963714,1785688834.963841,1785688834.993375,200,4474,2bf565ae-6412-4a03-ba30-b1526363d714,0,29.534,29.661,-
0,524,1785688835.013714,1785688835.013836,1785688835.043379,200,4474,7e79315d-28be-48e4-bf5b-57238cc3beac,0,29.542,29.664,-
1,524,1785688835.063714,1785688835.063851,1785688835.093261,200,4474,8a9fb927-9f16-43e8-8ddf-8a817a74d3de,0,29.410,29.547,-
0,525,1785688835.113714,1785688835.113835,1785688835.143607,200,4474,f52a942c-1d38-4098-8f7d-aeff33b2d607,0,29.772,29.893,-
1,525,1785688835.163714,1785688835.163843,1785688835.193146,200,4474,1da061b7-6d4c-478a-be29-8fdc4dc53784,0,29.303,29.432,-
0,526,1785688835.213714,1785688835.213840,1785688835.243348,200,4474,4bfbbd0b-a3a7-41fb-a0a6-caa5a4f06d4e,0,29.507,29.634,-
1,526,1785688835.263714,1785688835.263842,1785688835.293522,200,4474,3fc76900-6494-426b-8722-e8adc7764c49,0,29.680,29.808,-
0,527,1785688835.313714,1785688835.313848,1785688835.343333,200,4474,8bb64bdd-590b-4129-90ea-4ad143d0e144,0,29.484,29.618,-
1,527,1785688835.363714,1785688835.363838,1785688835.393497,200,4474,4d2b1d23-e670-41cf-b071-1871cd95a978,0,29.659,29.782,-
0,528,1785688835.413714,1785688835.413835,1785688835.443779,200,4474,fd5c0e54-eb60-4279-9052-0379a1b03bf0,0,29.945,30.065,-
1,528,1785688835.463714,1785688835.463841,1785688835.493369,200,4474,ccebbc0a-8861-4f89-9d9b-2b9cac968446,0,29.528,29.655,-
0,529,1785688835.513714,1785688835.513834,1785688835.543706,200,4474,f741f2a2-e56a-462f-b608-7f050135afba,0,29.872,29.991,-
1,529,1785688835.563714,1785688835.563831,1785688835.593257,200,4474,bc0894d8-66ec-4016-80c4-1412b8a1601c,0,29.426,29.543,-
0,530,1785688835.613714,1785688835.613835,1785688835.643302,200,4474,6aacd497-cc40-4b4b-b940-91c88e00c2b3,0,29.467,29.588,-
1,530,1785688835.663714,1785688835.663859,1785688835.693764,200,4474,69514c18-1f9b-4c61-b04a-05f2c8e2bda2,0,29.905,30.050,-
0,531,1785688835.713714,1785688835.713834,1785688835.743564,200,4474,d1a969a0-784a-492d-b246-e74537811255,0,29.730,29.850,-
1,531,1785688835.763714,1785688835.763849,1785688835.793314,200,4474,4affb4d9-799b-4dad-8b59-6b84b3afee46,0,29.465,29.600,-
0,532,1785688835.813714,1785688835.813834,1785688835.843398,200,4474,fd6afc33-5d11-42f9-b796-8eab6939d521,0,29.564,29.684,-
1,532,1785688835.863714,1785688835.863842,1785688835.893222,200,4474,3c0f4b16-4f57-4866-9ebd-913f8698fab0,0,29.381,29.508,-
0,533,1785688835.913714,1785688835.913833,1785688835.943199,200,4474,d9fac7ab-f0e4-44d3-9016-6427a2f19dfb,0,29.366,29.485,-
1,533,1785688835.963714,1785688835.963795,1785688835.993714,200,4474,e1b1f8a9-b270-4e99-8150-b33e03225e93,0,29.919,30.000,-
0,534,1785688836.013714,1785688836.013835,1785688836.044944,200,4474,13e4f2fb-d421-4a6a-b465-288631b908e4,0,31.109,31.230,-
1,534,1785688836.063714,1785688836.063844,1785688836.094186,200,4474,628dd573-e336-4b39-85a3-b6b86b3eadfb,0,30.343,30.472,-
0,535,1785688836.113714,1785688836.113842,1785688836.143545,200,4474,6d55e84f-cffa-4ce2-b875-0f6fbbf08017,0,29.702,29.830,-
1,535,1785688836.163714,1785688836.163843,1785688836.193474,200,4474,40e1fe30-5619-4e67-b8ac-f9950bc3405e,0,29.631,29.760,-
0,536,1785688836.213714,1785688836.213834,1785688836.243333,200,4474,cd6de025-80cc-446b-bb76-25683ddf187e,0,29.499,29.619,-
1,536,1785688836.263714,1785688836.263843,1785688836.293521,200,4474,80e229ba-c34c-433c-b92b-4adf3951b6af,0,29.678,29.807,-
0,537,1785688836.313714,1785688836.313835,1785688836.343178,200,4474,8f10dfe4-3fd0-409c-b6ea-5f4465ae3506,0,29.342,29.463,-
1,537,1785688836.363714,1785688836.363839,1785688836.393410,200,4474,68784f3e-682f-42bd-ad98-91332575c247,0,29.572,29.696,-
0,538,1785688836.413714,1785688836.413843,1785688836.443297,200,4474,26278989-e849-433d-956c-b55ab1c97e47,0,29.454,29.583,-
1,538,1785688836.463714,1785688836.463840,1785688836.493250,200,4474,af5a304e-d905-4dfb-8dcc-72f88f6b6ed7,0,29.410,29.536,-
0,539,1785688836.513714,1785688836.513838,1785688836.543309,200,4474,e34209ff-d276-4219-85d2-1736e330babf,0,29.471,29.595,-
1,539,1785688836.563714,1785688836.563842,1785688836.593921,200,4474,918f5e9f-9aa6-4c05-a5c4-9e9a498bceb7,0,30.080,30.207,-
0,540,1785688836.613714,1785688836.613836,1785688836.643625,200,4474,725bd6e7-a1e8-49aa-a0cc-4c1491c6f7e7,0,29.789,29.911,-
1,540,1785688836.663714,1785688836.663851,1785688836.693704,200,4474,3ceb1238-977b-4fbb-8f1e-02039907f3d6,0,29.854,29.990,-
0,541,1785688836.713714,1785688836.713832,1785688836.743303,200,4474,11f34c5f-9eef-4d36-92c0-dccc7b5941bc,0,29.470,29.588,-
1,541,1785688836.763714,1785688836.763853,1785688836.793300,200,4474,fdc8dc97-6613-4efc-ad54-586c8f53a134,0,29.447,29.586,-
0,542,1785688836.813714,1785688836.813835,1785688836.843383,200,4474,41ed6cd0-403d-4ed7-a06b-5dc0031e74f1,0,29.548,29.668,-
1,542,1785688836.863714,1785688836.863839,1785688836.893836,200,4474,10eb52a3-6f1d-462a-af00-3def57475808,0,29.997,30.121,-
0,543,1785688836.913714,1785688836.913848,1785688836.943260,200,4474,076aebe5-e8e1-4af4-a343-b9c4f330c5bb,0,29.412,29.546,-
1,543,1785688836.963714,1785688836.963842,1785688836.993485,200,4474,7fe1a981-c980-45ad-a51a-b6822d1a8a0d,0,29.643,29.771,-
0,544,1785688837.013714,1785688837.013839,1785688837.043797,200,4474,f6970b43-d8e7-4a6c-a674-62db6d351b79,0,29.958,30.082,-
1,544,1785688837.063714,1785688837.063827,1785688837.093297,200,4474,b874f860-955c-4578-85f1-26b0f5f96146,0,29.471,29.583,-
0,545,1785688837.113714,1785688837.113837,1785688837.143340,200,4474,0e8b0a68-5572-4c7c-9c88-62b42db7532c,0,29.503,29.626,-
1,545,1785688837.163714,1785688837.163850,1785688837.193633,200,4474,b77a3dac-b1a7-492c-adec-e6c78e17b380,0,29.783,29.919,-
0,546,1785688837.213714,1785688837.213840,1785688837.243133,200,4474,aa8ef3f5-f288-4ae8-901b-e57ab103b91a,0,29.292,29.418,-
1,546,1785688837.263714,1785688837.263843,1785688837.293360,200,4474,c314036e-a98b-4e1e-91f9-2af927cad644,0,29.517,29.646,-
0,547,1785688837.313714,1785688837.313848,1785688837.343363,200,4474,53a1fa34-0d61-47cc-9926-a8e06abe3850,0,29.516,29.649,-
1,547,1785688837.363714,1785688837.363842,1785688837.393329,200,4474,ccce516d-243c-4b8b-9eb6-ab4b5deb2470,0,29.487,29.615,-
0,548,1785688837.413714,1785688837.413836,1785688837.444109,200,4474,fa145e10-89fe-423e-904b-2de13e9517eb,0,30.273,30.395,-
1,548,1785688837.463714,1785688837.463850,1785688837.493353,200,4474,d25fdb85-3f2a-411a-86ea-14022b10a9d4,0,29.504,29.639,-
0,549,1785688837.513714,1785688837.513833,1785688837.543303,200,4474,d7a73c1f-0481-42b7-a33e-739a1f619e11,0,29.470,29.588,-
1,549,1785688837.563714,1785688837.563840,1785688837.593584,200,4474,8092c5a7-cb4b-4b4e-bbaf-3c07c6f9f429,0,29.744,29.869,-
0,550,1785688837.613714,1785688837.613836,1785688837.643334,200,4474,feedb271-2f4f-4838-a254-f52d459516fc,0,29.498,29.620,-
1,550,1785688837.663714,1785688837.663842,1785688837.693162,200,4474,48079bdb-aa72-45bb-8c7a-4a61d69fe55a,0,29.320,29.448,-
0,551,1785688837.713714,1785688837.713834,1785688837.743551,200,4474,967c2d9a-55fe-41ab-9872-14d14a46c6c0,0,29.716,29.837,-
1,551,1785688837.763714,1785688837.763850,1785688837.793358,200,4474,d0868af7-95a4-4831-941d-d375f4a569c8,0,29.508,29.644,-
0,552,1785688837.813714,1785688837.813833,1785688837.843683,200,4474,3be76af0-c690-4350-a5b0-d473897b86ef,0,29.850,29.969,-
1,552,1785688837.863714,1785688837.863841,1785688837.893274,200,4474,b598dd0b-d909-4594-8d24-59dd09064b43,0,29.433,29.560,-
0,553,1785688837.913714,1785688837.913833,1785688837.943094,200,4474,038e4959-3f37-4bd5-9b45-9573310fd94b,0,29.261,29.380,-
1,553,1785688837.963714,1785688837.963851,1785688837.993969,200,4474,d8ba0518-8eab-4fa9-a6f1-f13e5a96ecc9,0,30.118,30.255,-
0,554,1785688838.013714,1785688838.013847,1785688838.043634,200,4474,8535d6b3-bf25-43c1-93cb-0f369193f476,0,29.788,29.920,-
1,554,1785688838.063714,1785688838.063842,1785688838.093294,200,4474,de692e8a-d87e-4b2f-8710-bb5581e0ebad,0,29.452,29.579,-
0,555,1785688838.113714,1785688838.113837,1785688838.143568,200,4474,2120c2b7-b32c-4f88-bfce-81c79829ed3d,0,29.731,29.854,-
1,555,1785688838.163714,1785688838.163843,1785688838.193419,200,4474,3ca46fc9-a1b6-455e-a3f3-a2046545848c,0,29.576,29.704,-
0,556,1785688838.213714,1785688838.213836,1785688838.244096,200,4474,155e124a-889e-4595-91bd-6b46ba44650e,0,30.259,30.381,-
1,556,1785688838.263714,1785688838.263843,1785688838.293330,200,4474,12ab72b8-e626-45ed-9d89-cfdbbee50c6d,0,29.487,29.616,-
0,557,1785688838.313714,1785688838.313833,1785688838.343574,200,4474,f4d01ad3-06d3-4334-91f3-8394a5debb69,0,29.741,29.860,-
1,557,1785688838.363714,1785688838.363841,1785688838.393256,200,4474,05abe1f4-51bf-44c6-99eb-c4f300dfbf12,0,29.416,29.542,-
0,558,1785688838.413714,1785688838.413833,1785688838.443303,200,4474,b89f1cb8-8e85-499a-abd5-11f47df245e3,0,29.469,29.588,-
1,558,1785688838.463714,1785688838.463840,1785688838.493231,200,4474,609e4bb5-3051-4ca3-b06b-9b5fd45c2362,0,29.391,29.517,-
0,559,1785688838.513714,1785688838.513836,1785688838.543230,200,4474,2b1173f6-e0e6-444d-b982-32f85c83dac6,0,29.394,29.516,-
1,559,1785688838.563714,1785688838.563838,1785688838.593706,200,4474,f133d3bb-41d2-4921-80c9-79fa98d6b75e,0,29.868,29.991,-
0,560,1785688838.613714,1785688838.613837,1785688838.644157,200,4474,d6da4c37-10d7-441d-a091-e74c1e39142e,0,30.320,30.443,-
1,560,1785688838.663714,1785688838.663843,1785688838.693209,200,4474,768c0683-3616-4bfc-ba29-6f604b37d4bf,0,29.367,29.495,-
0,561,1785688838.713714,1785688838.713835,1785688838.743244,200,4474,59782256-9696-482c-9bc4-af031f481871,0,29.409,29.530,-
1,561,1785688838.763714,1785688838.763843,1785688838.793340,200,4474,dd3b345c-1857-4edb-8a63-c33b3c9897e6,0,29.498,29.626,-
0,562,1785688838.813714,1785688838.813833,1785688838.843239,200,4474,a1e4c862-9387-4157-8afc-d88432dddc3c,0,29.406,29.525,-
1,562,1785688838.863714,1785688838.863839,1785688838.893767,200,4474,bdf324b1-1b0f-4a40-90d7-1229267b9d4d,0,29.928,30.052,-
0,563,1785688838.913714,1785688838.913832,1785688838.943609,200,4474,4b31653d-8d22-455e-ab33-2608a176e1e6,0,29.776,29.895,-
1,563,1785688838.963714,1785688838.963854,1785688838.993644,200,4474,121392f7-1fdc-413c-9717-3af51743ac79,0,29.790,29.929,-
0,564,1785688839.013714,1785688839.013843,1785688839.043536,200,4474,cc0d56ee-1745-454b-8e15-a88556150516,0,29.693,29.822,-
1,564,1785688839.063714,1785688839.063841,1785688839.093424,200,4474,e4d9e04d-201b-45ea-b648-156d1584885b,0,29.583,29.710,-
0,565,1785688839.113714,1785688839.113836,1785688839.143245,200,4474,686a4f23-b831-46e0-9595-44c9b6f84f72,0,29.409,29.530,-
1,565,1785688839.163714,1785688839.163843,1785688839.193214,200,4474,a5757dfc-81c0-4dd4-88b2-a895405e2a15,0,29.371,29.500,-
0,566,1785688839.213714,1785688839.213837,1785688839.244260,200,4474,5f76d47c-2b3e-43cd-adc5-ed283e51026c,0,30.423,30.546,-
1,566,1785688839.263714,1785688839.263837,1785688839.293374,200,4474,792e3a2e-3847-4e96-9901-7acfe5498017,0,29.537,29.660,-
0,567,1785688839.313714,1785688839.313833,1785688839.343502,200,4474,19f3528f-ac4a-44bd-9e2d-440eb9c8616a,0,29.670,29.788,-
1,567,1785688839.363714,1785688839.363838,1785688839.393603,200,4474,b516c996-08f1-495d-93bb-001dd437a9d3,0,29.765,29.889,-
0,568,1785688839.413714,1785688839.413831,1785688839.443256,200,4474,c31567a0-ba1b-4aaa-a883-73d71381e7f9,0,29.424,29.542,-
1,568,1785688839.463714,1785688839.463838,1785688839.493280,200,4474,8969b6e7-9b93-43aa-874f-0df542bead1e,0,29.442,29.566,-
0,569,1785688839.513714,1785688839.513840,1785688839.543655,200,4474,5d086b94-fbad-4204-b068-7972bfc89067,0,29.815,29.941,-
1,569,1785688839.563714,1785688839.563841,1785688839.593615,200,4474,ca56e66a-b8fa-4e04-8eb4-8a65fb34ba43,0,29.773,29.900,-
0,570,1785688839.613714,1785688839.613836,1785688839.643250,200,4474,153fd1b4-028b-41bd-af85-6980a8f80824,0,29.414,29.536,-
1,570,1785688839.663714,1785688839.663841,1785688839.693338,200,4474,20337914-965e-45ba-a658-a83ec011063c,0,29.497,29.624,-
0,571,1785688839.713714,1785688839.713835,1785688839.743492,200,4474,856cf2f2-3263-4b2e-a735-93ede33468ea,0,29.658,29.778,-
1,571,1785688839.763714,1785688839.763836,1785688839.793164,200,4474,16fd81e6-ee85-49af-8dd9-09a409afe228,0,29.328,29.450,-
0,572,1785688839.813714,1785688839.813836,1785688839.843498,200,4474,9c66c34d-ae52-4932-9a81-cc1b81f34fd1,0,29.662,29.783,-
1,572,1785688839.863714,1785688839.863839,1785688839.894172,200,4474,89221634-19d8-48a4-8eb6-3b82660e55e5,0,30.333,30.458,-
0,573,1785688839.913714,1785688839.913845,1785688839.943233,200,4474,636f2bcb-3b08-4065-8419-32d62b3dda7b,0,29.389,29.519,-
1,573,1785688839.963714,1785688839.963842,1785688839.993244,200,4474,ba65b64d-9bc3-47b0-852b-71d9a429b42c,0,29.402,29.530,-
0,574,1785688840.013714,1785688840.013841,1785688840.043299,200,4474,df127f10-527a-4db2-840f-5f7892562773,0,29.458,29.585,-
1,574,1785688840.063714,1785688840.063840,1785688840.093435,200,4474,fd319625-d162-4da2-be95-d2e5288b8c43,0,29.594,29.720,-
0,575,1785688840.113714,1785688840.113838,1785688840.143999,200,4474,bc5bb399-ae57-42a1-963f-d40572e76432,0,30.161,30.285,-
1,575,1785688840.163714,1785688840.163856,1785688840.193475,200,4474,7c0cf0a5-c95a-426e-84d7-9937e0092d0d,0,29.618,29.760,-
0,576,1785688840.213714,1785688840.213843,1785688840.243538,200,4474,1e8f5ec9-3c8e-4ddc-8436-2db328fb1df2,0,29.695,29.824,-
1,576,1785688840.263714,1785688840.263843,1785688840.293154,200,4474,d3826632-d466-4864-a0c4-619d233c471f,0,29.310,29.439,-
0,577,1785688840.313714,1785688840.313836,1785688840.343305,200,4474,9d1d947f-5c63-4fca-9c18-713044f831a2,0,29.469,29.590,-
1,577,1785688840.363714,1785688840.363849,1785688840.393274,200,4474,45c64a32-4281-44cd-95dc-b1c1cf3cb071,0,29.425,29.560,-
0,578,1785688840.413714,1785688840.413843,1785688840.444052,200,4474,74f95290-f47a-4606-bd31-25f3f77da588,0,30.209,30.338,-
1,578,1785688840.463714,1785688840.463841,1785688840.493279,200,4474,ad21eea3-e454-4489-918f-a758d2818d13,0,29.438,29.564,-
0,579,1785688840.513714,1785688840.513834,1785688840.544059,200,4474,5961df12-60ca-4657-af69-d57460aa25ea,0,30.225,30.344,-
1,579,1785688840.563714,1785688840.563838,1785688840.594016,200,4474,7b6daa8f-94b2-4c05-bcc1-6ac3459c3f19,0,30.179,30.302,-
0,580,1785688840.613714,1785688840.613834,1785688840.643439,200,4474,967ee924-c453-4f33-8f65-4c5338393d09,0,29.605,29.725,-
1,580,1785688840.663714,1785688840.663841,1785688840.693280,200,4474,fda581d6-e7a9-4bcc-a327-d16e1dc9b362,0,29.439,29.566,-
0,581,1785688840.713714,1785688840.713835,1785688840.744820,200,4474,73e03216-abeb-40c7-8ed3-9f03a211a77a,0,30.985,31.106,-
1,581,1785688840.763714,1785688840.763837,1785688840.793438,200,4474,489048a8-9d0e-4d96-b412-e5e84c78871b,0,29.601,29.724,-
0,582,1785688840.813714,1785688840.813833,1785688840.843355,200,4474,bef94f28-003a-4b8f-877a-849dda94c396,0,29.522,29.641,-
1,582,1785688840.863714,1785688840.863835,1785688840.894060,200,4474,172c4a75-ec27-41eb-8af4-5b8041688d50,0,30.224,30.345,-
0,583,1785688840.913714,1785688840.913848,1785688840.943240,200,4474,1c9c555c-ff23-4fe6-b266-7fef76e9cca9,0,29.391,29.526,-
1,583,1785688840.963714,1785688840.963838,1785688840.993928,200,4474,afd80016-e976-4fd8-9373-afebf9e83988,0,30.090,30.214,-
0,584,1785688841.013714,1785688841.013839,1785688841.043826,200,4474,b73b6300-1577-4150-bbb9-20c576a804a7,0,29.987,30.112,-
1,584,1785688841.063714,1785688841.063838,1785688841.093286,200,4474,d5b83e46-95d4-4ec4-bbbb-8982a960fd53,0,29.448,29.572,-
0,585,1785688841.113714,1785688841.113836,1785688841.143322,200,4474,c00323c7-69a4-410b-81a6-9321a644b750,0,29.487,29.608,-
1,585,1785688841.163714,1785688841.163844,1785688841.193964,200,4474,e99bdeed-d1bc-480c-be40-feec74b92d48,0,30.121,30.250,-
0,586,1785688841.213714,1785688841.213845,1785688841.243299,200,4474,4a78eb8e-ccdf-462d-bc26-2975ffcd6616,0,29.453,29.585,-
1,586,1785688841.263714,1785688841.263841,1785688841.293900,200,4474,8747d9d3-6663-4006-8b87-9a8f2392fb38,0,30.058,30.186,-
0,587,1785688841.313714,1785688841.313843,1785688841.343317,200,4474,6b9fdc67-c111-482a-a072-6f37ac94e607,0,29.475,29.603,-
1,587,1785688841.363714,1785688841.363838,1785688841.393373,200,4474,20a1d162-3a52-49a3-bfb1-f477cfed9ad3,0,29.535,29.659,-
0,588,1785688841.413714,1785688841.413833,1785688841.443433,200,4474,23849190-7f39-4566-9f6f-0d62f719e3c6,0,29.600,29.719,-
1,588,1785688841.463714,1785688841.463853,1785688841.493035,200,4474,c76fe2dc-a39f-4b9f-bc6d-2f09f0cc6494,0,29.182,29.321,-
0,589,1785688841.513714,1785688841.513842,1785688841.543597,200,4474,f01655b9-d736-4ca5-a3e5-7c75ff1d9fd4,0,29.755,29.883,-
1,589,1785688841.563714,1785688841.563843,1785688841.593789,200,4474,9d07fec6-ee49-4262-a2f9-6bb67f1f44a3,0,29.946,30.075,-
0,590,1785688841.613714,1785688841.613832,1785688841.643268,200,4474,34edcaa6-089a-4b63-9490-63d945a9a8b8,0,29.435,29.554,-
1,590,1785688841.663714,1785688841.663844,1785688841.693660,200,4474,d562b54d-12c0-4ccd-b438-1a33f194abe0,0,29.816,29.945,-
0,591,1785688841.713714,1785688841.713833,1785688841.743448,200,4474,40ebfb2e-776e-47b5-9028-c4501b5741f3,0,29.614,29.733,-
1,591,1785688841.763714,1785688841.763841,1785688841.794146,200,4474,8a462a66-1eca-4570-84a0-87cc6c7ea642,0,30.305,30.432,-
0,592,1785688841.813714,1785688841.813833,1785688841.843290,200,4474,83494fd2-65b2-4a66-a8a3-ae0882bf4b5e,0,29.457,29.576,-
1,592,1785688841.863714,1785688841.863794,1785688841.893530,200,4474,db943af1-175d-40b2-ba43-b7e06c44fd00,0,29.736,29.816,-
0,593,1785688841.913714,1785688841.913840,1785688841.943235,200,4474,31c3faf1-5590-470b-9733-646ebb83f68b,0,29.395,29.521,-
1,593,1785688841.963714,1785688841.963842,1785688841.993327,200,4474,385c9622-885e-4a86-8558-7f09459238d1,0,29.485,29.613,-
0,594,1785688842.013714,1785688842.013860,1785688842.043545,200,4474,f89e7e4f-932b-4d57-9041-499000961944,0,29.685,29.831,-
1,594,1785688842.063714,1785688842.063838,1785688842.093330,200,4474,420e56f8-12d8-4d60-91b8-b55623612403,0,29.492,29.616,-
0,595,1785688842.113714,1785688842.113843,1785688842.143896,200,4474,c33e4d78-d07d-4f3f-b45c-cb81bf9a0df2,0,30.053,30.182,-
1,595,1785688842.163714,1785688842.163844,1785688842.193602,200,4474,bccca3f5-17ba-4bb6-b800-2e2975d11aad,0,29.759,29.888,-
0,596,1785688842.213714,1785688842.213839,1785688842.243278,200,4474,d025ef74-f00c-4f45-9097-c73fc51c002b,0,29.439,29.564,-
1,596,1785688842.263714,1785688842.263838,1785688842.293291,200,4474,6ad711c9-39a7-4a07-a215-15390861e61c,0,29.453,29.577,-
0,597,1785688842.313714,1785688842.313835,1785688842.343230,200,4474,79940452-ff2f-4607-9298-e4f7b47b9aea,0,29.396,29.516,-
1,597,1785688842.363714,1785688842.363838,1785688842.393473,200,4474,c4151231-aeab-4c6e-9246-9575abb71393,0,29.635,29.759,-
0,598,1785688842.413714,1785688842.413857,1785688842.443604,200,4474,9bc9251d-5a4c-4260-9339-568417070ac4,0,29.746,29.889,-
1,598,1785688842.463714,1785688842.463843,1785688842.493276,200,4474,c19bdebf-f29d-4482-944f-e74c48d58d27,0,29.432,29.562,-
0,599,1785688842.513714,1785688842.513842,1785688842.543260,200,4474,8f889b90-79ea-4e96-8166-1ae3f3aa10a5,0,29.418,29.546,-
1,599,1785688842.563714,1785688842.563839,1785688842.593417,200,4474,ae1b5de8-c6c0-42ba-8fe2-41b12be8563f,0,29.578,29.703,-
0,600,1785688842.613714,1785688842.613833,1785688842.643719,200,4474,7d5ab4b1-4e2a-40c7-b502-d714688b0329,0,29.886,30.005,-
1,600,1785688842.663714,1785688842.663840,1785688842.693291,200,4474,18a1bc40-fbb4-4373-affc-ae8ee5d9d243,0,29.451,29.577,-
0,601,1785688842.713714,1785688842.713835,1785688842.743372,200,4474,bd05a2d1-e434-404e-9757-f7bf3c882b72,0,29.538,29.658,-
1,601,1785688842.763714,1785688842.763837,1785688842.793431,200,4474,d43f9e1c-03cc-4280-a499-fe79c28d7e36,0,29.594,29.717,-
0,602,1785688842.813714,1785688842.813834,1785688842.843881,200,4474,f5fccff6-d8d4-48c9-9c8c-d80007619047,0,30.047,30.167,-
1,602,1785688842.863714,1785688842.863837,1785688842.893360,200,4474,800eb5ef-2460-4089-90f8-e555a4693637,0,29.523,29.646,-
0,603,1785688842.913714,1785688842.913855,1785688842.943287,200,4474,16209e38-74ea-46c3-8420-4c16c6cf181f,0,29.433,29.573,-
1,603,1785688842.963714,1785688842.963841,1785688842.993444,200,4474,8670cb3e-419e-4eff-b424-0c75ccf3c3a9,0,29.603,29.730,-
0,604,1785688843.013714,1785688843.013837,1785688843.043625,200,4474,7a12813a-eaad-4971-b4de-0a3dfeeb0db7,0,29.788,29.910,-
1,604,1785688843.063714,1785688843.063847,1785688843.093822,200,4474,0ebf5d28-fd29-49dc-89e4-fa325ae55723,0,29.976,30.108,-
0,605,1785688843.113714,1785688843.113836,1785688843.143129,200,4474,66882b5f-b38e-46d8-a2ea-66f9799a3ac7,0,29.292,29.414,-
1,605,1785688843.163714,1785688843.163845,1785688843.193256,200,4474,25d82f1b-0fe3-4c17-8ce8-b475e9c90559,0,29.412,29.542,-
0,606,1785688843.213714,1785688843.213834,1785688843.243376,200,4474,e0cf7d9a-8f53-41fb-a1ba-a41e6285f7c7,0,29.543,29.662,-
1,606,1785688843.263714,1785688843.263837,1785688843.293756,200,4474,f041777c-e2a6-482e-ba06-728352d4a8ca,0,29.919,30.042,-
0,607,1785688843.313714,1785688843.313834,1785688843.343233,200,4474,9a11bad2-4a37-4eb8-8e93-4038641cfeb3,0,29.399,29.519,-
1,607,1785688843.363714,1785688843.363839,1785688843.393195,200,4474,513db505-8a95-449e-b479-4d2cc0d0078b,0,29.356,29.481,-
0,608,1785688843.413714,1785688843.413832,1785688843.443313,200,4474,c0e62860-89a3-44f2-a497-e4d7146e6170,0,29.481,29.599,-
1,608,1785688843.463714,1785688843.463842,1785688843.493160,200,4474,f8fcd47b-8fed-4e8a-888a-89add2409eea,0,29.317,29.445,-
0,609,1785688843.513714,1785688843.513838,1785688843.543868,200,4474,01c72dbd-2f76-4138-8c4a-bb3401151da1,0,30.030,30.153,-
1,609,1785688843.563714,1785688843.563840,1785688843.593318,200,4474,47d7a8ce-5086-46ea-8e7d-d8f173280376,0,29.478,29.603,-
0,610,1785688843.613714,1785688843.613834,1785688843.643338,200,4474,269800e5-6807-439b-8841-0cd6e9baa7cb,0,29.503,29.624,-
1,610,1785688843.663714,1785688843.663851,1785688843.693623,200,4474,8ddadcb2-17da-4ae4-95c8-5bc92b4630f6,0,29.772,29.909,-
0,611,1785688843.713714,1785688843.713834,1785688843.743267,200,4474,38acd4f4-450f-4d9f-a48e-e9fe1de5e8ae,0,29.433,29.553,-
1,611,1785688843.763714,1785688843.763846,1785688843.793587,200,4474,94779d14-3c31-4d35-af49-90a2ae366673,0,29.740,29.873,-
0,612,1785688843.813714,1785688843.813834,1785688843.843932,200,4474,e35da543-2fdd-470d-bc5a-e4b1813bd3cc,0,30.098,30.218,-
1,612,1785688843.863714,1785688843.863843,1785688843.893399,200,4474,08627875-ef7c-49d9-b9b5-c2c897f48fba,0,29.557,29.685,-
0,613,1785688843.913714,1785688843.913842,1785688843.943127,200,4474,4ea76988-14e1-4b8b-a6e3-a298584882d9,0,29.286,29.413,-
1,613,1785688843.963714,1785688843.963829,1785688843.993999,200,4474,b43ce80c-3c8b-4a9c-bc0e-71cfee05a0b0,0,30.170,30.285,-
0,614,1785688844.013714,1785688844.013841,1785688844.043414,200,4474,0c427493-6298-46a2-9cbb-00bd02a12b02,0,29.573,29.700,-
1,614,1785688844.063714,1785688844.063838,1785688844.093679,200,4474,a50da5c5-1966-4d58-b60e-4cdfc9f6a928,0,29.841,29.965,-
0,615,1785688844.113714,1785688844.113837,1785688844.143547,200,4474,783837ee-7934-4484-a82e-6ca4feaee928,0,29.710,29.833,-
1,615,1785688844.163714,1785688844.163848,1785688844.193299,200,4474,512fc4bb-7f8f-4af5-9754-bcf8a1e02024,0,29.452,29.585,-
0,616,1785688844.213714,1785688844.213835,1785688844.244289,200,4474,36922378-1bdf-4a52-8042-eaa89cacb3b8,0,30.455,30.575,-
1,616,1785688844.263714,1785688844.263839,1785688844.293280,200,4474,7157deb0-0f8e-4562-adee-4a437887b2a5,0,29.441,29.566,-
0,617,1785688844.313714,1785688844.313841,1785688844.343446,200,4474,8dd56fee-e8c8-4771-8453-4cf44d85df45,0,29.605,29.732,-
1,617,1785688844.363714,1785688844.363840,1785688844.393152,200,4474,9ac490d4-dc18-46a4-964c-a46098d826f4,0,29.313,29.438,-
0,618,1785688844.413714,1785688844.413843,1785688844.443563,200,4474,0f79b902-ccc4-4590-ae6b-59ecb7676804,0,29.720,29.848,-
1,618,1785688844.463714,1785688844.463840,1785688844.493226,200,4474,e79bfce3-e85f-45bb-9ccf-a30a34df027f,0,29.386,29.512,-
0,619,1785688844.513714,1785688844.513835,1785688844.543134,200,4474,17fa1c6f-1b3e-416c-8d26-3e667248d24a,0,29.299,29.419,-
1,619,1785688844.563714,1785688844.563842,1785688844.593317,200,4474,0841af02-ad07-44b1-96f5-12c2bbe4c852,0,29.474,29.602,-
0,620,1785688844.613714,1785688844.613838,1785688844.643429,200,4474,6995eee2-8c44-41ea-9312-f356b6ecd4b5,0,29.590,29.714,-
1,620,1785688844.663714,1785688844.663851,1785688844.693372,200,4474,9abc646b-719e-4067-88b5-5603fb78685f,0,29.521,29.657,-
0,621,1785688844.713714,1785688844.713834,1785688844.743229,200,4474,112fec32-08ec-483c-b992-16fc90c713af,0,29.396,29.515,-
1,621,1785688844.763714,1785688844.763838,1785688844.793318,200,4474,ca5237ff-a6f0-42fa-999f-bf47eb29b33a,0,29.479,29.603,-
0,622,1785688844.813714,1785688844.813833,1785688844.843768,200,4474,163c5b8e-5920-4793-82d4-c57c6150ddab,0,29.934,30.053,-
1,622,1785688844.863714,1785688844.863850,1785688844.893813,200,4474,64612fe4-3159-4247-8ff4-baf6e7651e5a,0,29.963,30.099,-
0,623,1785688844.913714,1785688844.913832,1785688844.943580,200,4474,3f58dd9f-6a82-4664-b1d2-d8d8f56d0fd5,0,29.747,29.866,-
1,623,1785688844.963714,1785688844.963841,1785688844.993306,200,4474,0f2588fd-1ae0-44cf-a8b8-65c9db2abe13,0,29.465,29.592,-
0,624,1785688845.013714,1785688845.013837,1785688845.043297,200,4474,5c8e837f-5ce1-45c3-b5be-f24acef738ec,0,29.460,29.583,-
1,624,1785688845.063714,1785688845.063827,1785688845.093308,200,4474,5f8a237e-5e2e-4d75-8fe2-32207cf8eff0,0,29.481,29.593,-
0,625,1785688845.113714,1785688845.113838,1785688845.143297,200,4474,26a61e48-ffa9-4e7e-b2a7-29c810b16665,0,29.459,29.583,-
1,625,1785688845.163714,1785688845.163844,1785688845.194002,200,4474,c468b219-4a1c-4ddd-8c71-8e99420bc28e,0,30.159,30.288,-
0,626,1785688845.213714,1785688845.213838,1785688845.243239,200,4474,6bdc4f03-3156-4dbc-8fc7-fd1b5bf6151d,0,29.401,29.525,-
1,626,1785688845.263714,1785688845.263839,1785688845.293443,200,4474,5bbbd027-0d37-4126-8f7b-e898dc3c3142,0,29.604,29.729,-
0,627,1785688845.313714,1785688845.313837,1785688845.343300,200,4474,bdfdfbfe-0f34-49c2-806e-52b7d59fb945,0,29.463,29.586,-
1,627,1785688845.363714,1785688845.363838,1785688845.393254,200,4474,d83f518d-23e7-4be0-bfb9-79b3c10812de,0,29.416,29.540,-
0,628,1785688845.413714,1785688845.413834,1785688845.443134,200,4474,b826d221-bab3-4c7a-a76c-e4768cec29b0,0,29.299,29.419,-
1,628,1785688845.463714,1785688845.463847,1785688845.494102,200,4474,12b38b2a-bde7-444f-8604-9c074679fa84,0,30.255,30.388,-
0,629,1785688845.513714,1785688845.513833,1785688845.543207,200,4474,c33b4310-48ea-43a8-81ef-f28871098522,0,29.374,29.493,-
1,629,1785688845.563714,1785688845.563839,1785688845.593745,200,4474,bdd7ed7e-4abd-4781-a4ee-3002803094d2,0,29.906,30.031,-
0,630,1785688845.613714,1785688845.613833,1785688845.643211,200,4474,1b639ae4-3068-464c-8dd2-77c1763a91bb,0,29.377,29.496,-
1,630,1785688845.663714,1785688845.663843,1785688845.693240,200,4474,7a8cdd16-594b-4087-9ac1-42d998166410,0,29.397,29.526,-
0,631,1785688845.713714,1785688845.713834,1785688845.743362,200,4474,f377dfd7-ebe3-4585-b18c-ce09b7b6ea58,0,29.528,29.648,-
1,631,1785688845.763714,1785688845.763835,1785688845.793564,200,4474,c4a7e146-06ba-40d9-9629-72444d5b9ad4,0,29.730,29.850,-
0,632,1785688845.813714,1785688845.813839,1785688845.843525,200,4474,04dcd771-4905-4fd4-b48a-3ce1e6e2b978,0,29.686,29.810,-
1,632,1785688845.863714,1785688845.863836,1785688845.893750,200,4474,d172a62b-ada3-48f0-8697-0f91362caf42,0,29.915,30.036,-
0,633,1785688845.913714,1785688845.913838,1785688845.943490,200,4474,cb1a15b1-327a-47f5-81a4-c8ca90da3e31,0,29.652,29.776,-
1,633,1785688845.963714,1785688845.963830,1785688845.993638,200,4474,d56ca5b7-e869-4e2c-9a0b-40970c860702,0,29.808,29.924,-
0,634,1785688846.013714,1785688846.013838,1785688846.043504,200,4474,3b31f127-52da-40fe-b5ab-b3b699a416d9,0,29.667,29.790,-
1,634,1785688846.063714,1785688846.063838,1785688846.093923,200,4474,47331cc1-4e46-45d0-940f-d583ecea2ecc,0,30.086,30.209,-
0,635,1785688846.113714,1785688846.113837,1785688846.143332,200,4474,8a2f7de6-08f9-4585-8249-c8f12f321267,0,29.495,29.618,-
1,635,1785688846.163714,1785688846.163842,1785688846.193485,200,4474,8fdc8993-1a2b-4178-9331-54a9310b3ae2,0,29.643,29.771,-
0,636,1785688846.213714,1785688846.213834,1785688846.243597,200,4474,75b1c880-7a99-4e0b-a26f-8d9d102d4ba7,0,29.763,29.883,-
1,636,1785688846.263714,1785688846.263845,1785688846.293428,200,4474,13d1409d-5fa9-4c0a-9461-4f864ec61170,0,29.583,29.714,-
0,637,1785688846.313714,1785688846.313838,1785688846.343586,200,4474,6ff835ac-c913-4616-89e7-2d89a61debda,0,29.748,29.872,-
1,637,1785688846.363714,1785688846.363834,1785688846.393335,200,4474,bb84ede3-06a6-464d-831d-f5c848090ddc,0,29.501,29.621,-
0,638,1785688846.413714,1785688846.413833,1785688846.443081,200,4474,99643a4f-fca6-42ce-bf0a-c2110b6159e6,0,29.248,29.367,-
1,638,1785688846.463714,1785688846.463840,1785688846.493232,200,4474,6a0f1454-3304-4e41-afcf-e9f40b76f4a7,0,29.392,29.518,-
0,639,1785688846.513714,1785688846.513828,1785688846.543059,200,4474,51a7c9c5-52a2-425c-bc38-6054568c1f2a,0,29.231,29.345,-
1,639,1785688846.563714,1785688846.563845,1785688846.593249,200,4474,abc61878-2f9a-4811-9b90-787a6236e1cf,0,29.404,29.535,-
0,640,1785688846.613714,1785688846.613837,1785688846.643474,200,4474,086d4e57-fe76-4b2f-b4f7-beca895eb7c0,0,29.637,29.759,-
1,640,1785688846.663714,1785688846.663841,1785688846.693775,200,4474,e083ded5-5177-48e5-aaa7-53ea938b7f0a,0,29.934,30.061,-
0,641,1785688846.713714,1785688846.713834,1785688846.743554,200,4474,59d7db8a-e2db-448f-ab0e-4ad3a8533e22,0,29.720,29.840,-
1,641,1785688846.763714,1785688846.763841,1785688846.793361,200,4474,273d5171-924f-4224-8ff1-529a8d61a539,0,29.519,29.647,-
0,642,1785688846.813714,1785688846.813836,1785688846.843078,200,4474,73529f87-0539-49bd-9b00-1c6e3e6909d8,0,29.242,29.363,-
1,642,1785688846.863714,1785688846.863835,1785688846.893352,200,4474,6b41ed42-d48a-4ef2-95a8-caa41acccab3,0,29.517,29.638,-
0,643,1785688846.913714,1785688846.913833,1785688846.943695,200,4474,edb53b77-9f18-4571-8b6e-970a6c5df5da,0,29.861,29.981,-
1,643,1785688846.963714,1785688846.963827,1785688846.993550,200,4474,4177d026-0977-4e4d-b38a-cb337e8e9708,0,29.723,29.835,-
0,644,1785688847.013714,1785688847.013796,1785688847.043483,200,4474,176ac52f-ecc7-41e3-bc58-9c9ed0689755,0,29.686,29.768,-
1,644,1785688847.063714,1785688847.063846,1785688847.093753,200,4474,a2dcd9af-1cf1-4de8-84dc-788d446853c5,0,29.907,30.038,-
0,645,1785688847.113714,1785688847.113838,1785688847.143382,200,4474,1187a7c1-594a-4f3a-9669-f2c8ccb6de43,0,29.545,29.668,-
1,645,1785688847.163714,1785688847.163849,1785688847.193597,200,4474,6045ed35-1467-4195-abf5-88cf6ed151b3,0,29.748,29.883,-
0,646,1785688847.213714,1785688847.213843,1785688847.243304,200,4474,9a69c496-cec7-4024-9e44-ba61ea5547ca,0,29.461,29.590,-
1,646,1785688847.263714,1785688847.263839,1785688847.293081,200,4474,46133bcb-053b-4a43-a47a-23810cbb2359,0,29.242,29.367,-
0,647,1785688847.313714,1785688847.313838,1785688847.343179,200,4474,719bd41d-f31a-4e42-b69a-f82849e72e79,0,29.341,29.464,-
1,647,1785688847.363714,1785688847.363836,1785688847.394250,200,4474,bde10d1d-8d9f-4027-89ce-6abab916157c,0,30.414,30.536,-
0,648,1785688847.413714,1785688847.413836,1785688847.443249,200,4474,5c1a2f86-339e-448e-8ed9-c90778c4b769,0,29.413,29.535,-
1,648,1785688847.463714,1785688847.463828,1785688847.493660,200,4474,8af3fc17-3e83-49ce-8773-1c1c9773315c,0,29.833,29.946,-
0,649,1785688847.513714,1785688847.513856,1785688847.543569,200,4474,63539355-be46-4b18-b283-f40df8b8aee3,0,29.713,29.855,-
1,649,1785688847.563714,1785688847.563828,1785688847.593642,200,4474,c5998436-9769-43f2-bff1-1ea0a487c556,0,29.815,29.928,-
0,650,1785688847.613714,1785688847.613835,1785688847.643244,200,4474,856e5ae8-78d6-432c-9eff-0103c89903e0,0,29.408,29.529,-
1,650,1785688847.663714,1785688847.663841,1785688847.693297,200,4474,5395d910-5588-4773-86ef-51ee863d6b21,0,29.456,29.583,-
0,651,1785688847.713714,1785688847.713836,1785688847.743572,200,4474,9372719e-e62a-43c6-95a2-2ab30b68c2dc,0,29.736,29.858,-
1,651,1785688847.763714,1785688847.763835,1785688847.793246,200,4474,9e8e56a3-48c0-45d3-be02-92be1f262768,0,29.411,29.532,-
0,652,1785688847.813714,1785688847.813835,1785688847.843113,200,4474,58c07ced-56d6-4d50-8694-191b6068d100,0,29.278,29.399,-
1,652,1785688847.863714,1785688847.863837,1785688847.893281,200,4474,d6d42fbe-f877-43a7-b679-596da9a67f19,0,29.445,29.567,-
0,653,1785688847.913714,1785688847.913839,1785688847.943192,200,4474,c4d91404-78cd-4e5d-a322-88e95e1b41ae,0,29.352,29.477,-
1,653,1785688847.963714,1785688847.963828,1785688847.993569,200,4474,68ecefd0-a88a-40d3-9856-6d21ef45981b,0,29.742,29.855,-
0,654,1785688848.013714,1785688848.013839,1785688848.044422,200,4474,63c56a32-eb69-41f5-b5e9-937f68275a16,0,30.583,30.708,-
1,654,1785688848.063714,1785688848.063836,1785688848.093403,200,4474,73e723ae-1bec-48e0-93c4-ad58f6ff0b21,0,29.568,29.689,-
0,655,1785688848.113714,1785688848.113829,1785688848.143319,200,4474,7b5b6ca7-edf4-450f-a219-a1d572391544,0,29.490,29.605,-
1,655,1785688848.163714,1785688848.163848,1785688848.193353,200,4474,9b90356a-b36c-441a-b16e-438412906697,0,29.505,29.639,-
0,656,1785688848.213714,1785688848.213842,1785688848.243246,200,4474,3b8e41dc-d6f0-45a9-ad4f-2cf13b466546,0,29.404,29.532,-
1,656,1785688848.263714,1785688848.263840,1785688848.293444,200,4474,95b1ce45-e867-4932-ae1f-7fdbdf7e0f33,0,29.604,29.730,-
0,657,1785688848.313714,1785688848.313836,1785688848.343953,200,4474,4a476036-dbc2-4123-937b-6294e055d0df,0,30.117,30.239,-
1,657,1785688848.363714,1785688848.363838,1785688848.393546,200,4474,fc2cd104-49c4-4cb8-834b-df76c29248b1,0,29.707,29.831,-
0,658,1785688848.413714,1785688848.413841,1785688848.443480,200,4474,b19d3fa5-d302-4cc4-b0b5-8d09d75ffcda,0,29.639,29.766,-
1,658,1785688848.463714,1785688848.463836,1785688848.493296,200,4474,79031cc4-e0c0-4f68-aee3-537b835cbbb1,0,29.460,29.582,-
0,659,1785688848.513714,1785688848.513835,1785688848.543234,200,4474,939c4ac4-e187-4f19-a99a-d22aec720bf8,0,29.399,29.520,-
1,659,1785688848.563714,1785688848.563840,1785688848.593553,200,4474,7fffef88-c869-43aa-82a7-1cfada1c8835,0,29.713,29.838,-
0,660,1785688848.613714,1785688848.613840,1785688848.643115,200,4474,2026207c-a2ce-4e17-9d2a-14bfd0c4cfa5,0,29.275,29.401,-
1,660,1785688848.663714,1785688848.663851,1785688848.693758,200,4474,90dd4908-a263-4c43-b7c0-2f764a60d551,0,29.907,30.044,-
0,661,1785688848.713714,1785688848.713835,1785688848.743285,200,4474,a1cf8f1e-ae93-478d-9bde-cafdcbbe36f1,0,29.449,29.571,-
1,661,1785688848.763714,1785688848.763838,1785688848.793264,200,4474,fb2351c5-8b72-432c-94cb-0a31e2dff12c,0,29.426,29.550,-
0,662,1785688848.813714,1785688848.813837,1785688848.843289,200,4474,ff4a60a5-7ce3-4ca7-b1c9-b0be39a67d82,0,29.453,29.575,-
1,662,1785688848.863714,1785688848.863837,1785688848.894427,200,4474,2ec5b163-1728-4626-9e1d-1a65319c7356,0,30.589,30.712,-
0,663,1785688848.913714,1785688848.913833,1785688848.943295,200,4474,ec06840d-69e8-4f22-9d28-fd3b0dd5651d,0,29.462,29.581,-
1,663,1785688848.963714,1785688848.963829,1785688848.993340,200,4474,1ad26dba-5642-4c4b-ae45-513ae8927847,0,29.511,29.626,-
0,664,1785688849.013714,1785688849.013848,1785688849.043371,200,4474,dbe7eb04-ca81-4dbb-bd7d-ad57b69d17ef,0,29.523,29.657,-
1,664,1785688849.063714,1785688849.063831,1785688849.093641,200,4474,ab08a9ea-8751-4941-9311-c289db589a56,0,29.811,29.927,-
0,665,1785688849.113714,1785688849.113835,1785688849.143280,200,4474,82ab2918-996a-4f27-9cad-1d5d87de8f6a,0,29.444,29.566,-
1,665,1785688849.163714,1785688849.163851,1785688849.193521,200,4474,9679ce25-878f-4ea6-a260-15b74797eedb,0,29.670,29.806,-
0,666,1785688849.213714,1785688849.213794,1785688849.243237,200,4474,593e3ed1-a1ee-43d2-acfa-7ac4ec8ebdcc,0,29.443,29.523,-
1,666,1785688849.263714,1785688849.263839,1785688849.293176,200,4474,67e39f4f-69e4-4a19-b009-ed1b46921c07,0,29.336,29.462,-
0,667,1785688849.313714,1785688849.313838,1785688849.344501,200,4474,cf972565-6269-4f33-aa57-3cfcc1dda8e0,0,30.663,30.787,-
1,667,1785688849.363714,1785688849.363838,1785688849.393274,200,4474,13c2c11f-fb10-4349-ac81-2ea34148bef1,0,29.436,29.560,-
0,668,1785688849.413714,1785688849.413842,1785688849.443045,200,4474,e47eba11-e6b9-4760-bc42-2fb8a896d910,0,29.203,29.331,-
1,668,1785688849.463714,1785688849.463843,1785688849.493508,200,4474,d22806a3-7788-4e98-963f-a3e9cf3d719f,0,29.665,29.794,-
0,669,1785688849.513714,1785688849.513838,1785688849.543206,200,4474,05e48316-9d19-45b7-a9d6-39ade4477412,0,29.367,29.491,-
1,669,1785688849.563714,1785688849.563841,1785688849.593228,200,4474,677bb81f-c75e-494b-936c-951dcc343a80,0,29.387,29.514,-
0,670,1785688849.613714,1785688849.613836,1785688849.643438,200,4474,1af3b761-0c1a-4ca2-b2cf-04ba4d147cc8,0,29.602,29.724,-
1,670,1785688849.663714,1785688849.663840,1785688849.693170,200,4474,d2c6e1f6-ee6f-4e15-8cfa-889a4aba4a3d,0,29.330,29.455,-
0,671,1785688849.713714,1785688849.713833,1785688849.743701,200,4474,1810fb4f-a9aa-4aed-b668-65846cc6c612,0,29.868,29.987,-
1,671,1785688849.763714,1785688849.763846,1785688849.794103,200,4474,c8af47c8-8c22-41b3-a406-1d71061ff80c,0,30.257,30.389,-
0,672,1785688849.813714,1785688849.813834,1785688849.843287,200,4474,cecac372-3def-4132-aa55-301e65d2b68e,0,29.454,29.573,-
1,672,1785688849.863714,1785688849.863838,1785688849.893441,200,4474,9d0ba3a4-bef2-4e3f-986d-f21c517d2f6e,0,29.602,29.727,-
0,673,1785688849.913714,1785688849.913835,1785688849.943308,200,4474,4939ef0a-5ae7-4fde-be65-338609167c64,0,29.474,29.594,-
1,673,1785688849.963714,1785688849.963827,1785688849.993954,200,4474,3846e6cb-7182-4594-8e97-1c333eefd070,0,30.127,30.240,-
0,674,1785688850.013714,1785688850.013838,1785688850.043354,200,4474,65b44591-cc54-407d-a72f-85ddcf883ea9,0,29.516,29.639,-
1,674,1785688850.063714,1785688850.063833,1785688850.093659,200,4474,f1dc438e-eae7-43a8-9e97-4c49da25fdb8,0,29.826,29.945,-
0,675,1785688850.113714,1785688850.113836,1785688850.143508,200,4474,76290731-d885-4725-8ab0-807692a1f228,0,29.672,29.794,-
1,675,1785688850.163714,1785688850.163844,1785688850.193478,200,4474,bc6e7da7-27c2-48d1-af9d-c2fd04c09917,0,29.635,29.764,-
0,676,1785688850.213714,1785688850.213840,1785688850.243395,200,4474,966ccb69-ea4a-4625-bcdb-8ce5e12af9a8,0,29.554,29.680,-
1,676,1785688850.263714,1785688850.263840,1785688850.293248,200,4474,7c0038e5-3b2c-4969-8c75-e455ee96e69b,0,29.408,29.534,-
0,677,1785688850.313714,1785688850.313836,1785688850.343601,200,4474,b677c498-0282-45e9-acc1-9c4d147c9239,0,29.766,29.887,-
1,677,1785688850.363714,1785688850.363839,1785688850.393281,200,4474,d22211ce-cbda-48c5-bb61-56b04cdd832a,0,29.442,29.567,-
0,678,1785688850.413714,1785688850.413834,1785688850.443222,200,4474,10165065-8d24-4169-808a-8adc2b350ccd,0,29.388,29.508,-
1,678,1785688850.463714,1785688850.463838,1785688850.493727,200,4474,63d27905-3491-4dec-b9ed-30586da27102,0,29.889,30.013,-
0,679,1785688850.513714,1785688850.513832,1785688850.543691,200,4474,87f84aba-dab0-4cd0-807b-57d247503cbf,0,29.858,29.976,-
1,679,1785688850.563714,1785688850.563841,1785688850.593229,200,4474,0eda0e6c-6238-4389-a498-e773b5f0a8ce,0,29.388,29.514,-
0,680,1785688850.613714,1785688850.613842,1785688850.643773,200,4474,85b9ecc5-fc86-4cb5-aa98-c7876ebb01de,0,29.931,30.058,-
1,680,1785688850.663714,1785688850.663855,1785688850.693319,200,4474,ff5f0203-c661-4235-88b7-d91c44987c19,0,29.464,29.605,-
0,681,1785688850.713714,1785688850.713835,1785688850.743464,200,4474,96e16c26-1165-4167-91c5-f04b719bf3b9,0,29.630,29.750,-
1,681,1785688850.763714,1785688850.763840,1785688850.793215,200,4474,1cd5edd2-7e77-4026-a8a8-338367f784af,0,29.375,29.501,-
0,682,1785688850.813714,1785688850.813838,1785688850.843286,200,4474,48b7e292-b2ad-40d7-b080-5081764f9d34,0,29.447,29.571,-
1,682,1785688850.863714,1785688850.863836,1785688850.893235,200,4474,7d45e5af-e229-4092-ad1c-034991c493bc,0,29.400,29.521,-
0,683,1785688850.913714,1785688850.913833,1785688850.944005,200,4474,9ed7d122-0f22-4e36-8693-c5340b5b3650,0,30.172,30.291,-
1,683,1785688850.963714,1785688850.963835,1785688850.993323,200,4474,b1c74dac-3ece-4d26-8192-eed514614480,0,29.488,29.608,-
0,684,1785688851.013714,1785688851.013842,1785688851.043448,200,4474,b5de56d1-b9ca-40c3-a4bd-7930d87291be,0,29.606,29.734,-
1,684,1785688851.063714,1785688851.063832,1785688851.093142,200,4474,bf53935a-7f0a-4d0a-b338-62a5e8b23d6d,0,29.310,29.428,-
0,685,1785688851.113714,1785688851.113833,1785688851.143737,200,4474,280422d5-0b5a-4a09-94ac-705d33343161,0,29.904,30.023,-
1,685,1785688851.163714,1785688851.163843,1785688851.193674,200,4474,458c1a46-83b5-4cd5-a214-859f4c57bfe0,0,29.831,29.959,-
0,686,1785688851.213714,1785688851.213843,1785688851.243642,200,4474,b8af3b5b-4627-46c5-ad86-08f8b2e2a061,0,29.799,29.928,-
1,686,1785688851.263714,1785688851.263840,1785688851.293650,200,4474,778e6cbc-25e7-4e5f-9e29-992775dd9b53,0,29.811,29.936,-
0,687,1785688851.313714,1785688851.313843,1785688851.343240,200,4474,7b31ae77-0569-4042-bc92-10c85e18d92a,0,29.398,29.526,-
1,687,1785688851.363714,1785688851.363834,1785688851.393192,200,4474,e5f768a5-35ea-445d-a33b-f25e26891ccc,0,29.358,29.478,-
0,688,1785688851.413714,1785688851.413833,1785688851.443202,200,4474,48ead74c-d3a4-45b8-a016-a157c06570d4,0,29.369,29.488,-
1,688,1785688851.463714,1785688851.463837,1785688851.493707,200,4474,93193fb5-0e0b-4863-99ea-a2009c056848,0,29.870,29.993,-
0,689,1785688851.513714,1785688851.513834,1785688851.543675,200,4474,410c1cf5-e519-4c43-94f3-ac850c77791a,0,29.840,29.960,-
1,689,1785688851.563714,1785688851.563837,1785688851.593149,200,4474,ea307ee8-e445-41da-bdc8-80b8220ab208,0,29.312,29.435,-
0,690,1785688851.613714,1785688851.613833,1785688851.643353,200,4474,13a3fdcc-5e55-4ce9-872f-4e7272ab011e,0,29.520,29.639,-
1,690,1785688851.663714,1785688851.663846,1785688851.693584,200,4474,38a6c9de-ad95-4565-b41b-7e542635b03f,0,29.738,29.870,-
0,691,1785688851.713714,1785688851.713834,1785688851.743652,200,4474,06a3b684-57de-43c0-8fc6-70d17dee6429,0,29.818,29.938,-
1,691,1785688851.763714,1785688851.763840,1785688851.794132,200,4474,c9686b74-c7cc-4d94-9a82-43bcca621dbb,0,30.292,30.418,-
0,692,1785688851.813714,1785688851.813834,1785688851.843266,200,4474,260d95db-c022-4ccd-8a38-ea6ba6636dca,0,29.432,29.552,-
1,692,1785688851.863714,1785688851.863844,1785688851.893249,200,4474,4a09051a-f51e-4ba0-950b-4267bdb745f0,0,29.405,29.535,-
0,693,1785688851.913714,1785688851.913795,1785688851.943233,200,4474,ece29261-b41b-42c1-886d-02f6fcadf9ce,0,29.438,29.518,-
1,693,1785688851.963714,1785688851.963829,1785688851.993254,200,4474,b46ae4d9-cb1c-4b3f-b4fa-e6efbe9dd037,0,29.425,29.540,-
0,694,1785688852.013714,1785688852.013834,1785688852.043634,200,4474,fd749c13-19de-4c51-acab-8110a505c1da,0,29.800,29.920,-
1,694,1785688852.063714,1785688852.063796,1785688852.093327,200,4474,101e9b08-fcc8-4774-8949-43c987ceb817,0,29.531,29.613,-
0,695,1785688852.113714,1785688852.113836,1785688852.143741,200,4474,e94d8faa-d4e8-4fe0-ac31-d737504edee5,0,29.905,30.027,-
1,695,1785688852.163714,1785688852.163796,1785688852.193233,200,4474,a336028c-081c-4f8e-b7f4-fa03805c2ea5,0,29.437,29.519,-
0,696,1785688852.213714,1785688852.213844,1785688852.243196,200,4474,8391d4b5-7432-41b0-9d44-4c42a059f3e9,0,29.353,29.482,-
1,696,1785688852.263714,1785688852.263796,1785688852.293262,200,4474,5f730cdb-a70a-49b9-8abc-908fd17d7bae,0,29.466,29.548,-
0,697,1785688852.313714,1785688852.313833,1785688852.343553,200,4474,19684be4-990d-46fc-9cc5-38354468540d,0,29.720,29.839,-
1,697,1785688852.363714,1785688852.363795,1785688852.393610,200,4474,7fd40630-be47-4b5a-a3cd-51595f92d8e8,0,29.815,29.896,-
0,698,1785688852.413714,1785688852.413827,1785688852.443607,200,4474,ee5a2352-cfbb-4a17-a4d0-dcca0c980960,0,29.780,29.893,-
1,698,1785688852.463714,1785688852.463795,1785688852.493301,200,4474,aabcc273-0a12-4090-a7d8-b16c2aa43b0c,0,29.506,29.587,-
0,699,1785688852.513714,1785688852.513844,1785688852.543460,200,4474,e605b118-0537-4d92-aea6-03dcbda2e0c2,0,29.616,29.745,-
1,699,1785688852.563714,1785688852.563795,1785688852.593128,200,4474,b9399130-cd67-4135-9b95-405c191328fe,0,29.333,29.414,-
0,700,1785688852.613714,1785688852.613842,1785688852.643593,200,4474,e73c0a4d-22a0-4996-8897-0e9a60f3a0e9,0,29.751,29.878,-
1,700,1785688852.663714,1785688852.663795,1785688852.693141,200,4474,3d68bc04-5ead-4140-b4d5-74b748ac0419,0,29.346,29.427,-
0,701,1785688852.713714,1785688852.713843,1785688852.743269,200,4474,e74f4589-1cfe-4970-b57f-a75bd4663a41,0,29.426,29.555,-
1,701,1785688852.763714,1785688852.763774,1785688852.793444,200,4474,ba6800f9-bf51-4a90-b48a-038fdc0afc29,0,29.670,29.730,-
0,702,1785688852.813714,1785688852.813829,1785688852.843238,200,4474,c2bdd91f-c50b-4261-91fa-7ac039bda695,0,29.409,29.524,-
1,702,1785688852.863714,1785688852.863829,1785688852.893864,200,4474,fb65f1bc-005b-4fef-8ebe-01f7b9ef3156,0,30.035,30.150,-
0,703,1785688852.913714,1785688852.913828,1785688852.943871,200,4474,b2206b92-0835-4e63-816d-4716d8d2d95c,0,30.043,30.157,-
1,703,1785688852.963714,1785688852.963829,1785688852.993268,200,4474,3b6bab4a-d2fd-43ec-8a3c-829697cec45d,0,29.438,29.553,-
0,704,1785688853.013714,1785688853.013829,1785688853.043406,200,4474,29c8aae0-32f7-4c8b-89a5-61d79bd8fe8e,0,29.577,29.692,-
1,704,1785688853.063714,1785688853.063831,1785688853.094751,200,4474,6bfa5fcf-bd64-4599-b919-2c1ee3d1aad7,0,30.920,31.037,-
0,705,1785688853.113714,1785688853.113828,1785688853.143442,200,4474,1d7968e8-804f-46a7-ad21-1ab96fc95e8d,0,29.613,29.727,-
1,705,1785688853.163714,1785688853.163829,1785688853.193601,200,4474,5145c4c2-4e80-4fe5-9f6c-fa353a464bfb,0,29.772,29.887,-
0,706,1785688853.213714,1785688853.213830,1785688853.243164,200,4474,bab0c7bf-ec6c-411b-9a26-d09b306a53dd,0,29.334,29.450,-
1,706,1785688853.263714,1785688853.263832,1785688853.293409,200,4474,db16f71a-5147-40d1-9bb1-7b83018be590,0,29.577,29.695,-
0,707,1785688853.313714,1785688853.313829,1785688853.343563,200,4474,e98e14f7-52b3-42de-99df-d2f846d612fb,0,29.734,29.848,-
1,707,1785688853.363714,1785688853.363828,1785688853.393076,200,4474,e3cf02ca-bdea-45dd-8c52-785cdf932695,0,29.248,29.362,-
0,708,1785688853.413714,1785688853.413827,1785688853.443598,200,4474,ef71a1be-f844-4396-8b40-e97687ac0cd2,0,29.770,29.883,-
1,708,1785688853.463714,1785688853.463842,1785688853.493122,200,4474,d03169a8-a213-4c0b-9766-2bf05778c586,0,29.279,29.408,-
0,709,1785688853.513714,1785688853.513829,1785688853.543225,200,4474,5285cb9e-ee96-4463-80e8-eb2257109dbd,0,29.395,29.510,-
1,709,1785688853.563714,1785688853.563831,1785688853.593224,200,4474,b7abe8f9-d6d0-4a86-aec9-357f423d96f7,0,29.392,29.509,-
0,710,1785688853.613714,1785688853.613829,1785688853.643256,200,4474,897bb9c7-1896-449f-be2b-c52828a0f411,0,29.427,29.541,-
1,710,1785688853.663714,1785688853.663830,1785688853.693174,200,4474,b4ae8213-f3cc-4a90-aef5-5596b215daf8,0,29.344,29.459,-
0,711,1785688853.713714,1785688853.713827,1785688853.744546,200,4474,335e385a-664e-4690-a101-8e320598ae8e,0,30.719,30.832,-
1,711,1785688853.763714,1785688853.763828,1785688853.793649,200,4474,15839397-e215-41b9-b58f-9ea0a1e3fd3e,0,29.821,29.935,-
0,712,1785688853.813714,1785688853.813825,1785688853.843294,200,4474,73ff1a1e-edee-47bf-bc3a-b22f99690c4e,0,29.469,29.580,-
1,712,1785688853.863714,1785688853.863830,1785688853.893123,200,4474,2d00f120-85cd-4c09-b504-f0efbdda9b23,0,29.293,29.409,-
0,713,1785688853.913714,1785688853.913845,1785688853.943423,200,4474,ac77d907-ab0c-43db-9a3a-8b37da4cff70,0,29.577,29.709,-
1,713,1785688853.963714,1785688853.963832,1785688853.993567,200,4474,2b37f79c-93e0-4231-a92a-83698e1e705a,0,29.735,29.853,-
0,714,1785688854.013714,1785688854.013827,1785688854.043814,200,4474,7845247e-3040-4240-809e-7f8a62ae3499,0,29.987,30.100,-
1,714,1785688854.063714,1785688854.063830,1785688854.093363,200,4474,f48a3d88-dc34-4a90-ad2e-ea6e6fc1842d,0,29.533,29.649,-
0,715,1785688854.113714,1785688854.113827,1785688854.143310,200,4474,3fbfe991-f029-4ebd-8f53-4f1a5e48ad34,0,29.483,29.596,-
1,715,1785688854.163714,1785688854.163830,1785688854.193746,200,4474,5240d5da-35bf-4130-81b7-b4c8f05fdf33,0,29.916,30.032,-
0,716,1785688854.213714,1785688854.213828,1785688854.243091,200,4474,570b160a-7935-44a2-a801-bd7a8edf66a3,0,29.263,29.377,-
1,716,1785688854.263714,1785688854.263831,1785688854.293741,200,4474,27ef4bd1-9c4f-46c4-9052-b46d6abb605d,0,29.910,30.027,-
0,717,1785688854.313714,1785688854.313829,1785688854.343195,200,4474,98d9efcc-d42d-4541-98cd-6e46edda5003,0,29.366,29.481,-
1,717,1785688854.363714,1785688854.363830,1785688854.394152,200,4474,25d3ece7-d942-499e-82d4-31d37345fd99,0,30.322,30.438,-
0,718,1785688854.413714,1785688854.413826,1785688854.443350,200,4474,85401630-c9de-4880-872c-c4d386b720a6,0,29.524,29.636,-
1,718,1785688854.463714,1785688854.463829,1785688854.493060,200,4474,eb930f8e-2d3d-4848-ac47-1ce3277141d7,0,29.230,29.346,-
0,719,1785688854.513714,1785688854.513836,1785688854.543673,200,4474,be5f1e0b-d09e-4ec7-8d3b-95d8b263cb8b,0,29.837,29.959,-
1,719,1785688854.563714,1785688854.563832,1785688854.593277,200,4474,861d36ef-1565-4c94-a4eb-cc6e7573be79,0,29.445,29.563,-
0,720,1785688854.613714,1785688854.613823,1785688854.643431,200,4474,4377fbd4-9cfc-4103-adad-696deb050503,0,29.608,29.717,-
1,720,1785688854.663714,1785688854.663831,1785688854.693307,200,4474,a7e2e619-a722-49b0-8d00-d9b8fe14e735,0,29.477,29.593,-
0,721,1785688854.713714,1785688854.713826,1785688854.743196,200,4474,45a35725-e8aa-42fc-8ed7-9e1b4307fb0e,0,29.370,29.482,-
1,721,1785688854.763714,1785688854.763829,1785688854.793258,200,4474,5680ceaa-94b7-449e-950b-a8dbf53b3d05,0,29.429,29.544,-
0,722,1785688854.813714,1785688854.813825,1785688854.843539,200,4474,f17c14f6-a9aa-4831-ae89-9b74234773a1,0,29.714,29.824,-
1,722,1785688854.863714,1785688854.863829,1785688854.893242,200,4474,8249598b-52b8-45e3-bb89-cfaebefaeb68,0,29.413,29.528,-
0,723,1785688854.913714,1785688854.913827,1785688854.943171,200,4474,ffd409b1-44da-4828-89e2-849d79b4ac1c,0,29.345,29.457,-
1,723,1785688854.963714,1785688854.963831,1785688854.993205,200,4474,03e9009e-e589-4d19-88b5-85ddc1d2bb80,0,29.374,29.491,-
0,724,1785688855.013714,1785688855.013828,1785688855.043701,200,4474,119c82e1-bc34-4c3e-b7fa-9ee41b12ed33,0,29.873,29.987,-
1,724,1785688855.063714,1785688855.063831,1785688855.093966,200,4474,867094a3-1cd6-4e33-82b1-05e268b9783a,0,30.136,30.252,-
0,725,1785688855.113714,1785688855.113825,1785688855.143911,200,4474,a6d9fa52-f31b-4635-9216-7880fa889dbe,0,30.086,30.197,-
1,725,1785688855.163714,1785688855.163838,1785688855.193348,200,4474,fe597a90-97ff-4d2e-9704-9943058270c0,0,29.510,29.634,-
0,726,1785688855.213714,1785688855.213826,1785688855.243160,200,4474,d9ae0a67-c99b-4ca2-a7be-b1fd302d1f00,0,29.334,29.446,-
1,726,1785688855.263714,1785688855.263830,1785688855.293261,200,4474,1ea6a5a8-218b-4e76-a580-2917a3af3024,0,29.431,29.546,-
0,727,1785688855.313714,1785688855.313828,1785688855.343274,200,4474,ed6365b2-9ed0-496c-922f-33efbb9bf668,0,29.445,29.559,-
1,727,1785688855.363714,1785688855.363828,1785688855.393388,200,4474,4028ab6a-9642-4e09-bf19-8172e1841880,0,29.560,29.674,-
0,728,1785688855.413714,1785688855.413829,1785688855.443707,200,4474,99dbd4e1-b53e-4996-a027-99e5b5459ef1,0,29.879,29.993,-
1,728,1785688855.463714,1785688855.463825,1785688855.493041,200,4474,1fd2da61-b445-4c79-9cf0-983839e406f1,0,29.216,29.327,-
0,729,1785688855.513714,1785688855.513829,1785688855.543563,200,4474,d7c75adc-4ed0-405e-a420-0b51a9dbd1ea,0,29.734,29.849,-
1,729,1785688855.563714,1785688855.563829,1785688855.593271,200,4474,c9ed0bbf-120c-4d6f-bc23-0e0207411c9a,0,29.442,29.557,-
0,730,1785688855.613714,1785688855.613828,1785688855.643507,200,4474,ee794798-befe-460f-8c96-baca732f6508,0,29.678,29.793,-
1,730,1785688855.663714,1785688855.663830,1785688855.693226,200,4474,1ca2dd13-e24c-4e56-a894-8e2a29c25ec6,0,29.396,29.512,-
0,731,1785688855.713714,1785688855.713825,1785688855.743529,200,4474,373a5532-75a9-4055-bc3b-cd379c533996,0,29.704,29.815,-
1,731,1785688855.763714,1785688855.763830,1785688855.793577,200,4474,a657b15e-18b7-4109-8ee6-39bd1fe19d07,0,29.747,29.863,-
0,732,1785688855.813714,1785688855.813827,1785688855.843221,200,4474,a5af93a4-6dd9-46d4-8212-7465beb9a5cf,0,29.394,29.507,-
1,732,1785688855.863714,1785688855.863828,1785688855.893247,200,4474,8e13b795-7f35-4627-84f5-343b2aadca26,0,29.419,29.532,-
0,733,1785688855.913714,1785688855.913827,1785688855.943456,200,4474,c4ce5e9e-187f-449f-adcd-043492b70846,0,29.629,29.742,-
1,733,1785688855.963714,1785688855.963827,1785688855.993248,200,4474,2996673b-0457-4010-bf00-2ccf0cb5f589,0,29.420,29.534,-
0,734,1785688856.013714,1785688856.013826,1785688856.044064,200,4474,d21ba177-b7c8-479b-8f8b-97e5f875e343,0,30.238,30.350,-
1,734,1785688856.063714,1785688856.063827,1785688856.093460,200,4474,278d7b09-95a1-4bd7-8a6f-7fb5dffc3495,0,29.633,29.746,-
0,735,1785688856.113714,1785688856.113826,1785688856.143267,200,4474,52a8ab79-40aa-4034-bc54-8e1f0139c4ea,0,29.441,29.552,-
1,735,1785688856.163714,1785688856.163829,1785688856.193217,200,4474,24e5e8a9-8169-4137-b1cf-583108f3926c,0,29.387,29.503,-
0,736,1785688856.213714,1785688856.213829,1785688856.243106,200,4474,8f806bba-2a15-41b0-acbe-8ed4264c2589,0,29.278,29.392,-
1,736,1785688856.263714,1785688856.263826,1785688856.293907,200,4474,da03862e-362a-4958-9c9d-5dfa52f963f5,0,30.081,30.193,-
0,737,1785688856.313714,1785688856.313828,1785688856.343652,200,4474,ab0ce7cd-6f40-41bb-8791-aa96535b4228,0,29.824,29.937,-
1,737,1785688856.363714,1785688856.363828,1785688856.393119,200,4474,a6fb5d96-1626-47d5-83b1-6dfab0b424ba,0,29.290,29.404,-
0,738,1785688856.413714,1785688856.413827,1785688856.443583,200,4474,3ff0f72f-63cc-4ac5-940d-0a510b930447,0,29.756,29.869,-
1,738,1785688856.463714,1785688856.463831,1785688856.493394,200,4474,0d92760b-6845-4e44-930f-162b628ec8a5,0,29.563,29.680,-
0,739,1785688856.513714,1785688856.513829,1785688856.543536,200,4474,e7a45857-d1cf-4519-95ba-0f08a5fbb149,0,29.707,29.822,-
1,739,1785688856.563714,1785688856.563827,1785688856.593157,200,4474,eef81f7b-adb1-4daf-baa5-fd6a4fa621fc,0,29.330,29.442,-
0,740,1785688856.613714,1785688856.613830,1785688856.643589,200,4474,29e0644a-880a-4474-8ef9-d68e865e64d9,0,29.759,29.875,-
1,740,1785688856.663714,1785688856.663828,1785688856.693261,200,4474,8e1e8972-8162-4cba-a2c2-88f055cc94a5,0,29.433,29.547,-
0,741,1785688856.713714,1785688856.713827,1785688856.743050,200,4474,3b822f7c-7c99-414e-8a24-7587c8ed9e20,0,29.223,29.336,-
1,741,1785688856.763714,1785688856.763829,1785688856.793251,200,4474,494423aa-20fb-46c8-84d7-f142e8e7f2e7,0,29.423,29.537,-
0,742,1785688856.813714,1785688856.813826,1785688856.843570,200,4474,8d0e9540-fef3-4420-a60c-2cf85803557d,0,29.744,29.856,-
1,742,1785688856.863714,1785688856.863828,1785688856.893274,200,4474,499de36b-433d-459b-8f9e-5b64c1fe0ed5,0,29.446,29.560,-
0,743,1785688856.913714,1785688856.913826,1785688856.944116,200,4474,bf0a01b8-0bdf-49f2-a878-2b4d6f235413,0,30.290,30.401,-
1,743,1785688856.963714,1785688856.963828,1785688856.993401,200,4474,6732ed36-4bb1-4187-aee6-d562803e7890,0,29.573,29.687,-
0,744,1785688857.013714,1785688857.013826,1785688857.043393,200,4474,8d85eba4-0fa1-4718-a064-2e7f30b45dbc,0,29.567,29.678,-
1,744,1785688857.063714,1785688857.063828,1785688857.093339,200,4474,757baa89-dfd0-4866-9249-2257e152f280,0,29.511,29.625,-
0,745,1785688857.113714,1785688857.113829,1785688857.143497,200,4474,6ebb0ec9-954f-4725-b18d-0d8d1e2dfa5b,0,29.668,29.783,-
1,745,1785688857.163714,1785688857.163827,1785688857.193525,200,4474,efe1507a-436b-4440-b48a-b3ac0f5fbe66,0,29.698,29.811,-
0,746,1785688857.213714,1785688857.213836,1785688857.243304,200,4474,ad9f5b7d-7b3a-4f47-bdd0-d6350b802efe,0,29.468,29.590,-
1,746,1785688857.263714,1785688857.263828,1785688857.293642,200,4474,82e2c3f9-78b9-42ff-b582-eab15dd7a40d,0,29.814,29.927,-
0,747,1785688857.313714,1785688857.313837,1785688857.343229,200,4474,0e3e9db0-cc32-45b8-9ac6-2b036a703d6a,0,29.391,29.514,-
1,747,1785688857.363714,1785688857.363833,1785688857.393512,200,4474,08d1dfb8-121d-4276-9ca0-665ab1f774aa,0,29.679,29.798,-
0,748,1785688857.413714,1785688857.413826,1785688857.443240,200,4474,b54bba59-1874-44e7-af82-ff0953f0bb09,0,29.414,29.526,-
1,748,1785688857.463714,1785688857.463829,1785688857.493588,200,4474,d9d907ed-1cdb-4d8d-b902-049c1f807163,0,29.759,29.874,-
0,749,1785688857.513714,1785688857.513830,1785688857.543411,200,4474,0e48b2dc-43e8-4308-a6db-e9f50ec9777f,0,29.581,29.696,-
1,749,1785688857.563714,1785688857.563828,1785688857.593296,200,4474,9d060d7b-9368-4851-b0ea-6dadbe6b1eb0,0,29.468,29.582,-
0,750,1785688857.613714,1785688857.613828,1785688857.643532,200,4474,46368b89-e91c-41d0-98df-24de691c2861,0,29.704,29.818,-
1,750,1785688857.663714,1785688857.663833,1785688857.693597,200,4474,3a9ec975-a113-4ddb-b2e0-89ea9d5a36e8,0,29.764,29.883,-
0,751,1785688857.713714,1785688857.713835,1785688857.743611,200,4474,ba274553-d4a7-42ed-9692-8388287001f3,0,29.776,29.897,-
1,751,1785688857.763714,1785688857.763833,1785688857.793304,200,4474,c8e95f5f-4aa5-426f-ae5c-4fd72c02a960,0,29.472,29.590,-
0,752,1785688857.813714,1785688857.813828,1785688857.843647,200,4474,c2e9fe67-1e02-41d6-b61a-81b05d68483d,0,29.818,29.932,-
1,752,1785688857.863714,1785688857.863829,1785688857.893284,200,4474,28101c9b-3c91-440e-b51b-df84b3ed0454,0,29.455,29.570,-
0,753,1785688857.913714,1785688857.913835,1785688857.943233,200,4474,63678a4c-2fb5-4a98-834a-4136b8dfdc4b,0,29.398,29.519,-
1,753,1785688857.963714,1785688857.963829,1785688857.993666,200,4474,ae1272dc-f4b7-4f64-be8a-c8d52bff455b,0,29.837,29.952,-
0,754,1785688858.013714,1785688858.013827,1785688858.043353,200,4474,849c6d2b-faeb-4b3d-9da8-75e07d062ddf,0,29.526,29.639,-
1,754,1785688858.063714,1785688858.063826,1785688858.093747,200,4474,04df92bf-ba98-4f40-b00c-5e4eec5335bc,0,29.921,30.033,-
0,755,1785688858.113714,1785688858.113827,1785688858.146145,200,4474,511ca4ad-8150-463b-86a1-e6f8d0c05394,0,32.318,32.431,-
1,755,1785688858.163714,1785688858.163828,1785688858.193718,200,4474,caf55c8f-f3ad-43c6-b515-e422ec80b901,0,29.890,30.004,-
0,756,1785688858.213714,1785688858.213823,1785688858.243849,200,4474,3de369e2-b458-4893-944a-05c801aa2cfb,0,30.025,30.135,-
1,756,1785688858.263714,1785688858.263829,1785688858.293386,200,4474,b40ad8e7-7226-4e24-bdc9-3a0b8823492e,0,29.557,29.672,-
0,757,1785688858.313714,1785688858.313829,1785688858.343338,200,4474,04a757e3-f756-43c3-8175-6c5a430f2b53,0,29.509,29.624,-
1,757,1785688858.363714,1785688858.363827,1785688858.393590,200,4474,c975853f-3944-4cae-8397-c6a63bd67c55,0,29.763,29.876,-
0,758,1785688858.413714,1785688858.413828,1785688858.443305,200,4474,87c53256-70bc-43e5-b9d5-5baaf7d5ff8f,0,29.477,29.591,-
1,758,1785688858.463714,1785688858.463827,1785688858.493863,200,4474,11a52b5a-9785-486b-803a-e11d5f90704a,0,30.036,30.149,-
0,759,1785688858.513714,1785688858.513828,1785688858.543561,200,4474,bcd6d6c6-5ac6-478b-9263-e00a3a89cd8b,0,29.732,29.846,-
1,759,1785688858.563714,1785688858.563825,1785688858.593669,200,4474,d41c3971-e452-4a5c-957a-f2a2578a66c4,0,29.844,29.955,-
0,760,1785688858.613714,1785688858.613832,1785688858.643273,200,4474,dcb97bb0-0582-4465-baa1-8e024c785473,0,29.441,29.558,-
1,760,1785688858.663714,1785688858.663830,1785688858.693254,200,4474,7e28284f-302e-4378-9af6-26efcf3c29b1,0,29.424,29.540,-
0,761,1785688858.713714,1785688858.713828,1785688858.743046,200,4474,3a173e51-e472-4c6e-9d37-618232c3e529,0,29.218,29.331,-
1,761,1785688858.763714,1785688858.763836,1785688858.793921,200,4474,64762366-2ab5-4849-9299-65172398fe63,0,30.085,30.207,-
0,762,1785688858.813714,1785688858.813828,1785688858.843359,200,4474,8008cf00-1473-4e24-b0e9-e7e3508b8f7f,0,29.530,29.644,-
1,762,1785688858.863714,1785688858.863828,1785688858.893234,200,4474,943dfc03-b36f-4a60-b394-9d68f84f21bf,0,29.406,29.520,-
0,763,1785688858.913714,1785688858.913826,1785688858.943583,200,4474,d304b738-7cef-4161-9ab9-735d8bc598ad,0,29.757,29.869,-
1,763,1785688858.963714,1785688858.963828,1785688858.993292,200,4474,608d8363-ce5c-42fe-97de-61d3dfe71a51,0,29.464,29.578,-
0,764,1785688859.013714,1785688859.013827,1785688859.043333,200,4474,a21a309c-a888-404d-9a96-c3de16bf04ab,0,29.506,29.619,-
1,764,1785688859.063714,1785688859.063828,1785688859.093510,200,4474,490cfd6e-ee95-4167-8fc2-e21e8736a2bc,0,29.682,29.796,-
0,765,1785688859.113714,1785688859.113827,1785688859.143246,200,4474,6c1dc8c5-fb6f-4035-86a4-e187e739edc9,0,29.419,29.532,-
1,765,1785688859.163714,1785688859.163828,1785688859.193525,200,4474,eec38ec1-ef9c-4279-b170-0c3cede2f4e4,0,29.696,29.810,-
0,766,1785688859.213714,1785688859.213829,1785688859.243402,200,4474,39263b6d-fb68-4a0d-bff3-75f2f6d7ca3d,0,29.573,29.688,-
1,766,1785688859.263714,1785688859.263830,1785688859.293272,200,4474,5ae83729-9982-4c89-89ad-4ac4d06d85e8,0,29.442,29.558,-
0,767,1785688859.313714,1785688859.313828,1785688859.343465,200,4474,b532ebd9-7e78-4e5e-9aa5-21f1d0fac8dd,0,29.638,29.751,-
1,767,1785688859.363714,1785688859.363827,1785688859.394076,200,4474,4870e755-464d-4678-8518-115de1f804ae,0,30.249,30.362,-
0,768,1785688859.413714,1785688859.413857,1785688859.443591,200,4474,b6b16f7e-a15e-4ba0-a3c4-1ee521c65eca,0,29.734,29.877,-
1,768,1785688859.463714,1785688859.463845,1785688859.493253,200,4474,7e1d2ce7-f6d1-4034-a82f-4cc33f5e008c,0,29.408,29.538,-
0,769,1785688859.513714,1785688859.513834,1785688859.543187,200,4474,895779d9-cb9c-473d-a2f7-e927770c4981,0,29.353,29.473,-
1,769,1785688859.563714,1785688859.563829,1785688859.593198,200,4474,a380f11d-3486-46d2-af20-a61389a32f6f,0,29.369,29.484,-
0,770,1785688859.613714,1785688859.613827,1785688859.643265,200,4474,b3e65776-455d-4bb4-a255-d9f3b7fee858,0,29.439,29.551,-
1,770,1785688859.663714,1785688859.663830,1785688859.694095,200,4474,7fce3fe3-0532-4fb7-a83e-de3f39e0d147,0,30.266,30.381,-
0,771,1785688859.713714,1785688859.713829,1785688859.743242,200,4474,d45f10c0-77f9-4c8a-baf5-9cc02e9def03,0,29.414,29.528,-
1,771,1785688859.763714,1785688859.763826,1785688859.793306,200,4474,d52ed826-651b-4fd4-9302-4ce16726ad2f,0,29.480,29.592,-
0,772,1785688859.813714,1785688859.813826,1785688859.843520,200,4474,15e18845-63f7-47d1-b41d-0cb3d8c31332,0,29.694,29.805,-
1,772,1785688859.863714,1785688859.863830,1785688859.893594,200,4474,e9c80034-87d1-47bb-be74-0fbd3050a2a4,0,29.764,29.880,-
0,773,1785688859.913714,1785688859.913838,1785688859.943257,200,4474,e3b87b97-9149-4a91-bdee-d341495b623b,0,29.419,29.543,-
1,773,1785688859.963714,1785688859.963832,1785688859.994358,200,4474,58374b7d-591a-427e-a621-9b085f7d70d0,0,30.526,30.644,-
0,774,1785688860.013714,1785688860.013853,1785688860.043586,200,4474,ef1cf93e-3a78-499f-aff9-07ba03d63b08,0,29.733,29.872,-
1,774,1785688860.063714,1785688860.063825,1785688860.093338,200,4474,fa24fff6-9c6f-4851-b120-02917b49a918,0,29.513,29.624,-
0,775,1785688860.113714,1785688860.113829,1785688860.143225,200,4474,74636ce9-86fd-4cba-875c-9b0e38fd8b7a,0,29.396,29.511,-
1,775,1785688860.163714,1785688860.163830,1785688860.193162,200,4474,93588910-9e94-4938-915d-d80963c6ffea,0,29.332,29.448,-
0,776,1785688860.213714,1785688860.213827,1785688860.243349,200,4474,586f9447-d159-41d0-877d-5e3ea235ce8d,0,29.521,29.635,-
1,776,1785688860.263714,1785688860.263835,1785688860.293859,200,4474,030194b4-8372-40c1-981a-6aed62ba82f6,0,30.025,30.145,-
0,777,1785688860.313714,1785688860.313831,1785688860.343221,200,4474,581f5f3e-cd21-445a-adc4-f519375a08b6,0,29.390,29.507,-
1,777,1785688860.363714,1785688860.363831,1785688860.393174,200,4474,3139f036-0982-41ab-be23-7e33b4718dcf,0,29.344,29.460,-
0,778,1785688860.413714,1785688860.413826,1785688860.443031,200,4474,1a8b633b-6215-4b69-a842-ad7e81eaec06,0,29.205,29.317,-
1,778,1785688860.463714,1785688860.463830,1785688860.493219,200,4474,bc999521-1e98-4b0a-b6d7-b73c0809807d,0,29.389,29.505,-
0,779,1785688860.513714,1785688860.513832,1785688860.543204,200,4474,295dce76-f3f5-4d60-9246-2aba1d82bfdb,0,29.372,29.489,-
1,779,1785688860.563714,1785688860.563825,1785688860.594729,200,4474,85eea35b-7131-4204-8c5a-abf4dec45b0e,0,30.904,31.015,-
0,780,1785688860.613714,1785688860.613827,1785688860.643308,200,4474,713d7e36-825e-410d-8718-ee9ae40a1c0c,0,29.481,29.594,-
1,780,1785688860.663714,1785688860.663826,1785688860.693196,200,4474,6ff8c302-3948-4475-aae4-46f66859f1a5,0,29.369,29.482,-
0,781,1785688860.713714,1785688860.713825,1785688860.743315,200,4474,f870f70a-d418-4160-951e-c13e368b83e3,0,29.490,29.601,-
1,781,1785688860.763714,1785688860.763829,1785688860.793932,200,4474,e1fa415a-7978-45ce-b8e9-b6346c47b218,0,30.103,30.218,-
0,782,1785688860.813714,1785688860.813828,1785688860.843358,200,4474,f10ac87a-506d-4955-8f3d-1490919360f8,0,29.530,29.644,-
1,782,1785688860.863714,1785688860.863828,1785688860.893850,200,4474,c448ad36-9cf4-4d26-8d1f-e3a3a0dd113c,0,30.022,30.136,-
0,783,1785688860.913714,1785688860.913826,1785688860.943219,200,4474,0767c869-7507-4ba5-bd57-24fed8dc0b5c,0,29.393,29.505,-
1,783,1785688860.963714,1785688860.963830,1785688860.993245,200,4474,11101f2b-87de-4abc-a6f7-19a43acab6cb,0,29.415,29.531,-
0,784,1785688861.013714,1785688861.013825,1785688861.043329,200,4474,549c4fb1-6fca-4fc7-8725-7fb5aff5704d,0,29.504,29.615,-
1,784,1785688861.063714,1785688861.063792,1785688861.093288,200,4474,45ca58c0-60b5-4cbf-ac4e-0ce3b73ddfc1,0,29.497,29.574,-
0,785,1785688861.113714,1785688861.113830,1785688861.143266,200,4474,ec47c96e-ca76-4947-8576-7149907e30fb,0,29.436,29.552,-
1,785,1785688861.163714,1785688861.163829,1785688861.194005,200,4474,c4b66be5-716d-4690-a2e9-034835d0c13a,0,30.176,30.291,-
0,786,1785688861.213714,1785688861.213840,1785688861.243557,200,4474,6f1de011-916c-427b-a8ec-54da4796f924,0,29.717,29.843,-
1,786,1785688861.263714,1785688861.263829,1785688861.293656,200,4474,b4dafcd1-6c90-4183-bc9c-3f48a6f90a60,0,29.827,29.942,-
0,787,1785688861.313714,1785688861.313828,1785688861.343221,200,4474,8631bf86-75da-44a0-9a1a-d10790745af9,0,29.394,29.507,-
1,787,1785688861.363714,1785688861.363831,1785688861.393186,200,4474,c2e66258-4c78-4e94-87af-946521e0a40c,0,29.356,29.472,-
0,788,1785688861.413714,1785688861.413827,1785688861.443234,200,4474,16a234d8-703c-42c4-9646-27b5b8fc6df5,0,29.407,29.520,-
1,788,1785688861.463714,1785688861.463833,1785688861.493582,200,4474,0084a808-b241-44ee-b477-2410066876ae,0,29.748,29.867,-
0,789,1785688861.513714,1785688861.513833,1785688861.543190,200,4474,2d78b0a3-2300-4b88-8aa4-ee1055dc462f,0,29.357,29.476,-
1,789,1785688861.563714,1785688861.563831,1785688861.593158,200,4474,9fca73ec-9f26-4d25-90b1-e2a3e8ef26c6,0,29.328,29.444,-
0,790,1785688861.613714,1785688861.613831,1785688861.643484,200,4474,959b352d-b748-41e5-a017-123cde2115e9,0,29.653,29.770,-
1,790,1785688861.663714,1785688861.663839,1785688861.693156,200,4474,edbc956c-ad5b-43dc-8d15-af36ad6bd9ec,0,29.317,29.442,-
0,791,1785688861.713714,1785688861.713826,1785688861.743435,200,4474,73364083-b432-4f83-9bf8-33f6cb96dbe1,0,29.608,29.721,-
1,791,1785688861.763714,1785688861.763829,1785688861.793797,200,4474,b1c20987-f10a-47cc-a4ee-8a0f2b7862f2,0,29.968,30.083,-
0,792,1785688861.813714,1785688861.813828,1785688861.843401,200,4474,0c1ca9f9-d478-4ba2-986b-50fb1c4762be,0,29.573,29.687,-
1,792,1785688861.863714,1785688861.863829,1785688861.893219,200,4474,d6ad44b8-dd2d-4203-a6e8-6a5fa21c41af,0,29.390,29.505,-
0,793,1785688861.913714,1785688861.913829,1785688861.943269,200,4474,3854f33c-0db1-48c9-ad51-57d1639e8737,0,29.440,29.554,-
1,793,1785688861.963714,1785688861.963830,1785688861.993985,200,4474,d2666582-a152-48c7-a64f-25c303034008,0,30.155,30.271,-
0,794,1785688862.013714,1785688862.013824,1785688862.046843,200,4474,8b789a80-9d52-4a7b-ad92-64a4cc185612,0,33.019,33.129,-
1,794,1785688862.063714,1785688862.063825,1785688862.093678,200,4474,4d725f90-aeeb-4138-a697-34b4f949d48b,0,29.853,29.964,-
0,795,1785688862.113714,1785688862.113822,1785688862.143311,200,4474,1b5deccb-396d-4040-a4db-55e154d4102c,0,29.489,29.597,-
1,795,1785688862.163714,1785688862.163831,1785688862.193213,200,4474,f4c9cd68-eaa0-45d7-9e67-e177e65b3c8e,0,29.382,29.499,-
0,796,1785688862.213714,1785688862.213827,1785688862.243295,200,4474,3043979f-2520-4908-a3e8-165862c99387,0,29.468,29.581,-
1,796,1785688862.263714,1785688862.263834,1785688862.293367,200,4474,7ffbd033-adad-4919-b4ce-81ab61a3e5c8,0,29.533,29.653,-
0,797,1785688862.313714,1785688862.313827,1785688862.343539,200,4474,19039060-bc72-4597-91f9-027cd943a600,0,29.711,29.824,-
1,797,1785688862.363714,1785688862.363831,1785688862.393598,200,4474,456d65d4-07c6-4224-95e7-aa873aa2424e,0,29.767,29.884,-
0,798,1785688862.413714,1785688862.413825,1785688862.443326,200,4474,9af09da0-096c-4a56-a1f5-de4e39150621,0,29.500,29.611,-
1,798,1785688862.463714,1785688862.463825,1785688862.493511,200,4474,c5bdf107-174c-4caf-8e0e-5d568540294a,0,29.686,29.797,-
0,799,1785688862.513714,1785688862.513829,1785688862.543201,200,4474,e8c8dc74-ef1d-4875-aff3-6e8c53ad077d,0,29.373,29.487,-
1,799,1785688862.563714,1785688862.563825,1785688862.593490,200,4474,4613f41d-b601-4b84-90bd-56aa741cdea8,0,29.665,29.776,-
0,800,1785688862.613714,1785688862.613827,1785688862.643653,200,4474,5c65109b-6e5a-4628-a846-7347d86693f4,0,29.826,29.939,-
1,800,1785688862.663714,1785688862.663831,1785688862.693339,200,4474,f9b9f5b9-b850-47c9-a2e8-6ec49db1a323,0,29.508,29.625,-
0,801,1785688862.713714,1785688862.713830,1785688862.743210,200,4474,059521ae-3b4d-4ca1-9af2-7822874d1d4c,0,29.380,29.496,-
1,801,1785688862.763714,1785688862.763830,1785688862.792968,200,4474,e16c29ae-794c-4ad3-9b4c-ec2a1d4347fb,0,29.138,29.254,-
0,802,1785688862.813714,1785688862.813847,1785688862.843299,200,4474,bf29b0f0-7b41-4110-b136-28c5c7d4bdf0,0,29.453,29.585,-
1,802,1785688862.863714,1785688862.863828,1785688862.893694,200,4474,23fc6b2c-0408-43d3-b67c-10d579d79ad6,0,29.866,29.980,-
0,803,1785688862.913714,1785688862.913825,1785688862.943285,200,4474,f78a38f2-1ea4-45c1-a619-506d4354c162,0,29.460,29.571,-
1,803,1785688862.963714,1785688862.963829,1785688862.993780,200,4474,7400fd21-3eea-40dd-87c9-b8670e25bbdc,0,29.951,30.066,-
0,804,1785688863.013714,1785688863.013827,1785688863.043390,200,4474,c35f3541-8d05-42cc-a9f4-a7a736bd4ebb,0,29.563,29.676,-
1,804,1785688863.063714,1785688863.063827,1785688863.093318,200,4474,986976b8-370a-494a-9f55-2d2dbd80bd19,0,29.491,29.604,-
0,805,1785688863.113714,1785688863.113831,1785688863.143536,200,4474,d8d21c9d-200e-4c51-b6a6-13e28f3ed603,0,29.704,29.821,-
1,805,1785688863.163714,1785688863.163827,1785688863.193638,200,4474,73b31142-d3c5-4eb5-a997-b3e8db55b75a,0,29.811,29.924,-
0,806,1785688863.213714,1785688863.213829,1785688863.243193,200,4474,17067cdd-bc00-4164-8abf-4325f5cc53d1,0,29.364,29.479,-
1,806,1785688863.263714,1785688863.263827,1785688863.293909,200,4474,9919e04a-1eb4-4439-87ec-685213f818b5,0,30.082,30.195,-
0,807,1785688863.313714,1785688863.313828,1785688863.343307,200,4474,99779c9c-1c54-4ae6-92c4-3fce0a49a79b,0,29.480,29.593,-
1,807,1785688863.363714,1785688863.363827,1785688863.393303,200,4474,56dd8591-a39d-4530-8e6f-35da8b8db482,0,29.476,29.589,-
0,808,1785688863.413714,1785688863.413828,1785688863.443629,200,4474,4462c2ba-b0c5-4fc8-9478-c42786f026ef,0,29.801,29.914,-
1,808,1785688863.463714,1785688863.463829,1785688863.493275,200,4474,37a280db-1223-4450-b7c1-9d7616b3ebfc,0,29.446,29.561,-
0,809,1785688863.513714,1785688863.513827,1785688863.543284,200,4474,7e8d6cfb-155f-49f4-b3d0-705a437ab761,0,29.457,29.569,-
1,809,1785688863.563714,1785688863.563825,1785688863.593344,200,4474,83a8956e-0232-4559-8631-d502677c8cd9,0,29.519,29.630,-
0,810,1785688863.613714,1785688863.613827,1785688863.643453,200,4474,9702218f-e7fd-459d-97d3-b8aea1856414,0,29.626,29.738,-
1,810,1785688863.663714,1785688863.663826,1785688863.693496,200,4474,ddeb043a-def5-4759-9588-78ec3b0d225d,0,29.670,29.782,-
0,811,1785688863.713714,1785688863.713825,1785688863.743612,200,4474,977dd45f-0021-4575-84a0-d1aa9259dfcd,0,29.786,29.897,-
1,811,1785688863.763714,1785688863.763826,1785688863.793190,200,4474,fe35ceea-fbea-4f03-a61d-073143dbe023,0,29.364,29.476,-
0,812,1785688863.813714,1785688863.813827,1785688863.843310,200,4474,867fd090-5d30-4fa0-87f9-d08f6b70ac5b,0,29.483,29.595,-
1,812,1785688863.863714,1785688863.863829,1785688863.893229,200,4474,b93712bc-32db-4e96-8e55-6a8e963d1081,0,29.400,29.515,-
0,813,1785688863.913714,1785688863.913826,1785688863.943585,200,4474,896896c7-0357-486c-bea7-c323a0d2ce09,0,29.760,29.871,-
1,813,1785688863.963714,1785688863.963828,1785688863.993943,200,4474,cb1f71f2-cc80-4248-898d-80a84de8c999,0,30.115,30.229,-
0,814,1785688864.013714,1785688864.013828,1785688864.043965,200,4474,16a168d8-1cdc-42e8-a6a1-c0dda3f0e170,0,30.137,30.251,-
1,814,1785688864.063714,1785688864.063825,1785688864.093305,200,4474,c4552f66-e7fb-4141-a6b6-b1342e4e882f,0,29.481,29.591,-
0,815,1785688864.113714,1785688864.113826,1785688864.143223,200,4474,60f3d169-4c81-45d2-af0f-380ea622ce6c,0,29.397,29.509,-
1,815,1785688864.163714,1785688864.163827,1785688864.193256,200,4474,14bc4246-9b78-44d9-aa34-87def92e790d,0,29.430,29.542,-
0,816,1785688864.213714,1785688864.213825,1785688864.243217,200,4474,84323931-f1d9-43cf-94db-0072bfe057c3,0,29.392,29.503,-
1,816,1785688864.263714,1785688864.263825,1785688864.293233,200,4474,7a0caf28-7f2c-404b-9696-3e3ababb9d33,0,29.408,29.519,-
0,817,1785688864.313714,1785688864.313828,1785688864.344252,200,4474,6011ba45-ac52-4ff8-a727-f6b6075a5f95,0,30.425,30.538,-
1,817,1785688864.363714,1785688864.363828,1785688864.393875,200,4474,45d32932-6287-49cc-86c9-789783a9ce58,0,30.047,30.161,-
0,818,1785688864.413714,1785688864.413826,1785688864.443603,200,4474,6b024611-1069-40cd-8312-075d26d8c66c,0,29.777,29.889,-
1,818,1785688864.463714,1785688864.463827,1785688864.493639,200,4474,466eba25-c079-4eeb-8944-7afe75867264,0,29.812,29.924,-
0,819,1785688864.513714,1785688864.513829,1785688864.543312,200,4474,0e8e96cd-d3a6-4f68-aef3-2e75ab6c2f94,0,29.484,29.598,-
1,819,1785688864.563714,1785688864.563824,1785688864.593077,200,4474,ce1abd40-e554-45ce-acd5-63a88354200a,0,29.253,29.363,-
0,820,1785688864.613714,1785688864.613827,1785688864.643830,200,4474,a2d26280-fe49-43bb-8799-a20a8da0e627,0,30.002,30.115,-
1,820,1785688864.663714,1785688864.663828,1785688864.693243,200,4474,c41a3b72-aaa1-49ba-84f3-ebf63ac3d6af,0,29.415,29.529,-
0,821,1785688864.713714,1785688864.713825,1785688864.743351,200,4474,1b61e643-48fc-4279-998a-6c02d9fc4dfa,0,29.525,29.637,-
1,821,1785688864.763714,1785688864.763828,1785688864.793174,200,4474,64d74566-591e-4960-a155-4cdc103934f0,0,29.346,29.460,-
0,822,1785688864.813714,1785688864.813824,1785688864.843277,200,4474,ab0f0fdc-436b-489b-8e78-6901215f667f,0,29.452,29.562,-
1,822,1785688864.863714,1785688864.863828,1785688864.893419,200,4474,775ae70b-a7a0-4ebc-ac6d-66d17b923829,0,29.591,29.705,-
0,823,1785688864.913714,1785688864.913825,1785688864.943591,200,4474,357af2fb-65bd-4a24-9ce1-63e2f75e0e73,0,29.765,29.876,-
1,823,1785688864.963714,1785688864.963828,1785688864.994591,200,4474,4aab5015-dc88-4a06-ae55-5a63216f7c9b,0,30.762,30.877,-
0,824,1785688865.013714,1785688865.013826,1785688865.043375,200,4474,6d4388bd-599a-4010-94f5-5a9dfac2d70f,0,29.550,29.661,-
1,824,1785688865.063714,1785688865.063825,1785688865.093244,200,4474,a700c27a-eeb6-40f2-b019-cb37a83bf72b,0,29.418,29.529,-
0,825,1785688865.113714,1785688865.113827,1785688865.143292,200,4474,97096298-c274-4093-a97b-e66448934d6c,0,29.465,29.577,-
1,825,1785688865.163714,1785688865.163826,1785688865.193242,200,4474,ada8e722-3b79-4411-b530-0572ce34cb5a,0,29.415,29.528,-
0,826,1785688865.213714,1785688865.213828,1785688865.243609,200,4474,7c870ad3-6b90-4863-81a8-60be226a8164,0,29.781,29.895,-
1,826,1785688865.263714,1785688865.263828,1785688865.293457,200,4474,d4677879-0f9a-4050-9e96-487882498195,0,29.628,29.742,-
0,827,1785688865.313714,1785688865.313826,1785688865.343385,200,4474,312bfbad-3475-422d-8ae6-38189b850569,0,29.558,29.670,-
1,827,1785688865.363714,1785688865.363825,1785688865.393529,200,4474,3f1107b5-b326-4ee3-8425-8bd887394123,0,29.704,29.815,-
0,828,1785688865.413714,1785688865.413828,1785688865.443180,200,4474,c0550196-caf2-4c28-88be-2ceb853fafd2,0,29.352,29.466,-
1,828,1785688865.463714,1785688865.463827,1785688865.493010,200,4474,62ba133e-9291-4828-be07-4ab1598b64ac,0,29.184,29.296,-
0,829,1785688865.513714,1785688865.513828,1785688865.544004,200,4474,cc5da3d8-c0fa-4cf5-86d1-04252f13d324,0,30.177,30.290,-
1,829,1785688865.563714,1785688865.563828,1785688865.593142,200,4474,d2b696ba-da37-465b-9483-a63166cb1bae,0,29.314,29.428,-
0,830,1785688865.613714,1785688865.613828,1785688865.643369,200,4474,90c4b8b0-2505-40d1-8d7e-e2340a95d956,0,29.540,29.655,-
1,830,1785688865.663714,1785688865.663827,1785688865.693089,200,4474,9867676e-3de4-4269-a72a-90bb5102ef7c,0,29.262,29.374,-
0,831,1785688865.713714,1785688865.713826,1785688865.743302,200,4474,9e45c02c-97c5-49cf-a6d1-953c6e7408f9,0,29.476,29.588,-
1,831,1785688865.763714,1785688865.763838,1785688865.793425,200,4474,9a988ae3-8a02-4921-b567-32fe9d4bb86a,0,29.587,29.711,-
0,832,1785688865.813714,1785688865.813827,1785688865.843805,200,4474,50138b49-7a15-479e-a937-784b590fad68,0,29.978,30.091,-
1,832,1785688865.863714,1785688865.863830,1785688865.893210,200,4474,0954bbd9-2cba-40cf-a280-ffdb57ce6e66,0,29.380,29.496,-
0,833,1785688865.913714,1785688865.913828,1785688865.943684,200,4474,2f87266a-5282-4924-b792-39e952451ed4,0,29.856,29.970,-
1,833,1785688865.963714,1785688865.963837,1785688865.993440,200,4474,17351801-28ed-440b-b51b-05fdbaa8170d,0,29.603,29.726,-
0,834,1785688866.013714,1785688866.013826,1785688866.043358,200,4474,2d4ffb45-6ada-4a70-adc7-d2d8f30bc057,0,29.531,29.644,-
1,834,1785688866.063714,1785688866.063825,1785688866.093398,200,4474,446cb658-4dc4-474c-9c00-de7976e3a00d,0,29.573,29.684,-
0,835,1785688866.113714,1785688866.113825,1785688866.143328,200,4474,6c3d50ec-e7f2-417f-a678-ddafc779db3b,0,29.503,29.614,-
1,835,1785688866.163714,1785688866.163829,1785688866.193226,200,4474,73f52e7e-c114-46e1-bf6e-86f8bace6478,0,29.397,29.512,-
0,836,1785688866.213714,1785688866.213827,1785688866.243354,200,4474,fa3b6897-66f8-4670-895c-99054ae9e21a,0,29.527,29.640,-
1,836,1785688866.263714,1785688866.263828,1785688866.293775,200,4474,381667a4-0397-42be-9b60-de552c6a8fc0,0,29.947,30.061,-
0,837,1785688866.313714,1785688866.313824,1785688866.343353,200,4474,238b3460-3434-433d-97d7-588271541c72,0,29.529,29.639,-
1,837,1785688866.363714,1785688866.363826,1785688866.393270,200,4474,897a4bfd-8072-40e7-9e8e-6756d9b4f2fc,0,29.444,29.556,-
0,838,1785688866.413714,1785688866.413826,1785688866.443389,200,4474,b63f77f4-6da2-401b-bf1e-db6f39ae7318,0,29.563,29.675,-
1,838,1785688866.463714,1785688866.463827,1785688866.493243,200,4474,ad2b3d09-ad9f-4477-b0b1-c86b58ba4290,0,29.416,29.529,-
0,839,1785688866.513714,1785688866.513827,1785688866.543369,200,4474,b6820fdc-991c-47d9-a4d4-830ff1233d60,0,29.542,29.655,-
1,839,1785688866.563714,1785688866.563833,1785688866.593237,200,4474,ec29584c-fdf9-442b-a3b5-1cfcc87cb333,0,29.404,29.523,-
0,840,1785688866.613714,1785688866.613825,1785688866.643800,200,4474,315b6b16-95c5-4b4e-a704-0520f444b893,0,29.975,30.085,-
1,840,1785688866.663714,1785688866.663830,1785688866.694009,200,4474,1a97802c-0af4-4fdc-a77d-6f7a80e92a6f,0,30.179,30.295,-
0,841,1785688866.713714,1785688866.713829,1785688866.743841,200,4474,02fb7fdc-03ac-4261-a9d3-4ce9d56ebc42,0,30.012,30.127,-
1,841,1785688866.763714,1785688866.763840,1785688866.793180,200,4474,74a6b02c-7b58-4c85-9b85-159b8f7feca4,0,29.340,29.466,-
0,842,1785688866.813714,1785688866.813828,1785688866.843303,200,4474,9bd16386-f151-485e-a5c5-d10cd784bcc6,0,29.475,29.589,-
1,842,1785688866.863714,1785688866.863829,1785688866.893486,200,4474,e7140b56-1faf-42df-8474-ae1124e91b1c,0,29.657,29.772,-
0,843,1785688866.913714,1785688866.913828,1785688866.943497,200,4474,ae7b09d8-4779-4b0c-bf2f-bdb167a42c2e,0,29.669,29.783,-
1,843,1785688866.963714,1785688866.963838,1785688866.993741,200,4474,de8d5378-e81d-4857-ab21-aa6833ecacbd,0,29.903,30.027,-
0,844,1785688867.013714,1785688867.013828,1785688867.043656,200,4474,e6282896-4483-4be9-bb4d-53adadb424c8,0,29.828,29.942,-
1,844,1785688867.063714,1785688867.063838,1785688867.093215,200,4474,33f24f84-e1df-46d4-ba0b-9452280b5912,0,29.377,29.501,-
0,845,1785688867.113714,1785688867.113831,1785688867.143696,200,4474,3278700a-6d73-45c6-8731-d77774e8999b,0,29.866,29.982,-
1,845,1785688867.163714,1785688867.163830,1785688867.193225,200,4474,163a414a-f9a9-417e-9408-455aec98100a,0,29.395,29.511,-
0,846,1785688867.213714,1785688867.213827,1785688867.243169,200,4474,78e25c6b-16e4-418e-8032-112c9d2c55c0,0,29.341,29.454,-
1,846,1785688867.263714,1785688867.263826,1785688867.293967,200,4474,a837bf35-a74e-4bff-839f-596b4c328468,0,30.140,30.252,-
0,847,1785688867.313714,1785688867.313827,1785688867.343327,200,4474,e5458cef-b307-4ab3-bc86-440535a5bb99,0,29.499,29.612,-
1,847,1785688867.363714,1785688867.363827,1785688867.393069,200,4474,bebdc6fa-8c03-447f-ad7e-ed07f59ccbbc,0,29.242,29.354,-
0,848,1785688867.413714,1785688867.413825,1785688867.443258,200,4474,c692efde-8034-4055-b977-a5dfb8dffe74,0,29.433,29.544,-
1,848,1785688867.463714,1785688867.463829,1785688867.493882,200,4474,eeb63ff4-be4e-4956-b678-6605aae8a254,0,30.053,30.168,-
0,849,1785688867.513714,1785688867.513829,1785688867.543265,200,4474,5ee15b01-8dba-4c2e-b24e-703dc582c131,0,29.437,29.551,-
1,849,1785688867.563714,1785688867.563829,1785688867.593480,200,4474,fcd9a873-d546-4cea-a7a5-f59bd083a1ef,0,29.651,29.766,-
0,850,1785688867.613714,1785688867.613827,1785688867.643222,200,4474,54a4169f-003a-4cbe-a07e-423f9a43d77c,0,29.395,29.508,-
1,850,1785688867.663714,1785688867.663829,1785688867.693141,200,4474,b2f6c832-cc82-4d58-9120-d79b0d5691a2,0,29.311,29.427,-
0,851,1785688867.713714,1785688867.713826,1785688867.743300,200,4474,33020a63-41b5-4ae7-8fab-f1e1911407ff,0,29.474,29.586,-
1,851,1785688867.763714,1785688867.763824,1785688867.793163,200,4474,ecc6f385-20ab-4ed0-8e33-e23d3821b520,0,29.339,29.449,-
0,852,1785688867.813714,1785688867.813828,1785688867.843467,200,4474,ee7cbdae-0f02-4b97-a398-23ff8e2bae24,0,29.639,29.753,-
1,852,1785688867.863714,1785688867.863829,1785688867.893243,200,4474,642f8ee4-3775-488f-a30a-5a64ed4223a2,0,29.414,29.529,-
0,853,1785688867.913714,1785688867.913846,1785688867.943550,200,4474,625a7a97-33fa-4ea4-a8bb-e685c78615b0,0,29.704,29.836,-
1,853,1785688867.963714,1785688867.963831,1785688867.993710,200,4474,163f2291-fc7e-40cb-a052-dd202decb323,0,29.879,29.996,-
0,854,1785688868.013714,1785688868.013828,1785688868.044223,200,4474,f8821240-7b29-4e99-9d63-5ca3eebdc69f,0,30.396,30.509,-
1,854,1785688868.063714,1785688868.063829,1785688868.093338,200,4474,f9deacd8-679f-4254-89e7-012df056943e,0,29.509,29.624,-
0,855,1785688868.113714,1785688868.113827,1785688868.143774,200,4474,bb428752-851c-4e94-aae4-f96fdaf09b9d,0,29.948,30.060,-
1,855,1785688868.163714,1785688868.163837,1785688868.193353,200,4474,019cf6ab-b960-4ca3-8382-8a7cddeedbf9,0,29.516,29.639,-
0,856,1785688868.213714,1785688868.213825,1785688868.243258,200,4474,bcca80a7-59ff-46d4-a1b0-b32180a2091f,0,29.432,29.543,-
1,856,1785688868.263714,1785688868.263830,1785688868.293713,200,4474,76bdf5f3-9e70-45d3-a7da-bc70491a802c,0,29.883,29.999,-
0,857,1785688868.313714,1785688868.313836,1785688868.343389,200,4474,5867f793-5413-4946-a953-6e4e95dd6389,0,29.552,29.674,-
1,857,1785688868.363714,1785688868.363830,1785688868.393128,200,4474,bc1d6ecd-2f63-4e6c-9505-7c58f77ace18,0,29.298,29.413,-
0,858,1785688868.413714,1785688868.413828,1785688868.443971,200,4474,e6cb55d2-3845-400f-987f-a0d81f449997,0,30.143,30.257,-
1,858,1785688868.463714,1785688868.463830,1785688868.493124,200,4474,b00a993a-0d32-455f-ab1e-d49af2a49666,0,29.295,29.410,-
0,859,1785688868.513714,1785688868.513834,1785688868.543435,200,4474,689cef8e-0c90-42a1-91d8-4e512d90ff69,0,29.601,29.721,-
1,859,1785688868.563714,1785688868.563831,1785688868.593492,200,4474,8ad33837-56d6-4601-bb3e-30de409c074f,0,29.661,29.778,-
0,860,1785688868.613714,1785688868.613828,1785688868.643357,200,4474,738f825f-d6b2-46bd-80bd-f80348ae6227,0,29.529,29.643,-
1,860,1785688868.663714,1785688868.663826,1785688868.693420,200,4474,daba82d6-61b0-4ac0-ac20-63dc1d836e23,0,29.593,29.706,-
0,861,1785688868.713714,1785688868.713824,1785688868.743608,200,4474,48c748f4-f791-4956-a549-55f743a43e28,0,29.784,29.894,-
1,861,1785688868.763714,1785688868.763826,1785688868.793328,200,4474,3139c2d6-9d45-45e3-be87-a3c5d2cc774c,0,29.501,29.613,-
0,862,1785688868.813714,1785688868.813827,1785688868.843273,200,4474,2ddfb3b5-7732-49e5-9f5e-43894e4ff766,0,29.446,29.559,-
1,862,1785688868.863714,1785688868.863828,1785688868.893619,200,4474,d8a7b0eb-f266-45e7-91de-c3c621dde9de,0,29.791,29.905,-
0,863,1785688868.913714,1785688868.913826,1785688868.943263,200,4474,04eec4c2-f05e-4375-91b6-58d689b8b72d,0,29.436,29.548,-
1,863,1785688868.963714,1785688868.963831,1785688868.993430,200,4474,abb0a380-1a79-4036-8426-fcaf528c49ee,0,29.599,29.716,-
0,864,1785688869.013714,1785688869.013829,1785688869.043668,200,4474,fe778c99-d746-496c-a716-a18452e2f616,0,29.839,29.953,-
1,864,1785688869.063714,1785688869.063830,1785688869.093349,200,4474,43fb07ed-bd3d-4b3f-ad1a-8f6f28819e73,0,29.519,29.635,-
0,865,1785688869.113714,1785688869.113827,1785688869.143361,200,4474,b7e569cc-8ad5-4b25-b0d7-7656f901ece4,0,29.534,29.647,-
1,865,1785688869.163714,1785688869.163830,1785688869.193206,200,4474,5c1f14c3-b842-4ffb-bb95-135865dd9020,0,29.376,29.492,-
0,866,1785688869.213714,1785688869.213836,1785688869.244048,200,4474,cb93f5bd-459e-407f-9b95-d0a36e6b1530,0,30.212,30.334,-
1,866,1785688869.263714,1785688869.263837,1785688869.293647,200,4474,f34b52a2-9184-4ea1-9f48-9b1cf9f6e499,0,29.810,29.933,-
0,867,1785688869.313714,1785688869.313833,1785688869.344348,200,4474,f3537a53-3193-453c-9159-55e044f765b4,0,30.515,30.634,-
1,867,1785688869.363714,1785688869.363827,1785688869.393234,200,4474,1472c743-ec01-413e-a573-9fad5369fdfd,0,29.407,29.520,-
0,868,1785688869.413714,1785688869.413825,1785688869.443306,200,4474,8c8b7603-414b-47d1-b38b-bd68f8e89bae,0,29.481,29.592,-
1,868,1785688869.463714,1785688869.463827,1785688869.493240,200,4474,30a6d2d8-0293-4b7f-91dc-4e4b4799b11f,0,29.413,29.526,-
0,869,1785688869.513714,1785688869.513832,1785688869.543247,200,4474,adf66349-885b-4d00-b536-ecac350c4830,0,29.415,29.532,-
1,869,1785688869.563714,1785688869.563831,1785688869.593180,200,4474,2b8f7d9e-5278-474d-8cc9-6a20d9513e00,0,29.349,29.465,-
0,870,1785688869.613714,1785688869.613826,1785688869.643570,200,4474,7aa14ad1-794d-4bce-933d-0fa4654bcd2e,0,29.744,29.856,-
1,870,1785688869.663714,1785688869.663828,1785688869.693406,200,4474,c495466b-4171-4385-b42b-317937cb984c,0,29.578,29.692,-
0,871,1785688869.713714,1785688869.713827,1785688869.743082,200,4474,271d3eed-d1e4-4f19-9c2f-be8ffbf07499,0,29.254,29.368,-
1,871,1785688869.763714,1785688869.763827,1785688869.793244,200,4474,bdc0fb85-9f12-469b-b639-df4dc30d54a1,0,29.417,29.530,-
0,872,1785688869.813714,1785688869.813826,1785688869.843149,200,4474,913efbea-8767-4e80-889a-1f6c61a28293,0,29.323,29.435,-
1,872,1785688869.863714,1785688869.863831,1785688869.894317,200,4474,736e8c57-ef2f-464f-a68a-b67d7424bbeb,0,30.487,30.603,-
0,873,1785688869.913714,1785688869.913833,1785688869.943673,200,4474,f568e24b-cdb6-4c6e-b3f3-fd161859e5ac,0,29.840,29.959,-
1,873,1785688869.963714,1785688869.963830,1785688869.993564,200,4474,c21fe5a6-1942-4e69-b38e-2a0f898e2605,0,29.735,29.850,-
0,874,1785688870.013714,1785688870.013823,1785688870.043354,200,4474,9080a2fc-6711-4267-9cab-02e927422c71,0,29.531,29.639,-
1,874,1785688870.063714,1785688870.063829,1785688870.093628,200,4474,bde0f493-d5ab-47ae-acc1-e2a76cdde762,0,29.799,29.913,-
0,875,1785688870.113714,1785688870.113826,1785688870.143385,200,4474,a98d5e3f-cf5a-4091-a65a-98e6134348cf,0,29.560,29.671,-
1,875,1785688870.163714,1785688870.163829,1785688870.193569,200,4474,a3ab5fda-0701-4017-aa56-886e7366a17b,0,29.740,29.855,-
0,876,1785688870.213714,1785688870.213825,1785688870.243580,200,4474,21e18e4f-abf1-465a-a06f-3fe54b32d508,0,29.754,29.866,-
1,876,1785688870.263714,1785688870.263828,1785688870.293139,200,4474,2d11bbc0-827e-4563-bbb0-06bee16f991e,0,29.311,29.425,-
0,877,1785688870.313714,1785688870.313825,1785688870.343556,200,4474,b723e569-b91a-4ae0-ad2d-93e3bc5a61f2,0,29.731,29.842,-
1,877,1785688870.363714,1785688870.363829,1785688870.393708,200,4474,3a19817f-9271-4218-bf57-8d0c45e8df4c,0,29.878,29.993,-
0,878,1785688870.413714,1785688870.413826,1785688870.444109,200,4474,7207e5a5-c9b5-4fda-8517-25652d197a1e,0,30.283,30.395,-
1,878,1785688870.463714,1785688870.463829,1785688870.493953,200,4474,f341b575-2ade-4c3e-afbb-59e9b0e24485,0,30.124,30.239,-
0,879,1785688870.513714,1785688870.513827,1785688870.544121,200,4474,6e4c4a8f-2be5-4866-a00b-ef360f283c07,0,30.294,30.407,-
1,879,1785688870.563714,1785688870.563838,1785688870.593357,200,4474,b319661b-44ca-4345-aff0-2e6041dbd7df,0,29.519,29.643,-
0,880,1785688870.613714,1785688870.613828,1785688870.643355,200,4474,e5a169a6-2efe-4f65-b95a-68558adab211,0,29.526,29.640,-
1,880,1785688870.663714,1785688870.663830,1785688870.693120,200,4474,59d35e13-540d-4ccf-8381-fa3f42cb62dd,0,29.290,29.406,-
0,881,1785688870.713714,1785688870.713827,1785688870.743023,200,4474,b5054436-179e-41bb-a026-de2fc1096d80,0,29.196,29.309,-
1,881,1785688870.763714,1785688870.763829,1785688870.793254,200,4474,b1a5e5da-8d4f-4ef8-bfcf-f4cfb9660f43,0,29.425,29.540,-
0,882,1785688870.813714,1785688870.813829,1785688870.843560,200,4474,3bc97ca5-aac3-4eed-9752-4e3f6ba912a5,0,29.731,29.845,-
1,882,1785688870.863714,1785688870.863830,1785688870.893577,200,4474,c96751e3-823c-4137-9209-e63ee91c1ea8,0,29.747,29.863,-
0,883,1785688870.913714,1785688870.913829,1785688870.943251,200,4474,9b5b465d-519c-46e6-8155-80ad2b27b904,0,29.422,29.537,-
1,883,1785688870.963714,1785688870.963829,1785688870.993463,200,4474,f95bba90-1cf1-476d-a423-58e505b0b9ac,0,29.634,29.749,-
0,884,1785688871.013714,1785688871.013828,1785688871.043924,200,4474,d0b32c03-1e82-47f2-9a22-575962fe156f,0,30.095,30.209,-
1,884,1785688871.063714,1785688871.063833,1785688871.093327,200,4474,c8f13209-bf15-4f9d-afa1-41ef554f9dad,0,29.494,29.613,-
0,885,1785688871.113714,1785688871.113827,1785688871.143626,200,4474,cca672e1-4797-4c24-955b-4ca8c896979f,0,29.799,29.912,-
1,885,1785688871.163714,1785688871.163827,1785688871.193617,200,4474,69d873bb-b710-48e1-b509-f62060cdfa6b,0,29.789,29.903,-
0,886,1785688871.213714,1785688871.213827,1785688871.243292,200,4474,1abeb402-9f23-4dcd-9f5a-a221937c8d72,0,29.465,29.578,-
1,886,1785688871.263714,1785688871.263828,1785688871.293195,200,4474,5c426018-282a-4df9-abc8-b3da21102290,0,29.366,29.480,-
0,887,1785688871.313714,1785688871.313830,1785688871.343379,200,4474,89b8adae-d6f1-457a-9d02-c04eb21762b1,0,29.550,29.665,-
1,887,1785688871.363714,1785688871.363837,1785688871.393581,200,4474,be767bef-a8ed-4dc7-a6d1-f9719d6334ea,0,29.744,29.867,-
0,888,1785688871.413714,1785688871.413826,1785688871.443642,200,4474,51ee0753-ac51-47ba-860b-302e5aa1f24a,0,29.817,29.928,-
1,888,1785688871.463714,1785688871.463827,1785688871.493051,200,4474,9b699bb5-47a0-4ea1-aa39-a6eb98421298,0,29.224,29.337,-
0,889,1785688871.513714,1785688871.513824,1785688871.543128,200,4474,e6ec8320-e6a9-4105-8cbf-c0752828f3d4,0,29.304,29.413,-
1,889,1785688871.563714,1785688871.563838,1785688871.593573,200,4474,9e604915-62be-45d6-aa38-fee26fc2ac8c,0,29.735,29.859,-
0,890,1785688871.613714,1785688871.613828,1785688871.643666,200,4474,e0443ad8-7e7d-4eb1-856c-de9f39b392aa,0,29.838,29.952,-
1,890,1785688871.663714,1785688871.663830,1785688871.693095,200,4474,6d076c3b-02fa-47de-ae61-454213a53799,0,29.266,29.381,-
0,891,1785688871.713714,1785688871.713827,1785688871.743313,200,4474,8af156da-b587-4674-bb69-ee2d9c70d92c,0,29.486,29.599,-
1,891,1785688871.763714,1785688871.763831,1785688871.793334,200,4474,ed91e913-a1b6-45ae-9238-9dc29e4f5c49,0,29.503,29.620,-
0,892,1785688871.813714,1785688871.813829,1785688871.843560,200,4474,38cbd790-9679-4893-845d-086d18eeb180,0,29.731,29.846,-
1,892,1785688871.863714,1785688871.863829,1785688871.893727,200,4474,59a67af4-f1fd-4747-9864-75e33a72dbfb,0,29.898,30.013,-
0,893,1785688871.913714,1785688871.913826,1785688871.943242,200,4474,a7ef99d3-e259-4003-af31-1fdaacc1c3e7,0,29.416,29.528,-
1,893,1785688871.963714,1785688871.963830,1785688871.993404,200,4474,1ca69538-4467-4536-9810-91871ae24873,0,29.573,29.690,-
0,894,1785688872.013714,1785688872.013831,1785688872.043610,200,4474,00228d8f-a0b2-452f-b409-074d644fd76c,0,29.779,29.896,-
1,894,1785688872.063714,1785688872.063832,1785688872.093213,200,4474,649fcfa3-e617-46c2-aa17-fd7db81858c2,0,29.380,29.498,-
0,895,1785688872.113714,1785688872.113836,1785688872.143311,200,4474,a4cb1276-e6a5-41e0-b03d-ebded69ee4a9,0,29.475,29.597,-
1,895,1785688872.163714,1785688872.163833,1785688872.193666,200,4474,4a8610e8-9c9a-49da-9609-d7a35a0b1c01,0,29.833,29.952,-
0,896,1785688872.213714,1785688872.213827,1785688872.243255,200,4474,2d2b9522-29dc-41d9-bcea-c6e53e3097b9,0,29.428,29.541,-
1,896,1785688872.263714,1785688872.263826,1785688872.293566,200,4474,726939ca-8f85-4dfb-b127-b3edf5ec08b9,0,29.739,29.851,-
0,897,1785688872.313714,1785688872.313828,1785688872.343749,200,4474,e6e8e760-27a3-425b-b11f-d7343b9afa73,0,29.921,30.035,-
1,897,1785688872.363714,1785688872.363830,1785688872.393318,200,4474,09227ad4-771d-43a8-8521-f9a1ba7c74dc,0,29.488,29.604,-
0,898,1785688872.413714,1785688872.413845,1785688872.443216,200,4474,d7cd25a3-2185-4e52-b23e-4276c1ba9deb,0,29.371,29.502,-
1,898,1785688872.463714,1785688872.463829,1785688872.493121,200,4474,47e89f33-4479-432f-b351-6eb704e6d387,0,29.292,29.407,-
0,899,1785688872.513714,1785688872.513828,1785688872.543281,200,4474,7785be3c-d220-4ac5-96e3-a685e262b52f,0,29.453,29.567,-
1,899,1785688872.563714,1785688872.563864,1785688872.593909,200,4474,f2a2cc42-b53f-419a-92c9-db4c7b564b1d,0,30.045,30.194,-
