ts,site,class,n,src,fill_ratio,mean_ms,p95_ms,stale_ms,prior_ms,last_obs_ms,value_ms
1786303908.555,S1,recommend,0,prior,0.0,,,,1.24,,1.24
1786303908.555,S1,reserve,0,prior,0.0,,,,1.658,,1.658
1786303908.555,S1,search,0,prior,0.0,,,,6.899,,6.899
1786303908.555,S2,recommend,0,prior,0.0,,,,0.975,,0.975
1786303908.555,S2,reserve,0,prior,0.0,,,,1.332,,1.332
1786303908.555,S2,search,0,prior,0.0,,,,4.287,,4.287
1786303908.555,S3,recommend,0,prior,0.0,,,,1.0,,1.0
1786303908.555,S3,reserve,0,prior,0.0,,,,1.348,,1.348
1786303908.555,S3,search,0,prior,0.0,,,,4.019,,4.019
1786303909.556,S1,recommend,0,prior,0.0,,,,1.24,,1.24
1786303909.556,S1,reserve,0,prior,0.0,,,,1.658,,1.658
1786303909.556,S1,search,0,prior,0.0,,,,6.899,,6.899
1786303909.556,S2,recommend,0,prior,0.0,,,,0.975,,0.975
1786303909.556,S2,reserve,0,prior,0.0,,,,1.332,,1.332
1786303909.556,S2,search,0,prior,0.0,,,,4.287,,4.287
1786303909.556,S3,recommend,0,prior,0.0,,,,1.0,,1.0
1786303909.556,S3,reserve,0,prior,0.0,,,,1.348,,1.348
1786303909.556,S3,search,0,prior,0.0,,,,4.019,,4.019
1786303910.555,S1,recommend,0,prior,0.0,,,,1.24,,1.24
1786303910.555,S1,reserve,0,prior,0.0,,,,1.658,,1.658
1786303910.555,S1,search,0,prior,0.0,,,,6.899,,6.899
1786303910.555,S2,recommend,0,prior,0.0,,,,0.975,,0.975
1786303910.555,S2,reserve,0,prior,0.0,,,,1.332,,1.332
1786303910.555,S2,search,0,prior,0.0,,,,4.287,,4.287
1786303910.555,S3,recommend,0,prior,0.0,,,,1.0,,1.0
1786303910.555,S3,reserve,0,prior,0.0,,,,1.348,,1.348
1786303910.555,S3,search,0,prior,0.0,,,,4.019,,4.019
1786303911.556,S1,recommend,0,prior,0.0,,,,1.24,,1.24
1786303911.556,S1,reserve,0,prior,0.0,,,,1.658,,1.658
1786303911.556,S1,search,0,prior,0.0,,,,6.899,,6.899
1786303911.556,S2,recommend,0,prior,0.0,,,,0.975,,0.975
1786303911.556,S2,reserve,0,prior,0.0,,,,1.332,,1.332
1786303911.556,S2,search,0,prior,0.0,,,,4.287,,4.287
1786303911.556,S3,recommend,0,prior,0.0,,,,1.0,,1.0
1786303911.556,S3,reserve,0,prior,0.0,,,,1.348,,1.348
1786303911.556,S3,search,0,prior,0.0,,,,4.019,,4.019
1786303912.557,S1,recommend,0,prior,0.0,,,,1.24,,1.24
1786303912.557,S1,reserve,0,prior,0.0,,,,1.658,,1.658
1786303912.557,S1,search,0,prior,0.0,,,,6.899,,6.899
1786303912.557,S2,recommend,0,prior,0.0,,,,0.975,,0.975
1786303912.557,S2,reserve,0,prior,0.0,,,,1.332,,1.332
1786303912.557,S2,search,0,prior,0.0,,,,4.287,,4.287
1786303912.557,S3,recommend,81,prior,0.1295,0.8182,1.669,94.3,1.0,,1.0
1786303912.557,S3,reserve,39,prior,0.1269,42.6761,186.839,104.4,1.348,,1.348
1786303912.557,S3,search,62,prior,0.1273,4.2251,7.154,101.8,4.019,,4.019
1786303913.561,S1,recommend,0,prior,0.0,,,,1.24,,1.24
1786303913.561,S1,reserve,0,prior,0.0,,,,1.658,,1.658
1786303913.561,S1,search,0,prior,0.0,,,,6.899,,6.899
1786303913.561,S2,recommend,0,prior,0.0,,,,0.975,,0.975
1786303913.561,S2,reserve,0,prior,0.0,,,,1.332,,1.332
1786303913.561,S2,search,0,prior,0.0,,,,4.287,,4.287
1786303913.561,S3,recommend,450,prior_fill,0.6295,0.8529,1.669,95.1,1.0,,1.0
1786303913.561,S3,reserve,224,prior_fill,0.6294,8.258,2.435,99.9,1.348,,1.348
1786303913.561,S3,search,340,prior_fill,0.6299,3.9406,6.064,97.4,4.019,,4.019
1786303914.561,S1,recommend,0,prior,0.0,,,,1.24,,1.24
1786303914.561,S1,reserve,0,prior,0.0,,,,1.658,,1.658
1786303914.561,S1,search,0,prior,0.0,,,,6.899,,6.899
1786303914.561,S2,recommend,0,prior,0.0,,,,0.975,,0.975
1786303914.561,S2,reserve,0,prior,0.0,,,,1.332,,1.332
1786303914.561,S2,search,0,prior,0.0,,,,4.287,,4.287
1786303914.561,S3,recommend,686,obs,0.945,0.8417,1.535,97.6,1.0,1.535,1.535
1786303914.561,S3,reserve,345,obs,0.9518,0.9773,1.359,95.1,1.348,1.359,1.359
1786303914.561,S3,search,517,obs,0.9487,3.7228,5.006,100.1,4.019,5.006,5.006
1786303915.561,S1,recommend,0,prior,0.0,,,,1.24,,1.24
1786303915.561,S1,reserve,0,prior,0.0,,,,1.658,,1.658
1786303915.561,S1,search,0,prior,0.0,,,,6.899,,6.899
1786303915.561,S2,recommend,0,prior,0.0,,,,0.975,,0.975
1786303915.561,S2,reserve,0,prior,0.0,,,,1.332,,1.332
1786303915.561,S2,search,0,prior,0.0,,,,4.287,,4.287
1786303915.561,S3,recommend,676,obs,0.9525,0.8083,1.33,92.6,1.0,1.33,1.33
1786303915.561,S3,reserve,342,obs,0.9487,0.9405,1.171,97.6,1.348,1.171,1.171
1786303915.561,S3,search,508,obs,0.9488,3.6079,4.599,95.1,4.019,4.599,4.599
1786303916.561,S1,recommend,0,prior,0.0,,,,1.24,,1.24
1786303916.561,S1,reserve,0,prior,0.0,,,,1.658,,1.658
1786303916.561,S1,search,0,prior,0.0,,,,6.899,,6.899
1786303916.561,S2,recommend,0,prior,0.0,,,,0.975,,0.975
1786303916.561,S2,reserve,0,prior,0.0,,,,1.332,,1.332
1786303916.561,S2,search,0,prior,0.0,,,,4.287,,4.287
1786303916.561,S3,recommend,680,obs,0.95,0.801,1.33,95.1,1.0,1.33,1.33
1786303916.561,S3,reserve,340,obs,0.9487,0.9278,1.192,92.6,1.348,1.192,1.192
1786303916.561,S3,search,506,obs,0.9488,3.5637,4.293,100.1,4.019,4.293,4.293
1786303917.561,S1,recommend,0,prior,0.0,,,,1.24,,1.24
1786303917.561,S1,reserve,0,prior,0.0,,,,1.658,,1.658
1786303917.561,S1,search,0,prior,0.0,,,,6.899,,6.899
1786303917.561,S2,recommend,0,prior,0.0,,,,0.975,,0.975
1786303917.561,S2,reserve,0,prior,0.0,,,,1.332,,1.332
1786303917.561,S2,search,0,prior,0.0,,,,4.287,,4.287
1786303917.561,S3,recommend,682,obs,0.9526,0.8464,1.365,90.0,1.0,1.365,1.365
1786303917.561,S3,reserve,336,obs,0.9412,0.9386,1.064,102.6,1.348,1.064,1.064
1786303917.561,S3,search,510,obs,0.9512,3.5922,4.298,95.1,4.019,4.298,4.298
1786303918.561,S1,recommend,0,prior,0.0,,,,1.24,,1.24
1786303918.561,S1,reserve,0,prior,0.0,,,,1.658,,1.658
1786303918.561,S1,search,0,prior,0.0,,,,6.899,,6.899
1786303918.561,S2,recommend,0,prior,0.0,,,,0.975,,0.975
1786303918.561,S2,reserve,0,prior,0.0,,,,1.332,,1.332
1786303918.561,S2,search,0,prior,0.0,,,,4.287,,4.287
1786303918.561,S3,recommend,682,obs,0.955,0.8403,1.35,87.5,1.0,1.35,1.35
1786303918.561,S3,reserve,338,obs,0.9487,0.9326,1.101,97.6,1.348,1.101,1.101
1786303918.561,S3,search,510,obs,0.9512,3.6144,4.48,90.1,4.019,4.48,4.48
1786303919.561,S1,recommend,0,prior,0.0,,,,1.24,,1.24
1786303919.561,S1,reserve,0,prior,0.0,,,,1.658,,1.658
1786303919.561,S1,search,0,prior,0.0,,,,6.899,,6.899
1786303919.561,S2,recommend,0,prior,0.0,,,,0.975,,0.975
1786303919.561,S2,reserve,0,prior,0.0,,,,1.332,,1.332
1786303919.561,S2,search,0,prior,0.0,,,,4.287,,4.287
1786303919.561,S3,recommend,676,obs,0.9525,0.8198,1.438,87.5,1.0,1.438,1.438
1786303919.561,S3,reserve,342,obs,0.9525,0.9129,1.03,92.6,1.348,1.03,1.03
1786303919.561,S3,search,512,obs,0.9525,3.5723,4.496,90.0,4.019,4.496,4.496
1786303920.561,S1,recommend,0,prior,0.0,,,,1.24,,1.24
1786303920.561,S1,reserve,0,prior,0.0,,,,1.658,,1.658
1786303920.561,S1,search,0,prior,0.0,,,,6.899,,6.899
1786303920.561,S2,recommend,0,prior,0.0,,,,0.975,,0.975
1786303920.561,S2,reserve,0,prior,0.0,,,,1.332,,1.332
1786303920.561,S2,search,0,prior,0.0,,,,4.287,,4.287
1786303920.561,S3,recommend,680,obs,0.9538,0.823,1.41,90.0,1.0,1.41,1.41
1786303920.561,S3,reserve,344,obs,0.9525,0.9328,1.146,87.5,1.348,1.146,1.146
1786303920.561,S3,search,506,obs,0.9487,3.5748,4.496,92.5,4.019,4.496,4.496
1786303921.561,S1,recommend,0,prior,0.0,,,,1.24,,1.24
1786303921.561,S1,reserve,0,prior,0.0,,,,1.658,,1.658
1786303921.561,S1,search,0,prior,0.0,,,,6.899,,6.899
1786303921.561,S2,recommend,0,prior,0.0,,,,0.975,,0.975
1786303921.561,S2,reserve,0,prior,0.0,,,,1.332,,1.332
1786303921.561,S2,search,0,prior,0.0,,,,4.287,,4.287
1786303921.561,S3,recommend,684,obs,0.9563,0.8183,1.328,85.1,1.0,1.328,1.328
1786303921.561,S3,reserve,338,obs,0.9487,0.916,1.028,90.1,1.348,1.028,1.028
1786303921.561,S3,search,510,obs,0.9538,3.578,4.446,87.5,4.019,4.446,4.446
1786303922.561,S1,recommend,0,prior,0.0,,,,1.24,,1.24
1786303922.561,S1,reserve,0,prior,0.0,,,,1.658,,1.658
1786303922.561,S1,search,0,prior,0.0,,,,6.899,,6.899
1786303922.561,S2,recommend,0,prior,0.0,,,,0.975,,0.975
1786303922.561,S2,reserve,0,prior,0.0,,,,1.332,,1.332
1786303922.561,S2,search,0,prior,0.0,,,,4.287,,4.287
1786303922.561,S3,recommend,682,obs,0.9525,0.8172,1.39,87.6,1.0,1.39,1.39
1786303922.561,S3,reserve,340,obs,0.9563,0.9115,1.064,85.1,1.348,1.064,1.064
1786303922.561,S3,search,510,obs,0.9513,3.577,4.446,92.5,4.019,4.446,4.446
1786303923.560,S1,recommend,0,prior,0.0,,,,1.24,,1.24
1786303923.560,S1,reserve,0,prior,0.0,,,,1.658,,1.658
1786303923.560,S1,search,0,prior,0.0,,,,6.899,,6.899
1786303923.560,S2,recommend,0,prior,0.0,,,,0.975,,0.975
1786303923.560,S2,reserve,0,prior,0.0,,,,1.332,,1.332
1786303923.560,S2,search,0,prior,0.0,,,,4.287,,4.287
1786303923.560,S3,recommend,682,obs,0.9562,0.8086,1.338,81.8,1.0,1.338,1.338
1786303923.560,S3,reserve,340,obs,0.9525,0.9441,1.24,94.4,1.348,1.24,1.24
1786303923.560,S3,search,514,obs,0.955,3.5656,4.497,86.9,4.019,4.497,4.497
1786303924.561,S1,recommend,0,prior,0.0,,,,1.24,,1.24
1786303924.561,S1,reserve,0,prior,0.0,,,,1.658,,1.658
1786303924.561,S1,search,0,prior,0.0,,,,6.899,,6.899
1786303924.561,S2,recommend,0,prior,0.0,,,,0.975,,0.975
1786303924.561,S2,reserve,0,prior,0.0,,,,1.332,,1.332
1786303924.561,S2,search,0,prior,0.0,,,,4.287,,4.287
1786303924.561,S3,recommend,678,obs,0.9563,0.8123,1.435,85.1,1.0,1.435,1.435
1786303924.561,S3,reserve,344,obs,0.9525,0.9472,1.227,90.0,1.348,1.227,1.227
1786303924.561,S3,search,510,obs,0.9525,3.5615,4.525,87.5,4.019,4.525,4.525
1786303925.561,S1,recommend,0,prior,0.0,,,,1.24,,1.24
1786303925.561,S1,reserve,0,prior,0.0,,,,1.658,,1.658
1786303925.561,S1,search,0,prior,0.0,,,,6.899,,6.899
1786303925.561,S2,recommend,0,prior,0.0,,,,0.975,,0.975
1786303925.561,S2,reserve,0,prior,0.0,,,,1.332,,1.332
1786303925.561,S2,search,0,prior,0.0,,,,4.287,,4.287
1786303925.561,S3,recommend,684,obs,0.9575,0.8122,1.404,80.0,1.0,1.404,1.404
1786303925.561,S3,reserve,342,obs,0.9525,0.9133,1.084,85.0,1.348,1.084,1.084
1786303925.561,S3,search,510,obs,0.9575,3.5657,4.454,82.5,4.019,4.454,4.454
1786303926.561,S1,recommend,0,prior,0.0,,,,1.24,,1.24
1786303926.561,S1,reserve,0,prior,0.0,,,,1.658,,1.658
1786303926.561,S1,search,0,prior,0.0,,,,6.899,,6.899
1786303926.561,S2,recommend,0,prior,0.0,,,,0.975,,0.975
1786303926.561,S2,reserve,0,prior,0.0,,,,1.332,,1.332
1786303926.561,S2,search,0,prior,0.0,,,,4.287,,4.287
1786303926.561,S3,recommend,685,obs,0.9588,0.8337,1.481,77.6,1.0,1.481,1.481
1786303926.561,S3,reserve,338,obs,0.9488,0.9009,1.04,87.6,1.348,1.04,1.04
1786303926.561,S3,search,514,obs,0.9587,3.5917,4.463,80.0,4.019,4.463,4.463
1786303927.561,S1,recommend,0,prior,0.0,,,,1.24,,1.24
1786303927.561,S1,reserve,0,prior,0.0,,,,1.658,,1.658
1786303927.561,S1,search,0,prior,0.0,,,,6.899,,6.899
1786303927.561,S2,recommend,0,prior,0.0,,,,0.975,,0.975
1786303927.561,S2,reserve,0,prior,0.0,,,,1.332,,1.332
1786303927.561,S2,search,0,prior,0.0,,,,4.287,,4.287
1786303927.561,S3,recommend,686,obs,0.96,0.859,1.549,77.5,1.0,1.549,1.549
1786303927.561,S3,reserve,340,obs,0.9563,0.927,1.116,82.6,1.348,1.116,1.116
1786303927.561,S3,search,512,obs,0.9563,3.7462,4.54,80.1,4.019,4.54,4.54
1786303928.561,S1,recommend,0,prior,0.0,,,,1.24,,1.24
1786303928.561,S1,reserve,0,prior,0.0,,,,1.658,,1.658
1786303928.561,S1,search,0,prior,0.0,,,,6.899,,6.899
1786303928.561,S2,recommend,0,prior,0.0,,,,0.975,,0.975
1786303928.561,S2,reserve,0,prior,0.0,,,,1.332,,1.332
1786303928.561,S2,search,0,prior,0.0,,,,4.287,,4.287
1786303928.561,S3,recommend,680,obs,0.9562,0.854,1.484,80.0,1.0,1.484,1.484
1786303928.561,S3,reserve,344,obs,0.96,0.9211,1.169,77.4,1.348,1.169,1.169
1786303928.561,S3,search,514,obs,0.955,3.7443,4.503,85.1,4.019,4.503,4.503
1786303929.561,S1,recommend,0,prior,0.0,,,,1.24,,1.24
1786303929.561,S1,reserve,0,prior,0.0,,,,1.658,,1.658
1786303929.561,S1,search,0,prior,0.0,,,,6.899,,6.899
1786303929.561,S2,recommend,0,prior,0.0,,,,0.975,,0.975
1786303929.561,S2,reserve,0,prior,0.0,,,,1.332,,1.332
1786303929.561,S2,search,0,prior,0.0,,,,4.287,,4.287
1786303929.561,S3,recommend,684,obs,0.9613,0.8156,1.422,75.0,1.0,1.422,1.422
1786303929.561,S3,reserve,346,obs,0.9563,0.9273,1.179,80.1,1.348,1.179,1.179
1786303929.561,S3,search,510,obs,0.9563,3.5741,4.439,77.5,4.019,4.439,4.439
1786303930.561,S1,recommend,0,prior,0.0,,,,1.24,,1.24
1786303930.561,S1,reserve,0,prior,0.0,,,,1.658,,1.658
1786303930.561,S1,search,0,prior,0.0,,,,6.899,,6.899
1786303930.561,S2,recommend,0,prior,0.0,,,,0.975,,0.975
1786303930.561,S2,reserve,0,prior,0.0,,,,1.332,,1.332
1786303930.561,S2,search,0,prior,0.0,,,,4.287,,4.287
1786303930.561,S3,recommend,688,obs,0.96,0.8074,1.366,77.5,1.0,1.366,1.366
1786303930.561,S3,reserve,342,obs,0.9562,0.9183,1.051,75.0,1.348,1.051,1.051
1786303930.561,S3,search,510,obs,0.9537,3.5667,4.342,87.5,4.019,4.342,4.342
1786303931.561,S1,recommend,0,prior,0.0,,,,1.24,,1.24
1786303931.561,S1,reserve,0,prior,0.0,,,,1.658,,1.658
1786303931.561,S1,search,0,prior,0.0,,,,6.899,,6.899
1786303931.561,S2,recommend,0,prior,0.0,,,,0.975,,0.975
1786303931.561,S2,reserve,0,prior,0.0,,,,1.332,,1.332
1786303931.561,S2,search,0,prior,0.0,,,,4.287,,4.287
1786303931.561,S3,recommend,688,obs,0.9601,0.8231,1.366,72.5,1.0,1.366,1.366
1786303931.561,S3,reserve,340,obs,0.9562,0.9139,1.123,85.1,1.348,1.123,1.123
1786303931.561,S3,search,514,obs,0.9587,3.5897,4.554,77.5,4.019,4.554,4.554
1786303932.561,S1,recommend,0,prior,0.0,,,,1.24,,1.24
1786303932.561,S1,reserve,0,prior,0.0,,,,1.658,,1.658
1786303932.561,S1,search,0,prior,0.0,,,,6.899,,6.899
1786303932.561,S2,recommend,0,prior,0.0,,,,0.975,,0.975
1786303932.561,S2,reserve,0,prior,0.0,,,,1.332,,1.332
1786303932.561,S2,search,0,prior,0.0,,,,4.287,,4.287
1786303932.561,S3,recommend,684,obs,0.96,0.8212,1.373,75.0,1.0,1.373,1.373
1786303932.561,S3,reserve,340,obs,0.9562,0.9432,1.197,80.1,1.348,1.197,1.197
1786303932.561,S3,search,516,obs,0.96,3.6097,4.673,77.5,4.019,4.673,4.673
1786303933.561,S1,recommend,0,prior,0.0,,,,1.24,,1.24
1786303933.561,S1,reserve,0,prior,0.0,,,,1.658,,1.658
1786303933.561,S1,search,0,prior,0.0,,,,6.899,,6.899
1786303933.561,S2,recommend,0,prior,0.0,,,,0.975,,0.975
1786303933.561,S2,reserve,0,prior,0.0,,,,1.332,,1.332
1786303933.561,S2,search,0,prior,0.0,,,,4.287,,4.287
1786303933.561,S3,recommend,682,obs,0.9638,0.808,1.373,70.0,1.0,1.373,1.373
1786303933.561,S3,reserve,346,obs,0.96,0.9336,1.128,75.0,1.348,1.128,1.128
1786303933.561,S3,search,514,obs,0.9563,3.6036,4.502,80.0,4.019,4.502,4.502
1786303934.560,S1,recommend,0,prior,0.0,,,,1.24,,1.24
1786303934.560,S1,reserve,0,prior,0.0,,,,1.658,,1.658
1786303934.560,S1,search,0,prior,0.0,,,,6.899,,6.899
1786303934.560,S2,recommend,0,prior,0.0,,,,0.975,,0.975
1786303934.560,S2,reserve,0,prior,0.0,,,,1.332,,1.332
1786303934.560,S2,search,0,prior,0.0,,,,4.287,,4.287
1786303934.560,S3,recommend,688,obs,0.9638,0.8058,1.384,71.8,1.0,1.384,1.384
1786303934.560,S3,reserve,346,obs,0.96,0.9035,1.034,69.3,1.348,1.034,1.034
1786303934.560,S3,search,512,obs,0.9612,3.5775,4.49,74.3,4.019,4.49,4.49
1786303935.561,S1,recommend,0,prior,0.0,,,,1.24,,1.24
1786303935.561,S1,reserve,0,prior,0.0,,,,1.658,,1.658
1786303935.561,S1,search,0,prior,0.0,,,,6.899,,6.899
1786303935.561,S2,recommend,0,prior,0.0,,,,0.975,,0.975
1786303935.561,S2,reserve,0,prior,0.0,,,,1.332,,1.332
1786303935.561,S2,search,0,prior,0.0,,,,4.287,,4.287
1786303935.561,S3,recommend,690,obs,0.9638,0.8152,1.418,67.5,1.0,1.418,1.418
1786303935.561,S3,reserve,340,obs,0.9563,0.9052,1.023,72.5,1.348,1.023,1.023
1786303935.561,S3,search,515,obs,0.9637,3.5694,4.394,70.1,4.019,4.394,4.394
1786303936.561,S1,recommend,0,prior,0.0,,,,1.24,,1.24
1786303936.561,S1,reserve,0,prior,0.0,,,,1.658,,1.658
1786303936.561,S1,search,0,prior,0.0,,,,6.899,,6.899
1786303936.561,S2,recommend,0,prior,0.0,,,,0.975,,0.975
1786303936.561,S2,reserve,0,prior,0.0,,,,1.332,,1.332
1786303936.561,S2,search,0,prior,0.0,,,,4.287,,4.287
1786303936.561,S3,recommend,690,obs,0.9637,0.8051,1.349,70.0,1.0,1.349,1.349
1786303936.561,S3,reserve,342,obs,0.9637,0.906,1.048,67.5,1.348,1.048,1.048
1786303936.561,S3,search,514,obs,0.9587,3.5854,4.429,75.0,4.019,4.429,4.429
1786303937.560,S1,recommend,0,prior,0.0,,,,1.24,,1.24
1786303937.560,S1,reserve,0,prior,0.0,,,,1.658,,1.658
1786303937.560,S1,search,0,prior,0.0,,,,6.899,,6.899
1786303937.560,S2,recommend,0,prior,0.0,,,,0.975,,0.975
1786303937.560,S2,reserve,0,prior,0.0,,,,1.332,,1.332
1786303937.560,S2,search,0,prior,0.0,,,,4.287,,4.287
1786303937.560,S3,recommend,688,obs,0.9675,0.8322,1.396,64.3,1.0,1.396,1.396
1786303937.560,S3,reserve,344,obs,0.96,0.9703,1.048,76.8,1.348,1.048,1.048
1786303937.560,S3,search,518,obs,0.9625,3.661,4.563,69.3,4.019,4.563,4.563
1786303938.561,S1,recommend,0,prior,0.0,,,,1.24,,1.24
1786303938.561,S1,reserve,0,prior,0.0,,,,1.658,,1.658
1786303938.561,S1,search,0,prior,0.0,,,,6.899,,6.899
1786303938.561,S2,recommend,0,prior,0.0,,,,0.975,,0.975
1786303938.561,S2,reserve,0,prior,0.0,,,,1.332,,1.332
1786303938.561,S2,search,0,prior,0.0,,,,4.287,,4.287
1786303938.561,S3,recommend,686,obs,0.9651,0.8285,1.361,67.5,1.0,1.361,1.361
1786303938.561,S3,reserve,348,obs,0.96,1.0034,1.312,72.5,1.348,1.312,1.312
1786303938.561,S3,search,512,obs,0.96,3.6306,4.32,70.0,4.019,4.32,4.32
1786303939.561,S1,recommend,0,prior,0.0,,,,1.24,,1.24
1786303939.561,S1,reserve,0,prior,0.0,,,,1.658,,1.658
1786303939.561,S1,search,0,prior,0.0,,,,6.899,,6.899
1786303939.561,S2,recommend,0,prior,0.0,,,,0.975,,0.975
1786303939.561,S2,reserve,0,prior,0.0,,,,1.332,,1.332
1786303939.561,S2,search,0,prior,0.0,,,,4.287,,4.287
1786303939.561,S3,recommend,690,obs,0.9638,0.8232,1.359,70.0,1.0,1.359,1.359
1786303939.561,S3,reserve,344,obs,0.96,0.9274,1.048,67.5,1.348,1.048,1.048
1786303939.561,S3,search,512,obs,0.9613,3.5627,4.334,72.5,4.019,4.334,4.334
1786303940.561,S1,recommend,0,prior,0.0,,,,1.24,,1.24
1786303940.561,S1,reserve,0,prior,0.0,,,,1.658,,1.658
1786303940.561,S1,search,0,prior,0.0,,,,6.899,,6.899
1786303940.561,S2,recommend,0,prior,0.0,,,,0.975,,0.975
1786303940.561,S2,reserve,0,prior,0.0,,,,1.332,,1.332
1786303940.561,S2,search,0,prior,0.0,,,,4.287,,4.287
1786303940.561,S3,recommend,690,obs,0.9638,0.8225,1.36,65.0,1.0,1.36,1.36
1786303940.561,S3,reserve,344,obs,0.9675,0.9094,1.047,62.5,1.348,1.047,1.047
1786303940.561,S3,search,516,obs,0.9637,3.5761,4.426,67.5,4.019,4.426,4.426
1786303941.561,S1,recommend,0,prior,0.0,,,,1.24,,1.24
1786303941.561,S1,reserve,0,prior,0.0,,,,1.658,,1.658
1786303941.561,S1,search,0,prior,0.0,,,,6.899,,6.899
1786303941.561,S2,recommend,0,prior,0.0,,,,0.975,,0.975
1786303941.561,S2,reserve,0,prior,0.0,,,,1.332,,1.332
1786303941.561,S2,search,0,prior,0.0,,,,4.287,,4.287
1786303941.561,S3,recommend,690,obs,0.9675,0.8074,1.342,60.0,1.0,1.342,1.342
1786303941.561,S3,reserve,342,obs,0.9637,0.9233,1.056,65.0,1.348,1.056,1.056
1786303941.561,S3,search,518,obs,0.9625,3.5792,4.495,72.5,4.019,4.495,4.495
1786303942.561,S1,recommend,0,prior,0.0,,,,1.24,,1.24
1786303942.561,S1,reserve,0,prior,0.0,,,,1.658,,1.658
1786303942.561,S1,search,0,prior,0.0,,,,6.899,,6.899
1786303942.561,S2,recommend,0,prior,0.0,,,,0.975,,0.975
1786303942.561,S2,reserve,0,prior,0.0,,,,1.332,,1.332
1786303942.561,S2,search,0,prior,0.0,,,,4.287,,4.287
1786303942.561,S3,recommend,686,obs,0.9675,0.8082,1.373,62.4,1.0,1.373,1.373
1786303942.561,S3,reserve,348,obs,0.9675,0.914,1.036,60.0,1.348,1.036,1.036
1786303942.561,S3,search,518,obs,0.9625,3.5757,4.574,67.5,4.019,4.574,4.574
1786303943.561,S1,recommend,0,prior,0.0,,,,1.24,,1.24
1786303943.561,S1,reserve,0,prior,0.0,,,,1.658,,1.658
1786303943.561,S1,search,0,prior,0.0,,,,6.899,,6.899
1786303943.561,S2,recommend,0,prior,0.0,,,,0.975,,0.975
1786303943.561,S2,reserve,0,prior,0.0,,,,1.332,,1.332
1786303943.561,S2,search,0,prior,0.0,,,,4.287,,4.287
1786303943.561,S3,recommend,690,obs,0.9675,0.8209,1.437,60.0,1.0,1.437,1.437
1786303943.561,S3,reserve,346,obs,0.96,0.902,1.066,70.0,1.348,1.066,1.066
1786303943.561,S3,search,515,obs,0.9675,3.5709,4.469,62.5,4.019,4.469,4.469
1786303944.561,S1,recommend,0,prior,0.0,,,,1.24,,1.24
1786303944.561,S1,reserve,0,prior,0.0,,,,1.658,,1.658
1786303944.561,S1,search,0,prior,0.0,,,,6.899,,6.899
1786303944.561,S2,recommend,0,prior,0.0,,,,0.975,,0.975
1786303944.561,S2,reserve,0,prior,0.0,,,,1.332,,1.332
1786303944.561,S2,search,0,prior,0.0,,,,4.287,,4.287
1786303944.561,S3,recommend,692,obs,0.9675,0.8228,1.415,60.0,1.0,1.415,1.415
1786303944.561,S3,reserve,342,obs,0.96,0.9033,1.066,65.0,1.348,1.066,1.066
1786303944.561,S3,search,518,obs,0.9675,3.5555,4.328,62.5,4.019,4.328,4.328
1786303945.561,S1,recommend,0,prior,0.0,,,,1.24,,1.24
1786303945.561,S1,reserve,0,prior,0.0,,,,1.658,,1.658
1786303945.561,S1,search,0,prior,0.0,,,,6.899,,6.899
1786303945.561,S2,recommend,0,prior,0.0,,,,0.975,,0.975
1786303945.561,S2,reserve,0,prior,0.0,,,,1.332,,1.332
1786303945.561,S2,search,0,prior,0.0,,,,4.287,,4.287
1786303945.561,S3,recommend,692,obs,0.9675,0.8115,1.417,62.5,1.0,1.417,1.417
1786303945.561,S3,reserve,344,obs,0.9675,0.9106,1.103,60.0,1.348,1.103,1.103
1786303945.561,S3,search,518,obs,0.9675,3.5926,4.453,65.0,4.019,4.453,4.453
1786303946.561,S1,recommend,0,prior,0.0,,,,1.24,,1.24
1786303946.561,S1,reserve,0,prior,0.0,,,,1.658,,1.658
1786303946.561,S1,search,0,prior,0.0,,,,6.899,,6.899
1786303946.561,S2,recommend,0,prior,0.0,,,,0.975,,0.975
1786303946.561,S2,reserve,0,prior,0.0,,,,1.332,,1.332
1786303946.561,S2,search,0,prior,0.0,,,,4.287,,4.287
1786303946.561,S3,recommend,688,obs,0.9675,0.8028,1.353,57.5,1.0,1.353,1.353
1786303946.561,S3,reserve,346,obs,0.9675,0.9202,1.062,62.5,1.348,1.062,1.062
1786303946.561,S3,search,520,obs,0.9675,3.6075,4.455,60.0,4.019,4.455,4.455
1786303947.561,S1,recommend,0,prior,0.0,,,,1.24,,1.24
1786303947.561,S1,reserve,0,prior,0.0,,,,1.658,,1.658
1786303947.561,S1,search,0,prior,0.0,,,,6.899,,6.899
1786303947.561,S2,recommend,0,prior,0.0,,,,0.975,,0.975
1786303947.561,S2,reserve,0,prior,0.0,,,,1.332,,1.332
1786303947.561,S2,search,0,prior,0.0,,,,4.287,,4.287
1786303947.561,S3,recommend,690,obs,0.9688,0.8214,1.423,60.0,1.0,1.423,1.423
1786303947.561,S3,reserve,350,obs,0.9675,0.9559,1.213,57.5,1.348,1.213,1.213
1786303947.561,S3,search,515,obs,0.9675,3.6476,4.452,65.0,4.019,4.452,4.452
1786303948.561,S1,recommend,0,prior,0.0,,,,1.24,,1.24
1786303948.561,S1,reserve,0,prior,0.0,,,,1.658,,1.658
1786303948.561,S1,search,0,prior,0.0,,,,6.899,,6.899
1786303948.561,S2,recommend,0,prior,0.0,,,,0.975,,0.975
1786303948.561,S2,reserve,0,prior,0.0,,,,1.332,,1.332
1786303948.561,S2,search,0,prior,0.0,,,,4.287,,4.287
1786303948.561,S3,recommend,696,obs,0.9712,0.8289,1.467,55.0,1.0,1.467,1.467
1786303948.561,S3,reserve,344,obs,0.96,0.963,1.213,67.5,1.348,1.213,1.213
1786303948.561,S3,search,516,obs,0.9675,3.6441,4.515,60.0,4.019,4.515,4.515
1786303949.560,S1,recommend,0,prior,0.0,,,,1.24,,1.24
1786303949.560,S1,reserve,0,prior,0.0,,,,1.658,,1.658
1786303949.560,S1,search,0,prior,0.0,,,,6.899,,6.899
1786303949.560,S2,recommend,0,prior,0.0,,,,0.975,,0.975
1786303949.560,S2,reserve,0,prior,0.0,,,,1.332,,1.332
1786303949.560,S2,search,0,prior,0.0,,,,4.287,,4.287
1786303949.560,S3,recommend,694,obs,0.9713,0.8171,1.291,56.8,1.0,1.291,1.291
1786303949.560,S3,reserve,344,obs,0.9675,0.9067,1.019,61.8,1.348,1.019,1.019
1786303949.560,S3,search,518,obs,0.9675,3.5982,4.505,59.3,4.019,4.505,4.505
1786303950.561,S1,recommend,0,prior,0.0,,,,1.24,,1.24
1786303950.561,S1,reserve,0,prior,0.0,,,,1.658,,1.658
1786303950.561,S1,search,0,prior,0.0,,,,6.899,,6.899
1786303950.561,S2,recommend,0,prior,0.0,,,,0.975,,0.975
1786303950.561,S2,reserve,0,prior,0.0,,,,1.332,,1.332
1786303950.561,S2,search,0,prior,0.0,,,,4.287,,4.287
1786303950.561,S3,recommend,691,obs,0.9712,0.8085,1.304,52.6,1.0,1.304,1.304
1786303950.561,S3,reserve,345,obs,0.9713,0.9169,1.012,57.5,1.348,1.012,1.012
1786303950.561,S3,search,520,obs,0.9674,3.5789,4.385,62.5,4.019,4.385,4.385
1786303951.561,S1,recommend,0,prior,0.0,,,,1.24,,1.24
1786303951.561,S1,reserve,0,prior,0.0,,,,1.658,,1.658
1786303951.561,S1,search,0,prior,0.0,,,,6.899,,6.899
1786303951.561,S2,recommend,0,prior,0.0,,,,0.975,,0.975
1786303951.561,S2,reserve,0,prior,0.0,,,,1.332,,1.332
1786303951.561,S2,search,0,prior,0.0,,,,4.287,,4.287
1786303951.561,S3,recommend,688,obs,0.9712,0.8052,1.349,55.0,1.0,1.349,1.349
1786303951.561,S3,reserve,350,obs,0.9712,0.9424,1.208,52.5,1.348,1.208,1.208
1786303951.561,S3,search,520,obs,0.9675,3.5557,4.393,57.5,4.019,4.393,4.393
1786303952.561,S1,recommend,0,prior,0.0,,,,1.24,,1.24
1786303952.561,S1,reserve,0,prior,0.0,,,,1.658,,1.658
1786303952.561,S1,search,0,prior,0.0,,,,6.899,,6.899
1786303952.561,S2,recommend,0,prior,0.0,,,,0.975,,0.975
1786303952.561,S2,reserve,0,prior,0.0,,,,1.332,,1.332
1786303952.561,S2,search,0,prior,0.0,,,,4.287,,4.287
1786303952.561,S3,recommend,692,obs,0.9687,0.8053,1.387,57.5,1.0,1.387,1.387
1786303952.561,S3,reserve,348,obs,0.9675,0.9255,1.294,55.0,1.348,1.294,1.294
1786303952.561,S3,search,516,obs,0.9675,3.55,4.435,62.5,4.019,4.435,4.435
1786303953.561,S1,recommend,0,prior,0.0,,,,1.24,,1.24
1786303953.561,S1,reserve,0,prior,0.0,,,,1.658,,1.658
1786303953.561,S1,search,0,prior,0.0,,,,6.899,,6.899
1786303953.561,S2,recommend,0,prior,0.0,,,,0.975,,0.975
1786303953.561,S2,reserve,0,prior,0.0,,,,1.332,,1.332
1786303953.561,S2,search,0,prior,0.0,,,,4.287,,4.287
1786303953.561,S3,recommend,696,obs,0.9713,0.7938,1.323,52.5,1.0,1.323,1.323
1786303953.561,S3,reserve,344,obs,0.9675,0.9046,1.023,50.0,1.348,1.023,1.023
1786303953.561,S3,search,520,obs,0.97,3.5797,4.435,57.5,4.019,4.435,4.435
1786303954.561,S1,recommend,0,prior,0.0,,,,1.24,,1.24
1786303954.561,S1,reserve,0,prior,0.0,,,,1.658,,1.658
1786303954.561,S1,search,0,prior,0.0,,,,6.899,,6.899
1786303954.561,S2,recommend,0,prior,0.0,,,,0.975,,0.975
1786303954.561,S2,reserve,0,prior,0.0,,,,1.332,,1.332
1786303954.561,S2,search,0,prior,0.0,,,,4.287,,4.287
1786303954.561,S3,recommend,698,obs,0.975,0.8198,1.346,47.5,1.0,1.346,1.346
1786303954.561,S3,reserve,344,obs,0.9675,0.9249,1.221,60.0,1.348,1.221,1.221
1786303954.561,S3,search,520,obs,0.97,3.6415,4.564,52.5,4.019,4.564,4.564
1786303955.561,S1,recommend,0,prior,0.0,,,,1.24,,1.24
1786303955.561,S1,reserve,0,prior,0.0,,,,1.658,,1.658
1786303955.561,S1,search,0,prior,0.0,,,,6.899,,6.899
1786303955.561,S2,recommend,0,prior,0.0,,,,0.975,,0.975
1786303955.561,S2,reserve,0,prior,0.0,,,,1.332,,1.332
1786303955.561,S2,search,0,prior,0.0,,,,4.287,,4.287
1786303955.561,S3,recommend,692,obs,0.975,0.8464,1.478,50.0,1.0,1.478,1.478
1786303955.561,S3,reserve,348,obs,0.9712,0.9381,1.264,55.0,1.348,1.264,1.264
1786303955.561,S3,search,522,obs,0.9713,3.651,4.585,52.5,4.019,4.585,4.585
1786303956.561,S1,recommend,0,prior,0.0,,,,1.24,,1.24
1786303956.561,S1,reserve,0,prior,0.0,,,,1.658,,1.658
1786303956.561,S1,search,0,prior,0.0,,,,6.899,,6.899
1786303956.561,S2,recommend,0,prior,0.0,,,,0.975,,0.975
1786303956.561,S2,reserve,0,prior,0.0,,,,1.332,,1.332
1786303956.561,S2,search,0,prior,0.0,,,,4.287,,4.287
1786303956.561,S3,recommend,692,obs,0.9725,0.8172,1.395,52.5,1.0,1.395,1.395
1786303956.561,S3,reserve,352,obs,0.9713,0.9314,1.015,49.9,1.348,1.015,1.015
1786303956.561,S3,search,518,obs,0.9725,3.6145,4.501,55.0,4.019,4.501,4.501
1786303957.561,S1,recommend,0,prior,0.0,,,,1.24,,1.24
1786303957.561,S1,reserve,0,prior,0.0,,,,1.658,,1.658
1786303957.561,S1,search,0,prior,0.0,,,,6.899,,6.899
1786303957.561,S2,recommend,0,prior,0.0,,,,0.975,,0.975
1786303957.561,S2,reserve,0,prior,0.0,,,,1.332,,1.332
1786303957.561,S2,search,0,prior,0.0,,,,4.287,,4.287
1786303957.561,S3,recommend,698,obs,0.975,0.8784,1.377,47.5,1.0,1.377,1.377
1786303957.561,S3,reserve,348,obs,0.9712,0.9589,1.073,45.0,1.348,1.073,1.073
1786303957.561,S3,search,519,obs,0.975,3.6812,4.641,50.0,4.019,4.641,4.641
1786303958.561,S1,recommend,0,prior,0.0,,,,1.24,,1.24
1786303958.561,S1,reserve,0,prior,0.0,,,,1.658,,1.658
1786303958.561,S1,search,0,prior,0.0,,,,6.899,,6.899
1786303958.561,S2,recommend,0,prior,0.0,,,,0.975,,0.975
1786303958.561,S2,reserve,0,prior,0.0,,,,1.332,,1.332
1786303958.561,S2,search,0,prior,0.0,,,,4.287,,4.287
1786303958.561,S3,recommend,697,obs,0.975,0.8844,1.379,49.9,1.0,1.379,1.379
1786303958.561,S3,reserve,346,obs,0.975,0.9583,1.15,47.5,1.348,1.15,1.15
1786303958.561,S3,search,521,obs,0.975,3.6607,4.626,45.0,4.019,4.626,4.626
1786303959.561,S1,recommend,0,prior,0.0,,,,1.24,,1.24
1786303959.561,S1,reserve,0,prior,0.0,,,,1.658,,1.658
1786303959.561,S1,search,0,prior,0.0,,,,6.899,,6.899
1786303959.561,S2,recommend,0,prior,0.0,,,,0.975,,0.975
1786303959.561,S2,reserve,0,prior,0.0,,,,1.332,,1.332
1786303959.561,S2,search,0,prior,0.0,,,,4.287,,4.287
1786303959.561,S3,recommend,696,obs,0.975,0.8032,1.325,45.0,1.0,1.325,1.325
1786303959.561,S3,reserve,347,obs,0.9788,0.9413,1.248,42.4,1.348,1.248,1.248
1786303959.561,S3,search,524,obs,0.9738,3.5637,4.494,50.0,4.019,4.494,4.494
1786303960.561,S1,recommend,0,prior,0.0,,,,1.24,,1.24
1786303960.561,S1,reserve,0,prior,0.0,,,,1.658,,1.658
1786303960.561,S1,search,0,prior,0.0,,,,6.899,,6.899
1786303960.561,S2,recommend,0,prior,0.0,,,,0.975,,0.975
1786303960.561,S2,reserve,0,prior,0.0,,,,1.332,,1.332
1786303960.561,S2,search,0,prior,0.0,,,,4.287,,4.287
1786303960.561,S3,recommend,695,obs,0.98,0.7951,1.304,40.0,1.0,1.304,1.304
1786303960.561,S3,reserve,350,obs,0.9713,0.9385,1.263,52.5,1.348,1.263,1.263
1786303960.561,S3,search,524,obs,0.9738,3.5647,4.443,44.9,4.019,4.443,4.443
1786303961.561,S1,recommend,0,prior,0.0,,,,1.24,,1.24
1786303961.561,S1,reserve,0,prior,0.0,,,,1.658,,1.658
1786303961.561,S1,search,0,prior,0.0,,,,6.899,,6.899
1786303961.561,S2,recommend,0,prior,0.0,,,,0.975,,0.975
1786303961.561,S2,reserve,0,prior,0.0,,,,1.332,,1.332
1786303961.561,S2,search,0,prior,0.0,,,,4.287,,4.287
1786303961.561,S3,recommend,698,obs,0.9787,0.8064,1.311,42.5,1.0,1.311,1.311
1786303961.561,S3,reserve,352,obs,0.975,0.9214,1.066,40.0,1.348,1.066,1.066
1786303961.561,S3,search,520,obs,0.9763,3.5655,4.321,45.0,4.019,4.321,4.321
1786303962.561,S1,recommend,0,prior,0.0,,,,1.24,,1.24
1786303962.561,S1,reserve,0,prior,0.0,,,,1.658,,1.658
1786303962.561,S1,search,0,prior,0.0,,,,6.899,,6.899
1786303962.561,S2,recommend,0,prior,0.0,,,,0.975,,0.975
1786303962.561,S2,reserve,0,prior,0.0,,,,1.332,,1.332
1786303962.561,S2,search,0,prior,0.0,,,,4.287,,4.287
1786303962.561,S3,recommend,702,obs,0.9787,0.8067,1.353,37.4,1.0,1.353,1.353
1786303962.561,S3,reserve,347,obs,0.9787,0.9205,1.064,42.5,1.348,1.064,1.064
1786303962.561,S3,search,522,obs,0.975,3.5693,4.43,47.5,4.019,4.43,4.43
1786303963.561,S1,recommend,0,prior,0.0,,,,1.24,,1.24
1786303963.561,S1,reserve,0,prior,0.0,,,,1.658,,1.658
1786303963.561,S1,search,0,prior,0.0,,,,6.899,,6.899
1786303963.561,S2,recommend,0,prior,0.0,,,,0.975,,0.975
1786303963.561,S2,reserve,0,prior,0.0,,,,1.332,,1.332
1786303963.561,S2,search,0,prior,0.0,,,,4.287,,4.287
1786303963.561,S3,recommend,700,obs,0.9787,0.8224,1.435,40.0,1.0,1.435,1.435
1786303963.561,S3,reserve,346,obs,0.975,0.9199,1.052,45.0,1.348,1.052,1.052
1786303963.561,S3,search,523,obs,0.9788,3.5935,4.503,42.5,4.019,4.503,4.503
1786303964.561,S1,recommend,0,prior,0.0,,,,1.24,,1.24
1786303964.561,S1,reserve,0,prior,0.0,,,,1.658,,1.658
1786303964.561,S1,search,0,prior,0.0,,,,6.899,,6.899
1786303964.561,S2,recommend,0,prior,0.0,,,,0.975,,0.975
1786303964.561,S2,reserve,0,prior,0.0,,,,1.332,,1.332
1786303964.561,S2,search,0,prior,0.0,,,,4.287,,4.287
1786303964.561,S3,recommend,698,obs,0.9825,0.8282,1.435,34.9,1.0,1.435,1.435
1786303964.561,S3,reserve,350,obs,0.9787,0.9179,1.054,40.0,1.348,1.054,1.054
1786303964.561,S3,search,524,obs,0.9737,3.5963,4.439,47.5,4.019,4.439,4.439
1786303965.561,S1,recommend,0,prior,0.0,,,,1.24,,1.24
1786303965.561,S1,reserve,0,prior,0.0,,,,1.658,,1.658
1786303965.561,S1,search,0,prior,0.0,,,,6.899,,6.899
1786303965.561,S2,recommend,0,prior,0.0,,,,0.975,,0.975
1786303965.561,S2,reserve,0,prior,0.0,,,,1.332,,1.332
1786303965.561,S2,search,0,prior,0.0,,,,4.287,,4.287
1786303965.561,S3,recommend,696,obs,0.98,0.8126,1.383,37.4,1.0,1.383,1.383
1786303965.561,S3,reserve,354,obs,0.9787,0.9329,1.167,34.9,1.348,1.167,1.167
1786303965.561,S3,search,524,obs,0.98,3.5604,4.433,40.0,4.019,4.433,4.433
1786303966.561,S1,recommend,0,prior,0.0,,,,1.24,,1.24
1786303966.561,S1,reserve,0,prior,0.0,,,,1.658,,1.658
1786303966.561,S1,search,0,prior,0.0,,,,6.899,,6.899
1786303966.561,S2,recommend,0,prior,0.0,,,,0.975,,0.975
1786303966.561,S2,reserve,0,prior,0.0,,,,1.332,,1.332
1786303966.561,S2,search,0,prior,0.0,,,,4.287,,4.287
1786303966.561,S3,recommend,702,obs,0.9824,0.8061,1.353,32.4,1.0,1.353,1.353
1786303966.561,S3,reserve,350,obs,0.975,0.9468,1.351,37.4,1.348,1.351,1.351
1786303966.561,S3,search,522,obs,0.9788,3.5728,4.57,42.4,4.019,4.57,4.57
1786303967.561,S1,recommend,0,prior,0.0,,,,1.24,,1.24
1786303967.561,S1,reserve,0,prior,0.0,,,,1.658,,1.658
1786303967.561,S1,search,0,prior,0.0,,,,6.899,,6.899
1786303967.561,S2,recommend,0,prior,0.0,,,,0.975,,0.975
1786303967.561,S2,reserve,0,prior,0.0,,,,1.332,,1.332
1786303967.561,S2,search,0,prior,0.0,,,,4.287,,4.287
1786303967.561,S3,recommend,703,obs,0.9825,0.8762,1.432,34.9,1.0,1.432,1.432
1786303967.561,S3,reserve,348,obs,0.9825,0.9407,1.298,32.5,1.348,1.298,1.298
1786303967.561,S3,search,524,obs,0.9775,3.6876,4.667,39.9,4.019,4.667,4.667
1786303968.561,S1,recommend,0,prior,0.0,,,,1.24,,1.24
1786303968.561,S1,reserve,0,prior,0.0,,,,1.658,,1.658
1786303968.561,S1,search,0,prior,0.0,,,,6.899,,6.899
1786303968.561,S2,recommend,0,prior,0.0,,,,0.975,,0.975
1786303968.561,S2,reserve,0,prior,0.0,,,,1.332,,1.332
1786303968.561,S2,search,0,prior,0.0,,,,4.287,,4.287
1786303968.561,S3,recommend,702,obs,0.9825,0.8745,1.515,29.9,1.0,1.515,1.515
1786303968.561,S3,reserve,348,obs,0.9788,0.9412,1.268,42.4,1.348,1.268,1.268
1786303968.561,S3,search,528,obs,0.9813,3.6663,4.602,34.9,4.019,4.602,4.602
1786303969.561,S1,recommend,0,prior,0.0,,,,1.24,,1.24
1786303969.561,S1,reserve,0,prior,0.0,,,,1.658,,1.658
1786303969.561,S1,search,0,prior,0.0,,,,6.899,,6.899
1786303969.561,S2,recommend,0,prior,0.0,,,,0.975,,0.975
1786303969.561,S2,reserve,0,prior,0.0,,,,1.332,,1.332
1786303969.561,S2,search,0,prior,0.0,,,,4.287,,4.287
1786303969.561,S3,recommend,666,obs,0.935,0.7922,1.394,130.0,1.0,1.394,1.394
1786303969.561,S3,reserve,336,obs,0.9338,0.9185,1.021,127.5,1.348,1.021,1.021
1786303969.561,S3,search,498,obs,0.93,3.5643,4.515,132.5,4.019,4.515,4.515
1786303970.561,S1,recommend,0,prior,0.0,,,,1.24,,1.24
1786303970.561,S1,reserve,0,prior,0.0,,,,1.658,,1.658
1786303970.561,S1,search,0,prior,0.0,,,,6.899,,6.899
1786303970.561,S2,recommend,0,prior,0.0,,,,0.975,,0.975
1786303970.561,S2,reserve,0,prior,0.0,,,,1.332,,1.332
1786303970.561,S2,search,0,prior,0.0,,,,4.287,,4.287
1786303970.561,S3,recommend,674,obs,0.9412,0.7984,1.394,117.5,1.0,1.394,1.394
1786303970.561,S3,reserve,336,obs,0.9375,0.8979,1.038,115.0,1.348,1.038,1.038
1786303970.561,S3,search,500,obs,0.935,3.579,4.515,127.5,4.019,4.515,4.515
1786303971.561,S1,recommend,0,prior,0.0,,,,1.24,,1.24
1786303971.561,S1,reserve,0,prior,0.0,,,,1.658,,1.658
1786303971.561,S1,search,0,prior,0.0,,,,6.899,,6.899
1786303971.561,S2,recommend,0,prior,0.0,,,,0.975,,0.975
1786303971.561,S2,reserve,0,prior,0.0,,,,1.332,,1.332
1786303971.561,S2,search,0,prior,0.0,,,,4.287,,4.287
1786303971.561,S3,recommend,676,obs,0.945,0.8105,1.402,105.0,1.0,1.402,1.402
1786303971.561,S3,reserve,336,obs,0.9449,0.899,1.05,110.1,1.348,1.05,1.05
1786303971.561,S3,search,506,obs,0.9449,3.5653,4.602,107.6,4.019,4.602,4.602
1786303972.561,S1,recommend,0,prior,0.0,,,,1.24,,1.24
1786303972.561,S1,reserve,0,prior,0.0,,,,1.658,,1.658
1786303972.561,S1,search,0,prior,0.0,,,,6.899,,6.899
1786303972.561,S2,recommend,0,prior,0.0,,,,0.975,,0.975
1786303972.561,S2,reserve,0,prior,0.0,,,,1.332,,1.332
1786303972.561,S2,search,0,prior,0.0,,,,4.287,,4.287
1786303972.561,S3,recommend,680,obs,0.9525,0.8102,1.322,92.5,1.0,1.322,1.322
1786303972.561,S3,reserve,338,obs,0.9487,0.9156,1.107,97.6,1.348,1.107,1.107
1786303972.561,S3,search,507,obs,0.9487,3.5601,4.439,95.1,4.019,4.439,4.439
1786303973.561,S1,recommend,0,prior,0.0,,,,1.24,,1.24
1786303973.561,S1,reserve,0,prior,0.0,,,,1.658,,1.658
1786303973.561,S1,search,0,prior,0.0,,,,6.899,,6.899
1786303973.561,S2,recommend,0,prior,0.0,,,,0.975,,0.975
1786303973.561,S2,reserve,0,prior,0.0,,,,1.332,,1.332
1786303973.561,S2,search,0,prior,0.0,,,,4.287,,4.287
1786303973.561,S3,recommend,678,obs,0.955,0.8062,1.3,82.5,1.0,1.3,1.3
1786303973.561,S3,reserve,342,obs,0.9525,0.9278,1.187,92.5,1.348,1.187,1.187
1786303973.561,S3,search,514,obs,0.955,3.5645,4.289,85.1,4.019,4.289,4.289
1786303974.561,S1,recommend,0,prior,0.0,,,,1.24,,1.24
1786303974.561,S1,reserve,0,prior,0.0,,,,1.658,,1.658
1786303974.561,S1,search,0,prior,0.0,,,,6.899,,6.899
1786303974.561,S2,recommend,0,prior,0.0,,,,0.975,,0.975
1786303974.561,S2,reserve,0,prior,0.0,,,,1.332,,1.332
1786303974.561,S2,search,0,prior,0.0,,,,4.287,,4.287
1786303974.561,S3,recommend,684,obs,0.9612,0.8073,1.403,75.2,1.0,1.403,1.403
1786303974.561,S3,reserve,348,obs,0.9599,0.9444,1.227,72.7,1.348,1.227,1.227
1786303974.561,S3,search,510,obs,0.9563,3.5563,4.359,77.6,4.019,4.359,4.359
1786303975.560,S1,recommend,0,prior,0.0,,,,1.24,,1.24
1786303975.560,S1,reserve,0,prior,0.0,,,,1.658,,1.658
1786303975.560,S1,search,0,prior,0.0,,,,6.899,,6.899
1786303975.560,S2,recommend,0,prior,0.0,,,,0.975,,0.975
1786303975.560,S2,reserve,0,prior,0.0,,,,1.332,,1.332
1786303975.560,S2,search,0,prior,0.0,,,,4.287,,4.287
1786303975.560,S3,recommend,692,obs,0.9675,0.8129,1.45,62.0,1.0,1.45,1.45
1786303975.560,S3,reserve,344,obs,0.9599,0.9334,1.105,67.0,1.348,1.105,1.105
1786303975.560,S3,search,516,obs,0.9675,3.5591,4.52,64.5,4.019,4.52,4.52
1786303976.561,S1,recommend,0,prior,0.0,,,,1.24,,1.24
1786303976.561,S1,reserve,0,prior,0.0,,,,1.658,,1.658
1786303976.561,S1,search,0,prior,0.0,,,,6.899,,6.899
1786303976.561,S2,recommend,0,prior,0.0,,,,0.975,,0.975
1786303976.561,S2,reserve,0,prior,0.0,,,,1.332,,1.332
1786303976.561,S2,search,0,prior,0.0,,,,4.287,,4.287
1786303976.561,S3,recommend,696,obs,0.9712,0.8135,1.402,50.2,1.0,1.402,1.402
1786303976.561,S3,reserve,344,obs,0.9675,0.9352,1.15,62.7,1.348,1.15,1.15
1786303976.561,S3,search,520,obs,0.97,3.5841,4.564,55.2,4.019,4.564,4.564
1786303977.561,S1,recommend,0,prior,0.0,,,,1.24,,1.24
1786303977.561,S1,reserve,0,prior,0.0,,,,1.658,,1.658
1786303977.561,S1,search,0,prior,0.0,,,,6.899,,6.899
1786303977.561,S2,recommend,0,prior,0.0,,,,0.975,,0.975
1786303977.561,S2,reserve,0,prior,0.0,,,,1.332,,1.332
1786303977.561,S2,search,0,prior,0.0,,,,4.287,,4.287
1786303977.561,S3,recommend,698,obs,0.9787,0.8359,1.484,37.7,1.0,1.484,1.484
1786303977.561,S3,reserve,346,obs,0.9749,1.0579,1.759,42.8,1.348,1.759,1.759
1786303977.561,S3,search,526,obs,0.9787,3.6565,4.583,40.3,4.019,4.583,4.583
1786303978.561,S1,recommend,0,prior,0.0,,,,1.24,,1.24
1786303978.561,S1,reserve,0,prior,0.0,,,,1.658,,1.658
1786303978.561,S1,search,0,prior,0.0,,,,6.899,,6.899
1786303978.561,S2,recommend,0,prior,0.0,,,,0.975,,0.975
1786303978.561,S2,reserve,0,prior,0.0,,,,1.332,,1.332
1786303978.561,S2,search,0,prior,0.0,,,,4.287,,4.287
1786303978.561,S3,recommend,698,obs,0.985,0.8309,1.51,27.8,1.0,1.51,1.51
1786303978.561,S3,reserve,352,obs,0.9787,1.0373,1.468,37.8,1.348,1.468,1.468
1786303978.561,S3,search,528,obs,0.9813,3.6363,4.678,30.3,4.019,4.678,4.678
1786303979.560,S1,recommend,0,prior,0.0,,,,1.24,,1.24
1786303979.560,S1,reserve,0,prior,0.0,,,,1.658,,1.658
1786303979.560,S1,search,0,prior,0.0,,,,6.899,,6.899
1786303979.560,S2,recommend,0,prior,0.0,,,,0.975,,0.975
1786303979.560,S2,reserve,0,prior,0.0,,,,1.332,,1.332
1786303979.560,S2,search,0,prior,0.0,,,,4.287,,4.287
1786303979.560,S3,recommend,672,obs,0.9388,0.799,1.337,117.7,1.0,1.337,1.337
1786303979.560,S3,reserve,334,obs,0.9337,0.9124,1.069,122.8,1.348,1.069,1.069
1786303979.560,S3,search,500,obs,0.9349,3.5623,4.389,127.9,4.019,4.389,4.389
1786303980.561,S1,recommend,0,prior,0.0,,,,1.24,,1.24
1786303980.561,S1,reserve,0,prior,0.0,,,,1.658,,1.658
1786303980.561,S1,search,0,prior,0.0,,,,6.899,,6.899
1786303980.561,S2,recommend,0,prior,0.0,,,,0.975,,0.975
1786303980.561,S2,reserve,0,prior,0.0,,,,1.332,,1.332
1786303980.561,S2,search,0,prior,0.0,,,,4.287,,4.287
1786303980.561,S3,recommend,674,obs,0.9412,0.7902,1.3,112.9,1.0,1.3,1.3
1786303980.561,S3,reserve,334,obs,0.9375,0.9118,1.047,110.4,1.348,1.047,1.047
1786303980.561,S3,search,504,obs,0.94,3.5613,4.392,117.9,4.019,4.392,4.392
1786303981.561,S1,recommend,0,prior,0.0,,,,1.24,,1.24
1786303981.561,S1,reserve,0,prior,0.0,,,,1.658,,1.658
1786303981.561,S1,search,0,prior,0.0,,,,6.899,,6.899
1786303981.561,S2,recommend,0,prior,0.0,,,,0.975,,0.975
1786303981.561,S2,reserve,0,prior,0.0,,,,1.332,,1.332
1786303981.561,S2,search,0,prior,0.0,,,,4.287,,4.287
1786303981.561,S3,recommend,678,obs,0.9486,0.7916,1.283,100.4,1.0,1.283,1.283
1786303981.561,S3,reserve,338,obs,0.9487,0.9232,1.137,98.0,1.348,1.137,1.137
1786303981.561,S3,search,506,obs,0.9449,3.5601,4.592,102.9,4.019,4.592,4.592
1786303982.560,S1,recommend,0,prior,0.0,,,,1.24,,1.24
1786303982.560,S1,reserve,0,prior,0.0,,,,1.658,,1.658
1786303982.560,S1,search,0,prior,0.0,,,,6.899,,6.899
1786303982.560,S2,recommend,0,prior,0.0,,,,0.975,,0.975
1786303982.560,S2,reserve,0,prior,0.0,,,,1.332,,1.332
1786303982.560,S2,search,0,prior,0.0,,,,4.287,,4.287
1786303982.560,S3,recommend,678,obs,0.9562,0.8141,1.332,87.3,1.0,1.332,1.332
1786303982.560,S3,reserve,342,obs,0.9525,0.9222,1.183,92.3,1.348,1.183,1.183
1786303982.560,S3,search,512,obs,0.9525,3.5696,4.553,89.8,4.019,4.553,4.553
1786303983.561,S1,recommend,0,prior,0.0,,,,1.24,,1.24
1786303983.561,S1,reserve,0,prior,0.0,,,,1.658,,1.658
1786303983.561,S1,search,0,prior,0.0,,,,6.899,,6.899
1786303983.561,S2,recommend,0,prior,0.0,,,,0.975,,0.975
1786303983.561,S2,reserve,0,prior,0.0,,,,1.332,,1.332
1786303983.561,S2,search,0,prior,0.0,,,,4.287,,4.287
1786303983.561,S3,recommend,684,obs,0.9612,0.798,1.294,75.5,1.0,1.294,1.294
1786303983.561,S3,reserve,346,obs,0.9562,0.938,1.318,80.5,1.348,1.318,1.318
1786303983.561,S3,search,510,obs,0.9563,3.5667,4.577,77.9,4.019,4.577,4.577
1786303984.561,S1,recommend,0,prior,0.0,,,,1.24,,1.24
1786303984.561,S1,reserve,0,prior,0.0,,,,1.658,,1.658
1786303984.561,S1,search,0,prior,0.0,,,,6.899,,6.899
1786303984.561,S2,recommend,0,prior,0.0,,,,0.975,,0.975
1786303984.561,S2,reserve,0,prior,0.0,,,,1.332,,1.332
1786303984.561,S2,search,0,prior,0.0,,,,4.287,,4.287
1786303984.561,S3,recommend,690,obs,0.9637,0.79,1.292,70.5,1.0,1.292,1.292
1786303984.561,S3,reserve,344,obs,0.96,0.9424,1.318,68.0,1.348,1.318,1.318
1786303984.561,S3,search,512,obs,0.9612,3.5666,4.515,73.1,4.019,4.515,4.515
1786303985.561,S1,recommend,0,prior,0.0,,,,1.24,,1.24
1786303985.561,S1,reserve,0,prior,0.0,,,,1.658,,1.658
1786303985.561,S1,search,0,prior,0.0,,,,6.899,,6.899
1786303985.561,S2,recommend,0,prior,0.0,,,,0.975,,0.975
1786303985.561,S2,reserve,0,prior,0.0,,,,1.332,,1.332
1786303985.561,S2,search,0,prior,0.0,,,,4.287,,4.287
1786303985.561,S3,recommend,693,obs,0.9699,0.8227,1.433,53.2,1.0,1.433,1.433
1786303985.561,S3,reserve,344,obs,0.9674,0.9339,1.198,63.1,1.348,1.198,1.198
1786303985.561,S3,search,518,obs,0.9675,3.5831,4.445,60.6,4.019,4.445,4.445
1786303986.561,S1,recommend,0,prior,0.0,,,,1.24,,1.24
1786303986.561,S1,reserve,0,prior,0.0,,,,1.658,,1.658
1786303986.561,S1,search,0,prior,0.0,,,,6.899,,6.899
1786303986.561,S2,recommend,0,prior,0.0,,,,0.975,,0.975
1786303986.561,S2,reserve,0,prior,0.0,,,,1.332,,1.332
1786303986.561,S2,search,0,prior,0.0,,,,4.287,,4.287
1786303986.561,S3,recommend,696,obs,0.975,0.8359,1.483,45.6,1.0,1.483,1.483
1786303986.561,S3,reserve,346,obs,0.975,0.9274,1.08,43.1,1.348,1.08,1.08
1786303986.561,S3,search,524,obs,0.9737,3.5748,4.418,50.6,4.019,4.418,4.418
1786303987.561,S1,recommend,0,prior,0.0,,,,1.24,,1.24
1786303987.561,S1,reserve,0,prior,0.0,,,,1.658,,1.658
1786303987.561,S1,search,0,prior,0.0,,,,6.899,,6.899
1786303987.561,S2,recommend,0,prior,0.0,,,,0.975,,0.975
1786303987.561,S2,reserve,0,prior,0.0,,,,1.332,,1.332
1786303987.561,S2,search,0,prior,0.0,,,,4.287,,4.287
1786303987.561,S3,recommend,696,obs,0.9825,0.8664,1.553,33.1,1.0,1.553,1.553
1786303987.561,S3,reserve,352,obs,0.9787,0.951,1.007,38.2,1.348,1.007,1.007
1786303987.561,S3,search,526,obs,0.9787,3.6136,4.381,35.7,4.019,4.381,4.381
1786303988.561,S1,recommend,0,prior,0.0,,,,1.24,,1.24
1786303988.561,S1,reserve,0,prior,0.0,,,,1.658,,1.658
1786303988.561,S1,search,0,prior,0.0,,,,6.899,,6.899
1786303988.561,S2,recommend,0,prior,0.0,,,,0.975,,0.975
1786303988.561,S2,reserve,0,prior,0.0,,,,1.332,,1.332
1786303988.561,S2,search,0,prior,0.0,,,,4.287,,4.287
1786303988.561,S3,recommend,668,obs,0.935,0.8464,1.406,125.7,1.0,1.406,1.406
1786303988.561,S3,reserve,334,obs,0.9337,0.9533,1.051,123.2,1.348,1.051,1.051
1786303988.561,S3,search,500,obs,0.935,3.5956,4.384,128.2,4.019,4.384,4.384
1786303989.561,S1,recommend,0,prior,0.0,,,,1.24,,1.24
1786303989.561,S1,reserve,0,prior,0.0,,,,1.658,,1.658
1786303989.561,S1,search,0,prior,0.0,,,,6.899,,6.899
1786303989.561,S2,recommend,0,prior,0.0,,,,0.975,,0.975
1786303989.561,S2,reserve,0,prior,0.0,,,,1.332,,1.332
1786303989.561,S2,search,0,prior,0.0,,,,4.287,,4.287
1786303989.561,S3,recommend,674,obs,0.9412,0.8059,1.38,113.2,1.0,1.38,1.38
1786303989.561,S3,reserve,334,obs,0.9375,0.9099,1.108,110.8,1.348,1.108,1.108
1786303989.561,S3,search,504,obs,0.94,3.5738,4.381,118.2,4.019,4.381,4.381
1786303990.561,S1,recommend,0,prior,0.0,,,,1.24,,1.24
1786303990.561,S1,reserve,0,prior,0.0,,,,1.658,,1.658
1786303990.561,S1,search,0,prior,0.0,,,,6.899,,6.899
1786303990.561,S2,recommend,0,prior,0.0,,,,0.975,,0.975
1786303990.561,S2,reserve,0,prior,0.0,,,,1.332,,1.332
1786303990.561,S2,search,0,prior,0.0,,,,4.287,,4.287
1786303990.561,S3,recommend,678,obs,0.9487,0.8082,1.403,100.7,1.0,1.403,1.403
1786303990.561,S3,reserve,336,obs,0.945,0.9042,1.053,105.7,1.348,1.053,1.053
1786303990.561,S3,search,506,obs,0.945,3.5869,4.482,103.1,4.019,4.482,4.482
1786303991.561,S1,recommend,0,prior,0.0,,,,1.24,,1.24
1786303991.561,S1,reserve,0,prior,0.0,,,,1.658,,1.658
1786303991.561,S1,search,0,prior,0.0,,,,6.899,,6.899
1786303991.561,S2,recommend,0,prior,0.0,,,,0.975,,0.975
1786303991.561,S2,reserve,0,prior,0.0,,,,1.332,,1.332
1786303991.561,S2,search,0,prior,0.0,,,,4.287,,4.287
1786303991.561,S3,recommend,674,obs,0.9487,0.815,1.386,95.8,1.0,1.386,1.386
1786303991.561,S3,reserve,342,obs,0.9524,0.9124,1.038,93.3,1.348,1.038,1.038
1786303991.561,S3,search,510,obs,0.9488,3.5968,4.484,98.3,4.019,4.484,4.484
1786303992.561,S1,recommend,0,prior,0.0,,,,1.24,,1.24
1786303992.561,S1,reserve,0,prior,0.0,,,,1.658,,1.658
1786303992.561,S1,search,0,prior,0.0,,,,6.899,,6.899
1786303992.561,S2,recommend,0,prior,0.0,,,,0.975,,0.975
1786303992.561,S2,reserve,0,prior,0.0,,,,1.332,,1.332
1786303992.561,S2,search,0,prior,0.0,,,,4.287,,4.287
1786303992.561,S3,recommend,682,obs,0.9574,0.8084,1.401,83.3,1.0,1.401,1.401
1786303992.561,S3,reserve,346,obs,0.9562,0.926,1.061,80.8,1.348,1.061,1.061
1786303992.561,S3,search,508,obs,0.9525,3.5854,4.384,85.8,4.019,4.384,4.384
1786303993.561,S1,recommend,0,prior,0.0,,,,1.24,,1.24
1786303993.561,S1,reserve,0,prior,0.0,,,,1.658,,1.658
1786303993.561,S1,search,0,prior,0.0,,,,6.899,,6.899
1786303993.561,S2,recommend,0,prior,0.0,,,,0.975,,0.975
1786303993.561,S2,reserve,0,prior,0.0,,,,1.332,,1.332
1786303993.561,S2,search,0,prior,0.0,,,,4.287,,4.287
1786303993.561,S3,recommend,690,obs,0.9638,0.8116,1.429,70.9,1.0,1.429,1.429
1786303993.561,S3,reserve,344,obs,0.96,0.9223,1.065,68.4,1.348,1.065,1.065
1786303993.561,S3,search,512,obs,0.9612,3.5802,4.439,73.3,4.019,4.439,4.439
1786303994.561,S1,recommend,0,prior,0.0,,,,1.24,,1.24
1786303994.561,S1,reserve,0,prior,0.0,,,,1.658,,1.658
1786303994.561,S1,search,0,prior,0.0,,,,6.899,,6.899
1786303994.561,S2,recommend,0,prior,0.0,,,,0.975,,0.975
1786303994.561,S2,reserve,0,prior,0.0,,,,1.332,,1.332
1786303994.561,S2,search,0,prior,0.0,,,,4.287,,4.287
1786303994.561,S3,recommend,692,obs,0.9674,0.8182,1.325,58.4,1.0,1.325,1.325
1786303994.561,S3,reserve,344,obs,0.9675,0.9251,1.511,63.4,1.348,1.511,1.511
1786303994.561,S3,search,518,obs,0.9675,3.5877,4.406,60.9,4.019,4.406,4.406
1786303995.561,S1,recommend,0,prior,0.0,,,,1.24,,1.24
1786303995.561,S1,reserve,0,prior,0.0,,,,1.658,,1.658
1786303995.561,S1,search,0,prior,0.0,,,,6.899,,6.899
1786303995.561,S2,recommend,0,prior,0.0,,,,0.975,,0.975
1786303995.561,S2,reserve,0,prior,0.0,,,,1.332,,1.332
1786303995.561,S2,search,0,prior,0.0,,,,4.287,,4.287
1786303995.561,S3,recommend,696,obs,0.975,0.8053,1.299,45.9,1.0,1.299,1.299
1786303995.561,S3,reserve,344,obs,0.9675,0.9407,1.511,58.5,1.348,1.511,1.511
1786303995.561,S3,search,524,obs,0.9737,3.5625,4.389,50.9,4.019,4.389,4.389
1786303996.561,S1,recommend,0,prior,0.0,,,,1.24,,1.24
1786303996.561,S1,reserve,0,prior,0.0,,,,1.658,,1.658
1786303996.561,S1,search,0,prior,0.0,,,,6.899,,6.899
1786303996.561,S2,recommend,0,prior,0.0,,,,0.975,,0.975
1786303996.561,S2,reserve,0,prior,0.0,,,,1.332,,1.332
1786303996.561,S2,search,0,prior,0.0,,,,4.287,,4.287
1786303996.561,S3,recommend,694,obs,0.9787,0.8082,1.346,41.0,1.0,1.346,1.346
1786303996.561,S3,reserve,352,obs,0.9787,0.932,1.245,38.5,1.348,1.245,1.245
1786303996.561,S3,search,524,obs,0.9737,3.555,4.441,46.0,4.019,4.441,4.441
1786303997.561,S1,recommend,0,prior,0.0,,,,1.24,,1.24
1786303997.561,S1,reserve,0,prior,0.0,,,,1.658,,1.658
1786303997.561,S1,search,0,prior,0.0,,,,6.899,,6.899
1786303997.561,S2,recommend,0,prior,0.0,,,,0.975,,0.975
1786303997.561,S2,reserve,0,prior,0.0,,,,1.332,,1.332
1786303997.561,S2,search,0,prior,0.0,,,,4.287,,4.287
1786303997.561,S3,recommend,668,obs,0.935,0.8362,1.45,126.0,1.0,1.45,1.45
1786303997.561,S3,reserve,332,obs,0.9299,0.9548,1.334,131.0,1.348,1.334,1.334
1786303997.561,S3,search,500,obs,0.935,3.6062,4.589,128.5,4.019,4.589,4.589
1786303998.560,S1,recommend,0,prior,0.0,,,,1.24,,1.24
1786303998.560,S1,reserve,0,prior,0.0,,,,1.658,,1.658
1786303998.560,S1,search,0,prior,0.0,,,,6.899,,6.899
1786303998.560,S2,recommend,0,prior,0.0,,,,0.975,,0.975
1786303998.560,S2,reserve,0,prior,0.0,,,,1.332,,1.332
1786303998.560,S2,search,0,prior,0.0,,,,4.287,,4.287
1786303998.560,S3,recommend,672,obs,0.94,0.8286,1.427,115.4,1.0,1.427,1.427
1786303998.560,S3,reserve,332,obs,0.9299,0.9389,1.045,125.4,1.348,1.045,1.045
1786303998.560,S3,search,504,obs,0.9399,3.6171,4.638,117.8,4.019,4.638,4.638
1786303999.561,S1,recommend,0,prior,0.0,,,,1.24,,1.24
1786303999.561,S1,reserve,0,prior,0.0,,,,1.658,,1.658
1786303999.561,S1,search,0,prior,0.0,,,,6.899,,6.899
1786303999.561,S2,recommend,0,prior,0.0,,,,0.975,,0.975
1786303999.561,S2,reserve,0,prior,0.0,,,,1.332,,1.332
1786303999.561,S2,search,0,prior,0.0,,,,4.287,,4.287
1786303999.561,S3,recommend,676,obs,0.945,0.8126,1.372,108.4,1.0,1.372,1.372
1786303999.561,S3,reserve,336,obs,0.945,0.9086,1.05,106.1,1.348,1.05,1.05
1786303999.561,S3,search,504,obs,0.94,3.6228,4.706,113.5,4.019,4.706,4.706
1786304000.561,S1,recommend,0,prior,0.0,,,,1.24,,1.24
1786304000.561,S1,reserve,0,prior,0.0,,,,1.658,,1.658
1786304000.561,S1,search,0,prior,0.0,,,,6.899,,6.899
1786304000.561,S2,recommend,0,prior,0.0,,,,0.975,,0.975
1786304000.561,S2,reserve,0,prior,0.0,,,,1.332,,1.332
1786304000.561,S2,search,0,prior,0.0,,,,4.287,,4.287
1786304000.561,S3,recommend,674,obs,0.9487,0.8269,1.353,96.1,1.0,1.353,1.353
1786304000.561,S3,reserve,340,obs,0.9487,0.9178,1.169,101.1,1.348,1.169,1.169
1786304000.561,S3,search,510,obs,0.9487,3.6355,4.585,98.5,4.019,4.585,4.585
1786304001.560,S1,recommend,0,prior,0.0,,,,1.24,,1.24
1786304001.560,S1,reserve,0,prior,0.0,,,,1.658,,1.658
1786304001.560,S1,search,0,prior,0.0,,,,6.899,,6.899
1786304001.560,S2,recommend,0,prior,0.0,,,,0.975,,0.975
1786304001.560,S2,reserve,0,prior,0.0,,,,1.332,,1.332
1786304001.560,S2,search,0,prior,0.0,,,,4.287,,4.287
1786304001.560,S3,recommend,680,obs,0.9537,0.8025,1.281,90.4,1.0,1.281,1.281
1786304001.560,S3,reserve,344,obs,0.9524,0.9248,1.109,88.0,1.348,1.109,1.109
1786304001.560,S3,search,506,obs,0.9487,3.5809,4.43,93.0,4.019,4.43,4.43
1786304002.561,S1,recommend,0,prior,0.0,,,,1.24,,1.24
1786304002.561,S1,reserve,0,prior,0.0,,,,1.658,,1.658
1786304002.561,S1,search,0,prior,0.0,,,,6.899,,6.899
1786304002.561,S2,recommend,0,prior,0.0,,,,0.975,,0.975
1786304002.561,S2,reserve,0,prior,0.0,,,,1.332,,1.332
1786304002.561,S2,search,0,prior,0.0,,,,4.287,,4.287
1786304002.561,S3,recommend,688,obs,0.96,0.8008,1.3,78.7,1.0,1.3,1.3
1786304002.561,S3,reserve,342,obs,0.9562,0.9246,1.045,76.2,1.348,1.045,1.045
1786304002.561,S3,search,510,obs,0.9537,3.5585,4.425,88.7,4.019,4.425,4.425
1786304003.561,S1,recommend,0,prior,0.0,,,,1.24,,1.24
1786304003.561,S1,reserve,0,prior,0.0,,,,1.658,,1.658
1786304003.561,S1,search,0,prior,0.0,,,,6.899,,6.899
1786304003.561,S2,recommend,0,prior,0.0,,,,0.975,,0.975
1786304003.561,S2,reserve,0,prior,0.0,,,,1.332,,1.332
1786304003.561,S2,search,0,prior,0.0,,,,4.287,,4.287
1786304003.561,S3,recommend,690,obs,0.9637,0.8193,1.459,66.3,1.0,1.459,1.459
1786304003.561,S3,reserve,344,obs,0.9675,0.9155,1.068,63.7,1.348,1.068,1.068
1786304003.561,S3,search,516,obs,0.9637,3.5788,4.482,68.8,4.019,4.482,4.482
1786304004.561,S1,recommend,0,prior,0.0,,,,1.24,,1.24
1786304004.561,S1,reserve,0,prior,0.0,,,,1.658,,1.658
1786304004.561,S1,search,0,prior,0.0,,,,6.899,,6.899
1786304004.561,S2,recommend,0,prior,0.0,,,,0.975,,0.975
1786304004.561,S2,reserve,0,prior,0.0,,,,1.332,,1.332
1786304004.561,S2,search,0,prior,0.0,,,,4.287,,4.287
1786304004.561,S3,recommend,692,obs,0.9712,0.811,1.431,53.8,1.0,1.431,1.431
1786304004.561,S3,reserve,344,obs,0.9674,0.9342,1.296,58.8,1.348,1.296,1.296
1786304004.561,S3,search,522,obs,0.9712,3.5797,4.661,56.3,4.019,4.661,4.661
1786304005.561,S1,recommend,0,prior,0.0,,,,1.24,,1.24
1786304005.561,S1,reserve,0,prior,0.0,,,,1.658,,1.658
1786304005.561,S1,search,0,prior,0.0,,,,6.899,,6.899
1786304005.561,S2,recommend,0,prior,0.0,,,,0.975,,0.975
1786304005.561,S2,reserve,0,prior,0.0,,,,1.332,,1.332
1786304005.561,S2,search,0,prior,0.0,,,,4.287,,4.287
1786304005.561,S3,recommend,694,obs,0.9787,0.7994,1.345,41.3,1.0,1.345,1.345
1786304005.561,S3,reserve,350,obs,0.9712,0.9254,1.103,53.9,1.348,1.103,1.103
1786304005.561,S3,search,524,obs,0.9737,3.5718,4.478,46.3,4.019,4.478,4.478
1786304006.560,S1,recommend,0,prior,0.0,,,,1.24,,1.24
1786304006.560,S1,reserve,0,prior,0.0,,,,1.658,,1.658
1786304006.560,S1,search,0,prior,0.0,,,,6.899,,6.899
1786304006.560,S2,recommend,0,prior,0.0,,,,0.975,,0.975
1786304006.560,S2,reserve,0,prior,0.0,,,,1.332,,1.332
1786304006.560,S2,search,0,prior,0.0,,,,4.287,,4.287
1786304006.560,S3,recommend,698,obs,0.98,0.802,1.391,35.7,1.0,1.391,1.391
1786304006.560,S3,reserve,354,obs,0.9787,0.9143,1.061,33.2,1.348,1.061,1.061
1786304006.560,S3,search,522,obs,0.9799,3.5636,4.41,38.1,4.019,4.41,4.41
1786304007.560,S1,recommend,0,prior,0.0,,,,1.24,,1.24
1786304007.560,S1,reserve,0,prior,0.0,,,,1.658,,1.658
1786304007.560,S1,search,0,prior,0.0,,,,6.899,,6.899
1786304007.560,S2,recommend,0,prior,0.0,,,,0.975,,0.975
1786304007.560,S2,reserve,0,prior,0.0,,,,1.332,,1.332
1786304007.560,S2,search,0,prior,0.0,,,,4.287,,4.287
1786304007.560,S3,recommend,670,obs,0.9375,0.8464,1.456,121.4,1.0,1.456,1.456
1786304007.560,S3,reserve,332,obs,0.9299,0.9697,1.276,126.4,1.348,1.276,1.276
1786304007.560,S3,search,502,obs,0.9374,3.6543,4.57,123.9,4.019,4.57,4.57
1786304008.561,S1,recommend,0,prior,0.0,,,,1.24,,1.24
1786304008.561,S1,reserve,0,prior,0.0,,,,1.658,,1.658
1786304008.561,S1,search,0,prior,0.0,,,,6.899,,6.899
1786304008.561,S2,recommend,0,prior,0.0,,,,0.975,,0.975
1786304008.561,S2,reserve,0,prior,0.0,,,,1.332,,1.332
1786304008.561,S2,search,0,prior,0.0,,,,4.287,,4.287
1786304008.561,S3,recommend,674,obs,0.9437,0.8444,1.415,111.4,1.0,1.415,1.415
1786304008.561,S3,reserve,334,obs,0.9375,0.962,1.186,121.4,1.348,1.186,1.186
1786304008.561,S3,search,504,obs,0.94,3.6824,4.661,113.9,4.019,4.661,4.661
1786304009.561,S1,recommend,0,prior,0.0,,,,1.24,,1.24
1786304009.561,S1,reserve,0,prior,0.0,,,,1.658,,1.658
1786304009.561,S1,search,0,prior,0.0,,,,6.899,,6.899
1786304009.561,S2,recommend,0,prior,0.0,,,,0.975,,0.975
1786304009.561,S2,reserve,0,prior,0.0,,,,1.332,,1.332
1786304009.561,S2,search,0,prior,0.0,,,,4.287,,4.287
1786304009.561,S3,recommend,672,obs,0.945,0.8139,1.393,104.0,1.0,1.393,1.393
1786304009.561,S3,reserve,340,obs,0.9487,0.9164,1.068,101.5,1.348,1.068,1.068
1786304009.561,S3,search,508,obs,0.9437,3.6203,4.512,109.0,4.019,4.512,4.512
1786304010.561,S1,recommend,0,prior,0.0,,,,1.24,,1.24
1786304010.561,S1,reserve,0,prior,0.0,,,,1.658,,1.658
1786304010.561,S1,search,0,prior,0.0,,,,6.899,,6.899
1786304010.561,S2,recommend,0,prior,0.0,,,,0.975,,0.975
1786304010.561,S2,reserve,0,prior,0.0,,,,1.332,,1.332
1786304010.561,S2,search,0,prior,0.0,,,,4.287,,4.287
1786304010.561,S3,recommend,680,obs,0.9537,0.7969,1.307,91.5,1.0,1.307,1.307
1786304010.561,S3,reserve,344,obs,0.9524,0.9334,1.233,89.0,1.348,1.233,1.233
1786304010.561,S3,search,506,obs,0.9487,3.5755,4.37,94.0,4.019,4.37,4.37
1786304011.561,S1,recommend,0,prior,0.0,,,,1.24,,1.24
1786304011.561,S1,reserve,0,prior,0.0,,,,1.658,,1.658
1786304011.561,S1,search,0,prior,0.0,,,,6.899,,6.899
1786304011.561,S2,recommend,0,prior,0.0,,,,0.975,,0.975
1786304011.561,S2,reserve,0,prior,0.0,,,,1.332,,1.332
1786304011.561,S2,search,0,prior,0.0,,,,4.287,,4.287
1786304011.561,S3,recommend,687,obs,0.96,0.8124,1.375,78.9,1.0,1.375,1.375
1786304011.561,S3,reserve,340,obs,0.9525,0.916,1.191,84.0,1.348,1.191,1.191
1786304011.561,S3,search,510,obs,0.9537,3.5914,4.468,89.1,4.019,4.468,4.468
1786304012.561,S1,recommend,0,prior,0.0,,,,1.24,,1.24
1786304012.561,S1,reserve,0,prior,0.0,,,,1.658,,1.658
1786304012.561,S1,search,0,prior,0.0,,,,6.899,,6.899
1786304012.561,S2,recommend,0,prior,0.0,,,,0.975,,0.975
1786304012.561,S2,reserve,0,prior,0.0,,,,1.332,,1.332
1786304012.561,S2,search,0,prior,0.0,,,,4.287,,4.287
1786304012.561,S3,recommend,688,obs,0.96,0.8394,1.63,74.1,1.0,1.63,1.63
1786304012.561,S3,reserve,342,obs,0.9637,0.9024,1.044,71.5,1.348,1.044,1.044
1786304012.561,S3,search,514,obs,0.9588,3.6147,4.559,79.1,4.019,4.559,4.559
1786304013.561,S1,recommend,0,prior,0.0,,,,1.24,,1.24
1786304013.561,S1,reserve,0,prior,0.0,,,,1.658,,1.658
1786304013.561,S1,search,0,prior,0.0,,,,6.899,,6.899
1786304013.561,S2,recommend,0,prior,0.0,,,,0.975,,0.975
1786304013.561,S2,reserve,0,prior,0.0,,,,1.332,,1.332
1786304013.561,S2,search,0,prior,0.0,,,,4.287,,4.287
1786304013.561,S3,recommend,690,obs,0.9675,0.8114,1.443,61.6,1.0,1.443,1.443
1786304013.561,S3,reserve,344,obs,0.9675,0.9052,1.024,59.0,1.348,1.024,1.024
1786304013.561,S3,search,520,obs,0.9675,3.5899,4.429,64.1,4.019,4.429,4.429
1786304014.561,S1,recommend,0,prior,0.0,,,,1.24,,1.24
1786304014.561,S1,reserve,0,prior,0.0,,,,1.658,,1.658
1786304014.561,S1,search,0,prior,0.0,,,,6.899,,6.899
1786304014.561,S2,recommend,0,prior,0.0,,,,0.975,,0.975
1786304014.561,S2,reserve,0,prior,0.0,,,,1.332,,1.332
1786304014.561,S2,search,0,prior,0.0,,,,4.287,,4.287
1786304014.561,S3,recommend,690,obs,0.9749,0.7899,1.306,49.2,1.0,1.306,1.306
1786304014.561,S3,reserve,350,obs,0.9712,0.9265,1.057,54.2,1.348,1.057,1.057
1786304014.561,S3,search,522,obs,0.9712,3.5677,4.411,51.6,4.019,4.411,4.411
1786304015.561,S1,recommend,0,prior,0.0,,,,1.24,,1.24
1786304015.561,S1,reserve,0,prior,0.0,,,,1.658,,1.658
1786304015.561,S1,search,0,prior,0.0,,,,6.899,,6.899
1786304015.561,S2,recommend,0,prior,0.0,,,,0.975,,0.975
1786304015.561,S2,reserve,0,prior,0.0,,,,1.332,,1.332
1786304015.561,S2,search,0,prior,0.0,,,,4.287,,4.287
1786304015.561,S3,recommend,698,obs,0.9799,0.8146,1.457,36.7,1.0,1.457,1.457
1786304015.561,S3,reserve,352,obs,0.975,0.9326,1.198,41.7,1.348,1.198,1.198
1786304015.561,S3,search,522,obs,0.98,3.5572,4.448,39.2,4.019,4.448,4.448
1786304016.561,S1,recommend,0,prior,0.0,,,,1.24,,1.24
1786304016.561,S1,reserve,0,prior,0.0,,,,1.658,,1.658
1786304016.561,S1,search,0,prior,0.0,,,,6.899,,6.899
1786304016.561,S2,recommend,0,prior,0.0,,,,0.975,,0.975
1786304016.561,S2,reserve,0,prior,0.0,,,,1.332,,1.332
1786304016.561,S2,search,0,prior,0.0,,,,4.287,,4.287
1786304016.561,S3,recommend,668,obs,0.9338,0.8176,1.436,129.2,1.0,1.436,1.436
1786304016.561,S3,reserve,330,obs,0.9225,0.9148,1.146,141.7,1.348,1.146,1.146
1786304016.561,S3,search,500,obs,0.9325,3.5534,4.471,134.2,4.019,4.471,4.471
1786304017.561,S1,recommend,0,prior,0.0,,,,1.24,,1.24
1786304017.561,S1,reserve,0,prior,0.0,,,,1.658,,1.658
1786304017.561,S1,search,0,prior,0.0,,,,6.899,,6.899
1786304017.561,S2,recommend,0,prior,0.0,,,,0.975,,0.975
1786304017.561,S2,reserve,0,prior,0.0,,,,1.332,,1.332
1786304017.561,S2,search,0,prior,0.0,,,,4.287,,4.287
1786304017.561,S3,recommend,672,obs,0.9412,0.8156,1.401,116.8,1.0,1.401,1.401
1786304017.561,S3,reserve,334,obs,0.9375,0.912,1.126,121.7,1.348,1.126,1.126
1786304017.561,S3,search,502,obs,0.9375,3.7221,4.561,119.2,4.019,4.561,4.561
1786304018.561,S1,recommend,0,prior,0.0,,,,1.24,,1.24
1786304018.561,S1,reserve,0,prior,0.0,,,,1.658,,1.658
1786304018.561,S1,search,0,prior,0.0,,,,6.899,,6.899
1786304018.561,S2,recommend,0,prior,0.0,,,,0.975,,0.975
1786304018.561,S2,reserve,0,prior,0.0,,,,1.332,,1.332
1786304018.561,S2,search,0,prior,0.0,,,,4.287,,4.287
1786304018.561,S3,recommend,672,obs,0.9451,0.8293,1.449,104.1,1.0,1.449,1.449
1786304018.561,S3,reserve,338,obs,0.9412,0.923,1.206,116.8,1.348,1.206,1.206
1786304018.561,S3,search,508,obs,0.9437,3.7318,4.667,109.3,4.019,4.667,4.667
1786304019.560,S1,recommend,0,prior,0.0,,,,1.24,,1.24
1786304019.560,S1,reserve,0,prior,0.0,,,,1.658,,1.658
1786304019.560,S1,search,0,prior,0.0,,,,6.899,,6.899
1786304019.560,S2,recommend,0,prior,0.0,,,,0.975,,0.975
1786304019.560,S2,reserve,0,prior,0.0,,,,1.332,,1.332
1786304019.560,S2,search,0,prior,0.0,,,,4.287,,4.287
1786304019.560,S3,recommend,678,obs,0.95,0.797,1.335,98.6,1.0,1.335,1.335
1786304019.560,S3,reserve,342,obs,0.9487,0.9189,1.119,96.1,1.348,1.119,1.119
1786304019.560,S3,search,504,obs,0.9437,3.5451,4.46,103.6,4.019,4.46,4.46
1786304020.561,S1,recommend,0,prior,0.0,,,,1.24,,1.24
1786304020.561,S1,reserve,0,prior,0.0,,,,1.658,,1.658
1786304020.561,S1,search,0,prior,0.0,,,,6.899,,6.899
1786304020.561,S2,recommend,0,prior,0.0,,,,0.975,,0.975
1786304020.561,S2,reserve,0,prior,0.0,,,,1.332,,1.332
1786304020.561,S2,search,0,prior,0.0,,,,4.287,,4.287
1786304020.561,S3,recommend,684,obs,0.9563,0.8094,1.332,86.9,1.0,1.332,1.332
1786304020.561,S3,reserve,340,obs,0.9525,0.9164,1.019,84.3,1.348,1.019,1.019
1786304020.561,S3,search,510,obs,0.9537,3.543,4.406,89.3,4.019,4.406,4.406
1786304021.561,S1,recommend,0,prior,0.0,,,,1.24,,1.24
1786304021.561,S1,reserve,0,prior,0.0,,,,1.658,,1.658
1786304021.561,S1,search,0,prior,0.0,,,,6.899,,6.899
1786304021.561,S2,recommend,0,prior,0.0,,,,0.975,,0.975
1786304021.561,S2,reserve,0,prior,0.0,,,,1.332,,1.332
1786304021.561,S2,search,0,prior,0.0,,,,4.287,,4.287
1786304021.561,S3,recommend,688,obs,0.96,0.8287,1.379,74.3,1.0,1.379,1.379
1786304021.561,S3,reserve,342,obs,0.9637,0.9068,1.001,71.9,1.348,1.001,1.001
1786304021.561,S3,search,514,obs,0.9587,3.6027,4.475,79.4,4.019,4.475,4.475
1786304022.561,S1,recommend,0,prior,0.0,,,,1.24,,1.24
1786304022.561,S1,reserve,0,prior,0.0,,,,1.658,,1.658
1786304022.561,S1,search,0,prior,0.0,,,,6.899,,6.899
1786304022.561,S2,recommend,0,prior,0.0,,,,0.975,,0.975
1786304022.561,S2,reserve,0,prior,0.0,,,,1.332,,1.332
1786304022.561,S2,search,0,prior,0.0,,,,4.287,,4.287
1786304022.561,S3,recommend,690,obs,0.9675,0.8291,1.442,61.9,1.0,1.442,1.442
1786304022.561,S3,reserve,342,obs,0.9638,0.9268,1.029,66.9,1.348,1.029,1.029
1786304022.561,S3,search,520,obs,0.9675,3.6224,4.507,64.4,4.019,4.507,4.507
1786304023.561,S1,recommend,0,prior,0.0,,,,1.24,,1.24
1786304023.561,S1,reserve,0,prior,0.0,,,,1.658,,1.658
1786304023.561,S1,search,0,prior,0.0,,,,6.899,,6.899
1786304023.561,S2,recommend,0,prior,0.0,,,,0.975,,0.975
1786304023.561,S2,reserve,0,prior,0.0,,,,1.332,,1.332
1786304023.561,S2,search,0,prior,0.0,,,,4.287,,4.287
1786304023.561,S3,recommend,688,obs,0.9712,0.8047,1.431,57.0,1.0,1.431,1.431
1786304023.561,S3,reserve,350,obs,0.9712,0.9365,1.256,54.5,1.348,1.256,1.256
1786304023.561,S3,search,520,obs,0.9675,3.5733,4.507,59.5,4.019,4.507,4.507
1786304024.561,S1,recommend,0,prior,0.0,,,,1.24,,1.24
1786304024.561,S1,reserve,0,prior,0.0,,,,1.658,,1.658
1786304024.561,S1,search,0,prior,0.0,,,,6.899,,6.899
1786304024.561,S2,recommend,0,prior,0.0,,,,0.975,,0.975
1786304024.561,S2,reserve,0,prior,0.0,,,,1.332,,1.332
1786304024.561,S2,search,0,prior,0.0,,,,4.287,,4.287
1786304024.561,S3,recommend,696,obs,0.9762,0.7946,1.317,44.5,1.0,1.317,1.317
1786304024.561,S3,reserve,352,obs,0.9749,0.9202,1.137,42.0,1.348,1.137,1.137
1786304024.561,S3,search,520,obs,0.9762,3.5499,4.435,47.0,4.019,4.435,4.435
1786304025.561,S1,recommend,0,prior,0.0,,,,1.24,,1.24
1786304025.561,S1,reserve,0,prior,0.0,,,,1.658,,1.658
1786304025.561,S1,search,0,prior,0.0,,,,6.899,,6.899
1786304025.561,S2,recommend,0,prior,0.0,,,,0.975,,0.975
1786304025.561,S2,reserve,0,prior,0.0,,,,1.332,,1.332
1786304025.561,S2,search,0,prior,0.0,,,,4.287,,4.287
1786304025.561,S3,recommend,704,obs,0.9825,0.8117,1.346,32.0,1.0,1.346,1.346
1786304025.561,S3,reserve,350,obs,0.9788,0.9065,1.054,29.4,1.348,1.054,1.054
1786304025.561,S3,search,524,obs,0.9824,3.5741,4.461,34.6,4.019,4.461,4.461
1786304026.561,S1,recommend,0,prior,0.0,,,,1.24,,1.24
1786304026.561,S1,reserve,0,prior,0.0,,,,1.658,,1.658
1786304026.561,S1,search,0,prior,0.0,,,,6.899,,6.899
1786304026.561,S2,recommend,0,prior,0.0,,,,0.975,,0.975
1786304026.561,S2,reserve,0,prior,0.0,,,,1.332,,1.332
1786304026.561,S2,search,0,prior,0.0,,,,4.287,,4.287
1786304026.561,S3,recommend,670,obs,0.9375,0.8114,1.331,124.5,1.0,1.331,1.331
1786304026.561,S3,reserve,334,obs,0.9375,0.9041,1.022,122.1,1.348,1.022,1.022
1786304026.561,S3,search,500,obs,0.9325,3.5962,4.522,129.5,4.019,4.522,4.522
1786304027.561,S1,recommend,0,prior,0.0,,,,1.24,,1.24
1786304027.561,S1,reserve,0,prior,0.0,,,,1.658,,1.658
1786304027.561,S1,search,0,prior,0.0,,,,6.899,,6.899
1786304027.561,S2,recommend,0,prior,0.0,,,,0.975,,0.975
1786304027.561,S2,reserve,0,prior,0.0,,,,1.332,,1.332
1786304027.561,S2,search,0,prior,0.0,,,,4.287,,4.287
1786304027.561,S3,recommend,668,obs,0.9412,0.838,1.392,112.1,1.0,1.392,1.392
1786304027.561,S3,reserve,338,obs,0.9412,1.0019,1.072,117.1,1.348,1.072,1.072
1786304027.561,S3,search,506,obs,0.9413,3.6707,4.614,114.6,4.019,4.614,4.614
1786304028.561,S1,recommend,0,prior,0.0,,,,1.24,,1.24
1786304028.561,S1,reserve,0,prior,0.0,,,,1.658,,1.658
1786304028.561,S1,search,0,prior,0.0,,,,6.899,,6.899
1786304028.561,S2,recommend,0,prior,0.0,,,,0.975,,0.975
1786304028.561,S2,reserve,0,prior,0.0,,,,1.332,,1.332
1786304028.561,S2,search,0,prior,0.0,,,,4.287,,4.287
1786304028.561,S3,recommend,678,obs,0.95,0.8383,1.402,99.7,1.0,1.402,1.402
1786304028.561,S3,reserve,342,obs,0.9487,1.013,1.091,97.2,1.348,1.091,1.091
1786304028.561,S3,search,504,obs,0.9437,3.6503,4.402,104.6,4.019,4.402,4.402
1786304029.561,S1,recommend,0,prior,0.0,,,,1.24,,1.24
1786304029.561,S1,reserve,0,prior,0.0,,,,1.658,,1.658
1786304029.561,S1,search,0,prior,0.0,,,,6.899,,6.899
1786304029.561,S2,recommend,0,prior,0.0,,,,0.975,,0.975
1786304029.561,S2,reserve,0,prior,0.0,,,,1.332,,1.332
1786304029.561,S2,search,0,prior,0.0,,,,4.287,,4.287
1786304029.561,S3,recommend,684,obs,0.9562,0.8069,1.372,87.2,1.0,1.372,1.372
1786304029.561,S3,reserve,338,obs,0.9487,0.9343,1.218,92.2,1.348,1.218,1.218
1786304029.561,S3,search,510,obs,0.9537,3.5819,4.389,89.7,4.019,4.389,4.389
1786304030.560,S1,recommend,0,prior,0.0,,,,1.24,,1.24
1786304030.560,S1,reserve,0,prior,0.0,,,,1.658,,1.658
1786304030.560,S1,search,0,prior,0.0,,,,6.899,,6.899
1786304030.560,S2,recommend,0,prior,0.0,,,,0.975,,0.975
1786304030.560,S2,reserve,0,prior,0.0,,,,1.332,,1.332
1786304030.560,S2,search,0,prior,0.0,,,,4.287,,4.287
1786304030.560,S3,recommend,688,obs,0.96,0.8085,1.354,73.9,1.0,1.354,1.354
1786304030.560,S3,reserve,340,obs,0.9562,0.9261,1.184,86.6,1.348,1.184,1.184
1786304030.560,S3,search,514,obs,0.9587,3.5864,4.514,79.0,4.019,4.514,4.514
1786304031.561,S1,recommend,0,prior,0.0,,,,1.24,,1.24
1786304031.561,S1,reserve,0,prior,0.0,,,,1.658,,1.658
1786304031.561,S1,search,0,prior,0.0,,,,6.899,,6.899
1786304031.561,S2,recommend,0,prior,0.0,,,,0.975,,0.975
1786304031.561,S2,reserve,0,prior,0.0,,,,1.332,,1.332
1786304031.561,S2,search,0,prior,0.0,,,,4.287,,4.287
1786304031.561,S3,recommend,688,obs,0.9637,0.8059,1.346,69.7,1.0,1.346,1.346
1786304031.561,S3,reserve,342,obs,0.9637,0.9327,1.21,67.2,1.348,1.21,1.21
1786304031.561,S3,search,518,obs,0.9624,3.5576,4.507,74.7,4.019,4.507,4.507
1786304032.560,S1,recommend,0,prior,0.0,,,,1.24,,1.24
1786304032.560,S1,reserve,0,prior,0.0,,,,1.658,,1.658
1786304032.560,S1,search,0,prior,0.0,,,,6.899,,6.899
1786304032.560,S2,recommend,0,prior,0.0,,,,0.975,,0.975
1786304032.560,S2,reserve,0,prior,0.0,,,,1.332,,1.332
1786304032.560,S2,search,0,prior,0.0,,,,4.287,,4.287
1786304032.560,S3,recommend,688,obs,0.9712,0.8013,1.392,56.6,1.0,1.392,1.392
1786304032.560,S3,reserve,348,obs,0.9674,0.9268,1.124,61.5,1.348,1.124,1.124
1786304032.560,S3,search,520,obs,0.9675,3.5531,4.458,59.0,4.019,4.458,4.458
1786304033.561,S1,recommend,0,prior,0.0,,,,1.24,,1.24
1786304033.561,S1,reserve,0,prior,0.0,,,,1.658,,1.658
1786304033.561,S1,search,0,prior,0.0,,,,6.899,,6.899
1786304033.561,S2,recommend,0,prior,0.0,,,,0.975,,0.975
1786304033.561,S2,reserve,0,prior,0.0,,,,1.332,,1.332
1786304033.561,S2,search,0,prior,0.0,,,,4.287,,4.287
1786304033.561,S3,recommend,695,obs,0.9762,0.8035,1.341,44.9,1.0,1.341,1.341
1786304033.561,S3,reserve,350,obs,0.9712,0.905,1.085,49.8,1.348,1.085,1.085
1786304033.561,S3,search,519,obs,0.9762,3.5574,4.396,47.3,4.019,4.396,4.396
1786304034.561,S1,recommend,0,prior,0.0,,,,1.24,,1.24
1786304034.561,S1,reserve,0,prior,0.0,,,,1.658,,1.658
1786304034.561,S1,search,0,prior,0.0,,,,6.899,,6.899
1786304034.561,S2,recommend,0,prior,0.0,,,,0.975,,0.975
1786304034.561,S2,reserve,0,prior,0.0,,,,1.332,,1.332
1786304034.561,S2,search,0,prior,0.0,,,,4.287,,4.287
1786304034.561,S3,recommend,702,obs,0.9788,0.813,1.443,39.8,1.0,1.443,1.443
1786304034.561,S3,reserve,348,obs,0.9749,0.9013,1.041,37.4,1.348,1.041,1.041
1786304034.561,S3,search,522,obs,0.975,3.5692,4.36,49.8,4.019,4.36,4.36
1786304035.561,S1,recommend,0,prior,0.0,,,,1.24,,1.24
1786304035.561,S1,reserve,0,prior,0.0,,,,1.658,,1.658
1786304035.561,S1,search,0,prior,0.0,,,,6.899,,6.899
1786304035.561,S2,recommend,0,prior,0.0,,,,0.975,,0.975
1786304035.561,S2,reserve,0,prior,0.0,,,,1.332,,1.332
1786304035.561,S2,search,0,prior,0.0,,,,4.287,,4.287
1786304035.561,S3,recommend,670,obs,0.9375,0.8208,1.493,124.9,1.0,1.493,1.493
1786304035.561,S3,reserve,332,obs,0.93,0.9043,1.047,137.4,1.348,1.047,1.047
1786304035.561,S3,search,500,obs,0.9325,3.5842,4.373,129.9,4.019,4.373,4.373
1786304036.561,S1,recommend,0,prior,0.0,,,,1.24,,1.24
1786304036.561,S1,reserve,0,prior,0.0,,,,1.658,,1.658
1786304036.561,S1,search,0,prior,0.0,,,,6.899,,6.899
1786304036.561,S2,recommend,0,prior,0.0,,,,0.975,,0.975
1786304036.561,S2,reserve,0,prior,0.0,,,,1.332,,1.332
1786304036.561,S2,search,0,prior,0.0,,,,4.287,,4.287
1786304036.561,S3,recommend,666,obs,0.9375,0.8216,1.429,119.9,1.0,1.429,1.429
1786304036.561,S3,reserve,338,obs,0.9412,0.9136,1.126,117.5,1.348,1.126,1.126
1786304036.561,S3,search,504,obs,0.9375,3.572,4.454,122.4,4.019,4.454,4.454
1786304037.561,S1,recommend,0,prior,0.0,,,,1.24,,1.24
1786304037.561,S1,reserve,0,prior,0.0,,,,1.658,,1.658
1786304037.561,S1,search,0,prior,0.0,,,,6.899,,6.899
1786304037.561,S2,recommend,0,prior,0.0,,,,0.975,,0.975
1786304037.561,S2,reserve,0,prior,0.0,,,,1.332,,1.332
1786304037.561,S2,search,0,prior,0.0,,,,4.287,,4.287
1786304037.561,S3,recommend,674,obs,0.9462,0.8204,1.385,107.5,1.0,1.385,1.385
1786304037.561,S3,reserve,340,obs,0.9412,0.9598,1.045,112.5,1.348,1.045,1.045
1786304037.561,S3,search,502,obs,0.9412,3.6314,4.466,110.0,4.019,4.466,4.466
1786304038.561,S1,recommend,0,prior,0.0,,,,1.24,,1.24
1786304038.561,S1,reserve,0,prior,0.0,,,,1.658,,1.658
1786304038.561,S1,search,0,prior,0.0,,,,6.899,,6.899
1786304038.561,S2,recommend,0,prior,0.0,,,,0.975,,0.975
1786304038.561,S2,reserve,0,prior,0.0,,,,1.332,,1.332
1786304038.561,S2,search,0,prior,0.0,,,,4.287,,4.287
1786304038.561,S3,recommend,682,obs,0.9525,0.811,1.359,94.3,1.0,1.359,1.359
1786304038.561,S3,reserve,336,obs,0.9412,0.9612,1.108,106.8,1.348,1.108,1.108
1786304038.561,S3,search,508,obs,0.9487,3.6396,4.394,99.3,4.019,4.394,4.394
1786304039.561,S1,recommend,0,prior,0.0,,,,1.24,,1.24
1786304039.561,S1,reserve,0,prior,0.0,,,,1.658,,1.658
1786304039.561,S1,search,0,prior,0.0,,,,6.899,,6.899
1786304039.561,S2,recommend,0,prior,0.0,,,,0.975,,0.975
1786304039.561,S2,reserve,0,prior,0.0,,,,1.332,,1.332
1786304039.561,S2,search,0,prior,0.0,,,,4.287,,4.287
1786304039.561,S3,recommend,682,obs,0.9525,0.8145,1.452,90.0,1.0,1.452,1.452
1786304039.561,S3,reserve,340,obs,0.9561,0.9177,1.108,87.5,1.348,1.108,1.108
1786304039.561,S3,search,510,obs,0.9512,3.5784,4.47,95.0,4.019,4.47,4.47
1786304040.561,S1,recommend,0,prior,0.0,,,,1.24,,1.24
1786304040.561,S1,reserve,0,prior,0.0,,,,1.658,,1.658
1786304040.561,S1,search,0,prior,0.0,,,,6.899,,6.899
1786304040.561,S2,recommend,0,prior,0.0,,,,0.975,,0.975
1786304040.561,S2,reserve,0,prior,0.0,,,,1.332,,1.332
1786304040.561,S2,search,0,prior,0.0,,,,4.287,,4.287
1786304040.561,S3,recommend,684,obs,0.96,0.8132,1.459,77.6,1.0,1.459,1.459
1786304040.561,S3,reserve,340,obs,0.9563,0.9252,1.027,82.5,1.348,1.027,1.027
1786304040.561,S3,search,516,obs,0.96,3.5694,4.47,80.0,4.019,4.47,4.47
1786304041.561,S1,recommend,0,prior,0.0,,,,1.24,,1.24
1786304041.561,S1,reserve,0,prior,0.0,,,,1.658,,1.658
1786304041.561,S1,search,0,prior,0.0,,,,6.899,,6.899
1786304041.561,S2,recommend,0,prior,0.0,,,,0.975,,0.975
1786304041.561,S2,reserve,0,prior,0.0,,,,1.332,,1.332
1786304041.561,S2,search,0,prior,0.0,,,,4.287,,4.287
1786304041.561,S3,recommend,684,obs,0.9637,0.8037,1.43,65.1,1.0,1.43,1.43
1786304041.561,S3,reserve,346,obs,0.9599,0.9209,1.03,77.6,1.348,1.03,1.03
1786304041.561,S3,search,518,obs,0.9625,3.5627,4.373,70.1,4.019,4.373,4.373
1786304042.561,S1,recommend,0,prior,0.0,,,,1.24,,1.24
1786304042.561,S1,reserve,0,prior,0.0,,,,1.658,,1.658
1786304042.561,S1,search,0,prior,0.0,,,,6.899,,6.899
1786304042.561,S2,recommend,0,prior,0.0,,,,0.975,,0.975
1786304042.561,S2,reserve,0,prior,0.0,,,,1.332,,1.332
1786304042.561,S2,search,0,prior,0.0,,,,4.287,,4.287
1786304042.561,S3,recommend,694,obs,0.9725,0.827,1.605,52.6,1.0,1.605,1.605
1786304042.561,S3,reserve,348,obs,0.9675,0.9059,1.09,57.6,1.348,1.09,1.09
1786304042.561,S3,search,518,obs,0.9724,3.577,4.472,55.1,4.019,4.472,4.472
1786304043.561,S1,recommend,0,prior,0.0,,,,1.24,,1.24
1786304043.561,S1,reserve,0,prior,0.0,,,,1.658,,1.658
1786304043.561,S1,search,0,prior,0.0,,,,6.899,,6.899
1786304043.561,S2,recommend,0,prior,0.0,,,,0.975,,0.975
1786304043.561,S2,reserve,0,prior,0.0,,,,1.332,,1.332
1786304043.561,S2,search,0,prior,0.0,,,,4.287,,4.287
1786304043.561,S3,recommend,702,obs,0.9787,0.8271,1.503,40.2,1.0,1.503,1.503
1786304043.561,S3,reserve,346,obs,0.9712,0.8961,1.021,45.1,1.348,1.021,1.021
1786304043.561,S3,search,520,obs,0.9725,3.5813,4.494,50.2,4.019,4.494,4.494
1786304044.561,S1,recommend,0,prior,0.0,,,,1.24,,1.24
1786304044.561,S1,reserve,0,prior,0.0,,,,1.658,,1.658
1786304044.561,S1,search,0,prior,0.0,,,,6.899,,6.899
1786304044.561,S2,recommend,0,prior,0.0,,,,0.975,,0.975
1786304044.561,S2,reserve,0,prior,0.0,,,,1.332,,1.332
1786304044.561,S2,search,0,prior,0.0,,,,4.287,,4.287
1786304044.561,S3,recommend,702,obs,0.9787,0.8081,1.364,35.2,1.0,1.364,1.364
1786304044.561,S3,reserve,348,obs,0.9825,0.9166,1.178,32.7,1.348,1.178,1.178
1786304044.561,S3,search,524,obs,0.9775,3.5694,4.455,40.2,4.019,4.455,4.455
1786304045.561,S1,recommend,0,prior,0.0,,,,1.24,,1.24
1786304045.561,S1,reserve,0,prior,0.0,,,,1.658,,1.658
1786304045.561,S1,search,0,prior,0.0,,,,6.899,,6.899
1786304045.561,S2,recommend,0,prior,0.0,,,,0.975,,0.975
1786304045.561,S2,reserve,0,prior,0.0,,,,1.332,,1.332
1786304045.561,S2,search,0,prior,0.0,,,,4.287,,4.287
1786304045.561,S3,recommend,664,obs,0.9337,0.8084,1.338,127.7,1.0,1.338,1.338
1786304045.561,S3,reserve,334,obs,0.93,0.9266,1.209,132.7,1.348,1.209,1.209
1786304045.561,S3,search,502,obs,0.9362,3.6029,4.483,125.2,4.019,4.483,4.483
1786304046.560,S1,recommend,0,prior,0.0,,,,1.24,,1.24
1786304046.560,S1,reserve,0,prior,0.0,,,,1.658,,1.658
1786304046.560,S1,search,0,prior,0.0,,,,6.899,,6.899
1786304046.560,S2,recommend,0,prior,0.0,,,,0.975,,0.975
1786304046.560,S2,reserve,0,prior,0.0,,,,1.332,,1.332
1786304046.560,S2,search,0,prior,0.0,,,,4.287,,4.287
1786304046.560,S3,recommend,672,obs,0.9425,0.8046,1.371,114.5,1.0,1.371,1.371
1786304046.560,S3,reserve,340,obs,0.9412,0.9252,1.031,112.1,1.348,1.031,1.031
1786304046.560,S3,search,500,obs,0.9375,3.5985,4.648,117.0,4.019,4.648,4.648
1786304047.561,S1,recommend,0,prior,0.0,,,,1.24,,1.24
1786304047.561,S1,reserve,0,prior,0.0,,,,1.658,,1.658
1786304047.561,S1,search,0,prior,0.0,,,,6.899,,6.899
1786304047.561,S2,recommend,0,prior,0.0,,,,0.975,,0.975
1786304047.561,S2,reserve,0,prior,0.0,,,,1.332,,1.332
1786304047.561,S2,search,0,prior,0.0,,,,4.287,,4.287
1786304047.561,S3,recommend,676,obs,0.9462,0.8787,1.485,102.8,1.0,1.485,1.485
1786304047.561,S3,reserve,336,obs,0.9412,0.9728,1.1,107.8,1.348,1.1,1.1
1786304047.561,S3,search,506,obs,0.9462,3.6853,4.698,105.3,4.019,4.698,4.698
1786304048.561,S1,recommend,0,prior,0.0,,,,1.24,,1.24
1786304048.561,S1,reserve,0,prior,0.0,,,,1.658,,1.658
1786304048.561,S1,search,0,prior,0.0,,,,6.899,,6.899
1786304048.561,S2,recommend,0,prior,0.0,,,,0.975,,0.975
1786304048.561,S2,reserve,0,prior,0.0,,,,1.332,,1.332
1786304048.561,S2,search,0,prior,0.0,,,,4.287,,4.287
1786304048.561,S3,recommend,682,obs,0.9525,0.8694,1.392,90.3,1.0,1.392,1.392
1786304048.561,S3,reserve,336,obs,0.9412,0.9562,1.023,102.8,1.348,1.023,1.023
1786304048.561,S3,search,510,obs,0.9512,3.6725,4.657,95.3,4.019,4.657,4.657
1786304049.561,S1,recommend,0,prior,0.0,,,,1.24,,1.24
1786304049.561,S1,reserve,0,prior,0.0,,,,1.658,,1.658
1786304049.561,S1,search,0,prior,0.0,,,,6.899,,6.899
1786304049.561,S2,recommend,0,prior,0.0,,,,0.975,,0.975
1786304049.561,S2,reserve,0,prior,0.0,,,,1.332,,1.332
1786304049.561,S2,search,0,prior,0.0,,,,4.287,,4.287
1786304049.561,S3,recommend,684,obs,0.96,0.8026,1.367,77.9,1.0,1.367,1.367
1786304049.561,S3,reserve,340,obs,0.9562,0.9071,1.028,82.9,1.348,1.028,1.028
1786304049.561,S3,search,514,obs,0.9563,3.5626,4.402,80.3,4.019,4.402,4.402
1786304050.561,S1,recommend,0,prior,0.0,,,,1.24,,1.24
1786304050.561,S1,reserve,0,prior,0.0,,,,1.658,,1.658
1786304050.561,S1,search,0,prior,0.0,,,,6.899,,6.899
1786304050.561,S2,recommend,0,prior,0.0,,,,0.975,,0.975
1786304050.561,S2,reserve,0,prior,0.0,,,,1.332,,1.332
1786304050.561,S2,search,0,prior,0.0,,,,4.287,,4.287
1786304050.561,S3,recommend,682,obs,0.9624,0.791,1.325,67.9,1.0,1.325,1.325
1786304050.561,S3,reserve,346,obs,0.9599,0.9071,1.044,77.9,1.348,1.044,1.044
1786304050.561,S3,search,518,obs,0.9624,3.5662,4.574,70.4,4.019,4.574,4.574
1786304051.560,S1,recommend,0,prior,0.0,,,,1.24,,1.24
1786304051.560,S1,reserve,0,prior,0.0,,,,1.658,,1.658
1786304051.560,S1,search,0,prior,0.0,,,,6.899,,6.899
1786304051.560,S2,recommend,0,prior,0.0,,,,0.975,,0.975
1786304051.560,S2,reserve,0,prior,0.0,,,,1.332,,1.332
1786304051.560,S2,search,0,prior,0.0,,,,4.287,,4.287
1786304051.560,S3,recommend,692,obs,0.9687,0.8019,1.394,59.7,1.0,1.394,1.394
1786304051.560,S3,reserve,348,obs,0.9674,0.9222,1.232,57.2,1.348,1.232,1.232
1786304051.560,S3,search,516,obs,0.9675,3.5501,4.57,64.7,4.019,4.57,4.57
1786304052.561,S1,recommend,0,prior,0.0,,,,1.24,,1.24
1786304052.561,S1,reserve,0,prior,0.0,,,,1.658,,1.658
1786304052.561,S1,search,0,prior,0.0,,,,6.899,,6.899
1786304052.561,S2,recommend,0,prior,0.0,,,,0.975,,0.975
1786304052.561,S2,reserve,0,prior,0.0,,,,1.332,,1.332
1786304052.561,S2,search,0,prior,0.0,,,,4.287,,4.287
1786304052.561,S3,recommend,698,obs,0.975,0.8126,1.497,48.0,1.0,1.497,1.497
1786304052.561,S3,reserve,344,obs,0.9675,0.9437,1.476,52.9,1.348,1.476,1.476
1786304052.561,S3,search,520,obs,0.9725,3.5268,4.288,50.4,4.019,4.288,4.288
1786304053.561,S1,recommend,0,prior,0.0,,,,1.24,,1.24
1786304053.561,S1,reserve,0,prior,0.0,,,,1.658,,1.658
1786304053.561,S1,search,0,prior,0.0,,,,6.899,,6.899
1786304053.561,S2,recommend,0,prior,0.0,,,,0.975,,0.975
1786304053.561,S2,reserve,0,prior,0.0,,,,1.332,,1.332
1786304053.561,S2,search,0,prior,0.0,,,,4.287,,4.287
1786304053.561,S3,recommend,702,obs,0.9788,0.815,1.5,35.5,1.0,1.5,1.5
1786304053.561,S3,reserve,346,obs,0.9749,0.926,1.353,48.0,1.348,1.353,1.353
1786304053.561,S3,search,524,obs,0.9774,3.5783,4.477,40.4,4.019,4.477,4.477
1786304054.560,S1,recommend,0,prior,0.0,,,,1.24,,1.24
1786304054.560,S1,reserve,0,prior,0.0,,,,1.658,,1.658
1786304054.560,S1,search,0,prior,0.0,,,,6.899,,6.899
1786304054.560,S2,recommend,0,prior,0.0,,,,0.975,,0.975
1786304054.560,S2,reserve,0,prior,0.0,,,,1.332,,1.332
1786304054.560,S2,search,0,prior,0.0,,,,4.287,,4.287
1786304054.560,S3,recommend,664,obs,0.9337,0.8362,1.49,127.3,1.0,1.49,1.49
1786304054.560,S3,reserve,336,obs,0.9337,0.9264,1.218,132.3,1.348,1.218,1.218
1786304054.560,S3,search,500,obs,0.9337,3.6116,4.498,129.9,4.019,4.498,4.498
1786304055.561,S1,recommend,0,prior,0.0,,,,1.24,,1.24
1786304055.561,S1,reserve,0,prior,0.0,,,,1.658,,1.658
1786304055.561,S1,search,0,prior,0.0,,,,6.899,,6.899
1786304055.561,S2,recommend,0,prior,0.0,,,,0.975,,0.975
1786304055.561,S2,reserve,0,prior,0.0,,,,1.332,,1.332
1786304055.561,S2,search,0,prior,0.0,,,,4.287,,4.287
1786304055.561,S3,recommend,670,obs,0.9412,0.8311,1.523,115.5,1.0,1.523,1.523
1786304055.561,S3,reserve,338,obs,0.9375,0.9433,1.161,120.5,1.348,1.161,1.161
1786304055.561,S3,search,500,obs,0.9375,3.5759,4.444,118.1,4.019,4.444,4.444
1786304056.561,S1,recommend,0,prior,0.0,,,,1.24,,1.24
1786304056.561,S1,reserve,0,prior,0.0,,,,1.658,,1.658
1786304056.561,S1,search,0,prior,0.0,,,,6.899,,6.899
1786304056.561,S2,recommend,0,prior,0.0,,,,0.975,,0.975
1786304056.561,S2,reserve,0,prior,0.0,,,,1.332,,1.332
1786304056.561,S2,search,0,prior,0.0,,,,4.287,,4.287
1786304056.561,S3,recommend,674,obs,0.9425,0.8275,1.523,110.5,1.0,1.523,1.523
1786304056.561,S3,reserve,336,obs,0.9412,0.925,1.106,108.1,1.348,1.106,1.106
1786304056.561,S3,search,504,obs,0.9425,3.5496,4.444,113.1,4.019,4.444,4.444
1786304057.561,S1,recommend,0,prior,0.0,,,,1.24,,1.24
1786304057.561,S1,reserve,0,prior,0.0,,,,1.658,,1.658
1786304057.561,S1,search,0,prior,0.0,,,,6.899,,6.899
1786304057.561,S2,recommend,0,prior,0.0,,,,0.975,,0.975
1786304057.561,S2,reserve,0,prior,0.0,,,,1.332,,1.332
1786304057.561,S2,search,0,prior,0.0,,,,4.287,,4.287
1786304057.561,S3,recommend,678,obs,0.9487,0.9205,1.534,98.1,1.0,1.534,1.534
1786304057.561,S3,reserve,336,obs,0.9412,0.9389,1.12,103.1,1.348,1.12,1.12
1786304057.561,S3,search,508,obs,0.9487,3.6994,4.434,100.6,4.019,4.434,4.434
1786304058.561,S1,recommend,0,prior,0.0,,,,1.24,,1.24
1786304058.561,S1,reserve,0,prior,0.0,,,,1.658,,1.658
1786304058.561,S1,search,0,prior,0.0,,,,6.899,,6.899
1786304058.561,S2,recommend,0,prior,0.0,,,,0.975,,0.975
1786304058.561,S2,reserve,0,prior,0.0,,,,1.332,,1.332
1786304058.561,S2,search,0,prior,0.0,,,,4.287,,4.287
1786304058.561,S3,recommend,682,obs,0.9562,0.8957,1.458,85.6,1.0,1.458,1.458
1786304058.561,S3,reserve,338,obs,0.9486,0.9581,1.408,98.1,1.348,1.408,1.408
1786304058.561,S3,search,512,obs,0.9512,3.7047,4.393,90.7,4.019,4.393,4.393
1786304059.561,S1,recommend,0,prior,0.0,,,,1.24,,1.24
1786304059.561,S1,reserve,0,prior,0.0,,,,1.658,,1.658
1786304059.561,S1,search,0,prior,0.0,,,,6.899,,6.899
1786304059.561,S2,recommend,0,prior,0.0,,,,0.975,,0.975
1786304059.561,S2,reserve,0,prior,0.0,,,,1.332,,1.332
1786304059.561,S2,search,0,prior,0.0,,,,4.287,,4.287
1786304059.561,S3,recommend,678,obs,0.9562,0.8152,1.416,80.7,1.0,1.416,1.416
1786304059.561,S3,reserve,346,obs,0.96,0.9136,1.106,78.1,1.348,1.106,1.106
1786304059.561,S3,search,515,obs,0.96,3.5693,4.377,75.7,4.019,4.377,4.377
1786304060.560,S1,recommend,0,prior,0.0,,,,1.24,,1.24
1786304060.560,S1,reserve,0,prior,0.0,,,,1.658,,1.658
1786304060.560,S1,search,0,prior,0.0,,,,6.899,,6.899
1786304060.560,S2,recommend,0,prior,0.0,,,,0.975,,0.975
1786304060.560,S2,reserve,0,prior,0.0,,,,1.332,,1.332
1786304060.560,S2,search,0,prior,0.0,,,,4.287,,4.287
1786304060.560,S3,recommend,688,obs,0.965,0.8131,1.435,67.5,1.0,1.435,1.435
1786304060.560,S3,reserve,346,obs,0.96,0.9035,1.032,72.6,1.348,1.032,1.032
1786304060.560,S3,search,514,obs,0.9649,3.5716,4.407,70.0,4.019,4.407,4.407
1786304061.561,S1,recommend,0,prior,0.0,,,,1.24,,1.24
1786304061.561,S1,reserve,0,prior,0.0,,,,1.658,,1.658
1786304061.561,S1,search,0,prior,0.0,,,,6.899,,6.899
1786304061.561,S2,recommend,0,prior,0.0,,,,0.975,,0.975
1786304061.561,S2,reserve,0,prior,0.0,,,,1.332,,1.332
1786304061.561,S2,search,0,prior,0.0,,,,4.287,,4.287
1786304061.561,S3,recommend,696,obs,0.9713,0.8225,1.48,55.7,1.0,1.48,1.48
1786304061.561,S3,reserve,344,obs,0.9675,0.9241,1.145,53.3,1.348,1.145,1.145
1786304061.561,S3,search,518,obs,0.9675,3.6004,4.507,60.7,4.019,4.507,4.507
1786304062.560,S1,recommend,0,prior,0.0,,,,1.24,,1.24
1786304062.560,S1,reserve,0,prior,0.0,,,,1.658,,1.658
1786304062.560,S1,search,0,prior,0.0,,,,6.899,,6.899
1786304062.560,S2,recommend,0,prior,0.0,,,,0.975,,0.975
1786304062.560,S2,reserve,0,prior,0.0,,,,1.332,,1.332
1786304062.560,S2,search,0,prior,0.0,,,,4.287,,4.287
1786304062.560,S3,recommend,699,obs,0.9787,0.8058,1.336,42.6,1.0,1.336,1.336
1786304062.560,S3,reserve,346,obs,0.975,0.9208,1.089,47.6,1.348,1.089,1.089
1786304062.560,S3,search,522,obs,0.975,3.5994,4.502,45.1,4.019,4.502,4.502
1786304063.561,S1,recommend,0,prior,0.0,,,,1.24,,1.24
1786304063.561,S1,reserve,0,prior,0.0,,,,1.658,,1.658
1786304063.561,S1,search,0,prior,0.0,,,,6.899,,6.899
1786304063.561,S2,recommend,0,prior,0.0,,,,0.975,,0.975
1786304063.561,S2,reserve,0,prior,0.0,,,,1.332,,1.332
1786304063.561,S2,search,0,prior,0.0,,,,4.287,,4.287
1786304063.561,S3,recommend,698,obs,0.9812,0.7974,1.274,33.3,1.0,1.274,1.274
1786304063.561,S3,reserve,348,obs,0.975,0.9164,1.211,43.3,1.348,1.211,1.211
1786304063.561,S3,search,528,obs,0.9812,3.5788,4.465,35.8,4.019,4.465,4.465
1786304064.560,S1,recommend,0,prior,0.0,,,,1.24,,1.24
1786304064.560,S1,reserve,0,prior,0.0,,,,1.658,,1.658
1786304064.560,S1,search,0,prior,0.0,,,,6.899,,6.899
1786304064.560,S2,recommend,0,prior,0.0,,,,0.975,,0.975
1786304064.560,S2,reserve,0,prior,0.0,,,,1.332,,1.332
1786304064.560,S2,search,0,prior,0.0,,,,4.287,,4.287
1786304064.560,S3,recommend,668,obs,0.9375,0.8072,1.459,122.6,1.0,1.459,1.459
1786304064.560,S3,reserve,336,obs,0.9337,0.9249,1.232,127.7,1.348,1.232,1.232
1786304064.560,S3,search,498,obs,0.9337,3.5579,4.416,125.2,4.019,4.416,4.416
1786304065.561,S1,recommend,0,prior,0.0,,,,1.24,,1.24
1786304065.561,S1,reserve,0,prior,0.0,,,,1.658,,1.658
1786304065.561,S1,search,0,prior,0.0,,,,6.899,,6.899
1786304065.561,S2,recommend,0,prior,0.0,,,,0.975,,0.975
1786304065.561,S2,reserve,0,prior,0.0,,,,1.332,,1.332
1786304065.561,S2,search,0,prior,0.0,,,,4.287,,4.287
1786304065.561,S3,recommend,674,obs,0.9425,0.8047,1.401,110.9,1.0,1.401,1.401
1786304065.561,S3,reserve,334,obs,0.9374,0.912,1.117,115.9,1.348,1.117,1.117
1786304065.561,S3,search,504,obs,0.9424,3.5791,4.458,113.4,4.019,4.458,4.458
1786304066.561,S1,recommend,0,prior,0.0,,,,1.24,,1.24
1786304066.561,S1,reserve,0,prior,0.0,,,,1.658,,1.658
1786304066.561,S1,search,0,prior,0.0,,,,6.899,,6.899
1786304066.561,S2,recommend,0,prior,0.0,,,,0.975,,0.975
1786304066.561,S2,reserve,0,prior,0.0,,,,1.332,,1.332
1786304066.561,S2,search,0,prior,0.0,,,,4.287,,4.287
1786304066.561,S3,recommend,678,obs,0.9487,0.804,1.401,98.4,1.0,1.401,1.401
1786304066.561,S3,reserve,336,obs,0.9413,0.8882,1.024,103.4,1.348,1.024,1.024
1786304066.561,S3,search,507,obs,0.9487,3.6026,4.474,101.0,4.019,4.474,4.474
1786304067.561,S1,recommend,0,prior,0.0,,,,1.24,,1.24
1786304067.561,S1,reserve,0,prior,0.0,,,,1.658,,1.658
1786304067.561,S1,search,0,prior,0.0,,,,6.899,,6.899
1786304067.561,S2,recommend,0,prior,0.0,,,,0.975,,0.975
1786304067.561,S2,reserve,0,prior,0.0,,,,1.332,,1.332
1786304067.561,S2,search,0,prior,0.0,,,,4.287,,4.287
1786304067.561,S3,recommend,680,obs,0.9549,0.8326,1.56,88.4,1.0,1.56,1.56
1786304067.561,S3,reserve,338,obs,0.9487,1.034,1.063,98.4,1.348,1.063,1.063
1786304067.561,S3,search,512,obs,0.9512,3.7035,4.587,90.9,4.019,4.587,4.587
1786304068.561,S1,recommend,0,prior,0.0,,,,1.24,,1.24
1786304068.561,S1,reserve,0,prior,0.0,,,,1.658,,1.658
1786304068.561,S1,search,0,prior,0.0,,,,6.899,,6.899
1786304068.561,S2,recommend,0,prior,0.0,,,,0.975,,0.975
1786304068.561,S2,reserve,0,prior,0.0,,,,1.332,,1.332
1786304068.561,S2,search,0,prior,0.0,,,,4.287,,4.287
1786304068.561,S3,recommend,678,obs,0.9562,0.8458,1.547,81.0,1.0,1.547,1.547
1786304068.561,S3,reserve,346,obs,0.96,1.0424,1.137,78.5,1.348,1.137,1.137
1786304068.561,S3,search,514,obs,0.9562,3.6826,4.579,83.5,4.019,4.579,4.579
1786304069.561,S1,recommend,0,prior,0.0,,,,1.24,,1.24
1786304069.561,S1,reserve,0,prior,0.0,,,,1.658,,1.658
1786304069.561,S1,search,0,prior,0.0,,,,6.899,,6.899
1786304069.561,S2,recommend,0,prior,0.0,,,,0.975,,0.975
1786304069.561,S2,reserve,0,prior,0.0,,,,1.332,,1.332
1786304069.561,S2,search,0,prior,0.0,,,,4.287,,4.287
1786304069.561,S3,recommend,688,obs,0.965,0.7972,1.323,68.5,1.0,1.323,1.323
1786304069.561,S3,reserve,346,obs,0.96,0.9035,1.077,73.5,1.348,1.077,1.077
1786304069.561,S3,search,511,obs,0.96,3.5642,4.424,71.0,4.019,4.424,4.424
1786304070.561,S1,recommend,0,prior,0.0,,,,1.24,,1.24
1786304070.561,S1,reserve,0,prior,0.0,,,,1.658,,1.658
1786304070.561,S1,search,0,prior,0.0,,,,6.899,,6.899
1786304070.561,S2,recommend,0,prior,0.0,,,,0.975,,0.975
1786304070.561,S2,reserve,0,prior,0.0,,,,1.332,,1.332
1786304070.561,S2,search,0,prior,0.0,,,,4.287,,4.287
1786304070.561,S3,recommend,694,obs,0.97,0.8025,1.328,58.5,1.0,1.328,1.328
1786304070.561,S3,reserve,342,obs,0.96,0.9116,1.165,68.6,1.348,1.165,1.165
1786304070.561,S3,search,518,obs,0.9674,3.5885,4.469,61.1,4.019,4.469,4.469
1786304071.561,S1,recommend,0,prior,0.0,,,,1.24,,1.24
1786304071.561,S1,reserve,0,prior,0.0,,,,1.658,,1.658
1786304071.561,S1,search,0,prior,0.0,,,,6.899,,6.899
1786304071.561,S2,recommend,0,prior,0.0,,,,0.975,,0.975
1786304071.561,S2,reserve,0,prior,0.0,,,,1.332,,1.332
1786304071.561,S2,search,0,prior,0.0,,,,4.287,,4.287
1786304071.561,S3,recommend,696,obs,0.9712,0.8227,1.391,51.1,1.0,1.391,1.391
1786304071.561,S3,reserve,346,obs,0.975,0.9181,1.152,48.6,1.348,1.152,1.152
1786304071.561,S3,search,520,obs,0.97,3.606,4.505,56.1,4.019,4.505,4.505
1786304072.561,S1,recommend,0,prior,0.0,,,,1.24,,1.24
1786304072.561,S1,reserve,0,prior,0.0,,,,1.658,,1.658
1786304072.561,S1,search,0,prior,0.0,,,,6.899,,6.899
1786304072.561,S2,recommend,0,prior,0.0,,,,0.975,,0.975
1786304072.561,S2,reserve,0,prior,0.0,,,,1.332,,1.332
1786304072.561,S2,search,0,prior,0.0,,,,4.287,,4.287
1786304072.561,S3,recommend,696,obs,0.9787,0.8225,1.419,38.6,1.0,1.419,1.419
1786304072.561,S3,reserve,348,obs,0.9749,0.9181,1.13,43.6,1.348,1.13,1.13
1786304072.561,S3,search,526,obs,0.9787,3.5801,4.505,41.1,4.019,4.505,4.505
1786304073.561,S1,recommend,0,prior,0.0,,,,1.24,,1.24
1786304073.561,S1,reserve,0,prior,0.0,,,,1.658,,1.658
1786304073.561,S1,search,0,prior,0.0,,,,6.899,,6.899
1786304073.561,S2,recommend,0,prior,0.0,,,,0.975,,0.975
1786304073.561,S2,reserve,0,prior,0.0,,,,1.332,,1.332
1786304073.561,S2,search,0,prior,0.0,,,,4.287,,4.287
1786304073.561,S3,recommend,666,obs,0.9337,0.8116,1.392,131.1,1.0,1.392,1.392
1786304073.561,S3,reserve,336,obs,0.9337,0.922,1.193,128.6,1.348,1.193,1.193
1786304073.561,S3,search,496,obs,0.93,3.5748,4.484,133.6,4.019,4.484,4.484
1786304074.561,S1,recommend,0,prior,0.0,,,,1.24,,1.24
1786304074.561,S1,reserve,0,prior,0.0,,,,1.658,,1.658
1786304074.561,S1,search,0,prior,0.0,,,,6.899,,6.899
1786304074.561,S2,recommend,0,prior,0.0,,,,0.975,,0.975
1786304074.561,S2,reserve,0,prior,0.0,,,,1.332,,1.332
1786304074.561,S2,search,0,prior,0.0,,,,4.287,,4.287
1786304074.561,S3,recommend,672,obs,0.9387,0.8068,1.365,118.7,1.0,1.365,1.365
1786304074.561,S3,reserve,332,obs,0.93,0.9184,1.104,131.1,1.348,1.104,1.104
1786304074.561,S3,search,502,obs,0.9375,3.5808,4.497,123.7,4.019,4.497,4.497
1786304075.561,S1,recommend,0,prior,0.0,,,,1.24,,1.24
1786304075.561,S1,reserve,0,prior,0.0,,,,1.658,,1.658
1786304075.561,S1,search,0,prior,0.0,,,,6.899,,6.899
1786304075.561,S2,recommend,0,prior,0.0,,,,0.975,,0.975
1786304075.561,S2,reserve,0,prior,0.0,,,,1.332,,1.332
1786304075.561,S2,search,0,prior,0.0,,,,4.287,,4.287
1786304075.561,S3,recommend,676,obs,0.9449,0.834,1.477,106.2,1.0,1.477,1.477
1786304075.561,S3,reserve,334,obs,0.9374,0.9059,1.06,111.2,1.348,1.06,1.06
1786304075.561,S3,search,506,obs,0.945,3.6267,4.674,108.7,4.019,4.674,4.674
1786304076.561,S1,recommend,0,prior,0.0,,,,1.24,,1.24
1786304076.561,S1,reserve,0,prior,0.0,,,,1.658,,1.658
1786304076.561,S1,search,0,prior,0.0,,,,6.899,,6.899
1786304076.561,S2,recommend,0,prior,0.0,,,,0.975,,0.975
1786304076.561,S2,reserve,0,prior,0.0,,,,1.332,,1.332
1786304076.561,S2,search,0,prior,0.0,,,,4.287,,4.287
1786304076.561,S3,recommend,676,obs,0.9487,0.8419,1.44,101.2,1.0,1.44,1.44
1786304076.561,S3,reserve,338,obs,0.9487,0.9236,1.236,98.8,1.348,1.236,1.236
1786304076.561,S3,search,508,obs,0.945,3.6147,4.699,103.7,4.019,4.699,4.699
1786304077.561,S1,recommend,0,prior,0.0,,,,1.24,,1.24
1786304077.561,S1,reserve,0,prior,0.0,,,,1.658,,1.658
1786304077.561,S1,search,0,prior,0.0,,,,6.899,,6.899
1786304077.561,S2,recommend,0,prior,0.0,,,,0.975,,0.975
1786304077.561,S2,reserve,0,prior,0.0,,,,1.332,,1.332
1786304077.561,S2,search,0,prior,0.0,,,,4.287,,4.287
1786304077.561,S3,recommend,676,obs,0.9524,0.8523,1.403,88.8,1.0,1.403,1.403
1786304077.561,S3,reserve,344,obs,0.9525,0.9715,1.237,93.8,1.348,1.237,1.237
1786304077.561,S3,search,512,obs,0.955,3.6407,4.519,86.3,4.019,4.519,4.519
1786304078.561,S1,recommend,0,prior,0.0,,,,1.24,,1.24
1786304078.561,S1,reserve,0,prior,0.0,,,,1.658,,1.658
1786304078.561,S1,search,0,prior,0.0,,,,6.899,,6.899
1786304078.561,S2,recommend,0,prior,0.0,,,,0.975,,0.975
1786304078.561,S2,reserve,0,prior,0.0,,,,1.332,,1.332
1786304078.561,S2,search,0,prior,0.0,,,,4.287,,4.287
1786304078.561,S3,recommend,686,obs,0.9612,0.8505,1.502,76.3,1.0,1.502,1.502
1786304078.561,S3,reserve,346,obs,0.9599,0.9532,1.135,73.8,1.348,1.135,1.135
1786304078.561,S3,search,510,obs,0.9562,3.6354,4.473,78.8,4.019,4.473,4.473
1786304079.561,S1,recommend,0,prior,0.0,,,,1.24,,1.24
1786304079.561,S1,reserve,0,prior,0.0,,,,1.658,,1.658
1786304079.561,S1,search,0,prior,0.0,,,,6.899,,6.899
1786304079.561,S2,recommend,0,prior,0.0,,,,0.975,,0.975
1786304079.561,S2,reserve,0,prior,0.0,,,,1.332,,1.332
1786304079.561,S2,search,0,prior,0.0,,,,4.287,,4.287
1786304079.561,S3,recommend,692,obs,0.9675,0.8279,1.435,63.9,1.0,1.435,1.435
1786304079.561,S3,reserve,342,obs,0.96,0.9061,1.044,68.9,1.348,1.044,1.044
1786304079.561,S3,search,516,obs,0.965,3.5912,4.462,66.3,4.019,4.462,4.462
1786304080.561,S1,recommend,0,prior,0.0,,,,1.24,,1.24
1786304080.561,S1,reserve,0,prior,0.0,,,,1.658,,1.658
1786304080.561,S1,search,0,prior,0.0,,,,6.899,,6.899
1786304080.561,S2,recommend,0,prior,0.0,,,,0.975,,0.975
1786304080.561,S2,reserve,0,prior,0.0,,,,1.332,,1.332
1786304080.561,S2,search,0,prior,0.0,,,,4.287,,4.287
1786304080.561,S3,recommend,696,obs,0.9712,0.8101,1.374,51.4,1.0,1.374,1.374
1786304080.561,S3,reserve,344,obs,0.9675,0.9286,1.082,63.9,1.348,1.082,1.082
1786304080.561,S3,search,520,obs,0.97,3.5884,4.487,56.4,4.019,4.487,4.487
1786304081.561,S1,recommend,0,prior,0.0,,,,1.24,,1.24
1786304081.561,S1,reserve,0,prior,0.0,,,,1.658,,1.658
1786304081.561,S1,search,0,prior,0.0,,,,6.899,,6.899
1786304081.561,S2,recommend,0,prior,0.0,,,,0.975,,0.975
1786304081.561,S2,reserve,0,prior,0.0,,,,1.332,,1.332
1786304081.561,S2,search,0,prior,0.0,,,,4.287,,4.287
1786304081.561,S3,recommend,696,obs,0.9787,0.8144,1.366,38.9,1.0,1.366,1.366
1786304081.561,S3,reserve,348,obs,0.975,0.9159,1.024,43.9,1.348,1.024,1.024
1786304081.561,S3,search,524,obs,0.9737,3.5809,4.487,51.4,4.019,4.487,4.487
1786304082.560,S1,recommend,0,prior,0.0,,,,1.24,,1.24
1786304082.560,S1,reserve,0,prior,0.0,,,,1.658,,1.658
1786304082.560,S1,search,0,prior,0.0,,,,6.899,,6.899
1786304082.560,S2,recommend,0,prior,0.0,,,,0.975,,0.975
1786304082.560,S2,reserve,0,prior,0.0,,,,1.332,,1.332
1786304082.560,S2,search,0,prior,0.0,,,,4.287,,4.287
1786304082.560,S3,recommend,698,obs,0.9849,0.817,1.372,28.3,1.0,1.372,1.372
1786304082.560,S3,reserve,354,obs,0.9787,0.9126,1.035,38.3,1.348,1.035,1.035
1786304082.560,S3,search,526,obs,0.9812,3.5851,4.499,30.8,4.019,4.499,4.499
1786304083.561,S1,recommend,0,prior,0.0,,,,1.24,,1.24
1786304083.561,S1,reserve,0,prior,0.0,,,,1.658,,1.658
1786304083.561,S1,search,0,prior,0.0,,,,6.899,,6.899
1786304083.561,S2,recommend,0,prior,0.0,,,,0.975,,0.975
1786304083.561,S2,reserve,0,prior,0.0,,,,1.332,,1.332
1786304083.561,S2,search,0,prior,0.0,,,,4.287,,4.287
1786304083.561,S3,recommend,671,obs,0.9387,0.8046,1.367,119.0,1.0,1.367,1.367
1786304083.561,S3,reserve,332,obs,0.9299,0.9365,1.225,131.5,1.348,1.225,1.225
1786304083.561,S3,search,502,obs,0.9375,3.5859,4.531,124.0,4.019,4.531,4.531
1786304084.561,S1,recommend,0,prior,0.0,,,,1.24,,1.24
1786304084.561,S1,reserve,0,prior,0.0,,,,1.658,,1.658
1786304084.561,S1,search,0,prior,0.0,,,,6.899,,6.899
1786304084.561,S2,recommend,0,prior,0.0,,,,0.975,,0.975
1786304084.561,S2,reserve,0,prior,0.0,,,,1.332,,1.332
1786304084.561,S2,search,0,prior,0.0,,,,4.287,,4.287
1786304084.561,S3,recommend,674,obs,0.9412,0.8314,1.507,114.0,1.0,1.507,1.507
1786304084.561,S3,reserve,334,obs,0.9374,0.9186,1.179,111.5,1.348,1.179,1.179
1786304084.561,S3,search,504,obs,0.94,3.5855,4.57,119.0,4.019,4.57,4.57
1786304085.561,S1,recommend,0,prior,0.0,,,,1.24,,1.24
1786304085.561,S1,reserve,0,prior,0.0,,,,1.658,,1.658
1786304085.561,S1,search,0,prior,0.0,,,,6.899,,6.899
1786304085.561,S2,recommend,0,prior,0.0,,,,0.975,,0.975
1786304085.561,S2,reserve,0,prior,0.0,,,,1.332,,1.332
1786304085.561,S2,search,0,prior,0.0,,,,4.287,,4.287
1786304085.561,S3,recommend,676,obs,0.9487,0.8387,1.56,101.5,1.0,1.56,1.56
1786304085.561,S3,reserve,338,obs,0.9487,0.9203,1.153,99.1,1.348,1.153,1.153
1786304085.561,S3,search,508,obs,0.945,3.5789,4.499,104.0,4.019,4.499,4.499
1786304086.561,S1,recommend,0,prior,0.0,,,,1.24,,1.24
1786304086.561,S1,reserve,0,prior,0.0,,,,1.658,,1.658
1786304086.561,S1,search,0,prior,0.0,,,,6.899,,6.899
1786304086.561,S2,recommend,0,prior,0.0,,,,0.975,,0.975
1786304086.561,S2,reserve,0,prior,0.0,,,,1.332,,1.332
1786304086.561,S2,search,0,prior,0.0,,,,4.287,,4.287
1786304086.561,S3,recommend,676,obs,0.9525,0.8103,1.465,89.1,1.0,1.465,1.465
1786304086.561,S3,reserve,344,obs,0.9525,0.9426,1.189,94.1,1.348,1.189,1.189
1786304086.561,S3,search,510,obs,0.9525,3.5989,4.571,91.6,4.019,4.571,4.571
1786304087.561,S1,recommend,0,prior,0.0,,,,1.24,,1.24
1786304087.561,S1,reserve,0,prior,0.0,,,,1.658,,1.658
1786304087.561,S1,search,0,prior,0.0,,,,6.899,,6.899
1786304087.561,S2,recommend,0,prior,0.0,,,,0.975,,0.975
1786304087.561,S2,reserve,0,prior,0.0,,,,1.332,,1.332
1786304087.561,S2,search,0,prior,0.0,,,,4.287,,4.287
1786304087.561,S3,recommend,686,obs,0.9612,0.8537,1.535,76.6,1.0,1.535,1.535
1786304087.561,S3,reserve,344,obs,0.9562,0.9512,1.198,81.6,1.348,1.198,1.198
1786304087.561,S3,search,510,obs,0.9562,3.6254,4.697,79.1,4.019,4.697,4.697
1786304088.561,S1,recommend,0,prior,0.0,,,,1.24,,1.24
1786304088.561,S1,reserve,0,prior,0.0,,,,1.658,,1.658
1786304088.561,S1,search,0,prior,0.0,,,,6.899,,6.899
1786304088.561,S2,recommend,0,prior,0.0,,,,0.975,,0.975
1786304088.561,S2,reserve,0,prior,0.0,,,,1.332,,1.332
1786304088.561,S2,search,0,prior,0.0,,,,4.287,,4.287
1786304088.561,S3,recommend,692,obs,0.9675,0.8554,1.494,64.1,1.0,1.494,1.494
1786304088.561,S3,reserve,342,obs,0.9599,0.9371,1.17,69.1,1.348,1.17,1.17
1786304088.561,S3,search,514,obs,0.9612,3.6265,4.473,74.1,4.019,4.473,4.473
1786304089.561,S1,recommend,0,prior,0.0,,,,1.24,,1.24
1786304089.561,S1,reserve,0,prior,0.0,,,,1.658,,1.658
1786304089.561,S1,search,0,prior,0.0,,,,6.899,,6.899
1786304089.561,S2,recommend,0,prior,0.0,,,,0.975,,0.975
1786304089.561,S2,reserve,0,prior,0.0,,,,1.332,,1.332
1786304089.561,S2,search,0,prior,0.0,,,,4.287,,4.287
1786304089.561,S3,recommend,694,obs,0.97,0.8049,1.314,54.2,1.0,1.314,1.314
1786304089.561,S3,reserve,344,obs,0.9674,0.9439,1.215,64.1,1.348,1.215,1.215
1786304089.561,S3,search,520,obs,0.9699,3.635,4.446,56.7,4.019,4.446,4.446
1786304090.561,S1,recommend,0,prior,0.0,,,,1.24,,1.24
1786304090.561,S1,reserve,0,prior,0.0,,,,1.658,,1.658
1786304090.561,S1,search,0,prior,0.0,,,,6.899,,6.899
1786304090.561,S2,recommend,0,prior,0.0,,,,0.975,,0.975
1786304090.561,S2,reserve,0,prior,0.0,,,,1.332,,1.332
1786304090.561,S2,search,0,prior,0.0,,,,4.287,,4.287
1786304090.561,S3,recommend,694,obs,0.975,0.8229,1.345,46.7,1.0,1.345,1.345
1786304090.561,S3,reserve,348,obs,0.975,0.9407,1.228,44.2,1.348,1.228,1.228
1786304090.561,S3,search,524,obs,0.9737,3.6431,4.528,51.7,4.019,4.528,4.528
1786304091.561,S1,recommend,0,prior,0.0,,,,1.24,,1.24
1786304091.561,S1,reserve,0,prior,0.0,,,,1.658,,1.658
1786304091.561,S1,search,0,prior,0.0,,,,6.899,,6.899
1786304091.561,S2,recommend,0,prior,0.0,,,,0.975,,0.975
1786304091.561,S2,reserve,0,prior,0.0,,,,1.332,,1.332
1786304091.561,S2,search,0,prior,0.0,,,,4.287,,4.287
1786304091.561,S3,recommend,696,obs,0.9825,0.8143,1.345,34.2,1.0,1.345,1.345
1786304091.561,S3,reserve,354,obs,0.9787,0.9193,1.076,39.2,1.348,1.076,1.076
1786304091.561,S3,search,524,obs,0.9787,3.5746,4.365,36.7,4.019,4.365,4.365
1786304092.561,S1,recommend,0,prior,0.0,,,,1.24,,1.24
1786304092.561,S1,reserve,0,prior,0.0,,,,1.658,,1.658
1786304092.561,S1,search,0,prior,0.0,,,,6.899,,6.899
1786304092.561,S2,recommend,0,prior,0.0,,,,0.975,,0.975
1786304092.561,S2,reserve,0,prior,0.0,,,,1.332,,1.332
1786304092.561,S2,search,0,prior,0.0,,,,4.287,,4.287
1786304092.561,S3,recommend,670,obs,0.9375,0.8016,1.36,121.7,1.0,1.36,1.36
1786304092.561,S3,reserve,332,obs,0.9299,0.9034,1.002,131.7,1.348,1.002,1.002
1786304092.561,S3,search,502,obs,0.9374,3.5731,4.548,124.2,4.019,4.548,4.548
1786304093.561,S1,recommend,0,prior,0.0,,,,1.24,,1.24
1786304093.561,S1,reserve,0,prior,0.0,,,,1.658,,1.658
1786304093.561,S1,search,0,prior,0.0,,,,6.899,,6.899
1786304093.561,S2,recommend,0,prior,0.0,,,,0.975,,0.975
1786304093.561,S2,reserve,0,prior,0.0,,,,1.332,,1.332
1786304093.561,S2,search,0,prior,0.0,,,,4.287,,4.287
1786304093.561,S3,recommend,671,obs,0.9412,0.7987,1.416,114.3,1.0,1.416,1.416
1786304093.561,S3,reserve,334,obs,0.9375,0.8994,1.074,111.8,1.348,1.074,1.074
1786304093.561,S3,search,504,obs,0.941,3.6284,4.665,117.3,4.019,4.665,4.665
1786304094.561,S1,recommend,0,prior,0.0,,,,1.24,,1.24
1786304094.561,S1,reserve,0,prior,0.0,,,,1.658,,1.658
1786304094.561,S1,search,123,prior_fill,0.4537,3.1955,6.248,81.9,6.899,,6.899
1786304094.561,S2,recommend,0,prior,0.0,,,,0.975,,0.975
1786304094.561,S2,reserve,0,prior,0.0,,,,1.332,,1.332
1786304094.561,S2,search,0,prior,0.0,,,,4.287,,4.287
1786304094.561,S3,recommend,676,obs,0.9487,0.7174,1.35,101.8,1.0,1.35,1.35
1786304094.561,S3,reserve,338,obs,0.9488,0.9109,1.105,99.3,1.348,1.105,1.105
1786304094.561,S3,search,388,obs,0.945,3.4939,4.48,104.3,4.019,4.48,4.48
1786304095.562,S1,recommend,0,prior,0.0,,,,1.24,,1.24
1786304095.562,S1,reserve,0,prior,0.0,,,,1.658,,1.658
1786304095.562,S1,search,258,obs,0.9588,3.1366,5.728,71.8,6.899,5.728,5.728
1786304095.562,S2,recommend,0,prior,0.0,,,,0.975,,0.975
1786304095.562,S2,reserve,0,prior,0.0,,,,1.332,,1.332
1786304095.562,S2,search,0,prior,0.0,,,,4.287,,4.287
1786304095.562,S3,recommend,679,obs,0.9543,0.6383,1.068,89.4,1.0,1.068,1.068
1786304095.562,S3,reserve,344,obs,0.9524,0.8944,1.012,94.4,1.348,1.012,1.012
1786304095.562,S3,search,256,obs,0.9524,3.1396,3.897,91.9,4.019,3.897,3.897
1786304096.561,S1,recommend,0,prior,0.0,,,,1.24,,1.24
1786304096.561,S1,reserve,0,prior,0.0,,,,1.658,,1.658
1786304096.561,S1,search,258,obs,0.9675,3.0671,5.52,56.9,6.899,5.52,5.52
1786304096.561,S2,recommend,0,prior,0.0,,,,0.975,,0.975
1786304096.561,S2,reserve,0,prior,0.0,,,,1.332,,1.332
1786304096.561,S2,search,0,prior,0.0,,,,4.287,,4.287
1786304096.561,S3,recommend,686,obs,0.9612,0.6184,0.97,76.9,1.0,0.97,0.97
1786304096.561,S3,reserve,344,obs,0.9562,0.8953,1.019,81.9,1.348,1.019,1.019
1786304096.561,S3,search,255,obs,0.9562,3.1153,3.705,79.4,4.019,3.705,3.705
1786304097.561,S1,recommend,0,prior,0.0,,,,1.24,,1.24
1786304097.561,S1,reserve,0,prior,0.0,,,,1.658,,1.658
1786304097.561,S1,search,260,obs,0.9725,3.0053,4.756,51.9,6.899,4.756,4.756
1786304097.561,S2,recommend,0,prior,0.0,,,,0.975,,0.975
1786304097.561,S2,reserve,0,prior,0.0,,,,1.332,,1.332
1786304097.561,S2,search,0,prior,0.0,,,,4.287,,4.287
1786304097.561,S3,recommend,692,obs,0.9674,0.6746,1.044,64.4,1.0,1.044,1.044
1786304097.561,S3,reserve,342,obs,0.96,0.9235,1.055,69.4,1.348,1.055,1.055
1786304097.561,S3,search,258,obs,0.965,3.1668,3.703,66.9,4.019,3.703,3.703
1786304098.562,S1,recommend,0,prior,0.0,,,,1.24,,1.24
1786304098.562,S1,reserve,0,prior,0.0,,,,1.658,,1.658
1786304098.562,S1,search,262,obs,0.9775,2.9968,4.332,42.0,6.899,4.332,4.332
1786304098.562,S2,recommend,0,prior,0.0,,,,0.975,,0.975
1786304098.562,S2,reserve,0,prior,0.0,,,,1.332,,1.332
1786304098.562,S2,search,0,prior,0.0,,,,4.287,,4.287
1786304098.562,S3,recommend,694,obs,0.97,0.6873,1.111,54.4,1.0,1.111,1.111
1786304098.562,S3,reserve,344,obs,0.9675,0.9227,0.995,64.5,1.348,0.995,0.995
1786304098.562,S3,search,259,obs,0.9675,3.176,3.81,61.9,4.019,3.81,3.81
1786304099.561,S1,recommend,0,prior,0.0,,,,1.24,,1.24
1786304099.561,S1,reserve,0,prior,0.0,,,,1.658,,1.658
1786304099.561,S1,search,265,obs,0.9862,4.5022,13.221,27.0,6.899,13.221,13.221
1786304099.561,S2,recommend,0,prior,0.0,,,,0.975,,0.975
1786304099.561,S2,reserve,0,prior,0.0,,,,1.332,,1.332
1786304099.561,S2,search,0,prior,0.0,,,,4.287,,4.287
1786304099.561,S3,recommend,694,obs,0.975,0.6398,1.072,46.9,1.0,1.072,1.072
1786304099.561,S3,reserve,348,obs,0.975,0.9219,1.043,44.4,1.348,1.043,1.043
1786304099.561,S3,search,262,obs,0.9737,3.1306,3.755,52.0,4.019,3.755,3.755
1786304100.561,S1,recommend,0,prior,0.0,,,,1.24,,1.24
1786304100.561,S1,reserve,0,prior,0.0,,,,1.658,,1.658
1786304100.561,S1,search,265,obs,0.99,4.5294,10.809,14.6,6.899,10.809,10.809
1786304100.561,S2,recommend,0,prior,0.0,,,,0.975,,0.975
1786304100.561,S2,reserve,0,prior,0.0,,,,1.332,,1.332
1786304100.561,S2,search,0,prior,0.0,,,,4.287,,4.287
1786304100.561,S3,recommend,696,obs,0.9824,0.6358,1.019,34.6,1.0,1.019,1.019
1786304100.561,S3,reserve,354,obs,0.9787,0.931,1.409,39.5,1.348,1.409,1.409
1786304100.561,S3,search,262,obs,0.9787,3.1209,3.616,37.0,4.019,3.616,3.616
1786304101.561,S1,recommend,0,prior,0.0,,,,1.24,,1.24
1786304101.561,S1,reserve,0,prior,0.0,,,,1.658,,1.658
1786304101.561,S1,search,253,obs,0.9462,2.9904,4.551,107.1,6.899,4.551,4.551
1786304101.561,S2,recommend,0,prior,0.0,,,,0.975,,0.975
1786304101.561,S2,reserve,0,prior,0.0,,,,1.332,,1.332
1786304101.561,S2,search,0,prior,0.0,,,,4.287,,4.287
1786304101.561,S3,recommend,668,obs,0.9349,0.6269,0.953,127.0,1.0,0.953,0.953
1786304101.561,S3,reserve,332,obs,0.9299,0.9174,1.275,132.0,1.348,1.275,1.275
1786304101.561,S3,search,250,obs,0.935,3.1179,3.701,129.5,4.019,3.701,3.701
1786304102.561,S1,recommend,0,prior,0.0,,,,1.24,,1.24
1786304102.561,S1,reserve,0,prior,0.0,,,,1.658,,1.658
1786304102.561,S1,search,255,obs,0.9512,2.9861,4.758,97.1,6.899,4.758,4.758
1786304102.561,S2,recommend,0,prior,0.0,,,,0.975,,0.975
1786304102.561,S2,reserve,0,prior,0.0,,,,1.332,,1.332
1786304102.561,S2,search,0,prior,0.0,,,,4.287,,4.287
1786304102.561,S3,recommend,674,obs,0.9412,0.6409,0.98,114.6,1.0,0.98,0.98
1786304102.561,S3,reserve,332,obs,0.93,0.9107,1.061,127.0,1.348,1.061,1.061
1786304102.561,S3,search,252,obs,0.94,3.1338,3.707,119.6,4.019,3.707,3.707
1786304103.561,S1,recommend,0,prior,0.0,,,,1.24,,1.24
1786304103.561,S1,reserve,0,prior,0.0,,,,1.658,,1.658
1786304103.561,S1,search,256,obs,0.9512,3.1043,4.967,91.5,6.899,4.967,4.967
1786304103.561,S2,recommend,0,prior,0.0,,,,0.975,,0.975
1786304103.561,S2,reserve,0,prior,0.0,,,,1.332,,1.332
1786304103.561,S2,search,0,prior,0.0,,,,4.287,,4.287
1786304103.561,S3,recommend,674,obs,0.945,0.638,0.955,108.9,1.0,0.955,0.955
1786304103.561,S3,reserve,336,obs,0.9449,0.9272,1.061,106.4,1.348,1.061,1.061
1786304103.561,S3,search,253,obs,0.94,3.1159,3.738,113.9,4.019,3.738,3.738
1786304104.561,S1,recommend,0,prior,0.0,,,,1.24,,1.24
1786304104.561,S1,reserve,0,prior,0.0,,,,1.658,,1.658
1786304104.561,S1,search,259,obs,0.9625,3.0809,5.205,72.1,6.899,5.205,5.205
1786304104.561,S2,recommend,0,prior,0.0,,,,0.975,,0.975
1786304104.561,S2,reserve,0,prior,0.0,,,,1.332,,1.332
1786304104.561,S2,search,0,prior,0.0,,,,4.287,,4.287
1786304104.561,S3,recommend,674,obs,0.9488,0.6341,0.937,97.1,1.0,0.937,0.937
1786304104.561,S3,reserve,344,obs,0.9525,0.9307,1.029,94.5,1.348,1.029,1.029
1786304104.561,S3,search,254,obs,0.9487,3.1076,3.738,99.6,4.019,3.738,3.738
1786304105.561,S1,recommend,0,prior,0.0,,,,1.24,,1.24
1786304105.561,S1,reserve,0,prior,0.0,,,,1.658,,1.658
1786304105.561,S1,search,257,obs,0.9624,2.9878,4.754,67.2,6.899,4.754,4.754
1786304105.561,S2,recommend,0,prior,0.0,,,,0.975,,0.975
1786304105.561,S2,reserve,0,prior,0.0,,,,1.332,,1.332
1786304105.561,S2,search,0,prior,0.0,,,,4.287,,4.287
1786304105.561,S3,recommend,684,obs,0.9575,0.6398,1.025,84.6,1.0,1.025,1.025
1786304105.561,S3,reserve,344,obs,0.9562,0.9068,1.004,82.1,1.348,1.004,1.004
1786304105.561,S3,search,254,obs,0.9525,3.1144,3.711,87.1,4.019,3.711,3.711
1786304106.561,S1,recommend,0,prior,0.0,,,,1.24,,1.24
1786304106.561,S1,reserve,0,prior,0.0,,,,1.658,,1.658
1786304106.561,S1,search,260,obs,0.9725,2.9422,4.468,52.2,6.899,4.468,4.468
1786304106.561,S2,recommend,0,prior,0.0,,,,0.975,,0.975
1786304106.561,S2,reserve,0,prior,0.0,,,,1.332,,1.332
1786304106.561,S2,search,0,prior,0.0,,,,4.287,,4.287
1786304106.561,S3,recommend,690,obs,0.9637,0.6422,1.048,72.2,1.0,1.048,1.048
1786304106.561,S3,reserve,340,obs,0.9562,0.8827,0.99,77.1,1.348,0.99,0.99
1786304106.561,S3,search,257,obs,0.9612,3.134,3.768,74.7,4.019,3.768,3.768
1786304107.561,S1,recommend,0,prior,0.0,,,,1.24,,1.24
1786304107.561,S1,reserve,0,prior,0.0,,,,1.658,,1.658
1786304107.561,S1,search,262,obs,0.9774,3.0081,4.821,41.6,6.899,4.821,4.821
1786304107.561,S2,recommend,0,prior,0.0,,,,0.975,,0.975
1786304107.561,S2,reserve,0,prior,0.0,,,,1.332,,1.332
1786304107.561,S2,search,0,prior,0.0,,,,4.287,,4.287
1786304107.561,S3,recommend,691,obs,0.9675,0.669,1.084,59.0,1.0,1.084,1.084
1786304107.561,S3,reserve,344,obs,0.9674,0.9218,0.999,64.0,1.348,0.999,0.999
1786304107.561,S3,search,259,obs,0.9674,3.2522,4.016,61.5,4.019,4.016,4.016
1786304108.562,S1,recommend,0,prior,0.0,,,,1.24,,1.24
1786304108.562,S1,reserve,0,prior,0.0,,,,1.658,,1.658
1786304108.562,S1,search,264,obs,0.9812,3.0341,4.709,37.3,6.899,4.709,4.709
1786304108.562,S2,recommend,0,prior,0.0,,,,0.975,,0.975
1786304108.562,S2,reserve,0,prior,0.0,,,,1.332,,1.332
1786304108.562,S2,search,0,prior,0.0,,,,4.287,,4.287
1786304108.562,S3,recommend,692,obs,0.9737,0.6654,1.004,49.7,1.0,1.004,1.004
1786304108.562,S3,reserve,346,obs,0.9675,0.9374,1.068,59.7,1.348,1.068,1.068
1786304108.562,S3,search,262,obs,0.9737,3.2274,3.89,52.2,4.019,3.89,3.89
1786304109.561,S1,recommend,0,prior,0.0,,,,1.24,,1.24
1786304109.561,S1,reserve,0,prior,0.0,,,,1.658,,1.658
1786304109.561,S1,search,264,obs,0.9862,3.9239,5.915,21.6,6.899,5.915,5.915
1786304109.561,S2,recommend,0,prior,0.0,,,,0.975,,0.975
1786304109.561,S2,reserve,0,prior,0.0,,,,1.332,,1.332
1786304109.561,S2,search,0,prior,0.0,,,,4.287,,4.287
1786304109.561,S3,recommend,694,obs,0.9787,0.6245,0.958,41.6,1.0,0.958,0.958
1786304109.561,S3,reserve,354,obs,0.9787,0.91,1.19,39.1,1.348,1.19,1.19
1786304109.561,S3,search,261,obs,0.975,3.1099,3.701,44.0,4.019,3.701,3.701
1786304110.561,S1,recommend,0,prior,0.0,,,,1.24,,1.24
1786304110.561,S1,reserve,0,prior,0.0,,,,1.658,,1.658
1786304110.561,S1,search,265,obs,0.995,3.8931,6.926,9.8,6.899,6.926,6.926
1786304110.561,S2,recommend,0,prior,0.0,,,,0.975,,0.975
1786304110.561,S2,reserve,0,prior,0.0,,,,1.332,,1.332
1786304110.561,S2,search,0,prior,0.0,,,,4.287,,4.287
1786304110.561,S3,recommend,702,obs,0.9837,0.6396,1.009,29.8,1.0,1.009,1.009
1786304110.561,S3,reserve,352,obs,0.9787,0.8986,1.019,34.9,1.348,1.019,1.019
1786304110.561,S3,search,262,obs,0.9837,3.1127,3.731,32.3,4.019,3.731,3.731
1786304111.561,S1,recommend,0,prior,0.0,,,,1.24,,1.24
1786304111.561,S1,reserve,0,prior,0.0,,,,1.658,,1.658
1786304111.561,S1,search,254,obs,0.9487,3.0376,6.004,102.4,6.899,6.004,6.004
1786304111.561,S2,recommend,0,prior,0.0,,,,0.975,,0.975
1786304111.561,S2,reserve,0,prior,0.0,,,,1.332,,1.332
1786304111.561,S2,search,0,prior,0.0,,,,4.287,,4.287
1786304111.561,S3,recommend,670,obs,0.9375,0.6582,1.185,122.3,1.0,1.185,1.185
1786304111.561,S3,reserve,332,obs,0.9299,0.882,0.994,127.3,1.348,0.994,0.994
1786304111.561,S3,search,251,obs,0.9375,3.1272,3.818,124.8,4.019,3.818,3.818
1786304112.561,S1,recommend,0,prior,0.0,,,,1.24,,1.24
1786304112.561,S1,reserve,0,prior,0.0,,,,1.658,,1.658
1786304112.561,S1,search,256,obs,0.9513,3.1891,6.004,92.4,6.899,6.004,6.004
1786304112.561,S2,recommend,0,prior,0.0,,,,0.975,,0.975
1786304112.561,S2,reserve,0,prior,0.0,,,,1.332,,1.332
1786304112.561,S2,search,0,prior,0.0,,,,4.287,,4.287
1786304112.561,S3,recommend,674,obs,0.945,0.6647,1.108,109.9,1.0,1.108,1.108
1786304112.561,S3,reserve,334,obs,0.9375,0.8826,1.002,122.3,1.348,1.002,1.002
1786304112.561,S3,search,253,obs,0.94,3.1281,3.638,114.9,4.019,3.638,3.638
1786304113.562,S1,recommend,0,prior,0.0,,,,1.24,,1.24
1786304113.562,S1,reserve,0,prior,0.0,,,,1.658,,1.658
1786304113.562,S1,search,258,obs,0.9599,3.1219,5.229,77.5,6.899,5.229,5.229
1786304113.562,S2,recommend,0,prior,0.0,,,,0.975,,0.975
1786304113.562,S2,reserve,0,prior,0.0,,,,1.332,,1.332
1786304113.562,S2,search,0,prior,0.0,,,,4.287,,4.287
1786304113.562,S3,recommend,672,obs,0.945,0.6472,1.05,104.9,1.0,1.05,1.05
1786304113.562,S3,reserve,342,obs,0.9487,0.897,1.003,102.4,1.348,1.003,1.003
1786304113.562,S3,search,253,obs,0.9437,3.1308,3.635,109.9,4.019,3.635,3.635
1786304114.561,S1,recommend,0,prior,0.0,,,,1.24,,1.24
1786304114.561,S1,reserve,0,prior,0.0,,,,1.658,,1.658
1786304114.561,S1,search,256,obs,0.96,3.0141,5.044,72.5,6.899,5.044,5.044
1786304114.561,S2,recommend,0,prior,0.0,,,,0.975,,0.975
1786304114.561,S2,reserve,0,prior,0.0,,,,1.332,,1.332
1786304114.561,S2,search,0,prior,0.0,,,,4.287,,4.287
1786304114.561,S3,recommend,682,obs,0.9537,0.6296,0.926,92.4,1.0,0.926,0.926
1786304114.561,S3,reserve,342,obs,0.9525,0.8962,0.984,89.9,1.348,0.984,0.984
1786304114.561,S3,search,253,obs,0.9487,3.1256,3.635,94.9,4.019,3.635,3.635
1786304115.561,S1,recommend,0,prior,0.0,,,,1.24,,1.24
1786304115.561,S1,reserve,0,prior,0.0,,,,1.658,,1.658
1786304115.561,S1,search,259,obs,0.9675,2.988,4.815,62.5,6.899,4.815,4.815
1786304115.561,S2,recommend,0,prior,0.0,,,,0.975,,0.975
1786304115.561,S2,reserve,0,prior,0.0,,,,1.332,,1.332
1786304115.561,S2,search,0,prior,0.0,,,,4.287,,4.287
1786304115.561,S3,recommend,688,obs,0.9599,0.6434,1.014,79.9,1.0,1.014,1.014
1786304115.561,S3,reserve,338,obs,0.9487,0.8752,0.975,92.5,1.348,0.975,0.975
1786304115.561,S3,search,256,obs,0.9562,3.1307,3.786,84.9,4.019,3.786,3.786
1786304116.562,S1,recommend,0,prior,0.0,,,,1.24,,1.24
1786304116.562,S1,reserve,0,prior,0.0,,,,1.658,,1.658
1786304116.562,S1,search,261,obs,0.975,3.0393,4.836,47.6,6.899,4.836,4.836
1786304116.562,S2,recommend,0,prior,0.0,,,,0.975,,0.975
1786304116.562,S2,reserve,0,prior,0.0,,,,1.332,,1.332
1786304116.562,S2,search,0,prior,0.0,,,,4.287,,4.287
1786304116.562,S3,recommend,688,obs,0.96,0.6371,0.986,75.0,1.0,0.986,0.986
1786304116.562,S3,reserve,342,obs,0.9637,0.9021,1.003,72.5,1.348,1.003,1.003
1786304116.562,S3,search,257,obs,0.9587,3.118,3.713,80.0,4.019,3.713,3.713
1786304117.561,S1,recommend,0,prior,0.0,,,,1.24,,1.24
1786304117.561,S1,reserve,0,prior,0.0,,,,1.658,,1.658
1786304117.561,S1,search,264,obs,0.9812,3.0631,5.05,37.6,6.899,5.05,5.05
1786304117.561,S2,recommend,0,prior,0.0,,,,0.975,,0.975
1786304117.561,S2,reserve,0,prior,0.0,,,,1.332,,1.332
1786304117.561,S2,search,0,prior,0.0,,,,4.287,,4.287
1786304117.561,S3,recommend,688,obs,0.9675,0.6651,1.014,62.5,1.0,1.014,1.014
1786304117.561,S3,reserve,346,obs,0.9675,0.9669,1.281,60.0,1.348,1.281,1.281
1786304117.561,S3,search,260,obs,0.9675,3.2151,3.654,65.0,4.019,3.654,3.654
1786304118.562,S1,recommend,0,prior,0.0,,,,1.24,,1.24
1786304118.562,S1,reserve,0,prior,0.0,,,,1.658,,1.658
1786304118.562,S1,search,263,obs,0.9812,2.9984,4.867,32.6,6.899,4.867,4.867
1786304118.562,S2,recommend,0,prior,0.0,,,,0.975,,0.975
1786304118.562,S2,reserve,0,prior,0.0,,,,1.332,,1.332
1786304118.562,S2,search,0,prior,0.0,,,,4.287,,4.287
1786304118.562,S3,recommend,692,obs,0.9749,0.6626,1.019,50.1,1.0,1.019,1.019
1786304118.562,S3,reserve,352,obs,0.9712,0.9581,1.27,55.0,1.348,1.27,1.27
1786304118.562,S3,search,259,obs,0.9712,3.2114,3.675,52.5,4.019,3.675,3.675
1786304119.561,S1,recommend,0,prior,0.0,,,,1.24,,1.24
1786304119.561,S1,reserve,0,prior,0.0,,,,1.658,,1.658
1786304119.561,S1,search,263,obs,0.9863,4.0226,5.918,17.6,6.899,5.918,5.918
1786304119.561,S2,recommend,0,prior,0.0,,,,0.975,,0.975
1786304119.561,S2,reserve,0,prior,0.0,,,,1.332,,1.332
1786304119.561,S2,search,0,prior,0.0,,,,4.287,,4.287
1786304119.561,S3,recommend,700,obs,0.98,0.6355,0.982,37.5,1.0,0.982,0.982
1786304119.561,S3,reserve,352,obs,0.9787,0.9043,1.109,35.1,1.348,1.109,1.109
1786304119.561,S3,search,261,obs,0.98,3.1183,3.729,40.1,4.019,3.729,3.729
1786304120.561,S1,recommend,0,prior,0.0,,,,1.24,,1.24
1786304120.561,S1,reserve,0,prior,0.0,,,,1.658,,1.658
1786304120.561,S1,search,252,obs,0.9425,4.0345,5.918,110.2,6.899,5.918,5.918
1786304120.561,S2,recommend,0,prior,0.0,,,,0.975,,0.975
1786304120.561,S2,reserve,0,prior,0.0,,,,1.332,,1.332
1786304120.561,S2,search,0,prior,0.0,,,,4.287,,4.287
1786304120.561,S3,recommend,668,obs,0.9337,0.6559,1.068,130.1,1.0,1.068,1.068
1786304120.561,S3,reserve,332,obs,0.9299,0.897,1.023,127.6,1.348,1.023,1.023
1786304120.561,S3,search,249,obs,0.93,3.1494,3.855,135.1,4.019,3.855,3.855
1786304121.561,S1,recommend,0,prior,0.0,,,,1.24,,1.24
1786304121.561,S1,reserve,0,prior,0.0,,,,1.658,,1.658
1786304121.561,S1,search,255,obs,0.9487,3.0388,4.39,97.6,6.899,4.39,4.39
1786304121.561,S2,recommend,0,prior,0.0,,,,0.975,,0.975
1786304121.561,S2,reserve,0,prior,0.0,,,,1.332,,1.332
1786304121.561,S2,search,0,prior,0.0,,,,4.287,,4.287
1786304121.561,S3,recommend,668,obs,0.9375,0.6524,1.081,117.6,1.0,1.081,1.081
1786304121.561,S3,reserve,334,obs,0.9375,0.9111,1.117,122.6,1.348,1.117,1.117
1786304121.561,S3,search,252,obs,0.9375,3.1288,3.673,120.1,4.019,3.673,3.673
1786304122.562,S1,recommend,0,prior,0.0,,,,1.24,,1.24
1786304122.562,S1,reserve,0,prior,0.0,,,,1.658,,1.658
1786304122.562,S1,search,256,obs,0.955,3.0996,5.126,87.7,6.899,5.126,5.126
1786304122.562,S2,recommend,0,prior,0.0,,,,0.975,,0.975
1786304122.562,S2,reserve,0,prior,0.0,,,,1.332,,1.332
1786304122.562,S2,search,0,prior,0.0,,,,4.287,,4.287
1786304122.562,S3,recommend,672,obs,0.9449,0.6349,1.005,105.2,1.0,1.005,1.005
1786304122.562,S3,reserve,338,obs,0.9375,0.9157,1.111,117.6,1.348,1.111,1.111
1786304122.562,S3,search,253,obs,0.9437,3.1298,3.655,110.2,4.019,3.655,3.655
1786304123.561,S1,recommend,0,prior,0.0,,,,1.24,,1.24
1786304123.561,S1,reserve,0,prior,0.0,,,,1.658,,1.658
1786304123.561,S1,search,256,obs,0.96,3.1155,5.56,72.0,6.899,5.56,5.56
1786304123.561,S2,recommend,0,prior,0.0,,,,0.975,,0.975
1786304123.561,S2,reserve,0,prior,0.0,,,,1.332,,1.332
1786304123.561,S2,search,0,prior,0.0,,,,4.287,,4.287
1786304123.561,S3,recommend,680,obs,0.95,0.6528,1.021,99.5,1.0,1.021,1.021
1786304123.561,S3,reserve,340,obs,0.9487,0.9129,1.09,97.0,1.348,1.09,1.09
1786304123.561,S3,search,253,obs,0.9487,3.142,3.705,94.4,4.019,3.705,3.705
1786304124.561,S1,recommend,0,prior,0.0,,,,1.24,,1.24
1786304124.561,S1,reserve,0,prior,0.0,,,,1.658,,1.658
1786304124.561,S1,search,259,obs,0.9675,3.1399,6.036,62.1,6.899,6.036,6.036
1786304124.561,S2,recommend,0,prior,0.0,,,,0.975,,0.975
1786304124.561,S2,reserve,0,prior,0.0,,,,1.332,,1.332
1786304124.561,S2,search,0,prior,0.0,,,,4.287,,4.287
1786304124.561,S3,recommend,685,obs,0.9587,0.6552,1.064,82.1,1.0,1.064,1.064
1786304124.561,S3,reserve,338,obs,0.9487,0.8906,1.026,92.0,1.348,1.026,1.026
1786304124.561,S3,search,255,obs,0.9537,3.1354,3.753,89.5,4.019,3.753,3.753
1786304125.561,S1,recommend,0,prior,0.0,,,,1.24,,1.24
1786304125.561,S1,reserve,0,prior,0.0,,,,1.658,,1.658
1786304125.561,S1,search,260,obs,0.97,3.0655,5.31,57.4,6.899,5.31,5.31
1786304125.561,S2,recommend,0,prior,0.0,,,,0.975,,0.975
1786304125.561,S2,reserve,0,prior,0.0,,,,1.332,,1.332
1786304125.561,S2,search,0,prior,0.0,,,,4.287,,4.287
1786304125.561,S3,recommend,688,obs,0.9599,0.6386,1.079,74.9,1.0,1.079,1.079
1786304125.561,S3,reserve,342,obs,0.9637,0.9077,1.012,72.5,1.348,1.012,1.012
1786304125.561,S3,search,257,obs,0.9587,3.1245,3.742,80.0,4.019,3.742,3.742
1786304126.561,S1,recommend,0,prior,0.0,,,,1.24,,1.24
1786304126.561,S1,reserve,0,prior,0.0,,,,1.658,,1.658
1786304126.561,S1,search,263,obs,0.9786,2.9878,4.845,42.5,6.899,4.845,4.845
1786304126.561,S2,recommend,0,prior,0.0,,,,0.975,,0.975
1786304126.561,S2,reserve,0,prior,0.0,,,,1.332,,1.332
1786304126.561,S2,search,0,prior,0.0,,,,4.287,,4.287
1786304126.561,S3,recommend,688,obs,0.9674,0.6509,1.102,62.5,1.0,1.102,1.102
1786304126.561,S3,reserve,344,obs,0.9637,0.9077,1.02,67.4,1.348,1.02,1.02
1786304126.561,S3,search,260,obs,0.9674,3.1173,3.719,65.0,4.019,3.719,3.719
1786304127.561,S1,recommend,0,prior,0.0,,,,1.24,,1.24
1786304127.561,S1,reserve,0,prior,0.0,,,,1.658,,1.658
1786304127.561,S1,search,263,obs,0.9812,3.0471,4.845,32.2,6.899,4.845,4.845
1786304127.561,S2,recommend,0,prior,0.0,,,,0.975,,0.975
1786304127.561,S2,reserve,0,prior,0.0,,,,1.332,,1.332
1786304127.561,S2,search,0,prior,0.0,,,,4.287,,4.287
1786304127.561,S3,recommend,692,obs,0.975,0.6834,1.219,49.7,1.0,1.219,1.219
1786304127.561,S3,reserve,352,obs,0.9712,0.97,0.992,54.6,1.348,0.992,0.992
1786304127.561,S3,search,259,obs,0.9712,3.2192,3.776,52.1,4.019,3.776,3.776
1786304128.562,S1,recommend,0,prior,0.0,,,,1.24,,1.24
1786304128.562,S1,reserve,0,prior,0.0,,,,1.658,,1.658
1786304128.562,S1,search,263,obs,0.9862,3.0656,5.375,17.9,6.899,5.375,5.375
1786304128.562,S2,recommend,0,prior,0.0,,,,0.975,,0.975
1786304128.562,S2,reserve,0,prior,0.0,,,,1.332,,1.332
1786304128.562,S2,search,0,prior,0.0,,,,4.287,,4.287
1786304128.562,S3,recommend,698,obs,0.9761,0.6814,1.171,45.4,1.0,1.171,1.171
1786304128.562,S3,reserve,350,obs,0.9749,0.9743,1.051,42.8,1.348,1.051,1.051
1786304128.562,S3,search,260,obs,0.9745,3.223,3.839,47.8,4.019,3.839,3.839
1786304129.562,S1,recommend,0,prior,0.0,,,,1.24,,1.24
1786304129.562,S1,reserve,0,prior,0.0,,,,1.658,,1.658
1786304129.562,S1,search,265,obs,0.9913,4.3065,8.103,12.9,6.899,8.103,8.103
1786304129.562,S2,recommend,0,prior,0.0,,,,0.975,,0.975
1786304129.562,S2,reserve,0,prior,0.0,,,,1.332,,1.332
1786304129.562,S2,search,0,prior,0.0,,,,4.287,,4.287
1786304129.562,S3,recommend,704,obs,0.9825,0.6502,1.005,32.9,1.0,1.005,1.005
1786304129.562,S3,reserve,348,obs,0.9787,0.8927,1.04,30.4,1.348,1.04,1.04
1786304129.562,S3,search,263,obs,0.9811,3.1369,3.75,35.4,4.019,3.75,3.75
1786304130.561,S1,recommend,0,prior,0.0,,,,1.24,,1.24
1786304130.561,S1,reserve,0,prior,0.0,,,,1.658,,1.658
1786304130.561,S1,search,254,obs,0.945,4.4299,9.572,105.5,6.899,9.572,9.572
1786304130.561,S2,recommend,0,prior,0.0,,,,0.975,,0.975
1786304130.561,S2,reserve,0,prior,0.0,,,,1.332,,1.332
1786304130.561,S2,search,0,prior,0.0,,,,4.287,,4.287
1786304130.561,S3,recommend,666,obs,0.9337,0.6481,1.054,125.4,1.0,1.054,1.054
1786304130.561,S3,reserve,334,obs,0.9375,0.89,1.012,122.9,1.348,1.012,1.012
1786304130.561,S3,search,252,obs,0.9375,3.1404,3.75,120.4,4.019,3.75,3.75
1786304131.562,S1,recommend,0,prior,0.0,,,,1.24,,1.24
1786304131.562,S1,reserve,0,prior,0.0,,,,1.658,,1.658
1786304131.562,S1,search,256,obs,0.955,3.1091,5.727,88.0,6.899,5.727,5.727
1786304131.562,S2,recommend,0,prior,0.0,,,,0.975,,0.975
1786304131.562,S2,reserve,0,prior,0.0,,,,1.332,,1.332
1786304131.562,S2,search,0,prior,0.0,,,,4.287,,4.287
1786304131.562,S3,recommend,670,obs,0.9437,0.6473,1.068,107.9,1.0,1.068,1.068
1786304131.562,S3,reserve,338,obs,0.9375,0.9174,1.099,117.9,1.348,1.099,1.099
1786304131.562,S3,search,253,obs,0.9437,3.1305,3.751,110.4,4.019,3.751,3.751
1786304132.562,S1,recommend,0,prior,0.0,,,,1.24,,1.24
1786304132.562,S1,reserve,0,prior,0.0,,,,1.658,,1.658
1786304132.562,S1,search,255,obs,0.9562,3.0606,5.344,80.5,6.899,5.344,5.344
1786304132.562,S2,recommend,0,prior,0.0,,,,0.975,,0.975
1786304132.562,S2,reserve,0,prior,0.0,,,,1.332,,1.332
1786304132.562,S2,search,0,prior,0.0,,,,4.287,,4.287
1786304132.562,S3,recommend,678,obs,0.9488,0.6512,1.085,100.4,1.0,1.085,1.085
1786304132.562,S3,reserve,340,obs,0.9487,0.9131,1.099,98.0,1.348,1.099,1.099
1786304132.562,S3,search,252,obs,0.9437,3.1354,3.771,105.5,4.019,3.771,3.771
1786304133.562,S1,recommend,0,prior,0.0,,,,1.24,,1.24
1786304133.562,S1,reserve,0,prior,0.0,,,,1.658,,1.658
1786304133.562,S1,search,258,obs,0.9649,3.0485,5.296,68.0,6.899,5.296,5.296
1786304133.562,S2,recommend,0,prior,0.0,,,,0.975,,0.975
1786304133.562,S2,reserve,0,prior,0.0,,,,1.332,,1.332
1786304133.562,S2,search,0,prior,0.0,,,,4.287,,4.287
1786304133.562,S3,recommend,682,obs,0.9537,0.6535,1.088,87.9,1.0,1.088,1.088
1786304133.562,S3,reserve,338,obs,0.9487,0.8834,0.987,93.0,1.348,0.987,0.987
1786304133.562,S3,search,255,obs,0.9536,3.153,3.776,90.5,4.019,3.776,3.776
1786304134.561,S1,recommend,0,prior,0.0,,,,1.24,,1.24
1786304134.561,S1,reserve,0,prior,0.0,,,,1.658,,1.658
1786304134.561,S1,search,260,obs,0.9699,3.0628,5.145,58.1,6.899,5.145,5.145
1786304134.561,S2,recommend,0,prior,0.0,,,,0.975,,0.975
1786304134.561,S2,reserve,0,prior,0.0,,,,1.332,,1.332
1786304134.561,S2,search,0,prior,0.0,,,,4.287,,4.287
1786304134.561,S3,recommend,688,obs,0.96,0.6566,1.075,75.5,1.0,1.075,1.075
1786304134.561,S3,reserve,338,obs,0.9487,0.9274,1.116,88.0,1.348,1.116,1.116
1786304134.561,S3,search,257,obs,0.9587,3.152,3.629,80.5,4.019,3.629,3.629
1786304135.562,S1,recommend,0,prior,0.0,,,,1.24,,1.24
1786304135.562,S1,reserve,0,prior,0.0,,,,1.658,,1.658
1786304135.562,S1,search,262,obs,0.9749,3.065,4.809,43.1,6.899,4.809,4.809
1786304135.562,S2,recommend,0,prior,0.0,,,,0.975,,0.975
1786304135.562,S2,reserve,0,prior,0.0,,,,1.332,,1.332
1786304135.562,S2,search,0,prior,0.0,,,,4.287,,4.287
1786304135.562,S3,recommend,688,obs,0.9675,0.647,1.047,63.0,1.0,1.047,1.047
1786304135.562,S3,reserve,344,obs,0.9637,0.9335,1.248,68.0,1.348,1.248,1.248
1786304135.562,S3,search,259,obs,0.9637,3.1273,3.612,65.5,4.019,3.612,3.612
1786304136.561,S1,recommend,0,prior,0.0,,,,1.24,,1.24
1786304136.561,S1,reserve,0,prior,0.0,,,,1.658,,1.658
1786304136.561,S1,search,263,obs,0.9812,3.0506,4.694,32.4,6.899,4.694,4.694
1786304136.561,S2,recommend,0,prior,0.0,,,,0.975,,0.975
1786304136.561,S2,reserve,0,prior,0.0,,,,1.332,,1.332
1786304136.561,S2,search,0,prior,0.0,,,,4.287,,4.287
1786304136.561,S3,recommend,692,obs,0.975,0.6605,0.993,49.9,1.0,0.993,0.993
1786304136.561,S3,reserve,352,obs,0.9712,0.9683,1.031,54.9,1.348,1.031,1.031
1786304136.561,S3,search,259,obs,0.9713,3.1936,3.759,52.3,4.019,3.759,3.759
1786304137.562,S1,recommend,0,prior,0.0,,,,1.24,,1.24
1786304137.562,S1,reserve,0,prior,0.0,,,,1.658,,1.658
1786304137.562,S1,search,262,obs,0.9812,3.0493,5.261,28.2,6.899,5.261,5.261
1786304137.562,S2,recommend,0,prior,0.0,,,,0.975,,0.975
1786304137.562,S2,reserve,0,prior,0.0,,,,1.332,,1.332
1786304137.562,S2,search,0,prior,0.0,,,,4.287,,4.287
1786304137.562,S3,recommend,698,obs,0.9762,0.669,0.993,45.7,1.0,0.993,0.993
1786304137.562,S3,reserve,350,obs,0.975,0.9641,1.031,43.1,1.348,1.031,1.031
1786304137.562,S3,search,259,obs,0.9713,3.2164,3.924,48.0,4.019,3.924,3.924
1786304138.562,S1,recommend,0,prior,0.0,,,,1.24,,1.24
1786304138.562,S1,reserve,0,prior,0.0,,,,1.658,,1.658
1786304138.562,S1,search,265,obs,0.9912,2.992,5.133,13.2,6.899,5.133,5.133
1786304138.562,S2,recommend,0,prior,0.0,,,,0.975,,0.975
1786304138.562,S2,reserve,0,prior,0.0,,,,1.332,,1.332
1786304138.562,S2,search,0,prior,0.0,,,,4.287,,4.287
1786304138.562,S3,recommend,704,obs,0.9824,0.6511,1.081,33.1,1.0,1.081,1.081
1786304138.562,S3,reserve,348,obs,0.9787,0.8953,1.031,30.7,1.348,1.031,1.031
1786304138.562,S3,search,262,obs,0.98,3.1303,3.738,35.6,4.019,3.738,3.738
1786304139.561,S1,recommend,0,prior,0.0,,,,1.24,,1.24
1786304139.561,S1,reserve,0,prior,0.0,,,,1.658,,1.658
1786304139.561,S1,search,255,obs,0.9487,4.663,7.823,98.2,6.899,7.823,7.823
1786304139.561,S2,recommend,0,prior,0.0,,,,0.975,,0.975
1786304139.561,S2,reserve,0,prior,0.0,,,,1.332,,1.332
1786304139.561,S2,search,0,prior,0.0,,,,4.287,,4.287
1786304139.561,S3,recommend,666,obs,0.9337,0.6524,1.105,125.7,1.0,1.105,1.105
1786304139.561,S3,reserve,334,obs,0.9374,0.8959,1.031,123.1,1.348,1.031,1.031
1786304139.561,S3,search,251,obs,0.9325,3.113,3.639,130.7,4.019,3.639,3.639
1786304140.562,S1,recommend,0,prior,0.0,,,,1.24,,1.24
1786304140.562,S1,reserve,0,prior,0.0,,,,1.658,,1.658
1786304140.562,S1,search,256,obs,0.955,4.6968,13.59,88.2,6.899,13.59,13.59
1786304140.562,S2,recommend,0,prior,0.0,,,,0.975,,0.975
1786304140.562,S2,reserve,0,prior,0.0,,,,1.332,,1.332
1786304140.562,S2,search,0,prior,0.0,,,,4.287,,4.287
1786304140.562,S3,recommend,670,obs,0.9438,0.6343,0.974,108.1,1.0,0.974,0.974
1786304140.562,S3,reserve,338,obs,0.9374,0.8986,1.031,118.2,1.348,1.031,1.031
1786304140.562,S3,search,253,obs,0.9437,3.1134,3.692,110.7,4.019,3.692,3.692
1786304141.562,S1,recommend,0,prior,0.0,,,,1.24,,1.24
1786304141.562,S1,reserve,0,prior,0.0,,,,1.658,,1.658
1786304141.562,S1,search,255,obs,0.9562,3.0201,4.91,80.7,6.899,4.91,4.91
1786304141.562,S2,recommend,0,prior,0.0,,,,0.975,,0.975
1786304141.562,S2,reserve,0,prior,0.0,,,,1.332,,1.332
1786304141.562,S2,search,0,prior,0.0,,,,4.287,,4.287
1786304141.562,S3,recommend,678,obs,0.9487,0.6498,1.027,100.7,1.0,1.027,1.027
1786304141.562,S3,reserve,340,obs,0.9487,0.8917,0.984,98.2,1.348,0.984,0.984
1786304141.562,S3,search,252,obs,0.9437,3.124,3.851,105.7,4.019,3.851,3.851
1786304142.562,S1,recommend,0,prior,0.0,,,,1.24,,1.24
1786304142.562,S1,reserve,0,prior,0.0,,,,1.658,,1.658
1786304142.562,S1,search,258,obs,0.965,3.0947,4.941,68.2,6.899,4.941,4.941
1786304142.562,S2,recommend,0,prior,0.0,,,,0.975,,0.975
1786304142.562,S2,reserve,0,prior,0.0,,,,1.332,,1.332
1786304142.562,S2,search,0,prior,0.0,,,,4.287,,4.287
1786304142.562,S3,recommend,682,obs,0.9537,0.6728,1.094,88.2,1.0,1.094,1.094
1786304142.562,S3,reserve,338,obs,0.9487,0.8785,0.98,93.3,1.348,0.98,0.98
1786304142.562,S3,search,255,obs,0.9537,3.1349,3.907,90.7,4.019,3.907,3.907
1786304143.562,S1,recommend,0,prior,0.0,,,,1.24,,1.24
1786304143.562,S1,reserve,0,prior,0.0,,,,1.658,,1.658
1786304143.562,S1,search,260,obs,0.97,3.1117,4.941,58.3,6.899,4.941,4.941
1786304143.562,S2,recommend,0,prior,0.0,,,,0.975,,0.975
1786304143.562,S2,reserve,0,prior,0.0,,,,1.332,,1.332
1786304143.562,S2,search,0,prior,0.0,,,,4.287,,4.287
1786304143.562,S3,recommend,688,obs,0.96,0.6452,1.064,75.8,1.0,1.064,1.064
1786304143.562,S3,reserve,338,obs,0.9488,0.9049,1.014,88.1,1.348,1.014,1.014
1786304143.562,S3,search,257,obs,0.9587,3.1158,3.765,80.8,4.019,3.765,3.765
1786304144.562,S1,recommend,0,prior,0.0,,,,1.24,,1.24
1786304144.562,S1,reserve,0,prior,0.0,,,,1.658,,1.658
1786304144.562,S1,search,261,obs,0.9699,3.0601,4.976,53.4,6.899,4.976,4.976
1786304144.562,S2,recommend,0,prior,0.0,,,,0.975,,0.975
1786304144.562,S2,reserve,0,prior,0.0,,,,1.332,,1.332
1786304144.562,S2,search,0,prior,0.0,,,,4.287,,4.287
1786304144.562,S3,recommend,686,obs,0.9636,0.6344,1.035,70.9,1.0,1.035,1.035
1786304144.562,S3,reserve,344,obs,0.9637,0.9188,1.085,68.3,1.348,1.085,1.085
1786304144.562,S3,search,258,obs,0.9587,3.1158,3.673,75.8,4.019,3.673,3.673
1786304145.562,S1,recommend,0,prior,0.0,,,,1.24,,1.24
1786304145.562,S1,reserve,0,prior,0.0,,,,1.658,,1.658
1786304145.562,S1,search,263,obs,0.9813,2.9871,4.496,33.3,6.899,4.496,4.496
1786304145.562,S2,recommend,0,prior,0.0,,,,0.975,,0.975
1786304145.562,S2,reserve,0,prior,0.0,,,,1.332,,1.332
1786304145.562,S2,search,0,prior,0.0,,,,4.287,,4.287
1786304145.562,S3,recommend,688,obs,0.9675,0.64,1.067,58.4,1.0,1.067,1.067
1786304145.562,S3,reserve,352,obs,0.9713,0.8971,1.031,55.8,1.348,1.031,1.031
1786304145.562,S3,search,258,obs,0.9675,3.1284,3.814,60.8,4.019,3.814,3.814
1786304146.562,S1,recommend,0,prior,0.0,,,,1.24,,1.24
1786304146.562,S1,reserve,0,prior,0.0,,,,1.658,,1.658
1786304146.562,S1,search,262,obs,0.9813,2.9965,5.322,28.3,6.899,5.322,5.322
1786304146.562,S2,recommend,0,prior,0.0,,,,0.975,,0.975
1786304146.562,S2,reserve,0,prior,0.0,,,,1.332,,1.332
1786304146.562,S2,search,0,prior,0.0,,,,4.287,,4.287
1786304146.562,S3,recommend,698,obs,0.9762,0.6584,1.067,45.9,1.0,1.067,1.067
1786304146.562,S3,reserve,348,obs,0.9712,0.8891,1.03,50.9,1.348,1.03,1.03
1786304146.562,S3,search,259,obs,0.9712,3.1451,3.839,48.3,4.019,3.839,3.839
1786304147.562,S1,recommend,0,prior,0.0,,,,1.24,,1.24
1786304147.562,S1,reserve,0,prior,0.0,,,,1.658,,1.658
1786304147.562,S1,search,265,obs,0.9912,3.0286,5.256,13.5,6.899,5.256,5.256
1786304147.562,S2,recommend,0,prior,0.0,,,,0.975,,0.975
1786304147.562,S2,reserve,0,prior,0.0,,,,1.332,,1.332
1786304147.562,S2,search,0,prior,0.0,,,,4.287,,4.287
1786304147.562,S3,recommend,702,obs,0.9788,0.6821,1.143,40.9,1.0,1.143,1.143
1786304147.562,S3,reserve,346,obs,0.9749,0.892,1.048,38.4,1.348,1.048,1.048
1786304147.562,S3,search,261,obs,0.975,3.1834,3.791,45.9,4.019,3.791,3.791
1786304148.561,S1,recommend,0,prior,0.0,,,,1.24,,1.24
1786304148.561,S1,reserve,0,prior,0.0,,,,1.658,,1.658
1786304148.561,S1,search,254,obs,0.945,3.1125,5.151,106.0,6.899,5.151,5.151
1786304148.561,S2,recommend,0,prior,0.0,,,,0.975,,0.975
1786304148.561,S2,reserve,0,prior,0.0,,,,1.332,,1.332
1786304148.561,S2,search,0,prior,0.0,,,,4.287,,4.287
1786304148.561,S3,recommend,666,obs,0.9338,0.6771,1.143,125.9,1.0,1.143,1.143
1786304148.561,S3,reserve,332,obs,0.93,0.8885,0.994,138.4,1.348,0.994,0.994
1786304148.561,S3,search,251,obs,0.9325,3.1712,3.787,131.0,4.019,3.787,3.787
1786304149.562,S1,recommend,0,prior,0.0,,,,1.24,,1.24
1786304149.562,S1,reserve,0,prior,0.0,,,,1.658,,1.658
1786304149.562,S1,search,255,obs,0.9523,4.4762,11.62,93.5,6.899,11.62,11.62
1786304149.562,S2,recommend,0,prior,0.0,,,,0.975,,0.975
1786304149.562,S2,reserve,0,prior,0.0,,,,1.332,,1.332
1786304149.562,S2,search,0,prior,0.0,,,,4.287,,4.287
1786304149.562,S3,recommend,668,obs,0.9412,0.642,0.995,113.4,1.0,0.995,0.995
1786304149.562,S3,reserve,338,obs,0.9375,0.9191,1.175,118.4,1.348,1.175,1.175
1786304149.562,S3,search,252,obs,0.9411,3.1207,3.656,116.0,4.019,3.656,3.656
1786304150.562,S1,recommend,0,prior,0.0,,,,1.24,,1.24
1786304150.562,S1,reserve,0,prior,0.0,,,,1.658,,1.658
1786304150.562,S1,search,254,obs,0.9525,4.4304,11.521,88.6,6.899,11.521,11.521
1786304150.562,S2,recommend,0,prior,0.0,,,,0.975,,0.975
1786304150.562,S2,reserve,0,prior,0.0,,,,1.332,,1.332
1786304150.562,S2,search,0,prior,0.0,,,,4.287,,4.287
1786304150.562,S3,recommend,676,obs,0.9475,0.6388,0.979,103.5,1.0,0.979,0.979
1786304150.562,S3,reserve,338,obs,0.9412,0.9251,1.109,113.5,1.348,1.109,1.109
1786304150.562,S3,search,252,obs,0.9437,3.1196,3.691,106.0,4.019,3.691,3.691
1786304151.562,S1,recommend,0,prior,0.0,,,,1.24,,1.24
1786304151.562,S1,reserve,0,prior,0.0,,,,1.658,,1.658
1786304151.562,S1,search,257,obs,0.9612,3.035,5.209,76.1,6.899,5.209,5.209
1786304151.562,S2,recommend,0,prior,0.0,,,,0.975,,0.975
1786304151.562,S2,reserve,0,prior,0.0,,,,1.332,,1.332
1786304151.562,S2,search,0,prior,0.0,,,,4.287,,4.287
1786304151.562,S3,recommend,680,obs,0.95,0.6442,0.984,96.0,1.0,0.984,0.984
1786304151.562,S3,reserve,338,obs,0.9487,0.8944,1.004,93.5,1.348,1.004,1.004
1786304151.562,S3,search,254,obs,0.9487,3.1316,3.764,101.0,4.019,3.764,3.764
1786304152.562,S1,recommend,0,prior,0.0,,,,1.24,,1.24
1786304152.562,S1,reserve,0,prior,0.0,,,,1.658,,1.658
1786304152.562,S1,search,259,obs,0.9675,2.986,4.541,63.6,6.899,4.541,4.541
1786304152.562,S2,recommend,0,prior,0.0,,,,0.975,,0.975
1786304152.562,S2,reserve,0,prior,0.0,,,,1.332,,1.332
1786304152.562,S2,search,0,prior,0.0,,,,4.287,,4.287
1786304152.562,S3,recommend,684,obs,0.9562,0.6353,0.988,83.5,1.0,0.988,0.988
1786304152.562,S3,reserve,338,obs,0.9487,0.9138,1.06,88.5,1.348,1.06,1.06
1786304152.562,S3,search,256,obs,0.9562,3.1351,3.792,86.0,4.019,3.792,3.792
1786304153.562,S1,recommend,0,prior,0.0,,,,1.24,,1.24
1786304153.562,S1,reserve,0,prior,0.0,,,,1.658,,1.658
1786304153.562,S1,search,260,obs,0.9674,3.1323,5.677,57.9,6.899,5.677,5.677
1786304153.562,S2,recommend,0,prior,0.0,,,,0.975,,0.975
1786304153.562,S2,reserve,0,prior,0.0,,,,1.332,,1.332
1786304153.562,S2,search,0,prior,0.0,,,,4.287,,4.287
1786304153.562,S3,recommend,681,obs,0.9624,0.6479,1.048,72.9,1.0,1.048,1.048
1786304153.562,S3,reserve,342,obs,0.9571,0.9388,1.185,81.2,1.348,1.185,1.185
1786304153.562,S3,search,257,obs,0.9562,3.1738,3.884,80.3,4.019,3.884,3.884
1786304154.562,S1,recommend,0,prior,0.0,,,,1.24,,1.24
1786304154.562,S1,reserve,0,prior,0.0,,,,1.658,,1.658
1786304154.562,S1,search,377,obs,0.96,16.3669,40.201,70.6,6.899,40.201,40.201
1786304154.562,S2,recommend,0,prior,0.0,,,,0.975,,0.975
1786304154.562,S2,reserve,0,prior,0.0,,,,1.332,,1.332
1786304154.562,S2,search,0,prior,0.0,,,,4.287,,4.287
1786304154.562,S3,recommend,683,obs,0.9637,0.5613,0.918,66.1,1.0,0.918,0.918
1786304154.562,S3,reserve,350,obs,0.9675,0.8667,1.093,63.6,1.348,1.093,1.093
1786304154.562,S3,search,134,prior_fill,0.4985,3.2051,4.102,998.9,4.019,3.884,4.019
1786304155.562,S1,recommend,0,prior,0.0,,,,1.24,,1.24
1786304155.562,S1,reserve,0,prior,0.0,,,,1.658,,1.658
1786304155.562,S1,search,520,obs,0.9756,25.0381,43.212,41.1,6.899,43.212,43.212
1786304155.562,S2,recommend,0,prior,0.0,,,,0.975,,0.975
1786304155.562,S2,reserve,0,prior,0.0,,,,1.332,,1.332
1786304155.562,S2,search,0,prior,0.0,,,,4.287,,4.287
1786304155.562,S3,recommend,694,obs,0.9721,0.4636,0.662,54.5,1.0,0.662,0.662
1786304155.562,S3,reserve,345,obs,0.9675,0.7966,1.017,58.6,1.348,1.017,1.017
1786304155.562,S3,search,1,prior,0.0,4.362,4.362,1998.9,4.019,3.884,4.019
1786304156.561,S1,recommend,0,prior,0.0,,,,1.24,,1.24
1786304156.561,S1,reserve,0,prior,0.0,,,,1.658,,1.658
1786304156.561,S1,search,524,obs,0.9783,25.1151,43.072,38.8,6.899,43.072,43.072
1786304156.561,S2,recommend,0,prior,0.0,,,,0.975,,0.975
1786304156.561,S2,reserve,0,prior,0.0,,,,1.332,,1.332
1786304156.561,S2,search,0,prior,0.0,,,,4.287,,4.287
1786304156.561,S3,recommend,701,obs,0.9769,0.4552,0.618,44.9,1.0,0.618,0.618
1786304156.561,S3,reserve,344,obs,0.9687,0.8034,1.05,50.5,1.348,1.05,1.05
1786304156.561,S3,search,0,prior,0.0,,,2998.2,4.019,3.884,4.019
1786304157.562,S1,recommend,0,prior,0.0,,,,1.24,,1.24
1786304157.562,S1,reserve,0,prior,0.0,,,,1.658,,1.658
1786304157.562,S1,search,522,obs,0.975,26.6765,53.781,28.7,6.899,53.781,53.781
1786304157.562,S2,recommend,0,prior,0.0,,,,0.975,,0.975
1786304157.562,S2,reserve,0,prior,0.0,,,,1.332,,1.332
1786304157.562,S2,search,0,prior,0.0,,,,4.287,,4.287
1786304157.562,S3,recommend,692,obs,0.9828,0.4631,0.622,31.5,1.0,0.622,0.622
1786304157.562,S3,reserve,346,obs,0.9782,0.8159,1.18,42.3,1.348,1.18,1.18
1786304157.562,S3,search,0,prior,0.0,,,3998.9,4.019,3.884,4.019
1786304158.561,S1,recommend,0,prior,0.0,,,,1.24,,1.24
1786304158.561,S1,reserve,0,prior,0.0,,,,1.658,,1.658
1786304158.561,S1,search,499,obs,0.9375,30.347,56.106,119.4,6.899,56.106,56.106
1786304158.561,S2,recommend,0,prior,0.0,,,,0.975,,0.975
1786304158.561,S2,reserve,0,prior,0.0,,,,1.332,,1.332
1786304158.561,S2,search,0,prior,0.0,,,,4.287,,4.287
1786304158.561,S3,recommend,667,obs,0.9386,0.4745,0.646,122.6,1.0,0.646,0.646
1786304158.561,S3,reserve,334,obs,0.9357,0.8062,1.185,121.6,1.348,1.185,1.185
1786304158.561,S3,search,0,prior,0.0,,,4998.2,4.019,3.884,4.019
1786304159.561,S1,recommend,0,prior,0.0,,,,1.24,,1.24
1786304159.561,S1,reserve,0,prior,0.0,,,,1.658,,1.658
1786304159.561,S1,search,481,obs,0.9428,37.3331,83.696,108.0,6.899,83.696,83.696
1786304159.561,S2,recommend,0,prior,0.0,,,,0.975,,0.975
1786304159.561,S2,reserve,0,prior,0.0,,,,1.332,,1.332
1786304159.561,S2,search,0,prior,0.0,,,,4.287,,4.287
1786304159.561,S3,recommend,644,obs,0.9428,0.461,0.611,111.2,1.0,0.611,0.611
1786304159.561,S3,reserve,325,obs,0.9424,0.7662,1.017,111.3,1.348,1.017,1.017
1786304159.561,S3,search,0,prior,0.0,,,5998.9,4.019,3.884,4.019
1786304160.562,S1,recommend,0,prior,0.0,,,,1.24,,1.24
1786304160.562,S1,reserve,0,prior,0.0,,,,1.658,,1.658
1786304160.562,S1,search,484,obs,0.931,38.8324,86.627,119.3,6.899,86.627,86.627
1786304160.562,S2,recommend,0,prior,0.0,,,,0.975,,0.975
1786304160.562,S2,reserve,0,prior,0.0,,,,1.332,,1.332
1786304160.562,S2,search,0,prior,0.0,,,,4.287,,4.287
1786304160.562,S3,recommend,656,obs,0.9483,0.4508,0.623,103.0,1.0,0.623,0.623
1786304160.562,S3,reserve,328,obs,0.9461,0.7584,1.025,103.4,1.348,1.025,1.025
1786304160.562,S3,search,0,prior,0.0,,,6998.9,4.019,3.884,4.019
1786304161.562,S1,recommend,0,prior,0.0,,,,1.24,,1.24
1786304161.562,S1,reserve,0,prior,0.0,,,,1.658,,1.658
1786304161.562,S1,search,512,obs,0.9495,34.3988,59.814,90.2,6.899,59.814,59.814
1786304161.562,S2,recommend,0,prior,0.0,,,,0.975,,0.975
1786304161.562,S2,reserve,0,prior,0.0,,,,1.332,,1.332
1786304161.562,S2,search,0,prior,0.0,,,,4.287,,4.287
1786304161.562,S3,recommend,684,obs,0.9507,0.4537,0.615,91.1,1.0,0.615,0.615
1786304161.562,S3,reserve,343,obs,0.9511,0.755,1.003,96.4,1.348,1.003,1.003
1786304161.562,S3,search,0,prior,0.0,,,7998.9,4.019,3.884,4.019
1786304162.562,S1,recommend,0,prior,0.0,,,,1.24,,1.24
1786304162.562,S1,reserve,0,prior,0.0,,,,1.658,,1.658
1786304162.562,S1,search,513,obs,0.9481,34.8733,59.228,86.7,6.899,59.228,59.228
1786304162.562,S2,recommend,0,prior,0.0,,,,0.975,,0.975
1786304162.562,S2,reserve,0,prior,0.0,,,,1.332,,1.332
1786304162.562,S2,search,0,prior,0.0,,,,4.287,,4.287
1786304162.562,S3,recommend,680,obs,0.9504,0.4577,0.597,96.7,1.0,0.597,0.597
1786304162.562,S3,reserve,343,obs,0.9538,0.7463,0.913,88.1,1.348,0.913,0.913
1786304162.562,S3,search,0,prior,0.0,,,8998.9,4.019,3.884,4.019
1786304163.562,S1,recommend,0,prior,0.0,,,,1.24,,1.24
1786304163.562,S1,reserve,0,prior,0.0,,,,1.658,,1.658
1786304163.562,S1,search,520,obs,0.9525,33.5848,58.323,79.6,6.899,58.323,58.323
1786304163.562,S2,recommend,0,prior,0.0,,,,0.975,,0.975
1786304163.562,S2,reserve,0,prior,0.0,,,,1.332,,1.332
1786304163.562,S2,search,0,prior,0.0,,,,4.287,,4.287
1786304163.562,S3,recommend,692,obs,0.9641,0.452,0.588,70.1,1.0,0.588,0.588
1786304163.562,S3,reserve,348,obs,0.9552,0.7492,0.975,72.6,1.348,0.975,0.975
1786304163.562,S3,search,0,prior,0.0,,,9998.9,4.019,3.884,4.019
1786304164.562,S1,recommend,0,prior,0.0,,,,1.24,,1.24
1786304164.562,S1,reserve,0,prior,0.0,,,,1.658,,1.658
1786304164.562,S1,search,527,obs,0.9713,33.5411,60.251,56.4,6.899,60.251,60.251
1786304164.562,S2,recommend,0,prior,0.0,,,,0.975,,0.975
1786304164.562,S2,reserve,0,prior,0.0,,,,1.332,,1.332
1786304164.562,S2,search,0,prior,0.0,,,,4.287,,4.287
1786304164.562,S3,recommend,697,obs,0.9672,0.4489,0.6,64.9,1.0,0.6,0.6
1786304164.562,S3,reserve,346,obs,0.9674,0.7542,1.047,64.7,1.348,1.047,1.047
1786304164.562,S3,search,0,prior,0.0,,,10998.9,4.019,3.884,4.019
1786304165.562,S1,recommend,0,prior,0.0,,,,1.24,,1.24
1786304165.562,S1,reserve,0,prior,0.0,,,,1.658,,1.658
1786304165.562,S1,search,524,obs,0.9665,34.1249,61.098,52.8,6.899,61.098,61.098
1786304165.562,S2,recommend,0,prior,0.0,,,,0.975,,0.975
1786304165.562,S2,reserve,0,prior,0.0,,,,1.332,,1.332
1786304165.562,S2,search,0,prior,0.0,,,,4.287,,4.287
1786304165.562,S3,recommend,696,obs,0.9712,0.4457,0.591,52.3,1.0,0.591,0.591
1786304165.562,S3,reserve,347,obs,0.9756,0.773,1.028,48.6,1.348,1.028,1.028
1786304165.562,S3,search,0,prior,0.0,,,11998.9,4.019,3.884,4.019
1786304166.562,S1,recommend,0,prior,0.0,,,,1.24,,1.24
1786304166.562,S1,reserve,0,prior,0.0,,,,1.658,,1.658
1786304166.562,S1,search,523,obs,0.9633,33.2077,59.345,52.5,6.899,59.345,59.345
1786304166.562,S2,recommend,0,prior,0.0,,,,0.975,,0.975
1786304166.562,S2,reserve,0,prior,0.0,,,,1.332,,1.332
1786304166.562,S2,search,0,prior,0.0,,,,4.287,,4.287
1786304166.562,S3,recommend,698,obs,0.9807,0.448,0.591,38.4,1.0,0.591,0.591
1786304166.562,S3,reserve,351,obs,0.9769,0.7669,0.957,42.2,1.348,0.957,0.957
1786304166.562,S3,search,0,prior,0.0,,,12998.9,4.019,3.884,4.019
1786304167.562,S1,recommend,0,prior,0.0,,,,1.24,,1.24
1786304167.562,S1,reserve,0,prior,0.0,,,,1.658,,1.658
1786304167.562,S1,search,528,obs,0.9672,33.2111,57.226,40.8,6.899,57.226,57.226
1786304167.562,S2,recommend,0,prior,0.0,,,,0.975,,0.975
1786304167.562,S2,reserve,0,prior,0.0,,,,1.332,,1.332
1786304167.562,S2,search,0,prior,0.0,,,,4.287,,4.287
1786304167.562,S3,recommend,707,obs,0.9853,0.4475,0.579,28.9,1.0,0.579,0.579
1786304167.562,S3,reserve,354,obs,0.9854,0.7401,0.936,27.5,1.348,0.936,0.936
1786304167.562,S3,search,0,prior,0.0,,,13998.9,4.019,3.884,4.019
1786304168.562,S1,recommend,0,prior,0.0,,,,1.24,,1.24
1786304168.562,S1,reserve,0,prior,0.0,,,,1.658,,1.658
1786304168.562,S1,search,501,obs,0.9346,33.4449,58.236,119.0,6.899,58.236,58.236
1786304168.562,S2,recommend,0,prior,0.0,,,,0.975,,0.975
1786304168.562,S2,reserve,0,prior,0.0,,,,1.332,,1.332
1786304168.562,S2,search,0,prior,0.0,,,,4.287,,4.287
1786304168.562,S3,recommend,673,obs,0.9363,0.4432,0.565,119.5,1.0,0.565,0.565
1786304168.562,S3,reserve,337,obs,0.9362,0.7408,0.945,123.1,1.348,0.945,0.945
1786304168.562,S3,search,0,prior,0.0,,,14998.9,4.019,3.884,4.019
1786304169.562,S1,recommend,0,prior,0.0,,,,1.24,,1.24
1786304169.562,S1,reserve,0,prior,0.0,,,,1.658,,1.658
1786304169.562,S1,search,501,obs,0.9474,35.2137,76.237,105.1,6.899,76.237,76.237
1786304169.562,S2,recommend,0,prior,0.0,,,,0.975,,0.975
1786304169.562,S2,reserve,0,prior,0.0,,,,1.332,,1.332
1786304169.562,S2,search,0,prior,0.0,,,,4.287,,4.287
1786304169.562,S3,recommend,670,obs,0.9463,0.4491,0.59,107.0,1.0,0.59,0.59
1786304169.562,S3,reserve,327,obs,0.9398,0.7472,0.953,112.0,1.348,0.953,0.953
1786304169.562,S3,search,0,prior,0.0,,,15998.9,4.019,3.884,4.019
1786304170.562,S1,recommend,0,prior,0.0,,,,1.24,,1.24
1786304170.562,S1,reserve,0,prior,0.0,,,,1.658,,1.658
1786304170.562,S1,search,499,obs,0.945,36.1245,75.584,99.5,6.899,75.584,75.584
1786304170.562,S2,recommend,0,prior,0.0,,,,0.975,,0.975
1786304170.562,S2,reserve,0,prior,0.0,,,,1.332,,1.332
1786304170.562,S2,search,0,prior,0.0,,,,4.287,,4.287
1786304170.562,S3,recommend,667,obs,0.9498,0.4517,0.613,99.7,1.0,0.613,0.613
1786304170.562,S3,reserve,333,obs,0.9368,0.7499,1.004,122.8,1.348,1.004,1.004
1786304170.562,S3,search,0,prior,0.0,,,16998.9,4.019,3.884,4.019
1786304171.562,S1,recommend,0,prior,0.0,,,,1.24,,1.24
1786304171.562,S1,reserve,0,prior,0.0,,,,1.658,,1.658
1786304171.562,S1,search,508,obs,0.9386,34.0054,60.299,111.3,6.899,60.299,60.299
1786304171.562,S2,recommend,0,prior,0.0,,,,0.975,,0.975
1786304171.562,S2,reserve,0,prior,0.0,,,,1.332,,1.332
1786304171.562,S2,search,0,prior,0.0,,,,4.287,,4.287
1786304171.562,S3,recommend,679,obs,0.9503,0.4522,0.601,95.5,1.0,0.601,0.601
1786304171.562,S3,reserve,346,obs,0.9521,0.7453,0.908,93.1,1.348,0.908,0.908
1786304171.562,S3,search,0,prior,0.0,,,17998.9,4.019,3.884,4.019
1786304172.562,S1,recommend,0,prior,0.0,,,,1.24,,1.24
1786304172.562,S1,reserve,0,prior,0.0,,,,1.658,,1.658
1786304172.562,S1,search,513,obs,0.9573,33.6353,61.562,80.6,6.899,61.562,61.562
1786304172.562,S2,recommend,0,prior,0.0,,,,0.975,,0.975
1786304172.562,S2,reserve,0,prior,0.0,,,,1.332,,1.332
1786304172.562,S2,search,0,prior,0.0,,,,4.287,,4.287
1786304172.562,S3,recommend,694,obs,0.9604,0.4575,0.622,77.7,1.0,0.622,0.622
1786304172.562,S3,reserve,346,obs,0.9564,0.7446,0.916,79.2,1.348,0.916,0.916
1786304172.562,S3,search,0,prior,0.0,,,18998.9,4.019,3.884,4.019
1786304173.561,S1,recommend,0,prior,0.0,,,,1.24,,1.24
1786304173.561,S1,reserve,0,prior,0.0,,,,1.658,,1.658
1786304173.561,S1,search,515,obs,0.9458,33.1126,58.531,65.9,6.899,58.531,58.531
1786304173.561,S2,recommend,0,prior,0.0,,,,0.975,,0.975
1786304173.561,S2,reserve,0,prior,0.0,,,,1.332,,1.332
1786304173.561,S2,search,0,prior,0.0,,,,4.287,,4.287
1786304173.561,S3,recommend,702,obs,0.9663,0.4557,0.68,67.1,1.0,0.68,0.68
1786304173.561,S3,reserve,346,obs,0.9562,0.7504,0.999,64.2,1.348,0.999,0.999
1786304173.561,S3,search,0,prior,0.0,,,19998.2,4.019,3.884,4.019
1786304174.562,S1,recommend,0,prior,0.0,,,,1.24,,1.24
1786304174.562,S1,reserve,0,prior,0.0,,,,1.658,,1.658
1786304174.562,S1,search,516,obs,0.9688,34.3322,62.077,49.0,6.899,62.077,62.077
1786304174.562,S2,recommend,0,prior,0.0,,,,0.975,,0.975
1786304174.562,S2,reserve,0,prior,0.0,,,,1.332,,1.332
1786304174.562,S2,search,0,prior,0.0,,,,4.287,,4.287
1786304174.562,S3,recommend,692,obs,0.9698,0.4488,0.608,58.4,1.0,0.608,0.608
1786304174.562,S3,reserve,342,obs,0.9675,0.7462,0.987,62.1,1.348,0.987,0.987
1786304174.562,S3,search,0,prior,0.0,,,20998.9,4.019,3.884,4.019
1786304175.562,S1,recommend,0,prior,0.0,,,,1.24,,1.24
1786304175.562,S1,reserve,0,prior,0.0,,,,1.658,,1.658
1786304175.562,S1,search,521,obs,0.9551,34.3381,59.568,69.7,6.899,59.568,59.568
1786304175.562,S2,recommend,0,prior,0.0,,,,0.975,,0.975
1786304175.562,S2,reserve,0,prior,0.0,,,,1.332,,1.332
1786304175.562,S2,search,0,prior,0.0,,,,4.287,,4.287
1786304175.562,S3,recommend,696,obs,0.9772,0.4468,0.578,44.6,1.0,0.578,0.578
1786304175.562,S3,reserve,346,obs,0.9712,0.7406,0.915,52.6,1.348,0.915,0.915
1786304175.562,S3,search,0,prior,0.0,,,21998.9,4.019,3.884,4.019
1786304176.562,S1,recommend,0,prior,0.0,,,,1.24,,1.24
1786304176.562,S1,reserve,0,prior,0.0,,,,1.658,,1.658
1786304176.562,S1,search,530,obs,0.9793,32.549,56.117,36.1,6.899,56.117,56.117
1786304176.562,S2,recommend,0,prior,0.0,,,,0.975,,0.975
1786304176.562,S2,reserve,0,prior,0.0,,,,1.332,,1.332
1786304176.562,S2,search,0,prior,0.0,,,,4.287,,4.287
1786304176.562,S3,recommend,705,obs,0.9817,0.4404,0.578,33.3,1.0,0.578,0.578
1786304176.562,S3,reserve,355,obs,0.9782,0.7472,0.936,41.3,1.348,0.936,0.936
1786304176.562,S3,search,0,prior,0.0,,,22998.9,4.019,3.884,4.019
1786304177.562,S1,recommend,0,prior,0.0,,,,1.24,,1.24
1786304177.562,S1,reserve,0,prior,0.0,,,,1.658,,1.658
1786304177.562,S1,search,504,obs,0.9455,32.1403,58.047,105.0,6.899,58.047,58.047
1786304177.562,S2,recommend,0,prior,0.0,,,,0.975,,0.975
1786304177.562,S2,reserve,0,prior,0.0,,,,1.332,,1.332
1786304177.562,S2,search,0,prior,0.0,,,,4.287,,4.287
1786304177.562,S3,recommend,671,obs,0.937,0.4492,0.63,123.3,1.0,0.63,0.63
1786304177.562,S3,reserve,334,obs,0.9315,0.7672,0.982,129.1,1.348,0.982,0.982
1786304177.562,S3,search,0,prior,0.0,,,23998.9,4.019,3.884,4.019
1786304178.562,S1,recommend,0,prior,0.0,,,,1.24,,1.24
1786304178.562,S1,reserve,0,prior,0.0,,,,1.658,,1.658
1786304178.562,S1,search,493,obs,0.9337,33.9932,68.467,121.8,6.899,68.467,68.467
1786304178.562,S2,recommend,0,prior,0.0,,,,0.975,,0.975
1786304178.562,S2,reserve,0,prior,0.0,,,,1.332,,1.332
1786304178.562,S2,search,0,prior,0.0,,,,4.287,,4.287
1786304178.562,S3,recommend,666,obs,0.94,0.4604,0.642,118.4,1.0,0.642,0.642
1786304178.562,S3,reserve,336,obs,0.9399,0.7793,1.11,116.5,1.348,1.11,1.11
1786304178.562,S3,search,0,prior,0.0,,,24998.9,4.019,3.884,4.019
1786304179.562,S1,recommend,0,prior,0.0,,,,1.24,,1.24
1786304179.562,S1,reserve,0,prior,0.0,,,,1.658,,1.658
1786304179.562,S1,search,492,obs,0.9366,36.7159,75.862,122.2,6.899,75.862,75.862
1786304179.562,S2,recommend,0,prior,0.0,,,,0.975,,0.975
1786304179.562,S2,reserve,0,prior,0.0,,,,1.332,,1.332
1786304179.562,S2,search,0,prior,0.0,,,,4.287,,4.287
1786304179.562,S3,recommend,658,obs,0.9485,0.4566,0.618,102.9,1.0,0.618,0.618
1786304179.562,S3,reserve,332,obs,0.9465,0.7747,1.049,104.2,1.348,1.049,1.049
1786304179.562,S3,search,0,prior,0.0,,,25998.9,4.019,3.884,4.019
1786304180.562,S1,recommend,0,prior,0.0,,,,1.24,,1.24
1786304180.562,S1,reserve,0,prior,0.0,,,,1.658,,1.658
1786304180.562,S1,search,498,obs,0.9418,37.0996,72.225,101.6,6.899,72.225,72.225
1786304180.562,S2,recommend,0,prior,0.0,,,,0.975,,0.975
1786304180.562,S2,reserve,0,prior,0.0,,,,1.332,,1.332
1786304180.562,S2,search,0,prior,0.0,,,,4.287,,4.287
1786304180.562,S3,recommend,671,obs,0.9511,0.4748,0.728,97.3,1.0,0.728,0.728
1786304180.562,S3,reserve,336,obs,0.9503,0.764,1.0,97.2,1.348,1.0,1.0
1786304180.562,S3,search,0,prior,0.0,,,26998.9,4.019,3.884,4.019
1786304181.562,S1,recommend,0,prior,0.0,,,,1.24,,1.24
1786304181.562,S1,reserve,0,prior,0.0,,,,1.658,,1.658
1786304181.562,S1,search,510,obs,0.9551,35.7137,64.772,88.8,6.899,64.772,64.772
1786304181.562,S2,recommend,0,prior,0.0,,,,0.975,,0.975
1786304181.562,S2,reserve,0,prior,0.0,,,,1.332,,1.332
1786304181.562,S2,search,0,prior,0.0,,,,4.287,,4.287
1786304181.562,S3,recommend,686,obs,0.9526,0.4723,0.707,86.6,1.0,0.707,0.707
1786304181.562,S3,reserve,335,obs,0.9486,0.7629,0.992,84.4,1.348,0.992,0.992
1786304181.562,S3,search,0,prior,0.0,,,27998.9,4.019,3.884,4.019
1786304182.562,S1,recommend,0,prior,0.0,,,,1.24,,1.24
1786304182.562,S1,reserve,0,prior,0.0,,,,1.658,,1.658
1786304182.562,S1,search,518,obs,0.9602,34.8906,60.09,73.7,6.899,60.09,60.09
1786304182.562,S2,recommend,0,prior,0.0,,,,0.975,,0.975
1786304182.562,S2,reserve,0,prior,0.0,,,,1.332,,1.332
1786304182.562,S2,search,0,prior,0.0,,,,4.287,,4.287
1786304182.562,S3,recommend,685,obs,0.9642,0.4567,0.621,70.3,1.0,0.621,0.621
1786304182.562,S3,reserve,344,obs,0.9621,0.7579,1.01,74.4,1.348,1.01,1.01
1786304182.562,S3,search,0,prior,0.0,,,28998.9,4.019,3.884,4.019
1786304183.562,S1,recommend,0,prior,0.0,,,,1.24,,1.24
1786304183.562,S1,reserve,0,prior,0.0,,,,1.658,,1.658
1786304183.562,S1,search,517,obs,0.9603,33.9856,57.075,75.2,6.899,57.075,57.075
1786304183.562,S2,recommend,0,prior,0.0,,,,0.975,,0.975
1786304183.562,S2,reserve,0,prior,0.0,,,,1.332,,1.332
1786304183.562,S2,search,0,prior,0.0,,,,4.287,,4.287
1786304183.562,S3,recommend,691,obs,0.9701,0.4889,0.686,59.1,1.0,0.686,0.686
1786304183.562,S3,reserve,352,obs,0.9634,0.773,1.062,72.8,1.348,1.062,1.062
1786304183.562,S3,search,0,prior,0.0,,,29998.9,4.019,3.884,4.019
1786304184.562,S1,recommend,0,prior,0.0,,,,1.24,,1.24
1786304184.562,S1,reserve,0,prior,0.0,,,,1.658,,1.658
1786304184.562,S1,search,522,obs,0.9684,33.7619,61.536,40.8,6.899,61.536,61.536
1786304184.562,S2,recommend,0,prior,0.0,,,,0.975,,0.975
1786304184.562,S2,reserve,0,prior,0.0,,,,1.332,,1.332
1786304184.562,S2,search,0,prior,0.0,,,,4.287,,4.287
1786304184.562,S3,recommend,701,obs,0.9752,0.4863,0.631,49.1,1.0,0.631,0.631
1786304184.562,S3,reserve,351,obs,0.9738,0.762,1.022,48.8,1.348,1.022,1.022
1786304184.562,S3,search,0,prior,0.0,,,30998.9,4.019,3.884,4.019
1786304185.562,S1,recommend,0,prior,0.0,,,,1.24,,1.24
1786304185.562,S1,reserve,0,prior,0.0,,,,1.658,,1.658
1786304185.562,S1,search,521,obs,0.9673,34.407,61.016,44.2,6.899,61.016,61.016
1786304185.562,S2,recommend,0,prior,0.0,,,,0.975,,0.975
1786304185.562,S2,reserve,0,prior,0.0,,,,1.332,,1.332
1786304185.562,S2,search,0,prior,0.0,,,,4.287,,4.287
1786304185.562,S3,recommend,700,obs,0.98,0.4566,0.602,37.2,1.0,0.602,0.602
1786304185.562,S3,reserve,347,obs,0.9745,0.7416,0.949,50.1,1.348,0.949,0.949
1786304185.562,S3,search,0,prior,0.0,,,31998.9,4.019,3.884,4.019
1786304186.562,S1,recommend,0,prior,0.0,,,,1.24,,1.24
1786304186.562,S1,reserve,0,prior,0.0,,,,1.658,,1.658
1786304186.562,S1,search,528,obs,0.982,33.4845,61.781,20.8,6.899,61.781,61.781
1786304186.562,S2,recommend,0,prior,0.0,,,,0.975,,0.975
1786304186.562,S2,reserve,0,prior,0.0,,,,1.332,,1.332
1786304186.562,S2,search,0,prior,0.0,,,,4.287,,4.287
1786304186.562,S3,recommend,707,obs,0.9814,0.4568,0.616,27.0,1.0,0.616,0.616
1786304186.562,S3,reserve,347,obs,0.9821,0.7338,0.949,33.7,1.348,0.949,0.949
1786304186.562,S3,search,0,prior,0.0,,,32998.9,4.019,3.884,4.019
1786304187.562,S1,recommend,0,prior,0.0,,,,1.24,,1.24
1786304187.562,S1,reserve,0,prior,0.0,,,,1.658,,1.658
1786304187.562,S1,search,506,obs,0.9391,33.0145,63.597,113.6,6.899,63.597,63.597
1786304187.562,S2,recommend,0,prior,0.0,,,,0.975,,0.975
1786304187.562,S2,reserve,0,prior,0.0,,,,1.332,,1.332
1786304187.562,S2,search,0,prior,0.0,,,,4.287,,4.287
1786304187.562,S3,recommend,676,obs,0.9369,0.4888,0.62,124.1,1.0,0.62,0.62
1786304187.562,S3,reserve,339,obs,0.9396,0.757,0.988,118.8,1.348,0.988,0.988
1786304187.562,S3,search,0,prior,0.0,,,33998.9,4.019,3.884,4.019
1786304188.562,S1,recommend,0,prior,0.0,,,,1.24,,1.24
1786304188.562,S1,reserve,0,prior,0.0,,,,1.658,,1.658
1786304188.562,S1,search,506,obs,0.9436,33.7431,62.845,108.1,6.899,62.845,62.845
1786304188.562,S2,recommend,0,prior,0.0,,,,0.975,,0.975
1786304188.562,S2,reserve,0,prior,0.0,,,,1.332,,1.332
1786304188.562,S2,search,0,prior,0.0,,,,4.287,,4.287
1786304188.562,S3,recommend,667,obs,0.9384,0.4834,0.602,107.7,1.0,0.602,0.602
1786304188.562,S3,reserve,341,obs,0.9438,0.7742,1.002,111.3,1.348,1.002,1.002
1786304188.562,S3,search,0,prior,0.0,,,34998.9,4.019,3.884,4.019
1786304189.562,S1,recommend,0,prior,0.0,,,,1.24,,1.24
1786304189.562,S1,reserve,0,prior,0.0,,,,1.658,,1.658
1786304189.562,S1,search,497,obs,0.9488,36.3574,71.136,87.3,6.899,71.136,71.136
1786304189.562,S2,recommend,0,prior,0.0,,,,0.975,,0.975
1786304189.562,S2,reserve,0,prior,0.0,,,,1.332,,1.332
1786304189.562,S2,search,0,prior,0.0,,,,4.287,,4.287
1786304189.562,S3,recommend,668,obs,0.9486,0.4494,0.609,102.4,1.0,0.609,0.609
1786304189.562,S3,reserve,331,obs,0.9484,0.7652,1.023,102.2,1.348,1.023,1.023
1786304189.562,S3,search,0,prior,0.0,,,35998.9,4.019,3.884,4.019
1786304190.562,S1,recommend,0,prior,0.0,,,,1.24,,1.24
1786304190.562,S1,reserve,0,prior,0.0,,,,1.658,,1.658
1786304190.562,S1,search,503,obs,0.9504,36.4247,74.254,89.5,6.899,74.254,74.254
1786304190.562,S2,recommend,0,prior,0.0,,,,0.975,,0.975
1786304190.562,S2,reserve,0,prior,0.0,,,,1.332,,1.332
1786304190.562,S2,search,0,prior,0.0,,,,4.287,,4.287
1786304190.562,S3,recommend,676,obs,0.9489,0.4492,0.614,94.0,1.0,0.614,0.614
1786304190.562,S3,reserve,336,obs,0.9462,0.7641,1.059,89.3,1.348,1.059,1.059
1786304190.562,S3,search,0,prior,0.0,,,36998.9,4.019,3.884,4.019
1786304191.562,S1,recommend,0,prior,0.0,,,,1.24,,1.24
1786304191.562,S1,reserve,0,prior,0.0,,,,1.658,,1.658
1786304191.562,S1,search,518,obs,0.9413,35.494,65.633,88.5,6.899,65.633,65.633
1786304191.562,S2,recommend,0,prior,0.0,,,,0.975,,0.975
1786304191.562,S2,reserve,0,prior,0.0,,,,1.332,,1.332
1786304191.562,S2,search,0,prior,0.0,,,,4.287,,4.287
1786304191.562,S3,recommend,679,obs,0.956,0.4459,0.6,87.8,1.0,0.6,0.6
1786304191.562,S3,reserve,343,obs,0.9502,0.758,0.965,86.6,1.348,0.965,0.965
1786304191.562,S3,search,0,prior,0.0,,,37998.9,4.019,3.884,4.019
1786304192.562,S1,recommend,0,prior,0.0,,,,1.24,,1.24
1786304192.562,S1,reserve,0,prior,0.0,,,,1.658,,1.658
1786304192.562,S1,search,514,obs,0.9585,35.2237,63.135,73.5,6.899,63.135,63.135
1786304192.562,S2,recommend,0,prior,0.0,,,,0.975,,0.975
1786304192.562,S2,reserve,0,prior,0.0,,,,1.332,,1.332
1786304192.562,S2,search,0,prior,0.0,,,,4.287,,4.287
1786304192.562,S3,recommend,683,obs,0.9649,0.4501,0.581,68.5,1.0,0.581,0.581
1786304192.562,S3,reserve,341,obs,0.9614,0.757,1.048,66.7,1.348,1.048,1.048
1786304192.562,S3,search,0,prior,0.0,,,38998.9,4.019,3.884,4.019
1786304193.562,S1,recommend,0,prior,0.0,,,,1.24,,1.24
1786304193.562,S1,reserve,0,prior,0.0,,,,1.658,,1.658
1786304193.562,S1,search,517,obs,0.9547,34.8409,61.97,77.9,6.899,61.97,61.97
1786304193.562,S2,recommend,0,prior,0.0,,,,0.975,,0.975
1786304193.562,S2,reserve,0,prior,0.0,,,,1.332,,1.332
1786304193.562,S2,search,0,prior,0.0,,,,4.287,,4.287
1786304193.562,S3,recommend,684,obs,0.968,0.4578,0.588,54.9,1.0,0.588,0.588
1786304193.562,S3,reserve,351,obs,0.9652,0.7575,0.938,69.4,1.348,0.938,0.938
1786304193.562,S3,search,0,prior,0.0,,,39998.9,4.019,3.884,4.019
1786304194.561,S1,recommend,0,prior,0.0,,,,1.24,,1.24
1786304194.561,S1,reserve,0,prior,0.0,,,,1.658,,1.658
1786304194.561,S1,search,522,obs,0.9876,36.172,68.498,23.9,6.899,68.498,68.498
1786304194.561,S2,recommend,0,prior,0.0,,,,0.975,,0.975
1786304194.561,S2,reserve,0,prior,0.0,,,,1.332,,1.332
1786304194.561,S2,search,0,prior,0.0,,,,4.287,,4.287
1786304194.561,S3,recommend,688,obs,0.9779,0.4576,0.589,42.5,1.0,0.589,0.589
1786304194.561,S3,reserve,342,obs,0.9698,0.7608,0.947,44.8,1.348,0.947,0.947
1786304194.561,S3,search,0,prior,0.0,,,40998.2,4.019,3.884,4.019
1786304195.562,S1,recommend,0,prior,0.0,,,,1.24,,1.24
1786304195.562,S1,reserve,0,prior,0.0,,,,1.658,,1.658
1786304195.562,S1,search,521,obs,0.9867,37.4869,74.811,20.5,6.899,74.811,74.811
1786304195.562,S2,recommend,0,prior,0.0,,,,0.975,,0.975
1786304195.562,S2,reserve,0,prior,0.0,,,,1.332,,1.332
1786304195.562,S2,search,0,prior,0.0,,,,4.287,,4.287
1786304195.562,S3,recommend,687,obs,0.9835,0.4496,0.577,32.8,1.0,0.577,0.577
1786304195.562,S3,reserve,343,obs,0.9736,0.7545,0.959,48.2,1.348,0.959,0.959
1786304195.562,S3,search,0,prior,0.0,,,41998.9,4.019,3.884,4.019
1786304196.561,S1,recommend,0,prior,0.0,,,,1.24,,1.24
1786304196.561,S1,reserve,0,prior,0.0,,,,1.658,,1.658
1786304196.561,S1,search,499,obs,0.9402,36.6019,74.811,117.3,6.899,74.811,74.811
1786304196.561,S2,recommend,0,prior,0.0,,,,0.975,,0.975
1786304196.561,S2,reserve,0,prior,0.0,,,,1.332,,1.332
1786304196.561,S2,search,0,prior,0.0,,,,4.287,,4.287
1786304196.561,S3,recommend,661,obs,0.939,0.4517,0.585,121.7,1.0,0.585,0.585
1786304196.561,S3,reserve,333,obs,0.9356,0.7678,0.982,126.5,1.348,0.982,0.982
1786304196.561,S3,search,0,prior,0.0,,,42998.9,4.019,3.884,4.019
1786304197.562,S1,recommend,0,prior,0.0,,,,1.24,,1.24
1786304197.562,S1,reserve,0,prior,0.0,,,,1.658,,1.658
1786304197.562,S1,search,503,obs,0.9395,35.2612,66.192,104.1,6.899,66.192,66.192
1786304197.562,S2,recommend,0,prior,0.0,,,,0.975,,0.975
1786304197.562,S2,reserve,0,prior,0.0,,,,1.332,,1.332
1786304197.562,S2,search,0,prior,0.0,,,,4.287,,4.287
1786304197.562,S3,recommend,675,obs,0.9413,0.4527,0.594,116.2,1.0,0.594,0.594
1786304197.562,S3,reserve,338,obs,0.9357,0.8055,0.983,122.4,1.348,0.983,0.983
1786304197.562,S3,search,0,prior,0.0,,,43998.9,4.019,3.884,4.019
1786304198.561,S1,recommend,0,prior,0.0,,,,1.24,,1.24
1786304198.561,S1,reserve,0,prior,0.0,,,,1.658,,1.658
1786304198.561,S1,search,505,obs,0.9447,34.8677,59.91,92.0,6.899,59.91,59.91
1786304198.561,S2,recommend,0,prior,0.0,,,,0.975,,0.975
1786304198.561,S2,reserve,0,prior,0.0,,,,1.332,,1.332
1786304198.561,S2,search,0,prior,0.0,,,,4.287,,4.287
1786304198.561,S3,recommend,683,obs,0.9496,0.4453,0.586,99.6,1.0,0.586,0.586
1786304198.561,S3,reserve,340,obs,0.946,0.7941,0.986,101.6,1.348,0.986,0.986
1786304198.561,S3,search,0,prior,0.0,,,44998.2,4.019,3.884,4.019
1786304199.562,S1,recommend,0,prior,0.0,,,,1.24,,1.24
1786304199.562,S1,reserve,0,prior,0.0,,,,1.658,,1.658
1786304199.562,S1,search,494,obs,0.9482,37.8503,83.054,100.4,6.899,83.054,83.054
1786304199.562,S2,recommend,0,prior,0.0,,,,0.975,,0.975
1786304199.562,S2,reserve,0,prior,0.0,,,,1.332,,1.332
1786304199.562,S2,search,0,prior,0.0,,,,4.287,,4.287
1786304199.562,S3,recommend,662,obs,0.9539,0.4445,0.607,90.7,1.0,0.607,0.607
1786304199.562,S3,reserve,338,obs,0.9512,0.7538,1.042,96.4,1.348,1.042,1.042
1786304199.562,S3,search,0,prior,0.0,,,45998.9,4.019,3.884,4.019
1786304200.562,S1,recommend,0,prior,0.0,,,,1.24,,1.24
1786304200.562,S1,reserve,0,prior,0.0,,,,1.658,,1.658
1786304200.562,S1,search,497,obs,0.9463,37.6179,83.892,91.9,6.899,83.892,83.892
1786304200.562,S2,recommend,0,prior,0.0,,,,0.975,,0.975
1786304200.562,S2,reserve,0,prior,0.0,,,,1.332,,1.332
1786304200.562,S2,search,0,prior,0.0,,,,4.287,,4.287
1786304200.562,S3,recommend,671,obs,0.9595,0.4471,0.613,79.6,1.0,0.613,0.613
1786304200.562,S3,reserve,335,obs,0.9598,0.7591,1.113,80.5,1.348,1.113,1.113
1786304200.562,S3,search,0,prior,0.0,,,46998.2,4.019,3.884,4.019
1786304201.562,S1,recommend,0,prior,0.0,,,,1.24,,1.24
1786304201.562,S1,reserve,0,prior,0.0,,,,1.658,,1.658
1786304201.562,S1,search,512,obs,0.9374,35.2057,65.809,83.3,6.899,65.809,65.809
1786304201.562,S2,recommend,0,prior,0.0,,,,0.975,,0.975
1786304201.562,S2,reserve,0,prior,0.0,,,,1.332,,1.332
1786304201.562,S2,search,0,prior,0.0,,,,4.287,,4.287
1786304201.562,S3,recommend,686,obs,0.9609,0.4521,0.631,74.4,1.0,0.631,0.631
1786304201.562,S3,reserve,347,obs,0.9567,0.7589,1.047,82.0,1.348,1.047,1.047
1786304201.562,S3,search,0,prior,0.0,,,47998.9,4.019,3.884,4.019
1786304202.562,S1,recommend,0,prior,0.0,,,,1.24,,1.24
1786304202.562,S1,reserve,0,prior,0.0,,,,1.658,,1.658
1786304202.562,S1,search,512,obs,0.9582,36.9648,69.717,74.9,6.899,69.717,69.717
1786304202.562,S2,recommend,0,prior,0.0,,,,0.975,,0.975
1786304202.562,S2,reserve,0,prior,0.0,,,,1.332,,1.332
1786304202.562,S2,search,0,prior,0.0,,,,4.287,,4.287
1786304202.562,S3,recommend,686,obs,0.9694,0.461,0.638,60.6,1.0,0.638,0.638
1786304202.562,S3,reserve,344,obs,0.9677,0.7627,1.018,60.3,1.348,1.018,1.018
1786304202.562,S3,search,0,prior,0.0,,,48998.9,4.019,3.884,4.019
1786304203.562,S1,recommend,0,prior,0.0,,,,1.24,,1.24
1786304203.562,S1,reserve,0,prior,0.0,,,,1.658,,1.658
1786304203.562,S1,search,515,obs,0.9453,35.5244,61.095,69.9,6.899,61.095,61.095
1786304203.562,S2,recommend,0,prior,0.0,,,,0.975,,0.975
1786304203.562,S2,reserve,0,prior,0.0,,,,1.332,,1.332
1786304203.562,S2,search,0,prior,0.0,,,,4.287,,4.287
1786304203.562,S3,recommend,693,obs,0.9762,0.4556,0.633,46.5,1.0,0.633,0.633
1786304203.562,S3,reserve,352,obs,0.9715,0.756,1.007,56.9,1.348,1.007,1.007
1786304203.562,S3,search,0,prior,0.0,,,49998.9,4.019,3.884,4.019
1786304204.563,S1,recommend,0,prior,0.0,,,,1.24,,1.24
1786304204.563,S1,reserve,0,prior,0.0,,,,1.658,,1.658
1786304204.563,S1,search,527,obs,0.9723,35.0927,64.628,45.0,6.899,64.628,64.628
1786304204.563,S2,recommend,0,prior,0.0,,,,0.975,,0.975
1786304204.563,S2,reserve,0,prior,0.0,,,,1.332,,1.332
1786304204.563,S2,search,0,prior,0.0,,,,4.287,,4.287
1786304204.563,S3,recommend,704,obs,0.9808,0.4424,0.569,36.6,1.0,0.569,0.569
1786304204.563,S3,reserve,349,obs,0.9762,0.7487,0.979,41.6,1.348,0.979,0.979
1786304204.563,S3,search,0,prior,0.0,,,50998.9,4.019,3.884,4.019
1786304205.562,S1,recommend,0,prior,0.0,,,,1.24,,1.24
1786304205.562,S1,reserve,0,prior,0.0,,,,1.658,,1.658
1786304205.562,S1,search,500,obs,0.9397,34.8003,62.71,118.6,6.899,62.71,62.71
1786304205.562,S2,recommend,0,prior,0.0,,,,0.975,,0.975
1786304205.562,S2,reserve,0,prior,0.0,,,,1.332,,1.332
1786304205.562,S2,search,0,prior,0.0,,,,4.287,,4.287
1786304205.562,S3,recommend,673,obs,0.9343,0.4471,0.568,127.7,1.0,0.568,0.568
1786304205.562,S3,reserve,333,obs,0.9347,0.7564,0.967,129.7,1.348,0.967,0.967
1786304205.562,S3,search,0,prior,0.0,,,51998.9,4.019,3.884,4.019
1786304206.562,S1,recommend,0,prior,0.0,,,,1.24,,1.24
1786304206.562,S1,reserve,0,prior,0.0,,,,1.658,,1.658
1786304206.562,S1,search,501,obs,0.9326,35.4061,63.706,125.1,6.899,63.706,63.706
1786304206.562,S2,recommend,0,prior,0.0,,,,0.975,,0.975
1786304206.562,S2,reserve,0,prior,0.0,,,,1.332,,1.332
1786304206.562,S2,search,0,prior,0.0,,,,4.287,,4.287
1786304206.562,S3,recommend,674,obs,0.9419,0.4631,0.593,116.0,1.0,0.593,0.593
1786304206.562,S3,reserve,339,obs,0.9389,0.7669,1.002,116.0,1.348,1.002,1.002
1786304206.562,S3,search,0,prior,0.0,,,52998.9,4.019,3.884,4.019
1786304207.562,S1,recommend,0,prior,0.0,,,,1.24,,1.24
1786304207.562,S1,reserve,0,prior,0.0,,,,1.658,,1.658
1786304207.562,S1,search,495,obs,0.9305,36.0763,64.561,123.9,6.899,64.561,64.561
1786304207.562,S2,recommend,0,prior,0.0,,,,0.975,,0.975
1786304207.562,S2,reserve,0,prior,0.0,,,,1.332,,1.332
1786304207.562,S2,search,0,prior,0.0,,,,4.287,,4.287
1786304207.562,S3,recommend,669,obs,0.9366,0.5041,0.653,124.6,1.0,0.653,0.653
1786304207.562,S3,reserve,341,obs,0.9448,0.8091,1.095,109.8,1.348,1.095,1.095
1786304207.562,S3,search,0,prior,0.0,,,53998.9,4.019,3.884,4.019
1786304208.562,S1,recommend,0,prior,0.0,,,,1.24,,1.24
1786304208.562,S1,reserve,0,prior,0.0,,,,1.658,,1.658
1786304208.562,S1,search,503,obs,0.9337,35.3431,60.981,108.6,6.899,60.981,60.981
1786304208.562,S2,recommend,0,prior,0.0,,,,0.975,,0.975
1786304208.562,S2,reserve,0,prior,0.0,,,,1.332,,1.332
1786304208.562,S2,search,0,prior,0.0,,,,4.287,,4.287
1786304208.562,S3,recommend,679,obs,0.9528,0.5002,0.654,94.3,1.0,0.654,0.654
1786304208.562,S3,reserve,340,obs,0.9517,0.8074,1.096,94.5,1.348,1.096,1.096
1786304208.562,S3,search,0,prior,0.0,,,54998.9,4.019,3.884,4.019
1786304209.562,S1,recommend,0,prior,0.0,,,,1.24,,1.24
1786304209.562,S1,reserve,0,prior,0.0,,,,1.658,,1.658
1786304209.562,S1,search,505,obs,0.9427,36.6076,70.726,99.0,6.899,70.726,70.726
1786304209.562,S2,recommend,0,prior,0.0,,,,0.975,,0.975
1786304209.562,S2,reserve,0,prior,0.0,,,,1.332,,1.332
1786304209.562,S2,search,0,prior,0.0,,,,4.287,,4.287
1786304209.562,S3,recommend,669,obs,0.9544,0.4636,0.65,90.9,1.0,0.65,0.65
1786304209.562,S3,reserve,337,obs,0.9525,0.7558,0.979,92.4,1.348,0.979,0.979
1786304209.562,S3,search,0,prior,0.0,,,55998.9,4.019,3.884,4.019
1786304210.562,S1,recommend,0,prior,0.0,,,,1.24,,1.24
1786304210.562,S1,reserve,0,prior,0.0,,,,1.658,,1.658
1786304210.562,S1,search,498,obs,0.9484,37.7999,77.244,95.3,6.899,77.244,77.244
1786304210.562,S2,recommend,0,prior,0.0,,,,0.975,,0.975
1786304210.562,S2,reserve,0,prior,0.0,,,,1.332,,1.332
1786304210.562,S2,search,0,prior,0.0,,,,4.287,,4.287
1786304210.562,S3,recommend,671,obs,0.9576,0.461,0.67,77.9,1.0,0.67,0.67
1786304210.562,S3,reserve,335,obs,0.9526,0.7469,0.953,85.7,1.348,0.953,0.953
1786304210.562,S3,search,0,prior,0.0,,,56998.9,4.019,3.884,4.019
1786304211.562,S1,recommend,0,prior,0.0,,,,1.24,,1.24
1786304211.562,S1,reserve,0,prior,0.0,,,,1.658,,1.658
1786304211.562,S1,search,510,obs,0.9646,36.2017,68.363,68.7,6.899,68.363,68.363
1786304211.562,S2,recommend,0,prior,0.0,,,,0.975,,0.975
1786304211.562,S2,reserve,0,prior,0.0,,,,1.332,,1.332
1786304211.562,S2,search,0,prior,0.0,,,,4.287,,4.287
1786304211.562,S3,recommend,690,obs,0.9649,0.4545,0.653,69.3,1.0,0.653,0.653
1786304211.562,S3,reserve,349,obs,0.9664,0.7357,0.947,64.4,1.348,0.947,0.947
1786304211.562,S3,search,0,prior,0.0,,,57998.9,4.019,3.884,4.019
1786304212.563,S1,recommend,0,prior,0.0,,,,1.24,,1.24
1786304212.563,S1,reserve,0,prior,0.0,,,,1.658,,1.658
1786304212.563,S1,search,518,obs,0.9567,36.6036,68.441,54.2,6.899,68.441,68.441
1786304212.563,S2,recommend,0,prior,0.0,,,,0.975,,0.975
1786304212.563,S2,reserve,0,prior,0.0,,,,1.332,,1.332
1786304212.563,S2,search,0,prior,0.0,,,,4.287,,4.287
1786304212.563,S3,recommend,684,obs,0.9734,0.4534,0.608,50.7,1.0,0.608,0.608
1786304212.563,S3,reserve,346,obs,0.9713,0.7497,1.008,52.3,1.348,1.008,1.008
1786304212.563,S3,search,0,prior,0.0,,,58998.2,4.019,3.884,4.019
1786304213.562,S1,recommend,0,prior,0.0,,,,1.24,,1.24
1786304213.562,S1,reserve,0,prior,0.0,,,,1.658,,1.658
1786304213.562,S1,search,529,obs,0.9703,44.2168,84.98,55.9,6.899,84.98,84.98
1786304213.562,S2,recommend,0,prior,0.0,,,,0.975,,0.975
1786304213.562,S2,reserve,0,prior,0.0,,,,1.332,,1.332
1786304213.562,S2,search,0,prior,0.0,,,,4.287,,4.287
1786304213.562,S3,recommend,719,obs,0.9769,0.4711,0.717,44.9,1.0,0.717,0.717
1786304213.562,S3,reserve,356,obs,0.9771,0.7731,1.069,41.9,1.348,1.069,1.069
1786304213.562,S3,search,0,prior,0.0,,,59998.9,4.019,3.884,4.019
1786304214.561,S1,recommend,0,prior,0.0,,,,1.24,,1.24
1786304214.561,S1,reserve,0,prior,0.0,,,,1.658,,1.658
1786304214.561,S1,search,288,prior_fill,0.4992,52.0837,89.421,992.3,6.899,84.98,6.899
1786304214.561,S2,recommend,0,prior,0.0,,,,0.975,,0.975
1786304214.561,S2,reserve,0,prior,0.0,,,,1.332,,1.332
1786304214.561,S2,search,0,prior,0.0,,,,4.287,,4.287
1786304214.561,S3,recommend,769,obs,0.979,0.6505,1.275,37.0,1.0,1.275,1.275
1786304214.561,S3,reserve,387,obs,0.9825,0.9566,1.714,34.6,1.348,1.714,1.714
1786304214.561,S3,search,286,prior_fill,0.4742,4.0523,6.515,39.5,4.019,3.884,4.019
1786304215.561,S1,recommend,0,prior,0.0,,,,1.24,,1.24
1786304215.561,S1,reserve,0,prior,0.0,,,,1.658,,1.658
1786304215.561,S1,search,5,prior,-0.0001,41.9298,44.4,1993.0,6.899,84.98,6.899
1786304215.561,S2,recommend,0,prior,0.0,,,,0.975,,0.975
1786304215.561,S2,reserve,0,prior,0.0,,,,1.332,,1.332
1786304215.561,S2,search,0,prior,0.0,,,,4.287,,4.287
1786304215.561,S3,recommend,719,obs,0.9385,0.8151,1.455,122.7,1.0,1.455,1.455
1786304215.561,S3,reserve,360,obs,0.9302,1.0428,1.691,127.7,1.348,1.691,1.691
1786304215.561,S3,search,532,obs,0.9317,3.8549,5.589,125.2,4.019,5.589,5.589
1786304216.561,S1,recommend,0,prior,0.0,,,,1.24,,1.24
1786304216.561,S1,reserve,0,prior,0.0,,,,1.658,,1.658
1786304216.561,S1,search,0,prior,0.0,,,2993.0,6.899,84.98,6.899
1786304216.561,S2,recommend,0,prior,0.0,,,,0.975,,0.975
1786304216.561,S2,reserve,0,prior,0.0,,,,1.332,,1.332
1786304216.561,S2,search,0,prior,0.0,,,,4.287,,4.287
1786304216.561,S3,recommend,668,obs,0.9399,0.8094,1.361,112.7,1.0,1.361,1.361
1786304216.561,S3,reserve,336,obs,0.9375,0.9197,1.019,122.8,1.348,1.019,1.019
1786304216.561,S3,search,506,obs,0.94,3.6045,4.557,115.3,4.019,4.557,4.557
1786304217.561,S1,recommend,0,prior,0.0,,,,1.24,,1.24
1786304217.561,S1,reserve,0,prior,0.0,,,,1.658,,1.658
1786304217.561,S1,search,0,prior,0.0,,,3993.0,6.899,84.98,6.899
1786304217.561,S2,recommend,0,prior,0.0,,,,0.975,,0.975
1786304217.561,S2,reserve,0,prior,0.0,,,,1.332,,1.332
1786304217.561,S2,search,0,prior,0.0,,,,4.287,,4.287
1786304217.561,S3,recommend,674,obs,0.945,0.841,1.364,105.3,1.0,1.364,1.364
1786304217.561,S3,reserve,340,obs,0.945,0.938,1.031,102.7,1.348,1.031,1.031
1786304217.561,S3,search,504,obs,0.9437,3.63,4.572,110.3,4.019,4.572,4.572
1786304218.561,S1,recommend,0,prior,0.0,,,,1.24,,1.24
1786304218.561,S1,reserve,0,prior,0.0,,,,1.658,,1.658
1786304218.561,S1,search,0,prior,0.0,,,4993.0,6.899,84.98,6.899
1786304218.561,S2,recommend,0,prior,0.0,,,,0.975,,0.975
1786304218.561,S2,reserve,0,prior,0.0,,,,1.332,,1.332
1786304218.561,S2,search,0,prior,0.0,,,,4.287,,4.287
1786304218.561,S3,recommend,680,obs,0.9525,0.8473,1.433,92.8,1.0,1.433,1.433
1786304218.561,S3,reserve,338,obs,0.9487,0.9357,1.028,97.8,1.348,1.028,1.028
1786304218.561,S3,search,508,obs,0.9487,3.6561,4.66,95.3,4.019,4.66,4.66
1786304219.561,S1,recommend,0,prior,0.0,,,,1.24,,1.24
1786304219.561,S1,reserve,0,prior,0.0,,,,1.658,,1.658
1786304219.561,S1,search,0,prior,0.0,,,5993.0,6.899,84.98,6.899
1786304219.561,S2,recommend,0,prior,0.0,,,,0.975,,0.975
1786304219.561,S2,reserve,0,prior,0.0,,,,1.332,,1.332
1786304219.561,S2,search,0,prior,0.0,,,,4.287,,4.287
1786304219.561,S3,recommend,686,obs,0.9575,0.7985,1.436,80.3,1.0,1.436,1.436
1786304219.561,S3,reserve,338,obs,0.9487,0.9034,1.028,92.8,1.348,1.028,1.028
1786304219.561,S3,search,512,obs,0.9562,3.5951,4.624,85.3,4.019,4.624,4.624
1786304220.561,S1,recommend,0,prior,0.0,,,,1.24,,1.24
1786304220.561,S1,reserve,0,prior,0.0,,,,1.658,,1.658
1786304220.561,S1,search,0,prior,0.0,,,6993.0,6.899,84.98,6.899
1786304220.561,S2,recommend,0,prior,0.0,,,,0.975,,0.975
1786304220.561,S2,reserve,0,prior,0.0,,,,1.332,,1.332
1786304220.561,S2,search,0,prior,0.0,,,,4.287,,4.287
1786304220.561,S3,recommend,688,obs,0.9637,0.8108,1.46,67.9,1.0,1.46,1.46
1786304220.561,S3,reserve,340,obs,0.9562,0.9211,1.185,72.8,1.348,1.185,1.185
1786304220.561,S3,search,516,obs,0.9587,3.5724,4.399,80.3,4.019,4.399,4.399
1786304221.561,S1,recommend,0,prior,0.0,,,,1.24,,1.24
1786304221.561,S1,reserve,0,prior,0.0,,,,1.658,,1.658
1786304221.561,S1,search,0,prior,0.0,,,7993.0,6.899,84.98,6.899
1786304221.561,S2,recommend,0,prior,0.0,,,,0.975,,0.975
1786304221.561,S2,reserve,0,prior,0.0,,,,1.332,,1.332
1786304221.561,S2,search,0,prior,0.0,,,,4.287,,4.287
1786304221.561,S3,recommend,686,obs,0.9675,0.8159,1.441,62.9,1.0,1.441,1.441
1786304221.561,S3,reserve,348,obs,0.9674,0.9381,1.167,60.4,1.348,1.167,1.167
1786304221.561,S3,search,518,obs,0.9637,3.582,4.535,65.4,4.019,4.535,4.535
1786304222.561,S1,recommend,0,prior,0.0,,,,1.24,,1.24
1786304222.561,S1,reserve,0,prior,0.0,,,,1.658,,1.658
1786304222.561,S1,search,0,prior,0.0,,,8993.0,6.899,84.98,6.899
1786304222.561,S2,recommend,0,prior,0.0,,,,0.975,,0.975
1786304222.561,S2,reserve,0,prior,0.0,,,,1.332,,1.332
1786304222.561,S2,search,0,prior,0.0,,,,4.287,,4.287
1786304222.561,S3,recommend,692,obs,0.9712,0.8122,1.332,50.4,1.0,1.332,1.332
1786304222.561,S3,reserve,352,obs,0.975,0.9337,1.152,47.9,1.348,1.152,1.152
1786304222.561,S3,search,518,obs,0.9712,3.5795,4.609,52.9,4.019,4.609,4.609
1786304223.561,S1,recommend,0,prior,0.0,,,,1.24,,1.24
1786304223.561,S1,reserve,0,prior,0.0,,,,1.658,,1.658
1786304223.561,S1,search,0,prior,0.0,,,9993.0,6.899,84.98,6.899
1786304223.561,S2,recommend,0,prior,0.0,,,,0.975,,0.975
1786304223.561,S2,reserve,0,prior,0.0,,,,1.332,,1.332
1786304223.561,S2,search,0,prior,0.0,,,,4.287,,4.287
1786304223.561,S3,recommend,702,obs,0.9799,0.8184,1.295,37.9,1.0,1.295,1.295
1786304223.561,S3,reserve,348,obs,0.975,0.9236,1.177,42.9,1.348,1.177,1.177
1786304223.561,S3,search,520,obs,0.975,3.5971,4.563,40.4,4.019,4.563,4.563
1786304224.561,S1,recommend,0,prior,0.0,,,,1.24,,1.24
1786304224.561,S1,reserve,0,prior,0.0,,,,1.658,,1.658
1786304224.561,S1,search,0,prior,0.0,,,10993.0,6.899,84.98,6.899
1786304224.561,S2,recommend,0,prior,0.0,,,,0.975,,0.975
1786304224.561,S2,reserve,0,prior,0.0,,,,1.332,,1.332
1786304224.561,S2,search,0,prior,0.0,,,,4.287,,4.287
1786304224.561,S3,recommend,704,obs,0.9825,0.8292,1.36,32.9,1.0,1.36,1.36
1786304224.561,S3,reserve,348,obs,0.9787,0.9597,1.333,30.4,1.348,1.333,1.333
1786304224.561,S3,search,524,obs,0.98,3.6258,4.612,35.5,4.019,4.612,4.612
1786304225.561,S1,recommend,0,prior,0.0,,,,1.24,,1.24
1786304225.561,S1,reserve,0,prior,0.0,,,,1.658,,1.658
1786304225.561,S1,search,0,prior,0.0,,,11993.0,6.899,84.98,6.899
1786304225.561,S2,recommend,0,prior,0.0,,,,0.975,,0.975
1786304225.561,S2,reserve,0,prior,0.0,,,,1.332,,1.332
1786304225.561,S2,search,0,prior,0.0,,,,4.287,,4.287
1786304225.561,S3,recommend,666,obs,0.9375,0.827,1.423,118.0,1.0,1.423,1.423
1786304225.561,S3,reserve,336,obs,0.9375,0.9691,1.339,123.0,1.348,1.339,1.339
1786304225.561,S3,search,504,obs,0.9375,3.6004,4.529,120.5,4.019,4.529,4.529
1786304226.561,S1,recommend,0,prior,0.0,,,,1.24,,1.24
1786304226.561,S1,reserve,0,prior,0.0,,,,1.658,,1.658
1786304226.561,S1,search,0,prior,0.0,,,12993.0,6.899,84.98,6.899
1786304226.561,S2,recommend,0,prior,0.0,,,,0.975,,0.975
1786304226.561,S2,reserve,0,prior,0.0,,,,1.332,,1.332
1786304226.561,S2,search,0,prior,0.0,,,,4.287,,4.287
1786304226.561,S3,recommend,674,obs,0.945,0.8231,1.423,105.5,1.0,1.423,1.423
1786304226.561,S3,reserve,338,obs,0.9375,0.945,1.325,118.0,1.348,1.325,1.325
1786304226.561,S3,search,504,obs,0.9437,3.554,4.503,110.4,4.019,4.503,4.503
1786304227.561,S1,recommend,0,prior,0.0,,,,1.24,,1.24
1786304227.561,S1,reserve,0,prior,0.0,,,,1.658,,1.658
1786304227.561,S1,search,0,prior,0.0,,,13993.0,6.899,84.98,6.899
1786304227.561,S2,recommend,0,prior,0.0,,,,0.975,,0.975
1786304227.561,S2,reserve,0,prior,0.0,,,,1.332,,1.332
1786304227.561,S2,search,0,prior,0.0,,,,4.287,,4.287
1786304227.561,S3,recommend,678,obs,0.9488,0.8601,1.499,100.5,1.0,1.499,1.499
1786304227.561,S3,reserve,338,obs,0.9487,0.9721,1.305,98.0,1.348,1.305,1.305
1786304227.561,S3,search,506,obs,0.9437,3.6318,4.558,105.5,4.019,4.558,4.558
1786304228.562,S1,recommend,0,prior,0.0,,,,1.24,,1.24
1786304228.562,S1,reserve,0,prior,0.0,,,,1.658,,1.658
1786304228.562,S1,search,0,prior,0.0,,,14993.0,6.899,84.98,6.899
1786304228.562,S2,recommend,0,prior,0.0,,,,0.975,,0.975
1786304228.562,S2,reserve,0,prior,0.0,,,,1.332,,1.332
1786304228.562,S2,search,0,prior,0.0,,,,4.287,,4.287
1786304228.562,S3,recommend,683,obs,0.9562,0.832,1.39,83.1,1.0,1.39,1.39
1786304228.562,S3,reserve,338,obs,0.9488,0.9541,1.178,93.0,1.348,1.178,1.178
1786304228.562,S3,search,512,obs,0.9563,3.6306,4.354,85.5,4.019,4.354,4.354
1786304229.562,S1,recommend,0,prior,0.0,,,,1.24,,1.24
1786304229.562,S1,reserve,0,prior,0.0,,,,1.658,,1.658
1786304229.562,S1,search,0,prior,0.0,,,15993.0,6.899,84.98,6.899
1786304229.562,S2,recommend,0,prior,0.0,,,,0.975,,0.975
1786304229.562,S2,reserve,0,prior,0.0,,,,1.332,,1.332
1786304229.562,S2,search,0,prior,0.0,,,,4.287,,4.287
1786304229.562,S3,recommend,686,obs,0.96,0.8109,1.328,75.6,1.0,1.328,1.328
1786304229.562,S3,reserve,338,obs,0.9487,0.9076,1.031,88.1,1.348,1.031,1.031
1786304229.562,S3,search,516,obs,0.9587,3.5877,4.34,80.5,4.019,4.34,4.34
1786304230.562,S1,recommend,0,prior,0.0,,,,1.24,,1.24
1786304230.562,S1,reserve,0,prior,0.0,,,,1.658,,1.658
1786304230.562,S1,search,0,prior,0.0,,,16993.0,6.899,84.98,6.899
1786304230.562,S2,recommend,0,prior,0.0,,,,0.975,,0.975
1786304230.562,S2,reserve,0,prior,0.0,,,,1.332,,1.332
1786304230.562,S2,search,0,prior,0.0,,,,4.287,,4.287
1786304230.562,S3,recommend,686,obs,0.9675,0.8234,1.388,63.1,1.0,1.388,1.388
1786304230.562,S3,reserve,346,obs,0.9638,0.9306,1.047,68.1,1.348,1.047,1.047
1786304230.562,S3,search,518,obs,0.9637,3.5933,4.506,65.6,4.019,4.506,4.506
1786304231.562,S1,recommend,0,prior,0.0,,,,1.24,,1.24
1786304231.562,S1,reserve,0,prior,0.0,,,,1.658,,1.658
1786304231.562,S1,search,0,prior,0.0,,,17993.0,6.899,84.98,6.899
1786304231.562,S2,recommend,0,prior,0.0,,,,0.975,,0.975
1786304231.562,S2,reserve,0,prior,0.0,,,,1.332,,1.332
1786304231.562,S2,search,0,prior,0.0,,,,4.287,,4.287
1786304231.562,S3,recommend,691,obs,0.9712,0.8239,1.416,50.7,1.0,1.416,1.416
1786304231.562,S3,reserve,350,obs,0.9712,0.9305,1.046,55.6,1.348,1.046,1.046
1786304231.562,S3,search,516,obs,0.9675,3.5749,4.522,60.6,4.019,4.522,4.522
1786304232.562,S1,recommend,0,prior,0.0,,,,1.24,,1.24
1786304232.562,S1,reserve,0,prior,0.0,,,,1.658,,1.658
1786304232.562,S1,search,0,prior,0.0,,,18993.0,6.899,84.98,6.899
1786304232.562,S2,recommend,0,prior,0.0,,,,0.975,,0.975
1786304232.562,S2,reserve,0,prior,0.0,,,,1.332,,1.332
1786304232.562,S2,search,0,prior,0.0,,,,4.287,,4.287
1786304232.562,S3,recommend,700,obs,0.9763,0.8249,1.396,45.6,1.0,1.396,1.396
1786304232.562,S3,reserve,348,obs,0.975,0.9075,1.092,43.1,1.348,1.092,1.092
1786304232.562,S3,search,518,obs,0.9675,3.5912,4.61,55.6,4.019,4.61,4.61
1786304233.562,S1,recommend,0,prior,0.0,,,,1.24,,1.24
1786304233.562,S1,reserve,0,prior,0.0,,,,1.658,,1.658
1786304233.562,S1,search,0,prior,0.0,,,19993.0,6.899,84.98,6.899
1786304233.562,S2,recommend,0,prior,0.0,,,,0.975,,0.975
1786304233.562,S2,reserve,0,prior,0.0,,,,1.332,,1.332
1786304233.562,S2,search,0,prior,0.0,,,,4.287,,4.287
1786304233.562,S3,recommend,704,obs,0.9825,0.8143,1.351,33.1,1.0,1.351,1.351
1786304233.562,S3,reserve,348,obs,0.9788,0.92,1.076,30.7,1.348,1.076,1.076
1786304233.562,S3,search,524,obs,0.98,3.6078,4.671,35.7,4.019,4.671,4.671
1786304234.560,S1,recommend,0,prior,0.0,,,,1.24,,1.24
1786304234.560,S1,reserve,0,prior,0.0,,,,1.658,,1.658
1786304234.560,S1,search,0,prior,0.0,,,20992.3,6.899,84.98,6.899
1786304234.560,S2,recommend,0,prior,0.0,,,,0.975,,0.975
1786304234.560,S2,reserve,0,prior,0.0,,,,1.332,,1.332
1786304234.560,S2,search,0,prior,0.0,,,,4.287,,4.287
1786304234.560,S3,recommend,666,obs,0.9375,0.814,1.327,125.0,1.0,1.327,1.327
1786304234.560,S3,reserve,336,obs,0.9375,0.9213,1.054,122.5,1.348,1.054,1.054
1786304234.560,S3,search,502,obs,0.9337,3.5969,4.587,127.5,4.019,4.587,4.587
1786304235.562,S1,recommend,0,prior,0.0,,,,1.24,,1.24
1786304235.562,S1,reserve,0,prior,0.0,,,,1.658,,1.658
1786304235.562,S1,search,0,prior,0.0,,,21993.0,6.899,84.98,6.899
1786304235.562,S2,recommend,0,prior,0.0,,,,0.975,,0.975
1786304235.562,S2,reserve,0,prior,0.0,,,,1.332,,1.332
1786304235.562,S2,search,0,prior,0.0,,,,4.287,,4.287
1786304235.562,S3,recommend,672,obs,0.9437,0.797,1.305,108.2,1.0,1.305,1.305
1786304235.562,S3,reserve,338,obs,0.9374,0.9133,1.101,118.2,1.348,1.101,1.101
1786304235.562,S3,search,503,obs,0.9437,3.563,4.437,110.8,4.019,4.437,4.437
1786304236.561,S1,recommend,0,prior,0.0,,,,1.24,,1.24
1786304236.561,S1,reserve,0,prior,0.0,,,,1.658,,1.658
1786304236.561,S1,search,0,prior,0.0,,,22993.0,6.899,84.98,6.899
1786304236.561,S2,recommend,0,prior,0.0,,,,0.975,,0.975
1786304236.561,S2,reserve,0,prior,0.0,,,,1.332,,1.332
1786304236.561,S2,search,0,prior,0.0,,,,4.287,,4.287
1786304236.561,S3,recommend,678,obs,0.9488,0.7958,1.305,100.7,1.0,1.305,1.305
1786304236.561,S3,reserve,338,obs,0.9487,0.9164,1.101,98.2,1.348,1.101,1.101
1786304236.561,S3,search,506,obs,0.9438,3.5699,4.51,105.7,4.019,4.51,4.51
1786304237.562,S1,recommend,0,prior,0.0,,,,1.24,,1.24
1786304237.562,S1,reserve,0,prior,0.0,,,,1.658,,1.658
1786304237.562,S1,search,0,prior,0.0,,,23993.0,6.899,84.98,6.899
1786304237.562,S2,recommend,0,prior,0.0,,,,0.975,,0.975
1786304237.562,S2,reserve,0,prior,0.0,,,,1.332,,1.332
1786304237.562,S2,search,0,prior,0.0,,,,4.287,,4.287
1786304237.562,S3,recommend,682,obs,0.9537,0.843,1.455,88.3,1.0,1.455,1.455
1786304237.562,S3,reserve,338,obs,0.9487,0.9366,1.153,93.2,1.348,1.153,1.153
1786304237.562,S3,search,510,obs,0.9537,3.6866,4.821,90.7,4.019,4.821,4.821
1786304238.562,S1,recommend,0,prior,0.0,,,,1.24,,1.24
1786304238.562,S1,reserve,0,prior,0.0,,,,1.658,,1.658
1786304238.562,S1,search,0,prior,0.0,,,24993.0,6.899,84.98,6.899
1786304238.562,S2,recommend,0,prior,0.0,,,,0.975,,0.975
1786304238.562,S2,reserve,0,prior,0.0,,,,1.332,,1.332
1786304238.562,S2,search,0,prior,0.0,,,,4.287,,4.287
1786304238.562,S3,recommend,684,obs,0.9587,0.8672,1.59,78.3,1.0,1.59,1.59
1786304238.562,S3,reserve,338,obs,0.9488,0.934,1.108,88.2,1.348,1.108,1.108
1786304238.562,S3,search,516,obs,0.9587,3.6974,4.762,80.8,4.019,4.762,4.762
1786304239.561,S1,recommend,0,prior,0.0,,,,1.24,,1.24
1786304239.561,S1,reserve,0,prior,0.0,,,,1.658,,1.658
1786304239.561,S1,search,0,prior,0.0,,,25992.3,6.899,84.98,6.899
1786304239.561,S2,recommend,0,prior,0.0,,,,0.975,,0.975
1786304239.561,S2,reserve,0,prior,0.0,,,,1.332,,1.332
1786304239.561,S2,search,0,prior,0.0,,,,4.287,,4.287
1786304239.561,S3,recommend,684,obs,0.9637,0.8389,1.562,70.1,1.0,1.562,1.562
1786304239.561,S3,reserve,346,obs,0.9637,0.9236,1.085,67.6,1.348,1.085,1.085
1786304239.561,S3,search,518,obs,0.9625,3.5889,4.601,75.0,4.019,4.601,4.601
1786304240.562,S1,recommend,0,prior,0.0,,,,1.24,,1.24
1786304240.562,S1,reserve,0,prior,0.0,,,,1.658,,1.658
1786304240.562,S1,search,0,prior,0.0,,,26993.0,6.899,84.98,6.899
1786304240.562,S2,recommend,0,prior,0.0,,,,0.975,,0.975
1786304240.562,S2,reserve,0,prior,0.0,,,,1.332,,1.332
1786304240.562,S2,search,0,prior,0.0,,,,4.287,,4.287
1786304240.562,S3,recommend,690,obs,0.9674,0.8304,1.473,58.3,1.0,1.473,1.473
1786304240.562,S3,reserve,350,obs,0.9712,0.94,1.193,55.9,1.348,1.193,1.193
1786304240.562,S3,search,516,obs,0.9674,3.5918,4.408,60.9,4.019,4.408,4.408
1786304241.561,S1,recommend,0,prior,0.0,,,,1.24,,1.24
1786304241.561,S1,reserve,0,prior,0.0,,,,1.658,,1.658
1786304241.561,S1,search,0,prior,0.0,,,27993.0,6.899,84.98,6.899
1786304241.561,S2,recommend,0,prior,0.0,,,,0.975,,0.975
1786304241.561,S2,reserve,0,prior,0.0,,,,1.332,,1.332
1786304241.561,S2,search,0,prior,0.0,,,,4.287,,4.287
1786304241.561,S3,recommend,700,obs,0.9763,0.8462,1.514,45.7,1.0,1.514,1.514
1786304241.561,S3,reserve,346,obs,0.9712,0.9252,1.165,50.8,1.348,1.165,1.165
1786304241.561,S3,search,518,obs,0.9675,3.5949,4.621,55.9,4.019,4.621,4.621
1786304242.562,S1,recommend,0,prior,0.0,,,,1.24,,1.24
1786304242.562,S1,reserve,0,prior,0.0,,,,1.658,,1.658
1786304242.562,S1,search,0,prior,0.0,,,28993.0,6.899,84.98,6.899
1786304242.562,S2,recommend,0,prior,0.0,,,,0.975,,0.975
1786304242.562,S2,reserve,0,prior,0.0,,,,1.332,,1.332
1786304242.562,S2,search,0,prior,0.0,,,,4.287,,4.287
1786304242.562,S3,recommend,702,obs,0.9787,0.8292,1.541,40.9,1.0,1.541,1.541
1786304242.562,S3,reserve,346,obs,0.975,0.927,1.117,38.4,1.348,1.117,1.117
1786304242.562,S3,search,522,obs,0.975,3.579,4.619,45.8,4.019,4.619,4.619
1786304243.560,S1,recommend,0,prior,0.0,,,,1.24,,1.24
1786304243.560,S1,reserve,0,prior,0.0,,,,1.658,,1.658
1786304243.560,S1,search,0,prior,0.0,,,29992.3,6.899,84.98,6.899
1786304243.560,S2,recommend,0,prior,0.0,,,,0.975,,0.975
1786304243.560,S2,reserve,0,prior,0.0,,,,1.332,,1.332
1786304243.560,S2,search,0,prior,0.0,,,,4.287,,4.287
1786304243.560,S3,recommend,664,obs,0.9337,0.8089,1.376,125.2,1.0,1.376,1.376
1786304243.560,S3,reserve,336,obs,0.9375,0.9379,1.16,122.7,1.348,1.16,1.16
1786304243.560,S3,search,502,obs,0.9337,3.5552,4.406,127.7,4.019,4.406,4.406
1786304244.560,S1,recommend,0,prior,0.0,,,,1.24,,1.24
1786304244.560,S1,reserve,0,prior,0.0,,,,1.658,,1.658
1786304244.560,S1,search,0,prior,0.0,,,30992.3,6.899,84.98,6.899
1786304244.560,S2,recommend,0,prior,0.0,,,,0.975,,0.975
1786304244.560,S2,reserve,0,prior,0.0,,,,1.332,,1.332
1786304244.560,S2,search,0,prior,0.0,,,,4.287,,4.287
1786304244.560,S3,recommend,670,obs,0.9412,0.8029,1.371,112.7,1.0,1.371,1.371
1786304244.560,S3,reserve,338,obs,0.9375,0.9166,1.101,117.8,1.348,1.101,1.101
1786304244.560,S3,search,502,obs,0.9412,3.561,4.419,115.2,4.019,4.419,4.419
1786304245.561,S1,recommend,0,prior,0.0,,,,1.24,,1.24
1786304245.561,S1,reserve,0,prior,0.0,,,,1.658,,1.658
1786304245.561,S1,search,0,prior,0.0,,,31993.0,6.899,84.98,6.899
1786304245.561,S2,recommend,0,prior,0.0,,,,0.975,,0.975
1786304245.561,S2,reserve,0,prior,0.0,,,,1.332,,1.332
1786304245.561,S2,search,0,prior,0.0,,,,4.287,,4.287
1786304245.561,S3,recommend,676,obs,0.9475,0.8211,1.377,103.5,1.0,1.377,1.377
1786304245.561,S3,reserve,336,obs,0.9412,0.9186,1.11,113.5,1.348,1.11,1.11
1786304245.561,S3,search,506,obs,0.9437,3.5856,4.427,105.9,4.019,4.427,4.427
1786304246.560,S1,recommend,0,prior,0.0,,,,1.24,,1.24
1786304246.560,S1,reserve,0,prior,0.0,,,,1.658,,1.658
1786304246.560,S1,search,0,prior,0.0,,,32992.3,6.899,84.98,6.899
1786304246.560,S2,recommend,0,prior,0.0,,,,0.975,,0.975
1786304246.560,S2,reserve,0,prior,0.0,,,,1.332,,1.332
1786304246.560,S2,search,0,prior,0.0,,,,4.287,,4.287
1786304246.560,S3,recommend,680,obs,0.95,0.8181,1.42,95.3,1.0,1.42,1.42
1786304246.560,S3,reserve,338,obs,0.9487,0.9274,1.179,92.8,1.348,1.179,1.179
1786304246.560,S3,search,508,obs,0.9487,3.5999,4.411,100.3,4.019,4.411,4.411
1786304247.560,S1,recommend,0,prior,0.0,,,,1.24,,1.24
1786304247.560,S1,reserve,0,prior,0.0,,,,1.658,,1.658
1786304247.560,S1,search,0,prior,0.0,,,33992.3,6.899,84.98,6.899
1786304247.560,S2,recommend,0,prior,0.0,,,,0.975,,0.975
1786304247.560,S2,reserve,0,prior,0.0,,,,1.332,,1.332
1786304247.560,S2,search,0,prior,0.0,,,,4.287,,4.287
1786304247.560,S3,recommend,682,obs,0.9562,0.8844,1.596,82.8,1.0,1.596,1.596
1786304247.560,S3,reserve,338,obs,0.9487,1.1601,1.641,87.8,1.348,1.641,1.641
1786304247.560,S3,search,514,obs,0.9563,3.9158,4.662,85.3,4.019,4.662,4.662
1786304248.560,S1,recommend,0,prior,0.0,,,,1.24,,1.24
1786304248.560,S1,reserve,0,prior,0.0,,,,1.658,,1.658
1786304248.560,S1,search,0,prior,0.0,,,34992.3,6.899,84.98,6.899
1786304248.560,S2,recommend,0,prior,0.0,,,,0.975,,0.975
1786304248.560,S2,reserve,0,prior,0.0,,,,1.332,,1.332
1786304248.560,S2,search,0,prior,0.0,,,,4.287,,4.287
1786304248.560,S3,recommend,684,obs,0.9637,0.8919,1.491,70.3,1.0,1.491,1.491
1786304248.560,S3,reserve,344,obs,0.9562,1.1603,1.517,82.8,1.348,1.517,1.517
1786304248.560,S3,search,516,obs,0.9588,3.8842,4.593,75.3,4.019,4.593,4.593
1786304249.560,S1,recommend,0,prior,0.0,,,,1.24,,1.24
1786304249.560,S1,reserve,0,prior,0.0,,,,1.658,,1.658
1786304249.560,S1,search,0,prior,0.0,,,35992.3,6.899,84.98,6.899
1786304249.560,S2,recommend,0,prior,0.0,,,,0.975,,0.975
1786304249.560,S2,reserve,0,prior,0.0,,,,1.332,,1.332
1786304249.560,S2,search,0,prior,0.0,,,,4.287,,4.287
1786304249.560,S3,recommend,688,obs,0.9638,0.8211,1.367,65.4,1.0,1.367,1.367
1786304249.560,S3,reserve,348,obs,0.9674,0.9266,1.097,62.9,1.348,1.097,1.097
1786304249.560,S3,search,514,obs,0.9625,3.5466,4.263,70.3,4.019,4.263,4.263
1786304250.560,S1,recommend,0,prior,0.0,,,,1.24,,1.24
1786304250.560,S1,reserve,0,prior,0.0,,,,1.658,,1.658
1786304250.560,S1,search,0,prior,0.0,,,36992.3,6.899,84.98,6.899
1786304250.560,S2,recommend,0,prior,0.0,,,,0.975,,0.975
1786304250.560,S2,reserve,0,prior,0.0,,,,1.332,,1.332
1786304250.560,S2,search,0,prior,0.0,,,,4.287,,4.287
1786304250.560,S3,recommend,696,obs,0.9725,0.8294,1.423,52.9,1.0,1.423,1.423
1786304250.560,S3,reserve,346,obs,0.9712,0.9231,1.121,50.3,1.348,1.121,1.121
1786304250.560,S3,search,518,obs,0.9675,3.5818,4.479,55.4,4.019,4.479,4.479
1786304251.560,S1,recommend,0,prior,0.0,,,,1.24,,1.24
1786304251.560,S1,reserve,0,prior,0.0,,,,1.658,,1.658
1786304251.560,S1,search,0,prior,0.0,,,37992.3,6.899,84.98,6.899
1786304251.560,S2,recommend,0,prior,0.0,,,,0.975,,0.975
1786304251.560,S2,reserve,0,prior,0.0,,,,1.332,,1.332
1786304251.560,S2,search,0,prior,0.0,,,,4.287,,4.287
1786304251.560,S3,recommend,702,obs,0.9787,0.8227,1.419,40.4,1.0,1.419,1.419
1786304251.560,S3,reserve,346,obs,0.975,0.9346,1.157,37.9,1.348,1.157,1.157
1786304251.560,S3,search,522,obs,0.975,3.5822,4.481,45.4,4.019,4.481,4.481
1786304252.560,S1,recommend,0,prior,0.0,,,,1.24,,1.24
1786304252.560,S1,reserve,0,prior,0.0,,,,1.658,,1.658
1786304252.560,S1,search,0,prior,0.0,,,38992.3,6.899,84.98,6.899
1786304252.560,S2,recommend,0,prior,0.0,,,,0.975,,0.975
1786304252.560,S2,reserve,0,prior,0.0,,,,1.332,,1.332
1786304252.560,S2,search,0,prior,0.0,,,,4.287,,4.287
1786304252.560,S3,recommend,700,obs,0.9825,0.805,1.415,27.9,1.0,1.415,1.415
1786304252.560,S3,reserve,350,obs,0.9825,0.9372,1.128,32.9,1.348,1.128,1.128
1786304252.560,S3,search,528,obs,0.9824,3.5775,4.45,30.4,4.019,4.45,4.45
1786304253.560,S1,recommend,0,prior,0.0,,,,1.24,,1.24
1786304253.560,S1,reserve,0,prior,0.0,,,,1.658,,1.658
1786304253.560,S1,search,0,prior,0.0,,,39992.3,6.899,84.98,6.899
1786304253.560,S2,recommend,0,prior,0.0,,,,0.975,,0.975
1786304253.560,S2,reserve,0,prior,0.0,,,,1.332,,1.332
1786304253.560,S2,search,0,prior,0.0,,,,4.287,,4.287
1786304253.560,S3,recommend,668,obs,0.9375,0.8228,1.548,120.5,1.0,1.548,1.548
1786304253.560,S3,reserve,338,obs,0.9374,0.9092,1.064,118.0,1.348,1.064,1.064
1786304253.560,S3,search,500,obs,0.9374,3.5852,4.426,123.0,4.019,4.426,4.426
1786304254.560,S1,recommend,0,prior,0.0,,,,1.24,,1.24
1786304254.560,S1,reserve,0,prior,0.0,,,,1.658,,1.658
1786304254.560,S1,search,0,prior,0.0,,,40992.3,6.899,84.98,6.899
1786304254.560,S2,recommend,0,prior,0.0,,,,0.975,,0.975
1786304254.560,S2,reserve,0,prior,0.0,,,,1.332,,1.332
1786304254.560,S2,search,0,prior,0.0,,,,4.287,,4.287
1786304254.560,S3,recommend,674,obs,0.945,0.8318,1.472,107.9,1.0,1.472,1.472
1786304254.560,S3,reserve,336,obs,0.9411,0.893,1.032,113.0,1.348,1.032,1.032
1786304254.560,S3,search,504,obs,0.9413,3.5777,4.429,110.4,4.019,4.429,4.429
1786304255.561,S1,recommend,0,prior,0.0,,,,1.24,,1.24
1786304255.561,S1,reserve,0,prior,0.0,,,,1.658,,1.658
1786304255.561,S1,search,0,prior,0.0,,,41993.0,6.899,84.98,6.899
1786304255.561,S2,recommend,0,prior,0.0,,,,0.975,,0.975
1786304255.561,S2,reserve,0,prior,0.0,,,,1.332,,1.332
1786304255.561,S2,search,0,prior,0.0,,,,4.287,,4.287
1786304255.561,S3,recommend,678,obs,0.9487,0.8195,1.35,98.7,1.0,1.35,1.35
1786304255.561,S3,reserve,336,obs,0.9412,0.9154,1.1,108.7,1.348,1.1,1.1
1786304255.561,S3,search,508,obs,0.9487,3.602,4.613,101.2,4.019,4.613,4.613
1786304256.560,S1,recommend,0,prior,0.0,,,,1.24,,1.24
1786304256.560,S1,reserve,0,prior,0.0,,,,1.658,,1.658
1786304256.560,S1,search,0,prior,0.0,,,42992.3,6.899,84.98,6.899
1786304256.560,S2,recommend,0,prior,0.0,,,,0.975,,0.975
1786304256.560,S2,reserve,0,prior,0.0,,,,1.332,,1.332
1786304256.560,S2,search,0,prior,0.0,,,,4.287,,4.287
1786304256.560,S3,recommend,680,obs,0.9525,0.8315,1.426,90.5,1.0,1.426,1.426
1786304256.560,S3,reserve,338,obs,0.9487,0.9107,1.059,88.0,1.348,1.059,1.059
1786304256.560,S3,search,512,obs,0.9512,3.5998,4.572,95.5,4.019,4.572,4.572
1786304257.561,S1,recommend,0,prior,0.0,,,,1.24,,1.24
1786304257.561,S1,reserve,0,prior,0.0,,,,1.658,,1.658
1786304257.561,S1,search,0,prior,0.0,,,43992.6,6.899,84.98,6.899
1786304257.561,S2,recommend,0,prior,0.0,,,,0.975,,0.975
1786304257.561,S2,reserve,0,prior,0.0,,,,1.332,,1.332
1786304257.561,S2,search,0,prior,0.0,,,,4.287,,4.287
1786304257.561,S3,recommend,680,obs,0.96,0.8478,1.558,78.3,1.0,1.558,1.558
1786304257.561,S3,reserve,344,obs,0.9562,1.0119,1.271,83.3,1.348,1.271,1.271
1786304257.561,S3,search,514,obs,0.9563,3.6211,4.534,80.8,4.019,4.534,4.534
1786304258.560,S1,recommend,0,prior,0.0,,,,1.24,,1.24
1786304258.560,S1,reserve,0,prior,0.0,,,,1.658,,1.658
1786304258.560,S1,search,0,prior,0.0,,,44992.3,6.899,84.98,6.899
1786304258.560,S2,recommend,0,prior,0.0,,,,0.975,,0.975
1786304258.560,S2,reserve,0,prior,0.0,,,,1.332,,1.332
1786304258.560,S2,search,0,prior,0.0,,,,4.287,,4.287
1786304258.560,S3,recommend,688,obs,0.9637,0.8267,1.428,65.6,1.0,1.428,1.428
1786304258.560,S3,reserve,346,obs,0.96,1.001,1.202,78.0,1.348,1.202,1.202
1786304258.560,S3,search,514,obs,0.9624,3.601,4.531,70.5,4.019,4.531,4.531
1786304259.560,S1,recommend,0,prior,0.0,,,,1.24,,1.24
1786304259.560,S1,reserve,0,prior,0.0,,,,1.658,,1.658
1786304259.560,S1,search,0,prior,0.0,,,45992.3,6.899,84.98,6.899
1786304259.560,S2,recommend,0,prior,0.0,,,,0.975,,0.975
1786304259.560,S2,reserve,0,prior,0.0,,,,1.332,,1.332
1786304259.560,S2,search,0,prior,0.0,,,,4.287,,4.287
1786304259.560,S3,recommend,696,obs,0.9725,0.8301,1.505,53.1,1.0,1.505,1.505
1786304259.560,S3,reserve,344,obs,0.9674,0.8968,1.057,58.1,1.348,1.057,1.057
1786304259.560,S3,search,518,obs,0.9675,3.5717,4.531,55.6,4.019,4.531,4.531
1786304260.560,S1,recommend,0,prior,0.0,,,,1.24,,1.24
1786304260.560,S1,reserve,0,prior,0.0,,,,1.658,,1.658
1786304260.560,S1,search,0,prior,0.0,,,46992.3,6.899,84.98,6.899
1786304260.560,S2,recommend,0,prior,0.0,,,,0.975,,0.975
1786304260.560,S2,reserve,0,prior,0.0,,,,1.332,,1.332
1786304260.560,S2,search,0,prior,0.0,,,,4.287,,4.287
1786304260.560,S3,recommend,702,obs,0.9787,0.83,1.515,40.5,1.0,1.515,1.515
1786304260.560,S3,reserve,344,obs,0.9675,0.9261,1.076,53.1,1.348,1.076,1.076
1786304260.560,S3,search,522,obs,0.975,3.5947,4.54,45.6,4.019,4.54,4.54
1786304261.560,S1,recommend,0,prior,0.0,,,,1.24,,1.24
1786304261.560,S1,reserve,0,prior,0.0,,,,1.658,,1.658
1786304261.560,S1,search,0,prior,0.0,,,47992.3,6.899,84.98,6.899
1786304261.560,S2,recommend,0,prior,0.0,,,,0.975,,0.975
1786304261.560,S2,reserve,0,prior,0.0,,,,1.332,,1.332
1786304261.560,S2,search,0,prior,0.0,,,,4.287,,4.287
1786304261.560,S3,recommend,698,obs,0.9787,0.8165,1.36,35.6,1.0,1.36,1.36
1786304261.560,S3,reserve,350,obs,0.9824,0.9341,1.044,33.1,1.348,1.044,1.044
1786304261.560,S3,search,526,obs,0.9774,3.5959,4.422,40.6,4.019,4.422,4.422
1786304262.560,S1,recommend,0,prior,0.0,,,,1.24,,1.24
1786304262.560,S1,reserve,0,prior,0.0,,,,1.658,,1.658
1786304262.560,S1,search,0,prior,0.0,,,48992.3,6.899,84.98,6.899
1786304262.560,S2,recommend,0,prior,0.0,,,,0.975,,0.975
1786304262.560,S2,reserve,0,prior,0.0,,,,1.332,,1.332
1786304262.560,S2,search,0,prior,0.0,,,,4.287,,4.287
1786304262.560,S3,recommend,668,obs,0.9375,0.8192,1.385,120.6,1.0,1.385,1.385
1786304262.560,S3,reserve,336,obs,0.9337,0.9077,1.039,125.6,1.348,1.039,1.039
1786304262.560,S3,search,500,obs,0.9375,3.5749,4.39,123.2,4.019,4.39,4.39
1786304263.561,S1,recommend,0,prior,0.0,,,,1.24,,1.24
1786304263.561,S1,reserve,0,prior,0.0,,,,1.658,,1.658
1786304263.561,S1,search,0,prior,0.0,,,49993.0,6.899,84.98,6.899
1786304263.561,S2,recommend,0,prior,0.0,,,,0.975,,0.975
1786304263.561,S2,reserve,0,prior,0.0,,,,1.332,,1.332
1786304263.561,S2,search,0,prior,0.0,,,,4.287,,4.287
1786304263.561,S3,recommend,672,obs,0.9412,0.8168,1.435,116.4,1.0,1.435,1.435
1786304263.561,S3,reserve,336,obs,0.9413,0.9056,1.102,113.9,1.348,1.102,1.102
1786304263.561,S3,search,502,obs,0.9374,3.5784,4.47,118.9,4.019,4.47,4.47
1786304264.561,S1,recommend,0,prior,0.0,,,,1.24,,1.24
1786304264.561,S1,reserve,0,prior,0.0,,,,1.658,,1.658
1786304264.561,S1,search,0,prior,0.0,,,50993.0,6.899,84.98,6.899
1786304264.561,S2,recommend,0,prior,0.0,,,,0.975,,0.975
1786304264.561,S2,reserve,0,prior,0.0,,,,1.332,,1.332
1786304264.561,S2,search,0,prior,0.0,,,,4.287,,4.287
1786304264.561,S3,recommend,676,obs,0.9463,0.8038,1.347,103.9,1.0,1.347,1.347
1786304264.561,S3,reserve,336,obs,0.9412,0.9119,1.046,108.9,1.348,1.046,1.046
1786304264.561,S3,search,506,obs,0.9462,3.5867,4.458,106.4,4.019,4.458,4.458
1786304265.561,S1,recommend,0,prior,0.0,,,,1.24,,1.24
1786304265.561,S1,reserve,0,prior,0.0,,,,1.658,,1.658
1786304265.561,S1,search,0,prior,0.0,,,51993.0,6.899,84.98,6.899
1786304265.561,S2,recommend,0,prior,0.0,,,,0.975,,0.975
1786304265.561,S2,reserve,0,prior,0.0,,,,1.332,,1.332
1786304265.561,S2,search,0,prior,0.0,,,,4.287,,4.287
1786304265.561,S3,recommend,680,obs,0.9525,0.8067,1.333,91.4,1.0,1.333,1.333
1786304265.561,S3,reserve,338,obs,0.9487,0.9165,1.045,88.9,1.348,1.045,1.045
1786304265.561,S3,search,512,obs,0.9512,3.5821,4.617,96.4,4.019,4.617,4.617
1786304266.561,S1,recommend,0,prior,0.0,,,,1.24,,1.24
1786304266.561,S1,reserve,0,prior,0.0,,,,1.658,,1.658
1786304266.561,S1,search,0,prior,0.0,,,52993.0,6.899,84.98,6.899
1786304266.561,S2,recommend,0,prior,0.0,,,,0.975,,0.975
1786304266.561,S2,reserve,0,prior,0.0,,,,1.332,,1.332
1786304266.561,S2,search,0,prior,0.0,,,,4.287,,4.287
1786304266.561,S3,recommend,680,obs,0.96,0.8191,1.447,79.0,1.0,1.447,1.447
1786304266.561,S3,reserve,344,obs,0.9562,0.9376,1.246,84.0,1.348,1.246,1.246
1786304266.561,S3,search,514,obs,0.9562,3.5831,4.558,81.4,4.019,4.558,4.558
1786304267.561,S1,recommend,0,prior,0.0,,,,1.24,,1.24
1786304267.561,S1,reserve,0,prior,0.0,,,,1.658,,1.658
1786304267.561,S1,search,0,prior,0.0,,,53992.3,6.899,84.98,6.899
1786304267.561,S2,recommend,0,prior,0.0,,,,0.975,,0.975
1786304267.561,S2,reserve,0,prior,0.0,,,,1.332,,1.332
1786304267.561,S2,search,0,prior,0.0,,,,4.287,,4.287
1786304267.561,S3,recommend,688,obs,0.9637,0.8588,1.469,65.8,1.0,1.469,1.469
1786304267.561,S3,reserve,346,obs,0.96,0.9594,1.276,78.3,1.348,1.276,1.276
1786304267.561,S3,search,514,obs,0.9625,3.6402,4.72,70.7,4.019,4.72,4.72
1786304268.560,S1,recommend,0,prior,0.0,,,,1.24,,1.24
1786304268.560,S1,reserve,0,prior,0.0,,,,1.658,,1.658
1786304268.560,S1,search,0,prior,0.0,,,54992.3,6.899,84.98,6.899
1786304268.560,S2,recommend,0,prior,0.0,,,,0.975,,0.975
1786304268.560,S2,reserve,0,prior,0.0,,,,1.332,,1.332
1786304268.560,S2,search,0,prior,0.0,,,,4.287,,4.287
1786304268.560,S3,recommend,694,obs,0.9687,0.8735,1.449,60.8,1.0,1.449,1.449
1786304268.560,S3,reserve,344,obs,0.9675,0.9552,1.276,58.3,1.348,1.276,1.276
1786304268.560,S3,search,516,obs,0.9625,3.6489,4.854,65.8,4.019,4.854,4.854
1786304269.560,S1,recommend,0,prior,0.0,,,,1.24,,1.24
1786304269.560,S1,reserve,0,prior,0.0,,,,1.658,,1.658
1786304269.560,S1,search,0,prior,0.0,,,55992.3,6.899,84.98,6.899
1786304269.560,S2,recommend,0,prior,0.0,,,,0.975,,0.975
1786304269.560,S2,reserve,0,prior,0.0,,,,1.332,,1.332
1786304269.560,S2,search,0,prior,0.0,,,,4.287,,4.287
1786304269.560,S3,recommend,700,obs,0.9775,0.8133,1.399,43.3,1.0,1.399,1.399
1786304269.560,S3,reserve,344,obs,0.9675,0.9526,1.28,53.3,1.348,1.28,1.28
1786304269.560,S3,search,522,obs,0.975,3.5617,4.548,45.8,4.019,4.548,4.548
1786304270.560,S1,recommend,0,prior,0.0,,,,1.24,,1.24
1786304270.560,S1,reserve,0,prior,0.0,,,,1.658,,1.658
1786304270.560,S1,search,0,prior,0.0,,,56992.3,6.899,84.98,6.899
1786304270.560,S2,recommend,0,prior,0.0,,,,0.975,,0.975
1786304270.560,S2,reserve,0,prior,0.0,,,,1.332,,1.332
1786304270.560,S2,search,0,prior,0.0,,,,4.287,,4.287
1786304270.560,S3,recommend,698,obs,0.9788,0.8207,1.397,35.8,1.0,1.397,1.397
1786304270.560,S3,reserve,348,obs,0.975,0.9512,1.257,48.3,1.348,1.257,1.257
1786304270.560,S3,search,526,obs,0.9775,3.6222,4.663,40.8,4.019,4.663,4.663
1786304271.561,S1,recommend,0,prior,0.0,,,,1.24,,1.24
1786304271.561,S1,reserve,0,prior,0.0,,,,1.658,,1.658
1786304271.561,S1,search,0,prior,0.0,,,57993.0,6.899,84.98,6.899
1786304271.561,S2,recommend,0,prior,0.0,,,,0.975,,0.975
1786304271.561,S2,reserve,0,prior,0.0,,,,1.332,,1.332
1786304271.561,S2,search,0,prior,0.0,,,,4.287,,4.287
1786304271.561,S3,recommend,666,obs,0.9338,0.8258,1.355,129.1,1.0,1.355,1.355
1786304271.561,S3,reserve,336,obs,0.9338,0.9203,1.155,126.6,1.348,1.155,1.155
1786304271.561,S3,search,498,obs,0.9338,3.6199,4.643,131.5,4.019,4.643,4.643
1786304272.561,S1,recommend,0,prior,0.0,,,,1.24,,1.24
1786304272.561,S1,reserve,0,prior,0.0,,,,1.658,,1.658
1786304272.561,S1,search,0,prior,0.0,,,58993.0,6.899,84.98,6.899
1786304272.561,S2,recommend,0,prior,0.0,,,,0.975,,0.975
1786304272.561,S2,reserve,0,prior,0.0,,,,1.332,,1.332
1786304272.561,S2,search,0,prior,0.0,,,,4.287,,4.287
1786304272.561,S3,recommend,672,obs,0.9412,0.8147,1.344,116.6,1.0,1.344,1.344
1786304272.561,S3,reserve,334,obs,0.9375,0.9021,1.044,121.6,1.348,1.044,1.044
1786304272.561,S3,search,502,obs,0.9375,3.5617,4.373,119.1,4.019,4.373,4.373
1786304273.561,S1,recommend,0,prior,0.0,,,,1.24,,1.24
1786304273.561,S1,reserve,0,prior,0.0,,,,1.658,,1.658
1786304273.561,S1,search,0,prior,0.0,,,59993.0,6.899,84.98,6.899
1786304273.561,S2,recommend,0,prior,0.0,,,,0.975,,0.975
1786304273.561,S2,reserve,0,prior,0.0,,,,1.332,,1.332
1786304273.561,S2,search,0,prior,0.0,,,,4.287,,4.287
1786304273.561,S3,recommend,674,obs,0.9425,0.8185,1.477,111.6,1.0,1.477,1.477
1786304273.561,S3,reserve,336,obs,0.9412,0.9058,1.065,109.1,1.348,1.065,1.065
1786304273.561,S3,search,504,obs,0.9424,3.6076,4.568,114.1,4.019,4.568,4.568
1786304274.560,S1,recommend,0,prior,0.0,,,,1.24,,1.24
1786304274.560,S1,reserve,0,prior,0.0,,,,1.658,,1.658
1786304274.560,S1,search,0,prior,0.0,,,60992.4,6.899,84.98,6.899
1786304274.560,S2,recommend,0,prior,0.0,,,,0.975,,0.975
1786304274.560,S2,reserve,0,prior,0.0,,,,1.332,,1.332
1786304274.560,S2,search,0,prior,0.0,,,,4.287,,4.287
1786304274.560,S3,recommend,676,obs,0.9488,0.8197,1.443,98.5,1.0,1.443,1.443
1786304274.560,S3,reserve,336,obs,0.9412,0.9205,1.115,103.5,1.348,1.115,1.115
1786304274.560,S3,search,510,obs,0.9487,3.6053,4.555,101.0,4.019,4.555,4.555
1786304275.560,S1,recommend,0,prior,0.0,,,,1.24,,1.24
1786304275.560,S1,reserve,0,prior,0.0,,,,1.658,,1.658
1786304275.560,S1,search,0,prior,0.0,,,61992.3,6.899,84.98,6.899
1786304275.560,S2,recommend,0,prior,0.0,,,,0.975,,0.975
1786304275.560,S2,reserve,0,prior,0.0,,,,1.332,,1.332
1786304275.560,S2,search,0,prior,0.0,,,,4.287,,4.287
1786304275.560,S3,recommend,678,obs,0.9562,0.8203,1.377,85.9,1.0,1.377,1.377
1786304275.560,S3,reserve,342,obs,0.9487,0.9293,1.135,98.4,1.348,1.135,1.135
1786304275.560,S3,search,512,obs,0.9525,3.584,4.526,88.4,4.019,4.526,4.526
1786304276.560,S1,recommend,0,prior,0.0,,,,1.24,,1.24
1786304276.560,S1,reserve,0,prior,0.0,,,,1.658,,1.658
1786304276.560,S1,search,0,prior,0.0,,,62992.3,6.899,84.98,6.899
1786304276.560,S2,recommend,0,prior,0.0,,,,0.975,,0.975
1786304276.560,S2,reserve,0,prior,0.0,,,,1.332,,1.332
1786304276.560,S2,search,0,prior,0.0,,,,4.287,,4.287
1786304276.560,S3,recommend,683,obs,0.9599,0.8238,1.386,73.6,1.0,1.386,1.386
1786304276.560,S3,reserve,346,obs,0.9599,0.9216,1.065,78.5,1.348,1.065,1.065
1786304276.560,S3,search,510,obs,0.9562,3.5465,4.425,83.5,4.019,4.425,4.425
1786304277.560,S1,recommend,0,prior,0.0,,,,1.24,,1.24
1786304277.560,S1,reserve,0,prior,0.0,,,,1.658,,1.658
1786304277.560,S1,search,0,prior,0.0,,,63992.3,6.899,84.98,6.899
1786304277.560,S2,recommend,0,prior,0.0,,,,0.975,,0.975
1786304277.560,S2,reserve,0,prior,0.0,,,,1.332,,1.332
1786304277.560,S2,search,0,prior,0.0,,,,4.287,,4.287
1786304277.560,S3,recommend,690,obs,0.965,0.8737,1.544,68.6,1.0,1.544,1.544
1786304277.560,S3,reserve,342,obs,0.9599,0.9146,1.036,73.5,1.348,1.036,1.036
1786304277.560,S3,search,515,obs,0.9625,3.6281,4.513,66.0,4.019,4.513,4.513
1786304278.560,S1,recommend,0,prior,0.0,,,,1.24,,1.24
1786304278.560,S1,reserve,0,prior,0.0,,,,1.658,,1.658
1786304278.560,S1,search,0,prior,0.0,,,64992.3,6.899,84.98,6.899
1786304278.560,S2,recommend,0,prior,0.0,,,,0.975,,0.975
1786304278.560,S2,reserve,0,prior,0.0,,,,1.332,,1.332
1786304278.560,S2,search,0,prior,0.0,,,,4.287,,4.287
1786304278.560,S3,recommend,696,obs,0.9712,0.8622,1.489,56.1,1.0,1.489,1.489
1786304278.560,S3,reserve,344,obs,0.9675,0.9196,1.022,53.5,1.348,1.022,1.022
1786304278.560,S3,search,518,obs,0.9675,3.6315,4.513,61.0,4.019,4.513,4.513
1786304279.561,S1,recommend,0,prior,0.0,,,,1.24,,1.24
1786304279.561,S1,reserve,0,prior,0.0,,,,1.658,,1.658
1786304279.561,S1,search,0,prior,0.0,,,65993.0,6.899,84.98,6.899
1786304279.561,S2,recommend,0,prior,0.0,,,,0.975,,0.975
1786304279.561,S2,reserve,0,prior,0.0,,,,1.332,,1.332
1786304279.561,S2,search,0,prior,0.0,,,,4.287,,4.287
1786304279.561,S3,recommend,694,obs,0.975,0.808,1.353,44.3,1.0,1.353,1.353
1786304279.561,S3,reserve,348,obs,0.975,0.9109,1.033,49.3,1.348,1.033,1.033
1786304279.561,S3,search,524,obs,0.975,3.5494,4.443,46.8,4.019,4.443,4.443
1786304280.561,S1,recommend,0,prior,0.0,,,,1.24,,1.24
1786304280.561,S1,reserve,0,prior,0.0,,,,1.658,,1.658
1786304280.561,S1,search,0,prior,0.0,,,66993.0,6.899,84.98,6.899
1786304280.561,S2,recommend,0,prior,0.0,,,,0.975,,0.975
1786304280.561,S2,reserve,0,prior,0.0,,,,1.332,,1.332
1786304280.561,S2,search,0,prior,0.0,,,,4.287,,4.287
1786304280.561,S3,recommend,698,obs,0.9825,0.818,1.444,31.8,1.0,1.444,1.444
1786304280.561,S3,reserve,352,obs,0.975,0.9104,1.043,44.3,1.348,1.043,1.043
1786304280.561,S3,search,526,obs,0.9812,3.5615,4.443,36.8,4.019,4.443,4.443
1786304281.561,S1,recommend,0,prior,0.0,,,,1.24,,1.24
1786304281.561,S1,reserve,0,prior,0.0,,,,1.658,,1.658
1786304281.561,S1,search,0,prior,0.0,,,67993.0,6.899,84.98,6.899
1786304281.561,S2,recommend,0,prior,0.0,,,,0.975,,0.975
1786304281.561,S2,reserve,0,prior,0.0,,,,1.332,,1.332
1786304281.561,S2,search,0,prior,0.0,,,,4.287,,4.287
1786304281.561,S3,recommend,670,obs,0.9375,0.8093,1.444,124.3,1.0,1.444,1.444
1786304281.561,S3,reserve,332,obs,0.9299,0.9038,0.992,136.8,1.348,0.992,0.992
1786304281.561,S3,search,500,obs,0.9325,3.5894,4.545,129.2,4.019,4.545,4.545
1786304282.561,S1,recommend,0,prior,0.0,,,,1.24,,1.24
1786304282.561,S1,reserve,0,prior,0.0,,,,1.658,,1.658
1786304282.561,S1,search,0,prior,0.0,,,68993.0,6.899,84.98,6.899
1786304282.561,S2,recommend,0,prior,0.0,,,,0.975,,0.975
1786304282.561,S2,reserve,0,prior,0.0,,,,1.332,,1.332
1786304282.561,S2,search,0,prior,0.0,,,,4.287,,4.287
1786304282.561,S3,recommend,673,obs,0.9425,0.7974,1.419,111.8,1.0,1.419,1.419
1786304282.561,S3,reserve,334,obs,0.9375,0.8968,1.013,116.8,1.348,1.013,1.013
1786304282.561,S3,search,504,obs,0.9424,3.6383,4.548,114.3,4.019,4.548,4.548
1786304283.561,S1,recommend,0,prior,0.0,,,,1.24,,1.24
1786304283.561,S1,reserve,0,prior,0.0,,,,1.658,,1.658
1786304283.561,S1,search,0,prior,0.0,,,69993.0,6.899,84.98,6.899
1786304283.561,S2,recommend,0,prior,0.0,,,,0.975,,0.975
1786304283.561,S2,reserve,0,prior,0.0,,,,1.332,,1.332
1786304283.561,S2,search,0,prior,0.0,,,,4.287,,4.287
1786304283.561,S3,recommend,674,obs,0.9449,0.8278,1.473,106.9,1.0,1.473,1.473
1786304283.561,S3,reserve,336,obs,0.9412,0.9185,1.161,104.3,1.348,1.161,1.161
1786304283.561,S3,search,508,obs,0.945,3.6257,4.566,109.4,4.019,4.566,4.566
1786304284.561,S1,recommend,0,prior,0.0,,,,1.24,,1.24
1786304284.561,S1,reserve,0,prior,0.0,,,,1.658,,1.658
1786304284.561,S1,search,0,prior,0.0,,,70993.0,6.899,84.98,6.899
1786304284.561,S2,recommend,0,prior,0.0,,,,0.975,,0.975
1786304284.561,S2,reserve,0,prior,0.0,,,,1.332,,1.332
1786304284.561,S2,search,0,prior,0.0,,,,4.287,,4.287
1786304284.561,S3,recommend,676,obs,0.9525,0.831,1.494,94.4,1.0,1.494,1.494
1786304284.561,S3,reserve,342,obs,0.9487,0.9426,1.311,99.3,1.348,1.311,1.311
1786304284.561,S3,search,508,obs,0.9487,3.585,4.566,96.9,4.019,4.566,4.566
1786304285.561,S1,recommend,0,prior,0.0,,,,1.24,,1.24
1786304285.561,S1,reserve,0,prior,0.0,,,,1.658,,1.658
1786304285.561,S1,search,0,prior,0.0,,,71993.0,6.899,84.98,6.899
1786304285.561,S2,recommend,0,prior,0.0,,,,0.975,,0.975
1786304285.561,S2,reserve,0,prior,0.0,,,,1.332,,1.332
1786304285.561,S2,search,0,prior,0.0,,,,4.287,,4.287
1786304285.561,S3,recommend,682,obs,0.9563,0.8065,1.312,81.9,1.0,1.312,1.312
1786304285.561,S3,reserve,344,obs,0.9562,0.9418,1.24,86.9,1.348,1.24,1.24
1786304285.561,S3,search,508,obs,0.9525,3.5753,4.563,91.9,4.019,4.563,4.563
1786304286.561,S1,recommend,0,prior,0.0,,,,1.24,,1.24
1786304286.561,S1,reserve,0,prior,0.0,,,,1.658,,1.658
1786304286.561,S1,search,0,prior,0.0,,,72993.0,6.899,84.98,6.899
1786304286.561,S2,recommend,0,prior,0.0,,,,0.975,,0.975
1786304286.561,S2,reserve,0,prior,0.0,,,,1.332,,1.332
1786304286.561,S2,search,0,prior,0.0,,,,4.287,,4.287
1786304286.561,S3,recommend,688,obs,0.9612,0.8049,1.38,76.9,1.0,1.38,1.38
1786304286.561,S3,reserve,342,obs,0.9599,0.9247,1.145,74.4,1.348,1.145,1.145
1786304286.561,S3,search,512,obs,0.9562,3.5989,4.44,79.4,4.019,4.44,4.44
1786304287.561,S1,recommend,0,prior,0.0,,,,1.24,,1.24
1786304287.561,S1,reserve,0,prior,0.0,,,,1.658,,1.658
1786304287.561,S1,search,0,prior,0.0,,,73993.0,6.899,84.98,6.899
1786304287.561,S2,recommend,0,prior,0.0,,,,0.975,,0.975
1786304287.561,S2,reserve,0,prior,0.0,,,,1.332,,1.332
1786304287.561,S2,search,0,prior,0.0,,,,4.287,,4.287
1786304287.561,S3,recommend,692,obs,0.9675,0.8287,1.393,64.4,1.0,1.393,1.393
1786304287.561,S3,reserve,342,obs,0.9599,0.9809,1.052,69.5,1.348,1.052,1.052
1786304287.561,S3,search,516,obs,0.965,3.6775,4.496,67.0,4.019,4.496,4.496
1786304288.561,S1,recommend,0,prior,0.0,,,,1.24,,1.24
1786304288.561,S1,reserve,0,prior,0.0,,,,1.658,,1.658
1786304288.561,S1,search,0,prior,0.0,,,74993.0,6.899,84.98,6.899
1786304288.561,S2,recommend,0,prior,0.0,,,,0.975,,0.975
1786304288.561,S2,reserve,0,prior,0.0,,,,1.332,,1.332
1786304288.561,S2,search,0,prior,0.0,,,,4.287,,4.287
1786304288.561,S3,recommend,692,obs,0.9713,0.8341,1.417,51.9,1.0,1.417,1.417
1786304288.561,S3,reserve,348,obs,0.975,0.978,1.199,49.5,1.348,1.199,1.199
1786304288.561,S3,search,522,obs,0.97,3.6661,4.621,56.9,4.019,4.621,4.621
1786304289.561,S1,recommend,0,prior,0.0,,,,1.24,,1.24
1786304289.561,S1,reserve,0,prior,0.0,,,,1.658,,1.658
1786304289.561,S1,search,0,prior,0.0,,,75993.0,6.899,84.98,6.899
1786304289.561,S2,recommend,0,prior,0.0,,,,0.975,,0.975
1786304289.561,S2,reserve,0,prior,0.0,,,,1.332,,1.332
1786304289.561,S2,search,0,prior,0.0,,,,4.287,,4.287
1786304289.561,S3,recommend,694,obs,0.9787,0.8091,1.407,39.5,1.0,1.407,1.407
1786304289.561,S3,reserve,352,obs,0.9749,0.9055,1.101,44.5,1.348,1.101,1.101
1786304289.561,S3,search,524,obs,0.9787,3.5493,4.396,42.0,4.019,4.396,4.396
1786304290.561,S1,recommend,0,prior,0.0,,,,1.24,,1.24
1786304290.561,S1,reserve,0,prior,0.0,,,,1.658,,1.658
1786304290.561,S1,search,0,prior,0.0,,,76993.0,6.899,84.98,6.899
1786304290.561,S2,recommend,0,prior,0.0,,,,0.975,,0.975
1786304290.561,S2,reserve,0,prior,0.0,,,,1.332,,1.332
1786304290.561,S2,search,0,prior,0.0,,,,4.287,,4.287
1786304290.561,S3,recommend,704,obs,0.9862,0.8076,1.446,27.0,1.0,1.446,1.446
1786304290.561,S3,reserve,352,obs,0.9788,0.9021,1.032,39.5,1.348,1.032,1.032
1786304290.561,S3,search,524,obs,0.9813,3.5384,4.398,32.0,4.019,4.398,4.398
1786304291.560,S1,recommend,0,prior,0.0,,,,1.24,,1.24
1786304291.560,S1,reserve,0,prior,0.0,,,,1.658,,1.658
1786304291.560,S1,search,0,prior,0.0,,,77992.3,6.899,84.98,6.899
1786304291.560,S2,recommend,0,prior,0.0,,,,0.975,,0.975
1786304291.560,S2,reserve,0,prior,0.0,,,,1.332,,1.332
1786304291.560,S2,search,0,prior,0.0,,,,4.287,,4.287
1786304291.560,S3,recommend,672,obs,0.9387,0.7993,1.427,118.8,1.0,1.427,1.427
1786304291.560,S3,reserve,332,obs,0.93,0.899,1.032,131.3,1.348,1.032,1.032
1786304291.560,S3,search,502,obs,0.9375,3.5612,4.385,123.8,4.019,4.385,4.385
1786304292.560,S1,recommend,0,prior,0.0,,,,1.24,,1.24
1786304292.560,S1,reserve,0,prior,0.0,,,,1.658,,1.658
1786304292.560,S1,search,0,prior,0.0,,,78992.3,6.899,84.98,6.899
1786304292.560,S2,recommend,0,prior,0.0,,,,0.975,,0.975
1786304292.560,S2,reserve,0,prior,0.0,,,,1.332,,1.332
1786304292.560,S2,search,0,prior,0.0,,,,4.287,,4.287
1786304292.560,S3,recommend,674,obs,0.9449,0.8123,1.328,106.3,1.0,1.328,1.328
1786304292.560,S3,reserve,334,obs,0.9375,0.8946,1.013,111.3,1.348,1.013,1.013
1786304292.560,S3,search,508,obs,0.9449,3.5738,4.385,108.9,4.019,4.385,4.385
1786304293.560,S1,recommend,0,prior,0.0,,,,1.24,,1.24
1786304293.560,S1,reserve,0,prior,0.0,,,,1.658,,1.658
1786304293.560,S1,search,0,prior,0.0,,,79992.3,6.899,84.98,6.899
1786304293.560,S2,recommend,0,prior,0.0,,,,0.975,,0.975
1786304293.560,S2,reserve,0,prior,0.0,,,,1.332,,1.332
1786304293.560,S2,search,0,prior,0.0,,,,4.287,,4.287
1786304293.560,S3,recommend,674,obs,0.9487,0.8617,1.492,101.3,1.0,1.492,1.492
1786304293.560,S3,reserve,342,obs,0.9487,0.9178,1.07,98.8,1.348,1.07,1.07
1786304293.560,S3,search,506,obs,0.9449,3.6266,4.609,103.9,4.019,4.609,4.609
1786304294.560,S1,recommend,0,prior,0.0,,,,1.24,,1.24
1786304294.560,S1,reserve,0,prior,0.0,,,,1.658,,1.658
1786304294.560,S1,search,0,prior,0.0,,,80992.3,6.899,84.98,6.899
1786304294.560,S2,recommend,0,prior,0.0,,,,0.975,,0.975
1786304294.560,S2,reserve,0,prior,0.0,,,,1.332,,1.332
1786304294.560,S2,search,0,prior,0.0,,,,4.287,,4.287
1786304294.560,S3,recommend,680,obs,0.9525,0.8465,1.475,88.9,1.0,1.475,1.475
1786304294.560,S3,reserve,344,obs,0.9562,0.9402,1.197,86.4,1.348,1.197,1.197
1786304294.560,S3,search,508,obs,0.9525,3.6003,4.599,91.2,4.019,4.599,4.599
1786304295.560,S1,recommend,0,prior,0.0,,,,1.24,,1.24
1786304295.560,S1,reserve,0,prior,0.0,,,,1.658,,1.658
1786304295.560,S1,search,0,prior,0.0,,,81992.3,6.899,84.98,6.899
1786304295.560,S2,recommend,0,prior,0.0,,,,0.975,,0.975
1786304295.560,S2,reserve,0,prior,0.0,,,,1.332,,1.332
1786304295.560,S2,search,0,prior,0.0,,,,4.287,,4.287
1786304295.560,S3,recommend,688,obs,0.9612,0.8136,1.419,76.4,1.0,1.419,1.419
1786304295.560,S3,reserve,340,obs,0.9562,0.9336,1.253,81.4,1.348,1.253,1.253
1786304295.560,S3,search,512,obs,0.9562,3.577,4.543,78.9,4.019,4.543,4.543
1786304296.560,S1,recommend,0,prior,0.0,,,,1.24,,1.24
1786304296.560,S1,reserve,0,prior,0.0,,,,1.658,,1.658
1786304296.560,S1,search,0,prior,0.0,,,82992.3,6.899,84.98,6.899
1786304296.560,S2,recommend,0,prior,0.0,,,,0.975,,0.975
1786304296.560,S2,reserve,0,prior,0.0,,,,1.332,,1.332
1786304296.560,S2,search,0,prior,0.0,,,,4.287,,4.287
1786304296.560,S3,recommend,692,obs,0.9675,0.7932,1.354,63.9,1.0,1.354,1.354
1786304296.560,S3,reserve,342,obs,0.96,0.934,1.182,69.0,1.348,1.182,1.182
1786304296.560,S3,search,516,obs,0.965,3.5543,4.382,66.4,4.019,4.382,4.382
1786304297.560,S1,recommend,0,prior,0.0,,,,1.24,,1.24
1786304297.560,S1,reserve,0,prior,0.0,,,,1.658,,1.658
1786304297.560,S1,search,0,prior,0.0,,,83992.3,6.899,84.98,6.899
1786304297.560,S2,recommend,0,prior,0.0,,,,0.975,,0.975
1786304297.560,S2,reserve,0,prior,0.0,,,,1.332,,1.332
1786304297.560,S2,search,0,prior,0.0,,,,4.287,,4.287
1786304297.560,S3,recommend,690,obs,0.97,0.8251,1.384,53.9,1.0,1.384,1.384
1786304297.560,S3,reserve,346,obs,0.9675,0.9913,1.372,63.9,1.348,1.372,1.372
1786304297.560,S3,search,522,obs,0.97,3.6398,4.465,56.5,4.019,4.465,4.465
1786304298.560,S1,recommend,0,prior,0.0,,,,1.24,,1.24
1786304298.560,S1,reserve,0,prior,0.0,,,,1.658,,1.658
1786304298.560,S1,search,0,prior,0.0,,,84992.3,6.899,84.98,6.899
1786304298.560,S2,recommend,0,prior,0.0,,,,0.975,,0.975
1786304298.560,S2,reserve,0,prior,0.0,,,,1.332,,1.332
1786304298.560,S2,search,0,prior,0.0,,,,4.287,,4.287
1786304298.560,S3,recommend,692,obs,0.975,0.8325,1.379,46.5,1.0,1.379,1.379
1786304298.560,S3,reserve,352,obs,0.9749,0.9813,1.372,44.0,1.348,1.372,1.372
1786304298.560,S3,search,522,obs,0.975,3.6739,4.565,49.0,4.019,4.565,4.565
1786304299.560,S1,recommend,0,prior,0.0,,,,1.24,,1.24
1786304299.560,S1,reserve,0,prior,0.0,,,,1.658,,1.658
1786304299.560,S1,search,0,prior,0.0,,,85992.3,6.899,84.98,6.899
1786304299.560,S2,recommend,0,prior,0.0,,,,0.975,,0.975
1786304299.560,S2,reserve,0,prior,0.0,,,,1.332,,1.332
1786304299.560,S2,search,0,prior,0.0,,,,4.287,,4.287
1786304299.560,S3,recommend,701,obs,0.985,0.8214,1.477,29.1,1.0,1.477,1.477
1786304299.560,S3,reserve,352,obs,0.9787,0.9207,1.056,39.0,1.348,1.056,1.056
1786304299.560,S3,search,522,obs,0.9788,3.5732,4.473,36.5,4.019,4.473,4.473
1786304300.560,S1,recommend,0,prior,0.0,,,,1.24,,1.24
1786304300.560,S1,reserve,0,prior,0.0,,,,1.658,,1.658
1786304300.560,S1,search,0,prior,0.0,,,86992.3,6.899,84.98,6.899
1786304300.560,S2,recommend,0,prior,0.0,,,,0.975,,0.975
1786304300.560,S2,reserve,0,prior,0.0,,,,1.332,,1.332
1786304300.560,S2,search,0,prior,0.0,,,,4.287,,4.287
1786304300.560,S3,recommend,670,obs,0.9375,0.8255,1.428,121.4,1.0,1.428,1.428
1786304300.560,S3,reserve,332,obs,0.93,0.923,1.229,131.5,1.348,1.229,1.229
1786304300.560,S3,search,502,obs,0.9375,3.5629,4.425,124.0,4.019,4.425,4.425
1786304301.561,S1,recommend,0,prior,0.0,,,,1.24,,1.24
1786304301.561,S1,reserve,0,prior,0.0,,,,1.658,,1.658
1786304301.561,S1,search,0,prior,0.0,,,87993.0,6.899,84.98,6.899
1786304301.561,S2,recommend,0,prior,0.0,,,,0.975,,0.975
1786304301.561,S2,reserve,0,prior,0.0,,,,1.332,,1.332
1786304301.561,S2,search,0,prior,0.0,,,,4.287,,4.287
1786304301.561,S3,recommend,672,obs,0.9412,0.8039,1.314,114.8,1.0,1.314,1.314
1786304301.561,S3,reserve,334,obs,0.9374,0.9129,1.157,112.2,1.348,1.157,1.157
1786304301.561,S3,search,506,obs,0.9399,3.5799,4.557,119.8,4.019,4.557,4.557
1786304302.561,S1,recommend,0,prior,0.0,,,,1.24,,1.24
1786304302.561,S1,reserve,0,prior,0.0,,,,1.658,,1.658
1786304302.561,S1,search,0,prior,0.0,,,88993.0,6.899,84.98,6.899
1786304302.561,S2,recommend,0,prior,0.0,,,,0.975,,0.975
1786304302.561,S2,reserve,0,prior,0.0,,,,1.332,,1.332
1786304302.561,S2,search,0,prior,0.0,,,,4.287,,4.287
1786304302.561,S3,recommend,674,obs,0.9487,0.795,1.317,102.2,1.0,1.317,1.317
1786304302.561,S3,reserve,342,obs,0.9487,0.9242,1.231,99.7,1.348,1.231,1.231
1786304302.561,S3,search,506,obs,0.9449,3.5558,4.576,104.7,4.019,4.576,4.576
1786304303.561,S1,recommend,0,prior,0.0,,,,1.24,,1.24
1786304303.561,S1,reserve,0,prior,0.0,,,,1.658,,1.658
1786304303.561,S1,search,0,prior,0.0,,,89993.0,6.899,84.98,6.899
1786304303.561,S2,recommend,0,prior,0.0,,,,0.975,,0.975
1786304303.561,S2,reserve,0,prior,0.0,,,,1.332,,1.332
1786304303.561,S2,search,0,prior,0.0,,,,4.287,,4.287
1786304303.561,S3,recommend,680,obs,0.9525,0.805,1.342,89.8,1.0,1.342,1.342
1786304303.561,S3,reserve,344,obs,0.9562,0.9381,1.248,87.3,1.348,1.248,1.248
1786304303.561,S3,search,508,obs,0.9525,3.5466,4.456,92.2,4.019,4.456,4.456
1786304304.561,S1,recommend,0,prior,0.0,,,,1.24,,1.24
1786304304.561,S1,reserve,0,prior,0.0,,,,1.658,,1.658
1786304304.561,S1,search,0,prior,0.0,,,90993.0,6.899,84.98,6.899
1786304304.561,S2,recommend,0,prior,0.0,,,,0.975,,0.975
1786304304.561,S2,reserve,0,prior,0.0,,,,1.332,,1.332
1786304304.561,S2,search,0,prior,0.0,,,,4.287,,4.287
1786304304.561,S3,recommend,688,obs,0.9612,0.8274,1.383,77.2,1.0,1.383,1.383
1786304304.561,S3,reserve,340,obs,0.9562,0.9285,1.208,82.2,1.348,1.208,1.208
1786304304.561,S3,search,512,obs,0.9562,3.563,4.421,79.8,4.019,4.421,4.421
1786304305.561,S1,recommend,0,prior,0.0,,,,1.24,,1.24
1786304305.561,S1,reserve,0,prior,0.0,,,,1.658,,1.658
1786304305.561,S1,search,0,prior,0.0,,,91993.0,6.899,84.98,6.899
1786304305.561,S2,recommend,0,prior,0.0,,,,0.975,,0.975
1786304305.561,S2,reserve,0,prior,0.0,,,,1.332,,1.332
1786304305.561,S2,search,0,prior,0.0,,,,4.287,,4.287
1786304305.561,S3,recommend,690,obs,0.9675,0.8192,1.412,64.8,1.0,1.412,1.412
1786304305.561,S3,reserve,341,obs,0.9599,0.9201,1.065,69.9,1.348,1.065,1.065
1786304305.561,S3,search,514,obs,0.965,3.5632,4.441,67.3,4.019,4.441,4.441
1786304306.561,S1,recommend,0,prior,0.0,,,,1.24,,1.24
1786304306.561,S1,reserve,0,prior,0.0,,,,1.658,,1.658
1786304306.561,S1,search,0,prior,0.0,,,92993.0,6.899,84.98,6.899
1786304306.561,S2,recommend,0,prior,0.0,,,,0.975,,0.975
1786304306.561,S2,reserve,0,prior,0.0,,,,1.332,,1.332
1786304306.561,S2,search,0,prior,0.0,,,,4.287,,4.287
1786304306.561,S3,recommend,690,obs,0.97,0.8091,1.406,54.8,1.0,1.406,1.406
1786304306.561,S3,reserve,346,obs,0.9675,0.9399,1.216,64.9,1.348,1.216,1.216
1786304306.561,S3,search,522,obs,0.97,3.6063,4.559,57.3,4.019,4.559,4.559
1786304307.561,S1,recommend,0,prior,0.0,,,,1.24,,1.24
1786304307.561,S1,reserve,0,prior,0.0,,,,1.658,,1.658
1786304307.561,S1,search,0,prior,0.0,,,93993.0,6.899,84.98,6.899
1786304307.561,S2,recommend,0,prior,0.0,,,,0.975,,0.975
1786304307.561,S2,reserve,0,prior,0.0,,,,1.332,,1.332
1786304307.561,S2,search,0,prior,0.0,,,,4.287,,4.287
1786304307.561,S3,recommend,692,obs,0.975,0.8723,1.453,47.4,1.0,1.453,1.453
1786304307.561,S3,reserve,352,obs,0.975,0.9892,1.231,44.8,1.348,1.231,1.231
1786304307.561,S3,search,522,obs,0.975,3.6297,4.499,49.9,4.019,4.499,4.499
1786304308.561,S1,recommend,0,prior,0.0,,,,1.24,,1.24
1786304308.561,S1,reserve,0,prior,0.0,,,,1.658,,1.658
1786304308.561,S1,search,0,prior,0.0,,,94993.0,6.899,84.98,6.899
1786304308.561,S2,recommend,0,prior,0.0,,,,0.975,,0.975
1786304308.561,S2,reserve,0,prior,0.0,,,,1.332,,1.332
1786304308.561,S2,search,0,prior,0.0,,,,4.287,,4.287
1786304308.561,S3,recommend,700,obs,0.9825,0.858,1.415,34.9,1.0,1.415,1.415
1786304308.561,S3,reserve,352,obs,0.9787,0.9671,1.107,39.9,1.348,1.107,1.107
1786304308.561,S3,search,522,obs,0.9787,3.5995,4.317,37.4,4.019,4.317,4.317
1786304309.561,S1,recommend,0,prior,0.0,,,,1.24,,1.24
1786304309.561,S1,reserve,0,prior,0.0,,,,1.658,,1.658
1786304309.561,S1,search,0,prior,0.0,,,95993.0,6.899,84.98,6.899
1786304309.561,S2,recommend,0,prior,0.0,,,,0.975,,0.975
1786304309.561,S2,reserve,0,prior,0.0,,,,1.332,,1.332
1786304309.561,S2,search,0,prior,0.0,,,,4.287,,4.287
1786304309.561,S3,recommend,668,obs,0.935,0.7829,1.324,127.4,1.0,1.324,1.324
1786304309.561,S3,reserve,332,obs,0.93,0.9306,1.155,132.4,1.348,1.155,1.155
1786304309.561,S3,search,500,obs,0.935,3.5636,4.395,129.9,4.019,4.395,4.395
1786304310.560,S1,recommend,0,prior,0.0,,,,1.24,,1.24
1786304310.560,S1,reserve,0,prior,0.0,,,,1.658,,1.658
1786304310.560,S1,search,0,prior,0.0,,,96992.3,6.899,84.98,6.899
1786304310.560,S2,recommend,0,prior,0.0,,,,0.975,,0.975
1786304310.560,S2,reserve,0,prior,0.0,,,,1.332,,1.332
1786304310.560,S2,search,0,prior,0.0,,,,4.287,,4.287
1786304310.560,S3,recommend,672,obs,0.9412,0.8161,1.401,114.3,1.0,1.401,1.401
1786304310.560,S3,reserve,334,obs,0.9375,0.9305,1.119,111.7,1.348,1.119,1.119
1786304310.560,S3,search,506,obs,0.94,3.5613,4.455,119.3,4.019,4.455,4.455
1786304311.561,S1,recommend,0,prior,0.0,,,,1.24,,1.24
1786304311.561,S1,reserve,0,prior,0.0,,,,1.658,,1.658
1786304311.561,S1,search,0,prior,0.0,,,97993.0,6.899,84.98,6.899
1786304311.561,S2,recommend,0,prior,0.0,,,,0.975,,0.975
1786304311.561,S2,reserve,0,prior,0.0,,,,1.332,,1.332
1786304311.561,S2,search,0,prior,0.0,,,,4.287,,4.287
1786304311.561,S3,recommend,674,obs,0.9487,0.8154,1.4,102.5,1.0,1.4,1.4
1786304311.561,S3,reserve,340,obs,0.945,0.9217,1.107,107.4,1.348,1.107,1.107
1786304311.561,S3,search,506,obs,0.9449,3.542,4.377,105.0,4.019,4.377,4.377
1786304312.561,S1,recommend,0,prior,0.0,,,,1.24,,1.24
1786304312.561,S1,reserve,0,prior,0.0,,,,1.658,,1.658
1786304312.561,S1,search,0,prior,0.0,,,98993.0,6.899,84.98,6.899
1786304312.561,S2,recommend,0,prior,0.0,,,,0.975,,0.975
1786304312.561,S2,reserve,0,prior,0.0,,,,1.332,,1.332
1786304312.561,S2,search,0,prior,0.0,,,,4.287,,4.287
1786304312.561,S3,recommend,678,obs,0.9487,0.7987,1.319,97.5,1.0,1.319,1.319
1786304312.561,S3,reserve,342,obs,0.9525,0.9231,1.044,95.0,1.348,1.044,1.044
1786304312.561,S3,search,506,obs,0.9487,3.5397,4.38,100.0,4.019,4.38,4.38
1786304313.561,S1,recommend,0,prior,0.0,,,,1.24,,1.24
1786304313.561,S1,reserve,0,prior,0.0,,,,1.658,,1.658
1786304313.561,S1,search,0,prior,0.0,,,99993.0,6.899,84.98,6.899
1786304313.561,S2,recommend,0,prior,0.0,,,,0.975,,0.975
1786304313.561,S2,reserve,0,prior,0.0,,,,1.332,,1.332
1786304313.561,S2,search,0,prior,0.0,,,,4.287,,4.287
1786304313.561,S3,recommend,686,obs,0.9575,0.8087,1.338,85.0,1.0,1.338,1.338
1786304313.561,S3,reserve,340,obs,0.9562,0.9077,1.044,82.5,1.348,1.044,1.044
1786304313.561,S3,search,510,obs,0.9512,3.5542,4.361,90.0,4.019,4.361,4.361
1786304314.561,S1,recommend,0,prior,0.0,,,,1.24,,1.24
1786304314.561,S1,reserve,0,prior,0.0,,,,1.658,,1.658
1786304314.561,S1,search,0,prior,0.0,,,100993.0,6.899,84.98,6.899
1786304314.561,S2,recommend,0,prior,0.0,,,,0.975,,0.975
1786304314.561,S2,reserve,0,prior,0.0,,,,1.332,,1.332
1786304314.561,S2,search,0,prior,0.0,,,,4.287,,4.287
1786304314.561,S3,recommend,688,obs,0.9613,0.7983,1.336,72.5,1.0,1.336,1.336
1786304314.561,S3,reserve,342,obs,0.96,0.9203,1.05,70.0,1.348,1.05,1.05
1786304314.561,S3,search,514,obs,0.9612,3.5624,4.375,75.0,4.019,4.375,4.375
1786304315.561,S1,recommend,0,prior,0.0,,,,1.24,,1.24
1786304315.561,S1,reserve,0,prior,0.0,,,,1.658,,1.658
1786304315.561,S1,search,0,prior,0.0,,,101993.0,6.899,84.98,6.899
1786304315.561,S2,recommend,0,prior,0.0,,,,0.975,,0.975
1786304315.561,S2,reserve,0,prior,0.0,,,,1.332,,1.332
1786304315.561,S2,search,0,prior,0.0,,,,4.287,,4.287
1786304315.561,S3,recommend,688,obs,0.9675,0.8143,1.379,60.0,1.0,1.379,1.379
1786304315.561,S3,reserve,345,obs,0.9675,0.9221,1.033,65.1,1.348,1.033,1.033
1786304315.561,S3,search,520,obs,0.9675,3.6264,4.673,62.5,4.019,4.673,4.673
1786304316.561,S1,recommend,0,prior,0.0,,,,1.24,,1.24
1786304316.561,S1,reserve,0,prior,0.0,,,,1.658,,1.658
1786304316.561,S1,search,0,prior,0.0,,,102993.0,6.899,84.98,6.899
1786304316.561,S2,recommend,0,prior,0.0,,,,0.975,,0.975
1786304316.561,S2,reserve,0,prior,0.0,,,,1.332,,1.332
1786304316.561,S2,search,0,prior,0.0,,,,4.287,,4.287
1786304316.561,S3,recommend,690,obs,0.9713,0.8293,1.434,55.0,1.0,1.434,1.434
1786304316.561,S3,reserve,350,obs,0.9675,0.9109,1.05,60.0,1.348,1.05,1.05
1786304316.561,S3,search,518,obs,0.97,3.626,4.567,52.5,4.019,4.567,4.567
1786304317.561,S1,recommend,0,prior,0.0,,,,1.24,,1.24
1786304317.561,S1,reserve,0,prior,0.0,,,,1.658,,1.658
1786304317.561,S1,search,0,prior,0.0,,,103993.0,6.899,84.98,6.899
1786304317.561,S2,recommend,0,prior,0.0,,,,0.975,,0.975
1786304317.561,S2,reserve,0,prior,0.0,,,,1.332,,1.332
1786304317.561,S2,search,0,prior,0.0,,,,4.287,,4.287
1786304317.561,S3,recommend,696,obs,0.9749,0.8499,1.513,42.6,1.0,1.513,1.513
1786304317.561,S3,reserve,352,obs,0.9787,0.9421,1.056,40.2,1.348,1.056,1.056
1786304317.561,S3,search,520,obs,0.975,3.6522,4.529,45.1,4.019,4.529,4.529
1786304318.561,S1,recommend,0,prior,0.0,,,,1.24,,1.24
1786304318.561,S1,reserve,0,prior,0.0,,,,1.658,,1.658
1786304318.561,S1,search,0,prior,0.0,,,104993.0,6.899,84.98,6.899
1786304318.561,S2,recommend,0,prior,0.0,,,,0.975,,0.975
1786304318.561,S2,reserve,0,prior,0.0,,,,1.332,,1.332
1786304318.561,S2,search,0,prior,0.0,,,,4.287,,4.287
1786304318.561,S3,recommend,704,obs,0.9837,0.8407,1.367,30.1,1.0,1.367,1.367
1786304318.561,S3,reserve,348,obs,0.9787,0.9379,1.035,35.1,1.348,1.035,1.035
1786304318.561,S3,search,524,obs,0.9787,3.6613,4.723,32.6,4.019,4.723,4.723
1786304319.561,S1,recommend,0,prior,0.0,,,,1.24,,1.24
1786304319.561,S1,reserve,0,prior,0.0,,,,1.658,,1.658
1786304319.561,S1,search,0,prior,0.0,,,105993.0,6.899,84.98,6.899
1786304319.561,S2,recommend,0,prior,0.0,,,,0.975,,0.975
1786304319.561,S2,reserve,0,prior,0.0,,,,1.332,,1.332
1786304319.561,S2,search,0,prior,0.0,,,,4.287,,4.287
1786304319.561,S3,recommend,670,obs,0.94,0.8156,1.363,117.6,1.0,1.363,1.363
1786304319.561,S3,reserve,332,obs,0.93,0.9066,1.022,127.6,1.348,1.022,1.022
1786304319.561,S3,search,502,obs,0.935,3.5592,4.401,125.2,4.019,4.401,4.401
1786304320.561,S1,recommend,0,prior,0.0,,,,1.24,,1.24
1786304320.561,S1,reserve,0,prior,0.0,,,,1.658,,1.658
1786304320.561,S1,search,0,prior,0.0,,,106993.0,6.899,84.98,6.899
1786304320.561,S2,recommend,0,prior,0.0,,,,0.975,,0.975
1786304320.561,S2,reserve,0,prior,0.0,,,,1.332,,1.332
1786304320.561,S2,search,0,prior,0.0,,,,4.287,,4.287
1786304320.561,S3,recommend,670,obs,0.9413,0.8166,1.436,110.1,1.0,1.436,1.436
1786304320.561,S3,reserve,340,obs,0.9449,0.9152,1.091,107.7,1.348,1.091,1.091
1786304320.561,S3,search,504,obs,0.94,3.5244,4.242,115.2,4.019,4.242,4.242
1786304321.561,S1,recommend,0,prior,0.0,,,,1.24,,1.24
1786304321.561,S1,reserve,0,prior,0.0,,,,1.658,,1.658
1786304321.561,S1,search,0,prior,0.0,,,107993.0,6.899,84.98,6.899
1786304321.561,S2,recommend,0,prior,0.0,,,,0.975,,0.975
1786304321.561,S2,reserve,0,prior,0.0,,,,1.332,,1.332
1786304321.561,S2,search,0,prior,0.0,,,,4.287,,4.287
1786304321.561,S3,recommend,678,obs,0.9487,0.8125,1.451,97.7,1.0,1.451,1.451
1786304321.561,S3,reserve,340,obs,0.9488,0.9063,1.045,95.1,1.348,1.045,1.045
1786304321.561,S3,search,506,obs,0.9487,3.5476,4.386,100.1,4.019,4.386,4.386
1786304322.561,S1,recommend,0,prior,0.0,,,,1.24,,1.24
1786304322.561,S1,reserve,0,prior,0.0,,,,1.658,,1.658
1786304322.561,S1,search,0,prior,0.0,,,108993.0,6.899,84.98,6.899
1786304322.561,S2,recommend,0,prior,0.0,,,,0.975,,0.975
1786304322.561,S2,reserve,0,prior,0.0,,,,1.332,,1.332
1786304322.561,S2,search,0,prior,0.0,,,,4.287,,4.287
1786304322.561,S3,recommend,684,obs,0.9562,0.8136,1.456,85.2,1.0,1.456,1.456
1786304322.561,S3,reserve,338,obs,0.9487,0.8987,1.011,97.7,1.348,1.011,1.011
1786304322.561,S3,search,510,obs,0.9513,3.5647,4.54,90.2,4.019,4.54,4.54
1786304323.560,S1,recommend,0,prior,0.0,,,,1.24,,1.24
1786304323.560,S1,reserve,0,prior,0.0,,,,1.658,,1.658
1786304323.560,S1,search,0,prior,0.0,,,109992.3,6.899,84.98,6.899
1786304323.560,S2,recommend,0,prior,0.0,,,,0.975,,0.975
1786304323.560,S2,reserve,0,prior,0.0,,,,1.332,,1.332
1786304323.560,S2,search,0,prior,0.0,,,,4.287,,4.287
1786304323.560,S3,recommend,688,obs,0.96,0.7911,1.306,79.5,1.0,1.306,1.306
1786304323.560,S3,reserve,340,obs,0.9562,0.9259,1.062,77.0,1.348,1.062,1.062
1786304323.560,S3,search,512,obs,0.9562,3.5325,4.488,84.5,4.019,4.488,4.488
1786304324.561,S1,recommend,0,prior,0.0,,,,1.24,,1.24
1786304324.561,S1,reserve,0,prior,0.0,,,,1.658,,1.658
1786304324.561,S1,search,0,prior,0.0,,,110993.0,6.899,84.98,6.899
1786304324.561,S2,recommend,0,prior,0.0,,,,0.975,,0.975
1786304324.561,S2,reserve,0,prior,0.0,,,,1.332,,1.332
1786304324.561,S2,search,0,prior,0.0,,,,4.287,,4.287
1786304324.561,S3,recommend,686,obs,0.9637,0.8038,1.361,67.8,1.0,1.361,1.361
1786304324.561,S3,reserve,344,obs,0.96,0.9237,1.062,65.2,1.348,1.062,1.062
1786304324.561,S3,search,518,obs,0.9637,3.539,4.424,70.2,4.019,4.424,4.424
1786304325.561,S1,recommend,0,prior,0.0,,,,1.24,,1.24
1786304325.561,S1,reserve,0,prior,0.0,,,,1.658,,1.658
1786304325.561,S1,search,0,prior,0.0,,,111993.0,6.899,84.98,6.899
1786304325.561,S2,recommend,0,prior,0.0,,,,0.975,,0.975
1786304325.561,S2,reserve,0,prior,0.0,,,,1.332,,1.332
1786304325.561,S2,search,0,prior,0.0,,,,4.287,,4.287
1786304325.561,S3,recommend,690,obs,0.9712,0.8244,1.475,55.3,1.0,1.475,1.475
1786304325.561,S3,reserve,350,obs,0.9675,0.8986,1.037,60.2,1.348,1.037,1.037
1786304325.561,S3,search,516,obs,0.9675,3.5663,4.415,57.8,4.019,4.415,4.415
1786304326.561,S1,recommend,0,prior,0.0,,,,1.24,,1.24
1786304326.561,S1,reserve,0,prior,0.0,,,,1.658,,1.658
1786304326.561,S1,search,0,prior,0.0,,,112993.0,6.899,84.98,6.899
1786304326.561,S2,recommend,0,prior,0.0,,,,0.975,,0.975
1786304326.561,S2,reserve,0,prior,0.0,,,,1.332,,1.332
1786304326.561,S2,search,0,prior,0.0,,,,4.287,,4.287
1786304326.561,S3,recommend,696,obs,0.975,0.8093,1.372,42.8,1.0,1.372,1.372
1786304326.561,S3,reserve,352,obs,0.9787,0.9171,1.06,40.3,1.348,1.06,1.06
1786304326.561,S3,search,520,obs,0.9749,3.5849,4.549,45.3,4.019,4.549,4.549
1786304327.561,S1,recommend,0,prior,0.0,,,,1.24,,1.24
1786304327.561,S1,reserve,0,prior,0.0,,,,1.658,,1.658
1786304327.561,S1,search,0,prior,0.0,,,113993.0,6.899,84.98,6.899
1786304327.561,S2,recommend,0,prior,0.0,,,,0.975,,0.975
1786304327.561,S2,reserve,0,prior,0.0,,,,1.332,,1.332
1786304327.561,S2,search,0,prior,0.0,,,,4.287,,4.287
1786304327.561,S3,recommend,704,obs,0.9837,0.8354,1.359,30.3,1.0,1.359,1.359
1786304327.561,S3,reserve,348,obs,0.9787,0.939,1.189,35.3,1.348,1.189,1.189
1786304327.561,S3,search,524,obs,0.9787,3.6765,4.723,32.8,4.019,4.723,4.723
1786304328.561,S1,recommend,0,prior,0.0,,,,1.24,,1.24
1786304328.561,S1,reserve,0,prior,0.0,,,,1.658,,1.658
1786304328.561,S1,search,0,prior,0.0,,,114993.0,6.899,84.98,6.899
1786304328.561,S2,recommend,0,prior,0.0,,,,0.975,,0.975
1786304328.561,S2,reserve,0,prior,0.0,,,,1.332,,1.332
1786304328.561,S2,search,0,prior,0.0,,,,4.287,,4.287
1786304328.561,S3,recommend,668,obs,0.9374,0.9029,1.588,122.8,1.0,1.588,1.588
1786304328.561,S3,reserve,332,obs,0.93,0.9865,1.507,127.7,1.348,1.507,1.507
1786304328.561,S3,search,502,obs,0.935,3.7801,4.903,125.3,4.019,4.903,4.903
1786304329.561,S1,recommend,0,prior,0.0,,,,1.24,,1.24
1786304329.561,S1,reserve,0,prior,0.0,,,,1.658,,1.658
1786304329.561,S1,search,0,prior,0.0,,,115993.0,6.899,84.98,6.899
1786304329.561,S2,recommend,0,prior,0.0,,,,0.975,,0.975
1786304329.561,S2,reserve,0,prior,0.0,,,,1.332,,1.332
1786304329.561,S2,search,0,prior,0.0,,,,4.287,,4.287
1786304329.561,S3,recommend,670,obs,0.9412,0.8701,1.569,110.3,1.0,1.569,1.569
1786304329.561,S3,reserve,338,obs,0.9375,0.9925,1.313,122.9,1.348,1.313,1.313
1786304329.561,S3,search,504,obs,0.94,3.6927,4.759,115.4,4.019,4.759,4.759
1786304330.560,S1,recommend,0,prior,0.0,,,,1.24,,1.24
1786304330.560,S1,reserve,0,prior,0.0,,,,1.658,,1.658
1786304330.560,S1,search,0,prior,0.0,,,116992.3,6.899,84.98,6.899
1786304330.560,S2,recommend,0,prior,0.0,,,,0.975,,0.975
1786304330.560,S2,reserve,0,prior,0.0,,,,1.332,,1.332
1786304330.560,S2,search,0,prior,0.0,,,,4.287,,4.287
1786304330.560,S3,recommend,676,obs,0.9451,0.8231,1.404,104.5,1.0,1.404,1.404
1786304330.560,S3,reserve,340,obs,0.9487,0.9415,1.162,102.2,1.348,1.162,1.162
1786304330.560,S3,search,504,obs,0.9438,3.5834,4.428,109.6,4.019,4.428,4.428
1786304331.561,S1,recommend,0,prior,0.0,,,,1.24,,1.24
1786304331.561,S1,reserve,0,prior,0.0,,,,1.658,,1.658
1786304331.561,S1,search,0,prior,0.0,,,117993.0,6.899,84.98,6.899
1786304331.561,S2,recommend,0,prior,0.0,,,,0.975,,0.975
1786304331.561,S2,reserve,0,prior,0.0,,,,1.332,,1.332
1786304331.561,S2,search,0,prior,0.0,,,,4.287,,4.287
1786304331.561,S3,recommend,682,obs,0.955,0.834,1.402,87.9,1.0,1.402,1.402
1786304331.561,S3,reserve,338,obs,0.9487,0.9072,1.029,97.9,1.348,1.029,1.029
1786304331.561,S3,search,510,obs,0.9512,3.6018,4.543,90.4,4.019,4.543,4.543
1786304332.560,S1,recommend,0,prior,0.0,,,,1.24,,1.24
1786304332.560,S1,reserve,0,prior,0.0,,,,1.658,,1.658
1786304332.560,S1,search,0,prior,0.0,,,118993.0,6.899,84.98,6.899
1786304332.560,S2,recommend,0,prior,0.0,,,,0.975,,0.975
1786304332.560,S2,reserve,0,prior,0.0,,,,1.332,,1.332
1786304332.560,S2,search,0,prior,0.0,,,,4.287,,4.287
1786304332.560,S3,recommend,582,obs,0.8112,0.8122,1.294,372.9,1.0,1.294,1.294
1786304332.560,S3,reserve,286,obs,0.8062,0.9197,1.005,377.9,1.348,1.005,1.005
1786304332.560,S3,search,434,obs,0.8112,3.5898,4.508,375.4,4.019,4.508,4.508
1786304333.557,S1,recommend,0,prior,0.0,,,,1.24,,1.24
1786304333.557,S1,reserve,0,prior,0.0,,,,1.658,,1.658
1786304333.557,S1,search,0,prior,0.0,,,119993.0,6.899,84.98,6.899
1786304333.557,S2,recommend,0,prior,0.0,,,,0.975,,0.975
1786304333.557,S2,reserve,0,prior,0.0,,,,1.332,,1.332
1786304333.557,S2,search,0,prior,0.0,,,,4.287,,4.287
1786304333.557,S3,recommend,224,prior_fill,0.3112,0.7868,1.25,1372.9,1.0,1.294,1.0
1786304333.557,S3,reserve,108,prior_fill,0.3037,0.945,1.005,1377.9,1.348,1.005,1.348
1786304333.557,S3,search,170,prior_fill,0.3113,3.5969,4.384,1375.4,4.019,4.508,4.019
