ts,cohort,class,observed_rate_kbit,d_acc_ms,slack_s1,slack_s2,slack_s3,chosen_site,changed,apply_latency_ms,expectant,resp_bytes_est,resp_bytes_src,resp_bytes_n,slack_const_s1,slack_const_s2,slack_const_s3,chosen_site_const,slack_bytesonly_s1,slack_bytesonly_s2,slack_bytesonly_s3,chosen_site_bytesonly,slack_fconly_s1,slack_fconly_s2,slack_fconly_s3,chosen_site_fconly,obs_update_ms,backlog_bytes,feasible_set,subset_cluster,feasible_set_const,feasible_set_bytesonly,feasible_set_fconly
1786339409.624,c1,reserve,,0.0,26.34,13.67,3.65,,1,2.65,0,36.0,prior,0,26.34,13.67,3.65,,26.34,13.67,3.65,,26.34,13.67,3.65,,0.056,0,S2|S3,sub_s23,S2|S3,S2|S3,S2|S3
1786339409.624,c1,search,,0.0,31.1,20.71,10.98,,1,0.56,0,4474.0,prior,0,31.1,20.71,10.98,,31.1,20.71,10.98,,31.1,20.71,10.98,,0.056,0,S2|S3,sub_s23,S2|S3,S2|S3,S2|S3
1786339409.624,c1,recommend,,0.0,26.76,14.03,4.0,,1,0.56,0,200.0,prior,0,26.76,14.03,4.0,,26.76,14.03,4.0,,26.76,14.03,4.0,,0.056,0,S2|S3,sub_s23,S2|S3,S2|S3,S2|S3
1786339409.624,c2,reserve,,0.0,26.34,13.67,3.65,,1,0.64,0,36.0,prior,0,26.34,13.67,3.65,,26.34,13.67,3.65,,26.34,13.67,3.65,,0.056,0,S2|S3,sub_s23,S2|S3,S2|S3,S2|S3
1786339409.624,c2,search,,0.0,31.1,20.71,10.98,,1,0.66,0,4474.0,prior,0,31.1,20.71,10.98,,31.1,20.71,10.98,,31.1,20.71,10.98,,0.056,0,S2|S3,sub_s23,S2|S3,S2|S3,S2|S3
1786339409.624,c2,recommend,,0.0,26.76,14.03,4.0,,1,0.61,0,200.0,prior,0,26.76,14.03,4.0,,26.76,14.03,4.0,,26.76,14.03,4.0,,0.056,0,S2|S3,sub_s23,S2|S3,S2|S3,S2|S3
1786339410.625,c1,reserve,,0.0,26.34,13.67,3.65,,0,,0,36.0,prior,0,26.34,13.67,3.65,,26.34,13.67,3.65,,26.34,13.67,3.65,,0.115,0,S2|S3,sub_s23,S2|S3,S2|S3,S2|S3
1786339410.625,c1,search,,0.0,31.1,20.71,10.98,,0,,0,4474.0,prior,0,31.1,20.71,10.98,,31.1,20.71,10.98,,31.1,20.71,10.98,,0.115,0,S2|S3,sub_s23,S2|S3,S2|S3,S2|S3
1786339410.625,c1,recommend,,0.0,26.76,14.03,4.0,,0,,0,200.0,prior,0,26.76,14.03,4.0,,26.76,14.03,4.0,,26.76,14.03,4.0,,0.115,0,S2|S3,sub_s23,S2|S3,S2|S3,S2|S3
1786339410.625,c2,reserve,,0.0,26.34,13.67,3.65,,0,,0,36.0,prior,0,26.34,13.67,3.65,,26.34,13.67,3.65,,26.34,13.67,3.65,,0.115,0,S2|S3,sub_s23,S2|S3,S2|S3,S2|S3
1786339410.625,c2,search,,0.0,31.1,20.71,10.98,,0,,0,4474.0,prior,0,31.1,20.71,10.98,,31.1,20.71,10.98,,31.1,20.71,10.98,,0.115,0,S2|S3,sub_s23,S2|S3,S2|S3,S2|S3
1786339410.625,c2,recommend,,0.0,26.76,14.03,4.0,,0,,0,200.0,prior,0,26.76,14.03,4.0,,26.76,14.03,4.0,,26.76,14.03,4.0,,0.115,0,S2|S3,sub_s23,S2|S3,S2|S3,S2|S3
1786339411.624,c1,reserve,,0.0,26.34,13.67,3.65,,0,,0,36.0,prior,0,26.34,13.67,3.65,,26.34,13.67,3.65,,26.34,13.67,3.65,,0.099,0,S2|S3,sub_s23,S2|S3,S2|S3,S2|S3
1786339411.624,c1,search,,0.0,31.1,20.71,10.98,,0,,0,4474.0,prior,0,31.1,20.71,10.98,,31.1,20.71,10.98,,31.1,20.71,10.98,,0.099,0,S2|S3,sub_s23,S2|S3,S2|S3,S2|S3
1786339411.624,c1,recommend,,0.0,26.76,14.03,4.0,,0,,0,200.0,prior,0,26.76,14.03,4.0,,26.76,14.03,4.0,,26.76,14.03,4.0,,0.099,0,S2|S3,sub_s23,S2|S3,S2|S3,S2|S3
1786339411.624,c2,reserve,,0.0,26.34,13.67,3.65,,0,,0,36.0,prior,0,26.34,13.67,3.65,,26.34,13.67,3.65,,26.34,13.67,3.65,,0.099,0,S2|S3,sub_s23,S2|S3,S2|S3,S2|S3
1786339411.624,c2,search,,0.0,31.1,20.71,10.98,,0,,0,4474.0,prior,0,31.1,20.71,10.98,,31.1,20.71,10.98,,31.1,20.71,10.98,,0.099,0,S2|S3,sub_s23,S2|S3,S2|S3,S2|S3
1786339411.624,c2,recommend,,0.0,26.76,14.03,4.0,,0,,0,200.0,prior,0,26.76,14.03,4.0,,26.76,14.03,4.0,,26.76,14.03,4.0,,0.099,0,S2|S3,sub_s23,S2|S3,S2|S3,S2|S3
1786339412.625,c1,reserve,,0.0,26.34,13.67,3.65,,0,,0,36.0,prior,0,26.34,13.67,3.65,,26.34,13.67,3.65,,26.34,13.67,3.65,,0.107,0,S2|S3,sub_s23,S2|S3,S2|S3,S2|S3
1786339412.625,c1,search,,0.0,31.1,20.71,10.98,,0,,0,4474.0,prior,0,31.1,20.71,10.98,,31.1,20.71,10.98,,31.1,20.71,10.98,,0.107,0,S2|S3,sub_s23,S2|S3,S2|S3,S2|S3
1786339412.625,c1,recommend,,0.0,26.76,14.03,4.0,,0,,0,200.0,prior,0,26.76,14.03,4.0,,26.76,14.03,4.0,,26.76,14.03,4.0,,0.107,0,S2|S3,sub_s23,S2|S3,S2|S3,S2|S3
1786339412.625,c2,reserve,,0.0,26.34,13.67,3.65,,0,,0,36.0,prior,0,26.34,13.67,3.65,,26.34,13.67,3.65,,26.34,13.67,3.65,,0.107,0,S2|S3,sub_s23,S2|S3,S2|S3,S2|S3
1786339412.625,c2,search,,0.0,31.1,20.71,10.98,,0,,0,4474.0,prior,0,31.1,20.71,10.98,,31.1,20.71,10.98,,31.1,20.71,10.98,,0.107,0,S2|S3,sub_s23,S2|S3,S2|S3,S2|S3
1786339412.625,c2,recommend,,0.0,26.76,14.03,4.0,,0,,0,200.0,prior,0,26.76,14.03,4.0,,26.76,14.03,4.0,,26.76,14.03,4.0,,0.107,0,S2|S3,sub_s23,S2|S3,S2|S3,S2|S3
1786339413.627,c1,reserve,,0.0,26.34,13.67,3.65,,0,,0,36.0,prior_fill,68,26.34,13.67,3.65,,26.34,13.67,3.65,,26.34,13.67,3.65,,2.544,0,S2|S3,sub_s23,S2|S3,S2|S3,S2|S3
1786339413.627,c1,search,,0.0,31.1,20.71,10.98,,0,,0,4474.0,prior_fill,109,31.1,20.71,10.98,,31.1,20.71,10.98,,31.1,20.71,10.98,,2.544,0,S2|S3,sub_s23,S2|S3,S2|S3,S2|S3
1786339413.627,c1,recommend,,0.0,26.76,14.03,4.0,,0,,0,200.0,prior_fill,148,26.76,14.03,4.0,,26.76,14.03,4.0,,26.76,14.03,4.0,,2.544,0,S2|S3,sub_s23,S2|S3,S2|S3,S2|S3
1786339413.627,c2,reserve,,0.0,26.34,13.67,3.65,,0,,0,36.0,prior_fill,68,26.34,13.67,3.65,,26.34,13.67,3.65,,26.34,13.67,3.65,,2.544,0,S2|S3,sub_s23,S2|S3,S2|S3,S2|S3
1786339413.627,c2,search,,0.0,31.1,20.71,10.98,,0,,0,4474.0,prior_fill,109,31.1,20.71,10.98,,31.1,20.71,10.98,,31.1,20.71,10.98,,2.544,0,S2|S3,sub_s23,S2|S3,S2|S3,S2|S3
1786339413.627,c2,recommend,,0.0,26.76,14.03,4.0,,0,,0,200.0,prior_fill,148,26.76,14.03,4.0,,26.76,14.03,4.0,,26.76,14.03,4.0,,2.544,0,S2|S3,sub_s23,S2|S3,S2|S3,S2|S3
1786339414.634,c1,reserve,,0.0,26.34,13.67,3.65,,0,,0,36.0,prior_fill,407,26.34,13.67,3.65,,26.34,13.67,3.65,,26.34,13.67,3.65,,9.705,0,S2|S3,sub_s23,S2|S3,S2|S3,S2|S3
1786339414.634,c1,search,,0.0,31.1,20.71,10.98,,0,,0,4474.0,prior_fill,606,31.1,20.71,10.98,,31.1,20.71,10.98,,31.1,20.71,10.98,,9.705,0,S2|S3,sub_s23,S2|S3,S2|S3,S2|S3
1786339414.634,c1,recommend,,0.0,26.76,14.03,4.0,,0,,0,200.0,prior_fill,805,26.76,14.03,4.0,,26.76,14.03,4.0,,26.76,14.03,4.0,,9.705,0,S2|S3,sub_s23,S2|S3,S2|S3,S2|S3
1786339414.634,c2,reserve,,0.0,26.34,13.67,3.65,,0,,0,36.0,prior_fill,407,26.34,13.67,3.65,,26.34,13.67,3.65,,26.34,13.67,3.65,,9.705,0,S2|S3,sub_s23,S2|S3,S2|S3,S2|S3
1786339414.634,c2,search,,0.0,31.1,20.71,10.98,,0,,0,4474.0,prior_fill,606,31.1,20.71,10.98,,31.1,20.71,10.98,,31.1,20.71,10.98,,9.705,0,S2|S3,sub_s23,S2|S3,S2|S3,S2|S3
1786339414.634,c2,recommend,,0.0,26.76,14.03,4.0,,0,,0,200.0,prior_fill,805,26.76,14.03,4.0,,26.76,14.03,4.0,,26.76,14.03,4.0,,9.705,0,S2|S3,sub_s23,S2|S3,S2|S3,S2|S3
1786339415.634,c1,reserve,,0.0,26.34,3.69,3.29,,0,,0,36.0,obs,636,26.34,13.67,3.65,,26.34,13.67,3.65,,26.34,3.69,3.29,,9.4,0,S2|S3,sub_s23,S2|S3,S2|S3,S2|S3
1786339415.634,c1,search,,0.0,31.1,1.51,10.06,,0,,0,4474.0,obs,955,31.1,20.71,10.98,,31.1,20.71,10.98,,31.1,1.51,10.06,,9.4,0,S2|S3,sub_s23,S2|S3,S2|S3,S2|S3
1786339415.634,c1,recommend,,0.0,26.76,5.75,3.85,,0,,0,200.0,obs,1264,26.76,14.03,4.0,,26.76,14.03,4.0,,26.76,5.75,3.85,,9.4,0,S2|S3,sub_s23,S2|S3,S2|S3,S2|S3
1786339415.634,c2,reserve,,0.0,26.34,3.69,3.29,,0,,0,36.0,obs,636,26.34,13.67,3.65,,26.34,13.67,3.65,,26.34,3.69,3.29,,9.4,0,S2|S3,sub_s23,S2|S3,S2|S3,S2|S3
1786339415.634,c2,search,,0.0,31.1,1.51,10.06,,0,,0,4474.0,obs,955,31.1,20.71,10.98,,31.1,20.71,10.98,,31.1,1.51,10.06,,9.4,0,S2|S3,sub_s23,S2|S3,S2|S3,S2|S3
1786339415.634,c2,recommend,,0.0,26.76,5.75,3.85,,0,,0,200.0,obs,1264,26.76,14.03,4.0,,26.76,14.03,4.0,,26.76,5.75,3.85,,9.4,0,S2|S3,sub_s23,S2|S3,S2|S3,S2|S3
1786339416.634,c1,reserve,,0.0,26.34,6.33,3.47,,0,,0,36.0,obs,612,26.34,13.67,3.65,,26.34,13.67,3.65,,26.34,6.33,3.47,,9.884,0,S2|S3,sub_s23,S2|S3,S2|S3,S2|S3
1786339416.634,c1,search,,0.0,31.1,7.66,10.65,,0,,0,4474.0,obs,913,31.1,20.71,10.98,,31.1,20.71,10.98,,31.1,7.66,10.65,,9.884,0,S2|S3,sub_s23,S2|S3,S2|S3,S2|S3
1786339416.634,c1,recommend,,0.0,26.76,8.82,3.91,,0,,0,200.0,obs,1224,26.76,14.03,4.0,,26.76,14.03,4.0,,26.76,8.82,3.91,,9.884,0,S2|S3,sub_s23,S2|S3,S2|S3,S2|S3
1786339416.634,c2,reserve,,0.0,26.34,6.33,3.47,,0,,0,36.0,obs,612,26.34,13.67,3.65,,26.34,13.67,3.65,,26.34,6.33,3.47,,9.884,0,S2|S3,sub_s23,S2|S3,S2|S3,S2|S3
1786339416.634,c2,search,,0.0,31.1,7.66,10.65,,0,,0,4474.0,obs,913,31.1,20.71,10.98,,31.1,20.71,10.98,,31.1,7.66,10.65,,9.884,0,S2|S3,sub_s23,S2|S3,S2|S3,S2|S3
1786339416.634,c2,recommend,,0.0,26.76,8.82,3.91,,0,,0,200.0,obs,1224,26.76,14.03,4.0,,26.76,14.03,4.0,,26.76,8.82,3.91,,9.884,0,S2|S3,sub_s23,S2|S3,S2|S3,S2|S3
1786339417.634,c1,reserve,,0.0,26.34,7.32,3.51,,0,,0,36.0,obs,612,26.34,13.67,3.65,,26.34,13.67,3.65,,26.34,7.32,3.51,,9.765,0,S2|S3,sub_s23,S2|S3,S2|S3,S2|S3
1786339417.634,c1,search,,0.0,31.1,8.21,10.64,,0,,0,4474.0,obs,918,31.1,20.71,10.98,,31.1,20.71,10.98,,31.1,8.21,10.64,,9.765,0,S2|S3,sub_s23,S2|S3,S2|S3,S2|S3
1786339417.634,c1,recommend,,0.0,26.76,8.88,3.86,,0,,0,200.0,obs,1224,26.76,14.03,4.0,,26.76,14.03,4.0,,26.76,8.88,3.86,,9.765,0,S2|S3,sub_s23,S2|S3,S2|S3,S2|S3
1786339417.634,c2,reserve,,0.0,26.34,7.32,3.51,,0,,0,36.0,obs,612,26.34,13.67,3.65,,26.34,13.67,3.65,,26.34,7.32,3.51,,9.765,0,S2|S3,sub_s23,S2|S3,S2|S3,S2|S3
1786339417.634,c2,search,,0.0,31.1,8.21,10.64,,0,,0,4474.0,obs,918,31.1,20.71,10.98,,31.1,20.71,10.98,,31.1,8.21,10.64,,9.765,0,S2|S3,sub_s23,S2|S3,S2|S3,S2|S3
1786339417.634,c2,recommend,,0.0,26.76,8.88,3.86,,0,,0,200.0,obs,1224,26.76,14.03,4.0,,26.76,14.03,4.0,,26.76,8.88,3.86,,9.765,0,S2|S3,sub_s23,S2|S3,S2|S3,S2|S3
1786339418.633,c1,reserve,,0.0,26.34,7.39,3.72,,0,,0,36.0,obs,610,26.34,13.67,3.65,,26.34,13.67,3.65,,26.34,7.39,3.72,,9.216,0,S2|S3,sub_s23,S2|S3,S2|S3,S2|S3
1786339418.633,c1,search,,0.0,31.1,7.55,10.64,,0,,0,4474.0,obs,915,31.1,20.71,10.98,,31.1,20.71,10.98,,31.1,7.55,10.64,,9.216,0,S2|S3,sub_s23,S2|S3,S2|S3,S2|S3
1786339418.633,c1,recommend,,0.0,26.76,8.74,3.93,,0,,0,200.0,obs,1231,26.76,14.03,4.0,,26.76,14.03,4.0,,26.76,8.74,3.93,,9.216,0,S2|S3,sub_s23,S2|S3,S2|S3,S2|S3
1786339418.633,c2,reserve,,0.0,26.34,7.39,3.72,,0,,0,36.0,obs,610,26.34,13.67,3.65,,26.34,13.67,3.65,,26.34,7.39,3.72,,9.216,0,S2|S3,sub_s23,S2|S3,S2|S3,S2|S3
1786339418.633,c2,search,,0.0,31.1,7.55,10.64,,0,,0,4474.0,obs,915,31.1,20.71,10.98,,31.1,20.71,10.98,,31.1,7.55,10.64,,9.216,0,S2|S3,sub_s23,S2|S3,S2|S3,S2|S3
1786339418.633,c2,recommend,,0.0,26.76,8.74,3.93,,0,,0,200.0,obs,1231,26.76,14.03,4.0,,26.76,14.03,4.0,,26.76,8.74,3.93,,9.216,0,S2|S3,sub_s23,S2|S3,S2|S3,S2|S3
1786339419.633,c1,reserve,,0.0,26.34,5.83,3.72,,0,,0,36.0,obs,616,26.34,13.67,3.65,,26.34,13.67,3.65,,26.34,5.83,3.72,,9.3,0,S2|S3,sub_s23,S2|S3,S2|S3,S2|S3
1786339419.633,c1,search,,0.0,31.1,7.14,10.45,,0,,0,4474.0,obs,913,31.1,20.71,10.98,,31.1,20.71,10.98,,31.1,7.14,10.45,,9.3,0,S2|S3,sub_s23,S2|S3,S2|S3,S2|S3
1786339419.633,c1,recommend,,0.0,26.76,7.85,3.88,,0,,0,200.0,obs,1225,26.76,14.03,4.0,,26.76,14.03,4.0,,26.76,7.85,3.88,,9.3,0,S2|S3,sub_s23,S2|S3,S2|S3,S2|S3
1786339419.633,c2,reserve,,0.0,26.34,5.83,3.72,,0,,0,36.0,obs,616,26.34,13.67,3.65,,26.34,13.67,3.65,,26.34,5.83,3.72,,9.3,0,S2|S3,sub_s23,S2|S3,S2|S3,S2|S3
1786339419.633,c2,search,,0.0,31.1,7.14,10.45,,0,,0,4474.0,obs,913,31.1,20.71,10.98,,31.1,20.71,10.98,,31.1,7.14,10.45,,9.3,0,S2|S3,sub_s23,S2|S3,S2|S3,S2|S3
1786339419.633,c2,recommend,,0.0,26.76,7.85,3.88,,0,,0,200.0,obs,1225,26.76,14.03,4.0,,26.76,14.03,4.0,,26.76,7.85,3.88,,9.3,0,S2|S3,sub_s23,S2|S3,S2|S3,S2|S3
1786339420.634,c1,reserve,,0.0,26.34,6.28,3.52,,0,,0,36.0,obs,614,26.34,13.67,3.65,,26.34,13.67,3.65,,26.34,6.28,3.52,,9.431,0,S2|S3,sub_s23,S2|S3,S2|S3,S2|S3
1786339420.634,c1,search,,0.0,31.1,8.06,10.45,,0,,0,4474.0,obs,919,31.1,20.71,10.98,,31.1,20.71,10.98,,31.1,8.06,10.45,,9.431,0,S2|S3,sub_s23,S2|S3,S2|S3,S2|S3
1786339420.634,c1,recommend,,0.0,26.76,8.83,3.88,,0,,0,200.0,obs,1229,26.76,14.03,4.0,,26.76,14.03,4.0,,26.76,8.83,3.88,,9.431,0,S2|S3,sub_s23,S2|S3,S2|S3,S2|S3
1786339420.634,c2,reserve,,0.0,26.34,6.28,3.52,,0,,0,36.0,obs,614,26.34,13.67,3.65,,26.34,13.67,3.65,,26.34,6.28,3.52,,9.431,0,S2|S3,sub_s23,S2|S3,S2|S3,S2|S3
1786339420.634,c2,search,,0.0,31.1,8.06,10.45,,0,,0,4474.0,obs,919,31.1,20.71,10.98,,31.1,20.71,10.98,,31.1,8.06,10.45,,9.431,0,S2|S3,sub_s23,S2|S3,S2|S3,S2|S3
1786339420.634,c2,recommend,,0.0,26.76,8.83,3.88,,0,,0,200.0,obs,1229,26.76,14.03,4.0,,26.76,14.03,4.0,,26.76,8.83,3.88,,9.431,0,S2|S3,sub_s23,S2|S3,S2|S3,S2|S3
1786339421.634,c1,reserve,,0.0,26.34,7.44,3.62,,0,,0,36.0,obs,614,26.34,13.67,3.65,,26.34,13.67,3.65,,26.34,7.44,3.62,,9.4,0,S2|S3,sub_s23,S2|S3,S2|S3,S2|S3
1786339421.634,c1,search,,0.0,31.1,8.89,10.6,,0,,0,4474.0,obs,916,31.1,20.71,10.98,,31.1,20.71,10.98,,31.1,8.89,10.6,,9.4,0,S2|S3,sub_s23,S2|S3,S2|S3,S2|S3
1786339421.634,c1,recommend,,0.0,26.76,9.58,3.93,,0,,0,200.0,obs,1230,26.76,14.03,4.0,,26.76,14.03,4.0,,26.76,9.58,3.93,,9.4,0,S2|S3,sub_s23,S2|S3,S2|S3,S2|S3
1786339421.634,c2,reserve,,0.0,26.34,7.44,3.62,,0,,0,36.0,obs,614,26.34,13.67,3.65,,26.34,13.67,3.65,,26.34,7.44,3.62,,9.4,0,S2|S3,sub_s23,S2|S3,S2|S3,S2|S3
1786339421.634,c2,search,,0.0,31.1,8.89,10.6,,0,,0,4474.0,obs,916,31.1,20.71,10.98,,31.1,20.71,10.98,,31.1,8.89,10.6,,9.4,0,S2|S3,sub_s23,S2|S3,S2|S3,S2|S3
1786339421.634,c2,recommend,,0.0,26.76,9.58,3.93,,0,,0,200.0,obs,1230,26.76,14.03,4.0,,26.76,14.03,4.0,,26.76,9.58,3.93,,9.4,0,S2|S3,sub_s23,S2|S3,S2|S3,S2|S3
1786339422.634,c1,reserve,,0.0,26.34,6.77,3.73,,0,,0,36.0,obs,613,26.34,13.67,3.65,,26.34,13.67,3.65,,26.34,6.77,3.73,,9.407,0,S2|S3,sub_s23,S2|S3,S2|S3,S2|S3
1786339422.634,c1,search,,0.0,31.1,8.69,10.69,,0,,0,4474.0,obs,920,31.1,20.71,10.98,,31.1,20.71,10.98,,31.1,8.69,10.69,,9.407,0,S2|S3,sub_s23,S2|S3,S2|S3,S2|S3
1786339422.634,c1,recommend,,0.0,26.76,9.55,3.98,,0,,0,200.0,obs,1234,26.76,14.03,4.0,,26.76,14.03,4.0,,26.76,9.55,3.98,,9.407,0,S2|S3,sub_s23,S2|S3,S2|S3,S2|S3
1786339422.634,c2,reserve,,0.0,26.34,6.77,3.73,,0,,0,36.0,obs,613,26.34,13.67,3.65,,26.34,13.67,3.65,,26.34,6.77,3.73,,9.407,0,S2|S3,sub_s23,S2|S3,S2|S3,S2|S3
1786339422.634,c2,search,,0.0,31.1,8.69,10.69,,0,,0,4474.0,obs,920,31.1,20.71,10.98,,31.1,20.71,10.98,,31.1,8.69,10.69,,9.407,0,S2|S3,sub_s23,S2|S3,S2|S3,S2|S3
1786339422.634,c2,recommend,,0.0,26.76,9.55,3.98,,0,,0,200.0,obs,1234,26.76,14.03,4.0,,26.76,14.03,4.0,,26.76,9.55,3.98,,9.407,0,S2|S3,sub_s23,S2|S3,S2|S3,S2|S3
1786339423.634,c1,reserve,,0.0,26.34,7.37,3.53,,0,,0,36.0,obs,614,26.34,13.67,3.65,,26.34,13.67,3.65,,26.34,7.37,3.53,,9.497,0,S2|S3,sub_s23,S2|S3,S2|S3,S2|S3
1786339423.634,c1,search,,0.0,31.1,8.71,10.68,,0,,0,4474.0,obs,918,31.1,20.71,10.98,,31.1,20.71,10.98,,31.1,8.71,10.68,,9.497,0,S2|S3,sub_s23,S2|S3,S2|S3,S2|S3
1786339423.634,c1,recommend,,0.0,26.76,9.31,3.91,,0,,0,200.0,obs,1234,26.76,14.03,4.0,,26.76,14.03,4.0,,26.76,9.31,3.91,,9.497,0,S2|S3,sub_s23,S2|S3,S2|S3,S2|S3
1786339423.634,c2,reserve,,0.0,26.34,7.37,3.53,,0,,0,36.0,obs,614,26.34,13.67,3.65,,26.34,13.67,3.65,,26.34,7.37,3.53,,9.497,0,S2|S3,sub_s23,S2|S3,S2|S3,S2|S3
1786339423.634,c2,search,,0.0,31.1,8.71,10.68,,0,,0,4474.0,obs,918,31.1,20.71,10.98,,31.1,20.71,10.98,,31.1,8.71,10.68,,9.497,0,S2|S3,sub_s23,S2|S3,S2|S3,S2|S3
1786339423.634,c2,recommend,,0.0,26.76,9.31,3.91,,0,,0,200.0,obs,1234,26.76,14.03,4.0,,26.76,14.03,4.0,,26.76,9.31,3.91,,9.497,0,S2|S3,sub_s23,S2|S3,S2|S3,S2|S3
1786339424.634,c1,reserve,,0.0,26.34,7.37,3.27,,0,,0,36.0,obs,616,26.34,13.67,3.65,,26.34,13.67,3.65,,26.34,7.37,3.27,,9.457,0,S2|S3,sub_s23,S2|S3,S2|S3,S2|S3
1786339424.634,c1,search,,0.0,31.1,8.71,10.68,,0,,0,4474.0,obs,921,31.1,20.71,10.98,,31.1,20.71,10.98,,31.1,8.71,10.68,,9.457,0,S2|S3,sub_s23,S2|S3,S2|S3,S2|S3
1786339424.634,c1,recommend,,0.0,26.76,8.86,3.98,,0,,0,200.0,obs,1229,26.76,14.03,4.0,,26.76,14.03,4.0,,26.76,8.86,3.98,,9.457,0,S2|S3,sub_s23,S2|S3,S2|S3,S2|S3
1786339424.634,c2,reserve,,0.0,26.34,7.37,3.27,,0,,0,36.0,obs,616,26.34,13.67,3.65,,26.34,13.67,3.65,,26.34,7.37,3.27,,9.457,0,S2|S3,sub_s23,S2|S3,S2|S3,S2|S3
1786339424.634,c2,search,,0.0,31.1,8.71,10.68,,0,,0,4474.0,obs,921,31.1,20.71,10.98,,31.1,20.71,10.98,,31.1,8.71,10.68,,9.457,0,S2|S3,sub_s23,S2|S3,S2|S3,S2|S3
1786339424.634,c2,recommend,,0.0,26.76,8.86,3.98,,0,,0,200.0,obs,1229,26.76,14.03,4.0,,26.76,14.03,4.0,,26.76,8.86,3.98,,9.457,0,S2|S3,sub_s23,S2|S3,S2|S3,S2|S3
1786339425.634,c1,reserve,,0.0,26.34,7.37,3.66,,0,,0,36.0,obs,614,26.34,13.67,3.65,,26.34,13.67,3.65,,26.34,7.37,3.66,,10.063,0,S2|S3,sub_s23,S2|S3,S2|S3,S2|S3
1786339425.634,c1,search,,0.0,31.1,8.32,10.69,,0,,0,4474.0,obs,921,31.1,20.71,10.98,,31.1,20.71,10.98,,31.1,8.32,10.69,,10.063,0,S2|S3,sub_s23,S2|S3,S2|S3,S2|S3
1786339425.634,c1,recommend,,0.0,26.76,9.39,3.95,,0,,0,200.0,obs,1239,26.76,14.03,4.0,,26.76,14.03,4.0,,26.76,9.39,3.95,,10.063,0,S2|S3,sub_s23,S2|S3,S2|S3,S2|S3
1786339425.634,c2,reserve,,0.0,26.34,7.37,3.66,,0,,0,36.0,obs,614,26.34,13.67,3.65,,26.34,13.67,3.65,,26.34,7.37,3.66,,10.063,0,S2|S3,sub_s23,S2|S3,S2|S3,S2|S3
1786339425.634,c2,search,,0.0,31.1,8.32,10.69,,0,,0,4474.0,obs,921,31.1,20.71,10.98,,31.1,20.71,10.98,,31.1,8.32,10.69,,10.063,0,S2|S3,sub_s23,S2|S3,S2|S3,S2|S3
1786339425.634,c2,recommend,,0.0,26.76,9.39,3.95,,0,,0,200.0,obs,1239,26.76,14.03,4.0,,26.76,14.03,4.0,,26.76,9.39,3.95,,10.063,0,S2|S3,sub_s23,S2|S3,S2|S3,S2|S3
1786339426.634,c1,reserve,,0.0,26.34,7.93,3.56,,0,,0,36.0,obs,619,26.34,13.67,3.65,,26.34,13.67,3.65,,26.34,7.93,3.56,,9.476,0,S2|S3,sub_s23,S2|S3,S2|S3,S2|S3
1786339426.634,c1,search,,0.0,31.1,7.03,10.61,,0,,0,4474.0,obs,920,31.1,20.71,10.98,,31.1,20.71,10.98,,31.1,7.03,10.61,,9.476,0,S2|S3,sub_s23,S2|S3,S2|S3,S2|S3
1786339426.634,c1,recommend,,0.0,26.76,9.25,3.89,,0,,0,200.0,obs,1234,26.76,14.03,4.0,,26.76,14.03,4.0,,26.76,9.25,3.89,,9.476,0,S2|S3,sub_s23,S2|S3,S2|S3,S2|S3
1786339426.634,c2,reserve,,0.0,26.34,7.93,3.56,,0,,0,36.0,obs,619,26.34,13.67,3.65,,26.34,13.67,3.65,,26.34,7.93,3.56,,9.476,0,S2|S3,sub_s23,S2|S3,S2|S3,S2|S3
1786339426.634,c2,search,,0.0,31.1,7.03,10.61,,0,,0,4474.0,obs,920,31.1,20.71,10.98,,31.1,20.71,10.98,,31.1,7.03,10.61,,9.476,0,S2|S3,sub_s23,S2|S3,S2|S3,S2|S3
1786339426.634,c2,recommend,,0.0,26.76,9.25,3.89,,0,,0,200.0,obs,1234,26.76,14.03,4.0,,26.76,14.03,4.0,,26.76,9.25,3.89,,9.476,0,S2|S3,sub_s23,S2|S3,S2|S3,S2|S3
1786339427.633,c1,reserve,,0.0,26.34,7.19,3.53,,0,,0,36.0,obs,584,26.34,13.67,3.65,,26.34,13.67,3.65,,26.34,7.19,3.53,,8.483,0,S2|S3,sub_s23,S2|S3,S2|S3,S2|S3
1786339427.633,c1,search,,0.0,31.1,6.51,10.52,,0,,0,4474.0,obs,878,31.1,20.71,10.98,,31.1,20.71,10.98,,31.1,6.51,10.52,,8.483,0,S2|S3,sub_s23,S2|S3,S2|S3,S2|S3
1786339427.633,c1,recommend,,0.0,26.76,8.8,3.89,,0,,0,200.0,obs,1172,26.76,14.03,4.0,,26.76,14.03,4.0,,26.76,8.8,3.89,,8.483,0,S2|S3,sub_s23,S2|S3,S2|S3,S2|S3
1786339427.633,c2,reserve,,0.0,26.34,7.19,3.53,,0,,0,36.0,obs,584,26.34,13.67,3.65,,26.34,13.67,3.65,,26.34,7.19,3.53,,8.483,0,S2|S3,sub_s23,S2|S3,S2|S3,S2|S3
1786339427.633,c2,search,,0.0,31.1,6.51,10.52,,0,,0,4474.0,obs,878,31.1,20.71,10.98,,31.1,20.71,10.98,,31.1,6.51,10.52,,8.483,0,S2|S3,sub_s23,S2|S3,S2|S3,S2|S3
1786339427.633,c2,recommend,,0.0,26.76,8.8,3.89,,0,,0,200.0,obs,1172,26.76,14.03,4.0,,26.76,14.03,4.0,,26.76,8.8,3.89,,8.483,0,S2|S3,sub_s23,S2|S3,S2|S3,S2|S3
1786339428.634,c1,reserve,,0.0,26.34,6.09,3.52,,0,,0,36.0,obs,584,26.34,13.67,3.65,,26.34,13.67,3.65,,26.34,6.09,3.52,,9.528,0,S2|S3,sub_s23,S2|S3,S2|S3,S2|S3
1786339428.634,c1,search,,0.0,31.1,7.65,10.11,,0,,0,4474.0,obs,875,31.1,20.71,10.98,,31.1,20.71,10.98,,31.1,7.65,10.11,,9.528,0,S2|S3,sub_s23,S2|S3,S2|S3,S2|S3
1786339428.634,c1,recommend,,0.0,26.76,8.26,3.8,,0,,0,200.0,obs,1177,26.76,14.03,4.0,,26.76,14.03,4.0,,26.76,8.26,3.8,,9.528,0,S2|S3,sub_s23,S2|S3,S2|S3,S2|S3
1786339428.634,c2,reserve,,0.0,26.34,6.09,3.52,,0,,0,36.0,obs,584,26.34,13.67,3.65,,26.34,13.67,3.65,,26.34,6.09,3.52,,9.528,0,S2|S3,sub_s23,S2|S3,S2|S3,S2|S3
1786339428.634,c2,search,,0.0,31.1,7.65,10.11,,0,,0,4474.0,obs,875,31.1,20.71,10.98,,31.1,20.71,10.98,,31.1,7.65,10.11,,9.528,0,S2|S3,sub_s23,S2|S3,S2|S3,S2|S3
1786339428.634,c2,recommend,,0.0,26.76,8.26,3.8,,0,,0,200.0,obs,1177,26.76,14.03,4.0,,26.76,14.03,4.0,,26.76,8.26,3.8,,9.528,0,S2|S3,sub_s23,S2|S3,S2|S3,S2|S3
1786339429.634,c1,reserve,,0.0,26.34,5.45,3.32,,0,,0,36.0,obs,588,26.34,13.67,3.65,,26.34,13.67,3.65,,26.34,5.45,3.32,,10.161,0,S2|S3,sub_s23,S2|S3,S2|S3,S2|S3
1786339429.634,c1,search,,0.0,31.1,4.95,9.18,,0,,0,4474.0,obs,877,31.1,20.71,10.98,,31.1,20.71,10.98,,31.1,4.95,9.18,,10.161,0,S2|S3,sub_s23,S2|S3,S2|S3,S2|S3
1786339429.634,c1,recommend,,0.0,26.76,6.59,3.64,,0,,0,200.0,obs,1168,26.76,14.03,4.0,,26.76,14.03,4.0,,26.76,6.59,3.64,,10.161,0,S2|S3,sub_s23,S2|S3,S2|S3,S2|S3
1786339429.634,c2,reserve,,0.0,26.34,5.45,3.32,,0,,0,36.0,obs,588,26.34,13.67,3.65,,26.34,13.67,3.65,,26.34,5.45,3.32,,10.161,0,S2|S3,sub_s23,S2|S3,S2|S3,S2|S3
1786339429.634,c2,search,,0.0,31.1,4.95,9.18,,0,,0,4474.0,obs,877,31.1,20.71,10.98,,31.1,20.71,10.98,,31.1,4.95,9.18,,10.161,0,S2|S3,sub_s23,S2|S3,S2|S3,S2|S3
1786339429.634,c2,recommend,,0.0,26.76,6.59,3.64,,0,,0,200.0,obs,1168,26.76,14.03,4.0,,26.76,14.03,4.0,,26.76,6.59,3.64,,10.161,0,S2|S3,sub_s23,S2|S3,S2|S3,S2|S3
1786339430.635,c1,reserve,,0.0,26.34,6.91,3.3,,0,,0,36.0,obs,584,26.34,13.67,3.65,,26.34,13.67,3.65,,26.34,6.91,3.3,,10.315,0,S2|S3,sub_s23,S2|S3,S2|S3,S2|S3
1786339430.635,c1,search,,0.0,31.1,4.95,9.68,,0,,0,4474.0,obs,876,31.1,20.71,10.98,,31.1,20.71,10.98,,31.1,4.95,9.68,,10.315,0,S2|S3,sub_s23,S2|S3,S2|S3,S2|S3
1786339430.635,c1,recommend,,0.0,26.76,6.93,3.74,,0,,0,200.0,obs,1175,26.76,14.03,4.0,,26.76,14.03,4.0,,26.76,6.93,3.74,,10.315,0,S2|S3,sub_s23,S2|S3,S2|S3,S2|S3
1786339430.635,c2,reserve,,0.0,26.34,6.91,3.3,,0,,0,36.0,obs,584,26.34,13.67,3.65,,26.34,13.67,3.65,,26.34,6.91,3.3,,10.315,0,S2|S3,sub_s23,S2|S3,S2|S3,S2|S3
1786339430.635,c2,search,,0.0,31.1,4.95,9.68,,0,,0,4474.0,obs,876,31.1,20.71,10.98,,31.1,20.71,10.98,,31.1,4.95,9.68,,10.315,0,S2|S3,sub_s23,S2|S3,S2|S3,S2|S3
1786339430.635,c2,recommend,,0.0,26.76,6.93,3.74,,0,,0,200.0,obs,1175,26.76,14.03,4.0,,26.76,14.03,4.0,,26.76,6.93,3.74,,10.315,0,S2|S3,sub_s23,S2|S3,S2|S3,S2|S3
1786339431.635,c1,reserve,,0.0,26.34,7.45,3.14,,0,,0,36.0,obs,589,26.34,13.67,3.65,,26.34,13.67,3.65,,26.34,7.45,3.14,,10.186,0,S2|S3,sub_s23,S2|S3,S2|S3,S2|S3
1786339431.635,c1,search,,0.0,31.1,7.06,10.26,,0,,0,4474.0,obs,875,31.1,20.71,10.98,,31.1,20.71,10.98,,31.1,7.06,10.26,,10.186,0,S2|S3,sub_s23,S2|S3,S2|S3,S2|S3
1786339431.635,c1,recommend,,0.0,26.76,8.48,3.74,,0,,0,200.0,obs,1172,26.76,14.03,4.0,,26.76,14.03,4.0,,26.76,8.48,3.74,,10.186,0,S2|S3,sub_s23,S2|S3,S2|S3,S2|S3
1786339431.635,c2,reserve,,0.0,26.34,7.45,3.14,,0,,0,36.0,obs,589,26.34,13.67,3.65,,26.34,13.67,3.65,,26.34,7.45,3.14,,10.186,0,S2|S3,sub_s23,S2|S3,S2|S3,S2|S3
1786339431.635,c2,search,,0.0,31.1,7.06,10.26,,0,,0,4474.0,obs,875,31.1,20.71,10.98,,31.1,20.71,10.98,,31.1,7.06,10.26,,10.186,0,S2|S3,sub_s23,S2|S3,S2|S3,S2|S3
1786339431.635,c2,recommend,,0.0,26.76,8.48,3.74,,0,,0,200.0,obs,1172,26.76,14.03,4.0,,26.76,14.03,4.0,,26.76,8.48,3.74,,10.186,0,S2|S3,sub_s23,S2|S3,S2|S3,S2|S3
1786339432.635,c1,reserve,,0.0,26.34,7.71,3.23,,0,,0,36.0,obs,583,26.34,13.67,3.65,,26.34,13.67,3.65,,26.34,7.71,3.23,,10.303,0,S2|S3,sub_s23,S2|S3,S2|S3,S2|S3
1786339432.635,c1,search,,0.0,31.1,5.66,10.16,,0,,0,4474.0,obs,875,31.1,20.71,10.98,,31.1,20.71,10.98,,31.1,5.66,10.16,,10.303,0,S2|S3,sub_s23,S2|S3,S2|S3,S2|S3
1786339432.635,c1,recommend,,0.0,26.76,8.48,3.69,,0,,0,200.0,obs,1180,26.76,14.03,4.0,,26.76,14.03,4.0,,26.76,8.48,3.69,,10.303,0,S2|S3,sub_s23,S2|S3,S2|S3,S2|S3
1786339432.635,c2,reserve,,0.0,26.34,7.71,3.23,,0,,0,36.0,obs,583,26.34,13.67,3.65,,26.34,13.67,3.65,,26.34,7.71,3.23,,10.303,0,S2|S3,sub_s23,S2|S3,S2|S3,S2|S3
1786339432.635,c2,search,,0.0,31.1,5.66,10.16,,0,,0,4474.0,obs,875,31.1,20.71,10.98,,31.1,20.71,10.98,,31.1,5.66,10.16,,10.303,0,S2|S3,sub_s23,S2|S3,S2|S3,S2|S3
1786339432.635,c2,recommend,,0.0,26.76,8.48,3.69,,0,,0,200.0,obs,1180,26.76,14.03,4.0,,26.76,14.03,4.0,,26.76,8.48,3.69,,10.303,0,S2|S3,sub_s23,S2|S3,S2|S3,S2|S3
1786339433.635,c1,reserve,,0.0,26.34,8.29,3.54,,0,,0,36.0,obs,589,26.34,13.67,3.65,,26.34,13.67,3.65,,26.34,8.29,3.54,,10.292,0,S2|S3,sub_s23,S2|S3,S2|S3,S2|S3
1786339433.635,c1,search,,0.0,31.1,6.05,10.27,,0,,0,4474.0,obs,875,31.1,20.71,10.98,,31.1,20.71,10.98,,31.1,6.05,10.27,,10.292,0,S2|S3,sub_s23,S2|S3,S2|S3,S2|S3
1786339433.635,c1,recommend,,0.0,26.76,8.82,3.64,,0,,0,200.0,obs,1174,26.76,14.03,4.0,,26.76,14.03,4.0,,26.76,8.82,3.64,,10.292,0,S2|S3,sub_s23,S2|S3,S2|S3,S2|S3
1786339433.635,c2,reserve,,0.0,26.34,8.29,3.54,,0,,0,36.0,obs,589,26.34,13.67,3.65,,26.34,13.67,3.65,,26.34,8.29,3.54,,10.292,0,S2|S3,sub_s23,S2|S3,S2|S3,S2|S3
1786339433.635,c2,search,,0.0,31.1,6.05,10.27,,0,,0,4474.0,obs,875,31.1,20.71,10.98,,31.1,20.71,10.98,,31.1,6.05,10.27,,10.292,0,S2|S3,sub_s23,S2|S3,S2|S3,S2|S3
1786339433.635,c2,recommend,,0.0,26.76,8.82,3.64,,0,,0,200.0,obs,1174,26.76,14.03,4.0,,26.76,14.03,4.0,,26.76,8.82,3.64,,10.292,0,S2|S3,sub_s23,S2|S3,S2|S3,S2|S3
1786339434.635,c1,reserve,,0.0,26.34,8.33,3.61,,0,,0,36.0,obs,585,26.34,13.67,3.65,,26.34,13.67,3.65,,26.34,8.33,3.61,,10.133,0,S2|S3,sub_s23,S2|S3,S2|S3,S2|S3
1786339434.635,c1,search,,0.0,31.1,6.79,10.24,,0,,0,4474.0,obs,881,31.1,20.71,10.98,,31.1,20.71,10.98,,31.1,6.79,10.24,,10.133,0,S2|S3,sub_s23,S2|S3,S2|S3,S2|S3
1786339434.635,c1,recommend,,0.0,26.76,8.15,3.64,,0,,0,200.0,obs,1175,26.76,14.03,4.0,,26.76,14.03,4.0,,26.76,8.15,3.64,,10.133,0,S2|S3,sub_s23,S2|S3,S2|S3,S2|S3
1786339434.635,c2,reserve,,0.0,26.34,8.33,3.61,,0,,0,36.0,obs,585,26.34,13.67,3.65,,26.34,13.67,3.65,,26.34,8.33,3.61,,10.133,0,S2|S3,sub_s23,S2|S3,S2|S3,S2|S3
1786339434.635,c2,search,,0.0,31.1,6.79,10.24,,0,,0,4474.0,obs,881,31.1,20.71,10.98,,31.1,20.71,10.98,,31.1,6.79,10.24,,10.133,0,S2|S3,sub_s23,S2|S3,S2|S3,S2|S3
1786339434.635,c2,recommend,,0.0,26.76,8.15,3.64,,0,,0,200.0,obs,1175,26.76,14.03,4.0,,26.76,14.03,4.0,,26.76,8.15,3.64,,10.133,0,S2|S3,sub_s23,S2|S3,S2|S3,S2|S3
1786339435.635,c1,reserve,,0.0,26.34,7.77,3.39,,0,,0,36.0,obs,587,26.34,13.67,3.65,,26.34,13.67,3.65,,26.34,7.77,3.39,,10.107,0,S2|S3,sub_s23,S2|S3,S2|S3,S2|S3
1786339435.635,c1,search,,0.0,31.1,8.28,10.05,,0,,0,4474.0,obs,879,31.1,20.71,10.98,,31.1,20.71,10.98,,31.1,8.28,10.05,,10.107,0,S2|S3,sub_s23,S2|S3,S2|S3,S2|S3
1786339435.635,c1,recommend,,0.0,26.76,8.74,3.76,,0,,0,200.0,obs,1180,26.76,14.03,4.0,,26.76,14.03,4.0,,26.76,8.74,3.76,,10.107,0,S2|S3,sub_s23,S2|S3,S2|S3,S2|S3
1786339435.635,c2,reserve,,0.0,26.34,7.77,3.39,,0,,0,36.0,obs,587,26.34,13.67,3.65,,26.34,13.67,3.65,,26.34,7.77,3.39,,10.107,0,S2|S3,sub_s23,S2|S3,S2|S3,S2|S3
1786339435.635,c2,search,,0.0,31.1,8.28,10.05,,0,,0,4474.0,obs,879,31.1,20.71,10.98,,31.1,20.71,10.98,,31.1,8.28,10.05,,10.107,0,S2|S3,sub_s23,S2|S3,S2|S3,S2|S3
1786339435.635,c2,recommend,,0.0,26.76,8.74,3.76,,0,,0,200.0,obs,1180,26.76,14.03,4.0,,26.76,14.03,4.0,,26.76,8.74,3.76,,10.107,0,S2|S3,sub_s23,S2|S3,S2|S3,S2|S3
1786339436.635,c1,reserve,,0.0,26.34,7.31,2.98,,0,,0,36.0,obs,589,26.34,13.67,3.65,,26.34,13.67,3.65,,26.34,7.31,2.98,,10.359,0,S2|S3,sub_s23,S2|S3,S2|S3,S2|S3
1786339436.635,c1,search,,0.0,31.1,7.65,9.54,,0,,0,4474.0,obs,884,31.1,20.71,10.98,,31.1,20.71,10.98,,31.1,7.65,9.54,,10.359,0,S2|S3,sub_s23,S2|S3,S2|S3,S2|S3
1786339436.635,c1,recommend,,0.0,26.76,9.23,3.69,,0,,0,200.0,obs,1174,26.76,14.03,4.0,,26.76,14.03,4.0,,26.76,9.23,3.69,,10.359,0,S2|S3,sub_s23,S2|S3,S2|S3,S2|S3
1786339436.635,c2,reserve,,0.0,26.34,7.31,2.98,,0,,0,36.0,obs,589,26.34,13.67,3.65,,26.34,13.67,3.65,,26.34,7.31,2.98,,10.359,0,S2|S3,sub_s23,S2|S3,S2|S3,S2|S3
1786339436.635,c2,search,,0.0,31.1,7.65,9.54,,0,,0,4474.0,obs,884,31.1,20.71,10.98,,31.1,20.71,10.98,,31.1,7.65,9.54,,10.359,0,S2|S3,sub_s23,S2|S3,S2|S3,S2|S3
1786339436.635,c2,recommend,,0.0,26.76,9.23,3.69,,0,,0,200.0,obs,1174,26.76,14.03,4.0,,26.76,14.03,4.0,,26.76,9.23,3.69,,10.359,0,S2|S3,sub_s23,S2|S3,S2|S3,S2|S3
1786339437.635,c1,reserve,,0.0,26.34,7.77,2.99,,0,,0,36.0,obs,586,26.34,13.67,3.65,,26.34,13.67,3.65,,26.34,7.77,2.99,,10.215,0,S2|S3,sub_s23,S2|S3,S2|S3,S2|S3
1786339437.635,c1,search,,0.0,31.1,7.97,9.54,,0,,0,4474.0,obs,880,31.1,20.71,10.98,,31.1,20.71,10.98,,31.1,7.97,9.54,,10.215,0,S2|S3,sub_s23,S2|S3,S2|S3,S2|S3
1786339437.635,c1,recommend,,0.0,26.76,9.26,3.7,,0,,0,200.0,obs,1182,26.76,14.03,4.0,,26.76,14.03,4.0,,26.76,9.26,3.7,,10.215,0,S2|S3,sub_s23,S2|S3,S2|S3,S2|S3
1786339437.635,c2,reserve,,0.0,26.34,7.77,2.99,,0,,0,36.0,obs,586,26.34,13.67,3.65,,26.34,13.67,3.65,,26.34,7.77,2.99,,10.215,0,S2|S3,sub_s23,S2|S3,S2|S3,S2|S3
1786339437.635,c2,search,,0.0,31.1,7.97,9.54,,0,,0,4474.0,obs,880,31.1,20.71,10.98,,31.1,20.71,10.98,,31.1,7.97,9.54,,10.215,0,S2|S3,sub_s23,S2|S3,S2|S3,S2|S3
1786339437.635,c2,recommend,,0.0,26.76,9.26,3.7,,0,,0,200.0,obs,1182,26.76,14.03,4.0,,26.76,14.03,4.0,,26.76,9.26,3.7,,10.215,0,S2|S3,sub_s23,S2|S3,S2|S3,S2|S3
1786339438.635,c1,reserve,,0.0,26.34,8.24,3.38,,0,,0,36.0,obs,593,26.34,13.67,3.65,,26.34,13.67,3.65,,26.34,8.24,3.38,,9.494,0,S2|S3,sub_s23,S2|S3,S2|S3,S2|S3
1786339438.635,c1,search,,0.0,31.1,8.61,10.35,,0,,0,4474.0,obs,882,31.1,20.71,10.98,,31.1,20.71,10.98,,31.1,8.61,10.35,,9.494,0,S2|S3,sub_s23,S2|S3,S2|S3,S2|S3
1786339438.635,c1,recommend,,0.0,26.76,8.39,3.76,,0,,0,200.0,obs,1177,26.76,14.03,4.0,,26.76,14.03,4.0,,26.76,8.39,3.76,,9.494,0,S2|S3,sub_s23,S2|S3,S2|S3,S2|S3
1786339438.635,c2,reserve,,0.0,26.34,8.24,3.38,,0,,0,36.0,obs,593,26.34,13.67,3.65,,26.34,13.67,3.65,,26.34,8.24,3.38,,9.494,0,S2|S3,sub_s23,S2|S3,S2|S3,S2|S3
1786339438.635,c2,search,,0.0,31.1,8.61,10.35,,0,,0,4474.0,obs,882,31.1,20.71,10.98,,31.1,20.71,10.98,,31.1,8.61,10.35,,9.494,0,S2|S3,sub_s23,S2|S3,S2|S3,S2|S3
1786339438.635,c2,recommend,,0.0,26.76,8.39,3.76,,0,,0,200.0,obs,1177,26.76,14.03,4.0,,26.76,14.03,4.0,,26.76,8.39,3.76,,9.494,0,S2|S3,sub_s23,S2|S3,S2|S3,S2|S3
1786339439.635,c1,reserve,,0.0,26.34,7.31,3.43,,0,,0,36.0,obs,587,26.34,13.67,3.65,,26.34,13.67,3.65,,26.34,7.31,3.43,,10.31,0,S2|S3,sub_s23,S2|S3,S2|S3,S2|S3
1786339439.635,c1,search,,0.0,31.1,8.16,10.34,,0,,0,4474.0,obs,888,31.1,20.71,10.98,,31.1,20.71,10.98,,31.1,8.16,10.34,,10.31,0,S2|S3,sub_s23,S2|S3,S2|S3,S2|S3
1786339439.635,c1,recommend,,0.0,26.76,8.08,3.7,,0,,0,200.0,obs,1184,26.76,14.03,4.0,,26.76,14.03,4.0,,26.76,8.08,3.7,,10.31,0,S2|S3,sub_s23,S2|S3,S2|S3,S2|S3
1786339439.635,c2,reserve,,0.0,26.34,7.31,3.43,,0,,0,36.0,obs,587,26.34,13.67,3.65,,26.34,13.67,3.65,,26.34,7.31,3.43,,10.31,0,S2|S3,sub_s23,S2|S3,S2|S3,S2|S3
1786339439.635,c2,search,,0.0,31.1,8.16,10.34,,0,,0,4474.0,obs,888,31.1,20.71,10.98,,31.1,20.71,10.98,,31.1,8.16,10.34,,10.31,0,S2|S3,sub_s23,S2|S3,S2|S3,S2|S3
1786339439.635,c2,recommend,,0.0,26.76,8.08,3.7,,0,,0,200.0,obs,1184,26.76,14.03,4.0,,26.76,14.03,4.0,,26.76,8.08,3.7,,10.31,0,S2|S3,sub_s23,S2|S3,S2|S3,S2|S3
1786339440.635,c1,reserve,,0.0,26.34,8.15,3.43,,0,,0,36.0,obs,593,26.34,13.67,3.65,,26.34,13.67,3.65,,26.34,8.15,3.43,,10.264,0,S2|S3,sub_s23,S2|S3,S2|S3,S2|S3
1786339440.635,c1,search,,0.0,31.1,6.88,10.15,,0,,0,4474.0,obs,881,31.1,20.71,10.98,,31.1,20.71,10.98,,31.1,6.88,10.15,,10.264,0,S2|S3,sub_s23,S2|S3,S2|S3,S2|S3
1786339440.635,c1,recommend,,0.0,26.76,9.26,3.66,,0,,0,200.0,obs,1178,26.76,14.03,4.0,,26.76,14.03,4.0,,26.76,9.26,3.66,,10.264,0,S2|S3,sub_s23,S2|S3,S2|S3,S2|S3
1786339440.635,c2,reserve,,0.0,26.34,8.15,3.43,,0,,0,36.0,obs,593,26.34,13.67,3.65,,26.34,13.67,3.65,,26.34,8.15,3.43,,10.264,0,S2|S3,sub_s23,S2|S3,S2|S3,S2|S3
1786339440.635,c2,search,,0.0,31.1,6.88,10.15,,0,,0,4474.0,obs,881,31.1,20.71,10.98,,31.1,20.71,10.98,,31.1,6.88,10.15,,10.264,0,S2|S3,sub_s23,S2|S3,S2|S3,S2|S3
1786339440.635,c2,recommend,,0.0,26.76,9.26,3.66,,0,,0,200.0,obs,1178,26.76,14.03,4.0,,26.76,14.03,4.0,,26.76,9.26,3.66,,10.264,0,S2|S3,sub_s23,S2|S3,S2|S3,S2|S3
1786339441.640,c1,reserve,,0.0,26.34,7.79,3.51,,0,,0,36.0,obs,587,26.34,13.67,3.65,,26.34,13.67,3.65,,26.34,7.79,3.51,,15.281,0,S2|S3,sub_s23,S2|S3,S2|S3,S2|S3
1786339441.640,c1,search,,0.0,31.1,7.64,10.08,,0,,0,4474.0,obs,887,31.1,20.71,10.98,,31.1,20.71,10.98,,31.1,7.64,10.08,,15.281,0,S2|S3,sub_s23,S2|S3,S2|S3,S2|S3
1786339441.640,c1,recommend,,0.0,26.76,9.15,3.71,,0,,0,200.0,obs,1184,26.76,14.03,4.0,,26.76,14.03,4.0,,26.76,9.15,3.71,,15.281,0,S2|S3,sub_s23,S2|S3,S2|S3,S2|S3
1786339441.640,c2,reserve,,0.0,26.34,7.79,3.51,,0,,0,36.0,obs,587,26.34,13.67,3.65,,26.34,13.67,3.65,,26.34,7.79,3.51,,15.281,0,S2|S3,sub_s23,S2|S3,S2|S3,S2|S3
1786339441.640,c2,search,,0.0,31.1,7.64,10.08,,0,,0,4474.0,obs,887,31.1,20.71,10.98,,31.1,20.71,10.98,,31.1,7.64,10.08,,15.281,0,S2|S3,sub_s23,S2|S3,S2|S3,S2|S3
1786339441.640,c2,recommend,,0.0,26.76,9.15,3.71,,0,,0,200.0,obs,1184,26.76,14.03,4.0,,26.76,14.03,4.0,,26.76,9.15,3.71,,15.281,0,S2|S3,sub_s23,S2|S3,S2|S3,S2|S3
1786339442.634,c1,reserve,,0.0,26.34,7.59,3.6,,0,,0,36.0,obs,590,26.34,13.67,3.65,,26.34,13.67,3.65,,26.34,7.59,3.6,,9.37,0,S2|S3,sub_s23,S2|S3,S2|S3,S2|S3
1786339442.634,c1,search,,0.0,31.1,8.03,10.39,,0,,0,4474.0,obs,879,31.1,20.71,10.98,,31.1,20.71,10.98,,31.1,8.03,10.39,,9.37,0,S2|S3,sub_s23,S2|S3,S2|S3,S2|S3
1786339442.634,c1,recommend,,0.0,26.76,9.44,3.74,,0,,0,200.0,obs,1184,26.76,14.03,4.0,,26.76,14.03,4.0,,26.76,9.44,3.74,,9.37,0,S2|S3,sub_s23,S2|S3,S2|S3,S2|S3
1786339442.634,c2,reserve,,0.0,26.34,7.59,3.6,,0,,0,36.0,obs,590,26.34,13.67,3.65,,26.34,13.67,3.65,,26.34,7.59,3.6,,9.37,0,S2|S3,sub_s23,S2|S3,S2|S3,S2|S3
1786339442.634,c2,search,,0.0,31.1,8.03,10.39,,0,,0,4474.0,obs,879,31.1,20.71,10.98,,31.1,20.71,10.98,,31.1,8.03,10.39,,9.37,0,S2|S3,sub_s23,S2|S3,S2|S3,S2|S3
1786339442.634,c2,recommend,,0.0,26.76,9.44,3.74,,0,,0,200.0,obs,1184,26.76,14.03,4.0,,26.76,14.03,4.0,,26.76,9.44,3.74,,9.37,0,S2|S3,sub_s23,S2|S3,S2|S3,S2|S3
1786339443.635,c1,reserve,,0.0,26.34,7.53,3.61,,0,,0,36.0,obs,590,26.34,13.67,3.65,,26.34,13.67,3.65,,26.34,7.53,3.61,,10.252,0,S2|S3,sub_s23,S2|S3,S2|S3,S2|S3
1786339443.635,c1,search,,0.0,31.1,8.62,10.11,,0,,0,4474.0,obs,884,31.1,20.71,10.98,,31.1,20.71,10.98,,31.1,8.62,10.11,,10.252,0,S2|S3,sub_s23,S2|S3,S2|S3,S2|S3
1786339443.635,c1,recommend,,0.0,26.76,9.29,3.74,,0,,0,200.0,obs,1180,26.76,14.03,4.0,,26.76,14.03,4.0,,26.76,9.29,3.74,,10.252,0,S2|S3,sub_s23,S2|S3,S2|S3,S2|S3
1786339443.635,c2,reserve,,0.0,26.34,7.53,3.61,,0,,0,36.0,obs,590,26.34,13.67,3.65,,26.34,13.67,3.65,,26.34,7.53,3.61,,10.252,0,S2|S3,sub_s23,S2|S3,S2|S3,S2|S3
1786339443.635,c2,search,,0.0,31.1,8.62,10.11,,0,,0,4474.0,obs,884,31.1,20.71,10.98,,31.1,20.71,10.98,,31.1,8.62,10.11,,10.252,0,S2|S3,sub_s23,S2|S3,S2|S3,S2|S3
1786339443.635,c2,recommend,,0.0,26.76,9.29,3.74,,0,,0,200.0,obs,1180,26.76,14.03,4.0,,26.76,14.03,4.0,,26.76,9.29,3.74,,10.252,0,S2|S3,sub_s23,S2|S3,S2|S3,S2|S3
1786339444.635,c1,reserve,,0.0,26.34,6.84,3.14,,0,,0,36.0,obs,588,26.34,13.67,3.65,,26.34,13.67,3.65,,26.34,6.84,3.14,,10.144,0,S2|S3,sub_s23,S2|S3,S2|S3,S2|S3
1786339444.635,c1,search,,0.0,31.1,6.81,9.73,,0,,0,4474.0,obs,885,31.1,20.71,10.98,,31.1,20.71,10.98,,31.1,6.81,9.73,,10.144,0,S2|S3,sub_s23,S2|S3,S2|S3,S2|S3
1786339444.635,c1,recommend,,0.0,26.76,8.47,3.66,,0,,0,200.0,obs,1185,26.76,14.03,4.0,,26.76,14.03,4.0,,26.76,8.47,3.66,,10.144,0,S2|S3,sub_s23,S2|S3,S2|S3,S2|S3
1786339444.635,c2,reserve,,0.0,26.34,6.84,3.14,,0,,0,36.0,obs,588,26.34,13.67,3.65,,26.34,13.67,3.65,,26.34,6.84,3.14,,10.144,0,S2|S3,sub_s23,S2|S3,S2|S3,S2|S3
1786339444.635,c2,search,,0.0,31.1,6.81,9.73,,0,,0,4474.0,obs,885,31.1,20.71,10.98,,31.1,20.71,10.98,,31.1,6.81,9.73,,10.144,0,S2|S3,sub_s23,S2|S3,S2|S3,S2|S3
1786339444.635,c2,recommend,,0.0,26.76,8.47,3.66,,0,,0,200.0,obs,1185,26.76,14.03,4.0,,26.76,14.03,4.0,,26.76,8.47,3.66,,10.144,0,S2|S3,sub_s23,S2|S3,S2|S3,S2|S3
1786339445.635,c1,reserve,,0.0,26.34,6.6,2.84,,0,,0,36.0,obs,594,26.34,13.67,3.65,,26.34,13.67,3.65,,26.34,6.6,2.84,,10.192,0,S2|S3,sub_s23,S2|S3,S2|S3,S2|S3
1786339445.635,c1,search,,0.0,31.1,6.93,9.58,,0,,0,4474.0,obs,884,31.1,20.71,10.98,,31.1,20.71,10.98,,31.1,6.93,9.58,,10.192,0,S2|S3,sub_s23,S2|S3,S2|S3,S2|S3
1786339445.635,c1,recommend,,0.0,26.76,8.53,3.67,,0,,0,200.0,obs,1179,26.76,14.03,4.0,,26.76,14.03,4.0,,26.76,8.53,3.67,,10.192,0,S2|S3,sub_s23,S2|S3,S2|S3,S2|S3
1786339445.635,c2,reserve,,0.0,26.34,6.6,2.84,,0,,0,36.0,obs,594,26.34,13.67,3.65,,26.34,13.67,3.65,,26.34,6.6,2.84,,10.192,0,S2|S3,sub_s23,S2|S3,S2|S3,S2|S3
1786339445.635,c2,search,,0.0,31.1,6.93,9.58,,0,,0,4474.0,obs,884,31.1,20.71,10.98,,31.1,20.71,10.98,,31.1,6.93,9.58,,10.192,0,S2|S3,sub_s23,S2|S3,S2|S3,S2|S3
1786339445.635,c2,recommend,,0.0,26.76,8.53,3.67,,0,,0,200.0,obs,1179,26.76,14.03,4.0,,26.76,14.03,4.0,,26.76,8.53,3.67,,10.192,0,S2|S3,sub_s23,S2|S3,S2|S3,S2|S3
1786339446.635,c1,reserve,,0.0,26.34,7.31,3.17,,0,,0,36.0,obs,591,26.34,13.67,3.65,,26.34,13.67,3.65,,26.34,7.31,3.17,,10.005,0,S2|S3,sub_s23,S2|S3,S2|S3,S2|S3
1786339446.635,c1,search,,0.0,31.1,7.8,10.03,,0,,0,4474.0,obs,887,31.1,20.71,10.98,,31.1,20.71,10.98,,31.1,7.8,10.03,,10.005,0,S2|S3,sub_s23,S2|S3,S2|S3,S2|S3
1786339446.635,c1,recommend,,0.0,26.76,8.81,3.66,,0,,0,200.0,obs,1190,26.76,14.03,4.0,,26.76,14.03,4.0,,26.76,8.81,3.66,,10.005,0,S2|S3,sub_s23,S2|S3,S2|S3,S2|S3
1786339446.635,c2,reserve,,0.0,26.34,7.31,3.17,,0,,0,36.0,obs,591,26.34,13.67,3.65,,26.34,13.67,3.65,,26.34,7.31,3.17,,10.005,0,S2|S3,sub_s23,S2|S3,S2|S3,S2|S3
1786339446.635,c2,search,,0.0,31.1,7.8,10.03,,0,,0,4474.0,obs,887,31.1,20.71,10.98,,31.1,20.71,10.98,,31.1,7.8,10.03,,10.005,0,S2|S3,sub_s23,S2|S3,S2|S3,S2|S3
1786339446.635,c2,recommend,,0.0,26.76,8.81,3.66,,0,,0,200.0,obs,1190,26.76,14.03,4.0,,26.76,14.03,4.0,,26.76,8.81,3.66,,10.005,0,S2|S3,sub_s23,S2|S3,S2|S3,S2|S3
1786339447.635,c1,reserve,,0.0,26.34,7.4,3.36,,0,,0,36.0,obs,596,26.34,13.67,3.65,,26.34,13.67,3.65,,26.34,7.4,3.36,,10.264,0,S2|S3,sub_s23,S2|S3,S2|S3,S2|S3
1786339447.635,c1,search,,0.0,31.1,8.5,9.84,,0,,0,4474.0,obs,885,31.1,20.71,10.98,,31.1,20.71,10.98,,31.1,8.5,9.84,,10.264,0,S2|S3,sub_s23,S2|S3,S2|S3,S2|S3
1786339447.635,c1,recommend,,0.0,26.76,8.76,3.67,,0,,0,200.0,obs,1182,26.76,14.03,4.0,,26.76,14.03,4.0,,26.76,8.76,3.67,,10.264,0,S2|S3,sub_s23,S2|S3,S2|S3,S2|S3
1786339447.635,c2,reserve,,0.0,26.34,7.4,3.36,,0,,0,36.0,obs,596,26.34,13.67,3.65,,26.34,13.67,3.65,,26.34,7.4,3.36,,10.264,0,S2|S3,sub_s23,S2|S3,S2|S3,S2|S3
1786339447.635,c2,search,,0.0,31.1,8.5,9.84,,0,,0,4474.0,obs,885,31.1,20.71,10.98,,31.1,20.71,10.98,,31.1,8.5,9.84,,10.264,0,S2|S3,sub_s23,S2|S3,S2|S3,S2|S3
1786339447.635,c2,recommend,,0.0,26.76,8.76,3.67,,0,,0,200.0,obs,1182,26.76,14.03,4.0,,26.76,14.03,4.0,,26.76,8.76,3.67,,10.264,0,S2|S3,sub_s23,S2|S3,S2|S3,S2|S3
1786339448.634,c1,reserve,,0.0,26.34,6.78,3.36,,0,,0,36.0,obs,588,26.34,13.67,3.65,,26.34,13.67,3.65,,26.34,6.78,3.36,,9.43,0,S2|S3,sub_s23,S2|S3,S2|S3,S2|S3
1786339448.634,c1,search,,0.0,31.1,8.51,9.91,,0,,0,4474.0,obs,888,31.1,20.71,10.98,,31.1,20.71,10.98,,31.1,8.51,9.91,,9.43,0,S2|S3,sub_s23,S2|S3,S2|S3,S2|S3
1786339448.634,c1,recommend,,0.0,26.76,8.76,3.64,,0,,0,200.0,obs,1189,26.76,14.03,4.0,,26.76,14.03,4.0,,26.76,8.76,3.64,,9.43,0,S2|S3,sub_s23,S2|S3,S2|S3,S2|S3
1786339448.634,c2,reserve,,0.0,26.34,6.78,3.36,,0,,0,36.0,obs,588,26.34,13.67,3.65,,26.34,13.67,3.65,,26.34,6.78,3.36,,9.43,0,S2|S3,sub_s23,S2|S3,S2|S3,S2|S3
1786339448.634,c2,search,,0.0,31.1,8.51,9.91,,0,,0,4474.0,obs,888,31.1,20.71,10.98,,31.1,20.71,10.98,,31.1,8.51,9.91,,9.43,0,S2|S3,sub_s23,S2|S3,S2|S3,S2|S3
1786339448.634,c2,recommend,,0.0,26.76,8.76,3.64,,0,,0,200.0,obs,1189,26.76,14.03,4.0,,26.76,14.03,4.0,,26.76,8.76,3.64,,9.43,0,S2|S3,sub_s23,S2|S3,S2|S3,S2|S3
1786339449.635,c1,reserve,,0.0,26.34,7.27,3.41,,0,,0,36.0,obs,594,26.34,13.67,3.65,,26.34,13.67,3.65,,26.34,7.27,3.41,,10.085,0,S2|S3,sub_s23,S2|S3,S2|S3,S2|S3
1786339449.635,c1,search,,0.0,31.1,6.6,10.44,,0,,0,4474.0,obs,884,31.1,20.71,10.98,,31.1,20.71,10.98,,31.1,6.6,10.44,,10.085,0,S2|S3,sub_s23,S2|S3,S2|S3,S2|S3
1786339449.635,c1,recommend,,0.0,26.76,7.75,3.68,,0,,0,200.0,obs,1190,26.76,14.03,4.0,,26.76,14.03,4.0,,26.76,7.75,3.68,,10.085,0,S2|S3,sub_s23,S2|S3,S2|S3,S2|S3
1786339449.635,c2,reserve,,0.0,26.34,7.27,3.41,,0,,0,36.0,obs,594,26.34,13.67,3.65,,26.34,13.67,3.65,,26.34,7.27,3.41,,10.085,0,S2|S3,sub_s23,S2|S3,S2|S3,S2|S3
1786339449.635,c2,search,,0.0,31.1,6.6,10.44,,0,,0,4474.0,obs,884,31.1,20.71,10.98,,31.1,20.71,10.98,,31.1,6.6,10.44,,10.085,0,S2|S3,sub_s23,S2|S3,S2|S3,S2|S3
1786339449.635,c2,recommend,,0.0,26.76,7.75,3.68,,0,,0,200.0,obs,1190,26.76,14.03,4.0,,26.76,14.03,4.0,,26.76,7.75,3.68,,10.085,0,S2|S3,sub_s23,S2|S3,S2|S3,S2|S3
1786339450.634,c1,reserve,,0.0,26.34,7.21,3.41,,0,,0,36.0,obs,595,26.34,13.67,3.65,,26.34,13.67,3.65,,26.34,7.21,3.41,,9.409,0,S2|S3,sub_s23,S2|S3,S2|S3,S2|S3
1786339450.634,c1,search,,0.0,31.1,6.6,10.32,,0,,0,4474.0,obs,891,31.1,20.71,10.98,,31.1,20.71,10.98,,31.1,6.6,10.32,,9.409,0,S2|S3,sub_s23,S2|S3,S2|S3,S2|S3
1786339450.634,c1,recommend,,0.0,26.76,7.77,3.79,,0,,0,200.0,obs,1185,26.76,14.03,4.0,,26.76,14.03,4.0,,26.76,7.77,3.79,,9.409,0,S2|S3,sub_s23,S2|S3,S2|S3,S2|S3
1786339450.634,c2,reserve,,0.0,26.34,7.21,3.41,,0,,0,36.0,obs,595,26.34,13.67,3.65,,26.34,13.67,3.65,,26.34,7.21,3.41,,9.409,0,S2|S3,sub_s23,S2|S3,S2|S3,S2|S3
1786339450.634,c2,search,,0.0,31.1,6.6,10.32,,0,,0,4474.0,obs,891,31.1,20.71,10.98,,31.1,20.71,10.98,,31.1,6.6,10.32,,9.409,0,S2|S3,sub_s23,S2|S3,S2|S3,S2|S3
1786339450.634,c2,recommend,,0.0,26.76,7.77,3.79,,0,,0,200.0,obs,1185,26.76,14.03,4.0,,26.76,14.03,4.0,,26.76,7.77,3.79,,9.409,0,S2|S3,sub_s23,S2|S3,S2|S3,S2|S3
1786339451.635,c1,reserve,,0.0,26.34,6.98,3.53,,0,,0,36.0,obs,592,26.34,13.67,3.65,,26.34,13.67,3.65,,26.34,6.98,3.53,,10.029,0,S2|S3,sub_s23,S2|S3,S2|S3,S2|S3
1786339451.635,c1,search,,0.0,31.1,8.77,10.25,,0,,0,4474.0,obs,886,31.1,20.71,10.98,,31.1,20.71,10.98,,31.1,8.77,10.25,,10.029,0,S2|S3,sub_s23,S2|S3,S2|S3,S2|S3
1786339451.635,c1,recommend,,0.0,26.76,8.9,3.86,,0,,0,200.0,obs,1191,26.76,14.03,4.0,,26.76,14.03,4.0,,26.76,8.9,3.86,,10.029,0,S2|S3,sub_s23,S2|S3,S2|S3,S2|S3
1786339451.635,c2,reserve,,0.0,26.34,6.98,3.53,,0,,0,36.0,obs,592,26.34,13.67,3.65,,26.34,13.67,3.65,,26.34,6.98,3.53,,10.029,0,S2|S3,sub_s23,S2|S3,S2|S3,S2|S3
1786339451.635,c2,search,,0.0,31.1,8.77,10.25,,0,,0,4474.0,obs,886,31.1,20.71,10.98,,31.1,20.71,10.98,,31.1,8.77,10.25,,10.029,0,S2|S3,sub_s23,S2|S3,S2|S3,S2|S3
1786339451.635,c2,recommend,,0.0,26.76,8.9,3.86,,0,,0,200.0,obs,1191,26.76,14.03,4.0,,26.76,14.03,4.0,,26.76,8.9,3.86,,10.029,0,S2|S3,sub_s23,S2|S3,S2|S3,S2|S3
1786339452.635,c1,reserve,,0.0,26.34,6.75,3.53,,0,,0,36.0,obs,597,26.34,13.67,3.65,,26.34,13.67,3.65,,26.34,6.75,3.53,,10.168,0,S2|S3,sub_s23,S2|S3,S2|S3,S2|S3
1786339452.635,c1,search,,0.0,31.1,8.25,10.01,,0,,0,4474.0,obs,888,31.1,20.71,10.98,,31.1,20.71,10.98,,31.1,8.25,10.01,,10.168,0,S2|S3,sub_s23,S2|S3,S2|S3,S2|S3
1786339452.635,c1,recommend,,0.0,26.76,9.01,3.67,,0,,0,200.0,obs,1185,26.76,14.03,4.0,,26.76,14.03,4.0,,26.76,9.01,3.67,,10.168,0,S2|S3,sub_s23,S2|S3,S2|S3,S2|S3
1786339452.635,c2,reserve,,0.0,26.34,6.75,3.53,,0,,0,36.0,obs,597,26.34,13.67,3.65,,26.34,13.67,3.65,,26.34,6.75,3.53,,10.168,0,S2|S3,sub_s23,S2|S3,S2|S3,S2|S3
1786339452.635,c2,search,,0.0,31.1,8.25,10.01,,0,,0,4474.0,obs,888,31.1,20.71,10.98,,31.1,20.71,10.98,,31.1,8.25,10.01,,10.168,0,S2|S3,sub_s23,S2|S3,S2|S3,S2|S3
1786339452.635,c2,recommend,,0.0,26.76,9.01,3.67,,0,,0,200.0,obs,1185,26.76,14.03,4.0,,26.76,14.03,4.0,,26.76,9.01,3.67,,10.168,0,S2|S3,sub_s23,S2|S3,S2|S3,S2|S3
1786339453.635,c1,reserve,,0.0,26.34,6.78,3.48,,0,,0,36.0,obs,590,26.34,13.67,3.65,,26.34,13.67,3.65,,26.34,6.78,3.48,,10.034,0,S2|S3,sub_s23,S2|S3,S2|S3,S2|S3
1786339453.635,c1,search,,0.0,31.1,8.22,10.13,,0,,0,4474.0,obs,891,31.1,20.71,10.98,,31.1,20.71,10.98,,31.1,8.22,10.13,,10.034,0,S2|S3,sub_s23,S2|S3,S2|S3,S2|S3
1786339453.635,c1,recommend,,0.0,26.76,9.07,3.53,,0,,0,200.0,obs,1193,26.76,14.03,4.0,,26.76,14.03,4.0,,26.76,9.07,3.53,,10.034,0,S2|S3,sub_s23,S2|S3,S2|S3,S2|S3
1786339453.635,c2,reserve,,0.0,26.34,6.78,3.48,,0,,0,36.0,obs,590,26.34,13.67,3.65,,26.34,13.67,3.65,,26.34,6.78,3.48,,10.034,0,S2|S3,sub_s23,S2|S3,S2|S3,S2|S3
1786339453.635,c2,search,,0.0,31.1,8.22,10.13,,0,,0,4474.0,obs,891,31.1,20.71,10.98,,31.1,20.71,10.98,,31.1,8.22,10.13,,10.034,0,S2|S3,sub_s23,S2|S3,S2|S3,S2|S3
1786339453.635,c2,recommend,,0.0,26.76,9.07,3.53,,0,,0,200.0,obs,1193,26.76,14.03,4.0,,26.76,14.03,4.0,,26.76,9.07,3.53,,10.034,0,S2|S3,sub_s23,S2|S3,S2|S3,S2|S3
1786339454.635,c1,reserve,,0.0,26.34,8.02,3.45,,0,,0,36.0,obs,597,26.34,13.67,3.65,,26.34,13.67,3.65,,26.34,8.02,3.45,,10.269,0,S2|S3,sub_s23,S2|S3,S2|S3,S2|S3
1786339454.635,c1,search,,0.0,31.1,7.97,9.95,,0,,0,4474.0,obs,889,31.1,20.71,10.98,,31.1,20.71,10.98,,31.1,7.97,9.95,,10.269,0,S2|S3,sub_s23,S2|S3,S2|S3,S2|S3
1786339454.635,c1,recommend,,0.0,26.76,9.27,3.68,,0,,0,200.0,obs,1189,26.76,14.03,4.0,,26.76,14.03,4.0,,26.76,9.27,3.68,,10.269,0,S2|S3,sub_s23,S2|S3,S2|S3,S2|S3
1786339454.635,c2,reserve,,0.0,26.34,8.02,3.45,,0,,0,36.0,obs,597,26.34,13.67,3.65,,26.34,13.67,3.65,,26.34,8.02,3.45,,10.269,0,S2|S3,sub_s23,S2|S3,S2|S3,S2|S3
1786339454.635,c2,search,,0.0,31.1,7.97,9.95,,0,,0,4474.0,obs,889,31.1,20.71,10.98,,31.1,20.71,10.98,,31.1,7.97,9.95,,10.269,0,S2|S3,sub_s23,S2|S3,S2|S3,S2|S3
1786339454.635,c2,recommend,,0.0,26.76,9.27,3.68,,0,,0,200.0,obs,1189,26.76,14.03,4.0,,26.76,14.03,4.0,,26.76,9.27,3.68,,10.269,0,S2|S3,sub_s23,S2|S3,S2|S3,S2|S3
1786339455.635,c1,reserve,,0.0,26.34,8.16,3.45,,0,,0,36.0,obs,592,26.34,13.67,3.65,,26.34,13.67,3.65,,26.34,8.16,3.45,,10.166,0,S2|S3,sub_s23,S2|S3,S2|S3,S2|S3
1786339455.635,c1,search,,0.0,31.1,8.2,9.79,,0,,0,4474.0,obs,892,31.1,20.71,10.98,,31.1,20.71,10.98,,31.1,8.2,9.79,,10.166,0,S2|S3,sub_s23,S2|S3,S2|S3,S2|S3
1786339455.635,c1,recommend,,0.0,26.76,8.85,3.69,,0,,0,200.0,obs,1191,26.76,14.03,4.0,,26.76,14.03,4.0,,26.76,8.85,3.69,,10.166,0,S2|S3,sub_s23,S2|S3,S2|S3,S2|S3
1786339455.635,c2,reserve,,0.0,26.34,8.16,3.45,,0,,0,36.0,obs,592,26.34,13.67,3.65,,26.34,13.67,3.65,,26.34,8.16,3.45,,10.166,0,S2|S3,sub_s23,S2|S3,S2|S3,S2|S3
1786339455.635,c2,search,,0.0,31.1,8.2,9.79,,0,,0,4474.0,obs,892,31.1,20.71,10.98,,31.1,20.71,10.98,,31.1,8.2,9.79,,10.166,0,S2|S3,sub_s23,S2|S3,S2|S3,S2|S3
1786339455.635,c2,recommend,,0.0,26.76,8.85,3.69,,0,,0,200.0,obs,1191,26.76,14.03,4.0,,26.76,14.03,4.0,,26.76,8.85,3.69,,10.166,0,S2|S3,sub_s23,S2|S3,S2|S3,S2|S3
1786339456.635,c1,reserve,,0.0,26.34,7.38,3.54,,0,,0,36.0,obs,598,26.34,13.67,3.65,,26.34,13.67,3.65,,26.34,7.38,3.54,,10.256,0,S2|S3,sub_s23,S2|S3,S2|S3,S2|S3
1786339456.635,c1,search,,0.0,31.1,6.96,9.98,,0,,0,4474.0,obs,886,31.1,20.71,10.98,,31.1,20.71,10.98,,31.1,6.96,9.98,,10.256,0,S2|S3,sub_s23,S2|S3,S2|S3,S2|S3
1786339456.635,c1,recommend,,0.0,26.76,8.4,3.84,,0,,0,200.0,obs,1190,26.76,14.03,4.0,,26.76,14.03,4.0,,26.76,8.4,3.84,,10.256,0,S2|S3,sub_s23,S2|S3,S2|S3,S2|S3
1786339456.635,c2,reserve,,0.0,26.34,7.38,3.54,,0,,0,36.0,obs,598,26.34,13.67,3.65,,26.34,13.67,3.65,,26.34,7.38,3.54,,10.256,0,S2|S3,sub_s23,S2|S3,S2|S3,S2|S3
1786339456.635,c2,search,,0.0,31.1,6.96,9.98,,0,,0,4474.0,obs,886,31.1,20.71,10.98,,31.1,20.71,10.98,,31.1,6.96,9.98,,10.256,0,S2|S3,sub_s23,S2|S3,S2|S3,S2|S3
1786339456.635,c2,recommend,,0.0,26.76,8.4,3.84,,0,,0,200.0,obs,1190,26.76,14.03,4.0,,26.76,14.03,4.0,,26.76,8.4,3.84,,10.256,0,S2|S3,sub_s23,S2|S3,S2|S3,S2|S3
1786339457.635,c1,reserve,,0.0,26.34,6.26,3.57,,0,,0,36.0,obs,594,26.34,13.67,3.65,,26.34,13.67,3.65,,26.34,6.26,3.57,,10.216,0,S2|S3,sub_s23,S2|S3,S2|S3,S2|S3
1786339457.635,c1,search,,0.0,31.1,6.08,10.28,,0,,0,4474.0,obs,896,31.1,20.71,10.98,,31.1,20.71,10.98,,31.1,6.08,10.28,,10.216,0,S2|S3,sub_s23,S2|S3,S2|S3,S2|S3
1786339457.635,c1,recommend,,0.0,26.76,8.53,3.75,,0,,0,200.0,obs,1195,26.76,14.03,4.0,,26.76,14.03,4.0,,26.76,8.53,3.75,,10.216,0,S2|S3,sub_s23,S2|S3,S2|S3,S2|S3
1786339457.635,c2,reserve,,0.0,26.34,6.26,3.57,,0,,0,36.0,obs,594,26.34,13.67,3.65,,26.34,13.67,3.65,,26.34,6.26,3.57,,10.216,0,S2|S3,sub_s23,S2|S3,S2|S3,S2|S3
1786339457.635,c2,search,,0.0,31.1,6.08,10.28,,0,,0,4474.0,obs,896,31.1,20.71,10.98,,31.1,20.71,10.98,,31.1,6.08,10.28,,10.216,0,S2|S3,sub_s23,S2|S3,S2|S3,S2|S3
1786339457.635,c2,recommend,,0.0,26.76,8.53,3.75,,0,,0,200.0,obs,1195,26.76,14.03,4.0,,26.76,14.03,4.0,,26.76,8.53,3.75,,10.216,0,S2|S3,sub_s23,S2|S3,S2|S3,S2|S3
1786339458.635,c1,reserve,,0.0,26.34,6.26,3.4,,0,,0,36.0,obs,597,26.34,13.67,3.65,,26.34,13.67,3.65,,26.34,6.26,3.4,,10.322,0,S2|S3,sub_s23,S2|S3,S2|S3,S2|S3
1786339458.635,c1,search,,0.0,31.1,7.31,10.38,,0,,0,4474.0,obs,890,31.1,20.71,10.98,,31.1,20.71,10.98,,31.1,7.31,10.38,,10.322,0,S2|S3,sub_s23,S2|S3,S2|S3,S2|S3
1786339458.635,c1,recommend,,0.0,26.76,9.19,3.84,,0,,0,200.0,obs,1196,26.76,14.03,4.0,,26.76,14.03,4.0,,26.76,9.19,3.84,,10.322,0,S2|S3,sub_s23,S2|S3,S2|S3,S2|S3
1786339458.635,c2,reserve,,0.0,26.34,6.26,3.4,,0,,0,36.0,obs,597,26.34,13.67,3.65,,26.34,13.67,3.65,,26.34,6.26,3.4,,10.322,0,S2|S3,sub_s23,S2|S3,S2|S3,S2|S3
1786339458.635,c2,search,,0.0,31.1,7.31,10.38,,0,,0,4474.0,obs,890,31.1,20.71,10.98,,31.1,20.71,10.98,,31.1,7.31,10.38,,10.322,0,S2|S3,sub_s23,S2|S3,S2|S3,S2|S3
1786339458.635,c2,recommend,,0.0,26.76,9.19,3.84,,0,,0,200.0,obs,1196,26.76,14.03,4.0,,26.76,14.03,4.0,,26.76,9.19,3.84,,10.322,0,S2|S3,sub_s23,S2|S3,S2|S3,S2|S3
1786339459.634,c1,reserve,,0.0,26.34,6.76,3.41,,0,,0,36.0,obs,599,26.34,13.67,3.65,,26.34,13.67,3.65,,26.34,6.76,3.41,,9.33,0,S2|S3,sub_s23,S2|S3,S2|S3,S2|S3
1786339459.634,c1,search,,0.0,31.1,7.52,10.26,,0,,0,4474.0,obs,893,31.1,20.71,10.98,,31.1,20.71,10.98,,31.1,7.52,10.26,,9.33,0,S2|S3,sub_s23,S2|S3,S2|S3,S2|S3
1786339459.634,c1,recommend,,0.0,26.76,9.0,3.85,,0,,0,200.0,obs,1189,26.76,14.03,4.0,,26.76,14.03,4.0,,26.76,9.0,3.85,,9.33,0,S2|S3,sub_s23,S2|S3,S2|S3,S2|S3
1786339459.634,c2,reserve,,0.0,26.34,6.76,3.41,,0,,0,36.0,obs,599,26.34,13.67,3.65,,26.34,13.67,3.65,,26.34,6.76,3.41,,9.33,0,S2|S3,sub_s23,S2|S3,S2|S3,S2|S3
1786339459.634,c2,search,,0.0,31.1,7.52,10.26,,0,,0,4474.0,obs,893,31.1,20.71,10.98,,31.1,20.71,10.98,,31.1,7.52,10.26,,9.33,0,S2|S3,sub_s23,S2|S3,S2|S3,S2|S3
1786339459.634,c2,recommend,,0.0,26.76,9.0,3.85,,0,,0,200.0,obs,1189,26.76,14.03,4.0,,26.76,14.03,4.0,,26.76,9.0,3.85,,9.33,0,S2|S3,sub_s23,S2|S3,S2|S3,S2|S3
1786339460.635,c1,reserve,,0.0,26.34,4.73,3.48,,0,,0,36.0,obs,593,26.34,13.67,3.65,,26.34,13.67,3.65,,26.34,4.73,3.48,,10.167,0,S2|S3,sub_s23,S2|S3,S2|S3,S2|S3
1786339460.635,c1,search,,0.0,31.1,6.51,10.1,,0,,0,4474.0,obs,892,31.1,20.71,10.98,,31.1,20.71,10.98,,31.1,6.51,10.1,,10.167,0,S2|S3,sub_s23,S2|S3,S2|S3,S2|S3
1786339460.635,c1,recommend,,0.0,26.76,7.99,3.85,,0,,0,200.0,obs,1195,26.76,14.03,4.0,,26.76,14.03,4.0,,26.76,7.99,3.85,,10.167,0,S2|S3,sub_s23,S2|S3,S2|S3,S2|S3
1786339460.635,c2,reserve,,0.0,26.34,4.73,3.48,,0,,0,36.0,obs,593,26.34,13.67,3.65,,26.34,13.67,3.65,,26.34,4.73,3.48,,10.167,0,S2|S3,sub_s23,S2|S3,S2|S3,S2|S3
1786339460.635,c2,search,,0.0,31.1,6.51,10.1,,0,,0,4474.0,obs,892,31.1,20.71,10.98,,31.1,20.71,10.98,,31.1,6.51,10.1,,10.167,0,S2|S3,sub_s23,S2|S3,S2|S3,S2|S3
1786339460.635,c2,recommend,,0.0,26.76,7.99,3.85,,0,,0,200.0,obs,1195,26.76,14.03,4.0,,26.76,14.03,4.0,,26.76,7.99,3.85,,10.167,0,S2|S3,sub_s23,S2|S3,S2|S3,S2|S3
1786339461.634,c1,reserve,,0.0,26.34,5.2,3.58,,0,,0,36.0,obs,598,26.34,13.67,3.65,,26.34,13.67,3.65,,26.34,5.2,3.58,,9.357,0,S2|S3,sub_s23,S2|S3,S2|S3,S2|S3
1786339461.634,c1,search,,0.0,31.1,6.51,10.12,,0,,0,4474.0,obs,890,31.1,20.71,10.98,,31.1,20.71,10.98,,31.1,6.51,10.12,,9.357,0,S2|S3,sub_s23,S2|S3,S2|S3,S2|S3
1786339461.634,c1,recommend,,0.0,26.76,8.51,3.81,,0,,0,200.0,obs,1196,26.76,14.03,4.0,,26.76,14.03,4.0,,26.76,8.51,3.81,,9.357,0,S2|S3,sub_s23,S2|S3,S2|S3,S2|S3
1786339461.634,c2,reserve,,0.0,26.34,5.2,3.58,,0,,0,36.0,obs,598,26.34,13.67,3.65,,26.34,13.67,3.65,,26.34,5.2,3.58,,9.357,0,S2|S3,sub_s23,S2|S3,S2|S3,S2|S3
1786339461.634,c2,search,,0.0,31.1,6.51,10.12,,0,,0,4474.0,obs,890,31.1,20.71,10.98,,31.1,20.71,10.98,,31.1,6.51,10.12,,9.357,0,S2|S3,sub_s23,S2|S3,S2|S3,S2|S3
1786339461.634,c2,recommend,,0.0,26.76,8.51,3.81,,0,,0,200.0,obs,1196,26.76,14.03,4.0,,26.76,14.03,4.0,,26.76,8.51,3.81,,9.357,0,S2|S3,sub_s23,S2|S3,S2|S3,S2|S3
1786339462.635,c1,reserve,,0.0,26.34,6.08,3.36,,0,,0,36.0,obs,595,26.34,13.67,3.65,,26.34,13.67,3.65,,26.34,6.08,3.36,,10.175,0,S2|S3,sub_s23,S2|S3,S2|S3,S2|S3
1786339462.635,c1,search,,0.0,31.1,7.7,10.5,,0,,0,4474.0,obs,895,31.1,20.71,10.98,,31.1,20.71,10.98,,31.1,7.7,10.5,,10.175,0,S2|S3,sub_s23,S2|S3,S2|S3,S2|S3
1786339462.635,c1,recommend,,0.0,26.76,9.16,3.79,,0,,0,200.0,obs,1195,26.76,14.03,4.0,,26.76,14.03,4.0,,26.76,9.16,3.79,,10.175,0,S2|S3,sub_s23,S2|S3,S2|S3,S2|S3
1786339462.635,c2,reserve,,0.0,26.34,6.08,3.36,,0,,0,36.0,obs,595,26.34,13.67,3.65,,26.34,13.67,3.65,,26.34,6.08,3.36,,10.175,0,S2|S3,sub_s23,S2|S3,S2|S3,S2|S3
1786339462.635,c2,search,,0.0,31.1,7.7,10.5,,0,,0,4474.0,obs,895,31.1,20.71,10.98,,31.1,20.71,10.98,,31.1,7.7,10.5,,10.175,0,S2|S3,sub_s23,S2|S3,S2|S3,S2|S3
1786339462.635,c2,recommend,,0.0,26.76,9.16,3.79,,0,,0,200.0,obs,1195,26.76,14.03,4.0,,26.76,14.03,4.0,,26.76,9.16,3.79,,10.175,0,S2|S3,sub_s23,S2|S3,S2|S3,S2|S3
1786339463.634,c1,reserve,,0.0,26.34,7.4,3.4,,0,,0,36.0,obs,600,26.34,13.67,3.65,,26.34,13.67,3.65,,26.34,7.4,3.4,,9.341,0,S2|S3,sub_s23,S2|S3,S2|S3,S2|S3
1786339463.634,c1,search,,0.0,31.1,8.86,10.23,,0,,0,4474.0,obs,894,31.1,20.71,10.98,,31.1,20.71,10.98,,31.1,8.86,10.23,,9.341,0,S2|S3,sub_s23,S2|S3,S2|S3,S2|S3
1786339463.634,c1,recommend,,0.0,26.76,9.06,3.72,,0,,0,200.0,obs,1198,26.76,14.03,4.0,,26.76,14.03,4.0,,26.76,9.06,3.72,,9.341,0,S2|S3,sub_s23,S2|S3,S2|S3,S2|S3
1786339463.634,c2,reserve,,0.0,26.34,7.4,3.4,,0,,0,36.0,obs,600,26.34,13.67,3.65,,26.34,13.67,3.65,,26.34,7.4,3.4,,9.341,0,S2|S3,sub_s23,S2|S3,S2|S3,S2|S3
1786339463.634,c2,search,,0.0,31.1,8.86,10.23,,0,,0,4474.0,obs,894,31.1,20.71,10.98,,31.1,20.71,10.98,,31.1,8.86,10.23,,9.341,0,S2|S3,sub_s23,S2|S3,S2|S3,S2|S3
1786339463.634,c2,recommend,,0.0,26.76,9.06,3.72,,0,,0,200.0,obs,1198,26.76,14.03,4.0,,26.76,14.03,4.0,,26.76,9.06,3.72,,9.341,0,S2|S3,sub_s23,S2|S3,S2|S3,S2|S3
1786339464.635,c1,reserve,,0.0,26.34,7.99,3.12,,0,,0,36.0,obs,596,26.34,13.67,3.65,,26.34,13.67,3.65,,26.34,7.99,3.12,,10.058,0,S2|S3,sub_s23,S2|S3,S2|S3,S2|S3
1786339464.635,c1,search,,0.0,31.1,7.95,10.24,,0,,0,4474.0,obs,898,31.1,20.71,10.98,,31.1,20.71,10.98,,31.1,7.95,10.24,,10.058,0,S2|S3,sub_s23,S2|S3,S2|S3,S2|S3
1786339464.635,c1,recommend,,0.0,26.76,9.15,3.63,,0,,0,200.0,obs,1195,26.76,14.03,4.0,,26.76,14.03,4.0,,26.76,9.15,3.63,,10.058,0,S2|S3,sub_s23,S2|S3,S2|S3,S2|S3
1786339464.635,c2,reserve,,0.0,26.34,7.99,3.12,,0,,0,36.0,obs,596,26.34,13.67,3.65,,26.34,13.67,3.65,,26.34,7.99,3.12,,10.058,0,S2|S3,sub_s23,S2|S3,S2|S3,S2|S3
1786339464.635,c2,search,,0.0,31.1,7.95,10.24,,0,,0,4474.0,obs,898,31.1,20.71,10.98,,31.1,20.71,10.98,,31.1,7.95,10.24,,10.058,0,S2|S3,sub_s23,S2|S3,S2|S3,S2|S3
1786339464.635,c2,recommend,,0.0,26.76,9.15,3.63,,0,,0,200.0,obs,1195,26.76,14.03,4.0,,26.76,14.03,4.0,,26.76,9.15,3.63,,10.058,0,S2|S3,sub_s23,S2|S3,S2|S3,S2|S3
1786339465.634,c1,reserve,,0.0,26.34,7.96,3.24,,0,,0,36.0,obs,596,26.34,13.67,3.65,,26.34,13.67,3.65,,26.34,7.96,3.24,,9.39,0,S2|S3,sub_s23,S2|S3,S2|S3,S2|S3
1786339465.634,c1,search,,0.0,31.1,8.29,10.24,,0,,0,4474.0,obs,894,31.1,20.71,10.98,,31.1,20.71,10.98,,31.1,8.29,10.24,,9.39,0,S2|S3,sub_s23,S2|S3,S2|S3,S2|S3
1786339465.634,c1,recommend,,0.0,26.76,9.04,3.7,,0,,0,200.0,obs,1201,26.76,14.03,4.0,,26.76,14.03,4.0,,26.76,9.04,3.7,,9.39,0,S2|S3,sub_s23,S2|S3,S2|S3,S2|S3
1786339465.634,c2,reserve,,0.0,26.34,7.96,3.24,,0,,0,36.0,obs,596,26.34,13.67,3.65,,26.34,13.67,3.65,,26.34,7.96,3.24,,9.39,0,S2|S3,sub_s23,S2|S3,S2|S3,S2|S3
1786339465.634,c2,search,,0.0,31.1,8.29,10.24,,0,,0,4474.0,obs,894,31.1,20.71,10.98,,31.1,20.71,10.98,,31.1,8.29,10.24,,9.39,0,S2|S3,sub_s23,S2|S3,S2|S3,S2|S3
1786339465.634,c2,recommend,,0.0,26.76,9.04,3.7,,0,,0,200.0,obs,1201,26.76,14.03,4.0,,26.76,14.03,4.0,,26.76,9.04,3.7,,9.39,0,S2|S3,sub_s23,S2|S3,S2|S3,S2|S3
1786339466.634,c1,reserve,,0.0,26.34,7.3,3.46,,0,,0,36.0,obs,600,26.34,13.67,3.65,,26.34,13.67,3.65,,26.34,7.3,3.46,,9.391,0,S2|S3,sub_s23,S2|S3,S2|S3,S2|S3
1786339466.634,c1,search,,0.0,31.1,8.98,10.24,,0,,0,4474.0,obs,898,31.1,20.71,10.98,,31.1,20.71,10.98,,31.1,8.98,10.24,,9.391,0,S2|S3,sub_s23,S2|S3,S2|S3,S2|S3
1786339466.634,c1,recommend,,0.0,26.76,9.37,3.79,,0,,0,200.0,obs,1196,26.76,14.03,4.0,,26.76,14.03,4.0,,26.76,9.37,3.79,,9.391,0,S2|S3,sub_s23,S2|S3,S2|S3,S2|S3
1786339466.634,c2,reserve,,0.0,26.34,7.3,3.46,,0,,0,36.0,obs,600,26.34,13.67,3.65,,26.34,13.67,3.65,,26.34,7.3,3.46,,9.391,0,S2|S3,sub_s23,S2|S3,S2|S3,S2|S3
1786339466.634,c2,search,,0.0,31.1,8.98,10.24,,0,,0,4474.0,obs,898,31.1,20.71,10.98,,31.1,20.71,10.98,,31.1,8.98,10.24,,9.391,0,S2|S3,sub_s23,S2|S3,S2|S3,S2|S3
1786339466.634,c2,recommend,,0.0,26.76,9.37,3.79,,0,,0,200.0,obs,1196,26.76,14.03,4.0,,26.76,14.03,4.0,,26.76,9.37,3.79,,9.391,0,S2|S3,sub_s23,S2|S3,S2|S3,S2|S3
1786339467.635,c1,reserve,,0.0,26.34,7.47,3.59,,0,,0,36.0,obs,596,26.34,13.67,3.65,,26.34,13.67,3.65,,26.34,7.47,3.59,,9.977,0,S2|S3,sub_s23,S2|S3,S2|S3,S2|S3
1786339467.635,c1,search,,0.0,31.1,6.53,10.21,,0,,0,4474.0,obs,898,31.1,20.71,10.98,,31.1,20.71,10.98,,31.1,6.53,10.21,,9.977,0,S2|S3,sub_s23,S2|S3,S2|S3,S2|S3
1786339467.635,c1,recommend,,0.0,26.76,9.38,3.79,,0,,0,200.0,obs,1203,26.76,14.03,4.0,,26.76,14.03,4.0,,26.76,9.38,3.79,,9.977,0,S2|S3,sub_s23,S2|S3,S2|S3,S2|S3
1786339467.635,c2,reserve,,0.0,26.34,7.47,3.59,,0,,0,36.0,obs,596,26.34,13.67,3.65,,26.34,13.67,3.65,,26.34,7.47,3.59,,9.977,0,S2|S3,sub_s23,S2|S3,S2|S3,S2|S3
1786339467.635,c2,search,,0.0,31.1,6.53,10.21,,0,,0,4474.0,obs,898,31.1,20.71,10.98,,31.1,20.71,10.98,,31.1,6.53,10.21,,9.977,0,S2|S3,sub_s23,S2|S3,S2|S3,S2|S3
1786339467.635,c2,recommend,,0.0,26.76,9.38,3.79,,0,,0,200.0,obs,1203,26.76,14.03,4.0,,26.76,14.03,4.0,,26.76,9.38,3.79,,9.977,0,S2|S3,sub_s23,S2|S3,S2|S3,S2|S3
1786339468.635,c1,reserve,,0.0,26.34,7.94,3.51,,0,,0,36.0,obs,603,26.34,13.67,3.65,,26.34,13.67,3.65,,26.34,7.94,3.51,,10.114,0,S2|S3,sub_s23,S2|S3,S2|S3,S2|S3
1786339468.635,c1,search,,0.0,31.1,7.77,10.03,,0,,0,4474.0,obs,895,31.1,20.71,10.98,,31.1,20.71,10.98,,31.1,7.77,10.03,,10.114,0,S2|S3,sub_s23,S2|S3,S2|S3,S2|S3
1786339468.635,c1,recommend,,0.0,26.76,9.7,3.81,,0,,0,200.0,obs,1195,26.76,14.03,4.0,,26.76,14.03,4.0,,26.76,9.7,3.81,,10.114,0,S2|S3,sub_s23,S2|S3,S2|S3,S2|S3
1786339468.635,c2,reserve,,0.0,26.34,7.94,3.51,,0,,0,36.0,obs,603,26.34,13.67,3.65,,26.34,13.67,3.65,,26.34,7.94,3.51,,10.114,0,S2|S3,sub_s23,S2|S3,S2|S3,S2|S3
1786339468.635,c2,search,,0.0,31.1,7.77,10.03,,0,,0,4474.0,obs,895,31.1,20.71,10.98,,31.1,20.71,10.98,,31.1,7.77,10.03,,10.114,0,S2|S3,sub_s23,S2|S3,S2|S3,S2|S3
1786339468.635,c2,recommend,,0.0,26.76,9.7,3.81,,0,,0,200.0,obs,1195,26.76,14.03,4.0,,26.76,14.03,4.0,,26.76,9.7,3.81,,10.114,0,S2|S3,sub_s23,S2|S3,S2|S3,S2|S3
1786339469.635,c1,reserve,,0.0,26.34,7.09,3.48,,0,,0,36.0,obs,597,26.34,13.67,3.65,,26.34,13.67,3.65,,26.34,7.09,3.48,,9.684,0,S2|S3,sub_s23,S2|S3,S2|S3,S2|S3
1786339469.635,c1,search,,0.0,31.1,6.89,10.31,,0,,0,4474.0,obs,901,31.1,20.71,10.98,,31.1,20.71,10.98,,31.1,6.89,10.31,,9.684,0,S2|S3,sub_s23,S2|S3,S2|S3,S2|S3
1786339469.635,c1,recommend,,0.0,26.76,9.12,3.82,,0,,0,200.0,obs,1200,26.76,14.03,4.0,,26.76,14.03,4.0,,26.76,9.12,3.82,,9.684,0,S2|S3,sub_s23,S2|S3,S2|S3,S2|S3
1786339469.635,c2,reserve,,0.0,26.34,7.09,3.48,,0,,0,36.0,obs,597,26.34,13.67,3.65,,26.34,13.67,3.65,,26.34,7.09,3.48,,9.684,0,S2|S3,sub_s23,S2|S3,S2|S3,S2|S3
1786339469.635,c2,search,,0.0,31.1,6.89,10.31,,0,,0,4474.0,obs,901,31.1,20.71,10.98,,31.1,20.71,10.98,,31.1,6.89,10.31,,9.684,0,S2|S3,sub_s23,S2|S3,S2|S3,S2|S3
1786339469.635,c2,recommend,,0.0,26.76,9.12,3.82,,0,,0,200.0,obs,1200,26.76,14.03,4.0,,26.76,14.03,4.0,,26.76,9.12,3.82,,9.684,0,S2|S3,sub_s23,S2|S3,S2|S3,S2|S3
1786339470.635,c1,reserve,,0.0,26.34,5.75,3.19,,0,,0,36.0,obs,601,26.34,13.67,3.65,,26.34,13.67,3.65,,26.34,5.75,3.19,,9.915,0,S2|S3,sub_s23,S2|S3,S2|S3,S2|S3
1786339470.635,c1,search,,0.0,31.1,6.56,10.31,,0,,0,4474.0,obs,893,31.1,20.71,10.98,,31.1,20.71,10.98,,31.1,6.56,10.31,,9.915,0,S2|S3,sub_s23,S2|S3,S2|S3,S2|S3
1786339470.635,c1,recommend,,0.0,26.76,7.88,3.78,,0,,0,200.0,obs,1203,26.76,14.03,4.0,,26.76,14.03,4.0,,26.76,7.88,3.78,,9.915,0,S2|S3,sub_s23,S2|S3,S2|S3,S2|S3
1786339470.635,c2,reserve,,0.0,26.34,5.75,3.19,,0,,0,36.0,obs,601,26.34,13.67,3.65,,26.34,13.67,3.65,,26.34,5.75,3.19,,9.915,0,S2|S3,sub_s23,S2|S3,S2|S3,S2|S3
1786339470.635,c2,search,,0.0,31.1,6.56,10.31,,0,,0,4474.0,obs,893,31.1,20.71,10.98,,31.1,20.71,10.98,,31.1,6.56,10.31,,9.915,0,S2|S3,sub_s23,S2|S3,S2|S3,S2|S3
1786339470.635,c2,recommend,,0.0,26.76,7.88,3.78,,0,,0,200.0,obs,1203,26.76,14.03,4.0,,26.76,14.03,4.0,,26.76,7.88,3.78,,9.915,0,S2|S3,sub_s23,S2|S3,S2|S3,S2|S3
1786339471.634,c1,reserve,,0.0,26.34,6.84,3.4,,0,,0,36.0,obs,599,26.34,13.67,3.65,,26.34,13.67,3.65,,26.34,6.84,3.4,,9.299,0,S2|S3,sub_s23,S2|S3,S2|S3,S2|S3
1786339471.634,c1,search,,0.0,31.1,7.42,10.53,,0,,0,4474.0,obs,900,31.1,20.71,10.98,,31.1,20.71,10.98,,31.1,7.42,10.53,,9.299,0,S2|S3,sub_s23,S2|S3,S2|S3,S2|S3
1786339471.634,c1,recommend,,0.0,26.76,8.41,3.83,,0,,0,200.0,obs,1201,26.76,14.03,4.0,,26.76,14.03,4.0,,26.76,8.41,3.83,,9.299,0,S2|S3,sub_s23,S2|S3,S2|S3,S2|S3
1786339471.634,c2,reserve,,0.0,26.34,6.84,3.4,,0,,0,36.0,obs,599,26.34,13.67,3.65,,26.34,13.67,3.65,,26.34,6.84,3.4,,9.299,0,S2|S3,sub_s23,S2|S3,S2|S3,S2|S3
1786339471.634,c2,search,,0.0,31.1,7.42,10.53,,0,,0,4474.0,obs,900,31.1,20.71,10.98,,31.1,20.71,10.98,,31.1,7.42,10.53,,9.299,0,S2|S3,sub_s23,S2|S3,S2|S3,S2|S3
1786339471.634,c2,recommend,,0.0,26.76,8.41,3.83,,0,,0,200.0,obs,1201,26.76,14.03,4.0,,26.76,14.03,4.0,,26.76,8.41,3.83,,9.299,0,S2|S3,sub_s23,S2|S3,S2|S3,S2|S3
1786339472.636,c1,reserve,,0.0,26.34,6.88,3.46,,0,,0,36.0,obs,599,26.34,13.67,3.65,,26.34,13.67,3.65,,26.34,6.88,3.46,,10.481,0,S2|S3,sub_s23,S2|S3,S2|S3,S2|S3
1786339472.636,c1,search,,0.0,31.1,7.71,10.53,,0,,0,4474.0,obs,896,31.1,20.71,10.98,,31.1,20.71,10.98,,31.1,7.71,10.53,,10.481,0,S2|S3,sub_s23,S2|S3,S2|S3,S2|S3
1786339472.636,c1,recommend,,0.0,26.76,8.55,3.79,,0,,0,200.0,obs,1208,26.76,14.03,4.0,,26.76,14.03,4.0,,26.76,8.55,3.79,,10.481,0,S2|S3,sub_s23,S2|S3,S2|S3,S2|S3
1786339472.636,c2,reserve,,0.0,26.34,6.88,3.46,,0,,0,36.0,obs,599,26.34,13.67,3.65,,26.34,13.67,3.65,,26.34,6.88,3.46,,10.481,0,S2|S3,sub_s23,S2|S3,S2|S3,S2|S3
1786339472.636,c2,search,,0.0,31.1,7.71,10.53,,0,,0,4474.0,obs,896,31.1,20.71,10.98,,31.1,20.71,10.98,,31.1,7.71,10.53,,10.481,0,S2|S3,sub_s23,S2|S3,S2|S3,S2|S3
1786339472.636,c2,recommend,,0.0,26.76,8.55,3.79,,0,,0,200.0,obs,1208,26.76,14.03,4.0,,26.76,14.03,4.0,,26.76,8.55,3.79,,10.481,0,S2|S3,sub_s23,S2|S3,S2|S3,S2|S3
1786339473.635,c1,reserve,,0.0,26.34,6.85,3.42,,0,,0,36.0,obs,602,26.34,13.67,3.65,,26.34,13.67,3.65,,26.34,6.85,3.42,,10.062,0,S2|S3,sub_s23,S2|S3,S2|S3,S2|S3
1786339473.635,c1,search,,0.0,31.1,6.23,9.93,,0,,0,4474.0,obs,898,31.1,20.71,10.98,,31.1,20.71,10.98,,31.1,6.23,9.93,,10.062,0,S2|S3,sub_s23,S2|S3,S2|S3,S2|S3
1786339473.635,c1,recommend,,0.0,26.76,7.84,3.82,,0,,0,200.0,obs,1200,26.76,14.03,4.0,,26.76,14.03,4.0,,26.76,7.84,3.82,,10.062,0,S2|S3,sub_s23,S2|S3,S2|S3,S2|S3
1786339473.635,c2,reserve,,0.0,26.34,6.85,3.42,,0,,0,36.0,obs,602,26.34,13.67,3.65,,26.34,13.67,3.65,,26.34,6.85,3.42,,10.062,0,S2|S3,sub_s23,S2|S3,S2|S3,S2|S3
1786339473.635,c2,search,,0.0,31.1,6.23,9.93,,0,,0,4474.0,obs,898,31.1,20.71,10.98,,31.1,20.71,10.98,,31.1,6.23,9.93,,10.062,0,S2|S3,sub_s23,S2|S3,S2|S3,S2|S3
1786339473.635,c2,recommend,,0.0,26.76,7.84,3.82,,0,,0,200.0,obs,1200,26.76,14.03,4.0,,26.76,14.03,4.0,,26.76,7.84,3.82,,10.062,0,S2|S3,sub_s23,S2|S3,S2|S3,S2|S3
1786339474.635,c1,reserve,,0.0,26.34,7.8,2.98,,0,,0,36.0,obs,598,26.34,13.67,3.65,,26.34,13.67,3.65,,26.34,7.8,2.98,,10.165,0,S2|S3,sub_s23,S2|S3,S2|S3,S2|S3
1786339474.635,c1,search,,0.0,31.1,6.39,9.75,,0,,0,4474.0,obs,899,31.1,20.71,10.98,,31.1,20.71,10.98,,31.1,6.39,9.75,,10.165,0,S2|S3,sub_s23,S2|S3,S2|S3,S2|S3
1786339474.635,c1,recommend,,0.0,26.76,8.46,3.86,,0,,0,200.0,obs,1206,26.76,14.03,4.0,,26.76,14.03,4.0,,26.76,8.46,3.86,,10.165,0,S2|S3,sub_s23,S2|S3,S2|S3,S2|S3
1786339474.635,c2,reserve,,0.0,26.34,7.8,2.98,,0,,0,36.0,obs,598,26.34,13.67,3.65,,26.34,13.67,3.65,,26.34,7.8,2.98,,10.165,0,S2|S3,sub_s23,S2|S3,S2|S3,S2|S3
1786339474.635,c2,search,,0.0,31.1,6.39,9.75,,0,,0,4474.0,obs,899,31.1,20.71,10.98,,31.1,20.71,10.98,,31.1,6.39,9.75,,10.165,0,S2|S3,sub_s23,S2|S3,S2|S3,S2|S3
1786339474.635,c2,recommend,,0.0,26.76,8.46,3.86,,0,,0,200.0,obs,1206,26.76,14.03,4.0,,26.76,14.03,4.0,,26.76,8.46,3.86,,10.165,0,S2|S3,sub_s23,S2|S3,S2|S3,S2|S3
1786339475.634,c1,reserve,,0.0,26.34,7.95,2.92,,0,,0,36.0,obs,606,26.34,13.67,3.65,,26.34,13.67,3.65,,26.34,7.95,2.92,,9.401,0,S2|S3,sub_s23,S2|S3,S2|S3,S2|S3
1786339475.634,c1,search,,0.0,31.1,8.21,9.78,,0,,0,4474.0,obs,899,31.1,20.71,10.98,,31.1,20.71,10.98,,31.1,8.21,9.78,,9.401,0,S2|S3,sub_s23,S2|S3,S2|S3,S2|S3
1786339475.634,c1,recommend,,0.0,26.76,9.32,3.73,,0,,0,200.0,obs,1200,26.76,14.03,4.0,,26.76,14.03,4.0,,26.76,9.32,3.73,,9.401,0,S2|S3,sub_s23,S2|S3,S2|S3,S2|S3
1786339475.634,c2,reserve,,0.0,26.34,7.95,2.92,,0,,0,36.0,obs,606,26.34,13.67,3.65,,26.34,13.67,3.65,,26.34,7.95,2.92,,9.401,0,S2|S3,sub_s23,S2|S3,S2|S3,S2|S3
1786339475.634,c2,search,,0.0,31.1,8.21,9.78,,0,,0,4474.0,obs,899,31.1,20.71,10.98,,31.1,20.71,10.98,,31.1,8.21,9.78,,9.401,0,S2|S3,sub_s23,S2|S3,S2|S3,S2|S3
1786339475.634,c2,recommend,,0.0,26.76,9.32,3.73,,0,,0,200.0,obs,1200,26.76,14.03,4.0,,26.76,14.03,4.0,,26.76,9.32,3.73,,9.401,0,S2|S3,sub_s23,S2|S3,S2|S3,S2|S3
1786339476.634,c1,reserve,,0.0,26.34,7.01,3.12,,0,,0,36.0,obs,599,26.34,13.67,3.65,,26.34,13.67,3.65,,26.34,7.01,3.12,,9.343,0,S2|S3,sub_s23,S2|S3,S2|S3,S2|S3
1786339476.634,c1,search,,0.0,31.1,6.75,9.88,,0,,0,4474.0,obs,904,31.1,20.71,10.98,,31.1,20.71,10.98,,31.1,6.75,9.88,,9.343,0,S2|S3,sub_s23,S2|S3,S2|S3,S2|S3
1786339476.634,c1,recommend,,0.0,26.76,9.0,3.61,,0,,0,200.0,obs,1202,26.76,14.03,4.0,,26.76,14.03,4.0,,26.76,9.0,3.61,,9.343,0,S2|S3,sub_s23,S2|S3,S2|S3,S2|S3
1786339476.634,c2,reserve,,0.0,26.34,7.01,3.12,,0,,0,36.0,obs,599,26.34,13.67,3.65,,26.34,13.67,3.65,,26.34,7.01,3.12,,9.343,0,S2|S3,sub_s23,S2|S3,S2|S3,S2|S3
1786339476.634,c2,search,,0.0,31.1,6.75,9.88,,0,,0,4474.0,obs,904,31.1,20.71,10.98,,31.1,20.71,10.98,,31.1,6.75,9.88,,9.343,0,S2|S3,sub_s23,S2|S3,S2|S3,S2|S3
1786339476.634,c2,recommend,,0.0,26.76,9.0,3.61,,0,,0,200.0,obs,1202,26.76,14.03,4.0,,26.76,14.03,4.0,,26.76,9.0,3.61,,9.343,0,S2|S3,sub_s23,S2|S3,S2|S3,S2|S3
1786339477.635,c1,reserve,,0.0,26.34,6.77,3.12,,0,,0,36.0,obs,602,26.34,13.67,3.65,,26.34,13.67,3.65,,26.34,6.77,3.12,,10.189,0,S2|S3,sub_s23,S2|S3,S2|S3,S2|S3
1786339477.635,c1,search,,0.0,31.1,7.09,9.75,,0,,0,4474.0,obs,901,31.1,20.71,10.98,,31.1,20.71,10.98,,31.1,7.09,9.75,,10.189,0,S2|S3,sub_s23,S2|S3,S2|S3,S2|S3
1786339477.635,c1,recommend,,0.0,26.76,9.3,3.59,,0,,0,200.0,obs,1205,26.76,14.03,4.0,,26.76,14.03,4.0,,26.76,9.3,3.59,,10.189,0,S2|S3,sub_s23,S2|S3,S2|S3,S2|S3
1786339477.635,c2,reserve,,0.0,26.34,6.77,3.12,,0,,0,36.0,obs,602,26.34,13.67,3.65,,26.34,13.67,3.65,,26.34,6.77,3.12,,10.189,0,S2|S3,sub_s23,S2|S3,S2|S3,S2|S3
1786339477.635,c2,search,,0.0,31.1,7.09,9.75,,0,,0,4474.0,obs,901,31.1,20.71,10.98,,31.1,20.71,10.98,,31.1,7.09,9.75,,10.189,0,S2|S3,sub_s23,S2|S3,S2|S3,S2|S3
1786339477.635,c2,recommend,,0.0,26.76,9.3,3.59,,0,,0,200.0,obs,1205,26.76,14.03,4.0,,26.76,14.03,4.0,,26.76,9.3,3.59,,10.189,0,S2|S3,sub_s23,S2|S3,S2|S3,S2|S3
1786339478.635,c1,reserve,,0.0,26.34,7.88,3.12,,0,,0,36.0,obs,603,26.34,13.67,3.65,,26.34,13.67,3.65,,26.34,7.88,3.12,,9.935,0,S2|S3,sub_s23,S2|S3,S2|S3,S2|S3
1786339478.635,c1,search,,0.0,31.1,8.45,9.81,,0,,0,4474.0,obs,903,31.1,20.71,10.98,,31.1,20.71,10.98,,31.1,8.45,9.81,,9.935,0,S2|S3,sub_s23,S2|S3,S2|S3,S2|S3
1786339478.635,c1,recommend,,0.0,26.76,9.76,3.68,,0,,0,200.0,obs,1203,26.76,14.03,4.0,,26.76,14.03,4.0,,26.76,9.76,3.68,,9.935,0,S2|S3,sub_s23,S2|S3,S2|S3,S2|S3
1786339478.635,c2,reserve,,0.0,26.34,7.88,3.12,,0,,0,36.0,obs,603,26.34,13.67,3.65,,26.34,13.67,3.65,,26.34,7.88,3.12,,9.935,0,S2|S3,sub_s23,S2|S3,S2|S3,S2|S3
1786339478.635,c2,search,,0.0,31.1,8.45,9.81,,0,,0,4474.0,obs,903,31.1,20.71,10.98,,31.1,20.71,10.98,,31.1,8.45,9.81,,9.935,0,S2|S3,sub_s23,S2|S3,S2|S3,S2|S3
1786339478.635,c2,recommend,,0.0,26.76,9.76,3.68,,0,,0,200.0,obs,1203,26.76,14.03,4.0,,26.76,14.03,4.0,,26.76,9.76,3.68,,9.935,0,S2|S3,sub_s23,S2|S3,S2|S3,S2|S3
1786339479.635,c1,reserve,,0.0,26.34,7.65,3.32,,0,,0,36.0,obs,603,26.34,13.67,3.65,,26.34,13.67,3.65,,26.34,7.65,3.32,,9.98,0,S2|S3,sub_s23,S2|S3,S2|S3,S2|S3
1786339479.635,c1,search,,0.0,31.1,6.83,10.4,,0,,0,4474.0,obs,902,31.1,20.71,10.98,,31.1,20.71,10.98,,31.1,6.83,10.4,,9.98,0,S2|S3,sub_s23,S2|S3,S2|S3,S2|S3
1786339479.635,c1,recommend,,0.0,26.76,7.97,3.74,,0,,0,200.0,obs,1208,26.76,14.03,4.0,,26.76,14.03,4.0,,26.76,7.97,3.74,,9.98,0,S2|S3,sub_s23,S2|S3,S2|S3,S2|S3
1786339479.635,c2,reserve,,0.0,26.34,7.65,3.32,,0,,0,36.0,obs,603,26.34,13.67,3.65,,26.34,13.67,3.65,,26.34,7.65,3.32,,9.98,0,S2|S3,sub_s23,S2|S3,S2|S3,S2|S3
1786339479.635,c2,search,,0.0,31.1,6.83,10.4,,0,,0,4474.0,obs,902,31.1,20.71,10.98,,31.1,20.71,10.98,,31.1,6.83,10.4,,9.98,0,S2|S3,sub_s23,S2|S3,S2|S3,S2|S3
1786339479.635,c2,recommend,,0.0,26.76,7.97,3.74,,0,,0,200.0,obs,1208,26.76,14.03,4.0,,26.76,14.03,4.0,,26.76,7.97,3.74,,9.98,0,S2|S3,sub_s23,S2|S3,S2|S3,S2|S3
1786339480.635,c1,reserve,,0.0,26.34,5.4,3.27,,0,,0,36.0,obs,605,26.34,13.67,3.65,,26.34,13.67,3.65,,26.34,5.4,3.27,,10.195,0,S2|S3,sub_s23,S2|S3,S2|S3,S2|S3
1786339480.635,c1,search,,0.0,31.1,6.28,10.27,,0,,0,4474.0,obs,905,31.1,20.71,10.98,,31.1,20.71,10.98,,31.1,6.28,10.27,,10.195,0,S2|S3,sub_s23,S2|S3,S2|S3,S2|S3
1786339480.635,c1,recommend,,0.0,26.76,7.53,3.74,,0,,0,200.0,obs,1201,26.76,14.03,4.0,,26.76,14.03,4.0,,26.76,7.53,3.74,,10.195,0,S2|S3,sub_s23,S2|S3,S2|S3,S2|S3
1786339480.635,c2,reserve,,0.0,26.34,5.4,3.27,,0,,0,36.0,obs,605,26.34,13.67,3.65,,26.34,13.67,3.65,,26.34,5.4,3.27,,10.195,0,S2|S3,sub_s23,S2|S3,S2|S3,S2|S3
1786339480.635,c2,search,,0.0,31.1,6.28,10.27,,0,,0,4474.0,obs,905,31.1,20.71,10.98,,31.1,20.71,10.98,,31.1,6.28,10.27,,10.195,0,S2|S3,sub_s23,S2|S3,S2|S3,S2|S3
1786339480.635,c2,recommend,,0.0,26.76,7.53,3.74,,0,,0,200.0,obs,1201,26.76,14.03,4.0,,26.76,14.03,4.0,,26.76,7.53,3.74,,10.195,0,S2|S3,sub_s23,S2|S3,S2|S3,S2|S3
1786339481.635,c1,reserve,,0.0,26.34,6.8,3.35,,0,,0,36.0,obs,602,26.34,13.67,3.65,,26.34,13.67,3.65,,26.34,6.8,3.35,,10.113,0,S2|S3,sub_s23,S2|S3,S2|S3,S2|S3
1786339481.635,c1,search,,0.0,31.1,8.84,9.96,,0,,0,4474.0,obs,903,31.1,20.71,10.98,,31.1,20.71,10.98,,31.1,8.84,9.96,,10.113,0,S2|S3,sub_s23,S2|S3,S2|S3,S2|S3
1786339481.635,c1,recommend,,0.0,26.76,9.05,3.78,,0,,0,200.0,obs,1212,26.76,14.03,4.0,,26.76,14.03,4.0,,26.76,9.05,3.78,,10.113,0,S2|S3,sub_s23,S2|S3,S2|S3,S2|S3
1786339481.635,c2,reserve,,0.0,26.34,6.8,3.35,,0,,0,36.0,obs,602,26.34,13.67,3.65,,26.34,13.67,3.65,,26.34,6.8,3.35,,10.113,0,S2|S3,sub_s23,S2|S3,S2|S3,S2|S3
1786339481.635,c2,search,,0.0,31.1,8.84,9.96,,0,,0,4474.0,obs,903,31.1,20.71,10.98,,31.1,20.71,10.98,,31.1,8.84,9.96,,10.113,0,S2|S3,sub_s23,S2|S3,S2|S3,S2|S3
1786339481.635,c2,recommend,,0.0,26.76,9.05,3.78,,0,,0,200.0,obs,1212,26.76,14.03,4.0,,26.76,14.03,4.0,,26.76,9.05,3.78,,10.113,0,S2|S3,sub_s23,S2|S3,S2|S3,S2|S3
1786339482.635,c1,reserve,,0.0,26.34,7.33,3.43,,0,,0,36.0,obs,607,26.34,13.67,3.65,,26.34,13.67,3.65,,26.34,7.33,3.43,,10.097,0,S2|S3,sub_s23,S2|S3,S2|S3,S2|S3
1786339482.635,c1,search,,0.0,31.1,9.15,10.35,,0,,0,4474.0,obs,904,31.1,20.71,10.98,,31.1,20.71,10.98,,31.1,9.15,10.35,,10.097,0,S2|S3,sub_s23,S2|S3,S2|S3,S2|S3
1786339482.635,c1,recommend,,0.0,26.76,9.4,3.92,,0,,0,200.0,obs,1204,26.76,14.03,4.0,,26.76,14.03,4.0,,26.76,9.4,3.92,,10.097,0,S2|S3,sub_s23,S2|S3,S2|S3,S2|S3
1786339482.635,c2,reserve,,0.0,26.34,7.33,3.43,,0,,0,36.0,obs,607,26.34,13.67,3.65,,26.34,13.67,3.65,,26.34,7.33,3.43,,10.097,0,S2|S3,sub_s23,S2|S3,S2|S3,S2|S3
1786339482.635,c2,search,,0.0,31.1,9.15,10.35,,0,,0,4474.0,obs,904,31.1,20.71,10.98,,31.1,20.71,10.98,,31.1,9.15,10.35,,10.097,0,S2|S3,sub_s23,S2|S3,S2|S3,S2|S3
1786339482.635,c2,recommend,,0.0,26.76,9.4,3.92,,0,,0,200.0,obs,1204,26.76,14.03,4.0,,26.76,14.03,4.0,,26.76,9.4,3.92,,10.097,0,S2|S3,sub_s23,S2|S3,S2|S3,S2|S3
1786339483.634,c1,reserve,,0.0,26.34,7.24,3.43,,0,,0,36.0,obs,602,26.34,13.67,3.65,,26.34,13.67,3.65,,26.34,7.24,3.43,,9.299,0,S2|S3,sub_s23,S2|S3,S2|S3,S2|S3
1786339483.634,c1,search,,0.0,31.1,7.51,9.98,,0,,0,4474.0,obs,906,31.1,20.71,10.98,,31.1,20.71,10.98,,31.1,7.51,9.98,,9.299,0,S2|S3,sub_s23,S2|S3,S2|S3,S2|S3
1786339483.634,c1,recommend,,0.0,26.76,9.15,3.86,,0,,0,200.0,obs,1210,26.76,14.03,4.0,,26.76,14.03,4.0,,26.76,9.15,3.86,,9.299,0,S2|S3,sub_s23,S2|S3,S2|S3,S2|S3
1786339483.634,c2,reserve,,0.0,26.34,7.24,3.43,,0,,0,36.0,obs,602,26.34,13.67,3.65,,26.34,13.67,3.65,,26.34,7.24,3.43,,9.299,0,S2|S3,sub_s23,S2|S3,S2|S3,S2|S3
1786339483.634,c2,search,,0.0,31.1,7.51,9.98,,0,,0,4474.0,obs,906,31.1,20.71,10.98,,31.1,20.71,10.98,,31.1,7.51,9.98,,9.299,0,S2|S3,sub_s23,S2|S3,S2|S3,S2|S3
1786339483.634,c2,recommend,,0.0,26.76,9.15,3.86,,0,,0,200.0,obs,1210,26.76,14.03,4.0,,26.76,14.03,4.0,,26.76,9.15,3.86,,9.299,0,S2|S3,sub_s23,S2|S3,S2|S3,S2|S3
1786339484.635,c1,reserve,,0.0,26.34,7.4,3.4,,0,,0,36.0,obs,607,26.34,13.67,3.65,,26.34,13.67,3.65,,26.34,7.4,3.4,,9.951,0,S2|S3,sub_s23,S2|S3,S2|S3,S2|S3
1786339484.635,c1,search,,0.0,31.1,7.47,9.81,,0,,0,4474.0,obs,902,31.1,20.71,10.98,,31.1,20.71,10.98,,31.1,7.47,9.81,,9.951,0,S2|S3,sub_s23,S2|S3,S2|S3,S2|S3
1786339484.635,c1,recommend,,0.0,26.76,8.81,3.73,,0,,0,200.0,obs,1210,26.76,14.03,4.0,,26.76,14.03,4.0,,26.76,8.81,3.73,,9.951,0,S2|S3,sub_s23,S2|S3,S2|S3,S2|S3
1786339484.635,c2,reserve,,0.0,26.34,7.4,3.4,,0,,0,36.0,obs,607,26.34,13.67,3.65,,26.34,13.67,3.65,,26.34,7.4,3.4,,9.951,0,S2|S3,sub_s23,S2|S3,S2|S3,S2|S3
1786339484.635,c2,search,,0.0,31.1,7.47,9.81,,0,,0,4474.0,obs,902,31.1,20.71,10.98,,31.1,20.71,10.98,,31.1,7.47,9.81,,9.951,0,S2|S3,sub_s23,S2|S3,S2|S3,S2|S3
1786339484.635,c2,recommend,,0.0,26.76,8.81,3.73,,0,,0,200.0,obs,1210,26.76,14.03,4.0,,26.76,14.03,4.0,,26.76,8.81,3.73,,9.951,0,S2|S3,sub_s23,S2|S3,S2|S3,S2|S3
1786339485.635,c1,reserve,,0.0,26.34,7.39,3.29,,0,,0,36.0,obs,603,26.34,13.67,3.65,,26.34,13.67,3.65,,26.34,7.39,3.29,,10.067,0,S2|S3,sub_s23,S2|S3,S2|S3,S2|S3
1786339485.635,c1,search,,0.0,31.1,8.78,10.06,,0,,0,4474.0,obs,906,31.1,20.71,10.98,,31.1,20.71,10.98,,31.1,8.78,10.06,,10.067,0,S2|S3,sub_s23,S2|S3,S2|S3,S2|S3
1786339485.635,c1,recommend,,0.0,26.76,8.94,3.68,,0,,0,200.0,obs,1212,26.76,14.03,4.0,,26.76,14.03,4.0,,26.76,8.94,3.68,,10.067,0,S2|S3,sub_s23,S2|S3,S2|S3,S2|S3
1786339485.635,c2,reserve,,0.0,26.34,7.39,3.29,,0,,0,36.0,obs,603,26.34,13.67,3.65,,26.34,13.67,3.65,,26.34,7.39,3.29,,10.067,0,S2|S3,sub_s23,S2|S3,S2|S3,S2|S3
1786339485.635,c2,search,,0.0,31.1,8.78,10.06,,0,,0,4474.0,obs,906,31.1,20.71,10.98,,31.1,20.71,10.98,,31.1,8.78,10.06,,10.067,0,S2|S3,sub_s23,S2|S3,S2|S3,S2|S3
1786339485.635,c2,recommend,,0.0,26.76,8.94,3.68,,0,,0,200.0,obs,1212,26.76,14.03,4.0,,26.76,14.03,4.0,,26.76,8.94,3.68,,10.067,0,S2|S3,sub_s23,S2|S3,S2|S3,S2|S3
1786339486.635,c1,reserve,,0.0,26.34,6.69,3.35,,0,,0,36.0,obs,603,26.34,13.67,3.65,,26.34,13.67,3.65,,26.34,6.69,3.35,,10.001,0,S2|S3,sub_s23,S2|S3,S2|S3,S2|S3
1786339486.635,c1,search,,0.0,31.1,8.3,10.49,,0,,0,4474.0,obs,906,31.1,20.71,10.98,,31.1,20.71,10.98,,31.1,8.3,10.49,,10.001,0,S2|S3,sub_s23,S2|S3,S2|S3,S2|S3
1786339486.635,c1,recommend,,0.0,26.76,8.51,3.77,,0,,0,200.0,obs,1216,26.76,14.03,4.0,,26.76,14.03,4.0,,26.76,8.51,3.77,,10.001,0,S2|S3,sub_s23,S2|S3,S2|S3,S2|S3
1786339486.635,c2,reserve,,0.0,26.34,6.69,3.35,,0,,0,36.0,obs,603,26.34,13.67,3.65,,26.34,13.67,3.65,,26.34,6.69,3.35,,10.001,0,S2|S3,sub_s23,S2|S3,S2|S3,S2|S3
1786339486.635,c2,search,,0.0,31.1,8.3,10.49,,0,,0,4474.0,obs,906,31.1,20.71,10.98,,31.1,20.71,10.98,,31.1,8.3,10.49,,10.001,0,S2|S3,sub_s23,S2|S3,S2|S3,S2|S3
1786339486.635,c2,recommend,,0.0,26.76,8.51,3.77,,0,,0,200.0,obs,1216,26.76,14.03,4.0,,26.76,14.03,4.0,,26.76,8.51,3.77,,10.001,0,S2|S3,sub_s23,S2|S3,S2|S3,S2|S3
1786339487.635,c1,reserve,,0.0,26.34,6.68,3.12,,0,,0,36.0,obs,604,26.34,13.67,3.65,,26.34,13.67,3.65,,26.34,6.68,3.12,,10.166,0,S2|S3,sub_s23,S2|S3,S2|S3,S2|S3
1786339487.635,c1,search,,0.0,31.1,7.55,10.45,,0,,0,4474.0,obs,908,31.1,20.71,10.98,,31.1,20.71,10.98,,31.1,7.55,10.45,,10.166,0,S2|S3,sub_s23,S2|S3,S2|S3,S2|S3
1786339487.635,c1,recommend,,0.0,26.76,8.47,3.71,,0,,0,200.0,obs,1212,26.76,14.03,4.0,,26.76,14.03,4.0,,26.76,8.47,3.71,,10.166,0,S2|S3,sub_s23,S2|S3,S2|S3,S2|S3
1786339487.635,c2,reserve,,0.0,26.34,6.68,3.12,,0,,0,36.0,obs,604,26.34,13.67,3.65,,26.34,13.67,3.65,,26.34,6.68,3.12,,10.166,0,S2|S3,sub_s23,S2|S3,S2|S3,S2|S3
1786339487.635,c2,search,,0.0,31.1,7.55,10.45,,0,,0,4474.0,obs,908,31.1,20.71,10.98,,31.1,20.71,10.98,,31.1,7.55,10.45,,10.166,0,S2|S3,sub_s23,S2|S3,S2|S3,S2|S3
1786339487.635,c2,recommend,,0.0,26.76,8.47,3.71,,0,,0,200.0,obs,1212,26.76,14.03,4.0,,26.76,14.03,4.0,,26.76,8.47,3.71,,10.166,0,S2|S3,sub_s23,S2|S3,S2|S3,S2|S3
1786339488.634,c1,reserve,,0.0,26.34,7.0,3.16,,0,,0,36.0,obs,602,26.34,13.67,3.65,,26.34,13.67,3.65,,26.34,7.0,3.16,,9.397,0,S2|S3,sub_s23,S2|S3,S2|S3,S2|S3
1786339488.634,c1,search,,0.0,31.1,7.03,10.27,,0,,0,4474.0,obs,906,31.1,20.71,10.98,,31.1,20.71,10.98,,31.1,7.03,10.27,,9.397,0,S2|S3,sub_s23,S2|S3,S2|S3,S2|S3
1786339488.634,c1,recommend,,0.0,26.76,8.57,3.65,,0,,0,200.0,obs,1215,26.76,14.03,4.0,,26.76,14.03,4.0,,26.76,8.57,3.65,,9.397,0,S2|S3,sub_s23,S2|S3,S2|S3,S2|S3
1786339488.634,c2,reserve,,0.0,26.34,7.0,3.16,,0,,0,36.0,obs,602,26.34,13.67,3.65,,26.34,13.67,3.65,,26.34,7.0,3.16,,9.397,0,S2|S3,sub_s23,S2|S3,S2|S3,S2|S3
1786339488.634,c2,search,,0.0,31.1,7.03,10.27,,0,,0,4474.0,obs,906,31.1,20.71,10.98,,31.1,20.71,10.98,,31.1,7.03,10.27,,9.397,0,S2|S3,sub_s23,S2|S3,S2|S3,S2|S3
1786339488.634,c2,recommend,,0.0,26.76,8.57,3.65,,0,,0,200.0,obs,1215,26.76,14.03,4.0,,26.76,14.03,4.0,,26.76,8.57,3.65,,9.397,0,S2|S3,sub_s23,S2|S3,S2|S3,S2|S3
1786339489.635,c1,reserve,,0.0,26.34,7.0,3.44,,0,,0,36.0,obs,608,26.34,13.67,3.65,,26.34,13.67,3.65,,26.34,7.0,3.44,,10.183,0,S2|S3,sub_s23,S2|S3,S2|S3,S2|S3
1786339489.635,c1,search,,0.0,31.1,7.02,10.27,,0,,0,4474.0,obs,907,31.1,20.71,10.98,,31.1,20.71,10.98,,31.1,7.02,10.27,,10.183,0,S2|S3,sub_s23,S2|S3,S2|S3,S2|S3
1786339489.635,c1,recommend,,0.0,26.76,8.64,3.91,,0,,0,200.0,obs,1211,26.76,14.03,4.0,,26.76,14.03,4.0,,26.76,8.64,3.91,,10.183,0,S2|S3,sub_s23,S2|S3,S2|S3,S2|S3
1786339489.635,c2,reserve,,0.0,26.34,7.0,3.44,,0,,0,36.0,obs,608,26.34,13.67,3.65,,26.34,13.67,3.65,,26.34,7.0,3.44,,10.183,0,S2|S3,sub_s23,S2|S3,S2|S3,S2|S3
1786339489.635,c2,search,,0.0,31.1,7.02,10.27,,0,,0,4474.0,obs,907,31.1,20.71,10.98,,31.1,20.71,10.98,,31.1,7.02,10.27,,10.183,0,S2|S3,sub_s23,S2|S3,S2|S3,S2|S3
1786339489.635,c2,recommend,,0.0,26.76,8.64,3.91,,0,,0,200.0,obs,1211,26.76,14.03,4.0,,26.76,14.03,4.0,,26.76,8.64,3.91,,10.183,0,S2|S3,sub_s23,S2|S3,S2|S3,S2|S3
1786339490.634,c1,reserve,,0.0,26.34,7.12,3.44,,0,,0,36.0,obs,606,26.34,13.67,3.65,,26.34,13.67,3.65,,26.34,7.12,3.44,,9.396,0,S2|S3,sub_s23,S2|S3,S2|S3,S2|S3
1786339490.634,c1,search,,0.0,31.1,8.38,10.11,,0,,0,4474.0,obs,908,31.1,20.71,10.98,,31.1,20.71,10.98,,31.1,8.38,10.11,,9.396,0,S2|S3,sub_s23,S2|S3,S2|S3,S2|S3
1786339490.634,c1,recommend,,0.0,26.76,8.64,3.83,,0,,0,200.0,obs,1219,26.76,14.03,4.0,,26.76,14.03,4.0,,26.76,8.64,3.83,,9.396,0,S2|S3,sub_s23,S2|S3,S2|S3,S2|S3
1786339490.634,c2,reserve,,0.0,26.34,7.12,3.44,,0,,0,36.0,obs,606,26.34,13.67,3.65,,26.34,13.67,3.65,,26.34,7.12,3.44,,9.396,0,S2|S3,sub_s23,S2|S3,S2|S3,S2|S3
1786339490.634,c2,search,,0.0,31.1,8.38,10.11,,0,,0,4474.0,obs,908,31.1,20.71,10.98,,31.1,20.71,10.98,,31.1,8.38,10.11,,9.396,0,S2|S3,sub_s23,S2|S3,S2|S3,S2|S3
1786339490.634,c2,recommend,,0.0,26.76,8.64,3.83,,0,,0,200.0,obs,1219,26.76,14.03,4.0,,26.76,14.03,4.0,,26.76,8.64,3.83,,9.396,0,S2|S3,sub_s23,S2|S3,S2|S3,S2|S3
1786339491.635,c1,reserve,,0.0,26.34,7.24,3.46,,0,,0,36.0,obs,611,26.34,13.67,3.65,,26.34,13.67,3.65,,26.34,7.24,3.46,,9.453,0,S2|S3,sub_s23,S2|S3,S2|S3,S2|S3
1786339491.635,c1,search,,0.0,31.1,8.28,10.01,,0,,0,4474.0,obs,906,31.1,20.71,10.98,,31.1,20.71,10.98,,31.1,8.28,10.01,,9.453,0,S2|S3,sub_s23,S2|S3,S2|S3,S2|S3
1786339491.635,c1,recommend,,0.0,26.76,8.4,3.74,,0,,0,200.0,obs,1215,26.76,14.03,4.0,,26.76,14.03,4.0,,26.76,8.4,3.74,,9.453,0,S2|S3,sub_s23,S2|S3,S2|S3,S2|S3
1786339491.635,c2,reserve,,0.0,26.34,7.24,3.46,,0,,0,36.0,obs,611,26.34,13.67,3.65,,26.34,13.67,3.65,,26.34,7.24,3.46,,9.453,0,S2|S3,sub_s23,S2|S3,S2|S3,S2|S3
1786339491.635,c2,search,,0.0,31.1,8.28,10.01,,0,,0,4474.0,obs,906,31.1,20.71,10.98,,31.1,20.71,10.98,,31.1,8.28,10.01,,9.453,0,S2|S3,sub_s23,S2|S3,S2|S3,S2|S3
1786339491.635,c2,recommend,,0.0,26.76,8.4,3.74,,0,,0,200.0,obs,1215,26.76,14.03,4.0,,26.76,14.03,4.0,,26.76,8.4,3.74,,9.453,0,S2|S3,sub_s23,S2|S3,S2|S3,S2|S3
1786339492.635,c1,reserve,,0.0,26.34,6.81,3.62,,0,,0,36.0,obs,609,26.34,13.67,3.65,,26.34,13.67,3.65,,26.34,6.81,3.62,,10.114,0,S2|S3,sub_s23,S2|S3,S2|S3,S2|S3
1786339492.635,c1,search,,0.0,31.1,6.47,10.25,,0,,0,4474.0,obs,911,31.1,20.71,10.98,,31.1,20.71,10.98,,31.1,6.47,10.25,,10.114,0,S2|S3,sub_s23,S2|S3,S2|S3,S2|S3
1786339492.635,c1,recommend,,0.0,26.76,8.55,3.78,,0,,0,200.0,obs,1218,26.76,14.03,4.0,,26.76,14.03,4.0,,26.76,8.55,3.78,,10.114,0,S2|S3,sub_s23,S2|S3,S2|S3,S2|S3
1786339492.635,c2,reserve,,0.0,26.34,6.81,3.62,,0,,0,36.0,obs,609,26.34,13.67,3.65,,26.34,13.67,3.65,,26.34,6.81,3.62,,10.114,0,S2|S3,sub_s23,S2|S3,S2|S3,S2|S3
1786339492.635,c2,search,,0.0,31.1,6.47,10.25,,0,,0,4474.0,obs,911,31.1,20.71,10.98,,31.1,20.71,10.98,,31.1,6.47,10.25,,10.114,0,S2|S3,sub_s23,S2|S3,S2|S3,S2|S3
1786339492.635,c2,recommend,,0.0,26.76,8.55,3.78,,0,,0,200.0,obs,1218,26.76,14.03,4.0,,26.76,14.03,4.0,,26.76,8.55,3.78,,10.114,0,S2|S3,sub_s23,S2|S3,S2|S3,S2|S3
1786339493.635,c1,reserve,,0.0,26.34,6.14,3.46,,0,,0,36.0,obs,607,26.34,13.67,3.65,,26.34,13.67,3.65,,26.34,6.14,3.46,,10.073,0,S2|S3,sub_s23,S2|S3,S2|S3,S2|S3
1786339493.635,c1,search,,0.0,31.1,6.47,10.24,,0,,0,4474.0,obs,908,31.1,20.71,10.98,,31.1,20.71,10.98,,31.1,6.47,10.24,,10.073,0,S2|S3,sub_s23,S2|S3,S2|S3,S2|S3
1786339493.635,c1,recommend,,0.0,26.76,8.17,3.79,,0,,0,200.0,obs,1223,26.76,14.03,4.0,,26.76,14.03,4.0,,26.76,8.17,3.79,,10.073,0,S2|S3,sub_s23,S2|S3,S2|S3,S2|S3
1786339493.635,c2,reserve,,0.0,26.34,6.14,3.46,,0,,0,36.0,obs,607,26.34,13.67,3.65,,26.34,13.67,3.65,,26.34,6.14,3.46,,10.073,0,S2|S3,sub_s23,S2|S3,S2|S3,S2|S3
1786339493.635,c2,search,,0.0,31.1,6.47,10.24,,0,,0,4474.0,obs,908,31.1,20.71,10.98,,31.1,20.71,10.98,,31.1,6.47,10.24,,10.073,0,S2|S3,sub_s23,S2|S3,S2|S3,S2|S3
1786339493.635,c2,recommend,,0.0,26.76,8.17,3.79,,0,,0,200.0,obs,1223,26.76,14.03,4.0,,26.76,14.03,4.0,,26.76,8.17,3.79,,10.073,0,S2|S3,sub_s23,S2|S3,S2|S3,S2|S3
1786339494.636,c1,reserve,,0.0,26.34,6.98,3.48,,0,,0,36.0,obs,609,26.34,13.67,3.65,,26.34,13.67,3.65,,26.34,6.98,3.48,,10.42,0,S2|S3,sub_s23,S2|S3,S2|S3,S2|S3
1786339494.636,c1,search,,0.0,31.1,7.64,10.38,,0,,0,4474.0,obs,912,31.1,20.71,10.98,,31.1,20.71,10.98,,31.1,7.64,10.38,,10.42,0,S2|S3,sub_s23,S2|S3,S2|S3,S2|S3
1786339494.636,c1,recommend,,0.0,26.76,8.33,3.7,,0,,0,200.0,obs,1216,26.76,14.03,4.0,,26.76,14.03,4.0,,26.76,8.33,3.7,,10.42,0,S2|S3,sub_s23,S2|S3,S2|S3,S2|S3
1786339494.636,c2,reserve,,0.0,26.34,6.98,3.48,,0,,0,36.0,obs,609,26.34,13.67,3.65,,26.34,13.67,3.65,,26.34,6.98,3.48,,10.42,0,S2|S3,sub_s23,S2|S3,S2|S3,S2|S3
1786339494.636,c2,search,,0.0,31.1,7.64,10.38,,0,,0,4474.0,obs,912,31.1,20.71,10.98,,31.1,20.71,10.98,,31.1,7.64,10.38,,10.42,0,S2|S3,sub_s23,S2|S3,S2|S3,S2|S3
1786339494.636,c2,recommend,,0.0,26.76,8.33,3.7,,0,,0,200.0,obs,1216,26.76,14.03,4.0,,26.76,14.03,4.0,,26.76,8.33,3.7,,10.42,0,S2|S3,sub_s23,S2|S3,S2|S3,S2|S3
1786339495.635,c1,reserve,,0.0,26.34,8.24,3.25,,0,,0,36.0,obs,607,26.34,13.67,3.65,,26.34,13.67,3.65,,26.34,8.24,3.25,,11.131,0,S2|S3,sub_s23,S2|S3,S2|S3,S2|S3
1786339495.635,c1,search,,0.0,31.1,9.01,10.27,,0,,0,4474.0,obs,911,31.1,20.71,10.98,,31.1,20.71,10.98,,31.1,9.01,10.27,,11.131,0,S2|S3,sub_s23,S2|S3,S2|S3,S2|S3
1786339495.635,c1,recommend,,0.0,26.76,9.6,3.61,,0,,0,200.0,obs,1218,26.76,14.03,4.0,,26.76,14.03,4.0,,26.76,9.6,3.61,,11.131,0,S2|S3,sub_s23,S2|S3,S2|S3,S2|S3
1786339495.635,c2,reserve,,0.0,26.34,8.24,3.25,,0,,0,36.0,obs,607,26.34,13.67,3.65,,26.34,13.67,3.65,,26.34,8.24,3.25,,11.131,0,S2|S3,sub_s23,S2|S3,S2|S3,S2|S3
1786339495.635,c2,search,,0.0,31.1,9.01,10.27,,0,,0,4474.0,obs,911,31.1,20.71,10.98,,31.1,20.71,10.98,,31.1,9.01,10.27,,11.131,0,S2|S3,sub_s23,S2|S3,S2|S3,S2|S3
1786339495.635,c2,recommend,,0.0,26.76,9.6,3.61,,0,,0,200.0,obs,1218,26.76,14.03,4.0,,26.76,14.03,4.0,,26.76,9.6,3.61,,11.131,0,S2|S3,sub_s23,S2|S3,S2|S3,S2|S3
1786339496.634,c1,reserve,,0.0,26.34,7.85,3.15,,0,,0,36.0,obs,610,26.34,13.67,3.65,,26.34,13.67,3.65,,26.34,7.85,3.15,,9.36,0,S2|S3,sub_s23,S2|S3,S2|S3,S2|S3
1786339496.634,c1,search,,0.0,31.1,8.94,9.75,,0,,0,4474.0,obs,912,31.1,20.71,10.98,,31.1,20.71,10.98,,31.1,8.94,9.75,,9.36,0,S2|S3,sub_s23,S2|S3,S2|S3,S2|S3
1786339496.634,c1,recommend,,0.0,26.76,8.6,3.43,,0,,0,200.0,obs,1216,26.76,14.03,4.0,,26.76,14.03,4.0,,26.76,8.6,3.43,,9.36,0,S2|S3,sub_s23,S2|S3,S2|S3,S2|S3
1786339496.634,c2,reserve,,0.0,26.34,7.85,3.15,,0,,0,36.0,obs,610,26.34,13.67,3.65,,26.34,13.67,3.65,,26.34,7.85,3.15,,9.36,0,S2|S3,sub_s23,S2|S3,S2|S3,S2|S3
1786339496.634,c2,search,,0.0,31.1,8.94,9.75,,0,,0,4474.0,obs,912,31.1,20.71,10.98,,31.1,20.71,10.98,,31.1,8.94,9.75,,9.36,0,S2|S3,sub_s23,S2|S3,S2|S3,S2|S3
1786339496.634,c2,recommend,,0.0,26.76,8.6,3.43,,0,,0,200.0,obs,1216,26.76,14.03,4.0,,26.76,14.03,4.0,,26.76,8.6,3.43,,9.36,0,S2|S3,sub_s23,S2|S3,S2|S3,S2|S3
1786339497.634,c1,reserve,,0.0,26.34,7.72,2.99,,0,,0,36.0,obs,609,26.34,13.67,3.65,,26.34,13.67,3.65,,26.34,7.72,2.99,,10.378,0,S2|S3,sub_s23,S2|S3,S2|S3,S2|S3
1786339497.634,c1,search,,0.0,31.1,8.66,9.61,,0,,0,4474.0,obs,913,31.1,20.71,10.98,,31.1,20.71,10.98,,31.1,8.66,9.61,,10.378,0,S2|S3,sub_s23,S2|S3,S2|S3,S2|S3
1786339497.634,c1,recommend,,0.0,26.76,8.84,3.44,,0,,0,200.0,obs,1226,26.76,14.03,4.0,,26.76,14.03,4.0,,26.76,8.84,3.44,,10.378,0,S2|S3,sub_s23,S2|S3,S2|S3,S2|S3
1786339497.634,c2,reserve,,0.0,26.34,7.72,2.99,,0,,0,36.0,obs,609,26.34,13.67,3.65,,26.34,13.67,3.65,,26.34,7.72,2.99,,10.378,0,S2|S3,sub_s23,S2|S3,S2|S3,S2|S3
1786339497.634,c2,search,,0.0,31.1,8.66,9.61,,0,,0,4474.0,obs,913,31.1,20.71,10.98,,31.1,20.71,10.98,,31.1,8.66,9.61,,10.378,0,S2|S3,sub_s23,S2|S3,S2|S3,S2|S3
1786339497.634,c2,recommend,,0.0,26.76,8.84,3.44,,0,,0,200.0,obs,1226,26.76,14.03,4.0,,26.76,14.03,4.0,,26.76,8.84,3.44,,10.378,0,S2|S3,sub_s23,S2|S3,S2|S3,S2|S3
1786339498.634,c1,reserve,,0.0,26.34,7.25,3.18,,0,,0,36.0,obs,615,26.34,13.67,3.65,,26.34,13.67,3.65,,26.34,7.25,3.18,,9.502,0,S2|S3,sub_s23,S2|S3,S2|S3,S2|S3
1786339498.634,c1,search,,0.0,31.1,8.38,9.6,,0,,0,4474.0,obs,913,31.1,20.71,10.98,,31.1,20.71,10.98,,31.1,8.38,9.6,,9.502,0,S2|S3,sub_s23,S2|S3,S2|S3,S2|S3
1786339498.634,c1,recommend,,0.0,26.76,9.1,3.74,,0,,0,200.0,obs,1226,26.76,14.03,4.0,,26.76,14.03,4.0,,26.76,9.1,3.74,,9.502,0,S2|S3,sub_s23,S2|S3,S2|S3,S2|S3
1786339498.634,c2,reserve,,0.0,26.34,7.25,3.18,,0,,0,36.0,obs,615,26.34,13.67,3.65,,26.34,13.67,3.65,,26.34,7.25,3.18,,9.502,0,S2|S3,sub_s23,S2|S3,S2|S3,S2|S3
1786339498.634,c2,search,,0.0,31.1,8.38,9.6,,0,,0,4474.0,obs,913,31.1,20.71,10.98,,31.1,20.71,10.98,,31.1,8.38,9.6,,9.502,0,S2|S3,sub_s23,S2|S3,S2|S3,S2|S3
1786339498.634,c2,recommend,,0.0,26.76,9.1,3.74,,0,,0,200.0,obs,1226,26.76,14.03,4.0,,26.76,14.03,4.0,,26.76,9.1,3.74,,9.502,0,S2|S3,sub_s23,S2|S3,S2|S3,S2|S3
1786339499.636,c1,reserve,,0.0,26.34,6.14,3.18,,0,,0,36.0,obs,609,26.34,13.67,3.65,,26.34,13.67,3.65,,26.34,6.14,3.18,,11.878,0,S2|S3,sub_s23,S2|S3,S2|S3,S2|S3
1786339499.636,c1,search,,0.0,31.1,3.68,9.54,,0,,0,4474.0,obs,916,31.1,20.71,10.98,,31.1,20.71,10.98,,31.1,3.68,9.54,,11.878,0,S2|S3,sub_s23,S2|S3,S2|S3,S2|S3
1786339499.636,c1,recommend,,0.0,26.76,8.3,3.84,,0,,0,200.0,obs,1221,26.76,14.03,4.0,,26.76,14.03,4.0,,26.76,8.3,3.84,,11.878,0,S2|S3,sub_s23,S2|S3,S2|S3,S2|S3
1786339499.636,c2,reserve,,0.0,26.34,6.14,3.18,,0,,0,36.0,obs,609,26.34,13.67,3.65,,26.34,13.67,3.65,,26.34,6.14,3.18,,11.878,0,S2|S3,sub_s23,S2|S3,S2|S3,S2|S3
1786339499.636,c2,search,,0.0,31.1,3.68,9.54,,0,,0,4474.0,obs,916,31.1,20.71,10.98,,31.1,20.71,10.98,,31.1,3.68,9.54,,11.878,0,S2|S3,sub_s23,S2|S3,S2|S3,S2|S3
1786339499.636,c2,recommend,,0.0,26.76,8.3,3.84,,0,,0,200.0,obs,1221,26.76,14.03,4.0,,26.76,14.03,4.0,,26.76,8.3,3.84,,11.878,0,S2|S3,sub_s23,S2|S3,S2|S3,S2|S3
1786339500.635,c1,reserve,,0.0,26.34,7.05,3.29,,0,,0,36.0,obs,611,26.34,13.67,3.65,,26.34,13.67,3.65,,26.34,7.05,3.29,,9.555,0,S2|S3,sub_s23,S2|S3,S2|S3,S2|S3
1786339500.635,c1,search,,0.0,31.1,3.83,9.91,,0,,0,4474.0,obs,915,31.1,20.71,10.98,,31.1,20.71,10.98,,31.1,3.83,9.91,,9.555,0,S2|S3,sub_s23,S2|S3,S2|S3,S2|S3
1786339500.635,c1,recommend,,0.0,26.76,9.11,3.76,,0,,0,200.0,obs,1225,26.76,14.03,4.0,,26.76,14.03,4.0,,26.76,9.11,3.76,,9.555,0,S2|S3,sub_s23,S2|S3,S2|S3,S2|S3
1786339500.635,c2,reserve,,0.0,26.34,7.05,3.29,,0,,0,36.0,obs,611,26.34,13.67,3.65,,26.34,13.67,3.65,,26.34,7.05,3.29,,9.555,0,S2|S3,sub_s23,S2|S3,S2|S3,S2|S3
1786339500.635,c2,search,,0.0,31.1,3.83,9.91,,0,,0,4474.0,obs,915,31.1,20.71,10.98,,31.1,20.71,10.98,,31.1,3.83,9.91,,9.555,0,S2|S3,sub_s23,S2|S3,S2|S3,S2|S3
1786339500.635,c2,recommend,,0.0,26.76,9.11,3.76,,0,,0,200.0,obs,1225,26.76,14.03,4.0,,26.76,14.03,4.0,,26.76,9.11,3.76,,9.555,0,S2|S3,sub_s23,S2|S3,S2|S3,S2|S3
1786339501.635,c1,reserve,,0.0,26.34,8.09,3.42,,0,,0,36.0,obs,609,26.34,13.67,3.65,,26.34,13.67,3.65,,26.34,8.09,3.42,,10.123,0,S2|S3,sub_s23,S2|S3,S2|S3,S2|S3
1786339501.635,c1,search,,0.0,31.1,9.91,10.1,,0,,0,4474.0,obs,918,31.1,20.71,10.98,,31.1,20.71,10.98,,31.1,9.91,10.1,,10.123,0,S2|S3,sub_s23,S2|S3,S2|S3,S2|S3
1786339501.635,c1,recommend,,0.0,26.76,9.65,3.74,,0,,0,200.0,obs,1224,26.76,14.03,4.0,,26.76,14.03,4.0,,26.76,9.65,3.74,,10.123,0,S2|S3,sub_s23,S2|S3,S2|S3,S2|S3
1786339501.635,c2,reserve,,0.0,26.34,8.09,3.42,,0,,0,36.0,obs,609,26.34,13.67,3.65,,26.34,13.67,3.65,,26.34,8.09,3.42,,10.123,0,S2|S3,sub_s23,S2|S3,S2|S3,S2|S3
1786339501.635,c2,search,,0.0,31.1,9.91,10.1,,0,,0,4474.0,obs,918,31.1,20.71,10.98,,31.1,20.71,10.98,,31.1,9.91,10.1,,10.123,0,S2|S3,sub_s23,S2|S3,S2|S3,S2|S3
1786339501.635,c2,recommend,,0.0,26.76,9.65,3.74,,0,,0,200.0,obs,1224,26.76,14.03,4.0,,26.76,14.03,4.0,,26.76,9.65,3.74,,10.123,0,S2|S3,sub_s23,S2|S3,S2|S3,S2|S3
1786339502.635,c1,reserve,,0.0,26.34,7.65,3.45,,0,,0,36.0,obs,610,26.34,13.67,3.65,,26.34,13.67,3.65,,26.34,7.65,3.45,,10.351,0,S2|S3,sub_s23,S2|S3,S2|S3,S2|S3
1786339502.635,c1,search,,0.0,31.1,8.66,10.32,,0,,0,4474.0,obs,915,31.1,20.71,10.98,,31.1,20.71,10.98,,31.1,8.66,10.32,,10.351,0,S2|S3,sub_s23,S2|S3,S2|S3,S2|S3
1786339502.635,c1,recommend,,0.0,26.76,9.18,3.73,,0,,0,200.0,obs,1227,26.76,14.03,4.0,,26.76,14.03,4.0,,26.76,9.18,3.73,,10.351,0,S2|S3,sub_s23,S2|S3,S2|S3,S2|S3
1786339502.635,c2,reserve,,0.0,26.34,7.65,3.45,,0,,0,36.0,obs,610,26.34,13.67,3.65,,26.34,13.67,3.65,,26.34,7.65,3.45,,10.351,0,S2|S3,sub_s23,S2|S3,S2|S3,S2|S3
1786339502.635,c2,search,,0.0,31.1,8.66,10.32,,0,,0,4474.0,obs,915,31.1,20.71,10.98,,31.1,20.71,10.98,,31.1,8.66,10.32,,10.351,0,S2|S3,sub_s23,S2|S3,S2|S3,S2|S3
1786339502.635,c2,recommend,,0.0,26.76,9.18,3.73,,0,,0,200.0,obs,1227,26.76,14.03,4.0,,26.76,14.03,4.0,,26.76,9.18,3.73,,10.351,0,S2|S3,sub_s23,S2|S3,S2|S3,S2|S3
1786339503.635,c1,reserve,,0.0,26.34,7.75,3.11,,0,,0,36.0,obs,613,26.34,13.67,3.65,,26.34,13.67,3.65,,26.34,7.75,3.11,,9.423,0,S2|S3,sub_s23,S2|S3,S2|S3,S2|S3
1786339503.635,c1,search,,0.0,31.1,9.14,10.14,,0,,0,4474.0,obs,917,31.1,20.71,10.98,,31.1,20.71,10.98,,31.1,9.14,10.14,,9.423,0,S2|S3,sub_s23,S2|S3,S2|S3,S2|S3
1786339503.635,c1,recommend,,0.0,26.76,8.98,3.74,,0,,0,200.0,obs,1222,26.76,14.03,4.0,,26.76,14.03,4.0,,26.76,8.98,3.74,,9.423,0,S2|S3,sub_s23,S2|S3,S2|S3,S2|S3
1786339503.635,c2,reserve,,0.0,26.34,7.75,3.11,,0,,0,36.0,obs,613,26.34,13.67,3.65,,26.34,13.67,3.65,,26.34,7.75,3.11,,9.423,0,S2|S3,sub_s23,S2|S3,S2|S3,S2|S3
1786339503.635,c2,search,,0.0,31.1,9.14,10.14,,0,,0,4474.0,obs,917,31.1,20.71,10.98,,31.1,20.71,10.98,,31.1,9.14,10.14,,9.423,0,S2|S3,sub_s23,S2|S3,S2|S3,S2|S3
1786339503.635,c2,recommend,,0.0,26.76,8.98,3.74,,0,,0,200.0,obs,1222,26.76,14.03,4.0,,26.76,14.03,4.0,,26.76,8.98,3.74,,9.423,0,S2|S3,sub_s23,S2|S3,S2|S3,S2|S3
1786339504.635,c1,reserve,,0.0,26.34,7.42,2.9,,0,,0,36.0,obs,610,26.34,13.67,3.65,,26.34,13.67,3.65,,26.34,7.42,2.9,,9.61,0,S2|S3,sub_s23,S2|S3,S2|S3,S2|S3
1786339504.635,c1,search,,0.0,31.1,8.37,9.95,,0,,0,4474.0,obs,916,31.1,20.71,10.98,,31.1,20.71,10.98,,31.1,8.37,9.95,,9.61,0,S2|S3,sub_s23,S2|S3,S2|S3,S2|S3
1786339504.635,c1,recommend,,0.0,26.76,9.22,3.74,,0,,0,200.0,obs,1230,26.76,14.03,4.0,,26.76,14.03,4.0,,26.76,9.22,3.74,,9.61,0,S2|S3,sub_s23,S2|S3,S2|S3,S2|S3
1786339504.635,c2,reserve,,0.0,26.34,7.42,2.9,,0,,0,36.0,obs,610,26.34,13.67,3.65,,26.34,13.67,3.65,,26.34,7.42,2.9,,9.61,0,S2|S3,sub_s23,S2|S3,S2|S3,S2|S3
1786339504.635,c2,search,,0.0,31.1,8.37,9.95,,0,,0,4474.0,obs,916,31.1,20.71,10.98,,31.1,20.71,10.98,,31.1,8.37,9.95,,9.61,0,S2|S3,sub_s23,S2|S3,S2|S3,S2|S3
1786339504.635,c2,recommend,,0.0,26.76,9.22,3.74,,0,,0,200.0,obs,1230,26.76,14.03,4.0,,26.76,14.03,4.0,,26.76,9.22,3.74,,9.61,0,S2|S3,sub_s23,S2|S3,S2|S3,S2|S3
1786339505.634,c1,reserve,,0.0,26.34,7.05,3.21,,0,,0,36.0,obs,617,26.34,13.67,3.65,,26.34,13.67,3.65,,26.34,7.05,3.21,,9.495,0,S2|S3,sub_s23,S2|S3,S2|S3,S2|S3
1786339505.634,c1,search,,0.0,31.1,6.67,10.29,,0,,0,4474.0,obs,919,31.1,20.71,10.98,,31.1,20.71,10.98,,31.1,6.67,10.29,,9.495,0,S2|S3,sub_s23,S2|S3,S2|S3,S2|S3
1786339505.634,c1,recommend,,0.0,26.76,9.38,3.79,,0,,0,200.0,obs,1228,26.76,14.03,4.0,,26.76,14.03,4.0,,26.76,9.38,3.79,,9.495,0,S2|S3,sub_s23,S2|S3,S2|S3,S2|S3
1786339505.634,c2,reserve,,0.0,26.34,7.05,3.21,,0,,0,36.0,obs,617,26.34,13.67,3.65,,26.34,13.67,3.65,,26.34,7.05,3.21,,9.495,0,S2|S3,sub_s23,S2|S3,S2|S3,S2|S3
1786339505.634,c2,search,,0.0,31.1,6.67,10.29,,0,,0,4474.0,obs,919,31.1,20.71,10.98,,31.1,20.71,10.98,,31.1,6.67,10.29,,9.495,0,S2|S3,sub_s23,S2|S3,S2|S3,S2|S3
1786339505.634,c2,recommend,,0.0,26.76,9.38,3.79,,0,,0,200.0,obs,1228,26.76,14.03,4.0,,26.76,14.03,4.0,,26.76,9.38,3.79,,9.495,0,S2|S3,sub_s23,S2|S3,S2|S3,S2|S3
1786339506.634,c1,reserve,,0.0,26.34,6.44,3.3,,0,,0,36.0,obs,612,26.34,13.67,3.65,,26.34,13.67,3.65,,26.34,6.44,3.3,,9.353,0,S2|S3,sub_s23,S2|S3,S2|S3,S2|S3
1786339506.634,c1,search,,0.0,31.1,6.95,10.62,,0,,0,4474.0,obs,916,31.1,20.71,10.98,,31.1,20.71,10.98,,31.1,6.95,10.62,,9.353,0,S2|S3,sub_s23,S2|S3,S2|S3,S2|S3
1786339506.634,c1,recommend,,0.0,26.76,8.98,3.82,,0,,0,200.0,obs,1230,26.76,14.03,4.0,,26.76,14.03,4.0,,26.76,8.98,3.82,,9.353,0,S2|S3,sub_s23,S2|S3,S2|S3,S2|S3
1786339506.634,c2,reserve,,0.0,26.34,6.44,3.3,,0,,0,36.0,obs,612,26.34,13.67,3.65,,26.34,13.67,3.65,,26.34,6.44,3.3,,9.353,0,S2|S3,sub_s23,S2|S3,S2|S3,S2|S3
1786339506.634,c2,search,,0.0,31.1,6.95,10.62,,0,,0,4474.0,obs,916,31.1,20.71,10.98,,31.1,20.71,10.98,,31.1,6.95,10.62,,9.353,0,S2|S3,sub_s23,S2|S3,S2|S3,S2|S3
1786339506.634,c2,recommend,,0.0,26.76,8.98,3.82,,0,,0,200.0,obs,1230,26.76,14.03,4.0,,26.76,14.03,4.0,,26.76,8.98,3.82,,9.353,0,S2|S3,sub_s23,S2|S3,S2|S3,S2|S3
1786339507.633,c1,reserve,,0.0,26.34,6.35,3.05,,0,,0,36.0,obs,614,26.34,13.67,3.65,,26.34,13.67,3.65,,26.34,6.35,3.05,,9.335,0,S2|S3,sub_s23,S2|S3,S2|S3,S2|S3
1786339507.633,c1,search,,0.0,31.1,7.12,9.96,,0,,0,4474.0,obs,917,31.1,20.71,10.98,,31.1,20.71,10.98,,31.1,7.12,9.96,,9.335,0,S2|S3,sub_s23,S2|S3,S2|S3,S2|S3
1786339507.633,c1,recommend,,0.0,26.76,8.46,3.83,,0,,0,200.0,obs,1228,26.76,14.03,4.0,,26.76,14.03,4.0,,26.76,8.46,3.83,,9.335,0,S2|S3,sub_s23,S2|S3,S2|S3,S2|S3
1786339507.633,c2,reserve,,0.0,26.34,6.35,3.05,,0,,0,36.0,obs,614,26.34,13.67,3.65,,26.34,13.67,3.65,,26.34,6.35,3.05,,9.335,0,S2|S3,sub_s23,S2|S3,S2|S3,S2|S3
1786339507.633,c2,search,,0.0,31.1,7.12,9.96,,0,,0,4474.0,obs,917,31.1,20.71,10.98,,31.1,20.71,10.98,,31.1,7.12,9.96,,9.335,0,S2|S3,sub_s23,S2|S3,S2|S3,S2|S3
1786339507.633,c2,recommend,,0.0,26.76,8.46,3.83,,0,,0,200.0,obs,1228,26.76,14.03,4.0,,26.76,14.03,4.0,,26.76,8.46,3.83,,9.335,0,S2|S3,sub_s23,S2|S3,S2|S3,S2|S3
1786339508.634,c1,reserve,,0.0,26.34,6.57,3.05,,0,,0,36.0,obs,612,26.34,13.67,3.65,,26.34,13.67,3.65,,26.34,6.57,3.05,,9.497,0,S2|S3,sub_s23,S2|S3,S2|S3,S2|S3
1786339508.634,c1,search,,0.0,31.1,7.03,9.29,,0,,0,4474.0,obs,919,31.1,20.71,10.98,,31.1,20.71,10.98,,31.1,7.03,9.29,,9.497,0,S2|S3,sub_s23,S2|S3,S2|S3,S2|S3
1786339508.634,c1,recommend,,0.0,26.76,8.14,3.72,,0,,0,200.0,obs,1228,26.76,14.03,4.0,,26.76,14.03,4.0,,26.76,8.14,3.72,,9.497,0,S2|S3,sub_s23,S2|S3,S2|S3,S2|S3
1786339508.634,c2,reserve,,0.0,26.34,6.57,3.05,,0,,0,36.0,obs,612,26.34,13.67,3.65,,26.34,13.67,3.65,,26.34,6.57,3.05,,9.497,0,S2|S3,sub_s23,S2|S3,S2|S3,S2|S3
1786339508.634,c2,search,,0.0,31.1,7.03,9.29,,0,,0,4474.0,obs,919,31.1,20.71,10.98,,31.1,20.71,10.98,,31.1,7.03,9.29,,9.497,0,S2|S3,sub_s23,S2|S3,S2|S3,S2|S3
1786339508.634,c2,recommend,,0.0,26.76,8.14,3.72,,0,,0,200.0,obs,1228,26.76,14.03,4.0,,26.76,14.03,4.0,,26.76,8.14,3.72,,9.497,0,S2|S3,sub_s23,S2|S3,S2|S3,S2|S3
1786339509.634,c1,reserve,,0.0,26.34,6.24,3.37,,0,,0,36.0,obs,614,26.34,13.67,3.65,,26.34,13.67,3.65,,26.34,6.24,3.37,,9.345,0,S2|S3,sub_s23,S2|S3,S2|S3,S2|S3
1786339509.634,c1,search,,0.0,31.1,5.21,9.84,,0,,0,4474.0,obs,919,31.1,20.71,10.98,,31.1,20.71,10.98,,31.1,5.21,9.84,,9.345,0,S2|S3,sub_s23,S2|S3,S2|S3,S2|S3
1786339509.634,c1,recommend,,0.0,26.76,7.54,3.75,,0,,0,200.0,obs,1229,26.76,14.03,4.0,,26.76,14.03,4.0,,26.76,7.54,3.75,,9.345,0,S2|S3,sub_s23,S2|S3,S2|S3,S2|S3
1786339509.634,c2,reserve,,0.0,26.34,6.24,3.37,,0,,0,36.0,obs,614,26.34,13.67,3.65,,26.34,13.67,3.65,,26.34,6.24,3.37,,9.345,0,S2|S3,sub_s23,S2|S3,S2|S3,S2|S3
1786339509.634,c2,search,,0.0,31.1,5.21,9.84,,0,,0,4474.0,obs,919,31.1,20.71,10.98,,31.1,20.71,10.98,,31.1,5.21,9.84,,9.345,0,S2|S3,sub_s23,S2|S3,S2|S3,S2|S3
1786339509.634,c2,recommend,,0.0,26.76,7.54,3.75,,0,,0,200.0,obs,1229,26.76,14.03,4.0,,26.76,14.03,4.0,,26.76,7.54,3.75,,9.345,0,S2|S3,sub_s23,S2|S3,S2|S3,S2|S3
1786339510.635,c1,reserve,,0.0,26.34,5.7,3.42,,0,,0,36.0,obs,618,26.34,13.67,3.65,,26.34,13.67,3.65,,26.34,5.7,3.42,,9.381,0,S2|S3,sub_s23,S2|S3,S2|S3,S2|S3
1786339510.635,c1,search,,0.0,31.1,4.79,10.19,,0,,0,4474.0,obs,922,31.1,20.71,10.98,,31.1,20.71,10.98,,31.1,4.79,10.19,,9.381,0,S2|S3,sub_s23,S2|S3,S2|S3,S2|S3
1786339510.635,c1,recommend,,0.0,26.76,7.64,3.84,,0,,0,200.0,obs,1226,26.76,14.03,4.0,,26.76,14.03,4.0,,26.76,7.64,3.84,,9.381,0,S2|S3,sub_s23,S2|S3,S2|S3,S2|S3
1786339510.635,c2,reserve,,0.0,26.34,5.7,3.42,,0,,0,36.0,obs,618,26.34,13.67,3.65,,26.34,13.67,3.65,,26.34,5.7,3.42,,9.381,0,S2|S3,sub_s23,S2|S3,S2|S3,S2|S3
1786339510.635,c2,search,,0.0,31.1,4.79,10.19,,0,,0,4474.0,obs,922,31.1,20.71,10.98,,31.1,20.71,10.98,,31.1,4.79,10.19,,9.381,0,S2|S3,sub_s23,S2|S3,S2|S3,S2|S3
1786339510.635,c2,recommend,,0.0,26.76,7.64,3.84,,0,,0,200.0,obs,1226,26.76,14.03,4.0,,26.76,14.03,4.0,,26.76,7.64,3.84,,9.381,0,S2|S3,sub_s23,S2|S3,S2|S3,S2|S3
1786339511.634,c1,reserve,,0.0,26.34,6.86,3.29,,0,,0,36.0,obs,611,26.34,13.67,3.65,,26.34,13.67,3.65,,26.34,6.86,3.29,,9.42,0,S2|S3,sub_s23,S2|S3,S2|S3,S2|S3
1786339511.634,c1,search,,0.0,31.1,7.2,10.15,,0,,0,4474.0,obs,920,31.1,20.71,10.98,,31.1,20.71,10.98,,31.1,7.2,10.15,,9.42,0,S2|S3,sub_s23,S2|S3,S2|S3,S2|S3
1786339511.634,c1,recommend,,0.0,26.76,8.76,3.73,,0,,0,200.0,obs,1234,26.76,14.03,4.0,,26.76,14.03,4.0,,26.76,8.76,3.73,,9.42,0,S2|S3,sub_s23,S2|S3,S2|S3,S2|S3
1786339511.634,c2,reserve,,0.0,26.34,6.86,3.29,,0,,0,36.0,obs,611,26.34,13.67,3.65,,26.34,13.67,3.65,,26.34,6.86,3.29,,9.42,0,S2|S3,sub_s23,S2|S3,S2|S3,S2|S3
1786339511.634,c2,search,,0.0,31.1,7.2,10.15,,0,,0,4474.0,obs,920,31.1,20.71,10.98,,31.1,20.71,10.98,,31.1,7.2,10.15,,9.42,0,S2|S3,sub_s23,S2|S3,S2|S3,S2|S3
1786339511.634,c2,recommend,,0.0,26.76,8.76,3.73,,0,,0,200.0,obs,1234,26.76,14.03,4.0,,26.76,14.03,4.0,,26.76,8.76,3.73,,9.42,0,S2|S3,sub_s23,S2|S3,S2|S3,S2|S3
1786339512.635,c1,reserve,,0.0,26.34,7.68,3.11,,0,,0,36.0,obs,619,26.34,13.67,3.65,,26.34,13.67,3.65,,26.34,7.68,3.11,,10.333,0,S2|S3,sub_s23,S2|S3,S2|S3,S2|S3
1786339512.635,c1,search,,0.0,31.1,8.71,9.88,,0,,0,4474.0,obs,920,31.1,20.71,10.98,,31.1,20.71,10.98,,31.1,8.71,9.88,,10.333,0,S2|S3,sub_s23,S2|S3,S2|S3,S2|S3
1786339512.635,c1,recommend,,0.0,26.76,9.15,3.68,,0,,0,200.0,obs,1230,26.76,14.03,4.0,,26.76,14.03,4.0,,26.76,9.15,3.68,,10.333,0,S2|S3,sub_s23,S2|S3,S2|S3,S2|S3
1786339512.635,c2,reserve,,0.0,26.34,7.68,3.11,,0,,0,36.0,obs,619,26.34,13.67,3.65,,26.34,13.67,3.65,,26.34,7.68,3.11,,10.333,0,S2|S3,sub_s23,S2|S3,S2|S3,S2|S3
1786339512.635,c2,search,,0.0,31.1,8.71,9.88,,0,,0,4474.0,obs,920,31.1,20.71,10.98,,31.1,20.71,10.98,,31.1,8.71,9.88,,10.333,0,S2|S3,sub_s23,S2|S3,S2|S3,S2|S3
1786339512.635,c2,recommend,,0.0,26.76,9.15,3.68,,0,,0,200.0,obs,1230,26.76,14.03,4.0,,26.76,14.03,4.0,,26.76,9.15,3.68,,10.333,0,S2|S3,sub_s23,S2|S3,S2|S3,S2|S3
1786339513.634,c1,reserve,,0.0,26.34,7.14,3.47,,0,,0,36.0,obs,613,26.34,13.67,3.65,,26.34,13.67,3.65,,26.34,7.14,3.47,,9.41,0,S2|S3,sub_s23,S2|S3,S2|S3,S2|S3
1786339513.634,c1,search,,0.0,31.1,7.07,9.91,,0,,0,4474.0,obs,924,31.1,20.71,10.98,,31.1,20.71,10.98,,31.1,7.07,9.91,,9.41,0,S2|S3,sub_s23,S2|S3,S2|S3,S2|S3
1786339513.634,c1,recommend,,0.0,26.76,8.8,3.74,,0,,0,200.0,obs,1236,26.76,14.03,4.0,,26.76,14.03,4.0,,26.76,8.8,3.74,,9.41,0,S2|S3,sub_s23,S2|S3,S2|S3,S2|S3
1786339513.634,c2,reserve,,0.0,26.34,7.14,3.47,,0,,0,36.0,obs,613,26.34,13.67,3.65,,26.34,13.67,3.65,,26.34,7.14,3.47,,9.41,0,S2|S3,sub_s23,S2|S3,S2|S3,S2|S3
1786339513.634,c2,search,,0.0,31.1,7.07,9.91,,0,,0,4474.0,obs,924,31.1,20.71,10.98,,31.1,20.71,10.98,,31.1,7.07,9.91,,9.41,0,S2|S3,sub_s23,S2|S3,S2|S3,S2|S3
1786339513.634,c2,recommend,,0.0,26.76,8.8,3.74,,0,,0,200.0,obs,1236,26.76,14.03,4.0,,26.76,14.03,4.0,,26.76,8.8,3.74,,9.41,0,S2|S3,sub_s23,S2|S3,S2|S3,S2|S3
1786339514.634,c1,reserve,,0.0,26.34,6.51,3.3,,0,,0,36.0,obs,617,26.34,13.67,3.65,,26.34,13.67,3.65,,26.34,6.51,3.3,,9.387,0,S2|S3,sub_s23,S2|S3,S2|S3,S2|S3
1786339514.634,c1,search,,0.0,31.1,6.65,10.31,,0,,0,4474.0,obs,922,31.1,20.71,10.98,,31.1,20.71,10.98,,31.1,6.65,10.31,,9.387,0,S2|S3,sub_s23,S2|S3,S2|S3,S2|S3
1786339514.634,c1,recommend,,0.0,26.76,8.9,3.78,,0,,0,200.0,obs,1237,26.76,14.03,4.0,,26.76,14.03,4.0,,26.76,8.9,3.78,,9.387,0,S2|S3,sub_s23,S2|S3,S2|S3,S2|S3
1786339514.634,c2,reserve,,0.0,26.34,6.51,3.3,,0,,0,36.0,obs,617,26.34,13.67,3.65,,26.34,13.67,3.65,,26.34,6.51,3.3,,9.387,0,S2|S3,sub_s23,S2|S3,S2|S3,S2|S3
1786339514.634,c2,search,,0.0,31.1,6.65,10.31,,0,,0,4474.0,obs,922,31.1,20.71,10.98,,31.1,20.71,10.98,,31.1,6.65,10.31,,9.387,0,S2|S3,sub_s23,S2|S3,S2|S3,S2|S3
1786339514.634,c2,recommend,,0.0,26.76,8.9,3.78,,0,,0,200.0,obs,1237,26.76,14.03,4.0,,26.76,14.03,4.0,,26.76,8.9,3.78,,9.387,0,S2|S3,sub_s23,S2|S3,S2|S3,S2|S3
1786339515.634,c1,reserve,,0.0,26.34,7.08,3.13,,0,,0,36.0,obs,587,26.34,13.67,3.65,,26.34,13.67,3.65,,26.34,7.08,3.13,,8.487,0,S2|S3,sub_s23,S2|S3,S2|S3,S2|S3
1786339515.634,c1,search,,0.0,31.1,8.34,10.25,,0,,0,4474.0,obs,876,31.1,20.71,10.98,,31.1,20.71,10.98,,31.1,8.34,10.25,,8.487,0,S2|S3,sub_s23,S2|S3,S2|S3,S2|S3
1786339515.634,c1,recommend,,0.0,26.76,9.5,3.89,,0,,0,200.0,obs,1165,26.76,14.03,4.0,,26.76,14.03,4.0,,26.76,9.5,3.89,,8.487,0,S2|S3,sub_s23,S2|S3,S2|S3,S2|S3
1786339515.634,c2,reserve,,0.0,26.34,7.08,3.13,,0,,0,36.0,obs,587,26.34,13.67,3.65,,26.34,13.67,3.65,,26.34,7.08,3.13,,8.487,0,S2|S3,sub_s23,S2|S3,S2|S3,S2|S3
1786339515.634,c2,search,,0.0,31.1,8.34,10.25,,0,,0,4474.0,obs,876,31.1,20.71,10.98,,31.1,20.71,10.98,,31.1,8.34,10.25,,8.487,0,S2|S3,sub_s23,S2|S3,S2|S3,S2|S3
1786339515.634,c2,recommend,,0.0,26.76,9.5,3.89,,0,,0,200.0,obs,1165,26.76,14.03,4.0,,26.76,14.03,4.0,,26.76,9.5,3.89,,8.487,0,S2|S3,sub_s23,S2|S3,S2|S3,S2|S3
1786339516.635,c1,reserve,,0.0,26.34,7.94,3.19,,0,,0,36.0,obs,582,26.34,13.67,3.65,,26.34,13.67,3.65,,26.34,7.94,3.19,,10.368,0,S2|S3,sub_s23,S2|S3,S2|S3,S2|S3
1786339516.635,c1,search,,0.0,31.1,9.29,9.96,,0,,0,4474.0,obs,876,31.1,20.71,10.98,,31.1,20.71,10.98,,31.1,9.29,9.96,,10.368,0,S2|S3,sub_s23,S2|S3,S2|S3,S2|S3
1786339516.635,c1,recommend,,0.0,26.76,9.5,4.01,,0,,0,200.0,obs,1177,26.76,14.03,4.0,,26.76,14.03,4.0,,26.76,9.5,4.01,,10.368,0,S2|S3,sub_s23,S2|S3,S2|S3,S2|S3
1786339516.635,c2,reserve,,0.0,26.34,7.94,3.19,,0,,0,36.0,obs,582,26.34,13.67,3.65,,26.34,13.67,3.65,,26.34,7.94,3.19,,10.368,0,S2|S3,sub_s23,S2|S3,S2|S3,S2|S3
1786339516.635,c2,search,,0.0,31.1,9.29,9.96,,0,,0,4474.0,obs,876,31.1,20.71,10.98,,31.1,20.71,10.98,,31.1,9.29,9.96,,10.368,0,S2|S3,sub_s23,S2|S3,S2|S3,S2|S3
1786339516.635,c2,recommend,,0.0,26.76,9.5,4.01,,0,,0,200.0,obs,1177,26.76,14.03,4.0,,26.76,14.03,4.0,,26.76,9.5,4.01,,10.368,0,S2|S3,sub_s23,S2|S3,S2|S3,S2|S3
1786339517.635,c1,reserve,,0.0,26.34,7.72,3.25,,0,,0,36.0,obs,589,26.34,13.67,3.65,,26.34,13.67,3.65,,26.34,7.72,3.25,,10.211,0,S2|S3,sub_s23,S2|S3,S2|S3,S2|S3
1786339517.635,c1,search,,0.0,31.1,8.31,10.42,,0,,0,4474.0,obs,877,31.1,20.71,10.98,,31.1,20.71,10.98,,31.1,8.31,10.42,,10.211,0,S2|S3,sub_s23,S2|S3,S2|S3,S2|S3
1786339517.635,c1,recommend,,0.0,26.76,9.0,3.73,,0,,0,200.0,obs,1173,26.76,14.03,4.0,,26.76,14.03,4.0,,26.76,9.0,3.73,,10.211,0,S2|S3,sub_s23,S2|S3,S2|S3,S2|S3
1786339517.635,c2,reserve,,0.0,26.34,7.72,3.25,,0,,0,36.0,obs,589,26.34,13.67,3.65,,26.34,13.67,3.65,,26.34,7.72,3.25,,10.211,0,S2|S3,sub_s23,S2|S3,S2|S3,S2|S3
1786339517.635,c2,search,,0.0,31.1,8.31,10.42,,0,,0,4474.0,obs,877,31.1,20.71,10.98,,31.1,20.71,10.98,,31.1,8.31,10.42,,10.211,0,S2|S3,sub_s23,S2|S3,S2|S3,S2|S3
1786339517.635,c2,recommend,,0.0,26.76,9.0,3.73,,0,,0,200.0,obs,1173,26.76,14.03,4.0,,26.76,14.03,4.0,,26.76,9.0,3.73,,10.211,0,S2|S3,sub_s23,S2|S3,S2|S3,S2|S3
1786339518.635,c1,reserve,,0.0,26.34,6.81,3.25,,0,,0,36.0,obs,581,26.34,13.67,3.65,,26.34,13.67,3.65,,26.34,6.81,3.25,,10.129,0,S2|S3,sub_s23,S2|S3,S2|S3,S2|S3
1786339518.635,c1,search,,0.0,31.1,8.38,10.42,,0,,0,4474.0,obs,879,31.1,20.71,10.98,,31.1,20.71,10.98,,31.1,8.38,10.42,,10.129,0,S2|S3,sub_s23,S2|S3,S2|S3,S2|S3
1786339518.635,c1,recommend,,0.0,26.76,8.93,3.63,,0,,0,200.0,obs,1177,26.76,14.03,4.0,,26.76,14.03,4.0,,26.76,8.93,3.63,,10.129,0,S2|S3,sub_s23,S2|S3,S2|S3,S2|S3
1786339518.635,c2,reserve,,0.0,26.34,6.81,3.25,,0,,0,36.0,obs,581,26.34,13.67,3.65,,26.34,13.67,3.65,,26.34,6.81,3.25,,10.129,0,S2|S3,sub_s23,S2|S3,S2|S3,S2|S3
1786339518.635,c2,search,,0.0,31.1,8.38,10.42,,0,,0,4474.0,obs,879,31.1,20.71,10.98,,31.1,20.71,10.98,,31.1,8.38,10.42,,10.129,0,S2|S3,sub_s23,S2|S3,S2|S3,S2|S3
1786339518.635,c2,recommend,,0.0,26.76,8.93,3.63,,0,,0,200.0,obs,1177,26.76,14.03,4.0,,26.76,14.03,4.0,,26.76,8.93,3.63,,10.129,0,S2|S3,sub_s23,S2|S3,S2|S3,S2|S3
1786339519.635,c1,reserve,,0.0,26.34,6.16,3.37,,0,,0,36.0,obs,588,26.34,13.67,3.65,,26.34,13.67,3.65,,26.34,6.16,3.37,,10.056,0,S2|S3,sub_s23,S2|S3,S2|S3,S2|S3
1786339519.635,c1,search,,0.0,31.1,8.38,10.06,,0,,0,4474.0,obs,877,31.1,20.71,10.98,,31.1,20.71,10.98,,31.1,8.38,10.06,,10.056,0,S2|S3,sub_s23,S2|S3,S2|S3,S2|S3
1786339519.635,c1,recommend,,0.0,26.76,8.27,3.48,,0,,0,200.0,obs,1175,26.76,14.03,4.0,,26.76,14.03,4.0,,26.76,8.27,3.48,,10.056,0,S2|S3,sub_s23,S2|S3,S2|S3,S2|S3
1786339519.635,c2,reserve,,0.0,26.34,6.16,3.37,,0,,0,36.0,obs,588,26.34,13.67,3.65,,26.34,13.67,3.65,,26.34,6.16,3.37,,10.056,0,S2|S3,sub_s23,S2|S3,S2|S3,S2|S3
1786339519.635,c2,search,,0.0,31.1,8.38,10.06,,0,,0,4474.0,obs,877,31.1,20.71,10.98,,31.1,20.71,10.98,,31.1,8.38,10.06,,10.056,0,S2|S3,sub_s23,S2|S3,S2|S3,S2|S3
1786339519.635,c2,recommend,,0.0,26.76,8.27,3.48,,0,,0,200.0,obs,1175,26.76,14.03,4.0,,26.76,14.03,4.0,,26.76,8.27,3.48,,10.056,0,S2|S3,sub_s23,S2|S3,S2|S3,S2|S3
1786339520.635,c1,reserve,,0.0,26.34,4.5,3.15,,0,,0,36.0,obs,584,26.34,13.67,3.65,,26.34,13.67,3.65,,26.34,4.5,3.15,,10.171,0,S2|S3,sub_s23,S2|S3,S2|S3,S2|S3
1786339520.635,c1,search,,0.0,31.1,7.12,10.05,,0,,0,4474.0,obs,881,31.1,20.71,10.98,,31.1,20.71,10.98,,31.1,7.12,10.05,,10.171,0,S2|S3,sub_s23,S2|S3,S2|S3,S2|S3
1786339520.635,c1,recommend,,0.0,26.76,7.64,3.59,,0,,0,200.0,obs,1175,26.76,14.03,4.0,,26.76,14.03,4.0,,26.76,7.64,3.59,,10.171,0,S2|S3,sub_s23,S2|S3,S2|S3,S2|S3
1786339520.635,c2,reserve,,0.0,26.34,4.5,3.15,,0,,0,36.0,obs,584,26.34,13.67,3.65,,26.34,13.67,3.65,,26.34,4.5,3.15,,10.171,0,S2|S3,sub_s23,S2|S3,S2|S3,S2|S3
1786339520.635,c2,search,,0.0,31.1,7.12,10.05,,0,,0,4474.0,obs,881,31.1,20.71,10.98,,31.1,20.71,10.98,,31.1,7.12,10.05,,10.171,0,S2|S3,sub_s23,S2|S3,S2|S3,S2|S3
1786339520.635,c2,recommend,,0.0,26.76,7.64,3.59,,0,,0,200.0,obs,1175,26.76,14.03,4.0,,26.76,14.03,4.0,,26.76,7.64,3.59,,10.171,0,S2|S3,sub_s23,S2|S3,S2|S3,S2|S3
1786339521.635,c1,reserve,,0.0,26.34,7.12,3.4,,0,,0,36.0,obs,590,26.34,13.67,3.65,,26.34,13.67,3.65,,26.34,7.12,3.4,,9.701,0,S2|S3,sub_s23,S2|S3,S2|S3,S2|S3
1786339521.635,c1,search,,0.0,31.1,7.12,10.25,,0,,0,4474.0,obs,876,31.1,20.71,10.98,,31.1,20.71,10.98,,31.1,7.12,10.25,,9.701,0,S2|S3,sub_s23,S2|S3,S2|S3,S2|S3
1786339521.635,c1,recommend,,0.0,26.76,8.19,3.84,,0,,0,200.0,obs,1179,26.76,14.03,4.0,,26.76,14.03,4.0,,26.76,8.19,3.84,,9.701,0,S2|S3,sub_s23,S2|S3,S2|S3,S2|S3
1786339521.635,c2,reserve,,0.0,26.34,7.12,3.4,,0,,0,36.0,obs,590,26.34,13.67,3.65,,26.34,13.67,3.65,,26.34,7.12,3.4,,9.701,0,S2|S3,sub_s23,S2|S3,S2|S3,S2|S3
1786339521.635,c2,search,,0.0,31.1,7.12,10.25,,0,,0,4474.0,obs,876,31.1,20.71,10.98,,31.1,20.71,10.98,,31.1,7.12,10.25,,9.701,0,S2|S3,sub_s23,S2|S3,S2|S3,S2|S3
1786339521.635,c2,recommend,,0.0,26.76,8.19,3.84,,0,,0,200.0,obs,1179,26.76,14.03,4.0,,26.76,14.03,4.0,,26.76,8.19,3.84,,9.701,0,S2|S3,sub_s23,S2|S3,S2|S3,S2|S3
1786339522.635,c1,reserve,,0.0,26.34,7.27,3.6,,0,,0,36.0,obs,589,26.34,13.67,3.65,,26.34,13.67,3.65,,26.34,7.27,3.6,,9.603,0,S2|S3,sub_s23,S2|S3,S2|S3,S2|S3
1786339522.635,c1,search,,0.0,31.1,6.95,10.31,,0,,0,4474.0,obs,880,31.1,20.71,10.98,,31.1,20.71,10.98,,31.1,6.95,10.31,,9.603,0,S2|S3,sub_s23,S2|S3,S2|S3,S2|S3
1786339522.635,c1,recommend,,0.0,26.76,8.75,3.84,,0,,0,200.0,obs,1171,26.76,14.03,4.0,,26.76,14.03,4.0,,26.76,8.75,3.84,,9.603,0,S2|S3,sub_s23,S2|S3,S2|S3,S2|S3
1786339522.635,c2,reserve,,0.0,26.34,7.27,3.6,,0,,0,36.0,obs,589,26.34,13.67,3.65,,26.34,13.67,3.65,,26.34,7.27,3.6,,9.603,0,S2|S3,sub_s23,S2|S3,S2|S3,S2|S3
1786339522.635,c2,search,,0.0,31.1,6.95,10.31,,0,,0,4474.0,obs,880,31.1,20.71,10.98,,31.1,20.71,10.98,,31.1,6.95,10.31,,9.603,0,S2|S3,sub_s23,S2|S3,S2|S3,S2|S3
1786339522.635,c2,recommend,,0.0,26.76,8.75,3.84,,0,,0,200.0,obs,1171,26.76,14.03,4.0,,26.76,14.03,4.0,,26.76,8.75,3.84,,9.603,0,S2|S3,sub_s23,S2|S3,S2|S3,S2|S3
1786339523.635,c1,reserve,,0.0,26.34,7.27,3.45,,0,,0,36.0,obs,585,26.34,13.67,3.65,,26.34,13.67,3.65,,26.34,7.27,3.45,,9.648,0,S2|S3,sub_s23,S2|S3,S2|S3,S2|S3
1786339523.635,c1,search,,0.0,31.1,8.39,10.2,,0,,0,4474.0,obs,880,31.1,20.71,10.98,,31.1,20.71,10.98,,31.1,8.39,10.2,,9.648,0,S2|S3,sub_s23,S2|S3,S2|S3,S2|S3
1786339523.635,c1,recommend,,0.0,26.76,9.19,3.74,,0,,0,200.0,obs,1181,26.76,14.03,4.0,,26.76,14.03,4.0,,26.76,9.19,3.74,,9.648,0,S2|S3,sub_s23,S2|S3,S2|S3,S2|S3
1786339523.635,c2,reserve,,0.0,26.34,7.27,3.45,,0,,0,36.0,obs,585,26.34,13.67,3.65,,26.34,13.67,3.65,,26.34,7.27,3.45,,9.648,0,S2|S3,sub_s23,S2|S3,S2|S3,S2|S3
1786339523.635,c2,search,,0.0,31.1,8.39,10.2,,0,,0,4474.0,obs,880,31.1,20.71,10.98,,31.1,20.71,10.98,,31.1,8.39,10.2,,9.648,0,S2|S3,sub_s23,S2|S3,S2|S3,S2|S3
1786339523.635,c2,recommend,,0.0,26.76,9.19,3.74,,0,,0,200.0,obs,1181,26.76,14.03,4.0,,26.76,14.03,4.0,,26.76,9.19,3.74,,9.648,0,S2|S3,sub_s23,S2|S3,S2|S3,S2|S3
1786339524.635,c1,reserve,,0.0,26.34,8.19,3.39,,0,,0,36.0,obs,594,26.34,13.67,3.65,,26.34,13.67,3.65,,26.34,8.19,3.39,,9.718,0,S2|S3,sub_s23,S2|S3,S2|S3,S2|S3
1786339524.635,c1,search,,0.0,31.1,8.99,10.07,,0,,0,4474.0,obs,882,31.1,20.71,10.98,,31.1,20.71,10.98,,31.1,8.99,10.07,,9.718,0,S2|S3,sub_s23,S2|S3,S2|S3,S2|S3
1786339524.635,c1,recommend,,0.0,26.76,8.84,3.76,,0,,0,200.0,obs,1174,26.76,14.03,4.0,,26.76,14.03,4.0,,26.76,8.84,3.76,,9.718,0,S2|S3,sub_s23,S2|S3,S2|S3,S2|S3
1786339524.635,c2,reserve,,0.0,26.34,8.19,3.39,,0,,0,36.0,obs,594,26.34,13.67,3.65,,26.34,13.67,3.65,,26.34,8.19,3.39,,9.718,0,S2|S3,sub_s23,S2|S3,S2|S3,S2|S3
1786339524.635,c2,search,,0.0,31.1,8.99,10.07,,0,,0,4474.0,obs,882,31.1,20.71,10.98,,31.1,20.71,10.98,,31.1,8.99,10.07,,9.718,0,S2|S3,sub_s23,S2|S3,S2|S3,S2|S3
1786339524.635,c2,recommend,,0.0,26.76,8.84,3.76,,0,,0,200.0,obs,1174,26.76,14.03,4.0,,26.76,14.03,4.0,,26.76,8.84,3.76,,9.718,0,S2|S3,sub_s23,S2|S3,S2|S3,S2|S3
1786339525.634,c1,reserve,,0.0,26.34,7.27,3.27,,0,,0,36.0,obs,586,26.34,13.67,3.65,,26.34,13.67,3.65,,26.34,7.27,3.27,,9.377,0,S2|S3,sub_s23,S2|S3,S2|S3,S2|S3
1786339525.634,c1,search,,0.0,31.1,8.35,9.94,,0,,0,4474.0,obs,883,31.1,20.71,10.98,,31.1,20.71,10.98,,31.1,8.35,9.94,,9.377,0,S2|S3,sub_s23,S2|S3,S2|S3,S2|S3
1786339525.634,c1,recommend,,0.0,26.76,8.84,3.85,,0,,0,200.0,obs,1182,26.76,14.03,4.0,,26.76,14.03,4.0,,26.76,8.84,3.85,,9.377,0,S2|S3,sub_s23,S2|S3,S2|S3,S2|S3
1786339525.634,c2,reserve,,0.0,26.34,7.27,3.27,,0,,0,36.0,obs,586,26.34,13.67,3.65,,26.34,13.67,3.65,,26.34,7.27,3.27,,9.377,0,S2|S3,sub_s23,S2|S3,S2|S3,S2|S3
1786339525.634,c2,search,,0.0,31.1,8.35,9.94,,0,,0,4474.0,obs,883,31.1,20.71,10.98,,31.1,20.71,10.98,,31.1,8.35,9.94,,9.377,0,S2|S3,sub_s23,S2|S3,S2|S3,S2|S3
1786339525.634,c2,recommend,,0.0,26.76,8.84,3.85,,0,,0,200.0,obs,1182,26.76,14.03,4.0,,26.76,14.03,4.0,,26.76,8.84,3.85,,9.377,0,S2|S3,sub_s23,S2|S3,S2|S3,S2|S3
1786339526.635,c1,reserve,,0.0,26.34,7.07,2.99,,0,,0,36.0,obs,592,26.34,13.67,3.65,,26.34,13.67,3.65,,26.34,7.07,2.99,,10.349,0,S2|S3,sub_s23,S2|S3,S2|S3,S2|S3
1786339526.635,c1,search,,0.0,31.1,8.14,10.12,,0,,0,4474.0,obs,880,31.1,20.71,10.98,,31.1,20.71,10.98,,31.1,8.14,10.12,,10.349,0,S2|S3,sub_s23,S2|S3,S2|S3,S2|S3
1786339526.635,c1,recommend,,0.0,26.76,9.52,3.86,,0,,0,200.0,obs,1177,26.76,14.03,4.0,,26.76,14.03,4.0,,26.76,9.52,3.86,,10.349,0,S2|S3,sub_s23,S2|S3,S2|S3,S2|S3
1786339526.635,c2,reserve,,0.0,26.34,7.07,2.99,,0,,0,36.0,obs,592,26.34,13.67,3.65,,26.34,13.67,3.65,,26.34,7.07,2.99,,10.349,0,S2|S3,sub_s23,S2|S3,S2|S3,S2|S3
1786339526.635,c2,search,,0.0,31.1,8.14,10.12,,0,,0,4474.0,obs,880,31.1,20.71,10.98,,31.1,20.71,10.98,,31.1,8.14,10.12,,10.349,0,S2|S3,sub_s23,S2|S3,S2|S3,S2|S3
1786339526.635,c2,recommend,,0.0,26.76,9.52,3.86,,0,,0,200.0,obs,1177,26.76,14.03,4.0,,26.76,14.03,4.0,,26.76,9.52,3.86,,10.349,0,S2|S3,sub_s23,S2|S3,S2|S3,S2|S3
1786339527.634,c1,reserve,,0.0,26.34,7.49,3.01,,0,,0,36.0,obs,588,26.34,13.67,3.65,,26.34,13.67,3.65,,26.34,7.49,3.01,,9.349,0,S2|S3,sub_s23,S2|S3,S2|S3,S2|S3
1786339527.634,c1,search,,0.0,31.1,8.4,10.36,,0,,0,4474.0,obs,883,31.1,20.71,10.98,,31.1,20.71,10.98,,31.1,8.4,10.36,,9.349,0,S2|S3,sub_s23,S2|S3,S2|S3,S2|S3
1786339527.634,c1,recommend,,0.0,26.76,9.02,3.77,,0,,0,200.0,obs,1179,26.76,14.03,4.0,,26.76,14.03,4.0,,26.76,9.02,3.77,,9.349,0,S2|S3,sub_s23,S2|S3,S2|S3,S2|S3
1786339527.634,c2,reserve,,0.0,26.34,7.49,3.01,,0,,0,36.0,obs,588,26.34,13.67,3.65,,26.34,13.67,3.65,,26.34,7.49,3.01,,9.349,0,S2|S3,sub_s23,S2|S3,S2|S3,S2|S3
1786339527.634,c2,search,,0.0,31.1,8.4,10.36,,0,,0,4474.0,obs,883,31.1,20.71,10.98,,31.1,20.71,10.98,,31.1,8.4,10.36,,9.349,0,S2|S3,sub_s23,S2|S3,S2|S3,S2|S3
1786339527.634,c2,recommend,,0.0,26.76,9.02,3.77,,0,,0,200.0,obs,1179,26.76,14.03,4.0,,26.76,14.03,4.0,,26.76,9.02,3.77,,9.349,0,S2|S3,sub_s23,S2|S3,S2|S3,S2|S3
1786339528.635,c1,reserve,,0.0,26.34,6.41,3.11,,0,,0,36.0,obs,594,26.34,13.67,3.65,,26.34,13.67,3.65,,26.34,6.41,3.11,,10.099,0,S2|S3,sub_s23,S2|S3,S2|S3,S2|S3
1786339528.635,c1,search,,0.0,31.1,7.19,10.04,,0,,0,4474.0,obs,880,31.1,20.71,10.98,,31.1,20.71,10.98,,31.1,7.19,10.04,,10.099,0,S2|S3,sub_s23,S2|S3,S2|S3,S2|S3
1786339528.635,c1,recommend,,0.0,26.76,8.22,3.59,,0,,0,200.0,obs,1183,26.76,14.03,4.0,,26.76,14.03,4.0,,26.76,8.22,3.59,,10.099,0,S2|S3,sub_s23,S2|S3,S2|S3,S2|S3
1786339528.635,c2,reserve,,0.0,26.34,6.41,3.11,,0,,0,36.0,obs,594,26.34,13.67,3.65,,26.34,13.67,3.65,,26.34,6.41,3.11,,10.099,0,S2|S3,sub_s23,S2|S3,S2|S3,S2|S3
1786339528.635,c2,search,,0.0,31.1,7.19,10.04,,0,,0,4474.0,obs,880,31.1,20.71,10.98,,31.1,20.71,10.98,,31.1,7.19,10.04,,10.099,0,S2|S3,sub_s23,S2|S3,S2|S3,S2|S3
1786339528.635,c2,recommend,,0.0,26.76,8.22,3.59,,0,,0,200.0,obs,1183,26.76,14.03,4.0,,26.76,14.03,4.0,,26.76,8.22,3.59,,10.099,0,S2|S3,sub_s23,S2|S3,S2|S3,S2|S3
1786339529.635,c1,reserve,,0.0,26.34,6.51,3.3,,0,,0,36.0,obs,591,26.34,13.67,3.65,,26.34,13.67,3.65,,26.34,6.51,3.3,,9.507,0,S2|S3,sub_s23,S2|S3,S2|S3,S2|S3
1786339529.635,c1,search,,0.0,31.1,8.23,10.12,,0,,0,4474.0,obs,887,31.1,20.71,10.98,,31.1,20.71,10.98,,31.1,8.23,10.12,,9.507,0,S2|S3,sub_s23,S2|S3,S2|S3,S2|S3
1786339529.635,c1,recommend,,0.0,26.76,8.71,3.69,,0,,0,200.0,obs,1179,26.76,14.03,4.0,,26.76,14.03,4.0,,26.76,8.71,3.69,,9.507,0,S2|S3,sub_s23,S2|S3,S2|S3,S2|S3
1786339529.635,c2,reserve,,0.0,26.34,6.51,3.3,,0,,0,36.0,obs,591,26.34,13.67,3.65,,26.34,13.67,3.65,,26.34,6.51,3.3,,9.507,0,S2|S3,sub_s23,S2|S3,S2|S3,S2|S3
1786339529.635,c2,search,,0.0,31.1,8.23,10.12,,0,,0,4474.0,obs,887,31.1,20.71,10.98,,31.1,20.71,10.98,,31.1,8.23,10.12,,9.507,0,S2|S3,sub_s23,S2|S3,S2|S3,S2|S3
1786339529.635,c2,recommend,,0.0,26.76,8.71,3.69,,0,,0,200.0,obs,1179,26.76,14.03,4.0,,26.76,14.03,4.0,,26.76,8.71,3.69,,9.507,0,S2|S3,sub_s23,S2|S3,S2|S3,S2|S3
1786339530.634,c1,reserve,,0.0,26.34,7.0,3.57,,0,,0,36.0,obs,589,26.34,13.67,3.65,,26.34,13.67,3.65,,26.34,7.0,3.57,,9.377,0,S2|S3,sub_s23,S2|S3,S2|S3,S2|S3
1786339530.634,c1,search,,0.0,31.1,7.89,10.17,,0,,0,4474.0,obs,883,31.1,20.71,10.98,,31.1,20.71,10.98,,31.1,7.89,10.17,,9.377,0,S2|S3,sub_s23,S2|S3,S2|S3,S2|S3
1786339530.634,c1,recommend,,0.0,26.76,8.66,3.64,,0,,0,200.0,obs,1188,26.76,14.03,4.0,,26.76,14.03,4.0,,26.76,8.66,3.64,,9.377,0,S2|S3,sub_s23,S2|S3,S2|S3,S2|S3
1786339530.634,c2,reserve,,0.0,26.34,7.0,3.57,,0,,0,36.0,obs,589,26.34,13.67,3.65,,26.34,13.67,3.65,,26.34,7.0,3.57,,9.377,0,S2|S3,sub_s23,S2|S3,S2|S3,S2|S3
1786339530.634,c2,search,,0.0,31.1,7.89,10.17,,0,,0,4474.0,obs,883,31.1,20.71,10.98,,31.1,20.71,10.98,,31.1,7.89,10.17,,9.377,0,S2|S3,sub_s23,S2|S3,S2|S3,S2|S3
1786339530.634,c2,recommend,,0.0,26.76,8.66,3.64,,0,,0,200.0,obs,1188,26.76,14.03,4.0,,26.76,14.03,4.0,,26.76,8.66,3.64,,9.377,0,S2|S3,sub_s23,S2|S3,S2|S3,S2|S3
1786339531.633,c1,reserve,,0.0,26.34,6.7,3.59,,0,,0,36.0,obs,594,26.34,13.67,3.65,,26.34,13.67,3.65,,26.34,6.7,3.59,,9.273,0,S2|S3,sub_s23,S2|S3,S2|S3,S2|S3
1786339531.633,c1,search,,0.0,31.1,6.9,9.86,,0,,0,4474.0,obs,885,31.1,20.71,10.98,,31.1,20.71,10.98,,31.1,6.9,9.86,,9.273,0,S2|S3,sub_s23,S2|S3,S2|S3,S2|S3
1786339531.633,c1,recommend,,0.0,26.76,8.3,3.7,,0,,0,200.0,obs,1177,26.76,14.03,4.0,,26.76,14.03,4.0,,26.76,8.3,3.7,,9.273,0,S2|S3,sub_s23,S2|S3,S2|S3,S2|S3
1786339531.633,c2,reserve,,0.0,26.34,6.7,3.59,,0,,0,36.0,obs,594,26.34,13.67,3.65,,26.34,13.67,3.65,,26.34,6.7,3.59,,9.273,0,S2|S3,sub_s23,S2|S3,S2|S3,S2|S3
1786339531.633,c2,search,,0.0,31.1,6.9,9.86,,0,,0,4474.0,obs,885,31.1,20.71,10.98,,31.1,20.71,10.98,,31.1,6.9,9.86,,9.273,0,S2|S3,sub_s23,S2|S3,S2|S3,S2|S3
1786339531.633,c2,recommend,,0.0,26.76,8.3,3.7,,0,,0,200.0,obs,1177,26.76,14.03,4.0,,26.76,14.03,4.0,,26.76,8.3,3.7,,9.273,0,S2|S3,sub_s23,S2|S3,S2|S3,S2|S3
1786339532.634,c1,reserve,,0.0,26.34,6.77,3.36,,0,,0,36.0,obs,589,26.34,13.67,3.65,,26.34,13.67,3.65,,26.34,6.77,3.36,,9.324,0,S2|S3,sub_s23,S2|S3,S2|S3,S2|S3
1786339532.634,c1,search,,0.0,31.1,8.35,10.09,,0,,0,4474.0,obs,887,31.1,20.71,10.98,,31.1,20.71,10.98,,31.1,8.35,10.09,,9.324,0,S2|S3,sub_s23,S2|S3,S2|S3,S2|S3
1786339532.634,c1,recommend,,0.0,26.76,9.38,3.75,,0,,0,200.0,obs,1187,26.76,14.03,4.0,,26.76,14.03,4.0,,26.76,9.38,3.75,,9.324,0,S2|S3,sub_s23,S2|S3,S2|S3,S2|S3
1786339532.634,c2,reserve,,0.0,26.34,6.77,3.36,,0,,0,36.0,obs,589,26.34,13.67,3.65,,26.34,13.67,3.65,,26.34,6.77,3.36,,9.324,0,S2|S3,sub_s23,S2|S3,S2|S3,S2|S3
1786339532.634,c2,search,,0.0,31.1,8.35,10.09,,0,,0,4474.0,obs,887,31.1,20.71,10.98,,31.1,20.71,10.98,,31.1,8.35,10.09,,9.324,0,S2|S3,sub_s23,S2|S3,S2|S3,S2|S3
1786339532.634,c2,recommend,,0.0,26.76,9.38,3.75,,0,,0,200.0,obs,1187,26.76,14.03,4.0,,26.76,14.03,4.0,,26.76,9.38,3.75,,9.324,0,S2|S3,sub_s23,S2|S3,S2|S3,S2|S3
1786339533.634,c1,reserve,,0.0,26.34,6.78,3.2,,0,,0,36.0,obs,599,26.34,13.67,3.65,,26.34,13.67,3.65,,26.34,6.78,3.2,,9.451,0,S2|S3,sub_s23,S2|S3,S2|S3,S2|S3
1786339533.634,c1,search,,0.0,31.1,8.87,9.81,,0,,0,4474.0,obs,884,31.1,20.71,10.98,,31.1,20.71,10.98,,31.1,8.87,9.81,,9.451,0,S2|S3,sub_s23,S2|S3,S2|S3,S2|S3
1786339533.634,c1,recommend,,0.0,26.76,9.73,3.53,,0,,0,200.0,obs,1185,26.76,14.03,4.0,,26.76,14.03,4.0,,26.76,9.73,3.53,,9.451,0,S2|S3,sub_s23,S2|S3,S2|S3,S2|S3
1786339533.634,c2,reserve,,0.0,26.34,6.78,3.2,,0,,0,36.0,obs,599,26.34,13.67,3.65,,26.34,13.67,3.65,,26.34,6.78,3.2,,9.451,0,S2|S3,sub_s23,S2|S3,S2|S3,S2|S3
1786339533.634,c2,search,,0.0,31.1,8.87,9.81,,0,,0,4474.0,obs,884,31.1,20.71,10.98,,31.1,20.71,10.98,,31.1,8.87,9.81,,9.451,0,S2|S3,sub_s23,S2|S3,S2|S3,S2|S3
1786339533.634,c2,recommend,,0.0,26.76,9.73,3.53,,0,,0,200.0,obs,1185,26.76,14.03,4.0,,26.76,14.03,4.0,,26.76,9.73,3.53,,9.451,0,S2|S3,sub_s23,S2|S3,S2|S3,S2|S3
1786339534.633,c1,reserve,,0.0,26.34,6.65,3.2,,0,,0,36.0,obs,590,26.34,13.67,3.65,,26.34,13.67,3.65,,26.34,6.65,3.2,,9.258,0,S2|S3,sub_s23,S2|S3,S2|S3,S2|S3
1786339534.633,c1,search,,0.0,31.1,7.42,9.36,,0,,0,4474.0,obs,888,31.1,20.71,10.98,,31.1,20.71,10.98,,31.1,7.42,9.36,,9.258,0,S2|S3,sub_s23,S2|S3,S2|S3,S2|S3
1786339534.633,c1,recommend,,0.0,26.76,9.57,3.68,,0,,0,200.0,obs,1184,26.76,14.03,4.0,,26.76,14.03,4.0,,26.76,9.57,3.68,,9.258,0,S2|S3,sub_s23,S2|S3,S2|S3,S2|S3
1786339534.633,c2,reserve,,0.0,26.34,6.65,3.2,,0,,0,36.0,obs,590,26.34,13.67,3.65,,26.34,13.67,3.65,,26.34,6.65,3.2,,9.258,0,S2|S3,sub_s23,S2|S3,S2|S3,S2|S3
1786339534.633,c2,search,,0.0,31.1,7.42,9.36,,0,,0,4474.0,obs,888,31.1,20.71,10.98,,31.1,20.71,10.98,,31.1,7.42,9.36,,9.258,0,S2|S3,sub_s23,S2|S3,S2|S3,S2|S3
1786339534.633,c2,recommend,,0.0,26.76,9.57,3.68,,0,,0,200.0,obs,1184,26.76,14.03,4.0,,26.76,14.03,4.0,,26.76,9.57,3.68,,9.258,0,S2|S3,sub_s23,S2|S3,S2|S3,S2|S3
1786339535.634,c1,reserve,,0.0,26.34,6.63,3.37,,0,,0,36.0,obs,595,26.34,13.67,3.65,,26.34,13.67,3.65,,26.34,6.63,3.37,,9.637,0,S2|S3,sub_s23,S2|S3,S2|S3,S2|S3
1786339535.634,c1,search,,0.0,31.1,7.05,10.03,,0,,0,4474.0,obs,885,31.1,20.71,10.98,,31.1,20.71,10.98,,31.1,7.05,10.03,,9.637,0,S2|S3,sub_s23,S2|S3,S2|S3,S2|S3
1786339535.634,c1,recommend,,0.0,26.76,8.39,3.82,,0,,0,200.0,obs,1188,26.76,14.03,4.0,,26.76,14.03,4.0,,26.76,8.39,3.82,,9.637,0,S2|S3,sub_s23,S2|S3,S2|S3,S2|S3
1786339535.634,c2,reserve,,0.0,26.34,6.63,3.37,,0,,0,36.0,obs,595,26.34,13.67,3.65,,26.34,13.67,3.65,,26.34,6.63,3.37,,9.637,0,S2|S3,sub_s23,S2|S3,S2|S3,S2|S3
1786339535.634,c2,search,,0.0,31.1,7.05,10.03,,0,,0,4474.0,obs,885,31.1,20.71,10.98,,31.1,20.71,10.98,,31.1,7.05,10.03,,9.637,0,S2|S3,sub_s23,S2|S3,S2|S3,S2|S3
1786339535.634,c2,recommend,,0.0,26.76,8.39,3.82,,0,,0,200.0,obs,1188,26.76,14.03,4.0,,26.76,14.03,4.0,,26.76,8.39,3.82,,9.637,0,S2|S3,sub_s23,S2|S3,S2|S3,S2|S3
1786339536.634,c1,reserve,,0.0,26.34,6.12,3.45,,0,,0,36.0,obs,595,26.34,13.67,3.65,,26.34,13.67,3.65,,26.34,6.12,3.45,,9.372,0,S2|S3,sub_s23,S2|S3,S2|S3,S2|S3
1786339536.634,c1,search,,0.0,31.1,7.53,10.21,,0,,0,4474.0,obs,891,31.1,20.71,10.98,,31.1,20.71,10.98,,31.1,7.53,10.21,,9.372,0,S2|S3,sub_s23,S2|S3,S2|S3,S2|S3
1786339536.634,c1,recommend,,0.0,26.76,8.88,3.86,,0,,0,200.0,obs,1182,26.76,14.03,4.0,,26.76,14.03,4.0,,26.76,8.88,3.86,,9.372,0,S2|S3,sub_s23,S2|S3,S2|S3,S2|S3
1786339536.634,c2,reserve,,0.0,26.34,6.12,3.45,,0,,0,36.0,obs,595,26.34,13.67,3.65,,26.34,13.67,3.65,,26.34,6.12,3.45,,9.372,0,S2|S3,sub_s23,S2|S3,S2|S3,S2|S3
1786339536.634,c2,search,,0.0,31.1,7.53,10.21,,0,,0,4474.0,obs,891,31.1,20.71,10.98,,31.1,20.71,10.98,,31.1,7.53,10.21,,9.372,0,S2|S3,sub_s23,S2|S3,S2|S3,S2|S3
1786339536.634,c2,recommend,,0.0,26.76,8.88,3.86,,0,,0,200.0,obs,1182,26.76,14.03,4.0,,26.76,14.03,4.0,,26.76,8.88,3.86,,9.372,0,S2|S3,sub_s23,S2|S3,S2|S3,S2|S3
1786339537.634,c1,reserve,,0.0,26.34,6.79,3.25,,0,,0,36.0,obs,591,26.34,13.67,3.65,,26.34,13.67,3.65,,26.34,6.79,3.25,,9.406,0,S2|S3,sub_s23,S2|S3,S2|S3,S2|S3
1786339537.634,c1,search,,0.0,31.1,8.55,10.35,,0,,0,4474.0,obs,888,31.1,20.71,10.98,,31.1,20.71,10.98,,31.1,8.55,10.35,,9.406,0,S2|S3,sub_s23,S2|S3,S2|S3,S2|S3
1786339537.634,c1,recommend,,0.0,26.76,8.34,3.77,,0,,0,200.0,obs,1192,26.76,14.03,4.0,,26.76,14.03,4.0,,26.76,8.34,3.77,,9.406,0,S2|S3,sub_s23,S2|S3,S2|S3,S2|S3
1786339537.634,c2,reserve,,0.0,26.34,6.79,3.25,,0,,0,36.0,obs,591,26.34,13.67,3.65,,26.34,13.67,3.65,,26.34,6.79,3.25,,9.406,0,S2|S3,sub_s23,S2|S3,S2|S3,S2|S3
1786339537.634,c2,search,,0.0,31.1,8.55,10.35,,0,,0,4474.0,obs,888,31.1,20.71,10.98,,31.1,20.71,10.98,,31.1,8.55,10.35,,9.406,0,S2|S3,sub_s23,S2|S3,S2|S3,S2|S3
1786339537.634,c2,recommend,,0.0,26.76,8.34,3.77,,0,,0,200.0,obs,1192,26.76,14.03,4.0,,26.76,14.03,4.0,,26.76,8.34,3.77,,9.406,0,S2|S3,sub_s23,S2|S3,S2|S3,S2|S3
1786339538.634,c1,reserve,,0.0,26.34,7.64,3.51,,0,,0,36.0,obs,597,26.34,13.67,3.65,,26.34,13.67,3.65,,26.34,7.64,3.51,,9.359,0,S2|S3,sub_s23,S2|S3,S2|S3,S2|S3
1786339538.634,c1,search,,0.0,31.1,7.07,10.48,,0,,0,4474.0,obs,891,31.1,20.71,10.98,,31.1,20.71,10.98,,31.1,7.07,10.48,,9.359,0,S2|S3,sub_s23,S2|S3,S2|S3,S2|S3
1786339538.634,c1,recommend,,0.0,26.76,8.43,3.79,,0,,0,200.0,obs,1184,26.76,14.03,4.0,,26.76,14.03,4.0,,26.76,8.43,3.79,,9.359,0,S2|S3,sub_s23,S2|S3,S2|S3,S2|S3
1786339538.634,c2,reserve,,0.0,26.34,7.64,3.51,,0,,0,36.0,obs,597,26.34,13.67,3.65,,26.34,13.67,3.65,,26.34,7.64,3.51,,9.359,0,S2|S3,sub_s23,S2|S3,S2|S3,S2|S3
1786339538.634,c2,search,,0.0,31.1,7.07,10.48,,0,,0,4474.0,obs,891,31.1,20.71,10.98,,31.1,20.71,10.98,,31.1,7.07,10.48,,9.359,0,S2|S3,sub_s23,S2|S3,S2|S3,S2|S3
1786339538.634,c2,recommend,,0.0,26.76,8.43,3.79,,0,,0,200.0,obs,1184,26.76,14.03,4.0,,26.76,14.03,4.0,,26.76,8.43,3.79,,9.359,0,S2|S3,sub_s23,S2|S3,S2|S3,S2|S3
1786339539.640,c1,reserve,,0.0,26.34,7.25,3.52,,0,,0,36.0,obs,589,26.34,13.67,3.65,,26.34,13.67,3.65,,26.34,7.25,3.52,,15.672,0,S2|S3,sub_s23,S2|S3,S2|S3,S2|S3
1786339539.640,c1,search,,0.0,31.1,6.2,10.61,,0,,0,4474.0,obs,889,31.1,20.71,10.98,,31.1,20.71,10.98,,31.1,6.2,10.61,,15.672,0,S2|S3,sub_s23,S2|S3,S2|S3,S2|S3
1786339539.640,c1,recommend,,0.0,26.76,8.95,3.85,,0,,0,200.0,obs,1189,26.76,14.03,4.0,,26.76,14.03,4.0,,26.76,8.95,3.85,,15.672,0,S2|S3,sub_s23,S2|S3,S2|S3,S2|S3
1786339539.640,c2,reserve,,0.0,26.34,7.25,3.52,,0,,0,36.0,obs,589,26.34,13.67,3.65,,26.34,13.67,3.65,,26.34,7.25,3.52,,15.672,0,S2|S3,sub_s23,S2|S3,S2|S3,S2|S3
1786339539.640,c2,search,,0.0,31.1,6.2,10.61,,0,,0,4474.0,obs,889,31.1,20.71,10.98,,31.1,20.71,10.98,,31.1,6.2,10.61,,15.672,0,S2|S3,sub_s23,S2|S3,S2|S3,S2|S3
1786339539.640,c2,recommend,,0.0,26.76,8.95,3.85,,0,,0,200.0,obs,1189,26.76,14.03,4.0,,26.76,14.03,4.0,,26.76,8.95,3.85,,15.672,0,S2|S3,sub_s23,S2|S3,S2|S3,S2|S3
1786339540.634,c1,reserve,,0.0,26.34,8.09,3.49,,0,,0,36.0,obs,596,26.34,13.67,3.65,,26.34,13.67,3.65,,26.34,8.09,3.49,,9.444,0,S2|S3,sub_s23,S2|S3,S2|S3,S2|S3
1786339540.634,c1,search,,0.0,31.1,7.42,10.49,,0,,0,4474.0,obs,887,31.1,20.71,10.98,,31.1,20.71,10.98,,31.1,7.42,10.49,,9.444,0,S2|S3,sub_s23,S2|S3,S2|S3,S2|S3
1786339540.634,c1,recommend,,0.0,26.76,8.66,3.83,,0,,0,200.0,obs,1190,26.76,14.03,4.0,,26.76,14.03,4.0,,26.76,8.66,3.83,,9.444,0,S2|S3,sub_s23,S2|S3,S2|S3,S2|S3
1786339540.634,c2,reserve,,0.0,26.34,8.09,3.49,,0,,0,36.0,obs,596,26.34,13.67,3.65,,26.34,13.67,3.65,,26.34,8.09,3.49,,9.444,0,S2|S3,sub_s23,S2|S3,S2|S3,S2|S3
1786339540.634,c2,search,,0.0,31.1,7.42,10.49,,0,,0,4474.0,obs,887,31.1,20.71,10.98,,31.1,20.71,10.98,,31.1,7.42,10.49,,9.444,0,S2|S3,sub_s23,S2|S3,S2|S3,S2|S3
1786339540.634,c2,recommend,,0.0,26.76,8.66,3.83,,0,,0,200.0,obs,1190,26.76,14.03,4.0,,26.76,14.03,4.0,,26.76,8.66,3.83,,9.444,0,S2|S3,sub_s23,S2|S3,S2|S3,S2|S3
1786339541.633,c1,reserve,,0.0,26.34,7.66,3.2,,0,,0,36.0,obs,593,26.34,13.67,3.65,,26.34,13.67,3.65,,26.34,7.66,3.2,,9.306,0,S2|S3,sub_s23,S2|S3,S2|S3,S2|S3
1786339541.633,c1,search,,0.0,31.1,7.61,10.25,,0,,0,4474.0,obs,894,31.1,20.71,10.98,,31.1,20.71,10.98,,31.1,7.61,10.25,,9.306,0,S2|S3,sub_s23,S2|S3,S2|S3,S2|S3
1786339541.633,c1,recommend,,0.0,26.76,9.21,3.73,,0,,0,200.0,obs,1191,26.76,14.03,4.0,,26.76,14.03,4.0,,26.76,9.21,3.73,,9.306,0,S2|S3,sub_s23,S2|S3,S2|S3,S2|S3
1786339541.633,c2,reserve,,0.0,26.34,7.66,3.2,,0,,0,36.0,obs,593,26.34,13.67,3.65,,26.34,13.67,3.65,,26.34,7.66,3.2,,9.306,0,S2|S3,sub_s23,S2|S3,S2|S3,S2|S3
1786339541.633,c2,search,,0.0,31.1,7.61,10.25,,0,,0,4474.0,obs,894,31.1,20.71,10.98,,31.1,20.71,10.98,,31.1,7.61,10.25,,9.306,0,S2|S3,sub_s23,S2|S3,S2|S3,S2|S3
1786339541.633,c2,recommend,,0.0,26.76,9.21,3.73,,0,,0,200.0,obs,1191,26.76,14.03,4.0,,26.76,14.03,4.0,,26.76,9.21,3.73,,9.306,0,S2|S3,sub_s23,S2|S3,S2|S3,S2|S3
1786339542.634,c1,reserve,,0.0,26.34,7.11,3.31,,0,,0,36.0,obs,597,26.34,13.67,3.65,,26.34,13.67,3.65,,26.34,7.11,3.31,,9.32,0,S2|S3,sub_s23,S2|S3,S2|S3,S2|S3
1786339542.634,c1,search,,0.0,31.1,8.54,9.98,,0,,0,4474.0,obs,890,31.1,20.71,10.98,,31.1,20.71,10.98,,31.1,8.54,9.98,,9.32,0,S2|S3,sub_s23,S2|S3,S2|S3,S2|S3
1786339542.634,c1,recommend,,0.0,26.76,8.86,3.74,,0,,0,200.0,obs,1194,26.76,14.03,4.0,,26.76,14.03,4.0,,26.76,8.86,3.74,,9.32,0,S2|S3,sub_s23,S2|S3,S2|S3,S2|S3
1786339542.634,c2,reserve,,0.0,26.34,7.11,3.31,,0,,0,36.0,obs,597,26.34,13.67,3.65,,26.34,13.67,3.65,,26.34,7.11,3.31,,9.32,0,S2|S3,sub_s23,S2|S3,S2|S3,S2|S3
1786339542.634,c2,search,,0.0,31.1,8.54,9.98,,0,,0,4474.0,obs,890,31.1,20.71,10.98,,31.1,20.71,10.98,,31.1,8.54,9.98,,9.32,0,S2|S3,sub_s23,S2|S3,S2|S3,S2|S3
1786339542.634,c2,recommend,,0.0,26.76,8.86,3.74,,0,,0,200.0,obs,1194,26.76,14.03,4.0,,26.76,14.03,4.0,,26.76,8.86,3.74,,9.32,0,S2|S3,sub_s23,S2|S3,S2|S3,S2|S3
1786339543.633,c1,reserve,,0.0,26.34,6.66,3.54,,0,,0,36.0,obs,596,26.34,13.67,3.65,,26.34,13.67,3.65,,26.34,6.66,3.54,,9.317,0,S2|S3,sub_s23,S2|S3,S2|S3,S2|S3
1786339543.633,c1,search,,0.0,31.1,9.02,10.11,,0,,0,4474.0,obs,893,31.1,20.71,10.98,,31.1,20.71,10.98,,31.1,9.02,10.11,,9.317,0,S2|S3,sub_s23,S2|S3,S2|S3,S2|S3
1786339543.633,c1,recommend,,0.0,26.76,9.15,3.77,,0,,0,200.0,obs,1188,26.76,14.03,4.0,,26.76,14.03,4.0,,26.76,9.15,3.77,,9.317,0,S2|S3,sub_s23,S2|S3,S2|S3,S2|S3
1786339543.633,c2,reserve,,0.0,26.34,6.66,3.54,,0,,0,36.0,obs,596,26.34,13.67,3.65,,26.34,13.67,3.65,,26.34,6.66,3.54,,9.317,0,S2|S3,sub_s23,S2|S3,S2|S3,S2|S3
1786339543.633,c2,search,,0.0,31.1,9.02,10.11,,0,,0,4474.0,obs,893,31.1,20.71,10.98,,31.1,20.71,10.98,,31.1,9.02,10.11,,9.317,0,S2|S3,sub_s23,S2|S3,S2|S3,S2|S3
1786339543.633,c2,recommend,,0.0,26.76,9.15,3.77,,0,,0,200.0,obs,1188,26.76,14.03,4.0,,26.76,14.03,4.0,,26.76,9.15,3.77,,9.317,0,S2|S3,sub_s23,S2|S3,S2|S3,S2|S3
1786339544.634,c1,reserve,,0.0,26.34,6.02,3.43,,0,,0,36.0,obs,594,26.34,13.67,3.65,,26.34,13.67,3.65,,26.34,6.02,3.43,,9.416,0,S2|S3,sub_s23,S2|S3,S2|S3,S2|S3
1786339544.634,c1,search,,0.0,31.1,7.62,10.44,,0,,0,4474.0,obs,887,31.1,20.71,10.98,,31.1,20.71,10.98,,31.1,7.62,10.44,,9.416,0,S2|S3,sub_s23,S2|S3,S2|S3,S2|S3
1786339544.634,c1,recommend,,0.0,26.76,9.27,3.84,,0,,0,200.0,obs,1198,26.76,14.03,4.0,,26.76,14.03,4.0,,26.76,9.27,3.84,,9.416,0,S2|S3,sub_s23,S2|S3,S2|S3,S2|S3
1786339544.634,c2,reserve,,0.0,26.34,6.02,3.43,,0,,0,36.0,obs,594,26.34,13.67,3.65,,26.34,13.67,3.65,,26.34,6.02,3.43,,9.416,0,S2|S3,sub_s23,S2|S3,S2|S3,S2|S3
1786339544.634,c2,search,,0.0,31.1,7.62,10.44,,0,,0,4474.0,obs,887,31.1,20.71,10.98,,31.1,20.71,10.98,,31.1,7.62,10.44,,9.416,0,S2|S3,sub_s23,S2|S3,S2|S3,S2|S3
1786339544.634,c2,recommend,,0.0,26.76,9.27,3.84,,0,,0,200.0,obs,1198,26.76,14.03,4.0,,26.76,14.03,4.0,,26.76,9.27,3.84,,9.416,0,S2|S3,sub_s23,S2|S3,S2|S3,S2|S3
1786339545.633,c1,reserve,,0.0,26.34,7.06,3.64,,0,,0,36.0,obs,600,26.34,13.67,3.65,,26.34,13.67,3.65,,26.34,7.06,3.64,,9.334,0,S2|S3,sub_s23,S2|S3,S2|S3,S2|S3
1786339545.633,c1,search,,0.0,31.1,5.84,10.43,,0,,0,4474.0,obs,894,31.1,20.71,10.98,,31.1,20.71,10.98,,31.1,5.84,10.43,,9.334,0,S2|S3,sub_s23,S2|S3,S2|S3,S2|S3
1786339545.633,c1,recommend,,0.0,26.76,9.17,3.95,,0,,0,200.0,obs,1187,26.76,14.03,4.0,,26.76,14.03,4.0,,26.76,9.17,3.95,,9.334,0,S2|S3,sub_s23,S2|S3,S2|S3,S2|S3
1786339545.633,c2,reserve,,0.0,26.34,7.06,3.64,,0,,0,36.0,obs,600,26.34,13.67,3.65,,26.34,13.67,3.65,,26.34,7.06,3.64,,9.334,0,S2|S3,sub_s23,S2|S3,S2|S3,S2|S3
1786339545.633,c2,search,,0.0,31.1,5.84,10.43,,0,,0,4474.0,obs,894,31.1,20.71,10.98,,31.1,20.71,10.98,,31.1,5.84,10.43,,9.334,0,S2|S3,sub_s23,S2|S3,S2|S3,S2|S3
1786339545.633,c2,recommend,,0.0,26.76,9.17,3.95,,0,,0,200.0,obs,1187,26.76,14.03,4.0,,26.76,14.03,4.0,,26.76,9.17,3.95,,9.334,0,S2|S3,sub_s23,S2|S3,S2|S3,S2|S3
1786339546.634,c1,reserve,,0.0,26.34,7.71,3.51,,0,,0,36.0,obs,591,26.34,13.67,3.65,,26.34,13.67,3.65,,26.34,7.71,3.51,,9.481,0,S2|S3,sub_s23,S2|S3,S2|S3,S2|S3
1786339546.634,c1,search,,0.0,31.1,7.6,10.37,,0,,0,4474.0,obs,892,31.1,20.71,10.98,,31.1,20.71,10.98,,31.1,7.6,10.37,,9.481,0,S2|S3,sub_s23,S2|S3,S2|S3,S2|S3
1786339546.634,c1,recommend,,0.0,26.76,8.94,3.79,,0,,0,200.0,obs,1196,26.76,14.03,4.0,,26.76,14.03,4.0,,26.76,8.94,3.79,,9.481,0,S2|S3,sub_s23,S2|S3,S2|S3,S2|S3
1786339546.634,c2,reserve,,0.0,26.34,7.71,3.51,,0,,0,36.0,obs,591,26.34,13.67,3.65,,26.34,13.67,3.65,,26.34,7.71,3.51,,9.481,0,S2|S3,sub_s23,S2|S3,S2|S3,S2|S3
1786339546.634,c2,search,,0.0,31.1,7.6,10.37,,0,,0,4474.0,obs,892,31.1,20.71,10.98,,31.1,20.71,10.98,,31.1,7.6,10.37,,9.481,0,S2|S3,sub_s23,S2|S3,S2|S3,S2|S3
1786339546.634,c2,recommend,,0.0,26.76,8.94,3.79,,0,,0,200.0,obs,1196,26.76,14.03,4.0,,26.76,14.03,4.0,,26.76,8.94,3.79,,9.481,0,S2|S3,sub_s23,S2|S3,S2|S3,S2|S3
1786339547.634,c1,reserve,,0.0,26.34,7.13,3.38,,0,,0,36.0,obs,599,26.34,13.67,3.65,,26.34,13.67,3.65,,26.34,7.13,3.38,,9.441,0,S2|S3,sub_s23,S2|S3,S2|S3,S2|S3
1786339547.634,c1,search,,0.0,31.1,8.85,10.22,,0,,0,4474.0,obs,893,31.1,20.71,10.98,,31.1,20.71,10.98,,31.1,8.85,10.22,,9.441,0,S2|S3,sub_s23,S2|S3,S2|S3,S2|S3
1786339547.634,c1,recommend,,0.0,26.76,9.08,3.63,,0,,0,200.0,obs,1193,26.76,14.03,4.0,,26.76,14.03,4.0,,26.76,9.08,3.63,,9.441,0,S2|S3,sub_s23,S2|S3,S2|S3,S2|S3
1786339547.634,c2,reserve,,0.0,26.34,7.13,3.38,,0,,0,36.0,obs,599,26.34,13.67,3.65,,26.34,13.67,3.65,,26.34,7.13,3.38,,9.441,0,S2|S3,sub_s23,S2|S3,S2|S3,S2|S3
1786339547.634,c2,search,,0.0,31.1,8.85,10.22,,0,,0,4474.0,obs,893,31.1,20.71,10.98,,31.1,20.71,10.98,,31.1,8.85,10.22,,9.441,0,S2|S3,sub_s23,S2|S3,S2|S3,S2|S3
1786339547.634,c2,recommend,,0.0,26.76,9.08,3.63,,0,,0,200.0,obs,1193,26.76,14.03,4.0,,26.76,14.03,4.0,,26.76,9.08,3.63,,9.441,0,S2|S3,sub_s23,S2|S3,S2|S3,S2|S3
1786339548.634,c1,reserve,,0.0,26.34,6.84,3.09,,0,,0,36.0,obs,594,26.34,13.67,3.65,,26.34,13.67,3.65,,26.34,6.84,3.09,,9.41,0,S2|S3,sub_s23,S2|S3,S2|S3,S2|S3
1786339548.634,c1,search,,0.0,31.1,8.38,10.23,,0,,0,4474.0,obs,893,31.1,20.71,10.98,,31.1,20.71,10.98,,31.1,8.38,10.23,,9.41,0,S2|S3,sub_s23,S2|S3,S2|S3,S2|S3
1786339548.634,c1,recommend,,0.0,26.76,8.63,3.8,,0,,0,200.0,obs,1194,26.76,14.03,4.0,,26.76,14.03,4.0,,26.76,8.63,3.8,,9.41,0,S2|S3,sub_s23,S2|S3,S2|S3,S2|S3
1786339548.634,c2,reserve,,0.0,26.34,6.84,3.09,,0,,0,36.0,obs,594,26.34,13.67,3.65,,26.34,13.67,3.65,,26.34,6.84,3.09,,9.41,0,S2|S3,sub_s23,S2|S3,S2|S3,S2|S3
1786339548.634,c2,search,,0.0,31.1,8.38,10.23,,0,,0,4474.0,obs,893,31.1,20.71,10.98,,31.1,20.71,10.98,,31.1,8.38,10.23,,9.41,0,S2|S3,sub_s23,S2|S3,S2|S3,S2|S3
1786339548.634,c2,recommend,,0.0,26.76,8.63,3.8,,0,,0,200.0,obs,1194,26.76,14.03,4.0,,26.76,14.03,4.0,,26.76,8.63,3.8,,9.41,0,S2|S3,sub_s23,S2|S3,S2|S3,S2|S3
1786339549.634,c1,reserve,,0.0,26.34,7.4,3.34,,0,,0,36.0,obs,598,26.34,13.67,3.65,,26.34,13.67,3.65,,26.34,7.4,3.34,,9.476,0,S2|S3,sub_s23,S2|S3,S2|S3,S2|S3
1786339549.634,c1,search,,0.0,31.1,6.62,10.37,,0,,0,4474.0,obs,895,31.1,20.71,10.98,,31.1,20.71,10.98,,31.1,6.62,10.37,,9.476,0,S2|S3,sub_s23,S2|S3,S2|S3,S2|S3
1786339549.634,c1,recommend,,0.0,26.76,8.03,3.82,,0,,0,200.0,obs,1200,26.76,14.03,4.0,,26.76,14.03,4.0,,26.76,8.03,3.82,,9.476,0,S2|S3,sub_s23,S2|S3,S2|S3,S2|S3
1786339549.634,c2,reserve,,0.0,26.34,7.4,3.34,,0,,0,36.0,obs,598,26.34,13.67,3.65,,26.34,13.67,3.65,,26.34,7.4,3.34,,9.476,0,S2|S3,sub_s23,S2|S3,S2|S3,S2|S3
1786339549.634,c2,search,,0.0,31.1,6.62,10.37,,0,,0,4474.0,obs,895,31.1,20.71,10.98,,31.1,20.71,10.98,,31.1,6.62,10.37,,9.476,0,S2|S3,sub_s23,S2|S3,S2|S3,S2|S3
1786339549.634,c2,recommend,,0.0,26.76,8.03,3.82,,0,,0,200.0,obs,1200,26.76,14.03,4.0,,26.76,14.03,4.0,,26.76,8.03,3.82,,9.476,0,S2|S3,sub_s23,S2|S3,S2|S3,S2|S3
1786339550.634,c1,reserve,,0.0,26.34,6.32,3.32,,0,,0,36.0,obs,597,26.34,13.67,3.65,,26.34,13.67,3.65,,26.34,6.32,3.32,,9.47,0,S2|S3,sub_s23,S2|S3,S2|S3,S2|S3
1786339550.634,c1,search,,0.0,31.1,6.06,10.48,,0,,0,4474.0,obs,896,31.1,20.71,10.98,,31.1,20.71,10.98,,31.1,6.06,10.48,,9.47,0,S2|S3,sub_s23,S2|S3,S2|S3,S2|S3
1786339550.634,c1,recommend,,0.0,26.76,8.98,3.82,,0,,0,200.0,obs,1197,26.76,14.03,4.0,,26.76,14.03,4.0,,26.76,8.98,3.82,,9.47,0,S2|S3,sub_s23,S2|S3,S2|S3,S2|S3
1786339550.634,c2,reserve,,0.0,26.34,6.32,3.32,,0,,0,36.0,obs,597,26.34,13.67,3.65,,26.34,13.67,3.65,,26.34,6.32,3.32,,9.47,0,S2|S3,sub_s23,S2|S3,S2|S3,S2|S3
1786339550.634,c2,search,,0.0,31.1,6.06,10.48,,0,,0,4474.0,obs,896,31.1,20.71,10.98,,31.1,20.71,10.98,,31.1,6.06,10.48,,9.47,0,S2|S3,sub_s23,S2|S3,S2|S3,S2|S3
1786339550.634,c2,recommend,,0.0,26.76,8.98,3.82,,0,,0,200.0,obs,1197,26.76,14.03,4.0,,26.76,14.03,4.0,,26.76,8.98,3.82,,9.47,0,S2|S3,sub_s23,S2|S3,S2|S3,S2|S3
1786339551.634,c1,reserve,,0.0,26.34,7.05,3.47,,0,,0,36.0,obs,598,26.34,13.67,3.65,,26.34,13.67,3.65,,26.34,7.05,3.47,,9.379,0,S2|S3,sub_s23,S2|S3,S2|S3,S2|S3
1786339551.634,c1,search,,0.0,31.1,7.03,10.59,,0,,0,4474.0,obs,891,31.1,20.71,10.98,,31.1,20.71,10.98,,31.1,7.03,10.59,,9.379,0,S2|S3,sub_s23,S2|S3,S2|S3,S2|S3
1786339551.634,c1,recommend,,0.0,26.76,9.33,3.83,,0,,0,200.0,obs,1203,26.76,14.03,4.0,,26.76,14.03,4.0,,26.76,9.33,3.83,,9.379,0,S2|S3,sub_s23,S2|S3,S2|S3,S2|S3
1786339551.634,c2,reserve,,0.0,26.34,7.05,3.47,,0,,0,36.0,obs,598,26.34,13.67,3.65,,26.34,13.67,3.65,,26.34,7.05,3.47,,9.379,0,S2|S3,sub_s23,S2|S3,S2|S3,S2|S3
1786339551.634,c2,search,,0.0,31.1,7.03,10.59,,0,,0,4474.0,obs,891,31.1,20.71,10.98,,31.1,20.71,10.98,,31.1,7.03,10.59,,9.379,0,S2|S3,sub_s23,S2|S3,S2|S3,S2|S3
1786339551.634,c2,recommend,,0.0,26.76,9.33,3.83,,0,,0,200.0,obs,1203,26.76,14.03,4.0,,26.76,14.03,4.0,,26.76,9.33,3.83,,9.379,0,S2|S3,sub_s23,S2|S3,S2|S3,S2|S3
1786339552.635,c1,reserve,,0.0,26.34,6.66,3.56,,0,,0,36.0,obs,599,26.34,13.67,3.65,,26.34,13.67,3.65,,26.34,6.66,3.56,,9.611,0,S2|S3,sub_s23,S2|S3,S2|S3,S2|S3
1786339552.635,c1,search,,0.0,31.1,8.79,10.42,,0,,0,4474.0,obs,896,31.1,20.71,10.98,,31.1,20.71,10.98,,31.1,8.79,10.42,,9.611,0,S2|S3,sub_s23,S2|S3,S2|S3,S2|S3
1786339552.635,c1,recommend,,0.0,26.76,8.59,3.85,,0,,0,200.0,obs,1194,26.76,14.03,4.0,,26.76,14.03,4.0,,26.76,8.59,3.85,,9.611,0,S2|S3,sub_s23,S2|S3,S2|S3,S2|S3
1786339552.635,c2,reserve,,0.0,26.34,6.66,3.56,,0,,0,36.0,obs,599,26.34,13.67,3.65,,26.34,13.67,3.65,,26.34,6.66,3.56,,9.611,0,S2|S3,sub_s23,S2|S3,S2|S3,S2|S3
1786339552.635,c2,search,,0.0,31.1,8.79,10.42,,0,,0,4474.0,obs,896,31.1,20.71,10.98,,31.1,20.71,10.98,,31.1,8.79,10.42,,9.611,0,S2|S3,sub_s23,S2|S3,S2|S3,S2|S3
1786339552.635,c2,recommend,,0.0,26.76,8.59,3.85,,0,,0,200.0,obs,1194,26.76,14.03,4.0,,26.76,14.03,4.0,,26.76,8.59,3.85,,9.611,0,S2|S3,sub_s23,S2|S3,S2|S3,S2|S3
1786339553.635,c1,reserve,,0.0,26.34,6.66,3.62,,0,,0,36.0,obs,595,26.34,13.67,3.65,,26.34,13.67,3.65,,26.34,6.66,3.62,,10.238,0,S2|S3,sub_s23,S2|S3,S2|S3,S2|S3
1786339553.635,c1,search,,0.0,31.1,8.79,10.27,,0,,0,4474.0,obs,896,31.1,20.71,10.98,,31.1,20.71,10.98,,31.1,8.79,10.27,,10.238,0,S2|S3,sub_s23,S2|S3,S2|S3,S2|S3
1786339553.635,c1,recommend,,0.0,26.76,8.42,3.85,,0,,0,200.0,obs,1202,26.76,14.03,4.0,,26.76,14.03,4.0,,26.76,8.42,3.85,,10.238,0,S2|S3,sub_s23,S2|S3,S2|S3,S2|S3
1786339553.635,c2,reserve,,0.0,26.34,6.66,3.62,,0,,0,36.0,obs,595,26.34,13.67,3.65,,26.34,13.67,3.65,,26.34,6.66,3.62,,10.238,0,S2|S3,sub_s23,S2|S3,S2|S3,S2|S3
1786339553.635,c2,search,,0.0,31.1,8.79,10.27,,0,,0,4474.0,obs,896,31.1,20.71,10.98,,31.1,20.71,10.98,,31.1,8.79,10.27,,10.238,0,S2|S3,sub_s23,S2|S3,S2|S3,S2|S3
1786339553.635,c2,recommend,,0.0,26.76,8.42,3.85,,0,,0,200.0,obs,1202,26.76,14.03,4.0,,26.76,14.03,4.0,,26.76,8.42,3.85,,10.238,0,S2|S3,sub_s23,S2|S3,S2|S3,S2|S3
1786339554.634,c1,reserve,,0.0,26.34,7.18,3.41,,0,,0,36.0,obs,603,26.34,13.67,3.65,,26.34,13.67,3.65,,26.34,7.18,3.41,,9.327,0,S2|S3,sub_s23,S2|S3,S2|S3,S2|S3
1786339554.634,c1,search,,0.0,31.1,8.79,10.29,,0,,0,4474.0,obs,894,31.1,20.71,10.98,,31.1,20.71,10.98,,31.1,8.79,10.29,,9.327,0,S2|S3,sub_s23,S2|S3,S2|S3,S2|S3
1786339554.634,c1,recommend,,0.0,26.76,8.76,3.88,,0,,0,200.0,obs,1194,26.76,14.03,4.0,,26.76,14.03,4.0,,26.76,8.76,3.88,,9.327,0,S2|S3,sub_s23,S2|S3,S2|S3,S2|S3
1786339554.634,c2,reserve,,0.0,26.34,7.18,3.41,,0,,0,36.0,obs,603,26.34,13.67,3.65,,26.34,13.67,3.65,,26.34,7.18,3.41,,9.327,0,S2|S3,sub_s23,S2|S3,S2|S3,S2|S3
1786339554.634,c2,search,,0.0,31.1,8.79,10.29,,0,,0,4474.0,obs,894,31.1,20.71,10.98,,31.1,20.71,10.98,,31.1,8.79,10.29,,9.327,0,S2|S3,sub_s23,S2|S3,S2|S3,S2|S3
1786339554.634,c2,recommend,,0.0,26.76,8.76,3.88,,0,,0,200.0,obs,1194,26.76,14.03,4.0,,26.76,14.03,4.0,,26.76,8.76,3.88,,9.327,0,S2|S3,sub_s23,S2|S3,S2|S3,S2|S3
1786339555.634,c1,reserve,,0.0,26.34,8.01,3.38,,0,,0,36.0,obs,596,26.34,13.67,3.65,,26.34,13.67,3.65,,26.34,8.01,3.38,,9.418,0,S2|S3,sub_s23,S2|S3,S2|S3,S2|S3
1786339555.634,c1,search,,0.0,31.1,9.42,10.36,,0,,0,4474.0,obs,899,31.1,20.71,10.98,,31.1,20.71,10.98,,31.1,9.42,10.36,,9.418,0,S2|S3,sub_s23,S2|S3,S2|S3,S2|S3
1786339555.634,c1,recommend,,0.0,26.76,9.24,3.89,,0,,0,200.0,obs,1200,26.76,14.03,4.0,,26.76,14.03,4.0,,26.76,9.24,3.89,,9.418,0,S2|S3,sub_s23,S2|S3,S2|S3,S2|S3
1786339555.634,c2,reserve,,0.0,26.34,8.01,3.38,,0,,0,36.0,obs,596,26.34,13.67,3.65,,26.34,13.67,3.65,,26.34,8.01,3.38,,9.418,0,S2|S3,sub_s23,S2|S3,S2|S3,S2|S3
1786339555.634,c2,search,,0.0,31.1,9.42,10.36,,0,,0,4474.0,obs,899,31.1,20.71,10.98,,31.1,20.71,10.98,,31.1,9.42,10.36,,9.418,0,S2|S3,sub_s23,S2|S3,S2|S3,S2|S3
1786339555.634,c2,recommend,,0.0,26.76,9.24,3.89,,0,,0,200.0,obs,1200,26.76,14.03,4.0,,26.76,14.03,4.0,,26.76,9.24,3.89,,9.418,0,S2|S3,sub_s23,S2|S3,S2|S3,S2|S3
1786339556.634,c1,reserve,,0.0,26.34,8.01,3.4,,0,,0,36.0,obs,599,26.34,13.67,3.65,,26.34,13.67,3.65,,26.34,8.01,3.4,,9.405,0,S2|S3,sub_s23,S2|S3,S2|S3,S2|S3
1786339556.634,c1,search,,0.0,31.1,9.25,9.88,,0,,0,4474.0,obs,892,31.1,20.71,10.98,,31.1,20.71,10.98,,31.1,9.25,9.88,,9.405,0,S2|S3,sub_s23,S2|S3,S2|S3,S2|S3
1786339556.634,c1,recommend,,0.0,26.76,9.63,3.78,,0,,0,200.0,obs,1200,26.76,14.03,4.0,,26.76,14.03,4.0,,26.76,9.63,3.78,,9.405,0,S2|S3,sub_s23,S2|S3,S2|S3,S2|S3
1786339556.634,c2,reserve,,0.0,26.34,8.01,3.4,,0,,0,36.0,obs,599,26.34,13.67,3.65,,26.34,13.67,3.65,,26.34,8.01,3.4,,9.405,0,S2|S3,sub_s23,S2|S3,S2|S3,S2|S3
1786339556.634,c2,search,,0.0,31.1,9.25,9.88,,0,,0,4474.0,obs,892,31.1,20.71,10.98,,31.1,20.71,10.98,,31.1,9.25,9.88,,9.405,0,S2|S3,sub_s23,S2|S3,S2|S3,S2|S3
1786339556.634,c2,recommend,,0.0,26.76,9.63,3.78,,0,,0,200.0,obs,1200,26.76,14.03,4.0,,26.76,14.03,4.0,,26.76,9.63,3.78,,9.405,0,S2|S3,sub_s23,S2|S3,S2|S3,S2|S3
1786339557.635,c1,reserve,,0.0,26.34,6.63,3.26,,0,,0,36.0,obs,599,26.34,13.67,3.65,,26.34,13.67,3.65,,26.34,6.63,3.26,,10.092,0,S2|S3,sub_s23,S2|S3,S2|S3,S2|S3
1786339557.635,c1,search,,0.0,31.1,8.24,9.73,,0,,0,4474.0,obs,900,31.1,20.71,10.98,,31.1,20.71,10.98,,31.1,8.24,9.73,,10.092,0,S2|S3,sub_s23,S2|S3,S2|S3,S2|S3
1786339557.635,c1,recommend,,0.0,26.76,9.16,3.68,,0,,0,200.0,obs,1200,26.76,14.03,4.0,,26.76,14.03,4.0,,26.76,9.16,3.68,,10.092,0,S2|S3,sub_s23,S2|S3,S2|S3,S2|S3
1786339557.635,c2,reserve,,0.0,26.34,6.63,3.26,,0,,0,36.0,obs,599,26.34,13.67,3.65,,26.34,13.67,3.65,,26.34,6.63,3.26,,10.092,0,S2|S3,sub_s23,S2|S3,S2|S3,S2|S3
1786339557.635,c2,search,,0.0,31.1,8.24,9.73,,0,,0,4474.0,obs,900,31.1,20.71,10.98,,31.1,20.71,10.98,,31.1,8.24,9.73,,10.092,0,S2|S3,sub_s23,S2|S3,S2|S3,S2|S3
1786339557.635,c2,recommend,,0.0,26.76,9.16,3.68,,0,,0,200.0,obs,1200,26.76,14.03,4.0,,26.76,14.03,4.0,,26.76,9.16,3.68,,10.092,0,S2|S3,sub_s23,S2|S3,S2|S3,S2|S3
1786339558.635,c1,reserve,,0.0,26.34,6.56,3.48,,0,,0,36.0,obs,599,26.34,13.67,3.65,,26.34,13.67,3.65,,26.34,6.56,3.48,,10.081,0,S2|S3,sub_s23,S2|S3,S2|S3,S2|S3
1786339558.635,c1,search,,0.0,31.1,7.77,10.61,,0,,0,4474.0,obs,895,31.1,20.71,10.98,,31.1,20.71,10.98,,31.1,7.77,10.61,,10.081,0,S2|S3,sub_s23,S2|S3,S2|S3,S2|S3
1786339558.635,c1,recommend,,0.0,26.76,9.51,3.84,,0,,0,200.0,obs,1204,26.76,14.03,4.0,,26.76,14.03,4.0,,26.76,9.51,3.84,,10.081,0,S2|S3,sub_s23,S2|S3,S2|S3,S2|S3
1786339558.635,c2,reserve,,0.0,26.34,6.56,3.48,,0,,0,36.0,obs,599,26.34,13.67,3.65,,26.34,13.67,3.65,,26.34,6.56,3.48,,10.081,0,S2|S3,sub_s23,S2|S3,S2|S3,S2|S3
1786339558.635,c2,search,,0.0,31.1,7.77,10.61,,0,,0,4474.0,obs,895,31.1,20.71,10.98,,31.1,20.71,10.98,,31.1,7.77,10.61,,10.081,0,S2|S3,sub_s23,S2|S3,S2|S3,S2|S3
1786339558.635,c2,recommend,,0.0,26.76,9.51,3.84,,0,,0,200.0,obs,1204,26.76,14.03,4.0,,26.76,14.03,4.0,,26.76,9.51,3.84,,10.081,0,S2|S3,sub_s23,S2|S3,S2|S3,S2|S3
1786339559.634,c1,reserve,,0.0,26.34,6.69,3.46,,0,,0,36.0,obs,601,26.34,13.67,3.65,,26.34,13.67,3.65,,26.34,6.69,3.46,,9.375,0,S2|S3,sub_s23,S2|S3,S2|S3,S2|S3
1786339559.634,c1,search,,0.0,31.1,7.79,10.66,,0,,0,4474.0,obs,899,31.1,20.71,10.98,,31.1,20.71,10.98,,31.1,7.79,10.66,,9.375,0,S2|S3,sub_s23,S2|S3,S2|S3,S2|S3
1786339559.634,c1,recommend,,0.0,26.76,9.4,3.85,,0,,0,200.0,obs,1200,26.76,14.03,4.0,,26.76,14.03,4.0,,26.76,9.4,3.85,,9.375,0,S2|S3,sub_s23,S2|S3,S2|S3,S2|S3
1786339559.634,c2,reserve,,0.0,26.34,6.69,3.46,,0,,0,36.0,obs,601,26.34,13.67,3.65,,26.34,13.67,3.65,,26.34,6.69,3.46,,9.375,0,S2|S3,sub_s23,S2|S3,S2|S3,S2|S3
1786339559.634,c2,search,,0.0,31.1,7.79,10.66,,0,,0,4474.0,obs,899,31.1,20.71,10.98,,31.1,20.71,10.98,,31.1,7.79,10.66,,9.375,0,S2|S3,sub_s23,S2|S3,S2|S3,S2|S3
1786339559.634,c2,recommend,,0.0,26.76,9.4,3.85,,0,,0,200.0,obs,1200,26.76,14.03,4.0,,26.76,14.03,4.0,,26.76,9.4,3.85,,9.375,0,S2|S3,sub_s23,S2|S3,S2|S3,S2|S3
1786339560.635,c1,reserve,,0.0,26.34,6.69,3.4,,0,,0,36.0,obs,602,26.34,13.67,3.65,,26.34,13.67,3.65,,26.34,6.69,3.4,,10.253,0,S2|S3,sub_s23,S2|S3,S2|S3,S2|S3
1786339560.635,c1,search,,0.0,31.1,7.23,10.07,,0,,0,4474.0,obs,899,31.1,20.71,10.98,,31.1,20.71,10.98,,31.1,7.23,10.07,,10.253,0,S2|S3,sub_s23,S2|S3,S2|S3,S2|S3
1786339560.635,c1,recommend,,0.0,26.76,9.17,3.82,,0,,0,200.0,obs,1204,26.76,14.03,4.0,,26.76,14.03,4.0,,26.76,9.17,3.82,,10.253,0,S2|S3,sub_s23,S2|S3,S2|S3,S2|S3
1786339560.635,c2,reserve,,0.0,26.34,6.69,3.4,,0,,0,36.0,obs,602,26.34,13.67,3.65,,26.34,13.67,3.65,,26.34,6.69,3.4,,10.253,0,S2|S3,sub_s23,S2|S3,S2|S3,S2|S3
1786339560.635,c2,search,,0.0,31.1,7.23,10.07,,0,,0,4474.0,obs,899,31.1,20.71,10.98,,31.1,20.71,10.98,,31.1,7.23,10.07,,10.253,0,S2|S3,sub_s23,S2|S3,S2|S3,S2|S3
1786339560.635,c2,recommend,,0.0,26.76,9.17,3.82,,0,,0,200.0,obs,1204,26.76,14.03,4.0,,26.76,14.03,4.0,,26.76,9.17,3.82,,10.253,0,S2|S3,sub_s23,S2|S3,S2|S3,S2|S3
1786339561.635,c1,reserve,,0.0,26.34,7.32,3.08,,0,,0,36.0,obs,606,26.34,13.67,3.65,,26.34,13.67,3.65,,26.34,7.32,3.08,,10.167,0,S2|S3,sub_s23,S2|S3,S2|S3,S2|S3
1786339561.635,c1,search,,0.0,31.1,7.48,9.9,,0,,0,4474.0,obs,900,31.1,20.71,10.98,,31.1,20.71,10.98,,31.1,7.48,9.9,,10.167,0,S2|S3,sub_s23,S2|S3,S2|S3,S2|S3
1786339561.635,c1,recommend,,0.0,26.76,8.81,3.68,,0,,0,200.0,obs,1202,26.76,14.03,4.0,,26.76,14.03,4.0,,26.76,8.81,3.68,,10.167,0,S2|S3,sub_s23,S2|S3,S2|S3,S2|S3
1786339561.635,c2,reserve,,0.0,26.34,7.32,3.08,,0,,0,36.0,obs,606,26.34,13.67,3.65,,26.34,13.67,3.65,,26.34,7.32,3.08,,10.167,0,S2|S3,sub_s23,S2|S3,S2|S3,S2|S3
1786339561.635,c2,search,,0.0,31.1,7.48,9.9,,0,,0,4474.0,obs,900,31.1,20.71,10.98,,31.1,20.71,10.98,,31.1,7.48,9.9,,10.167,0,S2|S3,sub_s23,S2|S3,S2|S3,S2|S3
1786339561.635,c2,recommend,,0.0,26.76,8.81,3.68,,0,,0,200.0,obs,1202,26.76,14.03,4.0,,26.76,14.03,4.0,,26.76,8.81,3.68,,10.167,0,S2|S3,sub_s23,S2|S3,S2|S3,S2|S3
1786339562.634,c1,reserve,,0.0,26.34,7.99,3.15,,0,,0,36.0,obs,597,26.34,13.67,3.65,,26.34,13.67,3.65,,26.34,7.99,3.15,,9.35,0,S2|S3,sub_s23,S2|S3,S2|S3,S2|S3
1786339562.634,c1,search,,0.0,31.1,9.14,10.51,,0,,0,4474.0,obs,898,31.1,20.71,10.98,,31.1,20.71,10.98,,31.1,9.14,10.51,,9.35,0,S2|S3,sub_s23,S2|S3,S2|S3,S2|S3
1786339562.634,c1,recommend,,0.0,26.76,8.8,3.7,,0,,0,200.0,obs,1205,26.76,14.03,4.0,,26.76,14.03,4.0,,26.76,8.8,3.7,,9.35,0,S2|S3,sub_s23,S2|S3,S2|S3,S2|S3
1786339562.634,c2,reserve,,0.0,26.34,7.99,3.15,,0,,0,36.0,obs,597,26.34,13.67,3.65,,26.34,13.67,3.65,,26.34,7.99,3.15,,9.35,0,S2|S3,sub_s23,S2|S3,S2|S3,S2|S3
1786339562.634,c2,search,,0.0,31.1,9.14,10.51,,0,,0,4474.0,obs,898,31.1,20.71,10.98,,31.1,20.71,10.98,,31.1,9.14,10.51,,9.35,0,S2|S3,sub_s23,S2|S3,S2|S3,S2|S3
1786339562.634,c2,recommend,,0.0,26.76,8.8,3.7,,0,,0,200.0,obs,1205,26.76,14.03,4.0,,26.76,14.03,4.0,,26.76,8.8,3.7,,9.35,0,S2|S3,sub_s23,S2|S3,S2|S3,S2|S3
1786339563.635,c1,reserve,,0.0,26.34,8.01,3.41,,0,,0,36.0,obs,605,26.34,13.67,3.65,,26.34,13.67,3.65,,26.34,8.01,3.41,,10.097,0,S2|S3,sub_s23,S2|S3,S2|S3,S2|S3
1786339563.635,c1,search,,0.0,31.1,8.64,10.74,,0,,0,4474.0,obs,896,31.1,20.71,10.98,,31.1,20.71,10.98,,31.1,8.64,10.74,,10.097,0,S2|S3,sub_s23,S2|S3,S2|S3,S2|S3
1786339563.635,c1,recommend,,0.0,26.76,9.16,3.97,,0,,0,200.0,obs,1205,26.76,14.03,4.0,,26.76,14.03,4.0,,26.76,9.16,3.97,,10.097,0,S2|S3,sub_s23,S2|S3,S2|S3,S2|S3
1786339563.635,c2,reserve,,0.0,26.34,8.01,3.41,,0,,0,36.0,obs,605,26.34,13.67,3.65,,26.34,13.67,3.65,,26.34,8.01,3.41,,10.097,0,S2|S3,sub_s23,S2|S3,S2|S3,S2|S3
1786339563.635,c2,search,,0.0,31.1,8.64,10.74,,0,,0,4474.0,obs,896,31.1,20.71,10.98,,31.1,20.71,10.98,,31.1,8.64,10.74,,10.097,0,S2|S3,sub_s23,S2|S3,S2|S3,S2|S3
1786339563.635,c2,recommend,,0.0,26.76,9.16,3.97,,0,,0,200.0,obs,1205,26.76,14.03,4.0,,26.76,14.03,4.0,,26.76,9.16,3.97,,10.097,0,S2|S3,sub_s23,S2|S3,S2|S3,S2|S3
1786339564.635,c1,reserve,,0.0,26.34,7.47,3.56,,0,,0,36.0,obs,602,26.34,13.67,3.65,,26.34,13.67,3.65,,26.34,7.47,3.56,,9.693,0,S2|S3,sub_s23,S2|S3,S2|S3,S2|S3
1786339564.635,c1,search,,0.0,31.1,8.56,10.48,,0,,0,4474.0,obs,901,31.1,20.71,10.98,,31.1,20.71,10.98,,31.1,8.56,10.48,,9.693,0,S2|S3,sub_s23,S2|S3,S2|S3,S2|S3
1786339564.635,c1,recommend,,0.0,26.76,8.69,3.97,,0,,0,200.0,obs,1207,26.76,14.03,4.0,,26.76,14.03,4.0,,26.76,8.69,3.97,,9.693,0,S2|S3,sub_s23,S2|S3,S2|S3,S2|S3
1786339564.635,c2,reserve,,0.0,26.34,7.47,3.56,,0,,0,36.0,obs,602,26.34,13.67,3.65,,26.34,13.67,3.65,,26.34,7.47,3.56,,9.693,0,S2|S3,sub_s23,S2|S3,S2|S3,S2|S3
1786339564.635,c2,search,,0.0,31.1,8.56,10.48,,0,,0,4474.0,obs,901,31.1,20.71,10.98,,31.1,20.71,10.98,,31.1,8.56,10.48,,9.693,0,S2|S3,sub_s23,S2|S3,S2|S3,S2|S3
1786339564.635,c2,recommend,,0.0,26.76,8.69,3.97,,0,,0,200.0,obs,1207,26.76,14.03,4.0,,26.76,14.03,4.0,,26.76,8.69,3.97,,9.693,0,S2|S3,sub_s23,S2|S3,S2|S3,S2|S3
1786339565.635,c1,reserve,,0.0,26.34,7.55,3.54,,0,,0,36.0,obs,602,26.34,13.67,3.65,,26.34,13.67,3.65,,26.34,7.55,3.54,,10.281,0,S2|S3,sub_s23,S2|S3,S2|S3,S2|S3
1786339565.635,c1,search,,0.0,31.1,8.37,10.42,,0,,0,4474.0,obs,897,31.1,20.71,10.98,,31.1,20.71,10.98,,31.1,8.37,10.42,,10.281,0,S2|S3,sub_s23,S2|S3,S2|S3,S2|S3
1786339565.635,c1,recommend,,0.0,26.76,8.69,3.97,,0,,0,200.0,obs,1204,26.76,14.03,4.0,,26.76,14.03,4.0,,26.76,8.69,3.97,,10.281,0,S2|S3,sub_s23,S2|S3,S2|S3,S2|S3
1786339565.635,c2,reserve,,0.0,26.34,7.55,3.54,,0,,0,36.0,obs,602,26.34,13.67,3.65,,26.34,13.67,3.65,,26.34,7.55,3.54,,10.281,0,S2|S3,sub_s23,S2|S3,S2|S3,S2|S3
1786339565.635,c2,search,,0.0,31.1,8.37,10.42,,0,,0,4474.0,obs,897,31.1,20.71,10.98,,31.1,20.71,10.98,,31.1,8.37,10.42,,10.281,0,S2|S3,sub_s23,S2|S3,S2|S3,S2|S3
1786339565.635,c2,recommend,,0.0,26.76,8.69,3.97,,0,,0,200.0,obs,1204,26.76,14.03,4.0,,26.76,14.03,4.0,,26.76,8.69,3.97,,10.281,0,S2|S3,sub_s23,S2|S3,S2|S3,S2|S3
1786339566.634,c1,reserve,,0.0,26.34,7.83,3.54,,0,,0,36.0,obs,603,26.34,13.67,3.65,,26.34,13.67,3.65,,26.34,7.83,3.54,,9.38,0,S2|S3,sub_s23,S2|S3,S2|S3,S2|S3
1786339566.634,c1,search,,0.0,31.1,8.56,10.75,,0,,0,4474.0,obs,903,31.1,20.71,10.98,,31.1,20.71,10.98,,31.1,8.56,10.75,,9.38,0,S2|S3,sub_s23,S2|S3,S2|S3,S2|S3
1786339566.634,c1,recommend,,0.0,26.76,9.11,3.9,,0,,0,200.0,obs,1204,26.76,14.03,4.0,,26.76,14.03,4.0,,26.76,9.11,3.9,,9.38,0,S2|S3,sub_s23,S2|S3,S2|S3,S2|S3
1786339566.634,c2,reserve,,0.0,26.34,7.83,3.54,,0,,0,36.0,obs,603,26.34,13.67,3.65,,26.34,13.67,3.65,,26.34,7.83,3.54,,9.38,0,S2|S3,sub_s23,S2|S3,S2|S3,S2|S3
1786339566.634,c2,search,,0.0,31.1,8.56,10.75,,0,,0,4474.0,obs,903,31.1,20.71,10.98,,31.1,20.71,10.98,,31.1,8.56,10.75,,9.38,0,S2|S3,sub_s23,S2|S3,S2|S3,S2|S3
1786339566.634,c2,recommend,,0.0,26.76,9.11,3.9,,0,,0,200.0,obs,1204,26.76,14.03,4.0,,26.76,14.03,4.0,,26.76,9.11,3.9,,9.38,0,S2|S3,sub_s23,S2|S3,S2|S3,S2|S3
1786339567.634,c1,reserve,,0.0,26.34,7.8,3.42,,0,,0,36.0,obs,601,26.34,13.67,3.65,,26.34,13.67,3.65,,26.34,7.8,3.42,,9.367,0,S2|S3,sub_s23,S2|S3,S2|S3,S2|S3
1786339567.634,c1,search,,0.0,31.1,8.29,10.76,,0,,0,4474.0,obs,900,31.1,20.71,10.98,,31.1,20.71,10.98,,31.1,8.29,10.76,,9.367,0,S2|S3,sub_s23,S2|S3,S2|S3,S2|S3
1786339567.634,c1,recommend,,0.0,26.76,9.27,3.86,,0,,0,200.0,obs,1210,26.76,14.03,4.0,,26.76,14.03,4.0,,26.76,9.27,3.86,,9.367,0,S2|S3,sub_s23,S2|S3,S2|S3,S2|S3
1786339567.634,c2,reserve,,0.0,26.34,7.8,3.42,,0,,0,36.0,obs,601,26.34,13.67,3.65,,26.34,13.67,3.65,,26.34,7.8,3.42,,9.367,0,S2|S3,sub_s23,S2|S3,S2|S3,S2|S3
1786339567.634,c2,search,,0.0,31.1,8.29,10.76,,0,,0,4474.0,obs,900,31.1,20.71,10.98,,31.1,20.71,10.98,,31.1,8.29,10.76,,9.367,0,S2|S3,sub_s23,S2|S3,S2|S3,S2|S3
1786339567.634,c2,recommend,,0.0,26.76,9.27,3.86,,0,,0,200.0,obs,1210,26.76,14.03,4.0,,26.76,14.03,4.0,,26.76,9.27,3.86,,9.367,0,S2|S3,sub_s23,S2|S3,S2|S3,S2|S3
1786339568.634,c1,reserve,,0.0,26.34,7.6,3.55,,0,,0,36.0,obs,605,26.34,13.67,3.65,,26.34,13.67,3.65,,26.34,7.6,3.55,,9.389,0,S2|S3,sub_s23,S2|S3,S2|S3,S2|S3
1786339568.634,c1,search,,0.0,31.1,7.53,10.76,,0,,0,4474.0,obs,901,31.1,20.71,10.98,,31.1,20.71,10.98,,31.1,7.53,10.76,,9.389,0,S2|S3,sub_s23,S2|S3,S2|S3,S2|S3
1786339568.634,c1,recommend,,0.0,26.76,9.44,3.86,,0,,0,200.0,obs,1204,26.76,14.03,4.0,,26.76,14.03,4.0,,26.76,9.44,3.86,,9.389,0,S2|S3,sub_s23,S2|S3,S2|S3,S2|S3
1786339568.634,c2,reserve,,0.0,26.34,7.6,3.55,,0,,0,36.0,obs,605,26.34,13.67,3.65,,26.34,13.67,3.65,,26.34,7.6,3.55,,9.389,0,S2|S3,sub_s23,S2|S3,S2|S3,S2|S3
1786339568.634,c2,search,,0.0,31.1,7.53,10.76,,0,,0,4474.0,obs,901,31.1,20.71,10.98,,31.1,20.71,10.98,,31.1,7.53,10.76,,9.389,0,S2|S3,sub_s23,S2|S3,S2|S3,S2|S3
1786339568.634,c2,recommend,,0.0,26.76,9.44,3.86,,0,,0,200.0,obs,1204,26.76,14.03,4.0,,26.76,14.03,4.0,,26.76,9.44,3.86,,9.389,0,S2|S3,sub_s23,S2|S3,S2|S3,S2|S3
1786339569.635,c1,reserve,,0.0,26.34,6.17,3.67,,0,,0,36.0,obs,601,26.34,13.67,3.65,,26.34,13.67,3.65,,26.34,6.17,3.67,,10.168,0,S2|S3,sub_s23,S2|S3,S2|S3,S2|S3
1786339569.635,c1,search,,0.0,31.1,7.19,10.79,,0,,0,4474.0,obs,901,31.1,20.71,10.98,,31.1,20.71,10.98,,31.1,7.19,10.79,,10.168,0,S2|S3,sub_s23,S2|S3,S2|S3,S2|S3
1786339569.635,c1,recommend,,0.0,26.76,9.05,3.93,,0,,0,200.0,obs,1211,26.76,14.03,4.0,,26.76,14.03,4.0,,26.76,9.05,3.93,,10.168,0,S2|S3,sub_s23,S2|S3,S2|S3,S2|S3
1786339569.635,c2,reserve,,0.0,26.34,6.17,3.67,,0,,0,36.0,obs,601,26.34,13.67,3.65,,26.34,13.67,3.65,,26.34,6.17,3.67,,10.168,0,S2|S3,sub_s23,S2|S3,S2|S3,S2|S3
1786339569.635,c2,search,,0.0,31.1,7.19,10.79,,0,,0,4474.0,obs,901,31.1,20.71,10.98,,31.1,20.71,10.98,,31.1,7.19,10.79,,10.168,0,S2|S3,sub_s23,S2|S3,S2|S3,S2|S3
1786339569.635,c2,recommend,,0.0,26.76,9.05,3.93,,0,,0,200.0,obs,1211,26.76,14.03,4.0,,26.76,14.03,4.0,,26.76,9.05,3.93,,10.168,0,S2|S3,sub_s23,S2|S3,S2|S3,S2|S3
1786339570.635,c1,reserve,,0.0,26.34,5.35,3.51,,0,,0,36.0,obs,606,26.34,13.67,3.65,,26.34,13.67,3.65,,26.34,5.35,3.51,,10.159,0,S2|S3,sub_s23,S2|S3,S2|S3,S2|S3
1786339570.635,c1,search,,0.0,31.1,7.41,10.58,,0,,0,4474.0,obs,902,31.1,20.71,10.98,,31.1,20.71,10.98,,31.1,7.41,10.58,,10.159,0,S2|S3,sub_s23,S2|S3,S2|S3,S2|S3
1786339570.635,c1,recommend,,0.0,26.76,8.7,3.93,,0,,0,200.0,obs,1210,26.76,14.03,4.0,,26.76,14.03,4.0,,26.76,8.7,3.93,,10.159,0,S2|S3,sub_s23,S2|S3,S2|S3,S2|S3
1786339570.635,c2,reserve,,0.0,26.34,5.35,3.51,,0,,0,36.0,obs,606,26.34,13.67,3.65,,26.34,13.67,3.65,,26.34,5.35,3.51,,10.159,0,S2|S3,sub_s23,S2|S3,S2|S3,S2|S3
1786339570.635,c2,search,,0.0,31.1,7.41,10.58,,0,,0,4474.0,obs,902,31.1,20.71,10.98,,31.1,20.71,10.98,,31.1,7.41,10.58,,10.159,0,S2|S3,sub_s23,S2|S3,S2|S3,S2|S3
1786339570.635,c2,recommend,,0.0,26.76,8.7,3.93,,0,,0,200.0,obs,1210,26.76,14.03,4.0,,26.76,14.03,4.0,,26.76,8.7,3.93,,10.159,0,S2|S3,sub_s23,S2|S3,S2|S3,S2|S3
1786339571.635,c1,reserve,,0.0,26.34,6.23,3.5,,0,,0,36.0,obs,603,26.34,13.67,3.65,,26.34,13.67,3.65,,26.34,6.23,3.5,,10.164,0,S2|S3,sub_s23,S2|S3,S2|S3,S2|S3
1786339571.635,c1,search,,0.0,31.1,6.21,10.64,,0,,0,4474.0,obs,907,31.1,20.71,10.98,,31.1,20.71,10.98,,31.1,6.21,10.64,,10.164,0,S2|S3,sub_s23,S2|S3,S2|S3,S2|S3
1786339571.635,c1,recommend,,0.0,26.76,8.11,3.82,,0,,0,200.0,obs,1207,26.76,14.03,4.0,,26.76,14.03,4.0,,26.76,8.11,3.82,,10.164,0,S2|S3,sub_s23,S2|S3,S2|S3,S2|S3
1786339571.635,c2,reserve,,0.0,26.34,6.23,3.5,,0,,0,36.0,obs,603,26.34,13.67,3.65,,26.34,13.67,3.65,,26.34,6.23,3.5,,10.164,0,S2|S3,sub_s23,S2|S3,S2|S3,S2|S3
1786339571.635,c2,search,,0.0,31.1,6.21,10.64,,0,,0,4474.0,obs,907,31.1,20.71,10.98,,31.1,20.71,10.98,,31.1,6.21,10.64,,10.164,0,S2|S3,sub_s23,S2|S3,S2|S3,S2|S3
1786339571.635,c2,recommend,,0.0,26.76,8.11,3.82,,0,,0,200.0,obs,1207,26.76,14.03,4.0,,26.76,14.03,4.0,,26.76,8.11,3.82,,10.164,0,S2|S3,sub_s23,S2|S3,S2|S3,S2|S3
1786339572.635,c1,reserve,,0.0,26.34,7.09,3.43,,0,,0,36.0,obs,607,26.34,13.67,3.65,,26.34,13.67,3.65,,26.34,7.09,3.43,,9.988,0,S2|S3,sub_s23,S2|S3,S2|S3,S2|S3
1786339572.635,c1,search,,0.0,31.1,7.67,10.69,,0,,0,4474.0,obs,903,31.1,20.71,10.98,,31.1,20.71,10.98,,31.1,7.67,10.69,,9.988,0,S2|S3,sub_s23,S2|S3,S2|S3,S2|S3
1786339572.635,c1,recommend,,0.0,26.76,7.97,3.9,,0,,0,200.0,obs,1212,26.76,14.03,4.0,,26.76,14.03,4.0,,26.76,7.97,3.9,,9.988,0,S2|S3,sub_s23,S2|S3,S2|S3,S2|S3
1786339572.635,c2,reserve,,0.0,26.34,7.09,3.43,,0,,0,36.0,obs,607,26.34,13.67,3.65,,26.34,13.67,3.65,,26.34,7.09,3.43,,9.988,0,S2|S3,sub_s23,S2|S3,S2|S3,S2|S3
1786339572.635,c2,search,,0.0,31.1,7.67,10.69,,0,,0,4474.0,obs,903,31.1,20.71,10.98,,31.1,20.71,10.98,,31.1,7.67,10.69,,9.988,0,S2|S3,sub_s23,S2|S3,S2|S3,S2|S3
1786339572.635,c2,recommend,,0.0,26.76,7.97,3.9,,0,,0,200.0,obs,1212,26.76,14.03,4.0,,26.76,14.03,4.0,,26.76,7.97,3.9,,9.988,0,S2|S3,sub_s23,S2|S3,S2|S3,S2|S3
1786339573.634,c1,reserve,,0.0,26.34,7.73,3.5,,0,,0,36.0,obs,603,26.34,13.67,3.65,,26.34,13.67,3.65,,26.34,7.73,3.5,,9.382,0,S2|S3,sub_s23,S2|S3,S2|S3,S2|S3
1786339573.634,c1,search,,0.0,31.1,8.67,10.84,,0,,0,4474.0,obs,909,31.1,20.71,10.98,,31.1,20.71,10.98,,31.1,8.67,10.84,,9.382,0,S2|S3,sub_s23,S2|S3,S2|S3,S2|S3
1786339573.634,c1,recommend,,0.0,26.76,8.7,4.05,,0,,0,200.0,obs,1213,26.76,14.03,4.0,,26.76,14.03,4.0,,26.76,8.7,4.05,,9.382,0,S2|S3,sub_s23,S2|S3,S2|S3,S2|S3
1786339573.634,c2,reserve,,0.0,26.34,7.73,3.5,,0,,0,36.0,obs,603,26.34,13.67,3.65,,26.34,13.67,3.65,,26.34,7.73,3.5,,9.382,0,S2|S3,sub_s23,S2|S3,S2|S3,S2|S3
1786339573.634,c2,search,,0.0,31.1,8.67,10.84,,0,,0,4474.0,obs,909,31.1,20.71,10.98,,31.1,20.71,10.98,,31.1,8.67,10.84,,9.382,0,S2|S3,sub_s23,S2|S3,S2|S3,S2|S3
1786339573.634,c2,recommend,,0.0,26.76,8.7,4.05,,0,,0,200.0,obs,1213,26.76,14.03,4.0,,26.76,14.03,4.0,,26.76,8.7,4.05,,9.382,0,S2|S3,sub_s23,S2|S3,S2|S3,S2|S3
1786339574.635,c1,reserve,,0.0,26.34,8.25,3.68,,0,,0,36.0,obs,605,26.34,13.67,3.65,,26.34,13.67,3.65,,26.34,8.25,3.68,,10.239,0,S2|S3,sub_s23,S2|S3,S2|S3,S2|S3
1786339574.635,c1,search,,0.0,31.1,8.52,10.95,,0,,0,4474.0,obs,906,31.1,20.71,10.98,,31.1,20.71,10.98,,31.1,8.52,10.95,,10.239,0,S2|S3,sub_s23,S2|S3,S2|S3,S2|S3
1786339574.635,c1,recommend,,0.0,26.76,9.02,4.04,,0,,0,200.0,obs,1214,26.76,14.03,4.0,,26.76,14.03,4.0,,26.76,9.02,4.04,,10.239,0,S2|S3,sub_s23,S2|S3,S2|S3,S2|S3
1786339574.635,c2,reserve,,0.0,26.34,8.25,3.68,,0,,0,36.0,obs,605,26.34,13.67,3.65,,26.34,13.67,3.65,,26.34,8.25,3.68,,10.239,0,S2|S3,sub_s23,S2|S3,S2|S3,S2|S3
1786339574.635,c2,search,,0.0,31.1,8.52,10.95,,0,,0,4474.0,obs,906,31.1,20.71,10.98,,31.1,20.71,10.98,,31.1,8.52,10.95,,10.239,0,S2|S3,sub_s23,S2|S3,S2|S3,S2|S3
1786339574.635,c2,recommend,,0.0,26.76,9.02,4.04,,0,,0,200.0,obs,1214,26.76,14.03,4.0,,26.76,14.03,4.0,,26.76,9.02,4.04,,10.239,0,S2|S3,sub_s23,S2|S3,S2|S3,S2|S3
1786339575.635,c1,reserve,,0.0,26.34,8.22,3.59,,0,,0,36.0,obs,607,26.34,13.67,3.65,,26.34,13.67,3.65,,26.34,8.22,3.59,,9.957,0,S2|S3,sub_s23,S2|S3,S2|S3,S2|S3
1786339575.635,c1,search,,0.0,31.1,6.77,10.77,,0,,0,4474.0,obs,908,31.1,20.71,10.98,,31.1,20.71,10.98,,31.1,6.77,10.77,,9.957,0,S2|S3,sub_s23,S2|S3,S2|S3,S2|S3
1786339575.635,c1,recommend,,0.0,26.76,9.02,4.0,,0,,0,200.0,obs,1210,26.76,14.03,4.0,,26.76,14.03,4.0,,26.76,9.02,4.0,,9.957,0,S2|S3,sub_s23,S2|S3,S2|S3,S2|S3
1786339575.635,c2,reserve,,0.0,26.34,8.22,3.59,,0,,0,36.0,obs,607,26.34,13.67,3.65,,26.34,13.67,3.65,,26.34,8.22,3.59,,9.957,0,S2|S3,sub_s23,S2|S3,S2|S3,S2|S3
1786339575.635,c2,search,,0.0,31.1,6.77,10.77,,0,,0,4474.0,obs,908,31.1,20.71,10.98,,31.1,20.71,10.98,,31.1,6.77,10.77,,9.957,0,S2|S3,sub_s23,S2|S3,S2|S3,S2|S3
1786339575.635,c2,recommend,,0.0,26.76,9.02,4.0,,0,,0,200.0,obs,1210,26.76,14.03,4.0,,26.76,14.03,4.0,,26.76,9.02,4.0,,9.957,0,S2|S3,sub_s23,S2|S3,S2|S3,S2|S3
1786339576.635,c1,reserve,,0.0,26.34,7.08,3.63,,0,,0,36.0,obs,601,26.34,13.67,3.65,,26.34,13.67,3.65,,26.34,7.08,3.63,,9.883,0,S2|S3,sub_s23,S2|S3,S2|S3,S2|S3
1786339576.635,c1,search,,0.0,31.1,6.7,10.66,,0,,0,4474.0,obs,904,31.1,20.71,10.98,,31.1,20.71,10.98,,31.1,6.7,10.66,,9.883,0,S2|S3,sub_s23,S2|S3,S2|S3,S2|S3
1786339576.635,c1,recommend,,0.0,26.76,8.85,3.93,,0,,0,200.0,obs,1215,26.76,14.03,4.0,,26.76,14.03,4.0,,26.76,8.85,3.93,,9.883,0,S2|S3,sub_s23,S2|S3,S2|S3,S2|S3
1786339576.635,c2,reserve,,0.0,26.34,7.08,3.63,,0,,0,36.0,obs,601,26.34,13.67,3.65,,26.34,13.67,3.65,,26.34,7.08,3.63,,9.883,0,S2|S3,sub_s23,S2|S3,S2|S3,S2|S3
1786339576.635,c2,search,,0.0,31.1,6.7,10.66,,0,,0,4474.0,obs,904,31.1,20.71,10.98,,31.1,20.71,10.98,,31.1,6.7,10.66,,9.883,0,S2|S3,sub_s23,S2|S3,S2|S3,S2|S3
1786339576.635,c2,recommend,,0.0,26.76,8.85,3.93,,0,,0,200.0,obs,1215,26.76,14.03,4.0,,26.76,14.03,4.0,,26.76,8.85,3.93,,9.883,0,S2|S3,sub_s23,S2|S3,S2|S3,S2|S3
1786339577.635,c1,reserve,,0.0,26.34,7.11,3.44,,0,,0,36.0,obs,610,26.34,13.67,3.65,,26.34,13.67,3.65,,26.34,7.11,3.44,,10.267,0,S2|S3,sub_s23,S2|S3,S2|S3,S2|S3
1786339577.635,c1,search,,0.0,31.1,7.75,10.68,,0,,0,4474.0,obs,905,31.1,20.71,10.98,,31.1,20.71,10.98,,31.1,7.75,10.68,,10.267,0,S2|S3,sub_s23,S2|S3,S2|S3,S2|S3
1786339577.635,c1,recommend,,0.0,26.76,9.1,3.96,,0,,0,200.0,obs,1215,26.76,14.03,4.0,,26.76,14.03,4.0,,26.76,9.1,3.96,,10.267,0,S2|S3,sub_s23,S2|S3,S2|S3,S2|S3
1786339577.635,c2,reserve,,0.0,26.34,7.11,3.44,,0,,0,36.0,obs,610,26.34,13.67,3.65,,26.34,13.67,3.65,,26.34,7.11,3.44,,10.267,0,S2|S3,sub_s23,S2|S3,S2|S3,S2|S3
1786339577.635,c2,search,,0.0,31.1,7.75,10.68,,0,,0,4474.0,obs,905,31.1,20.71,10.98,,31.1,20.71,10.98,,31.1,7.75,10.68,,10.267,0,S2|S3,sub_s23,S2|S3,S2|S3,S2|S3
1786339577.635,c2,recommend,,0.0,26.76,9.1,3.96,,0,,0,200.0,obs,1215,26.76,14.03,4.0,,26.76,14.03,4.0,,26.76,9.1,3.96,,10.267,0,S2|S3,sub_s23,S2|S3,S2|S3,S2|S3
1786339578.634,c1,reserve,,0.0,26.34,7.83,3.51,,0,,0,36.0,obs,606,26.34,13.67,3.65,,26.34,13.67,3.65,,26.34,7.83,3.51,,9.389,0,S2|S3,sub_s23,S2|S3,S2|S3,S2|S3
1786339578.634,c1,search,,0.0,31.1,8.01,10.68,,0,,0,4474.0,obs,910,31.1,20.71,10.98,,31.1,20.71,10.98,,31.1,8.01,10.68,,9.389,0,S2|S3,sub_s23,S2|S3,S2|S3,S2|S3
1786339578.634,c1,recommend,,0.0,26.76,9.79,3.94,,0,,0,200.0,obs,1214,26.76,14.03,4.0,,26.76,14.03,4.0,,26.76,9.79,3.94,,9.389,0,S2|S3,sub_s23,S2|S3,S2|S3,S2|S3
1786339578.634,c2,reserve,,0.0,26.34,7.83,3.51,,0,,0,36.0,obs,606,26.34,13.67,3.65,,26.34,13.67,3.65,,26.34,7.83,3.51,,9.389,0,S2|S3,sub_s23,S2|S3,S2|S3,S2|S3
1786339578.634,c2,search,,0.0,31.1,8.01,10.68,,0,,0,4474.0,obs,910,31.1,20.71,10.98,,31.1,20.71,10.98,,31.1,8.01,10.68,,9.389,0,S2|S3,sub_s23,S2|S3,S2|S3,S2|S3
1786339578.634,c2,recommend,,0.0,26.76,9.79,3.94,,0,,0,200.0,obs,1214,26.76,14.03,4.0,,26.76,14.03,4.0,,26.76,9.79,3.94,,9.389,0,S2|S3,sub_s23,S2|S3,S2|S3,S2|S3
1786339579.635,c1,reserve,,0.0,26.34,7.65,3.51,,0,,0,36.0,obs,607,26.34,13.67,3.65,,26.34,13.67,3.65,,26.34,7.65,3.51,,10.263,0,S2|S3,sub_s23,S2|S3,S2|S3,S2|S3
1786339579.635,c1,search,,0.0,31.1,8.01,10.64,,0,,0,4474.0,obs,908,31.1,20.71,10.98,,31.1,20.71,10.98,,31.1,8.01,10.64,,10.263,0,S2|S3,sub_s23,S2|S3,S2|S3,S2|S3
1786339579.635,c1,recommend,,0.0,26.76,8.83,3.88,,0,,0,200.0,obs,1220,26.76,14.03,4.0,,26.76,14.03,4.0,,26.76,8.83,3.88,,10.263,0,S2|S3,sub_s23,S2|S3,S2|S3,S2|S3
1786339579.635,c2,reserve,,0.0,26.34,7.65,3.51,,0,,0,36.0,obs,607,26.34,13.67,3.65,,26.34,13.67,3.65,,26.34,7.65,3.51,,10.263,0,S2|S3,sub_s23,S2|S3,S2|S3,S2|S3
1786339579.635,c2,search,,0.0,31.1,8.01,10.64,,0,,0,4474.0,obs,908,31.1,20.71,10.98,,31.1,20.71,10.98,,31.1,8.01,10.64,,10.263,0,S2|S3,sub_s23,S2|S3,S2|S3,S2|S3
1786339579.635,c2,recommend,,0.0,26.76,8.83,3.88,,0,,0,200.0,obs,1220,26.76,14.03,4.0,,26.76,14.03,4.0,,26.76,8.83,3.88,,10.263,0,S2|S3,sub_s23,S2|S3,S2|S3,S2|S3
1786339580.635,c1,reserve,,0.0,26.34,7.46,3.44,,0,,0,36.0,obs,606,26.34,13.67,3.65,,26.34,13.67,3.65,,26.34,7.46,3.44,,10.177,0,S2|S3,sub_s23,S2|S3,S2|S3,S2|S3
1786339580.635,c1,search,,0.0,31.1,7.48,10.53,,0,,0,4474.0,obs,911,31.1,20.71,10.98,,31.1,20.71,10.98,,31.1,7.48,10.53,,10.177,0,S2|S3,sub_s23,S2|S3,S2|S3,S2|S3
1786339580.635,c1,recommend,,0.0,26.76,8.72,3.76,,0,,0,200.0,obs,1215,26.76,14.03,4.0,,26.76,14.03,4.0,,26.76,8.72,3.76,,10.177,0,S2|S3,sub_s23,S2|S3,S2|S3,S2|S3
1786339580.635,c2,reserve,,0.0,26.34,7.46,3.44,,0,,0,36.0,obs,606,26.34,13.67,3.65,,26.34,13.67,3.65,,26.34,7.46,3.44,,10.177,0,S2|S3,sub_s23,S2|S3,S2|S3,S2|S3
1786339580.635,c2,search,,0.0,31.1,7.48,10.53,,0,,0,4474.0,obs,911,31.1,20.71,10.98,,31.1,20.71,10.98,,31.1,7.48,10.53,,10.177,0,S2|S3,sub_s23,S2|S3,S2|S3,S2|S3
1786339580.635,c2,recommend,,0.0,26.76,8.72,3.76,,0,,0,200.0,obs,1215,26.76,14.03,4.0,,26.76,14.03,4.0,,26.76,8.72,3.76,,10.177,0,S2|S3,sub_s23,S2|S3,S2|S3,S2|S3
1786339581.635,c1,reserve,,0.0,26.34,7.15,3.32,,0,,0,36.0,obs,609,26.34,13.67,3.65,,26.34,13.67,3.65,,26.34,7.15,3.32,,9.369,0,S2|S3,sub_s23,S2|S3,S2|S3,S2|S3
1786339581.635,c1,search,,0.0,31.1,7.78,10.47,,0,,0,4474.0,obs,909,31.1,20.71,10.98,,31.1,20.71,10.98,,31.1,7.78,10.47,,9.369,0,S2|S3,sub_s23,S2|S3,S2|S3,S2|S3
1786339581.635,c1,recommend,,0.0,26.76,8.72,3.81,,0,,0,200.0,obs,1218,26.76,14.03,4.0,,26.76,14.03,4.0,,26.76,8.72,3.81,,9.369,0,S2|S3,sub_s23,S2|S3,S2|S3,S2|S3
1786339581.635,c2,reserve,,0.0,26.34,7.15,3.32,,0,,0,36.0,obs,609,26.34,13.67,3.65,,26.34,13.67,3.65,,26.34,7.15,3.32,,9.369,0,S2|S3,sub_s23,S2|S3,S2|S3,S2|S3
1786339581.635,c2,search,,0.0,31.1,7.78,10.47,,0,,0,4474.0,obs,909,31.1,20.71,10.98,,31.1,20.71,10.98,,31.1,7.78,10.47,,9.369,0,S2|S3,sub_s23,S2|S3,S2|S3,S2|S3
1786339581.635,c2,recommend,,0.0,26.76,8.72,3.81,,0,,0,200.0,obs,1218,26.76,14.03,4.0,,26.76,14.03,4.0,,26.76,8.72,3.81,,9.369,0,S2|S3,sub_s23,S2|S3,S2|S3,S2|S3
1786339582.634,c1,reserve,,0.0,26.34,7.16,3.11,,0,,0,36.0,obs,610,26.34,13.67,3.65,,26.34,13.67,3.65,,26.34,7.16,3.11,,9.367,0,S2|S3,sub_s23,S2|S3,S2|S3,S2|S3
1786339582.634,c1,search,,0.0,31.1,9.36,9.64,,0,,0,4474.0,obs,911,31.1,20.71,10.98,,31.1,20.71,10.98,,31.1,9.36,9.64,,9.367,0,S2|S3,sub_s23,S2|S3,S2|S3,S2|S3
1786339582.634,c1,recommend,,0.0,26.76,8.99,3.45,,0,,0,200.0,obs,1213,26.76,14.03,4.0,,26.76,14.03,4.0,,26.76,8.99,3.45,,9.367,0,S2|S3,sub_s23,S2|S3,S2|S3,S2|S3
1786339582.634,c2,reserve,,0.0,26.34,7.16,3.11,,0,,0,36.0,obs,610,26.34,13.67,3.65,,26.34,13.67,3.65,,26.34,7.16,3.11,,9.367,0,S2|S3,sub_s23,S2|S3,S2|S3,S2|S3
1786339582.634,c2,search,,0.0,31.1,9.36,9.64,,0,,0,4474.0,obs,911,31.1,20.71,10.98,,31.1,20.71,10.98,,31.1,9.36,9.64,,9.367,0,S2|S3,sub_s23,S2|S3,S2|S3,S2|S3
1786339582.634,c2,recommend,,0.0,26.76,8.99,3.45,,0,,0,200.0,obs,1213,26.76,14.03,4.0,,26.76,14.03,4.0,,26.76,8.99,3.45,,9.367,0,S2|S3,sub_s23,S2|S3,S2|S3,S2|S3
1786339583.634,c1,reserve,,0.0,26.34,7.49,3.25,,0,,0,36.0,obs,606,26.34,13.67,3.65,,26.34,13.67,3.65,,26.34,7.49,3.25,,9.366,0,S2|S3,sub_s23,S2|S3,S2|S3,S2|S3
1786339583.634,c1,search,,0.0,31.1,7.06,9.95,,0,,0,4474.0,obs,911,31.1,20.71,10.98,,31.1,20.71,10.98,,31.1,7.06,9.95,,9.366,0,S2|S3,sub_s23,S2|S3,S2|S3,S2|S3
1786339583.634,c1,recommend,,0.0,26.76,9.03,3.4,,0,,0,200.0,obs,1220,26.76,14.03,4.0,,26.76,14.03,4.0,,26.76,9.03,3.4,,9.366,0,S2|S3,sub_s23,S2|S3,S2|S3,S2|S3
1786339583.634,c2,reserve,,0.0,26.34,7.49,3.25,,0,,0,36.0,obs,606,26.34,13.67,3.65,,26.34,13.67,3.65,,26.34,7.49,3.25,,9.366,0,S2|S3,sub_s23,S2|S3,S2|S3,S2|S3
1786339583.634,c2,search,,0.0,31.1,7.06,9.95,,0,,0,4474.0,obs,911,31.1,20.71,10.98,,31.1,20.71,10.98,,31.1,7.06,9.95,,9.366,0,S2|S3,sub_s23,S2|S3,S2|S3,S2|S3
1786339583.634,c2,recommend,,0.0,26.76,9.03,3.4,,0,,0,200.0,obs,1220,26.76,14.03,4.0,,26.76,14.03,4.0,,26.76,9.03,3.4,,9.366,0,S2|S3,sub_s23,S2|S3,S2|S3,S2|S3
1786339584.635,c1,reserve,,0.0,26.34,7.48,3.35,,0,,0,36.0,obs,615,26.34,13.67,3.65,,26.34,13.67,3.65,,26.34,7.48,3.35,,10.255,0,S2|S3,sub_s23,S2|S3,S2|S3,S2|S3
1786339584.635,c1,search,,0.0,31.1,5.77,10.73,,0,,0,4474.0,obs,912,31.1,20.71,10.98,,31.1,20.71,10.98,,31.1,5.77,10.73,,10.255,0,S2|S3,sub_s23,S2|S3,S2|S3,S2|S3
1786339584.635,c1,recommend,,0.0,26.76,8.59,3.77,,0,,0,200.0,obs,1214,26.76,14.03,4.0,,26.76,14.03,4.0,,26.76,8.59,3.77,,10.255,0,S2|S3,sub_s23,S2|S3,S2|S3,S2|S3
1786339584.635,c2,reserve,,0.0,26.34,7.48,3.35,,0,,0,36.0,obs,615,26.34,13.67,3.65,,26.34,13.67,3.65,,26.34,7.48,3.35,,10.255,0,S2|S3,sub_s23,S2|S3,S2|S3,S2|S3
1786339584.635,c2,search,,0.0,31.1,5.77,10.73,,0,,0,4474.0,obs,912,31.1,20.71,10.98,,31.1,20.71,10.98,,31.1,5.77,10.73,,10.255,0,S2|S3,sub_s23,S2|S3,S2|S3,S2|S3
1786339584.635,c2,recommend,,0.0,26.76,8.59,3.77,,0,,0,200.0,obs,1214,26.76,14.03,4.0,,26.76,14.03,4.0,,26.76,8.59,3.77,,10.255,0,S2|S3,sub_s23,S2|S3,S2|S3,S2|S3
1786339585.634,c1,reserve,,0.0,26.34,7.7,3.35,,0,,0,36.0,obs,607,26.34,13.67,3.65,,26.34,13.67,3.65,,26.34,7.7,3.35,,9.378,0,S2|S3,sub_s23,S2|S3,S2|S3,S2|S3
1786339585.634,c1,search,,0.0,31.1,7.24,10.46,,0,,0,4474.0,obs,913,31.1,20.71,10.98,,31.1,20.71,10.98,,31.1,7.24,10.46,,9.378,0,S2|S3,sub_s23,S2|S3,S2|S3,S2|S3
1786339585.634,c1,recommend,,0.0,26.76,8.78,3.82,,0,,0,200.0,obs,1221,26.76,14.03,4.0,,26.76,14.03,4.0,,26.76,8.78,3.82,,9.378,0,S2|S3,sub_s23,S2|S3,S2|S3,S2|S3
1786339585.634,c2,reserve,,0.0,26.34,7.7,3.35,,0,,0,36.0,obs,607,26.34,13.67,3.65,,26.34,13.67,3.65,,26.34,7.7,3.35,,9.378,0,S2|S3,sub_s23,S2|S3,S2|S3,S2|S3
1786339585.634,c2,search,,0.0,31.1,7.24,10.46,,0,,0,4474.0,obs,913,31.1,20.71,10.98,,31.1,20.71,10.98,,31.1,7.24,10.46,,9.378,0,S2|S3,sub_s23,S2|S3,S2|S3,S2|S3
1786339585.634,c2,recommend,,0.0,26.76,8.78,3.82,,0,,0,200.0,obs,1221,26.76,14.03,4.0,,26.76,14.03,4.0,,26.76,8.78,3.82,,9.378,0,S2|S3,sub_s23,S2|S3,S2|S3,S2|S3
1786339586.635,c1,reserve,,0.0,26.34,7.65,3.43,,0,,0,36.0,obs,611,26.34,13.67,3.65,,26.34,13.67,3.65,,26.34,7.65,3.43,,10.184,0,S2|S3,sub_s23,S2|S3,S2|S3,S2|S3
1786339586.635,c1,search,,0.0,31.1,6.59,10.58,,0,,0,4474.0,obs,910,31.1,20.71,10.98,,31.1,20.71,10.98,,31.1,6.59,10.58,,10.184,0,S2|S3,sub_s23,S2|S3,S2|S3,S2|S3
1786339586.635,c1,recommend,,0.0,26.76,9.08,3.94,,0,,0,200.0,obs,1221,26.76,14.03,4.0,,26.76,14.03,4.0,,26.76,9.08,3.94,,10.184,0,S2|S3,sub_s23,S2|S3,S2|S3,S2|S3
1786339586.635,c2,reserve,,0.0,26.34,7.65,3.43,,0,,0,36.0,obs,611,26.34,13.67,3.65,,26.34,13.67,3.65,,26.34,7.65,3.43,,10.184,0,S2|S3,sub_s23,S2|S3,S2|S3,S2|S3
1786339586.635,c2,search,,0.0,31.1,6.59,10.58,,0,,0,4474.0,obs,910,31.1,20.71,10.98,,31.1,20.71,10.98,,31.1,6.59,10.58,,10.184,0,S2|S3,sub_s23,S2|S3,S2|S3,S2|S3
1786339586.635,c2,recommend,,0.0,26.76,9.08,3.94,,0,,0,200.0,obs,1221,26.76,14.03,4.0,,26.76,14.03,4.0,,26.76,9.08,3.94,,10.184,0,S2|S3,sub_s23,S2|S3,S2|S3,S2|S3
1786339587.635,c1,reserve,,0.0,26.34,6.5,3.42,,0,,0,36.0,obs,609,26.34,13.67,3.65,,26.34,13.67,3.65,,26.34,6.5,3.42,,10.236,0,S2|S3,sub_s23,S2|S3,S2|S3,S2|S3
1786339587.635,c1,search,,0.0,31.1,6.31,10.38,,0,,0,4474.0,obs,916,31.1,20.71,10.98,,31.1,20.71,10.98,,31.1,6.31,10.38,,10.236,0,S2|S3,sub_s23,S2|S3,S2|S3,S2|S3
1786339587.635,c1,recommend,,0.0,26.76,8.94,3.85,,0,,0,200.0,obs,1221,26.76,14.03,4.0,,26.76,14.03,4.0,,26.76,8.94,3.85,,10.236,0,S2|S3,sub_s23,S2|S3,S2|S3,S2|S3
1786339587.635,c2,reserve,,0.0,26.34,6.5,3.42,,0,,0,36.0,obs,609,26.34,13.67,3.65,,26.34,13.67,3.65,,26.34,6.5,3.42,,10.236,0,S2|S3,sub_s23,S2|S3,S2|S3,S2|S3
1786339587.635,c2,search,,0.0,31.1,6.31,10.38,,0,,0,4474.0,obs,916,31.1,20.71,10.98,,31.1,20.71,10.98,,31.1,6.31,10.38,,10.236,0,S2|S3,sub_s23,S2|S3,S2|S3,S2|S3
1786339587.635,c2,recommend,,0.0,26.76,8.94,3.85,,0,,0,200.0,obs,1221,26.76,14.03,4.0,,26.76,14.03,4.0,,26.76,8.94,3.85,,10.236,0,S2|S3,sub_s23,S2|S3,S2|S3,S2|S3
1786339588.635,c1,reserve,,0.0,26.34,6.5,3.16,,0,,0,36.0,obs,608,26.34,13.67,3.65,,26.34,13.67,3.65,,26.34,6.5,3.16,,10.152,0,S2|S3,sub_s23,S2|S3,S2|S3,S2|S3
1786339588.635,c1,search,,0.0,31.1,7.05,10.21,,0,,0,4474.0,obs,913,31.1,20.71,10.98,,31.1,20.71,10.98,,31.1,7.05,10.21,,10.152,0,S2|S3,sub_s23,S2|S3,S2|S3,S2|S3
1786339588.635,c1,recommend,,0.0,26.76,8.51,3.55,,0,,0,200.0,obs,1224,26.76,14.03,4.0,,26.76,14.03,4.0,,26.76,8.51,3.55,,10.152,0,S2|S3,sub_s23,S2|S3,S2|S3,S2|S3
1786339588.635,c2,reserve,,0.0,26.34,6.5,3.16,,0,,0,36.0,obs,608,26.34,13.67,3.65,,26.34,13.67,3.65,,26.34,6.5,3.16,,10.152,0,S2|S3,sub_s23,S2|S3,S2|S3,S2|S3
1786339588.635,c2,search,,0.0,31.1,7.05,10.21,,0,,0,4474.0,obs,913,31.1,20.71,10.98,,31.1,20.71,10.98,,31.1,7.05,10.21,,10.152,0,S2|S3,sub_s23,S2|S3,S2|S3,S2|S3
1786339588.635,c2,recommend,,0.0,26.76,8.51,3.55,,0,,0,200.0,obs,1224,26.76,14.03,4.0,,26.76,14.03,4.0,,26.76,8.51,3.55,,10.152,0,S2|S3,sub_s23,S2|S3,S2|S3,S2|S3
1786339589.635,c1,reserve,,0.0,26.34,6.25,3.27,,0,,0,36.0,obs,612,26.34,13.67,3.65,,26.34,13.67,3.65,,26.34,6.25,3.27,,9.562,0,S2|S3,sub_s23,S2|S3,S2|S3,S2|S3
1786339589.635,c1,search,,0.0,31.1,6.58,10.3,,0,,0,4474.0,obs,917,31.1,20.71,10.98,,31.1,20.71,10.98,,31.1,6.58,10.3,,9.562,0,S2|S3,sub_s23,S2|S3,S2|S3,S2|S3
1786339589.635,c1,recommend,,0.0,26.76,7.96,3.63,,0,,0,200.0,obs,1217,26.76,14.03,4.0,,26.76,14.03,4.0,,26.76,7.96,3.63,,9.562,0,S2|S3,sub_s23,S2|S3,S2|S3,S2|S3
1786339589.635,c2,reserve,,0.0,26.34,6.25,3.27,,0,,0,36.0,obs,612,26.34,13.67,3.65,,26.34,13.67,3.65,,26.34,6.25,3.27,,9.562,0,S2|S3,sub_s23,S2|S3,S2|S3,S2|S3
1786339589.635,c2,search,,0.0,31.1,6.58,10.3,,0,,0,4474.0,obs,917,31.1,20.71,10.98,,31.1,20.71,10.98,,31.1,6.58,10.3,,9.562,0,S2|S3,sub_s23,S2|S3,S2|S3,S2|S3
1786339589.635,c2,recommend,,0.0,26.76,7.96,3.63,,0,,0,200.0,obs,1217,26.76,14.03,4.0,,26.76,14.03,4.0,,26.76,7.96,3.63,,9.562,0,S2|S3,sub_s23,S2|S3,S2|S3,S2|S3
1786339590.635,c1,reserve,,0.0,26.34,5.41,3.54,,0,,0,36.0,obs,606,26.34,13.67,3.65,,26.34,13.67,3.65,,26.34,5.41,3.54,,10.079,0,S2|S3,sub_s23,S2|S3,S2|S3,S2|S3
1786339590.635,c1,search,,0.0,31.1,5.59,10.35,,0,,0,4474.0,obs,916,31.1,20.71,10.98,,31.1,20.71,10.98,,31.1,5.59,10.35,,10.079,0,S2|S3,sub_s23,S2|S3,S2|S3,S2|S3
1786339590.635,c1,recommend,,0.0,26.76,8.54,3.66,,0,,0,200.0,obs,1223,26.76,14.03,4.0,,26.76,14.03,4.0,,26.76,8.54,3.66,,10.079,0,S2|S3,sub_s23,S2|S3,S2|S3,S2|S3
1786339590.635,c2,reserve,,0.0,26.34,5.41,3.54,,0,,0,36.0,obs,606,26.34,13.67,3.65,,26.34,13.67,3.65,,26.34,5.41,3.54,,10.079,0,S2|S3,sub_s23,S2|S3,S2|S3,S2|S3
1786339590.635,c2,search,,0.0,31.1,5.59,10.35,,0,,0,4474.0,obs,916,31.1,20.71,10.98,,31.1,20.71,10.98,,31.1,5.59,10.35,,10.079,0,S2|S3,sub_s23,S2|S3,S2|S3,S2|S3
1786339590.635,c2,recommend,,0.0,26.76,8.54,3.66,,0,,0,200.0,obs,1223,26.76,14.03,4.0,,26.76,14.03,4.0,,26.76,8.54,3.66,,10.079,0,S2|S3,sub_s23,S2|S3,S2|S3,S2|S3
1786339591.634,c1,reserve,,0.0,26.34,6.14,3.32,,0,,0,36.0,obs,613,26.34,13.67,3.65,,26.34,13.67,3.65,,26.34,6.14,3.32,,9.368,0,S2|S3,sub_s23,S2|S3,S2|S3,S2|S3
1786339591.634,c1,search,,0.0,31.1,8.39,10.14,,0,,0,4474.0,obs,913,31.1,20.71,10.98,,31.1,20.71,10.98,,31.1,8.39,10.14,,9.368,0,S2|S3,sub_s23,S2|S3,S2|S3,S2|S3
1786339591.634,c1,recommend,,0.0,26.76,8.68,3.71,,0,,0,200.0,obs,1220,26.76,14.03,4.0,,26.76,14.03,4.0,,26.76,8.68,3.71,,9.368,0,S2|S3,sub_s23,S2|S3,S2|S3,S2|S3
1786339591.634,c2,reserve,,0.0,26.34,6.14,3.32,,0,,0,36.0,obs,613,26.34,13.67,3.65,,26.34,13.67,3.65,,26.34,6.14,3.32,,9.368,0,S2|S3,sub_s23,S2|S3,S2|S3,S2|S3
1786339591.634,c2,search,,0.0,31.1,8.39,10.14,,0,,0,4474.0,obs,913,31.1,20.71,10.98,,31.1,20.71,10.98,,31.1,8.39,10.14,,9.368,0,S2|S3,sub_s23,S2|S3,S2|S3,S2|S3
1786339591.634,c2,recommend,,0.0,26.76,8.68,3.71,,0,,0,200.0,obs,1220,26.76,14.03,4.0,,26.76,14.03,4.0,,26.76,8.68,3.71,,9.368,0,S2|S3,sub_s23,S2|S3,S2|S3,S2|S3
1786339592.634,c1,reserve,,0.0,26.34,7.02,3.2,,0,,0,36.0,obs,607,26.34,13.67,3.65,,26.34,13.67,3.65,,26.34,7.02,3.2,,9.331,0,S2|S3,sub_s23,S2|S3,S2|S3,S2|S3
1786339592.634,c1,search,,0.0,31.1,9.1,10.22,,0,,0,4474.0,obs,917,31.1,20.71,10.98,,31.1,20.71,10.98,,31.1,9.1,10.22,,9.331,0,S2|S3,sub_s23,S2|S3,S2|S3,S2|S3
1786339592.634,c1,recommend,,0.0,26.76,9.14,3.8,,0,,0,200.0,obs,1225,26.76,14.03,4.0,,26.76,14.03,4.0,,26.76,9.14,3.8,,9.331,0,S2|S3,sub_s23,S2|S3,S2|S3,S2|S3
1786339592.634,c2,reserve,,0.0,26.34,7.02,3.2,,0,,0,36.0,obs,607,26.34,13.67,3.65,,26.34,13.67,3.65,,26.34,7.02,3.2,,9.331,0,S2|S3,sub_s23,S2|S3,S2|S3,S2|S3
1786339592.634,c2,search,,0.0,31.1,9.1,10.22,,0,,0,4474.0,obs,917,31.1,20.71,10.98,,31.1,20.71,10.98,,31.1,9.1,10.22,,9.331,0,S2|S3,sub_s23,S2|S3,S2|S3,S2|S3
1786339592.634,c2,recommend,,0.0,26.76,9.14,3.8,,0,,0,200.0,obs,1225,26.76,14.03,4.0,,26.76,14.03,4.0,,26.76,9.14,3.8,,9.331,0,S2|S3,sub_s23,S2|S3,S2|S3,S2|S3
1786339593.634,c1,reserve,,0.0,26.34,6.84,3.27,,0,,0,36.0,obs,613,26.34,13.67,3.65,,26.34,13.67,3.65,,26.34,6.84,3.27,,9.383,0,S2|S3,sub_s23,S2|S3,S2|S3,S2|S3
1786339593.634,c1,search,,0.0,31.1,9.23,10.34,,0,,0,4474.0,obs,915,31.1,20.71,10.98,,31.1,20.71,10.98,,31.1,9.23,10.34,,9.383,0,S2|S3,sub_s23,S2|S3,S2|S3,S2|S3
1786339593.634,c1,recommend,,0.0,26.76,9.74,3.84,,0,,0,200.0,obs,1227,26.76,14.03,4.0,,26.76,14.03,4.0,,26.76,9.74,3.84,,9.383,0,S2|S3,sub_s23,S2|S3,S2|S3,S2|S3
1786339593.634,c2,reserve,,0.0,26.34,6.84,3.27,,0,,0,36.0,obs,613,26.34,13.67,3.65,,26.34,13.67,3.65,,26.34,6.84,3.27,,9.383,0,S2|S3,sub_s23,S2|S3,S2|S3,S2|S3
1786339593.634,c2,search,,0.0,31.1,9.23,10.34,,0,,0,4474.0,obs,915,31.1,20.71,10.98,,31.1,20.71,10.98,,31.1,9.23,10.34,,9.383,0,S2|S3,sub_s23,S2|S3,S2|S3,S2|S3
1786339593.634,c2,recommend,,0.0,26.76,9.74,3.84,,0,,0,200.0,obs,1227,26.76,14.03,4.0,,26.76,14.03,4.0,,26.76,9.74,3.84,,9.383,0,S2|S3,sub_s23,S2|S3,S2|S3,S2|S3
1786339594.634,c1,reserve,,0.0,26.34,6.54,3.49,,0,,0,36.0,obs,610,26.34,13.67,3.65,,26.34,13.67,3.65,,26.34,6.54,3.49,,9.309,0,S2|S3,sub_s23,S2|S3,S2|S3,S2|S3
1786339594.634,c1,search,,0.0,31.1,8.37,10.36,,0,,0,4474.0,obs,920,31.1,20.71,10.98,,31.1,20.71,10.98,,31.1,8.37,10.36,,9.309,0,S2|S3,sub_s23,S2|S3,S2|S3,S2|S3
1786339594.634,c1,recommend,,0.0,26.76,9.51,3.89,,0,,0,200.0,obs,1225,26.76,14.03,4.0,,26.76,14.03,4.0,,26.76,9.51,3.89,,9.309,0,S2|S3,sub_s23,S2|S3,S2|S3,S2|S3
1786339594.634,c2,reserve,,0.0,26.34,6.54,3.49,,0,,0,36.0,obs,610,26.34,13.67,3.65,,26.34,13.67,3.65,,26.34,6.54,3.49,,9.309,0,S2|S3,sub_s23,S2|S3,S2|S3,S2|S3
1786339594.634,c2,search,,0.0,31.1,8.37,10.36,,0,,0,4474.0,obs,920,31.1,20.71,10.98,,31.1,20.71,10.98,,31.1,8.37,10.36,,9.309,0,S2|S3,sub_s23,S2|S3,S2|S3,S2|S3
1786339594.634,c2,recommend,,0.0,26.76,9.51,3.89,,0,,0,200.0,obs,1225,26.76,14.03,4.0,,26.76,14.03,4.0,,26.76,9.51,3.89,,9.309,0,S2|S3,sub_s23,S2|S3,S2|S3,S2|S3
1786339595.634,c1,reserve,,0.0,26.34,6.75,3.52,,0,,0,36.0,obs,611,26.34,13.67,3.65,,26.34,13.67,3.65,,26.34,6.75,3.52,,9.289,0,S2|S3,sub_s23,S2|S3,S2|S3,S2|S3
1786339595.634,c1,search,,0.0,31.1,8.29,10.54,,0,,0,4474.0,obs,916,31.1,20.71,10.98,,31.1,20.71,10.98,,31.1,8.29,10.54,,9.289,0,S2|S3,sub_s23,S2|S3,S2|S3,S2|S3
1786339595.634,c1,recommend,,0.0,26.76,9.03,3.86,,0,,0,200.0,obs,1229,26.76,14.03,4.0,,26.76,14.03,4.0,,26.76,9.03,3.86,,9.289,0,S2|S3,sub_s23,S2|S3,S2|S3,S2|S3
1786339595.634,c2,reserve,,0.0,26.34,6.75,3.52,,0,,0,36.0,obs,611,26.34,13.67,3.65,,26.34,13.67,3.65,,26.34,6.75,3.52,,9.289,0,S2|S3,sub_s23,S2|S3,S2|S3,S2|S3
1786339595.634,c2,search,,0.0,31.1,8.29,10.54,,0,,0,4474.0,obs,916,31.1,20.71,10.98,,31.1,20.71,10.98,,31.1,8.29,10.54,,9.289,0,S2|S3,sub_s23,S2|S3,S2|S3,S2|S3
1786339595.634,c2,recommend,,0.0,26.76,9.03,3.86,,0,,0,200.0,obs,1229,26.76,14.03,4.0,,26.76,14.03,4.0,,26.76,9.03,3.86,,9.289,0,S2|S3,sub_s23,S2|S3,S2|S3,S2|S3
1786339596.634,c1,reserve,,0.0,26.34,7.12,3.48,,0,,0,36.0,obs,614,26.34,13.67,3.65,,26.34,13.67,3.65,,26.34,7.12,3.48,,9.402,0,S2|S3,sub_s23,S2|S3,S2|S3,S2|S3
1786339596.634,c1,search,,0.0,31.1,8.64,10.57,,0,,0,4474.0,obs,919,31.1,20.71,10.98,,31.1,20.71,10.98,,31.1,8.64,10.57,,9.402,0,S2|S3,sub_s23,S2|S3,S2|S3,S2|S3
1786339596.634,c1,recommend,,0.0,26.76,9.23,3.83,,0,,0,200.0,obs,1222,26.76,14.03,4.0,,26.76,14.03,4.0,,26.76,9.23,3.83,,9.402,0,S2|S3,sub_s23,S2|S3,S2|S3,S2|S3
1786339596.634,c2,reserve,,0.0,26.34,7.12,3.48,,0,,0,36.0,obs,614,26.34,13.67,3.65,,26.34,13.67,3.65,,26.34,7.12,3.48,,9.402,0,S2|S3,sub_s23,S2|S3,S2|S3,S2|S3
1786339596.634,c2,search,,0.0,31.1,8.64,10.57,,0,,0,4474.0,obs,919,31.1,20.71,10.98,,31.1,20.71,10.98,,31.1,8.64,10.57,,9.402,0,S2|S3,sub_s23,S2|S3,S2|S3,S2|S3
1786339596.634,c2,recommend,,0.0,26.76,9.23,3.83,,0,,0,200.0,obs,1222,26.76,14.03,4.0,,26.76,14.03,4.0,,26.76,9.23,3.83,,9.402,0,S2|S3,sub_s23,S2|S3,S2|S3,S2|S3
1786339597.634,c1,reserve,,0.0,26.34,7.39,3.57,,0,,0,36.0,obs,610,26.34,13.67,3.65,,26.34,13.67,3.65,,26.34,7.39,3.57,,9.42,0,S2|S3,sub_s23,S2|S3,S2|S3,S2|S3
1786339597.634,c1,search,,0.0,31.1,8.12,10.57,,0,,0,4474.0,obs,914,31.1,20.71,10.98,,31.1,20.71,10.98,,31.1,8.12,10.57,,9.42,0,S2|S3,sub_s23,S2|S3,S2|S3,S2|S3
1786339597.634,c1,recommend,,0.0,26.76,9.26,3.88,,0,,0,200.0,obs,1231,26.76,14.03,4.0,,26.76,14.03,4.0,,26.76,9.26,3.88,,9.42,0,S2|S3,sub_s23,S2|S3,S2|S3,S2|S3
1786339597.634,c2,reserve,,0.0,26.34,7.39,3.57,,0,,0,36.0,obs,610,26.34,13.67,3.65,,26.34,13.67,3.65,,26.34,7.39,3.57,,9.42,0,S2|S3,sub_s23,S2|S3,S2|S3,S2|S3
1786339597.634,c2,search,,0.0,31.1,8.12,10.57,,0,,0,4474.0,obs,914,31.1,20.71,10.98,,31.1,20.71,10.98,,31.1,8.12,10.57,,9.42,0,S2|S3,sub_s23,S2|S3,S2|S3,S2|S3
1786339597.634,c2,recommend,,0.0,26.76,9.26,3.88,,0,,0,200.0,obs,1231,26.76,14.03,4.0,,26.76,14.03,4.0,,26.76,9.26,3.88,,9.42,0,S2|S3,sub_s23,S2|S3,S2|S3,S2|S3
1786339598.635,c1,reserve,,0.0,26.34,7.37,3.53,,0,,0,36.0,obs,617,26.34,13.67,3.65,,26.34,13.67,3.65,,26.34,7.37,3.53,,10.194,0,S2|S3,sub_s23,S2|S3,S2|S3,S2|S3
1786339598.635,c1,search,,0.0,31.1,8.42,10.64,,0,,0,4474.0,obs,916,31.1,20.71,10.98,,31.1,20.71,10.98,,31.1,8.42,10.64,,10.194,0,S2|S3,sub_s23,S2|S3,S2|S3,S2|S3
1786339598.635,c1,recommend,,0.0,26.76,9.08,3.88,,0,,0,200.0,obs,1226,26.76,14.03,4.0,,26.76,14.03,4.0,,26.76,9.08,3.88,,10.194,0,S2|S3,sub_s23,S2|S3,S2|S3,S2|S3
1786339598.635,c2,reserve,,0.0,26.34,7.37,3.53,,0,,0,36.0,obs,617,26.34,13.67,3.65,,26.34,13.67,3.65,,26.34,7.37,3.53,,10.194,0,S2|S3,sub_s23,S2|S3,S2|S3,S2|S3
1786339598.635,c2,search,,0.0,31.1,8.42,10.64,,0,,0,4474.0,obs,916,31.1,20.71,10.98,,31.1,20.71,10.98,,31.1,8.42,10.64,,10.194,0,S2|S3,sub_s23,S2|S3,S2|S3,S2|S3
1786339598.635,c2,recommend,,0.0,26.76,9.08,3.88,,0,,0,200.0,obs,1226,26.76,14.03,4.0,,26.76,14.03,4.0,,26.76,9.08,3.88,,10.194,0,S2|S3,sub_s23,S2|S3,S2|S3,S2|S3
1786339599.635,c1,reserve,,0.0,26.34,5.62,3.46,,0,,0,36.0,obs,611,26.34,13.67,3.65,,26.34,13.67,3.65,,26.34,5.62,3.46,,10.053,0,S2|S3,sub_s23,S2|S3,S2|S3,S2|S3
1786339599.635,c1,search,,0.0,31.1,6.57,10.64,,0,,0,4474.0,obs,920,31.1,20.71,10.98,,31.1,20.71,10.98,,31.1,6.57,10.64,,10.053,0,S2|S3,sub_s23,S2|S3,S2|S3,S2|S3
1786339599.635,c1,recommend,,0.0,26.76,8.1,3.85,,0,,0,200.0,obs,1226,26.76,14.03,4.0,,26.76,14.03,4.0,,26.76,8.1,3.85,,10.053,0,S2|S3,sub_s23,S2|S3,S2|S3,S2|S3
1786339599.635,c2,reserve,,0.0,26.34,5.62,3.46,,0,,0,36.0,obs,611,26.34,13.67,3.65,,26.34,13.67,3.65,,26.34,5.62,3.46,,10.053,0,S2|S3,sub_s23,S2|S3,S2|S3,S2|S3
1786339599.635,c2,search,,0.0,31.1,6.57,10.64,,0,,0,4474.0,obs,920,31.1,20.71,10.98,,31.1,20.71,10.98,,31.1,6.57,10.64,,10.053,0,S2|S3,sub_s23,S2|S3,S2|S3,S2|S3
1786339599.635,c2,recommend,,0.0,26.76,8.1,3.85,,0,,0,200.0,obs,1226,26.76,14.03,4.0,,26.76,14.03,4.0,,26.76,8.1,3.85,,10.053,0,S2|S3,sub_s23,S2|S3,S2|S3,S2|S3
1786339600.634,c1,reserve,,0.0,26.34,5.57,3.43,,0,,0,36.0,obs,615,26.34,13.67,3.65,,26.34,13.67,3.65,,26.34,5.57,3.43,,9.408,0,S2|S3,sub_s23,S2|S3,S2|S3,S2|S3
1786339600.634,c1,search,,0.0,31.1,5.17,10.64,,0,,0,4474.0,obs,914,31.1,20.71,10.98,,31.1,20.71,10.98,,31.1,5.17,10.64,,9.408,0,S2|S3,sub_s23,S2|S3,S2|S3,S2|S3
1786339600.634,c1,recommend,,0.0,26.76,8.44,3.78,,0,,0,200.0,obs,1230,26.76,14.03,4.0,,26.76,14.03,4.0,,26.76,8.44,3.78,,9.408,0,S2|S3,sub_s23,S2|S3,S2|S3,S2|S3
1786339600.634,c2,reserve,,0.0,26.34,5.57,3.43,,0,,0,36.0,obs,615,26.34,13.67,3.65,,26.34,13.67,3.65,,26.34,5.57,3.43,,9.408,0,S2|S3,sub_s23,S2|S3,S2|S3,S2|S3
1786339600.634,c2,search,,0.0,31.1,5.17,10.64,,0,,0,4474.0,obs,914,31.1,20.71,10.98,,31.1,20.71,10.98,,31.1,5.17,10.64,,9.408,0,S2|S3,sub_s23,S2|S3,S2|S3,S2|S3
1786339600.634,c2,recommend,,0.0,26.76,8.44,3.78,,0,,0,200.0,obs,1230,26.76,14.03,4.0,,26.76,14.03,4.0,,26.76,8.44,3.78,,9.408,0,S2|S3,sub_s23,S2|S3,S2|S3,S2|S3
1786339601.635,c1,reserve,,0.0,26.34,7.03,3.42,,0,,0,36.0,obs,612,26.34,13.67,3.65,,26.34,13.67,3.65,,26.34,7.03,3.42,,10.223,0,S2|S3,sub_s23,S2|S3,S2|S3,S2|S3
1786339601.635,c1,search,,0.0,31.1,6.93,10.55,,0,,0,4474.0,obs,921,31.1,20.71,10.98,,31.1,20.71,10.98,,31.1,6.93,10.55,,10.223,0,S2|S3,sub_s23,S2|S3,S2|S3,S2|S3
1786339601.635,c1,recommend,,0.0,26.76,8.83,3.91,,0,,0,200.0,obs,1231,26.76,14.03,4.0,,26.76,14.03,4.0,,26.76,8.83,3.91,,10.223,0,S2|S3,sub_s23,S2|S3,S2|S3,S2|S3
1786339601.635,c2,reserve,,0.0,26.34,7.03,3.42,,0,,0,36.0,obs,612,26.34,13.67,3.65,,26.34,13.67,3.65,,26.34,7.03,3.42,,10.223,0,S2|S3,sub_s23,S2|S3,S2|S3,S2|S3
1786339601.635,c2,search,,0.0,31.1,6.93,10.55,,0,,0,4474.0,obs,921,31.1,20.71,10.98,,31.1,20.71,10.98,,31.1,6.93,10.55,,10.223,0,S2|S3,sub_s23,S2|S3,S2|S3,S2|S3
1786339601.635,c2,recommend,,0.0,26.76,8.83,3.91,,0,,0,200.0,obs,1231,26.76,14.03,4.0,,26.76,14.03,4.0,,26.76,8.83,3.91,,10.223,0,S2|S3,sub_s23,S2|S3,S2|S3,S2|S3
1786339602.635,c1,reserve,,0.0,26.34,6.92,3.5,,0,,0,36.0,obs,612,26.34,13.67,3.65,,26.34,13.67,3.65,,26.34,6.92,3.5,,10.297,0,S2|S3,sub_s23,S2|S3,S2|S3,S2|S3
1786339602.635,c1,search,,0.0,31.1,7.05,10.47,,0,,0,4474.0,obs,916,31.1,20.71,10.98,,31.1,20.71,10.98,,31.1,7.05,10.47,,10.297,0,S2|S3,sub_s23,S2|S3,S2|S3,S2|S3
1786339602.635,c1,recommend,,0.0,26.76,8.78,3.92,,0,,0,200.0,obs,1232,26.76,14.03,4.0,,26.76,14.03,4.0,,26.76,8.78,3.92,,10.297,0,S2|S3,sub_s23,S2|S3,S2|S3,S2|S3
1786339602.635,c2,reserve,,0.0,26.34,6.92,3.5,,0,,0,36.0,obs,612,26.34,13.67,3.65,,26.34,13.67,3.65,,26.34,6.92,3.5,,10.297,0,S2|S3,sub_s23,S2|S3,S2|S3,S2|S3
1786339602.635,c2,search,,0.0,31.1,7.05,10.47,,0,,0,4474.0,obs,916,31.1,20.71,10.98,,31.1,20.71,10.98,,31.1,7.05,10.47,,10.297,0,S2|S3,sub_s23,S2|S3,S2|S3,S2|S3
1786339602.635,c2,recommend,,0.0,26.76,8.78,3.92,,0,,0,200.0,obs,1232,26.76,14.03,4.0,,26.76,14.03,4.0,,26.76,8.78,3.92,,10.297,0,S2|S3,sub_s23,S2|S3,S2|S3,S2|S3
1786339603.634,c1,reserve,,0.0,26.34,6.7,3.55,,0,,0,36.0,obs,615,26.34,13.67,3.65,,26.34,13.67,3.65,,26.34,6.7,3.55,,9.396,0,S2|S3,sub_s23,S2|S3,S2|S3,S2|S3
1786339603.634,c1,search,,0.0,31.1,6.71,10.83,,0,,0,4474.0,obs,922,31.1,20.71,10.98,,31.1,20.71,10.98,,31.1,6.71,10.83,,9.396,0,S2|S3,sub_s23,S2|S3,S2|S3,S2|S3
1786339603.634,c1,recommend,,0.0,26.76,8.78,3.88,,0,,0,200.0,obs,1232,26.76,14.03,4.0,,26.76,14.03,4.0,,26.76,8.78,3.88,,9.396,0,S2|S3,sub_s23,S2|S3,S2|S3,S2|S3
1786339603.634,c2,reserve,,0.0,26.34,6.7,3.55,,0,,0,36.0,obs,615,26.34,13.67,3.65,,26.34,13.67,3.65,,26.34,6.7,3.55,,9.396,0,S2|S3,sub_s23,S2|S3,S2|S3,S2|S3
1786339603.634,c2,search,,0.0,31.1,6.71,10.83,,0,,0,4474.0,obs,922,31.1,20.71,10.98,,31.1,20.71,10.98,,31.1,6.71,10.83,,9.396,0,S2|S3,sub_s23,S2|S3,S2|S3,S2|S3
1786339603.634,c2,recommend,,0.0,26.76,8.78,3.88,,0,,0,200.0,obs,1232,26.76,14.03,4.0,,26.76,14.03,4.0,,26.76,8.78,3.88,,9.396,0,S2|S3,sub_s23,S2|S3,S2|S3,S2|S3
1786339604.635,c1,reserve,,0.0,26.34,7.6,3.56,,0,,0,36.0,obs,615,26.34,13.67,3.65,,26.34,13.67,3.65,,26.34,7.6,3.56,,9.593,0,S2|S3,sub_s23,S2|S3,S2|S3,S2|S3
1786339604.635,c1,search,,0.0,31.1,7.23,10.77,,0,,0,4474.0,obs,920,31.1,20.71,10.98,,31.1,20.71,10.98,,31.1,7.23,10.77,,9.593,0,S2|S3,sub_s23,S2|S3,S2|S3,S2|S3
1786339604.635,c1,recommend,,0.0,26.76,9.44,3.87,,0,,0,200.0,obs,1233,26.76,14.03,4.0,,26.76,14.03,4.0,,26.76,9.44,3.87,,9.593,0,S2|S3,sub_s23,S2|S3,S2|S3,S2|S3
1786339604.635,c2,reserve,,0.0,26.34,7.6,3.56,,0,,0,36.0,obs,615,26.34,13.67,3.65,,26.34,13.67,3.65,,26.34,7.6,3.56,,9.593,0,S2|S3,sub_s23,S2|S3,S2|S3,S2|S3
1786339604.635,c2,search,,0.0,31.1,7.23,10.77,,0,,0,4474.0,obs,920,31.1,20.71,10.98,,31.1,20.71,10.98,,31.1,7.23,10.77,,9.593,0,S2|S3,sub_s23,S2|S3,S2|S3,S2|S3
1786339604.635,c2,recommend,,0.0,26.76,9.44,3.87,,0,,0,200.0,obs,1233,26.76,14.03,4.0,,26.76,14.03,4.0,,26.76,9.44,3.87,,9.593,0,S2|S3,sub_s23,S2|S3,S2|S3,S2|S3
1786339605.634,c1,reserve,,0.0,26.34,7.66,3.59,,0,,0,36.0,obs,620,26.34,13.67,3.65,,26.34,13.67,3.65,,26.34,7.66,3.59,,9.805,0,S2|S3,sub_s23,S2|S3,S2|S3,S2|S3
1786339605.634,c1,search,,0.0,31.1,7.0,10.57,,0,,0,4474.0,obs,920,31.1,20.71,10.98,,31.1,20.71,10.98,,31.1,7.0,10.57,,9.805,0,S2|S3,sub_s23,S2|S3,S2|S3,S2|S3
1786339605.634,c1,recommend,,0.0,26.76,9.12,3.87,,0,,0,200.0,obs,1226,26.76,14.03,4.0,,26.76,14.03,4.0,,26.76,9.12,3.87,,9.805,0,S2|S3,sub_s23,S2|S3,S2|S3,S2|S3
1786339605.634,c2,reserve,,0.0,26.34,7.66,3.59,,0,,0,36.0,obs,620,26.34,13.67,3.65,,26.34,13.67,3.65,,26.34,7.66,3.59,,9.805,0,S2|S3,sub_s23,S2|S3,S2|S3,S2|S3
1786339605.634,c2,search,,0.0,31.1,7.0,10.57,,0,,0,4474.0,obs,920,31.1,20.71,10.98,,31.1,20.71,10.98,,31.1,7.0,10.57,,9.805,0,S2|S3,sub_s23,S2|S3,S2|S3,S2|S3
1786339605.634,c2,recommend,,0.0,26.76,9.12,3.87,,0,,0,200.0,obs,1226,26.76,14.03,4.0,,26.76,14.03,4.0,,26.76,9.12,3.87,,9.805,0,S2|S3,sub_s23,S2|S3,S2|S3,S2|S3
1786339606.633,c1,reserve,,0.0,26.34,7.23,3.59,,0,,0,36.0,obs,582,26.34,13.67,3.65,,26.34,13.67,3.65,,26.34,7.23,3.59,,8.455,0,S2|S3,sub_s23,S2|S3,S2|S3,S2|S3
1786339606.633,c1,search,,0.0,31.1,4.22,10.62,,0,,0,4474.0,obs,880,31.1,20.71,10.98,,31.1,20.71,10.98,,31.1,4.22,10.62,,8.455,0,S2|S3,sub_s23,S2|S3,S2|S3,S2|S3
1786339606.633,c1,recommend,,0.0,26.76,8.65,3.8,,0,,0,200.0,obs,1170,26.76,14.03,4.0,,26.76,14.03,4.0,,26.76,8.65,3.8,,8.455,0,S2|S3,sub_s23,S2|S3,S2|S3,S2|S3
1786339606.633,c2,reserve,,0.0,26.34,7.23,3.59,,0,,0,36.0,obs,582,26.34,13.67,3.65,,26.34,13.67,3.65,,26.34,7.23,3.59,,8.455,0,S2|S3,sub_s23,S2|S3,S2|S3,S2|S3
1786339606.633,c2,search,,0.0,31.1,4.22,10.62,,0,,0,4474.0,obs,880,31.1,20.71,10.98,,31.1,20.71,10.98,,31.1,4.22,10.62,,8.455,0,S2|S3,sub_s23,S2|S3,S2|S3,S2|S3
1786339606.633,c2,recommend,,0.0,26.76,8.65,3.8,,0,,0,200.0,obs,1170,26.76,14.03,4.0,,26.76,14.03,4.0,,26.76,8.65,3.8,,8.455,0,S2|S3,sub_s23,S2|S3,S2|S3,S2|S3
1786339607.635,c1,reserve,,0.0,26.34,7.17,3.59,,0,,0,36.0,obs,589,26.34,13.67,3.65,,26.34,13.67,3.65,,26.34,7.17,3.59,,10.318,0,S2|S3,sub_s23,S2|S3,S2|S3,S2|S3
1786339607.635,c1,search,,0.0,31.1,7.35,10.69,,0,,0,4474.0,obs,873,31.1,20.71,10.98,,31.1,20.71,10.98,,31.1,7.35,10.69,,10.318,0,S2|S3,sub_s23,S2|S3,S2|S3,S2|S3
1786339607.635,c1,recommend,,0.0,26.76,8.97,3.95,,0,,0,200.0,obs,1175,26.76,14.03,4.0,,26.76,14.03,4.0,,26.76,8.97,3.95,,10.318,0,S2|S3,sub_s23,S2|S3,S2|S3,S2|S3
1786339607.635,c2,reserve,,0.0,26.34,7.17,3.59,,0,,0,36.0,obs,589,26.34,13.67,3.65,,26.34,13.67,3.65,,26.34,7.17,3.59,,10.318,0,S2|S3,sub_s23,S2|S3,S2|S3,S2|S3
1786339607.635,c2,search,,0.0,31.1,7.35,10.69,,0,,0,4474.0,obs,873,31.1,20.71,10.98,,31.1,20.71,10.98,,31.1,7.35,10.69,,10.318,0,S2|S3,sub_s23,S2|S3,S2|S3,S2|S3
1786339607.635,c2,recommend,,0.0,26.76,8.97,3.95,,0,,0,200.0,obs,1175,26.76,14.03,4.0,,26.76,14.03,4.0,,26.76,8.97,3.95,,10.318,0,S2|S3,sub_s23,S2|S3,S2|S3,S2|S3
1786339608.636,c1,reserve,,0.0,26.34,7.43,3.38,,0,,0,36.0,obs,587,26.34,13.67,3.65,,26.34,13.67,3.65,,26.34,7.43,3.38,,11.807,0,S2|S3,sub_s23,S2|S3,S2|S3,S2|S3
1786339608.636,c1,search,,0.0,31.1,7.8,10.55,,0,,0,4474.0,obs,880,31.1,20.71,10.98,,31.1,20.71,10.98,,31.1,7.8,10.55,,11.807,0,S2|S3,sub_s23,S2|S3,S2|S3,S2|S3
1786339608.636,c1,recommend,,0.0,26.76,9.35,3.9,,0,,0,200.0,obs,1169,26.76,14.03,4.0,,26.76,14.03,4.0,,26.76,9.35,3.9,,11.807,0,S2|S3,sub_s23,S2|S3,S2|S3,S2|S3
1786339608.636,c2,reserve,,0.0,26.34,7.43,3.38,,0,,0,36.0,obs,587,26.34,13.67,3.65,,26.34,13.67,3.65,,26.34,7.43,3.38,,11.807,0,S2|S3,sub_s23,S2|S3,S2|S3,S2|S3
1786339608.636,c2,search,,0.0,31.1,7.8,10.55,,0,,0,4474.0,obs,880,31.1,20.71,10.98,,31.1,20.71,10.98,,31.1,7.8,10.55,,11.807,0,S2|S3,sub_s23,S2|S3,S2|S3,S2|S3
1786339608.636,c2,recommend,,0.0,26.76,9.35,3.9,,0,,0,200.0,obs,1169,26.76,14.03,4.0,,26.76,14.03,4.0,,26.76,9.35,3.9,,11.807,0,S2|S3,sub_s23,S2|S3,S2|S3,S2|S3
1786339609.636,c1,reserve,,0.0,26.34,7.04,3.42,,0,,0,36.0,obs,586,26.34,13.67,3.65,,26.34,13.67,3.65,,26.34,7.04,3.42,,11.348,0,S2|S3,sub_s23,S2|S3,S2|S3,S2|S3
1786339609.636,c1,search,,0.0,31.1,7.22,10.53,,0,,0,4474.0,obs,875,31.1,20.71,10.98,,31.1,20.71,10.98,,31.1,7.22,10.53,,11.348,0,S2|S3,sub_s23,S2|S3,S2|S3,S2|S3
1786339609.636,c1,recommend,,0.0,26.76,9.26,3.77,,0,,0,200.0,obs,1180,26.76,14.03,4.0,,26.76,14.03,4.0,,26.76,9.26,3.77,,11.348,0,S2|S3,sub_s23,S2|S3,S2|S3,S2|S3
1786339609.636,c2,reserve,,0.0,26.34,7.04,3.42,,0,,0,36.0,obs,586,26.34,13.67,3.65,,26.34,13.67,3.65,,26.34,7.04,3.42,,11.348,0,S2|S3,sub_s23,S2|S3,S2|S3,S2|S3
1786339609.636,c2,search,,0.0,31.1,7.22,10.53,,0,,0,4474.0,obs,875,31.1,20.71,10.98,,31.1,20.71,10.98,,31.1,7.22,10.53,,11.348,0,S2|S3,sub_s23,S2|S3,S2|S3,S2|S3
1786339609.636,c2,recommend,,0.0,26.76,9.26,3.77,,0,,0,200.0,obs,1180,26.76,14.03,4.0,,26.76,14.03,4.0,,26.76,9.26,3.77,,11.348,0,S2|S3,sub_s23,S2|S3,S2|S3,S2|S3
1786339610.636,c1,reserve,,0.0,26.34,6.63,3.66,,0,,0,36.0,obs,590,26.34,13.67,3.65,,26.34,13.67,3.65,,26.34,6.63,3.66,,11.387,0,S2|S3,sub_s23,S2|S3,S2|S3,S2|S3
1786339610.636,c1,search,,0.0,31.1,5.35,10.5,,0,,0,4474.0,obs,878,31.1,20.71,10.98,,31.1,20.71,10.98,,31.1,5.35,10.5,,11.387,0,S2|S3,sub_s23,S2|S3,S2|S3,S2|S3
1786339610.636,c1,recommend,,0.0,26.76,8.86,3.84,,0,,0,200.0,obs,1171,26.76,14.03,4.0,,26.76,14.03,4.0,,26.76,8.86,3.84,,11.387,0,S2|S3,sub_s23,S2|S3,S2|S3,S2|S3
1786339610.636,c2,reserve,,0.0,26.34,6.63,3.66,,0,,0,36.0,obs,590,26.34,13.67,3.65,,26.34,13.67,3.65,,26.34,6.63,3.66,,11.387,0,S2|S3,sub_s23,S2|S3,S2|S3,S2|S3
1786339610.636,c2,search,,0.0,31.1,5.35,10.5,,0,,0,4474.0,obs,878,31.1,20.71,10.98,,31.1,20.71,10.98,,31.1,5.35,10.5,,11.387,0,S2|S3,sub_s23,S2|S3,S2|S3,S2|S3
1786339610.636,c2,recommend,,0.0,26.76,8.86,3.84,,0,,0,200.0,obs,1171,26.76,14.03,4.0,,26.76,14.03,4.0,,26.76,8.86,3.84,,11.387,0,S2|S3,sub_s23,S2|S3,S2|S3,S2|S3
1786339611.635,c1,reserve,,0.0,26.34,7.12,3.55,,0,,0,36.0,obs,585,26.34,13.67,3.65,,26.34,13.67,3.65,,26.34,7.12,3.55,,10.921,0,S2|S3,sub_s23,S2|S3,S2|S3,S2|S3
1786339611.635,c1,search,,0.0,31.1,7.54,10.65,,0,,0,4474.0,obs,879,31.1,20.71,10.98,,31.1,20.71,10.98,,31.1,7.54,10.65,,10.921,0,S2|S3,sub_s23,S2|S3,S2|S3,S2|S3
1786339611.635,c1,recommend,,0.0,26.76,8.83,3.91,,0,,0,200.0,obs,1175,26.76,14.03,4.0,,26.76,14.03,4.0,,26.76,8.83,3.91,,10.921,0,S2|S3,sub_s23,S2|S3,S2|S3,S2|S3
1786339611.635,c2,reserve,,0.0,26.34,7.12,3.55,,0,,0,36.0,obs,585,26.34,13.67,3.65,,26.34,13.67,3.65,,26.34,7.12,3.55,,10.921,0,S2|S3,sub_s23,S2|S3,S2|S3,S2|S3
1786339611.635,c2,search,,0.0,31.1,7.54,10.65,,0,,0,4474.0,obs,879,31.1,20.71,10.98,,31.1,20.71,10.98,,31.1,7.54,10.65,,10.921,0,S2|S3,sub_s23,S2|S3,S2|S3,S2|S3
1786339611.635,c2,recommend,,0.0,26.76,8.83,3.91,,0,,0,200.0,obs,1175,26.76,14.03,4.0,,26.76,14.03,4.0,,26.76,8.83,3.91,,10.921,0,S2|S3,sub_s23,S2|S3,S2|S3,S2|S3
1786339612.635,c1,reserve,,0.0,26.34,7.66,3.41,,0,,0,36.0,obs,591,26.34,13.67,3.65,,26.34,13.67,3.65,,26.34,7.66,3.41,,11.018,0,S2|S3,sub_s23,S2|S3,S2|S3,S2|S3
1786339612.635,c1,search,,0.0,31.1,8.34,10.34,,0,,0,4474.0,obs,877,31.1,20.71,10.98,,31.1,20.71,10.98,,31.1,8.34,10.34,,11.018,0,S2|S3,sub_s23,S2|S3,S2|S3,S2|S3
1786339612.635,c1,recommend,,0.0,26.76,9.03,3.83,,0,,0,200.0,obs,1173,26.76,14.03,4.0,,26.76,14.03,4.0,,26.76,9.03,3.83,,11.018,0,S2|S3,sub_s23,S2|S3,S2|S3,S2|S3
1786339612.635,c2,reserve,,0.0,26.34,7.66,3.41,,0,,0,36.0,obs,591,26.34,13.67,3.65,,26.34,13.67,3.65,,26.34,7.66,3.41,,11.018,0,S2|S3,sub_s23,S2|S3,S2|S3,S2|S3
1786339612.635,c2,search,,0.0,31.1,8.34,10.34,,0,,0,4474.0,obs,877,31.1,20.71,10.98,,31.1,20.71,10.98,,31.1,8.34,10.34,,11.018,0,S2|S3,sub_s23,S2|S3,S2|S3,S2|S3
1786339612.635,c2,recommend,,0.0,26.76,9.03,3.83,,0,,0,200.0,obs,1173,26.76,14.03,4.0,,26.76,14.03,4.0,,26.76,9.03,3.83,,11.018,0,S2|S3,sub_s23,S2|S3,S2|S3,S2|S3
1786339613.635,c1,reserve,,0.0,26.34,8.0,3.43,,0,,0,36.0,obs,584,26.34,13.67,3.65,,26.34,13.67,3.65,,26.34,8.0,3.43,,10.705,0,S2|S3,sub_s23,S2|S3,S2|S3,S2|S3
1786339613.635,c1,search,,0.0,31.1,9.61,10.39,,0,,0,4474.0,obs,882,31.1,20.71,10.98,,31.1,20.71,10.98,,31.1,9.61,10.39,,10.705,0,S2|S3,sub_s23,S2|S3,S2|S3,S2|S3
1786339613.635,c1,recommend,,0.0,26.76,8.79,3.96,,0,,0,200.0,obs,1175,26.76,14.03,4.0,,26.76,14.03,4.0,,26.76,8.79,3.96,,10.705,0,S2|S3,sub_s23,S2|S3,S2|S3,S2|S3
1786339613.635,c2,reserve,,0.0,26.34,8.0,3.43,,0,,0,36.0,obs,584,26.34,13.67,3.65,,26.34,13.67,3.65,,26.34,8.0,3.43,,10.705,0,S2|S3,sub_s23,S2|S3,S2|S3,S2|S3
1786339613.635,c2,search,,0.0,31.1,9.61,10.39,,0,,0,4474.0,obs,882,31.1,20.71,10.98,,31.1,20.71,10.98,,31.1,9.61,10.39,,10.705,0,S2|S3,sub_s23,S2|S3,S2|S3,S2|S3
1786339613.635,c2,recommend,,0.0,26.76,8.79,3.96,,0,,0,200.0,obs,1175,26.76,14.03,4.0,,26.76,14.03,4.0,,26.76,8.79,3.96,,10.705,0,S2|S3,sub_s23,S2|S3,S2|S3,S2|S3
1786339614.635,c1,reserve,,0.0,26.34,6.85,3.64,,0,,0,36.0,obs,588,26.34,13.67,3.65,,26.34,13.67,3.65,,26.34,6.85,3.64,,10.962,0,S2|S3,sub_s23,S2|S3,S2|S3,S2|S3
1786339614.635,c1,search,,0.0,31.1,7.79,10.64,,0,,0,4474.0,obs,876,31.1,20.71,10.98,,31.1,20.71,10.98,,31.1,7.79,10.64,,10.962,0,S2|S3,sub_s23,S2|S3,S2|S3,S2|S3
1786339614.635,c1,recommend,,0.0,26.76,8.14,4.09,,0,,0,200.0,obs,1178,26.76,14.03,4.0,,26.76,14.03,4.0,,26.76,8.14,4.09,,10.962,0,S2|S3,sub_s23,S2|S3,S2|S3,S2|S3
1786339614.635,c2,reserve,,0.0,26.34,6.85,3.64,,0,,0,36.0,obs,588,26.34,13.67,3.65,,26.34,13.67,3.65,,26.34,6.85,3.64,,10.962,0,S2|S3,sub_s23,S2|S3,S2|S3,S2|S3
1786339614.635,c2,search,,0.0,31.1,7.79,10.64,,0,,0,4474.0,obs,876,31.1,20.71,10.98,,31.1,20.71,10.98,,31.1,7.79,10.64,,10.962,0,S2|S3,sub_s23,S2|S3,S2|S3,S2|S3
1786339614.635,c2,recommend,,0.0,26.76,8.14,4.09,,0,,0,200.0,obs,1178,26.76,14.03,4.0,,26.76,14.03,4.0,,26.76,8.14,4.09,,10.962,0,S2|S3,sub_s23,S2|S3,S2|S3,S2|S3
1786339615.636,c1,reserve,,0.0,26.34,6.55,3.56,,0,,0,36.0,obs,590,26.34,13.67,3.65,,26.34,13.67,3.65,,26.34,6.55,3.56,,11.493,0,S2|S3,sub_s23,S2|S3,S2|S3,S2|S3
1786339615.636,c1,search,,0.0,31.1,6.94,10.39,,0,,0,4474.0,obs,881,31.1,20.71,10.98,,31.1,20.71,10.98,,31.1,6.94,10.39,,11.493,0,S2|S3,sub_s23,S2|S3,S2|S3,S2|S3
1786339615.636,c1,recommend,,0.0,26.76,8.82,3.89,,0,,0,200.0,obs,1174,26.76,14.03,4.0,,26.76,14.03,4.0,,26.76,8.82,3.89,,11.493,0,S2|S3,sub_s23,S2|S3,S2|S3,S2|S3
1786339615.636,c2,reserve,,0.0,26.34,6.55,3.56,,0,,0,36.0,obs,590,26.34,13.67,3.65,,26.34,13.67,3.65,,26.34,6.55,3.56,,11.493,0,S2|S3,sub_s23,S2|S3,S2|S3,S2|S3
1786339615.636,c2,search,,0.0,31.1,6.94,10.39,,0,,0,4474.0,obs,881,31.1,20.71,10.98,,31.1,20.71,10.98,,31.1,6.94,10.39,,11.493,0,S2|S3,sub_s23,S2|S3,S2|S3,S2|S3
1786339615.636,c2,recommend,,0.0,26.76,8.82,3.89,,0,,0,200.0,obs,1174,26.76,14.03,4.0,,26.76,14.03,4.0,,26.76,8.82,3.89,,11.493,0,S2|S3,sub_s23,S2|S3,S2|S3,S2|S3
1786339616.636,c1,reserve,,0.0,26.34,7.02,3.56,,0,,0,36.0,obs,584,26.34,13.67,3.65,,26.34,13.67,3.65,,26.34,7.02,3.56,,11.228,0,S2|S3,sub_s23,S2|S3,S2|S3,S2|S3
1786339616.636,c1,search,,0.0,31.1,8.49,10.46,,0,,0,4474.0,obs,877,31.1,20.71,10.98,,31.1,20.71,10.98,,31.1,8.49,10.46,,11.228,0,S2|S3,sub_s23,S2|S3,S2|S3,S2|S3
1786339616.636,c1,recommend,,0.0,26.76,9.38,3.8,,0,,0,200.0,obs,1183,26.76,14.03,4.0,,26.76,14.03,4.0,,26.76,9.38,3.8,,11.228,0,S2|S3,sub_s23,S2|S3,S2|S3,S2|S3
1786339616.636,c2,reserve,,0.0,26.34,7.02,3.56,,0,,0,36.0,obs,584,26.34,13.67,3.65,,26.34,13.67,3.65,,26.34,7.02,3.56,,11.228,0,S2|S3,sub_s23,S2|S3,S2|S3,S2|S3
1786339616.636,c2,search,,0.0,31.1,8.49,10.46,,0,,0,4474.0,obs,877,31.1,20.71,10.98,,31.1,20.71,10.98,,31.1,8.49,10.46,,11.228,0,S2|S3,sub_s23,S2|S3,S2|S3,S2|S3
1786339616.636,c2,recommend,,0.0,26.76,9.38,3.8,,0,,0,200.0,obs,1183,26.76,14.03,4.0,,26.76,14.03,4.0,,26.76,9.38,3.8,,11.228,0,S2|S3,sub_s23,S2|S3,S2|S3,S2|S3
1786339617.635,c1,reserve,,0.0,26.34,8.13,3.42,,0,,0,36.0,obs,594,26.34,13.67,3.65,,26.34,13.67,3.65,,26.34,8.13,3.42,,10.984,0,S2|S3,sub_s23,S2|S3,S2|S3,S2|S3
1786339617.635,c1,search,,0.0,31.1,9.2,10.61,,0,,0,4474.0,obs,880,31.1,20.71,10.98,,31.1,20.71,10.98,,31.1,9.2,10.61,,10.984,0,S2|S3,sub_s23,S2|S3,S2|S3,S2|S3
1786339617.635,c1,recommend,,0.0,26.76,9.61,3.84,,0,,0,200.0,obs,1176,26.76,14.03,4.0,,26.76,14.03,4.0,,26.76,9.61,3.84,,10.984,0,S2|S3,sub_s23,S2|S3,S2|S3,S2|S3
1786339617.635,c2,reserve,,0.0,26.34,8.13,3.42,,0,,0,36.0,obs,594,26.34,13.67,3.65,,26.34,13.67,3.65,,26.34,8.13,3.42,,10.984,0,S2|S3,sub_s23,S2|S3,S2|S3,S2|S3
1786339617.635,c2,search,,0.0,31.1,9.2,10.61,,0,,0,4474.0,obs,880,31.1,20.71,10.98,,31.1,20.71,10.98,,31.1,9.2,10.61,,10.984,0,S2|S3,sub_s23,S2|S3,S2|S3,S2|S3
1786339617.635,c2,recommend,,0.0,26.76,9.61,3.84,,0,,0,200.0,obs,1176,26.76,14.03,4.0,,26.76,14.03,4.0,,26.76,9.61,3.84,,10.984,0,S2|S3,sub_s23,S2|S3,S2|S3,S2|S3
1786339618.636,c1,reserve,,0.0,26.34,7.28,3.52,,0,,0,36.0,obs,585,26.34,13.67,3.65,,26.34,13.67,3.65,,26.34,7.28,3.52,,10.829,0,S2|S3,sub_s23,S2|S3,S2|S3,S2|S3
1786339618.636,c1,search,,0.0,31.1,8.39,10.63,,0,,0,4474.0,obs,883,31.1,20.71,10.98,,31.1,20.71,10.98,,31.1,8.39,10.63,,10.829,0,S2|S3,sub_s23,S2|S3,S2|S3,S2|S3
1786339618.636,c1,recommend,,0.0,26.76,9.07,3.93,,0,,0,200.0,obs,1184,26.76,14.03,4.0,,26.76,14.03,4.0,,26.76,9.07,3.93,,10.829,0,S2|S3,sub_s23,S2|S3,S2|S3,S2|S3
1786339618.636,c2,reserve,,0.0,26.34,7.28,3.52,,0,,0,36.0,obs,585,26.34,13.67,3.65,,26.34,13.67,3.65,,26.34,7.28,3.52,,10.829,0,S2|S3,sub_s23,S2|S3,S2|S3,S2|S3
1786339618.636,c2,search,,0.0,31.1,8.39,10.63,,0,,0,4474.0,obs,883,31.1,20.71,10.98,,31.1,20.71,10.98,,31.1,8.39,10.63,,10.829,0,S2|S3,sub_s23,S2|S3,S2|S3,S2|S3
1786339618.636,c2,recommend,,0.0,26.76,9.07,3.93,,0,,0,200.0,obs,1184,26.76,14.03,4.0,,26.76,14.03,4.0,,26.76,9.07,3.93,,10.829,0,S2|S3,sub_s23,S2|S3,S2|S3,S2|S3
1786339619.636,c1,reserve,,0.0,26.34,7.01,3.52,,0,,0,36.0,obs,593,26.34,13.67,3.65,,26.34,13.67,3.65,,26.34,7.01,3.52,,11.537,0,S2|S3,sub_s23,S2|S3,S2|S3,S2|S3
1786339619.636,c1,search,,0.0,31.1,6.91,10.55,,0,,0,4474.0,obs,879,31.1,20.71,10.98,,31.1,20.71,10.98,,31.1,6.91,10.55,,11.537,0,S2|S3,sub_s23,S2|S3,S2|S3,S2|S3
1786339619.636,c1,recommend,,0.0,26.76,9.02,3.92,,0,,0,200.0,obs,1182,26.76,14.03,4.0,,26.76,14.03,4.0,,26.76,9.02,3.92,,11.537,0,S2|S3,sub_s23,S2|S3,S2|S3,S2|S3
1786339619.636,c2,reserve,,0.0,26.34,7.01,3.52,,0,,0,36.0,obs,593,26.34,13.67,3.65,,26.34,13.67,3.65,,26.34,7.01,3.52,,11.537,0,S2|S3,sub_s23,S2|S3,S2|S3,S2|S3
1786339619.636,c2,search,,0.0,31.1,6.91,10.55,,0,,0,4474.0,obs,879,31.1,20.71,10.98,,31.1,20.71,10.98,,31.1,6.91,10.55,,11.537,0,S2|S3,sub_s23,S2|S3,S2|S3,S2|S3
1786339619.636,c2,recommend,,0.0,26.76,9.02,3.92,,0,,0,200.0,obs,1182,26.76,14.03,4.0,,26.76,14.03,4.0,,26.76,9.02,3.92,,11.537,0,S2|S3,sub_s23,S2|S3,S2|S3,S2|S3
1786339620.636,c1,reserve,,0.0,26.34,7.75,3.5,,0,,0,36.0,obs,589,26.34,13.67,3.65,,26.34,13.67,3.65,,26.34,7.75,3.5,,11.431,0,S2|S3,sub_s23,S2|S3,S2|S3,S2|S3
1786339620.636,c1,search,,0.0,31.1,6.98,10.63,,0,,0,4474.0,obs,884,31.1,20.71,10.98,,31.1,20.71,10.98,,31.1,6.98,10.63,,11.431,0,S2|S3,sub_s23,S2|S3,S2|S3,S2|S3
1786339620.636,c1,recommend,,0.0,26.76,9.22,3.96,,0,,0,200.0,obs,1183,26.76,14.03,4.0,,26.76,14.03,4.0,,26.76,9.22,3.96,,11.431,0,S2|S3,sub_s23,S2|S3,S2|S3,S2|S3
1786339620.636,c2,reserve,,0.0,26.34,7.75,3.5,,0,,0,36.0,obs,589,26.34,13.67,3.65,,26.34,13.67,3.65,,26.34,7.75,3.5,,11.431,0,S2|S3,sub_s23,S2|S3,S2|S3,S2|S3
1786339620.636,c2,search,,0.0,31.1,6.98,10.63,,0,,0,4474.0,obs,884,31.1,20.71,10.98,,31.1,20.71,10.98,,31.1,6.98,10.63,,11.431,0,S2|S3,sub_s23,S2|S3,S2|S3,S2|S3
1786339620.636,c2,recommend,,0.0,26.76,9.22,3.96,,0,,0,200.0,obs,1183,26.76,14.03,4.0,,26.76,14.03,4.0,,26.76,9.22,3.96,,11.431,0,S2|S3,sub_s23,S2|S3,S2|S3,S2|S3
1786339621.637,c1,reserve,,0.0,26.34,8.53,3.51,,0,,0,36.0,obs,593,26.34,13.67,3.65,,26.34,13.67,3.65,,26.34,8.53,3.51,,11.758,0,S2|S3,sub_s23,S2|S3,S2|S3,S2|S3
1786339621.637,c1,search,,0.0,31.1,8.5,10.63,,0,,0,4474.0,obs,883,31.1,20.71,10.98,,31.1,20.71,10.98,,31.1,8.5,10.63,,11.758,0,S2|S3,sub_s23,S2|S3,S2|S3,S2|S3
1786339621.637,c1,recommend,,0.0,26.76,9.67,3.97,,0,,0,200.0,obs,1182,26.76,14.03,4.0,,26.76,14.03,4.0,,26.76,9.67,3.97,,11.758,0,S2|S3,sub_s23,S2|S3,S2|S3,S2|S3
1786339621.637,c2,reserve,,0.0,26.34,8.53,3.51,,0,,0,36.0,obs,593,26.34,13.67,3.65,,26.34,13.67,3.65,,26.34,8.53,3.51,,11.758,0,S2|S3,sub_s23,S2|S3,S2|S3,S2|S3
1786339621.637,c2,search,,0.0,31.1,8.5,10.63,,0,,0,4474.0,obs,883,31.1,20.71,10.98,,31.1,20.71,10.98,,31.1,8.5,10.63,,11.758,0,S2|S3,sub_s23,S2|S3,S2|S3,S2|S3
1786339621.637,c2,recommend,,0.0,26.76,9.67,3.97,,0,,0,200.0,obs,1182,26.76,14.03,4.0,,26.76,14.03,4.0,,26.76,9.67,3.97,,11.758,0,S2|S3,sub_s23,S2|S3,S2|S3,S2|S3
1786339622.636,c1,reserve,,0.0,26.34,8.14,3.41,,0,,0,36.0,obs,589,26.34,13.67,3.65,,26.34,13.67,3.65,,26.34,8.14,3.41,,11.443,0,S2|S3,sub_s23,S2|S3,S2|S3,S2|S3
1786339622.636,c1,search,,0.0,31.1,8.54,10.5,,0,,0,4474.0,obs,887,31.1,20.71,10.98,,31.1,20.71,10.98,,31.1,8.54,10.5,,11.443,0,S2|S3,sub_s23,S2|S3,S2|S3,S2|S3
1786339622.636,c1,recommend,,0.0,26.76,9.53,3.99,,0,,0,200.0,obs,1182,26.76,14.03,4.0,,26.76,14.03,4.0,,26.76,9.53,3.99,,11.443,0,S2|S3,sub_s23,S2|S3,S2|S3,S2|S3
1786339622.636,c2,reserve,,0.0,26.34,8.14,3.41,,0,,0,36.0,obs,589,26.34,13.67,3.65,,26.34,13.67,3.65,,26.34,8.14,3.41,,11.443,0,S2|S3,sub_s23,S2|S3,S2|S3,S2|S3
1786339622.636,c2,search,,0.0,31.1,8.54,10.5,,0,,0,4474.0,obs,887,31.1,20.71,10.98,,31.1,20.71,10.98,,31.1,8.54,10.5,,11.443,0,S2|S3,sub_s23,S2|S3,S2|S3,S2|S3
1786339622.636,c2,recommend,,0.0,26.76,9.53,3.99,,0,,0,200.0,obs,1182,26.76,14.03,4.0,,26.76,14.03,4.0,,26.76,9.53,3.99,,11.443,0,S2|S3,sub_s23,S2|S3,S2|S3,S2|S3
1786339623.637,c1,reserve,,0.0,26.34,6.06,3.46,,0,,0,36.0,obs,590,26.34,13.67,3.65,,26.34,13.67,3.65,,26.34,6.06,3.46,,11.642,0,S2|S3,sub_s23,S2|S3,S2|S3,S2|S3
1786339623.637,c1,search,,0.0,31.1,6.6,10.79,,0,,0,4474.0,obs,883,31.1,20.71,10.98,,31.1,20.71,10.98,,31.1,6.6,10.79,,11.642,0,S2|S3,sub_s23,S2|S3,S2|S3,S2|S3
1786339623.637,c1,recommend,,0.0,26.76,8.5,3.97,,0,,0,200.0,obs,1188,26.76,14.03,4.0,,26.76,14.03,4.0,,26.76,8.5,3.97,,11.642,0,S2|S3,sub_s23,S2|S3,S2|S3,S2|S3
1786339623.637,c2,reserve,,0.0,26.34,6.06,3.46,,0,,0,36.0,obs,590,26.34,13.67,3.65,,26.34,13.67,3.65,,26.34,6.06,3.46,,11.642,0,S2|S3,sub_s23,S2|S3,S2|S3,S2|S3
1786339623.637,c2,search,,0.0,31.1,6.6,10.79,,0,,0,4474.0,obs,883,31.1,20.71,10.98,,31.1,20.71,10.98,,31.1,6.6,10.79,,11.642,0,S2|S3,sub_s23,S2|S3,S2|S3,S2|S3
1786339623.637,c2,recommend,,0.0,26.76,8.5,3.97,,0,,0,200.0,obs,1188,26.76,14.03,4.0,,26.76,14.03,4.0,,26.76,8.5,3.97,,11.642,0,S2|S3,sub_s23,S2|S3,S2|S3,S2|S3
1786339624.637,c1,reserve,,0.0,26.34,6.21,3.47,,0,,0,36.0,obs,595,26.34,13.67,3.65,,26.34,13.67,3.65,,26.34,6.21,3.47,,11.991,0,S2|S3,sub_s23,S2|S3,S2|S3,S2|S3
1786339624.637,c1,search,,0.0,31.1,6.57,10.82,,0,,0,4474.0,obs,886,31.1,20.71,10.98,,31.1,20.71,10.98,,31.1,6.57,10.82,,11.991,0,S2|S3,sub_s23,S2|S3,S2|S3,S2|S3
1786339624.637,c1,recommend,,0.0,26.76,8.94,3.88,,0,,0,200.0,obs,1179,26.76,14.03,4.0,,26.76,14.03,4.0,,26.76,8.94,3.88,,11.991,0,S2|S3,sub_s23,S2|S3,S2|S3,S2|S3
1786339624.637,c2,reserve,,0.0,26.34,6.21,3.47,,0,,0,36.0,obs,595,26.34,13.67,3.65,,26.34,13.67,3.65,,26.34,6.21,3.47,,11.991,0,S2|S3,sub_s23,S2|S3,S2|S3,S2|S3
1786339624.637,c2,search,,0.0,31.1,6.57,10.82,,0,,0,4474.0,obs,886,31.1,20.71,10.98,,31.1,20.71,10.98,,31.1,6.57,10.82,,11.991,0,S2|S3,sub_s23,S2|S3,S2|S3,S2|S3
1786339624.637,c2,recommend,,0.0,26.76,8.94,3.88,,0,,0,200.0,obs,1179,26.76,14.03,4.0,,26.76,14.03,4.0,,26.76,8.94,3.88,,11.991,0,S2|S3,sub_s23,S2|S3,S2|S3,S2|S3
1786339625.636,c1,reserve,,0.0,26.34,7.64,3.67,,0,,0,36.0,obs,591,26.34,13.67,3.65,,26.34,13.67,3.65,,26.34,7.64,3.67,,11.789,0,S2|S3,sub_s23,S2|S3,S2|S3,S2|S3
1786339625.636,c1,search,,0.0,31.1,6.49,10.86,,0,,0,4474.0,obs,886,31.1,20.71,10.98,,31.1,20.71,10.98,,31.1,6.49,10.86,,11.789,0,S2|S3,sub_s23,S2|S3,S2|S3,S2|S3
1786339625.636,c1,recommend,,0.0,26.76,8.74,3.96,,0,,0,200.0,obs,1189,26.76,14.03,4.0,,26.76,14.03,4.0,,26.76,8.74,3.96,,11.789,0,S2|S3,sub_s23,S2|S3,S2|S3,S2|S3
1786339625.636,c2,reserve,,0.0,26.34,7.64,3.67,,0,,0,36.0,obs,591,26.34,13.67,3.65,,26.34,13.67,3.65,,26.34,7.64,3.67,,11.789,0,S2|S3,sub_s23,S2|S3,S2|S3,S2|S3
1786339625.636,c2,search,,0.0,31.1,6.49,10.86,,0,,0,4474.0,obs,886,31.1,20.71,10.98,,31.1,20.71,10.98,,31.1,6.49,10.86,,11.789,0,S2|S3,sub_s23,S2|S3,S2|S3,S2|S3
1786339625.636,c2,recommend,,0.0,26.76,8.74,3.96,,0,,0,200.0,obs,1189,26.76,14.03,4.0,,26.76,14.03,4.0,,26.76,8.74,3.96,,11.789,0,S2|S3,sub_s23,S2|S3,S2|S3,S2|S3
1786339626.636,c1,reserve,,0.0,26.34,7.81,3.6,,0,,0,36.0,obs,596,26.34,13.67,3.65,,26.34,13.67,3.65,,26.34,7.81,3.6,,11.147,0,S2|S3,sub_s23,S2|S3,S2|S3,S2|S3
1786339626.636,c1,search,,0.0,31.1,6.05,10.87,,0,,0,4474.0,obs,884,31.1,20.71,10.98,,31.1,20.71,10.98,,31.1,6.05,10.87,,11.147,0,S2|S3,sub_s23,S2|S3,S2|S3,S2|S3
1786339626.636,c1,recommend,,0.0,26.76,8.38,3.95,,0,,0,200.0,obs,1183,26.76,14.03,4.0,,26.76,14.03,4.0,,26.76,8.38,3.95,,11.147,0,S2|S3,sub_s23,S2|S3,S2|S3,S2|S3
1786339626.636,c2,reserve,,0.0,26.34,7.81,3.6,,0,,0,36.0,obs,596,26.34,13.67,3.65,,26.34,13.67,3.65,,26.34,7.81,3.6,,11.147,0,S2|S3,sub_s23,S2|S3,S2|S3,S2|S3
1786339626.636,c2,search,,0.0,31.1,6.05,10.87,,0,,0,4474.0,obs,884,31.1,20.71,10.98,,31.1,20.71,10.98,,31.1,6.05,10.87,,11.147,0,S2|S3,sub_s23,S2|S3,S2|S3,S2|S3
1786339626.636,c2,recommend,,0.0,26.76,8.38,3.95,,0,,0,200.0,obs,1183,26.76,14.03,4.0,,26.76,14.03,4.0,,26.76,8.38,3.95,,11.147,0,S2|S3,sub_s23,S2|S3,S2|S3,S2|S3
1786339627.636,c1,reserve,,0.0,26.34,6.6,3.39,,0,,0,36.0,obs,590,26.34,13.67,3.65,,26.34,13.67,3.65,,26.34,6.6,3.39,,10.979,0,S2|S3,sub_s23,S2|S3,S2|S3,S2|S3
1786339627.636,c1,search,,0.0,31.1,5.2,10.77,,0,,0,4474.0,obs,885,31.1,20.71,10.98,,31.1,20.71,10.98,,31.1,5.2,10.77,,10.979,0,S2|S3,sub_s23,S2|S3,S2|S3,S2|S3
1786339627.636,c1,recommend,,0.0,26.76,8.09,3.88,,0,,0,200.0,obs,1185,26.76,14.03,4.0,,26.76,14.03,4.0,,26.76,8.09,3.88,,10.979,0,S2|S3,sub_s23,S2|S3,S2|S3,S2|S3
1786339627.636,c2,reserve,,0.0,26.34,6.6,3.39,,0,,0,36.0,obs,590,26.34,13.67,3.65,,26.34,13.67,3.65,,26.34,6.6,3.39,,10.979,0,S2|S3,sub_s23,S2|S3,S2|S3,S2|S3
1786339627.636,c2,search,,0.0,31.1,5.2,10.77,,0,,0,4474.0,obs,885,31.1,20.71,10.98,,31.1,20.71,10.98,,31.1,5.2,10.77,,10.979,0,S2|S3,sub_s23,S2|S3,S2|S3,S2|S3
1786339627.636,c2,recommend,,0.0,26.76,8.09,3.88,,0,,0,200.0,obs,1185,26.76,14.03,4.0,,26.76,14.03,4.0,,26.76,8.09,3.88,,10.979,0,S2|S3,sub_s23,S2|S3,S2|S3,S2|S3
1786339628.635,c1,reserve,,0.0,26.34,6.36,3.42,,0,,0,36.0,obs,595,26.34,13.67,3.65,,26.34,13.67,3.65,,26.34,6.36,3.42,,11.169,0,S2|S3,sub_s23,S2|S3,S2|S3,S2|S3
1786339628.635,c1,search,,0.0,31.1,7.6,10.81,,0,,0,4474.0,obs,884,31.1,20.71,10.98,,31.1,20.71,10.98,,31.1,7.6,10.81,,11.169,0,S2|S3,sub_s23,S2|S3,S2|S3,S2|S3
1786339628.635,c1,recommend,,0.0,26.76,8.51,3.88,,0,,0,200.0,obs,1189,26.76,14.03,4.0,,26.76,14.03,4.0,,26.76,8.51,3.88,,11.169,0,S2|S3,sub_s23,S2|S3,S2|S3,S2|S3
1786339628.635,c2,reserve,,0.0,26.34,6.36,3.42,,0,,0,36.0,obs,595,26.34,13.67,3.65,,26.34,13.67,3.65,,26.34,6.36,3.42,,11.169,0,S2|S3,sub_s23,S2|S3,S2|S3,S2|S3
1786339628.635,c2,search,,0.0,31.1,7.6,10.81,,0,,0,4474.0,obs,884,31.1,20.71,10.98,,31.1,20.71,10.98,,31.1,7.6,10.81,,11.169,0,S2|S3,sub_s23,S2|S3,S2|S3,S2|S3
1786339628.635,c2,recommend,,0.0,26.76,8.51,3.88,,0,,0,200.0,obs,1189,26.76,14.03,4.0,,26.76,14.03,4.0,,26.76,8.51,3.88,,11.169,0,S2|S3,sub_s23,S2|S3,S2|S3,S2|S3
1786339629.637,c1,reserve,,0.0,26.34,5.01,3.69,,0,,0,36.0,obs,591,26.34,13.67,3.65,,26.34,13.67,3.65,,26.34,5.01,3.69,,11.502,0,S2|S3,sub_s23,S2|S3,S2|S3,S2|S3
1786339629.637,c1,search,,0.0,31.1,7.48,10.75,,0,,0,4474.0,obs,888,31.1,20.71,10.98,,31.1,20.71,10.98,,31.1,7.48,10.75,,11.502,0,S2|S3,sub_s23,S2|S3,S2|S3,S2|S3
1786339629.637,c1,recommend,,0.0,26.76,8.09,3.85,,0,,0,200.0,obs,1183,26.76,14.03,4.0,,26.76,14.03,4.0,,26.76,8.09,3.85,,11.502,0,S2|S3,sub_s23,S2|S3,S2|S3,S2|S3
1786339629.637,c2,reserve,,0.0,26.34,5.01,3.69,,0,,0,36.0,obs,591,26.34,13.67,3.65,,26.34,13.67,3.65,,26.34,5.01,3.69,,11.502,0,S2|S3,sub_s23,S2|S3,S2|S3,S2|S3
1786339629.637,c2,search,,0.0,31.1,7.48,10.75,,0,,0,4474.0,obs,888,31.1,20.71,10.98,,31.1,20.71,10.98,,31.1,7.48,10.75,,11.502,0,S2|S3,sub_s23,S2|S3,S2|S3,S2|S3
1786339629.637,c2,recommend,,0.0,26.76,8.09,3.85,,0,,0,200.0,obs,1183,26.76,14.03,4.0,,26.76,14.03,4.0,,26.76,8.09,3.85,,11.502,0,S2|S3,sub_s23,S2|S3,S2|S3,S2|S3
1786339630.636,c1,reserve,,0.0,26.34,5.78,3.64,,0,,0,36.0,obs,593,26.34,13.67,3.65,,26.34,13.67,3.65,,26.34,5.78,3.64,,10.857,0,S2|S3,sub_s23,S2|S3,S2|S3,S2|S3
1786339630.636,c1,search,,0.0,31.1,6.44,10.73,,0,,0,4474.0,obs,887,31.1,20.71,10.98,,31.1,20.71,10.98,,31.1,6.44,10.73,,10.857,0,S2|S3,sub_s23,S2|S3,S2|S3,S2|S3
1786339630.636,c1,recommend,,0.0,26.76,7.25,3.89,,0,,0,200.0,obs,1193,26.76,14.03,4.0,,26.76,14.03,4.0,,26.76,7.25,3.89,,10.857,0,S2|S3,sub_s23,S2|S3,S2|S3,S2|S3
1786339630.636,c2,reserve,,0.0,26.34,5.78,3.64,,0,,0,36.0,obs,593,26.34,13.67,3.65,,26.34,13.67,3.65,,26.34,5.78,3.64,,10.857,0,S2|S3,sub_s23,S2|S3,S2|S3,S2|S3
1786339630.636,c2,search,,0.0,31.1,6.44,10.73,,0,,0,4474.0,obs,887,31.1,20.71,10.98,,31.1,20.71,10.98,,31.1,6.44,10.73,,10.857,0,S2|S3,sub_s23,S2|S3,S2|S3,S2|S3
1786339630.636,c2,recommend,,0.0,26.76,7.25,3.89,,0,,0,200.0,obs,1193,26.76,14.03,4.0,,26.76,14.03,4.0,,26.76,7.25,3.89,,10.857,0,S2|S3,sub_s23,S2|S3,S2|S3,S2|S3
1786339631.636,c1,reserve,,0.0,26.34,8.11,3.53,,0,,0,36.0,obs,595,26.34,13.67,3.65,,26.34,13.67,3.65,,26.34,8.11,3.53,,11.038,0,S2|S3,sub_s23,S2|S3,S2|S3,S2|S3
1786339631.636,c1,search,,0.0,31.1,8.45,10.62,,0,,0,4474.0,obs,888,31.1,20.71,10.98,,31.1,20.71,10.98,,31.1,8.45,10.62,,11.038,0,S2|S3,sub_s23,S2|S3,S2|S3,S2|S3
1786339631.636,c1,recommend,,0.0,26.76,9.01,3.93,,0,,0,200.0,obs,1184,26.76,14.03,4.0,,26.76,14.03,4.0,,26.76,9.01,3.93,,11.038,0,S2|S3,sub_s23,S2|S3,S2|S3,S2|S3
1786339631.636,c2,reserve,,0.0,26.34,8.11,3.53,,0,,0,36.0,obs,595,26.34,13.67,3.65,,26.34,13.67,3.65,,26.34,8.11,3.53,,11.038,0,S2|S3,sub_s23,S2|S3,S2|S3,S2|S3
1786339631.636,c2,search,,0.0,31.1,8.45,10.62,,0,,0,4474.0,obs,888,31.1,20.71,10.98,,31.1,20.71,10.98,,31.1,8.45,10.62,,11.038,0,S2|S3,sub_s23,S2|S3,S2|S3,S2|S3
1786339631.636,c2,recommend,,0.0,26.76,9.01,3.93,,0,,0,200.0,obs,1184,26.76,14.03,4.0,,26.76,14.03,4.0,,26.76,9.01,3.93,,11.038,0,S2|S3,sub_s23,S2|S3,S2|S3,S2|S3
1786339632.636,c1,reserve,,0.0,26.34,7.23,3.44,,0,,0,36.0,obs,592,26.34,13.67,3.65,,26.34,13.67,3.65,,26.34,7.23,3.44,,10.925,0,S2|S3,sub_s23,S2|S3,S2|S3,S2|S3
1786339632.636,c1,search,,0.0,31.1,6.35,10.41,,0,,0,4474.0,obs,888,31.1,20.71,10.98,,31.1,20.71,10.98,,31.1,6.35,10.41,,10.925,0,S2|S3,sub_s23,S2|S3,S2|S3,S2|S3
1786339632.636,c1,recommend,,0.0,26.76,8.77,3.93,,0,,0,200.0,obs,1192,26.76,14.03,4.0,,26.76,14.03,4.0,,26.76,8.77,3.93,,10.925,0,S2|S3,sub_s23,S2|S3,S2|S3,S2|S3
1786339632.636,c2,reserve,,0.0,26.34,7.23,3.44,,0,,0,36.0,obs,592,26.34,13.67,3.65,,26.34,13.67,3.65,,26.34,7.23,3.44,,10.925,0,S2|S3,sub_s23,S2|S3,S2|S3,S2|S3
1786339632.636,c2,search,,0.0,31.1,6.35,10.41,,0,,0,4474.0,obs,888,31.1,20.71,10.98,,31.1,20.71,10.98,,31.1,6.35,10.41,,10.925,0,S2|S3,sub_s23,S2|S3,S2|S3,S2|S3
1786339632.636,c2,recommend,,0.0,26.76,8.77,3.93,,0,,0,200.0,obs,1192,26.76,14.03,4.0,,26.76,14.03,4.0,,26.76,8.77,3.93,,10.925,0,S2|S3,sub_s23,S2|S3,S2|S3,S2|S3
1786339633.637,c1,reserve,,0.0,26.34,6.9,3.49,,0,,0,36.0,obs,598,26.34,13.67,3.65,,26.34,13.67,3.65,,26.34,6.9,3.49,,11.929,0,S2|S3,sub_s23,S2|S3,S2|S3,S2|S3
1786339633.637,c1,search,,0.0,31.1,6.55,10.6,,0,,0,4474.0,obs,890,31.1,20.71,10.98,,31.1,20.71,10.98,,31.1,6.55,10.6,,11.929,0,S2|S3,sub_s23,S2|S3,S2|S3,S2|S3
1786339633.637,c1,recommend,,0.0,26.76,8.63,4.1,,0,,0,200.0,obs,1186,26.76,14.03,4.0,,26.76,14.03,4.0,,26.76,8.63,4.1,,11.929,0,S2|S3,sub_s23,S2|S3,S2|S3,S2|S3
1786339633.637,c2,reserve,,0.0,26.34,6.9,3.49,,0,,0,36.0,obs,598,26.34,13.67,3.65,,26.34,13.67,3.65,,26.34,6.9,3.49,,11.929,0,S2|S3,sub_s23,S2|S3,S2|S3,S2|S3
1786339633.637,c2,search,,0.0,31.1,6.55,10.6,,0,,0,4474.0,obs,890,31.1,20.71,10.98,,31.1,20.71,10.98,,31.1,6.55,10.6,,11.929,0,S2|S3,sub_s23,S2|S3,S2|S3,S2|S3
1786339633.637,c2,recommend,,0.0,26.76,8.63,4.1,,0,,0,200.0,obs,1186,26.76,14.03,4.0,,26.76,14.03,4.0,,26.76,8.63,4.1,,11.929,0,S2|S3,sub_s23,S2|S3,S2|S3,S2|S3
1786339634.636,c1,reserve,,0.0,26.34,7.35,3.65,,0,,0,36.0,obs,593,26.34,13.67,3.65,,26.34,13.67,3.65,,26.34,7.35,3.65,,11.751,0,S2|S3,sub_s23,S2|S3,S2|S3,S2|S3
1786339634.636,c1,search,,0.0,31.1,9.42,10.78,,0,,0,4474.0,obs,894,31.1,20.71,10.98,,31.1,20.71,10.98,,31.1,9.42,10.78,,11.751,0,S2|S3,sub_s23,S2|S3,S2|S3,S2|S3
1786339634.636,c1,recommend,,0.0,26.76,9.14,4.12,,0,,0,200.0,obs,1195,26.76,14.03,4.0,,26.76,14.03,4.0,,26.76,9.14,4.12,,11.751,0,S2|S3,sub_s23,S2|S3,S2|S3,S2|S3
1786339634.636,c2,reserve,,0.0,26.34,7.35,3.65,,0,,0,36.0,obs,593,26.34,13.67,3.65,,26.34,13.67,3.65,,26.34,7.35,3.65,,11.751,0,S2|S3,sub_s23,S2|S3,S2|S3,S2|S3
1786339634.636,c2,search,,0.0,31.1,9.42,10.78,,0,,0,4474.0,obs,894,31.1,20.71,10.98,,31.1,20.71,10.98,,31.1,9.42,10.78,,11.751,0,S2|S3,sub_s23,S2|S3,S2|S3,S2|S3
1786339634.636,c2,recommend,,0.0,26.76,9.14,4.12,,0,,0,200.0,obs,1195,26.76,14.03,4.0,,26.76,14.03,4.0,,26.76,9.14,4.12,,11.751,0,S2|S3,sub_s23,S2|S3,S2|S3,S2|S3
1786339635.636,c1,reserve,,0.0,26.34,5.8,3.56,,0,,0,36.0,obs,597,26.34,13.67,3.65,,26.34,13.67,3.65,,26.34,5.8,3.56,,11.314,0,S2|S3,sub_s23,S2|S3,S2|S3,S2|S3
1786339635.636,c1,search,,0.0,31.1,6.74,10.72,,0,,0,4474.0,obs,888,31.1,20.71,10.98,,31.1,20.71,10.98,,31.1,6.74,10.72,,11.314,0,S2|S3,sub_s23,S2|S3,S2|S3,S2|S3
1786339635.636,c1,recommend,,0.0,26.76,8.84,4.03,,0,,0,200.0,obs,1194,26.76,14.03,4.0,,26.76,14.03,4.0,,26.76,8.84,4.03,,11.314,0,S2|S3,sub_s23,S2|S3,S2|S3,S2|S3
1786339635.636,c2,reserve,,0.0,26.34,5.8,3.56,,0,,0,36.0,obs,597,26.34,13.67,3.65,,26.34,13.67,3.65,,26.34,5.8,3.56,,11.314,0,S2|S3,sub_s23,S2|S3,S2|S3,S2|S3
1786339635.636,c2,search,,0.0,31.1,6.74,10.72,,0,,0,4474.0,obs,888,31.1,20.71,10.98,,31.1,20.71,10.98,,31.1,6.74,10.72,,11.314,0,S2|S3,sub_s23,S2|S3,S2|S3,S2|S3
1786339635.636,c2,recommend,,0.0,26.76,8.84,4.03,,0,,0,200.0,obs,1194,26.76,14.03,4.0,,26.76,14.03,4.0,,26.76,8.84,4.03,,11.314,0,S2|S3,sub_s23,S2|S3,S2|S3,S2|S3
1786339636.636,c1,reserve,,0.0,26.34,5.25,3.32,,0,,0,36.0,obs,595,26.34,13.67,3.65,,26.34,13.67,3.65,,26.34,5.25,3.32,,10.742,0,S2|S3,sub_s23,S2|S3,S2|S3,S2|S3
1786339636.636,c1,search,,0.0,31.1,5.1,10.63,,0,,0,4474.0,obs,896,31.1,20.71,10.98,,31.1,20.71,10.98,,31.1,5.1,10.63,,10.742,0,S2|S3,sub_s23,S2|S3,S2|S3,S2|S3
1786339636.636,c1,recommend,,0.0,26.76,8.7,3.87,,0,,0,200.0,obs,1191,26.76,14.03,4.0,,26.76,14.03,4.0,,26.76,8.7,3.87,,10.742,0,S2|S3,sub_s23,S2|S3,S2|S3,S2|S3
1786339636.636,c2,reserve,,0.0,26.34,5.25,3.32,,0,,0,36.0,obs,595,26.34,13.67,3.65,,26.34,13.67,3.65,,26.34,5.25,3.32,,10.742,0,S2|S3,sub_s23,S2|S3,S2|S3,S2|S3
1786339636.636,c2,search,,0.0,31.1,5.1,10.63,,0,,0,4474.0,obs,896,31.1,20.71,10.98,,31.1,20.71,10.98,,31.1,5.1,10.63,,10.742,0,S2|S3,sub_s23,S2|S3,S2|S3,S2|S3
1786339636.636,c2,recommend,,0.0,26.76,8.7,3.87,,0,,0,200.0,obs,1191,26.76,14.03,4.0,,26.76,14.03,4.0,,26.76,8.7,3.87,,10.742,0,S2|S3,sub_s23,S2|S3,S2|S3,S2|S3
1786339637.636,c1,reserve,,0.0,26.34,6.01,3.38,,0,,0,36.0,obs,597,26.34,13.67,3.65,,26.34,13.67,3.65,,26.34,6.01,3.38,,11.001,0,S2|S3,sub_s23,S2|S3,S2|S3,S2|S3
1786339637.636,c1,search,,0.0,31.1,5.03,10.76,,0,,0,4474.0,obs,892,31.1,20.71,10.98,,31.1,20.71,10.98,,31.1,5.03,10.76,,11.001,0,S2|S3,sub_s23,S2|S3,S2|S3,S2|S3
1786339637.636,c1,recommend,,0.0,26.76,8.96,3.8,,0,,0,200.0,obs,1201,26.76,14.03,4.0,,26.76,14.03,4.0,,26.76,8.96,3.8,,11.001,0,S2|S3,sub_s23,S2|S3,S2|S3,S2|S3
1786339637.636,c2,reserve,,0.0,26.34,6.01,3.38,,0,,0,36.0,obs,597,26.34,13.67,3.65,,26.34,13.67,3.65,,26.34,6.01,3.38,,11.001,0,S2|S3,sub_s23,S2|S3,S2|S3,S2|S3
1786339637.636,c2,search,,0.0,31.1,5.03,10.76,,0,,0,4474.0,obs,892,31.1,20.71,10.98,,31.1,20.71,10.98,,31.1,5.03,10.76,,11.001,0,S2|S3,sub_s23,S2|S3,S2|S3,S2|S3
1786339637.636,c2,recommend,,0.0,26.76,8.96,3.8,,0,,0,200.0,obs,1201,26.76,14.03,4.0,,26.76,14.03,4.0,,26.76,8.96,3.8,,11.001,0,S2|S3,sub_s23,S2|S3,S2|S3,S2|S3
1786339638.636,c1,reserve,,0.0,26.34,6.94,3.38,,0,,0,36.0,obs,598,26.34,13.67,3.65,,26.34,13.67,3.65,,26.34,6.94,3.38,,11.288,0,S2|S3,sub_s23,S2|S3,S2|S3,S2|S3
1786339638.636,c1,search,,0.0,31.1,8.75,10.76,,0,,0,4474.0,obs,897,31.1,20.71,10.98,,31.1,20.71,10.98,,31.1,8.75,10.76,,11.288,0,S2|S3,sub_s23,S2|S3,S2|S3,S2|S3
1786339638.636,c1,recommend,,0.0,26.76,9.51,3.98,,0,,0,200.0,obs,1189,26.76,14.03,4.0,,26.76,14.03,4.0,,26.76,9.51,3.98,,11.288,0,S2|S3,sub_s23,S2|S3,S2|S3,S2|S3
1786339638.636,c2,reserve,,0.0,26.34,6.94,3.38,,0,,0,36.0,obs,598,26.34,13.67,3.65,,26.34,13.67,3.65,,26.34,6.94,3.38,,11.288,0,S2|S3,sub_s23,S2|S3,S2|S3,S2|S3
1786339638.636,c2,search,,0.0,31.1,8.75,10.76,,0,,0,4474.0,obs,897,31.1,20.71,10.98,,31.1,20.71,10.98,,31.1,8.75,10.76,,11.288,0,S2|S3,sub_s23,S2|S3,S2|S3,S2|S3
1786339638.636,c2,recommend,,0.0,26.76,9.51,3.98,,0,,0,200.0,obs,1189,26.76,14.03,4.0,,26.76,14.03,4.0,,26.76,9.51,3.98,,11.288,0,S2|S3,sub_s23,S2|S3,S2|S3,S2|S3
1786339639.636,c1,reserve,,0.0,26.34,6.58,3.5,,0,,0,36.0,obs,594,26.34,13.67,3.65,,26.34,13.67,3.65,,26.34,6.58,3.5,,10.949,0,S2|S3,sub_s23,S2|S3,S2|S3,S2|S3
1786339639.636,c1,search,,0.0,31.1,8.05,10.78,,0,,0,4474.0,obs,892,31.1,20.71,10.98,,31.1,20.71,10.98,,31.1,8.05,10.78,,10.949,0,S2|S3,sub_s23,S2|S3,S2|S3,S2|S3
1786339639.636,c1,recommend,,0.0,26.76,8.83,3.91,,0,,0,200.0,obs,1199,26.76,14.03,4.0,,26.76,14.03,4.0,,26.76,8.83,3.91,,10.949,0,S2|S3,sub_s23,S2|S3,S2|S3,S2|S3
1786339639.636,c2,reserve,,0.0,26.34,6.58,3.5,,0,,0,36.0,obs,594,26.34,13.67,3.65,,26.34,13.67,3.65,,26.34,6.58,3.5,,10.949,0,S2|S3,sub_s23,S2|S3,S2|S3,S2|S3
1786339639.636,c2,search,,0.0,31.1,8.05,10.78,,0,,0,4474.0,obs,892,31.1,20.71,10.98,,31.1,20.71,10.98,,31.1,8.05,10.78,,10.949,0,S2|S3,sub_s23,S2|S3,S2|S3,S2|S3
1786339639.636,c2,recommend,,0.0,26.76,8.83,3.91,,0,,0,200.0,obs,1199,26.76,14.03,4.0,,26.76,14.03,4.0,,26.76,8.83,3.91,,10.949,0,S2|S3,sub_s23,S2|S3,S2|S3,S2|S3
1786339640.636,c1,reserve,,0.0,26.34,5.33,3.54,,0,,0,36.0,obs,600,26.34,13.67,3.65,,26.34,13.67,3.65,,26.34,5.33,3.54,,10.904,0,S2|S3,sub_s23,S2|S3,S2|S3,S2|S3
1786339640.636,c1,search,,0.0,31.1,7.39,10.79,,0,,0,4474.0,obs,892,31.1,20.71,10.98,,31.1,20.71,10.98,,31.1,7.39,10.79,,10.904,0,S2|S3,sub_s23,S2|S3,S2|S3,S2|S3
1786339640.636,c1,recommend,,0.0,26.76,8.0,3.83,,0,,0,200.0,obs,1194,26.76,14.03,4.0,,26.76,14.03,4.0,,26.76,8.0,3.83,,10.904,0,S2|S3,sub_s23,S2|S3,S2|S3,S2|S3
1786339640.636,c2,reserve,,0.0,26.34,5.33,3.54,,0,,0,36.0,obs,600,26.34,13.67,3.65,,26.34,13.67,3.65,,26.34,5.33,3.54,,10.904,0,S2|S3,sub_s23,S2|S3,S2|S3,S2|S3
1786339640.636,c2,search,,0.0,31.1,7.39,10.79,,0,,0,4474.0,obs,892,31.1,20.71,10.98,,31.1,20.71,10.98,,31.1,7.39,10.79,,10.904,0,S2|S3,sub_s23,S2|S3,S2|S3,S2|S3
1786339640.636,c2,recommend,,0.0,26.76,8.0,3.83,,0,,0,200.0,obs,1194,26.76,14.03,4.0,,26.76,14.03,4.0,,26.76,8.0,3.83,,10.904,0,S2|S3,sub_s23,S2|S3,S2|S3,S2|S3
1786339641.636,c1,reserve,,0.0,26.34,6.94,3.39,,0,,0,36.0,obs,595,26.34,13.67,3.65,,26.34,13.67,3.65,,26.34,6.94,3.39,,11.029,0,S2|S3,sub_s23,S2|S3,S2|S3,S2|S3
1786339641.636,c1,search,,0.0,31.1,8.56,10.58,,0,,0,4474.0,obs,894,31.1,20.71,10.98,,31.1,20.71,10.98,,31.1,8.56,10.58,,11.029,0,S2|S3,sub_s23,S2|S3,S2|S3,S2|S3
1786339641.636,c1,recommend,,0.0,26.76,8.31,3.91,,0,,0,200.0,obs,1200,26.76,14.03,4.0,,26.76,14.03,4.0,,26.76,8.31,3.91,,11.029,0,S2|S3,sub_s23,S2|S3,S2|S3,S2|S3
1786339641.636,c2,reserve,,0.0,26.34,6.94,3.39,,0,,0,36.0,obs,595,26.34,13.67,3.65,,26.34,13.67,3.65,,26.34,6.94,3.39,,11.029,0,S2|S3,sub_s23,S2|S3,S2|S3,S2|S3
1786339641.636,c2,search,,0.0,31.1,8.56,10.58,,0,,0,4474.0,obs,894,31.1,20.71,10.98,,31.1,20.71,10.98,,31.1,8.56,10.58,,11.029,0,S2|S3,sub_s23,S2|S3,S2|S3,S2|S3
1786339641.636,c2,recommend,,0.0,26.76,8.31,3.91,,0,,0,200.0,obs,1200,26.76,14.03,4.0,,26.76,14.03,4.0,,26.76,8.31,3.91,,11.029,0,S2|S3,sub_s23,S2|S3,S2|S3,S2|S3
1786339642.637,c1,reserve,,0.0,26.34,7.91,3.37,,0,,0,36.0,obs,601,26.34,13.67,3.65,,26.34,13.67,3.65,,26.34,7.91,3.37,,11.782,0,S2|S3,sub_s23,S2|S3,S2|S3,S2|S3
1786339642.637,c1,search,,0.0,31.1,9.14,10.66,,0,,0,4474.0,obs,893,31.1,20.71,10.98,,31.1,20.71,10.98,,31.1,9.14,10.66,,11.782,0,S2|S3,sub_s23,S2|S3,S2|S3,S2|S3
1786339642.637,c1,recommend,,0.0,26.76,9.66,4.01,,0,,0,200.0,obs,1194,26.76,14.03,4.0,,26.76,14.03,4.0,,26.76,9.66,4.01,,11.782,0,S2|S3,sub_s23,S2|S3,S2|S3,S2|S3
1786339642.637,c2,reserve,,0.0,26.34,7.91,3.37,,0,,0,36.0,obs,601,26.34,13.67,3.65,,26.34,13.67,3.65,,26.34,7.91,3.37,,11.782,0,S2|S3,sub_s23,S2|S3,S2|S3,S2|S3
1786339642.637,c2,search,,0.0,31.1,9.14,10.66,,0,,0,4474.0,obs,893,31.1,20.71,10.98,,31.1,20.71,10.98,,31.1,9.14,10.66,,11.782,0,S2|S3,sub_s23,S2|S3,S2|S3,S2|S3
1786339642.637,c2,recommend,,0.0,26.76,9.66,4.01,,0,,0,200.0,obs,1194,26.76,14.03,4.0,,26.76,14.03,4.0,,26.76,9.66,4.01,,11.782,0,S2|S3,sub_s23,S2|S3,S2|S3,S2|S3
1786339643.636,c1,reserve,,0.0,26.34,8.18,3.52,,0,,0,36.0,obs,598,26.34,13.67,3.65,,26.34,13.67,3.65,,26.34,8.18,3.52,,11.04,0,S2|S3,sub_s23,S2|S3,S2|S3,S2|S3
1786339643.636,c1,search,,0.0,31.1,8.42,10.72,,0,,0,4474.0,obs,898,31.1,20.71,10.98,,31.1,20.71,10.98,,31.1,8.42,10.72,,11.04,0,S2|S3,sub_s23,S2|S3,S2|S3,S2|S3
1786339643.636,c1,recommend,,0.0,26.76,8.87,3.98,,0,,0,200.0,obs,1196,26.76,14.03,4.0,,26.76,14.03,4.0,,26.76,8.87,3.98,,11.04,0,S2|S3,sub_s23,S2|S3,S2|S3,S2|S3
1786339643.636,c2,reserve,,0.0,26.34,8.18,3.52,,0,,0,36.0,obs,598,26.34,13.67,3.65,,26.34,13.67,3.65,,26.34,8.18,3.52,,11.04,0,S2|S3,sub_s23,S2|S3,S2|S3,S2|S3
1786339643.636,c2,search,,0.0,31.1,8.42,10.72,,0,,0,4474.0,obs,898,31.1,20.71,10.98,,31.1,20.71,10.98,,31.1,8.42,10.72,,11.04,0,S2|S3,sub_s23,S2|S3,S2|S3,S2|S3
1786339643.636,c2,recommend,,0.0,26.76,8.87,3.98,,0,,0,200.0,obs,1196,26.76,14.03,4.0,,26.76,14.03,4.0,,26.76,8.87,3.98,,11.04,0,S2|S3,sub_s23,S2|S3,S2|S3,S2|S3
1786339644.635,c1,reserve,,0.0,26.34,7.88,3.37,,0,,0,36.0,obs,597,26.34,13.67,3.65,,26.34,13.67,3.65,,26.34,7.88,3.37,,11.004,0,S2|S3,sub_s23,S2|S3,S2|S3,S2|S3
1786339644.635,c1,search,,0.0,31.1,7.59,10.99,,0,,0,4474.0,obs,895,31.1,20.71,10.98,,31.1,20.71,10.98,,31.1,7.59,10.99,,11.004,0,S2|S3,sub_s23,S2|S3,S2|S3,S2|S3
1786339644.635,c1,recommend,,0.0,26.76,8.61,3.98,,0,,0,200.0,obs,1204,26.76,14.03,4.0,,26.76,14.03,4.0,,26.76,8.61,3.98,,11.004,0,S2|S3,sub_s23,S2|S3,S2|S3,S2|S3
1786339644.635,c2,reserve,,0.0,26.34,7.88,3.37,,0,,0,36.0,obs,597,26.34,13.67,3.65,,26.34,13.67,3.65,,26.34,7.88,3.37,,11.004,0,S2|S3,sub_s23,S2|S3,S2|S3,S2|S3
1786339644.635,c2,search,,0.0,31.1,7.59,10.99,,0,,0,4474.0,obs,895,31.1,20.71,10.98,,31.1,20.71,10.98,,31.1,7.59,10.99,,11.004,0,S2|S3,sub_s23,S2|S3,S2|S3,S2|S3
1786339644.635,c2,recommend,,0.0,26.76,8.61,3.98,,0,,0,200.0,obs,1204,26.76,14.03,4.0,,26.76,14.03,4.0,,26.76,8.61,3.98,,11.004,0,S2|S3,sub_s23,S2|S3,S2|S3,S2|S3
1786339645.636,c1,reserve,,0.0,26.34,7.86,3.4,,0,,0,36.0,obs,598,26.34,13.67,3.65,,26.34,13.67,3.65,,26.34,7.86,3.4,,11.348,0,S2|S3,sub_s23,S2|S3,S2|S3,S2|S3
1786339645.636,c1,search,,0.0,31.1,8.56,11.02,,0,,0,4474.0,obs,900,31.1,20.71,10.98,,31.1,20.71,10.98,,31.1,8.56,11.02,,11.348,0,S2|S3,sub_s23,S2|S3,S2|S3,S2|S3
1786339645.636,c1,recommend,,0.0,26.76,9.37,4.0,,0,,0,200.0,obs,1196,26.76,14.03,4.0,,26.76,14.03,4.0,,26.76,9.37,4.0,,11.348,0,S2|S3,sub_s23,S2|S3,S2|S3,S2|S3
1786339645.636,c2,reserve,,0.0,26.34,7.86,3.4,,0,,0,36.0,obs,598,26.34,13.67,3.65,,26.34,13.67,3.65,,26.34,7.86,3.4,,11.348,0,S2|S3,sub_s23,S2|S3,S2|S3,S2|S3
1786339645.636,c2,search,,0.0,31.1,8.56,11.02,,0,,0,4474.0,obs,900,31.1,20.71,10.98,,31.1,20.71,10.98,,31.1,8.56,11.02,,11.348,0,S2|S3,sub_s23,S2|S3,S2|S3,S2|S3
1786339645.636,c2,recommend,,0.0,26.76,9.37,4.0,,0,,0,200.0,obs,1196,26.76,14.03,4.0,,26.76,14.03,4.0,,26.76,9.37,4.0,,11.348,0,S2|S3,sub_s23,S2|S3,S2|S3,S2|S3
1786339646.635,c1,reserve,,0.0,26.34,7.36,3.45,,0,,0,36.0,obs,595,26.34,13.67,3.65,,26.34,13.67,3.65,,26.34,7.36,3.45,,11.289,0,S2|S3,sub_s23,S2|S3,S2|S3,S2|S3
1786339646.635,c1,search,,0.0,31.1,8.05,10.9,,0,,0,4474.0,obs,897,31.1,20.71,10.98,,31.1,20.71,10.98,,31.1,8.05,10.9,,11.289,0,S2|S3,sub_s23,S2|S3,S2|S3,S2|S3
1786339646.635,c1,recommend,,0.0,26.76,8.97,3.97,,0,,0,200.0,obs,1205,26.76,14.03,4.0,,26.76,14.03,4.0,,26.76,8.97,3.97,,11.289,0,S2|S3,sub_s23,S2|S3,S2|S3,S2|S3
1786339646.635,c2,reserve,,0.0,26.34,7.36,3.45,,0,,0,36.0,obs,595,26.34,13.67,3.65,,26.34,13.67,3.65,,26.34,7.36,3.45,,11.289,0,S2|S3,sub_s23,S2|S3,S2|S3,S2|S3
1786339646.635,c2,search,,0.0,31.1,8.05,10.9,,0,,0,4474.0,obs,897,31.1,20.71,10.98,,31.1,20.71,10.98,,31.1,8.05,10.9,,11.289,0,S2|S3,sub_s23,S2|S3,S2|S3,S2|S3
1786339646.635,c2,recommend,,0.0,26.76,8.97,3.97,,0,,0,200.0,obs,1205,26.76,14.03,4.0,,26.76,14.03,4.0,,26.76,8.97,3.97,,11.289,0,S2|S3,sub_s23,S2|S3,S2|S3,S2|S3
1786339647.636,c1,reserve,,0.0,26.34,7.02,3.29,,0,,0,36.0,obs,602,26.34,13.67,3.65,,26.34,13.67,3.65,,26.34,7.02,3.29,,11.135,0,S2|S3,sub_s23,S2|S3,S2|S3,S2|S3
1786339647.636,c1,search,,0.0,31.1,7.68,10.12,,0,,0,4474.0,obs,897,31.1,20.71,10.98,,31.1,20.71,10.98,,31.1,7.68,10.12,,11.135,0,S2|S3,sub_s23,S2|S3,S2|S3,S2|S3
1786339647.636,c1,recommend,,0.0,26.76,8.5,3.71,,0,,0,200.0,obs,1196,26.76,14.03,4.0,,26.76,14.03,4.0,,26.76,8.5,3.71,,11.135,0,S2|S3,sub_s23,S2|S3,S2|S3,S2|S3
1786339647.636,c2,reserve,,0.0,26.34,7.02,3.29,,0,,0,36.0,obs,602,26.34,13.67,3.65,,26.34,13.67,3.65,,26.34,7.02,3.29,,11.135,0,S2|S3,sub_s23,S2|S3,S2|S3,S2|S3
1786339647.636,c2,search,,0.0,31.1,7.68,10.12,,0,,0,4474.0,obs,897,31.1,20.71,10.98,,31.1,20.71,10.98,,31.1,7.68,10.12,,11.135,0,S2|S3,sub_s23,S2|S3,S2|S3,S2|S3
1786339647.636,c2,recommend,,0.0,26.76,8.5,3.71,,0,,0,200.0,obs,1196,26.76,14.03,4.0,,26.76,14.03,4.0,,26.76,8.5,3.71,,11.135,0,S2|S3,sub_s23,S2|S3,S2|S3,S2|S3
1786339648.635,c1,reserve,,0.0,26.34,7.69,3.39,,0,,0,36.0,obs,599,26.34,13.67,3.65,,26.34,13.67,3.65,,26.34,7.69,3.39,,11.052,0,S2|S3,sub_s23,S2|S3,S2|S3,S2|S3
1786339648.635,c1,search,,0.0,31.1,7.29,10.12,,0,,0,4474.0,obs,900,31.1,20.71,10.98,,31.1,20.71,10.98,,31.1,7.29,10.12,,11.052,0,S2|S3,sub_s23,S2|S3,S2|S3,S2|S3
1786339648.635,c1,recommend,,0.0,26.76,8.5,3.76,,0,,0,200.0,obs,1206,26.76,14.03,4.0,,26.76,14.03,4.0,,26.76,8.5,3.76,,11.052,0,S2|S3,sub_s23,S2|S3,S2|S3,S2|S3
1786339648.635,c2,reserve,,0.0,26.34,7.69,3.39,,0,,0,36.0,obs,599,26.34,13.67,3.65,,26.34,13.67,3.65,,26.34,7.69,3.39,,11.052,0,S2|S3,sub_s23,S2|S3,S2|S3,S2|S3
1786339648.635,c2,search,,0.0,31.1,7.29,10.12,,0,,0,4474.0,obs,900,31.1,20.71,10.98,,31.1,20.71,10.98,,31.1,7.29,10.12,,11.052,0,S2|S3,sub_s23,S2|S3,S2|S3,S2|S3
1786339648.635,c2,recommend,,0.0,26.76,8.5,3.76,,0,,0,200.0,obs,1206,26.76,14.03,4.0,,26.76,14.03,4.0,,26.76,8.5,3.76,,11.052,0,S2|S3,sub_s23,S2|S3,S2|S3,S2|S3
1786339649.637,c1,reserve,,0.0,26.34,6.23,3.6,,0,,0,36.0,obs,605,26.34,13.67,3.65,,26.34,13.67,3.65,,26.34,6.23,3.6,,11.395,0,S2|S3,sub_s23,S2|S3,S2|S3,S2|S3
1786339649.637,c1,search,,0.0,31.1,6.57,10.72,,0,,0,4474.0,obs,894,31.1,20.71,10.98,,31.1,20.71,10.98,,31.1,6.57,10.72,,11.395,0,S2|S3,sub_s23,S2|S3,S2|S3,S2|S3
1786339649.637,c1,recommend,,0.0,26.76,8.29,3.92,,0,,0,200.0,obs,1203,26.76,14.03,4.0,,26.76,14.03,4.0,,26.76,8.29,3.92,,11.395,0,S2|S3,sub_s23,S2|S3,S2|S3,S2|S3
1786339649.637,c2,reserve,,0.0,26.34,6.23,3.6,,0,,0,36.0,obs,605,26.34,13.67,3.65,,26.34,13.67,3.65,,26.34,6.23,3.6,,11.395,0,S2|S3,sub_s23,S2|S3,S2|S3,S2|S3
1786339649.637,c2,search,,0.0,31.1,6.57,10.72,,0,,0,4474.0,obs,894,31.1,20.71,10.98,,31.1,20.71,10.98,,31.1,6.57,10.72,,11.395,0,S2|S3,sub_s23,S2|S3,S2|S3,S2|S3
1786339649.637,c2,recommend,,0.0,26.76,8.29,3.92,,0,,0,200.0,obs,1203,26.76,14.03,4.0,,26.76,14.03,4.0,,26.76,8.29,3.92,,11.395,0,S2|S3,sub_s23,S2|S3,S2|S3,S2|S3
1786339650.635,c1,reserve,,0.0,26.34,5.4,3.34,,0,,0,36.0,obs,596,26.34,13.67,3.65,,26.34,13.67,3.65,,26.34,5.4,3.34,,11.326,0,S2|S3,sub_s23,S2|S3,S2|S3,S2|S3
1786339650.635,c1,search,,0.0,31.1,7.92,10.52,,0,,0,4474.0,obs,903,31.1,20.71,10.98,,31.1,20.71,10.98,,31.1,7.92,10.52,,11.326,0,S2|S3,sub_s23,S2|S3,S2|S3,S2|S3
1786339650.635,c1,recommend,,0.0,26.76,8.89,3.91,,0,,0,200.0,obs,1205,26.76,14.03,4.0,,26.76,14.03,4.0,,26.76,8.89,3.91,,11.326,0,S2|S3,sub_s23,S2|S3,S2|S3,S2|S3
1786339650.635,c2,reserve,,0.0,26.34,5.4,3.34,,0,,0,36.0,obs,596,26.34,13.67,3.65,,26.34,13.67,3.65,,26.34,5.4,3.34,,11.326,0,S2|S3,sub_s23,S2|S3,S2|S3,S2|S3
1786339650.635,c2,search,,0.0,31.1,7.92,10.52,,0,,0,4474.0,obs,903,31.1,20.71,10.98,,31.1,20.71,10.98,,31.1,7.92,10.52,,11.326,0,S2|S3,sub_s23,S2|S3,S2|S3,S2|S3
1786339650.635,c2,recommend,,0.0,26.76,8.89,3.91,,0,,0,200.0,obs,1205,26.76,14.03,4.0,,26.76,14.03,4.0,,26.76,8.89,3.91,,11.326,0,S2|S3,sub_s23,S2|S3,S2|S3,S2|S3
1786339651.635,c1,reserve,,0.0,26.34,6.72,3.54,,0,,0,36.0,obs,601,26.34,13.67,3.65,,26.34,13.67,3.65,,26.34,6.72,3.54,,10.447,0,S2|S3,sub_s23,S2|S3,S2|S3,S2|S3
1786339651.635,c1,search,,0.0,31.1,9.05,10.43,,0,,0,4474.0,obs,899,31.1,20.71,10.98,,31.1,20.71,10.98,,31.1,9.05,10.43,,10.447,0,S2|S3,sub_s23,S2|S3,S2|S3,S2|S3
1786339651.635,c1,recommend,,0.0,26.76,9.13,3.84,,0,,0,200.0,obs,1206,26.76,14.03,4.0,,26.76,14.03,4.0,,26.76,9.13,3.84,,10.447,0,S2|S3,sub_s23,S2|S3,S2|S3,S2|S3
1786339651.635,c2,reserve,,0.0,26.34,6.72,3.54,,0,,0,36.0,obs,601,26.34,13.67,3.65,,26.34,13.67,3.65,,26.34,6.72,3.54,,10.447,0,S2|S3,sub_s23,S2|S3,S2|S3,S2|S3
1786339651.635,c2,search,,0.0,31.1,9.05,10.43,,0,,0,4474.0,obs,899,31.1,20.71,10.98,,31.1,20.71,10.98,,31.1,9.05,10.43,,10.447,0,S2|S3,sub_s23,S2|S3,S2|S3,S2|S3
1786339651.635,c2,recommend,,0.0,26.76,9.13,3.84,,0,,0,200.0,obs,1206,26.76,14.03,4.0,,26.76,14.03,4.0,,26.76,9.13,3.84,,10.447,0,S2|S3,sub_s23,S2|S3,S2|S3,S2|S3
1786339652.634,c1,reserve,,0.0,26.34,7.9,3.7,,0,,0,36.0,obs,603,26.34,13.67,3.65,,26.34,13.67,3.65,,26.34,7.9,3.7,,9.939,0,S2|S3,sub_s23,S2|S3,S2|S3,S2|S3
1786339652.634,c1,search,,0.0,31.1,8.06,10.59,,0,,0,4474.0,obs,902,31.1,20.71,10.98,,31.1,20.71,10.98,,31.1,8.06,10.59,,9.939,0,S2|S3,sub_s23,S2|S3,S2|S3,S2|S3
1786339652.634,c1,recommend,,0.0,26.76,9.29,3.77,,0,,0,200.0,obs,1207,26.76,14.03,4.0,,26.76,14.03,4.0,,26.76,9.29,3.77,,9.939,0,S2|S3,sub_s23,S2|S3,S2|S3,S2|S3
1786339652.634,c2,reserve,,0.0,26.34,7.9,3.7,,0,,0,36.0,obs,603,26.34,13.67,3.65,,26.34,13.67,3.65,,26.34,7.9,3.7,,9.939,0,S2|S3,sub_s23,S2|S3,S2|S3,S2|S3
1786339652.634,c2,search,,0.0,31.1,8.06,10.59,,0,,0,4474.0,obs,902,31.1,20.71,10.98,,31.1,20.71,10.98,,31.1,8.06,10.59,,9.939,0,S2|S3,sub_s23,S2|S3,S2|S3,S2|S3
1786339652.634,c2,recommend,,0.0,26.76,9.29,3.77,,0,,0,200.0,obs,1207,26.76,14.03,4.0,,26.76,14.03,4.0,,26.76,9.29,3.77,,9.939,0,S2|S3,sub_s23,S2|S3,S2|S3,S2|S3
1786339653.634,c1,reserve,,0.0,26.34,7.41,3.53,,0,,0,36.0,obs,601,26.34,13.67,3.65,,26.34,13.67,3.65,,26.34,7.41,3.53,,9.307,0,S2|S3,sub_s23,S2|S3,S2|S3,S2|S3
1786339653.634,c1,search,,0.0,31.1,7.51,10.69,,0,,0,4474.0,obs,900,31.1,20.71,10.98,,31.1,20.71,10.98,,31.1,7.51,10.69,,9.307,0,S2|S3,sub_s23,S2|S3,S2|S3,S2|S3
1786339653.634,c1,recommend,,0.0,26.76,9.08,3.95,,0,,0,200.0,obs,1208,26.76,14.03,4.0,,26.76,14.03,4.0,,26.76,9.08,3.95,,9.307,0,S2|S3,sub_s23,S2|S3,S2|S3,S2|S3
1786339653.634,c2,reserve,,0.0,26.34,7.41,3.53,,0,,0,36.0,obs,601,26.34,13.67,3.65,,26.34,13.67,3.65,,26.34,7.41,3.53,,9.307,0,S2|S3,sub_s23,S2|S3,S2|S3,S2|S3
1786339653.634,c2,search,,0.0,31.1,7.51,10.69,,0,,0,4474.0,obs,900,31.1,20.71,10.98,,31.1,20.71,10.98,,31.1,7.51,10.69,,9.307,0,S2|S3,sub_s23,S2|S3,S2|S3,S2|S3
1786339653.634,c2,recommend,,0.0,26.76,9.08,3.95,,0,,0,200.0,obs,1208,26.76,14.03,4.0,,26.76,14.03,4.0,,26.76,9.08,3.95,,9.307,0,S2|S3,sub_s23,S2|S3,S2|S3,S2|S3
1786339654.634,c1,reserve,,0.0,26.34,7.51,3.45,,0,,0,36.0,obs,606,26.34,13.67,3.65,,26.34,13.67,3.65,,26.34,7.51,3.45,,9.482,0,S2|S3,sub_s23,S2|S3,S2|S3,S2|S3
1786339654.634,c1,search,,0.0,31.1,7.63,10.45,,0,,0,4474.0,obs,899,31.1,20.71,10.98,,31.1,20.71,10.98,,31.1,7.63,10.45,,9.482,0,S2|S3,sub_s23,S2|S3,S2|S3,S2|S3
1786339654.634,c1,recommend,,0.0,26.76,8.95,3.87,,0,,0,200.0,obs,1201,26.76,14.03,4.0,,26.76,14.03,4.0,,26.76,8.95,3.87,,9.482,0,S2|S3,sub_s23,S2|S3,S2|S3,S2|S3
1786339654.634,c2,reserve,,0.0,26.34,7.51,3.45,,0,,0,36.0,obs,606,26.34,13.67,3.65,,26.34,13.67,3.65,,26.34,7.51,3.45,,9.482,0,S2|S3,sub_s23,S2|S3,S2|S3,S2|S3
1786339654.634,c2,search,,0.0,31.1,7.63,10.45,,0,,0,4474.0,obs,899,31.1,20.71,10.98,,31.1,20.71,10.98,,31.1,7.63,10.45,,9.482,0,S2|S3,sub_s23,S2|S3,S2|S3,S2|S3
1786339654.634,c2,recommend,,0.0,26.76,8.95,3.87,,0,,0,200.0,obs,1201,26.76,14.03,4.0,,26.76,14.03,4.0,,26.76,8.95,3.87,,9.482,0,S2|S3,sub_s23,S2|S3,S2|S3,S2|S3
1786339655.633,c1,reserve,,0.0,26.34,7.51,3.42,,0,,0,36.0,obs,600,26.34,13.67,3.65,,26.34,13.67,3.65,,26.34,7.51,3.42,,9.329,0,S2|S3,sub_s23,S2|S3,S2|S3,S2|S3
1786339655.633,c1,search,,0.0,31.1,7.96,10.44,,0,,0,4474.0,obs,903,31.1,20.71,10.98,,31.1,20.71,10.98,,31.1,7.96,10.44,,9.329,0,S2|S3,sub_s23,S2|S3,S2|S3,S2|S3
1786339655.633,c1,recommend,,0.0,26.76,8.44,3.84,,0,,0,200.0,obs,1208,26.76,14.03,4.0,,26.76,14.03,4.0,,26.76,8.44,3.84,,9.329,0,S2|S3,sub_s23,S2|S3,S2|S3,S2|S3
1786339655.633,c2,reserve,,0.0,26.34,7.51,3.42,,0,,0,36.0,obs,600,26.34,13.67,3.65,,26.34,13.67,3.65,,26.34,7.51,3.42,,9.329,0,S2|S3,sub_s23,S2|S3,S2|S3,S2|S3
1786339655.633,c2,search,,0.0,31.1,7.96,10.44,,0,,0,4474.0,obs,903,31.1,20.71,10.98,,31.1,20.71,10.98,,31.1,7.96,10.44,,9.329,0,S2|S3,sub_s23,S2|S3,S2|S3,S2|S3
1786339655.633,c2,recommend,,0.0,26.76,8.44,3.84,,0,,0,200.0,obs,1208,26.76,14.03,4.0,,26.76,14.03,4.0,,26.76,8.44,3.84,,9.329,0,S2|S3,sub_s23,S2|S3,S2|S3,S2|S3
1786339656.634,c1,reserve,,0.0,26.34,7.87,3.43,,0,,0,36.0,obs,606,26.34,13.67,3.65,,26.34,13.67,3.65,,26.34,7.87,3.43,,9.363,0,S2|S3,sub_s23,S2|S3,S2|S3,S2|S3
1786339656.634,c1,search,,0.0,31.1,7.94,10.57,,0,,0,4474.0,obs,899,31.1,20.71,10.98,,31.1,20.71,10.98,,31.1,7.94,10.57,,9.363,0,S2|S3,sub_s23,S2|S3,S2|S3,S2|S3
1786339656.634,c1,recommend,,0.0,26.76,8.67,3.94,,0,,0,200.0,obs,1207,26.76,14.03,4.0,,26.76,14.03,4.0,,26.76,8.67,3.94,,9.363,0,S2|S3,sub_s23,S2|S3,S2|S3,S2|S3
1786339656.634,c2,reserve,,0.0,26.34,7.87,3.43,,0,,0,36.0,obs,606,26.34,13.67,3.65,,26.34,13.67,3.65,,26.34,7.87,3.43,,9.363,0,S2|S3,sub_s23,S2|S3,S2|S3,S2|S3
1786339656.634,c2,search,,0.0,31.1,7.94,10.57,,0,,0,4474.0,obs,899,31.1,20.71,10.98,,31.1,20.71,10.98,,31.1,7.94,10.57,,9.363,0,S2|S3,sub_s23,S2|S3,S2|S3,S2|S3
1786339656.634,c2,recommend,,0.0,26.76,8.67,3.94,,0,,0,200.0,obs,1207,26.76,14.03,4.0,,26.76,14.03,4.0,,26.76,8.67,3.94,,9.363,0,S2|S3,sub_s23,S2|S3,S2|S3,S2|S3
1786339657.634,c1,reserve,,0.0,26.34,7.32,3.43,,0,,0,36.0,obs,601,26.34,13.67,3.65,,26.34,13.67,3.65,,26.34,7.32,3.43,,9.425,0,S2|S3,sub_s23,S2|S3,S2|S3,S2|S3
1786339657.634,c1,search,,0.0,31.1,4.87,10.57,,0,,0,4474.0,obs,905,31.1,20.71,10.98,,31.1,20.71,10.98,,31.1,4.87,10.57,,9.425,0,S2|S3,sub_s23,S2|S3,S2|S3,S2|S3
1786339657.634,c1,recommend,,0.0,26.76,8.26,3.78,,0,,0,200.0,obs,1213,26.76,14.03,4.0,,26.76,14.03,4.0,,26.76,8.26,3.78,,9.425,0,S2|S3,sub_s23,S2|S3,S2|S3,S2|S3
1786339657.634,c2,reserve,,0.0,26.34,7.32,3.43,,0,,0,36.0,obs,601,26.34,13.67,3.65,,26.34,13.67,3.65,,26.34,7.32,3.43,,9.425,0,S2|S3,sub_s23,S2|S3,S2|S3,S2|S3
1786339657.634,c2,search,,0.0,31.1,4.87,10.57,,0,,0,4474.0,obs,905,31.1,20.71,10.98,,31.1,20.71,10.98,,31.1,4.87,10.57,,9.425,0,S2|S3,sub_s23,S2|S3,S2|S3,S2|S3
1786339657.634,c2,recommend,,0.0,26.76,8.26,3.78,,0,,0,200.0,obs,1213,26.76,14.03,4.0,,26.76,14.03,4.0,,26.76,8.26,3.78,,9.425,0,S2|S3,sub_s23,S2|S3,S2|S3,S2|S3
1786339658.633,c1,reserve,,0.0,26.34,6.6,3.36,,0,,0,36.0,obs,605,26.34,13.67,3.65,,26.34,13.67,3.65,,26.34,6.6,3.36,,9.302,0,S2|S3,sub_s23,S2|S3,S2|S3,S2|S3
1786339658.633,c1,search,,0.0,31.1,5.12,10.4,,0,,0,4474.0,obs,900,31.1,20.71,10.98,,31.1,20.71,10.98,,31.1,5.12,10.4,,9.302,0,S2|S3,sub_s23,S2|S3,S2|S3,S2|S3
1786339658.633,c1,recommend,,0.0,26.76,7.73,3.86,,0,,0,200.0,obs,1213,26.76,14.03,4.0,,26.76,14.03,4.0,,26.76,7.73,3.86,,9.302,0,S2|S3,sub_s23,S2|S3,S2|S3,S2|S3
1786339658.633,c2,reserve,,0.0,26.34,6.6,3.36,,0,,0,36.0,obs,605,26.34,13.67,3.65,,26.34,13.67,3.65,,26.34,6.6,3.36,,9.302,0,S2|S3,sub_s23,S2|S3,S2|S3,S2|S3
1786339658.633,c2,search,,0.0,31.1,5.12,10.4,,0,,0,4474.0,obs,900,31.1,20.71,10.98,,31.1,20.71,10.98,,31.1,5.12,10.4,,9.302,0,S2|S3,sub_s23,S2|S3,S2|S3,S2|S3
1786339658.633,c2,recommend,,0.0,26.76,7.73,3.86,,0,,0,200.0,obs,1213,26.76,14.03,4.0,,26.76,14.03,4.0,,26.76,7.73,3.86,,9.302,0,S2|S3,sub_s23,S2|S3,S2|S3,S2|S3
1786339659.633,c1,reserve,,0.0,26.34,6.13,3.3,,0,,0,36.0,obs,605,26.34,13.67,3.65,,26.34,13.67,3.65,,26.34,6.13,3.3,,9.319,0,S2|S3,sub_s23,S2|S3,S2|S3,S2|S3
1786339659.633,c1,search,,0.0,31.1,5.15,10.2,,0,,0,4474.0,obs,908,31.1,20.71,10.98,,31.1,20.71,10.98,,31.1,5.15,10.2,,9.319,0,S2|S3,sub_s23,S2|S3,S2|S3,S2|S3
1786339659.633,c1,recommend,,0.0,26.76,7.52,3.94,,0,,0,200.0,obs,1207,26.76,14.03,4.0,,26.76,14.03,4.0,,26.76,7.52,3.94,,9.319,0,S2|S3,sub_s23,S2|S3,S2|S3,S2|S3
1786339659.633,c2,reserve,,0.0,26.34,6.13,3.3,,0,,0,36.0,obs,605,26.34,13.67,3.65,,26.34,13.67,3.65,,26.34,6.13,3.3,,9.319,0,S2|S3,sub_s23,S2|S3,S2|S3,S2|S3
1786339659.633,c2,search,,0.0,31.1,5.15,10.2,,0,,0,4474.0,obs,908,31.1,20.71,10.98,,31.1,20.71,10.98,,31.1,5.15,10.2,,9.319,0,S2|S3,sub_s23,S2|S3,S2|S3,S2|S3
1786339659.633,c2,recommend,,0.0,26.76,7.52,3.94,,0,,0,200.0,obs,1207,26.76,14.03,4.0,,26.76,14.03,4.0,,26.76,7.52,3.94,,9.319,0,S2|S3,sub_s23,S2|S3,S2|S3,S2|S3
1786339660.634,c1,reserve,,0.0,26.34,6.95,3.41,,0,,0,36.0,obs,606,26.34,13.67,3.65,,26.34,13.67,3.65,,26.34,6.95,3.41,,9.523,0,S2|S3,sub_s23,S2|S3,S2|S3,S2|S3
1786339660.634,c1,search,,0.0,31.1,7.62,10.56,,0,,0,4474.0,obs,904,31.1,20.71,10.98,,31.1,20.71,10.98,,31.1,7.62,10.56,,9.523,0,S2|S3,sub_s23,S2|S3,S2|S3,S2|S3
1786339660.634,c1,recommend,,0.0,26.76,8.05,3.95,,0,,0,200.0,obs,1212,26.76,14.03,4.0,,26.76,14.03,4.0,,26.76,8.05,3.95,,9.523,0,S2|S3,sub_s23,S2|S3,S2|S3,S2|S3
1786339660.634,c2,reserve,,0.0,26.34,6.95,3.41,,0,,0,36.0,obs,606,26.34,13.67,3.65,,26.34,13.67,3.65,,26.34,6.95,3.41,,9.523,0,S2|S3,sub_s23,S2|S3,S2|S3,S2|S3
1786339660.634,c2,search,,0.0,31.1,7.62,10.56,,0,,0,4474.0,obs,904,31.1,20.71,10.98,,31.1,20.71,10.98,,31.1,7.62,10.56,,9.523,0,S2|S3,sub_s23,S2|S3,S2|S3,S2|S3
1786339660.634,c2,recommend,,0.0,26.76,8.05,3.95,,0,,0,200.0,obs,1212,26.76,14.03,4.0,,26.76,14.03,4.0,,26.76,8.05,3.95,,9.523,0,S2|S3,sub_s23,S2|S3,S2|S3,S2|S3
1786339661.636,c1,reserve,,0.0,26.34,7.15,3.65,,0,,0,36.0,obs,606,26.34,13.67,3.65,,26.34,13.67,3.65,,26.34,7.15,3.65,,10.74,0,S2|S3,sub_s23,S2|S3,S2|S3,S2|S3
1786339661.636,c1,search,,0.0,31.1,9.36,10.82,,0,,0,4474.0,obs,908,31.1,20.71,10.98,,31.1,20.71,10.98,,31.1,9.36,10.82,,10.74,0,S2|S3,sub_s23,S2|S3,S2|S3,S2|S3
1786339661.636,c1,recommend,,0.0,26.76,9.07,3.98,,0,,0,200.0,obs,1208,26.76,14.03,4.0,,26.76,14.03,4.0,,26.76,9.07,3.98,,10.74,0,S2|S3,sub_s23,S2|S3,S2|S3,S2|S3
1786339661.636,c2,reserve,,0.0,26.34,7.15,3.65,,0,,0,36.0,obs,606,26.34,13.67,3.65,,26.34,13.67,3.65,,26.34,7.15,3.65,,10.74,0,S2|S3,sub_s23,S2|S3,S2|S3,S2|S3
1786339661.636,c2,search,,0.0,31.1,9.36,10.82,,0,,0,4474.0,obs,908,31.1,20.71,10.98,,31.1,20.71,10.98,,31.1,9.36,10.82,,10.74,0,S2|S3,sub_s23,S2|S3,S2|S3,S2|S3
1786339661.636,c2,recommend,,0.0,26.76,9.07,3.98,,0,,0,200.0,obs,1208,26.76,14.03,4.0,,26.76,14.03,4.0,,26.76,9.07,3.98,,10.74,0,S2|S3,sub_s23,S2|S3,S2|S3,S2|S3
1786339662.635,c1,reserve,,0.0,26.34,7.04,3.68,,0,,0,36.0,obs,603,26.34,13.67,3.65,,26.34,13.67,3.65,,26.34,7.04,3.68,,10.266,0,S2|S3,sub_s23,S2|S3,S2|S3,S2|S3
1786339662.635,c1,search,,0.0,31.1,9.24,10.53,,0,,0,4474.0,obs,904,31.1,20.71,10.98,,31.1,20.71,10.98,,31.1,9.24,10.53,,10.266,0,S2|S3,sub_s23,S2|S3,S2|S3,S2|S3
1786339662.635,c1,recommend,,0.0,26.76,9.11,3.86,,0,,0,200.0,obs,1215,26.76,14.03,4.0,,26.76,14.03,4.0,,26.76,9.11,3.86,,10.266,0,S2|S3,sub_s23,S2|S3,S2|S3,S2|S3
1786339662.635,c2,reserve,,0.0,26.34,7.04,3.68,,0,,0,36.0,obs,603,26.34,13.67,3.65,,26.34,13.67,3.65,,26.34,7.04,3.68,,10.266,0,S2|S3,sub_s23,S2|S3,S2|S3,S2|S3
1786339662.635,c2,search,,0.0,31.1,9.24,10.53,,0,,0,4474.0,obs,904,31.1,20.71,10.98,,31.1,20.71,10.98,,31.1,9.24,10.53,,10.266,0,S2|S3,sub_s23,S2|S3,S2|S3,S2|S3
1786339662.635,c2,recommend,,0.0,26.76,9.11,3.86,,0,,0,200.0,obs,1215,26.76,14.03,4.0,,26.76,14.03,4.0,,26.76,9.11,3.86,,10.266,0,S2|S3,sub_s23,S2|S3,S2|S3,S2|S3
1786339663.636,c1,reserve,,0.0,26.34,7.62,3.69,,0,,0,36.0,obs,611,26.34,13.67,3.65,,26.34,13.67,3.65,,26.34,7.62,3.69,,10.468,0,S2|S3,sub_s23,S2|S3,S2|S3,S2|S3
1786339663.636,c1,search,,0.0,31.1,8.43,10.43,,0,,0,4474.0,obs,906,31.1,20.71,10.98,,31.1,20.71,10.98,,31.1,8.43,10.43,,10.468,0,S2|S3,sub_s23,S2|S3,S2|S3,S2|S3
1786339663.636,c1,recommend,,0.0,26.76,9.09,3.8,,0,,0,200.0,obs,1211,26.76,14.03,4.0,,26.76,14.03,4.0,,26.76,9.09,3.8,,10.468,0,S2|S3,sub_s23,S2|S3,S2|S3,S2|S3
1786339663.636,c2,reserve,,0.0,26.34,7.62,3.69,,0,,0,36.0,obs,611,26.34,13.67,3.65,,26.34,13.67,3.65,,26.34,7.62,3.69,,10.468,0,S2|S3,sub_s23,S2|S3,S2|S3,S2|S3
1786339663.636,c2,search,,0.0,31.1,8.43,10.43,,0,,0,4474.0,obs,906,31.1,20.71,10.98,,31.1,20.71,10.98,,31.1,8.43,10.43,,10.468,0,S2|S3,sub_s23,S2|S3,S2|S3,S2|S3
1786339663.636,c2,recommend,,0.0,26.76,9.09,3.8,,0,,0,200.0,obs,1211,26.76,14.03,4.0,,26.76,14.03,4.0,,26.76,9.09,3.8,,10.468,0,S2|S3,sub_s23,S2|S3,S2|S3,S2|S3
1786339664.635,c1,reserve,,0.0,26.34,7.17,3.74,,0,,0,36.0,obs,606,26.34,13.67,3.65,,26.34,13.67,3.65,,26.34,7.17,3.74,,10.418,0,S2|S3,sub_s23,S2|S3,S2|S3,S2|S3
1786339664.635,c1,search,,0.0,31.1,6.91,10.72,,0,,0,4474.0,obs,912,31.1,20.71,10.98,,31.1,20.71,10.98,,31.1,6.91,10.72,,10.418,0,S2|S3,sub_s23,S2|S3,S2|S3,S2|S3
1786339664.635,c1,recommend,,0.0,26.76,8.99,3.94,,0,,0,200.0,obs,1216,26.76,14.03,4.0,,26.76,14.03,4.0,,26.76,8.99,3.94,,10.418,0,S2|S3,sub_s23,S2|S3,S2|S3,S2|S3
1786339664.635,c2,reserve,,0.0,26.34,7.17,3.74,,0,,0,36.0,obs,606,26.34,13.67,3.65,,26.34,13.67,3.65,,26.34,7.17,3.74,,10.418,0,S2|S3,sub_s23,S2|S3,S2|S3,S2|S3
1786339664.635,c2,search,,0.0,31.1,6.91,10.72,,0,,0,4474.0,obs,912,31.1,20.71,10.98,,31.1,20.71,10.98,,31.1,6.91,10.72,,10.418,0,S2|S3,sub_s23,S2|S3,S2|S3,S2|S3
1786339664.635,c2,recommend,,0.0,26.76,8.99,3.94,,0,,0,200.0,obs,1216,26.76,14.03,4.0,,26.76,14.03,4.0,,26.76,8.99,3.94,,10.418,0,S2|S3,sub_s23,S2|S3,S2|S3,S2|S3
1786339665.636,c1,reserve,,0.0,26.34,7.49,3.52,,0,,0,36.0,obs,608,26.34,13.67,3.65,,26.34,13.67,3.65,,26.34,7.49,3.52,,10.629,0,S2|S3,sub_s23,S2|S3,S2|S3,S2|S3
1786339665.636,c1,search,,0.0,31.1,8.76,10.84,,0,,0,4474.0,obs,907,31.1,20.71,10.98,,31.1,20.71,10.98,,31.1,8.76,10.84,,10.629,0,S2|S3,sub_s23,S2|S3,S2|S3,S2|S3
1786339665.636,c1,recommend,,0.0,26.76,9.45,4.06,,0,,0,200.0,obs,1214,26.76,14.03,4.0,,26.76,14.03,4.0,,26.76,9.45,4.06,,10.629,0,S2|S3,sub_s23,S2|S3,S2|S3,S2|S3
1786339665.636,c2,reserve,,0.0,26.34,7.49,3.52,,0,,0,36.0,obs,608,26.34,13.67,3.65,,26.34,13.67,3.65,,26.34,7.49,3.52,,10.629,0,S2|S3,sub_s23,S2|S3,S2|S3,S2|S3
1786339665.636,c2,search,,0.0,31.1,8.76,10.84,,0,,0,4474.0,obs,907,31.1,20.71,10.98,,31.1,20.71,10.98,,31.1,8.76,10.84,,10.629,0,S2|S3,sub_s23,S2|S3,S2|S3,S2|S3
1786339665.636,c2,recommend,,0.0,26.76,9.45,4.06,,0,,0,200.0,obs,1214,26.76,14.03,4.0,,26.76,14.03,4.0,,26.76,9.45,4.06,,10.629,0,S2|S3,sub_s23,S2|S3,S2|S3,S2|S3
1786339666.635,c1,reserve,,0.0,26.34,7.11,3.52,,0,,0,36.0,obs,605,26.34,13.67,3.65,,26.34,13.67,3.65,,26.34,7.11,3.52,,10.176,0,S2|S3,sub_s23,S2|S3,S2|S3,S2|S3
1786339666.635,c1,search,,0.0,31.1,8.16,10.75,,0,,0,4474.0,obs,913,31.1,20.71,10.98,,31.1,20.71,10.98,,31.1,8.16,10.75,,10.176,0,S2|S3,sub_s23,S2|S3,S2|S3,S2|S3
1786339666.635,c1,recommend,,0.0,26.76,8.74,3.97,,0,,0,200.0,obs,1213,26.76,14.03,4.0,,26.76,14.03,4.0,,26.76,8.74,3.97,,10.176,0,S2|S3,sub_s23,S2|S3,S2|S3,S2|S3
1786339666.635,c2,reserve,,0.0,26.34,7.11,3.52,,0,,0,36.0,obs,605,26.34,13.67,3.65,,26.34,13.67,3.65,,26.34,7.11,3.52,,10.176,0,S2|S3,sub_s23,S2|S3,S2|S3,S2|S3
1786339666.635,c2,search,,0.0,31.1,8.16,10.75,,0,,0,4474.0,obs,913,31.1,20.71,10.98,,31.1,20.71,10.98,,31.1,8.16,10.75,,10.176,0,S2|S3,sub_s23,S2|S3,S2|S3,S2|S3
1786339666.635,c2,recommend,,0.0,26.76,8.74,3.97,,0,,0,200.0,obs,1213,26.76,14.03,4.0,,26.76,14.03,4.0,,26.76,8.74,3.97,,10.176,0,S2|S3,sub_s23,S2|S3,S2|S3,S2|S3
1786339667.636,c1,reserve,,0.0,26.34,6.92,3.49,,0,,0,36.0,obs,605,26.34,13.67,3.65,,26.34,13.67,3.65,,26.34,6.92,3.49,,10.5,0,S2|S3,sub_s23,S2|S3,S2|S3,S2|S3
1786339667.636,c1,search,,0.0,31.1,7.45,10.66,,0,,0,4474.0,obs,908,31.1,20.71,10.98,,31.1,20.71,10.98,,31.1,7.45,10.66,,10.5,0,S2|S3,sub_s23,S2|S3,S2|S3,S2|S3
1786339667.636,c1,recommend,,0.0,26.76,8.06,3.93,,0,,0,200.0,obs,1217,26.76,14.03,4.0,,26.76,14.03,4.0,,26.76,8.06,3.93,,10.5,0,S2|S3,sub_s23,S2|S3,S2|S3,S2|S3
1786339667.636,c2,reserve,,0.0,26.34,6.92,3.49,,0,,0,36.0,obs,605,26.34,13.67,3.65,,26.34,13.67,3.65,,26.34,6.92,3.49,,10.5,0,S2|S3,sub_s23,S2|S3,S2|S3,S2|S3
1786339667.636,c2,search,,0.0,31.1,7.45,10.66,,0,,0,4474.0,obs,908,31.1,20.71,10.98,,31.1,20.71,10.98,,31.1,7.45,10.66,,10.5,0,S2|S3,sub_s23,S2|S3,S2|S3,S2|S3
1786339667.636,c2,recommend,,0.0,26.76,8.06,3.93,,0,,0,200.0,obs,1217,26.76,14.03,4.0,,26.76,14.03,4.0,,26.76,8.06,3.93,,10.5,0,S2|S3,sub_s23,S2|S3,S2|S3,S2|S3
1786339668.634,c1,reserve,,0.0,26.34,7.31,3.35,,0,,0,36.0,obs,607,26.34,13.67,3.65,,26.34,13.67,3.65,,26.34,7.31,3.35,,10.007,0,S2|S3,sub_s23,S2|S3,S2|S3,S2|S3
1786339668.634,c1,search,,0.0,31.1,7.56,10.79,,0,,0,4474.0,obs,912,31.1,20.71,10.98,,31.1,20.71,10.98,,31.1,7.56,10.79,,10.007,0,S2|S3,sub_s23,S2|S3,S2|S3,S2|S3
1786339668.634,c1,recommend,,0.0,26.76,9.05,3.8,,0,,0,200.0,obs,1215,26.76,14.03,4.0,,26.76,14.03,4.0,,26.76,9.05,3.8,,10.007,0,S2|S3,sub_s23,S2|S3,S2|S3,S2|S3
1786339668.634,c2,reserve,,0.0,26.34,7.31,3.35,,0,,0,36.0,obs,607,26.34,13.67,3.65,,26.34,13.67,3.65,,26.34,7.31,3.35,,10.007,0,S2|S3,sub_s23,S2|S3,S2|S3,S2|S3
1786339668.634,c2,search,,0.0,31.1,7.56,10.79,,0,,0,4474.0,obs,912,31.1,20.71,10.98,,31.1,20.71,10.98,,31.1,7.56,10.79,,10.007,0,S2|S3,sub_s23,S2|S3,S2|S3,S2|S3
1786339668.634,c2,recommend,,0.0,26.76,9.05,3.8,,0,,0,200.0,obs,1215,26.76,14.03,4.0,,26.76,14.03,4.0,,26.76,9.05,3.8,,10.007,0,S2|S3,sub_s23,S2|S3,S2|S3,S2|S3
1786339669.634,c1,reserve,,0.0,26.34,7.74,3.4,,0,,0,36.0,obs,604,26.34,13.67,3.65,,26.34,13.67,3.65,,26.34,7.74,3.4,,9.882,0,S2|S3,sub_s23,S2|S3,S2|S3,S2|S3
1786339669.634,c1,search,,0.0,31.1,7.14,10.74,,0,,0,4474.0,obs,910,31.1,20.71,10.98,,31.1,20.71,10.98,,31.1,7.14,10.74,,9.882,0,S2|S3,sub_s23,S2|S3,S2|S3,S2|S3
1786339669.634,c1,recommend,,0.0,26.76,8.82,3.91,,0,,0,200.0,obs,1218,26.76,14.03,4.0,,26.76,14.03,4.0,,26.76,8.82,3.91,,9.882,0,S2|S3,sub_s23,S2|S3,S2|S3,S2|S3
1786339669.634,c2,reserve,,0.0,26.34,7.74,3.4,,0,,0,36.0,obs,604,26.34,13.67,3.65,,26.34,13.67,3.65,,26.34,7.74,3.4,,9.882,0,S2|S3,sub_s23,S2|S3,S2|S3,S2|S3
1786339669.634,c2,search,,0.0,31.1,7.14,10.74,,0,,0,4474.0,obs,910,31.1,20.71,10.98,,31.1,20.71,10.98,,31.1,7.14,10.74,,9.882,0,S2|S3,sub_s23,S2|S3,S2|S3,S2|S3
1786339669.634,c2,recommend,,0.0,26.76,8.82,3.91,,0,,0,200.0,obs,1218,26.76,14.03,4.0,,26.76,14.03,4.0,,26.76,8.82,3.91,,9.882,0,S2|S3,sub_s23,S2|S3,S2|S3,S2|S3
1786339670.634,c1,reserve,,0.0,26.34,6.46,3.55,,0,,0,36.0,obs,613,26.34,13.67,3.65,,26.34,13.67,3.65,,26.34,6.46,3.55,,9.901,0,S2|S3,sub_s23,S2|S3,S2|S3,S2|S3
1786339670.634,c1,search,,0.0,31.1,7.68,10.7,,0,,0,4474.0,obs,911,31.1,20.71,10.98,,31.1,20.71,10.98,,31.1,7.68,10.7,,9.901,0,S2|S3,sub_s23,S2|S3,S2|S3,S2|S3
1786339670.634,c1,recommend,,0.0,26.76,8.66,3.92,,0,,0,200.0,obs,1216,26.76,14.03,4.0,,26.76,14.03,4.0,,26.76,8.66,3.92,,9.901,0,S2|S3,sub_s23,S2|S3,S2|S3,S2|S3
1786339670.634,c2,reserve,,0.0,26.34,6.46,3.55,,0,,0,36.0,obs,613,26.34,13.67,3.65,,26.34,13.67,3.65,,26.34,6.46,3.55,,9.901,0,S2|S3,sub_s23,S2|S3,S2|S3,S2|S3
1786339670.634,c2,search,,0.0,31.1,7.68,10.7,,0,,0,4474.0,obs,911,31.1,20.71,10.98,,31.1,20.71,10.98,,31.1,7.68,10.7,,9.901,0,S2|S3,sub_s23,S2|S3,S2|S3,S2|S3
1786339670.634,c2,recommend,,0.0,26.76,8.66,3.92,,0,,0,200.0,obs,1216,26.76,14.03,4.0,,26.76,14.03,4.0,,26.76,8.66,3.92,,9.901,0,S2|S3,sub_s23,S2|S3,S2|S3,S2|S3
1786339671.634,c1,reserve,,0.0,26.34,6.98,3.55,,0,,0,36.0,obs,609,26.34,13.67,3.65,,26.34,13.67,3.65,,26.34,6.98,3.55,,10.055,0,S2|S3,sub_s23,S2|S3,S2|S3,S2|S3
1786339671.634,c1,search,,0.0,31.1,8.82,10.68,,0,,0,4474.0,obs,912,31.1,20.71,10.98,,31.1,20.71,10.98,,31.1,8.82,10.68,,10.055,0,S2|S3,sub_s23,S2|S3,S2|S3,S2|S3
1786339671.634,c1,recommend,,0.0,26.76,9.07,3.82,,0,,0,200.0,obs,1223,26.76,14.03,4.0,,26.76,14.03,4.0,,26.76,9.07,3.82,,10.055,0,S2|S3,sub_s23,S2|S3,S2|S3,S2|S3
1786339671.634,c2,reserve,,0.0,26.34,6.98,3.55,,0,,0,36.0,obs,609,26.34,13.67,3.65,,26.34,13.67,3.65,,26.34,6.98,3.55,,10.055,0,S2|S3,sub_s23,S2|S3,S2|S3,S2|S3
1786339671.634,c2,search,,0.0,31.1,8.82,10.68,,0,,0,4474.0,obs,912,31.1,20.71,10.98,,31.1,20.71,10.98,,31.1,8.82,10.68,,10.055,0,S2|S3,sub_s23,S2|S3,S2|S3,S2|S3
1786339671.634,c2,recommend,,0.0,26.76,9.07,3.82,,0,,0,200.0,obs,1223,26.76,14.03,4.0,,26.76,14.03,4.0,,26.76,9.07,3.82,,10.055,0,S2|S3,sub_s23,S2|S3,S2|S3,S2|S3
1786339672.634,c1,reserve,,0.0,26.34,6.91,3.48,,0,,0,36.0,obs,609,26.34,13.67,3.65,,26.34,13.67,3.65,,26.34,6.91,3.48,,9.855,0,S2|S3,sub_s23,S2|S3,S2|S3,S2|S3
1786339672.634,c1,search,,0.0,31.1,6.74,10.6,,0,,0,4474.0,obs,911,31.1,20.71,10.98,,31.1,20.71,10.98,,31.1,6.74,10.6,,9.855,0,S2|S3,sub_s23,S2|S3,S2|S3,S2|S3
1786339672.634,c1,recommend,,0.0,26.76,8.9,3.99,,0,,0,200.0,obs,1223,26.76,14.03,4.0,,26.76,14.03,4.0,,26.76,8.9,3.99,,9.855,0,S2|S3,sub_s23,S2|S3,S2|S3,S2|S3
1786339672.634,c2,reserve,,0.0,26.34,6.91,3.48,,0,,0,36.0,obs,609,26.34,13.67,3.65,,26.34,13.67,3.65,,26.34,6.91,3.48,,9.855,0,S2|S3,sub_s23,S2|S3,S2|S3,S2|S3
1786339672.634,c2,search,,0.0,31.1,6.74,10.6,,0,,0,4474.0,obs,911,31.1,20.71,10.98,,31.1,20.71,10.98,,31.1,6.74,10.6,,9.855,0,S2|S3,sub_s23,S2|S3,S2|S3,S2|S3
1786339672.634,c2,recommend,,0.0,26.76,8.9,3.99,,0,,0,200.0,obs,1223,26.76,14.03,4.0,,26.76,14.03,4.0,,26.76,8.9,3.99,,9.855,0,S2|S3,sub_s23,S2|S3,S2|S3,S2|S3
1786339673.634,c1,reserve,,0.0,26.34,7.35,3.52,,0,,0,36.0,obs,611,26.34,13.67,3.65,,26.34,13.67,3.65,,26.34,7.35,3.52,,10.036,0,S2|S3,sub_s23,S2|S3,S2|S3,S2|S3
1786339673.634,c1,search,,0.0,31.1,6.15,10.55,,0,,0,4474.0,obs,913,31.1,20.71,10.98,,31.1,20.71,10.98,,31.1,6.15,10.55,,10.036,0,S2|S3,sub_s23,S2|S3,S2|S3,S2|S3
1786339673.634,c1,recommend,,0.0,26.76,8.52,4.0,,0,,0,200.0,obs,1220,26.76,14.03,4.0,,26.76,14.03,4.0,,26.76,8.52,4.0,,10.036,0,S2|S3,sub_s23,S2|S3,S2|S3,S2|S3
1786339673.634,c2,reserve,,0.0,26.34,7.35,3.52,,0,,0,36.0,obs,611,26.34,13.67,3.65,,26.34,13.67,3.65,,26.34,7.35,3.52,,10.036,0,S2|S3,sub_s23,S2|S3,S2|S3,S2|S3
1786339673.634,c2,search,,0.0,31.1,6.15,10.55,,0,,0,4474.0,obs,913,31.1,20.71,10.98,,31.1,20.71,10.98,,31.1,6.15,10.55,,10.036,0,S2|S3,sub_s23,S2|S3,S2|S3,S2|S3
1786339673.634,c2,recommend,,0.0,26.76,8.52,4.0,,0,,0,200.0,obs,1220,26.76,14.03,4.0,,26.76,14.03,4.0,,26.76,8.52,4.0,,10.036,0,S2|S3,sub_s23,S2|S3,S2|S3,S2|S3
1786339674.638,c1,reserve,,0.0,26.34,7.93,3.73,,0,,0,36.0,obs,609,26.34,13.67,3.65,,26.34,13.67,3.65,,26.34,7.93,3.73,,14.278,0,S2|S3,sub_s23,S2|S3,S2|S3,S2|S3
1786339674.638,c1,search,,0.0,31.1,7.74,10.55,,0,,0,4474.0,obs,912,31.1,20.71,10.98,,31.1,20.71,10.98,,31.1,7.74,10.55,,14.278,0,S2|S3,sub_s23,S2|S3,S2|S3,S2|S3
1786339674.638,c1,recommend,,0.0,26.76,8.64,3.87,,0,,0,200.0,obs,1224,26.76,14.03,4.0,,26.76,14.03,4.0,,26.76,8.64,3.87,,14.278,0,S2|S3,sub_s23,S2|S3,S2|S3,S2|S3
1786339674.638,c2,reserve,,0.0,26.34,7.93,3.73,,0,,0,36.0,obs,609,26.34,13.67,3.65,,26.34,13.67,3.65,,26.34,7.93,3.73,,14.278,0,S2|S3,sub_s23,S2|S3,S2|S3,S2|S3
1786339674.638,c2,search,,0.0,31.1,7.74,10.55,,0,,0,4474.0,obs,912,31.1,20.71,10.98,,31.1,20.71,10.98,,31.1,7.74,10.55,,14.278,0,S2|S3,sub_s23,S2|S3,S2|S3,S2|S3
1786339674.638,c2,recommend,,0.0,26.76,8.64,3.87,,0,,0,200.0,obs,1224,26.76,14.03,4.0,,26.76,14.03,4.0,,26.76,8.64,3.87,,14.278,0,S2|S3,sub_s23,S2|S3,S2|S3,S2|S3
1786339675.634,c1,reserve,,0.0,26.34,7.62,3.63,,0,,0,36.0,obs,613,26.34,13.67,3.65,,26.34,13.67,3.65,,26.34,7.62,3.63,,10.027,0,S2|S3,sub_s23,S2|S3,S2|S3,S2|S3
1786339675.634,c1,search,,0.0,31.1,8.15,10.67,,0,,0,4474.0,obs,915,31.1,20.71,10.98,,31.1,20.71,10.98,,31.1,8.15,10.67,,10.027,0,S2|S3,sub_s23,S2|S3,S2|S3,S2|S3
1786339675.634,c1,recommend,,0.0,26.76,8.75,3.77,,0,,0,200.0,obs,1220,26.76,14.03,4.0,,26.76,14.03,4.0,,26.76,8.75,3.77,,10.027,0,S2|S3,sub_s23,S2|S3,S2|S3,S2|S3
1786339675.634,c2,reserve,,0.0,26.34,7.62,3.63,,0,,0,36.0,obs,613,26.34,13.67,3.65,,26.34,13.67,3.65,,26.34,7.62,3.63,,10.027,0,S2|S3,sub_s23,S2|S3,S2|S3,S2|S3
1786339675.634,c2,search,,0.0,31.1,8.15,10.67,,0,,0,4474.0,obs,915,31.1,20.71,10.98,,31.1,20.71,10.98,,31.1,8.15,10.67,,10.027,0,S2|S3,sub_s23,S2|S3,S2|S3,S2|S3
1786339675.634,c2,recommend,,0.0,26.76,8.75,3.77,,0,,0,200.0,obs,1220,26.76,14.03,4.0,,26.76,14.03,4.0,,26.76,8.75,3.77,,10.027,0,S2|S3,sub_s23,S2|S3,S2|S3,S2|S3
1786339676.634,c1,reserve,,0.0,26.34,7.61,3.54,,0,,0,36.0,obs,609,26.34,13.67,3.65,,26.34,13.67,3.65,,26.34,7.61,3.54,,10.024,0,S2|S3,sub_s23,S2|S3,S2|S3,S2|S3
1786339676.634,c1,search,,0.0,31.1,8.48,10.83,,0,,0,4474.0,obs,914,31.1,20.71,10.98,,31.1,20.71,10.98,,31.1,8.48,10.83,,10.024,0,S2|S3,sub_s23,S2|S3,S2|S3,S2|S3
1786339676.634,c1,recommend,,0.0,26.76,8.77,3.94,,0,,0,200.0,obs,1224,26.76,14.03,4.0,,26.76,14.03,4.0,,26.76,8.77,3.94,,10.024,0,S2|S3,sub_s23,S2|S3,S2|S3,S2|S3
1786339676.634,c2,reserve,,0.0,26.34,7.61,3.54,,0,,0,36.0,obs,609,26.34,13.67,3.65,,26.34,13.67,3.65,,26.34,7.61,3.54,,10.024,0,S2|S3,sub_s23,S2|S3,S2|S3,S2|S3
1786339676.634,c2,search,,0.0,31.1,8.48,10.83,,0,,0,4474.0,obs,914,31.1,20.71,10.98,,31.1,20.71,10.98,,31.1,8.48,10.83,,10.024,0,S2|S3,sub_s23,S2|S3,S2|S3,S2|S3
1786339676.634,c2,recommend,,0.0,26.76,8.77,3.94,,0,,0,200.0,obs,1224,26.76,14.03,4.0,,26.76,14.03,4.0,,26.76,8.77,3.94,,10.024,0,S2|S3,sub_s23,S2|S3,S2|S3,S2|S3
1786339677.634,c1,reserve,,0.0,26.34,7.66,3.23,,0,,0,36.0,obs,614,26.34,13.67,3.65,,26.34,13.67,3.65,,26.34,7.66,3.23,,10.038,0,S2|S3,sub_s23,S2|S3,S2|S3,S2|S3
1786339677.634,c1,search,,0.0,31.1,8.37,10.5,,0,,0,4474.0,obs,914,31.1,20.71,10.98,,31.1,20.71,10.98,,31.1,8.37,10.5,,10.038,0,S2|S3,sub_s23,S2|S3,S2|S3,S2|S3
1786339677.634,c1,recommend,,0.0,26.76,8.48,3.98,,0,,0,200.0,obs,1225,26.76,14.03,4.0,,26.76,14.03,4.0,,26.76,8.48,3.98,,10.038,0,S2|S3,sub_s23,S2|S3,S2|S3,S2|S3
1786339677.634,c2,reserve,,0.0,26.34,7.66,3.23,,0,,0,36.0,obs,614,26.34,13.67,3.65,,26.34,13.67,3.65,,26.34,7.66,3.23,,10.038,0,S2|S3,sub_s23,S2|S3,S2|S3,S2|S3
1786339677.634,c2,search,,0.0,31.1,8.37,10.5,,0,,0,4474.0,obs,914,31.1,20.71,10.98,,31.1,20.71,10.98,,31.1,8.37,10.5,,10.038,0,S2|S3,sub_s23,S2|S3,S2|S3,S2|S3
1786339677.634,c2,recommend,,0.0,26.76,8.48,3.98,,0,,0,200.0,obs,1225,26.76,14.03,4.0,,26.76,14.03,4.0,,26.76,8.48,3.98,,10.038,0,S2|S3,sub_s23,S2|S3,S2|S3,S2|S3
1786339678.634,c1,reserve,,0.0,26.34,7.84,3.44,,0,,0,36.0,obs,610,26.34,13.67,3.65,,26.34,13.67,3.65,,26.34,7.84,3.44,,10.13,0,S2|S3,sub_s23,S2|S3,S2|S3,S2|S3
1786339678.634,c1,search,,0.0,31.1,6.85,10.43,,0,,0,4474.0,obs,917,31.1,20.71,10.98,,31.1,20.71,10.98,,31.1,6.85,10.43,,10.13,0,S2|S3,sub_s23,S2|S3,S2|S3,S2|S3
1786339678.634,c1,recommend,,0.0,26.76,9.11,3.89,,0,,0,200.0,obs,1229,26.76,14.03,4.0,,26.76,14.03,4.0,,26.76,9.11,3.89,,10.13,0,S2|S3,sub_s23,S2|S3,S2|S3,S2|S3
1786339678.634,c2,reserve,,0.0,26.34,7.84,3.44,,0,,0,36.0,obs,610,26.34,13.67,3.65,,26.34,13.67,3.65,,26.34,7.84,3.44,,10.13,0,S2|S3,sub_s23,S2|S3,S2|S3,S2|S3
1786339678.634,c2,search,,0.0,31.1,6.85,10.43,,0,,0,4474.0,obs,917,31.1,20.71,10.98,,31.1,20.71,10.98,,31.1,6.85,10.43,,10.13,0,S2|S3,sub_s23,S2|S3,S2|S3,S2|S3
1786339678.634,c2,recommend,,0.0,26.76,9.11,3.89,,0,,0,200.0,obs,1229,26.76,14.03,4.0,,26.76,14.03,4.0,,26.76,9.11,3.89,,10.13,0,S2|S3,sub_s23,S2|S3,S2|S3,S2|S3
1786339679.635,c1,reserve,,0.0,26.34,7.67,3.68,,0,,0,36.0,obs,615,26.34,13.67,3.65,,26.34,13.67,3.65,,26.34,7.67,3.68,,10.119,0,S2|S3,sub_s23,S2|S3,S2|S3,S2|S3
1786339679.635,c1,search,,0.0,31.1,6.1,10.65,,0,,0,4474.0,obs,912,31.1,20.71,10.98,,31.1,20.71,10.98,,31.1,6.1,10.65,,10.119,0,S2|S3,sub_s23,S2|S3,S2|S3,S2|S3
1786339679.635,c1,recommend,,0.0,26.76,8.8,3.93,,0,,0,200.0,obs,1225,26.76,14.03,4.0,,26.76,14.03,4.0,,26.76,8.8,3.93,,10.119,0,S2|S3,sub_s23,S2|S3,S2|S3,S2|S3
1786339679.635,c2,reserve,,0.0,26.34,7.67,3.68,,0,,0,36.0,obs,615,26.34,13.67,3.65,,26.34,13.67,3.65,,26.34,7.67,3.68,,10.119,0,S2|S3,sub_s23,S2|S3,S2|S3,S2|S3
1786339679.635,c2,search,,0.0,31.1,6.1,10.65,,0,,0,4474.0,obs,912,31.1,20.71,10.98,,31.1,20.71,10.98,,31.1,6.1,10.65,,10.119,0,S2|S3,sub_s23,S2|S3,S2|S3,S2|S3
1786339679.635,c2,recommend,,0.0,26.76,8.8,3.93,,0,,0,200.0,obs,1225,26.76,14.03,4.0,,26.76,14.03,4.0,,26.76,8.8,3.93,,10.119,0,S2|S3,sub_s23,S2|S3,S2|S3,S2|S3
1786339680.636,c1,reserve,,0.0,26.34,7.52,3.7,,0,,0,36.0,obs,614,26.34,13.67,3.65,,26.34,13.67,3.65,,26.34,7.52,3.7,,10.502,0,S2|S3,sub_s23,S2|S3,S2|S3,S2|S3
1786339680.636,c1,search,,0.0,31.1,7.19,11.0,,0,,0,4474.0,obs,919,31.1,20.71,10.98,,31.1,20.71,10.98,,31.1,7.19,11.0,,10.502,0,S2|S3,sub_s23,S2|S3,S2|S3,S2|S3
1786339680.636,c1,recommend,,0.0,26.76,8.97,3.99,,0,,0,200.0,obs,1227,26.76,14.03,4.0,,26.76,14.03,4.0,,26.76,8.97,3.99,,10.502,0,S2|S3,sub_s23,S2|S3,S2|S3,S2|S3
1786339680.636,c2,reserve,,0.0,26.34,7.52,3.7,,0,,0,36.0,obs,614,26.34,13.67,3.65,,26.34,13.67,3.65,,26.34,7.52,3.7,,10.502,0,S2|S3,sub_s23,S2|S3,S2|S3,S2|S3
1786339680.636,c2,search,,0.0,31.1,7.19,11.0,,0,,0,4474.0,obs,919,31.1,20.71,10.98,,31.1,20.71,10.98,,31.1,7.19,11.0,,10.502,0,S2|S3,sub_s23,S2|S3,S2|S3,S2|S3
1786339680.636,c2,recommend,,0.0,26.76,8.97,3.99,,0,,0,200.0,obs,1227,26.76,14.03,4.0,,26.76,14.03,4.0,,26.76,8.97,3.99,,10.502,0,S2|S3,sub_s23,S2|S3,S2|S3,S2|S3
1786339681.636,c1,reserve,,0.0,26.34,7.18,3.65,,0,,0,36.0,obs,613,26.34,13.67,3.65,,26.34,13.67,3.65,,26.34,7.18,3.65,,10.632,0,S2|S3,sub_s23,S2|S3,S2|S3,S2|S3
1786339681.636,c1,search,,0.0,31.1,8.46,10.76,,0,,0,4474.0,obs,916,31.1,20.71,10.98,,31.1,20.71,10.98,,31.1,8.46,10.76,,10.632,0,S2|S3,sub_s23,S2|S3,S2|S3,S2|S3
1786339681.636,c1,recommend,,0.0,26.76,9.45,3.93,,0,,0,200.0,obs,1229,26.76,14.03,4.0,,26.76,14.03,4.0,,26.76,9.45,3.93,,10.632,0,S2|S3,sub_s23,S2|S3,S2|S3,S2|S3
1786339681.636,c2,reserve,,0.0,26.34,7.18,3.65,,0,,0,36.0,obs,613,26.34,13.67,3.65,,26.34,13.67,3.65,,26.34,7.18,3.65,,10.632,0,S2|S3,sub_s23,S2|S3,S2|S3,S2|S3
1786339681.636,c2,search,,0.0,31.1,8.46,10.76,,0,,0,4474.0,obs,916,31.1,20.71,10.98,,31.1,20.71,10.98,,31.1,8.46,10.76,,10.632,0,S2|S3,sub_s23,S2|S3,S2|S3,S2|S3
1786339681.636,c2,recommend,,0.0,26.76,9.45,3.93,,0,,0,200.0,obs,1229,26.76,14.03,4.0,,26.76,14.03,4.0,,26.76,9.45,3.93,,10.632,0,S2|S3,sub_s23,S2|S3,S2|S3,S2|S3
1786339682.635,c1,reserve,,0.0,26.34,7.18,3.36,,0,,0,36.0,obs,615,26.34,13.67,3.65,,26.34,13.67,3.65,,26.34,7.18,3.36,,9.984,0,S2|S3,sub_s23,S2|S3,S2|S3,S2|S3
1786339682.635,c1,search,,0.0,31.1,7.85,10.75,,0,,0,4474.0,obs,920,31.1,20.71,10.98,,31.1,20.71,10.98,,31.1,7.85,10.75,,9.984,0,S2|S3,sub_s23,S2|S3,S2|S3,S2|S3
1786339682.635,c1,recommend,,0.0,26.76,9.1,3.88,,0,,0,200.0,obs,1224,26.76,14.03,4.0,,26.76,14.03,4.0,,26.76,9.1,3.88,,9.984,0,S2|S3,sub_s23,S2|S3,S2|S3,S2|S3
1786339682.635,c2,reserve,,0.0,26.34,7.18,3.36,,0,,0,36.0,obs,615,26.34,13.67,3.65,,26.34,13.67,3.65,,26.34,7.18,3.36,,9.984,0,S2|S3,sub_s23,S2|S3,S2|S3,S2|S3
1786339682.635,c2,search,,0.0,31.1,7.85,10.75,,0,,0,4474.0,obs,920,31.1,20.71,10.98,,31.1,20.71,10.98,,31.1,7.85,10.75,,9.984,0,S2|S3,sub_s23,S2|S3,S2|S3,S2|S3
1786339682.635,c2,recommend,,0.0,26.76,9.1,3.88,,0,,0,200.0,obs,1224,26.76,14.03,4.0,,26.76,14.03,4.0,,26.76,9.1,3.88,,9.984,0,S2|S3,sub_s23,S2|S3,S2|S3,S2|S3
1786339683.635,c1,reserve,,0.0,26.34,7.72,3.2,,0,,0,36.0,obs,614,26.34,13.67,3.65,,26.34,13.67,3.65,,26.34,7.72,3.2,,10.369,0,S2|S3,sub_s23,S2|S3,S2|S3,S2|S3
1786339683.635,c1,search,,0.0,31.1,7.76,10.78,,0,,0,4474.0,obs,919,31.1,20.71,10.98,,31.1,20.71,10.98,,31.1,7.76,10.78,,10.369,0,S2|S3,sub_s23,S2|S3,S2|S3,S2|S3
1786339683.635,c1,recommend,,0.0,26.76,9.12,3.88,,0,,0,200.0,obs,1229,26.76,14.03,4.0,,26.76,14.03,4.0,,26.76,9.12,3.88,,10.369,0,S2|S3,sub_s23,S2|S3,S2|S3,S2|S3
1786339683.635,c2,reserve,,0.0,26.34,7.72,3.2,,0,,0,36.0,obs,614,26.34,13.67,3.65,,26.34,13.67,3.65,,26.34,7.72,3.2,,10.369,0,S2|S3,sub_s23,S2|S3,S2|S3,S2|S3
1786339683.635,c2,search,,0.0,31.1,7.76,10.78,,0,,0,4474.0,obs,919,31.1,20.71,10.98,,31.1,20.71,10.98,,31.1,7.76,10.78,,10.369,0,S2|S3,sub_s23,S2|S3,S2|S3,S2|S3
1786339683.635,c2,recommend,,0.0,26.76,9.12,3.88,,0,,0,200.0,obs,1229,26.76,14.03,4.0,,26.76,14.03,4.0,,26.76,9.12,3.88,,10.369,0,S2|S3,sub_s23,S2|S3,S2|S3,S2|S3
1786339684.635,c1,reserve,,0.0,26.34,8.12,3.52,,0,,0,36.0,obs,617,26.34,13.67,3.65,,26.34,13.67,3.65,,26.34,8.12,3.52,,9.807,0,S2|S3,sub_s23,S2|S3,S2|S3,S2|S3
1786339684.635,c1,search,,0.0,31.1,8.94,10.43,,0,,0,4474.0,obs,918,31.1,20.71,10.98,,31.1,20.71,10.98,,31.1,8.94,10.43,,9.807,0,S2|S3,sub_s23,S2|S3,S2|S3,S2|S3
1786339684.635,c1,recommend,,0.0,26.76,9.39,3.83,,0,,0,200.0,obs,1229,26.76,14.03,4.0,,26.76,14.03,4.0,,26.76,9.39,3.83,,9.807,0,S2|S3,sub_s23,S2|S3,S2|S3,S2|S3
1786339684.635,c2,reserve,,0.0,26.34,8.12,3.52,,0,,0,36.0,obs,617,26.34,13.67,3.65,,26.34,13.67,3.65,,26.34,8.12,3.52,,9.807,0,S2|S3,sub_s23,S2|S3,S2|S3,S2|S3
1786339684.635,c2,search,,0.0,31.1,8.94,10.43,,0,,0,4474.0,obs,918,31.1,20.71,10.98,,31.1,20.71,10.98,,31.1,8.94,10.43,,9.807,0,S2|S3,sub_s23,S2|S3,S2|S3,S2|S3
1786339684.635,c2,recommend,,0.0,26.76,9.39,3.83,,0,,0,200.0,obs,1229,26.76,14.03,4.0,,26.76,14.03,4.0,,26.76,9.39,3.83,,9.807,0,S2|S3,sub_s23,S2|S3,S2|S3,S2|S3
1786339685.635,c1,reserve,,0.0,26.34,7.49,3.36,,0,,0,36.0,obs,612,26.34,13.67,3.65,,26.34,13.67,3.65,,26.34,7.49,3.36,,10.463,0,S2|S3,sub_s23,S2|S3,S2|S3,S2|S3
1786339685.635,c1,search,,0.0,31.1,8.61,10.34,,0,,0,4474.0,obs,921,31.1,20.71,10.98,,31.1,20.71,10.98,,31.1,8.61,10.34,,10.463,0,S2|S3,sub_s23,S2|S3,S2|S3,S2|S3
1786339685.635,c1,recommend,,0.0,26.76,9.06,3.79,,0,,0,200.0,obs,1232,26.76,14.03,4.0,,26.76,14.03,4.0,,26.76,9.06,3.79,,10.463,0,S2|S3,sub_s23,S2|S3,S2|S3,S2|S3
1786339685.635,c2,reserve,,0.0,26.34,7.49,3.36,,0,,0,36.0,obs,612,26.34,13.67,3.65,,26.34,13.67,3.65,,26.34,7.49,3.36,,10.463,0,S2|S3,sub_s23,S2|S3,S2|S3,S2|S3
1786339685.635,c2,search,,0.0,31.1,8.61,10.34,,0,,0,4474.0,obs,921,31.1,20.71,10.98,,31.1,20.71,10.98,,31.1,8.61,10.34,,10.463,0,S2|S3,sub_s23,S2|S3,S2|S3,S2|S3
1786339685.635,c2,recommend,,0.0,26.76,9.06,3.79,,0,,0,200.0,obs,1232,26.76,14.03,4.0,,26.76,14.03,4.0,,26.76,9.06,3.79,,10.463,0,S2|S3,sub_s23,S2|S3,S2|S3,S2|S3
1786339686.635,c1,reserve,,0.0,26.34,6.81,3.17,,0,,0,36.0,obs,617,26.34,13.67,3.65,,26.34,13.67,3.65,,26.34,6.81,3.17,,10.002,0,S2|S3,sub_s23,S2|S3,S2|S3,S2|S3
1786339686.635,c1,search,,0.0,31.1,6.93,10.07,,0,,0,4474.0,obs,919,31.1,20.71,10.98,,31.1,20.71,10.98,,31.1,6.93,10.07,,10.002,0,S2|S3,sub_s23,S2|S3,S2|S3,S2|S3
1786339686.635,c1,recommend,,0.0,26.76,8.76,3.79,,0,,0,200.0,obs,1231,26.76,14.03,4.0,,26.76,14.03,4.0,,26.76,8.76,3.79,,10.002,0,S2|S3,sub_s23,S2|S3,S2|S3,S2|S3
1786339686.635,c2,reserve,,0.0,26.34,6.81,3.17,,0,,0,36.0,obs,617,26.34,13.67,3.65,,26.34,13.67,3.65,,26.34,6.81,3.17,,10.002,0,S2|S3,sub_s23,S2|S3,S2|S3,S2|S3
1786339686.635,c2,search,,0.0,31.1,6.93,10.07,,0,,0,4474.0,obs,919,31.1,20.71,10.98,,31.1,20.71,10.98,,31.1,6.93,10.07,,10.002,0,S2|S3,sub_s23,S2|S3,S2|S3,S2|S3
1786339686.635,c2,recommend,,0.0,26.76,8.76,3.79,,0,,0,200.0,obs,1231,26.76,14.03,4.0,,26.76,14.03,4.0,,26.76,8.76,3.79,,10.002,0,S2|S3,sub_s23,S2|S3,S2|S3,S2|S3
1786339687.635,c1,reserve,,0.0,26.34,6.2,3.34,,0,,0,36.0,obs,617,26.34,13.67,3.65,,26.34,13.67,3.65,,26.34,6.2,3.34,,10.142,0,S2|S3,sub_s23,S2|S3,S2|S3,S2|S3
1786339687.635,c1,search,,0.0,31.1,6.61,9.9,,0,,0,4474.0,obs,923,31.1,20.71,10.98,,31.1,20.71,10.98,,31.1,6.61,9.9,,10.142,0,S2|S3,sub_s23,S2|S3,S2|S3,S2|S3
1786339687.635,c1,recommend,,0.0,26.76,8.3,3.71,,0,,0,200.0,obs,1233,26.76,14.03,4.0,,26.76,14.03,4.0,,26.76,8.3,3.71,,10.142,0,S2|S3,sub_s23,S2|S3,S2|S3,S2|S3
1786339687.635,c2,reserve,,0.0,26.34,6.2,3.34,,0,,0,36.0,obs,617,26.34,13.67,3.65,,26.34,13.67,3.65,,26.34,6.2,3.34,,10.142,0,S2|S3,sub_s23,S2|S3,S2|S3,S2|S3
1786339687.635,c2,search,,0.0,31.1,6.61,9.9,,0,,0,4474.0,obs,923,31.1,20.71,10.98,,31.1,20.71,10.98,,31.1,6.61,9.9,,10.142,0,S2|S3,sub_s23,S2|S3,S2|S3,S2|S3
1786339687.635,c2,recommend,,0.0,26.76,8.3,3.71,,0,,0,200.0,obs,1233,26.76,14.03,4.0,,26.76,14.03,4.0,,26.76,8.3,3.71,,10.142,0,S2|S3,sub_s23,S2|S3,S2|S3,S2|S3
1786339688.635,c1,reserve,,0.0,26.34,6.57,2.87,,0,,0,36.0,obs,617,26.34,13.67,3.65,,26.34,13.67,3.65,,26.34,6.57,2.87,,9.857,0,S2|S3,sub_s23,S2|S3,S2|S3,S2|S3
1786339688.635,c1,search,,0.0,31.1,7.07,9.46,,0,,0,4474.0,obs,921,31.1,20.71,10.98,,31.1,20.71,10.98,,31.1,7.07,9.46,,9.857,0,S2|S3,sub_s23,S2|S3,S2|S3,S2|S3
1786339688.635,c1,recommend,,0.0,26.76,8.58,3.61,,0,,0,200.0,obs,1235,26.76,14.03,4.0,,26.76,14.03,4.0,,26.76,8.58,3.61,,9.857,0,S2|S3,sub_s23,S2|S3,S2|S3,S2|S3
1786339688.635,c2,reserve,,0.0,26.34,6.57,2.87,,0,,0,36.0,obs,617,26.34,13.67,3.65,,26.34,13.67,3.65,,26.34,6.57,2.87,,9.857,0,S2|S3,sub_s23,S2|S3,S2|S3,S2|S3
1786339688.635,c2,search,,0.0,31.1,7.07,9.46,,0,,0,4474.0,obs,921,31.1,20.71,10.98,,31.1,20.71,10.98,,31.1,7.07,9.46,,9.857,0,S2|S3,sub_s23,S2|S3,S2|S3,S2|S3
1786339688.635,c2,recommend,,0.0,26.76,8.58,3.61,,0,,0,200.0,obs,1235,26.76,14.03,4.0,,26.76,14.03,4.0,,26.76,8.58,3.61,,9.857,0,S2|S3,sub_s23,S2|S3,S2|S3,S2|S3
1786339689.635,c1,reserve,,0.0,26.34,5.54,2.64,,0,,0,36.0,obs,615,26.34,13.67,3.65,,26.34,13.67,3.65,,26.34,5.54,2.64,,10.342,0,S2|S3,sub_s23,S2|S3,S2|S3,S2|S3
1786339689.635,c1,search,,0.0,31.1,3.96,9.03,,0,,0,4474.0,obs,921,31.1,20.71,10.98,,31.1,20.71,10.98,,31.1,3.96,9.03,,10.342,0,S2|S3,sub_s23,S2|S3,S2|S3,S2|S3
1786339689.635,c1,recommend,,0.0,26.76,8.27,3.32,,0,,0,200.0,obs,1229,26.76,14.03,4.0,,26.76,14.03,4.0,,26.76,8.27,3.32,,10.342,0,S2|S3,sub_s23,S2|S3,S2|S3,S2|S3
1786339689.635,c2,reserve,,0.0,26.34,5.54,2.64,,0,,0,36.0,obs,615,26.34,13.67,3.65,,26.34,13.67,3.65,,26.34,5.54,2.64,,10.342,0,S2|S3,sub_s23,S2|S3,S2|S3,S2|S3
1786339689.635,c2,search,,0.0,31.1,3.96,9.03,,0,,0,4474.0,obs,921,31.1,20.71,10.98,,31.1,20.71,10.98,,31.1,3.96,9.03,,10.342,0,S2|S3,sub_s23,S2|S3,S2|S3,S2|S3
1786339689.635,c2,recommend,,0.0,26.76,8.27,3.32,,0,,0,200.0,obs,1229,26.76,14.03,4.0,,26.76,14.03,4.0,,26.76,8.27,3.32,,10.342,0,S2|S3,sub_s23,S2|S3,S2|S3,S2|S3
1786339690.635,c1,reserve,,0.0,26.34,4.9,2.98,,0,,0,36.0,obs,616,26.34,13.67,3.65,,26.34,13.67,3.65,,26.34,4.9,2.98,,10.04,0,S2|S3,sub_s23,S2|S3,S2|S3,S2|S3
1786339690.635,c1,search,,0.0,31.1,2.68,9.39,,0,,0,4474.0,obs,920,31.1,20.71,10.98,,31.1,20.71,10.98,,31.1,2.68,9.39,,10.04,0,S2|S3,sub_s23,S2|S3,S2|S3,S2|S3
1786339690.635,c1,recommend,,0.0,26.76,7.53,3.51,,0,,0,200.0,obs,1231,26.76,14.03,4.0,,26.76,14.03,4.0,,26.76,7.53,3.51,,10.04,0,S2|S3,sub_s23,S2|S3,S2|S3,S2|S3
1786339690.635,c2,reserve,,0.0,26.34,4.9,2.98,,0,,0,36.0,obs,616,26.34,13.67,3.65,,26.34,13.67,3.65,,26.34,4.9,2.98,,10.04,0,S2|S3,sub_s23,S2|S3,S2|S3,S2|S3
1786339690.635,c2,search,,0.0,31.1,2.68,9.39,,0,,0,4474.0,obs,920,31.1,20.71,10.98,,31.1,20.71,10.98,,31.1,2.68,9.39,,10.04,0,S2|S3,sub_s23,S2|S3,S2|S3,S2|S3
1786339690.635,c2,recommend,,0.0,26.76,7.53,3.51,,0,,0,200.0,obs,1231,26.76,14.03,4.0,,26.76,14.03,4.0,,26.76,7.53,3.51,,10.04,0,S2|S3,sub_s23,S2|S3,S2|S3,S2|S3
1786339691.634,c1,reserve,,0.0,26.34,7.21,3.59,,0,,0,36.0,obs,588,26.34,13.67,3.65,,26.34,13.67,3.65,,26.34,7.21,3.59,,9.105,0,S2|S3,sub_s23,S2|S3,S2|S3,S2|S3
1786339691.634,c1,search,,0.0,31.1,8.32,10.66,,0,,0,4474.0,obs,875,31.1,20.71,10.98,,31.1,20.71,10.98,,31.1,8.32,10.66,,9.105,0,S2|S3,sub_s23,S2|S3,S2|S3,S2|S3
1786339691.634,c1,recommend,,0.0,26.76,8.45,3.86,,0,,0,200.0,obs,1170,26.76,14.03,4.0,,26.76,14.03,4.0,,26.76,8.45,3.86,,9.105,0,S2|S3,sub_s23,S2|S3,S2|S3,S2|S3
1786339691.634,c2,reserve,,0.0,26.34,7.21,3.59,,0,,0,36.0,obs,588,26.34,13.67,3.65,,26.34,13.67,3.65,,26.34,7.21,3.59,,9.105,0,S2|S3,sub_s23,S2|S3,S2|S3,S2|S3
1786339691.634,c2,search,,0.0,31.1,8.32,10.66,,0,,0,4474.0,obs,875,31.1,20.71,10.98,,31.1,20.71,10.98,,31.1,8.32,10.66,,9.105,0,S2|S3,sub_s23,S2|S3,S2|S3,S2|S3
1786339691.634,c2,recommend,,0.0,26.76,8.45,3.86,,0,,0,200.0,obs,1170,26.76,14.03,4.0,,26.76,14.03,4.0,,26.76,8.45,3.86,,9.105,0,S2|S3,sub_s23,S2|S3,S2|S3,S2|S3
1786339692.635,c1,reserve,,0.0,26.34,7.45,3.6,,0,,0,36.0,obs,585,26.34,13.67,3.65,,26.34,13.67,3.65,,26.34,7.45,3.6,,10.039,0,S2|S3,sub_s23,S2|S3,S2|S3,S2|S3
1786339692.635,c1,search,,0.0,31.1,8.09,10.84,,0,,0,4474.0,obs,877,31.1,20.71,10.98,,31.1,20.71,10.98,,31.1,8.09,10.84,,10.039,0,S2|S3,sub_s23,S2|S3,S2|S3,S2|S3
1786339692.635,c1,recommend,,0.0,26.76,9.41,3.97,,0,,0,200.0,obs,1174,26.76,14.03,4.0,,26.76,14.03,4.0,,26.76,9.41,3.97,,10.039,0,S2|S3,sub_s23,S2|S3,S2|S3,S2|S3
1786339692.635,c2,reserve,,0.0,26.34,7.45,3.6,,0,,0,36.0,obs,585,26.34,13.67,3.65,,26.34,13.67,3.65,,26.34,7.45,3.6,,10.039,0,S2|S3,sub_s23,S2|S3,S2|S3,S2|S3
1786339692.635,c2,search,,0.0,31.1,8.09,10.84,,0,,0,4474.0,obs,877,31.1,20.71,10.98,,31.1,20.71,10.98,,31.1,8.09,10.84,,10.039,0,S2|S3,sub_s23,S2|S3,S2|S3,S2|S3
1786339692.635,c2,recommend,,0.0,26.76,9.41,3.97,,0,,0,200.0,obs,1174,26.76,14.03,4.0,,26.76,14.03,4.0,,26.76,9.41,3.97,,10.039,0,S2|S3,sub_s23,S2|S3,S2|S3,S2|S3
1786339693.635,c1,reserve,,0.0,26.34,7.75,3.62,,0,,0,36.0,obs,589,26.34,13.67,3.65,,26.34,13.67,3.65,,26.34,7.75,3.62,,10.443,0,S2|S3,sub_s23,S2|S3,S2|S3,S2|S3
1786339693.635,c1,search,,0.0,31.1,7.68,10.87,,0,,0,4474.0,obs,873,31.1,20.71,10.98,,31.1,20.71,10.98,,31.1,7.68,10.87,,10.443,0,S2|S3,sub_s23,S2|S3,S2|S3,S2|S3
1786339693.635,c1,recommend,,0.0,26.76,9.48,3.97,,0,,0,200.0,obs,1177,26.76,14.03,4.0,,26.76,14.03,4.0,,26.76,9.48,3.97,,10.443,0,S2|S3,sub_s23,S2|S3,S2|S3,S2|S3
1786339693.635,c2,reserve,,0.0,26.34,7.75,3.62,,0,,0,36.0,obs,589,26.34,13.67,3.65,,26.34,13.67,3.65,,26.34,7.75,3.62,,10.443,0,S2|S3,sub_s23,S2|S3,S2|S3,S2|S3
1786339693.635,c2,search,,0.0,31.1,7.68,10.87,,0,,0,4474.0,obs,873,31.1,20.71,10.98,,31.1,20.71,10.98,,31.1,7.68,10.87,,10.443,0,S2|S3,sub_s23,S2|S3,S2|S3,S2|S3
1786339693.635,c2,recommend,,0.0,26.76,9.48,3.97,,0,,0,200.0,obs,1177,26.76,14.03,4.0,,26.76,14.03,4.0,,26.76,9.48,3.97,,10.443,0,S2|S3,sub_s23,S2|S3,S2|S3,S2|S3
1786339694.635,c1,reserve,,0.0,26.34,6.77,3.65,,0,,0,36.0,obs,587,26.34,13.67,3.65,,26.34,13.67,3.65,,26.34,6.77,3.65,,10.175,0,S2|S3,sub_s23,S2|S3,S2|S3,S2|S3
1786339694.635,c1,search,,0.0,31.1,8.12,10.84,,0,,0,4474.0,obs,877,31.1,20.71,10.98,,31.1,20.71,10.98,,31.1,8.12,10.84,,10.175,0,S2|S3,sub_s23,S2|S3,S2|S3,S2|S3
1786339694.635,c1,recommend,,0.0,26.76,9.71,3.92,,0,,0,200.0,obs,1167,26.76,14.03,4.0,,26.76,14.03,4.0,,26.76,9.71,3.92,,10.175,0,S2|S3,sub_s23,S2|S3,S2|S3,S2|S3
1786339694.635,c2,reserve,,0.0,26.34,6.77,3.65,,0,,0,36.0,obs,587,26.34,13.67,3.65,,26.34,13.67,3.65,,26.34,6.77,3.65,,10.175,0,S2|S3,sub_s23,S2|S3,S2|S3,S2|S3
1786339694.635,c2,search,,0.0,31.1,8.12,10.84,,0,,0,4474.0,obs,877,31.1,20.71,10.98,,31.1,20.71,10.98,,31.1,8.12,10.84,,10.175,0,S2|S3,sub_s23,S2|S3,S2|S3,S2|S3
1786339694.635,c2,recommend,,0.0,26.76,9.71,3.92,,0,,0,200.0,obs,1167,26.76,14.03,4.0,,26.76,14.03,4.0,,26.76,9.71,3.92,,10.175,0,S2|S3,sub_s23,S2|S3,S2|S3,S2|S3
1786339695.635,c1,reserve,,0.0,26.34,6.11,3.61,,0,,0,36.0,obs,584,26.34,13.67,3.65,,26.34,13.67,3.65,,26.34,6.11,3.61,,9.996,0,S2|S3,sub_s23,S2|S3,S2|S3,S2|S3
1786339695.635,c1,search,,0.0,31.1,8.61,10.7,,0,,0,4474.0,obs,872,31.1,20.71,10.98,,31.1,20.71,10.98,,31.1,8.61,10.7,,9.996,0,S2|S3,sub_s23,S2|S3,S2|S3,S2|S3
1786339695.635,c1,recommend,,0.0,26.76,9.72,3.95,,0,,0,200.0,obs,1175,26.76,14.03,4.0,,26.76,14.03,4.0,,26.76,9.72,3.95,,9.996,0,S2|S3,sub_s23,S2|S3,S2|S3,S2|S3
1786339695.635,c2,reserve,,0.0,26.34,6.11,3.61,,0,,0,36.0,obs,584,26.34,13.67,3.65,,26.34,13.67,3.65,,26.34,6.11,3.61,,9.996,0,S2|S3,sub_s23,S2|S3,S2|S3,S2|S3
1786339695.635,c2,search,,0.0,31.1,8.61,10.7,,0,,0,4474.0,obs,872,31.1,20.71,10.98,,31.1,20.71,10.98,,31.1,8.61,10.7,,9.996,0,S2|S3,sub_s23,S2|S3,S2|S3,S2|S3
1786339695.635,c2,recommend,,0.0,26.76,9.72,3.95,,0,,0,200.0,obs,1175,26.76,14.03,4.0,,26.76,14.03,4.0,,26.76,9.72,3.95,,9.996,0,S2|S3,sub_s23,S2|S3,S2|S3,S2|S3
1786339696.636,c1,reserve,,0.0,26.34,6.72,3.49,,0,,0,36.0,obs,589,26.34,13.67,3.65,,26.34,13.67,3.65,,26.34,6.72,3.49,,10.689,0,S2|S3,sub_s23,S2|S3,S2|S3,S2|S3
1786339696.636,c1,search,,0.0,31.1,8.16,10.61,,0,,0,4474.0,obs,877,31.1,20.71,10.98,,31.1,20.71,10.98,,31.1,8.16,10.61,,10.689,0,S2|S3,sub_s23,S2|S3,S2|S3,S2|S3
1786339696.636,c1,recommend,,0.0,26.76,9.24,3.89,,0,,0,200.0,obs,1170,26.76,14.03,4.0,,26.76,14.03,4.0,,26.76,9.24,3.89,,10.689,0,S2|S3,sub_s23,S2|S3,S2|S3,S2|S3
1786339696.636,c2,reserve,,0.0,26.34,6.72,3.49,,0,,0,36.0,obs,589,26.34,13.67,3.65,,26.34,13.67,3.65,,26.34,6.72,3.49,,10.689,0,S2|S3,sub_s23,S2|S3,S2|S3,S2|S3
1786339696.636,c2,search,,0.0,31.1,8.16,10.61,,0,,0,4474.0,obs,877,31.1,20.71,10.98,,31.1,20.71,10.98,,31.1,8.16,10.61,,10.689,0,S2|S3,sub_s23,S2|S3,S2|S3,S2|S3
1786339696.636,c2,recommend,,0.0,26.76,9.24,3.89,,0,,0,200.0,obs,1170,26.76,14.03,4.0,,26.76,14.03,4.0,,26.76,9.24,3.89,,10.689,0,S2|S3,sub_s23,S2|S3,S2|S3,S2|S3
1786339697.635,c1,reserve,,0.0,26.34,7.28,3.49,,0,,0,36.0,obs,584,26.34,13.67,3.65,,26.34,13.67,3.65,,26.34,7.28,3.49,,10.046,0,S2|S3,sub_s23,S2|S3,S2|S3,S2|S3
1786339697.635,c1,search,,0.0,31.1,7.63,10.66,,0,,0,4474.0,obs,876,31.1,20.71,10.98,,31.1,20.71,10.98,,31.1,7.63,10.66,,10.046,0,S2|S3,sub_s23,S2|S3,S2|S3,S2|S3
1786339697.635,c1,recommend,,0.0,26.76,8.82,3.89,,0,,0,200.0,obs,1177,26.76,14.03,4.0,,26.76,14.03,4.0,,26.76,8.82,3.89,,10.046,0,S2|S3,sub_s23,S2|S3,S2|S3,S2|S3
1786339697.635,c2,reserve,,0.0,26.34,7.28,3.49,,0,,0,36.0,obs,584,26.34,13.67,3.65,,26.34,13.67,3.65,,26.34,7.28,3.49,,10.046,0,S2|S3,sub_s23,S2|S3,S2|S3,S2|S3
1786339697.635,c2,search,,0.0,31.1,7.63,10.66,,0,,0,4474.0,obs,876,31.1,20.71,10.98,,31.1,20.71,10.98,,31.1,7.63,10.66,,10.046,0,S2|S3,sub_s23,S2|S3,S2|S3,S2|S3
1786339697.635,c2,recommend,,0.0,26.76,8.82,3.89,,0,,0,200.0,obs,1177,26.76,14.03,4.0,,26.76,14.03,4.0,,26.76,8.82,3.89,,10.046,0,S2|S3,sub_s23,S2|S3,S2|S3,S2|S3
1786339698.636,c1,reserve,,0.0,26.34,6.59,3.66,,0,,0,36.0,obs,590,26.34,13.67,3.65,,26.34,13.67,3.65,,26.34,6.59,3.66,,10.479,0,S2|S3,sub_s23,S2|S3,S2|S3,S2|S3
1786339698.636,c1,search,,0.0,31.1,7.78,10.79,,0,,0,4474.0,obs,878,31.1,20.71,10.98,,31.1,20.71,10.98,,31.1,7.78,10.79,,10.479,0,S2|S3,sub_s23,S2|S3,S2|S3,S2|S3
1786339698.636,c1,recommend,,0.0,26.76,9.26,3.93,,0,,0,200.0,obs,1175,26.76,14.03,4.0,,26.76,14.03,4.0,,26.76,9.26,3.93,,10.479,0,S2|S3,sub_s23,S2|S3,S2|S3,S2|S3
1786339698.636,c2,reserve,,0.0,26.34,6.59,3.66,,0,,0,36.0,obs,590,26.34,13.67,3.65,,26.34,13.67,3.65,,26.34,6.59,3.66,,10.479,0,S2|S3,sub_s23,S2|S3,S2|S3,S2|S3
1786339698.636,c2,search,,0.0,31.1,7.78,10.79,,0,,0,4474.0,obs,878,31.1,20.71,10.98,,31.1,20.71,10.98,,31.1,7.78,10.79,,10.479,0,S2|S3,sub_s23,S2|S3,S2|S3,S2|S3
1786339698.636,c2,recommend,,0.0,26.76,9.26,3.93,,0,,0,200.0,obs,1175,26.76,14.03,4.0,,26.76,14.03,4.0,,26.76,9.26,3.93,,10.479,0,S2|S3,sub_s23,S2|S3,S2|S3,S2|S3
1786339699.635,c1,reserve,,0.0,26.34,6.31,3.71,,0,,0,36.0,obs,585,26.34,13.67,3.65,,26.34,13.67,3.65,,26.34,6.31,3.71,,10.314,0,S2|S3,sub_s23,S2|S3,S2|S3,S2|S3
1786339699.635,c1,search,,0.0,31.1,6.66,10.64,,0,,0,4474.0,obs,880,31.1,20.71,10.98,,31.1,20.71,10.98,,31.1,6.66,10.64,,10.314,0,S2|S3,sub_s23,S2|S3,S2|S3,S2|S3
1786339699.635,c1,recommend,,0.0,26.76,8.99,3.86,,0,,0,200.0,obs,1179,26.76,14.03,4.0,,26.76,14.03,4.0,,26.76,8.99,3.86,,10.314,0,S2|S3,sub_s23,S2|S3,S2|S3,S2|S3
1786339699.635,c2,reserve,,0.0,26.34,6.31,3.71,,0,,0,36.0,obs,585,26.34,13.67,3.65,,26.34,13.67,3.65,,26.34,6.31,3.71,,10.314,0,S2|S3,sub_s23,S2|S3,S2|S3,S2|S3
1786339699.635,c2,search,,0.0,31.1,6.66,10.64,,0,,0,4474.0,obs,880,31.1,20.71,10.98,,31.1,20.71,10.98,,31.1,6.66,10.64,,10.314,0,S2|S3,sub_s23,S2|S3,S2|S3,S2|S3
1786339699.635,c2,recommend,,0.0,26.76,8.99,3.86,,0,,0,200.0,obs,1179,26.76,14.03,4.0,,26.76,14.03,4.0,,26.76,8.99,3.86,,10.314,0,S2|S3,sub_s23,S2|S3,S2|S3,S2|S3
1786339700.635,c1,reserve,,0.0,26.34,6.89,3.67,,0,,0,36.0,obs,590,26.34,13.67,3.65,,26.34,13.67,3.65,,26.34,6.89,3.67,,9.873,0,S2|S3,sub_s23,S2|S3,S2|S3,S2|S3
1786339700.635,c1,search,,0.0,31.1,6.78,10.7,,0,,0,4474.0,obs,879,31.1,20.71,10.98,,31.1,20.71,10.98,,31.1,6.78,10.7,,9.873,0,S2|S3,sub_s23,S2|S3,S2|S3,S2|S3
1786339700.635,c1,recommend,,0.0,26.76,8.48,3.84,,0,,0,200.0,obs,1177,26.76,14.03,4.0,,26.76,14.03,4.0,,26.76,8.48,3.84,,9.873,0,S2|S3,sub_s23,S2|S3,S2|S3,S2|S3
1786339700.635,c2,reserve,,0.0,26.34,6.89,3.67,,0,,0,36.0,obs,590,26.34,13.67,3.65,,26.34,13.67,3.65,,26.34,6.89,3.67,,9.873,0,S2|S3,sub_s23,S2|S3,S2|S3,S2|S3
1786339700.635,c2,search,,0.0,31.1,6.78,10.7,,0,,0,4474.0,obs,879,31.1,20.71,10.98,,31.1,20.71,10.98,,31.1,6.78,10.7,,9.873,0,S2|S3,sub_s23,S2|S3,S2|S3,S2|S3
1786339700.635,c2,recommend,,0.0,26.76,8.48,3.84,,0,,0,200.0,obs,1177,26.76,14.03,4.0,,26.76,14.03,4.0,,26.76,8.48,3.84,,9.873,0,S2|S3,sub_s23,S2|S3,S2|S3,S2|S3
1786339701.636,c1,reserve,,0.0,26.34,7.71,3.61,,0,,0,36.0,obs,588,26.34,13.67,3.65,,26.34,13.67,3.65,,26.34,7.71,3.61,,10.622,0,S2|S3,sub_s23,S2|S3,S2|S3,S2|S3
1786339701.636,c1,search,,0.0,31.1,8.47,10.89,,0,,0,4474.0,obs,884,31.1,20.71,10.98,,31.1,20.71,10.98,,31.1,8.47,10.89,,10.622,0,S2|S3,sub_s23,S2|S3,S2|S3,S2|S3
1786339701.636,c1,recommend,,0.0,26.76,9.14,3.94,,0,,0,200.0,obs,1177,26.76,14.03,4.0,,26.76,14.03,4.0,,26.76,9.14,3.94,,10.622,0,S2|S3,sub_s23,S2|S3,S2|S3,S2|S3
1786339701.636,c2,reserve,,0.0,26.34,7.71,3.61,,0,,0,36.0,obs,588,26.34,13.67,3.65,,26.34,13.67,3.65,,26.34,7.71,3.61,,10.622,0,S2|S3,sub_s23,S2|S3,S2|S3,S2|S3
1786339701.636,c2,search,,0.0,31.1,8.47,10.89,,0,,0,4474.0,obs,884,31.1,20.71,10.98,,31.1,20.71,10.98,,31.1,8.47,10.89,,10.622,0,S2|S3,sub_s23,S2|S3,S2|S3,S2|S3
1786339701.636,c2,recommend,,0.0,26.76,9.14,3.94,,0,,0,200.0,obs,1177,26.76,14.03,4.0,,26.76,14.03,4.0,,26.76,9.14,3.94,,10.622,0,S2|S3,sub_s23,S2|S3,S2|S3,S2|S3
1786339702.635,c1,reserve,,0.0,26.34,7.83,3.73,,0,,0,36.0,obs,586,26.34,13.67,3.65,,26.34,13.67,3.65,,26.34,7.83,3.73,,10.371,0,S2|S3,sub_s23,S2|S3,S2|S3,S2|S3
1786339702.635,c1,search,,0.0,31.1,7.81,10.94,,0,,0,4474.0,obs,880,31.1,20.71,10.98,,31.1,20.71,10.98,,31.1,7.81,10.94,,10.371,0,S2|S3,sub_s23,S2|S3,S2|S3,S2|S3
1786339702.635,c1,recommend,,0.0,26.76,8.85,3.98,,0,,0,200.0,obs,1181,26.76,14.03,4.0,,26.76,14.03,4.0,,26.76,8.85,3.98,,10.371,0,S2|S3,sub_s23,S2|S3,S2|S3,S2|S3
1786339702.635,c2,reserve,,0.0,26.34,7.83,3.73,,0,,0,36.0,obs,586,26.34,13.67,3.65,,26.34,13.67,3.65,,26.34,7.83,3.73,,10.371,0,S2|S3,sub_s23,S2|S3,S2|S3,S2|S3
1786339702.635,c2,search,,0.0,31.1,7.81,10.94,,0,,0,4474.0,obs,880,31.1,20.71,10.98,,31.1,20.71,10.98,,31.1,7.81,10.94,,10.371,0,S2|S3,sub_s23,S2|S3,S2|S3,S2|S3
1786339702.635,c2,recommend,,0.0,26.76,8.85,3.98,,0,,0,200.0,obs,1181,26.76,14.03,4.0,,26.76,14.03,4.0,,26.76,8.85,3.98,,10.371,0,S2|S3,sub_s23,S2|S3,S2|S3,S2|S3
1786339703.635,c1,reserve,,0.0,26.34,7.43,3.48,,0,,0,36.0,obs,594,26.34,13.67,3.65,,26.34,13.67,3.65,,26.34,7.43,3.48,,10.246,0,S2|S3,sub_s23,S2|S3,S2|S3,S2|S3
1786339703.635,c1,search,,0.0,31.1,7.8,10.82,,0,,0,4474.0,obs,883,31.1,20.71,10.98,,31.1,20.71,10.98,,31.1,7.8,10.82,,10.246,0,S2|S3,sub_s23,S2|S3,S2|S3,S2|S3
1786339703.635,c1,recommend,,0.0,26.76,8.56,3.99,,0,,0,200.0,obs,1173,26.76,14.03,4.0,,26.76,14.03,4.0,,26.76,8.56,3.99,,10.246,0,S2|S3,sub_s23,S2|S3,S2|S3,S2|S3
1786339703.635,c2,reserve,,0.0,26.34,7.43,3.48,,0,,0,36.0,obs,594,26.34,13.67,3.65,,26.34,13.67,3.65,,26.34,7.43,3.48,,10.246,0,S2|S3,sub_s23,S2|S3,S2|S3,S2|S3
1786339703.635,c2,search,,0.0,31.1,7.8,10.82,,0,,0,4474.0,obs,883,31.1,20.71,10.98,,31.1,20.71,10.98,,31.1,7.8,10.82,,10.246,0,S2|S3,sub_s23,S2|S3,S2|S3,S2|S3
1786339703.635,c2,recommend,,0.0,26.76,8.56,3.99,,0,,0,200.0,obs,1173,26.76,14.03,4.0,,26.76,14.03,4.0,,26.76,8.56,3.99,,10.246,0,S2|S3,sub_s23,S2|S3,S2|S3,S2|S3
1786339704.636,c1,reserve,,0.0,26.34,8.43,3.67,,0,,0,36.0,obs,585,26.34,13.67,3.65,,26.34,13.67,3.65,,26.34,8.43,3.67,,10.574,0,S2|S3,sub_s23,S2|S3,S2|S3,S2|S3
1786339704.636,c1,search,,0.0,31.1,9.58,10.88,,0,,0,4474.0,obs,884,31.1,20.71,10.98,,31.1,20.71,10.98,,31.1,9.58,10.88,,10.574,0,S2|S3,sub_s23,S2|S3,S2|S3,S2|S3
1786339704.636,c1,recommend,,0.0,26.76,9.25,3.88,,0,,0,200.0,obs,1182,26.76,14.03,4.0,,26.76,14.03,4.0,,26.76,9.25,3.88,,10.574,0,S2|S3,sub_s23,S2|S3,S2|S3,S2|S3
1786339704.636,c2,reserve,,0.0,26.34,8.43,3.67,,0,,0,36.0,obs,585,26.34,13.67,3.65,,26.34,13.67,3.65,,26.34,8.43,3.67,,10.574,0,S2|S3,sub_s23,S2|S3,S2|S3,S2|S3
1786339704.636,c2,search,,0.0,31.1,9.58,10.88,,0,,0,4474.0,obs,884,31.1,20.71,10.98,,31.1,20.71,10.98,,31.1,9.58,10.88,,10.574,0,S2|S3,sub_s23,S2|S3,S2|S3,S2|S3
1786339704.636,c2,recommend,,0.0,26.76,9.25,3.88,,0,,0,200.0,obs,1182,26.76,14.03,4.0,,26.76,14.03,4.0,,26.76,9.25,3.88,,10.574,0,S2|S3,sub_s23,S2|S3,S2|S3,S2|S3
1786339705.636,c1,reserve,,0.0,26.34,7.26,3.75,,0,,0,36.0,obs,595,26.34,13.67,3.65,,26.34,13.67,3.65,,26.34,7.26,3.75,,10.558,0,S2|S3,sub_s23,S2|S3,S2|S3,S2|S3
1786339705.636,c1,search,,0.0,31.1,8.96,10.75,,0,,0,4474.0,obs,882,31.1,20.71,10.98,,31.1,20.71,10.98,,31.1,8.96,10.75,,10.558,0,S2|S3,sub_s23,S2|S3,S2|S3,S2|S3
1786339705.636,c1,recommend,,0.0,26.76,9.21,3.84,,0,,0,200.0,obs,1181,26.76,14.03,4.0,,26.76,14.03,4.0,,26.76,9.21,3.84,,10.558,0,S2|S3,sub_s23,S2|S3,S2|S3,S2|S3
1786339705.636,c2,reserve,,0.0,26.34,7.26,3.75,,0,,0,36.0,obs,595,26.34,13.67,3.65,,26.34,13.67,3.65,,26.34,7.26,3.75,,10.558,0,S2|S3,sub_s23,S2|S3,S2|S3,S2|S3
1786339705.636,c2,search,,0.0,31.1,8.96,10.75,,0,,0,4474.0,obs,882,31.1,20.71,10.98,,31.1,20.71,10.98,,31.1,8.96,10.75,,10.558,0,S2|S3,sub_s23,S2|S3,S2|S3,S2|S3
1786339705.636,c2,recommend,,0.0,26.76,9.21,3.84,,0,,0,200.0,obs,1181,26.76,14.03,4.0,,26.76,14.03,4.0,,26.76,9.21,3.84,,10.558,0,S2|S3,sub_s23,S2|S3,S2|S3,S2|S3
1786339706.636,c1,reserve,,0.0,26.34,6.91,3.64,,0,,0,36.0,obs,590,26.34,13.67,3.65,,26.34,13.67,3.65,,26.34,6.91,3.64,,10.473,0,S2|S3,sub_s23,S2|S3,S2|S3,S2|S3
1786339706.636,c1,search,,0.0,31.1,7.67,10.85,,0,,0,4474.0,obs,885,31.1,20.71,10.98,,31.1,20.71,10.98,,31.1,7.67,10.85,,10.473,0,S2|S3,sub_s23,S2|S3,S2|S3,S2|S3
1786339706.636,c1,recommend,,0.0,26.76,9.35,3.92,,0,,0,200.0,obs,1187,26.76,14.03,4.0,,26.76,14.03,4.0,,26.76,9.35,3.92,,10.473,0,S2|S3,sub_s23,S2|S3,S2|S3,S2|S3
1786339706.636,c2,reserve,,0.0,26.34,6.91,3.64,,0,,0,36.0,obs,590,26.34,13.67,3.65,,26.34,13.67,3.65,,26.34,6.91,3.64,,10.473,0,S2|S3,sub_s23,S2|S3,S2|S3,S2|S3
1786339706.636,c2,search,,0.0,31.1,7.67,10.85,,0,,0,4474.0,obs,885,31.1,20.71,10.98,,31.1,20.71,10.98,,31.1,7.67,10.85,,10.473,0,S2|S3,sub_s23,S2|S3,S2|S3,S2|S3
1786339706.636,c2,recommend,,0.0,26.76,9.35,3.92,,0,,0,200.0,obs,1187,26.76,14.03,4.0,,26.76,14.03,4.0,,26.76,9.35,3.92,,10.473,0,S2|S3,sub_s23,S2|S3,S2|S3,S2|S3
1786339707.635,c1,reserve,,0.0,26.34,7.41,3.38,,0,,0,36.0,obs,592,26.34,13.67,3.65,,26.34,13.67,3.65,,26.34,7.41,3.38,,10.047,0,S2|S3,sub_s23,S2|S3,S2|S3,S2|S3
1786339707.635,c1,search,,0.0,31.1,7.05,10.6,,0,,0,4474.0,obs,882,31.1,20.71,10.98,,31.1,20.71,10.98,,31.1,7.05,10.6,,10.047,0,S2|S3,sub_s23,S2|S3,S2|S3,S2|S3
1786339707.635,c1,recommend,,0.0,26.76,8.76,3.88,,0,,0,200.0,obs,1184,26.76,14.03,4.0,,26.76,14.03,4.0,,26.76,8.76,3.88,,10.047,0,S2|S3,sub_s23,S2|S3,S2|S3,S2|S3
1786339707.635,c2,reserve,,0.0,26.34,7.41,3.38,,0,,0,36.0,obs,592,26.34,13.67,3.65,,26.34,13.67,3.65,,26.34,7.41,3.38,,10.047,0,S2|S3,sub_s23,S2|S3,S2|S3,S2|S3
1786339707.635,c2,search,,0.0,31.1,7.05,10.6,,0,,0,4474.0,obs,882,31.1,20.71,10.98,,31.1,20.71,10.98,,31.1,7.05,10.6,,10.047,0,S2|S3,sub_s23,S2|S3,S2|S3,S2|S3
1786339707.635,c2,recommend,,0.0,26.76,8.76,3.88,,0,,0,200.0,obs,1184,26.76,14.03,4.0,,26.76,14.03,4.0,,26.76,8.76,3.88,,10.047,0,S2|S3,sub_s23,S2|S3,S2|S3,S2|S3
1786339708.636,c1,reserve,,0.0,26.34,7.31,3.39,,0,,0,36.0,obs,590,26.34,13.67,3.65,,26.34,13.67,3.65,,26.34,7.31,3.39,,10.603,0,S2|S3,sub_s23,S2|S3,S2|S3,S2|S3
1786339708.636,c1,search,,0.0,31.1,7.51,10.43,,0,,0,4474.0,obs,887,31.1,20.71,10.98,,31.1,20.71,10.98,,31.1,7.51,10.43,,10.603,0,S2|S3,sub_s23,S2|S3,S2|S3,S2|S3
1786339708.636,c1,recommend,,0.0,26.76,8.74,3.84,,0,,0,200.0,obs,1183,26.76,14.03,4.0,,26.76,14.03,4.0,,26.76,8.74,3.84,,10.603,0,S2|S3,sub_s23,S2|S3,S2|S3,S2|S3
1786339708.636,c2,reserve,,0.0,26.34,7.31,3.39,,0,,0,36.0,obs,590,26.34,13.67,3.65,,26.34,13.67,3.65,,26.34,7.31,3.39,,10.603,0,S2|S3,sub_s23,S2|S3,S2|S3,S2|S3
1786339708.636,c2,search,,0.0,31.1,7.51,10.43,,0,,0,4474.0,obs,887,31.1,20.71,10.98,,31.1,20.71,10.98,,31.1,7.51,10.43,,10.603,0,S2|S3,sub_s23,S2|S3,S2|S3,S2|S3
1786339708.636,c2,recommend,,0.0,26.76,8.74,3.84,,0,,0,200.0,obs,1183,26.76,14.03,4.0,,26.76,14.03,4.0,,26.76,8.74,3.84,,10.603,0,S2|S3,sub_s23,S2|S3,S2|S3,S2|S3
1786339709.635,c1,reserve,,0.0,26.34,7.03,3.58,,0,,0,36.0,obs,589,26.34,13.67,3.65,,26.34,13.67,3.65,,26.34,7.03,3.58,,9.578,0,S2|S3,sub_s23,S2|S3,S2|S3,S2|S3
1786339709.635,c1,search,,0.0,31.1,6.85,10.76,,0,,0,4474.0,obs,882,31.1,20.71,10.98,,31.1,20.71,10.98,,31.1,6.85,10.76,,9.578,0,S2|S3,sub_s23,S2|S3,S2|S3,S2|S3
1786339709.635,c1,recommend,,0.0,26.76,8.51,3.95,,0,,0,200.0,obs,1188,26.76,14.03,4.0,,26.76,14.03,4.0,,26.76,8.51,3.95,,9.578,0,S2|S3,sub_s23,S2|S3,S2|S3,S2|S3
1786339709.635,c2,reserve,,0.0,26.34,7.03,3.58,,0,,0,36.0,obs,589,26.34,13.67,3.65,,26.34,13.67,3.65,,26.34,7.03,3.58,,9.578,0,S2|S3,sub_s23,S2|S3,S2|S3,S2|S3
1786339709.635,c2,search,,0.0,31.1,6.85,10.76,,0,,0,4474.0,obs,882,31.1,20.71,10.98,,31.1,20.71,10.98,,31.1,6.85,10.76,,9.578,0,S2|S3,sub_s23,S2|S3,S2|S3,S2|S3
1786339709.635,c2,recommend,,0.0,26.76,8.51,3.95,,0,,0,200.0,obs,1188,26.76,14.03,4.0,,26.76,14.03,4.0,,26.76,8.51,3.95,,9.578,0,S2|S3,sub_s23,S2|S3,S2|S3,S2|S3
1786339710.635,c1,reserve,,0.0,26.34,6.85,3.57,,0,,0,36.0,obs,593,26.34,13.67,3.65,,26.34,13.67,3.65,,26.34,6.85,3.57,,10.266,0,S2|S3,sub_s23,S2|S3,S2|S3,S2|S3
1786339710.635,c1,search,,0.0,31.1,6.81,10.57,,0,,0,4474.0,obs,889,31.1,20.71,10.98,,31.1,20.71,10.98,,31.1,6.81,10.57,,10.266,0,S2|S3,sub_s23,S2|S3,S2|S3,S2|S3
1786339710.635,c1,recommend,,0.0,26.76,9.48,3.93,,0,,0,200.0,obs,1183,26.76,14.03,4.0,,26.76,14.03,4.0,,26.76,9.48,3.93,,10.266,0,S2|S3,sub_s23,S2|S3,S2|S3,S2|S3
1786339710.635,c2,reserve,,0.0,26.34,6.85,3.57,,0,,0,36.0,obs,593,26.34,13.67,3.65,,26.34,13.67,3.65,,26.34,6.85,3.57,,10.266,0,S2|S3,sub_s23,S2|S3,S2|S3,S2|S3
1786339710.635,c2,search,,0.0,31.1,6.81,10.57,,0,,0,4474.0,obs,889,31.1,20.71,10.98,,31.1,20.71,10.98,,31.1,6.81,10.57,,10.266,0,S2|S3,sub_s23,S2|S3,S2|S3,S2|S3
1786339710.635,c2,recommend,,0.0,26.76,9.48,3.93,,0,,0,200.0,obs,1183,26.76,14.03,4.0,,26.76,14.03,4.0,,26.76,9.48,3.93,,10.266,0,S2|S3,sub_s23,S2|S3,S2|S3,S2|S3
1786339711.635,c1,reserve,,0.0,26.34,7.18,3.53,,0,,0,36.0,obs,587,26.34,13.67,3.65,,26.34,13.67,3.65,,26.34,7.18,3.53,,10.208,0,S2|S3,sub_s23,S2|S3,S2|S3,S2|S3
1786339711.635,c1,search,,0.0,31.1,7.64,10.4,,0,,0,4474.0,obs,889,31.1,20.71,10.98,,31.1,20.71,10.98,,31.1,7.64,10.4,,10.208,0,S2|S3,sub_s23,S2|S3,S2|S3,S2|S3
1786339711.635,c1,recommend,,0.0,26.76,9.09,3.82,,0,,0,200.0,obs,1188,26.76,14.03,4.0,,26.76,14.03,4.0,,26.76,9.09,3.82,,10.208,0,S2|S3,sub_s23,S2|S3,S2|S3,S2|S3
1786339711.635,c2,reserve,,0.0,26.34,7.18,3.53,,0,,0,36.0,obs,587,26.34,13.67,3.65,,26.34,13.67,3.65,,26.34,7.18,3.53,,10.208,0,S2|S3,sub_s23,S2|S3,S2|S3,S2|S3
1786339711.635,c2,search,,0.0,31.1,7.64,10.4,,0,,0,4474.0,obs,889,31.1,20.71,10.98,,31.1,20.71,10.98,,31.1,7.64,10.4,,10.208,0,S2|S3,sub_s23,S2|S3,S2|S3,S2|S3
1786339711.635,c2,recommend,,0.0,26.76,9.09,3.82,,0,,0,200.0,obs,1188,26.76,14.03,4.0,,26.76,14.03,4.0,,26.76,9.09,3.82,,10.208,0,S2|S3,sub_s23,S2|S3,S2|S3,S2|S3
1786339712.635,c1,reserve,,0.0,26.34,6.93,3.65,,0,,0,36.0,obs,596,26.34,13.67,3.65,,26.34,13.67,3.65,,26.34,6.93,3.65,,10.304,0,S2|S3,sub_s23,S2|S3,S2|S3,S2|S3
1786339712.635,c1,search,,0.0,31.1,7.42,10.39,,0,,0,4474.0,obs,886,31.1,20.71,10.98,,31.1,20.71,10.98,,31.1,7.42,10.39,,10.304,0,S2|S3,sub_s23,S2|S3,S2|S3,S2|S3
1786339712.635,c1,recommend,,0.0,26.76,8.88,3.81,,0,,0,200.0,obs,1185,26.76,14.03,4.0,,26.76,14.03,4.0,,26.76,8.88,3.81,,10.304,0,S2|S3,sub_s23,S2|S3,S2|S3,S2|S3
1786339712.635,c2,reserve,,0.0,26.34,6.93,3.65,,0,,0,36.0,obs,596,26.34,13.67,3.65,,26.34,13.67,3.65,,26.34,6.93,3.65,,10.304,0,S2|S3,sub_s23,S2|S3,S2|S3,S2|S3
1786339712.635,c2,search,,0.0,31.1,7.42,10.39,,0,,0,4474.0,obs,886,31.1,20.71,10.98,,31.1,20.71,10.98,,31.1,7.42,10.39,,10.304,0,S2|S3,sub_s23,S2|S3,S2|S3,S2|S3
1786339712.635,c2,recommend,,0.0,26.76,8.88,3.81,,0,,0,200.0,obs,1185,26.76,14.03,4.0,,26.76,14.03,4.0,,26.76,8.88,3.81,,10.304,0,S2|S3,sub_s23,S2|S3,S2|S3,S2|S3
1786339713.636,c1,reserve,,0.0,26.34,6.93,3.6,,0,,0,36.0,obs,589,26.34,13.67,3.65,,26.34,13.67,3.65,,26.34,6.93,3.6,,10.444,0,S2|S3,sub_s23,S2|S3,S2|S3,S2|S3
1786339713.636,c1,search,,0.0,31.1,7.77,10.59,,0,,0,4474.0,obs,887,31.1,20.71,10.98,,31.1,20.71,10.98,,31.1,7.77,10.59,,10.444,0,S2|S3,sub_s23,S2|S3,S2|S3,S2|S3
1786339713.636,c1,recommend,,0.0,26.76,9.31,3.82,,0,,0,200.0,obs,1187,26.76,14.03,4.0,,26.76,14.03,4.0,,26.76,9.31,3.82,,10.444,0,S2|S3,sub_s23,S2|S3,S2|S3,S2|S3
1786339713.636,c2,reserve,,0.0,26.34,6.93,3.6,,0,,0,36.0,obs,589,26.34,13.67,3.65,,26.34,13.67,3.65,,26.34,6.93,3.6,,10.444,0,S2|S3,sub_s23,S2|S3,S2|S3,S2|S3
1786339713.636,c2,search,,0.0,31.1,7.77,10.59,,0,,0,4474.0,obs,887,31.1,20.71,10.98,,31.1,20.71,10.98,,31.1,7.77,10.59,,10.444,0,S2|S3,sub_s23,S2|S3,S2|S3,S2|S3
1786339713.636,c2,recommend,,0.0,26.76,9.31,3.82,,0,,0,200.0,obs,1187,26.76,14.03,4.0,,26.76,14.03,4.0,,26.76,9.31,3.82,,10.444,0,S2|S3,sub_s23,S2|S3,S2|S3,S2|S3
1786339714.635,c1,reserve,,0.0,26.34,6.83,3.59,,0,,0,36.0,obs,594,26.34,13.67,3.65,,26.34,13.67,3.65,,26.34,6.83,3.59,,10.271,0,S2|S3,sub_s23,S2|S3,S2|S3,S2|S3
1786339714.635,c1,search,,0.0,31.1,7.76,10.8,,0,,0,4474.0,obs,885,31.1,20.71,10.98,,31.1,20.71,10.98,,31.1,7.76,10.8,,10.271,0,S2|S3,sub_s23,S2|S3,S2|S3,S2|S3
1786339714.635,c1,recommend,,0.0,26.76,9.3,3.96,,0,,0,200.0,obs,1185,26.76,14.03,4.0,,26.76,14.03,4.0,,26.76,9.3,3.96,,10.271,0,S2|S3,sub_s23,S2|S3,S2|S3,S2|S3
1786339714.635,c2,reserve,,0.0,26.34,6.83,3.59,,0,,0,36.0,obs,594,26.34,13.67,3.65,,26.34,13.67,3.65,,26.34,6.83,3.59,,10.271,0,S2|S3,sub_s23,S2|S3,S2|S3,S2|S3
1786339714.635,c2,search,,0.0,31.1,7.76,10.8,,0,,0,4474.0,obs,885,31.1,20.71,10.98,,31.1,20.71,10.98,,31.1,7.76,10.8,,10.271,0,S2|S3,sub_s23,S2|S3,S2|S3,S2|S3
1786339714.635,c2,recommend,,0.0,26.76,9.3,3.96,,0,,0,200.0,obs,1185,26.76,14.03,4.0,,26.76,14.03,4.0,,26.76,9.3,3.96,,10.271,0,S2|S3,sub_s23,S2|S3,S2|S3,S2|S3
1786339715.635,c1,reserve,,0.0,26.34,6.82,3.64,,0,,0,36.0,obs,593,26.34,13.67,3.65,,26.34,13.67,3.65,,26.34,6.82,3.64,,10.215,0,S2|S3,sub_s23,S2|S3,S2|S3,S2|S3
1786339715.635,c1,search,,0.0,31.1,7.76,10.67,,0,,0,4474.0,obs,892,31.1,20.71,10.98,,31.1,20.71,10.98,,31.1,7.76,10.67,,10.215,0,S2|S3,sub_s23,S2|S3,S2|S3,S2|S3
1786339715.635,c1,recommend,,0.0,26.76,8.61,3.99,,0,,0,200.0,obs,1189,26.76,14.03,4.0,,26.76,14.03,4.0,,26.76,8.61,3.99,,10.215,0,S2|S3,sub_s23,S2|S3,S2|S3,S2|S3
1786339715.635,c2,reserve,,0.0,26.34,6.82,3.64,,0,,0,36.0,obs,593,26.34,13.67,3.65,,26.34,13.67,3.65,,26.34,6.82,3.64,,10.215,0,S2|S3,sub_s23,S2|S3,S2|S3,S2|S3
1786339715.635,c2,search,,0.0,31.1,7.76,10.67,,0,,0,4474.0,obs,892,31.1,20.71,10.98,,31.1,20.71,10.98,,31.1,7.76,10.67,,10.215,0,S2|S3,sub_s23,S2|S3,S2|S3,S2|S3
1786339715.635,c2,recommend,,0.0,26.76,8.61,3.99,,0,,0,200.0,obs,1189,26.76,14.03,4.0,,26.76,14.03,4.0,,26.76,8.61,3.99,,10.215,0,S2|S3,sub_s23,S2|S3,S2|S3,S2|S3
1786339716.635,c1,reserve,,0.0,26.34,6.85,3.63,,0,,0,36.0,obs,592,26.34,13.67,3.65,,26.34,13.67,3.65,,26.34,6.85,3.63,,9.997,0,S2|S3,sub_s23,S2|S3,S2|S3,S2|S3
1786339716.635,c1,search,,0.0,31.1,7.47,10.45,,0,,0,4474.0,obs,885,31.1,20.71,10.98,,31.1,20.71,10.98,,31.1,7.47,10.45,,9.997,0,S2|S3,sub_s23,S2|S3,S2|S3,S2|S3
1786339716.635,c1,recommend,,0.0,26.76,8.38,3.96,,0,,0,200.0,obs,1188,26.76,14.03,4.0,,26.76,14.03,4.0,,26.76,8.38,3.96,,9.997,0,S2|S3,sub_s23,S2|S3,S2|S3,S2|S3
1786339716.635,c2,reserve,,0.0,26.34,6.85,3.63,,0,,0,36.0,obs,592,26.34,13.67,3.65,,26.34,13.67,3.65,,26.34,6.85,3.63,,9.997,0,S2|S3,sub_s23,S2|S3,S2|S3,S2|S3
1786339716.635,c2,search,,0.0,31.1,7.47,10.45,,0,,0,4474.0,obs,885,31.1,20.71,10.98,,31.1,20.71,10.98,,31.1,7.47,10.45,,9.997,0,S2|S3,sub_s23,S2|S3,S2|S3,S2|S3
1786339716.635,c2,recommend,,0.0,26.76,8.38,3.96,,0,,0,200.0,obs,1188,26.76,14.03,4.0,,26.76,14.03,4.0,,26.76,8.38,3.96,,9.997,0,S2|S3,sub_s23,S2|S3,S2|S3,S2|S3
1786339717.635,c1,reserve,,0.0,26.34,6.03,3.65,,0,,0,36.0,obs,595,26.34,13.67,3.65,,26.34,13.67,3.65,,26.34,6.03,3.65,,9.899,0,S2|S3,sub_s23,S2|S3,S2|S3,S2|S3
1786339717.635,c1,search,,0.0,31.1,6.92,10.77,,0,,0,4474.0,obs,891,31.1,20.71,10.98,,31.1,20.71,10.98,,31.1,6.92,10.77,,9.899,0,S2|S3,sub_s23,S2|S3,S2|S3,S2|S3
1786339717.635,c1,recommend,,0.0,26.76,8.67,3.94,,0,,0,200.0,obs,1185,26.76,14.03,4.0,,26.76,14.03,4.0,,26.76,8.67,3.94,,9.899,0,S2|S3,sub_s23,S2|S3,S2|S3,S2|S3
1786339717.635,c2,reserve,,0.0,26.34,6.03,3.65,,0,,0,36.0,obs,595,26.34,13.67,3.65,,26.34,13.67,3.65,,26.34,6.03,3.65,,9.899,0,S2|S3,sub_s23,S2|S3,S2|S3,S2|S3
1786339717.635,c2,search,,0.0,31.1,6.92,10.77,,0,,0,4474.0,obs,891,31.1,20.71,10.98,,31.1,20.71,10.98,,31.1,6.92,10.77,,9.899,0,S2|S3,sub_s23,S2|S3,S2|S3,S2|S3
1786339717.635,c2,recommend,,0.0,26.76,8.67,3.94,,0,,0,200.0,obs,1185,26.76,14.03,4.0,,26.76,14.03,4.0,,26.76,8.67,3.94,,9.899,0,S2|S3,sub_s23,S2|S3,S2|S3,S2|S3
1786339718.635,c1,reserve,,0.0,26.34,6.14,3.63,,0,,0,36.0,obs,593,26.34,13.67,3.65,,26.34,13.67,3.65,,26.34,6.14,3.63,,10.119,0,S2|S3,sub_s23,S2|S3,S2|S3,S2|S3
1786339718.635,c1,search,,0.0,31.1,6.92,10.86,,0,,0,4474.0,obs,890,31.1,20.71,10.98,,31.1,20.71,10.98,,31.1,6.92,10.86,,10.119,0,S2|S3,sub_s23,S2|S3,S2|S3,S2|S3
1786339718.635,c1,recommend,,0.0,26.76,8.61,3.94,,0,,0,200.0,obs,1196,26.76,14.03,4.0,,26.76,14.03,4.0,,26.76,8.61,3.94,,10.119,0,S2|S3,sub_s23,S2|S3,S2|S3,S2|S3
1786339718.635,c2,reserve,,0.0,26.34,6.14,3.63,,0,,0,36.0,obs,593,26.34,13.67,3.65,,26.34,13.67,3.65,,26.34,6.14,3.63,,10.119,0,S2|S3,sub_s23,S2|S3,S2|S3,S2|S3
1786339718.635,c2,search,,0.0,31.1,6.92,10.86,,0,,0,4474.0,obs,890,31.1,20.71,10.98,,31.1,20.71,10.98,,31.1,6.92,10.86,,10.119,0,S2|S3,sub_s23,S2|S3,S2|S3,S2|S3
1786339718.635,c2,recommend,,0.0,26.76,8.61,3.94,,0,,0,200.0,obs,1196,26.76,14.03,4.0,,26.76,14.03,4.0,,26.76,8.61,3.94,,10.119,0,S2|S3,sub_s23,S2|S3,S2|S3,S2|S3
1786339719.635,c1,reserve,,0.0,26.34,5.01,3.39,,0,,0,36.0,obs,599,26.34,13.67,3.65,,26.34,13.67,3.65,,26.34,5.01,3.39,,10.043,0,S2|S3,sub_s23,S2|S3,S2|S3,S2|S3
1786339719.635,c1,search,,0.0,31.1,6.17,10.63,,0,,0,4474.0,obs,890,31.1,20.71,10.98,,31.1,20.71,10.98,,31.1,6.17,10.63,,10.043,0,S2|S3,sub_s23,S2|S3,S2|S3,S2|S3
1786339719.635,c1,recommend,,0.0,26.76,7.59,3.96,,0,,0,200.0,obs,1186,26.76,14.03,4.0,,26.76,14.03,4.0,,26.76,7.59,3.96,,10.043,0,S2|S3,sub_s23,S2|S3,S2|S3,S2|S3
1786339719.635,c2,reserve,,0.0,26.34,5.01,3.39,,0,,0,36.0,obs,599,26.34,13.67,3.65,,26.34,13.67,3.65,,26.34,5.01,3.39,,10.043,0,S2|S3,sub_s23,S2|S3,S2|S3,S2|S3
1786339719.635,c2,search,,0.0,31.1,6.17,10.63,,0,,0,4474.0,obs,890,31.1,20.71,10.98,,31.1,20.71,10.98,,31.1,6.17,10.63,,10.043,0,S2|S3,sub_s23,S2|S3,S2|S3,S2|S3
1786339719.635,c2,recommend,,0.0,26.76,7.59,3.96,,0,,0,200.0,obs,1186,26.76,14.03,4.0,,26.76,14.03,4.0,,26.76,7.59,3.96,,10.043,0,S2|S3,sub_s23,S2|S3,S2|S3,S2|S3
1786339720.635,c1,reserve,,0.0,26.34,6.59,3.39,,0,,0,36.0,obs,590,26.34,13.67,3.65,,26.34,13.67,3.65,,26.34,6.59,3.39,,9.826,0,S2|S3,sub_s23,S2|S3,S2|S3,S2|S3
1786339720.635,c1,search,,0.0,31.1,7.66,10.64,,0,,0,4474.0,obs,890,31.1,20.71,10.98,,31.1,20.71,10.98,,31.1,7.66,10.64,,9.826,0,S2|S3,sub_s23,S2|S3,S2|S3,S2|S3
1786339720.635,c1,recommend,,0.0,26.76,7.94,3.99,,0,,0,200.0,obs,1192,26.76,14.03,4.0,,26.76,14.03,4.0,,26.76,7.94,3.99,,9.826,0,S2|S3,sub_s23,S2|S3,S2|S3,S2|S3
1786339720.635,c2,reserve,,0.0,26.34,6.59,3.39,,0,,0,36.0,obs,590,26.34,13.67,3.65,,26.34,13.67,3.65,,26.34,6.59,3.39,,9.826,0,S2|S3,sub_s23,S2|S3,S2|S3,S2|S3
1786339720.635,c2,search,,0.0,31.1,7.66,10.64,,0,,0,4474.0,obs,890,31.1,20.71,10.98,,31.1,20.71,10.98,,31.1,7.66,10.64,,9.826,0,S2|S3,sub_s23,S2|S3,S2|S3,S2|S3
1786339720.635,c2,recommend,,0.0,26.76,7.94,3.99,,0,,0,200.0,obs,1192,26.76,14.03,4.0,,26.76,14.03,4.0,,26.76,7.94,3.99,,9.826,0,S2|S3,sub_s23,S2|S3,S2|S3,S2|S3
1786339721.635,c1,reserve,,0.0,26.34,6.73,3.53,,0,,0,36.0,obs,600,26.34,13.67,3.65,,26.34,13.67,3.65,,26.34,6.73,3.53,,10.03,0,S2|S3,sub_s23,S2|S3,S2|S3,S2|S3
1786339721.635,c1,search,,0.0,31.1,8.64,10.67,,0,,0,4474.0,obs,892,31.1,20.71,10.98,,31.1,20.71,10.98,,31.1,8.64,10.67,,10.03,0,S2|S3,sub_s23,S2|S3,S2|S3,S2|S3
1786339721.635,c1,recommend,,0.0,26.76,8.61,3.89,,0,,0,200.0,obs,1190,26.76,14.03,4.0,,26.76,14.03,4.0,,26.76,8.61,3.89,,10.03,0,S2|S3,sub_s23,S2|S3,S2|S3,S2|S3
1786339721.635,c2,reserve,,0.0,26.34,6.73,3.53,,0,,0,36.0,obs,600,26.34,13.67,3.65,,26.34,13.67,3.65,,26.34,6.73,3.53,,10.03,0,S2|S3,sub_s23,S2|S3,S2|S3,S2|S3
1786339721.635,c2,search,,0.0,31.1,8.64,10.67,,0,,0,4474.0,obs,892,31.1,20.71,10.98,,31.1,20.71,10.98,,31.1,8.64,10.67,,10.03,0,S2|S3,sub_s23,S2|S3,S2|S3,S2|S3
1786339721.635,c2,recommend,,0.0,26.76,8.61,3.89,,0,,0,200.0,obs,1190,26.76,14.03,4.0,,26.76,14.03,4.0,,26.76,8.61,3.89,,10.03,0,S2|S3,sub_s23,S2|S3,S2|S3,S2|S3
1786339722.635,c1,reserve,,0.0,26.34,6.43,3.46,,0,,0,36.0,obs,593,26.34,13.67,3.65,,26.34,13.67,3.65,,26.34,6.43,3.46,,10.014,0,S2|S3,sub_s23,S2|S3,S2|S3,S2|S3
1786339722.635,c1,search,,0.0,31.1,8.15,10.65,,0,,0,4474.0,obs,896,31.1,20.71,10.98,,31.1,20.71,10.98,,31.1,8.15,10.65,,10.014,0,S2|S3,sub_s23,S2|S3,S2|S3,S2|S3
1786339722.635,c1,recommend,,0.0,26.76,9.2,3.88,,0,,0,200.0,obs,1191,26.76,14.03,4.0,,26.76,14.03,4.0,,26.76,9.2,3.88,,10.014,0,S2|S3,sub_s23,S2|S3,S2|S3,S2|S3
1786339722.635,c2,reserve,,0.0,26.34,6.43,3.46,,0,,0,36.0,obs,593,26.34,13.67,3.65,,26.34,13.67,3.65,,26.34,6.43,3.46,,10.014,0,S2|S3,sub_s23,S2|S3,S2|S3,S2|S3
1786339722.635,c2,search,,0.0,31.1,8.15,10.65,,0,,0,4474.0,obs,896,31.1,20.71,10.98,,31.1,20.71,10.98,,31.1,8.15,10.65,,10.014,0,S2|S3,sub_s23,S2|S3,S2|S3,S2|S3
1786339722.635,c2,recommend,,0.0,26.76,9.2,3.88,,0,,0,200.0,obs,1191,26.76,14.03,4.0,,26.76,14.03,4.0,,26.76,9.2,3.88,,10.014,0,S2|S3,sub_s23,S2|S3,S2|S3,S2|S3
1786339723.634,c1,reserve,,0.0,26.34,7.91,3.49,,0,,0,36.0,obs,595,26.34,13.67,3.65,,26.34,13.67,3.65,,26.34,7.91,3.49,,10.012,0,S2|S3,sub_s23,S2|S3,S2|S3,S2|S3
1786339723.634,c1,search,,0.0,31.1,8.36,10.52,,0,,0,4474.0,obs,890,31.1,20.71,10.98,,31.1,20.71,10.98,,31.1,8.36,10.52,,10.012,0,S2|S3,sub_s23,S2|S3,S2|S3,S2|S3
1786339723.634,c1,recommend,,0.0,26.76,9.67,3.89,,0,,0,200.0,obs,1196,26.76,14.03,4.0,,26.76,14.03,4.0,,26.76,9.67,3.89,,10.012,0,S2|S3,sub_s23,S2|S3,S2|S3,S2|S3
1786339723.634,c2,reserve,,0.0,26.34,7.91,3.49,,0,,0,36.0,obs,595,26.34,13.67,3.65,,26.34,13.67,3.65,,26.34,7.91,3.49,,10.012,0,S2|S3,sub_s23,S2|S3,S2|S3,S2|S3
1786339723.634,c2,search,,0.0,31.1,8.36,10.52,,0,,0,4474.0,obs,890,31.1,20.71,10.98,,31.1,20.71,10.98,,31.1,8.36,10.52,,10.012,0,S2|S3,sub_s23,S2|S3,S2|S3,S2|S3
1786339723.634,c2,recommend,,0.0,26.76,9.67,3.89,,0,,0,200.0,obs,1196,26.76,14.03,4.0,,26.76,14.03,4.0,,26.76,9.67,3.89,,10.012,0,S2|S3,sub_s23,S2|S3,S2|S3,S2|S3
1786339724.635,c1,reserve,,0.0,26.34,7.15,3.4,,0,,0,36.0,obs,598,26.34,13.67,3.65,,26.34,13.67,3.65,,26.34,7.15,3.4,,9.783,0,S2|S3,sub_s23,S2|S3,S2|S3,S2|S3
1786339724.635,c1,search,,0.0,31.1,7.58,10.58,,0,,0,4474.0,obs,896,31.1,20.71,10.98,,31.1,20.71,10.98,,31.1,7.58,10.58,,9.783,0,S2|S3,sub_s23,S2|S3,S2|S3,S2|S3
1786339724.635,c1,recommend,,0.0,26.76,9.02,3.73,,0,,0,200.0,obs,1190,26.76,14.03,4.0,,26.76,14.03,4.0,,26.76,9.02,3.73,,9.783,0,S2|S3,sub_s23,S2|S3,S2|S3,S2|S3
1786339724.635,c2,reserve,,0.0,26.34,7.15,3.4,,0,,0,36.0,obs,598,26.34,13.67,3.65,,26.34,13.67,3.65,,26.34,7.15,3.4,,9.783,0,S2|S3,sub_s23,S2|S3,S2|S3,S2|S3
1786339724.635,c2,search,,0.0,31.1,7.58,10.58,,0,,0,4474.0,obs,896,31.1,20.71,10.98,,31.1,20.71,10.98,,31.1,7.58,10.58,,9.783,0,S2|S3,sub_s23,S2|S3,S2|S3,S2|S3
1786339724.635,c2,recommend,,0.0,26.76,9.02,3.73,,0,,0,200.0,obs,1190,26.76,14.03,4.0,,26.76,14.03,4.0,,26.76,9.02,3.73,,9.783,0,S2|S3,sub_s23,S2|S3,S2|S3,S2|S3
1786339725.636,c1,reserve,,0.0,26.34,6.79,3.39,,0,,0,36.0,obs,595,26.34,13.67,3.65,,26.34,13.67,3.65,,26.34,6.79,3.39,,10.831,0,S2|S3,sub_s23,S2|S3,S2|S3,S2|S3
1786339725.636,c1,search,,0.0,31.1,7.59,10.63,,0,,0,4474.0,obs,892,31.1,20.71,10.98,,31.1,20.71,10.98,,31.1,7.59,10.63,,10.831,0,S2|S3,sub_s23,S2|S3,S2|S3,S2|S3
1786339725.636,c1,recommend,,0.0,26.76,9.02,3.76,,0,,0,200.0,obs,1196,26.76,14.03,4.0,,26.76,14.03,4.0,,26.76,9.02,3.76,,10.831,0,S2|S3,sub_s23,S2|S3,S2|S3,S2|S3
1786339725.636,c2,reserve,,0.0,26.34,6.79,3.39,,0,,0,36.0,obs,595,26.34,13.67,3.65,,26.34,13.67,3.65,,26.34,6.79,3.39,,10.831,0,S2|S3,sub_s23,S2|S3,S2|S3,S2|S3
1786339725.636,c2,search,,0.0,31.1,7.59,10.63,,0,,0,4474.0,obs,892,31.1,20.71,10.98,,31.1,20.71,10.98,,31.1,7.59,10.63,,10.831,0,S2|S3,sub_s23,S2|S3,S2|S3,S2|S3
1786339725.636,c2,recommend,,0.0,26.76,9.02,3.76,,0,,0,200.0,obs,1196,26.76,14.03,4.0,,26.76,14.03,4.0,,26.76,9.02,3.76,,10.831,0,S2|S3,sub_s23,S2|S3,S2|S3,S2|S3
1786339726.635,c1,reserve,,0.0,26.34,7.39,3.5,,0,,0,36.0,obs,602,26.34,13.67,3.65,,26.34,13.67,3.65,,26.34,7.39,3.5,,10.329,0,S2|S3,sub_s23,S2|S3,S2|S3,S2|S3
1786339726.635,c1,search,,0.0,31.1,8.77,10.63,,0,,0,4474.0,obs,893,31.1,20.71,10.98,,31.1,20.71,10.98,,31.1,8.77,10.63,,10.329,0,S2|S3,sub_s23,S2|S3,S2|S3,S2|S3
1786339726.635,c1,recommend,,0.0,26.76,9.18,3.88,,0,,0,200.0,obs,1192,26.76,14.03,4.0,,26.76,14.03,4.0,,26.76,9.18,3.88,,10.329,0,S2|S3,sub_s23,S2|S3,S2|S3,S2|S3
1786339726.635,c2,reserve,,0.0,26.34,7.39,3.5,,0,,0,36.0,obs,602,26.34,13.67,3.65,,26.34,13.67,3.65,,26.34,7.39,3.5,,10.329,0,S2|S3,sub_s23,S2|S3,S2|S3,S2|S3
1786339726.635,c2,search,,0.0,31.1,8.77,10.63,,0,,0,4474.0,obs,893,31.1,20.71,10.98,,31.1,20.71,10.98,,31.1,8.77,10.63,,10.329,0,S2|S3,sub_s23,S2|S3,S2|S3,S2|S3
1786339726.635,c2,recommend,,0.0,26.76,9.18,3.88,,0,,0,200.0,obs,1192,26.76,14.03,4.0,,26.76,14.03,4.0,,26.76,9.18,3.88,,10.329,0,S2|S3,sub_s23,S2|S3,S2|S3,S2|S3
1786339727.635,c1,reserve,,0.0,26.34,7.2,3.48,,0,,0,36.0,obs,596,26.34,13.67,3.65,,26.34,13.67,3.65,,26.34,7.2,3.48,,10.013,0,S2|S3,sub_s23,S2|S3,S2|S3,S2|S3
1786339727.635,c1,search,,0.0,31.1,7.92,10.51,,0,,0,4474.0,obs,897,31.1,20.71,10.98,,31.1,20.71,10.98,,31.1,7.92,10.51,,10.013,0,S2|S3,sub_s23,S2|S3,S2|S3,S2|S3
1786339727.635,c1,recommend,,0.0,26.76,9.14,3.89,,0,,0,200.0,obs,1199,26.76,14.03,4.0,,26.76,14.03,4.0,,26.76,9.14,3.89,,10.013,0,S2|S3,sub_s23,S2|S3,S2|S3,S2|S3
1786339727.635,c2,reserve,,0.0,26.34,7.2,3.48,,0,,0,36.0,obs,596,26.34,13.67,3.65,,26.34,13.67,3.65,,26.34,7.2,3.48,,10.013,0,S2|S3,sub_s23,S2|S3,S2|S3,S2|S3
1786339727.635,c2,search,,0.0,31.1,7.92,10.51,,0,,0,4474.0,obs,897,31.1,20.71,10.98,,31.1,20.71,10.98,,31.1,7.92,10.51,,10.013,0,S2|S3,sub_s23,S2|S3,S2|S3,S2|S3
1786339727.635,c2,recommend,,0.0,26.76,9.14,3.89,,0,,0,200.0,obs,1199,26.76,14.03,4.0,,26.76,14.03,4.0,,26.76,9.14,3.89,,10.013,0,S2|S3,sub_s23,S2|S3,S2|S3,S2|S3
1786339728.635,c1,reserve,,0.0,26.34,7.13,3.49,,0,,0,36.0,obs,603,26.34,13.67,3.65,,26.34,13.67,3.65,,26.34,7.13,3.49,,9.988,0,S2|S3,sub_s23,S2|S3,S2|S3,S2|S3
1786339728.635,c1,search,,0.0,31.1,8.57,10.22,,0,,0,4474.0,obs,895,31.1,20.71,10.98,,31.1,20.71,10.98,,31.1,8.57,10.22,,9.988,0,S2|S3,sub_s23,S2|S3,S2|S3,S2|S3
1786339728.635,c1,recommend,,0.0,26.76,8.82,3.84,,0,,0,200.0,obs,1195,26.76,14.03,4.0,,26.76,14.03,4.0,,26.76,8.82,3.84,,9.988,0,S2|S3,sub_s23,S2|S3,S2|S3,S2|S3
1786339728.635,c2,reserve,,0.0,26.34,7.13,3.49,,0,,0,36.0,obs,603,26.34,13.67,3.65,,26.34,13.67,3.65,,26.34,7.13,3.49,,9.988,0,S2|S3,sub_s23,S2|S3,S2|S3,S2|S3
1786339728.635,c2,search,,0.0,31.1,8.57,10.22,,0,,0,4474.0,obs,895,31.1,20.71,10.98,,31.1,20.71,10.98,,31.1,8.57,10.22,,9.988,0,S2|S3,sub_s23,S2|S3,S2|S3,S2|S3
1786339728.635,c2,recommend,,0.0,26.76,8.82,3.84,,0,,0,200.0,obs,1195,26.76,14.03,4.0,,26.76,14.03,4.0,,26.76,8.82,3.84,,9.988,0,S2|S3,sub_s23,S2|S3,S2|S3,S2|S3
1786339729.635,c1,reserve,,0.0,26.34,6.96,3.37,,0,,0,36.0,obs,597,26.34,13.67,3.65,,26.34,13.67,3.65,,26.34,6.96,3.37,,10.033,0,S2|S3,sub_s23,S2|S3,S2|S3,S2|S3
1786339729.635,c1,search,,0.0,31.1,7.71,10.16,,0,,0,4474.0,obs,898,31.1,20.71,10.98,,31.1,20.71,10.98,,31.1,7.71,10.16,,10.033,0,S2|S3,sub_s23,S2|S3,S2|S3,S2|S3
1786339729.635,c1,recommend,,0.0,26.76,8.69,3.83,,0,,0,200.0,obs,1202,26.76,14.03,4.0,,26.76,14.03,4.0,,26.76,8.69,3.83,,10.033,0,S2|S3,sub_s23,S2|S3,S2|S3,S2|S3
1786339729.635,c2,reserve,,0.0,26.34,6.96,3.37,,0,,0,36.0,obs,597,26.34,13.67,3.65,,26.34,13.67,3.65,,26.34,6.96,3.37,,10.033,0,S2|S3,sub_s23,S2|S3,S2|S3,S2|S3
1786339729.635,c2,search,,0.0,31.1,7.71,10.16,,0,,0,4474.0,obs,898,31.1,20.71,10.98,,31.1,20.71,10.98,,31.1,7.71,10.16,,10.033,0,S2|S3,sub_s23,S2|S3,S2|S3,S2|S3
1786339729.635,c2,recommend,,0.0,26.76,8.69,3.83,,0,,0,200.0,obs,1202,26.76,14.03,4.0,,26.76,14.03,4.0,,26.76,8.69,3.83,,10.033,0,S2|S3,sub_s23,S2|S3,S2|S3,S2|S3
1786339730.636,c1,reserve,,0.0,26.34,7.17,3.15,,0,,0,36.0,obs,599,26.34,13.67,3.65,,26.34,13.67,3.65,,26.34,7.17,3.15,,10.552,0,S2|S3,sub_s23,S2|S3,S2|S3,S2|S3
1786339730.636,c1,search,,0.0,31.1,7.15,9.87,,0,,0,4474.0,obs,893,31.1,20.71,10.98,,31.1,20.71,10.98,,31.1,7.15,9.87,,10.552,0,S2|S3,sub_s23,S2|S3,S2|S3,S2|S3
1786339730.636,c1,recommend,,0.0,26.76,9.2,3.72,,0,,0,200.0,obs,1203,26.76,14.03,4.0,,26.76,14.03,4.0,,26.76,9.2,3.72,,10.552,0,S2|S3,sub_s23,S2|S3,S2|S3,S2|S3
1786339730.636,c2,reserve,,0.0,26.34,7.17,3.15,,0,,0,36.0,obs,599,26.34,13.67,3.65,,26.34,13.67,3.65,,26.34,7.17,3.15,,10.552,0,S2|S3,sub_s23,S2|S3,S2|S3,S2|S3
1786339730.636,c2,search,,0.0,31.1,7.15,9.87,,0,,0,4474.0,obs,893,31.1,20.71,10.98,,31.1,20.71,10.98,,31.1,7.15,9.87,,10.552,0,S2|S3,sub_s23,S2|S3,S2|S3,S2|S3
1786339730.636,c2,recommend,,0.0,26.76,9.2,3.72,,0,,0,200.0,obs,1203,26.76,14.03,4.0,,26.76,14.03,4.0,,26.76,9.2,3.72,,10.552,0,S2|S3,sub_s23,S2|S3,S2|S3,S2|S3
1786339731.636,c1,reserve,,0.0,26.34,6.49,3.29,,0,,0,36.0,obs,600,26.34,13.67,3.65,,26.34,13.67,3.65,,26.34,6.49,3.29,,10.526,0,S2|S3,sub_s23,S2|S3,S2|S3,S2|S3
1786339731.636,c1,search,,0.0,31.1,7.49,10.37,,0,,0,4474.0,obs,899,31.1,20.71,10.98,,31.1,20.71,10.98,,31.1,7.49,10.37,,10.526,0,S2|S3,sub_s23,S2|S3,S2|S3,S2|S3
1786339731.636,c1,recommend,,0.0,26.76,9.49,3.76,,0,,0,200.0,obs,1201,26.76,14.03,4.0,,26.76,14.03,4.0,,26.76,9.49,3.76,,10.526,0,S2|S3,sub_s23,S2|S3,S2|S3,S2|S3
1786339731.636,c2,reserve,,0.0,26.34,6.49,3.29,,0,,0,36.0,obs,600,26.34,13.67,3.65,,26.34,13.67,3.65,,26.34,6.49,3.29,,10.526,0,S2|S3,sub_s23,S2|S3,S2|S3,S2|S3
1786339731.636,c2,search,,0.0,31.1,7.49,10.37,,0,,0,4474.0,obs,899,31.1,20.71,10.98,,31.1,20.71,10.98,,31.1,7.49,10.37,,10.526,0,S2|S3,sub_s23,S2|S3,S2|S3,S2|S3
1786339731.636,c2,recommend,,0.0,26.76,9.49,3.76,,0,,0,200.0,obs,1201,26.76,14.03,4.0,,26.76,14.03,4.0,,26.76,9.49,3.76,,10.526,0,S2|S3,sub_s23,S2|S3,S2|S3,S2|S3
1786339732.635,c1,reserve,,0.0,26.34,6.51,3.61,,0,,0,36.0,obs,599,26.34,13.67,3.65,,26.34,13.67,3.65,,26.34,6.51,3.61,,9.77,0,S2|S3,sub_s23,S2|S3,S2|S3,S2|S3
1786339732.635,c1,search,,0.0,31.1,8.24,10.8,,0,,0,4474.0,obs,898,31.1,20.71,10.98,,31.1,20.71,10.98,,31.1,8.24,10.8,,9.77,0,S2|S3,sub_s23,S2|S3,S2|S3,S2|S3
1786339732.635,c1,recommend,,0.0,26.76,8.72,3.99,,0,,0,200.0,obs,1203,26.76,14.03,4.0,,26.76,14.03,4.0,,26.76,8.72,3.99,,9.77,0,S2|S3,sub_s23,S2|S3,S2|S3,S2|S3
1786339732.635,c2,reserve,,0.0,26.34,6.51,3.61,,0,,0,36.0,obs,599,26.34,13.67,3.65,,26.34,13.67,3.65,,26.34,6.51,3.61,,9.77,0,S2|S3,sub_s23,S2|S3,S2|S3,S2|S3
1786339732.635,c2,search,,0.0,31.1,8.24,10.8,,0,,0,4474.0,obs,898,31.1,20.71,10.98,,31.1,20.71,10.98,,31.1,8.24,10.8,,9.77,0,S2|S3,sub_s23,S2|S3,S2|S3,S2|S3
1786339732.635,c2,recommend,,0.0,26.76,8.72,3.99,,0,,0,200.0,obs,1203,26.76,14.03,4.0,,26.76,14.03,4.0,,26.76,8.72,3.99,,9.77,0,S2|S3,sub_s23,S2|S3,S2|S3,S2|S3
1786339733.635,c1,reserve,,0.0,26.34,6.64,3.63,,0,,0,36.0,obs,605,26.34,13.67,3.65,,26.34,13.67,3.65,,26.34,6.64,3.63,,9.878,0,S2|S3,sub_s23,S2|S3,S2|S3,S2|S3
1786339733.635,c1,search,,0.0,31.1,8.2,10.84,,0,,0,4474.0,obs,899,31.1,20.71,10.98,,31.1,20.71,10.98,,31.1,8.2,10.84,,9.878,0,S2|S3,sub_s23,S2|S3,S2|S3,S2|S3
1786339733.635,c1,recommend,,0.0,26.76,8.63,3.97,,0,,0,200.0,obs,1200,26.76,14.03,4.0,,26.76,14.03,4.0,,26.76,8.63,3.97,,9.878,0,S2|S3,sub_s23,S2|S3,S2|S3,S2|S3
1786339733.635,c2,reserve,,0.0,26.34,6.64,3.63,,0,,0,36.0,obs,605,26.34,13.67,3.65,,26.34,13.67,3.65,,26.34,6.64,3.63,,9.878,0,S2|S3,sub_s23,S2|S3,S2|S3,S2|S3
1786339733.635,c2,search,,0.0,31.1,8.2,10.84,,0,,0,4474.0,obs,899,31.1,20.71,10.98,,31.1,20.71,10.98,,31.1,8.2,10.84,,9.878,0,S2|S3,sub_s23,S2|S3,S2|S3,S2|S3
1786339733.635,c2,recommend,,0.0,26.76,8.63,3.97,,0,,0,200.0,obs,1200,26.76,14.03,4.0,,26.76,14.03,4.0,,26.76,8.63,3.97,,9.878,0,S2|S3,sub_s23,S2|S3,S2|S3,S2|S3
1786339734.635,c1,reserve,,0.0,26.34,7.03,3.38,,0,,0,36.0,obs,599,26.34,13.67,3.65,,26.34,13.67,3.65,,26.34,7.03,3.38,,10.022,0,S2|S3,sub_s23,S2|S3,S2|S3,S2|S3
1786339734.635,c1,search,,0.0,31.1,8.2,10.86,,0,,0,4474.0,obs,901,31.1,20.71,10.98,,31.1,20.71,10.98,,31.1,8.2,10.86,,10.022,0,S2|S3,sub_s23,S2|S3,S2|S3,S2|S3
1786339734.635,c1,recommend,,0.0,26.76,8.87,3.88,,0,,0,200.0,obs,1205,26.76,14.03,4.0,,26.76,14.03,4.0,,26.76,8.87,3.88,,10.022,0,S2|S3,sub_s23,S2|S3,S2|S3,S2|S3
1786339734.635,c2,reserve,,0.0,26.34,7.03,3.38,,0,,0,36.0,obs,599,26.34,13.67,3.65,,26.34,13.67,3.65,,26.34,7.03,3.38,,10.022,0,S2|S3,sub_s23,S2|S3,S2|S3,S2|S3
1786339734.635,c2,search,,0.0,31.1,8.2,10.86,,0,,0,4474.0,obs,901,31.1,20.71,10.98,,31.1,20.71,10.98,,31.1,8.2,10.86,,10.022,0,S2|S3,sub_s23,S2|S3,S2|S3,S2|S3
1786339734.635,c2,recommend,,0.0,26.76,8.87,3.88,,0,,0,200.0,obs,1205,26.76,14.03,4.0,,26.76,14.03,4.0,,26.76,8.87,3.88,,10.022,0,S2|S3,sub_s23,S2|S3,S2|S3,S2|S3
1786339735.635,c1,reserve,,0.0,26.34,7.15,3.38,,0,,0,36.0,obs,607,26.34,13.67,3.65,,26.34,13.67,3.65,,26.34,7.15,3.38,,9.903,0,S2|S3,sub_s23,S2|S3,S2|S3,S2|S3
1786339735.635,c1,search,,0.0,31.1,7.4,10.8,,0,,0,4474.0,obs,898,31.1,20.71,10.98,,31.1,20.71,10.98,,31.1,7.4,10.8,,9.903,0,S2|S3,sub_s23,S2|S3,S2|S3,S2|S3
1786339735.635,c1,recommend,,0.0,26.76,8.86,4.03,,0,,0,200.0,obs,1199,26.76,14.03,4.0,,26.76,14.03,4.0,,26.76,8.86,4.03,,9.903,0,S2|S3,sub_s23,S2|S3,S2|S3,S2|S3
1786339735.635,c2,reserve,,0.0,26.34,7.15,3.38,,0,,0,36.0,obs,607,26.34,13.67,3.65,,26.34,13.67,3.65,,26.34,7.15,3.38,,9.903,0,S2|S3,sub_s23,S2|S3,S2|S3,S2|S3
1786339735.635,c2,search,,0.0,31.1,7.4,10.8,,0,,0,4474.0,obs,898,31.1,20.71,10.98,,31.1,20.71,10.98,,31.1,7.4,10.8,,9.903,0,S2|S3,sub_s23,S2|S3,S2|S3,S2|S3
1786339735.635,c2,recommend,,0.0,26.76,8.86,4.03,,0,,0,200.0,obs,1199,26.76,14.03,4.0,,26.76,14.03,4.0,,26.76,8.86,4.03,,9.903,0,S2|S3,sub_s23,S2|S3,S2|S3,S2|S3
1786339736.635,c1,reserve,,0.0,26.34,7.16,3.49,,0,,0,36.0,obs,600,26.34,13.67,3.65,,26.34,13.67,3.65,,26.34,7.16,3.49,,10.416,0,S2|S3,sub_s23,S2|S3,S2|S3,S2|S3
1786339736.635,c1,search,,0.0,31.1,6.92,10.76,,0,,0,4474.0,obs,901,31.1,20.71,10.98,,31.1,20.71,10.98,,31.1,6.92,10.76,,10.416,0,S2|S3,sub_s23,S2|S3,S2|S3,S2|S3
1786339736.635,c1,recommend,,0.0,26.76,8.81,3.97,,0,,0,200.0,obs,1199,26.76,14.03,4.0,,26.76,14.03,4.0,,26.76,8.81,3.97,,10.416,0,S2|S3,sub_s23,S2|S3,S2|S3,S2|S3
1786339736.635,c2,reserve,,0.0,26.34,7.16,3.49,,0,,0,36.0,obs,600,26.34,13.67,3.65,,26.34,13.67,3.65,,26.34,7.16,3.49,,10.416,0,S2|S3,sub_s23,S2|S3,S2|S3,S2|S3
1786339736.635,c2,search,,0.0,31.1,6.92,10.76,,0,,0,4474.0,obs,901,31.1,20.71,10.98,,31.1,20.71,10.98,,31.1,6.92,10.76,,10.416,0,S2|S3,sub_s23,S2|S3,S2|S3,S2|S3
1786339736.635,c2,recommend,,0.0,26.76,8.81,3.97,,0,,0,200.0,obs,1199,26.76,14.03,4.0,,26.76,14.03,4.0,,26.76,8.81,3.97,,10.416,0,S2|S3,sub_s23,S2|S3,S2|S3,S2|S3
1786339737.636,c1,reserve,,0.0,26.34,7.13,3.35,,0,,0,36.0,obs,603,26.34,13.67,3.65,,26.34,13.67,3.65,,26.34,7.13,3.35,,10.463,0,S2|S3,sub_s23,S2|S3,S2|S3,S2|S3
1786339737.636,c1,search,,0.0,31.1,6.99,10.62,,0,,0,4474.0,obs,900,31.1,20.71,10.98,,31.1,20.71,10.98,,31.1,6.99,10.62,,10.463,0,S2|S3,sub_s23,S2|S3,S2|S3,S2|S3
1786339737.636,c1,recommend,,0.0,26.76,9.11,3.92,,0,,0,200.0,obs,1205,26.76,14.03,4.0,,26.76,14.03,4.0,,26.76,9.11,3.92,,10.463,0,S2|S3,sub_s23,S2|S3,S2|S3,S2|S3
1786339737.636,c2,reserve,,0.0,26.34,7.13,3.35,,0,,0,36.0,obs,603,26.34,13.67,3.65,,26.34,13.67,3.65,,26.34,7.13,3.35,,10.463,0,S2|S3,sub_s23,S2|S3,S2|S3,S2|S3
1786339737.636,c2,search,,0.0,31.1,6.99,10.62,,0,,0,4474.0,obs,900,31.1,20.71,10.98,,31.1,20.71,10.98,,31.1,6.99,10.62,,10.463,0,S2|S3,sub_s23,S2|S3,S2|S3,S2|S3
1786339737.636,c2,recommend,,0.0,26.76,9.11,3.92,,0,,0,200.0,obs,1205,26.76,14.03,4.0,,26.76,14.03,4.0,,26.76,9.11,3.92,,10.463,0,S2|S3,sub_s23,S2|S3,S2|S3,S2|S3
1786339738.635,c1,reserve,,0.0,26.34,7.04,3.45,,0,,0,36.0,obs,605,26.34,13.67,3.65,,26.34,13.67,3.65,,26.34,7.04,3.45,,10.338,0,S2|S3,sub_s23,S2|S3,S2|S3,S2|S3
1786339738.635,c1,search,,0.0,31.1,7.5,10.55,,0,,0,4474.0,obs,901,31.1,20.71,10.98,,31.1,20.71,10.98,,31.1,7.5,10.55,,10.338,0,S2|S3,sub_s23,S2|S3,S2|S3,S2|S3
1786339738.635,c1,recommend,,0.0,26.76,9.4,3.99,,0,,0,200.0,obs,1201,26.76,14.03,4.0,,26.76,14.03,4.0,,26.76,9.4,3.99,,10.338,0,S2|S3,sub_s23,S2|S3,S2|S3,S2|S3
1786339738.635,c2,reserve,,0.0,26.34,7.04,3.45,,0,,0,36.0,obs,605,26.34,13.67,3.65,,26.34,13.67,3.65,,26.34,7.04,3.45,,10.338,0,S2|S3,sub_s23,S2|S3,S2|S3,S2|S3
1786339738.635,c2,search,,0.0,31.1,7.5,10.55,,0,,0,4474.0,obs,901,31.1,20.71,10.98,,31.1,20.71,10.98,,31.1,7.5,10.55,,10.338,0,S2|S3,sub_s23,S2|S3,S2|S3,S2|S3
1786339738.635,c2,recommend,,0.0,26.76,9.4,3.99,,0,,0,200.0,obs,1201,26.76,14.03,4.0,,26.76,14.03,4.0,,26.76,9.4,3.99,,10.338,0,S2|S3,sub_s23,S2|S3,S2|S3,S2|S3
1786339739.635,c1,reserve,,0.0,26.34,7.08,3.63,,0,,0,36.0,obs,605,26.34,13.67,3.65,,26.34,13.67,3.65,,26.34,7.08,3.63,,9.842,0,S2|S3,sub_s23,S2|S3,S2|S3,S2|S3
1786339739.635,c1,search,,0.0,31.1,8.85,10.84,,0,,0,4474.0,obs,901,31.1,20.71,10.98,,31.1,20.71,10.98,,31.1,8.85,10.84,,9.842,0,S2|S3,sub_s23,S2|S3,S2|S3,S2|S3
1786339739.635,c1,recommend,,0.0,26.76,9.22,4.05,,0,,0,200.0,obs,1206,26.76,14.03,4.0,,26.76,14.03,4.0,,26.76,9.22,4.05,,9.842,0,S2|S3,sub_s23,S2|S3,S2|S3,S2|S3
1786339739.635,c2,reserve,,0.0,26.34,7.08,3.63,,0,,0,36.0,obs,605,26.34,13.67,3.65,,26.34,13.67,3.65,,26.34,7.08,3.63,,9.842,0,S2|S3,sub_s23,S2|S3,S2|S3,S2|S3
1786339739.635,c2,search,,0.0,31.1,8.85,10.84,,0,,0,4474.0,obs,901,31.1,20.71,10.98,,31.1,20.71,10.98,,31.1,8.85,10.84,,9.842,0,S2|S3,sub_s23,S2|S3,S2|S3,S2|S3
1786339739.635,c2,recommend,,0.0,26.76,9.22,4.05,,0,,0,200.0,obs,1206,26.76,14.03,4.0,,26.76,14.03,4.0,,26.76,9.22,4.05,,9.842,0,S2|S3,sub_s23,S2|S3,S2|S3,S2|S3
1786339740.635,c1,reserve,,0.0,26.34,7.3,3.36,,0,,0,36.0,obs,604,26.34,13.67,3.65,,26.34,13.67,3.65,,26.34,7.3,3.36,,10.418,0,S2|S3,sub_s23,S2|S3,S2|S3,S2|S3
1786339740.635,c1,search,,0.0,31.1,6.01,10.84,,0,,0,4474.0,obs,904,31.1,20.71,10.98,,31.1,20.71,10.98,,31.1,6.01,10.84,,10.418,0,S2|S3,sub_s23,S2|S3,S2|S3,S2|S3
1786339740.635,c1,recommend,,0.0,26.76,8.98,4.04,,0,,0,200.0,obs,1205,26.76,14.03,4.0,,26.76,14.03,4.0,,26.76,8.98,4.04,,10.418,0,S2|S3,sub_s23,S2|S3,S2|S3,S2|S3
1786339740.635,c2,reserve,,0.0,26.34,7.3,3.36,,0,,0,36.0,obs,604,26.34,13.67,3.65,,26.34,13.67,3.65,,26.34,7.3,3.36,,10.418,0,S2|S3,sub_s23,S2|S3,S2|S3,S2|S3
1786339740.635,c2,search,,0.0,31.1,6.01,10.84,,0,,0,4474.0,obs,904,31.1,20.71,10.98,,31.1,20.71,10.98,,31.1,6.01,10.84,,10.418,0,S2|S3,sub_s23,S2|S3,S2|S3,S2|S3
1786339740.635,c2,recommend,,0.0,26.76,8.98,4.04,,0,,0,200.0,obs,1205,26.76,14.03,4.0,,26.76,14.03,4.0,,26.76,8.98,4.04,,10.418,0,S2|S3,sub_s23,S2|S3,S2|S3,S2|S3
1786339741.635,c1,reserve,,0.0,26.34,7.08,3.36,,0,,0,36.0,obs,601,26.34,13.67,3.65,,26.34,13.67,3.65,,26.34,7.08,3.36,,9.933,0,S2|S3,sub_s23,S2|S3,S2|S3,S2|S3
1786339741.635,c1,search,,0.0,31.1,7.25,10.71,,0,,0,4474.0,obs,901,31.1,20.71,10.98,,31.1,20.71,10.98,,31.1,7.25,10.71,,9.933,0,S2|S3,sub_s23,S2|S3,S2|S3,S2|S3
1786339741.635,c1,recommend,,0.0,26.76,9.62,3.98,,0,,0,200.0,obs,1211,26.76,14.03,4.0,,26.76,14.03,4.0,,26.76,9.62,3.98,,9.933,0,S2|S3,sub_s23,S2|S3,S2|S3,S2|S3
1786339741.635,c2,reserve,,0.0,26.34,7.08,3.36,,0,,0,36.0,obs,601,26.34,13.67,3.65,,26.34,13.67,3.65,,26.34,7.08,3.36,,9.933,0,S2|S3,sub_s23,S2|S3,S2|S3,S2|S3
1786339741.635,c2,search,,0.0,31.1,7.25,10.71,,0,,0,4474.0,obs,901,31.1,20.71,10.98,,31.1,20.71,10.98,,31.1,7.25,10.71,,9.933,0,S2|S3,sub_s23,S2|S3,S2|S3,S2|S3
1786339741.635,c2,recommend,,0.0,26.76,9.62,3.98,,0,,0,200.0,obs,1211,26.76,14.03,4.0,,26.76,14.03,4.0,,26.76,9.62,3.98,,9.933,0,S2|S3,sub_s23,S2|S3,S2|S3,S2|S3
1786339742.635,c1,reserve,,0.0,26.34,6.79,3.53,,0,,0,36.0,obs,610,26.34,13.67,3.65,,26.34,13.67,3.65,,26.34,6.79,3.53,,9.933,0,S2|S3,sub_s23,S2|S3,S2|S3,S2|S3
1786339742.635,c1,search,,0.0,31.1,8.32,10.71,,0,,0,4474.0,obs,900,31.1,20.71,10.98,,31.1,20.71,10.98,,31.1,8.32,10.71,,9.933,0,S2|S3,sub_s23,S2|S3,S2|S3,S2|S3
1786339742.635,c1,recommend,,0.0,26.76,9.62,3.96,,0,,0,200.0,obs,1205,26.76,14.03,4.0,,26.76,14.03,4.0,,26.76,9.62,3.96,,9.933,0,S2|S3,sub_s23,S2|S3,S2|S3,S2|S3
1786339742.635,c2,reserve,,0.0,26.34,6.79,3.53,,0,,0,36.0,obs,610,26.34,13.67,3.65,,26.34,13.67,3.65,,26.34,6.79,3.53,,9.933,0,S2|S3,sub_s23,S2|S3,S2|S3,S2|S3
1786339742.635,c2,search,,0.0,31.1,8.32,10.71,,0,,0,4474.0,obs,900,31.1,20.71,10.98,,31.1,20.71,10.98,,31.1,8.32,10.71,,9.933,0,S2|S3,sub_s23,S2|S3,S2|S3,S2|S3
1786339742.635,c2,recommend,,0.0,26.76,9.62,3.96,,0,,0,200.0,obs,1205,26.76,14.03,4.0,,26.76,14.03,4.0,,26.76,9.62,3.96,,9.933,0,S2|S3,sub_s23,S2|S3,S2|S3,S2|S3
1786339743.635,c1,reserve,,0.0,26.34,6.45,3.64,,0,,0,36.0,obs,601,26.34,13.67,3.65,,26.34,13.67,3.65,,26.34,6.45,3.64,,10.337,0,S2|S3,sub_s23,S2|S3,S2|S3,S2|S3
1786339743.635,c1,search,,0.0,31.1,7.61,10.58,,0,,0,4474.0,obs,906,31.1,20.71,10.98,,31.1,20.71,10.98,,31.1,7.61,10.58,,10.337,0,S2|S3,sub_s23,S2|S3,S2|S3,S2|S3
1786339743.635,c1,recommend,,0.0,26.76,8.68,4.01,,0,,0,200.0,obs,1214,26.76,14.03,4.0,,26.76,14.03,4.0,,26.76,8.68,4.01,,10.337,0,S2|S3,sub_s23,S2|S3,S2|S3,S2|S3
1786339743.635,c2,reserve,,0.0,26.34,6.45,3.64,,0,,0,36.0,obs,601,26.34,13.67,3.65,,26.34,13.67,3.65,,26.34,6.45,3.64,,10.337,0,S2|S3,sub_s23,S2|S3,S2|S3,S2|S3
1786339743.635,c2,search,,0.0,31.1,7.61,10.58,,0,,0,4474.0,obs,906,31.1,20.71,10.98,,31.1,20.71,10.98,,31.1,7.61,10.58,,10.337,0,S2|S3,sub_s23,S2|S3,S2|S3,S2|S3
1786339743.635,c2,recommend,,0.0,26.76,8.68,4.01,,0,,0,200.0,obs,1214,26.76,14.03,4.0,,26.76,14.03,4.0,,26.76,8.68,4.01,,10.337,0,S2|S3,sub_s23,S2|S3,S2|S3,S2|S3
1786339744.635,c1,reserve,,0.0,26.34,6.23,3.69,,0,,0,36.0,obs,604,26.34,13.67,3.65,,26.34,13.67,3.65,,26.34,6.23,3.69,,10.186,0,S2|S3,sub_s23,S2|S3,S2|S3,S2|S3
1786339744.635,c1,search,,0.0,31.1,7.82,10.32,,0,,0,4474.0,obs,901,31.1,20.71,10.98,,31.1,20.71,10.98,,31.1,7.82,10.32,,10.186,0,S2|S3,sub_s23,S2|S3,S2|S3,S2|S3
1786339744.635,c1,recommend,,0.0,26.76,9.13,4.0,,0,,0,200.0,obs,1210,26.76,14.03,4.0,,26.76,14.03,4.0,,26.76,9.13,4.0,,10.186,0,S2|S3,sub_s23,S2|S3,S2|S3,S2|S3
1786339744.635,c2,reserve,,0.0,26.34,6.23,3.69,,0,,0,36.0,obs,604,26.34,13.67,3.65,,26.34,13.67,3.65,,26.34,6.23,3.69,,10.186,0,S2|S3,sub_s23,S2|S3,S2|S3,S2|S3
1786339744.635,c2,search,,0.0,31.1,7.82,10.32,,0,,0,4474.0,obs,901,31.1,20.71,10.98,,31.1,20.71,10.98,,31.1,7.82,10.32,,10.186,0,S2|S3,sub_s23,S2|S3,S2|S3,S2|S3
1786339744.635,c2,recommend,,0.0,26.76,9.13,4.0,,0,,0,200.0,obs,1210,26.76,14.03,4.0,,26.76,14.03,4.0,,26.76,9.13,4.0,,10.186,0,S2|S3,sub_s23,S2|S3,S2|S3,S2|S3
1786339745.636,c1,reserve,,0.0,26.34,7.07,3.58,,0,,0,36.0,obs,604,26.34,13.67,3.65,,26.34,13.67,3.65,,26.34,7.07,3.58,,10.793,0,S2|S3,sub_s23,S2|S3,S2|S3,S2|S3
1786339745.636,c1,search,,0.0,31.1,8.59,10.36,,0,,0,4474.0,obs,908,31.1,20.71,10.98,,31.1,20.71,10.98,,31.1,8.59,10.36,,10.793,0,S2|S3,sub_s23,S2|S3,S2|S3,S2|S3
1786339745.636,c1,recommend,,0.0,26.76,9.03,3.9,,0,,0,200.0,obs,1209,26.76,14.03,4.0,,26.76,14.03,4.0,,26.76,9.03,3.9,,10.793,0,S2|S3,sub_s23,S2|S3,S2|S3,S2|S3
1786339745.636,c2,reserve,,0.0,26.34,7.07,3.58,,0,,0,36.0,obs,604,26.34,13.67,3.65,,26.34,13.67,3.65,,26.34,7.07,3.58,,10.793,0,S2|S3,sub_s23,S2|S3,S2|S3,S2|S3
1786339745.636,c2,search,,0.0,31.1,8.59,10.36,,0,,0,4474.0,obs,908,31.1,20.71,10.98,,31.1,20.71,10.98,,31.1,8.59,10.36,,10.793,0,S2|S3,sub_s23,S2|S3,S2|S3,S2|S3
1786339745.636,c2,recommend,,0.0,26.76,9.03,3.9,,0,,0,200.0,obs,1209,26.76,14.03,4.0,,26.76,14.03,4.0,,26.76,9.03,3.9,,10.793,0,S2|S3,sub_s23,S2|S3,S2|S3,S2|S3
1786339746.635,c1,reserve,,0.0,26.34,6.87,3.5,,0,,0,36.0,obs,604,26.34,13.67,3.65,,26.34,13.67,3.65,,26.34,6.87,3.5,,9.988,0,S2|S3,sub_s23,S2|S3,S2|S3,S2|S3
1786339746.635,c1,search,,0.0,31.1,8.49,10.61,,0,,0,4474.0,obs,904,31.1,20.71,10.98,,31.1,20.71,10.98,,31.1,8.49,10.61,,9.988,0,S2|S3,sub_s23,S2|S3,S2|S3,S2|S3
1786339746.635,c1,recommend,,0.0,26.76,8.68,3.85,,0,,0,200.0,obs,1215,26.76,14.03,4.0,,26.76,14.03,4.0,,26.76,8.68,3.85,,9.988,0,S2|S3,sub_s23,S2|S3,S2|S3,S2|S3
1786339746.635,c2,reserve,,0.0,26.34,6.87,3.5,,0,,0,36.0,obs,604,26.34,13.67,3.65,,26.34,13.67,3.65,,26.34,6.87,3.5,,9.988,0,S2|S3,sub_s23,S2|S3,S2|S3,S2|S3
1786339746.635,c2,search,,0.0,31.1,8.49,10.61,,0,,0,4474.0,obs,904,31.1,20.71,10.98,,31.1,20.71,10.98,,31.1,8.49,10.61,,9.988,0,S2|S3,sub_s23,S2|S3,S2|S3,S2|S3
1786339746.635,c2,recommend,,0.0,26.76,8.68,3.85,,0,,0,200.0,obs,1215,26.76,14.03,4.0,,26.76,14.03,4.0,,26.76,8.68,3.85,,9.988,0,S2|S3,sub_s23,S2|S3,S2|S3,S2|S3
1786339747.635,c1,reserve,,0.0,26.34,7.64,3.55,,0,,0,36.0,obs,608,26.34,13.67,3.65,,26.34,13.67,3.65,,26.34,7.64,3.55,,10.058,0,S2|S3,sub_s23,S2|S3,S2|S3,S2|S3
1786339747.635,c1,search,,0.0,31.1,8.08,10.65,,0,,0,4474.0,obs,908,31.1,20.71,10.98,,31.1,20.71,10.98,,31.1,8.08,10.65,,10.058,0,S2|S3,sub_s23,S2|S3,S2|S3,S2|S3
1786339747.635,c1,recommend,,0.0,26.76,8.91,3.87,,0,,0,200.0,obs,1211,26.76,14.03,4.0,,26.76,14.03,4.0,,26.76,8.91,3.87,,10.058,0,S2|S3,sub_s23,S2|S3,S2|S3,S2|S3
1786339747.635,c2,reserve,,0.0,26.34,7.64,3.55,,0,,0,36.0,obs,608,26.34,13.67,3.65,,26.34,13.67,3.65,,26.34,7.64,3.55,,10.058,0,S2|S3,sub_s23,S2|S3,S2|S3,S2|S3
1786339747.635,c2,search,,0.0,31.1,8.08,10.65,,0,,0,4474.0,obs,908,31.1,20.71,10.98,,31.1,20.71,10.98,,31.1,8.08,10.65,,10.058,0,S2|S3,sub_s23,S2|S3,S2|S3,S2|S3
1786339747.635,c2,recommend,,0.0,26.76,8.91,3.87,,0,,0,200.0,obs,1211,26.76,14.03,4.0,,26.76,14.03,4.0,,26.76,8.91,3.87,,10.058,0,S2|S3,sub_s23,S2|S3,S2|S3,S2|S3
1786339748.635,c1,reserve,,0.0,26.34,6.97,3.61,,0,,0,36.0,obs,605,26.34,13.67,3.65,,26.34,13.67,3.65,,26.34,6.97,3.61,,10.388,0,S2|S3,sub_s23,S2|S3,S2|S3,S2|S3
1786339748.635,c1,search,,0.0,31.1,7.9,10.62,,0,,0,4474.0,obs,906,31.1,20.71,10.98,,31.1,20.71,10.98,,31.1,7.9,10.62,,10.388,0,S2|S3,sub_s23,S2|S3,S2|S3,S2|S3
1786339748.635,c1,recommend,,0.0,26.76,9.21,3.9,,0,,0,200.0,obs,1216,26.76,14.03,4.0,,26.76,14.03,4.0,,26.76,9.21,3.9,,10.388,0,S2|S3,sub_s23,S2|S3,S2|S3,S2|S3
1786339748.635,c2,reserve,,0.0,26.34,6.97,3.61,,0,,0,36.0,obs,605,26.34,13.67,3.65,,26.34,13.67,3.65,,26.34,6.97,3.61,,10.388,0,S2|S3,sub_s23,S2|S3,S2|S3,S2|S3
1786339748.635,c2,search,,0.0,31.1,7.9,10.62,,0,,0,4474.0,obs,906,31.1,20.71,10.98,,31.1,20.71,10.98,,31.1,7.9,10.62,,10.388,0,S2|S3,sub_s23,S2|S3,S2|S3,S2|S3
1786339748.635,c2,recommend,,0.0,26.76,9.21,3.9,,0,,0,200.0,obs,1216,26.76,14.03,4.0,,26.76,14.03,4.0,,26.76,9.21,3.9,,10.388,0,S2|S3,sub_s23,S2|S3,S2|S3,S2|S3
1786339749.636,c1,reserve,,0.0,26.34,6.33,3.61,,0,,0,36.0,obs,608,26.34,13.67,3.65,,26.34,13.67,3.65,,26.34,6.33,3.61,,10.584,0,S2|S3,sub_s23,S2|S3,S2|S3,S2|S3
1786339749.636,c1,search,,0.0,31.1,6.89,10.59,,0,,0,4474.0,obs,904,31.1,20.71,10.98,,31.1,20.71,10.98,,31.1,6.89,10.59,,10.584,0,S2|S3,sub_s23,S2|S3,S2|S3,S2|S3
1786339749.636,c1,recommend,,0.0,26.76,8.85,3.93,,0,,0,200.0,obs,1207,26.76,14.03,4.0,,26.76,14.03,4.0,,26.76,8.85,3.93,,10.584,0,S2|S3,sub_s23,S2|S3,S2|S3,S2|S3
1786339749.636,c2,reserve,,0.0,26.34,6.33,3.61,,0,,0,36.0,obs,608,26.34,13.67,3.65,,26.34,13.67,3.65,,26.34,6.33,3.61,,10.584,0,S2|S3,sub_s23,S2|S3,S2|S3,S2|S3
1786339749.636,c2,search,,0.0,31.1,6.89,10.59,,0,,0,4474.0,obs,904,31.1,20.71,10.98,,31.1,20.71,10.98,,31.1,6.89,10.59,,10.584,0,S2|S3,sub_s23,S2|S3,S2|S3,S2|S3
1786339749.636,c2,recommend,,0.0,26.76,8.85,3.93,,0,,0,200.0,obs,1207,26.76,14.03,4.0,,26.76,14.03,4.0,,26.76,8.85,3.93,,10.584,0,S2|S3,sub_s23,S2|S3,S2|S3,S2|S3
1786339750.635,c1,reserve,,0.0,26.34,6.48,3.59,,0,,0,36.0,obs,604,26.34,13.67,3.65,,26.34,13.67,3.65,,26.34,6.48,3.59,,10.264,0,S2|S3,sub_s23,S2|S3,S2|S3,S2|S3
1786339750.635,c1,search,,0.0,31.1,6.34,10.75,,0,,0,4474.0,obs,909,31.1,20.71,10.98,,31.1,20.71,10.98,,31.1,6.34,10.75,,10.264,0,S2|S3,sub_s23,S2|S3,S2|S3,S2|S3
1786339750.635,c1,recommend,,0.0,26.76,7.8,3.95,,0,,0,200.0,obs,1218,26.76,14.03,4.0,,26.76,14.03,4.0,,26.76,7.8,3.95,,10.264,0,S2|S3,sub_s23,S2|S3,S2|S3,S2|S3
1786339750.635,c2,reserve,,0.0,26.34,6.48,3.59,,0,,0,36.0,obs,604,26.34,13.67,3.65,,26.34,13.67,3.65,,26.34,6.48,3.59,,10.264,0,S2|S3,sub_s23,S2|S3,S2|S3,S2|S3
1786339750.635,c2,search,,0.0,31.1,6.34,10.75,,0,,0,4474.0,obs,909,31.1,20.71,10.98,,31.1,20.71,10.98,,31.1,6.34,10.75,,10.264,0,S2|S3,sub_s23,S2|S3,S2|S3,S2|S3
1786339750.635,c2,recommend,,0.0,26.76,7.8,3.95,,0,,0,200.0,obs,1218,26.76,14.03,4.0,,26.76,14.03,4.0,,26.76,7.8,3.95,,10.264,0,S2|S3,sub_s23,S2|S3,S2|S3,S2|S3
1786339751.635,c1,reserve,,0.0,26.34,6.53,3.51,,0,,0,36.0,obs,609,26.34,13.67,3.65,,26.34,13.67,3.65,,26.34,6.53,3.51,,10.007,0,S2|S3,sub_s23,S2|S3,S2|S3,S2|S3
1786339751.635,c1,search,,0.0,31.1,8.02,10.83,,0,,0,4474.0,obs,905,31.1,20.71,10.98,,31.1,20.71,10.98,,31.1,8.02,10.83,,10.007,0,S2|S3,sub_s23,S2|S3,S2|S3,S2|S3
1786339751.635,c1,recommend,,0.0,26.76,9.03,3.92,,0,,0,200.0,obs,1218,26.76,14.03,4.0,,26.76,14.03,4.0,,26.76,9.03,3.92,,10.007,0,S2|S3,sub_s23,S2|S3,S2|S3,S2|S3
1786339751.635,c2,reserve,,0.0,26.34,6.53,3.51,,0,,0,36.0,obs,609,26.34,13.67,3.65,,26.34,13.67,3.65,,26.34,6.53,3.51,,10.007,0,S2|S3,sub_s23,S2|S3,S2|S3,S2|S3
1786339751.635,c2,search,,0.0,31.1,8.02,10.83,,0,,0,4474.0,obs,905,31.1,20.71,10.98,,31.1,20.71,10.98,,31.1,8.02,10.83,,10.007,0,S2|S3,sub_s23,S2|S3,S2|S3,S2|S3
1786339751.635,c2,recommend,,0.0,26.76,9.03,3.92,,0,,0,200.0,obs,1218,26.76,14.03,4.0,,26.76,14.03,4.0,,26.76,9.03,3.92,,10.007,0,S2|S3,sub_s23,S2|S3,S2|S3,S2|S3
1786339752.635,c1,reserve,,0.0,26.34,6.33,3.41,,0,,0,36.0,obs,607,26.34,13.67,3.65,,26.34,13.67,3.65,,26.34,6.33,3.41,,10.092,0,S2|S3,sub_s23,S2|S3,S2|S3,S2|S3
1786339752.635,c1,search,,0.0,31.1,7.06,10.71,,0,,0,4474.0,obs,911,31.1,20.71,10.98,,31.1,20.71,10.98,,31.1,7.06,10.71,,10.092,0,S2|S3,sub_s23,S2|S3,S2|S3,S2|S3
1786339752.635,c1,recommend,,0.0,26.76,8.86,3.87,,0,,0,200.0,obs,1214,26.76,14.03,4.0,,26.76,14.03,4.0,,26.76,8.86,3.87,,10.092,0,S2|S3,sub_s23,S2|S3,S2|S3,S2|S3
1786339752.635,c2,reserve,,0.0,26.34,6.33,3.41,,0,,0,36.0,obs,607,26.34,13.67,3.65,,26.34,13.67,3.65,,26.34,6.33,3.41,,10.092,0,S2|S3,sub_s23,S2|S3,S2|S3,S2|S3
1786339752.635,c2,search,,0.0,31.1,7.06,10.71,,0,,0,4474.0,obs,911,31.1,20.71,10.98,,31.1,20.71,10.98,,31.1,7.06,10.71,,10.092,0,S2|S3,sub_s23,S2|S3,S2|S3,S2|S3
1786339752.635,c2,recommend,,0.0,26.76,8.86,3.87,,0,,0,200.0,obs,1214,26.76,14.03,4.0,,26.76,14.03,4.0,,26.76,8.86,3.87,,10.092,0,S2|S3,sub_s23,S2|S3,S2|S3,S2|S3
1786339753.636,c1,reserve,,0.0,26.34,6.75,3.52,,0,,0,36.0,obs,606,26.34,13.67,3.65,,26.34,13.67,3.65,,26.34,6.75,3.52,,10.641,0,S2|S3,sub_s23,S2|S3,S2|S3,S2|S3
1786339753.636,c1,search,,0.0,31.1,7.17,10.77,,0,,0,4474.0,obs,907,31.1,20.71,10.98,,31.1,20.71,10.98,,31.1,7.17,10.77,,10.641,0,S2|S3,sub_s23,S2|S3,S2|S3,S2|S3
1786339753.636,c1,recommend,,0.0,26.76,8.63,3.95,,0,,0,200.0,obs,1217,26.76,14.03,4.0,,26.76,14.03,4.0,,26.76,8.63,3.95,,10.641,0,S2|S3,sub_s23,S2|S3,S2|S3,S2|S3
1786339753.636,c2,reserve,,0.0,26.34,6.75,3.52,,0,,0,36.0,obs,606,26.34,13.67,3.65,,26.34,13.67,3.65,,26.34,6.75,3.52,,10.641,0,S2|S3,sub_s23,S2|S3,S2|S3,S2|S3
1786339753.636,c2,search,,0.0,31.1,7.17,10.77,,0,,0,4474.0,obs,907,31.1,20.71,10.98,,31.1,20.71,10.98,,31.1,7.17,10.77,,10.641,0,S2|S3,sub_s23,S2|S3,S2|S3,S2|S3
1786339753.636,c2,recommend,,0.0,26.76,8.63,3.95,,0,,0,200.0,obs,1217,26.76,14.03,4.0,,26.76,14.03,4.0,,26.76,8.63,3.95,,10.641,0,S2|S3,sub_s23,S2|S3,S2|S3,S2|S3
1786339754.635,c1,reserve,,0.0,26.34,6.91,3.52,,0,,0,36.0,obs,610,26.34,13.67,3.65,,26.34,13.67,3.65,,26.34,6.91,3.52,,10.057,0,S2|S3,sub_s23,S2|S3,S2|S3,S2|S3
1786339754.635,c1,search,,0.0,31.1,7.35,10.82,,0,,0,4474.0,obs,912,31.1,20.71,10.98,,31.1,20.71,10.98,,31.1,7.35,10.82,,10.057,0,S2|S3,sub_s23,S2|S3,S2|S3,S2|S3
1786339754.635,c1,recommend,,0.0,26.76,8.66,3.97,,0,,0,200.0,obs,1214,26.76,14.03,4.0,,26.76,14.03,4.0,,26.76,8.66,3.97,,10.057,0,S2|S3,sub_s23,S2|S3,S2|S3,S2|S3
1786339754.635,c2,reserve,,0.0,26.34,6.91,3.52,,0,,0,36.0,obs,610,26.34,13.67,3.65,,26.34,13.67,3.65,,26.34,6.91,3.52,,10.057,0,S2|S3,sub_s23,S2|S3,S2|S3,S2|S3
1786339754.635,c2,search,,0.0,31.1,7.35,10.82,,0,,0,4474.0,obs,912,31.1,20.71,10.98,,31.1,20.71,10.98,,31.1,7.35,10.82,,10.057,0,S2|S3,sub_s23,S2|S3,S2|S3,S2|S3
1786339754.635,c2,recommend,,0.0,26.76,8.66,3.97,,0,,0,200.0,obs,1214,26.76,14.03,4.0,,26.76,14.03,4.0,,26.76,8.66,3.97,,10.057,0,S2|S3,sub_s23,S2|S3,S2|S3,S2|S3
1786339755.635,c1,reserve,,0.0,26.34,6.6,3.62,,0,,0,36.0,obs,607,26.34,13.67,3.65,,26.34,13.67,3.65,,26.34,6.6,3.62,,9.957,0,S2|S3,sub_s23,S2|S3,S2|S3,S2|S3
1786339755.635,c1,search,,0.0,31.1,7.56,10.64,,0,,0,4474.0,obs,910,31.1,20.71,10.98,,31.1,20.71,10.98,,31.1,7.56,10.64,,9.957,0,S2|S3,sub_s23,S2|S3,S2|S3,S2|S3
1786339755.635,c1,recommend,,0.0,26.76,7.92,3.91,,0,,0,200.0,obs,1220,26.76,14.03,4.0,,26.76,14.03,4.0,,26.76,7.92,3.91,,9.957,0,S2|S3,sub_s23,S2|S3,S2|S3,S2|S3
1786339755.635,c2,reserve,,0.0,26.34,6.6,3.62,,0,,0,36.0,obs,607,26.34,13.67,3.65,,26.34,13.67,3.65,,26.34,6.6,3.62,,9.957,0,S2|S3,sub_s23,S2|S3,S2|S3,S2|S3
1786339755.635,c2,search,,0.0,31.1,7.56,10.64,,0,,0,4474.0,obs,910,31.1,20.71,10.98,,31.1,20.71,10.98,,31.1,7.56,10.64,,9.957,0,S2|S3,sub_s23,S2|S3,S2|S3,S2|S3
1786339755.635,c2,recommend,,0.0,26.76,7.92,3.91,,0,,0,200.0,obs,1220,26.76,14.03,4.0,,26.76,14.03,4.0,,26.76,7.92,3.91,,9.957,0,S2|S3,sub_s23,S2|S3,S2|S3,S2|S3
1786339756.636,c1,reserve,,0.0,26.34,6.65,3.61,,0,,0,36.0,obs,612,26.34,13.67,3.65,,26.34,13.67,3.65,,26.34,6.65,3.61,,10.686,0,S2|S3,sub_s23,S2|S3,S2|S3,S2|S3
1786339756.636,c1,search,,0.0,31.1,7.48,10.62,,0,,0,4474.0,obs,908,31.1,20.71,10.98,,31.1,20.71,10.98,,31.1,7.48,10.62,,10.686,0,S2|S3,sub_s23,S2|S3,S2|S3,S2|S3
1786339756.636,c1,recommend,,0.0,26.76,8.28,3.86,,0,,0,200.0,obs,1215,26.76,14.03,4.0,,26.76,14.03,4.0,,26.76,8.28,3.86,,10.686,0,S2|S3,sub_s23,S2|S3,S2|S3,S2|S3
1786339756.636,c2,reserve,,0.0,26.34,6.65,3.61,,0,,0,36.0,obs,612,26.34,13.67,3.65,,26.34,13.67,3.65,,26.34,6.65,3.61,,10.686,0,S2|S3,sub_s23,S2|S3,S2|S3,S2|S3
1786339756.636,c2,search,,0.0,31.1,7.48,10.62,,0,,0,4474.0,obs,908,31.1,20.71,10.98,,31.1,20.71,10.98,,31.1,7.48,10.62,,10.686,0,S2|S3,sub_s23,S2|S3,S2|S3,S2|S3
1786339756.636,c2,recommend,,0.0,26.76,8.28,3.86,,0,,0,200.0,obs,1215,26.76,14.03,4.0,,26.76,14.03,4.0,,26.76,8.28,3.86,,10.686,0,S2|S3,sub_s23,S2|S3,S2|S3,S2|S3
1786339757.636,c1,reserve,,0.0,26.34,7.66,3.54,,0,,0,36.0,obs,606,26.34,13.67,3.65,,26.34,13.67,3.65,,26.34,7.66,3.54,,10.488,0,S2|S3,sub_s23,S2|S3,S2|S3,S2|S3
1786339757.636,c1,search,,0.0,31.1,8.24,10.57,,0,,0,4474.0,obs,913,31.1,20.71,10.98,,31.1,20.71,10.98,,31.1,8.24,10.57,,10.488,0,S2|S3,sub_s23,S2|S3,S2|S3,S2|S3
1786339757.636,c1,recommend,,0.0,26.76,9.43,3.75,,0,,0,200.0,obs,1222,26.76,14.03,4.0,,26.76,14.03,4.0,,26.76,9.43,3.75,,10.488,0,S2|S3,sub_s23,S2|S3,S2|S3,S2|S3
1786339757.636,c2,reserve,,0.0,26.34,7.66,3.54,,0,,0,36.0,obs,606,26.34,13.67,3.65,,26.34,13.67,3.65,,26.34,7.66,3.54,,10.488,0,S2|S3,sub_s23,S2|S3,S2|S3,S2|S3
1786339757.636,c2,search,,0.0,31.1,8.24,10.57,,0,,0,4474.0,obs,913,31.1,20.71,10.98,,31.1,20.71,10.98,,31.1,8.24,10.57,,10.488,0,S2|S3,sub_s23,S2|S3,S2|S3,S2|S3
1786339757.636,c2,recommend,,0.0,26.76,9.43,3.75,,0,,0,200.0,obs,1222,26.76,14.03,4.0,,26.76,14.03,4.0,,26.76,9.43,3.75,,10.488,0,S2|S3,sub_s23,S2|S3,S2|S3,S2|S3
1786339758.635,c1,reserve,,0.0,26.34,7.37,3.15,,0,,0,36.0,obs,612,26.34,13.67,3.65,,26.34,13.67,3.65,,26.34,7.37,3.15,,10.286,0,S2|S3,sub_s23,S2|S3,S2|S3,S2|S3
1786339758.635,c1,search,,0.0,31.1,8.91,10.09,,0,,0,4474.0,obs,907,31.1,20.71,10.98,,31.1,20.71,10.98,,31.1,8.91,10.09,,10.286,0,S2|S3,sub_s23,S2|S3,S2|S3,S2|S3
1786339758.635,c1,recommend,,0.0,26.76,9.17,3.76,,0,,0,200.0,obs,1220,26.76,14.03,4.0,,26.76,14.03,4.0,,26.76,9.17,3.76,,10.286,0,S2|S3,sub_s23,S2|S3,S2|S3,S2|S3
1786339758.635,c2,reserve,,0.0,26.34,7.37,3.15,,0,,0,36.0,obs,612,26.34,13.67,3.65,,26.34,13.67,3.65,,26.34,7.37,3.15,,10.286,0,S2|S3,sub_s23,S2|S3,S2|S3,S2|S3
1786339758.635,c2,search,,0.0,31.1,8.91,10.09,,0,,0,4474.0,obs,907,31.1,20.71,10.98,,31.1,20.71,10.98,,31.1,8.91,10.09,,10.286,0,S2|S3,sub_s23,S2|S3,S2|S3,S2|S3
1786339758.635,c2,recommend,,0.0,26.76,9.17,3.76,,0,,0,200.0,obs,1220,26.76,14.03,4.0,,26.76,14.03,4.0,,26.76,9.17,3.76,,10.286,0,S2|S3,sub_s23,S2|S3,S2|S3,S2|S3
1786339759.635,c1,reserve,,0.0,26.34,6.2,3.12,,0,,0,36.0,obs,608,26.34,13.67,3.65,,26.34,13.67,3.65,,26.34,6.2,3.12,,9.851,0,S2|S3,sub_s23,S2|S3,S2|S3,S2|S3
1786339759.635,c1,search,,0.0,31.1,7.59,10.07,,0,,0,4474.0,obs,915,31.1,20.71,10.98,,31.1,20.71,10.98,,31.1,7.59,10.07,,9.851,0,S2|S3,sub_s23,S2|S3,S2|S3,S2|S3
1786339759.635,c1,recommend,,0.0,26.76,8.16,3.99,,0,,0,200.0,obs,1219,26.76,14.03,4.0,,26.76,14.03,4.0,,26.76,8.16,3.99,,9.851,0,S2|S3,sub_s23,S2|S3,S2|S3,S2|S3
1786339759.635,c2,reserve,,0.0,26.34,6.2,3.12,,0,,0,36.0,obs,608,26.34,13.67,3.65,,26.34,13.67,3.65,,26.34,6.2,3.12,,9.851,0,S2|S3,sub_s23,S2|S3,S2|S3,S2|S3
1786339759.635,c2,search,,0.0,31.1,7.59,10.07,,0,,0,4474.0,obs,915,31.1,20.71,10.98,,31.1,20.71,10.98,,31.1,7.59,10.07,,9.851,0,S2|S3,sub_s23,S2|S3,S2|S3,S2|S3
1786339759.635,c2,recommend,,0.0,26.76,8.16,3.99,,0,,0,200.0,obs,1219,26.76,14.03,4.0,,26.76,14.03,4.0,,26.76,8.16,3.99,,9.851,0,S2|S3,sub_s23,S2|S3,S2|S3,S2|S3
1786339760.636,c1,reserve,,0.0,26.34,6.18,3.38,,0,,0,36.0,obs,611,26.34,13.67,3.65,,26.34,13.67,3.65,,26.34,6.18,3.38,,10.481,0,S2|S3,sub_s23,S2|S3,S2|S3,S2|S3
1786339760.636,c1,search,,0.0,31.1,7.69,10.48,,0,,0,4474.0,obs,912,31.1,20.71,10.98,,31.1,20.71,10.98,,31.1,7.69,10.48,,10.481,0,S2|S3,sub_s23,S2|S3,S2|S3,S2|S3
1786339760.636,c1,recommend,,0.0,26.76,8.62,3.97,,0,,0,200.0,obs,1221,26.76,14.03,4.0,,26.76,14.03,4.0,,26.76,8.62,3.97,,10.481,0,S2|S3,sub_s23,S2|S3,S2|S3,S2|S3
1786339760.636,c2,reserve,,0.0,26.34,6.18,3.38,,0,,0,36.0,obs,611,26.34,13.67,3.65,,26.34,13.67,3.65,,26.34,6.18,3.38,,10.481,0,S2|S3,sub_s23,S2|S3,S2|S3,S2|S3
1786339760.636,c2,search,,0.0,31.1,7.69,10.48,,0,,0,4474.0,obs,912,31.1,20.71,10.98,,31.1,20.71,10.98,,31.1,7.69,10.48,,10.481,0,S2|S3,sub_s23,S2|S3,S2|S3,S2|S3
1786339760.636,c2,recommend,,0.0,26.76,8.62,3.97,,0,,0,200.0,obs,1221,26.76,14.03,4.0,,26.76,14.03,4.0,,26.76,8.62,3.97,,10.481,0,S2|S3,sub_s23,S2|S3,S2|S3,S2|S3
1786339761.635,c1,reserve,,0.0,26.34,7.07,3.61,,0,,0,36.0,obs,609,26.34,13.67,3.65,,26.34,13.67,3.65,,26.34,7.07,3.61,,10.39,0,S2|S3,sub_s23,S2|S3,S2|S3,S2|S3
1786339761.635,c1,search,,0.0,31.1,8.53,10.53,,0,,0,4474.0,obs,915,31.1,20.71,10.98,,31.1,20.71,10.98,,31.1,8.53,10.53,,10.39,0,S2|S3,sub_s23,S2|S3,S2|S3,S2|S3
1786339761.635,c1,recommend,,0.0,26.76,8.66,3.92,,0,,0,200.0,obs,1219,26.76,14.03,4.0,,26.76,14.03,4.0,,26.76,8.66,3.92,,10.39,0,S2|S3,sub_s23,S2|S3,S2|S3,S2|S3
1786339761.635,c2,reserve,,0.0,26.34,7.07,3.61,,0,,0,36.0,obs,609,26.34,13.67,3.65,,26.34,13.67,3.65,,26.34,7.07,3.61,,10.39,0,S2|S3,sub_s23,S2|S3,S2|S3,S2|S3
1786339761.635,c2,search,,0.0,31.1,8.53,10.53,,0,,0,4474.0,obs,915,31.1,20.71,10.98,,31.1,20.71,10.98,,31.1,8.53,10.53,,10.39,0,S2|S3,sub_s23,S2|S3,S2|S3,S2|S3
1786339761.635,c2,recommend,,0.0,26.76,8.66,3.92,,0,,0,200.0,obs,1219,26.76,14.03,4.0,,26.76,14.03,4.0,,26.76,8.66,3.92,,10.39,0,S2|S3,sub_s23,S2|S3,S2|S3,S2|S3
1786339762.635,c1,reserve,,0.0,26.34,7.45,3.61,,0,,0,36.0,obs,607,26.34,13.67,3.65,,26.34,13.67,3.65,,26.34,7.45,3.61,,10.008,0,S2|S3,sub_s23,S2|S3,S2|S3,S2|S3
1786339762.635,c1,search,,0.0,31.1,8.15,10.63,,0,,0,4474.0,obs,914,31.1,20.71,10.98,,31.1,20.71,10.98,,31.1,8.15,10.63,,10.008,0,S2|S3,sub_s23,S2|S3,S2|S3,S2|S3
1786339762.635,c1,recommend,,0.0,26.76,9.47,3.94,,0,,0,200.0,obs,1223,26.76,14.03,4.0,,26.76,14.03,4.0,,26.76,9.47,3.94,,10.008,0,S2|S3,sub_s23,S2|S3,S2|S3,S2|S3
1786339762.635,c2,reserve,,0.0,26.34,7.45,3.61,,0,,0,36.0,obs,607,26.34,13.67,3.65,,26.34,13.67,3.65,,26.34,7.45,3.61,,10.008,0,S2|S3,sub_s23,S2|S3,S2|S3,S2|S3
1786339762.635,c2,search,,0.0,31.1,8.15,10.63,,0,,0,4474.0,obs,914,31.1,20.71,10.98,,31.1,20.71,10.98,,31.1,8.15,10.63,,10.008,0,S2|S3,sub_s23,S2|S3,S2|S3,S2|S3
1786339762.635,c2,recommend,,0.0,26.76,9.47,3.94,,0,,0,200.0,obs,1223,26.76,14.03,4.0,,26.76,14.03,4.0,,26.76,9.47,3.94,,10.008,0,S2|S3,sub_s23,S2|S3,S2|S3,S2|S3
1786339763.635,c1,reserve,,0.0,26.34,7.01,3.64,,0,,0,36.0,obs,614,26.34,13.67,3.65,,26.34,13.67,3.65,,26.34,7.01,3.64,,9.939,0,S2|S3,sub_s23,S2|S3,S2|S3,S2|S3
1786339763.635,c1,search,,0.0,31.1,7.61,10.63,,0,,0,4474.0,obs,911,31.1,20.71,10.98,,31.1,20.71,10.98,,31.1,7.61,10.63,,9.939,0,S2|S3,sub_s23,S2|S3,S2|S3,S2|S3
1786339763.635,c1,recommend,,0.0,26.76,9.38,3.92,,0,,0,200.0,obs,1219,26.76,14.03,4.0,,26.76,14.03,4.0,,26.76,9.38,3.92,,9.939,0,S2|S3,sub_s23,S2|S3,S2|S3,S2|S3
1786339763.635,c2,reserve,,0.0,26.34,7.01,3.64,,0,,0,36.0,obs,614,26.34,13.67,3.65,,26.34,13.67,3.65,,26.34,7.01,3.64,,9.939,0,S2|S3,sub_s23,S2|S3,S2|S3,S2|S3
1786339763.635,c2,search,,0.0,31.1,7.61,10.63,,0,,0,4474.0,obs,911,31.1,20.71,10.98,,31.1,20.71,10.98,,31.1,7.61,10.63,,9.939,0,S2|S3,sub_s23,S2|S3,S2|S3,S2|S3
1786339763.635,c2,recommend,,0.0,26.76,9.38,3.92,,0,,0,200.0,obs,1219,26.76,14.03,4.0,,26.76,14.03,4.0,,26.76,9.38,3.92,,9.939,0,S2|S3,sub_s23,S2|S3,S2|S3,S2|S3
1786339764.635,c1,reserve,,0.0,26.34,7.95,3.62,,0,,0,36.0,obs,607,26.34,13.67,3.65,,26.34,13.67,3.65,,26.34,7.95,3.62,,9.617,0,S2|S3,sub_s23,S2|S3,S2|S3,S2|S3
1786339764.635,c1,search,,0.0,31.1,9.22,10.69,,0,,0,4474.0,obs,917,31.1,20.71,10.98,,31.1,20.71,10.98,,31.1,9.22,10.69,,9.617,0,S2|S3,sub_s23,S2|S3,S2|S3,S2|S3
1786339764.635,c1,recommend,,0.0,26.76,8.95,3.9,,0,,0,200.0,obs,1224,26.76,14.03,4.0,,26.76,14.03,4.0,,26.76,8.95,3.9,,9.617,0,S2|S3,sub_s23,S2|S3,S2|S3,S2|S3
1786339764.635,c2,reserve,,0.0,26.34,7.95,3.62,,0,,0,36.0,obs,607,26.34,13.67,3.65,,26.34,13.67,3.65,,26.34,7.95,3.62,,9.617,0,S2|S3,sub_s23,S2|S3,S2|S3,S2|S3
1786339764.635,c2,search,,0.0,31.1,9.22,10.69,,0,,0,4474.0,obs,917,31.1,20.71,10.98,,31.1,20.71,10.98,,31.1,9.22,10.69,,9.617,0,S2|S3,sub_s23,S2|S3,S2|S3,S2|S3
1786339764.635,c2,recommend,,0.0,26.76,8.95,3.9,,0,,0,200.0,obs,1224,26.76,14.03,4.0,,26.76,14.03,4.0,,26.76,8.95,3.9,,9.617,0,S2|S3,sub_s23,S2|S3,S2|S3,S2|S3
1786339765.636,c1,reserve,,0.0,26.34,7.39,3.44,,0,,0,36.0,obs,611,26.34,13.67,3.65,,26.34,13.67,3.65,,26.34,7.39,3.44,,10.552,0,S2|S3,sub_s23,S2|S3,S2|S3,S2|S3
1786339765.636,c1,search,,0.0,31.1,8.46,10.51,,0,,0,4474.0,obs,912,31.1,20.71,10.98,,31.1,20.71,10.98,,31.1,8.46,10.51,,10.552,0,S2|S3,sub_s23,S2|S3,S2|S3,S2|S3
1786339765.636,c1,recommend,,0.0,26.76,8.29,3.9,,0,,0,200.0,obs,1222,26.76,14.03,4.0,,26.76,14.03,4.0,,26.76,8.29,3.9,,10.552,0,S2|S3,sub_s23,S2|S3,S2|S3,S2|S3
1786339765.636,c2,reserve,,0.0,26.34,7.39,3.44,,0,,0,36.0,obs,611,26.34,13.67,3.65,,26.34,13.67,3.65,,26.34,7.39,3.44,,10.552,0,S2|S3,sub_s23,S2|S3,S2|S3,S2|S3
1786339765.636,c2,search,,0.0,31.1,8.46,10.51,,0,,0,4474.0,obs,912,31.1,20.71,10.98,,31.1,20.71,10.98,,31.1,8.46,10.51,,10.552,0,S2|S3,sub_s23,S2|S3,S2|S3,S2|S3
1786339765.636,c2,recommend,,0.0,26.76,8.29,3.9,,0,,0,200.0,obs,1222,26.76,14.03,4.0,,26.76,14.03,4.0,,26.76,8.29,3.9,,10.552,0,S2|S3,sub_s23,S2|S3,S2|S3,S2|S3
1786339766.635,c1,reserve,,0.0,26.34,6.67,3.45,,0,,0,36.0,obs,614,26.34,13.67,3.65,,26.34,13.67,3.65,,26.34,6.67,3.45,,10.258,0,S2|S3,sub_s23,S2|S3,S2|S3,S2|S3
1786339766.635,c1,search,,0.0,31.1,6.26,10.14,,0,,0,4474.0,obs,920,31.1,20.71,10.98,,31.1,20.71,10.98,,31.1,6.26,10.14,,10.258,0,S2|S3,sub_s23,S2|S3,S2|S3,S2|S3
1786339766.635,c1,recommend,,0.0,26.76,8.62,3.9,,0,,0,200.0,obs,1228,26.76,14.03,4.0,,26.76,14.03,4.0,,26.76,8.62,3.9,,10.258,0,S2|S3,sub_s23,S2|S3,S2|S3,S2|S3
1786339766.635,c2,reserve,,0.0,26.34,6.67,3.45,,0,,0,36.0,obs,614,26.34,13.67,3.65,,26.34,13.67,3.65,,26.34,6.67,3.45,,10.258,0,S2|S3,sub_s23,S2|S3,S2|S3,S2|S3
1786339766.635,c2,search,,0.0,31.1,6.26,10.14,,0,,0,4474.0,obs,920,31.1,20.71,10.98,,31.1,20.71,10.98,,31.1,6.26,10.14,,10.258,0,S2|S3,sub_s23,S2|S3,S2|S3,S2|S3
1786339766.635,c2,recommend,,0.0,26.76,8.62,3.9,,0,,0,200.0,obs,1228,26.76,14.03,4.0,,26.76,14.03,4.0,,26.76,8.62,3.9,,10.258,0,S2|S3,sub_s23,S2|S3,S2|S3,S2|S3
1786339767.635,c1,reserve,,0.0,26.34,7.21,3.5,,0,,0,36.0,obs,611,26.34,13.67,3.65,,26.34,13.67,3.65,,26.34,7.21,3.5,,10.124,0,S2|S3,sub_s23,S2|S3,S2|S3,S2|S3
1786339767.635,c1,search,,0.0,31.1,7.32,10.2,,0,,0,4474.0,obs,917,31.1,20.71,10.98,,31.1,20.71,10.98,,31.1,7.32,10.2,,10.124,0,S2|S3,sub_s23,S2|S3,S2|S3,S2|S3
1786339767.635,c1,recommend,,0.0,26.76,9.81,3.68,,0,,0,200.0,obs,1223,26.76,14.03,4.0,,26.76,14.03,4.0,,26.76,9.81,3.68,,10.124,0,S2|S3,sub_s23,S2|S3,S2|S3,S2|S3
1786339767.635,c2,reserve,,0.0,26.34,7.21,3.5,,0,,0,36.0,obs,611,26.34,13.67,3.65,,26.34,13.67,3.65,,26.34,7.21,3.5,,10.124,0,S2|S3,sub_s23,S2|S3,S2|S3,S2|S3
1786339767.635,c2,search,,0.0,31.1,7.32,10.2,,0,,0,4474.0,obs,917,31.1,20.71,10.98,,31.1,20.71,10.98,,31.1,7.32,10.2,,10.124,0,S2|S3,sub_s23,S2|S3,S2|S3,S2|S3
1786339767.635,c2,recommend,,0.0,26.76,9.81,3.68,,0,,0,200.0,obs,1223,26.76,14.03,4.0,,26.76,14.03,4.0,,26.76,9.81,3.68,,10.124,0,S2|S3,sub_s23,S2|S3,S2|S3,S2|S3
1786339768.635,c1,reserve,,0.0,26.34,7.86,3.5,,0,,0,36.0,obs,612,26.34,13.67,3.65,,26.34,13.67,3.65,,26.34,7.86,3.5,,10.001,0,S2|S3,sub_s23,S2|S3,S2|S3,S2|S3
1786339768.635,c1,search,,0.0,31.1,8.19,10.2,,0,,0,4474.0,obs,918,31.1,20.71,10.98,,31.1,20.71,10.98,,31.1,8.19,10.2,,10.001,0,S2|S3,sub_s23,S2|S3,S2|S3,S2|S3
1786339768.635,c1,recommend,,0.0,26.76,9.98,3.73,,0,,0,200.0,obs,1227,26.76,14.03,4.0,,26.76,14.03,4.0,,26.76,9.98,3.73,,10.001,0,S2|S3,sub_s23,S2|S3,S2|S3,S2|S3
1786339768.635,c2,reserve,,0.0,26.34,7.86,3.5,,0,,0,36.0,obs,612,26.34,13.67,3.65,,26.34,13.67,3.65,,26.34,7.86,3.5,,10.001,0,S2|S3,sub_s23,S2|S3,S2|S3,S2|S3
1786339768.635,c2,search,,0.0,31.1,8.19,10.2,,0,,0,4474.0,obs,918,31.1,20.71,10.98,,31.1,20.71,10.98,,31.1,8.19,10.2,,10.001,0,S2|S3,sub_s23,S2|S3,S2|S3,S2|S3
1786339768.635,c2,recommend,,0.0,26.76,9.98,3.73,,0,,0,200.0,obs,1227,26.76,14.03,4.0,,26.76,14.03,4.0,,26.76,9.98,3.73,,10.001,0,S2|S3,sub_s23,S2|S3,S2|S3,S2|S3
1786339769.635,c1,reserve,,0.0,26.34,7.56,3.63,,0,,0,36.0,obs,612,26.34,13.67,3.65,,26.34,13.67,3.65,,26.34,7.56,3.63,,10.088,0,S2|S3,sub_s23,S2|S3,S2|S3,S2|S3
1786339769.635,c1,search,,0.0,31.1,6.94,10.49,,0,,0,4474.0,obs,914,31.1,20.71,10.98,,31.1,20.71,10.98,,31.1,6.94,10.49,,10.088,0,S2|S3,sub_s23,S2|S3,S2|S3,S2|S3
1786339769.635,c1,recommend,,0.0,26.76,8.6,3.86,,0,,0,200.0,obs,1226,26.76,14.03,4.0,,26.76,14.03,4.0,,26.76,8.6,3.86,,10.088,0,S2|S3,sub_s23,S2|S3,S2|S3,S2|S3
1786339769.635,c2,reserve,,0.0,26.34,7.56,3.63,,0,,0,36.0,obs,612,26.34,13.67,3.65,,26.34,13.67,3.65,,26.34,7.56,3.63,,10.088,0,S2|S3,sub_s23,S2|S3,S2|S3,S2|S3
1786339769.635,c2,search,,0.0,31.1,6.94,10.49,,0,,0,4474.0,obs,914,31.1,20.71,10.98,,31.1,20.71,10.98,,31.1,6.94,10.49,,10.088,0,S2|S3,sub_s23,S2|S3,S2|S3,S2|S3
1786339769.635,c2,recommend,,0.0,26.76,8.6,3.86,,0,,0,200.0,obs,1226,26.76,14.03,4.0,,26.76,14.03,4.0,,26.76,8.6,3.86,,10.088,0,S2|S3,sub_s23,S2|S3,S2|S3,S2|S3
1786339770.635,c1,reserve,,0.0,26.34,6.55,3.52,,0,,0,36.0,obs,617,26.34,13.67,3.65,,26.34,13.67,3.65,,26.34,6.55,3.52,,10.032,0,S2|S3,sub_s23,S2|S3,S2|S3,S2|S3
1786339770.635,c1,search,,0.0,31.1,5.47,10.66,,0,,0,4474.0,obs,919,31.1,20.71,10.98,,31.1,20.71,10.98,,31.1,5.47,10.66,,10.032,0,S2|S3,sub_s23,S2|S3,S2|S3,S2|S3
1786339770.635,c1,recommend,,0.0,26.76,7.36,3.89,,0,,0,200.0,obs,1226,26.76,14.03,4.0,,26.76,14.03,4.0,,26.76,7.36,3.89,,10.032,0,S2|S3,sub_s23,S2|S3,S2|S3,S2|S3
1786339770.635,c2,reserve,,0.0,26.34,6.55,3.52,,0,,0,36.0,obs,617,26.34,13.67,3.65,,26.34,13.67,3.65,,26.34,6.55,3.52,,10.032,0,S2|S3,sub_s23,S2|S3,S2|S3,S2|S3
1786339770.635,c2,search,,0.0,31.1,5.47,10.66,,0,,0,4474.0,obs,919,31.1,20.71,10.98,,31.1,20.71,10.98,,31.1,5.47,10.66,,10.032,0,S2|S3,sub_s23,S2|S3,S2|S3,S2|S3
1786339770.635,c2,recommend,,0.0,26.76,7.36,3.89,,0,,0,200.0,obs,1226,26.76,14.03,4.0,,26.76,14.03,4.0,,26.76,7.36,3.89,,10.032,0,S2|S3,sub_s23,S2|S3,S2|S3,S2|S3
1786339771.635,c1,reserve,,0.0,26.34,6.74,3.56,,0,,0,36.0,obs,612,26.34,13.67,3.65,,26.34,13.67,3.65,,26.34,6.74,3.56,,10.04,0,S2|S3,sub_s23,S2|S3,S2|S3,S2|S3
1786339771.635,c1,search,,0.0,31.1,7.88,10.78,,0,,0,4474.0,obs,920,31.1,20.71,10.98,,31.1,20.71,10.98,,31.1,7.88,10.78,,10.04,0,S2|S3,sub_s23,S2|S3,S2|S3,S2|S3
1786339771.635,c1,recommend,,0.0,26.76,8.4,3.84,,0,,0,200.0,obs,1230,26.76,14.03,4.0,,26.76,14.03,4.0,,26.76,8.4,3.84,,10.04,0,S2|S3,sub_s23,S2|S3,S2|S3,S2|S3
1786339771.635,c2,reserve,,0.0,26.34,6.74,3.56,,0,,0,36.0,obs,612,26.34,13.67,3.65,,26.34,13.67,3.65,,26.34,6.74,3.56,,10.04,0,S2|S3,sub_s23,S2|S3,S2|S3,S2|S3
1786339771.635,c2,search,,0.0,31.1,7.88,10.78,,0,,0,4474.0,obs,920,31.1,20.71,10.98,,31.1,20.71,10.98,,31.1,7.88,10.78,,10.04,0,S2|S3,sub_s23,S2|S3,S2|S3,S2|S3
1786339771.635,c2,recommend,,0.0,26.76,8.4,3.84,,0,,0,200.0,obs,1230,26.76,14.03,4.0,,26.76,14.03,4.0,,26.76,8.4,3.84,,10.04,0,S2|S3,sub_s23,S2|S3,S2|S3,S2|S3
1786339772.640,c1,reserve,,0.0,26.34,7.23,3.62,,0,,0,36.0,obs,616,26.34,13.67,3.65,,26.34,13.67,3.65,,26.34,7.23,3.62,,15.234,0,S2|S3,sub_s23,S2|S3,S2|S3,S2|S3
1786339772.640,c1,search,,0.0,31.1,8.44,10.64,,0,,0,4474.0,obs,917,31.1,20.71,10.98,,31.1,20.71,10.98,,31.1,8.44,10.64,,15.234,0,S2|S3,sub_s23,S2|S3,S2|S3,S2|S3
1786339772.640,c1,recommend,,0.0,26.76,8.98,3.86,,0,,0,200.0,obs,1230,26.76,14.03,4.0,,26.76,14.03,4.0,,26.76,8.98,3.86,,15.234,0,S2|S3,sub_s23,S2|S3,S2|S3,S2|S3
1786339772.640,c2,reserve,,0.0,26.34,7.23,3.62,,0,,0,36.0,obs,616,26.34,13.67,3.65,,26.34,13.67,3.65,,26.34,7.23,3.62,,15.234,0,S2|S3,sub_s23,S2|S3,S2|S3,S2|S3
1786339772.640,c2,search,,0.0,31.1,8.44,10.64,,0,,0,4474.0,obs,917,31.1,20.71,10.98,,31.1,20.71,10.98,,31.1,8.44,10.64,,15.234,0,S2|S3,sub_s23,S2|S3,S2|S3,S2|S3
1786339772.640,c2,recommend,,0.0,26.76,8.98,3.86,,0,,0,200.0,obs,1230,26.76,14.03,4.0,,26.76,14.03,4.0,,26.76,8.98,3.86,,15.234,0,S2|S3,sub_s23,S2|S3,S2|S3,S2|S3
1786339773.635,c1,reserve,,0.0,26.34,7.48,3.39,,0,,0,36.0,obs,612,26.34,13.67,3.65,,26.34,13.67,3.65,,26.34,7.48,3.39,,9.853,0,S2|S3,sub_s23,S2|S3,S2|S3,S2|S3
1786339773.635,c1,search,,0.0,31.1,8.01,10.52,,0,,0,4474.0,obs,920,31.1,20.71,10.98,,31.1,20.71,10.98,,31.1,8.01,10.52,,9.853,0,S2|S3,sub_s23,S2|S3,S2|S3,S2|S3
1786339773.635,c1,recommend,,0.0,26.76,8.66,3.85,,0,,0,200.0,obs,1230,26.76,14.03,4.0,,26.76,14.03,4.0,,26.76,8.66,3.85,,9.853,0,S2|S3,sub_s23,S2|S3,S2|S3,S2|S3
1786339773.635,c2,reserve,,0.0,26.34,7.48,3.39,,0,,0,36.0,obs,612,26.34,13.67,3.65,,26.34,13.67,3.65,,26.34,7.48,3.39,,9.853,0,S2|S3,sub_s23,S2|S3,S2|S3,S2|S3
1786339773.635,c2,search,,0.0,31.1,8.01,10.52,,0,,0,4474.0,obs,920,31.1,20.71,10.98,,31.1,20.71,10.98,,31.1,8.01,10.52,,9.853,0,S2|S3,sub_s23,S2|S3,S2|S3,S2|S3
1786339773.635,c2,recommend,,0.0,26.76,8.66,3.85,,0,,0,200.0,obs,1230,26.76,14.03,4.0,,26.76,14.03,4.0,,26.76,8.66,3.85,,9.853,0,S2|S3,sub_s23,S2|S3,S2|S3,S2|S3
1786339774.635,c1,reserve,,0.0,26.34,7.69,3.52,,0,,0,36.0,obs,614,26.34,13.67,3.65,,26.34,13.67,3.65,,26.34,7.69,3.52,,9.982,0,S2|S3,sub_s23,S2|S3,S2|S3,S2|S3
1786339774.635,c1,search,,0.0,31.1,8.01,10.71,,0,,0,4474.0,obs,916,31.1,20.71,10.98,,31.1,20.71,10.98,,31.1,8.01,10.71,,9.982,0,S2|S3,sub_s23,S2|S3,S2|S3,S2|S3
1786339774.635,c1,recommend,,0.0,26.76,8.89,3.92,,0,,0,200.0,obs,1231,26.76,14.03,4.0,,26.76,14.03,4.0,,26.76,8.89,3.92,,9.982,0,S2|S3,sub_s23,S2|S3,S2|S3,S2|S3
1786339774.635,c2,reserve,,0.0,26.34,7.69,3.52,,0,,0,36.0,obs,614,26.34,13.67,3.65,,26.34,13.67,3.65,,26.34,7.69,3.52,,9.982,0,S2|S3,sub_s23,S2|S3,S2|S3,S2|S3
1786339774.635,c2,search,,0.0,31.1,8.01,10.71,,0,,0,4474.0,obs,916,31.1,20.71,10.98,,31.1,20.71,10.98,,31.1,8.01,10.71,,9.982,0,S2|S3,sub_s23,S2|S3,S2|S3,S2|S3
1786339774.635,c2,recommend,,0.0,26.76,8.89,3.92,,0,,0,200.0,obs,1231,26.76,14.03,4.0,,26.76,14.03,4.0,,26.76,8.89,3.92,,9.982,0,S2|S3,sub_s23,S2|S3,S2|S3,S2|S3
1786339775.636,c1,reserve,,0.0,26.34,6.95,3.53,,0,,0,36.0,obs,612,26.34,13.67,3.65,,26.34,13.67,3.65,,26.34,6.95,3.53,,10.536,0,S2|S3,sub_s23,S2|S3,S2|S3,S2|S3
1786339775.636,c1,search,,0.0,31.1,8.52,10.74,,0,,0,4474.0,obs,921,31.1,20.71,10.98,,31.1,20.71,10.98,,31.1,8.52,10.74,,10.536,0,S2|S3,sub_s23,S2|S3,S2|S3,S2|S3
1786339775.636,c1,recommend,,0.0,26.76,9.32,3.91,,0,,0,200.0,obs,1229,26.76,14.03,4.0,,26.76,14.03,4.0,,26.76,9.32,3.91,,10.536,0,S2|S3,sub_s23,S2|S3,S2|S3,S2|S3
1786339775.636,c2,reserve,,0.0,26.34,6.95,3.53,,0,,0,36.0,obs,612,26.34,13.67,3.65,,26.34,13.67,3.65,,26.34,6.95,3.53,,10.536,0,S2|S3,sub_s23,S2|S3,S2|S3,S2|S3
1786339775.636,c2,search,,0.0,31.1,8.52,10.74,,0,,0,4474.0,obs,921,31.1,20.71,10.98,,31.1,20.71,10.98,,31.1,8.52,10.74,,10.536,0,S2|S3,sub_s23,S2|S3,S2|S3,S2|S3
1786339775.636,c2,recommend,,0.0,26.76,9.32,3.91,,0,,0,200.0,obs,1229,26.76,14.03,4.0,,26.76,14.03,4.0,,26.76,9.32,3.91,,10.536,0,S2|S3,sub_s23,S2|S3,S2|S3,S2|S3
1786339776.636,c1,reserve,,0.0,26.34,6.32,3.63,,0,,0,36.0,obs,613,26.34,13.67,3.65,,26.34,13.67,3.65,,26.34,6.32,3.63,,10.541,0,S2|S3,sub_s23,S2|S3,S2|S3,S2|S3
1786339776.636,c1,search,,0.0,31.1,7.76,10.8,,0,,0,4474.0,obs,920,31.1,20.71,10.98,,31.1,20.71,10.98,,31.1,7.76,10.8,,10.541,0,S2|S3,sub_s23,S2|S3,S2|S3,S2|S3
1786339776.636,c1,recommend,,0.0,26.76,8.46,3.83,,0,,0,200.0,obs,1234,26.76,14.03,4.0,,26.76,14.03,4.0,,26.76,8.46,3.83,,10.541,0,S2|S3,sub_s23,S2|S3,S2|S3,S2|S3
1786339776.636,c2,reserve,,0.0,26.34,6.32,3.63,,0,,0,36.0,obs,613,26.34,13.67,3.65,,26.34,13.67,3.65,,26.34,6.32,3.63,,10.541,0,S2|S3,sub_s23,S2|S3,S2|S3,S2|S3
1786339776.636,c2,search,,0.0,31.1,7.76,10.8,,0,,0,4474.0,obs,920,31.1,20.71,10.98,,31.1,20.71,10.98,,31.1,7.76,10.8,,10.541,0,S2|S3,sub_s23,S2|S3,S2|S3,S2|S3
1786339776.636,c2,recommend,,0.0,26.76,8.46,3.83,,0,,0,200.0,obs,1234,26.76,14.03,4.0,,26.76,14.03,4.0,,26.76,8.46,3.83,,10.541,0,S2|S3,sub_s23,S2|S3,S2|S3,S2|S3
1786339777.636,c1,reserve,,0.0,26.34,7.16,3.56,,0,,0,36.0,obs,619,26.34,13.67,3.65,,26.34,13.67,3.65,,26.34,7.16,3.56,,10.677,0,S2|S3,sub_s23,S2|S3,S2|S3,S2|S3
1786339777.636,c1,search,,0.0,31.1,7.81,10.41,,0,,0,4474.0,obs,921,31.1,20.71,10.98,,31.1,20.71,10.98,,31.1,7.81,10.41,,10.677,0,S2|S3,sub_s23,S2|S3,S2|S3,S2|S3
1786339777.636,c1,recommend,,0.0,26.76,8.47,3.73,,0,,0,200.0,obs,1228,26.76,14.03,4.0,,26.76,14.03,4.0,,26.76,8.47,3.73,,10.677,0,S2|S3,sub_s23,S2|S3,S2|S3,S2|S3
1786339777.636,c2,reserve,,0.0,26.34,7.16,3.56,,0,,0,36.0,obs,619,26.34,13.67,3.65,,26.34,13.67,3.65,,26.34,7.16,3.56,,10.677,0,S2|S3,sub_s23,S2|S3,S2|S3,S2|S3
1786339777.636,c2,search,,0.0,31.1,7.81,10.41,,0,,0,4474.0,obs,921,31.1,20.71,10.98,,31.1,20.71,10.98,,31.1,7.81,10.41,,10.677,0,S2|S3,sub_s23,S2|S3,S2|S3,S2|S3
1786339777.636,c2,recommend,,0.0,26.76,8.47,3.73,,0,,0,200.0,obs,1228,26.76,14.03,4.0,,26.76,14.03,4.0,,26.76,8.47,3.73,,10.677,0,S2|S3,sub_s23,S2|S3,S2|S3,S2|S3
1786339778.635,c1,reserve,,0.0,26.34,8.1,3.41,,0,,0,36.0,obs,611,26.34,13.67,3.65,,26.34,13.67,3.65,,26.34,8.1,3.41,,10.455,0,S2|S3,sub_s23,S2|S3,S2|S3,S2|S3
1786339778.635,c1,search,,0.0,31.1,9.01,10.46,,0,,0,4474.0,obs,921,31.1,20.71,10.98,,31.1,20.71,10.98,,31.1,9.01,10.46,,10.455,0,S2|S3,sub_s23,S2|S3,S2|S3,S2|S3
1786339778.635,c1,recommend,,0.0,26.76,9.38,3.77,,0,,0,200.0,obs,1234,26.76,14.03,4.0,,26.76,14.03,4.0,,26.76,9.38,3.77,,10.455,0,S2|S3,sub_s23,S2|S3,S2|S3,S2|S3
1786339778.635,c2,reserve,,0.0,26.34,8.1,3.41,,0,,0,36.0,obs,611,26.34,13.67,3.65,,26.34,13.67,3.65,,26.34,8.1,3.41,,10.455,0,S2|S3,sub_s23,S2|S3,S2|S3,S2|S3
1786339778.635,c2,search,,0.0,31.1,9.01,10.46,,0,,0,4474.0,obs,921,31.1,20.71,10.98,,31.1,20.71,10.98,,31.1,9.01,10.46,,10.455,0,S2|S3,sub_s23,S2|S3,S2|S3,S2|S3
1786339778.635,c2,recommend,,0.0,26.76,9.38,3.77,,0,,0,200.0,obs,1234,26.76,14.03,4.0,,26.76,14.03,4.0,,26.76,9.38,3.77,,10.455,0,S2|S3,sub_s23,S2|S3,S2|S3,S2|S3
1786339779.635,c1,reserve,,0.0,26.34,7.19,3.62,,0,,0,36.0,obs,618,26.34,13.67,3.65,,26.34,13.67,3.65,,26.34,7.19,3.62,,10.021,0,S2|S3,sub_s23,S2|S3,S2|S3,S2|S3
1786339779.635,c1,search,,0.0,31.1,5.57,10.85,,0,,0,4474.0,obs,921,31.1,20.71,10.98,,31.1,20.71,10.98,,31.1,5.57,10.85,,10.021,0,S2|S3,sub_s23,S2|S3,S2|S3,S2|S3
1786339779.635,c1,recommend,,0.0,26.76,8.47,3.92,,0,,0,200.0,obs,1228,26.76,14.03,4.0,,26.76,14.03,4.0,,26.76,8.47,3.92,,10.021,0,S2|S3,sub_s23,S2|S3,S2|S3,S2|S3
1786339779.635,c2,reserve,,0.0,26.34,7.19,3.62,,0,,0,36.0,obs,618,26.34,13.67,3.65,,26.34,13.67,3.65,,26.34,7.19,3.62,,10.021,0,S2|S3,sub_s23,S2|S3,S2|S3,S2|S3
1786339779.635,c2,search,,0.0,31.1,5.57,10.85,,0,,0,4474.0,obs,921,31.1,20.71,10.98,,31.1,20.71,10.98,,31.1,5.57,10.85,,10.021,0,S2|S3,sub_s23,S2|S3,S2|S3,S2|S3
1786339779.635,c2,recommend,,0.0,26.76,8.47,3.92,,0,,0,200.0,obs,1228,26.76,14.03,4.0,,26.76,14.03,4.0,,26.76,8.47,3.92,,10.021,0,S2|S3,sub_s23,S2|S3,S2|S3,S2|S3
1786339780.634,c1,reserve,,0.0,26.34,5.98,3.51,,0,,0,36.0,obs,587,26.34,13.67,3.65,,26.34,13.67,3.65,,26.34,5.98,3.51,,9.049,0,S2|S3,sub_s23,S2|S3,S2|S3,S2|S3
1786339780.634,c1,search,,0.0,31.1,4.12,10.64,,0,,0,4474.0,obs,879,31.1,20.71,10.98,,31.1,20.71,10.98,,31.1,4.12,10.64,,9.049,0,S2|S3,sub_s23,S2|S3,S2|S3,S2|S3
1786339780.634,c1,recommend,,0.0,26.76,8.05,3.97,,0,,0,200.0,obs,1166,26.76,14.03,4.0,,26.76,14.03,4.0,,26.76,8.05,3.97,,9.049,0,S2|S3,sub_s23,S2|S3,S2|S3,S2|S3
1786339780.634,c2,reserve,,0.0,26.34,5.98,3.51,,0,,0,36.0,obs,587,26.34,13.67,3.65,,26.34,13.67,3.65,,26.34,5.98,3.51,,9.049,0,S2|S3,sub_s23,S2|S3,S2|S3,S2|S3
1786339780.634,c2,search,,0.0,31.1,4.12,10.64,,0,,0,4474.0,obs,879,31.1,20.71,10.98,,31.1,20.71,10.98,,31.1,4.12,10.64,,9.049,0,S2|S3,sub_s23,S2|S3,S2|S3,S2|S3
1786339780.634,c2,recommend,,0.0,26.76,8.05,3.97,,0,,0,200.0,obs,1166,26.76,14.03,4.0,,26.76,14.03,4.0,,26.76,8.05,3.97,,9.049,0,S2|S3,sub_s23,S2|S3,S2|S3,S2|S3
1786339781.636,c1,reserve,,0.0,26.34,6.98,3.46,,0,,0,36.0,obs,582,26.34,13.67,3.65,,26.34,13.67,3.65,,26.34,6.98,3.46,,10.661,0,S2|S3,sub_s23,S2|S3,S2|S3,S2|S3
1786339781.636,c1,search,,0.0,31.1,7.25,10.63,,0,,0,4474.0,obs,874,31.1,20.71,10.98,,31.1,20.71,10.98,,31.1,7.25,10.63,,10.661,0,S2|S3,sub_s23,S2|S3,S2|S3,S2|S3
1786339781.636,c1,recommend,,0.0,26.76,9.08,3.95,,0,,0,200.0,obs,1176,26.76,14.03,4.0,,26.76,14.03,4.0,,26.76,9.08,3.95,,10.661,0,S2|S3,sub_s23,S2|S3,S2|S3,S2|S3
1786339781.636,c2,reserve,,0.0,26.34,6.98,3.46,,0,,0,36.0,obs,582,26.34,13.67,3.65,,26.34,13.67,3.65,,26.34,6.98,3.46,,10.661,0,S2|S3,sub_s23,S2|S3,S2|S3,S2|S3
1786339781.636,c2,search,,0.0,31.1,7.25,10.63,,0,,0,4474.0,obs,874,31.1,20.71,10.98,,31.1,20.71,10.98,,31.1,7.25,10.63,,10.661,0,S2|S3,sub_s23,S2|S3,S2|S3,S2|S3
1786339781.636,c2,recommend,,0.0,26.76,9.08,3.95,,0,,0,200.0,obs,1176,26.76,14.03,4.0,,26.76,14.03,4.0,,26.76,9.08,3.95,,10.661,0,S2|S3,sub_s23,S2|S3,S2|S3,S2|S3
1786339782.635,c1,reserve,,0.0,26.34,7.5,3.65,,0,,0,36.0,obs,592,26.34,13.67,3.65,,26.34,13.67,3.65,,26.34,7.5,3.65,,9.878,0,S2|S3,sub_s23,S2|S3,S2|S3,S2|S3
1786339782.635,c1,search,,0.0,31.1,9.12,10.77,,0,,0,4474.0,obs,878,31.1,20.71,10.98,,31.1,20.71,10.98,,31.1,9.12,10.77,,9.878,0,S2|S3,sub_s23,S2|S3,S2|S3,S2|S3
1786339782.635,c1,recommend,,0.0,26.76,9.37,3.92,,0,,0,200.0,obs,1169,26.76,14.03,4.0,,26.76,14.03,4.0,,26.76,9.37,3.92,,9.878,0,S2|S3,sub_s23,S2|S3,S2|S3,S2|S3
1786339782.635,c2,reserve,,0.0,26.34,7.5,3.65,,0,,0,36.0,obs,592,26.34,13.67,3.65,,26.34,13.67,3.65,,26.34,7.5,3.65,,9.878,0,S2|S3,sub_s23,S2|S3,S2|S3,S2|S3
1786339782.635,c2,search,,0.0,31.1,9.12,10.77,,0,,0,4474.0,obs,878,31.1,20.71,10.98,,31.1,20.71,10.98,,31.1,9.12,10.77,,9.878,0,S2|S3,sub_s23,S2|S3,S2|S3,S2|S3
1786339782.635,c2,recommend,,0.0,26.76,9.37,3.92,,0,,0,200.0,obs,1169,26.76,14.03,4.0,,26.76,14.03,4.0,,26.76,9.37,3.92,,9.878,0,S2|S3,sub_s23,S2|S3,S2|S3,S2|S3
1786339783.635,c1,reserve,,0.0,26.34,8.16,3.67,,0,,0,36.0,obs,584,26.34,13.67,3.65,,26.34,13.67,3.65,,26.34,8.16,3.67,,10.306,0,S2|S3,sub_s23,S2|S3,S2|S3,S2|S3
1786339783.635,c1,search,,0.0,31.1,9.64,10.88,,0,,0,4474.0,obs,878,31.1,20.71,10.98,,31.1,20.71,10.98,,31.1,9.64,10.88,,10.306,0,S2|S3,sub_s23,S2|S3,S2|S3,S2|S3
1786339783.635,c1,recommend,,0.0,26.76,9.16,3.97,,0,,0,200.0,obs,1178,26.76,14.03,4.0,,26.76,14.03,4.0,,26.76,9.16,3.97,,10.306,0,S2|S3,sub_s23,S2|S3,S2|S3,S2|S3
1786339783.635,c2,reserve,,0.0,26.34,8.16,3.67,,0,,0,36.0,obs,584,26.34,13.67,3.65,,26.34,13.67,3.65,,26.34,8.16,3.67,,10.306,0,S2|S3,sub_s23,S2|S3,S2|S3,S2|S3
1786339783.635,c2,search,,0.0,31.1,9.64,10.88,,0,,0,4474.0,obs,878,31.1,20.71,10.98,,31.1,20.71,10.98,,31.1,9.64,10.88,,10.306,0,S2|S3,sub_s23,S2|S3,S2|S3,S2|S3
1786339783.635,c2,recommend,,0.0,26.76,9.16,3.97,,0,,0,200.0,obs,1178,26.76,14.03,4.0,,26.76,14.03,4.0,,26.76,9.16,3.97,,10.306,0,S2|S3,sub_s23,S2|S3,S2|S3,S2|S3
1786339784.636,c1,reserve,,0.0,26.34,8.01,3.8,,0,,0,36.0,obs,588,26.34,13.67,3.65,,26.34,13.67,3.65,,26.34,8.01,3.8,,10.577,0,S2|S3,sub_s23,S2|S3,S2|S3,S2|S3
1786339784.636,c1,search,,0.0,31.1,8.43,10.86,,0,,0,4474.0,obs,878,31.1,20.71,10.98,,31.1,20.71,10.98,,31.1,8.43,10.86,,10.577,0,S2|S3,sub_s23,S2|S3,S2|S3,S2|S3
1786339784.636,c1,recommend,,0.0,26.76,9.31,4.04,,0,,0,200.0,obs,1174,26.76,14.03,4.0,,26.76,14.03,4.0,,26.76,9.31,4.04,,10.577,0,S2|S3,sub_s23,S2|S3,S2|S3,S2|S3
1786339784.636,c2,reserve,,0.0,26.34,8.01,3.8,,0,,0,36.0,obs,588,26.34,13.67,3.65,,26.34,13.67,3.65,,26.34,8.01,3.8,,10.577,0,S2|S3,sub_s23,S2|S3,S2|S3,S2|S3
1786339784.636,c2,search,,0.0,31.1,8.43,10.86,,0,,0,4474.0,obs,878,31.1,20.71,10.98,,31.1,20.71,10.98,,31.1,8.43,10.86,,10.577,0,S2|S3,sub_s23,S2|S3,S2|S3,S2|S3
1786339784.636,c2,recommend,,0.0,26.76,9.31,4.04,,0,,0,200.0,obs,1174,26.76,14.03,4.0,,26.76,14.03,4.0,,26.76,9.31,4.04,,10.577,0,S2|S3,sub_s23,S2|S3,S2|S3,S2|S3
1786339785.636,c1,reserve,,0.0,26.34,5.79,3.71,,0,,0,36.0,obs,584,26.34,13.67,3.65,,26.34,13.67,3.65,,26.34,5.79,3.71,,10.477,0,S2|S3,sub_s23,S2|S3,S2|S3,S2|S3
1786339785.636,c1,search,,0.0,31.1,6.86,10.57,,0,,0,4474.0,obs,879,31.1,20.71,10.98,,31.1,20.71,10.98,,31.1,6.86,10.57,,10.477,0,S2|S3,sub_s23,S2|S3,S2|S3,S2|S3
1786339785.636,c1,recommend,,0.0,26.76,8.82,3.86,,0,,0,200.0,obs,1176,26.76,14.03,4.0,,26.76,14.03,4.0,,26.76,8.82,3.86,,10.477,0,S2|S3,sub_s23,S2|S3,S2|S3,S2|S3
1786339785.636,c2,reserve,,0.0,26.34,5.79,3.71,,0,,0,36.0,obs,584,26.34,13.67,3.65,,26.34,13.67,3.65,,26.34,5.79,3.71,,10.477,0,S2|S3,sub_s23,S2|S3,S2|S3,S2|S3
1786339785.636,c2,search,,0.0,31.1,6.86,10.57,,0,,0,4474.0,obs,879,31.1,20.71,10.98,,31.1,20.71,10.98,,31.1,6.86,10.57,,10.477,0,S2|S3,sub_s23,S2|S3,S2|S3,S2|S3
1786339785.636,c2,recommend,,0.0,26.76,8.82,3.86,,0,,0,200.0,obs,1176,26.76,14.03,4.0,,26.76,14.03,4.0,,26.76,8.82,3.86,,10.477,0,S2|S3,sub_s23,S2|S3,S2|S3,S2|S3
1786339786.635,c1,reserve,,0.0,26.34,5.73,3.47,,0,,0,36.0,obs,590,26.34,13.67,3.65,,26.34,13.67,3.65,,26.34,5.73,3.47,,10.279,0,S2|S3,sub_s23,S2|S3,S2|S3,S2|S3
1786339786.635,c1,search,,0.0,31.1,6.53,10.69,,0,,0,4474.0,obs,876,31.1,20.71,10.98,,31.1,20.71,10.98,,31.1,6.53,10.69,,10.279,0,S2|S3,sub_s23,S2|S3,S2|S3,S2|S3
1786339786.635,c1,recommend,,0.0,26.76,8.34,3.77,,0,,0,200.0,obs,1175,26.76,14.03,4.0,,26.76,14.03,4.0,,26.76,8.34,3.77,,10.279,0,S2|S3,sub_s23,S2|S3,S2|S3,S2|S3
1786339786.635,c2,reserve,,0.0,26.34,5.73,3.47,,0,,0,36.0,obs,590,26.34,13.67,3.65,,26.34,13.67,3.65,,26.34,5.73,3.47,,10.279,0,S2|S3,sub_s23,S2|S3,S2|S3,S2|S3
1786339786.635,c2,search,,0.0,31.1,6.53,10.69,,0,,0,4474.0,obs,876,31.1,20.71,10.98,,31.1,20.71,10.98,,31.1,6.53,10.69,,10.279,0,S2|S3,sub_s23,S2|S3,S2|S3,S2|S3
1786339786.635,c2,recommend,,0.0,26.76,8.34,3.77,,0,,0,200.0,obs,1175,26.76,14.03,4.0,,26.76,14.03,4.0,,26.76,8.34,3.77,,10.279,0,S2|S3,sub_s23,S2|S3,S2|S3,S2|S3
1786339787.635,c1,reserve,,0.0,26.34,5.64,3.01,,0,,0,36.0,obs,585,26.34,13.67,3.65,,26.34,13.67,3.65,,26.34,5.64,3.01,,10.13,0,S2|S3,sub_s23,S2|S3,S2|S3,S2|S3
1786339787.635,c1,search,,0.0,31.1,5.86,10.37,,0,,0,4474.0,obs,885,31.1,20.71,10.98,,31.1,20.71,10.98,,31.1,5.86,10.37,,10.13,0,S2|S3,sub_s23,S2|S3,S2|S3,S2|S3
1786339787.635,c1,recommend,,0.0,26.76,7.85,3.76,,0,,0,200.0,obs,1173,26.76,14.03,4.0,,26.76,14.03,4.0,,26.76,7.85,3.76,,10.13,0,S2|S3,sub_s23,S2|S3,S2|S3,S2|S3
1786339787.635,c2,reserve,,0.0,26.34,5.64,3.01,,0,,0,36.0,obs,585,26.34,13.67,3.65,,26.34,13.67,3.65,,26.34,5.64,3.01,,10.13,0,S2|S3,sub_s23,S2|S3,S2|S3,S2|S3
1786339787.635,c2,search,,0.0,31.1,5.86,10.37,,0,,0,4474.0,obs,885,31.1,20.71,10.98,,31.1,20.71,10.98,,31.1,5.86,10.37,,10.13,0,S2|S3,sub_s23,S2|S3,S2|S3,S2|S3
1786339787.635,c2,recommend,,0.0,26.76,7.85,3.76,,0,,0,200.0,obs,1173,26.76,14.03,4.0,,26.76,14.03,4.0,,26.76,7.85,3.76,,10.13,0,S2|S3,sub_s23,S2|S3,S2|S3,S2|S3
1786339788.635,c1,reserve,,0.0,26.34,5.2,3.5,,0,,0,36.0,obs,585,26.34,13.67,3.65,,26.34,13.67,3.65,,26.34,5.2,3.5,,9.977,0,S2|S3,sub_s23,S2|S3,S2|S3,S2|S3
1786339788.635,c1,search,,0.0,31.1,4.69,10.39,,0,,0,4474.0,obs,879,31.1,20.71,10.98,,31.1,20.71,10.98,,31.1,4.69,10.39,,9.977,0,S2|S3,sub_s23,S2|S3,S2|S3,S2|S3
1786339788.635,c1,recommend,,0.0,26.76,8.15,3.87,,0,,0,200.0,obs,1178,26.76,14.03,4.0,,26.76,14.03,4.0,,26.76,8.15,3.87,,9.977,0,S2|S3,sub_s23,S2|S3,S2|S3,S2|S3
1786339788.635,c2,reserve,,0.0,26.34,5.2,3.5,,0,,0,36.0,obs,585,26.34,13.67,3.65,,26.34,13.67,3.65,,26.34,5.2,3.5,,9.977,0,S2|S3,sub_s23,S2|S3,S2|S3,S2|S3
1786339788.635,c2,search,,0.0,31.1,4.69,10.39,,0,,0,4474.0,obs,879,31.1,20.71,10.98,,31.1,20.71,10.98,,31.1,4.69,10.39,,9.977,0,S2|S3,sub_s23,S2|S3,S2|S3,S2|S3
1786339788.635,c2,recommend,,0.0,26.76,8.15,3.87,,0,,0,200.0,obs,1178,26.76,14.03,4.0,,26.76,14.03,4.0,,26.76,8.15,3.87,,9.977,0,S2|S3,sub_s23,S2|S3,S2|S3,S2|S3
1786339789.635,c1,reserve,,0.0,26.34,5.93,3.6,,0,,0,36.0,obs,589,26.34,13.67,3.65,,26.34,13.67,3.65,,26.34,5.93,3.6,,9.855,0,S2|S3,sub_s23,S2|S3,S2|S3,S2|S3
1786339789.635,c1,search,,0.0,31.1,4.06,10.63,,0,,0,4474.0,obs,883,31.1,20.71,10.98,,31.1,20.71,10.98,,31.1,4.06,10.63,,9.855,0,S2|S3,sub_s23,S2|S3,S2|S3,S2|S3
1786339789.635,c1,recommend,,0.0,26.76,8.03,4.01,,0,,0,200.0,obs,1175,26.76,14.03,4.0,,26.76,14.03,4.0,,26.76,8.03,4.01,,9.855,0,S2|S3,sub_s23,S2|S3,S2|S3,S2|S3
1786339789.635,c2,reserve,,0.0,26.34,5.93,3.6,,0,,0,36.0,obs,589,26.34,13.67,3.65,,26.34,13.67,3.65,,26.34,5.93,3.6,,9.855,0,S2|S3,sub_s23,S2|S3,S2|S3,S2|S3
1786339789.635,c2,search,,0.0,31.1,4.06,10.63,,0,,0,4474.0,obs,883,31.1,20.71,10.98,,31.1,20.71,10.98,,31.1,4.06,10.63,,9.855,0,S2|S3,sub_s23,S2|S3,S2|S3,S2|S3
1786339789.635,c2,recommend,,0.0,26.76,8.03,4.01,,0,,0,200.0,obs,1175,26.76,14.03,4.0,,26.76,14.03,4.0,,26.76,8.03,4.01,,9.855,0,S2|S3,sub_s23,S2|S3,S2|S3,S2|S3
1786339790.635,c1,reserve,,0.0,26.34,7.05,3.46,,0,,0,36.0,obs,585,26.34,13.67,3.65,,26.34,13.67,3.65,,26.34,7.05,3.46,,9.63,0,S2|S3,sub_s23,S2|S3,S2|S3,S2|S3
1786339790.635,c1,search,,0.0,31.1,6.93,10.63,,0,,0,4474.0,obs,884,31.1,20.71,10.98,,31.1,20.71,10.98,,31.1,6.93,10.63,,9.63,0,S2|S3,sub_s23,S2|S3,S2|S3,S2|S3
1786339790.635,c1,recommend,,0.0,26.76,7.8,3.85,,0,,0,200.0,obs,1183,26.76,14.03,4.0,,26.76,14.03,4.0,,26.76,7.8,3.85,,9.63,0,S2|S3,sub_s23,S2|S3,S2|S3,S2|S3
1786339790.635,c2,reserve,,0.0,26.34,7.05,3.46,,0,,0,36.0,obs,585,26.34,13.67,3.65,,26.34,13.67,3.65,,26.34,7.05,3.46,,9.63,0,S2|S3,sub_s23,S2|S3,S2|S3,S2|S3
1786339790.635,c2,search,,0.0,31.1,6.93,10.63,,0,,0,4474.0,obs,884,31.1,20.71,10.98,,31.1,20.71,10.98,,31.1,6.93,10.63,,9.63,0,S2|S3,sub_s23,S2|S3,S2|S3,S2|S3
1786339790.635,c2,recommend,,0.0,26.76,7.8,3.85,,0,,0,200.0,obs,1183,26.76,14.03,4.0,,26.76,14.03,4.0,,26.76,7.8,3.85,,9.63,0,S2|S3,sub_s23,S2|S3,S2|S3,S2|S3
1786339791.635,c1,reserve,,0.0,26.34,7.66,3.43,,0,,0,36.0,obs,593,26.34,13.67,3.65,,26.34,13.67,3.65,,26.34,7.66,3.43,,10.181,0,S2|S3,sub_s23,S2|S3,S2|S3,S2|S3
1786339791.635,c1,search,,0.0,31.1,8.18,10.61,,0,,0,4474.0,obs,881,31.1,20.71,10.98,,31.1,20.71,10.98,,31.1,8.18,10.61,,10.181,0,S2|S3,sub_s23,S2|S3,S2|S3,S2|S3
1786339791.635,c1,recommend,,0.0,26.76,8.53,3.78,,0,,0,200.0,obs,1176,26.76,14.03,4.0,,26.76,14.03,4.0,,26.76,8.53,3.78,,10.181,0,S2|S3,sub_s23,S2|S3,S2|S3,S2|S3
1786339791.635,c2,reserve,,0.0,26.34,7.66,3.43,,0,,0,36.0,obs,593,26.34,13.67,3.65,,26.34,13.67,3.65,,26.34,7.66,3.43,,10.181,0,S2|S3,sub_s23,S2|S3,S2|S3,S2|S3
1786339791.635,c2,search,,0.0,31.1,8.18,10.61,,0,,0,4474.0,obs,881,31.1,20.71,10.98,,31.1,20.71,10.98,,31.1,8.18,10.61,,10.181,0,S2|S3,sub_s23,S2|S3,S2|S3,S2|S3
1786339791.635,c2,recommend,,0.0,26.76,8.53,3.78,,0,,0,200.0,obs,1176,26.76,14.03,4.0,,26.76,14.03,4.0,,26.76,8.53,3.78,,10.181,0,S2|S3,sub_s23,S2|S3,S2|S3,S2|S3
1786339792.634,c1,reserve,,0.0,26.34,6.64,3.28,,0,,0,36.0,obs,588,26.34,13.67,3.65,,26.34,13.67,3.65,,26.34,6.64,3.28,,10.028,0,S2|S3,sub_s23,S2|S3,S2|S3,S2|S3
1786339792.634,c1,search,,0.0,31.1,7.8,10.65,,0,,0,4474.0,obs,883,31.1,20.71,10.98,,31.1,20.71,10.98,,31.1,7.8,10.65,,10.028,0,S2|S3,sub_s23,S2|S3,S2|S3,S2|S3
1786339792.634,c1,recommend,,0.0,26.76,8.27,3.77,,0,,0,200.0,obs,1181,26.76,14.03,4.0,,26.76,14.03,4.0,,26.76,8.27,3.77,,10.028,0,S2|S3,sub_s23,S2|S3,S2|S3,S2|S3
1786339792.634,c2,reserve,,0.0,26.34,6.64,3.28,,0,,0,36.0,obs,588,26.34,13.67,3.65,,26.34,13.67,3.65,,26.34,6.64,3.28,,10.028,0,S2|S3,sub_s23,S2|S3,S2|S3,S2|S3
1786339792.634,c2,search,,0.0,31.1,7.8,10.65,,0,,0,4474.0,obs,883,31.1,20.71,10.98,,31.1,20.71,10.98,,31.1,7.8,10.65,,10.028,0,S2|S3,sub_s23,S2|S3,S2|S3,S2|S3
1786339792.634,c2,recommend,,0.0,26.76,8.27,3.77,,0,,0,200.0,obs,1181,26.76,14.03,4.0,,26.76,14.03,4.0,,26.76,8.27,3.77,,10.028,0,S2|S3,sub_s23,S2|S3,S2|S3,S2|S3
1786339793.635,c1,reserve,,0.0,26.34,6.59,3.29,,0,,0,36.0,obs,592,26.34,13.67,3.65,,26.34,13.67,3.65,,26.34,6.59,3.29,,9.909,0,S2|S3,sub_s23,S2|S3,S2|S3,S2|S3
1786339793.635,c1,search,,0.0,31.1,7.8,10.81,,0,,0,4474.0,obs,880,31.1,20.71,10.98,,31.1,20.71,10.98,,31.1,7.8,10.81,,9.909,0,S2|S3,sub_s23,S2|S3,S2|S3,S2|S3
1786339793.635,c1,recommend,,0.0,26.76,9.02,3.98,,0,,0,200.0,obs,1179,26.76,14.03,4.0,,26.76,14.03,4.0,,26.76,9.02,3.98,,9.909,0,S2|S3,sub_s23,S2|S3,S2|S3,S2|S3
1786339793.635,c2,reserve,,0.0,26.34,6.59,3.29,,0,,0,36.0,obs,592,26.34,13.67,3.65,,26.34,13.67,3.65,,26.34,6.59,3.29,,9.909,0,S2|S3,sub_s23,S2|S3,S2|S3,S2|S3
1786339793.635,c2,search,,0.0,31.1,7.8,10.81,,0,,0,4474.0,obs,880,31.1,20.71,10.98,,31.1,20.71,10.98,,31.1,7.8,10.81,,9.909,0,S2|S3,sub_s23,S2|S3,S2|S3,S2|S3
1786339793.635,c2,recommend,,0.0,26.76,9.02,3.98,,0,,0,200.0,obs,1179,26.76,14.03,4.0,,26.76,14.03,4.0,,26.76,9.02,3.98,,9.909,0,S2|S3,sub_s23,S2|S3,S2|S3,S2|S3
1786339794.635,c1,reserve,,0.0,26.34,7.03,3.52,,0,,0,36.0,obs,585,26.34,13.67,3.65,,26.34,13.67,3.65,,26.34,7.03,3.52,,10.284,0,S2|S3,sub_s23,S2|S3,S2|S3,S2|S3
1786339794.635,c1,search,,0.0,31.1,8.88,10.83,,0,,0,4474.0,obs,886,31.1,20.71,10.98,,31.1,20.71,10.98,,31.1,8.88,10.83,,10.284,0,S2|S3,sub_s23,S2|S3,S2|S3,S2|S3
1786339794.635,c1,recommend,,0.0,26.76,8.88,4.03,,0,,0,200.0,obs,1180,26.76,14.03,4.0,,26.76,14.03,4.0,,26.76,8.88,4.03,,10.284,0,S2|S3,sub_s23,S2|S3,S2|S3,S2|S3
1786339794.635,c2,reserve,,0.0,26.34,7.03,3.52,,0,,0,36.0,obs,585,26.34,13.67,3.65,,26.34,13.67,3.65,,26.34,7.03,3.52,,10.284,0,S2|S3,sub_s23,S2|S3,S2|S3,S2|S3
1786339794.635,c2,search,,0.0,31.1,8.88,10.83,,0,,0,4474.0,obs,886,31.1,20.71,10.98,,31.1,20.71,10.98,,31.1,8.88,10.83,,10.284,0,S2|S3,sub_s23,S2|S3,S2|S3,S2|S3
1786339794.635,c2,recommend,,0.0,26.76,8.88,4.03,,0,,0,200.0,obs,1180,26.76,14.03,4.0,,26.76,14.03,4.0,,26.76,8.88,4.03,,10.284,0,S2|S3,sub_s23,S2|S3,S2|S3,S2|S3
1786339795.635,c1,reserve,,0.0,26.34,6.52,3.74,,0,,0,36.0,obs,591,26.34,13.67,3.65,,26.34,13.67,3.65,,26.34,6.52,3.74,,10.086,0,S2|S3,sub_s23,S2|S3,S2|S3,S2|S3
1786339795.635,c1,search,,0.0,31.1,7.07,10.78,,0,,0,4474.0,obs,880,31.1,20.71,10.98,,31.1,20.71,10.98,,31.1,7.07,10.78,,10.086,0,S2|S3,sub_s23,S2|S3,S2|S3,S2|S3
1786339795.635,c1,recommend,,0.0,26.76,8.42,3.84,,0,,0,200.0,obs,1186,26.76,14.03,4.0,,26.76,14.03,4.0,,26.76,8.42,3.84,,10.086,0,S2|S3,sub_s23,S2|S3,S2|S3,S2|S3
1786339795.635,c2,reserve,,0.0,26.34,6.52,3.74,,0,,0,36.0,obs,591,26.34,13.67,3.65,,26.34,13.67,3.65,,26.34,6.52,3.74,,10.086,0,S2|S3,sub_s23,S2|S3,S2|S3,S2|S3
1786339795.635,c2,search,,0.0,31.1,7.07,10.78,,0,,0,4474.0,obs,880,31.1,20.71,10.98,,31.1,20.71,10.98,,31.1,7.07,10.78,,10.086,0,S2|S3,sub_s23,S2|S3,S2|S3,S2|S3
1786339795.635,c2,recommend,,0.0,26.76,8.42,3.84,,0,,0,200.0,obs,1186,26.76,14.03,4.0,,26.76,14.03,4.0,,26.76,8.42,3.84,,10.086,0,S2|S3,sub_s23,S2|S3,S2|S3,S2|S3
1786339796.635,c1,reserve,,0.0,26.34,6.66,3.72,,0,,0,36.0,obs,593,26.34,13.67,3.65,,26.34,13.67,3.65,,26.34,6.66,3.72,,9.961,0,S2|S3,sub_s23,S2|S3,S2|S3,S2|S3
1786339796.635,c1,search,,0.0,31.1,8.18,10.47,,0,,0,4474.0,obs,886,31.1,20.71,10.98,,31.1,20.71,10.98,,31.1,8.18,10.47,,9.961,0,S2|S3,sub_s23,S2|S3,S2|S3,S2|S3
1786339796.635,c1,recommend,,0.0,26.76,8.97,3.79,,0,,0,200.0,obs,1182,26.76,14.03,4.0,,26.76,14.03,4.0,,26.76,8.97,3.79,,9.961,0,S2|S3,sub_s23,S2|S3,S2|S3,S2|S3
1786339796.635,c2,reserve,,0.0,26.34,6.66,3.72,,0,,0,36.0,obs,593,26.34,13.67,3.65,,26.34,13.67,3.65,,26.34,6.66,3.72,,9.961,0,S2|S3,sub_s23,S2|S3,S2|S3,S2|S3
1786339796.635,c2,search,,0.0,31.1,8.18,10.47,,0,,0,4474.0,obs,886,31.1,20.71,10.98,,31.1,20.71,10.98,,31.1,8.18,10.47,,9.961,0,S2|S3,sub_s23,S2|S3,S2|S3,S2|S3
1786339796.635,c2,recommend,,0.0,26.76,8.97,3.79,,0,,0,200.0,obs,1182,26.76,14.03,4.0,,26.76,14.03,4.0,,26.76,8.97,3.79,,9.961,0,S2|S3,sub_s23,S2|S3,S2|S3,S2|S3
1786339797.635,c1,reserve,,0.0,26.34,6.67,3.5,,0,,0,36.0,obs,588,26.34,13.67,3.65,,26.34,13.67,3.65,,26.34,6.67,3.5,,9.841,0,S2|S3,sub_s23,S2|S3,S2|S3,S2|S3
1786339797.635,c1,search,,0.0,31.1,8.13,10.36,,0,,0,4474.0,obs,884,31.1,20.71,10.98,,31.1,20.71,10.98,,31.1,8.13,10.36,,9.841,0,S2|S3,sub_s23,S2|S3,S2|S3,S2|S3
1786339797.635,c1,recommend,,0.0,26.76,8.56,3.77,,0,,0,200.0,obs,1186,26.76,14.03,4.0,,26.76,14.03,4.0,,26.76,8.56,3.77,,9.841,0,S2|S3,sub_s23,S2|S3,S2|S3,S2|S3
1786339797.635,c2,reserve,,0.0,26.34,6.67,3.5,,0,,0,36.0,obs,588,26.34,13.67,3.65,,26.34,13.67,3.65,,26.34,6.67,3.5,,9.841,0,S2|S3,sub_s23,S2|S3,S2|S3,S2|S3
1786339797.635,c2,search,,0.0,31.1,8.13,10.36,,0,,0,4474.0,obs,884,31.1,20.71,10.98,,31.1,20.71,10.98,,31.1,8.13,10.36,,9.841,0,S2|S3,sub_s23,S2|S3,S2|S3,S2|S3
1786339797.635,c2,recommend,,0.0,26.76,8.56,3.77,,0,,0,200.0,obs,1186,26.76,14.03,4.0,,26.76,14.03,4.0,,26.76,8.56,3.77,,9.841,0,S2|S3,sub_s23,S2|S3,S2|S3,S2|S3
1786339798.634,c1,reserve,,0.0,26.34,6.28,3.54,,0,,0,36.0,obs,594,26.34,13.67,3.65,,26.34,13.67,3.65,,26.34,6.28,3.54,,10.083,0,S2|S3,sub_s23,S2|S3,S2|S3,S2|S3
1786339798.634,c1,search,,0.0,31.1,7.42,10.36,,0,,0,4474.0,obs,885,31.1,20.71,10.98,,31.1,20.71,10.98,,31.1,7.42,10.36,,10.083,0,S2|S3,sub_s23,S2|S3,S2|S3,S2|S3
1786339798.634,c1,recommend,,0.0,26.76,8.08,3.83,,0,,0,200.0,obs,1180,26.76,14.03,4.0,,26.76,14.03,4.0,,26.76,8.08,3.83,,10.083,0,S2|S3,sub_s23,S2|S3,S2|S3,S2|S3
1786339798.634,c2,reserve,,0.0,26.34,6.28,3.54,,0,,0,36.0,obs,594,26.34,13.67,3.65,,26.34,13.67,3.65,,26.34,6.28,3.54,,10.083,0,S2|S3,sub_s23,S2|S3,S2|S3,S2|S3
1786339798.634,c2,search,,0.0,31.1,7.42,10.36,,0,,0,4474.0,obs,885,31.1,20.71,10.98,,31.1,20.71,10.98,,31.1,7.42,10.36,,10.083,0,S2|S3,sub_s23,S2|S3,S2|S3,S2|S3
1786339798.634,c2,recommend,,0.0,26.76,8.08,3.83,,0,,0,200.0,obs,1180,26.76,14.03,4.0,,26.76,14.03,4.0,,26.76,8.08,3.83,,10.083,0,S2|S3,sub_s23,S2|S3,S2|S3,S2|S3
1786339799.635,c1,reserve,,0.0,26.34,5.4,3.69,,0,,0,36.0,obs,588,26.34,13.67,3.65,,26.34,13.67,3.65,,26.34,5.4,3.69,,9.942,0,S2|S3,sub_s23,S2|S3,S2|S3,S2|S3
1786339799.635,c1,search,,0.0,31.1,3.75,10.38,,0,,0,4474.0,obs,884,31.1,20.71,10.98,,31.1,20.71,10.98,,31.1,3.75,10.38,,9.942,0,S2|S3,sub_s23,S2|S3,S2|S3,S2|S3
1786339799.635,c1,recommend,,0.0,26.76,7.71,3.83,,0,,0,200.0,obs,1188,26.76,14.03,4.0,,26.76,14.03,4.0,,26.76,7.71,3.83,,9.942,0,S2|S3,sub_s23,S2|S3,S2|S3,S2|S3
1786339799.635,c2,reserve,,0.0,26.34,5.4,3.69,,0,,0,36.0,obs,588,26.34,13.67,3.65,,26.34,13.67,3.65,,26.34,5.4,3.69,,9.942,0,S2|S3,sub_s23,S2|S3,S2|S3,S2|S3
1786339799.635,c2,search,,0.0,31.1,3.75,10.38,,0,,0,4474.0,obs,884,31.1,20.71,10.98,,31.1,20.71,10.98,,31.1,3.75,10.38,,9.942,0,S2|S3,sub_s23,S2|S3,S2|S3,S2|S3
1786339799.635,c2,recommend,,0.0,26.76,7.71,3.83,,0,,0,200.0,obs,1188,26.76,14.03,4.0,,26.76,14.03,4.0,,26.76,7.71,3.83,,9.942,0,S2|S3,sub_s23,S2|S3,S2|S3,S2|S3
1786339800.635,c1,reserve,,0.0,26.34,5.96,3.52,,0,,0,36.0,obs,595,26.34,13.67,3.65,,26.34,13.67,3.65,,26.34,5.96,3.52,,9.981,0,S2|S3,sub_s23,S2|S3,S2|S3,S2|S3
1786339800.635,c1,search,,0.0,31.1,5.59,10.47,,0,,0,4474.0,obs,885,31.1,20.71,10.98,,31.1,20.71,10.98,,31.1,5.59,10.47,,9.981,0,S2|S3,sub_s23,S2|S3,S2|S3,S2|S3
1786339800.635,c1,recommend,,0.0,26.76,8.38,3.88,,0,,0,200.0,obs,1181,26.76,14.03,4.0,,26.76,14.03,4.0,,26.76,8.38,3.88,,9.981,0,S2|S3,sub_s23,S2|S3,S2|S3,S2|S3
1786339800.635,c2,reserve,,0.0,26.34,5.96,3.52,,0,,0,36.0,obs,595,26.34,13.67,3.65,,26.34,13.67,3.65,,26.34,5.96,3.52,,9.981,0,S2|S3,sub_s23,S2|S3,S2|S3,S2|S3
1786339800.635,c2,search,,0.0,31.1,5.59,10.47,,0,,0,4474.0,obs,885,31.1,20.71,10.98,,31.1,20.71,10.98,,31.1,5.59,10.47,,9.981,0,S2|S3,sub_s23,S2|S3,S2|S3,S2|S3
1786339800.635,c2,recommend,,0.0,26.76,8.38,3.88,,0,,0,200.0,obs,1181,26.76,14.03,4.0,,26.76,14.03,4.0,,26.76,8.38,3.88,,9.981,0,S2|S3,sub_s23,S2|S3,S2|S3,S2|S3
1786339801.635,c1,reserve,,0.0,26.34,6.8,3.59,,0,,0,36.0,obs,588,26.34,13.67,3.65,,26.34,13.67,3.65,,26.34,6.8,3.59,,10.371,0,S2|S3,sub_s23,S2|S3,S2|S3,S2|S3
1786339801.635,c1,search,,0.0,31.1,7.45,10.61,,0,,0,4474.0,obs,887,31.1,20.71,10.98,,31.1,20.71,10.98,,31.1,7.45,10.61,,10.371,0,S2|S3,sub_s23,S2|S3,S2|S3,S2|S3
1786339801.635,c1,recommend,,0.0,26.76,8.56,3.89,,0,,0,200.0,obs,1188,26.76,14.03,4.0,,26.76,14.03,4.0,,26.76,8.56,3.89,,10.371,0,S2|S3,sub_s23,S2|S3,S2|S3,S2|S3
1786339801.635,c2,reserve,,0.0,26.34,6.8,3.59,,0,,0,36.0,obs,588,26.34,13.67,3.65,,26.34,13.67,3.65,,26.34,6.8,3.59,,10.371,0,S2|S3,sub_s23,S2|S3,S2|S3,S2|S3
1786339801.635,c2,search,,0.0,31.1,7.45,10.61,,0,,0,4474.0,obs,887,31.1,20.71,10.98,,31.1,20.71,10.98,,31.1,7.45,10.61,,10.371,0,S2|S3,sub_s23,S2|S3,S2|S3,S2|S3
1786339801.635,c2,recommend,,0.0,26.76,8.56,3.89,,0,,0,200.0,obs,1188,26.76,14.03,4.0,,26.76,14.03,4.0,,26.76,8.56,3.89,,10.371,0,S2|S3,sub_s23,S2|S3,S2|S3,S2|S3
1786339802.635,c1,reserve,,0.0,26.34,7.62,3.66,,0,,0,36.0,obs,592,26.34,13.67,3.65,,26.34,13.67,3.65,,26.34,7.62,3.66,,9.844,0,S2|S3,sub_s23,S2|S3,S2|S3,S2|S3
1786339802.635,c1,search,,0.0,31.1,7.31,10.86,,0,,0,4474.0,obs,881,31.1,20.71,10.98,,31.1,20.71,10.98,,31.1,7.31,10.86,,9.844,0,S2|S3,sub_s23,S2|S3,S2|S3,S2|S3
1786339802.635,c1,recommend,,0.0,26.76,8.47,3.99,,0,,0,200.0,obs,1187,26.76,14.03,4.0,,26.76,14.03,4.0,,26.76,8.47,3.99,,9.844,0,S2|S3,sub_s23,S2|S3,S2|S3,S2|S3
1786339802.635,c2,reserve,,0.0,26.34,7.62,3.66,,0,,0,36.0,obs,592,26.34,13.67,3.65,,26.34,13.67,3.65,,26.34,7.62,3.66,,9.844,0,S2|S3,sub_s23,S2|S3,S2|S3,S2|S3
1786339802.635,c2,search,,0.0,31.1,7.31,10.86,,0,,0,4474.0,obs,881,31.1,20.71,10.98,,31.1,20.71,10.98,,31.1,7.31,10.86,,9.844,0,S2|S3,sub_s23,S2|S3,S2|S3,S2|S3
1786339802.635,c2,recommend,,0.0,26.76,8.47,3.99,,0,,0,200.0,obs,1187,26.76,14.03,4.0,,26.76,14.03,4.0,,26.76,8.47,3.99,,9.844,0,S2|S3,sub_s23,S2|S3,S2|S3,S2|S3
1786339803.635,c1,reserve,,0.0,26.34,8.45,3.6,,0,,0,36.0,obs,594,26.34,13.67,3.65,,26.34,13.67,3.65,,26.34,8.45,3.6,,10.172,0,S2|S3,sub_s23,S2|S3,S2|S3,S2|S3
1786339803.635,c1,search,,0.0,31.1,8.05,10.93,,0,,0,4474.0,obs,889,31.1,20.71,10.98,,31.1,20.71,10.98,,31.1,8.05,10.93,,10.172,0,S2|S3,sub_s23,S2|S3,S2|S3,S2|S3
1786339803.635,c1,recommend,,0.0,26.76,8.83,4.01,,0,,0,200.0,obs,1184,26.76,14.03,4.0,,26.76,14.03,4.0,,26.76,8.83,4.01,,10.172,0,S2|S3,sub_s23,S2|S3,S2|S3,S2|S3
1786339803.635,c2,reserve,,0.0,26.34,8.45,3.6,,0,,0,36.0,obs,594,26.34,13.67,3.65,,26.34,13.67,3.65,,26.34,8.45,3.6,,10.172,0,S2|S3,sub_s23,S2|S3,S2|S3,S2|S3
1786339803.635,c2,search,,0.0,31.1,8.05,10.93,,0,,0,4474.0,obs,889,31.1,20.71,10.98,,31.1,20.71,10.98,,31.1,8.05,10.93,,10.172,0,S2|S3,sub_s23,S2|S3,S2|S3,S2|S3
1786339803.635,c2,recommend,,0.0,26.76,8.83,4.01,,0,,0,200.0,obs,1184,26.76,14.03,4.0,,26.76,14.03,4.0,,26.76,8.83,4.01,,10.172,0,S2|S3,sub_s23,S2|S3,S2|S3,S2|S3
1786339804.635,c1,reserve,,0.0,26.34,8.32,3.21,,0,,0,36.0,obs,591,26.34,13.67,3.65,,26.34,13.67,3.65,,26.34,8.32,3.21,,9.803,0,S2|S3,sub_s23,S2|S3,S2|S3,S2|S3
1786339804.635,c1,search,,0.0,31.1,8.06,10.83,,0,,0,4474.0,obs,888,31.1,20.71,10.98,,31.1,20.71,10.98,,31.1,8.06,10.83,,9.803,0,S2|S3,sub_s23,S2|S3,S2|S3,S2|S3
1786339804.635,c1,recommend,,0.0,26.76,9.23,3.91,,0,,0,200.0,obs,1190,26.76,14.03,4.0,,26.76,14.03,4.0,,26.76,9.23,3.91,,9.803,0,S2|S3,sub_s23,S2|S3,S2|S3,S2|S3
1786339804.635,c2,reserve,,0.0,26.34,8.32,3.21,,0,,0,36.0,obs,591,26.34,13.67,3.65,,26.34,13.67,3.65,,26.34,8.32,3.21,,9.803,0,S2|S3,sub_s23,S2|S3,S2|S3,S2|S3
1786339804.635,c2,search,,0.0,31.1,8.06,10.83,,0,,0,4474.0,obs,888,31.1,20.71,10.98,,31.1,20.71,10.98,,31.1,8.06,10.83,,9.803,0,S2|S3,sub_s23,S2|S3,S2|S3,S2|S3
1786339804.635,c2,recommend,,0.0,26.76,9.23,3.91,,0,,0,200.0,obs,1190,26.76,14.03,4.0,,26.76,14.03,4.0,,26.76,9.23,3.91,,9.803,0,S2|S3,sub_s23,S2|S3,S2|S3,S2|S3
1786339805.635,c1,reserve,,0.0,26.34,7.58,3.15,,0,,0,36.0,obs,597,26.34,13.67,3.65,,26.34,13.67,3.65,,26.34,7.58,3.15,,9.798,0,S2|S3,sub_s23,S2|S3,S2|S3,S2|S3
1786339805.635,c1,search,,0.0,31.1,8.58,10.61,,0,,0,4474.0,obs,888,31.1,20.71,10.98,,31.1,20.71,10.98,,31.1,8.58,10.61,,9.798,0,S2|S3,sub_s23,S2|S3,S2|S3,S2|S3
1786339805.635,c1,recommend,,0.0,26.76,9.39,3.91,,0,,0,200.0,obs,1184,26.76,14.03,4.0,,26.76,14.03,4.0,,26.76,9.39,3.91,,9.798,0,S2|S3,sub_s23,S2|S3,S2|S3,S2|S3
1786339805.635,c2,reserve,,0.0,26.34,7.58,3.15,,0,,0,36.0,obs,597,26.34,13.67,3.65,,26.34,13.67,3.65,,26.34,7.58,3.15,,9.798,0,S2|S3,sub_s23,S2|S3,S2|S3,S2|S3
1786339805.635,c2,search,,0.0,31.1,8.58,10.61,,0,,0,4474.0,obs,888,31.1,20.71,10.98,,31.1,20.71,10.98,,31.1,8.58,10.61,,9.798,0,S2|S3,sub_s23,S2|S3,S2|S3,S2|S3
1786339805.635,c2,recommend,,0.0,26.76,9.39,3.91,,0,,0,200.0,obs,1184,26.76,14.03,4.0,,26.76,14.03,4.0,,26.76,9.39,3.91,,9.798,0,S2|S3,sub_s23,S2|S3,S2|S3,S2|S3
1786339806.635,c1,reserve,,0.0,26.34,6.32,3.15,,0,,0,36.0,obs,592,26.34,13.67,3.65,,26.34,13.67,3.65,,26.34,6.32,3.15,,10.271,0,S2|S3,sub_s23,S2|S3,S2|S3,S2|S3
1786339806.635,c1,search,,0.0,31.1,7.16,10.37,,0,,0,4474.0,obs,888,31.1,20.71,10.98,,31.1,20.71,10.98,,31.1,7.16,10.37,,10.271,0,S2|S3,sub_s23,S2|S3,S2|S3,S2|S3
1786339806.635,c1,recommend,,0.0,26.76,8.54,3.85,,0,,0,200.0,obs,1191,26.76,14.03,4.0,,26.76,14.03,4.0,,26.76,8.54,3.85,,10.271,0,S2|S3,sub_s23,S2|S3,S2|S3,S2|S3
1786339806.635,c2,reserve,,0.0,26.34,6.32,3.15,,0,,0,36.0,obs,592,26.34,13.67,3.65,,26.34,13.67,3.65,,26.34,6.32,3.15,,10.271,0,S2|S3,sub_s23,S2|S3,S2|S3,S2|S3
1786339806.635,c2,search,,0.0,31.1,7.16,10.37,,0,,0,4474.0,obs,888,31.1,20.71,10.98,,31.1,20.71,10.98,,31.1,7.16,10.37,,10.271,0,S2|S3,sub_s23,S2|S3,S2|S3,S2|S3
1786339806.635,c2,recommend,,0.0,26.76,8.54,3.85,,0,,0,200.0,obs,1191,26.76,14.03,4.0,,26.76,14.03,4.0,,26.76,8.54,3.85,,10.271,0,S2|S3,sub_s23,S2|S3,S2|S3,S2|S3
1786339807.635,c1,reserve,,0.0,26.34,6.95,3.4,,0,,0,36.0,obs,597,26.34,13.67,3.65,,26.34,13.67,3.65,,26.34,6.95,3.4,,10.02,0,S2|S3,sub_s23,S2|S3,S2|S3,S2|S3
1786339807.635,c1,search,,0.0,31.1,7.77,9.77,,0,,0,4474.0,obs,889,31.1,20.71,10.98,,31.1,20.71,10.98,,31.1,7.77,9.77,,10.02,0,S2|S3,sub_s23,S2|S3,S2|S3,S2|S3
1786339807.635,c1,recommend,,0.0,26.76,9.03,3.78,,0,,0,200.0,obs,1188,26.76,14.03,4.0,,26.76,14.03,4.0,,26.76,9.03,3.78,,10.02,0,S2|S3,sub_s23,S2|S3,S2|S3,S2|S3
1786339807.635,c2,reserve,,0.0,26.34,6.95,3.4,,0,,0,36.0,obs,597,26.34,13.67,3.65,,26.34,13.67,3.65,,26.34,6.95,3.4,,10.02,0,S2|S3,sub_s23,S2|S3,S2|S3,S2|S3
1786339807.635,c2,search,,0.0,31.1,7.77,9.77,,0,,0,4474.0,obs,889,31.1,20.71,10.98,,31.1,20.71,10.98,,31.1,7.77,9.77,,10.02,0,S2|S3,sub_s23,S2|S3,S2|S3,S2|S3
1786339807.635,c2,recommend,,0.0,26.76,9.03,3.78,,0,,0,200.0,obs,1188,26.76,14.03,4.0,,26.76,14.03,4.0,,26.76,9.03,3.78,,10.02,0,S2|S3,sub_s23,S2|S3,S2|S3,S2|S3
1786339808.635,c1,reserve,,0.0,26.34,6.82,3.66,,0,,0,36.0,obs,594,26.34,13.67,3.65,,26.34,13.67,3.65,,26.34,6.82,3.66,,9.913,0,S2|S3,sub_s23,S2|S3,S2|S3,S2|S3
1786339808.635,c1,search,,0.0,31.1,8.06,10.18,,0,,0,4474.0,obs,895,31.1,20.71,10.98,,31.1,20.71,10.98,,31.1,8.06,10.18,,9.913,0,S2|S3,sub_s23,S2|S3,S2|S3,S2|S3
1786339808.635,c1,recommend,,0.0,26.76,8.95,3.89,,0,,0,200.0,obs,1191,26.76,14.03,4.0,,26.76,14.03,4.0,,26.76,8.95,3.89,,9.913,0,S2|S3,sub_s23,S2|S3,S2|S3,S2|S3
1786339808.635,c2,reserve,,0.0,26.34,6.82,3.66,,0,,0,36.0,obs,594,26.34,13.67,3.65,,26.34,13.67,3.65,,26.34,6.82,3.66,,9.913,0,S2|S3,sub_s23,S2|S3,S2|S3,S2|S3
1786339808.635,c2,search,,0.0,31.1,8.06,10.18,,0,,0,4474.0,obs,895,31.1,20.71,10.98,,31.1,20.71,10.98,,31.1,8.06,10.18,,9.913,0,S2|S3,sub_s23,S2|S3,S2|S3,S2|S3
1786339808.635,c2,recommend,,0.0,26.76,8.95,3.89,,0,,0,200.0,obs,1191,26.76,14.03,4.0,,26.76,14.03,4.0,,26.76,8.95,3.89,,9.913,0,S2|S3,sub_s23,S2|S3,S2|S3,S2|S3
1786339809.636,c1,reserve,,0.0,26.34,5.46,3.76,,0,,0,36.0,obs,598,26.34,13.67,3.65,,26.34,13.67,3.65,,26.34,5.46,3.76,,10.552,0,S2|S3,sub_s23,S2|S3,S2|S3,S2|S3
1786339809.636,c1,search,,0.0,31.1,4.76,10.68,,0,,0,4474.0,obs,887,31.1,20.71,10.98,,31.1,20.71,10.98,,31.1,4.76,10.68,,10.552,0,S2|S3,sub_s23,S2|S3,S2|S3,S2|S3
1786339809.636,c1,recommend,,0.0,26.76,7.63,3.97,,0,,0,200.0,obs,1193,26.76,14.03,4.0,,26.76,14.03,4.0,,26.76,7.63,3.97,,10.552,0,S2|S3,sub_s23,S2|S3,S2|S3,S2|S3
1786339809.636,c2,reserve,,0.0,26.34,5.46,3.76,,0,,0,36.0,obs,598,26.34,13.67,3.65,,26.34,13.67,3.65,,26.34,5.46,3.76,,10.552,0,S2|S3,sub_s23,S2|S3,S2|S3,S2|S3
1786339809.636,c2,search,,0.0,31.1,4.76,10.68,,0,,0,4474.0,obs,887,31.1,20.71,10.98,,31.1,20.71,10.98,,31.1,4.76,10.68,,10.552,0,S2|S3,sub_s23,S2|S3,S2|S3,S2|S3
1786339809.636,c2,recommend,,0.0,26.76,7.63,3.97,,0,,0,200.0,obs,1193,26.76,14.03,4.0,,26.76,14.03,4.0,,26.76,7.63,3.97,,10.552,0,S2|S3,sub_s23,S2|S3,S2|S3,S2|S3
1786339810.635,c1,reserve,,0.0,26.34,4.41,3.33,,0,,0,36.0,obs,596,26.34,13.67,3.65,,26.34,13.67,3.65,,26.34,4.41,3.33,,10.284,0,S2|S3,sub_s23,S2|S3,S2|S3,S2|S3
1786339810.635,c1,search,,0.0,31.1,4.28,10.64,,0,,0,4474.0,obs,894,31.1,20.71,10.98,,31.1,20.71,10.98,,31.1,4.28,10.64,,10.284,0,S2|S3,sub_s23,S2|S3,S2|S3,S2|S3
1786339810.635,c1,recommend,,0.0,26.76,7.65,3.98,,0,,0,200.0,obs,1188,26.76,14.03,4.0,,26.76,14.03,4.0,,26.76,7.65,3.98,,10.284,0,S2|S3,sub_s23,S2|S3,S2|S3,S2|S3
1786339810.635,c2,reserve,,0.0,26.34,4.41,3.33,,0,,0,36.0,obs,596,26.34,13.67,3.65,,26.34,13.67,3.65,,26.34,4.41,3.33,,10.284,0,S2|S3,sub_s23,S2|S3,S2|S3,S2|S3
1786339810.635,c2,search,,0.0,31.1,4.28,10.64,,0,,0,4474.0,obs,894,31.1,20.71,10.98,,31.1,20.71,10.98,,31.1,4.28,10.64,,10.284,0,S2|S3,sub_s23,S2|S3,S2|S3,S2|S3
1786339810.635,c2,recommend,,0.0,26.76,7.65,3.98,,0,,0,200.0,obs,1188,26.76,14.03,4.0,,26.76,14.03,4.0,,26.76,7.65,3.98,,10.284,0,S2|S3,sub_s23,S2|S3,S2|S3,S2|S3
1786339811.635,c1,reserve,,0.0,26.34,5.98,3.5,,0,,0,36.0,obs,593,26.34,13.67,3.65,,26.34,13.67,3.65,,26.34,5.98,3.5,,10.119,0,S2|S3,sub_s23,S2|S3,S2|S3,S2|S3
1786339811.635,c1,search,,0.0,31.1,7.36,10.54,,0,,0,4474.0,obs,891,31.1,20.71,10.98,,31.1,20.71,10.98,,31.1,7.36,10.54,,10.119,0,S2|S3,sub_s23,S2|S3,S2|S3,S2|S3
1786339811.635,c1,recommend,,0.0,26.76,8.61,3.99,,0,,0,200.0,obs,1194,26.76,14.03,4.0,,26.76,14.03,4.0,,26.76,8.61,3.99,,10.119,0,S2|S3,sub_s23,S2|S3,S2|S3,S2|S3
1786339811.635,c2,reserve,,0.0,26.34,5.98,3.5,,0,,0,36.0,obs,593,26.34,13.67,3.65,,26.34,13.67,3.65,,26.34,5.98,3.5,,10.119,0,S2|S3,sub_s23,S2|S3,S2|S3,S2|S3
1786339811.635,c2,search,,0.0,31.1,7.36,10.54,,0,,0,4474.0,obs,891,31.1,20.71,10.98,,31.1,20.71,10.98,,31.1,7.36,10.54,,10.119,0,S2|S3,sub_s23,S2|S3,S2|S3,S2|S3
1786339811.635,c2,recommend,,0.0,26.76,8.61,3.99,,0,,0,200.0,obs,1194,26.76,14.03,4.0,,26.76,14.03,4.0,,26.76,8.61,3.99,,10.119,0,S2|S3,sub_s23,S2|S3,S2|S3,S2|S3
1786339812.636,c1,reserve,,0.0,26.34,7.82,3.5,,0,,0,36.0,obs,597,26.34,13.67,3.65,,26.34,13.67,3.65,,26.34,7.82,3.5,,10.501,0,S2|S3,sub_s23,S2|S3,S2|S3,S2|S3
1786339812.636,c1,search,,0.0,31.1,8.05,10.74,,0,,0,4474.0,obs,892,31.1,20.71,10.98,,31.1,20.71,10.98,,31.1,8.05,10.74,,10.501,0,S2|S3,sub_s23,S2|S3,S2|S3,S2|S3
1786339812.636,c1,recommend,,0.0,26.76,8.83,3.9,,0,,0,200.0,obs,1191,26.76,14.03,4.0,,26.76,14.03,4.0,,26.76,8.83,3.9,,10.501,0,S2|S3,sub_s23,S2|S3,S2|S3,S2|S3
1786339812.636,c2,reserve,,0.0,26.34,7.82,3.5,,0,,0,36.0,obs,597,26.34,13.67,3.65,,26.34,13.67,3.65,,26.34,7.82,3.5,,10.501,0,S2|S3,sub_s23,S2|S3,S2|S3,S2|S3
1786339812.636,c2,search,,0.0,31.1,8.05,10.74,,0,,0,4474.0,obs,892,31.1,20.71,10.98,,31.1,20.71,10.98,,31.1,8.05,10.74,,10.501,0,S2|S3,sub_s23,S2|S3,S2|S3,S2|S3
1786339812.636,c2,recommend,,0.0,26.76,8.83,3.9,,0,,0,200.0,obs,1191,26.76,14.03,4.0,,26.76,14.03,4.0,,26.76,8.83,3.9,,10.501,0,S2|S3,sub_s23,S2|S3,S2|S3,S2|S3
1786339813.635,c1,reserve,,0.0,26.34,7.93,3.49,,0,,0,36.0,obs,595,26.34,13.67,3.65,,26.34,13.67,3.65,,26.34,7.93,3.49,,9.778,0,S2|S3,sub_s23,S2|S3,S2|S3,S2|S3
1786339813.635,c1,search,,0.0,31.1,8.73,10.84,,0,,0,4474.0,obs,891,31.1,20.71,10.98,,31.1,20.71,10.98,,31.1,8.73,10.84,,9.778,0,S2|S3,sub_s23,S2|S3,S2|S3,S2|S3
1786339813.635,c1,recommend,,0.0,26.76,9.16,3.8,,0,,0,200.0,obs,1197,26.76,14.03,4.0,,26.76,14.03,4.0,,26.76,9.16,3.8,,9.778,0,S2|S3,sub_s23,S2|S3,S2|S3,S2|S3
1786339813.635,c2,reserve,,0.0,26.34,7.93,3.49,,0,,0,36.0,obs,595,26.34,13.67,3.65,,26.34,13.67,3.65,,26.34,7.93,3.49,,9.778,0,S2|S3,sub_s23,S2|S3,S2|S3,S2|S3
1786339813.635,c2,search,,0.0,31.1,8.73,10.84,,0,,0,4474.0,obs,891,31.1,20.71,10.98,,31.1,20.71,10.98,,31.1,8.73,10.84,,9.778,0,S2|S3,sub_s23,S2|S3,S2|S3,S2|S3
1786339813.635,c2,recommend,,0.0,26.76,9.16,3.8,,0,,0,200.0,obs,1197,26.76,14.03,4.0,,26.76,14.03,4.0,,26.76,9.16,3.8,,9.778,0,S2|S3,sub_s23,S2|S3,S2|S3,S2|S3
1786339814.636,c1,reserve,,0.0,26.34,7.9,3.63,,0,,0,36.0,obs,600,26.34,13.67,3.65,,26.34,13.67,3.65,,26.34,7.9,3.63,,10.465,0,S2|S3,sub_s23,S2|S3,S2|S3,S2|S3
1786339814.636,c1,search,,0.0,31.1,8.64,10.89,,0,,0,4474.0,obs,893,31.1,20.71,10.98,,31.1,20.71,10.98,,31.1,8.64,10.89,,10.465,0,S2|S3,sub_s23,S2|S3,S2|S3,S2|S3
1786339814.636,c1,recommend,,0.0,26.76,9.5,3.84,,0,,0,200.0,obs,1195,26.76,14.03,4.0,,26.76,14.03,4.0,,26.76,9.5,3.84,,10.465,0,S2|S3,sub_s23,S2|S3,S2|S3,S2|S3
1786339814.636,c2,reserve,,0.0,26.34,7.9,3.63,,0,,0,36.0,obs,600,26.34,13.67,3.65,,26.34,13.67,3.65,,26.34,7.9,3.63,,10.465,0,S2|S3,sub_s23,S2|S3,S2|S3,S2|S3
1786339814.636,c2,search,,0.0,31.1,8.64,10.89,,0,,0,4474.0,obs,893,31.1,20.71,10.98,,31.1,20.71,10.98,,31.1,8.64,10.89,,10.465,0,S2|S3,sub_s23,S2|S3,S2|S3,S2|S3
1786339814.636,c2,recommend,,0.0,26.76,9.5,3.84,,0,,0,200.0,obs,1195,26.76,14.03,4.0,,26.76,14.03,4.0,,26.76,9.5,3.84,,10.465,0,S2|S3,sub_s23,S2|S3,S2|S3,S2|S3
1786339815.635,c1,reserve,,0.0,26.34,7.58,3.56,,0,,0,36.0,obs,595,26.34,13.67,3.65,,26.34,13.67,3.65,,26.34,7.58,3.56,,10.376,0,S2|S3,sub_s23,S2|S3,S2|S3,S2|S3
1786339815.635,c1,search,,0.0,31.1,8.8,10.77,,0,,0,4474.0,obs,895,31.1,20.71,10.98,,31.1,20.71,10.98,,31.1,8.8,10.77,,10.376,0,S2|S3,sub_s23,S2|S3,S2|S3,S2|S3
1786339815.635,c1,recommend,,0.0,26.76,9.34,3.95,,0,,0,200.0,obs,1200,26.76,14.03,4.0,,26.76,14.03,4.0,,26.76,9.34,3.95,,10.376,0,S2|S3,sub_s23,S2|S3,S2|S3,S2|S3
1786339815.635,c2,reserve,,0.0,26.34,7.58,3.56,,0,,0,36.0,obs,595,26.34,13.67,3.65,,26.34,13.67,3.65,,26.34,7.58,3.56,,10.376,0,S2|S3,sub_s23,S2|S3,S2|S3,S2|S3
1786339815.635,c2,search,,0.0,31.1,8.8,10.77,,0,,0,4474.0,obs,895,31.1,20.71,10.98,,31.1,20.71,10.98,,31.1,8.8,10.77,,10.376,0,S2|S3,sub_s23,S2|S3,S2|S3,S2|S3
1786339815.635,c2,recommend,,0.0,26.76,9.34,3.95,,0,,0,200.0,obs,1200,26.76,14.03,4.0,,26.76,14.03,4.0,,26.76,9.34,3.95,,10.376,0,S2|S3,sub_s23,S2|S3,S2|S3,S2|S3
1786339816.635,c1,reserve,,0.0,26.34,6.34,3.59,,0,,0,36.0,obs,597,26.34,13.67,3.65,,26.34,13.67,3.65,,26.34,6.34,3.59,,9.975,0,S2|S3,sub_s23,S2|S3,S2|S3,S2|S3
1786339816.635,c1,search,,0.0,31.1,8.19,10.58,,0,,0,4474.0,obs,890,31.1,20.71,10.98,,31.1,20.71,10.98,,31.1,8.19,10.58,,9.975,0,S2|S3,sub_s23,S2|S3,S2|S3,S2|S3
1786339816.635,c1,recommend,,0.0,26.76,8.78,3.88,,0,,0,200.0,obs,1198,26.76,14.03,4.0,,26.76,14.03,4.0,,26.76,8.78,3.88,,9.975,0,S2|S3,sub_s23,S2|S3,S2|S3,S2|S3
1786339816.635,c2,reserve,,0.0,26.34,6.34,3.59,,0,,0,36.0,obs,597,26.34,13.67,3.65,,26.34,13.67,3.65,,26.34,6.34,3.59,,9.975,0,S2|S3,sub_s23,S2|S3,S2|S3,S2|S3
1786339816.635,c2,search,,0.0,31.1,8.19,10.58,,0,,0,4474.0,obs,890,31.1,20.71,10.98,,31.1,20.71,10.98,,31.1,8.19,10.58,,9.975,0,S2|S3,sub_s23,S2|S3,S2|S3,S2|S3
1786339816.635,c2,recommend,,0.0,26.76,8.78,3.88,,0,,0,200.0,obs,1198,26.76,14.03,4.0,,26.76,14.03,4.0,,26.76,8.78,3.88,,9.975,0,S2|S3,sub_s23,S2|S3,S2|S3,S2|S3
1786339817.635,c1,reserve,,0.0,26.34,5.43,3.29,,0,,0,36.0,obs,599,26.34,13.67,3.65,,26.34,13.67,3.65,,26.34,5.43,3.29,,9.951,0,S2|S3,sub_s23,S2|S3,S2|S3,S2|S3
1786339817.635,c1,search,,0.0,31.1,6.9,10.32,,0,,0,4474.0,obs,895,31.1,20.71,10.98,,31.1,20.71,10.98,,31.1,6.9,10.32,,9.951,0,S2|S3,sub_s23,S2|S3,S2|S3,S2|S3
1786339817.635,c1,recommend,,0.0,26.76,8.6,3.82,,0,,0,200.0,obs,1194,26.76,14.03,4.0,,26.76,14.03,4.0,,26.76,8.6,3.82,,9.951,0,S2|S3,sub_s23,S2|S3,S2|S3,S2|S3
1786339817.635,c2,reserve,,0.0,26.34,5.43,3.29,,0,,0,36.0,obs,599,26.34,13.67,3.65,,26.34,13.67,3.65,,26.34,5.43,3.29,,9.951,0,S2|S3,sub_s23,S2|S3,S2|S3,S2|S3
1786339817.635,c2,search,,0.0,31.1,6.9,10.32,,0,,0,4474.0,obs,895,31.1,20.71,10.98,,31.1,20.71,10.98,,31.1,6.9,10.32,,9.951,0,S2|S3,sub_s23,S2|S3,S2|S3,S2|S3
1786339817.635,c2,recommend,,0.0,26.76,8.6,3.82,,0,,0,200.0,obs,1194,26.76,14.03,4.0,,26.76,14.03,4.0,,26.76,8.6,3.82,,9.951,0,S2|S3,sub_s23,S2|S3,S2|S3,S2|S3
1786339818.635,c1,reserve,,0.0,26.34,7.58,3.15,,0,,0,36.0,obs,596,26.34,13.67,3.65,,26.34,13.67,3.65,,26.34,7.58,3.15,,10.084,0,S2|S3,sub_s23,S2|S3,S2|S3,S2|S3
1786339818.635,c1,search,,0.0,31.1,8.89,10.32,,0,,0,4474.0,obs,894,31.1,20.71,10.98,,31.1,20.71,10.98,,31.1,8.89,10.32,,10.084,0,S2|S3,sub_s23,S2|S3,S2|S3,S2|S3
1786339818.635,c1,recommend,,0.0,26.76,9.31,3.94,,0,,0,200.0,obs,1199,26.76,14.03,4.0,,26.76,14.03,4.0,,26.76,9.31,3.94,,10.084,0,S2|S3,sub_s23,S2|S3,S2|S3,S2|S3
1786339818.635,c2,reserve,,0.0,26.34,7.58,3.15,,0,,0,36.0,obs,596,26.34,13.67,3.65,,26.34,13.67,3.65,,26.34,7.58,3.15,,10.084,0,S2|S3,sub_s23,S2|S3,S2|S3,S2|S3
1786339818.635,c2,search,,0.0,31.1,8.89,10.32,,0,,0,4474.0,obs,894,31.1,20.71,10.98,,31.1,20.71,10.98,,31.1,8.89,10.32,,10.084,0,S2|S3,sub_s23,S2|S3,S2|S3,S2|S3
1786339818.635,c2,recommend,,0.0,26.76,9.31,3.94,,0,,0,200.0,obs,1199,26.76,14.03,4.0,,26.76,14.03,4.0,,26.76,9.31,3.94,,10.084,0,S2|S3,sub_s23,S2|S3,S2|S3,S2|S3
1786339819.635,c1,reserve,,0.0,26.34,6.75,3.41,,0,,0,36.0,obs,602,26.34,13.67,3.65,,26.34,13.67,3.65,,26.34,6.75,3.41,,10.143,0,S2|S3,sub_s23,S2|S3,S2|S3,S2|S3
1786339819.635,c1,search,,0.0,31.1,7.81,10.64,,0,,0,4474.0,obs,896,31.1,20.71,10.98,,31.1,20.71,10.98,,31.1,7.81,10.64,,10.143,0,S2|S3,sub_s23,S2|S3,S2|S3,S2|S3
1786339819.635,c1,recommend,,0.0,26.76,9.25,3.87,,0,,0,200.0,obs,1197,26.76,14.03,4.0,,26.76,14.03,4.0,,26.76,9.25,3.87,,10.143,0,S2|S3,sub_s23,S2|S3,S2|S3,S2|S3
1786339819.635,c2,reserve,,0.0,26.34,6.75,3.41,,0,,0,36.0,obs,602,26.34,13.67,3.65,,26.34,13.67,3.65,,26.34,6.75,3.41,,10.143,0,S2|S3,sub_s23,S2|S3,S2|S3,S2|S3
1786339819.635,c2,search,,0.0,31.1,7.81,10.64,,0,,0,4474.0,obs,896,31.1,20.71,10.98,,31.1,20.71,10.98,,31.1,7.81,10.64,,10.143,0,S2|S3,sub_s23,S2|S3,S2|S3,S2|S3
1786339819.635,c2,recommend,,0.0,26.76,9.25,3.87,,0,,0,200.0,obs,1197,26.76,14.03,4.0,,26.76,14.03,4.0,,26.76,9.25,3.87,,10.143,0,S2|S3,sub_s23,S2|S3,S2|S3,S2|S3
1786339820.636,c1,reserve,,0.0,26.34,7.49,3.45,,0,,0,36.0,obs,597,26.34,13.67,3.65,,26.34,13.67,3.65,,26.34,7.49,3.45,,10.502,0,S2|S3,sub_s23,S2|S3,S2|S3,S2|S3
1786339820.636,c1,search,,0.0,31.1,6.44,10.69,,0,,0,4474.0,obs,896,31.1,20.71,10.98,,31.1,20.71,10.98,,31.1,6.44,10.69,,10.502,0,S2|S3,sub_s23,S2|S3,S2|S3,S2|S3
1786339820.636,c1,recommend,,0.0,26.76,8.31,3.8,,0,,0,200.0,obs,1203,26.76,14.03,4.0,,26.76,14.03,4.0,,26.76,8.31,3.8,,10.502,0,S2|S3,sub_s23,S2|S3,S2|S3,S2|S3
1786339820.636,c2,reserve,,0.0,26.34,7.49,3.45,,0,,0,36.0,obs,597,26.34,13.67,3.65,,26.34,13.67,3.65,,26.34,7.49,3.45,,10.502,0,S2|S3,sub_s23,S2|S3,S2|S3,S2|S3
1786339820.636,c2,search,,0.0,31.1,6.44,10.69,,0,,0,4474.0,obs,896,31.1,20.71,10.98,,31.1,20.71,10.98,,31.1,6.44,10.69,,10.502,0,S2|S3,sub_s23,S2|S3,S2|S3,S2|S3
1786339820.636,c2,recommend,,0.0,26.76,8.31,3.8,,0,,0,200.0,obs,1203,26.76,14.03,4.0,,26.76,14.03,4.0,,26.76,8.31,3.8,,10.502,0,S2|S3,sub_s23,S2|S3,S2|S3,S2|S3
1786339821.636,c1,reserve,,0.0,26.34,7.9,3.76,,0,,0,36.0,obs,604,26.34,13.67,3.65,,26.34,13.67,3.65,,26.34,7.9,3.76,,10.692,0,S2|S3,sub_s23,S2|S3,S2|S3,S2|S3
1786339821.636,c1,search,,0.0,31.1,7.77,10.79,,0,,0,4474.0,obs,897,31.1,20.71,10.98,,31.1,20.71,10.98,,31.1,7.77,10.79,,10.692,0,S2|S3,sub_s23,S2|S3,S2|S3,S2|S3
1786339821.636,c1,recommend,,0.0,26.76,9.14,3.92,,0,,0,200.0,obs,1196,26.76,14.03,4.0,,26.76,14.03,4.0,,26.76,9.14,3.92,,10.692,0,S2|S3,sub_s23,S2|S3,S2|S3,S2|S3
1786339821.636,c2,reserve,,0.0,26.34,7.9,3.76,,0,,0,36.0,obs,604,26.34,13.67,3.65,,26.34,13.67,3.65,,26.34,7.9,3.76,,10.692,0,S2|S3,sub_s23,S2|S3,S2|S3,S2|S3
1786339821.636,c2,search,,0.0,31.1,7.77,10.79,,0,,0,4474.0,obs,897,31.1,20.71,10.98,,31.1,20.71,10.98,,31.1,7.77,10.79,,10.692,0,S2|S3,sub_s23,S2|S3,S2|S3,S2|S3
1786339821.636,c2,recommend,,0.0,26.76,9.14,3.92,,0,,0,200.0,obs,1196,26.76,14.03,4.0,,26.76,14.03,4.0,,26.76,9.14,3.92,,10.692,0,S2|S3,sub_s23,S2|S3,S2|S3,S2|S3
1786339822.634,c1,reserve,,0.0,26.34,7.19,3.63,,0,,0,36.0,obs,597,26.34,13.67,3.65,,26.34,13.67,3.65,,26.34,7.19,3.63,,10.202,0,S2|S3,sub_s23,S2|S3,S2|S3,S2|S3
1786339822.634,c1,search,,0.0,31.1,7.96,10.66,,0,,0,4474.0,obs,903,31.1,20.71,10.98,,31.1,20.71,10.98,,31.1,7.96,10.66,,10.202,0,S2|S3,sub_s23,S2|S3,S2|S3,S2|S3
1786339822.634,c1,recommend,,0.0,26.76,9.14,3.93,,0,,0,200.0,obs,1203,26.76,14.03,4.0,,26.76,14.03,4.0,,26.76,9.14,3.93,,10.202,0,S2|S3,sub_s23,S2|S3,S2|S3,S2|S3
1786339822.634,c2,reserve,,0.0,26.34,7.19,3.63,,0,,0,36.0,obs,597,26.34,13.67,3.65,,26.34,13.67,3.65,,26.34,7.19,3.63,,10.202,0,S2|S3,sub_s23,S2|S3,S2|S3,S2|S3
1786339822.634,c2,search,,0.0,31.1,7.96,10.66,,0,,0,4474.0,obs,903,31.1,20.71,10.98,,31.1,20.71,10.98,,31.1,7.96,10.66,,10.202,0,S2|S3,sub_s23,S2|S3,S2|S3,S2|S3
1786339822.634,c2,recommend,,0.0,26.76,9.14,3.93,,0,,0,200.0,obs,1203,26.76,14.03,4.0,,26.76,14.03,4.0,,26.76,9.14,3.93,,10.202,0,S2|S3,sub_s23,S2|S3,S2|S3,S2|S3
1786339823.635,c1,reserve,,0.0,26.34,6.63,3.63,,0,,0,36.0,obs,601,26.34,13.67,3.65,,26.34,13.67,3.65,,26.34,6.63,3.63,,10.294,0,S2|S3,sub_s23,S2|S3,S2|S3,S2|S3
1786339823.635,c1,search,,0.0,31.1,8.03,10.66,,0,,0,4474.0,obs,895,31.1,20.71,10.98,,31.1,20.71,10.98,,31.1,8.03,10.66,,10.294,0,S2|S3,sub_s23,S2|S3,S2|S3,S2|S3
1786339823.635,c1,recommend,,0.0,26.76,9.18,3.89,,0,,0,200.0,obs,1203,26.76,14.03,4.0,,26.76,14.03,4.0,,26.76,9.18,3.89,,10.294,0,S2|S3,sub_s23,S2|S3,S2|S3,S2|S3
1786339823.635,c2,reserve,,0.0,26.34,6.63,3.63,,0,,0,36.0,obs,601,26.34,13.67,3.65,,26.34,13.67,3.65,,26.34,6.63,3.63,,10.294,0,S2|S3,sub_s23,S2|S3,S2|S3,S2|S3
1786339823.635,c2,search,,0.0,31.1,8.03,10.66,,0,,0,4474.0,obs,895,31.1,20.71,10.98,,31.1,20.71,10.98,,31.1,8.03,10.66,,10.294,0,S2|S3,sub_s23,S2|S3,S2|S3,S2|S3
1786339823.635,c2,recommend,,0.0,26.76,9.18,3.89,,0,,0,200.0,obs,1203,26.76,14.03,4.0,,26.76,14.03,4.0,,26.76,9.18,3.89,,10.294,0,S2|S3,sub_s23,S2|S3,S2|S3,S2|S3
1786339824.635,c1,reserve,,0.0,26.34,6.4,3.67,,0,,0,36.0,obs,598,26.34,13.67,3.65,,26.34,13.67,3.65,,26.34,6.4,3.67,,9.942,0,S2|S3,sub_s23,S2|S3,S2|S3,S2|S3
1786339824.635,c1,search,,0.0,31.1,9.43,10.87,,0,,0,4474.0,obs,898,31.1,20.71,10.98,,31.1,20.71,10.98,,31.1,9.43,10.87,,9.942,0,S2|S3,sub_s23,S2|S3,S2|S3,S2|S3
1786339824.635,c1,recommend,,0.0,26.76,9.24,3.94,,0,,0,200.0,obs,1201,26.76,14.03,4.0,,26.76,14.03,4.0,,26.76,9.24,3.94,,9.942,0,S2|S3,sub_s23,S2|S3,S2|S3,S2|S3
1786339824.635,c2,reserve,,0.0,26.34,6.4,3.67,,0,,0,36.0,obs,598,26.34,13.67,3.65,,26.34,13.67,3.65,,26.34,6.4,3.67,,9.942,0,S2|S3,sub_s23,S2|S3,S2|S3,S2|S3
1786339824.635,c2,search,,0.0,31.1,9.43,10.87,,0,,0,4474.0,obs,898,31.1,20.71,10.98,,31.1,20.71,10.98,,31.1,9.43,10.87,,9.942,0,S2|S3,sub_s23,S2|S3,S2|S3,S2|S3
1786339824.635,c2,recommend,,0.0,26.76,9.24,3.94,,0,,0,200.0,obs,1201,26.76,14.03,4.0,,26.76,14.03,4.0,,26.76,9.24,3.94,,9.942,0,S2|S3,sub_s23,S2|S3,S2|S3,S2|S3
1786339825.636,c1,reserve,,0.0,26.34,6.62,3.63,,0,,0,36.0,obs,601,26.34,13.67,3.65,,26.34,13.67,3.65,,26.34,6.62,3.63,,10.58,0,S2|S3,sub_s23,S2|S3,S2|S3,S2|S3
1786339825.636,c1,search,,0.0,31.1,8.22,10.87,,0,,0,4474.0,obs,897,31.1,20.71,10.98,,31.1,20.71,10.98,,31.1,8.22,10.87,,10.58,0,S2|S3,sub_s23,S2|S3,S2|S3,S2|S3
1786339825.636,c1,recommend,,0.0,26.76,8.88,4.0,,0,,0,200.0,obs,1204,26.76,14.03,4.0,,26.76,14.03,4.0,,26.76,8.88,4.0,,10.58,0,S2|S3,sub_s23,S2|S3,S2|S3,S2|S3
1786339825.636,c2,reserve,,0.0,26.34,6.62,3.63,,0,,0,36.0,obs,601,26.34,13.67,3.65,,26.34,13.67,3.65,,26.34,6.62,3.63,,10.58,0,S2|S3,sub_s23,S2|S3,S2|S3,S2|S3
1786339825.636,c2,search,,0.0,31.1,8.22,10.87,,0,,0,4474.0,obs,897,31.1,20.71,10.98,,31.1,20.71,10.98,,31.1,8.22,10.87,,10.58,0,S2|S3,sub_s23,S2|S3,S2|S3,S2|S3
1786339825.636,c2,recommend,,0.0,26.76,8.88,4.0,,0,,0,200.0,obs,1204,26.76,14.03,4.0,,26.76,14.03,4.0,,26.76,8.88,4.0,,10.58,0,S2|S3,sub_s23,S2|S3,S2|S3,S2|S3
1786339826.635,c1,reserve,,0.0,26.34,6.17,3.69,,0,,0,36.0,obs,603,26.34,13.67,3.65,,26.34,13.67,3.65,,26.34,6.17,3.69,,10.352,0,S2|S3,sub_s23,S2|S3,S2|S3,S2|S3
1786339826.635,c1,search,,0.0,31.1,6.66,10.75,,0,,0,4474.0,obs,900,31.1,20.71,10.98,,31.1,20.71,10.98,,31.1,6.66,10.75,,10.352,0,S2|S3,sub_s23,S2|S3,S2|S3,S2|S3
1786339826.635,c1,recommend,,0.0,26.76,8.38,4.0,,0,,0,200.0,obs,1200,26.76,14.03,4.0,,26.76,14.03,4.0,,26.76,8.38,4.0,,10.352,0,S2|S3,sub_s23,S2|S3,S2|S3,S2|S3
1786339826.635,c2,reserve,,0.0,26.34,6.17,3.69,,0,,0,36.0,obs,603,26.34,13.67,3.65,,26.34,13.67,3.65,,26.34,6.17,3.69,,10.352,0,S2|S3,sub_s23,S2|S3,S2|S3,S2|S3
1786339826.635,c2,search,,0.0,31.1,6.66,10.75,,0,,0,4474.0,obs,900,31.1,20.71,10.98,,31.1,20.71,10.98,,31.1,6.66,10.75,,10.352,0,S2|S3,sub_s23,S2|S3,S2|S3,S2|S3
1786339826.635,c2,recommend,,0.0,26.76,8.38,4.0,,0,,0,200.0,obs,1200,26.76,14.03,4.0,,26.76,14.03,4.0,,26.76,8.38,4.0,,10.352,0,S2|S3,sub_s23,S2|S3,S2|S3,S2|S3
1786339827.635,c1,reserve,,0.0,26.34,6.76,3.67,,0,,0,36.0,obs,600,26.34,13.67,3.65,,26.34,13.67,3.65,,26.34,6.76,3.67,,10.365,0,S2|S3,sub_s23,S2|S3,S2|S3,S2|S3
1786339827.635,c1,search,,0.0,31.1,8.52,10.6,,0,,0,4474.0,obs,900,31.1,20.71,10.98,,31.1,20.71,10.98,,31.1,8.52,10.6,,10.365,0,S2|S3,sub_s23,S2|S3,S2|S3,S2|S3
1786339827.635,c1,recommend,,0.0,26.76,8.14,3.94,,0,,0,200.0,obs,1205,26.76,14.03,4.0,,26.76,14.03,4.0,,26.76,8.14,3.94,,10.365,0,S2|S3,sub_s23,S2|S3,S2|S3,S2|S3
1786339827.635,c2,reserve,,0.0,26.34,6.76,3.67,,0,,0,36.0,obs,600,26.34,13.67,3.65,,26.34,13.67,3.65,,26.34,6.76,3.67,,10.365,0,S2|S3,sub_s23,S2|S3,S2|S3,S2|S3
1786339827.635,c2,search,,0.0,31.1,8.52,10.6,,0,,0,4474.0,obs,900,31.1,20.71,10.98,,31.1,20.71,10.98,,31.1,8.52,10.6,,10.365,0,S2|S3,sub_s23,S2|S3,S2|S3,S2|S3
1786339827.635,c2,recommend,,0.0,26.76,8.14,3.94,,0,,0,200.0,obs,1205,26.76,14.03,4.0,,26.76,14.03,4.0,,26.76,8.14,3.94,,10.365,0,S2|S3,sub_s23,S2|S3,S2|S3,S2|S3
1786339828.635,c1,reserve,,0.0,26.34,6.05,3.44,,0,,0,36.0,obs,607,26.34,13.67,3.65,,26.34,13.67,3.65,,26.34,6.05,3.44,,10.078,0,S2|S3,sub_s23,S2|S3,S2|S3,S2|S3
1786339828.635,c1,search,,0.0,31.1,5.54,10.41,,0,,0,4474.0,obs,897,31.1,20.71,10.98,,31.1,20.71,10.98,,31.1,5.54,10.41,,10.078,0,S2|S3,sub_s23,S2|S3,S2|S3,S2|S3
1786339828.635,c1,recommend,,0.0,26.76,7.55,3.89,,0,,0,200.0,obs,1200,26.76,14.03,4.0,,26.76,14.03,4.0,,26.76,7.55,3.89,,10.078,0,S2|S3,sub_s23,S2|S3,S2|S3,S2|S3
1786339828.635,c2,reserve,,0.0,26.34,6.05,3.44,,0,,0,36.0,obs,607,26.34,13.67,3.65,,26.34,13.67,3.65,,26.34,6.05,3.44,,10.078,0,S2|S3,sub_s23,S2|S3,S2|S3,S2|S3
1786339828.635,c2,search,,0.0,31.1,5.54,10.41,,0,,0,4474.0,obs,897,31.1,20.71,10.98,,31.1,20.71,10.98,,31.1,5.54,10.41,,10.078,0,S2|S3,sub_s23,S2|S3,S2|S3,S2|S3
1786339828.635,c2,recommend,,0.0,26.76,7.55,3.89,,0,,0,200.0,obs,1200,26.76,14.03,4.0,,26.76,14.03,4.0,,26.76,7.55,3.89,,10.078,0,S2|S3,sub_s23,S2|S3,S2|S3,S2|S3
1786339829.635,c1,reserve,,0.0,26.34,5.12,3.44,,0,,0,36.0,obs,600,26.34,13.67,3.65,,26.34,13.67,3.65,,26.34,5.12,3.44,,10.093,0,S2|S3,sub_s23,S2|S3,S2|S3,S2|S3
1786339829.635,c1,search,,0.0,31.1,3.51,10.68,,0,,0,4474.0,obs,904,31.1,20.71,10.98,,31.1,20.71,10.98,,31.1,3.51,10.68,,10.093,0,S2|S3,sub_s23,S2|S3,S2|S3,S2|S3
1786339829.635,c1,recommend,,0.0,26.76,7.19,3.96,,0,,0,200.0,obs,1204,26.76,14.03,4.0,,26.76,14.03,4.0,,26.76,7.19,3.96,,10.093,0,S2|S3,sub_s23,S2|S3,S2|S3,S2|S3
1786339829.635,c2,reserve,,0.0,26.34,5.12,3.44,,0,,0,36.0,obs,600,26.34,13.67,3.65,,26.34,13.67,3.65,,26.34,5.12,3.44,,10.093,0,S2|S3,sub_s23,S2|S3,S2|S3,S2|S3
1786339829.635,c2,search,,0.0,31.1,3.51,10.68,,0,,0,4474.0,obs,904,31.1,20.71,10.98,,31.1,20.71,10.98,,31.1,3.51,10.68,,10.093,0,S2|S3,sub_s23,S2|S3,S2|S3,S2|S3
1786339829.635,c2,recommend,,0.0,26.76,7.19,3.96,,0,,0,200.0,obs,1204,26.76,14.03,4.0,,26.76,14.03,4.0,,26.76,7.19,3.96,,10.093,0,S2|S3,sub_s23,S2|S3,S2|S3,S2|S3
1786339830.635,c1,reserve,,0.0,26.34,6.66,3.52,,0,,0,36.0,obs,603,26.34,13.67,3.65,,26.34,13.67,3.65,,26.34,6.66,3.52,,10.397,0,S2|S3,sub_s23,S2|S3,S2|S3,S2|S3
1786339830.635,c1,search,,0.0,31.1,6.99,10.65,,0,,0,4474.0,obs,896,31.1,20.71,10.98,,31.1,20.71,10.98,,31.1,6.99,10.65,,10.397,0,S2|S3,sub_s23,S2|S3,S2|S3,S2|S3
1786339830.635,c1,recommend,,0.0,26.76,8.73,3.98,,0,,0,200.0,obs,1206,26.76,14.03,4.0,,26.76,14.03,4.0,,26.76,8.73,3.98,,10.397,0,S2|S3,sub_s23,S2|S3,S2|S3,S2|S3
1786339830.635,c2,reserve,,0.0,26.34,6.66,3.52,,0,,0,36.0,obs,603,26.34,13.67,3.65,,26.34,13.67,3.65,,26.34,6.66,3.52,,10.397,0,S2|S3,sub_s23,S2|S3,S2|S3,S2|S3
1786339830.635,c2,search,,0.0,31.1,6.99,10.65,,0,,0,4474.0,obs,896,31.1,20.71,10.98,,31.1,20.71,10.98,,31.1,6.99,10.65,,10.397,0,S2|S3,sub_s23,S2|S3,S2|S3,S2|S3
1786339830.635,c2,recommend,,0.0,26.76,8.73,3.98,,0,,0,200.0,obs,1206,26.76,14.03,4.0,,26.76,14.03,4.0,,26.76,8.73,3.98,,10.397,0,S2|S3,sub_s23,S2|S3,S2|S3,S2|S3
1786339831.636,c1,reserve,,0.0,26.34,6.6,3.65,,0,,0,36.0,obs,603,26.34,13.67,3.65,,26.34,13.67,3.65,,26.34,6.6,3.65,,10.727,0,S2|S3,sub_s23,S2|S3,S2|S3,S2|S3
1786339831.636,c1,search,,0.0,31.1,9.0,10.68,,0,,0,4474.0,obs,904,31.1,20.71,10.98,,31.1,20.71,10.98,,31.1,9.0,10.68,,10.727,0,S2|S3,sub_s23,S2|S3,S2|S3,S2|S3
1786339831.636,c1,recommend,,0.0,26.76,9.46,4.0,,0,,0,200.0,obs,1203,26.76,14.03,4.0,,26.76,14.03,4.0,,26.76,9.46,4.0,,10.727,0,S2|S3,sub_s23,S2|S3,S2|S3,S2|S3
1786339831.636,c2,reserve,,0.0,26.34,6.6,3.65,,0,,0,36.0,obs,603,26.34,13.67,3.65,,26.34,13.67,3.65,,26.34,6.6,3.65,,10.727,0,S2|S3,sub_s23,S2|S3,S2|S3,S2|S3
1786339831.636,c2,search,,0.0,31.1,9.0,10.68,,0,,0,4474.0,obs,904,31.1,20.71,10.98,,31.1,20.71,10.98,,31.1,9.0,10.68,,10.727,0,S2|S3,sub_s23,S2|S3,S2|S3,S2|S3
1786339831.636,c2,recommend,,0.0,26.76,9.46,4.0,,0,,0,200.0,obs,1203,26.76,14.03,4.0,,26.76,14.03,4.0,,26.76,9.46,4.0,,10.727,0,S2|S3,sub_s23,S2|S3,S2|S3,S2|S3
1786339832.636,c1,reserve,,0.0,26.34,6.6,3.69,,0,,0,36.0,obs,602,26.34,13.67,3.65,,26.34,13.67,3.65,,26.34,6.6,3.69,,10.62,0,S2|S3,sub_s23,S2|S3,S2|S3,S2|S3
1786339832.636,c1,search,,0.0,31.1,8.07,10.75,,0,,0,4474.0,obs,902,31.1,20.71,10.98,,31.1,20.71,10.98,,31.1,8.07,10.75,,10.62,0,S2|S3,sub_s23,S2|S3,S2|S3,S2|S3
1786339832.636,c1,recommend,,0.0,26.76,9.14,4.08,,0,,0,200.0,obs,1208,26.76,14.03,4.0,,26.76,14.03,4.0,,26.76,9.14,4.08,,10.62,0,S2|S3,sub_s23,S2|S3,S2|S3,S2|S3
1786339832.636,c2,reserve,,0.0,26.34,6.6,3.69,,0,,0,36.0,obs,602,26.34,13.67,3.65,,26.34,13.67,3.65,,26.34,6.6,3.69,,10.62,0,S2|S3,sub_s23,S2|S3,S2|S3,S2|S3
1786339832.636,c2,search,,0.0,31.1,8.07,10.75,,0,,0,4474.0,obs,902,31.1,20.71,10.98,,31.1,20.71,10.98,,31.1,8.07,10.75,,10.62,0,S2|S3,sub_s23,S2|S3,S2|S3,S2|S3
1786339832.636,c2,recommend,,0.0,26.76,9.14,4.08,,0,,0,200.0,obs,1208,26.76,14.03,4.0,,26.76,14.03,4.0,,26.76,9.14,4.08,,10.62,0,S2|S3,sub_s23,S2|S3,S2|S3,S2|S3
1786339833.632,c1,reserve,,0.0,26.34,5.62,3.67,,0,,0,36.0,obs,518,26.34,13.67,3.65,,26.34,13.67,3.65,,26.34,5.62,3.67,,6.921,0,S2|S3,sub_s23,S2|S3,S2|S3,S2|S3
1786339833.632,c1,search,,0.0,31.1,7.34,10.67,,0,,0,4474.0,obs,777,31.1,20.71,10.98,,31.1,20.71,10.98,,31.1,7.34,10.67,,6.921,0,S2|S3,sub_s23,S2|S3,S2|S3,S2|S3
1786339833.632,c1,recommend,,0.0,26.76,8.18,4.04,,0,,0,200.0,obs,1032,26.76,14.03,4.0,,26.76,14.03,4.0,,26.76,8.18,4.04,,6.921,0,S2|S3,sub_s23,S2|S3,S2|S3,S2|S3
1786339833.632,c2,reserve,,0.0,26.34,5.62,3.67,,0,,0,36.0,obs,518,26.34,13.67,3.65,,26.34,13.67,3.65,,26.34,5.62,3.67,,6.921,0,S2|S3,sub_s23,S2|S3,S2|S3,S2|S3
1786339833.632,c2,search,,0.0,31.1,7.34,10.67,,0,,0,4474.0,obs,777,31.1,20.71,10.98,,31.1,20.71,10.98,,31.1,7.34,10.67,,6.921,0,S2|S3,sub_s23,S2|S3,S2|S3,S2|S3
1786339833.632,c2,recommend,,0.0,26.76,8.18,4.04,,0,,0,200.0,obs,1032,26.76,14.03,4.0,,26.76,14.03,4.0,,26.76,8.18,4.04,,6.921,0,S2|S3,sub_s23,S2|S3,S2|S3,S2|S3
1786339834.626,c1,reserve,,0.0,26.34,13.67,3.65,,0,,0,36.0,prior_fill,203,26.34,13.67,3.65,,26.34,13.67,3.65,,26.34,13.67,3.65,,1.115,0,S2|S3,sub_s23,S2|S3,S2|S3,S2|S3
1786339834.626,c1,search,,0.0,31.1,20.71,10.98,,0,,0,4474.0,prior_fill,310,31.1,20.71,10.98,,31.1,20.71,10.98,,31.1,20.71,10.98,,1.115,0,S2|S3,sub_s23,S2|S3,S2|S3,S2|S3
1786339834.626,c1,recommend,,0.0,26.76,14.03,4.0,,0,,0,200.0,prior_fill,413,26.76,14.03,4.0,,26.76,14.03,4.0,,26.76,14.03,4.0,,1.115,0,S2|S3,sub_s23,S2|S3,S2|S3,S2|S3
1786339834.626,c2,reserve,,0.0,26.34,13.67,3.65,,0,,0,36.0,prior_fill,203,26.34,13.67,3.65,,26.34,13.67,3.65,,26.34,13.67,3.65,,1.115,0,S2|S3,sub_s23,S2|S3,S2|S3,S2|S3
1786339834.626,c2,search,,0.0,31.1,20.71,10.98,,0,,0,4474.0,prior_fill,310,31.1,20.71,10.98,,31.1,20.71,10.98,,31.1,20.71,10.98,,1.115,0,S2|S3,sub_s23,S2|S3,S2|S3,S2|S3
1786339834.626,c2,recommend,,0.0,26.76,14.03,4.0,,0,,0,200.0,prior_fill,413,26.76,14.03,4.0,,26.76,14.03,4.0,,26.76,14.03,4.0,,1.115,0,S2|S3,sub_s23,S2|S3,S2|S3,S2|S3
