ts,cohort,class,observed_rate_kbit,d_acc_ms,slack_s1,slack_s2,slack_s3,chosen_site,changed,apply_latency_ms,expectant,resp_bytes_est,resp_bytes_src,resp_bytes_n,slack_const_s1,slack_const_s2,slack_const_s3,chosen_site_const,slack_bytesonly_s1,slack_bytesonly_s2,slack_bytesonly_s3,chosen_site_bytesonly,slack_fconly_s1,slack_fconly_s2,slack_fconly_s3,chosen_site_fconly,obs_update_ms,backlog_bytes,feasible_set,subset_cluster,feasible_set_const,feasible_set_bytesonly,feasible_set_fconly
1786255403.333,c1,reserve,,0.0,26.34,13.67,3.65,S3,1,2.73,0,36.0,prior,0,26.34,13.67,3.65,S3,26.34,13.67,3.65,S3,26.34,13.67,3.65,S3,0.058,0,S3,site_s3,S3,S3,S3
1786255403.333,c1,search,,0.0,31.1,20.71,10.98,S3,1,0.53,0,4474.0,prior,0,31.1,20.71,10.98,S3,31.1,20.71,10.98,S3,31.1,20.71,10.98,S3,0.058,0,S3,site_s3,S3,S3,S3
1786255403.333,c1,recommend,,0.0,26.76,14.03,4.0,S3,1,0.51,0,200.0,prior,0,26.76,14.03,4.0,S3,26.76,14.03,4.0,S3,26.76,14.03,4.0,S3,0.058,0,S3,site_s3,S3,S3,S3
1786255403.333,c2,reserve,,0.0,26.34,13.67,3.65,S3,1,0.65,0,36.0,prior,0,26.34,13.67,3.65,S3,26.34,13.67,3.65,S3,26.34,13.67,3.65,S3,0.058,0,S3,site_s3,S3,S3,S3
1786255403.333,c2,search,,0.0,31.1,20.71,10.98,S3,1,0.52,0,4474.0,prior,0,31.1,20.71,10.98,S3,31.1,20.71,10.98,S3,31.1,20.71,10.98,S3,0.058,0,S3,site_s3,S3,S3,S3
1786255403.333,c2,recommend,,0.0,26.76,14.03,4.0,S3,1,0.51,0,200.0,prior,0,26.76,14.03,4.0,S3,26.76,14.03,4.0,S3,26.76,14.03,4.0,S3,0.058,0,S3,site_s3,S3,S3,S3
1786255404.334,c1,reserve,,0.0,26.34,13.67,3.65,S3,0,,0,36.0,prior,0,26.34,13.67,3.65,S3,26.34,13.67,3.65,S3,26.34,13.67,3.65,S3,0.11,0,S3,site_s3,S3,S3,S3
1786255404.334,c1,search,,0.0,31.1,20.71,10.98,S3,0,,0,4474.0,prior,0,31.1,20.71,10.98,S3,31.1,20.71,10.98,S3,31.1,20.71,10.98,S3,0.11,0,S3,site_s3,S3,S3,S3
1786255404.334,c1,recommend,,0.0,26.76,14.03,4.0,S3,0,,0,200.0,prior,0,26.76,14.03,4.0,S3,26.76,14.03,4.0,S3,26.76,14.03,4.0,S3,0.11,0,S3,site_s3,S3,S3,S3
1786255404.334,c2,reserve,,0.0,26.34,13.67,3.65,S3,0,,0,36.0,prior,0,26.34,13.67,3.65,S3,26.34,13.67,3.65,S3,26.34,13.67,3.65,S3,0.11,0,S3,site_s3,S3,S3,S3
1786255404.334,c2,search,,0.0,31.1,20.71,10.98,S3,0,,0,4474.0,prior,0,31.1,20.71,10.98,S3,31.1,20.71,10.98,S3,31.1,20.71,10.98,S3,0.11,0,S3,site_s3,S3,S3,S3
1786255404.334,c2,recommend,,0.0,26.76,14.03,4.0,S3,0,,0,200.0,prior,0,26.76,14.03,4.0,S3,26.76,14.03,4.0,S3,26.76,14.03,4.0,S3,0.11,0,S3,site_s3,S3,S3,S3
1786255405.333,c1,reserve,,0.0,26.34,13.67,3.65,S3,0,,0,36.0,prior,0,26.34,13.67,3.65,S3,26.34,13.67,3.65,S3,26.34,13.67,3.65,S3,0.099,0,S3,site_s3,S3,S3,S3
1786255405.333,c1,search,,0.0,31.1,20.71,10.98,S3,0,,0,4474.0,prior,0,31.1,20.71,10.98,S3,31.1,20.71,10.98,S3,31.1,20.71,10.98,S3,0.099,0,S3,site_s3,S3,S3,S3
1786255405.333,c1,recommend,,0.0,26.76,14.03,4.0,S3,0,,0,200.0,prior,0,26.76,14.03,4.0,S3,26.76,14.03,4.0,S3,26.76,14.03,4.0,S3,0.099,0,S3,site_s3,S3,S3,S3
1786255405.333,c2,reserve,,0.0,26.34,13.67,3.65,S3,0,,0,36.0,prior,0,26.34,13.67,3.65,S3,26.34,13.67,3.65,S3,26.34,13.67,3.65,S3,0.099,0,S3,site_s3,S3,S3,S3
1786255405.333,c2,search,,0.0,31.1,20.71,10.98,S3,0,,0,4474.0,prior,0,31.1,20.71,10.98,S3,31.1,20.71,10.98,S3,31.1,20.71,10.98,S3,0.099,0,S3,site_s3,S3,S3,S3
1786255405.333,c2,recommend,,0.0,26.76,14.03,4.0,S3,0,,0,200.0,prior,0,26.76,14.03,4.0,S3,26.76,14.03,4.0,S3,26.76,14.03,4.0,S3,0.099,0,S3,site_s3,S3,S3,S3
1786255406.334,c1,reserve,6000,0.053,26.29,13.62,3.6,S3,0,,0,36.0,prior,0,26.29,13.62,3.6,S3,26.29,13.62,3.6,S3,26.29,13.62,3.6,S3,0.16,0,S3,site_s3,S3,S3,S3
1786255406.334,c1,search,6000,6.562,24.54,14.15,4.42,S3,0,,0,4474.0,prior,0,24.54,14.15,4.42,S3,24.54,14.15,4.42,S3,24.54,14.15,4.42,S3,0.16,0,S3,site_s3,S3,S3,S3
1786255406.334,c1,recommend,6000,0.293,26.47,13.73,3.71,S3,0,,0,200.0,prior,0,26.47,13.73,3.71,S3,26.47,13.73,3.71,S3,26.47,13.73,3.71,S3,0.16,0,S3,site_s3,S3,S3,S3
1786255406.334,c2,reserve,,0.0,26.34,13.67,3.65,S3,0,,0,36.0,prior,0,26.34,13.67,3.65,S3,26.34,13.67,3.65,S3,26.34,13.67,3.65,S3,0.16,0,S3,site_s3,S3,S3,S3
1786255406.334,c2,search,,0.0,31.1,20.71,10.98,S3,0,,0,4474.0,prior,0,31.1,20.71,10.98,S3,31.1,20.71,10.98,S3,31.1,20.71,10.98,S3,0.16,0,S3,site_s3,S3,S3,S3
1786255406.334,c2,recommend,,0.0,26.76,14.03,4.0,S3,0,,0,200.0,prior,0,26.76,14.03,4.0,S3,26.76,14.03,4.0,S3,26.76,14.03,4.0,S3,0.16,0,S3,site_s3,S3,S3,S3
1786255407.334,c1,reserve,6000,0.053,26.29,13.62,3.6,S3,0,,0,36.0,prior,0,26.29,13.62,3.6,S3,26.29,13.62,3.6,S3,26.29,13.62,3.6,S3,0.099,0,S3,site_s3,S3,S3,S3
1786255407.334,c1,search,6000,6.562,24.54,14.15,4.42,S3,0,,0,4474.0,prior,0,24.54,14.15,4.42,S3,24.54,14.15,4.42,S3,24.54,14.15,4.42,S3,0.099,0,S3,site_s3,S3,S3,S3
1786255407.334,c1,recommend,6000,0.293,26.47,13.73,3.71,S3,0,,0,200.0,prior,0,26.47,13.73,3.71,S3,26.47,13.73,3.71,S3,26.47,13.73,3.71,S3,0.099,0,S3,site_s3,S3,S3,S3
1786255407.334,c2,reserve,,0.0,26.34,13.67,3.65,S3,0,,0,36.0,prior,0,26.34,13.67,3.65,S3,26.34,13.67,3.65,S3,26.34,13.67,3.65,S3,0.099,0,S3,site_s3,S3,S3,S3
1786255407.334,c2,search,,0.0,31.1,20.71,10.98,S3,0,,0,4474.0,prior,0,31.1,20.71,10.98,S3,31.1,20.71,10.98,S3,31.1,20.71,10.98,S3,0.099,0,S3,site_s3,S3,S3,S3
1786255407.334,c2,recommend,,0.0,26.76,14.03,4.0,S3,0,,0,200.0,prior,0,26.76,14.03,4.0,S3,26.76,14.03,4.0,S3,26.76,14.03,4.0,S3,0.099,0,S3,site_s3,S3,S3,S3
1786255408.336,c1,reserve,6000,0.053,26.29,13.62,3.6,S3,0,,0,36.0,prior_fill,69,26.29,13.62,3.6,S3,26.29,13.62,3.6,S3,26.29,13.62,3.6,S3,2.43,0,S3,site_s3,S3,S3,S3
1786255408.336,c1,search,6000,6.562,24.54,14.15,4.42,S3,0,,0,4474.0,prior_fill,105,24.54,14.15,4.42,S3,24.54,14.15,4.42,S3,24.54,14.15,4.42,S3,2.43,0,S3,site_s3,S3,S3,S3
1786255408.336,c1,recommend,6000,0.293,26.47,13.73,3.71,S3,0,,0,200.0,prior_fill,139,26.47,13.73,3.71,S3,26.47,13.73,3.71,S3,26.47,13.73,3.71,S3,2.43,0,S3,site_s3,S3,S3,S3
1786255408.336,c2,reserve,,0.0,26.34,13.67,3.65,S3,0,,0,36.0,prior_fill,69,26.34,13.67,3.65,S3,26.34,13.67,3.65,S3,26.34,13.67,3.65,S3,2.43,0,S3,site_s3,S3,S3,S3
1786255408.336,c2,search,,0.0,31.1,20.71,10.98,S3,0,,0,4474.0,prior_fill,105,31.1,20.71,10.98,S3,31.1,20.71,10.98,S3,31.1,20.71,10.98,S3,2.43,0,S3,site_s3,S3,S3,S3
1786255408.336,c2,recommend,,0.0,26.76,14.03,4.0,S3,0,,0,200.0,prior_fill,139,26.76,14.03,4.0,S3,26.76,14.03,4.0,S3,26.76,14.03,4.0,S3,2.43,0,S3,site_s3,S3,S3,S3
1786255409.339,c1,reserve,6000,0.053,26.29,13.62,3.6,S3,0,,0,36.0,prior_fill,247,26.29,13.62,3.6,S3,26.29,13.62,3.6,S3,26.29,13.62,3.6,S3,5.685,0,S3,site_s3,S3,S3,S3
1786255409.339,c1,search,6000,6.562,24.54,14.15,4.42,S3,0,,0,4474.0,prior_fill,371,24.54,14.15,4.42,S3,24.54,14.15,4.42,S3,24.54,14.15,4.42,S3,5.685,0,S3,site_s3,S3,S3,S3
1786255409.339,c1,recommend,6000,0.293,26.47,13.73,3.71,S3,0,,0,200.0,prior_fill,498,26.47,13.73,3.71,S3,26.47,13.73,3.71,S3,26.47,13.73,3.71,S3,5.685,0,S3,site_s3,S3,S3,S3
1786255409.339,c2,reserve,,0.0,26.34,13.67,3.65,S3,0,,0,36.0,prior_fill,247,26.34,13.67,3.65,S3,26.34,13.67,3.65,S3,26.34,13.67,3.65,S3,5.685,0,S3,site_s3,S3,S3,S3
1786255409.339,c2,search,,0.0,31.1,20.71,10.98,S3,0,,0,4474.0,prior_fill,371,31.1,20.71,10.98,S3,31.1,20.71,10.98,S3,31.1,20.71,10.98,S3,5.685,0,S3,site_s3,S3,S3,S3
1786255409.339,c2,recommend,,0.0,26.76,14.03,4.0,S3,0,,0,200.0,prior_fill,498,26.76,14.03,4.0,S3,26.76,14.03,4.0,S3,26.76,14.03,4.0,S3,5.685,0,S3,site_s3,S3,S3,S3
1786255410.340,c1,reserve,6000,0.053,26.29,13.62,3.6,S3,0,,0,36.0,obs,334,26.29,13.62,3.6,S3,26.29,13.62,3.6,S3,26.29,13.62,3.28,S3,5.698,0,S3,site_s3,S3,S3,S3
1786255410.340,c1,search,6000,6.562,24.54,14.15,4.42,S3,0,,0,4474.0,obs,503,24.54,14.15,4.42,S3,24.54,14.15,4.42,S3,24.54,14.15,3.8,S3,5.698,0,S3,site_s3,S3,S3,S3
1786255410.340,c1,recommend,6000,0.293,26.47,13.73,3.71,S3,0,,0,200.0,obs,674,26.47,13.73,3.71,S3,26.47,13.73,3.71,S3,26.47,13.73,3.34,S3,5.698,0,S3,site_s3,S3,S3,S3
1786255410.340,c2,reserve,,0.0,26.34,13.67,3.65,S3,0,,0,36.0,obs,334,26.34,13.67,3.65,S3,26.34,13.67,3.65,S3,26.34,13.67,3.34,S3,5.698,0,S3,site_s3,S3,S3,S3
1786255410.340,c2,search,,0.0,31.1,20.71,10.98,S3,0,,0,4474.0,obs,503,31.1,20.71,10.98,S3,31.1,20.71,10.98,S3,31.1,20.71,10.36,S3,5.698,0,S3,site_s3,S3,S3,S3
1786255410.340,c2,recommend,,0.0,26.76,14.03,4.0,S3,0,,0,200.0,obs,674,26.76,14.03,4.0,S3,26.76,14.03,4.0,S3,26.76,14.03,3.64,S3,5.698,0,S3,site_s3,S3,S3,S3
1786255411.339,c1,reserve,6000,0.053,26.29,13.62,3.6,S3,0,,0,36.0,obs,334,26.29,13.62,3.6,S3,26.29,13.62,3.6,S3,26.29,13.62,3.28,S3,5.493,0,S3,site_s3,S3,S3,S3
1786255411.339,c1,search,6000,6.562,24.54,14.15,4.42,S3,0,,0,4474.0,obs,505,24.54,14.15,4.42,S3,24.54,14.15,4.42,S3,24.54,14.15,3.87,S3,5.493,0,S3,site_s3,S3,S3,S3
1786255411.339,c1,recommend,6000,0.293,26.47,13.73,3.71,S3,0,,0,200.0,obs,675,26.47,13.73,3.71,S3,26.47,13.73,3.71,S3,26.47,13.73,3.44,S3,5.493,0,S3,site_s3,S3,S3,S3
1786255411.339,c2,reserve,,0.0,26.34,13.67,3.65,S3,0,,0,36.0,obs,334,26.34,13.67,3.65,S3,26.34,13.67,3.65,S3,26.34,13.67,3.34,S3,5.493,0,S3,site_s3,S3,S3,S3
1786255411.339,c2,search,,0.0,31.1,20.71,10.98,S3,0,,0,4474.0,obs,505,31.1,20.71,10.98,S3,31.1,20.71,10.98,S3,31.1,20.71,10.43,S3,5.493,0,S3,site_s3,S3,S3,S3
1786255411.339,c2,recommend,,0.0,26.76,14.03,4.0,S3,0,,0,200.0,obs,675,26.76,14.03,4.0,S3,26.76,14.03,4.0,S3,26.76,14.03,3.73,S3,5.493,0,S3,site_s3,S3,S3,S3
1786255412.339,c1,reserve,6000,0.053,26.29,13.62,3.6,S3,0,,0,36.0,obs,338,26.29,13.62,3.6,S3,26.29,13.62,3.6,S3,26.29,13.62,3.33,S3,5.479,0,S3,site_s3,S3,S3,S3
1786255412.339,c1,search,6000,6.562,24.54,14.15,4.42,S3,0,,0,4474.0,obs,506,24.54,14.15,4.42,S3,24.54,14.15,4.42,S3,24.54,14.15,3.87,S3,5.479,0,S3,site_s3,S3,S3,S3
1786255412.339,c1,recommend,6000,0.293,26.47,13.73,3.71,S3,0,,0,200.0,obs,670,26.47,13.73,3.71,S3,26.47,13.73,3.71,S3,26.47,13.73,3.44,S3,5.479,0,S3,site_s3,S3,S3,S3
1786255412.339,c2,reserve,,0.0,26.34,13.67,3.65,S3,0,,0,36.0,obs,338,26.34,13.67,3.65,S3,26.34,13.67,3.65,S3,26.34,13.67,3.39,S3,5.479,0,S3,site_s3,S3,S3,S3
1786255412.339,c2,search,,0.0,31.1,20.71,10.98,S3,0,,0,4474.0,obs,506,31.1,20.71,10.98,S3,31.1,20.71,10.98,S3,31.1,20.71,10.43,S3,5.479,0,S3,site_s3,S3,S3,S3
1786255412.339,c2,recommend,,0.0,26.76,14.03,4.0,S3,0,,0,200.0,obs,670,26.76,14.03,4.0,S3,26.76,14.03,4.0,S3,26.76,14.03,3.73,S3,5.479,0,S3,site_s3,S3,S3,S3
1786255413.339,c1,reserve,6000,0.053,26.29,13.62,3.6,S3,0,,0,36.0,obs,340,26.29,13.62,3.6,S3,26.29,13.62,3.6,S3,26.29,13.62,3.18,S3,5.659,0,S3,site_s3,S3,S3,S3
1786255413.339,c1,search,6000,6.562,24.54,14.15,4.42,S3,0,,0,4474.0,obs,503,24.54,14.15,4.42,S3,24.54,14.15,4.42,S3,24.54,14.15,3.53,S3,5.659,0,S3,site_s3,S3,S3,S3
1786255413.339,c1,recommend,6000,0.293,26.47,13.73,3.71,S3,0,,0,200.0,obs,672,26.47,13.73,3.71,S3,26.47,13.73,3.71,S3,26.47,13.73,3.35,S3,5.659,0,S3,site_s3,S3,S3,S3
1786255413.339,c2,reserve,,0.0,26.34,13.67,3.65,S3,0,,0,36.0,obs,340,26.34,13.67,3.65,S3,26.34,13.67,3.65,S3,26.34,13.67,3.23,S3,5.659,0,S3,site_s3,S3,S3,S3
1786255413.339,c2,search,,0.0,31.1,20.71,10.98,S3,0,,0,4474.0,obs,503,31.1,20.71,10.98,S3,31.1,20.71,10.98,S3,31.1,20.71,10.09,S3,5.659,0,S3,site_s3,S3,S3,S3
1786255413.339,c2,recommend,,0.0,26.76,14.03,4.0,S3,0,,0,200.0,obs,672,26.76,14.03,4.0,S3,26.76,14.03,4.0,S3,26.76,14.03,3.64,S3,5.659,0,S3,site_s3,S3,S3,S3
1786255414.339,c1,reserve,6000,0.053,26.29,13.62,3.6,S3,0,,0,36.0,obs,336,26.29,13.62,3.6,S3,26.29,13.62,3.6,S3,26.29,13.62,3.25,S3,5.216,0,S3,site_s3,S3,S3,S3
1786255414.339,c1,search,6000,6.562,24.54,14.15,4.42,S3,0,,0,4474.0,obs,504,24.54,14.15,4.42,S3,24.54,14.15,4.42,S3,24.54,14.15,3.86,S3,5.216,0,S3,site_s3,S3,S3,S3
1786255414.339,c1,recommend,6000,0.293,26.47,13.73,3.71,S3,0,,0,200.0,obs,676,26.47,13.73,3.71,S3,26.47,13.73,3.71,S3,26.47,13.73,3.38,S3,5.216,0,S3,site_s3,S3,S3,S3
1786255414.339,c2,reserve,,0.0,26.34,13.67,3.65,S3,0,,0,36.0,obs,336,26.34,13.67,3.65,S3,26.34,13.67,3.65,S3,26.34,13.67,3.3,S3,5.216,0,S3,site_s3,S3,S3,S3
1786255414.339,c2,search,,0.0,31.1,20.71,10.98,S3,0,,0,4474.0,obs,504,31.1,20.71,10.98,S3,31.1,20.71,10.98,S3,31.1,20.71,10.43,S3,5.216,0,S3,site_s3,S3,S3,S3
1786255414.339,c2,recommend,,0.0,26.76,14.03,4.0,S3,0,,0,200.0,obs,676,26.76,14.03,4.0,S3,26.76,14.03,4.0,S3,26.76,14.03,3.67,S3,5.216,0,S3,site_s3,S3,S3,S3
1786255415.339,c1,reserve,6000,0.053,26.29,13.62,3.6,S3,0,,0,36.0,obs,335,26.29,13.62,3.6,S3,26.29,13.62,3.6,S3,26.29,13.62,3.35,S3,5.216,0,S3,site_s3,S3,S3,S3
1786255415.339,c1,search,6000,6.562,24.54,14.15,4.42,S3,0,,0,4474.0,obs,505,24.54,14.15,4.42,S3,24.54,14.15,4.42,S3,24.54,14.15,4.13,S3,5.216,0,S3,site_s3,S3,S3,S3
1786255415.339,c1,recommend,6000,0.293,26.47,13.73,3.71,S3,0,,0,200.0,obs,676,26.47,13.73,3.71,S3,26.47,13.73,3.71,S3,26.47,13.73,3.43,S3,5.216,0,S3,site_s3,S3,S3,S3
1786255415.339,c2,reserve,,0.0,26.34,13.67,3.65,S3,0,,0,36.0,obs,335,26.34,13.67,3.65,S3,26.34,13.67,3.65,S3,26.34,13.67,3.4,S3,5.216,0,S3,site_s3,S3,S3,S3
1786255415.339,c2,search,,0.0,31.1,20.71,10.98,S3,0,,0,4474.0,obs,505,31.1,20.71,10.98,S3,31.1,20.71,10.98,S3,31.1,20.71,10.69,S3,5.216,0,S3,site_s3,S3,S3,S3
1786255415.339,c2,recommend,,0.0,26.76,14.03,4.0,S3,0,,0,200.0,obs,676,26.76,14.03,4.0,S3,26.76,14.03,4.0,S3,26.76,14.03,3.73,S3,5.216,0,S3,site_s3,S3,S3,S3
1786255416.339,c1,reserve,6000,0.053,26.29,13.62,3.6,S3,0,,0,36.0,obs,335,26.29,13.62,3.6,S3,26.29,13.62,3.6,S3,26.29,13.62,3.36,S3,5.216,0,S3,site_s3,S3,S3,S3
1786255416.339,c1,search,6000,6.562,24.54,14.15,4.42,S3,0,,0,4474.0,obs,508,24.54,14.15,4.42,S3,24.54,14.15,4.42,S3,24.54,14.15,4.05,S3,5.216,0,S3,site_s3,S3,S3,S3
1786255416.339,c1,recommend,6000,0.293,26.47,13.73,3.71,S3,0,,0,200.0,obs,674,26.47,13.73,3.71,S3,26.47,13.73,3.71,S3,26.47,13.73,3.37,S3,5.216,0,S3,site_s3,S3,S3,S3
1786255416.339,c2,reserve,,0.0,26.34,13.67,3.65,S3,0,,0,36.0,obs,335,26.34,13.67,3.65,S3,26.34,13.67,3.65,S3,26.34,13.67,3.41,S3,5.216,0,S3,site_s3,S3,S3,S3
1786255416.339,c2,search,,0.0,31.1,20.71,10.98,S3,0,,0,4474.0,obs,508,31.1,20.71,10.98,S3,31.1,20.71,10.98,S3,31.1,20.71,10.61,S3,5.216,0,S3,site_s3,S3,S3,S3
1786255416.339,c2,recommend,,0.0,26.76,14.03,4.0,S3,0,,0,200.0,obs,674,26.76,14.03,4.0,S3,26.76,14.03,4.0,S3,26.76,14.03,3.66,S3,5.216,0,S3,site_s3,S3,S3,S3
1786255417.339,c1,reserve,6000,0.053,26.29,13.62,3.6,S3,0,,0,36.0,obs,340,26.29,13.62,3.6,S3,26.29,13.62,3.6,S3,26.29,13.62,3.43,S3,5.268,0,S3,site_s3,S3,S3,S3
1786255417.339,c1,search,6000,6.562,24.54,14.15,4.42,S3,0,,0,4474.0,obs,505,24.54,14.15,4.42,S3,24.54,14.15,4.42,S3,24.54,14.15,3.94,S3,5.268,0,S3,site_s3,S3,S3,S3
1786255417.339,c1,recommend,6000,0.293,26.47,13.73,3.71,S3,0,,0,200.0,obs,671,26.47,13.73,3.71,S3,26.47,13.73,3.71,S3,26.47,13.73,3.34,S3,5.268,0,S3,site_s3,S3,S3,S3
1786255417.339,c2,reserve,,0.0,26.34,13.67,3.65,S3,0,,0,36.0,obs,340,26.34,13.67,3.65,S3,26.34,13.67,3.65,S3,26.34,13.67,3.49,S3,5.268,0,S3,site_s3,S3,S3,S3
1786255417.339,c2,search,,0.0,31.1,20.71,10.98,S3,0,,0,4474.0,obs,505,31.1,20.71,10.98,S3,31.1,20.71,10.98,S3,31.1,20.71,10.5,S3,5.268,0,S3,site_s3,S3,S3,S3
1786255417.339,c2,recommend,,0.0,26.76,14.03,4.0,S3,0,,0,200.0,obs,671,26.76,14.03,4.0,S3,26.76,14.03,4.0,S3,26.76,14.03,3.64,S3,5.268,0,S3,site_s3,S3,S3,S3
1786255418.339,c1,reserve,6000,0.053,26.29,13.62,3.6,S3,0,,0,36.0,obs,340,26.29,13.62,3.6,S3,26.29,13.62,3.6,S3,26.29,13.62,3.48,S3,5.077,0,S3,site_s3,S3,S3,S3
1786255418.339,c1,search,6000,6.562,24.54,14.15,4.42,S3,0,,0,4474.0,obs,504,24.54,14.15,4.42,S3,24.54,14.15,4.42,S3,24.54,14.15,4.03,S3,5.077,0,S3,site_s3,S3,S3,S3
1786255418.339,c1,recommend,6000,0.293,26.47,13.73,3.71,S3,0,,0,200.0,obs,676,26.47,13.73,3.71,S3,26.47,13.73,3.71,S3,26.47,13.73,3.4,S3,5.077,0,S3,site_s3,S3,S3,S3
1786255418.339,c2,reserve,,0.0,26.34,13.67,3.65,S3,0,,0,36.0,obs,340,26.34,13.67,3.65,S3,26.34,13.67,3.65,S3,26.34,13.67,3.53,S3,5.077,0,S3,site_s3,S3,S3,S3
1786255418.339,c2,search,,0.0,31.1,20.71,10.98,S3,0,,0,4474.0,obs,504,31.1,20.71,10.98,S3,31.1,20.71,10.98,S3,31.1,20.71,10.6,S3,5.077,0,S3,site_s3,S3,S3,S3
1786255418.339,c2,recommend,,0.0,26.76,14.03,4.0,S3,0,,0,200.0,obs,676,26.76,14.03,4.0,S3,26.76,14.03,4.0,S3,26.76,14.03,3.69,S3,5.077,0,S3,site_s3,S3,S3,S3
1786255419.339,c1,reserve,6000,0.053,26.29,13.62,3.6,S3,0,,0,36.0,obs,336,26.29,13.62,3.6,S3,26.29,13.62,3.6,S3,26.29,13.62,3.4,S3,5.249,0,S3,site_s3,S3,S3,S3
1786255419.339,c1,search,6000,6.562,24.54,14.15,4.42,S3,0,,0,4474.0,obs,505,24.54,14.15,4.42,S3,24.54,14.15,4.42,S3,24.54,14.15,4.14,S3,5.249,0,S3,site_s3,S3,S3,S3
1786255419.339,c1,recommend,6000,0.293,26.47,13.73,3.71,S3,0,,0,200.0,obs,677,26.47,13.73,3.71,S3,26.47,13.73,3.71,S3,26.47,13.73,3.49,S3,5.249,0,S3,site_s3,S3,S3,S3
1786255419.339,c2,reserve,,0.0,26.34,13.67,3.65,S3,0,,0,36.0,obs,336,26.34,13.67,3.65,S3,26.34,13.67,3.65,S3,26.34,13.67,3.45,S3,5.249,0,S3,site_s3,S3,S3,S3
1786255419.339,c2,search,,0.0,31.1,20.71,10.98,S3,0,,0,4474.0,obs,505,31.1,20.71,10.98,S3,31.1,20.71,10.98,S3,31.1,20.71,10.7,S3,5.249,0,S3,site_s3,S3,S3,S3
1786255419.339,c2,recommend,,0.0,26.76,14.03,4.0,S3,0,,0,200.0,obs,677,26.76,14.03,4.0,S3,26.76,14.03,4.0,S3,26.76,14.03,3.78,S3,5.249,0,S3,site_s3,S3,S3,S3
1786255420.339,c1,reserve,6000,0.053,26.29,13.62,3.6,S3,0,,0,36.0,obs,335,26.29,13.62,3.6,S3,26.29,13.62,3.6,S3,26.29,13.62,3.31,S3,5.191,0,S3,site_s3,S3,S3,S3
1786255420.339,c1,search,6000,6.562,24.54,14.15,4.42,S3,0,,0,4474.0,obs,506,24.54,14.15,4.42,S3,24.54,14.15,4.42,S3,24.54,14.15,4.13,S3,5.191,0,S3,site_s3,S3,S3,S3
1786255420.339,c1,recommend,6000,0.293,26.47,13.73,3.71,S3,0,,0,200.0,obs,678,26.47,13.73,3.71,S3,26.47,13.73,3.71,S3,26.47,13.73,3.41,S3,5.191,0,S3,site_s3,S3,S3,S3
1786255420.339,c2,reserve,,0.0,26.34,13.67,3.65,S3,0,,0,36.0,obs,335,26.34,13.67,3.65,S3,26.34,13.67,3.65,S3,26.34,13.67,3.36,S3,5.191,0,S3,site_s3,S3,S3,S3
1786255420.339,c2,search,,0.0,31.1,20.71,10.98,S3,0,,0,4474.0,obs,506,31.1,20.71,10.98,S3,31.1,20.71,10.98,S3,31.1,20.71,10.7,S3,5.191,0,S3,site_s3,S3,S3,S3
1786255420.339,c2,recommend,,0.0,26.76,14.03,4.0,S3,0,,0,200.0,obs,678,26.76,14.03,4.0,S3,26.76,14.03,4.0,S3,26.76,14.03,3.7,S3,5.191,0,S3,site_s3,S3,S3,S3
1786255421.339,c1,reserve,6000,0.053,26.29,13.62,3.6,S3,0,,0,36.0,obs,339,26.29,13.62,3.6,S3,26.29,13.62,3.6,S3,26.29,13.62,3.35,S3,5.387,0,S3,site_s3,S3,S3,S3
1786255421.339,c1,search,6000,6.562,24.54,14.15,4.42,S3,0,,0,4474.0,obs,509,24.54,14.15,4.42,S3,24.54,14.15,4.42,S3,24.54,14.15,4.09,S3,5.387,0,S3,site_s3,S3,S3,S3
1786255421.339,c1,recommend,6000,0.293,26.47,13.73,3.71,S3,0,,0,200.0,obs,674,26.47,13.73,3.71,S3,26.47,13.73,3.71,S3,26.47,13.73,3.41,S3,5.387,0,S3,site_s3,S3,S3,S3
1786255421.339,c2,reserve,,0.0,26.34,13.67,3.65,S3,0,,0,36.0,obs,339,26.34,13.67,3.65,S3,26.34,13.67,3.65,S3,26.34,13.67,3.4,S3,5.387,0,S3,site_s3,S3,S3,S3
1786255421.339,c2,search,,0.0,31.1,20.71,10.98,S3,0,,0,4474.0,obs,509,31.1,20.71,10.98,S3,31.1,20.71,10.98,S3,31.1,20.71,10.65,S3,5.387,0,S3,site_s3,S3,S3,S3
1786255421.339,c2,recommend,,0.0,26.76,14.03,4.0,S3,0,,0,200.0,obs,674,26.76,14.03,4.0,S3,26.76,14.03,4.0,S3,26.76,14.03,3.7,S3,5.387,0,S3,site_s3,S3,S3,S3
1786255422.339,c1,reserve,6000,0.053,26.29,13.62,3.6,S3,0,,0,36.0,obs,342,26.29,13.62,3.6,S3,26.29,13.62,3.6,S3,26.29,13.62,3.32,S3,5.05,0,S3,site_s3,S3,S3,S3
1786255422.339,c1,search,6000,6.562,24.54,14.15,4.42,S3,0,,0,4474.0,obs,506,24.54,14.15,4.42,S3,24.54,14.15,4.42,S3,24.54,14.15,3.89,S3,5.05,0,S3,site_s3,S3,S3,S3
1786255422.339,c1,recommend,6000,0.293,26.47,13.73,3.71,S3,0,,0,200.0,obs,675,26.47,13.73,3.71,S3,26.47,13.73,3.71,S3,26.47,13.73,3.31,S3,5.05,0,S3,site_s3,S3,S3,S3
1786255422.339,c2,reserve,,0.0,26.34,13.67,3.65,S3,0,,0,36.0,obs,342,26.34,13.67,3.65,S3,26.34,13.67,3.65,S3,26.34,13.67,3.37,S3,5.05,0,S3,site_s3,S3,S3,S3
1786255422.339,c2,search,,0.0,31.1,20.71,10.98,S3,0,,0,4474.0,obs,506,31.1,20.71,10.98,S3,31.1,20.71,10.98,S3,31.1,20.71,10.45,S3,5.05,0,S3,site_s3,S3,S3,S3
1786255422.339,c2,recommend,,0.0,26.76,14.03,4.0,S3,0,,0,200.0,obs,675,26.76,14.03,4.0,S3,26.76,14.03,4.0,S3,26.76,14.03,3.6,S3,5.05,0,S3,site_s3,S3,S3,S3
1786255423.339,c1,reserve,6000,0.053,26.29,13.62,3.6,S3,0,,0,36.0,obs,339,26.29,13.62,3.6,S3,26.29,13.62,3.6,S3,26.29,13.62,3.4,S3,5.191,0,S3,site_s3,S3,S3,S3
1786255423.339,c1,search,6000,6.562,24.54,14.15,4.42,S3,0,,0,4474.0,obs,505,24.54,14.15,4.42,S3,24.54,14.15,4.42,S3,24.54,14.15,4.0,S3,5.191,0,S3,site_s3,S3,S3,S3
1786255423.339,c1,recommend,6000,0.293,26.47,13.73,3.71,S3,0,,0,200.0,obs,679,26.47,13.73,3.71,S3,26.47,13.73,3.71,S3,26.47,13.73,3.31,S3,5.191,0,S3,site_s3,S3,S3,S3
1786255423.339,c2,reserve,,0.0,26.34,13.67,3.65,S3,0,,0,36.0,obs,339,26.34,13.67,3.65,S3,26.34,13.67,3.65,S3,26.34,13.67,3.45,S3,5.191,0,S3,site_s3,S3,S3,S3
1786255423.339,c2,search,,0.0,31.1,20.71,10.98,S3,0,,0,4474.0,obs,505,31.1,20.71,10.98,S3,31.1,20.71,10.98,S3,31.1,20.71,10.56,S3,5.191,0,S3,site_s3,S3,S3,S3
1786255423.339,c2,recommend,,0.0,26.76,14.03,4.0,S3,0,,0,200.0,obs,679,26.76,14.03,4.0,S3,26.76,14.03,4.0,S3,26.76,14.03,3.6,S3,5.191,0,S3,site_s3,S3,S3,S3
1786255424.339,c1,reserve,6000,0.053,26.29,13.62,3.6,S3,0,,0,36.0,obs,336,26.29,13.62,3.6,S3,26.29,13.62,3.6,S3,26.29,13.62,3.49,S3,5.267,0,S3,site_s3,S3,S3,S3
1786255424.339,c1,search,6000,6.562,24.54,14.15,4.42,S3,0,,0,4474.0,obs,508,24.54,14.15,4.42,S3,24.54,14.15,4.42,S3,24.54,14.15,4.0,S3,5.267,0,S3,site_s3,S3,S3,S3
1786255424.339,c1,recommend,6000,0.293,26.47,13.73,3.71,S3,0,,0,200.0,obs,680,26.47,13.73,3.71,S3,26.47,13.73,3.71,S3,26.47,13.73,3.44,S3,5.267,0,S3,site_s3,S3,S3,S3
1786255424.339,c2,reserve,,0.0,26.34,13.67,3.65,S3,0,,0,36.0,obs,336,26.34,13.67,3.65,S3,26.34,13.67,3.65,S3,26.34,13.67,3.54,S3,5.267,0,S3,site_s3,S3,S3,S3
1786255424.339,c2,search,,0.0,31.1,20.71,10.98,S3,0,,0,4474.0,obs,508,31.1,20.71,10.98,S3,31.1,20.71,10.98,S3,31.1,20.71,10.56,S3,5.267,0,S3,site_s3,S3,S3,S3
1786255424.339,c2,recommend,,0.0,26.76,14.03,4.0,S3,0,,0,200.0,obs,680,26.76,14.03,4.0,S3,26.76,14.03,4.0,S3,26.76,14.03,3.73,S3,5.267,0,S3,site_s3,S3,S3,S3
1786255425.339,c1,reserve,6000,0.053,26.29,13.62,3.6,S3,0,,0,36.0,obs,337,26.29,13.62,3.6,S3,26.29,13.62,3.6,S3,26.29,13.62,3.41,S3,5.285,0,S3,site_s3,S3,S3,S3
1786255425.339,c1,search,6000,6.562,24.54,14.15,4.42,S3,0,,0,4474.0,obs,510,24.54,14.15,4.42,S3,24.54,14.15,4.42,S3,24.54,14.15,3.98,S3,5.285,0,S3,site_s3,S3,S3,S3
1786255425.339,c1,recommend,6000,0.293,26.47,13.73,3.71,S3,0,,0,200.0,obs,677,26.47,13.73,3.71,S3,26.47,13.73,3.71,S3,26.47,13.73,3.37,S3,5.285,0,S3,site_s3,S3,S3,S3
1786255425.339,c2,reserve,,0.0,26.34,13.67,3.65,S3,0,,0,36.0,obs,337,26.34,13.67,3.65,S3,26.34,13.67,3.65,S3,26.34,13.67,3.46,S3,5.285,0,S3,site_s3,S3,S3,S3
1786255425.339,c2,search,,0.0,31.1,20.71,10.98,S3,0,,0,4474.0,obs,510,31.1,20.71,10.98,S3,31.1,20.71,10.98,S3,31.1,20.71,10.54,S3,5.285,0,S3,site_s3,S3,S3,S3
1786255425.339,c2,recommend,,0.0,26.76,14.03,4.0,S3,0,,0,200.0,obs,677,26.76,14.03,4.0,S3,26.76,14.03,4.0,S3,26.76,14.03,3.66,S3,5.285,0,S3,site_s3,S3,S3,S3
1786255426.340,c1,reserve,6000,0.053,26.29,13.62,3.6,S3,0,,0,36.0,obs,341,26.29,13.62,3.6,S3,26.29,13.62,3.6,S3,26.29,13.62,3.43,S3,5.649,0,S3,site_s3,S3,S3,S3
1786255426.340,c1,search,6000,6.562,24.54,14.15,4.42,S3,0,,0,4474.0,obs,509,24.54,14.15,4.42,S3,24.54,14.15,4.42,S3,24.54,14.15,4.12,S3,5.649,0,S3,site_s3,S3,S3,S3
1786255426.340,c1,recommend,6000,0.293,26.47,13.73,3.71,S3,0,,0,200.0,obs,675,26.47,13.73,3.71,S3,26.47,13.73,3.71,S3,26.47,13.73,3.39,S3,5.649,0,S3,site_s3,S3,S3,S3
1786255426.340,c2,reserve,,0.0,26.34,13.67,3.65,S3,0,,0,36.0,obs,341,26.34,13.67,3.65,S3,26.34,13.67,3.65,S3,26.34,13.67,3.48,S3,5.649,0,S3,site_s3,S3,S3,S3
1786255426.340,c2,search,,0.0,31.1,20.71,10.98,S3,0,,0,4474.0,obs,509,31.1,20.71,10.98,S3,31.1,20.71,10.98,S3,31.1,20.71,10.68,S3,5.649,0,S3,site_s3,S3,S3,S3
1786255426.340,c2,recommend,,0.0,26.76,14.03,4.0,S3,0,,0,200.0,obs,675,26.76,14.03,4.0,S3,26.76,14.03,4.0,S3,26.76,14.03,3.68,S3,5.649,0,S3,site_s3,S3,S3,S3
1786255427.339,c1,reserve,6000,0.053,26.29,13.62,3.6,S3,0,,0,36.0,obs,342,26.29,13.62,3.6,S3,26.29,13.62,3.6,S3,26.29,13.62,3.34,S3,5.439,0,S3,site_s3,S3,S3,S3
1786255427.339,c1,search,6000,6.562,24.54,14.15,4.42,S3,0,,0,4474.0,obs,507,24.54,14.15,4.42,S3,24.54,14.15,4.42,S3,24.54,14.15,4.11,S3,5.439,0,S3,site_s3,S3,S3,S3
1786255427.339,c1,recommend,6000,0.293,26.47,13.73,3.71,S3,0,,0,200.0,obs,679,26.47,13.73,3.71,S3,26.47,13.73,3.71,S3,26.47,13.73,3.42,S3,5.439,0,S3,site_s3,S3,S3,S3
1786255427.339,c2,reserve,,0.0,26.34,13.67,3.65,S3,0,,0,36.0,obs,342,26.34,13.67,3.65,S3,26.34,13.67,3.65,S3,26.34,13.67,3.39,S3,5.439,0,S3,site_s3,S3,S3,S3
1786255427.339,c2,search,,0.0,31.1,20.71,10.98,S3,0,,0,4474.0,obs,507,31.1,20.71,10.98,S3,31.1,20.71,10.98,S3,31.1,20.71,10.67,S3,5.439,0,S3,site_s3,S3,S3,S3
1786255427.339,c2,recommend,,0.0,26.76,14.03,4.0,S3,0,,0,200.0,obs,679,26.76,14.03,4.0,S3,26.76,14.03,4.0,S3,26.76,14.03,3.71,S3,5.439,0,S3,site_s3,S3,S3,S3
1786255428.340,c1,reserve,6000,0.053,26.29,13.62,3.6,S3,0,,0,36.0,obs,338,26.29,13.62,3.6,S3,26.29,13.62,3.6,S3,26.29,13.62,3.28,S3,5.569,0,S3,site_s3,S3,S3,S3
1786255428.340,c1,search,6000,6.562,24.54,14.15,4.42,S3,0,,0,4474.0,obs,508,24.54,14.15,4.42,S3,24.54,14.15,4.42,S3,24.54,14.15,4.04,S3,5.569,0,S3,site_s3,S3,S3,S3
1786255428.340,c1,recommend,6000,0.293,26.47,13.73,3.71,S3,0,,0,200.0,obs,681,26.47,13.73,3.71,S3,26.47,13.73,3.71,S3,26.47,13.73,3.42,S3,5.569,0,S3,site_s3,S3,S3,S3
1786255428.340,c2,reserve,,0.0,26.34,13.67,3.65,S3,0,,0,36.0,obs,338,26.34,13.67,3.65,S3,26.34,13.67,3.65,S3,26.34,13.67,3.33,S3,5.569,0,S3,site_s3,S3,S3,S3
1786255428.340,c2,search,,0.0,31.1,20.71,10.98,S3,0,,0,4474.0,obs,508,31.1,20.71,10.98,S3,31.1,20.71,10.98,S3,31.1,20.71,10.6,S3,5.569,0,S3,site_s3,S3,S3,S3
1786255428.340,c2,recommend,,0.0,26.76,14.03,4.0,S3,0,,0,200.0,obs,681,26.76,14.03,4.0,S3,26.76,14.03,4.0,S3,26.76,14.03,3.71,S3,5.569,0,S3,site_s3,S3,S3,S3
1786255429.340,c1,reserve,6000,0.053,26.29,13.62,3.6,S3,0,,0,36.0,obs,338,26.29,13.62,3.6,S3,26.29,13.62,3.6,S3,26.29,13.62,3.36,S3,5.485,0,S3,site_s3,S3,S3,S3
1786255429.340,c1,search,6000,6.562,24.54,14.15,4.42,S3,0,,0,4474.0,obs,509,24.54,14.15,4.42,S3,24.54,14.15,4.42,S3,24.54,14.15,4.08,S3,5.485,0,S3,site_s3,S3,S3,S3
1786255429.340,c1,recommend,6000,0.293,26.47,13.73,3.71,S3,0,,0,200.0,obs,682,26.47,13.73,3.71,S3,26.47,13.73,3.71,S3,26.47,13.73,3.42,S3,5.485,0,S3,site_s3,S3,S3,S3
1786255429.340,c2,reserve,,0.0,26.34,13.67,3.65,S3,0,,0,36.0,obs,338,26.34,13.67,3.65,S3,26.34,13.67,3.65,S3,26.34,13.67,3.41,S3,5.485,0,S3,site_s3,S3,S3,S3
1786255429.340,c2,search,,0.0,31.1,20.71,10.98,S3,0,,0,4474.0,obs,509,31.1,20.71,10.98,S3,31.1,20.71,10.98,S3,31.1,20.71,10.64,S3,5.485,0,S3,site_s3,S3,S3,S3
1786255429.340,c2,recommend,,0.0,26.76,14.03,4.0,S3,0,,0,200.0,obs,682,26.76,14.03,4.0,S3,26.76,14.03,4.0,S3,26.76,14.03,3.72,S3,5.485,0,S3,site_s3,S3,S3,S3
1786255430.340,c1,reserve,6000,0.053,26.29,13.62,3.6,S3,0,,0,36.0,obs,340,26.29,13.62,3.6,S3,26.29,13.62,3.6,S3,26.29,13.62,3.5,S3,5.622,0,S3,site_s3,S3,S3,S3
1786255430.340,c1,search,6000,6.562,24.54,14.15,4.42,S3,0,,0,4474.0,obs,512,24.54,14.15,4.42,S3,24.54,14.15,4.42,S3,24.54,14.15,4.07,S3,5.622,0,S3,site_s3,S3,S3,S3
1786255430.340,c1,recommend,6000,0.293,26.47,13.73,3.71,S3,0,,0,200.0,obs,678,26.47,13.73,3.71,S3,26.47,13.73,3.71,S3,26.47,13.73,3.46,S3,5.622,0,S3,site_s3,S3,S3,S3
1786255430.340,c2,reserve,,0.0,26.34,13.67,3.65,S3,0,,0,36.0,obs,340,26.34,13.67,3.65,S3,26.34,13.67,3.65,S3,26.34,13.67,3.55,S3,5.622,0,S3,site_s3,S3,S3,S3
1786255430.340,c2,search,,0.0,31.1,20.71,10.98,S3,0,,0,4474.0,obs,512,31.1,20.71,10.98,S3,31.1,20.71,10.98,S3,31.1,20.71,10.64,S3,5.622,0,S3,site_s3,S3,S3,S3
1786255430.340,c2,recommend,,0.0,26.76,14.03,4.0,S3,0,,0,200.0,obs,678,26.76,14.03,4.0,S3,26.76,14.03,4.0,S3,26.76,14.03,3.75,S3,5.622,0,S3,site_s3,S3,S3,S3
1786255431.339,c1,reserve,6000,0.053,26.29,13.62,3.6,S3,0,,0,36.0,obs,344,26.29,13.62,3.6,S3,26.29,13.62,3.6,S3,26.29,13.62,3.5,S3,5.59,0,S3,site_s3,S3,S3,S3
1786255431.339,c1,search,6000,6.562,24.54,14.15,4.42,S3,0,,0,4474.0,obs,508,24.54,14.15,4.42,S3,24.54,14.15,4.42,S3,24.54,14.15,4.08,S3,5.59,0,S3,site_s3,S3,S3,S3
1786255431.339,c1,recommend,6000,0.293,26.47,13.73,3.71,S3,0,,0,200.0,obs,678,26.47,13.73,3.71,S3,26.47,13.73,3.71,S3,26.47,13.73,3.4,S3,5.59,0,S3,site_s3,S3,S3,S3
1786255431.339,c2,reserve,,0.0,26.34,13.67,3.65,S3,0,,0,36.0,obs,344,26.34,13.67,3.65,S3,26.34,13.67,3.65,S3,26.34,13.67,3.55,S3,5.59,0,S3,site_s3,S3,S3,S3
1786255431.339,c2,search,,0.0,31.1,20.71,10.98,S3,0,,0,4474.0,obs,508,31.1,20.71,10.98,S3,31.1,20.71,10.98,S3,31.1,20.71,10.64,S3,5.59,0,S3,site_s3,S3,S3,S3
1786255431.339,c2,recommend,,0.0,26.76,14.03,4.0,S3,0,,0,200.0,obs,678,26.76,14.03,4.0,S3,26.76,14.03,4.0,S3,26.76,14.03,3.69,S3,5.59,0,S3,site_s3,S3,S3,S3
1786255432.339,c1,reserve,6000,0.053,26.29,13.62,3.6,S3,0,,0,36.0,obs,340,26.29,13.62,3.6,S3,26.29,13.62,3.6,S3,26.29,13.62,3.48,S3,5.495,0,S3,site_s3,S3,S3,S3
1786255432.339,c1,search,6000,6.562,24.54,14.15,4.42,S3,0,,0,4474.0,obs,508,24.54,14.15,4.42,S3,24.54,14.15,4.42,S3,24.54,14.15,4.19,S3,5.495,0,S3,site_s3,S3,S3,S3
1786255432.339,c1,recommend,6000,0.293,26.47,13.73,3.71,S3,0,,0,200.0,obs,683,26.47,13.73,3.71,S3,26.47,13.73,3.71,S3,26.47,13.73,3.45,S3,5.495,0,S3,site_s3,S3,S3,S3
1786255432.339,c2,reserve,,0.0,26.34,13.67,3.65,S3,0,,0,36.0,obs,340,26.34,13.67,3.65,S3,26.34,13.67,3.65,S3,26.34,13.67,3.53,S3,5.495,0,S3,site_s3,S3,S3,S3
1786255432.339,c2,search,,0.0,31.1,20.71,10.98,S3,0,,0,4474.0,obs,508,31.1,20.71,10.98,S3,31.1,20.71,10.98,S3,31.1,20.71,10.75,S3,5.495,0,S3,site_s3,S3,S3,S3
1786255432.339,c2,recommend,,0.0,26.76,14.03,4.0,S3,0,,0,200.0,obs,683,26.76,14.03,4.0,S3,26.76,14.03,4.0,S3,26.76,14.03,3.74,S3,5.495,0,S3,site_s3,S3,S3,S3
1786255433.340,c1,reserve,6000,0.053,26.29,13.62,3.6,S3,0,,0,36.0,obs,338,26.29,13.62,3.6,S3,26.29,13.62,3.6,S3,26.29,13.62,3.39,S3,5.639,0,S3,site_s3,S3,S3,S3
1786255433.340,c1,search,6000,6.562,24.54,14.15,4.42,S3,0,,0,4474.0,obs,510,24.54,14.15,4.42,S3,24.54,14.15,4.42,S3,24.54,14.15,4.12,S3,5.639,0,S3,site_s3,S3,S3,S3
1786255433.340,c1,recommend,6000,0.293,26.47,13.73,3.71,S3,0,,0,200.0,obs,684,26.47,13.73,3.71,S3,26.47,13.73,3.71,S3,26.47,13.73,3.45,S3,5.639,0,S3,site_s3,S3,S3,S3
1786255433.340,c2,reserve,,0.0,26.34,13.67,3.65,S3,0,,0,36.0,obs,338,26.34,13.67,3.65,S3,26.34,13.67,3.65,S3,26.34,13.67,3.44,S3,5.639,0,S3,site_s3,S3,S3,S3
1786255433.340,c2,search,,0.0,31.1,20.71,10.98,S3,0,,0,4474.0,obs,510,31.1,20.71,10.98,S3,31.1,20.71,10.98,S3,31.1,20.71,10.68,S3,5.639,0,S3,site_s3,S3,S3,S3
1786255433.340,c2,recommend,,0.0,26.76,14.03,4.0,S3,0,,0,200.0,obs,684,26.76,14.03,4.0,S3,26.76,14.03,4.0,S3,26.76,14.03,3.74,S3,5.639,0,S3,site_s3,S3,S3,S3
1786255434.339,c1,reserve,6000,0.053,26.29,13.62,3.6,S3,0,,0,36.0,obs,339,26.29,13.62,3.6,S3,26.29,13.62,3.6,S3,26.29,13.62,3.43,S3,5.42,0,S3,site_s3,S3,S3,S3
1786255434.339,c1,search,6000,6.562,24.54,14.15,4.42,S3,0,,0,4474.0,obs,512,24.54,14.15,4.42,S3,24.54,14.15,4.42,S3,24.54,14.15,4.07,S3,5.42,0,S3,site_s3,S3,S3,S3
1786255434.339,c1,recommend,6000,0.293,26.47,13.73,3.71,S3,0,,0,200.0,obs,681,26.47,13.73,3.71,S3,26.47,13.73,3.71,S3,26.47,13.73,3.43,S3,5.42,0,S3,site_s3,S3,S3,S3
1786255434.339,c2,reserve,,0.0,26.34,13.67,3.65,S3,0,,0,36.0,obs,339,26.34,13.67,3.65,S3,26.34,13.67,3.65,S3,26.34,13.67,3.48,S3,5.42,0,S3,site_s3,S3,S3,S3
1786255434.339,c2,search,,0.0,31.1,20.71,10.98,S3,0,,0,4474.0,obs,512,31.1,20.71,10.98,S3,31.1,20.71,10.98,S3,31.1,20.71,10.64,S3,5.42,0,S3,site_s3,S3,S3,S3
1786255434.339,c2,recommend,,0.0,26.76,14.03,4.0,S3,0,,0,200.0,obs,681,26.76,14.03,4.0,S3,26.76,14.03,4.0,S3,26.76,14.03,3.73,S3,5.42,0,S3,site_s3,S3,S3,S3
1786255435.339,c1,reserve,6000,0.053,26.29,13.62,3.6,S3,0,,0,36.0,obs,343,26.29,13.62,3.6,S3,26.29,13.62,3.6,S3,26.29,13.62,3.34,S3,5.74,0,S3,site_s3,S3,S3,S3
1786255435.339,c1,search,6000,6.562,24.54,14.15,4.42,S3,0,,0,4474.0,obs,512,24.54,14.15,4.42,S3,24.54,14.15,4.42,S3,24.54,14.15,3.83,S3,5.74,0,S3,site_s3,S3,S3,S3
1786255435.339,c1,recommend,6000,0.293,26.47,13.73,3.71,S3,0,,0,200.0,obs,679,26.47,13.73,3.71,S3,26.47,13.73,3.71,S3,26.47,13.73,3.48,S3,5.74,0,S3,site_s3,S3,S3,S3
1786255435.339,c2,reserve,,0.0,26.34,13.67,3.65,S3,0,,0,36.0,obs,343,26.34,13.67,3.65,S3,26.34,13.67,3.65,S3,26.34,13.67,3.39,S3,5.74,0,S3,site_s3,S3,S3,S3
1786255435.339,c2,search,,0.0,31.1,20.71,10.98,S3,0,,0,4474.0,obs,512,31.1,20.71,10.98,S3,31.1,20.71,10.98,S3,31.1,20.71,10.39,S3,5.74,0,S3,site_s3,S3,S3,S3
1786255435.339,c2,recommend,,0.0,26.76,14.03,4.0,S3,0,,0,200.0,obs,679,26.76,14.03,4.0,S3,26.76,14.03,4.0,S3,26.76,14.03,3.78,S3,5.74,0,S3,site_s3,S3,S3,S3
1786255436.339,c1,reserve,6000,0.053,26.29,13.62,3.6,S3,0,,0,36.0,obs,343,26.29,13.62,3.6,S3,26.29,13.62,3.6,S3,26.29,13.62,3.23,S3,5.508,0,S3,site_s3,S3,S3,S3
1786255436.339,c1,search,6000,6.562,24.54,14.15,4.42,S3,0,,0,4474.0,obs,508,24.54,14.15,4.42,S3,24.54,14.15,4.42,S3,24.54,14.15,3.87,S3,5.508,0,S3,site_s3,S3,S3,S3
1786255436.339,c1,recommend,6000,0.293,26.47,13.73,3.71,S3,0,,0,200.0,obs,682,26.47,13.73,3.71,S3,26.47,13.73,3.71,S3,26.47,13.73,3.51,S3,5.508,0,S3,site_s3,S3,S3,S3
1786255436.339,c2,reserve,,0.0,26.34,13.67,3.65,S3,0,,0,36.0,obs,343,26.34,13.67,3.65,S3,26.34,13.67,3.65,S3,26.34,13.67,3.28,S3,5.508,0,S3,site_s3,S3,S3,S3
1786255436.339,c2,search,,0.0,31.1,20.71,10.98,S3,0,,0,4474.0,obs,508,31.1,20.71,10.98,S3,31.1,20.71,10.98,S3,31.1,20.71,10.43,S3,5.508,0,S3,site_s3,S3,S3,S3
1786255436.339,c2,recommend,,0.0,26.76,14.03,4.0,S3,0,,0,200.0,obs,682,26.76,14.03,4.0,S3,26.76,14.03,4.0,S3,26.76,14.03,3.8,S3,5.508,0,S3,site_s3,S3,S3,S3
1786255437.340,c1,reserve,6000,0.053,26.29,13.62,3.6,S3,0,,0,36.0,obs,340,26.29,13.62,3.6,S3,26.29,13.62,3.6,S3,26.29,13.62,3.13,S3,5.638,0,S3,site_s3,S3,S3,S3
1786255437.340,c1,search,6000,6.562,24.54,14.15,4.42,S3,0,,0,4474.0,obs,511,24.54,14.15,4.42,S3,24.54,14.15,4.42,S3,24.54,14.15,4.08,S3,5.638,0,S3,site_s3,S3,S3,S3
1786255437.340,c1,recommend,6000,0.293,26.47,13.73,3.71,S3,0,,0,200.0,obs,685,26.47,13.73,3.71,S3,26.47,13.73,3.71,S3,26.47,13.73,3.46,S3,5.638,0,S3,site_s3,S3,S3,S3
1786255437.340,c2,reserve,,0.0,26.34,13.67,3.65,S3,0,,0,36.0,obs,340,26.34,13.67,3.65,S3,26.34,13.67,3.65,S3,26.34,13.67,3.18,S3,5.638,0,S3,site_s3,S3,S3,S3
1786255437.340,c2,search,,0.0,31.1,20.71,10.98,S3,0,,0,4474.0,obs,511,31.1,20.71,10.98,S3,31.1,20.71,10.98,S3,31.1,20.71,10.64,S3,5.638,0,S3,site_s3,S3,S3,S3
1786255437.340,c2,recommend,,0.0,26.76,14.03,4.0,S3,0,,0,200.0,obs,685,26.76,14.03,4.0,S3,26.76,14.03,4.0,S3,26.76,14.03,3.75,S3,5.638,0,S3,site_s3,S3,S3,S3
1786255438.339,c1,reserve,6000,0.053,26.29,13.62,3.6,S3,0,,0,36.0,obs,339,26.29,13.62,3.6,S3,26.29,13.62,3.6,S3,26.29,13.62,3.31,S3,5.493,0,S3,site_s3,S3,S3,S3
1786255438.339,c1,search,6000,6.562,24.54,14.15,4.42,S3,0,,0,4474.0,obs,512,24.54,14.15,4.42,S3,24.54,14.15,4.42,S3,24.54,14.15,4.0,S3,5.493,0,S3,site_s3,S3,S3,S3
1786255438.339,c1,recommend,6000,0.293,26.47,13.73,3.71,S3,0,,0,200.0,obs,685,26.47,13.73,3.71,S3,26.47,13.73,3.71,S3,26.47,13.73,3.4,S3,5.493,0,S3,site_s3,S3,S3,S3
1786255438.339,c2,reserve,,0.0,26.34,13.67,3.65,S3,0,,0,36.0,obs,339,26.34,13.67,3.65,S3,26.34,13.67,3.65,S3,26.34,13.67,3.36,S3,5.493,0,S3,site_s3,S3,S3,S3
1786255438.339,c2,search,,0.0,31.1,20.71,10.98,S3,0,,0,4474.0,obs,512,31.1,20.71,10.98,S3,31.1,20.71,10.98,S3,31.1,20.71,10.56,S3,5.493,0,S3,site_s3,S3,S3,S3
1786255438.339,c2,recommend,,0.0,26.76,14.03,4.0,S3,0,,0,200.0,obs,685,26.76,14.03,4.0,S3,26.76,14.03,4.0,S3,26.76,14.03,3.69,S3,5.493,0,S3,site_s3,S3,S3,S3
1786255439.339,c1,reserve,6000,0.053,26.29,13.62,3.6,S3,0,,0,36.0,obs,342,26.29,13.62,3.6,S3,26.29,13.62,3.6,S3,26.29,13.62,3.45,S3,5.565,0,S3,site_s3,S3,S3,S3
1786255439.339,c1,search,6000,6.562,24.54,14.15,4.42,S3,0,,0,4474.0,obs,514,24.54,14.15,4.42,S3,24.54,14.15,4.42,S3,24.54,14.15,4.05,S3,5.565,0,S3,site_s3,S3,S3,S3
1786255439.339,c1,recommend,6000,0.293,26.47,13.73,3.71,S3,0,,0,200.0,obs,681,26.47,13.73,3.71,S3,26.47,13.73,3.71,S3,26.47,13.73,3.5,S3,5.565,0,S3,site_s3,S3,S3,S3
1786255439.339,c2,reserve,,0.0,26.34,13.67,3.65,S3,0,,0,36.0,obs,342,26.34,13.67,3.65,S3,26.34,13.67,3.65,S3,26.34,13.67,3.5,S3,5.565,0,S3,site_s3,S3,S3,S3
1786255439.339,c2,search,,0.0,31.1,20.71,10.98,S3,0,,0,4474.0,obs,514,31.1,20.71,10.98,S3,31.1,20.71,10.98,S3,31.1,20.71,10.61,S3,5.565,0,S3,site_s3,S3,S3,S3
1786255439.339,c2,recommend,,0.0,26.76,14.03,4.0,S3,0,,0,200.0,obs,681,26.76,14.03,4.0,S3,26.76,14.03,4.0,S3,26.76,14.03,3.79,S3,5.565,0,S3,site_s3,S3,S3,S3
1786255440.339,c1,reserve,6000,0.053,26.29,13.62,3.6,S3,0,,0,36.0,obs,346,26.29,13.62,3.6,S3,26.29,13.62,3.6,S3,26.29,13.62,3.45,S3,5.732,0,S3,site_s3,S3,S3,S3
1786255440.339,c1,search,6000,6.562,24.54,14.15,4.42,S3,0,,0,4474.0,obs,510,24.54,14.15,4.42,S3,24.54,14.15,4.42,S3,24.54,14.15,4.05,S3,5.732,0,S3,site_s3,S3,S3,S3
1786255440.339,c1,recommend,6000,0.293,26.47,13.73,3.71,S3,0,,0,200.0,obs,681,26.47,13.73,3.71,S3,26.47,13.73,3.71,S3,26.47,13.73,3.51,S3,5.732,0,S3,site_s3,S3,S3,S3
1786255440.339,c2,reserve,,0.0,26.34,13.67,3.65,S3,0,,0,36.0,obs,346,26.34,13.67,3.65,S3,26.34,13.67,3.65,S3,26.34,13.67,3.5,S3,5.732,0,S3,site_s3,S3,S3,S3
1786255440.339,c2,search,,0.0,31.1,20.71,10.98,S3,0,,0,4474.0,obs,510,31.1,20.71,10.98,S3,31.1,20.71,10.98,S3,31.1,20.71,10.61,S3,5.732,0,S3,site_s3,S3,S3,S3
1786255440.339,c2,recommend,,0.0,26.76,14.03,4.0,S3,0,,0,200.0,obs,681,26.76,14.03,4.0,S3,26.76,14.03,4.0,S3,26.76,14.03,3.8,S3,5.732,0,S3,site_s3,S3,S3,S3
1786255441.340,c1,reserve,6000,0.053,26.29,13.62,3.6,S3,0,,0,36.0,obs,342,26.29,13.62,3.6,S3,26.29,13.62,3.6,S3,26.29,13.62,3.37,S3,5.605,0,S3,site_s3,S3,S3,S3
1786255441.340,c1,search,6000,6.562,24.54,14.15,4.42,S3,0,,0,4474.0,obs,511,24.54,14.15,4.42,S3,24.54,14.15,4.42,S3,24.54,14.15,4.05,S3,5.605,0,S3,site_s3,S3,S3,S3
1786255441.340,c1,recommend,6000,0.293,26.47,13.73,3.71,S3,0,,0,200.0,obs,686,26.47,13.73,3.71,S3,26.47,13.73,3.71,S3,26.47,13.73,3.42,S3,5.605,0,S3,site_s3,S3,S3,S3
1786255441.340,c2,reserve,,0.0,26.34,13.67,3.65,S3,0,,0,36.0,obs,342,26.34,13.67,3.65,S3,26.34,13.67,3.65,S3,26.34,13.67,3.42,S3,5.605,0,S3,site_s3,S3,S3,S3
1786255441.340,c2,search,,0.0,31.1,20.71,10.98,S3,0,,0,4474.0,obs,511,31.1,20.71,10.98,S3,31.1,20.71,10.98,S3,31.1,20.71,10.61,S3,5.605,0,S3,site_s3,S3,S3,S3
1786255441.340,c2,recommend,,0.0,26.76,14.03,4.0,S3,0,,0,200.0,obs,686,26.76,14.03,4.0,S3,26.76,14.03,4.0,S3,26.76,14.03,3.72,S3,5.605,0,S3,site_s3,S3,S3,S3
1786255442.340,c1,reserve,6000,0.053,26.29,13.62,3.6,S3,0,,0,36.0,obs,340,26.29,13.62,3.6,S3,26.29,13.62,3.6,S3,26.29,13.62,3.39,S3,5.598,0,S3,site_s3,S3,S3,S3
1786255442.340,c1,search,6000,6.562,24.54,14.15,4.42,S3,0,,0,4474.0,obs,512,24.54,14.15,4.42,S3,24.54,14.15,4.42,S3,24.54,14.15,4.05,S3,5.598,0,S3,site_s3,S3,S3,S3
1786255442.340,c1,recommend,6000,0.293,26.47,13.73,3.71,S3,0,,0,200.0,obs,686,26.47,13.73,3.71,S3,26.47,13.73,3.71,S3,26.47,13.73,3.38,S3,5.598,0,S3,site_s3,S3,S3,S3
1786255442.340,c2,reserve,,0.0,26.34,13.67,3.65,S3,0,,0,36.0,obs,340,26.34,13.67,3.65,S3,26.34,13.67,3.65,S3,26.34,13.67,3.45,S3,5.598,0,S3,site_s3,S3,S3,S3
1786255442.340,c2,search,,0.0,31.1,20.71,10.98,S3,0,,0,4474.0,obs,512,31.1,20.71,10.98,S3,31.1,20.71,10.98,S3,31.1,20.71,10.61,S3,5.598,0,S3,site_s3,S3,S3,S3
1786255442.340,c2,recommend,,0.0,26.76,14.03,4.0,S3,0,,0,200.0,obs,686,26.76,14.03,4.0,S3,26.76,14.03,4.0,S3,26.76,14.03,3.67,S3,5.598,0,S3,site_s3,S3,S3,S3
1786255443.339,c1,reserve,6000,0.053,26.29,13.62,3.6,S3,0,,0,36.0,obs,340,26.29,13.62,3.6,S3,26.29,13.62,3.6,S3,26.29,13.62,3.41,S3,5.489,0,S3,site_s3,S3,S3,S3
1786255443.339,c1,search,6000,6.562,24.54,14.15,4.42,S3,0,,0,4474.0,obs,515,24.54,14.15,4.42,S3,24.54,14.15,4.42,S3,24.54,14.15,4.13,S3,5.489,0,S3,site_s3,S3,S3,S3
1786255443.339,c1,recommend,6000,0.293,26.47,13.73,3.71,S3,0,,0,200.0,obs,684,26.47,13.73,3.71,S3,26.47,13.73,3.71,S3,26.47,13.73,3.38,S3,5.489,0,S3,site_s3,S3,S3,S3
1786255443.339,c2,reserve,,0.0,26.34,13.67,3.65,S3,0,,0,36.0,obs,340,26.34,13.67,3.65,S3,26.34,13.67,3.65,S3,26.34,13.67,3.46,S3,5.489,0,S3,site_s3,S3,S3,S3
1786255443.339,c2,search,,0.0,31.1,20.71,10.98,S3,0,,0,4474.0,obs,515,31.1,20.71,10.98,S3,31.1,20.71,10.98,S3,31.1,20.71,10.69,S3,5.489,0,S3,site_s3,S3,S3,S3
1786255443.339,c2,recommend,,0.0,26.76,14.03,4.0,S3,0,,0,200.0,obs,684,26.76,14.03,4.0,S3,26.76,14.03,4.0,S3,26.76,14.03,3.67,S3,5.489,0,S3,site_s3,S3,S3,S3
1786255444.340,c1,reserve,6000,0.053,26.29,13.62,3.6,S3,0,,0,36.0,obs,345,26.29,13.62,3.6,S3,26.29,13.62,3.6,S3,26.29,13.62,3.37,S3,5.765,0,S3,site_s3,S3,S3,S3
1786255444.340,c1,search,6000,6.562,24.54,14.15,4.42,S3,0,,0,4474.0,obs,515,24.54,14.15,4.42,S3,24.54,14.15,4.42,S3,24.54,14.15,4.13,S3,5.765,0,S3,site_s3,S3,S3,S3
1786255444.340,c1,recommend,6000,0.293,26.47,13.73,3.71,S3,0,,0,200.0,obs,682,26.47,13.73,3.71,S3,26.47,13.73,3.71,S3,26.47,13.73,3.46,S3,5.765,0,S3,site_s3,S3,S3,S3
1786255444.340,c2,reserve,,0.0,26.34,13.67,3.65,S3,0,,0,36.0,obs,345,26.34,13.67,3.65,S3,26.34,13.67,3.65,S3,26.34,13.67,3.43,S3,5.765,0,S3,site_s3,S3,S3,S3
1786255444.340,c2,search,,0.0,31.1,20.71,10.98,S3,0,,0,4474.0,obs,515,31.1,20.71,10.98,S3,31.1,20.71,10.98,S3,31.1,20.71,10.69,S3,5.765,0,S3,site_s3,S3,S3,S3
1786255444.340,c2,recommend,,0.0,26.76,14.03,4.0,S3,0,,0,200.0,obs,682,26.76,14.03,4.0,S3,26.76,14.03,4.0,S3,26.76,14.03,3.75,S3,5.765,0,S3,site_s3,S3,S3,S3
1786255445.340,c1,reserve,6000,0.053,26.29,13.62,3.6,S3,0,,0,36.0,obs,345,26.29,13.62,3.6,S3,26.29,13.62,3.6,S3,26.29,13.62,3.36,S3,5.618,0,S3,site_s3,S3,S3,S3
1786255445.340,c1,search,6000,6.562,24.54,14.15,4.42,S3,0,,0,4474.0,obs,511,24.54,14.15,4.42,S3,24.54,14.15,4.42,S3,24.54,14.15,4.06,S3,5.618,0,S3,site_s3,S3,S3,S3
1786255445.340,c1,recommend,6000,0.293,26.47,13.73,3.71,S3,0,,0,200.0,obs,685,26.47,13.73,3.71,S3,26.47,13.73,3.71,S3,26.47,13.73,3.41,S3,5.618,0,S3,site_s3,S3,S3,S3
1786255445.340,c2,reserve,,0.0,26.34,13.67,3.65,S3,0,,0,36.0,obs,345,26.34,13.67,3.65,S3,26.34,13.67,3.65,S3,26.34,13.67,3.41,S3,5.618,0,S3,site_s3,S3,S3,S3
1786255445.340,c2,search,,0.0,31.1,20.71,10.98,S3,0,,0,4474.0,obs,511,31.1,20.71,10.98,S3,31.1,20.71,10.98,S3,31.1,20.71,10.62,S3,5.618,0,S3,site_s3,S3,S3,S3
1786255445.340,c2,recommend,,0.0,26.76,14.03,4.0,S3,0,,0,200.0,obs,685,26.76,14.03,4.0,S3,26.76,14.03,4.0,S3,26.76,14.03,3.7,S3,5.618,0,S3,site_s3,S3,S3,S3
1786255446.340,c1,reserve,6000,0.053,26.29,13.62,3.6,S3,0,,0,36.0,obs,341,26.29,13.62,3.6,S3,26.29,13.62,3.6,S3,26.29,13.62,3.37,S3,5.631,0,S3,site_s3,S3,S3,S3
1786255446.340,c1,search,6000,6.562,24.54,14.15,4.42,S3,0,,0,4474.0,obs,513,24.54,14.15,4.42,S3,24.54,14.15,4.42,S3,24.54,14.15,4.15,S3,5.631,0,S3,site_s3,S3,S3,S3
1786255446.340,c1,recommend,6000,0.293,26.47,13.73,3.71,S3,0,,0,200.0,obs,689,26.47,13.73,3.71,S3,26.47,13.73,3.71,S3,26.47,13.73,3.29,S3,5.631,0,S3,site_s3,S3,S3,S3
1786255446.340,c2,reserve,,0.0,26.34,13.67,3.65,S3,0,,0,36.0,obs,341,26.34,13.67,3.65,S3,26.34,13.67,3.65,S3,26.34,13.67,3.42,S3,5.631,0,S3,site_s3,S3,S3,S3
1786255446.340,c2,search,,0.0,31.1,20.71,10.98,S3,0,,0,4474.0,obs,513,31.1,20.71,10.98,S3,31.1,20.71,10.98,S3,31.1,20.71,10.72,S3,5.631,0,S3,site_s3,S3,S3,S3
1786255446.340,c2,recommend,,0.0,26.76,14.03,4.0,S3,0,,0,200.0,obs,689,26.76,14.03,4.0,S3,26.76,14.03,4.0,S3,26.76,14.03,3.58,S3,5.631,0,S3,site_s3,S3,S3,S3
1786255447.339,c1,reserve,6000,0.053,26.29,13.62,3.6,S3,0,,0,36.0,obs,340,26.29,13.62,3.6,S3,26.29,13.62,3.6,S3,26.29,13.62,3.35,S3,5.468,0,S3,site_s3,S3,S3,S3
1786255447.339,c1,search,6000,6.562,24.54,14.15,4.42,S3,0,,0,4474.0,obs,513,24.54,14.15,4.42,S3,24.54,14.15,4.42,S3,24.54,14.15,4.18,S3,5.468,0,S3,site_s3,S3,S3,S3
1786255447.339,c1,recommend,6000,0.293,26.47,13.73,3.71,S3,0,,0,200.0,obs,688,26.47,13.73,3.71,S3,26.47,13.73,3.71,S3,26.47,13.73,3.35,S3,5.468,0,S3,site_s3,S3,S3,S3
1786255447.339,c2,reserve,,0.0,26.34,13.67,3.65,S3,0,,0,36.0,obs,340,26.34,13.67,3.65,S3,26.34,13.67,3.65,S3,26.34,13.67,3.4,S3,5.468,0,S3,site_s3,S3,S3,S3
1786255447.339,c2,search,,0.0,31.1,20.71,10.98,S3,0,,0,4474.0,obs,513,31.1,20.71,10.98,S3,31.1,20.71,10.98,S3,31.1,20.71,10.74,S3,5.468,0,S3,site_s3,S3,S3,S3
1786255447.339,c2,recommend,,0.0,26.76,14.03,4.0,S3,0,,0,200.0,obs,688,26.76,14.03,4.0,S3,26.76,14.03,4.0,S3,26.76,14.03,3.64,S3,5.468,0,S3,site_s3,S3,S3,S3
1786255448.340,c1,reserve,6000,0.053,26.29,13.62,3.6,S3,0,,0,36.0,obs,344,26.29,13.62,3.6,S3,26.29,13.62,3.6,S3,26.29,13.62,3.51,S3,5.632,0,S3,site_s3,S3,S3,S3
1786255448.340,c1,search,6000,6.562,24.54,14.15,4.42,S3,0,,0,4474.0,obs,516,24.54,14.15,4.42,S3,24.54,14.15,4.42,S3,24.54,14.15,4.08,S3,5.632,0,S3,site_s3,S3,S3,S3
1786255448.340,c1,recommend,6000,0.293,26.47,13.73,3.71,S3,0,,0,200.0,obs,684,26.47,13.73,3.71,S3,26.47,13.73,3.71,S3,26.47,13.73,3.42,S3,5.632,0,S3,site_s3,S3,S3,S3
1786255448.340,c2,reserve,,0.0,26.34,13.67,3.65,S3,0,,0,36.0,obs,344,26.34,13.67,3.65,S3,26.34,13.67,3.65,S3,26.34,13.67,3.57,S3,5.632,0,S3,site_s3,S3,S3,S3
1786255448.340,c2,search,,0.0,31.1,20.71,10.98,S3,0,,0,4474.0,obs,516,31.1,20.71,10.98,S3,31.1,20.71,10.98,S3,31.1,20.71,10.64,S3,5.632,0,S3,site_s3,S3,S3,S3
1786255448.340,c2,recommend,,0.0,26.76,14.03,4.0,S3,0,,0,200.0,obs,684,26.76,14.03,4.0,S3,26.76,14.03,4.0,S3,26.76,14.03,3.71,S3,5.632,0,S3,site_s3,S3,S3,S3
1786255449.339,c1,reserve,6000,0.053,26.29,13.62,3.6,S3,0,,0,36.0,obs,347,26.29,13.62,3.6,S3,26.29,13.62,3.6,S3,26.29,13.62,3.55,S3,5.608,0,S3,site_s3,S3,S3,S3
1786255449.339,c1,search,6000,6.562,24.54,14.15,4.42,S3,0,,0,4474.0,obs,514,24.54,14.15,4.42,S3,24.54,14.15,4.42,S3,24.54,14.15,4.09,S3,5.608,0,S3,site_s3,S3,S3,S3
1786255449.339,c1,recommend,6000,0.293,26.47,13.73,3.71,S3,0,,0,200.0,obs,684,26.47,13.73,3.71,S3,26.47,13.73,3.71,S3,26.47,13.73,3.46,S3,5.608,0,S3,site_s3,S3,S3,S3
1786255449.339,c2,reserve,,0.0,26.34,13.67,3.65,S3,0,,0,36.0,obs,347,26.34,13.67,3.65,S3,26.34,13.67,3.65,S3,26.34,13.67,3.61,S3,5.608,0,S3,site_s3,S3,S3,S3
1786255449.339,c2,search,,0.0,31.1,20.71,10.98,S3,0,,0,4474.0,obs,514,31.1,20.71,10.98,S3,31.1,20.71,10.98,S3,31.1,20.71,10.65,S3,5.608,0,S3,site_s3,S3,S3,S3
1786255449.339,c2,recommend,,0.0,26.76,14.03,4.0,S3,0,,0,200.0,obs,684,26.76,14.03,4.0,S3,26.76,14.03,4.0,S3,26.76,14.03,3.75,S3,5.608,0,S3,site_s3,S3,S3,S3
1786255450.339,c1,reserve,6000,0.053,26.29,13.62,3.6,S3,0,,0,36.0,obs,344,26.29,13.62,3.6,S3,26.29,13.62,3.6,S3,26.29,13.62,3.53,S3,5.609,0,S3,site_s3,S3,S3,S3
1786255450.339,c1,search,6000,6.562,24.54,14.15,4.42,S3,0,,0,4474.0,obs,512,24.54,14.15,4.42,S3,24.54,14.15,4.42,S3,24.54,14.15,4.14,S3,5.609,0,S3,site_s3,S3,S3,S3
1786255450.339,c1,recommend,6000,0.293,26.47,13.73,3.71,S3,0,,0,200.0,obs,688,26.47,13.73,3.71,S3,26.47,13.73,3.71,S3,26.47,13.73,3.43,S3,5.609,0,S3,site_s3,S3,S3,S3
1786255450.339,c2,reserve,,0.0,26.34,13.67,3.65,S3,0,,0,36.0,obs,344,26.34,13.67,3.65,S3,26.34,13.67,3.65,S3,26.34,13.67,3.59,S3,5.609,0,S3,site_s3,S3,S3,S3
1786255450.339,c2,search,,0.0,31.1,20.71,10.98,S3,0,,0,4474.0,obs,512,31.1,20.71,10.98,S3,31.1,20.71,10.98,S3,31.1,20.71,10.7,S3,5.609,0,S3,site_s3,S3,S3,S3
1786255450.339,c2,recommend,,0.0,26.76,14.03,4.0,S3,0,,0,200.0,obs,688,26.76,14.03,4.0,S3,26.76,14.03,4.0,S3,26.76,14.03,3.73,S3,5.609,0,S3,site_s3,S3,S3,S3
1786255451.339,c1,reserve,6000,0.053,26.29,13.62,3.6,S3,0,,0,36.0,obs,341,26.29,13.62,3.6,S3,26.29,13.62,3.6,S3,26.29,13.62,3.51,S3,5.596,0,S3,site_s3,S3,S3,S3
1786255451.339,c1,search,6000,6.562,24.54,14.15,4.42,S3,0,,0,4474.0,obs,515,24.54,14.15,4.42,S3,24.54,14.15,4.42,S3,24.54,14.15,4.0,S3,5.596,0,S3,site_s3,S3,S3,S3
1786255451.339,c1,recommend,6000,0.293,26.47,13.73,3.71,S3,0,,0,200.0,obs,690,26.47,13.73,3.71,S3,26.47,13.73,3.71,S3,26.47,13.73,3.34,S3,5.596,0,S3,site_s3,S3,S3,S3
1786255451.339,c2,reserve,,0.0,26.34,13.67,3.65,S3,0,,0,36.0,obs,341,26.34,13.67,3.65,S3,26.34,13.67,3.65,S3,26.34,13.67,3.56,S3,5.596,0,S3,site_s3,S3,S3,S3
1786255451.339,c2,search,,0.0,31.1,20.71,10.98,S3,0,,0,4474.0,obs,515,31.1,20.71,10.98,S3,31.1,20.71,10.98,S3,31.1,20.71,10.56,S3,5.596,0,S3,site_s3,S3,S3,S3
1786255451.339,c2,recommend,,0.0,26.76,14.03,4.0,S3,0,,0,200.0,obs,690,26.76,14.03,4.0,S3,26.76,14.03,4.0,S3,26.76,14.03,3.63,S3,5.596,0,S3,site_s3,S3,S3,S3
1786255452.340,c1,reserve,6000,0.053,26.29,13.62,3.6,S3,0,,0,36.0,obs,341,26.29,13.62,3.6,S3,26.29,13.62,3.6,S3,26.29,13.62,3.2,S3,5.67,0,S3,site_s3,S3,S3,S3
1786255452.340,c1,search,6000,6.562,24.54,14.15,4.42,S3,0,,0,4474.0,obs,518,24.54,14.15,4.42,S3,24.54,14.15,4.42,S3,24.54,14.15,3.87,S3,5.67,0,S3,site_s3,S3,S3,S3
1786255452.340,c1,recommend,6000,0.293,26.47,13.73,3.71,S3,0,,0,200.0,obs,687,26.47,13.73,3.71,S3,26.47,13.73,3.71,S3,26.47,13.73,3.19,S3,5.67,0,S3,site_s3,S3,S3,S3
1786255452.340,c2,reserve,,0.0,26.34,13.67,3.65,S3,0,,0,36.0,obs,341,26.34,13.67,3.65,S3,26.34,13.67,3.65,S3,26.34,13.67,3.25,S3,5.67,0,S3,site_s3,S3,S3,S3
1786255452.340,c2,search,,0.0,31.1,20.71,10.98,S3,0,,0,4474.0,obs,518,31.1,20.71,10.98,S3,31.1,20.71,10.98,S3,31.1,20.71,10.43,S3,5.67,0,S3,site_s3,S3,S3,S3
1786255452.340,c2,recommend,,0.0,26.76,14.03,4.0,S3,0,,0,200.0,obs,687,26.76,14.03,4.0,S3,26.76,14.03,4.0,S3,26.76,14.03,3.48,S3,5.67,0,S3,site_s3,S3,S3,S3
1786255453.340,c1,reserve,6000,0.053,26.29,13.62,3.6,S3,0,,0,36.0,obs,346,26.29,13.62,3.6,S3,26.29,13.62,3.6,S3,26.29,13.62,3.13,S3,5.589,0,S3,site_s3,S3,S3,S3
1786255453.340,c1,search,6000,6.562,24.54,14.15,4.42,S3,0,,0,4474.0,obs,516,24.54,14.15,4.42,S3,24.54,14.15,4.42,S3,24.54,14.15,3.85,S3,5.589,0,S3,site_s3,S3,S3,S3
1786255453.340,c1,recommend,6000,0.293,26.47,13.73,3.71,S3,0,,0,200.0,obs,684,26.47,13.73,3.71,S3,26.47,13.73,3.71,S3,26.47,13.73,3.15,S3,5.589,0,S3,site_s3,S3,S3,S3
1786255453.340,c2,reserve,,0.0,26.34,13.67,3.65,S3,0,,0,36.0,obs,346,26.34,13.67,3.65,S3,26.34,13.67,3.65,S3,26.34,13.67,3.19,S3,5.589,0,S3,site_s3,S3,S3,S3
1786255453.340,c2,search,,0.0,31.1,20.71,10.98,S3,0,,0,4474.0,obs,516,31.1,20.71,10.98,S3,31.1,20.71,10.98,S3,31.1,20.71,10.41,S3,5.589,0,S3,site_s3,S3,S3,S3
1786255453.340,c2,recommend,,0.0,26.76,14.03,4.0,S3,0,,0,200.0,obs,684,26.76,14.03,4.0,S3,26.76,14.03,4.0,S3,26.76,14.03,3.45,S3,5.589,0,S3,site_s3,S3,S3,S3
1786255454.340,c1,reserve,6000,0.053,26.29,13.62,3.6,S3,0,,0,36.0,obs,347,26.29,13.62,3.6,S3,26.29,13.62,3.6,S3,26.29,13.62,3.3,S3,5.554,0,S3,site_s3,S3,S3,S3
1786255454.340,c1,search,6000,6.562,24.54,14.15,4.42,S3,0,,0,4474.0,obs,513,24.54,14.15,4.42,S3,24.54,14.15,4.42,S3,24.54,14.15,4.2,S3,5.554,0,S3,site_s3,S3,S3,S3
1786255454.340,c1,recommend,6000,0.293,26.47,13.73,3.71,S3,0,,0,200.0,obs,687,26.47,13.73,3.71,S3,26.47,13.73,3.71,S3,26.47,13.73,3.36,S3,5.554,0,S3,site_s3,S3,S3,S3
1786255454.340,c2,reserve,,0.0,26.34,13.67,3.65,S3,0,,0,36.0,obs,347,26.34,13.67,3.65,S3,26.34,13.67,3.65,S3,26.34,13.67,3.36,S3,5.554,0,S3,site_s3,S3,S3,S3
1786255454.340,c2,search,,0.0,31.1,20.71,10.98,S3,0,,0,4474.0,obs,513,31.1,20.71,10.98,S3,31.1,20.71,10.98,S3,31.1,20.71,10.76,S3,5.554,0,S3,site_s3,S3,S3,S3
1786255454.340,c2,recommend,,0.0,26.76,14.03,4.0,S3,0,,0,200.0,obs,687,26.76,14.03,4.0,S3,26.76,14.03,4.0,S3,26.76,14.03,3.65,S3,5.554,0,S3,site_s3,S3,S3,S3
1786255455.339,c1,reserve,6000,0.053,26.29,13.62,3.6,S3,0,,0,36.0,obs,343,26.29,13.62,3.6,S3,26.29,13.62,3.6,S3,26.29,13.62,3.31,S3,5.527,0,S3,site_s3,S3,S3,S3
1786255455.339,c1,search,6000,6.562,24.54,14.15,4.42,S3,0,,0,4474.0,obs,514,24.54,14.15,4.42,S3,24.54,14.15,4.42,S3,24.54,14.15,4.21,S3,5.527,0,S3,site_s3,S3,S3,S3
1786255455.339,c1,recommend,6000,0.293,26.47,13.73,3.71,S3,0,,0,200.0,obs,691,26.47,13.73,3.71,S3,26.47,13.73,3.71,S3,26.47,13.73,3.4,S3,5.527,0,S3,site_s3,S3,S3,S3
1786255455.339,c2,reserve,,0.0,26.34,13.67,3.65,S3,0,,0,36.0,obs,343,26.34,13.67,3.65,S3,26.34,13.67,3.65,S3,26.34,13.67,3.36,S3,5.527,0,S3,site_s3,S3,S3,S3
1786255455.339,c2,search,,0.0,31.1,20.71,10.98,S3,0,,0,4474.0,obs,514,31.1,20.71,10.98,S3,31.1,20.71,10.98,S3,31.1,20.71,10.77,S3,5.527,0,S3,site_s3,S3,S3,S3
1786255455.339,c2,recommend,,0.0,26.76,14.03,4.0,S3,0,,0,200.0,obs,691,26.76,14.03,4.0,S3,26.76,14.03,4.0,S3,26.76,14.03,3.7,S3,5.527,0,S3,site_s3,S3,S3,S3
1786255456.339,c1,reserve,6000,0.053,26.29,13.62,3.6,S3,0,,0,36.0,obs,341,26.29,13.62,3.6,S3,26.29,13.62,3.6,S3,26.29,13.62,3.38,S3,5.473,0,S3,site_s3,S3,S3,S3
1786255456.339,c1,search,6000,6.562,24.54,14.15,4.42,S3,0,,0,4474.0,obs,516,24.54,14.15,4.42,S3,24.54,14.15,4.42,S3,24.54,14.15,4.22,S3,5.473,0,S3,site_s3,S3,S3,S3
1786255456.339,c1,recommend,6000,0.293,26.47,13.73,3.71,S3,0,,0,200.0,obs,692,26.47,13.73,3.71,S3,26.47,13.73,3.71,S3,26.47,13.73,3.47,S3,5.473,0,S3,site_s3,S3,S3,S3
1786255456.339,c2,reserve,,0.0,26.34,13.67,3.65,S3,0,,0,36.0,obs,341,26.34,13.67,3.65,S3,26.34,13.67,3.65,S3,26.34,13.67,3.43,S3,5.473,0,S3,site_s3,S3,S3,S3
1786255456.339,c2,search,,0.0,31.1,20.71,10.98,S3,0,,0,4474.0,obs,516,31.1,20.71,10.98,S3,31.1,20.71,10.98,S3,31.1,20.71,10.78,S3,5.473,0,S3,site_s3,S3,S3,S3
1786255456.339,c2,recommend,,0.0,26.76,14.03,4.0,S3,0,,0,200.0,obs,692,26.76,14.03,4.0,S3,26.76,14.03,4.0,S3,26.76,14.03,3.76,S3,5.473,0,S3,site_s3,S3,S3,S3
1786255457.339,c1,reserve,6000,0.053,26.29,13.62,3.6,S3,0,,0,36.0,obs,344,26.29,13.62,3.6,S3,26.29,13.62,3.6,S3,26.29,13.62,3.37,S3,5.629,0,S3,site_s3,S3,S3,S3
1786255457.339,c1,search,6000,6.562,24.54,14.15,4.42,S3,0,,0,4474.0,obs,518,24.54,14.15,4.42,S3,24.54,14.15,4.42,S3,24.54,14.15,3.8,S3,5.629,0,S3,site_s3,S3,S3,S3
1786255457.339,c1,recommend,6000,0.293,26.47,13.73,3.71,S3,0,,0,200.0,obs,687,26.47,13.73,3.71,S3,26.47,13.73,3.71,S3,26.47,13.73,3.37,S3,5.629,0,S3,site_s3,S3,S3,S3
1786255457.339,c2,reserve,,0.0,26.34,13.67,3.65,S3,0,,0,36.0,obs,344,26.34,13.67,3.65,S3,26.34,13.67,3.65,S3,26.34,13.67,3.42,S3,5.629,0,S3,site_s3,S3,S3,S3
1786255457.339,c2,search,,0.0,31.1,20.71,10.98,S3,0,,0,4474.0,obs,518,31.1,20.71,10.98,S3,31.1,20.71,10.98,S3,31.1,20.71,10.36,S3,5.629,0,S3,site_s3,S3,S3,S3
1786255457.339,c2,recommend,,0.0,26.76,14.03,4.0,S3,0,,0,200.0,obs,687,26.76,14.03,4.0,S3,26.76,14.03,4.0,S3,26.76,14.03,3.67,S3,5.629,0,S3,site_s3,S3,S3,S3
1786255458.339,c1,reserve,6000,0.053,26.29,13.62,3.6,S3,0,,0,36.0,obs,348,26.29,13.62,3.6,S3,26.29,13.62,3.6,S3,26.29,13.62,3.35,S3,5.697,0,S3,site_s3,S3,S3,S3
1786255458.339,c1,search,6000,6.562,24.54,14.15,4.42,S3,0,,0,4474.0,obs,515,24.54,14.15,4.42,S3,24.54,14.15,4.42,S3,24.54,14.15,3.82,S3,5.697,0,S3,site_s3,S3,S3,S3
1786255458.339,c1,recommend,6000,0.293,26.47,13.73,3.71,S3,0,,0,200.0,obs,685,26.47,13.73,3.71,S3,26.47,13.73,3.71,S3,26.47,13.73,3.19,S3,5.697,0,S3,site_s3,S3,S3,S3
1786255458.339,c2,reserve,,0.0,26.34,13.67,3.65,S3,0,,0,36.0,obs,348,26.34,13.67,3.65,S3,26.34,13.67,3.65,S3,26.34,13.67,3.4,S3,5.697,0,S3,site_s3,S3,S3,S3
1786255458.339,c2,search,,0.0,31.1,20.71,10.98,S3,0,,0,4474.0,obs,515,31.1,20.71,10.98,S3,31.1,20.71,10.98,S3,31.1,20.71,10.38,S3,5.697,0,S3,site_s3,S3,S3,S3
1786255458.339,c2,recommend,,0.0,26.76,14.03,4.0,S3,0,,0,200.0,obs,685,26.76,14.03,4.0,S3,26.76,14.03,4.0,S3,26.76,14.03,3.49,S3,5.697,0,S3,site_s3,S3,S3,S3
1786255459.339,c1,reserve,6000,0.053,26.29,13.62,3.6,S3,0,,0,36.0,obs,345,26.29,13.62,3.6,S3,26.29,13.62,3.6,S3,26.29,13.62,3.35,S3,5.616,0,S3,site_s3,S3,S3,S3
1786255459.339,c1,search,6000,6.562,24.54,14.15,4.42,S3,0,,0,4474.0,obs,514,24.54,14.15,4.42,S3,24.54,14.15,4.42,S3,24.54,14.15,3.96,S3,5.616,0,S3,site_s3,S3,S3,S3
1786255459.339,c1,recommend,6000,0.293,26.47,13.73,3.71,S3,0,,0,200.0,obs,690,26.47,13.73,3.71,S3,26.47,13.73,3.71,S3,26.47,13.73,3.33,S3,5.616,0,S3,site_s3,S3,S3,S3
1786255459.339,c2,reserve,,0.0,26.34,13.67,3.65,S3,0,,0,36.0,obs,345,26.34,13.67,3.65,S3,26.34,13.67,3.65,S3,26.34,13.67,3.4,S3,5.616,0,S3,site_s3,S3,S3,S3
1786255459.339,c2,search,,0.0,31.1,20.71,10.98,S3,0,,0,4474.0,obs,514,31.1,20.71,10.98,S3,31.1,20.71,10.98,S3,31.1,20.71,10.52,S3,5.616,0,S3,site_s3,S3,S3,S3
1786255459.339,c2,recommend,,0.0,26.76,14.03,4.0,S3,0,,0,200.0,obs,690,26.76,14.03,4.0,S3,26.76,14.03,4.0,S3,26.76,14.03,3.62,S3,5.616,0,S3,site_s3,S3,S3,S3
1786255460.340,c1,reserve,6000,0.053,26.29,13.62,3.6,S3,0,,0,36.0,obs,342,26.29,13.62,3.6,S3,26.29,13.62,3.6,S3,26.29,13.62,3.37,S3,5.616,0,S3,site_s3,S3,S3,S3
1786255460.340,c1,search,6000,6.562,24.54,14.15,4.42,S3,0,,0,4474.0,obs,516,24.54,14.15,4.42,S3,24.54,14.15,4.42,S3,24.54,14.15,4.01,S3,5.616,0,S3,site_s3,S3,S3,S3
1786255460.340,c1,recommend,6000,0.293,26.47,13.73,3.71,S3,0,,0,200.0,obs,692,26.47,13.73,3.71,S3,26.47,13.73,3.71,S3,26.47,13.73,3.4,S3,5.616,0,S3,site_s3,S3,S3,S3
1786255460.340,c2,reserve,,0.0,26.34,13.67,3.65,S3,0,,0,36.0,obs,342,26.34,13.67,3.65,S3,26.34,13.67,3.65,S3,26.34,13.67,3.43,S3,5.616,0,S3,site_s3,S3,S3,S3
1786255460.340,c2,search,,0.0,31.1,20.71,10.98,S3,0,,0,4474.0,obs,516,31.1,20.71,10.98,S3,31.1,20.71,10.98,S3,31.1,20.71,10.58,S3,5.616,0,S3,site_s3,S3,S3,S3
1786255460.340,c2,recommend,,0.0,26.76,14.03,4.0,S3,0,,0,200.0,obs,692,26.76,14.03,4.0,S3,26.76,14.03,4.0,S3,26.76,14.03,3.7,S3,5.616,0,S3,site_s3,S3,S3,S3
1786255461.340,c1,reserve,6000,0.053,26.29,13.62,3.6,S3,0,,0,36.0,obs,342,26.29,13.62,3.6,S3,26.29,13.62,3.6,S3,26.29,13.62,3.42,S3,5.546,0,S3,site_s3,S3,S3,S3
1786255461.340,c1,search,6000,6.562,24.54,14.15,4.42,S3,0,,0,4474.0,obs,519,24.54,14.15,4.42,S3,24.54,14.15,4.42,S3,24.54,14.15,4.01,S3,5.546,0,S3,site_s3,S3,S3,S3
1786255461.340,c1,recommend,6000,0.293,26.47,13.73,3.71,S3,0,,0,200.0,obs,690,26.47,13.73,3.71,S3,26.47,13.73,3.71,S3,26.47,13.73,3.41,S3,5.546,0,S3,site_s3,S3,S3,S3
1786255461.340,c2,reserve,,0.0,26.34,13.67,3.65,S3,0,,0,36.0,obs,342,26.34,13.67,3.65,S3,26.34,13.67,3.65,S3,26.34,13.67,3.48,S3,5.546,0,S3,site_s3,S3,S3,S3
1786255461.340,c2,search,,0.0,31.1,20.71,10.98,S3,0,,0,4474.0,obs,519,31.1,20.71,10.98,S3,31.1,20.71,10.98,S3,31.1,20.71,10.57,S3,5.546,0,S3,site_s3,S3,S3,S3
1786255461.340,c2,recommend,,0.0,26.76,14.03,4.0,S3,0,,0,200.0,obs,690,26.76,14.03,4.0,S3,26.76,14.03,4.0,S3,26.76,14.03,3.71,S3,5.546,0,S3,site_s3,S3,S3,S3
1786255462.340,c1,reserve,6000,0.053,26.29,13.62,3.6,S3,0,,0,36.0,obs,346,26.29,13.62,3.6,S3,26.29,13.62,3.6,S3,26.29,13.62,3.36,S3,5.659,0,S3,site_s3,S3,S3,S3
1786255462.340,c1,search,6000,6.562,24.54,14.15,4.42,S3,0,,0,4474.0,obs,519,24.54,14.15,4.42,S3,24.54,14.15,4.42,S3,24.54,14.15,4.02,S3,5.659,0,S3,site_s3,S3,S3,S3
1786255462.340,c1,recommend,6000,0.293,26.47,13.73,3.71,S3,0,,0,200.0,obs,688,26.47,13.73,3.71,S3,26.47,13.73,3.71,S3,26.47,13.73,3.45,S3,5.659,0,S3,site_s3,S3,S3,S3
1786255462.340,c2,reserve,,0.0,26.34,13.67,3.65,S3,0,,0,36.0,obs,346,26.34,13.67,3.65,S3,26.34,13.67,3.65,S3,26.34,13.67,3.41,S3,5.659,0,S3,site_s3,S3,S3,S3
1786255462.340,c2,search,,0.0,31.1,20.71,10.98,S3,0,,0,4474.0,obs,519,31.1,20.71,10.98,S3,31.1,20.71,10.98,S3,31.1,20.71,10.58,S3,5.659,0,S3,site_s3,S3,S3,S3
1786255462.340,c2,recommend,,0.0,26.76,14.03,4.0,S3,0,,0,200.0,obs,688,26.76,14.03,4.0,S3,26.76,14.03,4.0,S3,26.76,14.03,3.74,S3,5.659,0,S3,site_s3,S3,S3,S3
1786255463.339,c1,reserve,6000,0.053,26.29,13.62,3.6,S3,0,,0,36.0,obs,349,26.29,13.62,3.6,S3,26.29,13.62,3.6,S3,26.29,13.62,3.43,S3,5.604,0,S3,site_s3,S3,S3,S3
1786255463.339,c1,search,6000,6.562,24.54,14.15,4.42,S3,0,,0,4474.0,obs,514,24.54,14.15,4.42,S3,24.54,14.15,4.42,S3,24.54,14.15,4.18,S3,5.604,0,S3,site_s3,S3,S3,S3
1786255463.339,c1,recommend,6000,0.293,26.47,13.73,3.71,S3,0,,0,200.0,obs,689,26.47,13.73,3.71,S3,26.47,13.73,3.71,S3,26.47,13.73,3.46,S3,5.604,0,S3,site_s3,S3,S3,S3
1786255463.339,c2,reserve,,0.0,26.34,13.67,3.65,S3,0,,0,36.0,obs,349,26.34,13.67,3.65,S3,26.34,13.67,3.65,S3,26.34,13.67,3.48,S3,5.604,0,S3,site_s3,S3,S3,S3
1786255463.339,c2,search,,0.0,31.1,20.71,10.98,S3,0,,0,4474.0,obs,514,31.1,20.71,10.98,S3,31.1,20.71,10.98,S3,31.1,20.71,10.74,S3,5.604,0,S3,site_s3,S3,S3,S3
1786255463.339,c2,recommend,,0.0,26.76,14.03,4.0,S3,0,,0,200.0,obs,689,26.76,14.03,4.0,S3,26.76,14.03,4.0,S3,26.76,14.03,3.75,S3,5.604,0,S3,site_s3,S3,S3,S3
1786255464.339,c1,reserve,6000,0.053,26.29,13.62,3.6,S3,0,,0,36.0,obs,345,26.29,13.62,3.6,S3,26.29,13.62,3.6,S3,26.29,13.62,3.48,S3,5.741,0,S3,site_s3,S3,S3,S3
1786255464.339,c1,search,6000,6.562,24.54,14.15,4.42,S3,0,,0,4474.0,obs,515,24.54,14.15,4.42,S3,24.54,14.15,4.42,S3,24.54,14.15,3.99,S3,5.741,0,S3,site_s3,S3,S3,S3
1786255464.339,c1,recommend,6000,0.293,26.47,13.73,3.71,S3,0,,0,200.0,obs,694,26.47,13.73,3.71,S3,26.47,13.73,3.71,S3,26.47,13.73,3.54,S3,5.741,0,S3,site_s3,S3,S3,S3
1786255464.339,c2,reserve,,0.0,26.34,13.67,3.65,S3,0,,0,36.0,obs,345,26.34,13.67,3.65,S3,26.34,13.67,3.65,S3,26.34,13.67,3.54,S3,5.741,0,S3,site_s3,S3,S3,S3
1786255464.339,c2,search,,0.0,31.1,20.71,10.98,S3,0,,0,4474.0,obs,515,31.1,20.71,10.98,S3,31.1,20.71,10.98,S3,31.1,20.71,10.56,S3,5.741,0,S3,site_s3,S3,S3,S3
1786255464.339,c2,recommend,,0.0,26.76,14.03,4.0,S3,0,,0,200.0,obs,694,26.76,14.03,4.0,S3,26.76,14.03,4.0,S3,26.76,14.03,3.83,S3,5.741,0,S3,site_s3,S3,S3,S3
1786255465.339,c1,reserve,6000,0.053,26.29,13.62,3.6,S3,0,,0,36.0,obs,342,26.29,13.62,3.6,S3,26.29,13.62,3.6,S3,26.29,13.62,3.46,S3,5.431,0,S3,site_s3,S3,S3,S3
1786255465.339,c1,search,6000,6.562,24.54,14.15,4.42,S3,0,,0,4474.0,obs,517,24.54,14.15,4.42,S3,24.54,14.15,4.42,S3,24.54,14.15,4.12,S3,5.431,0,S3,site_s3,S3,S3,S3
1786255465.339,c1,recommend,6000,0.293,26.47,13.73,3.71,S3,0,,0,200.0,obs,694,26.47,13.73,3.71,S3,26.47,13.73,3.71,S3,26.47,13.73,3.6,S3,5.431,0,S3,site_s3,S3,S3,S3
1786255465.339,c2,reserve,,0.0,26.34,13.67,3.65,S3,0,,0,36.0,obs,342,26.34,13.67,3.65,S3,26.34,13.67,3.65,S3,26.34,13.67,3.51,S3,5.431,0,S3,site_s3,S3,S3,S3
1786255465.339,c2,search,,0.0,31.1,20.71,10.98,S3,0,,0,4474.0,obs,517,31.1,20.71,10.98,S3,31.1,20.71,10.98,S3,31.1,20.71,10.68,S3,5.431,0,S3,site_s3,S3,S3,S3
1786255465.339,c2,recommend,,0.0,26.76,14.03,4.0,S3,0,,0,200.0,obs,694,26.76,14.03,4.0,S3,26.76,14.03,4.0,S3,26.76,14.03,3.89,S3,5.431,0,S3,site_s3,S3,S3,S3
1786255466.339,c1,reserve,6000,0.053,26.29,13.62,3.6,S3,0,,0,36.0,obs,346,26.29,13.62,3.6,S3,26.29,13.62,3.6,S3,26.29,13.62,3.24,S3,5.82,0,S3,site_s3,S3,S3,S3
1786255466.339,c1,search,6000,6.562,24.54,14.15,4.42,S3,0,,0,4474.0,obs,520,24.54,14.15,4.42,S3,24.54,14.15,4.42,S3,24.54,14.15,4.17,S3,5.82,0,S3,site_s3,S3,S3,S3
1786255466.339,c1,recommend,6000,0.293,26.47,13.73,3.71,S3,0,,0,200.0,obs,690,26.47,13.73,3.71,S3,26.47,13.73,3.71,S3,26.47,13.73,3.46,S3,5.82,0,S3,site_s3,S3,S3,S3
1786255466.339,c2,reserve,,0.0,26.34,13.67,3.65,S3,0,,0,36.0,obs,346,26.34,13.67,3.65,S3,26.34,13.67,3.65,S3,26.34,13.67,3.29,S3,5.82,0,S3,site_s3,S3,S3,S3
1786255466.339,c2,search,,0.0,31.1,20.71,10.98,S3,0,,0,4474.0,obs,520,31.1,20.71,10.98,S3,31.1,20.71,10.98,S3,31.1,20.71,10.73,S3,5.82,0,S3,site_s3,S3,S3,S3
1786255466.339,c2,recommend,,0.0,26.76,14.03,4.0,S3,0,,0,200.0,obs,690,26.76,14.03,4.0,S3,26.76,14.03,4.0,S3,26.76,14.03,3.76,S3,5.82,0,S3,site_s3,S3,S3,S3
1786255467.339,c1,reserve,6000,0.053,26.29,13.62,3.6,S3,0,,0,36.0,obs,349,26.29,13.62,3.6,S3,26.29,13.62,3.6,S3,26.29,13.62,3.28,S3,5.607,0,S3,site_s3,S3,S3,S3
1786255467.339,c1,search,6000,6.562,24.54,14.15,4.42,S3,0,,0,4474.0,obs,519,24.54,14.15,4.42,S3,24.54,14.15,4.42,S3,24.54,14.15,3.93,S3,5.607,0,S3,site_s3,S3,S3,S3
1786255467.339,c1,recommend,6000,0.293,26.47,13.73,3.71,S3,0,,0,200.0,obs,689,26.47,13.73,3.71,S3,26.47,13.73,3.71,S3,26.47,13.73,3.43,S3,5.607,0,S3,site_s3,S3,S3,S3
1786255467.339,c2,reserve,,0.0,26.34,13.67,3.65,S3,0,,0,36.0,obs,349,26.34,13.67,3.65,S3,26.34,13.67,3.65,S3,26.34,13.67,3.34,S3,5.607,0,S3,site_s3,S3,S3,S3
1786255467.339,c2,search,,0.0,31.1,20.71,10.98,S3,0,,0,4474.0,obs,519,31.1,20.71,10.98,S3,31.1,20.71,10.98,S3,31.1,20.71,10.49,S3,5.607,0,S3,site_s3,S3,S3,S3
1786255467.339,c2,recommend,,0.0,26.76,14.03,4.0,S3,0,,0,200.0,obs,689,26.76,14.03,4.0,S3,26.76,14.03,4.0,S3,26.76,14.03,3.73,S3,5.607,0,S3,site_s3,S3,S3,S3
1786255468.340,c1,reserve,6000,0.053,26.29,13.62,3.6,S3,0,,0,36.0,obs,347,26.29,13.62,3.6,S3,26.29,13.62,3.6,S3,26.29,13.62,3.47,S3,5.548,0,S3,site_s3,S3,S3,S3
1786255468.340,c1,search,6000,6.562,24.54,14.15,4.42,S3,0,,0,4474.0,obs,516,24.54,14.15,4.42,S3,24.54,14.15,4.42,S3,24.54,14.15,3.86,S3,5.548,0,S3,site_s3,S3,S3,S3
1786255468.340,c1,recommend,6000,0.293,26.47,13.73,3.71,S3,0,,0,200.0,obs,692,26.47,13.73,3.71,S3,26.47,13.73,3.71,S3,26.47,13.73,3.39,S3,5.548,0,S3,site_s3,S3,S3,S3
1786255468.340,c2,reserve,,0.0,26.34,13.67,3.65,S3,0,,0,36.0,obs,347,26.34,13.67,3.65,S3,26.34,13.67,3.65,S3,26.34,13.67,3.52,S3,5.548,0,S3,site_s3,S3,S3,S3
1786255468.340,c2,search,,0.0,31.1,20.71,10.98,S3,0,,0,4474.0,obs,516,31.1,20.71,10.98,S3,31.1,20.71,10.98,S3,31.1,20.71,10.42,S3,5.548,0,S3,site_s3,S3,S3,S3
1786255468.340,c2,recommend,,0.0,26.76,14.03,4.0,S3,0,,0,200.0,obs,692,26.76,14.03,4.0,S3,26.76,14.03,4.0,S3,26.76,14.03,3.68,S3,5.548,0,S3,site_s3,S3,S3,S3
1786255469.339,c1,reserve,6000,0.053,26.29,13.62,3.6,S3,0,,0,36.0,obs,344,26.29,13.62,3.6,S3,26.29,13.62,3.6,S3,26.29,13.62,3.47,S3,5.67,0,S3,site_s3,S3,S3,S3
1786255469.339,c1,search,6000,6.562,24.54,14.15,4.42,S3,0,,0,4474.0,obs,518,24.54,14.15,4.42,S3,24.54,14.15,4.42,S3,24.54,14.15,4.06,S3,5.67,0,S3,site_s3,S3,S3,S3
1786255469.339,c1,recommend,6000,0.293,26.47,13.73,3.71,S3,0,,0,200.0,obs,695,26.47,13.73,3.71,S3,26.47,13.73,3.71,S3,26.47,13.73,3.43,S3,5.67,0,S3,site_s3,S3,S3,S3
1786255469.339,c2,reserve,,0.0,26.34,13.67,3.65,S3,0,,0,36.0,obs,344,26.34,13.67,3.65,S3,26.34,13.67,3.65,S3,26.34,13.67,3.52,S3,5.67,0,S3,site_s3,S3,S3,S3
1786255469.339,c2,search,,0.0,31.1,20.71,10.98,S3,0,,0,4474.0,obs,518,31.1,20.71,10.98,S3,31.1,20.71,10.98,S3,31.1,20.71,10.62,S3,5.67,0,S3,site_s3,S3,S3,S3
1786255469.339,c2,recommend,,0.0,26.76,14.03,4.0,S3,0,,0,200.0,obs,695,26.76,14.03,4.0,S3,26.76,14.03,4.0,S3,26.76,14.03,3.72,S3,5.67,0,S3,site_s3,S3,S3,S3
1786255470.339,c1,reserve,6000,0.053,26.29,13.62,3.6,S3,0,,0,36.0,obs,344,26.29,13.62,3.6,S3,26.29,13.62,3.6,S3,26.29,13.62,3.43,S3,5.521,0,S3,site_s3,S3,S3,S3
1786255470.339,c1,search,6000,6.562,24.54,14.15,4.42,S3,0,,0,4474.0,obs,522,24.54,14.15,4.42,S3,24.54,14.15,4.42,S3,24.54,14.15,4.13,S3,5.521,0,S3,site_s3,S3,S3,S3
1786255470.339,c1,recommend,6000,0.293,26.47,13.73,3.71,S3,0,,0,200.0,obs,693,26.47,13.73,3.71,S3,26.47,13.73,3.71,S3,26.47,13.73,3.52,S3,5.521,0,S3,site_s3,S3,S3,S3
1786255470.339,c2,reserve,,0.0,26.34,13.67,3.65,S3,0,,0,36.0,obs,344,26.34,13.67,3.65,S3,26.34,13.67,3.65,S3,26.34,13.67,3.48,S3,5.521,0,S3,site_s3,S3,S3,S3
1786255470.339,c2,search,,0.0,31.1,20.71,10.98,S3,0,,0,4474.0,obs,522,31.1,20.71,10.98,S3,31.1,20.71,10.98,S3,31.1,20.71,10.69,S3,5.521,0,S3,site_s3,S3,S3,S3
1786255470.339,c2,recommend,,0.0,26.76,14.03,4.0,S3,0,,0,200.0,obs,693,26.76,14.03,4.0,S3,26.76,14.03,4.0,S3,26.76,14.03,3.82,S3,5.521,0,S3,site_s3,S3,S3,S3
1786255471.339,c1,reserve,6000,0.053,26.29,13.62,3.6,S3,0,,0,36.0,obs,348,26.29,13.62,3.6,S3,26.29,13.62,3.6,S3,26.29,13.62,3.43,S3,5.604,0,S3,site_s3,S3,S3,S3
1786255471.339,c1,search,6000,6.562,24.54,14.15,4.42,S3,0,,0,4474.0,obs,520,24.54,14.15,4.42,S3,24.54,14.15,4.42,S3,24.54,14.15,4.13,S3,5.604,0,S3,site_s3,S3,S3,S3
1786255471.339,c1,recommend,6000,0.293,26.47,13.73,3.71,S3,0,,0,200.0,obs,690,26.47,13.73,3.71,S3,26.47,13.73,3.71,S3,26.47,13.73,3.32,S3,5.604,0,S3,site_s3,S3,S3,S3
1786255471.339,c2,reserve,,0.0,26.34,13.67,3.65,S3,0,,0,36.0,obs,348,26.34,13.67,3.65,S3,26.34,13.67,3.65,S3,26.34,13.67,3.48,S3,5.604,0,S3,site_s3,S3,S3,S3
1786255471.339,c2,search,,0.0,31.1,20.71,10.98,S3,0,,0,4474.0,obs,520,31.1,20.71,10.98,S3,31.1,20.71,10.98,S3,31.1,20.71,10.69,S3,5.604,0,S3,site_s3,S3,S3,S3
1786255471.339,c2,recommend,,0.0,26.76,14.03,4.0,S3,0,,0,200.0,obs,690,26.76,14.03,4.0,S3,26.76,14.03,4.0,S3,26.76,14.03,3.62,S3,5.604,0,S3,site_s3,S3,S3,S3
1786255472.339,c1,reserve,6000,0.053,26.29,13.62,3.6,S3,0,,0,36.0,obs,350,26.29,13.62,3.6,S3,26.29,13.62,3.6,S3,26.29,13.62,3.35,S3,5.437,0,S3,site_s3,S3,S3,S3
1786255472.339,c1,search,6000,6.562,24.54,14.15,4.42,S3,0,,0,4474.0,obs,517,24.54,14.15,4.42,S3,24.54,14.15,4.42,S3,24.54,14.15,4.2,S3,5.437,0,S3,site_s3,S3,S3,S3
1786255472.339,c1,recommend,6000,0.293,26.47,13.73,3.71,S3,0,,0,200.0,obs,692,26.47,13.73,3.71,S3,26.47,13.73,3.71,S3,26.47,13.73,3.41,S3,5.437,0,S3,site_s3,S3,S3,S3
1786255472.339,c2,reserve,,0.0,26.34,13.67,3.65,S3,0,,0,36.0,obs,350,26.34,13.67,3.65,S3,26.34,13.67,3.65,S3,26.34,13.67,3.4,S3,5.437,0,S3,site_s3,S3,S3,S3
1786255472.339,c2,search,,0.0,31.1,20.71,10.98,S3,0,,0,4474.0,obs,517,31.1,20.71,10.98,S3,31.1,20.71,10.98,S3,31.1,20.71,10.76,S3,5.437,0,S3,site_s3,S3,S3,S3
1786255472.339,c2,recommend,,0.0,26.76,14.03,4.0,S3,0,,0,200.0,obs,692,26.76,14.03,4.0,S3,26.76,14.03,4.0,S3,26.76,14.03,3.7,S3,5.437,0,S3,site_s3,S3,S3,S3
1786255473.339,c1,reserve,6000,0.053,26.29,13.62,3.6,S3,0,,0,36.0,obs,347,26.29,13.62,3.6,S3,26.29,13.62,3.6,S3,26.29,13.62,3.37,S3,5.637,0,S3,site_s3,S3,S3,S3
1786255473.339,c1,search,6000,6.562,24.54,14.15,4.42,S3,0,,0,4474.0,obs,518,24.54,14.15,4.42,S3,24.54,14.15,4.42,S3,24.54,14.15,4.1,S3,5.637,0,S3,site_s3,S3,S3,S3
1786255473.339,c1,recommend,6000,0.293,26.47,13.73,3.71,S3,0,,0,200.0,obs,697,26.47,13.73,3.71,S3,26.47,13.73,3.71,S3,26.47,13.73,3.5,S3,5.637,0,S3,site_s3,S3,S3,S3
1786255473.339,c2,reserve,,0.0,26.34,13.67,3.65,S3,0,,0,36.0,obs,347,26.34,13.67,3.65,S3,26.34,13.67,3.65,S3,26.34,13.67,3.42,S3,5.637,0,S3,site_s3,S3,S3,S3
1786255473.339,c2,search,,0.0,31.1,20.71,10.98,S3,0,,0,4474.0,obs,518,31.1,20.71,10.98,S3,31.1,20.71,10.98,S3,31.1,20.71,10.66,S3,5.637,0,S3,site_s3,S3,S3,S3
1786255473.339,c2,recommend,,0.0,26.76,14.03,4.0,S3,0,,0,200.0,obs,697,26.76,14.03,4.0,S3,26.76,14.03,4.0,S3,26.76,14.03,3.8,S3,5.637,0,S3,site_s3,S3,S3,S3
1786255474.339,c1,reserve,6000,0.053,26.29,13.62,3.6,S3,0,,0,36.0,obs,344,26.29,13.62,3.6,S3,26.29,13.62,3.6,S3,26.29,13.62,3.4,S3,5.542,0,S3,site_s3,S3,S3,S3
1786255474.339,c1,search,6000,6.562,24.54,14.15,4.42,S3,0,,0,4474.0,obs,520,24.54,14.15,4.42,S3,24.54,14.15,4.42,S3,24.54,14.15,4.06,S3,5.542,0,S3,site_s3,S3,S3,S3
1786255474.339,c1,recommend,6000,0.293,26.47,13.73,3.71,S3,0,,0,200.0,obs,697,26.47,13.73,3.71,S3,26.47,13.73,3.71,S3,26.47,13.73,3.35,S3,5.542,0,S3,site_s3,S3,S3,S3
1786255474.339,c2,reserve,,0.0,26.34,13.67,3.65,S3,0,,0,36.0,obs,344,26.34,13.67,3.65,S3,26.34,13.67,3.65,S3,26.34,13.67,3.46,S3,5.542,0,S3,site_s3,S3,S3,S3
1786255474.339,c2,search,,0.0,31.1,20.71,10.98,S3,0,,0,4474.0,obs,520,31.1,20.71,10.98,S3,31.1,20.71,10.98,S3,31.1,20.71,10.62,S3,5.542,0,S3,site_s3,S3,S3,S3
1786255474.339,c2,recommend,,0.0,26.76,14.03,4.0,S3,0,,0,200.0,obs,697,26.76,14.03,4.0,S3,26.76,14.03,4.0,S3,26.76,14.03,3.64,S3,5.542,0,S3,site_s3,S3,S3,S3
1786255475.339,c1,reserve,6000,0.053,26.29,13.62,3.6,S3,0,,0,36.0,obs,348,26.29,13.62,3.6,S3,26.29,13.62,3.6,S3,26.29,13.62,3.4,S3,5.609,0,S3,site_s3,S3,S3,S3
1786255475.339,c1,search,6000,6.562,24.54,14.15,4.42,S3,0,,0,4474.0,obs,522,24.54,14.15,4.42,S3,24.54,14.15,4.42,S3,24.54,14.15,4.09,S3,5.609,0,S3,site_s3,S3,S3,S3
1786255475.339,c1,recommend,6000,0.293,26.47,13.73,3.71,S3,0,,0,200.0,obs,693,26.47,13.73,3.71,S3,26.47,13.73,3.71,S3,26.47,13.73,3.4,S3,5.609,0,S3,site_s3,S3,S3,S3
1786255475.339,c2,reserve,,0.0,26.34,13.67,3.65,S3,0,,0,36.0,obs,348,26.34,13.67,3.65,S3,26.34,13.67,3.65,S3,26.34,13.67,3.45,S3,5.609,0,S3,site_s3,S3,S3,S3
1786255475.339,c2,search,,0.0,31.1,20.71,10.98,S3,0,,0,4474.0,obs,522,31.1,20.71,10.98,S3,31.1,20.71,10.98,S3,31.1,20.71,10.65,S3,5.609,0,S3,site_s3,S3,S3,S3
1786255475.339,c2,recommend,,0.0,26.76,14.03,4.0,S3,0,,0,200.0,obs,693,26.76,14.03,4.0,S3,26.76,14.03,4.0,S3,26.76,14.03,3.69,S3,5.609,0,S3,site_s3,S3,S3,S3
1786255476.339,c1,reserve,6000,0.053,26.29,13.62,3.6,S3,0,,0,36.0,obs,350,26.29,13.62,3.6,S3,26.29,13.62,3.6,S3,26.29,13.62,3.44,S3,5.751,0,S3,site_s3,S3,S3,S3
1786255476.339,c1,search,6000,6.562,24.54,14.15,4.42,S3,0,,0,4474.0,obs,522,24.54,14.15,4.42,S3,24.54,14.15,4.42,S3,24.54,14.15,4.14,S3,5.751,0,S3,site_s3,S3,S3,S3
1786255476.339,c1,recommend,6000,0.293,26.47,13.73,3.71,S3,0,,0,200.0,obs,692,26.47,13.73,3.71,S3,26.47,13.73,3.71,S3,26.47,13.73,3.49,S3,5.751,0,S3,site_s3,S3,S3,S3
1786255476.339,c2,reserve,,0.0,26.34,13.67,3.65,S3,0,,0,36.0,obs,350,26.34,13.67,3.65,S3,26.34,13.67,3.65,S3,26.34,13.67,3.49,S3,5.751,0,S3,site_s3,S3,S3,S3
1786255476.339,c2,search,,0.0,31.1,20.71,10.98,S3,0,,0,4474.0,obs,522,31.1,20.71,10.98,S3,31.1,20.71,10.98,S3,31.1,20.71,10.71,S3,5.751,0,S3,site_s3,S3,S3,S3
1786255476.339,c2,recommend,,0.0,26.76,14.03,4.0,S3,0,,0,200.0,obs,692,26.76,14.03,4.0,S3,26.76,14.03,4.0,S3,26.76,14.03,3.78,S3,5.751,0,S3,site_s3,S3,S3,S3
1786255477.340,c1,reserve,6000,0.053,26.29,13.62,3.6,S3,0,,0,36.0,obs,349,26.29,13.62,3.6,S3,26.29,13.62,3.6,S3,26.29,13.62,3.29,S3,5.553,0,S3,site_s3,S3,S3,S3
1786255477.340,c1,search,6000,6.562,24.54,14.15,4.42,S3,0,,0,4474.0,obs,519,24.54,14.15,4.42,S3,24.54,14.15,4.42,S3,24.54,14.15,3.87,S3,5.553,0,S3,site_s3,S3,S3,S3
1786255477.340,c1,recommend,6000,0.293,26.47,13.73,3.71,S3,0,,0,200.0,obs,696,26.47,13.73,3.71,S3,26.47,13.73,3.71,S3,26.47,13.73,3.4,S3,5.553,0,S3,site_s3,S3,S3,S3
1786255477.340,c2,reserve,,0.0,26.34,13.67,3.65,S3,0,,0,36.0,obs,349,26.34,13.67,3.65,S3,26.34,13.67,3.65,S3,26.34,13.67,3.34,S3,5.553,0,S3,site_s3,S3,S3,S3
1786255477.340,c2,search,,0.0,31.1,20.71,10.98,S3,0,,0,4474.0,obs,519,31.1,20.71,10.98,S3,31.1,20.71,10.98,S3,31.1,20.71,10.43,S3,5.553,0,S3,site_s3,S3,S3,S3
1786255477.340,c2,recommend,,0.0,26.76,14.03,4.0,S3,0,,0,200.0,obs,696,26.76,14.03,4.0,S3,26.76,14.03,4.0,S3,26.76,14.03,3.69,S3,5.553,0,S3,site_s3,S3,S3,S3
1786255478.339,c1,reserve,6000,0.053,26.29,13.62,3.6,S3,0,,0,36.0,obs,345,26.29,13.62,3.6,S3,26.29,13.62,3.6,S3,26.29,13.62,3.32,S3,5.601,0,S3,site_s3,S3,S3,S3
1786255478.339,c1,search,6000,6.562,24.54,14.15,4.42,S3,0,,0,4474.0,obs,521,24.54,14.15,4.42,S3,24.54,14.15,4.42,S3,24.54,14.15,3.87,S3,5.601,0,S3,site_s3,S3,S3,S3
1786255478.339,c1,recommend,6000,0.293,26.47,13.73,3.71,S3,0,,0,200.0,obs,699,26.47,13.73,3.71,S3,26.47,13.73,3.71,S3,26.47,13.73,3.4,S3,5.601,0,S3,site_s3,S3,S3,S3
1786255478.339,c2,reserve,,0.0,26.34,13.67,3.65,S3,0,,0,36.0,obs,345,26.34,13.67,3.65,S3,26.34,13.67,3.65,S3,26.34,13.67,3.37,S3,5.601,0,S3,site_s3,S3,S3,S3
1786255478.339,c2,search,,0.0,31.1,20.71,10.98,S3,0,,0,4474.0,obs,521,31.1,20.71,10.98,S3,31.1,20.71,10.98,S3,31.1,20.71,10.43,S3,5.601,0,S3,site_s3,S3,S3,S3
1786255478.339,c2,recommend,,0.0,26.76,14.03,4.0,S3,0,,0,200.0,obs,699,26.76,14.03,4.0,S3,26.76,14.03,4.0,S3,26.76,14.03,3.69,S3,5.601,0,S3,site_s3,S3,S3,S3
1786255479.339,c1,reserve,6000,0.053,26.29,13.62,3.6,S3,0,,0,36.0,obs,345,26.29,13.62,3.6,S3,26.29,13.62,3.6,S3,26.29,13.62,3.55,S3,5.583,0,S3,site_s3,S3,S3,S3
1786255479.339,c1,search,6000,6.562,24.54,14.15,4.42,S3,0,,0,4474.0,obs,524,24.54,14.15,4.42,S3,24.54,14.15,4.42,S3,24.54,14.15,4.02,S3,5.583,0,S3,site_s3,S3,S3,S3
1786255479.339,c1,recommend,6000,0.293,26.47,13.73,3.71,S3,0,,0,200.0,obs,696,26.47,13.73,3.71,S3,26.47,13.73,3.71,S3,26.47,13.73,3.36,S3,5.583,0,S3,site_s3,S3,S3,S3
1786255479.339,c2,reserve,,0.0,26.34,13.67,3.65,S3,0,,0,36.0,obs,345,26.34,13.67,3.65,S3,26.34,13.67,3.65,S3,26.34,13.67,3.61,S3,5.583,0,S3,site_s3,S3,S3,S3
1786255479.339,c2,search,,0.0,31.1,20.71,10.98,S3,0,,0,4474.0,obs,524,31.1,20.71,10.98,S3,31.1,20.71,10.98,S3,31.1,20.71,10.58,S3,5.583,0,S3,site_s3,S3,S3,S3
1786255479.339,c2,recommend,,0.0,26.76,14.03,4.0,S3,0,,0,200.0,obs,696,26.76,14.03,4.0,S3,26.76,14.03,4.0,S3,26.76,14.03,3.66,S3,5.583,0,S3,site_s3,S3,S3,S3
1786255480.340,c1,reserve,6000,0.053,26.29,13.62,3.6,S3,0,,0,36.0,obs,350,26.29,13.62,3.6,S3,26.29,13.62,3.6,S3,26.29,13.62,3.34,S3,5.62,0,S3,site_s3,S3,S3,S3
1786255480.340,c1,search,6000,6.562,24.54,14.15,4.42,S3,0,,0,4474.0,obs,523,24.54,14.15,4.42,S3,24.54,14.15,4.42,S3,24.54,14.15,3.99,S3,5.62,0,S3,site_s3,S3,S3,S3
1786255480.340,c1,recommend,6000,0.293,26.47,13.73,3.71,S3,0,,0,200.0,obs,694,26.47,13.73,3.71,S3,26.47,13.73,3.71,S3,26.47,13.73,3.35,S3,5.62,0,S3,site_s3,S3,S3,S3
1786255480.340,c2,reserve,,0.0,26.34,13.67,3.65,S3,0,,0,36.0,obs,350,26.34,13.67,3.65,S3,26.34,13.67,3.65,S3,26.34,13.67,3.39,S3,5.62,0,S3,site_s3,S3,S3,S3
1786255480.340,c2,search,,0.0,31.1,20.71,10.98,S3,0,,0,4474.0,obs,523,31.1,20.71,10.98,S3,31.1,20.71,10.98,S3,31.1,20.71,10.55,S3,5.62,0,S3,site_s3,S3,S3,S3
1786255480.340,c2,recommend,,0.0,26.76,14.03,4.0,S3,0,,0,200.0,obs,694,26.76,14.03,4.0,S3,26.76,14.03,4.0,S3,26.76,14.03,3.64,S3,5.62,0,S3,site_s3,S3,S3,S3
1786255481.340,c1,reserve,6000,0.053,26.29,13.62,3.6,S3,0,,0,36.0,obs,352,26.29,13.62,3.6,S3,26.29,13.62,3.6,S3,26.29,13.62,3.28,S3,5.552,0,S3,site_s3,S3,S3,S3
1786255481.340,c1,search,6000,6.562,24.54,14.15,4.42,S3,0,,0,4474.0,obs,520,24.54,14.15,4.42,S3,24.54,14.15,4.42,S3,24.54,14.15,3.98,S3,5.552,0,S3,site_s3,S3,S3,S3
1786255481.340,c1,recommend,6000,0.293,26.47,13.73,3.71,S3,0,,0,200.0,obs,696,26.47,13.73,3.71,S3,26.47,13.73,3.71,S3,26.47,13.73,3.4,S3,5.552,0,S3,site_s3,S3,S3,S3
1786255481.340,c2,reserve,,0.0,26.34,13.67,3.65,S3,0,,0,36.0,obs,352,26.34,13.67,3.65,S3,26.34,13.67,3.65,S3,26.34,13.67,3.33,S3,5.552,0,S3,site_s3,S3,S3,S3
1786255481.340,c2,search,,0.0,31.1,20.71,10.98,S3,0,,0,4474.0,obs,520,31.1,20.71,10.98,S3,31.1,20.71,10.98,S3,31.1,20.71,10.55,S3,5.552,0,S3,site_s3,S3,S3,S3
1786255481.340,c2,recommend,,0.0,26.76,14.03,4.0,S3,0,,0,200.0,obs,696,26.76,14.03,4.0,S3,26.76,14.03,4.0,S3,26.76,14.03,3.69,S3,5.552,0,S3,site_s3,S3,S3,S3
1786255482.339,c1,reserve,6000,0.053,26.29,13.62,3.6,S3,0,,0,36.0,obs,348,26.29,13.62,3.6,S3,26.29,13.62,3.6,S3,26.29,13.62,3.45,S3,5.691,0,S3,site_s3,S3,S3,S3
1786255482.339,c1,search,6000,6.562,24.54,14.15,4.42,S3,0,,0,4474.0,obs,520,24.54,14.15,4.42,S3,24.54,14.15,4.42,S3,24.54,14.15,4.0,S3,5.691,0,S3,site_s3,S3,S3,S3
1786255482.339,c1,recommend,6000,0.293,26.47,13.73,3.71,S3,0,,0,200.0,obs,701,26.47,13.73,3.71,S3,26.47,13.73,3.71,S3,26.47,13.73,3.44,S3,5.691,0,S3,site_s3,S3,S3,S3
1786255482.339,c2,reserve,,0.0,26.34,13.67,3.65,S3,0,,0,36.0,obs,348,26.34,13.67,3.65,S3,26.34,13.67,3.65,S3,26.34,13.67,3.51,S3,5.691,0,S3,site_s3,S3,S3,S3
1786255482.339,c2,search,,0.0,31.1,20.71,10.98,S3,0,,0,4474.0,obs,520,31.1,20.71,10.98,S3,31.1,20.71,10.98,S3,31.1,20.71,10.56,S3,5.691,0,S3,site_s3,S3,S3,S3
1786255482.339,c2,recommend,,0.0,26.76,14.03,4.0,S3,0,,0,200.0,obs,701,26.76,14.03,4.0,S3,26.76,14.03,4.0,S3,26.76,14.03,3.74,S3,5.691,0,S3,site_s3,S3,S3,S3
1786255483.339,c1,reserve,6000,0.053,26.29,13.62,3.6,S3,0,,0,36.0,obs,346,26.29,13.62,3.6,S3,26.29,13.62,3.6,S3,26.29,13.62,3.43,S3,5.502,0,S3,site_s3,S3,S3,S3
1786255483.339,c1,search,6000,6.562,24.54,14.15,4.42,S3,0,,0,4474.0,obs,523,24.54,14.15,4.42,S3,24.54,14.15,4.42,S3,24.54,14.15,4.04,S3,5.502,0,S3,site_s3,S3,S3,S3
1786255483.339,c1,recommend,6000,0.293,26.47,13.73,3.71,S3,0,,0,200.0,obs,701,26.47,13.73,3.71,S3,26.47,13.73,3.71,S3,26.47,13.73,3.38,S3,5.502,0,S3,site_s3,S3,S3,S3
1786255483.339,c2,reserve,,0.0,26.34,13.67,3.65,S3,0,,0,36.0,obs,346,26.34,13.67,3.65,S3,26.34,13.67,3.65,S3,26.34,13.67,3.48,S3,5.502,0,S3,site_s3,S3,S3,S3
1786255483.339,c2,search,,0.0,31.1,20.71,10.98,S3,0,,0,4474.0,obs,523,31.1,20.71,10.98,S3,31.1,20.71,10.98,S3,31.1,20.71,10.6,S3,5.502,0,S3,site_s3,S3,S3,S3
1786255483.339,c2,recommend,,0.0,26.76,14.03,4.0,S3,0,,0,200.0,obs,701,26.76,14.03,4.0,S3,26.76,14.03,4.0,S3,26.76,14.03,3.67,S3,5.502,0,S3,site_s3,S3,S3,S3
1786255484.340,c1,reserve,6000,0.053,26.29,13.62,3.6,S3,0,,0,36.0,obs,349,26.29,13.62,3.6,S3,26.29,13.62,3.6,S3,26.29,13.62,3.37,S3,5.582,0,S3,site_s3,S3,S3,S3
1786255484.340,c1,search,6000,6.562,24.54,14.15,4.42,S3,0,,0,4474.0,obs,525,24.54,14.15,4.42,S3,24.54,14.15,4.42,S3,24.54,14.15,4.11,S3,5.582,0,S3,site_s3,S3,S3,S3
1786255484.340,c1,recommend,6000,0.293,26.47,13.73,3.71,S3,0,,0,200.0,obs,697,26.47,13.73,3.71,S3,26.47,13.73,3.71,S3,26.47,13.73,3.39,S3,5.582,0,S3,site_s3,S3,S3,S3
1786255484.340,c2,reserve,,0.0,26.34,13.67,3.65,S3,0,,0,36.0,obs,349,26.34,13.67,3.65,S3,26.34,13.67,3.65,S3,26.34,13.67,3.42,S3,5.582,0,S3,site_s3,S3,S3,S3
1786255484.340,c2,search,,0.0,31.1,20.71,10.98,S3,0,,0,4474.0,obs,525,31.1,20.71,10.98,S3,31.1,20.71,10.98,S3,31.1,20.71,10.67,S3,5.582,0,S3,site_s3,S3,S3,S3
1786255484.340,c2,recommend,,0.0,26.76,14.03,4.0,S3,0,,0,200.0,obs,697,26.76,14.03,4.0,S3,26.76,14.03,4.0,S3,26.76,14.03,3.68,S3,5.582,0,S3,site_s3,S3,S3,S3
1786255485.340,c1,reserve,6000,0.053,26.29,13.62,3.6,S3,0,,0,36.0,obs,352,26.29,13.62,3.6,S3,26.29,13.62,3.6,S3,26.29,13.62,3.27,S3,5.666,0,S3,site_s3,S3,S3,S3
1786255485.340,c1,search,6000,6.562,24.54,14.15,4.42,S3,0,,0,4474.0,obs,524,24.54,14.15,4.42,S3,24.54,14.15,4.42,S3,24.54,14.15,4.02,S3,5.666,0,S3,site_s3,S3,S3,S3
1786255485.340,c1,recommend,6000,0.293,26.47,13.73,3.71,S3,0,,0,200.0,obs,695,26.47,13.73,3.71,S3,26.47,13.73,3.71,S3,26.47,13.73,3.33,S3,5.666,0,S3,site_s3,S3,S3,S3
1786255485.340,c2,reserve,,0.0,26.34,13.67,3.65,S3,0,,0,36.0,obs,352,26.34,13.67,3.65,S3,26.34,13.67,3.65,S3,26.34,13.67,3.32,S3,5.666,0,S3,site_s3,S3,S3,S3
1786255485.340,c2,search,,0.0,31.1,20.71,10.98,S3,0,,0,4474.0,obs,524,31.1,20.71,10.98,S3,31.1,20.71,10.98,S3,31.1,20.71,10.58,S3,5.666,0,S3,site_s3,S3,S3,S3
1786255485.340,c2,recommend,,0.0,26.76,14.03,4.0,S3,0,,0,200.0,obs,695,26.76,14.03,4.0,S3,26.76,14.03,4.0,S3,26.76,14.03,3.62,S3,5.666,0,S3,site_s3,S3,S3,S3
1786255486.339,c1,reserve,6000,0.053,26.29,13.62,3.6,S3,0,,0,36.0,obs,351,26.29,13.62,3.6,S3,26.29,13.62,3.6,S3,26.29,13.62,3.23,S3,5.556,0,S3,site_s3,S3,S3,S3
1786255486.339,c1,search,6000,6.562,24.54,14.15,4.42,S3,0,,0,4474.0,obs,522,24.54,14.15,4.42,S3,24.54,14.15,4.42,S3,24.54,14.15,3.86,S3,5.556,0,S3,site_s3,S3,S3,S3
1786255486.339,c1,recommend,6000,0.293,26.47,13.73,3.71,S3,0,,0,200.0,obs,700,26.47,13.73,3.71,S3,26.47,13.73,3.71,S3,26.47,13.73,3.25,S3,5.556,0,S3,site_s3,S3,S3,S3
1786255486.339,c2,reserve,,0.0,26.34,13.67,3.65,S3,0,,0,36.0,obs,351,26.34,13.67,3.65,S3,26.34,13.67,3.65,S3,26.34,13.67,3.28,S3,5.556,0,S3,site_s3,S3,S3,S3
1786255486.339,c2,search,,0.0,31.1,20.71,10.98,S3,0,,0,4474.0,obs,522,31.1,20.71,10.98,S3,31.1,20.71,10.98,S3,31.1,20.71,10.42,S3,5.556,0,S3,site_s3,S3,S3,S3
1786255486.339,c2,recommend,,0.0,26.76,14.03,4.0,S3,0,,0,200.0,obs,700,26.76,14.03,4.0,S3,26.76,14.03,4.0,S3,26.76,14.03,3.55,S3,5.556,0,S3,site_s3,S3,S3,S3
1786255487.339,c1,reserve,6000,0.053,26.29,13.62,3.6,S3,0,,0,36.0,obs,347,26.29,13.62,3.6,S3,26.29,13.62,3.6,S3,26.29,13.62,3.23,S3,5.63,0,S3,site_s3,S3,S3,S3
1786255487.339,c1,search,6000,6.562,24.54,14.15,4.42,S3,0,,0,4474.0,obs,524,24.54,14.15,4.42,S3,24.54,14.15,4.42,S3,24.54,14.15,3.85,S3,5.63,0,S3,site_s3,S3,S3,S3
1786255487.339,c1,recommend,6000,0.293,26.47,13.73,3.71,S3,0,,0,200.0,obs,703,26.47,13.73,3.71,S3,26.47,13.73,3.71,S3,26.47,13.73,3.29,S3,5.63,0,S3,site_s3,S3,S3,S3
1786255487.339,c2,reserve,,0.0,26.34,13.67,3.65,S3,0,,0,36.0,obs,347,26.34,13.67,3.65,S3,26.34,13.67,3.65,S3,26.34,13.67,3.28,S3,5.63,0,S3,site_s3,S3,S3,S3
1786255487.339,c2,search,,0.0,31.1,20.71,10.98,S3,0,,0,4474.0,obs,524,31.1,20.71,10.98,S3,31.1,20.71,10.98,S3,31.1,20.71,10.41,S3,5.63,0,S3,site_s3,S3,S3,S3
1786255487.339,c2,recommend,,0.0,26.76,14.03,4.0,S3,0,,0,200.0,obs,703,26.76,14.03,4.0,S3,26.76,14.03,4.0,S3,26.76,14.03,3.58,S3,5.63,0,S3,site_s3,S3,S3,S3
1786255488.340,c1,reserve,6000,0.053,26.29,13.62,3.6,S3,0,,0,36.0,obs,347,26.29,13.62,3.6,S3,26.29,13.62,3.6,S3,26.29,13.62,3.34,S3,5.664,0,S3,site_s3,S3,S3,S3
1786255488.340,c1,search,6000,6.562,24.54,14.15,4.42,S3,0,,0,4474.0,obs,526,24.54,14.15,4.42,S3,24.54,14.15,4.42,S3,24.54,14.15,4.02,S3,5.664,0,S3,site_s3,S3,S3,S3
1786255488.340,c1,recommend,6000,0.293,26.47,13.73,3.71,S3,0,,0,200.0,obs,699,26.47,13.73,3.71,S3,26.47,13.73,3.71,S3,26.47,13.73,3.39,S3,5.664,0,S3,site_s3,S3,S3,S3
1786255488.340,c2,reserve,,0.0,26.34,13.67,3.65,S3,0,,0,36.0,obs,347,26.34,13.67,3.65,S3,26.34,13.67,3.65,S3,26.34,13.67,3.39,S3,5.664,0,S3,site_s3,S3,S3,S3
1786255488.340,c2,search,,0.0,31.1,20.71,10.98,S3,0,,0,4474.0,obs,526,31.1,20.71,10.98,S3,31.1,20.71,10.98,S3,31.1,20.71,10.58,S3,5.664,0,S3,site_s3,S3,S3,S3
1786255488.340,c2,recommend,,0.0,26.76,14.03,4.0,S3,0,,0,200.0,obs,699,26.76,14.03,4.0,S3,26.76,14.03,4.0,S3,26.76,14.03,3.68,S3,5.664,0,S3,site_s3,S3,S3,S3
1786255489.340,c1,reserve,6000,0.053,26.29,13.62,3.6,S3,0,,0,36.0,obs,352,26.29,13.62,3.6,S3,26.29,13.62,3.6,S3,26.29,13.62,3.49,S3,5.7,0,S3,site_s3,S3,S3,S3
1786255489.340,c1,search,6000,6.562,24.54,14.15,4.42,S3,0,,0,4474.0,obs,525,24.54,14.15,4.42,S3,24.54,14.15,4.42,S3,24.54,14.15,4.05,S3,5.7,0,S3,site_s3,S3,S3,S3
1786255489.340,c1,recommend,6000,0.293,26.47,13.73,3.71,S3,0,,0,200.0,obs,698,26.47,13.73,3.71,S3,26.47,13.73,3.71,S3,26.47,13.73,3.49,S3,5.7,0,S3,site_s3,S3,S3,S3
1786255489.340,c2,reserve,,0.0,26.34,13.67,3.65,S3,0,,0,36.0,obs,352,26.34,13.67,3.65,S3,26.34,13.67,3.65,S3,26.34,13.67,3.54,S3,5.7,0,S3,site_s3,S3,S3,S3
1786255489.340,c2,search,,0.0,31.1,20.71,10.98,S3,0,,0,4474.0,obs,525,31.1,20.71,10.98,S3,31.1,20.71,10.98,S3,31.1,20.71,10.61,S3,5.7,0,S3,site_s3,S3,S3,S3
1786255489.340,c2,recommend,,0.0,26.76,14.03,4.0,S3,0,,0,200.0,obs,698,26.76,14.03,4.0,S3,26.76,14.03,4.0,S3,26.76,14.03,3.78,S3,5.7,0,S3,site_s3,S3,S3,S3
1786255490.339,c1,reserve,6000,0.053,26.29,13.62,3.6,S3,0,,0,36.0,obs,354,26.29,13.62,3.6,S3,26.29,13.62,3.6,S3,26.29,13.62,3.35,S3,5.481,0,S3,site_s3,S3,S3,S3
1786255490.339,c1,search,6000,6.562,24.54,14.15,4.42,S3,0,,0,4474.0,obs,523,24.54,14.15,4.42,S3,24.54,14.15,4.42,S3,24.54,14.15,4.14,S3,5.481,0,S3,site_s3,S3,S3,S3
1786255490.339,c1,recommend,6000,0.293,26.47,13.73,3.71,S3,0,,0,200.0,obs,698,26.47,13.73,3.71,S3,26.47,13.73,3.71,S3,26.47,13.73,3.4,S3,5.481,0,S3,site_s3,S3,S3,S3
1786255490.339,c2,reserve,,0.0,26.34,13.67,3.65,S3,0,,0,36.0,obs,354,26.34,13.67,3.65,S3,26.34,13.67,3.65,S3,26.34,13.67,3.4,S3,5.481,0,S3,site_s3,S3,S3,S3
1786255490.339,c2,search,,0.0,31.1,20.71,10.98,S3,0,,0,4474.0,obs,523,31.1,20.71,10.98,S3,31.1,20.71,10.98,S3,31.1,20.71,10.7,S3,5.481,0,S3,site_s3,S3,S3,S3
1786255490.339,c2,recommend,,0.0,26.76,14.03,4.0,S3,0,,0,200.0,obs,698,26.76,14.03,4.0,S3,26.76,14.03,4.0,S3,26.76,14.03,3.7,S3,5.481,0,S3,site_s3,S3,S3,S3
1786255491.339,c1,reserve,6000,0.053,26.29,13.62,3.6,S3,0,,0,36.0,obs,351,26.29,13.62,3.6,S3,26.29,13.62,3.6,S3,26.29,13.62,3.42,S3,5.725,0,S3,site_s3,S3,S3,S3
1786255491.339,c1,search,6000,6.562,24.54,14.15,4.42,S3,0,,0,4474.0,obs,522,24.54,14.15,4.42,S3,24.54,14.15,4.42,S3,24.54,14.15,4.15,S3,5.725,0,S3,site_s3,S3,S3,S3
1786255491.339,c1,recommend,6000,0.293,26.47,13.73,3.71,S3,0,,0,200.0,obs,704,26.47,13.73,3.71,S3,26.47,13.73,3.71,S3,26.47,13.73,3.45,S3,5.725,0,S3,site_s3,S3,S3,S3
1786255491.339,c2,reserve,,0.0,26.34,13.67,3.65,S3,0,,0,36.0,obs,351,26.34,13.67,3.65,S3,26.34,13.67,3.65,S3,26.34,13.67,3.48,S3,5.725,0,S3,site_s3,S3,S3,S3
1786255491.339,c2,search,,0.0,31.1,20.71,10.98,S3,0,,0,4474.0,obs,522,31.1,20.71,10.98,S3,31.1,20.71,10.98,S3,31.1,20.71,10.71,S3,5.725,0,S3,site_s3,S3,S3,S3
1786255491.339,c2,recommend,,0.0,26.76,14.03,4.0,S3,0,,0,200.0,obs,704,26.76,14.03,4.0,S3,26.76,14.03,4.0,S3,26.76,14.03,3.74,S3,5.725,0,S3,site_s3,S3,S3,S3
1786255492.339,c1,reserve,6000,0.053,26.29,13.62,3.6,S3,0,,0,36.0,obs,347,26.29,13.62,3.6,S3,26.29,13.62,3.6,S3,26.29,13.62,3.45,S3,5.455,0,S3,site_s3,S3,S3,S3
1786255492.339,c1,search,6000,6.562,24.54,14.15,4.42,S3,0,,0,4474.0,obs,526,24.54,14.15,4.42,S3,24.54,14.15,4.42,S3,24.54,14.15,4.1,S3,5.455,0,S3,site_s3,S3,S3,S3
1786255492.339,c1,recommend,6000,0.293,26.47,13.73,3.71,S3,0,,0,200.0,obs,705,26.47,13.73,3.71,S3,26.47,13.73,3.71,S3,26.47,13.73,3.47,S3,5.455,0,S3,site_s3,S3,S3,S3
1786255492.339,c2,reserve,,0.0,26.34,13.67,3.65,S3,0,,0,36.0,obs,347,26.34,13.67,3.65,S3,26.34,13.67,3.65,S3,26.34,13.67,3.5,S3,5.455,0,S3,site_s3,S3,S3,S3
1786255492.339,c2,search,,0.0,31.1,20.71,10.98,S3,0,,0,4474.0,obs,526,31.1,20.71,10.98,S3,31.1,20.71,10.98,S3,31.1,20.71,10.66,S3,5.455,0,S3,site_s3,S3,S3,S3
1786255492.339,c2,recommend,,0.0,26.76,14.03,4.0,S3,0,,0,200.0,obs,705,26.76,14.03,4.0,S3,26.76,14.03,4.0,S3,26.76,14.03,3.77,S3,5.455,0,S3,site_s3,S3,S3,S3
1786255493.339,c1,reserve,6000,0.053,26.29,13.62,3.6,S3,0,,0,36.0,obs,350,26.29,13.62,3.6,S3,26.29,13.62,3.6,S3,26.29,13.62,3.45,S3,5.581,0,S3,site_s3,S3,S3,S3
1786255493.339,c1,search,6000,6.562,24.54,14.15,4.42,S3,0,,0,4474.0,obs,528,24.54,14.15,4.42,S3,24.54,14.15,4.42,S3,24.54,14.15,4.17,S3,5.581,0,S3,site_s3,S3,S3,S3
1786255493.339,c1,recommend,6000,0.293,26.47,13.73,3.71,S3,0,,0,200.0,obs,701,26.47,13.73,3.71,S3,26.47,13.73,3.71,S3,26.47,13.73,3.41,S3,5.581,0,S3,site_s3,S3,S3,S3
1786255493.339,c2,reserve,,0.0,26.34,13.67,3.65,S3,0,,0,36.0,obs,350,26.34,13.67,3.65,S3,26.34,13.67,3.65,S3,26.34,13.67,3.5,S3,5.581,0,S3,site_s3,S3,S3,S3
1786255493.339,c2,search,,0.0,31.1,20.71,10.98,S3,0,,0,4474.0,obs,528,31.1,20.71,10.98,S3,31.1,20.71,10.98,S3,31.1,20.71,10.73,S3,5.581,0,S3,site_s3,S3,S3,S3
1786255493.339,c2,recommend,,0.0,26.76,14.03,4.0,S3,0,,0,200.0,obs,701,26.76,14.03,4.0,S3,26.76,14.03,4.0,S3,26.76,14.03,3.7,S3,5.581,0,S3,site_s3,S3,S3,S3
1786255494.339,c1,reserve,6000,0.053,26.29,13.62,3.6,S3,0,,0,36.0,obs,336,26.29,13.62,3.6,S3,26.29,13.62,3.6,S3,26.29,13.62,3.46,S3,5.253,0,S3,site_s3,S3,S3,S3
1786255494.339,c1,search,6000,6.562,24.54,14.15,4.42,S3,0,,0,4474.0,obs,498,24.54,14.15,4.42,S3,24.54,14.15,4.42,S3,24.54,14.15,4.12,S3,5.253,0,S3,site_s3,S3,S3,S3
1786255494.339,c1,recommend,6000,0.293,26.47,13.73,3.71,S3,0,,0,200.0,obs,666,26.47,13.73,3.71,S3,26.47,13.73,3.71,S3,26.47,13.73,3.5,S3,5.253,0,S3,site_s3,S3,S3,S3
1786255494.339,c2,reserve,,0.0,26.34,13.67,3.65,S3,0,,0,36.0,obs,336,26.34,13.67,3.65,S3,26.34,13.67,3.65,S3,26.34,13.67,3.51,S3,5.253,0,S3,site_s3,S3,S3,S3
1786255494.339,c2,search,,0.0,31.1,20.71,10.98,S3,0,,0,4474.0,obs,498,31.1,20.71,10.98,S3,31.1,20.71,10.98,S3,31.1,20.71,10.68,S3,5.253,0,S3,site_s3,S3,S3,S3
1786255494.339,c2,recommend,,0.0,26.76,14.03,4.0,S3,0,,0,200.0,obs,666,26.76,14.03,4.0,S3,26.76,14.03,4.0,S3,26.76,14.03,3.79,S3,5.253,0,S3,site_s3,S3,S3,S3
1786255495.339,c1,reserve,6000,0.053,26.29,13.62,3.6,S3,0,,0,36.0,obs,332,26.29,13.62,3.6,S3,26.29,13.62,3.6,S3,26.29,13.62,3.42,S3,5.535,0,S3,site_s3,S3,S3,S3
1786255495.339,c1,search,6000,6.562,24.54,14.15,4.42,S3,0,,0,4474.0,obs,500,24.54,14.15,4.42,S3,24.54,14.15,4.42,S3,24.54,14.15,4.09,S3,5.535,0,S3,site_s3,S3,S3,S3
1786255495.339,c1,recommend,6000,0.293,26.47,13.73,3.71,S3,0,,0,200.0,obs,669,26.47,13.73,3.71,S3,26.47,13.73,3.71,S3,26.47,13.73,3.5,S3,5.535,0,S3,site_s3,S3,S3,S3
1786255495.339,c2,reserve,,0.0,26.34,13.67,3.65,S3,0,,0,36.0,obs,332,26.34,13.67,3.65,S3,26.34,13.67,3.65,S3,26.34,13.67,3.47,S3,5.535,0,S3,site_s3,S3,S3,S3
1786255495.339,c2,search,,0.0,31.1,20.71,10.98,S3,0,,0,4474.0,obs,500,31.1,20.71,10.98,S3,31.1,20.71,10.98,S3,31.1,20.71,10.65,S3,5.535,0,S3,site_s3,S3,S3,S3
1786255495.339,c2,recommend,,0.0,26.76,14.03,4.0,S3,0,,0,200.0,obs,669,26.76,14.03,4.0,S3,26.76,14.03,4.0,S3,26.76,14.03,3.79,S3,5.535,0,S3,site_s3,S3,S3,S3
1786255496.339,c1,reserve,6000,0.053,26.29,13.62,3.6,S3,0,,0,36.0,obs,332,26.29,13.62,3.6,S3,26.29,13.62,3.6,S3,26.29,13.62,3.37,S3,5.671,0,S3,site_s3,S3,S3,S3
1786255496.339,c1,search,6000,6.562,24.54,14.15,4.42,S3,0,,0,4474.0,obs,500,24.54,14.15,4.42,S3,24.54,14.15,4.42,S3,24.54,14.15,4.12,S3,5.671,0,S3,site_s3,S3,S3,S3
1786255496.339,c1,recommend,6000,0.293,26.47,13.73,3.71,S3,0,,0,200.0,obs,669,26.47,13.73,3.71,S3,26.47,13.73,3.71,S3,26.47,13.73,3.49,S3,5.671,0,S3,site_s3,S3,S3,S3
1786255496.339,c2,reserve,,0.0,26.34,13.67,3.65,S3,0,,0,36.0,obs,332,26.34,13.67,3.65,S3,26.34,13.67,3.65,S3,26.34,13.67,3.42,S3,5.671,0,S3,site_s3,S3,S3,S3
1786255496.339,c2,search,,0.0,31.1,20.71,10.98,S3,0,,0,4474.0,obs,500,31.1,20.71,10.98,S3,31.1,20.71,10.98,S3,31.1,20.71,10.68,S3,5.671,0,S3,site_s3,S3,S3,S3
1786255496.339,c2,recommend,,0.0,26.76,14.03,4.0,S3,0,,0,200.0,obs,669,26.76,14.03,4.0,S3,26.76,14.03,4.0,S3,26.76,14.03,3.78,S3,5.671,0,S3,site_s3,S3,S3,S3
1786255497.340,c1,reserve,6000,0.053,26.29,13.62,3.6,S3,0,,0,36.0,obs,333,26.29,13.62,3.6,S3,26.29,13.62,3.6,S3,26.29,13.62,3.37,S3,5.7,0,S3,site_s3,S3,S3,S3
1786255497.340,c1,search,6000,6.562,24.54,14.15,4.42,S3,0,,0,4474.0,obs,502,24.54,14.15,4.42,S3,24.54,14.15,4.42,S3,24.54,14.15,3.97,S3,5.7,0,S3,site_s3,S3,S3,S3
1786255497.340,c1,recommend,6000,0.293,26.47,13.73,3.71,S3,0,,0,200.0,obs,666,26.47,13.73,3.71,S3,26.47,13.73,3.71,S3,26.47,13.73,3.32,S3,5.7,0,S3,site_s3,S3,S3,S3
1786255497.340,c2,reserve,,0.0,26.34,13.67,3.65,S3,0,,0,36.0,obs,333,26.34,13.67,3.65,S3,26.34,13.67,3.65,S3,26.34,13.67,3.42,S3,5.7,0,S3,site_s3,S3,S3,S3
1786255497.340,c2,search,,0.0,31.1,20.71,10.98,S3,0,,0,4474.0,obs,502,31.1,20.71,10.98,S3,31.1,20.71,10.98,S3,31.1,20.71,10.53,S3,5.7,0,S3,site_s3,S3,S3,S3
1786255497.340,c2,recommend,,0.0,26.76,14.03,4.0,S3,0,,0,200.0,obs,666,26.76,14.03,4.0,S3,26.76,14.03,4.0,S3,26.76,14.03,3.62,S3,5.7,0,S3,site_s3,S3,S3,S3
1786255498.340,c1,reserve,6000,0.053,26.29,13.62,3.6,S3,0,,0,36.0,obs,337,26.29,13.62,3.6,S3,26.29,13.62,3.6,S3,26.29,13.62,3.3,S3,5.667,0,S3,site_s3,S3,S3,S3
1786255498.340,c1,search,6000,6.562,24.54,14.15,4.42,S3,0,,0,4474.0,obs,500,24.54,14.15,4.42,S3,24.54,14.15,4.42,S3,24.54,14.15,4.05,S3,5.667,0,S3,site_s3,S3,S3,S3
1786255498.340,c1,recommend,6000,0.293,26.47,13.73,3.71,S3,0,,0,200.0,obs,667,26.47,13.73,3.71,S3,26.47,13.73,3.71,S3,26.47,13.73,3.41,S3,5.667,0,S3,site_s3,S3,S3,S3
1786255498.340,c2,reserve,,0.0,26.34,13.67,3.65,S3,0,,0,36.0,obs,337,26.34,13.67,3.65,S3,26.34,13.67,3.65,S3,26.34,13.67,3.36,S3,5.667,0,S3,site_s3,S3,S3,S3
1786255498.340,c2,search,,0.0,31.1,20.71,10.98,S3,0,,0,4474.0,obs,500,31.1,20.71,10.98,S3,31.1,20.71,10.98,S3,31.1,20.71,10.61,S3,5.667,0,S3,site_s3,S3,S3,S3
1786255498.340,c2,recommend,,0.0,26.76,14.03,4.0,S3,0,,0,200.0,obs,667,26.76,14.03,4.0,S3,26.76,14.03,4.0,S3,26.76,14.03,3.7,S3,5.667,0,S3,site_s3,S3,S3,S3
1786255499.339,c1,reserve,6000,0.053,26.29,13.62,3.6,S3,0,,0,36.0,obs,335,26.29,13.62,3.6,S3,26.29,13.62,3.6,S3,26.29,13.62,3.27,S3,5.479,0,S3,site_s3,S3,S3,S3
1786255499.339,c1,search,6000,6.562,24.54,14.15,4.42,S3,0,,0,4474.0,obs,498,24.54,14.15,4.42,S3,24.54,14.15,4.42,S3,24.54,14.15,4.21,S3,5.479,0,S3,site_s3,S3,S3,S3
1786255499.339,c1,recommend,6000,0.293,26.47,13.73,3.71,S3,0,,0,200.0,obs,669,26.47,13.73,3.71,S3,26.47,13.73,3.71,S3,26.47,13.73,3.51,S3,5.479,0,S3,site_s3,S3,S3,S3
1786255499.339,c2,reserve,,0.0,26.34,13.67,3.65,S3,0,,0,36.0,obs,335,26.34,13.67,3.65,S3,26.34,13.67,3.65,S3,26.34,13.67,3.33,S3,5.479,0,S3,site_s3,S3,S3,S3
1786255499.339,c2,search,,0.0,31.1,20.71,10.98,S3,0,,0,4474.0,obs,498,31.1,20.71,10.98,S3,31.1,20.71,10.98,S3,31.1,20.71,10.77,S3,5.479,0,S3,site_s3,S3,S3,S3
1786255499.339,c2,recommend,,0.0,26.76,14.03,4.0,S3,0,,0,200.0,obs,669,26.76,14.03,4.0,S3,26.76,14.03,4.0,S3,26.76,14.03,3.81,S3,5.479,0,S3,site_s3,S3,S3,S3
1786255500.339,c1,reserve,6000,0.053,26.29,13.62,3.6,S3,0,,0,36.0,obs,333,26.29,13.62,3.6,S3,26.29,13.62,3.6,S3,26.29,13.62,3.36,S3,5.594,0,S3,site_s3,S3,S3,S3
1786255500.339,c1,search,6000,6.562,24.54,14.15,4.42,S3,0,,0,4474.0,obs,500,24.54,14.15,4.42,S3,24.54,14.15,4.42,S3,24.54,14.15,4.0,S3,5.594,0,S3,site_s3,S3,S3,S3
1786255500.339,c1,recommend,6000,0.293,26.47,13.73,3.71,S3,0,,0,200.0,obs,670,26.47,13.73,3.71,S3,26.47,13.73,3.71,S3,26.47,13.73,3.44,S3,5.594,0,S3,site_s3,S3,S3,S3
1786255500.339,c2,reserve,,0.0,26.34,13.67,3.65,S3,0,,0,36.0,obs,333,26.34,13.67,3.65,S3,26.34,13.67,3.65,S3,26.34,13.67,3.41,S3,5.594,0,S3,site_s3,S3,S3,S3
1786255500.339,c2,search,,0.0,31.1,20.71,10.98,S3,0,,0,4474.0,obs,500,31.1,20.71,10.98,S3,31.1,20.71,10.98,S3,31.1,20.71,10.56,S3,5.594,0,S3,site_s3,S3,S3,S3
1786255500.339,c2,recommend,,0.0,26.76,14.03,4.0,S3,0,,0,200.0,obs,670,26.76,14.03,4.0,S3,26.76,14.03,4.0,S3,26.76,14.03,3.73,S3,5.594,0,S3,site_s3,S3,S3,S3
1786255501.339,c1,reserve,6000,0.053,26.29,13.62,3.6,S3,0,,0,36.0,obs,333,26.29,13.62,3.6,S3,26.29,13.62,3.6,S3,26.29,13.62,3.38,S3,5.427,0,S3,site_s3,S3,S3,S3
1786255501.339,c1,search,6000,6.562,24.54,14.15,4.42,S3,0,,0,4474.0,obs,502,24.54,14.15,4.42,S3,24.54,14.15,4.42,S3,24.54,14.15,4.1,S3,5.427,0,S3,site_s3,S3,S3,S3
1786255501.339,c1,recommend,6000,0.293,26.47,13.73,3.71,S3,0,,0,200.0,obs,671,26.47,13.73,3.71,S3,26.47,13.73,3.71,S3,26.47,13.73,3.4,S3,5.427,0,S3,site_s3,S3,S3,S3
1786255501.339,c2,reserve,,0.0,26.34,13.67,3.65,S3,0,,0,36.0,obs,333,26.34,13.67,3.65,S3,26.34,13.67,3.65,S3,26.34,13.67,3.44,S3,5.427,0,S3,site_s3,S3,S3,S3
1786255501.339,c2,search,,0.0,31.1,20.71,10.98,S3,0,,0,4474.0,obs,502,31.1,20.71,10.98,S3,31.1,20.71,10.98,S3,31.1,20.71,10.66,S3,5.427,0,S3,site_s3,S3,S3,S3
1786255501.339,c2,recommend,,0.0,26.76,14.03,4.0,S3,0,,0,200.0,obs,671,26.76,14.03,4.0,S3,26.76,14.03,4.0,S3,26.76,14.03,3.7,S3,5.427,0,S3,site_s3,S3,S3,S3
1786255502.340,c1,reserve,6000,0.053,26.29,13.62,3.6,S3,0,,0,36.0,obs,336,26.29,13.62,3.6,S3,26.29,13.62,3.6,S3,26.29,13.62,3.31,S3,5.761,0,S3,site_s3,S3,S3,S3
1786255502.340,c1,search,6000,6.562,24.54,14.15,4.42,S3,0,,0,4474.0,obs,504,24.54,14.15,4.42,S3,24.54,14.15,4.42,S3,24.54,14.15,4.15,S3,5.761,0,S3,site_s3,S3,S3,S3
1786255502.340,c1,recommend,6000,0.293,26.47,13.73,3.71,S3,0,,0,200.0,obs,666,26.47,13.73,3.71,S3,26.47,13.73,3.71,S3,26.47,13.73,3.33,S3,5.761,0,S3,site_s3,S3,S3,S3
1786255502.340,c2,reserve,,0.0,26.34,13.67,3.65,S3,0,,0,36.0,obs,336,26.34,13.67,3.65,S3,26.34,13.67,3.65,S3,26.34,13.67,3.36,S3,5.761,0,S3,site_s3,S3,S3,S3
1786255502.340,c2,search,,0.0,31.1,20.71,10.98,S3,0,,0,4474.0,obs,504,31.1,20.71,10.98,S3,31.1,20.71,10.98,S3,31.1,20.71,10.71,S3,5.761,0,S3,site_s3,S3,S3,S3
1786255502.340,c2,recommend,,0.0,26.76,14.03,4.0,S3,0,,0,200.0,obs,666,26.76,14.03,4.0,S3,26.76,14.03,4.0,S3,26.76,14.03,3.62,S3,5.761,0,S3,site_s3,S3,S3,S3
1786255503.339,c1,reserve,6000,0.053,26.29,13.62,3.6,S3,0,,0,36.0,obs,338,26.29,13.62,3.6,S3,26.29,13.62,3.6,S3,26.29,13.62,3.29,S3,5.717,0,S3,site_s3,S3,S3,S3
1786255503.339,c1,search,6000,6.562,24.54,14.15,4.42,S3,0,,0,4474.0,obs,500,24.54,14.15,4.42,S3,24.54,14.15,4.42,S3,24.54,14.15,4.16,S3,5.717,0,S3,site_s3,S3,S3,S3
1786255503.339,c1,recommend,6000,0.293,26.47,13.73,3.71,S3,0,,0,200.0,obs,669,26.47,13.73,3.71,S3,26.47,13.73,3.71,S3,26.47,13.73,3.4,S3,5.717,0,S3,site_s3,S3,S3,S3
1786255503.339,c2,reserve,,0.0,26.34,13.67,3.65,S3,0,,0,36.0,obs,338,26.34,13.67,3.65,S3,26.34,13.67,3.65,S3,26.34,13.67,3.34,S3,5.717,0,S3,site_s3,S3,S3,S3
1786255503.339,c2,search,,0.0,31.1,20.71,10.98,S3,0,,0,4474.0,obs,500,31.1,20.71,10.98,S3,31.1,20.71,10.98,S3,31.1,20.71,10.72,S3,5.717,0,S3,site_s3,S3,S3,S3
1786255503.339,c2,recommend,,0.0,26.76,14.03,4.0,S3,0,,0,200.0,obs,669,26.76,14.03,4.0,S3,26.76,14.03,4.0,S3,26.76,14.03,3.7,S3,5.717,0,S3,site_s3,S3,S3,S3
1786255504.340,c1,reserve,6000,0.053,26.29,13.62,3.6,S3,0,,0,36.0,obs,333,26.29,13.62,3.6,S3,26.29,13.62,3.6,S3,26.29,13.62,3.43,S3,5.625,0,S3,site_s3,S3,S3,S3
1786255504.340,c1,search,6000,6.562,24.54,14.15,4.42,S3,0,,0,4474.0,obs,503,24.54,14.15,4.42,S3,24.54,14.15,4.42,S3,24.54,14.15,4.14,S3,5.625,0,S3,site_s3,S3,S3,S3
1786255504.340,c1,recommend,6000,0.293,26.47,13.73,3.71,S3,0,,0,200.0,obs,672,26.47,13.73,3.71,S3,26.47,13.73,3.71,S3,26.47,13.73,3.46,S3,5.625,0,S3,site_s3,S3,S3,S3
1786255504.340,c2,reserve,,0.0,26.34,13.67,3.65,S3,0,,0,36.0,obs,333,26.34,13.67,3.65,S3,26.34,13.67,3.65,S3,26.34,13.67,3.48,S3,5.625,0,S3,site_s3,S3,S3,S3
1786255504.340,c2,search,,0.0,31.1,20.71,10.98,S3,0,,0,4474.0,obs,503,31.1,20.71,10.98,S3,31.1,20.71,10.98,S3,31.1,20.71,10.7,S3,5.625,0,S3,site_s3,S3,S3,S3
1786255504.340,c2,recommend,,0.0,26.76,14.03,4.0,S3,0,,0,200.0,obs,672,26.76,14.03,4.0,S3,26.76,14.03,4.0,S3,26.76,14.03,3.75,S3,5.625,0,S3,site_s3,S3,S3,S3
1786255505.339,c1,reserve,6000,0.053,26.29,13.62,3.6,S3,0,,0,36.0,obs,334,26.29,13.62,3.6,S3,26.29,13.62,3.6,S3,26.29,13.62,3.53,S3,5.562,0,S3,site_s3,S3,S3,S3
1786255505.339,c1,search,6000,6.562,24.54,14.15,4.42,S3,0,,0,4474.0,obs,502,24.54,14.15,4.42,S3,24.54,14.15,4.42,S3,24.54,14.15,4.06,S3,5.562,0,S3,site_s3,S3,S3,S3
1786255505.339,c1,recommend,6000,0.293,26.47,13.73,3.71,S3,0,,0,200.0,obs,672,26.47,13.73,3.71,S3,26.47,13.73,3.71,S3,26.47,13.73,3.51,S3,5.562,0,S3,site_s3,S3,S3,S3
1786255505.339,c2,reserve,,0.0,26.34,13.67,3.65,S3,0,,0,36.0,obs,334,26.34,13.67,3.65,S3,26.34,13.67,3.65,S3,26.34,13.67,3.58,S3,5.562,0,S3,site_s3,S3,S3,S3
1786255505.339,c2,search,,0.0,31.1,20.71,10.98,S3,0,,0,4474.0,obs,502,31.1,20.71,10.98,S3,31.1,20.71,10.98,S3,31.1,20.71,10.62,S3,5.562,0,S3,site_s3,S3,S3,S3
1786255505.339,c2,recommend,,0.0,26.76,14.03,4.0,S3,0,,0,200.0,obs,672,26.76,14.03,4.0,S3,26.76,14.03,4.0,S3,26.76,14.03,3.8,S3,5.562,0,S3,site_s3,S3,S3,S3
1786255506.339,c1,reserve,6000,0.053,26.29,13.62,3.6,S3,0,,0,36.0,obs,334,26.29,13.62,3.6,S3,26.29,13.62,3.6,S3,26.29,13.62,3.52,S3,5.576,0,S3,site_s3,S3,S3,S3
1786255506.339,c1,search,6000,6.562,24.54,14.15,4.42,S3,0,,0,4474.0,obs,505,24.54,14.15,4.42,S3,24.54,14.15,4.42,S3,24.54,14.15,4.06,S3,5.576,0,S3,site_s3,S3,S3,S3
1786255506.339,c1,recommend,6000,0.293,26.47,13.73,3.71,S3,0,,0,200.0,obs,670,26.47,13.73,3.71,S3,26.47,13.73,3.71,S3,26.47,13.73,3.51,S3,5.576,0,S3,site_s3,S3,S3,S3
1786255506.339,c2,reserve,,0.0,26.34,13.67,3.65,S3,0,,0,36.0,obs,334,26.34,13.67,3.65,S3,26.34,13.67,3.65,S3,26.34,13.67,3.57,S3,5.576,0,S3,site_s3,S3,S3,S3
1786255506.339,c2,search,,0.0,31.1,20.71,10.98,S3,0,,0,4474.0,obs,505,31.1,20.71,10.98,S3,31.1,20.71,10.98,S3,31.1,20.71,10.62,S3,5.576,0,S3,site_s3,S3,S3,S3
1786255506.339,c2,recommend,,0.0,26.76,14.03,4.0,S3,0,,0,200.0,obs,670,26.76,14.03,4.0,S3,26.76,14.03,4.0,S3,26.76,14.03,3.8,S3,5.576,0,S3,site_s3,S3,S3,S3
1786255507.339,c1,reserve,6000,0.053,26.29,13.62,3.6,S3,0,,0,36.0,obs,339,26.29,13.62,3.6,S3,26.29,13.62,3.6,S3,26.29,13.62,3.44,S3,5.617,0,S3,site_s3,S3,S3,S3
1786255507.339,c1,search,6000,6.562,24.54,14.15,4.42,S3,0,,0,4474.0,obs,503,24.54,14.15,4.42,S3,24.54,14.15,4.42,S3,24.54,14.15,3.9,S3,5.617,0,S3,site_s3,S3,S3,S3
1786255507.339,c1,recommend,6000,0.293,26.47,13.73,3.71,S3,0,,0,200.0,obs,669,26.47,13.73,3.71,S3,26.47,13.73,3.71,S3,26.47,13.73,3.32,S3,5.617,0,S3,site_s3,S3,S3,S3
1786255507.339,c2,reserve,,0.0,26.34,13.67,3.65,S3,0,,0,36.0,obs,339,26.34,13.67,3.65,S3,26.34,13.67,3.65,S3,26.34,13.67,3.49,S3,5.617,0,S3,site_s3,S3,S3,S3
1786255507.339,c2,search,,0.0,31.1,20.71,10.98,S3,0,,0,4474.0,obs,503,31.1,20.71,10.98,S3,31.1,20.71,10.98,S3,31.1,20.71,10.46,S3,5.617,0,S3,site_s3,S3,S3,S3
1786255507.339,c2,recommend,,0.0,26.76,14.03,4.0,S3,0,,0,200.0,obs,669,26.76,14.03,4.0,S3,26.76,14.03,4.0,S3,26.76,14.03,3.61,S3,5.617,0,S3,site_s3,S3,S3,S3
1786255508.339,c1,reserve,6000,0.053,26.29,13.62,3.6,S3,0,,0,36.0,obs,337,26.29,13.62,3.6,S3,26.29,13.62,3.6,S3,26.29,13.62,3.38,S3,5.483,0,S3,site_s3,S3,S3,S3
1786255508.339,c1,search,6000,6.562,24.54,14.15,4.42,S3,0,,0,4474.0,obs,501,24.54,14.15,4.42,S3,24.54,14.15,4.42,S3,24.54,14.15,3.99,S3,5.483,0,S3,site_s3,S3,S3,S3
1786255508.339,c1,recommend,6000,0.293,26.47,13.73,3.71,S3,0,,0,200.0,obs,673,26.47,13.73,3.71,S3,26.47,13.73,3.71,S3,26.47,13.73,3.35,S3,5.483,0,S3,site_s3,S3,S3,S3
1786255508.339,c2,reserve,,0.0,26.34,13.67,3.65,S3,0,,0,36.0,obs,337,26.34,13.67,3.65,S3,26.34,13.67,3.65,S3,26.34,13.67,3.43,S3,5.483,0,S3,site_s3,S3,S3,S3
1786255508.339,c2,search,,0.0,31.1,20.71,10.98,S3,0,,0,4474.0,obs,501,31.1,20.71,10.98,S3,31.1,20.71,10.98,S3,31.1,20.71,10.55,S3,5.483,0,S3,site_s3,S3,S3,S3
1786255508.339,c2,recommend,,0.0,26.76,14.03,4.0,S3,0,,0,200.0,obs,673,26.76,14.03,4.0,S3,26.76,14.03,4.0,S3,26.76,14.03,3.64,S3,5.483,0,S3,site_s3,S3,S3,S3
1786255509.339,c1,reserve,6000,0.053,26.29,13.62,3.6,S3,0,,0,36.0,obs,335,26.29,13.62,3.6,S3,26.29,13.62,3.6,S3,26.29,13.62,3.53,S3,5.635,0,S3,site_s3,S3,S3,S3
1786255509.339,c1,search,6000,6.562,24.54,14.15,4.42,S3,0,,0,4474.0,obs,504,24.54,14.15,4.42,S3,24.54,14.15,4.42,S3,24.54,14.15,4.2,S3,5.635,0,S3,site_s3,S3,S3,S3
1786255509.339,c1,recommend,6000,0.293,26.47,13.73,3.71,S3,0,,0,200.0,obs,675,26.47,13.73,3.71,S3,26.47,13.73,3.71,S3,26.47,13.73,3.5,S3,5.635,0,S3,site_s3,S3,S3,S3
1786255509.339,c2,reserve,,0.0,26.34,13.67,3.65,S3,0,,0,36.0,obs,335,26.34,13.67,3.65,S3,26.34,13.67,3.65,S3,26.34,13.67,3.58,S3,5.635,0,S3,site_s3,S3,S3,S3
1786255509.339,c2,search,,0.0,31.1,20.71,10.98,S3,0,,0,4474.0,obs,504,31.1,20.71,10.98,S3,31.1,20.71,10.98,S3,31.1,20.71,10.77,S3,5.635,0,S3,site_s3,S3,S3,S3
1786255509.339,c2,recommend,,0.0,26.76,14.03,4.0,S3,0,,0,200.0,obs,675,26.76,14.03,4.0,S3,26.76,14.03,4.0,S3,26.76,14.03,3.79,S3,5.635,0,S3,site_s3,S3,S3,S3
1786255510.339,c1,reserve,6000,0.053,26.29,13.62,3.6,S3,0,,0,36.0,obs,334,26.29,13.62,3.6,S3,26.29,13.62,3.6,S3,26.29,13.62,3.58,S3,5.475,0,S3,site_s3,S3,S3,S3
1786255510.339,c1,search,6000,6.562,24.54,14.15,4.42,S3,0,,0,4474.0,obs,505,24.54,14.15,4.42,S3,24.54,14.15,4.42,S3,24.54,14.15,4.27,S3,5.475,0,S3,site_s3,S3,S3,S3
1786255510.339,c1,recommend,6000,0.293,26.47,13.73,3.71,S3,0,,0,200.0,obs,675,26.47,13.73,3.71,S3,26.47,13.73,3.71,S3,26.47,13.73,3.52,S3,5.475,0,S3,site_s3,S3,S3,S3
1786255510.339,c2,reserve,,0.0,26.34,13.67,3.65,S3,0,,0,36.0,obs,334,26.34,13.67,3.65,S3,26.34,13.67,3.65,S3,26.34,13.67,3.63,S3,5.475,0,S3,site_s3,S3,S3,S3
1786255510.339,c2,search,,0.0,31.1,20.71,10.98,S3,0,,0,4474.0,obs,505,31.1,20.71,10.98,S3,31.1,20.71,10.98,S3,31.1,20.71,10.83,S3,5.475,0,S3,site_s3,S3,S3,S3
1786255510.339,c2,recommend,,0.0,26.76,14.03,4.0,S3,0,,0,200.0,obs,675,26.76,14.03,4.0,S3,26.76,14.03,4.0,S3,26.76,14.03,3.82,S3,5.475,0,S3,site_s3,S3,S3,S3
1786255511.339,c1,reserve,6000,0.053,26.29,13.62,3.6,S3,0,,0,36.0,obs,338,26.29,13.62,3.6,S3,26.29,13.62,3.6,S3,26.29,13.62,3.4,S3,5.594,0,S3,site_s3,S3,S3,S3
1786255511.339,c1,search,6000,6.562,24.54,14.15,4.42,S3,0,,0,4474.0,obs,506,24.54,14.15,4.42,S3,24.54,14.15,4.42,S3,24.54,14.15,4.21,S3,5.594,0,S3,site_s3,S3,S3,S3
1786255511.339,c1,recommend,6000,0.293,26.47,13.73,3.71,S3,0,,0,200.0,obs,670,26.47,13.73,3.71,S3,26.47,13.73,3.71,S3,26.47,13.73,3.34,S3,5.594,0,S3,site_s3,S3,S3,S3
1786255511.339,c2,reserve,,0.0,26.34,13.67,3.65,S3,0,,0,36.0,obs,338,26.34,13.67,3.65,S3,26.34,13.67,3.65,S3,26.34,13.67,3.45,S3,5.594,0,S3,site_s3,S3,S3,S3
1786255511.339,c2,search,,0.0,31.1,20.71,10.98,S3,0,,0,4474.0,obs,506,31.1,20.71,10.98,S3,31.1,20.71,10.98,S3,31.1,20.71,10.77,S3,5.594,0,S3,site_s3,S3,S3,S3
1786255511.339,c2,recommend,,0.0,26.76,14.03,4.0,S3,0,,0,200.0,obs,670,26.76,14.03,4.0,S3,26.76,14.03,4.0,S3,26.76,14.03,3.64,S3,5.594,0,S3,site_s3,S3,S3,S3
1786255512.339,c1,reserve,6000,0.053,26.29,13.62,3.6,S3,0,,0,36.0,obs,340,26.29,13.62,3.6,S3,26.29,13.62,3.6,S3,26.29,13.62,3.37,S3,5.809,0,S3,site_s3,S3,S3,S3
1786255512.339,c1,search,6000,6.562,24.54,14.15,4.42,S3,0,,0,4474.0,obs,503,24.54,14.15,4.42,S3,24.54,14.15,4.42,S3,24.54,14.15,4.14,S3,5.809,0,S3,site_s3,S3,S3,S3
1786255512.339,c1,recommend,6000,0.293,26.47,13.73,3.71,S3,0,,0,200.0,obs,672,26.47,13.73,3.71,S3,26.47,13.73,3.71,S3,26.47,13.73,3.29,S3,5.809,0,S3,site_s3,S3,S3,S3
1786255512.339,c2,reserve,,0.0,26.34,13.67,3.65,S3,0,,0,36.0,obs,340,26.34,13.67,3.65,S3,26.34,13.67,3.65,S3,26.34,13.67,3.43,S3,5.809,0,S3,site_s3,S3,S3,S3
1786255512.339,c2,search,,0.0,31.1,20.71,10.98,S3,0,,0,4474.0,obs,503,31.1,20.71,10.98,S3,31.1,20.71,10.98,S3,31.1,20.71,10.7,S3,5.809,0,S3,site_s3,S3,S3,S3
1786255512.339,c2,recommend,,0.0,26.76,14.03,4.0,S3,0,,0,200.0,obs,672,26.76,14.03,4.0,S3,26.76,14.03,4.0,S3,26.76,14.03,3.58,S3,5.809,0,S3,site_s3,S3,S3,S3
1786255513.339,c1,reserve,6000,0.053,26.29,13.62,3.6,S3,0,,0,36.0,obs,336,26.29,13.62,3.6,S3,26.29,13.62,3.6,S3,26.29,13.62,3.48,S3,5.534,0,S3,site_s3,S3,S3,S3
1786255513.339,c1,search,6000,6.562,24.54,14.15,4.42,S3,0,,0,4474.0,obs,504,24.54,14.15,4.42,S3,24.54,14.15,4.42,S3,24.54,14.15,4.2,S3,5.534,0,S3,site_s3,S3,S3,S3
1786255513.339,c1,recommend,6000,0.293,26.47,13.73,3.71,S3,0,,0,200.0,obs,676,26.47,13.73,3.71,S3,26.47,13.73,3.71,S3,26.47,13.73,3.45,S3,5.534,0,S3,site_s3,S3,S3,S3
1786255513.339,c2,reserve,,0.0,26.34,13.67,3.65,S3,0,,0,36.0,obs,336,26.34,13.67,3.65,S3,26.34,13.67,3.65,S3,26.34,13.67,3.53,S3,5.534,0,S3,site_s3,S3,S3,S3
1786255513.339,c2,search,,0.0,31.1,20.71,10.98,S3,0,,0,4474.0,obs,504,31.1,20.71,10.98,S3,31.1,20.71,10.98,S3,31.1,20.71,10.76,S3,5.534,0,S3,site_s3,S3,S3,S3
1786255513.339,c2,recommend,,0.0,26.76,14.03,4.0,S3,0,,0,200.0,obs,676,26.76,14.03,4.0,S3,26.76,14.03,4.0,S3,26.76,14.03,3.75,S3,5.534,0,S3,site_s3,S3,S3,S3
1786255514.339,c1,reserve,6000,0.053,26.29,13.62,3.6,S3,0,,0,36.0,obs,335,26.29,13.62,3.6,S3,26.29,13.62,3.6,S3,26.29,13.62,3.53,S3,5.585,0,S3,site_s3,S3,S3,S3
1786255514.339,c1,search,6000,6.562,24.54,14.15,4.42,S3,0,,0,4474.0,obs,505,24.54,14.15,4.42,S3,24.54,14.15,4.42,S3,24.54,14.15,4.21,S3,5.585,0,S3,site_s3,S3,S3,S3
1786255514.339,c1,recommend,6000,0.293,26.47,13.73,3.71,S3,0,,0,200.0,obs,677,26.47,13.73,3.71,S3,26.47,13.73,3.71,S3,26.47,13.73,3.51,S3,5.585,0,S3,site_s3,S3,S3,S3
1786255514.339,c2,reserve,,0.0,26.34,13.67,3.65,S3,0,,0,36.0,obs,335,26.34,13.67,3.65,S3,26.34,13.67,3.65,S3,26.34,13.67,3.58,S3,5.585,0,S3,site_s3,S3,S3,S3
1786255514.339,c2,search,,0.0,31.1,20.71,10.98,S3,0,,0,4474.0,obs,505,31.1,20.71,10.98,S3,31.1,20.71,10.98,S3,31.1,20.71,10.77,S3,5.585,0,S3,site_s3,S3,S3,S3
1786255514.339,c2,recommend,,0.0,26.76,14.03,4.0,S3,0,,0,200.0,obs,677,26.76,14.03,4.0,S3,26.76,14.03,4.0,S3,26.76,14.03,3.8,S3,5.585,0,S3,site_s3,S3,S3,S3
1786255515.339,c1,reserve,6000,0.053,26.29,13.62,3.6,S3,0,,0,36.0,obs,335,26.29,13.62,3.6,S3,26.29,13.62,3.6,S3,26.29,13.62,3.44,S3,5.547,0,S3,site_s3,S3,S3,S3
1786255515.339,c1,search,6000,6.562,24.54,14.15,4.42,S3,0,,0,4474.0,obs,509,24.54,14.15,4.42,S3,24.54,14.15,4.42,S3,24.54,14.15,4.16,S3,5.547,0,S3,site_s3,S3,S3,S3
1786255515.339,c1,recommend,6000,0.293,26.47,13.73,3.71,S3,0,,0,200.0,obs,675,26.47,13.73,3.71,S3,26.47,13.73,3.71,S3,26.47,13.73,3.47,S3,5.547,0,S3,site_s3,S3,S3,S3
1786255515.339,c2,reserve,,0.0,26.34,13.67,3.65,S3,0,,0,36.0,obs,335,26.34,13.67,3.65,S3,26.34,13.67,3.65,S3,26.34,13.67,3.49,S3,5.547,0,S3,site_s3,S3,S3,S3
1786255515.339,c2,search,,0.0,31.1,20.71,10.98,S3,0,,0,4474.0,obs,509,31.1,20.71,10.98,S3,31.1,20.71,10.98,S3,31.1,20.71,10.72,S3,5.547,0,S3,site_s3,S3,S3,S3
1786255515.339,c2,recommend,,0.0,26.76,14.03,4.0,S3,0,,0,200.0,obs,675,26.76,14.03,4.0,S3,26.76,14.03,4.0,S3,26.76,14.03,3.76,S3,5.547,0,S3,site_s3,S3,S3,S3
1786255516.340,c1,reserve,6000,0.053,26.29,13.62,3.6,S3,0,,0,36.0,obs,340,26.29,13.62,3.6,S3,26.29,13.62,3.6,S3,26.29,13.62,3.48,S3,5.651,0,S3,site_s3,S3,S3,S3
1786255516.340,c1,search,6000,6.562,24.54,14.15,4.42,S3,0,,0,4474.0,obs,507,24.54,14.15,4.42,S3,24.54,14.15,4.42,S3,24.54,14.15,4.11,S3,5.651,0,S3,site_s3,S3,S3,S3
1786255516.340,c1,recommend,6000,0.293,26.47,13.73,3.71,S3,0,,0,200.0,obs,672,26.47,13.73,3.71,S3,26.47,13.73,3.71,S3,26.47,13.73,3.49,S3,5.651,0,S3,site_s3,S3,S3,S3
1786255516.340,c2,reserve,,0.0,26.34,13.67,3.65,S3,0,,0,36.0,obs,340,26.34,13.67,3.65,S3,26.34,13.67,3.65,S3,26.34,13.67,3.53,S3,5.651,0,S3,site_s3,S3,S3,S3
1786255516.340,c2,search,,0.0,31.1,20.71,10.98,S3,0,,0,4474.0,obs,507,31.1,20.71,10.98,S3,31.1,20.71,10.98,S3,31.1,20.71,10.68,S3,5.651,0,S3,site_s3,S3,S3,S3
1786255516.340,c2,recommend,,0.0,26.76,14.03,4.0,S3,0,,0,200.0,obs,672,26.76,14.03,4.0,S3,26.76,14.03,4.0,S3,26.76,14.03,3.78,S3,5.651,0,S3,site_s3,S3,S3,S3
1786255517.340,c1,reserve,6000,0.053,26.29,13.62,3.6,S3,0,,0,36.0,obs,340,26.29,13.62,3.6,S3,26.29,13.62,3.6,S3,26.29,13.62,3.43,S3,5.585,0,S3,site_s3,S3,S3,S3
1786255517.340,c1,search,6000,6.562,24.54,14.15,4.42,S3,0,,0,4474.0,obs,504,24.54,14.15,4.42,S3,24.54,14.15,4.42,S3,24.54,14.15,4.02,S3,5.585,0,S3,site_s3,S3,S3,S3
1786255517.340,c1,recommend,6000,0.293,26.47,13.73,3.71,S3,0,,0,200.0,obs,676,26.47,13.73,3.71,S3,26.47,13.73,3.71,S3,26.47,13.73,3.33,S3,5.585,0,S3,site_s3,S3,S3,S3
1786255517.340,c2,reserve,,0.0,26.34,13.67,3.65,S3,0,,0,36.0,obs,340,26.34,13.67,3.65,S3,26.34,13.67,3.65,S3,26.34,13.67,3.48,S3,5.585,0,S3,site_s3,S3,S3,S3
1786255517.340,c2,search,,0.0,31.1,20.71,10.98,S3,0,,0,4474.0,obs,504,31.1,20.71,10.98,S3,31.1,20.71,10.98,S3,31.1,20.71,10.58,S3,5.585,0,S3,site_s3,S3,S3,S3
1786255517.340,c2,recommend,,0.0,26.76,14.03,4.0,S3,0,,0,200.0,obs,676,26.76,14.03,4.0,S3,26.76,14.03,4.0,S3,26.76,14.03,3.63,S3,5.585,0,S3,site_s3,S3,S3,S3
1786255518.339,c1,reserve,6000,0.053,26.29,13.62,3.6,S3,0,,0,36.0,obs,336,26.29,13.62,3.6,S3,26.29,13.62,3.6,S3,26.29,13.62,3.32,S3,5.769,0,S3,site_s3,S3,S3,S3
1786255518.339,c1,search,6000,6.562,24.54,14.15,4.42,S3,0,,0,4474.0,obs,507,24.54,14.15,4.42,S3,24.54,14.15,4.42,S3,24.54,14.15,4.1,S3,5.769,0,S3,site_s3,S3,S3,S3
1786255518.339,c1,recommend,6000,0.293,26.47,13.73,3.71,S3,0,,0,200.0,obs,679,26.47,13.73,3.71,S3,26.47,13.73,3.71,S3,26.47,13.73,3.3,S3,5.769,0,S3,site_s3,S3,S3,S3
1786255518.339,c2,reserve,,0.0,26.34,13.67,3.65,S3,0,,0,36.0,obs,336,26.34,13.67,3.65,S3,26.34,13.67,3.65,S3,26.34,13.67,3.37,S3,5.769,0,S3,site_s3,S3,S3,S3
1786255518.339,c2,search,,0.0,31.1,20.71,10.98,S3,0,,0,4474.0,obs,507,31.1,20.71,10.98,S3,31.1,20.71,10.98,S3,31.1,20.71,10.67,S3,5.769,0,S3,site_s3,S3,S3,S3
1786255518.339,c2,recommend,,0.0,26.76,14.03,4.0,S3,0,,0,200.0,obs,679,26.76,14.03,4.0,S3,26.76,14.03,4.0,S3,26.76,14.03,3.59,S3,5.769,0,S3,site_s3,S3,S3,S3
1786255519.339,c1,reserve,6000,0.053,26.29,13.62,3.6,S3,0,,0,36.0,obs,336,26.29,13.62,3.6,S3,26.29,13.62,3.6,S3,26.29,13.62,3.4,S3,5.489,0,S3,site_s3,S3,S3,S3
1786255519.339,c1,search,6000,6.562,24.54,14.15,4.42,S3,0,,0,4474.0,obs,507,24.54,14.15,4.42,S3,24.54,14.15,4.42,S3,24.54,14.15,4.04,S3,5.489,0,S3,site_s3,S3,S3,S3
1786255519.339,c1,recommend,6000,0.293,26.47,13.73,3.71,S3,0,,0,200.0,obs,679,26.47,13.73,3.71,S3,26.47,13.73,3.71,S3,26.47,13.73,3.41,S3,5.489,0,S3,site_s3,S3,S3,S3
1786255519.339,c2,reserve,,0.0,26.34,13.67,3.65,S3,0,,0,36.0,obs,336,26.34,13.67,3.65,S3,26.34,13.67,3.65,S3,26.34,13.67,3.45,S3,5.489,0,S3,site_s3,S3,S3,S3
1786255519.339,c2,search,,0.0,31.1,20.71,10.98,S3,0,,0,4474.0,obs,507,31.1,20.71,10.98,S3,31.1,20.71,10.98,S3,31.1,20.71,10.6,S3,5.489,0,S3,site_s3,S3,S3,S3
1786255519.339,c2,recommend,,0.0,26.76,14.03,4.0,S3,0,,0,200.0,obs,679,26.76,14.03,4.0,S3,26.76,14.03,4.0,S3,26.76,14.03,3.71,S3,5.489,0,S3,site_s3,S3,S3,S3
1786255520.339,c1,reserve,6000,0.053,26.29,13.62,3.6,S3,0,,0,36.0,obs,339,26.29,13.62,3.6,S3,26.29,13.62,3.6,S3,26.29,13.62,3.41,S3,5.584,0,S3,site_s3,S3,S3,S3
1786255520.339,c1,search,6000,6.562,24.54,14.15,4.42,S3,0,,0,4474.0,obs,509,24.54,14.15,4.42,S3,24.54,14.15,4.42,S3,24.54,14.15,4.05,S3,5.584,0,S3,site_s3,S3,S3,S3
1786255520.339,c1,recommend,6000,0.293,26.47,13.73,3.71,S3,0,,0,200.0,obs,675,26.47,13.73,3.71,S3,26.47,13.73,3.71,S3,26.47,13.73,3.43,S3,5.584,0,S3,site_s3,S3,S3,S3
1786255520.339,c2,reserve,,0.0,26.34,13.67,3.65,S3,0,,0,36.0,obs,339,26.34,13.67,3.65,S3,26.34,13.67,3.65,S3,26.34,13.67,3.46,S3,5.584,0,S3,site_s3,S3,S3,S3
1786255520.339,c2,search,,0.0,31.1,20.71,10.98,S3,0,,0,4474.0,obs,509,31.1,20.71,10.98,S3,31.1,20.71,10.98,S3,31.1,20.71,10.61,S3,5.584,0,S3,site_s3,S3,S3,S3
1786255520.339,c2,recommend,,0.0,26.76,14.03,4.0,S3,0,,0,200.0,obs,675,26.76,14.03,4.0,S3,26.76,14.03,4.0,S3,26.76,14.03,3.73,S3,5.584,0,S3,site_s3,S3,S3,S3
1786255521.340,c1,reserve,6000,0.053,26.29,13.62,3.6,S3,0,,0,36.0,obs,342,26.29,13.62,3.6,S3,26.29,13.62,3.6,S3,26.29,13.62,3.5,S3,5.891,0,S3,site_s3,S3,S3,S3
1786255521.340,c1,search,6000,6.562,24.54,14.15,4.42,S3,0,,0,4474.0,obs,507,24.54,14.15,4.42,S3,24.54,14.15,4.42,S3,24.54,14.15,4.17,S3,5.891,0,S3,site_s3,S3,S3,S3
1786255521.340,c1,recommend,6000,0.293,26.47,13.73,3.71,S3,0,,0,200.0,obs,676,26.47,13.73,3.71,S3,26.47,13.73,3.71,S3,26.47,13.73,3.48,S3,5.891,0,S3,site_s3,S3,S3,S3
1786255521.340,c2,reserve,,0.0,26.34,13.67,3.65,S3,0,,0,36.0,obs,342,26.34,13.67,3.65,S3,26.34,13.67,3.65,S3,26.34,13.67,3.55,S3,5.891,0,S3,site_s3,S3,S3,S3
1786255521.340,c2,search,,0.0,31.1,20.71,10.98,S3,0,,0,4474.0,obs,507,31.1,20.71,10.98,S3,31.1,20.71,10.98,S3,31.1,20.71,10.74,S3,5.891,0,S3,site_s3,S3,S3,S3
1786255521.340,c2,recommend,,0.0,26.76,14.03,4.0,S3,0,,0,200.0,obs,676,26.76,14.03,4.0,S3,26.76,14.03,4.0,S3,26.76,14.03,3.77,S3,5.891,0,S3,site_s3,S3,S3,S3
1786255522.339,c1,reserve,6000,0.053,26.29,13.62,3.6,S3,0,,0,36.0,obs,339,26.29,13.62,3.6,S3,26.29,13.62,3.6,S3,26.29,13.62,3.33,S3,5.531,0,S3,site_s3,S3,S3,S3
1786255522.339,c1,search,6000,6.562,24.54,14.15,4.42,S3,0,,0,4474.0,obs,506,24.54,14.15,4.42,S3,24.54,14.15,4.42,S3,24.54,14.15,4.05,S3,5.531,0,S3,site_s3,S3,S3,S3
1786255522.339,c1,recommend,6000,0.293,26.47,13.73,3.71,S3,0,,0,200.0,obs,680,26.47,13.73,3.71,S3,26.47,13.73,3.71,S3,26.47,13.73,3.31,S3,5.531,0,S3,site_s3,S3,S3,S3
1786255522.339,c2,reserve,,0.0,26.34,13.67,3.65,S3,0,,0,36.0,obs,339,26.34,13.67,3.65,S3,26.34,13.67,3.65,S3,26.34,13.67,3.39,S3,5.531,0,S3,site_s3,S3,S3,S3
1786255522.339,c2,search,,0.0,31.1,20.71,10.98,S3,0,,0,4474.0,obs,506,31.1,20.71,10.98,S3,31.1,20.71,10.98,S3,31.1,20.71,10.61,S3,5.531,0,S3,site_s3,S3,S3,S3
1786255522.339,c2,recommend,,0.0,26.76,14.03,4.0,S3,0,,0,200.0,obs,680,26.76,14.03,4.0,S3,26.76,14.03,4.0,S3,26.76,14.03,3.6,S3,5.531,0,S3,site_s3,S3,S3,S3
1786255523.339,c1,reserve,6000,0.053,26.29,13.62,3.6,S3,0,,0,36.0,obs,337,26.29,13.62,3.6,S3,26.29,13.62,3.6,S3,26.29,13.62,3.51,S3,5.575,0,S3,site_s3,S3,S3,S3
1786255523.339,c1,search,6000,6.562,24.54,14.15,4.42,S3,0,,0,4474.0,obs,509,24.54,14.15,4.42,S3,24.54,14.15,4.42,S3,24.54,14.15,4.2,S3,5.575,0,S3,site_s3,S3,S3,S3
1786255523.339,c1,recommend,6000,0.293,26.47,13.73,3.71,S3,0,,0,200.0,obs,682,26.47,13.73,3.71,S3,26.47,13.73,3.71,S3,26.47,13.73,3.44,S3,5.575,0,S3,site_s3,S3,S3,S3
1786255523.339,c2,reserve,,0.0,26.34,13.67,3.65,S3,0,,0,36.0,obs,337,26.34,13.67,3.65,S3,26.34,13.67,3.65,S3,26.34,13.67,3.56,S3,5.575,0,S3,site_s3,S3,S3,S3
1786255523.339,c2,search,,0.0,31.1,20.71,10.98,S3,0,,0,4474.0,obs,509,31.1,20.71,10.98,S3,31.1,20.71,10.98,S3,31.1,20.71,10.76,S3,5.575,0,S3,site_s3,S3,S3,S3
1786255523.339,c2,recommend,,0.0,26.76,14.03,4.0,S3,0,,0,200.0,obs,682,26.76,14.03,4.0,S3,26.76,14.03,4.0,S3,26.76,14.03,3.73,S3,5.575,0,S3,site_s3,S3,S3,S3
1786255524.340,c1,reserve,6000,0.053,26.29,13.62,3.6,S3,0,,0,36.0,obs,337,26.29,13.62,3.6,S3,26.29,13.62,3.6,S3,26.29,13.62,3.43,S3,5.581,0,S3,site_s3,S3,S3,S3
1786255524.340,c1,search,6000,6.562,24.54,14.15,4.42,S3,0,,0,4474.0,obs,512,24.54,14.15,4.42,S3,24.54,14.15,4.42,S3,24.54,14.15,4.25,S3,5.581,0,S3,site_s3,S3,S3,S3
1786255524.340,c1,recommend,6000,0.293,26.47,13.73,3.71,S3,0,,0,200.0,obs,679,26.47,13.73,3.71,S3,26.47,13.73,3.71,S3,26.47,13.73,3.46,S3,5.581,0,S3,site_s3,S3,S3,S3
1786255524.340,c2,reserve,,0.0,26.34,13.67,3.65,S3,0,,0,36.0,obs,337,26.34,13.67,3.65,S3,26.34,13.67,3.65,S3,26.34,13.67,3.48,S3,5.581,0,S3,site_s3,S3,S3,S3
1786255524.340,c2,search,,0.0,31.1,20.71,10.98,S3,0,,0,4474.0,obs,512,31.1,20.71,10.98,S3,31.1,20.71,10.98,S3,31.1,20.71,10.81,S3,5.581,0,S3,site_s3,S3,S3,S3
1786255524.340,c2,recommend,,0.0,26.76,14.03,4.0,S3,0,,0,200.0,obs,679,26.76,14.03,4.0,S3,26.76,14.03,4.0,S3,26.76,14.03,3.76,S3,5.581,0,S3,site_s3,S3,S3,S3
1786255525.340,c1,reserve,6000,0.053,26.29,13.62,3.6,S3,0,,0,36.0,obs,342,26.29,13.62,3.6,S3,26.29,13.62,3.6,S3,26.29,13.62,3.44,S3,5.57,0,S3,site_s3,S3,S3,S3
1786255525.340,c1,search,6000,6.562,24.54,14.15,4.42,S3,0,,0,4474.0,obs,510,24.54,14.15,4.42,S3,24.54,14.15,4.42,S3,24.54,14.15,3.95,S3,5.57,0,S3,site_s3,S3,S3,S3
1786255525.340,c1,recommend,6000,0.293,26.47,13.73,3.71,S3,0,,0,200.0,obs,676,26.47,13.73,3.71,S3,26.47,13.73,3.71,S3,26.47,13.73,3.41,S3,5.57,0,S3,site_s3,S3,S3,S3
1786255525.340,c2,reserve,,0.0,26.34,13.67,3.65,S3,0,,0,36.0,obs,342,26.34,13.67,3.65,S3,26.34,13.67,3.65,S3,26.34,13.67,3.49,S3,5.57,0,S3,site_s3,S3,S3,S3
1786255525.340,c2,search,,0.0,31.1,20.71,10.98,S3,0,,0,4474.0,obs,510,31.1,20.71,10.98,S3,31.1,20.71,10.98,S3,31.1,20.71,10.51,S3,5.57,0,S3,site_s3,S3,S3,S3
1786255525.340,c2,recommend,,0.0,26.76,14.03,4.0,S3,0,,0,200.0,obs,676,26.76,14.03,4.0,S3,26.76,14.03,4.0,S3,26.76,14.03,3.7,S3,5.57,0,S3,site_s3,S3,S3,S3
1786255526.339,c1,reserve,6000,0.053,26.29,13.62,3.6,S3,0,,0,36.0,obs,342,26.29,13.62,3.6,S3,26.29,13.62,3.6,S3,26.29,13.62,3.39,S3,5.468,0,S3,site_s3,S3,S3,S3
1786255526.339,c1,search,6000,6.562,24.54,14.15,4.42,S3,0,,0,4474.0,obs,507,24.54,14.15,4.42,S3,24.54,14.15,4.42,S3,24.54,14.15,4.07,S3,5.468,0,S3,site_s3,S3,S3,S3
1786255526.339,c1,recommend,6000,0.293,26.47,13.73,3.71,S3,0,,0,200.0,obs,679,26.47,13.73,3.71,S3,26.47,13.73,3.71,S3,26.47,13.73,3.43,S3,5.468,0,S3,site_s3,S3,S3,S3
1786255526.339,c2,reserve,,0.0,26.34,13.67,3.65,S3,0,,0,36.0,obs,342,26.34,13.67,3.65,S3,26.34,13.67,3.65,S3,26.34,13.67,3.44,S3,5.468,0,S3,site_s3,S3,S3,S3
1786255526.339,c2,search,,0.0,31.1,20.71,10.98,S3,0,,0,4474.0,obs,507,31.1,20.71,10.98,S3,31.1,20.71,10.98,S3,31.1,20.71,10.63,S3,5.468,0,S3,site_s3,S3,S3,S3
1786255526.339,c2,recommend,,0.0,26.76,14.03,4.0,S3,0,,0,200.0,obs,679,26.76,14.03,4.0,S3,26.76,14.03,4.0,S3,26.76,14.03,3.73,S3,5.468,0,S3,site_s3,S3,S3,S3
1786255527.339,c1,reserve,6000,0.053,26.29,13.62,3.6,S3,0,,0,36.0,obs,338,26.29,13.62,3.6,S3,26.29,13.62,3.6,S3,26.29,13.62,3.4,S3,5.736,0,S3,site_s3,S3,S3,S3
1786255527.339,c1,search,6000,6.562,24.54,14.15,4.42,S3,0,,0,4474.0,obs,509,24.54,14.15,4.42,S3,24.54,14.15,4.42,S3,24.54,14.15,4.04,S3,5.736,0,S3,site_s3,S3,S3,S3
1786255527.339,c1,recommend,6000,0.293,26.47,13.73,3.71,S3,0,,0,200.0,obs,682,26.47,13.73,3.71,S3,26.47,13.73,3.71,S3,26.47,13.73,3.45,S3,5.736,0,S3,site_s3,S3,S3,S3
1786255527.339,c2,reserve,,0.0,26.34,13.67,3.65,S3,0,,0,36.0,obs,338,26.34,13.67,3.65,S3,26.34,13.67,3.65,S3,26.34,13.67,3.45,S3,5.736,0,S3,site_s3,S3,S3,S3
1786255527.339,c2,search,,0.0,31.1,20.71,10.98,S3,0,,0,4474.0,obs,509,31.1,20.71,10.98,S3,31.1,20.71,10.98,S3,31.1,20.71,10.6,S3,5.736,0,S3,site_s3,S3,S3,S3
1786255527.339,c2,recommend,,0.0,26.76,14.03,4.0,S3,0,,0,200.0,obs,682,26.76,14.03,4.0,S3,26.76,14.03,4.0,S3,26.76,14.03,3.74,S3,5.736,0,S3,site_s3,S3,S3,S3
1786255528.340,c1,reserve,6000,0.053,26.29,13.62,3.6,S3,0,,0,36.0,obs,338,26.29,13.62,3.6,S3,26.29,13.62,3.6,S3,26.29,13.62,3.46,S3,5.533,0,S3,site_s3,S3,S3,S3
1786255528.340,c1,search,6000,6.562,24.54,14.15,4.42,S3,0,,0,4474.0,obs,509,24.54,14.15,4.42,S3,24.54,14.15,4.42,S3,24.54,14.15,4.12,S3,5.533,0,S3,site_s3,S3,S3,S3
1786255528.340,c1,recommend,6000,0.293,26.47,13.73,3.71,S3,0,,0,200.0,obs,682,26.47,13.73,3.71,S3,26.47,13.73,3.71,S3,26.47,13.73,3.38,S3,5.533,0,S3,site_s3,S3,S3,S3
1786255528.340,c2,reserve,,0.0,26.34,13.67,3.65,S3,0,,0,36.0,obs,338,26.34,13.67,3.65,S3,26.34,13.67,3.65,S3,26.34,13.67,3.51,S3,5.533,0,S3,site_s3,S3,S3,S3
1786255528.340,c2,search,,0.0,31.1,20.71,10.98,S3,0,,0,4474.0,obs,509,31.1,20.71,10.98,S3,31.1,20.71,10.98,S3,31.1,20.71,10.68,S3,5.533,0,S3,site_s3,S3,S3,S3
1786255528.340,c2,recommend,,0.0,26.76,14.03,4.0,S3,0,,0,200.0,obs,682,26.76,14.03,4.0,S3,26.76,14.03,4.0,S3,26.76,14.03,3.68,S3,5.533,0,S3,site_s3,S3,S3,S3
1786255529.339,c1,reserve,6000,0.053,26.29,13.62,3.6,S3,0,,0,36.0,obs,340,26.29,13.62,3.6,S3,26.29,13.62,3.6,S3,26.29,13.62,3.56,S3,5.599,0,S3,site_s3,S3,S3,S3
1786255529.339,c1,search,6000,6.562,24.54,14.15,4.42,S3,0,,0,4474.0,obs,512,24.54,14.15,4.42,S3,24.54,14.15,4.42,S3,24.54,14.15,4.21,S3,5.599,0,S3,site_s3,S3,S3,S3
1786255529.339,c1,recommend,6000,0.293,26.47,13.73,3.71,S3,0,,0,200.0,obs,678,26.47,13.73,3.71,S3,26.47,13.73,3.71,S3,26.47,13.73,3.44,S3,5.599,0,S3,site_s3,S3,S3,S3
1786255529.339,c2,reserve,,0.0,26.34,13.67,3.65,S3,0,,0,36.0,obs,340,26.34,13.67,3.65,S3,26.34,13.67,3.65,S3,26.34,13.67,3.61,S3,5.599,0,S3,site_s3,S3,S3,S3
1786255529.339,c2,search,,0.0,31.1,20.71,10.98,S3,0,,0,4474.0,obs,512,31.1,20.71,10.98,S3,31.1,20.71,10.98,S3,31.1,20.71,10.77,S3,5.599,0,S3,site_s3,S3,S3,S3
1786255529.339,c2,recommend,,0.0,26.76,14.03,4.0,S3,0,,0,200.0,obs,678,26.76,14.03,4.0,S3,26.76,14.03,4.0,S3,26.76,14.03,3.74,S3,5.599,0,S3,site_s3,S3,S3,S3
1786255530.339,c1,reserve,6000,0.053,26.29,13.62,3.6,S3,0,,0,36.0,obs,344,26.29,13.62,3.6,S3,26.29,13.62,3.6,S3,26.29,13.62,3.52,S3,5.82,0,S3,site_s3,S3,S3,S3
1786255530.339,c1,search,6000,6.562,24.54,14.15,4.42,S3,0,,0,4474.0,obs,508,24.54,14.15,4.42,S3,24.54,14.15,4.42,S3,24.54,14.15,4.07,S3,5.82,0,S3,site_s3,S3,S3,S3
1786255530.339,c1,recommend,6000,0.293,26.47,13.73,3.71,S3,0,,0,200.0,obs,678,26.47,13.73,3.71,S3,26.47,13.73,3.71,S3,26.47,13.73,3.48,S3,5.82,0,S3,site_s3,S3,S3,S3
1786255530.339,c2,reserve,,0.0,26.34,13.67,3.65,S3,0,,0,36.0,obs,344,26.34,13.67,3.65,S3,26.34,13.67,3.65,S3,26.34,13.67,3.57,S3,5.82,0,S3,site_s3,S3,S3,S3
1786255530.339,c2,search,,0.0,31.1,20.71,10.98,S3,0,,0,4474.0,obs,508,31.1,20.71,10.98,S3,31.1,20.71,10.98,S3,31.1,20.71,10.63,S3,5.82,0,S3,site_s3,S3,S3,S3
1786255530.339,c2,recommend,,0.0,26.76,14.03,4.0,S3,0,,0,200.0,obs,678,26.76,14.03,4.0,S3,26.76,14.03,4.0,S3,26.76,14.03,3.77,S3,5.82,0,S3,site_s3,S3,S3,S3
1786255531.339,c1,reserve,6000,0.053,26.29,13.62,3.6,S3,0,,0,36.0,obs,340,26.29,13.62,3.6,S3,26.29,13.62,3.6,S3,26.29,13.62,3.39,S3,5.557,0,S3,site_s3,S3,S3,S3
1786255531.339,c1,search,6000,6.562,24.54,14.15,4.42,S3,0,,0,4474.0,obs,508,24.54,14.15,4.42,S3,24.54,14.15,4.42,S3,24.54,14.15,4.06,S3,5.557,0,S3,site_s3,S3,S3,S3
1786255531.339,c1,recommend,6000,0.293,26.47,13.73,3.71,S3,0,,0,200.0,obs,683,26.47,13.73,3.71,S3,26.47,13.73,3.71,S3,26.47,13.73,3.45,S3,5.557,0,S3,site_s3,S3,S3,S3
1786255531.339,c2,reserve,,0.0,26.34,13.67,3.65,S3,0,,0,36.0,obs,340,26.34,13.67,3.65,S3,26.34,13.67,3.65,S3,26.34,13.67,3.44,S3,5.557,0,S3,site_s3,S3,S3,S3
1786255531.339,c2,search,,0.0,31.1,20.71,10.98,S3,0,,0,4474.0,obs,508,31.1,20.71,10.98,S3,31.1,20.71,10.98,S3,31.1,20.71,10.62,S3,5.557,0,S3,site_s3,S3,S3,S3
1786255531.339,c2,recommend,,0.0,26.76,14.03,4.0,S3,0,,0,200.0,obs,683,26.76,14.03,4.0,S3,26.76,14.03,4.0,S3,26.76,14.03,3.75,S3,5.557,0,S3,site_s3,S3,S3,S3
1786255532.339,c1,reserve,6000,0.053,26.29,13.62,3.6,S3,0,,0,36.0,obs,339,26.29,13.62,3.6,S3,26.29,13.62,3.6,S3,26.29,13.62,3.47,S3,5.555,0,S3,site_s3,S3,S3,S3
1786255532.339,c1,search,6000,6.562,24.54,14.15,4.42,S3,0,,0,4474.0,obs,511,24.54,14.15,4.42,S3,24.54,14.15,4.42,S3,24.54,14.15,4.08,S3,5.555,0,S3,site_s3,S3,S3,S3
1786255532.339,c1,recommend,6000,0.293,26.47,13.73,3.71,S3,0,,0,200.0,obs,684,26.47,13.73,3.71,S3,26.47,13.73,3.71,S3,26.47,13.73,3.46,S3,5.555,0,S3,site_s3,S3,S3,S3
1786255532.339,c2,reserve,,0.0,26.34,13.67,3.65,S3,0,,0,36.0,obs,339,26.34,13.67,3.65,S3,26.34,13.67,3.65,S3,26.34,13.67,3.52,S3,5.555,0,S3,site_s3,S3,S3,S3
1786255532.339,c2,search,,0.0,31.1,20.71,10.98,S3,0,,0,4474.0,obs,511,31.1,20.71,10.98,S3,31.1,20.71,10.98,S3,31.1,20.71,10.64,S3,5.555,0,S3,site_s3,S3,S3,S3
1786255532.339,c2,recommend,,0.0,26.76,14.03,4.0,S3,0,,0,200.0,obs,684,26.76,14.03,4.0,S3,26.76,14.03,4.0,S3,26.76,14.03,3.75,S3,5.555,0,S3,site_s3,S3,S3,S3
1786255533.339,c1,reserve,6000,0.053,26.29,13.62,3.6,S3,0,,0,36.0,obs,339,26.29,13.62,3.6,S3,26.29,13.62,3.6,S3,26.29,13.62,3.5,S3,5.548,0,S3,site_s3,S3,S3,S3
1786255533.339,c1,search,6000,6.562,24.54,14.15,4.42,S3,0,,0,4474.0,obs,513,24.54,14.15,4.42,S3,24.54,14.15,4.42,S3,24.54,14.15,4.21,S3,5.548,0,S3,site_s3,S3,S3,S3
1786255533.339,c1,recommend,6000,0.293,26.47,13.73,3.71,S3,0,,0,200.0,obs,681,26.47,13.73,3.71,S3,26.47,13.73,3.71,S3,26.47,13.73,3.47,S3,5.548,0,S3,site_s3,S3,S3,S3
1786255533.339,c2,reserve,,0.0,26.34,13.67,3.65,S3,0,,0,36.0,obs,339,26.34,13.67,3.65,S3,26.34,13.67,3.65,S3,26.34,13.67,3.55,S3,5.548,0,S3,site_s3,S3,S3,S3
1786255533.339,c2,search,,0.0,31.1,20.71,10.98,S3,0,,0,4474.0,obs,513,31.1,20.71,10.98,S3,31.1,20.71,10.98,S3,31.1,20.71,10.77,S3,5.548,0,S3,site_s3,S3,S3,S3
1786255533.339,c2,recommend,,0.0,26.76,14.03,4.0,S3,0,,0,200.0,obs,681,26.76,14.03,4.0,S3,26.76,14.03,4.0,S3,26.76,14.03,3.77,S3,5.548,0,S3,site_s3,S3,S3,S3
1786255534.340,c1,reserve,6000,0.053,26.29,13.62,3.6,S3,0,,0,36.0,obs,343,26.29,13.62,3.6,S3,26.29,13.62,3.6,S3,26.29,13.62,3.45,S3,5.661,0,S3,site_s3,S3,S3,S3
1786255534.340,c1,search,6000,6.562,24.54,14.15,4.42,S3,0,,0,4474.0,obs,512,24.54,14.15,4.42,S3,24.54,14.15,4.42,S3,24.54,14.15,4.14,S3,5.661,0,S3,site_s3,S3,S3,S3
1786255534.340,c1,recommend,6000,0.293,26.47,13.73,3.71,S3,0,,0,200.0,obs,679,26.47,13.73,3.71,S3,26.47,13.73,3.71,S3,26.47,13.73,3.41,S3,5.661,0,S3,site_s3,S3,S3,S3
1786255534.340,c2,reserve,,0.0,26.34,13.67,3.65,S3,0,,0,36.0,obs,343,26.34,13.67,3.65,S3,26.34,13.67,3.65,S3,26.34,13.67,3.5,S3,5.661,0,S3,site_s3,S3,S3,S3
1786255534.340,c2,search,,0.0,31.1,20.71,10.98,S3,0,,0,4474.0,obs,512,31.1,20.71,10.98,S3,31.1,20.71,10.98,S3,31.1,20.71,10.7,S3,5.661,0,S3,site_s3,S3,S3,S3
1786255534.340,c2,recommend,,0.0,26.76,14.03,4.0,S3,0,,0,200.0,obs,679,26.76,14.03,4.0,S3,26.76,14.03,4.0,S3,26.76,14.03,3.7,S3,5.661,0,S3,site_s3,S3,S3,S3
1786255535.339,c1,reserve,6000,0.053,26.29,13.62,3.6,S3,0,,0,36.0,obs,343,26.29,13.62,3.6,S3,26.29,13.62,3.6,S3,26.29,13.62,3.43,S3,5.558,0,S3,site_s3,S3,S3,S3
1786255535.339,c1,search,6000,6.562,24.54,14.15,4.42,S3,0,,0,4474.0,obs,510,24.54,14.15,4.42,S3,24.54,14.15,4.42,S3,24.54,14.15,4.1,S3,5.558,0,S3,site_s3,S3,S3,S3
1786255535.339,c1,recommend,6000,0.293,26.47,13.73,3.71,S3,0,,0,200.0,obs,683,26.47,13.73,3.71,S3,26.47,13.73,3.71,S3,26.47,13.73,3.38,S3,5.558,0,S3,site_s3,S3,S3,S3
1786255535.339,c2,reserve,,0.0,26.34,13.67,3.65,S3,0,,0,36.0,obs,343,26.34,13.67,3.65,S3,26.34,13.67,3.65,S3,26.34,13.67,3.49,S3,5.558,0,S3,site_s3,S3,S3,S3
1786255535.339,c2,search,,0.0,31.1,20.71,10.98,S3,0,,0,4474.0,obs,510,31.1,20.71,10.98,S3,31.1,20.71,10.98,S3,31.1,20.71,10.66,S3,5.558,0,S3,site_s3,S3,S3,S3
1786255535.339,c2,recommend,,0.0,26.76,14.03,4.0,S3,0,,0,200.0,obs,683,26.76,14.03,4.0,S3,26.76,14.03,4.0,S3,26.76,14.03,3.68,S3,5.558,0,S3,site_s3,S3,S3,S3
1786255536.340,c1,reserve,6000,0.053,26.29,13.62,3.6,S3,0,,0,36.0,obs,340,26.29,13.62,3.6,S3,26.29,13.62,3.6,S3,26.29,13.62,3.36,S3,5.776,0,S3,site_s3,S3,S3,S3
1786255536.340,c1,search,6000,6.562,24.54,14.15,4.42,S3,0,,0,4474.0,obs,511,24.54,14.15,4.42,S3,24.54,14.15,4.42,S3,24.54,14.15,4.04,S3,5.776,0,S3,site_s3,S3,S3,S3
1786255536.340,c1,recommend,6000,0.293,26.47,13.73,3.71,S3,0,,0,200.0,obs,685,26.47,13.73,3.71,S3,26.47,13.73,3.71,S3,26.47,13.73,3.27,S3,5.776,0,S3,site_s3,S3,S3,S3
1786255536.340,c2,reserve,,0.0,26.34,13.67,3.65,S3,0,,0,36.0,obs,340,26.34,13.67,3.65,S3,26.34,13.67,3.65,S3,26.34,13.67,3.42,S3,5.776,0,S3,site_s3,S3,S3,S3
1786255536.340,c2,search,,0.0,31.1,20.71,10.98,S3,0,,0,4474.0,obs,511,31.1,20.71,10.98,S3,31.1,20.71,10.98,S3,31.1,20.71,10.6,S3,5.776,0,S3,site_s3,S3,S3,S3
1786255536.340,c2,recommend,,0.0,26.76,14.03,4.0,S3,0,,0,200.0,obs,685,26.76,14.03,4.0,S3,26.76,14.03,4.0,S3,26.76,14.03,3.57,S3,5.776,0,S3,site_s3,S3,S3,S3
1786255537.339,c1,reserve,6000,0.053,26.29,13.62,3.6,S3,0,,0,36.0,obs,339,26.29,13.62,3.6,S3,26.29,13.62,3.6,S3,26.29,13.62,3.37,S3,5.5,0,S3,site_s3,S3,S3,S3
1786255537.339,c1,search,6000,6.562,24.54,14.15,4.42,S3,0,,0,4474.0,obs,512,24.54,14.15,4.42,S3,24.54,14.15,4.42,S3,24.54,14.15,4.05,S3,5.5,0,S3,site_s3,S3,S3,S3
1786255537.339,c1,recommend,6000,0.293,26.47,13.73,3.71,S3,0,,0,200.0,obs,686,26.47,13.73,3.71,S3,26.47,13.73,3.71,S3,26.47,13.73,3.39,S3,5.5,0,S3,site_s3,S3,S3,S3
1786255537.339,c2,reserve,,0.0,26.34,13.67,3.65,S3,0,,0,36.0,obs,339,26.34,13.67,3.65,S3,26.34,13.67,3.65,S3,26.34,13.67,3.42,S3,5.5,0,S3,site_s3,S3,S3,S3
1786255537.339,c2,search,,0.0,31.1,20.71,10.98,S3,0,,0,4474.0,obs,512,31.1,20.71,10.98,S3,31.1,20.71,10.98,S3,31.1,20.71,10.61,S3,5.5,0,S3,site_s3,S3,S3,S3
1786255537.339,c2,recommend,,0.0,26.76,14.03,4.0,S3,0,,0,200.0,obs,686,26.76,14.03,4.0,S3,26.76,14.03,4.0,S3,26.76,14.03,3.69,S3,5.5,0,S3,site_s3,S3,S3,S3
1786255538.339,c1,reserve,6000,0.053,26.29,13.62,3.6,S3,0,,0,36.0,obs,342,26.29,13.62,3.6,S3,26.29,13.62,3.6,S3,26.29,13.62,3.38,S3,5.542,0,S3,site_s3,S3,S3,S3
1786255538.339,c1,search,6000,6.562,24.54,14.15,4.42,S3,0,,0,4474.0,obs,514,24.54,14.15,4.42,S3,24.54,14.15,4.42,S3,24.54,14.15,4.15,S3,5.542,0,S3,site_s3,S3,S3,S3
1786255538.339,c1,recommend,6000,0.293,26.47,13.73,3.71,S3,0,,0,200.0,obs,681,26.47,13.73,3.71,S3,26.47,13.73,3.71,S3,26.47,13.73,3.5,S3,5.542,0,S3,site_s3,S3,S3,S3
1786255538.339,c2,reserve,,0.0,26.34,13.67,3.65,S3,0,,0,36.0,obs,342,26.34,13.67,3.65,S3,26.34,13.67,3.65,S3,26.34,13.67,3.44,S3,5.542,0,S3,site_s3,S3,S3,S3
1786255538.339,c2,search,,0.0,31.1,20.71,10.98,S3,0,,0,4474.0,obs,514,31.1,20.71,10.98,S3,31.1,20.71,10.98,S3,31.1,20.71,10.71,S3,5.542,0,S3,site_s3,S3,S3,S3
1786255538.339,c2,recommend,,0.0,26.76,14.03,4.0,S3,0,,0,200.0,obs,681,26.76,14.03,4.0,S3,26.76,14.03,4.0,S3,26.76,14.03,3.79,S3,5.542,0,S3,site_s3,S3,S3,S3
1786255539.339,c1,reserve,6000,0.053,26.29,13.62,3.6,S3,0,,0,36.0,obs,346,26.29,13.62,3.6,S3,26.29,13.62,3.6,S3,26.29,13.62,3.47,S3,5.621,0,S3,site_s3,S3,S3,S3
1786255539.339,c1,search,6000,6.562,24.54,14.15,4.42,S3,0,,0,4474.0,obs,511,24.54,14.15,4.42,S3,24.54,14.15,4.42,S3,24.54,14.15,4.16,S3,5.621,0,S3,site_s3,S3,S3,S3
1786255539.339,c1,recommend,6000,0.293,26.47,13.73,3.71,S3,0,,0,200.0,obs,682,26.47,13.73,3.71,S3,26.47,13.73,3.71,S3,26.47,13.73,3.49,S3,5.621,0,S3,site_s3,S3,S3,S3
1786255539.339,c2,reserve,,0.0,26.34,13.67,3.65,S3,0,,0,36.0,obs,346,26.34,13.67,3.65,S3,26.34,13.67,3.65,S3,26.34,13.67,3.52,S3,5.621,0,S3,site_s3,S3,S3,S3
1786255539.339,c2,search,,0.0,31.1,20.71,10.98,S3,0,,0,4474.0,obs,511,31.1,20.71,10.98,S3,31.1,20.71,10.98,S3,31.1,20.71,10.72,S3,5.621,0,S3,site_s3,S3,S3,S3
1786255539.339,c2,recommend,,0.0,26.76,14.03,4.0,S3,0,,0,200.0,obs,682,26.76,14.03,4.0,S3,26.76,14.03,4.0,S3,26.76,14.03,3.78,S3,5.621,0,S3,site_s3,S3,S3,S3
1786255540.340,c1,reserve,6000,0.053,26.29,13.62,3.6,S3,0,,0,36.0,obs,342,26.29,13.62,3.6,S3,26.29,13.62,3.6,S3,26.29,13.62,3.54,S3,5.65,0,S3,site_s3,S3,S3,S3
1786255540.340,c1,search,6000,6.562,24.54,14.15,4.42,S3,0,,0,4474.0,obs,511,24.54,14.15,4.42,S3,24.54,14.15,4.42,S3,24.54,14.15,4.14,S3,5.65,0,S3,site_s3,S3,S3,S3
1786255540.340,c1,recommend,6000,0.293,26.47,13.73,3.71,S3,0,,0,200.0,obs,687,26.47,13.73,3.71,S3,26.47,13.73,3.71,S3,26.47,13.73,3.5,S3,5.65,0,S3,site_s3,S3,S3,S3
1786255540.340,c2,reserve,,0.0,26.34,13.67,3.65,S3,0,,0,36.0,obs,342,26.34,13.67,3.65,S3,26.34,13.67,3.65,S3,26.34,13.67,3.59,S3,5.65,0,S3,site_s3,S3,S3,S3
1786255540.340,c2,search,,0.0,31.1,20.71,10.98,S3,0,,0,4474.0,obs,511,31.1,20.71,10.98,S3,31.1,20.71,10.98,S3,31.1,20.71,10.7,S3,5.65,0,S3,site_s3,S3,S3,S3
1786255540.340,c2,recommend,,0.0,26.76,14.03,4.0,S3,0,,0,200.0,obs,687,26.76,14.03,4.0,S3,26.76,14.03,4.0,S3,26.76,14.03,3.8,S3,5.65,0,S3,site_s3,S3,S3,S3
1786255541.340,c1,reserve,6000,0.053,26.29,13.62,3.6,S3,0,,0,36.0,obs,340,26.29,13.62,3.6,S3,26.29,13.62,3.6,S3,26.29,13.62,3.51,S3,5.663,0,S3,site_s3,S3,S3,S3
1786255541.340,c1,search,6000,6.562,24.54,14.15,4.42,S3,0,,0,4474.0,obs,512,24.54,14.15,4.42,S3,24.54,14.15,4.42,S3,24.54,14.15,4.04,S3,5.663,0,S3,site_s3,S3,S3,S3
1786255541.340,c1,recommend,6000,0.293,26.47,13.73,3.71,S3,0,,0,200.0,obs,686,26.47,13.73,3.71,S3,26.47,13.73,3.71,S3,26.47,13.73,3.5,S3,5.663,0,S3,site_s3,S3,S3,S3
1786255541.340,c2,reserve,,0.0,26.34,13.67,3.65,S3,0,,0,36.0,obs,340,26.34,13.67,3.65,S3,26.34,13.67,3.65,S3,26.34,13.67,3.56,S3,5.663,0,S3,site_s3,S3,S3,S3
1786255541.340,c2,search,,0.0,31.1,20.71,10.98,S3,0,,0,4474.0,obs,512,31.1,20.71,10.98,S3,31.1,20.71,10.98,S3,31.1,20.71,10.6,S3,5.663,0,S3,site_s3,S3,S3,S3
1786255541.340,c2,recommend,,0.0,26.76,14.03,4.0,S3,0,,0,200.0,obs,686,26.76,14.03,4.0,S3,26.76,14.03,4.0,S3,26.76,14.03,3.79,S3,5.663,0,S3,site_s3,S3,S3,S3
1786255542.340,c1,reserve,6000,0.053,26.29,13.62,3.6,S3,0,,0,36.0,obs,341,26.29,13.62,3.6,S3,26.29,13.62,3.6,S3,26.29,13.62,3.52,S3,5.645,0,S3,site_s3,S3,S3,S3
1786255542.340,c1,search,6000,6.562,24.54,14.15,4.42,S3,0,,0,4474.0,obs,516,24.54,14.15,4.42,S3,24.54,14.15,4.42,S3,24.54,14.15,3.99,S3,5.645,0,S3,site_s3,S3,S3,S3
1786255542.340,c1,recommend,6000,0.293,26.47,13.73,3.71,S3,0,,0,200.0,obs,684,26.47,13.73,3.71,S3,26.47,13.73,3.71,S3,26.47,13.73,3.43,S3,5.645,0,S3,site_s3,S3,S3,S3
1786255542.340,c2,reserve,,0.0,26.34,13.67,3.65,S3,0,,0,36.0,obs,341,26.34,13.67,3.65,S3,26.34,13.67,3.65,S3,26.34,13.67,3.58,S3,5.645,0,S3,site_s3,S3,S3,S3
1786255542.340,c2,search,,0.0,31.1,20.71,10.98,S3,0,,0,4474.0,obs,516,31.1,20.71,10.98,S3,31.1,20.71,10.98,S3,31.1,20.71,10.55,S3,5.645,0,S3,site_s3,S3,S3,S3
1786255542.340,c2,recommend,,0.0,26.76,14.03,4.0,S3,0,,0,200.0,obs,684,26.76,14.03,4.0,S3,26.76,14.03,4.0,S3,26.76,14.03,3.72,S3,5.645,0,S3,site_s3,S3,S3,S3
1786255543.339,c1,reserve,6000,0.053,26.29,13.62,3.6,S3,0,,0,36.0,obs,345,26.29,13.62,3.6,S3,26.29,13.62,3.6,S3,26.29,13.62,3.54,S3,5.591,0,S3,site_s3,S3,S3,S3
1786255543.339,c1,search,6000,6.562,24.54,14.15,4.42,S3,0,,0,4474.0,obs,515,24.54,14.15,4.42,S3,24.54,14.15,4.42,S3,24.54,14.15,4.06,S3,5.591,0,S3,site_s3,S3,S3,S3
1786255543.339,c1,recommend,6000,0.293,26.47,13.73,3.71,S3,0,,0,200.0,obs,682,26.47,13.73,3.71,S3,26.47,13.73,3.71,S3,26.47,13.73,3.36,S3,5.591,0,S3,site_s3,S3,S3,S3
1786255543.339,c2,reserve,,0.0,26.34,13.67,3.65,S3,0,,0,36.0,obs,345,26.34,13.67,3.65,S3,26.34,13.67,3.65,S3,26.34,13.67,3.59,S3,5.591,0,S3,site_s3,S3,S3,S3
1786255543.339,c2,search,,0.0,31.1,20.71,10.98,S3,0,,0,4474.0,obs,515,31.1,20.71,10.98,S3,31.1,20.71,10.98,S3,31.1,20.71,10.62,S3,5.591,0,S3,site_s3,S3,S3,S3
1786255543.339,c2,recommend,,0.0,26.76,14.03,4.0,S3,0,,0,200.0,obs,682,26.76,14.03,4.0,S3,26.76,14.03,4.0,S3,26.76,14.03,3.66,S3,5.591,0,S3,site_s3,S3,S3,S3
1786255544.339,c1,reserve,6000,0.053,26.29,13.62,3.6,S3,0,,0,36.0,obs,346,26.29,13.62,3.6,S3,26.29,13.62,3.6,S3,26.29,13.62,3.55,S3,5.509,0,S3,site_s3,S3,S3,S3
1786255544.339,c1,search,6000,6.562,24.54,14.15,4.42,S3,0,,0,4474.0,obs,511,24.54,14.15,4.42,S3,24.54,14.15,4.42,S3,24.54,14.15,4.11,S3,5.509,0,S3,site_s3,S3,S3,S3
1786255544.339,c1,recommend,6000,0.293,26.47,13.73,3.71,S3,0,,0,200.0,obs,685,26.47,13.73,3.71,S3,26.47,13.73,3.71,S3,26.47,13.73,3.37,S3,5.509,0,S3,site_s3,S3,S3,S3
1786255544.339,c2,reserve,,0.0,26.34,13.67,3.65,S3,0,,0,36.0,obs,346,26.34,13.67,3.65,S3,26.34,13.67,3.65,S3,26.34,13.67,3.6,S3,5.509,0,S3,site_s3,S3,S3,S3
1786255544.339,c2,search,,0.0,31.1,20.71,10.98,S3,0,,0,4474.0,obs,511,31.1,20.71,10.98,S3,31.1,20.71,10.98,S3,31.1,20.71,10.67,S3,5.509,0,S3,site_s3,S3,S3,S3
1786255544.339,c2,recommend,,0.0,26.76,14.03,4.0,S3,0,,0,200.0,obs,685,26.76,14.03,4.0,S3,26.76,14.03,4.0,S3,26.76,14.03,3.66,S3,5.509,0,S3,site_s3,S3,S3,S3
1786255545.339,c1,reserve,6000,0.053,26.29,13.62,3.6,S3,0,,0,36.0,obs,342,26.29,13.62,3.6,S3,26.29,13.62,3.6,S3,26.29,13.62,3.59,S3,5.643,0,S3,site_s3,S3,S3,S3
1786255545.339,c1,search,6000,6.562,24.54,14.15,4.42,S3,0,,0,4474.0,obs,513,24.54,14.15,4.42,S3,24.54,14.15,4.42,S3,24.54,14.15,4.2,S3,5.643,0,S3,site_s3,S3,S3,S3
1786255545.339,c1,recommend,6000,0.293,26.47,13.73,3.71,S3,0,,0,200.0,obs,689,26.47,13.73,3.71,S3,26.47,13.73,3.71,S3,26.47,13.73,3.49,S3,5.643,0,S3,site_s3,S3,S3,S3
1786255545.339,c2,reserve,,0.0,26.34,13.67,3.65,S3,0,,0,36.0,obs,342,26.34,13.67,3.65,S3,26.34,13.67,3.65,S3,26.34,13.67,3.65,S3,5.643,0,S3,site_s3,S3,S3,S3
1786255545.339,c2,search,,0.0,31.1,20.71,10.98,S3,0,,0,4474.0,obs,513,31.1,20.71,10.98,S3,31.1,20.71,10.98,S3,31.1,20.71,10.76,S3,5.643,0,S3,site_s3,S3,S3,S3
1786255545.339,c2,recommend,,0.0,26.76,14.03,4.0,S3,0,,0,200.0,obs,689,26.76,14.03,4.0,S3,26.76,14.03,4.0,S3,26.76,14.03,3.79,S3,5.643,0,S3,site_s3,S3,S3,S3
1786255546.339,c1,reserve,6000,0.053,26.29,13.62,3.6,S3,0,,0,36.0,obs,340,26.29,13.62,3.6,S3,26.29,13.62,3.6,S3,26.29,13.62,3.55,S3,5.471,0,S3,site_s3,S3,S3,S3
1786255546.339,c1,search,6000,6.562,24.54,14.15,4.42,S3,0,,0,4474.0,obs,515,24.54,14.15,4.42,S3,24.54,14.15,4.42,S3,24.54,14.15,4.23,S3,5.471,0,S3,site_s3,S3,S3,S3
1786255546.339,c1,recommend,6000,0.293,26.47,13.73,3.71,S3,0,,0,200.0,obs,689,26.47,13.73,3.71,S3,26.47,13.73,3.71,S3,26.47,13.73,3.52,S3,5.471,0,S3,site_s3,S3,S3,S3
1786255546.339,c2,reserve,,0.0,26.34,13.67,3.65,S3,0,,0,36.0,obs,340,26.34,13.67,3.65,S3,26.34,13.67,3.65,S3,26.34,13.67,3.6,S3,5.471,0,S3,site_s3,S3,S3,S3
1786255546.339,c2,search,,0.0,31.1,20.71,10.98,S3,0,,0,4474.0,obs,515,31.1,20.71,10.98,S3,31.1,20.71,10.98,S3,31.1,20.71,10.79,S3,5.471,0,S3,site_s3,S3,S3,S3
1786255546.339,c2,recommend,,0.0,26.76,14.03,4.0,S3,0,,0,200.0,obs,689,26.76,14.03,4.0,S3,26.76,14.03,4.0,S3,26.76,14.03,3.81,S3,5.471,0,S3,site_s3,S3,S3,S3
1786255547.339,c1,reserve,6000,0.053,26.29,13.62,3.6,S3,0,,0,36.0,obs,344,26.29,13.62,3.6,S3,26.29,13.62,3.6,S3,26.29,13.62,3.38,S3,5.616,0,S3,site_s3,S3,S3,S3
1786255547.339,c1,search,6000,6.562,24.54,14.15,4.42,S3,0,,0,4474.0,obs,516,24.54,14.15,4.42,S3,24.54,14.15,4.42,S3,24.54,14.15,4.1,S3,5.616,0,S3,site_s3,S3,S3,S3
1786255547.339,c1,recommend,6000,0.293,26.47,13.73,3.71,S3,0,,0,200.0,obs,684,26.47,13.73,3.71,S3,26.47,13.73,3.71,S3,26.47,13.73,3.45,S3,5.616,0,S3,site_s3,S3,S3,S3
1786255547.339,c2,reserve,,0.0,26.34,13.67,3.65,S3,0,,0,36.0,obs,344,26.34,13.67,3.65,S3,26.34,13.67,3.65,S3,26.34,13.67,3.43,S3,5.616,0,S3,site_s3,S3,S3,S3
1786255547.339,c2,search,,0.0,31.1,20.71,10.98,S3,0,,0,4474.0,obs,516,31.1,20.71,10.98,S3,31.1,20.71,10.98,S3,31.1,20.71,10.66,S3,5.616,0,S3,site_s3,S3,S3,S3
1786255547.339,c2,recommend,,0.0,26.76,14.03,4.0,S3,0,,0,200.0,obs,684,26.76,14.03,4.0,S3,26.76,14.03,4.0,S3,26.76,14.03,3.75,S3,5.616,0,S3,site_s3,S3,S3,S3
1786255548.339,c1,reserve,6000,0.053,26.29,13.62,3.6,S3,0,,0,36.0,obs,347,26.29,13.62,3.6,S3,26.29,13.62,3.6,S3,26.29,13.62,3.23,S3,5.65,0,S3,site_s3,S3,S3,S3
1786255548.339,c1,search,6000,6.562,24.54,14.15,4.42,S3,0,,0,4474.0,obs,514,24.54,14.15,4.42,S3,24.54,14.15,4.42,S3,24.54,14.15,4.09,S3,5.65,0,S3,site_s3,S3,S3,S3
1786255548.339,c1,recommend,6000,0.293,26.47,13.73,3.71,S3,0,,0,200.0,obs,684,26.47,13.73,3.71,S3,26.47,13.73,3.71,S3,26.47,13.73,3.44,S3,5.65,0,S3,site_s3,S3,S3,S3
1786255548.339,c2,reserve,,0.0,26.34,13.67,3.65,S3,0,,0,36.0,obs,347,26.34,13.67,3.65,S3,26.34,13.67,3.65,S3,26.34,13.67,3.28,S3,5.65,0,S3,site_s3,S3,S3,S3
1786255548.339,c2,search,,0.0,31.1,20.71,10.98,S3,0,,0,4474.0,obs,514,31.1,20.71,10.98,S3,31.1,20.71,10.98,S3,31.1,20.71,10.65,S3,5.65,0,S3,site_s3,S3,S3,S3
1786255548.339,c2,recommend,,0.0,26.76,14.03,4.0,S3,0,,0,200.0,obs,684,26.76,14.03,4.0,S3,26.76,14.03,4.0,S3,26.76,14.03,3.73,S3,5.65,0,S3,site_s3,S3,S3,S3
1786255549.340,c1,reserve,6000,0.053,26.29,13.62,3.6,S3,0,,0,36.0,obs,344,26.29,13.62,3.6,S3,26.29,13.62,3.6,S3,26.29,13.62,3.4,S3,5.569,0,S3,site_s3,S3,S3,S3
1786255549.340,c1,search,6000,6.562,24.54,14.15,4.42,S3,0,,0,4474.0,obs,513,24.54,14.15,4.42,S3,24.54,14.15,4.42,S3,24.54,14.15,4.16,S3,5.569,0,S3,site_s3,S3,S3,S3
1786255549.340,c1,recommend,6000,0.293,26.47,13.73,3.71,S3,0,,0,200.0,obs,689,26.47,13.73,3.71,S3,26.47,13.73,3.71,S3,26.47,13.73,3.48,S3,5.569,0,S3,site_s3,S3,S3,S3
1786255549.340,c2,reserve,,0.0,26.34,13.67,3.65,S3,0,,0,36.0,obs,344,26.34,13.67,3.65,S3,26.34,13.67,3.65,S3,26.34,13.67,3.45,S3,5.569,0,S3,site_s3,S3,S3,S3
1786255549.340,c2,search,,0.0,31.1,20.71,10.98,S3,0,,0,4474.0,obs,513,31.1,20.71,10.98,S3,31.1,20.71,10.98,S3,31.1,20.71,10.72,S3,5.569,0,S3,site_s3,S3,S3,S3
1786255549.340,c2,recommend,,0.0,26.76,14.03,4.0,S3,0,,0,200.0,obs,689,26.76,14.03,4.0,S3,26.76,14.03,4.0,S3,26.76,14.03,3.77,S3,5.569,0,S3,site_s3,S3,S3,S3
1786255550.340,c1,reserve,6000,0.053,26.29,13.62,3.6,S3,0,,0,36.0,obs,341,26.29,13.62,3.6,S3,26.29,13.62,3.6,S3,26.29,13.62,3.5,S3,5.544,0,S3,site_s3,S3,S3,S3
1786255550.340,c1,search,6000,6.562,24.54,14.15,4.42,S3,0,,0,4474.0,obs,515,24.54,14.15,4.42,S3,24.54,14.15,4.42,S3,24.54,14.15,4.16,S3,5.544,0,S3,site_s3,S3,S3,S3
1786255550.340,c1,recommend,6000,0.293,26.47,13.73,3.71,S3,0,,0,200.0,obs,691,26.47,13.73,3.71,S3,26.47,13.73,3.71,S3,26.47,13.73,3.49,S3,5.544,0,S3,site_s3,S3,S3,S3
1786255550.340,c2,reserve,,0.0,26.34,13.67,3.65,S3,0,,0,36.0,obs,341,26.34,13.67,3.65,S3,26.34,13.67,3.65,S3,26.34,13.67,3.55,S3,5.544,0,S3,site_s3,S3,S3,S3
1786255550.340,c2,search,,0.0,31.1,20.71,10.98,S3,0,,0,4474.0,obs,515,31.1,20.71,10.98,S3,31.1,20.71,10.98,S3,31.1,20.71,10.72,S3,5.544,0,S3,site_s3,S3,S3,S3
1786255550.340,c2,recommend,,0.0,26.76,14.03,4.0,S3,0,,0,200.0,obs,691,26.76,14.03,4.0,S3,26.76,14.03,4.0,S3,26.76,14.03,3.79,S3,5.544,0,S3,site_s3,S3,S3,S3
1786255551.339,c1,reserve,6000,0.053,26.29,13.62,3.6,S3,0,,0,36.0,obs,341,26.29,13.62,3.6,S3,26.29,13.62,3.6,S3,26.29,13.62,3.55,S3,5.536,0,S3,site_s3,S3,S3,S3
1786255551.339,c1,search,6000,6.562,24.54,14.15,4.42,S3,0,,0,4474.0,obs,519,24.54,14.15,4.42,S3,24.54,14.15,4.42,S3,24.54,14.15,4.15,S3,5.536,0,S3,site_s3,S3,S3,S3
1786255551.339,c1,recommend,6000,0.293,26.47,13.73,3.71,S3,0,,0,200.0,obs,688,26.47,13.73,3.71,S3,26.47,13.73,3.71,S3,26.47,13.73,3.45,S3,5.536,0,S3,site_s3,S3,S3,S3
1786255551.339,c2,reserve,,0.0,26.34,13.67,3.65,S3,0,,0,36.0,obs,341,26.34,13.67,3.65,S3,26.34,13.67,3.65,S3,26.34,13.67,3.6,S3,5.536,0,S3,site_s3,S3,S3,S3
1786255551.339,c2,search,,0.0,31.1,20.71,10.98,S3,0,,0,4474.0,obs,519,31.1,20.71,10.98,S3,31.1,20.71,10.98,S3,31.1,20.71,10.71,S3,5.536,0,S3,site_s3,S3,S3,S3
1786255551.339,c2,recommend,,0.0,26.76,14.03,4.0,S3,0,,0,200.0,obs,688,26.76,14.03,4.0,S3,26.76,14.03,4.0,S3,26.76,14.03,3.74,S3,5.536,0,S3,site_s3,S3,S3,S3
1786255552.339,c1,reserve,6000,0.053,26.29,13.62,3.6,S3,0,,0,36.0,obs,346,26.29,13.62,3.6,S3,26.29,13.62,3.6,S3,26.29,13.62,3.62,S3,5.651,0,S3,site_s3,S3,S3,S3
1786255552.339,c1,search,6000,6.562,24.54,14.15,4.42,S3,0,,0,4474.0,obs,518,24.54,14.15,4.42,S3,24.54,14.15,4.42,S3,24.54,14.15,4.01,S3,5.651,0,S3,site_s3,S3,S3,S3
1786255552.339,c1,recommend,6000,0.293,26.47,13.73,3.71,S3,0,,0,200.0,obs,686,26.47,13.73,3.71,S3,26.47,13.73,3.71,S3,26.47,13.73,3.44,S3,5.651,0,S3,site_s3,S3,S3,S3
1786255552.339,c2,reserve,,0.0,26.34,13.67,3.65,S3,0,,0,36.0,obs,346,26.34,13.67,3.65,S3,26.34,13.67,3.65,S3,26.34,13.67,3.68,S3,5.651,0,S3,site_s3,S3,S3,S3
1786255552.339,c2,search,,0.0,31.1,20.71,10.98,S3,0,,0,4474.0,obs,518,31.1,20.71,10.98,S3,31.1,20.71,10.98,S3,31.1,20.71,10.57,S3,5.651,0,S3,site_s3,S3,S3,S3
1786255552.339,c2,recommend,,0.0,26.76,14.03,4.0,S3,0,,0,200.0,obs,686,26.76,14.03,4.0,S3,26.76,14.03,4.0,S3,26.76,14.03,3.73,S3,5.651,0,S3,site_s3,S3,S3,S3
1786255553.340,c1,reserve,6000,0.053,26.29,13.62,3.6,S3,0,,0,36.0,obs,348,26.29,13.62,3.6,S3,26.29,13.62,3.6,S3,26.29,13.62,3.49,S3,5.527,0,S3,site_s3,S3,S3,S3
1786255553.340,c1,search,6000,6.562,24.54,14.15,4.42,S3,0,,0,4474.0,obs,514,24.54,14.15,4.42,S3,24.54,14.15,4.42,S3,24.54,14.15,4.01,S3,5.527,0,S3,site_s3,S3,S3,S3
1786255553.340,c1,recommend,6000,0.293,26.47,13.73,3.71,S3,0,,0,200.0,obs,688,26.47,13.73,3.71,S3,26.47,13.73,3.71,S3,26.47,13.73,3.41,S3,5.527,0,S3,site_s3,S3,S3,S3
1786255553.340,c2,reserve,,0.0,26.34,13.67,3.65,S3,0,,0,36.0,obs,348,26.34,13.67,3.65,S3,26.34,13.67,3.65,S3,26.34,13.67,3.54,S3,5.527,0,S3,site_s3,S3,S3,S3
1786255553.340,c2,search,,0.0,31.1,20.71,10.98,S3,0,,0,4474.0,obs,514,31.1,20.71,10.98,S3,31.1,20.71,10.98,S3,31.1,20.71,10.57,S3,5.527,0,S3,site_s3,S3,S3,S3
1786255553.340,c2,recommend,,0.0,26.76,14.03,4.0,S3,0,,0,200.0,obs,688,26.76,14.03,4.0,S3,26.76,14.03,4.0,S3,26.76,14.03,3.71,S3,5.527,0,S3,site_s3,S3,S3,S3
1786255554.339,c1,reserve,6000,0.053,26.29,13.62,3.6,S3,0,,0,36.0,obs,344,26.29,13.62,3.6,S3,26.29,13.62,3.6,S3,26.29,13.62,3.38,S3,5.633,0,S3,site_s3,S3,S3,S3
1786255554.339,c1,search,6000,6.562,24.54,14.15,4.42,S3,0,,0,4474.0,obs,515,24.54,14.15,4.42,S3,24.54,14.15,4.42,S3,24.54,14.15,4.06,S3,5.633,0,S3,site_s3,S3,S3,S3
1786255554.339,c1,recommend,6000,0.293,26.47,13.73,3.71,S3,0,,0,200.0,obs,693,26.47,13.73,3.71,S3,26.47,13.73,3.71,S3,26.47,13.73,3.4,S3,5.633,0,S3,site_s3,S3,S3,S3
1786255554.339,c2,reserve,,0.0,26.34,13.67,3.65,S3,0,,0,36.0,obs,344,26.34,13.67,3.65,S3,26.34,13.67,3.65,S3,26.34,13.67,3.44,S3,5.633,0,S3,site_s3,S3,S3,S3
1786255554.339,c2,search,,0.0,31.1,20.71,10.98,S3,0,,0,4474.0,obs,515,31.1,20.71,10.98,S3,31.1,20.71,10.98,S3,31.1,20.71,10.62,S3,5.633,0,S3,site_s3,S3,S3,S3
1786255554.339,c2,recommend,,0.0,26.76,14.03,4.0,S3,0,,0,200.0,obs,693,26.76,14.03,4.0,S3,26.76,14.03,4.0,S3,26.76,14.03,3.7,S3,5.633,0,S3,site_s3,S3,S3,S3
1786255555.339,c1,reserve,6000,0.053,26.29,13.62,3.6,S3,0,,0,36.0,obs,342,26.29,13.62,3.6,S3,26.29,13.62,3.6,S3,26.29,13.62,3.38,S3,5.522,0,S3,site_s3,S3,S3,S3
1786255555.339,c1,search,6000,6.562,24.54,14.15,4.42,S3,0,,0,4474.0,obs,517,24.54,14.15,4.42,S3,24.54,14.15,4.42,S3,24.54,14.15,4.1,S3,5.522,0,S3,site_s3,S3,S3,S3
1786255555.339,c1,recommend,6000,0.293,26.47,13.73,3.71,S3,0,,0,200.0,obs,693,26.47,13.73,3.71,S3,26.47,13.73,3.71,S3,26.47,13.73,3.51,S3,5.522,0,S3,site_s3,S3,S3,S3
1786255555.339,c2,reserve,,0.0,26.34,13.67,3.65,S3,0,,0,36.0,obs,342,26.34,13.67,3.65,S3,26.34,13.67,3.65,S3,26.34,13.67,3.44,S3,5.522,0,S3,site_s3,S3,S3,S3
1786255555.339,c2,search,,0.0,31.1,20.71,10.98,S3,0,,0,4474.0,obs,517,31.1,20.71,10.98,S3,31.1,20.71,10.98,S3,31.1,20.71,10.66,S3,5.522,0,S3,site_s3,S3,S3,S3
1786255555.339,c2,recommend,,0.0,26.76,14.03,4.0,S3,0,,0,200.0,obs,693,26.76,14.03,4.0,S3,26.76,14.03,4.0,S3,26.76,14.03,3.8,S3,5.522,0,S3,site_s3,S3,S3,S3
1786255556.340,c1,reserve,6000,0.053,26.29,13.62,3.6,S3,0,,0,36.0,obs,345,26.29,13.62,3.6,S3,26.29,13.62,3.6,S3,26.29,13.62,3.53,S3,5.694,0,S3,site_s3,S3,S3,S3
1786255556.340,c1,search,6000,6.562,24.54,14.15,4.42,S3,0,,0,4474.0,obs,519,24.54,14.15,4.42,S3,24.54,14.15,4.42,S3,24.54,14.15,4.08,S3,5.694,0,S3,site_s3,S3,S3,S3
1786255556.340,c1,recommend,6000,0.293,26.47,13.73,3.71,S3,0,,0,200.0,obs,689,26.47,13.73,3.71,S3,26.47,13.73,3.71,S3,26.47,13.73,3.55,S3,5.694,0,S3,site_s3,S3,S3,S3
1786255556.340,c2,reserve,,0.0,26.34,13.67,3.65,S3,0,,0,36.0,obs,345,26.34,13.67,3.65,S3,26.34,13.67,3.65,S3,26.34,13.67,3.58,S3,5.694,0,S3,site_s3,S3,S3,S3
1786255556.340,c2,search,,0.0,31.1,20.71,10.98,S3,0,,0,4474.0,obs,519,31.1,20.71,10.98,S3,31.1,20.71,10.98,S3,31.1,20.71,10.64,S3,5.694,0,S3,site_s3,S3,S3,S3
1786255556.340,c2,recommend,,0.0,26.76,14.03,4.0,S3,0,,0,200.0,obs,689,26.76,14.03,4.0,S3,26.76,14.03,4.0,S3,26.76,14.03,3.84,S3,5.694,0,S3,site_s3,S3,S3,S3
1786255557.340,c1,reserve,6000,0.053,26.29,13.62,3.6,S3,0,,0,36.0,obs,348,26.29,13.62,3.6,S3,26.29,13.62,3.6,S3,26.29,13.62,3.57,S3,5.76,0,S3,site_s3,S3,S3,S3
1786255557.340,c1,search,6000,6.562,24.54,14.15,4.42,S3,0,,0,4474.0,obs,519,24.54,14.15,4.42,S3,24.54,14.15,4.42,S3,24.54,14.15,4.09,S3,5.76,0,S3,site_s3,S3,S3,S3
1786255557.340,c1,recommend,6000,0.293,26.47,13.73,3.71,S3,0,,0,200.0,obs,688,26.47,13.73,3.71,S3,26.47,13.73,3.71,S3,26.47,13.73,3.5,S3,5.76,0,S3,site_s3,S3,S3,S3
1786255557.340,c2,reserve,,0.0,26.34,13.67,3.65,S3,0,,0,36.0,obs,348,26.34,13.67,3.65,S3,26.34,13.67,3.65,S3,26.34,13.67,3.62,S3,5.76,0,S3,site_s3,S3,S3,S3
1786255557.340,c2,search,,0.0,31.1,20.71,10.98,S3,0,,0,4474.0,obs,519,31.1,20.71,10.98,S3,31.1,20.71,10.98,S3,31.1,20.71,10.65,S3,5.76,0,S3,site_s3,S3,S3,S3
1786255557.340,c2,recommend,,0.0,26.76,14.03,4.0,S3,0,,0,200.0,obs,688,26.76,14.03,4.0,S3,26.76,14.03,4.0,S3,26.76,14.03,3.8,S3,5.76,0,S3,site_s3,S3,S3,S3
1786255558.340,c1,reserve,6000,0.053,26.29,13.62,3.6,S3,0,,0,36.0,obs,347,26.29,13.62,3.6,S3,26.29,13.62,3.6,S3,26.29,13.62,3.55,S3,5.542,0,S3,site_s3,S3,S3,S3
1786255558.340,c1,search,6000,6.562,24.54,14.15,4.42,S3,0,,0,4474.0,obs,516,24.54,14.15,4.42,S3,24.54,14.15,4.42,S3,24.54,14.15,4.08,S3,5.542,0,S3,site_s3,S3,S3,S3
1786255558.340,c1,recommend,6000,0.293,26.47,13.73,3.71,S3,0,,0,200.0,obs,692,26.47,13.73,3.71,S3,26.47,13.73,3.71,S3,26.47,13.73,3.43,S3,5.542,0,S3,site_s3,S3,S3,S3
1786255558.340,c2,reserve,,0.0,26.34,13.67,3.65,S3,0,,0,36.0,obs,347,26.34,13.67,3.65,S3,26.34,13.67,3.65,S3,26.34,13.67,3.6,S3,5.542,0,S3,site_s3,S3,S3,S3
1786255558.340,c2,search,,0.0,31.1,20.71,10.98,S3,0,,0,4474.0,obs,516,31.1,20.71,10.98,S3,31.1,20.71,10.98,S3,31.1,20.71,10.64,S3,5.542,0,S3,site_s3,S3,S3,S3
1786255558.340,c2,recommend,,0.0,26.76,14.03,4.0,S3,0,,0,200.0,obs,692,26.76,14.03,4.0,S3,26.76,14.03,4.0,S3,26.76,14.03,3.72,S3,5.542,0,S3,site_s3,S3,S3,S3
1786255559.339,c1,reserve,6000,0.053,26.29,13.62,3.6,S3,0,,0,36.0,obs,343,26.29,13.62,3.6,S3,26.29,13.62,3.6,S3,26.29,13.62,3.41,S3,5.61,0,S3,site_s3,S3,S3,S3
1786255559.339,c1,search,6000,6.562,24.54,14.15,4.42,S3,0,,0,4474.0,obs,518,24.54,14.15,4.42,S3,24.54,14.15,4.42,S3,24.54,14.15,4.1,S3,5.61,0,S3,site_s3,S3,S3,S3
1786255559.339,c1,recommend,6000,0.293,26.47,13.73,3.71,S3,0,,0,200.0,obs,695,26.47,13.73,3.71,S3,26.47,13.73,3.71,S3,26.47,13.73,3.43,S3,5.61,0,S3,site_s3,S3,S3,S3
1786255559.339,c2,reserve,,0.0,26.34,13.67,3.65,S3,0,,0,36.0,obs,343,26.34,13.67,3.65,S3,26.34,13.67,3.65,S3,26.34,13.67,3.47,S3,5.61,0,S3,site_s3,S3,S3,S3
1786255559.339,c2,search,,0.0,31.1,20.71,10.98,S3,0,,0,4474.0,obs,518,31.1,20.71,10.98,S3,31.1,20.71,10.98,S3,31.1,20.71,10.66,S3,5.61,0,S3,site_s3,S3,S3,S3
1786255559.339,c2,recommend,,0.0,26.76,14.03,4.0,S3,0,,0,200.0,obs,695,26.76,14.03,4.0,S3,26.76,14.03,4.0,S3,26.76,14.03,3.72,S3,5.61,0,S3,site_s3,S3,S3,S3
1786255560.339,c1,reserve,6000,0.053,26.29,13.62,3.6,S3,0,,0,36.0,obs,343,26.29,13.62,3.6,S3,26.29,13.62,3.6,S3,26.29,13.62,3.41,S3,5.516,0,S3,site_s3,S3,S3,S3
1786255560.339,c1,search,6000,6.562,24.54,14.15,4.42,S3,0,,0,4474.0,obs,522,24.54,14.15,4.42,S3,24.54,14.15,4.42,S3,24.54,14.15,4.19,S3,5.516,0,S3,site_s3,S3,S3,S3
1786255560.339,c1,recommend,6000,0.293,26.47,13.73,3.71,S3,0,,0,200.0,obs,693,26.47,13.73,3.71,S3,26.47,13.73,3.71,S3,26.47,13.73,3.46,S3,5.516,0,S3,site_s3,S3,S3,S3
1786255560.339,c2,reserve,,0.0,26.34,13.67,3.65,S3,0,,0,36.0,obs,343,26.34,13.67,3.65,S3,26.34,13.67,3.65,S3,26.34,13.67,3.46,S3,5.516,0,S3,site_s3,S3,S3,S3
1786255560.339,c2,search,,0.0,31.1,20.71,10.98,S3,0,,0,4474.0,obs,522,31.1,20.71,10.98,S3,31.1,20.71,10.98,S3,31.1,20.71,10.75,S3,5.516,0,S3,site_s3,S3,S3,S3
1786255560.339,c2,recommend,,0.0,26.76,14.03,4.0,S3,0,,0,200.0,obs,693,26.76,14.03,4.0,S3,26.76,14.03,4.0,S3,26.76,14.03,3.75,S3,5.516,0,S3,site_s3,S3,S3,S3
1786255561.339,c1,reserve,6000,0.053,26.29,13.62,3.6,S3,0,,0,36.0,obs,348,26.29,13.62,3.6,S3,26.29,13.62,3.6,S3,26.29,13.62,3.41,S3,5.345,0,S3,site_s3,S3,S3,S3
1786255561.339,c1,search,6000,6.562,24.54,14.15,4.42,S3,0,,0,4474.0,obs,520,24.54,14.15,4.42,S3,24.54,14.15,4.42,S3,24.54,14.15,4.17,S3,5.345,0,S3,site_s3,S3,S3,S3
1786255561.339,c1,recommend,6000,0.293,26.47,13.73,3.71,S3,0,,0,200.0,obs,690,26.47,13.73,3.71,S3,26.47,13.73,3.71,S3,26.47,13.73,3.47,S3,5.345,0,S3,site_s3,S3,S3,S3
1786255561.339,c2,reserve,,0.0,26.34,13.67,3.65,S3,0,,0,36.0,obs,348,26.34,13.67,3.65,S3,26.34,13.67,3.65,S3,26.34,13.67,3.46,S3,5.345,0,S3,site_s3,S3,S3,S3
1786255561.339,c2,search,,0.0,31.1,20.71,10.98,S3,0,,0,4474.0,obs,520,31.1,20.71,10.98,S3,31.1,20.71,10.98,S3,31.1,20.71,10.73,S3,5.345,0,S3,site_s3,S3,S3,S3
1786255561.339,c2,recommend,,0.0,26.76,14.03,4.0,S3,0,,0,200.0,obs,690,26.76,14.03,4.0,S3,26.76,14.03,4.0,S3,26.76,14.03,3.76,S3,5.345,0,S3,site_s3,S3,S3,S3
1786255562.340,c1,reserve,6000,0.053,26.29,13.62,3.6,S3,0,,0,36.0,obs,350,26.29,13.62,3.6,S3,26.29,13.62,3.6,S3,26.29,13.62,3.44,S3,5.657,0,S3,site_s3,S3,S3,S3
1786255562.340,c1,search,6000,6.562,24.54,14.15,4.42,S3,0,,0,4474.0,obs,517,24.54,14.15,4.42,S3,24.54,14.15,4.42,S3,24.54,14.15,4.16,S3,5.657,0,S3,site_s3,S3,S3,S3
1786255562.340,c1,recommend,6000,0.293,26.47,13.73,3.71,S3,0,,0,200.0,obs,692,26.47,13.73,3.71,S3,26.47,13.73,3.71,S3,26.47,13.73,3.51,S3,5.657,0,S3,site_s3,S3,S3,S3
1786255562.340,c2,reserve,,0.0,26.34,13.67,3.65,S3,0,,0,36.0,obs,350,26.34,13.67,3.65,S3,26.34,13.67,3.65,S3,26.34,13.67,3.49,S3,5.657,0,S3,site_s3,S3,S3,S3
1786255562.340,c2,search,,0.0,31.1,20.71,10.98,S3,0,,0,4474.0,obs,517,31.1,20.71,10.98,S3,31.1,20.71,10.98,S3,31.1,20.71,10.73,S3,5.657,0,S3,site_s3,S3,S3,S3
1786255562.340,c2,recommend,,0.0,26.76,14.03,4.0,S3,0,,0,200.0,obs,692,26.76,14.03,4.0,S3,26.76,14.03,4.0,S3,26.76,14.03,3.81,S3,5.657,0,S3,site_s3,S3,S3,S3
1786255563.339,c1,reserve,6000,0.053,26.29,13.62,3.6,S3,0,,0,36.0,obs,346,26.29,13.62,3.6,S3,26.29,13.62,3.6,S3,26.29,13.62,3.49,S3,5.53,0,S3,site_s3,S3,S3,S3
1786255563.339,c1,search,6000,6.562,24.54,14.15,4.42,S3,0,,0,4474.0,obs,517,24.54,14.15,4.42,S3,24.54,14.15,4.42,S3,24.54,14.15,4.05,S3,5.53,0,S3,site_s3,S3,S3,S3
1786255563.339,c1,recommend,6000,0.293,26.47,13.73,3.71,S3,0,,0,200.0,obs,697,26.47,13.73,3.71,S3,26.47,13.73,3.71,S3,26.47,13.73,3.42,S3,5.53,0,S3,site_s3,S3,S3,S3
1786255563.339,c2,reserve,,0.0,26.34,13.67,3.65,S3,0,,0,36.0,obs,346,26.34,13.67,3.65,S3,26.34,13.67,3.65,S3,26.34,13.67,3.54,S3,5.53,0,S3,site_s3,S3,S3,S3
1786255563.339,c2,search,,0.0,31.1,20.71,10.98,S3,0,,0,4474.0,obs,517,31.1,20.71,10.98,S3,31.1,20.71,10.98,S3,31.1,20.71,10.61,S3,5.53,0,S3,site_s3,S3,S3,S3
1786255563.339,c2,recommend,,0.0,26.76,14.03,4.0,S3,0,,0,200.0,obs,697,26.76,14.03,4.0,S3,26.76,14.03,4.0,S3,26.76,14.03,3.71,S3,5.53,0,S3,site_s3,S3,S3,S3
1786255564.340,c1,reserve,6000,0.053,26.29,13.62,3.6,S3,0,,0,36.0,obs,344,26.29,13.62,3.6,S3,26.29,13.62,3.6,S3,26.29,13.62,3.54,S3,5.488,0,S3,site_s3,S3,S3,S3
1786255564.340,c1,search,6000,6.562,24.54,14.15,4.42,S3,0,,0,4474.0,obs,520,24.54,14.15,4.42,S3,24.54,14.15,4.42,S3,24.54,14.15,4.05,S3,5.488,0,S3,site_s3,S3,S3,S3
1786255564.340,c1,recommend,6000,0.293,26.47,13.73,3.71,S3,0,,0,200.0,obs,697,26.47,13.73,3.71,S3,26.47,13.73,3.71,S3,26.47,13.73,3.43,S3,5.488,0,S3,site_s3,S3,S3,S3
1786255564.340,c2,reserve,,0.0,26.34,13.67,3.65,S3,0,,0,36.0,obs,344,26.34,13.67,3.65,S3,26.34,13.67,3.65,S3,26.34,13.67,3.6,S3,5.488,0,S3,site_s3,S3,S3,S3
1786255564.340,c2,search,,0.0,31.1,20.71,10.98,S3,0,,0,4474.0,obs,520,31.1,20.71,10.98,S3,31.1,20.71,10.98,S3,31.1,20.71,10.61,S3,5.488,0,S3,site_s3,S3,S3,S3
1786255564.340,c2,recommend,,0.0,26.76,14.03,4.0,S3,0,,0,200.0,obs,697,26.76,14.03,4.0,S3,26.76,14.03,4.0,S3,26.76,14.03,3.73,S3,5.488,0,S3,site_s3,S3,S3,S3
1786255565.340,c1,reserve,6000,0.053,26.29,13.62,3.6,S3,0,,0,36.0,obs,347,26.29,13.62,3.6,S3,26.29,13.62,3.6,S3,26.29,13.62,3.51,S3,5.706,0,S3,site_s3,S3,S3,S3
1786255565.340,c1,search,6000,6.562,24.54,14.15,4.42,S3,0,,0,4474.0,obs,522,24.54,14.15,4.42,S3,24.54,14.15,4.42,S3,24.54,14.15,4.22,S3,5.706,0,S3,site_s3,S3,S3,S3
1786255565.340,c1,recommend,6000,0.293,26.47,13.73,3.71,S3,0,,0,200.0,obs,693,26.47,13.73,3.71,S3,26.47,13.73,3.71,S3,26.47,13.73,3.56,S3,5.706,0,S3,site_s3,S3,S3,S3
1786255565.340,c2,reserve,,0.0,26.34,13.67,3.65,S3,0,,0,36.0,obs,347,26.34,13.67,3.65,S3,26.34,13.67,3.65,S3,26.34,13.67,3.56,S3,5.706,0,S3,site_s3,S3,S3,S3
1786255565.340,c2,search,,0.0,31.1,20.71,10.98,S3,0,,0,4474.0,obs,522,31.1,20.71,10.98,S3,31.1,20.71,10.98,S3,31.1,20.71,10.79,S3,5.706,0,S3,site_s3,S3,S3,S3
1786255565.340,c2,recommend,,0.0,26.76,14.03,4.0,S3,0,,0,200.0,obs,693,26.76,14.03,4.0,S3,26.76,14.03,4.0,S3,26.76,14.03,3.86,S3,5.706,0,S3,site_s3,S3,S3,S3
1786255566.339,c1,reserve,6000,0.053,26.29,13.62,3.6,S3,0,,0,36.0,obs,350,26.29,13.62,3.6,S3,26.29,13.62,3.6,S3,26.29,13.62,3.46,S3,5.625,0,S3,site_s3,S3,S3,S3
1786255566.339,c1,search,6000,6.562,24.54,14.15,4.42,S3,0,,0,4474.0,obs,522,24.54,14.15,4.42,S3,24.54,14.15,4.42,S3,24.54,14.15,4.18,S3,5.625,0,S3,site_s3,S3,S3,S3
1786255566.339,c1,recommend,6000,0.293,26.47,13.73,3.71,S3,0,,0,200.0,obs,692,26.47,13.73,3.71,S3,26.47,13.73,3.71,S3,26.47,13.73,3.54,S3,5.625,0,S3,site_s3,S3,S3,S3
1786255566.339,c2,reserve,,0.0,26.34,13.67,3.65,S3,0,,0,36.0,obs,350,26.34,13.67,3.65,S3,26.34,13.67,3.65,S3,26.34,13.67,3.51,S3,5.625,0,S3,site_s3,S3,S3,S3
1786255566.339,c2,search,,0.0,31.1,20.71,10.98,S3,0,,0,4474.0,obs,522,31.1,20.71,10.98,S3,31.1,20.71,10.98,S3,31.1,20.71,10.74,S3,5.625,0,S3,site_s3,S3,S3,S3
1786255566.339,c2,recommend,,0.0,26.76,14.03,4.0,S3,0,,0,200.0,obs,692,26.76,14.03,4.0,S3,26.76,14.03,4.0,S3,26.76,14.03,3.84,S3,5.625,0,S3,site_s3,S3,S3,S3
1786255567.339,c1,reserve,6000,0.053,26.29,13.62,3.6,S3,0,,0,36.0,obs,349,26.29,13.62,3.6,S3,26.29,13.62,3.6,S3,26.29,13.62,3.35,S3,5.577,0,S3,site_s3,S3,S3,S3
1786255567.339,c1,search,6000,6.562,24.54,14.15,4.42,S3,0,,0,4474.0,obs,519,24.54,14.15,4.42,S3,24.54,14.15,4.42,S3,24.54,14.15,4.18,S3,5.577,0,S3,site_s3,S3,S3,S3
1786255567.339,c1,recommend,6000,0.293,26.47,13.73,3.71,S3,0,,0,200.0,obs,696,26.47,13.73,3.71,S3,26.47,13.73,3.71,S3,26.47,13.73,3.47,S3,5.577,0,S3,site_s3,S3,S3,S3
1786255567.339,c2,reserve,,0.0,26.34,13.67,3.65,S3,0,,0,36.0,obs,349,26.34,13.67,3.65,S3,26.34,13.67,3.65,S3,26.34,13.67,3.4,S3,5.577,0,S3,site_s3,S3,S3,S3
1786255567.339,c2,search,,0.0,31.1,20.71,10.98,S3,0,,0,4474.0,obs,519,31.1,20.71,10.98,S3,31.1,20.71,10.98,S3,31.1,20.71,10.74,S3,5.577,0,S3,site_s3,S3,S3,S3
1786255567.339,c2,recommend,,0.0,26.76,14.03,4.0,S3,0,,0,200.0,obs,696,26.76,14.03,4.0,S3,26.76,14.03,4.0,S3,26.76,14.03,3.77,S3,5.577,0,S3,site_s3,S3,S3,S3
1786255568.340,c1,reserve,6000,0.053,26.29,13.62,3.6,S3,0,,0,36.0,obs,345,26.29,13.62,3.6,S3,26.29,13.62,3.6,S3,26.29,13.62,3.35,S3,5.628,0,S3,site_s3,S3,S3,S3
1786255568.340,c1,search,6000,6.562,24.54,14.15,4.42,S3,0,,0,4474.0,obs,521,24.54,14.15,4.42,S3,24.54,14.15,4.42,S3,24.54,14.15,4.15,S3,5.628,0,S3,site_s3,S3,S3,S3
1786255568.340,c1,recommend,6000,0.293,26.47,13.73,3.71,S3,0,,0,200.0,obs,699,26.47,13.73,3.71,S3,26.47,13.73,3.71,S3,26.47,13.73,3.46,S3,5.628,0,S3,site_s3,S3,S3,S3
1786255568.340,c2,reserve,,0.0,26.34,13.67,3.65,S3,0,,0,36.0,obs,345,26.34,13.67,3.65,S3,26.34,13.67,3.65,S3,26.34,13.67,3.4,S3,5.628,0,S3,site_s3,S3,S3,S3
1786255568.340,c2,search,,0.0,31.1,20.71,10.98,S3,0,,0,4474.0,obs,521,31.1,20.71,10.98,S3,31.1,20.71,10.98,S3,31.1,20.71,10.71,S3,5.628,0,S3,site_s3,S3,S3,S3
1786255568.340,c2,recommend,,0.0,26.76,14.03,4.0,S3,0,,0,200.0,obs,699,26.76,14.03,4.0,S3,26.76,14.03,4.0,S3,26.76,14.03,3.75,S3,5.628,0,S3,site_s3,S3,S3,S3
1786255569.339,c1,reserve,6000,0.053,26.29,13.62,3.6,S3,0,,0,36.0,obs,345,26.29,13.62,3.6,S3,26.29,13.62,3.6,S3,26.29,13.62,3.43,S3,5.563,0,S3,site_s3,S3,S3,S3
1786255569.339,c1,search,6000,6.562,24.54,14.15,4.42,S3,0,,0,4474.0,obs,524,24.54,14.15,4.42,S3,24.54,14.15,4.42,S3,24.54,14.15,4.11,S3,5.563,0,S3,site_s3,S3,S3,S3
1786255569.339,c1,recommend,6000,0.293,26.47,13.73,3.71,S3,0,,0,200.0,obs,696,26.47,13.73,3.71,S3,26.47,13.73,3.71,S3,26.47,13.73,3.41,S3,5.563,0,S3,site_s3,S3,S3,S3
1786255569.339,c2,reserve,,0.0,26.34,13.67,3.65,S3,0,,0,36.0,obs,345,26.34,13.67,3.65,S3,26.34,13.67,3.65,S3,26.34,13.67,3.48,S3,5.563,0,S3,site_s3,S3,S3,S3
1786255569.339,c2,search,,0.0,31.1,20.71,10.98,S3,0,,0,4474.0,obs,524,31.1,20.71,10.98,S3,31.1,20.71,10.98,S3,31.1,20.71,10.67,S3,5.563,0,S3,site_s3,S3,S3,S3
1786255569.339,c2,recommend,,0.0,26.76,14.03,4.0,S3,0,,0,200.0,obs,696,26.76,14.03,4.0,S3,26.76,14.03,4.0,S3,26.76,14.03,3.71,S3,5.563,0,S3,site_s3,S3,S3,S3
1786255570.339,c1,reserve,6000,0.053,26.29,13.62,3.6,S3,0,,0,36.0,obs,350,26.29,13.62,3.6,S3,26.29,13.62,3.6,S3,26.29,13.62,3.32,S3,5.609,0,S3,site_s3,S3,S3,S3
1786255570.339,c1,search,6000,6.562,24.54,14.15,4.42,S3,0,,0,4474.0,obs,523,24.54,14.15,4.42,S3,24.54,14.15,4.42,S3,24.54,14.15,4.01,S3,5.609,0,S3,site_s3,S3,S3,S3
1786255570.339,c1,recommend,6000,0.293,26.47,13.73,3.71,S3,0,,0,200.0,obs,694,26.47,13.73,3.71,S3,26.47,13.73,3.71,S3,26.47,13.73,3.4,S3,5.609,0,S3,site_s3,S3,S3,S3
1786255570.339,c2,reserve,,0.0,26.34,13.67,3.65,S3,0,,0,36.0,obs,350,26.34,13.67,3.65,S3,26.34,13.67,3.65,S3,26.34,13.67,3.37,S3,5.609,0,S3,site_s3,S3,S3,S3
1786255570.339,c2,search,,0.0,31.1,20.71,10.98,S3,0,,0,4474.0,obs,523,31.1,20.71,10.98,S3,31.1,20.71,10.98,S3,31.1,20.71,10.57,S3,5.609,0,S3,site_s3,S3,S3,S3
1786255570.339,c2,recommend,,0.0,26.76,14.03,4.0,S3,0,,0,200.0,obs,694,26.76,14.03,4.0,S3,26.76,14.03,4.0,S3,26.76,14.03,3.69,S3,5.609,0,S3,site_s3,S3,S3,S3
1786255571.339,c1,reserve,6000,0.053,26.29,13.62,3.6,S3,0,,0,36.0,obs,352,26.29,13.62,3.6,S3,26.29,13.62,3.6,S3,26.29,13.62,3.36,S3,5.647,0,S3,site_s3,S3,S3,S3
1786255571.339,c1,search,6000,6.562,24.54,14.15,4.42,S3,0,,0,4474.0,obs,520,24.54,14.15,4.42,S3,24.54,14.15,4.42,S3,24.54,14.15,4.05,S3,5.647,0,S3,site_s3,S3,S3,S3
1786255571.339,c1,recommend,6000,0.293,26.47,13.73,3.71,S3,0,,0,200.0,obs,696,26.47,13.73,3.71,S3,26.47,13.73,3.71,S3,26.47,13.73,3.42,S3,5.647,0,S3,site_s3,S3,S3,S3
1786255571.339,c2,reserve,,0.0,26.34,13.67,3.65,S3,0,,0,36.0,obs,352,26.34,13.67,3.65,S3,26.34,13.67,3.65,S3,26.34,13.67,3.41,S3,5.647,0,S3,site_s3,S3,S3,S3
1786255571.339,c2,search,,0.0,31.1,20.71,10.98,S3,0,,0,4474.0,obs,520,31.1,20.71,10.98,S3,31.1,20.71,10.98,S3,31.1,20.71,10.61,S3,5.647,0,S3,site_s3,S3,S3,S3
1786255571.339,c2,recommend,,0.0,26.76,14.03,4.0,S3,0,,0,200.0,obs,696,26.76,14.03,4.0,S3,26.76,14.03,4.0,S3,26.76,14.03,3.71,S3,5.647,0,S3,site_s3,S3,S3,S3
1786255572.339,c1,reserve,6000,0.053,26.29,13.62,3.6,S3,0,,0,36.0,obs,348,26.29,13.62,3.6,S3,26.29,13.62,3.6,S3,26.29,13.62,3.56,S3,5.699,0,S3,site_s3,S3,S3,S3
1786255572.339,c1,search,6000,6.562,24.54,14.15,4.42,S3,0,,0,4474.0,obs,519,24.54,14.15,4.42,S3,24.54,14.15,4.42,S3,24.54,14.15,4.02,S3,5.699,0,S3,site_s3,S3,S3,S3
1786255572.339,c1,recommend,6000,0.293,26.47,13.73,3.71,S3,0,,0,200.0,obs,699,26.47,13.73,3.71,S3,26.47,13.73,3.71,S3,26.47,13.73,3.47,S3,5.699,0,S3,site_s3,S3,S3,S3
1786255572.339,c2,reserve,,0.0,26.34,13.67,3.65,S3,0,,0,36.0,obs,348,26.34,13.67,3.65,S3,26.34,13.67,3.65,S3,26.34,13.67,3.61,S3,5.699,0,S3,site_s3,S3,S3,S3
1786255572.339,c2,search,,0.0,31.1,20.71,10.98,S3,0,,0,4474.0,obs,519,31.1,20.71,10.98,S3,31.1,20.71,10.98,S3,31.1,20.71,10.58,S3,5.699,0,S3,site_s3,S3,S3,S3
1786255572.339,c2,recommend,,0.0,26.76,14.03,4.0,S3,0,,0,200.0,obs,699,26.76,14.03,4.0,S3,26.76,14.03,4.0,S3,26.76,14.03,3.77,S3,5.699,0,S3,site_s3,S3,S3,S3
1786255573.339,c1,reserve,6000,0.053,26.29,13.62,3.6,S3,0,,0,36.0,obs,346,26.29,13.62,3.6,S3,26.29,13.62,3.6,S3,26.29,13.62,3.53,S3,5.508,0,S3,site_s3,S3,S3,S3
1786255573.339,c1,search,6000,6.562,24.54,14.15,4.42,S3,0,,0,4474.0,obs,523,24.54,14.15,4.42,S3,24.54,14.15,4.42,S3,24.54,14.15,3.97,S3,5.508,0,S3,site_s3,S3,S3,S3
1786255573.339,c1,recommend,6000,0.293,26.47,13.73,3.71,S3,0,,0,200.0,obs,701,26.47,13.73,3.71,S3,26.47,13.73,3.71,S3,26.47,13.73,3.47,S3,5.508,0,S3,site_s3,S3,S3,S3
1786255573.339,c2,reserve,,0.0,26.34,13.67,3.65,S3,0,,0,36.0,obs,346,26.34,13.67,3.65,S3,26.34,13.67,3.65,S3,26.34,13.67,3.58,S3,5.508,0,S3,site_s3,S3,S3,S3
1786255573.339,c2,search,,0.0,31.1,20.71,10.98,S3,0,,0,4474.0,obs,523,31.1,20.71,10.98,S3,31.1,20.71,10.98,S3,31.1,20.71,10.53,S3,5.508,0,S3,site_s3,S3,S3,S3
1786255573.339,c2,recommend,,0.0,26.76,14.03,4.0,S3,0,,0,200.0,obs,701,26.76,14.03,4.0,S3,26.76,14.03,4.0,S3,26.76,14.03,3.77,S3,5.508,0,S3,site_s3,S3,S3,S3
1786255574.340,c1,reserve,6000,0.053,26.29,13.62,3.6,S3,0,,0,36.0,obs,349,26.29,13.62,3.6,S3,26.29,13.62,3.6,S3,26.29,13.62,3.49,S3,5.603,0,S3,site_s3,S3,S3,S3
1786255574.340,c1,search,6000,6.562,24.54,14.15,4.42,S3,0,,0,4474.0,obs,525,24.54,14.15,4.42,S3,24.54,14.15,4.42,S3,24.54,14.15,4.01,S3,5.603,0,S3,site_s3,S3,S3,S3
1786255574.340,c1,recommend,6000,0.293,26.47,13.73,3.71,S3,0,,0,200.0,obs,696,26.47,13.73,3.71,S3,26.47,13.73,3.71,S3,26.47,13.73,3.44,S3,5.603,0,S3,site_s3,S3,S3,S3
1786255574.340,c2,reserve,,0.0,26.34,13.67,3.65,S3,0,,0,36.0,obs,349,26.34,13.67,3.65,S3,26.34,13.67,3.65,S3,26.34,13.67,3.54,S3,5.603,0,S3,site_s3,S3,S3,S3
1786255574.340,c2,search,,0.0,31.1,20.71,10.98,S3,0,,0,4474.0,obs,525,31.1,20.71,10.98,S3,31.1,20.71,10.98,S3,31.1,20.71,10.57,S3,5.603,0,S3,site_s3,S3,S3,S3
1786255574.340,c2,recommend,,0.0,26.76,14.03,4.0,S3,0,,0,200.0,obs,696,26.76,14.03,4.0,S3,26.76,14.03,4.0,S3,26.76,14.03,3.73,S3,5.603,0,S3,site_s3,S3,S3,S3
1786255575.339,c1,reserve,6000,0.053,26.29,13.62,3.6,S3,0,,0,36.0,obs,352,26.29,13.62,3.6,S3,26.29,13.62,3.6,S3,26.29,13.62,3.4,S3,5.836,0,S3,site_s3,S3,S3,S3
1786255575.339,c1,search,6000,6.562,24.54,14.15,4.42,S3,0,,0,4474.0,obs,523,24.54,14.15,4.42,S3,24.54,14.15,4.42,S3,24.54,14.15,4.05,S3,5.836,0,S3,site_s3,S3,S3,S3
1786255575.339,c1,recommend,6000,0.293,26.47,13.73,3.71,S3,0,,0,200.0,obs,694,26.47,13.73,3.71,S3,26.47,13.73,3.71,S3,26.47,13.73,3.42,S3,5.836,0,S3,site_s3,S3,S3,S3
1786255575.339,c2,reserve,,0.0,26.34,13.67,3.65,S3,0,,0,36.0,obs,352,26.34,13.67,3.65,S3,26.34,13.67,3.65,S3,26.34,13.67,3.46,S3,5.836,0,S3,site_s3,S3,S3,S3
1786255575.339,c2,search,,0.0,31.1,20.71,10.98,S3,0,,0,4474.0,obs,523,31.1,20.71,10.98,S3,31.1,20.71,10.98,S3,31.1,20.71,10.61,S3,5.836,0,S3,site_s3,S3,S3,S3
1786255575.339,c2,recommend,,0.0,26.76,14.03,4.0,S3,0,,0,200.0,obs,694,26.76,14.03,4.0,S3,26.76,14.03,4.0,S3,26.76,14.03,3.71,S3,5.836,0,S3,site_s3,S3,S3,S3
1786255576.339,c1,reserve,6000,0.053,26.29,13.62,3.6,S3,0,,0,36.0,obs,351,26.29,13.62,3.6,S3,26.29,13.62,3.6,S3,26.29,13.62,3.41,S3,5.632,0,S3,site_s3,S3,S3,S3
1786255576.339,c1,search,6000,6.562,24.54,14.15,4.42,S3,0,,0,4474.0,obs,521,24.54,14.15,4.42,S3,24.54,14.15,4.42,S3,24.54,14.15,4.04,S3,5.632,0,S3,site_s3,S3,S3,S3
1786255576.339,c1,recommend,6000,0.293,26.47,13.73,3.71,S3,0,,0,200.0,obs,699,26.47,13.73,3.71,S3,26.47,13.73,3.71,S3,26.47,13.73,3.45,S3,5.632,0,S3,site_s3,S3,S3,S3
1786255576.339,c2,reserve,,0.0,26.34,13.67,3.65,S3,0,,0,36.0,obs,351,26.34,13.67,3.65,S3,26.34,13.67,3.65,S3,26.34,13.67,3.46,S3,5.632,0,S3,site_s3,S3,S3,S3
1786255576.339,c2,search,,0.0,31.1,20.71,10.98,S3,0,,0,4474.0,obs,521,31.1,20.71,10.98,S3,31.1,20.71,10.98,S3,31.1,20.71,10.6,S3,5.632,0,S3,site_s3,S3,S3,S3
1786255576.339,c2,recommend,,0.0,26.76,14.03,4.0,S3,0,,0,200.0,obs,699,26.76,14.03,4.0,S3,26.76,14.03,4.0,S3,26.76,14.03,3.75,S3,5.632,0,S3,site_s3,S3,S3,S3
1786255577.340,c1,reserve,6000,0.053,26.29,13.62,3.6,S3,0,,0,36.0,obs,347,26.29,13.62,3.6,S3,26.29,13.62,3.6,S3,26.29,13.62,3.22,S3,5.617,0,S3,site_s3,S3,S3,S3
1786255577.340,c1,search,6000,6.562,24.54,14.15,4.42,S3,0,,0,4474.0,obs,524,24.54,14.15,4.42,S3,24.54,14.15,4.42,S3,24.54,14.15,4.13,S3,5.617,0,S3,site_s3,S3,S3,S3
1786255577.340,c1,recommend,6000,0.293,26.47,13.73,3.71,S3,0,,0,200.0,obs,703,26.47,13.73,3.71,S3,26.47,13.73,3.71,S3,26.47,13.73,3.51,S3,5.617,0,S3,site_s3,S3,S3,S3
1786255577.340,c2,reserve,,0.0,26.34,13.67,3.65,S3,0,,0,36.0,obs,347,26.34,13.67,3.65,S3,26.34,13.67,3.65,S3,26.34,13.67,3.27,S3,5.617,0,S3,site_s3,S3,S3,S3
1786255577.340,c2,search,,0.0,31.1,20.71,10.98,S3,0,,0,4474.0,obs,524,31.1,20.71,10.98,S3,31.1,20.71,10.98,S3,31.1,20.71,10.69,S3,5.617,0,S3,site_s3,S3,S3,S3
1786255577.340,c2,recommend,,0.0,26.76,14.03,4.0,S3,0,,0,200.0,obs,703,26.76,14.03,4.0,S3,26.76,14.03,4.0,S3,26.76,14.03,3.81,S3,5.617,0,S3,site_s3,S3,S3,S3
1786255578.340,c1,reserve,6000,0.053,26.29,13.62,3.6,S3,0,,0,36.0,obs,347,26.29,13.62,3.6,S3,26.29,13.62,3.6,S3,26.29,13.62,3.38,S3,5.568,0,S3,site_s3,S3,S3,S3
1786255578.340,c1,search,6000,6.562,24.54,14.15,4.42,S3,0,,0,4474.0,obs,526,24.54,14.15,4.42,S3,24.54,14.15,4.42,S3,24.54,14.15,4.22,S3,5.568,0,S3,site_s3,S3,S3,S3
1786255578.340,c1,recommend,6000,0.293,26.47,13.73,3.71,S3,0,,0,200.0,obs,699,26.47,13.73,3.71,S3,26.47,13.73,3.71,S3,26.47,13.73,3.51,S3,5.568,0,S3,site_s3,S3,S3,S3
1786255578.340,c2,reserve,,0.0,26.34,13.67,3.65,S3,0,,0,36.0,obs,347,26.34,13.67,3.65,S3,26.34,13.67,3.65,S3,26.34,13.67,3.43,S3,5.568,0,S3,site_s3,S3,S3,S3
1786255578.340,c2,search,,0.0,31.1,20.71,10.98,S3,0,,0,4474.0,obs,526,31.1,20.71,10.98,S3,31.1,20.71,10.98,S3,31.1,20.71,10.78,S3,5.568,0,S3,site_s3,S3,S3,S3
1786255578.340,c2,recommend,,0.0,26.76,14.03,4.0,S3,0,,0,200.0,obs,699,26.76,14.03,4.0,S3,26.76,14.03,4.0,S3,26.76,14.03,3.81,S3,5.568,0,S3,site_s3,S3,S3,S3
1786255579.339,c1,reserve,6000,0.053,26.29,13.62,3.6,S3,0,,0,36.0,obs,351,26.29,13.62,3.6,S3,26.29,13.62,3.6,S3,26.29,13.62,3.51,S3,5.651,0,S3,site_s3,S3,S3,S3
1786255579.339,c1,search,6000,6.562,24.54,14.15,4.42,S3,0,,0,4474.0,obs,525,24.54,14.15,4.42,S3,24.54,14.15,4.42,S3,24.54,14.15,4.13,S3,5.651,0,S3,site_s3,S3,S3,S3
1786255579.339,c1,recommend,6000,0.293,26.47,13.73,3.71,S3,0,,0,200.0,obs,697,26.47,13.73,3.71,S3,26.47,13.73,3.71,S3,26.47,13.73,3.48,S3,5.651,0,S3,site_s3,S3,S3,S3
1786255579.339,c2,reserve,,0.0,26.34,13.67,3.65,S3,0,,0,36.0,obs,351,26.34,13.67,3.65,S3,26.34,13.67,3.65,S3,26.34,13.67,3.57,S3,5.651,0,S3,site_s3,S3,S3,S3
1786255579.339,c2,search,,0.0,31.1,20.71,10.98,S3,0,,0,4474.0,obs,525,31.1,20.71,10.98,S3,31.1,20.71,10.98,S3,31.1,20.71,10.7,S3,5.651,0,S3,site_s3,S3,S3,S3
1786255579.339,c2,recommend,,0.0,26.76,14.03,4.0,S3,0,,0,200.0,obs,697,26.76,14.03,4.0,S3,26.76,14.03,4.0,S3,26.76,14.03,3.77,S3,5.651,0,S3,site_s3,S3,S3,S3
1786255580.339,c1,reserve,6000,0.053,26.29,13.62,3.6,S3,0,,0,36.0,obs,353,26.29,13.62,3.6,S3,26.29,13.62,3.6,S3,26.29,13.62,3.5,S3,5.51,0,S3,site_s3,S3,S3,S3
1786255580.339,c1,search,6000,6.562,24.54,14.15,4.42,S3,0,,0,4474.0,obs,523,24.54,14.15,4.42,S3,24.54,14.15,4.42,S3,24.54,14.15,4.24,S3,5.51,0,S3,site_s3,S3,S3,S3
1786255580.339,c1,recommend,6000,0.293,26.47,13.73,3.71,S3,0,,0,200.0,obs,698,26.47,13.73,3.71,S3,26.47,13.73,3.71,S3,26.47,13.73,3.45,S3,5.51,0,S3,site_s3,S3,S3,S3
1786255580.339,c2,reserve,,0.0,26.34,13.67,3.65,S3,0,,0,36.0,obs,353,26.34,13.67,3.65,S3,26.34,13.67,3.65,S3,26.34,13.67,3.55,S3,5.51,0,S3,site_s3,S3,S3,S3
1786255580.339,c2,search,,0.0,31.1,20.71,10.98,S3,0,,0,4474.0,obs,523,31.1,20.71,10.98,S3,31.1,20.71,10.98,S3,31.1,20.71,10.8,S3,5.51,0,S3,site_s3,S3,S3,S3
1786255580.339,c2,recommend,,0.0,26.76,14.03,4.0,S3,0,,0,200.0,obs,698,26.76,14.03,4.0,S3,26.76,14.03,4.0,S3,26.76,14.03,3.75,S3,5.51,0,S3,site_s3,S3,S3,S3
1786255581.340,c1,reserve,6000,0.053,26.29,13.62,3.6,S3,0,,0,36.0,obs,350,26.29,13.62,3.6,S3,26.29,13.62,3.6,S3,26.29,13.62,3.5,S3,5.691,0,S3,site_s3,S3,S3,S3
1786255581.340,c1,search,6000,6.562,24.54,14.15,4.42,S3,0,,0,4474.0,obs,522,24.54,14.15,4.42,S3,24.54,14.15,4.42,S3,24.54,14.15,4.26,S3,5.691,0,S3,site_s3,S3,S3,S3
1786255581.340,c1,recommend,6000,0.293,26.47,13.73,3.71,S3,0,,0,200.0,obs,703,26.47,13.73,3.71,S3,26.47,13.73,3.71,S3,26.47,13.73,3.48,S3,5.691,0,S3,site_s3,S3,S3,S3
1786255581.340,c2,reserve,,0.0,26.34,13.67,3.65,S3,0,,0,36.0,obs,350,26.34,13.67,3.65,S3,26.34,13.67,3.65,S3,26.34,13.67,3.55,S3,5.691,0,S3,site_s3,S3,S3,S3
1786255581.340,c2,search,,0.0,31.1,20.71,10.98,S3,0,,0,4474.0,obs,522,31.1,20.71,10.98,S3,31.1,20.71,10.98,S3,31.1,20.71,10.82,S3,5.691,0,S3,site_s3,S3,S3,S3
1786255581.340,c2,recommend,,0.0,26.76,14.03,4.0,S3,0,,0,200.0,obs,703,26.76,14.03,4.0,S3,26.76,14.03,4.0,S3,26.76,14.03,3.77,S3,5.691,0,S3,site_s3,S3,S3,S3
1786255582.340,c1,reserve,6000,0.053,26.29,13.62,3.6,S3,0,,0,36.0,obs,346,26.29,13.62,3.6,S3,26.29,13.62,3.6,S3,26.29,13.62,3.48,S3,5.522,0,S3,site_s3,S3,S3,S3
1786255582.340,c1,search,6000,6.562,24.54,14.15,4.42,S3,0,,0,4474.0,obs,526,24.54,14.15,4.42,S3,24.54,14.15,4.42,S3,24.54,14.15,4.27,S3,5.522,0,S3,site_s3,S3,S3,S3
1786255582.340,c1,recommend,6000,0.293,26.47,13.73,3.71,S3,0,,0,200.0,obs,705,26.47,13.73,3.71,S3,26.47,13.73,3.71,S3,26.47,13.73,3.48,S3,5.522,0,S3,site_s3,S3,S3,S3
1786255582.340,c2,reserve,,0.0,26.34,13.67,3.65,S3,0,,0,36.0,obs,346,26.34,13.67,3.65,S3,26.34,13.67,3.65,S3,26.34,13.67,3.54,S3,5.522,0,S3,site_s3,S3,S3,S3
1786255582.340,c2,search,,0.0,31.1,20.71,10.98,S3,0,,0,4474.0,obs,526,31.1,20.71,10.98,S3,31.1,20.71,10.98,S3,31.1,20.71,10.83,S3,5.522,0,S3,site_s3,S3,S3,S3
1786255582.340,c2,recommend,,0.0,26.76,14.03,4.0,S3,0,,0,200.0,obs,705,26.76,14.03,4.0,S3,26.76,14.03,4.0,S3,26.76,14.03,3.78,S3,5.522,0,S3,site_s3,S3,S3,S3
1786255583.339,c1,reserve,6000,0.053,26.29,13.62,3.6,S3,0,,0,36.0,obs,350,26.29,13.62,3.6,S3,26.29,13.62,3.6,S3,26.29,13.62,3.34,S3,5.653,0,S3,site_s3,S3,S3,S3
1786255583.339,c1,search,6000,6.562,24.54,14.15,4.42,S3,0,,0,4474.0,obs,528,24.54,14.15,4.42,S3,24.54,14.15,4.42,S3,24.54,14.15,4.19,S3,5.653,0,S3,site_s3,S3,S3,S3
1786255583.339,c1,recommend,6000,0.293,26.47,13.73,3.71,S3,0,,0,200.0,obs,700,26.47,13.73,3.71,S3,26.47,13.73,3.71,S3,26.47,13.73,3.5,S3,5.653,0,S3,site_s3,S3,S3,S3
1786255583.339,c2,reserve,,0.0,26.34,13.67,3.65,S3,0,,0,36.0,obs,350,26.34,13.67,3.65,S3,26.34,13.67,3.65,S3,26.34,13.67,3.39,S3,5.653,0,S3,site_s3,S3,S3,S3
1786255583.339,c2,search,,0.0,31.1,20.71,10.98,S3,0,,0,4474.0,obs,528,31.1,20.71,10.98,S3,31.1,20.71,10.98,S3,31.1,20.71,10.75,S3,5.653,0,S3,site_s3,S3,S3,S3
1786255583.339,c2,recommend,,0.0,26.76,14.03,4.0,S3,0,,0,200.0,obs,700,26.76,14.03,4.0,S3,26.76,14.03,4.0,S3,26.76,14.03,3.79,S3,5.653,0,S3,site_s3,S3,S3,S3
1786255584.340,c1,reserve,6000,0.053,26.29,13.62,3.6,S3,0,,0,36.0,obs,354,26.29,13.62,3.6,S3,26.29,13.62,3.6,S3,26.29,13.62,3.4,S3,5.819,0,S3,site_s3,S3,S3,S3
1786255584.340,c1,search,6000,6.562,24.54,14.15,4.42,S3,0,,0,4474.0,obs,526,24.54,14.15,4.42,S3,24.54,14.15,4.42,S3,24.54,14.15,4.19,S3,5.819,0,S3,site_s3,S3,S3,S3
1786255584.340,c1,recommend,6000,0.293,26.47,13.73,3.71,S3,0,,0,200.0,obs,698,26.47,13.73,3.71,S3,26.47,13.73,3.71,S3,26.47,13.73,3.54,S3,5.819,0,S3,site_s3,S3,S3,S3
1786255584.340,c2,reserve,,0.0,26.34,13.67,3.65,S3,0,,0,36.0,obs,354,26.34,13.67,3.65,S3,26.34,13.67,3.65,S3,26.34,13.67,3.46,S3,5.819,0,S3,site_s3,S3,S3,S3
1786255584.340,c2,search,,0.0,31.1,20.71,10.98,S3,0,,0,4474.0,obs,526,31.1,20.71,10.98,S3,31.1,20.71,10.98,S3,31.1,20.71,10.75,S3,5.819,0,S3,site_s3,S3,S3,S3
1786255584.340,c2,recommend,,0.0,26.76,14.03,4.0,S3,0,,0,200.0,obs,698,26.76,14.03,4.0,S3,26.76,14.03,4.0,S3,26.76,14.03,3.84,S3,5.819,0,S3,site_s3,S3,S3,S3
1786255585.340,c1,reserve,6000,0.053,26.29,13.62,3.6,S3,0,,0,36.0,obs,353,26.29,13.62,3.6,S3,26.29,13.62,3.6,S3,26.29,13.62,3.4,S3,5.66,0,S3,site_s3,S3,S3,S3
1786255585.340,c1,search,6000,6.562,24.54,14.15,4.42,S3,0,,0,4474.0,obs,524,24.54,14.15,4.42,S3,24.54,14.15,4.42,S3,24.54,14.15,4.25,S3,5.66,0,S3,site_s3,S3,S3,S3
1786255585.340,c1,recommend,6000,0.293,26.47,13.73,3.71,S3,0,,0,200.0,obs,702,26.47,13.73,3.71,S3,26.47,13.73,3.71,S3,26.47,13.73,3.44,S3,5.66,0,S3,site_s3,S3,S3,S3
1786255585.340,c2,reserve,,0.0,26.34,13.67,3.65,S3,0,,0,36.0,obs,353,26.34,13.67,3.65,S3,26.34,13.67,3.65,S3,26.34,13.67,3.46,S3,5.66,0,S3,site_s3,S3,S3,S3
1786255585.340,c2,search,,0.0,31.1,20.71,10.98,S3,0,,0,4474.0,obs,524,31.1,20.71,10.98,S3,31.1,20.71,10.98,S3,31.1,20.71,10.81,S3,5.66,0,S3,site_s3,S3,S3,S3
1786255585.340,c2,recommend,,0.0,26.76,14.03,4.0,S3,0,,0,200.0,obs,702,26.76,14.03,4.0,S3,26.76,14.03,4.0,S3,26.76,14.03,3.74,S3,5.66,0,S3,site_s3,S3,S3,S3
1786255586.340,c1,reserve,6000,0.053,26.29,13.62,3.6,S3,0,,0,36.0,obs,349,26.29,13.62,3.6,S3,26.29,13.62,3.6,S3,26.29,13.62,3.41,S3,5.641,0,S3,site_s3,S3,S3,S3
1786255586.340,c1,search,6000,6.562,24.54,14.15,4.42,S3,0,,0,4474.0,obs,525,24.54,14.15,4.42,S3,24.54,14.15,4.42,S3,24.54,14.15,4.15,S3,5.641,0,S3,site_s3,S3,S3,S3
1786255586.340,c1,recommend,6000,0.293,26.47,13.73,3.71,S3,0,,0,200.0,obs,706,26.47,13.73,3.71,S3,26.47,13.73,3.71,S3,26.47,13.73,3.46,S3,5.641,0,S3,site_s3,S3,S3,S3
1786255586.340,c2,reserve,,0.0,26.34,13.67,3.65,S3,0,,0,36.0,obs,349,26.34,13.67,3.65,S3,26.34,13.67,3.65,S3,26.34,13.67,3.46,S3,5.641,0,S3,site_s3,S3,S3,S3
1786255586.340,c2,search,,0.0,31.1,20.71,10.98,S3,0,,0,4474.0,obs,525,31.1,20.71,10.98,S3,31.1,20.71,10.98,S3,31.1,20.71,10.71,S3,5.641,0,S3,site_s3,S3,S3,S3
1786255586.340,c2,recommend,,0.0,26.76,14.03,4.0,S3,0,,0,200.0,obs,706,26.76,14.03,4.0,S3,26.76,14.03,4.0,S3,26.76,14.03,3.76,S3,5.641,0,S3,site_s3,S3,S3,S3
1786255587.339,c1,reserve,6000,0.053,26.29,13.62,3.6,S3,0,,0,36.0,obs,332,26.29,13.62,3.6,S3,26.29,13.62,3.6,S3,26.29,13.62,3.42,S3,5.129,0,S3,site_s3,S3,S3,S3
1786255587.339,c1,search,6000,6.562,24.54,14.15,4.42,S3,0,,0,4474.0,obs,502,24.54,14.15,4.42,S3,24.54,14.15,4.42,S3,24.54,14.15,4.01,S3,5.129,0,S3,site_s3,S3,S3,S3
1786255587.339,c1,recommend,6000,0.293,26.47,13.73,3.71,S3,0,,0,200.0,obs,666,26.47,13.73,3.71,S3,26.47,13.73,3.71,S3,26.47,13.73,3.48,S3,5.129,0,S3,site_s3,S3,S3,S3
1786255587.339,c2,reserve,,0.0,26.34,13.67,3.65,S3,0,,0,36.0,obs,332,26.34,13.67,3.65,S3,26.34,13.67,3.65,S3,26.34,13.67,3.47,S3,5.129,0,S3,site_s3,S3,S3,S3
1786255587.339,c2,search,,0.0,31.1,20.71,10.98,S3,0,,0,4474.0,obs,502,31.1,20.71,10.98,S3,31.1,20.71,10.98,S3,31.1,20.71,10.57,S3,5.129,0,S3,site_s3,S3,S3,S3
1786255587.339,c2,recommend,,0.0,26.76,14.03,4.0,S3,0,,0,200.0,obs,666,26.76,14.03,4.0,S3,26.76,14.03,4.0,S3,26.76,14.03,3.77,S3,5.129,0,S3,site_s3,S3,S3,S3
1786255588.339,c1,reserve,6000,0.053,26.29,13.62,3.6,S3,0,,0,36.0,obs,336,26.29,13.62,3.6,S3,26.29,13.62,3.6,S3,26.29,13.62,1.14,S3,5.774,0,S3,site_s3,S3,S3,S3
1786255588.339,c1,search,6000,6.562,24.54,14.15,4.42,S3,0,,0,4474.0,obs,498,24.54,14.15,4.42,S3,24.54,14.15,4.42,S3,24.54,14.15,-1.38,S2,5.774,0,S3,site_s3,S3,S3,S2
1786255588.339,c1,recommend,6000,0.293,26.47,13.73,3.71,S3,0,,0,200.0,obs,666,26.47,13.73,3.71,S3,26.47,13.73,3.71,S3,26.47,13.73,2.25,S3,5.774,0,S3,site_s3,S3,S3,S3
1786255588.339,c2,reserve,,0.0,26.34,13.67,3.65,S3,0,,0,36.0,obs,336,26.34,13.67,3.65,S3,26.34,13.67,3.65,S3,26.34,13.67,1.2,S3,5.774,0,S3,site_s3,S3,S3,S3
1786255588.339,c2,search,,0.0,31.1,20.71,10.98,S3,0,,0,4474.0,obs,498,31.1,20.71,10.98,S3,31.1,20.71,10.98,S3,31.1,20.71,5.18,S3,5.774,0,S3,site_s3,S3,S3,S3
1786255588.339,c2,recommend,,0.0,26.76,14.03,4.0,S3,0,,0,200.0,obs,666,26.76,14.03,4.0,S3,26.76,14.03,4.0,S3,26.76,14.03,2.55,S3,5.774,0,S3,site_s3,S3,S3,S3
1786255589.340,c1,reserve,6000,0.053,26.29,13.62,3.6,S3,0,,0,36.0,obs,335,26.29,13.62,3.6,S3,26.29,13.62,3.6,S3,26.29,13.62,0.1,S3,5.493,0,S3,site_s3,S3,S3,S3
1786255589.340,c1,search,6000,6.562,24.54,14.15,4.42,S3,0,,0,4474.0,obs,496,24.54,14.15,4.42,S3,24.54,14.15,4.42,S3,24.54,14.15,-4.85,S2,5.493,0,S3,site_s3,S3,S3,S2
1786255589.340,c1,recommend,6000,0.293,26.47,13.73,3.71,S3,0,,0,200.0,obs,669,26.47,13.73,3.71,S3,26.47,13.73,3.71,S3,26.47,13.73,0.78,S3,5.493,0,S3,site_s3,S3,S3,S3
1786255589.340,c2,reserve,,0.0,26.34,13.67,3.65,S3,0,,0,36.0,obs,335,26.34,13.67,3.65,S3,26.34,13.67,3.65,S3,26.34,13.67,0.15,S3,5.493,0,S3,site_s3,S3,S3,S3
1786255589.340,c2,search,,0.0,31.1,20.71,10.98,S3,0,,0,4474.0,obs,496,31.1,20.71,10.98,S3,31.1,20.71,10.98,S3,31.1,20.71,1.71,S3,5.493,0,S3,site_s3,S3,S3,S3
1786255589.340,c2,recommend,,0.0,26.76,14.03,4.0,S3,0,,0,200.0,obs,669,26.76,14.03,4.0,S3,26.76,14.03,4.0,S3,26.76,14.03,1.07,S3,5.493,0,S3,site_s3,S3,S3,S3
1786255590.339,c1,reserve,6000,0.053,26.29,13.62,3.6,S3,0,,0,36.0,obs,333,26.29,13.62,3.6,S3,26.29,13.62,3.6,S3,26.29,13.62,-0.52,S2,5.679,0,S3,site_s3,S3,S3,S2
1786255590.339,c1,search,6000,6.562,24.54,14.15,4.42,S3,0,,0,4474.0,obs,499,24.54,14.15,4.42,S3,24.54,14.15,4.42,S3,24.54,14.15,-5.48,S2,5.679,0,S3,site_s3,S3,S3,S2
1786255590.339,c1,recommend,6000,0.293,26.47,13.73,3.71,S3,0,,0,200.0,obs,669,26.47,13.73,3.71,S3,26.47,13.73,3.71,S3,26.47,13.73,-0.01,S2,5.679,0,S3,site_s3,S3,S3,S2
1786255590.339,c2,reserve,,0.0,26.34,13.67,3.65,S3,0,,0,36.0,obs,333,26.34,13.67,3.65,S3,26.34,13.67,3.65,S3,26.34,13.67,-0.47,S2,5.679,0,S3,site_s3,S3,S3,S2
1786255590.339,c2,search,,0.0,31.1,20.71,10.98,S3,0,,0,4474.0,obs,499,31.1,20.71,10.98,S3,31.1,20.71,10.98,S3,31.1,20.71,1.09,S3,5.679,0,S3,site_s3,S3,S3,S3
1786255590.339,c2,recommend,,0.0,26.76,14.03,4.0,S3,0,,0,200.0,obs,669,26.76,14.03,4.0,S3,26.76,14.03,4.0,S3,26.76,14.03,0.28,S3,5.679,0,S3,site_s3,S3,S3,S3
1786255591.339,c1,reserve,6000,0.053,26.29,13.62,3.6,S3,0,,0,36.0,obs,332,26.29,13.62,3.6,S3,26.29,13.62,3.6,S3,26.29,13.62,-0.65,S2,5.487,0,S3,site_s3,S3,S3,S2
1786255591.339,c1,search,6000,6.562,24.54,14.15,4.42,S3,0,,0,4474.0,obs,500,24.54,14.15,4.42,S3,24.54,14.15,4.42,S3,24.54,14.15,-5.43,S2,5.487,0,S3,site_s3,S3,S3,S2
1786255591.339,c1,recommend,6000,0.293,26.47,13.73,3.71,S3,0,,0,200.0,obs,669,26.47,13.73,3.71,S3,26.47,13.73,3.71,S3,26.47,13.73,-0.16,S2,5.487,0,S3,site_s3,S3,S3,S2
1786255591.339,c2,reserve,,0.0,26.34,13.67,3.65,S3,0,,0,36.0,obs,332,26.34,13.67,3.65,S3,26.34,13.67,3.65,S3,26.34,13.67,-0.6,S2,5.487,0,S3,site_s3,S3,S3,S2
1786255591.339,c2,search,,0.0,31.1,20.71,10.98,S3,0,,0,4474.0,obs,500,31.1,20.71,10.98,S3,31.1,20.71,10.98,S3,31.1,20.71,1.13,S3,5.487,0,S3,site_s3,S3,S3,S3
1786255591.339,c2,recommend,,0.0,26.76,14.03,4.0,S3,0,,0,200.0,obs,669,26.76,14.03,4.0,S3,26.76,14.03,4.0,S3,26.76,14.03,0.13,S3,5.487,0,S3,site_s3,S3,S3,S3
1786255592.340,c1,reserve,6000,0.053,26.29,13.62,3.6,S3,0,,0,36.0,obs,333,26.29,13.62,3.6,S3,26.29,13.62,3.6,S3,26.29,13.62,-1.64,S2,5.622,0,S3,site_s3,S3,S3,S2
1786255592.340,c1,search,6000,6.562,24.54,14.15,4.42,S3,0,,0,4474.0,obs,493,24.54,14.15,4.42,S3,24.54,14.15,4.42,S3,24.54,14.15,-6.53,S2,5.622,0,S3,site_s3,S3,S3,S2
1786255592.340,c1,recommend,6000,0.293,26.47,13.73,3.71,S3,0,,0,200.0,obs,661,26.47,13.73,3.71,S3,26.47,13.73,3.71,S3,26.47,13.73,-0.35,S2,5.622,0,S3,site_s3,S3,S3,S2
1786255592.340,c2,reserve,,0.0,26.34,13.67,3.65,S3,0,,0,36.0,obs,333,26.34,13.67,3.65,S3,26.34,13.67,3.65,S3,26.34,13.67,-1.58,S2,5.622,0,S3,site_s3,S3,S3,S2
1786255592.340,c2,search,,0.0,31.1,20.71,10.98,S3,0,,0,4474.0,obs,493,31.1,20.71,10.98,S3,31.1,20.71,10.98,S3,31.1,20.71,0.03,S3,5.622,0,S3,site_s3,S3,S3,S3
1786255592.340,c2,recommend,,0.0,26.76,14.03,4.0,S3,0,,0,200.0,obs,661,26.76,14.03,4.0,S3,26.76,14.03,4.0,S3,26.76,14.03,-0.05,S2,5.622,0,S3,site_s3,S3,S3,S2
1786255593.340,c1,reserve,6000,0.053,26.29,13.62,3.6,S3,0,,0,36.0,obs,336,26.29,13.62,3.6,S3,26.29,13.62,3.6,S3,26.29,13.62,-1.83,S2,5.799,0,S3,site_s3,S3,S3,S2
1786255593.340,c1,search,6000,6.562,24.54,14.15,4.42,S3,0,,0,4474.0,obs,498,24.54,14.15,4.42,S3,24.54,14.15,4.42,S3,24.54,14.15,-9.93,S2,5.799,0,S3,site_s3,S3,S3,S2
1786255593.340,c1,recommend,6000,0.293,26.47,13.73,3.71,S3,0,,0,200.0,obs,668,26.47,13.73,3.71,S3,26.47,13.73,3.71,S3,26.47,13.73,-0.3,S2,5.799,0,S3,site_s3,S3,S3,S2
1786255593.340,c2,reserve,,0.0,26.34,13.67,3.65,S3,0,,0,36.0,obs,336,26.34,13.67,3.65,S3,26.34,13.67,3.65,S3,26.34,13.67,-1.78,S2,5.799,0,S3,site_s3,S3,S3,S2
1786255593.340,c2,search,,0.0,31.1,20.71,10.98,S3,0,,0,4474.0,obs,498,31.1,20.71,10.98,S3,31.1,20.71,10.98,S3,31.1,20.71,-3.37,S2,5.799,0,S3,site_s3,S3,S3,S2
1786255593.340,c2,recommend,,0.0,26.76,14.03,4.0,S3,0,,0,200.0,obs,668,26.76,14.03,4.0,S3,26.76,14.03,4.0,S3,26.76,14.03,-0.0,S2,5.799,0,S3,site_s3,S3,S3,S2
1786255594.339,c1,reserve,6000,0.053,26.29,13.62,3.6,S3,0,,0,36.0,obs,332,26.29,13.62,3.6,S3,26.29,13.62,3.6,S3,26.29,13.62,-1.23,S2,5.482,0,S3,site_s3,S3,S3,S2
1786255594.339,c1,search,6000,6.562,24.54,14.15,4.42,S3,0,,0,4474.0,obs,500,24.54,14.15,4.42,S3,24.54,14.15,4.42,S3,24.54,14.15,-5.75,S2,5.482,0,S3,site_s3,S3,S3,S2
1786255594.339,c1,recommend,6000,0.293,26.47,13.73,3.71,S3,0,,0,200.0,obs,672,26.47,13.73,3.71,S3,26.47,13.73,3.71,S3,26.47,13.73,0.38,S3,5.482,0,S3,site_s3,S3,S3,S3
1786255594.339,c2,reserve,,0.0,26.34,13.67,3.65,S3,0,,0,36.0,obs,332,26.34,13.67,3.65,S3,26.34,13.67,3.65,S3,26.34,13.67,-1.18,S2,5.482,0,S3,site_s3,S3,S3,S2
1786255594.339,c2,search,,0.0,31.1,20.71,10.98,S3,0,,0,4474.0,obs,500,31.1,20.71,10.98,S3,31.1,20.71,10.98,S3,31.1,20.71,0.81,S3,5.482,0,S3,site_s3,S3,S3,S3
1786255594.339,c2,recommend,,0.0,26.76,14.03,4.0,S3,0,,0,200.0,obs,672,26.76,14.03,4.0,S3,26.76,14.03,4.0,S3,26.76,14.03,0.67,S3,5.482,0,S3,site_s3,S3,S3,S3
1786255595.339,c1,reserve,6000,0.053,26.29,13.62,3.6,S3,0,,0,36.0,obs,333,26.29,13.62,3.6,S3,26.29,13.62,3.6,S3,26.29,13.62,-1.53,S2,5.692,0,S3,site_s3,S3,S3,S2
1786255595.339,c1,search,6000,6.562,24.54,14.15,4.42,S3,0,,0,4474.0,obs,500,24.54,14.15,4.42,S3,24.54,14.15,4.42,S3,24.54,14.15,-4.31,S2,5.692,0,S3,site_s3,S3,S3,S2
1786255595.339,c1,recommend,6000,0.293,26.47,13.73,3.71,S3,0,,0,200.0,obs,670,26.47,13.73,3.71,S3,26.47,13.73,3.71,S3,26.47,13.73,0.54,S3,5.692,0,S3,site_s3,S3,S3,S3
1786255595.339,c2,reserve,,0.0,26.34,13.67,3.65,S3,0,,0,36.0,obs,333,26.34,13.67,3.65,S3,26.34,13.67,3.65,S3,26.34,13.67,-1.48,S2,5.692,0,S3,site_s3,S3,S3,S2
1786255595.339,c2,search,,0.0,31.1,20.71,10.98,S3,0,,0,4474.0,obs,500,31.1,20.71,10.98,S3,31.1,20.71,10.98,S3,31.1,20.71,2.25,S3,5.692,0,S3,site_s3,S3,S3,S3
1786255595.339,c2,recommend,,0.0,26.76,14.03,4.0,S3,0,,0,200.0,obs,670,26.76,14.03,4.0,S3,26.76,14.03,4.0,S3,26.76,14.03,0.84,S3,5.692,0,S3,site_s3,S3,S3,S3
1786255596.340,c1,reserve,6000,0.053,26.29,13.62,3.6,S3,0,,0,36.0,obs,333,26.29,13.62,3.6,S3,26.29,13.62,3.6,S3,26.29,13.62,-0.92,S2,5.88,0,S3,site_s3,S3,S3,S2
1786255596.340,c1,search,6000,6.562,24.54,14.15,4.42,S3,0,,0,4474.0,obs,503,24.54,14.15,4.42,S3,24.54,14.15,4.42,S3,24.54,14.15,-3.89,S2,5.88,0,S3,site_s3,S3,S3,S2
1786255596.340,c1,recommend,6000,0.293,26.47,13.73,3.71,S3,0,,0,200.0,obs,668,26.47,13.73,3.71,S3,26.47,13.73,3.71,S3,26.47,13.73,0.74,S3,5.88,0,S3,site_s3,S3,S3,S3
1786255596.340,c2,reserve,,0.0,26.34,13.67,3.65,S3,0,,0,36.0,obs,333,26.34,13.67,3.65,S3,26.34,13.67,3.65,S3,26.34,13.67,-0.87,S2,5.88,0,S3,site_s3,S3,S3,S2
1786255596.340,c2,search,,0.0,31.1,20.71,10.98,S3,0,,0,4474.0,obs,503,31.1,20.71,10.98,S3,31.1,20.71,10.98,S3,31.1,20.71,2.67,S3,5.88,0,S3,site_s3,S3,S3,S3
1786255596.340,c2,recommend,,0.0,26.76,14.03,4.0,S3,0,,0,200.0,obs,668,26.76,14.03,4.0,S3,26.76,14.03,4.0,S3,26.76,14.03,1.04,S3,5.88,0,S3,site_s3,S3,S3,S3
1786255597.340,c1,reserve,6000,0.053,26.29,13.62,3.6,S3,0,,0,36.0,obs,338,26.29,13.62,3.6,S3,26.29,13.62,3.6,S3,26.29,13.62,-0.85,S2,5.582,0,S3,site_s3,S3,S3,S2
1786255597.340,c1,search,6000,6.562,24.54,14.15,4.42,S3,0,,0,4474.0,obs,500,24.54,14.15,4.42,S3,24.54,14.15,4.42,S3,24.54,14.15,-4.88,S2,5.582,0,S3,site_s3,S3,S3,S2
1786255597.340,c1,recommend,6000,0.293,26.47,13.73,3.71,S3,0,,0,200.0,obs,666,26.47,13.73,3.71,S3,26.47,13.73,3.71,S3,26.47,13.73,0.21,S3,5.582,0,S3,site_s3,S3,S3,S3
1786255597.340,c2,reserve,,0.0,26.34,13.67,3.65,S3,0,,0,36.0,obs,338,26.34,13.67,3.65,S3,26.34,13.67,3.65,S3,26.34,13.67,-0.8,S2,5.582,0,S3,site_s3,S3,S3,S2
1786255597.340,c2,search,,0.0,31.1,20.71,10.98,S3,0,,0,4474.0,obs,500,31.1,20.71,10.98,S3,31.1,20.71,10.98,S3,31.1,20.71,1.68,S3,5.582,0,S3,site_s3,S3,S3,S3
1786255597.340,c2,recommend,,0.0,26.76,14.03,4.0,S3,0,,0,200.0,obs,666,26.76,14.03,4.0,S3,26.76,14.03,4.0,S3,26.76,14.03,0.5,S3,5.582,0,S3,site_s3,S3,S3,S3
1786255598.340,c1,reserve,6000,0.053,26.29,13.62,3.6,S3,0,,0,36.0,obs,335,26.29,13.62,3.6,S3,26.29,13.62,3.6,S3,26.29,13.62,-0.44,S2,5.632,0,S3,site_s3,S3,S3,S2
1786255598.340,c1,search,6000,6.562,24.54,14.15,4.42,S3,0,,0,4474.0,obs,500,24.54,14.15,4.42,S3,24.54,14.15,4.42,S3,24.54,14.15,-5.87,S2,5.632,0,S3,site_s3,S3,S3,S2
1786255598.340,c1,recommend,6000,0.293,26.47,13.73,3.71,S3,0,,0,200.0,obs,672,26.47,13.73,3.71,S3,26.47,13.73,3.71,S3,26.47,13.73,-0.66,S2,5.632,0,S3,site_s3,S3,S3,S2
1786255598.340,c2,reserve,,0.0,26.34,13.67,3.65,S3,0,,0,36.0,obs,335,26.34,13.67,3.65,S3,26.34,13.67,3.65,S3,26.34,13.67,-0.39,S2,5.632,0,S3,site_s3,S3,S3,S2
1786255598.340,c2,search,,0.0,31.1,20.71,10.98,S3,0,,0,4474.0,obs,500,31.1,20.71,10.98,S3,31.1,20.71,10.98,S3,31.1,20.71,0.69,S3,5.632,0,S3,site_s3,S3,S3,S3
1786255598.340,c2,recommend,,0.0,26.76,14.03,4.0,S3,0,,0,200.0,obs,672,26.76,14.03,4.0,S3,26.76,14.03,4.0,S3,26.76,14.03,-0.37,S2,5.632,0,S3,site_s3,S3,S3,S2
1786255599.339,c1,reserve,6000,0.053,26.29,13.62,3.6,S3,0,,0,36.0,obs,334,26.29,13.62,3.6,S3,26.29,13.62,3.6,S3,26.29,13.62,0.07,S3,5.688,0,S3,site_s3,S3,S3,S3
1786255599.339,c1,search,6000,6.562,24.54,14.15,4.42,S3,0,,0,4474.0,obs,501,24.54,14.15,4.42,S3,24.54,14.15,4.42,S3,24.54,14.15,-5.62,S2,5.688,0,S3,site_s3,S3,S3,S2
1786255599.339,c1,recommend,6000,0.293,26.47,13.73,3.71,S3,0,,0,200.0,obs,671,26.47,13.73,3.71,S3,26.47,13.73,3.71,S3,26.47,13.73,0.03,S3,5.688,0,S3,site_s3,S3,S3,S3
1786255599.339,c2,reserve,,0.0,26.34,13.67,3.65,S3,0,,0,36.0,obs,334,26.34,13.67,3.65,S3,26.34,13.67,3.65,S3,26.34,13.67,0.12,S3,5.688,0,S3,site_s3,S3,S3,S3
1786255599.339,c2,search,,0.0,31.1,20.71,10.98,S3,0,,0,4474.0,obs,501,31.1,20.71,10.98,S3,31.1,20.71,10.98,S3,31.1,20.71,0.94,S3,5.688,0,S3,site_s3,S3,S3,S3
1786255599.339,c2,recommend,,0.0,26.76,14.03,4.0,S3,0,,0,200.0,obs,671,26.76,14.03,4.0,S3,26.76,14.03,4.0,S3,26.76,14.03,0.32,S3,5.688,0,S3,site_s3,S3,S3,S3
1786255600.339,c1,reserve,6000,0.053,26.29,13.62,3.6,S3,0,,0,36.0,obs,334,26.29,13.62,3.6,S3,26.29,13.62,3.6,S3,26.29,13.62,-0.16,S2,5.051,0,S3,site_s3,S3,S3,S2
1786255600.339,c1,search,6000,6.562,24.54,14.15,4.42,S3,0,,0,4474.0,obs,502,24.54,14.15,4.42,S3,24.54,14.15,4.42,S3,24.54,14.15,-4.66,S2,5.051,0,S3,site_s3,S3,S3,S2
1786255600.339,c1,recommend,6000,0.293,26.47,13.73,3.71,S3,0,,0,200.0,obs,671,26.47,13.73,3.71,S3,26.47,13.73,3.71,S3,26.47,13.73,0.55,S3,5.051,0,S3,site_s3,S3,S3,S3
1786255600.339,c2,reserve,,0.0,26.34,13.67,3.65,S3,0,,0,36.0,obs,334,26.34,13.67,3.65,S3,26.34,13.67,3.65,S3,26.34,13.67,-0.1,S2,5.051,0,S3,site_s3,S3,S3,S2
1786255600.339,c2,search,,0.0,31.1,20.71,10.98,S3,0,,0,4474.0,obs,502,31.1,20.71,10.98,S3,31.1,20.71,10.98,S3,31.1,20.71,1.9,S3,5.051,0,S3,site_s3,S3,S3,S3
1786255600.339,c2,recommend,,0.0,26.76,14.03,4.0,S3,0,,0,200.0,obs,671,26.76,14.03,4.0,S3,26.76,14.03,4.0,S3,26.76,14.03,0.85,S3,5.051,0,S3,site_s3,S3,S3,S3
1786255601.339,c1,reserve,6000,0.053,26.29,13.62,3.6,S3,0,,0,36.0,obs,335,26.29,13.62,3.6,S3,26.29,13.62,3.6,S3,26.29,13.62,0.14,S3,5.009,0,S3,site_s3,S3,S3,S3
1786255601.339,c1,search,6000,6.562,24.54,14.15,4.42,S3,0,,0,4474.0,obs,502,24.54,14.15,4.42,S3,24.54,14.15,4.42,S3,24.54,14.15,-4.16,S2,5.009,0,S3,site_s3,S3,S3,S2
1786255601.339,c1,recommend,6000,0.293,26.47,13.73,3.71,S3,0,,0,200.0,obs,666,26.47,13.73,3.71,S3,26.47,13.73,3.71,S3,26.47,13.73,0.98,S3,5.009,0,S3,site_s3,S3,S3,S3
1786255601.339,c2,reserve,,0.0,26.34,13.67,3.65,S3,0,,0,36.0,obs,335,26.34,13.67,3.65,S3,26.34,13.67,3.65,S3,26.34,13.67,0.2,S3,5.009,0,S3,site_s3,S3,S3,S3
1786255601.339,c2,search,,0.0,31.1,20.71,10.98,S3,0,,0,4474.0,obs,502,31.1,20.71,10.98,S3,31.1,20.71,10.98,S3,31.1,20.71,2.4,S3,5.009,0,S3,site_s3,S3,S3,S3
1786255601.339,c2,recommend,,0.0,26.76,14.03,4.0,S3,0,,0,200.0,obs,666,26.76,14.03,4.0,S3,26.76,14.03,4.0,S3,26.76,14.03,1.27,S3,5.009,0,S3,site_s3,S3,S3,S3
1786255602.339,c1,reserve,6000,0.053,26.29,13.62,3.6,S3,0,,0,36.0,obs,338,26.29,13.62,3.6,S3,26.29,13.62,3.6,S3,26.29,13.62,-0.56,S2,5.039,0,S3,site_s3,S3,S3,S2
1786255602.339,c1,search,6000,6.562,24.54,14.15,4.42,S3,0,,0,4474.0,obs,500,24.54,14.15,4.42,S3,24.54,14.15,4.42,S3,24.54,14.15,-4.76,S2,5.039,0,S3,site_s3,S3,S3,S2
1786255602.339,c1,recommend,6000,0.293,26.47,13.73,3.71,S3,0,,0,200.0,obs,670,26.47,13.73,3.71,S3,26.47,13.73,3.71,S3,26.47,13.73,0.27,S3,5.039,0,S3,site_s3,S3,S3,S3
1786255602.339,c2,reserve,,0.0,26.34,13.67,3.65,S3,0,,0,36.0,obs,338,26.34,13.67,3.65,S3,26.34,13.67,3.65,S3,26.34,13.67,-0.5,S2,5.039,0,S3,site_s3,S3,S3,S2
1786255602.339,c2,search,,0.0,31.1,20.71,10.98,S3,0,,0,4474.0,obs,500,31.1,20.71,10.98,S3,31.1,20.71,10.98,S3,31.1,20.71,1.8,S3,5.039,0,S3,site_s3,S3,S3,S3
1786255602.339,c2,recommend,,0.0,26.76,14.03,4.0,S3,0,,0,200.0,obs,670,26.76,14.03,4.0,S3,26.76,14.03,4.0,S3,26.76,14.03,0.56,S3,5.039,0,S3,site_s3,S3,S3,S3
1786255603.339,c1,reserve,6000,0.053,26.29,13.62,3.6,S3,0,,0,36.0,obs,334,26.29,13.62,3.6,S3,26.29,13.62,3.6,S3,26.29,13.62,-0.62,S2,5.021,0,S3,site_s3,S3,S3,S2
1786255603.339,c1,search,6000,6.562,24.54,14.15,4.42,S3,0,,0,4474.0,obs,503,24.54,14.15,4.42,S3,24.54,14.15,4.42,S3,24.54,14.15,-5.06,S2,5.021,0,S3,site_s3,S3,S3,S2
1786255603.339,c1,recommend,6000,0.293,26.47,13.73,3.71,S3,0,,0,200.0,obs,673,26.47,13.73,3.71,S3,26.47,13.73,3.71,S3,26.47,13.73,0.12,S3,5.021,0,S3,site_s3,S3,S3,S3
1786255603.339,c2,reserve,,0.0,26.34,13.67,3.65,S3,0,,0,36.0,obs,334,26.34,13.67,3.65,S3,26.34,13.67,3.65,S3,26.34,13.67,-0.57,S2,5.021,0,S3,site_s3,S3,S3,S2
1786255603.339,c2,search,,0.0,31.1,20.71,10.98,S3,0,,0,4474.0,obs,503,31.1,20.71,10.98,S3,31.1,20.71,10.98,S3,31.1,20.71,1.51,S3,5.021,0,S3,site_s3,S3,S3,S3
1786255603.339,c2,recommend,,0.0,26.76,14.03,4.0,S3,0,,0,200.0,obs,673,26.76,14.03,4.0,S3,26.76,14.03,4.0,S3,26.76,14.03,0.41,S3,5.021,0,S3,site_s3,S3,S3,S3
1786255604.339,c1,reserve,6000,0.053,26.29,13.62,3.6,S3,0,,0,36.0,obs,334,26.29,13.62,3.6,S3,26.29,13.62,3.6,S3,26.29,13.62,-0.16,S2,5.05,0,S3,site_s3,S3,S3,S2
1786255604.339,c1,search,6000,6.562,24.54,14.15,4.42,S3,0,,0,4474.0,obs,502,24.54,14.15,4.42,S3,24.54,14.15,4.42,S3,24.54,14.15,-3.9,S2,5.05,0,S3,site_s3,S3,S3,S2
1786255604.339,c1,recommend,6000,0.293,26.47,13.73,3.71,S3,0,,0,200.0,obs,674,26.47,13.73,3.71,S3,26.47,13.73,3.71,S3,26.47,13.73,0.92,S3,5.05,0,S3,site_s3,S3,S3,S3
1786255604.339,c2,reserve,,0.0,26.34,13.67,3.65,S3,0,,0,36.0,obs,334,26.34,13.67,3.65,S3,26.34,13.67,3.65,S3,26.34,13.67,-0.1,S2,5.05,0,S3,site_s3,S3,S3,S2
1786255604.339,c2,search,,0.0,31.1,20.71,10.98,S3,0,,0,4474.0,obs,502,31.1,20.71,10.98,S3,31.1,20.71,10.98,S3,31.1,20.71,2.66,S3,5.05,0,S3,site_s3,S3,S3,S3
1786255604.339,c2,recommend,,0.0,26.76,14.03,4.0,S3,0,,0,200.0,obs,674,26.76,14.03,4.0,S3,26.76,14.03,4.0,S3,26.76,14.03,1.21,S3,5.05,0,S3,site_s3,S3,S3,S3
1786255605.339,c1,reserve,6000,0.053,26.29,13.62,3.6,S3,0,,0,36.0,obs,334,26.29,13.62,3.6,S3,26.29,13.62,3.6,S3,26.29,13.62,-0.72,S2,4.994,0,S3,site_s3,S3,S3,S2
1786255605.339,c1,search,6000,6.562,24.54,14.15,4.42,S3,0,,0,4474.0,obs,505,24.54,14.15,4.42,S3,24.54,14.15,4.42,S3,24.54,14.15,-3.89,S2,4.994,0,S3,site_s3,S3,S3,S2
1786255605.339,c1,recommend,6000,0.293,26.47,13.73,3.71,S3,0,,0,200.0,obs,670,26.47,13.73,3.71,S3,26.47,13.73,3.71,S3,26.47,13.73,0.27,S3,4.994,0,S3,site_s3,S3,S3,S3
1786255605.339,c2,reserve,,0.0,26.34,13.67,3.65,S3,0,,0,36.0,obs,334,26.34,13.67,3.65,S3,26.34,13.67,3.65,S3,26.34,13.67,-0.67,S2,4.994,0,S3,site_s3,S3,S3,S2
1786255605.339,c2,search,,0.0,31.1,20.71,10.98,S3,0,,0,4474.0,obs,505,31.1,20.71,10.98,S3,31.1,20.71,10.98,S3,31.1,20.71,2.67,S3,4.994,0,S3,site_s3,S3,S3,S3
1786255605.339,c2,recommend,,0.0,26.76,14.03,4.0,S3,0,,0,200.0,obs,670,26.76,14.03,4.0,S3,26.76,14.03,4.0,S3,26.76,14.03,0.56,S3,4.994,0,S3,site_s3,S3,S3,S3
1786255606.339,c1,reserve,6000,0.053,26.29,13.62,3.6,S3,0,,0,36.0,obs,339,26.29,13.62,3.6,S3,26.29,13.62,3.6,S3,26.29,13.62,-0.62,S2,5.32,0,S3,site_s3,S3,S3,S2
1786255606.339,c1,search,6000,6.562,24.54,14.15,4.42,S3,0,,0,4474.0,obs,502,24.54,14.15,4.42,S3,24.54,14.15,4.42,S3,24.54,14.15,-3.78,S2,5.32,0,S3,site_s3,S3,S3,S2
1786255606.339,c1,recommend,6000,0.293,26.47,13.73,3.71,S3,0,,0,200.0,obs,668,26.47,13.73,3.71,S3,26.47,13.73,3.71,S3,26.47,13.73,0.61,S3,5.32,0,S3,site_s3,S3,S3,S3
1786255606.339,c2,reserve,,0.0,26.34,13.67,3.65,S3,0,,0,36.0,obs,339,26.34,13.67,3.65,S3,26.34,13.67,3.65,S3,26.34,13.67,-0.57,S2,5.32,0,S3,site_s3,S3,S3,S2
1786255606.339,c2,search,,0.0,31.1,20.71,10.98,S3,0,,0,4474.0,obs,502,31.1,20.71,10.98,S3,31.1,20.71,10.98,S3,31.1,20.71,2.78,S3,5.32,0,S3,site_s3,S3,S3,S3
1786255606.339,c2,recommend,,0.0,26.76,14.03,4.0,S3,0,,0,200.0,obs,668,26.76,14.03,4.0,S3,26.76,14.03,4.0,S3,26.76,14.03,0.91,S3,5.32,0,S3,site_s3,S3,S3,S3
1786255607.339,c1,reserve,6000,0.053,26.29,13.62,3.6,S3,0,,0,36.0,obs,337,26.29,13.62,3.6,S3,26.29,13.62,3.6,S3,26.29,13.62,-0.29,S2,5.306,0,S3,site_s3,S3,S3,S2
1786255607.339,c1,search,6000,6.562,24.54,14.15,4.42,S3,0,,0,4474.0,obs,500,24.54,14.15,4.42,S3,24.54,14.15,4.42,S3,24.54,14.15,-5.29,S2,5.306,0,S3,site_s3,S3,S3,S2
1786255607.339,c1,recommend,6000,0.293,26.47,13.73,3.71,S3,0,,0,200.0,obs,674,26.47,13.73,3.71,S3,26.47,13.73,3.71,S3,26.47,13.73,0.26,S3,5.306,0,S3,site_s3,S3,S3,S3
1786255607.339,c2,reserve,,0.0,26.34,13.67,3.65,S3,0,,0,36.0,obs,337,26.34,13.67,3.65,S3,26.34,13.67,3.65,S3,26.34,13.67,-0.24,S2,5.306,0,S3,site_s3,S3,S3,S2
1786255607.339,c2,search,,0.0,31.1,20.71,10.98,S3,0,,0,4474.0,obs,500,31.1,20.71,10.98,S3,31.1,20.71,10.98,S3,31.1,20.71,1.27,S3,5.306,0,S3,site_s3,S3,S3,S3
1786255607.339,c2,recommend,,0.0,26.76,14.03,4.0,S3,0,,0,200.0,obs,674,26.76,14.03,4.0,S3,26.76,14.03,4.0,S3,26.76,14.03,0.55,S3,5.306,0,S3,site_s3,S3,S3,S3
1786255608.339,c1,reserve,6000,0.053,26.29,13.62,3.6,S3,0,,0,36.0,obs,334,26.29,13.62,3.6,S3,26.29,13.62,3.6,S3,26.29,13.62,-0.93,S2,5.315,0,S3,site_s3,S3,S3,S2
1786255608.339,c1,search,6000,6.562,24.54,14.15,4.42,S3,0,,0,4474.0,obs,502,24.54,14.15,4.42,S3,24.54,14.15,4.42,S3,24.54,14.15,-5.86,S2,5.315,0,S3,site_s3,S3,S3,S2
1786255608.339,c1,recommend,6000,0.293,26.47,13.73,3.71,S3,0,,0,200.0,obs,673,26.47,13.73,3.71,S3,26.47,13.73,3.71,S3,26.47,13.73,-0.2,S2,5.315,0,S3,site_s3,S3,S3,S2
1786255608.339,c2,reserve,,0.0,26.34,13.67,3.65,S3,0,,0,36.0,obs,334,26.34,13.67,3.65,S3,26.34,13.67,3.65,S3,26.34,13.67,-0.88,S2,5.315,0,S3,site_s3,S3,S3,S2
1786255608.339,c2,search,,0.0,31.1,20.71,10.98,S3,0,,0,4474.0,obs,502,31.1,20.71,10.98,S3,31.1,20.71,10.98,S3,31.1,20.71,0.7,S3,5.315,0,S3,site_s3,S3,S3,S3
1786255608.339,c2,recommend,,0.0,26.76,14.03,4.0,S3,0,,0,200.0,obs,673,26.76,14.03,4.0,S3,26.76,14.03,4.0,S3,26.76,14.03,0.09,S3,5.315,0,S3,site_s3,S3,S3,S3
1786255609.339,c1,reserve,6000,0.053,26.29,13.62,3.6,S3,0,,0,36.0,obs,334,26.29,13.62,3.6,S3,26.29,13.62,3.6,S3,26.29,13.62,-1.04,S2,5.206,0,S3,site_s3,S3,S3,S2
1786255609.339,c1,search,6000,6.562,24.54,14.15,4.42,S3,0,,0,4474.0,obs,503,24.54,14.15,4.42,S3,24.54,14.15,4.42,S3,24.54,14.15,-4.48,S2,5.206,0,S3,site_s3,S3,S3,S2
1786255609.339,c1,recommend,6000,0.293,26.47,13.73,3.71,S3,0,,0,200.0,obs,674,26.47,13.73,3.71,S3,26.47,13.73,3.71,S3,26.47,13.73,0.35,S3,5.206,0,S3,site_s3,S3,S3,S3
1786255609.339,c2,reserve,,0.0,26.34,13.67,3.65,S3,0,,0,36.0,obs,334,26.34,13.67,3.65,S3,26.34,13.67,3.65,S3,26.34,13.67,-0.98,S2,5.206,0,S3,site_s3,S3,S3,S2
1786255609.339,c2,search,,0.0,31.1,20.71,10.98,S3,0,,0,4474.0,obs,503,31.1,20.71,10.98,S3,31.1,20.71,10.98,S3,31.1,20.71,2.08,S3,5.206,0,S3,site_s3,S3,S3,S3
1786255609.339,c2,recommend,,0.0,26.76,14.03,4.0,S3,0,,0,200.0,obs,674,26.76,14.03,4.0,S3,26.76,14.03,4.0,S3,26.76,14.03,0.64,S3,5.206,0,S3,site_s3,S3,S3,S3
1786255610.339,c1,reserve,6000,0.053,26.29,13.62,3.6,S3,0,,0,36.0,obs,337,26.29,13.62,3.6,S3,26.29,13.62,3.6,S3,26.29,13.62,-0.37,S2,5.18,0,S3,site_s3,S3,S3,S2
1786255610.339,c1,search,6000,6.562,24.54,14.15,4.42,S3,0,,0,4474.0,obs,505,24.54,14.15,4.42,S3,24.54,14.15,4.42,S3,24.54,14.15,-3.69,S2,5.18,0,S3,site_s3,S3,S3,S2
1786255610.339,c1,recommend,6000,0.293,26.47,13.73,3.71,S3,0,,0,200.0,obs,670,26.47,13.73,3.71,S3,26.47,13.73,3.71,S3,26.47,13.73,0.71,S3,5.18,0,S3,site_s3,S3,S3,S3
1786255610.339,c2,reserve,,0.0,26.34,13.67,3.65,S3,0,,0,36.0,obs,337,26.34,13.67,3.65,S3,26.34,13.67,3.65,S3,26.34,13.67,-0.32,S2,5.18,0,S3,site_s3,S3,S3,S2
1786255610.339,c2,search,,0.0,31.1,20.71,10.98,S3,0,,0,4474.0,obs,505,31.1,20.71,10.98,S3,31.1,20.71,10.98,S3,31.1,20.71,2.87,S3,5.18,0,S3,site_s3,S3,S3,S3
1786255610.339,c2,recommend,,0.0,26.76,14.03,4.0,S3,0,,0,200.0,obs,670,26.76,14.03,4.0,S3,26.76,14.03,4.0,S3,26.76,14.03,1.0,S3,5.18,0,S3,site_s3,S3,S3,S3
1786255611.339,c1,reserve,6000,0.053,26.29,13.62,3.6,S3,0,,0,36.0,obs,340,26.29,13.62,3.6,S3,26.29,13.62,3.6,S3,26.29,13.62,-0.09,S2,5.202,0,S3,site_s3,S3,S3,S2
1786255611.339,c1,search,6000,6.562,24.54,14.15,4.42,S3,0,,0,4474.0,obs,501,24.54,14.15,4.42,S3,24.54,14.15,4.42,S3,24.54,14.15,-3.24,S2,5.202,0,S3,site_s3,S3,S3,S2
1786255611.339,c1,recommend,6000,0.293,26.47,13.73,3.71,S3,0,,0,200.0,obs,673,26.47,13.73,3.71,S3,26.47,13.73,3.71,S3,26.47,13.73,0.76,S3,5.202,0,S3,site_s3,S3,S3,S3
1786255611.339,c2,reserve,,0.0,26.34,13.67,3.65,S3,0,,0,36.0,obs,340,26.34,13.67,3.65,S3,26.34,13.67,3.65,S3,26.34,13.67,-0.03,S2,5.202,0,S3,site_s3,S3,S3,S2
1786255611.339,c2,search,,0.0,31.1,20.71,10.98,S3,0,,0,4474.0,obs,501,31.1,20.71,10.98,S3,31.1,20.71,10.98,S3,31.1,20.71,3.33,S3,5.202,0,S3,site_s3,S3,S3,S3
1786255611.339,c2,recommend,,0.0,26.76,14.03,4.0,S3,0,,0,200.0,obs,673,26.76,14.03,4.0,S3,26.76,14.03,4.0,S3,26.76,14.03,1.06,S3,5.202,0,S3,site_s3,S3,S3,S3
1786255612.339,c1,reserve,6000,0.053,26.29,13.62,3.6,S3,0,,0,36.0,obs,337,26.29,13.62,3.6,S3,26.29,13.62,3.6,S3,26.29,13.62,-0.29,S2,5.27,0,S3,site_s3,S3,S3,S2
1786255612.339,c1,search,6000,6.562,24.54,14.15,4.42,S3,0,,0,4474.0,obs,504,24.54,14.15,4.42,S3,24.54,14.15,4.42,S3,24.54,14.15,-3.56,S2,5.27,0,S3,site_s3,S3,S3,S2
1786255612.339,c1,recommend,6000,0.293,26.47,13.73,3.71,S3,0,,0,200.0,obs,677,26.47,13.73,3.71,S3,26.47,13.73,3.71,S3,26.47,13.73,0.53,S3,5.27,0,S3,site_s3,S3,S3,S3
1786255612.339,c2,reserve,,0.0,26.34,13.67,3.65,S3,0,,0,36.0,obs,337,26.34,13.67,3.65,S3,26.34,13.67,3.65,S3,26.34,13.67,-0.24,S2,5.27,0,S3,site_s3,S3,S3,S2
1786255612.339,c2,search,,0.0,31.1,20.71,10.98,S3,0,,0,4474.0,obs,504,31.1,20.71,10.98,S3,31.1,20.71,10.98,S3,31.1,20.71,3.0,S3,5.27,0,S3,site_s3,S3,S3,S3
1786255612.339,c2,recommend,,0.0,26.76,14.03,4.0,S3,0,,0,200.0,obs,677,26.76,14.03,4.0,S3,26.76,14.03,4.0,S3,26.76,14.03,0.82,S3,5.27,0,S3,site_s3,S3,S3,S3
1786255613.339,c1,reserve,6000,0.053,26.29,13.62,3.6,S3,0,,0,36.0,obs,336,26.29,13.62,3.6,S3,26.29,13.62,3.6,S3,26.29,13.62,0.06,S3,5.007,0,S3,site_s3,S3,S3,S3
1786255613.339,c1,search,6000,6.562,24.54,14.15,4.42,S3,0,,0,4474.0,obs,504,24.54,14.15,4.42,S3,24.54,14.15,4.42,S3,24.54,14.15,-3.62,S2,5.007,0,S3,site_s3,S3,S3,S2
1786255613.339,c1,recommend,6000,0.293,26.47,13.73,3.71,S3,0,,0,200.0,obs,676,26.47,13.73,3.71,S3,26.47,13.73,3.71,S3,26.47,13.73,0.71,S3,5.007,0,S3,site_s3,S3,S3,S3
1786255613.339,c2,reserve,,0.0,26.34,13.67,3.65,S3,0,,0,36.0,obs,336,26.34,13.67,3.65,S3,26.34,13.67,3.65,S3,26.34,13.67,0.12,S3,5.007,0,S3,site_s3,S3,S3,S3
1786255613.339,c2,search,,0.0,31.1,20.71,10.98,S3,0,,0,4474.0,obs,504,31.1,20.71,10.98,S3,31.1,20.71,10.98,S3,31.1,20.71,2.95,S3,5.007,0,S3,site_s3,S3,S3,S3
1786255613.339,c2,recommend,,0.0,26.76,14.03,4.0,S3,0,,0,200.0,obs,676,26.76,14.03,4.0,S3,26.76,14.03,4.0,S3,26.76,14.03,1.0,S3,5.007,0,S3,site_s3,S3,S3,S3
1786255614.339,c1,reserve,6000,0.053,26.29,13.62,3.6,S3,0,,0,36.0,obs,336,26.29,13.62,3.6,S3,26.29,13.62,3.6,S3,26.29,13.62,-0.19,S2,5.157,0,S3,site_s3,S3,S3,S2
1786255614.339,c1,search,6000,6.562,24.54,14.15,4.42,S3,0,,0,4474.0,obs,507,24.54,14.15,4.42,S3,24.54,14.15,4.42,S3,24.54,14.15,-3.75,S2,5.157,0,S3,site_s3,S3,S3,S2
1786255614.339,c1,recommend,6000,0.293,26.47,13.73,3.71,S3,0,,0,200.0,obs,675,26.47,13.73,3.71,S3,26.47,13.73,3.71,S3,26.47,13.73,0.71,S3,5.157,0,S3,site_s3,S3,S3,S3
1786255614.339,c2,reserve,,0.0,26.34,13.67,3.65,S3,0,,0,36.0,obs,336,26.34,13.67,3.65,S3,26.34,13.67,3.65,S3,26.34,13.67,-0.14,S2,5.157,0,S3,site_s3,S3,S3,S2
1786255614.339,c2,search,,0.0,31.1,20.71,10.98,S3,0,,0,4474.0,obs,507,31.1,20.71,10.98,S3,31.1,20.71,10.98,S3,31.1,20.71,2.81,S3,5.157,0,S3,site_s3,S3,S3,S3
1786255614.339,c2,recommend,,0.0,26.76,14.03,4.0,S3,0,,0,200.0,obs,675,26.76,14.03,4.0,S3,26.76,14.03,4.0,S3,26.76,14.03,1.0,S3,5.157,0,S3,site_s3,S3,S3,S3
1786255615.339,c1,reserve,6000,0.053,26.29,13.62,3.6,S3,0,,0,36.0,obs,340,26.29,13.62,3.6,S3,26.29,13.62,3.6,S3,26.29,13.62,-1.49,S2,5.215,0,S3,site_s3,S3,S3,S2
1786255615.339,c1,search,6000,6.562,24.54,14.15,4.42,S3,0,,0,4474.0,obs,501,24.54,14.15,4.42,S3,24.54,14.15,4.42,S3,24.54,14.15,-6.2,S2,5.215,0,S3,site_s3,S3,S3,S2
1786255615.339,c1,recommend,6000,0.293,26.47,13.73,3.71,S3,0,,0,200.0,obs,668,26.47,13.73,3.71,S3,26.47,13.73,3.71,S3,26.47,13.73,0.17,S3,5.215,0,S3,site_s3,S3,S3,S3
1786255615.339,c2,reserve,,0.0,26.34,13.67,3.65,S3,0,,0,36.0,obs,340,26.34,13.67,3.65,S3,26.34,13.67,3.65,S3,26.34,13.67,-1.44,S2,5.215,0,S3,site_s3,S3,S3,S2
1786255615.339,c2,search,,0.0,31.1,20.71,10.98,S3,0,,0,4474.0,obs,501,31.1,20.71,10.98,S3,31.1,20.71,10.98,S3,31.1,20.71,0.36,S3,5.215,0,S3,site_s3,S3,S3,S3
1786255615.339,c2,recommend,,0.0,26.76,14.03,4.0,S3,0,,0,200.0,obs,668,26.76,14.03,4.0,S3,26.76,14.03,4.0,S3,26.76,14.03,0.47,S3,5.215,0,S3,site_s3,S3,S3,S3
1786255616.339,c1,reserve,6000,0.053,26.29,13.62,3.6,S3,0,,0,36.0,obs,338,26.29,13.62,3.6,S3,26.29,13.62,3.6,S3,26.29,13.62,0.04,S3,5.428,0,S3,site_s3,S3,S3,S3
1786255616.339,c1,search,6000,6.562,24.54,14.15,4.42,S3,0,,0,4474.0,obs,502,24.54,14.15,4.42,S3,24.54,14.15,4.42,S3,24.54,14.15,-4.51,S2,5.428,0,S3,site_s3,S3,S3,S2
1786255616.339,c1,recommend,6000,0.293,26.47,13.73,3.71,S3,0,,0,200.0,obs,676,26.47,13.73,3.71,S3,26.47,13.73,3.71,S3,26.47,13.73,0.59,S3,5.428,0,S3,site_s3,S3,S3,S3
1786255616.339,c2,reserve,,0.0,26.34,13.67,3.65,S3,0,,0,36.0,obs,338,26.34,13.67,3.65,S3,26.34,13.67,3.65,S3,26.34,13.67,0.09,S3,5.428,0,S3,site_s3,S3,S3,S3
1786255616.339,c2,search,,0.0,31.1,20.71,10.98,S3,0,,0,4474.0,obs,502,31.1,20.71,10.98,S3,31.1,20.71,10.98,S3,31.1,20.71,2.05,S3,5.428,0,S3,site_s3,S3,S3,S3
1786255616.339,c2,recommend,,0.0,26.76,14.03,4.0,S3,0,,0,200.0,obs,676,26.76,14.03,4.0,S3,26.76,14.03,4.0,S3,26.76,14.03,0.88,S3,5.428,0,S3,site_s3,S3,S3,S3
1786255617.339,c1,reserve,6000,0.053,26.29,13.62,3.6,S3,0,,0,36.0,obs,336,26.29,13.62,3.6,S3,26.29,13.62,3.6,S3,26.29,13.62,0.04,S3,5.352,0,S3,site_s3,S3,S3,S3
1786255617.339,c1,search,6000,6.562,24.54,14.15,4.42,S3,0,,0,4474.0,obs,506,24.54,14.15,4.42,S3,24.54,14.15,4.42,S3,24.54,14.15,-3.73,S2,5.352,0,S3,site_s3,S3,S3,S2
1786255617.339,c1,recommend,6000,0.293,26.47,13.73,3.71,S3,0,,0,200.0,obs,678,26.47,13.73,3.71,S3,26.47,13.73,3.71,S3,26.47,13.73,0.75,S3,5.352,0,S3,site_s3,S3,S3,S3
1786255617.339,c2,reserve,,0.0,26.34,13.67,3.65,S3,0,,0,36.0,obs,336,26.34,13.67,3.65,S3,26.34,13.67,3.65,S3,26.34,13.67,0.09,S3,5.352,0,S3,site_s3,S3,S3,S3
1786255617.339,c2,search,,0.0,31.1,20.71,10.98,S3,0,,0,4474.0,obs,506,31.1,20.71,10.98,S3,31.1,20.71,10.98,S3,31.1,20.71,2.83,S3,5.352,0,S3,site_s3,S3,S3,S3
1786255617.339,c2,recommend,,0.0,26.76,14.03,4.0,S3,0,,0,200.0,obs,678,26.76,14.03,4.0,S3,26.76,14.03,4.0,S3,26.76,14.03,1.05,S3,5.352,0,S3,site_s3,S3,S3,S3
1786255618.339,c1,reserve,6000,0.053,26.29,13.62,3.6,S3,0,,0,36.0,obs,336,26.29,13.62,3.6,S3,26.29,13.62,3.6,S3,26.29,13.62,-0.11,S2,5.024,0,S3,site_s3,S3,S3,S2
1786255618.339,c1,search,6000,6.562,24.54,14.15,4.42,S3,0,,0,4474.0,obs,507,24.54,14.15,4.42,S3,24.54,14.15,4.42,S3,24.54,14.15,-4.79,S2,5.024,0,S3,site_s3,S3,S3,S2
1786255618.339,c1,recommend,6000,0.293,26.47,13.73,3.71,S3,0,,0,200.0,obs,678,26.47,13.73,3.71,S3,26.47,13.73,3.71,S3,26.47,13.73,0.86,S3,5.024,0,S3,site_s3,S3,S3,S3
1786255618.339,c2,reserve,,0.0,26.34,13.67,3.65,S3,0,,0,36.0,obs,336,26.34,13.67,3.65,S3,26.34,13.67,3.65,S3,26.34,13.67,-0.06,S2,5.024,0,S3,site_s3,S3,S3,S2
1786255618.339,c2,search,,0.0,31.1,20.71,10.98,S3,0,,0,4474.0,obs,507,31.1,20.71,10.98,S3,31.1,20.71,10.98,S3,31.1,20.71,1.78,S3,5.024,0,S3,site_s3,S3,S3,S3
1786255618.339,c2,recommend,,0.0,26.76,14.03,4.0,S3,0,,0,200.0,obs,678,26.76,14.03,4.0,S3,26.76,14.03,4.0,S3,26.76,14.03,1.15,S3,5.024,0,S3,site_s3,S3,S3,S3
1786255619.339,c1,reserve,6000,0.053,26.29,13.62,3.6,S3,0,,0,36.0,obs,338,26.29,13.62,3.6,S3,26.29,13.62,3.6,S3,26.29,13.62,-0.16,S2,5.33,0,S3,site_s3,S3,S3,S2
1786255619.339,c1,search,6000,6.562,24.54,14.15,4.42,S3,0,,0,4474.0,obs,509,24.54,14.15,4.42,S3,24.54,14.15,4.42,S3,24.54,14.15,-4.47,S2,5.33,0,S3,site_s3,S3,S3,S2
1786255619.339,c1,recommend,6000,0.293,26.47,13.73,3.71,S3,0,,0,200.0,obs,675,26.47,13.73,3.71,S3,26.47,13.73,3.71,S3,26.47,13.73,0.81,S3,5.33,0,S3,site_s3,S3,S3,S3
1786255619.339,c2,reserve,,0.0,26.34,13.67,3.65,S3,0,,0,36.0,obs,338,26.34,13.67,3.65,S3,26.34,13.67,3.65,S3,26.34,13.67,-0.1,S2,5.33,0,S3,site_s3,S3,S3,S2
1786255619.339,c2,search,,0.0,31.1,20.71,10.98,S3,0,,0,4474.0,obs,509,31.1,20.71,10.98,S3,31.1,20.71,10.98,S3,31.1,20.71,2.1,S3,5.33,0,S3,site_s3,S3,S3,S3
1786255619.339,c2,recommend,,0.0,26.76,14.03,4.0,S3,0,,0,200.0,obs,675,26.76,14.03,4.0,S3,26.76,14.03,4.0,S3,26.76,14.03,1.1,S3,5.33,0,S3,site_s3,S3,S3,S3
1786255620.339,c1,reserve,6000,0.053,26.29,13.62,3.6,S3,0,,0,36.0,obs,343,26.29,13.62,3.6,S3,26.29,13.62,3.6,S3,26.29,13.62,0.03,S3,5.019,0,S3,site_s3,S3,S3,S3
1786255620.339,c1,search,6000,6.562,24.54,14.15,4.42,S3,0,,0,4474.0,obs,505,24.54,14.15,4.42,S3,24.54,14.15,4.42,S3,24.54,14.15,-4.15,S2,5.019,0,S3,site_s3,S3,S3,S2
1786255620.339,c1,recommend,6000,0.293,26.47,13.73,3.71,S3,0,,0,200.0,obs,676,26.47,13.73,3.71,S3,26.47,13.73,3.71,S3,26.47,13.73,0.85,S3,5.019,0,S3,site_s3,S3,S3,S3
1786255620.339,c2,reserve,,0.0,26.34,13.67,3.65,S3,0,,0,36.0,obs,343,26.34,13.67,3.65,S3,26.34,13.67,3.65,S3,26.34,13.67,0.08,S3,5.019,0,S3,site_s3,S3,S3,S3
1786255620.339,c2,search,,0.0,31.1,20.71,10.98,S3,0,,0,4474.0,obs,505,31.1,20.71,10.98,S3,31.1,20.71,10.98,S3,31.1,20.71,2.41,S3,5.019,0,S3,site_s3,S3,S3,S3
1786255620.339,c2,recommend,,0.0,26.76,14.03,4.0,S3,0,,0,200.0,obs,676,26.76,14.03,4.0,S3,26.76,14.03,4.0,S3,26.76,14.03,1.14,S3,5.019,0,S3,site_s3,S3,S3,S3
1786255621.339,c1,reserve,6000,0.053,26.29,13.62,3.6,S3,0,,0,36.0,obs,339,26.29,13.62,3.6,S3,26.29,13.62,3.6,S3,26.29,13.62,0.16,S3,5.026,0,S3,site_s3,S3,S3,S3
1786255621.339,c1,search,6000,6.562,24.54,14.15,4.42,S3,0,,0,4474.0,obs,506,24.54,14.15,4.42,S3,24.54,14.15,4.42,S3,24.54,14.15,-4.1,S2,5.026,0,S3,site_s3,S3,S3,S2
1786255621.339,c1,recommend,6000,0.293,26.47,13.73,3.71,S3,0,,0,200.0,obs,680,26.47,13.73,3.71,S3,26.47,13.73,3.71,S3,26.47,13.73,0.87,S3,5.026,0,S3,site_s3,S3,S3,S3
1786255621.339,c2,reserve,,0.0,26.34,13.67,3.65,S3,0,,0,36.0,obs,339,26.34,13.67,3.65,S3,26.34,13.67,3.65,S3,26.34,13.67,0.21,S3,5.026,0,S3,site_s3,S3,S3,S3
1786255621.339,c2,search,,0.0,31.1,20.71,10.98,S3,0,,0,4474.0,obs,506,31.1,20.71,10.98,S3,31.1,20.71,10.98,S3,31.1,20.71,2.46,S3,5.026,0,S3,site_s3,S3,S3,S3
1786255621.339,c2,recommend,,0.0,26.76,14.03,4.0,S3,0,,0,200.0,obs,680,26.76,14.03,4.0,S3,26.76,14.03,4.0,S3,26.76,14.03,1.17,S3,5.026,0,S3,site_s3,S3,S3,S3
1786255622.339,c1,reserve,6000,0.053,26.29,13.62,3.6,S3,0,,0,36.0,obs,338,26.29,13.62,3.6,S3,26.29,13.62,3.6,S3,26.29,13.62,0.4,S3,5.238,0,S3,site_s3,S3,S3,S3
1786255622.339,c1,search,6000,6.562,24.54,14.15,4.42,S3,0,,0,4474.0,obs,507,24.54,14.15,4.42,S3,24.54,14.15,4.42,S3,24.54,14.15,-3.39,S2,5.238,0,S3,site_s3,S3,S3,S2
1786255622.339,c1,recommend,6000,0.293,26.47,13.73,3.71,S3,0,,0,200.0,obs,681,26.47,13.73,3.71,S3,26.47,13.73,3.71,S3,26.47,13.73,0.26,S3,5.238,0,S3,site_s3,S3,S3,S3
1786255622.339,c2,reserve,,0.0,26.34,13.67,3.65,S3,0,,0,36.0,obs,338,26.34,13.67,3.65,S3,26.34,13.67,3.65,S3,26.34,13.67,0.45,S3,5.238,0,S3,site_s3,S3,S3,S3
1786255622.339,c2,search,,0.0,31.1,20.71,10.98,S3,0,,0,4474.0,obs,507,31.1,20.71,10.98,S3,31.1,20.71,10.98,S3,31.1,20.71,3.17,S3,5.238,0,S3,site_s3,S3,S3,S3
1786255622.339,c2,recommend,,0.0,26.76,14.03,4.0,S3,0,,0,200.0,obs,681,26.76,14.03,4.0,S3,26.76,14.03,4.0,S3,26.76,14.03,0.56,S3,5.238,0,S3,site_s3,S3,S3,S3
1786255623.339,c1,reserve,6000,0.053,26.29,13.62,3.6,S3,0,,0,36.0,obs,337,26.29,13.62,3.6,S3,26.29,13.62,3.6,S3,26.29,13.62,-0.54,S2,5.029,0,S3,site_s3,S3,S3,S2
1786255623.339,c1,search,6000,6.562,24.54,14.15,4.42,S3,0,,0,4474.0,obs,511,24.54,14.15,4.42,S3,24.54,14.15,4.42,S3,24.54,14.15,-4.22,S2,5.029,0,S3,site_s3,S3,S3,S2
1786255623.339,c1,recommend,6000,0.293,26.47,13.73,3.71,S3,0,,0,200.0,obs,679,26.47,13.73,3.71,S3,26.47,13.73,3.71,S3,26.47,13.73,-0.01,S2,5.029,0,S3,site_s3,S3,S3,S2
1786255623.339,c2,reserve,,0.0,26.34,13.67,3.65,S3,0,,0,36.0,obs,337,26.34,13.67,3.65,S3,26.34,13.67,3.65,S3,26.34,13.67,-0.49,S2,5.029,0,S3,site_s3,S3,S3,S2
1786255623.339,c2,search,,0.0,31.1,20.71,10.98,S3,0,,0,4474.0,obs,511,31.1,20.71,10.98,S3,31.1,20.71,10.98,S3,31.1,20.71,2.34,S3,5.029,0,S3,site_s3,S3,S3,S3
1786255623.339,c2,recommend,,0.0,26.76,14.03,4.0,S3,0,,0,200.0,obs,679,26.76,14.03,4.0,S3,26.76,14.03,4.0,S3,26.76,14.03,0.28,S3,5.029,0,S3,site_s3,S3,S3,S3
1786255624.339,c1,reserve,6000,0.053,26.29,13.62,3.6,S3,0,,0,36.0,obs,342,26.29,13.62,3.6,S3,26.29,13.62,3.6,S3,26.29,13.62,-0.32,S2,5.0,0,S3,site_s3,S3,S3,S2
1786255624.339,c1,search,6000,6.562,24.54,14.15,4.42,S3,0,,0,4474.0,obs,508,24.54,14.15,4.42,S3,24.54,14.15,4.42,S3,24.54,14.15,-4.22,S2,5.0,0,S3,site_s3,S3,S3,S2
1786255624.339,c1,recommend,6000,0.293,26.47,13.73,3.71,S3,0,,0,200.0,obs,675,26.47,13.73,3.71,S3,26.47,13.73,3.71,S3,26.47,13.73,0.32,S3,5.0,0,S3,site_s3,S3,S3,S3
1786255624.339,c2,reserve,,0.0,26.34,13.67,3.65,S3,0,,0,36.0,obs,342,26.34,13.67,3.65,S3,26.34,13.67,3.65,S3,26.34,13.67,-0.26,S2,5.0,0,S3,site_s3,S3,S3,S2
1786255624.339,c2,search,,0.0,31.1,20.71,10.98,S3,0,,0,4474.0,obs,508,31.1,20.71,10.98,S3,31.1,20.71,10.98,S3,31.1,20.71,2.34,S3,5.0,0,S3,site_s3,S3,S3,S3
1786255624.339,c2,recommend,,0.0,26.76,14.03,4.0,S3,0,,0,200.0,obs,675,26.76,14.03,4.0,S3,26.76,14.03,4.0,S3,26.76,14.03,0.62,S3,5.0,0,S3,site_s3,S3,S3,S3
1786255625.339,c1,reserve,6000,0.053,26.29,13.62,3.6,S3,0,,0,36.0,obs,342,26.29,13.62,3.6,S3,26.29,13.62,3.6,S3,26.29,13.62,-0.03,S2,5.037,0,S3,site_s3,S3,S3,S2
1786255625.339,c1,search,6000,6.562,24.54,14.15,4.42,S3,0,,0,4474.0,obs,507,24.54,14.15,4.42,S3,24.54,14.15,4.42,S3,24.54,14.15,-4.28,S2,5.037,0,S3,site_s3,S3,S3,S2
1786255625.339,c1,recommend,6000,0.293,26.47,13.73,3.71,S3,0,,0,200.0,obs,680,26.47,13.73,3.71,S3,26.47,13.73,3.71,S3,26.47,13.73,0.41,S3,5.037,0,S3,site_s3,S3,S3,S3
1786255625.339,c2,reserve,,0.0,26.34,13.67,3.65,S3,0,,0,36.0,obs,342,26.34,13.67,3.65,S3,26.34,13.67,3.65,S3,26.34,13.67,0.02,S3,5.037,0,S3,site_s3,S3,S3,S3
1786255625.339,c2,search,,0.0,31.1,20.71,10.98,S3,0,,0,4474.0,obs,507,31.1,20.71,10.98,S3,31.1,20.71,10.98,S3,31.1,20.71,2.29,S3,5.037,0,S3,site_s3,S3,S3,S3
1786255625.339,c2,recommend,,0.0,26.76,14.03,4.0,S3,0,,0,200.0,obs,680,26.76,14.03,4.0,S3,26.76,14.03,4.0,S3,26.76,14.03,0.71,S3,5.037,0,S3,site_s3,S3,S3,S3
1786255626.339,c1,reserve,6000,0.053,26.29,13.62,3.6,S3,0,,0,36.0,obs,339,26.29,13.62,3.6,S3,26.29,13.62,3.6,S3,26.29,13.62,-0.6,S2,5.028,0,S3,site_s3,S3,S3,S2
1786255626.339,c1,search,6000,6.562,24.54,14.15,4.42,S3,0,,0,4474.0,obs,510,24.54,14.15,4.42,S3,24.54,14.15,4.42,S3,24.54,14.15,-4.27,S2,5.028,0,S3,site_s3,S3,S3,S2
1786255626.339,c1,recommend,6000,0.293,26.47,13.73,3.71,S3,0,,0,200.0,obs,682,26.47,13.73,3.71,S3,26.47,13.73,3.71,S3,26.47,13.73,0.36,S3,5.028,0,S3,site_s3,S3,S3,S3
1786255626.339,c2,reserve,,0.0,26.34,13.67,3.65,S3,0,,0,36.0,obs,339,26.34,13.67,3.65,S3,26.34,13.67,3.65,S3,26.34,13.67,-0.55,S2,5.028,0,S3,site_s3,S3,S3,S2
1786255626.339,c2,search,,0.0,31.1,20.71,10.98,S3,0,,0,4474.0,obs,510,31.1,20.71,10.98,S3,31.1,20.71,10.98,S3,31.1,20.71,2.29,S3,5.028,0,S3,site_s3,S3,S3,S3
1786255626.339,c2,recommend,,0.0,26.76,14.03,4.0,S3,0,,0,200.0,obs,682,26.76,14.03,4.0,S3,26.76,14.03,4.0,S3,26.76,14.03,0.66,S3,5.028,0,S3,site_s3,S3,S3,S3
1786255627.339,c1,reserve,6000,0.053,26.29,13.62,3.6,S3,0,,0,36.0,obs,338,26.29,13.62,3.6,S3,26.29,13.62,3.6,S3,26.29,13.62,-0.56,S2,5.226,0,S3,site_s3,S3,S3,S2
1786255627.339,c1,search,6000,6.562,24.54,14.15,4.42,S3,0,,0,4474.0,obs,510,24.54,14.15,4.42,S3,24.54,14.15,4.42,S3,24.54,14.15,-4.14,S2,5.226,0,S3,site_s3,S3,S3,S2
1786255627.339,c1,recommend,6000,0.293,26.47,13.73,3.71,S3,0,,0,200.0,obs,683,26.47,13.73,3.71,S3,26.47,13.73,3.71,S3,26.47,13.73,0.31,S3,5.226,0,S3,site_s3,S3,S3,S3
1786255627.339,c2,reserve,,0.0,26.34,13.67,3.65,S3,0,,0,36.0,obs,338,26.34,13.67,3.65,S3,26.34,13.67,3.65,S3,26.34,13.67,-0.51,S2,5.226,0,S3,site_s3,S3,S3,S2
1786255627.339,c2,search,,0.0,31.1,20.71,10.98,S3,0,,0,4474.0,obs,510,31.1,20.71,10.98,S3,31.1,20.71,10.98,S3,31.1,20.71,2.42,S3,5.226,0,S3,site_s3,S3,S3,S3
1786255627.339,c2,recommend,,0.0,26.76,14.03,4.0,S3,0,,0,200.0,obs,683,26.76,14.03,4.0,S3,26.76,14.03,4.0,S3,26.76,14.03,0.61,S3,5.226,0,S3,site_s3,S3,S3,S3
1786255628.339,c1,reserve,6000,0.053,26.29,13.62,3.6,S3,0,,0,36.0,obs,341,26.29,13.62,3.6,S3,26.29,13.62,3.6,S3,26.29,13.62,-0.54,S2,5.332,0,S3,site_s3,S3,S3,S2
1786255628.339,c1,search,6000,6.562,24.54,14.15,4.42,S3,0,,0,4474.0,obs,512,24.54,14.15,4.42,S3,24.54,14.15,4.42,S3,24.54,14.15,-3.94,S2,5.332,0,S3,site_s3,S3,S3,S2
1786255628.339,c1,recommend,6000,0.293,26.47,13.73,3.71,S3,0,,0,200.0,obs,679,26.47,13.73,3.71,S3,26.47,13.73,3.71,S3,26.47,13.73,0.6,S3,5.332,0,S3,site_s3,S3,S3,S3
1786255628.339,c2,reserve,,0.0,26.34,13.67,3.65,S3,0,,0,36.0,obs,341,26.34,13.67,3.65,S3,26.34,13.67,3.65,S3,26.34,13.67,-0.49,S2,5.332,0,S3,site_s3,S3,S3,S2
1786255628.339,c2,search,,0.0,31.1,20.71,10.98,S3,0,,0,4474.0,obs,512,31.1,20.71,10.98,S3,31.1,20.71,10.98,S3,31.1,20.71,2.62,S3,5.332,0,S3,site_s3,S3,S3,S3
1786255628.339,c2,recommend,,0.0,26.76,14.03,4.0,S3,0,,0,200.0,obs,679,26.76,14.03,4.0,S3,26.76,14.03,4.0,S3,26.76,14.03,0.89,S3,5.332,0,S3,site_s3,S3,S3,S3
1786255629.339,c1,reserve,6000,0.053,26.29,13.62,3.6,S3,0,,0,36.0,obs,345,26.29,13.62,3.6,S3,26.29,13.62,3.6,S3,26.29,13.62,0.04,S3,5.227,0,S3,site_s3,S3,S3,S3
1786255629.339,c1,search,6000,6.562,24.54,14.15,4.42,S3,0,,0,4474.0,obs,510,24.54,14.15,4.42,S3,24.54,14.15,4.42,S3,24.54,14.15,-3.6,S2,5.227,0,S3,site_s3,S3,S3,S2
1786255629.339,c1,recommend,6000,0.293,26.47,13.73,3.71,S3,0,,0,200.0,obs,681,26.47,13.73,3.71,S3,26.47,13.73,3.71,S3,26.47,13.73,0.67,S3,5.227,0,S3,site_s3,S3,S3,S3
1786255629.339,c2,reserve,,0.0,26.34,13.67,3.65,S3,0,,0,36.0,obs,345,26.34,13.67,3.65,S3,26.34,13.67,3.65,S3,26.34,13.67,0.09,S3,5.227,0,S3,site_s3,S3,S3,S3
1786255629.339,c2,search,,0.0,31.1,20.71,10.98,S3,0,,0,4474.0,obs,510,31.1,20.71,10.98,S3,31.1,20.71,10.98,S3,31.1,20.71,2.96,S3,5.227,0,S3,site_s3,S3,S3,S3
1786255629.339,c2,recommend,,0.0,26.76,14.03,4.0,S3,0,,0,200.0,obs,681,26.76,14.03,4.0,S3,26.76,14.03,4.0,S3,26.76,14.03,0.96,S3,5.227,0,S3,site_s3,S3,S3,S3
1786255630.339,c1,reserve,6000,0.053,26.29,13.62,3.6,S3,0,,0,36.0,obs,341,26.29,13.62,3.6,S3,26.29,13.62,3.6,S3,26.29,13.62,-0.23,S2,5.205,0,S3,site_s3,S3,S3,S2
1786255630.339,c1,search,6000,6.562,24.54,14.15,4.42,S3,0,,0,4474.0,obs,509,24.54,14.15,4.42,S3,24.54,14.15,4.42,S3,24.54,14.15,-3.73,S2,5.205,0,S3,site_s3,S3,S3,S2
1786255630.339,c1,recommend,6000,0.293,26.47,13.73,3.71,S3,0,,0,200.0,obs,683,26.47,13.73,3.71,S3,26.47,13.73,3.71,S3,26.47,13.73,0.74,S3,5.205,0,S3,site_s3,S3,S3,S3
1786255630.339,c2,reserve,,0.0,26.34,13.67,3.65,S3,0,,0,36.0,obs,341,26.34,13.67,3.65,S3,26.34,13.67,3.65,S3,26.34,13.67,-0.18,S2,5.205,0,S3,site_s3,S3,S3,S2
1786255630.339,c2,search,,0.0,31.1,20.71,10.98,S3,0,,0,4474.0,obs,509,31.1,20.71,10.98,S3,31.1,20.71,10.98,S3,31.1,20.71,2.83,S3,5.205,0,S3,site_s3,S3,S3,S3
1786255630.339,c2,recommend,,0.0,26.76,14.03,4.0,S3,0,,0,200.0,obs,683,26.76,14.03,4.0,S3,26.76,14.03,4.0,S3,26.76,14.03,1.04,S3,5.205,0,S3,site_s3,S3,S3,S3
1786255631.339,c1,reserve,6000,0.053,26.29,13.62,3.6,S3,0,,0,36.0,obs,339,26.29,13.62,3.6,S3,26.29,13.62,3.6,S3,26.29,13.62,-0.64,S2,5.242,0,S3,site_s3,S3,S3,S2
1786255631.339,c1,search,6000,6.562,24.54,14.15,4.42,S3,0,,0,4474.0,obs,510,24.54,14.15,4.42,S3,24.54,14.15,4.42,S3,24.54,14.15,-5.6,S2,5.242,0,S3,site_s3,S3,S3,S2
1786255631.339,c1,recommend,6000,0.293,26.47,13.73,3.71,S3,0,,0,200.0,obs,685,26.47,13.73,3.71,S3,26.47,13.73,3.71,S3,26.47,13.73,0.59,S3,5.242,0,S3,site_s3,S3,S3,S3
1786255631.339,c2,reserve,,0.0,26.34,13.67,3.65,S3,0,,0,36.0,obs,339,26.34,13.67,3.65,S3,26.34,13.67,3.65,S3,26.34,13.67,-0.59,S2,5.242,0,S3,site_s3,S3,S3,S2
1786255631.339,c2,search,,0.0,31.1,20.71,10.98,S3,0,,0,4474.0,obs,510,31.1,20.71,10.98,S3,31.1,20.71,10.98,S3,31.1,20.71,0.96,S3,5.242,0,S3,site_s3,S3,S3,S3
1786255631.339,c2,recommend,,0.0,26.76,14.03,4.0,S3,0,,0,200.0,obs,685,26.76,14.03,4.0,S3,26.76,14.03,4.0,S3,26.76,14.03,0.88,S3,5.242,0,S3,site_s3,S3,S3,S3
1786255632.339,c1,reserve,6000,0.053,26.29,13.62,3.6,S3,0,,0,36.0,obs,339,26.29,13.62,3.6,S3,26.29,13.62,3.6,S3,26.29,13.62,-0.91,S2,5.343,0,S3,site_s3,S3,S3,S2
1786255632.339,c1,search,6000,6.562,24.54,14.15,4.42,S3,0,,0,4474.0,obs,513,24.54,14.15,4.42,S3,24.54,14.15,4.42,S3,24.54,14.15,-3.98,S2,5.343,0,S3,site_s3,S3,S3,S2
1786255632.339,c1,recommend,6000,0.293,26.47,13.73,3.71,S3,0,,0,200.0,obs,682,26.47,13.73,3.71,S3,26.47,13.73,3.71,S3,26.47,13.73,0.56,S3,5.343,0,S3,site_s3,S3,S3,S3
1786255632.339,c2,reserve,,0.0,26.34,13.67,3.65,S3,0,,0,36.0,obs,339,26.34,13.67,3.65,S3,26.34,13.67,3.65,S3,26.34,13.67,-0.86,S2,5.343,0,S3,site_s3,S3,S3,S2
1786255632.339,c2,search,,0.0,31.1,20.71,10.98,S3,0,,0,4474.0,obs,513,31.1,20.71,10.98,S3,31.1,20.71,10.98,S3,31.1,20.71,2.59,S3,5.343,0,S3,site_s3,S3,S3,S3
1786255632.339,c2,recommend,,0.0,26.76,14.03,4.0,S3,0,,0,200.0,obs,682,26.76,14.03,4.0,S3,26.76,14.03,4.0,S3,26.76,14.03,0.86,S3,5.343,0,S3,site_s3,S3,S3,S3
1786255633.339,c1,reserve,6000,0.053,26.29,13.62,3.6,S3,0,,0,36.0,obs,344,26.29,13.62,3.6,S3,26.29,13.62,3.6,S3,26.29,13.62,-0.9,S2,4.99,0,S3,site_s3,S3,S3,S2
1786255633.339,c1,search,6000,6.562,24.54,14.15,4.42,S3,0,,0,4474.0,obs,509,24.54,14.15,4.42,S3,24.54,14.15,4.42,S3,24.54,14.15,-4.37,S2,4.99,0,S3,site_s3,S3,S3,S2
1786255633.339,c1,recommend,6000,0.293,26.47,13.73,3.71,S3,0,,0,200.0,obs,678,26.47,13.73,3.71,S3,26.47,13.73,3.71,S3,26.47,13.73,0.69,S3,4.99,0,S3,site_s3,S3,S3,S3
1786255633.339,c2,reserve,,0.0,26.34,13.67,3.65,S3,0,,0,36.0,obs,344,26.34,13.67,3.65,S3,26.34,13.67,3.65,S3,26.34,13.67,-0.85,S2,4.99,0,S3,site_s3,S3,S3,S2
1786255633.339,c2,search,,0.0,31.1,20.71,10.98,S3,0,,0,4474.0,obs,509,31.1,20.71,10.98,S3,31.1,20.71,10.98,S3,31.1,20.71,2.19,S3,4.99,0,S3,site_s3,S3,S3,S3
1786255633.339,c2,recommend,,0.0,26.76,14.03,4.0,S3,0,,0,200.0,obs,678,26.76,14.03,4.0,S3,26.76,14.03,4.0,S3,26.76,14.03,0.98,S3,4.99,0,S3,site_s3,S3,S3,S3
1786255634.339,c1,reserve,6000,0.053,26.29,13.62,3.6,S3,0,,0,36.0,obs,343,26.29,13.62,3.6,S3,26.29,13.62,3.6,S3,26.29,13.62,-1.2,S2,5.174,0,S3,site_s3,S3,S3,S2
1786255634.339,c1,search,6000,6.562,24.54,14.15,4.42,S3,0,,0,4474.0,obs,507,24.54,14.15,4.42,S3,24.54,14.15,4.42,S3,24.54,14.15,-6.04,S2,5.174,0,S3,site_s3,S3,S3,S2
1786255634.339,c1,recommend,6000,0.293,26.47,13.73,3.71,S3,0,,0,200.0,obs,684,26.47,13.73,3.71,S3,26.47,13.73,3.71,S3,26.47,13.73,0.69,S3,5.174,0,S3,site_s3,S3,S3,S3
1786255634.339,c2,reserve,,0.0,26.34,13.67,3.65,S3,0,,0,36.0,obs,343,26.34,13.67,3.65,S3,26.34,13.67,3.65,S3,26.34,13.67,-1.15,S2,5.174,0,S3,site_s3,S3,S3,S2
1786255634.339,c2,search,,0.0,31.1,20.71,10.98,S3,0,,0,4474.0,obs,507,31.1,20.71,10.98,S3,31.1,20.71,10.98,S3,31.1,20.71,0.52,S3,5.174,0,S3,site_s3,S3,S3,S3
1786255634.339,c2,recommend,,0.0,26.76,14.03,4.0,S3,0,,0,200.0,obs,684,26.76,14.03,4.0,S3,26.76,14.03,4.0,S3,26.76,14.03,0.98,S3,5.174,0,S3,site_s3,S3,S3,S3
1786255635.339,c1,reserve,6000,0.053,26.29,13.62,3.6,S3,0,,0,36.0,obs,340,26.29,13.62,3.6,S3,26.29,13.62,3.6,S3,26.29,13.62,-0.86,S2,5.301,0,S3,site_s3,S3,S3,S2
1786255635.339,c1,search,6000,6.562,24.54,14.15,4.42,S3,0,,0,4474.0,obs,511,24.54,14.15,4.42,S3,24.54,14.15,4.42,S3,24.54,14.15,-6.21,S2,5.301,0,S3,site_s3,S3,S3,S2
1786255635.339,c1,recommend,6000,0.293,26.47,13.73,3.71,S3,0,,0,200.0,obs,686,26.47,13.73,3.71,S3,26.47,13.73,3.71,S3,26.47,13.73,0.51,S3,5.301,0,S3,site_s3,S3,S3,S3
1786255635.339,c2,reserve,,0.0,26.34,13.67,3.65,S3,0,,0,36.0,obs,340,26.34,13.67,3.65,S3,26.34,13.67,3.65,S3,26.34,13.67,-0.81,S2,5.301,0,S3,site_s3,S3,S3,S2
1786255635.339,c2,search,,0.0,31.1,20.71,10.98,S3,0,,0,4474.0,obs,511,31.1,20.71,10.98,S3,31.1,20.71,10.98,S3,31.1,20.71,0.35,S3,5.301,0,S3,site_s3,S3,S3,S3
1786255635.339,c2,recommend,,0.0,26.76,14.03,4.0,S3,0,,0,200.0,obs,686,26.76,14.03,4.0,S3,26.76,14.03,4.0,S3,26.76,14.03,0.8,S3,5.301,0,S3,site_s3,S3,S3,S3
1786255636.339,c1,reserve,6000,0.053,26.29,13.62,3.6,S3,0,,0,36.0,obs,340,26.29,13.62,3.6,S3,26.29,13.62,3.6,S3,26.29,13.62,-0.48,S2,5.227,0,S3,site_s3,S3,S3,S2
1786255636.339,c1,search,6000,6.562,24.54,14.15,4.42,S3,0,,0,4474.0,obs,513,24.54,14.15,4.42,S3,24.54,14.15,4.42,S3,24.54,14.15,-4.35,S2,5.227,0,S3,site_s3,S3,S3,S2
1786255636.339,c1,recommend,6000,0.293,26.47,13.73,3.71,S3,0,,0,200.0,obs,686,26.47,13.73,3.71,S3,26.47,13.73,3.71,S3,26.47,13.73,0.52,S3,5.227,0,S3,site_s3,S3,S3,S3
1786255636.339,c2,reserve,,0.0,26.34,13.67,3.65,S3,0,,0,36.0,obs,340,26.34,13.67,3.65,S3,26.34,13.67,3.65,S3,26.34,13.67,-0.43,S2,5.227,0,S3,site_s3,S3,S3,S2
1786255636.339,c2,search,,0.0,31.1,20.71,10.98,S3,0,,0,4474.0,obs,513,31.1,20.71,10.98,S3,31.1,20.71,10.98,S3,31.1,20.71,2.21,S3,5.227,0,S3,site_s3,S3,S3,S3
1786255636.339,c2,recommend,,0.0,26.76,14.03,4.0,S3,0,,0,200.0,obs,686,26.76,14.03,4.0,S3,26.76,14.03,4.0,S3,26.76,14.03,0.81,S3,5.227,0,S3,site_s3,S3,S3,S3
1786255637.339,c1,reserve,6000,0.053,26.29,13.62,3.6,S3,0,,0,36.0,obs,343,26.29,13.62,3.6,S3,26.29,13.62,3.6,S3,26.29,13.62,-0.68,S2,5.237,0,S3,site_s3,S3,S3,S2
1786255637.339,c1,search,6000,6.562,24.54,14.15,4.42,S3,0,,0,4474.0,obs,515,24.54,14.15,4.42,S3,24.54,14.15,4.42,S3,24.54,14.15,-4.9,S2,5.237,0,S3,site_s3,S3,S3,S2
1786255637.339,c1,recommend,6000,0.293,26.47,13.73,3.71,S3,0,,0,200.0,obs,684,26.47,13.73,3.71,S3,26.47,13.73,3.71,S3,26.47,13.73,-0.52,S2,5.237,0,S3,site_s3,S3,S3,S2
1786255637.339,c2,reserve,,0.0,26.34,13.67,3.65,S3,0,,0,36.0,obs,343,26.34,13.67,3.65,S3,26.34,13.67,3.65,S3,26.34,13.67,-0.63,S2,5.237,0,S3,site_s3,S3,S3,S2
1786255637.339,c2,search,,0.0,31.1,20.71,10.98,S3,0,,0,4474.0,obs,515,31.1,20.71,10.98,S3,31.1,20.71,10.98,S3,31.1,20.71,1.66,S3,5.237,0,S3,site_s3,S3,S3,S3
1786255637.339,c2,recommend,,0.0,26.76,14.03,4.0,S3,0,,0,200.0,obs,684,26.76,14.03,4.0,S3,26.76,14.03,4.0,S3,26.76,14.03,-0.23,S2,5.237,0,S3,site_s3,S3,S3,S2
1786255638.339,c1,reserve,6000,0.053,26.29,13.62,3.6,S3,0,,0,36.0,obs,346,26.29,13.62,3.6,S3,26.29,13.62,3.6,S3,26.29,13.62,-1.58,S2,5.264,0,S3,site_s3,S3,S3,S2
1786255638.339,c1,search,6000,6.562,24.54,14.15,4.42,S3,0,,0,4474.0,obs,506,24.54,14.15,4.42,S3,24.54,14.15,4.42,S3,24.54,14.15,-6.78,S2,5.264,0,S3,site_s3,S3,S3,S2
1786255638.339,c1,recommend,6000,0.293,26.47,13.73,3.71,S3,0,,0,200.0,obs,679,26.47,13.73,3.71,S3,26.47,13.73,3.71,S3,26.47,13.73,-1.18,S2,5.264,0,S3,site_s3,S3,S3,S2
1786255638.339,c2,reserve,,0.0,26.34,13.67,3.65,S3,0,,0,36.0,obs,346,26.34,13.67,3.65,S3,26.34,13.67,3.65,S3,26.34,13.67,-1.53,S2,5.264,0,S3,site_s3,S3,S3,S2
1786255638.339,c2,search,,0.0,31.1,20.71,10.98,S3,0,,0,4474.0,obs,506,31.1,20.71,10.98,S3,31.1,20.71,10.98,S3,31.1,20.71,-0.22,S2,5.264,0,S3,site_s3,S3,S3,S2
1786255638.339,c2,recommend,,0.0,26.76,14.03,4.0,S3,0,,0,200.0,obs,679,26.76,14.03,4.0,S3,26.76,14.03,4.0,S3,26.76,14.03,-0.88,S2,5.264,0,S3,site_s3,S3,S3,S2
1786255639.339,c1,reserve,6000,0.053,26.29,13.62,3.6,S3,0,,0,36.0,obs,343,26.29,13.62,3.6,S3,26.29,13.62,3.6,S3,26.29,13.62,-1.49,S2,5.312,0,S3,site_s3,S3,S3,S2
1786255639.339,c1,search,6000,6.562,24.54,14.15,4.42,S3,0,,0,4474.0,obs,511,24.54,14.15,4.42,S3,24.54,14.15,4.42,S3,24.54,14.15,-6.72,S2,5.312,0,S3,site_s3,S3,S3,S2
1786255639.339,c1,recommend,6000,0.293,26.47,13.73,3.71,S3,0,,0,200.0,obs,687,26.47,13.73,3.71,S3,26.47,13.73,3.71,S3,26.47,13.73,-0.81,S2,5.312,0,S3,site_s3,S3,S3,S2
1786255639.339,c2,reserve,,0.0,26.34,13.67,3.65,S3,0,,0,36.0,obs,343,26.34,13.67,3.65,S3,26.34,13.67,3.65,S3,26.34,13.67,-1.44,S2,5.312,0,S3,site_s3,S3,S3,S2
1786255639.339,c2,search,,0.0,31.1,20.71,10.98,S3,0,,0,4474.0,obs,511,31.1,20.71,10.98,S3,31.1,20.71,10.98,S3,31.1,20.71,-0.16,S2,5.312,0,S3,site_s3,S3,S3,S2
1786255639.339,c2,recommend,,0.0,26.76,14.03,4.0,S3,0,,0,200.0,obs,687,26.76,14.03,4.0,S3,26.76,14.03,4.0,S3,26.76,14.03,-0.51,S2,5.312,0,S3,site_s3,S3,S3,S2
1786255640.339,c1,reserve,6000,0.053,26.29,13.62,3.6,S3,0,,0,36.0,obs,340,26.29,13.62,3.6,S3,26.29,13.62,3.6,S3,26.29,13.62,-0.87,S2,5.232,0,S3,site_s3,S3,S3,S2
1786255640.339,c1,search,6000,6.562,24.54,14.15,4.42,S3,0,,0,4474.0,obs,511,24.54,14.15,4.42,S3,24.54,14.15,4.42,S3,24.54,14.15,-4.97,S2,5.232,0,S3,site_s3,S3,S3,S2
1786255640.339,c1,recommend,6000,0.293,26.47,13.73,3.71,S3,0,,0,200.0,obs,690,26.47,13.73,3.71,S3,26.47,13.73,3.71,S3,26.47,13.73,-0.01,S2,5.232,0,S3,site_s3,S3,S3,S2
1786255640.339,c2,reserve,,0.0,26.34,13.67,3.65,S3,0,,0,36.0,obs,340,26.34,13.67,3.65,S3,26.34,13.67,3.65,S3,26.34,13.67,-0.82,S2,5.232,0,S3,site_s3,S3,S3,S2
1786255640.339,c2,search,,0.0,31.1,20.71,10.98,S3,0,,0,4474.0,obs,511,31.1,20.71,10.98,S3,31.1,20.71,10.98,S3,31.1,20.71,1.59,S3,5.232,0,S3,site_s3,S3,S3,S3
1786255640.339,c2,recommend,,0.0,26.76,14.03,4.0,S3,0,,0,200.0,obs,690,26.76,14.03,4.0,S3,26.76,14.03,4.0,S3,26.76,14.03,0.29,S3,5.232,0,S3,site_s3,S3,S3,S3
1786255641.339,c1,reserve,6000,0.053,26.29,13.62,3.6,S3,0,,0,36.0,obs,341,26.29,13.62,3.6,S3,26.29,13.62,3.6,S3,26.29,13.62,-1.01,S2,5.203,0,S3,site_s3,S3,S3,S2
1786255641.339,c1,search,6000,6.562,24.54,14.15,4.42,S3,0,,0,4474.0,obs,515,24.54,14.15,4.42,S3,24.54,14.15,4.42,S3,24.54,14.15,-4.93,S2,5.203,0,S3,site_s3,S3,S3,S2
1786255641.339,c1,recommend,6000,0.293,26.47,13.73,3.71,S3,0,,0,200.0,obs,687,26.47,13.73,3.71,S3,26.47,13.73,3.71,S3,26.47,13.73,0.5,S3,5.203,0,S3,site_s3,S3,S3,S3
1786255641.339,c2,reserve,,0.0,26.34,13.67,3.65,S3,0,,0,36.0,obs,341,26.34,13.67,3.65,S3,26.34,13.67,3.65,S3,26.34,13.67,-0.96,S2,5.203,0,S3,site_s3,S3,S3,S2
1786255641.339,c2,search,,0.0,31.1,20.71,10.98,S3,0,,0,4474.0,obs,515,31.1,20.71,10.98,S3,31.1,20.71,10.98,S3,31.1,20.71,1.64,S3,5.203,0,S3,site_s3,S3,S3,S3
1786255641.339,c2,recommend,,0.0,26.76,14.03,4.0,S3,0,,0,200.0,obs,687,26.76,14.03,4.0,S3,26.76,14.03,4.0,S3,26.76,14.03,0.79,S3,5.203,0,S3,site_s3,S3,S3,S3
1786255642.339,c1,reserve,6000,0.053,26.29,13.62,3.6,S3,0,,0,36.0,obs,346,26.29,13.62,3.6,S3,26.29,13.62,3.6,S3,26.29,13.62,-0.81,S2,5.181,0,S3,site_s3,S3,S3,S2
1786255642.339,c1,search,6000,6.562,24.54,14.15,4.42,S3,0,,0,4474.0,obs,515,24.54,14.15,4.42,S3,24.54,14.15,4.42,S3,24.54,14.15,-4.7,S2,5.181,0,S3,site_s3,S3,S3,S2
1786255642.339,c1,recommend,6000,0.293,26.47,13.73,3.71,S3,0,,0,200.0,obs,683,26.47,13.73,3.71,S3,26.47,13.73,3.71,S3,26.47,13.73,0.3,S3,5.181,0,S3,site_s3,S3,S3,S3
1786255642.339,c2,reserve,,0.0,26.34,13.67,3.65,S3,0,,0,36.0,obs,346,26.34,13.67,3.65,S3,26.34,13.67,3.65,S3,26.34,13.67,-0.76,S2,5.181,0,S3,site_s3,S3,S3,S2
1786255642.339,c2,search,,0.0,31.1,20.71,10.98,S3,0,,0,4474.0,obs,515,31.1,20.71,10.98,S3,31.1,20.71,10.98,S3,31.1,20.71,1.87,S3,5.181,0,S3,site_s3,S3,S3,S3
1786255642.339,c2,recommend,,0.0,26.76,14.03,4.0,S3,0,,0,200.0,obs,683,26.76,14.03,4.0,S3,26.76,14.03,4.0,S3,26.76,14.03,0.59,S3,5.181,0,S3,site_s3,S3,S3,S3
1786255643.339,c1,reserve,6000,0.053,26.29,13.62,3.6,S3,0,,0,36.0,obs,347,26.29,13.62,3.6,S3,26.29,13.62,3.6,S3,26.29,13.62,-0.68,S2,5.173,0,S3,site_s3,S3,S3,S2
1786255643.339,c1,search,6000,6.562,24.54,14.15,4.42,S3,0,,0,4474.0,obs,513,24.54,14.15,4.42,S3,24.54,14.15,4.42,S3,24.54,14.15,-3.92,S2,5.173,0,S3,site_s3,S3,S3,S2
1786255643.339,c1,recommend,6000,0.293,26.47,13.73,3.71,S3,0,,0,200.0,obs,688,26.47,13.73,3.71,S3,26.47,13.73,3.71,S3,26.47,13.73,0.49,S3,5.173,0,S3,site_s3,S3,S3,S3
1786255643.339,c2,reserve,,0.0,26.34,13.67,3.65,S3,0,,0,36.0,obs,347,26.34,13.67,3.65,S3,26.34,13.67,3.65,S3,26.34,13.67,-0.63,S2,5.173,0,S3,site_s3,S3,S3,S2
1786255643.339,c2,search,,0.0,31.1,20.71,10.98,S3,0,,0,4474.0,obs,513,31.1,20.71,10.98,S3,31.1,20.71,10.98,S3,31.1,20.71,2.64,S3,5.173,0,S3,site_s3,S3,S3,S3
1786255643.339,c2,recommend,,0.0,26.76,14.03,4.0,S3,0,,0,200.0,obs,688,26.76,14.03,4.0,S3,26.76,14.03,4.0,S3,26.76,14.03,0.79,S3,5.173,0,S3,site_s3,S3,S3,S3
1786255644.339,c1,reserve,6000,0.053,26.29,13.62,3.6,S3,0,,0,36.0,obs,344,26.29,13.62,3.6,S3,26.29,13.62,3.6,S3,26.29,13.62,-0.82,S2,5.018,0,S3,site_s3,S3,S3,S2
1786255644.339,c1,search,6000,6.562,24.54,14.15,4.42,S3,0,,0,4474.0,obs,514,24.54,14.15,4.42,S3,24.54,14.15,4.42,S3,24.54,14.15,-4.36,S2,5.018,0,S3,site_s3,S3,S3,S2
1786255644.339,c1,recommend,6000,0.293,26.47,13.73,3.71,S3,0,,0,200.0,obs,690,26.47,13.73,3.71,S3,26.47,13.73,3.71,S3,26.47,13.73,0.61,S3,5.018,0,S3,site_s3,S3,S3,S3
1786255644.339,c2,reserve,,0.0,26.34,13.67,3.65,S3,0,,0,36.0,obs,344,26.34,13.67,3.65,S3,26.34,13.67,3.65,S3,26.34,13.67,-0.77,S2,5.018,0,S3,site_s3,S3,S3,S2
1786255644.339,c2,search,,0.0,31.1,20.71,10.98,S3,0,,0,4474.0,obs,514,31.1,20.71,10.98,S3,31.1,20.71,10.98,S3,31.1,20.71,2.21,S3,5.018,0,S3,site_s3,S3,S3,S3
1786255644.339,c2,recommend,,0.0,26.76,14.03,4.0,S3,0,,0,200.0,obs,690,26.76,14.03,4.0,S3,26.76,14.03,4.0,S3,26.76,14.03,0.91,S3,5.018,0,S3,site_s3,S3,S3,S3
1786255645.339,c1,reserve,6000,0.053,26.29,13.62,3.6,S3,0,,0,36.0,obs,341,26.29,13.62,3.6,S3,26.29,13.62,3.6,S3,26.29,13.62,-1.04,S2,5.148,0,S3,site_s3,S3,S3,S2
1786255645.339,c1,search,6000,6.562,24.54,14.15,4.42,S3,0,,0,4474.0,obs,516,24.54,14.15,4.42,S3,24.54,14.15,4.42,S3,24.54,14.15,-4.54,S2,5.148,0,S3,site_s3,S3,S3,S2
1786255645.339,c1,recommend,6000,0.293,26.47,13.73,3.71,S3,0,,0,200.0,obs,692,26.47,13.73,3.71,S3,26.47,13.73,3.71,S3,26.47,13.73,0.7,S3,5.148,0,S3,site_s3,S3,S3,S3
1786255645.339,c2,reserve,,0.0,26.34,13.67,3.65,S3,0,,0,36.0,obs,341,26.34,13.67,3.65,S3,26.34,13.67,3.65,S3,26.34,13.67,-0.99,S2,5.148,0,S3,site_s3,S3,S3,S2
1786255645.339,c2,search,,0.0,31.1,20.71,10.98,S3,0,,0,4474.0,obs,516,31.1,20.71,10.98,S3,31.1,20.71,10.98,S3,31.1,20.71,2.02,S3,5.148,0,S3,site_s3,S3,S3,S3
1786255645.339,c2,recommend,,0.0,26.76,14.03,4.0,S3,0,,0,200.0,obs,692,26.76,14.03,4.0,S3,26.76,14.03,4.0,S3,26.76,14.03,1.0,S3,5.148,0,S3,site_s3,S3,S3,S3
1786255646.339,c1,reserve,6000,0.053,26.29,13.62,3.6,S3,0,,0,36.0,obs,343,26.29,13.62,3.6,S3,26.29,13.62,3.6,S3,26.29,13.62,-0.43,S2,5.295,0,S3,site_s3,S3,S3,S2
1786255646.339,c1,search,6000,6.562,24.54,14.15,4.42,S3,0,,0,4474.0,obs,519,24.54,14.15,4.42,S3,24.54,14.15,4.42,S3,24.54,14.15,-4.81,S2,5.295,0,S3,site_s3,S3,S3,S2
1786255646.339,c1,recommend,6000,0.293,26.47,13.73,3.71,S3,0,,0,200.0,obs,688,26.47,13.73,3.71,S3,26.47,13.73,3.71,S3,26.47,13.73,0.63,S3,5.295,0,S3,site_s3,S3,S3,S3
1786255646.339,c2,reserve,,0.0,26.34,13.67,3.65,S3,0,,0,36.0,obs,343,26.34,13.67,3.65,S3,26.34,13.67,3.65,S3,26.34,13.67,-0.38,S2,5.295,0,S3,site_s3,S3,S3,S2
1786255646.339,c2,search,,0.0,31.1,20.71,10.98,S3,0,,0,4474.0,obs,519,31.1,20.71,10.98,S3,31.1,20.71,10.98,S3,31.1,20.71,1.75,S3,5.295,0,S3,site_s3,S3,S3,S3
1786255646.339,c2,recommend,,0.0,26.76,14.03,4.0,S3,0,,0,200.0,obs,688,26.76,14.03,4.0,S3,26.76,14.03,4.0,S3,26.76,14.03,0.93,S3,5.295,0,S3,site_s3,S3,S3,S3
1786255647.339,c1,reserve,6000,0.053,26.29,13.62,3.6,S3,0,,0,36.0,obs,348,26.29,13.62,3.6,S3,26.29,13.62,3.6,S3,26.29,13.62,-0.51,S2,4.993,0,S3,site_s3,S3,S3,S2
1786255647.339,c1,search,6000,6.562,24.54,14.15,4.42,S3,0,,0,4474.0,obs,515,24.54,14.15,4.42,S3,24.54,14.15,4.42,S3,24.54,14.15,-5.96,S2,4.993,0,S3,site_s3,S3,S3,S2
1786255647.339,c1,recommend,6000,0.293,26.47,13.73,3.71,S3,0,,0,200.0,obs,686,26.47,13.73,3.71,S3,26.47,13.73,3.71,S3,26.47,13.73,0.53,S3,4.993,0,S3,site_s3,S3,S3,S3
1786255647.339,c2,reserve,,0.0,26.34,13.67,3.65,S3,0,,0,36.0,obs,348,26.34,13.67,3.65,S3,26.34,13.67,3.65,S3,26.34,13.67,-0.46,S2,4.993,0,S3,site_s3,S3,S3,S2
1786255647.339,c2,search,,0.0,31.1,20.71,10.98,S3,0,,0,4474.0,obs,515,31.1,20.71,10.98,S3,31.1,20.71,10.98,S3,31.1,20.71,0.6,S3,4.993,0,S3,site_s3,S3,S3,S3
1786255647.339,c2,recommend,,0.0,26.76,14.03,4.0,S3,0,,0,200.0,obs,686,26.76,14.03,4.0,S3,26.76,14.03,4.0,S3,26.76,14.03,0.82,S3,4.993,0,S3,site_s3,S3,S3,S3
1786255648.339,c1,reserve,6000,0.053,26.29,13.62,3.6,S3,0,,0,36.0,obs,346,26.29,13.62,3.6,S3,26.29,13.62,3.6,S3,26.29,13.62,0.31,S3,5.018,0,S3,site_s3,S3,S3,S3
1786255648.339,c1,search,6000,6.562,24.54,14.15,4.42,S3,0,,0,4474.0,obs,514,24.54,14.15,4.42,S3,24.54,14.15,4.42,S3,24.54,14.15,-5.32,S2,5.018,0,S3,site_s3,S3,S3,S2
1786255648.339,c1,recommend,6000,0.293,26.47,13.73,3.71,S3,0,,0,200.0,obs,690,26.47,13.73,3.71,S3,26.47,13.73,3.71,S3,26.47,13.73,0.89,S3,5.018,0,S3,site_s3,S3,S3,S3
1786255648.339,c2,reserve,,0.0,26.34,13.67,3.65,S3,0,,0,36.0,obs,346,26.34,13.67,3.65,S3,26.34,13.67,3.65,S3,26.34,13.67,0.36,S3,5.018,0,S3,site_s3,S3,S3,S3
1786255648.339,c2,search,,0.0,31.1,20.71,10.98,S3,0,,0,4474.0,obs,514,31.1,20.71,10.98,S3,31.1,20.71,10.98,S3,31.1,20.71,1.24,S3,5.018,0,S3,site_s3,S3,S3,S3
1786255648.339,c2,recommend,,0.0,26.76,14.03,4.0,S3,0,,0,200.0,obs,690,26.76,14.03,4.0,S3,26.76,14.03,4.0,S3,26.76,14.03,1.18,S3,5.018,0,S3,site_s3,S3,S3,S3
1786255649.339,c1,reserve,6000,0.053,26.29,13.62,3.6,S3,0,,0,36.0,obs,342,26.29,13.62,3.6,S3,26.29,13.62,3.6,S3,26.29,13.62,0.31,S3,5.012,0,S3,site_s3,S3,S3,S3
1786255649.339,c1,search,6000,6.562,24.54,14.15,4.42,S3,0,,0,4474.0,obs,517,24.54,14.15,4.42,S3,24.54,14.15,4.42,S3,24.54,14.15,-4.18,S2,5.012,0,S3,site_s3,S3,S3,S2
1786255649.339,c1,recommend,6000,0.293,26.47,13.73,3.71,S3,0,,0,200.0,obs,692,26.47,13.73,3.71,S3,26.47,13.73,3.71,S3,26.47,13.73,0.75,S3,5.012,0,S3,site_s3,S3,S3,S3
1786255649.339,c2,reserve,,0.0,26.34,13.67,3.65,S3,0,,0,36.0,obs,342,26.34,13.67,3.65,S3,26.34,13.67,3.65,S3,26.34,13.67,0.36,S3,5.012,0,S3,site_s3,S3,S3,S3
1786255649.339,c2,search,,0.0,31.1,20.71,10.98,S3,0,,0,4474.0,obs,517,31.1,20.71,10.98,S3,31.1,20.71,10.98,S3,31.1,20.71,2.38,S3,5.012,0,S3,site_s3,S3,S3,S3
1786255649.339,c2,recommend,,0.0,26.76,14.03,4.0,S3,0,,0,200.0,obs,692,26.76,14.03,4.0,S3,26.76,14.03,4.0,S3,26.76,14.03,1.04,S3,5.012,0,S3,site_s3,S3,S3,S3
1786255650.340,c1,reserve,6000,0.053,26.29,13.62,3.6,S3,0,,0,36.0,obs,343,26.29,13.62,3.6,S3,26.29,13.62,3.6,S3,26.29,13.62,0.17,S3,6.047,0,S3,site_s3,S3,S3,S3
1786255650.340,c1,search,6000,6.562,24.54,14.15,4.42,S3,0,,0,4474.0,obs,519,24.54,14.15,4.42,S3,24.54,14.15,4.42,S3,24.54,14.15,-4.59,S2,6.047,0,S3,site_s3,S3,S3,S2
1786255650.340,c1,recommend,6000,0.293,26.47,13.73,3.71,S3,0,,0,200.0,obs,691,26.47,13.73,3.71,S3,26.47,13.73,3.71,S3,26.47,13.73,0.45,S3,6.047,0,S3,site_s3,S3,S3,S3
1786255650.340,c2,reserve,,0.0,26.34,13.67,3.65,S3,0,,0,36.0,obs,343,26.34,13.67,3.65,S3,26.34,13.67,3.65,S3,26.34,13.67,0.23,S3,6.047,0,S3,site_s3,S3,S3,S3
1786255650.340,c2,search,,0.0,31.1,20.71,10.98,S3,0,,0,4474.0,obs,519,31.1,20.71,10.98,S3,31.1,20.71,10.98,S3,31.1,20.71,1.97,S3,6.047,0,S3,site_s3,S3,S3,S3
1786255650.340,c2,recommend,,0.0,26.76,14.03,4.0,S3,0,,0,200.0,obs,691,26.76,14.03,4.0,S3,26.76,14.03,4.0,S3,26.76,14.03,0.74,S3,6.047,0,S3,site_s3,S3,S3,S3
1786255651.339,c1,reserve,6000,0.053,26.29,13.62,3.6,S3,0,,0,36.0,obs,346,26.29,13.62,3.6,S3,26.29,13.62,3.6,S3,26.29,13.62,-0.64,S2,5.361,0,S3,site_s3,S3,S3,S2
1786255651.339,c1,search,6000,6.562,24.54,14.15,4.42,S3,0,,0,4474.0,obs,518,24.54,14.15,4.42,S3,24.54,14.15,4.42,S3,24.54,14.15,-4.84,S2,5.361,0,S3,site_s3,S3,S3,S2
1786255651.339,c1,recommend,6000,0.293,26.47,13.73,3.71,S3,0,,0,200.0,obs,688,26.47,13.73,3.71,S3,26.47,13.73,3.71,S3,26.47,13.73,0.19,S3,5.361,0,S3,site_s3,S3,S3,S3
1786255651.339,c2,reserve,,0.0,26.34,13.67,3.65,S3,0,,0,36.0,obs,346,26.34,13.67,3.65,S3,26.34,13.67,3.65,S3,26.34,13.67,-0.58,S2,5.361,0,S3,site_s3,S3,S3,S2
1786255651.339,c2,search,,0.0,31.1,20.71,10.98,S3,0,,0,4474.0,obs,518,31.1,20.71,10.98,S3,31.1,20.71,10.98,S3,31.1,20.71,1.73,S3,5.361,0,S3,site_s3,S3,S3,S3
1786255651.339,c2,recommend,,0.0,26.76,14.03,4.0,S3,0,,0,200.0,obs,688,26.76,14.03,4.0,S3,26.76,14.03,4.0,S3,26.76,14.03,0.49,S3,5.361,0,S3,site_s3,S3,S3,S3
1786255652.339,c1,reserve,6000,0.053,26.29,13.62,3.6,S3,0,,0,36.0,obs,348,26.29,13.62,3.6,S3,26.29,13.62,3.6,S3,26.29,13.62,-1.05,S2,5.203,0,S3,site_s3,S3,S3,S2
1786255652.339,c1,search,6000,6.562,24.54,14.15,4.42,S3,0,,0,4474.0,obs,515,24.54,14.15,4.42,S3,24.54,14.15,4.42,S3,24.54,14.15,-4.47,S2,5.203,0,S3,site_s3,S3,S3,S2
1786255652.339,c1,recommend,6000,0.293,26.47,13.73,3.71,S3,0,,0,200.0,obs,690,26.47,13.73,3.71,S3,26.47,13.73,3.71,S3,26.47,13.73,0.61,S3,5.203,0,S3,site_s3,S3,S3,S3
1786255652.339,c2,reserve,,0.0,26.34,13.67,3.65,S3,0,,0,36.0,obs,348,26.34,13.67,3.65,S3,26.34,13.67,3.65,S3,26.34,13.67,-1.0,S2,5.203,0,S3,site_s3,S3,S3,S2
1786255652.339,c2,search,,0.0,31.1,20.71,10.98,S3,0,,0,4474.0,obs,515,31.1,20.71,10.98,S3,31.1,20.71,10.98,S3,31.1,20.71,2.09,S3,5.203,0,S3,site_s3,S3,S3,S3
1786255652.339,c2,recommend,,0.0,26.76,14.03,4.0,S3,0,,0,200.0,obs,690,26.76,14.03,4.0,S3,26.76,14.03,4.0,S3,26.76,14.03,0.9,S3,5.203,0,S3,site_s3,S3,S3,S3
1786255653.339,c1,reserve,6000,0.053,26.29,13.62,3.6,S3,0,,0,36.0,obs,346,26.29,13.62,3.6,S3,26.29,13.62,3.6,S3,26.29,13.62,-1.17,S2,5.33,0,S3,site_s3,S3,S3,S2
1786255653.339,c1,search,6000,6.562,24.54,14.15,4.42,S3,0,,0,4474.0,obs,516,24.54,14.15,4.42,S3,24.54,14.15,4.42,S3,24.54,14.15,-3.8,S2,5.33,0,S3,site_s3,S3,S3,S2
1786255653.339,c1,recommend,6000,0.293,26.47,13.73,3.71,S3,0,,0,200.0,obs,694,26.47,13.73,3.71,S3,26.47,13.73,3.71,S3,26.47,13.73,0.92,S3,5.33,0,S3,site_s3,S3,S3,S3
1786255653.339,c2,reserve,,0.0,26.34,13.67,3.65,S3,0,,0,36.0,obs,346,26.34,13.67,3.65,S3,26.34,13.67,3.65,S3,26.34,13.67,-1.12,S2,5.33,0,S3,site_s3,S3,S3,S2
1786255653.339,c2,search,,0.0,31.1,20.71,10.98,S3,0,,0,4474.0,obs,516,31.1,20.71,10.98,S3,31.1,20.71,10.98,S3,31.1,20.71,2.76,S3,5.33,0,S3,site_s3,S3,S3,S3
1786255653.339,c2,recommend,,0.0,26.76,14.03,4.0,S3,0,,0,200.0,obs,694,26.76,14.03,4.0,S3,26.76,14.03,4.0,S3,26.76,14.03,1.21,S3,5.33,0,S3,site_s3,S3,S3,S3
1786255654.339,c1,reserve,6000,0.053,26.29,13.62,3.6,S3,0,,0,36.0,obs,343,26.29,13.62,3.6,S3,26.29,13.62,3.6,S3,26.29,13.62,-0.59,S2,5.019,0,S3,site_s3,S3,S3,S2
1786255654.339,c1,search,6000,6.562,24.54,14.15,4.42,S3,0,,0,4474.0,obs,519,24.54,14.15,4.42,S3,24.54,14.15,4.42,S3,24.54,14.15,-3.92,S2,5.019,0,S3,site_s3,S3,S3,S2
1786255654.339,c1,recommend,6000,0.293,26.47,13.73,3.71,S3,0,,0,200.0,obs,695,26.47,13.73,3.71,S3,26.47,13.73,3.71,S3,26.47,13.73,0.95,S3,5.019,0,S3,site_s3,S3,S3,S3
1786255654.339,c2,reserve,,0.0,26.34,13.67,3.65,S3,0,,0,36.0,obs,343,26.34,13.67,3.65,S3,26.34,13.67,3.65,S3,26.34,13.67,-0.54,S2,5.019,0,S3,site_s3,S3,S3,S2
1786255654.339,c2,search,,0.0,31.1,20.71,10.98,S3,0,,0,4474.0,obs,519,31.1,20.71,10.98,S3,31.1,20.71,10.98,S3,31.1,20.71,2.64,S3,5.019,0,S3,site_s3,S3,S3,S3
1786255654.339,c2,recommend,,0.0,26.76,14.03,4.0,S3,0,,0,200.0,obs,695,26.76,14.03,4.0,S3,26.76,14.03,4.0,S3,26.76,14.03,1.24,S3,5.019,0,S3,site_s3,S3,S3,S3
1786255655.339,c1,reserve,6000,0.053,26.29,13.62,3.6,S3,0,,0,36.0,obs,345,26.29,13.62,3.6,S3,26.29,13.62,3.6,S3,26.29,13.62,-0.69,S2,5.247,0,S3,site_s3,S3,S3,S2
1786255655.339,c1,search,6000,6.562,24.54,14.15,4.42,S3,0,,0,4474.0,obs,520,24.54,14.15,4.42,S3,24.54,14.15,4.42,S3,24.54,14.15,-4.95,S2,5.247,0,S3,site_s3,S3,S3,S2
1786255655.339,c1,recommend,6000,0.293,26.47,13.73,3.71,S3,0,,0,200.0,obs,691,26.47,13.73,3.71,S3,26.47,13.73,3.71,S3,26.47,13.73,0.04,S3,5.247,0,S3,site_s3,S3,S3,S3
1786255655.339,c2,reserve,,0.0,26.34,13.67,3.65,S3,0,,0,36.0,obs,345,26.34,13.67,3.65,S3,26.34,13.67,3.65,S3,26.34,13.67,-0.64,S2,5.247,0,S3,site_s3,S3,S3,S2
1786255655.339,c2,search,,0.0,31.1,20.71,10.98,S3,0,,0,4474.0,obs,520,31.1,20.71,10.98,S3,31.1,20.71,10.98,S3,31.1,20.71,1.61,S3,5.247,0,S3,site_s3,S3,S3,S3
1786255655.339,c2,recommend,,0.0,26.76,14.03,4.0,S3,0,,0,200.0,obs,691,26.76,14.03,4.0,S3,26.76,14.03,4.0,S3,26.76,14.03,0.33,S3,5.247,0,S3,site_s3,S3,S3,S3
1786255656.339,c1,reserve,6000,0.053,26.29,13.62,3.6,S3,0,,0,36.0,obs,349,26.29,13.62,3.6,S3,26.29,13.62,3.6,S3,26.29,13.62,-1.16,S2,5.258,0,S3,site_s3,S3,S3,S2
1786255656.339,c1,search,6000,6.562,24.54,14.15,4.42,S3,0,,0,4474.0,obs,519,24.54,14.15,4.42,S3,24.54,14.15,4.42,S3,24.54,14.15,-4.77,S2,5.258,0,S3,site_s3,S3,S3,S2
1786255656.339,c1,recommend,6000,0.293,26.47,13.73,3.71,S3,0,,0,200.0,obs,691,26.47,13.73,3.71,S3,26.47,13.73,3.71,S3,26.47,13.73,-0.29,S2,5.258,0,S3,site_s3,S3,S3,S2
1786255656.339,c2,reserve,,0.0,26.34,13.67,3.65,S3,0,,0,36.0,obs,349,26.34,13.67,3.65,S3,26.34,13.67,3.65,S3,26.34,13.67,-1.11,S2,5.258,0,S3,site_s3,S3,S3,S2
1786255656.339,c2,search,,0.0,31.1,20.71,10.98,S3,0,,0,4474.0,obs,519,31.1,20.71,10.98,S3,31.1,20.71,10.98,S3,31.1,20.71,1.8,S3,5.258,0,S3,site_s3,S3,S3,S3
1786255656.339,c2,recommend,,0.0,26.76,14.03,4.0,S3,0,,0,200.0,obs,691,26.76,14.03,4.0,S3,26.76,14.03,4.0,S3,26.76,14.03,0.01,S3,5.258,0,S3,site_s3,S3,S3,S3
1786255657.339,c1,reserve,6000,0.053,26.29,13.62,3.6,S3,0,,0,36.0,obs,348,26.29,13.62,3.6,S3,26.29,13.62,3.6,S3,26.29,13.62,-2.32,S2,5.165,0,S3,site_s3,S3,S3,S2
1786255657.339,c1,search,6000,6.562,24.54,14.15,4.42,S3,0,,0,4474.0,obs,518,24.54,14.15,4.42,S3,24.54,14.15,4.42,S3,24.54,14.15,-5.51,S2,5.165,0,S3,site_s3,S3,S3,S2
1786255657.339,c1,recommend,6000,0.293,26.47,13.73,3.71,S3,0,,0,200.0,obs,694,26.47,13.73,3.71,S3,26.47,13.73,3.71,S3,26.47,13.73,-1.03,S2,5.165,0,S3,site_s3,S3,S3,S2
1786255657.339,c2,reserve,,0.0,26.34,13.67,3.65,S3,0,,0,36.0,obs,348,26.34,13.67,3.65,S3,26.34,13.67,3.65,S3,26.34,13.67,-2.27,S2,5.165,0,S3,site_s3,S3,S3,S2
1786255657.339,c2,search,,0.0,31.1,20.71,10.98,S3,0,,0,4474.0,obs,518,31.1,20.71,10.98,S3,31.1,20.71,10.98,S3,31.1,20.71,1.06,S3,5.165,0,S3,site_s3,S3,S3,S3
1786255657.339,c2,recommend,,0.0,26.76,14.03,4.0,S3,0,,0,200.0,obs,694,26.76,14.03,4.0,S3,26.76,14.03,4.0,S3,26.76,14.03,-0.73,S2,5.165,0,S3,site_s3,S3,S3,S2
1786255658.339,c1,reserve,6000,0.053,26.29,13.62,3.6,S3,0,,0,36.0,obs,344,26.29,13.62,3.6,S3,26.29,13.62,3.6,S3,26.29,13.62,-2.09,S2,5.238,0,S3,site_s3,S3,S3,S2
1786255658.339,c1,search,6000,6.562,24.54,14.15,4.42,S3,0,,0,4474.0,obs,519,24.54,14.15,4.42,S3,24.54,14.15,4.42,S3,24.54,14.15,-5.88,S2,5.238,0,S3,site_s3,S3,S3,S2
1786255658.339,c1,recommend,6000,0.293,26.47,13.73,3.71,S3,0,,0,200.0,obs,697,26.47,13.73,3.71,S3,26.47,13.73,3.71,S3,26.47,13.73,-0.79,S2,5.238,0,S3,site_s3,S3,S3,S2
1786255658.339,c2,reserve,,0.0,26.34,13.67,3.65,S3,0,,0,36.0,obs,344,26.34,13.67,3.65,S3,26.34,13.67,3.65,S3,26.34,13.67,-2.04,S2,5.238,0,S3,site_s3,S3,S3,S2
1786255658.339,c2,search,,0.0,31.1,20.71,10.98,S3,0,,0,4474.0,obs,519,31.1,20.71,10.98,S3,31.1,20.71,10.98,S3,31.1,20.71,0.68,S3,5.238,0,S3,site_s3,S3,S3,S3
1786255658.339,c2,recommend,,0.0,26.76,14.03,4.0,S3,0,,0,200.0,obs,697,26.76,14.03,4.0,S3,26.76,14.03,4.0,S3,26.76,14.03,-0.5,S2,5.238,0,S3,site_s3,S3,S3,S2
1786255659.339,c1,reserve,6000,0.053,26.29,13.62,3.6,S3,0,,0,36.0,obs,344,26.29,13.62,3.6,S3,26.29,13.62,3.6,S3,26.29,13.62,0.15,S3,5.029,0,S3,site_s3,S3,S3,S3
1786255659.339,c1,search,6000,6.562,24.54,14.15,4.42,S3,0,,0,4474.0,obs,522,24.54,14.15,4.42,S3,24.54,14.15,4.42,S3,24.54,14.15,-3.24,S2,5.029,0,S3,site_s3,S3,S3,S2
1786255659.339,c1,recommend,6000,0.293,26.47,13.73,3.71,S3,0,,0,200.0,obs,694,26.47,13.73,3.71,S3,26.47,13.73,3.71,S3,26.47,13.73,0.65,S3,5.029,0,S3,site_s3,S3,S3,S3
1786255659.339,c2,reserve,,0.0,26.34,13.67,3.65,S3,0,,0,36.0,obs,344,26.34,13.67,3.65,S3,26.34,13.67,3.65,S3,26.34,13.67,0.21,S3,5.029,0,S3,site_s3,S3,S3,S3
1786255659.339,c2,search,,0.0,31.1,20.71,10.98,S3,0,,0,4474.0,obs,522,31.1,20.71,10.98,S3,31.1,20.71,10.98,S3,31.1,20.71,3.32,S3,5.029,0,S3,site_s3,S3,S3,S3
1786255659.339,c2,recommend,,0.0,26.76,14.03,4.0,S3,0,,0,200.0,obs,694,26.76,14.03,4.0,S3,26.76,14.03,4.0,S3,26.76,14.03,0.94,S3,5.029,0,S3,site_s3,S3,S3,S3
1786255660.339,c1,reserve,6000,0.053,26.29,13.62,3.6,S3,0,,0,36.0,obs,349,26.29,13.62,3.6,S3,26.29,13.62,3.6,S3,26.29,13.62,-0.58,S2,5.035,0,S3,site_s3,S3,S3,S2
1786255660.339,c1,search,6000,6.562,24.54,14.15,4.42,S3,0,,0,4474.0,obs,521,24.54,14.15,4.42,S3,24.54,14.15,4.42,S3,24.54,14.15,-3.26,S2,5.035,0,S3,site_s3,S3,S3,S2
1786255660.339,c1,recommend,6000,0.293,26.47,13.73,3.71,S3,0,,0,200.0,obs,691,26.47,13.73,3.71,S3,26.47,13.73,3.71,S3,26.47,13.73,0.75,S3,5.035,0,S3,site_s3,S3,S3,S3
1786255660.339,c2,reserve,,0.0,26.34,13.67,3.65,S3,0,,0,36.0,obs,349,26.34,13.67,3.65,S3,26.34,13.67,3.65,S3,26.34,13.67,-0.53,S2,5.035,0,S3,site_s3,S3,S3,S2
1786255660.339,c2,search,,0.0,31.1,20.71,10.98,S3,0,,0,4474.0,obs,521,31.1,20.71,10.98,S3,31.1,20.71,10.98,S3,31.1,20.71,3.3,S3,5.035,0,S3,site_s3,S3,S3,S3
1786255660.339,c2,recommend,,0.0,26.76,14.03,4.0,S3,0,,0,200.0,obs,691,26.76,14.03,4.0,S3,26.76,14.03,4.0,S3,26.76,14.03,1.04,S3,5.035,0,S3,site_s3,S3,S3,S3
1786255661.339,c1,reserve,6000,0.053,26.29,13.62,3.6,S3,0,,0,36.0,obs,350,26.29,13.62,3.6,S3,26.29,13.62,3.6,S3,26.29,13.62,-1.0,S2,5.254,0,S3,site_s3,S3,S3,S2
1786255661.339,c1,search,6000,6.562,24.54,14.15,4.42,S3,0,,0,4474.0,obs,514,24.54,14.15,4.42,S3,24.54,14.15,4.42,S3,24.54,14.15,-4.62,S2,5.254,0,S3,site_s3,S3,S3,S2
1786255661.339,c1,recommend,6000,0.293,26.47,13.73,3.71,S3,0,,0,200.0,obs,693,26.47,13.73,3.71,S3,26.47,13.73,3.71,S3,26.47,13.73,0.84,S3,5.254,0,S3,site_s3,S3,S3,S3
1786255661.339,c2,reserve,,0.0,26.34,13.67,3.65,S3,0,,0,36.0,obs,350,26.34,13.67,3.65,S3,26.34,13.67,3.65,S3,26.34,13.67,-0.95,S2,5.254,0,S3,site_s3,S3,S3,S2
1786255661.339,c2,search,,0.0,31.1,20.71,10.98,S3,0,,0,4474.0,obs,514,31.1,20.71,10.98,S3,31.1,20.71,10.98,S3,31.1,20.71,1.94,S3,5.254,0,S3,site_s3,S3,S3,S3
1786255661.339,c2,recommend,,0.0,26.76,14.03,4.0,S3,0,,0,200.0,obs,693,26.76,14.03,4.0,S3,26.76,14.03,4.0,S3,26.76,14.03,1.14,S3,5.254,0,S3,site_s3,S3,S3,S3
1786255662.339,c1,reserve,6000,0.053,26.29,13.62,3.6,S3,0,,0,36.0,obs,348,26.29,13.62,3.6,S3,26.29,13.62,3.6,S3,26.29,13.62,-1.92,S2,5.191,0,S3,site_s3,S3,S3,S2
1786255662.339,c1,search,6000,6.562,24.54,14.15,4.42,S3,0,,0,4474.0,obs,519,24.54,14.15,4.42,S3,24.54,14.15,4.42,S3,24.54,14.15,-9.6,S2,5.191,0,S3,site_s3,S3,S3,S2
1786255662.339,c1,recommend,6000,0.293,26.47,13.73,3.71,S3,0,,0,200.0,obs,698,26.47,13.73,3.71,S3,26.47,13.73,3.71,S3,26.47,13.73,-0.84,S2,5.191,0,S3,site_s3,S3,S3,S2
1786255662.339,c2,reserve,,0.0,26.34,13.67,3.65,S3,0,,0,36.0,obs,348,26.34,13.67,3.65,S3,26.34,13.67,3.65,S3,26.34,13.67,-1.87,S2,5.191,0,S3,site_s3,S3,S3,S2
1786255662.339,c2,search,,0.0,31.1,20.71,10.98,S3,0,,0,4474.0,obs,519,31.1,20.71,10.98,S3,31.1,20.71,10.98,S3,31.1,20.71,-3.03,S2,5.191,0,S3,site_s3,S3,S3,S2
1786255662.339,c2,recommend,,0.0,26.76,14.03,4.0,S3,0,,0,200.0,obs,698,26.76,14.03,4.0,S3,26.76,14.03,4.0,S3,26.76,14.03,-0.55,S2,5.191,0,S3,site_s3,S3,S3,S2
1786255663.339,c1,reserve,6000,0.053,26.29,13.62,3.6,S3,0,,0,36.0,obs,344,26.29,13.62,3.6,S3,26.29,13.62,3.6,S3,26.29,13.62,-1.37,S2,5.066,0,S3,site_s3,S3,S3,S2
1786255663.339,c1,search,6000,6.562,24.54,14.15,4.42,S3,0,,0,4474.0,obs,521,24.54,14.15,4.42,S3,24.54,14.15,4.42,S3,24.54,14.15,-6.72,S2,5.066,0,S3,site_s3,S3,S3,S2
1786255663.339,c1,recommend,6000,0.293,26.47,13.73,3.71,S3,0,,0,200.0,obs,701,26.47,13.73,3.71,S3,26.47,13.73,3.71,S3,26.47,13.73,-0.28,S2,5.066,0,S3,site_s3,S3,S3,S2
1786255663.339,c2,reserve,,0.0,26.34,13.67,3.65,S3,0,,0,36.0,obs,344,26.34,13.67,3.65,S3,26.34,13.67,3.65,S3,26.34,13.67,-1.32,S2,5.066,0,S3,site_s3,S3,S3,S2
1786255663.339,c2,search,,0.0,31.1,20.71,10.98,S3,0,,0,4474.0,obs,521,31.1,20.71,10.98,S3,31.1,20.71,10.98,S3,31.1,20.71,-0.16,S2,5.066,0,S3,site_s3,S3,S3,S2
1786255663.339,c2,recommend,,0.0,26.76,14.03,4.0,S3,0,,0,200.0,obs,701,26.76,14.03,4.0,S3,26.76,14.03,4.0,S3,26.76,14.03,0.01,S3,5.066,0,S3,site_s3,S3,S3,S3
1786255664.339,c1,reserve,6000,0.053,26.29,13.62,3.6,S3,0,,0,36.0,obs,347,26.29,13.62,3.6,S3,26.29,13.62,3.6,S3,26.29,13.62,-0.64,S2,5.246,0,S3,site_s3,S3,S3,S2
1786255664.339,c1,search,6000,6.562,24.54,14.15,4.42,S3,0,,0,4474.0,obs,524,24.54,14.15,4.42,S3,24.54,14.15,4.42,S3,24.54,14.15,-4.81,S2,5.246,0,S3,site_s3,S3,S3,S2
1786255664.339,c1,recommend,6000,0.293,26.47,13.73,3.71,S3,0,,0,200.0,obs,696,26.47,13.73,3.71,S3,26.47,13.73,3.71,S3,26.47,13.73,0.27,S3,5.246,0,S3,site_s3,S3,S3,S3
1786255664.339,c2,reserve,,0.0,26.34,13.67,3.65,S3,0,,0,36.0,obs,347,26.34,13.67,3.65,S3,26.34,13.67,3.65,S3,26.34,13.67,-0.59,S2,5.246,0,S3,site_s3,S3,S3,S2
1786255664.339,c2,search,,0.0,31.1,20.71,10.98,S3,0,,0,4474.0,obs,524,31.1,20.71,10.98,S3,31.1,20.71,10.98,S3,31.1,20.71,1.75,S3,5.246,0,S3,site_s3,S3,S3,S3
1786255664.339,c2,recommend,,0.0,26.76,14.03,4.0,S3,0,,0,200.0,obs,696,26.76,14.03,4.0,S3,26.76,14.03,4.0,S3,26.76,14.03,0.57,S3,5.246,0,S3,site_s3,S3,S3,S3
1786255665.339,c1,reserve,6000,0.053,26.29,13.62,3.6,S3,0,,0,36.0,obs,352,26.29,13.62,3.6,S3,26.29,13.62,3.6,S3,26.29,13.62,0.01,S3,5.221,0,S3,site_s3,S3,S3,S3
1786255665.339,c1,search,6000,6.562,24.54,14.15,4.42,S3,0,,0,4474.0,obs,521,24.54,14.15,4.42,S3,24.54,14.15,4.42,S3,24.54,14.15,-4.05,S2,5.221,0,S3,site_s3,S3,S3,S2
1786255665.339,c1,recommend,6000,0.293,26.47,13.73,3.71,S3,0,,0,200.0,obs,693,26.47,13.73,3.71,S3,26.47,13.73,3.71,S3,26.47,13.73,0.29,S3,5.221,0,S3,site_s3,S3,S3,S3
1786255665.339,c2,reserve,,0.0,26.34,13.67,3.65,S3,0,,0,36.0,obs,352,26.34,13.67,3.65,S3,26.34,13.67,3.65,S3,26.34,13.67,0.07,S3,5.221,0,S3,site_s3,S3,S3,S3
1786255665.339,c2,search,,0.0,31.1,20.71,10.98,S3,0,,0,4474.0,obs,521,31.1,20.71,10.98,S3,31.1,20.71,10.98,S3,31.1,20.71,2.51,S3,5.221,0,S3,site_s3,S3,S3,S3
1786255665.339,c2,recommend,,0.0,26.76,14.03,4.0,S3,0,,0,200.0,obs,693,26.76,14.03,4.0,S3,26.76,14.03,4.0,S3,26.76,14.03,0.59,S3,5.221,0,S3,site_s3,S3,S3,S3
1786255666.339,c1,reserve,6000,0.053,26.29,13.62,3.6,S3,0,,0,36.0,obs,350,26.29,13.62,3.6,S3,26.29,13.62,3.6,S3,26.29,13.62,0.1,S3,5.018,0,S3,site_s3,S3,S3,S3
1786255666.339,c1,search,6000,6.562,24.54,14.15,4.42,S3,0,,0,4474.0,obs,521,24.54,14.15,4.42,S3,24.54,14.15,4.42,S3,24.54,14.15,-3.83,S2,5.018,0,S3,site_s3,S3,S3,S2
1786255666.339,c1,recommend,6000,0.293,26.47,13.73,3.71,S3,0,,0,200.0,obs,698,26.47,13.73,3.71,S3,26.47,13.73,3.71,S3,26.47,13.73,0.62,S3,5.018,0,S3,site_s3,S3,S3,S3
1786255666.339,c2,reserve,,0.0,26.34,13.67,3.65,S3,0,,0,36.0,obs,350,26.34,13.67,3.65,S3,26.34,13.67,3.65,S3,26.34,13.67,0.15,S3,5.018,0,S3,site_s3,S3,S3,S3
1786255666.339,c2,search,,0.0,31.1,20.71,10.98,S3,0,,0,4474.0,obs,521,31.1,20.71,10.98,S3,31.1,20.71,10.98,S3,31.1,20.71,2.73,S3,5.018,0,S3,site_s3,S3,S3,S3
1786255666.339,c2,recommend,,0.0,26.76,14.03,4.0,S3,0,,0,200.0,obs,698,26.76,14.03,4.0,S3,26.76,14.03,4.0,S3,26.76,14.03,0.91,S3,5.018,0,S3,site_s3,S3,S3,S3
1786255667.339,c1,reserve,6000,0.053,26.29,13.62,3.6,S3,0,,0,36.0,obs,346,26.29,13.62,3.6,S3,26.29,13.62,3.6,S3,26.29,13.62,-1.51,S2,5.176,0,S3,site_s3,S3,S3,S2
1786255667.339,c1,search,6000,6.562,24.54,14.15,4.42,S3,0,,0,4474.0,obs,519,24.54,14.15,4.42,S3,24.54,14.15,4.42,S3,24.54,14.15,-6.61,S2,5.176,0,S3,site_s3,S3,S3,S2
1786255667.339,c1,recommend,6000,0.293,26.47,13.73,3.71,S3,0,,0,200.0,obs,700,26.47,13.73,3.71,S3,26.47,13.73,3.71,S3,26.47,13.73,0.18,S3,5.176,0,S3,site_s3,S3,S3,S3
1786255667.339,c2,reserve,,0.0,26.34,13.67,3.65,S3,0,,0,36.0,obs,346,26.34,13.67,3.65,S3,26.34,13.67,3.65,S3,26.34,13.67,-1.46,S2,5.176,0,S3,site_s3,S3,S3,S2
1786255667.339,c2,search,,0.0,31.1,20.71,10.98,S3,0,,0,4474.0,obs,519,31.1,20.71,10.98,S3,31.1,20.71,10.98,S3,31.1,20.71,-0.05,S2,5.176,0,S3,site_s3,S3,S3,S2
1786255667.339,c2,recommend,,0.0,26.76,14.03,4.0,S3,0,,0,200.0,obs,700,26.76,14.03,4.0,S3,26.76,14.03,4.0,S3,26.76,14.03,0.48,S3,5.176,0,S3,site_s3,S3,S3,S3
1786255668.339,c1,reserve,6000,0.053,26.29,13.62,3.6,S3,0,,0,36.0,obs,346,26.29,13.62,3.6,S3,26.29,13.62,3.6,S3,26.29,13.62,-1.49,S2,5.216,0,S3,site_s3,S3,S3,S2
1786255668.339,c1,search,6000,6.562,24.54,14.15,4.42,S3,0,,0,4474.0,obs,524,24.54,14.15,4.42,S3,24.54,14.15,4.42,S3,24.54,14.15,-6.36,S2,5.216,0,S3,site_s3,S3,S3,S2
1786255668.339,c1,recommend,6000,0.293,26.47,13.73,3.71,S3,0,,0,200.0,obs,698,26.47,13.73,3.71,S3,26.47,13.73,3.71,S3,26.47,13.73,-0.06,S2,5.216,0,S3,site_s3,S3,S3,S2
1786255668.339,c2,reserve,,0.0,26.34,13.67,3.65,S3,0,,0,36.0,obs,346,26.34,13.67,3.65,S3,26.34,13.67,3.65,S3,26.34,13.67,-1.44,S2,5.216,0,S3,site_s3,S3,S3,S2
1786255668.339,c2,search,,0.0,31.1,20.71,10.98,S3,0,,0,4474.0,obs,524,31.1,20.71,10.98,S3,31.1,20.71,10.98,S3,31.1,20.71,0.2,S3,5.216,0,S3,site_s3,S3,S3,S3
1786255668.339,c2,recommend,,0.0,26.76,14.03,4.0,S3,0,,0,200.0,obs,698,26.76,14.03,4.0,S3,26.76,14.03,4.0,S3,26.76,14.03,0.23,S3,5.216,0,S3,site_s3,S3,S3,S3
1786255669.339,c1,reserve,6000,0.053,26.29,13.62,3.6,S3,0,,0,36.0,obs,350,26.29,13.62,3.6,S3,26.29,13.62,3.6,S3,26.29,13.62,-0.59,S2,5.246,0,S3,site_s3,S3,S3,S2
1786255669.339,c1,search,6000,6.562,24.54,14.15,4.42,S3,0,,0,4474.0,obs,523,24.54,14.15,4.42,S3,24.54,14.15,4.42,S3,24.54,14.15,-4.54,S2,5.246,0,S3,site_s3,S3,S3,S2
1786255669.339,c1,recommend,6000,0.293,26.47,13.73,3.71,S3,0,,0,200.0,obs,694,26.47,13.73,3.71,S3,26.47,13.73,3.71,S3,26.47,13.73,0.28,S3,5.246,0,S3,site_s3,S3,S3,S3
1786255669.339,c2,reserve,,0.0,26.34,13.67,3.65,S3,0,,0,36.0,obs,350,26.34,13.67,3.65,S3,26.34,13.67,3.65,S3,26.34,13.67,-0.54,S2,5.246,0,S3,site_s3,S3,S3,S2
1786255669.339,c2,search,,0.0,31.1,20.71,10.98,S3,0,,0,4474.0,obs,523,31.1,20.71,10.98,S3,31.1,20.71,10.98,S3,31.1,20.71,2.02,S3,5.246,0,S3,site_s3,S3,S3,S3
1786255669.339,c2,recommend,,0.0,26.76,14.03,4.0,S3,0,,0,200.0,obs,694,26.76,14.03,4.0,S3,26.76,14.03,4.0,S3,26.76,14.03,0.58,S3,5.246,0,S3,site_s3,S3,S3,S3
1786255670.342,c1,reserve,6000,0.053,26.29,13.62,3.6,S3,0,,0,36.0,obs,352,26.29,13.62,3.6,S3,26.29,13.62,3.6,S3,26.29,13.62,-0.6,S2,8.178,0,S3,site_s3,S3,S3,S2
1786255670.342,c1,search,6000,6.562,24.54,14.15,4.42,S3,0,,0,4474.0,obs,520,24.54,14.15,4.42,S3,24.54,14.15,4.42,S3,24.54,14.15,-4.68,S2,8.178,0,S3,site_s3,S3,S3,S2
1786255670.342,c1,recommend,6000,0.293,26.47,13.73,3.71,S3,0,,0,200.0,obs,697,26.47,13.73,3.71,S3,26.47,13.73,3.71,S3,26.47,13.73,0.28,S3,8.178,0,S3,site_s3,S3,S3,S3
1786255670.342,c2,reserve,,0.0,26.34,13.67,3.65,S3,0,,0,36.0,obs,352,26.34,13.67,3.65,S3,26.34,13.67,3.65,S3,26.34,13.67,-0.54,S2,8.178,0,S3,site_s3,S3,S3,S2
1786255670.342,c2,search,,0.0,31.1,20.71,10.98,S3,0,,0,4474.0,obs,520,31.1,20.71,10.98,S3,31.1,20.71,10.98,S3,31.1,20.71,1.88,S3,8.178,0,S3,site_s3,S3,S3,S3
1786255670.342,c2,recommend,,0.0,26.76,14.03,4.0,S3,0,,0,200.0,obs,697,26.76,14.03,4.0,S3,26.76,14.03,4.0,S3,26.76,14.03,0.58,S3,8.178,0,S3,site_s3,S3,S3,S3
1786255671.339,c1,reserve,6000,0.053,26.29,13.62,3.6,S3,0,,0,36.0,obs,349,26.29,13.62,3.6,S3,26.29,13.62,3.6,S3,26.29,13.62,-0.42,S2,5.261,0,S3,site_s3,S3,S3,S2
1786255671.339,c1,search,6000,6.562,24.54,14.15,4.42,S3,0,,0,4474.0,obs,521,24.54,14.15,4.42,S3,24.54,14.15,4.42,S3,24.54,14.15,-4.84,S2,5.261,0,S3,site_s3,S3,S3,S2
1786255671.339,c1,recommend,6000,0.293,26.47,13.73,3.71,S3,0,,0,200.0,obs,701,26.47,13.73,3.71,S3,26.47,13.73,3.71,S3,26.47,13.73,0.26,S3,5.261,0,S3,site_s3,S3,S3,S3
1786255671.339,c2,reserve,,0.0,26.34,13.67,3.65,S3,0,,0,36.0,obs,349,26.34,13.67,3.65,S3,26.34,13.67,3.65,S3,26.34,13.67,-0.37,S2,5.261,0,S3,site_s3,S3,S3,S2
1786255671.339,c2,search,,0.0,31.1,20.71,10.98,S3,0,,0,4474.0,obs,521,31.1,20.71,10.98,S3,31.1,20.71,10.98,S3,31.1,20.71,1.72,S3,5.261,0,S3,site_s3,S3,S3,S3
1786255671.339,c2,recommend,,0.0,26.76,14.03,4.0,S3,0,,0,200.0,obs,701,26.76,14.03,4.0,S3,26.76,14.03,4.0,S3,26.76,14.03,0.55,S3,5.261,0,S3,site_s3,S3,S3,S3
1786255672.339,c1,reserve,6000,0.053,26.29,13.62,3.6,S3,0,,0,36.0,obs,346,26.29,13.62,3.6,S3,26.29,13.62,3.6,S3,26.29,13.62,-0.01,S2,5.226,0,S3,site_s3,S3,S3,S2
1786255672.339,c1,search,6000,6.562,24.54,14.15,4.42,S3,0,,0,4474.0,obs,525,24.54,14.15,4.42,S3,24.54,14.15,4.42,S3,24.54,14.15,-3.52,S2,5.226,0,S3,site_s3,S3,S3,S2
1786255672.339,c1,recommend,6000,0.293,26.47,13.73,3.71,S3,0,,0,200.0,obs,701,26.47,13.73,3.71,S3,26.47,13.73,3.71,S3,26.47,13.73,0.78,S3,5.226,0,S3,site_s3,S3,S3,S3
1786255672.339,c2,reserve,,0.0,26.34,13.67,3.65,S3,0,,0,36.0,obs,346,26.34,13.67,3.65,S3,26.34,13.67,3.65,S3,26.34,13.67,0.04,S3,5.226,0,S3,site_s3,S3,S3,S3
1786255672.339,c2,search,,0.0,31.1,20.71,10.98,S3,0,,0,4474.0,obs,525,31.1,20.71,10.98,S3,31.1,20.71,10.98,S3,31.1,20.71,3.04,S3,5.226,0,S3,site_s3,S3,S3,S3
1786255672.339,c2,recommend,,0.0,26.76,14.03,4.0,S3,0,,0,200.0,obs,701,26.76,14.03,4.0,S3,26.76,14.03,4.0,S3,26.76,14.03,1.08,S3,5.226,0,S3,site_s3,S3,S3,S3
1786255673.339,c1,reserve,6000,0.053,26.29,13.62,3.6,S3,0,,0,36.0,obs,349,26.29,13.62,3.6,S3,26.29,13.62,3.6,S3,26.29,13.62,0.05,S3,5.33,0,S3,site_s3,S3,S3,S3
1786255673.339,c1,search,6000,6.562,24.54,14.15,4.42,S3,0,,0,4474.0,obs,526,24.54,14.15,4.42,S3,24.54,14.15,4.42,S3,24.54,14.15,-3.82,S2,5.33,0,S3,site_s3,S3,S3,S2
1786255673.339,c1,recommend,6000,0.293,26.47,13.73,3.71,S3,0,,0,200.0,obs,698,26.47,13.73,3.71,S3,26.47,13.73,3.71,S3,26.47,13.73,0.7,S3,5.33,0,S3,site_s3,S3,S3,S3
1786255673.339,c2,reserve,,0.0,26.34,13.67,3.65,S3,0,,0,36.0,obs,349,26.34,13.67,3.65,S3,26.34,13.67,3.65,S3,26.34,13.67,0.1,S3,5.33,0,S3,site_s3,S3,S3,S3
1786255673.339,c2,search,,0.0,31.1,20.71,10.98,S3,0,,0,4474.0,obs,526,31.1,20.71,10.98,S3,31.1,20.71,10.98,S3,31.1,20.71,2.74,S3,5.33,0,S3,site_s3,S3,S3,S3
1786255673.339,c2,recommend,,0.0,26.76,14.03,4.0,S3,0,,0,200.0,obs,698,26.76,14.03,4.0,S3,26.76,14.03,4.0,S3,26.76,14.03,0.99,S3,5.33,0,S3,site_s3,S3,S3,S3
1786255674.339,c1,reserve,6000,0.053,26.29,13.62,3.6,S3,0,,0,36.0,obs,353,26.29,13.62,3.6,S3,26.29,13.62,3.6,S3,26.29,13.62,-1.05,S2,5.362,0,S3,site_s3,S3,S3,S2
1786255674.339,c1,search,6000,6.562,24.54,14.15,4.42,S3,0,,0,4474.0,obs,521,24.54,14.15,4.42,S3,24.54,14.15,4.42,S3,24.54,14.15,-5.43,S2,5.362,0,S3,site_s3,S3,S3,S2
1786255674.339,c1,recommend,6000,0.293,26.47,13.73,3.71,S3,0,,0,200.0,obs,696,26.47,13.73,3.71,S3,26.47,13.73,3.71,S3,26.47,13.73,0.31,S3,5.362,0,S3,site_s3,S3,S3,S3
1786255674.339,c2,reserve,,0.0,26.34,13.67,3.65,S3,0,,0,36.0,obs,353,26.34,13.67,3.65,S3,26.34,13.67,3.65,S3,26.34,13.67,-1.0,S2,5.362,0,S3,site_s3,S3,S3,S2
1786255674.339,c2,search,,0.0,31.1,20.71,10.98,S3,0,,0,4474.0,obs,521,31.1,20.71,10.98,S3,31.1,20.71,10.98,S3,31.1,20.71,1.14,S3,5.362,0,S3,site_s3,S3,S3,S3
1786255674.339,c2,recommend,,0.0,26.76,14.03,4.0,S3,0,,0,200.0,obs,696,26.76,14.03,4.0,S3,26.76,14.03,4.0,S3,26.76,14.03,0.61,S3,5.362,0,S3,site_s3,S3,S3,S3
1786255675.339,c1,reserve,6000,0.053,26.29,13.62,3.6,S3,0,,0,36.0,obs,352,26.29,13.62,3.6,S3,26.29,13.62,3.6,S3,26.29,13.62,-1.31,S2,5.206,0,S3,site_s3,S3,S3,S2
1786255675.339,c1,search,6000,6.562,24.54,14.15,4.42,S3,0,,0,4474.0,obs,522,24.54,14.15,4.42,S3,24.54,14.15,4.42,S3,24.54,14.15,-5.44,S2,5.206,0,S3,site_s3,S3,S3,S2
1786255675.339,c1,recommend,6000,0.293,26.47,13.73,3.71,S3,0,,0,200.0,obs,699,26.47,13.73,3.71,S3,26.47,13.73,3.71,S3,26.47,13.73,-0.0,S2,5.206,0,S3,site_s3,S3,S3,S2
1786255675.339,c2,reserve,,0.0,26.34,13.67,3.65,S3,0,,0,36.0,obs,352,26.34,13.67,3.65,S3,26.34,13.67,3.65,S3,26.34,13.67,-1.26,S2,5.206,0,S3,site_s3,S3,S3,S2
1786255675.339,c2,search,,0.0,31.1,20.71,10.98,S3,0,,0,4474.0,obs,522,31.1,20.71,10.98,S3,31.1,20.71,10.98,S3,31.1,20.71,1.12,S3,5.206,0,S3,site_s3,S3,S3,S3
1786255675.339,c2,recommend,,0.0,26.76,14.03,4.0,S3,0,,0,200.0,obs,699,26.76,14.03,4.0,S3,26.76,14.03,4.0,S3,26.76,14.03,0.29,S3,5.206,0,S3,site_s3,S3,S3,S3
1786255676.339,c1,reserve,6000,0.053,26.29,13.62,3.6,S3,0,,0,36.0,obs,348,26.29,13.62,3.6,S3,26.29,13.62,3.6,S3,26.29,13.62,-0.69,S2,5.083,0,S3,site_s3,S3,S3,S2
1786255676.339,c1,search,6000,6.562,24.54,14.15,4.42,S3,0,,0,4474.0,obs,523,24.54,14.15,4.42,S3,24.54,14.15,4.42,S3,24.54,14.15,-4.62,S2,5.083,0,S3,site_s3,S3,S3,S2
1786255676.339,c1,recommend,6000,0.293,26.47,13.73,3.71,S3,0,,0,200.0,obs,705,26.47,13.73,3.71,S3,26.47,13.73,3.71,S3,26.47,13.73,-0.05,S2,5.083,0,S3,site_s3,S3,S3,S2
1786255676.339,c2,reserve,,0.0,26.34,13.67,3.65,S3,0,,0,36.0,obs,348,26.34,13.67,3.65,S3,26.34,13.67,3.65,S3,26.34,13.67,-0.64,S2,5.083,0,S3,site_s3,S3,S3,S2
1786255676.339,c2,search,,0.0,31.1,20.71,10.98,S3,0,,0,4474.0,obs,523,31.1,20.71,10.98,S3,31.1,20.71,10.98,S3,31.1,20.71,1.94,S3,5.083,0,S3,site_s3,S3,S3,S3
1786255676.339,c2,recommend,,0.0,26.76,14.03,4.0,S3,0,,0,200.0,obs,705,26.76,14.03,4.0,S3,26.76,14.03,4.0,S3,26.76,14.03,0.25,S3,5.083,0,S3,site_s3,S3,S3,S3
1786255677.340,c1,reserve,6000,0.053,26.29,13.62,3.6,S3,0,,0,36.0,obs,347,26.29,13.62,3.6,S3,26.29,13.62,3.6,S3,26.29,13.62,-1.2,S2,5.707,0,S3,site_s3,S3,S3,S2
1786255677.340,c1,search,6000,6.562,24.54,14.15,4.42,S3,0,,0,4474.0,obs,527,24.54,14.15,4.42,S3,24.54,14.15,4.42,S3,24.54,14.15,-4.91,S2,5.707,0,S3,site_s3,S3,S3,S2
1786255677.340,c1,recommend,6000,0.293,26.47,13.73,3.71,S3,0,,0,200.0,obs,702,26.47,13.73,3.71,S3,26.47,13.73,3.71,S3,26.47,13.73,-0.05,S2,5.707,0,S3,site_s3,S3,S3,S2
1786255677.340,c2,reserve,,0.0,26.34,13.67,3.65,S3,0,,0,36.0,obs,347,26.34,13.67,3.65,S3,26.34,13.67,3.65,S3,26.34,13.67,-1.15,S2,5.707,0,S3,site_s3,S3,S3,S2
1786255677.340,c2,search,,0.0,31.1,20.71,10.98,S3,0,,0,4474.0,obs,527,31.1,20.71,10.98,S3,31.1,20.71,10.98,S3,31.1,20.71,1.65,S3,5.707,0,S3,site_s3,S3,S3,S3
1786255677.340,c2,recommend,,0.0,26.76,14.03,4.0,S3,0,,0,200.0,obs,702,26.76,14.03,4.0,S3,26.76,14.03,4.0,S3,26.76,14.03,0.25,S3,5.707,0,S3,site_s3,S3,S3,S3
1786255678.340,c1,reserve,6000,0.053,26.29,13.62,3.6,S3,0,,0,36.0,obs,352,26.29,13.62,3.6,S3,26.29,13.62,3.6,S3,26.29,13.62,-0.66,S2,5.751,0,S3,site_s3,S3,S3,S2
1786255678.340,c1,search,6000,6.562,24.54,14.15,4.42,S3,0,,0,4474.0,obs,526,24.54,14.15,4.42,S3,24.54,14.15,4.42,S3,24.54,14.15,-5.15,S2,5.751,0,S3,site_s3,S3,S3,S2
1786255678.340,c1,recommend,6000,0.293,26.47,13.73,3.71,S3,0,,0,200.0,obs,697,26.47,13.73,3.71,S3,26.47,13.73,3.71,S3,26.47,13.73,0.42,S3,5.751,0,S3,site_s3,S3,S3,S3
1786255678.340,c2,reserve,,0.0,26.34,13.67,3.65,S3,0,,0,36.0,obs,352,26.34,13.67,3.65,S3,26.34,13.67,3.65,S3,26.34,13.67,-0.61,S2,5.751,0,S3,site_s3,S3,S3,S2
1786255678.340,c2,search,,0.0,31.1,20.71,10.98,S3,0,,0,4474.0,obs,526,31.1,20.71,10.98,S3,31.1,20.71,10.98,S3,31.1,20.71,1.41,S3,5.751,0,S3,site_s3,S3,S3,S3
1786255678.340,c2,recommend,,0.0,26.76,14.03,4.0,S3,0,,0,200.0,obs,697,26.76,14.03,4.0,S3,26.76,14.03,4.0,S3,26.76,14.03,0.72,S3,5.751,0,S3,site_s3,S3,S3,S3
1786255679.339,c1,reserve,6000,0.053,26.29,13.62,3.6,S3,0,,0,36.0,obs,353,26.29,13.62,3.6,S3,26.29,13.62,3.6,S3,26.29,13.62,0.15,S3,5.444,0,S3,site_s3,S3,S3,S3
1786255679.339,c1,search,6000,6.562,24.54,14.15,4.42,S3,0,,0,4474.0,obs,524,24.54,14.15,4.42,S3,24.54,14.15,4.42,S3,24.54,14.15,-4.13,S2,5.444,0,S3,site_s3,S3,S3,S2
1786255679.339,c1,recommend,6000,0.293,26.47,13.73,3.71,S3,0,,0,200.0,obs,700,26.47,13.73,3.71,S3,26.47,13.73,3.71,S3,26.47,13.73,0.47,S3,5.444,0,S3,site_s3,S3,S3,S3
1786255679.339,c2,reserve,,0.0,26.34,13.67,3.65,S3,0,,0,36.0,obs,353,26.34,13.67,3.65,S3,26.34,13.67,3.65,S3,26.34,13.67,0.2,S3,5.444,0,S3,site_s3,S3,S3,S3
1786255679.339,c2,search,,0.0,31.1,20.71,10.98,S3,0,,0,4474.0,obs,524,31.1,20.71,10.98,S3,31.1,20.71,10.98,S3,31.1,20.71,2.43,S3,5.444,0,S3,site_s3,S3,S3,S3
1786255679.339,c2,recommend,,0.0,26.76,14.03,4.0,S3,0,,0,200.0,obs,700,26.76,14.03,4.0,S3,26.76,14.03,4.0,S3,26.76,14.03,0.76,S3,5.444,0,S3,site_s3,S3,S3,S3
1786255680.339,c1,reserve,6000,0.053,26.29,13.62,3.6,S3,0,,0,36.0,obs,332,26.29,13.62,3.6,S3,26.29,13.62,3.6,S3,26.29,13.62,0.15,S3,4.909,0,S3,site_s3,S3,S3,S3
1786255680.339,c1,search,6000,6.562,24.54,14.15,4.42,S3,0,,0,4474.0,obs,498,24.54,14.15,4.42,S3,24.54,14.15,4.42,S3,24.54,14.15,-3.47,S2,4.909,0,S3,site_s3,S3,S3,S2
1786255680.339,c1,recommend,6000,0.293,26.47,13.73,3.71,S3,0,,0,200.0,obs,667,26.47,13.73,3.71,S3,26.47,13.73,3.71,S3,26.47,13.73,0.36,S3,4.909,0,S3,site_s3,S3,S3,S3
1786255680.339,c2,reserve,,0.0,26.34,13.67,3.65,S3,0,,0,36.0,obs,332,26.34,13.67,3.65,S3,26.34,13.67,3.65,S3,26.34,13.67,0.2,S3,4.909,0,S3,site_s3,S3,S3,S3
1786255680.339,c2,search,,0.0,31.1,20.71,10.98,S3,0,,0,4474.0,obs,498,31.1,20.71,10.98,S3,31.1,20.71,10.98,S3,31.1,20.71,3.09,S3,4.909,0,S3,site_s3,S3,S3,S3
1786255680.339,c2,recommend,,0.0,26.76,14.03,4.0,S3,0,,0,200.0,obs,667,26.76,14.03,4.0,S3,26.76,14.03,4.0,S3,26.76,14.03,0.66,S3,4.909,0,S3,site_s3,S3,S3,S3
1786255681.340,c1,reserve,6000,0.053,26.29,13.62,3.6,S3,0,,0,36.0,obs,332,26.29,13.62,3.6,S3,26.29,13.62,3.6,S3,26.29,13.62,-0.39,S2,5.549,0,S3,site_s3,S3,S3,S2
1786255681.340,c1,search,6000,6.562,24.54,14.15,4.42,S3,0,,0,4474.0,obs,499,24.54,14.15,4.42,S3,24.54,14.15,4.42,S3,24.54,14.15,-3.24,S2,5.549,0,S3,site_s3,S3,S3,S2
1786255681.340,c1,recommend,6000,0.293,26.47,13.73,3.71,S3,0,,0,200.0,obs,668,26.47,13.73,3.71,S3,26.47,13.73,3.71,S3,26.47,13.73,0.77,S3,5.549,0,S3,site_s3,S3,S3,S3
1786255681.340,c2,reserve,,0.0,26.34,13.67,3.65,S3,0,,0,36.0,obs,332,26.34,13.67,3.65,S3,26.34,13.67,3.65,S3,26.34,13.67,-0.34,S2,5.549,0,S3,site_s3,S3,S3,S2
1786255681.340,c2,search,,0.0,31.1,20.71,10.98,S3,0,,0,4474.0,obs,499,31.1,20.71,10.98,S3,31.1,20.71,10.98,S3,31.1,20.71,3.33,S3,5.549,0,S3,site_s3,S3,S3,S3
1786255681.340,c2,recommend,,0.0,26.76,14.03,4.0,S3,0,,0,200.0,obs,668,26.76,14.03,4.0,S3,26.76,14.03,4.0,S3,26.76,14.03,1.06,S3,5.549,0,S3,site_s3,S3,S3,S3
1786255682.340,c1,reserve,6000,0.053,26.29,13.62,3.6,S3,0,,0,36.0,obs,333,26.29,13.62,3.6,S3,26.29,13.62,3.6,S3,26.29,13.62,-0.78,S2,5.569,0,S3,site_s3,S3,S3,S2
1786255682.340,c1,search,6000,6.562,24.54,14.15,4.42,S3,0,,0,4474.0,obs,498,24.54,14.15,4.42,S3,24.54,14.15,4.42,S3,24.54,14.15,-3.58,S2,5.569,0,S3,site_s3,S3,S3,S2
1786255682.340,c1,recommend,6000,0.293,26.47,13.73,3.71,S3,0,,0,200.0,obs,664,26.47,13.73,3.71,S3,26.47,13.73,3.71,S3,26.47,13.73,0.58,S3,5.569,0,S3,site_s3,S3,S3,S3
1786255682.340,c2,reserve,,0.0,26.34,13.67,3.65,S3,0,,0,36.0,obs,333,26.34,13.67,3.65,S3,26.34,13.67,3.65,S3,26.34,13.67,-0.72,S2,5.569,0,S3,site_s3,S3,S3,S2
1786255682.340,c2,search,,0.0,31.1,20.71,10.98,S3,0,,0,4474.0,obs,498,31.1,20.71,10.98,S3,31.1,20.71,10.98,S3,31.1,20.71,2.98,S3,5.569,0,S3,site_s3,S3,S3,S3
1786255682.340,c2,recommend,,0.0,26.76,14.03,4.0,S3,0,,0,200.0,obs,664,26.76,14.03,4.0,S3,26.76,14.03,4.0,S3,26.76,14.03,0.87,S3,5.569,0,S3,site_s3,S3,S3,S3
1786255683.340,c1,reserve,6000,0.053,26.29,13.62,3.6,S3,0,,0,36.0,obs,336,26.29,13.62,3.6,S3,26.29,13.62,3.6,S3,26.29,13.62,-0.71,S2,5.859,0,S3,site_s3,S3,S3,S2
1786255683.340,c1,search,6000,6.562,24.54,14.15,4.42,S3,0,,0,4474.0,obs,499,24.54,14.15,4.42,S3,24.54,14.15,4.42,S3,24.54,14.15,-3.89,S2,5.859,0,S3,site_s3,S3,S3,S2
1786255683.340,c1,recommend,6000,0.293,26.47,13.73,3.71,S3,0,,0,200.0,obs,666,26.47,13.73,3.71,S3,26.47,13.73,3.71,S3,26.47,13.73,0.41,S3,5.859,0,S3,site_s3,S3,S3,S3
1786255683.340,c2,reserve,,0.0,26.34,13.67,3.65,S3,0,,0,36.0,obs,336,26.34,13.67,3.65,S3,26.34,13.67,3.65,S3,26.34,13.67,-0.66,S2,5.859,0,S3,site_s3,S3,S3,S2
1786255683.340,c2,search,,0.0,31.1,20.71,10.98,S3,0,,0,4474.0,obs,499,31.1,20.71,10.98,S3,31.1,20.71,10.98,S3,31.1,20.71,2.67,S3,5.859,0,S3,site_s3,S3,S3,S3
1786255683.340,c2,recommend,,0.0,26.76,14.03,4.0,S3,0,,0,200.0,obs,666,26.76,14.03,4.0,S3,26.76,14.03,4.0,S3,26.76,14.03,0.7,S3,5.859,0,S3,site_s3,S3,S3,S3
1786255684.339,c1,reserve,6000,0.053,26.29,13.62,3.6,S3,0,,0,36.0,obs,332,26.29,13.62,3.6,S3,26.29,13.62,3.6,S3,26.29,13.62,-0.87,S2,5.38,0,S3,site_s3,S3,S3,S2
1786255684.339,c1,search,6000,6.562,24.54,14.15,4.42,S3,0,,0,4474.0,obs,499,24.54,14.15,4.42,S3,24.54,14.15,4.42,S3,24.54,14.15,-4.43,S2,5.38,0,S3,site_s3,S3,S3,S2
1786255684.339,c1,recommend,6000,0.293,26.47,13.73,3.71,S3,0,,0,200.0,obs,668,26.47,13.73,3.71,S3,26.47,13.73,3.71,S3,26.47,13.73,0.35,S3,5.38,0,S3,site_s3,S3,S3,S3
1786255684.339,c2,reserve,,0.0,26.34,13.67,3.65,S3,0,,0,36.0,obs,332,26.34,13.67,3.65,S3,26.34,13.67,3.65,S3,26.34,13.67,-0.82,S2,5.38,0,S3,site_s3,S3,S3,S2
1786255684.339,c2,search,,0.0,31.1,20.71,10.98,S3,0,,0,4474.0,obs,499,31.1,20.71,10.98,S3,31.1,20.71,10.98,S3,31.1,20.71,2.13,S3,5.38,0,S3,site_s3,S3,S3,S3
1786255684.339,c2,recommend,,0.0,26.76,14.03,4.0,S3,0,,0,200.0,obs,668,26.76,14.03,4.0,S3,26.76,14.03,4.0,S3,26.76,14.03,0.64,S3,5.38,0,S3,site_s3,S3,S3,S3
1786255685.340,c1,reserve,6000,0.053,26.29,13.62,3.6,S3,0,,0,36.0,obs,333,26.29,13.62,3.6,S3,26.29,13.62,3.6,S3,26.29,13.62,-1.65,S2,5.761,0,S3,site_s3,S3,S3,S2
1786255685.340,c1,search,6000,6.562,24.54,14.15,4.42,S3,0,,0,4474.0,obs,500,24.54,14.15,4.42,S3,24.54,14.15,4.42,S3,24.54,14.15,-8.18,S2,5.761,0,S3,site_s3,S3,S3,S2
1786255685.340,c1,recommend,6000,0.293,26.47,13.73,3.71,S3,0,,0,200.0,obs,670,26.47,13.73,3.71,S3,26.47,13.73,3.71,S3,26.47,13.73,-0.58,S2,5.761,0,S3,site_s3,S3,S3,S2
1786255685.340,c2,reserve,,0.0,26.34,13.67,3.65,S3,0,,0,36.0,obs,333,26.34,13.67,3.65,S3,26.34,13.67,3.65,S3,26.34,13.67,-1.6,S2,5.761,0,S3,site_s3,S3,S3,S2
1786255685.340,c2,search,,0.0,31.1,20.71,10.98,S3,0,,0,4474.0,obs,500,31.1,20.71,10.98,S3,31.1,20.71,10.98,S3,31.1,20.71,-1.62,S2,5.761,0,S3,site_s3,S3,S3,S2
1786255685.340,c2,recommend,,0.0,26.76,14.03,4.0,S3,0,,0,200.0,obs,670,26.76,14.03,4.0,S3,26.76,14.03,4.0,S3,26.76,14.03,-0.29,S2,5.761,0,S3,site_s3,S3,S3,S2
1786255686.340,c1,reserve,6000,0.053,26.29,13.62,3.6,S3,0,,0,36.0,obs,333,26.29,13.62,3.6,S3,26.29,13.62,3.6,S3,26.29,13.62,-0.32,S2,5.71,0,S3,site_s3,S3,S3,S2
1786255686.340,c1,search,6000,6.562,24.54,14.15,4.42,S3,0,,0,4474.0,obs,501,24.54,14.15,4.42,S3,24.54,14.15,4.42,S3,24.54,14.15,-5.39,S2,5.71,0,S3,site_s3,S3,S3,S2
1786255686.340,c1,recommend,6000,0.293,26.47,13.73,3.71,S3,0,,0,200.0,obs,669,26.47,13.73,3.71,S3,26.47,13.73,3.71,S3,26.47,13.73,0.07,S3,5.71,0,S3,site_s3,S3,S3,S3
1786255686.340,c2,reserve,,0.0,26.34,13.67,3.65,S3,0,,0,36.0,obs,333,26.34,13.67,3.65,S3,26.34,13.67,3.65,S3,26.34,13.67,-0.27,S2,5.71,0,S3,site_s3,S3,S3,S2
1786255686.340,c2,search,,0.0,31.1,20.71,10.98,S3,0,,0,4474.0,obs,501,31.1,20.71,10.98,S3,31.1,20.71,10.98,S3,31.1,20.71,1.17,S3,5.71,0,S3,site_s3,S3,S3,S3
1786255686.340,c2,recommend,,0.0,26.76,14.03,4.0,S3,0,,0,200.0,obs,669,26.76,14.03,4.0,S3,26.76,14.03,4.0,S3,26.76,14.03,0.36,S3,5.71,0,S3,site_s3,S3,S3,S3
1786255687.340,c1,reserve,6000,0.053,26.29,13.62,3.6,S3,0,,0,36.0,obs,338,26.29,13.62,3.6,S3,26.29,13.62,3.6,S3,26.29,13.62,-0.32,S2,6.356,0,S3,site_s3,S3,S3,S2
1786255687.340,c1,search,6000,6.562,24.54,14.15,4.42,S3,0,,0,4474.0,obs,500,24.54,14.15,4.42,S3,24.54,14.15,4.42,S3,24.54,14.15,-5.39,S2,6.356,0,S3,site_s3,S3,S3,S2
1786255687.340,c1,recommend,6000,0.293,26.47,13.73,3.71,S3,0,,0,200.0,obs,667,26.47,13.73,3.71,S3,26.47,13.73,3.71,S3,26.47,13.73,0.24,S3,6.356,0,S3,site_s3,S3,S3,S3
1786255687.340,c2,reserve,,0.0,26.34,13.67,3.65,S3,0,,0,36.0,obs,338,26.34,13.67,3.65,S3,26.34,13.67,3.65,S3,26.34,13.67,-0.27,S2,6.356,0,S3,site_s3,S3,S3,S2
1786255687.340,c2,search,,0.0,31.1,20.71,10.98,S3,0,,0,4474.0,obs,500,31.1,20.71,10.98,S3,31.1,20.71,10.98,S3,31.1,20.71,1.17,S3,6.356,0,S3,site_s3,S3,S3,S3
1786255687.340,c2,recommend,,0.0,26.76,14.03,4.0,S3,0,,0,200.0,obs,667,26.76,14.03,4.0,S3,26.76,14.03,4.0,S3,26.76,14.03,0.53,S3,6.356,0,S3,site_s3,S3,S3,S3
1786255688.340,c1,reserve,6000,0.053,26.29,13.62,3.6,S3,0,,0,36.0,obs,335,26.29,13.62,3.6,S3,26.29,13.62,3.6,S3,26.29,13.62,-0.02,S2,6.07,0,S3,site_s3,S3,S3,S2
1786255688.340,c1,search,6000,6.562,24.54,14.15,4.42,S3,0,,0,4474.0,obs,500,24.54,14.15,4.42,S3,24.54,14.15,4.42,S3,24.54,14.15,-4.99,S2,6.07,0,S3,site_s3,S3,S3,S2
1786255688.340,c1,recommend,6000,0.293,26.47,13.73,3.71,S3,0,,0,200.0,obs,672,26.47,13.73,3.71,S3,26.47,13.73,3.71,S3,26.47,13.73,0.47,S3,6.07,0,S3,site_s3,S3,S3,S3
1786255688.340,c2,reserve,,0.0,26.34,13.67,3.65,S3,0,,0,36.0,obs,335,26.34,13.67,3.65,S3,26.34,13.67,3.65,S3,26.34,13.67,0.03,S3,6.07,0,S3,site_s3,S3,S3,S3
1786255688.340,c2,search,,0.0,31.1,20.71,10.98,S3,0,,0,4474.0,obs,500,31.1,20.71,10.98,S3,31.1,20.71,10.98,S3,31.1,20.71,1.57,S3,6.07,0,S3,site_s3,S3,S3,S3
1786255688.340,c2,recommend,,0.0,26.76,14.03,4.0,S3,0,,0,200.0,obs,672,26.76,14.03,4.0,S3,26.76,14.03,4.0,S3,26.76,14.03,0.76,S3,6.07,0,S3,site_s3,S3,S3,S3
1786255689.339,c1,reserve,6000,0.053,26.29,13.62,3.6,S3,0,,0,36.0,obs,334,26.29,13.62,3.6,S3,26.29,13.62,3.6,S3,26.29,13.62,0.15,S3,5.414,0,S3,site_s3,S3,S3,S3
1786255689.339,c1,search,6000,6.562,24.54,14.15,4.42,S3,0,,0,4474.0,obs,501,24.54,14.15,4.42,S3,24.54,14.15,4.42,S3,24.54,14.15,-3.97,S2,5.414,0,S3,site_s3,S3,S3,S2
1786255689.339,c1,recommend,6000,0.293,26.47,13.73,3.71,S3,0,,0,200.0,obs,671,26.47,13.73,3.71,S3,26.47,13.73,3.71,S3,26.47,13.73,0.54,S3,5.414,0,S3,site_s3,S3,S3,S3
1786255689.339,c2,reserve,,0.0,26.34,13.67,3.65,S3,0,,0,36.0,obs,334,26.34,13.67,3.65,S3,26.34,13.67,3.65,S3,26.34,13.67,0.2,S3,5.414,0,S3,site_s3,S3,S3,S3
1786255689.339,c2,search,,0.0,31.1,20.71,10.98,S3,0,,0,4474.0,obs,501,31.1,20.71,10.98,S3,31.1,20.71,10.98,S3,31.1,20.71,2.59,S3,5.414,0,S3,site_s3,S3,S3,S3
1786255689.339,c2,recommend,,0.0,26.76,14.03,4.0,S3,0,,0,200.0,obs,671,26.76,14.03,4.0,S3,26.76,14.03,4.0,S3,26.76,14.03,0.83,S3,5.414,0,S3,site_s3,S3,S3,S3
1786255690.339,c1,reserve,6000,0.053,26.29,13.62,3.6,S3,0,,0,36.0,obs,332,26.29,13.62,3.6,S3,26.29,13.62,3.6,S3,26.29,13.62,-0.14,S2,5.358,0,S3,site_s3,S3,S3,S2
1786255690.339,c1,search,6000,6.562,24.54,14.15,4.42,S3,0,,0,4474.0,obs,501,24.54,14.15,4.42,S3,24.54,14.15,4.42,S3,24.54,14.15,-3.97,S2,5.358,0,S3,site_s3,S3,S3,S2
1786255690.339,c1,recommend,6000,0.293,26.47,13.73,3.71,S3,0,,0,200.0,obs,671,26.47,13.73,3.71,S3,26.47,13.73,3.71,S3,26.47,13.73,0.46,S3,5.358,0,S3,site_s3,S3,S3,S3
1786255690.339,c2,reserve,,0.0,26.34,13.67,3.65,S3,0,,0,36.0,obs,332,26.34,13.67,3.65,S3,26.34,13.67,3.65,S3,26.34,13.67,-0.08,S2,5.358,0,S3,site_s3,S3,S3,S2
1786255690.339,c2,search,,0.0,31.1,20.71,10.98,S3,0,,0,4474.0,obs,501,31.1,20.71,10.98,S3,31.1,20.71,10.98,S3,31.1,20.71,2.59,S3,5.358,0,S3,site_s3,S3,S3,S3
1786255690.339,c2,recommend,,0.0,26.76,14.03,4.0,S3,0,,0,200.0,obs,671,26.76,14.03,4.0,S3,26.76,14.03,4.0,S3,26.76,14.03,0.75,S3,5.358,0,S3,site_s3,S3,S3,S3
1786255691.339,c1,reserve,6000,0.053,26.29,13.62,3.6,S3,0,,0,36.0,obs,337,26.29,13.62,3.6,S3,26.29,13.62,3.6,S3,26.29,13.62,-0.63,S2,5.664,0,S3,site_s3,S3,S3,S2
1786255691.339,c1,search,6000,6.562,24.54,14.15,4.42,S3,0,,0,4474.0,obs,504,24.54,14.15,4.42,S3,24.54,14.15,4.42,S3,24.54,14.15,-3.74,S2,5.664,0,S3,site_s3,S3,S3,S2
1786255691.339,c1,recommend,6000,0.293,26.47,13.73,3.71,S3,0,,0,200.0,obs,671,26.47,13.73,3.71,S3,26.47,13.73,3.71,S3,26.47,13.73,0.47,S3,5.664,0,S3,site_s3,S3,S3,S3
1786255691.339,c2,reserve,,0.0,26.34,13.67,3.65,S3,0,,0,36.0,obs,337,26.34,13.67,3.65,S3,26.34,13.67,3.65,S3,26.34,13.67,-0.58,S2,5.664,0,S3,site_s3,S3,S3,S2
1786255691.339,c2,search,,0.0,31.1,20.71,10.98,S3,0,,0,4474.0,obs,504,31.1,20.71,10.98,S3,31.1,20.71,10.98,S3,31.1,20.71,2.82,S3,5.664,0,S3,site_s3,S3,S3,S3
1786255691.339,c2,recommend,,0.0,26.76,14.03,4.0,S3,0,,0,200.0,obs,671,26.76,14.03,4.0,S3,26.76,14.03,4.0,S3,26.76,14.03,0.76,S3,5.664,0,S3,site_s3,S3,S3,S3
1786255692.339,c1,reserve,6000,0.053,26.29,13.62,3.6,S3,0,,0,36.0,obs,339,26.29,13.62,3.6,S3,26.29,13.62,3.6,S3,26.29,13.62,0.22,S3,5.19,0,S3,site_s3,S3,S3,S3
1786255692.339,c1,search,6000,6.562,24.54,14.15,4.42,S3,0,,0,4474.0,obs,500,24.54,14.15,4.42,S3,24.54,14.15,4.42,S3,24.54,14.15,-3.2,S2,5.19,0,S3,site_s3,S3,S3,S2
1786255692.339,c1,recommend,6000,0.293,26.47,13.73,3.71,S3,0,,0,200.0,obs,671,26.47,13.73,3.71,S3,26.47,13.73,3.71,S3,26.47,13.73,0.67,S3,5.19,0,S3,site_s3,S3,S3,S3
1786255692.339,c2,reserve,,0.0,26.34,13.67,3.65,S3,0,,0,36.0,obs,339,26.34,13.67,3.65,S3,26.34,13.67,3.65,S3,26.34,13.67,0.28,S3,5.19,0,S3,site_s3,S3,S3,S3
1786255692.339,c2,search,,0.0,31.1,20.71,10.98,S3,0,,0,4474.0,obs,500,31.1,20.71,10.98,S3,31.1,20.71,10.98,S3,31.1,20.71,3.37,S3,5.19,0,S3,site_s3,S3,S3,S3
1786255692.339,c2,recommend,,0.0,26.76,14.03,4.0,S3,0,,0,200.0,obs,671,26.76,14.03,4.0,S3,26.76,14.03,4.0,S3,26.76,14.03,0.97,S3,5.19,0,S3,site_s3,S3,S3,S3
1786255693.339,c1,reserve,6000,0.053,26.29,13.62,3.6,S3,0,,0,36.0,obs,335,26.29,13.62,3.6,S3,26.29,13.62,3.6,S3,26.29,13.62,0.53,S3,5.495,0,S3,site_s3,S3,S3,S3
1786255693.339,c1,search,6000,6.562,24.54,14.15,4.42,S3,0,,0,4474.0,obs,502,24.54,14.15,4.42,S3,24.54,14.15,4.42,S3,24.54,14.15,-3.45,S2,5.495,0,S3,site_s3,S3,S3,S2
1786255693.339,c1,recommend,6000,0.293,26.47,13.73,3.71,S3,0,,0,200.0,obs,674,26.47,13.73,3.71,S3,26.47,13.73,3.71,S3,26.47,13.73,0.57,S3,5.495,0,S3,site_s3,S3,S3,S3
1786255693.339,c2,reserve,,0.0,26.34,13.67,3.65,S3,0,,0,36.0,obs,335,26.34,13.67,3.65,S3,26.34,13.67,3.65,S3,26.34,13.67,0.58,S3,5.495,0,S3,site_s3,S3,S3,S3
1786255693.339,c2,search,,0.0,31.1,20.71,10.98,S3,0,,0,4474.0,obs,502,31.1,20.71,10.98,S3,31.1,20.71,10.98,S3,31.1,20.71,3.11,S3,5.495,0,S3,site_s3,S3,S3,S3
1786255693.339,c2,recommend,,0.0,26.76,14.03,4.0,S3,0,,0,200.0,obs,674,26.76,14.03,4.0,S3,26.76,14.03,4.0,S3,26.76,14.03,0.86,S3,5.495,0,S3,site_s3,S3,S3,S3
1786255694.339,c1,reserve,6000,0.053,26.29,13.62,3.6,S3,0,,0,36.0,obs,334,26.29,13.62,3.6,S3,26.29,13.62,3.6,S3,26.29,13.62,-0.18,S2,5.616,0,S3,site_s3,S3,S3,S2
1786255694.339,c1,search,6000,6.562,24.54,14.15,4.42,S3,0,,0,4474.0,obs,501,24.54,14.15,4.42,S3,24.54,14.15,4.42,S3,24.54,14.15,-3.84,S2,5.616,0,S3,site_s3,S3,S3,S2
1786255694.339,c1,recommend,6000,0.293,26.47,13.73,3.71,S3,0,,0,200.0,obs,672,26.47,13.73,3.71,S3,26.47,13.73,3.71,S3,26.47,13.73,0.57,S3,5.616,0,S3,site_s3,S3,S3,S3
1786255694.339,c2,reserve,,0.0,26.34,13.67,3.65,S3,0,,0,36.0,obs,334,26.34,13.67,3.65,S3,26.34,13.67,3.65,S3,26.34,13.67,-0.13,S2,5.616,0,S3,site_s3,S3,S3,S2
1786255694.339,c2,search,,0.0,31.1,20.71,10.98,S3,0,,0,4474.0,obs,501,31.1,20.71,10.98,S3,31.1,20.71,10.98,S3,31.1,20.71,2.73,S3,5.616,0,S3,site_s3,S3,S3,S3
1786255694.339,c2,recommend,,0.0,26.76,14.03,4.0,S3,0,,0,200.0,obs,672,26.76,14.03,4.0,S3,26.76,14.03,4.0,S3,26.76,14.03,0.86,S3,5.616,0,S3,site_s3,S3,S3,S3
1786255695.339,c1,reserve,6000,0.053,26.29,13.62,3.6,S3,0,,0,36.0,obs,335,26.29,13.62,3.6,S3,26.29,13.62,3.6,S3,26.29,13.62,-0.24,S2,5.718,0,S3,site_s3,S3,S3,S2
1786255695.339,c1,search,6000,6.562,24.54,14.15,4.42,S3,0,,0,4474.0,obs,504,24.54,14.15,4.42,S3,24.54,14.15,4.42,S3,24.54,14.15,-3.96,S2,5.718,0,S3,site_s3,S3,S3,S2
1786255695.339,c1,recommend,6000,0.293,26.47,13.73,3.71,S3,0,,0,200.0,obs,671,26.47,13.73,3.71,S3,26.47,13.73,3.71,S3,26.47,13.73,0.49,S3,5.718,0,S3,site_s3,S3,S3,S3
1786255695.339,c2,reserve,,0.0,26.34,13.67,3.65,S3,0,,0,36.0,obs,335,26.34,13.67,3.65,S3,26.34,13.67,3.65,S3,26.34,13.67,-0.18,S2,5.718,0,S3,site_s3,S3,S3,S2
1786255695.339,c2,search,,0.0,31.1,20.71,10.98,S3,0,,0,4474.0,obs,504,31.1,20.71,10.98,S3,31.1,20.71,10.98,S3,31.1,20.71,2.6,S3,5.718,0,S3,site_s3,S3,S3,S3
1786255695.339,c2,recommend,,0.0,26.76,14.03,4.0,S3,0,,0,200.0,obs,671,26.76,14.03,4.0,S3,26.76,14.03,4.0,S3,26.76,14.03,0.78,S3,5.718,0,S3,site_s3,S3,S3,S3
1786255696.339,c1,reserve,6000,0.053,26.29,13.62,3.6,S3,0,,0,36.0,obs,339,26.29,13.62,3.6,S3,26.29,13.62,3.6,S3,26.29,13.62,-0.03,S2,5.718,0,S3,site_s3,S3,S3,S2
1786255696.339,c1,search,6000,6.562,24.54,14.15,4.42,S3,0,,0,4474.0,obs,504,24.54,14.15,4.42,S3,24.54,14.15,4.42,S3,24.54,14.15,-3.7,S2,5.718,0,S3,site_s3,S3,S3,S2
1786255696.339,c1,recommend,6000,0.293,26.47,13.73,3.71,S3,0,,0,200.0,obs,669,26.47,13.73,3.71,S3,26.47,13.73,3.71,S3,26.47,13.73,0.77,S3,5.718,0,S3,site_s3,S3,S3,S3
1786255696.339,c2,reserve,,0.0,26.34,13.67,3.65,S3,0,,0,36.0,obs,339,26.34,13.67,3.65,S3,26.34,13.67,3.65,S3,26.34,13.67,0.02,S3,5.718,0,S3,site_s3,S3,S3,S3
1786255696.339,c2,search,,0.0,31.1,20.71,10.98,S3,0,,0,4474.0,obs,504,31.1,20.71,10.98,S3,31.1,20.71,10.98,S3,31.1,20.71,2.87,S3,5.718,0,S3,site_s3,S3,S3,S3
1786255696.339,c2,recommend,,0.0,26.76,14.03,4.0,S3,0,,0,200.0,obs,669,26.76,14.03,4.0,S3,26.76,14.03,4.0,S3,26.76,14.03,1.07,S3,5.718,0,S3,site_s3,S3,S3,S3
1786255697.339,c1,reserve,6000,0.053,26.29,13.62,3.6,S3,0,,0,36.0,obs,338,26.29,13.62,3.6,S3,26.29,13.62,3.6,S3,26.29,13.62,-0.64,S2,5.415,0,S3,site_s3,S3,S3,S2
1786255697.339,c1,search,6000,6.562,24.54,14.15,4.42,S3,0,,0,4474.0,obs,501,24.54,14.15,4.42,S3,24.54,14.15,4.42,S3,24.54,14.15,-4.73,S2,5.415,0,S3,site_s3,S3,S3,S2
1786255697.339,c1,recommend,6000,0.293,26.47,13.73,3.71,S3,0,,0,200.0,obs,674,26.47,13.73,3.71,S3,26.47,13.73,3.71,S3,26.47,13.73,-0.1,S2,5.415,0,S3,site_s3,S3,S3,S2
1786255697.339,c2,reserve,,0.0,26.34,13.67,3.65,S3,0,,0,36.0,obs,338,26.34,13.67,3.65,S3,26.34,13.67,3.65,S3,26.34,13.67,-0.59,S2,5.415,0,S3,site_s3,S3,S3,S2
1786255697.339,c2,search,,0.0,31.1,20.71,10.98,S3,0,,0,4474.0,obs,501,31.1,20.71,10.98,S3,31.1,20.71,10.98,S3,31.1,20.71,1.83,S3,5.415,0,S3,site_s3,S3,S3,S3
1786255697.339,c2,recommend,,0.0,26.76,14.03,4.0,S3,0,,0,200.0,obs,674,26.76,14.03,4.0,S3,26.76,14.03,4.0,S3,26.76,14.03,0.19,S3,5.415,0,S3,site_s3,S3,S3,S3
1786255698.339,c1,reserve,6000,0.053,26.29,13.62,3.6,S3,0,,0,36.0,obs,336,26.29,13.62,3.6,S3,26.29,13.62,3.6,S3,26.29,13.62,-0.8,S2,5.711,0,S3,site_s3,S3,S3,S2
1786255698.339,c1,search,6000,6.562,24.54,14.15,4.42,S3,0,,0,4474.0,obs,504,24.54,14.15,4.42,S3,24.54,14.15,4.42,S3,24.54,14.15,-5.11,S2,5.711,0,S3,site_s3,S3,S3,S2
1786255698.339,c1,recommend,6000,0.293,26.47,13.73,3.71,S3,0,,0,200.0,obs,675,26.47,13.73,3.71,S3,26.47,13.73,3.71,S3,26.47,13.73,-0.1,S2,5.711,0,S3,site_s3,S3,S3,S2
1786255698.339,c2,reserve,,0.0,26.34,13.67,3.65,S3,0,,0,36.0,obs,336,26.34,13.67,3.65,S3,26.34,13.67,3.65,S3,26.34,13.67,-0.75,S2,5.711,0,S3,site_s3,S3,S3,S2
1786255698.339,c2,search,,0.0,31.1,20.71,10.98,S3,0,,0,4474.0,obs,504,31.1,20.71,10.98,S3,31.1,20.71,10.98,S3,31.1,20.71,1.45,S3,5.711,0,S3,site_s3,S3,S3,S3
1786255698.339,c2,recommend,,0.0,26.76,14.03,4.0,S3,0,,0,200.0,obs,675,26.76,14.03,4.0,S3,26.76,14.03,4.0,S3,26.76,14.03,0.19,S3,5.711,0,S3,site_s3,S3,S3,S3
1786255699.339,c1,reserve,6000,0.053,26.29,13.62,3.6,S3,0,,0,36.0,obs,335,26.29,13.62,3.6,S3,26.29,13.62,3.6,S3,26.29,13.62,0.16,S3,5.326,0,S3,site_s3,S3,S3,S3
1786255699.339,c1,search,6000,6.562,24.54,14.15,4.42,S3,0,,0,4474.0,obs,505,24.54,14.15,4.42,S3,24.54,14.15,4.42,S3,24.54,14.15,-3.91,S2,5.326,0,S3,site_s3,S3,S3,S2
1786255699.339,c1,recommend,6000,0.293,26.47,13.73,3.71,S3,0,,0,200.0,obs,676,26.47,13.73,3.71,S3,26.47,13.73,3.71,S3,26.47,13.73,0.91,S3,5.326,0,S3,site_s3,S3,S3,S3
1786255699.339,c2,reserve,,0.0,26.34,13.67,3.65,S3,0,,0,36.0,obs,335,26.34,13.67,3.65,S3,26.34,13.67,3.65,S3,26.34,13.67,0.21,S3,5.326,0,S3,site_s3,S3,S3,S3
1786255699.339,c2,search,,0.0,31.1,20.71,10.98,S3,0,,0,4474.0,obs,505,31.1,20.71,10.98,S3,31.1,20.71,10.98,S3,31.1,20.71,2.65,S3,5.326,0,S3,site_s3,S3,S3,S3
1786255699.339,c2,recommend,,0.0,26.76,14.03,4.0,S3,0,,0,200.0,obs,676,26.76,14.03,4.0,S3,26.76,14.03,4.0,S3,26.76,14.03,1.2,S3,5.326,0,S3,site_s3,S3,S3,S3
1786255700.339,c1,reserve,6000,0.053,26.29,13.62,3.6,S3,0,,0,36.0,obs,337,26.29,13.62,3.6,S3,26.29,13.62,3.6,S3,26.29,13.62,-0.15,S2,5.736,0,S3,site_s3,S3,S3,S2
1786255700.339,c1,search,6000,6.562,24.54,14.15,4.42,S3,0,,0,4474.0,obs,508,24.54,14.15,4.42,S3,24.54,14.15,4.42,S3,24.54,14.15,-3.31,S2,5.736,0,S3,site_s3,S3,S3,S2
1786255700.339,c1,recommend,6000,0.293,26.47,13.73,3.71,S3,0,,0,200.0,obs,672,26.47,13.73,3.71,S3,26.47,13.73,3.71,S3,26.47,13.73,0.97,S3,5.736,0,S3,site_s3,S3,S3,S3
1786255700.339,c2,reserve,,0.0,26.34,13.67,3.65,S3,0,,0,36.0,obs,337,26.34,13.67,3.65,S3,26.34,13.67,3.65,S3,26.34,13.67,-0.09,S2,5.736,0,S3,site_s3,S3,S3,S2
1786255700.339,c2,search,,0.0,31.1,20.71,10.98,S3,0,,0,4474.0,obs,508,31.1,20.71,10.98,S3,31.1,20.71,10.98,S3,31.1,20.71,3.26,S3,5.736,0,S3,site_s3,S3,S3,S3
1786255700.339,c2,recommend,,0.0,26.76,14.03,4.0,S3,0,,0,200.0,obs,672,26.76,14.03,4.0,S3,26.76,14.03,4.0,S3,26.76,14.03,1.26,S3,5.736,0,S3,site_s3,S3,S3,S3
1786255701.340,c1,reserve,6000,0.053,26.29,13.62,3.6,S3,0,,0,36.0,obs,341,26.29,13.62,3.6,S3,26.29,13.62,3.6,S3,26.29,13.62,0.02,S3,5.683,0,S3,site_s3,S3,S3,S3
1786255701.340,c1,search,6000,6.562,24.54,14.15,4.42,S3,0,,0,4474.0,obs,501,24.54,14.15,4.42,S3,24.54,14.15,4.42,S3,24.54,14.15,-4.33,S2,5.683,0,S3,site_s3,S3,S3,S2
1786255701.340,c1,recommend,6000,0.293,26.47,13.73,3.71,S3,0,,0,200.0,obs,674,26.47,13.73,3.71,S3,26.47,13.73,3.71,S3,26.47,13.73,0.53,S3,5.683,0,S3,site_s3,S3,S3,S3
1786255701.340,c2,reserve,,0.0,26.34,13.67,3.65,S3,0,,0,36.0,obs,341,26.34,13.67,3.65,S3,26.34,13.67,3.65,S3,26.34,13.67,0.07,S3,5.683,0,S3,site_s3,S3,S3,S3
1786255701.340,c2,search,,0.0,31.1,20.71,10.98,S3,0,,0,4474.0,obs,501,31.1,20.71,10.98,S3,31.1,20.71,10.98,S3,31.1,20.71,2.23,S3,5.683,0,S3,site_s3,S3,S3,S3
1786255701.340,c2,recommend,,0.0,26.76,14.03,4.0,S3,0,,0,200.0,obs,674,26.76,14.03,4.0,S3,26.76,14.03,4.0,S3,26.76,14.03,0.82,S3,5.683,0,S3,site_s3,S3,S3,S3
1786255702.339,c1,reserve,6000,0.053,26.29,13.62,3.6,S3,0,,0,36.0,obs,336,26.29,13.62,3.6,S3,26.29,13.62,3.6,S3,26.29,13.62,0.02,S3,5.514,0,S3,site_s3,S3,S3,S3
1786255702.339,c1,search,6000,6.562,24.54,14.15,4.42,S3,0,,0,4474.0,obs,504,24.54,14.15,4.42,S3,24.54,14.15,4.42,S3,24.54,14.15,-4.27,S2,5.514,0,S3,site_s3,S3,S3,S2
1786255702.339,c1,recommend,6000,0.293,26.47,13.73,3.71,S3,0,,0,200.0,obs,676,26.47,13.73,3.71,S3,26.47,13.73,3.71,S3,26.47,13.73,0.44,S3,5.514,0,S3,site_s3,S3,S3,S3
1786255702.339,c2,reserve,,0.0,26.34,13.67,3.65,S3,0,,0,36.0,obs,336,26.34,13.67,3.65,S3,26.34,13.67,3.65,S3,26.34,13.67,0.07,S3,5.514,0,S3,site_s3,S3,S3,S3
1786255702.339,c2,search,,0.0,31.1,20.71,10.98,S3,0,,0,4474.0,obs,504,31.1,20.71,10.98,S3,31.1,20.71,10.98,S3,31.1,20.71,2.29,S3,5.514,0,S3,site_s3,S3,S3,S3
1786255702.339,c2,recommend,,0.0,26.76,14.03,4.0,S3,0,,0,200.0,obs,676,26.76,14.03,4.0,S3,26.76,14.03,4.0,S3,26.76,14.03,0.74,S3,5.514,0,S3,site_s3,S3,S3,S3
1786255703.339,c1,reserve,6000,0.053,26.29,13.62,3.6,S3,0,,0,36.0,obs,336,26.29,13.62,3.6,S3,26.29,13.62,3.6,S3,26.29,13.62,0.02,S3,5.567,0,S3,site_s3,S3,S3,S3
1786255703.339,c1,search,6000,6.562,24.54,14.15,4.42,S3,0,,0,4474.0,obs,505,24.54,14.15,4.42,S3,24.54,14.15,4.42,S3,24.54,14.15,-3.0,S2,5.567,0,S3,site_s3,S3,S3,S2
1786255703.339,c1,recommend,6000,0.293,26.47,13.73,3.71,S3,0,,0,200.0,obs,678,26.47,13.73,3.71,S3,26.47,13.73,3.71,S3,26.47,13.73,0.8,S3,5.567,0,S3,site_s3,S3,S3,S3
1786255703.339,c2,reserve,,0.0,26.34,13.67,3.65,S3,0,,0,36.0,obs,336,26.34,13.67,3.65,S3,26.34,13.67,3.65,S3,26.34,13.67,0.07,S3,5.567,0,S3,site_s3,S3,S3,S3
1786255703.339,c2,search,,0.0,31.1,20.71,10.98,S3,0,,0,4474.0,obs,505,31.1,20.71,10.98,S3,31.1,20.71,10.98,S3,31.1,20.71,3.56,S3,5.567,0,S3,site_s3,S3,S3,S3
1786255703.339,c2,recommend,,0.0,26.76,14.03,4.0,S3,0,,0,200.0,obs,678,26.76,14.03,4.0,S3,26.76,14.03,4.0,S3,26.76,14.03,1.09,S3,5.567,0,S3,site_s3,S3,S3,S3
1786255704.339,c1,reserve,6000,0.053,26.29,13.62,3.6,S3,0,,0,36.0,obs,335,26.29,13.62,3.6,S3,26.29,13.62,3.6,S3,26.29,13.62,-0.87,S2,5.529,0,S3,site_s3,S3,S3,S2
1786255704.339,c1,search,6000,6.562,24.54,14.15,4.42,S3,0,,0,4474.0,obs,508,24.54,14.15,4.42,S3,24.54,14.15,4.42,S3,24.54,14.15,-4.74,S2,5.529,0,S3,site_s3,S3,S3,S2
1786255704.339,c1,recommend,6000,0.293,26.47,13.73,3.71,S3,0,,0,200.0,obs,676,26.47,13.73,3.71,S3,26.47,13.73,3.71,S3,26.47,13.73,0.5,S3,5.529,0,S3,site_s3,S3,S3,S3
1786255704.339,c2,reserve,,0.0,26.34,13.67,3.65,S3,0,,0,36.0,obs,335,26.34,13.67,3.65,S3,26.34,13.67,3.65,S3,26.34,13.67,-0.82,S2,5.529,0,S3,site_s3,S3,S3,S2
1786255704.339,c2,search,,0.0,31.1,20.71,10.98,S3,0,,0,4474.0,obs,508,31.1,20.71,10.98,S3,31.1,20.71,10.98,S3,31.1,20.71,1.82,S3,5.529,0,S3,site_s3,S3,S3,S3
1786255704.339,c2,recommend,,0.0,26.76,14.03,4.0,S3,0,,0,200.0,obs,676,26.76,14.03,4.0,S3,26.76,14.03,4.0,S3,26.76,14.03,0.79,S3,5.529,0,S3,site_s3,S3,S3,S3
1786255705.340,c1,reserve,6000,0.053,26.29,13.62,3.6,S3,0,,0,36.0,obs,340,26.29,13.62,3.6,S3,26.29,13.62,3.6,S3,26.29,13.62,-1.39,S2,5.686,0,S3,site_s3,S3,S3,S2
1786255705.340,c1,search,6000,6.562,24.54,14.15,4.42,S3,0,,0,4474.0,obs,507,24.54,14.15,4.42,S3,24.54,14.15,4.42,S3,24.54,14.15,-6.59,S2,5.686,0,S3,site_s3,S3,S3,S2
1786255705.340,c1,recommend,6000,0.293,26.47,13.73,3.71,S3,0,,0,200.0,obs,672,26.47,13.73,3.71,S3,26.47,13.73,3.71,S3,26.47,13.73,0.39,S3,5.686,0,S3,site_s3,S3,S3,S3
1786255705.340,c2,reserve,,0.0,26.34,13.67,3.65,S3,0,,0,36.0,obs,340,26.34,13.67,3.65,S3,26.34,13.67,3.65,S3,26.34,13.67,-1.34,S2,5.686,0,S3,site_s3,S3,S3,S2
1786255705.340,c2,search,,0.0,31.1,20.71,10.98,S3,0,,0,4474.0,obs,507,31.1,20.71,10.98,S3,31.1,20.71,10.98,S3,31.1,20.71,-0.03,S2,5.686,0,S3,site_s3,S3,S3,S2
1786255705.340,c2,recommend,,0.0,26.76,14.03,4.0,S3,0,,0,200.0,obs,672,26.76,14.03,4.0,S3,26.76,14.03,4.0,S3,26.76,14.03,0.69,S3,5.686,0,S3,site_s3,S3,S3,S3
1786255706.339,c1,reserve,6000,0.053,26.29,13.62,3.6,S3,0,,0,36.0,obs,340,26.29,13.62,3.6,S3,26.29,13.62,3.6,S3,26.29,13.62,-0.68,S2,5.676,0,S3,site_s3,S3,S3,S2
1786255706.339,c1,search,6000,6.562,24.54,14.15,4.42,S3,0,,0,4474.0,obs,504,24.54,14.15,4.42,S3,24.54,14.15,4.42,S3,24.54,14.15,-4.56,S2,5.676,0,S3,site_s3,S3,S3,S2
1786255706.339,c1,recommend,6000,0.293,26.47,13.73,3.71,S3,0,,0,200.0,obs,677,26.47,13.73,3.71,S3,26.47,13.73,3.71,S3,26.47,13.73,0.5,S3,5.676,0,S3,site_s3,S3,S3,S3
1786255706.339,c2,reserve,,0.0,26.34,13.67,3.65,S3,0,,0,36.0,obs,340,26.34,13.67,3.65,S3,26.34,13.67,3.65,S3,26.34,13.67,-0.62,S2,5.676,0,S3,site_s3,S3,S3,S2
1786255706.339,c2,search,,0.0,31.1,20.71,10.98,S3,0,,0,4474.0,obs,504,31.1,20.71,10.98,S3,31.1,20.71,10.98,S3,31.1,20.71,2.0,S3,5.676,0,S3,site_s3,S3,S3,S3
1786255706.339,c2,recommend,,0.0,26.76,14.03,4.0,S3,0,,0,200.0,obs,677,26.76,14.03,4.0,S3,26.76,14.03,4.0,S3,26.76,14.03,0.8,S3,5.676,0,S3,site_s3,S3,S3,S3
1786255707.339,c1,reserve,6000,0.053,26.29,13.62,3.6,S3,0,,0,36.0,obs,336,26.29,13.62,3.6,S3,26.29,13.62,3.6,S3,26.29,13.62,-0.85,S2,5.636,0,S3,site_s3,S3,S3,S2
1786255707.339,c1,search,6000,6.562,24.54,14.15,4.42,S3,0,,0,4474.0,obs,506,24.54,14.15,4.42,S3,24.54,14.15,4.42,S3,24.54,14.15,-4.36,S2,5.636,0,S3,site_s3,S3,S3,S2
1786255707.339,c1,recommend,6000,0.293,26.47,13.73,3.71,S3,0,,0,200.0,obs,679,26.47,13.73,3.71,S3,26.47,13.73,3.71,S3,26.47,13.73,0.38,S3,5.636,0,S3,site_s3,S3,S3,S3
1786255707.339,c2,reserve,,0.0,26.34,13.67,3.65,S3,0,,0,36.0,obs,336,26.34,13.67,3.65,S3,26.34,13.67,3.65,S3,26.34,13.67,-0.8,S2,5.636,0,S3,site_s3,S3,S3,S2
1786255707.339,c2,search,,0.0,31.1,20.71,10.98,S3,0,,0,4474.0,obs,506,31.1,20.71,10.98,S3,31.1,20.71,10.98,S3,31.1,20.71,2.2,S3,5.636,0,S3,site_s3,S3,S3,S3
1786255707.339,c2,recommend,,0.0,26.76,14.03,4.0,S3,0,,0,200.0,obs,679,26.76,14.03,4.0,S3,26.76,14.03,4.0,S3,26.76,14.03,0.67,S3,5.636,0,S3,site_s3,S3,S3,S3
1786255708.339,c1,reserve,6000,0.053,26.29,13.62,3.6,S3,0,,0,36.0,obs,336,26.29,13.62,3.6,S3,26.29,13.62,3.6,S3,26.29,13.62,-1.35,S2,5.404,0,S3,site_s3,S3,S3,S2
1786255708.339,c1,search,6000,6.562,24.54,14.15,4.42,S3,0,,0,4474.0,obs,509,24.54,14.15,4.42,S3,24.54,14.15,4.42,S3,24.54,14.15,-8.13,S2,5.404,0,S3,site_s3,S3,S3,S2
1786255708.339,c1,recommend,6000,0.293,26.47,13.73,3.71,S3,0,,0,200.0,obs,680,26.47,13.73,3.71,S3,26.47,13.73,3.71,S3,26.47,13.73,-0.05,S2,5.404,0,S3,site_s3,S3,S3,S2
1786255708.339,c2,reserve,,0.0,26.34,13.67,3.65,S3,0,,0,36.0,obs,336,26.34,13.67,3.65,S3,26.34,13.67,3.65,S3,26.34,13.67,-1.3,S2,5.404,0,S3,site_s3,S3,S3,S2
1786255708.339,c2,search,,0.0,31.1,20.71,10.98,S3,0,,0,4474.0,obs,509,31.1,20.71,10.98,S3,31.1,20.71,10.98,S3,31.1,20.71,-1.56,S2,5.404,0,S3,site_s3,S3,S3,S2
1786255708.339,c2,recommend,,0.0,26.76,14.03,4.0,S3,0,,0,200.0,obs,680,26.76,14.03,4.0,S3,26.76,14.03,4.0,S3,26.76,14.03,0.25,S3,5.404,0,S3,site_s3,S3,S3,S3
1786255709.339,c1,reserve,6000,0.053,26.29,13.62,3.6,S3,0,,0,36.0,obs,339,26.29,13.62,3.6,S3,26.29,13.62,3.6,S3,26.29,13.62,0.19,S3,5.472,0,S3,site_s3,S3,S3,S3
1786255709.339,c1,search,6000,6.562,24.54,14.15,4.42,S3,0,,0,4474.0,obs,511,24.54,14.15,4.42,S3,24.54,14.15,4.42,S3,24.54,14.15,-4.95,S2,5.472,0,S3,site_s3,S3,S3,S2
1786255709.339,c1,recommend,6000,0.293,26.47,13.73,3.71,S3,0,,0,200.0,obs,675,26.47,13.73,3.71,S3,26.47,13.73,3.71,S3,26.47,13.73,1.07,S3,5.472,0,S3,site_s3,S3,S3,S3
1786255709.339,c2,reserve,,0.0,26.34,13.67,3.65,S3,0,,0,36.0,obs,339,26.34,13.67,3.65,S3,26.34,13.67,3.65,S3,26.34,13.67,0.24,S3,5.472,0,S3,site_s3,S3,S3,S3
1786255709.339,c2,search,,0.0,31.1,20.71,10.98,S3,0,,0,4474.0,obs,511,31.1,20.71,10.98,S3,31.1,20.71,10.98,S3,31.1,20.71,1.61,S3,5.472,0,S3,site_s3,S3,S3,S3
1786255709.339,c2,recommend,,0.0,26.76,14.03,4.0,S3,0,,0,200.0,obs,675,26.76,14.03,4.0,S3,26.76,14.03,4.0,S3,26.76,14.03,1.37,S3,5.472,0,S3,site_s3,S3,S3,S3
1786255710.339,c1,reserve,6000,0.053,26.29,13.62,3.6,S3,0,,0,36.0,obs,343,26.29,13.62,3.6,S3,26.29,13.62,3.6,S3,26.29,13.62,3.48,S3,5.711,0,S3,site_s3,S3,S3,S3
1786255710.339,c1,search,6000,6.562,24.54,14.15,4.42,S3,0,,0,4474.0,obs,506,24.54,14.15,4.42,S3,24.54,14.15,4.42,S3,24.54,14.15,4.12,S3,5.711,0,S3,site_s3,S3,S3,S3
1786255710.339,c1,recommend,6000,0.293,26.47,13.73,3.71,S3,0,,0,200.0,obs,677,26.47,13.73,3.71,S3,26.47,13.73,3.71,S3,26.47,13.73,3.51,S3,5.711,0,S3,site_s3,S3,S3,S3
1786255710.339,c2,reserve,,0.0,26.34,13.67,3.65,S3,0,,0,36.0,obs,343,26.34,13.67,3.65,S3,26.34,13.67,3.65,S3,26.34,13.67,3.53,S3,5.711,0,S3,site_s3,S3,S3,S3
1786255710.339,c2,search,,0.0,31.1,20.71,10.98,S3,0,,0,4474.0,obs,506,31.1,20.71,10.98,S3,31.1,20.71,10.98,S3,31.1,20.71,10.68,S3,5.711,0,S3,site_s3,S3,S3,S3
1786255710.339,c2,recommend,,0.0,26.76,14.03,4.0,S3,0,,0,200.0,obs,677,26.76,14.03,4.0,S3,26.76,14.03,4.0,S3,26.76,14.03,3.8,S3,5.711,0,S3,site_s3,S3,S3,S3
1786255711.339,c1,reserve,6000,0.053,26.29,13.62,3.6,S3,0,,0,36.0,obs,340,26.29,13.62,3.6,S3,26.29,13.62,3.6,S3,26.29,13.62,3.48,S3,5.637,0,S3,site_s3,S3,S3,S3
1786255711.339,c1,search,6000,6.562,24.54,14.15,4.42,S3,0,,0,4474.0,obs,508,24.54,14.15,4.42,S3,24.54,14.15,4.42,S3,24.54,14.15,4.22,S3,5.637,0,S3,site_s3,S3,S3,S3
1786255711.339,c1,recommend,6000,0.293,26.47,13.73,3.71,S3,0,,0,200.0,obs,681,26.47,13.73,3.71,S3,26.47,13.73,3.71,S3,26.47,13.73,3.56,S3,5.637,0,S3,site_s3,S3,S3,S3
1786255711.339,c2,reserve,,0.0,26.34,13.67,3.65,S3,0,,0,36.0,obs,340,26.34,13.67,3.65,S3,26.34,13.67,3.65,S3,26.34,13.67,3.53,S3,5.637,0,S3,site_s3,S3,S3,S3
1786255711.339,c2,search,,0.0,31.1,20.71,10.98,S3,0,,0,4474.0,obs,508,31.1,20.71,10.98,S3,31.1,20.71,10.98,S3,31.1,20.71,10.78,S3,5.637,0,S3,site_s3,S3,S3,S3
1786255711.339,c2,recommend,,0.0,26.76,14.03,4.0,S3,0,,0,200.0,obs,681,26.76,14.03,4.0,S3,26.76,14.03,4.0,S3,26.76,14.03,3.86,S3,5.637,0,S3,site_s3,S3,S3,S3
1786255712.339,c1,reserve,6000,0.053,26.29,13.62,3.6,S3,0,,0,36.0,obs,338,26.29,13.62,3.6,S3,26.29,13.62,3.6,S3,26.29,13.62,3.5,S3,5.727,0,S3,site_s3,S3,S3,S3
1786255712.339,c1,search,6000,6.562,24.54,14.15,4.42,S3,0,,0,4474.0,obs,508,24.54,14.15,4.42,S3,24.54,14.15,4.42,S3,24.54,14.15,4.11,S3,5.727,0,S3,site_s3,S3,S3,S3
1786255712.339,c1,recommend,6000,0.293,26.47,13.73,3.71,S3,0,,0,200.0,obs,682,26.47,13.73,3.71,S3,26.47,13.73,3.71,S3,26.47,13.73,3.48,S3,5.727,0,S3,site_s3,S3,S3,S3
1786255712.339,c2,reserve,,0.0,26.34,13.67,3.65,S3,0,,0,36.0,obs,338,26.34,13.67,3.65,S3,26.34,13.67,3.65,S3,26.34,13.67,3.55,S3,5.727,0,S3,site_s3,S3,S3,S3
1786255712.339,c2,search,,0.0,31.1,20.71,10.98,S3,0,,0,4474.0,obs,508,31.1,20.71,10.98,S3,31.1,20.71,10.98,S3,31.1,20.71,10.67,S3,5.727,0,S3,site_s3,S3,S3,S3
1786255712.339,c2,recommend,,0.0,26.76,14.03,4.0,S3,0,,0,200.0,obs,682,26.76,14.03,4.0,S3,26.76,14.03,4.0,S3,26.76,14.03,3.78,S3,5.727,0,S3,site_s3,S3,S3,S3
1786255713.339,c1,reserve,6000,0.053,26.29,13.62,3.6,S3,0,,0,36.0,obs,338,26.29,13.62,3.6,S3,26.29,13.62,3.6,S3,26.29,13.62,3.46,S3,5.51,0,S3,site_s3,S3,S3,S3
1786255713.339,c1,search,6000,6.562,24.54,14.15,4.42,S3,0,,0,4474.0,obs,511,24.54,14.15,4.42,S3,24.54,14.15,4.42,S3,24.54,14.15,4.08,S3,5.51,0,S3,site_s3,S3,S3,S3
1786255713.339,c1,recommend,6000,0.293,26.47,13.73,3.71,S3,0,,0,200.0,obs,680,26.47,13.73,3.71,S3,26.47,13.73,3.71,S3,26.47,13.73,3.46,S3,5.51,0,S3,site_s3,S3,S3,S3
1786255713.339,c2,reserve,,0.0,26.34,13.67,3.65,S3,0,,0,36.0,obs,338,26.34,13.67,3.65,S3,26.34,13.67,3.65,S3,26.34,13.67,3.51,S3,5.51,0,S3,site_s3,S3,S3,S3
1786255713.339,c2,search,,0.0,31.1,20.71,10.98,S3,0,,0,4474.0,obs,511,31.1,20.71,10.98,S3,31.1,20.71,10.98,S3,31.1,20.71,10.64,S3,5.51,0,S3,site_s3,S3,S3,S3
1786255713.339,c2,recommend,,0.0,26.76,14.03,4.0,S3,0,,0,200.0,obs,680,26.76,14.03,4.0,S3,26.76,14.03,4.0,S3,26.76,14.03,3.75,S3,5.51,0,S3,site_s3,S3,S3,S3
1786255714.340,c1,reserve,6000,0.053,26.29,13.62,3.6,S3,0,,0,36.0,obs,342,26.29,13.62,3.6,S3,26.29,13.62,3.6,S3,26.29,13.62,3.41,S3,5.602,0,S3,site_s3,S3,S3,S3
1786255714.340,c1,search,6000,6.562,24.54,14.15,4.42,S3,0,,0,4474.0,obs,512,24.54,14.15,4.42,S3,24.54,14.15,4.42,S3,24.54,14.15,4.17,S3,5.602,0,S3,site_s3,S3,S3,S3
1786255714.340,c1,recommend,6000,0.293,26.47,13.73,3.71,S3,0,,0,200.0,obs,676,26.47,13.73,3.71,S3,26.47,13.73,3.71,S3,26.47,13.73,3.46,S3,5.602,0,S3,site_s3,S3,S3,S3
1786255714.340,c2,reserve,,0.0,26.34,13.67,3.65,S3,0,,0,36.0,obs,342,26.34,13.67,3.65,S3,26.34,13.67,3.65,S3,26.34,13.67,3.46,S3,5.602,0,S3,site_s3,S3,S3,S3
1786255714.340,c2,search,,0.0,31.1,20.71,10.98,S3,0,,0,4474.0,obs,512,31.1,20.71,10.98,S3,31.1,20.71,10.98,S3,31.1,20.71,10.73,S3,5.602,0,S3,site_s3,S3,S3,S3
1786255714.340,c2,recommend,,0.0,26.76,14.03,4.0,S3,0,,0,200.0,obs,676,26.76,14.03,4.0,S3,26.76,14.03,4.0,S3,26.76,14.03,3.75,S3,5.602,0,S3,site_s3,S3,S3,S3
1786255715.339,c1,reserve,6000,0.053,26.29,13.62,3.6,S3,0,,0,36.0,obs,342,26.29,13.62,3.6,S3,26.29,13.62,3.6,S3,26.29,13.62,3.39,S3,5.519,0,S3,site_s3,S3,S3,S3
1786255715.339,c1,search,6000,6.562,24.54,14.15,4.42,S3,0,,0,4474.0,obs,508,24.54,14.15,4.42,S3,24.54,14.15,4.42,S3,24.54,14.15,4.12,S3,5.519,0,S3,site_s3,S3,S3,S3
1786255715.339,c1,recommend,6000,0.293,26.47,13.73,3.71,S3,0,,0,200.0,obs,681,26.47,13.73,3.71,S3,26.47,13.73,3.71,S3,26.47,13.73,3.5,S3,5.519,0,S3,site_s3,S3,S3,S3
1786255715.339,c2,reserve,,0.0,26.34,13.67,3.65,S3,0,,0,36.0,obs,342,26.34,13.67,3.65,S3,26.34,13.67,3.65,S3,26.34,13.67,3.45,S3,5.519,0,S3,site_s3,S3,S3,S3
1786255715.339,c2,search,,0.0,31.1,20.71,10.98,S3,0,,0,4474.0,obs,508,31.1,20.71,10.98,S3,31.1,20.71,10.98,S3,31.1,20.71,10.68,S3,5.519,0,S3,site_s3,S3,S3,S3
1786255715.339,c2,recommend,,0.0,26.76,14.03,4.0,S3,0,,0,200.0,obs,681,26.76,14.03,4.0,S3,26.76,14.03,4.0,S3,26.76,14.03,3.8,S3,5.519,0,S3,site_s3,S3,S3,S3
1786255716.339,c1,reserve,6000,0.053,26.29,13.62,3.6,S3,0,,0,36.0,obs,338,26.29,13.62,3.6,S3,26.29,13.62,3.6,S3,26.29,13.62,3.59,S3,5.487,0,S3,site_s3,S3,S3,S3
1786255716.339,c1,search,6000,6.562,24.54,14.15,4.42,S3,0,,0,4474.0,obs,510,24.54,14.15,4.42,S3,24.54,14.15,4.42,S3,24.54,14.15,4.08,S3,5.487,0,S3,site_s3,S3,S3,S3
1786255716.339,c1,recommend,6000,0.293,26.47,13.73,3.71,S3,0,,0,200.0,obs,683,26.47,13.73,3.71,S3,26.47,13.73,3.71,S3,26.47,13.73,3.33,S3,5.487,0,S3,site_s3,S3,S3,S3
1786255716.339,c2,reserve,,0.0,26.34,13.67,3.65,S3,0,,0,36.0,obs,338,26.34,13.67,3.65,S3,26.34,13.67,3.65,S3,26.34,13.67,3.65,S3,5.487,0,S3,site_s3,S3,S3,S3
1786255716.339,c2,search,,0.0,31.1,20.71,10.98,S3,0,,0,4474.0,obs,510,31.1,20.71,10.98,S3,31.1,20.71,10.98,S3,31.1,20.71,10.64,S3,5.487,0,S3,site_s3,S3,S3,S3
1786255716.339,c2,recommend,,0.0,26.76,14.03,4.0,S3,0,,0,200.0,obs,683,26.76,14.03,4.0,S3,26.76,14.03,4.0,S3,26.76,14.03,3.63,S3,5.487,0,S3,site_s3,S3,S3,S3
1786255717.339,c1,reserve,6000,0.053,26.29,13.62,3.6,S3,0,,0,36.0,obs,338,26.29,13.62,3.6,S3,26.29,13.62,3.6,S3,26.29,13.62,3.59,S3,5.339,0,S3,site_s3,S3,S3,S3
1786255717.339,c1,search,6000,6.562,24.54,14.15,4.42,S3,0,,0,4474.0,obs,511,24.54,14.15,4.42,S3,24.54,14.15,4.42,S3,24.54,14.15,4.08,S3,5.339,0,S3,site_s3,S3,S3,S3
1786255717.339,c1,recommend,6000,0.293,26.47,13.73,3.71,S3,0,,0,200.0,obs,684,26.47,13.73,3.71,S3,26.47,13.73,3.71,S3,26.47,13.73,3.35,S3,5.339,0,S3,site_s3,S3,S3,S3
1786255717.339,c2,reserve,,0.0,26.34,13.67,3.65,S3,0,,0,36.0,obs,338,26.34,13.67,3.65,S3,26.34,13.67,3.65,S3,26.34,13.67,3.64,S3,5.339,0,S3,site_s3,S3,S3,S3
1786255717.339,c2,search,,0.0,31.1,20.71,10.98,S3,0,,0,4474.0,obs,511,31.1,20.71,10.98,S3,31.1,20.71,10.98,S3,31.1,20.71,10.64,S3,5.339,0,S3,site_s3,S3,S3,S3
1786255717.339,c2,recommend,,0.0,26.76,14.03,4.0,S3,0,,0,200.0,obs,684,26.76,14.03,4.0,S3,26.76,14.03,4.0,S3,26.76,14.03,3.64,S3,5.339,0,S3,site_s3,S3,S3,S3
1786255718.339,c1,reserve,6000,0.053,26.29,13.62,3.6,S3,0,,0,36.0,obs,341,26.29,13.62,3.6,S3,26.29,13.62,3.6,S3,26.29,13.62,3.55,S3,5.508,0,S3,site_s3,S3,S3,S3
1786255718.339,c1,search,6000,6.562,24.54,14.15,4.42,S3,0,,0,4474.0,obs,513,24.54,14.15,4.42,S3,24.54,14.15,4.42,S3,24.54,14.15,4.09,S3,5.508,0,S3,site_s3,S3,S3,S3
1786255718.339,c1,recommend,6000,0.293,26.47,13.73,3.71,S3,0,,0,200.0,obs,679,26.47,13.73,3.71,S3,26.47,13.73,3.71,S3,26.47,13.73,3.51,S3,5.508,0,S3,site_s3,S3,S3,S3
1786255718.339,c2,reserve,,0.0,26.34,13.67,3.65,S3,0,,0,36.0,obs,341,26.34,13.67,3.65,S3,26.34,13.67,3.65,S3,26.34,13.67,3.6,S3,5.508,0,S3,site_s3,S3,S3,S3
1786255718.339,c2,search,,0.0,31.1,20.71,10.98,S3,0,,0,4474.0,obs,513,31.1,20.71,10.98,S3,31.1,20.71,10.98,S3,31.1,20.71,10.66,S3,5.508,0,S3,site_s3,S3,S3,S3
1786255718.339,c2,recommend,,0.0,26.76,14.03,4.0,S3,0,,0,200.0,obs,679,26.76,14.03,4.0,S3,26.76,14.03,4.0,S3,26.76,14.03,3.8,S3,5.508,0,S3,site_s3,S3,S3,S3
1786255719.339,c1,reserve,6000,0.053,26.29,13.62,3.6,S3,0,,0,36.0,obs,345,26.29,13.62,3.6,S3,26.29,13.62,3.6,S3,26.29,13.62,3.49,S3,5.681,0,S3,site_s3,S3,S3,S3
1786255719.339,c1,search,6000,6.562,24.54,14.15,4.42,S3,0,,0,4474.0,obs,509,24.54,14.15,4.42,S3,24.54,14.15,4.42,S3,24.54,14.15,4.17,S3,5.681,0,S3,site_s3,S3,S3,S3
1786255719.339,c1,recommend,6000,0.293,26.47,13.73,3.71,S3,0,,0,200.0,obs,681,26.47,13.73,3.71,S3,26.47,13.73,3.71,S3,26.47,13.73,3.57,S3,5.681,0,S3,site_s3,S3,S3,S3
1786255719.339,c2,reserve,,0.0,26.34,13.67,3.65,S3,0,,0,36.0,obs,345,26.34,13.67,3.65,S3,26.34,13.67,3.65,S3,26.34,13.67,3.54,S3,5.681,0,S3,site_s3,S3,S3,S3
1786255719.339,c2,search,,0.0,31.1,20.71,10.98,S3,0,,0,4474.0,obs,509,31.1,20.71,10.98,S3,31.1,20.71,10.98,S3,31.1,20.71,10.73,S3,5.681,0,S3,site_s3,S3,S3,S3
1786255719.339,c2,recommend,,0.0,26.76,14.03,4.0,S3,0,,0,200.0,obs,681,26.76,14.03,4.0,S3,26.76,14.03,4.0,S3,26.76,14.03,3.86,S3,5.681,0,S3,site_s3,S3,S3,S3
1786255720.340,c1,reserve,6000,0.053,26.29,13.62,3.6,S3,0,,0,36.0,obs,341,26.29,13.62,3.6,S3,26.29,13.62,3.6,S3,26.29,13.62,3.44,S3,5.679,0,S3,site_s3,S3,S3,S3
1786255720.340,c1,search,6000,6.562,24.54,14.15,4.42,S3,0,,0,4474.0,obs,510,24.54,14.15,4.42,S3,24.54,14.15,4.42,S3,24.54,14.15,4.2,S3,5.679,0,S3,site_s3,S3,S3,S3
1786255720.340,c1,recommend,6000,0.293,26.47,13.73,3.71,S3,0,,0,200.0,obs,685,26.47,13.73,3.71,S3,26.47,13.73,3.71,S3,26.47,13.73,3.48,S3,5.679,0,S3,site_s3,S3,S3,S3
1786255720.340,c2,reserve,,0.0,26.34,13.67,3.65,S3,0,,0,36.0,obs,341,26.34,13.67,3.65,S3,26.34,13.67,3.65,S3,26.34,13.67,3.49,S3,5.679,0,S3,site_s3,S3,S3,S3
1786255720.340,c2,search,,0.0,31.1,20.71,10.98,S3,0,,0,4474.0,obs,510,31.1,20.71,10.98,S3,31.1,20.71,10.98,S3,31.1,20.71,10.76,S3,5.679,0,S3,site_s3,S3,S3,S3
1786255720.340,c2,recommend,,0.0,26.76,14.03,4.0,S3,0,,0,200.0,obs,685,26.76,14.03,4.0,S3,26.76,14.03,4.0,S3,26.76,14.03,3.78,S3,5.679,0,S3,site_s3,S3,S3,S3
1786255721.340,c1,reserve,6000,0.053,26.29,13.62,3.6,S3,0,,0,36.0,obs,340,26.29,13.62,3.6,S3,26.29,13.62,3.6,S3,26.29,13.62,3.52,S3,5.625,0,S3,site_s3,S3,S3,S3
1786255721.340,c1,search,6000,6.562,24.54,14.15,4.42,S3,0,,0,4474.0,obs,511,24.54,14.15,4.42,S3,24.54,14.15,4.42,S3,24.54,14.15,4.15,S3,5.625,0,S3,site_s3,S3,S3,S3
1786255721.340,c1,recommend,6000,0.293,26.47,13.73,3.71,S3,0,,0,200.0,obs,685,26.47,13.73,3.71,S3,26.47,13.73,3.71,S3,26.47,13.73,3.43,S3,5.625,0,S3,site_s3,S3,S3,S3
1786255721.340,c2,reserve,,0.0,26.34,13.67,3.65,S3,0,,0,36.0,obs,340,26.34,13.67,3.65,S3,26.34,13.67,3.65,S3,26.34,13.67,3.57,S3,5.625,0,S3,site_s3,S3,S3,S3
1786255721.340,c2,search,,0.0,31.1,20.71,10.98,S3,0,,0,4474.0,obs,511,31.1,20.71,10.98,S3,31.1,20.71,10.98,S3,31.1,20.71,10.72,S3,5.625,0,S3,site_s3,S3,S3,S3
1786255721.340,c2,recommend,,0.0,26.76,14.03,4.0,S3,0,,0,200.0,obs,685,26.76,14.03,4.0,S3,26.76,14.03,4.0,S3,26.76,14.03,3.73,S3,5.625,0,S3,site_s3,S3,S3,S3
1786255722.340,c1,reserve,6000,0.053,26.29,13.62,3.6,S3,0,,0,36.0,obs,339,26.29,13.62,3.6,S3,26.29,13.62,3.6,S3,26.29,13.62,3.46,S3,5.466,0,S3,site_s3,S3,S3,S3
1786255722.340,c1,search,6000,6.562,24.54,14.15,4.42,S3,0,,0,4474.0,obs,514,24.54,14.15,4.42,S3,24.54,14.15,4.42,S3,24.54,14.15,4.11,S3,5.466,0,S3,site_s3,S3,S3,S3
1786255722.340,c1,recommend,6000,0.293,26.47,13.73,3.71,S3,0,,0,200.0,obs,684,26.47,13.73,3.71,S3,26.47,13.73,3.71,S3,26.47,13.73,3.44,S3,5.466,0,S3,site_s3,S3,S3,S3
1786255722.340,c2,reserve,,0.0,26.34,13.67,3.65,S3,0,,0,36.0,obs,339,26.34,13.67,3.65,S3,26.34,13.67,3.65,S3,26.34,13.67,3.51,S3,5.466,0,S3,site_s3,S3,S3,S3
1786255722.340,c2,search,,0.0,31.1,20.71,10.98,S3,0,,0,4474.0,obs,514,31.1,20.71,10.98,S3,31.1,20.71,10.98,S3,31.1,20.71,10.67,S3,5.466,0,S3,site_s3,S3,S3,S3
1786255722.340,c2,recommend,,0.0,26.76,14.03,4.0,S3,0,,0,200.0,obs,684,26.76,14.03,4.0,S3,26.76,14.03,4.0,S3,26.76,14.03,3.73,S3,5.466,0,S3,site_s3,S3,S3,S3
1786255723.339,c1,reserve,6000,0.053,26.29,13.62,3.6,S3,0,,0,36.0,obs,344,26.29,13.62,3.6,S3,26.29,13.62,3.6,S3,26.29,13.62,3.46,S3,5.727,0,S3,site_s3,S3,S3,S3
1786255723.339,c1,search,6000,6.562,24.54,14.15,4.42,S3,0,,0,4474.0,obs,515,24.54,14.15,4.42,S3,24.54,14.15,4.42,S3,24.54,14.15,4.11,S3,5.727,0,S3,site_s3,S3,S3,S3
1786255723.339,c1,recommend,6000,0.293,26.47,13.73,3.71,S3,0,,0,200.0,obs,681,26.47,13.73,3.71,S3,26.47,13.73,3.71,S3,26.47,13.73,3.48,S3,5.727,0,S3,site_s3,S3,S3,S3
1786255723.339,c2,reserve,,0.0,26.34,13.67,3.65,S3,0,,0,36.0,obs,344,26.34,13.67,3.65,S3,26.34,13.67,3.65,S3,26.34,13.67,3.51,S3,5.727,0,S3,site_s3,S3,S3,S3
1786255723.339,c2,search,,0.0,31.1,20.71,10.98,S3,0,,0,4474.0,obs,515,31.1,20.71,10.98,S3,31.1,20.71,10.98,S3,31.1,20.71,10.67,S3,5.727,0,S3,site_s3,S3,S3,S3
1786255723.339,c2,recommend,,0.0,26.76,14.03,4.0,S3,0,,0,200.0,obs,681,26.76,14.03,4.0,S3,26.76,14.03,4.0,S3,26.76,14.03,3.77,S3,5.727,0,S3,site_s3,S3,S3,S3
1786255724.339,c1,reserve,6000,0.053,26.29,13.62,3.6,S3,0,,0,36.0,obs,344,26.29,13.62,3.6,S3,26.29,13.62,3.6,S3,26.29,13.62,3.47,S3,5.642,0,S3,site_s3,S3,S3,S3
1786255724.339,c1,search,6000,6.562,24.54,14.15,4.42,S3,0,,0,4474.0,obs,511,24.54,14.15,4.42,S3,24.54,14.15,4.42,S3,24.54,14.15,4.18,S3,5.642,0,S3,site_s3,S3,S3,S3
1786255724.339,c1,recommend,6000,0.293,26.47,13.73,3.71,S3,0,,0,200.0,obs,685,26.47,13.73,3.71,S3,26.47,13.73,3.71,S3,26.47,13.73,3.58,S3,5.642,0,S3,site_s3,S3,S3,S3
1786255724.339,c2,reserve,,0.0,26.34,13.67,3.65,S3,0,,0,36.0,obs,344,26.34,13.67,3.65,S3,26.34,13.67,3.65,S3,26.34,13.67,3.53,S3,5.642,0,S3,site_s3,S3,S3,S3
1786255724.339,c2,search,,0.0,31.1,20.71,10.98,S3,0,,0,4474.0,obs,511,31.1,20.71,10.98,S3,31.1,20.71,10.98,S3,31.1,20.71,10.74,S3,5.642,0,S3,site_s3,S3,S3,S3
1786255724.339,c2,recommend,,0.0,26.76,14.03,4.0,S3,0,,0,200.0,obs,685,26.76,14.03,4.0,S3,26.76,14.03,4.0,S3,26.76,14.03,3.87,S3,5.642,0,S3,site_s3,S3,S3,S3
1786255725.339,c1,reserve,6000,0.053,26.29,13.62,3.6,S3,0,,0,36.0,obs,340,26.29,13.62,3.6,S3,26.29,13.62,3.6,S3,26.29,13.62,3.54,S3,5.5,0,S3,site_s3,S3,S3,S3
1786255725.339,c1,search,6000,6.562,24.54,14.15,4.42,S3,0,,0,4474.0,obs,513,24.54,14.15,4.42,S3,24.54,14.15,4.42,S3,24.54,14.15,4.27,S3,5.5,0,S3,site_s3,S3,S3,S3
1786255725.339,c1,recommend,6000,0.293,26.47,13.73,3.71,S3,0,,0,200.0,obs,688,26.47,13.73,3.71,S3,26.47,13.73,3.71,S3,26.47,13.73,3.56,S3,5.5,0,S3,site_s3,S3,S3,S3
1786255725.339,c2,reserve,,0.0,26.34,13.67,3.65,S3,0,,0,36.0,obs,340,26.34,13.67,3.65,S3,26.34,13.67,3.65,S3,26.34,13.67,3.59,S3,5.5,0,S3,site_s3,S3,S3,S3
1786255725.339,c2,search,,0.0,31.1,20.71,10.98,S3,0,,0,4474.0,obs,513,31.1,20.71,10.98,S3,31.1,20.71,10.98,S3,31.1,20.71,10.83,S3,5.5,0,S3,site_s3,S3,S3,S3
1786255725.339,c2,recommend,,0.0,26.76,14.03,4.0,S3,0,,0,200.0,obs,688,26.76,14.03,4.0,S3,26.76,14.03,4.0,S3,26.76,14.03,3.86,S3,5.5,0,S3,site_s3,S3,S3,S3
1786255726.340,c1,reserve,6000,0.053,26.29,13.62,3.6,S3,0,,0,36.0,obs,340,26.29,13.62,3.6,S3,26.29,13.62,3.6,S3,26.29,13.62,3.54,S3,5.564,0,S3,site_s3,S3,S3,S3
1786255726.340,c1,search,6000,6.562,24.54,14.15,4.42,S3,0,,0,4474.0,obs,513,24.54,14.15,4.42,S3,24.54,14.15,4.42,S3,24.54,14.15,4.19,S3,5.564,0,S3,site_s3,S3,S3,S3
1786255726.340,c1,recommend,6000,0.293,26.47,13.73,3.71,S3,0,,0,200.0,obs,688,26.47,13.73,3.71,S3,26.47,13.73,3.71,S3,26.47,13.73,3.54,S3,5.564,0,S3,site_s3,S3,S3,S3
1786255726.340,c2,reserve,,0.0,26.34,13.67,3.65,S3,0,,0,36.0,obs,340,26.34,13.67,3.65,S3,26.34,13.67,3.65,S3,26.34,13.67,3.59,S3,5.564,0,S3,site_s3,S3,S3,S3
1786255726.340,c2,search,,0.0,31.1,20.71,10.98,S3,0,,0,4474.0,obs,513,31.1,20.71,10.98,S3,31.1,20.71,10.98,S3,31.1,20.71,10.75,S3,5.564,0,S3,site_s3,S3,S3,S3
1786255726.340,c2,recommend,,0.0,26.76,14.03,4.0,S3,0,,0,200.0,obs,688,26.76,14.03,4.0,S3,26.76,14.03,4.0,S3,26.76,14.03,3.83,S3,5.564,0,S3,site_s3,S3,S3,S3
1786255727.339,c1,reserve,6000,0.053,26.29,13.62,3.6,S3,0,,0,36.0,obs,343,26.29,13.62,3.6,S3,26.29,13.62,3.6,S3,26.29,13.62,3.48,S3,5.563,0,S3,site_s3,S3,S3,S3
1786255727.339,c1,search,6000,6.562,24.54,14.15,4.42,S3,0,,0,4474.0,obs,516,24.54,14.15,4.42,S3,24.54,14.15,4.42,S3,24.54,14.15,4.14,S3,5.563,0,S3,site_s3,S3,S3,S3
1786255727.339,c1,recommend,6000,0.293,26.47,13.73,3.71,S3,0,,0,200.0,obs,684,26.47,13.73,3.71,S3,26.47,13.73,3.71,S3,26.47,13.73,3.38,S3,5.563,0,S3,site_s3,S3,S3,S3
1786255727.339,c2,reserve,,0.0,26.34,13.67,3.65,S3,0,,0,36.0,obs,343,26.34,13.67,3.65,S3,26.34,13.67,3.65,S3,26.34,13.67,3.54,S3,5.563,0,S3,site_s3,S3,S3,S3
1786255727.339,c2,search,,0.0,31.1,20.71,10.98,S3,0,,0,4474.0,obs,516,31.1,20.71,10.98,S3,31.1,20.71,10.98,S3,31.1,20.71,10.7,S3,5.563,0,S3,site_s3,S3,S3,S3
1786255727.339,c2,recommend,,0.0,26.76,14.03,4.0,S3,0,,0,200.0,obs,684,26.76,14.03,4.0,S3,26.76,14.03,4.0,S3,26.76,14.03,3.67,S3,5.563,0,S3,site_s3,S3,S3,S3
1786255728.340,c1,reserve,6000,0.053,26.29,13.62,3.6,S3,0,,0,36.0,obs,347,26.29,13.62,3.6,S3,26.29,13.62,3.6,S3,26.29,13.62,3.39,S3,5.773,0,S3,site_s3,S3,S3,S3
1786255728.340,c1,search,6000,6.562,24.54,14.15,4.42,S3,0,,0,4474.0,obs,512,24.54,14.15,4.42,S3,24.54,14.15,4.42,S3,24.54,14.15,3.98,S3,5.773,0,S3,site_s3,S3,S3,S3
1786255728.340,c1,recommend,6000,0.293,26.47,13.73,3.71,S3,0,,0,200.0,obs,684,26.47,13.73,3.71,S3,26.47,13.73,3.71,S3,26.47,13.73,3.38,S3,5.773,0,S3,site_s3,S3,S3,S3
1786255728.340,c2,reserve,,0.0,26.34,13.67,3.65,S3,0,,0,36.0,obs,347,26.34,13.67,3.65,S3,26.34,13.67,3.65,S3,26.34,13.67,3.44,S3,5.773,0,S3,site_s3,S3,S3,S3
1786255728.340,c2,search,,0.0,31.1,20.71,10.98,S3,0,,0,4474.0,obs,512,31.1,20.71,10.98,S3,31.1,20.71,10.98,S3,31.1,20.71,10.54,S3,5.773,0,S3,site_s3,S3,S3,S3
1786255728.340,c2,recommend,,0.0,26.76,14.03,4.0,S3,0,,0,200.0,obs,684,26.76,14.03,4.0,S3,26.76,14.03,4.0,S3,26.76,14.03,3.68,S3,5.773,0,S3,site_s3,S3,S3,S3
1786255729.339,c1,reserve,6000,0.053,26.29,13.62,3.6,S3,0,,0,36.0,obs,344,26.29,13.62,3.6,S3,26.29,13.62,3.6,S3,26.29,13.62,3.54,S3,5.309,0,S3,site_s3,S3,S3,S3
1786255729.339,c1,search,6000,6.562,24.54,14.15,4.42,S3,0,,0,4474.0,obs,512,24.54,14.15,4.42,S3,24.54,14.15,4.42,S3,24.54,14.15,3.98,S3,5.309,0,S3,site_s3,S3,S3,S3
1786255729.339,c1,recommend,6000,0.293,26.47,13.73,3.71,S3,0,,0,200.0,obs,688,26.47,13.73,3.71,S3,26.47,13.73,3.71,S3,26.47,13.73,3.44,S3,5.309,0,S3,site_s3,S3,S3,S3
1786255729.339,c2,reserve,,0.0,26.34,13.67,3.65,S3,0,,0,36.0,obs,344,26.34,13.67,3.65,S3,26.34,13.67,3.65,S3,26.34,13.67,3.6,S3,5.309,0,S3,site_s3,S3,S3,S3
1786255729.339,c2,search,,0.0,31.1,20.71,10.98,S3,0,,0,4474.0,obs,512,31.1,20.71,10.98,S3,31.1,20.71,10.98,S3,31.1,20.71,10.54,S3,5.309,0,S3,site_s3,S3,S3,S3
1786255729.339,c2,recommend,,0.0,26.76,14.03,4.0,S3,0,,0,200.0,obs,688,26.76,14.03,4.0,S3,26.76,14.03,4.0,S3,26.76,14.03,3.73,S3,5.309,0,S3,site_s3,S3,S3,S3
1786255730.339,c1,reserve,6000,0.053,26.29,13.62,3.6,S3,0,,0,36.0,obs,341,26.29,13.62,3.6,S3,26.29,13.62,3.6,S3,26.29,13.62,3.29,S3,5.347,0,S3,site_s3,S3,S3,S3
1786255730.339,c1,search,6000,6.562,24.54,14.15,4.42,S3,0,,0,4474.0,obs,514,24.54,14.15,4.42,S3,24.54,14.15,4.42,S3,24.54,14.15,4.05,S3,5.347,0,S3,site_s3,S3,S3,S3
1786255730.339,c1,recommend,6000,0.293,26.47,13.73,3.71,S3,0,,0,200.0,obs,690,26.47,13.73,3.71,S3,26.47,13.73,3.71,S3,26.47,13.73,3.42,S3,5.347,0,S3,site_s3,S3,S3,S3
1786255730.339,c2,reserve,,0.0,26.34,13.67,3.65,S3,0,,0,36.0,obs,341,26.34,13.67,3.65,S3,26.34,13.67,3.65,S3,26.34,13.67,3.35,S3,5.347,0,S3,site_s3,S3,S3,S3
1786255730.339,c2,search,,0.0,31.1,20.71,10.98,S3,0,,0,4474.0,obs,514,31.1,20.71,10.98,S3,31.1,20.71,10.98,S3,31.1,20.71,10.61,S3,5.347,0,S3,site_s3,S3,S3,S3
1786255730.339,c2,recommend,,0.0,26.76,14.03,4.0,S3,0,,0,200.0,obs,690,26.76,14.03,4.0,S3,26.76,14.03,4.0,S3,26.76,14.03,3.72,S3,5.347,0,S3,site_s3,S3,S3,S3
1786255731.339,c1,reserve,6000,0.053,26.29,13.62,3.6,S3,0,,0,36.0,obs,341,26.29,13.62,3.6,S3,26.29,13.62,3.6,S3,26.29,13.62,3.29,S3,5.543,0,S3,site_s3,S3,S3,S3
1786255731.339,c1,search,6000,6.562,24.54,14.15,4.42,S3,0,,0,4474.0,obs,517,24.54,14.15,4.42,S3,24.54,14.15,4.42,S3,24.54,14.15,4.05,S3,5.543,0,S3,site_s3,S3,S3,S3
1786255731.339,c1,recommend,6000,0.293,26.47,13.73,3.71,S3,0,,0,200.0,obs,688,26.47,13.73,3.71,S3,26.47,13.73,3.71,S3,26.47,13.73,3.43,S3,5.543,0,S3,site_s3,S3,S3,S3
1786255731.339,c2,reserve,,0.0,26.34,13.67,3.65,S3,0,,0,36.0,obs,341,26.34,13.67,3.65,S3,26.34,13.67,3.65,S3,26.34,13.67,3.34,S3,5.543,0,S3,site_s3,S3,S3,S3
1786255731.339,c2,search,,0.0,31.1,20.71,10.98,S3,0,,0,4474.0,obs,517,31.1,20.71,10.98,S3,31.1,20.71,10.98,S3,31.1,20.71,10.61,S3,5.543,0,S3,site_s3,S3,S3,S3
1786255731.339,c2,recommend,,0.0,26.76,14.03,4.0,S3,0,,0,200.0,obs,688,26.76,14.03,4.0,S3,26.76,14.03,4.0,S3,26.76,14.03,3.73,S3,5.543,0,S3,site_s3,S3,S3,S3
1786255732.340,c1,reserve,6000,0.053,26.29,13.62,3.6,S3,0,,0,36.0,obs,346,26.29,13.62,3.6,S3,26.29,13.62,3.6,S3,26.29,13.62,3.45,S3,5.576,0,S3,site_s3,S3,S3,S3
1786255732.340,c1,search,6000,6.562,24.54,14.15,4.42,S3,0,,0,4474.0,obs,516,24.54,14.15,4.42,S3,24.54,14.15,4.42,S3,24.54,14.15,4.1,S3,5.576,0,S3,site_s3,S3,S3,S3
1786255732.340,c1,recommend,6000,0.293,26.47,13.73,3.71,S3,0,,0,200.0,obs,682,26.47,13.73,3.71,S3,26.47,13.73,3.71,S3,26.47,13.73,3.48,S3,5.576,0,S3,site_s3,S3,S3,S3
1786255732.340,c2,reserve,,0.0,26.34,13.67,3.65,S3,0,,0,36.0,obs,346,26.34,13.67,3.65,S3,26.34,13.67,3.65,S3,26.34,13.67,3.5,S3,5.576,0,S3,site_s3,S3,S3,S3
1786255732.340,c2,search,,0.0,31.1,20.71,10.98,S3,0,,0,4474.0,obs,516,31.1,20.71,10.98,S3,31.1,20.71,10.98,S3,31.1,20.71,10.66,S3,5.576,0,S3,site_s3,S3,S3,S3
1786255732.340,c2,recommend,,0.0,26.76,14.03,4.0,S3,0,,0,200.0,obs,682,26.76,14.03,4.0,S3,26.76,14.03,4.0,S3,26.76,14.03,3.78,S3,5.576,0,S3,site_s3,S3,S3,S3
1786255733.339,c1,reserve,6000,0.053,26.29,13.62,3.6,S3,0,,0,36.0,obs,346,26.29,13.62,3.6,S3,26.29,13.62,3.6,S3,26.29,13.62,3.45,S3,5.543,0,S3,site_s3,S3,S3,S3
1786255733.339,c1,search,6000,6.562,24.54,14.15,4.42,S3,0,,0,4474.0,obs,513,24.54,14.15,4.42,S3,24.54,14.15,4.42,S3,24.54,14.15,4.16,S3,5.543,0,S3,site_s3,S3,S3,S3
1786255733.339,c1,recommend,6000,0.293,26.47,13.73,3.71,S3,0,,0,200.0,obs,687,26.47,13.73,3.71,S3,26.47,13.73,3.71,S3,26.47,13.73,3.48,S3,5.543,0,S3,site_s3,S3,S3,S3
1786255733.339,c2,reserve,,0.0,26.34,13.67,3.65,S3,0,,0,36.0,obs,346,26.34,13.67,3.65,S3,26.34,13.67,3.65,S3,26.34,13.67,3.5,S3,5.543,0,S3,site_s3,S3,S3,S3
1786255733.339,c2,search,,0.0,31.1,20.71,10.98,S3,0,,0,4474.0,obs,513,31.1,20.71,10.98,S3,31.1,20.71,10.98,S3,31.1,20.71,10.72,S3,5.543,0,S3,site_s3,S3,S3,S3
1786255733.339,c2,recommend,,0.0,26.76,14.03,4.0,S3,0,,0,200.0,obs,687,26.76,14.03,4.0,S3,26.76,14.03,4.0,S3,26.76,14.03,3.78,S3,5.543,0,S3,site_s3,S3,S3,S3
1786255734.340,c1,reserve,6000,0.053,26.29,13.62,3.6,S3,0,,0,36.0,obs,343,26.29,13.62,3.6,S3,26.29,13.62,3.6,S3,26.29,13.62,3.36,S3,5.553,0,S3,site_s3,S3,S3,S3
1786255734.340,c1,search,6000,6.562,24.54,14.15,4.42,S3,0,,0,4474.0,obs,514,24.54,14.15,4.42,S3,24.54,14.15,4.42,S3,24.54,14.15,4.09,S3,5.553,0,S3,site_s3,S3,S3,S3
1786255734.340,c1,recommend,6000,0.293,26.47,13.73,3.71,S3,0,,0,200.0,obs,690,26.47,13.73,3.71,S3,26.47,13.73,3.71,S3,26.47,13.73,3.44,S3,5.553,0,S3,site_s3,S3,S3,S3
1786255734.340,c2,reserve,,0.0,26.34,13.67,3.65,S3,0,,0,36.0,obs,343,26.34,13.67,3.65,S3,26.34,13.67,3.65,S3,26.34,13.67,3.41,S3,5.553,0,S3,site_s3,S3,S3,S3
1786255734.340,c2,search,,0.0,31.1,20.71,10.98,S3,0,,0,4474.0,obs,514,31.1,20.71,10.98,S3,31.1,20.71,10.98,S3,31.1,20.71,10.66,S3,5.553,0,S3,site_s3,S3,S3,S3
1786255734.340,c2,recommend,,0.0,26.76,14.03,4.0,S3,0,,0,200.0,obs,690,26.76,14.03,4.0,S3,26.76,14.03,4.0,S3,26.76,14.03,3.73,S3,5.553,0,S3,site_s3,S3,S3,S3
1786255735.340,c1,reserve,6000,0.053,26.29,13.62,3.6,S3,0,,0,36.0,obs,341,26.29,13.62,3.6,S3,26.29,13.62,3.6,S3,26.29,13.62,3.39,S3,5.99,0,S3,site_s3,S3,S3,S3
1786255735.340,c1,search,6000,6.562,24.54,14.15,4.42,S3,0,,0,4474.0,obs,516,24.54,14.15,4.42,S3,24.54,14.15,4.42,S3,24.54,14.15,4.09,S3,5.99,0,S3,site_s3,S3,S3,S3
1786255735.340,c1,recommend,6000,0.293,26.47,13.73,3.71,S3,0,,0,200.0,obs,691,26.47,13.73,3.71,S3,26.47,13.73,3.71,S3,26.47,13.73,3.51,S3,5.99,0,S3,site_s3,S3,S3,S3
1786255735.340,c2,reserve,,0.0,26.34,13.67,3.65,S3,0,,0,36.0,obs,341,26.34,13.67,3.65,S3,26.34,13.67,3.65,S3,26.34,13.67,3.44,S3,5.99,0,S3,site_s3,S3,S3,S3
1786255735.340,c2,search,,0.0,31.1,20.71,10.98,S3,0,,0,4474.0,obs,516,31.1,20.71,10.98,S3,31.1,20.71,10.98,S3,31.1,20.71,10.65,S3,5.99,0,S3,site_s3,S3,S3,S3
1786255735.340,c2,recommend,,0.0,26.76,14.03,4.0,S3,0,,0,200.0,obs,691,26.76,14.03,4.0,S3,26.76,14.03,4.0,S3,26.76,14.03,3.81,S3,5.99,0,S3,site_s3,S3,S3,S3
1786255736.340,c1,reserve,6000,0.053,26.29,13.62,3.6,S3,0,,0,36.0,obs,343,26.29,13.62,3.6,S3,26.29,13.62,3.6,S3,26.29,13.62,3.43,S3,5.788,0,S3,site_s3,S3,S3,S3
1786255736.340,c1,search,6000,6.562,24.54,14.15,4.42,S3,0,,0,4474.0,obs,519,24.54,14.15,4.42,S3,24.54,14.15,4.42,S3,24.54,14.15,4.21,S3,5.788,0,S3,site_s3,S3,S3,S3
1786255736.340,c1,recommend,6000,0.293,26.47,13.73,3.71,S3,0,,0,200.0,obs,687,26.47,13.73,3.71,S3,26.47,13.73,3.71,S3,26.47,13.73,3.56,S3,5.788,0,S3,site_s3,S3,S3,S3
1786255736.340,c2,reserve,,0.0,26.34,13.67,3.65,S3,0,,0,36.0,obs,343,26.34,13.67,3.65,S3,26.34,13.67,3.65,S3,26.34,13.67,3.48,S3,5.788,0,S3,site_s3,S3,S3,S3
1786255736.340,c2,search,,0.0,31.1,20.71,10.98,S3,0,,0,4474.0,obs,519,31.1,20.71,10.98,S3,31.1,20.71,10.98,S3,31.1,20.71,10.78,S3,5.788,0,S3,site_s3,S3,S3,S3
1786255736.340,c2,recommend,,0.0,26.76,14.03,4.0,S3,0,,0,200.0,obs,687,26.76,14.03,4.0,S3,26.76,14.03,4.0,S3,26.76,14.03,3.86,S3,5.788,0,S3,site_s3,S3,S3,S3
1786255737.340,c1,reserve,6000,0.053,26.29,13.62,3.6,S3,0,,0,36.0,obs,348,26.29,13.62,3.6,S3,26.29,13.62,3.6,S3,26.29,13.62,3.45,S3,5.802,0,S3,site_s3,S3,S3,S3
1786255737.340,c1,search,6000,6.562,24.54,14.15,4.42,S3,0,,0,4474.0,obs,515,24.54,14.15,4.42,S3,24.54,14.15,4.42,S3,24.54,14.15,4.0,S3,5.802,0,S3,site_s3,S3,S3,S3
1786255737.340,c1,recommend,6000,0.293,26.47,13.73,3.71,S3,0,,0,200.0,obs,686,26.47,13.73,3.71,S3,26.47,13.73,3.71,S3,26.47,13.73,3.45,S3,5.802,0,S3,site_s3,S3,S3,S3
1786255737.340,c2,reserve,,0.0,26.34,13.67,3.65,S3,0,,0,36.0,obs,348,26.34,13.67,3.65,S3,26.34,13.67,3.65,S3,26.34,13.67,3.5,S3,5.802,0,S3,site_s3,S3,S3,S3
1786255737.340,c2,search,,0.0,31.1,20.71,10.98,S3,0,,0,4474.0,obs,515,31.1,20.71,10.98,S3,31.1,20.71,10.98,S3,31.1,20.71,10.57,S3,5.802,0,S3,site_s3,S3,S3,S3
1786255737.340,c2,recommend,,0.0,26.76,14.03,4.0,S3,0,,0,200.0,obs,686,26.76,14.03,4.0,S3,26.76,14.03,4.0,S3,26.76,14.03,3.75,S3,5.802,0,S3,site_s3,S3,S3,S3
1786255738.339,c1,reserve,6000,0.053,26.29,13.62,3.6,S3,0,,0,36.0,obs,346,26.29,13.62,3.6,S3,26.29,13.62,3.6,S3,26.29,13.62,3.32,S3,5.666,0,S3,site_s3,S3,S3,S3
1786255738.339,c1,search,6000,6.562,24.54,14.15,4.42,S3,0,,0,4474.0,obs,515,24.54,14.15,4.42,S3,24.54,14.15,4.42,S3,24.54,14.15,3.97,S3,5.666,0,S3,site_s3,S3,S3,S3
1786255738.339,c1,recommend,6000,0.293,26.47,13.73,3.71,S3,0,,0,200.0,obs,690,26.47,13.73,3.71,S3,26.47,13.73,3.71,S3,26.47,13.73,3.38,S3,5.666,0,S3,site_s3,S3,S3,S3
1786255738.339,c2,reserve,,0.0,26.34,13.67,3.65,S3,0,,0,36.0,obs,346,26.34,13.67,3.65,S3,26.34,13.67,3.65,S3,26.34,13.67,3.37,S3,5.666,0,S3,site_s3,S3,S3,S3
1786255738.339,c2,search,,0.0,31.1,20.71,10.98,S3,0,,0,4474.0,obs,515,31.1,20.71,10.98,S3,31.1,20.71,10.98,S3,31.1,20.71,10.53,S3,5.666,0,S3,site_s3,S3,S3,S3
1786255738.339,c2,recommend,,0.0,26.76,14.03,4.0,S3,0,,0,200.0,obs,690,26.76,14.03,4.0,S3,26.76,14.03,4.0,S3,26.76,14.03,3.67,S3,5.666,0,S3,site_s3,S3,S3,S3
1786255739.339,c1,reserve,6000,0.053,26.29,13.62,3.6,S3,0,,0,36.0,obs,342,26.29,13.62,3.6,S3,26.29,13.62,3.6,S3,26.29,13.62,3.41,S3,5.755,0,S3,site_s3,S3,S3,S3
1786255739.339,c1,search,6000,6.562,24.54,14.15,4.42,S3,0,,0,4474.0,obs,517,24.54,14.15,4.42,S3,24.54,14.15,4.42,S3,24.54,14.15,4.02,S3,5.755,0,S3,site_s3,S3,S3,S3
1786255739.339,c1,recommend,6000,0.293,26.47,13.73,3.71,S3,0,,0,200.0,obs,694,26.47,13.73,3.71,S3,26.47,13.73,3.71,S3,26.47,13.73,3.37,S3,5.755,0,S3,site_s3,S3,S3,S3
1786255739.339,c2,reserve,,0.0,26.34,13.67,3.65,S3,0,,0,36.0,obs,342,26.34,13.67,3.65,S3,26.34,13.67,3.65,S3,26.34,13.67,3.47,S3,5.755,0,S3,site_s3,S3,S3,S3
1786255739.339,c2,search,,0.0,31.1,20.71,10.98,S3,0,,0,4474.0,obs,517,31.1,20.71,10.98,S3,31.1,20.71,10.98,S3,31.1,20.71,10.58,S3,5.755,0,S3,site_s3,S3,S3,S3
1786255739.339,c2,recommend,,0.0,26.76,14.03,4.0,S3,0,,0,200.0,obs,694,26.76,14.03,4.0,S3,26.76,14.03,4.0,S3,26.76,14.03,3.66,S3,5.755,0,S3,site_s3,S3,S3,S3
1786255740.339,c1,reserve,6000,0.053,26.29,13.62,3.6,S3,0,,0,36.0,obs,343,26.29,13.62,3.6,S3,26.29,13.62,3.6,S3,26.29,13.62,3.41,S3,5.545,0,S3,site_s3,S3,S3,S3
1786255740.339,c1,search,6000,6.562,24.54,14.15,4.42,S3,0,,0,4474.0,obs,519,24.54,14.15,4.42,S3,24.54,14.15,4.42,S3,24.54,14.15,4.11,S3,5.545,0,S3,site_s3,S3,S3,S3
1786255740.339,c1,recommend,6000,0.293,26.47,13.73,3.71,S3,0,,0,200.0,obs,691,26.47,13.73,3.71,S3,26.47,13.73,3.71,S3,26.47,13.73,3.39,S3,5.545,0,S3,site_s3,S3,S3,S3
1786255740.339,c2,reserve,,0.0,26.34,13.67,3.65,S3,0,,0,36.0,obs,343,26.34,13.67,3.65,S3,26.34,13.67,3.65,S3,26.34,13.67,3.47,S3,5.545,0,S3,site_s3,S3,S3,S3
1786255740.339,c2,search,,0.0,31.1,20.71,10.98,S3,0,,0,4474.0,obs,519,31.1,20.71,10.98,S3,31.1,20.71,10.98,S3,31.1,20.71,10.67,S3,5.545,0,S3,site_s3,S3,S3,S3
1786255740.339,c2,recommend,,0.0,26.76,14.03,4.0,S3,0,,0,200.0,obs,691,26.76,14.03,4.0,S3,26.76,14.03,4.0,S3,26.76,14.03,3.68,S3,5.545,0,S3,site_s3,S3,S3,S3
1786255741.339,c1,reserve,6000,0.053,26.29,13.62,3.6,S3,0,,0,36.0,obs,347,26.29,13.62,3.6,S3,26.29,13.62,3.6,S3,26.29,13.62,3.4,S3,5.63,0,S3,site_s3,S3,S3,S3
1786255741.339,c1,search,6000,6.562,24.54,14.15,4.42,S3,0,,0,4474.0,obs,519,24.54,14.15,4.42,S3,24.54,14.15,4.42,S3,24.54,14.15,4.03,S3,5.63,0,S3,site_s3,S3,S3,S3
1786255741.339,c1,recommend,6000,0.293,26.47,13.73,3.71,S3,0,,0,200.0,obs,688,26.47,13.73,3.71,S3,26.47,13.73,3.71,S3,26.47,13.73,3.41,S3,5.63,0,S3,site_s3,S3,S3,S3
1786255741.339,c2,reserve,,0.0,26.34,13.67,3.65,S3,0,,0,36.0,obs,347,26.34,13.67,3.65,S3,26.34,13.67,3.65,S3,26.34,13.67,3.45,S3,5.63,0,S3,site_s3,S3,S3,S3
1786255741.339,c2,search,,0.0,31.1,20.71,10.98,S3,0,,0,4474.0,obs,519,31.1,20.71,10.98,S3,31.1,20.71,10.98,S3,31.1,20.71,10.59,S3,5.63,0,S3,site_s3,S3,S3,S3
1786255741.339,c2,recommend,,0.0,26.76,14.03,4.0,S3,0,,0,200.0,obs,688,26.76,14.03,4.0,S3,26.76,14.03,4.0,S3,26.76,14.03,3.7,S3,5.63,0,S3,site_s3,S3,S3,S3
1786255742.339,c1,reserve,6000,0.053,26.29,13.62,3.6,S3,0,,0,36.0,obs,348,26.29,13.62,3.6,S3,26.29,13.62,3.6,S3,26.29,13.62,3.44,S3,5.522,0,S3,site_s3,S3,S3,S3
1786255742.339,c1,search,6000,6.562,24.54,14.15,4.42,S3,0,,0,4474.0,obs,516,24.54,14.15,4.42,S3,24.54,14.15,4.42,S3,24.54,14.15,4.07,S3,5.522,0,S3,site_s3,S3,S3,S3
1786255742.339,c1,recommend,6000,0.293,26.47,13.73,3.71,S3,0,,0,200.0,obs,689,26.47,13.73,3.71,S3,26.47,13.73,3.71,S3,26.47,13.73,3.52,S3,5.522,0,S3,site_s3,S3,S3,S3
1786255742.339,c2,reserve,,0.0,26.34,13.67,3.65,S3,0,,0,36.0,obs,348,26.34,13.67,3.65,S3,26.34,13.67,3.65,S3,26.34,13.67,3.49,S3,5.522,0,S3,site_s3,S3,S3,S3
1786255742.339,c2,search,,0.0,31.1,20.71,10.98,S3,0,,0,4474.0,obs,516,31.1,20.71,10.98,S3,31.1,20.71,10.98,S3,31.1,20.71,10.63,S3,5.522,0,S3,site_s3,S3,S3,S3
1786255742.339,c2,recommend,,0.0,26.76,14.03,4.0,S3,0,,0,200.0,obs,689,26.76,14.03,4.0,S3,26.76,14.03,4.0,S3,26.76,14.03,3.82,S3,5.522,0,S3,site_s3,S3,S3,S3
1786255743.339,c1,reserve,6000,0.053,26.29,13.62,3.6,S3,0,,0,36.0,obs,346,26.29,13.62,3.6,S3,26.29,13.62,3.6,S3,26.29,13.62,3.35,S3,5.392,0,S3,site_s3,S3,S3,S3
1786255743.339,c1,search,6000,6.562,24.54,14.15,4.42,S3,0,,0,4474.0,obs,516,24.54,14.15,4.42,S3,24.54,14.15,4.42,S3,24.54,14.15,4.18,S3,5.392,0,S3,site_s3,S3,S3,S3
1786255743.339,c1,recommend,6000,0.293,26.47,13.73,3.71,S3,0,,0,200.0,obs,694,26.47,13.73,3.71,S3,26.47,13.73,3.71,S3,26.47,13.73,3.53,S3,5.392,0,S3,site_s3,S3,S3,S3
1786255743.339,c2,reserve,,0.0,26.34,13.67,3.65,S3,0,,0,36.0,obs,346,26.34,13.67,3.65,S3,26.34,13.67,3.65,S3,26.34,13.67,3.4,S3,5.392,0,S3,site_s3,S3,S3,S3
1786255743.339,c2,search,,0.0,31.1,20.71,10.98,S3,0,,0,4474.0,obs,516,31.1,20.71,10.98,S3,31.1,20.71,10.98,S3,31.1,20.71,10.74,S3,5.392,0,S3,site_s3,S3,S3,S3
1786255743.339,c2,recommend,,0.0,26.76,14.03,4.0,S3,0,,0,200.0,obs,694,26.76,14.03,4.0,S3,26.76,14.03,4.0,S3,26.76,14.03,3.82,S3,5.392,0,S3,site_s3,S3,S3,S3
1786255744.340,c1,reserve,6000,0.053,26.29,13.62,3.6,S3,0,,0,36.0,obs,343,26.29,13.62,3.6,S3,26.29,13.62,3.6,S3,26.29,13.62,3.28,S3,5.5,0,S3,site_s3,S3,S3,S3
1786255744.340,c1,search,6000,6.562,24.54,14.15,4.42,S3,0,,0,4474.0,obs,518,24.54,14.15,4.42,S3,24.54,14.15,4.42,S3,24.54,14.15,4.14,S3,5.5,0,S3,site_s3,S3,S3,S3
1786255744.340,c1,recommend,6000,0.293,26.47,13.73,3.71,S3,0,,0,200.0,obs,695,26.47,13.73,3.71,S3,26.47,13.73,3.71,S3,26.47,13.73,3.47,S3,5.5,0,S3,site_s3,S3,S3,S3
1786255744.340,c2,reserve,,0.0,26.34,13.67,3.65,S3,0,,0,36.0,obs,343,26.34,13.67,3.65,S3,26.34,13.67,3.65,S3,26.34,13.67,3.33,S3,5.5,0,S3,site_s3,S3,S3,S3
1786255744.340,c2,search,,0.0,31.1,20.71,10.98,S3,0,,0,4474.0,obs,518,31.1,20.71,10.98,S3,31.1,20.71,10.98,S3,31.1,20.71,10.71,S3,5.5,0,S3,site_s3,S3,S3,S3
1786255744.340,c2,recommend,,0.0,26.76,14.03,4.0,S3,0,,0,200.0,obs,695,26.76,14.03,4.0,S3,26.76,14.03,4.0,S3,26.76,14.03,3.76,S3,5.5,0,S3,site_s3,S3,S3,S3
1786255745.339,c1,reserve,6000,0.053,26.29,13.62,3.6,S3,0,,0,36.0,obs,345,26.29,13.62,3.6,S3,26.29,13.62,3.6,S3,26.29,13.62,3.37,S3,5.57,0,S3,site_s3,S3,S3,S3
1786255745.339,c1,search,6000,6.562,24.54,14.15,4.42,S3,0,,0,4474.0,obs,520,24.54,14.15,4.42,S3,24.54,14.15,4.42,S3,24.54,14.15,4.18,S3,5.57,0,S3,site_s3,S3,S3,S3
1786255745.339,c1,recommend,6000,0.293,26.47,13.73,3.71,S3,0,,0,200.0,obs,689,26.47,13.73,3.71,S3,26.47,13.73,3.71,S3,26.47,13.73,3.47,S3,5.57,0,S3,site_s3,S3,S3,S3
1786255745.339,c2,reserve,,0.0,26.34,13.67,3.65,S3,0,,0,36.0,obs,345,26.34,13.67,3.65,S3,26.34,13.67,3.65,S3,26.34,13.67,3.42,S3,5.57,0,S3,site_s3,S3,S3,S3
1786255745.339,c2,search,,0.0,31.1,20.71,10.98,S3,0,,0,4474.0,obs,520,31.1,20.71,10.98,S3,31.1,20.71,10.98,S3,31.1,20.71,10.74,S3,5.57,0,S3,site_s3,S3,S3,S3
1786255745.339,c2,recommend,,0.0,26.76,14.03,4.0,S3,0,,0,200.0,obs,689,26.76,14.03,4.0,S3,26.76,14.03,4.0,S3,26.76,14.03,3.76,S3,5.57,0,S3,site_s3,S3,S3,S3
1786255746.339,c1,reserve,6000,0.053,26.29,13.62,3.6,S3,0,,0,36.0,obs,350,26.29,13.62,3.6,S3,26.29,13.62,3.6,S3,26.29,13.62,3.48,S3,5.825,0,S3,site_s3,S3,S3,S3
1786255746.339,c1,search,6000,6.562,24.54,14.15,4.42,S3,0,,0,4474.0,obs,519,24.54,14.15,4.42,S3,24.54,14.15,4.42,S3,24.54,14.15,4.1,S3,5.825,0,S3,site_s3,S3,S3,S3
1786255746.339,c1,recommend,6000,0.293,26.47,13.73,3.71,S3,0,,0,200.0,obs,690,26.47,13.73,3.71,S3,26.47,13.73,3.71,S3,26.47,13.73,3.49,S3,5.825,0,S3,site_s3,S3,S3,S3
1786255746.339,c2,reserve,,0.0,26.34,13.67,3.65,S3,0,,0,36.0,obs,350,26.34,13.67,3.65,S3,26.34,13.67,3.65,S3,26.34,13.67,3.53,S3,5.825,0,S3,site_s3,S3,S3,S3
1786255746.339,c2,search,,0.0,31.1,20.71,10.98,S3,0,,0,4474.0,obs,519,31.1,20.71,10.98,S3,31.1,20.71,10.98,S3,31.1,20.71,10.66,S3,5.825,0,S3,site_s3,S3,S3,S3
1786255746.339,c2,recommend,,0.0,26.76,14.03,4.0,S3,0,,0,200.0,obs,690,26.76,14.03,4.0,S3,26.76,14.03,4.0,S3,26.76,14.03,3.79,S3,5.825,0,S3,site_s3,S3,S3,S3
1786255747.339,c1,reserve,6000,0.053,26.29,13.62,3.6,S3,0,,0,36.0,obs,348,26.29,13.62,3.6,S3,26.29,13.62,3.6,S3,26.29,13.62,3.53,S3,5.571,0,S3,site_s3,S3,S3,S3
1786255747.339,c1,search,6000,6.562,24.54,14.15,4.42,S3,0,,0,4474.0,obs,518,24.54,14.15,4.42,S3,24.54,14.15,4.42,S3,24.54,14.15,3.94,S3,5.571,0,S3,site_s3,S3,S3,S3
1786255747.339,c1,recommend,6000,0.293,26.47,13.73,3.71,S3,0,,0,200.0,obs,693,26.47,13.73,3.71,S3,26.47,13.73,3.71,S3,26.47,13.73,3.49,S3,5.571,0,S3,site_s3,S3,S3,S3
1786255747.339,c2,reserve,,0.0,26.34,13.67,3.65,S3,0,,0,36.0,obs,348,26.34,13.67,3.65,S3,26.34,13.67,3.65,S3,26.34,13.67,3.59,S3,5.571,0,S3,site_s3,S3,S3,S3
1786255747.339,c2,search,,0.0,31.1,20.71,10.98,S3,0,,0,4474.0,obs,518,31.1,20.71,10.98,S3,31.1,20.71,10.98,S3,31.1,20.71,10.5,S3,5.571,0,S3,site_s3,S3,S3,S3
1786255747.339,c2,recommend,,0.0,26.76,14.03,4.0,S3,0,,0,200.0,obs,693,26.76,14.03,4.0,S3,26.76,14.03,4.0,S3,26.76,14.03,3.78,S3,5.571,0,S3,site_s3,S3,S3,S3
1786255748.339,c1,reserve,6000,0.053,26.29,13.62,3.6,S3,0,,0,36.0,obs,344,26.29,13.62,3.6,S3,26.29,13.62,3.6,S3,26.29,13.62,3.53,S3,5.621,0,S3,site_s3,S3,S3,S3
1786255748.339,c1,search,6000,6.562,24.54,14.15,4.42,S3,0,,0,4474.0,obs,518,24.54,14.15,4.42,S3,24.54,14.15,4.42,S3,24.54,14.15,3.89,S3,5.621,0,S3,site_s3,S3,S3,S3
1786255748.339,c1,recommend,6000,0.293,26.47,13.73,3.71,S3,0,,0,200.0,obs,696,26.47,13.73,3.71,S3,26.47,13.73,3.71,S3,26.47,13.73,3.41,S3,5.621,0,S3,site_s3,S3,S3,S3
1786255748.339,c2,reserve,,0.0,26.34,13.67,3.65,S3,0,,0,36.0,obs,344,26.34,13.67,3.65,S3,26.34,13.67,3.65,S3,26.34,13.67,3.59,S3,5.621,0,S3,site_s3,S3,S3,S3
1786255748.339,c2,search,,0.0,31.1,20.71,10.98,S3,0,,0,4474.0,obs,518,31.1,20.71,10.98,S3,31.1,20.71,10.98,S3,31.1,20.71,10.46,S3,5.621,0,S3,site_s3,S3,S3,S3
1786255748.339,c2,recommend,,0.0,26.76,14.03,4.0,S3,0,,0,200.0,obs,696,26.76,14.03,4.0,S3,26.76,14.03,4.0,S3,26.76,14.03,3.71,S3,5.621,0,S3,site_s3,S3,S3,S3
1786255749.339,c1,reserve,6000,0.053,26.29,13.62,3.6,S3,0,,0,36.0,obs,345,26.29,13.62,3.6,S3,26.29,13.62,3.6,S3,26.29,13.62,3.4,S3,5.568,0,S3,site_s3,S3,S3,S3
1786255749.339,c1,search,6000,6.562,24.54,14.15,4.42,S3,0,,0,4474.0,obs,521,24.54,14.15,4.42,S3,24.54,14.15,4.42,S3,24.54,14.15,4.06,S3,5.568,0,S3,site_s3,S3,S3,S3
1786255749.339,c1,recommend,6000,0.293,26.47,13.73,3.71,S3,0,,0,200.0,obs,694,26.47,13.73,3.71,S3,26.47,13.73,3.71,S3,26.47,13.73,3.48,S3,5.568,0,S3,site_s3,S3,S3,S3
1786255749.339,c2,reserve,,0.0,26.34,13.67,3.65,S3,0,,0,36.0,obs,345,26.34,13.67,3.65,S3,26.34,13.67,3.65,S3,26.34,13.67,3.45,S3,5.568,0,S3,site_s3,S3,S3,S3
1786255749.339,c2,search,,0.0,31.1,20.71,10.98,S3,0,,0,4474.0,obs,521,31.1,20.71,10.98,S3,31.1,20.71,10.98,S3,31.1,20.71,10.62,S3,5.568,0,S3,site_s3,S3,S3,S3
1786255749.339,c2,recommend,,0.0,26.76,14.03,4.0,S3,0,,0,200.0,obs,694,26.76,14.03,4.0,S3,26.76,14.03,4.0,S3,26.76,14.03,3.78,S3,5.568,0,S3,site_s3,S3,S3,S3
1786255750.340,c1,reserve,6000,0.053,26.29,13.62,3.6,S3,0,,0,36.0,obs,349,26.29,13.62,3.6,S3,26.29,13.62,3.6,S3,26.29,13.62,3.49,S3,5.621,0,S3,site_s3,S3,S3,S3
1786255750.340,c1,search,6000,6.562,24.54,14.15,4.42,S3,0,,0,4474.0,obs,522,24.54,14.15,4.42,S3,24.54,14.15,4.42,S3,24.54,14.15,4.1,S3,5.621,0,S3,site_s3,S3,S3,S3
1786255750.340,c1,recommend,6000,0.293,26.47,13.73,3.71,S3,0,,0,200.0,obs,691,26.47,13.73,3.71,S3,26.47,13.73,3.71,S3,26.47,13.73,3.51,S3,5.621,0,S3,site_s3,S3,S3,S3
1786255750.340,c2,reserve,,0.0,26.34,13.67,3.65,S3,0,,0,36.0,obs,349,26.34,13.67,3.65,S3,26.34,13.67,3.65,S3,26.34,13.67,3.55,S3,5.621,0,S3,site_s3,S3,S3,S3
1786255750.340,c2,search,,0.0,31.1,20.71,10.98,S3,0,,0,4474.0,obs,522,31.1,20.71,10.98,S3,31.1,20.71,10.98,S3,31.1,20.71,10.66,S3,5.621,0,S3,site_s3,S3,S3,S3
1786255750.340,c2,recommend,,0.0,26.76,14.03,4.0,S3,0,,0,200.0,obs,691,26.76,14.03,4.0,S3,26.76,14.03,4.0,S3,26.76,14.03,3.8,S3,5.621,0,S3,site_s3,S3,S3,S3
1786255751.339,c1,reserve,6000,0.053,26.29,13.62,3.6,S3,0,,0,36.0,obs,350,26.29,13.62,3.6,S3,26.29,13.62,3.6,S3,26.29,13.62,3.52,S3,5.592,0,S3,site_s3,S3,S3,S3
1786255751.339,c1,search,6000,6.562,24.54,14.15,4.42,S3,0,,0,4474.0,obs,518,24.54,14.15,4.42,S3,24.54,14.15,4.42,S3,24.54,14.15,4.11,S3,5.592,0,S3,site_s3,S3,S3,S3
1786255751.339,c1,recommend,6000,0.293,26.47,13.73,3.71,S3,0,,0,200.0,obs,693,26.47,13.73,3.71,S3,26.47,13.73,3.71,S3,26.47,13.73,3.44,S3,5.592,0,S3,site_s3,S3,S3,S3
1786255751.339,c2,reserve,,0.0,26.34,13.67,3.65,S3,0,,0,36.0,obs,350,26.34,13.67,3.65,S3,26.34,13.67,3.65,S3,26.34,13.67,3.57,S3,5.592,0,S3,site_s3,S3,S3,S3
1786255751.339,c2,search,,0.0,31.1,20.71,10.98,S3,0,,0,4474.0,obs,518,31.1,20.71,10.98,S3,31.1,20.71,10.98,S3,31.1,20.71,10.67,S3,5.592,0,S3,site_s3,S3,S3,S3
1786255751.339,c2,recommend,,0.0,26.76,14.03,4.0,S3,0,,0,200.0,obs,693,26.76,14.03,4.0,S3,26.76,14.03,4.0,S3,26.76,14.03,3.73,S3,5.592,0,S3,site_s3,S3,S3,S3
1786255752.339,c1,reserve,6000,0.053,26.29,13.62,3.6,S3,0,,0,36.0,obs,347,26.29,13.62,3.6,S3,26.29,13.62,3.6,S3,26.29,13.62,3.35,S3,5.425,0,S3,site_s3,S3,S3,S3
1786255752.339,c1,search,6000,6.562,24.54,14.15,4.42,S3,0,,0,4474.0,obs,519,24.54,14.15,4.42,S3,24.54,14.15,4.42,S3,24.54,14.15,4.02,S3,5.425,0,S3,site_s3,S3,S3,S3
1786255752.339,c1,recommend,6000,0.293,26.47,13.73,3.71,S3,0,,0,200.0,obs,698,26.47,13.73,3.71,S3,26.47,13.73,3.71,S3,26.47,13.73,3.42,S3,5.425,0,S3,site_s3,S3,S3,S3
1786255752.339,c2,reserve,,0.0,26.34,13.67,3.65,S3,0,,0,36.0,obs,347,26.34,13.67,3.65,S3,26.34,13.67,3.65,S3,26.34,13.67,3.4,S3,5.425,0,S3,site_s3,S3,S3,S3
1786255752.339,c2,search,,0.0,31.1,20.71,10.98,S3,0,,0,4474.0,obs,519,31.1,20.71,10.98,S3,31.1,20.71,10.98,S3,31.1,20.71,10.58,S3,5.425,0,S3,site_s3,S3,S3,S3
1786255752.339,c2,recommend,,0.0,26.76,14.03,4.0,S3,0,,0,200.0,obs,698,26.76,14.03,4.0,S3,26.76,14.03,4.0,S3,26.76,14.03,3.72,S3,5.425,0,S3,site_s3,S3,S3,S3
1786255753.340,c1,reserve,6000,0.053,26.29,13.62,3.6,S3,0,,0,36.0,obs,345,26.29,13.62,3.6,S3,26.29,13.62,3.6,S3,26.29,13.62,3.4,S3,5.534,0,S3,site_s3,S3,S3,S3
1786255753.340,c1,search,6000,6.562,24.54,14.15,4.42,S3,0,,0,4474.0,obs,521,24.54,14.15,4.42,S3,24.54,14.15,4.42,S3,24.54,14.15,3.94,S3,5.534,0,S3,site_s3,S3,S3,S3
1786255753.340,c1,recommend,6000,0.293,26.47,13.73,3.71,S3,0,,0,200.0,obs,698,26.47,13.73,3.71,S3,26.47,13.73,3.71,S3,26.47,13.73,3.41,S3,5.534,0,S3,site_s3,S3,S3,S3
1786255753.340,c2,reserve,,0.0,26.34,13.67,3.65,S3,0,,0,36.0,obs,345,26.34,13.67,3.65,S3,26.34,13.67,3.65,S3,26.34,13.67,3.45,S3,5.534,0,S3,site_s3,S3,S3,S3
1786255753.340,c2,search,,0.0,31.1,20.71,10.98,S3,0,,0,4474.0,obs,521,31.1,20.71,10.98,S3,31.1,20.71,10.98,S3,31.1,20.71,10.5,S3,5.534,0,S3,site_s3,S3,S3,S3
1786255753.340,c2,recommend,,0.0,26.76,14.03,4.0,S3,0,,0,200.0,obs,698,26.76,14.03,4.0,S3,26.76,14.03,4.0,S3,26.76,14.03,3.71,S3,5.534,0,S3,site_s3,S3,S3,S3
1786255754.340,c1,reserve,6000,0.053,26.29,13.62,3.6,S3,0,,0,36.0,obs,347,26.29,13.62,3.6,S3,26.29,13.62,3.6,S3,26.29,13.62,3.42,S3,5.572,0,S3,site_s3,S3,S3,S3
1786255754.340,c1,search,6000,6.562,24.54,14.15,4.42,S3,0,,0,4474.0,obs,523,24.54,14.15,4.42,S3,24.54,14.15,4.42,S3,24.54,14.15,3.94,S3,5.572,0,S3,site_s3,S3,S3,S3
1786255754.340,c1,recommend,6000,0.293,26.47,13.73,3.71,S3,0,,0,200.0,obs,693,26.47,13.73,3.71,S3,26.47,13.73,3.71,S3,26.47,13.73,3.44,S3,5.572,0,S3,site_s3,S3,S3,S3
1786255754.340,c2,reserve,,0.0,26.34,13.67,3.65,S3,0,,0,36.0,obs,347,26.34,13.67,3.65,S3,26.34,13.67,3.65,S3,26.34,13.67,3.48,S3,5.572,0,S3,site_s3,S3,S3,S3
1786255754.340,c2,search,,0.0,31.1,20.71,10.98,S3,0,,0,4474.0,obs,523,31.1,20.71,10.98,S3,31.1,20.71,10.98,S3,31.1,20.71,10.5,S3,5.572,0,S3,site_s3,S3,S3,S3
1786255754.340,c2,recommend,,0.0,26.76,14.03,4.0,S3,0,,0,200.0,obs,693,26.76,14.03,4.0,S3,26.76,14.03,4.0,S3,26.76,14.03,3.73,S3,5.572,0,S3,site_s3,S3,S3,S3
1786255755.340,c1,reserve,6000,0.053,26.29,13.62,3.6,S3,0,,0,36.0,obs,352,26.29,13.62,3.6,S3,26.29,13.62,3.6,S3,26.29,13.62,3.51,S3,5.863,0,S3,site_s3,S3,S3,S3
1786255755.340,c1,search,6000,6.562,24.54,14.15,4.42,S3,0,,0,4474.0,obs,521,24.54,14.15,4.42,S3,24.54,14.15,4.42,S3,24.54,14.15,4.09,S3,5.863,0,S3,site_s3,S3,S3,S3
1786255755.340,c1,recommend,6000,0.293,26.47,13.73,3.71,S3,0,,0,200.0,obs,693,26.47,13.73,3.71,S3,26.47,13.73,3.71,S3,26.47,13.73,3.51,S3,5.863,0,S3,site_s3,S3,S3,S3
1786255755.340,c2,reserve,,0.0,26.34,13.67,3.65,S3,0,,0,36.0,obs,352,26.34,13.67,3.65,S3,26.34,13.67,3.65,S3,26.34,13.67,3.57,S3,5.863,0,S3,site_s3,S3,S3,S3
1786255755.340,c2,search,,0.0,31.1,20.71,10.98,S3,0,,0,4474.0,obs,521,31.1,20.71,10.98,S3,31.1,20.71,10.98,S3,31.1,20.71,10.65,S3,5.863,0,S3,site_s3,S3,S3,S3
1786255755.340,c2,recommend,,0.0,26.76,14.03,4.0,S3,0,,0,200.0,obs,693,26.76,14.03,4.0,S3,26.76,14.03,4.0,S3,26.76,14.03,3.8,S3,5.863,0,S3,site_s3,S3,S3,S3
1786255756.340,c1,reserve,6000,0.053,26.29,13.62,3.6,S3,0,,0,36.0,obs,349,26.29,13.62,3.6,S3,26.29,13.62,3.6,S3,26.29,13.62,3.55,S3,5.657,0,S3,site_s3,S3,S3,S3
1786255756.340,c1,search,6000,6.562,24.54,14.15,4.42,S3,0,,0,4474.0,obs,520,24.54,14.15,4.42,S3,24.54,14.15,4.42,S3,24.54,14.15,4.04,S3,5.657,0,S3,site_s3,S3,S3,S3
1786255756.340,c1,recommend,6000,0.293,26.47,13.73,3.71,S3,0,,0,200.0,obs,697,26.47,13.73,3.71,S3,26.47,13.73,3.71,S3,26.47,13.73,3.48,S3,5.657,0,S3,site_s3,S3,S3,S3
1786255756.340,c2,reserve,,0.0,26.34,13.67,3.65,S3,0,,0,36.0,obs,349,26.34,13.67,3.65,S3,26.34,13.67,3.65,S3,26.34,13.67,3.6,S3,5.657,0,S3,site_s3,S3,S3,S3
1786255756.340,c2,search,,0.0,31.1,20.71,10.98,S3,0,,0,4474.0,obs,520,31.1,20.71,10.98,S3,31.1,20.71,10.98,S3,31.1,20.71,10.6,S3,5.657,0,S3,site_s3,S3,S3,S3
1786255756.340,c2,recommend,,0.0,26.76,14.03,4.0,S3,0,,0,200.0,obs,697,26.76,14.03,4.0,S3,26.76,14.03,4.0,S3,26.76,14.03,3.77,S3,5.657,0,S3,site_s3,S3,S3,S3
1786255757.339,c1,reserve,6000,0.053,26.29,13.62,3.6,S3,0,,0,36.0,obs,346,26.29,13.62,3.6,S3,26.29,13.62,3.6,S3,26.29,13.62,3.43,S3,5.776,0,S3,site_s3,S3,S3,S3
1786255757.339,c1,search,6000,6.562,24.54,14.15,4.42,S3,0,,0,4474.0,obs,521,24.54,14.15,4.42,S3,24.54,14.15,4.42,S3,24.54,14.15,4.05,S3,5.776,0,S3,site_s3,S3,S3,S3
1786255757.339,c1,recommend,6000,0.293,26.47,13.73,3.71,S3,0,,0,200.0,obs,700,26.47,13.73,3.71,S3,26.47,13.73,3.71,S3,26.47,13.73,3.33,S3,5.776,0,S3,site_s3,S3,S3,S3
1786255757.339,c2,reserve,,0.0,26.34,13.67,3.65,S3,0,,0,36.0,obs,346,26.34,13.67,3.65,S3,26.34,13.67,3.65,S3,26.34,13.67,3.48,S3,5.776,0,S3,site_s3,S3,S3,S3
1786255757.339,c2,search,,0.0,31.1,20.71,10.98,S3,0,,0,4474.0,obs,521,31.1,20.71,10.98,S3,31.1,20.71,10.98,S3,31.1,20.71,10.61,S3,5.776,0,S3,site_s3,S3,S3,S3
1786255757.339,c2,recommend,,0.0,26.76,14.03,4.0,S3,0,,0,200.0,obs,700,26.76,14.03,4.0,S3,26.76,14.03,4.0,S3,26.76,14.03,3.63,S3,5.776,0,S3,site_s3,S3,S3,S3
1786255758.339,c1,reserve,6000,0.053,26.29,13.62,3.6,S3,0,,0,36.0,obs,345,26.29,13.62,3.6,S3,26.29,13.62,3.6,S3,26.29,13.62,3.43,S3,5.461,0,S3,site_s3,S3,S3,S3
1786255758.339,c1,search,6000,6.562,24.54,14.15,4.42,S3,0,,0,4474.0,obs,524,24.54,14.15,4.42,S3,24.54,14.15,4.42,S3,24.54,14.15,4.13,S3,5.461,0,S3,site_s3,S3,S3,S3
1786255758.339,c1,recommend,6000,0.293,26.47,13.73,3.71,S3,0,,0,200.0,obs,698,26.47,13.73,3.71,S3,26.47,13.73,3.71,S3,26.47,13.73,3.32,S3,5.461,0,S3,site_s3,S3,S3,S3
1786255758.339,c2,reserve,,0.0,26.34,13.67,3.65,S3,0,,0,36.0,obs,345,26.34,13.67,3.65,S3,26.34,13.67,3.65,S3,26.34,13.67,3.48,S3,5.461,0,S3,site_s3,S3,S3,S3
1786255758.339,c2,search,,0.0,31.1,20.71,10.98,S3,0,,0,4474.0,obs,524,31.1,20.71,10.98,S3,31.1,20.71,10.98,S3,31.1,20.71,10.7,S3,5.461,0,S3,site_s3,S3,S3,S3
1786255758.339,c2,recommend,,0.0,26.76,14.03,4.0,S3,0,,0,200.0,obs,698,26.76,14.03,4.0,S3,26.76,14.03,4.0,S3,26.76,14.03,3.61,S3,5.461,0,S3,site_s3,S3,S3,S3
1786255759.339,c1,reserve,6000,0.053,26.29,13.62,3.6,S3,0,,0,36.0,obs,350,26.29,13.62,3.6,S3,26.29,13.62,3.6,S3,26.29,13.62,3.5,S3,5.371,0,S3,site_s3,S3,S3,S3
1786255759.339,c1,search,6000,6.562,24.54,14.15,4.42,S3,0,,0,4474.0,obs,524,24.54,14.15,4.42,S3,24.54,14.15,4.42,S3,24.54,14.15,4.08,S3,5.371,0,S3,site_s3,S3,S3,S3
1786255759.339,c1,recommend,6000,0.293,26.47,13.73,3.71,S3,0,,0,200.0,obs,694,26.47,13.73,3.71,S3,26.47,13.73,3.71,S3,26.47,13.73,3.46,S3,5.371,0,S3,site_s3,S3,S3,S3
1786255759.339,c2,reserve,,0.0,26.34,13.67,3.65,S3,0,,0,36.0,obs,350,26.34,13.67,3.65,S3,26.34,13.67,3.65,S3,26.34,13.67,3.55,S3,5.371,0,S3,site_s3,S3,S3,S3
1786255759.339,c2,search,,0.0,31.1,20.71,10.98,S3,0,,0,4474.0,obs,524,31.1,20.71,10.98,S3,31.1,20.71,10.98,S3,31.1,20.71,10.64,S3,5.371,0,S3,site_s3,S3,S3,S3
1786255759.339,c2,recommend,,0.0,26.76,14.03,4.0,S3,0,,0,200.0,obs,694,26.76,14.03,4.0,S3,26.76,14.03,4.0,S3,26.76,14.03,3.75,S3,5.371,0,S3,site_s3,S3,S3,S3
1786255760.340,c1,reserve,6000,0.053,26.29,13.62,3.6,S3,0,,0,36.0,obs,352,26.29,13.62,3.6,S3,26.29,13.62,3.6,S3,26.29,13.62,3.51,S3,5.604,0,S3,site_s3,S3,S3,S3
1786255760.340,c1,search,6000,6.562,24.54,14.15,4.42,S3,0,,0,4474.0,obs,521,24.54,14.15,4.42,S3,24.54,14.15,4.42,S3,24.54,14.15,4.04,S3,5.604,0,S3,site_s3,S3,S3,S3
1786255760.340,c1,recommend,6000,0.293,26.47,13.73,3.71,S3,0,,0,200.0,obs,696,26.47,13.73,3.71,S3,26.47,13.73,3.71,S3,26.47,13.73,3.46,S3,5.604,0,S3,site_s3,S3,S3,S3
1786255760.340,c2,reserve,,0.0,26.34,13.67,3.65,S3,0,,0,36.0,obs,352,26.34,13.67,3.65,S3,26.34,13.67,3.65,S3,26.34,13.67,3.56,S3,5.604,0,S3,site_s3,S3,S3,S3
1786255760.340,c2,search,,0.0,31.1,20.71,10.98,S3,0,,0,4474.0,obs,521,31.1,20.71,10.98,S3,31.1,20.71,10.98,S3,31.1,20.71,10.6,S3,5.604,0,S3,site_s3,S3,S3,S3
1786255760.340,c2,recommend,,0.0,26.76,14.03,4.0,S3,0,,0,200.0,obs,696,26.76,14.03,4.0,S3,26.76,14.03,4.0,S3,26.76,14.03,3.75,S3,5.604,0,S3,site_s3,S3,S3,S3
1786255761.339,c1,reserve,6000,0.053,26.29,13.62,3.6,S3,0,,0,36.0,obs,348,26.29,13.62,3.6,S3,26.29,13.62,3.6,S3,26.29,13.62,3.48,S3,5.472,0,S3,site_s3,S3,S3,S3
1786255761.339,c1,search,6000,6.562,24.54,14.15,4.42,S3,0,,0,4474.0,obs,521,24.54,14.15,4.42,S3,24.54,14.15,4.42,S3,24.54,14.15,4.12,S3,5.472,0,S3,site_s3,S3,S3,S3
1786255761.339,c1,recommend,6000,0.293,26.47,13.73,3.71,S3,0,,0,200.0,obs,701,26.47,13.73,3.71,S3,26.47,13.73,3.71,S3,26.47,13.73,3.39,S3,5.472,0,S3,site_s3,S3,S3,S3
1786255761.339,c2,reserve,,0.0,26.34,13.67,3.65,S3,0,,0,36.0,obs,348,26.34,13.67,3.65,S3,26.34,13.67,3.65,S3,26.34,13.67,3.53,S3,5.472,0,S3,site_s3,S3,S3,S3
1786255761.339,c2,search,,0.0,31.1,20.71,10.98,S3,0,,0,4474.0,obs,521,31.1,20.71,10.98,S3,31.1,20.71,10.98,S3,31.1,20.71,10.68,S3,5.472,0,S3,site_s3,S3,S3,S3
1786255761.339,c2,recommend,,0.0,26.76,14.03,4.0,S3,0,,0,200.0,obs,701,26.76,14.03,4.0,S3,26.76,14.03,4.0,S3,26.76,14.03,3.68,S3,5.472,0,S3,site_s3,S3,S3,S3
1786255762.339,c1,reserve,6000,0.053,26.29,13.62,3.6,S3,0,,0,36.0,obs,346,26.29,13.62,3.6,S3,26.29,13.62,3.6,S3,26.29,13.62,3.42,S3,5.51,0,S3,site_s3,S3,S3,S3
1786255762.339,c1,search,6000,6.562,24.54,14.15,4.42,S3,0,,0,4474.0,obs,523,24.54,14.15,4.42,S3,24.54,14.15,4.42,S3,24.54,14.15,4.03,S3,5.51,0,S3,site_s3,S3,S3,S3
1786255762.339,c1,recommend,6000,0.293,26.47,13.73,3.71,S3,0,,0,200.0,obs,700,26.47,13.73,3.71,S3,26.47,13.73,3.71,S3,26.47,13.73,3.36,S3,5.51,0,S3,site_s3,S3,S3,S3
1786255762.339,c2,reserve,,0.0,26.34,13.67,3.65,S3,0,,0,36.0,obs,346,26.34,13.67,3.65,S3,26.34,13.67,3.65,S3,26.34,13.67,3.48,S3,5.51,0,S3,site_s3,S3,S3,S3
1786255762.339,c2,search,,0.0,31.1,20.71,10.98,S3,0,,0,4474.0,obs,523,31.1,20.71,10.98,S3,31.1,20.71,10.98,S3,31.1,20.71,10.59,S3,5.51,0,S3,site_s3,S3,S3,S3
1786255762.339,c2,recommend,,0.0,26.76,14.03,4.0,S3,0,,0,200.0,obs,700,26.76,14.03,4.0,S3,26.76,14.03,4.0,S3,26.76,14.03,3.66,S3,5.51,0,S3,site_s3,S3,S3,S3
1786255763.339,c1,reserve,6000,0.053,26.29,13.62,3.6,S3,0,,0,36.0,obs,349,26.29,13.62,3.6,S3,26.29,13.62,3.6,S3,26.29,13.62,3.45,S3,5.6,0,S3,site_s3,S3,S3,S3
1786255763.339,c1,search,6000,6.562,24.54,14.15,4.42,S3,0,,0,4474.0,obs,526,24.54,14.15,4.42,S3,24.54,14.15,4.42,S3,24.54,14.15,4.01,S3,5.6,0,S3,site_s3,S3,S3,S3
1786255763.339,c1,recommend,6000,0.293,26.47,13.73,3.71,S3,0,,0,200.0,obs,697,26.47,13.73,3.71,S3,26.47,13.73,3.71,S3,26.47,13.73,3.37,S3,5.6,0,S3,site_s3,S3,S3,S3
1786255763.339,c2,reserve,,0.0,26.34,13.67,3.65,S3,0,,0,36.0,obs,349,26.34,13.67,3.65,S3,26.34,13.67,3.65,S3,26.34,13.67,3.5,S3,5.6,0,S3,site_s3,S3,S3,S3
1786255763.339,c2,search,,0.0,31.1,20.71,10.98,S3,0,,0,4474.0,obs,526,31.1,20.71,10.98,S3,31.1,20.71,10.98,S3,31.1,20.71,10.57,S3,5.6,0,S3,site_s3,S3,S3,S3
1786255763.339,c2,recommend,,0.0,26.76,14.03,4.0,S3,0,,0,200.0,obs,697,26.76,14.03,4.0,S3,26.76,14.03,4.0,S3,26.76,14.03,3.67,S3,5.6,0,S3,site_s3,S3,S3,S3
1786255764.340,c1,reserve,6000,0.053,26.29,13.62,3.6,S3,0,,0,36.0,obs,353,26.29,13.62,3.6,S3,26.29,13.62,3.6,S3,26.29,13.62,3.5,S3,5.502,0,S3,site_s3,S3,S3,S3
1786255764.340,c1,search,6000,6.562,24.54,14.15,4.42,S3,0,,0,4474.0,obs,523,24.54,14.15,4.42,S3,24.54,14.15,4.42,S3,24.54,14.15,4.03,S3,5.502,0,S3,site_s3,S3,S3,S3
1786255764.340,c1,recommend,6000,0.293,26.47,13.73,3.71,S3,0,,0,200.0,obs,696,26.47,13.73,3.71,S3,26.47,13.73,3.71,S3,26.47,13.73,3.44,S3,5.502,0,S3,site_s3,S3,S3,S3
1786255764.340,c2,reserve,,0.0,26.34,13.67,3.65,S3,0,,0,36.0,obs,353,26.34,13.67,3.65,S3,26.34,13.67,3.65,S3,26.34,13.67,3.56,S3,5.502,0,S3,site_s3,S3,S3,S3
1786255764.340,c2,search,,0.0,31.1,20.71,10.98,S3,0,,0,4474.0,obs,523,31.1,20.71,10.98,S3,31.1,20.71,10.98,S3,31.1,20.71,10.59,S3,5.502,0,S3,site_s3,S3,S3,S3
1786255764.340,c2,recommend,,0.0,26.76,14.03,4.0,S3,0,,0,200.0,obs,696,26.76,14.03,4.0,S3,26.76,14.03,4.0,S3,26.76,14.03,3.73,S3,5.502,0,S3,site_s3,S3,S3,S3
1786255765.340,c1,reserve,6000,0.053,26.29,13.62,3.6,S3,0,,0,36.0,obs,351,26.29,13.62,3.6,S3,26.29,13.62,3.6,S3,26.29,13.62,3.44,S3,5.692,0,S3,site_s3,S3,S3,S3
1786255765.340,c1,search,6000,6.562,24.54,14.15,4.42,S3,0,,0,4474.0,obs,521,24.54,14.15,4.42,S3,24.54,14.15,4.42,S3,24.54,14.15,4.2,S3,5.692,0,S3,site_s3,S3,S3,S3
1786255765.340,c1,recommend,6000,0.293,26.47,13.73,3.71,S3,0,,0,200.0,obs,699,26.47,13.73,3.71,S3,26.47,13.73,3.71,S3,26.47,13.73,3.48,S3,5.692,0,S3,site_s3,S3,S3,S3
1786255765.340,c2,reserve,,0.0,26.34,13.67,3.65,S3,0,,0,36.0,obs,351,26.34,13.67,3.65,S3,26.34,13.67,3.65,S3,26.34,13.67,3.49,S3,5.692,0,S3,site_s3,S3,S3,S3
1786255765.340,c2,search,,0.0,31.1,20.71,10.98,S3,0,,0,4474.0,obs,521,31.1,20.71,10.98,S3,31.1,20.71,10.98,S3,31.1,20.71,10.76,S3,5.692,0,S3,site_s3,S3,S3,S3
1786255765.340,c2,recommend,,0.0,26.76,14.03,4.0,S3,0,,0,200.0,obs,699,26.76,14.03,4.0,S3,26.76,14.03,4.0,S3,26.76,14.03,3.77,S3,5.692,0,S3,site_s3,S3,S3,S3
1786255766.340,c1,reserve,6000,0.053,26.29,13.62,3.6,S3,0,,0,36.0,obs,348,26.29,13.62,3.6,S3,26.29,13.62,3.6,S3,26.29,13.62,3.39,S3,5.631,0,S3,site_s3,S3,S3,S3
1786255766.340,c1,search,6000,6.562,24.54,14.15,4.42,S3,0,,0,4474.0,obs,523,24.54,14.15,4.42,S3,24.54,14.15,4.42,S3,24.54,14.15,3.99,S3,5.631,0,S3,site_s3,S3,S3,S3
1786255766.340,c1,recommend,6000,0.293,26.47,13.73,3.71,S3,0,,0,200.0,obs,703,26.47,13.73,3.71,S3,26.47,13.73,3.71,S3,26.47,13.73,3.46,S3,5.631,0,S3,site_s3,S3,S3,S3
1786255766.340,c2,reserve,,0.0,26.34,13.67,3.65,S3,0,,0,36.0,obs,348,26.34,13.67,3.65,S3,26.34,13.67,3.65,S3,26.34,13.67,3.45,S3,5.631,0,S3,site_s3,S3,S3,S3
1786255766.340,c2,search,,0.0,31.1,20.71,10.98,S3,0,,0,4474.0,obs,523,31.1,20.71,10.98,S3,31.1,20.71,10.98,S3,31.1,20.71,10.55,S3,5.631,0,S3,site_s3,S3,S3,S3
1786255766.340,c2,recommend,,0.0,26.76,14.03,4.0,S3,0,,0,200.0,obs,703,26.76,14.03,4.0,S3,26.76,14.03,4.0,S3,26.76,14.03,3.76,S3,5.631,0,S3,site_s3,S3,S3,S3
1786255767.339,c1,reserve,6000,0.053,26.29,13.62,3.6,S3,0,,0,36.0,obs,347,26.29,13.62,3.6,S3,26.29,13.62,3.6,S3,26.29,13.62,3.35,S3,5.248,0,S3,site_s3,S3,S3,S3
1786255767.339,c1,search,6000,6.562,24.54,14.15,4.42,S3,0,,0,4474.0,obs,527,24.54,14.15,4.42,S3,24.54,14.15,4.42,S3,24.54,14.15,3.9,S3,5.248,0,S3,site_s3,S3,S3,S3
1786255767.339,c1,recommend,6000,0.293,26.47,13.73,3.71,S3,0,,0,200.0,obs,701,26.47,13.73,3.71,S3,26.47,13.73,3.71,S3,26.47,13.73,3.31,S3,5.248,0,S3,site_s3,S3,S3,S3
1786255767.339,c2,reserve,,0.0,26.34,13.67,3.65,S3,0,,0,36.0,obs,347,26.34,13.67,3.65,S3,26.34,13.67,3.65,S3,26.34,13.67,3.4,S3,5.248,0,S3,site_s3,S3,S3,S3
1786255767.339,c2,search,,0.0,31.1,20.71,10.98,S3,0,,0,4474.0,obs,527,31.1,20.71,10.98,S3,31.1,20.71,10.98,S3,31.1,20.71,10.46,S3,5.248,0,S3,site_s3,S3,S3,S3
1786255767.339,c2,recommend,,0.0,26.76,14.03,4.0,S3,0,,0,200.0,obs,701,26.76,14.03,4.0,S3,26.76,14.03,4.0,S3,26.76,14.03,3.6,S3,5.248,0,S3,site_s3,S3,S3,S3
1786255768.340,c1,reserve,6000,0.053,26.29,13.62,3.6,S3,0,,0,36.0,obs,352,26.29,13.62,3.6,S3,26.29,13.62,3.6,S3,26.29,13.62,3.4,S3,5.634,0,S3,site_s3,S3,S3,S3
1786255768.340,c1,search,6000,6.562,24.54,14.15,4.42,S3,0,,0,4474.0,obs,526,24.54,14.15,4.42,S3,24.54,14.15,4.42,S3,24.54,14.15,4.03,S3,5.634,0,S3,site_s3,S3,S3,S3
1786255768.340,c1,recommend,6000,0.293,26.47,13.73,3.71,S3,0,,0,200.0,obs,696,26.47,13.73,3.71,S3,26.47,13.73,3.71,S3,26.47,13.73,3.29,S3,5.634,0,S3,site_s3,S3,S3,S3
1786255768.340,c2,reserve,,0.0,26.34,13.67,3.65,S3,0,,0,36.0,obs,352,26.34,13.67,3.65,S3,26.34,13.67,3.65,S3,26.34,13.67,3.45,S3,5.634,0,S3,site_s3,S3,S3,S3
1786255768.340,c2,search,,0.0,31.1,20.71,10.98,S3,0,,0,4474.0,obs,526,31.1,20.71,10.98,S3,31.1,20.71,10.98,S3,31.1,20.71,10.59,S3,5.634,0,S3,site_s3,S3,S3,S3
1786255768.340,c2,recommend,,0.0,26.76,14.03,4.0,S3,0,,0,200.0,obs,696,26.76,14.03,4.0,S3,26.76,14.03,4.0,S3,26.76,14.03,3.58,S3,5.634,0,S3,site_s3,S3,S3,S3
1786255769.340,c1,reserve,6000,0.053,26.29,13.62,3.6,S3,0,,0,36.0,obs,353,26.29,13.62,3.6,S3,26.29,13.62,3.6,S3,26.29,13.62,3.44,S3,5.582,0,S3,site_s3,S3,S3,S3
1786255769.340,c1,search,6000,6.562,24.54,14.15,4.42,S3,0,,0,4474.0,obs,524,24.54,14.15,4.42,S3,24.54,14.15,4.42,S3,24.54,14.15,4.08,S3,5.582,0,S3,site_s3,S3,S3,S3
1786255769.340,c1,recommend,6000,0.293,26.47,13.73,3.71,S3,0,,0,200.0,obs,698,26.47,13.73,3.71,S3,26.47,13.73,3.71,S3,26.47,13.73,3.47,S3,5.582,0,S3,site_s3,S3,S3,S3
1786255769.340,c2,reserve,,0.0,26.34,13.67,3.65,S3,0,,0,36.0,obs,353,26.34,13.67,3.65,S3,26.34,13.67,3.65,S3,26.34,13.67,3.49,S3,5.582,0,S3,site_s3,S3,S3,S3
1786255769.340,c2,search,,0.0,31.1,20.71,10.98,S3,0,,0,4474.0,obs,524,31.1,20.71,10.98,S3,31.1,20.71,10.98,S3,31.1,20.71,10.64,S3,5.582,0,S3,site_s3,S3,S3,S3
1786255769.340,c2,recommend,,0.0,26.76,14.03,4.0,S3,0,,0,200.0,obs,698,26.76,14.03,4.0,S3,26.76,14.03,4.0,S3,26.76,14.03,3.76,S3,5.582,0,S3,site_s3,S3,S3,S3
1786255770.340,c1,reserve,6000,0.053,26.29,13.62,3.6,S3,0,,0,36.0,obs,350,26.29,13.62,3.6,S3,26.29,13.62,3.6,S3,26.29,13.62,3.4,S3,5.481,0,S3,site_s3,S3,S3,S3
1786255770.340,c1,search,6000,6.562,24.54,14.15,4.42,S3,0,,0,4474.0,obs,523,24.54,14.15,4.42,S3,24.54,14.15,4.42,S3,24.54,14.15,4.08,S3,5.481,0,S3,site_s3,S3,S3,S3
1786255770.340,c1,recommend,6000,0.293,26.47,13.73,3.71,S3,0,,0,200.0,obs,703,26.47,13.73,3.71,S3,26.47,13.73,3.71,S3,26.47,13.73,3.5,S3,5.481,0,S3,site_s3,S3,S3,S3
1786255770.340,c2,reserve,,0.0,26.34,13.67,3.65,S3,0,,0,36.0,obs,350,26.34,13.67,3.65,S3,26.34,13.67,3.65,S3,26.34,13.67,3.45,S3,5.481,0,S3,site_s3,S3,S3,S3
1786255770.340,c2,search,,0.0,31.1,20.71,10.98,S3,0,,0,4474.0,obs,523,31.1,20.71,10.98,S3,31.1,20.71,10.98,S3,31.1,20.71,10.64,S3,5.481,0,S3,site_s3,S3,S3,S3
1786255770.340,c2,recommend,,0.0,26.76,14.03,4.0,S3,0,,0,200.0,obs,703,26.76,14.03,4.0,S3,26.76,14.03,4.0,S3,26.76,14.03,3.79,S3,5.481,0,S3,site_s3,S3,S3,S3
1786255771.340,c1,reserve,6000,0.053,26.29,13.62,3.6,S3,0,,0,36.0,obs,347,26.29,13.62,3.6,S3,26.29,13.62,3.6,S3,26.29,13.62,3.4,S3,5.799,0,S3,site_s3,S3,S3,S3
1786255771.340,c1,search,6000,6.562,24.54,14.15,4.42,S3,0,,0,4474.0,obs,525,24.54,14.15,4.42,S3,24.54,14.15,4.42,S3,24.54,14.15,4.19,S3,5.799,0,S3,site_s3,S3,S3,S3
1786255771.340,c1,recommend,6000,0.293,26.47,13.73,3.71,S3,0,,0,200.0,obs,705,26.47,13.73,3.71,S3,26.47,13.73,3.71,S3,26.47,13.73,3.53,S3,5.799,0,S3,site_s3,S3,S3,S3
1786255771.340,c2,reserve,,0.0,26.34,13.67,3.65,S3,0,,0,36.0,obs,347,26.34,13.67,3.65,S3,26.34,13.67,3.65,S3,26.34,13.67,3.45,S3,5.799,0,S3,site_s3,S3,S3,S3
1786255771.340,c2,search,,0.0,31.1,20.71,10.98,S3,0,,0,4474.0,obs,525,31.1,20.71,10.98,S3,31.1,20.71,10.98,S3,31.1,20.71,10.75,S3,5.799,0,S3,site_s3,S3,S3,S3
1786255771.340,c2,recommend,,0.0,26.76,14.03,4.0,S3,0,,0,200.0,obs,705,26.76,14.03,4.0,S3,26.76,14.03,4.0,S3,26.76,14.03,3.82,S3,5.799,0,S3,site_s3,S3,S3,S3
1786255772.339,c1,reserve,6000,0.053,26.29,13.62,3.6,S3,0,,0,36.0,obs,349,26.29,13.62,3.6,S3,26.29,13.62,3.6,S3,26.29,13.62,3.39,S3,5.421,0,S3,site_s3,S3,S3,S3
1786255772.339,c1,search,6000,6.562,24.54,14.15,4.42,S3,0,,0,4474.0,obs,528,24.54,14.15,4.42,S3,24.54,14.15,4.42,S3,24.54,14.15,4.14,S3,5.421,0,S3,site_s3,S3,S3,S3
1786255772.339,c1,recommend,6000,0.293,26.47,13.73,3.71,S3,0,,0,200.0,obs,700,26.47,13.73,3.71,S3,26.47,13.73,3.71,S3,26.47,13.73,3.47,S3,5.421,0,S3,site_s3,S3,S3,S3
1786255772.339,c2,reserve,,0.0,26.34,13.67,3.65,S3,0,,0,36.0,obs,349,26.34,13.67,3.65,S3,26.34,13.67,3.65,S3,26.34,13.67,3.44,S3,5.421,0,S3,site_s3,S3,S3,S3
1786255772.339,c2,search,,0.0,31.1,20.71,10.98,S3,0,,0,4474.0,obs,528,31.1,20.71,10.98,S3,31.1,20.71,10.98,S3,31.1,20.71,10.7,S3,5.421,0,S3,site_s3,S3,S3,S3
1786255772.339,c2,recommend,,0.0,26.76,14.03,4.0,S3,0,,0,200.0,obs,700,26.76,14.03,4.0,S3,26.76,14.03,4.0,S3,26.76,14.03,3.77,S3,5.421,0,S3,site_s3,S3,S3,S3
1786255773.339,c1,reserve,6000,0.053,26.29,13.62,3.6,S3,0,,0,36.0,obs,336,26.29,13.62,3.6,S3,26.29,13.62,3.6,S3,26.29,13.62,3.43,S3,5.218,0,S3,site_s3,S3,S3,S3
1786255773.339,c1,search,6000,6.562,24.54,14.15,4.42,S3,0,,0,4474.0,obs,496,24.54,14.15,4.42,S3,24.54,14.15,4.42,S3,24.54,14.15,4.04,S3,5.218,0,S3,site_s3,S3,S3,S3
1786255773.339,c1,recommend,6000,0.293,26.47,13.73,3.71,S3,0,,0,200.0,obs,666,26.47,13.73,3.71,S3,26.47,13.73,3.71,S3,26.47,13.73,3.43,S3,5.218,0,S3,site_s3,S3,S3,S3
1786255773.339,c2,reserve,,0.0,26.34,13.67,3.65,S3,0,,0,36.0,obs,336,26.34,13.67,3.65,S3,26.34,13.67,3.65,S3,26.34,13.67,3.48,S3,5.218,0,S3,site_s3,S3,S3,S3
1786255773.339,c2,search,,0.0,31.1,20.71,10.98,S3,0,,0,4474.0,obs,496,31.1,20.71,10.98,S3,31.1,20.71,10.98,S3,31.1,20.71,10.61,S3,5.218,0,S3,site_s3,S3,S3,S3
1786255773.339,c2,recommend,,0.0,26.76,14.03,4.0,S3,0,,0,200.0,obs,666,26.76,14.03,4.0,S3,26.76,14.03,4.0,S3,26.76,14.03,3.73,S3,5.218,0,S3,site_s3,S3,S3,S3
1786255774.338,c1,reserve,6000,0.053,26.29,13.62,3.6,S3,0,,0,36.0,obs,332,26.29,13.62,3.6,S3,26.29,13.62,3.6,S3,26.29,13.62,3.41,S3,5.062,0,S3,site_s3,S3,S3,S3
1786255774.338,c1,search,6000,6.562,24.54,14.15,4.42,S3,0,,0,4474.0,obs,500,24.54,14.15,4.42,S3,24.54,14.15,4.42,S3,24.54,14.15,3.93,S3,5.062,0,S3,site_s3,S3,S3,S3
1786255774.338,c1,recommend,6000,0.293,26.47,13.73,3.71,S3,0,,0,200.0,obs,668,26.47,13.73,3.71,S3,26.47,13.73,3.71,S3,26.47,13.73,3.48,S3,5.062,0,S3,site_s3,S3,S3,S3
1786255774.338,c2,reserve,,0.0,26.34,13.67,3.65,S3,0,,0,36.0,obs,332,26.34,13.67,3.65,S3,26.34,13.67,3.65,S3,26.34,13.67,3.47,S3,5.062,0,S3,site_s3,S3,S3,S3
1786255774.338,c2,search,,0.0,31.1,20.71,10.98,S3,0,,0,4474.0,obs,500,31.1,20.71,10.98,S3,31.1,20.71,10.98,S3,31.1,20.71,10.49,S3,5.062,0,S3,site_s3,S3,S3,S3
1786255774.338,c2,recommend,,0.0,26.76,14.03,4.0,S3,0,,0,200.0,obs,668,26.76,14.03,4.0,S3,26.76,14.03,4.0,S3,26.76,14.03,3.77,S3,5.062,0,S3,site_s3,S3,S3,S3
1786255775.339,c1,reserve,6000,0.053,26.29,13.62,3.6,S3,0,,0,36.0,obs,332,26.29,13.62,3.6,S3,26.29,13.62,3.6,S3,26.29,13.62,3.37,S3,5.07,0,S3,site_s3,S3,S3,S3
1786255775.339,c1,search,6000,6.562,24.54,14.15,4.42,S3,0,,0,4474.0,obs,499,24.54,14.15,4.42,S3,24.54,14.15,4.42,S3,24.54,14.15,4.02,S3,5.07,0,S3,site_s3,S3,S3,S3
1786255775.339,c1,recommend,6000,0.293,26.47,13.73,3.71,S3,0,,0,200.0,obs,669,26.47,13.73,3.71,S3,26.47,13.73,3.71,S3,26.47,13.73,3.5,S3,5.07,0,S3,site_s3,S3,S3,S3
1786255775.339,c2,reserve,,0.0,26.34,13.67,3.65,S3,0,,0,36.0,obs,332,26.34,13.67,3.65,S3,26.34,13.67,3.65,S3,26.34,13.67,3.43,S3,5.07,0,S3,site_s3,S3,S3,S3
1786255775.339,c2,search,,0.0,31.1,20.71,10.98,S3,0,,0,4474.0,obs,499,31.1,20.71,10.98,S3,31.1,20.71,10.98,S3,31.1,20.71,10.59,S3,5.07,0,S3,site_s3,S3,S3,S3
1786255775.339,c2,recommend,,0.0,26.76,14.03,4.0,S3,0,,0,200.0,obs,669,26.76,14.03,4.0,S3,26.76,14.03,4.0,S3,26.76,14.03,3.8,S3,5.07,0,S3,site_s3,S3,S3,S3
1786255776.339,c1,reserve,6000,0.053,26.29,13.62,3.6,S3,0,,0,36.0,obs,332,26.29,13.62,3.6,S3,26.29,13.62,3.6,S3,26.29,13.62,3.54,S3,5.03,0,S3,site_s3,S3,S3,S3
1786255776.339,c1,search,6000,6.562,24.54,14.15,4.42,S3,0,,0,4474.0,obs,502,24.54,14.15,4.42,S3,24.54,14.15,4.42,S3,24.54,14.15,4.02,S3,5.03,0,S3,site_s3,S3,S3,S3
1786255776.339,c1,recommend,6000,0.293,26.47,13.73,3.71,S3,0,,0,200.0,obs,667,26.47,13.73,3.71,S3,26.47,13.73,3.71,S3,26.47,13.73,3.45,S3,5.03,0,S3,site_s3,S3,S3,S3
1786255776.339,c2,reserve,,0.0,26.34,13.67,3.65,S3,0,,0,36.0,obs,332,26.34,13.67,3.65,S3,26.34,13.67,3.65,S3,26.34,13.67,3.59,S3,5.03,0,S3,site_s3,S3,S3,S3
1786255776.339,c2,search,,0.0,31.1,20.71,10.98,S3,0,,0,4474.0,obs,502,31.1,20.71,10.98,S3,31.1,20.71,10.98,S3,31.1,20.71,10.59,S3,5.03,0,S3,site_s3,S3,S3,S3
1786255776.339,c2,recommend,,0.0,26.76,14.03,4.0,S3,0,,0,200.0,obs,667,26.76,14.03,4.0,S3,26.76,14.03,4.0,S3,26.76,14.03,3.75,S3,5.03,0,S3,site_s3,S3,S3,S3
1786255777.339,c1,reserve,6000,0.053,26.29,13.62,3.6,S3,0,,0,36.0,obs,338,26.29,13.62,3.6,S3,26.29,13.62,3.6,S3,26.29,13.62,3.47,S3,5.153,0,S3,site_s3,S3,S3,S3
1786255777.339,c1,search,6000,6.562,24.54,14.15,4.42,S3,0,,0,4474.0,obs,500,24.54,14.15,4.42,S3,24.54,14.15,4.42,S3,24.54,14.15,3.95,S3,5.153,0,S3,site_s3,S3,S3,S3
1786255777.339,c1,recommend,6000,0.293,26.47,13.73,3.71,S3,0,,0,200.0,obs,665,26.47,13.73,3.71,S3,26.47,13.73,3.71,S3,26.47,13.73,3.41,S3,5.153,0,S3,site_s3,S3,S3,S3
1786255777.339,c2,reserve,,0.0,26.34,13.67,3.65,S3,0,,0,36.0,obs,338,26.34,13.67,3.65,S3,26.34,13.67,3.65,S3,26.34,13.67,3.53,S3,5.153,0,S3,site_s3,S3,S3,S3
1786255777.339,c2,search,,0.0,31.1,20.71,10.98,S3,0,,0,4474.0,obs,500,31.1,20.71,10.98,S3,31.1,20.71,10.98,S3,31.1,20.71,10.52,S3,5.153,0,S3,site_s3,S3,S3,S3
1786255777.339,c2,recommend,,0.0,26.76,14.03,4.0,S3,0,,0,200.0,obs,665,26.76,14.03,4.0,S3,26.76,14.03,4.0,S3,26.76,14.03,3.71,S3,5.153,0,S3,site_s3,S3,S3,S3
1786255778.339,c1,reserve,6000,0.053,26.29,13.62,3.6,S3,0,,0,36.0,obs,334,26.29,13.62,3.6,S3,26.29,13.62,3.6,S3,26.29,13.62,3.47,S3,5.025,0,S3,site_s3,S3,S3,S3
1786255778.339,c1,search,6000,6.562,24.54,14.15,4.42,S3,0,,0,4474.0,obs,500,24.54,14.15,4.42,S3,24.54,14.15,4.42,S3,24.54,14.15,4.07,S3,5.025,0,S3,site_s3,S3,S3,S3
1786255778.339,c1,recommend,6000,0.293,26.47,13.73,3.71,S3,0,,0,200.0,obs,671,26.47,13.73,3.71,S3,26.47,13.73,3.71,S3,26.47,13.73,3.44,S3,5.025,0,S3,site_s3,S3,S3,S3
1786255778.339,c2,reserve,,0.0,26.34,13.67,3.65,S3,0,,0,36.0,obs,334,26.34,13.67,3.65,S3,26.34,13.67,3.65,S3,26.34,13.67,3.53,S3,5.025,0,S3,site_s3,S3,S3,S3
1786255778.339,c2,search,,0.0,31.1,20.71,10.98,S3,0,,0,4474.0,obs,500,31.1,20.71,10.98,S3,31.1,20.71,10.98,S3,31.1,20.71,10.63,S3,5.025,0,S3,site_s3,S3,S3,S3
1786255778.339,c2,recommend,,0.0,26.76,14.03,4.0,S3,0,,0,200.0,obs,671,26.76,14.03,4.0,S3,26.76,14.03,4.0,S3,26.76,14.03,3.73,S3,5.025,0,S3,site_s3,S3,S3,S3
1786255779.339,c1,reserve,6000,0.053,26.29,13.62,3.6,S3,0,,0,36.0,obs,333,26.29,13.62,3.6,S3,26.29,13.62,3.6,S3,26.29,13.62,3.54,S3,5.019,0,S3,site_s3,S3,S3,S3
1786255779.339,c1,search,6000,6.562,24.54,14.15,4.42,S3,0,,0,4474.0,obs,501,24.54,14.15,4.42,S3,24.54,14.15,4.42,S3,24.54,14.15,4.16,S3,5.019,0,S3,site_s3,S3,S3,S3
1786255779.339,c1,recommend,6000,0.293,26.47,13.73,3.71,S3,0,,0,200.0,obs,670,26.47,13.73,3.71,S3,26.47,13.73,3.71,S3,26.47,13.73,3.55,S3,5.019,0,S3,site_s3,S3,S3,S3
1786255779.339,c2,reserve,,0.0,26.34,13.67,3.65,S3,0,,0,36.0,obs,333,26.34,13.67,3.65,S3,26.34,13.67,3.65,S3,26.34,13.67,3.59,S3,5.019,0,S3,site_s3,S3,S3,S3
1786255779.339,c2,search,,0.0,31.1,20.71,10.98,S3,0,,0,4474.0,obs,501,31.1,20.71,10.98,S3,31.1,20.71,10.98,S3,31.1,20.71,10.73,S3,5.019,0,S3,site_s3,S3,S3,S3
1786255779.339,c2,recommend,,0.0,26.76,14.03,4.0,S3,0,,0,200.0,obs,670,26.76,14.03,4.0,S3,26.76,14.03,4.0,S3,26.76,14.03,3.85,S3,5.019,0,S3,site_s3,S3,S3,S3
1786255780.339,c1,reserve,6000,0.053,26.29,13.62,3.6,S3,0,,0,36.0,obs,333,26.29,13.62,3.6,S3,26.29,13.62,3.6,S3,26.29,13.62,3.47,S3,5.025,0,S3,site_s3,S3,S3,S3
1786255780.339,c1,search,6000,6.562,24.54,14.15,4.42,S3,0,,0,4474.0,obs,501,24.54,14.15,4.42,S3,24.54,14.15,4.42,S3,24.54,14.15,4.13,S3,5.025,0,S3,site_s3,S3,S3,S3
1786255780.339,c1,recommend,6000,0.293,26.47,13.73,3.71,S3,0,,0,200.0,obs,671,26.47,13.73,3.71,S3,26.47,13.73,3.71,S3,26.47,13.73,3.51,S3,5.025,0,S3,site_s3,S3,S3,S3
1786255780.339,c2,reserve,,0.0,26.34,13.67,3.65,S3,0,,0,36.0,obs,333,26.34,13.67,3.65,S3,26.34,13.67,3.65,S3,26.34,13.67,3.52,S3,5.025,0,S3,site_s3,S3,S3,S3
1786255780.339,c2,search,,0.0,31.1,20.71,10.98,S3,0,,0,4474.0,obs,501,31.1,20.71,10.98,S3,31.1,20.71,10.98,S3,31.1,20.71,10.69,S3,5.025,0,S3,site_s3,S3,S3,S3
1786255780.339,c2,recommend,,0.0,26.76,14.03,4.0,S3,0,,0,200.0,obs,671,26.76,14.03,4.0,S3,26.76,14.03,4.0,S3,26.76,14.03,3.8,S3,5.025,0,S3,site_s3,S3,S3,S3
1786255781.339,c1,reserve,6000,0.053,26.29,13.62,3.6,S3,0,,0,36.0,obs,335,26.29,13.62,3.6,S3,26.29,13.62,3.6,S3,26.29,13.62,3.35,S3,5.313,0,S3,site_s3,S3,S3,S3
1786255781.339,c1,search,6000,6.562,24.54,14.15,4.42,S3,0,,0,4474.0,obs,504,24.54,14.15,4.42,S3,24.54,14.15,4.42,S3,24.54,14.15,4.07,S3,5.313,0,S3,site_s3,S3,S3,S3
1786255781.339,c1,recommend,6000,0.293,26.47,13.73,3.71,S3,0,,0,200.0,obs,668,26.47,13.73,3.71,S3,26.47,13.73,3.71,S3,26.47,13.73,3.54,S3,5.313,0,S3,site_s3,S3,S3,S3
1786255781.339,c2,reserve,,0.0,26.34,13.67,3.65,S3,0,,0,36.0,obs,335,26.34,13.67,3.65,S3,26.34,13.67,3.65,S3,26.34,13.67,3.4,S3,5.313,0,S3,site_s3,S3,S3,S3
1786255781.339,c2,search,,0.0,31.1,20.71,10.98,S3,0,,0,4474.0,obs,504,31.1,20.71,10.98,S3,31.1,20.71,10.98,S3,31.1,20.71,10.63,S3,5.313,0,S3,site_s3,S3,S3,S3
1786255781.339,c2,recommend,,0.0,26.76,14.03,4.0,S3,0,,0,200.0,obs,668,26.76,14.03,4.0,S3,26.76,14.03,4.0,S3,26.76,14.03,3.83,S3,5.313,0,S3,site_s3,S3,S3,S3
1786255782.339,c1,reserve,6000,0.053,26.29,13.62,3.6,S3,0,,0,36.0,obs,338,26.29,13.62,3.6,S3,26.29,13.62,3.6,S3,26.29,13.62,3.37,S3,5.292,0,S3,site_s3,S3,S3,S3
1786255782.339,c1,search,6000,6.562,24.54,14.15,4.42,S3,0,,0,4474.0,obs,499,24.54,14.15,4.42,S3,24.54,14.15,4.42,S3,24.54,14.15,4.03,S3,5.292,0,S3,site_s3,S3,S3,S3
1786255782.339,c1,recommend,6000,0.293,26.47,13.73,3.71,S3,0,,0,200.0,obs,670,26.47,13.73,3.71,S3,26.47,13.73,3.71,S3,26.47,13.73,3.52,S3,5.292,0,S3,site_s3,S3,S3,S3
1786255782.339,c2,reserve,,0.0,26.34,13.67,3.65,S3,0,,0,36.0,obs,338,26.34,13.67,3.65,S3,26.34,13.67,3.65,S3,26.34,13.67,3.42,S3,5.292,0,S3,site_s3,S3,S3,S3
1786255782.339,c2,search,,0.0,31.1,20.71,10.98,S3,0,,0,4474.0,obs,499,31.1,20.71,10.98,S3,31.1,20.71,10.98,S3,31.1,20.71,10.59,S3,5.292,0,S3,site_s3,S3,S3,S3
1786255782.339,c2,recommend,,0.0,26.76,14.03,4.0,S3,0,,0,200.0,obs,670,26.76,14.03,4.0,S3,26.76,14.03,4.0,S3,26.76,14.03,3.81,S3,5.292,0,S3,site_s3,S3,S3,S3
1786255783.339,c1,reserve,6000,0.053,26.29,13.62,3.6,S3,0,,0,36.0,obs,334,26.29,13.62,3.6,S3,26.29,13.62,3.6,S3,26.29,13.62,3.51,S3,5.243,0,S3,site_s3,S3,S3,S3
1786255783.339,c1,search,6000,6.562,24.54,14.15,4.42,S3,0,,0,4474.0,obs,502,24.54,14.15,4.42,S3,24.54,14.15,4.42,S3,24.54,14.15,4.15,S3,5.243,0,S3,site_s3,S3,S3,S3
1786255783.339,c1,recommend,6000,0.293,26.47,13.73,3.71,S3,0,,0,200.0,obs,673,26.47,13.73,3.71,S3,26.47,13.73,3.71,S3,26.47,13.73,3.45,S3,5.243,0,S3,site_s3,S3,S3,S3
1786255783.339,c2,reserve,,0.0,26.34,13.67,3.65,S3,0,,0,36.0,obs,334,26.34,13.67,3.65,S3,26.34,13.67,3.65,S3,26.34,13.67,3.56,S3,5.243,0,S3,site_s3,S3,S3,S3
1786255783.339,c2,search,,0.0,31.1,20.71,10.98,S3,0,,0,4474.0,obs,502,31.1,20.71,10.98,S3,31.1,20.71,10.98,S3,31.1,20.71,10.71,S3,5.243,0,S3,site_s3,S3,S3,S3
1786255783.339,c2,recommend,,0.0,26.76,14.03,4.0,S3,0,,0,200.0,obs,673,26.76,14.03,4.0,S3,26.76,14.03,4.0,S3,26.76,14.03,3.74,S3,5.243,0,S3,site_s3,S3,S3,S3
1786255784.339,c1,reserve,6000,0.053,26.29,13.62,3.6,S3,0,,0,36.0,obs,334,26.29,13.62,3.6,S3,26.29,13.62,3.6,S3,26.29,13.62,3.54,S3,5.045,0,S3,site_s3,S3,S3,S3
1786255784.339,c1,search,6000,6.562,24.54,14.15,4.42,S3,0,,0,4474.0,obs,503,24.54,14.15,4.42,S3,24.54,14.15,4.42,S3,24.54,14.15,4.09,S3,5.045,0,S3,site_s3,S3,S3,S3
1786255784.339,c1,recommend,6000,0.293,26.47,13.73,3.71,S3,0,,0,200.0,obs,673,26.47,13.73,3.71,S3,26.47,13.73,3.71,S3,26.47,13.73,3.45,S3,5.045,0,S3,site_s3,S3,S3,S3
1786255784.339,c2,reserve,,0.0,26.34,13.67,3.65,S3,0,,0,36.0,obs,334,26.34,13.67,3.65,S3,26.34,13.67,3.65,S3,26.34,13.67,3.6,S3,5.045,0,S3,site_s3,S3,S3,S3
1786255784.339,c2,search,,0.0,31.1,20.71,10.98,S3,0,,0,4474.0,obs,503,31.1,20.71,10.98,S3,31.1,20.71,10.98,S3,31.1,20.71,10.65,S3,5.045,0,S3,site_s3,S3,S3,S3
1786255784.339,c2,recommend,,0.0,26.76,14.03,4.0,S3,0,,0,200.0,obs,673,26.76,14.03,4.0,S3,26.76,14.03,4.0,S3,26.76,14.03,3.74,S3,5.045,0,S3,site_s3,S3,S3,S3
1786255785.339,c1,reserve,6000,0.053,26.29,13.62,3.6,S3,0,,0,36.0,obs,334,26.29,13.62,3.6,S3,26.29,13.62,3.6,S3,26.29,13.62,3.52,S3,5.198,0,S3,site_s3,S3,S3,S3
1786255785.339,c1,search,6000,6.562,24.54,14.15,4.42,S3,0,,0,4474.0,obs,505,24.54,14.15,4.42,S3,24.54,14.15,4.42,S3,24.54,14.15,4.1,S3,5.198,0,S3,site_s3,S3,S3,S3
1786255785.339,c1,recommend,6000,0.293,26.47,13.73,3.71,S3,0,,0,200.0,obs,671,26.47,13.73,3.71,S3,26.47,13.73,3.71,S3,26.47,13.73,3.45,S3,5.198,0,S3,site_s3,S3,S3,S3
1786255785.339,c2,reserve,,0.0,26.34,13.67,3.65,S3,0,,0,36.0,obs,334,26.34,13.67,3.65,S3,26.34,13.67,3.65,S3,26.34,13.67,3.57,S3,5.198,0,S3,site_s3,S3,S3,S3
1786255785.339,c2,search,,0.0,31.1,20.71,10.98,S3,0,,0,4474.0,obs,505,31.1,20.71,10.98,S3,31.1,20.71,10.98,S3,31.1,20.71,10.66,S3,5.198,0,S3,site_s3,S3,S3,S3
1786255785.339,c2,recommend,,0.0,26.76,14.03,4.0,S3,0,,0,200.0,obs,671,26.76,14.03,4.0,S3,26.76,14.03,4.0,S3,26.76,14.03,3.74,S3,5.198,0,S3,site_s3,S3,S3,S3
1786255786.339,c1,reserve,6000,0.053,26.29,13.62,3.6,S3,0,,0,36.0,obs,339,26.29,13.62,3.6,S3,26.29,13.62,3.6,S3,26.29,13.62,3.55,S3,5.028,0,S3,site_s3,S3,S3,S3
1786255786.339,c1,search,6000,6.562,24.54,14.15,4.42,S3,0,,0,4474.0,obs,504,24.54,14.15,4.42,S3,24.54,14.15,4.42,S3,24.54,14.15,4.08,S3,5.028,0,S3,site_s3,S3,S3,S3
1786255786.339,c1,recommend,6000,0.293,26.47,13.73,3.71,S3,0,,0,200.0,obs,668,26.47,13.73,3.71,S3,26.47,13.73,3.71,S3,26.47,13.73,3.52,S3,5.028,0,S3,site_s3,S3,S3,S3
1786255786.339,c2,reserve,,0.0,26.34,13.67,3.65,S3,0,,0,36.0,obs,339,26.34,13.67,3.65,S3,26.34,13.67,3.65,S3,26.34,13.67,3.6,S3,5.028,0,S3,site_s3,S3,S3,S3
1786255786.339,c2,search,,0.0,31.1,20.71,10.98,S3,0,,0,4474.0,obs,504,31.1,20.71,10.98,S3,31.1,20.71,10.98,S3,31.1,20.71,10.64,S3,5.028,0,S3,site_s3,S3,S3,S3
1786255786.339,c2,recommend,,0.0,26.76,14.03,4.0,S3,0,,0,200.0,obs,668,26.76,14.03,4.0,S3,26.76,14.03,4.0,S3,26.76,14.03,3.81,S3,5.028,0,S3,site_s3,S3,S3,S3
1786255787.339,c1,reserve,6000,0.053,26.29,13.62,3.6,S3,0,,0,36.0,obs,337,26.29,13.62,3.6,S3,26.29,13.62,3.6,S3,26.29,13.62,3.51,S3,5.056,0,S3,site_s3,S3,S3,S3
1786255787.339,c1,search,6000,6.562,24.54,14.15,4.42,S3,0,,0,4474.0,obs,502,24.54,14.15,4.42,S3,24.54,14.15,4.42,S3,24.54,14.15,4.08,S3,5.056,0,S3,site_s3,S3,S3,S3
1786255787.339,c1,recommend,6000,0.293,26.47,13.73,3.71,S3,0,,0,200.0,obs,673,26.47,13.73,3.71,S3,26.47,13.73,3.71,S3,26.47,13.73,3.49,S3,5.056,0,S3,site_s3,S3,S3,S3
1786255787.339,c2,reserve,,0.0,26.34,13.67,3.65,S3,0,,0,36.0,obs,337,26.34,13.67,3.65,S3,26.34,13.67,3.65,S3,26.34,13.67,3.56,S3,5.056,0,S3,site_s3,S3,S3,S3
1786255787.339,c2,search,,0.0,31.1,20.71,10.98,S3,0,,0,4474.0,obs,502,31.1,20.71,10.98,S3,31.1,20.71,10.98,S3,31.1,20.71,10.64,S3,5.056,0,S3,site_s3,S3,S3,S3
1786255787.339,c2,recommend,,0.0,26.76,14.03,4.0,S3,0,,0,200.0,obs,673,26.76,14.03,4.0,S3,26.76,14.03,4.0,S3,26.76,14.03,3.78,S3,5.056,0,S3,site_s3,S3,S3,S3
1786255788.339,c1,reserve,6000,0.053,26.29,13.62,3.6,S3,0,,0,36.0,obs,334,26.29,13.62,3.6,S3,26.29,13.62,3.6,S3,26.29,13.62,3.48,S3,5.058,0,S3,site_s3,S3,S3,S3
1786255788.339,c1,search,6000,6.562,24.54,14.15,4.42,S3,0,,0,4474.0,obs,504,24.54,14.15,4.42,S3,24.54,14.15,4.42,S3,24.54,14.15,3.94,S3,5.058,0,S3,site_s3,S3,S3,S3
1786255788.339,c1,recommend,6000,0.293,26.47,13.73,3.71,S3,0,,0,200.0,obs,675,26.47,13.73,3.71,S3,26.47,13.73,3.71,S3,26.47,13.73,3.45,S3,5.058,0,S3,site_s3,S3,S3,S3
1786255788.339,c2,reserve,,0.0,26.34,13.67,3.65,S3,0,,0,36.0,obs,334,26.34,13.67,3.65,S3,26.34,13.67,3.65,S3,26.34,13.67,3.53,S3,5.058,0,S3,site_s3,S3,S3,S3
1786255788.339,c2,search,,0.0,31.1,20.71,10.98,S3,0,,0,4474.0,obs,504,31.1,20.71,10.98,S3,31.1,20.71,10.98,S3,31.1,20.71,10.5,S3,5.058,0,S3,site_s3,S3,S3,S3
1786255788.339,c2,recommend,,0.0,26.76,14.03,4.0,S3,0,,0,200.0,obs,675,26.76,14.03,4.0,S3,26.76,14.03,4.0,S3,26.76,14.03,3.74,S3,5.058,0,S3,site_s3,S3,S3,S3
1786255789.339,c1,reserve,6000,0.053,26.29,13.62,3.6,S3,0,,0,36.0,obs,334,26.29,13.62,3.6,S3,26.29,13.62,3.6,S3,26.29,13.62,3.57,S3,5.166,0,S3,site_s3,S3,S3,S3
1786255789.339,c1,search,6000,6.562,24.54,14.15,4.42,S3,0,,0,4474.0,obs,504,24.54,14.15,4.42,S3,24.54,14.15,4.42,S3,24.54,14.15,4.03,S3,5.166,0,S3,site_s3,S3,S3,S3
1786255789.339,c1,recommend,6000,0.293,26.47,13.73,3.71,S3,0,,0,200.0,obs,675,26.47,13.73,3.71,S3,26.47,13.73,3.71,S3,26.47,13.73,3.52,S3,5.166,0,S3,site_s3,S3,S3,S3
1786255789.339,c2,reserve,,0.0,26.34,13.67,3.65,S3,0,,0,36.0,obs,334,26.34,13.67,3.65,S3,26.34,13.67,3.65,S3,26.34,13.67,3.62,S3,5.166,0,S3,site_s3,S3,S3,S3
1786255789.339,c2,search,,0.0,31.1,20.71,10.98,S3,0,,0,4474.0,obs,504,31.1,20.71,10.98,S3,31.1,20.71,10.98,S3,31.1,20.71,10.59,S3,5.166,0,S3,site_s3,S3,S3,S3
1786255789.339,c2,recommend,,0.0,26.76,14.03,4.0,S3,0,,0,200.0,obs,675,26.76,14.03,4.0,S3,26.76,14.03,4.0,S3,26.76,14.03,3.82,S3,5.166,0,S3,site_s3,S3,S3,S3
1786255790.339,c1,reserve,6000,0.053,26.29,13.62,3.6,S3,0,,0,36.0,obs,337,26.29,13.62,3.6,S3,26.29,13.62,3.6,S3,26.29,13.62,3.51,S3,5.185,0,S3,site_s3,S3,S3,S3
1786255790.339,c1,search,6000,6.562,24.54,14.15,4.42,S3,0,,0,4474.0,obs,506,24.54,14.15,4.42,S3,24.54,14.15,4.42,S3,24.54,14.15,4.07,S3,5.185,0,S3,site_s3,S3,S3,S3
1786255790.339,c1,recommend,6000,0.293,26.47,13.73,3.71,S3,0,,0,200.0,obs,669,26.47,13.73,3.71,S3,26.47,13.73,3.71,S3,26.47,13.73,3.4,S3,5.185,0,S3,site_s3,S3,S3,S3
1786255790.339,c2,reserve,,0.0,26.34,13.67,3.65,S3,0,,0,36.0,obs,337,26.34,13.67,3.65,S3,26.34,13.67,3.65,S3,26.34,13.67,3.56,S3,5.185,0,S3,site_s3,S3,S3,S3
1786255790.339,c2,search,,0.0,31.1,20.71,10.98,S3,0,,0,4474.0,obs,506,31.1,20.71,10.98,S3,31.1,20.71,10.98,S3,31.1,20.71,10.63,S3,5.185,0,S3,site_s3,S3,S3,S3
1786255790.339,c2,recommend,,0.0,26.76,14.03,4.0,S3,0,,0,200.0,obs,669,26.76,14.03,4.0,S3,26.76,14.03,4.0,S3,26.76,14.03,3.69,S3,5.185,0,S3,site_s3,S3,S3,S3
1786255791.339,c1,reserve,6000,0.053,26.29,13.62,3.6,S3,0,,0,36.0,obs,341,26.29,13.62,3.6,S3,26.29,13.62,3.6,S3,26.29,13.62,3.44,S3,5.376,0,S3,site_s3,S3,S3,S3
1786255791.339,c1,search,6000,6.562,24.54,14.15,4.42,S3,0,,0,4474.0,obs,502,24.54,14.15,4.42,S3,24.54,14.15,4.42,S3,24.54,14.15,4.1,S3,5.376,0,S3,site_s3,S3,S3,S3
1786255791.339,c1,recommend,6000,0.293,26.47,13.73,3.71,S3,0,,0,200.0,obs,673,26.47,13.73,3.71,S3,26.47,13.73,3.71,S3,26.47,13.73,3.45,S3,5.376,0,S3,site_s3,S3,S3,S3
1786255791.339,c2,reserve,,0.0,26.34,13.67,3.65,S3,0,,0,36.0,obs,341,26.34,13.67,3.65,S3,26.34,13.67,3.65,S3,26.34,13.67,3.5,S3,5.376,0,S3,site_s3,S3,S3,S3
1786255791.339,c2,search,,0.0,31.1,20.71,10.98,S3,0,,0,4474.0,obs,502,31.1,20.71,10.98,S3,31.1,20.71,10.98,S3,31.1,20.71,10.66,S3,5.376,0,S3,site_s3,S3,S3,S3
1786255791.339,c2,recommend,,0.0,26.76,14.03,4.0,S3,0,,0,200.0,obs,673,26.76,14.03,4.0,S3,26.76,14.03,4.0,S3,26.76,14.03,3.74,S3,5.376,0,S3,site_s3,S3,S3,S3
1786255792.339,c1,reserve,6000,0.053,26.29,13.62,3.6,S3,0,,0,36.0,obs,337,26.29,13.62,3.6,S3,26.29,13.62,3.6,S3,26.29,13.62,3.44,S3,5.209,0,S3,site_s3,S3,S3,S3
1786255792.339,c1,search,6000,6.562,24.54,14.15,4.42,S3,0,,0,4474.0,obs,504,24.54,14.15,4.42,S3,24.54,14.15,4.42,S3,24.54,14.15,4.22,S3,5.209,0,S3,site_s3,S3,S3,S3
1786255792.339,c1,recommend,6000,0.293,26.47,13.73,3.71,S3,0,,0,200.0,obs,675,26.47,13.73,3.71,S3,26.47,13.73,3.71,S3,26.47,13.73,3.49,S3,5.209,0,S3,site_s3,S3,S3,S3
1786255792.339,c2,reserve,,0.0,26.34,13.67,3.65,S3,0,,0,36.0,obs,337,26.34,13.67,3.65,S3,26.34,13.67,3.65,S3,26.34,13.67,3.49,S3,5.209,0,S3,site_s3,S3,S3,S3
1786255792.339,c2,search,,0.0,31.1,20.71,10.98,S3,0,,0,4474.0,obs,504,31.1,20.71,10.98,S3,31.1,20.71,10.98,S3,31.1,20.71,10.78,S3,5.209,0,S3,site_s3,S3,S3,S3
1786255792.339,c2,recommend,,0.0,26.76,14.03,4.0,S3,0,,0,200.0,obs,675,26.76,14.03,4.0,S3,26.76,14.03,4.0,S3,26.76,14.03,3.78,S3,5.209,0,S3,site_s3,S3,S3,S3
1786255793.339,c1,reserve,6000,0.053,26.29,13.62,3.6,S3,0,,0,36.0,obs,336,26.29,13.62,3.6,S3,26.29,13.62,3.6,S3,26.29,13.62,3.49,S3,5.249,0,S3,site_s3,S3,S3,S3
1786255793.339,c1,search,6000,6.562,24.54,14.15,4.42,S3,0,,0,4474.0,obs,505,24.54,14.15,4.42,S3,24.54,14.15,4.42,S3,24.54,14.15,4.14,S3,5.249,0,S3,site_s3,S3,S3,S3
1786255793.339,c1,recommend,6000,0.293,26.47,13.73,3.71,S3,0,,0,200.0,obs,677,26.47,13.73,3.71,S3,26.47,13.73,3.71,S3,26.47,13.73,3.46,S3,5.249,0,S3,site_s3,S3,S3,S3
1786255793.339,c2,reserve,,0.0,26.34,13.67,3.65,S3,0,,0,36.0,obs,336,26.34,13.67,3.65,S3,26.34,13.67,3.65,S3,26.34,13.67,3.54,S3,5.249,0,S3,site_s3,S3,S3,S3
1786255793.339,c2,search,,0.0,31.1,20.71,10.98,S3,0,,0,4474.0,obs,505,31.1,20.71,10.98,S3,31.1,20.71,10.98,S3,31.1,20.71,10.7,S3,5.249,0,S3,site_s3,S3,S3,S3
1786255793.339,c2,recommend,,0.0,26.76,14.03,4.0,S3,0,,0,200.0,obs,677,26.76,14.03,4.0,S3,26.76,14.03,4.0,S3,26.76,14.03,3.75,S3,5.249,0,S3,site_s3,S3,S3,S3
1786255794.339,c1,reserve,6000,0.053,26.29,13.62,3.6,S3,0,,0,36.0,obs,335,26.29,13.62,3.6,S3,26.29,13.62,3.6,S3,26.29,13.62,3.32,S3,5.072,0,S3,site_s3,S3,S3,S3
1786255794.339,c1,search,6000,6.562,24.54,14.15,4.42,S3,0,,0,4474.0,obs,508,24.54,14.15,4.42,S3,24.54,14.15,4.42,S3,24.54,14.15,4.06,S3,5.072,0,S3,site_s3,S3,S3,S3
1786255794.339,c1,recommend,6000,0.293,26.47,13.73,3.71,S3,0,,0,200.0,obs,676,26.47,13.73,3.71,S3,26.47,13.73,3.71,S3,26.47,13.73,3.43,S3,5.072,0,S3,site_s3,S3,S3,S3
1786255794.339,c2,reserve,,0.0,26.34,13.67,3.65,S3,0,,0,36.0,obs,335,26.34,13.67,3.65,S3,26.34,13.67,3.65,S3,26.34,13.67,3.37,S3,5.072,0,S3,site_s3,S3,S3,S3
1786255794.339,c2,search,,0.0,31.1,20.71,10.98,S3,0,,0,4474.0,obs,508,31.1,20.71,10.98,S3,31.1,20.71,10.98,S3,31.1,20.71,10.62,S3,5.072,0,S3,site_s3,S3,S3,S3
1786255794.339,c2,recommend,,0.0,26.76,14.03,4.0,S3,0,,0,200.0,obs,676,26.76,14.03,4.0,S3,26.76,14.03,4.0,S3,26.76,14.03,3.72,S3,5.072,0,S3,site_s3,S3,S3,S3
1786255795.339,c1,reserve,6000,0.053,26.29,13.62,3.6,S3,0,,0,36.0,obs,340,26.29,13.62,3.6,S3,26.29,13.62,3.6,S3,26.29,13.62,3.34,S3,5.015,0,S3,site_s3,S3,S3,S3
1786255795.339,c1,search,6000,6.562,24.54,14.15,4.42,S3,0,,0,4474.0,obs,508,24.54,14.15,4.42,S3,24.54,14.15,4.42,S3,24.54,14.15,4.2,S3,5.015,0,S3,site_s3,S3,S3,S3
1786255795.339,c1,recommend,6000,0.293,26.47,13.73,3.71,S3,0,,0,200.0,obs,671,26.47,13.73,3.71,S3,26.47,13.73,3.71,S3,26.47,13.73,3.46,S3,5.015,0,S3,site_s3,S3,S3,S3
1786255795.339,c2,reserve,,0.0,26.34,13.67,3.65,S3,0,,0,36.0,obs,340,26.34,13.67,3.65,S3,26.34,13.67,3.65,S3,26.34,13.67,3.4,S3,5.015,0,S3,site_s3,S3,S3,S3
1786255795.339,c2,search,,0.0,31.1,20.71,10.98,S3,0,,0,4474.0,obs,508,31.1,20.71,10.98,S3,31.1,20.71,10.98,S3,31.1,20.71,10.77,S3,5.015,0,S3,site_s3,S3,S3,S3
1786255795.339,c2,recommend,,0.0,26.76,14.03,4.0,S3,0,,0,200.0,obs,671,26.76,14.03,4.0,S3,26.76,14.03,4.0,S3,26.76,14.03,3.76,S3,5.015,0,S3,site_s3,S3,S3,S3
1786255796.339,c1,reserve,6000,0.053,26.29,13.62,3.6,S3,0,,0,36.0,obs,340,26.29,13.62,3.6,S3,26.29,13.62,3.6,S3,26.29,13.62,3.41,S3,5.04,0,S3,site_s3,S3,S3,S3
1786255796.339,c1,search,6000,6.562,24.54,14.15,4.42,S3,0,,0,4474.0,obs,505,24.54,14.15,4.42,S3,24.54,14.15,4.42,S3,24.54,14.15,4.18,S3,5.04,0,S3,site_s3,S3,S3,S3
1786255796.339,c1,recommend,6000,0.293,26.47,13.73,3.71,S3,0,,0,200.0,obs,676,26.47,13.73,3.71,S3,26.47,13.73,3.71,S3,26.47,13.73,3.48,S3,5.04,0,S3,site_s3,S3,S3,S3
1786255796.339,c2,reserve,,0.0,26.34,13.67,3.65,S3,0,,0,36.0,obs,340,26.34,13.67,3.65,S3,26.34,13.67,3.65,S3,26.34,13.67,3.46,S3,5.04,0,S3,site_s3,S3,S3,S3
1786255796.339,c2,search,,0.0,31.1,20.71,10.98,S3,0,,0,4474.0,obs,505,31.1,20.71,10.98,S3,31.1,20.71,10.98,S3,31.1,20.71,10.75,S3,5.04,0,S3,site_s3,S3,S3,S3
1786255796.339,c2,recommend,,0.0,26.76,14.03,4.0,S3,0,,0,200.0,obs,676,26.76,14.03,4.0,S3,26.76,14.03,4.0,S3,26.76,14.03,3.78,S3,5.04,0,S3,site_s3,S3,S3,S3
1786255797.339,c1,reserve,6000,0.053,26.29,13.62,3.6,S3,0,,0,36.0,obs,336,26.29,13.62,3.6,S3,26.29,13.62,3.6,S3,26.29,13.62,3.31,S3,5.031,0,S3,site_s3,S3,S3,S3
1786255797.339,c1,search,6000,6.562,24.54,14.15,4.42,S3,0,,0,4474.0,obs,507,24.54,14.15,4.42,S3,24.54,14.15,4.42,S3,24.54,14.15,4.02,S3,5.031,0,S3,site_s3,S3,S3,S3
1786255797.339,c1,recommend,6000,0.293,26.47,13.73,3.71,S3,0,,0,200.0,obs,679,26.47,13.73,3.71,S3,26.47,13.73,3.71,S3,26.47,13.73,3.36,S3,5.031,0,S3,site_s3,S3,S3,S3
1786255797.339,c2,reserve,,0.0,26.34,13.67,3.65,S3,0,,0,36.0,obs,336,26.34,13.67,3.65,S3,26.34,13.67,3.65,S3,26.34,13.67,3.36,S3,5.031,0,S3,site_s3,S3,S3,S3
1786255797.339,c2,search,,0.0,31.1,20.71,10.98,S3,0,,0,4474.0,obs,507,31.1,20.71,10.98,S3,31.1,20.71,10.98,S3,31.1,20.71,10.58,S3,5.031,0,S3,site_s3,S3,S3,S3
1786255797.339,c2,recommend,,0.0,26.76,14.03,4.0,S3,0,,0,200.0,obs,679,26.76,14.03,4.0,S3,26.76,14.03,4.0,S3,26.76,14.03,3.65,S3,5.031,0,S3,site_s3,S3,S3,S3
1786255798.339,c1,reserve,6000,0.053,26.29,13.62,3.6,S3,0,,0,36.0,obs,336,26.29,13.62,3.6,S3,26.29,13.62,3.6,S3,26.29,13.62,3.32,S3,5.032,0,S3,site_s3,S3,S3,S3
1786255798.339,c1,search,6000,6.562,24.54,14.15,4.42,S3,0,,0,4474.0,obs,506,24.54,14.15,4.42,S3,24.54,14.15,4.42,S3,24.54,14.15,4.09,S3,5.032,0,S3,site_s3,S3,S3,S3
1786255798.339,c1,recommend,6000,0.293,26.47,13.73,3.71,S3,0,,0,200.0,obs,678,26.47,13.73,3.71,S3,26.47,13.73,3.71,S3,26.47,13.73,3.33,S3,5.032,0,S3,site_s3,S3,S3,S3
1786255798.339,c2,reserve,,0.0,26.34,13.67,3.65,S3,0,,0,36.0,obs,336,26.34,13.67,3.65,S3,26.34,13.67,3.65,S3,26.34,13.67,3.37,S3,5.032,0,S3,site_s3,S3,S3,S3
1786255798.339,c2,search,,0.0,31.1,20.71,10.98,S3,0,,0,4474.0,obs,506,31.1,20.71,10.98,S3,31.1,20.71,10.98,S3,31.1,20.71,10.65,S3,5.032,0,S3,site_s3,S3,S3,S3
1786255798.339,c2,recommend,,0.0,26.76,14.03,4.0,S3,0,,0,200.0,obs,678,26.76,14.03,4.0,S3,26.76,14.03,4.0,S3,26.76,14.03,3.63,S3,5.032,0,S3,site_s3,S3,S3,S3
1786255799.339,c1,reserve,6000,0.053,26.29,13.62,3.6,S3,0,,0,36.0,obs,339,26.29,13.62,3.6,S3,26.29,13.62,3.6,S3,26.29,13.62,3.37,S3,5.049,0,S3,site_s3,S3,S3,S3
1786255799.339,c1,search,6000,6.562,24.54,14.15,4.42,S3,0,,0,4474.0,obs,509,24.54,14.15,4.42,S3,24.54,14.15,4.42,S3,24.54,14.15,4.19,S3,5.049,0,S3,site_s3,S3,S3,S3
1786255799.339,c1,recommend,6000,0.293,26.47,13.73,3.71,S3,0,,0,200.0,obs,674,26.47,13.73,3.71,S3,26.47,13.73,3.71,S3,26.47,13.73,3.38,S3,5.049,0,S3,site_s3,S3,S3,S3
1786255799.339,c2,reserve,,0.0,26.34,13.67,3.65,S3,0,,0,36.0,obs,339,26.34,13.67,3.65,S3,26.34,13.67,3.65,S3,26.34,13.67,3.42,S3,5.049,0,S3,site_s3,S3,S3,S3
1786255799.339,c2,search,,0.0,31.1,20.71,10.98,S3,0,,0,4474.0,obs,509,31.1,20.71,10.98,S3,31.1,20.71,10.98,S3,31.1,20.71,10.75,S3,5.049,0,S3,site_s3,S3,S3,S3
1786255799.339,c2,recommend,,0.0,26.76,14.03,4.0,S3,0,,0,200.0,obs,674,26.76,14.03,4.0,S3,26.76,14.03,4.0,S3,26.76,14.03,3.68,S3,5.049,0,S3,site_s3,S3,S3,S3
1786255800.339,c1,reserve,6000,0.053,26.29,13.62,3.6,S3,0,,0,36.0,obs,343,26.29,13.62,3.6,S3,26.29,13.62,3.6,S3,26.29,13.62,3.38,S3,5.349,0,S3,site_s3,S3,S3,S3
1786255800.339,c1,search,6000,6.562,24.54,14.15,4.42,S3,0,,0,4474.0,obs,505,24.54,14.15,4.42,S3,24.54,14.15,4.42,S3,24.54,14.15,4.16,S3,5.349,0,S3,site_s3,S3,S3,S3
1786255800.339,c1,recommend,6000,0.293,26.47,13.73,3.71,S3,0,,0,200.0,obs,676,26.47,13.73,3.71,S3,26.47,13.73,3.71,S3,26.47,13.73,3.53,S3,5.349,0,S3,site_s3,S3,S3,S3
1786255800.339,c2,reserve,,0.0,26.34,13.67,3.65,S3,0,,0,36.0,obs,343,26.34,13.67,3.65,S3,26.34,13.67,3.65,S3,26.34,13.67,3.43,S3,5.349,0,S3,site_s3,S3,S3,S3
1786255800.339,c2,search,,0.0,31.1,20.71,10.98,S3,0,,0,4474.0,obs,505,31.1,20.71,10.98,S3,31.1,20.71,10.98,S3,31.1,20.71,10.72,S3,5.349,0,S3,site_s3,S3,S3,S3
1786255800.339,c2,recommend,,0.0,26.76,14.03,4.0,S3,0,,0,200.0,obs,676,26.76,14.03,4.0,S3,26.76,14.03,4.0,S3,26.76,14.03,3.82,S3,5.349,0,S3,site_s3,S3,S3,S3
1786255801.339,c1,reserve,6000,0.053,26.29,13.62,3.6,S3,0,,0,36.0,obs,337,26.29,13.62,3.6,S3,26.29,13.62,3.6,S3,26.29,13.62,3.31,S3,5.228,0,S3,site_s3,S3,S3,S3
1786255801.339,c1,search,6000,6.562,24.54,14.15,4.42,S3,0,,0,4474.0,obs,504,24.54,14.15,4.42,S3,24.54,14.15,4.42,S3,24.54,14.15,4.06,S3,5.228,0,S3,site_s3,S3,S3,S3
1786255801.339,c1,recommend,6000,0.293,26.47,13.73,3.71,S3,0,,0,200.0,obs,678,26.47,13.73,3.71,S3,26.47,13.73,3.71,S3,26.47,13.73,3.5,S3,5.228,0,S3,site_s3,S3,S3,S3
1786255801.339,c2,reserve,,0.0,26.34,13.67,3.65,S3,0,,0,36.0,obs,337,26.34,13.67,3.65,S3,26.34,13.67,3.65,S3,26.34,13.67,3.36,S3,5.228,0,S3,site_s3,S3,S3,S3
1786255801.339,c2,search,,0.0,31.1,20.71,10.98,S3,0,,0,4474.0,obs,504,31.1,20.71,10.98,S3,31.1,20.71,10.98,S3,31.1,20.71,10.62,S3,5.228,0,S3,site_s3,S3,S3,S3
1786255801.339,c2,recommend,,0.0,26.76,14.03,4.0,S3,0,,0,200.0,obs,678,26.76,14.03,4.0,S3,26.76,14.03,4.0,S3,26.76,14.03,3.79,S3,5.228,0,S3,site_s3,S3,S3,S3
1786255802.339,c1,reserve,6000,0.053,26.29,13.62,3.6,S3,0,,0,36.0,obs,337,26.29,13.62,3.6,S3,26.29,13.62,3.6,S3,26.29,13.62,3.21,S3,5.325,0,S3,site_s3,S3,S3,S3
1786255802.339,c1,search,6000,6.562,24.54,14.15,4.42,S3,0,,0,4474.0,obs,507,24.54,14.15,4.42,S3,24.54,14.15,4.42,S3,24.54,14.15,4.15,S3,5.325,0,S3,site_s3,S3,S3,S3
1786255802.339,c1,recommend,6000,0.293,26.47,13.73,3.71,S3,0,,0,200.0,obs,680,26.47,13.73,3.71,S3,26.47,13.73,3.71,S3,26.47,13.73,3.46,S3,5.325,0,S3,site_s3,S3,S3,S3
1786255802.339,c2,reserve,,0.0,26.34,13.67,3.65,S3,0,,0,36.0,obs,337,26.34,13.67,3.65,S3,26.34,13.67,3.65,S3,26.34,13.67,3.27,S3,5.325,0,S3,site_s3,S3,S3,S3
1786255802.339,c2,search,,0.0,31.1,20.71,10.98,S3,0,,0,4474.0,obs,507,31.1,20.71,10.98,S3,31.1,20.71,10.98,S3,31.1,20.71,10.71,S3,5.325,0,S3,site_s3,S3,S3,S3
1786255802.339,c2,recommend,,0.0,26.76,14.03,4.0,S3,0,,0,200.0,obs,680,26.76,14.03,4.0,S3,26.76,14.03,4.0,S3,26.76,14.03,3.75,S3,5.325,0,S3,site_s3,S3,S3,S3
1786255803.339,c1,reserve,6000,0.053,26.29,13.62,3.6,S3,0,,0,36.0,obs,336,26.29,13.62,3.6,S3,26.29,13.62,3.6,S3,26.29,13.62,3.52,S3,5.193,0,S3,site_s3,S3,S3,S3
1786255803.339,c1,search,6000,6.562,24.54,14.15,4.42,S3,0,,0,4474.0,obs,511,24.54,14.15,4.42,S3,24.54,14.15,4.42,S3,24.54,14.15,4.25,S3,5.193,0,S3,site_s3,S3,S3,S3
1786255803.339,c1,recommend,6000,0.293,26.47,13.73,3.71,S3,0,,0,200.0,obs,679,26.47,13.73,3.71,S3,26.47,13.73,3.71,S3,26.47,13.73,3.48,S3,5.193,0,S3,site_s3,S3,S3,S3
1786255803.339,c2,reserve,,0.0,26.34,13.67,3.65,S3,0,,0,36.0,obs,336,26.34,13.67,3.65,S3,26.34,13.67,3.65,S3,26.34,13.67,3.57,S3,5.193,0,S3,site_s3,S3,S3,S3
1786255803.339,c2,search,,0.0,31.1,20.71,10.98,S3,0,,0,4474.0,obs,511,31.1,20.71,10.98,S3,31.1,20.71,10.98,S3,31.1,20.71,10.81,S3,5.193,0,S3,site_s3,S3,S3,S3
1786255803.339,c2,recommend,,0.0,26.76,14.03,4.0,S3,0,,0,200.0,obs,679,26.76,14.03,4.0,S3,26.76,14.03,4.0,S3,26.76,14.03,3.77,S3,5.193,0,S3,site_s3,S3,S3,S3
1786255804.339,c1,reserve,6000,0.053,26.29,13.62,3.6,S3,0,,0,36.0,obs,342,26.29,13.62,3.6,S3,26.29,13.62,3.6,S3,26.29,13.62,3.54,S3,5.236,0,S3,site_s3,S3,S3,S3
1786255804.339,c1,search,6000,6.562,24.54,14.15,4.42,S3,0,,0,4474.0,obs,510,24.54,14.15,4.42,S3,24.54,14.15,4.42,S3,24.54,14.15,4.14,S3,5.236,0,S3,site_s3,S3,S3,S3
1786255804.339,c1,recommend,6000,0.293,26.47,13.73,3.71,S3,0,,0,200.0,obs,674,26.47,13.73,3.71,S3,26.47,13.73,3.71,S3,26.47,13.73,3.47,S3,5.236,0,S3,site_s3,S3,S3,S3
1786255804.339,c2,reserve,,0.0,26.34,13.67,3.65,S3,0,,0,36.0,obs,342,26.34,13.67,3.65,S3,26.34,13.67,3.65,S3,26.34,13.67,3.59,S3,5.236,0,S3,site_s3,S3,S3,S3
1786255804.339,c2,search,,0.0,31.1,20.71,10.98,S3,0,,0,4474.0,obs,510,31.1,20.71,10.98,S3,31.1,20.71,10.98,S3,31.1,20.71,10.7,S3,5.236,0,S3,site_s3,S3,S3,S3
1786255804.339,c2,recommend,,0.0,26.76,14.03,4.0,S3,0,,0,200.0,obs,674,26.76,14.03,4.0,S3,26.76,14.03,4.0,S3,26.76,14.03,3.76,S3,5.236,0,S3,site_s3,S3,S3,S3
1786255805.339,c1,reserve,6000,0.053,26.29,13.62,3.6,S3,0,,0,36.0,obs,341,26.29,13.62,3.6,S3,26.29,13.62,3.6,S3,26.29,13.62,3.39,S3,5.24,0,S3,site_s3,S3,S3,S3
1786255805.339,c1,search,6000,6.562,24.54,14.15,4.42,S3,0,,0,4474.0,obs,507,24.54,14.15,4.42,S3,24.54,14.15,4.42,S3,24.54,14.15,4.14,S3,5.24,0,S3,site_s3,S3,S3,S3
1786255805.339,c1,recommend,6000,0.293,26.47,13.73,3.71,S3,0,,0,200.0,obs,679,26.47,13.73,3.71,S3,26.47,13.73,3.71,S3,26.47,13.73,3.49,S3,5.24,0,S3,site_s3,S3,S3,S3
1786255805.339,c2,reserve,,0.0,26.34,13.67,3.65,S3,0,,0,36.0,obs,341,26.34,13.67,3.65,S3,26.34,13.67,3.65,S3,26.34,13.67,3.44,S3,5.24,0,S3,site_s3,S3,S3,S3
1786255805.339,c2,search,,0.0,31.1,20.71,10.98,S3,0,,0,4474.0,obs,507,31.1,20.71,10.98,S3,31.1,20.71,10.98,S3,31.1,20.71,10.7,S3,5.24,0,S3,site_s3,S3,S3,S3
1786255805.339,c2,recommend,,0.0,26.76,14.03,4.0,S3,0,,0,200.0,obs,679,26.76,14.03,4.0,S3,26.76,14.03,4.0,S3,26.76,14.03,3.78,S3,5.24,0,S3,site_s3,S3,S3,S3
1786255806.339,c1,reserve,6000,0.053,26.29,13.62,3.6,S3,0,,0,36.0,obs,338,26.29,13.62,3.6,S3,26.29,13.62,3.6,S3,26.29,13.62,3.4,S3,5.043,0,S3,site_s3,S3,S3,S3
1786255806.339,c1,search,6000,6.562,24.54,14.15,4.42,S3,0,,0,4474.0,obs,510,24.54,14.15,4.42,S3,24.54,14.15,4.42,S3,24.54,14.15,4.16,S3,5.043,0,S3,site_s3,S3,S3,S3
1786255806.339,c1,recommend,6000,0.293,26.47,13.73,3.71,S3,0,,0,200.0,obs,682,26.47,13.73,3.71,S3,26.47,13.73,3.71,S3,26.47,13.73,3.45,S3,5.043,0,S3,site_s3,S3,S3,S3
1786255806.339,c2,reserve,,0.0,26.34,13.67,3.65,S3,0,,0,36.0,obs,338,26.34,13.67,3.65,S3,26.34,13.67,3.65,S3,26.34,13.67,3.46,S3,5.043,0,S3,site_s3,S3,S3,S3
1786255806.339,c2,search,,0.0,31.1,20.71,10.98,S3,0,,0,4474.0,obs,510,31.1,20.71,10.98,S3,31.1,20.71,10.98,S3,31.1,20.71,10.72,S3,5.043,0,S3,site_s3,S3,S3,S3
1786255806.339,c2,recommend,,0.0,26.76,14.03,4.0,S3,0,,0,200.0,obs,682,26.76,14.03,4.0,S3,26.76,14.03,4.0,S3,26.76,14.03,3.74,S3,5.043,0,S3,site_s3,S3,S3,S3
1786255807.339,c1,reserve,6000,0.053,26.29,13.62,3.6,S3,0,,0,36.0,obs,338,26.29,13.62,3.6,S3,26.29,13.62,3.6,S3,26.29,13.62,3.4,S3,5.243,0,S3,site_s3,S3,S3,S3
1786255807.339,c1,search,6000,6.562,24.54,14.15,4.42,S3,0,,0,4474.0,obs,509,24.54,14.15,4.42,S3,24.54,14.15,4.42,S3,24.54,14.15,4.02,S3,5.243,0,S3,site_s3,S3,S3,S3
1786255807.339,c1,recommend,6000,0.293,26.47,13.73,3.71,S3,0,,0,200.0,obs,682,26.47,13.73,3.71,S3,26.47,13.73,3.71,S3,26.47,13.73,3.36,S3,5.243,0,S3,site_s3,S3,S3,S3
1786255807.339,c2,reserve,,0.0,26.34,13.67,3.65,S3,0,,0,36.0,obs,338,26.34,13.67,3.65,S3,26.34,13.67,3.65,S3,26.34,13.67,3.45,S3,5.243,0,S3,site_s3,S3,S3,S3
1786255807.339,c2,search,,0.0,31.1,20.71,10.98,S3,0,,0,4474.0,obs,509,31.1,20.71,10.98,S3,31.1,20.71,10.98,S3,31.1,20.71,10.58,S3,5.243,0,S3,site_s3,S3,S3,S3
1786255807.339,c2,recommend,,0.0,26.76,14.03,4.0,S3,0,,0,200.0,obs,682,26.76,14.03,4.0,S3,26.76,14.03,4.0,S3,26.76,14.03,3.65,S3,5.243,0,S3,site_s3,S3,S3,S3
1786255808.339,c1,reserve,6000,0.053,26.29,13.62,3.6,S3,0,,0,36.0,obs,341,26.29,13.62,3.6,S3,26.29,13.62,3.6,S3,26.29,13.62,3.37,S3,5.064,0,S3,site_s3,S3,S3,S3
1786255808.339,c1,search,6000,6.562,24.54,14.15,4.42,S3,0,,0,4474.0,obs,512,24.54,14.15,4.42,S3,24.54,14.15,4.42,S3,24.54,14.15,4.0,S3,5.064,0,S3,site_s3,S3,S3,S3
1786255808.339,c1,recommend,6000,0.293,26.47,13.73,3.71,S3,0,,0,200.0,obs,678,26.47,13.73,3.71,S3,26.47,13.73,3.71,S3,26.47,13.73,3.37,S3,5.064,0,S3,site_s3,S3,S3,S3
1786255808.339,c2,reserve,,0.0,26.34,13.67,3.65,S3,0,,0,36.0,obs,341,26.34,13.67,3.65,S3,26.34,13.67,3.65,S3,26.34,13.67,3.42,S3,5.064,0,S3,site_s3,S3,S3,S3
1786255808.339,c2,search,,0.0,31.1,20.71,10.98,S3,0,,0,4474.0,obs,512,31.1,20.71,10.98,S3,31.1,20.71,10.98,S3,31.1,20.71,10.56,S3,5.064,0,S3,site_s3,S3,S3,S3
1786255808.339,c2,recommend,,0.0,26.76,14.03,4.0,S3,0,,0,200.0,obs,678,26.76,14.03,4.0,S3,26.76,14.03,4.0,S3,26.76,14.03,3.67,S3,5.064,0,S3,site_s3,S3,S3,S3
1786255809.339,c1,reserve,6000,0.053,26.29,13.62,3.6,S3,0,,0,36.0,obs,344,26.29,13.62,3.6,S3,26.29,13.62,3.6,S3,26.29,13.62,3.32,S3,5.077,0,S3,site_s3,S3,S3,S3
1786255809.339,c1,search,6000,6.562,24.54,14.15,4.42,S3,0,,0,4474.0,obs,508,24.54,14.15,4.42,S3,24.54,14.15,4.42,S3,24.54,14.15,4.19,S3,5.077,0,S3,site_s3,S3,S3,S3
1786255809.339,c1,recommend,6000,0.293,26.47,13.73,3.71,S3,0,,0,200.0,obs,680,26.47,13.73,3.71,S3,26.47,13.73,3.71,S3,26.47,13.73,3.43,S3,5.077,0,S3,site_s3,S3,S3,S3
1786255809.339,c2,reserve,,0.0,26.34,13.67,3.65,S3,0,,0,36.0,obs,344,26.34,13.67,3.65,S3,26.34,13.67,3.65,S3,26.34,13.67,3.37,S3,5.077,0,S3,site_s3,S3,S3,S3
1786255809.339,c2,search,,0.0,31.1,20.71,10.98,S3,0,,0,4474.0,obs,508,31.1,20.71,10.98,S3,31.1,20.71,10.98,S3,31.1,20.71,10.75,S3,5.077,0,S3,site_s3,S3,S3,S3
1786255809.339,c2,recommend,,0.0,26.76,14.03,4.0,S3,0,,0,200.0,obs,680,26.76,14.03,4.0,S3,26.76,14.03,4.0,S3,26.76,14.03,3.72,S3,5.077,0,S3,site_s3,S3,S3,S3
1786255810.339,c1,reserve,6000,0.053,26.29,13.62,3.6,S3,0,,0,36.0,obs,341,26.29,13.62,3.6,S3,26.29,13.62,3.6,S3,26.29,13.62,3.36,S3,5.206,0,S3,site_s3,S3,S3,S3
1786255810.339,c1,search,6000,6.562,24.54,14.15,4.42,S3,0,,0,4474.0,obs,508,24.54,14.15,4.42,S3,24.54,14.15,4.42,S3,24.54,14.15,4.23,S3,5.206,0,S3,site_s3,S3,S3,S3
1786255810.339,c1,recommend,6000,0.293,26.47,13.73,3.71,S3,0,,0,200.0,obs,683,26.47,13.73,3.71,S3,26.47,13.73,3.71,S3,26.47,13.73,3.39,S3,5.206,0,S3,site_s3,S3,S3,S3
1786255810.339,c2,reserve,,0.0,26.34,13.67,3.65,S3,0,,0,36.0,obs,341,26.34,13.67,3.65,S3,26.34,13.67,3.65,S3,26.34,13.67,3.41,S3,5.206,0,S3,site_s3,S3,S3,S3
1786255810.339,c2,search,,0.0,31.1,20.71,10.98,S3,0,,0,4474.0,obs,508,31.1,20.71,10.98,S3,31.1,20.71,10.98,S3,31.1,20.71,10.79,S3,5.206,0,S3,site_s3,S3,S3,S3
1786255810.339,c2,recommend,,0.0,26.76,14.03,4.0,S3,0,,0,200.0,obs,683,26.76,14.03,4.0,S3,26.76,14.03,4.0,S3,26.76,14.03,3.68,S3,5.206,0,S3,site_s3,S3,S3,S3
1786255811.339,c1,reserve,6000,0.053,26.29,13.62,3.6,S3,0,,0,36.0,obs,339,26.29,13.62,3.6,S3,26.29,13.62,3.6,S3,26.29,13.62,3.43,S3,5.023,0,S3,site_s3,S3,S3,S3
1786255811.339,c1,search,6000,6.562,24.54,14.15,4.42,S3,0,,0,4474.0,obs,510,24.54,14.15,4.42,S3,24.54,14.15,4.42,S3,24.54,14.15,4.19,S3,5.023,0,S3,site_s3,S3,S3,S3
1786255811.339,c1,recommend,6000,0.293,26.47,13.73,3.71,S3,0,,0,200.0,obs,684,26.47,13.73,3.71,S3,26.47,13.73,3.71,S3,26.47,13.73,3.51,S3,5.023,0,S3,site_s3,S3,S3,S3
1786255811.339,c2,reserve,,0.0,26.34,13.67,3.65,S3,0,,0,36.0,obs,339,26.34,13.67,3.65,S3,26.34,13.67,3.65,S3,26.34,13.67,3.48,S3,5.023,0,S3,site_s3,S3,S3,S3
1786255811.339,c2,search,,0.0,31.1,20.71,10.98,S3,0,,0,4474.0,obs,510,31.1,20.71,10.98,S3,31.1,20.71,10.98,S3,31.1,20.71,10.75,S3,5.023,0,S3,site_s3,S3,S3,S3
1786255811.339,c2,recommend,,0.0,26.76,14.03,4.0,S3,0,,0,200.0,obs,684,26.76,14.03,4.0,S3,26.76,14.03,4.0,S3,26.76,14.03,3.8,S3,5.023,0,S3,site_s3,S3,S3,S3
1786255812.339,c1,reserve,6000,0.053,26.29,13.62,3.6,S3,0,,0,36.0,obs,338,26.29,13.62,3.6,S3,26.29,13.62,3.6,S3,26.29,13.62,3.29,S3,5.163,0,S3,site_s3,S3,S3,S3
1786255812.339,c1,search,6000,6.562,24.54,14.15,4.42,S3,0,,0,4474.0,obs,514,24.54,14.15,4.42,S3,24.54,14.15,4.42,S3,24.54,14.15,4.2,S3,5.163,0,S3,site_s3,S3,S3,S3
1786255812.339,c1,recommend,6000,0.293,26.47,13.73,3.71,S3,0,,0,200.0,obs,683,26.47,13.73,3.71,S3,26.47,13.73,3.71,S3,26.47,13.73,3.51,S3,5.163,0,S3,site_s3,S3,S3,S3
1786255812.339,c2,reserve,,0.0,26.34,13.67,3.65,S3,0,,0,36.0,obs,338,26.34,13.67,3.65,S3,26.34,13.67,3.65,S3,26.34,13.67,3.34,S3,5.163,0,S3,site_s3,S3,S3,S3
1786255812.339,c2,search,,0.0,31.1,20.71,10.98,S3,0,,0,4474.0,obs,514,31.1,20.71,10.98,S3,31.1,20.71,10.98,S3,31.1,20.71,10.76,S3,5.163,0,S3,site_s3,S3,S3,S3
1786255812.339,c2,recommend,,0.0,26.76,14.03,4.0,S3,0,,0,200.0,obs,683,26.76,14.03,4.0,S3,26.76,14.03,4.0,S3,26.76,14.03,3.81,S3,5.163,0,S3,site_s3,S3,S3,S3
1786255813.339,c1,reserve,6000,0.053,26.29,13.62,3.6,S3,0,,0,36.0,obs,344,26.29,13.62,3.6,S3,26.29,13.62,3.6,S3,26.29,13.62,3.52,S3,5.347,0,S3,site_s3,S3,S3,S3
1786255813.339,c1,search,6000,6.562,24.54,14.15,4.42,S3,0,,0,4474.0,obs,513,24.54,14.15,4.42,S3,24.54,14.15,4.42,S3,24.54,14.15,4.06,S3,5.347,0,S3,site_s3,S3,S3,S3
1786255813.339,c1,recommend,6000,0.293,26.47,13.73,3.71,S3,0,,0,200.0,obs,678,26.47,13.73,3.71,S3,26.47,13.73,3.71,S3,26.47,13.73,3.45,S3,5.347,0,S3,site_s3,S3,S3,S3
1786255813.339,c2,reserve,,0.0,26.34,13.67,3.65,S3,0,,0,36.0,obs,344,26.34,13.67,3.65,S3,26.34,13.67,3.65,S3,26.34,13.67,3.57,S3,5.347,0,S3,site_s3,S3,S3,S3
1786255813.339,c2,search,,0.0,31.1,20.71,10.98,S3,0,,0,4474.0,obs,513,31.1,20.71,10.98,S3,31.1,20.71,10.98,S3,31.1,20.71,10.62,S3,5.347,0,S3,site_s3,S3,S3,S3
1786255813.339,c2,recommend,,0.0,26.76,14.03,4.0,S3,0,,0,200.0,obs,678,26.76,14.03,4.0,S3,26.76,14.03,4.0,S3,26.76,14.03,3.75,S3,5.347,0,S3,site_s3,S3,S3,S3
1786255814.339,c1,reserve,6000,0.053,26.29,13.62,3.6,S3,0,,0,36.0,obs,343,26.29,13.62,3.6,S3,26.29,13.62,3.6,S3,26.29,13.62,3.52,S3,5.06,0,S3,site_s3,S3,S3,S3
1786255814.339,c1,search,6000,6.562,24.54,14.15,4.42,S3,0,,0,4474.0,obs,510,24.54,14.15,4.42,S3,24.54,14.15,4.42,S3,24.54,14.15,4.13,S3,5.06,0,S3,site_s3,S3,S3,S3
1786255814.339,c1,recommend,6000,0.293,26.47,13.73,3.71,S3,0,,0,200.0,obs,683,26.47,13.73,3.71,S3,26.47,13.73,3.71,S3,26.47,13.73,3.49,S3,5.06,0,S3,site_s3,S3,S3,S3
1786255814.339,c2,reserve,,0.0,26.34,13.67,3.65,S3,0,,0,36.0,obs,343,26.34,13.67,3.65,S3,26.34,13.67,3.65,S3,26.34,13.67,3.57,S3,5.06,0,S3,site_s3,S3,S3,S3
1786255814.339,c2,search,,0.0,31.1,20.71,10.98,S3,0,,0,4474.0,obs,510,31.1,20.71,10.98,S3,31.1,20.71,10.98,S3,31.1,20.71,10.7,S3,5.06,0,S3,site_s3,S3,S3,S3
1786255814.339,c2,recommend,,0.0,26.76,14.03,4.0,S3,0,,0,200.0,obs,683,26.76,14.03,4.0,S3,26.76,14.03,4.0,S3,26.76,14.03,3.78,S3,5.06,0,S3,site_s3,S3,S3,S3
1786255815.339,c1,reserve,6000,0.053,26.29,13.62,3.6,S3,0,,0,36.0,obs,339,26.29,13.62,3.6,S3,26.29,13.62,3.6,S3,26.29,13.62,3.49,S3,5.056,0,S3,site_s3,S3,S3,S3
1786255815.339,c1,search,6000,6.562,24.54,14.15,4.42,S3,0,,0,4474.0,obs,513,24.54,14.15,4.42,S3,24.54,14.15,4.42,S3,24.54,14.15,4.24,S3,5.056,0,S3,site_s3,S3,S3,S3
1786255815.339,c1,recommend,6000,0.293,26.47,13.73,3.71,S3,0,,0,200.0,obs,686,26.47,13.73,3.71,S3,26.47,13.73,3.71,S3,26.47,13.73,3.51,S3,5.056,0,S3,site_s3,S3,S3,S3
1786255815.339,c2,reserve,,0.0,26.34,13.67,3.65,S3,0,,0,36.0,obs,339,26.34,13.67,3.65,S3,26.34,13.67,3.65,S3,26.34,13.67,3.54,S3,5.056,0,S3,site_s3,S3,S3,S3
1786255815.339,c2,search,,0.0,31.1,20.71,10.98,S3,0,,0,4474.0,obs,513,31.1,20.71,10.98,S3,31.1,20.71,10.98,S3,31.1,20.71,10.8,S3,5.056,0,S3,site_s3,S3,S3,S3
1786255815.339,c2,recommend,,0.0,26.76,14.03,4.0,S3,0,,0,200.0,obs,686,26.76,14.03,4.0,S3,26.76,14.03,4.0,S3,26.76,14.03,3.81,S3,5.056,0,S3,site_s3,S3,S3,S3
1786255816.339,c1,reserve,6000,0.053,26.29,13.62,3.6,S3,0,,0,36.0,obs,340,26.29,13.62,3.6,S3,26.29,13.62,3.6,S3,26.29,13.62,3.43,S3,5.234,0,S3,site_s3,S3,S3,S3
1786255816.339,c1,search,6000,6.562,24.54,14.15,4.42,S3,0,,0,4474.0,obs,512,24.54,14.15,4.42,S3,24.54,14.15,4.42,S3,24.54,14.15,4.25,S3,5.234,0,S3,site_s3,S3,S3,S3
1786255816.339,c1,recommend,6000,0.293,26.47,13.73,3.71,S3,0,,0,200.0,obs,686,26.47,13.73,3.71,S3,26.47,13.73,3.71,S3,26.47,13.73,3.51,S3,5.234,0,S3,site_s3,S3,S3,S3
1786255816.339,c2,reserve,,0.0,26.34,13.67,3.65,S3,0,,0,36.0,obs,340,26.34,13.67,3.65,S3,26.34,13.67,3.65,S3,26.34,13.67,3.48,S3,5.234,0,S3,site_s3,S3,S3,S3
1786255816.339,c2,search,,0.0,31.1,20.71,10.98,S3,0,,0,4474.0,obs,512,31.1,20.71,10.98,S3,31.1,20.71,10.98,S3,31.1,20.71,10.81,S3,5.234,0,S3,site_s3,S3,S3,S3
1786255816.339,c2,recommend,,0.0,26.76,14.03,4.0,S3,0,,0,200.0,obs,686,26.76,14.03,4.0,S3,26.76,14.03,4.0,S3,26.76,14.03,3.81,S3,5.234,0,S3,site_s3,S3,S3,S3
1786255817.339,c1,reserve,6000,0.053,26.29,13.62,3.6,S3,0,,0,36.0,obs,342,26.29,13.62,3.6,S3,26.29,13.62,3.6,S3,26.29,13.62,3.35,S3,5.076,0,S3,site_s3,S3,S3,S3
1786255817.339,c1,search,6000,6.562,24.54,14.15,4.42,S3,0,,0,4474.0,obs,515,24.54,14.15,4.42,S3,24.54,14.15,4.42,S3,24.54,14.15,4.1,S3,5.076,0,S3,site_s3,S3,S3,S3
1786255817.339,c1,recommend,6000,0.293,26.47,13.73,3.71,S3,0,,0,200.0,obs,682,26.47,13.73,3.71,S3,26.47,13.73,3.71,S3,26.47,13.73,3.35,S3,5.076,0,S3,site_s3,S3,S3,S3
1786255817.339,c2,reserve,,0.0,26.34,13.67,3.65,S3,0,,0,36.0,obs,342,26.34,13.67,3.65,S3,26.34,13.67,3.65,S3,26.34,13.67,3.4,S3,5.076,0,S3,site_s3,S3,S3,S3
1786255817.339,c2,search,,0.0,31.1,20.71,10.98,S3,0,,0,4474.0,obs,515,31.1,20.71,10.98,S3,31.1,20.71,10.98,S3,31.1,20.71,10.66,S3,5.076,0,S3,site_s3,S3,S3,S3
1786255817.339,c2,recommend,,0.0,26.76,14.03,4.0,S3,0,,0,200.0,obs,682,26.76,14.03,4.0,S3,26.76,14.03,4.0,S3,26.76,14.03,3.65,S3,5.076,0,S3,site_s3,S3,S3,S3
1786255818.339,c1,reserve,6000,0.053,26.29,13.62,3.6,S3,0,,0,36.0,obs,346,26.29,13.62,3.6,S3,26.29,13.62,3.6,S3,26.29,13.62,3.44,S3,5.398,0,S3,site_s3,S3,S3,S3
1786255818.339,c1,search,6000,6.562,24.54,14.15,4.42,S3,0,,0,4474.0,obs,510,24.54,14.15,4.42,S3,24.54,14.15,4.42,S3,24.54,14.15,4.1,S3,5.398,0,S3,site_s3,S3,S3,S3
1786255818.339,c1,recommend,6000,0.293,26.47,13.73,3.71,S3,0,,0,200.0,obs,683,26.47,13.73,3.71,S3,26.47,13.73,3.71,S3,26.47,13.73,3.36,S3,5.398,0,S3,site_s3,S3,S3,S3
1786255818.339,c2,reserve,,0.0,26.34,13.67,3.65,S3,0,,0,36.0,obs,346,26.34,13.67,3.65,S3,26.34,13.67,3.65,S3,26.34,13.67,3.5,S3,5.398,0,S3,site_s3,S3,S3,S3
1786255818.339,c2,search,,0.0,31.1,20.71,10.98,S3,0,,0,4474.0,obs,510,31.1,20.71,10.98,S3,31.1,20.71,10.98,S3,31.1,20.71,10.66,S3,5.398,0,S3,site_s3,S3,S3,S3
1786255818.339,c2,recommend,,0.0,26.76,14.03,4.0,S3,0,,0,200.0,obs,683,26.76,14.03,4.0,S3,26.76,14.03,4.0,S3,26.76,14.03,3.65,S3,5.398,0,S3,site_s3,S3,S3,S3
1786255819.339,c1,reserve,6000,0.053,26.29,13.62,3.6,S3,0,,0,36.0,obs,343,26.29,13.62,3.6,S3,26.29,13.62,3.6,S3,26.29,13.62,3.42,S3,5.247,0,S3,site_s3,S3,S3,S3
1786255819.339,c1,search,6000,6.562,24.54,14.15,4.42,S3,0,,0,4474.0,obs,511,24.54,14.15,4.42,S3,24.54,14.15,4.42,S3,24.54,14.15,4.08,S3,5.247,0,S3,site_s3,S3,S3,S3
1786255819.339,c1,recommend,6000,0.293,26.47,13.73,3.71,S3,0,,0,200.0,obs,687,26.47,13.73,3.71,S3,26.47,13.73,3.71,S3,26.47,13.73,3.5,S3,5.247,0,S3,site_s3,S3,S3,S3
1786255819.339,c2,reserve,,0.0,26.34,13.67,3.65,S3,0,,0,36.0,obs,343,26.34,13.67,3.65,S3,26.34,13.67,3.65,S3,26.34,13.67,3.48,S3,5.247,0,S3,site_s3,S3,S3,S3
1786255819.339,c2,search,,0.0,31.1,20.71,10.98,S3,0,,0,4474.0,obs,511,31.1,20.71,10.98,S3,31.1,20.71,10.98,S3,31.1,20.71,10.64,S3,5.247,0,S3,site_s3,S3,S3,S3
1786255819.339,c2,recommend,,0.0,26.76,14.03,4.0,S3,0,,0,200.0,obs,687,26.76,14.03,4.0,S3,26.76,14.03,4.0,S3,26.76,14.03,3.8,S3,5.247,0,S3,site_s3,S3,S3,S3
1786255820.339,c1,reserve,6000,0.053,26.29,13.62,3.6,S3,0,,0,36.0,obs,340,26.29,13.62,3.6,S3,26.29,13.62,3.6,S3,26.29,13.62,3.39,S3,5.05,0,S3,site_s3,S3,S3,S3
1786255820.339,c1,search,6000,6.562,24.54,14.15,4.42,S3,0,,0,4474.0,obs,513,24.54,14.15,4.42,S3,24.54,14.15,4.42,S3,24.54,14.15,3.86,S3,5.05,0,S3,site_s3,S3,S3,S3
1786255820.339,c1,recommend,6000,0.293,26.47,13.73,3.71,S3,0,,0,200.0,obs,688,26.47,13.73,3.71,S3,26.47,13.73,3.71,S3,26.47,13.73,3.4,S3,5.05,0,S3,site_s3,S3,S3,S3
1786255820.339,c2,reserve,,0.0,26.34,13.67,3.65,S3,0,,0,36.0,obs,340,26.34,13.67,3.65,S3,26.34,13.67,3.65,S3,26.34,13.67,3.45,S3,5.05,0,S3,site_s3,S3,S3,S3
1786255820.339,c2,search,,0.0,31.1,20.71,10.98,S3,0,,0,4474.0,obs,513,31.1,20.71,10.98,S3,31.1,20.71,10.98,S3,31.1,20.71,10.42,S3,5.05,0,S3,site_s3,S3,S3,S3
1786255820.339,c2,recommend,,0.0,26.76,14.03,4.0,S3,0,,0,200.0,obs,688,26.76,14.03,4.0,S3,26.76,14.03,4.0,S3,26.76,14.03,3.7,S3,5.05,0,S3,site_s3,S3,S3,S3
1786255821.339,c1,reserve,6000,0.053,26.29,13.62,3.6,S3,0,,0,36.0,obs,340,26.29,13.62,3.6,S3,26.29,13.62,3.6,S3,26.29,13.62,3.5,S3,5.181,0,S3,site_s3,S3,S3,S3
1786255821.339,c1,search,6000,6.562,24.54,14.15,4.42,S3,0,,0,4474.0,obs,515,24.54,14.15,4.42,S3,24.54,14.15,4.42,S3,24.54,14.15,3.95,S3,5.181,0,S3,site_s3,S3,S3,S3
1786255821.339,c1,recommend,6000,0.293,26.47,13.73,3.71,S3,0,,0,200.0,obs,685,26.47,13.73,3.71,S3,26.47,13.73,3.71,S3,26.47,13.73,3.36,S3,5.181,0,S3,site_s3,S3,S3,S3
1786255821.339,c2,reserve,,0.0,26.34,13.67,3.65,S3,0,,0,36.0,obs,340,26.34,13.67,3.65,S3,26.34,13.67,3.65,S3,26.34,13.67,3.55,S3,5.181,0,S3,site_s3,S3,S3,S3
1786255821.339,c2,search,,0.0,31.1,20.71,10.98,S3,0,,0,4474.0,obs,515,31.1,20.71,10.98,S3,31.1,20.71,10.98,S3,31.1,20.71,10.51,S3,5.181,0,S3,site_s3,S3,S3,S3
1786255821.339,c2,recommend,,0.0,26.76,14.03,4.0,S3,0,,0,200.0,obs,685,26.76,14.03,4.0,S3,26.76,14.03,4.0,S3,26.76,14.03,3.66,S3,5.181,0,S3,site_s3,S3,S3,S3
1786255822.339,c1,reserve,6000,0.053,26.29,13.62,3.6,S3,0,,0,36.0,obs,345,26.29,13.62,3.6,S3,26.29,13.62,3.6,S3,26.29,13.62,3.5,S3,5.277,0,S3,site_s3,S3,S3,S3
1786255822.339,c1,search,6000,6.562,24.54,14.15,4.42,S3,0,,0,4474.0,obs,515,24.54,14.15,4.42,S3,24.54,14.15,4.42,S3,24.54,14.15,4.14,S3,5.277,0,S3,site_s3,S3,S3,S3
1786255822.339,c1,recommend,6000,0.293,26.47,13.73,3.71,S3,0,,0,200.0,obs,681,26.47,13.73,3.71,S3,26.47,13.73,3.71,S3,26.47,13.73,3.38,S3,5.277,0,S3,site_s3,S3,S3,S3
1786255822.339,c2,reserve,,0.0,26.34,13.67,3.65,S3,0,,0,36.0,obs,345,26.34,13.67,3.65,S3,26.34,13.67,3.65,S3,26.34,13.67,3.55,S3,5.277,0,S3,site_s3,S3,S3,S3
1786255822.339,c2,search,,0.0,31.1,20.71,10.98,S3,0,,0,4474.0,obs,515,31.1,20.71,10.98,S3,31.1,20.71,10.98,S3,31.1,20.71,10.71,S3,5.277,0,S3,site_s3,S3,S3,S3
1786255822.339,c2,recommend,,0.0,26.76,14.03,4.0,S3,0,,0,200.0,obs,681,26.76,14.03,4.0,S3,26.76,14.03,4.0,S3,26.76,14.03,3.67,S3,5.277,0,S3,site_s3,S3,S3,S3
1786255823.339,c1,reserve,6000,0.053,26.29,13.62,3.6,S3,0,,0,36.0,obs,346,26.29,13.62,3.6,S3,26.29,13.62,3.6,S3,26.29,13.62,3.44,S3,5.285,0,S3,site_s3,S3,S3,S3
1786255823.339,c1,search,6000,6.562,24.54,14.15,4.42,S3,0,,0,4474.0,obs,512,24.54,14.15,4.42,S3,24.54,14.15,4.42,S3,24.54,14.15,4.07,S3,5.285,0,S3,site_s3,S3,S3,S3
1786255823.339,c1,recommend,6000,0.293,26.47,13.73,3.71,S3,0,,0,200.0,obs,685,26.47,13.73,3.71,S3,26.47,13.73,3.71,S3,26.47,13.73,3.47,S3,5.285,0,S3,site_s3,S3,S3,S3
1786255823.339,c2,reserve,,0.0,26.34,13.67,3.65,S3,0,,0,36.0,obs,346,26.34,13.67,3.65,S3,26.34,13.67,3.65,S3,26.34,13.67,3.49,S3,5.285,0,S3,site_s3,S3,S3,S3
1786255823.339,c2,search,,0.0,31.1,20.71,10.98,S3,0,,0,4474.0,obs,512,31.1,20.71,10.98,S3,31.1,20.71,10.98,S3,31.1,20.71,10.63,S3,5.285,0,S3,site_s3,S3,S3,S3
1786255823.339,c2,recommend,,0.0,26.76,14.03,4.0,S3,0,,0,200.0,obs,685,26.76,14.03,4.0,S3,26.76,14.03,4.0,S3,26.76,14.03,3.76,S3,5.285,0,S3,site_s3,S3,S3,S3
1786255824.339,c1,reserve,6000,0.053,26.29,13.62,3.6,S3,0,,0,36.0,obs,341,26.29,13.62,3.6,S3,26.29,13.62,3.6,S3,26.29,13.62,3.38,S3,5.019,0,S3,site_s3,S3,S3,S3
1786255824.339,c1,search,6000,6.562,24.54,14.15,4.42,S3,0,,0,4474.0,obs,513,24.54,14.15,4.42,S3,24.54,14.15,4.42,S3,24.54,14.15,4.05,S3,5.019,0,S3,site_s3,S3,S3,S3
1786255824.339,c1,recommend,6000,0.293,26.47,13.73,3.71,S3,0,,0,200.0,obs,689,26.47,13.73,3.71,S3,26.47,13.73,3.71,S3,26.47,13.73,3.47,S3,5.019,0,S3,site_s3,S3,S3,S3
1786255824.339,c2,reserve,,0.0,26.34,13.67,3.65,S3,0,,0,36.0,obs,341,26.34,13.67,3.65,S3,26.34,13.67,3.65,S3,26.34,13.67,3.43,S3,5.019,0,S3,site_s3,S3,S3,S3
1786255824.339,c2,search,,0.0,31.1,20.71,10.98,S3,0,,0,4474.0,obs,513,31.1,20.71,10.98,S3,31.1,20.71,10.98,S3,31.1,20.71,10.62,S3,5.019,0,S3,site_s3,S3,S3,S3
1786255824.339,c2,recommend,,0.0,26.76,14.03,4.0,S3,0,,0,200.0,obs,689,26.76,14.03,4.0,S3,26.76,14.03,4.0,S3,26.76,14.03,3.76,S3,5.019,0,S3,site_s3,S3,S3,S3
1786255825.339,c1,reserve,6000,0.053,26.29,13.62,3.6,S3,0,,0,36.0,obs,341,26.29,13.62,3.6,S3,26.29,13.62,3.6,S3,26.29,13.62,3.44,S3,5.187,0,S3,site_s3,S3,S3,S3
1786255825.339,c1,search,6000,6.562,24.54,14.15,4.42,S3,0,,0,4474.0,obs,515,24.54,14.15,4.42,S3,24.54,14.15,4.42,S3,24.54,14.15,4.1,S3,5.187,0,S3,site_s3,S3,S3,S3
1786255825.339,c1,recommend,6000,0.293,26.47,13.73,3.71,S3,0,,0,200.0,obs,690,26.47,13.73,3.71,S3,26.47,13.73,3.71,S3,26.47,13.73,3.54,S3,5.187,0,S3,site_s3,S3,S3,S3
1786255825.339,c2,reserve,,0.0,26.34,13.67,3.65,S3,0,,0,36.0,obs,341,26.34,13.67,3.65,S3,26.34,13.67,3.65,S3,26.34,13.67,3.49,S3,5.187,0,S3,site_s3,S3,S3,S3
1786255825.339,c2,search,,0.0,31.1,20.71,10.98,S3,0,,0,4474.0,obs,515,31.1,20.71,10.98,S3,31.1,20.71,10.98,S3,31.1,20.71,10.66,S3,5.187,0,S3,site_s3,S3,S3,S3
1786255825.339,c2,recommend,,0.0,26.76,14.03,4.0,S3,0,,0,200.0,obs,690,26.76,14.03,4.0,S3,26.76,14.03,4.0,S3,26.76,14.03,3.84,S3,5.187,0,S3,site_s3,S3,S3,S3
1786255826.339,c1,reserve,6000,0.053,26.29,13.62,3.6,S3,0,,0,36.0,obs,343,26.29,13.62,3.6,S3,26.29,13.62,3.6,S3,26.29,13.62,3.5,S3,5.285,0,S3,site_s3,S3,S3,S3
1786255826.339,c1,search,6000,6.562,24.54,14.15,4.42,S3,0,,0,4474.0,obs,517,24.54,14.15,4.42,S3,24.54,14.15,4.42,S3,24.54,14.15,3.97,S3,5.285,0,S3,site_s3,S3,S3,S3
1786255826.339,c1,recommend,6000,0.293,26.47,13.73,3.71,S3,0,,0,200.0,obs,685,26.47,13.73,3.71,S3,26.47,13.73,3.71,S3,26.47,13.73,3.47,S3,5.285,0,S3,site_s3,S3,S3,S3
1786255826.339,c2,reserve,,0.0,26.34,13.67,3.65,S3,0,,0,36.0,obs,343,26.34,13.67,3.65,S3,26.34,13.67,3.65,S3,26.34,13.67,3.55,S3,5.285,0,S3,site_s3,S3,S3,S3
1786255826.339,c2,search,,0.0,31.1,20.71,10.98,S3,0,,0,4474.0,obs,517,31.1,20.71,10.98,S3,31.1,20.71,10.98,S3,31.1,20.71,10.53,S3,5.285,0,S3,site_s3,S3,S3,S3
1786255826.339,c2,recommend,,0.0,26.76,14.03,4.0,S3,0,,0,200.0,obs,685,26.76,14.03,4.0,S3,26.76,14.03,4.0,S3,26.76,14.03,3.77,S3,5.285,0,S3,site_s3,S3,S3,S3
1786255827.339,c1,reserve,6000,0.053,26.29,13.62,3.6,S3,0,,0,36.0,obs,348,26.29,13.62,3.6,S3,26.29,13.62,3.6,S3,26.29,13.62,3.43,S3,5.048,0,S3,site_s3,S3,S3,S3
1786255827.339,c1,search,6000,6.562,24.54,14.15,4.42,S3,0,,0,4474.0,obs,513,24.54,14.15,4.42,S3,24.54,14.15,4.42,S3,24.54,14.15,3.82,S3,5.048,0,S3,site_s3,S3,S3,S3
1786255827.339,c1,recommend,6000,0.293,26.47,13.73,3.71,S3,0,,0,200.0,obs,685,26.47,13.73,3.71,S3,26.47,13.73,3.71,S3,26.47,13.73,3.37,S3,5.048,0,S3,site_s3,S3,S3,S3
1786255827.339,c2,reserve,,0.0,26.34,13.67,3.65,S3,0,,0,36.0,obs,348,26.34,13.67,3.65,S3,26.34,13.67,3.65,S3,26.34,13.67,3.48,S3,5.048,0,S3,site_s3,S3,S3,S3
1786255827.339,c2,search,,0.0,31.1,20.71,10.98,S3,0,,0,4474.0,obs,513,31.1,20.71,10.98,S3,31.1,20.71,10.98,S3,31.1,20.71,10.38,S3,5.048,0,S3,site_s3,S3,S3,S3
1786255827.339,c2,recommend,,0.0,26.76,14.03,4.0,S3,0,,0,200.0,obs,685,26.76,14.03,4.0,S3,26.76,14.03,4.0,S3,26.76,14.03,3.66,S3,5.048,0,S3,site_s3,S3,S3,S3
1786255828.337,c1,reserve,6000,0.053,26.29,13.62,3.6,S3,0,,0,36.0,prior_fill,264,26.29,13.62,3.6,S3,26.29,13.62,3.6,S3,26.29,13.62,3.6,S3,3.126,0,S3,site_s3,S3,S3,S3
1786255828.337,c1,search,6000,6.562,24.54,14.15,4.42,S3,0,,0,4474.0,prior_fill,397,24.54,14.15,4.42,S3,24.54,14.15,4.42,S3,24.54,14.15,4.42,S3,3.126,0,S3,site_s3,S3,S3,S3
1786255828.337,c1,recommend,6000,0.293,26.47,13.73,3.71,S3,0,,0,200.0,prior_fill,531,26.47,13.73,3.71,S3,26.47,13.73,3.71,S3,26.47,13.73,3.71,S3,3.126,0,S3,site_s3,S3,S3,S3
1786255828.337,c2,reserve,,0.0,26.34,13.67,3.65,S3,0,,0,36.0,prior_fill,264,26.34,13.67,3.65,S3,26.34,13.67,3.65,S3,26.34,13.67,3.65,S3,3.126,0,S3,site_s3,S3,S3,S3
1786255828.337,c2,search,,0.0,31.1,20.71,10.98,S3,0,,0,4474.0,prior_fill,397,31.1,20.71,10.98,S3,31.1,20.71,10.98,S3,31.1,20.71,10.98,S3,3.126,0,S3,site_s3,S3,S3,S3
1786255828.337,c2,recommend,,0.0,26.76,14.03,4.0,S3,0,,0,200.0,prior_fill,531,26.76,14.03,4.0,S3,26.76,14.03,4.0,S3,26.76,14.03,4.0,S3,3.126,0,S3,site_s3,S3,S3,S3
1786255829.334,c1,reserve,,0.0,26.34,13.67,3.65,S3,0,,0,36.0,prior_fill,85,26.34,13.67,3.65,S3,26.34,13.67,3.65,S3,26.34,13.67,3.65,S3,0.674,0,S3,site_s3,S3,S3,S3
1786255829.334,c1,search,,0.0,31.1,20.71,10.98,S3,0,,0,4474.0,prior_fill,130,31.1,20.71,10.98,S3,31.1,20.71,10.98,S3,31.1,20.71,10.98,S3,0.674,0,S3,site_s3,S3,S3,S3
1786255829.334,c1,recommend,,0.0,26.76,14.03,4.0,S3,0,,0,200.0,prior_fill,177,26.76,14.03,4.0,S3,26.76,14.03,4.0,S3,26.76,14.03,4.0,S3,0.674,0,S3,site_s3,S3,S3,S3
1786255829.334,c2,reserve,,0.0,26.34,13.67,3.65,S3,0,,0,36.0,prior_fill,85,26.34,13.67,3.65,S3,26.34,13.67,3.65,S3,26.34,13.67,3.65,S3,0.674,0,S3,site_s3,S3,S3,S3
1786255829.334,c2,search,,0.0,31.1,20.71,10.98,S3,0,,0,4474.0,prior_fill,130,31.1,20.71,10.98,S3,31.1,20.71,10.98,S3,31.1,20.71,10.98,S3,0.674,0,S3,site_s3,S3,S3,S3
1786255829.334,c2,recommend,,0.0,26.76,14.03,4.0,S3,0,,0,200.0,prior_fill,177,26.76,14.03,4.0,S3,26.76,14.03,4.0,S3,26.76,14.03,4.0,S3,0.674,0,S3,site_s3,S3,S3,S3
