ts,cohort,class,observed_rate_kbit,d_acc_ms,slack_s1,slack_s2,slack_s3,chosen_site,changed,apply_latency_ms,expectant,resp_bytes_est,resp_bytes_src,resp_bytes_n,slack_const_s1,slack_const_s2,slack_const_s3,chosen_site_const,slack_bytesonly_s1,slack_bytesonly_s2,slack_bytesonly_s3,chosen_site_bytesonly,slack_fconly_s1,slack_fconly_s2,slack_fconly_s3,chosen_site_fconly,obs_update_ms,backlog_bytes,feasible_set,subset_cluster,feasible_set_const,feasible_set_bytesonly,feasible_set_fconly,unit_rate_rps,l_eff_s1,l_eff_s2,l_eff_s3,cap_ok_s1,cap_ok_s2,cap_ok_s3,blocked_by,cap_blocked_sites
1786353055.784,c1,reserve,,0.0,26.34,13.67,3.65,S3,1,2.68,0,36.0,prior,0,26.34,13.67,3.65,S3,26.34,13.67,3.65,S3,26.34,13.67,3.65,S3,0.053,0,S3,site_s3,S3,S3,S3,0.0,0.0,0.0,0.0,1,1,1,,
1786353055.784,c1,search,,0.0,31.1,20.71,10.98,S3,1,0.54,0,4474.0,prior,0,31.1,20.71,10.98,S3,31.1,20.71,10.98,S3,31.1,20.71,10.98,S3,0.053,0,S3,site_s3,S3,S3,S3,0.0,0.0,0.0,0.0,1,1,1,,
1786353055.784,c1,recommend,,0.0,26.76,14.03,4.0,S3,1,0.55,0,200.0,prior,0,26.76,14.03,4.0,S3,26.76,14.03,4.0,S3,26.76,14.03,4.0,S3,0.053,0,S3,site_s3,S3,S3,S3,0.0,0.0,0.0,0.0,1,1,1,,
1786353055.784,c2,reserve,,0.0,26.34,13.67,3.65,S3,1,0.51,0,36.0,prior,0,26.34,13.67,3.65,S3,26.34,13.67,3.65,S3,26.34,13.67,3.65,S3,0.053,0,S3,site_s3,S3,S3,S3,0.0,0.0,0.0,0.0,1,1,1,,
1786353055.784,c2,search,,0.0,31.1,20.71,10.98,S3,1,0.57,0,4474.0,prior,0,31.1,20.71,10.98,S3,31.1,20.71,10.98,S3,31.1,20.71,10.98,S3,0.053,0,S3,site_s3,S3,S3,S3,0.0,0.0,0.0,0.0,1,1,1,,
1786353055.784,c2,recommend,,0.0,26.76,14.03,4.0,S3,1,0.49,0,200.0,prior,0,26.76,14.03,4.0,S3,26.76,14.03,4.0,S3,26.76,14.03,4.0,S3,0.053,0,S3,site_s3,S3,S3,S3,0.0,0.0,0.0,0.0,1,1,1,,
1786353056.785,c1,reserve,,0.0,26.34,13.67,3.65,S3,0,,0,36.0,prior,0,26.34,13.67,3.65,S3,26.34,13.67,3.65,S3,26.34,13.67,3.65,S3,0.098,0,S3,site_s3,S3,S3,S3,0.0,0.0,0.0,0.0,1,1,1,,
1786353056.785,c1,search,,0.0,31.1,20.71,10.98,S3,0,,0,4474.0,prior,0,31.1,20.71,10.98,S3,31.1,20.71,10.98,S3,31.1,20.71,10.98,S3,0.098,0,S3,site_s3,S3,S3,S3,0.0,0.0,0.0,0.0,1,1,1,,
1786353056.785,c1,recommend,,0.0,26.76,14.03,4.0,S3,0,,0,200.0,prior,0,26.76,14.03,4.0,S3,26.76,14.03,4.0,S3,26.76,14.03,4.0,S3,0.098,0,S3,site_s3,S3,S3,S3,0.0,0.0,0.0,0.0,1,1,1,,
1786353056.785,c2,reserve,,0.0,26.34,13.67,3.65,S3,0,,0,36.0,prior,0,26.34,13.67,3.65,S3,26.34,13.67,3.65,S3,26.34,13.67,3.65,S3,0.098,0,S3,site_s3,S3,S3,S3,0.0,0.0,0.0,0.0,1,1,1,,
1786353056.785,c2,search,,0.0,31.1,20.71,10.98,S3,0,,0,4474.0,prior,0,31.1,20.71,10.98,S3,31.1,20.71,10.98,S3,31.1,20.71,10.98,S3,0.098,0,S3,site_s3,S3,S3,S3,0.0,0.0,0.0,0.0,1,1,1,,
1786353056.785,c2,recommend,,0.0,26.76,14.03,4.0,S3,0,,0,200.0,prior,0,26.76,14.03,4.0,S3,26.76,14.03,4.0,S3,26.76,14.03,4.0,S3,0.098,0,S3,site_s3,S3,S3,S3,0.0,0.0,0.0,0.0,1,1,1,,
1786353057.786,c1,reserve,,0.0,26.34,13.67,3.65,S3,0,,0,36.0,prior,0,26.34,13.67,3.65,S3,26.34,13.67,3.65,S3,26.34,13.67,3.65,S3,0.1,0,S3,site_s3,S3,S3,S3,0.0,0.0,0.0,0.0,1,1,1,,
1786353057.786,c1,search,,0.0,31.1,20.71,10.98,S3,0,,0,4474.0,prior,0,31.1,20.71,10.98,S3,31.1,20.71,10.98,S3,31.1,20.71,10.98,S3,0.1,0,S3,site_s3,S3,S3,S3,0.0,0.0,0.0,0.0,1,1,1,,
1786353057.786,c1,recommend,,0.0,26.76,14.03,4.0,S3,0,,0,200.0,prior,0,26.76,14.03,4.0,S3,26.76,14.03,4.0,S3,26.76,14.03,4.0,S3,0.1,0,S3,site_s3,S3,S3,S3,0.0,0.0,0.0,0.0,1,1,1,,
1786353057.786,c2,reserve,,0.0,26.34,13.67,3.65,S3,0,,0,36.0,prior,0,26.34,13.67,3.65,S3,26.34,13.67,3.65,S3,26.34,13.67,3.65,S3,0.1,0,S3,site_s3,S3,S3,S3,0.0,0.0,0.0,0.0,1,1,1,,
1786353057.786,c2,search,,0.0,31.1,20.71,10.98,S3,0,,0,4474.0,prior,0,31.1,20.71,10.98,S3,31.1,20.71,10.98,S3,31.1,20.71,10.98,S3,0.1,0,S3,site_s3,S3,S3,S3,0.0,0.0,0.0,0.0,1,1,1,,
1786353057.786,c2,recommend,,0.0,26.76,14.03,4.0,S3,0,,0,200.0,prior,0,26.76,14.03,4.0,S3,26.76,14.03,4.0,S3,26.76,14.03,4.0,S3,0.1,0,S3,site_s3,S3,S3,S3,0.0,0.0,0.0,0.0,1,1,1,,
1786353058.785,c1,reserve,,0.0,26.34,13.67,3.65,S3,0,,0,36.0,prior,0,26.34,13.67,3.65,S3,26.34,13.67,3.65,S3,26.34,13.67,3.65,S3,0.1,0,S3,site_s3,S3,S3,S3,0.0,0.0,0.0,0.0,1,1,1,,
1786353058.785,c1,search,,0.0,31.1,20.71,10.98,S3,0,,0,4474.0,prior,0,31.1,20.71,10.98,S3,31.1,20.71,10.98,S3,31.1,20.71,10.98,S3,0.1,0,S3,site_s3,S3,S3,S3,0.0,0.0,0.0,0.0,1,1,1,,
1786353058.785,c1,recommend,,0.0,26.76,14.03,4.0,S3,0,,0,200.0,prior,0,26.76,14.03,4.0,S3,26.76,14.03,4.0,S3,26.76,14.03,4.0,S3,0.1,0,S3,site_s3,S3,S3,S3,0.0,0.0,0.0,0.0,1,1,1,,
1786353058.785,c2,reserve,,0.0,26.34,13.67,3.65,S3,0,,0,36.0,prior,0,26.34,13.67,3.65,S3,26.34,13.67,3.65,S3,26.34,13.67,3.65,S3,0.1,0,S3,site_s3,S3,S3,S3,0.0,0.0,0.0,0.0,1,1,1,,
1786353058.785,c2,search,,0.0,31.1,20.71,10.98,S3,0,,0,4474.0,prior,0,31.1,20.71,10.98,S3,31.1,20.71,10.98,S3,31.1,20.71,10.98,S3,0.1,0,S3,site_s3,S3,S3,S3,0.0,0.0,0.0,0.0,1,1,1,,
1786353058.785,c2,recommend,,0.0,26.76,14.03,4.0,S3,0,,0,200.0,prior,0,26.76,14.03,4.0,S3,26.76,14.03,4.0,S3,26.76,14.03,4.0,S3,0.1,0,S3,site_s3,S3,S3,S3,0.0,0.0,0.0,0.0,1,1,1,,
1786353059.788,c1,reserve,,0.0,26.34,13.67,3.65,S3,0,,0,36.0,prior_fill,48,26.34,13.67,3.65,S3,26.34,13.67,3.65,S3,26.34,13.67,3.65,S3,2.594,0,S3,site_s3,S3,S3,S3,12.0,0.0,0.0,3.3,1,1,1,,
1786353059.788,c1,search,,0.0,31.1,20.71,10.98,S3,0,,0,4474.0,prior_fill,81,31.1,20.71,10.98,S3,31.1,20.71,10.98,S3,31.1,20.71,10.98,S3,2.594,0,S3,site_s3,S3,S3,S3,20.5,0.0,0.0,23.8,1,1,1,,
1786353059.788,c1,recommend,,0.0,26.76,14.03,4.0,S3,0,,0,200.0,prior_fill,119,26.76,14.03,4.0,S3,26.76,14.03,4.0,S3,26.76,14.03,4.0,S3,2.594,0,S3,site_s3,S3,S3,S3,30.0,0.0,0.0,29.2,1,1,1,,
1786353059.788,c2,reserve,,0.0,26.34,13.67,3.65,S3,0,,0,36.0,prior_fill,48,26.34,13.67,3.65,S3,26.34,13.67,3.65,S3,26.34,13.67,3.65,S3,2.594,0,S3,site_s3,S3,S3,S3,12.0,0.0,0.0,32.5,1,1,1,,
1786353059.788,c2,search,,0.0,31.1,20.71,10.98,S3,0,,0,4474.0,prior_fill,81,31.1,20.71,10.98,S3,31.1,20.71,10.98,S3,31.1,20.71,10.98,S3,2.594,0,S3,site_s3,S3,S3,S3,20.0,0.0,0.0,52.5,1,1,1,,
1786353059.788,c2,recommend,,0.0,26.76,14.03,4.0,S3,0,,0,200.0,prior_fill,119,26.76,14.03,4.0,S3,26.76,14.03,4.0,S3,26.76,14.03,4.0,S3,2.594,0,S3,site_s3,S3,S3,S3,29.5,0.0,0.0,57.8,1,1,1,,
1786353060.799,c1,reserve,,0.0,26.34,13.67,3.65,S3,0,,0,36.0,prior_fill,390,26.34,13.67,3.65,S3,26.34,13.67,3.65,S3,26.34,13.67,3.65,S3,13.185,0,S3,site_s3,S3,S3,S3,97.5,0.0,0.0,27.1,1,1,1,,
1786353060.799,c1,search,,0.0,31.1,20.71,10.98,S3,0,,0,4474.0,prior_fill,581,31.1,20.71,10.98,S3,31.1,20.71,10.98,S3,31.1,20.71,10.98,S3,13.185,0,S3,site_s3,S3,S3,S3,146.0,0.0,0.0,173.1,1,1,1,,
1786353060.799,c1,recommend,,0.0,26.76,14.03,4.0,S3,0,,0,200.0,prior_fill,768,26.76,14.03,4.0,S3,26.76,14.03,4.0,S3,26.76,14.03,4.0,S3,13.185,0,S3,site_s3,S3,S3,S3,191.5,0.0,0.0,207.2,1,1,1,,
1786353060.799,c2,reserve,,0.0,26.34,13.67,3.65,S3,0,,0,36.0,prior_fill,390,26.34,13.67,3.65,S3,26.34,13.67,3.65,S3,26.34,13.67,3.65,S3,13.185,0,S3,site_s3,S3,S3,S3,97.5,0.0,0.0,234.3,1,1,1,,
1786353060.799,c2,search,,0.0,31.1,20.71,10.98,S3,0,,0,4474.0,prior_fill,581,31.1,20.71,10.98,S3,31.1,20.71,10.98,S3,31.1,20.71,10.98,S3,13.185,0,S3,site_s3,S3,S3,S3,144.5,0.0,0.0,378.8,1,1,1,,
1786353060.799,c2,recommend,,0.0,26.76,14.03,4.0,S3,0,,0,200.0,prior_fill,768,26.76,14.03,4.0,S3,26.76,14.03,4.0,S3,26.76,14.03,4.0,S3,13.185,0,S3,site_s3,S3,S3,S3,192.5,0.0,0.0,413.1,1,1,1,,
1786353061.798,c1,reserve,,0.0,26.34,13.67,-3.7,S2,1,0.78,0,36.0,obs,629,26.34,13.67,3.65,S3,26.34,13.67,3.65,S3,26.34,13.67,-3.7,S2,12.821,0,S2,site_s2,S3,S3,S2,159.5,0.0,44.3,0.0,1,1,1,,
1786353061.798,c1,search,,0.0,31.1,20.71,-2.17,S2,1,0.57,0,4474.0,obs,944,31.1,20.71,10.98,S3,31.1,20.71,10.98,S3,31.1,20.71,-2.17,S2,12.821,0,S2,site_s2,S3,S3,S2,237.5,0.0,281.8,0.0,1,1,1,,
1786353061.798,c1,recommend,,0.0,26.76,14.03,-0.12,S2,1,0.51,0,200.0,obs,1239,26.76,14.03,4.0,S3,26.76,14.03,4.0,S3,26.76,14.03,-0.12,S2,12.821,0,S2,site_s2,S3,S3,S2,311.0,0.0,337.2,0.0,1,1,1,,
1786353061.798,c2,reserve,,0.0,26.34,13.67,-3.7,S2,1,0.58,0,36.0,obs,629,26.34,13.67,3.65,S3,26.34,13.67,3.65,S3,26.34,13.67,-3.7,S2,12.821,0,S2,site_s2,S3,S3,S2,155.0,0.0,380.3,0.0,1,1,1,,
1786353061.798,c2,search,,0.0,31.1,20.71,-2.17,S1,1,0.51,0,4474.0,obs,944,31.1,20.71,10.98,S3,31.1,20.71,10.98,S3,31.1,20.71,-2.17,S2,12.821,0,S1,site_s1,S3,S3,S2,234.5,234.5,380.3,0.0,1,1,1,capacity,S2
1786353061.798,c2,recommend,,0.0,26.76,14.03,-0.12,S2,1,0.55,0,200.0,obs,1239,26.76,14.03,4.0,S3,26.76,14.03,4.0,S3,26.76,14.03,-0.12,S2,12.821,0,S2,site_s2,S3,S3,S2,308.5,234.5,435.2,0.0,1,1,1,,
1786353062.800,c1,reserve,,0.0,26.34,13.67,3.65,S3,1,0.75,0,36.0,obs,591,26.34,13.67,3.65,S3,26.34,13.67,3.65,S3,26.34,13.67,3.65,S3,14.14,0,S3,site_s3,S3,S3,S3,146.5,0.0,0.0,40.7,1,1,1,,
1786353062.800,c1,search,,0.0,31.1,20.71,10.98,S3,1,0.48,0,4511.25,obs,895,31.1,20.71,10.98,S3,31.1,20.71,10.98,S3,31.1,20.71,10.98,S3,14.14,0,S3,site_s3,S3,S3,S3,222.5,0.0,0.0,263.2,1,1,1,,
1786353062.800,c1,recommend,,0.0,26.76,14.03,4.0,S3,1,0.55,0,200.0,obs,1191,26.76,14.03,4.0,S3,26.76,14.03,4.0,S3,26.76,14.03,4.0,S3,14.14,0,S3,site_s3,S3,S3,S3,296.5,0.0,0.0,316.0,1,1,1,,
1786353062.800,c2,reserve,,0.0,26.34,13.67,3.65,S3,1,0.55,0,36.0,obs,591,26.34,13.67,3.65,S3,26.34,13.67,3.65,S3,26.34,13.67,3.65,S3,14.14,0,S3,site_s3,S3,S3,S3,148.5,0.0,0.0,357.3,1,1,1,,
1786353062.800,c2,search,,0.0,31.1,20.71,10.98,S3,1,0.48,0,4511.25,obs,895,31.1,20.71,10.98,S3,31.1,20.71,10.98,S3,31.1,20.71,10.98,S3,14.14,0,S3,site_s3,S3,S3,S3,224.5,0.0,0.0,581.8,1,1,1,,
1786353062.800,c2,recommend,,0.0,26.76,14.03,4.0,S3,1,0.53,0,200.0,obs,1191,26.76,14.03,4.0,S3,26.76,14.03,4.0,S3,26.76,14.03,4.0,S3,14.14,0,S3,site_s3,S3,S3,S3,299.0,0.0,0.0,635.0,1,1,1,,
1786353063.798,c1,reserve,,0.0,26.34,13.67,1.97,S3,0,,0,36.0,obs,597,26.34,13.67,3.65,S3,26.34,13.67,3.65,S3,26.34,13.67,1.97,S3,12.752,0,S3,site_s3,S3,S3,S3,149.5,0.0,0.0,41.6,1,1,1,,
1786353063.798,c1,search,,0.0,31.1,20.71,7.03,S3,0,,0,4515.36,obs,890,31.1,20.71,10.98,S3,31.1,20.71,10.98,S3,31.1,20.71,7.03,S3,12.752,0,S3,site_s3,S3,S3,S3,222.0,0.0,0.0,263.6,1,1,1,,
1786353063.798,c1,recommend,,0.0,26.76,14.03,2.7,S3,0,,0,200.0,obs,1185,26.76,14.03,4.0,S3,26.76,14.03,4.0,S3,26.76,14.03,2.7,S3,12.752,0,S3,site_s3,S3,S3,S3,296.0,0.0,0.0,316.2,1,1,1,,
1786353063.798,c2,reserve,,0.0,26.34,13.67,1.97,S3,0,,0,36.0,obs,597,26.34,13.67,3.65,S3,26.34,13.67,3.65,S3,26.34,13.67,1.97,S3,12.752,0,S3,site_s3,S3,S3,S3,149.0,0.0,0.0,357.7,1,1,1,,
1786353063.798,c2,search,,0.0,31.1,20.71,7.03,S3,0,,0,4515.36,obs,890,31.1,20.71,10.98,S3,31.1,20.71,10.98,S3,31.1,20.71,7.03,S3,12.752,0,S3,site_s3,S3,S3,S3,222.5,0.0,0.0,580.2,1,1,1,,
1786353063.798,c2,recommend,,0.0,26.76,14.03,2.7,S3,0,,0,200.0,obs,1185,26.76,14.03,4.0,S3,26.76,14.03,4.0,S3,26.76,14.03,2.7,S3,12.752,0,S3,site_s3,S3,S3,S3,296.5,0.0,0.0,632.9,1,1,1,,
1786353064.799,c1,reserve,,0.0,26.34,13.67,1.77,S3,0,,0,36.0,obs,592,26.34,13.67,3.65,S3,26.34,13.67,3.65,S3,26.34,13.67,1.77,S3,13.837,0,S3,site_s3,S3,S3,S3,148.0,0.0,0.0,41.1,1,1,1,,
1786353064.799,c1,search,,0.0,31.1,20.71,6.47,S3,0,,0,4474.7,obs,897,31.1,20.71,10.98,S3,31.1,20.71,10.98,S3,31.1,20.71,6.47,S3,13.837,0,S3,site_s3,S3,S3,S3,223.0,0.0,0.0,264.1,1,1,1,,
1786353064.799,c1,recommend,,0.0,26.76,14.03,2.55,S3,0,,0,200.0,obs,1198,26.76,14.03,4.0,S3,26.76,14.03,4.0,S3,26.76,14.03,2.55,S3,13.837,0,S3,site_s3,S3,S3,S3,299.5,0.0,0.0,317.5,1,1,1,,
1786353064.799,c2,reserve,,0.0,26.34,13.67,1.77,S3,0,,0,36.0,obs,592,26.34,13.67,3.65,S3,26.34,13.67,3.65,S3,26.34,13.67,1.77,S3,13.837,0,S3,site_s3,S3,S3,S3,148.0,0.0,0.0,358.6,1,1,1,,
1786353064.799,c2,search,,0.0,31.1,20.71,6.47,S3,0,,0,4474.7,obs,897,31.1,20.71,10.98,S3,31.1,20.71,10.98,S3,31.1,20.71,6.47,S3,13.837,0,S3,site_s3,S3,S3,S3,222.5,0.0,0.0,581.1,1,1,1,,
1786353064.799,c2,recommend,,0.0,26.76,14.03,2.55,S3,0,,0,200.0,obs,1198,26.76,14.03,4.0,S3,26.76,14.03,4.0,S3,26.76,14.03,2.55,S3,13.837,0,S3,site_s3,S3,S3,S3,298.5,0.0,0.0,634.2,1,1,1,,
1786353065.799,c1,reserve,,0.0,26.34,13.67,1.67,S3,0,,0,36.0,obs,598,26.34,13.67,3.65,S3,26.34,13.67,3.65,S3,26.34,13.67,1.67,S3,13.883,0,S3,site_s3,S3,S3,S3,149.5,0.0,0.0,41.6,1,1,1,,
1786353065.799,c1,search,,0.0,31.1,20.71,6.22,S3,0,,0,4474.0,obs,888,31.1,20.71,10.98,S3,31.1,20.71,10.98,S3,31.1,20.71,6.22,S3,13.883,0,S3,site_s3,S3,S3,S3,222.0,0.0,0.0,263.6,1,1,1,,
1786353065.799,c1,recommend,,0.0,26.76,14.03,2.44,S3,0,,0,200.0,obs,1188,26.76,14.03,4.0,S3,26.76,14.03,4.0,S3,26.76,14.03,2.44,S3,13.883,0,S3,site_s3,S3,S3,S3,297.0,0.0,0.0,316.4,1,1,1,,
1786353065.799,c2,reserve,,0.0,26.34,13.67,1.67,S3,0,,0,36.0,obs,598,26.34,13.67,3.65,S3,26.34,13.67,3.65,S3,26.34,13.67,1.67,S3,13.883,0,S3,site_s3,S3,S3,S3,149.5,0.0,0.0,358.0,1,1,1,,
1786353065.799,c2,search,,0.0,31.1,20.71,6.22,S3,0,,0,4474.0,obs,888,31.1,20.71,10.98,S3,31.1,20.71,10.98,S3,31.1,20.71,6.22,S3,13.883,0,S3,site_s3,S3,S3,S3,222.0,0.0,0.0,580.0,1,1,1,,
1786353065.799,c2,recommend,,0.0,26.76,14.03,2.44,S3,0,,0,200.0,obs,1188,26.76,14.03,4.0,S3,26.76,14.03,4.0,S3,26.76,14.03,2.44,S3,13.883,0,S3,site_s3,S3,S3,S3,297.0,0.0,0.0,632.9,1,1,1,,
1786353066.798,c1,reserve,,0.0,26.34,13.67,1.68,S3,0,,0,36.0,obs,593,26.34,13.67,3.65,S3,26.34,13.67,3.65,S3,26.34,13.67,1.68,S3,12.824,0,S3,site_s3,S3,S3,S3,148.5,0.0,0.0,41.3,1,1,1,,
1786353066.798,c1,search,,0.0,31.1,20.71,6.5,S3,0,,0,4474.0,obs,894,31.1,20.71,10.98,S3,31.1,20.71,10.98,S3,31.1,20.71,6.5,S3,12.824,0,S3,site_s3,S3,S3,S3,223.5,0.0,0.0,264.8,1,1,1,,
1786353066.798,c1,recommend,,0.0,26.76,14.03,2.32,S3,0,,0,200.0,obs,1190,26.76,14.03,4.0,S3,26.76,14.03,4.0,S3,26.76,14.03,2.32,S3,12.824,0,S3,site_s3,S3,S3,S3,297.5,0.0,0.0,317.7,1,1,1,,
1786353066.798,c2,reserve,,0.0,26.34,13.67,1.68,S3,0,,0,36.0,obs,593,26.34,13.67,3.65,S3,26.34,13.67,3.65,S3,26.34,13.67,1.68,S3,12.824,0,S3,site_s3,S3,S3,S3,148.0,0.0,0.0,358.9,1,1,1,,
1786353066.798,c2,search,,0.0,31.1,20.71,6.5,S3,0,,0,4474.0,obs,894,31.1,20.71,10.98,S3,31.1,20.71,10.98,S3,31.1,20.71,6.5,S3,12.824,0,S3,site_s3,S3,S3,S3,223.5,0.0,0.0,582.4,1,1,1,,
1786353066.798,c2,recommend,,0.0,26.76,14.03,2.32,S3,0,,0,200.0,obs,1190,26.76,14.03,4.0,S3,26.76,14.03,4.0,S3,26.76,14.03,2.32,S3,12.824,0,S3,site_s3,S3,S3,S3,297.5,0.0,0.0,635.3,1,1,1,,
1786353067.798,c1,reserve,,0.0,26.34,13.67,1.4,S3,0,,0,36.0,obs,596,26.34,13.67,3.65,S3,26.34,13.67,3.65,S3,26.34,13.67,1.4,S3,12.879,0,S3,site_s3,S3,S3,S3,149.5,0.0,0.0,41.6,1,1,1,,
1786353067.798,c1,search,,0.0,31.1,20.71,6.09,S3,0,,0,4474.0,obs,889,31.1,20.71,10.98,S3,31.1,20.71,10.98,S3,31.1,20.71,6.09,S3,12.879,0,S3,site_s3,S3,S3,S3,222.0,0.0,0.0,263.6,1,1,1,,
1786353067.798,c1,recommend,,0.0,26.76,14.03,2.16,S3,0,,0,200.0,obs,1193,26.76,14.03,4.0,S3,26.76,14.03,4.0,S3,26.76,14.03,2.16,S3,12.879,0,S3,site_s3,S3,S3,S3,298.0,0.0,0.0,316.6,1,1,1,,
1786353067.798,c2,reserve,,0.0,26.34,13.67,1.4,S3,0,,0,36.0,obs,596,26.34,13.67,3.65,S3,26.34,13.67,3.65,S3,26.34,13.67,1.4,S3,12.879,0,S3,site_s3,S3,S3,S3,148.5,0.0,0.0,357.9,1,1,1,,
1786353067.798,c2,search,,0.0,31.1,20.71,6.09,S3,0,,0,4474.0,obs,889,31.1,20.71,10.98,S3,31.1,20.71,10.98,S3,31.1,20.71,6.09,S3,12.879,0,S3,site_s3,S3,S3,S3,222.5,0.0,0.0,580.4,1,1,1,,
1786353067.798,c2,recommend,,0.0,26.76,14.03,2.16,S3,0,,0,200.0,obs,1193,26.76,14.03,4.0,S3,26.76,14.03,4.0,S3,26.76,14.03,2.16,S3,12.879,0,S3,site_s3,S3,S3,S3,298.5,0.0,0.0,633.5,1,1,1,,
1786353068.799,c1,reserve,,0.0,26.34,13.67,1.41,S3,0,,0,36.0,obs,597,26.34,13.67,3.65,S3,26.34,13.67,3.65,S3,26.34,13.67,1.41,S3,13.615,0,S3,site_s3,S3,S3,S3,149.5,0.0,0.0,41.6,1,1,1,,
1786353068.799,c1,search,,0.0,31.1,20.71,6.09,S3,0,,0,4474.0,obs,895,31.1,20.71,10.98,S3,31.1,20.71,10.98,S3,31.1,20.71,6.09,S3,13.615,0,S3,site_s3,S3,S3,S3,224.0,0.0,0.0,265.6,1,1,1,,
1786353068.799,c1,recommend,,0.0,26.76,14.03,2.25,S3,0,,0,200.0,obs,1188,26.76,14.03,4.0,S3,26.76,14.03,4.0,S3,26.76,14.03,2.25,S3,13.615,0,S3,site_s3,S3,S3,S3,296.5,0.0,0.0,318.3,1,1,1,,
1786353068.799,c2,reserve,,0.0,26.34,13.67,1.41,S3,0,,0,36.0,obs,597,26.34,13.67,3.65,S3,26.34,13.67,3.65,S3,26.34,13.67,1.41,S3,13.615,0,S3,site_s3,S3,S3,S3,149.0,0.0,0.0,359.8,1,1,1,,
1786353068.799,c2,search,,0.0,31.1,20.71,6.09,S3,0,,0,4474.0,obs,895,31.1,20.71,10.98,S3,31.1,20.71,10.98,S3,31.1,20.71,6.09,S3,13.615,0,S3,site_s3,S3,S3,S3,223.5,0.0,0.0,583.3,1,1,1,,
1786353068.799,c2,recommend,,0.0,26.76,14.03,2.25,S3,0,,0,200.0,obs,1188,26.76,14.03,4.0,S3,26.76,14.03,4.0,S3,26.76,14.03,2.25,S3,13.615,0,S3,site_s3,S3,S3,S3,297.5,0.0,0.0,636.2,1,1,1,,
1786353069.799,c1,reserve,,0.0,26.34,13.67,1.63,S3,0,,0,36.0,obs,592,26.34,13.67,3.65,S3,26.34,13.67,3.65,S3,26.34,13.67,1.63,S3,13.848,0,S3,site_s3,S3,S3,S3,148.0,0.0,0.0,41.1,1,1,1,,
1786353069.799,c1,search,,0.0,31.1,20.71,6.59,S3,0,,0,4474.0,obs,894,31.1,20.71,10.98,S3,31.1,20.71,10.98,S3,31.1,20.71,6.59,S3,13.848,0,S3,site_s3,S3,S3,S3,223.5,0.0,0.0,264.6,1,1,1,,
1786353069.799,c1,recommend,,0.0,26.76,14.03,2.4,S3,0,,0,200.0,obs,1196,26.76,14.03,4.0,S3,26.76,14.03,4.0,S3,26.76,14.03,2.4,S3,13.848,0,S3,site_s3,S3,S3,S3,299.0,0.0,0.0,317.9,1,1,1,,
1786353069.799,c2,reserve,,0.0,26.34,13.67,1.63,S3,0,,0,36.0,obs,592,26.34,13.67,3.65,S3,26.34,13.67,3.65,S3,26.34,13.67,1.63,S3,13.848,0,S3,site_s3,S3,S3,S3,148.0,0.0,0.0,359.0,1,1,1,,
1786353069.799,c2,search,,0.0,31.1,20.71,6.59,S3,0,,0,4474.0,obs,894,31.1,20.71,10.98,S3,31.1,20.71,10.98,S3,31.1,20.71,6.59,S3,13.848,0,S3,site_s3,S3,S3,S3,223.5,0.0,0.0,582.5,1,1,1,,
1786353069.799,c2,recommend,,0.0,26.76,14.03,2.4,S3,0,,0,200.0,obs,1196,26.76,14.03,4.0,S3,26.76,14.03,4.0,S3,26.76,14.03,2.4,S3,13.848,0,S3,site_s3,S3,S3,S3,299.0,0.0,0.0,635.7,1,1,1,,
1786353070.799,c1,reserve,,0.0,26.34,13.67,1.6,S3,0,,0,36.0,obs,599,26.34,13.67,3.65,S3,26.34,13.67,3.65,S3,26.34,13.67,1.6,S3,13.956,0,S3,site_s3,S3,S3,S3,149.5,0.0,0.0,41.6,1,1,1,,
1786353070.799,c1,search,,0.0,31.1,20.71,6.93,S3,0,,0,4474.0,obs,894,31.1,20.71,10.98,S3,31.1,20.71,10.98,S3,31.1,20.71,6.93,S3,13.956,0,S3,site_s3,S3,S3,S3,223.5,0.0,0.0,265.1,1,1,1,,
1786353070.799,c1,recommend,,0.0,26.76,14.03,2.4,S3,0,,0,200.0,obs,1191,26.76,14.03,4.0,S3,26.76,14.03,4.0,S3,26.76,14.03,2.4,S3,13.956,0,S3,site_s3,S3,S3,S3,298.0,0.0,0.0,318.1,1,1,1,,
1786353070.799,c2,reserve,,0.0,26.34,13.67,1.6,S3,0,,0,36.0,obs,599,26.34,13.67,3.65,S3,26.34,13.67,3.65,S3,26.34,13.67,1.6,S3,13.956,0,S3,site_s3,S3,S3,S3,150.0,0.0,0.0,359.8,1,1,1,,
1786353070.799,c2,search,,0.0,31.1,20.71,6.93,S3,0,,0,4474.0,obs,894,31.1,20.71,10.98,S3,31.1,20.71,10.98,S3,31.1,20.71,6.93,S3,13.956,0,S3,site_s3,S3,S3,S3,223.5,0.0,0.0,583.3,1,1,1,,
1786353070.799,c2,recommend,,0.0,26.76,14.03,2.4,S3,0,,0,200.0,obs,1191,26.76,14.03,4.0,S3,26.76,14.03,4.0,S3,26.76,14.03,2.4,S3,13.956,0,S3,site_s3,S3,S3,S3,297.5,0.0,0.0,636.3,1,1,1,,
1786353071.799,c1,reserve,,0.0,26.34,13.67,1.61,S3,0,,0,36.0,obs,593,26.34,13.67,3.65,S3,26.34,13.67,3.65,S3,26.34,13.67,1.61,S3,13.564,0,S3,site_s3,S3,S3,S3,148.0,0.0,0.0,41.1,1,1,1,,
1786353071.799,c1,search,,0.0,31.1,20.71,6.91,S3,0,,0,4474.0,obs,895,31.1,20.71,10.98,S3,31.1,20.71,10.98,S3,31.1,20.71,6.91,S3,13.564,0,S3,site_s3,S3,S3,S3,224.0,0.0,0.0,265.1,1,1,1,,
1786353071.799,c1,recommend,,0.0,26.76,14.03,2.45,S3,0,,0,200.0,obs,1198,26.76,14.03,4.0,S3,26.76,14.03,4.0,S3,26.76,14.03,2.45,S3,13.564,0,S3,site_s3,S3,S3,S3,299.5,0.0,0.0,318.5,1,1,1,,
1786353071.799,c2,reserve,,0.0,26.34,13.67,1.61,S3,0,,0,36.0,obs,593,26.34,13.67,3.65,S3,26.34,13.67,3.65,S3,26.34,13.67,1.61,S3,13.564,0,S3,site_s3,S3,S3,S3,148.5,0.0,0.0,359.7,1,1,1,,
1786353071.799,c2,search,,0.0,31.1,20.71,6.91,S3,0,,0,4474.0,obs,895,31.1,20.71,10.98,S3,31.1,20.71,10.98,S3,31.1,20.71,6.91,S3,13.564,0,S3,site_s3,S3,S3,S3,223.5,0.0,0.0,583.2,1,1,1,,
1786353071.799,c2,recommend,,0.0,26.76,14.03,2.45,S3,0,,0,200.0,obs,1198,26.76,14.03,4.0,S3,26.76,14.03,4.0,S3,26.76,14.03,2.45,S3,13.564,0,S3,site_s3,S3,S3,S3,299.5,0.0,0.0,636.5,1,1,1,,
1786353072.799,c1,reserve,,0.0,26.34,13.67,1.69,S3,0,,0,36.0,obs,600,26.34,13.67,3.65,S3,26.34,13.67,3.65,S3,26.34,13.67,1.69,S3,13.663,0,S3,site_s3,S3,S3,S3,150.0,0.0,0.0,41.7,1,1,1,,
1786353072.799,c1,search,,0.0,31.1,20.71,6.74,S3,0,,0,4474.0,obs,893,31.1,20.71,10.98,S3,31.1,20.71,10.98,S3,31.1,20.71,6.74,S3,13.663,0,S3,site_s3,S3,S3,S3,223.5,0.0,0.0,265.2,1,1,1,,
1786353072.799,c1,recommend,,0.0,26.76,14.03,2.52,S3,0,,0,200.0,obs,1194,26.76,14.03,4.0,S3,26.76,14.03,4.0,S3,26.76,14.03,2.52,S3,13.663,0,S3,site_s3,S3,S3,S3,298.5,0.0,0.0,318.3,1,1,1,,
1786353072.799,c2,reserve,,0.0,26.34,13.67,1.69,S3,0,,0,36.0,obs,600,26.34,13.67,3.65,S3,26.34,13.67,3.65,S3,26.34,13.67,1.69,S3,13.663,0,S3,site_s3,S3,S3,S3,150.0,0.0,0.0,360.0,1,1,1,,
1786353072.799,c2,search,,0.0,31.1,20.71,6.74,S3,0,,0,4474.0,obs,893,31.1,20.71,10.98,S3,31.1,20.71,10.98,S3,31.1,20.71,6.74,S3,13.663,0,S3,site_s3,S3,S3,S3,223.0,0.0,0.0,583.0,1,1,1,,
1786353072.799,c2,recommend,,0.0,26.76,14.03,2.52,S3,0,,0,200.0,obs,1194,26.76,14.03,4.0,S3,26.76,14.03,4.0,S3,26.76,14.03,2.52,S3,13.663,0,S3,site_s3,S3,S3,S3,298.5,0.0,0.0,636.2,1,1,1,,
1786353073.798,c1,reserve,,0.0,26.34,13.67,1.69,S3,0,,0,36.0,obs,595,26.34,13.67,3.65,S3,26.34,13.67,3.65,S3,26.34,13.67,1.69,S3,12.832,0,S3,site_s3,S3,S3,S3,148.5,0.0,0.0,41.3,1,1,1,,
1786353073.798,c1,search,,0.0,31.1,20.71,6.62,S3,0,,0,4474.0,obs,897,31.1,20.71,10.98,S3,31.1,20.71,10.98,S3,31.1,20.71,6.62,S3,12.832,0,S3,site_s3,S3,S3,S3,224.5,0.0,0.0,265.8,1,1,1,,
1786353073.798,c1,recommend,,0.0,26.76,14.03,2.55,S3,0,,0,200.0,obs,1196,26.76,14.03,4.0,S3,26.76,14.03,4.0,S3,26.76,14.03,2.55,S3,12.832,0,S3,site_s3,S3,S3,S3,299.0,0.0,0.0,319.0,1,1,1,,
1786353073.798,c2,reserve,,0.0,26.34,13.67,1.69,S3,0,,0,36.0,obs,595,26.34,13.67,3.65,S3,26.34,13.67,3.65,S3,26.34,13.67,1.69,S3,12.832,0,S3,site_s3,S3,S3,S3,149.0,0.0,0.0,360.4,1,1,1,,
1786353073.798,c2,search,,0.0,31.1,20.71,6.62,S3,0,,0,4474.0,obs,897,31.1,20.71,10.98,S3,31.1,20.71,10.98,S3,31.1,20.71,6.62,S3,12.832,0,S3,site_s3,S3,S3,S3,224.0,0.0,0.0,584.4,1,1,1,,
1786353073.798,c2,recommend,,0.0,26.76,14.03,2.55,S3,0,,0,200.0,obs,1196,26.76,14.03,4.0,S3,26.76,14.03,4.0,S3,26.76,14.03,2.55,S3,12.832,0,S3,site_s3,S3,S3,S3,299.0,0.0,0.0,637.6,1,1,1,,
1786353074.799,c1,reserve,,0.0,26.34,13.67,1.72,S3,0,,0,36.0,obs,598,26.34,13.67,3.65,S3,26.34,13.67,3.65,S3,26.34,13.67,1.72,S3,13.79,0,S3,site_s3,S3,S3,S3,149.5,0.0,0.0,41.6,1,1,1,,
1786353074.799,c1,search,,0.0,31.1,20.71,6.92,S3,0,,0,4474.0,obs,893,31.1,20.71,10.98,S3,31.1,20.71,10.98,S3,31.1,20.71,6.92,S3,13.79,0,S3,site_s3,S3,S3,S3,223.5,0.0,0.0,265.1,1,1,1,,
1786353074.799,c1,recommend,,0.0,26.76,14.03,2.59,S3,0,,0,200.0,obs,1197,26.76,14.03,4.0,S3,26.76,14.03,4.0,S3,26.76,14.03,2.59,S3,13.79,0,S3,site_s3,S3,S3,S3,299.5,0.0,0.0,318.4,1,1,1,,
1786353074.799,c2,reserve,,0.0,26.34,13.67,1.72,S3,0,,0,36.0,obs,598,26.34,13.67,3.65,S3,26.34,13.67,3.65,S3,26.34,13.67,1.72,S3,13.79,0,S3,site_s3,S3,S3,S3,149.5,0.0,0.0,359.9,1,1,1,,
1786353074.799,c2,search,,0.0,31.1,20.71,6.92,S3,0,,0,4474.0,obs,893,31.1,20.71,10.98,S3,31.1,20.71,10.98,S3,31.1,20.71,6.92,S3,13.79,0,S3,site_s3,S3,S3,S3,223.0,0.0,0.0,582.9,1,1,1,,
1786353074.799,c2,recommend,,0.0,26.76,14.03,2.59,S3,0,,0,200.0,obs,1197,26.76,14.03,4.0,S3,26.76,14.03,4.0,S3,26.76,14.03,2.59,S3,13.79,0,S3,site_s3,S3,S3,S3,299.0,0.0,0.0,636.2,1,1,1,,
1786353075.799,c1,reserve,,0.0,26.34,13.67,1.51,S3,0,,0,36.0,obs,597,26.34,13.67,3.65,S3,26.34,13.67,3.65,S3,26.34,13.67,1.51,S3,13.821,0,S3,site_s3,S3,S3,S3,149.0,0.0,0.0,41.4,1,1,1,,
1786353075.799,c1,search,,0.0,31.1,20.71,6.68,S3,0,,0,4474.0,obs,899,31.1,20.71,10.98,S3,31.1,20.71,10.98,S3,31.1,20.71,6.68,S3,13.821,0,S3,site_s3,S3,S3,S3,224.5,0.0,0.0,265.9,1,1,1,,
1786353075.799,c1,recommend,,0.0,26.76,14.03,2.46,S3,0,,0,200.0,obs,1194,26.76,14.03,4.0,S3,26.76,14.03,4.0,S3,26.76,14.03,2.46,S3,13.821,0,S3,site_s3,S3,S3,S3,299.0,0.0,0.0,319.1,1,1,1,,
1786353075.799,c2,reserve,,0.0,26.34,13.67,1.51,S3,0,,0,36.0,obs,597,26.34,13.67,3.65,S3,26.34,13.67,3.65,S3,26.34,13.67,1.51,S3,13.821,0,S3,site_s3,S3,S3,S3,149.5,0.0,0.0,360.7,1,1,1,,
1786353075.799,c2,search,,0.0,31.1,20.71,6.68,S3,0,,0,4474.0,obs,899,31.1,20.71,10.98,S3,31.1,20.71,10.98,S3,31.1,20.71,6.68,S3,13.821,0,S3,site_s3,S3,S3,S3,225.0,0.0,0.0,585.7,1,1,1,,
1786353075.799,c2,recommend,,0.0,26.76,14.03,2.46,S3,0,,0,200.0,obs,1194,26.76,14.03,4.0,S3,26.76,14.03,4.0,S3,26.76,14.03,2.46,S3,13.821,0,S3,site_s3,S3,S3,S3,298.0,0.0,0.0,638.7,1,1,1,,
1786353076.799,c1,reserve,,0.0,26.34,13.67,1.37,S3,0,,0,36.0,obs,597,26.34,13.67,3.65,S3,26.34,13.67,3.65,S3,26.34,13.67,1.37,S3,14.045,0,S3,site_s3,S3,S3,S3,149.5,0.0,0.0,41.6,1,1,1,,
1786353076.799,c1,search,,0.0,31.1,20.71,6.21,S3,0,,0,4474.0,obs,896,31.1,20.71,10.98,S3,31.1,20.71,10.98,S3,31.1,20.71,6.21,S3,14.045,0,S3,site_s3,S3,S3,S3,224.0,0.0,0.0,265.6,1,1,1,,
1786353076.799,c1,recommend,,0.0,26.76,14.03,2.45,S3,0,,0,200.0,obs,1200,26.76,14.03,4.0,S3,26.76,14.03,4.0,S3,26.76,14.03,2.45,S3,14.045,0,S3,site_s3,S3,S3,S3,300.0,0.0,0.0,319.0,1,1,1,,
1786353076.799,c2,reserve,,0.0,26.34,13.67,1.37,S3,0,,0,36.0,obs,597,26.34,13.67,3.65,S3,26.34,13.67,3.65,S3,26.34,13.67,1.37,S3,14.045,0,S3,site_s3,S3,S3,S3,149.0,0.0,0.0,360.4,1,1,1,,
1786353076.799,c2,search,,0.0,31.1,20.71,6.21,S3,0,,0,4474.0,obs,896,31.1,20.71,10.98,S3,31.1,20.71,10.98,S3,31.1,20.71,6.21,S3,14.045,0,S3,site_s3,S3,S3,S3,224.0,0.0,0.0,584.4,1,1,1,,
1786353076.799,c2,recommend,,0.0,26.76,14.03,2.45,S3,0,,0,200.0,obs,1200,26.76,14.03,4.0,S3,26.76,14.03,4.0,S3,26.76,14.03,2.45,S3,14.045,0,S3,site_s3,S3,S3,S3,300.0,0.0,0.0,637.8,1,1,1,,
1786353077.798,c1,reserve,,0.0,26.34,13.67,1.62,S3,0,,0,36.0,obs,602,26.34,13.67,3.65,S3,26.34,13.67,3.65,S3,26.34,13.67,1.62,S3,13.017,0,S3,site_s3,S3,S3,S3,150.5,0.0,0.0,41.8,1,1,1,,
1786353077.798,c1,search,,0.0,31.1,20.71,6.17,S3,0,,0,4474.0,obs,898,31.1,20.71,10.98,S3,31.1,20.71,10.98,S3,31.1,20.71,6.17,S3,13.017,0,S3,site_s3,S3,S3,S3,224.5,0.0,0.0,266.3,1,1,1,,
1786353077.798,c1,recommend,,0.0,26.76,14.03,2.44,S3,0,,0,200.0,obs,1196,26.76,14.03,4.0,S3,26.76,14.03,4.0,S3,26.76,14.03,2.44,S3,13.017,0,S3,site_s3,S3,S3,S3,299.0,0.0,0.0,319.6,1,1,1,,
1786353077.798,c2,reserve,,0.0,26.34,13.67,1.62,S3,0,,0,36.0,obs,602,26.34,13.67,3.65,S3,26.34,13.67,3.65,S3,26.34,13.67,1.62,S3,13.017,0,S3,site_s3,S3,S3,S3,150.5,0.0,0.0,361.4,1,1,1,,
1786353077.798,c2,search,,0.0,31.1,20.71,6.17,S3,0,,0,4474.0,obs,898,31.1,20.71,10.98,S3,31.1,20.71,10.98,S3,31.1,20.71,6.17,S3,13.017,0,S3,site_s3,S3,S3,S3,224.5,0.0,0.0,585.9,1,1,1,,
1786353077.798,c2,recommend,,0.0,26.76,14.03,2.44,S3,0,,0,200.0,obs,1196,26.76,14.03,4.0,S3,26.76,14.03,4.0,S3,26.76,14.03,2.44,S3,13.017,0,S3,site_s3,S3,S3,S3,298.5,0.0,0.0,639.0,1,1,1,,
1786353078.798,c1,reserve,,0.0,26.34,13.67,1.68,S3,0,,0,36.0,obs,597,26.34,13.67,3.65,S3,26.34,13.67,3.65,S3,26.34,13.67,1.68,S3,12.722,0,S3,site_s3,S3,S3,S3,149.5,0.0,0.0,41.6,1,1,1,,
1786353078.798,c1,search,,0.0,31.1,20.71,6.82,S3,0,,0,4474.0,obs,898,31.1,20.71,10.98,S3,31.1,20.71,10.98,S3,31.1,20.71,6.82,S3,12.722,0,S3,site_s3,S3,S3,S3,224.5,0.0,0.0,266.1,1,1,1,,
1786353078.798,c1,recommend,,0.0,26.76,14.03,2.26,S3,0,,0,200.0,obs,1202,26.76,14.03,4.0,S3,26.76,14.03,4.0,S3,26.76,14.03,2.26,S3,12.722,0,S3,site_s3,S3,S3,S3,300.5,0.0,0.0,319.6,1,1,1,,
1786353078.798,c2,reserve,,0.0,26.34,13.67,1.68,S3,0,,0,36.0,obs,597,26.34,13.67,3.65,S3,26.34,13.67,3.65,S3,26.34,13.67,1.68,S3,12.722,0,S3,site_s3,S3,S3,S3,149.0,0.0,0.0,361.0,1,1,1,,
1786353078.798,c2,search,,0.0,31.1,20.71,6.82,S3,0,,0,4474.0,obs,898,31.1,20.71,10.98,S3,31.1,20.71,10.98,S3,31.1,20.71,6.82,S3,12.722,0,S3,site_s3,S3,S3,S3,224.5,0.0,0.0,585.5,1,1,1,,
1786353078.798,c2,recommend,,0.0,26.76,14.03,2.26,S3,0,,0,200.0,obs,1202,26.76,14.03,4.0,S3,26.76,14.03,4.0,S3,26.76,14.03,2.26,S3,12.722,0,S3,site_s3,S3,S3,S3,300.5,0.0,0.0,639.0,1,1,1,,
1786353079.798,c1,reserve,,0.0,26.34,13.67,1.72,S3,0,,0,36.0,obs,603,26.34,13.67,3.65,S3,26.34,13.67,3.65,S3,26.34,13.67,1.72,S3,12.905,0,S3,site_s3,S3,S3,S3,151.0,0.0,0.0,42.0,1,1,1,,
1786353079.798,c1,search,,0.0,31.1,20.71,6.93,S3,0,,0,4474.0,obs,896,31.1,20.71,10.98,S3,31.1,20.71,10.98,S3,31.1,20.71,6.93,S3,12.905,0,S3,site_s3,S3,S3,S3,224.0,0.0,0.0,266.0,1,1,1,,
1786353079.798,c1,recommend,,0.0,26.76,14.03,2.39,S3,0,,0,200.0,obs,1198,26.76,14.03,4.0,S3,26.76,14.03,4.0,S3,26.76,14.03,2.39,S3,12.905,0,S3,site_s3,S3,S3,S3,299.5,0.0,0.0,319.3,1,1,1,,
1786353079.798,c2,reserve,,0.0,26.34,13.67,1.72,S3,0,,0,36.0,obs,603,26.34,13.67,3.65,S3,26.34,13.67,3.65,S3,26.34,13.67,1.72,S3,12.905,0,S3,site_s3,S3,S3,S3,150.5,0.0,0.0,361.1,1,1,1,,
1786353079.798,c2,search,,0.0,31.1,20.71,6.93,S3,0,,0,4474.0,obs,896,31.1,20.71,10.98,S3,31.1,20.71,10.98,S3,31.1,20.71,6.93,S3,12.905,0,S3,site_s3,S3,S3,S3,224.0,0.0,0.0,585.1,1,1,1,,
1786353079.798,c2,recommend,,0.0,26.76,14.03,2.39,S3,0,,0,200.0,obs,1198,26.76,14.03,4.0,S3,26.76,14.03,4.0,S3,26.76,14.03,2.39,S3,12.905,0,S3,site_s3,S3,S3,S3,299.5,0.0,0.0,638.4,1,1,1,,
1786353080.798,c1,reserve,,0.0,26.34,13.67,1.78,S3,0,,0,36.0,obs,598,26.34,13.67,3.65,S3,26.34,13.67,3.65,S3,26.34,13.67,1.78,S3,12.731,0,S3,site_s3,S3,S3,S3,149.5,0.0,0.0,41.6,1,1,1,,
1786353080.798,c1,search,,0.0,31.1,20.71,7.05,S3,0,,0,4474.0,obs,900,31.1,20.71,10.98,S3,31.1,20.71,10.98,S3,31.1,20.71,7.05,S3,12.731,0,S3,site_s3,S3,S3,S3,225.0,0.0,0.0,266.6,1,1,1,,
1786353080.798,c1,recommend,,0.0,26.76,14.03,2.57,S3,0,,0,200.0,obs,1201,26.76,14.03,4.0,S3,26.76,14.03,4.0,S3,26.76,14.03,2.57,S3,12.731,0,S3,site_s3,S3,S3,S3,300.5,0.0,0.0,320.1,1,1,1,,
1786353080.798,c2,reserve,,0.0,26.34,13.67,1.78,S3,0,,0,36.0,obs,598,26.34,13.67,3.65,S3,26.34,13.67,3.65,S3,26.34,13.67,1.78,S3,12.731,0,S3,site_s3,S3,S3,S3,149.5,0.0,0.0,361.6,1,1,1,,
1786353080.798,c2,search,,0.0,31.1,20.71,7.05,S3,0,,0,4474.0,obs,900,31.1,20.71,10.98,S3,31.1,20.71,10.98,S3,31.1,20.71,7.05,S3,12.731,0,S3,site_s3,S3,S3,S3,225.0,0.0,0.0,586.6,1,1,1,,
1786353080.798,c2,recommend,,0.0,26.76,14.03,2.57,S3,0,,0,200.0,obs,1201,26.76,14.03,4.0,S3,26.76,14.03,4.0,S3,26.76,14.03,2.57,S3,12.731,0,S3,site_s3,S3,S3,S3,300.0,0.0,0.0,640.0,1,1,1,,
1786353081.798,c1,reserve,,0.0,26.34,13.67,1.78,S3,0,,0,36.0,obs,603,26.34,13.67,3.65,S3,26.34,13.67,3.65,S3,26.34,13.67,1.78,S3,12.721,0,S3,site_s3,S3,S3,S3,151.0,0.0,0.0,42.0,1,1,1,,
1786353081.798,c1,search,,0.0,31.1,20.71,6.41,S3,0,,0,4474.0,obs,897,31.1,20.71,10.98,S3,31.1,20.71,10.98,S3,31.1,20.71,6.41,S3,12.721,0,S3,site_s3,S3,S3,S3,224.0,0.0,0.0,266.0,1,1,1,,
1786353081.798,c1,recommend,,0.0,26.76,14.03,2.47,S3,0,,0,200.0,obs,1201,26.76,14.03,4.0,S3,26.76,14.03,4.0,S3,26.76,14.03,2.47,S3,12.721,0,S3,site_s3,S3,S3,S3,300.5,0.0,0.0,319.5,1,1,1,,
1786353081.798,c2,reserve,,0.0,26.34,13.67,1.78,S3,0,,0,36.0,obs,603,26.34,13.67,3.65,S3,26.34,13.67,3.65,S3,26.34,13.67,1.78,S3,12.721,0,S3,site_s3,S3,S3,S3,150.5,0.0,0.0,361.3,1,1,1,,
1786353081.798,c2,search,,0.0,31.1,20.71,6.41,S3,0,,0,4474.0,obs,897,31.1,20.71,10.98,S3,31.1,20.71,10.98,S3,31.1,20.71,6.41,S3,12.721,0,S3,site_s3,S3,S3,S3,224.5,0.0,0.0,585.8,1,1,1,,
1786353081.798,c2,recommend,,0.0,26.76,14.03,2.47,S3,0,,0,200.0,obs,1201,26.76,14.03,4.0,S3,26.76,14.03,4.0,S3,26.76,14.03,2.47,S3,12.721,0,S3,site_s3,S3,S3,S3,300.0,0.0,0.0,639.2,1,1,1,,
1786353082.798,c1,reserve,,0.0,26.34,13.67,1.7,S3,0,,0,36.0,obs,601,26.34,13.67,3.65,S3,26.34,13.67,3.65,S3,26.34,13.67,1.7,S3,13.169,0,S3,site_s3,S3,S3,S3,150.5,0.0,0.0,41.8,1,1,1,,
1786353082.798,c1,search,,0.0,31.1,20.71,6.37,S3,0,,0,4474.0,obs,902,31.1,20.71,10.98,S3,31.1,20.71,10.98,S3,31.1,20.71,6.37,S3,13.169,0,S3,site_s3,S3,S3,S3,225.5,0.0,0.0,267.3,1,1,1,,
1786353082.798,c1,recommend,,0.0,26.76,14.03,2.5,S3,0,,0,200.0,obs,1200,26.76,14.03,4.0,S3,26.76,14.03,4.0,S3,26.76,14.03,2.5,S3,13.169,0,S3,site_s3,S3,S3,S3,300.0,0.0,0.0,320.7,1,1,1,,
1786353082.798,c2,reserve,,0.0,26.34,13.67,1.7,S3,0,,0,36.0,obs,601,26.34,13.67,3.65,S3,26.34,13.67,3.65,S3,26.34,13.67,1.7,S3,13.169,0,S3,site_s3,S3,S3,S3,150.0,0.0,0.0,362.4,1,1,1,,
1786353082.798,c2,search,,0.0,31.1,20.71,6.37,S3,0,,0,4474.0,obs,902,31.1,20.71,10.98,S3,31.1,20.71,10.98,S3,31.1,20.71,6.37,S3,13.169,0,S3,site_s3,S3,S3,S3,225.5,0.0,0.0,587.9,1,1,1,,
1786353082.798,c2,recommend,,0.0,26.76,14.03,2.5,S3,0,,0,200.0,obs,1200,26.76,14.03,4.0,S3,26.76,14.03,4.0,S3,26.76,14.03,2.5,S3,13.169,0,S3,site_s3,S3,S3,S3,300.0,0.0,0.0,641.3,1,1,1,,
1786353083.798,c1,reserve,,0.0,26.34,13.67,0.78,S3,0,,0,36.0,obs,601,26.34,13.67,3.65,S3,26.34,13.67,3.65,S3,26.34,13.67,0.78,S3,12.717,0,S3,site_s3,S3,S3,S3,150.5,0.0,0.0,41.8,1,1,1,,
1786353083.798,c1,search,,0.0,31.1,20.71,5.58,S3,0,,0,4474.0,obs,900,31.1,20.71,10.98,S3,31.1,20.71,10.98,S3,31.1,20.71,5.58,S3,12.717,0,S3,site_s3,S3,S3,S3,224.5,0.0,0.0,266.3,1,1,1,,
1786353083.798,c1,recommend,,0.0,26.76,14.03,1.96,S3,0,,0,200.0,obs,1204,26.76,14.03,4.0,S3,26.76,14.03,4.0,S3,26.76,14.03,1.96,S3,12.717,0,S3,site_s3,S3,S3,S3,301.0,0.0,0.0,319.9,1,1,1,,
1786353083.798,c2,reserve,,0.0,26.34,13.67,0.78,S3,0,,0,36.0,obs,601,26.34,13.67,3.65,S3,26.34,13.67,3.65,S3,26.34,13.67,0.78,S3,12.717,0,S3,site_s3,S3,S3,S3,150.0,0.0,0.0,361.6,1,1,1,,
1786353083.798,c2,search,,0.0,31.1,20.71,5.58,S3,0,,0,4474.0,obs,900,31.1,20.71,10.98,S3,31.1,20.71,10.98,S3,31.1,20.71,5.58,S3,12.717,0,S3,site_s3,S3,S3,S3,225.5,0.0,0.0,587.1,1,1,1,,
1786353083.798,c2,recommend,,0.0,26.76,14.03,1.96,S3,0,,0,200.0,obs,1204,26.76,14.03,4.0,S3,26.76,14.03,4.0,S3,26.76,14.03,1.96,S3,12.717,0,S3,site_s3,S3,S3,S3,301.0,0.0,0.0,640.7,1,1,1,,
1786353084.798,c1,reserve,,0.0,26.34,13.67,1.21,S3,0,,0,36.0,obs,603,26.34,13.67,3.65,S3,26.34,13.67,3.65,S3,26.34,13.67,1.21,S3,12.642,0,S3,site_s3,S3,S3,S3,151.0,0.0,0.0,42.0,1,1,1,,
1786353084.798,c1,search,,0.0,31.1,20.71,5.74,S3,0,,0,4474.0,obs,900,31.1,20.71,10.98,S3,31.1,20.71,10.98,S3,31.1,20.71,5.74,S3,12.642,0,S3,site_s3,S3,S3,S3,225.0,0.0,0.0,267.0,1,1,1,,
1786353084.798,c1,recommend,,0.0,26.76,14.03,2.19,S3,0,,0,200.0,obs,1198,26.76,14.03,4.0,S3,26.76,14.03,4.0,S3,26.76,14.03,2.19,S3,12.642,0,S3,site_s3,S3,S3,S3,299.5,0.0,0.0,320.3,1,1,1,,
1786353084.798,c2,reserve,,0.0,26.34,13.67,1.21,S3,0,,0,36.0,obs,603,26.34,13.67,3.65,S3,26.34,13.67,3.65,S3,26.34,13.67,1.21,S3,12.642,0,S3,site_s3,S3,S3,S3,150.5,0.0,0.0,362.1,1,1,1,,
1786353084.798,c2,search,,0.0,31.1,20.71,5.74,S3,0,,0,4474.0,obs,900,31.1,20.71,10.98,S3,31.1,20.71,10.98,S3,31.1,20.71,5.74,S3,12.642,0,S3,site_s3,S3,S3,S3,225.0,0.0,0.0,587.1,1,1,1,,
1786353084.798,c2,recommend,,0.0,26.76,14.03,2.19,S3,0,,0,200.0,obs,1198,26.76,14.03,4.0,S3,26.76,14.03,4.0,S3,26.76,14.03,2.19,S3,12.642,0,S3,site_s3,S3,S3,S3,299.5,0.0,0.0,640.4,1,1,1,,
1786353085.798,c1,reserve,,0.0,26.34,13.67,1.81,S3,0,,0,36.0,obs,599,26.34,13.67,3.65,S3,26.34,13.67,3.65,S3,26.34,13.67,1.81,S3,12.793,0,S3,site_s3,S3,S3,S3,150.0,0.0,0.0,41.7,1,1,1,,
1786353085.798,c1,search,,0.0,31.1,20.71,6.7,S3,0,,0,4474.0,obs,901,31.1,20.71,10.98,S3,31.1,20.71,10.98,S3,31.1,20.71,6.7,S3,12.793,0,S3,site_s3,S3,S3,S3,225.5,0.0,0.0,267.2,1,1,1,,
1786353085.798,c1,recommend,,0.0,26.76,14.03,2.58,S3,0,,0,200.0,obs,1207,26.76,14.03,4.0,S3,26.76,14.03,4.0,S3,26.76,14.03,2.58,S3,12.793,0,S3,site_s3,S3,S3,S3,301.5,0.0,0.0,320.9,1,1,1,,
1786353085.798,c2,reserve,,0.0,26.34,13.67,1.81,S3,0,,0,36.0,obs,599,26.34,13.67,3.65,S3,26.34,13.67,3.65,S3,26.34,13.67,1.81,S3,12.793,0,S3,site_s3,S3,S3,S3,149.5,0.0,0.0,362.4,1,1,1,,
1786353085.798,c2,search,,0.0,31.1,20.71,6.7,S3,0,,0,4474.0,obs,901,31.1,20.71,10.98,S3,31.1,20.71,10.98,S3,31.1,20.71,6.7,S3,12.793,0,S3,site_s3,S3,S3,S3,225.0,0.0,0.0,587.4,1,1,1,,
1786353085.798,c2,recommend,,0.0,26.76,14.03,2.58,S3,0,,0,200.0,obs,1207,26.76,14.03,4.0,S3,26.76,14.03,4.0,S3,26.76,14.03,2.58,S3,12.793,0,S3,site_s3,S3,S3,S3,302.0,0.0,0.0,641.2,1,1,1,,
1786353086.798,c1,reserve,,0.0,26.34,13.67,1.65,S3,0,,0,36.0,obs,606,26.34,13.67,3.65,S3,26.34,13.67,3.65,S3,26.34,13.67,1.65,S3,12.971,0,S3,site_s3,S3,S3,S3,151.5,0.0,0.0,42.1,1,1,1,,
1786353086.798,c1,search,,0.0,31.1,20.71,6.51,S3,0,,0,4474.0,obs,900,31.1,20.71,10.98,S3,31.1,20.71,10.98,S3,31.1,20.71,6.51,S3,12.971,0,S3,site_s3,S3,S3,S3,225.5,0.0,0.0,267.6,1,1,1,,
1786353086.798,c1,recommend,,0.0,26.76,14.03,2.55,S3,0,,0,200.0,obs,1203,26.76,14.03,4.0,S3,26.76,14.03,4.0,S3,26.76,14.03,2.55,S3,12.971,0,S3,site_s3,S3,S3,S3,300.5,0.0,0.0,321.1,1,1,1,,
1786353086.798,c2,reserve,,0.0,26.34,13.67,1.65,S3,0,,0,36.0,obs,606,26.34,13.67,3.65,S3,26.34,13.67,3.65,S3,26.34,13.67,1.65,S3,12.971,0,S3,site_s3,S3,S3,S3,151.5,0.0,0.0,363.2,1,1,1,,
1786353086.798,c2,search,,0.0,31.1,20.71,6.51,S3,0,,0,4474.0,obs,900,31.1,20.71,10.98,S3,31.1,20.71,10.98,S3,31.1,20.71,6.51,S3,12.971,0,S3,site_s3,S3,S3,S3,224.5,0.0,0.0,587.7,1,1,1,,
1786353086.798,c2,recommend,,0.0,26.76,14.03,2.55,S3,0,,0,200.0,obs,1203,26.76,14.03,4.0,S3,26.76,14.03,4.0,S3,26.76,14.03,2.55,S3,12.971,0,S3,site_s3,S3,S3,S3,301.0,0.0,0.0,641.3,1,1,1,,
1786353087.798,c1,reserve,,0.0,26.34,13.67,1.55,S3,0,,0,36.0,obs,600,26.34,13.67,3.65,S3,26.34,13.67,3.65,S3,26.34,13.67,1.55,S3,12.81,0,S3,site_s3,S3,S3,S3,150.0,0.0,0.0,41.7,1,1,1,,
1786353087.798,c1,search,,0.0,31.1,20.71,6.35,S3,0,,0,4474.0,obs,905,31.1,20.71,10.98,S3,31.1,20.71,10.98,S3,31.1,20.71,6.35,S3,12.81,0,S3,site_s3,S3,S3,S3,226.5,0.0,0.0,268.2,1,1,1,,
1786353087.798,c1,recommend,,0.0,26.76,14.03,2.51,S3,0,,0,200.0,obs,1207,26.76,14.03,4.0,S3,26.76,14.03,4.0,S3,26.76,14.03,2.51,S3,12.81,0,S3,site_s3,S3,S3,S3,302.0,0.0,0.0,322.0,1,1,1,,
1786353087.798,c2,reserve,,0.0,26.34,13.67,1.55,S3,0,,0,36.0,obs,600,26.34,13.67,3.65,S3,26.34,13.67,3.65,S3,26.34,13.67,1.55,S3,12.81,0,S3,site_s3,S3,S3,S3,150.0,0.0,0.0,363.7,1,1,1,,
1786353087.798,c2,search,,0.0,31.1,20.71,6.35,S3,0,,0,4474.0,obs,905,31.1,20.71,10.98,S3,31.1,20.71,10.98,S3,31.1,20.71,6.35,S3,12.81,0,S3,site_s3,S3,S3,S3,226.0,0.0,0.0,589.7,1,1,1,,
1786353087.798,c2,recommend,,0.0,26.76,14.03,2.51,S3,0,,0,200.0,obs,1207,26.76,14.03,4.0,S3,26.76,14.03,4.0,S3,26.76,14.03,2.51,S3,12.81,0,S3,site_s3,S3,S3,S3,301.5,0.0,0.0,643.3,1,1,1,,
1786353088.801,c1,reserve,,0.0,26.34,13.67,1.73,S3,0,,0,36.0,obs,605,26.34,13.67,3.65,S3,26.34,13.67,3.65,S3,26.34,13.67,1.73,S3,15.548,0,S3,site_s3,S3,S3,S3,151.5,0.0,0.0,42.1,1,1,1,,
1786353088.801,c1,search,,0.0,31.1,20.71,6.59,S3,0,,0,4474.0,obs,901,31.1,20.71,10.98,S3,31.1,20.71,10.98,S3,31.1,20.71,6.59,S3,15.548,0,S3,site_s3,S3,S3,S3,225.5,0.0,0.0,267.6,1,1,1,,
1786353088.801,c1,recommend,,0.0,26.76,14.03,2.41,S3,0,,0,200.0,obs,1207,26.76,14.03,4.0,S3,26.76,14.03,4.0,S3,26.76,14.03,2.41,S3,15.548,0,S3,site_s3,S3,S3,S3,301.5,0.0,0.0,321.3,1,1,1,,
1786353088.801,c2,reserve,,0.0,26.34,13.67,1.73,S3,0,,0,36.0,obs,605,26.34,13.67,3.65,S3,26.34,13.67,3.65,S3,26.34,13.67,1.73,S3,15.548,0,S3,site_s3,S3,S3,S3,151.0,0.0,0.0,363.3,1,1,1,,
1786353088.801,c2,search,,0.0,31.1,20.71,6.59,S3,0,,0,4474.0,obs,901,31.1,20.71,10.98,S3,31.1,20.71,10.98,S3,31.1,20.71,6.59,S3,15.548,0,S3,site_s3,S3,S3,S3,225.0,0.0,0.0,588.3,1,1,1,,
1786353088.801,c2,recommend,,0.0,26.76,14.03,2.41,S3,0,,0,200.0,obs,1207,26.76,14.03,4.0,S3,26.76,14.03,4.0,S3,26.76,14.03,2.41,S3,15.548,0,S3,site_s3,S3,S3,S3,302.0,0.0,0.0,642.0,1,1,1,,
1786353089.798,c1,reserve,,0.0,26.34,13.67,1.82,S3,0,,0,36.0,obs,603,26.34,13.67,3.65,S3,26.34,13.67,3.65,S3,26.34,13.67,1.82,S3,12.923,0,S3,site_s3,S3,S3,S3,151.0,0.0,0.0,42.0,1,1,1,,
1786353089.798,c1,search,,0.0,31.1,20.71,6.8,S3,0,,0,4474.0,obs,906,31.1,20.71,10.98,S3,31.1,20.71,10.98,S3,31.1,20.71,6.8,S3,12.923,0,S3,site_s3,S3,S3,S3,226.5,0.0,0.0,268.5,1,1,1,,
1786353089.798,c1,recommend,,0.0,26.76,14.03,2.53,S3,0,,0,200.0,obs,1206,26.76,14.03,4.0,S3,26.76,14.03,4.0,S3,26.76,14.03,2.53,S3,12.923,0,S3,site_s3,S3,S3,S3,301.5,0.0,0.0,322.1,1,1,1,,
1786353089.798,c2,reserve,,0.0,26.34,13.67,1.82,S3,0,,0,36.0,obs,603,26.34,13.67,3.65,S3,26.34,13.67,3.65,S3,26.34,13.67,1.82,S3,12.923,0,S3,site_s3,S3,S3,S3,150.5,0.0,0.0,364.0,1,1,1,,
1786353089.798,c2,search,,0.0,31.1,20.71,6.8,S3,0,,0,4474.0,obs,906,31.1,20.71,10.98,S3,31.1,20.71,10.98,S3,31.1,20.71,6.8,S3,12.923,0,S3,site_s3,S3,S3,S3,226.5,0.0,0.0,590.5,1,1,1,,
1786353089.798,c2,recommend,,0.0,26.76,14.03,2.53,S3,0,,0,200.0,obs,1206,26.76,14.03,4.0,S3,26.76,14.03,4.0,S3,26.76,14.03,2.53,S3,12.923,0,S3,site_s3,S3,S3,S3,301.5,0.0,0.0,644.2,1,1,1,,
1786353090.798,c1,reserve,,0.0,26.34,13.67,1.52,S3,0,,0,36.0,obs,603,26.34,13.67,3.65,S3,26.34,13.67,3.65,S3,26.34,13.67,1.52,S3,12.706,0,S3,site_s3,S3,S3,S3,151.0,0.0,0.0,42.0,1,1,1,,
1786353090.798,c1,search,,0.0,31.1,20.71,6.52,S3,0,,0,4474.0,obs,901,31.1,20.71,10.98,S3,31.1,20.71,10.98,S3,31.1,20.71,6.52,S3,12.706,0,S3,site_s3,S3,S3,S3,225.5,0.0,0.0,267.5,1,1,1,,
1786353090.798,c1,recommend,,0.0,26.76,14.03,2.4,S3,0,,0,200.0,obs,1211,26.76,14.03,4.0,S3,26.76,14.03,4.0,S3,26.76,14.03,2.4,S3,12.706,0,S3,site_s3,S3,S3,S3,302.5,0.0,0.0,321.3,1,1,1,,
1786353090.798,c2,reserve,,0.0,26.34,13.67,1.52,S3,0,,0,36.0,obs,603,26.34,13.67,3.65,S3,26.34,13.67,3.65,S3,26.34,13.67,1.52,S3,12.706,0,S3,site_s3,S3,S3,S3,150.5,0.0,0.0,363.2,1,1,1,,
1786353090.798,c2,search,,0.0,31.1,20.71,6.52,S3,0,,0,4474.0,obs,901,31.1,20.71,10.98,S3,31.1,20.71,10.98,S3,31.1,20.71,6.52,S3,12.706,0,S3,site_s3,S3,S3,S3,225.0,0.0,0.0,588.2,1,1,1,,
1786353090.798,c2,recommend,,0.0,26.76,14.03,2.4,S3,0,,0,200.0,obs,1211,26.76,14.03,4.0,S3,26.76,14.03,4.0,S3,26.76,14.03,2.4,S3,12.706,0,S3,site_s3,S3,S3,S3,303.0,0.0,0.0,642.1,1,1,1,,
1786353091.799,c1,reserve,,0.0,26.34,13.67,1.52,S3,0,,0,36.0,obs,606,26.34,13.67,3.65,S3,26.34,13.67,3.65,S3,26.34,13.67,1.52,S3,13.963,0,S3,site_s3,S3,S3,S3,151.5,0.0,0.0,42.1,1,1,1,,
1786353091.799,c1,search,,0.0,31.1,20.71,6.52,S3,0,,0,4474.0,obs,907,31.1,20.71,10.98,S3,31.1,20.71,10.98,S3,31.1,20.71,6.52,S3,13.963,0,S3,site_s3,S3,S3,S3,227.0,0.0,0.0,269.1,1,1,1,,
1786353091.799,c1,recommend,,0.0,26.76,14.03,2.38,S3,0,,0,200.0,obs,1206,26.76,14.03,4.0,S3,26.76,14.03,4.0,S3,26.76,14.03,2.38,S3,13.963,0,S3,site_s3,S3,S3,S3,301.5,0.0,0.0,322.8,1,1,1,,
1786353091.799,c2,reserve,,0.0,26.34,13.67,1.52,S3,0,,0,36.0,obs,606,26.34,13.67,3.65,S3,26.34,13.67,3.65,S3,26.34,13.67,1.52,S3,13.963,0,S3,site_s3,S3,S3,S3,151.5,0.0,0.0,364.9,1,1,1,,
1786353091.799,c2,search,,0.0,31.1,20.71,6.52,S3,0,,0,4474.0,obs,907,31.1,20.71,10.98,S3,31.1,20.71,10.98,S3,31.1,20.71,6.52,S3,13.963,0,S3,site_s3,S3,S3,S3,226.5,0.0,0.0,591.4,1,1,1,,
1786353091.799,c2,recommend,,0.0,26.76,14.03,2.38,S3,0,,0,200.0,obs,1206,26.76,14.03,4.0,S3,26.76,14.03,4.0,S3,26.76,14.03,2.38,S3,13.963,0,S3,site_s3,S3,S3,S3,301.5,0.0,0.0,645.1,1,1,1,,
1786353092.799,c1,reserve,,0.0,26.34,13.67,1.89,S3,0,,0,36.0,obs,603,26.34,13.67,3.65,S3,26.34,13.67,3.65,S3,26.34,13.67,1.89,S3,13.564,0,S3,site_s3,S3,S3,S3,150.5,0.0,0.0,41.8,1,1,1,,
1786353092.799,c1,search,,0.0,31.1,20.71,6.97,S3,0,,0,4474.0,obs,906,31.1,20.71,10.98,S3,31.1,20.71,10.98,S3,31.1,20.71,6.97,S3,13.564,0,S3,site_s3,S3,S3,S3,226.5,0.0,0.0,268.3,1,1,1,,
1786353092.799,c1,recommend,,0.0,26.76,14.03,2.4,S3,0,,0,200.0,obs,1213,26.76,14.03,4.0,S3,26.76,14.03,4.0,S3,26.76,14.03,2.4,S3,13.564,0,S3,site_s3,S3,S3,S3,303.5,0.0,0.0,322.4,1,1,1,,
1786353092.799,c2,reserve,,0.0,26.34,13.67,1.89,S3,0,,0,36.0,obs,603,26.34,13.67,3.65,S3,26.34,13.67,3.65,S3,26.34,13.67,1.89,S3,13.564,0,S3,site_s3,S3,S3,S3,151.0,0.0,0.0,364.3,1,1,1,,
1786353092.799,c2,search,,0.0,31.1,20.71,6.97,S3,0,,0,4474.0,obs,906,31.1,20.71,10.98,S3,31.1,20.71,10.98,S3,31.1,20.71,6.97,S3,13.564,0,S3,site_s3,S3,S3,S3,226.5,0.0,0.0,590.8,1,1,1,,
1786353092.799,c2,recommend,,0.0,26.76,14.03,2.4,S3,0,,0,200.0,obs,1213,26.76,14.03,4.0,S3,26.76,14.03,4.0,S3,26.76,14.03,2.4,S3,13.564,0,S3,site_s3,S3,S3,S3,303.0,0.0,0.0,644.8,1,1,1,,
1786353093.799,c1,reserve,,0.0,26.34,13.67,1.79,S3,0,,0,36.0,obs,609,26.34,13.67,3.65,S3,26.34,13.67,3.65,S3,26.34,13.67,1.79,S3,13.708,0,S3,site_s3,S3,S3,S3,152.0,0.0,0.0,42.3,1,1,1,,
1786353093.799,c1,search,,0.0,31.1,20.71,6.99,S3,0,,0,4474.0,obs,904,31.1,20.71,10.98,S3,31.1,20.71,10.98,S3,31.1,20.71,6.99,S3,13.708,0,S3,site_s3,S3,S3,S3,226.0,0.0,0.0,268.3,1,1,1,,
1786353093.799,c1,recommend,,0.0,26.76,14.03,2.46,S3,0,,0,200.0,obs,1208,26.76,14.03,4.0,S3,26.76,14.03,4.0,S3,26.76,14.03,2.46,S3,13.708,0,S3,site_s3,S3,S3,S3,302.5,0.0,0.0,322.1,1,1,1,,
1786353093.799,c2,reserve,,0.0,26.34,13.67,1.79,S3,0,,0,36.0,obs,609,26.34,13.67,3.65,S3,26.34,13.67,3.65,S3,26.34,13.67,1.79,S3,13.708,0,S3,site_s3,S3,S3,S3,152.5,0.0,0.0,364.5,1,1,1,,
1786353093.799,c2,search,,0.0,31.1,20.71,6.99,S3,0,,0,4474.0,obs,904,31.1,20.71,10.98,S3,31.1,20.71,10.98,S3,31.1,20.71,6.99,S3,13.708,0,S3,site_s3,S3,S3,S3,226.0,0.0,0.0,590.5,1,1,1,,
1786353093.799,c2,recommend,,0.0,26.76,14.03,2.46,S3,0,,0,200.0,obs,1208,26.76,14.03,4.0,S3,26.76,14.03,4.0,S3,26.76,14.03,2.46,S3,13.708,0,S3,site_s3,S3,S3,S3,301.5,0.0,0.0,644.2,1,1,1,,
1786353094.798,c1,reserve,,0.0,26.34,13.67,1.64,S3,0,,0,36.0,obs,604,26.34,13.67,3.65,S3,26.34,13.67,3.65,S3,26.34,13.67,1.64,S3,12.787,0,S3,site_s3,S3,S3,S3,151.0,0.0,0.0,42.0,1,1,1,,
1786353094.798,c1,search,,0.0,31.1,20.71,6.89,S3,0,,0,4474.0,obs,908,31.1,20.71,10.98,S3,31.1,20.71,10.98,S3,31.1,20.71,6.89,S3,12.787,0,S3,site_s3,S3,S3,S3,227.0,0.0,0.0,269.0,1,1,1,,
1786353094.798,c1,recommend,,0.0,26.76,14.03,2.44,S3,0,,0,200.0,obs,1213,26.76,14.03,4.0,S3,26.76,14.03,4.0,S3,26.76,14.03,2.44,S3,12.787,0,S3,site_s3,S3,S3,S3,303.5,0.0,0.0,323.0,1,1,1,,
1786353094.798,c2,reserve,,0.0,26.34,13.67,1.64,S3,0,,0,36.0,obs,604,26.34,13.67,3.65,S3,26.34,13.67,3.65,S3,26.34,13.67,1.64,S3,12.787,0,S3,site_s3,S3,S3,S3,151.0,0.0,0.0,365.0,1,1,1,,
1786353094.798,c2,search,,0.0,31.1,20.71,6.89,S3,0,,0,4474.0,obs,908,31.1,20.71,10.98,S3,31.1,20.71,10.98,S3,31.1,20.71,6.89,S3,12.787,0,S3,site_s3,S3,S3,S3,227.0,0.0,0.0,592.0,1,1,1,,
1786353094.798,c2,recommend,,0.0,26.76,14.03,2.44,S3,0,,0,200.0,obs,1213,26.76,14.03,4.0,S3,26.76,14.03,4.0,S3,26.76,14.03,2.44,S3,12.787,0,S3,site_s3,S3,S3,S3,303.0,0.0,0.0,645.9,1,1,1,,
1786353095.798,c1,reserve,,0.0,26.34,13.67,1.68,S3,0,,0,36.0,obs,609,26.34,13.67,3.65,S3,26.34,13.67,3.65,S3,26.34,13.67,1.68,S3,12.749,0,S3,site_s3,S3,S3,S3,152.0,0.0,0.0,42.3,1,1,1,,
1786353095.798,c1,search,,0.0,31.1,20.71,6.89,S3,0,,0,4474.0,obs,905,31.1,20.71,10.98,S3,31.1,20.71,10.98,S3,31.1,20.71,6.89,S3,12.749,0,S3,site_s3,S3,S3,S3,226.0,0.0,0.0,268.3,1,1,1,,
1786353095.798,c1,recommend,,0.0,26.76,14.03,2.49,S3,0,,0,200.0,obs,1214,26.76,14.03,4.0,S3,26.76,14.03,4.0,S3,26.76,14.03,2.49,S3,12.749,0,S3,site_s3,S3,S3,S3,304.0,0.0,0.0,322.4,1,1,1,,
1786353095.798,c2,reserve,,0.0,26.34,13.67,1.68,S3,0,,0,36.0,obs,609,26.34,13.67,3.65,S3,26.34,13.67,3.65,S3,26.34,13.67,1.68,S3,12.749,0,S3,site_s3,S3,S3,S3,152.5,0.0,0.0,364.8,1,1,1,,
1786353095.798,c2,search,,0.0,31.1,20.71,6.89,S3,0,,0,4474.0,obs,905,31.1,20.71,10.98,S3,31.1,20.71,10.98,S3,31.1,20.71,6.89,S3,12.749,0,S3,site_s3,S3,S3,S3,226.5,0.0,0.0,591.3,1,1,1,,
1786353095.798,c2,recommend,,0.0,26.76,14.03,2.49,S3,0,,0,200.0,obs,1214,26.76,14.03,4.0,S3,26.76,14.03,4.0,S3,26.76,14.03,2.49,S3,12.749,0,S3,site_s3,S3,S3,S3,303.0,0.0,0.0,645.2,1,1,1,,
1786353096.798,c1,reserve,,0.0,26.34,13.67,1.75,S3,0,,0,36.0,obs,607,26.34,13.67,3.65,S3,26.34,13.67,3.65,S3,26.34,13.67,1.75,S3,12.667,0,S3,site_s3,S3,S3,S3,152.0,0.0,0.0,42.3,1,1,1,,
1786353096.798,c1,search,,0.0,31.1,20.71,6.8,S3,0,,0,4474.0,obs,909,31.1,20.71,10.98,S3,31.1,20.71,10.98,S3,31.1,20.71,6.8,S3,12.667,0,S3,site_s3,S3,S3,S3,227.0,0.0,0.0,269.3,1,1,1,,
1786353096.798,c1,recommend,,0.0,26.76,14.03,2.48,S3,0,,0,200.0,obs,1213,26.76,14.03,4.0,S3,26.76,14.03,4.0,S3,26.76,14.03,2.48,S3,12.667,0,S3,site_s3,S3,S3,S3,303.5,0.0,0.0,323.3,1,1,1,,
1786353096.798,c2,reserve,,0.0,26.34,13.67,1.75,S3,0,,0,36.0,obs,607,26.34,13.67,3.65,S3,26.34,13.67,3.65,S3,26.34,13.67,1.75,S3,12.667,0,S3,site_s3,S3,S3,S3,151.5,0.0,0.0,365.4,1,1,1,,
1786353096.798,c2,search,,0.0,31.1,20.71,6.8,S3,0,,0,4474.0,obs,909,31.1,20.71,10.98,S3,31.1,20.71,10.98,S3,31.1,20.71,6.8,S3,12.667,0,S3,site_s3,S3,S3,S3,227.5,0.0,0.0,592.9,1,1,1,,
1786353096.798,c2,recommend,,0.0,26.76,14.03,2.48,S3,0,,0,200.0,obs,1213,26.76,14.03,4.0,S3,26.76,14.03,4.0,S3,26.76,14.03,2.48,S3,12.667,0,S3,site_s3,S3,S3,S3,303.0,0.0,0.0,646.8,1,1,1,,
1786353097.799,c1,reserve,,0.0,26.34,13.67,1.55,S3,0,,0,36.0,obs,607,26.34,13.67,3.65,S3,26.34,13.67,3.65,S3,26.34,13.67,1.55,S3,13.835,0,S3,site_s3,S3,S3,S3,151.5,0.0,0.0,42.1,1,1,1,,
1786353097.799,c1,search,,0.0,31.1,20.71,5.9,S3,0,,0,4474.0,obs,907,31.1,20.71,10.98,S3,31.1,20.71,10.98,S3,31.1,20.71,5.9,S3,13.835,0,S3,site_s3,S3,S3,S3,226.5,0.0,0.0,268.6,1,1,1,,
1786353097.799,c1,recommend,,0.0,26.76,14.03,2.28,S3,0,,0,200.0,obs,1216,26.76,14.03,4.0,S3,26.76,14.03,4.0,S3,26.76,14.03,2.28,S3,13.835,0,S3,site_s3,S3,S3,S3,304.0,0.0,0.0,322.7,1,1,1,,
1786353097.799,c2,reserve,,0.0,26.34,13.67,1.55,S3,0,,0,36.0,obs,607,26.34,13.67,3.65,S3,26.34,13.67,3.65,S3,26.34,13.67,1.55,S3,13.835,0,S3,site_s3,S3,S3,S3,152.0,0.0,0.0,365.0,1,1,1,,
1786353097.799,c2,search,,0.0,31.1,20.71,5.9,S3,0,,0,4474.0,obs,907,31.1,20.71,10.98,S3,31.1,20.71,10.98,S3,31.1,20.71,5.9,S3,13.835,0,S3,site_s3,S3,S3,S3,227.0,0.0,0.0,592.0,1,1,1,,
1786353097.799,c2,recommend,,0.0,26.76,14.03,2.28,S3,0,,0,200.0,obs,1216,26.76,14.03,4.0,S3,26.76,14.03,4.0,S3,26.76,14.03,2.28,S3,13.835,0,S3,site_s3,S3,S3,S3,304.0,0.0,0.0,646.1,1,1,1,,
1786353098.799,c1,reserve,,0.0,26.34,13.67,1.63,S3,0,,0,36.0,obs,609,26.34,13.67,3.65,S3,26.34,13.67,3.65,S3,26.34,13.67,1.63,S3,13.782,0,S3,site_s3,S3,S3,S3,152.0,0.0,0.0,42.3,1,1,1,,
1786353098.799,c1,search,,0.0,31.1,20.71,6.02,S3,0,,0,4474.0,obs,912,31.1,20.71,10.98,S3,31.1,20.71,10.98,S3,31.1,20.71,6.02,S3,13.782,0,S3,site_s3,S3,S3,S3,228.0,0.0,0.0,270.3,1,1,1,,
1786353098.799,c1,recommend,,0.0,26.76,14.03,2.39,S3,0,,0,200.0,obs,1213,26.76,14.03,4.0,S3,26.76,14.03,4.0,S3,26.76,14.03,2.39,S3,13.782,0,S3,site_s3,S3,S3,S3,304.0,0.0,0.0,324.4,1,1,1,,
1786353098.799,c2,reserve,,0.0,26.34,13.67,1.63,S3,0,,0,36.0,obs,609,26.34,13.67,3.65,S3,26.34,13.67,3.65,S3,26.34,13.67,1.63,S3,13.782,0,S3,site_s3,S3,S3,S3,152.5,0.0,0.0,366.8,1,1,1,,
1786353098.799,c2,search,,0.0,31.1,20.71,6.02,S3,0,,0,4474.0,obs,912,31.1,20.71,10.98,S3,31.1,20.71,10.98,S3,31.1,20.71,6.02,S3,13.782,0,S3,site_s3,S3,S3,S3,228.0,0.0,0.0,594.8,1,1,1,,
1786353098.799,c2,recommend,,0.0,26.76,14.03,2.39,S3,0,,0,200.0,obs,1213,26.76,14.03,4.0,S3,26.76,14.03,4.0,S3,26.76,14.03,2.39,S3,13.782,0,S3,site_s3,S3,S3,S3,302.5,0.0,0.0,648.6,1,1,1,,
1786353099.799,c1,reserve,,0.0,26.34,13.67,1.9,S3,0,,0,36.0,obs,604,26.34,13.67,3.65,S3,26.34,13.67,3.65,S3,26.34,13.67,1.9,S3,13.704,0,S3,site_s3,S3,S3,S3,151.0,0.0,0.0,42.0,1,1,1,,
1786353099.799,c1,search,,0.0,31.1,20.71,7.52,S3,0,,0,4474.0,obs,909,31.1,20.71,10.98,S3,31.1,20.71,10.98,S3,31.1,20.71,7.52,S3,13.704,0,S3,site_s3,S3,S3,S3,227.0,0.0,0.0,269.0,1,1,1,,
1786353099.799,c1,recommend,,0.0,26.76,14.03,2.67,S3,0,,0,200.0,obs,1219,26.76,14.03,4.0,S3,26.76,14.03,4.0,S3,26.76,14.03,2.67,S3,13.704,0,S3,site_s3,S3,S3,S3,305.0,0.0,0.0,323.3,1,1,1,,
1786353099.799,c2,reserve,,0.0,26.34,13.67,1.9,S3,0,,0,36.0,obs,604,26.34,13.67,3.65,S3,26.34,13.67,3.65,S3,26.34,13.67,1.9,S3,13.704,0,S3,site_s3,S3,S3,S3,151.0,0.0,0.0,365.2,1,1,1,,
1786353099.799,c2,search,,0.0,31.1,20.71,7.52,S3,0,,0,4474.0,obs,909,31.1,20.71,10.98,S3,31.1,20.71,10.98,S3,31.1,20.71,7.52,S3,13.704,0,S3,site_s3,S3,S3,S3,227.0,0.0,0.0,592.2,1,1,1,,
1786353099.799,c2,recommend,,0.0,26.76,14.03,2.67,S3,0,,0,200.0,obs,1219,26.76,14.03,4.0,S3,26.76,14.03,4.0,S3,26.76,14.03,2.67,S3,13.704,0,S3,site_s3,S3,S3,S3,304.5,0.0,0.0,646.4,1,1,1,,
1786353100.799,c1,reserve,,0.0,26.34,13.67,1.82,S3,0,,0,36.0,obs,611,26.34,13.67,3.65,S3,26.34,13.67,3.65,S3,26.34,13.67,1.82,S3,13.699,0,S3,site_s3,S3,S3,S3,153.0,0.0,0.0,42.5,1,1,1,,
1786353100.799,c1,search,,0.0,31.1,20.71,7.05,S3,0,,0,4474.0,obs,909,31.1,20.71,10.98,S3,31.1,20.71,10.98,S3,31.1,20.71,7.05,S3,13.699,0,S3,site_s3,S3,S3,S3,227.0,0.0,0.0,269.5,1,1,1,,
1786353100.799,c1,recommend,,0.0,26.76,14.03,2.55,S3,0,,0,200.0,obs,1213,26.76,14.03,4.0,S3,26.76,14.03,4.0,S3,26.76,14.03,2.55,S3,13.699,0,S3,site_s3,S3,S3,S3,303.5,0.0,0.0,323.6,1,1,1,,
1786353100.799,c2,reserve,,0.0,26.34,13.67,1.82,S3,0,,0,36.0,obs,611,26.34,13.67,3.65,S3,26.34,13.67,3.65,S3,26.34,13.67,1.82,S3,13.699,0,S3,site_s3,S3,S3,S3,152.5,0.0,0.0,366.0,1,1,1,,
1786353100.799,c2,search,,0.0,31.1,20.71,7.05,S3,0,,0,4474.0,obs,909,31.1,20.71,10.98,S3,31.1,20.71,10.98,S3,31.1,20.71,7.05,S3,13.699,0,S3,site_s3,S3,S3,S3,227.5,0.0,0.0,593.5,1,1,1,,
1786353100.799,c2,recommend,,0.0,26.76,14.03,2.55,S3,0,,0,200.0,obs,1213,26.76,14.03,4.0,S3,26.76,14.03,4.0,S3,26.76,14.03,2.55,S3,13.699,0,S3,site_s3,S3,S3,S3,303.0,0.0,0.0,647.4,1,1,1,,
1786353101.798,c1,reserve,,0.0,26.34,13.67,1.77,S3,0,,0,36.0,obs,606,26.34,13.67,3.65,S3,26.34,13.67,3.65,S3,26.34,13.67,1.77,S3,12.749,0,S3,site_s3,S3,S3,S3,151.5,0.0,0.0,42.1,1,1,1,,
1786353101.798,c1,search,,0.0,31.1,20.71,6.64,S3,0,,0,4474.0,obs,913,31.1,20.71,10.98,S3,31.1,20.71,10.98,S3,31.1,20.71,6.64,S3,12.749,0,S3,site_s3,S3,S3,S3,228.0,0.0,0.0,270.1,1,1,1,,
1786353101.798,c1,recommend,,0.0,26.76,14.03,2.34,S3,0,,0,200.0,obs,1219,26.76,14.03,4.0,S3,26.76,14.03,4.0,S3,26.76,14.03,2.34,S3,12.749,0,S3,site_s3,S3,S3,S3,305.0,0.0,0.0,324.4,1,1,1,,
1786353101.798,c2,reserve,,0.0,26.34,13.67,1.77,S3,0,,0,36.0,obs,606,26.34,13.67,3.65,S3,26.34,13.67,3.65,S3,26.34,13.67,1.77,S3,12.749,0,S3,site_s3,S3,S3,S3,151.5,0.0,0.0,366.5,1,1,1,,
1786353101.798,c2,search,,0.0,31.1,20.71,6.64,S3,0,,0,4474.0,obs,913,31.1,20.71,10.98,S3,31.1,20.71,10.98,S3,31.1,20.71,6.64,S3,12.749,0,S3,site_s3,S3,S3,S3,228.5,0.0,0.0,595.0,1,1,1,,
1786353101.798,c2,recommend,,0.0,26.76,14.03,2.34,S3,0,,0,200.0,obs,1219,26.76,14.03,4.0,S3,26.76,14.03,4.0,S3,26.76,14.03,2.34,S3,12.749,0,S3,site_s3,S3,S3,S3,304.5,0.0,0.0,649.2,1,1,1,,
1786353102.799,c1,reserve,,0.0,26.34,13.67,1.73,S3,0,,0,36.0,obs,610,26.34,13.67,3.65,S3,26.34,13.67,3.65,S3,26.34,13.67,1.73,S3,13.653,0,S3,site_s3,S3,S3,S3,152.5,0.0,0.0,42.4,1,1,1,,
1786353102.799,c1,search,,0.0,31.1,20.71,6.34,S3,0,,0,4474.0,obs,909,31.1,20.71,10.98,S3,31.1,20.71,10.98,S3,31.1,20.71,6.34,S3,13.653,0,S3,site_s3,S3,S3,S3,227.0,0.0,0.0,269.4,1,1,1,,
1786353102.799,c1,recommend,,0.0,26.76,14.03,2.45,S3,0,,0,200.0,obs,1219,26.76,14.03,4.0,S3,26.76,14.03,4.0,S3,26.76,14.03,2.45,S3,13.653,0,S3,site_s3,S3,S3,S3,305.0,0.0,0.0,323.7,1,1,1,,
1786353102.799,c2,reserve,,0.0,26.34,13.67,1.73,S3,0,,0,36.0,obs,610,26.34,13.67,3.65,S3,26.34,13.67,3.65,S3,26.34,13.67,1.73,S3,13.653,0,S3,site_s3,S3,S3,S3,152.5,0.0,0.0,366.1,1,1,1,,
1786353102.799,c2,search,,0.0,31.1,20.71,6.34,S3,0,,0,4474.0,obs,909,31.1,20.71,10.98,S3,31.1,20.71,10.98,S3,31.1,20.71,6.34,S3,13.653,0,S3,site_s3,S3,S3,S3,227.5,0.0,0.0,593.6,1,1,1,,
1786353102.799,c2,recommend,,0.0,26.76,14.03,2.45,S3,0,,0,200.0,obs,1219,26.76,14.03,4.0,S3,26.76,14.03,4.0,S3,26.76,14.03,2.45,S3,13.653,0,S3,site_s3,S3,S3,S3,304.5,0.0,0.0,647.8,1,1,1,,
1786353103.798,c1,reserve,,0.0,26.34,13.67,1.64,S3,0,,0,36.0,obs,609,26.34,13.67,3.65,S3,26.34,13.67,3.65,S3,26.34,13.67,1.64,S3,12.831,0,S3,site_s3,S3,S3,S3,152.5,0.0,0.0,42.4,1,1,1,,
1786353103.798,c1,search,,0.0,31.1,20.71,6.59,S3,0,,0,4474.0,obs,914,31.1,20.71,10.98,S3,31.1,20.71,10.98,S3,31.1,20.71,6.59,S3,12.831,0,S3,site_s3,S3,S3,S3,228.5,0.0,0.0,270.9,1,1,1,,
1786353103.798,c1,recommend,,0.0,26.76,14.03,2.55,S3,0,,0,200.0,obs,1218,26.76,14.03,4.0,S3,26.76,14.03,4.0,S3,26.76,14.03,2.55,S3,12.831,0,S3,site_s3,S3,S3,S3,304.5,0.0,0.0,325.1,1,1,1,,
1786353103.798,c2,reserve,,0.0,26.34,13.67,1.64,S3,0,,0,36.0,obs,609,26.34,13.67,3.65,S3,26.34,13.67,3.65,S3,26.34,13.67,1.64,S3,12.831,0,S3,site_s3,S3,S3,S3,152.0,0.0,0.0,367.4,1,1,1,,
1786353103.798,c2,search,,0.0,31.1,20.71,6.59,S3,0,,0,4474.0,obs,914,31.1,20.71,10.98,S3,31.1,20.71,10.98,S3,31.1,20.71,6.59,S3,12.831,0,S3,site_s3,S3,S3,S3,228.5,0.0,0.0,595.9,1,1,1,,
1786353103.798,c2,recommend,,0.0,26.76,14.03,2.55,S3,0,,0,200.0,obs,1218,26.76,14.03,4.0,S3,26.76,14.03,4.0,S3,26.76,14.03,2.55,S3,12.831,0,S3,site_s3,S3,S3,S3,304.5,0.0,0.0,650.1,1,1,1,,
1786353104.799,c1,reserve,,0.0,26.34,13.67,1.73,S3,0,,0,36.0,obs,609,26.34,13.67,3.65,S3,26.34,13.67,3.65,S3,26.34,13.67,1.73,S3,13.92,0,S3,site_s3,S3,S3,S3,152.5,0.0,0.0,42.4,1,1,1,,
1786353104.799,c1,search,,0.0,31.1,20.71,6.99,S3,0,,0,4474.0,obs,912,31.1,20.71,10.98,S3,31.1,20.71,10.98,S3,31.1,20.71,6.99,S3,13.92,0,S3,site_s3,S3,S3,S3,228.0,0.0,0.0,270.4,1,1,1,,
1786353104.799,c1,recommend,,0.0,26.76,14.03,2.64,S3,0,,0,200.0,obs,1220,26.76,14.03,4.0,S3,26.76,14.03,4.0,S3,26.76,14.03,2.64,S3,13.92,0,S3,site_s3,S3,S3,S3,305.0,0.0,0.0,324.7,1,1,1,,
1786353104.799,c2,reserve,,0.0,26.34,13.67,1.73,S3,0,,0,36.0,obs,609,26.34,13.67,3.65,S3,26.34,13.67,3.65,S3,26.34,13.67,1.73,S3,13.92,0,S3,site_s3,S3,S3,S3,152.0,0.0,0.0,366.9,1,1,1,,
1786353104.799,c2,search,,0.0,31.1,20.71,6.99,S3,0,,0,4474.0,obs,912,31.1,20.71,10.98,S3,31.1,20.71,10.98,S3,31.1,20.71,6.99,S3,13.92,0,S3,site_s3,S3,S3,S3,228.0,0.0,0.0,594.9,1,1,1,,
1786353104.799,c2,recommend,,0.0,26.76,14.03,2.64,S3,0,,0,200.0,obs,1220,26.76,14.03,4.0,S3,26.76,14.03,4.0,S3,26.76,14.03,2.64,S3,13.92,0,S3,site_s3,S3,S3,S3,305.0,0.0,0.0,649.2,1,1,1,,
1786353105.798,c1,reserve,,0.0,26.34,13.67,1.22,S3,0,,0,36.0,obs,609,26.34,13.67,3.65,S3,26.34,13.67,3.65,S3,26.34,13.67,1.22,S3,12.659,0,S3,site_s3,S3,S3,S3,152.5,0.0,0.0,42.4,1,1,1,,
1786353105.798,c1,search,,0.0,31.1,20.71,3.3,S3,0,,0,4474.0,obs,915,31.1,20.71,10.98,S3,31.1,20.71,10.98,S3,31.1,20.71,3.3,S3,12.659,0,S3,site_s3,S3,S3,S3,228.5,0.0,0.0,270.9,1,1,1,,
1786353105.798,c1,recommend,,0.0,26.76,14.03,1.86,S3,0,,0,200.0,obs,1220,26.76,14.03,4.0,S3,26.76,14.03,4.0,S3,26.76,14.03,1.86,S3,12.659,0,S3,site_s3,S3,S3,S3,305.0,0.0,0.0,325.2,1,1,1,,
1786353105.798,c2,reserve,,0.0,26.34,13.67,1.22,S3,0,,0,36.0,obs,609,26.34,13.67,3.65,S3,26.34,13.67,3.65,S3,26.34,13.67,1.22,S3,12.659,0,S3,site_s3,S3,S3,S3,152.0,0.0,0.0,367.4,1,1,1,,
1786353105.798,c2,search,,0.0,31.1,20.71,3.3,S3,0,,0,4474.0,obs,915,31.1,20.71,10.98,S3,31.1,20.71,10.98,S3,31.1,20.71,3.3,S3,12.659,0,S3,site_s3,S3,S3,S3,229.0,0.0,0.0,596.4,1,1,1,,
1786353105.798,c2,recommend,,0.0,26.76,14.03,1.86,S3,0,,0,200.0,obs,1220,26.76,14.03,4.0,S3,26.76,14.03,4.0,S3,26.76,14.03,1.86,S3,12.659,0,S3,site_s3,S3,S3,S3,305.0,0.0,0.0,650.7,1,1,1,,
1786353106.799,c1,reserve,,0.0,26.34,13.67,1.27,S3,0,,0,36.0,obs,608,26.34,13.67,3.65,S3,26.34,13.67,3.65,S3,26.34,13.67,1.27,S3,13.766,0,S3,site_s3,S3,S3,S3,152.5,0.0,0.0,42.4,1,1,1,,
1786353106.799,c1,search,,0.0,31.1,20.71,3.3,S3,0,,0,4474.0,obs,915,31.1,20.71,10.98,S3,31.1,20.71,10.98,S3,31.1,20.71,3.3,S3,13.766,0,S3,site_s3,S3,S3,S3,228.5,0.0,0.0,270.9,1,1,1,,
1786353106.799,c1,recommend,,0.0,26.76,14.03,1.79,S3,0,,0,200.0,obs,1223,26.76,14.03,4.0,S3,26.76,14.03,4.0,S3,26.76,14.03,1.79,S3,13.766,0,S3,site_s3,S3,S3,S3,305.5,0.0,0.0,325.3,1,1,1,,
1786353106.799,c2,reserve,,0.0,26.34,13.67,1.27,S3,0,,0,36.0,obs,608,26.34,13.67,3.65,S3,26.34,13.67,3.65,S3,26.34,13.67,1.27,S3,13.766,0,S3,site_s3,S3,S3,S3,151.5,0.0,0.0,367.4,1,1,1,,
1786353106.799,c2,search,,0.0,31.1,20.71,3.3,S3,0,,0,4474.0,obs,915,31.1,20.71,10.98,S3,31.1,20.71,10.98,S3,31.1,20.71,3.3,S3,13.766,0,S3,site_s3,S3,S3,S3,229.0,0.0,0.0,596.4,1,1,1,,
1786353106.799,c2,recommend,,0.0,26.76,14.03,1.79,S3,0,,0,200.0,obs,1223,26.76,14.03,4.0,S3,26.76,14.03,4.0,S3,26.76,14.03,1.79,S3,13.766,0,S3,site_s3,S3,S3,S3,306.0,0.0,0.0,650.9,1,1,1,,
1786353107.799,c1,reserve,,0.0,26.34,13.67,1.66,S3,0,,0,36.0,obs,613,26.34,13.67,3.65,S3,26.34,13.67,3.65,S3,26.34,13.67,1.66,S3,13.678,0,S3,site_s3,S3,S3,S3,153.0,0.0,0.0,42.5,1,1,1,,
1786353107.799,c1,search,,0.0,31.1,20.71,6.33,S3,0,,0,4474.0,obs,914,31.1,20.71,10.98,S3,31.1,20.71,10.98,S3,31.1,20.71,6.33,S3,13.678,0,S3,site_s3,S3,S3,S3,229.0,0.0,0.0,271.5,1,1,1,,
1786353107.799,c1,recommend,,0.0,26.76,14.03,2.35,S3,0,,0,200.0,obs,1218,26.76,14.03,4.0,S3,26.76,14.03,4.0,S3,26.76,14.03,2.35,S3,13.678,0,S3,site_s3,S3,S3,S3,304.5,0.0,0.0,325.7,1,1,1,,
1786353107.799,c2,reserve,,0.0,26.34,13.67,1.66,S3,0,,0,36.0,obs,613,26.34,13.67,3.65,S3,26.34,13.67,3.65,S3,26.34,13.67,1.66,S3,13.678,0,S3,site_s3,S3,S3,S3,153.5,0.0,0.0,368.4,1,1,1,,
1786353107.799,c2,search,,0.0,31.1,20.71,6.33,S3,0,,0,4474.0,obs,914,31.1,20.71,10.98,S3,31.1,20.71,10.98,S3,31.1,20.71,6.33,S3,13.678,0,S3,site_s3,S3,S3,S3,228.0,0.0,0.0,596.4,1,1,1,,
1786353107.799,c2,recommend,,0.0,26.76,14.03,2.35,S3,0,,0,200.0,obs,1218,26.76,14.03,4.0,S3,26.76,14.03,4.0,S3,26.76,14.03,2.35,S3,13.678,0,S3,site_s3,S3,S3,S3,304.5,0.0,0.0,650.6,1,1,1,,
1786353108.799,c1,reserve,,0.0,26.34,13.67,1.83,S3,0,,0,36.0,obs,609,26.34,13.67,3.65,S3,26.34,13.67,3.65,S3,26.34,13.67,1.83,S3,13.777,0,S3,site_s3,S3,S3,S3,152.0,0.0,0.0,42.3,1,1,1,,
1786353108.799,c1,search,,0.0,31.1,20.71,6.35,S3,0,,0,4474.0,obs,915,31.1,20.71,10.98,S3,31.1,20.71,10.98,S3,31.1,20.71,6.35,S3,13.777,0,S3,site_s3,S3,S3,S3,228.5,0.0,0.0,270.8,1,1,1,,
1786353108.799,c1,recommend,,0.0,26.76,14.03,2.26,S3,0,,0,200.0,obs,1225,26.76,14.03,4.0,S3,26.76,14.03,4.0,S3,26.76,14.03,2.26,S3,13.777,0,S3,site_s3,S3,S3,S3,307.0,0.0,0.0,325.4,1,1,1,,
1786353108.799,c2,reserve,,0.0,26.34,13.67,1.83,S3,0,,0,36.0,obs,609,26.34,13.67,3.65,S3,26.34,13.67,3.65,S3,26.34,13.67,1.83,S3,13.777,0,S3,site_s3,S3,S3,S3,152.5,0.0,0.0,367.8,1,1,1,,
1786353108.799,c2,search,,0.0,31.1,20.71,6.35,S3,0,,0,4474.0,obs,915,31.1,20.71,10.98,S3,31.1,20.71,10.98,S3,31.1,20.71,6.35,S3,13.777,0,S3,site_s3,S3,S3,S3,229.0,0.0,0.0,596.8,1,1,1,,
1786353108.799,c2,recommend,,0.0,26.76,14.03,2.26,S3,0,,0,200.0,obs,1225,26.76,14.03,4.0,S3,26.76,14.03,4.0,S3,26.76,14.03,2.26,S3,13.777,0,S3,site_s3,S3,S3,S3,305.5,0.0,0.0,651.2,1,1,1,,
1786353109.799,c1,reserve,,0.0,26.34,13.67,1.85,S3,0,,0,36.0,obs,614,26.34,13.67,3.65,S3,26.34,13.67,3.65,S3,26.34,13.67,1.85,S3,13.697,0,S3,site_s3,S3,S3,S3,153.5,0.0,0.0,42.7,1,1,1,,
1786353109.799,c1,search,,0.0,31.1,20.71,6.69,S3,0,,0,4474.0,obs,913,31.1,20.71,10.98,S3,31.1,20.71,10.98,S3,31.1,20.71,6.69,S3,13.697,0,S3,site_s3,S3,S3,S3,228.5,0.0,0.0,271.2,1,1,1,,
1786353109.799,c1,recommend,,0.0,26.76,14.03,2.48,S3,0,,0,200.0,obs,1224,26.76,14.03,4.0,S3,26.76,14.03,4.0,S3,26.76,14.03,2.48,S3,13.697,0,S3,site_s3,S3,S3,S3,306.0,0.0,0.0,325.6,1,1,1,,
1786353109.799,c2,reserve,,0.0,26.34,13.67,1.85,S3,0,,0,36.0,obs,614,26.34,13.67,3.65,S3,26.34,13.67,3.65,S3,26.34,13.67,1.85,S3,13.697,0,S3,site_s3,S3,S3,S3,153.5,0.0,0.0,368.3,1,1,1,,
1786353109.799,c2,search,,0.0,31.1,20.71,6.69,S3,0,,0,4474.0,obs,913,31.1,20.71,10.98,S3,31.1,20.71,10.98,S3,31.1,20.71,6.69,S3,13.697,0,S3,site_s3,S3,S3,S3,228.0,0.0,0.0,596.3,1,1,1,,
1786353109.799,c2,recommend,,0.0,26.76,14.03,2.48,S3,0,,0,200.0,obs,1224,26.76,14.03,4.0,S3,26.76,14.03,4.0,S3,26.76,14.03,2.48,S3,13.697,0,S3,site_s3,S3,S3,S3,306.0,0.0,0.0,650.8,1,1,1,,
1786353110.799,c1,reserve,,0.0,26.34,13.67,1.62,S3,0,,0,36.0,obs,612,26.34,13.67,3.65,S3,26.34,13.67,3.65,S3,26.34,13.67,1.62,S3,13.74,0,S3,site_s3,S3,S3,S3,153.0,0.0,0.0,42.5,1,1,1,,
1786353110.799,c1,search,,0.0,31.1,20.71,6.57,S3,0,,0,4474.0,obs,917,31.1,20.71,10.98,S3,31.1,20.71,10.98,S3,31.1,20.71,6.57,S3,13.74,0,S3,site_s3,S3,S3,S3,229.5,0.0,0.0,272.0,1,1,1,,
1786353110.799,c1,recommend,,0.0,26.76,14.03,2.5,S3,0,,0,200.0,obs,1222,26.76,14.03,4.0,S3,26.76,14.03,4.0,S3,26.76,14.03,2.5,S3,13.74,0,S3,site_s3,S3,S3,S3,305.5,0.0,0.0,326.4,1,1,1,,
1786353110.799,c2,reserve,,0.0,26.34,13.67,1.62,S3,0,,0,36.0,obs,612,26.34,13.67,3.65,S3,26.34,13.67,3.65,S3,26.34,13.67,1.62,S3,13.74,0,S3,site_s3,S3,S3,S3,153.0,0.0,0.0,368.9,1,1,1,,
1786353110.799,c2,search,,0.0,31.1,20.71,6.57,S3,0,,0,4474.0,obs,917,31.1,20.71,10.98,S3,31.1,20.71,10.98,S3,31.1,20.71,6.57,S3,13.74,0,S3,site_s3,S3,S3,S3,229.0,0.0,0.0,597.9,1,1,1,,
1786353110.799,c2,recommend,,0.0,26.76,14.03,2.5,S3,0,,0,200.0,obs,1222,26.76,14.03,4.0,S3,26.76,14.03,4.0,S3,26.76,14.03,2.5,S3,13.74,0,S3,site_s3,S3,S3,S3,305.5,0.0,0.0,652.3,1,1,1,,
1786353111.799,c1,reserve,,0.0,26.34,13.67,1.58,S3,0,,0,36.0,obs,612,26.34,13.67,3.65,S3,26.34,13.67,3.65,S3,26.34,13.67,1.58,S3,13.662,0,S3,site_s3,S3,S3,S3,153.0,0.0,0.0,42.5,1,1,1,,
1786353111.799,c1,search,,0.0,31.1,20.71,6.35,S3,0,,0,4474.0,obs,916,31.1,20.71,10.98,S3,31.1,20.71,10.98,S3,31.1,20.71,6.35,S3,13.662,0,S3,site_s3,S3,S3,S3,229.0,0.0,0.0,271.5,1,1,1,,
1786353111.799,c1,recommend,,0.0,26.76,14.03,2.45,S3,0,,0,200.0,obs,1226,26.76,14.03,4.0,S3,26.76,14.03,4.0,S3,26.76,14.03,2.45,S3,13.662,0,S3,site_s3,S3,S3,S3,306.5,0.0,0.0,326.1,1,1,1,,
1786353111.799,c2,reserve,,0.0,26.34,13.67,1.58,S3,0,,0,36.0,obs,612,26.34,13.67,3.65,S3,26.34,13.67,3.65,S3,26.34,13.67,1.58,S3,13.662,0,S3,site_s3,S3,S3,S3,153.0,0.0,0.0,368.6,1,1,1,,
1786353111.799,c2,search,,0.0,31.1,20.71,6.35,S3,0,,0,4474.0,obs,916,31.1,20.71,10.98,S3,31.1,20.71,10.98,S3,31.1,20.71,6.35,S3,13.662,0,S3,site_s3,S3,S3,S3,229.0,0.0,0.0,597.6,1,1,1,,
1786353111.799,c2,recommend,,0.0,26.76,14.03,2.45,S3,0,,0,200.0,obs,1226,26.76,14.03,4.0,S3,26.76,14.03,4.0,S3,26.76,14.03,2.45,S3,13.662,0,S3,site_s3,S3,S3,S3,306.5,0.0,0.0,652.2,1,1,1,,
1786353112.799,c1,reserve,,0.0,26.34,13.67,1.75,S3,0,,0,36.0,obs,612,26.34,13.67,3.65,S3,26.34,13.67,3.65,S3,26.34,13.67,1.75,S3,13.833,0,S3,site_s3,S3,S3,S3,153.0,0.0,0.0,42.5,1,1,1,,
1786353112.799,c1,search,,0.0,31.1,20.71,6.35,S3,0,,0,4474.0,obs,920,31.1,20.71,10.98,S3,31.1,20.71,10.98,S3,31.1,20.71,6.35,S3,13.833,0,S3,site_s3,S3,S3,S3,230.0,0.0,0.0,272.5,1,1,1,,
1786353112.799,c1,recommend,,0.0,26.76,14.03,2.41,S3,0,,0,200.0,obs,1226,26.76,14.03,4.0,S3,26.76,14.03,4.0,S3,26.76,14.03,2.41,S3,13.833,0,S3,site_s3,S3,S3,S3,306.5,0.0,0.0,327.1,1,1,1,,
1786353112.799,c2,reserve,,0.0,26.34,13.67,1.75,S3,0,,0,36.0,obs,612,26.34,13.67,3.65,S3,26.34,13.67,3.65,S3,26.34,13.67,1.75,S3,13.833,0,S3,site_s3,S3,S3,S3,153.0,0.0,0.0,369.6,1,1,1,,
1786353112.799,c2,search,,0.0,31.1,20.71,6.35,S3,0,,0,4474.0,obs,920,31.1,20.71,10.98,S3,31.1,20.71,10.98,S3,31.1,20.71,6.35,S3,13.833,0,S3,site_s3,S3,S3,S3,230.0,0.0,0.0,599.6,1,1,1,,
1786353112.799,c2,recommend,,0.0,26.76,14.03,2.41,S3,0,,0,200.0,obs,1226,26.76,14.03,4.0,S3,26.76,14.03,4.0,S3,26.76,14.03,2.41,S3,13.833,0,S3,site_s3,S3,S3,S3,306.5,0.0,0.0,654.2,1,1,1,,
1786353113.799,c1,reserve,,0.0,26.34,13.67,1.8,S3,0,,0,36.0,obs,612,26.34,13.67,3.65,S3,26.34,13.67,3.65,S3,26.34,13.67,1.8,S3,13.294,0,S3,site_s3,S3,S3,S3,153.0,0.0,0.0,42.5,1,1,1,,
1786353113.799,c1,search,,0.0,31.1,20.71,6.65,S3,0,,0,4474.0,obs,918,31.1,20.71,10.98,S3,31.1,20.71,10.98,S3,31.1,20.71,6.65,S3,13.294,0,S3,site_s3,S3,S3,S3,229.5,0.0,0.0,272.0,1,1,1,,
1786353113.799,c1,recommend,,0.0,26.76,14.03,2.32,S3,0,,0,200.0,obs,1228,26.76,14.03,4.0,S3,26.76,14.03,4.0,S3,26.76,14.03,2.32,S3,13.294,0,S3,site_s3,S3,S3,S3,307.0,0.0,0.0,326.7,1,1,1,,
1786353113.799,c2,reserve,,0.0,26.34,13.67,1.8,S3,0,,0,36.0,obs,612,26.34,13.67,3.65,S3,26.34,13.67,3.65,S3,26.34,13.67,1.8,S3,13.294,0,S3,site_s3,S3,S3,S3,153.0,0.0,0.0,369.2,1,1,1,,
1786353113.799,c2,search,,0.0,31.1,20.71,6.65,S3,0,,0,4474.0,obs,918,31.1,20.71,10.98,S3,31.1,20.71,10.98,S3,31.1,20.71,6.65,S3,13.294,0,S3,site_s3,S3,S3,S3,229.5,0.0,0.0,598.7,1,1,1,,
1786353113.799,c2,recommend,,0.0,26.76,14.03,2.32,S3,0,,0,200.0,obs,1228,26.76,14.03,4.0,S3,26.76,14.03,4.0,S3,26.76,14.03,2.32,S3,13.294,0,S3,site_s3,S3,S3,S3,307.0,0.0,0.0,653.4,1,1,1,,
1786353114.799,c1,reserve,,0.0,26.34,13.67,1.87,S3,0,,0,36.0,obs,614,26.34,13.67,3.65,S3,26.34,13.67,3.65,S3,26.34,13.67,1.87,S3,13.87,0,S3,site_s3,S3,S3,S3,153.5,0.0,0.0,42.7,1,1,1,,
1786353114.799,c1,search,,0.0,31.1,20.71,6.86,S3,0,,0,4474.0,obs,919,31.1,20.71,10.98,S3,31.1,20.71,10.98,S3,31.1,20.71,6.86,S3,13.87,0,S3,site_s3,S3,S3,S3,230.0,0.0,0.0,272.7,1,1,1,,
1786353114.799,c1,recommend,,0.0,26.76,14.03,2.3,S3,0,,0,200.0,obs,1224,26.76,14.03,4.0,S3,26.76,14.03,4.0,S3,26.76,14.03,2.3,S3,13.87,0,S3,site_s3,S3,S3,S3,306.0,0.0,0.0,327.1,1,1,1,,
1786353114.799,c2,reserve,,0.0,26.34,13.67,1.87,S3,0,,0,36.0,obs,614,26.34,13.67,3.65,S3,26.34,13.67,3.65,S3,26.34,13.67,1.87,S3,13.87,0,S3,site_s3,S3,S3,S3,153.5,0.0,0.0,369.8,1,1,1,,
1786353114.799,c2,search,,0.0,31.1,20.71,6.86,S3,0,,0,4474.0,obs,919,31.1,20.71,10.98,S3,31.1,20.71,10.98,S3,31.1,20.71,6.86,S3,13.87,0,S3,site_s3,S3,S3,S3,229.5,0.0,0.0,599.3,1,1,1,,
1786353114.799,c2,recommend,,0.0,26.76,14.03,2.3,S3,0,,0,200.0,obs,1224,26.76,14.03,4.0,S3,26.76,14.03,4.0,S3,26.76,14.03,2.3,S3,13.87,0,S3,site_s3,S3,S3,S3,306.0,0.0,0.0,653.8,1,1,1,,
1786353115.797,c1,reserve,,0.0,26.34,13.67,1.9,S3,0,,0,36.0,obs,580,26.34,13.67,3.65,S3,26.34,13.67,3.65,S3,26.34,13.67,1.9,S3,11.613,0,S3,site_s3,S3,S3,S3,145.0,0.0,0.0,40.3,1,1,1,,
1786353115.797,c1,search,,0.0,31.1,20.71,6.94,S3,0,,0,4474.0,obs,875,31.1,20.71,10.98,S3,31.1,20.71,10.98,S3,31.1,20.71,6.94,S3,11.613,0,S3,site_s3,S3,S3,S3,218.5,0.0,0.0,258.8,1,1,1,,
1786353115.797,c1,recommend,,0.0,26.76,14.03,2.51,S3,0,,0,200.0,obs,1166,26.76,14.03,4.0,S3,26.76,14.03,4.0,S3,26.76,14.03,2.51,S3,11.613,0,S3,site_s3,S3,S3,S3,292.0,0.0,0.0,310.8,1,1,1,,
1786353115.797,c2,reserve,,0.0,26.34,13.67,1.9,S3,0,,0,36.0,obs,580,26.34,13.67,3.65,S3,26.34,13.67,3.65,S3,26.34,13.67,1.9,S3,11.613,0,S3,site_s3,S3,S3,S3,145.0,0.0,0.0,351.1,1,1,1,,
1786353115.797,c2,search,,0.0,31.1,20.71,6.94,S3,0,,0,4474.0,obs,875,31.1,20.71,10.98,S3,31.1,20.71,10.98,S3,31.1,20.71,6.94,S3,11.613,0,S3,site_s3,S3,S3,S3,219.0,0.0,0.0,570.1,1,1,1,,
1786353115.797,c2,recommend,,0.0,26.76,14.03,2.51,S3,0,,0,200.0,obs,1166,26.76,14.03,4.0,S3,26.76,14.03,4.0,S3,26.76,14.03,2.51,S3,11.613,0,S3,site_s3,S3,S3,S3,291.0,0.0,0.0,621.9,1,1,1,,
1786353116.798,c1,reserve,,0.0,26.34,13.67,1.94,S3,0,,0,36.0,obs,585,26.34,13.67,3.65,S3,26.34,13.67,3.65,S3,26.34,13.67,1.94,S3,12.706,0,S3,site_s3,S3,S3,S3,146.5,0.0,0.0,40.7,1,1,1,,
1786353116.798,c1,search,,0.0,31.1,20.71,6.93,S3,0,,0,4474.0,obs,870,31.1,20.71,10.98,S3,31.1,20.71,10.98,S3,31.1,20.71,6.93,S3,12.706,0,S3,site_s3,S3,S3,S3,217.5,0.0,0.0,258.2,1,1,1,,
1786353116.798,c1,recommend,,0.0,26.76,14.03,2.68,S3,0,,0,200.0,obs,1167,26.76,14.03,4.0,S3,26.76,14.03,4.0,S3,26.76,14.03,2.68,S3,12.706,0,S3,site_s3,S3,S3,S3,291.5,0.0,0.0,310.1,1,1,1,,
1786353116.798,c2,reserve,,0.0,26.34,13.67,1.94,S3,0,,0,36.0,obs,585,26.34,13.67,3.65,S3,26.34,13.67,3.65,S3,26.34,13.67,1.94,S3,12.706,0,S3,site_s3,S3,S3,S3,146.0,0.0,0.0,350.7,1,1,1,,
1786353116.798,c2,search,,0.0,31.1,20.71,6.93,S3,0,,0,4474.0,obs,870,31.1,20.71,10.98,S3,31.1,20.71,10.98,S3,31.1,20.71,6.93,S3,12.706,0,S3,site_s3,S3,S3,S3,217.5,0.0,0.0,568.2,1,1,1,,
1786353116.798,c2,recommend,,0.0,26.76,14.03,2.68,S3,0,,0,200.0,obs,1167,26.76,14.03,4.0,S3,26.76,14.03,4.0,S3,26.76,14.03,2.68,S3,12.706,0,S3,site_s3,S3,S3,S3,292.0,0.0,0.0,620.2,1,1,1,,
1786353117.799,c1,reserve,,0.0,26.34,13.67,1.38,S3,0,,0,36.0,obs,584,26.34,13.67,3.65,S3,26.34,13.67,3.65,S3,26.34,13.67,1.38,S3,13.774,0,S3,site_s3,S3,S3,S3,146.0,0.0,0.0,40.6,1,1,1,,
1786353117.799,c1,search,,0.0,31.1,20.71,5.8,S3,0,,0,4474.0,obs,877,31.1,20.71,10.98,S3,31.1,20.71,10.98,S3,31.1,20.71,5.8,S3,13.774,0,S3,site_s3,S3,S3,S3,219.5,0.0,0.0,260.1,1,1,1,,
1786353117.799,c1,recommend,,0.0,26.76,14.03,2.32,S3,0,,0,200.0,obs,1163,26.76,14.03,4.0,S3,26.76,14.03,4.0,S3,26.76,14.03,2.32,S3,13.774,0,S3,site_s3,S3,S3,S3,290.5,0.0,0.0,311.8,1,1,1,,
1786353117.799,c2,reserve,,0.0,26.34,13.67,1.38,S3,0,,0,36.0,obs,584,26.34,13.67,3.65,S3,26.34,13.67,3.65,S3,26.34,13.67,1.38,S3,13.774,0,S3,site_s3,S3,S3,S3,146.0,0.0,0.0,352.4,1,1,1,,
1786353117.799,c2,search,,0.0,31.1,20.71,5.8,S3,0,,0,4474.0,obs,877,31.1,20.71,10.98,S3,31.1,20.71,10.98,S3,31.1,20.71,5.8,S3,13.774,0,S3,site_s3,S3,S3,S3,219.0,0.0,0.0,571.4,1,1,1,,
1786353117.799,c2,recommend,,0.0,26.76,14.03,2.32,S3,0,,0,200.0,obs,1163,26.76,14.03,4.0,S3,26.76,14.03,4.0,S3,26.76,14.03,2.32,S3,13.774,0,S3,site_s3,S3,S3,S3,291.0,0.0,0.0,623.2,1,1,1,,
1786353118.799,c1,reserve,,0.0,26.34,13.67,0.91,S3,0,,0,36.0,obs,580,26.34,13.67,3.65,S3,26.34,13.67,3.65,S3,26.34,13.67,0.91,S3,13.657,0,S3,site_s3,S3,S3,S3,145.0,0.0,0.0,40.3,1,1,1,,
1786353118.799,c1,search,,0.0,31.1,20.71,5.26,S3,0,,0,4474.0,obs,872,31.1,20.71,10.98,S3,31.1,20.71,10.98,S3,31.1,20.71,5.26,S3,13.657,0,S3,site_s3,S3,S3,S3,218.0,0.0,0.0,258.3,1,1,1,,
1786353118.799,c1,recommend,,0.0,26.76,14.03,2.21,S3,0,,0,200.0,obs,1172,26.76,14.03,4.0,S3,26.76,14.03,4.0,S3,26.76,14.03,2.21,S3,13.657,0,S3,site_s3,S3,S3,S3,293.0,0.0,0.0,310.5,1,1,1,,
1786353118.799,c2,reserve,,0.0,26.34,13.67,0.91,S3,0,,0,36.0,obs,580,26.34,13.67,3.65,S3,26.34,13.67,3.65,S3,26.34,13.67,0.91,S3,13.657,0,S3,site_s3,S3,S3,S3,145.0,0.0,0.0,350.8,1,1,1,,
1786353118.799,c2,search,,0.0,31.1,20.71,5.26,S3,0,,0,4474.0,obs,872,31.1,20.71,10.98,S3,31.1,20.71,10.98,S3,31.1,20.71,5.26,S3,13.657,0,S3,site_s3,S3,S3,S3,218.0,0.0,0.0,568.8,1,1,1,,
1786353118.799,c2,recommend,,0.0,26.76,14.03,2.21,S3,0,,0,200.0,obs,1172,26.76,14.03,4.0,S3,26.76,14.03,4.0,S3,26.76,14.03,2.21,S3,13.657,0,S3,site_s3,S3,S3,S3,293.0,0.0,0.0,620.9,1,1,1,,
1786353119.799,c1,reserve,,0.0,26.34,13.67,1.18,S3,0,,0,36.0,obs,586,26.34,13.67,3.65,S3,26.34,13.67,3.65,S3,26.34,13.67,1.18,S3,13.638,0,S3,site_s3,S3,S3,S3,146.5,0.0,0.0,40.7,1,1,1,,
1786353119.799,c1,search,,0.0,31.1,20.71,6.56,S3,0,,0,4474.0,obs,874,31.1,20.71,10.98,S3,31.1,20.71,10.98,S3,31.1,20.71,6.56,S3,13.638,0,S3,site_s3,S3,S3,S3,218.5,0.0,0.0,259.2,1,1,1,,
1786353119.799,c1,recommend,,0.0,26.76,14.03,2.13,S3,0,,0,200.0,obs,1164,26.76,14.03,4.0,S3,26.76,14.03,4.0,S3,26.76,14.03,2.13,S3,13.638,0,S3,site_s3,S3,S3,S3,291.0,0.0,0.0,311.0,1,1,1,,
1786353119.799,c2,reserve,,0.0,26.34,13.67,1.18,S3,0,,0,36.0,obs,586,26.34,13.67,3.65,S3,26.34,13.67,3.65,S3,26.34,13.67,1.18,S3,13.638,0,S3,site_s3,S3,S3,S3,146.5,0.0,0.0,351.8,1,1,1,,
1786353119.799,c2,search,,0.0,31.1,20.71,6.56,S3,0,,0,4474.0,obs,874,31.1,20.71,10.98,S3,31.1,20.71,10.98,S3,31.1,20.71,6.56,S3,13.638,0,S3,site_s3,S3,S3,S3,218.5,0.0,0.0,570.3,1,1,1,,
1786353119.799,c2,recommend,,0.0,26.76,14.03,2.13,S3,0,,0,200.0,obs,1164,26.76,14.03,4.0,S3,26.76,14.03,4.0,S3,26.76,14.03,2.13,S3,13.638,0,S3,site_s3,S3,S3,S3,291.0,0.0,0.0,622.0,1,1,1,,
1786353120.799,c1,reserve,,0.0,26.34,13.67,1.68,S3,0,,0,36.0,obs,581,26.34,13.67,3.65,S3,26.34,13.67,3.65,S3,26.34,13.67,1.68,S3,13.714,0,S3,site_s3,S3,S3,S3,145.0,0.0,0.0,40.3,1,1,1,,
1786353120.799,c1,search,,0.0,31.1,20.71,6.61,S3,0,,0,4474.0,obs,876,31.1,20.71,10.98,S3,31.1,20.71,10.98,S3,31.1,20.71,6.61,S3,13.714,0,S3,site_s3,S3,S3,S3,219.0,0.0,0.0,259.3,1,1,1,,
1786353120.799,c1,recommend,,0.0,26.76,14.03,2.26,S3,0,,0,200.0,obs,1171,26.76,14.03,4.0,S3,26.76,14.03,4.0,S3,26.76,14.03,2.26,S3,13.714,0,S3,site_s3,S3,S3,S3,293.0,0.0,0.0,311.5,1,1,1,,
1786353120.799,c2,reserve,,0.0,26.34,13.67,1.68,S3,0,,0,36.0,obs,581,26.34,13.67,3.65,S3,26.34,13.67,3.65,S3,26.34,13.67,1.68,S3,13.714,0,S3,site_s3,S3,S3,S3,145.5,0.0,0.0,351.9,1,1,1,,
1786353120.799,c2,search,,0.0,31.1,20.71,6.61,S3,0,,0,4474.0,obs,876,31.1,20.71,10.98,S3,31.1,20.71,10.98,S3,31.1,20.71,6.61,S3,13.714,0,S3,site_s3,S3,S3,S3,219.0,0.0,0.0,570.9,1,1,1,,
1786353120.799,c2,recommend,,0.0,26.76,14.03,2.26,S3,0,,0,200.0,obs,1171,26.76,14.03,4.0,S3,26.76,14.03,4.0,S3,26.76,14.03,2.26,S3,13.714,0,S3,site_s3,S3,S3,S3,292.5,0.0,0.0,623.0,1,1,1,,
1786353121.799,c1,reserve,,0.0,26.34,13.67,1.93,S3,0,,0,36.0,obs,587,26.34,13.67,3.65,S3,26.34,13.67,3.65,S3,26.34,13.67,1.93,S3,13.938,0,S3,site_s3,S3,S3,S3,146.5,0.0,0.0,40.7,1,1,1,,
1786353121.799,c1,search,,0.0,31.1,20.71,6.71,S3,0,,0,4474.0,obs,875,31.1,20.71,10.98,S3,31.1,20.71,10.98,S3,31.1,20.71,6.71,S3,13.938,0,S3,site_s3,S3,S3,S3,219.0,0.0,0.0,259.7,1,1,1,,
1786353121.799,c1,recommend,,0.0,26.76,14.03,2.5,S3,0,,0,200.0,obs,1167,26.76,14.03,4.0,S3,26.76,14.03,4.0,S3,26.76,14.03,2.5,S3,13.938,0,S3,site_s3,S3,S3,S3,292.0,0.0,0.0,311.7,1,1,1,,
1786353121.799,c2,reserve,,0.0,26.34,13.67,1.93,S3,0,,0,36.0,obs,587,26.34,13.67,3.65,S3,26.34,13.67,3.65,S3,26.34,13.67,1.93,S3,13.938,0,S3,site_s3,S3,S3,S3,147.0,0.0,0.0,352.6,1,1,1,,
1786353121.799,c2,search,,0.0,31.1,20.71,6.71,S3,0,,0,4474.0,obs,875,31.1,20.71,10.98,S3,31.1,20.71,10.98,S3,31.1,20.71,6.71,S3,13.938,0,S3,site_s3,S3,S3,S3,218.5,0.0,0.0,571.1,1,1,1,,
1786353121.799,c2,recommend,,0.0,26.76,14.03,2.5,S3,0,,0,200.0,obs,1167,26.76,14.03,4.0,S3,26.76,14.03,4.0,S3,26.76,14.03,2.5,S3,13.938,0,S3,site_s3,S3,S3,S3,291.5,0.0,0.0,623.0,1,1,1,,
1786353122.799,c1,reserve,,0.0,26.34,13.67,1.62,S3,0,,0,36.0,obs,582,26.34,13.67,3.65,S3,26.34,13.67,3.65,S3,26.34,13.67,1.62,S3,13.555,0,S3,site_s3,S3,S3,S3,145.5,0.0,0.0,40.4,1,1,1,,
1786353122.799,c1,search,,0.0,31.1,20.71,6.27,S3,0,,0,4474.0,obs,877,31.1,20.71,10.98,S3,31.1,20.71,10.98,S3,31.1,20.71,6.27,S3,13.555,0,S3,site_s3,S3,S3,S3,219.5,0.0,0.0,259.9,1,1,1,,
1786353122.799,c1,recommend,,0.0,26.76,14.03,2.43,S3,0,,0,200.0,obs,1172,26.76,14.03,4.0,S3,26.76,14.03,4.0,S3,26.76,14.03,2.43,S3,13.555,0,S3,site_s3,S3,S3,S3,293.0,0.0,0.0,312.1,1,1,1,,
1786353122.799,c2,reserve,,0.0,26.34,13.67,1.62,S3,0,,0,36.0,obs,582,26.34,13.67,3.65,S3,26.34,13.67,3.65,S3,26.34,13.67,1.62,S3,13.555,0,S3,site_s3,S3,S3,S3,145.5,0.0,0.0,352.6,1,1,1,,
1786353122.799,c2,search,,0.0,31.1,20.71,6.27,S3,0,,0,4474.0,obs,877,31.1,20.71,10.98,S3,31.1,20.71,10.98,S3,31.1,20.71,6.27,S3,13.555,0,S3,site_s3,S3,S3,S3,219.0,0.0,0.0,571.6,1,1,1,,
1786353122.799,c2,recommend,,0.0,26.76,14.03,2.43,S3,0,,0,200.0,obs,1172,26.76,14.03,4.0,S3,26.76,14.03,4.0,S3,26.76,14.03,2.43,S3,13.555,0,S3,site_s3,S3,S3,S3,293.0,0.0,0.0,623.7,1,1,1,,
1786353123.799,c1,reserve,,0.0,26.34,13.67,1.43,S3,0,,0,36.0,obs,587,26.34,13.67,3.65,S3,26.34,13.67,3.65,S3,26.34,13.67,1.43,S3,13.872,0,S3,site_s3,S3,S3,S3,147.0,0.0,0.0,40.9,1,1,1,,
1786353123.799,c1,search,,0.0,31.1,20.71,6.51,S3,0,,0,4474.0,obs,875,31.1,20.71,10.98,S3,31.1,20.71,10.98,S3,31.1,20.71,6.51,S3,13.872,0,S3,site_s3,S3,S3,S3,219.0,0.0,0.0,259.9,1,1,1,,
1786353123.799,c1,recommend,,0.0,26.76,14.03,2.55,S3,0,,0,200.0,obs,1170,26.76,14.03,4.0,S3,26.76,14.03,4.0,S3,26.76,14.03,2.55,S3,13.872,0,S3,site_s3,S3,S3,S3,292.0,0.0,0.0,311.8,1,1,1,,
1786353123.799,c2,reserve,,0.0,26.34,13.67,1.43,S3,0,,0,36.0,obs,587,26.34,13.67,3.65,S3,26.34,13.67,3.65,S3,26.34,13.67,1.43,S3,13.872,0,S3,site_s3,S3,S3,S3,146.5,0.0,0.0,352.6,1,1,1,,
1786353123.799,c2,search,,0.0,31.1,20.71,6.51,S3,0,,0,4474.0,obs,875,31.1,20.71,10.98,S3,31.1,20.71,10.98,S3,31.1,20.71,6.51,S3,13.872,0,S3,site_s3,S3,S3,S3,218.0,0.0,0.0,570.6,1,1,1,,
1786353123.799,c2,recommend,,0.0,26.76,14.03,2.55,S3,0,,0,200.0,obs,1170,26.76,14.03,4.0,S3,26.76,14.03,4.0,S3,26.76,14.03,2.55,S3,13.872,0,S3,site_s3,S3,S3,S3,293.0,0.0,0.0,622.7,1,1,1,,
1786353124.799,c1,reserve,,0.0,26.34,13.67,1.48,S3,0,,0,36.0,obs,584,26.34,13.67,3.65,S3,26.34,13.67,3.65,S3,26.34,13.67,1.48,S3,13.633,0,S3,site_s3,S3,S3,S3,145.5,0.0,0.0,40.4,1,1,1,,
1786353124.799,c1,search,,0.0,31.1,20.71,6.59,S3,0,,0,4474.0,obs,880,31.1,20.71,10.98,S3,31.1,20.71,10.98,S3,31.1,20.71,6.59,S3,13.633,0,S3,site_s3,S3,S3,S3,220.0,0.0,0.0,260.4,1,1,1,,
1786353124.799,c1,recommend,,0.0,26.76,14.03,2.43,S3,0,,0,200.0,obs,1169,26.76,14.03,4.0,S3,26.76,14.03,4.0,S3,26.76,14.03,2.43,S3,13.633,0,S3,site_s3,S3,S3,S3,292.5,0.0,0.0,312.5,1,1,1,,
1786353124.799,c2,reserve,,0.0,26.34,13.67,1.48,S3,0,,0,36.0,obs,584,26.34,13.67,3.65,S3,26.34,13.67,3.65,S3,26.34,13.67,1.48,S3,13.633,0,S3,site_s3,S3,S3,S3,146.5,0.0,0.0,353.2,1,1,1,,
1786353124.799,c2,search,,0.0,31.1,20.71,6.59,S3,0,,0,4474.0,obs,880,31.1,20.71,10.98,S3,31.1,20.71,10.98,S3,31.1,20.71,6.59,S3,13.633,0,S3,site_s3,S3,S3,S3,219.5,0.0,0.0,572.7,1,1,1,,
1786353124.799,c2,recommend,,0.0,26.76,14.03,2.43,S3,0,,0,200.0,obs,1169,26.76,14.03,4.0,S3,26.76,14.03,4.0,S3,26.76,14.03,2.43,S3,13.633,0,S3,site_s3,S3,S3,S3,292.0,0.0,0.0,624.7,1,1,1,,
1786353125.799,c1,reserve,,0.0,26.34,13.67,1.74,S3,0,,0,36.0,obs,583,26.34,13.67,3.65,S3,26.34,13.67,3.65,S3,26.34,13.67,1.74,S3,13.664,0,S3,site_s3,S3,S3,S3,146.0,0.0,0.0,40.6,1,1,1,,
1786353125.799,c1,search,,0.0,31.1,20.71,6.61,S3,0,,0,4474.0,obs,875,31.1,20.71,10.98,S3,31.1,20.71,10.98,S3,31.1,20.71,6.61,S3,13.664,0,S3,site_s3,S3,S3,S3,218.5,0.0,0.0,259.1,1,1,1,,
1786353125.799,c1,recommend,,0.0,26.76,14.03,2.43,S3,0,,0,200.0,obs,1177,26.76,14.03,4.0,S3,26.76,14.03,4.0,S3,26.76,14.03,2.43,S3,13.664,0,S3,site_s3,S3,S3,S3,294.0,0.0,0.0,311.4,1,1,1,,
1786353125.799,c2,reserve,,0.0,26.34,13.67,1.74,S3,0,,0,36.0,obs,583,26.34,13.67,3.65,S3,26.34,13.67,3.65,S3,26.34,13.67,1.74,S3,13.664,0,S3,site_s3,S3,S3,S3,145.5,0.0,0.0,351.9,1,1,1,,
1786353125.799,c2,search,,0.0,31.1,20.71,6.61,S3,0,,0,4474.0,obs,875,31.1,20.71,10.98,S3,31.1,20.71,10.98,S3,31.1,20.71,6.61,S3,13.664,0,S3,site_s3,S3,S3,S3,219.0,0.0,0.0,570.9,1,1,1,,
1786353125.799,c2,recommend,,0.0,26.76,14.03,2.43,S3,0,,0,200.0,obs,1177,26.76,14.03,4.0,S3,26.76,14.03,4.0,S3,26.76,14.03,2.43,S3,13.664,0,S3,site_s3,S3,S3,S3,294.5,0.0,0.0,623.3,1,1,1,,
1786353126.799,c1,reserve,,0.0,26.34,13.67,1.69,S3,0,,0,36.0,obs,588,26.34,13.67,3.65,S3,26.34,13.67,3.65,S3,26.34,13.67,1.69,S3,13.544,0,S3,site_s3,S3,S3,S3,147.0,0.0,0.0,40.9,1,1,1,,
1786353126.799,c1,search,,0.0,31.1,20.71,6.72,S3,0,,0,4474.0,obs,878,31.1,20.71,10.98,S3,31.1,20.71,10.98,S3,31.1,20.71,6.72,S3,13.544,0,S3,site_s3,S3,S3,S3,219.5,0.0,0.0,260.4,1,1,1,,
1786353126.799,c1,recommend,,0.0,26.76,14.03,2.36,S3,0,,0,200.0,obs,1170,26.76,14.03,4.0,S3,26.76,14.03,4.0,S3,26.76,14.03,2.36,S3,13.544,0,S3,site_s3,S3,S3,S3,292.5,0.0,0.0,312.4,1,1,1,,
1786353126.799,c2,reserve,,0.0,26.34,13.67,1.69,S3,0,,0,36.0,obs,588,26.34,13.67,3.65,S3,26.34,13.67,3.65,S3,26.34,13.67,1.69,S3,13.544,0,S3,site_s3,S3,S3,S3,147.0,0.0,0.0,353.3,1,1,1,,
1786353126.799,c2,search,,0.0,31.1,20.71,6.72,S3,0,,0,4474.0,obs,878,31.1,20.71,10.98,S3,31.1,20.71,10.98,S3,31.1,20.71,6.72,S3,13.544,0,S3,site_s3,S3,S3,S3,219.5,0.0,0.0,572.8,1,1,1,,
1786353126.799,c2,recommend,,0.0,26.76,14.03,2.36,S3,0,,0,200.0,obs,1170,26.76,14.03,4.0,S3,26.76,14.03,4.0,S3,26.76,14.03,2.36,S3,13.544,0,S3,site_s3,S3,S3,S3,292.5,0.0,0.0,624.9,1,1,1,,
1786353127.798,c1,reserve,,0.0,26.34,13.67,1.38,S3,0,,0,36.0,obs,582,26.34,13.67,3.65,S3,26.34,13.67,3.65,S3,26.34,13.67,1.38,S3,12.637,0,S3,site_s3,S3,S3,S3,145.5,0.0,0.0,40.4,1,1,1,,
1786353127.798,c1,search,,0.0,31.1,20.71,6.28,S3,0,,0,4474.0,obs,878,31.1,20.71,10.98,S3,31.1,20.71,10.98,S3,31.1,20.71,6.28,S3,12.637,0,S3,site_s3,S3,S3,S3,219.5,0.0,0.0,259.9,1,1,1,,
1786353127.798,c1,recommend,,0.0,26.76,14.03,1.87,S3,0,,0,200.0,obs,1176,26.76,14.03,4.0,S3,26.76,14.03,4.0,S3,26.76,14.03,1.87,S3,12.637,0,S3,site_s3,S3,S3,S3,294.0,0.0,0.0,312.3,1,1,1,,
1786353127.798,c2,reserve,,0.0,26.34,13.67,1.38,S3,0,,0,36.0,obs,582,26.34,13.67,3.65,S3,26.34,13.67,3.65,S3,26.34,13.67,1.38,S3,12.637,0,S3,site_s3,S3,S3,S3,145.5,0.0,0.0,352.7,1,1,1,,
1786353127.798,c2,search,,0.0,31.1,20.71,6.28,S3,0,,0,4474.0,obs,878,31.1,20.71,10.98,S3,31.1,20.71,10.98,S3,31.1,20.71,6.28,S3,12.637,0,S3,site_s3,S3,S3,S3,219.5,0.0,0.0,572.2,1,1,1,,
1786353127.798,c2,recommend,,0.0,26.76,14.03,1.87,S3,0,,0,200.0,obs,1176,26.76,14.03,4.0,S3,26.76,14.03,4.0,S3,26.76,14.03,1.87,S3,12.637,0,S3,site_s3,S3,S3,S3,294.0,0.0,0.0,624.6,1,1,1,,
1786353128.799,c1,reserve,,0.0,26.34,13.67,1.37,S3,0,,0,36.0,obs,588,26.34,13.67,3.65,S3,26.34,13.67,3.65,S3,26.34,13.67,1.37,S3,14.009,0,S3,site_s3,S3,S3,S3,147.0,0.0,0.0,40.9,1,1,1,,
1786353128.799,c1,search,,0.0,31.1,20.71,6.15,S3,0,,0,4474.0,obs,874,31.1,20.71,10.98,S3,31.1,20.71,10.98,S3,31.1,20.71,6.15,S3,14.009,0,S3,site_s3,S3,S3,S3,218.5,0.0,0.0,259.4,1,1,1,,
1786353128.799,c1,recommend,,0.0,26.76,14.03,2.18,S3,0,,0,200.0,obs,1172,26.76,14.03,4.0,S3,26.76,14.03,4.0,S3,26.76,14.03,2.18,S3,14.009,0,S3,site_s3,S3,S3,S3,293.5,0.0,0.0,311.6,1,1,1,,
1786353128.799,c2,reserve,,0.0,26.34,13.67,1.37,S3,0,,0,36.0,obs,588,26.34,13.67,3.65,S3,26.34,13.67,3.65,S3,26.34,13.67,1.37,S3,14.009,0,S3,site_s3,S3,S3,S3,147.0,0.0,0.0,352.5,1,1,1,,
1786353128.799,c2,search,,0.0,31.1,20.71,6.15,S3,0,,0,4474.0,obs,874,31.1,20.71,10.98,S3,31.1,20.71,10.98,S3,31.1,20.71,6.15,S3,14.009,0,S3,site_s3,S3,S3,S3,218.5,0.0,0.0,571.0,1,1,1,,
1786353128.799,c2,recommend,,0.0,26.76,14.03,2.18,S3,0,,0,200.0,obs,1172,26.76,14.03,4.0,S3,26.76,14.03,4.0,S3,26.76,14.03,2.18,S3,14.009,0,S3,site_s3,S3,S3,S3,292.5,0.0,0.0,623.0,1,1,1,,
1786353129.798,c1,reserve,,0.0,26.34,13.67,0.54,S3,0,,0,36.0,obs,584,26.34,13.67,3.65,S3,26.34,13.67,3.65,S3,26.34,13.67,0.54,S3,12.677,0,S3,site_s3,S3,S3,S3,146.0,0.0,0.0,40.6,1,1,1,,
1786353129.798,c1,search,,0.0,31.1,20.71,3.16,S3,0,,0,4474.0,obs,879,31.1,20.71,10.98,S3,31.1,20.71,10.98,S3,31.1,20.71,3.16,S3,12.677,0,S3,site_s3,S3,S3,S3,220.0,0.0,0.0,260.6,1,1,1,,
1786353129.798,c1,recommend,,0.0,26.76,14.03,1.71,S3,0,,0,200.0,obs,1178,26.76,14.03,4.0,S3,26.76,14.03,4.0,S3,26.76,14.03,1.71,S3,12.677,0,S3,site_s3,S3,S3,S3,294.5,0.0,0.0,313.0,1,1,1,,
1786353129.798,c2,reserve,,0.0,26.34,13.67,0.54,S3,0,,0,36.0,obs,584,26.34,13.67,3.65,S3,26.34,13.67,3.65,S3,26.34,13.67,0.54,S3,12.677,0,S3,site_s3,S3,S3,S3,146.0,0.0,0.0,353.6,1,1,1,,
1786353129.798,c2,search,,0.0,31.1,20.71,3.16,S3,0,,0,4474.0,obs,879,31.1,20.71,10.98,S3,31.1,20.71,10.98,S3,31.1,20.71,3.16,S3,12.677,0,S3,site_s3,S3,S3,S3,219.5,0.0,0.0,573.1,1,1,1,,
1786353129.798,c2,recommend,,0.0,26.76,14.03,1.71,S3,0,,0,200.0,obs,1178,26.76,14.03,4.0,S3,26.76,14.03,4.0,S3,26.76,14.03,1.71,S3,12.677,0,S3,site_s3,S3,S3,S3,294.5,0.0,0.0,625.5,1,1,1,,
1786353130.799,c1,reserve,,0.0,26.34,13.67,1.79,S3,0,,0,36.0,obs,590,26.34,13.67,3.65,S3,26.34,13.67,3.65,S3,26.34,13.67,1.79,S3,13.523,0,S3,site_s3,S3,S3,S3,147.5,0.0,0.0,41.0,1,1,1,,
1786353130.799,c1,search,,0.0,31.1,20.71,6.74,S3,0,,0,4474.0,obs,875,31.1,20.71,10.98,S3,31.1,20.71,10.98,S3,31.1,20.71,6.74,S3,13.523,0,S3,site_s3,S3,S3,S3,219.0,0.0,0.0,260.0,1,1,1,,
1786353130.799,c1,recommend,,0.0,26.76,14.03,2.39,S3,0,,0,200.0,obs,1177,26.76,14.03,4.0,S3,26.76,14.03,4.0,S3,26.76,14.03,2.39,S3,13.523,0,S3,site_s3,S3,S3,S3,294.5,0.0,0.0,312.4,1,1,1,,
1786353130.799,c2,reserve,,0.0,26.34,13.67,1.79,S3,0,,0,36.0,obs,590,26.34,13.67,3.65,S3,26.34,13.67,3.65,S3,26.34,13.67,1.79,S3,13.523,0,S3,site_s3,S3,S3,S3,147.5,0.0,0.0,353.4,1,1,1,,
1786353130.799,c2,search,,0.0,31.1,20.71,6.74,S3,0,,0,4474.0,obs,875,31.1,20.71,10.98,S3,31.1,20.71,10.98,S3,31.1,20.71,6.74,S3,13.523,0,S3,site_s3,S3,S3,S3,218.5,0.0,0.0,571.9,1,1,1,,
1786353130.799,c2,recommend,,0.0,26.76,14.03,2.39,S3,0,,0,200.0,obs,1177,26.76,14.03,4.0,S3,26.76,14.03,4.0,S3,26.76,14.03,2.39,S3,13.523,0,S3,site_s3,S3,S3,S3,294.0,0.0,0.0,624.3,1,1,1,,
1786353131.799,c1,reserve,,0.0,26.34,13.67,1.74,S3,0,,0,36.0,obs,586,26.34,13.67,3.65,S3,26.34,13.67,3.65,S3,26.34,13.67,1.74,S3,13.673,0,S3,site_s3,S3,S3,S3,146.0,0.0,0.0,40.6,1,1,1,,
1786353131.799,c1,search,,0.0,31.1,20.71,6.64,S3,0,,0,4474.0,obs,882,31.1,20.71,10.98,S3,31.1,20.71,10.98,S3,31.1,20.71,6.64,S3,13.673,0,S3,site_s3,S3,S3,S3,220.5,0.0,0.0,261.1,1,1,1,,
1786353131.799,c1,recommend,,0.0,26.76,14.03,2.27,S3,0,,0,200.0,obs,1176,26.76,14.03,4.0,S3,26.76,14.03,4.0,S3,26.76,14.03,2.27,S3,13.673,0,S3,site_s3,S3,S3,S3,294.5,0.0,0.0,313.5,1,1,1,,
1786353131.799,c2,reserve,,0.0,26.34,13.67,1.74,S3,0,,0,36.0,obs,586,26.34,13.67,3.65,S3,26.34,13.67,3.65,S3,26.34,13.67,1.74,S3,13.673,0,S3,site_s3,S3,S3,S3,147.0,0.0,0.0,354.4,1,1,1,,
1786353131.799,c2,search,,0.0,31.1,20.71,6.64,S3,0,,0,4474.0,obs,882,31.1,20.71,10.98,S3,31.1,20.71,10.98,S3,31.1,20.71,6.64,S3,13.673,0,S3,site_s3,S3,S3,S3,220.5,0.0,0.0,574.9,1,1,1,,
1786353131.799,c2,recommend,,0.0,26.76,14.03,2.27,S3,0,,0,200.0,obs,1176,26.76,14.03,4.0,S3,26.76,14.03,4.0,S3,26.76,14.03,2.27,S3,13.673,0,S3,site_s3,S3,S3,S3,293.5,0.0,0.0,627.1,1,1,1,,
1786353132.798,c1,reserve,,0.0,26.34,13.67,1.73,S3,0,,0,36.0,obs,589,26.34,13.67,3.65,S3,26.34,13.67,3.65,S3,26.34,13.67,1.73,S3,12.764,0,S3,site_s3,S3,S3,S3,147.5,0.0,0.0,41.0,1,1,1,,
1786353132.798,c1,search,,0.0,31.1,20.71,6.48,S3,0,,0,4474.0,obs,879,31.1,20.71,10.98,S3,31.1,20.71,10.98,S3,31.1,20.71,6.48,S3,12.764,0,S3,site_s3,S3,S3,S3,219.5,0.0,0.0,260.5,1,1,1,,
1786353132.798,c1,recommend,,0.0,26.76,14.03,2.29,S3,0,,0,200.0,obs,1180,26.76,14.03,4.0,S3,26.76,14.03,4.0,S3,26.76,14.03,2.29,S3,12.764,0,S3,site_s3,S3,S3,S3,295.0,0.0,0.0,313.0,1,1,1,,
1786353132.798,c2,reserve,,0.0,26.34,13.67,1.73,S3,0,,0,36.0,obs,589,26.34,13.67,3.65,S3,26.34,13.67,3.65,S3,26.34,13.67,1.73,S3,12.764,0,S3,site_s3,S3,S3,S3,147.0,0.0,0.0,353.9,1,1,1,,
1786353132.798,c2,search,,0.0,31.1,20.71,6.48,S3,0,,0,4474.0,obs,879,31.1,20.71,10.98,S3,31.1,20.71,10.98,S3,31.1,20.71,6.48,S3,12.764,0,S3,site_s3,S3,S3,S3,219.5,0.0,0.0,573.4,1,1,1,,
1786353132.798,c2,recommend,,0.0,26.76,14.03,2.29,S3,0,,0,200.0,obs,1180,26.76,14.03,4.0,S3,26.76,14.03,4.0,S3,26.76,14.03,2.29,S3,12.764,0,S3,site_s3,S3,S3,S3,295.0,0.0,0.0,625.9,1,1,1,,
1786353133.798,c1,reserve,,0.0,26.34,13.67,1.67,S3,0,,0,36.0,obs,591,26.34,13.67,3.65,S3,26.34,13.67,3.65,S3,26.34,13.67,1.67,S3,12.597,0,S3,site_s3,S3,S3,S3,148.0,0.0,0.0,41.1,1,1,1,,
1786353133.798,c1,search,,0.0,31.1,20.71,6.15,S3,0,,0,4474.0,obs,883,31.1,20.71,10.98,S3,31.1,20.71,10.98,S3,31.1,20.71,6.15,S3,12.597,0,S3,site_s3,S3,S3,S3,221.0,0.0,0.0,262.1,1,1,1,,
1786353133.798,c1,recommend,,0.0,26.76,14.03,2.28,S3,0,,0,200.0,obs,1173,26.76,14.03,4.0,S3,26.76,14.03,4.0,S3,26.76,14.03,2.28,S3,12.597,0,S3,site_s3,S3,S3,S3,293.0,0.0,0.0,314.3,1,1,1,,
1786353133.798,c2,reserve,,0.0,26.34,13.67,1.67,S3,0,,0,36.0,obs,591,26.34,13.67,3.65,S3,26.34,13.67,3.65,S3,26.34,13.67,1.67,S3,12.597,0,S3,site_s3,S3,S3,S3,147.5,0.0,0.0,355.3,1,1,1,,
1786353133.798,c2,search,,0.0,31.1,20.71,6.15,S3,0,,0,4474.0,obs,883,31.1,20.71,10.98,S3,31.1,20.71,10.98,S3,31.1,20.71,6.15,S3,12.597,0,S3,site_s3,S3,S3,S3,220.5,0.0,0.0,575.8,1,1,1,,
1786353133.798,c2,recommend,,0.0,26.76,14.03,2.28,S3,0,,0,200.0,obs,1173,26.76,14.03,4.0,S3,26.76,14.03,4.0,S3,26.76,14.03,2.28,S3,12.597,0,S3,site_s3,S3,S3,S3,293.5,0.0,0.0,628.0,1,1,1,,
1786353134.799,c1,reserve,,0.0,26.34,13.67,1.67,S3,0,,0,36.0,obs,587,26.34,13.67,3.65,S3,26.34,13.67,3.65,S3,26.34,13.67,1.67,S3,13.699,0,S3,site_s3,S3,S3,S3,147.0,0.0,0.0,40.9,1,1,1,,
1786353134.799,c1,search,,0.0,31.1,20.71,6.51,S3,0,,0,4474.0,obs,881,31.1,20.71,10.98,S3,31.1,20.71,10.98,S3,31.1,20.71,6.51,S3,13.699,0,S3,site_s3,S3,S3,S3,220.0,0.0,0.0,260.9,1,1,1,,
1786353134.799,c1,recommend,,0.0,26.76,14.03,2.42,S3,0,,0,200.0,obs,1180,26.76,14.03,4.0,S3,26.76,14.03,4.0,S3,26.76,14.03,2.42,S3,13.699,0,S3,site_s3,S3,S3,S3,295.0,0.0,0.0,313.4,1,1,1,,
1786353134.799,c2,reserve,,0.0,26.34,13.67,1.67,S3,0,,0,36.0,obs,587,26.34,13.67,3.65,S3,26.34,13.67,3.65,S3,26.34,13.67,1.67,S3,13.699,0,S3,site_s3,S3,S3,S3,146.5,0.0,0.0,354.1,1,1,1,,
1786353134.799,c2,search,,0.0,31.1,20.71,6.51,S3,0,,0,4474.0,obs,881,31.1,20.71,10.98,S3,31.1,20.71,10.98,S3,31.1,20.71,6.51,S3,13.699,0,S3,site_s3,S3,S3,S3,220.5,0.0,0.0,574.6,1,1,1,,
1786353134.799,c2,recommend,,0.0,26.76,14.03,2.42,S3,0,,0,200.0,obs,1180,26.76,14.03,4.0,S3,26.76,14.03,4.0,S3,26.76,14.03,2.42,S3,13.699,0,S3,site_s3,S3,S3,S3,295.0,0.0,0.0,627.1,1,1,1,,
1786353135.799,c1,reserve,,0.0,26.34,13.67,1.77,S3,0,,0,36.0,obs,593,26.34,13.67,3.65,S3,26.34,13.67,3.65,S3,26.34,13.67,1.77,S3,13.64,0,S3,site_s3,S3,S3,S3,148.5,0.0,0.0,41.3,1,1,1,,
1786353135.799,c1,search,,0.0,31.1,20.71,6.81,S3,0,,0,4474.0,obs,881,31.1,20.71,10.98,S3,31.1,20.71,10.98,S3,31.1,20.71,6.81,S3,13.64,0,S3,site_s3,S3,S3,S3,220.5,0.0,0.0,261.8,1,1,1,,
1786353135.799,c1,recommend,,0.0,26.76,14.03,2.58,S3,0,,0,200.0,obs,1176,26.76,14.03,4.0,S3,26.76,14.03,4.0,S3,26.76,14.03,2.58,S3,13.64,0,S3,site_s3,S3,S3,S3,293.5,0.0,0.0,314.0,1,1,1,,
1786353135.799,c2,reserve,,0.0,26.34,13.67,1.77,S3,0,,0,36.0,obs,593,26.34,13.67,3.65,S3,26.34,13.67,3.65,S3,26.34,13.67,1.77,S3,13.64,0,S3,site_s3,S3,S3,S3,148.0,0.0,0.0,355.2,1,1,1,,
1786353135.799,c2,search,,0.0,31.1,20.71,6.81,S3,0,,0,4474.0,obs,881,31.1,20.71,10.98,S3,31.1,20.71,10.98,S3,31.1,20.71,6.81,S3,13.64,0,S3,site_s3,S3,S3,S3,220.0,0.0,0.0,575.2,1,1,1,,
1786353135.799,c2,recommend,,0.0,26.76,14.03,2.58,S3,0,,0,200.0,obs,1176,26.76,14.03,4.0,S3,26.76,14.03,4.0,S3,26.76,14.03,2.58,S3,13.64,0,S3,site_s3,S3,S3,S3,294.5,0.0,0.0,627.6,1,1,1,,
1786353136.799,c1,reserve,,0.0,26.34,13.67,1.59,S3,0,,0,36.0,obs,588,26.34,13.67,3.65,S3,26.34,13.67,3.65,S3,26.34,13.67,1.59,S3,13.517,0,S3,site_s3,S3,S3,S3,147.0,0.0,0.0,40.9,1,1,1,,
1786353136.799,c1,search,,0.0,31.1,20.71,6.64,S3,0,,0,4474.0,obs,884,31.1,20.71,10.98,S3,31.1,20.71,10.98,S3,31.1,20.71,6.64,S3,13.517,0,S3,site_s3,S3,S3,S3,221.0,0.0,0.0,261.9,1,1,1,,
1786353136.799,c1,recommend,,0.0,26.76,14.03,2.52,S3,0,,0,200.0,obs,1181,26.76,14.03,4.0,S3,26.76,14.03,4.0,S3,26.76,14.03,2.52,S3,13.517,0,S3,site_s3,S3,S3,S3,295.0,0.0,0.0,314.4,1,1,1,,
1786353136.799,c2,reserve,,0.0,26.34,13.67,1.59,S3,0,,0,36.0,obs,588,26.34,13.67,3.65,S3,26.34,13.67,3.65,S3,26.34,13.67,1.59,S3,13.517,0,S3,site_s3,S3,S3,S3,147.0,0.0,0.0,355.2,1,1,1,,
1786353136.799,c2,search,,0.0,31.1,20.71,6.64,S3,0,,0,4474.0,obs,884,31.1,20.71,10.98,S3,31.1,20.71,10.98,S3,31.1,20.71,6.64,S3,13.517,0,S3,site_s3,S3,S3,S3,221.0,0.0,0.0,576.2,1,1,1,,
1786353136.799,c2,recommend,,0.0,26.76,14.03,2.52,S3,0,,0,200.0,obs,1181,26.76,14.03,4.0,S3,26.76,14.03,4.0,S3,26.76,14.03,2.52,S3,13.517,0,S3,site_s3,S3,S3,S3,295.5,0.0,0.0,628.8,1,1,1,,
1786353137.799,c1,reserve,,0.0,26.34,13.67,1.44,S3,0,,0,36.0,obs,594,26.34,13.67,3.65,S3,26.34,13.67,3.65,S3,26.34,13.67,1.44,S3,13.702,0,S3,site_s3,S3,S3,S3,148.5,0.0,0.0,41.3,1,1,1,,
1786353137.799,c1,search,,0.0,31.1,20.71,6.46,S3,0,,0,4474.0,obs,882,31.1,20.71,10.98,S3,31.1,20.71,10.98,S3,31.1,20.71,6.46,S3,13.702,0,S3,site_s3,S3,S3,S3,220.5,0.0,0.0,261.8,1,1,1,,
1786353137.799,c1,recommend,,0.0,26.76,14.03,2.28,S3,0,,0,200.0,obs,1178,26.76,14.03,4.0,S3,26.76,14.03,4.0,S3,26.76,14.03,2.28,S3,13.702,0,S3,site_s3,S3,S3,S3,294.5,0.0,0.0,314.2,1,1,1,,
1786353137.799,c2,reserve,,0.0,26.34,13.67,1.44,S3,0,,0,36.0,obs,594,26.34,13.67,3.65,S3,26.34,13.67,3.65,S3,26.34,13.67,1.44,S3,13.702,0,S3,site_s3,S3,S3,S3,148.5,0.0,0.0,355.5,1,1,1,,
1786353137.799,c2,search,,0.0,31.1,20.71,6.46,S3,0,,0,4474.0,obs,882,31.1,20.71,10.98,S3,31.1,20.71,10.98,S3,31.1,20.71,6.46,S3,13.702,0,S3,site_s3,S3,S3,S3,220.5,0.0,0.0,576.0,1,1,1,,
1786353137.799,c2,recommend,,0.0,26.76,14.03,2.28,S3,0,,0,200.0,obs,1178,26.76,14.03,4.0,S3,26.76,14.03,4.0,S3,26.76,14.03,2.28,S3,13.702,0,S3,site_s3,S3,S3,S3,294.5,0.0,0.0,628.4,1,1,1,,
1786353138.799,c1,reserve,,0.0,26.34,13.67,1.55,S3,0,,0,36.0,obs,589,26.34,13.67,3.65,S3,26.34,13.67,3.65,S3,26.34,13.67,1.55,S3,13.447,0,S3,site_s3,S3,S3,S3,147.5,0.0,0.0,41.0,1,1,1,,
1786353138.799,c1,search,,0.0,31.1,20.71,6.84,S3,0,,0,4474.0,obs,887,31.1,20.71,10.98,S3,31.1,20.71,10.98,S3,31.1,20.71,6.84,S3,13.447,0,S3,site_s3,S3,S3,S3,222.0,0.0,0.0,263.0,1,1,1,,
1786353138.799,c1,recommend,,0.0,26.76,14.03,2.24,S3,0,,0,200.0,obs,1181,26.76,14.03,4.0,S3,26.76,14.03,4.0,S3,26.76,14.03,2.24,S3,13.447,0,S3,site_s3,S3,S3,S3,295.0,0.0,0.0,315.5,1,1,1,,
1786353138.799,c2,reserve,,0.0,26.34,13.67,1.55,S3,0,,0,36.0,obs,589,26.34,13.67,3.65,S3,26.34,13.67,3.65,S3,26.34,13.67,1.55,S3,13.447,0,S3,site_s3,S3,S3,S3,147.0,0.0,0.0,356.4,1,1,1,,
1786353138.799,c2,search,,0.0,31.1,20.71,6.84,S3,0,,0,4474.0,obs,887,31.1,20.71,10.98,S3,31.1,20.71,10.98,S3,31.1,20.71,6.84,S3,13.447,0,S3,site_s3,S3,S3,S3,221.5,0.0,0.0,577.9,1,1,1,,
1786353138.799,c2,recommend,,0.0,26.76,14.03,2.24,S3,0,,0,200.0,obs,1181,26.76,14.03,4.0,S3,26.76,14.03,4.0,S3,26.76,14.03,2.24,S3,13.447,0,S3,site_s3,S3,S3,S3,295.5,0.0,0.0,630.5,1,1,1,,
1786353139.799,c1,reserve,,0.0,26.34,13.67,1.57,S3,0,,0,36.0,obs,592,26.34,13.67,3.65,S3,26.34,13.67,3.65,S3,26.34,13.67,1.57,S3,13.515,0,S3,site_s3,S3,S3,S3,148.5,0.0,0.0,41.3,1,1,1,,
1786353139.799,c1,search,,0.0,31.1,20.71,6.98,S3,0,,0,4474.0,obs,882,31.1,20.71,10.98,S3,31.1,20.71,10.98,S3,31.1,20.71,6.98,S3,13.515,0,S3,site_s3,S3,S3,S3,220.5,0.0,0.0,261.8,1,1,1,,
1786353139.799,c1,recommend,,0.0,26.76,14.03,2.42,S3,0,,0,200.0,obs,1183,26.76,14.03,4.0,S3,26.76,14.03,4.0,S3,26.76,14.03,2.42,S3,13.515,0,S3,site_s3,S3,S3,S3,295.5,0.0,0.0,314.4,1,1,1,,
1786353139.799,c2,reserve,,0.0,26.34,13.67,1.57,S3,0,,0,36.0,obs,592,26.34,13.67,3.65,S3,26.34,13.67,3.65,S3,26.34,13.67,1.57,S3,13.515,0,S3,site_s3,S3,S3,S3,147.5,0.0,0.0,355.4,1,1,1,,
1786353139.799,c2,search,,0.0,31.1,20.71,6.98,S3,0,,0,4474.0,obs,882,31.1,20.71,10.98,S3,31.1,20.71,10.98,S3,31.1,20.71,6.98,S3,13.515,0,S3,site_s3,S3,S3,S3,220.5,0.0,0.0,575.9,1,1,1,,
1786353139.799,c2,recommend,,0.0,26.76,14.03,2.42,S3,0,,0,200.0,obs,1183,26.76,14.03,4.0,S3,26.76,14.03,4.0,S3,26.76,14.03,2.42,S3,13.515,0,S3,site_s3,S3,S3,S3,296.0,0.0,0.0,628.6,1,1,1,,
1786353140.800,c1,reserve,,0.0,26.34,13.67,1.52,S3,0,,0,36.0,obs,593,26.34,13.67,3.65,S3,26.34,13.67,3.65,S3,26.34,13.67,1.52,S3,15.127,0,S3,site_s3,S3,S3,S3,148.5,0.0,0.0,41.3,1,1,1,,
1786353140.800,c1,search,,0.0,31.1,20.71,6.66,S3,0,,0,4474.0,obs,887,31.1,20.71,10.98,S3,31.1,20.71,10.98,S3,31.1,20.71,6.66,S3,15.127,0,S3,site_s3,S3,S3,S3,222.0,0.0,0.0,263.3,1,1,1,,
1786353140.800,c1,recommend,,0.0,26.76,14.03,2.21,S3,0,,0,200.0,obs,1179,26.76,14.03,4.0,S3,26.76,14.03,4.0,S3,26.76,14.03,2.21,S3,15.127,0,S3,site_s3,S3,S3,S3,294.5,0.0,0.0,315.7,1,1,1,,
1786353140.800,c2,reserve,,0.0,26.34,13.67,1.52,S3,0,,0,36.0,obs,593,26.34,13.67,3.65,S3,26.34,13.67,3.65,S3,26.34,13.67,1.52,S3,15.127,0,S3,site_s3,S3,S3,S3,148.0,0.0,0.0,356.8,1,1,1,,
1786353140.800,c2,search,,0.0,31.1,20.71,6.66,S3,0,,0,4474.0,obs,887,31.1,20.71,10.98,S3,31.1,20.71,10.98,S3,31.1,20.71,6.66,S3,15.127,0,S3,site_s3,S3,S3,S3,221.5,0.0,0.0,578.3,1,1,1,,
1786353140.800,c2,recommend,,0.0,26.76,14.03,2.21,S3,0,,0,200.0,obs,1179,26.76,14.03,4.0,S3,26.76,14.03,4.0,S3,26.76,14.03,2.21,S3,15.127,0,S3,site_s3,S3,S3,S3,295.0,0.0,0.0,630.9,1,1,1,,
1786353141.799,c1,reserve,,0.0,26.34,13.67,1.7,S3,0,,0,36.0,obs,588,26.34,13.67,3.65,S3,26.34,13.67,3.65,S3,26.34,13.67,1.7,S3,13.487,0,S3,site_s3,S3,S3,S3,147.0,0.0,0.0,40.9,1,1,1,,
1786353141.799,c1,search,,0.0,31.1,20.71,6.81,S3,0,,0,4474.0,obs,886,31.1,20.71,10.98,S3,31.1,20.71,10.98,S3,31.1,20.71,6.81,S3,13.487,0,S3,site_s3,S3,S3,S3,221.5,0.0,0.0,262.4,1,1,1,,
1786353141.799,c1,recommend,,0.0,26.76,14.03,2.16,S3,0,,0,200.0,obs,1188,26.76,14.03,4.0,S3,26.76,14.03,4.0,S3,26.76,14.03,2.16,S3,13.487,0,S3,site_s3,S3,S3,S3,296.5,0.0,0.0,315.1,1,1,1,,
1786353141.799,c2,reserve,,0.0,26.34,13.67,1.7,S3,0,,0,36.0,obs,588,26.34,13.67,3.65,S3,26.34,13.67,3.65,S3,26.34,13.67,1.7,S3,13.487,0,S3,site_s3,S3,S3,S3,147.0,0.0,0.0,356.0,1,1,1,,
1786353141.799,c2,search,,0.0,31.1,20.71,6.81,S3,0,,0,4474.0,obs,886,31.1,20.71,10.98,S3,31.1,20.71,10.98,S3,31.1,20.71,6.81,S3,13.487,0,S3,site_s3,S3,S3,S3,221.5,0.0,0.0,577.5,1,1,1,,
1786353141.799,c2,recommend,,0.0,26.76,14.03,2.16,S3,0,,0,200.0,obs,1188,26.76,14.03,4.0,S3,26.76,14.03,4.0,S3,26.76,14.03,2.16,S3,13.487,0,S3,site_s3,S3,S3,S3,297.5,0.0,0.0,630.5,1,1,1,,
1786353142.799,c1,reserve,,0.0,26.34,13.67,1.94,S3,0,,0,36.0,obs,594,26.34,13.67,3.65,S3,26.34,13.67,3.65,S3,26.34,13.67,1.94,S3,13.479,0,S3,site_s3,S3,S3,S3,148.5,0.0,0.0,41.3,1,1,1,,
1786353142.799,c1,search,,0.0,31.1,20.71,6.73,S3,0,,0,4474.0,obs,885,31.1,20.71,10.98,S3,31.1,20.71,10.98,S3,31.1,20.71,6.73,S3,13.479,0,S3,site_s3,S3,S3,S3,221.5,0.0,0.0,262.8,1,1,1,,
1786353142.799,c1,recommend,,0.0,26.76,14.03,2.15,S3,0,,0,200.0,obs,1182,26.76,14.03,4.0,S3,26.76,14.03,4.0,S3,26.76,14.03,2.15,S3,13.479,0,S3,site_s3,S3,S3,S3,295.0,0.0,0.0,315.3,1,1,1,,
1786353142.799,c2,reserve,,0.0,26.34,13.67,1.94,S3,0,,0,36.0,obs,594,26.34,13.67,3.65,S3,26.34,13.67,3.65,S3,26.34,13.67,1.94,S3,13.479,0,S3,site_s3,S3,S3,S3,148.5,0.0,0.0,356.6,1,1,1,,
1786353142.799,c2,search,,0.0,31.1,20.71,6.73,S3,0,,0,4474.0,obs,885,31.1,20.71,10.98,S3,31.1,20.71,10.98,S3,31.1,20.71,6.73,S3,13.479,0,S3,site_s3,S3,S3,S3,221.0,0.0,0.0,577.6,1,1,1,,
1786353142.799,c2,recommend,,0.0,26.76,14.03,2.15,S3,0,,0,200.0,obs,1182,26.76,14.03,4.0,S3,26.76,14.03,4.0,S3,26.76,14.03,2.15,S3,13.479,0,S3,site_s3,S3,S3,S3,296.0,0.0,0.0,630.3,1,1,1,,
1786353143.798,c1,reserve,,0.0,26.34,13.67,1.67,S3,0,,0,36.0,obs,589,26.34,13.67,3.65,S3,26.34,13.67,3.65,S3,26.34,13.67,1.67,S3,12.671,0,S3,site_s3,S3,S3,S3,147.0,0.0,0.0,40.9,1,1,1,,
1786353143.798,c1,search,,0.0,31.1,20.71,6.24,S3,0,,0,4474.0,obs,889,31.1,20.71,10.98,S3,31.1,20.71,10.98,S3,31.1,20.71,6.24,S3,12.671,0,S3,site_s3,S3,S3,S3,222.5,0.0,0.0,263.4,1,1,1,,
1786353143.798,c1,recommend,,0.0,26.76,14.03,2.14,S3,0,,0,200.0,obs,1189,26.76,14.03,4.0,S3,26.76,14.03,4.0,S3,26.76,14.03,2.14,S3,12.671,0,S3,site_s3,S3,S3,S3,297.5,0.0,0.0,316.3,1,1,1,,
1786353143.798,c2,reserve,,0.0,26.34,13.67,1.67,S3,0,,0,36.0,obs,589,26.34,13.67,3.65,S3,26.34,13.67,3.65,S3,26.34,13.67,1.67,S3,12.671,0,S3,site_s3,S3,S3,S3,147.5,0.0,0.0,357.3,1,1,1,,
1786353143.798,c2,search,,0.0,31.1,20.71,6.24,S3,0,,0,4474.0,obs,889,31.1,20.71,10.98,S3,31.1,20.71,10.98,S3,31.1,20.71,6.24,S3,12.671,0,S3,site_s3,S3,S3,S3,222.0,0.0,0.0,579.3,1,1,1,,
1786353143.798,c2,recommend,,0.0,26.76,14.03,2.14,S3,0,,0,200.0,obs,1189,26.76,14.03,4.0,S3,26.76,14.03,4.0,S3,26.76,14.03,2.14,S3,12.671,0,S3,site_s3,S3,S3,S3,297.0,0.0,0.0,632.2,1,1,1,,
1786353144.799,c1,reserve,,0.0,26.34,13.67,1.7,S3,0,,0,36.0,obs,596,26.34,13.67,3.65,S3,26.34,13.67,3.65,S3,26.34,13.67,1.7,S3,13.581,0,S3,site_s3,S3,S3,S3,149.0,0.0,0.0,41.4,1,1,1,,
1786353144.799,c1,search,,0.0,31.1,20.71,6.95,S3,0,,0,4474.0,obs,887,31.1,20.71,10.98,S3,31.1,20.71,10.98,S3,31.1,20.71,6.95,S3,13.581,0,S3,site_s3,S3,S3,S3,222.0,0.0,0.0,263.4,1,1,1,,
1786353144.799,c1,recommend,,0.0,26.76,14.03,2.51,S3,0,,0,200.0,obs,1185,26.76,14.03,4.0,S3,26.76,14.03,4.0,S3,26.76,14.03,2.51,S3,13.581,0,S3,site_s3,S3,S3,S3,296.5,0.0,0.0,316.2,1,1,1,,
1786353144.799,c2,reserve,,0.0,26.34,13.67,1.7,S3,0,,0,36.0,obs,596,26.34,13.67,3.65,S3,26.34,13.67,3.65,S3,26.34,13.67,1.7,S3,13.581,0,S3,site_s3,S3,S3,S3,149.0,0.0,0.0,357.6,1,1,1,,
1786353144.799,c2,search,,0.0,31.1,20.71,6.95,S3,0,,0,4474.0,obs,887,31.1,20.71,10.98,S3,31.1,20.71,10.98,S3,31.1,20.71,6.95,S3,13.581,0,S3,site_s3,S3,S3,S3,221.5,0.0,0.0,579.1,1,1,1,,
1786353144.799,c2,recommend,,0.0,26.76,14.03,2.51,S3,0,,0,200.0,obs,1185,26.76,14.03,4.0,S3,26.76,14.03,4.0,S3,26.76,14.03,2.51,S3,13.581,0,S3,site_s3,S3,S3,S3,296.0,0.0,0.0,631.8,1,1,1,,
1786353145.799,c1,reserve,,0.0,26.34,13.67,1.61,S3,0,,0,36.0,obs,590,26.34,13.67,3.65,S3,26.34,13.67,3.65,S3,26.34,13.67,1.61,S3,13.699,0,S3,site_s3,S3,S3,S3,147.5,0.0,0.0,41.0,1,1,1,,
1786353145.799,c1,search,,0.0,31.1,20.71,6.97,S3,0,,0,4474.0,obs,891,31.1,20.71,10.98,S3,31.1,20.71,10.98,S3,31.1,20.71,6.97,S3,13.699,0,S3,site_s3,S3,S3,S3,223.0,0.0,0.0,264.0,1,1,1,,
1786353145.799,c1,recommend,,0.0,26.76,14.03,2.5,S3,0,,0,200.0,obs,1187,26.76,14.03,4.0,S3,26.76,14.03,4.0,S3,26.76,14.03,2.5,S3,13.699,0,S3,site_s3,S3,S3,S3,297.0,0.0,0.0,316.9,1,1,1,,
1786353145.799,c2,reserve,,0.0,26.34,13.67,1.61,S3,0,,0,36.0,obs,590,26.34,13.67,3.65,S3,26.34,13.67,3.65,S3,26.34,13.67,1.61,S3,13.699,0,S3,site_s3,S3,S3,S3,147.5,0.0,0.0,357.9,1,1,1,,
1786353145.799,c2,search,,0.0,31.1,20.71,6.97,S3,0,,0,4474.0,obs,891,31.1,20.71,10.98,S3,31.1,20.71,10.98,S3,31.1,20.71,6.97,S3,13.699,0,S3,site_s3,S3,S3,S3,222.5,0.0,0.0,580.4,1,1,1,,
1786353145.799,c2,recommend,,0.0,26.76,14.03,2.5,S3,0,,0,200.0,obs,1187,26.76,14.03,4.0,S3,26.76,14.03,4.0,S3,26.76,14.03,2.5,S3,13.699,0,S3,site_s3,S3,S3,S3,296.5,0.0,0.0,633.2,1,1,1,,
1786353146.799,c1,reserve,,0.0,26.34,13.67,1.64,S3,0,,0,36.0,obs,594,26.34,13.67,3.65,S3,26.34,13.67,3.65,S3,26.34,13.67,1.64,S3,13.599,0,S3,site_s3,S3,S3,S3,148.5,0.0,0.0,41.3,1,1,1,,
1786353146.799,c1,search,,0.0,31.1,20.71,6.52,S3,0,,0,4474.0,obs,885,31.1,20.71,10.98,S3,31.1,20.71,10.98,S3,31.1,20.71,6.52,S3,13.599,0,S3,site_s3,S3,S3,S3,221.5,0.0,0.0,262.8,1,1,1,,
1786353146.799,c1,recommend,,0.0,26.76,14.03,2.54,S3,0,,0,200.0,obs,1188,26.76,14.03,4.0,S3,26.76,14.03,4.0,S3,26.76,14.03,2.54,S3,13.599,0,S3,site_s3,S3,S3,S3,297.0,0.0,0.0,315.6,1,1,1,,
1786353146.799,c2,reserve,,0.0,26.34,13.67,1.64,S3,0,,0,36.0,obs,594,26.34,13.67,3.65,S3,26.34,13.67,3.65,S3,26.34,13.67,1.64,S3,13.599,0,S3,site_s3,S3,S3,S3,148.5,0.0,0.0,356.9,1,1,1,,
1786353146.799,c2,search,,0.0,31.1,20.71,6.52,S3,0,,0,4474.0,obs,885,31.1,20.71,10.98,S3,31.1,20.71,10.98,S3,31.1,20.71,6.52,S3,13.599,0,S3,site_s3,S3,S3,S3,221.0,0.0,0.0,577.9,1,1,1,,
1786353146.799,c2,recommend,,0.0,26.76,14.03,2.54,S3,0,,0,200.0,obs,1188,26.76,14.03,4.0,S3,26.76,14.03,4.0,S3,26.76,14.03,2.54,S3,13.599,0,S3,site_s3,S3,S3,S3,297.0,0.0,0.0,630.8,1,1,1,,
1786353147.799,c1,reserve,,0.0,26.34,13.67,1.39,S3,0,,0,36.0,obs,594,26.34,13.67,3.65,S3,26.34,13.67,3.65,S3,26.34,13.67,1.39,S3,13.863,0,S3,site_s3,S3,S3,S3,148.5,0.0,0.0,41.3,1,1,1,,
1786353147.799,c1,search,,0.0,31.1,20.71,6.03,S3,0,,0,4474.0,obs,892,31.1,20.71,10.98,S3,31.1,20.71,10.98,S3,31.1,20.71,6.03,S3,13.863,0,S3,site_s3,S3,S3,S3,223.0,0.0,0.0,264.3,1,1,1,,
1786353147.799,c1,recommend,,0.0,26.76,14.03,2.37,S3,0,,0,200.0,obs,1184,26.76,14.03,4.0,S3,26.76,14.03,4.0,S3,26.76,14.03,2.37,S3,13.863,0,S3,site_s3,S3,S3,S3,296.0,0.0,0.0,317.0,1,1,1,,
1786353147.799,c2,reserve,,0.0,26.34,13.67,1.39,S3,0,,0,36.0,obs,594,26.34,13.67,3.65,S3,26.34,13.67,3.65,S3,26.34,13.67,1.39,S3,13.863,0,S3,site_s3,S3,S3,S3,148.5,0.0,0.0,358.3,1,1,1,,
1786353147.799,c2,search,,0.0,31.1,20.71,6.03,S3,0,,0,4474.0,obs,892,31.1,20.71,10.98,S3,31.1,20.71,10.98,S3,31.1,20.71,6.03,S3,13.863,0,S3,site_s3,S3,S3,S3,223.0,0.0,0.0,581.3,1,1,1,,
1786353147.799,c2,recommend,,0.0,26.76,14.03,2.37,S3,0,,0,200.0,obs,1184,26.76,14.03,4.0,S3,26.76,14.03,4.0,S3,26.76,14.03,2.37,S3,13.863,0,S3,site_s3,S3,S3,S3,296.0,0.0,0.0,633.9,1,1,1,,
1786353148.799,c1,reserve,,0.0,26.34,13.67,1.35,S3,0,,0,36.0,obs,590,26.34,13.67,3.65,S3,26.34,13.67,3.65,S3,26.34,13.67,1.35,S3,13.452,0,S3,site_s3,S3,S3,S3,147.5,0.0,0.0,41.0,1,1,1,,
1786353148.799,c1,search,,0.0,31.1,20.71,6.17,S3,0,,0,4474.0,obs,889,31.1,20.71,10.98,S3,31.1,20.71,10.98,S3,31.1,20.71,6.17,S3,13.452,0,S3,site_s3,S3,S3,S3,222.0,0.0,0.0,263.0,1,1,1,,
1786353148.799,c1,recommend,,0.0,26.76,14.03,2.48,S3,0,,0,200.0,obs,1193,26.76,14.03,4.0,S3,26.76,14.03,4.0,S3,26.76,14.03,2.48,S3,13.452,0,S3,site_s3,S3,S3,S3,298.5,0.0,0.0,316.1,1,1,1,,
1786353148.799,c2,reserve,,0.0,26.34,13.67,1.35,S3,0,,0,36.0,obs,590,26.34,13.67,3.65,S3,26.34,13.67,3.65,S3,26.34,13.67,1.35,S3,13.452,0,S3,site_s3,S3,S3,S3,147.5,0.0,0.0,357.1,1,1,1,,
1786353148.799,c2,search,,0.0,31.1,20.71,6.17,S3,0,,0,4474.0,obs,889,31.1,20.71,10.98,S3,31.1,20.71,10.98,S3,31.1,20.71,6.17,S3,13.452,0,S3,site_s3,S3,S3,S3,222.5,0.0,0.0,579.6,1,1,1,,
1786353148.799,c2,recommend,,0.0,26.76,14.03,2.48,S3,0,,0,200.0,obs,1193,26.76,14.03,4.0,S3,26.76,14.03,4.0,S3,26.76,14.03,2.48,S3,13.452,0,S3,site_s3,S3,S3,S3,298.0,0.0,0.0,632.7,1,1,1,,
1786353149.799,c1,reserve,,0.0,26.34,13.67,1.49,S3,0,,0,36.0,obs,597,26.34,13.67,3.65,S3,26.34,13.67,3.65,S3,26.34,13.67,1.49,S3,13.727,0,S3,site_s3,S3,S3,S3,149.5,0.0,0.0,41.6,1,1,1,,
1786353149.799,c1,search,,0.0,31.1,20.71,6.32,S3,0,,0,4474.0,obs,890,31.1,20.71,10.98,S3,31.1,20.71,10.98,S3,31.1,20.71,6.32,S3,13.727,0,S3,site_s3,S3,S3,S3,222.5,0.0,0.0,264.1,1,1,1,,
1786353149.799,c1,recommend,,0.0,26.76,14.03,2.58,S3,0,,0,200.0,obs,1186,26.76,14.03,4.0,S3,26.76,14.03,4.0,S3,26.76,14.03,2.58,S3,13.727,0,S3,site_s3,S3,S3,S3,296.5,0.0,0.0,316.8,1,1,1,,
1786353149.799,c2,reserve,,0.0,26.34,13.67,1.49,S3,0,,0,36.0,obs,597,26.34,13.67,3.65,S3,26.34,13.67,3.65,S3,26.34,13.67,1.49,S3,13.727,0,S3,site_s3,S3,S3,S3,149.0,0.0,0.0,358.3,1,1,1,,
1786353149.799,c2,search,,0.0,31.1,20.71,6.32,S3,0,,0,4474.0,obs,890,31.1,20.71,10.98,S3,31.1,20.71,10.98,S3,31.1,20.71,6.32,S3,13.727,0,S3,site_s3,S3,S3,S3,222.5,0.0,0.0,580.8,1,1,1,,
1786353149.799,c2,recommend,,0.0,26.76,14.03,2.58,S3,0,,0,200.0,obs,1186,26.76,14.03,4.0,S3,26.76,14.03,4.0,S3,26.76,14.03,2.58,S3,13.727,0,S3,site_s3,S3,S3,S3,296.5,0.0,0.0,633.5,1,1,1,,
1786353150.800,c1,reserve,,0.0,26.34,13.67,0.98,S3,0,,0,36.0,obs,599,26.34,13.67,3.65,S3,26.34,13.67,3.65,S3,26.34,13.67,0.98,S3,14.407,0,S3,site_s3,S3,S3,S3,152.0,0.0,0.0,42.3,1,1,1,,
1786353150.800,c1,search,,0.0,31.1,20.71,5.12,S3,0,,0,4474.0,obs,900,31.1,20.71,10.98,S3,31.1,20.71,10.98,S3,31.1,20.71,5.12,S3,14.407,0,S3,site_s3,S3,S3,S3,228.0,0.0,0.0,270.3,1,1,1,,
1786353150.800,c1,recommend,,0.0,26.76,14.03,1.9,S3,0,,0,200.0,obs,1210,26.76,14.03,4.0,S3,26.76,14.03,4.0,S3,26.76,14.03,1.9,S3,14.407,0,S3,site_s3,S3,S3,S3,307.0,0.0,0.0,324.9,1,1,1,,
1786353150.800,c2,reserve,,0.0,26.34,13.67,0.98,S3,0,,0,36.0,obs,599,26.34,13.67,3.65,S3,26.34,13.67,3.65,S3,26.34,13.67,0.98,S3,14.407,0,S3,site_s3,S3,S3,S3,147.5,0.0,0.0,365.9,1,1,1,,
1786353150.800,c2,search,,0.0,31.1,20.71,5.12,S3,0,,0,4474.0,obs,900,31.1,20.71,10.98,S3,31.1,20.71,10.98,S3,31.1,20.71,5.12,S3,14.407,0,S3,site_s3,S3,S3,S3,222.0,0.0,0.0,587.9,1,1,1,,
1786353150.800,c2,recommend,,0.0,26.76,14.03,1.9,S3,0,,0,200.0,obs,1210,26.76,14.03,4.0,S3,26.76,14.03,4.0,S3,26.76,14.03,1.9,S3,14.407,0,S3,site_s3,S3,S3,S3,298.0,0.0,0.0,641.0,1,1,1,,
1786353151.801,c1,reserve,,0.0,26.34,13.67,-6.07,S2,1,0.74,0,36.0,obs,696,26.34,13.67,3.65,S3,26.34,13.67,3.65,S3,26.34,13.67,-6.07,S2,16.038,0,S2,site_s2,S3,S3,S2,198.5,0.0,55.2,0.0,1,1,1,,
1786353151.801,c1,search,,0.0,31.1,20.71,-16.33,S2,1,0.5,0,4474.0,obs,1029,31.1,20.71,10.98,S3,31.1,20.71,10.98,S3,31.1,20.71,-16.33,S2,16.038,0,S2,site_s2,S3,S3,S2,293.5,0.0,348.7,0.0,1,1,1,,
1786353151.801,c1,recommend,,0.0,26.76,14.03,-4.71,S2,1,0.49,0,200.0,obs,1380,26.76,14.03,4.0,S3,26.76,14.03,4.0,S3,26.76,14.03,-4.71,S2,16.038,0,S2,site_s2,S3,S3,S2,393.5,0.0,418.7,0.0,1,1,1,,
1786353151.801,c2,reserve,,0.0,26.34,13.67,-6.07,S2,1,0.48,0,36.0,obs,696,26.34,13.67,3.65,S3,26.34,13.67,3.65,S3,26.34,13.67,-6.07,S2,16.038,0,S2,site_s2,S3,S3,S2,149.5,0.0,460.3,0.0,1,1,1,,
1786353151.801,c2,search,,0.0,31.1,20.71,-16.33,S1,1,0.5,0,4474.0,obs,1029,31.1,20.71,10.98,S3,31.1,20.71,10.98,S3,31.1,20.71,-16.33,S2,16.038,0,S1,site_s1,S3,S3,S2,221.0,221.0,460.3,0.0,1,1,1,capacity,S2
1786353151.801,c2,recommend,,0.0,26.76,14.03,-4.71,S1,1,0.48,1,200.0,obs,1380,26.76,14.03,4.0,S3,26.76,14.03,4.0,S3,26.76,14.03,-4.71,S2,16.038,0,S1,site_s1,S3,S3,S2,296.5,273.8,460.3,0.0,1,1,1,both,S2|S1
1786353152.801,c1,reserve,,0.0,26.34,13.67,3.65,S3,1,0.75,0,36.0,obs,756,26.34,13.67,3.65,S3,26.34,13.67,3.65,S3,26.34,13.67,3.65,S3,15.891,0,S3,site_s3,S3,S3,S3,230.0,0.0,0.0,63.9,1,1,1,,
1786353152.801,c1,search,,0.0,31.1,20.71,10.98,S3,1,0.53,0,4502.97,obs,1129,31.1,20.71,10.98,S3,31.1,20.71,10.98,S3,31.1,20.71,10.98,S3,15.891,0,S3,site_s3,S3,S3,S3,341.0,0.0,0.0,404.9,1,1,1,,
1786353152.801,c1,recommend,,0.0,26.76,14.03,4.0,S3,1,0.49,0,200.0,obs,1512,26.76,14.03,4.0,S3,26.76,14.03,4.0,S3,26.76,14.03,4.0,S3,15.891,0,S3,site_s3,S3,S3,S3,461.0,0.0,0.0,487.0,1,1,1,,
1786353152.801,c2,reserve,,0.0,26.34,13.67,3.65,S3,1,0.47,0,36.0,obs,756,26.34,13.67,3.65,S3,26.34,13.67,3.65,S3,26.34,13.67,3.65,S3,15.891,0,S3,site_s3,S3,S3,S3,148.0,0.0,0.0,528.1,1,1,1,,
1786353152.801,c2,search,,0.0,31.1,20.71,10.98,S2,1,0.54,0,4502.97,obs,1129,31.1,20.71,10.98,S3,31.1,20.71,10.98,S3,31.1,20.71,10.98,S3,15.891,0,S2,site_s2,S3,S3,S3,223.5,0.0,223.5,528.1,1,1,1,capacity,S3
1786353152.801,c2,recommend,,0.0,26.76,14.03,4.0,S3,1,0.51,0,200.0,obs,1512,26.76,14.03,4.0,S3,26.76,14.03,4.0,S3,26.76,14.03,4.0,S3,15.891,0,S3,site_s3,S3,S3,S3,295.0,0.0,223.5,580.7,1,1,1,,
1786353153.802,c1,reserve,,0.0,26.34,13.67,1.31,S3,0,,0,36.0,obs,771,26.34,13.67,3.65,S3,26.34,13.67,3.65,S3,26.34,13.67,1.31,S3,16.859,0,S3,site_s3,S3,S3,S3,235.5,0.0,0.0,65.5,1,1,1,,
1786353153.802,c1,search,,0.0,31.1,-38.32,4.22,S3,0,,0,4505.52,obs,1163,31.1,20.71,10.98,S3,31.1,20.71,10.98,S3,31.1,-38.32,4.22,S3,16.859,0,S3,site_s3,S3,S3,S3,351.0,0.0,0.0,416.5,1,1,1,,
1786353153.802,c1,recommend,,0.0,26.76,14.03,1.97,S3,0,,0,200.0,obs,1552,26.76,14.03,4.0,S3,26.76,14.03,4.0,S3,26.76,14.03,1.97,S3,16.859,0,S3,site_s3,S3,S3,S3,469.5,0.0,0.0,500.0,1,1,1,,
1786353153.802,c2,reserve,,0.0,26.34,13.67,1.31,S3,0,,0,36.0,obs,771,26.34,13.67,3.65,S3,26.34,13.67,3.65,S3,26.34,13.67,1.31,S3,16.859,0,S3,site_s3,S3,S3,S3,149.5,0.0,0.0,541.6,1,1,1,,
1786353153.802,c2,search,,0.0,31.1,-38.32,4.22,S1,1,0.81,0,4505.52,obs,1163,31.1,20.71,10.98,S3,31.1,20.71,10.98,S3,31.1,-38.32,4.22,S3,16.859,0,S1,site_s1,S3,S3,S3,226.5,226.5,0.0,541.6,1,1,1,capacity,S3
1786353153.802,c2,recommend,,0.0,26.76,14.03,1.97,S3,0,,0,200.0,obs,1552,26.76,14.03,4.0,S3,26.76,14.03,4.0,S3,26.76,14.03,1.97,S3,16.859,0,S3,site_s3,S3,S3,S3,301.0,226.5,0.0,595.2,1,1,1,,
1786353154.803,c1,reserve,,0.0,26.34,13.67,2.12,S3,0,,0,36.0,obs,765,26.34,13.67,3.65,S3,26.34,13.67,3.65,S3,26.34,13.67,2.12,S3,17.315,0,S3,site_s3,S3,S3,S3,233.5,0.0,0.0,64.9,1,1,1,,
1786353154.803,c1,search,,0.0,21.68,20.71,7.2,S3,0,,0,4504.24,obs,1160,31.1,20.71,10.98,S3,31.1,20.71,10.98,S3,21.68,20.71,7.2,S3,17.315,0,S3,site_s3,S3,S3,S3,350.0,0.0,0.0,414.9,1,1,1,,
1786353154.803,c1,recommend,,0.0,26.76,14.03,2.66,S3,0,,0,200.0,obs,1543,26.76,14.03,4.0,S3,26.76,14.03,4.0,S3,26.76,14.03,2.66,S3,17.315,0,S3,site_s3,S3,S3,S3,468.5,0.0,0.0,498.3,1,1,1,,
1786353154.803,c2,reserve,,0.0,26.34,13.67,2.12,S3,0,,0,36.0,obs,765,26.34,13.67,3.65,S3,26.34,13.67,3.65,S3,26.34,13.67,2.12,S3,17.315,0,S3,site_s3,S3,S3,S3,149.0,0.0,0.0,539.7,1,1,1,,
1786353154.803,c2,search,,0.0,21.68,20.71,7.2,S2,1,0.8,0,4504.24,obs,1160,31.1,20.71,10.98,S3,31.1,20.71,10.98,S3,21.68,20.71,7.2,S3,17.315,0,S2,site_s2,S3,S3,S3,228.0,0.0,228.0,539.7,1,1,1,capacity,S3
1786353154.803,c2,recommend,,0.0,26.76,14.03,2.66,S3,0,,0,200.0,obs,1543,26.76,14.03,4.0,S3,26.76,14.03,4.0,S3,26.76,14.03,2.66,S3,17.315,0,S3,site_s3,S3,S3,S3,300.0,0.0,228.0,593.1,1,1,1,,
1786353155.800,c1,reserve,,0.0,26.34,13.67,2.65,S3,0,,0,36.0,obs,670,26.34,13.67,3.65,S3,26.34,13.67,3.65,S3,26.34,13.67,2.65,S3,14.14,0,S3,site_s3,S3,S3,S3,186.5,0.0,0.0,51.8,1,1,1,,
1786353155.800,c1,search,,0.0,31.1,20.13,8.55,S3,0,,0,4510.52,obs,1008,31.1,20.71,10.98,S3,31.1,20.71,10.98,S3,31.1,20.13,8.55,S3,14.14,0,S3,site_s3,S3,S3,S3,277.5,0.0,0.0,329.3,1,1,1,,
1786353155.800,c1,recommend,,0.0,26.76,14.03,3.3,S3,0,,0,200.0,obs,1341,26.76,14.03,4.0,S3,26.76,14.03,4.0,S3,26.76,14.03,3.3,S3,14.14,0,S3,site_s3,S3,S3,S3,371.0,0.0,0.0,395.4,1,1,1,,
1786353155.800,c2,reserve,,0.0,26.34,13.67,2.65,S3,0,,0,36.0,obs,670,26.34,13.67,3.65,S3,26.34,13.67,3.65,S3,26.34,13.67,2.65,S3,14.14,0,S3,site_s3,S3,S3,S3,148.5,0.0,0.0,436.7,1,1,1,,
1786353155.800,c2,search,,0.0,31.1,20.13,8.55,S3,1,0.78,0,4510.52,obs,1008,31.1,20.71,10.98,S3,31.1,20.71,10.98,S3,31.1,20.13,8.55,S3,14.14,0,S3,site_s3,S3,S3,S3,224.5,0.0,0.0,661.2,1,1,1,,
1786353155.800,c2,recommend,,0.0,26.76,14.03,3.3,S3,0,,0,200.0,obs,1341,26.76,14.03,4.0,S3,26.76,14.03,4.0,S3,26.76,14.03,3.3,S3,14.14,0,S3,site_s3,S3,S3,S3,299.5,0.0,0.0,714.5,1,1,1,,
1786353156.799,c1,reserve,,0.0,26.34,13.67,2.08,S3,0,,0,36.0,obs,600,26.34,13.67,3.65,S3,26.34,13.67,3.65,S3,26.34,13.67,2.08,S3,13.771,0,S3,site_s3,S3,S3,S3,150.0,0.0,0.0,41.7,1,1,1,,
1786353156.799,c1,search,,0.0,31.1,20.71,6.93,S3,0,,0,4474.7,obs,899,31.1,20.71,10.98,S3,31.1,20.71,10.98,S3,31.1,20.71,6.93,S3,13.771,0,S3,site_s3,S3,S3,S3,224.0,0.0,0.0,265.7,1,1,1,,
1786353156.799,c1,recommend,,0.0,26.76,14.03,2.64,S3,0,,0,200.0,obs,1192,26.76,14.03,4.0,S3,26.76,14.03,4.0,S3,26.76,14.03,2.64,S3,13.771,0,S3,site_s3,S3,S3,S3,298.0,0.0,0.0,318.7,1,1,1,,
1786353156.799,c2,reserve,,0.0,26.34,13.67,2.08,S3,0,,0,36.0,obs,600,26.34,13.67,3.65,S3,26.34,13.67,3.65,S3,26.34,13.67,2.08,S3,13.771,0,S3,site_s3,S3,S3,S3,150.0,0.0,0.0,360.4,1,1,1,,
1786353156.799,c2,search,,0.0,31.1,20.71,6.93,S3,0,,0,4474.7,obs,899,31.1,20.71,10.98,S3,31.1,20.71,10.98,S3,31.1,20.71,6.93,S3,13.771,0,S3,site_s3,S3,S3,S3,223.5,0.0,0.0,583.9,1,1,1,,
1786353156.799,c2,recommend,,0.0,26.76,14.03,2.64,S3,0,,0,200.0,obs,1192,26.76,14.03,4.0,S3,26.76,14.03,4.0,S3,26.76,14.03,2.64,S3,13.771,0,S3,site_s3,S3,S3,S3,298.0,0.0,0.0,637.0,1,1,1,,
1786353157.799,c1,reserve,,0.0,26.34,13.67,1.45,S3,0,,0,36.0,obs,595,26.34,13.67,3.65,S3,26.34,13.67,3.65,S3,26.34,13.67,1.45,S3,13.572,0,S3,site_s3,S3,S3,S3,149.0,0.0,0.0,41.4,1,1,1,,
1786353157.799,c1,search,,0.0,31.1,20.71,5.95,S3,0,,0,4474.0,obs,896,31.1,20.71,10.98,S3,31.1,20.71,10.98,S3,31.1,20.71,5.95,S3,13.572,0,S3,site_s3,S3,S3,S3,224.0,0.0,0.0,265.4,1,1,1,,
1786353157.799,c1,recommend,,0.0,26.76,14.03,2.01,S3,0,,0,200.0,obs,1199,26.76,14.03,4.0,S3,26.76,14.03,4.0,S3,26.76,14.03,2.01,S3,13.572,0,S3,site_s3,S3,S3,S3,299.5,0.0,0.0,318.7,1,1,1,,
1786353157.799,c2,reserve,,0.0,26.34,13.67,1.45,S3,0,,0,36.0,obs,595,26.34,13.67,3.65,S3,26.34,13.67,3.65,S3,26.34,13.67,1.45,S3,13.572,0,S3,site_s3,S3,S3,S3,148.5,0.0,0.0,360.0,1,1,1,,
1786353157.799,c2,search,,0.0,31.1,20.71,5.95,S3,0,,0,4474.0,obs,896,31.1,20.71,10.98,S3,31.1,20.71,10.98,S3,31.1,20.71,5.95,S3,13.572,0,S3,site_s3,S3,S3,S3,223.5,0.0,0.0,583.5,1,1,1,,
1786353157.799,c2,recommend,,0.0,26.76,14.03,2.01,S3,0,,0,200.0,obs,1199,26.76,14.03,4.0,S3,26.76,14.03,4.0,S3,26.76,14.03,2.01,S3,13.572,0,S3,site_s3,S3,S3,S3,300.0,0.0,0.0,636.9,1,1,1,,
1786353158.799,c1,reserve,,0.0,26.34,13.67,1.62,S3,0,,0,36.0,obs,601,26.34,13.67,3.65,S3,26.34,13.67,3.65,S3,26.34,13.67,1.62,S3,13.629,0,S3,site_s3,S3,S3,S3,150.5,0.0,0.0,41.8,1,1,1,,
1786353158.799,c1,search,,0.0,31.1,20.71,5.88,S3,0,,0,4474.0,obs,894,31.1,20.71,10.98,S3,31.1,20.71,10.98,S3,31.1,20.71,5.88,S3,13.629,0,S3,site_s3,S3,S3,S3,223.5,0.0,0.0,265.3,1,1,1,,
1786353158.799,c1,recommend,,0.0,26.76,14.03,2.04,S3,0,,0,200.0,obs,1195,26.76,14.03,4.0,S3,26.76,14.03,4.0,S3,26.76,14.03,2.04,S3,13.629,0,S3,site_s3,S3,S3,S3,298.5,0.0,0.0,318.5,1,1,1,,
1786353158.799,c2,reserve,,0.0,26.34,13.67,1.62,S3,0,,0,36.0,obs,601,26.34,13.67,3.65,S3,26.34,13.67,3.65,S3,26.34,13.67,1.62,S3,13.629,0,S3,site_s3,S3,S3,S3,150.0,0.0,0.0,360.2,1,1,1,,
1786353158.799,c2,search,,0.0,31.1,20.71,5.88,S3,0,,0,4474.0,obs,894,31.1,20.71,10.98,S3,31.1,20.71,10.98,S3,31.1,20.71,5.88,S3,13.629,0,S3,site_s3,S3,S3,S3,223.5,0.0,0.0,583.7,1,1,1,,
1786353158.799,c2,recommend,,0.0,26.76,14.03,2.04,S3,0,,0,200.0,obs,1195,26.76,14.03,4.0,S3,26.76,14.03,4.0,S3,26.76,14.03,2.04,S3,13.629,0,S3,site_s3,S3,S3,S3,299.0,0.0,0.0,636.9,1,1,1,,
1786353159.799,c1,reserve,,0.0,26.34,13.67,1.62,S3,0,,0,36.0,obs,596,26.34,13.67,3.65,S3,26.34,13.67,3.65,S3,26.34,13.67,1.62,S3,13.652,0,S3,site_s3,S3,S3,S3,149.0,0.0,0.0,41.4,1,1,1,,
1786353159.799,c1,search,,0.0,31.1,20.71,6.42,S3,0,,0,4474.0,obs,897,31.1,20.71,10.98,S3,31.1,20.71,10.98,S3,31.1,20.71,6.42,S3,13.652,0,S3,site_s3,S3,S3,S3,224.5,0.0,0.0,265.9,1,1,1,,
1786353159.799,c1,recommend,,0.0,26.76,14.03,2.13,S3,0,,0,200.0,obs,1198,26.76,14.03,4.0,S3,26.76,14.03,4.0,S3,26.76,14.03,2.13,S3,13.652,0,S3,site_s3,S3,S3,S3,299.5,0.0,0.0,319.2,1,1,1,,
1786353159.799,c2,reserve,,0.0,26.34,13.67,1.62,S3,0,,0,36.0,obs,596,26.34,13.67,3.65,S3,26.34,13.67,3.65,S3,26.34,13.67,1.62,S3,13.652,0,S3,site_s3,S3,S3,S3,149.0,0.0,0.0,360.7,1,1,1,,
1786353159.799,c2,search,,0.0,31.1,20.71,6.42,S3,0,,0,4474.0,obs,897,31.1,20.71,10.98,S3,31.1,20.71,10.98,S3,31.1,20.71,6.42,S3,13.652,0,S3,site_s3,S3,S3,S3,224.0,0.0,0.0,584.7,1,1,1,,
1786353159.799,c2,recommend,,0.0,26.76,14.03,2.13,S3,0,,0,200.0,obs,1198,26.76,14.03,4.0,S3,26.76,14.03,4.0,S3,26.76,14.03,2.13,S3,13.652,0,S3,site_s3,S3,S3,S3,299.5,0.0,0.0,638.0,1,1,1,,
1786353160.799,c1,reserve,,0.0,26.34,13.67,1.53,S3,0,,0,36.0,obs,600,26.34,13.67,3.65,S3,26.34,13.67,3.65,S3,26.34,13.67,1.53,S3,13.517,0,S3,site_s3,S3,S3,S3,150.0,0.0,0.0,41.7,1,1,1,,
1786353160.799,c1,search,,0.0,31.1,20.71,6.43,S3,0,,0,4474.0,obs,894,31.1,20.71,10.98,S3,31.1,20.71,10.98,S3,31.1,20.71,6.43,S3,13.517,0,S3,site_s3,S3,S3,S3,223.5,0.0,0.0,265.2,1,1,1,,
1786353160.799,c1,recommend,,0.0,26.76,14.03,2.19,S3,0,,0,200.0,obs,1198,26.76,14.03,4.0,S3,26.76,14.03,4.0,S3,26.76,14.03,2.19,S3,13.517,0,S3,site_s3,S3,S3,S3,299.5,0.0,0.0,318.5,1,1,1,,
1786353160.799,c2,reserve,,0.0,26.34,13.67,1.53,S3,0,,0,36.0,obs,600,26.34,13.67,3.65,S3,26.34,13.67,3.65,S3,26.34,13.67,1.53,S3,13.517,0,S3,site_s3,S3,S3,S3,150.0,0.0,0.0,360.2,1,1,1,,
1786353160.799,c2,search,,0.0,31.1,20.71,6.43,S3,0,,0,4474.0,obs,894,31.1,20.71,10.98,S3,31.1,20.71,10.98,S3,31.1,20.71,6.43,S3,13.517,0,S3,site_s3,S3,S3,S3,223.5,0.0,0.0,583.7,1,1,1,,
1786353160.799,c2,recommend,,0.0,26.76,14.03,2.19,S3,0,,0,200.0,obs,1198,26.76,14.03,4.0,S3,26.76,14.03,4.0,S3,26.76,14.03,2.19,S3,13.517,0,S3,site_s3,S3,S3,S3,299.5,0.0,0.0,637.0,1,1,1,,
1786353161.799,c1,reserve,,0.0,26.34,13.67,1.7,S3,0,,0,36.0,obs,599,26.34,13.67,3.65,S3,26.34,13.67,3.65,S3,26.34,13.67,1.7,S3,13.604,0,S3,site_s3,S3,S3,S3,150.0,0.0,0.0,41.7,1,1,1,,
1786353161.799,c1,search,,0.0,31.1,20.71,6.91,S3,0,,0,4474.0,obs,899,31.1,20.71,10.98,S3,31.1,20.71,10.98,S3,31.1,20.71,6.91,S3,13.604,0,S3,site_s3,S3,S3,S3,225.0,0.0,0.0,266.7,1,1,1,,
1786353161.799,c1,recommend,,0.0,26.76,14.03,2.21,S3,0,,0,200.0,obs,1197,26.76,14.03,4.0,S3,26.76,14.03,4.0,S3,26.76,14.03,2.21,S3,13.604,0,S3,site_s3,S3,S3,S3,299.0,0.0,0.0,319.9,1,1,1,,
1786353161.799,c2,reserve,,0.0,26.34,13.67,1.7,S3,0,,0,36.0,obs,599,26.34,13.67,3.65,S3,26.34,13.67,3.65,S3,26.34,13.67,1.7,S3,13.604,0,S3,site_s3,S3,S3,S3,149.5,0.0,0.0,361.5,1,1,1,,
1786353161.799,c2,search,,0.0,31.1,20.71,6.91,S3,0,,0,4474.0,obs,899,31.1,20.71,10.98,S3,31.1,20.71,10.98,S3,31.1,20.71,6.91,S3,13.604,0,S3,site_s3,S3,S3,S3,224.5,0.0,0.0,586.0,1,1,1,,
1786353161.799,c2,recommend,,0.0,26.76,14.03,2.21,S3,0,,0,200.0,obs,1197,26.76,14.03,4.0,S3,26.76,14.03,4.0,S3,26.76,14.03,2.21,S3,13.604,0,S3,site_s3,S3,S3,S3,299.5,0.0,0.0,639.3,1,1,1,,
1786353162.799,c1,reserve,,0.0,26.34,13.67,1.81,S3,0,,0,36.0,obs,599,26.34,13.67,3.65,S3,26.34,13.67,3.65,S3,26.34,13.67,1.81,S3,13.749,0,S3,site_s3,S3,S3,S3,150.0,0.0,0.0,41.7,1,1,1,,
1786353162.799,c1,search,,0.0,31.1,20.71,6.94,S3,0,,0,4474.0,obs,895,31.1,20.71,10.98,S3,31.1,20.71,10.98,S3,31.1,20.71,6.94,S3,13.749,0,S3,site_s3,S3,S3,S3,224.0,0.0,0.0,265.7,1,1,1,,
1786353162.799,c1,recommend,,0.0,26.76,14.03,2.39,S3,0,,0,200.0,obs,1202,26.76,14.03,4.0,S3,26.76,14.03,4.0,S3,26.76,14.03,2.39,S3,13.749,0,S3,site_s3,S3,S3,S3,300.5,0.0,0.0,319.2,1,1,1,,
1786353162.799,c2,reserve,,0.0,26.34,13.67,1.81,S3,0,,0,36.0,obs,599,26.34,13.67,3.65,S3,26.34,13.67,3.65,S3,26.34,13.67,1.81,S3,13.749,0,S3,site_s3,S3,S3,S3,149.5,0.0,0.0,360.8,1,1,1,,
1786353162.799,c2,search,,0.0,31.1,20.71,6.94,S3,0,,0,4474.0,obs,895,31.1,20.71,10.98,S3,31.1,20.71,10.98,S3,31.1,20.71,6.94,S3,13.749,0,S3,site_s3,S3,S3,S3,223.5,0.0,0.0,584.2,1,1,1,,
1786353162.799,c2,recommend,,0.0,26.76,14.03,2.39,S3,0,,0,200.0,obs,1202,26.76,14.03,4.0,S3,26.76,14.03,4.0,S3,26.76,14.03,2.39,S3,13.749,0,S3,site_s3,S3,S3,S3,300.5,0.0,0.0,637.7,1,1,1,,
1786353163.799,c1,reserve,,0.0,26.34,13.67,1.52,S3,0,,0,36.0,obs,602,26.34,13.67,3.65,S3,26.34,13.67,3.65,S3,26.34,13.67,1.52,S3,13.347,0,S3,site_s3,S3,S3,S3,150.5,0.0,0.0,41.8,1,1,1,,
1786353163.799,c1,search,,0.0,31.1,20.71,6.43,S3,0,,0,4474.0,obs,899,31.1,20.71,10.98,S3,31.1,20.71,10.98,S3,31.1,20.71,6.43,S3,13.347,0,S3,site_s3,S3,S3,S3,225.0,0.0,0.0,266.8,1,1,1,,
1786353163.799,c1,recommend,,0.0,26.76,14.03,2.39,S3,0,,0,200.0,obs,1196,26.76,14.03,4.0,S3,26.76,14.03,4.0,S3,26.76,14.03,2.39,S3,13.347,0,S3,site_s3,S3,S3,S3,299.0,0.0,0.0,320.1,1,1,1,,
1786353163.799,c2,reserve,,0.0,26.34,13.67,1.52,S3,0,,0,36.0,obs,602,26.34,13.67,3.65,S3,26.34,13.67,3.65,S3,26.34,13.67,1.52,S3,13.347,0,S3,site_s3,S3,S3,S3,150.5,0.0,0.0,361.9,1,1,1,,
1786353163.799,c2,search,,0.0,31.1,20.71,6.43,S3,0,,0,4474.0,obs,899,31.1,20.71,10.98,S3,31.1,20.71,10.98,S3,31.1,20.71,6.43,S3,13.347,0,S3,site_s3,S3,S3,S3,224.5,0.0,0.0,586.4,1,1,1,,
1786353163.799,c2,recommend,,0.0,26.76,14.03,2.39,S3,0,,0,200.0,obs,1196,26.76,14.03,4.0,S3,26.76,14.03,4.0,S3,26.76,14.03,2.39,S3,13.347,0,S3,site_s3,S3,S3,S3,299.0,0.0,0.0,639.6,1,1,1,,
1786353164.799,c1,reserve,,0.0,26.34,13.67,1.48,S3,0,,0,36.0,obs,598,26.34,13.67,3.65,S3,26.34,13.67,3.65,S3,26.34,13.67,1.48,S3,13.388,0,S3,site_s3,S3,S3,S3,149.5,0.0,0.0,41.6,1,1,1,,
1786353164.799,c1,search,,0.0,31.1,20.71,6.04,S3,0,,0,4474.0,obs,899,31.1,20.71,10.98,S3,31.1,20.71,10.98,S3,31.1,20.71,6.04,S3,13.388,0,S3,site_s3,S3,S3,S3,224.5,0.0,0.0,266.1,1,1,1,,
1786353164.799,c1,recommend,,0.0,26.76,14.03,2.28,S3,0,,0,200.0,obs,1205,26.76,14.03,4.0,S3,26.76,14.03,4.0,S3,26.76,14.03,2.28,S3,13.388,0,S3,site_s3,S3,S3,S3,301.0,0.0,0.0,319.6,1,1,1,,
1786353164.799,c2,reserve,,0.0,26.34,13.67,1.48,S3,0,,0,36.0,obs,598,26.34,13.67,3.65,S3,26.34,13.67,3.65,S3,26.34,13.67,1.48,S3,13.388,0,S3,site_s3,S3,S3,S3,149.5,0.0,0.0,361.2,1,1,1,,
1786353164.799,c2,search,,0.0,31.1,20.71,6.04,S3,0,,0,4474.0,obs,899,31.1,20.71,10.98,S3,31.1,20.71,10.98,S3,31.1,20.71,6.04,S3,13.388,0,S3,site_s3,S3,S3,S3,225.0,0.0,0.0,586.2,1,1,1,,
1786353164.799,c2,recommend,,0.0,26.76,14.03,2.28,S3,0,,0,200.0,obs,1205,26.76,14.03,4.0,S3,26.76,14.03,4.0,S3,26.76,14.03,2.28,S3,13.388,0,S3,site_s3,S3,S3,S3,301.5,0.0,0.0,639.9,1,1,1,,
1786353165.798,c1,reserve,,0.0,26.34,13.67,1.56,S3,0,,0,36.0,obs,605,26.34,13.67,3.65,S3,26.34,13.67,3.65,S3,26.34,13.67,1.56,S3,12.519,0,S3,site_s3,S3,S3,S3,151.0,0.0,0.0,42.0,1,1,1,,
1786353165.798,c1,search,,0.0,31.1,20.71,6.04,S3,0,,0,4474.0,obs,897,31.1,20.71,10.98,S3,31.1,20.71,10.98,S3,31.1,20.71,6.04,S3,12.519,0,S3,site_s3,S3,S3,S3,224.0,0.0,0.0,266.0,1,1,1,,
1786353165.798,c1,recommend,,0.0,26.76,14.03,2.28,S3,0,,0,200.0,obs,1199,26.76,14.03,4.0,S3,26.76,14.03,4.0,S3,26.76,14.03,2.28,S3,12.519,0,S3,site_s3,S3,S3,S3,300.0,0.0,0.0,319.4,1,1,1,,
1786353165.798,c2,reserve,,0.0,26.34,13.67,1.56,S3,0,,0,36.0,obs,605,26.34,13.67,3.65,S3,26.34,13.67,3.65,S3,26.34,13.67,1.56,S3,12.519,0,S3,site_s3,S3,S3,S3,151.5,0.0,0.0,361.5,1,1,1,,
1786353165.798,c2,search,,0.0,31.1,20.71,6.04,S3,0,,0,4474.0,obs,897,31.1,20.71,10.98,S3,31.1,20.71,10.98,S3,31.1,20.71,6.04,S3,12.519,0,S3,site_s3,S3,S3,S3,224.5,0.0,0.0,586.0,1,1,1,,
1786353165.798,c2,recommend,,0.0,26.76,14.03,2.28,S3,0,,0,200.0,obs,1199,26.76,14.03,4.0,S3,26.76,14.03,4.0,S3,26.76,14.03,2.28,S3,12.519,0,S3,site_s3,S3,S3,S3,299.5,0.0,0.0,639.3,1,1,1,,
1786353166.799,c1,reserve,,0.0,26.34,13.67,1.82,S3,0,,0,36.0,obs,600,26.34,13.67,3.65,S3,26.34,13.67,3.65,S3,26.34,13.67,1.82,S3,13.538,0,S3,site_s3,S3,S3,S3,150.0,0.0,0.0,41.7,1,1,1,,
1786353166.799,c1,search,,0.0,31.1,20.71,6.76,S3,0,,0,4474.0,obs,902,31.1,20.71,10.98,S3,31.1,20.71,10.98,S3,31.1,20.71,6.76,S3,13.538,0,S3,site_s3,S3,S3,S3,225.5,0.0,0.0,267.2,1,1,1,,
1786353166.799,c1,recommend,,0.0,26.76,14.03,2.39,S3,0,,0,200.0,obs,1204,26.76,14.03,4.0,S3,26.76,14.03,4.0,S3,26.76,14.03,2.39,S3,13.538,0,S3,site_s3,S3,S3,S3,301.5,0.0,0.0,320.9,1,1,1,,
1786353166.799,c2,reserve,,0.0,26.34,13.67,1.82,S3,0,,0,36.0,obs,600,26.34,13.67,3.65,S3,26.34,13.67,3.65,S3,26.34,13.67,1.82,S3,13.538,0,S3,site_s3,S3,S3,S3,150.0,0.0,0.0,362.6,1,1,1,,
1786353166.799,c2,search,,0.0,31.1,20.71,6.76,S3,0,,0,4474.0,obs,902,31.1,20.71,10.98,S3,31.1,20.71,10.98,S3,31.1,20.71,6.76,S3,13.538,0,S3,site_s3,S3,S3,S3,225.5,0.0,0.0,588.1,1,1,1,,
1786353166.799,c2,recommend,,0.0,26.76,14.03,2.39,S3,0,,0,200.0,obs,1204,26.76,14.03,4.0,S3,26.76,14.03,4.0,S3,26.76,14.03,2.39,S3,13.538,0,S3,site_s3,S3,S3,S3,300.5,0.0,0.0,641.6,1,1,1,,
1786353167.799,c1,reserve,,0.0,26.34,13.67,1.54,S3,0,,0,36.0,obs,606,26.34,13.67,3.65,S3,26.34,13.67,3.65,S3,26.34,13.67,1.54,S3,13.524,0,S3,site_s3,S3,S3,S3,151.5,0.0,0.0,42.1,1,1,1,,
1786353167.799,c1,search,,0.0,31.1,20.71,6.45,S3,0,,0,4474.0,obs,899,31.1,20.71,10.98,S3,31.1,20.71,10.98,S3,31.1,20.71,6.45,S3,13.524,0,S3,site_s3,S3,S3,S3,224.5,0.0,0.0,266.6,1,1,1,,
1786353167.799,c1,recommend,,0.0,26.76,14.03,2.26,S3,0,,0,200.0,obs,1206,26.76,14.03,4.0,S3,26.76,14.03,4.0,S3,26.76,14.03,2.26,S3,13.524,0,S3,site_s3,S3,S3,S3,302.0,0.0,0.0,320.4,1,1,1,,
1786353167.799,c2,reserve,,0.0,26.34,13.67,1.54,S3,0,,0,36.0,obs,606,26.34,13.67,3.65,S3,26.34,13.67,3.65,S3,26.34,13.67,1.54,S3,13.524,0,S3,site_s3,S3,S3,S3,151.5,0.0,0.0,362.5,1,1,1,,
1786353167.799,c2,search,,0.0,31.1,20.71,6.45,S3,0,,0,4474.0,obs,899,31.1,20.71,10.98,S3,31.1,20.71,10.98,S3,31.1,20.71,6.45,S3,13.524,0,S3,site_s3,S3,S3,S3,225.0,0.0,0.0,587.5,1,1,1,,
1786353167.799,c2,recommend,,0.0,26.76,14.03,2.26,S3,0,,0,200.0,obs,1206,26.76,14.03,4.0,S3,26.76,14.03,4.0,S3,26.76,14.03,2.26,S3,13.524,0,S3,site_s3,S3,S3,S3,301.0,0.0,0.0,641.1,1,1,1,,
1786353168.798,c1,reserve,,0.0,26.34,13.67,1.49,S3,0,,0,36.0,obs,605,26.34,13.67,3.65,S3,26.34,13.67,3.65,S3,26.34,13.67,1.49,S3,13.012,0,S3,site_s3,S3,S3,S3,151.0,0.0,0.0,42.0,1,1,1,,
1786353168.798,c1,search,,0.0,31.1,20.71,6.51,S3,0,,0,4474.0,obs,906,31.1,20.71,10.98,S3,31.1,20.71,10.98,S3,31.1,20.71,6.51,S3,13.012,0,S3,site_s3,S3,S3,S3,226.5,0.0,0.0,268.5,1,1,1,,
1786353168.798,c1,recommend,,0.0,26.76,14.03,2.18,S3,0,,0,200.0,obs,1208,26.76,14.03,4.0,S3,26.76,14.03,4.0,S3,26.76,14.03,2.18,S3,13.012,0,S3,site_s3,S3,S3,S3,302.5,0.0,0.0,322.3,1,1,1,,
1786353168.798,c2,reserve,,0.0,26.34,13.67,1.49,S3,0,,0,36.0,obs,605,26.34,13.67,3.65,S3,26.34,13.67,3.65,S3,26.34,13.67,1.49,S3,13.012,0,S3,site_s3,S3,S3,S3,151.5,0.0,0.0,364.4,1,1,1,,
1786353168.798,c2,search,,0.0,31.1,20.71,6.51,S3,0,,0,4474.0,obs,906,31.1,20.71,10.98,S3,31.1,20.71,10.98,S3,31.1,20.71,6.51,S3,13.012,0,S3,site_s3,S3,S3,S3,226.5,0.0,0.0,590.9,1,1,1,,
1786353168.798,c2,recommend,,0.0,26.76,14.03,2.18,S3,0,,0,200.0,obs,1208,26.76,14.03,4.0,S3,26.76,14.03,4.0,S3,26.76,14.03,2.18,S3,13.012,0,S3,site_s3,S3,S3,S3,301.5,0.0,0.0,644.6,1,1,1,,
1786353169.798,c1,reserve,,0.0,26.34,13.67,1.91,S3,0,,0,36.0,obs,606,26.34,13.67,3.65,S3,26.34,13.67,3.65,S3,26.34,13.67,1.91,S3,12.519,0,S3,site_s3,S3,S3,S3,151.5,0.0,0.0,42.1,1,1,1,,
1786353169.798,c1,search,,0.0,31.1,20.71,6.79,S3,0,,0,4474.0,obs,905,31.1,20.71,10.98,S3,31.1,20.71,10.98,S3,31.1,20.71,6.79,S3,12.519,0,S3,site_s3,S3,S3,S3,226.0,0.0,0.0,268.1,1,1,1,,
1786353169.798,c1,recommend,,0.0,26.76,14.03,2.51,S3,0,,0,200.0,obs,1214,26.76,14.03,4.0,S3,26.76,14.03,4.0,S3,26.76,14.03,2.51,S3,12.519,0,S3,site_s3,S3,S3,S3,303.5,0.0,0.0,322.1,1,1,1,,
1786353169.798,c2,reserve,,0.0,26.34,13.67,1.91,S3,0,,0,36.0,obs,606,26.34,13.67,3.65,S3,26.34,13.67,3.65,S3,26.34,13.67,1.91,S3,12.519,0,S3,site_s3,S3,S3,S3,151.5,0.0,0.0,364.3,1,1,1,,
1786353169.798,c2,search,,0.0,31.1,20.71,6.79,S3,0,,0,4474.0,obs,905,31.1,20.71,10.98,S3,31.1,20.71,10.98,S3,31.1,20.71,6.79,S3,12.519,0,S3,site_s3,S3,S3,S3,226.5,0.0,0.0,590.8,1,1,1,,
1786353169.798,c2,recommend,,0.0,26.76,14.03,2.51,S3,0,,0,200.0,obs,1214,26.76,14.03,4.0,S3,26.76,14.03,4.0,S3,26.76,14.03,2.51,S3,12.519,0,S3,site_s3,S3,S3,S3,303.5,0.0,0.0,644.8,1,1,1,,
1786353170.798,c1,reserve,,0.0,26.34,13.67,1.3,S3,0,,0,36.0,obs,608,26.34,13.67,3.65,S3,26.34,13.67,3.65,S3,26.34,13.67,1.3,S3,12.536,0,S3,site_s3,S3,S3,S3,152.0,0.0,0.0,42.3,1,1,1,,
1786353170.798,c1,search,,0.0,31.1,20.71,6.08,S3,0,,0,4474.0,obs,909,31.1,20.71,10.98,S3,31.1,20.71,10.98,S3,31.1,20.71,6.08,S3,12.536,0,S3,site_s3,S3,S3,S3,227.0,0.0,0.0,269.3,1,1,1,,
1786353170.798,c1,recommend,,0.0,26.76,14.03,2.37,S3,0,,0,200.0,obs,1212,26.76,14.03,4.0,S3,26.76,14.03,4.0,S3,26.76,14.03,2.37,S3,12.536,0,S3,site_s3,S3,S3,S3,303.0,0.0,0.0,323.2,1,1,1,,
1786353170.798,c2,reserve,,0.0,26.34,13.67,1.3,S3,0,,0,36.0,obs,608,26.34,13.67,3.65,S3,26.34,13.67,3.65,S3,26.34,13.67,1.3,S3,12.536,0,S3,site_s3,S3,S3,S3,152.0,0.0,0.0,365.4,1,1,1,,
1786353170.798,c2,search,,0.0,31.1,20.71,6.08,S3,0,,0,4474.0,obs,909,31.1,20.71,10.98,S3,31.1,20.71,10.98,S3,31.1,20.71,6.08,S3,12.536,0,S3,site_s3,S3,S3,S3,227.5,0.0,0.0,592.9,1,1,1,,
1786353170.798,c2,recommend,,0.0,26.76,14.03,2.37,S3,0,,0,200.0,obs,1212,26.76,14.03,4.0,S3,26.76,14.03,4.0,S3,26.76,14.03,2.37,S3,12.536,0,S3,site_s3,S3,S3,S3,303.0,0.0,0.0,646.9,1,1,1,,
1786353171.798,c1,reserve,,0.0,26.34,13.67,1.48,S3,0,,0,36.0,obs,606,26.34,13.67,3.65,S3,26.34,13.67,3.65,S3,26.34,13.67,1.48,S3,12.517,0,S3,site_s3,S3,S3,S3,151.5,0.0,0.0,42.1,1,1,1,,
1786353171.798,c1,search,,0.0,31.1,20.71,6.52,S3,0,,0,4474.0,obs,911,31.1,20.71,10.98,S3,31.1,20.71,10.98,S3,31.1,20.71,6.52,S3,12.517,0,S3,site_s3,S3,S3,S3,227.5,0.0,0.0,269.6,1,1,1,,
1786353171.798,c1,recommend,,0.0,26.76,14.03,2.31,S3,0,,0,200.0,obs,1220,26.76,14.03,4.0,S3,26.76,14.03,4.0,S3,26.76,14.03,2.31,S3,12.517,0,S3,site_s3,S3,S3,S3,305.0,0.0,0.0,323.9,1,1,1,,
1786353171.798,c2,reserve,,0.0,26.34,13.67,1.48,S3,0,,0,36.0,obs,606,26.34,13.67,3.65,S3,26.34,13.67,3.65,S3,26.34,13.67,1.48,S3,12.517,0,S3,site_s3,S3,S3,S3,151.5,0.0,0.0,366.0,1,1,1,,
1786353171.798,c2,search,,0.0,31.1,20.71,6.52,S3,0,,0,4474.0,obs,911,31.1,20.71,10.98,S3,31.1,20.71,10.98,S3,31.1,20.71,6.52,S3,12.517,0,S3,site_s3,S3,S3,S3,228.0,0.0,0.0,594.0,1,1,1,,
1786353171.798,c2,recommend,,0.0,26.76,14.03,2.31,S3,0,,0,200.0,obs,1220,26.76,14.03,4.0,S3,26.76,14.03,4.0,S3,26.76,14.03,2.31,S3,12.517,0,S3,site_s3,S3,S3,S3,305.0,0.0,0.0,648.3,1,1,1,,
1786353172.798,c1,reserve,,0.0,26.34,13.67,1.88,S3,0,,0,36.0,obs,612,26.34,13.67,3.65,S3,26.34,13.67,3.65,S3,26.34,13.67,1.88,S3,12.555,0,S3,site_s3,S3,S3,S3,153.0,0.0,0.0,42.5,1,1,1,,
1786353172.798,c1,search,,0.0,31.1,20.71,7.22,S3,0,,0,4474.0,obs,912,31.1,20.71,10.98,S3,31.1,20.71,10.98,S3,31.1,20.71,7.22,S3,12.555,0,S3,site_s3,S3,S3,S3,228.0,0.0,0.0,270.5,1,1,1,,
1786353172.798,c1,recommend,,0.0,26.76,14.03,2.59,S3,0,,0,200.0,obs,1215,26.76,14.03,4.0,S3,26.76,14.03,4.0,S3,26.76,14.03,2.59,S3,12.555,0,S3,site_s3,S3,S3,S3,304.0,0.0,0.0,324.6,1,1,1,,
1786353172.798,c2,reserve,,0.0,26.34,13.67,1.88,S3,0,,0,36.0,obs,612,26.34,13.67,3.65,S3,26.34,13.67,3.65,S3,26.34,13.67,1.88,S3,12.555,0,S3,site_s3,S3,S3,S3,153.0,0.0,0.0,367.2,1,1,1,,
1786353172.798,c2,search,,0.0,31.1,20.71,7.22,S3,0,,0,4474.0,obs,912,31.1,20.71,10.98,S3,31.1,20.71,10.98,S3,31.1,20.71,7.22,S3,12.555,0,S3,site_s3,S3,S3,S3,228.0,0.0,0.0,595.2,1,1,1,,
1786353172.798,c2,recommend,,0.0,26.76,14.03,2.59,S3,0,,0,200.0,obs,1215,26.76,14.03,4.0,S3,26.76,14.03,4.0,S3,26.76,14.03,2.59,S3,12.555,0,S3,site_s3,S3,S3,S3,303.5,0.0,0.0,649.2,1,1,1,,
1786353173.798,c1,reserve,,0.0,26.34,13.67,1.92,S3,0,,0,36.0,obs,607,26.34,13.67,3.65,S3,26.34,13.67,3.65,S3,26.34,13.67,1.92,S3,12.757,0,S3,site_s3,S3,S3,S3,152.0,0.0,0.0,42.3,1,1,1,,
1786353173.798,c1,search,,0.0,31.1,20.71,7.14,S3,0,,0,4474.0,obs,915,31.1,20.71,10.98,S3,31.1,20.71,10.98,S3,31.1,20.71,7.14,S3,12.757,0,S3,site_s3,S3,S3,S3,228.5,0.0,0.0,270.8,1,1,1,,
1786353173.798,c1,recommend,,0.0,26.76,14.03,2.53,S3,0,,0,200.0,obs,1222,26.76,14.03,4.0,S3,26.76,14.03,4.0,S3,26.76,14.03,2.53,S3,12.757,0,S3,site_s3,S3,S3,S3,305.5,0.0,0.0,325.1,1,1,1,,
1786353173.798,c2,reserve,,0.0,26.34,13.67,1.92,S3,0,,0,36.0,obs,607,26.34,13.67,3.65,S3,26.34,13.67,3.65,S3,26.34,13.67,1.92,S3,12.757,0,S3,site_s3,S3,S3,S3,151.5,0.0,0.0,367.3,1,1,1,,
1786353173.798,c2,search,,0.0,31.1,20.71,7.14,S3,0,,0,4474.0,obs,915,31.1,20.71,10.98,S3,31.1,20.71,10.98,S3,31.1,20.71,7.14,S3,12.757,0,S3,site_s3,S3,S3,S3,229.0,0.0,0.0,596.3,1,1,1,,
1786353173.798,c2,recommend,,0.0,26.76,14.03,2.53,S3,0,,0,200.0,obs,1222,26.76,14.03,4.0,S3,26.76,14.03,4.0,S3,26.76,14.03,2.53,S3,12.757,0,S3,site_s3,S3,S3,S3,305.5,0.0,0.0,650.6,1,1,1,,
1786353174.798,c1,reserve,,0.0,26.34,13.67,0.88,S3,0,,0,36.0,obs,612,26.34,13.67,3.65,S3,26.34,13.67,3.65,S3,26.34,13.67,0.88,S3,12.594,0,S3,site_s3,S3,S3,S3,153.0,0.0,0.0,42.5,1,1,1,,
1786353174.798,c1,search,,0.0,31.1,20.71,4.88,S3,0,,0,4474.0,obs,914,31.1,20.71,10.98,S3,31.1,20.71,10.98,S3,31.1,20.71,4.88,S3,12.594,0,S3,site_s3,S3,S3,S3,228.5,0.0,0.0,271.0,1,1,1,,
1786353174.798,c1,recommend,,0.0,26.76,14.03,1.63,S3,0,,0,200.0,obs,1225,26.76,14.03,4.0,S3,26.76,14.03,4.0,S3,26.76,14.03,1.63,S3,12.594,0,S3,site_s3,S3,S3,S3,306.5,0.0,0.0,325.6,1,1,1,,
1786353174.798,c2,reserve,,0.0,26.34,13.67,0.88,S3,0,,0,36.0,obs,612,26.34,13.67,3.65,S3,26.34,13.67,3.65,S3,26.34,13.67,0.88,S3,12.594,0,S3,site_s3,S3,S3,S3,153.0,0.0,0.0,368.1,1,1,1,,
1786353174.798,c2,search,,0.0,31.1,20.71,4.88,S3,0,,0,4474.0,obs,914,31.1,20.71,10.98,S3,31.1,20.71,10.98,S3,31.1,20.71,4.88,S3,12.594,0,S3,site_s3,S3,S3,S3,228.5,0.0,0.0,596.6,1,1,1,,
1786353174.798,c2,recommend,,0.0,26.76,14.03,1.63,S3,0,,0,200.0,obs,1225,26.76,14.03,4.0,S3,26.76,14.03,4.0,S3,26.76,14.03,1.63,S3,12.594,0,S3,site_s3,S3,S3,S3,306.0,0.0,0.0,651.1,1,1,1,,
1786353175.798,c1,reserve,,0.0,26.34,13.67,0.88,S3,0,,0,36.0,obs,612,26.34,13.67,3.65,S3,26.34,13.67,3.65,S3,26.34,13.67,0.88,S3,12.596,0,S3,site_s3,S3,S3,S3,153.0,0.0,0.0,42.5,1,1,1,,
1786353175.798,c1,search,,0.0,31.1,20.71,4.81,S3,0,,0,4474.0,obs,918,31.1,20.71,10.98,S3,31.1,20.71,10.98,S3,31.1,20.71,4.81,S3,12.596,0,S3,site_s3,S3,S3,S3,229.5,0.0,0.0,272.0,1,1,1,,
1786353175.798,c1,recommend,,0.0,26.76,14.03,1.75,S3,0,,0,200.0,obs,1224,26.76,14.03,4.0,S3,26.76,14.03,4.0,S3,26.76,14.03,1.75,S3,12.596,0,S3,site_s3,S3,S3,S3,306.0,0.0,0.0,326.5,1,1,1,,
1786353175.798,c2,reserve,,0.0,26.34,13.67,0.88,S3,0,,0,36.0,obs,612,26.34,13.67,3.65,S3,26.34,13.67,3.65,S3,26.34,13.67,0.88,S3,12.596,0,S3,site_s3,S3,S3,S3,153.0,0.0,0.0,369.0,1,1,1,,
1786353175.798,c2,search,,0.0,31.1,20.71,4.81,S3,0,,0,4474.0,obs,918,31.1,20.71,10.98,S3,31.1,20.71,10.98,S3,31.1,20.71,4.81,S3,12.596,0,S3,site_s3,S3,S3,S3,229.5,0.0,0.0,598.5,1,1,1,,
1786353175.798,c2,recommend,,0.0,26.76,14.03,1.75,S3,0,,0,200.0,obs,1224,26.76,14.03,4.0,S3,26.76,14.03,4.0,S3,26.76,14.03,1.75,S3,12.596,0,S3,site_s3,S3,S3,S3,306.0,0.0,0.0,653.0,1,1,1,,
1786353176.799,c1,reserve,,0.0,26.34,13.67,1.61,S3,0,,0,36.0,obs,613,26.34,13.67,3.65,S3,26.34,13.67,3.65,S3,26.34,13.67,1.61,S3,13.679,0,S3,site_s3,S3,S3,S3,153.5,0.0,0.0,42.7,1,1,1,,
1786353176.799,c1,search,,0.0,31.1,20.71,6.66,S3,0,,0,4474.0,obs,919,31.1,20.71,10.98,S3,31.1,20.71,10.98,S3,31.1,20.71,6.66,S3,13.679,0,S3,site_s3,S3,S3,S3,229.5,0.0,0.0,272.2,1,1,1,,
1786353176.799,c1,recommend,,0.0,26.76,14.03,2.32,S3,0,,0,200.0,obs,1228,26.76,14.03,4.0,S3,26.76,14.03,4.0,S3,26.76,14.03,2.32,S3,13.679,0,S3,site_s3,S3,S3,S3,307.0,0.0,0.0,326.8,1,1,1,,
1786353176.799,c2,reserve,,0.0,26.34,13.67,1.61,S3,0,,0,36.0,obs,613,26.34,13.67,3.65,S3,26.34,13.67,3.65,S3,26.34,13.67,1.61,S3,13.679,0,S3,site_s3,S3,S3,S3,153.0,0.0,0.0,369.4,1,1,1,,
1786353176.799,c2,search,,0.0,31.1,20.71,6.66,S3,0,,0,4474.0,obs,919,31.1,20.71,10.98,S3,31.1,20.71,10.98,S3,31.1,20.71,6.66,S3,13.679,0,S3,site_s3,S3,S3,S3,230.0,0.0,0.0,599.4,1,1,1,,
1786353176.799,c2,recommend,,0.0,26.76,14.03,2.32,S3,0,,0,200.0,obs,1228,26.76,14.03,4.0,S3,26.76,14.03,4.0,S3,26.76,14.03,2.32,S3,13.679,0,S3,site_s3,S3,S3,S3,307.0,0.0,0.0,654.0,1,1,1,,
1786353177.798,c1,reserve,,0.0,26.34,13.67,1.07,S3,0,,0,36.0,obs,585,26.34,13.67,3.65,S3,26.34,13.67,3.65,S3,26.34,13.67,1.07,S3,12.518,0,S3,site_s3,S3,S3,S3,146.5,0.0,0.0,40.7,1,1,1,,
1786353177.798,c1,search,,0.0,31.1,20.71,6.54,S3,0,,0,4474.0,obs,873,31.1,20.71,10.98,S3,31.1,20.71,10.98,S3,31.1,20.71,6.54,S3,12.518,0,S3,site_s3,S3,S3,S3,218.0,0.0,0.0,258.7,1,1,1,,
1786353177.798,c1,recommend,,0.0,26.76,14.03,2.22,S3,0,,0,200.0,obs,1164,26.76,14.03,4.0,S3,26.76,14.03,4.0,S3,26.76,14.03,2.22,S3,12.518,0,S3,site_s3,S3,S3,S3,291.0,0.0,0.0,310.5,1,1,1,,
1786353177.798,c2,reserve,,0.0,26.34,13.67,1.07,S3,0,,0,36.0,obs,585,26.34,13.67,3.65,S3,26.34,13.67,3.65,S3,26.34,13.67,1.07,S3,12.518,0,S3,site_s3,S3,S3,S3,146.0,0.0,0.0,351.1,1,1,1,,
1786353177.798,c2,search,,0.0,31.1,20.71,6.54,S3,0,,0,4474.0,obs,873,31.1,20.71,10.98,S3,31.1,20.71,10.98,S3,31.1,20.71,6.54,S3,12.518,0,S3,site_s3,S3,S3,S3,218.5,0.0,0.0,569.6,1,1,1,,
1786353177.798,c2,recommend,,0.0,26.76,14.03,2.22,S3,0,,0,200.0,obs,1164,26.76,14.03,4.0,S3,26.76,14.03,4.0,S3,26.76,14.03,2.22,S3,12.518,0,S3,site_s3,S3,S3,S3,291.0,0.0,0.0,621.4,1,1,1,,
1786353178.799,c1,reserve,,0.0,26.34,13.67,1.26,S3,0,,0,36.0,obs,582,26.34,13.67,3.65,S3,26.34,13.67,3.65,S3,26.34,13.67,1.26,S3,13.523,0,S3,site_s3,S3,S3,S3,145.5,0.0,0.0,40.4,1,1,1,,
1786353178.799,c1,search,,0.0,31.1,20.71,6.88,S3,0,,0,4474.0,obs,877,31.1,20.71,10.98,S3,31.1,20.71,10.98,S3,31.1,20.71,6.88,S3,13.523,0,S3,site_s3,S3,S3,S3,219.0,0.0,0.0,259.4,1,1,1,,
1786353178.799,c1,recommend,,0.0,26.76,14.03,2.25,S3,0,,0,200.0,obs,1172,26.76,14.03,4.0,S3,26.76,14.03,4.0,S3,26.76,14.03,2.25,S3,13.523,0,S3,site_s3,S3,S3,S3,293.0,0.0,0.0,311.6,1,1,1,,
1786353178.799,c2,reserve,,0.0,26.34,13.67,1.26,S3,0,,0,36.0,obs,582,26.34,13.67,3.65,S3,26.34,13.67,3.65,S3,26.34,13.67,1.26,S3,13.523,0,S3,site_s3,S3,S3,S3,145.5,0.0,0.0,352.1,1,1,1,,
1786353178.799,c2,search,,0.0,31.1,20.71,6.88,S3,0,,0,4474.0,obs,877,31.1,20.71,10.98,S3,31.1,20.71,10.98,S3,31.1,20.71,6.88,S3,13.523,0,S3,site_s3,S3,S3,S3,219.5,0.0,0.0,571.6,1,1,1,,
1786353178.799,c2,recommend,,0.0,26.76,14.03,2.25,S3,0,,0,200.0,obs,1172,26.76,14.03,4.0,S3,26.76,14.03,4.0,S3,26.76,14.03,2.25,S3,13.523,0,S3,site_s3,S3,S3,S3,293.0,0.0,0.0,623.7,1,1,1,,
1786353179.798,c1,reserve,,0.0,26.34,13.67,1.85,S3,0,,0,36.0,obs,590,26.34,13.67,3.65,S3,26.34,13.67,3.65,S3,26.34,13.67,1.85,S3,12.519,0,S3,site_s3,S3,S3,S3,147.5,0.0,0.0,41.0,1,1,1,,
1786353179.798,c1,search,,0.0,31.1,20.71,7.08,S3,0,,0,4474.0,obs,875,31.1,20.71,10.98,S3,31.1,20.71,10.98,S3,31.1,20.71,7.08,S3,12.519,0,S3,site_s3,S3,S3,S3,219.0,0.0,0.0,260.0,1,1,1,,
1786353179.798,c1,recommend,,0.0,26.76,14.03,2.44,S3,0,,0,200.0,obs,1170,26.76,14.03,4.0,S3,26.76,14.03,4.0,S3,26.76,14.03,2.44,S3,12.519,0,S3,site_s3,S3,S3,S3,292.5,0.0,0.0,312.1,1,1,1,,
1786353179.798,c2,reserve,,0.0,26.34,13.67,1.85,S3,0,,0,36.0,obs,590,26.34,13.67,3.65,S3,26.34,13.67,3.65,S3,26.34,13.67,1.85,S3,12.519,0,S3,site_s3,S3,S3,S3,147.5,0.0,0.0,353.1,1,1,1,,
1786353179.798,c2,search,,0.0,31.1,20.71,7.08,S3,0,,0,4474.0,obs,875,31.1,20.71,10.98,S3,31.1,20.71,10.98,S3,31.1,20.71,7.08,S3,12.519,0,S3,site_s3,S3,S3,S3,218.5,0.0,0.0,571.6,1,1,1,,
1786353179.798,c2,recommend,,0.0,26.76,14.03,2.44,S3,0,,0,200.0,obs,1170,26.76,14.03,4.0,S3,26.76,14.03,4.0,S3,26.76,14.03,2.44,S3,12.519,0,S3,site_s3,S3,S3,S3,292.5,0.0,0.0,623.6,1,1,1,,
1786353180.799,c1,reserve,,0.0,26.34,13.67,1.75,S3,0,,0,36.0,obs,584,26.34,13.67,3.65,S3,26.34,13.67,3.65,S3,26.34,13.67,1.75,S3,13.489,0,S3,site_s3,S3,S3,S3,146.0,0.0,0.0,40.6,1,1,1,,
1786353180.799,c1,search,,0.0,31.1,20.71,6.32,S3,0,,0,4474.0,obs,881,31.1,20.71,10.98,S3,31.1,20.71,10.98,S3,31.1,20.71,6.32,S3,13.489,0,S3,site_s3,S3,S3,S3,220.0,0.0,0.0,260.6,1,1,1,,
1786353180.799,c1,recommend,,0.0,26.76,14.03,2.41,S3,0,,0,200.0,obs,1175,26.76,14.03,4.0,S3,26.76,14.03,4.0,S3,26.76,14.03,2.41,S3,13.489,0,S3,site_s3,S3,S3,S3,294.0,0.0,0.0,312.9,1,1,1,,
1786353180.799,c2,reserve,,0.0,26.34,13.67,1.75,S3,0,,0,36.0,obs,584,26.34,13.67,3.65,S3,26.34,13.67,3.65,S3,26.34,13.67,1.75,S3,13.489,0,S3,site_s3,S3,S3,S3,146.0,0.0,0.0,353.5,1,1,1,,
1786353180.799,c2,search,,0.0,31.1,20.71,6.32,S3,0,,0,4474.0,obs,881,31.1,20.71,10.98,S3,31.1,20.71,10.98,S3,31.1,20.71,6.32,S3,13.489,0,S3,site_s3,S3,S3,S3,220.5,0.0,0.0,574.0,1,1,1,,
1786353180.799,c2,recommend,,0.0,26.76,14.03,2.41,S3,0,,0,200.0,obs,1175,26.76,14.03,4.0,S3,26.76,14.03,4.0,S3,26.76,14.03,2.41,S3,13.489,0,S3,site_s3,S3,S3,S3,293.5,0.0,0.0,626.3,1,1,1,,
1786353181.798,c1,reserve,,0.0,26.34,13.67,1.81,S3,0,,0,36.0,obs,590,26.34,13.67,3.65,S3,26.34,13.67,3.65,S3,26.34,13.67,1.81,S3,12.557,0,S3,site_s3,S3,S3,S3,147.5,0.0,0.0,41.0,1,1,1,,
1786353181.798,c1,search,,0.0,31.1,20.71,6.48,S3,0,,0,4474.0,obs,879,31.1,20.71,10.98,S3,31.1,20.71,10.98,S3,31.1,20.71,6.48,S3,12.557,0,S3,site_s3,S3,S3,S3,220.0,0.0,0.0,261.0,1,1,1,,
1786353181.798,c1,recommend,,0.0,26.76,14.03,2.37,S3,0,,0,200.0,obs,1178,26.76,14.03,4.0,S3,26.76,14.03,4.0,S3,26.76,14.03,2.37,S3,12.557,0,S3,site_s3,S3,S3,S3,294.5,0.0,0.0,313.4,1,1,1,,
1786353181.798,c2,reserve,,0.0,26.34,13.67,1.81,S3,0,,0,36.0,obs,590,26.34,13.67,3.65,S3,26.34,13.67,3.65,S3,26.34,13.67,1.81,S3,12.557,0,S3,site_s3,S3,S3,S3,147.5,0.0,0.0,354.4,1,1,1,,
1786353181.798,c2,search,,0.0,31.1,20.71,6.48,S3,0,,0,4474.0,obs,879,31.1,20.71,10.98,S3,31.1,20.71,10.98,S3,31.1,20.71,6.48,S3,12.557,0,S3,site_s3,S3,S3,S3,219.5,0.0,0.0,573.9,1,1,1,,
1786353181.798,c2,recommend,,0.0,26.76,14.03,2.37,S3,0,,0,200.0,obs,1178,26.76,14.03,4.0,S3,26.76,14.03,4.0,S3,26.76,14.03,2.37,S3,12.557,0,S3,site_s3,S3,S3,S3,294.5,0.0,0.0,626.4,1,1,1,,
1786353182.799,c1,reserve,,0.0,26.34,13.67,1.44,S3,0,,0,36.0,obs,590,26.34,13.67,3.65,S3,26.34,13.67,3.65,S3,26.34,13.67,1.44,S3,13.495,0,S3,site_s3,S3,S3,S3,147.5,0.0,0.0,41.0,1,1,1,,
1786353182.799,c1,search,,0.0,31.1,20.71,6.18,S3,0,,0,4474.0,obs,886,31.1,20.71,10.98,S3,31.1,20.71,10.98,S3,31.1,20.71,6.18,S3,13.495,0,S3,site_s3,S3,S3,S3,221.5,0.0,0.0,262.5,1,1,1,,
1786353182.799,c1,recommend,,0.0,26.76,14.03,2.23,S3,0,,0,200.0,obs,1178,26.76,14.03,4.0,S3,26.76,14.03,4.0,S3,26.76,14.03,2.23,S3,13.495,0,S3,site_s3,S3,S3,S3,294.5,0.0,0.0,314.9,1,1,1,,
1786353182.799,c2,reserve,,0.0,26.34,13.67,1.44,S3,0,,0,36.0,obs,590,26.34,13.67,3.65,S3,26.34,13.67,3.65,S3,26.34,13.67,1.44,S3,13.495,0,S3,site_s3,S3,S3,S3,147.5,0.0,0.0,355.9,1,1,1,,
1786353182.799,c2,search,,0.0,31.1,20.71,6.18,S3,0,,0,4474.0,obs,886,31.1,20.71,10.98,S3,31.1,20.71,10.98,S3,31.1,20.71,6.18,S3,13.495,0,S3,site_s3,S3,S3,S3,221.5,0.0,0.0,577.4,1,1,1,,
1786353182.799,c2,recommend,,0.0,26.76,14.03,2.23,S3,0,,0,200.0,obs,1178,26.76,14.03,4.0,S3,26.76,14.03,4.0,S3,26.76,14.03,2.23,S3,13.495,0,S3,site_s3,S3,S3,S3,294.5,0.0,0.0,629.9,1,1,1,,
1786353183.798,c1,reserve,,0.0,26.34,13.67,1.45,S3,0,,0,36.0,obs,590,26.34,13.67,3.65,S3,26.34,13.67,3.65,S3,26.34,13.67,1.45,S3,12.461,0,S3,site_s3,S3,S3,S3,147.5,0.0,0.0,41.0,1,1,1,,
1786353183.798,c1,search,,0.0,31.1,20.71,6.33,S3,0,,0,4474.0,obs,883,31.1,20.71,10.98,S3,31.1,20.71,10.98,S3,31.1,20.71,6.33,S3,12.461,0,S3,site_s3,S3,S3,S3,220.5,0.0,0.0,261.5,1,1,1,,
1786353183.798,c1,recommend,,0.0,26.76,14.03,2.48,S3,0,,0,200.0,obs,1186,26.76,14.03,4.0,S3,26.76,14.03,4.0,S3,26.76,14.03,2.48,S3,12.461,0,S3,site_s3,S3,S3,S3,296.5,0.0,0.0,314.3,1,1,1,,
1786353183.798,c2,reserve,,0.0,26.34,13.67,1.45,S3,0,,0,36.0,obs,590,26.34,13.67,3.65,S3,26.34,13.67,3.65,S3,26.34,13.67,1.45,S3,12.461,0,S3,site_s3,S3,S3,S3,147.5,0.0,0.0,355.3,1,1,1,,
1786353183.798,c2,search,,0.0,31.1,20.71,6.33,S3,0,,0,4474.0,obs,883,31.1,20.71,10.98,S3,31.1,20.71,10.98,S3,31.1,20.71,6.33,S3,12.461,0,S3,site_s3,S3,S3,S3,221.0,0.0,0.0,576.3,1,1,1,,
1786353183.798,c2,recommend,,0.0,26.76,14.03,2.48,S3,0,,0,200.0,obs,1186,26.76,14.03,4.0,S3,26.76,14.03,4.0,S3,26.76,14.03,2.48,S3,12.461,0,S3,site_s3,S3,S3,S3,296.5,0.0,0.0,629.1,1,1,1,,
1786353184.799,c1,reserve,,0.0,26.34,13.67,1.68,S3,0,,0,36.0,obs,594,26.34,13.67,3.65,S3,26.34,13.67,3.65,S3,26.34,13.67,1.68,S3,13.454,0,S3,site_s3,S3,S3,S3,148.0,0.0,0.0,41.1,1,1,1,,
1786353184.799,c1,search,,0.0,31.1,20.71,6.62,S3,0,,0,4474.0,obs,888,31.1,20.71,10.98,S3,31.1,20.71,10.98,S3,31.1,20.71,6.62,S3,13.454,0,S3,site_s3,S3,S3,S3,222.5,0.0,0.0,263.6,1,1,1,,
1786353184.799,c1,recommend,,0.0,26.76,14.03,2.48,S3,0,,0,200.0,obs,1180,26.76,14.03,4.0,S3,26.76,14.03,4.0,S3,26.76,14.03,2.48,S3,13.454,0,S3,site_s3,S3,S3,S3,295.5,0.0,0.0,316.2,1,1,1,,
1786353184.799,c2,reserve,,0.0,26.34,13.67,1.68,S3,0,,0,36.0,obs,594,26.34,13.67,3.65,S3,26.34,13.67,3.65,S3,26.34,13.67,1.68,S3,13.454,0,S3,site_s3,S3,S3,S3,149.0,0.0,0.0,357.7,1,1,1,,
1786353184.799,c2,search,,0.0,31.1,20.71,6.62,S3,0,,0,4474.0,obs,888,31.1,20.71,10.98,S3,31.1,20.71,10.98,S3,31.1,20.71,6.62,S3,13.454,0,S3,site_s3,S3,S3,S3,221.5,0.0,0.0,579.2,1,1,1,,
1786353184.799,c2,recommend,,0.0,26.76,14.03,2.48,S3,0,,0,200.0,obs,1180,26.76,14.03,4.0,S3,26.76,14.03,4.0,S3,26.76,14.03,2.48,S3,13.454,0,S3,site_s3,S3,S3,S3,294.5,0.0,0.0,631.6,1,1,1,,
1786353185.799,c1,reserve,,0.0,26.34,13.67,1.76,S3,0,,0,36.0,obs,592,26.34,13.67,3.65,S3,26.34,13.67,3.65,S3,26.34,13.67,1.76,S3,13.541,0,S3,site_s3,S3,S3,S3,148.0,0.0,0.0,41.1,1,1,1,,
1786353185.799,c1,search,,0.0,31.1,20.71,6.73,S3,0,,0,4474.0,obs,890,31.1,20.71,10.98,S3,31.1,20.71,10.98,S3,31.1,20.71,6.73,S3,13.541,0,S3,site_s3,S3,S3,S3,222.5,0.0,0.0,263.6,1,1,1,,
1786353185.799,c1,recommend,,0.0,26.76,14.03,2.4,S3,0,,0,200.0,obs,1190,26.76,14.03,4.0,S3,26.76,14.03,4.0,S3,26.76,14.03,2.4,S3,13.541,0,S3,site_s3,S3,S3,S3,297.5,0.0,0.0,316.6,1,1,1,,
1786353185.799,c2,reserve,,0.0,26.34,13.67,1.76,S3,0,,0,36.0,obs,592,26.34,13.67,3.65,S3,26.34,13.67,3.65,S3,26.34,13.67,1.76,S3,13.541,0,S3,site_s3,S3,S3,S3,148.0,0.0,0.0,357.7,1,1,1,,
1786353185.799,c2,search,,0.0,31.1,20.71,6.73,S3,0,,0,4474.0,obs,890,31.1,20.71,10.98,S3,31.1,20.71,10.98,S3,31.1,20.71,6.73,S3,13.541,0,S3,site_s3,S3,S3,S3,222.5,0.0,0.0,580.2,1,1,1,,
1786353185.799,c2,recommend,,0.0,26.76,14.03,2.4,S3,0,,0,200.0,obs,1190,26.76,14.03,4.0,S3,26.76,14.03,4.0,S3,26.76,14.03,2.4,S3,13.541,0,S3,site_s3,S3,S3,S3,297.5,0.0,0.0,633.2,1,1,1,,
1786353186.798,c1,reserve,,0.0,26.34,13.67,1.88,S3,0,,0,36.0,obs,598,26.34,13.67,3.65,S3,26.34,13.67,3.65,S3,26.34,13.67,1.88,S3,12.467,0,S3,site_s3,S3,S3,S3,149.5,0.0,0.0,41.6,1,1,1,,
1786353186.798,c1,search,,0.0,31.1,20.71,6.73,S3,0,,0,4474.0,obs,890,31.1,20.71,10.98,S3,31.1,20.71,10.98,S3,31.1,20.71,6.73,S3,12.467,0,S3,site_s3,S3,S3,S3,223.0,0.0,0.0,264.6,1,1,1,,
1786353186.798,c1,recommend,,0.0,26.76,14.03,2.43,S3,0,,0,200.0,obs,1187,26.76,14.03,4.0,S3,26.76,14.03,4.0,S3,26.76,14.03,2.43,S3,12.467,0,S3,site_s3,S3,S3,S3,296.5,0.0,0.0,317.3,1,1,1,,
1786353186.798,c2,reserve,,0.0,26.34,13.67,1.88,S3,0,,0,36.0,obs,598,26.34,13.67,3.65,S3,26.34,13.67,3.65,S3,26.34,13.67,1.88,S3,12.467,0,S3,site_s3,S3,S3,S3,149.5,0.0,0.0,358.9,1,1,1,,
1786353186.798,c2,search,,0.0,31.1,20.71,6.73,S3,0,,0,4474.0,obs,890,31.1,20.71,10.98,S3,31.1,20.71,10.98,S3,31.1,20.71,6.73,S3,12.467,0,S3,site_s3,S3,S3,S3,222.0,0.0,0.0,580.9,1,1,1,,
1786353186.798,c2,recommend,,0.0,26.76,14.03,2.43,S3,0,,0,200.0,obs,1187,26.76,14.03,4.0,S3,26.76,14.03,4.0,S3,26.76,14.03,2.43,S3,12.467,0,S3,site_s3,S3,S3,S3,297.0,0.0,0.0,633.8,1,1,1,,
1786353187.798,c1,reserve,,0.0,26.34,13.67,1.24,S3,0,,0,36.0,obs,593,26.34,13.67,3.65,S3,26.34,13.67,3.65,S3,26.34,13.67,1.24,S3,12.498,0,S3,site_s3,S3,S3,S3,148.0,0.0,0.0,41.1,1,1,1,,
1786353187.798,c1,search,,0.0,31.1,20.71,5.94,S3,0,,0,4474.0,obs,894,31.1,20.71,10.98,S3,31.1,20.71,10.98,S3,31.1,20.71,5.94,S3,12.498,0,S3,site_s3,S3,S3,S3,223.5,0.0,0.0,264.6,1,1,1,,
1786353187.798,c1,recommend,,0.0,26.76,14.03,2.33,S3,0,,0,200.0,obs,1193,26.76,14.03,4.0,S3,26.76,14.03,4.0,S3,26.76,14.03,2.33,S3,12.498,0,S3,site_s3,S3,S3,S3,299.0,0.0,0.0,317.9,1,1,1,,
1786353187.798,c2,reserve,,0.0,26.34,13.67,1.24,S3,0,,0,36.0,obs,593,26.34,13.67,3.65,S3,26.34,13.67,3.65,S3,26.34,13.67,1.24,S3,12.498,0,S3,site_s3,S3,S3,S3,148.5,0.0,0.0,359.1,1,1,1,,
1786353187.798,c2,search,,0.0,31.1,20.71,5.94,S3,0,,0,4474.0,obs,894,31.1,20.71,10.98,S3,31.1,20.71,10.98,S3,31.1,20.71,5.94,S3,12.498,0,S3,site_s3,S3,S3,S3,223.5,0.0,0.0,582.6,1,1,1,,
1786353187.798,c2,recommend,,0.0,26.76,14.03,2.33,S3,0,,0,200.0,obs,1193,26.76,14.03,4.0,S3,26.76,14.03,4.0,S3,26.76,14.03,2.33,S3,12.498,0,S3,site_s3,S3,S3,S3,297.5,0.0,0.0,635.6,1,1,1,,
1786353188.798,c1,reserve,,0.0,26.34,13.67,0.85,S3,0,,0,36.0,obs,599,26.34,13.67,3.65,S3,26.34,13.67,3.65,S3,26.34,13.67,0.85,S3,12.512,0,S3,site_s3,S3,S3,S3,150.0,0.0,0.0,41.7,1,1,1,,
1786353188.798,c1,search,,0.0,31.1,20.71,5.83,S3,0,,0,4474.0,obs,892,31.1,20.71,10.98,S3,31.1,20.71,10.98,S3,31.1,20.71,5.83,S3,12.512,0,S3,site_s3,S3,S3,S3,223.0,0.0,0.0,264.7,1,1,1,,
1786353188.798,c1,recommend,,0.0,26.76,14.03,2.16,S3,0,,0,200.0,obs,1195,26.76,14.03,4.0,S3,26.76,14.03,4.0,S3,26.76,14.03,2.16,S3,12.512,0,S3,site_s3,S3,S3,S3,298.5,0.0,0.0,317.8,1,1,1,,
1786353188.798,c2,reserve,,0.0,26.34,13.67,0.85,S3,0,,0,36.0,obs,599,26.34,13.67,3.65,S3,26.34,13.67,3.65,S3,26.34,13.67,0.85,S3,12.512,0,S3,site_s3,S3,S3,S3,149.5,0.0,0.0,359.4,1,1,1,,
1786353188.798,c2,search,,0.0,31.1,20.71,5.83,S3,0,,0,4474.0,obs,892,31.1,20.71,10.98,S3,31.1,20.71,10.98,S3,31.1,20.71,5.83,S3,12.512,0,S3,site_s3,S3,S3,S3,223.0,0.0,0.0,582.4,1,1,1,,
1786353188.798,c2,recommend,,0.0,26.76,14.03,2.16,S3,0,,0,200.0,obs,1195,26.76,14.03,4.0,S3,26.76,14.03,4.0,S3,26.76,14.03,2.16,S3,12.512,0,S3,site_s3,S3,S3,S3,299.0,0.0,0.0,635.6,1,1,1,,
1786353189.801,c1,reserve,,0.0,26.34,13.67,1.76,S3,0,,0,36.0,obs,597,26.34,13.67,3.65,S3,26.34,13.67,3.65,S3,26.34,13.67,1.76,S3,15.321,0,S3,site_s3,S3,S3,S3,149.0,0.0,0.0,41.4,1,1,1,,
1786353189.801,c1,search,,0.0,31.1,20.71,6.47,S3,0,,0,4474.0,obs,898,31.1,20.71,10.98,S3,31.1,20.71,10.98,S3,31.1,20.71,6.47,S3,15.321,0,S3,site_s3,S3,S3,S3,224.5,0.0,0.0,265.9,1,1,1,,
1786353189.801,c1,recommend,,0.0,26.76,14.03,2.48,S3,0,,0,200.0,obs,1195,26.76,14.03,4.0,S3,26.76,14.03,4.0,S3,26.76,14.03,2.48,S3,15.321,0,S3,site_s3,S3,S3,S3,299.0,0.0,0.0,319.1,1,1,1,,
1786353189.801,c2,reserve,,0.0,26.34,13.67,1.76,S3,0,,0,36.0,obs,597,26.34,13.67,3.65,S3,26.34,13.67,3.65,S3,26.34,13.67,1.76,S3,15.321,0,S3,site_s3,S3,S3,S3,149.5,0.0,0.0,360.7,1,1,1,,
1786353189.801,c2,search,,0.0,31.1,20.71,6.47,S3,0,,0,4474.0,obs,898,31.1,20.71,10.98,S3,31.1,20.71,10.98,S3,31.1,20.71,6.47,S3,15.321,0,S3,site_s3,S3,S3,S3,224.5,0.0,0.0,585.2,1,1,1,,
1786353189.801,c2,recommend,,0.0,26.76,14.03,2.48,S3,0,,0,200.0,obs,1195,26.76,14.03,4.0,S3,26.76,14.03,4.0,S3,26.76,14.03,2.48,S3,15.321,0,S3,site_s3,S3,S3,S3,298.5,0.0,0.0,638.3,1,1,1,,
1786353190.798,c1,reserve,,0.0,26.34,13.67,1.88,S3,0,,0,36.0,obs,599,26.34,13.67,3.65,S3,26.34,13.67,3.65,S3,26.34,13.67,1.88,S3,12.549,0,S3,site_s3,S3,S3,S3,149.5,0.0,0.0,41.6,1,1,1,,
1786353190.798,c1,search,,0.0,31.1,20.71,6.83,S3,0,,0,4474.0,obs,896,31.1,20.71,10.98,S3,31.1,20.71,10.98,S3,31.1,20.71,6.83,S3,12.549,0,S3,site_s3,S3,S3,S3,224.0,0.0,0.0,265.6,1,1,1,,
1786353190.798,c1,recommend,,0.0,26.76,14.03,2.54,S3,0,,0,200.0,obs,1201,26.76,14.03,4.0,S3,26.76,14.03,4.0,S3,26.76,14.03,2.54,S3,12.549,0,S3,site_s3,S3,S3,S3,300.5,0.0,0.0,319.1,1,1,1,,
1786353190.798,c2,reserve,,0.0,26.34,13.67,1.88,S3,0,,0,36.0,obs,599,26.34,13.67,3.65,S3,26.34,13.67,3.65,S3,26.34,13.67,1.88,S3,12.549,0,S3,site_s3,S3,S3,S3,150.0,0.0,0.0,360.8,1,1,1,,
1786353190.798,c2,search,,0.0,31.1,20.71,6.83,S3,0,,0,4474.0,obs,896,31.1,20.71,10.98,S3,31.1,20.71,10.98,S3,31.1,20.71,6.83,S3,12.549,0,S3,site_s3,S3,S3,S3,224.0,0.0,0.0,584.8,1,1,1,,
1786353190.798,c2,recommend,,0.0,26.76,14.03,2.54,S3,0,,0,200.0,obs,1201,26.76,14.03,4.0,S3,26.76,14.03,4.0,S3,26.76,14.03,2.54,S3,12.549,0,S3,site_s3,S3,S3,S3,300.0,0.0,0.0,638.1,1,1,1,,
1786353191.798,c1,reserve,,0.0,26.34,13.67,1.55,S3,0,,0,36.0,obs,602,26.34,13.67,3.65,S3,26.34,13.67,3.65,S3,26.34,13.67,1.55,S3,12.517,0,S3,site_s3,S3,S3,S3,150.5,0.0,0.0,41.8,1,1,1,,
1786353191.798,c1,search,,0.0,31.1,20.71,6.45,S3,0,,0,4474.0,obs,902,31.1,20.71,10.98,S3,31.1,20.71,10.98,S3,31.1,20.71,6.45,S3,12.517,0,S3,site_s3,S3,S3,S3,225.5,0.0,0.0,267.3,1,1,1,,
1786353191.798,c1,recommend,,0.0,26.76,14.03,2.37,S3,0,,0,200.0,obs,1198,26.76,14.03,4.0,S3,26.76,14.03,4.0,S3,26.76,14.03,2.37,S3,12.517,0,S3,site_s3,S3,S3,S3,299.5,0.0,0.0,320.6,1,1,1,,
1786353191.798,c2,reserve,,0.0,26.34,13.67,1.55,S3,0,,0,36.0,obs,602,26.34,13.67,3.65,S3,26.34,13.67,3.65,S3,26.34,13.67,1.55,S3,12.517,0,S3,site_s3,S3,S3,S3,150.5,0.0,0.0,362.5,1,1,1,,
1786353191.798,c2,search,,0.0,31.1,20.71,6.45,S3,0,,0,4474.0,obs,902,31.1,20.71,10.98,S3,31.1,20.71,10.98,S3,31.1,20.71,6.45,S3,12.517,0,S3,site_s3,S3,S3,S3,225.5,0.0,0.0,588.0,1,1,1,,
1786353191.798,c2,recommend,,0.0,26.76,14.03,2.37,S3,0,,0,200.0,obs,1198,26.76,14.03,4.0,S3,26.76,14.03,4.0,S3,26.76,14.03,2.37,S3,12.517,0,S3,site_s3,S3,S3,S3,299.5,0.0,0.0,641.3,1,1,1,,
1786353192.798,c1,reserve,,0.0,26.34,13.67,1.4,S3,0,,0,36.0,obs,598,26.34,13.67,3.65,S3,26.34,13.67,3.65,S3,26.34,13.67,1.4,S3,12.491,0,S3,site_s3,S3,S3,S3,149.5,0.0,0.0,41.6,1,1,1,,
1786353192.798,c1,search,,0.0,31.1,20.71,6.44,S3,0,,0,4474.0,obs,901,31.1,20.71,10.98,S3,31.1,20.71,10.98,S3,31.1,20.71,6.44,S3,12.491,0,S3,site_s3,S3,S3,S3,225.5,0.0,0.0,267.1,1,1,1,,
1786353192.798,c1,recommend,,0.0,26.76,14.03,2.43,S3,0,,0,200.0,obs,1207,26.76,14.03,4.0,S3,26.76,14.03,4.0,S3,26.76,14.03,2.43,S3,12.491,0,S3,site_s3,S3,S3,S3,302.0,0.0,0.0,320.8,1,1,1,,
1786353192.798,c2,reserve,,0.0,26.34,13.67,1.4,S3,0,,0,36.0,obs,598,26.34,13.67,3.65,S3,26.34,13.67,3.65,S3,26.34,13.67,1.4,S3,12.491,0,S3,site_s3,S3,S3,S3,149.5,0.0,0.0,362.4,1,1,1,,
1786353192.798,c2,search,,0.0,31.1,20.71,6.44,S3,0,,0,4474.0,obs,901,31.1,20.71,10.98,S3,31.1,20.71,10.98,S3,31.1,20.71,6.44,S3,12.491,0,S3,site_s3,S3,S3,S3,225.0,0.0,0.0,587.4,1,1,1,,
1786353192.798,c2,recommend,,0.0,26.76,14.03,2.43,S3,0,,0,200.0,obs,1207,26.76,14.03,4.0,S3,26.76,14.03,4.0,S3,26.76,14.03,2.43,S3,12.491,0,S3,site_s3,S3,S3,S3,301.5,0.0,0.0,641.0,1,1,1,,
1786353193.799,c1,reserve,,0.0,26.34,13.67,1.81,S3,0,,0,36.0,obs,607,26.34,13.67,3.65,S3,26.34,13.67,3.65,S3,26.34,13.67,1.81,S3,13.522,0,S3,site_s3,S3,S3,S3,151.5,0.0,0.0,42.1,1,1,1,,
1786353193.799,c1,search,,0.0,31.1,20.71,6.64,S3,0,,0,4474.0,obs,904,31.1,20.71,10.98,S3,31.1,20.71,10.98,S3,31.1,20.71,6.64,S3,13.522,0,S3,site_s3,S3,S3,S3,226.0,0.0,0.0,268.1,1,1,1,,
1786353193.799,c1,recommend,,0.0,26.76,14.03,2.53,S3,0,,0,200.0,obs,1203,26.76,14.03,4.0,S3,26.76,14.03,4.0,S3,26.76,14.03,2.53,S3,13.522,0,S3,site_s3,S3,S3,S3,301.0,0.0,0.0,321.7,1,1,1,,
1786353193.799,c2,reserve,,0.0,26.34,13.67,1.81,S3,0,,0,36.0,obs,607,26.34,13.67,3.65,S3,26.34,13.67,3.65,S3,26.34,13.67,1.81,S3,13.522,0,S3,site_s3,S3,S3,S3,152.0,0.0,0.0,364.0,1,1,1,,
1786353193.799,c2,search,,0.0,31.1,20.71,6.64,S3,0,,0,4474.0,obs,904,31.1,20.71,10.98,S3,31.1,20.71,10.98,S3,31.1,20.71,6.64,S3,13.522,0,S3,site_s3,S3,S3,S3,226.0,0.0,0.0,590.0,1,1,1,,
1786353193.799,c2,recommend,,0.0,26.76,14.03,2.53,S3,0,,0,200.0,obs,1203,26.76,14.03,4.0,S3,26.76,14.03,4.0,S3,26.76,14.03,2.53,S3,13.522,0,S3,site_s3,S3,S3,S3,300.5,0.0,0.0,643.4,1,1,1,,
1786353194.798,c1,reserve,,0.0,26.34,13.67,1.68,S3,0,,0,36.0,obs,602,26.34,13.67,3.65,S3,26.34,13.67,3.65,S3,26.34,13.67,1.68,S3,12.484,0,S3,site_s3,S3,S3,S3,150.5,0.0,0.0,41.8,1,1,1,,
1786353194.798,c1,search,,0.0,31.1,20.71,6.44,S3,0,,0,4474.0,obs,904,31.1,20.71,10.98,S3,31.1,20.71,10.98,S3,31.1,20.71,6.44,S3,12.484,0,S3,site_s3,S3,S3,S3,226.0,0.0,0.0,267.8,1,1,1,,
1786353194.798,c1,recommend,,0.0,26.76,14.03,2.36,S3,0,,0,200.0,obs,1210,26.76,14.03,4.0,S3,26.76,14.03,4.0,S3,26.76,14.03,2.36,S3,12.484,0,S3,site_s3,S3,S3,S3,302.5,0.0,0.0,321.7,1,1,1,,
1786353194.798,c2,reserve,,0.0,26.34,13.67,1.68,S3,0,,0,36.0,obs,602,26.34,13.67,3.65,S3,26.34,13.67,3.65,S3,26.34,13.67,1.68,S3,12.484,0,S3,site_s3,S3,S3,S3,150.5,0.0,0.0,363.5,1,1,1,,
1786353194.798,c2,search,,0.0,31.1,20.71,6.44,S3,0,,0,4474.0,obs,904,31.1,20.71,10.98,S3,31.1,20.71,10.98,S3,31.1,20.71,6.44,S3,12.484,0,S3,site_s3,S3,S3,S3,226.0,0.0,0.0,589.5,1,1,1,,
1786353194.798,c2,recommend,,0.0,26.76,14.03,2.36,S3,0,,0,200.0,obs,1210,26.76,14.03,4.0,S3,26.76,14.03,4.0,S3,26.76,14.03,2.36,S3,12.484,0,S3,site_s3,S3,S3,S3,302.5,0.0,0.0,643.4,1,1,1,,
1786353195.798,c1,reserve,,0.0,26.34,13.67,1.53,S3,0,,0,36.0,obs,607,26.34,13.67,3.65,S3,26.34,13.67,3.65,S3,26.34,13.67,1.53,S3,12.509,0,S3,site_s3,S3,S3,S3,152.0,0.0,0.0,42.3,1,1,1,,
1786353195.798,c1,search,,0.0,31.1,20.71,6.01,S3,0,,0,4474.0,obs,903,31.1,20.71,10.98,S3,31.1,20.71,10.98,S3,31.1,20.71,6.01,S3,12.509,0,S3,site_s3,S3,S3,S3,226.0,0.0,0.0,268.3,1,1,1,,
1786353195.798,c1,recommend,,0.0,26.76,14.03,2.2,S3,0,,0,200.0,obs,1210,26.76,14.03,4.0,S3,26.76,14.03,4.0,S3,26.76,14.03,2.2,S3,12.509,0,S3,site_s3,S3,S3,S3,302.0,0.0,0.0,322.0,1,1,1,,
1786353195.798,c2,reserve,,0.0,26.34,13.67,1.53,S3,0,,0,36.0,obs,607,26.34,13.67,3.65,S3,26.34,13.67,3.65,S3,26.34,13.67,1.53,S3,12.509,0,S3,site_s3,S3,S3,S3,151.5,0.0,0.0,364.1,1,1,1,,
1786353195.798,c2,search,,0.0,31.1,20.71,6.01,S3,0,,0,4474.0,obs,903,31.1,20.71,10.98,S3,31.1,20.71,10.98,S3,31.1,20.71,6.01,S3,12.509,0,S3,site_s3,S3,S3,S3,225.5,0.0,0.0,589.6,1,1,1,,
1786353195.798,c2,recommend,,0.0,26.76,14.03,2.2,S3,0,,0,200.0,obs,1210,26.76,14.03,4.0,S3,26.76,14.03,4.0,S3,26.76,14.03,2.2,S3,12.509,0,S3,site_s3,S3,S3,S3,303.0,0.0,0.0,643.6,1,1,1,,
1786353196.798,c1,reserve,,0.0,26.34,13.67,1.68,S3,0,,0,36.0,obs,604,26.34,13.67,3.65,S3,26.34,13.67,3.65,S3,26.34,13.67,1.68,S3,12.497,0,S3,site_s3,S3,S3,S3,150.5,0.0,0.0,41.8,1,1,1,,
1786353196.798,c1,search,,0.0,31.1,20.71,6.45,S3,0,,0,4474.0,obs,910,31.1,20.71,10.98,S3,31.1,20.71,10.98,S3,31.1,20.71,6.45,S3,12.497,0,S3,site_s3,S3,S3,S3,228.0,0.0,0.0,269.8,1,1,1,,
1786353196.798,c1,recommend,,0.0,26.76,14.03,2.34,S3,0,,0,200.0,obs,1213,26.76,14.03,4.0,S3,26.76,14.03,4.0,S3,26.76,14.03,2.34,S3,12.497,0,S3,site_s3,S3,S3,S3,303.5,0.0,0.0,323.9,1,1,1,,
1786353196.798,c2,reserve,,0.0,26.34,13.67,1.68,S3,0,,0,36.0,obs,604,26.34,13.67,3.65,S3,26.34,13.67,3.65,S3,26.34,13.67,1.68,S3,12.497,0,S3,site_s3,S3,S3,S3,151.5,0.0,0.0,366.0,1,1,1,,
1786353196.798,c2,search,,0.0,31.1,20.71,6.45,S3,0,,0,4474.0,obs,910,31.1,20.71,10.98,S3,31.1,20.71,10.98,S3,31.1,20.71,6.45,S3,12.497,0,S3,site_s3,S3,S3,S3,226.5,0.0,0.0,592.5,1,1,1,,
1786353196.798,c2,recommend,,0.0,26.76,14.03,2.34,S3,0,,0,200.0,obs,1213,26.76,14.03,4.0,S3,26.76,14.03,4.0,S3,26.76,14.03,2.34,S3,12.497,0,S3,site_s3,S3,S3,S3,303.0,0.0,0.0,646.4,1,1,1,,
1786353197.798,c1,reserve,,0.0,26.34,13.67,0.49,S3,0,,0,36.0,obs,606,26.34,13.67,3.65,S3,26.34,13.67,3.65,S3,26.34,13.67,0.49,S3,12.556,0,S3,site_s3,S3,S3,S3,151.5,0.0,0.0,42.1,1,1,1,,
1786353197.798,c1,search,,0.0,31.1,20.71,2.64,S3,0,,0,4474.0,obs,907,31.1,20.71,10.98,S3,31.1,20.71,10.98,S3,31.1,20.71,2.64,S3,12.556,0,S3,site_s3,S3,S3,S3,227.0,0.0,0.0,269.1,1,1,1,,
1786353197.798,c1,recommend,,0.0,26.76,14.03,1.8,S3,0,,0,200.0,obs,1216,26.76,14.03,4.0,S3,26.76,14.03,4.0,S3,26.76,14.03,1.8,S3,12.556,0,S3,site_s3,S3,S3,S3,304.0,0.0,0.0,323.2,1,1,1,,
1786353197.798,c2,reserve,,0.0,26.34,13.67,0.49,S3,0,,0,36.0,obs,606,26.34,13.67,3.65,S3,26.34,13.67,3.65,S3,26.34,13.67,0.49,S3,12.556,0,S3,site_s3,S3,S3,S3,151.5,0.0,0.0,365.3,1,1,1,,
1786353197.798,c2,search,,0.0,31.1,20.71,2.64,S3,0,,0,4474.0,obs,907,31.1,20.71,10.98,S3,31.1,20.71,10.98,S3,31.1,20.71,2.64,S3,12.556,0,S3,site_s3,S3,S3,S3,226.5,0.0,0.0,591.8,1,1,1,,
1786353197.798,c2,recommend,,0.0,26.76,14.03,1.8,S3,0,,0,200.0,obs,1216,26.76,14.03,4.0,S3,26.76,14.03,4.0,S3,26.76,14.03,1.8,S3,12.556,0,S3,site_s3,S3,S3,S3,304.0,0.0,0.0,646.0,1,1,1,,
1786353198.799,c1,reserve,,0.0,26.34,13.67,0.74,S3,0,,0,36.0,obs,608,26.34,13.67,3.65,S3,26.34,13.67,3.65,S3,26.34,13.67,0.74,S3,13.456,0,S3,site_s3,S3,S3,S3,152.0,0.0,0.0,42.3,1,1,1,,
1786353198.799,c1,search,,0.0,31.1,20.71,4.84,S3,0,,0,4474.0,obs,912,31.1,20.71,10.98,S3,31.1,20.71,10.98,S3,31.1,20.71,4.84,S3,13.456,0,S3,site_s3,S3,S3,S3,228.0,0.0,0.0,270.3,1,1,1,,
1786353198.799,c1,recommend,,0.0,26.76,14.03,1.86,S3,0,,0,200.0,obs,1216,26.76,14.03,4.0,S3,26.76,14.03,4.0,S3,26.76,14.03,1.86,S3,13.456,0,S3,site_s3,S3,S3,S3,304.0,0.0,0.0,324.4,1,1,1,,
1786353198.799,c2,reserve,,0.0,26.34,13.67,0.74,S3,0,,0,36.0,obs,608,26.34,13.67,3.65,S3,26.34,13.67,3.65,S3,26.34,13.67,0.74,S3,13.456,0,S3,site_s3,S3,S3,S3,152.0,0.0,0.0,366.6,1,1,1,,
1786353198.799,c2,search,,0.0,31.1,20.71,4.84,S3,0,,0,4474.0,obs,912,31.1,20.71,10.98,S3,31.1,20.71,10.98,S3,31.1,20.71,4.84,S3,13.456,0,S3,site_s3,S3,S3,S3,228.0,0.0,0.0,594.6,1,1,1,,
1786353198.799,c2,recommend,,0.0,26.76,14.03,1.86,S3,0,,0,200.0,obs,1216,26.76,14.03,4.0,S3,26.76,14.03,4.0,S3,26.76,14.03,1.86,S3,13.456,0,S3,site_s3,S3,S3,S3,304.0,0.0,0.0,648.7,1,1,1,,
1786353199.799,c1,reserve,,0.0,26.34,13.67,1.47,S3,0,,0,36.0,obs,608,26.34,13.67,3.65,S3,26.34,13.67,3.65,S3,26.34,13.67,1.47,S3,13.606,0,S3,site_s3,S3,S3,S3,152.0,0.0,0.0,42.3,1,1,1,,
1786353199.799,c1,search,,0.0,31.1,20.71,6.32,S3,0,,0,4474.0,obs,909,31.1,20.71,10.98,S3,31.1,20.71,10.98,S3,31.1,20.71,6.32,S3,13.606,0,S3,site_s3,S3,S3,S3,227.5,0.0,0.0,269.8,1,1,1,,
1786353199.799,c1,recommend,,0.0,26.76,14.03,2.23,S3,0,,0,200.0,obs,1218,26.76,14.03,4.0,S3,26.76,14.03,4.0,S3,26.76,14.03,2.23,S3,13.606,0,S3,site_s3,S3,S3,S3,304.5,0.0,0.0,324.0,1,1,1,,
1786353199.799,c2,reserve,,0.0,26.34,13.67,1.47,S3,0,,0,36.0,obs,608,26.34,13.67,3.65,S3,26.34,13.67,3.65,S3,26.34,13.67,1.47,S3,13.606,0,S3,site_s3,S3,S3,S3,152.0,0.0,0.0,366.2,1,1,1,,
1786353199.799,c2,search,,0.0,31.1,20.71,6.32,S3,0,,0,4474.0,obs,909,31.1,20.71,10.98,S3,31.1,20.71,10.98,S3,31.1,20.71,6.32,S3,13.606,0,S3,site_s3,S3,S3,S3,227.0,0.0,0.0,593.2,1,1,1,,
1786353199.799,c2,recommend,,0.0,26.76,14.03,2.23,S3,0,,0,200.0,obs,1218,26.76,14.03,4.0,S3,26.76,14.03,4.0,S3,26.76,14.03,2.23,S3,13.606,0,S3,site_s3,S3,S3,S3,304.5,0.0,0.0,647.4,1,1,1,,
1786353200.798,c1,reserve,,0.0,26.34,13.67,1.45,S3,0,,0,36.0,obs,610,26.34,13.67,3.65,S3,26.34,13.67,3.65,S3,26.34,13.67,1.45,S3,12.561,0,S3,site_s3,S3,S3,S3,152.5,0.0,0.0,42.4,1,1,1,,
1786353200.798,c1,search,,0.0,31.1,20.71,6.18,S3,0,,0,4474.0,obs,912,31.1,20.71,10.98,S3,31.1,20.71,10.98,S3,31.1,20.71,6.18,S3,12.561,0,S3,site_s3,S3,S3,S3,228.0,0.0,0.0,270.4,1,1,1,,
1786353200.798,c1,recommend,,0.0,26.76,14.03,2.28,S3,0,,0,200.0,obs,1215,26.76,14.03,4.0,S3,26.76,14.03,4.0,S3,26.76,14.03,2.28,S3,12.561,0,S3,site_s3,S3,S3,S3,304.0,0.0,0.0,324.5,1,1,1,,
1786353200.798,c2,reserve,,0.0,26.34,13.67,1.45,S3,0,,0,36.0,obs,610,26.34,13.67,3.65,S3,26.34,13.67,3.65,S3,26.34,13.67,1.45,S3,12.561,0,S3,site_s3,S3,S3,S3,152.5,0.0,0.0,366.9,1,1,1,,
1786353200.798,c2,search,,0.0,31.1,20.71,6.18,S3,0,,0,4474.0,obs,912,31.1,20.71,10.98,S3,31.1,20.71,10.98,S3,31.1,20.71,6.18,S3,12.561,0,S3,site_s3,S3,S3,S3,228.0,0.0,0.0,594.9,1,1,1,,
1786353200.798,c2,recommend,,0.0,26.76,14.03,2.28,S3,0,,0,200.0,obs,1215,26.76,14.03,4.0,S3,26.76,14.03,4.0,S3,26.76,14.03,2.28,S3,12.561,0,S3,site_s3,S3,S3,S3,303.5,0.0,0.0,648.9,1,1,1,,
1786353201.798,c1,reserve,,0.0,26.34,13.67,1.7,S3,0,,0,36.0,obs,608,26.34,13.67,3.65,S3,26.34,13.67,3.65,S3,26.34,13.67,1.7,S3,12.601,0,S3,site_s3,S3,S3,S3,152.0,0.0,0.0,42.3,1,1,1,,
1786353201.798,c1,search,,0.0,31.1,20.71,6.19,S3,0,,0,4474.0,obs,914,31.1,20.71,10.98,S3,31.1,20.71,10.98,S3,31.1,20.71,6.19,S3,12.601,0,S3,site_s3,S3,S3,S3,228.5,0.0,0.0,270.8,1,1,1,,
1786353201.798,c1,recommend,,0.0,26.76,14.03,2.42,S3,0,,0,200.0,obs,1226,26.76,14.03,4.0,S3,26.76,14.03,4.0,S3,26.76,14.03,2.42,S3,12.601,0,S3,site_s3,S3,S3,S3,306.5,0.0,0.0,325.3,1,1,1,,
1786353201.798,c2,reserve,,0.0,26.34,13.67,1.7,S3,0,,0,36.0,obs,608,26.34,13.67,3.65,S3,26.34,13.67,3.65,S3,26.34,13.67,1.7,S3,12.601,0,S3,site_s3,S3,S3,S3,152.0,0.0,0.0,367.6,1,1,1,,
1786353201.798,c2,search,,0.0,31.1,20.71,6.19,S3,0,,0,4474.0,obs,914,31.1,20.71,10.98,S3,31.1,20.71,10.98,S3,31.1,20.71,6.19,S3,12.601,0,S3,site_s3,S3,S3,S3,228.0,0.0,0.0,595.6,1,1,1,,
1786353201.798,c2,recommend,,0.0,26.76,14.03,2.42,S3,0,,0,200.0,obs,1226,26.76,14.03,4.0,S3,26.76,14.03,4.0,S3,26.76,14.03,2.42,S3,12.601,0,S3,site_s3,S3,S3,S3,306.5,0.0,0.0,650.1,1,1,1,,
1786353202.798,c1,reserve,,0.0,26.34,13.67,1.64,S3,0,,0,36.0,obs,614,26.34,13.67,3.65,S3,26.34,13.67,3.65,S3,26.34,13.67,1.64,S3,12.477,0,S3,site_s3,S3,S3,S3,153.5,0.0,0.0,42.7,1,1,1,,
1786353202.798,c1,search,,0.0,31.1,20.71,6.14,S3,0,,0,4474.0,obs,913,31.1,20.71,10.98,S3,31.1,20.71,10.98,S3,31.1,20.71,6.14,S3,12.477,0,S3,site_s3,S3,S3,S3,228.5,0.0,0.0,271.2,1,1,1,,
1786353202.798,c1,recommend,,0.0,26.76,14.03,2.47,S3,0,,0,200.0,obs,1220,26.76,14.03,4.0,S3,26.76,14.03,4.0,S3,26.76,14.03,2.47,S3,12.477,0,S3,site_s3,S3,S3,S3,305.0,0.0,0.0,325.5,1,1,1,,
1786353202.798,c2,reserve,,0.0,26.34,13.67,1.64,S3,0,,0,36.0,obs,614,26.34,13.67,3.65,S3,26.34,13.67,3.65,S3,26.34,13.67,1.64,S3,12.477,0,S3,site_s3,S3,S3,S3,153.5,0.0,0.0,368.1,1,1,1,,
1786353202.798,c2,search,,0.0,31.1,20.71,6.14,S3,0,,0,4474.0,obs,913,31.1,20.71,10.98,S3,31.1,20.71,10.98,S3,31.1,20.71,6.14,S3,12.477,0,S3,site_s3,S3,S3,S3,228.0,0.0,0.0,596.1,1,1,1,,
1786353202.798,c2,recommend,,0.0,26.76,14.03,2.47,S3,0,,0,200.0,obs,1220,26.76,14.03,4.0,S3,26.76,14.03,4.0,S3,26.76,14.03,2.47,S3,12.477,0,S3,site_s3,S3,S3,S3,305.0,0.0,0.0,650.4,1,1,1,,
1786353203.798,c1,reserve,,0.0,26.34,13.67,1.66,S3,0,,0,36.0,obs,611,26.34,13.67,3.65,S3,26.34,13.67,3.65,S3,26.34,13.67,1.66,S3,12.536,0,S3,site_s3,S3,S3,S3,152.5,0.0,0.0,42.4,1,1,1,,
1786353203.798,c1,search,,0.0,31.1,20.71,6.5,S3,0,,0,4474.0,obs,918,31.1,20.71,10.98,S3,31.1,20.71,10.98,S3,31.1,20.71,6.5,S3,12.536,0,S3,site_s3,S3,S3,S3,229.5,0.0,0.0,271.9,1,1,1,,
1786353203.798,c1,recommend,,0.0,26.76,14.03,2.47,S3,0,,0,200.0,obs,1225,26.76,14.03,4.0,S3,26.76,14.03,4.0,S3,26.76,14.03,2.47,S3,12.536,0,S3,site_s3,S3,S3,S3,306.5,0.0,0.0,326.5,1,1,1,,
1786353203.798,c2,reserve,,0.0,26.34,13.67,1.66,S3,0,,0,36.0,obs,611,26.34,13.67,3.65,S3,26.34,13.67,3.65,S3,26.34,13.67,1.66,S3,12.536,0,S3,site_s3,S3,S3,S3,153.0,0.0,0.0,369.0,1,1,1,,
1786353203.798,c2,search,,0.0,31.1,20.71,6.5,S3,0,,0,4474.0,obs,918,31.1,20.71,10.98,S3,31.1,20.71,10.98,S3,31.1,20.71,6.5,S3,12.536,0,S3,site_s3,S3,S3,S3,229.5,0.0,0.0,598.5,1,1,1,,
1786353203.798,c2,recommend,,0.0,26.76,14.03,2.47,S3,0,,0,200.0,obs,1225,26.76,14.03,4.0,S3,26.76,14.03,4.0,S3,26.76,14.03,2.47,S3,12.536,0,S3,site_s3,S3,S3,S3,306.0,0.0,0.0,653.0,1,1,1,,
1786353204.798,c1,reserve,,0.0,26.34,13.67,1.69,S3,0,,0,36.0,obs,613,26.34,13.67,3.65,S3,26.34,13.67,3.65,S3,26.34,13.67,1.69,S3,12.5,0,S3,site_s3,S3,S3,S3,153.5,0.0,0.0,42.7,1,1,1,,
1786353204.798,c1,search,,0.0,31.1,20.71,6.85,S3,0,,0,4474.0,obs,915,31.1,20.71,10.98,S3,31.1,20.71,10.98,S3,31.1,20.71,6.85,S3,12.5,0,S3,site_s3,S3,S3,S3,228.5,0.0,0.0,271.2,1,1,1,,
1786353204.798,c1,recommend,,0.0,26.76,14.03,2.42,S3,0,,0,200.0,obs,1228,26.76,14.03,4.0,S3,26.76,14.03,4.0,S3,26.76,14.03,2.42,S3,12.5,0,S3,site_s3,S3,S3,S3,307.0,0.0,0.0,325.8,1,1,1,,
1786353204.798,c2,reserve,,0.0,26.34,13.67,1.69,S3,0,,0,36.0,obs,613,26.34,13.67,3.65,S3,26.34,13.67,3.65,S3,26.34,13.67,1.69,S3,12.5,0,S3,site_s3,S3,S3,S3,153.0,0.0,0.0,368.4,1,1,1,,
1786353204.798,c2,search,,0.0,31.1,20.71,6.85,S3,0,,0,4474.0,obs,915,31.1,20.71,10.98,S3,31.1,20.71,10.98,S3,31.1,20.71,6.85,S3,12.5,0,S3,site_s3,S3,S3,S3,229.0,0.0,0.0,597.4,1,1,1,,
1786353204.798,c2,recommend,,0.0,26.76,14.03,2.42,S3,0,,0,200.0,obs,1228,26.76,14.03,4.0,S3,26.76,14.03,4.0,S3,26.76,14.03,2.42,S3,12.5,0,S3,site_s3,S3,S3,S3,307.0,0.0,0.0,652.0,1,1,1,,
1786353205.797,c1,reserve,,0.0,26.34,13.67,1.5,S3,0,,0,36.0,obs,587,26.34,13.67,3.65,S3,26.34,13.67,3.65,S3,26.34,13.67,1.5,S3,11.426,0,S3,site_s3,S3,S3,S3,147.0,0.0,0.0,40.9,1,1,1,,
1786353205.797,c1,search,,0.0,31.1,20.71,6.77,S3,0,,0,4474.0,obs,874,31.1,20.71,10.98,S3,31.1,20.71,10.98,S3,31.1,20.71,6.77,S3,11.426,0,S3,site_s3,S3,S3,S3,218.5,0.0,0.0,259.4,1,1,1,,
1786353205.797,c1,recommend,,0.0,26.76,14.03,2.37,S3,0,,0,200.0,obs,1161,26.76,14.03,4.0,S3,26.76,14.03,4.0,S3,26.76,14.03,2.37,S3,11.426,0,S3,site_s3,S3,S3,S3,290.0,0.0,0.0,311.0,1,1,1,,
1786353205.797,c2,reserve,,0.0,26.34,13.67,1.5,S3,0,,0,36.0,obs,587,26.34,13.67,3.65,S3,26.34,13.67,3.65,S3,26.34,13.67,1.5,S3,11.426,0,S3,site_s3,S3,S3,S3,146.5,0.0,0.0,351.7,1,1,1,,
1786353205.797,c2,search,,0.0,31.1,20.71,6.77,S3,0,,0,4474.0,obs,874,31.1,20.71,10.98,S3,31.1,20.71,10.98,S3,31.1,20.71,6.77,S3,11.426,0,S3,site_s3,S3,S3,S3,218.5,0.0,0.0,570.2,1,1,1,,
1786353205.797,c2,recommend,,0.0,26.76,14.03,2.37,S3,0,,0,200.0,obs,1161,26.76,14.03,4.0,S3,26.76,14.03,4.0,S3,26.76,14.03,2.37,S3,11.426,0,S3,site_s3,S3,S3,S3,290.5,0.0,0.0,621.9,1,1,1,,
1786353206.798,c1,reserve,,0.0,26.34,13.67,1.63,S3,0,,0,36.0,obs,581,26.34,13.67,3.65,S3,26.34,13.67,3.65,S3,26.34,13.67,1.63,S3,12.567,0,S3,site_s3,S3,S3,S3,145.5,0.0,0.0,40.4,1,1,1,,
1786353206.798,c1,search,,0.0,31.1,20.71,6.53,S3,0,,0,4474.0,obs,875,31.1,20.71,10.98,S3,31.1,20.71,10.98,S3,31.1,20.71,6.53,S3,12.567,0,S3,site_s3,S3,S3,S3,219.0,0.0,0.0,259.4,1,1,1,,
1786353206.798,c1,recommend,,0.0,26.76,14.03,2.39,S3,0,,0,200.0,obs,1171,26.76,14.03,4.0,S3,26.76,14.03,4.0,S3,26.76,14.03,2.39,S3,12.567,0,S3,site_s3,S3,S3,S3,292.5,0.0,0.0,311.5,1,1,1,,
1786353206.798,c2,reserve,,0.0,26.34,13.67,1.63,S3,0,,0,36.0,obs,581,26.34,13.67,3.65,S3,26.34,13.67,3.65,S3,26.34,13.67,1.63,S3,12.567,0,S3,site_s3,S3,S3,S3,145.0,0.0,0.0,351.8,1,1,1,,
1786353206.798,c2,search,,0.0,31.1,20.71,6.53,S3,0,,0,4474.0,obs,875,31.1,20.71,10.98,S3,31.1,20.71,10.98,S3,31.1,20.71,6.53,S3,12.567,0,S3,site_s3,S3,S3,S3,218.5,0.0,0.0,570.3,1,1,1,,
1786353206.798,c2,recommend,,0.0,26.76,14.03,2.39,S3,0,,0,200.0,obs,1171,26.76,14.03,4.0,S3,26.76,14.03,4.0,S3,26.76,14.03,2.39,S3,12.567,0,S3,site_s3,S3,S3,S3,293.0,0.0,0.0,622.5,1,1,1,,
1786353207.798,c1,reserve,,0.0,26.34,13.67,1.44,S3,0,,0,36.0,obs,588,26.34,13.67,3.65,S3,26.34,13.67,3.65,S3,26.34,13.67,1.44,S3,12.457,0,S3,site_s3,S3,S3,S3,147.0,0.0,0.0,40.9,1,1,1,,
1786353207.798,c1,search,,0.0,31.1,20.71,6.47,S3,0,,0,4474.0,obs,874,31.1,20.71,10.98,S3,31.1,20.71,10.98,S3,31.1,20.71,6.47,S3,12.457,0,S3,site_s3,S3,S3,S3,218.5,0.0,0.0,259.4,1,1,1,,
1786353207.798,c1,recommend,,0.0,26.76,14.03,2.07,S3,0,,0,200.0,obs,1168,26.76,14.03,4.0,S3,26.76,14.03,4.0,S3,26.76,14.03,2.07,S3,12.457,0,S3,site_s3,S3,S3,S3,292.0,0.0,0.0,311.3,1,1,1,,
1786353207.798,c2,reserve,,0.0,26.34,13.67,1.44,S3,0,,0,36.0,obs,588,26.34,13.67,3.65,S3,26.34,13.67,3.65,S3,26.34,13.67,1.44,S3,12.457,0,S3,site_s3,S3,S3,S3,147.0,0.0,0.0,352.2,1,1,1,,
1786353207.798,c2,search,,0.0,31.1,20.71,6.47,S3,0,,0,4474.0,obs,874,31.1,20.71,10.98,S3,31.1,20.71,10.98,S3,31.1,20.71,6.47,S3,12.457,0,S3,site_s3,S3,S3,S3,218.5,0.0,0.0,570.7,1,1,1,,
1786353207.798,c2,recommend,,0.0,26.76,14.03,2.07,S3,0,,0,200.0,obs,1168,26.76,14.03,4.0,S3,26.76,14.03,4.0,S3,26.76,14.03,2.07,S3,12.457,0,S3,site_s3,S3,S3,S3,292.0,0.0,0.0,622.7,1,1,1,,
1786353208.798,c1,reserve,,0.0,26.34,13.67,1.44,S3,0,,0,36.0,obs,584,26.34,13.67,3.65,S3,26.34,13.67,3.65,S3,26.34,13.67,1.44,S3,12.523,0,S3,site_s3,S3,S3,S3,146.0,0.0,0.0,40.6,1,1,1,,
1786353208.798,c1,search,,0.0,31.1,20.71,6.65,S3,0,,0,4474.0,obs,877,31.1,20.71,10.98,S3,31.1,20.71,10.98,S3,31.1,20.71,6.65,S3,12.523,0,S3,site_s3,S3,S3,S3,219.5,0.0,0.0,260.1,1,1,1,,
1786353208.798,c1,recommend,,0.0,26.76,14.03,2.22,S3,0,,0,200.0,obs,1174,26.76,14.03,4.0,S3,26.76,14.03,4.0,S3,26.76,14.03,2.22,S3,12.523,0,S3,site_s3,S3,S3,S3,293.5,0.0,0.0,312.3,1,1,1,,
1786353208.798,c2,reserve,,0.0,26.34,13.67,1.44,S3,0,,0,36.0,obs,584,26.34,13.67,3.65,S3,26.34,13.67,3.65,S3,26.34,13.67,1.44,S3,12.523,0,S3,site_s3,S3,S3,S3,145.5,0.0,0.0,352.8,1,1,1,,
1786353208.798,c2,search,,0.0,31.1,20.71,6.65,S3,0,,0,4474.0,obs,877,31.1,20.71,10.98,S3,31.1,20.71,10.98,S3,31.1,20.71,6.65,S3,12.523,0,S3,site_s3,S3,S3,S3,219.0,0.0,0.0,571.8,1,1,1,,
1786353208.798,c2,recommend,,0.0,26.76,14.03,2.22,S3,0,,0,200.0,obs,1174,26.76,14.03,4.0,S3,26.76,14.03,4.0,S3,26.76,14.03,2.22,S3,12.523,0,S3,site_s3,S3,S3,S3,293.5,0.0,0.0,624.0,1,1,1,,
1786353209.799,c1,reserve,,0.0,26.34,13.67,1.77,S3,0,,0,36.0,obs,591,26.34,13.67,3.65,S3,26.34,13.67,3.65,S3,26.34,13.67,1.77,S3,13.888,0,S3,site_s3,S3,S3,S3,148.0,0.0,0.0,41.1,1,1,1,,
1786353209.799,c1,search,,0.0,31.1,20.71,6.98,S3,0,,0,4474.0,obs,877,31.1,20.71,10.98,S3,31.1,20.71,10.98,S3,31.1,20.71,6.98,S3,13.888,0,S3,site_s3,S3,S3,S3,219.5,0.0,0.0,260.6,1,1,1,,
1786353209.799,c1,recommend,,0.0,26.76,14.03,2.37,S3,0,,0,200.0,obs,1170,26.76,14.03,4.0,S3,26.76,14.03,4.0,S3,26.76,14.03,2.37,S3,13.888,0,S3,site_s3,S3,S3,S3,292.5,0.0,0.0,312.7,1,1,1,,
1786353209.799,c2,reserve,,0.0,26.34,13.67,1.77,S3,0,,0,36.0,obs,591,26.34,13.67,3.65,S3,26.34,13.67,3.65,S3,26.34,13.67,1.77,S3,13.888,0,S3,site_s3,S3,S3,S3,147.5,0.0,0.0,353.7,1,1,1,,
1786353209.799,c2,search,,0.0,31.1,20.71,6.98,S3,0,,0,4474.0,obs,877,31.1,20.71,10.98,S3,31.1,20.71,10.98,S3,31.1,20.71,6.98,S3,13.888,0,S3,site_s3,S3,S3,S3,219.0,0.0,0.0,572.7,1,1,1,,
1786353209.799,c2,recommend,,0.0,26.76,14.03,2.37,S3,0,,0,200.0,obs,1170,26.76,14.03,4.0,S3,26.76,14.03,4.0,S3,26.76,14.03,2.37,S3,13.888,0,S3,site_s3,S3,S3,S3,292.5,0.0,0.0,624.8,1,1,1,,
1786353210.798,c1,reserve,,0.0,26.34,13.67,1.77,S3,0,,0,36.0,obs,585,26.34,13.67,3.65,S3,26.34,13.67,3.65,S3,26.34,13.67,1.77,S3,12.72,0,S3,site_s3,S3,S3,S3,146.5,0.0,0.0,40.7,1,1,1,,
1786353210.798,c1,search,,0.0,31.1,20.71,7.0,S3,0,,0,4474.0,obs,882,31.1,20.71,10.98,S3,31.1,20.71,10.98,S3,31.1,20.71,7.0,S3,12.72,0,S3,site_s3,S3,S3,S3,220.5,0.0,0.0,261.2,1,1,1,,
1786353210.798,c1,recommend,,0.0,26.76,14.03,2.52,S3,0,,0,200.0,obs,1175,26.76,14.03,4.0,S3,26.76,14.03,4.0,S3,26.76,14.03,2.52,S3,12.72,0,S3,site_s3,S3,S3,S3,293.5,0.0,0.0,313.5,1,1,1,,
1786353210.798,c2,reserve,,0.0,26.34,13.67,1.77,S3,0,,0,36.0,obs,585,26.34,13.67,3.65,S3,26.34,13.67,3.65,S3,26.34,13.67,1.77,S3,12.72,0,S3,site_s3,S3,S3,S3,146.0,0.0,0.0,354.1,1,1,1,,
1786353210.798,c2,search,,0.0,31.1,20.71,7.0,S3,0,,0,4474.0,obs,882,31.1,20.71,10.98,S3,31.1,20.71,10.98,S3,31.1,20.71,7.0,S3,12.72,0,S3,site_s3,S3,S3,S3,220.5,0.0,0.0,574.6,1,1,1,,
1786353210.798,c2,recommend,,0.0,26.76,14.03,2.52,S3,0,,0,200.0,obs,1175,26.76,14.03,4.0,S3,26.76,14.03,4.0,S3,26.76,14.03,2.52,S3,12.72,0,S3,site_s3,S3,S3,S3,294.0,0.0,0.0,626.9,1,1,1,,
1786353211.798,c1,reserve,,0.0,26.34,13.67,1.94,S3,0,,0,36.0,obs,589,26.34,13.67,3.65,S3,26.34,13.67,3.65,S3,26.34,13.67,1.94,S3,12.776,0,S3,site_s3,S3,S3,S3,147.5,0.0,0.0,41.0,1,1,1,,
1786353211.798,c1,search,,0.0,31.1,20.71,7.11,S3,0,,0,4474.0,obs,879,31.1,20.71,10.98,S3,31.1,20.71,10.98,S3,31.1,20.71,7.11,S3,12.776,0,S3,site_s3,S3,S3,S3,219.5,0.0,0.0,260.5,1,1,1,,
1786353211.798,c1,recommend,,0.0,26.76,14.03,2.51,S3,0,,0,200.0,obs,1179,26.76,14.03,4.0,S3,26.76,14.03,4.0,S3,26.76,14.03,2.51,S3,12.776,0,S3,site_s3,S3,S3,S3,294.5,0.0,0.0,312.9,1,1,1,,
1786353211.798,c2,reserve,,0.0,26.34,13.67,1.94,S3,0,,0,36.0,obs,589,26.34,13.67,3.65,S3,26.34,13.67,3.65,S3,26.34,13.67,1.94,S3,12.776,0,S3,site_s3,S3,S3,S3,147.0,0.0,0.0,353.8,1,1,1,,
1786353211.798,c2,search,,0.0,31.1,20.71,7.11,S3,0,,0,4474.0,obs,879,31.1,20.71,10.98,S3,31.1,20.71,10.98,S3,31.1,20.71,7.11,S3,12.776,0,S3,site_s3,S3,S3,S3,220.0,0.0,0.0,573.8,1,1,1,,
1786353211.798,c2,recommend,,0.0,26.76,14.03,2.51,S3,0,,0,200.0,obs,1179,26.76,14.03,4.0,S3,26.76,14.03,4.0,S3,26.76,14.03,2.51,S3,12.776,0,S3,site_s3,S3,S3,S3,295.0,0.0,0.0,626.3,1,1,1,,
1786353212.798,c1,reserve,,0.0,26.34,13.67,1.7,S3,0,,0,36.0,obs,591,26.34,13.67,3.65,S3,26.34,13.67,3.65,S3,26.34,13.67,1.7,S3,12.682,0,S3,site_s3,S3,S3,S3,148.0,0.0,0.0,41.1,1,1,1,,
1786353212.798,c1,search,,0.0,31.1,20.71,7.08,S3,0,,0,4474.0,obs,885,31.1,20.71,10.98,S3,31.1,20.71,10.98,S3,31.1,20.71,7.08,S3,12.682,0,S3,site_s3,S3,S3,S3,221.5,0.0,0.0,262.6,1,1,1,,
1786353212.798,c1,recommend,,0.0,26.76,14.03,2.47,S3,0,,0,200.0,obs,1175,26.76,14.03,4.0,S3,26.76,14.03,4.0,S3,26.76,14.03,2.47,S3,12.682,0,S3,site_s3,S3,S3,S3,293.5,0.0,0.0,314.9,1,1,1,,
1786353212.798,c2,reserve,,0.0,26.34,13.67,1.7,S3,0,,0,36.0,obs,591,26.34,13.67,3.65,S3,26.34,13.67,3.65,S3,26.34,13.67,1.7,S3,12.682,0,S3,site_s3,S3,S3,S3,147.5,0.0,0.0,355.9,1,1,1,,
1786353212.798,c2,search,,0.0,31.1,20.71,7.08,S3,0,,0,4474.0,obs,885,31.1,20.71,10.98,S3,31.1,20.71,10.98,S3,31.1,20.71,7.08,S3,12.682,0,S3,site_s3,S3,S3,S3,221.0,0.0,0.0,576.9,1,1,1,,
1786353212.798,c2,recommend,,0.0,26.76,14.03,2.47,S3,0,,0,200.0,obs,1175,26.76,14.03,4.0,S3,26.76,14.03,4.0,S3,26.76,14.03,2.47,S3,12.682,0,S3,site_s3,S3,S3,S3,294.0,0.0,0.0,629.2,1,1,1,,
1786353213.798,c1,reserve,,0.0,26.34,13.67,1.48,S3,0,,0,36.0,obs,588,26.34,13.67,3.65,S3,26.34,13.67,3.65,S3,26.34,13.67,1.48,S3,12.65,0,S3,site_s3,S3,S3,S3,147.0,0.0,0.0,40.9,1,1,1,,
1786353213.798,c1,search,,0.0,31.1,20.71,6.68,S3,0,,0,4474.0,obs,885,31.1,20.71,10.98,S3,31.1,20.71,10.98,S3,31.1,20.71,6.68,S3,12.65,0,S3,site_s3,S3,S3,S3,221.5,0.0,0.0,262.4,1,1,1,,
1786353213.798,c1,recommend,,0.0,26.76,14.03,2.41,S3,0,,0,200.0,obs,1184,26.76,14.03,4.0,S3,26.76,14.03,4.0,S3,26.76,14.03,2.41,S3,12.65,0,S3,site_s3,S3,S3,S3,296.0,0.0,0.0,315.1,1,1,1,,
1786353213.798,c2,reserve,,0.0,26.34,13.67,1.48,S3,0,,0,36.0,obs,588,26.34,13.67,3.65,S3,26.34,13.67,3.65,S3,26.34,13.67,1.48,S3,12.65,0,S3,site_s3,S3,S3,S3,147.0,0.0,0.0,355.9,1,1,1,,
1786353213.798,c2,search,,0.0,31.1,20.71,6.68,S3,0,,0,4474.0,obs,885,31.1,20.71,10.98,S3,31.1,20.71,10.98,S3,31.1,20.71,6.68,S3,12.65,0,S3,site_s3,S3,S3,S3,221.0,0.0,0.0,576.9,1,1,1,,
1786353213.798,c2,recommend,,0.0,26.76,14.03,2.41,S3,0,,0,200.0,obs,1184,26.76,14.03,4.0,S3,26.76,14.03,4.0,S3,26.76,14.03,2.41,S3,12.65,0,S3,site_s3,S3,S3,S3,296.0,0.0,0.0,629.6,1,1,1,,
1786353214.798,c1,reserve,,0.0,26.34,13.67,1.55,S3,0,,0,36.0,obs,594,26.34,13.67,3.65,S3,26.34,13.67,3.65,S3,26.34,13.67,1.55,S3,12.478,0,S3,site_s3,S3,S3,S3,148.5,0.0,0.0,41.3,1,1,1,,
1786353214.798,c1,search,,0.0,31.1,20.71,6.52,S3,0,,0,4474.0,obs,886,31.1,20.71,10.98,S3,31.1,20.71,10.98,S3,31.1,20.71,6.52,S3,12.478,0,S3,site_s3,S3,S3,S3,221.5,0.0,0.0,262.8,1,1,1,,
1786353214.798,c1,recommend,,0.0,26.76,14.03,2.44,S3,0,,0,200.0,obs,1179,26.76,14.03,4.0,S3,26.76,14.03,4.0,S3,26.76,14.03,2.44,S3,12.478,0,S3,site_s3,S3,S3,S3,295.0,0.0,0.0,315.3,1,1,1,,
1786353214.798,c2,reserve,,0.0,26.34,13.67,1.55,S3,0,,0,36.0,obs,594,26.34,13.67,3.65,S3,26.34,13.67,3.65,S3,26.34,13.67,1.55,S3,12.478,0,S3,site_s3,S3,S3,S3,148.5,0.0,0.0,356.6,1,1,1,,
1786353214.798,c2,search,,0.0,31.1,20.71,6.52,S3,0,,0,4474.0,obs,886,31.1,20.71,10.98,S3,31.1,20.71,10.98,S3,31.1,20.71,6.52,S3,12.478,0,S3,site_s3,S3,S3,S3,221.5,0.0,0.0,578.1,1,1,1,,
1786353214.798,c2,recommend,,0.0,26.76,14.03,2.44,S3,0,,0,200.0,obs,1179,26.76,14.03,4.0,S3,26.76,14.03,4.0,S3,26.76,14.03,2.44,S3,12.478,0,S3,site_s3,S3,S3,S3,294.5,0.0,0.0,630.5,1,1,1,,
1786353215.798,c1,reserve,,0.0,26.34,13.67,1.57,S3,0,,0,36.0,obs,588,26.34,13.67,3.65,S3,26.34,13.67,3.65,S3,26.34,13.67,1.57,S3,12.558,0,S3,site_s3,S3,S3,S3,147.0,0.0,0.0,40.9,1,1,1,,
1786353215.798,c1,search,,0.0,31.1,20.71,6.55,S3,0,,0,4474.0,obs,888,31.1,20.71,10.98,S3,31.1,20.71,10.98,S3,31.1,20.71,6.55,S3,12.558,0,S3,site_s3,S3,S3,S3,222.0,0.0,0.0,262.9,1,1,1,,
1786353215.798,c1,recommend,,0.0,26.76,14.03,2.38,S3,0,,0,200.0,obs,1188,26.76,14.03,4.0,S3,26.76,14.03,4.0,S3,26.76,14.03,2.38,S3,12.558,0,S3,site_s3,S3,S3,S3,297.0,0.0,0.0,315.7,1,1,1,,
1786353215.798,c2,reserve,,0.0,26.34,13.67,1.57,S3,0,,0,36.0,obs,588,26.34,13.67,3.65,S3,26.34,13.67,3.65,S3,26.34,13.67,1.57,S3,12.558,0,S3,site_s3,S3,S3,S3,147.0,0.0,0.0,356.6,1,1,1,,
1786353215.798,c2,search,,0.0,31.1,20.71,6.55,S3,0,,0,4474.0,obs,888,31.1,20.71,10.98,S3,31.1,20.71,10.98,S3,31.1,20.71,6.55,S3,12.558,0,S3,site_s3,S3,S3,S3,222.0,0.0,0.0,578.6,1,1,1,,
1786353215.798,c2,recommend,,0.0,26.76,14.03,2.38,S3,0,,0,200.0,obs,1188,26.76,14.03,4.0,S3,26.76,14.03,4.0,S3,26.76,14.03,2.38,S3,12.558,0,S3,site_s3,S3,S3,S3,297.0,0.0,0.0,631.5,1,1,1,,
1786353216.798,c1,reserve,,0.0,26.34,13.67,1.67,S3,0,,0,36.0,obs,596,26.34,13.67,3.65,S3,26.34,13.67,3.65,S3,26.34,13.67,1.67,S3,12.542,0,S3,site_s3,S3,S3,S3,149.0,0.0,0.0,41.4,1,1,1,,
1786353216.798,c1,search,,0.0,31.1,20.71,6.73,S3,0,,0,4474.0,obs,888,31.1,20.71,10.98,S3,31.1,20.71,10.98,S3,31.1,20.71,6.73,S3,12.542,0,S3,site_s3,S3,S3,S3,222.0,0.0,0.0,263.4,1,1,1,,
1786353216.798,c1,recommend,,0.0,26.76,14.03,2.41,S3,0,,0,200.0,obs,1186,26.76,14.03,4.0,S3,26.76,14.03,4.0,S3,26.76,14.03,2.41,S3,12.542,0,S3,site_s3,S3,S3,S3,296.5,0.0,0.0,316.2,1,1,1,,
1786353216.798,c2,reserve,,0.0,26.34,13.67,1.67,S3,0,,0,36.0,obs,596,26.34,13.67,3.65,S3,26.34,13.67,3.65,S3,26.34,13.67,1.67,S3,12.542,0,S3,site_s3,S3,S3,S3,149.0,0.0,0.0,357.6,1,1,1,,
1786353216.798,c2,search,,0.0,31.1,20.71,6.73,S3,0,,0,4474.0,obs,888,31.1,20.71,10.98,S3,31.1,20.71,10.98,S3,31.1,20.71,6.73,S3,12.542,0,S3,site_s3,S3,S3,S3,222.0,0.0,0.0,579.6,1,1,1,,
1786353216.798,c2,recommend,,0.0,26.76,14.03,2.41,S3,0,,0,200.0,obs,1186,26.76,14.03,4.0,S3,26.76,14.03,4.0,S3,26.76,14.03,2.41,S3,12.542,0,S3,site_s3,S3,S3,S3,296.5,0.0,0.0,632.4,1,1,1,,
1786353217.798,c1,reserve,,0.0,26.34,13.67,1.36,S3,0,,0,36.0,obs,592,26.34,13.67,3.65,S3,26.34,13.67,3.65,S3,26.34,13.67,1.36,S3,12.549,0,S3,site_s3,S3,S3,S3,148.0,0.0,0.0,41.1,1,1,1,,
1786353217.798,c1,search,,0.0,31.1,20.71,6.22,S3,0,,0,4474.0,obs,894,31.1,20.71,10.98,S3,31.1,20.71,10.98,S3,31.1,20.71,6.22,S3,12.549,0,S3,site_s3,S3,S3,S3,223.5,0.0,0.0,264.6,1,1,1,,
1786353217.798,c1,recommend,,0.0,26.76,14.03,2.25,S3,0,,0,200.0,obs,1190,26.76,14.03,4.0,S3,26.76,14.03,4.0,S3,26.76,14.03,2.25,S3,12.549,0,S3,site_s3,S3,S3,S3,297.5,0.0,0.0,317.6,1,1,1,,
1786353217.798,c2,reserve,,0.0,26.34,13.67,1.36,S3,0,,0,36.0,obs,592,26.34,13.67,3.65,S3,26.34,13.67,3.65,S3,26.34,13.67,1.36,S3,12.549,0,S3,site_s3,S3,S3,S3,148.0,0.0,0.0,358.7,1,1,1,,
1786353217.798,c2,search,,0.0,31.1,20.71,6.22,S3,0,,0,4474.0,obs,894,31.1,20.71,10.98,S3,31.1,20.71,10.98,S3,31.1,20.71,6.22,S3,12.549,0,S3,site_s3,S3,S3,S3,223.5,0.0,0.0,582.2,1,1,1,,
1786353217.798,c2,recommend,,0.0,26.76,14.03,2.25,S3,0,,0,200.0,obs,1190,26.76,14.03,4.0,S3,26.76,14.03,4.0,S3,26.76,14.03,2.25,S3,12.549,0,S3,site_s3,S3,S3,S3,297.5,0.0,0.0,635.2,1,1,1,,
1786353218.799,c1,reserve,,0.0,26.34,13.67,1.58,S3,0,,0,36.0,obs,596,26.34,13.67,3.65,S3,26.34,13.67,3.65,S3,26.34,13.67,1.58,S3,13.557,0,S3,site_s3,S3,S3,S3,149.0,0.0,0.0,41.4,1,1,1,,
1786353218.799,c1,search,,0.0,31.1,20.71,6.22,S3,0,,0,4474.0,obs,889,31.1,20.71,10.98,S3,31.1,20.71,10.98,S3,31.1,20.71,6.22,S3,13.557,0,S3,site_s3,S3,S3,S3,222.5,0.0,0.0,263.9,1,1,1,,
1786353218.799,c1,recommend,,0.0,26.76,14.03,2.33,S3,0,,0,200.0,obs,1192,26.76,14.03,4.0,S3,26.76,14.03,4.0,S3,26.76,14.03,2.33,S3,13.557,0,S3,site_s3,S3,S3,S3,298.0,0.0,0.0,317.0,1,1,1,,
1786353218.799,c2,reserve,,0.0,26.34,13.67,1.58,S3,0,,0,36.0,obs,596,26.34,13.67,3.65,S3,26.34,13.67,3.65,S3,26.34,13.67,1.58,S3,13.557,0,S3,site_s3,S3,S3,S3,149.0,0.0,0.0,358.4,1,1,1,,
1786353218.799,c2,search,,0.0,31.1,20.71,6.22,S3,0,,0,4474.0,obs,889,31.1,20.71,10.98,S3,31.1,20.71,10.98,S3,31.1,20.71,6.22,S3,13.557,0,S3,site_s3,S3,S3,S3,222.0,0.0,0.0,580.4,1,1,1,,
1786353218.799,c2,recommend,,0.0,26.76,14.03,2.33,S3,0,,0,200.0,obs,1192,26.76,14.03,4.0,S3,26.76,14.03,4.0,S3,26.76,14.03,2.33,S3,13.557,0,S3,site_s3,S3,S3,S3,298.0,0.0,0.0,633.4,1,1,1,,
1786353219.799,c1,reserve,,0.0,26.34,13.67,2.02,S3,0,,0,36.0,obs,596,26.34,13.67,3.65,S3,26.34,13.67,3.65,S3,26.34,13.67,2.02,S3,13.396,0,S3,site_s3,S3,S3,S3,148.5,0.0,0.0,41.3,1,1,1,,
1786353219.799,c1,search,,0.0,31.1,20.71,7.3,S3,0,,0,4474.0,obs,895,31.1,20.71,10.98,S3,31.1,20.71,10.98,S3,31.1,20.71,7.3,S3,13.396,0,S3,site_s3,S3,S3,S3,224.0,0.0,0.0,265.3,1,1,1,,
1786353219.799,c1,recommend,,0.0,26.76,14.03,2.46,S3,0,,0,200.0,obs,1189,26.76,14.03,4.0,S3,26.76,14.03,4.0,S3,26.76,14.03,2.46,S3,13.396,0,S3,site_s3,S3,S3,S3,297.5,0.0,0.0,318.2,1,1,1,,
1786353219.799,c2,reserve,,0.0,26.34,13.67,2.02,S3,0,,0,36.0,obs,596,26.34,13.67,3.65,S3,26.34,13.67,3.65,S3,26.34,13.67,2.02,S3,13.396,0,S3,site_s3,S3,S3,S3,149.5,0.0,0.0,359.8,1,1,1,,
1786353219.799,c2,search,,0.0,31.1,20.71,7.3,S3,0,,0,4474.0,obs,895,31.1,20.71,10.98,S3,31.1,20.71,10.98,S3,31.1,20.71,7.3,S3,13.396,0,S3,site_s3,S3,S3,S3,223.5,0.0,0.0,583.3,1,1,1,,
1786353219.799,c2,recommend,,0.0,26.76,14.03,2.46,S3,0,,0,200.0,obs,1189,26.76,14.03,4.0,S3,26.76,14.03,4.0,S3,26.76,14.03,2.46,S3,13.396,0,S3,site_s3,S3,S3,S3,297.0,0.0,0.0,636.2,1,1,1,,
1786353220.798,c1,reserve,,0.0,26.34,13.67,1.36,S3,0,,0,36.0,obs,593,26.34,13.67,3.65,S3,26.34,13.67,3.65,S3,26.34,13.67,1.36,S3,12.482,0,S3,site_s3,S3,S3,S3,148.0,0.0,0.0,41.1,1,1,1,,
1786353220.798,c1,search,,0.0,31.1,20.71,5.85,S3,0,,0,4474.0,obs,893,31.1,20.71,10.98,S3,31.1,20.71,10.98,S3,31.1,20.71,5.85,S3,12.482,0,S3,site_s3,S3,S3,S3,223.0,0.0,0.0,264.1,1,1,1,,
1786353220.798,c1,recommend,,0.0,26.76,14.03,1.95,S3,0,,0,200.0,obs,1197,26.76,14.03,4.0,S3,26.76,14.03,4.0,S3,26.76,14.03,1.95,S3,12.482,0,S3,site_s3,S3,S3,S3,299.5,0.0,0.0,317.5,1,1,1,,
1786353220.798,c2,reserve,,0.0,26.34,13.67,1.36,S3,0,,0,36.0,obs,593,26.34,13.67,3.65,S3,26.34,13.67,3.65,S3,26.34,13.67,1.36,S3,12.482,0,S3,site_s3,S3,S3,S3,148.5,0.0,0.0,358.7,1,1,1,,
1786353220.798,c2,search,,0.0,31.1,20.71,5.85,S3,0,,0,4474.0,obs,893,31.1,20.71,10.98,S3,31.1,20.71,10.98,S3,31.1,20.71,5.85,S3,12.482,0,S3,site_s3,S3,S3,S3,223.5,0.0,0.0,582.2,1,1,1,,
1786353220.798,c2,recommend,,0.0,26.76,14.03,1.95,S3,0,,0,200.0,obs,1197,26.76,14.03,4.0,S3,26.76,14.03,4.0,S3,26.76,14.03,1.95,S3,12.482,0,S3,site_s3,S3,S3,S3,299.0,0.0,0.0,635.5,1,1,1,,
1786353221.798,c1,reserve,,0.0,26.34,13.67,1.09,S3,0,,0,36.0,obs,601,26.34,13.67,3.65,S3,26.34,13.67,3.65,S3,26.34,13.67,1.09,S3,12.515,0,S3,site_s3,S3,S3,S3,150.5,0.0,0.0,41.8,1,1,1,,
1786353221.798,c1,search,,0.0,31.1,20.71,5.24,S3,0,,0,4474.0,obs,896,31.1,20.71,10.98,S3,31.1,20.71,10.98,S3,31.1,20.71,5.24,S3,12.515,0,S3,site_s3,S3,S3,S3,224.0,0.0,0.0,265.8,1,1,1,,
1786353221.798,c1,recommend,,0.0,26.76,14.03,1.96,S3,0,,0,200.0,obs,1193,26.76,14.03,4.0,S3,26.76,14.03,4.0,S3,26.76,14.03,1.96,S3,12.515,0,S3,site_s3,S3,S3,S3,298.0,0.0,0.0,318.9,1,1,1,,
1786353221.798,c2,reserve,,0.0,26.34,13.67,1.09,S3,0,,0,36.0,obs,601,26.34,13.67,3.65,S3,26.34,13.67,3.65,S3,26.34,13.67,1.09,S3,12.515,0,S3,site_s3,S3,S3,S3,150.0,0.0,0.0,360.6,1,1,1,,
1786353221.798,c2,search,,0.0,31.1,20.71,5.24,S3,0,,0,4474.0,obs,896,31.1,20.71,10.98,S3,31.1,20.71,10.98,S3,31.1,20.71,5.24,S3,12.515,0,S3,site_s3,S3,S3,S3,224.0,0.0,0.0,584.6,1,1,1,,
1786353221.798,c2,recommend,,0.0,26.76,14.03,1.96,S3,0,,0,200.0,obs,1193,26.76,14.03,4.0,S3,26.76,14.03,4.0,S3,26.76,14.03,1.96,S3,12.515,0,S3,site_s3,S3,S3,S3,298.0,0.0,0.0,637.6,1,1,1,,
1786353222.798,c1,reserve,,0.0,26.34,13.67,1.71,S3,0,,0,36.0,obs,595,26.34,13.67,3.65,S3,26.34,13.67,3.65,S3,26.34,13.67,1.71,S3,12.465,0,S3,site_s3,S3,S3,S3,149.0,0.0,0.0,41.4,1,1,1,,
1786353222.798,c1,search,,0.0,31.1,20.71,6.67,S3,0,,0,4474.0,obs,896,31.1,20.71,10.98,S3,31.1,20.71,10.98,S3,31.1,20.71,6.67,S3,12.465,0,S3,site_s3,S3,S3,S3,224.0,0.0,0.0,265.4,1,1,1,,
1786353222.798,c1,recommend,,0.0,26.76,14.03,2.51,S3,0,,0,200.0,obs,1201,26.76,14.03,4.0,S3,26.76,14.03,4.0,S3,26.76,14.03,2.51,S3,12.465,0,S3,site_s3,S3,S3,S3,300.5,0.0,0.0,318.9,1,1,1,,
1786353222.798,c2,reserve,,0.0,26.34,13.67,1.71,S3,0,,0,36.0,obs,595,26.34,13.67,3.65,S3,26.34,13.67,3.65,S3,26.34,13.67,1.71,S3,12.465,0,S3,site_s3,S3,S3,S3,148.5,0.0,0.0,360.2,1,1,1,,
1786353222.798,c2,search,,0.0,31.1,20.71,6.67,S3,0,,0,4474.0,obs,896,31.1,20.71,10.98,S3,31.1,20.71,10.98,S3,31.1,20.71,6.67,S3,12.465,0,S3,site_s3,S3,S3,S3,224.0,0.0,0.0,584.2,1,1,1,,
1786353222.798,c2,recommend,,0.0,26.76,14.03,2.51,S3,0,,0,200.0,obs,1201,26.76,14.03,4.0,S3,26.76,14.03,4.0,S3,26.76,14.03,2.51,S3,12.465,0,S3,site_s3,S3,S3,S3,300.0,0.0,0.0,637.6,1,1,1,,
1786353223.799,c1,reserve,,0.0,26.34,13.67,1.89,S3,0,,0,36.0,obs,603,26.34,13.67,3.65,S3,26.34,13.67,3.65,S3,26.34,13.67,1.89,S3,13.721,0,S3,site_s3,S3,S3,S3,151.0,0.0,0.0,42.0,1,1,1,,
1786353223.799,c1,search,,0.0,31.1,20.71,6.7,S3,0,,0,4474.0,obs,897,31.1,20.71,10.98,S3,31.1,20.71,10.98,S3,31.1,20.71,6.7,S3,13.721,0,S3,site_s3,S3,S3,S3,224.0,0.0,0.0,266.0,1,1,1,,
1786353223.799,c1,recommend,,0.0,26.76,14.03,2.53,S3,0,,0,200.0,obs,1198,26.76,14.03,4.0,S3,26.76,14.03,4.0,S3,26.76,14.03,2.53,S3,13.721,0,S3,site_s3,S3,S3,S3,299.5,0.0,0.0,319.3,1,1,1,,
1786353223.799,c2,reserve,,0.0,26.34,13.67,1.89,S3,0,,0,36.0,obs,603,26.34,13.67,3.65,S3,26.34,13.67,3.65,S3,26.34,13.67,1.89,S3,13.721,0,S3,site_s3,S3,S3,S3,150.5,0.0,0.0,361.1,1,1,1,,
1786353223.799,c2,search,,0.0,31.1,20.71,6.7,S3,0,,0,4474.0,obs,897,31.1,20.71,10.98,S3,31.1,20.71,10.98,S3,31.1,20.71,6.7,S3,13.721,0,S3,site_s3,S3,S3,S3,224.5,0.0,0.0,585.6,1,1,1,,
1786353223.799,c2,recommend,,0.0,26.76,14.03,2.53,S3,0,,0,200.0,obs,1198,26.76,14.03,4.0,S3,26.76,14.03,4.0,S3,26.76,14.03,2.53,S3,13.721,0,S3,site_s3,S3,S3,S3,299.5,0.0,0.0,638.9,1,1,1,,
1786353224.798,c1,reserve,,0.0,26.34,13.67,1.78,S3,0,,0,36.0,obs,598,26.34,13.67,3.65,S3,26.34,13.67,3.65,S3,26.34,13.67,1.78,S3,12.474,0,S3,site_s3,S3,S3,S3,149.5,0.0,0.0,41.6,1,1,1,,
1786353224.798,c1,search,,0.0,31.1,20.71,6.62,S3,0,,0,4474.0,obs,900,31.1,20.71,10.98,S3,31.1,20.71,10.98,S3,31.1,20.71,6.62,S3,12.474,0,S3,site_s3,S3,S3,S3,225.0,0.0,0.0,266.6,1,1,1,,
1786353224.798,c1,recommend,,0.0,26.76,14.03,2.5,S3,0,,0,200.0,obs,1201,26.76,14.03,4.0,S3,26.76,14.03,4.0,S3,26.76,14.03,2.5,S3,12.474,0,S3,site_s3,S3,S3,S3,300.5,0.0,0.0,320.1,1,1,1,,
1786353224.798,c2,reserve,,0.0,26.34,13.67,1.78,S3,0,,0,36.0,obs,598,26.34,13.67,3.65,S3,26.34,13.67,3.65,S3,26.34,13.67,1.78,S3,12.474,0,S3,site_s3,S3,S3,S3,149.5,0.0,0.0,361.6,1,1,1,,
1786353224.798,c2,search,,0.0,31.1,20.71,6.62,S3,0,,0,4474.0,obs,900,31.1,20.71,10.98,S3,31.1,20.71,10.98,S3,31.1,20.71,6.62,S3,12.474,0,S3,site_s3,S3,S3,S3,225.0,0.0,0.0,586.6,1,1,1,,
1786353224.798,c2,recommend,,0.0,26.76,14.03,2.5,S3,0,,0,200.0,obs,1201,26.76,14.03,4.0,S3,26.76,14.03,4.0,S3,26.76,14.03,2.5,S3,12.474,0,S3,site_s3,S3,S3,S3,300.0,0.0,0.0,640.0,1,1,1,,
1786353225.798,c1,reserve,,0.0,26.34,13.67,1.78,S3,0,,0,36.0,obs,603,26.34,13.67,3.65,S3,26.34,13.67,3.65,S3,26.34,13.67,1.78,S3,12.567,0,S3,site_s3,S3,S3,S3,151.0,0.0,0.0,42.0,1,1,1,,
1786353225.798,c1,search,,0.0,31.1,20.71,6.83,S3,0,,0,4474.0,obs,898,31.1,20.71,10.98,S3,31.1,20.71,10.98,S3,31.1,20.71,6.83,S3,12.567,0,S3,site_s3,S3,S3,S3,224.5,0.0,0.0,266.5,1,1,1,,
1786353225.798,c1,recommend,,0.0,26.76,14.03,2.47,S3,0,,0,200.0,obs,1204,26.76,14.03,4.0,S3,26.76,14.03,4.0,S3,26.76,14.03,2.47,S3,12.567,0,S3,site_s3,S3,S3,S3,301.0,0.0,0.0,320.1,1,1,1,,
1786353225.798,c2,reserve,,0.0,26.34,13.67,1.78,S3,0,,0,36.0,obs,603,26.34,13.67,3.65,S3,26.34,13.67,3.65,S3,26.34,13.67,1.78,S3,12.567,0,S3,site_s3,S3,S3,S3,150.5,0.0,0.0,361.9,1,1,1,,
1786353225.798,c2,search,,0.0,31.1,20.71,6.83,S3,0,,0,4474.0,obs,898,31.1,20.71,10.98,S3,31.1,20.71,10.98,S3,31.1,20.71,6.83,S3,12.567,0,S3,site_s3,S3,S3,S3,224.5,0.0,0.0,586.4,1,1,1,,
1786353225.798,c2,recommend,,0.0,26.76,14.03,2.47,S3,0,,0,200.0,obs,1204,26.76,14.03,4.0,S3,26.76,14.03,4.0,S3,26.76,14.03,2.47,S3,12.567,0,S3,site_s3,S3,S3,S3,301.0,0.0,0.0,640.0,1,1,1,,
1786353226.798,c1,reserve,,0.0,26.34,13.67,1.8,S3,0,,0,36.0,obs,602,26.34,13.67,3.65,S3,26.34,13.67,3.65,S3,26.34,13.67,1.8,S3,12.535,0,S3,site_s3,S3,S3,S3,150.5,0.0,0.0,41.8,1,1,1,,
1786353226.798,c1,search,,0.0,31.1,20.71,6.31,S3,0,,0,4474.0,obs,904,31.1,20.71,10.98,S3,31.1,20.71,10.98,S3,31.1,20.71,6.31,S3,12.535,0,S3,site_s3,S3,S3,S3,225.5,0.0,0.0,267.3,1,1,1,,
1786353226.798,c1,recommend,,0.0,26.76,14.03,2.48,S3,0,,0,200.0,obs,1205,26.76,14.03,4.0,S3,26.76,14.03,4.0,S3,26.76,14.03,2.48,S3,12.535,0,S3,site_s3,S3,S3,S3,301.5,0.0,0.0,321.0,1,1,1,,
1786353226.798,c2,reserve,,0.0,26.34,13.67,1.8,S3,0,,0,36.0,obs,602,26.34,13.67,3.65,S3,26.34,13.67,3.65,S3,26.34,13.67,1.8,S3,12.535,0,S3,site_s3,S3,S3,S3,150.5,0.0,0.0,362.8,1,1,1,,
1786353226.798,c2,search,,0.0,31.1,20.71,6.31,S3,0,,0,4474.0,obs,904,31.1,20.71,10.98,S3,31.1,20.71,10.98,S3,31.1,20.71,6.31,S3,12.535,0,S3,site_s3,S3,S3,S3,226.5,0.0,0.0,589.3,1,1,1,,
1786353226.798,c2,recommend,,0.0,26.76,14.03,2.48,S3,0,,0,200.0,obs,1205,26.76,14.03,4.0,S3,26.76,14.03,4.0,S3,26.76,14.03,2.48,S3,12.535,0,S3,site_s3,S3,S3,S3,301.0,0.0,0.0,642.9,1,1,1,,
1786353227.799,c1,reserve,,0.0,26.34,13.67,1.53,S3,0,,0,36.0,obs,602,26.34,13.67,3.65,S3,26.34,13.67,3.65,S3,26.34,13.67,1.53,S3,13.699,0,S3,site_s3,S3,S3,S3,150.5,0.0,0.0,41.8,1,1,1,,
1786353227.799,c1,search,,0.0,31.1,20.71,5.77,S3,0,,0,4474.0,obs,901,31.1,20.71,10.98,S3,31.1,20.71,10.98,S3,31.1,20.71,5.77,S3,13.699,0,S3,site_s3,S3,S3,S3,225.0,0.0,0.0,266.8,1,1,1,,
1786353227.799,c1,recommend,,0.0,26.76,14.03,2.15,S3,0,,0,200.0,obs,1209,26.76,14.03,4.0,S3,26.76,14.03,4.0,S3,26.76,14.03,2.15,S3,13.699,0,S3,site_s3,S3,S3,S3,302.5,0.0,0.0,320.7,1,1,1,,
1786353227.799,c2,reserve,,0.0,26.34,13.67,1.53,S3,0,,0,36.0,obs,602,26.34,13.67,3.65,S3,26.34,13.67,3.65,S3,26.34,13.67,1.53,S3,13.699,0,S3,site_s3,S3,S3,S3,150.5,0.0,0.0,362.5,1,1,1,,
1786353227.799,c2,search,,0.0,31.1,20.71,5.77,S3,0,,0,4474.0,obs,901,31.1,20.71,10.98,S3,31.1,20.71,10.98,S3,31.1,20.71,5.77,S3,13.699,0,S3,site_s3,S3,S3,S3,225.5,0.0,0.0,588.0,1,1,1,,
1786353227.799,c2,recommend,,0.0,26.76,14.03,2.15,S3,0,,0,200.0,obs,1209,26.76,14.03,4.0,S3,26.76,14.03,4.0,S3,26.76,14.03,2.15,S3,13.699,0,S3,site_s3,S3,S3,S3,302.0,0.0,0.0,641.8,1,1,1,,
1786353228.798,c1,reserve,,0.0,26.34,13.67,1.53,S3,0,,0,36.0,obs,606,26.34,13.67,3.65,S3,26.34,13.67,3.65,S3,26.34,13.67,1.53,S3,12.638,0,S3,site_s3,S3,S3,S3,151.5,0.0,0.0,42.1,1,1,1,,
1786353228.798,c1,search,,0.0,31.1,20.71,6.12,S3,0,,0,4474.0,obs,906,31.1,20.71,10.98,S3,31.1,20.71,10.98,S3,31.1,20.71,6.12,S3,12.638,0,S3,site_s3,S3,S3,S3,226.5,0.0,0.0,268.6,1,1,1,,
1786353228.798,c1,recommend,,0.0,26.76,14.03,2.2,S3,0,,0,200.0,obs,1206,26.76,14.03,4.0,S3,26.76,14.03,4.0,S3,26.76,14.03,2.2,S3,12.638,0,S3,site_s3,S3,S3,S3,301.5,0.0,0.0,322.3,1,1,1,,
1786353228.798,c2,reserve,,0.0,26.34,13.67,1.53,S3,0,,0,36.0,obs,606,26.34,13.67,3.65,S3,26.34,13.67,3.65,S3,26.34,13.67,1.53,S3,12.638,0,S3,site_s3,S3,S3,S3,151.5,0.0,0.0,364.4,1,1,1,,
1786353228.798,c2,search,,0.0,31.1,20.71,6.12,S3,0,,0,4474.0,obs,906,31.1,20.71,10.98,S3,31.1,20.71,10.98,S3,31.1,20.71,6.12,S3,12.638,0,S3,site_s3,S3,S3,S3,226.5,0.0,0.0,590.9,1,1,1,,
1786353228.798,c2,recommend,,0.0,26.76,14.03,2.2,S3,0,,0,200.0,obs,1206,26.76,14.03,4.0,S3,26.76,14.03,4.0,S3,26.76,14.03,2.2,S3,12.638,0,S3,site_s3,S3,S3,S3,301.5,0.0,0.0,644.6,1,1,1,,
1786353229.799,c1,reserve,,0.0,26.34,13.67,1.81,S3,0,,0,36.0,obs,603,26.34,13.67,3.65,S3,26.34,13.67,3.65,S3,26.34,13.67,1.81,S3,13.519,0,S3,site_s3,S3,S3,S3,151.0,0.0,0.0,42.0,1,1,1,,
1786353229.799,c1,search,,0.0,31.1,20.71,6.94,S3,0,,0,4474.0,obs,906,31.1,20.71,10.98,S3,31.1,20.71,10.98,S3,31.1,20.71,6.94,S3,13.519,0,S3,site_s3,S3,S3,S3,226.5,0.0,0.0,268.5,1,1,1,,
1786353229.799,c1,recommend,,0.0,26.76,14.03,2.48,S3,0,,0,200.0,obs,1214,26.76,14.03,4.0,S3,26.76,14.03,4.0,S3,26.76,14.03,2.48,S3,13.519,0,S3,site_s3,S3,S3,S3,303.0,0.0,0.0,322.4,1,1,1,,
1786353229.799,c2,reserve,,0.0,26.34,13.67,1.81,S3,0,,0,36.0,obs,603,26.34,13.67,3.65,S3,26.34,13.67,3.65,S3,26.34,13.67,1.81,S3,13.519,0,S3,site_s3,S3,S3,S3,150.5,0.0,0.0,364.3,1,1,1,,
1786353229.799,c2,search,,0.0,31.1,20.71,6.94,S3,0,,0,4474.0,obs,906,31.1,20.71,10.98,S3,31.1,20.71,10.98,S3,31.1,20.71,6.94,S3,13.519,0,S3,site_s3,S3,S3,S3,226.5,0.0,0.0,590.8,1,1,1,,
1786353229.799,c2,recommend,,0.0,26.76,14.03,2.48,S3,0,,0,200.0,obs,1214,26.76,14.03,4.0,S3,26.76,14.03,4.0,S3,26.76,14.03,2.48,S3,13.519,0,S3,site_s3,S3,S3,S3,304.0,0.0,0.0,644.9,1,1,1,,
1786353230.799,c1,reserve,,0.0,26.34,13.67,1.67,S3,0,,0,36.0,obs,609,26.34,13.67,3.65,S3,26.34,13.67,3.65,S3,26.34,13.67,1.67,S3,13.608,0,S3,site_s3,S3,S3,S3,152.5,0.0,0.0,42.4,1,1,1,,
1786353230.799,c1,search,,0.0,31.1,20.71,7.0,S3,0,,0,4474.0,obs,906,31.1,20.71,10.98,S3,31.1,20.71,10.98,S3,31.1,20.71,7.0,S3,13.608,0,S3,site_s3,S3,S3,S3,226.5,0.0,0.0,268.9,1,1,1,,
1786353230.799,c1,recommend,,0.0,26.76,14.03,2.6,S3,0,,0,200.0,obs,1211,26.76,14.03,4.0,S3,26.76,14.03,4.0,S3,26.76,14.03,2.6,S3,13.608,0,S3,site_s3,S3,S3,S3,302.5,0.0,0.0,322.7,1,1,1,,
1786353230.799,c2,reserve,,0.0,26.34,13.67,1.67,S3,0,,0,36.0,obs,609,26.34,13.67,3.65,S3,26.34,13.67,3.65,S3,26.34,13.67,1.67,S3,13.608,0,S3,site_s3,S3,S3,S3,152.0,0.0,0.0,365.0,1,1,1,,
1786353230.799,c2,search,,0.0,31.1,20.71,7.0,S3,0,,0,4474.0,obs,906,31.1,20.71,10.98,S3,31.1,20.71,10.98,S3,31.1,20.71,7.0,S3,13.608,0,S3,site_s3,S3,S3,S3,226.5,0.0,0.0,591.5,1,1,1,,
1786353230.799,c2,recommend,,0.0,26.76,14.03,2.6,S3,0,,0,200.0,obs,1211,26.76,14.03,4.0,S3,26.76,14.03,4.0,S3,26.76,14.03,2.6,S3,13.608,0,S3,site_s3,S3,S3,S3,303.0,0.0,0.0,645.4,1,1,1,,
1786353231.799,c1,reserve,,0.0,26.34,13.67,1.8,S3,0,,0,36.0,obs,604,26.34,13.67,3.65,S3,26.34,13.67,3.65,S3,26.34,13.67,1.8,S3,13.608,0,S3,site_s3,S3,S3,S3,151.0,0.0,0.0,42.0,1,1,1,,
1786353231.799,c1,search,,0.0,31.1,20.71,6.81,S3,0,,0,4474.0,obs,911,31.1,20.71,10.98,S3,31.1,20.71,10.98,S3,31.1,20.71,6.81,S3,13.608,0,S3,site_s3,S3,S3,S3,228.0,0.0,0.0,270.0,1,1,1,,
1786353231.799,c1,recommend,,0.0,26.76,14.03,2.43,S3,0,,0,200.0,obs,1216,26.76,14.03,4.0,S3,26.76,14.03,4.0,S3,26.76,14.03,2.43,S3,13.608,0,S3,site_s3,S3,S3,S3,304.0,0.0,0.0,324.1,1,1,1,,
1786353231.799,c2,reserve,,0.0,26.34,13.67,1.8,S3,0,,0,36.0,obs,604,26.34,13.67,3.65,S3,26.34,13.67,3.65,S3,26.34,13.67,1.8,S3,13.608,0,S3,site_s3,S3,S3,S3,151.0,0.0,0.0,366.1,1,1,1,,
1786353231.799,c2,search,,0.0,31.1,20.71,6.81,S3,0,,0,4474.0,obs,911,31.1,20.71,10.98,S3,31.1,20.71,10.98,S3,31.1,20.71,6.81,S3,13.608,0,S3,site_s3,S3,S3,S3,227.5,0.0,0.0,593.6,1,1,1,,
1786353231.799,c2,recommend,,0.0,26.76,14.03,2.43,S3,0,,0,200.0,obs,1216,26.76,14.03,4.0,S3,26.76,14.03,4.0,S3,26.76,14.03,2.43,S3,13.608,0,S3,site_s3,S3,S3,S3,304.0,0.0,0.0,647.7,1,1,1,,
1786353232.799,c1,reserve,,0.0,26.34,13.67,1.86,S3,0,,0,36.0,obs,609,26.34,13.67,3.65,S3,26.34,13.67,3.65,S3,26.34,13.67,1.86,S3,13.425,0,S3,site_s3,S3,S3,S3,152.5,0.0,0.0,42.4,1,1,1,,
1786353232.799,c1,search,,0.0,31.1,20.71,6.74,S3,0,,0,4474.0,obs,907,31.1,20.71,10.98,S3,31.1,20.71,10.98,S3,31.1,20.71,6.74,S3,13.425,0,S3,site_s3,S3,S3,S3,227.0,0.0,0.0,269.4,1,1,1,,
1786353232.799,c1,recommend,,0.0,26.76,14.03,2.44,S3,0,,0,200.0,obs,1217,26.76,14.03,4.0,S3,26.76,14.03,4.0,S3,26.76,14.03,2.44,S3,13.425,0,S3,site_s3,S3,S3,S3,304.0,0.0,0.0,323.5,1,1,1,,
1786353232.799,c2,reserve,,0.0,26.34,13.67,1.86,S3,0,,0,36.0,obs,609,26.34,13.67,3.65,S3,26.34,13.67,3.65,S3,26.34,13.67,1.86,S3,13.425,0,S3,site_s3,S3,S3,S3,152.0,0.0,0.0,365.8,1,1,1,,
1786353232.799,c2,search,,0.0,31.1,20.71,6.74,S3,0,,0,4474.0,obs,907,31.1,20.71,10.98,S3,31.1,20.71,10.98,S3,31.1,20.71,6.74,S3,13.425,0,S3,site_s3,S3,S3,S3,226.5,0.0,0.0,592.3,1,1,1,,
1786353232.799,c2,recommend,,0.0,26.76,14.03,2.44,S3,0,,0,200.0,obs,1217,26.76,14.03,4.0,S3,26.76,14.03,4.0,S3,26.76,14.03,2.44,S3,13.425,0,S3,site_s3,S3,S3,S3,304.5,0.0,0.0,646.5,1,1,1,,
1786353233.799,c1,reserve,,0.0,26.34,13.67,1.93,S3,0,,0,36.0,obs,609,26.34,13.67,3.65,S3,26.34,13.67,3.65,S3,26.34,13.67,1.93,S3,13.411,0,S3,site_s3,S3,S3,S3,152.5,0.0,0.0,42.4,1,1,1,,
1786353233.799,c1,search,,0.0,31.1,20.71,7.0,S3,0,,0,4474.0,obs,914,31.1,20.71,10.98,S3,31.1,20.71,10.98,S3,31.1,20.71,7.0,S3,13.411,0,S3,site_s3,S3,S3,S3,228.5,0.0,0.0,270.9,1,1,1,,
1786353233.799,c1,recommend,,0.0,26.76,14.03,2.5,S3,0,,0,200.0,obs,1217,26.76,14.03,4.0,S3,26.76,14.03,4.0,S3,26.76,14.03,2.5,S3,13.411,0,S3,site_s3,S3,S3,S3,304.0,0.0,0.0,325.0,1,1,1,,
1786353233.799,c2,reserve,,0.0,26.34,13.67,1.93,S3,0,,0,36.0,obs,609,26.34,13.67,3.65,S3,26.34,13.67,3.65,S3,26.34,13.67,1.93,S3,13.411,0,S3,site_s3,S3,S3,S3,152.0,0.0,0.0,367.3,1,1,1,,
1786353233.799,c2,search,,0.0,31.1,20.71,7.0,S3,0,,0,4474.0,obs,914,31.1,20.71,10.98,S3,31.1,20.71,10.98,S3,31.1,20.71,7.0,S3,13.411,0,S3,site_s3,S3,S3,S3,228.5,0.0,0.0,595.8,1,1,1,,
1786353233.799,c2,recommend,,0.0,26.76,14.03,2.5,S3,0,,0,200.0,obs,1217,26.76,14.03,4.0,S3,26.76,14.03,4.0,S3,26.76,14.03,2.5,S3,13.411,0,S3,site_s3,S3,S3,S3,304.5,0.0,0.0,650.0,1,1,1,,
1786353234.799,c1,reserve,,0.0,26.34,13.67,1.93,S3,0,,0,36.0,obs,608,26.34,13.67,3.65,S3,26.34,13.67,3.65,S3,26.34,13.67,1.93,S3,13.773,0,S3,site_s3,S3,S3,S3,152.0,0.0,0.0,42.3,1,1,1,,
1786353234.799,c1,search,,0.0,31.1,20.71,7.0,S3,0,,0,4474.0,obs,911,31.1,20.71,10.98,S3,31.1,20.71,10.98,S3,31.1,20.71,7.0,S3,13.773,0,S3,site_s3,S3,S3,S3,228.0,0.0,0.0,270.3,1,1,1,,
1786353234.799,c1,recommend,,0.0,26.76,14.03,2.5,S3,0,,0,200.0,obs,1221,26.76,14.03,4.0,S3,26.76,14.03,4.0,S3,26.76,14.03,2.5,S3,13.773,0,S3,site_s3,S3,S3,S3,305.0,0.0,0.0,324.5,1,1,1,,
1786353234.799,c2,reserve,,0.0,26.34,13.67,1.93,S3,0,,0,36.0,obs,608,26.34,13.67,3.65,S3,26.34,13.67,3.65,S3,26.34,13.67,1.93,S3,13.773,0,S3,site_s3,S3,S3,S3,152.0,0.0,0.0,366.8,1,1,1,,
1786353234.799,c2,search,,0.0,31.1,20.71,7.0,S3,0,,0,4474.0,obs,911,31.1,20.71,10.98,S3,31.1,20.71,10.98,S3,31.1,20.71,7.0,S3,13.773,0,S3,site_s3,S3,S3,S3,227.5,0.0,0.0,594.3,1,1,1,,
1786353234.799,c2,recommend,,0.0,26.76,14.03,2.5,S3,0,,0,200.0,obs,1221,26.76,14.03,4.0,S3,26.76,14.03,4.0,S3,26.76,14.03,2.5,S3,13.773,0,S3,site_s3,S3,S3,S3,305.5,0.0,0.0,648.7,1,1,1,,
1786353235.799,c1,reserve,,0.0,26.34,13.67,1.62,S3,0,,0,36.0,obs,612,26.34,13.67,3.65,S3,26.34,13.67,3.65,S3,26.34,13.67,1.62,S3,13.474,0,S3,site_s3,S3,S3,S3,152.5,0.0,0.0,42.4,1,1,1,,
1786353235.799,c1,search,,0.0,31.1,20.71,6.41,S3,0,,0,4474.0,obs,917,31.1,20.71,10.98,S3,31.1,20.71,10.98,S3,31.1,20.71,6.41,S3,13.474,0,S3,site_s3,S3,S3,S3,229.5,0.0,0.0,271.9,1,1,1,,
1786353235.799,c1,recommend,,0.0,26.76,14.03,2.25,S3,0,,0,200.0,obs,1219,26.76,14.03,4.0,S3,26.76,14.03,4.0,S3,26.76,14.03,2.25,S3,13.474,0,S3,site_s3,S3,S3,S3,305.5,0.0,0.0,326.3,1,1,1,,
1786353235.799,c2,reserve,,0.0,26.34,13.67,1.62,S3,0,,0,36.0,obs,612,26.34,13.67,3.65,S3,26.34,13.67,3.65,S3,26.34,13.67,1.62,S3,13.474,0,S3,site_s3,S3,S3,S3,153.5,0.0,0.0,368.9,1,1,1,,
1786353235.799,c2,search,,0.0,31.1,20.71,6.41,S3,0,,0,4474.0,obs,917,31.1,20.71,10.98,S3,31.1,20.71,10.98,S3,31.1,20.71,6.41,S3,13.474,0,S3,site_s3,S3,S3,S3,229.0,0.0,0.0,597.9,1,1,1,,
1786353235.799,c2,recommend,,0.0,26.76,14.03,2.25,S3,0,,0,200.0,obs,1219,26.76,14.03,4.0,S3,26.76,14.03,4.0,S3,26.76,14.03,2.25,S3,13.474,0,S3,site_s3,S3,S3,S3,304.0,0.0,0.0,652.1,1,1,1,,
1786353236.799,c1,reserve,,0.0,26.34,13.67,1.66,S3,0,,0,36.0,obs,610,26.34,13.67,3.65,S3,26.34,13.67,3.65,S3,26.34,13.67,1.66,S3,13.447,0,S3,site_s3,S3,S3,S3,152.0,0.0,0.0,42.3,1,1,1,,
1786353236.799,c1,search,,0.0,31.1,20.71,6.34,S3,0,,0,4474.0,obs,914,31.1,20.71,10.98,S3,31.1,20.71,10.98,S3,31.1,20.71,6.34,S3,13.447,0,S3,site_s3,S3,S3,S3,228.5,0.0,0.0,270.8,1,1,1,,
1786353236.799,c1,recommend,,0.0,26.76,14.03,2.2,S3,0,,0,200.0,obs,1224,26.76,14.03,4.0,S3,26.76,14.03,4.0,S3,26.76,14.03,2.2,S3,13.447,0,S3,site_s3,S3,S3,S3,306.0,0.0,0.0,325.2,1,1,1,,
1786353236.799,c2,reserve,,0.0,26.34,13.67,1.66,S3,0,,0,36.0,obs,610,26.34,13.67,3.65,S3,26.34,13.67,3.65,S3,26.34,13.67,1.66,S3,13.447,0,S3,site_s3,S3,S3,S3,152.5,0.0,0.0,367.6,1,1,1,,
1786353236.799,c2,search,,0.0,31.1,20.71,6.34,S3,0,,0,4474.0,obs,914,31.1,20.71,10.98,S3,31.1,20.71,10.98,S3,31.1,20.71,6.34,S3,13.447,0,S3,site_s3,S3,S3,S3,228.5,0.0,0.0,596.1,1,1,1,,
1786353236.799,c2,recommend,,0.0,26.76,14.03,2.2,S3,0,,0,200.0,obs,1224,26.76,14.03,4.0,S3,26.76,14.03,4.0,S3,26.76,14.03,2.2,S3,13.447,0,S3,site_s3,S3,S3,S3,306.0,0.0,0.0,650.6,1,1,1,,
1786353237.799,c1,reserve,,0.0,26.34,13.67,1.5,S3,0,,0,36.0,obs,616,26.34,13.67,3.65,S3,26.34,13.67,3.65,S3,26.34,13.67,1.5,S3,13.584,0,S3,site_s3,S3,S3,S3,154.0,0.0,0.0,42.8,1,1,1,,
1786353237.799,c1,search,,0.0,31.1,20.71,5.9,S3,0,,0,4474.0,obs,915,31.1,20.71,10.98,S3,31.1,20.71,10.98,S3,31.1,20.71,5.9,S3,13.584,0,S3,site_s3,S3,S3,S3,228.5,0.0,0.0,271.3,1,1,1,,
1786353237.799,c1,recommend,,0.0,26.76,14.03,2.1,S3,0,,0,200.0,obs,1220,26.76,14.03,4.0,S3,26.76,14.03,4.0,S3,26.76,14.03,2.1,S3,13.584,0,S3,site_s3,S3,S3,S3,305.0,0.0,0.0,325.6,1,1,1,,
1786353237.799,c2,reserve,,0.0,26.34,13.67,1.5,S3,0,,0,36.0,obs,616,26.34,13.67,3.65,S3,26.34,13.67,3.65,S3,26.34,13.67,1.5,S3,13.584,0,S3,site_s3,S3,S3,S3,154.0,0.0,0.0,368.4,1,1,1,,
1786353237.799,c2,search,,0.0,31.1,20.71,5.9,S3,0,,0,4474.0,obs,915,31.1,20.71,10.98,S3,31.1,20.71,10.98,S3,31.1,20.71,5.9,S3,13.584,0,S3,site_s3,S3,S3,S3,229.0,0.0,0.0,597.4,1,1,1,,
1786353237.799,c2,recommend,,0.0,26.76,14.03,2.1,S3,0,,0,200.0,obs,1220,26.76,14.03,4.0,S3,26.76,14.03,4.0,S3,26.76,14.03,2.1,S3,13.584,0,S3,site_s3,S3,S3,S3,305.0,0.0,0.0,651.7,1,1,1,,
1786353238.799,c1,reserve,,0.0,26.34,13.67,1.23,S3,0,,0,36.0,obs,610,26.34,13.67,3.65,S3,26.34,13.67,3.65,S3,26.34,13.67,1.23,S3,13.569,0,S3,site_s3,S3,S3,S3,152.5,0.0,0.0,42.4,1,1,1,,
1786353238.799,c1,search,,0.0,31.1,20.71,5.77,S3,0,,0,4474.0,obs,917,31.1,20.71,10.98,S3,31.1,20.71,10.98,S3,31.1,20.71,5.77,S3,13.569,0,S3,site_s3,S3,S3,S3,229.0,0.0,0.0,271.4,1,1,1,,
1786353238.799,c1,recommend,,0.0,26.76,14.03,2.2,S3,0,,0,200.0,obs,1225,26.76,14.03,4.0,S3,26.76,14.03,4.0,S3,26.76,14.03,2.2,S3,13.569,0,S3,site_s3,S3,S3,S3,306.0,0.0,0.0,325.9,1,1,1,,
1786353238.799,c2,reserve,,0.0,26.34,13.67,1.23,S3,0,,0,36.0,obs,610,26.34,13.67,3.65,S3,26.34,13.67,3.65,S3,26.34,13.67,1.23,S3,13.569,0,S3,site_s3,S3,S3,S3,152.5,0.0,0.0,368.3,1,1,1,,
1786353238.799,c2,search,,0.0,31.1,20.71,5.77,S3,0,,0,4474.0,obs,917,31.1,20.71,10.98,S3,31.1,20.71,10.98,S3,31.1,20.71,5.77,S3,13.569,0,S3,site_s3,S3,S3,S3,229.5,0.0,0.0,597.8,1,1,1,,
1786353238.799,c2,recommend,,0.0,26.76,14.03,2.2,S3,0,,0,200.0,obs,1225,26.76,14.03,4.0,S3,26.76,14.03,4.0,S3,26.76,14.03,2.2,S3,13.569,0,S3,site_s3,S3,S3,S3,306.5,0.0,0.0,652.3,1,1,1,,
1786353239.799,c1,reserve,,0.0,26.34,13.67,1.61,S3,0,,0,36.0,obs,616,26.34,13.67,3.65,S3,26.34,13.67,3.65,S3,26.34,13.67,1.61,S3,13.525,0,S3,site_s3,S3,S3,S3,154.0,0.0,0.0,42.8,1,1,1,,
1786353239.799,c1,search,,0.0,31.1,20.71,6.84,S3,0,,0,4474.0,obs,916,31.1,20.71,10.98,S3,31.1,20.71,10.98,S3,31.1,20.71,6.84,S3,13.525,0,S3,site_s3,S3,S3,S3,229.0,0.0,0.0,271.8,1,1,1,,
1786353239.799,c1,recommend,,0.0,26.76,14.03,2.56,S3,0,,0,200.0,obs,1227,26.76,14.03,4.0,S3,26.76,14.03,4.0,S3,26.76,14.03,2.56,S3,13.525,0,S3,site_s3,S3,S3,S3,307.0,0.0,0.0,326.5,1,1,1,,
1786353239.799,c2,reserve,,0.0,26.34,13.67,1.61,S3,0,,0,36.0,obs,616,26.34,13.67,3.65,S3,26.34,13.67,3.65,S3,26.34,13.67,1.61,S3,13.525,0,S3,site_s3,S3,S3,S3,154.0,0.0,0.0,369.3,1,1,1,,
1786353239.799,c2,search,,0.0,31.1,20.71,6.84,S3,0,,0,4474.0,obs,916,31.1,20.71,10.98,S3,31.1,20.71,10.98,S3,31.1,20.71,6.84,S3,13.525,0,S3,site_s3,S3,S3,S3,229.0,0.0,0.0,598.3,1,1,1,,
1786353239.799,c2,recommend,,0.0,26.76,14.03,2.56,S3,0,,0,200.0,obs,1227,26.76,14.03,4.0,S3,26.76,14.03,4.0,S3,26.76,14.03,2.56,S3,13.525,0,S3,site_s3,S3,S3,S3,306.5,0.0,0.0,652.8,1,1,1,,
1786353240.798,c1,reserve,,0.0,26.34,13.67,1.89,S3,0,,0,36.0,obs,614,26.34,13.67,3.65,S3,26.34,13.67,3.65,S3,26.34,13.67,1.89,S3,12.49,0,S3,site_s3,S3,S3,S3,153.5,0.0,0.0,42.7,1,1,1,,
1786353240.798,c1,search,,0.0,31.1,20.71,7.05,S3,0,,0,4474.0,obs,920,31.1,20.71,10.98,S3,31.1,20.71,10.98,S3,31.1,20.71,7.05,S3,12.49,0,S3,site_s3,S3,S3,S3,230.0,0.0,0.0,272.7,1,1,1,,
1786353240.798,c1,recommend,,0.0,26.76,14.03,2.51,S3,0,,0,200.0,obs,1225,26.76,14.03,4.0,S3,26.76,14.03,4.0,S3,26.76,14.03,2.51,S3,12.49,0,S3,site_s3,S3,S3,S3,306.5,0.0,0.0,327.2,1,1,1,,
1786353240.798,c2,reserve,,0.0,26.34,13.67,1.89,S3,0,,0,36.0,obs,614,26.34,13.67,3.65,S3,26.34,13.67,3.65,S3,26.34,13.67,1.89,S3,12.49,0,S3,site_s3,S3,S3,S3,153.5,0.0,0.0,369.9,1,1,1,,
1786353240.798,c2,search,,0.0,31.1,20.71,7.05,S3,0,,0,4474.0,obs,920,31.1,20.71,10.98,S3,31.1,20.71,10.98,S3,31.1,20.71,7.05,S3,12.49,0,S3,site_s3,S3,S3,S3,230.0,0.0,0.0,599.9,1,1,1,,
1786353240.798,c2,recommend,,0.0,26.76,14.03,2.51,S3,0,,0,200.0,obs,1225,26.76,14.03,4.0,S3,26.76,14.03,4.0,S3,26.76,14.03,2.51,S3,12.49,0,S3,site_s3,S3,S3,S3,306.0,0.0,0.0,654.4,1,1,1,,
1786353241.797,c1,reserve,,0.0,26.34,13.67,1.71,S3,0,,0,36.0,obs,581,26.34,13.67,3.65,S3,26.34,13.67,3.65,S3,26.34,13.67,1.71,S3,11.439,0,S3,site_s3,S3,S3,S3,145.0,0.0,0.0,40.3,1,1,1,,
1786353241.797,c1,search,,0.0,31.1,20.71,6.46,S3,0,,0,4474.0,obs,871,31.1,20.71,10.98,S3,31.1,20.71,10.98,S3,31.1,20.71,6.46,S3,11.439,0,S3,site_s3,S3,S3,S3,217.5,0.0,0.0,257.8,1,1,1,,
1786353241.797,c1,recommend,,0.0,26.76,14.03,2.42,S3,0,,0,200.0,obs,1169,26.76,14.03,4.0,S3,26.76,14.03,4.0,S3,26.76,14.03,2.42,S3,11.439,0,S3,site_s3,S3,S3,S3,292.5,0.0,0.0,309.9,1,1,1,,
1786353241.797,c2,reserve,,0.0,26.34,13.67,1.71,S3,0,,0,36.0,obs,581,26.34,13.67,3.65,S3,26.34,13.67,3.65,S3,26.34,13.67,1.71,S3,11.439,0,S3,site_s3,S3,S3,S3,145.5,0.0,0.0,350.3,1,1,1,,
1786353241.797,c2,search,,0.0,31.1,20.71,6.46,S3,0,,0,4474.0,obs,871,31.1,20.71,10.98,S3,31.1,20.71,10.98,S3,31.1,20.71,6.46,S3,11.439,0,S3,site_s3,S3,S3,S3,218.0,0.0,0.0,568.3,1,1,1,,
1786353241.797,c2,recommend,,0.0,26.76,14.03,2.42,S3,0,,0,200.0,obs,1169,26.76,14.03,4.0,S3,26.76,14.03,4.0,S3,26.76,14.03,2.42,S3,11.439,0,S3,site_s3,S3,S3,S3,292.0,0.0,0.0,620.3,1,1,1,,
1786353242.798,c1,reserve,,0.0,26.34,13.67,1.1,S3,0,,0,36.0,obs,588,26.34,13.67,3.65,S3,26.34,13.67,3.65,S3,26.34,13.67,1.1,S3,12.497,0,S3,site_s3,S3,S3,S3,147.0,0.0,0.0,40.9,1,1,1,,
1786353242.798,c1,search,,0.0,31.1,20.71,5.31,S3,0,,0,4474.0,obs,874,31.1,20.71,10.98,S3,31.1,20.71,10.98,S3,31.1,20.71,5.31,S3,12.497,0,S3,site_s3,S3,S3,S3,218.5,0.0,0.0,259.4,1,1,1,,
1786353242.798,c1,recommend,,0.0,26.76,14.03,1.91,S3,0,,0,200.0,obs,1162,26.76,14.03,4.0,S3,26.76,14.03,4.0,S3,26.76,14.03,1.91,S3,12.497,0,S3,site_s3,S3,S3,S3,290.5,0.0,0.0,311.1,1,1,1,,
1786353242.798,c2,reserve,,0.0,26.34,13.67,1.1,S3,0,,0,36.0,obs,588,26.34,13.67,3.65,S3,26.34,13.67,3.65,S3,26.34,13.67,1.1,S3,12.497,0,S3,site_s3,S3,S3,S3,147.0,0.0,0.0,351.9,1,1,1,,
1786353242.798,c2,search,,0.0,31.1,20.71,5.31,S3,0,,0,4474.0,obs,874,31.1,20.71,10.98,S3,31.1,20.71,10.98,S3,31.1,20.71,5.31,S3,12.497,0,S3,site_s3,S3,S3,S3,218.5,0.0,0.0,570.4,1,1,1,,
1786353242.798,c2,recommend,,0.0,26.76,14.03,1.91,S3,0,,0,200.0,obs,1162,26.76,14.03,4.0,S3,26.76,14.03,4.0,S3,26.76,14.03,1.91,S3,12.497,0,S3,site_s3,S3,S3,S3,290.5,0.0,0.0,622.1,1,1,1,,
1786353243.798,c1,reserve,,0.0,26.34,13.67,1.2,S3,0,,0,36.0,obs,581,26.34,13.67,3.65,S3,26.34,13.67,3.65,S3,26.34,13.67,1.2,S3,12.621,0,S3,site_s3,S3,S3,S3,145.5,0.0,0.0,40.4,1,1,1,,
1786353243.798,c1,search,,0.0,31.1,20.71,5.52,S3,0,,0,4474.0,obs,875,31.1,20.71,10.98,S3,31.1,20.71,10.98,S3,31.1,20.71,5.52,S3,12.621,0,S3,site_s3,S3,S3,S3,218.5,0.0,0.0,258.9,1,1,1,,
1786353243.798,c1,recommend,,0.0,26.76,14.03,2.16,S3,0,,0,200.0,obs,1171,26.76,14.03,4.0,S3,26.76,14.03,4.0,S3,26.76,14.03,2.16,S3,12.621,0,S3,site_s3,S3,S3,S3,292.5,0.0,0.0,311.0,1,1,1,,
1786353243.798,c2,reserve,,0.0,26.34,13.67,1.2,S3,0,,0,36.0,obs,581,26.34,13.67,3.65,S3,26.34,13.67,3.65,S3,26.34,13.67,1.2,S3,12.621,0,S3,site_s3,S3,S3,S3,145.0,0.0,0.0,351.3,1,1,1,,
1786353243.798,c2,search,,0.0,31.1,20.71,5.52,S3,0,,0,4474.0,obs,875,31.1,20.71,10.98,S3,31.1,20.71,10.98,S3,31.1,20.71,5.52,S3,12.621,0,S3,site_s3,S3,S3,S3,219.0,0.0,0.0,570.3,1,1,1,,
1786353243.798,c2,recommend,,0.0,26.76,14.03,2.16,S3,0,,0,200.0,obs,1171,26.76,14.03,4.0,S3,26.76,14.03,4.0,S3,26.76,14.03,2.16,S3,12.621,0,S3,site_s3,S3,S3,S3,293.0,0.0,0.0,622.5,1,1,1,,
1786353244.798,c1,reserve,,0.0,26.34,13.67,1.71,S3,0,,0,36.0,obs,587,26.34,13.67,3.65,S3,26.34,13.67,3.65,S3,26.34,13.67,1.71,S3,12.439,0,S3,site_s3,S3,S3,S3,147.0,0.0,0.0,40.9,1,1,1,,
1786353244.798,c1,search,,0.0,31.1,20.71,6.35,S3,0,,0,4474.0,obs,873,31.1,20.71,10.98,S3,31.1,20.71,10.98,S3,31.1,20.71,6.35,S3,12.439,0,S3,site_s3,S3,S3,S3,218.0,0.0,0.0,258.9,1,1,1,,
1786353244.798,c1,recommend,,0.0,26.76,14.03,2.44,S3,0,,0,200.0,obs,1167,26.76,14.03,4.0,S3,26.76,14.03,4.0,S3,26.76,14.03,2.44,S3,12.439,0,S3,site_s3,S3,S3,S3,291.5,0.0,0.0,310.8,1,1,1,,
1786353244.798,c2,reserve,,0.0,26.34,13.67,1.71,S3,0,,0,36.0,obs,587,26.34,13.67,3.65,S3,26.34,13.67,3.65,S3,26.34,13.67,1.71,S3,12.439,0,S3,site_s3,S3,S3,S3,146.5,0.0,0.0,351.5,1,1,1,,
1786353244.798,c2,search,,0.0,31.1,20.71,6.35,S3,0,,0,4474.0,obs,873,31.1,20.71,10.98,S3,31.1,20.71,10.98,S3,31.1,20.71,6.35,S3,12.439,0,S3,site_s3,S3,S3,S3,218.5,0.0,0.0,570.0,1,1,1,,
1786353244.798,c2,recommend,,0.0,26.76,14.03,2.44,S3,0,,0,200.0,obs,1167,26.76,14.03,4.0,S3,26.76,14.03,4.0,S3,26.76,14.03,2.44,S3,12.439,0,S3,site_s3,S3,S3,S3,292.0,0.0,0.0,622.0,1,1,1,,
1786353245.798,c1,reserve,,0.0,26.34,13.67,1.61,S3,0,,0,36.0,obs,582,26.34,13.67,3.65,S3,26.34,13.67,3.65,S3,26.34,13.67,1.61,S3,12.566,0,S3,site_s3,S3,S3,S3,145.5,0.0,0.0,40.4,1,1,1,,
1786353245.798,c1,search,,0.0,31.1,20.71,6.4,S3,0,,0,4474.0,obs,879,31.1,20.71,10.98,S3,31.1,20.71,10.98,S3,31.1,20.71,6.4,S3,12.566,0,S3,site_s3,S3,S3,S3,219.5,0.0,0.0,259.9,1,1,1,,
1786353245.798,c1,recommend,,0.0,26.76,14.03,2.32,S3,0,,0,200.0,obs,1171,26.76,14.03,4.0,S3,26.76,14.03,4.0,S3,26.76,14.03,2.32,S3,12.566,0,S3,site_s3,S3,S3,S3,293.0,0.0,0.0,312.1,1,1,1,,
1786353245.798,c2,reserve,,0.0,26.34,13.67,1.61,S3,0,,0,36.0,obs,582,26.34,13.67,3.65,S3,26.34,13.67,3.65,S3,26.34,13.67,1.61,S3,12.566,0,S3,site_s3,S3,S3,S3,145.5,0.0,0.0,352.6,1,1,1,,
1786353245.798,c2,search,,0.0,31.1,20.71,6.4,S3,0,,0,4474.0,obs,879,31.1,20.71,10.98,S3,31.1,20.71,10.98,S3,31.1,20.71,6.4,S3,12.566,0,S3,site_s3,S3,S3,S3,220.0,0.0,0.0,572.6,1,1,1,,
1786353245.798,c2,recommend,,0.0,26.76,14.03,2.32,S3,0,,0,200.0,obs,1171,26.76,14.03,4.0,S3,26.76,14.03,4.0,S3,26.76,14.03,2.32,S3,12.566,0,S3,site_s3,S3,S3,S3,292.5,0.0,0.0,624.6,1,1,1,,
1786353246.798,c1,reserve,,0.0,26.34,13.67,1.58,S3,0,,0,36.0,obs,587,26.34,13.67,3.65,S3,26.34,13.67,3.65,S3,26.34,13.67,1.58,S3,12.542,0,S3,site_s3,S3,S3,S3,147.0,0.0,0.0,40.9,1,1,1,,
1786353246.798,c1,search,,0.0,31.1,20.71,6.39,S3,0,,0,4474.0,obs,875,31.1,20.71,10.98,S3,31.1,20.71,10.98,S3,31.1,20.71,6.39,S3,12.542,0,S3,site_s3,S3,S3,S3,218.5,0.0,0.0,259.4,1,1,1,,
1786353246.798,c1,recommend,,0.0,26.76,14.03,2.23,S3,0,,0,200.0,obs,1175,26.76,14.03,4.0,S3,26.76,14.03,4.0,S3,26.76,14.03,2.23,S3,12.542,0,S3,site_s3,S3,S3,S3,293.5,0.0,0.0,311.6,1,1,1,,
1786353246.798,c2,reserve,,0.0,26.34,13.67,1.58,S3,0,,0,36.0,obs,587,26.34,13.67,3.65,S3,26.34,13.67,3.65,S3,26.34,13.67,1.58,S3,12.542,0,S3,site_s3,S3,S3,S3,146.5,0.0,0.0,352.3,1,1,1,,
1786353246.798,c2,search,,0.0,31.1,20.71,6.39,S3,0,,0,4474.0,obs,875,31.1,20.71,10.98,S3,31.1,20.71,10.98,S3,31.1,20.71,6.39,S3,12.542,0,S3,site_s3,S3,S3,S3,219.0,0.0,0.0,571.3,1,1,1,,
1786353246.798,c2,recommend,,0.0,26.76,14.03,2.23,S3,0,,0,200.0,obs,1175,26.76,14.03,4.0,S3,26.76,14.03,4.0,S3,26.76,14.03,2.23,S3,12.542,0,S3,site_s3,S3,S3,S3,294.0,0.0,0.0,623.7,1,1,1,,
1786353247.798,c1,reserve,,0.0,26.34,13.67,1.07,S3,0,,0,36.0,obs,587,26.34,13.67,3.65,S3,26.34,13.67,3.65,S3,26.34,13.67,1.07,S3,12.473,0,S3,site_s3,S3,S3,S3,147.0,0.0,0.0,40.9,1,1,1,,
1786353247.798,c1,search,,0.0,31.1,20.71,6.22,S3,0,,0,4474.0,obs,884,31.1,20.71,10.98,S3,31.1,20.71,10.98,S3,31.1,20.71,6.22,S3,12.473,0,S3,site_s3,S3,S3,S3,220.5,0.0,0.0,261.4,1,1,1,,
1786353247.798,c1,recommend,,0.0,26.76,14.03,1.87,S3,0,,0,200.0,obs,1171,26.76,14.03,4.0,S3,26.76,14.03,4.0,S3,26.76,14.03,1.87,S3,12.473,0,S3,site_s3,S3,S3,S3,292.5,0.0,0.0,313.4,1,1,1,,
1786353247.798,c2,reserve,,0.0,26.34,13.67,1.07,S3,0,,0,36.0,obs,587,26.34,13.67,3.65,S3,26.34,13.67,3.65,S3,26.34,13.67,1.07,S3,12.473,0,S3,site_s3,S3,S3,S3,146.5,0.0,0.0,354.2,1,1,1,,
1786353247.798,c2,search,,0.0,31.1,20.71,6.22,S3,0,,0,4474.0,obs,884,31.1,20.71,10.98,S3,31.1,20.71,10.98,S3,31.1,20.71,6.22,S3,12.473,0,S3,site_s3,S3,S3,S3,221.0,0.0,0.0,575.2,1,1,1,,
1786353247.798,c2,recommend,,0.0,26.76,14.03,1.87,S3,0,,0,200.0,obs,1171,26.76,14.03,4.0,S3,26.76,14.03,4.0,S3,26.76,14.03,1.87,S3,12.473,0,S3,site_s3,S3,S3,S3,293.0,0.0,0.0,627.3,1,1,1,,
1786353248.798,c1,reserve,,0.0,26.34,13.67,0.92,S3,0,,0,36.0,obs,585,26.34,13.67,3.65,S3,26.34,13.67,3.65,S3,26.34,13.67,0.92,S3,12.544,0,S3,site_s3,S3,S3,S3,146.5,0.0,0.0,40.7,1,1,1,,
1786353248.798,c1,search,,0.0,31.1,20.71,5.3,S3,0,,0,4474.0,obs,880,31.1,20.71,10.98,S3,31.1,20.71,10.98,S3,31.1,20.71,5.3,S3,12.544,0,S3,site_s3,S3,S3,S3,220.0,0.0,0.0,260.7,1,1,1,,
1786353248.798,c1,recommend,,0.0,26.76,14.03,1.86,S3,0,,0,200.0,obs,1181,26.76,14.03,4.0,S3,26.76,14.03,4.0,S3,26.76,14.03,1.86,S3,12.544,0,S3,site_s3,S3,S3,S3,295.0,0.0,0.0,313.2,1,1,1,,
1786353248.798,c2,reserve,,0.0,26.34,13.67,0.92,S3,0,,0,36.0,obs,585,26.34,13.67,3.65,S3,26.34,13.67,3.65,S3,26.34,13.67,0.92,S3,12.544,0,S3,site_s3,S3,S3,S3,146.0,0.0,0.0,353.8,1,1,1,,
1786353248.798,c2,search,,0.0,31.1,20.71,5.3,S3,0,,0,4474.0,obs,880,31.1,20.71,10.98,S3,31.1,20.71,10.98,S3,31.1,20.71,5.3,S3,12.544,0,S3,site_s3,S3,S3,S3,220.0,0.0,0.0,573.8,1,1,1,,
1786353248.798,c2,recommend,,0.0,26.76,14.03,1.86,S3,0,,0,200.0,obs,1181,26.76,14.03,4.0,S3,26.76,14.03,4.0,S3,26.76,14.03,1.86,S3,12.544,0,S3,site_s3,S3,S3,S3,295.5,0.0,0.0,626.4,1,1,1,,
1786353249.799,c1,reserve,,0.0,26.34,13.67,1.3,S3,0,,0,36.0,obs,591,26.34,13.67,3.65,S3,26.34,13.67,3.65,S3,26.34,13.67,1.3,S3,13.38,0,S3,site_s3,S3,S3,S3,148.0,0.0,0.0,41.1,1,1,1,,
1786353249.799,c1,search,,0.0,31.1,20.71,5.96,S3,0,,0,4474.0,obs,882,31.1,20.71,10.98,S3,31.1,20.71,10.98,S3,31.1,20.71,5.96,S3,13.38,0,S3,site_s3,S3,S3,S3,220.5,0.0,0.0,261.6,1,1,1,,
1786353249.799,c1,recommend,,0.0,26.76,14.03,2.28,S3,0,,0,200.0,obs,1173,26.76,14.03,4.0,S3,26.76,14.03,4.0,S3,26.76,14.03,2.28,S3,13.38,0,S3,site_s3,S3,S3,S3,293.0,0.0,0.0,313.8,1,1,1,,
1786353249.799,c2,reserve,,0.0,26.34,13.67,1.3,S3,0,,0,36.0,obs,591,26.34,13.67,3.65,S3,26.34,13.67,3.65,S3,26.34,13.67,1.3,S3,13.38,0,S3,site_s3,S3,S3,S3,147.5,0.0,0.0,354.8,1,1,1,,
1786353249.799,c2,search,,0.0,31.1,20.71,5.96,S3,0,,0,4474.0,obs,882,31.1,20.71,10.98,S3,31.1,20.71,10.98,S3,31.1,20.71,5.96,S3,13.38,0,S3,site_s3,S3,S3,S3,220.5,0.0,0.0,575.3,1,1,1,,
1786353249.799,c2,recommend,,0.0,26.76,14.03,2.28,S3,0,,0,200.0,obs,1173,26.76,14.03,4.0,S3,26.76,14.03,4.0,S3,26.76,14.03,2.28,S3,13.38,0,S3,site_s3,S3,S3,S3,293.5,0.0,0.0,627.5,1,1,1,,
1786353250.799,c1,reserve,,0.0,26.34,13.67,1.82,S3,0,,0,36.0,obs,586,26.34,13.67,3.65,S3,26.34,13.67,3.65,S3,26.34,13.67,1.82,S3,13.691,0,S3,site_s3,S3,S3,S3,146.5,0.0,0.0,40.7,1,1,1,,
1786353250.799,c1,search,,0.0,31.1,20.71,6.67,S3,0,,0,4474.0,obs,884,31.1,20.71,10.98,S3,31.1,20.71,10.98,S3,31.1,20.71,6.67,S3,13.691,0,S3,site_s3,S3,S3,S3,221.0,0.0,0.0,261.7,1,1,1,,
1786353250.799,c1,recommend,,0.0,26.76,14.03,2.5,S3,0,,0,200.0,obs,1180,26.76,14.03,4.0,S3,26.76,14.03,4.0,S3,26.76,14.03,2.5,S3,13.691,0,S3,site_s3,S3,S3,S3,295.0,0.0,0.0,314.2,1,1,1,,
1786353250.799,c2,reserve,,0.0,26.34,13.67,1.82,S3,0,,0,36.0,obs,586,26.34,13.67,3.65,S3,26.34,13.67,3.65,S3,26.34,13.67,1.82,S3,13.691,0,S3,site_s3,S3,S3,S3,146.5,0.0,0.0,355.0,1,1,1,,
1786353250.799,c2,search,,0.0,31.1,20.71,6.67,S3,0,,0,4474.0,obs,884,31.1,20.71,10.98,S3,31.1,20.71,10.98,S3,31.1,20.71,6.67,S3,13.691,0,S3,site_s3,S3,S3,S3,221.0,0.0,0.0,576.0,1,1,1,,
1786353250.799,c2,recommend,,0.0,26.76,14.03,2.5,S3,0,,0,200.0,obs,1180,26.76,14.03,4.0,S3,26.76,14.03,4.0,S3,26.76,14.03,2.5,S3,13.691,0,S3,site_s3,S3,S3,S3,295.0,0.0,0.0,628.5,1,1,1,,
1786353251.799,c1,reserve,,0.0,26.34,13.67,1.95,S3,0,,0,36.0,obs,594,26.34,13.67,3.65,S3,26.34,13.67,3.65,S3,26.34,13.67,1.95,S3,13.533,0,S3,site_s3,S3,S3,S3,148.5,0.0,0.0,41.3,1,1,1,,
1786353251.799,c1,search,,0.0,31.1,20.71,6.59,S3,0,,0,4474.0,obs,881,31.1,20.71,10.98,S3,31.1,20.71,10.98,S3,31.1,20.71,6.59,S3,13.533,0,S3,site_s3,S3,S3,S3,220.5,0.0,0.0,261.8,1,1,1,,
1786353251.799,c1,recommend,,0.0,26.76,14.03,2.39,S3,0,,0,200.0,obs,1178,26.76,14.03,4.0,S3,26.76,14.03,4.0,S3,26.76,14.03,2.39,S3,13.533,0,S3,site_s3,S3,S3,S3,294.0,0.0,0.0,314.1,1,1,1,,
1786353251.799,c2,reserve,,0.0,26.34,13.67,1.95,S3,0,,0,36.0,obs,594,26.34,13.67,3.65,S3,26.34,13.67,3.65,S3,26.34,13.67,1.95,S3,13.533,0,S3,site_s3,S3,S3,S3,148.5,0.0,0.0,355.4,1,1,1,,
1786353251.799,c2,search,,0.0,31.1,20.71,6.59,S3,0,,0,4474.0,obs,881,31.1,20.71,10.98,S3,31.1,20.71,10.98,S3,31.1,20.71,6.59,S3,13.533,0,S3,site_s3,S3,S3,S3,220.0,0.0,0.0,575.4,1,1,1,,
1786353251.799,c2,recommend,,0.0,26.76,14.03,2.39,S3,0,,0,200.0,obs,1178,26.76,14.03,4.0,S3,26.76,14.03,4.0,S3,26.76,14.03,2.39,S3,13.533,0,S3,site_s3,S3,S3,S3,294.5,0.0,0.0,627.8,1,1,1,,
1786353252.799,c1,reserve,,0.0,26.34,13.67,1.64,S3,0,,0,36.0,obs,588,26.34,13.67,3.65,S3,26.34,13.67,3.65,S3,26.34,13.67,1.64,S3,13.396,0,S3,site_s3,S3,S3,S3,147.0,0.0,0.0,40.9,1,1,1,,
1786353252.799,c1,search,,0.0,31.1,20.71,6.33,S3,0,,0,4474.0,obs,886,31.1,20.71,10.98,S3,31.1,20.71,10.98,S3,31.1,20.71,6.33,S3,13.396,0,S3,site_s3,S3,S3,S3,221.5,0.0,0.0,262.4,1,1,1,,
1786353252.799,c1,recommend,,0.0,26.76,14.03,2.31,S3,0,,0,200.0,obs,1183,26.76,14.03,4.0,S3,26.76,14.03,4.0,S3,26.76,14.03,2.31,S3,13.396,0,S3,site_s3,S3,S3,S3,295.5,0.0,0.0,315.0,1,1,1,,
1786353252.799,c2,reserve,,0.0,26.34,13.67,1.64,S3,0,,0,36.0,obs,588,26.34,13.67,3.65,S3,26.34,13.67,3.65,S3,26.34,13.67,1.64,S3,13.396,0,S3,site_s3,S3,S3,S3,147.0,0.0,0.0,355.8,1,1,1,,
1786353252.799,c2,search,,0.0,31.1,20.71,6.33,S3,0,,0,4474.0,obs,886,31.1,20.71,10.98,S3,31.1,20.71,10.98,S3,31.1,20.71,6.33,S3,13.396,0,S3,site_s3,S3,S3,S3,221.5,0.0,0.0,577.3,1,1,1,,
1786353252.799,c2,recommend,,0.0,26.76,14.03,2.31,S3,0,,0,200.0,obs,1183,26.76,14.03,4.0,S3,26.76,14.03,4.0,S3,26.76,14.03,2.31,S3,13.396,0,S3,site_s3,S3,S3,S3,296.0,0.0,0.0,630.0,1,1,1,,
1786353253.799,c1,reserve,,0.0,26.34,13.67,1.79,S3,0,,0,36.0,obs,592,26.34,13.67,3.65,S3,26.34,13.67,3.65,S3,26.34,13.67,1.79,S3,13.594,0,S3,site_s3,S3,S3,S3,148.0,0.0,0.0,41.1,1,1,1,,
1786353253.799,c1,search,,0.0,31.1,20.71,6.73,S3,0,,0,4474.0,obs,881,31.1,20.71,10.98,S3,31.1,20.71,10.98,S3,31.1,20.71,6.73,S3,13.594,0,S3,site_s3,S3,S3,S3,220.0,0.0,0.0,261.1,1,1,1,,
1786353253.799,c1,recommend,,0.0,26.76,14.03,2.32,S3,0,,0,200.0,obs,1184,26.76,14.03,4.0,S3,26.76,14.03,4.0,S3,26.76,14.03,2.32,S3,13.594,0,S3,site_s3,S3,S3,S3,296.0,0.0,0.0,313.8,1,1,1,,
1786353253.799,c2,reserve,,0.0,26.34,13.67,1.79,S3,0,,0,36.0,obs,592,26.34,13.67,3.65,S3,26.34,13.67,3.65,S3,26.34,13.67,1.79,S3,13.594,0,S3,site_s3,S3,S3,S3,148.0,0.0,0.0,355.0,1,1,1,,
1786353253.799,c2,search,,0.0,31.1,20.71,6.73,S3,0,,0,4474.0,obs,881,31.1,20.71,10.98,S3,31.1,20.71,10.98,S3,31.1,20.71,6.73,S3,13.594,0,S3,site_s3,S3,S3,S3,220.5,0.0,0.0,575.5,1,1,1,,
1786353253.799,c2,recommend,,0.0,26.76,14.03,2.32,S3,0,,0,200.0,obs,1184,26.76,14.03,4.0,S3,26.76,14.03,4.0,S3,26.76,14.03,2.32,S3,13.594,0,S3,site_s3,S3,S3,S3,296.0,0.0,0.0,628.2,1,1,1,,
1786353254.799,c1,reserve,,0.0,26.34,13.67,1.74,S3,0,,0,36.0,obs,592,26.34,13.67,3.65,S3,26.34,13.67,3.65,S3,26.34,13.67,1.74,S3,13.65,0,S3,site_s3,S3,S3,S3,148.0,0.0,0.0,41.1,1,1,1,,
1786353254.799,c1,search,,0.0,31.1,20.71,6.61,S3,0,,0,4474.0,obs,888,31.1,20.71,10.98,S3,31.1,20.71,10.98,S3,31.1,20.71,6.61,S3,13.65,0,S3,site_s3,S3,S3,S3,222.0,0.0,0.0,263.1,1,1,1,,
1786353254.799,c1,recommend,,0.0,26.76,14.03,2.28,S3,0,,0,200.0,obs,1184,26.76,14.03,4.0,S3,26.76,14.03,4.0,S3,26.76,14.03,2.28,S3,13.65,0,S3,site_s3,S3,S3,S3,296.0,0.0,0.0,315.8,1,1,1,,
1786353254.799,c2,reserve,,0.0,26.34,13.67,1.74,S3,0,,0,36.0,obs,592,26.34,13.67,3.65,S3,26.34,13.67,3.65,S3,26.34,13.67,1.74,S3,13.65,0,S3,site_s3,S3,S3,S3,148.0,0.0,0.0,357.0,1,1,1,,
1786353254.799,c2,search,,0.0,31.1,20.71,6.61,S3,0,,0,4474.0,obs,888,31.1,20.71,10.98,S3,31.1,20.71,10.98,S3,31.1,20.71,6.61,S3,13.65,0,S3,site_s3,S3,S3,S3,222.0,0.0,0.0,579.0,1,1,1,,
1786353254.799,c2,recommend,,0.0,26.76,14.03,2.28,S3,0,,0,200.0,obs,1184,26.76,14.03,4.0,S3,26.76,14.03,4.0,S3,26.76,14.03,2.28,S3,13.65,0,S3,site_s3,S3,S3,S3,296.0,0.0,0.0,631.7,1,1,1,,
1786353255.799,c1,reserve,,0.0,26.34,13.67,1.64,S3,0,,0,36.0,obs,593,26.34,13.67,3.65,S3,26.34,13.67,3.65,S3,26.34,13.67,1.64,S3,13.575,0,S3,site_s3,S3,S3,S3,148.0,0.0,0.0,41.1,1,1,1,,
1786353255.799,c1,search,,0.0,31.1,20.71,6.47,S3,0,,0,4474.0,obs,885,31.1,20.71,10.98,S3,31.1,20.71,10.98,S3,31.1,20.71,6.47,S3,13.575,0,S3,site_s3,S3,S3,S3,221.0,0.0,0.0,262.1,1,1,1,,
1786353255.799,c1,recommend,,0.0,26.76,14.03,2.39,S3,0,,0,200.0,obs,1189,26.76,14.03,4.0,S3,26.76,14.03,4.0,S3,26.76,14.03,2.39,S3,13.575,0,S3,site_s3,S3,S3,S3,297.5,0.0,0.0,315.1,1,1,1,,
1786353255.799,c2,reserve,,0.0,26.34,13.67,1.64,S3,0,,0,36.0,obs,593,26.34,13.67,3.65,S3,26.34,13.67,3.65,S3,26.34,13.67,1.64,S3,13.575,0,S3,site_s3,S3,S3,S3,148.5,0.0,0.0,356.4,1,1,1,,
1786353255.799,c2,search,,0.0,31.1,20.71,6.47,S3,0,,0,4474.0,obs,885,31.1,20.71,10.98,S3,31.1,20.71,10.98,S3,31.1,20.71,6.47,S3,13.575,0,S3,site_s3,S3,S3,S3,221.5,0.0,0.0,577.9,1,1,1,,
1786353255.799,c2,recommend,,0.0,26.76,14.03,2.39,S3,0,,0,200.0,obs,1189,26.76,14.03,4.0,S3,26.76,14.03,4.0,S3,26.76,14.03,2.39,S3,13.575,0,S3,site_s3,S3,S3,S3,297.0,0.0,0.0,630.7,1,1,1,,
1786353256.799,c1,reserve,,0.0,26.34,13.67,1.65,S3,0,,0,36.0,obs,596,26.34,13.67,3.65,S3,26.34,13.67,3.65,S3,26.34,13.67,1.65,S3,13.395,0,S3,site_s3,S3,S3,S3,149.0,0.0,0.0,41.4,1,1,1,,
1786353256.799,c1,search,,0.0,31.1,20.71,6.79,S3,0,,0,4474.0,obs,889,31.1,20.71,10.98,S3,31.1,20.71,10.98,S3,31.1,20.71,6.79,S3,13.395,0,S3,site_s3,S3,S3,S3,222.0,0.0,0.0,263.4,1,1,1,,
1786353256.799,c1,recommend,,0.0,26.76,14.03,2.53,S3,0,,0,200.0,obs,1184,26.76,14.03,4.0,S3,26.76,14.03,4.0,S3,26.76,14.03,2.53,S3,13.395,0,S3,site_s3,S3,S3,S3,296.0,0.0,0.0,316.1,1,1,1,,
1786353256.799,c2,reserve,,0.0,26.34,13.67,1.65,S3,0,,0,36.0,obs,596,26.34,13.67,3.65,S3,26.34,13.67,3.65,S3,26.34,13.67,1.65,S3,13.395,0,S3,site_s3,S3,S3,S3,149.0,0.0,0.0,357.5,1,1,1,,
1786353256.799,c2,search,,0.0,31.1,20.71,6.79,S3,0,,0,4474.0,obs,889,31.1,20.71,10.98,S3,31.1,20.71,10.98,S3,31.1,20.71,6.79,S3,13.395,0,S3,site_s3,S3,S3,S3,222.5,0.0,0.0,580.0,1,1,1,,
1786353256.799,c2,recommend,,0.0,26.76,14.03,2.53,S3,0,,0,200.0,obs,1184,26.76,14.03,4.0,S3,26.76,14.03,4.0,S3,26.76,14.03,2.53,S3,13.395,0,S3,site_s3,S3,S3,S3,296.0,0.0,0.0,632.7,1,1,1,,
1786353257.799,c1,reserve,,0.0,26.34,13.67,1.45,S3,0,,0,36.0,obs,592,26.34,13.67,3.65,S3,26.34,13.67,3.65,S3,26.34,13.67,1.45,S3,13.511,0,S3,site_s3,S3,S3,S3,148.0,0.0,0.0,41.1,1,1,1,,
1786353257.799,c1,search,,0.0,31.1,20.71,6.72,S3,0,,0,4474.0,obs,889,31.1,20.71,10.98,S3,31.1,20.71,10.98,S3,31.1,20.71,6.72,S3,13.511,0,S3,site_s3,S3,S3,S3,222.0,0.0,0.0,263.1,1,1,1,,
1786353257.799,c1,recommend,,0.0,26.76,14.03,2.31,S3,0,,0,200.0,obs,1193,26.76,14.03,4.0,S3,26.76,14.03,4.0,S3,26.76,14.03,2.31,S3,13.511,0,S3,site_s3,S3,S3,S3,298.0,0.0,0.0,316.2,1,1,1,,
1786353257.799,c2,reserve,,0.0,26.34,13.67,1.45,S3,0,,0,36.0,obs,592,26.34,13.67,3.65,S3,26.34,13.67,3.65,S3,26.34,13.67,1.45,S3,13.511,0,S3,site_s3,S3,S3,S3,148.0,0.0,0.0,357.3,1,1,1,,
1786353257.799,c2,search,,0.0,31.1,20.71,6.72,S3,0,,0,4474.0,obs,889,31.1,20.71,10.98,S3,31.1,20.71,10.98,S3,31.1,20.71,6.72,S3,13.511,0,S3,site_s3,S3,S3,S3,222.5,0.0,0.0,579.8,1,1,1,,
1786353257.799,c2,recommend,,0.0,26.76,14.03,2.31,S3,0,,0,200.0,obs,1193,26.76,14.03,4.0,S3,26.76,14.03,4.0,S3,26.76,14.03,2.31,S3,13.511,0,S3,site_s3,S3,S3,S3,298.5,0.0,0.0,633.0,1,1,1,,
1786353258.799,c1,reserve,,0.0,26.34,13.67,1.33,S3,0,,0,36.0,obs,598,26.34,13.67,3.65,S3,26.34,13.67,3.65,S3,26.34,13.67,1.33,S3,13.601,0,S3,site_s3,S3,S3,S3,149.5,0.0,0.0,41.6,1,1,1,,
1786353258.799,c1,search,,0.0,31.1,20.71,6.72,S3,0,,0,4474.0,obs,889,31.1,20.71,10.98,S3,31.1,20.71,10.98,S3,31.1,20.71,6.72,S3,13.601,0,S3,site_s3,S3,S3,S3,222.5,0.0,0.0,264.1,1,1,1,,
1786353258.799,c1,recommend,,0.0,26.76,14.03,2.39,S3,0,,0,200.0,obs,1188,26.76,14.03,4.0,S3,26.76,14.03,4.0,S3,26.76,14.03,2.39,S3,13.601,0,S3,site_s3,S3,S3,S3,297.0,0.0,0.0,316.9,1,1,1,,
1786353258.799,c2,reserve,,0.0,26.34,13.67,1.33,S3,0,,0,36.0,obs,598,26.34,13.67,3.65,S3,26.34,13.67,3.65,S3,26.34,13.67,1.33,S3,13.601,0,S3,site_s3,S3,S3,S3,149.5,0.0,0.0,358.5,1,1,1,,
1786353258.799,c2,search,,0.0,31.1,20.71,6.72,S3,0,,0,4474.0,obs,889,31.1,20.71,10.98,S3,31.1,20.71,10.98,S3,31.1,20.71,6.72,S3,13.601,0,S3,site_s3,S3,S3,S3,222.0,0.0,0.0,580.5,1,1,1,,
1786353258.799,c2,recommend,,0.0,26.76,14.03,2.39,S3,0,,0,200.0,obs,1188,26.76,14.03,4.0,S3,26.76,14.03,4.0,S3,26.76,14.03,2.39,S3,13.601,0,S3,site_s3,S3,S3,S3,297.0,0.0,0.0,633.4,1,1,1,,
1786353259.799,c1,reserve,,0.0,26.34,13.67,1.72,S3,0,,0,36.0,obs,593,26.34,13.67,3.65,S3,26.34,13.67,3.65,S3,26.34,13.67,1.72,S3,13.562,0,S3,site_s3,S3,S3,S3,148.0,0.0,0.0,41.1,1,1,1,,
1786353259.799,c1,search,,0.0,31.1,20.71,6.72,S3,0,,0,4474.0,obs,893,31.1,20.71,10.98,S3,31.1,20.71,10.98,S3,31.1,20.71,6.72,S3,13.562,0,S3,site_s3,S3,S3,S3,223.0,0.0,0.0,264.1,1,1,1,,
1786353259.799,c1,recommend,,0.0,26.76,14.03,2.44,S3,0,,0,200.0,obs,1194,26.76,14.03,4.0,S3,26.76,14.03,4.0,S3,26.76,14.03,2.44,S3,13.562,0,S3,site_s3,S3,S3,S3,299.0,0.0,0.0,317.4,1,1,1,,
1786353259.799,c2,reserve,,0.0,26.34,13.67,1.72,S3,0,,0,36.0,obs,593,26.34,13.67,3.65,S3,26.34,13.67,3.65,S3,26.34,13.67,1.72,S3,13.562,0,S3,site_s3,S3,S3,S3,148.5,0.0,0.0,358.6,1,1,1,,
1786353259.799,c2,search,,0.0,31.1,20.71,6.72,S3,0,,0,4474.0,obs,893,31.1,20.71,10.98,S3,31.1,20.71,10.98,S3,31.1,20.71,6.72,S3,13.562,0,S3,site_s3,S3,S3,S3,223.5,0.0,0.0,582.1,1,1,1,,
1786353259.799,c2,recommend,,0.0,26.76,14.03,2.44,S3,0,,0,200.0,obs,1194,26.76,14.03,4.0,S3,26.76,14.03,4.0,S3,26.76,14.03,2.44,S3,13.562,0,S3,site_s3,S3,S3,S3,298.0,0.0,0.0,635.2,1,1,1,,
1786353260.799,c1,reserve,,0.0,26.34,13.67,1.72,S3,0,,0,36.0,obs,599,26.34,13.67,3.65,S3,26.34,13.67,3.65,S3,26.34,13.67,1.72,S3,13.692,0,S3,site_s3,S3,S3,S3,150.0,0.0,0.0,41.7,1,1,1,,
1786353260.799,c1,search,,0.0,31.1,20.71,6.72,S3,0,,0,4474.0,obs,890,31.1,20.71,10.98,S3,31.1,20.71,10.98,S3,31.1,20.71,6.72,S3,13.692,0,S3,site_s3,S3,S3,S3,222.5,0.0,0.0,264.2,1,1,1,,
1786353260.799,c1,recommend,,0.0,26.76,14.03,2.44,S3,0,,0,200.0,obs,1191,26.76,14.03,4.0,S3,26.76,14.03,4.0,S3,26.76,14.03,2.44,S3,13.692,0,S3,site_s3,S3,S3,S3,297.5,0.0,0.0,317.2,1,1,1,,
1786353260.799,c2,reserve,,0.0,26.34,13.67,1.72,S3,0,,0,36.0,obs,599,26.34,13.67,3.65,S3,26.34,13.67,3.65,S3,26.34,13.67,1.72,S3,13.692,0,S3,site_s3,S3,S3,S3,149.5,0.0,0.0,358.7,1,1,1,,
1786353260.799,c2,search,,0.0,31.1,20.71,6.72,S3,0,,0,4474.0,obs,890,31.1,20.71,10.98,S3,31.1,20.71,10.98,S3,31.1,20.71,6.72,S3,13.692,0,S3,site_s3,S3,S3,S3,222.5,0.0,0.0,581.2,1,1,1,,
1786353260.799,c2,recommend,,0.0,26.76,14.03,2.44,S3,0,,0,200.0,obs,1191,26.76,14.03,4.0,S3,26.76,14.03,4.0,S3,26.76,14.03,2.44,S3,13.692,0,S3,site_s3,S3,S3,S3,298.0,0.0,0.0,634.3,1,1,1,,
1786353261.799,c1,reserve,,0.0,26.34,13.67,1.64,S3,0,,0,36.0,obs,596,26.34,13.67,3.65,S3,26.34,13.67,3.65,S3,26.34,13.67,1.64,S3,13.558,0,S3,site_s3,S3,S3,S3,149.0,0.0,0.0,41.4,1,1,1,,
1786353261.799,c1,search,,0.0,31.1,20.71,6.57,S3,0,,0,4474.0,obs,895,31.1,20.71,10.98,S3,31.1,20.71,10.98,S3,31.1,20.71,6.57,S3,13.558,0,S3,site_s3,S3,S3,S3,223.5,0.0,0.0,264.9,1,1,1,,
1786353261.799,c1,recommend,,0.0,26.76,14.03,2.5,S3,0,,0,200.0,obs,1192,26.76,14.03,4.0,S3,26.76,14.03,4.0,S3,26.76,14.03,2.5,S3,13.558,0,S3,site_s3,S3,S3,S3,298.0,0.0,0.0,318.0,1,1,1,,
1786353261.799,c2,reserve,,0.0,26.34,13.67,1.64,S3,0,,0,36.0,obs,596,26.34,13.67,3.65,S3,26.34,13.67,3.65,S3,26.34,13.67,1.64,S3,13.558,0,S3,site_s3,S3,S3,S3,149.0,0.0,0.0,359.4,1,1,1,,
1786353261.799,c2,search,,0.0,31.1,20.71,6.57,S3,0,,0,4474.0,obs,895,31.1,20.71,10.98,S3,31.1,20.71,10.98,S3,31.1,20.71,6.57,S3,13.558,0,S3,site_s3,S3,S3,S3,224.0,0.0,0.0,583.4,1,1,1,,
1786353261.799,c2,recommend,,0.0,26.76,14.03,2.5,S3,0,,0,200.0,obs,1192,26.76,14.03,4.0,S3,26.76,14.03,4.0,S3,26.76,14.03,2.5,S3,13.558,0,S3,site_s3,S3,S3,S3,298.0,0.0,0.0,636.4,1,1,1,,
1786353262.799,c1,reserve,,0.0,26.34,13.67,1.76,S3,0,,0,36.0,obs,597,26.34,13.67,3.65,S3,26.34,13.67,3.65,S3,26.34,13.67,1.76,S3,13.736,0,S3,site_s3,S3,S3,S3,149.0,0.0,0.0,41.4,1,1,1,,
1786353262.799,c1,search,,0.0,31.1,20.71,6.57,S3,0,,0,4474.0,obs,894,31.1,20.71,10.98,S3,31.1,20.71,10.98,S3,31.1,20.71,6.57,S3,13.736,0,S3,site_s3,S3,S3,S3,223.5,0.0,0.0,264.9,1,1,1,,
1786353262.799,c1,recommend,,0.0,26.76,14.03,2.5,S3,0,,0,200.0,obs,1199,26.76,14.03,4.0,S3,26.76,14.03,4.0,S3,26.76,14.03,2.5,S3,13.736,0,S3,site_s3,S3,S3,S3,300.0,0.0,0.0,318.3,1,1,1,,
1786353262.799,c2,reserve,,0.0,26.34,13.67,1.76,S3,0,,0,36.0,obs,597,26.34,13.67,3.65,S3,26.34,13.67,3.65,S3,26.34,13.67,1.76,S3,13.736,0,S3,site_s3,S3,S3,S3,149.5,0.0,0.0,359.9,1,1,1,,
1786353262.799,c2,search,,0.0,31.1,20.71,6.57,S3,0,,0,4474.0,obs,894,31.1,20.71,10.98,S3,31.1,20.71,10.98,S3,31.1,20.71,6.57,S3,13.736,0,S3,site_s3,S3,S3,S3,223.5,0.0,0.0,583.4,1,1,1,,
1786353262.799,c2,recommend,,0.0,26.76,14.03,2.5,S3,0,,0,200.0,obs,1199,26.76,14.03,4.0,S3,26.76,14.03,4.0,S3,26.76,14.03,2.5,S3,13.736,0,S3,site_s3,S3,S3,S3,299.5,0.0,0.0,636.7,1,1,1,,
1786353263.798,c1,reserve,,0.0,26.34,13.67,1.62,S3,0,,0,36.0,obs,600,26.34,13.67,3.65,S3,26.34,13.67,3.65,S3,26.34,13.67,1.62,S3,12.463,0,S3,site_s3,S3,S3,S3,150.0,0.0,0.0,41.7,1,1,1,,
1786353263.798,c1,search,,0.0,31.1,20.71,6.93,S3,0,,0,4474.0,obs,898,31.1,20.71,10.98,S3,31.1,20.71,10.98,S3,31.1,20.71,6.93,S3,12.463,0,S3,site_s3,S3,S3,S3,224.5,0.0,0.0,266.2,1,1,1,,
1786353263.798,c1,recommend,,0.0,26.76,14.03,2.43,S3,0,,0,200.0,obs,1194,26.76,14.03,4.0,S3,26.76,14.03,4.0,S3,26.76,14.03,2.43,S3,12.463,0,S3,site_s3,S3,S3,S3,298.5,0.0,0.0,319.3,1,1,1,,
1786353263.798,c2,reserve,,0.0,26.34,13.67,1.62,S3,0,,0,36.0,obs,600,26.34,13.67,3.65,S3,26.34,13.67,3.65,S3,26.34,13.67,1.62,S3,12.463,0,S3,site_s3,S3,S3,S3,150.0,0.0,0.0,361.0,1,1,1,,
1786353263.798,c2,search,,0.0,31.1,20.71,6.93,S3,0,,0,4474.0,obs,898,31.1,20.71,10.98,S3,31.1,20.71,10.98,S3,31.1,20.71,6.93,S3,12.463,0,S3,site_s3,S3,S3,S3,224.5,0.0,0.0,585.5,1,1,1,,
1786353263.798,c2,recommend,,0.0,26.76,14.03,2.43,S3,0,,0,200.0,obs,1194,26.76,14.03,4.0,S3,26.76,14.03,4.0,S3,26.76,14.03,2.43,S3,12.463,0,S3,site_s3,S3,S3,S3,298.5,0.0,0.0,638.7,1,1,1,,
1786353264.798,c1,reserve,,0.0,26.34,13.67,1.47,S3,0,,0,36.0,obs,597,26.34,13.67,3.65,S3,26.34,13.67,3.65,S3,26.34,13.67,1.47,S3,12.498,0,S3,site_s3,S3,S3,S3,149.0,0.0,0.0,41.4,1,1,1,,
1786353264.798,c1,search,,0.0,31.1,20.71,6.85,S3,0,,0,4474.0,obs,896,31.1,20.71,10.98,S3,31.1,20.71,10.98,S3,31.1,20.71,6.85,S3,12.498,0,S3,site_s3,S3,S3,S3,224.0,0.0,0.0,265.4,1,1,1,,
1786353264.798,c1,recommend,,0.0,26.76,14.03,2.42,S3,0,,0,200.0,obs,1200,26.76,14.03,4.0,S3,26.76,14.03,4.0,S3,26.76,14.03,2.42,S3,12.498,0,S3,site_s3,S3,S3,S3,300.0,0.0,0.0,318.8,1,1,1,,
1786353264.798,c2,reserve,,0.0,26.34,13.67,1.47,S3,0,,0,36.0,obs,597,26.34,13.67,3.65,S3,26.34,13.67,3.65,S3,26.34,13.67,1.47,S3,12.498,0,S3,site_s3,S3,S3,S3,149.5,0.0,0.0,360.4,1,1,1,,
1786353264.798,c2,search,,0.0,31.1,20.71,6.85,S3,0,,0,4474.0,obs,896,31.1,20.71,10.98,S3,31.1,20.71,10.98,S3,31.1,20.71,6.85,S3,12.498,0,S3,site_s3,S3,S3,S3,224.0,0.0,0.0,584.4,1,1,1,,
1786353264.798,c2,recommend,,0.0,26.76,14.03,2.42,S3,0,,0,200.0,obs,1200,26.76,14.03,4.0,S3,26.76,14.03,4.0,S3,26.76,14.03,2.42,S3,12.498,0,S3,site_s3,S3,S3,S3,300.0,0.0,0.0,637.8,1,1,1,,
1786353265.799,c1,reserve,,0.0,26.34,13.67,0.07,S3,0,,0,36.0,obs,603,26.34,13.67,3.65,S3,26.34,13.67,3.65,S3,26.34,13.67,0.07,S3,13.574,0,S3,site_s3,S3,S3,S3,150.5,0.0,0.0,41.8,1,1,1,,
1786353265.799,c1,search,,0.0,31.1,20.71,4.67,S3,0,,0,4474.0,obs,896,31.1,20.71,10.98,S3,31.1,20.71,10.98,S3,31.1,20.71,4.67,S3,13.574,0,S3,site_s3,S3,S3,S3,224.0,0.0,0.0,265.8,1,1,1,,
1786353265.799,c1,recommend,,0.0,26.76,14.03,1.93,S3,0,,0,200.0,obs,1195,26.76,14.03,4.0,S3,26.76,14.03,4.0,S3,26.76,14.03,1.93,S3,13.574,0,S3,site_s3,S3,S3,S3,299.0,0.0,0.0,319.1,1,1,1,,
1786353265.799,c2,reserve,,0.0,26.34,13.67,0.07,S3,0,,0,36.0,obs,603,26.34,13.67,3.65,S3,26.34,13.67,3.65,S3,26.34,13.67,0.07,S3,13.574,0,S3,site_s3,S3,S3,S3,151.0,0.0,0.0,361.0,1,1,1,,
1786353265.799,c2,search,,0.0,31.1,20.71,4.67,S3,0,,0,4474.0,obs,896,31.1,20.71,10.98,S3,31.1,20.71,10.98,S3,31.1,20.71,4.67,S3,13.574,0,S3,site_s3,S3,S3,S3,224.0,0.0,0.0,585.0,1,1,1,,
1786353265.799,c2,recommend,,0.0,26.76,14.03,1.93,S3,0,,0,200.0,obs,1195,26.76,14.03,4.0,S3,26.76,14.03,4.0,S3,26.76,14.03,1.93,S3,13.574,0,S3,site_s3,S3,S3,S3,298.5,0.0,0.0,638.2,1,1,1,,
1786353266.798,c1,reserve,,0.0,26.34,13.67,0.49,S3,0,,0,36.0,obs,598,26.34,13.67,3.65,S3,26.34,13.67,3.65,S3,26.34,13.67,0.49,S3,12.462,0,S3,site_s3,S3,S3,S3,149.0,0.0,0.0,41.4,1,1,1,,
1786353266.798,c1,search,,0.0,31.1,20.71,4.76,S3,0,,0,4474.0,obs,897,31.1,20.71,10.98,S3,31.1,20.71,10.98,S3,31.1,20.71,4.76,S3,12.462,0,S3,site_s3,S3,S3,S3,224.0,0.0,0.0,265.4,1,1,1,,
1786353266.798,c1,recommend,,0.0,26.76,14.03,2.09,S3,0,,0,200.0,obs,1201,26.76,14.03,4.0,S3,26.76,14.03,4.0,S3,26.76,14.03,2.09,S3,12.462,0,S3,site_s3,S3,S3,S3,300.5,0.0,0.0,318.9,1,1,1,,
1786353266.798,c2,reserve,,0.0,26.34,13.67,0.49,S3,0,,0,36.0,obs,598,26.34,13.67,3.65,S3,26.34,13.67,3.65,S3,26.34,13.67,0.49,S3,12.462,0,S3,site_s3,S3,S3,S3,149.5,0.0,0.0,360.5,1,1,1,,
1786353266.798,c2,search,,0.0,31.1,20.71,4.76,S3,0,,0,4474.0,obs,897,31.1,20.71,10.98,S3,31.1,20.71,10.98,S3,31.1,20.71,4.76,S3,12.462,0,S3,site_s3,S3,S3,S3,224.5,0.0,0.0,585.0,1,1,1,,
1786353266.798,c2,recommend,,0.0,26.76,14.03,2.09,S3,0,,0,200.0,obs,1201,26.76,14.03,4.0,S3,26.76,14.03,4.0,S3,26.76,14.03,2.09,S3,12.462,0,S3,site_s3,S3,S3,S3,300.0,0.0,0.0,638.4,1,1,1,,
1786353267.798,c1,reserve,,0.0,26.34,13.67,1.62,S3,0,,0,36.0,obs,603,26.34,13.67,3.65,S3,26.34,13.67,3.65,S3,26.34,13.67,1.62,S3,12.48,0,S3,site_s3,S3,S3,S3,151.0,0.0,0.0,42.0,1,1,1,,
1786353267.798,c1,search,,0.0,31.1,20.71,6.07,S3,0,,0,4474.0,obs,895,31.1,20.71,10.98,S3,31.1,20.71,10.98,S3,31.1,20.71,6.07,S3,12.48,0,S3,site_s3,S3,S3,S3,224.0,0.0,0.0,266.0,1,1,1,,
1786353267.798,c1,recommend,,0.0,26.76,14.03,2.28,S3,0,,0,200.0,obs,1200,26.76,14.03,4.0,S3,26.76,14.03,4.0,S3,26.76,14.03,2.28,S3,12.48,0,S3,site_s3,S3,S3,S3,299.5,0.0,0.0,319.3,1,1,1,,
1786353267.798,c2,reserve,,0.0,26.34,13.67,1.62,S3,0,,0,36.0,obs,603,26.34,13.67,3.65,S3,26.34,13.67,3.65,S3,26.34,13.67,1.62,S3,12.48,0,S3,site_s3,S3,S3,S3,150.5,0.0,0.0,361.1,1,1,1,,
1786353267.798,c2,search,,0.0,31.1,20.71,6.07,S3,0,,0,4474.0,obs,895,31.1,20.71,10.98,S3,31.1,20.71,10.98,S3,31.1,20.71,6.07,S3,12.48,0,S3,site_s3,S3,S3,S3,223.5,0.0,0.0,584.6,1,1,1,,
1786353267.798,c2,recommend,,0.0,26.76,14.03,2.28,S3,0,,0,200.0,obs,1200,26.76,14.03,4.0,S3,26.76,14.03,4.0,S3,26.76,14.03,2.28,S3,12.48,0,S3,site_s3,S3,S3,S3,300.5,0.0,0.0,638.1,1,1,1,,
1786353268.798,c1,reserve,,0.0,26.34,13.67,1.62,S3,0,,0,36.0,obs,599,26.34,13.67,3.65,S3,26.34,13.67,3.65,S3,26.34,13.67,1.62,S3,12.497,0,S3,site_s3,S3,S3,S3,149.5,0.0,0.0,41.6,1,1,1,,
1786353268.798,c1,search,,0.0,31.1,20.71,6.13,S3,0,,0,4474.0,obs,900,31.1,20.71,10.98,S3,31.1,20.71,10.98,S3,31.1,20.71,6.13,S3,12.497,0,S3,site_s3,S3,S3,S3,225.0,0.0,0.0,266.6,1,1,1,,
1786353268.798,c1,recommend,,0.0,26.76,14.03,2.11,S3,0,,0,200.0,obs,1202,26.76,14.03,4.0,S3,26.76,14.03,4.0,S3,26.76,14.03,2.11,S3,12.497,0,S3,site_s3,S3,S3,S3,300.5,0.0,0.0,320.1,1,1,1,,
1786353268.798,c2,reserve,,0.0,26.34,13.67,1.62,S3,0,,0,36.0,obs,599,26.34,13.67,3.65,S3,26.34,13.67,3.65,S3,26.34,13.67,1.62,S3,12.497,0,S3,site_s3,S3,S3,S3,150.0,0.0,0.0,361.8,1,1,1,,
1786353268.798,c2,search,,0.0,31.1,20.71,6.13,S3,0,,0,4474.0,obs,900,31.1,20.71,10.98,S3,31.1,20.71,10.98,S3,31.1,20.71,6.13,S3,12.497,0,S3,site_s3,S3,S3,S3,225.0,0.0,0.0,586.8,1,1,1,,
1786353268.798,c2,recommend,,0.0,26.76,14.03,2.11,S3,0,,0,200.0,obs,1202,26.76,14.03,4.0,S3,26.76,14.03,4.0,S3,26.76,14.03,2.11,S3,12.497,0,S3,site_s3,S3,S3,S3,300.5,0.0,0.0,640.2,1,1,1,,
1786353269.799,c1,reserve,,0.0,26.34,13.67,1.79,S3,0,,0,36.0,obs,600,26.34,13.67,3.65,S3,26.34,13.67,3.65,S3,26.34,13.67,1.79,S3,13.374,0,S3,site_s3,S3,S3,S3,150.0,0.0,0.0,41.7,1,1,1,,
1786353269.799,c1,search,,0.0,31.1,20.71,6.58,S3,0,,0,4474.0,obs,898,31.1,20.71,10.98,S3,31.1,20.71,10.98,S3,31.1,20.71,6.58,S3,13.374,0,S3,site_s3,S3,S3,S3,225.0,0.0,0.0,266.7,1,1,1,,
1786353269.799,c1,recommend,,0.0,26.76,14.03,2.63,S3,0,,0,200.0,obs,1205,26.76,14.03,4.0,S3,26.76,14.03,4.0,S3,26.76,14.03,2.63,S3,13.374,0,S3,site_s3,S3,S3,S3,301.0,0.0,0.0,320.3,1,1,1,,
1786353269.799,c2,reserve,,0.0,26.34,13.67,1.79,S3,0,,0,36.0,obs,600,26.34,13.67,3.65,S3,26.34,13.67,3.65,S3,26.34,13.67,1.79,S3,13.374,0,S3,site_s3,S3,S3,S3,150.0,0.0,0.0,362.0,1,1,1,,
1786353269.799,c2,search,,0.0,31.1,20.71,6.58,S3,0,,0,4474.0,obs,898,31.1,20.71,10.98,S3,31.1,20.71,10.98,S3,31.1,20.71,6.58,S3,13.374,0,S3,site_s3,S3,S3,S3,224.0,0.0,0.0,586.0,1,1,1,,
1786353269.799,c2,recommend,,0.0,26.76,14.03,2.63,S3,0,,0,200.0,obs,1205,26.76,14.03,4.0,S3,26.76,14.03,4.0,S3,26.76,14.03,2.63,S3,13.374,0,S3,site_s3,S3,S3,S3,301.5,0.0,0.0,639.6,1,1,1,,
1786353270.798,c1,reserve,,0.0,26.34,13.67,1.79,S3,0,,0,36.0,obs,602,26.34,13.67,3.65,S3,26.34,13.67,3.65,S3,26.34,13.67,1.79,S3,12.534,0,S3,site_s3,S3,S3,S3,150.0,0.0,0.0,41.7,1,1,1,,
1786353270.798,c1,search,,0.0,31.1,20.71,7.14,S3,0,,0,4474.0,obs,903,31.1,20.71,10.98,S3,31.1,20.71,10.98,S3,31.1,20.71,7.14,S3,12.534,0,S3,site_s3,S3,S3,S3,226.0,0.0,0.0,267.7,1,1,1,,
1786353270.798,c1,recommend,,0.0,26.76,14.03,2.58,S3,0,,0,200.0,obs,1203,26.76,14.03,4.0,S3,26.76,14.03,4.0,S3,26.76,14.03,2.58,S3,12.534,0,S3,site_s3,S3,S3,S3,301.0,0.0,0.0,321.3,1,1,1,,
1786353270.798,c2,reserve,,0.0,26.34,13.67,1.79,S3,0,,0,36.0,obs,602,26.34,13.67,3.65,S3,26.34,13.67,3.65,S3,26.34,13.67,1.79,S3,12.534,0,S3,site_s3,S3,S3,S3,151.0,0.0,0.0,363.3,1,1,1,,
1786353270.798,c2,search,,0.0,31.1,20.71,7.14,S3,0,,0,4474.0,obs,903,31.1,20.71,10.98,S3,31.1,20.71,10.98,S3,31.1,20.71,7.14,S3,12.534,0,S3,site_s3,S3,S3,S3,225.5,0.0,0.0,588.8,1,1,1,,
1786353270.798,c2,recommend,,0.0,26.76,14.03,2.58,S3,0,,0,200.0,obs,1203,26.76,14.03,4.0,S3,26.76,14.03,4.0,S3,26.76,14.03,2.58,S3,12.534,0,S3,site_s3,S3,S3,S3,300.5,0.0,0.0,642.2,1,1,1,,
1786353271.799,c1,reserve,,0.0,26.34,13.67,1.96,S3,0,,0,36.0,obs,601,26.34,13.67,3.65,S3,26.34,13.67,3.65,S3,26.34,13.67,1.96,S3,13.255,0,S3,site_s3,S3,S3,S3,150.5,0.0,0.0,41.8,1,1,1,,
1786353271.799,c1,search,,0.0,31.1,20.71,7.37,S3,0,,0,4474.0,obs,902,31.1,20.71,10.98,S3,31.1,20.71,10.98,S3,31.1,20.71,7.37,S3,13.255,0,S3,site_s3,S3,S3,S3,225.5,0.0,0.0,267.3,1,1,1,,
1786353271.799,c1,recommend,,0.0,26.76,14.03,2.51,S3,0,,0,200.0,obs,1208,26.76,14.03,4.0,S3,26.76,14.03,4.0,S3,26.76,14.03,2.51,S3,13.255,0,S3,site_s3,S3,S3,S3,301.5,0.0,0.0,321.0,1,1,1,,
1786353271.799,c2,reserve,,0.0,26.34,13.67,1.96,S3,0,,0,36.0,obs,601,26.34,13.67,3.65,S3,26.34,13.67,3.65,S3,26.34,13.67,1.96,S3,13.255,0,S3,site_s3,S3,S3,S3,150.0,0.0,0.0,362.7,1,1,1,,
1786353271.799,c2,search,,0.0,31.1,20.71,7.37,S3,0,,0,4474.0,obs,902,31.1,20.71,10.98,S3,31.1,20.71,10.98,S3,31.1,20.71,7.37,S3,13.255,0,S3,site_s3,S3,S3,S3,225.5,0.0,0.0,588.2,1,1,1,,
1786353271.799,c2,recommend,,0.0,26.76,14.03,2.51,S3,0,,0,200.0,obs,1208,26.76,14.03,4.0,S3,26.76,14.03,4.0,S3,26.76,14.03,2.51,S3,13.255,0,S3,site_s3,S3,S3,S3,302.5,0.0,0.0,642.1,1,1,1,,
1786353272.799,c1,reserve,,0.0,26.34,13.67,1.86,S3,0,,0,36.0,obs,606,26.34,13.67,3.65,S3,26.34,13.67,3.65,S3,26.34,13.67,1.86,S3,13.521,0,S3,site_s3,S3,S3,S3,151.5,0.0,0.0,42.1,1,1,1,,
1786353272.799,c1,search,,0.0,31.1,20.71,7.03,S3,0,,0,4474.0,obs,902,31.1,20.71,10.98,S3,31.1,20.71,10.98,S3,31.1,20.71,7.03,S3,13.521,0,S3,site_s3,S3,S3,S3,225.5,0.0,0.0,267.6,1,1,1,,
1786353272.799,c1,recommend,,0.0,26.76,14.03,2.57,S3,0,,0,200.0,obs,1203,26.76,14.03,4.0,S3,26.76,14.03,4.0,S3,26.76,14.03,2.57,S3,13.521,0,S3,site_s3,S3,S3,S3,300.5,0.0,0.0,321.1,1,1,1,,
1786353272.799,c2,reserve,,0.0,26.34,13.67,1.86,S3,0,,0,36.0,obs,606,26.34,13.67,3.65,S3,26.34,13.67,3.65,S3,26.34,13.67,1.86,S3,13.521,0,S3,site_s3,S3,S3,S3,151.5,0.0,0.0,363.2,1,1,1,,
1786353272.799,c2,search,,0.0,31.1,20.71,7.03,S3,0,,0,4474.0,obs,902,31.1,20.71,10.98,S3,31.1,20.71,10.98,S3,31.1,20.71,7.03,S3,13.521,0,S3,site_s3,S3,S3,S3,225.5,0.0,0.0,588.7,1,1,1,,
1786353272.799,c2,recommend,,0.0,26.76,14.03,2.57,S3,0,,0,200.0,obs,1203,26.76,14.03,4.0,S3,26.76,14.03,4.0,S3,26.76,14.03,2.57,S3,13.521,0,S3,site_s3,S3,S3,S3,301.0,0.0,0.0,642.3,1,1,1,,
1786353273.798,c1,reserve,,0.0,26.34,13.67,1.54,S3,0,,0,36.0,obs,601,26.34,13.67,3.65,S3,26.34,13.67,3.65,S3,26.34,13.67,1.54,S3,12.496,0,S3,site_s3,S3,S3,S3,150.0,0.0,0.0,41.7,1,1,1,,
1786353273.798,c1,search,,0.0,31.1,20.71,6.71,S3,0,,0,4474.0,obs,904,31.1,20.71,10.98,S3,31.1,20.71,10.98,S3,31.1,20.71,6.71,S3,12.496,0,S3,site_s3,S3,S3,S3,226.0,0.0,0.0,267.7,1,1,1,,
1786353273.798,c1,recommend,,0.0,26.76,14.03,2.49,S3,0,,0,200.0,obs,1212,26.76,14.03,4.0,S3,26.76,14.03,4.0,S3,26.76,14.03,2.49,S3,12.496,0,S3,site_s3,S3,S3,S3,302.5,0.0,0.0,321.5,1,1,1,,
1786353273.798,c2,reserve,,0.0,26.34,13.67,1.54,S3,0,,0,36.0,obs,601,26.34,13.67,3.65,S3,26.34,13.67,3.65,S3,26.34,13.67,1.54,S3,12.496,0,S3,site_s3,S3,S3,S3,150.5,0.0,0.0,363.4,1,1,1,,
1786353273.798,c2,search,,0.0,31.1,20.71,6.71,S3,0,,0,4474.0,obs,904,31.1,20.71,10.98,S3,31.1,20.71,10.98,S3,31.1,20.71,6.71,S3,12.496,0,S3,site_s3,S3,S3,S3,226.0,0.0,0.0,589.4,1,1,1,,
1786353273.798,c2,recommend,,0.0,26.76,14.03,2.49,S3,0,,0,200.0,obs,1212,26.76,14.03,4.0,S3,26.76,14.03,4.0,S3,26.76,14.03,2.49,S3,12.496,0,S3,site_s3,S3,S3,S3,303.0,0.0,0.0,643.3,1,1,1,,
1786353274.798,c1,reserve,,0.0,26.34,13.67,1.54,S3,0,,0,36.0,obs,608,26.34,13.67,3.65,S3,26.34,13.67,3.65,S3,26.34,13.67,1.54,S3,12.464,0,S3,site_s3,S3,S3,S3,152.0,0.0,0.0,42.3,1,1,1,,
1786353274.798,c1,search,,0.0,31.1,20.71,6.59,S3,0,,0,4474.0,obs,903,31.1,20.71,10.98,S3,31.1,20.71,10.98,S3,31.1,20.71,6.59,S3,12.464,0,S3,site_s3,S3,S3,S3,226.0,0.0,0.0,268.3,1,1,1,,
1786353274.798,c1,recommend,,0.0,26.76,14.03,2.46,S3,0,,0,200.0,obs,1208,26.76,14.03,4.0,S3,26.76,14.03,4.0,S3,26.76,14.03,2.46,S3,12.464,0,S3,site_s3,S3,S3,S3,302.0,0.0,0.0,322.0,1,1,1,,
1786353274.798,c2,reserve,,0.0,26.34,13.67,1.54,S3,0,,0,36.0,obs,608,26.34,13.67,3.65,S3,26.34,13.67,3.65,S3,26.34,13.67,1.54,S3,12.464,0,S3,site_s3,S3,S3,S3,152.0,0.0,0.0,364.3,1,1,1,,
1786353274.798,c2,search,,0.0,31.1,20.71,6.59,S3,0,,0,4474.0,obs,903,31.1,20.71,10.98,S3,31.1,20.71,10.98,S3,31.1,20.71,6.59,S3,12.464,0,S3,site_s3,S3,S3,S3,225.5,0.0,0.0,589.8,1,1,1,,
1786353274.798,c2,recommend,,0.0,26.76,14.03,2.46,S3,0,,0,200.0,obs,1208,26.76,14.03,4.0,S3,26.76,14.03,4.0,S3,26.76,14.03,2.46,S3,12.464,0,S3,site_s3,S3,S3,S3,302.0,0.0,0.0,643.5,1,1,1,,
1786353275.798,c1,reserve,,0.0,26.34,13.67,1.72,S3,0,,0,36.0,obs,604,26.34,13.67,3.65,S3,26.34,13.67,3.65,S3,26.34,13.67,1.72,S3,12.529,0,S3,site_s3,S3,S3,S3,150.5,0.0,0.0,41.8,1,1,1,,
1786353275.798,c1,search,,0.0,31.1,20.71,6.79,S3,0,,0,4474.0,obs,907,31.1,20.71,10.98,S3,31.1,20.71,10.98,S3,31.1,20.71,6.79,S3,12.529,0,S3,site_s3,S3,S3,S3,227.0,0.0,0.0,268.8,1,1,1,,
1786353275.798,c1,recommend,,0.0,26.76,14.03,2.5,S3,0,,0,200.0,obs,1210,26.76,14.03,4.0,S3,26.76,14.03,4.0,S3,26.76,14.03,2.5,S3,12.529,0,S3,site_s3,S3,S3,S3,302.5,0.0,0.0,322.7,1,1,1,,
1786353275.798,c2,reserve,,0.0,26.34,13.67,1.72,S3,0,,0,36.0,obs,604,26.34,13.67,3.65,S3,26.34,13.67,3.65,S3,26.34,13.67,1.72,S3,12.529,0,S3,site_s3,S3,S3,S3,151.5,0.0,0.0,364.8,1,1,1,,
1786353275.798,c2,search,,0.0,31.1,20.71,6.79,S3,0,,0,4474.0,obs,907,31.1,20.71,10.98,S3,31.1,20.71,10.98,S3,31.1,20.71,6.79,S3,12.529,0,S3,site_s3,S3,S3,S3,226.5,0.0,0.0,591.3,1,1,1,,
1786353275.798,c2,recommend,,0.0,26.76,14.03,2.5,S3,0,,0,200.0,obs,1210,26.76,14.03,4.0,S3,26.76,14.03,4.0,S3,26.76,14.03,2.5,S3,12.529,0,S3,site_s3,S3,S3,S3,302.5,0.0,0.0,645.1,1,1,1,,
1786353276.798,c1,reserve,,0.0,26.34,13.67,1.75,S3,0,,0,36.0,obs,605,26.34,13.67,3.65,S3,26.34,13.67,3.65,S3,26.34,13.67,1.75,S3,12.446,0,S3,site_s3,S3,S3,S3,151.5,0.0,0.0,42.1,1,1,1,,
1786353276.798,c1,search,,0.0,31.1,20.71,6.84,S3,0,,0,4474.0,obs,904,31.1,20.71,10.98,S3,31.1,20.71,10.98,S3,31.1,20.71,6.84,S3,12.446,0,S3,site_s3,S3,S3,S3,226.0,0.0,0.0,268.1,1,1,1,,
1786353276.798,c1,recommend,,0.0,26.76,14.03,2.63,S3,0,,0,200.0,obs,1212,26.76,14.03,4.0,S3,26.76,14.03,4.0,S3,26.76,14.03,2.63,S3,12.446,0,S3,site_s3,S3,S3,S3,303.0,0.0,0.0,322.1,1,1,1,,
1786353276.798,c2,reserve,,0.0,26.34,13.67,1.75,S3,0,,0,36.0,obs,605,26.34,13.67,3.65,S3,26.34,13.67,3.65,S3,26.34,13.67,1.75,S3,12.446,0,S3,site_s3,S3,S3,S3,151.0,0.0,0.0,364.0,1,1,1,,
1786353276.798,c2,search,,0.0,31.1,20.71,6.84,S3,0,,0,4474.0,obs,904,31.1,20.71,10.98,S3,31.1,20.71,10.98,S3,31.1,20.71,6.84,S3,12.446,0,S3,site_s3,S3,S3,S3,226.0,0.0,0.0,590.0,1,1,1,,
1786353276.798,c2,recommend,,0.0,26.76,14.03,2.63,S3,0,,0,200.0,obs,1212,26.76,14.03,4.0,S3,26.76,14.03,4.0,S3,26.76,14.03,2.63,S3,12.446,0,S3,site_s3,S3,S3,S3,303.0,0.0,0.0,644.0,1,1,1,,
1786353277.798,c1,reserve,,0.0,26.34,13.67,1.38,S3,0,,0,36.0,obs,606,26.34,13.67,3.65,S3,26.34,13.67,3.65,S3,26.34,13.67,1.38,S3,12.543,0,S3,site_s3,S3,S3,S3,151.5,0.0,0.0,42.1,1,1,1,,
1786353277.798,c1,search,,0.0,31.1,20.71,6.14,S3,0,,0,4474.0,obs,908,31.1,20.71,10.98,S3,31.1,20.71,10.98,S3,31.1,20.71,6.14,S3,12.543,0,S3,site_s3,S3,S3,S3,227.0,0.0,0.0,269.1,1,1,1,,
1786353277.798,c1,recommend,,0.0,26.76,14.03,2.06,S3,0,,0,200.0,obs,1211,26.76,14.03,4.0,S3,26.76,14.03,4.0,S3,26.76,14.03,2.06,S3,12.543,0,S3,site_s3,S3,S3,S3,302.5,0.0,0.0,323.0,1,1,1,,
1786353277.798,c2,reserve,,0.0,26.34,13.67,1.38,S3,0,,0,36.0,obs,606,26.34,13.67,3.65,S3,26.34,13.67,3.65,S3,26.34,13.67,1.38,S3,12.543,0,S3,site_s3,S3,S3,S3,151.5,0.0,0.0,365.1,1,1,1,,
1786353277.798,c2,search,,0.0,31.1,20.71,6.14,S3,0,,0,4474.0,obs,908,31.1,20.71,10.98,S3,31.1,20.71,10.98,S3,31.1,20.71,6.14,S3,12.543,0,S3,site_s3,S3,S3,S3,227.0,0.0,0.0,592.1,1,1,1,,
1786353277.798,c2,recommend,,0.0,26.76,14.03,2.06,S3,0,,0,200.0,obs,1211,26.76,14.03,4.0,S3,26.76,14.03,4.0,S3,26.76,14.03,2.06,S3,12.543,0,S3,site_s3,S3,S3,S3,303.0,0.0,0.0,646.0,1,1,1,,
1786353278.798,c1,reserve,,0.0,26.34,13.67,1.5,S3,0,,0,36.0,obs,606,26.34,13.67,3.65,S3,26.34,13.67,3.65,S3,26.34,13.67,1.5,S3,12.501,0,S3,site_s3,S3,S3,S3,151.5,0.0,0.0,42.1,1,1,1,,
1786353278.798,c1,search,,0.0,31.1,20.71,6.4,S3,0,,0,4474.0,obs,907,31.1,20.71,10.98,S3,31.1,20.71,10.98,S3,31.1,20.71,6.4,S3,12.501,0,S3,site_s3,S3,S3,S3,227.0,0.0,0.0,269.1,1,1,1,,
1786353278.798,c1,recommend,,0.0,26.76,14.03,2.04,S3,0,,0,200.0,obs,1213,26.76,14.03,4.0,S3,26.76,14.03,4.0,S3,26.76,14.03,2.04,S3,12.501,0,S3,site_s3,S3,S3,S3,303.0,0.0,0.0,323.1,1,1,1,,
1786353278.798,c2,reserve,,0.0,26.34,13.67,1.5,S3,0,,0,36.0,obs,606,26.34,13.67,3.65,S3,26.34,13.67,3.65,S3,26.34,13.67,1.5,S3,12.501,0,S3,site_s3,S3,S3,S3,151.5,0.0,0.0,365.2,1,1,1,,
1786353278.798,c2,search,,0.0,31.1,20.71,6.4,S3,0,,0,4474.0,obs,907,31.1,20.71,10.98,S3,31.1,20.71,10.98,S3,31.1,20.71,6.4,S3,12.501,0,S3,site_s3,S3,S3,S3,226.5,0.0,0.0,591.7,1,1,1,,
1786353278.798,c2,recommend,,0.0,26.76,14.03,2.04,S3,0,,0,200.0,obs,1213,26.76,14.03,4.0,S3,26.76,14.03,4.0,S3,26.76,14.03,2.04,S3,12.501,0,S3,site_s3,S3,S3,S3,303.5,0.0,0.0,645.7,1,1,1,,
1786353279.798,c1,reserve,,0.0,26.34,13.67,1.79,S3,0,,0,36.0,obs,608,26.34,13.67,3.65,S3,26.34,13.67,3.65,S3,26.34,13.67,1.79,S3,12.468,0,S3,site_s3,S3,S3,S3,152.0,0.0,0.0,42.3,1,1,1,,
1786353279.798,c1,search,,0.0,31.1,20.71,7.03,S3,0,,0,4474.0,obs,910,31.1,20.71,10.98,S3,31.1,20.71,10.98,S3,31.1,20.71,7.03,S3,12.468,0,S3,site_s3,S3,S3,S3,227.5,0.0,0.0,269.8,1,1,1,,
1786353279.798,c1,recommend,,0.0,26.76,14.03,2.47,S3,0,,0,200.0,obs,1210,26.76,14.03,4.0,S3,26.76,14.03,4.0,S3,26.76,14.03,2.47,S3,12.468,0,S3,site_s3,S3,S3,S3,302.5,0.0,0.0,323.6,1,1,1,,
1786353279.798,c2,reserve,,0.0,26.34,13.67,1.79,S3,0,,0,36.0,obs,608,26.34,13.67,3.65,S3,26.34,13.67,3.65,S3,26.34,13.67,1.79,S3,12.468,0,S3,site_s3,S3,S3,S3,152.0,0.0,0.0,365.9,1,1,1,,
1786353279.798,c2,search,,0.0,31.1,20.71,7.03,S3,0,,0,4474.0,obs,910,31.1,20.71,10.98,S3,31.1,20.71,10.98,S3,31.1,20.71,7.03,S3,12.468,0,S3,site_s3,S3,S3,S3,227.5,0.0,0.0,593.4,1,1,1,,
1786353279.798,c2,recommend,,0.0,26.76,14.03,2.47,S3,0,,0,200.0,obs,1210,26.76,14.03,4.0,S3,26.76,14.03,4.0,S3,26.76,14.03,2.47,S3,12.468,0,S3,site_s3,S3,S3,S3,302.5,0.0,0.0,647.2,1,1,1,,
1786353280.798,c1,reserve,,0.0,26.34,13.67,1.72,S3,0,,0,36.0,obs,604,26.34,13.67,3.65,S3,26.34,13.67,3.65,S3,26.34,13.67,1.72,S3,12.533,0,S3,site_s3,S3,S3,S3,151.0,0.0,0.0,42.0,1,1,1,,
1786353280.798,c1,search,,0.0,31.1,20.71,7.05,S3,0,,0,4474.0,obs,909,31.1,20.71,10.98,S3,31.1,20.71,10.98,S3,31.1,20.71,7.05,S3,12.533,0,S3,site_s3,S3,S3,S3,227.5,0.0,0.0,269.5,1,1,1,,
1786353280.798,c1,recommend,,0.0,26.76,14.03,2.39,S3,0,,0,200.0,obs,1217,26.76,14.03,4.0,S3,26.76,14.03,4.0,S3,26.76,14.03,2.39,S3,12.533,0,S3,site_s3,S3,S3,S3,304.0,0.0,0.0,323.6,1,1,1,,
1786353280.798,c2,reserve,,0.0,26.34,13.67,1.72,S3,0,,0,36.0,obs,604,26.34,13.67,3.65,S3,26.34,13.67,3.65,S3,26.34,13.67,1.72,S3,12.533,0,S3,site_s3,S3,S3,S3,151.0,0.0,0.0,365.6,1,1,1,,
1786353280.798,c2,search,,0.0,31.1,20.71,7.05,S3,0,,0,4474.0,obs,909,31.1,20.71,10.98,S3,31.1,20.71,10.98,S3,31.1,20.71,7.05,S3,12.533,0,S3,site_s3,S3,S3,S3,227.0,0.0,0.0,592.6,1,1,1,,
1786353280.798,c2,recommend,,0.0,26.76,14.03,2.39,S3,0,,0,200.0,obs,1217,26.76,14.03,4.0,S3,26.76,14.03,4.0,S3,26.76,14.03,2.39,S3,12.533,0,S3,site_s3,S3,S3,S3,304.5,0.0,0.0,646.8,1,1,1,,
1786353281.798,c1,reserve,,0.0,26.34,13.67,1.78,S3,0,,0,36.0,obs,611,26.34,13.67,3.65,S3,26.34,13.67,3.65,S3,26.34,13.67,1.78,S3,12.567,0,S3,site_s3,S3,S3,S3,152.5,0.0,0.0,42.4,1,1,1,,
1786353281.798,c1,search,,0.0,31.1,20.71,6.78,S3,0,,0,4474.0,obs,909,31.1,20.71,10.98,S3,31.1,20.71,10.98,S3,31.1,20.71,6.78,S3,12.567,0,S3,site_s3,S3,S3,S3,227.5,0.0,0.0,269.9,1,1,1,,
1786353281.798,c1,recommend,,0.0,26.76,14.03,2.45,S3,0,,0,200.0,obs,1213,26.76,14.03,4.0,S3,26.76,14.03,4.0,S3,26.76,14.03,2.45,S3,12.567,0,S3,site_s3,S3,S3,S3,303.0,0.0,0.0,323.8,1,1,1,,
1786353281.798,c2,reserve,,0.0,26.34,13.67,1.78,S3,0,,0,36.0,obs,611,26.34,13.67,3.65,S3,26.34,13.67,3.65,S3,26.34,13.67,1.78,S3,12.567,0,S3,site_s3,S3,S3,S3,153.0,0.0,0.0,366.4,1,1,1,,
1786353281.798,c2,search,,0.0,31.1,20.71,6.78,S3,0,,0,4474.0,obs,909,31.1,20.71,10.98,S3,31.1,20.71,10.98,S3,31.1,20.71,6.78,S3,12.567,0,S3,site_s3,S3,S3,S3,227.0,0.0,0.0,593.4,1,1,1,,
1786353281.798,c2,recommend,,0.0,26.76,14.03,2.45,S3,0,,0,200.0,obs,1213,26.76,14.03,4.0,S3,26.76,14.03,4.0,S3,26.76,14.03,2.45,S3,12.567,0,S3,site_s3,S3,S3,S3,303.5,0.0,0.0,647.4,1,1,1,,
1786353282.798,c1,reserve,,0.0,26.34,13.67,1.72,S3,0,,0,36.0,obs,605,26.34,13.67,3.65,S3,26.34,13.67,3.65,S3,26.34,13.67,1.72,S3,12.648,0,S3,site_s3,S3,S3,S3,151.0,0.0,0.0,42.0,1,1,1,,
1786353282.798,c1,search,,0.0,31.1,20.71,6.38,S3,0,,0,4474.0,obs,910,31.1,20.71,10.98,S3,31.1,20.71,10.98,S3,31.1,20.71,6.38,S3,12.648,0,S3,site_s3,S3,S3,S3,227.5,0.0,0.0,269.5,1,1,1,,
1786353282.798,c1,recommend,,0.0,26.76,14.03,2.42,S3,0,,0,200.0,obs,1215,26.76,14.03,4.0,S3,26.76,14.03,4.0,S3,26.76,14.03,2.42,S3,12.648,0,S3,site_s3,S3,S3,S3,303.5,0.0,0.0,323.5,1,1,1,,
1786353282.798,c2,reserve,,0.0,26.34,13.67,1.72,S3,0,,0,36.0,obs,605,26.34,13.67,3.65,S3,26.34,13.67,3.65,S3,26.34,13.67,1.72,S3,12.648,0,S3,site_s3,S3,S3,S3,151.5,0.0,0.0,365.6,1,1,1,,
1786353282.798,c2,search,,0.0,31.1,20.71,6.38,S3,0,,0,4474.0,obs,910,31.1,20.71,10.98,S3,31.1,20.71,10.98,S3,31.1,20.71,6.38,S3,12.648,0,S3,site_s3,S3,S3,S3,227.5,0.0,0.0,593.1,1,1,1,,
1786353282.798,c2,recommend,,0.0,26.76,14.03,2.42,S3,0,,0,200.0,obs,1215,26.76,14.03,4.0,S3,26.76,14.03,4.0,S3,26.76,14.03,2.42,S3,12.648,0,S3,site_s3,S3,S3,S3,304.0,0.0,0.0,647.2,1,1,1,,
1786353283.798,c1,reserve,,0.0,26.34,13.67,1.68,S3,0,,0,36.0,obs,608,26.34,13.67,3.65,S3,26.34,13.67,3.65,S3,26.34,13.67,1.68,S3,12.7,0,S3,site_s3,S3,S3,S3,152.0,0.0,0.0,42.3,1,1,1,,
1786353283.798,c1,search,,0.0,31.1,20.71,5.78,S3,0,,0,4474.0,obs,908,31.1,20.71,10.98,S3,31.1,20.71,10.98,S3,31.1,20.71,5.78,S3,12.7,0,S3,site_s3,S3,S3,S3,227.0,0.0,0.0,269.3,1,1,1,,
1786353283.798,c1,recommend,,0.0,26.76,14.03,2.41,S3,0,,0,200.0,obs,1217,26.76,14.03,4.0,S3,26.76,14.03,4.0,S3,26.76,14.03,2.41,S3,12.7,0,S3,site_s3,S3,S3,S3,304.0,0.0,0.0,323.4,1,1,1,,
1786353283.798,c2,reserve,,0.0,26.34,13.67,1.68,S3,0,,0,36.0,obs,608,26.34,13.67,3.65,S3,26.34,13.67,3.65,S3,26.34,13.67,1.68,S3,12.7,0,S3,site_s3,S3,S3,S3,152.0,0.0,0.0,365.6,1,1,1,,
1786353283.798,c2,search,,0.0,31.1,20.71,5.78,S3,0,,0,4474.0,obs,908,31.1,20.71,10.98,S3,31.1,20.71,10.98,S3,31.1,20.71,5.78,S3,12.7,0,S3,site_s3,S3,S3,S3,227.0,0.0,0.0,592.6,1,1,1,,
1786353283.798,c2,recommend,,0.0,26.76,14.03,2.41,S3,0,,0,200.0,obs,1217,26.76,14.03,4.0,S3,26.76,14.03,4.0,S3,26.76,14.03,2.41,S3,12.7,0,S3,site_s3,S3,S3,S3,304.5,0.0,0.0,646.8,1,1,1,,
1786353284.798,c1,reserve,,0.0,26.34,13.67,1.76,S3,0,,0,36.0,obs,608,26.34,13.67,3.65,S3,26.34,13.67,3.65,S3,26.34,13.67,1.76,S3,12.504,0,S3,site_s3,S3,S3,S3,152.0,0.0,0.0,42.3,1,1,1,,
1786353284.798,c1,search,,0.0,31.1,20.71,6.41,S3,0,,0,4474.0,obs,913,31.1,20.71,10.98,S3,31.1,20.71,10.98,S3,31.1,20.71,6.41,S3,12.504,0,S3,site_s3,S3,S3,S3,228.5,0.0,0.0,270.8,1,1,1,,
1786353284.798,c1,recommend,,0.0,26.76,14.03,2.3,S3,0,,0,200.0,obs,1217,26.76,14.03,4.0,S3,26.76,14.03,4.0,S3,26.76,14.03,2.3,S3,12.504,0,S3,site_s3,S3,S3,S3,304.0,0.0,0.0,324.9,1,1,1,,
1786353284.798,c2,reserve,,0.0,26.34,13.67,1.76,S3,0,,0,36.0,obs,608,26.34,13.67,3.65,S3,26.34,13.67,3.65,S3,26.34,13.67,1.76,S3,12.504,0,S3,site_s3,S3,S3,S3,152.0,0.0,0.0,367.1,1,1,1,,
1786353284.798,c2,search,,0.0,31.1,20.71,6.41,S3,0,,0,4474.0,obs,913,31.1,20.71,10.98,S3,31.1,20.71,10.98,S3,31.1,20.71,6.41,S3,12.504,0,S3,site_s3,S3,S3,S3,228.0,0.0,0.0,595.1,1,1,1,,
1786353284.798,c2,recommend,,0.0,26.76,14.03,2.3,S3,0,,0,200.0,obs,1217,26.76,14.03,4.0,S3,26.76,14.03,4.0,S3,26.76,14.03,2.3,S3,12.504,0,S3,site_s3,S3,S3,S3,304.5,0.0,0.0,649.3,1,1,1,,
1786353285.798,c1,reserve,,0.0,26.34,13.67,1.95,S3,0,,0,36.0,obs,608,26.34,13.67,3.65,S3,26.34,13.67,3.65,S3,26.34,13.67,1.95,S3,12.441,0,S3,site_s3,S3,S3,S3,152.0,0.0,0.0,42.3,1,1,1,,
1786353285.798,c1,search,,0.0,31.1,20.71,6.92,S3,0,,0,4474.0,obs,911,31.1,20.71,10.98,S3,31.1,20.71,10.98,S3,31.1,20.71,6.92,S3,12.441,0,S3,site_s3,S3,S3,S3,227.5,0.0,0.0,269.8,1,1,1,,
1786353285.798,c1,recommend,,0.0,26.76,14.03,2.48,S3,0,,0,200.0,obs,1220,26.76,14.03,4.0,S3,26.76,14.03,4.0,S3,26.76,14.03,2.48,S3,12.441,0,S3,site_s3,S3,S3,S3,305.0,0.0,0.0,324.0,1,1,1,,
1786353285.798,c2,reserve,,0.0,26.34,13.67,1.95,S3,0,,0,36.0,obs,608,26.34,13.67,3.65,S3,26.34,13.67,3.65,S3,26.34,13.67,1.95,S3,12.441,0,S3,site_s3,S3,S3,S3,152.0,0.0,0.0,366.3,1,1,1,,
1786353285.798,c2,search,,0.0,31.1,20.71,6.92,S3,0,,0,4474.0,obs,911,31.1,20.71,10.98,S3,31.1,20.71,10.98,S3,31.1,20.71,6.92,S3,12.441,0,S3,site_s3,S3,S3,S3,228.0,0.0,0.0,594.3,1,1,1,,
1786353285.798,c2,recommend,,0.0,26.76,14.03,2.48,S3,0,,0,200.0,obs,1220,26.76,14.03,4.0,S3,26.76,14.03,4.0,S3,26.76,14.03,2.48,S3,12.441,0,S3,site_s3,S3,S3,S3,305.0,0.0,0.0,648.6,1,1,1,,
1786353286.798,c1,reserve,,0.0,26.34,13.67,1.86,S3,0,,0,36.0,obs,610,26.34,13.67,3.65,S3,26.34,13.67,3.65,S3,26.34,13.67,1.86,S3,12.477,0,S3,site_s3,S3,S3,S3,152.5,0.0,0.0,42.4,1,1,1,,
1786353286.798,c1,search,,0.0,31.1,20.71,6.85,S3,0,,0,4474.0,obs,916,31.1,20.71,10.98,S3,31.1,20.71,10.98,S3,31.1,20.71,6.85,S3,12.477,0,S3,site_s3,S3,S3,S3,228.5,0.0,0.0,270.9,1,1,1,,
1786353286.798,c1,recommend,,0.0,26.76,14.03,2.41,S3,0,,0,200.0,obs,1219,26.76,14.03,4.0,S3,26.76,14.03,4.0,S3,26.76,14.03,2.41,S3,12.477,0,S3,site_s3,S3,S3,S3,305.0,0.0,0.0,325.2,1,1,1,,
1786353286.798,c2,reserve,,0.0,26.34,13.67,1.86,S3,0,,0,36.0,obs,610,26.34,13.67,3.65,S3,26.34,13.67,3.65,S3,26.34,13.67,1.86,S3,12.477,0,S3,site_s3,S3,S3,S3,152.5,0.0,0.0,367.6,1,1,1,,
1786353286.798,c2,search,,0.0,31.1,20.71,6.85,S3,0,,0,4474.0,obs,916,31.1,20.71,10.98,S3,31.1,20.71,10.98,S3,31.1,20.71,6.85,S3,12.477,0,S3,site_s3,S3,S3,S3,229.0,0.0,0.0,596.6,1,1,1,,
1786353286.798,c2,recommend,,0.0,26.76,14.03,2.41,S3,0,,0,200.0,obs,1219,26.76,14.03,4.0,S3,26.76,14.03,4.0,S3,26.76,14.03,2.41,S3,12.477,0,S3,site_s3,S3,S3,S3,304.5,0.0,0.0,650.8,1,1,1,,
1786353287.799,c1,reserve,,0.0,26.34,13.67,1.61,S3,0,,0,36.0,obs,607,26.34,13.67,3.65,S3,26.34,13.67,3.65,S3,26.34,13.67,1.61,S3,13.524,0,S3,site_s3,S3,S3,S3,151.5,0.0,0.0,42.1,1,1,1,,
1786353287.799,c1,search,,0.0,31.1,20.71,5.91,S3,0,,0,4474.0,obs,913,31.1,20.71,10.98,S3,31.1,20.71,10.98,S3,31.1,20.71,5.91,S3,13.524,0,S3,site_s3,S3,S3,S3,228.0,0.0,0.0,270.1,1,1,1,,
1786353287.799,c1,recommend,,0.0,26.76,14.03,2.16,S3,0,,0,200.0,obs,1225,26.76,14.03,4.0,S3,26.76,14.03,4.0,S3,26.76,14.03,2.16,S3,13.524,0,S3,site_s3,S3,S3,S3,306.5,0.0,0.0,324.7,1,1,1,,
1786353287.799,c2,reserve,,0.0,26.34,13.67,1.61,S3,0,,0,36.0,obs,607,26.34,13.67,3.65,S3,26.34,13.67,3.65,S3,26.34,13.67,1.61,S3,13.524,0,S3,site_s3,S3,S3,S3,152.0,0.0,0.0,366.9,1,1,1,,
1786353287.799,c2,search,,0.0,31.1,20.71,5.91,S3,0,,0,4474.0,obs,913,31.1,20.71,10.98,S3,31.1,20.71,10.98,S3,31.1,20.71,5.91,S3,13.524,0,S3,site_s3,S3,S3,S3,228.5,0.0,0.0,595.4,1,1,1,,
1786353287.799,c2,recommend,,0.0,26.76,14.03,2.16,S3,0,,0,200.0,obs,1225,26.76,14.03,4.0,S3,26.76,14.03,4.0,S3,26.76,14.03,2.16,S3,13.524,0,S3,site_s3,S3,S3,S3,306.0,0.0,0.0,649.9,1,1,1,,
1786353288.799,c1,reserve,,0.0,26.34,13.67,1.3,S3,0,,0,36.0,obs,613,26.34,13.67,3.65,S3,26.34,13.67,3.65,S3,26.34,13.67,1.3,S3,13.405,0,S3,site_s3,S3,S3,S3,153.0,0.0,0.0,42.5,1,1,1,,
1786353288.799,c1,search,,0.0,31.1,20.71,3.01,S3,0,,0,4474.0,obs,915,31.1,20.71,10.98,S3,31.1,20.71,10.98,S3,31.1,20.71,3.01,S3,13.405,0,S3,site_s3,S3,S3,S3,228.5,0.0,0.0,271.0,1,1,1,,
1786353288.799,c1,recommend,,0.0,26.76,14.03,1.24,S3,0,,0,200.0,obs,1219,26.76,14.03,4.0,S3,26.76,14.03,4.0,S3,26.76,14.03,1.24,S3,13.405,0,S3,site_s3,S3,S3,S3,305.0,0.0,0.0,325.3,1,1,1,,
1786353288.799,c2,reserve,,0.0,26.34,13.67,1.3,S3,0,,0,36.0,obs,613,26.34,13.67,3.65,S3,26.34,13.67,3.65,S3,26.34,13.67,1.3,S3,13.405,0,S3,site_s3,S3,S3,S3,153.5,0.0,0.0,368.0,1,1,1,,
1786353288.799,c2,search,,0.0,31.1,20.71,3.01,S3,0,,0,4474.0,obs,915,31.1,20.71,10.98,S3,31.1,20.71,10.98,S3,31.1,20.71,3.01,S3,13.405,0,S3,site_s3,S3,S3,S3,228.5,0.0,0.0,596.5,1,1,1,,
1786353288.799,c2,recommend,,0.0,26.76,14.03,1.24,S3,0,,0,200.0,obs,1219,26.76,14.03,4.0,S3,26.76,14.03,4.0,S3,26.76,14.03,1.24,S3,13.405,0,S3,site_s3,S3,S3,S3,304.5,0.0,0.0,650.7,1,1,1,,
1786353289.799,c1,reserve,,0.0,26.34,13.67,1.21,S3,0,,0,36.0,obs,609,26.34,13.67,3.65,S3,26.34,13.67,3.65,S3,26.34,13.67,1.21,S3,13.406,0,S3,site_s3,S3,S3,S3,152.0,0.0,0.0,42.3,1,1,1,,
1786353289.799,c1,search,,0.0,31.1,20.71,5.42,S3,0,,0,4474.0,obs,916,31.1,20.71,10.98,S3,31.1,20.71,10.98,S3,31.1,20.71,5.42,S3,13.406,0,S3,site_s3,S3,S3,S3,229.0,0.0,0.0,271.3,1,1,1,,
1786353289.799,c1,recommend,,0.0,26.76,14.03,1.75,S3,0,,0,200.0,obs,1224,26.76,14.03,4.0,S3,26.76,14.03,4.0,S3,26.76,14.03,1.75,S3,13.406,0,S3,site_s3,S3,S3,S3,306.0,0.0,0.0,325.7,1,1,1,,
1786353289.799,c2,reserve,,0.0,26.34,13.67,1.21,S3,0,,0,36.0,obs,609,26.34,13.67,3.65,S3,26.34,13.67,3.65,S3,26.34,13.67,1.21,S3,13.406,0,S3,site_s3,S3,S3,S3,152.5,0.0,0.0,368.1,1,1,1,,
1786353289.799,c2,search,,0.0,31.1,20.71,5.42,S3,0,,0,4474.0,obs,916,31.1,20.71,10.98,S3,31.1,20.71,10.98,S3,31.1,20.71,5.42,S3,13.406,0,S3,site_s3,S3,S3,S3,229.0,0.0,0.0,597.1,1,1,1,,
1786353289.799,c2,recommend,,0.0,26.76,14.03,1.75,S3,0,,0,200.0,obs,1224,26.76,14.03,4.0,S3,26.76,14.03,4.0,S3,26.76,14.03,1.75,S3,13.406,0,S3,site_s3,S3,S3,S3,306.0,0.0,0.0,651.6,1,1,1,,
1786353290.798,c1,reserve,,0.0,26.34,13.67,1.51,S3,0,,0,36.0,obs,613,26.34,13.67,3.65,S3,26.34,13.67,3.65,S3,26.34,13.67,1.51,S3,12.686,0,S3,site_s3,S3,S3,S3,153.0,0.0,0.0,42.5,1,1,1,,
1786353290.798,c1,search,,0.0,31.1,20.71,6.46,S3,0,,0,4474.0,obs,913,31.1,20.71,10.98,S3,31.1,20.71,10.98,S3,31.1,20.71,6.46,S3,12.686,0,S3,site_s3,S3,S3,S3,228.0,0.0,0.0,270.5,1,1,1,,
1786353290.798,c1,recommend,,0.0,26.76,14.03,2.4,S3,0,,0,200.0,obs,1225,26.76,14.03,4.0,S3,26.76,14.03,4.0,S3,26.76,14.03,2.4,S3,12.686,0,S3,site_s3,S3,S3,S3,306.5,0.0,0.0,325.1,1,1,1,,
1786353290.798,c2,reserve,,0.0,26.34,13.67,1.51,S3,0,,0,36.0,obs,613,26.34,13.67,3.65,S3,26.34,13.67,3.65,S3,26.34,13.67,1.51,S3,12.686,0,S3,site_s3,S3,S3,S3,153.5,0.0,0.0,367.8,1,1,1,,
1786353290.798,c2,search,,0.0,31.1,20.71,6.46,S3,0,,0,4474.0,obs,913,31.1,20.71,10.98,S3,31.1,20.71,10.98,S3,31.1,20.71,6.46,S3,12.686,0,S3,site_s3,S3,S3,S3,228.5,0.0,0.0,596.3,1,1,1,,
1786353290.798,c2,recommend,,0.0,26.76,14.03,2.4,S3,0,,0,200.0,obs,1225,26.76,14.03,4.0,S3,26.76,14.03,4.0,S3,26.76,14.03,2.4,S3,12.686,0,S3,site_s3,S3,S3,S3,306.0,0.0,0.0,650.7,1,1,1,,
1786353291.798,c1,reserve,,0.0,26.34,13.67,1.68,S3,0,,0,36.0,obs,610,26.34,13.67,3.65,S3,26.34,13.67,3.65,S3,26.34,13.67,1.68,S3,12.629,0,S3,site_s3,S3,S3,S3,152.5,0.0,0.0,42.4,1,1,1,,
1786353291.798,c1,search,,0.0,31.1,20.71,6.99,S3,0,,0,4474.0,obs,917,31.1,20.71,10.98,S3,31.1,20.71,10.98,S3,31.1,20.71,6.99,S3,12.629,0,S3,site_s3,S3,S3,S3,229.0,0.0,0.0,271.4,1,1,1,,
1786353291.798,c1,recommend,,0.0,26.76,14.03,2.4,S3,0,,0,200.0,obs,1224,26.76,14.03,4.0,S3,26.76,14.03,4.0,S3,26.76,14.03,2.4,S3,12.629,0,S3,site_s3,S3,S3,S3,306.0,0.0,0.0,325.9,1,1,1,,
1786353291.798,c2,reserve,,0.0,26.34,13.67,1.68,S3,0,,0,36.0,obs,610,26.34,13.67,3.65,S3,26.34,13.67,3.65,S3,26.34,13.67,1.68,S3,12.629,0,S3,site_s3,S3,S3,S3,152.5,0.0,0.0,368.3,1,1,1,,
1786353291.798,c2,search,,0.0,31.1,20.71,6.99,S3,0,,0,4474.0,obs,917,31.1,20.71,10.98,S3,31.1,20.71,10.98,S3,31.1,20.71,6.99,S3,12.629,0,S3,site_s3,S3,S3,S3,229.5,0.0,0.0,597.8,1,1,1,,
1786353291.798,c2,recommend,,0.0,26.76,14.03,2.4,S3,0,,0,200.0,obs,1224,26.76,14.03,4.0,S3,26.76,14.03,4.0,S3,26.76,14.03,2.4,S3,12.629,0,S3,site_s3,S3,S3,S3,306.0,0.0,0.0,652.2,1,1,1,,
1786353292.798,c1,reserve,,0.0,26.34,13.67,1.68,S3,0,,0,36.0,obs,610,26.34,13.67,3.65,S3,26.34,13.67,3.65,S3,26.34,13.67,1.68,S3,12.649,0,S3,site_s3,S3,S3,S3,152.5,0.0,0.0,42.4,1,1,1,,
1786353292.798,c1,search,,0.0,31.1,20.71,6.79,S3,0,,0,4474.0,obs,914,31.1,20.71,10.98,S3,31.1,20.71,10.98,S3,31.1,20.71,6.79,S3,12.649,0,S3,site_s3,S3,S3,S3,228.0,0.0,0.0,270.4,1,1,1,,
1786353292.798,c1,recommend,,0.0,26.76,14.03,2.34,S3,0,,0,200.0,obs,1226,26.76,14.03,4.0,S3,26.76,14.03,4.0,S3,26.76,14.03,2.34,S3,12.649,0,S3,site_s3,S3,S3,S3,306.5,0.0,0.0,325.0,1,1,1,,
1786353292.798,c2,reserve,,0.0,26.34,13.67,1.68,S3,0,,0,36.0,obs,610,26.34,13.67,3.65,S3,26.34,13.67,3.65,S3,26.34,13.67,1.68,S3,12.649,0,S3,site_s3,S3,S3,S3,152.5,0.0,0.0,367.3,1,1,1,,
1786353292.798,c2,search,,0.0,31.1,20.71,6.79,S3,0,,0,4474.0,obs,914,31.1,20.71,10.98,S3,31.1,20.71,10.98,S3,31.1,20.71,6.79,S3,12.649,0,S3,site_s3,S3,S3,S3,229.0,0.0,0.0,596.3,1,1,1,,
1786353292.798,c2,recommend,,0.0,26.76,14.03,2.34,S3,0,,0,200.0,obs,1226,26.76,14.03,4.0,S3,26.76,14.03,4.0,S3,26.76,14.03,2.34,S3,12.649,0,S3,site_s3,S3,S3,S3,306.5,0.0,0.0,650.9,1,1,1,,
1786353293.799,c1,reserve,,0.0,26.34,13.67,1.46,S3,0,,0,36.0,obs,614,26.34,13.67,3.65,S3,26.34,13.67,3.65,S3,26.34,13.67,1.46,S3,13.433,0,S3,site_s3,S3,S3,S3,153.5,0.0,0.0,42.7,1,1,1,,
1786353293.799,c1,search,,0.0,31.1,20.71,5.98,S3,0,,0,4474.0,obs,920,31.1,20.71,10.98,S3,31.1,20.71,10.98,S3,31.1,20.71,5.98,S3,13.433,0,S3,site_s3,S3,S3,S3,230.0,0.0,0.0,272.7,1,1,1,,
1786353293.799,c1,recommend,,0.0,26.76,14.03,2.48,S3,0,,0,200.0,obs,1223,26.76,14.03,4.0,S3,26.76,14.03,4.0,S3,26.76,14.03,2.48,S3,13.433,0,S3,site_s3,S3,S3,S3,306.0,0.0,0.0,327.1,1,1,1,,
1786353293.799,c2,reserve,,0.0,26.34,13.67,1.46,S3,0,,0,36.0,obs,614,26.34,13.67,3.65,S3,26.34,13.67,3.65,S3,26.34,13.67,1.46,S3,13.433,0,S3,site_s3,S3,S3,S3,153.5,0.0,0.0,369.8,1,1,1,,
1786353293.799,c2,search,,0.0,31.1,20.71,5.98,S3,0,,0,4474.0,obs,920,31.1,20.71,10.98,S3,31.1,20.71,10.98,S3,31.1,20.71,5.98,S3,13.433,0,S3,site_s3,S3,S3,S3,230.0,0.0,0.0,599.8,1,1,1,,
1786353293.799,c2,recommend,,0.0,26.76,14.03,2.48,S3,0,,0,200.0,obs,1223,26.76,14.03,4.0,S3,26.76,14.03,4.0,S3,26.76,14.03,2.48,S3,13.433,0,S3,site_s3,S3,S3,S3,305.5,0.0,0.0,654.2,1,1,1,,
1786353294.799,c1,reserve,,0.0,26.34,13.67,1.57,S3,0,,0,36.0,obs,611,26.34,13.67,3.65,S3,26.34,13.67,3.65,S3,26.34,13.67,1.57,S3,13.395,0,S3,site_s3,S3,S3,S3,153.0,0.0,0.0,42.5,1,1,1,,
1786353294.799,c1,search,,0.0,31.1,20.71,6.08,S3,0,,0,4474.0,obs,918,31.1,20.71,10.98,S3,31.1,20.71,10.98,S3,31.1,20.71,6.08,S3,13.395,0,S3,site_s3,S3,S3,S3,229.5,0.0,0.0,272.0,1,1,1,,
1786353294.799,c1,recommend,,0.0,26.76,14.03,2.41,S3,0,,0,200.0,obs,1229,26.76,14.03,4.0,S3,26.76,14.03,4.0,S3,26.76,14.03,2.41,S3,13.395,0,S3,site_s3,S3,S3,S3,307.0,0.0,0.0,326.7,1,1,1,,
1786353294.799,c2,reserve,,0.0,26.34,13.67,1.57,S3,0,,0,36.0,obs,611,26.34,13.67,3.65,S3,26.34,13.67,3.65,S3,26.34,13.67,1.57,S3,13.395,0,S3,site_s3,S3,S3,S3,152.5,0.0,0.0,369.1,1,1,1,,
1786353294.799,c2,search,,0.0,31.1,20.71,6.08,S3,0,,0,4474.0,obs,918,31.1,20.71,10.98,S3,31.1,20.71,10.98,S3,31.1,20.71,6.08,S3,13.395,0,S3,site_s3,S3,S3,S3,229.5,0.0,0.0,598.6,1,1,1,,
1786353294.799,c2,recommend,,0.0,26.76,14.03,2.41,S3,0,,0,200.0,obs,1229,26.76,14.03,4.0,S3,26.76,14.03,4.0,S3,26.76,14.03,2.41,S3,13.395,0,S3,site_s3,S3,S3,S3,307.5,0.0,0.0,653.3,1,1,1,,
1786353295.799,c1,reserve,,0.0,26.34,13.67,1.88,S3,0,,0,36.0,obs,617,26.34,13.67,3.65,S3,26.34,13.67,3.65,S3,26.34,13.67,1.88,S3,13.361,0,S3,site_s3,S3,S3,S3,154.5,0.0,0.0,43.0,1,1,1,,
1786353295.799,c1,search,,0.0,31.1,20.71,6.75,S3,0,,0,4474.0,obs,918,31.1,20.71,10.98,S3,31.1,20.71,10.98,S3,31.1,20.71,6.75,S3,13.361,0,S3,site_s3,S3,S3,S3,229.5,0.0,0.0,272.5,1,1,1,,
1786353295.799,c1,recommend,,0.0,26.76,14.03,2.56,S3,0,,0,200.0,obs,1223,26.76,14.03,4.0,S3,26.76,14.03,4.0,S3,26.76,14.03,2.56,S3,13.361,0,S3,site_s3,S3,S3,S3,305.5,0.0,0.0,326.8,1,1,1,,
1786353295.799,c2,reserve,,0.0,26.34,13.67,1.88,S3,0,,0,36.0,obs,617,26.34,13.67,3.65,S3,26.34,13.67,3.65,S3,26.34,13.67,1.88,S3,13.361,0,S3,site_s3,S3,S3,S3,154.0,0.0,0.0,369.6,1,1,1,,
1786353295.799,c2,search,,0.0,31.1,20.71,6.75,S3,0,,0,4474.0,obs,918,31.1,20.71,10.98,S3,31.1,20.71,10.98,S3,31.1,20.71,6.75,S3,13.361,0,S3,site_s3,S3,S3,S3,229.5,0.0,0.0,599.1,1,1,1,,
1786353295.799,c2,recommend,,0.0,26.76,14.03,2.56,S3,0,,0,200.0,obs,1223,26.76,14.03,4.0,S3,26.76,14.03,4.0,S3,26.76,14.03,2.56,S3,13.361,0,S3,site_s3,S3,S3,S3,306.0,0.0,0.0,653.6,1,1,1,,
1786353296.798,c1,reserve,,0.0,26.34,13.67,2.08,S3,0,,0,36.0,obs,611,26.34,13.67,3.65,S3,26.34,13.67,3.65,S3,26.34,13.67,2.08,S3,12.456,0,S3,site_s3,S3,S3,S3,153.0,0.0,0.0,42.5,1,1,1,,
1786353296.798,c1,search,,0.0,31.1,20.71,7.01,S3,0,,0,4474.0,obs,920,31.1,20.71,10.98,S3,31.1,20.71,10.98,S3,31.1,20.71,7.01,S3,12.456,0,S3,site_s3,S3,S3,S3,230.0,0.0,0.0,272.5,1,1,1,,
1786353296.798,c1,recommend,,0.0,26.76,14.03,2.55,S3,0,,0,200.0,obs,1227,26.76,14.03,4.0,S3,26.76,14.03,4.0,S3,26.76,14.03,2.55,S3,12.456,0,S3,site_s3,S3,S3,S3,306.5,0.0,0.0,327.1,1,1,1,,
1786353296.798,c2,reserve,,0.0,26.34,13.67,2.08,S3,0,,0,36.0,obs,611,26.34,13.67,3.65,S3,26.34,13.67,3.65,S3,26.34,13.67,2.08,S3,12.456,0,S3,site_s3,S3,S3,S3,152.5,0.0,0.0,369.5,1,1,1,,
1786353296.798,c2,search,,0.0,31.1,20.71,7.01,S3,0,,0,4474.0,obs,920,31.1,20.71,10.98,S3,31.1,20.71,10.98,S3,31.1,20.71,7.01,S3,12.456,0,S3,site_s3,S3,S3,S3,230.0,0.0,0.0,599.5,1,1,1,,
1786353296.798,c2,recommend,,0.0,26.76,14.03,2.55,S3,0,,0,200.0,obs,1227,26.76,14.03,4.0,S3,26.76,14.03,4.0,S3,26.76,14.03,2.55,S3,12.456,0,S3,site_s3,S3,S3,S3,307.0,0.0,0.0,654.1,1,1,1,,
1786353297.798,c1,reserve,,0.0,26.34,13.67,1.66,S3,0,,0,36.0,obs,616,26.34,13.67,3.65,S3,26.34,13.67,3.65,S3,26.34,13.67,1.66,S3,13.3,0,S3,site_s3,S3,S3,S3,154.0,0.0,0.0,42.8,1,1,1,,
1786353297.798,c1,search,,0.0,31.1,20.71,6.44,S3,0,,0,4474.0,obs,918,31.1,20.71,10.98,S3,31.1,20.71,10.98,S3,31.1,20.71,6.44,S3,13.3,0,S3,site_s3,S3,S3,S3,229.5,0.0,0.0,272.3,1,1,1,,
1786353297.798,c1,recommend,,0.0,26.76,14.03,2.25,S3,0,,0,200.0,obs,1228,26.76,14.03,4.0,S3,26.76,14.03,4.0,S3,26.76,14.03,2.25,S3,13.3,0,S3,site_s3,S3,S3,S3,307.0,0.0,0.0,327.0,1,1,1,,
1786353297.798,c2,reserve,,0.0,26.34,13.67,1.66,S3,0,,0,36.0,obs,616,26.34,13.67,3.65,S3,26.34,13.67,3.65,S3,26.34,13.67,1.66,S3,13.3,0,S3,site_s3,S3,S3,S3,154.0,0.0,0.0,369.8,1,1,1,,
1786353297.798,c2,search,,0.0,31.1,20.71,6.44,S3,0,,0,4474.0,obs,918,31.1,20.71,10.98,S3,31.1,20.71,10.98,S3,31.1,20.71,6.44,S3,13.3,0,S3,site_s3,S3,S3,S3,229.5,0.0,0.0,599.3,1,1,1,,
1786353297.798,c2,recommend,,0.0,26.76,14.03,2.25,S3,0,,0,200.0,obs,1228,26.76,14.03,4.0,S3,26.76,14.03,4.0,S3,26.76,14.03,2.25,S3,13.3,0,S3,site_s3,S3,S3,S3,307.0,0.0,0.0,653.9,1,1,1,,
1786353298.797,c1,reserve,,0.0,26.34,13.67,1.29,S3,0,,0,36.0,obs,584,26.34,13.67,3.65,S3,26.34,13.67,3.65,S3,26.34,13.67,1.29,S3,12.253,0,S3,site_s3,S3,S3,S3,146.0,0.0,0.0,40.6,1,1,1,,
1786353298.797,c1,search,,0.0,31.1,20.71,6.06,S3,0,,0,4474.0,obs,875,31.1,20.71,10.98,S3,31.1,20.71,10.98,S3,31.1,20.71,6.06,S3,12.253,0,S3,site_s3,S3,S3,S3,218.5,0.0,0.0,259.1,1,1,1,,
1786353298.797,c1,recommend,,0.0,26.76,14.03,2.15,S3,0,,0,200.0,obs,1161,26.76,14.03,4.0,S3,26.76,14.03,4.0,S3,26.76,14.03,2.15,S3,12.253,0,S3,site_s3,S3,S3,S3,290.0,0.0,0.0,310.7,1,1,1,,
1786353298.797,c2,reserve,,0.0,26.34,13.67,1.29,S3,0,,0,36.0,obs,584,26.34,13.67,3.65,S3,26.34,13.67,3.65,S3,26.34,13.67,1.29,S3,12.253,0,S3,site_s3,S3,S3,S3,146.0,0.0,0.0,351.3,1,1,1,,
1786353298.797,c2,search,,0.0,31.1,20.71,6.06,S3,0,,0,4474.0,obs,875,31.1,20.71,10.98,S3,31.1,20.71,10.98,S3,31.1,20.71,6.06,S3,12.253,0,S3,site_s3,S3,S3,S3,219.0,0.0,0.0,570.3,1,1,1,,
1786353298.797,c2,recommend,,0.0,26.76,14.03,2.15,S3,0,,0,200.0,obs,1161,26.76,14.03,4.0,S3,26.76,14.03,4.0,S3,26.76,14.03,2.15,S3,12.253,0,S3,site_s3,S3,S3,S3,290.5,0.0,0.0,622.0,1,1,1,,
1786353299.798,c1,reserve,,0.0,26.34,13.67,1.74,S3,0,,0,36.0,obs,581,26.34,13.67,3.65,S3,26.34,13.67,3.65,S3,26.34,13.67,1.74,S3,12.45,0,S3,site_s3,S3,S3,S3,145.5,0.0,0.0,40.4,1,1,1,,
1786353299.798,c1,search,,0.0,31.1,20.71,6.54,S3,0,,0,4474.0,obs,873,31.1,20.71,10.98,S3,31.1,20.71,10.98,S3,31.1,20.71,6.54,S3,12.45,0,S3,site_s3,S3,S3,S3,218.0,0.0,0.0,258.4,1,1,1,,
1786353299.798,c1,recommend,,0.0,26.76,14.03,2.49,S3,0,,0,200.0,obs,1170,26.76,14.03,4.0,S3,26.76,14.03,4.0,S3,26.76,14.03,2.49,S3,12.45,0,S3,site_s3,S3,S3,S3,292.5,0.0,0.0,310.5,1,1,1,,
1786353299.798,c2,reserve,,0.0,26.34,13.67,1.74,S3,0,,0,36.0,obs,581,26.34,13.67,3.65,S3,26.34,13.67,3.65,S3,26.34,13.67,1.74,S3,12.45,0,S3,site_s3,S3,S3,S3,145.0,0.0,0.0,350.8,1,1,1,,
1786353299.798,c2,search,,0.0,31.1,20.71,6.54,S3,0,,0,4474.0,obs,873,31.1,20.71,10.98,S3,31.1,20.71,10.98,S3,31.1,20.71,6.54,S3,12.45,0,S3,site_s3,S3,S3,S3,218.5,0.0,0.0,569.3,1,1,1,,
1786353299.798,c2,recommend,,0.0,26.76,14.03,2.49,S3,0,,0,200.0,obs,1170,26.76,14.03,4.0,S3,26.76,14.03,4.0,S3,26.76,14.03,2.49,S3,12.45,0,S3,site_s3,S3,S3,S3,292.5,0.0,0.0,621.4,1,1,1,,
1786353300.798,c1,reserve,,0.0,26.34,13.67,1.98,S3,0,,0,36.0,obs,587,26.34,13.67,3.65,S3,26.34,13.67,3.65,S3,26.34,13.67,1.98,S3,12.48,0,S3,site_s3,S3,S3,S3,147.0,0.0,0.0,40.9,1,1,1,,
1786353300.798,c1,search,,0.0,31.1,20.71,6.69,S3,0,,0,4474.0,obs,873,31.1,20.71,10.98,S3,31.1,20.71,10.98,S3,31.1,20.71,6.69,S3,12.48,0,S3,site_s3,S3,S3,S3,218.5,0.0,0.0,259.4,1,1,1,,
1786353300.798,c1,recommend,,0.0,26.76,14.03,2.5,S3,0,,0,200.0,obs,1165,26.76,14.03,4.0,S3,26.76,14.03,4.0,S3,26.76,14.03,2.5,S3,12.48,0,S3,site_s3,S3,S3,S3,290.5,0.0,0.0,311.1,1,1,1,,
1786353300.798,c2,reserve,,0.0,26.34,13.67,1.98,S3,0,,0,36.0,obs,587,26.34,13.67,3.65,S3,26.34,13.67,3.65,S3,26.34,13.67,1.98,S3,12.48,0,S3,site_s3,S3,S3,S3,146.5,0.0,0.0,351.8,1,1,1,,
1786353300.798,c2,search,,0.0,31.1,20.71,6.69,S3,0,,0,4474.0,obs,873,31.1,20.71,10.98,S3,31.1,20.71,10.98,S3,31.1,20.71,6.69,S3,12.48,0,S3,site_s3,S3,S3,S3,218.0,0.0,0.0,569.8,1,1,1,,
1786353300.798,c2,recommend,,0.0,26.76,14.03,2.5,S3,0,,0,200.0,obs,1165,26.76,14.03,4.0,S3,26.76,14.03,4.0,S3,26.76,14.03,2.5,S3,12.48,0,S3,site_s3,S3,S3,S3,292.0,0.0,0.0,621.8,1,1,1,,
1786353301.798,c1,reserve,,0.0,26.34,13.67,1.76,S3,0,,0,36.0,obs,580,26.34,13.67,3.65,S3,26.34,13.67,3.65,S3,26.34,13.67,1.76,S3,12.395,0,S3,site_s3,S3,S3,S3,145.0,0.0,0.0,40.3,1,1,1,,
1786353301.798,c1,search,,0.0,31.1,20.71,6.74,S3,0,,0,4474.0,obs,875,31.1,20.71,10.98,S3,31.1,20.71,10.98,S3,31.1,20.71,6.74,S3,12.395,0,S3,site_s3,S3,S3,S3,219.0,0.0,0.0,259.3,1,1,1,,
1786353301.798,c1,recommend,,0.0,26.76,14.03,2.41,S3,0,,0,200.0,obs,1171,26.76,14.03,4.0,S3,26.76,14.03,4.0,S3,26.76,14.03,2.41,S3,12.395,0,S3,site_s3,S3,S3,S3,292.5,0.0,0.0,311.4,1,1,1,,
1786353301.798,c2,reserve,,0.0,26.34,13.67,1.76,S3,0,,0,36.0,obs,580,26.34,13.67,3.65,S3,26.34,13.67,3.65,S3,26.34,13.67,1.76,S3,12.395,0,S3,site_s3,S3,S3,S3,145.0,0.0,0.0,351.7,1,1,1,,
1786353301.798,c2,search,,0.0,31.1,20.71,6.74,S3,0,,0,4474.0,obs,875,31.1,20.71,10.98,S3,31.1,20.71,10.98,S3,31.1,20.71,6.74,S3,12.395,0,S3,site_s3,S3,S3,S3,218.5,0.0,0.0,570.2,1,1,1,,
1786353301.798,c2,recommend,,0.0,26.76,14.03,2.41,S3,0,,0,200.0,obs,1171,26.76,14.03,4.0,S3,26.76,14.03,4.0,S3,26.76,14.03,2.41,S3,12.395,0,S3,site_s3,S3,S3,S3,293.0,0.0,0.0,622.3,1,1,1,,
1786353302.798,c1,reserve,,0.0,26.34,13.67,1.66,S3,0,,0,36.0,obs,587,26.34,13.67,3.65,S3,26.34,13.67,3.65,S3,26.34,13.67,1.66,S3,12.411,0,S3,site_s3,S3,S3,S3,146.5,0.0,0.0,40.7,1,1,1,,
1786353302.798,c1,search,,0.0,31.1,20.71,6.33,S3,0,,0,4474.0,obs,874,31.1,20.71,10.98,S3,31.1,20.71,10.98,S3,31.1,20.71,6.33,S3,12.411,0,S3,site_s3,S3,S3,S3,218.5,0.0,0.0,259.2,1,1,1,,
1786353302.798,c1,recommend,,0.0,26.76,14.03,2.19,S3,0,,0,200.0,obs,1167,26.76,14.03,4.0,S3,26.76,14.03,4.0,S3,26.76,14.03,2.19,S3,12.411,0,S3,site_s3,S3,S3,S3,291.5,0.0,0.0,311.1,1,1,1,,
1786353302.798,c2,reserve,,0.0,26.34,13.67,1.66,S3,0,,0,36.0,obs,587,26.34,13.67,3.65,S3,26.34,13.67,3.65,S3,26.34,13.67,1.66,S3,12.411,0,S3,site_s3,S3,S3,S3,147.0,0.0,0.0,352.0,1,1,1,,
1786353302.798,c2,search,,0.0,31.1,20.71,6.33,S3,0,,0,4474.0,obs,874,31.1,20.71,10.98,S3,31.1,20.71,10.98,S3,31.1,20.71,6.33,S3,12.411,0,S3,site_s3,S3,S3,S3,218.5,0.0,0.0,570.5,1,1,1,,
1786353302.798,c2,recommend,,0.0,26.76,14.03,2.19,S3,0,,0,200.0,obs,1167,26.76,14.03,4.0,S3,26.76,14.03,4.0,S3,26.76,14.03,2.19,S3,12.411,0,S3,site_s3,S3,S3,S3,292.0,0.0,0.0,622.5,1,1,1,,
1786353303.798,c1,reserve,,0.0,26.34,13.67,1.75,S3,0,,0,36.0,obs,581,26.34,13.67,3.65,S3,26.34,13.67,3.65,S3,26.34,13.67,1.75,S3,12.444,0,S3,site_s3,S3,S3,S3,145.0,0.0,0.0,40.3,1,1,1,,
1786353303.798,c1,search,,0.0,31.1,20.71,6.14,S3,0,,0,4474.0,obs,878,31.1,20.71,10.98,S3,31.1,20.71,10.98,S3,31.1,20.71,6.14,S3,12.444,0,S3,site_s3,S3,S3,S3,219.5,0.0,0.0,259.8,1,1,1,,
1786353303.798,c1,recommend,,0.0,26.76,14.03,2.14,S3,0,,0,200.0,obs,1170,26.76,14.03,4.0,S3,26.76,14.03,4.0,S3,26.76,14.03,2.14,S3,12.444,0,S3,site_s3,S3,S3,S3,292.5,0.0,0.0,311.9,1,1,1,,
1786353303.798,c2,reserve,,0.0,26.34,13.67,1.75,S3,0,,0,36.0,obs,581,26.34,13.67,3.65,S3,26.34,13.67,3.65,S3,26.34,13.67,1.75,S3,12.444,0,S3,site_s3,S3,S3,S3,145.5,0.0,0.0,352.3,1,1,1,,
1786353303.798,c2,search,,0.0,31.1,20.71,6.14,S3,0,,0,4474.0,obs,878,31.1,20.71,10.98,S3,31.1,20.71,10.98,S3,31.1,20.71,6.14,S3,12.444,0,S3,site_s3,S3,S3,S3,219.5,0.0,0.0,571.8,1,1,1,,
1786353303.798,c2,recommend,,0.0,26.76,14.03,2.14,S3,0,,0,200.0,obs,1170,26.76,14.03,4.0,S3,26.76,14.03,4.0,S3,26.76,14.03,2.14,S3,12.444,0,S3,site_s3,S3,S3,S3,292.5,0.0,0.0,623.9,1,1,1,,
1786353304.798,c1,reserve,,0.0,26.34,13.67,1.73,S3,0,,0,36.0,obs,585,26.34,13.67,3.65,S3,26.34,13.67,3.65,S3,26.34,13.67,1.73,S3,12.452,0,S3,site_s3,S3,S3,S3,146.0,0.0,0.0,40.6,1,1,1,,
1786353304.798,c1,search,,0.0,31.1,20.71,6.1,S3,0,,0,4474.0,obs,872,31.1,20.71,10.98,S3,31.1,20.71,10.98,S3,31.1,20.71,6.1,S3,12.452,0,S3,site_s3,S3,S3,S3,218.0,0.0,0.0,258.6,1,1,1,,
1786353304.798,c1,recommend,,0.0,26.76,14.03,2.48,S3,0,,0,200.0,obs,1172,26.76,14.03,4.0,S3,26.76,14.03,4.0,S3,26.76,14.03,2.48,S3,12.452,0,S3,site_s3,S3,S3,S3,293.0,0.0,0.0,310.7,1,1,1,,
1786353304.798,c2,reserve,,0.0,26.34,13.67,1.73,S3,0,,0,36.0,obs,585,26.34,13.67,3.65,S3,26.34,13.67,3.65,S3,26.34,13.67,1.73,S3,12.452,0,S3,site_s3,S3,S3,S3,146.5,0.0,0.0,351.5,1,1,1,,
1786353304.798,c2,search,,0.0,31.1,20.71,6.1,S3,0,,0,4474.0,obs,872,31.1,20.71,10.98,S3,31.1,20.71,10.98,S3,31.1,20.71,6.1,S3,12.452,0,S3,site_s3,S3,S3,S3,218.0,0.0,0.0,569.5,1,1,1,,
1786353304.798,c2,recommend,,0.0,26.76,14.03,2.48,S3,0,,0,200.0,obs,1172,26.76,14.03,4.0,S3,26.76,14.03,4.0,S3,26.76,14.03,2.48,S3,12.452,0,S3,site_s3,S3,S3,S3,293.0,0.0,0.0,621.6,1,1,1,,
1786353305.798,c1,reserve,,0.0,26.34,13.67,1.85,S3,0,,0,36.0,obs,586,26.34,13.67,3.65,S3,26.34,13.67,3.65,S3,26.34,13.67,1.85,S3,12.657,0,S3,site_s3,S3,S3,S3,146.5,0.0,0.0,40.7,1,1,1,,
1786353305.798,c1,search,,0.0,31.1,20.71,6.29,S3,0,,0,4474.0,obs,878,31.1,20.71,10.98,S3,31.1,20.71,10.98,S3,31.1,20.71,6.29,S3,12.657,0,S3,site_s3,S3,S3,S3,219.5,0.0,0.0,260.2,1,1,1,,
1786353305.798,c1,recommend,,0.0,26.76,14.03,2.41,S3,0,,0,200.0,obs,1167,26.76,14.03,4.0,S3,26.76,14.03,4.0,S3,26.76,14.03,2.41,S3,12.657,0,S3,site_s3,S3,S3,S3,291.5,0.0,0.0,312.1,1,1,1,,
1786353305.798,c2,reserve,,0.0,26.34,13.67,1.85,S3,0,,0,36.0,obs,586,26.34,13.67,3.65,S3,26.34,13.67,3.65,S3,26.34,13.67,1.85,S3,12.657,0,S3,site_s3,S3,S3,S3,146.5,0.0,0.0,352.8,1,1,1,,
1786353305.798,c2,search,,0.0,31.1,20.71,6.29,S3,0,,0,4474.0,obs,878,31.1,20.71,10.98,S3,31.1,20.71,10.98,S3,31.1,20.71,6.29,S3,12.657,0,S3,site_s3,S3,S3,S3,219.5,0.0,0.0,572.3,1,1,1,,
1786353305.798,c2,recommend,,0.0,26.76,14.03,2.41,S3,0,,0,200.0,obs,1167,26.76,14.03,4.0,S3,26.76,14.03,4.0,S3,26.76,14.03,2.41,S3,12.657,0,S3,site_s3,S3,S3,S3,292.0,0.0,0.0,624.3,1,1,1,,
1786353306.798,c1,reserve,,0.0,26.34,13.67,1.9,S3,0,,0,36.0,obs,582,26.34,13.67,3.65,S3,26.34,13.67,3.65,S3,26.34,13.67,1.9,S3,12.48,0,S3,site_s3,S3,S3,S3,145.5,0.0,0.0,40.4,1,1,1,,
1786353306.798,c1,search,,0.0,31.1,20.71,5.93,S3,0,,0,4474.0,obs,876,31.1,20.71,10.98,S3,31.1,20.71,10.98,S3,31.1,20.71,5.93,S3,12.48,0,S3,site_s3,S3,S3,S3,219.0,0.0,0.0,259.4,1,1,1,,
1786353306.798,c1,recommend,,0.0,26.76,14.03,2.49,S3,0,,0,200.0,obs,1177,26.76,14.03,4.0,S3,26.76,14.03,4.0,S3,26.76,14.03,2.49,S3,12.48,0,S3,site_s3,S3,S3,S3,294.0,0.0,0.0,311.8,1,1,1,,
1786353306.798,c2,reserve,,0.0,26.34,13.67,1.9,S3,0,,0,36.0,obs,582,26.34,13.67,3.65,S3,26.34,13.67,3.65,S3,26.34,13.67,1.9,S3,12.48,0,S3,site_s3,S3,S3,S3,145.5,0.0,0.0,352.2,1,1,1,,
1786353306.798,c2,search,,0.0,31.1,20.71,5.93,S3,0,,0,4474.0,obs,876,31.1,20.71,10.98,S3,31.1,20.71,10.98,S3,31.1,20.71,5.93,S3,12.48,0,S3,site_s3,S3,S3,S3,219.0,0.0,0.0,571.2,1,1,1,,
1786353306.798,c2,recommend,,0.0,26.76,14.03,2.49,S3,0,,0,200.0,obs,1177,26.76,14.03,4.0,S3,26.76,14.03,4.0,S3,26.76,14.03,2.49,S3,12.48,0,S3,site_s3,S3,S3,S3,294.5,0.0,0.0,623.7,1,1,1,,
1786353307.798,c1,reserve,,0.0,26.34,13.67,1.13,S3,0,,0,36.0,obs,589,26.34,13.67,3.65,S3,26.34,13.67,3.65,S3,26.34,13.67,1.13,S3,12.589,0,S3,site_s3,S3,S3,S3,147.0,0.0,0.0,40.9,1,1,1,,
1786353307.798,c1,search,,0.0,31.1,20.71,5.3,S3,0,,0,4474.0,obs,878,31.1,20.71,10.98,S3,31.1,20.71,10.98,S3,31.1,20.71,5.3,S3,12.589,0,S3,site_s3,S3,S3,S3,219.5,0.0,0.0,260.4,1,1,1,,
1786353307.798,c1,recommend,,0.0,26.76,14.03,2.26,S3,0,,0,200.0,obs,1169,26.76,14.03,4.0,S3,26.76,14.03,4.0,S3,26.76,14.03,2.26,S3,12.589,0,S3,site_s3,S3,S3,S3,292.0,0.0,0.0,312.3,1,1,1,,
1786353307.798,c2,reserve,,0.0,26.34,13.67,1.13,S3,0,,0,36.0,obs,589,26.34,13.67,3.65,S3,26.34,13.67,3.65,S3,26.34,13.67,1.13,S3,12.589,0,S3,site_s3,S3,S3,S3,147.5,0.0,0.0,353.3,1,1,1,,
1786353307.798,c2,search,,0.0,31.1,20.71,5.3,S3,0,,0,4474.0,obs,878,31.1,20.71,10.98,S3,31.1,20.71,10.98,S3,31.1,20.71,5.3,S3,12.589,0,S3,site_s3,S3,S3,S3,219.5,0.0,0.0,572.8,1,1,1,,
1786353307.798,c2,recommend,,0.0,26.76,14.03,2.26,S3,0,,0,200.0,obs,1169,26.76,14.03,4.0,S3,26.76,14.03,4.0,S3,26.76,14.03,2.26,S3,12.589,0,S3,site_s3,S3,S3,S3,292.5,0.0,0.0,624.9,1,1,1,,
1786353308.798,c1,reserve,,0.0,26.34,13.67,1.15,S3,0,,0,36.0,obs,583,26.34,13.67,3.65,S3,26.34,13.67,3.65,S3,26.34,13.67,1.15,S3,12.582,0,S3,site_s3,S3,S3,S3,145.5,0.0,0.0,40.4,1,1,1,,
1786353308.798,c1,search,,0.0,31.1,20.71,6.54,S3,0,,0,4474.0,obs,880,31.1,20.71,10.98,S3,31.1,20.71,10.98,S3,31.1,20.71,6.54,S3,12.582,0,S3,site_s3,S3,S3,S3,220.0,0.0,0.0,260.4,1,1,1,,
1786353308.798,c1,recommend,,0.0,26.76,14.03,2.29,S3,0,,0,200.0,obs,1176,26.76,14.03,4.0,S3,26.76,14.03,4.0,S3,26.76,14.03,2.29,S3,12.582,0,S3,site_s3,S3,S3,S3,294.0,0.0,0.0,312.8,1,1,1,,
1786353308.798,c2,reserve,,0.0,26.34,13.67,1.15,S3,0,,0,36.0,obs,583,26.34,13.67,3.65,S3,26.34,13.67,3.65,S3,26.34,13.67,1.15,S3,12.582,0,S3,site_s3,S3,S3,S3,146.0,0.0,0.0,353.4,1,1,1,,
1786353308.798,c2,search,,0.0,31.1,20.71,6.54,S3,0,,0,4474.0,obs,880,31.1,20.71,10.98,S3,31.1,20.71,10.98,S3,31.1,20.71,6.54,S3,12.582,0,S3,site_s3,S3,S3,S3,220.0,0.0,0.0,573.4,1,1,1,,
1786353308.798,c2,recommend,,0.0,26.76,14.03,2.29,S3,0,,0,200.0,obs,1176,26.76,14.03,4.0,S3,26.76,14.03,4.0,S3,26.76,14.03,2.29,S3,12.582,0,S3,site_s3,S3,S3,S3,294.0,0.0,0.0,625.7,1,1,1,,
1786353309.798,c1,reserve,,0.0,26.34,13.67,1.9,S3,0,,0,36.0,obs,591,26.34,13.67,3.65,S3,26.34,13.67,3.65,S3,26.34,13.67,1.9,S3,12.61,0,S3,site_s3,S3,S3,S3,147.5,0.0,0.0,41.0,1,1,1,,
1786353309.798,c1,search,,0.0,31.1,20.71,6.8,S3,0,,0,4474.0,obs,875,31.1,20.71,10.98,S3,31.1,20.71,10.98,S3,31.1,20.71,6.8,S3,12.61,0,S3,site_s3,S3,S3,S3,218.5,0.0,0.0,259.5,1,1,1,,
1786353309.798,c1,recommend,,0.0,26.76,14.03,2.53,S3,0,,0,200.0,obs,1171,26.76,14.03,4.0,S3,26.76,14.03,4.0,S3,26.76,14.03,2.53,S3,12.61,0,S3,site_s3,S3,S3,S3,293.0,0.0,0.0,311.7,1,1,1,,
1786353309.798,c2,reserve,,0.0,26.34,13.67,1.9,S3,0,,0,36.0,obs,591,26.34,13.67,3.65,S3,26.34,13.67,3.65,S3,26.34,13.67,1.9,S3,12.61,0,S3,site_s3,S3,S3,S3,148.0,0.0,0.0,352.8,1,1,1,,
1786353309.798,c2,search,,0.0,31.1,20.71,6.8,S3,0,,0,4474.0,obs,875,31.1,20.71,10.98,S3,31.1,20.71,10.98,S3,31.1,20.71,6.8,S3,12.61,0,S3,site_s3,S3,S3,S3,219.0,0.0,0.0,571.8,1,1,1,,
1786353309.798,c2,recommend,,0.0,26.76,14.03,2.53,S3,0,,0,200.0,obs,1171,26.76,14.03,4.0,S3,26.76,14.03,4.0,S3,26.76,14.03,2.53,S3,12.61,0,S3,site_s3,S3,S3,S3,292.5,0.0,0.0,623.9,1,1,1,,
1786353310.798,c1,reserve,,0.0,26.34,13.67,1.8,S3,0,,0,36.0,obs,585,26.34,13.67,3.65,S3,26.34,13.67,3.65,S3,26.34,13.67,1.8,S3,12.649,0,S3,site_s3,S3,S3,S3,146.0,0.0,0.0,40.6,1,1,1,,
1786353310.798,c1,search,,0.0,31.1,20.71,6.81,S3,0,,0,4474.0,obs,882,31.1,20.71,10.98,S3,31.1,20.71,10.98,S3,31.1,20.71,6.81,S3,12.649,0,S3,site_s3,S3,S3,S3,220.5,0.0,0.0,261.1,1,1,1,,
1786353310.798,c1,recommend,,0.0,26.76,14.03,2.46,S3,0,,0,200.0,obs,1175,26.76,14.03,4.0,S3,26.76,14.03,4.0,S3,26.76,14.03,2.46,S3,12.649,0,S3,site_s3,S3,S3,S3,294.0,0.0,0.0,313.4,1,1,1,,
1786353310.798,c2,reserve,,0.0,26.34,13.67,1.8,S3,0,,0,36.0,obs,585,26.34,13.67,3.65,S3,26.34,13.67,3.65,S3,26.34,13.67,1.8,S3,12.649,0,S3,site_s3,S3,S3,S3,146.5,0.0,0.0,354.1,1,1,1,,
1786353310.798,c2,search,,0.0,31.1,20.71,6.81,S3,0,,0,4474.0,obs,882,31.1,20.71,10.98,S3,31.1,20.71,10.98,S3,31.1,20.71,6.81,S3,12.649,0,S3,site_s3,S3,S3,S3,220.5,0.0,0.0,574.6,1,1,1,,
1786353310.798,c2,recommend,,0.0,26.76,14.03,2.46,S3,0,,0,200.0,obs,1175,26.76,14.03,4.0,S3,26.76,14.03,4.0,S3,26.76,14.03,2.46,S3,12.649,0,S3,site_s3,S3,S3,S3,293.5,0.0,0.0,626.9,1,1,1,,
1786353311.798,c1,reserve,,0.0,26.34,13.67,1.18,S3,0,,0,36.0,obs,590,26.34,13.67,3.65,S3,26.34,13.67,3.65,S3,26.34,13.67,1.18,S3,12.58,0,S3,site_s3,S3,S3,S3,147.5,0.0,0.0,41.0,1,1,1,,
1786353311.798,c1,search,,0.0,31.1,20.71,4.48,S3,0,,0,4474.0,obs,876,31.1,20.71,10.98,S3,31.1,20.71,10.98,S3,31.1,20.71,4.48,S3,12.58,0,S3,site_s3,S3,S3,S3,219.0,0.0,0.0,260.0,1,1,1,,
1786353311.798,c1,recommend,,0.0,26.76,14.03,1.7,S3,0,,0,200.0,obs,1176,26.76,14.03,4.0,S3,26.76,14.03,4.0,S3,26.76,14.03,1.7,S3,12.58,0,S3,site_s3,S3,S3,S3,294.0,0.0,0.0,312.3,1,1,1,,
1786353311.798,c2,reserve,,0.0,26.34,13.67,1.18,S3,0,,0,36.0,obs,590,26.34,13.67,3.65,S3,26.34,13.67,3.65,S3,26.34,13.67,1.18,S3,12.58,0,S3,site_s3,S3,S3,S3,147.5,0.0,0.0,353.3,1,1,1,,
1786353311.798,c2,search,,0.0,31.1,20.71,4.48,S3,0,,0,4474.0,obs,876,31.1,20.71,10.98,S3,31.1,20.71,10.98,S3,31.1,20.71,4.48,S3,12.58,0,S3,site_s3,S3,S3,S3,219.0,0.0,0.0,572.3,1,1,1,,
1786353311.798,c2,recommend,,0.0,26.76,14.03,1.7,S3,0,,0,200.0,obs,1176,26.76,14.03,4.0,S3,26.76,14.03,4.0,S3,26.76,14.03,1.7,S3,12.58,0,S3,site_s3,S3,S3,S3,294.0,0.0,0.0,624.7,1,1,1,,
1786353312.798,c1,reserve,,0.0,26.34,13.67,1.17,S3,0,,0,36.0,obs,590,26.34,13.67,3.65,S3,26.34,13.67,3.65,S3,26.34,13.67,1.17,S3,12.465,0,S3,site_s3,S3,S3,S3,147.5,0.0,0.0,41.0,1,1,1,,
1786353312.798,c1,search,,0.0,31.1,20.71,4.18,S3,0,,0,4474.0,obs,883,31.1,20.71,10.98,S3,31.1,20.71,10.98,S3,31.1,20.71,4.18,S3,12.465,0,S3,site_s3,S3,S3,S3,220.5,0.0,0.0,261.5,1,1,1,,
1786353312.798,c1,recommend,,0.0,26.76,14.03,1.64,S3,0,,0,200.0,obs,1172,26.76,14.03,4.0,S3,26.76,14.03,4.0,S3,26.76,14.03,1.64,S3,12.465,0,S3,site_s3,S3,S3,S3,293.0,0.0,0.0,313.7,1,1,1,,
1786353312.798,c2,reserve,,0.0,26.34,13.67,1.17,S3,0,,0,36.0,obs,590,26.34,13.67,3.65,S3,26.34,13.67,3.65,S3,26.34,13.67,1.17,S3,12.465,0,S3,site_s3,S3,S3,S3,147.5,0.0,0.0,354.7,1,1,1,,
1786353312.798,c2,search,,0.0,31.1,20.71,4.18,S3,0,,0,4474.0,obs,883,31.1,20.71,10.98,S3,31.1,20.71,10.98,S3,31.1,20.71,4.18,S3,12.465,0,S3,site_s3,S3,S3,S3,221.0,0.0,0.0,575.7,1,1,1,,
1786353312.798,c2,recommend,,0.0,26.76,14.03,1.64,S3,0,,0,200.0,obs,1172,26.76,14.03,4.0,S3,26.76,14.03,4.0,S3,26.76,14.03,1.64,S3,12.465,0,S3,site_s3,S3,S3,S3,293.0,0.0,0.0,627.8,1,1,1,,
1786353313.798,c1,reserve,,0.0,26.34,13.67,1.6,S3,0,,0,36.0,obs,586,26.34,13.67,3.65,S3,26.34,13.67,3.65,S3,26.34,13.67,1.6,S3,12.438,0,S3,site_s3,S3,S3,S3,146.5,0.0,0.0,40.7,1,1,1,,
1786353313.798,c1,search,,0.0,31.1,20.71,6.7,S3,0,,0,4474.0,obs,879,31.1,20.71,10.98,S3,31.1,20.71,10.98,S3,31.1,20.71,6.7,S3,12.438,0,S3,site_s3,S3,S3,S3,219.5,0.0,0.0,260.2,1,1,1,,
1786353313.798,c1,recommend,,0.0,26.76,14.03,2.47,S3,0,,0,200.0,obs,1181,26.76,14.03,4.0,S3,26.76,14.03,4.0,S3,26.76,14.03,2.47,S3,12.438,0,S3,site_s3,S3,S3,S3,295.0,0.0,0.0,312.7,1,1,1,,
1786353313.798,c2,reserve,,0.0,26.34,13.67,1.6,S3,0,,0,36.0,obs,586,26.34,13.67,3.65,S3,26.34,13.67,3.65,S3,26.34,13.67,1.6,S3,12.438,0,S3,site_s3,S3,S3,S3,146.5,0.0,0.0,353.5,1,1,1,,
1786353313.798,c2,search,,0.0,31.1,20.71,6.7,S3,0,,0,4474.0,obs,879,31.1,20.71,10.98,S3,31.1,20.71,10.98,S3,31.1,20.71,6.7,S3,12.438,0,S3,site_s3,S3,S3,S3,220.0,0.0,0.0,573.5,1,1,1,,
1786353313.798,c2,recommend,,0.0,26.76,14.03,2.47,S3,0,,0,200.0,obs,1181,26.76,14.03,4.0,S3,26.76,14.03,4.0,S3,26.76,14.03,2.47,S3,12.438,0,S3,site_s3,S3,S3,S3,295.5,0.0,0.0,626.1,1,1,1,,
1786353314.798,c1,reserve,,0.0,26.34,13.67,2.0,S3,0,,0,36.0,obs,592,26.34,13.67,3.65,S3,26.34,13.67,3.65,S3,26.34,13.67,2.0,S3,12.553,0,S3,site_s3,S3,S3,S3,148.0,0.0,0.0,41.1,1,1,1,,
1786353314.798,c1,search,,0.0,31.1,20.71,6.7,S3,0,,0,4474.0,obs,882,31.1,20.71,10.98,S3,31.1,20.71,10.98,S3,31.1,20.71,6.7,S3,12.553,0,S3,site_s3,S3,S3,S3,220.0,0.0,0.0,261.1,1,1,1,,
1786353314.798,c1,recommend,,0.0,26.76,14.03,2.51,S3,0,,0,200.0,obs,1174,26.76,14.03,4.0,S3,26.76,14.03,4.0,S3,26.76,14.03,2.51,S3,12.553,0,S3,site_s3,S3,S3,S3,293.5,0.0,0.0,313.4,1,1,1,,
1786353314.798,c2,reserve,,0.0,26.34,13.67,2.0,S3,0,,0,36.0,obs,592,26.34,13.67,3.65,S3,26.34,13.67,3.65,S3,26.34,13.67,2.0,S3,12.553,0,S3,site_s3,S3,S3,S3,148.0,0.0,0.0,354.5,1,1,1,,
1786353314.798,c2,search,,0.0,31.1,20.71,6.7,S3,0,,0,4474.0,obs,882,31.1,20.71,10.98,S3,31.1,20.71,10.98,S3,31.1,20.71,6.7,S3,12.553,0,S3,site_s3,S3,S3,S3,221.0,0.0,0.0,575.5,1,1,1,,
1786353314.798,c2,recommend,,0.0,26.76,14.03,2.51,S3,0,,0,200.0,obs,1174,26.76,14.03,4.0,S3,26.76,14.03,4.0,S3,26.76,14.03,2.51,S3,12.553,0,S3,site_s3,S3,S3,S3,293.5,0.0,0.0,627.8,1,1,1,,
1786353315.798,c1,reserve,,0.0,26.34,13.67,1.89,S3,0,,0,36.0,obs,586,26.34,13.67,3.65,S3,26.34,13.67,3.65,S3,26.34,13.67,1.89,S3,12.443,0,S3,site_s3,S3,S3,S3,146.5,0.0,0.0,40.7,1,1,1,,
1786353315.798,c1,search,,0.0,31.1,20.71,6.91,S3,0,,0,4474.0,obs,884,31.1,20.71,10.98,S3,31.1,20.71,10.98,S3,31.1,20.71,6.91,S3,12.443,0,S3,site_s3,S3,S3,S3,221.0,0.0,0.0,261.7,1,1,1,,
1786353315.798,c1,recommend,,0.0,26.76,14.03,2.5,S3,0,,0,200.0,obs,1182,26.76,14.03,4.0,S3,26.76,14.03,4.0,S3,26.76,14.03,2.5,S3,12.443,0,S3,site_s3,S3,S3,S3,295.5,0.0,0.0,314.3,1,1,1,,
1786353315.798,c2,reserve,,0.0,26.34,13.67,1.89,S3,0,,0,36.0,obs,586,26.34,13.67,3.65,S3,26.34,13.67,3.65,S3,26.34,13.67,1.89,S3,12.443,0,S3,site_s3,S3,S3,S3,146.5,0.0,0.0,355.1,1,1,1,,
1786353315.798,c2,search,,0.0,31.1,20.71,6.91,S3,0,,0,4474.0,obs,884,31.1,20.71,10.98,S3,31.1,20.71,10.98,S3,31.1,20.71,6.91,S3,12.443,0,S3,site_s3,S3,S3,S3,221.0,0.0,0.0,576.1,1,1,1,,
1786353315.798,c2,recommend,,0.0,26.76,14.03,2.5,S3,0,,0,200.0,obs,1182,26.76,14.03,4.0,S3,26.76,14.03,4.0,S3,26.76,14.03,2.5,S3,12.443,0,S3,site_s3,S3,S3,S3,295.5,0.0,0.0,628.7,1,1,1,,
1786353316.798,c1,reserve,,0.0,26.34,13.67,1.68,S3,0,,0,36.0,obs,592,26.34,13.67,3.65,S3,26.34,13.67,3.65,S3,26.34,13.67,1.68,S3,12.375,0,S3,site_s3,S3,S3,S3,148.0,0.0,0.0,41.1,1,1,1,,
1786353316.798,c1,search,,0.0,31.1,20.71,6.83,S3,0,,0,4474.0,obs,882,31.1,20.71,10.98,S3,31.1,20.71,10.98,S3,31.1,20.71,6.83,S3,12.375,0,S3,site_s3,S3,S3,S3,220.5,0.0,0.0,261.6,1,1,1,,
1786353316.798,c1,recommend,,0.0,26.76,14.03,2.45,S3,0,,0,200.0,obs,1178,26.76,14.03,4.0,S3,26.76,14.03,4.0,S3,26.76,14.03,2.45,S3,12.375,0,S3,site_s3,S3,S3,S3,294.5,0.0,0.0,314.1,1,1,1,,
1786353316.798,c2,reserve,,0.0,26.34,13.67,1.68,S3,0,,0,36.0,obs,592,26.34,13.67,3.65,S3,26.34,13.67,3.65,S3,26.34,13.67,1.68,S3,12.375,0,S3,site_s3,S3,S3,S3,148.0,0.0,0.0,355.2,1,1,1,,
1786353316.798,c2,search,,0.0,31.1,20.71,6.83,S3,0,,0,4474.0,obs,882,31.1,20.71,10.98,S3,31.1,20.71,10.98,S3,31.1,20.71,6.83,S3,12.375,0,S3,site_s3,S3,S3,S3,220.5,0.0,0.0,575.7,1,1,1,,
1786353316.798,c2,recommend,,0.0,26.76,14.03,2.45,S3,0,,0,200.0,obs,1178,26.76,14.03,4.0,S3,26.76,14.03,4.0,S3,26.76,14.03,2.45,S3,12.375,0,S3,site_s3,S3,S3,S3,294.5,0.0,0.0,628.1,1,1,1,,
1786353317.798,c1,reserve,,0.0,26.34,13.67,1.6,S3,0,,0,36.0,obs,589,26.34,13.67,3.65,S3,26.34,13.67,3.65,S3,26.34,13.67,1.6,S3,12.392,0,S3,site_s3,S3,S3,S3,147.0,0.0,0.0,40.9,1,1,1,,
1786353317.798,c1,search,,0.0,31.1,20.71,6.02,S3,0,,0,4474.0,obs,886,31.1,20.71,10.98,S3,31.1,20.71,10.98,S3,31.1,20.71,6.02,S3,12.392,0,S3,site_s3,S3,S3,S3,221.5,0.0,0.0,262.4,1,1,1,,
1786353317.798,c1,recommend,,0.0,26.76,14.03,2.22,S3,0,,0,200.0,obs,1182,26.76,14.03,4.0,S3,26.76,14.03,4.0,S3,26.76,14.03,2.22,S3,12.392,0,S3,site_s3,S3,S3,S3,295.0,0.0,0.0,314.9,1,1,1,,
1786353317.798,c2,reserve,,0.0,26.34,13.67,1.6,S3,0,,0,36.0,obs,589,26.34,13.67,3.65,S3,26.34,13.67,3.65,S3,26.34,13.67,1.6,S3,12.392,0,S3,site_s3,S3,S3,S3,147.0,0.0,0.0,355.7,1,1,1,,
1786353317.798,c2,search,,0.0,31.1,20.71,6.02,S3,0,,0,4474.0,obs,886,31.1,20.71,10.98,S3,31.1,20.71,10.98,S3,31.1,20.71,6.02,S3,12.392,0,S3,site_s3,S3,S3,S3,221.5,0.0,0.0,577.2,1,1,1,,
1786353317.798,c2,recommend,,0.0,26.76,14.03,2.22,S3,0,,0,200.0,obs,1182,26.76,14.03,4.0,S3,26.76,14.03,4.0,S3,26.76,14.03,2.22,S3,12.392,0,S3,site_s3,S3,S3,S3,295.5,0.0,0.0,629.8,1,1,1,,
1786353318.798,c1,reserve,,0.0,26.34,13.67,1.28,S3,0,,0,36.0,obs,591,26.34,13.67,3.65,S3,26.34,13.67,3.65,S3,26.34,13.67,1.28,S3,12.419,0,S3,site_s3,S3,S3,S3,148.0,0.0,0.0,41.1,1,1,1,,
1786353318.798,c1,search,,0.0,31.1,20.71,5.32,S3,0,,0,4474.0,obs,882,31.1,20.71,10.98,S3,31.1,20.71,10.98,S3,31.1,20.71,5.32,S3,12.419,0,S3,site_s3,S3,S3,S3,220.5,0.0,0.0,261.6,1,1,1,,
1786353318.798,c1,recommend,,0.0,26.76,14.03,2.15,S3,0,,0,200.0,obs,1182,26.76,14.03,4.0,S3,26.76,14.03,4.0,S3,26.76,14.03,2.15,S3,12.419,0,S3,site_s3,S3,S3,S3,295.5,0.0,0.0,314.2,1,1,1,,
1786353318.798,c2,reserve,,0.0,26.34,13.67,1.28,S3,0,,0,36.0,obs,591,26.34,13.67,3.65,S3,26.34,13.67,3.65,S3,26.34,13.67,1.28,S3,12.419,0,S3,site_s3,S3,S3,S3,147.5,0.0,0.0,355.2,1,1,1,,
1786353318.798,c2,search,,0.0,31.1,20.71,5.32,S3,0,,0,4474.0,obs,882,31.1,20.71,10.98,S3,31.1,20.71,10.98,S3,31.1,20.71,5.32,S3,12.419,0,S3,site_s3,S3,S3,S3,220.5,0.0,0.0,575.7,1,1,1,,
1786353318.798,c2,recommend,,0.0,26.76,14.03,2.15,S3,0,,0,200.0,obs,1182,26.76,14.03,4.0,S3,26.76,14.03,4.0,S3,26.76,14.03,2.15,S3,12.419,0,S3,site_s3,S3,S3,S3,295.5,0.0,0.0,628.3,1,1,1,,
1786353319.798,c1,reserve,,0.0,26.34,13.67,1.58,S3,0,,0,36.0,obs,591,26.34,13.67,3.65,S3,26.34,13.67,3.65,S3,26.34,13.67,1.58,S3,12.606,0,S3,site_s3,S3,S3,S3,148.0,0.0,0.0,41.1,1,1,1,,
1786353319.798,c1,search,,0.0,31.1,20.71,6.44,S3,0,,0,4474.0,obs,889,31.1,20.71,10.98,S3,31.1,20.71,10.98,S3,31.1,20.71,6.44,S3,12.606,0,S3,site_s3,S3,S3,S3,222.0,0.0,0.0,263.1,1,1,1,,
1786353319.798,c1,recommend,,0.0,26.76,14.03,2.48,S3,0,,0,200.0,obs,1180,26.76,14.03,4.0,S3,26.76,14.03,4.0,S3,26.76,14.03,2.48,S3,12.606,0,S3,site_s3,S3,S3,S3,295.0,0.0,0.0,315.7,1,1,1,,
1786353319.798,c2,reserve,,0.0,26.34,13.67,1.58,S3,0,,0,36.0,obs,591,26.34,13.67,3.65,S3,26.34,13.67,3.65,S3,26.34,13.67,1.58,S3,12.606,0,S3,site_s3,S3,S3,S3,147.5,0.0,0.0,356.7,1,1,1,,
1786353319.798,c2,search,,0.0,31.1,20.71,6.44,S3,0,,0,4474.0,obs,889,31.1,20.71,10.98,S3,31.1,20.71,10.98,S3,31.1,20.71,6.44,S3,12.606,0,S3,site_s3,S3,S3,S3,222.5,0.0,0.0,579.2,1,1,1,,
1786353319.798,c2,recommend,,0.0,26.76,14.03,2.48,S3,0,,0,200.0,obs,1180,26.76,14.03,4.0,S3,26.76,14.03,4.0,S3,26.76,14.03,2.48,S3,12.606,0,S3,site_s3,S3,S3,S3,295.0,0.0,0.0,631.7,1,1,1,,
1786353320.798,c1,reserve,,0.0,26.34,13.67,1.82,S3,0,,0,36.0,obs,590,26.34,13.67,3.65,S3,26.34,13.67,3.65,S3,26.34,13.67,1.82,S3,12.544,0,S3,site_s3,S3,S3,S3,148.0,0.0,0.0,41.1,1,1,1,,
1786353320.798,c1,search,,0.0,31.1,20.71,6.72,S3,0,,0,4474.0,obs,885,31.1,20.71,10.98,S3,31.1,20.71,10.98,S3,31.1,20.71,6.72,S3,12.544,0,S3,site_s3,S3,S3,S3,221.0,0.0,0.0,262.1,1,1,1,,
1786353320.798,c1,recommend,,0.0,26.76,14.03,2.59,S3,0,,0,200.0,obs,1186,26.76,14.03,4.0,S3,26.76,14.03,4.0,S3,26.76,14.03,2.59,S3,12.544,0,S3,site_s3,S3,S3,S3,296.0,0.0,0.0,314.8,1,1,1,,
1786353320.798,c2,reserve,,0.0,26.34,13.67,1.82,S3,0,,0,36.0,obs,590,26.34,13.67,3.65,S3,26.34,13.67,3.65,S3,26.34,13.67,1.82,S3,12.544,0,S3,site_s3,S3,S3,S3,147.0,0.0,0.0,355.7,1,1,1,,
1786353320.798,c2,search,,0.0,31.1,20.71,6.72,S3,0,,0,4474.0,obs,885,31.1,20.71,10.98,S3,31.1,20.71,10.98,S3,31.1,20.71,6.72,S3,12.544,0,S3,site_s3,S3,S3,S3,221.5,0.0,0.0,577.2,1,1,1,,
1786353320.798,c2,recommend,,0.0,26.76,14.03,2.59,S3,0,,0,200.0,obs,1186,26.76,14.03,4.0,S3,26.76,14.03,4.0,S3,26.76,14.03,2.59,S3,12.544,0,S3,site_s3,S3,S3,S3,297.0,0.0,0.0,630.1,1,1,1,,
1786353321.799,c1,reserve,,0.0,26.34,13.67,1.3,S3,0,,0,36.0,obs,593,26.34,13.67,3.65,S3,26.34,13.67,3.65,S3,26.34,13.67,1.3,S3,13.558,0,S3,site_s3,S3,S3,S3,148.5,0.0,0.0,41.3,1,1,1,,
1786353321.799,c1,search,,0.0,31.1,20.71,6.16,S3,0,,0,4474.0,obs,887,31.1,20.71,10.98,S3,31.1,20.71,10.98,S3,31.1,20.71,6.16,S3,13.558,0,S3,site_s3,S3,S3,S3,221.5,0.0,0.0,262.8,1,1,1,,
1786353321.799,c1,recommend,,0.0,26.76,14.03,2.46,S3,0,,0,200.0,obs,1179,26.76,14.03,4.0,S3,26.76,14.03,4.0,S3,26.76,14.03,2.46,S3,13.558,0,S3,site_s3,S3,S3,S3,294.5,0.0,0.0,315.2,1,1,1,,
1786353321.799,c2,reserve,,0.0,26.34,13.67,1.3,S3,0,,0,36.0,obs,593,26.34,13.67,3.65,S3,26.34,13.67,3.65,S3,26.34,13.67,1.3,S3,13.558,0,S3,site_s3,S3,S3,S3,148.0,0.0,0.0,356.3,1,1,1,,
1786353321.799,c2,search,,0.0,31.1,20.71,6.16,S3,0,,0,4474.0,obs,887,31.1,20.71,10.98,S3,31.1,20.71,10.98,S3,31.1,20.71,6.16,S3,13.558,0,S3,site_s3,S3,S3,S3,222.0,0.0,0.0,578.3,1,1,1,,
1786353321.799,c2,recommend,,0.0,26.76,14.03,2.46,S3,0,,0,200.0,obs,1179,26.76,14.03,4.0,S3,26.76,14.03,4.0,S3,26.76,14.03,2.46,S3,13.558,0,S3,site_s3,S3,S3,S3,295.0,0.0,0.0,630.9,1,1,1,,
1786353322.799,c1,reserve,,0.0,26.34,13.67,1.21,S3,0,,0,36.0,obs,588,26.34,13.67,3.65,S3,26.34,13.67,3.65,S3,26.34,13.67,1.21,S3,13.469,0,S3,site_s3,S3,S3,S3,147.0,0.0,0.0,40.9,1,1,1,,
1786353322.799,c1,search,,0.0,31.1,20.71,6.47,S3,0,,0,4474.0,obs,888,31.1,20.71,10.98,S3,31.1,20.71,10.98,S3,31.1,20.71,6.47,S3,13.469,0,S3,site_s3,S3,S3,S3,222.0,0.0,0.0,262.9,1,1,1,,
1786353322.799,c1,recommend,,0.0,26.76,14.03,2.42,S3,0,,0,200.0,obs,1187,26.76,14.03,4.0,S3,26.76,14.03,4.0,S3,26.76,14.03,2.42,S3,13.469,0,S3,site_s3,S3,S3,S3,296.5,0.0,0.0,315.6,1,1,1,,
1786353322.799,c2,reserve,,0.0,26.34,13.67,1.21,S3,0,,0,36.0,obs,588,26.34,13.67,3.65,S3,26.34,13.67,3.65,S3,26.34,13.67,1.21,S3,13.469,0,S3,site_s3,S3,S3,S3,147.0,0.0,0.0,356.5,1,1,1,,
1786353322.799,c2,search,,0.0,31.1,20.71,6.47,S3,0,,0,4474.0,obs,888,31.1,20.71,10.98,S3,31.1,20.71,10.98,S3,31.1,20.71,6.47,S3,13.469,0,S3,site_s3,S3,S3,S3,222.0,0.0,0.0,578.5,1,1,1,,
1786353322.799,c2,recommend,,0.0,26.76,14.03,2.42,S3,0,,0,200.0,obs,1187,26.76,14.03,4.0,S3,26.76,14.03,4.0,S3,26.76,14.03,2.42,S3,13.469,0,S3,site_s3,S3,S3,S3,297.0,0.0,0.0,631.4,1,1,1,,
1786353323.799,c1,reserve,,0.0,26.34,13.67,1.87,S3,0,,0,36.0,obs,596,26.34,13.67,3.65,S3,26.34,13.67,3.65,S3,26.34,13.67,1.87,S3,13.617,0,S3,site_s3,S3,S3,S3,149.0,0.0,0.0,41.4,1,1,1,,
1786353323.799,c1,search,,0.0,31.1,20.71,7.27,S3,0,,0,4474.0,obs,885,31.1,20.71,10.98,S3,31.1,20.71,10.98,S3,31.1,20.71,7.27,S3,13.617,0,S3,site_s3,S3,S3,S3,221.5,0.0,0.0,262.9,1,1,1,,
1786353323.799,c1,recommend,,0.0,26.76,14.03,2.56,S3,0,,0,200.0,obs,1183,26.76,14.03,4.0,S3,26.76,14.03,4.0,S3,26.76,14.03,2.56,S3,13.617,0,S3,site_s3,S3,S3,S3,295.5,0.0,0.0,315.5,1,1,1,,
1786353323.799,c2,reserve,,0.0,26.34,13.67,1.87,S3,0,,0,36.0,obs,596,26.34,13.67,3.65,S3,26.34,13.67,3.65,S3,26.34,13.67,1.87,S3,13.617,0,S3,site_s3,S3,S3,S3,149.0,0.0,0.0,356.9,1,1,1,,
1786353323.799,c2,search,,0.0,31.1,20.71,7.27,S3,0,,0,4474.0,obs,885,31.1,20.71,10.98,S3,31.1,20.71,10.98,S3,31.1,20.71,7.27,S3,13.617,0,S3,site_s3,S3,S3,S3,221.0,0.0,0.0,577.9,1,1,1,,
1786353323.799,c2,recommend,,0.0,26.76,14.03,2.56,S3,0,,0,200.0,obs,1183,26.76,14.03,4.0,S3,26.76,14.03,4.0,S3,26.76,14.03,2.56,S3,13.617,0,S3,site_s3,S3,S3,S3,296.0,0.0,0.0,630.6,1,1,1,,
1786353324.799,c1,reserve,,0.0,26.34,13.67,1.75,S3,0,,0,36.0,obs,590,26.34,13.67,3.65,S3,26.34,13.67,3.65,S3,26.34,13.67,1.75,S3,13.335,0,S3,site_s3,S3,S3,S3,147.5,0.0,0.0,41.0,1,1,1,,
1786353324.799,c1,search,,0.0,31.1,20.71,6.83,S3,0,,0,4474.0,obs,888,31.1,20.71,10.98,S3,31.1,20.71,10.98,S3,31.1,20.71,6.83,S3,13.335,0,S3,site_s3,S3,S3,S3,222.0,0.0,0.0,263.0,1,1,1,,
1786353324.799,c1,recommend,,0.0,26.76,14.03,2.54,S3,0,,0,200.0,obs,1186,26.76,14.03,4.0,S3,26.76,14.03,4.0,S3,26.76,14.03,2.54,S3,13.335,0,S3,site_s3,S3,S3,S3,296.5,0.0,0.0,315.8,1,1,1,,
1786353324.799,c2,reserve,,0.0,26.34,13.67,1.75,S3,0,,0,36.0,obs,590,26.34,13.67,3.65,S3,26.34,13.67,3.65,S3,26.34,13.67,1.75,S3,13.335,0,S3,site_s3,S3,S3,S3,147.5,0.0,0.0,356.8,1,1,1,,
1786353324.799,c2,search,,0.0,31.1,20.71,6.83,S3,0,,0,4474.0,obs,888,31.1,20.71,10.98,S3,31.1,20.71,10.98,S3,31.1,20.71,6.83,S3,13.335,0,S3,site_s3,S3,S3,S3,222.0,0.0,0.0,578.8,1,1,1,,
1786353324.799,c2,recommend,,0.0,26.76,14.03,2.54,S3,0,,0,200.0,obs,1186,26.76,14.03,4.0,S3,26.76,14.03,4.0,S3,26.76,14.03,2.54,S3,13.335,0,S3,site_s3,S3,S3,S3,296.5,0.0,0.0,631.6,1,1,1,,
1786353325.799,c1,reserve,,0.0,26.34,13.67,1.5,S3,0,,0,36.0,obs,595,26.34,13.67,3.65,S3,26.34,13.67,3.65,S3,26.34,13.67,1.5,S3,13.575,0,S3,site_s3,S3,S3,S3,148.5,0.0,0.0,41.3,1,1,1,,
1786353325.799,c1,search,,0.0,31.1,20.71,6.22,S3,0,,0,4474.0,obs,885,31.1,20.71,10.98,S3,31.1,20.71,10.98,S3,31.1,20.71,6.22,S3,13.575,0,S3,site_s3,S3,S3,S3,221.0,0.0,0.0,262.3,1,1,1,,
1786353325.799,c1,recommend,,0.0,26.76,14.03,2.3,S3,0,,0,200.0,obs,1187,26.76,14.03,4.0,S3,26.76,14.03,4.0,S3,26.76,14.03,2.3,S3,13.575,0,S3,site_s3,S3,S3,S3,297.0,0.0,0.0,315.1,1,1,1,,
1786353325.799,c2,reserve,,0.0,26.34,13.67,1.5,S3,0,,0,36.0,obs,595,26.34,13.67,3.65,S3,26.34,13.67,3.65,S3,26.34,13.67,1.5,S3,13.575,0,S3,site_s3,S3,S3,S3,149.0,0.0,0.0,356.6,1,1,1,,
1786353325.799,c2,search,,0.0,31.1,20.71,6.22,S3,0,,0,4474.0,obs,885,31.1,20.71,10.98,S3,31.1,20.71,10.98,S3,31.1,20.71,6.22,S3,13.575,0,S3,site_s3,S3,S3,S3,221.5,0.0,0.0,578.1,1,1,1,,
1786353325.799,c2,recommend,,0.0,26.76,14.03,2.3,S3,0,,0,200.0,obs,1187,26.76,14.03,4.0,S3,26.76,14.03,4.0,S3,26.76,14.03,2.3,S3,13.575,0,S3,site_s3,S3,S3,S3,296.5,0.0,0.0,630.8,1,1,1,,
1786353326.799,c1,reserve,,0.0,26.34,13.67,1.66,S3,0,,0,36.0,obs,593,26.34,13.67,3.65,S3,26.34,13.67,3.65,S3,26.34,13.67,1.66,S3,13.525,0,S3,site_s3,S3,S3,S3,148.0,0.0,0.0,41.1,1,1,1,,
1786353326.799,c1,search,,0.0,31.1,20.71,6.52,S3,0,,0,4474.0,obs,889,31.1,20.71,10.98,S3,31.1,20.71,10.98,S3,31.1,20.71,6.52,S3,13.525,0,S3,site_s3,S3,S3,S3,222.0,0.0,0.0,263.1,1,1,1,,
1786353326.799,c1,recommend,,0.0,26.76,14.03,2.39,S3,0,,0,200.0,obs,1185,26.76,14.03,4.0,S3,26.76,14.03,4.0,S3,26.76,14.03,2.39,S3,13.525,0,S3,site_s3,S3,S3,S3,296.5,0.0,0.0,315.9,1,1,1,,
1786353326.799,c2,reserve,,0.0,26.34,13.67,1.66,S3,0,,0,36.0,obs,593,26.34,13.67,3.65,S3,26.34,13.67,3.65,S3,26.34,13.67,1.66,S3,13.525,0,S3,site_s3,S3,S3,S3,148.5,0.0,0.0,357.2,1,1,1,,
1786353326.799,c2,search,,0.0,31.1,20.71,6.52,S3,0,,0,4474.0,obs,889,31.1,20.71,10.98,S3,31.1,20.71,10.98,S3,31.1,20.71,6.52,S3,13.525,0,S3,site_s3,S3,S3,S3,222.5,0.0,0.0,579.7,1,1,1,,
1786353326.799,c2,recommend,,0.0,26.76,14.03,2.39,S3,0,,0,200.0,obs,1185,26.76,14.03,4.0,S3,26.76,14.03,4.0,S3,26.76,14.03,2.39,S3,13.525,0,S3,site_s3,S3,S3,S3,296.0,0.0,0.0,632.4,1,1,1,,
1786353327.799,c1,reserve,,0.0,26.34,13.67,1.27,S3,0,,0,36.0,obs,594,26.34,13.67,3.65,S3,26.34,13.67,3.65,S3,26.34,13.67,1.27,S3,13.475,0,S3,site_s3,S3,S3,S3,148.5,0.0,0.0,41.3,1,1,1,,
1786353327.799,c1,search,,0.0,31.1,20.71,5.97,S3,0,,0,4474.0,obs,886,31.1,20.71,10.98,S3,31.1,20.71,10.98,S3,31.1,20.71,5.97,S3,13.475,0,S3,site_s3,S3,S3,S3,221.5,0.0,0.0,262.8,1,1,1,,
1786353327.799,c1,recommend,,0.0,26.76,14.03,2.23,S3,0,,0,200.0,obs,1190,26.76,14.03,4.0,S3,26.76,14.03,4.0,S3,26.76,14.03,2.23,S3,13.475,0,S3,site_s3,S3,S3,S3,297.5,0.0,0.0,315.7,1,1,1,,
1786353327.799,c2,reserve,,0.0,26.34,13.67,1.27,S3,0,,0,36.0,obs,594,26.34,13.67,3.65,S3,26.34,13.67,3.65,S3,26.34,13.67,1.27,S3,13.475,0,S3,site_s3,S3,S3,S3,148.5,0.0,0.0,357.0,1,1,1,,
1786353327.799,c2,search,,0.0,31.1,20.71,5.97,S3,0,,0,4474.0,obs,886,31.1,20.71,10.98,S3,31.1,20.71,10.98,S3,31.1,20.71,5.97,S3,13.475,0,S3,site_s3,S3,S3,S3,221.5,0.0,0.0,578.5,1,1,1,,
1786353327.799,c2,recommend,,0.0,26.76,14.03,2.23,S3,0,,0,200.0,obs,1190,26.76,14.03,4.0,S3,26.76,14.03,4.0,S3,26.76,14.03,2.23,S3,13.475,0,S3,site_s3,S3,S3,S3,297.5,0.0,0.0,631.5,1,1,1,,
1786353328.799,c1,reserve,,0.0,26.34,13.67,1.27,S3,0,,0,36.0,obs,596,26.34,13.67,3.65,S3,26.34,13.67,3.65,S3,26.34,13.67,1.27,S3,13.392,0,S3,site_s3,S3,S3,S3,149.0,0.0,0.0,41.4,1,1,1,,
1786353328.799,c1,search,,0.0,31.1,20.71,5.58,S3,0,,0,4474.0,obs,891,31.1,20.71,10.98,S3,31.1,20.71,10.98,S3,31.1,20.71,5.58,S3,13.392,0,S3,site_s3,S3,S3,S3,222.5,0.0,0.0,263.9,1,1,1,,
1786353328.799,c1,recommend,,0.0,26.76,14.03,2.2,S3,0,,0,200.0,obs,1185,26.76,14.03,4.0,S3,26.76,14.03,4.0,S3,26.76,14.03,2.2,S3,13.392,0,S3,site_s3,S3,S3,S3,296.5,0.0,0.0,316.7,1,1,1,,
1786353328.799,c2,reserve,,0.0,26.34,13.67,1.27,S3,0,,0,36.0,obs,596,26.34,13.67,3.65,S3,26.34,13.67,3.65,S3,26.34,13.67,1.27,S3,13.392,0,S3,site_s3,S3,S3,S3,149.0,0.0,0.0,358.1,1,1,1,,
1786353328.799,c2,search,,0.0,31.1,20.71,5.58,S3,0,,0,4474.0,obs,891,31.1,20.71,10.98,S3,31.1,20.71,10.98,S3,31.1,20.71,5.58,S3,13.392,0,S3,site_s3,S3,S3,S3,223.0,0.0,0.0,581.1,1,1,1,,
1786353328.799,c2,recommend,,0.0,26.76,14.03,2.2,S3,0,,0,200.0,obs,1185,26.76,14.03,4.0,S3,26.76,14.03,4.0,S3,26.76,14.03,2.2,S3,13.392,0,S3,site_s3,S3,S3,S3,296.0,0.0,0.0,633.8,1,1,1,,
1786353329.799,c1,reserve,,0.0,26.34,13.67,1.89,S3,0,,0,36.0,obs,592,26.34,13.67,3.65,S3,26.34,13.67,3.65,S3,26.34,13.67,1.89,S3,13.491,0,S3,site_s3,S3,S3,S3,148.0,0.0,0.0,41.1,1,1,1,,
1786353329.799,c1,search,,0.0,31.1,20.71,6.73,S3,0,,0,4474.0,obs,889,31.1,20.71,10.98,S3,31.1,20.71,10.98,S3,31.1,20.71,6.73,S3,13.491,0,S3,site_s3,S3,S3,S3,222.0,0.0,0.0,263.1,1,1,1,,
1786353329.799,c1,recommend,,0.0,26.76,14.03,2.52,S3,0,,0,200.0,obs,1192,26.76,14.03,4.0,S3,26.76,14.03,4.0,S3,26.76,14.03,2.52,S3,13.491,0,S3,site_s3,S3,S3,S3,298.0,0.0,0.0,316.2,1,1,1,,
1786353329.799,c2,reserve,,0.0,26.34,13.67,1.89,S3,0,,0,36.0,obs,592,26.34,13.67,3.65,S3,26.34,13.67,3.65,S3,26.34,13.67,1.89,S3,13.491,0,S3,site_s3,S3,S3,S3,148.0,0.0,0.0,357.3,1,1,1,,
1786353329.799,c2,search,,0.0,31.1,20.71,6.73,S3,0,,0,4474.0,obs,889,31.1,20.71,10.98,S3,31.1,20.71,10.98,S3,31.1,20.71,6.73,S3,13.491,0,S3,site_s3,S3,S3,S3,222.5,0.0,0.0,579.8,1,1,1,,
1786353329.799,c2,recommend,,0.0,26.76,14.03,2.52,S3,0,,0,200.0,obs,1192,26.76,14.03,4.0,S3,26.76,14.03,4.0,S3,26.76,14.03,2.52,S3,13.491,0,S3,site_s3,S3,S3,S3,298.0,0.0,0.0,632.9,1,1,1,,
1786353330.798,c1,reserve,,0.0,26.34,13.67,1.66,S3,0,,0,36.0,obs,598,26.34,13.67,3.65,S3,26.34,13.67,3.65,S3,26.34,13.67,1.66,S3,12.486,0,S3,site_s3,S3,S3,S3,149.5,0.0,0.0,41.6,1,1,1,,
1786353330.798,c1,search,,0.0,31.1,20.71,6.83,S3,0,,0,4474.0,obs,889,31.1,20.71,10.98,S3,31.1,20.71,10.98,S3,31.1,20.71,6.83,S3,12.486,0,S3,site_s3,S3,S3,S3,222.5,0.0,0.0,264.1,1,1,1,,
1786353330.798,c1,recommend,,0.0,26.76,14.03,2.42,S3,0,,0,200.0,obs,1188,26.76,14.03,4.0,S3,26.76,14.03,4.0,S3,26.76,14.03,2.42,S3,12.486,0,S3,site_s3,S3,S3,S3,297.0,0.0,0.0,316.9,1,1,1,,
1786353330.798,c2,reserve,,0.0,26.34,13.67,1.66,S3,0,,0,36.0,obs,598,26.34,13.67,3.65,S3,26.34,13.67,3.65,S3,26.34,13.67,1.66,S3,12.486,0,S3,site_s3,S3,S3,S3,149.5,0.0,0.0,358.5,1,1,1,,
1786353330.798,c2,search,,0.0,31.1,20.71,6.83,S3,0,,0,4474.0,obs,889,31.1,20.71,10.98,S3,31.1,20.71,10.98,S3,31.1,20.71,6.83,S3,12.486,0,S3,site_s3,S3,S3,S3,222.0,0.0,0.0,580.5,1,1,1,,
1786353330.798,c2,recommend,,0.0,26.76,14.03,2.42,S3,0,,0,200.0,obs,1188,26.76,14.03,4.0,S3,26.76,14.03,4.0,S3,26.76,14.03,2.42,S3,12.486,0,S3,site_s3,S3,S3,S3,297.0,0.0,0.0,633.4,1,1,1,,
1786353331.799,c1,reserve,,0.0,26.34,13.67,1.76,S3,0,,0,36.0,obs,593,26.34,13.67,3.65,S3,26.34,13.67,3.65,S3,26.34,13.67,1.76,S3,13.586,0,S3,site_s3,S3,S3,S3,148.0,0.0,0.0,41.1,1,1,1,,
1786353331.799,c1,search,,0.0,31.1,20.71,7.06,S3,0,,0,4474.0,obs,893,31.1,20.71,10.98,S3,31.1,20.71,10.98,S3,31.1,20.71,7.06,S3,13.586,0,S3,site_s3,S3,S3,S3,222.5,0.0,0.0,263.6,1,1,1,,
1786353331.799,c1,recommend,,0.0,26.76,14.03,2.48,S3,0,,0,200.0,obs,1192,26.76,14.03,4.0,S3,26.76,14.03,4.0,S3,26.76,14.03,2.48,S3,13.586,0,S3,site_s3,S3,S3,S3,298.5,0.0,0.0,316.8,1,1,1,,
1786353331.799,c2,reserve,,0.0,26.34,13.67,1.76,S3,0,,0,36.0,obs,593,26.34,13.67,3.65,S3,26.34,13.67,3.65,S3,26.34,13.67,1.76,S3,13.586,0,S3,site_s3,S3,S3,S3,148.5,0.0,0.0,358.1,1,1,1,,
1786353331.799,c2,search,,0.0,31.1,20.71,7.06,S3,0,,0,4474.0,obs,893,31.1,20.71,10.98,S3,31.1,20.71,10.98,S3,31.1,20.71,7.06,S3,13.586,0,S3,site_s3,S3,S3,S3,223.5,0.0,0.0,581.6,1,1,1,,
1786353331.799,c2,recommend,,0.0,26.76,14.03,2.48,S3,0,,0,200.0,obs,1192,26.76,14.03,4.0,S3,26.76,14.03,4.0,S3,26.76,14.03,2.48,S3,13.586,0,S3,site_s3,S3,S3,S3,297.5,0.0,0.0,634.5,1,1,1,,
1786353332.799,c1,reserve,,0.0,26.34,13.67,1.83,S3,0,,0,36.0,obs,598,26.34,13.67,3.65,S3,26.34,13.67,3.65,S3,26.34,13.67,1.83,S3,13.538,0,S3,site_s3,S3,S3,S3,149.5,0.0,0.0,41.6,1,1,1,,
1786353332.799,c1,search,,0.0,31.1,20.71,7.1,S3,0,,0,4474.0,obs,889,31.1,20.71,10.98,S3,31.1,20.71,10.98,S3,31.1,20.71,7.1,S3,13.538,0,S3,site_s3,S3,S3,S3,222.0,0.0,0.0,263.6,1,1,1,,
1786353332.799,c1,recommend,,0.0,26.76,14.03,2.44,S3,0,,0,200.0,obs,1190,26.76,14.03,4.0,S3,26.76,14.03,4.0,S3,26.76,14.03,2.44,S3,13.538,0,S3,site_s3,S3,S3,S3,297.5,0.0,0.0,316.5,1,1,1,,
1786353332.799,c2,reserve,,0.0,26.34,13.67,1.83,S3,0,,0,36.0,obs,598,26.34,13.67,3.65,S3,26.34,13.67,3.65,S3,26.34,13.67,1.83,S3,13.538,0,S3,site_s3,S3,S3,S3,149.5,0.0,0.0,358.1,1,1,1,,
1786353332.799,c2,search,,0.0,31.1,20.71,7.1,S3,0,,0,4474.0,obs,889,31.1,20.71,10.98,S3,31.1,20.71,10.98,S3,31.1,20.71,7.1,S3,13.538,0,S3,site_s3,S3,S3,S3,222.5,0.0,0.0,580.6,1,1,1,,
1786353332.799,c2,recommend,,0.0,26.76,14.03,2.44,S3,0,,0,200.0,obs,1190,26.76,14.03,4.0,S3,26.76,14.03,4.0,S3,26.76,14.03,2.44,S3,13.538,0,S3,site_s3,S3,S3,S3,297.5,0.0,0.0,633.5,1,1,1,,
1786353333.799,c1,reserve,,0.0,26.34,13.67,0.89,S3,0,,0,36.0,obs,596,26.34,13.67,3.65,S3,26.34,13.67,3.65,S3,26.34,13.67,0.89,S3,13.709,0,S3,site_s3,S3,S3,S3,149.0,0.0,0.0,41.4,1,1,1,,
1786353333.799,c1,search,,0.0,31.1,20.71,5.61,S3,0,,0,4474.0,obs,894,31.1,20.71,10.98,S3,31.1,20.71,10.98,S3,31.1,20.71,5.61,S3,13.709,0,S3,site_s3,S3,S3,S3,223.5,0.0,0.0,264.9,1,1,1,,
1786353333.799,c1,recommend,,0.0,26.76,14.03,2.03,S3,0,,0,200.0,obs,1190,26.76,14.03,4.0,S3,26.76,14.03,4.0,S3,26.76,14.03,2.03,S3,13.709,0,S3,site_s3,S3,S3,S3,297.5,0.0,0.0,317.9,1,1,1,,
1786353333.799,c2,reserve,,0.0,26.34,13.67,0.89,S3,0,,0,36.0,obs,596,26.34,13.67,3.65,S3,26.34,13.67,3.65,S3,26.34,13.67,0.89,S3,13.709,0,S3,site_s3,S3,S3,S3,149.0,0.0,0.0,359.3,1,1,1,,
1786353333.799,c2,search,,0.0,31.1,20.71,5.61,S3,0,,0,4474.0,obs,894,31.1,20.71,10.98,S3,31.1,20.71,10.98,S3,31.1,20.71,5.61,S3,13.709,0,S3,site_s3,S3,S3,S3,223.5,0.0,0.0,582.8,1,1,1,,
1786353333.799,c2,recommend,,0.0,26.76,14.03,2.03,S3,0,,0,200.0,obs,1190,26.76,14.03,4.0,S3,26.76,14.03,4.0,S3,26.76,14.03,2.03,S3,13.709,0,S3,site_s3,S3,S3,S3,297.5,0.0,0.0,635.8,1,1,1,,
1786353334.799,c1,reserve,,0.0,26.34,13.67,0.89,S3,0,,0,36.0,obs,596,26.34,13.67,3.65,S3,26.34,13.67,3.65,S3,26.34,13.67,0.89,S3,13.498,0,S3,site_s3,S3,S3,S3,149.0,0.0,0.0,41.4,1,1,1,,
1786353334.799,c1,search,,0.0,31.1,20.71,4.77,S3,0,,0,4474.0,obs,890,31.1,20.71,10.98,S3,31.1,20.71,10.98,S3,31.1,20.71,4.77,S3,13.498,0,S3,site_s3,S3,S3,S3,222.5,0.0,0.0,263.9,1,1,1,,
1786353334.799,c1,recommend,,0.0,26.76,14.03,2.03,S3,0,,0,200.0,obs,1194,26.76,14.03,4.0,S3,26.76,14.03,4.0,S3,26.76,14.03,2.03,S3,13.498,0,S3,site_s3,S3,S3,S3,298.5,0.0,0.0,317.1,1,1,1,,
1786353334.799,c2,reserve,,0.0,26.34,13.67,0.89,S3,0,,0,36.0,obs,596,26.34,13.67,3.65,S3,26.34,13.67,3.65,S3,26.34,13.67,0.89,S3,13.498,0,S3,site_s3,S3,S3,S3,149.0,0.0,0.0,358.5,1,1,1,,
1786353334.799,c2,search,,0.0,31.1,20.71,4.77,S3,0,,0,4474.0,obs,890,31.1,20.71,10.98,S3,31.1,20.71,10.98,S3,31.1,20.71,4.77,S3,13.498,0,S3,site_s3,S3,S3,S3,222.5,0.0,0.0,581.0,1,1,1,,
1786353334.799,c2,recommend,,0.0,26.76,14.03,2.03,S3,0,,0,200.0,obs,1194,26.76,14.03,4.0,S3,26.76,14.03,4.0,S3,26.76,14.03,2.03,S3,13.498,0,S3,site_s3,S3,S3,S3,298.5,0.0,0.0,634.1,1,1,1,,
1786353335.799,c1,reserve,,0.0,26.34,13.67,1.62,S3,0,,0,36.0,obs,598,26.34,13.67,3.65,S3,26.34,13.67,3.65,S3,26.34,13.67,1.62,S3,13.412,0,S3,site_s3,S3,S3,S3,149.5,0.0,0.0,41.6,1,1,1,,
1786353335.799,c1,search,,0.0,31.1,20.71,6.78,S3,0,,0,4474.0,obs,894,31.1,20.71,10.98,S3,31.1,20.71,10.98,S3,31.1,20.71,6.78,S3,13.412,0,S3,site_s3,S3,S3,S3,223.5,0.0,0.0,265.1,1,1,1,,
1786353335.799,c1,recommend,,0.0,26.76,14.03,2.36,S3,0,,0,200.0,obs,1189,26.76,14.03,4.0,S3,26.76,14.03,4.0,S3,26.76,14.03,2.36,S3,13.412,0,S3,site_s3,S3,S3,S3,297.5,0.0,0.0,318.0,1,1,1,,
1786353335.799,c2,reserve,,0.0,26.34,13.67,1.62,S3,0,,0,36.0,obs,598,26.34,13.67,3.65,S3,26.34,13.67,3.65,S3,26.34,13.67,1.62,S3,13.412,0,S3,site_s3,S3,S3,S3,149.5,0.0,0.0,359.6,1,1,1,,
1786353335.799,c2,search,,0.0,31.1,20.71,6.78,S3,0,,0,4474.0,obs,894,31.1,20.71,10.98,S3,31.1,20.71,10.98,S3,31.1,20.71,6.78,S3,13.412,0,S3,site_s3,S3,S3,S3,223.5,0.0,0.0,583.1,1,1,1,,
1786353335.799,c2,recommend,,0.0,26.76,14.03,2.36,S3,0,,0,200.0,obs,1189,26.76,14.03,4.0,S3,26.76,14.03,4.0,S3,26.76,14.03,2.36,S3,13.412,0,S3,site_s3,S3,S3,S3,297.0,0.0,0.0,635.9,1,1,1,,
1786353336.799,c1,reserve,,0.0,26.34,13.67,1.39,S3,0,,0,36.0,obs,594,26.34,13.67,3.65,S3,26.34,13.67,3.65,S3,26.34,13.67,1.39,S3,13.691,0,S3,site_s3,S3,S3,S3,148.5,0.0,0.0,41.3,1,1,1,,
1786353336.799,c1,search,,0.0,31.1,20.71,6.0,S3,0,,0,4474.0,obs,892,31.1,20.71,10.98,S3,31.1,20.71,10.98,S3,31.1,20.71,6.0,S3,13.691,0,S3,site_s3,S3,S3,S3,223.0,0.0,0.0,264.3,1,1,1,,
1786353336.799,c1,recommend,,0.0,26.76,14.03,1.84,S3,0,,0,200.0,obs,1196,26.76,14.03,4.0,S3,26.76,14.03,4.0,S3,26.76,14.03,1.84,S3,13.691,0,S3,site_s3,S3,S3,S3,299.0,0.0,0.0,317.5,1,1,1,,
1786353336.799,c2,reserve,,0.0,26.34,13.67,1.39,S3,0,,0,36.0,obs,594,26.34,13.67,3.65,S3,26.34,13.67,3.65,S3,26.34,13.67,1.39,S3,13.691,0,S3,site_s3,S3,S3,S3,148.5,0.0,0.0,358.8,1,1,1,,
1786353336.799,c2,search,,0.0,31.1,20.71,6.0,S3,0,,0,4474.0,obs,892,31.1,20.71,10.98,S3,31.1,20.71,10.98,S3,31.1,20.71,6.0,S3,13.691,0,S3,site_s3,S3,S3,S3,223.0,0.0,0.0,581.8,1,1,1,,
1786353336.799,c2,recommend,,0.0,26.76,14.03,1.84,S3,0,,0,200.0,obs,1196,26.76,14.03,4.0,S3,26.76,14.03,4.0,S3,26.76,14.03,1.84,S3,13.691,0,S3,site_s3,S3,S3,S3,299.0,0.0,0.0,635.0,1,1,1,,
1786353337.799,c1,reserve,,0.0,26.34,13.67,1.34,S3,0,,0,36.0,obs,599,26.34,13.67,3.65,S3,26.34,13.67,3.65,S3,26.34,13.67,1.34,S3,13.453,0,S3,site_s3,S3,S3,S3,150.0,0.0,0.0,41.7,1,1,1,,
1786353337.799,c1,search,,0.0,31.1,20.71,5.85,S3,0,,0,4474.0,obs,893,31.1,20.71,10.98,S3,31.1,20.71,10.98,S3,31.1,20.71,5.85,S3,13.453,0,S3,site_s3,S3,S3,S3,223.0,0.0,0.0,264.7,1,1,1,,
1786353337.799,c1,recommend,,0.0,26.76,14.03,1.95,S3,0,,0,200.0,obs,1192,26.76,14.03,4.0,S3,26.76,14.03,4.0,S3,26.76,14.03,1.95,S3,13.453,0,S3,site_s3,S3,S3,S3,298.0,0.0,0.0,317.7,1,1,1,,
1786353337.799,c2,reserve,,0.0,26.34,13.67,1.34,S3,0,,0,36.0,obs,599,26.34,13.67,3.65,S3,26.34,13.67,3.65,S3,26.34,13.67,1.34,S3,13.453,0,S3,site_s3,S3,S3,S3,149.5,0.0,0.0,359.3,1,1,1,,
1786353337.799,c2,search,,0.0,31.1,20.71,5.85,S3,0,,0,4474.0,obs,893,31.1,20.71,10.98,S3,31.1,20.71,10.98,S3,31.1,20.71,5.85,S3,13.453,0,S3,site_s3,S3,S3,S3,223.5,0.0,0.0,582.8,1,1,1,,
1786353337.799,c2,recommend,,0.0,26.76,14.03,1.95,S3,0,,0,200.0,obs,1192,26.76,14.03,4.0,S3,26.76,14.03,4.0,S3,26.76,14.03,1.95,S3,13.453,0,S3,site_s3,S3,S3,S3,298.0,0.0,0.0,635.8,1,1,1,,
1786353338.798,c1,reserve,,0.0,26.34,13.67,1.68,S3,0,,0,36.0,obs,595,26.34,13.67,3.65,S3,26.34,13.67,3.65,S3,26.34,13.67,1.68,S3,12.461,0,S3,site_s3,S3,S3,S3,148.5,0.0,0.0,41.3,1,1,1,,
1786353338.798,c1,search,,0.0,31.1,20.71,7.02,S3,0,,0,4474.0,obs,895,31.1,20.71,10.98,S3,31.1,20.71,10.98,S3,31.1,20.71,7.02,S3,12.461,0,S3,site_s3,S3,S3,S3,223.5,0.0,0.0,264.8,1,1,1,,
1786353338.798,c1,recommend,,0.0,26.76,14.03,2.48,S3,0,,0,200.0,obs,1198,26.76,14.03,4.0,S3,26.76,14.03,4.0,S3,26.76,14.03,2.48,S3,12.461,0,S3,site_s3,S3,S3,S3,299.5,0.0,0.0,318.1,1,1,1,,
1786353338.798,c2,reserve,,0.0,26.34,13.67,1.68,S3,0,,0,36.0,obs,595,26.34,13.67,3.65,S3,26.34,13.67,3.65,S3,26.34,13.67,1.68,S3,12.461,0,S3,site_s3,S3,S3,S3,149.0,0.0,0.0,359.5,1,1,1,,
1786353338.798,c2,search,,0.0,31.1,20.71,7.02,S3,0,,0,4474.0,obs,895,31.1,20.71,10.98,S3,31.1,20.71,10.98,S3,31.1,20.71,7.02,S3,12.461,0,S3,site_s3,S3,S3,S3,224.0,0.0,0.0,583.5,1,1,1,,
1786353338.798,c2,recommend,,0.0,26.76,14.03,2.48,S3,0,,0,200.0,obs,1198,26.76,14.03,4.0,S3,26.76,14.03,4.0,S3,26.76,14.03,2.48,S3,12.461,0,S3,site_s3,S3,S3,S3,299.5,0.0,0.0,636.8,1,1,1,,
1786353339.798,c1,reserve,,0.0,26.34,13.67,1.7,S3,0,,0,36.0,obs,600,26.34,13.67,3.65,S3,26.34,13.67,3.65,S3,26.34,13.67,1.7,S3,12.438,0,S3,site_s3,S3,S3,S3,150.0,0.0,0.0,41.7,1,1,1,,
1786353339.798,c1,search,,0.0,31.1,20.71,7.06,S3,0,,0,4474.0,obs,893,31.1,20.71,10.98,S3,31.1,20.71,10.98,S3,31.1,20.71,7.06,S3,12.438,0,S3,site_s3,S3,S3,S3,223.5,0.0,0.0,265.2,1,1,1,,
1786353339.798,c1,recommend,,0.0,26.76,14.03,2.56,S3,0,,0,200.0,obs,1196,26.76,14.03,4.0,S3,26.76,14.03,4.0,S3,26.76,14.03,2.56,S3,12.438,0,S3,site_s3,S3,S3,S3,299.0,0.0,0.0,318.4,1,1,1,,
1786353339.798,c2,reserve,,0.0,26.34,13.67,1.7,S3,0,,0,36.0,obs,600,26.34,13.67,3.65,S3,26.34,13.67,3.65,S3,26.34,13.67,1.7,S3,12.438,0,S3,site_s3,S3,S3,S3,150.0,0.0,0.0,360.1,1,1,1,,
1786353339.798,c2,search,,0.0,31.1,20.71,7.06,S3,0,,0,4474.0,obs,893,31.1,20.71,10.98,S3,31.1,20.71,10.98,S3,31.1,20.71,7.06,S3,12.438,0,S3,site_s3,S3,S3,S3,223.0,0.0,0.0,583.1,1,1,1,,
1786353339.798,c2,recommend,,0.0,26.76,14.03,2.56,S3,0,,0,200.0,obs,1196,26.76,14.03,4.0,S3,26.76,14.03,4.0,S3,26.76,14.03,2.56,S3,12.438,0,S3,site_s3,S3,S3,S3,299.0,0.0,0.0,636.3,1,1,1,,
1786353340.798,c1,reserve,,0.0,26.34,13.67,1.66,S3,0,,0,36.0,obs,597,26.34,13.67,3.65,S3,26.34,13.67,3.65,S3,26.34,13.67,1.66,S3,12.607,0,S3,site_s3,S3,S3,S3,149.0,0.0,0.0,41.4,1,1,1,,
1786353340.798,c1,search,,0.0,31.1,20.71,6.83,S3,0,,0,4474.0,obs,897,31.1,20.71,10.98,S3,31.1,20.71,10.98,S3,31.1,20.71,6.83,S3,12.607,0,S3,site_s3,S3,S3,S3,224.5,0.0,0.0,265.9,1,1,1,,
1786353340.798,c1,recommend,,0.0,26.76,14.03,2.43,S3,0,,0,200.0,obs,1197,26.76,14.03,4.0,S3,26.76,14.03,4.0,S3,26.76,14.03,2.43,S3,12.607,0,S3,site_s3,S3,S3,S3,299.5,0.0,0.0,319.2,1,1,1,,
1786353340.798,c2,reserve,,0.0,26.34,13.67,1.66,S3,0,,0,36.0,obs,597,26.34,13.67,3.65,S3,26.34,13.67,3.65,S3,26.34,13.67,1.66,S3,12.607,0,S3,site_s3,S3,S3,S3,149.5,0.0,0.0,360.8,1,1,1,,
1786353340.798,c2,search,,0.0,31.1,20.71,6.83,S3,0,,0,4474.0,obs,897,31.1,20.71,10.98,S3,31.1,20.71,10.98,S3,31.1,20.71,6.83,S3,12.607,0,S3,site_s3,S3,S3,S3,224.0,0.0,0.0,584.8,1,1,1,,
1786353340.798,c2,recommend,,0.0,26.76,14.03,2.43,S3,0,,0,200.0,obs,1197,26.76,14.03,4.0,S3,26.76,14.03,4.0,S3,26.76,14.03,2.43,S3,12.607,0,S3,site_s3,S3,S3,S3,298.5,0.0,0.0,637.9,1,1,1,,
1786353341.798,c1,reserve,,0.0,26.34,13.67,1.79,S3,0,,0,36.0,obs,598,26.34,13.67,3.65,S3,26.34,13.67,3.65,S3,26.34,13.67,1.79,S3,12.43,0,S3,site_s3,S3,S3,S3,149.5,0.0,0.0,41.6,1,1,1,,
1786353341.798,c1,search,,0.0,31.1,20.71,6.67,S3,0,,0,4474.0,obs,894,31.1,20.71,10.98,S3,31.1,20.71,10.98,S3,31.1,20.71,6.67,S3,12.43,0,S3,site_s3,S3,S3,S3,223.5,0.0,0.0,265.1,1,1,1,,
1786353341.798,c1,recommend,,0.0,26.76,14.03,2.43,S3,0,,0,200.0,obs,1199,26.76,14.03,4.0,S3,26.76,14.03,4.0,S3,26.76,14.03,2.43,S3,12.43,0,S3,site_s3,S3,S3,S3,299.5,0.0,0.0,318.4,1,1,1,,
1786353341.798,c2,reserve,,0.0,26.34,13.67,1.79,S3,0,,0,36.0,obs,598,26.34,13.67,3.65,S3,26.34,13.67,3.65,S3,26.34,13.67,1.79,S3,12.43,0,S3,site_s3,S3,S3,S3,149.5,0.0,0.0,359.9,1,1,1,,
1786353341.798,c2,search,,0.0,31.1,20.71,6.67,S3,0,,0,4474.0,obs,894,31.1,20.71,10.98,S3,31.1,20.71,10.98,S3,31.1,20.71,6.67,S3,12.43,0,S3,site_s3,S3,S3,S3,223.5,0.0,0.0,583.4,1,1,1,,
1786353341.798,c2,recommend,,0.0,26.76,14.03,2.43,S3,0,,0,200.0,obs,1199,26.76,14.03,4.0,S3,26.76,14.03,4.0,S3,26.76,14.03,2.43,S3,12.43,0,S3,site_s3,S3,S3,S3,300.0,0.0,0.0,636.8,1,1,1,,
1786353342.798,c1,reserve,,0.0,26.34,13.67,1.76,S3,0,,0,36.0,obs,600,26.34,13.67,3.65,S3,26.34,13.67,3.65,S3,26.34,13.67,1.76,S3,12.457,0,S3,site_s3,S3,S3,S3,150.0,0.0,0.0,41.7,1,1,1,,
1786353342.798,c1,search,,0.0,31.1,20.71,6.66,S3,0,,0,4474.0,obs,899,31.1,20.71,10.98,S3,31.1,20.71,10.98,S3,31.1,20.71,6.66,S3,12.457,0,S3,site_s3,S3,S3,S3,224.5,0.0,0.0,266.2,1,1,1,,
1786353342.798,c1,recommend,,0.0,26.76,14.03,2.36,S3,0,,0,200.0,obs,1195,26.76,14.03,4.0,S3,26.76,14.03,4.0,S3,26.76,14.03,2.36,S3,12.457,0,S3,site_s3,S3,S3,S3,298.5,0.0,0.0,319.3,1,1,1,,
1786353342.798,c2,reserve,,0.0,26.34,13.67,1.76,S3,0,,0,36.0,obs,600,26.34,13.67,3.65,S3,26.34,13.67,3.65,S3,26.34,13.67,1.76,S3,12.457,0,S3,site_s3,S3,S3,S3,150.0,0.0,0.0,361.0,1,1,1,,
1786353342.798,c2,search,,0.0,31.1,20.71,6.66,S3,0,,0,4474.0,obs,899,31.1,20.71,10.98,S3,31.1,20.71,10.98,S3,31.1,20.71,6.66,S3,12.457,0,S3,site_s3,S3,S3,S3,224.5,0.0,0.0,585.5,1,1,1,,
1786353342.798,c2,recommend,,0.0,26.76,14.03,2.36,S3,0,,0,200.0,obs,1195,26.76,14.03,4.0,S3,26.76,14.03,4.0,S3,26.76,14.03,2.36,S3,12.457,0,S3,site_s3,S3,S3,S3,299.0,0.0,0.0,638.8,1,1,1,,
1786353343.799,c1,reserve,,0.0,26.34,13.67,1.81,S3,0,,0,36.0,obs,596,26.34,13.67,3.65,S3,26.34,13.67,3.65,S3,26.34,13.67,1.81,S3,13.512,0,S3,site_s3,S3,S3,S3,149.0,0.0,0.0,41.4,1,1,1,,
1786353343.799,c1,search,,0.0,31.1,20.71,6.71,S3,0,,0,4474.0,obs,896,31.1,20.71,10.98,S3,31.1,20.71,10.98,S3,31.1,20.71,6.71,S3,13.512,0,S3,site_s3,S3,S3,S3,224.5,0.0,0.0,265.9,1,1,1,,
1786353343.799,c1,recommend,,0.0,26.76,14.03,2.42,S3,0,,0,200.0,obs,1199,26.76,14.03,4.0,S3,26.76,14.03,4.0,S3,26.76,14.03,2.42,S3,13.512,0,S3,site_s3,S3,S3,S3,300.0,0.0,0.0,319.3,1,1,1,,
1786353343.799,c2,reserve,,0.0,26.34,13.67,1.81,S3,0,,0,36.0,obs,596,26.34,13.67,3.65,S3,26.34,13.67,3.65,S3,26.34,13.67,1.81,S3,13.512,0,S3,site_s3,S3,S3,S3,149.0,0.0,0.0,360.7,1,1,1,,
1786353343.799,c2,search,,0.0,31.1,20.71,6.71,S3,0,,0,4474.0,obs,896,31.1,20.71,10.98,S3,31.1,20.71,10.98,S3,31.1,20.71,6.71,S3,13.512,0,S3,site_s3,S3,S3,S3,223.5,0.0,0.0,584.2,1,1,1,,
1786353343.799,c2,recommend,,0.0,26.76,14.03,2.42,S3,0,,0,200.0,obs,1199,26.76,14.03,4.0,S3,26.76,14.03,4.0,S3,26.76,14.03,2.42,S3,13.512,0,S3,site_s3,S3,S3,S3,299.5,0.0,0.0,637.6,1,1,1,,
1786353344.799,c1,reserve,,0.0,26.34,13.67,1.64,S3,0,,0,36.0,obs,602,26.34,13.67,3.65,S3,26.34,13.67,3.65,S3,26.34,13.67,1.64,S3,13.435,0,S3,site_s3,S3,S3,S3,150.5,0.0,0.0,41.8,1,1,1,,
1786353344.799,c1,search,,0.0,31.1,20.71,6.91,S3,0,,0,4474.0,obs,896,31.1,20.71,10.98,S3,31.1,20.71,10.98,S3,31.1,20.71,6.91,S3,13.435,0,S3,site_s3,S3,S3,S3,224.0,0.0,0.0,265.8,1,1,1,,
1786353344.799,c1,recommend,,0.0,26.76,14.03,2.58,S3,0,,0,200.0,obs,1196,26.76,14.03,4.0,S3,26.76,14.03,4.0,S3,26.76,14.03,2.58,S3,13.435,0,S3,site_s3,S3,S3,S3,299.0,0.0,0.0,319.1,1,1,1,,
1786353344.799,c2,reserve,,0.0,26.34,13.67,1.64,S3,0,,0,36.0,obs,602,26.34,13.67,3.65,S3,26.34,13.67,3.65,S3,26.34,13.67,1.64,S3,13.435,0,S3,site_s3,S3,S3,S3,150.5,0.0,0.0,360.9,1,1,1,,
1786353344.799,c2,search,,0.0,31.1,20.71,6.91,S3,0,,0,4474.0,obs,896,31.1,20.71,10.98,S3,31.1,20.71,10.98,S3,31.1,20.71,6.91,S3,13.435,0,S3,site_s3,S3,S3,S3,224.0,0.0,0.0,584.9,1,1,1,,
1786353344.799,c2,recommend,,0.0,26.76,14.03,2.58,S3,0,,0,200.0,obs,1196,26.76,14.03,4.0,S3,26.76,14.03,4.0,S3,26.76,14.03,2.58,S3,13.435,0,S3,site_s3,S3,S3,S3,299.0,0.0,0.0,638.1,1,1,1,,
1786353345.799,c1,reserve,,0.0,26.34,13.67,1.57,S3,0,,0,36.0,obs,597,26.34,13.67,3.65,S3,26.34,13.67,3.65,S3,26.34,13.67,1.57,S3,13.501,0,S3,site_s3,S3,S3,S3,149.0,0.0,0.0,41.4,1,1,1,,
1786353345.799,c1,search,,0.0,31.1,20.71,6.77,S3,0,,0,4474.0,obs,898,31.1,20.71,10.98,S3,31.1,20.71,10.98,S3,31.1,20.71,6.77,S3,13.501,0,S3,site_s3,S3,S3,S3,224.5,0.0,0.0,265.9,1,1,1,,
1786353345.799,c1,recommend,,0.0,26.76,14.03,2.42,S3,0,,0,200.0,obs,1203,26.76,14.03,4.0,S3,26.76,14.03,4.0,S3,26.76,14.03,2.42,S3,13.501,0,S3,site_s3,S3,S3,S3,300.0,0.0,0.0,319.3,1,1,1,,
1786353345.799,c2,reserve,,0.0,26.34,13.67,1.57,S3,0,,0,36.0,obs,597,26.34,13.67,3.65,S3,26.34,13.67,3.65,S3,26.34,13.67,1.57,S3,13.501,0,S3,site_s3,S3,S3,S3,149.5,0.0,0.0,360.9,1,1,1,,
1786353345.799,c2,search,,0.0,31.1,20.71,6.77,S3,0,,0,4474.0,obs,898,31.1,20.71,10.98,S3,31.1,20.71,10.98,S3,31.1,20.71,6.77,S3,13.501,0,S3,site_s3,S3,S3,S3,224.5,0.0,0.0,585.4,1,1,1,,
1786353345.799,c2,recommend,,0.0,26.76,14.03,2.42,S3,0,,0,200.0,obs,1203,26.76,14.03,4.0,S3,26.76,14.03,4.0,S3,26.76,14.03,2.42,S3,13.501,0,S3,site_s3,S3,S3,S3,301.0,0.0,0.0,639.0,1,1,1,,
1786353346.798,c1,reserve,,0.0,26.34,13.67,1.57,S3,0,,0,36.0,obs,604,26.34,13.67,3.65,S3,26.34,13.67,3.65,S3,26.34,13.67,1.57,S3,12.525,0,S3,site_s3,S3,S3,S3,151.0,0.0,0.0,42.0,1,1,1,,
1786353346.798,c1,search,,0.0,31.1,20.71,6.65,S3,0,,0,4474.0,obs,897,31.1,20.71,10.98,S3,31.1,20.71,10.98,S3,31.1,20.71,6.65,S3,12.525,0,S3,site_s3,S3,S3,S3,224.5,0.0,0.0,266.5,1,1,1,,
1786353346.798,c1,recommend,,0.0,26.76,14.03,2.26,S3,0,,0,200.0,obs,1200,26.76,14.03,4.0,S3,26.76,14.03,4.0,S3,26.76,14.03,2.26,S3,12.525,0,S3,site_s3,S3,S3,S3,300.0,0.0,0.0,319.9,1,1,1,,
1786353346.798,c2,reserve,,0.0,26.34,13.67,1.57,S3,0,,0,36.0,obs,604,26.34,13.67,3.65,S3,26.34,13.67,3.65,S3,26.34,13.67,1.57,S3,12.525,0,S3,site_s3,S3,S3,S3,151.0,0.0,0.0,361.9,1,1,1,,
1786353346.798,c2,search,,0.0,31.1,20.71,6.65,S3,0,,0,4474.0,obs,897,31.1,20.71,10.98,S3,31.1,20.71,10.98,S3,31.1,20.71,6.65,S3,12.525,0,S3,site_s3,S3,S3,S3,224.0,0.0,0.0,585.9,1,1,1,,
1786353346.798,c2,recommend,,0.0,26.76,14.03,2.26,S3,0,,0,200.0,obs,1200,26.76,14.03,4.0,S3,26.76,14.03,4.0,S3,26.76,14.03,2.26,S3,12.525,0,S3,site_s3,S3,S3,S3,300.0,0.0,0.0,639.3,1,1,1,,
1786353347.799,c1,reserve,,0.0,26.34,13.67,1.2,S3,0,,0,36.0,obs,600,26.34,13.67,3.65,S3,26.34,13.67,3.65,S3,26.34,13.67,1.2,S3,13.431,0,S3,site_s3,S3,S3,S3,149.5,0.0,0.0,41.6,1,1,1,,
1786353347.799,c1,search,,0.0,31.1,20.71,5.97,S3,0,,0,4474.0,obs,901,31.1,20.71,10.98,S3,31.1,20.71,10.98,S3,31.1,20.71,5.97,S3,13.431,0,S3,site_s3,S3,S3,S3,225.5,0.0,0.0,267.1,1,1,1,,
1786353347.799,c1,recommend,,0.0,26.76,14.03,2.22,S3,0,,0,200.0,obs,1201,26.76,14.03,4.0,S3,26.76,14.03,4.0,S3,26.76,14.03,2.22,S3,13.431,0,S3,site_s3,S3,S3,S3,300.5,0.0,0.0,320.6,1,1,1,,
1786353347.799,c2,reserve,,0.0,26.34,13.67,1.2,S3,0,,0,36.0,obs,600,26.34,13.67,3.65,S3,26.34,13.67,3.65,S3,26.34,13.67,1.2,S3,13.431,0,S3,site_s3,S3,S3,S3,150.5,0.0,0.0,362.4,1,1,1,,
1786353347.799,c2,search,,0.0,31.1,20.71,5.97,S3,0,,0,4474.0,obs,901,31.1,20.71,10.98,S3,31.1,20.71,10.98,S3,31.1,20.71,5.97,S3,13.431,0,S3,site_s3,S3,S3,S3,225.0,0.0,0.0,587.4,1,1,1,,
1786353347.799,c2,recommend,,0.0,26.76,14.03,2.22,S3,0,,0,200.0,obs,1201,26.76,14.03,4.0,S3,26.76,14.03,4.0,S3,26.76,14.03,2.22,S3,13.431,0,S3,site_s3,S3,S3,S3,300.0,0.0,0.0,640.8,1,1,1,,
1786353348.799,c1,reserve,,0.0,26.34,13.67,1.47,S3,0,,0,36.0,obs,601,26.34,13.67,3.65,S3,26.34,13.67,3.65,S3,26.34,13.67,1.47,S3,13.541,0,S3,site_s3,S3,S3,S3,150.5,0.0,0.0,41.8,1,1,1,,
1786353348.799,c1,search,,0.0,31.1,20.71,5.94,S3,0,,0,4474.0,obs,897,31.1,20.71,10.98,S3,31.1,20.71,10.98,S3,31.1,20.71,5.94,S3,13.541,0,S3,site_s3,S3,S3,S3,224.5,0.0,0.0,266.3,1,1,1,,
1786353348.799,c1,recommend,,0.0,26.76,14.03,2.41,S3,0,,0,200.0,obs,1202,26.76,14.03,4.0,S3,26.76,14.03,4.0,S3,26.76,14.03,2.41,S3,13.541,0,S3,site_s3,S3,S3,S3,300.5,0.0,0.0,319.8,1,1,1,,
1786353348.799,c2,reserve,,0.0,26.34,13.67,1.47,S3,0,,0,36.0,obs,601,26.34,13.67,3.65,S3,26.34,13.67,3.65,S3,26.34,13.67,1.47,S3,13.541,0,S3,site_s3,S3,S3,S3,150.0,0.0,0.0,361.5,1,1,1,,
1786353348.799,c2,search,,0.0,31.1,20.71,5.94,S3,0,,0,4474.0,obs,897,31.1,20.71,10.98,S3,31.1,20.71,10.98,S3,31.1,20.71,5.94,S3,13.541,0,S3,site_s3,S3,S3,S3,224.0,0.0,0.0,585.5,1,1,1,,
1786353348.799,c2,recommend,,0.0,26.76,14.03,2.41,S3,0,,0,200.0,obs,1202,26.76,14.03,4.0,S3,26.76,14.03,4.0,S3,26.76,14.03,2.41,S3,13.541,0,S3,site_s3,S3,S3,S3,300.5,0.0,0.0,639.0,1,1,1,,
1786353349.799,c1,reserve,,0.0,26.34,13.67,1.79,S3,0,,0,36.0,obs,601,26.34,13.67,3.65,S3,26.34,13.67,3.65,S3,26.34,13.67,1.79,S3,13.552,0,S3,site_s3,S3,S3,S3,150.0,0.0,0.0,41.7,1,1,1,,
1786353349.799,c1,search,,0.0,31.1,20.71,6.62,S3,0,,0,4474.0,obs,902,31.1,20.71,10.98,S3,31.1,20.71,10.98,S3,31.1,20.71,6.62,S3,13.552,0,S3,site_s3,S3,S3,S3,225.5,0.0,0.0,267.2,1,1,1,,
1786353349.799,c1,recommend,,0.0,26.76,14.03,2.54,S3,0,,0,200.0,obs,1201,26.76,14.03,4.0,S3,26.76,14.03,4.0,S3,26.76,14.03,2.54,S3,13.552,0,S3,site_s3,S3,S3,S3,300.5,0.0,0.0,320.7,1,1,1,,
1786353349.799,c2,reserve,,0.0,26.34,13.67,1.79,S3,0,,0,36.0,obs,601,26.34,13.67,3.65,S3,26.34,13.67,3.65,S3,26.34,13.67,1.79,S3,13.552,0,S3,site_s3,S3,S3,S3,150.5,0.0,0.0,362.5,1,1,1,,
1786353349.799,c2,search,,0.0,31.1,20.71,6.62,S3,0,,0,4474.0,obs,902,31.1,20.71,10.98,S3,31.1,20.71,10.98,S3,31.1,20.71,6.62,S3,13.552,0,S3,site_s3,S3,S3,S3,225.5,0.0,0.0,588.0,1,1,1,,
1786353349.799,c2,recommend,,0.0,26.76,14.03,2.54,S3,0,,0,200.0,obs,1201,26.76,14.03,4.0,S3,26.76,14.03,4.0,S3,26.76,14.03,2.54,S3,13.552,0,S3,site_s3,S3,S3,S3,300.0,0.0,0.0,641.4,1,1,1,,
1786353350.799,c1,reserve,,0.0,26.34,13.67,1.85,S3,0,,0,36.0,obs,599,26.34,13.67,3.65,S3,26.34,13.67,3.65,S3,26.34,13.67,1.85,S3,13.694,0,S3,site_s3,S3,S3,S3,150.0,0.0,0.0,41.7,1,1,1,,
1786353350.799,c1,search,,0.0,31.1,20.71,6.72,S3,0,,0,4474.0,obs,900,31.1,20.71,10.98,S3,31.1,20.71,10.98,S3,31.1,20.71,6.72,S3,13.694,0,S3,site_s3,S3,S3,S3,225.0,0.0,0.0,266.7,1,1,1,,
1786353350.799,c1,recommend,,0.0,26.76,14.03,2.47,S3,0,,0,200.0,obs,1205,26.76,14.03,4.0,S3,26.76,14.03,4.0,S3,26.76,14.03,2.47,S3,13.694,0,S3,site_s3,S3,S3,S3,301.0,0.0,0.0,320.3,1,1,1,,
1786353350.799,c2,reserve,,0.0,26.34,13.67,1.85,S3,0,,0,36.0,obs,599,26.34,13.67,3.65,S3,26.34,13.67,3.65,S3,26.34,13.67,1.85,S3,13.694,0,S3,site_s3,S3,S3,S3,149.5,0.0,0.0,361.8,1,1,1,,
1786353350.799,c2,search,,0.0,31.1,20.71,6.72,S3,0,,0,4474.0,obs,900,31.1,20.71,10.98,S3,31.1,20.71,10.98,S3,31.1,20.71,6.72,S3,13.694,0,S3,site_s3,S3,S3,S3,225.0,0.0,0.0,586.8,1,1,1,,
1786353350.799,c2,recommend,,0.0,26.76,14.03,2.47,S3,0,,0,200.0,obs,1205,26.76,14.03,4.0,S3,26.76,14.03,4.0,S3,26.76,14.03,2.47,S3,13.694,0,S3,site_s3,S3,S3,S3,301.5,0.0,0.0,640.5,1,1,1,,
1786353351.799,c1,reserve,,0.0,26.34,13.67,1.34,S3,0,,0,36.0,obs,604,26.34,13.67,3.65,S3,26.34,13.67,3.65,S3,26.34,13.67,1.34,S3,13.584,0,S3,site_s3,S3,S3,S3,151.0,0.0,0.0,42.0,1,1,1,,
1786353351.799,c1,search,,0.0,31.1,20.71,6.56,S3,0,,0,4474.0,obs,899,31.1,20.71,10.98,S3,31.1,20.71,10.98,S3,31.1,20.71,6.56,S3,13.584,0,S3,site_s3,S3,S3,S3,225.0,0.0,0.0,267.0,1,1,1,,
1786353351.799,c1,recommend,,0.0,26.76,14.03,2.38,S3,0,,0,200.0,obs,1198,26.76,14.03,4.0,S3,26.76,14.03,4.0,S3,26.76,14.03,2.38,S3,13.584,0,S3,site_s3,S3,S3,S3,299.5,0.0,0.0,320.3,1,1,1,,
1786353351.799,c2,reserve,,0.0,26.34,13.67,1.34,S3,0,,0,36.0,obs,604,26.34,13.67,3.65,S3,26.34,13.67,3.65,S3,26.34,13.67,1.34,S3,13.584,0,S3,site_s3,S3,S3,S3,151.0,0.0,0.0,362.3,1,1,1,,
1786353351.799,c2,search,,0.0,31.1,20.71,6.56,S3,0,,0,4474.0,obs,899,31.1,20.71,10.98,S3,31.1,20.71,10.98,S3,31.1,20.71,6.56,S3,13.584,0,S3,site_s3,S3,S3,S3,224.5,0.0,0.0,586.8,1,1,1,,
1786353351.799,c2,recommend,,0.0,26.76,14.03,2.38,S3,0,,0,200.0,obs,1198,26.76,14.03,4.0,S3,26.76,14.03,4.0,S3,26.76,14.03,2.38,S3,13.584,0,S3,site_s3,S3,S3,S3,299.5,0.0,0.0,640.1,1,1,1,,
1786353352.798,c1,reserve,,0.0,26.34,13.67,1.54,S3,0,,0,36.0,obs,599,26.34,13.67,3.65,S3,26.34,13.67,3.65,S3,26.34,13.67,1.54,S3,12.54,0,S3,site_s3,S3,S3,S3,149.5,0.0,0.0,41.6,1,1,1,,
1786353352.798,c1,search,,0.0,31.1,20.71,6.67,S3,0,,0,4474.0,obs,903,31.1,20.71,10.98,S3,31.1,20.71,10.98,S3,31.1,20.71,6.67,S3,12.54,0,S3,site_s3,S3,S3,S3,226.0,0.0,0.0,267.6,1,1,1,,
1786353352.798,c1,recommend,,0.0,26.76,14.03,2.33,S3,0,,0,200.0,obs,1207,26.76,14.03,4.0,S3,26.76,14.03,4.0,S3,26.76,14.03,2.33,S3,12.54,0,S3,site_s3,S3,S3,S3,302.0,0.0,0.0,321.3,1,1,1,,
1786353352.798,c2,reserve,,0.0,26.34,13.67,1.54,S3,0,,0,36.0,obs,599,26.34,13.67,3.65,S3,26.34,13.67,3.65,S3,26.34,13.67,1.54,S3,12.54,0,S3,site_s3,S3,S3,S3,150.0,0.0,0.0,363.0,1,1,1,,
1786353352.798,c2,search,,0.0,31.1,20.71,6.67,S3,0,,0,4474.0,obs,903,31.1,20.71,10.98,S3,31.1,20.71,10.98,S3,31.1,20.71,6.67,S3,12.54,0,S3,site_s3,S3,S3,S3,225.5,0.0,0.0,588.5,1,1,1,,
1786353352.798,c2,recommend,,0.0,26.76,14.03,2.33,S3,0,,0,200.0,obs,1207,26.76,14.03,4.0,S3,26.76,14.03,4.0,S3,26.76,14.03,2.33,S3,12.54,0,S3,site_s3,S3,S3,S3,301.5,0.0,0.0,642.2,1,1,1,,
1786353353.799,c1,reserve,,0.0,26.34,13.67,1.88,S3,0,,0,36.0,obs,606,26.34,13.67,3.65,S3,26.34,13.67,3.65,S3,26.34,13.67,1.88,S3,13.511,0,S3,site_s3,S3,S3,S3,151.5,0.0,0.0,42.1,1,1,1,,
1786353353.799,c1,search,,0.0,31.1,20.71,6.98,S3,0,,0,4474.0,obs,901,31.1,20.71,10.98,S3,31.1,20.71,10.98,S3,31.1,20.71,6.98,S3,13.511,0,S3,site_s3,S3,S3,S3,225.5,0.0,0.0,267.6,1,1,1,,
1786353353.799,c1,recommend,,0.0,26.76,14.03,2.34,S3,0,,0,200.0,obs,1203,26.76,14.03,4.0,S3,26.76,14.03,4.0,S3,26.76,14.03,2.34,S3,13.511,0,S3,site_s3,S3,S3,S3,301.0,0.0,0.0,321.2,1,1,1,,
1786353353.799,c2,reserve,,0.0,26.34,13.67,1.88,S3,0,,0,36.0,obs,606,26.34,13.67,3.65,S3,26.34,13.67,3.65,S3,26.34,13.67,1.88,S3,13.511,0,S3,site_s3,S3,S3,S3,151.5,0.0,0.0,363.3,1,1,1,,
1786353353.799,c2,search,,0.0,31.1,20.71,6.98,S3,0,,0,4474.0,obs,901,31.1,20.71,10.98,S3,31.1,20.71,10.98,S3,31.1,20.71,6.98,S3,13.511,0,S3,site_s3,S3,S3,S3,225.0,0.0,0.0,588.3,1,1,1,,
1786353353.799,c2,recommend,,0.0,26.76,14.03,2.34,S3,0,,0,200.0,obs,1203,26.76,14.03,4.0,S3,26.76,14.03,4.0,S3,26.76,14.03,2.34,S3,13.511,0,S3,site_s3,S3,S3,S3,300.5,0.0,0.0,641.8,1,1,1,,
1786353354.798,c1,reserve,,0.0,26.34,13.67,1.73,S3,0,,0,36.0,obs,600,26.34,13.67,3.65,S3,26.34,13.67,3.65,S3,26.34,13.67,1.73,S3,12.444,0,S3,site_s3,S3,S3,S3,150.0,0.0,0.0,41.7,1,1,1,,
1786353354.798,c1,search,,0.0,31.1,20.71,7.23,S3,0,,0,4474.0,obs,905,31.1,20.71,10.98,S3,31.1,20.71,10.98,S3,31.1,20.71,7.23,S3,12.444,0,S3,site_s3,S3,S3,S3,226.5,0.0,0.0,268.2,1,1,1,,
1786353354.798,c1,recommend,,0.0,26.76,14.03,2.4,S3,0,,0,200.0,obs,1206,26.76,14.03,4.0,S3,26.76,14.03,4.0,S3,26.76,14.03,2.4,S3,12.444,0,S3,site_s3,S3,S3,S3,301.5,0.0,0.0,321.9,1,1,1,,
1786353354.798,c2,reserve,,0.0,26.34,13.67,1.73,S3,0,,0,36.0,obs,600,26.34,13.67,3.65,S3,26.34,13.67,3.65,S3,26.34,13.67,1.73,S3,12.444,0,S3,site_s3,S3,S3,S3,150.0,0.0,0.0,363.6,1,1,1,,
1786353354.798,c2,search,,0.0,31.1,20.71,7.23,S3,0,,0,4474.0,obs,905,31.1,20.71,10.98,S3,31.1,20.71,10.98,S3,31.1,20.71,7.23,S3,12.444,0,S3,site_s3,S3,S3,S3,226.0,0.0,0.0,589.6,1,1,1,,
1786353354.798,c2,recommend,,0.0,26.76,14.03,2.4,S3,0,,0,200.0,obs,1206,26.76,14.03,4.0,S3,26.76,14.03,4.0,S3,26.76,14.03,2.4,S3,12.444,0,S3,site_s3,S3,S3,S3,301.5,0.0,0.0,643.2,1,1,1,,
1786353355.799,c1,reserve,,0.0,26.34,13.67,2.02,S3,0,,0,36.0,obs,603,26.34,13.67,3.65,S3,26.34,13.67,3.65,S3,26.34,13.67,2.02,S3,13.369,0,S3,site_s3,S3,S3,S3,151.0,0.0,0.0,42.0,1,1,1,,
1786353355.799,c1,search,,0.0,31.1,20.71,6.82,S3,0,,0,4474.0,obs,901,31.1,20.71,10.98,S3,31.1,20.71,10.98,S3,31.1,20.71,6.82,S3,13.369,0,S3,site_s3,S3,S3,S3,225.0,0.0,0.0,267.0,1,1,1,,
1786353355.799,c1,recommend,,0.0,26.76,14.03,2.49,S3,0,,0,200.0,obs,1207,26.76,14.03,4.0,S3,26.76,14.03,4.0,S3,26.76,14.03,2.49,S3,13.369,0,S3,site_s3,S3,S3,S3,301.5,0.0,0.0,320.6,1,1,1,,
1786353355.799,c2,reserve,,0.0,26.34,13.67,2.02,S3,0,,0,36.0,obs,603,26.34,13.67,3.65,S3,26.34,13.67,3.65,S3,26.34,13.67,2.02,S3,13.369,0,S3,site_s3,S3,S3,S3,150.5,0.0,0.0,362.5,1,1,1,,
1786353355.799,c2,search,,0.0,31.1,20.71,6.82,S3,0,,0,4474.0,obs,901,31.1,20.71,10.98,S3,31.1,20.71,10.98,S3,31.1,20.71,6.82,S3,13.369,0,S3,site_s3,S3,S3,S3,225.5,0.0,0.0,588.0,1,1,1,,
1786353355.799,c2,recommend,,0.0,26.76,14.03,2.49,S3,0,,0,200.0,obs,1207,26.76,14.03,4.0,S3,26.76,14.03,4.0,S3,26.76,14.03,2.49,S3,13.369,0,S3,site_s3,S3,S3,S3,302.0,0.0,0.0,641.7,1,1,1,,
1786353356.799,c1,reserve,,0.0,26.34,13.67,1.29,S3,0,,0,36.0,obs,603,26.34,13.67,3.65,S3,26.34,13.67,3.65,S3,26.34,13.67,1.29,S3,13.319,0,S3,site_s3,S3,S3,S3,150.5,0.0,0.0,41.8,1,1,1,,
1786353356.799,c1,search,,0.0,31.1,20.71,4.93,S3,0,,0,4474.0,obs,905,31.1,20.71,10.98,S3,31.1,20.71,10.98,S3,31.1,20.71,4.93,S3,13.319,0,S3,site_s3,S3,S3,S3,226.5,0.0,0.0,268.3,1,1,1,,
1786353356.799,c1,recommend,,0.0,26.76,14.03,1.34,S3,0,,0,200.0,obs,1206,26.76,14.03,4.0,S3,26.76,14.03,4.0,S3,26.76,14.03,1.34,S3,13.319,0,S3,site_s3,S3,S3,S3,301.5,0.0,0.0,322.0,1,1,1,,
1786353356.799,c2,reserve,,0.0,26.34,13.67,1.29,S3,0,,0,36.0,obs,603,26.34,13.67,3.65,S3,26.34,13.67,3.65,S3,26.34,13.67,1.29,S3,13.319,0,S3,site_s3,S3,S3,S3,151.0,0.0,0.0,364.0,1,1,1,,
1786353356.799,c2,search,,0.0,31.1,20.71,4.93,S3,0,,0,4474.0,obs,905,31.1,20.71,10.98,S3,31.1,20.71,10.98,S3,31.1,20.71,4.93,S3,13.319,0,S3,site_s3,S3,S3,S3,226.0,0.0,0.0,590.0,1,1,1,,
1786353356.799,c2,recommend,,0.0,26.76,14.03,1.34,S3,0,,0,200.0,obs,1206,26.76,14.03,4.0,S3,26.76,14.03,4.0,S3,26.76,14.03,1.34,S3,13.319,0,S3,site_s3,S3,S3,S3,301.5,0.0,0.0,643.7,1,1,1,,
1786353357.799,c1,reserve,,0.0,26.34,13.67,1.08,S3,0,,0,36.0,obs,603,26.34,13.67,3.65,S3,26.34,13.67,3.65,S3,26.34,13.67,1.08,S3,13.519,0,S3,site_s3,S3,S3,S3,150.5,0.0,0.0,41.8,1,1,1,,
1786353357.799,c1,search,,0.0,31.1,20.71,4.15,S3,0,,0,4474.0,obs,902,31.1,20.71,10.98,S3,31.1,20.71,10.98,S3,31.1,20.71,4.15,S3,13.519,0,S3,site_s3,S3,S3,S3,225.5,0.0,0.0,267.3,1,1,1,,
1786353357.799,c1,recommend,,0.0,26.76,14.03,1.16,S3,0,,0,200.0,obs,1209,26.76,14.03,4.0,S3,26.76,14.03,4.0,S3,26.76,14.03,1.16,S3,13.519,0,S3,site_s3,S3,S3,S3,302.5,0.0,0.0,321.2,1,1,1,,
1786353357.799,c2,reserve,,0.0,26.34,13.67,1.08,S3,0,,0,36.0,obs,603,26.34,13.67,3.65,S3,26.34,13.67,3.65,S3,26.34,13.67,1.08,S3,13.519,0,S3,site_s3,S3,S3,S3,151.0,0.0,0.0,363.2,1,1,1,,
1786353357.799,c2,search,,0.0,31.1,20.71,4.15,S3,0,,0,4474.0,obs,902,31.1,20.71,10.98,S3,31.1,20.71,10.98,S3,31.1,20.71,4.15,S3,13.519,0,S3,site_s3,S3,S3,S3,225.5,0.0,0.0,588.7,1,1,1,,
1786353357.799,c2,recommend,,0.0,26.76,14.03,1.16,S3,0,,0,200.0,obs,1209,26.76,14.03,4.0,S3,26.76,14.03,4.0,S3,26.76,14.03,1.16,S3,13.519,0,S3,site_s3,S3,S3,S3,302.0,0.0,0.0,642.4,1,1,1,,
1786353358.799,c1,reserve,,0.0,26.34,13.67,1.48,S3,0,,0,36.0,obs,606,26.34,13.67,3.65,S3,26.34,13.67,3.65,S3,26.34,13.67,1.48,S3,13.622,0,S3,site_s3,S3,S3,S3,151.5,0.0,0.0,42.1,1,1,1,,
1786353358.799,c1,search,,0.0,31.1,20.71,6.62,S3,0,,0,4474.0,obs,904,31.1,20.71,10.98,S3,31.1,20.71,10.98,S3,31.1,20.71,6.62,S3,13.622,0,S3,site_s3,S3,S3,S3,226.0,0.0,0.0,268.1,1,1,1,,
1786353358.799,c1,recommend,,0.0,26.76,14.03,2.16,S3,0,,0,200.0,obs,1206,26.76,14.03,4.0,S3,26.76,14.03,4.0,S3,26.76,14.03,2.16,S3,13.622,0,S3,site_s3,S3,S3,S3,301.5,0.0,0.0,321.8,1,1,1,,
1786353358.799,c2,reserve,,0.0,26.34,13.67,1.48,S3,0,,0,36.0,obs,606,26.34,13.67,3.65,S3,26.34,13.67,3.65,S3,26.34,13.67,1.48,S3,13.622,0,S3,site_s3,S3,S3,S3,151.5,0.0,0.0,363.9,1,1,1,,
1786353358.799,c2,search,,0.0,31.1,20.71,6.62,S3,0,,0,4474.0,obs,904,31.1,20.71,10.98,S3,31.1,20.71,10.98,S3,31.1,20.71,6.62,S3,13.622,0,S3,site_s3,S3,S3,S3,226.0,0.0,0.0,589.9,1,1,1,,
1786353358.799,c2,recommend,,0.0,26.76,14.03,2.16,S3,0,,0,200.0,obs,1206,26.76,14.03,4.0,S3,26.76,14.03,4.0,S3,26.76,14.03,2.16,S3,13.622,0,S3,site_s3,S3,S3,S3,301.5,0.0,0.0,643.6,1,1,1,,
1786353359.799,c1,reserve,,0.0,26.34,13.67,1.83,S3,0,,0,36.0,obs,601,26.34,13.67,3.65,S3,26.34,13.67,3.65,S3,26.34,13.67,1.83,S3,13.265,0,S3,site_s3,S3,S3,S3,150.5,0.0,0.0,41.8,1,1,1,,
1786353359.799,c1,search,,0.0,31.1,20.71,6.6,S3,0,,0,4474.0,obs,904,31.1,20.71,10.98,S3,31.1,20.71,10.98,S3,31.1,20.71,6.6,S3,13.265,0,S3,site_s3,S3,S3,S3,226.0,0.0,0.0,267.8,1,1,1,,
1786353359.799,c1,recommend,,0.0,26.76,14.03,2.47,S3,0,,0,200.0,obs,1212,26.76,14.03,4.0,S3,26.76,14.03,4.0,S3,26.76,14.03,2.47,S3,13.265,0,S3,site_s3,S3,S3,S3,303.0,0.0,0.0,321.8,1,1,1,,
1786353359.799,c2,reserve,,0.0,26.34,13.67,1.83,S3,0,,0,36.0,obs,601,26.34,13.67,3.65,S3,26.34,13.67,3.65,S3,26.34,13.67,1.83,S3,13.265,0,S3,site_s3,S3,S3,S3,150.0,0.0,0.0,363.5,1,1,1,,
1786353359.799,c2,search,,0.0,31.1,20.71,6.6,S3,0,,0,4474.0,obs,904,31.1,20.71,10.98,S3,31.1,20.71,10.98,S3,31.1,20.71,6.6,S3,13.265,0,S3,site_s3,S3,S3,S3,226.0,0.0,0.0,589.5,1,1,1,,
1786353359.799,c2,recommend,,0.0,26.76,14.03,2.47,S3,0,,0,200.0,obs,1212,26.76,14.03,4.0,S3,26.76,14.03,4.0,S3,26.76,14.03,2.47,S3,13.265,0,S3,site_s3,S3,S3,S3,303.0,0.0,0.0,643.4,1,1,1,,
1786353360.799,c1,reserve,,0.0,26.34,13.67,1.86,S3,0,,0,36.0,obs,607,26.34,13.67,3.65,S3,26.34,13.67,3.65,S3,26.34,13.67,1.86,S3,13.554,0,S3,site_s3,S3,S3,S3,152.0,0.0,0.0,42.3,1,1,1,,
1786353360.799,c1,search,,0.0,31.1,20.71,6.31,S3,0,,0,4474.0,obs,903,31.1,20.71,10.98,S3,31.1,20.71,10.98,S3,31.1,20.71,6.31,S3,13.554,0,S3,site_s3,S3,S3,S3,226.0,0.0,0.0,268.3,1,1,1,,
1786353360.799,c1,recommend,,0.0,26.76,14.03,2.41,S3,0,,0,200.0,obs,1207,26.76,14.03,4.0,S3,26.76,14.03,4.0,S3,26.76,14.03,2.41,S3,13.554,0,S3,site_s3,S3,S3,S3,301.5,0.0,0.0,321.9,1,1,1,,
1786353360.799,c2,reserve,,0.0,26.34,13.67,1.86,S3,0,,0,36.0,obs,607,26.34,13.67,3.65,S3,26.34,13.67,3.65,S3,26.34,13.67,1.86,S3,13.554,0,S3,site_s3,S3,S3,S3,151.5,0.0,0.0,364.0,1,1,1,,
1786353360.799,c2,search,,0.0,31.1,20.71,6.31,S3,0,,0,4474.0,obs,903,31.1,20.71,10.98,S3,31.1,20.71,10.98,S3,31.1,20.71,6.31,S3,13.554,0,S3,site_s3,S3,S3,S3,225.0,0.0,0.0,589.0,1,1,1,,
1786353360.799,c2,recommend,,0.0,26.76,14.03,2.41,S3,0,,0,200.0,obs,1207,26.76,14.03,4.0,S3,26.76,14.03,4.0,S3,26.76,14.03,2.41,S3,13.554,0,S3,site_s3,S3,S3,S3,302.0,0.0,0.0,642.8,1,1,1,,
1786353361.798,c1,reserve,,0.0,26.34,13.67,1.64,S3,0,,0,36.0,obs,602,26.34,13.67,3.65,S3,26.34,13.67,3.65,S3,26.34,13.67,1.64,S3,12.513,0,S3,site_s3,S3,S3,S3,150.5,0.0,0.0,41.8,1,1,1,,
1786353361.798,c1,search,,0.0,31.1,20.71,6.42,S3,0,,0,4474.0,obs,907,31.1,20.71,10.98,S3,31.1,20.71,10.98,S3,31.1,20.71,6.42,S3,12.513,0,S3,site_s3,S3,S3,S3,227.0,0.0,0.0,268.8,1,1,1,,
1786353361.798,c1,recommend,,0.0,26.76,14.03,2.26,S3,0,,0,200.0,obs,1212,26.76,14.03,4.0,S3,26.76,14.03,4.0,S3,26.76,14.03,2.26,S3,12.513,0,S3,site_s3,S3,S3,S3,303.0,0.0,0.0,322.8,1,1,1,,
1786353361.798,c2,reserve,,0.0,26.34,13.67,1.64,S3,0,,0,36.0,obs,602,26.34,13.67,3.65,S3,26.34,13.67,3.65,S3,26.34,13.67,1.64,S3,12.513,0,S3,site_s3,S3,S3,S3,150.5,0.0,0.0,364.6,1,1,1,,
1786353361.798,c2,search,,0.0,31.1,20.71,6.42,S3,0,,0,4474.0,obs,907,31.1,20.71,10.98,S3,31.1,20.71,10.98,S3,31.1,20.71,6.42,S3,12.513,0,S3,site_s3,S3,S3,S3,226.5,0.0,0.0,591.1,1,1,1,,
1786353361.798,c2,recommend,,0.0,26.76,14.03,2.26,S3,0,,0,200.0,obs,1212,26.76,14.03,4.0,S3,26.76,14.03,4.0,S3,26.76,14.03,2.26,S3,12.513,0,S3,site_s3,S3,S3,S3,303.0,0.0,0.0,645.0,1,1,1,,
1786353362.799,c1,reserve,,0.0,26.34,13.67,1.51,S3,0,,0,36.0,obs,606,26.34,13.67,3.65,S3,26.34,13.67,3.65,S3,26.34,13.67,1.51,S3,13.41,0,S3,site_s3,S3,S3,S3,151.5,0.0,0.0,42.1,1,1,1,,
1786353362.799,c1,search,,0.0,31.1,20.71,6.79,S3,0,,0,4474.0,obs,904,31.1,20.71,10.98,S3,31.1,20.71,10.98,S3,31.1,20.71,6.79,S3,13.41,0,S3,site_s3,S3,S3,S3,226.0,0.0,0.0,268.1,1,1,1,,
1786353362.799,c1,recommend,,0.0,26.76,14.03,2.3,S3,0,,0,200.0,obs,1212,26.76,14.03,4.0,S3,26.76,14.03,4.0,S3,26.76,14.03,2.3,S3,13.41,0,S3,site_s3,S3,S3,S3,303.0,0.0,0.0,322.1,1,1,1,,
1786353362.799,c2,reserve,,0.0,26.34,13.67,1.51,S3,0,,0,36.0,obs,606,26.34,13.67,3.65,S3,26.34,13.67,3.65,S3,26.34,13.67,1.51,S3,13.41,0,S3,site_s3,S3,S3,S3,151.5,0.0,0.0,364.2,1,1,1,,
1786353362.799,c2,search,,0.0,31.1,20.71,6.79,S3,0,,0,4474.0,obs,904,31.1,20.71,10.98,S3,31.1,20.71,10.98,S3,31.1,20.71,6.79,S3,13.41,0,S3,site_s3,S3,S3,S3,226.0,0.0,0.0,590.2,1,1,1,,
1786353362.799,c2,recommend,,0.0,26.76,14.03,2.3,S3,0,,0,200.0,obs,1212,26.76,14.03,4.0,S3,26.76,14.03,4.0,S3,26.76,14.03,2.3,S3,13.41,0,S3,site_s3,S3,S3,S3,303.0,0.0,0.0,644.1,1,1,1,,
1786353363.799,c1,reserve,,0.0,26.34,13.67,1.78,S3,0,,0,36.0,obs,605,26.34,13.67,3.65,S3,26.34,13.67,3.65,S3,26.34,13.67,1.78,S3,13.45,0,S3,site_s3,S3,S3,S3,151.0,0.0,0.0,42.0,1,1,1,,
1786353363.799,c1,search,,0.0,31.1,20.71,6.79,S3,0,,0,4474.0,obs,908,31.1,20.71,10.98,S3,31.1,20.71,10.98,S3,31.1,20.71,6.79,S3,13.45,0,S3,site_s3,S3,S3,S3,227.0,0.0,0.0,269.0,1,1,1,,
1786353363.799,c1,recommend,,0.0,26.76,14.03,2.33,S3,0,,0,200.0,obs,1211,26.76,14.03,4.0,S3,26.76,14.03,4.0,S3,26.76,14.03,2.33,S3,13.45,0,S3,site_s3,S3,S3,S3,303.0,0.0,0.0,322.9,1,1,1,,
1786353363.799,c2,reserve,,0.0,26.34,13.67,1.78,S3,0,,0,36.0,obs,605,26.34,13.67,3.65,S3,26.34,13.67,3.65,S3,26.34,13.67,1.78,S3,13.45,0,S3,site_s3,S3,S3,S3,151.5,0.0,0.0,365.0,1,1,1,,
1786353363.799,c2,search,,0.0,31.1,20.71,6.79,S3,0,,0,4474.0,obs,908,31.1,20.71,10.98,S3,31.1,20.71,10.98,S3,31.1,20.71,6.79,S3,13.45,0,S3,site_s3,S3,S3,S3,227.0,0.0,0.0,592.0,1,1,1,,
1786353363.799,c2,recommend,,0.0,26.76,14.03,2.33,S3,0,,0,200.0,obs,1211,26.76,14.03,4.0,S3,26.76,14.03,4.0,S3,26.76,14.03,2.33,S3,13.45,0,S3,site_s3,S3,S3,S3,302.5,0.0,0.0,645.9,1,1,1,,
1786353364.799,c1,reserve,,0.0,26.34,13.67,1.8,S3,0,,0,36.0,obs,605,26.34,13.67,3.65,S3,26.34,13.67,3.65,S3,26.34,13.67,1.8,S3,13.478,0,S3,site_s3,S3,S3,S3,151.0,0.0,0.0,42.0,1,1,1,,
1786353364.799,c1,search,,0.0,31.1,20.71,6.86,S3,0,,0,4474.0,obs,905,31.1,20.71,10.98,S3,31.1,20.71,10.98,S3,31.1,20.71,6.86,S3,13.478,0,S3,site_s3,S3,S3,S3,226.0,0.0,0.0,268.0,1,1,1,,
1786353364.799,c1,recommend,,0.0,26.76,14.03,2.48,S3,0,,0,200.0,obs,1214,26.76,14.03,4.0,S3,26.76,14.03,4.0,S3,26.76,14.03,2.48,S3,13.478,0,S3,site_s3,S3,S3,S3,304.0,0.0,0.0,322.1,1,1,1,,
1786353364.799,c2,reserve,,0.0,26.34,13.67,1.8,S3,0,,0,36.0,obs,605,26.34,13.67,3.65,S3,26.34,13.67,3.65,S3,26.34,13.67,1.8,S3,13.478,0,S3,site_s3,S3,S3,S3,151.5,0.0,0.0,364.2,1,1,1,,
1786353364.799,c2,search,,0.0,31.1,20.71,6.86,S3,0,,0,4474.0,obs,905,31.1,20.71,10.98,S3,31.1,20.71,10.98,S3,31.1,20.71,6.86,S3,13.478,0,S3,site_s3,S3,S3,S3,226.5,0.0,0.0,590.7,1,1,1,,
1786353364.799,c2,recommend,,0.0,26.76,14.03,2.48,S3,0,,0,200.0,obs,1214,26.76,14.03,4.0,S3,26.76,14.03,4.0,S3,26.76,14.03,2.48,S3,13.478,0,S3,site_s3,S3,S3,S3,303.0,0.0,0.0,644.6,1,1,1,,
1786353365.799,c1,reserve,,0.0,26.34,13.67,1.62,S3,0,,0,36.0,obs,609,26.34,13.67,3.65,S3,26.34,13.67,3.65,S3,26.34,13.67,1.62,S3,13.343,0,S3,site_s3,S3,S3,S3,152.5,0.0,0.0,42.4,1,1,1,,
1786353365.799,c1,search,,0.0,31.1,20.71,6.99,S3,0,,0,4474.0,obs,907,31.1,20.71,10.98,S3,31.1,20.71,10.98,S3,31.1,20.71,6.99,S3,13.343,0,S3,site_s3,S3,S3,S3,227.0,0.0,0.0,269.4,1,1,1,,
1786353365.799,c1,recommend,,0.0,26.76,14.03,2.54,S3,0,,0,200.0,obs,1209,26.76,14.03,4.0,S3,26.76,14.03,4.0,S3,26.76,14.03,2.54,S3,13.343,0,S3,site_s3,S3,S3,S3,302.0,0.0,0.0,323.2,1,1,1,,
1786353365.799,c2,reserve,,0.0,26.34,13.67,1.62,S3,0,,0,36.0,obs,609,26.34,13.67,3.65,S3,26.34,13.67,3.65,S3,26.34,13.67,1.62,S3,13.343,0,S3,site_s3,S3,S3,S3,152.0,0.0,0.0,365.4,1,1,1,,
1786353365.799,c2,search,,0.0,31.1,20.71,6.99,S3,0,,0,4474.0,obs,907,31.1,20.71,10.98,S3,31.1,20.71,10.98,S3,31.1,20.71,6.99,S3,13.343,0,S3,site_s3,S3,S3,S3,226.5,0.0,0.0,591.9,1,1,1,,
1786353365.799,c2,recommend,,0.0,26.76,14.03,2.54,S3,0,,0,200.0,obs,1209,26.76,14.03,4.0,S3,26.76,14.03,4.0,S3,26.76,14.03,2.54,S3,13.343,0,S3,site_s3,S3,S3,S3,302.5,0.0,0.0,645.8,1,1,1,,
1786353366.799,c1,reserve,,0.0,26.34,13.67,1.66,S3,0,,0,36.0,obs,605,26.34,13.67,3.65,S3,26.34,13.67,3.65,S3,26.34,13.67,1.66,S3,13.622,0,S3,site_s3,S3,S3,S3,151.5,0.0,0.0,42.1,1,1,1,,
1786353366.799,c1,search,,0.0,31.1,20.71,6.84,S3,0,,0,4474.0,obs,908,31.1,20.71,10.98,S3,31.1,20.71,10.98,S3,31.1,20.71,6.84,S3,13.622,0,S3,site_s3,S3,S3,S3,227.0,0.0,0.0,269.1,1,1,1,,
1786353366.799,c1,recommend,,0.0,26.76,14.03,2.39,S3,0,,0,200.0,obs,1216,26.76,14.03,4.0,S3,26.76,14.03,4.0,S3,26.76,14.03,2.39,S3,13.622,0,S3,site_s3,S3,S3,S3,304.0,0.0,0.0,323.2,1,1,1,,
1786353366.799,c2,reserve,,0.0,26.34,13.67,1.66,S3,0,,0,36.0,obs,605,26.34,13.67,3.65,S3,26.34,13.67,3.65,S3,26.34,13.67,1.66,S3,13.622,0,S3,site_s3,S3,S3,S3,151.0,0.0,0.0,365.2,1,1,1,,
1786353366.799,c2,search,,0.0,31.1,20.71,6.84,S3,0,,0,4474.0,obs,908,31.1,20.71,10.98,S3,31.1,20.71,10.98,S3,31.1,20.71,6.84,S3,13.622,0,S3,site_s3,S3,S3,S3,227.0,0.0,0.0,592.2,1,1,1,,
1786353366.799,c2,recommend,,0.0,26.76,14.03,2.39,S3,0,,0,200.0,obs,1216,26.76,14.03,4.0,S3,26.76,14.03,4.0,S3,26.76,14.03,2.39,S3,13.622,0,S3,site_s3,S3,S3,S3,304.0,0.0,0.0,646.3,1,1,1,,
1786353367.799,c1,reserve,,0.0,26.34,13.67,1.72,S3,0,,0,36.0,obs,611,26.34,13.67,3.65,S3,26.34,13.67,3.65,S3,26.34,13.67,1.72,S3,13.582,0,S3,site_s3,S3,S3,S3,153.0,0.0,0.0,42.5,1,1,1,,
1786353367.799,c1,search,,0.0,31.1,20.71,6.67,S3,0,,0,4474.0,obs,906,31.1,20.71,10.98,S3,31.1,20.71,10.98,S3,31.1,20.71,6.67,S3,13.582,0,S3,site_s3,S3,S3,S3,226.5,0.0,0.0,269.0,1,1,1,,
1786353367.799,c1,recommend,,0.0,26.76,14.03,2.18,S3,0,,0,200.0,obs,1211,26.76,14.03,4.0,S3,26.76,14.03,4.0,S3,26.76,14.03,2.18,S3,13.582,0,S3,site_s3,S3,S3,S3,302.5,0.0,0.0,322.9,1,1,1,,
1786353367.799,c2,reserve,,0.0,26.34,13.67,1.72,S3,0,,0,36.0,obs,611,26.34,13.67,3.65,S3,26.34,13.67,3.65,S3,26.34,13.67,1.72,S3,13.582,0,S3,site_s3,S3,S3,S3,152.5,0.0,0.0,365.3,1,1,1,,
1786353367.799,c2,search,,0.0,31.1,20.71,6.67,S3,0,,0,4474.0,obs,906,31.1,20.71,10.98,S3,31.1,20.71,10.98,S3,31.1,20.71,6.67,S3,13.582,0,S3,site_s3,S3,S3,S3,226.5,0.0,0.0,591.8,1,1,1,,
1786353367.799,c2,recommend,,0.0,26.76,14.03,2.18,S3,0,,0,200.0,obs,1211,26.76,14.03,4.0,S3,26.76,14.03,4.0,S3,26.76,14.03,2.18,S3,13.582,0,S3,site_s3,S3,S3,S3,303.0,0.0,0.0,645.7,1,1,1,,
1786353368.799,c1,reserve,,0.0,26.34,13.67,1.51,S3,0,,0,36.0,obs,605,26.34,13.67,3.65,S3,26.34,13.67,3.65,S3,26.34,13.67,1.51,S3,13.463,0,S3,site_s3,S3,S3,S3,151.5,0.0,0.0,42.1,1,1,1,,
1786353368.799,c1,search,,0.0,31.1,20.71,6.17,S3,0,,0,4474.0,obs,911,31.1,20.71,10.98,S3,31.1,20.71,10.98,S3,31.1,20.71,6.17,S3,13.463,0,S3,site_s3,S3,S3,S3,228.0,0.0,0.0,270.1,1,1,1,,
1786353368.799,c1,recommend,,0.0,26.76,14.03,2.24,S3,0,,0,200.0,obs,1216,26.76,14.03,4.0,S3,26.76,14.03,4.0,S3,26.76,14.03,2.24,S3,13.463,0,S3,site_s3,S3,S3,S3,303.5,0.0,0.0,324.1,1,1,1,,
1786353368.799,c2,reserve,,0.0,26.34,13.67,1.51,S3,0,,0,36.0,obs,605,26.34,13.67,3.65,S3,26.34,13.67,3.65,S3,26.34,13.67,1.51,S3,13.463,0,S3,site_s3,S3,S3,S3,151.0,0.0,0.0,366.1,1,1,1,,
1786353368.799,c2,search,,0.0,31.1,20.71,6.17,S3,0,,0,4474.0,obs,911,31.1,20.71,10.98,S3,31.1,20.71,10.98,S3,31.1,20.71,6.17,S3,13.463,0,S3,site_s3,S3,S3,S3,227.5,0.0,0.0,593.6,1,1,1,,
1786353368.799,c2,recommend,,0.0,26.76,14.03,2.24,S3,0,,0,200.0,obs,1216,26.76,14.03,4.0,S3,26.76,14.03,4.0,S3,26.76,14.03,2.24,S3,13.463,0,S3,site_s3,S3,S3,S3,304.5,0.0,0.0,647.8,1,1,1,,
1786353369.799,c1,reserve,,0.0,26.34,13.67,1.52,S3,0,,0,36.0,obs,610,26.34,13.67,3.65,S3,26.34,13.67,3.65,S3,26.34,13.67,1.52,S3,13.476,0,S3,site_s3,S3,S3,S3,152.5,0.0,0.0,42.4,1,1,1,,
1786353369.799,c1,search,,0.0,31.1,20.71,6.28,S3,0,,0,4474.0,obs,908,31.1,20.71,10.98,S3,31.1,20.71,10.98,S3,31.1,20.71,6.28,S3,13.476,0,S3,site_s3,S3,S3,S3,227.0,0.0,0.0,269.4,1,1,1,,
1786353369.799,c1,recommend,,0.0,26.76,14.03,2.31,S3,0,,0,200.0,obs,1216,26.76,14.03,4.0,S3,26.76,14.03,4.0,S3,26.76,14.03,2.31,S3,13.476,0,S3,site_s3,S3,S3,S3,304.0,0.0,0.0,323.5,1,1,1,,
1786353369.799,c2,reserve,,0.0,26.34,13.67,1.52,S3,0,,0,36.0,obs,610,26.34,13.67,3.65,S3,26.34,13.67,3.65,S3,26.34,13.67,1.52,S3,13.476,0,S3,site_s3,S3,S3,S3,152.5,0.0,0.0,365.9,1,1,1,,
1786353369.799,c2,search,,0.0,31.1,20.71,6.28,S3,0,,0,4474.0,obs,908,31.1,20.71,10.98,S3,31.1,20.71,10.98,S3,31.1,20.71,6.28,S3,13.476,0,S3,site_s3,S3,S3,S3,227.0,0.0,0.0,592.9,1,1,1,,
1786353369.799,c2,recommend,,0.0,26.76,14.03,2.31,S3,0,,0,200.0,obs,1216,26.76,14.03,4.0,S3,26.76,14.03,4.0,S3,26.76,14.03,2.31,S3,13.476,0,S3,site_s3,S3,S3,S3,304.0,0.0,0.0,647.0,1,1,1,,
1786353370.798,c1,reserve,,0.0,26.34,13.67,1.49,S3,0,,0,36.0,obs,608,26.34,13.67,3.65,S3,26.34,13.67,3.65,S3,26.34,13.67,1.49,S3,12.512,0,S3,site_s3,S3,S3,S3,152.0,0.0,0.0,42.3,1,1,1,,
1786353370.798,c1,search,,0.0,31.1,20.71,6.6,S3,0,,0,4474.0,obs,912,31.1,20.71,10.98,S3,31.1,20.71,10.98,S3,31.1,20.71,6.6,S3,12.512,0,S3,site_s3,S3,S3,S3,228.0,0.0,0.0,270.3,1,1,1,,
1786353370.798,c1,recommend,,0.0,26.76,14.03,2.35,S3,0,,0,200.0,obs,1215,26.76,14.03,4.0,S3,26.76,14.03,4.0,S3,26.76,14.03,2.35,S3,12.512,0,S3,site_s3,S3,S3,S3,304.0,0.0,0.0,324.4,1,1,1,,
1786353370.798,c2,reserve,,0.0,26.34,13.67,1.49,S3,0,,0,36.0,obs,608,26.34,13.67,3.65,S3,26.34,13.67,3.65,S3,26.34,13.67,1.49,S3,12.512,0,S3,site_s3,S3,S3,S3,152.0,0.0,0.0,366.6,1,1,1,,
1786353370.798,c2,search,,0.0,31.1,20.71,6.6,S3,0,,0,4474.0,obs,912,31.1,20.71,10.98,S3,31.1,20.71,10.98,S3,31.1,20.71,6.6,S3,12.512,0,S3,site_s3,S3,S3,S3,228.0,0.0,0.0,594.6,1,1,1,,
1786353370.798,c2,recommend,,0.0,26.76,14.03,2.35,S3,0,,0,200.0,obs,1215,26.76,14.03,4.0,S3,26.76,14.03,4.0,S3,26.76,14.03,2.35,S3,12.512,0,S3,site_s3,S3,S3,S3,303.5,0.0,0.0,648.6,1,1,1,,
1786353371.799,c1,reserve,,0.0,26.34,13.67,1.21,S3,0,,0,36.0,obs,609,26.34,13.67,3.65,S3,26.34,13.67,3.65,S3,26.34,13.67,1.21,S3,13.577,0,S3,site_s3,S3,S3,S3,152.5,0.0,0.0,42.4,1,1,1,,
1786353371.799,c1,search,,0.0,31.1,20.71,6.62,S3,0,,0,4474.0,obs,910,31.1,20.71,10.98,S3,31.1,20.71,10.98,S3,31.1,20.71,6.62,S3,13.577,0,S3,site_s3,S3,S3,S3,227.5,0.0,0.0,269.9,1,1,1,,
1786353371.799,c1,recommend,,0.0,26.76,14.03,2.34,S3,0,,0,200.0,obs,1218,26.76,14.03,4.0,S3,26.76,14.03,4.0,S3,26.76,14.03,2.34,S3,13.577,0,S3,site_s3,S3,S3,S3,304.5,0.0,0.0,324.1,1,1,1,,
1786353371.799,c2,reserve,,0.0,26.34,13.67,1.21,S3,0,,0,36.0,obs,609,26.34,13.67,3.65,S3,26.34,13.67,3.65,S3,26.34,13.67,1.21,S3,13.577,0,S3,site_s3,S3,S3,S3,152.0,0.0,0.0,366.4,1,1,1,,
1786353371.799,c2,search,,0.0,31.1,20.71,6.62,S3,0,,0,4474.0,obs,910,31.1,20.71,10.98,S3,31.1,20.71,10.98,S3,31.1,20.71,6.62,S3,13.577,0,S3,site_s3,S3,S3,S3,227.5,0.0,0.0,593.9,1,1,1,,
1786353371.799,c2,recommend,,0.0,26.76,14.03,2.34,S3,0,,0,200.0,obs,1218,26.76,14.03,4.0,S3,26.76,14.03,4.0,S3,26.76,14.03,2.34,S3,13.577,0,S3,site_s3,S3,S3,S3,304.5,0.0,0.0,648.1,1,1,1,,
1786353372.799,c1,reserve,,0.0,26.34,13.67,1.3,S3,0,,0,36.0,obs,611,26.34,13.67,3.65,S3,26.34,13.67,3.65,S3,26.34,13.67,1.3,S3,13.388,0,S3,site_s3,S3,S3,S3,153.0,0.0,0.0,42.5,1,1,1,,
1786353372.799,c1,search,,0.0,31.1,20.71,5.84,S3,0,,0,4474.0,obs,913,31.1,20.71,10.98,S3,31.1,20.71,10.98,S3,31.1,20.71,5.84,S3,13.388,0,S3,site_s3,S3,S3,S3,228.5,0.0,0.0,271.0,1,1,1,,
1786353372.799,c1,recommend,,0.0,26.76,14.03,2.28,S3,0,,0,200.0,obs,1214,26.76,14.03,4.0,S3,26.76,14.03,4.0,S3,26.76,14.03,2.28,S3,13.388,0,S3,site_s3,S3,S3,S3,303.5,0.0,0.0,325.1,1,1,1,,
1786353372.799,c2,reserve,,0.0,26.34,13.67,1.3,S3,0,,0,36.0,obs,611,26.34,13.67,3.65,S3,26.34,13.67,3.65,S3,26.34,13.67,1.3,S3,13.388,0,S3,site_s3,S3,S3,S3,152.5,0.0,0.0,367.5,1,1,1,,
1786353372.799,c2,search,,0.0,31.1,20.71,5.84,S3,0,,0,4474.0,obs,913,31.1,20.71,10.98,S3,31.1,20.71,10.98,S3,31.1,20.71,5.84,S3,13.388,0,S3,site_s3,S3,S3,S3,228.0,0.0,0.0,595.5,1,1,1,,
1786353372.799,c2,recommend,,0.0,26.76,14.03,2.28,S3,0,,0,200.0,obs,1214,26.76,14.03,4.0,S3,26.76,14.03,4.0,S3,26.76,14.03,2.28,S3,13.388,0,S3,site_s3,S3,S3,S3,303.5,0.0,0.0,649.5,1,1,1,,
1786353373.798,c1,reserve,,0.0,26.34,13.67,1.5,S3,0,,0,36.0,obs,606,26.34,13.67,3.65,S3,26.34,13.67,3.65,S3,26.34,13.67,1.5,S3,12.57,0,S3,site_s3,S3,S3,S3,151.5,0.0,0.0,42.1,1,1,1,,
1786353373.798,c1,search,,0.0,31.1,20.71,5.95,S3,0,,0,4474.0,obs,912,31.1,20.71,10.98,S3,31.1,20.71,10.98,S3,31.1,20.71,5.95,S3,12.57,0,S3,site_s3,S3,S3,S3,228.0,0.0,0.0,270.1,1,1,1,,
1786353373.798,c1,recommend,,0.0,26.76,14.03,2.34,S3,0,,0,200.0,obs,1222,26.76,14.03,4.0,S3,26.76,14.03,4.0,S3,26.76,14.03,2.34,S3,12.57,0,S3,site_s3,S3,S3,S3,305.5,0.0,0.0,324.5,1,1,1,,
1786353373.798,c2,reserve,,0.0,26.34,13.67,1.5,S3,0,,0,36.0,obs,606,26.34,13.67,3.65,S3,26.34,13.67,3.65,S3,26.34,13.67,1.5,S3,12.57,0,S3,site_s3,S3,S3,S3,151.5,0.0,0.0,366.6,1,1,1,,
1786353373.798,c2,search,,0.0,31.1,20.71,5.95,S3,0,,0,4474.0,obs,912,31.1,20.71,10.98,S3,31.1,20.71,10.98,S3,31.1,20.71,5.95,S3,12.57,0,S3,site_s3,S3,S3,S3,228.0,0.0,0.0,594.6,1,1,1,,
1786353373.798,c2,recommend,,0.0,26.76,14.03,2.34,S3,0,,0,200.0,obs,1222,26.76,14.03,4.0,S3,26.76,14.03,4.0,S3,26.76,14.03,2.34,S3,12.57,0,S3,site_s3,S3,S3,S3,305.5,0.0,0.0,649.0,1,1,1,,
1786353374.799,c1,reserve,,0.0,26.34,13.67,1.78,S3,0,,0,36.0,obs,612,26.34,13.67,3.65,S3,26.34,13.67,3.65,S3,26.34,13.67,1.78,S3,13.606,0,S3,site_s3,S3,S3,S3,153.0,0.0,0.0,42.5,1,1,1,,
1786353374.799,c1,search,,0.0,31.1,20.71,6.65,S3,0,,0,4474.0,obs,912,31.1,20.71,10.98,S3,31.1,20.71,10.98,S3,31.1,20.71,6.65,S3,13.606,0,S3,site_s3,S3,S3,S3,228.0,0.0,0.0,270.5,1,1,1,,
1786353374.799,c1,recommend,,0.0,26.76,14.03,2.35,S3,0,,0,200.0,obs,1216,26.76,14.03,4.0,S3,26.76,14.03,4.0,S3,26.76,14.03,2.35,S3,13.606,0,S3,site_s3,S3,S3,S3,304.0,0.0,0.0,324.6,1,1,1,,
1786353374.799,c2,reserve,,0.0,26.34,13.67,1.78,S3,0,,0,36.0,obs,612,26.34,13.67,3.65,S3,26.34,13.67,3.65,S3,26.34,13.67,1.78,S3,13.606,0,S3,site_s3,S3,S3,S3,153.0,0.0,0.0,367.2,1,1,1,,
1786353374.799,c2,search,,0.0,31.1,20.71,6.65,S3,0,,0,4474.0,obs,912,31.1,20.71,10.98,S3,31.1,20.71,10.98,S3,31.1,20.71,6.65,S3,13.606,0,S3,site_s3,S3,S3,S3,228.0,0.0,0.0,595.2,1,1,1,,
1786353374.799,c2,recommend,,0.0,26.76,14.03,2.35,S3,0,,0,200.0,obs,1216,26.76,14.03,4.0,S3,26.76,14.03,4.0,S3,26.76,14.03,2.35,S3,13.606,0,S3,site_s3,S3,S3,S3,304.0,0.0,0.0,649.3,1,1,1,,
1786353375.799,c1,reserve,,0.0,26.34,13.67,1.75,S3,0,,0,36.0,obs,606,26.34,13.67,3.65,S3,26.34,13.67,3.65,S3,26.34,13.67,1.75,S3,13.409,0,S3,site_s3,S3,S3,S3,151.5,0.0,0.0,42.1,1,1,1,,
1786353375.799,c1,search,,0.0,31.1,20.71,6.83,S3,0,,0,4474.0,obs,916,31.1,20.71,10.98,S3,31.1,20.71,10.98,S3,31.1,20.71,6.83,S3,13.409,0,S3,site_s3,S3,S3,S3,229.0,0.0,0.0,271.1,1,1,1,,
1786353375.799,c1,recommend,,0.0,26.76,14.03,2.34,S3,0,,0,200.0,obs,1222,26.76,14.03,4.0,S3,26.76,14.03,4.0,S3,26.76,14.03,2.34,S3,13.409,0,S3,site_s3,S3,S3,S3,305.5,0.0,0.0,325.5,1,1,1,,
1786353375.799,c2,reserve,,0.0,26.34,13.67,1.75,S3,0,,0,36.0,obs,606,26.34,13.67,3.65,S3,26.34,13.67,3.65,S3,26.34,13.67,1.75,S3,13.409,0,S3,site_s3,S3,S3,S3,151.5,0.0,0.0,367.6,1,1,1,,
1786353375.799,c2,search,,0.0,31.1,20.71,6.83,S3,0,,0,4474.0,obs,916,31.1,20.71,10.98,S3,31.1,20.71,10.98,S3,31.1,20.71,6.83,S3,13.409,0,S3,site_s3,S3,S3,S3,229.0,0.0,0.0,596.6,1,1,1,,
1786353375.799,c2,recommend,,0.0,26.76,14.03,2.34,S3,0,,0,200.0,obs,1222,26.76,14.03,4.0,S3,26.76,14.03,4.0,S3,26.76,14.03,2.34,S3,13.409,0,S3,site_s3,S3,S3,S3,305.5,0.0,0.0,651.0,1,1,1,,
1786353376.799,c1,reserve,,0.0,26.34,13.67,1.78,S3,0,,0,36.0,obs,611,26.34,13.67,3.65,S3,26.34,13.67,3.65,S3,26.34,13.67,1.78,S3,13.543,0,S3,site_s3,S3,S3,S3,152.5,0.0,0.0,42.4,1,1,1,,
1786353376.799,c1,search,,0.0,31.1,20.71,6.5,S3,0,,0,4474.0,obs,913,31.1,20.71,10.98,S3,31.1,20.71,10.98,S3,31.1,20.71,6.5,S3,13.543,0,S3,site_s3,S3,S3,S3,228.5,0.0,0.0,270.9,1,1,1,,
1786353376.799,c1,recommend,,0.0,26.76,14.03,2.44,S3,0,,0,200.0,obs,1223,26.76,14.03,4.0,S3,26.76,14.03,4.0,S3,26.76,14.03,2.44,S3,13.543,0,S3,site_s3,S3,S3,S3,306.0,0.0,0.0,325.4,1,1,1,,
1786353376.799,c2,reserve,,0.0,26.34,13.67,1.78,S3,0,,0,36.0,obs,611,26.34,13.67,3.65,S3,26.34,13.67,3.65,S3,26.34,13.67,1.78,S3,13.543,0,S3,site_s3,S3,S3,S3,153.0,0.0,0.0,367.9,1,1,1,,
1786353376.799,c2,search,,0.0,31.1,20.71,6.5,S3,0,,0,4474.0,obs,913,31.1,20.71,10.98,S3,31.1,20.71,10.98,S3,31.1,20.71,6.5,S3,13.543,0,S3,site_s3,S3,S3,S3,228.0,0.0,0.0,595.9,1,1,1,,
1786353376.799,c2,recommend,,0.0,26.76,14.03,2.44,S3,0,,0,200.0,obs,1223,26.76,14.03,4.0,S3,26.76,14.03,4.0,S3,26.76,14.03,2.44,S3,13.543,0,S3,site_s3,S3,S3,S3,305.5,0.0,0.0,650.3,1,1,1,,
1786353377.799,c1,reserve,,0.0,26.34,13.67,1.6,S3,0,,0,36.0,obs,609,26.34,13.67,3.65,S3,26.34,13.67,3.65,S3,26.34,13.67,1.6,S3,13.399,0,S3,site_s3,S3,S3,S3,152.0,0.0,0.0,42.3,1,1,1,,
1786353377.799,c1,search,,0.0,31.1,20.71,6.09,S3,0,,0,4474.0,obs,915,31.1,20.71,10.98,S3,31.1,20.71,10.98,S3,31.1,20.71,6.09,S3,13.399,0,S3,site_s3,S3,S3,S3,229.0,0.0,0.0,271.3,1,1,1,,
1786353377.799,c1,recommend,,0.0,26.76,14.03,2.32,S3,0,,0,200.0,obs,1221,26.76,14.03,4.0,S3,26.76,14.03,4.0,S3,26.76,14.03,2.32,S3,13.399,0,S3,site_s3,S3,S3,S3,305.5,0.0,0.0,325.6,1,1,1,,
1786353377.799,c2,reserve,,0.0,26.34,13.67,1.6,S3,0,,0,36.0,obs,609,26.34,13.67,3.65,S3,26.34,13.67,3.65,S3,26.34,13.67,1.6,S3,13.399,0,S3,site_s3,S3,S3,S3,152.5,0.0,0.0,368.0,1,1,1,,
1786353377.799,c2,search,,0.0,31.1,20.71,6.09,S3,0,,0,4474.0,obs,915,31.1,20.71,10.98,S3,31.1,20.71,10.98,S3,31.1,20.71,6.09,S3,13.399,0,S3,site_s3,S3,S3,S3,228.5,0.0,0.0,596.5,1,1,1,,
1786353377.799,c2,recommend,,0.0,26.76,14.03,2.32,S3,0,,0,200.0,obs,1221,26.76,14.03,4.0,S3,26.76,14.03,4.0,S3,26.76,14.03,2.32,S3,13.399,0,S3,site_s3,S3,S3,S3,305.0,0.0,0.0,650.8,1,1,1,,
1786353378.799,c1,reserve,,0.0,26.34,13.67,1.59,S3,0,,0,36.0,obs,609,26.34,13.67,3.65,S3,26.34,13.67,3.65,S3,26.34,13.67,1.59,S3,13.447,0,S3,site_s3,S3,S3,S3,152.0,0.0,0.0,42.3,1,1,1,,
1786353378.799,c1,search,,0.0,31.1,20.71,6.44,S3,0,,0,4474.0,obs,913,31.1,20.71,10.98,S3,31.1,20.71,10.98,S3,31.1,20.71,6.44,S3,13.447,0,S3,site_s3,S3,S3,S3,228.5,0.0,0.0,270.8,1,1,1,,
1786353378.799,c1,recommend,,0.0,26.76,14.03,2.33,S3,0,,0,200.0,obs,1224,26.76,14.03,4.0,S3,26.76,14.03,4.0,S3,26.76,14.03,2.33,S3,13.447,0,S3,site_s3,S3,S3,S3,306.0,0.0,0.0,325.2,1,1,1,,
1786353378.799,c2,reserve,,0.0,26.34,13.67,1.59,S3,0,,0,36.0,obs,609,26.34,13.67,3.65,S3,26.34,13.67,3.65,S3,26.34,13.67,1.59,S3,13.447,0,S3,site_s3,S3,S3,S3,152.5,0.0,0.0,367.6,1,1,1,,
1786353378.799,c2,search,,0.0,31.1,20.71,6.44,S3,0,,0,4474.0,obs,913,31.1,20.71,10.98,S3,31.1,20.71,10.98,S3,31.1,20.71,6.44,S3,13.447,0,S3,site_s3,S3,S3,S3,228.0,0.0,0.0,595.6,1,1,1,,
1786353378.799,c2,recommend,,0.0,26.76,14.03,2.33,S3,0,,0,200.0,obs,1224,26.76,14.03,4.0,S3,26.76,14.03,4.0,S3,26.76,14.03,2.33,S3,13.447,0,S3,site_s3,S3,S3,S3,306.0,0.0,0.0,650.1,1,1,1,,
1786353379.799,c1,reserve,,0.0,26.34,13.67,0.66,S3,0,,0,36.0,obs,611,26.34,13.67,3.65,S3,26.34,13.67,3.65,S3,26.34,13.67,0.66,S3,13.51,0,S3,site_s3,S3,S3,S3,152.5,0.0,0.0,42.4,1,1,1,,
1786353379.799,c1,search,,0.0,31.1,20.71,5.44,S3,0,,0,4474.0,obs,917,31.1,20.71,10.98,S3,31.1,20.71,10.98,S3,31.1,20.71,5.44,S3,13.51,0,S3,site_s3,S3,S3,S3,229.5,0.0,0.0,271.9,1,1,1,,
1786353379.799,c1,recommend,,0.0,26.76,14.03,1.83,S3,0,,0,200.0,obs,1220,26.76,14.03,4.0,S3,26.76,14.03,4.0,S3,26.76,14.03,1.83,S3,13.51,0,S3,site_s3,S3,S3,S3,305.5,0.0,0.0,326.3,1,1,1,,
1786353379.799,c2,reserve,,0.0,26.34,13.67,0.66,S3,0,,0,36.0,obs,611,26.34,13.67,3.65,S3,26.34,13.67,3.65,S3,26.34,13.67,0.66,S3,13.51,0,S3,site_s3,S3,S3,S3,153.0,0.0,0.0,368.8,1,1,1,,
1786353379.799,c2,search,,0.0,31.1,20.71,5.44,S3,0,,0,4474.0,obs,917,31.1,20.71,10.98,S3,31.1,20.71,10.98,S3,31.1,20.71,5.44,S3,13.51,0,S3,site_s3,S3,S3,S3,229.0,0.0,0.0,597.8,1,1,1,,
1786353379.799,c2,recommend,,0.0,26.76,14.03,1.83,S3,0,,0,200.0,obs,1220,26.76,14.03,4.0,S3,26.76,14.03,4.0,S3,26.76,14.03,1.83,S3,13.51,0,S3,site_s3,S3,S3,S3,304.5,0.0,0.0,652.0,1,1,1,,
1786353380.799,c1,reserve,,0.0,26.34,13.67,0.83,S3,0,,0,36.0,obs,609,26.34,13.67,3.65,S3,26.34,13.67,3.65,S3,26.34,13.67,0.83,S3,13.541,0,S3,site_s3,S3,S3,S3,152.5,0.0,0.0,42.4,1,1,1,,
1786353380.799,c1,search,,0.0,31.1,20.71,4.95,S3,0,,0,4474.0,obs,916,31.1,20.71,10.98,S3,31.1,20.71,10.98,S3,31.1,20.71,4.95,S3,13.541,0,S3,site_s3,S3,S3,S3,229.0,0.0,0.0,271.4,1,1,1,,
1786353380.799,c1,recommend,,0.0,26.76,14.03,1.73,S3,0,,0,200.0,obs,1225,26.76,14.03,4.0,S3,26.76,14.03,4.0,S3,26.76,14.03,1.73,S3,13.541,0,S3,site_s3,S3,S3,S3,306.0,0.0,0.0,325.9,1,1,1,,
1786353380.799,c2,reserve,,0.0,26.34,13.67,0.83,S3,0,,0,36.0,obs,609,26.34,13.67,3.65,S3,26.34,13.67,3.65,S3,26.34,13.67,0.83,S3,13.541,0,S3,site_s3,S3,S3,S3,152.0,0.0,0.0,368.1,1,1,1,,
1786353380.799,c2,search,,0.0,31.1,20.71,4.95,S3,0,,0,4474.0,obs,916,31.1,20.71,10.98,S3,31.1,20.71,10.98,S3,31.1,20.71,4.95,S3,13.541,0,S3,site_s3,S3,S3,S3,229.0,0.0,0.0,597.1,1,1,1,,
1786353380.799,c2,recommend,,0.0,26.76,14.03,1.73,S3,0,,0,200.0,obs,1225,26.76,14.03,4.0,S3,26.76,14.03,4.0,S3,26.76,14.03,1.73,S3,13.541,0,S3,site_s3,S3,S3,S3,306.5,0.0,0.0,651.7,1,1,1,,
1786353381.799,c1,reserve,,0.0,26.34,13.67,2.05,S3,0,,0,36.0,obs,615,26.34,13.67,3.65,S3,26.34,13.67,3.65,S3,26.34,13.67,2.05,S3,13.769,0,S3,site_s3,S3,S3,S3,154.0,0.0,0.0,42.8,1,1,1,,
1786353381.799,c1,search,,0.0,31.1,20.71,6.93,S3,0,,0,4474.0,obs,915,31.1,20.71,10.98,S3,31.1,20.71,10.98,S3,31.1,20.71,6.93,S3,13.769,0,S3,site_s3,S3,S3,S3,228.5,0.0,0.0,271.3,1,1,1,,
1786353381.799,c1,recommend,,0.0,26.76,14.03,2.55,S3,0,,0,200.0,obs,1220,26.76,14.03,4.0,S3,26.76,14.03,4.0,S3,26.76,14.03,2.55,S3,13.769,0,S3,site_s3,S3,S3,S3,305.0,0.0,0.0,325.6,1,1,1,,
1786353381.799,c2,reserve,,0.0,26.34,13.67,2.05,S3,0,,0,36.0,obs,615,26.34,13.67,3.65,S3,26.34,13.67,3.65,S3,26.34,13.67,2.05,S3,13.769,0,S3,site_s3,S3,S3,S3,153.5,0.0,0.0,368.3,1,1,1,,
1786353381.799,c2,search,,0.0,31.1,20.71,6.93,S3,0,,0,4474.0,obs,915,31.1,20.71,10.98,S3,31.1,20.71,10.98,S3,31.1,20.71,6.93,S3,13.769,0,S3,site_s3,S3,S3,S3,229.0,0.0,0.0,597.3,1,1,1,,
1786353381.799,c2,recommend,,0.0,26.76,14.03,2.55,S3,0,,0,200.0,obs,1220,26.76,14.03,4.0,S3,26.76,14.03,4.0,S3,26.76,14.03,2.55,S3,13.769,0,S3,site_s3,S3,S3,S3,305.0,0.0,0.0,651.6,1,1,1,,
1786353382.799,c1,reserve,,0.0,26.34,13.67,1.84,S3,0,,0,36.0,obs,609,26.34,13.67,3.65,S3,26.34,13.67,3.65,S3,26.34,13.67,1.84,S3,13.558,0,S3,site_s3,S3,S3,S3,152.5,0.0,0.0,42.4,1,1,1,,
1786353382.799,c1,search,,0.0,31.1,20.71,6.98,S3,0,,0,4474.0,obs,917,31.1,20.71,10.98,S3,31.1,20.71,10.98,S3,31.1,20.71,6.98,S3,13.558,0,S3,site_s3,S3,S3,S3,229.0,0.0,0.0,271.4,1,1,1,,
1786353382.799,c1,recommend,,0.0,26.76,14.03,2.7,S3,0,,0,200.0,obs,1225,26.76,14.03,4.0,S3,26.76,14.03,4.0,S3,26.76,14.03,2.7,S3,13.558,0,S3,site_s3,S3,S3,S3,306.0,0.0,0.0,325.9,1,1,1,,
1786353382.799,c2,reserve,,0.0,26.34,13.67,1.84,S3,0,,0,36.0,obs,609,26.34,13.67,3.65,S3,26.34,13.67,3.65,S3,26.34,13.67,1.84,S3,13.558,0,S3,site_s3,S3,S3,S3,152.0,0.0,0.0,368.1,1,1,1,,
1786353382.799,c2,search,,0.0,31.1,20.71,6.98,S3,0,,0,4474.0,obs,917,31.1,20.71,10.98,S3,31.1,20.71,10.98,S3,31.1,20.71,6.98,S3,13.558,0,S3,site_s3,S3,S3,S3,229.5,0.0,0.0,597.6,1,1,1,,
1786353382.799,c2,recommend,,0.0,26.76,14.03,2.7,S3,0,,0,200.0,obs,1225,26.76,14.03,4.0,S3,26.76,14.03,4.0,S3,26.76,14.03,2.7,S3,13.558,0,S3,site_s3,S3,S3,S3,306.5,0.0,0.0,652.2,1,1,1,,
1786353383.798,c1,reserve,,0.0,26.34,13.67,1.55,S3,0,,0,36.0,obs,613,26.34,13.67,3.65,S3,26.34,13.67,3.65,S3,26.34,13.67,1.55,S3,12.438,0,S3,site_s3,S3,S3,S3,153.5,0.0,0.0,42.7,1,1,1,,
1786353383.798,c1,search,,0.0,31.1,20.71,6.48,S3,0,,0,4474.0,obs,913,31.1,20.71,10.98,S3,31.1,20.71,10.98,S3,31.1,20.71,6.48,S3,12.438,0,S3,site_s3,S3,S3,S3,228.0,0.0,0.0,270.7,1,1,1,,
1786353383.798,c1,recommend,,0.0,26.76,14.03,2.29,S3,0,,0,200.0,obs,1226,26.76,14.03,4.0,S3,26.76,14.03,4.0,S3,26.76,14.03,2.29,S3,12.438,0,S3,site_s3,S3,S3,S3,306.5,0.0,0.0,325.2,1,1,1,,
1786353383.798,c2,reserve,,0.0,26.34,13.67,1.55,S3,0,,0,36.0,obs,613,26.34,13.67,3.65,S3,26.34,13.67,3.65,S3,26.34,13.67,1.55,S3,12.438,0,S3,site_s3,S3,S3,S3,153.0,0.0,0.0,367.8,1,1,1,,
1786353383.798,c2,search,,0.0,31.1,20.71,6.48,S3,0,,0,4474.0,obs,913,31.1,20.71,10.98,S3,31.1,20.71,10.98,S3,31.1,20.71,6.48,S3,12.438,0,S3,site_s3,S3,S3,S3,228.5,0.0,0.0,596.3,1,1,1,,
1786353383.798,c2,recommend,,0.0,26.76,14.03,2.29,S3,0,,0,200.0,obs,1226,26.76,14.03,4.0,S3,26.76,14.03,4.0,S3,26.76,14.03,2.29,S3,12.438,0,S3,site_s3,S3,S3,S3,306.5,0.0,0.0,650.8,1,1,1,,
1786353384.799,c1,reserve,,0.0,26.34,13.67,1.55,S3,0,,0,36.0,obs,612,26.34,13.67,3.65,S3,26.34,13.67,3.65,S3,26.34,13.67,1.55,S3,13.604,0,S3,site_s3,S3,S3,S3,153.0,0.0,0.0,42.5,1,1,1,,
1786353384.799,c1,search,,0.0,31.1,20.71,6.5,S3,0,,0,4474.0,obs,919,31.1,20.71,10.98,S3,31.1,20.71,10.98,S3,31.1,20.71,6.5,S3,13.604,0,S3,site_s3,S3,S3,S3,229.5,0.0,0.0,272.0,1,1,1,,
1786353384.799,c1,recommend,,0.0,26.76,14.03,2.33,S3,0,,0,200.0,obs,1225,26.76,14.03,4.0,S3,26.76,14.03,4.0,S3,26.76,14.03,2.33,S3,13.604,0,S3,site_s3,S3,S3,S3,306.5,0.0,0.0,326.6,1,1,1,,
1786353384.799,c2,reserve,,0.0,26.34,13.67,1.55,S3,0,,0,36.0,obs,612,26.34,13.67,3.65,S3,26.34,13.67,3.65,S3,26.34,13.67,1.55,S3,13.604,0,S3,site_s3,S3,S3,S3,153.0,0.0,0.0,369.1,1,1,1,,
1786353384.799,c2,search,,0.0,31.1,20.71,6.5,S3,0,,0,4474.0,obs,919,31.1,20.71,10.98,S3,31.1,20.71,10.98,S3,31.1,20.71,6.5,S3,13.604,0,S3,site_s3,S3,S3,S3,230.0,0.0,0.0,599.1,1,1,1,,
1786353384.799,c2,recommend,,0.0,26.76,14.03,2.33,S3,0,,0,200.0,obs,1225,26.76,14.03,4.0,S3,26.76,14.03,4.0,S3,26.76,14.03,2.33,S3,13.604,0,S3,site_s3,S3,S3,S3,306.0,0.0,0.0,653.6,1,1,1,,
1786353385.801,c1,reserve,,0.0,26.34,13.67,1.65,S3,0,,0,36.0,obs,613,26.34,13.67,3.65,S3,26.34,13.67,3.65,S3,26.34,13.67,1.65,S3,15.047,0,S3,site_s3,S3,S3,S3,153.5,0.0,0.0,42.7,1,1,1,,
1786353385.801,c1,search,,0.0,31.1,20.71,6.51,S3,0,,0,4474.0,obs,918,31.1,20.71,10.98,S3,31.1,20.71,10.98,S3,31.1,20.71,6.51,S3,15.047,0,S3,site_s3,S3,S3,S3,229.5,0.0,0.0,272.2,1,1,1,,
1786353385.801,c1,recommend,,0.0,26.76,14.03,2.63,S3,0,,0,200.0,obs,1227,26.76,14.03,4.0,S3,26.76,14.03,4.0,S3,26.76,14.03,2.63,S3,15.047,0,S3,site_s3,S3,S3,S3,307.0,0.0,0.0,326.8,1,1,1,,
1786353385.801,c2,reserve,,0.0,26.34,13.67,1.65,S3,0,,0,36.0,obs,613,26.34,13.67,3.65,S3,26.34,13.67,3.65,S3,26.34,13.67,1.65,S3,15.047,0,S3,site_s3,S3,S3,S3,153.0,0.0,0.0,369.4,1,1,1,,
1786353385.801,c2,search,,0.0,31.1,20.71,6.51,S3,0,,0,4474.0,obs,918,31.1,20.71,10.98,S3,31.1,20.71,10.98,S3,31.1,20.71,6.51,S3,15.047,0,S3,site_s3,S3,S3,S3,229.5,0.0,0.0,598.9,1,1,1,,
1786353385.801,c2,recommend,,0.0,26.76,14.03,2.63,S3,0,,0,200.0,obs,1227,26.76,14.03,4.0,S3,26.76,14.03,4.0,S3,26.76,14.03,2.63,S3,15.047,0,S3,site_s3,S3,S3,S3,306.5,0.0,0.0,653.4,1,1,1,,
1786353386.799,c1,reserve,,0.0,26.34,13.67,1.26,S3,0,,0,36.0,obs,613,26.34,13.67,3.65,S3,26.34,13.67,3.65,S3,26.34,13.67,1.26,S3,13.479,0,S3,site_s3,S3,S3,S3,153.5,0.0,0.0,42.7,1,1,1,,
1786353386.799,c1,search,,0.0,31.1,20.71,6.3,S3,0,,0,4474.0,obs,920,31.1,20.71,10.98,S3,31.1,20.71,10.98,S3,31.1,20.71,6.3,S3,13.479,0,S3,site_s3,S3,S3,S3,230.0,0.0,0.0,272.7,1,1,1,,
1786353386.799,c1,recommend,,0.0,26.76,14.03,2.53,S3,0,,0,200.0,obs,1226,26.76,14.03,4.0,S3,26.76,14.03,4.0,S3,26.76,14.03,2.53,S3,13.479,0,S3,site_s3,S3,S3,S3,306.5,0.0,0.0,327.2,1,1,1,,
1786353386.799,c2,reserve,,0.0,26.34,13.67,1.26,S3,0,,0,36.0,obs,613,26.34,13.67,3.65,S3,26.34,13.67,3.65,S3,26.34,13.67,1.26,S3,13.479,0,S3,site_s3,S3,S3,S3,153.0,0.0,0.0,369.8,1,1,1,,
1786353386.799,c2,search,,0.0,31.1,20.71,6.3,S3,0,,0,4474.0,obs,920,31.1,20.71,10.98,S3,31.1,20.71,10.98,S3,31.1,20.71,6.3,S3,13.479,0,S3,site_s3,S3,S3,S3,230.0,0.0,0.0,599.8,1,1,1,,
1786353386.799,c2,recommend,,0.0,26.76,14.03,2.53,S3,0,,0,200.0,obs,1226,26.76,14.03,4.0,S3,26.76,14.03,4.0,S3,26.76,14.03,2.53,S3,13.479,0,S3,site_s3,S3,S3,S3,306.5,0.0,0.0,654.3,1,1,1,,
1786353387.799,c1,reserve,,0.0,26.34,13.67,1.22,S3,0,,0,36.0,obs,614,26.34,13.67,3.65,S3,26.34,13.67,3.65,S3,26.34,13.67,1.22,S3,13.544,0,S3,site_s3,S3,S3,S3,153.5,0.0,0.0,42.7,1,1,1,,
1786353387.799,c1,search,,0.0,31.1,20.71,6.45,S3,0,,0,4474.0,obs,918,31.1,20.71,10.98,S3,31.1,20.71,10.98,S3,31.1,20.71,6.45,S3,13.544,0,S3,site_s3,S3,S3,S3,229.5,0.0,0.0,272.2,1,1,1,,
1786353387.799,c1,recommend,,0.0,26.76,14.03,2.31,S3,0,,0,200.0,obs,1230,26.76,14.03,4.0,S3,26.76,14.03,4.0,S3,26.76,14.03,2.31,S3,13.544,0,S3,site_s3,S3,S3,S3,307.5,0.0,0.0,326.9,1,1,1,,
1786353387.799,c2,reserve,,0.0,26.34,13.67,1.22,S3,0,,0,36.0,obs,614,26.34,13.67,3.65,S3,26.34,13.67,3.65,S3,26.34,13.67,1.22,S3,13.544,0,S3,site_s3,S3,S3,S3,153.5,0.0,0.0,369.6,1,1,1,,
1786353387.799,c2,search,,0.0,31.1,20.71,6.45,S3,0,,0,4474.0,obs,918,31.1,20.71,10.98,S3,31.1,20.71,10.98,S3,31.1,20.71,6.45,S3,13.544,0,S3,site_s3,S3,S3,S3,229.5,0.0,0.0,599.1,1,1,1,,
1786353387.799,c2,recommend,,0.0,26.76,14.03,2.31,S3,0,,0,200.0,obs,1230,26.76,14.03,4.0,S3,26.76,14.03,4.0,S3,26.76,14.03,2.31,S3,13.544,0,S3,site_s3,S3,S3,S3,307.5,0.0,0.0,653.8,1,1,1,,
1786353388.797,c1,reserve,,0.0,26.34,13.67,1.48,S3,0,,0,36.0,obs,586,26.34,13.67,3.65,S3,26.34,13.67,3.65,S3,26.34,13.67,1.48,S3,11.387,0,S3,site_s3,S3,S3,S3,146.5,0.0,0.0,40.7,1,1,1,,
1786353388.797,c1,search,,0.0,31.1,20.71,6.92,S3,0,,0,4474.0,obs,871,31.1,20.71,10.98,S3,31.1,20.71,10.98,S3,31.1,20.71,6.92,S3,11.387,0,S3,site_s3,S3,S3,S3,218.0,0.0,0.0,258.7,1,1,1,,
1786353388.797,c1,recommend,,0.0,26.76,14.03,2.46,S3,0,,0,200.0,obs,1165,26.76,14.03,4.0,S3,26.76,14.03,4.0,S3,26.76,14.03,2.46,S3,11.387,0,S3,site_s3,S3,S3,S3,291.0,0.0,0.0,310.5,1,1,1,,
1786353388.797,c2,reserve,,0.0,26.34,13.67,1.48,S3,0,,0,36.0,obs,586,26.34,13.67,3.65,S3,26.34,13.67,3.65,S3,26.34,13.67,1.48,S3,11.387,0,S3,site_s3,S3,S3,S3,146.5,0.0,0.0,351.3,1,1,1,,
1786353388.797,c2,search,,0.0,31.1,20.71,6.92,S3,0,,0,4474.0,obs,871,31.1,20.71,10.98,S3,31.1,20.71,10.98,S3,31.1,20.71,6.92,S3,11.387,0,S3,site_s3,S3,S3,S3,217.5,0.0,0.0,568.8,1,1,1,,
1786353388.797,c2,recommend,,0.0,26.76,14.03,2.46,S3,0,,0,200.0,obs,1165,26.76,14.03,4.0,S3,26.76,14.03,4.0,S3,26.76,14.03,2.46,S3,11.387,0,S3,site_s3,S3,S3,S3,291.5,0.0,0.0,620.6,1,1,1,,
1786353389.799,c1,reserve,,0.0,26.34,13.67,1.62,S3,0,,0,36.0,obs,579,26.34,13.67,3.65,S3,26.34,13.67,3.65,S3,26.34,13.67,1.62,S3,13.48,0,S3,site_s3,S3,S3,S3,145.0,0.0,0.0,40.3,1,1,1,,
1786353389.799,c1,search,,0.0,31.1,20.71,6.92,S3,0,,0,4474.0,obs,875,31.1,20.71,10.98,S3,31.1,20.71,10.98,S3,31.1,20.71,6.92,S3,13.48,0,S3,site_s3,S3,S3,S3,218.5,0.0,0.0,258.8,1,1,1,,
1786353389.799,c1,recommend,,0.0,26.76,14.03,2.45,S3,0,,0,200.0,obs,1168,26.76,14.03,4.0,S3,26.76,14.03,4.0,S3,26.76,14.03,2.45,S3,13.48,0,S3,site_s3,S3,S3,S3,292.0,0.0,0.0,310.8,1,1,1,,
1786353389.799,c2,reserve,,0.0,26.34,13.67,1.62,S3,0,,0,36.0,obs,579,26.34,13.67,3.65,S3,26.34,13.67,3.65,S3,26.34,13.67,1.62,S3,13.48,0,S3,site_s3,S3,S3,S3,144.5,0.0,0.0,351.0,1,1,1,,
1786353389.799,c2,search,,0.0,31.1,20.71,6.92,S3,0,,0,4474.0,obs,875,31.1,20.71,10.98,S3,31.1,20.71,10.98,S3,31.1,20.71,6.92,S3,13.48,0,S3,site_s3,S3,S3,S3,219.0,0.0,0.0,570.0,1,1,1,,
1786353389.799,c2,recommend,,0.0,26.76,14.03,2.45,S3,0,,0,200.0,obs,1168,26.76,14.03,4.0,S3,26.76,14.03,4.0,S3,26.76,14.03,2.45,S3,13.48,0,S3,site_s3,S3,S3,S3,292.0,0.0,0.0,621.9,1,1,1,,
1786353390.798,c1,reserve,,0.0,26.34,13.67,1.61,S3,0,,0,36.0,obs,584,26.34,13.67,3.65,S3,26.34,13.67,3.65,S3,26.34,13.67,1.61,S3,12.464,0,S3,site_s3,S3,S3,S3,146.0,0.0,0.0,40.6,1,1,1,,
1786353390.798,c1,search,,0.0,31.1,20.71,6.4,S3,0,,0,4474.0,obs,871,31.1,20.71,10.98,S3,31.1,20.71,10.98,S3,31.1,20.71,6.4,S3,12.464,0,S3,site_s3,S3,S3,S3,218.0,0.0,0.0,258.6,1,1,1,,
1786353390.798,c1,recommend,,0.0,26.76,14.03,2.35,S3,0,,0,200.0,obs,1170,26.76,14.03,4.0,S3,26.76,14.03,4.0,S3,26.76,14.03,2.35,S3,12.464,0,S3,site_s3,S3,S3,S3,292.5,0.0,0.0,310.7,1,1,1,,
1786353390.798,c2,reserve,,0.0,26.34,13.67,1.61,S3,0,,0,36.0,obs,584,26.34,13.67,3.65,S3,26.34,13.67,3.65,S3,26.34,13.67,1.61,S3,12.464,0,S3,site_s3,S3,S3,S3,146.0,0.0,0.0,351.2,1,1,1,,
1786353390.798,c2,search,,0.0,31.1,20.71,6.4,S3,0,,0,4474.0,obs,871,31.1,20.71,10.98,S3,31.1,20.71,10.98,S3,31.1,20.71,6.4,S3,12.464,0,S3,site_s3,S3,S3,S3,217.5,0.0,0.0,568.7,1,1,1,,
1786353390.798,c2,recommend,,0.0,26.76,14.03,2.35,S3,0,,0,200.0,obs,1170,26.76,14.03,4.0,S3,26.76,14.03,4.0,S3,26.76,14.03,2.35,S3,12.464,0,S3,site_s3,S3,S3,S3,292.5,0.0,0.0,620.8,1,1,1,,
1786353391.798,c1,reserve,,0.0,26.34,13.67,1.77,S3,0,,0,36.0,obs,583,26.34,13.67,3.65,S3,26.34,13.67,3.65,S3,26.34,13.67,1.77,S3,12.467,0,S3,site_s3,S3,S3,S3,146.0,0.0,0.0,40.6,1,1,1,,
1786353391.798,c1,search,,0.0,31.1,20.71,6.65,S3,0,,0,4474.0,obs,876,31.1,20.71,10.98,S3,31.1,20.71,10.98,S3,31.1,20.71,6.65,S3,12.467,0,S3,site_s3,S3,S3,S3,219.0,0.0,0.0,259.6,1,1,1,,
1786353391.798,c1,recommend,,0.0,26.76,14.03,2.41,S3,0,,0,200.0,obs,1165,26.76,14.03,4.0,S3,26.76,14.03,4.0,S3,26.76,14.03,2.41,S3,12.467,0,S3,site_s3,S3,S3,S3,291.0,0.0,0.0,311.4,1,1,1,,
1786353391.798,c2,reserve,,0.0,26.34,13.67,1.77,S3,0,,0,36.0,obs,583,26.34,13.67,3.65,S3,26.34,13.67,3.65,S3,26.34,13.67,1.77,S3,12.467,0,S3,site_s3,S3,S3,S3,145.5,0.0,0.0,351.8,1,1,1,,
1786353391.798,c2,search,,0.0,31.1,20.71,6.65,S3,0,,0,4474.0,obs,876,31.1,20.71,10.98,S3,31.1,20.71,10.98,S3,31.1,20.71,6.65,S3,12.467,0,S3,site_s3,S3,S3,S3,219.0,0.0,0.0,570.8,1,1,1,,
1786353391.798,c2,recommend,,0.0,26.76,14.03,2.41,S3,0,,0,200.0,obs,1165,26.76,14.03,4.0,S3,26.76,14.03,4.0,S3,26.76,14.03,2.41,S3,12.467,0,S3,site_s3,S3,S3,S3,291.5,0.0,0.0,622.7,1,1,1,,
1786353392.799,c1,reserve,,0.0,26.34,13.67,1.85,S3,0,,0,36.0,obs,581,26.34,13.67,3.65,S3,26.34,13.67,3.65,S3,26.34,13.67,1.85,S3,13.57,0,S3,site_s3,S3,S3,S3,145.5,0.0,0.0,40.4,1,1,1,,
1786353392.799,c1,search,,0.0,31.1,20.71,6.99,S3,0,,0,4474.0,obs,872,31.1,20.71,10.98,S3,31.1,20.71,10.98,S3,31.1,20.71,6.99,S3,13.57,0,S3,site_s3,S3,S3,S3,218.0,0.0,0.0,258.4,1,1,1,,
1786353392.799,c1,recommend,,0.0,26.76,14.03,2.46,S3,0,,0,200.0,obs,1173,26.76,14.03,4.0,S3,26.76,14.03,4.0,S3,26.76,14.03,2.46,S3,13.57,0,S3,site_s3,S3,S3,S3,293.0,0.0,0.0,310.6,1,1,1,,
1786353392.799,c2,reserve,,0.0,26.34,13.67,1.85,S3,0,,0,36.0,obs,581,26.34,13.67,3.65,S3,26.34,13.67,3.65,S3,26.34,13.67,1.85,S3,13.57,0,S3,site_s3,S3,S3,S3,145.0,0.0,0.0,350.9,1,1,1,,
1786353392.799,c2,search,,0.0,31.1,20.71,6.99,S3,0,,0,4474.0,obs,872,31.1,20.71,10.98,S3,31.1,20.71,10.98,S3,31.1,20.71,6.99,S3,13.57,0,S3,site_s3,S3,S3,S3,218.0,0.0,0.0,568.9,1,1,1,,
1786353392.799,c2,recommend,,0.0,26.76,14.03,2.46,S3,0,,0,200.0,obs,1173,26.76,14.03,4.0,S3,26.76,14.03,4.0,S3,26.76,14.03,2.46,S3,13.57,0,S3,site_s3,S3,S3,S3,293.5,0.0,0.0,621.2,1,1,1,,
1786353393.798,c1,reserve,,0.0,26.34,13.67,1.7,S3,0,,0,36.0,obs,588,26.34,13.67,3.65,S3,26.34,13.67,3.65,S3,26.34,13.67,1.7,S3,12.441,0,S3,site_s3,S3,S3,S3,147.0,0.0,0.0,40.9,1,1,1,,
1786353393.798,c1,search,,0.0,31.1,20.71,6.79,S3,0,,0,4474.0,obs,875,31.1,20.71,10.98,S3,31.1,20.71,10.98,S3,31.1,20.71,6.79,S3,12.441,0,S3,site_s3,S3,S3,S3,219.0,0.0,0.0,259.9,1,1,1,,
1786353393.798,c1,recommend,,0.0,26.76,14.03,2.35,S3,0,,0,200.0,obs,1166,26.76,14.03,4.0,S3,26.76,14.03,4.0,S3,26.76,14.03,2.35,S3,12.441,0,S3,site_s3,S3,S3,S3,291.5,0.0,0.0,311.8,1,1,1,,
1786353393.798,c2,reserve,,0.0,26.34,13.67,1.7,S3,0,,0,36.0,obs,588,26.34,13.67,3.65,S3,26.34,13.67,3.65,S3,26.34,13.67,1.7,S3,12.441,0,S3,site_s3,S3,S3,S3,147.0,0.0,0.0,352.6,1,1,1,,
1786353393.798,c2,search,,0.0,31.1,20.71,6.79,S3,0,,0,4474.0,obs,875,31.1,20.71,10.98,S3,31.1,20.71,10.98,S3,31.1,20.71,6.79,S3,12.441,0,S3,site_s3,S3,S3,S3,218.5,0.0,0.0,571.1,1,1,1,,
1786353393.798,c2,recommend,,0.0,26.76,14.03,2.35,S3,0,,0,200.0,obs,1166,26.76,14.03,4.0,S3,26.76,14.03,4.0,S3,26.76,14.03,2.35,S3,12.441,0,S3,site_s3,S3,S3,S3,291.5,0.0,0.0,623.0,1,1,1,,
1786353394.798,c1,reserve,,0.0,26.34,13.67,1.85,S3,0,,0,36.0,obs,582,26.34,13.67,3.65,S3,26.34,13.67,3.65,S3,26.34,13.67,1.85,S3,12.465,0,S3,site_s3,S3,S3,S3,145.5,0.0,0.0,40.4,1,1,1,,
1786353394.798,c1,search,,0.0,31.1,20.71,6.66,S3,0,,0,4474.0,obs,876,31.1,20.71,10.98,S3,31.1,20.71,10.98,S3,31.1,20.71,6.66,S3,12.465,0,S3,site_s3,S3,S3,S3,219.0,0.0,0.0,259.4,1,1,1,,
1786353394.798,c1,recommend,,0.0,26.76,14.03,2.4,S3,0,,0,200.0,obs,1172,26.76,14.03,4.0,S3,26.76,14.03,4.0,S3,26.76,14.03,2.4,S3,12.465,0,S3,site_s3,S3,S3,S3,293.0,0.0,0.0,311.6,1,1,1,,
1786353394.798,c2,reserve,,0.0,26.34,13.67,1.85,S3,0,,0,36.0,obs,582,26.34,13.67,3.65,S3,26.34,13.67,3.65,S3,26.34,13.67,1.85,S3,12.465,0,S3,site_s3,S3,S3,S3,145.5,0.0,0.0,352.1,1,1,1,,
1786353394.798,c2,search,,0.0,31.1,20.71,6.66,S3,0,,0,4474.0,obs,876,31.1,20.71,10.98,S3,31.1,20.71,10.98,S3,31.1,20.71,6.66,S3,12.465,0,S3,site_s3,S3,S3,S3,219.0,0.0,0.0,571.1,1,1,1,,
1786353394.798,c2,recommend,,0.0,26.76,14.03,2.4,S3,0,,0,200.0,obs,1172,26.76,14.03,4.0,S3,26.76,14.03,4.0,S3,26.76,14.03,2.4,S3,12.465,0,S3,site_s3,S3,S3,S3,293.0,0.0,0.0,623.2,1,1,1,,
1786353395.799,c1,reserve,,0.0,26.34,13.67,1.56,S3,0,,0,36.0,obs,589,26.34,13.67,3.65,S3,26.34,13.67,3.65,S3,26.34,13.67,1.56,S3,13.399,0,S3,site_s3,S3,S3,S3,147.0,0.0,0.0,40.9,1,1,1,,
1786353395.799,c1,search,,0.0,31.1,20.71,6.53,S3,0,,0,4474.0,obs,874,31.1,20.71,10.98,S3,31.1,20.71,10.98,S3,31.1,20.71,6.53,S3,13.399,0,S3,site_s3,S3,S3,S3,218.5,0.0,0.0,259.4,1,1,1,,
1786353395.799,c1,recommend,,0.0,26.76,14.03,2.31,S3,0,,0,200.0,obs,1167,26.76,14.03,4.0,S3,26.76,14.03,4.0,S3,26.76,14.03,2.31,S3,13.399,0,S3,site_s3,S3,S3,S3,292.0,0.0,0.0,311.3,1,1,1,,
1786353395.799,c2,reserve,,0.0,26.34,13.67,1.56,S3,0,,0,36.0,obs,589,26.34,13.67,3.65,S3,26.34,13.67,3.65,S3,26.34,13.67,1.56,S3,13.399,0,S3,site_s3,S3,S3,S3,147.5,0.0,0.0,352.3,1,1,1,,
1786353395.799,c2,search,,0.0,31.1,20.71,6.53,S3,0,,0,4474.0,obs,874,31.1,20.71,10.98,S3,31.1,20.71,10.98,S3,31.1,20.71,6.53,S3,13.399,0,S3,site_s3,S3,S3,S3,218.5,0.0,0.0,570.8,1,1,1,,
1786353395.799,c2,recommend,,0.0,26.76,14.03,2.31,S3,0,,0,200.0,obs,1167,26.76,14.03,4.0,S3,26.76,14.03,4.0,S3,26.76,14.03,2.31,S3,13.399,0,S3,site_s3,S3,S3,S3,291.5,0.0,0.0,622.7,1,1,1,,
1786353396.798,c1,reserve,,0.0,26.34,13.67,1.51,S3,0,,0,36.0,obs,583,26.34,13.67,3.65,S3,26.34,13.67,3.65,S3,26.34,13.67,1.51,S3,12.485,0,S3,site_s3,S3,S3,S3,146.0,0.0,0.0,40.6,1,1,1,,
1786353396.798,c1,search,,0.0,31.1,20.71,6.57,S3,0,,0,4474.0,obs,879,31.1,20.71,10.98,S3,31.1,20.71,10.98,S3,31.1,20.71,6.57,S3,12.485,0,S3,site_s3,S3,S3,S3,219.5,0.0,0.0,260.1,1,1,1,,
1786353396.798,c1,recommend,,0.0,26.76,14.03,2.24,S3,0,,0,200.0,obs,1171,26.76,14.03,4.0,S3,26.76,14.03,4.0,S3,26.76,14.03,2.24,S3,12.485,0,S3,site_s3,S3,S3,S3,293.0,0.0,0.0,312.2,1,1,1,,
1786353396.798,c2,reserve,,0.0,26.34,13.67,1.51,S3,0,,0,36.0,obs,583,26.34,13.67,3.65,S3,26.34,13.67,3.65,S3,26.34,13.67,1.51,S3,12.485,0,S3,site_s3,S3,S3,S3,145.5,0.0,0.0,352.7,1,1,1,,
1786353396.798,c2,search,,0.0,31.1,20.71,6.57,S3,0,,0,4474.0,obs,879,31.1,20.71,10.98,S3,31.1,20.71,10.98,S3,31.1,20.71,6.57,S3,12.485,0,S3,site_s3,S3,S3,S3,220.0,0.0,0.0,572.7,1,1,1,,
1786353396.798,c2,recommend,,0.0,26.76,14.03,2.24,S3,0,,0,200.0,obs,1171,26.76,14.03,4.0,S3,26.76,14.03,4.0,S3,26.76,14.03,2.24,S3,12.485,0,S3,site_s3,S3,S3,S3,292.5,0.0,0.0,624.8,1,1,1,,
1786353397.799,c1,reserve,,0.0,26.34,13.67,1.67,S3,0,,0,36.0,obs,588,26.34,13.67,3.65,S3,26.34,13.67,3.65,S3,26.34,13.67,1.67,S3,13.527,0,S3,site_s3,S3,S3,S3,147.0,0.0,0.0,40.9,1,1,1,,
1786353397.799,c1,search,,0.0,31.1,20.71,5.94,S3,0,,0,4474.0,obs,874,31.1,20.71,10.98,S3,31.1,20.71,10.98,S3,31.1,20.71,5.94,S3,13.527,0,S3,site_s3,S3,S3,S3,218.5,0.0,0.0,259.4,1,1,1,,
1786353397.799,c1,recommend,,0.0,26.76,14.03,2.04,S3,0,,0,200.0,obs,1172,26.76,14.03,4.0,S3,26.76,14.03,4.0,S3,26.76,14.03,2.04,S3,13.527,0,S3,site_s3,S3,S3,S3,293.0,0.0,0.0,311.5,1,1,1,,
1786353397.799,c2,reserve,,0.0,26.34,13.67,1.67,S3,0,,0,36.0,obs,588,26.34,13.67,3.65,S3,26.34,13.67,3.65,S3,26.34,13.67,1.67,S3,13.527,0,S3,site_s3,S3,S3,S3,147.0,0.0,0.0,352.4,1,1,1,,
1786353397.799,c2,search,,0.0,31.1,20.71,5.94,S3,0,,0,4474.0,obs,874,31.1,20.71,10.98,S3,31.1,20.71,10.98,S3,31.1,20.71,5.94,S3,13.527,0,S3,site_s3,S3,S3,S3,218.5,0.0,0.0,570.9,1,1,1,,
1786353397.799,c2,recommend,,0.0,26.76,14.03,2.04,S3,0,,0,200.0,obs,1172,26.76,14.03,4.0,S3,26.76,14.03,4.0,S3,26.76,14.03,2.04,S3,13.527,0,S3,site_s3,S3,S3,S3,293.0,0.0,0.0,623.0,1,1,1,,
1786353398.799,c1,reserve,,0.0,26.34,13.67,1.57,S3,0,,0,36.0,obs,587,26.34,13.67,3.65,S3,26.34,13.67,3.65,S3,26.34,13.67,1.57,S3,13.345,0,S3,site_s3,S3,S3,S3,146.5,0.0,0.0,40.7,1,1,1,,
1786353398.799,c1,search,,0.0,31.1,20.71,6.17,S3,0,,0,4474.0,obs,880,31.1,20.71,10.98,S3,31.1,20.71,10.98,S3,31.1,20.71,6.17,S3,13.345,0,S3,site_s3,S3,S3,S3,220.0,0.0,0.0,260.7,1,1,1,,
1786353398.799,c1,recommend,,0.0,26.76,14.03,1.96,S3,0,,0,200.0,obs,1168,26.76,14.03,4.0,S3,26.76,14.03,4.0,S3,26.76,14.03,1.96,S3,13.345,0,S3,site_s3,S3,S3,S3,292.5,0.0,0.0,312.8,1,1,1,,
1786353398.799,c2,reserve,,0.0,26.34,13.67,1.57,S3,0,,0,36.0,obs,587,26.34,13.67,3.65,S3,26.34,13.67,3.65,S3,26.34,13.67,1.57,S3,13.345,0,S3,site_s3,S3,S3,S3,147.0,0.0,0.0,353.7,1,1,1,,
1786353398.799,c2,search,,0.0,31.1,20.71,6.17,S3,0,,0,4474.0,obs,880,31.1,20.71,10.98,S3,31.1,20.71,10.98,S3,31.1,20.71,6.17,S3,13.345,0,S3,site_s3,S3,S3,S3,220.0,0.0,0.0,573.7,1,1,1,,
1786353398.799,c2,recommend,,0.0,26.76,14.03,1.96,S3,0,,0,200.0,obs,1168,26.76,14.03,4.0,S3,26.76,14.03,4.0,S3,26.76,14.03,1.96,S3,13.345,0,S3,site_s3,S3,S3,S3,291.5,0.0,0.0,625.5,1,1,1,,
1786353399.799,c1,reserve,,0.0,26.34,13.67,1.75,S3,0,,0,36.0,obs,584,26.34,13.67,3.65,S3,26.34,13.67,3.65,S3,26.34,13.67,1.75,S3,13.478,0,S3,site_s3,S3,S3,S3,146.0,0.0,0.0,40.6,1,1,1,,
1786353399.799,c1,search,,0.0,31.1,20.71,6.83,S3,0,,0,4474.0,obs,876,31.1,20.71,10.98,S3,31.1,20.71,10.98,S3,31.1,20.71,6.83,S3,13.478,0,S3,site_s3,S3,S3,S3,219.0,0.0,0.0,259.6,1,1,1,,
1786353399.799,c1,recommend,,0.0,26.76,14.03,2.44,S3,0,,0,200.0,obs,1177,26.76,14.03,4.0,S3,26.76,14.03,4.0,S3,26.76,14.03,2.44,S3,13.478,0,S3,site_s3,S3,S3,S3,294.5,0.0,0.0,312.0,1,1,1,,
1786353399.799,c2,reserve,,0.0,26.34,13.67,1.75,S3,0,,0,36.0,obs,584,26.34,13.67,3.65,S3,26.34,13.67,3.65,S3,26.34,13.67,1.75,S3,13.478,0,S3,site_s3,S3,S3,S3,146.0,0.0,0.0,352.6,1,1,1,,
1786353399.799,c2,search,,0.0,31.1,20.71,6.83,S3,0,,0,4474.0,obs,876,31.1,20.71,10.98,S3,31.1,20.71,10.98,S3,31.1,20.71,6.83,S3,13.478,0,S3,site_s3,S3,S3,S3,219.0,0.0,0.0,571.6,1,1,1,,
1786353399.799,c2,recommend,,0.0,26.76,14.03,2.44,S3,0,,0,200.0,obs,1177,26.76,14.03,4.0,S3,26.76,14.03,4.0,S3,26.76,14.03,2.44,S3,13.478,0,S3,site_s3,S3,S3,S3,294.0,0.0,0.0,623.9,1,1,1,,
1786353400.799,c1,reserve,,0.0,26.34,13.67,1.9,S3,0,,0,36.0,obs,590,26.34,13.67,3.65,S3,26.34,13.67,3.65,S3,26.34,13.67,1.9,S3,13.459,0,S3,site_s3,S3,S3,S3,147.5,0.0,0.0,41.0,1,1,1,,
1786353400.799,c1,search,,0.0,31.1,20.71,6.71,S3,0,,0,4474.0,obs,878,31.1,20.71,10.98,S3,31.1,20.71,10.98,S3,31.1,20.71,6.71,S3,13.459,0,S3,site_s3,S3,S3,S3,219.5,0.0,0.0,260.5,1,1,1,,
1786353400.799,c1,recommend,,0.0,26.76,14.03,2.46,S3,0,,0,200.0,obs,1169,26.76,14.03,4.0,S3,26.76,14.03,4.0,S3,26.76,14.03,2.46,S3,13.459,0,S3,site_s3,S3,S3,S3,292.5,0.0,0.0,312.6,1,1,1,,
1786353400.799,c2,reserve,,0.0,26.34,13.67,1.9,S3,0,,0,36.0,obs,590,26.34,13.67,3.65,S3,26.34,13.67,3.65,S3,26.34,13.67,1.9,S3,13.459,0,S3,site_s3,S3,S3,S3,147.5,0.0,0.0,353.6,1,1,1,,
1786353400.799,c2,search,,0.0,31.1,20.71,6.71,S3,0,,0,4474.0,obs,878,31.1,20.71,10.98,S3,31.1,20.71,10.98,S3,31.1,20.71,6.71,S3,13.459,0,S3,site_s3,S3,S3,S3,219.5,0.0,0.0,573.1,1,1,1,,
1786353400.799,c2,recommend,,0.0,26.76,14.03,2.46,S3,0,,0,200.0,obs,1169,26.76,14.03,4.0,S3,26.76,14.03,4.0,S3,26.76,14.03,2.46,S3,13.459,0,S3,site_s3,S3,S3,S3,292.0,0.0,0.0,625.1,1,1,1,,
1786353401.798,c1,reserve,,0.0,26.34,13.67,1.25,S3,0,,0,36.0,obs,584,26.34,13.67,3.65,S3,26.34,13.67,3.65,S3,26.34,13.67,1.25,S3,12.431,0,S3,site_s3,S3,S3,S3,146.0,0.0,0.0,40.6,1,1,1,,
1786353401.798,c1,search,,0.0,31.1,20.71,4.81,S3,0,,0,4474.0,obs,878,31.1,20.71,10.98,S3,31.1,20.71,10.98,S3,31.1,20.71,4.81,S3,12.431,0,S3,site_s3,S3,S3,S3,219.5,0.0,0.0,260.1,1,1,1,,
1786353401.798,c1,recommend,,0.0,26.76,14.03,1.81,S3,0,,0,200.0,obs,1176,26.76,14.03,4.0,S3,26.76,14.03,4.0,S3,26.76,14.03,1.81,S3,12.431,0,S3,site_s3,S3,S3,S3,294.5,0.0,0.0,312.5,1,1,1,,
1786353401.798,c2,reserve,,0.0,26.34,13.67,1.25,S3,0,,0,36.0,obs,584,26.34,13.67,3.65,S3,26.34,13.67,3.65,S3,26.34,13.67,1.25,S3,12.431,0,S3,site_s3,S3,S3,S3,146.0,0.0,0.0,353.1,1,1,1,,
1786353401.798,c2,search,,0.0,31.1,20.71,4.81,S3,0,,0,4474.0,obs,878,31.1,20.71,10.98,S3,31.1,20.71,10.98,S3,31.1,20.71,4.81,S3,12.431,0,S3,site_s3,S3,S3,S3,219.5,0.0,0.0,572.6,1,1,1,,
1786353401.798,c2,recommend,,0.0,26.76,14.03,1.81,S3,0,,0,200.0,obs,1176,26.76,14.03,4.0,S3,26.76,14.03,4.0,S3,26.76,14.03,1.81,S3,12.431,0,S3,site_s3,S3,S3,S3,293.5,0.0,0.0,624.8,1,1,1,,
1786353402.799,c1,reserve,,0.0,26.34,13.67,1.2,S3,0,,0,36.0,obs,591,26.34,13.67,3.65,S3,26.34,13.67,3.65,S3,26.34,13.67,1.2,S3,13.509,0,S3,site_s3,S3,S3,S3,147.5,0.0,0.0,41.0,1,1,1,,
1786353402.799,c1,search,,0.0,31.1,20.71,4.67,S3,0,,0,4474.0,obs,877,31.1,20.71,10.98,S3,31.1,20.71,10.98,S3,31.1,20.71,4.67,S3,13.509,0,S3,site_s3,S3,S3,S3,219.0,0.0,0.0,260.0,1,1,1,,
1786353402.799,c1,recommend,,0.0,26.76,14.03,1.78,S3,0,,0,200.0,obs,1172,26.76,14.03,4.0,S3,26.76,14.03,4.0,S3,26.76,14.03,1.78,S3,13.509,0,S3,site_s3,S3,S3,S3,293.5,0.0,0.0,312.2,1,1,1,,
1786353402.799,c2,reserve,,0.0,26.34,13.67,1.2,S3,0,,0,36.0,obs,591,26.34,13.67,3.65,S3,26.34,13.67,3.65,S3,26.34,13.67,1.2,S3,13.509,0,S3,site_s3,S3,S3,S3,148.0,0.0,0.0,353.4,1,1,1,,
1786353402.799,c2,search,,0.0,31.1,20.71,4.67,S3,0,,0,4474.0,obs,877,31.1,20.71,10.98,S3,31.1,20.71,10.98,S3,31.1,20.71,4.67,S3,13.509,0,S3,site_s3,S3,S3,S3,219.5,0.0,0.0,572.9,1,1,1,,
1786353402.799,c2,recommend,,0.0,26.76,14.03,1.78,S3,0,,0,200.0,obs,1172,26.76,14.03,4.0,S3,26.76,14.03,4.0,S3,26.76,14.03,1.78,S3,13.509,0,S3,site_s3,S3,S3,S3,292.5,0.0,0.0,625.0,1,1,1,,
1786353403.799,c1,reserve,,0.0,26.34,13.67,1.8,S3,0,,0,36.0,obs,585,26.34,13.67,3.65,S3,26.34,13.67,3.65,S3,26.34,13.67,1.8,S3,13.422,0,S3,site_s3,S3,S3,S3,146.5,0.0,0.0,40.7,1,1,1,,
1786353403.799,c1,search,,0.0,31.1,20.71,6.47,S3,0,,0,4474.0,obs,881,31.1,20.71,10.98,S3,31.1,20.71,10.98,S3,31.1,20.71,6.47,S3,13.422,0,S3,site_s3,S3,S3,S3,219.5,0.0,0.0,260.2,1,1,1,,
1786353403.799,c1,recommend,,0.0,26.76,14.03,2.45,S3,0,,0,200.0,obs,1177,26.76,14.03,4.0,S3,26.76,14.03,4.0,S3,26.76,14.03,2.45,S3,13.422,0,S3,site_s3,S3,S3,S3,294.5,0.0,0.0,312.6,1,1,1,,
1786353403.799,c2,reserve,,0.0,26.34,13.67,1.8,S3,0,,0,36.0,obs,585,26.34,13.67,3.65,S3,26.34,13.67,3.65,S3,26.34,13.67,1.8,S3,13.422,0,S3,site_s3,S3,S3,S3,146.0,0.0,0.0,353.2,1,1,1,,
1786353403.799,c2,search,,0.0,31.1,20.71,6.47,S3,0,,0,4474.0,obs,881,31.1,20.71,10.98,S3,31.1,20.71,10.98,S3,31.1,20.71,6.47,S3,13.422,0,S3,site_s3,S3,S3,S3,220.5,0.0,0.0,573.7,1,1,1,,
1786353403.799,c2,recommend,,0.0,26.76,14.03,2.45,S3,0,,0,200.0,obs,1177,26.76,14.03,4.0,S3,26.76,14.03,4.0,S3,26.76,14.03,2.45,S3,13.422,0,S3,site_s3,S3,S3,S3,294.0,0.0,0.0,626.1,1,1,1,,
1786353404.799,c1,reserve,,0.0,26.34,13.67,1.6,S3,0,,0,36.0,obs,590,26.34,13.67,3.65,S3,26.34,13.67,3.65,S3,26.34,13.67,1.6,S3,13.418,0,S3,site_s3,S3,S3,S3,148.0,0.0,0.0,41.1,1,1,1,,
1786353404.799,c1,search,,0.0,31.1,20.71,6.71,S3,0,,0,4474.0,obs,878,31.1,20.71,10.98,S3,31.1,20.71,10.98,S3,31.1,20.71,6.71,S3,13.418,0,S3,site_s3,S3,S3,S3,219.5,0.0,0.0,260.6,1,1,1,,
1786353404.799,c1,recommend,,0.0,26.76,14.03,2.34,S3,0,,0,200.0,obs,1175,26.76,14.03,4.0,S3,26.76,14.03,4.0,S3,26.76,14.03,2.34,S3,13.418,0,S3,site_s3,S3,S3,S3,293.5,0.0,0.0,312.9,1,1,1,,
1786353404.799,c2,reserve,,0.0,26.34,13.67,1.6,S3,0,,0,36.0,obs,590,26.34,13.67,3.65,S3,26.34,13.67,3.65,S3,26.34,13.67,1.6,S3,13.418,0,S3,site_s3,S3,S3,S3,147.0,0.0,0.0,353.8,1,1,1,,
1786353404.799,c2,search,,0.0,31.1,20.71,6.71,S3,0,,0,4474.0,obs,878,31.1,20.71,10.98,S3,31.1,20.71,10.98,S3,31.1,20.71,6.71,S3,13.418,0,S3,site_s3,S3,S3,S3,219.5,0.0,0.0,573.3,1,1,1,,
1786353404.799,c2,recommend,,0.0,26.76,14.03,2.34,S3,0,,0,200.0,obs,1175,26.76,14.03,4.0,S3,26.76,14.03,4.0,S3,26.76,14.03,2.34,S3,13.418,0,S3,site_s3,S3,S3,S3,294.0,0.0,0.0,625.6,1,1,1,,
1786353405.799,c1,reserve,,0.0,26.34,13.67,1.5,S3,0,,0,36.0,obs,587,26.34,13.67,3.65,S3,26.34,13.67,3.65,S3,26.34,13.67,1.5,S3,13.416,0,S3,site_s3,S3,S3,S3,147.0,0.0,0.0,40.9,1,1,1,,
1786353405.799,c1,search,,0.0,31.1,20.71,6.85,S3,0,,0,4474.0,obs,883,31.1,20.71,10.98,S3,31.1,20.71,10.98,S3,31.1,20.71,6.85,S3,13.416,0,S3,site_s3,S3,S3,S3,220.5,0.0,0.0,261.4,1,1,1,,
1786353405.799,c1,recommend,,0.0,26.76,14.03,2.59,S3,0,,0,200.0,obs,1175,26.76,14.03,4.0,S3,26.76,14.03,4.0,S3,26.76,14.03,2.59,S3,13.416,0,S3,site_s3,S3,S3,S3,294.0,0.0,0.0,313.7,1,1,1,,
1786353405.799,c2,reserve,,0.0,26.34,13.67,1.5,S3,0,,0,36.0,obs,587,26.34,13.67,3.65,S3,26.34,13.67,3.65,S3,26.34,13.67,1.5,S3,13.416,0,S3,site_s3,S3,S3,S3,146.5,0.0,0.0,354.4,1,1,1,,
1786353405.799,c2,search,,0.0,31.1,20.71,6.85,S3,0,,0,4474.0,obs,883,31.1,20.71,10.98,S3,31.1,20.71,10.98,S3,31.1,20.71,6.85,S3,13.416,0,S3,site_s3,S3,S3,S3,221.0,0.0,0.0,575.4,1,1,1,,
1786353405.799,c2,recommend,,0.0,26.76,14.03,2.59,S3,0,,0,200.0,obs,1175,26.76,14.03,4.0,S3,26.76,14.03,4.0,S3,26.76,14.03,2.59,S3,13.416,0,S3,site_s3,S3,S3,S3,293.5,0.0,0.0,627.7,1,1,1,,
1786353406.799,c1,reserve,,0.0,26.34,13.67,1.89,S3,0,,0,36.0,obs,586,26.34,13.67,3.65,S3,26.34,13.67,3.65,S3,26.34,13.67,1.89,S3,13.556,0,S3,site_s3,S3,S3,S3,147.0,0.0,0.0,40.9,1,1,1,,
1786353406.799,c1,search,,0.0,31.1,20.71,6.86,S3,0,,0,4474.0,obs,881,31.1,20.71,10.98,S3,31.1,20.71,10.98,S3,31.1,20.71,6.86,S3,13.556,0,S3,site_s3,S3,S3,S3,220.0,0.0,0.0,260.9,1,1,1,,
1786353406.799,c1,recommend,,0.0,26.76,14.03,2.56,S3,0,,0,200.0,obs,1181,26.76,14.03,4.0,S3,26.76,14.03,4.0,S3,26.76,14.03,2.56,S3,13.556,0,S3,site_s3,S3,S3,S3,295.0,0.0,0.0,313.4,1,1,1,,
1786353406.799,c2,reserve,,0.0,26.34,13.67,1.89,S3,0,,0,36.0,obs,586,26.34,13.67,3.65,S3,26.34,13.67,3.65,S3,26.34,13.67,1.89,S3,13.556,0,S3,site_s3,S3,S3,S3,146.0,0.0,0.0,354.0,1,1,1,,
1786353406.799,c2,search,,0.0,31.1,20.71,6.86,S3,0,,0,4474.0,obs,881,31.1,20.71,10.98,S3,31.1,20.71,10.98,S3,31.1,20.71,6.86,S3,13.556,0,S3,site_s3,S3,S3,S3,220.5,0.0,0.0,574.5,1,1,1,,
1786353406.799,c2,recommend,,0.0,26.76,14.03,2.56,S3,0,,0,200.0,obs,1181,26.76,14.03,4.0,S3,26.76,14.03,4.0,S3,26.76,14.03,2.56,S3,13.556,0,S3,site_s3,S3,S3,S3,295.5,0.0,0.0,627.1,1,1,1,,
1786353407.799,c1,reserve,,0.0,26.34,13.67,1.61,S3,0,,0,36.0,obs,591,26.34,13.67,3.65,S3,26.34,13.67,3.65,S3,26.34,13.67,1.61,S3,13.511,0,S3,site_s3,S3,S3,S3,147.5,0.0,0.0,41.0,1,1,1,,
1786353407.799,c1,search,,0.0,31.1,20.71,6.2,S3,0,,0,4474.0,obs,884,31.1,20.71,10.98,S3,31.1,20.71,10.98,S3,31.1,20.71,6.2,S3,13.511,0,S3,site_s3,S3,S3,S3,221.0,0.0,0.0,262.0,1,1,1,,
1786353407.799,c1,recommend,,0.0,26.76,14.03,2.17,S3,0,,0,200.0,obs,1174,26.76,14.03,4.0,S3,26.76,14.03,4.0,S3,26.76,14.03,2.17,S3,13.511,0,S3,site_s3,S3,S3,S3,293.5,0.0,0.0,314.2,1,1,1,,
1786353407.799,c2,reserve,,0.0,26.34,13.67,1.61,S3,0,,0,36.0,obs,591,26.34,13.67,3.65,S3,26.34,13.67,3.65,S3,26.34,13.67,1.61,S3,13.511,0,S3,site_s3,S3,S3,S3,148.0,0.0,0.0,355.4,1,1,1,,
1786353407.799,c2,search,,0.0,31.1,20.71,6.2,S3,0,,0,4474.0,obs,884,31.1,20.71,10.98,S3,31.1,20.71,10.98,S3,31.1,20.71,6.2,S3,13.511,0,S3,site_s3,S3,S3,S3,220.5,0.0,0.0,575.9,1,1,1,,
1786353407.799,c2,recommend,,0.0,26.76,14.03,2.17,S3,0,,0,200.0,obs,1174,26.76,14.03,4.0,S3,26.76,14.03,4.0,S3,26.76,14.03,2.17,S3,13.511,0,S3,site_s3,S3,S3,S3,293.5,0.0,0.0,628.1,1,1,1,,
1786353408.798,c1,reserve,,0.0,26.34,13.67,1.4,S3,0,,0,36.0,obs,586,26.34,13.67,3.65,S3,26.34,13.67,3.65,S3,26.34,13.67,1.4,S3,12.477,0,S3,site_s3,S3,S3,S3,146.5,0.0,0.0,40.7,1,1,1,,
1786353408.798,c1,search,,0.0,31.1,20.71,6.35,S3,0,,0,4474.0,obs,883,31.1,20.71,10.98,S3,31.1,20.71,10.98,S3,31.1,20.71,6.35,S3,12.477,0,S3,site_s3,S3,S3,S3,220.5,0.0,0.0,261.2,1,1,1,,
1786353408.798,c1,recommend,,0.0,26.76,14.03,2.14,S3,0,,0,200.0,obs,1181,26.76,14.03,4.0,S3,26.76,14.03,4.0,S3,26.76,14.03,2.14,S3,12.477,0,S3,site_s3,S3,S3,S3,295.5,0.0,0.0,313.8,1,1,1,,
1786353408.798,c2,reserve,,0.0,26.34,13.67,1.4,S3,0,,0,36.0,obs,586,26.34,13.67,3.65,S3,26.34,13.67,3.65,S3,26.34,13.67,1.4,S3,12.477,0,S3,site_s3,S3,S3,S3,146.5,0.0,0.0,354.6,1,1,1,,
1786353408.798,c2,search,,0.0,31.1,20.71,6.35,S3,0,,0,4474.0,obs,883,31.1,20.71,10.98,S3,31.1,20.71,10.98,S3,31.1,20.71,6.35,S3,12.477,0,S3,site_s3,S3,S3,S3,221.0,0.0,0.0,575.6,1,1,1,,
1786353408.798,c2,recommend,,0.0,26.76,14.03,2.14,S3,0,,0,200.0,obs,1181,26.76,14.03,4.0,S3,26.76,14.03,4.0,S3,26.76,14.03,2.14,S3,12.477,0,S3,site_s3,S3,S3,S3,295.0,0.0,0.0,628.1,1,1,1,,
1786353409.798,c1,reserve,,0.0,26.34,13.67,1.72,S3,0,,0,36.0,obs,593,26.34,13.67,3.65,S3,26.34,13.67,3.65,S3,26.34,13.67,1.72,S3,12.499,0,S3,site_s3,S3,S3,S3,148.5,0.0,0.0,41.3,1,1,1,,
1786353409.798,c1,search,,0.0,31.1,20.71,6.57,S3,0,,0,4474.0,obs,882,31.1,20.71,10.98,S3,31.1,20.71,10.98,S3,31.1,20.71,6.57,S3,12.499,0,S3,site_s3,S3,S3,S3,220.5,0.0,0.0,261.8,1,1,1,,
1786353409.798,c1,recommend,,0.0,26.76,14.03,2.28,S3,0,,0,200.0,obs,1178,26.76,14.03,4.0,S3,26.76,14.03,4.0,S3,26.76,14.03,2.28,S3,12.499,0,S3,site_s3,S3,S3,S3,294.5,0.0,0.0,314.2,1,1,1,,
1786353409.798,c2,reserve,,0.0,26.34,13.67,1.72,S3,0,,0,36.0,obs,593,26.34,13.67,3.65,S3,26.34,13.67,3.65,S3,26.34,13.67,1.72,S3,12.499,0,S3,site_s3,S3,S3,S3,148.0,0.0,0.0,355.3,1,1,1,,
1786353409.798,c2,search,,0.0,31.1,20.71,6.57,S3,0,,0,4474.0,obs,882,31.1,20.71,10.98,S3,31.1,20.71,10.98,S3,31.1,20.71,6.57,S3,12.499,0,S3,site_s3,S3,S3,S3,220.5,0.0,0.0,575.8,1,1,1,,
1786353409.798,c2,recommend,,0.0,26.76,14.03,2.28,S3,0,,0,200.0,obs,1178,26.76,14.03,4.0,S3,26.76,14.03,4.0,S3,26.76,14.03,2.28,S3,12.499,0,S3,site_s3,S3,S3,S3,294.5,0.0,0.0,628.3,1,1,1,,
1786353410.798,c1,reserve,,0.0,26.34,13.67,1.66,S3,0,,0,36.0,obs,587,26.34,13.67,3.65,S3,26.34,13.67,3.65,S3,26.34,13.67,1.66,S3,12.47,0,S3,site_s3,S3,S3,S3,147.0,0.0,0.0,40.9,1,1,1,,
1786353410.798,c1,search,,0.0,31.1,20.71,6.27,S3,0,,0,4474.0,obs,884,31.1,20.71,10.98,S3,31.1,20.71,10.98,S3,31.1,20.71,6.27,S3,12.47,0,S3,site_s3,S3,S3,S3,221.0,0.0,0.0,261.9,1,1,1,,
1786353410.798,c1,recommend,,0.0,26.76,14.03,2.38,S3,0,,0,200.0,obs,1182,26.76,14.03,4.0,S3,26.76,14.03,4.0,S3,26.76,14.03,2.38,S3,12.47,0,S3,site_s3,S3,S3,S3,295.5,0.0,0.0,314.5,1,1,1,,
1786353410.798,c2,reserve,,0.0,26.34,13.67,1.66,S3,0,,0,36.0,obs,587,26.34,13.67,3.65,S3,26.34,13.67,3.65,S3,26.34,13.67,1.66,S3,12.47,0,S3,site_s3,S3,S3,S3,146.5,0.0,0.0,355.2,1,1,1,,
1786353410.798,c2,search,,0.0,31.1,20.71,6.27,S3,0,,0,4474.0,obs,884,31.1,20.71,10.98,S3,31.1,20.71,10.98,S3,31.1,20.71,6.27,S3,12.47,0,S3,site_s3,S3,S3,S3,221.0,0.0,0.0,576.2,1,1,1,,
1786353410.798,c2,recommend,,0.0,26.76,14.03,2.38,S3,0,,0,200.0,obs,1182,26.76,14.03,4.0,S3,26.76,14.03,4.0,S3,26.76,14.03,2.38,S3,12.47,0,S3,site_s3,S3,S3,S3,295.5,0.0,0.0,628.8,1,1,1,,
1786353411.798,c1,reserve,,0.0,26.34,13.67,1.76,S3,0,,0,36.0,obs,593,26.34,13.67,3.65,S3,26.34,13.67,3.65,S3,26.34,13.67,1.76,S3,12.433,0,S3,site_s3,S3,S3,S3,148.5,0.0,0.0,41.3,1,1,1,,
1786353411.798,c1,search,,0.0,31.1,20.71,6.44,S3,0,,0,4474.0,obs,881,31.1,20.71,10.98,S3,31.1,20.71,10.98,S3,31.1,20.71,6.44,S3,12.433,0,S3,site_s3,S3,S3,S3,220.5,0.0,0.0,261.8,1,1,1,,
1786353411.798,c1,recommend,,0.0,26.76,14.03,2.23,S3,0,,0,200.0,obs,1180,26.76,14.03,4.0,S3,26.76,14.03,4.0,S3,26.76,14.03,2.23,S3,12.433,0,S3,site_s3,S3,S3,S3,295.0,0.0,0.0,314.3,1,1,1,,
1786353411.798,c2,reserve,,0.0,26.34,13.67,1.76,S3,0,,0,36.0,obs,593,26.34,13.67,3.65,S3,26.34,13.67,3.65,S3,26.34,13.67,1.76,S3,12.433,0,S3,site_s3,S3,S3,S3,148.0,0.0,0.0,355.4,1,1,1,,
1786353411.798,c2,search,,0.0,31.1,20.71,6.44,S3,0,,0,4474.0,obs,881,31.1,20.71,10.98,S3,31.1,20.71,10.98,S3,31.1,20.71,6.44,S3,12.433,0,S3,site_s3,S3,S3,S3,220.0,0.0,0.0,575.4,1,1,1,,
1786353411.798,c2,recommend,,0.0,26.76,14.03,2.23,S3,0,,0,200.0,obs,1180,26.76,14.03,4.0,S3,26.76,14.03,4.0,S3,26.76,14.03,2.23,S3,12.433,0,S3,site_s3,S3,S3,S3,295.0,0.0,0.0,627.9,1,1,1,,
1786353412.798,c1,reserve,,0.0,26.34,13.67,1.05,S3,0,,0,36.0,obs,589,26.34,13.67,3.65,S3,26.34,13.67,3.65,S3,26.34,13.67,1.05,S3,12.511,0,S3,site_s3,S3,S3,S3,147.0,0.0,0.0,40.9,1,1,1,,
1786353412.798,c1,search,,0.0,31.1,20.71,4.36,S3,0,,0,4474.0,obs,887,31.1,20.71,10.98,S3,31.1,20.71,10.98,S3,31.1,20.71,4.36,S3,12.511,0,S3,site_s3,S3,S3,S3,222.0,0.0,0.0,262.9,1,1,1,,
1786353412.798,c1,recommend,,0.0,26.76,14.03,1.75,S3,0,,0,200.0,obs,1181,26.76,14.03,4.0,S3,26.76,14.03,4.0,S3,26.76,14.03,1.75,S3,12.511,0,S3,site_s3,S3,S3,S3,295.5,0.0,0.0,315.5,1,1,1,,
1786353412.798,c2,reserve,,0.0,26.34,13.67,1.05,S3,0,,0,36.0,obs,589,26.34,13.67,3.65,S3,26.34,13.67,3.65,S3,26.34,13.67,1.05,S3,12.511,0,S3,site_s3,S3,S3,S3,147.5,0.0,0.0,356.5,1,1,1,,
1786353412.798,c2,search,,0.0,31.1,20.71,4.36,S3,0,,0,4474.0,obs,887,31.1,20.71,10.98,S3,31.1,20.71,10.98,S3,31.1,20.71,4.36,S3,12.511,0,S3,site_s3,S3,S3,S3,221.5,0.0,0.0,578.0,1,1,1,,
1786353412.798,c2,recommend,,0.0,26.76,14.03,1.75,S3,0,,0,200.0,obs,1181,26.76,14.03,4.0,S3,26.76,14.03,4.0,S3,26.76,14.03,1.75,S3,12.511,0,S3,site_s3,S3,S3,S3,295.0,0.0,0.0,630.5,1,1,1,,
1786353413.798,c1,reserve,,0.0,26.34,13.67,0.98,S3,0,,0,36.0,obs,590,26.34,13.67,3.65,S3,26.34,13.67,3.65,S3,26.34,13.67,0.98,S3,12.423,0,S3,site_s3,S3,S3,S3,147.5,0.0,0.0,41.0,1,1,1,,
1786353413.798,c1,search,,0.0,31.1,20.71,4.36,S3,0,,0,4474.0,obs,882,31.1,20.71,10.98,S3,31.1,20.71,10.98,S3,31.1,20.71,4.36,S3,12.423,0,S3,site_s3,S3,S3,S3,220.5,0.0,0.0,261.5,1,1,1,,
1786353413.798,c1,recommend,,0.0,26.76,14.03,1.95,S3,0,,0,200.0,obs,1184,26.76,14.03,4.0,S3,26.76,14.03,4.0,S3,26.76,14.03,1.95,S3,12.423,0,S3,site_s3,S3,S3,S3,296.0,0.0,0.0,314.2,1,1,1,,
1786353413.798,c2,reserve,,0.0,26.34,13.67,0.98,S3,0,,0,36.0,obs,590,26.34,13.67,3.65,S3,26.34,13.67,3.65,S3,26.34,13.67,0.98,S3,12.423,0,S3,site_s3,S3,S3,S3,147.5,0.0,0.0,355.2,1,1,1,,
1786353413.798,c2,search,,0.0,31.1,20.71,4.36,S3,0,,0,4474.0,obs,882,31.1,20.71,10.98,S3,31.1,20.71,10.98,S3,31.1,20.71,4.36,S3,12.423,0,S3,site_s3,S3,S3,S3,220.5,0.0,0.0,575.7,1,1,1,,
1786353413.798,c2,recommend,,0.0,26.76,14.03,1.95,S3,0,,0,200.0,obs,1184,26.76,14.03,4.0,S3,26.76,14.03,4.0,S3,26.76,14.03,1.95,S3,12.423,0,S3,site_s3,S3,S3,S3,296.0,0.0,0.0,628.4,1,1,1,,
1786353414.798,c1,reserve,,0.0,26.34,13.67,1.74,S3,0,,0,36.0,obs,592,26.34,13.67,3.65,S3,26.34,13.67,3.65,S3,26.34,13.67,1.74,S3,12.468,0,S3,site_s3,S3,S3,S3,148.0,0.0,0.0,41.1,1,1,1,,
1786353414.798,c1,search,,0.0,31.1,20.71,6.65,S3,0,,0,4474.0,obs,889,31.1,20.71,10.98,S3,31.1,20.71,10.98,S3,31.1,20.71,6.65,S3,12.468,0,S3,site_s3,S3,S3,S3,222.0,0.0,0.0,263.1,1,1,1,,
1786353414.798,c1,recommend,,0.0,26.76,14.03,2.28,S3,0,,0,200.0,obs,1180,26.76,14.03,4.0,S3,26.76,14.03,4.0,S3,26.76,14.03,2.28,S3,12.468,0,S3,site_s3,S3,S3,S3,295.5,0.0,0.0,315.7,1,1,1,,
1786353414.798,c2,reserve,,0.0,26.34,13.67,1.74,S3,0,,0,36.0,obs,592,26.34,13.67,3.65,S3,26.34,13.67,3.65,S3,26.34,13.67,1.74,S3,12.468,0,S3,site_s3,S3,S3,S3,148.0,0.0,0.0,356.9,1,1,1,,
1786353414.798,c2,search,,0.0,31.1,20.71,6.65,S3,0,,0,4474.0,obs,889,31.1,20.71,10.98,S3,31.1,20.71,10.98,S3,31.1,20.71,6.65,S3,12.468,0,S3,site_s3,S3,S3,S3,222.0,0.0,0.0,578.9,1,1,1,,
1786353414.798,c2,recommend,,0.0,26.76,14.03,2.28,S3,0,,0,200.0,obs,1180,26.76,14.03,4.0,S3,26.76,14.03,4.0,S3,26.76,14.03,2.28,S3,12.468,0,S3,site_s3,S3,S3,S3,294.5,0.0,0.0,631.3,1,1,1,,
1786353415.799,c1,reserve,,0.0,26.34,13.67,1.82,S3,0,,0,36.0,obs,590,26.34,13.67,3.65,S3,26.34,13.67,3.65,S3,26.34,13.67,1.82,S3,13.379,0,S3,site_s3,S3,S3,S3,147.5,0.0,0.0,41.0,1,1,1,,
1786353415.799,c1,search,,0.0,31.1,20.71,6.52,S3,0,,0,4474.0,obs,887,31.1,20.71,10.98,S3,31.1,20.71,10.98,S3,31.1,20.71,6.52,S3,13.379,0,S3,site_s3,S3,S3,S3,222.0,0.0,0.0,263.0,1,1,1,,
1786353415.799,c1,recommend,,0.0,26.76,14.03,2.31,S3,0,,0,200.0,obs,1187,26.76,14.03,4.0,S3,26.76,14.03,4.0,S3,26.76,14.03,2.31,S3,13.379,0,S3,site_s3,S3,S3,S3,297.0,0.0,0.0,315.9,1,1,1,,
1786353415.799,c2,reserve,,0.0,26.34,13.67,1.82,S3,0,,0,36.0,obs,590,26.34,13.67,3.65,S3,26.34,13.67,3.65,S3,26.34,13.67,1.82,S3,13.379,0,S3,site_s3,S3,S3,S3,147.5,0.0,0.0,356.9,1,1,1,,
1786353415.799,c2,search,,0.0,31.1,20.71,6.52,S3,0,,0,4474.0,obs,887,31.1,20.71,10.98,S3,31.1,20.71,10.98,S3,31.1,20.71,6.52,S3,13.379,0,S3,site_s3,S3,S3,S3,221.5,0.0,0.0,578.4,1,1,1,,
1786353415.799,c2,recommend,,0.0,26.76,14.03,2.31,S3,0,,0,200.0,obs,1187,26.76,14.03,4.0,S3,26.76,14.03,4.0,S3,26.76,14.03,2.31,S3,13.379,0,S3,site_s3,S3,S3,S3,296.5,0.0,0.0,631.2,1,1,1,,
1786353416.799,c1,reserve,,0.0,26.34,13.67,1.79,S3,0,,0,36.0,obs,596,26.34,13.67,3.65,S3,26.34,13.67,3.65,S3,26.34,13.67,1.79,S3,13.44,0,S3,site_s3,S3,S3,S3,149.0,0.0,0.0,41.4,1,1,1,,
1786353416.799,c1,search,,0.0,31.1,20.71,6.79,S3,0,,0,4474.0,obs,886,31.1,20.71,10.98,S3,31.1,20.71,10.98,S3,31.1,20.71,6.79,S3,13.44,0,S3,site_s3,S3,S3,S3,222.0,0.0,0.0,263.4,1,1,1,,
1786353416.799,c1,recommend,,0.0,26.76,14.03,2.34,S3,0,,0,200.0,obs,1182,26.76,14.03,4.0,S3,26.76,14.03,4.0,S3,26.76,14.03,2.34,S3,13.44,0,S3,site_s3,S3,S3,S3,295.5,0.0,0.0,316.0,1,1,1,,
1786353416.799,c2,reserve,,0.0,26.34,13.67,1.79,S3,0,,0,36.0,obs,596,26.34,13.67,3.65,S3,26.34,13.67,3.65,S3,26.34,13.67,1.79,S3,13.44,0,S3,site_s3,S3,S3,S3,149.0,0.0,0.0,357.4,1,1,1,,
1786353416.799,c2,search,,0.0,31.1,20.71,6.79,S3,0,,0,4474.0,obs,886,31.1,20.71,10.98,S3,31.1,20.71,10.98,S3,31.1,20.71,6.79,S3,13.44,0,S3,site_s3,S3,S3,S3,221.0,0.0,0.0,578.4,1,1,1,,
1786353416.799,c2,recommend,,0.0,26.76,14.03,2.34,S3,0,,0,200.0,obs,1182,26.76,14.03,4.0,S3,26.76,14.03,4.0,S3,26.76,14.03,2.34,S3,13.44,0,S3,site_s3,S3,S3,S3,295.5,0.0,0.0,631.0,1,1,1,,
1786353417.799,c1,reserve,,0.0,26.34,13.67,1.59,S3,0,,0,36.0,obs,590,26.34,13.67,3.65,S3,26.34,13.67,3.65,S3,26.34,13.67,1.59,S3,13.555,0,S3,site_s3,S3,S3,S3,147.5,0.0,0.0,41.0,1,1,1,,
1786353417.799,c1,search,,0.0,31.1,20.71,6.43,S3,0,,0,4474.0,obs,888,31.1,20.71,10.98,S3,31.1,20.71,10.98,S3,31.1,20.71,6.43,S3,13.555,0,S3,site_s3,S3,S3,S3,222.0,0.0,0.0,263.0,1,1,1,,
1786353417.799,c1,recommend,,0.0,26.76,14.03,2.07,S3,0,,0,200.0,obs,1187,26.76,14.03,4.0,S3,26.76,14.03,4.0,S3,26.76,14.03,2.07,S3,13.555,0,S3,site_s3,S3,S3,S3,297.0,0.0,0.0,315.9,1,1,1,,
1786353417.799,c2,reserve,,0.0,26.34,13.67,1.59,S3,0,,0,36.0,obs,590,26.34,13.67,3.65,S3,26.34,13.67,3.65,S3,26.34,13.67,1.59,S3,13.555,0,S3,site_s3,S3,S3,S3,147.5,0.0,0.0,356.9,1,1,1,,
1786353417.799,c2,search,,0.0,31.1,20.71,6.43,S3,0,,0,4474.0,obs,888,31.1,20.71,10.98,S3,31.1,20.71,10.98,S3,31.1,20.71,6.43,S3,13.555,0,S3,site_s3,S3,S3,S3,222.0,0.0,0.0,578.9,1,1,1,,
1786353417.799,c2,recommend,,0.0,26.76,14.03,2.07,S3,0,,0,200.0,obs,1187,26.76,14.03,4.0,S3,26.76,14.03,4.0,S3,26.76,14.03,2.07,S3,13.555,0,S3,site_s3,S3,S3,S3,296.5,0.0,0.0,631.7,1,1,1,,
1786353418.799,c1,reserve,,0.0,26.34,13.67,1.73,S3,0,,0,36.0,obs,596,26.34,13.67,3.65,S3,26.34,13.67,3.65,S3,26.34,13.67,1.73,S3,13.481,0,S3,site_s3,S3,S3,S3,149.0,0.0,0.0,41.4,1,1,1,,
1786353418.799,c1,search,,0.0,31.1,20.71,6.33,S3,0,,0,4474.0,obs,887,31.1,20.71,10.98,S3,31.1,20.71,10.98,S3,31.1,20.71,6.33,S3,13.481,0,S3,site_s3,S3,S3,S3,222.0,0.0,0.0,263.4,1,1,1,,
1786353418.799,c1,recommend,,0.0,26.76,14.03,2.36,S3,0,,0,200.0,obs,1185,26.76,14.03,4.0,S3,26.76,14.03,4.0,S3,26.76,14.03,2.36,S3,13.481,0,S3,site_s3,S3,S3,S3,296.5,0.0,0.0,316.2,1,1,1,,
1786353418.799,c2,reserve,,0.0,26.34,13.67,1.73,S3,0,,0,36.0,obs,596,26.34,13.67,3.65,S3,26.34,13.67,3.65,S3,26.34,13.67,1.73,S3,13.481,0,S3,site_s3,S3,S3,S3,149.0,0.0,0.0,357.6,1,1,1,,
1786353418.799,c2,search,,0.0,31.1,20.71,6.33,S3,0,,0,4474.0,obs,887,31.1,20.71,10.98,S3,31.1,20.71,10.98,S3,31.1,20.71,6.33,S3,13.481,0,S3,site_s3,S3,S3,S3,221.5,0.0,0.0,579.1,1,1,1,,
1786353418.799,c2,recommend,,0.0,26.76,14.03,2.36,S3,0,,0,200.0,obs,1185,26.76,14.03,4.0,S3,26.76,14.03,4.0,S3,26.76,14.03,2.36,S3,13.481,0,S3,site_s3,S3,S3,S3,296.0,0.0,0.0,631.8,1,1,1,,
1786353419.799,c1,reserve,,0.0,26.34,13.67,1.55,S3,0,,0,36.0,obs,591,26.34,13.67,3.65,S3,26.34,13.67,3.65,S3,26.34,13.67,1.55,S3,13.366,0,S3,site_s3,S3,S3,S3,147.5,0.0,0.0,41.0,1,1,1,,
1786353419.799,c1,search,,0.0,31.1,20.71,6.63,S3,0,,0,4474.0,obs,893,31.1,20.71,10.98,S3,31.1,20.71,10.98,S3,31.1,20.71,6.63,S3,13.366,0,S3,site_s3,S3,S3,S3,223.0,0.0,0.0,264.0,1,1,1,,
1786353419.799,c1,recommend,,0.0,26.76,14.03,2.43,S3,0,,0,200.0,obs,1187,26.76,14.03,4.0,S3,26.76,14.03,4.0,S3,26.76,14.03,2.43,S3,13.366,0,S3,site_s3,S3,S3,S3,297.0,0.0,0.0,316.9,1,1,1,,
1786353419.799,c2,reserve,,0.0,26.34,13.67,1.55,S3,0,,0,36.0,obs,591,26.34,13.67,3.65,S3,26.34,13.67,3.65,S3,26.34,13.67,1.55,S3,13.366,0,S3,site_s3,S3,S3,S3,148.0,0.0,0.0,358.0,1,1,1,,
1786353419.799,c2,search,,0.0,31.1,20.71,6.63,S3,0,,0,4474.0,obs,893,31.1,20.71,10.98,S3,31.1,20.71,10.98,S3,31.1,20.71,6.63,S3,13.366,0,S3,site_s3,S3,S3,S3,223.0,0.0,0.0,581.0,1,1,1,,
1786353419.799,c2,recommend,,0.0,26.76,14.03,2.43,S3,0,,0,200.0,obs,1187,26.76,14.03,4.0,S3,26.76,14.03,4.0,S3,26.76,14.03,2.43,S3,13.366,0,S3,site_s3,S3,S3,S3,296.5,0.0,0.0,633.8,1,1,1,,
1786353420.799,c1,reserve,,0.0,26.34,13.67,1.57,S3,0,,0,36.0,obs,594,26.34,13.67,3.65,S3,26.34,13.67,3.65,S3,26.34,13.67,1.57,S3,13.376,0,S3,site_s3,S3,S3,S3,148.5,0.0,0.0,41.3,1,1,1,,
1786353420.799,c1,search,,0.0,31.1,20.71,6.57,S3,0,,0,4474.0,obs,888,31.1,20.71,10.98,S3,31.1,20.71,10.98,S3,31.1,20.71,6.57,S3,13.376,0,S3,site_s3,S3,S3,S3,222.0,0.0,0.0,263.3,1,1,1,,
1786353420.799,c1,recommend,,0.0,26.76,14.03,2.39,S3,0,,0,200.0,obs,1191,26.76,14.03,4.0,S3,26.76,14.03,4.0,S3,26.76,14.03,2.39,S3,13.376,0,S3,site_s3,S3,S3,S3,298.0,0.0,0.0,316.3,1,1,1,,
1786353420.799,c2,reserve,,0.0,26.34,13.67,1.57,S3,0,,0,36.0,obs,594,26.34,13.67,3.65,S3,26.34,13.67,3.65,S3,26.34,13.67,1.57,S3,13.376,0,S3,site_s3,S3,S3,S3,148.5,0.0,0.0,357.6,1,1,1,,
1786353420.799,c2,search,,0.0,31.1,20.71,6.57,S3,0,,0,4474.0,obs,888,31.1,20.71,10.98,S3,31.1,20.71,10.98,S3,31.1,20.71,6.57,S3,13.376,0,S3,site_s3,S3,S3,S3,222.0,0.0,0.0,579.6,1,1,1,,
1786353420.799,c2,recommend,,0.0,26.76,14.03,2.39,S3,0,,0,200.0,obs,1191,26.76,14.03,4.0,S3,26.76,14.03,4.0,S3,26.76,14.03,2.39,S3,13.376,0,S3,site_s3,S3,S3,S3,297.5,0.0,0.0,632.6,1,1,1,,
1786353421.799,c1,reserve,,0.0,26.34,13.67,1.82,S3,0,,0,36.0,obs,595,26.34,13.67,3.65,S3,26.34,13.67,3.65,S3,26.34,13.67,1.82,S3,13.492,0,S3,site_s3,S3,S3,S3,148.5,0.0,0.0,41.3,1,1,1,,
1786353421.799,c1,search,,0.0,31.1,20.71,6.91,S3,0,,0,4474.0,obs,891,31.1,20.71,10.98,S3,31.1,20.71,10.98,S3,31.1,20.71,6.91,S3,13.492,0,S3,site_s3,S3,S3,S3,223.0,0.0,0.0,264.3,1,1,1,,
1786353421.799,c1,recommend,,0.0,26.76,14.03,2.42,S3,0,,0,200.0,obs,1185,26.76,14.03,4.0,S3,26.76,14.03,4.0,S3,26.76,14.03,2.42,S3,13.492,0,S3,site_s3,S3,S3,S3,296.5,0.0,0.0,317.1,1,1,1,,
1786353421.799,c2,reserve,,0.0,26.34,13.67,1.82,S3,0,,0,36.0,obs,595,26.34,13.67,3.65,S3,26.34,13.67,3.65,S3,26.34,13.67,1.82,S3,13.492,0,S3,site_s3,S3,S3,S3,149.0,0.0,0.0,358.5,1,1,1,,
1786353421.799,c2,search,,0.0,31.1,20.71,6.91,S3,0,,0,4474.0,obs,891,31.1,20.71,10.98,S3,31.1,20.71,10.98,S3,31.1,20.71,6.91,S3,13.492,0,S3,site_s3,S3,S3,S3,222.5,0.0,0.0,581.0,1,1,1,,
1786353421.799,c2,recommend,,0.0,26.76,14.03,2.42,S3,0,,0,200.0,obs,1185,26.76,14.03,4.0,S3,26.76,14.03,4.0,S3,26.76,14.03,2.42,S3,13.492,0,S3,site_s3,S3,S3,S3,296.0,0.0,0.0,633.7,1,1,1,,
1786353422.799,c1,reserve,,0.0,26.34,13.67,1.51,S3,0,,0,36.0,obs,591,26.34,13.67,3.65,S3,26.34,13.67,3.65,S3,26.34,13.67,1.51,S3,13.514,0,S3,site_s3,S3,S3,S3,147.5,0.0,0.0,41.0,1,1,1,,
1786353422.799,c1,search,,0.0,31.1,20.71,7.0,S3,0,,0,4474.0,obs,889,31.1,20.71,10.98,S3,31.1,20.71,10.98,S3,31.1,20.71,7.0,S3,13.514,0,S3,site_s3,S3,S3,S3,222.5,0.0,0.0,263.5,1,1,1,,
1786353422.799,c1,recommend,,0.0,26.76,14.03,2.51,S3,0,,0,200.0,obs,1192,26.76,14.03,4.0,S3,26.76,14.03,4.0,S3,26.76,14.03,2.51,S3,13.514,0,S3,site_s3,S3,S3,S3,298.0,0.0,0.0,316.5,1,1,1,,
1786353422.799,c2,reserve,,0.0,26.34,13.67,1.51,S3,0,,0,36.0,obs,591,26.34,13.67,3.65,S3,26.34,13.67,3.65,S3,26.34,13.67,1.51,S3,13.514,0,S3,site_s3,S3,S3,S3,148.0,0.0,0.0,357.7,1,1,1,,
1786353422.799,c2,search,,0.0,31.1,20.71,7.0,S3,0,,0,4474.0,obs,889,31.1,20.71,10.98,S3,31.1,20.71,10.98,S3,31.1,20.71,7.0,S3,13.514,0,S3,site_s3,S3,S3,S3,222.0,0.0,0.0,579.7,1,1,1,,
1786353422.799,c2,recommend,,0.0,26.76,14.03,2.51,S3,0,,0,200.0,obs,1192,26.76,14.03,4.0,S3,26.76,14.03,4.0,S3,26.76,14.03,2.51,S3,13.514,0,S3,site_s3,S3,S3,S3,298.0,0.0,0.0,632.7,1,1,1,,
1786353423.799,c1,reserve,,0.0,26.34,13.67,1.35,S3,0,,0,36.0,obs,598,26.34,13.67,3.65,S3,26.34,13.67,3.65,S3,26.34,13.67,1.35,S3,13.502,0,S3,site_s3,S3,S3,S3,149.5,0.0,0.0,41.6,1,1,1,,
1786353423.799,c1,search,,0.0,31.1,20.71,6.36,S3,0,,0,4474.0,obs,891,31.1,20.71,10.98,S3,31.1,20.71,10.98,S3,31.1,20.71,6.36,S3,13.502,0,S3,site_s3,S3,S3,S3,223.0,0.0,0.0,264.6,1,1,1,,
1786353423.799,c1,recommend,,0.0,26.76,14.03,2.43,S3,0,,0,200.0,obs,1186,26.76,14.03,4.0,S3,26.76,14.03,4.0,S3,26.76,14.03,2.43,S3,13.502,0,S3,site_s3,S3,S3,S3,296.5,0.0,0.0,317.3,1,1,1,,
1786353423.799,c2,reserve,,0.0,26.34,13.67,1.35,S3,0,,0,36.0,obs,598,26.34,13.67,3.65,S3,26.34,13.67,3.65,S3,26.34,13.67,1.35,S3,13.502,0,S3,site_s3,S3,S3,S3,149.5,0.0,0.0,358.9,1,1,1,,
1786353423.799,c2,search,,0.0,31.1,20.71,6.36,S3,0,,0,4474.0,obs,891,31.1,20.71,10.98,S3,31.1,20.71,10.98,S3,31.1,20.71,6.36,S3,13.502,0,S3,site_s3,S3,S3,S3,222.5,0.0,0.0,581.4,1,1,1,,
1786353423.799,c2,recommend,,0.0,26.76,14.03,2.43,S3,0,,0,200.0,obs,1186,26.76,14.03,4.0,S3,26.76,14.03,4.0,S3,26.76,14.03,2.43,S3,13.502,0,S3,site_s3,S3,S3,S3,296.5,0.0,0.0,634.2,1,1,1,,
1786353424.799,c1,reserve,,0.0,26.34,13.67,0.53,S3,0,,0,36.0,obs,593,26.34,13.67,3.65,S3,26.34,13.67,3.65,S3,26.34,13.67,0.53,S3,13.422,0,S3,site_s3,S3,S3,S3,148.0,0.0,0.0,41.1,1,1,1,,
1786353424.799,c1,search,,0.0,31.1,20.71,3.83,S3,0,,0,4474.0,obs,891,31.1,20.71,10.98,S3,31.1,20.71,10.98,S3,31.1,20.71,3.83,S3,13.422,0,S3,site_s3,S3,S3,S3,223.0,0.0,0.0,264.1,1,1,1,,
1786353424.799,c1,recommend,,0.0,26.76,14.03,1.52,S3,0,,0,200.0,obs,1193,26.76,14.03,4.0,S3,26.76,14.03,4.0,S3,26.76,14.03,1.52,S3,13.422,0,S3,site_s3,S3,S3,S3,298.5,0.0,0.0,317.3,1,1,1,,
1786353424.799,c2,reserve,,0.0,26.34,13.67,0.53,S3,0,,0,36.0,obs,593,26.34,13.67,3.65,S3,26.34,13.67,3.65,S3,26.34,13.67,0.53,S3,13.422,0,S3,site_s3,S3,S3,S3,148.5,0.0,0.0,358.6,1,1,1,,
1786353424.799,c2,search,,0.0,31.1,20.71,3.83,S3,0,,0,4474.0,obs,891,31.1,20.71,10.98,S3,31.1,20.71,10.98,S3,31.1,20.71,3.83,S3,13.422,0,S3,site_s3,S3,S3,S3,222.5,0.0,0.0,581.1,1,1,1,,
1786353424.799,c2,recommend,,0.0,26.76,14.03,1.52,S3,0,,0,200.0,obs,1193,26.76,14.03,4.0,S3,26.76,14.03,4.0,S3,26.76,14.03,1.52,S3,13.422,0,S3,site_s3,S3,S3,S3,298.0,0.0,0.0,634.1,1,1,1,,
1786353425.799,c1,reserve,,0.0,26.34,13.67,0.73,S3,0,,0,36.0,obs,600,26.34,13.67,3.65,S3,26.34,13.67,3.65,S3,26.34,13.67,0.73,S3,13.56,0,S3,site_s3,S3,S3,S3,150.0,0.0,0.0,41.7,1,1,1,,
1786353425.799,c1,search,,0.0,31.1,20.71,3.43,S3,0,,0,4474.0,obs,891,31.1,20.71,10.98,S3,31.1,20.71,10.98,S3,31.1,20.71,3.43,S3,13.56,0,S3,site_s3,S3,S3,S3,223.0,0.0,0.0,264.7,1,1,1,,
1786353425.799,c1,recommend,,0.0,26.76,14.03,1.35,S3,0,,0,200.0,obs,1189,26.76,14.03,4.0,S3,26.76,14.03,4.0,S3,26.76,14.03,1.35,S3,13.56,0,S3,site_s3,S3,S3,S3,297.5,0.0,0.0,317.7,1,1,1,,
1786353425.799,c2,reserve,,0.0,26.34,13.67,0.73,S3,0,,0,36.0,obs,600,26.34,13.67,3.65,S3,26.34,13.67,3.65,S3,26.34,13.67,0.73,S3,13.56,0,S3,site_s3,S3,S3,S3,150.0,0.0,0.0,359.4,1,1,1,,
1786353425.799,c2,search,,0.0,31.1,20.71,3.43,S3,0,,0,4474.0,obs,891,31.1,20.71,10.98,S3,31.1,20.71,10.98,S3,31.1,20.71,3.43,S3,13.56,0,S3,site_s3,S3,S3,S3,222.5,0.0,0.0,581.9,1,1,1,,
1786353425.799,c2,recommend,,0.0,26.76,14.03,1.35,S3,0,,0,200.0,obs,1189,26.76,14.03,4.0,S3,26.76,14.03,4.0,S3,26.76,14.03,1.35,S3,13.56,0,S3,site_s3,S3,S3,S3,297.0,0.0,0.0,634.7,1,1,1,,
1786353426.799,c1,reserve,,0.0,26.34,13.67,1.72,S3,0,,0,36.0,obs,594,26.34,13.67,3.65,S3,26.34,13.67,3.65,S3,26.34,13.67,1.72,S3,13.64,0,S3,site_s3,S3,S3,S3,148.5,0.0,0.0,41.3,1,1,1,,
1786353426.799,c1,search,,0.0,31.1,20.71,6.3,S3,0,,0,4474.0,obs,896,31.1,20.71,10.98,S3,31.1,20.71,10.98,S3,31.1,20.71,6.3,S3,13.64,0,S3,site_s3,S3,S3,S3,224.0,0.0,0.0,265.3,1,1,1,,
1786353426.799,c1,recommend,,0.0,26.76,14.03,2.17,S3,0,,0,200.0,obs,1192,26.76,14.03,4.0,S3,26.76,14.03,4.0,S3,26.76,14.03,2.17,S3,13.64,0,S3,site_s3,S3,S3,S3,298.0,0.0,0.0,318.3,1,1,1,,
1786353426.799,c2,reserve,,0.0,26.34,13.67,1.72,S3,0,,0,36.0,obs,594,26.34,13.67,3.65,S3,26.34,13.67,3.65,S3,26.34,13.67,1.72,S3,13.64,0,S3,site_s3,S3,S3,S3,148.5,0.0,0.0,359.6,1,1,1,,
1786353426.799,c2,search,,0.0,31.1,20.71,6.3,S3,0,,0,4474.0,obs,896,31.1,20.71,10.98,S3,31.1,20.71,10.98,S3,31.1,20.71,6.3,S3,13.64,0,S3,site_s3,S3,S3,S3,224.0,0.0,0.0,583.6,1,1,1,,
1786353426.799,c2,recommend,,0.0,26.76,14.03,2.17,S3,0,,0,200.0,obs,1192,26.76,14.03,4.0,S3,26.76,14.03,4.0,S3,26.76,14.03,2.17,S3,13.64,0,S3,site_s3,S3,S3,S3,298.0,0.0,0.0,636.7,1,1,1,,
1786353427.799,c1,reserve,,0.0,26.34,13.67,1.65,S3,0,,0,36.0,obs,597,26.34,13.67,3.65,S3,26.34,13.67,3.65,S3,26.34,13.67,1.65,S3,13.385,0,S3,site_s3,S3,S3,S3,149.5,0.0,0.0,41.6,1,1,1,,
1786353427.799,c1,search,,0.0,31.1,20.71,6.26,S3,0,,0,4474.0,obs,891,31.1,20.71,10.98,S3,31.1,20.71,10.98,S3,31.1,20.71,6.26,S3,13.385,0,S3,site_s3,S3,S3,S3,223.0,0.0,0.0,264.6,1,1,1,,
1786353427.799,c1,recommend,,0.0,26.76,14.03,2.17,S3,0,,0,200.0,obs,1194,26.76,14.03,4.0,S3,26.76,14.03,4.0,S3,26.76,14.03,2.17,S3,13.385,0,S3,site_s3,S3,S3,S3,298.0,0.0,0.0,317.6,1,1,1,,
1786353427.799,c2,reserve,,0.0,26.34,13.67,1.65,S3,0,,0,36.0,obs,597,26.34,13.67,3.65,S3,26.34,13.67,3.65,S3,26.34,13.67,1.65,S3,13.385,0,S3,site_s3,S3,S3,S3,149.0,0.0,0.0,359.0,1,1,1,,
1786353427.799,c2,search,,0.0,31.1,20.71,6.26,S3,0,,0,4474.0,obs,891,31.1,20.71,10.98,S3,31.1,20.71,10.98,S3,31.1,20.71,6.26,S3,13.385,0,S3,site_s3,S3,S3,S3,222.5,0.0,0.0,581.5,1,1,1,,
1786353427.799,c2,recommend,,0.0,26.76,14.03,2.17,S3,0,,0,200.0,obs,1194,26.76,14.03,4.0,S3,26.76,14.03,4.0,S3,26.76,14.03,2.17,S3,13.385,0,S3,site_s3,S3,S3,S3,299.0,0.0,0.0,634.7,1,1,1,,
1786353428.799,c1,reserve,,0.0,26.34,13.67,1.65,S3,0,,0,36.0,obs,597,26.34,13.67,3.65,S3,26.34,13.67,3.65,S3,26.34,13.67,1.65,S3,13.467,0,S3,site_s3,S3,S3,S3,149.0,0.0,0.0,41.4,1,1,1,,
1786353428.799,c1,search,,0.0,31.1,20.71,6.21,S3,0,,0,4474.0,obs,896,31.1,20.71,10.98,S3,31.1,20.71,10.98,S3,31.1,20.71,6.21,S3,13.467,0,S3,site_s3,S3,S3,S3,224.5,0.0,0.0,265.9,1,1,1,,
1786353428.799,c1,recommend,,0.0,26.76,14.03,2.26,S3,0,,0,200.0,obs,1191,26.76,14.03,4.0,S3,26.76,14.03,4.0,S3,26.76,14.03,2.26,S3,13.467,0,S3,site_s3,S3,S3,S3,298.0,0.0,0.0,319.0,1,1,1,,
1786353428.799,c2,reserve,,0.0,26.34,13.67,1.65,S3,0,,0,36.0,obs,597,26.34,13.67,3.65,S3,26.34,13.67,3.65,S3,26.34,13.67,1.65,S3,13.467,0,S3,site_s3,S3,S3,S3,149.5,0.0,0.0,360.5,1,1,1,,
1786353428.799,c2,search,,0.0,31.1,20.71,6.21,S3,0,,0,4474.0,obs,896,31.1,20.71,10.98,S3,31.1,20.71,10.98,S3,31.1,20.71,6.21,S3,13.467,0,S3,site_s3,S3,S3,S3,223.5,0.0,0.0,584.0,1,1,1,,
1786353428.799,c2,recommend,,0.0,26.76,14.03,2.26,S3,0,,0,200.0,obs,1191,26.76,14.03,4.0,S3,26.76,14.03,4.0,S3,26.76,14.03,2.26,S3,13.467,0,S3,site_s3,S3,S3,S3,297.5,0.0,0.0,637.0,1,1,1,,
1786353429.799,c1,reserve,,0.0,26.34,13.67,1.74,S3,0,,0,36.0,obs,593,26.34,13.67,3.65,S3,26.34,13.67,3.65,S3,26.34,13.67,1.74,S3,13.728,0,S3,site_s3,S3,S3,S3,148.0,0.0,0.0,41.1,1,1,1,,
1786353429.799,c1,search,,0.0,31.1,20.71,6.81,S3,0,,0,4474.0,obs,893,31.1,20.71,10.98,S3,31.1,20.71,10.98,S3,31.1,20.71,6.81,S3,13.728,0,S3,site_s3,S3,S3,S3,223.5,0.0,0.0,264.6,1,1,1,,
1786353429.799,c1,recommend,,0.0,26.76,14.03,2.51,S3,0,,0,200.0,obs,1198,26.76,14.03,4.0,S3,26.76,14.03,4.0,S3,26.76,14.03,2.51,S3,13.728,0,S3,site_s3,S3,S3,S3,299.5,0.0,0.0,318.0,1,1,1,,
1786353429.799,c2,reserve,,0.0,26.34,13.67,1.74,S3,0,,0,36.0,obs,593,26.34,13.67,3.65,S3,26.34,13.67,3.65,S3,26.34,13.67,1.74,S3,13.728,0,S3,site_s3,S3,S3,S3,148.5,0.0,0.0,359.2,1,1,1,,
1786353429.799,c2,search,,0.0,31.1,20.71,6.81,S3,0,,0,4474.0,obs,893,31.1,20.71,10.98,S3,31.1,20.71,10.98,S3,31.1,20.71,6.81,S3,13.728,0,S3,site_s3,S3,S3,S3,223.0,0.0,0.0,582.2,1,1,1,,
1786353429.799,c2,recommend,,0.0,26.76,14.03,2.51,S3,0,,0,200.0,obs,1198,26.76,14.03,4.0,S3,26.76,14.03,4.0,S3,26.76,14.03,2.51,S3,13.728,0,S3,site_s3,S3,S3,S3,299.5,0.0,0.0,635.5,1,1,1,,
1786353430.799,c1,reserve,,0.0,26.34,13.67,1.54,S3,0,,0,36.0,obs,600,26.34,13.67,3.65,S3,26.34,13.67,3.65,S3,26.34,13.67,1.54,S3,13.367,0,S3,site_s3,S3,S3,S3,150.0,0.0,0.0,41.7,1,1,1,,
1786353430.799,c1,search,,0.0,31.1,20.71,6.63,S3,0,,0,4474.0,obs,893,31.1,20.71,10.98,S3,31.1,20.71,10.98,S3,31.1,20.71,6.63,S3,13.367,0,S3,site_s3,S3,S3,S3,223.5,0.0,0.0,265.2,1,1,1,,
1786353430.799,c1,recommend,,0.0,26.76,14.03,2.36,S3,0,,0,200.0,obs,1192,26.76,14.03,4.0,S3,26.76,14.03,4.0,S3,26.76,14.03,2.36,S3,13.367,0,S3,site_s3,S3,S3,S3,298.0,0.0,0.0,318.2,1,1,1,,
1786353430.799,c2,reserve,,0.0,26.34,13.67,1.54,S3,0,,0,36.0,obs,600,26.34,13.67,3.65,S3,26.34,13.67,3.65,S3,26.34,13.67,1.54,S3,13.367,0,S3,site_s3,S3,S3,S3,150.0,0.0,0.0,359.9,1,1,1,,
1786353430.799,c2,search,,0.0,31.1,20.71,6.63,S3,0,,0,4474.0,obs,893,31.1,20.71,10.98,S3,31.1,20.71,10.98,S3,31.1,20.71,6.63,S3,13.367,0,S3,site_s3,S3,S3,S3,223.0,0.0,0.0,582.9,1,1,1,,
1786353430.799,c2,recommend,,0.0,26.76,14.03,2.36,S3,0,,0,200.0,obs,1192,26.76,14.03,4.0,S3,26.76,14.03,4.0,S3,26.76,14.03,2.36,S3,13.367,0,S3,site_s3,S3,S3,S3,298.0,0.0,0.0,636.0,1,1,1,,
1786353431.799,c1,reserve,,0.0,26.34,13.67,1.56,S3,0,,0,36.0,obs,595,26.34,13.67,3.65,S3,26.34,13.67,3.65,S3,26.34,13.67,1.56,S3,13.702,0,S3,site_s3,S3,S3,S3,148.5,0.0,0.0,41.3,1,1,1,,
1786353431.799,c1,search,,0.0,31.1,20.71,6.39,S3,0,,0,4474.0,obs,894,31.1,20.71,10.98,S3,31.1,20.71,10.98,S3,31.1,20.71,6.39,S3,13.702,0,S3,site_s3,S3,S3,S3,223.5,0.0,0.0,264.8,1,1,1,,
1786353431.799,c1,recommend,,0.0,26.76,14.03,2.34,S3,0,,0,200.0,obs,1199,26.76,14.03,4.0,S3,26.76,14.03,4.0,S3,26.76,14.03,2.34,S3,13.702,0,S3,site_s3,S3,S3,S3,300.0,0.0,0.0,318.2,1,1,1,,
1786353431.799,c2,reserve,,0.0,26.34,13.67,1.56,S3,0,,0,36.0,obs,595,26.34,13.67,3.65,S3,26.34,13.67,3.65,S3,26.34,13.67,1.56,S3,13.702,0,S3,site_s3,S3,S3,S3,149.0,0.0,0.0,359.6,1,1,1,,
1786353431.799,c2,search,,0.0,31.1,20.71,6.39,S3,0,,0,4474.0,obs,894,31.1,20.71,10.98,S3,31.1,20.71,10.98,S3,31.1,20.71,6.39,S3,13.702,0,S3,site_s3,S3,S3,S3,223.5,0.0,0.0,583.1,1,1,1,,
1786353431.799,c2,recommend,,0.0,26.76,14.03,2.34,S3,0,,0,200.0,obs,1199,26.76,14.03,4.0,S3,26.76,14.03,4.0,S3,26.76,14.03,2.34,S3,13.702,0,S3,site_s3,S3,S3,S3,299.5,0.0,0.0,636.4,1,1,1,,
1786353432.799,c1,reserve,,0.0,26.34,13.67,1.92,S3,0,,0,36.0,obs,601,26.34,13.67,3.65,S3,26.34,13.67,3.65,S3,26.34,13.67,1.92,S3,13.614,0,S3,site_s3,S3,S3,S3,150.0,0.0,0.0,41.7,1,1,1,,
1786353432.799,c1,search,,0.0,31.1,20.71,6.73,S3,0,,0,4474.0,obs,893,31.1,20.71,10.98,S3,31.1,20.71,10.98,S3,31.1,20.71,6.73,S3,13.614,0,S3,site_s3,S3,S3,S3,223.5,0.0,0.0,265.2,1,1,1,,
1786353432.799,c1,recommend,,0.0,26.76,14.03,2.36,S3,0,,0,200.0,obs,1195,26.76,14.03,4.0,S3,26.76,14.03,4.0,S3,26.76,14.03,2.36,S3,13.614,0,S3,site_s3,S3,S3,S3,299.0,0.0,0.0,318.4,1,1,1,,
1786353432.799,c2,reserve,,0.0,26.34,13.67,1.92,S3,0,,0,36.0,obs,601,26.34,13.67,3.65,S3,26.34,13.67,3.65,S3,26.34,13.67,1.92,S3,13.614,0,S3,site_s3,S3,S3,S3,150.5,0.0,0.0,360.3,1,1,1,,
1786353432.799,c2,search,,0.0,31.1,20.71,6.73,S3,0,,0,4474.0,obs,893,31.1,20.71,10.98,S3,31.1,20.71,10.98,S3,31.1,20.71,6.73,S3,13.614,0,S3,site_s3,S3,S3,S3,223.0,0.0,0.0,583.3,1,1,1,,
1786353432.799,c2,recommend,,0.0,26.76,14.03,2.36,S3,0,,0,200.0,obs,1195,26.76,14.03,4.0,S3,26.76,14.03,4.0,S3,26.76,14.03,2.36,S3,13.614,0,S3,site_s3,S3,S3,S3,298.5,0.0,0.0,636.4,1,1,1,,
1786353433.799,c1,reserve,,0.0,26.34,13.67,1.94,S3,0,,0,36.0,obs,596,26.34,13.67,3.65,S3,26.34,13.67,3.65,S3,26.34,13.67,1.94,S3,13.566,0,S3,site_s3,S3,S3,S3,149.0,0.0,0.0,41.4,1,1,1,,
1786353433.799,c1,search,,0.0,31.1,20.71,6.74,S3,0,,0,4474.0,obs,896,31.1,20.71,10.98,S3,31.1,20.71,10.98,S3,31.1,20.71,6.74,S3,13.566,0,S3,site_s3,S3,S3,S3,224.0,0.0,0.0,265.4,1,1,1,,
1786353433.799,c1,recommend,,0.0,26.76,14.03,2.34,S3,0,,0,200.0,obs,1197,26.76,14.03,4.0,S3,26.76,14.03,4.0,S3,26.76,14.03,2.34,S3,13.566,0,S3,site_s3,S3,S3,S3,299.5,0.0,0.0,318.7,1,1,1,,
1786353433.799,c2,reserve,,0.0,26.34,13.67,1.94,S3,0,,0,36.0,obs,596,26.34,13.67,3.65,S3,26.34,13.67,3.65,S3,26.34,13.67,1.94,S3,13.566,0,S3,site_s3,S3,S3,S3,149.0,0.0,0.0,360.2,1,1,1,,
1786353433.799,c2,search,,0.0,31.1,20.71,6.74,S3,0,,0,4474.0,obs,896,31.1,20.71,10.98,S3,31.1,20.71,10.98,S3,31.1,20.71,6.74,S3,13.566,0,S3,site_s3,S3,S3,S3,224.0,0.0,0.0,584.2,1,1,1,,
1786353433.799,c2,recommend,,0.0,26.76,14.03,2.34,S3,0,,0,200.0,obs,1197,26.76,14.03,4.0,S3,26.76,14.03,4.0,S3,26.76,14.03,2.34,S3,13.566,0,S3,site_s3,S3,S3,S3,299.0,0.0,0.0,637.4,1,1,1,,
1786353434.808,c1,reserve,,0.0,26.34,13.67,1.91,S3,0,,0,36.0,obs,600,26.34,13.67,3.65,S3,26.34,13.67,3.65,S3,26.34,13.67,1.91,S3,22.491,0,S3,site_s3,S3,S3,S3,150.0,0.0,0.0,41.7,1,1,1,,
1786353434.808,c1,search,,0.0,31.1,20.71,6.71,S3,0,,0,4474.0,obs,894,31.1,20.71,10.98,S3,31.1,20.71,10.98,S3,31.1,20.71,6.71,S3,22.491,0,S3,site_s3,S3,S3,S3,223.5,0.0,0.0,265.2,1,1,1,,
1786353434.808,c1,recommend,,0.0,26.76,14.03,2.51,S3,0,,0,200.0,obs,1199,26.76,14.03,4.0,S3,26.76,14.03,4.0,S3,26.76,14.03,2.51,S3,22.491,0,S3,site_s3,S3,S3,S3,300.0,0.0,0.0,318.6,1,1,1,,
1786353434.808,c2,reserve,,0.0,26.34,13.67,1.91,S3,0,,0,36.0,obs,600,26.34,13.67,3.65,S3,26.34,13.67,3.65,S3,26.34,13.67,1.91,S3,22.491,0,S3,site_s3,S3,S3,S3,150.0,0.0,0.0,360.3,1,1,1,,
1786353434.808,c2,search,,0.0,31.1,20.71,6.71,S3,0,,0,4474.0,obs,894,31.1,20.71,10.98,S3,31.1,20.71,10.98,S3,31.1,20.71,6.71,S3,22.491,0,S3,site_s3,S3,S3,S3,223.0,0.0,0.0,583.3,1,1,1,,
1786353434.808,c2,recommend,,0.0,26.76,14.03,2.51,S3,0,,0,200.0,obs,1199,26.76,14.03,4.0,S3,26.76,14.03,4.0,S3,26.76,14.03,2.51,S3,22.491,0,S3,site_s3,S3,S3,S3,299.5,0.0,0.0,636.6,1,1,1,,
1786353435.799,c1,reserve,,0.0,26.34,13.67,1.7,S3,0,,0,36.0,obs,598,26.34,13.67,3.65,S3,26.34,13.67,3.65,S3,26.34,13.67,1.7,S3,13.065,0,S3,site_s3,S3,S3,S3,149.5,0.0,0.0,41.6,1,1,1,,
1786353435.799,c1,search,,0.0,31.1,20.71,6.43,S3,0,,0,4474.0,obs,898,31.1,20.71,10.98,S3,31.1,20.71,10.98,S3,31.1,20.71,6.43,S3,13.065,0,S3,site_s3,S3,S3,S3,224.5,0.0,0.0,266.1,1,1,1,,
1786353435.799,c1,recommend,,0.0,26.76,14.03,2.41,S3,0,,0,200.0,obs,1198,26.76,14.03,4.0,S3,26.76,14.03,4.0,S3,26.76,14.03,2.41,S3,13.065,0,S3,site_s3,S3,S3,S3,299.5,0.0,0.0,319.4,1,1,1,,
1786353435.799,c2,reserve,,0.0,26.34,13.67,1.7,S3,0,,0,36.0,obs,598,26.34,13.67,3.65,S3,26.34,13.67,3.65,S3,26.34,13.67,1.7,S3,13.065,0,S3,site_s3,S3,S3,S3,149.5,0.0,0.0,360.9,1,1,1,,
1786353435.799,c2,search,,0.0,31.1,20.71,6.43,S3,0,,0,4474.0,obs,898,31.1,20.71,10.98,S3,31.1,20.71,10.98,S3,31.1,20.71,6.43,S3,13.065,0,S3,site_s3,S3,S3,S3,224.5,0.0,0.0,585.4,1,1,1,,
1786353435.799,c2,recommend,,0.0,26.76,14.03,2.41,S3,0,,0,200.0,obs,1198,26.76,14.03,4.0,S3,26.76,14.03,4.0,S3,26.76,14.03,2.41,S3,13.065,0,S3,site_s3,S3,S3,S3,299.5,0.0,0.0,638.7,1,1,1,,
1786353436.799,c1,reserve,,0.0,26.34,13.67,1.69,S3,0,,0,36.0,obs,597,26.34,13.67,3.65,S3,26.34,13.67,3.65,S3,26.34,13.67,1.69,S3,13.601,0,S3,site_s3,S3,S3,S3,149.5,0.0,0.0,41.6,1,1,1,,
1786353436.799,c1,search,,0.0,31.1,20.71,6.4,S3,0,,0,4474.0,obs,895,31.1,20.71,10.98,S3,31.1,20.71,10.98,S3,31.1,20.71,6.4,S3,13.601,0,S3,site_s3,S3,S3,S3,223.5,0.0,0.0,265.1,1,1,1,,
1786353436.799,c1,recommend,,0.0,26.76,14.03,2.48,S3,0,,0,200.0,obs,1202,26.76,14.03,4.0,S3,26.76,14.03,4.0,S3,26.76,14.03,2.48,S3,13.601,0,S3,site_s3,S3,S3,S3,300.5,0.0,0.0,318.6,1,1,1,,
1786353436.799,c2,reserve,,0.0,26.34,13.67,1.69,S3,0,,0,36.0,obs,597,26.34,13.67,3.65,S3,26.34,13.67,3.65,S3,26.34,13.67,1.69,S3,13.601,0,S3,site_s3,S3,S3,S3,149.0,0.0,0.0,360.0,1,1,1,,
1786353436.799,c2,search,,0.0,31.1,20.71,6.4,S3,0,,0,4474.0,obs,895,31.1,20.71,10.98,S3,31.1,20.71,10.98,S3,31.1,20.71,6.4,S3,13.601,0,S3,site_s3,S3,S3,S3,224.0,0.0,0.0,584.0,1,1,1,,
1786353436.799,c2,recommend,,0.0,26.76,14.03,2.48,S3,0,,0,200.0,obs,1202,26.76,14.03,4.0,S3,26.76,14.03,4.0,S3,26.76,14.03,2.48,S3,13.601,0,S3,site_s3,S3,S3,S3,300.5,0.0,0.0,637.5,1,1,1,,
1786353437.799,c1,reserve,,0.0,26.34,13.67,1.28,S3,0,,0,36.0,obs,602,26.34,13.67,3.65,S3,26.34,13.67,3.65,S3,26.34,13.67,1.28,S3,13.463,0,S3,site_s3,S3,S3,S3,150.5,0.0,0.0,41.8,1,1,1,,
1786353437.799,c1,search,,0.0,31.1,20.71,6.34,S3,0,,0,4474.0,obs,897,31.1,20.71,10.98,S3,31.1,20.71,10.98,S3,31.1,20.71,6.34,S3,13.463,0,S3,site_s3,S3,S3,S3,224.5,0.0,0.0,266.3,1,1,1,,
1786353437.799,c1,recommend,,0.0,26.76,14.03,2.35,S3,0,,0,200.0,obs,1195,26.76,14.03,4.0,S3,26.76,14.03,4.0,S3,26.76,14.03,2.35,S3,13.463,0,S3,site_s3,S3,S3,S3,298.5,0.0,0.0,319.5,1,1,1,,
1786353437.799,c2,reserve,,0.0,26.34,13.67,1.28,S3,0,,0,36.0,obs,602,26.34,13.67,3.65,S3,26.34,13.67,3.65,S3,26.34,13.67,1.28,S3,13.463,0,S3,site_s3,S3,S3,S3,150.5,0.0,0.0,361.3,1,1,1,,
1786353437.799,c2,search,,0.0,31.1,20.71,6.34,S3,0,,0,4474.0,obs,897,31.1,20.71,10.98,S3,31.1,20.71,10.98,S3,31.1,20.71,6.34,S3,13.463,0,S3,site_s3,S3,S3,S3,224.0,0.0,0.0,585.3,1,1,1,,
1786353437.799,c2,recommend,,0.0,26.76,14.03,2.35,S3,0,,0,200.0,obs,1195,26.76,14.03,4.0,S3,26.76,14.03,4.0,S3,26.76,14.03,2.35,S3,13.463,0,S3,site_s3,S3,S3,S3,299.0,0.0,0.0,638.5,1,1,1,,
1786353438.799,c1,reserve,,0.0,26.34,13.67,1.39,S3,0,,0,36.0,obs,598,26.34,13.67,3.65,S3,26.34,13.67,3.65,S3,26.34,13.67,1.39,S3,13.664,0,S3,site_s3,S3,S3,S3,149.5,0.0,0.0,41.6,1,1,1,,
1786353438.799,c1,search,,0.0,31.1,20.71,6.35,S3,0,,0,4474.0,obs,898,31.1,20.71,10.98,S3,31.1,20.71,10.98,S3,31.1,20.71,6.35,S3,13.664,0,S3,site_s3,S3,S3,S3,224.5,0.0,0.0,266.1,1,1,1,,
1786353438.799,c1,recommend,,0.0,26.76,14.03,2.24,S3,0,,0,200.0,obs,1203,26.76,14.03,4.0,S3,26.76,14.03,4.0,S3,26.76,14.03,2.24,S3,13.664,0,S3,site_s3,S3,S3,S3,301.0,0.0,0.0,319.6,1,1,1,,
1786353438.799,c2,reserve,,0.0,26.34,13.67,1.39,S3,0,,0,36.0,obs,598,26.34,13.67,3.65,S3,26.34,13.67,3.65,S3,26.34,13.67,1.39,S3,13.664,0,S3,site_s3,S3,S3,S3,149.5,0.0,0.0,361.2,1,1,1,,
1786353438.799,c2,search,,0.0,31.1,20.71,6.35,S3,0,,0,4474.0,obs,898,31.1,20.71,10.98,S3,31.1,20.71,10.98,S3,31.1,20.71,6.35,S3,13.664,0,S3,site_s3,S3,S3,S3,224.5,0.0,0.0,585.7,1,1,1,,
1786353438.799,c2,recommend,,0.0,26.76,14.03,2.24,S3,0,,0,200.0,obs,1203,26.76,14.03,4.0,S3,26.76,14.03,4.0,S3,26.76,14.03,2.24,S3,13.664,0,S3,site_s3,S3,S3,S3,300.5,0.0,0.0,639.2,1,1,1,,
1786353439.799,c1,reserve,,0.0,26.34,13.67,1.59,S3,0,,0,36.0,obs,604,26.34,13.67,3.65,S3,26.34,13.67,3.65,S3,26.34,13.67,1.59,S3,13.562,0,S3,site_s3,S3,S3,S3,151.0,0.0,0.0,42.0,1,1,1,,
1786353439.799,c1,search,,0.0,31.1,20.71,6.82,S3,0,,0,4474.0,obs,896,31.1,20.71,10.98,S3,31.1,20.71,10.98,S3,31.1,20.71,6.82,S3,13.562,0,S3,site_s3,S3,S3,S3,224.0,0.0,0.0,266.0,1,1,1,,
1786353439.799,c1,recommend,,0.0,26.76,14.03,2.55,S3,0,,0,200.0,obs,1198,26.76,14.03,4.0,S3,26.76,14.03,4.0,S3,26.76,14.03,2.55,S3,13.562,0,S3,site_s3,S3,S3,S3,299.5,0.0,0.0,319.3,1,1,1,,
1786353439.799,c2,reserve,,0.0,26.34,13.67,1.59,S3,0,,0,36.0,obs,604,26.34,13.67,3.65,S3,26.34,13.67,3.65,S3,26.34,13.67,1.59,S3,13.562,0,S3,site_s3,S3,S3,S3,151.0,0.0,0.0,361.3,1,1,1,,
1786353439.799,c2,search,,0.0,31.1,20.71,6.82,S3,0,,0,4474.0,obs,896,31.1,20.71,10.98,S3,31.1,20.71,10.98,S3,31.1,20.71,6.82,S3,13.562,0,S3,site_s3,S3,S3,S3,224.0,0.0,0.0,585.3,1,1,1,,
1786353439.799,c2,recommend,,0.0,26.76,14.03,2.55,S3,0,,0,200.0,obs,1198,26.76,14.03,4.0,S3,26.76,14.03,4.0,S3,26.76,14.03,2.55,S3,13.562,0,S3,site_s3,S3,S3,S3,299.5,0.0,0.0,638.6,1,1,1,,
1786353440.799,c1,reserve,,0.0,26.34,13.67,1.46,S3,0,,0,36.0,obs,599,26.34,13.67,3.65,S3,26.34,13.67,3.65,S3,26.34,13.67,1.46,S3,13.507,0,S3,site_s3,S3,S3,S3,150.0,0.0,0.0,41.7,1,1,1,,
1786353440.799,c1,search,,0.0,31.1,20.71,6.69,S3,0,,0,4474.0,obs,901,31.1,20.71,10.98,S3,31.1,20.71,10.98,S3,31.1,20.71,6.69,S3,13.507,0,S3,site_s3,S3,S3,S3,225.5,0.0,0.0,267.2,1,1,1,,
1786353440.799,c1,recommend,,0.0,26.76,14.03,2.57,S3,0,,0,200.0,obs,1201,26.76,14.03,4.0,S3,26.76,14.03,4.0,S3,26.76,14.03,2.57,S3,13.507,0,S3,site_s3,S3,S3,S3,300.0,0.0,0.0,320.6,1,1,1,,
1786353440.799,c2,reserve,,0.0,26.34,13.67,1.46,S3,0,,0,36.0,obs,599,26.34,13.67,3.65,S3,26.34,13.67,3.65,S3,26.34,13.67,1.46,S3,13.507,0,S3,site_s3,S3,S3,S3,149.5,0.0,0.0,362.2,1,1,1,,
1786353440.799,c2,search,,0.0,31.1,20.71,6.69,S3,0,,0,4474.0,obs,901,31.1,20.71,10.98,S3,31.1,20.71,10.98,S3,31.1,20.71,6.69,S3,13.507,0,S3,site_s3,S3,S3,S3,225.0,0.0,0.0,587.2,1,1,1,,
1786353440.799,c2,recommend,,0.0,26.76,14.03,2.57,S3,0,,0,200.0,obs,1201,26.76,14.03,4.0,S3,26.76,14.03,4.0,S3,26.76,14.03,2.57,S3,13.507,0,S3,site_s3,S3,S3,S3,300.5,0.0,0.0,640.6,1,1,1,,
1786353441.799,c1,reserve,,0.0,26.34,13.67,1.55,S3,0,,0,36.0,obs,602,26.34,13.67,3.65,S3,26.34,13.67,3.65,S3,26.34,13.67,1.55,S3,13.456,0,S3,site_s3,S3,S3,S3,150.5,0.0,0.0,41.8,1,1,1,,
1786353441.799,c1,search,,0.0,31.1,20.71,6.45,S3,0,,0,4474.0,obs,897,31.1,20.71,10.98,S3,31.1,20.71,10.98,S3,31.1,20.71,6.45,S3,13.456,0,S3,site_s3,S3,S3,S3,224.5,0.0,0.0,266.3,1,1,1,,
1786353441.799,c1,recommend,,0.0,26.76,14.03,2.43,S3,0,,0,200.0,obs,1201,26.76,14.03,4.0,S3,26.76,14.03,4.0,S3,26.76,14.03,2.43,S3,13.456,0,S3,site_s3,S3,S3,S3,300.0,0.0,0.0,319.7,1,1,1,,
1786353441.799,c2,reserve,,0.0,26.34,13.67,1.55,S3,0,,0,36.0,obs,602,26.34,13.67,3.65,S3,26.34,13.67,3.65,S3,26.34,13.67,1.55,S3,13.456,0,S3,site_s3,S3,S3,S3,150.5,0.0,0.0,361.6,1,1,1,,
1786353441.799,c2,search,,0.0,31.1,20.71,6.45,S3,0,,0,4474.0,obs,897,31.1,20.71,10.98,S3,31.1,20.71,10.98,S3,31.1,20.71,6.45,S3,13.456,0,S3,site_s3,S3,S3,S3,224.0,0.0,0.0,585.6,1,1,1,,
1786353441.799,c2,recommend,,0.0,26.76,14.03,2.43,S3,0,,0,200.0,obs,1201,26.76,14.03,4.0,S3,26.76,14.03,4.0,S3,26.76,14.03,2.43,S3,13.456,0,S3,site_s3,S3,S3,S3,300.5,0.0,0.0,639.1,1,1,1,,
1786353442.798,c1,reserve,,0.0,26.34,13.67,1.64,S3,0,,0,36.0,obs,601,26.34,13.67,3.65,S3,26.34,13.67,3.65,S3,26.34,13.67,1.64,S3,12.497,0,S3,site_s3,S3,S3,S3,150.5,0.0,0.0,41.8,1,1,1,,
1786353442.798,c1,search,,0.0,31.1,20.71,6.39,S3,0,,0,4474.0,obs,902,31.1,20.71,10.98,S3,31.1,20.71,10.98,S3,31.1,20.71,6.39,S3,12.497,0,S3,site_s3,S3,S3,S3,225.5,0.0,0.0,267.3,1,1,1,,
1786353442.798,c1,recommend,,0.0,26.76,14.03,2.34,S3,0,,0,200.0,obs,1199,26.76,14.03,4.0,S3,26.76,14.03,4.0,S3,26.76,14.03,2.34,S3,12.497,0,S3,site_s3,S3,S3,S3,299.5,0.0,0.0,320.6,1,1,1,,
1786353442.798,c2,reserve,,0.0,26.34,13.67,1.64,S3,0,,0,36.0,obs,601,26.34,13.67,3.65,S3,26.34,13.67,3.65,S3,26.34,13.67,1.64,S3,12.497,0,S3,site_s3,S3,S3,S3,150.0,0.0,0.0,362.3,1,1,1,,
1786353442.798,c2,search,,0.0,31.1,20.71,6.39,S3,0,,0,4474.0,obs,902,31.1,20.71,10.98,S3,31.1,20.71,10.98,S3,31.1,20.71,6.39,S3,12.497,0,S3,site_s3,S3,S3,S3,225.5,0.0,0.0,587.8,1,1,1,,
1786353442.798,c2,recommend,,0.0,26.76,14.03,2.34,S3,0,,0,200.0,obs,1199,26.76,14.03,4.0,S3,26.76,14.03,4.0,S3,26.76,14.03,2.34,S3,12.497,0,S3,site_s3,S3,S3,S3,300.0,0.0,0.0,641.2,1,1,1,,
1786353443.798,c1,reserve,,0.0,26.34,13.67,1.51,S3,0,,0,36.0,obs,601,26.34,13.67,3.65,S3,26.34,13.67,3.65,S3,26.34,13.67,1.51,S3,12.481,0,S3,site_s3,S3,S3,S3,150.5,0.0,0.0,41.8,1,1,1,,
1786353443.798,c1,search,,0.0,31.1,20.71,6.4,S3,0,,0,4474.0,obs,898,31.1,20.71,10.98,S3,31.1,20.71,10.98,S3,31.1,20.71,6.4,S3,12.481,0,S3,site_s3,S3,S3,S3,224.5,0.0,0.0,266.3,1,1,1,,
1786353443.798,c1,recommend,,0.0,26.76,14.03,2.33,S3,0,,0,200.0,obs,1202,26.76,14.03,4.0,S3,26.76,14.03,4.0,S3,26.76,14.03,2.33,S3,12.481,0,S3,site_s3,S3,S3,S3,300.5,0.0,0.0,319.8,1,1,1,,
1786353443.798,c2,reserve,,0.0,26.34,13.67,1.51,S3,0,,0,36.0,obs,601,26.34,13.67,3.65,S3,26.34,13.67,3.65,S3,26.34,13.67,1.51,S3,12.481,0,S3,site_s3,S3,S3,S3,150.0,0.0,0.0,361.5,1,1,1,,
1786353443.798,c2,search,,0.0,31.1,20.71,6.4,S3,0,,0,4474.0,obs,898,31.1,20.71,10.98,S3,31.1,20.71,10.98,S3,31.1,20.71,6.4,S3,12.481,0,S3,site_s3,S3,S3,S3,224.5,0.0,0.0,586.0,1,1,1,,
1786353443.798,c2,recommend,,0.0,26.76,14.03,2.33,S3,0,,0,200.0,obs,1202,26.76,14.03,4.0,S3,26.76,14.03,4.0,S3,26.76,14.03,2.33,S3,12.481,0,S3,site_s3,S3,S3,S3,300.5,0.0,0.0,639.5,1,1,1,,
1786353444.799,c1,reserve,,0.0,26.34,13.67,1.59,S3,0,,0,36.0,obs,603,26.34,13.67,3.65,S3,26.34,13.67,3.65,S3,26.34,13.67,1.59,S3,13.368,0,S3,site_s3,S3,S3,S3,151.0,0.0,0.0,42.0,1,1,1,,
1786353444.799,c1,search,,0.0,31.1,20.71,6.81,S3,0,,0,4474.0,obs,901,31.1,20.71,10.98,S3,31.1,20.71,10.98,S3,31.1,20.71,6.81,S3,13.368,0,S3,site_s3,S3,S3,S3,225.5,0.0,0.0,267.5,1,1,1,,
1786353444.799,c1,recommend,,0.0,26.76,14.03,2.5,S3,0,,0,200.0,obs,1199,26.76,14.03,4.0,S3,26.76,14.03,4.0,S3,26.76,14.03,2.5,S3,13.368,0,S3,site_s3,S3,S3,S3,299.5,0.0,0.0,320.8,1,1,1,,
1786353444.799,c2,reserve,,0.0,26.34,13.67,1.59,S3,0,,0,36.0,obs,603,26.34,13.67,3.65,S3,26.34,13.67,3.65,S3,26.34,13.67,1.59,S3,13.368,0,S3,site_s3,S3,S3,S3,150.5,0.0,0.0,362.6,1,1,1,,
1786353444.799,c2,search,,0.0,31.1,20.71,6.81,S3,0,,0,4474.0,obs,901,31.1,20.71,10.98,S3,31.1,20.71,10.98,S3,31.1,20.71,6.81,S3,13.368,0,S3,site_s3,S3,S3,S3,225.0,0.0,0.0,587.6,1,1,1,,
1786353444.799,c2,recommend,,0.0,26.76,14.03,2.5,S3,0,,0,200.0,obs,1199,26.76,14.03,4.0,S3,26.76,14.03,4.0,S3,26.76,14.03,2.5,S3,13.368,0,S3,site_s3,S3,S3,S3,300.0,0.0,0.0,641.0,1,1,1,,
1786353445.799,c1,reserve,,0.0,26.34,13.67,1.66,S3,0,,0,36.0,obs,598,26.34,13.67,3.65,S3,26.34,13.67,3.65,S3,26.34,13.67,1.66,S3,13.523,0,S3,site_s3,S3,S3,S3,149.5,0.0,0.0,41.6,1,1,1,,
1786353445.799,c1,search,,0.0,31.1,20.71,6.49,S3,0,,0,4474.0,obs,902,31.1,20.71,10.98,S3,31.1,20.71,10.98,S3,31.1,20.71,6.49,S3,13.523,0,S3,site_s3,S3,S3,S3,225.5,0.0,0.0,267.1,1,1,1,,
1786353445.799,c1,recommend,,0.0,26.76,14.03,2.43,S3,0,,0,200.0,obs,1207,26.76,14.03,4.0,S3,26.76,14.03,4.0,S3,26.76,14.03,2.43,S3,13.523,0,S3,site_s3,S3,S3,S3,301.5,0.0,0.0,320.7,1,1,1,,
1786353445.799,c2,reserve,,0.0,26.34,13.67,1.66,S3,0,,0,36.0,obs,598,26.34,13.67,3.65,S3,26.34,13.67,3.65,S3,26.34,13.67,1.66,S3,13.523,0,S3,site_s3,S3,S3,S3,149.5,0.0,0.0,362.3,1,1,1,,
1786353445.799,c2,search,,0.0,31.1,20.71,6.49,S3,0,,0,4474.0,obs,902,31.1,20.71,10.98,S3,31.1,20.71,10.98,S3,31.1,20.71,6.49,S3,13.523,0,S3,site_s3,S3,S3,S3,225.5,0.0,0.0,587.8,1,1,1,,
1786353445.799,c2,recommend,,0.0,26.76,14.03,2.43,S3,0,,0,200.0,obs,1207,26.76,14.03,4.0,S3,26.76,14.03,4.0,S3,26.76,14.03,2.43,S3,13.523,0,S3,site_s3,S3,S3,S3,302.0,0.0,0.0,641.5,1,1,1,,
1786353446.799,c1,reserve,,0.0,26.34,13.67,0.88,S3,0,,0,36.0,obs,605,26.34,13.67,3.65,S3,26.34,13.67,3.65,S3,26.34,13.67,0.88,S3,13.553,0,S3,site_s3,S3,S3,S3,151.0,0.0,0.0,42.0,1,1,1,,
1786353446.799,c1,search,,0.0,31.1,20.71,5.08,S3,0,,0,4474.0,obs,898,31.1,20.71,10.98,S3,31.1,20.71,10.98,S3,31.1,20.71,5.08,S3,13.553,0,S3,site_s3,S3,S3,S3,224.5,0.0,0.0,266.5,1,1,1,,
1786353446.799,c1,recommend,,0.0,26.76,14.03,1.7,S3,0,,0,200.0,obs,1202,26.76,14.03,4.0,S3,26.76,14.03,4.0,S3,26.76,14.03,1.7,S3,13.553,0,S3,site_s3,S3,S3,S3,300.5,0.0,0.0,320.0,1,1,1,,
1786353446.799,c2,reserve,,0.0,26.34,13.67,0.88,S3,0,,0,36.0,obs,605,26.34,13.67,3.65,S3,26.34,13.67,3.65,S3,26.34,13.67,0.88,S3,13.553,0,S3,site_s3,S3,S3,S3,151.5,0.0,0.0,362.1,1,1,1,,
1786353446.799,c2,search,,0.0,31.1,20.71,5.08,S3,0,,0,4474.0,obs,898,31.1,20.71,10.98,S3,31.1,20.71,10.98,S3,31.1,20.71,5.08,S3,13.553,0,S3,site_s3,S3,S3,S3,224.5,0.0,0.0,586.6,1,1,1,,
1786353446.799,c2,recommend,,0.0,26.76,14.03,1.7,S3,0,,0,200.0,obs,1202,26.76,14.03,4.0,S3,26.76,14.03,4.0,S3,26.76,14.03,1.7,S3,13.553,0,S3,site_s3,S3,S3,S3,300.5,0.0,0.0,640.1,1,1,1,,
1786353447.799,c1,reserve,,0.0,26.34,13.67,0.69,S3,0,,0,36.0,obs,600,26.34,13.67,3.65,S3,26.34,13.67,3.65,S3,26.34,13.67,0.69,S3,13.545,0,S3,site_s3,S3,S3,S3,150.0,0.0,0.0,41.7,1,1,1,,
1786353447.799,c1,search,,0.0,31.1,20.71,4.89,S3,0,,0,4474.0,obs,905,31.1,20.71,10.98,S3,31.1,20.71,10.98,S3,31.1,20.71,4.89,S3,13.545,0,S3,site_s3,S3,S3,S3,226.5,0.0,0.0,268.2,1,1,1,,
1786353447.799,c1,recommend,,0.0,26.76,14.03,1.76,S3,0,,0,200.0,obs,1207,26.76,14.03,4.0,S3,26.76,14.03,4.0,S3,26.76,14.03,1.76,S3,13.545,0,S3,site_s3,S3,S3,S3,302.0,0.0,0.0,322.0,1,1,1,,
1786353447.799,c2,reserve,,0.0,26.34,13.67,0.69,S3,0,,0,36.0,obs,600,26.34,13.67,3.65,S3,26.34,13.67,3.65,S3,26.34,13.67,0.69,S3,13.545,0,S3,site_s3,S3,S3,S3,150.0,0.0,0.0,363.7,1,1,1,,
1786353447.799,c2,search,,0.0,31.1,20.71,4.89,S3,0,,0,4474.0,obs,905,31.1,20.71,10.98,S3,31.1,20.71,10.98,S3,31.1,20.71,4.89,S3,13.545,0,S3,site_s3,S3,S3,S3,226.0,0.0,0.0,589.7,1,1,1,,
1786353447.799,c2,recommend,,0.0,26.76,14.03,1.76,S3,0,,0,200.0,obs,1207,26.76,14.03,4.0,S3,26.76,14.03,4.0,S3,26.76,14.03,1.76,S3,13.545,0,S3,site_s3,S3,S3,S3,301.5,0.0,0.0,643.3,1,1,1,,
1786353448.799,c1,reserve,,0.0,26.34,13.67,1.44,S3,0,,0,36.0,obs,604,26.34,13.67,3.65,S3,26.34,13.67,3.65,S3,26.34,13.67,1.44,S3,13.214,0,S3,site_s3,S3,S3,S3,151.0,0.0,0.0,42.0,1,1,1,,
1786353448.799,c1,search,,0.0,31.1,20.71,6.32,S3,0,,0,4474.0,obs,902,31.1,20.71,10.98,S3,31.1,20.71,10.98,S3,31.1,20.71,6.32,S3,13.214,0,S3,site_s3,S3,S3,S3,225.5,0.0,0.0,267.5,1,1,1,,
1786353448.799,c1,recommend,,0.0,26.76,14.03,2.38,S3,0,,0,200.0,obs,1206,26.76,14.03,4.0,S3,26.76,14.03,4.0,S3,26.76,14.03,2.38,S3,13.214,0,S3,site_s3,S3,S3,S3,301.5,0.0,0.0,321.1,1,1,1,,
1786353448.799,c2,reserve,,0.0,26.34,13.67,1.44,S3,0,,0,36.0,obs,604,26.34,13.67,3.65,S3,26.34,13.67,3.65,S3,26.34,13.67,1.44,S3,13.214,0,S3,site_s3,S3,S3,S3,151.0,0.0,0.0,363.1,1,1,1,,
1786353448.799,c2,search,,0.0,31.1,20.71,6.32,S3,0,,0,4474.0,obs,902,31.1,20.71,10.98,S3,31.1,20.71,10.98,S3,31.1,20.71,6.32,S3,13.214,0,S3,site_s3,S3,S3,S3,225.5,0.0,0.0,588.6,1,1,1,,
1786353448.799,c2,recommend,,0.0,26.76,14.03,2.38,S3,0,,0,200.0,obs,1206,26.76,14.03,4.0,S3,26.76,14.03,4.0,S3,26.76,14.03,2.38,S3,13.214,0,S3,site_s3,S3,S3,S3,301.5,0.0,0.0,642.3,1,1,1,,
1786353449.798,c1,reserve,,0.0,26.34,13.67,1.69,S3,0,,0,36.0,obs,602,26.34,13.67,3.65,S3,26.34,13.67,3.65,S3,26.34,13.67,1.69,S3,12.509,0,S3,site_s3,S3,S3,S3,150.5,0.0,0.0,41.8,1,1,1,,
1786353449.798,c1,search,,0.0,31.1,20.71,6.43,S3,0,,0,4474.0,obs,904,31.1,20.71,10.98,S3,31.1,20.71,10.98,S3,31.1,20.71,6.43,S3,12.509,0,S3,site_s3,S3,S3,S3,226.0,0.0,0.0,267.8,1,1,1,,
1786353449.798,c1,recommend,,0.0,26.76,14.03,2.43,S3,0,,0,200.0,obs,1205,26.76,14.03,4.0,S3,26.76,14.03,4.0,S3,26.76,14.03,2.43,S3,12.509,0,S3,site_s3,S3,S3,S3,301.5,0.0,0.0,321.5,1,1,1,,
1786353449.798,c2,reserve,,0.0,26.34,13.67,1.69,S3,0,,0,36.0,obs,602,26.34,13.67,3.65,S3,26.34,13.67,3.65,S3,26.34,13.67,1.69,S3,12.509,0,S3,site_s3,S3,S3,S3,150.5,0.0,0.0,363.3,1,1,1,,
1786353449.798,c2,search,,0.0,31.1,20.71,6.43,S3,0,,0,4474.0,obs,904,31.1,20.71,10.98,S3,31.1,20.71,10.98,S3,31.1,20.71,6.43,S3,12.509,0,S3,site_s3,S3,S3,S3,226.0,0.0,0.0,589.3,1,1,1,,
1786353449.798,c2,recommend,,0.0,26.76,14.03,2.43,S3,0,,0,200.0,obs,1205,26.76,14.03,4.0,S3,26.76,14.03,4.0,S3,26.76,14.03,2.43,S3,12.509,0,S3,site_s3,S3,S3,S3,301.0,0.0,0.0,642.9,1,1,1,,
1786353450.799,c1,reserve,,0.0,26.34,13.67,1.71,S3,0,,0,36.0,obs,602,26.34,13.67,3.65,S3,26.34,13.67,3.65,S3,26.34,13.67,1.71,S3,13.376,0,S3,site_s3,S3,S3,S3,150.5,0.0,0.0,41.8,1,1,1,,
1786353450.799,c1,search,,0.0,31.1,20.71,6.08,S3,0,,0,4474.0,obs,902,31.1,20.71,10.98,S3,31.1,20.71,10.98,S3,31.1,20.71,6.08,S3,13.376,0,S3,site_s3,S3,S3,S3,225.5,0.0,0.0,267.3,1,1,1,,
1786353450.799,c1,recommend,,0.0,26.76,14.03,2.33,S3,0,,0,200.0,obs,1211,26.76,14.03,4.0,S3,26.76,14.03,4.0,S3,26.76,14.03,2.33,S3,13.376,0,S3,site_s3,S3,S3,S3,302.5,0.0,0.0,321.2,1,1,1,,
1786353450.799,c2,reserve,,0.0,26.34,13.67,1.71,S3,0,,0,36.0,obs,602,26.34,13.67,3.65,S3,26.34,13.67,3.65,S3,26.34,13.67,1.71,S3,13.376,0,S3,site_s3,S3,S3,S3,150.5,0.0,0.0,363.0,1,1,1,,
1786353450.799,c2,search,,0.0,31.1,20.71,6.08,S3,0,,0,4474.0,obs,902,31.1,20.71,10.98,S3,31.1,20.71,10.98,S3,31.1,20.71,6.08,S3,13.376,0,S3,site_s3,S3,S3,S3,225.5,0.0,0.0,588.5,1,1,1,,
1786353450.799,c2,recommend,,0.0,26.76,14.03,2.33,S3,0,,0,200.0,obs,1211,26.76,14.03,4.0,S3,26.76,14.03,4.0,S3,26.76,14.03,2.33,S3,13.376,0,S3,site_s3,S3,S3,S3,303.0,0.0,0.0,642.5,1,1,1,,
1786353451.798,c1,reserve,,0.0,26.34,13.67,1.82,S3,0,,0,36.0,obs,605,26.34,13.67,3.65,S3,26.34,13.67,3.65,S3,26.34,13.67,1.82,S3,12.483,0,S3,site_s3,S3,S3,S3,151.0,0.0,0.0,42.0,1,1,1,,
1786353451.798,c1,search,,0.0,31.1,20.71,6.08,S3,0,,0,4474.0,obs,907,31.1,20.71,10.98,S3,31.1,20.71,10.98,S3,31.1,20.71,6.08,S3,12.483,0,S3,site_s3,S3,S3,S3,226.5,0.0,0.0,268.5,1,1,1,,
1786353451.798,c1,recommend,,0.0,26.76,14.03,2.32,S3,0,,0,200.0,obs,1207,26.76,14.03,4.0,S3,26.76,14.03,4.0,S3,26.76,14.03,2.32,S3,12.483,0,S3,site_s3,S3,S3,S3,302.0,0.0,0.0,322.2,1,1,1,,
1786353451.798,c2,reserve,,0.0,26.34,13.67,1.82,S3,0,,0,36.0,obs,605,26.34,13.67,3.65,S3,26.34,13.67,3.65,S3,26.34,13.67,1.82,S3,12.483,0,S3,site_s3,S3,S3,S3,151.5,0.0,0.0,364.4,1,1,1,,
1786353451.798,c2,search,,0.0,31.1,20.71,6.08,S3,0,,0,4474.0,obs,907,31.1,20.71,10.98,S3,31.1,20.71,10.98,S3,31.1,20.71,6.08,S3,12.483,0,S3,site_s3,S3,S3,S3,227.0,0.0,0.0,591.4,1,1,1,,
1786353451.798,c2,recommend,,0.0,26.76,14.03,2.32,S3,0,,0,200.0,obs,1207,26.76,14.03,4.0,S3,26.76,14.03,4.0,S3,26.76,14.03,2.32,S3,12.483,0,S3,site_s3,S3,S3,S3,301.5,0.0,0.0,645.0,1,1,1,,
1786353452.799,c1,reserve,,0.0,26.34,13.67,1.76,S3,0,,0,36.0,obs,601,26.34,13.67,3.65,S3,26.34,13.67,3.65,S3,26.34,13.67,1.76,S3,13.482,0,S3,site_s3,S3,S3,S3,150.0,0.0,0.0,41.7,1,1,1,,
1786353452.799,c1,search,,0.0,31.1,20.71,6.46,S3,0,,0,4474.0,obs,907,31.1,20.71,10.98,S3,31.1,20.71,10.98,S3,31.1,20.71,6.46,S3,13.482,0,S3,site_s3,S3,S3,S3,227.0,0.0,0.0,268.7,1,1,1,,
1786353452.799,c1,recommend,,0.0,26.76,14.03,2.26,S3,0,,0,200.0,obs,1213,26.76,14.03,4.0,S3,26.76,14.03,4.0,S3,26.76,14.03,2.26,S3,13.482,0,S3,site_s3,S3,S3,S3,303.5,0.0,0.0,322.7,1,1,1,,
1786353452.799,c2,reserve,,0.0,26.34,13.67,1.76,S3,0,,0,36.0,obs,601,26.34,13.67,3.65,S3,26.34,13.67,3.65,S3,26.34,13.67,1.76,S3,13.482,0,S3,site_s3,S3,S3,S3,150.5,0.0,0.0,364.6,1,1,1,,
1786353452.799,c2,search,,0.0,31.1,20.71,6.46,S3,0,,0,4474.0,obs,907,31.1,20.71,10.98,S3,31.1,20.71,10.98,S3,31.1,20.71,6.46,S3,13.482,0,S3,site_s3,S3,S3,S3,226.5,0.0,0.0,591.1,1,1,1,,
1786353452.799,c2,recommend,,0.0,26.76,14.03,2.26,S3,0,,0,200.0,obs,1213,26.76,14.03,4.0,S3,26.76,14.03,4.0,S3,26.76,14.03,2.26,S3,13.482,0,S3,site_s3,S3,S3,S3,303.0,0.0,0.0,645.0,1,1,1,,
1786353453.799,c1,reserve,,0.0,26.34,13.67,1.52,S3,0,,0,36.0,obs,607,26.34,13.67,3.65,S3,26.34,13.67,3.65,S3,26.34,13.67,1.52,S3,13.437,0,S3,site_s3,S3,S3,S3,152.0,0.0,0.0,42.3,1,1,1,,
1786353453.799,c1,search,,0.0,31.1,20.71,6.67,S3,0,,0,4474.0,obs,905,31.1,20.71,10.98,S3,31.1,20.71,10.98,S3,31.1,20.71,6.67,S3,13.437,0,S3,site_s3,S3,S3,S3,226.0,0.0,0.0,268.3,1,1,1,,
1786353453.799,c1,recommend,,0.0,26.76,14.03,2.16,S3,0,,0,200.0,obs,1206,26.76,14.03,4.0,S3,26.76,14.03,4.0,S3,26.76,14.03,2.16,S3,13.437,0,S3,site_s3,S3,S3,S3,301.5,0.0,0.0,321.9,1,1,1,,
1786353453.799,c2,reserve,,0.0,26.34,13.67,1.52,S3,0,,0,36.0,obs,607,26.34,13.67,3.65,S3,26.34,13.67,3.65,S3,26.34,13.67,1.52,S3,13.437,0,S3,site_s3,S3,S3,S3,151.5,0.0,0.0,364.0,1,1,1,,
1786353453.799,c2,search,,0.0,31.1,20.71,6.67,S3,0,,0,4474.0,obs,905,31.1,20.71,10.98,S3,31.1,20.71,10.98,S3,31.1,20.71,6.67,S3,13.437,0,S3,site_s3,S3,S3,S3,226.5,0.0,0.0,590.5,1,1,1,,
1786353453.799,c2,recommend,,0.0,26.76,14.03,2.16,S3,0,,0,200.0,obs,1206,26.76,14.03,4.0,S3,26.76,14.03,4.0,S3,26.76,14.03,2.16,S3,13.437,0,S3,site_s3,S3,S3,S3,301.5,0.0,0.0,644.2,1,1,1,,
1786353454.799,c1,reserve,,0.0,26.34,13.67,1.75,S3,0,,0,36.0,obs,603,26.34,13.67,3.65,S3,26.34,13.67,3.65,S3,26.34,13.67,1.75,S3,13.352,0,S3,site_s3,S3,S3,S3,151.0,0.0,0.0,42.0,1,1,1,,
1786353454.799,c1,search,,0.0,31.1,20.71,6.84,S3,0,,0,4474.0,obs,908,31.1,20.71,10.98,S3,31.1,20.71,10.98,S3,31.1,20.71,6.84,S3,13.352,0,S3,site_s3,S3,S3,S3,227.0,0.0,0.0,269.0,1,1,1,,
1786353454.799,c1,recommend,,0.0,26.76,14.03,2.44,S3,0,,0,200.0,obs,1211,26.76,14.03,4.0,S3,26.76,14.03,4.0,S3,26.76,14.03,2.44,S3,13.352,0,S3,site_s3,S3,S3,S3,302.5,0.0,0.0,322.8,1,1,1,,
1786353454.799,c2,reserve,,0.0,26.34,13.67,1.75,S3,0,,0,36.0,obs,603,26.34,13.67,3.65,S3,26.34,13.67,3.65,S3,26.34,13.67,1.75,S3,13.352,0,S3,site_s3,S3,S3,S3,150.5,0.0,0.0,364.7,1,1,1,,
1786353454.799,c2,search,,0.0,31.1,20.71,6.84,S3,0,,0,4474.0,obs,908,31.1,20.71,10.98,S3,31.1,20.71,10.98,S3,31.1,20.71,6.84,S3,13.352,0,S3,site_s3,S3,S3,S3,227.0,0.0,0.0,591.7,1,1,1,,
1786353454.799,c2,recommend,,0.0,26.76,14.03,2.44,S3,0,,0,200.0,obs,1211,26.76,14.03,4.0,S3,26.76,14.03,4.0,S3,26.76,14.03,2.44,S3,13.352,0,S3,site_s3,S3,S3,S3,303.0,0.0,0.0,645.6,1,1,1,,
1786353455.799,c1,reserve,,0.0,26.34,13.67,1.77,S3,0,,0,36.0,obs,608,26.34,13.67,3.65,S3,26.34,13.67,3.65,S3,26.34,13.67,1.77,S3,13.594,0,S3,site_s3,S3,S3,S3,152.0,0.0,0.0,42.3,1,1,1,,
1786353455.799,c1,search,,0.0,31.1,20.71,6.72,S3,0,,0,4474.0,obs,905,31.1,20.71,10.98,S3,31.1,20.71,10.98,S3,31.1,20.71,6.72,S3,13.594,0,S3,site_s3,S3,S3,S3,226.0,0.0,0.0,268.3,1,1,1,,
1786353455.799,c1,recommend,,0.0,26.76,14.03,2.57,S3,0,,0,200.0,obs,1213,26.76,14.03,4.0,S3,26.76,14.03,4.0,S3,26.76,14.03,2.57,S3,13.594,0,S3,site_s3,S3,S3,S3,303.5,0.0,0.0,322.3,1,1,1,,
1786353455.799,c2,reserve,,0.0,26.34,13.67,1.77,S3,0,,0,36.0,obs,608,26.34,13.67,3.65,S3,26.34,13.67,3.65,S3,26.34,13.67,1.77,S3,13.594,0,S3,site_s3,S3,S3,S3,152.0,0.0,0.0,364.5,1,1,1,,
1786353455.799,c2,search,,0.0,31.1,20.71,6.72,S3,0,,0,4474.0,obs,905,31.1,20.71,10.98,S3,31.1,20.71,10.98,S3,31.1,20.71,6.72,S3,13.594,0,S3,site_s3,S3,S3,S3,226.5,0.0,0.0,591.0,1,1,1,,
1786353455.799,c2,recommend,,0.0,26.76,14.03,2.57,S3,0,,0,200.0,obs,1213,26.76,14.03,4.0,S3,26.76,14.03,4.0,S3,26.76,14.03,2.57,S3,13.594,0,S3,site_s3,S3,S3,S3,303.0,0.0,0.0,645.0,1,1,1,,
1786353456.799,c1,reserve,,0.0,26.34,13.67,1.68,S3,0,,0,36.0,obs,605,26.34,13.67,3.65,S3,26.34,13.67,3.65,S3,26.34,13.67,1.68,S3,13.449,0,S3,site_s3,S3,S3,S3,151.5,0.0,0.0,42.1,1,1,1,,
1786353456.799,c1,search,,0.0,31.1,20.71,6.52,S3,0,,0,4474.0,obs,909,31.1,20.71,10.98,S3,31.1,20.71,10.98,S3,31.1,20.71,6.52,S3,13.449,0,S3,site_s3,S3,S3,S3,227.0,0.0,0.0,269.1,1,1,1,,
1786353456.799,c1,recommend,,0.0,26.76,14.03,2.56,S3,0,,0,200.0,obs,1212,26.76,14.03,4.0,S3,26.76,14.03,4.0,S3,26.76,14.03,2.56,S3,13.449,0,S3,site_s3,S3,S3,S3,303.0,0.0,0.0,323.1,1,1,1,,
1786353456.799,c2,reserve,,0.0,26.34,13.67,1.68,S3,0,,0,36.0,obs,605,26.34,13.67,3.65,S3,26.34,13.67,3.65,S3,26.34,13.67,1.68,S3,13.449,0,S3,site_s3,S3,S3,S3,151.0,0.0,0.0,365.0,1,1,1,,
1786353456.799,c2,search,,0.0,31.1,20.71,6.52,S3,0,,0,4474.0,obs,909,31.1,20.71,10.98,S3,31.1,20.71,10.98,S3,31.1,20.71,6.52,S3,13.449,0,S3,site_s3,S3,S3,S3,227.5,0.0,0.0,592.5,1,1,1,,
1786353456.799,c2,recommend,,0.0,26.76,14.03,2.56,S3,0,,0,200.0,obs,1212,26.76,14.03,4.0,S3,26.76,14.03,4.0,S3,26.76,14.03,2.56,S3,13.449,0,S3,site_s3,S3,S3,S3,303.0,0.0,0.0,646.5,1,1,1,,
1786353457.799,c1,reserve,,0.0,26.34,13.67,1.28,S3,0,,0,36.0,obs,607,26.34,13.67,3.65,S3,26.34,13.67,3.65,S3,26.34,13.67,1.28,S3,13.468,0,S3,site_s3,S3,S3,S3,152.0,0.0,0.0,42.3,1,1,1,,
1786353457.799,c1,search,,0.0,31.1,20.71,5.97,S3,0,,0,4474.0,obs,908,31.1,20.71,10.98,S3,31.1,20.71,10.98,S3,31.1,20.71,5.97,S3,13.468,0,S3,site_s3,S3,S3,S3,227.0,0.0,0.0,269.3,1,1,1,,
1786353457.799,c1,recommend,,0.0,26.76,14.03,2.22,S3,0,,0,200.0,obs,1214,26.76,14.03,4.0,S3,26.76,14.03,4.0,S3,26.76,14.03,2.22,S3,13.468,0,S3,site_s3,S3,S3,S3,303.0,0.0,0.0,323.2,1,1,1,,
1786353457.799,c2,reserve,,0.0,26.34,13.67,1.28,S3,0,,0,36.0,obs,607,26.34,13.67,3.65,S3,26.34,13.67,3.65,S3,26.34,13.67,1.28,S3,13.468,0,S3,site_s3,S3,S3,S3,151.5,0.0,0.0,365.3,1,1,1,,
1786353457.799,c2,search,,0.0,31.1,20.71,5.97,S3,0,,0,4474.0,obs,908,31.1,20.71,10.98,S3,31.1,20.71,10.98,S3,31.1,20.71,5.97,S3,13.468,0,S3,site_s3,S3,S3,S3,227.0,0.0,0.0,592.3,1,1,1,,
1786353457.799,c2,recommend,,0.0,26.76,14.03,2.22,S3,0,,0,200.0,obs,1214,26.76,14.03,4.0,S3,26.76,14.03,4.0,S3,26.76,14.03,2.22,S3,13.468,0,S3,site_s3,S3,S3,S3,304.0,0.0,0.0,646.4,1,1,1,,
1786353458.799,c1,reserve,,0.0,26.34,13.67,1.19,S3,0,,0,36.0,obs,608,26.34,13.67,3.65,S3,26.34,13.67,3.65,S3,26.34,13.67,1.19,S3,13.707,0,S3,site_s3,S3,S3,S3,152.0,0.0,0.0,42.3,1,1,1,,
1786353458.799,c1,search,,0.0,31.1,20.71,5.81,S3,0,,0,4474.0,obs,911,31.1,20.71,10.98,S3,31.1,20.71,10.98,S3,31.1,20.71,5.81,S3,13.707,0,S3,site_s3,S3,S3,S3,227.5,0.0,0.0,269.8,1,1,1,,
1786353458.799,c1,recommend,,0.0,26.76,14.03,2.14,S3,0,,0,200.0,obs,1210,26.76,14.03,4.0,S3,26.76,14.03,4.0,S3,26.76,14.03,2.14,S3,13.707,0,S3,site_s3,S3,S3,S3,302.5,0.0,0.0,323.6,1,1,1,,
1786353458.799,c2,reserve,,0.0,26.34,13.67,1.19,S3,0,,0,36.0,obs,608,26.34,13.67,3.65,S3,26.34,13.67,3.65,S3,26.34,13.67,1.19,S3,13.707,0,S3,site_s3,S3,S3,S3,152.0,0.0,0.0,365.9,1,1,1,,
1786353458.799,c2,search,,0.0,31.1,20.71,5.81,S3,0,,0,4474.0,obs,911,31.1,20.71,10.98,S3,31.1,20.71,10.98,S3,31.1,20.71,5.81,S3,13.707,0,S3,site_s3,S3,S3,S3,228.0,0.0,0.0,593.9,1,1,1,,
1786353458.799,c2,recommend,,0.0,26.76,14.03,2.14,S3,0,,0,200.0,obs,1210,26.76,14.03,4.0,S3,26.76,14.03,4.0,S3,26.76,14.03,2.14,S3,13.707,0,S3,site_s3,S3,S3,S3,302.5,0.0,0.0,647.7,1,1,1,,
1786353459.799,c1,reserve,,0.0,26.34,13.67,1.77,S3,0,,0,36.0,obs,605,26.34,13.67,3.65,S3,26.34,13.67,3.65,S3,26.34,13.67,1.77,S3,13.805,0,S3,site_s3,S3,S3,S3,151.5,0.0,0.0,42.1,1,1,1,,
1786353459.799,c1,search,,0.0,31.1,20.71,6.78,S3,0,,0,4474.0,obs,909,31.1,20.71,10.98,S3,31.1,20.71,10.98,S3,31.1,20.71,6.78,S3,13.805,0,S3,site_s3,S3,S3,S3,227.5,0.0,0.0,269.6,1,1,1,,
1786353459.799,c1,recommend,,0.0,26.76,14.03,2.49,S3,0,,0,200.0,obs,1219,26.76,14.03,4.0,S3,26.76,14.03,4.0,S3,26.76,14.03,2.49,S3,13.805,0,S3,site_s3,S3,S3,S3,304.5,0.0,0.0,323.8,1,1,1,,
1786353459.799,c2,reserve,,0.0,26.34,13.67,1.77,S3,0,,0,36.0,obs,605,26.34,13.67,3.65,S3,26.34,13.67,3.65,S3,26.34,13.67,1.77,S3,13.805,0,S3,site_s3,S3,S3,S3,151.0,0.0,0.0,365.8,1,1,1,,
1786353459.799,c2,search,,0.0,31.1,20.71,6.78,S3,0,,0,4474.0,obs,909,31.1,20.71,10.98,S3,31.1,20.71,10.98,S3,31.1,20.71,6.78,S3,13.805,0,S3,site_s3,S3,S3,S3,227.0,0.0,0.0,592.8,1,1,1,,
1786353459.799,c2,recommend,,0.0,26.76,14.03,2.49,S3,0,,0,200.0,obs,1219,26.76,14.03,4.0,S3,26.76,14.03,4.0,S3,26.76,14.03,2.49,S3,13.805,0,S3,site_s3,S3,S3,S3,305.0,0.0,0.0,647.1,1,1,1,,
1786353460.799,c1,reserve,,0.0,26.34,13.67,1.87,S3,0,,0,36.0,obs,611,26.34,13.67,3.65,S3,26.34,13.67,3.65,S3,26.34,13.67,1.87,S3,13.5,0,S3,site_s3,S3,S3,S3,153.0,0.0,0.0,42.5,1,1,1,,
1786353460.799,c1,search,,0.0,31.1,20.71,6.77,S3,0,,0,4474.0,obs,908,31.1,20.71,10.98,S3,31.1,20.71,10.98,S3,31.1,20.71,6.77,S3,13.5,0,S3,site_s3,S3,S3,S3,227.0,0.0,0.0,269.5,1,1,1,,
1786353460.799,c1,recommend,,0.0,26.76,14.03,2.39,S3,0,,0,200.0,obs,1212,26.76,14.03,4.0,S3,26.76,14.03,4.0,S3,26.76,14.03,2.39,S3,13.5,0,S3,site_s3,S3,S3,S3,302.5,0.0,0.0,323.4,1,1,1,,
1786353460.799,c2,reserve,,0.0,26.34,13.67,1.87,S3,0,,0,36.0,obs,611,26.34,13.67,3.65,S3,26.34,13.67,3.65,S3,26.34,13.67,1.87,S3,13.5,0,S3,site_s3,S3,S3,S3,152.5,0.0,0.0,365.8,1,1,1,,
1786353460.799,c2,search,,0.0,31.1,20.71,6.77,S3,0,,0,4474.0,obs,908,31.1,20.71,10.98,S3,31.1,20.71,10.98,S3,31.1,20.71,6.77,S3,13.5,0,S3,site_s3,S3,S3,S3,227.0,0.0,0.0,592.8,1,1,1,,
1786353460.799,c2,recommend,,0.0,26.76,14.03,2.39,S3,0,,0,200.0,obs,1212,26.76,14.03,4.0,S3,26.76,14.03,4.0,S3,26.76,14.03,2.39,S3,13.5,0,S3,site_s3,S3,S3,S3,303.5,0.0,0.0,646.8,1,1,1,,
1786353461.798,c1,reserve,,0.0,26.34,13.67,1.77,S3,0,,0,36.0,obs,604,26.34,13.67,3.65,S3,26.34,13.67,3.65,S3,26.34,13.67,1.77,S3,12.532,0,S3,site_s3,S3,S3,S3,151.0,0.0,0.0,42.0,1,1,1,,
1786353461.798,c1,search,,0.0,31.1,20.71,7.0,S3,0,,0,4474.0,obs,911,31.1,20.71,10.98,S3,31.1,20.71,10.98,S3,31.1,20.71,7.0,S3,12.532,0,S3,site_s3,S3,S3,S3,228.0,0.0,0.0,270.0,1,1,1,,
1786353461.798,c1,recommend,,0.0,26.76,14.03,2.46,S3,0,,0,200.0,obs,1217,26.76,14.03,4.0,S3,26.76,14.03,4.0,S3,26.76,14.03,2.46,S3,12.532,0,S3,site_s3,S3,S3,S3,304.0,0.0,0.0,324.1,1,1,1,,
1786353461.798,c2,reserve,,0.0,26.34,13.67,1.77,S3,0,,0,36.0,obs,604,26.34,13.67,3.65,S3,26.34,13.67,3.65,S3,26.34,13.67,1.77,S3,12.532,0,S3,site_s3,S3,S3,S3,151.0,0.0,0.0,366.1,1,1,1,,
1786353461.798,c2,search,,0.0,31.1,20.71,7.0,S3,0,,0,4474.0,obs,911,31.1,20.71,10.98,S3,31.1,20.71,10.98,S3,31.1,20.71,7.0,S3,12.532,0,S3,site_s3,S3,S3,S3,227.5,0.0,0.0,593.6,1,1,1,,
1786353461.798,c2,recommend,,0.0,26.76,14.03,2.46,S3,0,,0,200.0,obs,1217,26.76,14.03,4.0,S3,26.76,14.03,4.0,S3,26.76,14.03,2.46,S3,12.532,0,S3,site_s3,S3,S3,S3,304.5,0.0,0.0,647.8,1,1,1,,
1786353462.798,c1,reserve,,0.0,26.34,13.67,1.68,S3,0,,0,36.0,obs,608,26.34,13.67,3.65,S3,26.34,13.67,3.65,S3,26.34,13.67,1.68,S3,12.532,0,S3,site_s3,S3,S3,S3,152.0,0.0,0.0,42.3,1,1,1,,
1786353462.798,c1,search,,0.0,31.1,20.71,6.94,S3,0,,0,4474.0,obs,907,31.1,20.71,10.98,S3,31.1,20.71,10.98,S3,31.1,20.71,6.94,S3,12.532,0,S3,site_s3,S3,S3,S3,227.0,0.0,0.0,269.3,1,1,1,,
1786353462.798,c1,recommend,,0.0,26.76,14.03,2.48,S3,0,,0,200.0,obs,1217,26.76,14.03,4.0,S3,26.76,14.03,4.0,S3,26.76,14.03,2.48,S3,12.532,0,S3,site_s3,S3,S3,S3,304.0,0.0,0.0,323.4,1,1,1,,
1786353462.798,c2,reserve,,0.0,26.34,13.67,1.68,S3,0,,0,36.0,obs,608,26.34,13.67,3.65,S3,26.34,13.67,3.65,S3,26.34,13.67,1.68,S3,12.532,0,S3,site_s3,S3,S3,S3,152.0,0.0,0.0,365.6,1,1,1,,
1786353462.798,c2,search,,0.0,31.1,20.71,6.94,S3,0,,0,4474.0,obs,907,31.1,20.71,10.98,S3,31.1,20.71,10.98,S3,31.1,20.71,6.94,S3,12.532,0,S3,site_s3,S3,S3,S3,226.5,0.0,0.0,592.1,1,1,1,,
1786353462.798,c2,recommend,,0.0,26.76,14.03,2.48,S3,0,,0,200.0,obs,1217,26.76,14.03,4.0,S3,26.76,14.03,4.0,S3,26.76,14.03,2.48,S3,12.532,0,S3,site_s3,S3,S3,S3,304.5,0.0,0.0,646.3,1,1,1,,
1786353463.798,c1,reserve,,0.0,26.34,13.67,1.67,S3,0,,0,36.0,obs,607,26.34,13.67,3.65,S3,26.34,13.67,3.65,S3,26.34,13.67,1.67,S3,12.461,0,S3,site_s3,S3,S3,S3,151.5,0.0,0.0,42.1,1,1,1,,
1786353463.798,c1,search,,0.0,31.1,20.71,6.7,S3,0,,0,4474.0,obs,912,31.1,20.71,10.98,S3,31.1,20.71,10.98,S3,31.1,20.71,6.7,S3,12.461,0,S3,site_s3,S3,S3,S3,228.0,0.0,0.0,270.1,1,1,1,,
1786353463.798,c1,recommend,,0.0,26.76,14.03,2.45,S3,0,,0,200.0,obs,1216,26.76,14.03,4.0,S3,26.76,14.03,4.0,S3,26.76,14.03,2.45,S3,12.461,0,S3,site_s3,S3,S3,S3,304.0,0.0,0.0,324.2,1,1,1,,
1786353463.798,c2,reserve,,0.0,26.34,13.67,1.67,S3,0,,0,36.0,obs,607,26.34,13.67,3.65,S3,26.34,13.67,3.65,S3,26.34,13.67,1.67,S3,12.461,0,S3,site_s3,S3,S3,S3,152.0,0.0,0.0,366.5,1,1,1,,
1786353463.798,c2,search,,0.0,31.1,20.71,6.7,S3,0,,0,4474.0,obs,912,31.1,20.71,10.98,S3,31.1,20.71,10.98,S3,31.1,20.71,6.7,S3,12.461,0,S3,site_s3,S3,S3,S3,228.0,0.0,0.0,594.5,1,1,1,,
1786353463.798,c2,recommend,,0.0,26.76,14.03,2.45,S3,0,,0,200.0,obs,1216,26.76,14.03,4.0,S3,26.76,14.03,4.0,S3,26.76,14.03,2.45,S3,12.461,0,S3,site_s3,S3,S3,S3,304.0,0.0,0.0,648.6,1,1,1,,
1786353464.799,c1,reserve,,0.0,26.34,13.67,1.69,S3,0,,0,36.0,obs,607,26.34,13.67,3.65,S3,26.34,13.67,3.65,S3,26.34,13.67,1.69,S3,13.576,0,S3,site_s3,S3,S3,S3,151.5,0.0,0.0,42.1,1,1,1,,
1786353464.799,c1,search,,0.0,31.1,20.71,6.69,S3,0,,0,4474.0,obs,910,31.1,20.71,10.98,S3,31.1,20.71,10.98,S3,31.1,20.71,6.69,S3,13.576,0,S3,site_s3,S3,S3,S3,227.5,0.0,0.0,269.6,1,1,1,,
1786353464.799,c1,recommend,,0.0,26.76,14.03,2.51,S3,0,,0,200.0,obs,1218,26.76,14.03,4.0,S3,26.76,14.03,4.0,S3,26.76,14.03,2.51,S3,13.576,0,S3,site_s3,S3,S3,S3,304.5,0.0,0.0,323.8,1,1,1,,
1786353464.799,c2,reserve,,0.0,26.34,13.67,1.69,S3,0,,0,36.0,obs,607,26.34,13.67,3.65,S3,26.34,13.67,3.65,S3,26.34,13.67,1.69,S3,13.576,0,S3,site_s3,S3,S3,S3,152.0,0.0,0.0,366.1,1,1,1,,
1786353464.799,c2,search,,0.0,31.1,20.71,6.69,S3,0,,0,4474.0,obs,910,31.1,20.71,10.98,S3,31.1,20.71,10.98,S3,31.1,20.71,6.69,S3,13.576,0,S3,site_s3,S3,S3,S3,227.5,0.0,0.0,593.6,1,1,1,,
1786353464.799,c2,recommend,,0.0,26.76,14.03,2.51,S3,0,,0,200.0,obs,1218,26.76,14.03,4.0,S3,26.76,14.03,4.0,S3,26.76,14.03,2.51,S3,13.576,0,S3,site_s3,S3,S3,S3,304.5,0.0,0.0,647.8,1,1,1,,
1786353465.798,c1,reserve,,0.0,26.34,13.67,1.69,S3,0,,0,36.0,obs,607,26.34,13.67,3.65,S3,26.34,13.67,3.65,S3,26.34,13.67,1.69,S3,12.491,0,S3,site_s3,S3,S3,S3,151.5,0.0,0.0,42.1,1,1,1,,
1786353465.798,c1,search,,0.0,31.1,20.71,6.31,S3,0,,0,4474.0,obs,913,31.1,20.71,10.98,S3,31.1,20.71,10.98,S3,31.1,20.71,6.31,S3,12.491,0,S3,site_s3,S3,S3,S3,228.0,0.0,0.0,270.1,1,1,1,,
1786353465.798,c1,recommend,,0.0,26.76,14.03,2.48,S3,0,,0,200.0,obs,1216,26.76,14.03,4.0,S3,26.76,14.03,4.0,S3,26.76,14.03,2.48,S3,12.491,0,S3,site_s3,S3,S3,S3,304.0,0.0,0.0,324.2,1,1,1,,
1786353465.798,c2,reserve,,0.0,26.34,13.67,1.69,S3,0,,0,36.0,obs,607,26.34,13.67,3.65,S3,26.34,13.67,3.65,S3,26.34,13.67,1.69,S3,12.491,0,S3,site_s3,S3,S3,S3,152.0,0.0,0.0,366.5,1,1,1,,
1786353465.798,c2,search,,0.0,31.1,20.71,6.31,S3,0,,0,4474.0,obs,913,31.1,20.71,10.98,S3,31.1,20.71,10.98,S3,31.1,20.71,6.31,S3,12.491,0,S3,site_s3,S3,S3,S3,228.5,0.0,0.0,595.0,1,1,1,,
1786353465.798,c2,recommend,,0.0,26.76,14.03,2.48,S3,0,,0,200.0,obs,1216,26.76,14.03,4.0,S3,26.76,14.03,4.0,S3,26.76,14.03,2.48,S3,12.491,0,S3,site_s3,S3,S3,S3,304.0,0.0,0.0,649.1,1,1,1,,
1786353466.798,c1,reserve,,0.0,26.34,13.67,1.82,S3,0,,0,36.0,obs,607,26.34,13.67,3.65,S3,26.34,13.67,3.65,S3,26.34,13.67,1.82,S3,12.465,0,S3,site_s3,S3,S3,S3,152.0,0.0,0.0,42.3,1,1,1,,
1786353466.798,c1,search,,0.0,31.1,20.71,6.6,S3,0,,0,4474.0,obs,912,31.1,20.71,10.98,S3,31.1,20.71,10.98,S3,31.1,20.71,6.6,S3,12.465,0,S3,site_s3,S3,S3,S3,228.0,0.0,0.0,270.3,1,1,1,,
1786353466.798,c1,recommend,,0.0,26.76,14.03,2.4,S3,0,,0,200.0,obs,1220,26.76,14.03,4.0,S3,26.76,14.03,4.0,S3,26.76,14.03,2.4,S3,12.465,0,S3,site_s3,S3,S3,S3,304.5,0.0,0.0,324.5,1,1,1,,
1786353466.798,c2,reserve,,0.0,26.34,13.67,1.82,S3,0,,0,36.0,obs,607,26.34,13.67,3.65,S3,26.34,13.67,3.65,S3,26.34,13.67,1.82,S3,12.465,0,S3,site_s3,S3,S3,S3,151.5,0.0,0.0,366.6,1,1,1,,
1786353466.798,c2,search,,0.0,31.1,20.71,6.6,S3,0,,0,4474.0,obs,912,31.1,20.71,10.98,S3,31.1,20.71,10.98,S3,31.1,20.71,6.6,S3,12.465,0,S3,site_s3,S3,S3,S3,228.0,0.0,0.0,594.6,1,1,1,,
1786353466.798,c2,recommend,,0.0,26.76,14.03,2.4,S3,0,,0,200.0,obs,1220,26.76,14.03,4.0,S3,26.76,14.03,4.0,S3,26.76,14.03,2.4,S3,12.465,0,S3,site_s3,S3,S3,S3,305.5,0.0,0.0,649.0,1,1,1,,
1786353467.798,c1,reserve,,0.0,26.34,13.67,1.35,S3,0,,0,36.0,obs,612,26.34,13.67,3.65,S3,26.34,13.67,3.65,S3,26.34,13.67,1.35,S3,12.471,0,S3,site_s3,S3,S3,S3,152.5,0.0,0.0,42.4,1,1,1,,
1786353467.798,c1,search,,0.0,31.1,20.71,6.13,S3,0,,0,4474.0,obs,913,31.1,20.71,10.98,S3,31.1,20.71,10.98,S3,31.1,20.71,6.13,S3,12.471,0,S3,site_s3,S3,S3,S3,228.5,0.0,0.0,270.9,1,1,1,,
1786353467.798,c1,recommend,,0.0,26.76,14.03,2.09,S3,0,,0,200.0,obs,1215,26.76,14.03,4.0,S3,26.76,14.03,4.0,S3,26.76,14.03,2.09,S3,12.471,0,S3,site_s3,S3,S3,S3,304.0,0.0,0.0,325.0,1,1,1,,
1786353467.798,c2,reserve,,0.0,26.34,13.67,1.35,S3,0,,0,36.0,obs,612,26.34,13.67,3.65,S3,26.34,13.67,3.65,S3,26.34,13.67,1.35,S3,12.471,0,S3,site_s3,S3,S3,S3,153.5,0.0,0.0,367.7,1,1,1,,
1786353467.798,c2,search,,0.0,31.1,20.71,6.13,S3,0,,0,4474.0,obs,913,31.1,20.71,10.98,S3,31.1,20.71,10.98,S3,31.1,20.71,6.13,S3,12.471,0,S3,site_s3,S3,S3,S3,228.0,0.0,0.0,595.7,1,1,1,,
1786353467.798,c2,recommend,,0.0,26.76,14.03,2.09,S3,0,,0,200.0,obs,1215,26.76,14.03,4.0,S3,26.76,14.03,4.0,S3,26.76,14.03,2.09,S3,12.471,0,S3,site_s3,S3,S3,S3,303.5,0.0,0.0,649.7,1,1,1,,
1786353468.798,c1,reserve,,0.0,26.34,13.67,1.16,S3,0,,0,36.0,obs,607,26.34,13.67,3.65,S3,26.34,13.67,3.65,S3,26.34,13.67,1.16,S3,12.477,0,S3,site_s3,S3,S3,S3,151.5,0.0,0.0,42.1,1,1,1,,
1786353468.798,c1,search,,0.0,31.1,20.71,5.52,S3,0,,0,4474.0,obs,914,31.1,20.71,10.98,S3,31.1,20.71,10.98,S3,31.1,20.71,5.52,S3,12.477,0,S3,site_s3,S3,S3,S3,228.5,0.0,0.0,270.6,1,1,1,,
1786353468.798,c1,recommend,,0.0,26.76,14.03,1.89,S3,0,,0,200.0,obs,1221,26.76,14.03,4.0,S3,26.76,14.03,4.0,S3,26.76,14.03,1.89,S3,12.477,0,S3,site_s3,S3,S3,S3,305.5,0.0,0.0,325.0,1,1,1,,
1786353468.798,c2,reserve,,0.0,26.34,13.67,1.16,S3,0,,0,36.0,obs,607,26.34,13.67,3.65,S3,26.34,13.67,3.65,S3,26.34,13.67,1.16,S3,12.477,0,S3,site_s3,S3,S3,S3,152.0,0.0,0.0,367.3,1,1,1,,
1786353468.798,c2,search,,0.0,31.1,20.71,5.52,S3,0,,0,4474.0,obs,914,31.1,20.71,10.98,S3,31.1,20.71,10.98,S3,31.1,20.71,5.52,S3,12.477,0,S3,site_s3,S3,S3,S3,228.5,0.0,0.0,595.8,1,1,1,,
1786353468.798,c2,recommend,,0.0,26.76,14.03,1.89,S3,0,,0,200.0,obs,1221,26.76,14.03,4.0,S3,26.76,14.03,4.0,S3,26.76,14.03,1.89,S3,12.477,0,S3,site_s3,S3,S3,S3,305.0,0.0,0.0,650.0,1,1,1,,
1786353469.798,c1,reserve,,0.0,26.34,13.67,1.12,S3,0,,0,36.0,obs,612,26.34,13.67,3.65,S3,26.34,13.67,3.65,S3,26.34,13.67,1.12,S3,12.511,0,S3,site_s3,S3,S3,S3,153.0,0.0,0.0,42.5,1,1,1,,
1786353469.798,c1,search,,0.0,31.1,20.71,4.06,S3,0,,0,4474.0,obs,910,31.1,20.71,10.98,S3,31.1,20.71,10.98,S3,31.1,20.71,4.06,S3,12.511,0,S3,site_s3,S3,S3,S3,227.5,0.0,0.0,270.0,1,1,1,,
1786353469.798,c1,recommend,,0.0,26.76,14.03,1.67,S3,0,,0,200.0,obs,1220,26.76,14.03,4.0,S3,26.76,14.03,4.0,S3,26.76,14.03,1.67,S3,12.511,0,S3,site_s3,S3,S3,S3,305.0,0.0,0.0,324.3,1,1,1,,
1786353469.798,c2,reserve,,0.0,26.34,13.67,1.12,S3,0,,0,36.0,obs,612,26.34,13.67,3.65,S3,26.34,13.67,3.65,S3,26.34,13.67,1.12,S3,12.511,0,S3,site_s3,S3,S3,S3,153.0,0.0,0.0,366.9,1,1,1,,
1786353469.798,c2,search,,0.0,31.1,20.71,4.06,S3,0,,0,4474.0,obs,910,31.1,20.71,10.98,S3,31.1,20.71,10.98,S3,31.1,20.71,4.06,S3,12.511,0,S3,site_s3,S3,S3,S3,227.5,0.0,0.0,594.4,1,1,1,,
1786353469.798,c2,recommend,,0.0,26.76,14.03,1.67,S3,0,,0,200.0,obs,1220,26.76,14.03,4.0,S3,26.76,14.03,4.0,S3,26.76,14.03,1.67,S3,12.511,0,S3,site_s3,S3,S3,S3,305.0,0.0,0.0,648.6,1,1,1,,
1786353470.798,c1,reserve,,0.0,26.34,13.67,1.0,S3,0,,0,36.0,obs,611,26.34,13.67,3.65,S3,26.34,13.67,3.65,S3,26.34,13.67,1.0,S3,12.456,0,S3,site_s3,S3,S3,S3,152.5,0.0,0.0,42.4,1,1,1,,
1786353470.798,c1,search,,0.0,31.1,20.71,5.08,S3,0,,0,4474.0,obs,914,31.1,20.71,10.98,S3,31.1,20.71,10.98,S3,31.1,20.71,5.08,S3,12.456,0,S3,site_s3,S3,S3,S3,228.5,0.0,0.0,270.9,1,1,1,,
1786353470.798,c1,recommend,,0.0,26.76,14.03,1.74,S3,0,,0,200.0,obs,1219,26.76,14.03,4.0,S3,26.76,14.03,4.0,S3,26.76,14.03,1.74,S3,12.456,0,S3,site_s3,S3,S3,S3,305.0,0.0,0.0,325.2,1,1,1,,
1786353470.798,c2,reserve,,0.0,26.34,13.67,1.0,S3,0,,0,36.0,obs,611,26.34,13.67,3.65,S3,26.34,13.67,3.65,S3,26.34,13.67,1.0,S3,12.456,0,S3,site_s3,S3,S3,S3,153.0,0.0,0.0,367.7,1,1,1,,
1786353470.798,c2,search,,0.0,31.1,20.71,5.08,S3,0,,0,4474.0,obs,914,31.1,20.71,10.98,S3,31.1,20.71,10.98,S3,31.1,20.71,5.08,S3,12.456,0,S3,site_s3,S3,S3,S3,228.5,0.0,0.0,596.2,1,1,1,,
1786353470.798,c2,recommend,,0.0,26.76,14.03,1.74,S3,0,,0,200.0,obs,1219,26.76,14.03,4.0,S3,26.76,14.03,4.0,S3,26.76,14.03,1.74,S3,12.456,0,S3,site_s3,S3,S3,S3,304.5,0.0,0.0,650.4,1,1,1,,
1786353471.798,c1,reserve,,0.0,26.34,13.67,1.62,S3,0,,0,36.0,obs,611,26.34,13.67,3.65,S3,26.34,13.67,3.65,S3,26.34,13.67,1.62,S3,12.563,0,S3,site_s3,S3,S3,S3,152.5,0.0,0.0,42.4,1,1,1,,
1786353471.798,c1,search,,0.0,31.1,20.71,6.8,S3,0,,0,4474.0,obs,913,31.1,20.71,10.98,S3,31.1,20.71,10.98,S3,31.1,20.71,6.8,S3,12.563,0,S3,site_s3,S3,S3,S3,228.0,0.0,0.0,270.4,1,1,1,,
1786353471.798,c1,recommend,,0.0,26.76,14.03,2.56,S3,0,,0,200.0,obs,1221,26.76,14.03,4.0,S3,26.76,14.03,4.0,S3,26.76,14.03,2.56,S3,12.563,0,S3,site_s3,S3,S3,S3,305.5,0.0,0.0,324.8,1,1,1,,
1786353471.798,c2,reserve,,0.0,26.34,13.67,1.62,S3,0,,0,36.0,obs,611,26.34,13.67,3.65,S3,26.34,13.67,3.65,S3,26.34,13.67,1.62,S3,12.563,0,S3,site_s3,S3,S3,S3,153.0,0.0,0.0,367.3,1,1,1,,
1786353471.798,c2,search,,0.0,31.1,20.71,6.8,S3,0,,0,4474.0,obs,913,31.1,20.71,10.98,S3,31.1,20.71,10.98,S3,31.1,20.71,6.8,S3,12.563,0,S3,site_s3,S3,S3,S3,228.5,0.0,0.0,595.8,1,1,1,,
1786353471.798,c2,recommend,,0.0,26.76,14.03,2.56,S3,0,,0,200.0,obs,1221,26.76,14.03,4.0,S3,26.76,14.03,4.0,S3,26.76,14.03,2.56,S3,12.563,0,S3,site_s3,S3,S3,S3,305.0,0.0,0.0,650.1,1,1,1,,
1786353472.798,c1,reserve,,0.0,26.34,13.67,1.67,S3,0,,0,36.0,obs,612,26.34,13.67,3.65,S3,26.34,13.67,3.65,S3,26.34,13.67,1.67,S3,12.517,0,S3,site_s3,S3,S3,S3,153.0,0.0,0.0,42.5,1,1,1,,
1786353472.798,c1,search,,0.0,31.1,20.71,6.7,S3,0,,0,4474.0,obs,915,31.1,20.71,10.98,S3,31.1,20.71,10.98,S3,31.1,20.71,6.7,S3,12.517,0,S3,site_s3,S3,S3,S3,228.5,0.0,0.0,271.0,1,1,1,,
1786353472.798,c1,recommend,,0.0,26.76,14.03,2.44,S3,0,,0,200.0,obs,1219,26.76,14.03,4.0,S3,26.76,14.03,4.0,S3,26.76,14.03,2.44,S3,12.517,0,S3,site_s3,S3,S3,S3,305.0,0.0,0.0,325.3,1,1,1,,
1786353472.798,c2,reserve,,0.0,26.34,13.67,1.67,S3,0,,0,36.0,obs,612,26.34,13.67,3.65,S3,26.34,13.67,3.65,S3,26.34,13.67,1.67,S3,12.517,0,S3,site_s3,S3,S3,S3,153.0,0.0,0.0,367.9,1,1,1,,
1786353472.798,c2,search,,0.0,31.1,20.71,6.7,S3,0,,0,4474.0,obs,915,31.1,20.71,10.98,S3,31.1,20.71,10.98,S3,31.1,20.71,6.7,S3,12.517,0,S3,site_s3,S3,S3,S3,229.0,0.0,0.0,596.9,1,1,1,,
1786353472.798,c2,recommend,,0.0,26.76,14.03,2.44,S3,0,,0,200.0,obs,1219,26.76,14.03,4.0,S3,26.76,14.03,4.0,S3,26.76,14.03,2.44,S3,12.517,0,S3,site_s3,S3,S3,S3,304.5,0.0,0.0,651.1,1,1,1,,
1786353473.798,c1,reserve,,0.0,26.34,13.67,1.59,S3,0,,0,36.0,obs,612,26.34,13.67,3.65,S3,26.34,13.67,3.65,S3,26.34,13.67,1.59,S3,12.551,0,S3,site_s3,S3,S3,S3,153.0,0.0,0.0,42.5,1,1,1,,
1786353473.798,c1,search,,0.0,31.1,20.71,6.7,S3,0,,0,4474.0,obs,914,31.1,20.71,10.98,S3,31.1,20.71,10.98,S3,31.1,20.71,6.7,S3,12.551,0,S3,site_s3,S3,S3,S3,228.5,0.0,0.0,271.0,1,1,1,,
1786353473.798,c1,recommend,,0.0,26.76,14.03,2.41,S3,0,,0,200.0,obs,1222,26.76,14.03,4.0,S3,26.76,14.03,4.0,S3,26.76,14.03,2.41,S3,12.551,0,S3,site_s3,S3,S3,S3,305.5,0.0,0.0,325.4,1,1,1,,
1786353473.798,c2,reserve,,0.0,26.34,13.67,1.59,S3,0,,0,36.0,obs,612,26.34,13.67,3.65,S3,26.34,13.67,3.65,S3,26.34,13.67,1.59,S3,12.551,0,S3,site_s3,S3,S3,S3,153.0,0.0,0.0,367.9,1,1,1,,
1786353473.798,c2,search,,0.0,31.1,20.71,6.7,S3,0,,0,4474.0,obs,914,31.1,20.71,10.98,S3,31.1,20.71,10.98,S3,31.1,20.71,6.7,S3,12.551,0,S3,site_s3,S3,S3,S3,228.5,0.0,0.0,596.4,1,1,1,,
1786353473.798,c2,recommend,,0.0,26.76,14.03,2.41,S3,0,,0,200.0,obs,1222,26.76,14.03,4.0,S3,26.76,14.03,4.0,S3,26.76,14.03,2.41,S3,12.551,0,S3,site_s3,S3,S3,S3,305.5,0.0,0.0,650.8,1,1,1,,
1786353474.798,c1,reserve,,0.0,26.34,13.67,1.64,S3,0,,0,36.0,obs,614,26.34,13.67,3.65,S3,26.34,13.67,3.65,S3,26.34,13.67,1.64,S3,12.47,0,S3,site_s3,S3,S3,S3,153.5,0.0,0.0,42.7,1,1,1,,
1786353474.798,c1,search,,0.0,31.1,20.71,6.48,S3,0,,0,4474.0,obs,915,31.1,20.71,10.98,S3,31.1,20.71,10.98,S3,31.1,20.71,6.48,S3,12.47,0,S3,site_s3,S3,S3,S3,228.5,0.0,0.0,271.2,1,1,1,,
1786353474.798,c1,recommend,,0.0,26.76,14.03,2.45,S3,0,,0,200.0,obs,1217,26.76,14.03,4.0,S3,26.76,14.03,4.0,S3,26.76,14.03,2.45,S3,12.47,0,S3,site_s3,S3,S3,S3,304.5,0.0,0.0,325.4,1,1,1,,
1786353474.798,c2,reserve,,0.0,26.34,13.67,1.64,S3,0,,0,36.0,obs,614,26.34,13.67,3.65,S3,26.34,13.67,3.65,S3,26.34,13.67,1.64,S3,12.47,0,S3,site_s3,S3,S3,S3,153.5,0.0,0.0,368.0,1,1,1,,
1786353474.798,c2,search,,0.0,31.1,20.71,6.48,S3,0,,0,4474.0,obs,915,31.1,20.71,10.98,S3,31.1,20.71,10.98,S3,31.1,20.71,6.48,S3,12.47,0,S3,site_s3,S3,S3,S3,229.0,0.0,0.0,597.0,1,1,1,,
1786353474.798,c2,recommend,,0.0,26.76,14.03,2.45,S3,0,,0,200.0,obs,1217,26.76,14.03,4.0,S3,26.76,14.03,4.0,S3,26.76,14.03,2.45,S3,12.47,0,S3,site_s3,S3,S3,S3,304.0,0.0,0.0,651.2,1,1,1,,
1786353475.799,c1,reserve,,0.0,26.34,13.67,1.54,S3,0,,0,36.0,obs,609,26.34,13.67,3.65,S3,26.34,13.67,3.65,S3,26.34,13.67,1.54,S3,13.582,0,S3,site_s3,S3,S3,S3,152.5,0.0,0.0,42.4,1,1,1,,
1786353475.799,c1,search,,0.0,31.1,20.71,6.46,S3,0,,0,4474.0,obs,916,31.1,20.71,10.98,S3,31.1,20.71,10.98,S3,31.1,20.71,6.46,S3,13.582,0,S3,site_s3,S3,S3,S3,228.5,0.0,0.0,270.9,1,1,1,,
1786353475.799,c1,recommend,,0.0,26.76,14.03,2.45,S3,0,,0,200.0,obs,1225,26.76,14.03,4.0,S3,26.76,14.03,4.0,S3,26.76,14.03,2.45,S3,13.582,0,S3,site_s3,S3,S3,S3,306.5,0.0,0.0,325.5,1,1,1,,
1786353475.799,c2,reserve,,0.0,26.34,13.67,1.54,S3,0,,0,36.0,obs,609,26.34,13.67,3.65,S3,26.34,13.67,3.65,S3,26.34,13.67,1.54,S3,13.582,0,S3,site_s3,S3,S3,S3,152.0,0.0,0.0,367.7,1,1,1,,
1786353475.799,c2,search,,0.0,31.1,20.71,6.46,S3,0,,0,4474.0,obs,916,31.1,20.71,10.98,S3,31.1,20.71,10.98,S3,31.1,20.71,6.46,S3,13.582,0,S3,site_s3,S3,S3,S3,229.5,0.0,0.0,597.2,1,1,1,,
1786353475.799,c2,recommend,,0.0,26.76,14.03,2.45,S3,0,,0,200.0,obs,1225,26.76,14.03,4.0,S3,26.76,14.03,4.0,S3,26.76,14.03,2.45,S3,13.582,0,S3,site_s3,S3,S3,S3,306.0,0.0,0.0,651.7,1,1,1,,
1786353476.798,c1,reserve,,0.0,26.34,13.67,1.54,S3,0,,0,36.0,obs,614,26.34,13.67,3.65,S3,26.34,13.67,3.65,S3,26.34,13.67,1.54,S3,12.55,0,S3,site_s3,S3,S3,S3,154.0,0.0,0.0,42.8,1,1,1,,
1786353476.798,c1,search,,0.0,31.1,20.71,6.78,S3,0,,0,4474.0,obs,914,31.1,20.71,10.98,S3,31.1,20.71,10.98,S3,31.1,20.71,6.78,S3,12.55,0,S3,site_s3,S3,S3,S3,228.5,0.0,0.0,271.3,1,1,1,,
1786353476.798,c1,recommend,,0.0,26.76,14.03,2.41,S3,0,,0,200.0,obs,1223,26.76,14.03,4.0,S3,26.76,14.03,4.0,S3,26.76,14.03,2.41,S3,12.55,0,S3,site_s3,S3,S3,S3,305.0,0.0,0.0,325.6,1,1,1,,
1786353476.798,c2,reserve,,0.0,26.34,13.67,1.54,S3,0,,0,36.0,obs,614,26.34,13.67,3.65,S3,26.34,13.67,3.65,S3,26.34,13.67,1.54,S3,12.55,0,S3,site_s3,S3,S3,S3,153.0,0.0,0.0,368.1,1,1,1,,
1786353476.798,c2,search,,0.0,31.1,20.71,6.78,S3,0,,0,4474.0,obs,914,31.1,20.71,10.98,S3,31.1,20.71,10.98,S3,31.1,20.71,6.78,S3,12.55,0,S3,site_s3,S3,S3,S3,228.5,0.0,0.0,596.6,1,1,1,,
1786353476.798,c2,recommend,,0.0,26.76,14.03,2.41,S3,0,,0,200.0,obs,1223,26.76,14.03,4.0,S3,26.76,14.03,4.0,S3,26.76,14.03,2.41,S3,12.55,0,S3,site_s3,S3,S3,S3,306.5,0.0,0.0,651.2,1,1,1,,
1786353477.798,c1,reserve,,0.0,26.34,13.67,1.47,S3,0,,0,36.0,obs,612,26.34,13.67,3.65,S3,26.34,13.67,3.65,S3,26.34,13.67,1.47,S3,12.511,0,S3,site_s3,S3,S3,S3,153.0,0.0,0.0,42.5,1,1,1,,
1786353477.798,c1,search,,0.0,31.1,20.71,6.51,S3,0,,0,4474.0,obs,919,31.1,20.71,10.98,S3,31.1,20.71,10.98,S3,31.1,20.71,6.51,S3,12.511,0,S3,site_s3,S3,S3,S3,229.5,0.0,0.0,272.0,1,1,1,,
1786353477.798,c1,recommend,,0.0,26.76,14.03,2.26,S3,0,,0,200.0,obs,1224,26.76,14.03,4.0,S3,26.76,14.03,4.0,S3,26.76,14.03,2.26,S3,12.511,0,S3,site_s3,S3,S3,S3,306.0,0.0,0.0,326.5,1,1,1,,
1786353477.798,c2,reserve,,0.0,26.34,13.67,1.47,S3,0,,0,36.0,obs,612,26.34,13.67,3.65,S3,26.34,13.67,3.65,S3,26.34,13.67,1.47,S3,12.511,0,S3,site_s3,S3,S3,S3,153.0,0.0,0.0,369.0,1,1,1,,
1786353477.798,c2,search,,0.0,31.1,20.71,6.51,S3,0,,0,4474.0,obs,919,31.1,20.71,10.98,S3,31.1,20.71,10.98,S3,31.1,20.71,6.51,S3,12.511,0,S3,site_s3,S3,S3,S3,230.0,0.0,0.0,599.0,1,1,1,,
1786353477.798,c2,recommend,,0.0,26.76,14.03,2.26,S3,0,,0,200.0,obs,1224,26.76,14.03,4.0,S3,26.76,14.03,4.0,S3,26.76,14.03,2.26,S3,12.511,0,S3,site_s3,S3,S3,S3,306.0,0.0,0.0,653.5,1,1,1,,
1786353478.798,c1,reserve,,0.0,26.34,13.67,1.6,S3,0,,0,36.0,obs,612,26.34,13.67,3.65,S3,26.34,13.67,3.65,S3,26.34,13.67,1.6,S3,12.495,0,S3,site_s3,S3,S3,S3,153.0,0.0,0.0,42.5,1,1,1,,
1786353478.798,c1,search,,0.0,31.1,20.71,6.51,S3,0,,0,4474.0,obs,918,31.1,20.71,10.98,S3,31.1,20.71,10.98,S3,31.1,20.71,6.51,S3,12.495,0,S3,site_s3,S3,S3,S3,229.5,0.0,0.0,272.0,1,1,1,,
1786353478.798,c1,recommend,,0.0,26.76,14.03,2.37,S3,0,,0,200.0,obs,1226,26.76,14.03,4.0,S3,26.76,14.03,4.0,S3,26.76,14.03,2.37,S3,12.495,0,S3,site_s3,S3,S3,S3,306.5,0.0,0.0,326.6,1,1,1,,
1786353478.798,c2,reserve,,0.0,26.34,13.67,1.6,S3,0,,0,36.0,obs,612,26.34,13.67,3.65,S3,26.34,13.67,3.65,S3,26.34,13.67,1.6,S3,12.495,0,S3,site_s3,S3,S3,S3,153.0,0.0,0.0,369.1,1,1,1,,
1786353478.798,c2,search,,0.0,31.1,20.71,6.51,S3,0,,0,4474.0,obs,918,31.1,20.71,10.98,S3,31.1,20.71,10.98,S3,31.1,20.71,6.51,S3,12.495,0,S3,site_s3,S3,S3,S3,229.5,0.0,0.0,598.6,1,1,1,,
1786353478.798,c2,recommend,,0.0,26.76,14.03,2.37,S3,0,,0,200.0,obs,1226,26.76,14.03,4.0,S3,26.76,14.03,4.0,S3,26.76,14.03,2.37,S3,12.495,0,S3,site_s3,S3,S3,S3,306.5,0.0,0.0,653.2,1,1,1,,
1786353479.794,c1,reserve,,0.0,26.34,13.67,1.84,S3,0,,0,36.0,obs,511,26.34,13.67,3.65,S3,26.34,13.67,3.65,S3,26.34,13.67,1.84,S3,8.878,0,S3,site_s3,S3,S3,S3,127.5,0.0,0.0,35.4,1,1,1,,
1786353479.794,c1,search,,0.0,31.1,20.71,6.96,S3,0,,0,4474.0,obs,767,31.1,20.71,10.98,S3,31.1,20.71,10.98,S3,31.1,20.71,6.96,S3,8.878,0,S3,site_s3,S3,S3,S3,191.0,0.0,0.0,226.4,1,1,1,,
1786353479.794,c1,recommend,,0.0,26.76,14.03,2.66,S3,0,,0,200.0,obs,1020,26.76,14.03,4.0,S3,26.76,14.03,4.0,S3,26.76,14.03,2.66,S3,8.878,0,S3,site_s3,S3,S3,S3,254.0,0.0,0.0,271.7,1,1,1,,
1786353479.794,c2,reserve,,0.0,26.34,13.67,1.84,S3,0,,0,36.0,obs,511,26.34,13.67,3.65,S3,26.34,13.67,3.65,S3,26.34,13.67,1.84,S3,8.878,0,S3,site_s3,S3,S3,S3,128.0,0.0,0.0,307.2,1,1,1,,
1786353479.794,c2,search,,0.0,31.1,20.71,6.96,S3,0,,0,4474.0,obs,767,31.1,20.71,10.98,S3,31.1,20.71,10.98,S3,31.1,20.71,6.96,S3,8.878,0,S3,site_s3,S3,S3,S3,192.5,0.0,0.0,499.7,1,1,1,,
1786353479.794,c2,recommend,,0.0,26.76,14.03,2.66,S3,0,,0,200.0,obs,1020,26.76,14.03,4.0,S3,26.76,14.03,4.0,S3,26.76,14.03,2.66,S3,8.878,0,S3,site_s3,S3,S3,S3,256.0,0.0,0.0,545.3,1,1,1,,
1786353480.787,c1,reserve,,0.0,26.34,13.67,3.65,S3,0,,0,36.0,prior_fill,197,26.34,13.67,3.65,S3,26.34,13.67,3.65,S3,26.34,13.67,3.65,S3,1.427,0,S3,site_s3,S3,S3,S3,49.0,0.0,0.0,13.6,1,1,1,,
1786353480.787,c1,search,,0.0,31.1,20.71,10.98,S3,0,,0,4474.0,prior_fill,301,31.1,20.71,10.98,S3,31.1,20.71,10.98,S3,31.1,20.71,10.98,S3,1.427,0,S3,site_s3,S3,S3,S3,74.5,0.0,0.0,88.1,1,1,1,,
1786353480.787,c1,recommend,,0.0,26.76,14.03,4.0,S3,0,,0,200.0,prior_fill,400,26.76,14.03,4.0,S3,26.76,14.03,4.0,S3,26.76,14.03,4.0,S3,1.427,0,S3,site_s3,S3,S3,S3,99.0,0.0,0.0,105.7,1,1,1,,
1786353480.787,c2,reserve,,0.0,26.34,13.67,3.65,S3,0,,0,36.0,prior_fill,197,26.34,13.67,3.65,S3,26.34,13.67,3.65,S3,26.34,13.67,3.65,S3,1.427,0,S3,site_s3,S3,S3,S3,49.5,0.0,0.0,119.5,1,1,1,,
1786353480.787,c2,search,,0.0,31.1,20.71,10.98,S3,0,,0,4474.0,prior_fill,301,31.1,20.71,10.98,S3,31.1,20.71,10.98,S3,31.1,20.71,10.98,S3,1.427,0,S3,site_s3,S3,S3,S3,76.0,0.0,0.0,195.5,1,1,1,,
1786353480.787,c2,recommend,,0.0,26.76,14.03,4.0,S3,0,,0,200.0,prior_fill,400,26.76,14.03,4.0,S3,26.76,14.03,4.0,S3,26.76,14.03,4.0,S3,1.427,0,S3,site_s3,S3,S3,S3,101.0,0.0,0.0,213.5,1,1,1,,
