ts,site,class,n,src,fill_ratio,mean_ms,p95_ms,stale_ms,prior_ms,last_obs_ms,value_ms
1786386409.825,S1,recommend,0,prior,0.0,,,,1.24,,1.24
1786386409.825,S1,reserve,0,prior,0.0,,,,1.658,,1.658
1786386409.825,S1,search,0,prior,0.0,,,,6.899,,6.899
1786386409.825,S2,recommend,0,prior,0.0,,,,0.975,,0.975
1786386409.825,S2,reserve,0,prior,0.0,,,,1.332,,1.332
1786386409.825,S2,search,0,prior,0.0,,,,4.287,,4.287
1786386409.825,S3,recommend,0,prior,0.0,,,,1.0,,1.0
1786386409.825,S3,reserve,0,prior,0.0,,,,1.348,,1.348
1786386409.825,S3,search,0,prior,0.0,,,,4.019,,4.019
1786386410.826,S1,recommend,0,prior,0.0,,,,1.24,,1.24
1786386410.826,S1,reserve,0,prior,0.0,,,,1.658,,1.658
1786386410.826,S1,search,0,prior,0.0,,,,6.899,,6.899
1786386410.826,S2,recommend,0,prior,0.0,,,,0.975,,0.975
1786386410.826,S2,reserve,0,prior,0.0,,,,1.332,,1.332
1786386410.826,S2,search,0,prior,0.0,,,,4.287,,4.287
1786386410.826,S3,recommend,0,prior,0.0,,,,1.0,,1.0
1786386410.826,S3,reserve,0,prior,0.0,,,,1.348,,1.348
1786386410.826,S3,search,0,prior,0.0,,,,4.019,,4.019
1786386411.826,S1,recommend,0,prior,0.0,,,,1.24,,1.24
1786386411.826,S1,reserve,0,prior,0.0,,,,1.658,,1.658
1786386411.826,S1,search,0,prior,0.0,,,,6.899,,6.899
1786386411.826,S2,recommend,0,prior,0.0,,,,0.975,,0.975
1786386411.826,S2,reserve,0,prior,0.0,,,,1.332,,1.332
1786386411.826,S2,search,0,prior,0.0,,,,4.287,,4.287
1786386411.826,S3,recommend,0,prior,0.0,,,,1.0,,1.0
1786386411.826,S3,reserve,0,prior,0.0,,,,1.348,,1.348
1786386411.826,S3,search,0,prior,0.0,,,,4.019,,4.019
1786386412.826,S1,recommend,0,prior,0.0,,,,1.24,,1.24
1786386412.826,S1,reserve,0,prior,0.0,,,,1.658,,1.658
1786386412.826,S1,search,0,prior,0.0,,,,6.899,,6.899
1786386412.826,S2,recommend,0,prior,0.0,,,,0.975,,0.975
1786386412.826,S2,reserve,0,prior,0.0,,,,1.332,,1.332
1786386412.826,S2,search,0,prior,0.0,,,,4.287,,4.287
1786386412.826,S3,recommend,0,prior,0.0,,,,1.0,,1.0
1786386412.826,S3,reserve,0,prior,0.0,,,,1.348,,1.348
1786386412.826,S3,search,0,prior,0.0,,,,4.019,,4.019
1786386413.830,S1,recommend,0,prior,0.0,,,,1.24,,1.24
1786386413.830,S1,reserve,0,prior,0.0,,,,1.658,,1.658
1786386413.830,S1,search,0,prior,0.0,,,,6.899,,6.899
1786386413.830,S2,recommend,72,prior,0.187,1.2552,3.056,72.5,0.975,,0.975
1786386413.830,S2,reserve,41,prior,0.1831,9.2399,58.195,84.9,1.332,,1.332
1786386413.830,S2,search,61,prior,0.1857,5.1618,8.524,73.7,4.287,,4.287
1786386413.830,S3,recommend,61,prior,0.1795,0.537,0.892,83.7,1.0,,1.0
1786386413.830,S3,reserve,27,prior,0.1833,5.5086,36.371,81.2,1.348,,1.348
1786386413.830,S3,search,39,prior,0.1832,3.2178,3.863,82.5,4.019,,4.019
1786386414.833,S1,recommend,0,prior,0.0,,,,1.24,,1.24
1786386414.833,S1,reserve,0,prior,0.0,,,,1.658,,1.658
1786386414.833,S1,search,0,prior,0.0,,,,6.899,,6.899
1786386414.833,S2,recommend,271,prior_fill,0.6858,1.0139,2.212,74.6,0.975,,0.975
1786386414.833,S2,reserve,148,prior_fill,0.6874,3.5511,3.428,75.9,1.332,,1.332
1786386414.833,S2,search,223,prior_fill,0.6857,4.5626,6.988,73.4,4.287,,4.287
1786386414.833,S3,recommend,220,prior_fill,0.6801,0.5415,0.892,82.2,1.0,,1.0
1786386414.833,S3,reserve,96,prior,0.6839,2.1857,1.463,79.6,1.348,,1.348
1786386414.833,S3,search,144,prior_fill,0.6745,3.153,3.872,99.6,4.019,,4.019
1786386415.833,S1,recommend,0,prior,0.0,,,,1.24,,1.24
1786386415.833,S1,reserve,0,prior,0.0,,,,1.658,,1.658
1786386415.833,S1,search,0,prior,0.0,,,,6.899,,6.899
1786386415.833,S2,recommend,382,obs,0.9562,0.955,1.99,83.4,0.975,1.99,1.99
1786386415.833,S2,reserve,201,obs,0.96,1.3873,2.581,70.8,1.332,2.581,2.581
1786386415.833,S2,search,310,obs,0.9612,4.3357,6.452,75.9,4.287,6.452,6.452
1786386415.833,S3,recommend,304,obs,0.9593,0.5401,0.817,80.9,1.0,0.817,0.817
1786386415.833,S3,reserve,141,obs,0.9582,0.8789,1.144,78.4,1.348,1.144,1.144
1786386415.833,S3,search,203,obs,0.9512,3.0999,3.872,85.9,4.019,3.872,3.872
1786386416.833,S1,recommend,0,prior,0.0,,,,1.24,,1.24
1786386416.833,S1,reserve,0,prior,0.0,,,,1.658,,1.658
1786386416.833,S1,search,0,prior,0.0,,,,6.899,,6.899
1786386416.833,S2,recommend,380,obs,0.9606,0.998,2.156,76.1,0.975,2.156,2.156
1786386416.833,S2,reserve,196,obs,0.96,1.4093,2.426,69.8,1.332,2.426,2.426
1786386416.833,S2,search,320,obs,0.9587,4.5301,7.671,81.1,4.287,7.671,7.671
1786386416.833,S3,recommend,306,obs,0.9575,0.5098,0.764,79.9,1.0,0.764,0.764
1786386416.833,S3,reserve,145,obs,0.9469,0.8784,1.319,88.6,1.348,1.319,1.319
1786386416.833,S3,search,195,obs,0.9412,3.1217,3.765,104.8,4.019,3.765,3.765
1786386417.833,S1,recommend,0,prior,0.0,,,,1.24,,1.24
1786386417.833,S1,reserve,0,prior,0.0,,,,1.658,,1.658
1786386417.833,S1,search,0,prior,0.0,,,,6.899,,6.899
1786386417.833,S2,recommend,375,obs,0.96,0.9897,2.126,70.9,0.975,2.126,2.126
1786386417.833,S2,reserve,201,obs,0.9562,1.3826,2.581,87.2,1.332,2.581,2.581
1786386417.833,S2,search,317,obs,0.9638,4.5151,7.366,69.7,4.287,7.366,7.366
1786386417.833,S3,recommend,308,obs,0.9606,0.5328,0.714,77.2,1.0,0.714,0.714
1786386417.833,S3,reserve,143,obs,0.9487,0.9273,1.301,83.4,1.348,1.301,1.301
1786386417.833,S3,search,200,obs,0.95,3.1331,3.826,92.2,4.019,3.826,3.826
1786386418.833,S1,recommend,0,prior,0.0,,,,1.24,,1.24
1786386418.833,S1,reserve,0,prior,0.0,,,,1.658,,1.658
1786386418.833,S1,search,0,prior,0.0,,,,6.899,,6.899
1786386418.833,S2,recommend,386,obs,0.9587,0.9749,2.106,68.4,0.975,2.106,2.106
1786386418.833,S2,reserve,197,obs,0.96,1.4315,2.742,78.4,1.332,2.742,2.742
1786386418.833,S2,search,312,obs,0.9625,4.4245,6.865,70.8,4.287,6.865,6.865
1786386418.833,S3,recommend,298,obs,0.9525,0.5398,0.724,92.2,1.0,0.724,0.724
1786386418.833,S3,reserve,148,obs,0.9469,0.9306,1.261,85.9,1.348,1.261,1.261
1786386418.833,S3,search,201,obs,0.9544,3.1201,3.855,90.9,4.019,3.855,3.855
1786386419.833,S1,recommend,0,prior,0.0,,,,1.24,,1.24
1786386419.833,S1,reserve,0,prior,0.0,,,,1.658,,1.658
1786386419.833,S1,search,0,prior,0.0,,,,6.899,,6.899
1786386419.833,S2,recommend,381,obs,0.9663,1.0419,2.409,63.4,0.975,2.409,2.409
1786386419.833,S2,reserve,204,obs,0.9563,1.5412,2.922,84.7,1.332,2.922,2.922
1786386419.833,S2,search,318,obs,0.9588,4.3986,6.96,69.7,4.287,6.96,6.96
1786386419.833,S3,recommend,309,obs,0.9619,0.4901,0.718,75.9,1.0,0.718,0.718
1786386419.833,S3,reserve,138,obs,0.9563,0.8588,1.059,73.4,1.348,1.059,1.059
1786386419.833,S3,search,197,obs,0.9562,3.0865,3.769,82.2,4.019,3.769,3.769
1786386420.833,S1,recommend,0,prior,0.0,,,,1.24,,1.24
1786386420.833,S1,reserve,0,prior,0.0,,,,1.658,,1.658
1786386420.833,S1,search,0,prior,0.0,,,,6.899,,6.899
1786386420.833,S2,recommend,372,obs,0.9681,1.0698,2.444,62.2,0.975,2.444,2.444
1786386420.833,S2,reserve,203,obs,0.96,1.5778,2.982,72.2,1.332,2.982,2.982
1786386420.833,S2,search,321,obs,0.9631,4.3736,6.609,69.7,4.287,6.609,6.609
1786386420.833,S3,recommend,319,obs,0.9594,0.5008,0.74,78.4,1.0,0.74,0.74
1786386420.833,S3,reserve,138,obs,0.9525,0.8398,1.084,75.9,1.348,1.084,1.084
1786386420.833,S3,search,193,obs,0.9563,3.077,3.695,87.2,4.019,3.695,3.695
1786386421.833,S1,recommend,0,prior,0.0,,,,1.24,,1.24
1786386421.833,S1,reserve,0,prior,0.0,,,,1.658,,1.658
1786386421.833,S1,search,0,prior,0.0,,,,6.899,,6.899
1786386421.833,S2,recommend,376,obs,0.9675,0.9581,2.033,62.4,0.975,2.033,2.033
1786386421.833,S2,reserve,199,obs,0.9638,1.4705,2.616,71.0,1.332,2.616,2.616
1786386421.833,S2,search,322,obs,0.9656,4.4493,6.756,68.6,4.287,6.756,6.756
1786386421.833,S3,recommend,311,obs,0.9581,0.5169,0.757,77.4,1.0,0.757,0.757
1786386421.833,S3,reserve,144,obs,0.9506,0.8428,1.132,86.1,1.348,1.132,1.132
1786386421.833,S3,search,195,obs,0.9563,3.1108,3.759,83.6,4.019,3.759,3.759
1786386422.833,S1,recommend,0,prior,0.0,,,,1.24,,1.24
1786386422.833,S1,reserve,0,prior,0.0,,,,1.658,,1.658
1786386422.833,S1,search,0,prior,0.0,,,,6.899,,6.899
1786386422.833,S2,recommend,372,obs,0.9637,0.9156,1.754,61.1,0.975,1.754,1.754
1786386422.833,S2,reserve,216,obs,0.9656,1.4059,2.462,62.4,1.332,2.462,2.462
1786386422.833,S2,search,312,obs,0.9675,4.3653,6.725,63.6,4.287,6.725,6.725
1786386422.833,S3,recommend,315,obs,0.9625,0.5074,0.743,74.9,1.0,0.743,0.743
1786386422.833,S3,reserve,133,obs,0.9638,0.8412,1.09,69.8,1.348,1.09,1.09
1786386422.833,S3,search,203,obs,0.9562,3.0973,3.767,78.6,4.019,3.767,3.767
1786386423.833,S1,recommend,0,prior,0.0,,,,1.24,,1.24
1786386423.833,S1,reserve,0,prior,0.0,,,,1.658,,1.658
1786386423.833,S1,search,0,prior,0.0,,,,6.899,,6.899
1786386423.833,S2,recommend,369,obs,0.9656,0.95,2.141,59.7,0.975,2.141,2.141
1786386423.833,S2,reserve,209,obs,0.9694,1.3757,2.771,61.0,1.332,2.771,2.771
1786386423.833,S2,search,316,obs,0.9675,4.2726,6.615,62.2,4.287,6.615,6.615
1786386423.833,S3,recommend,322,obs,0.9644,0.4942,0.753,69.6,1.0,0.753,0.753
1786386423.833,S3,reserve,136,obs,0.9581,0.8216,1.055,79.7,1.348,1.055,1.055
1786386423.833,S3,search,199,obs,0.9469,3.0656,3.575,96.0,4.019,3.575,3.575
1786386424.833,S1,recommend,0,prior,0.0,,,,1.24,,1.24
1786386424.833,S1,reserve,0,prior,0.0,,,,1.658,,1.658
1786386424.833,S1,search,0,prior,0.0,,,,6.899,,6.899
1786386424.833,S2,recommend,378,obs,0.9706,0.9448,2.051,58.4,0.975,2.051,2.051
1786386424.833,S2,reserve,202,obs,0.9675,1.3331,2.627,59.7,1.332,2.627,2.627
1786386424.833,S2,search,321,obs,0.9675,4.3953,7.086,63.4,4.287,7.086,7.086
1786386424.833,S3,recommend,313,obs,0.96,0.4889,0.724,77.2,1.0,0.724,0.724
1786386424.833,S3,reserve,141,obs,0.9525,0.8298,1.017,78.4,1.348,1.017,1.017
1786386424.833,S3,search,195,obs,0.96,3.0691,3.558,72.1,4.019,3.558,3.558
1786386425.833,S1,recommend,0,prior,0.0,,,,1.24,,1.24
1786386425.833,S1,reserve,0,prior,0.0,,,,1.658,,1.658
1786386425.833,S1,search,0,prior,0.0,,,,6.899,,6.899
1786386425.833,S2,recommend,384,obs,0.9719,0.9613,1.965,55.9,0.975,1.965,1.965
1786386425.833,S2,reserve,202,obs,0.9619,1.3919,2.627,65.9,1.332,2.627,2.627
1786386425.833,S2,search,320,obs,0.97,4.4858,7.167,58.4,4.287,7.167,7.167
1786386425.833,S3,recommend,306,obs,0.9618,0.4952,0.733,72.2,1.0,0.733,0.733
1786386425.833,S3,reserve,140,obs,0.9525,0.8535,1.102,73.4,1.348,1.102,1.102
1786386425.833,S3,search,200,obs,0.9612,3.0884,3.696,74.7,4.019,3.696,3.696
1786386426.833,S1,recommend,0,prior,0.0,,,,1.24,,1.24
1786386426.833,S1,reserve,0,prior,0.0,,,,1.658,,1.658
1786386426.833,S1,search,0,prior,0.0,,,,6.899,,6.899
1786386426.833,S2,recommend,382,obs,0.9694,0.959,1.959,59.7,0.975,1.959,1.959
1786386426.833,S2,reserve,206,obs,0.9675,1.4242,2.92,60.9,1.332,2.92,2.92
1786386426.833,S2,search,314,obs,0.9656,4.3647,6.517,62.2,4.287,6.517,6.517
1786386426.833,S3,recommend,303,obs,0.96,0.5138,0.736,70.9,1.0,0.736,0.736
1786386426.833,S3,reserve,142,obs,0.9656,0.8596,1.269,68.5,1.348,1.269,1.269
1786386426.833,S3,search,205,obs,0.9606,3.0771,3.714,76.0,4.019,3.714,3.714
1786386427.833,S1,recommend,0,prior,0.0,,,,1.24,,1.24
1786386427.833,S1,reserve,0,prior,0.0,,,,1.658,,1.658
1786386427.833,S1,search,0,prior,0.0,,,,6.899,,6.899
1786386427.833,S2,recommend,381,obs,0.9675,0.9533,2.083,62.2,0.975,2.083,2.083
1786386427.833,S2,reserve,211,obs,0.9675,1.4285,2.925,55.9,1.332,2.925,2.925
1786386427.833,S2,search,312,obs,0.9713,4.4348,6.696,57.2,4.287,6.696,6.696
1786386427.833,S3,recommend,308,obs,0.9638,0.5526,0.85,65.9,1.0,0.85,0.85
1786386427.833,S3,reserve,137,obs,0.9675,0.9558,1.269,63.4,1.348,1.269,1.269
1786386427.833,S3,search,204,obs,0.95,3.1159,3.574,87.2,4.019,3.574,3.574
1786386428.833,S1,recommend,0,prior,0.0,,,,1.24,,1.24
1786386428.833,S1,reserve,0,prior,0.0,,,,1.658,,1.658
1786386428.833,S1,search,0,prior,0.0,,,,6.899,,6.899
1786386428.833,S2,recommend,386,obs,0.9737,0.9818,2.218,52.4,0.975,2.218,2.218
1786386428.833,S2,reserve,208,obs,0.9713,1.4534,2.855,54.7,1.332,2.855,2.855
1786386428.833,S2,search,317,obs,0.9625,4.5496,7.352,66.1,4.287,7.352,7.352
1786386428.833,S3,recommend,309,obs,0.9669,0.5441,0.819,64.9,1.0,0.819,0.819
1786386428.833,S3,reserve,137,obs,0.96,0.9633,1.256,73.6,1.348,1.256,1.256
1786386428.833,S3,search,199,obs,0.9625,3.1137,3.565,69.9,4.019,3.565,3.565
1786386429.834,S1,recommend,0,prior,0.0,,,,1.24,,1.24
1786386429.834,S1,reserve,0,prior,0.0,,,,1.658,,1.658
1786386429.834,S1,search,0,prior,0.0,,,,6.899,,6.899
1786386429.834,S2,recommend,390,obs,0.9668,1.0855,2.469,63.8,0.975,2.469,2.469
1786386429.834,S2,reserve,206,obs,0.9675,1.4504,2.46,53.8,1.332,2.46,2.46
1786386429.834,S2,search,314,obs,0.9694,4.6786,7.482,61.1,4.287,7.482,7.482
1786386429.834,S3,recommend,302,obs,0.9681,0.5082,0.755,62.6,1.0,0.755,0.755
1786386429.834,S3,reserve,138,obs,0.9581,0.8815,1.267,76.3,1.348,1.267,1.267
1786386429.834,S3,search,204,obs,0.9581,3.0883,3.81,70.0,4.019,3.81,3.81
1786386430.834,S1,recommend,0,prior,0.0,,,,1.24,,1.24
1786386430.834,S1,reserve,0,prior,0.0,,,,1.658,,1.658
1786386430.834,S1,search,0,prior,0.0,,,,6.899,,6.899
1786386430.834,S2,recommend,384,obs,0.9719,1.0987,2.313,53.5,0.975,2.313,2.313
1786386430.834,S2,reserve,212,obs,0.9637,1.5019,2.515,52.2,1.332,2.515,2.515
1786386430.834,S2,search,313,obs,0.9656,4.7876,7.85,68.5,4.287,7.85,7.85
1786386430.834,S3,recommend,307,obs,0.96,0.5026,0.762,65.9,1.0,0.762,0.762
1786386430.834,S3,reserve,134,obs,0.9675,0.9116,1.466,63.5,1.348,1.466,1.466
1786386430.834,S3,search,206,obs,0.9656,3.1028,3.832,64.8,4.019,3.832,3.832
1786386431.834,S1,recommend,0,prior,0.0,,,,1.24,,1.24
1786386431.834,S1,reserve,0,prior,0.0,,,,1.658,,1.658
1786386431.834,S1,search,0,prior,0.0,,,,6.899,,6.899
1786386431.834,S2,recommend,397,obs,0.9669,0.9499,2.101,53.8,0.975,2.101,2.101
1786386431.834,S2,reserve,204,obs,0.9562,1.4769,2.781,62.5,1.332,2.781,2.781
1786386431.834,S2,search,303,obs,0.9712,4.5964,7.699,56.3,4.287,7.699,7.699
1786386431.834,S3,recommend,292,obs,0.9675,0.5045,0.781,61.3,1.0,0.781,0.781
1786386431.834,S3,reserve,146,obs,0.9694,0.8913,1.264,58.8,1.348,1.264,1.264
1786386431.834,S3,search,213,obs,0.9606,3.0791,3.748,73.8,4.019,3.748,3.748
1786386432.834,S1,recommend,0,prior,0.0,,,,1.24,,1.24
1786386432.834,S1,reserve,0,prior,0.0,,,,1.658,,1.658
1786386432.834,S1,search,0,prior,0.0,,,,6.899,,6.899
1786386432.834,S2,recommend,393,obs,0.9694,0.9323,1.968,59.6,0.975,1.968,1.968
1786386432.834,S2,reserve,203,obs,0.9751,1.3217,2.35,49.7,1.332,2.35,2.35
1786386432.834,S2,search,310,obs,0.9669,4.4091,7.381,51.0,4.287,7.381,7.381
1786386432.834,S3,recommend,299,obs,0.9625,0.5061,0.783,66.0,1.0,0.783,0.783
1786386432.834,S3,reserve,146,obs,0.9619,0.8558,1.198,64.8,1.348,1.198,1.198
1786386432.834,S3,search,208,obs,0.9675,3.0665,3.673,62.2,4.019,3.673,3.673
1786386433.834,S1,recommend,0,prior,0.0,,,,1.24,,1.24
1786386433.834,S1,reserve,0,prior,0.0,,,,1.658,,1.658
1786386433.834,S1,search,0,prior,0.0,,,,6.899,,6.899
1786386433.834,S2,recommend,380,obs,0.975,0.9095,1.968,50.0,0.975,1.968,1.968
1786386433.834,S2,reserve,216,obs,0.9693,1.282,2.44,56.3,1.332,2.44,2.44
1786386433.834,S2,search,313,obs,0.9644,4.3958,7.03,52.6,4.287,7.03,7.03
1786386433.834,S3,recommend,317,obs,0.9681,0.5066,0.773,61.3,1.0,0.773,0.773
1786386433.834,S3,reserve,128,obs,0.9506,0.8626,1.204,71.2,1.348,1.204,1.204
1786386433.834,S3,search,206,obs,0.965,3.0708,3.673,68.8,4.019,3.673,3.673
1786386434.834,S1,recommend,0,prior,0.0,,,,1.24,,1.24
1786386434.834,S1,reserve,0,prior,0.0,,,,1.658,,1.658
1786386434.834,S1,search,0,prior,0.0,,,,6.899,,6.899
1786386434.834,S2,recommend,372,obs,0.9768,0.9476,2.078,46.3,0.975,2.078,2.078
1786386434.834,S2,reserve,214,obs,0.9694,1.2958,2.336,51.2,1.332,2.336,2.336
1786386434.834,S2,search,321,obs,0.9725,4.4565,7.152,48.8,4.287,7.152,7.152
1786386434.834,S3,recommend,323,obs,0.9656,0.5165,0.864,57.6,1.0,0.864,0.864
1786386434.834,S3,reserve,129,obs,0.9487,0.8374,1.076,88.8,1.348,1.076,1.076
1786386434.834,S3,search,201,obs,0.97,3.0814,3.72,58.8,4.019,3.72,3.72
1786386435.834,S1,recommend,0,prior,0.0,,,,1.24,,1.24
1786386435.834,S1,reserve,0,prior,0.0,,,,1.658,,1.658
1786386435.834,S1,search,0,prior,0.0,,,,6.899,,6.899
1786386435.834,S2,recommend,378,obs,0.9731,0.9693,2.118,52.3,0.975,2.118,2.118
1786386435.834,S2,reserve,205,obs,0.975,1.3983,2.55,49.7,1.332,2.55,2.55
1786386435.834,S2,search,324,obs,0.975,4.4949,7.426,47.2,4.287,7.426,7.426
1786386435.834,S3,recommend,311,obs,0.9694,0.5171,0.864,56.0,1.0,0.864,0.864
1786386435.834,S3,reserve,144,obs,0.9544,0.8258,1.08,61.0,1.348,1.08,1.08
1786386435.834,S3,search,199,obs,0.965,3.0924,3.764,62.3,4.019,3.764,3.764
1786386436.834,S1,recommend,0,prior,0.0,,,,1.24,,1.24
1786386436.834,S1,reserve,0,prior,0.0,,,,1.658,,1.658
1786386436.834,S1,search,0,prior,0.0,,,,6.899,,6.899
1786386436.834,S2,recommend,393,obs,0.9731,0.9321,1.891,47.5,0.975,1.891,1.891
1786386436.834,S2,reserve,214,obs,0.9656,1.4722,3.006,48.8,1.332,3.006,3.006
1786386436.834,S2,search,306,obs,0.9731,4.359,6.715,50.1,4.287,6.715,6.715
1786386436.834,S3,recommend,300,obs,0.9675,0.5217,0.864,62.6,1.0,0.864,0.864
1786386436.834,S3,reserve,137,obs,0.9712,0.8491,1.202,56.3,1.348,1.202,1.202
1786386436.834,S3,search,212,obs,0.9544,3.0675,3.652,65.0,4.019,3.652,3.652
1786386437.834,S1,recommend,0,prior,0.0,,,,1.24,,1.24
1786386437.834,S1,reserve,0,prior,0.0,,,,1.658,,1.658
1786386437.834,S1,search,0,prior,0.0,,,,6.899,,6.899
1786386437.834,S2,recommend,390,obs,0.9763,0.9935,2.356,46.3,0.975,2.356,2.356
1786386437.834,S2,reserve,214,obs,0.9656,1.4657,2.876,43.7,1.332,2.876,2.876
1786386437.834,S2,search,304,obs,0.9644,4.4785,6.918,66.2,4.287,6.918,6.918
1786386437.834,S3,recommend,307,obs,0.9675,0.5706,0.9,53.8,1.0,0.9,0.9
1786386437.834,S3,reserve,133,obs,0.9694,0.8986,1.202,58.7,1.348,1.202,1.202
1786386437.834,S3,search,214,obs,0.9675,3.0788,3.659,56.3,4.019,3.659,3.659
1786386438.834,S1,recommend,0,prior,0.0,,,,1.24,,1.24
1786386438.834,S1,reserve,0,prior,0.0,,,,1.658,,1.658
1786386438.834,S1,search,0,prior,0.0,,,,6.899,,6.899
1786386438.834,S2,recommend,388,obs,0.9763,1.0172,2.642,45.0,0.975,2.642,2.642
1786386438.834,S2,reserve,211,obs,0.9637,1.378,2.651,57.6,1.332,2.651,2.651
1786386438.834,S2,search,311,obs,0.9731,4.5615,7.515,50.0,4.287,7.515,7.515
1786386438.834,S3,recommend,311,obs,0.9713,0.5507,0.835,56.3,1.0,0.835,0.835
1786386438.834,S3,reserve,133,obs,0.9694,0.8989,1.198,53.7,1.348,1.198,1.198
1786386438.834,S3,search,209,obs,0.9675,3.0898,3.731,55.0,4.019,3.731,3.731
1786386439.834,S1,recommend,0,prior,0.0,,,,1.24,,1.24
1786386439.834,S1,reserve,0,prior,0.0,,,,1.658,,1.658
1786386439.834,S1,search,0,prior,0.0,,,,6.899,,6.899
1786386439.834,S2,recommend,382,obs,0.9775,1.027,2.476,42.6,0.975,2.476,2.476
1786386439.834,S2,reserve,211,obs,0.96,1.5357,2.919,63.8,1.332,2.919,2.919
1786386439.834,S2,search,321,obs,0.9725,4.5801,6.901,46.3,4.287,6.901,6.901
1786386439.834,S3,recommend,312,obs,0.9694,0.5004,0.722,55.0,1.0,0.722,0.722
1786386439.834,S3,reserve,135,obs,0.9731,0.8413,1.04,52.6,1.348,1.04,1.04
1786386439.834,S3,search,202,obs,0.9681,3.1115,3.852,59.9,4.019,3.852,3.852
1786386440.834,S1,recommend,0,prior,0.0,,,,1.24,,1.24
1786386440.834,S1,reserve,0,prior,0.0,,,,1.658,,1.658
1786386440.834,S1,search,0,prior,0.0,,,,6.899,,6.899
1786386440.834,S2,recommend,368,obs,0.9731,1.0094,2.315,50.1,0.975,2.315,2.315
1786386440.834,S2,reserve,217,obs,0.9675,1.6168,3.036,43.7,1.332,3.036,3.036
1786386440.834,S2,search,328,obs,0.9731,4.6013,7.114,52.6,4.287,7.114,7.114
1786386440.834,S3,recommend,322,obs,0.9675,0.497,0.743,53.7,1.0,0.743,0.743
1786386440.834,S3,reserve,135,obs,0.9657,0.8332,0.987,66.2,1.348,0.987,0.987
1786386440.834,S3,search,191,obs,0.9625,3.1066,3.83,55.0,4.019,3.83,3.83
1786386441.834,S1,recommend,0,prior,0.0,,,,1.24,,1.24
1786386441.834,S1,reserve,0,prior,0.0,,,,1.658,,1.658
1786386441.834,S1,search,0,prior,0.0,,,,6.899,,6.899
1786386441.834,S2,recommend,375,obs,0.9787,0.9486,2.286,41.0,0.975,2.286,2.286
1786386441.834,S2,reserve,226,obs,0.9787,1.4276,2.771,42.3,1.332,2.771,2.771
1786386441.834,S2,search,320,obs,0.975,4.5713,7.513,43.5,4.287,7.513,7.513
1786386441.834,S3,recommend,321,obs,0.9731,0.5022,0.753,48.5,1.0,0.753,0.753
1786386441.834,S3,reserve,124,obs,0.9637,0.8567,1.199,61.0,1.348,1.199,1.199
1786386441.834,S3,search,199,obs,0.9694,3.0827,3.589,58.5,4.019,3.589,3.589
1786386442.834,S1,recommend,0,prior,0.0,,,,1.24,,1.24
1786386442.834,S1,reserve,0,prior,0.0,,,,1.658,,1.658
1786386442.834,S1,search,0,prior,0.0,,,,6.899,,6.899
1786386442.834,S2,recommend,395,obs,0.9769,0.9469,2.369,43.5,0.975,2.369,2.369
1786386442.834,S2,reserve,202,obs,0.9694,1.3723,2.463,56.0,1.332,2.463,2.463
1786386442.834,S2,search,315,obs,0.975,4.541,7.279,42.3,4.287,7.279,7.279
1786386442.834,S3,recommend,304,obs,0.9744,0.4994,0.713,50.9,1.0,0.713,0.713
1786386442.834,S3,reserve,142,obs,0.9638,0.8493,1.175,59.7,1.348,1.175,1.175
1786386442.834,S3,search,206,obs,0.9706,3.0757,3.655,57.3,4.019,3.655,3.655
1786386443.834,S1,recommend,0,prior,0.0,,,,1.24,,1.24
1786386443.834,S1,reserve,0,prior,0.0,,,,1.658,,1.658
1786386443.834,S1,search,0,prior,0.0,,,,6.899,,6.899
1786386443.834,S2,recommend,397,obs,0.9756,0.9794,2.274,45.0,0.975,2.274,2.274
1786386443.834,S2,reserve,194,obs,0.975,1.4245,2.655,40.0,1.332,2.655,2.655
1786386443.834,S2,search,318,obs,0.975,4.497,6.908,43.8,4.287,6.908,6.908
1786386443.834,S3,recommend,299,obs,0.9707,0.5057,0.756,53.7,1.0,0.756,0.756
1786386443.834,S3,reserve,151,obs,0.9637,0.85,1.116,55.1,1.348,1.116,1.116
1786386443.834,S3,search,207,obs,0.9681,3.0967,3.691,62.5,4.019,3.691,3.691
1786386444.834,S1,recommend,0,prior,0.0,,,,1.24,,1.24
1786386444.834,S1,reserve,0,prior,0.0,,,,1.658,,1.658
1786386444.834,S1,search,0,prior,0.0,,,,6.899,,6.899
1786386444.834,S2,recommend,385,obs,0.9812,0.9751,2.271,36.3,0.975,2.271,2.271
1786386444.834,S2,reserve,205,obs,0.9675,1.4353,2.83,50.0,1.332,2.83,2.83
1786386444.834,S2,search,323,obs,0.975,4.5307,6.951,42.6,4.287,6.951,6.951
1786386444.834,S3,recommend,311,obs,0.97,0.5179,0.774,55.1,1.0,0.774,0.774
1786386444.834,S3,reserve,144,obs,0.975,0.8404,1.133,46.3,1.348,1.133,1.133
1786386444.834,S3,search,201,obs,0.9719,3.115,3.717,53.7,4.019,3.717,3.717
1786386445.834,S1,recommend,0,prior,0.0,,,,1.24,,1.24
1786386445.834,S1,reserve,0,prior,0.0,,,,1.658,,1.658
1786386445.834,S1,search,0,prior,0.0,,,,6.899,,6.899
1786386445.834,S2,recommend,388,obs,0.9788,0.9364,2.144,39.7,0.975,2.144,2.144
1786386445.834,S2,reserve,223,obs,0.9787,1.4646,2.995,41.0,1.332,2.995,2.995
1786386445.834,S2,search,307,obs,0.975,4.5269,7.012,46.0,4.287,7.012,7.012
1786386445.834,S3,recommend,307,obs,0.9732,0.5195,0.81,47.1,1.0,0.81,0.81
1786386445.834,S3,reserve,130,obs,0.9712,0.845,1.309,52.2,1.348,1.309,1.309
1786386445.834,S3,search,213,obs,0.975,3.0844,3.717,49.8,4.019,3.717,3.717
1786386446.834,S1,recommend,0,prior,0.0,,,,1.24,,1.24
1786386446.834,S1,reserve,0,prior,0.0,,,,1.658,,1.658
1786386446.834,S1,search,0,prior,0.0,,,,6.899,,6.899
1786386446.834,S2,recommend,392,obs,0.9762,0.9834,2.305,46.3,0.975,2.305,2.305
1786386446.834,S2,reserve,218,obs,0.9806,1.43,3.122,36.3,1.332,3.122,3.122
1786386446.834,S2,search,303,obs,0.9749,4.5276,7.413,45.1,4.287,7.413,7.413
1786386446.834,S3,recommend,306,obs,0.9731,0.5093,0.79,50.1,1.0,0.79,0.79
1786386446.834,S3,reserve,130,obs,0.9694,0.8474,1.203,55.1,1.348,1.203,1.203
1786386446.834,S3,search,216,obs,0.9656,3.088,3.791,60.1,4.019,3.791,3.791
1786386447.834,S1,recommend,0,prior,0.0,,,,1.24,,1.24
1786386447.834,S1,reserve,0,prior,0.0,,,,1.658,,1.658
1786386447.834,S1,search,0,prior,0.0,,,,6.899,,6.899
1786386447.834,S2,recommend,407,obs,0.9806,0.963,2.178,37.3,0.975,2.178,2.178
1786386447.834,S2,reserve,205,obs,0.9787,1.3032,2.454,34.8,1.332,2.454,2.454
1786386447.834,S2,search,298,obs,0.9712,4.4859,7.413,39.8,4.287,7.413,7.413
1786386447.834,S3,recommend,294,obs,0.9769,0.5175,0.743,43.5,1.0,0.743,0.743
1786386447.834,S3,reserve,140,obs,0.9675,0.8591,1.209,53.5,1.348,1.209,1.209
1786386447.834,S3,search,225,obs,0.975,3.1047,3.805,49.7,4.019,3.805,3.805
1786386448.834,S1,recommend,0,prior,0.0,,,,1.24,,1.24
1786386448.834,S1,reserve,0,prior,0.0,,,,1.658,,1.658
1786386448.834,S1,search,0,prior,0.0,,,,6.899,,6.899
1786386448.834,S2,recommend,399,obs,0.9806,0.908,1.998,36.3,0.975,1.998,1.998
1786386448.834,S2,reserve,220,obs,0.9806,1.363,2.675,37.5,1.332,2.675,2.675
1786386448.834,S2,search,302,obs,0.975,4.4598,6.726,35.1,4.287,6.726,6.726
1786386448.834,S3,recommend,297,obs,0.9707,0.522,0.805,47.4,1.0,0.805,0.805
1786386448.834,S3,reserve,128,obs,0.9637,0.8667,1.295,48.8,1.348,1.295,1.295
1786386448.834,S3,search,224,obs,0.9731,3.087,3.843,50.1,4.019,3.843,3.843
1786386449.834,S1,recommend,0,prior,0.0,,,,1.24,,1.24
1786386449.834,S1,reserve,0,prior,0.0,,,,1.658,,1.658
1786386449.834,S1,search,0,prior,0.0,,,,6.899,,6.899
1786386449.834,S2,recommend,369,obs,0.9769,1.0171,2.171,46.0,0.975,2.171,2.171
1786386449.834,S2,reserve,224,obs,0.9806,1.5879,2.962,32.3,1.332,2.962,2.962
1786386449.834,S2,search,328,obs,0.9813,4.6803,7.061,36.0,4.287,7.061,7.061
1786386449.834,S3,recommend,324,obs,0.975,0.4935,0.715,42.3,1.0,0.715,0.715
1786386449.834,S3,reserve,129,obs,0.9769,0.8518,1.268,43.5,1.348,1.268,1.268
1786386449.834,S3,search,197,obs,0.97,3.0661,3.83,51.0,4.019,3.83,3.83
1786386450.834,S1,recommend,0,prior,0.0,,,,1.24,,1.24
1786386450.834,S1,reserve,0,prior,0.0,,,,1.658,,1.658
1786386450.834,S1,search,0,prior,0.0,,,,6.899,,6.899
1786386450.834,S2,recommend,375,obs,0.9813,1.0153,2.204,32.3,0.975,2.204,2.204
1786386450.834,S2,reserve,220,obs,0.9769,1.5471,2.962,46.0,1.332,2.962,2.962
1786386450.834,S2,search,316,obs,0.9769,4.7023,7.575,43.5,4.287,7.575,7.575
1786386450.834,S3,recommend,324,obs,0.9769,0.5037,0.783,44.8,1.0,0.783,0.783
1786386450.834,S3,reserve,131,obs,0.975,0.8535,1.146,42.3,1.348,1.146,1.146
1786386450.834,S3,search,204,obs,0.9731,3.0574,3.779,47.3,4.019,3.779,3.779
1786386451.834,S1,recommend,0,prior,0.0,,,,1.24,,1.24
1786386451.834,S1,reserve,0,prior,0.0,,,,1.658,,1.658
1786386451.834,S1,search,0,prior,0.0,,,,6.899,,6.899
1786386451.834,S2,recommend,388,obs,0.9818,0.989,2.134,32.6,0.975,2.134,2.134
1786386451.834,S2,reserve,215,obs,0.9787,1.3927,2.73,33.8,1.332,2.73,2.73
1786386451.834,S2,search,308,obs,0.975,4.4996,6.763,35.1,4.287,6.763,6.763
1786386451.834,S3,recommend,313,obs,0.9769,0.5243,0.836,43.8,1.0,0.836,0.836
1786386451.834,S3,reserve,132,obs,0.9769,0.8451,1.086,41.3,1.348,1.086,1.086
1786386451.834,S3,search,215,obs,0.9706,3.0806,3.687,57.6,4.019,3.687,3.687
1786386452.834,S1,recommend,0,prior,0.0,,,,1.24,,1.24
1786386452.834,S1,reserve,0,prior,0.0,,,,1.658,,1.658
1786386452.834,S1,search,0,prior,0.0,,,,6.899,,6.899
1786386452.834,S2,recommend,388,obs,0.9825,1.0202,2.312,31.2,0.975,2.312,2.312
1786386452.834,S2,reserve,206,obs,0.9769,1.414,2.633,36.3,1.332,2.633,2.633
1786386452.834,S2,search,328,obs,0.9825,4.5342,7.315,33.8,4.287,7.315,7.315
1786386452.834,S3,recommend,314,obs,0.9775,0.5144,0.79,45.1,1.0,0.79,0.79
1786386452.834,S3,reserve,140,obs,0.9731,0.8416,1.264,40.0,1.348,1.264,1.264
1786386452.834,S3,search,198,obs,0.9719,3.0846,3.631,43.8,4.019,3.631,3.631
1786386453.834,S1,recommend,0,prior,0.0,,,,1.24,,1.24
1786386453.834,S1,reserve,0,prior,0.0,,,,1.658,,1.658
1786386453.834,S1,search,0,prior,0.0,,,,6.899,,6.899
1786386453.834,S2,recommend,382,obs,0.9806,0.968,2.272,33.8,0.975,2.272,2.272
1786386453.834,S2,reserve,211,obs,0.9825,1.4824,3.38,31.3,1.332,3.38,3.38
1786386453.834,S2,search,331,obs,0.98,4.4815,7.643,32.6,4.287,7.643,7.643
1786386453.834,S3,recommend,315,obs,0.9787,0.5108,0.83,41.3,1.0,0.83,0.83
1786386453.834,S3,reserve,140,obs,0.9768,0.8398,1.288,46.3,1.348,1.288,1.288
1786386453.834,S3,search,196,obs,0.9775,3.077,3.697,42.6,4.019,3.697,3.697
1786386454.834,S1,recommend,0,prior,0.0,,,,1.24,,1.24
1786386454.834,S1,reserve,0,prior,0.0,,,,1.658,,1.658
1786386454.834,S1,search,0,prior,0.0,,,,6.899,,6.899
1786386454.834,S2,recommend,393,obs,0.9812,0.9228,1.782,35.2,0.975,1.782,1.782
1786386454.834,S2,reserve,213,obs,0.9843,1.473,2.75,30.1,1.332,2.75,2.75
1786386454.834,S2,search,319,obs,0.9775,4.4188,7.158,33.8,4.287,7.158,7.158
1786386454.834,S3,recommend,303,obs,0.9731,0.5012,0.822,47.6,1.0,0.822,0.822
1786386454.834,S3,reserve,141,obs,0.9619,0.8708,1.342,52.6,1.348,1.342,1.342
1786386454.834,S3,search,203,obs,0.9769,3.1192,3.817,42.5,4.019,3.817,3.817
1786386455.834,S1,recommend,0,prior,0.0,,,,1.24,,1.24
1786386455.834,S1,reserve,0,prior,0.0,,,,1.658,,1.658
1786386455.834,S1,search,0,prior,0.0,,,,6.899,,6.899
1786386455.834,S2,recommend,401,obs,0.9844,1.013,2.211,30.0,0.975,2.211,2.211
1786386455.834,S2,reserve,200,obs,0.9788,1.4378,2.75,36.2,1.332,2.75,2.75
1786386455.834,S2,search,324,obs,0.9812,4.4771,6.978,32.6,4.287,6.978,6.978
1786386455.834,S3,recommend,301,obs,0.9656,0.5055,0.731,46.3,1.0,0.731,0.731
1786386455.834,S3,reserve,150,obs,0.9731,0.8669,1.282,51.3,1.348,1.282,1.282
1786386455.834,S3,search,198,obs,0.9732,3.1166,3.651,45.0,4.019,3.651,3.651
1786386456.834,S1,recommend,0,prior,0.0,,,,1.24,,1.24
1786386456.834,S1,reserve,0,prior,0.0,,,,1.658,,1.658
1786386456.834,S1,search,0,prior,0.0,,,,6.899,,6.899
1786386456.834,S2,recommend,374,obs,0.9825,1.0314,2.211,26.3,0.975,2.211,2.211
1786386456.834,S2,reserve,201,obs,0.9769,1.4752,2.844,31.3,1.332,2.844,2.844
1786386456.834,S2,search,342,obs,0.9837,4.5739,7.573,28.8,4.287,7.573,7.573
1786386456.834,S3,recommend,330,obs,0.9806,0.5106,0.836,37.6,1.0,0.836,0.836
1786386456.834,S3,reserve,147,obs,0.9769,0.8593,1.281,38.8,1.348,1.281,1.281
1786386456.834,S3,search,183,obs,0.975,3.1177,3.719,40.1,4.019,3.719,3.719
1786386457.834,S1,recommend,0,prior,0.0,,,,1.24,,1.24
1786386457.834,S1,reserve,0,prior,0.0,,,,1.658,,1.658
1786386457.834,S1,search,0,prior,0.0,,,,6.899,,6.899
1786386457.834,S2,recommend,371,obs,0.9844,0.9825,2.305,28.8,0.975,2.305,2.305
1786386457.834,S2,reserve,208,obs,0.9806,1.3963,2.51,26.3,1.332,2.51,2.51
1786386457.834,S2,search,333,obs,0.9819,4.5698,7.506,31.3,4.287,7.506,7.506
1786386457.834,S3,recommend,329,obs,0.9787,0.5199,0.837,36.3,1.0,0.837,0.837
1786386457.834,S3,reserve,141,obs,0.9619,0.8705,1.354,75.1,1.348,1.354,1.354
1786386457.834,S3,search,194,obs,0.9756,3.1477,3.72,45.1,4.019,3.72,3.72
1786386458.834,S1,recommend,0,prior,0.0,,,,1.24,,1.24
1786386458.834,S1,reserve,0,prior,0.0,,,,1.658,,1.658
1786386458.834,S1,search,0,prior,0.0,,,,6.899,,6.899
1786386458.834,S2,recommend,373,obs,0.9862,0.9919,2.327,23.8,0.975,2.327,2.327
1786386458.834,S2,reserve,219,obs,0.9731,1.3438,2.373,28.8,1.332,2.373,2.373
1786386458.834,S2,search,322,obs,0.98,4.5581,7.435,30.1,4.287,7.435,7.435
1786386458.834,S3,recommend,325,obs,0.9775,0.5142,0.827,33.8,1.0,0.827,0.827
1786386458.834,S3,reserve,135,obs,0.9694,0.8649,1.296,58.8,1.348,1.296,1.296
1786386458.834,S3,search,204,obs,0.9737,3.1211,3.79,51.3,4.019,3.79,3.79
1786386459.834,S1,recommend,0,prior,0.0,,,,1.24,,1.24
1786386459.834,S1,reserve,0,prior,0.0,,,,1.658,,1.658
1786386459.834,S1,search,0,prior,0.0,,,,6.899,,6.899
1786386459.834,S2,recommend,370,obs,0.9862,1.195,2.026,26.4,0.975,2.026,2.026
1786386459.834,S2,reserve,217,obs,0.9769,1.5031,2.371,42.5,1.332,2.371,2.371
1786386459.834,S2,search,325,obs,0.9831,4.7517,7.808,31.3,4.287,7.808,7.808
1786386459.834,S3,recommend,331,obs,0.9806,0.4968,0.747,33.8,1.0,0.747,0.747
1786386459.834,S3,reserve,135,obs,0.9806,0.879,1.121,38.8,1.348,1.121,1.121
1786386459.834,S3,search,198,obs,0.975,3.1049,3.674,40.1,4.019,3.674,3.674
1786386460.834,S1,recommend,0,prior,0.0,,,,1.24,,1.24
1786386460.834,S1,reserve,0,prior,0.0,,,,1.658,,1.658
1786386460.834,S1,search,0,prior,0.0,,,,6.899,,6.899
1786386460.834,S2,recommend,390,obs,0.9862,1.1628,2.002,27.3,0.975,2.002,2.002
1786386460.834,S2,reserve,207,obs,0.9862,1.5039,2.56,22.4,1.332,2.56,2.56
1786386460.834,S2,search,312,obs,0.9844,4.6349,7.187,29.8,4.287,7.187,7.187
1786386460.834,S3,recommend,315,obs,0.9825,0.5145,0.784,32.3,1.0,0.784,0.784
1786386460.834,S3,reserve,142,obs,0.9787,0.8651,1.125,33.5,1.348,1.125,1.125
1786386460.834,S3,search,214,obs,0.9787,3.1121,3.86,34.9,4.019,3.86,3.86
1786386461.834,S1,recommend,0,prior,0.0,,,,1.24,,1.24
1786386461.834,S1,reserve,0,prior,0.0,,,,1.658,,1.658
1786386461.834,S1,search,0,prior,0.0,,,,6.899,,6.899
1786386461.834,S2,recommend,400,obs,0.9825,0.9369,2.055,31.1,0.975,2.055,2.055
1786386461.834,S2,reserve,210,obs,0.9731,1.3175,2.426,39.8,1.332,2.426,2.426
1786386461.834,S2,search,303,obs,0.9857,4.3015,6.599,26.0,4.287,6.599,6.599
1786386461.834,S3,recommend,302,obs,0.9794,0.5551,0.944,41.0,1.0,0.944,0.944
1786386461.834,S3,reserve,137,obs,0.9788,0.8624,1.107,32.3,1.348,1.107,1.107
1786386461.834,S3,search,225,obs,0.9806,3.1902,4.174,37.3,4.019,4.174,4.174
1786386462.834,S1,recommend,0,prior,0.0,,,,1.24,,1.24
1786386462.834,S1,reserve,0,prior,0.0,,,,1.658,,1.658
1786386462.834,S1,search,0,prior,0.0,,,,6.899,,6.899
1786386462.834,S2,recommend,376,obs,0.9825,0.9614,2.035,26.3,0.975,2.035,2.035
1786386462.834,S2,reserve,220,obs,0.9881,1.3945,2.687,23.8,1.332,2.687,2.687
1786386462.834,S2,search,325,obs,0.9863,4.4212,7.217,25.1,4.287,7.217,7.217
1786386462.834,S3,recommend,323,obs,0.9843,0.5429,0.935,30.1,1.0,0.935,0.935
1786386462.834,S3,reserve,134,obs,0.9806,0.8755,1.192,35.1,1.348,1.192,1.192
1786386462.834,S3,search,203,obs,0.9656,3.1834,3.95,43.8,4.019,3.95,3.95
1786386463.834,S1,recommend,0,prior,0.0,,,,1.24,,1.24
1786386463.834,S1,reserve,0,prior,0.0,,,,1.658,,1.658
1786386463.834,S1,search,0,prior,0.0,,,,6.899,,6.899
1786386463.834,S2,recommend,389,obs,0.9882,0.9577,2.017,21.3,0.975,2.017,2.017
1786386463.834,S2,reserve,209,obs,0.9863,1.4262,2.673,26.3,1.332,2.673,2.673
1786386463.834,S2,search,319,obs,0.9843,4.4189,7.653,27.6,4.287,7.653,7.653
1786386463.834,S3,recommend,313,obs,0.9825,0.5211,0.813,28.8,1.0,0.813,0.813
1786386463.834,S3,reserve,146,obs,0.9638,0.8616,1.377,30.1,1.348,1.377,1.377
1786386463.834,S3,search,205,obs,0.9756,3.0661,3.665,37.6,4.019,3.665,3.665
1786386464.834,S1,recommend,0,prior,0.0,,,,1.24,,1.24
1786386464.834,S1,reserve,0,prior,0.0,,,,1.658,,1.658
1786386464.834,S1,search,0,prior,0.0,,,,6.899,,6.899
1786386464.834,S2,recommend,400,obs,0.9844,0.9552,2.199,30.0,0.975,2.199,2.199
1786386464.834,S2,reserve,223,obs,0.9882,1.372,2.749,21.3,1.332,2.749,2.749
1786386464.834,S2,search,293,obs,0.9781,4.4638,7.659,22.6,4.287,7.659,7.659
1786386464.834,S3,recommend,304,obs,0.9762,0.5119,0.762,27.6,1.0,0.762,0.762
1786386464.834,S3,reserve,129,obs,0.9769,0.8904,1.471,36.3,1.348,1.471,1.471
1786386464.834,S3,search,232,obs,0.9749,3.0538,3.599,45.2,4.019,3.599,3.599
1786386465.834,S1,recommend,0,prior,0.0,,,,1.24,,1.24
1786386465.834,S1,reserve,0,prior,0.0,,,,1.658,,1.658
1786386465.834,S1,search,0,prior,0.0,,,,6.899,,6.899
1786386465.834,S2,recommend,383,obs,0.9887,1.0174,2.51,21.0,0.975,2.51,2.51
1786386465.834,S2,reserve,219,obs,0.9862,1.4128,3.197,19.8,1.332,3.197,3.197
1786386465.834,S2,search,314,obs,0.9775,4.5466,7.735,23.6,4.287,7.735,7.735
1786386465.834,S3,recommend,324,obs,0.9824,0.5088,0.729,29.9,1.0,0.729,0.729
1786386465.834,S3,reserve,130,obs,0.9656,0.8738,1.318,34.8,1.348,1.318,1.318
1786386465.834,S3,search,213,obs,0.9838,3.0739,3.617,32.3,4.019,3.617,3.617
1786386466.833,S1,recommend,0,prior,0.0,,,,1.24,,1.24
1786386466.833,S1,reserve,0,prior,0.0,,,,1.658,,1.658
1786386466.833,S1,search,0,prior,0.0,,,,6.899,,6.899
1786386466.833,S2,recommend,370,obs,0.9356,1.0023,2.405,126.3,0.975,2.405,2.405
1786386466.833,S2,reserve,195,obs,0.93,1.388,2.518,138.8,1.332,2.518,2.518
1786386466.833,S2,search,305,obs,0.9337,4.5717,7.604,128.8,4.287,7.604,7.604
1786386466.833,S3,recommend,294,obs,0.9262,0.5213,0.77,141.4,1.0,0.77,0.77
1786386466.833,S3,reserve,139,obs,0.9262,0.8481,1.154,127.6,1.348,1.154,1.154
1786386466.833,S3,search,196,obs,0.9319,3.0859,3.63,131.3,4.019,3.63,3.63
1786386467.834,S1,recommend,0,prior,0.0,,,,1.24,,1.24
1786386467.834,S1,reserve,0,prior,0.0,,,,1.658,,1.658
1786386467.834,S1,search,0,prior,0.0,,,,6.899,,6.899
1786386467.834,S2,recommend,386,obs,0.9393,0.976,2.291,117.7,0.975,2.291,2.291
1786386467.834,S2,reserve,197,obs,0.9375,1.3366,2.254,122.6,1.332,2.254,2.254
1786386467.834,S2,search,295,obs,0.9374,4.5955,7.13,120.2,4.287,7.13,7.13
1786386467.834,S3,recommend,282,obs,0.9281,0.5106,0.765,125.1,1.0,0.765,0.765
1786386467.834,S3,reserve,140,obs,0.9244,0.8983,1.289,145.2,1.348,1.289,1.289
1786386467.834,S3,search,205,obs,0.9356,3.2303,3.809,127.6,4.019,3.809,3.809
1786386468.834,S1,recommend,0,prior,0.0,,,,1.24,,1.24
1786386468.834,S1,reserve,0,prior,0.0,,,,1.658,,1.658
1786386468.834,S1,search,0,prior,0.0,,,,6.899,,6.899
1786386468.834,S2,recommend,380,obs,0.9394,0.9907,2.196,116.0,0.975,2.196,2.196
1786386468.834,S2,reserve,198,obs,0.9394,1.3,2.366,117.3,1.332,2.366,2.366
1786386468.834,S2,search,303,obs,0.9375,4.5234,7.142,122.4,4.287,7.142,7.142
1786386468.834,S3,recommend,290,obs,0.9375,0.5031,0.75,123.5,1.0,0.75,0.75
1786386468.834,S3,reserve,137,obs,0.9318,0.9162,1.355,136.1,1.348,1.355,1.355
1786386468.834,S3,search,198,obs,0.93,3.2409,3.897,133.5,4.019,3.897,3.897
1786386469.834,S1,recommend,0,prior,0.0,,,,1.24,,1.24
1786386469.834,S1,reserve,0,prior,0.0,,,,1.658,,1.658
1786386469.834,S1,search,0,prior,0.0,,,,6.899,,6.899
1786386469.834,S2,recommend,368,obs,0.9412,1.1156,2.445,115.2,0.975,2.445,2.445
1786386469.834,S2,reserve,195,obs,0.9375,1.3883,2.714,120.1,1.332,2.714,2.714
1786386469.834,S2,search,312,obs,0.9356,4.8224,7.461,127.6,4.287,7.461,7.461
1786386469.834,S3,recommend,303,obs,0.9368,0.5,0.72,122.6,1.0,0.72,0.72
1786386469.834,S3,reserve,138,obs,0.9281,0.8746,1.293,131.4,1.348,1.293,1.293
1786386469.834,S3,search,188,obs,0.9088,3.085,3.859,143.9,4.019,3.859,3.859
1786386470.834,S1,recommend,0,prior,0.0,,,,1.24,,1.24
1786386470.834,S1,reserve,0,prior,0.0,,,,1.658,,1.658
1786386470.834,S1,search,0,prior,0.0,,,,6.899,,6.899
1786386470.834,S2,recommend,385,obs,0.9406,1.0399,2.217,113.9,0.975,2.217,2.217
1786386470.834,S2,reserve,195,obs,0.9375,1.402,2.504,111.3,1.332,2.504,2.504
1786386470.834,S2,search,302,obs,0.9369,4.6993,6.991,123.9,4.287,6.991,6.991
1786386470.834,S3,recommend,285,obs,0.9375,0.5106,0.739,121.3,1.0,0.739,0.739
1786386470.834,S3,reserve,139,obs,0.9319,0.862,1.15,126.4,1.348,1.15,1.15
1786386470.834,S3,search,201,obs,0.9356,3.0933,3.886,127.7,4.019,3.886,3.886
1786386471.834,S1,recommend,0,prior,0.0,,,,1.24,,1.24
1786386471.834,S1,reserve,0,prior,0.0,,,,1.658,,1.658
1786386471.834,S1,search,0,prior,0.0,,,,6.899,,6.899
1786386471.834,S2,recommend,381,obs,0.9418,0.9358,1.953,111.3,0.975,1.953,1.953
1786386471.834,S2,reserve,196,obs,0.9262,1.3386,2.447,132.6,1.332,2.447,2.447
1786386471.834,S2,search,306,obs,0.94,4.4016,6.54,117.6,4.287,6.54,6.54
1786386471.834,S3,recommend,286,obs,0.9375,0.5208,0.845,123.9,1.0,0.845,0.845
1786386471.834,S3,reserve,141,obs,0.9375,0.8486,1.155,121.4,1.348,1.155,1.155
1786386471.834,S3,search,197,obs,0.9187,3.1026,3.826,151.4,4.019,3.826,3.826
1786386472.834,S1,recommend,0,prior,0.0,,,,1.24,,1.24
1786386472.834,S1,reserve,0,prior,0.0,,,,1.658,,1.658
1786386472.834,S1,search,0,prior,0.0,,,,6.899,,6.899
1786386472.834,S2,recommend,369,obs,0.9413,0.9722,2.132,115.1,0.975,2.132,2.132
1786386472.834,S2,reserve,206,obs,0.9412,1.3548,2.426,116.4,1.332,2.426,2.426
1786386472.834,S2,search,307,obs,0.9412,4.5457,7.313,113.9,4.287,7.313,7.313
1786386472.834,S3,recommend,301,obs,0.9337,0.5115,0.727,122.6,1.0,0.727,0.727
1786386472.834,S3,reserve,131,obs,0.9187,0.8953,1.188,157.7,1.348,1.188,1.188
1786386472.834,S3,search,192,obs,0.9232,3.1096,3.628,146.3,4.019,3.628,3.628
1786386473.834,S1,recommend,0,prior,0.0,,,,1.24,,1.24
1786386473.834,S1,reserve,0,prior,0.0,,,,1.658,,1.658
1786386473.834,S1,search,0,prior,0.0,,,,6.899,,6.899
1786386473.834,S2,recommend,381,obs,0.9443,0.9184,2.154,110.2,0.975,2.154,2.154
1786386473.834,S2,reserve,215,obs,0.9412,1.3262,2.443,111.4,1.332,2.443,2.443
1786386473.834,S2,search,288,obs,0.9325,4.5103,6.97,130.2,4.287,6.97,6.97
1786386473.834,S3,recommend,291,obs,0.9375,0.5253,0.809,121.4,1.0,0.809,0.809
1786386473.834,S3,reserve,121,obs,0.9319,0.9205,1.523,133.8,1.348,1.523,1.523
1786386473.834,S3,search,212,obs,0.9306,3.087,3.693,126.4,4.019,3.693,3.693
1786386474.834,S1,recommend,0,prior,0.0,,,,1.24,,1.24
1786386474.834,S1,reserve,0,prior,0.0,,,,1.658,,1.658
1786386474.834,S1,search,0,prior,0.0,,,,6.899,,6.899
1786386474.834,S2,recommend,379,obs,0.9393,0.9522,2.327,120.2,0.975,2.327,2.327
1786386474.834,S2,reserve,206,obs,0.9394,1.3229,2.5,110.1,1.332,2.5,2.5
1786386474.834,S2,search,292,obs,0.9375,4.5153,7.172,111.4,4.287,7.172,7.172
1786386474.834,S3,recommend,293,obs,0.9394,0.5304,0.85,118.8,1.0,0.85,0.85
1786386474.834,S3,reserve,128,obs,0.9225,0.8695,1.212,147.6,1.348,1.212,1.212
1786386474.834,S3,search,211,obs,0.9281,3.0696,3.736,140.1,4.019,3.736,3.736
1786386475.834,S1,recommend,0,prior,0.0,,,,1.24,,1.24
1786386475.834,S1,reserve,0,prior,0.0,,,,1.658,,1.658
1786386475.834,S1,search,0,prior,0.0,,,,6.899,,6.899
1786386475.834,S2,recommend,368,obs,0.9406,0.9631,2.191,107.7,0.975,2.191,2.191
1786386475.834,S2,reserve,206,obs,0.945,1.4332,2.597,108.9,1.332,2.597,2.597
1786386475.834,S2,search,311,obs,0.9375,4.5406,7.228,120.1,4.287,7.228,7.228
1786386475.834,S3,recommend,303,obs,0.94,0.5183,0.785,117.6,1.0,0.785,0.785
1786386475.834,S3,reserve,131,obs,0.9319,0.86,1.211,123.9,1.348,1.211,1.211
1786386475.834,S3,search,193,obs,0.9356,3.083,3.659,125.1,4.019,3.659,3.659
1786386476.834,S1,recommend,0,prior,0.0,,,,1.24,,1.24
1786386476.834,S1,reserve,0,prior,0.0,,,,1.658,,1.658
1786386476.834,S1,search,0,prior,0.0,,,,6.899,,6.899
1786386476.834,S2,recommend,364,obs,0.9431,0.9761,2.245,106.4,0.975,2.245,2.245
1786386476.834,S2,reserve,211,obs,0.945,1.4427,2.546,107.6,1.332,2.546,2.546
1786386476.834,S2,search,312,obs,0.94,4.633,7.697,115.2,4.287,7.697,7.697
1786386476.834,S3,recommend,307,obs,0.9394,0.5082,0.765,117.7,1.0,0.765,0.765
1786386476.834,S3,reserve,128,obs,0.9356,0.8525,1.125,122.6,1.348,1.125,1.125
1786386476.834,S3,search,190,obs,0.9375,3.0868,3.775,123.8,4.019,3.775,3.775
1786386477.834,S1,recommend,0,prior,0.0,,,,1.24,,1.24
1786386477.834,S1,reserve,0,prior,0.0,,,,1.658,,1.658
1786386477.834,S1,search,0,prior,0.0,,,,6.899,,6.899
1786386477.834,S2,recommend,375,obs,0.9475,1.0099,2.195,103.9,0.975,2.195,2.195
1786386477.834,S2,reserve,212,obs,0.9375,1.3458,2.273,117.7,1.332,2.273,2.273
1786386477.834,S2,search,305,obs,0.9437,4.6934,8.615,110.2,4.287,8.615,8.615
1786386477.834,S3,recommend,299,obs,0.93,0.5201,0.878,120.2,1.0,0.878,0.878
1786386477.834,S3,reserve,122,obs,0.9206,0.8624,1.083,155.2,1.348,1.083,1.083
1786386477.834,S3,search,198,obs,0.9325,3.0843,3.867,128.8,4.019,3.867,3.867
1786386478.834,S1,recommend,0,prior,0.0,,,,1.24,,1.24
1786386478.834,S1,reserve,0,prior,0.0,,,,1.658,,1.658
1786386478.834,S1,search,0,prior,0.0,,,,6.899,,6.899
1786386478.834,S2,recommend,378,obs,0.9475,1.0035,2.195,102.7,0.975,2.195,2.195
1786386478.834,S2,reserve,193,obs,0.9431,1.3327,2.28,108.9,1.332,2.28,2.28
1786386478.834,S2,search,310,obs,0.9463,4.6499,8.188,106.3,4.287,8.188,8.188
1786386478.834,S3,recommend,297,obs,0.9394,0.5287,0.929,115.2,1.0,0.929,0.929
1786386478.834,S3,reserve,143,obs,0.9375,0.8517,1.097,112.7,1.348,1.097,1.097
1786386478.834,S3,search,194,obs,0.9337,3.0715,3.654,117.6,4.019,3.654,3.654
1786386479.834,S1,recommend,0,prior,0.0,,,,1.24,,1.24
1786386479.834,S1,reserve,0,prior,0.0,,,,1.658,,1.658
1786386479.834,S1,search,0,prior,0.0,,,,6.899,,6.899
1786386479.834,S2,recommend,366,obs,0.9444,1.0071,2.318,106.4,0.975,2.318,2.318
1786386479.834,S2,reserve,193,obs,0.9413,1.447,2.739,103.9,1.332,2.739,2.739
1786386479.834,S2,search,311,obs,0.9431,4.6496,7.578,112.7,4.287,7.578,7.578
1786386479.834,S3,recommend,307,obs,0.9375,0.5063,0.803,121.4,1.0,0.803,0.803
1786386479.834,S3,reserve,141,obs,0.9375,0.8445,1.222,115.2,1.348,1.222,1.222
1786386479.834,S3,search,195,obs,0.935,3.0618,3.59,123.9,4.019,3.59,3.59
1786386480.834,S1,recommend,0,prior,0.0,,,,1.24,,1.24
1786386480.834,S1,reserve,0,prior,0.0,,,,1.658,,1.658
1786386480.834,S1,search,0,prior,0.0,,,,6.899,,6.899
1786386480.834,S2,recommend,357,obs,0.9469,1.0381,2.446,101.4,0.975,2.446,2.446
1786386480.834,S2,reserve,204,obs,0.9412,1.6092,2.786,102.7,1.332,2.786,2.786
1786386480.834,S2,search,323,obs,0.945,4.6378,7.463,107.7,4.287,7.463,7.463
1786386480.834,S3,recommend,314,obs,0.9412,0.5013,0.71,116.4,1.0,0.71,0.71
1786386480.834,S3,reserve,135,obs,0.9431,0.8404,1.099,110.1,1.348,1.099,1.099
1786386480.834,S3,search,182,obs,0.9244,3.1077,3.687,145.1,4.019,3.687,3.687
1786386481.834,S1,recommend,0,prior,0.0,,,,1.24,,1.24
1786386481.834,S1,reserve,0,prior,0.0,,,,1.658,,1.658
1786386481.834,S1,search,0,prior,0.0,,,,6.899,,6.899
1786386481.834,S2,recommend,380,obs,0.9487,0.9431,2.132,99.9,0.975,2.132,2.132
1786386481.834,S2,reserve,200,obs,0.9469,1.4914,2.836,101.1,1.332,2.836,2.836
1786386481.834,S2,search,314,obs,0.9456,4.47,7.185,108.6,4.287,7.185,7.185
1786386481.834,S3,recommend,296,obs,0.9394,0.5152,0.752,111.1,1.0,0.752,0.752
1786386481.834,S3,reserve,138,obs,0.9393,0.8344,1.101,119.9,1.348,1.101,1.101
1786386481.834,S3,search,190,obs,0.9418,3.0927,3.747,112.4,4.019,3.747,3.747
1786386482.834,S1,recommend,0,prior,0.0,,,,1.24,,1.24
1786386482.834,S1,reserve,0,prior,0.0,,,,1.658,,1.658
1786386482.834,S1,search,0,prior,0.0,,,,6.899,,6.899
1786386482.834,S2,recommend,392,obs,0.95,0.9173,1.957,98.9,0.975,1.957,1.957
1786386482.834,S2,reserve,203,obs,0.9413,1.4163,2.836,115.1,1.332,2.836,2.836
1786386482.834,S2,search,298,obs,0.9456,4.3986,7.185,103.9,4.287,7.185,7.185
1786386482.834,S3,recommend,286,obs,0.9431,0.5126,0.867,110.1,1.0,0.867,0.867
1786386482.834,S3,reserve,133,obs,0.9375,0.8589,1.318,111.4,1.348,1.318,1.318
1786386482.834,S3,search,207,obs,0.9312,3.0572,3.651,116.4,4.019,3.651,3.651
1786386483.834,S1,recommend,0,prior,0.0,,,,1.24,,1.24
1786386483.834,S1,reserve,0,prior,0.0,,,,1.658,,1.658
1786386483.834,S1,search,0,prior,0.0,,,,6.899,,6.899
1786386483.834,S2,recommend,375,obs,0.9512,0.9779,2.171,96.1,0.975,2.171,2.171
1786386483.834,S2,reserve,211,obs,0.9413,1.4828,2.603,109.8,1.332,2.603,2.603
1786386483.834,S2,search,309,obs,0.9468,4.4559,7.32,102.4,4.287,7.32,7.32
1786386483.834,S3,recommend,303,obs,0.9406,0.4998,0.805,112.4,1.0,0.805,0.805
1786386483.834,S3,reserve,125,obs,0.9412,0.852,1.159,106.1,1.348,1.159,1.159
1786386483.834,S3,search,197,obs,0.9444,3.0777,3.678,111.1,4.019,3.678,3.678
1786386484.834,S1,recommend,0,prior,0.0,,,,1.24,,1.24
1786386484.834,S1,reserve,0,prior,0.0,,,,1.658,,1.658
1786386484.834,S1,search,0,prior,0.0,,,,6.899,,6.899
1786386484.834,S2,recommend,363,obs,0.9506,0.9757,2.1,96.3,0.975,2.1,2.1
1786386484.834,S2,reserve,212,obs,0.9469,1.4902,2.903,105.2,1.332,2.903,2.903
1786386484.834,S2,search,314,obs,0.9412,4.3866,6.819,102.7,4.287,6.819,6.819
1786386484.834,S3,recommend,310,obs,0.9431,0.5106,0.811,107.6,1.0,0.811,0.811
1786386484.834,S3,reserve,126,obs,0.9169,0.8429,1.141,112.6,1.348,1.141,1.141
1786386484.834,S3,search,194,obs,0.9431,3.1258,3.694,110.1,4.019,3.694,3.694
1786386485.834,S1,recommend,0,prior,0.0,,,,1.24,,1.24
1786386485.834,S1,reserve,0,prior,0.0,,,,1.658,,1.658
1786386485.834,S1,search,0,prior,0.0,,,,6.899,,6.899
1786386485.834,S2,recommend,367,obs,0.9506,0.9555,2.184,95.2,0.975,2.184,2.184
1786386485.834,S2,reserve,208,obs,0.9487,1.445,2.976,96.3,1.332,2.976,2.976
1786386485.834,S2,search,314,obs,0.9487,4.3851,6.94,101.4,4.287,6.94,6.94
1786386485.834,S3,recommend,307,obs,0.9431,0.5072,0.793,106.4,1.0,0.793,0.793
1786386485.834,S3,reserve,133,obs,0.9357,0.8364,1.098,126.4,1.348,1.098,1.098
1786386485.834,S3,search,191,obs,0.9394,3.0989,3.647,116.4,4.019,3.647,3.647
1786386486.834,S1,recommend,0,prior,0.0,,,,1.24,,1.24
1786386486.834,S1,reserve,0,prior,0.0,,,,1.658,,1.658
1786386486.834,S1,search,0,prior,0.0,,,,6.899,,6.899
1786386486.834,S2,recommend,359,obs,0.945,1.0091,2.238,101.1,0.975,2.238,2.238
1786386486.834,S2,reserve,204,obs,0.9507,1.4266,2.837,98.6,1.332,2.837,2.837
1786386486.834,S2,search,326,obs,0.9487,4.5255,7.119,96.1,4.287,7.119,7.119
1786386486.834,S3,recommend,318,obs,0.9431,0.5009,0.732,112.4,1.0,0.732,0.732
1786386486.834,S3,reserve,134,obs,0.9394,0.838,1.055,117.3,1.348,1.055,1.055
1786386486.834,S3,search,182,obs,0.9456,3.066,3.638,106.1,4.019,3.638,3.638
1786386487.834,S1,recommend,0,prior,0.0,,,,1.24,,1.24
1786386487.834,S1,reserve,0,prior,0.0,,,,1.658,,1.658
1786386487.834,S1,search,0,prior,0.0,,,,6.899,,6.899
1786386487.834,S2,recommend,370,obs,0.9525,1.0196,2.113,92.7,0.975,2.113,2.113
1786386487.834,S2,reserve,204,obs,0.9506,1.4133,2.502,93.9,1.332,2.502,2.502
1786386487.834,S2,search,312,obs,0.9488,4.5653,7.119,101.4,4.287,7.119,7.119
1786386487.834,S3,recommend,309,obs,0.945,0.5353,0.851,103.9,1.0,0.851,0.851
1786386487.834,S3,reserve,133,obs,0.9412,0.9009,1.078,108.9,1.348,1.078,1.078
1786386487.834,S3,search,195,obs,0.9375,3.1019,3.869,117.7,4.019,3.869,3.869
1786386488.834,S1,recommend,0,prior,0.0,,,,1.24,,1.24
1786386488.834,S1,reserve,0,prior,0.0,,,,1.658,,1.658
1786386488.834,S1,search,0,prior,0.0,,,,6.899,,6.899
1786386488.834,S2,recommend,389,obs,0.9525,0.9792,2.234,91.4,0.975,2.234,2.234
1786386488.834,S2,reserve,185,obs,0.9412,1.4325,2.574,103.9,1.332,2.574,2.574
1786386488.834,S2,search,306,obs,0.9488,4.5194,7.041,96.4,4.287,7.041,7.041
1786386488.834,S3,recommend,288,obs,0.9393,0.5416,0.889,116.4,1.0,0.889,0.889
1786386488.834,S3,reserve,151,obs,0.9413,0.8775,1.078,107.6,1.348,1.078,1.078
1786386488.834,S3,search,204,obs,0.9468,3.0904,3.842,105.2,4.019,3.842,3.842
1786386489.834,S1,recommend,0,prior,0.0,,,,1.24,,1.24
1786386489.834,S1,reserve,0,prior,0.0,,,,1.658,,1.658
1786386489.834,S1,search,0,prior,0.0,,,,6.899,,6.899
1786386489.834,S2,recommend,395,obs,0.9525,1.0298,2.163,93.6,0.975,2.163,2.163
1786386489.834,S2,reserve,196,obs,0.9506,1.7221,2.777,98.6,1.332,2.777,2.777
1786386489.834,S2,search,299,obs,0.9512,4.7779,7.163,94.9,4.287,7.163,7.163
1786386489.834,S3,recommend,279,obs,0.945,0.5248,0.825,101.1,1.0,0.825,0.825
1786386489.834,S3,reserve,146,obs,0.9468,0.8429,1.112,102.4,1.348,1.112,1.112
1786386489.834,S3,search,209,obs,0.9431,3.0751,3.78,107.4,4.019,3.78,3.78
1786386490.834,S1,recommend,0,prior,0.0,,,,1.24,,1.24
1786386490.834,S1,reserve,0,prior,0.0,,,,1.658,,1.658
1786386490.834,S1,search,0,prior,0.0,,,,6.899,,6.899
1786386490.834,S2,recommend,392,obs,0.9506,1.0796,2.266,96.4,0.975,2.266,2.266
1786386490.834,S2,reserve,200,obs,0.9525,1.7893,3.142,93.9,1.332,3.142,3.142
1786386490.834,S2,search,295,obs,0.9506,4.9057,8.097,95.2,4.287,8.097,8.097
1786386490.834,S3,recommend,286,obs,0.9431,0.511,0.776,100.2,1.0,0.776,0.776
1786386490.834,S3,reserve,141,obs,0.9468,0.8647,1.224,101.4,1.348,1.224,1.224
1786386490.834,S3,search,211,obs,0.9337,3.108,3.784,121.4,4.019,3.784,3.784
1786386491.834,S1,recommend,0,prior,0.0,,,,1.24,,1.24
1786386491.834,S1,reserve,0,prior,0.0,,,,1.658,,1.658
1786386491.834,S1,search,0,prior,0.0,,,,6.899,,6.899
1786386491.834,S2,recommend,376,obs,0.9518,1.0538,2.291,95.2,0.975,2.291,2.291
1786386491.834,S2,reserve,202,obs,0.945,1.4722,3.224,100.2,1.332,3.224,3.224
1786386491.834,S2,search,307,obs,0.9487,4.6181,7.684,97.7,4.287,7.684,7.684
1786386491.834,S3,recommend,302,obs,0.945,0.5039,0.729,102.7,1.0,0.729,0.729
1786386491.834,S3,reserve,135,obs,0.9431,0.8722,1.397,111.4,1.348,1.397,1.397
1786386491.834,S3,search,200,obs,0.9418,3.1047,3.684,107.7,4.019,3.684,3.684
1786386492.834,S1,recommend,0,prior,0.0,,,,1.24,,1.24
1786386492.834,S1,reserve,0,prior,0.0,,,,1.658,,1.658
1786386492.834,S1,search,0,prior,0.0,,,,6.899,,6.899
1786386492.834,S2,recommend,382,obs,0.9518,0.9551,1.93,93.9,0.975,1.93,1.93
1786386492.834,S2,reserve,222,obs,0.9431,1.3462,3.037,106.4,1.332,3.037,3.037
1786386492.834,S2,search,294,obs,0.9487,4.6548,7.642,92.7,4.287,7.642,7.642
1786386492.834,S3,recommend,298,obs,0.9487,0.5147,0.773,101.4,1.0,0.773,0.773
1786386492.834,S3,reserve,114,obs,0.9375,0.8825,1.411,113.9,1.348,1.411,1.411
1786386492.834,S3,search,213,obs,0.9375,3.1084,3.803,121.4,4.019,3.803,3.803
1786386493.834,S1,recommend,0,prior,0.0,,,,1.24,,1.24
1786386493.834,S1,reserve,0,prior,0.0,,,,1.658,,1.658
1786386493.834,S1,search,0,prior,0.0,,,,6.899,,6.899
1786386493.834,S2,recommend,369,obs,0.9544,0.912,1.96,88.9,0.975,1.96,1.96
1786386493.834,S2,reserve,238,obs,0.9488,1.3501,2.578,90.1,1.332,2.578,2.578
1786386493.834,S2,search,295,obs,0.9506,4.6782,7.617,93.9,4.287,7.617,7.617
1786386493.834,S3,recommend,308,obs,0.9413,0.5102,0.756,103.9,1.0,0.756,0.756
1786386493.834,S3,reserve,102,obs,0.9488,0.879,1.411,101.4,1.348,1.411,1.411
1786386493.834,S3,search,214,obs,0.9356,3.1039,3.824,125.2,4.019,3.824,3.824
1786386494.834,S1,recommend,0,prior,0.0,,,,1.24,,1.24
1786386494.834,S1,reserve,0,prior,0.0,,,,1.658,,1.658
1786386494.834,S1,search,0,prior,0.0,,,,6.899,,6.899
1786386494.834,S2,recommend,367,obs,0.9506,0.9374,2.349,91.4,0.975,2.349,2.349
1786386494.834,S2,reserve,225,obs,0.9507,1.3215,2.373,96.4,1.332,2.373,2.373
1786386494.834,S2,search,307,obs,0.9525,4.4902,7.262,93.9,4.287,7.262,7.262
1786386494.834,S3,recommend,310,obs,0.9468,0.5001,0.733,102.7,1.0,0.733,0.733
1786386494.834,S3,reserve,117,obs,0.945,0.868,1.259,103.9,1.348,1.259,1.259
1786386494.834,S3,search,200,obs,0.9444,3.0588,3.659,101.3,4.019,3.659,3.659
1786386495.834,S1,recommend,0,prior,0.0,,,,1.24,,1.24
1786386495.834,S1,reserve,0,prior,0.0,,,,1.658,,1.658
1786386495.834,S1,search,0,prior,0.0,,,,6.899,,6.899
1786386495.834,S2,recommend,384,obs,0.9532,0.9489,2.196,88.9,0.975,2.196,2.196
1786386495.834,S2,reserve,200,obs,0.9525,1.3502,2.554,91.4,1.332,2.554,2.554
1786386495.834,S2,search,309,obs,0.9449,4.4491,7.187,100.2,4.287,7.187,7.187
1786386495.834,S3,recommend,297,obs,0.9488,0.4994,0.705,101.4,1.0,0.705,0.705
1786386495.834,S3,reserve,139,obs,0.945,0.8491,1.166,102.7,1.348,1.166,1.166
1786386495.834,S3,search,198,obs,0.9437,3.0549,3.553,110.2,4.019,3.553,3.553
1786386496.834,S1,recommend,0,prior,0.0,,,,1.24,,1.24
1786386496.834,S1,reserve,0,prior,0.0,,,,1.658,,1.658
1786386496.834,S1,search,0,prior,0.0,,,,6.899,,6.899
1786386496.834,S2,recommend,377,obs,0.9569,0.967,2.114,83.9,0.975,2.114,2.114
1786386496.834,S2,reserve,201,obs,0.9487,1.4004,2.757,93.9,1.332,2.757,2.757
1786386496.834,S2,search,306,obs,0.9538,4.399,6.864,91.4,4.287,6.864,6.864
1786386496.834,S3,recommend,307,obs,0.9475,0.5047,0.751,98.9,1.0,0.751,0.751
1786386496.834,S3,reserve,137,obs,0.9487,0.8617,1.186,97.7,1.348,1.186,1.186
1786386496.834,S3,search,202,obs,0.94,3.0742,3.677,105.2,4.019,3.677,3.677
1786386497.834,S1,recommend,0,prior,0.0,,,,1.24,,1.24
1786386497.834,S1,reserve,0,prior,0.0,,,,1.658,,1.658
1786386497.834,S1,search,0,prior,0.0,,,,6.899,,6.899
1786386497.834,S2,recommend,399,obs,0.9538,0.9338,2.06,87.6,0.975,2.06,2.06
1786386497.834,S2,reserve,189,obs,0.9487,1.3657,2.521,88.9,1.332,2.521,2.521
1786386497.834,S2,search,300,obs,0.9543,4.2783,6.614,85.2,4.287,6.614,6.614
1786386497.834,S3,recommend,281,obs,0.9512,0.5043,0.768,93.9,1.0,0.768,0.768
1786386497.834,S3,reserve,149,obs,0.9431,0.8693,1.186,103.9,1.348,1.186,1.186
1786386497.834,S3,search,213,obs,0.9512,3.1176,3.792,96.4,4.019,3.792,3.792
1786386498.834,S1,recommend,0,prior,0.0,,,,1.24,,1.24
1786386498.834,S1,reserve,0,prior,0.0,,,,1.658,,1.658
1786386498.834,S1,search,0,prior,0.0,,,,6.899,,6.899
1786386498.834,S2,recommend,393,obs,0.9544,0.9378,2.066,90.2,0.975,2.066,2.066
1786386498.834,S2,reserve,185,obs,0.9563,1.4041,2.695,83.9,1.332,2.695,2.695
1786386498.834,S2,search,307,obs,0.9525,4.3675,6.89,88.9,4.287,6.89,6.89
1786386498.834,S3,recommend,283,obs,0.9506,0.5198,0.913,94.0,1.0,0.913,0.913
1786386498.834,S3,reserve,158,obs,0.9356,0.8561,1.124,106.4,1.348,1.124,1.124
1786386498.834,S3,search,205,obs,0.9513,3.1235,3.69,95.2,4.019,3.69,3.69
1786386499.834,S1,recommend,0,prior,0.0,,,,1.24,,1.24
1786386499.834,S1,reserve,0,prior,0.0,,,,1.658,,1.658
1786386499.834,S1,search,0,prior,0.0,,,,6.899,,6.899
1786386499.834,S2,recommend,383,obs,0.9544,1.0498,2.226,88.6,0.975,2.226,2.226
1786386499.834,S2,reserve,201,obs,0.9563,1.6413,3.034,86.1,1.332,3.034,3.034
1786386499.834,S2,search,302,obs,0.9525,4.4789,7.234,91.1,4.287,7.234,7.234
1786386499.834,S3,recommend,297,obs,0.9451,0.5173,0.793,96.0,1.0,0.793,0.793
1786386499.834,S3,reserve,141,obs,0.9506,0.857,1.093,93.6,1.348,1.093,1.093
1786386499.834,S3,search,206,obs,0.9431,3.0761,3.589,113.6,4.019,3.589,3.589
1786386500.834,S1,recommend,0,prior,0.0,,,,1.24,,1.24
1786386500.834,S1,reserve,0,prior,0.0,,,,1.658,,1.658
1786386500.834,S1,search,0,prior,0.0,,,,6.899,,6.899
1786386500.834,S2,recommend,398,obs,0.9563,1.0854,2.216,80.1,0.975,2.216,2.216
1786386500.834,S2,reserve,199,obs,0.9544,1.5644,2.7,85.2,1.332,2.7,2.7
1786386500.834,S2,search,292,obs,0.9487,4.4142,6.799,97.8,4.287,6.799,6.799
1786386500.834,S3,recommend,287,obs,0.9544,0.5126,0.771,90.2,1.0,0.771,0.771
1786386500.834,S3,reserve,140,obs,0.9487,0.8788,1.238,100.2,1.348,1.238,1.238
1786386500.834,S3,search,216,obs,0.9487,3.0731,3.613,94.0,4.019,3.613,3.613
1786386501.834,S1,recommend,0,prior,0.0,,,,1.24,,1.24
1786386501.834,S1,reserve,0,prior,0.0,,,,1.658,,1.658
1786386501.834,S1,search,0,prior,0.0,,,,6.899,,6.899
1786386501.834,S2,recommend,397,obs,0.9587,0.9951,2.111,81.4,0.975,2.111,2.111
1786386501.834,S2,reserve,192,obs,0.9506,1.3494,2.235,91.4,1.332,2.235,2.235
1786386501.834,S2,search,305,obs,0.9563,4.5491,7.292,83.9,4.287,7.292,7.292
1786386501.834,S3,recommend,287,obs,0.9488,0.5121,0.777,90.1,1.0,0.777,0.777
1786386501.834,S3,reserve,146,obs,0.9394,0.8926,1.293,106.4,1.348,1.293,1.293
1786386501.834,S3,search,205,obs,0.9413,3.1173,3.805,103.9,4.019,3.805,3.805
1786386502.834,S1,recommend,0,prior,0.0,,,,1.24,,1.24
1786386502.834,S1,reserve,0,prior,0.0,,,,1.658,,1.658
1786386502.834,S1,search,0,prior,0.0,,,,6.899,,6.899
1786386502.834,S2,recommend,392,obs,0.9507,0.9304,2.005,81.4,0.975,2.005,2.005
1786386502.834,S2,reserve,211,obs,0.9562,1.3897,2.652,86.4,1.332,2.652,2.652
1786386502.834,S2,search,297,obs,0.9562,4.608,7.882,83.9,4.287,7.882,7.882
1786386502.834,S3,recommend,287,obs,0.9544,0.518,0.837,88.9,1.0,0.837,0.837
1786386502.834,S3,reserve,130,obs,0.9431,0.8794,1.152,101.4,1.348,1.152,1.152
1786386502.834,S3,search,216,obs,0.9437,3.1482,3.842,93.9,4.019,3.842,3.842
1786386503.834,S1,recommend,0,prior,0.0,,,,1.24,,1.24
1786386503.834,S1,reserve,0,prior,0.0,,,,1.658,,1.658
1786386503.834,S1,search,0,prior,0.0,,,,6.899,,6.899
1786386503.834,S2,recommend,395,obs,0.9563,0.9587,2.048,80.2,0.975,2.048,2.048
1786386503.834,S2,reserve,219,obs,0.9469,1.3347,2.472,81.4,1.332,2.472,2.472
1786386503.834,S2,search,285,obs,0.9581,4.6523,7.547,82.7,4.287,7.547,7.547
1786386503.834,S3,recommend,284,obs,0.9506,0.5168,0.811,95.2,1.0,0.811,0.811
1786386503.834,S3,reserve,127,obs,0.9543,0.8863,1.289,88.9,1.348,1.289,1.289
1786386503.834,S3,search,224,obs,0.9469,3.1154,3.815,101.4,4.019,3.815,3.815
1786386504.834,S1,recommend,0,prior,0.0,,,,1.24,,1.24
1786386504.834,S1,reserve,0,prior,0.0,,,,1.658,,1.658
1786386504.834,S1,search,0,prior,0.0,,,,6.899,,6.899
1786386504.834,S2,recommend,395,obs,0.9525,1.0011,2.129,86.4,0.975,2.129,2.129
1786386504.834,S2,reserve,204,obs,0.96,1.3146,2.294,76.4,1.332,2.294,2.294
1786386504.834,S2,search,301,obs,0.9562,4.5781,7.112,81.4,4.287,7.112,7.112
1786386504.834,S3,recommend,288,obs,0.9531,0.4966,0.736,92.7,1.0,0.736,0.736
1786386504.834,S3,reserve,138,obs,0.9469,0.8665,1.28,98.9,1.348,1.28,1.28
1786386504.834,S3,search,209,obs,0.9487,3.0877,3.75,100.2,4.019,3.75,3.75
1786386505.834,S1,recommend,0,prior,0.0,,,,1.24,,1.24
1786386505.834,S1,reserve,0,prior,0.0,,,,1.658,,1.658
1786386505.834,S1,search,0,prior,0.0,,,,6.899,,6.899
1786386505.834,S2,recommend,380,obs,0.9569,1.0026,2.232,83.9,0.975,2.232,2.232
1786386505.834,S2,reserve,197,obs,0.9581,1.3581,2.666,78.9,1.332,2.666,2.666
1786386505.834,S2,search,314,obs,0.9593,4.5568,7.079,80.2,4.287,7.079,7.079
1786386505.834,S3,recommend,304,obs,0.9556,0.4966,0.717,85.2,1.0,0.717,0.717
1786386505.834,S3,reserve,142,obs,0.9356,0.8405,1.163,116.4,1.348,1.163,1.163
1786386505.834,S3,search,198,obs,0.9456,3.0859,3.75,90.2,4.019,3.75,3.75
1786386506.834,S1,recommend,0,prior,0.0,,,,1.24,,1.24
1786386506.834,S1,reserve,0,prior,0.0,,,,1.658,,1.658
1786386506.834,S1,search,0,prior,0.0,,,,6.899,,6.899
1786386506.834,S2,recommend,369,obs,0.96,0.9599,2.099,79.9,0.975,2.099,2.099
1786386506.834,S2,reserve,198,obs,0.9394,1.3926,2.666,88.7,1.332,2.666,2.666
1786386506.834,S2,search,320,obs,0.9581,4.5145,7.08,81.2,4.287,7.08,7.08
1786386506.834,S3,recommend,314,obs,0.9538,0.4977,0.758,87.4,1.0,0.758,0.758
1786386506.834,S3,reserve,140,obs,0.9487,0.8334,1.031,92.4,1.348,1.031,1.031
1786386506.834,S3,search,195,obs,0.9518,3.0835,3.726,89.9,4.019,3.726,3.726
1786386507.834,S1,recommend,0,prior,0.0,,,,1.24,,1.24
1786386507.834,S1,reserve,0,prior,0.0,,,,1.658,,1.658
1786386507.834,S1,search,0,prior,0.0,,,,6.899,,6.899
1786386507.834,S2,recommend,359,obs,0.9625,1.0052,2.049,74.0,0.975,2.049,2.049
1786386507.834,S2,reserve,200,obs,0.9488,1.4369,2.816,87.8,1.332,2.816,2.816
1786386507.834,S2,search,336,obs,0.9582,4.5614,7.149,81.4,4.287,7.149,7.149
1786386507.834,S3,recommend,322,obs,0.9431,0.4895,0.77,109.0,1.0,0.77,0.77
1786386507.834,S3,reserve,143,obs,0.9562,0.9318,1.216,84.0,1.348,1.216,1.216
1786386507.834,S3,search,178,obs,0.9537,3.2176,4.055,85.3,4.019,4.055,4.055
1786386508.834,S1,recommend,0,prior,0.0,,,,1.24,,1.24
1786386508.834,S1,reserve,0,prior,0.0,,,,1.658,,1.658
1786386508.834,S1,search,0,prior,0.0,,,,6.899,,6.899
1786386508.834,S2,recommend,358,obs,0.9625,1.0294,2.383,72.7,0.975,2.383,2.383
1786386508.834,S2,reserve,217,obs,0.9581,1.3963,2.757,78.9,1.332,2.757,2.757
1786386508.834,S2,search,319,obs,0.9581,4.5903,7.099,76.5,4.287,7.099,7.099
1786386508.834,S3,recommend,326,obs,0.9562,0.4896,0.767,81.5,1.0,0.767,0.767
1786386508.834,S3,reserve,128,obs,0.9543,0.9836,1.499,90.2,1.348,1.499,1.499
1786386508.834,S3,search,191,obs,0.9563,3.1808,3.931,83.9,4.019,3.931,3.931
1786386509.834,S1,recommend,0,prior,0.0,,,,1.24,,1.24
1786386509.834,S1,reserve,0,prior,0.0,,,,1.658,,1.658
1786386509.834,S1,search,0,prior,0.0,,,,6.899,,6.899
1786386509.834,S2,recommend,375,obs,0.9631,1.1016,2.564,72.7,0.975,2.564,2.564
1786386509.834,S2,reserve,223,obs,0.96,1.5104,2.757,74.0,1.332,2.757,2.757
1786386509.834,S2,search,298,obs,0.9581,4.4371,6.641,79.0,4.287,6.641,6.641
1786386509.834,S3,recommend,311,obs,0.9563,0.5064,0.794,83.9,1.0,0.794,0.794
1786386509.834,S3,reserve,118,obs,0.9431,0.9075,1.425,111.5,1.348,1.425,1.425
1786386509.834,S3,search,214,obs,0.9475,3.0616,3.704,88.9,4.019,3.704,3.704
1786386510.834,S1,recommend,0,prior,0.0,,,,1.24,,1.24
1786386510.834,S1,reserve,0,prior,0.0,,,,1.658,,1.658
1786386510.834,S1,search,0,prior,0.0,,,,6.899,,6.899
1786386510.834,S2,recommend,385,obs,0.9594,1.1412,2.896,75.2,0.975,2.896,2.896
1786386510.834,S2,reserve,202,obs,0.9581,1.6072,2.943,76.5,1.332,2.943,2.943
1786386510.834,S2,search,310,obs,0.9506,4.5921,7.514,77.7,4.287,7.514,7.514
1786386510.834,S3,recommend,302,obs,0.9581,0.5234,0.908,82.7,1.0,0.908,0.908
1786386510.834,S3,reserve,138,obs,0.9525,0.8512,1.269,80.2,1.348,1.269,1.269
1786386510.834,S3,search,202,obs,0.9519,3.0859,3.693,92.7,4.019,3.693,3.693
1786386511.834,S1,recommend,0,prior,0.0,,,,1.24,,1.24
1786386511.834,S1,reserve,0,prior,0.0,,,,1.658,,1.658
1786386511.834,S1,search,0,prior,0.0,,,,6.899,,6.899
1786386511.834,S2,recommend,397,obs,0.96,1.022,2.444,74.0,0.975,2.444,2.444
1786386511.834,S2,reserve,196,obs,0.9637,1.4149,2.661,71.4,1.332,2.661,2.661
1786386511.834,S2,search,312,obs,0.9588,4.5792,7.616,78.9,4.287,7.616,7.616
1786386511.834,S3,recommend,287,obs,0.9587,0.5137,0.822,80.3,1.0,0.822,0.822
1786386511.834,S3,reserve,146,obs,0.9469,0.8534,1.139,86.5,1.348,1.139,1.139
1786386511.834,S3,search,203,obs,0.9537,3.0758,3.665,87.8,4.019,3.665,3.665
1786386512.834,S1,recommend,0,prior,0.0,,,,1.24,,1.24
1786386512.834,S1,reserve,0,prior,0.0,,,,1.658,,1.658
1786386512.834,S1,search,0,prior,0.0,,,,6.899,,6.899
1786386512.834,S2,recommend,401,obs,0.9637,0.9271,1.959,68.7,0.975,1.959,1.959
1786386512.834,S2,reserve,214,obs,0.9563,1.3531,2.594,69.9,1.332,2.594,2.594
1786386512.834,S2,search,296,obs,0.9625,4.4391,7.169,73.7,4.287,7.169,7.169
1786386512.834,S3,recommend,283,obs,0.9562,0.501,0.797,87.5,1.0,0.797,0.797
1786386512.834,S3,reserve,133,obs,0.9581,0.8938,1.327,81.2,1.348,1.327,1.327
1786386512.834,S3,search,216,obs,0.9463,3.088,3.816,97.4,4.019,3.816,3.816
1786386513.834,S1,recommend,0,prior,0.0,,,,1.24,,1.24
1786386513.834,S1,reserve,0,prior,0.0,,,,1.658,,1.658
1786386513.834,S1,search,0,prior,0.0,,,,6.899,,6.899
1786386513.834,S2,recommend,384,obs,0.96,0.9428,1.959,75.3,0.975,1.959,1.959
1786386513.834,S2,reserve,211,obs,0.9562,1.3662,2.744,84.0,1.332,2.744,2.744
1786386513.834,S2,search,312,obs,0.9625,4.5354,7.485,72.7,4.287,7.485,7.485
1786386513.834,S3,recommend,302,obs,0.9563,0.5048,0.78,86.5,1.0,0.78,0.78
1786386513.834,S3,reserve,131,obs,0.9563,0.8772,1.277,80.2,1.348,1.277,1.277
1786386513.834,S3,search,200,obs,0.9449,3.11,3.952,100.3,4.019,3.952,3.952
1786386514.834,S1,recommend,0,prior,0.0,,,,1.24,,1.24
1786386514.834,S1,reserve,0,prior,0.0,,,,1.658,,1.658
1786386514.834,S1,search,0,prior,0.0,,,,6.899,,6.899
1786386514.834,S2,recommend,361,obs,0.9638,0.9375,1.958,70.2,0.975,1.958,1.958
1786386514.834,S2,reserve,213,obs,0.9619,1.3545,2.744,71.5,1.332,2.744,2.744
1786386514.834,S2,search,325,obs,0.96,4.5311,7.485,69.0,4.287,7.485,7.485
1786386514.834,S3,recommend,326,obs,0.9593,0.5053,0.762,77.8,1.0,0.762,0.762
1786386514.834,S3,reserve,129,obs,0.9543,0.8552,1.184,82.7,1.348,1.184,1.184
1786386514.834,S3,search,189,obs,0.9544,3.0635,3.611,90.2,4.019,3.611,3.611
1786386515.834,S1,recommend,0,prior,0.0,,,,1.24,,1.24
1786386515.834,S1,reserve,0,prior,0.0,,,,1.658,,1.658
1786386515.834,S1,search,0,prior,0.0,,,,6.899,,6.899
1786386515.834,S2,recommend,356,obs,0.9594,0.9903,2.097,76.1,0.975,2.097,2.097
1786386515.834,S2,reserve,213,obs,0.96,1.3225,2.63,69.9,1.332,2.63,2.63
1786386515.834,S2,search,319,obs,0.9632,4.4204,7.114,71.1,4.287,7.114,7.114
1786386515.834,S3,recommend,330,obs,0.96,0.5065,0.762,79.9,1.0,0.762,0.762
1786386515.834,S3,reserve,127,obs,0.9487,0.8575,1.217,88.7,1.348,1.217,1.217
1786386515.834,S3,search,197,obs,0.9562,3.0754,3.652,86.2,4.019,3.652,3.652
1786386516.834,S1,recommend,0,prior,0.0,,,,1.24,,1.24
1786386516.834,S1,reserve,0,prior,0.0,,,,1.658,,1.658
1786386516.834,S1,search,0,prior,0.0,,,,6.899,,6.899
1786386516.834,S2,recommend,362,obs,0.9656,0.9626,1.982,67.5,0.975,1.982,1.982
1786386516.834,S2,reserve,221,obs,0.9638,1.3224,2.719,72.4,1.332,2.719,2.719
1786386516.834,S2,search,314,obs,0.9619,4.464,7.223,70.0,4.287,7.223,7.223
1786386516.834,S3,recommend,320,obs,0.9563,0.5092,0.81,78.7,1.0,0.81,0.81
1786386516.834,S3,reserve,124,obs,0.9563,0.8729,1.255,83.7,1.348,1.255,1.255
1786386516.834,S3,search,202,obs,0.9563,3.0805,3.616,84.9,4.019,3.616,3.616
1786386517.834,S1,recommend,0,prior,0.0,,,,1.24,,1.24
1786386517.834,S1,reserve,0,prior,0.0,,,,1.658,,1.658
1786386517.834,S1,search,0,prior,0.0,,,,6.899,,6.899
1786386517.834,S2,recommend,377,obs,0.9587,0.9138,1.815,69.0,0.975,1.815,1.815
1786386517.834,S2,reserve,220,obs,0.9656,1.3814,2.607,67.8,1.332,2.607,2.607
1786386517.834,S2,search,309,obs,0.9606,4.4551,7.087,71.5,4.287,7.087,7.087
1786386517.834,S3,recommend,309,obs,0.9619,0.5368,0.816,73.9,1.0,0.816,0.816
1786386517.834,S3,reserve,126,obs,0.945,0.9536,1.313,86.5,1.348,1.313,1.313
1786386517.834,S3,search,204,obs,0.96,3.078,3.637,76.5,4.019,3.637,3.637
1786386518.834,S1,recommend,0,prior,0.0,,,,1.24,,1.24
1786386518.834,S1,reserve,0,prior,0.0,,,,1.658,,1.658
1786386518.834,S1,search,0,prior,0.0,,,,6.899,,6.899
1786386518.834,S2,recommend,383,obs,0.9669,0.9475,1.962,65.3,0.975,1.962,1.962
1786386518.834,S2,reserve,207,obs,0.96,1.387,2.576,77.8,1.332,2.576,2.576
1786386518.834,S2,search,317,obs,0.9625,4.4288,6.863,70.3,4.287,6.863,6.863
1786386518.834,S3,recommend,307,obs,0.9619,0.5285,0.807,72.7,1.0,0.807,0.807
1786386518.834,S3,reserve,135,obs,0.96,0.9473,1.313,73.9,1.348,1.313,1.313
1786386518.834,S3,search,198,obs,0.9487,3.0568,3.693,75.3,4.019,3.693,3.693
1786386519.834,S1,recommend,0,prior,0.0,,,,1.24,,1.24
1786386519.834,S1,reserve,0,prior,0.0,,,,1.658,,1.658
1786386519.834,S1,search,0,prior,0.0,,,,6.899,,6.899
1786386519.834,S2,recommend,387,obs,0.9662,1.0833,2.209,62.5,0.975,2.209,2.209
1786386519.834,S2,reserve,202,obs,0.9469,1.3479,2.491,94.9,1.332,2.491,2.491
1786386519.834,S2,search,311,obs,0.9668,4.5707,6.794,66.2,4.287,6.794,6.794
1786386519.834,S3,recommend,305,obs,0.9637,0.492,0.682,71.2,1.0,0.682,0.682
1786386519.834,S3,reserve,139,obs,0.96,0.8631,1.112,72.5,1.348,1.112,1.112
1786386519.834,S3,search,204,obs,0.9487,3.0567,3.714,98.7,4.019,3.714,3.714
1786386520.834,S1,recommend,0,prior,0.0,,,,1.24,,1.24
1786386520.834,S1,reserve,0,prior,0.0,,,,1.658,,1.658
1786386520.834,S1,search,0,prior,0.0,,,,6.899,,6.899
1786386520.834,S2,recommend,388,obs,0.9675,1.0832,2.416,62.8,0.975,2.416,2.416
1786386520.834,S2,reserve,203,obs,0.9675,1.3444,2.362,64.0,1.332,2.362,2.362
1786386520.834,S2,search,310,obs,0.9656,4.5679,6.966,65.2,4.287,6.966,6.966
1786386520.834,S3,recommend,298,obs,0.9612,0.4953,0.703,70.3,1.0,0.703,0.703
1786386520.834,S3,reserve,141,obs,0.9413,0.8537,1.07,105.2,1.348,1.07,1.07
1786386520.834,S3,search,207,obs,0.9556,3.0874,3.738,84.0,4.019,3.738,3.738
1786386521.834,S1,recommend,0,prior,0.0,,,,1.24,,1.24
1786386521.834,S1,reserve,0,prior,0.0,,,,1.658,,1.658
1786386521.834,S1,search,0,prior,0.0,,,,6.899,,6.899
1786386521.834,S2,recommend,384,obs,0.9638,0.9248,1.898,61.5,0.975,1.898,1.898
1786386521.834,S2,reserve,212,obs,0.96,1.3835,2.656,62.8,1.332,2.656,2.656
1786386521.834,S2,search,304,obs,0.9656,4.4134,7.028,67.8,4.287,7.028,7.028
1786386521.834,S3,recommend,302,obs,0.9606,0.5119,0.793,75.3,1.0,0.793,0.793
1786386521.834,S3,reserve,137,obs,0.9581,0.8602,1.138,81.5,1.348,1.138,1.138
1786386521.834,S3,search,210,obs,0.9607,3.0698,3.633,74.0,4.019,3.633,3.633
1786386522.834,S1,recommend,0,prior,0.0,,,,1.24,,1.24
1786386522.834,S1,reserve,0,prior,0.0,,,,1.658,,1.658
1786386522.834,S1,search,0,prior,0.0,,,,6.899,,6.899
1786386522.834,S2,recommend,388,obs,0.9694,0.8914,1.803,60.2,0.975,1.803,1.803
1786386522.834,S2,reserve,213,obs,0.9488,1.4174,2.615,80.2,1.332,2.615,2.615
1786386522.834,S2,search,304,obs,0.9656,4.3782,6.663,62.7,4.287,6.663,6.663
1786386522.834,S3,recommend,304,obs,0.96,0.5157,0.78,71.5,1.0,0.78,0.78
1786386522.834,S3,reserve,130,obs,0.96,0.8649,1.167,76.5,1.348,1.167,1.167
1786386522.834,S3,search,210,obs,0.9619,3.0553,3.608,74.0,4.019,3.608,3.608
1786386523.834,S1,recommend,0,prior,0.0,,,,1.24,,1.24
1786386523.834,S1,reserve,0,prior,0.0,,,,1.658,,1.658
1786386523.834,S1,search,0,prior,0.0,,,,6.899,,6.899
1786386523.834,S2,recommend,387,obs,0.9675,0.9933,2.404,62.8,0.975,2.404,2.404
1786386523.834,S2,reserve,199,obs,0.96,1.4091,2.609,75.2,1.332,2.609,2.609
1786386523.834,S2,search,319,obs,0.9675,4.5092,7.345,64.0,4.287,7.345,7.345
1786386523.834,S3,recommend,304,obs,0.9631,0.5183,0.802,70.3,1.0,0.802,0.802
1786386523.834,S3,reserve,143,obs,0.9487,0.8507,1.116,71.5,1.348,1.116,1.116
1786386523.834,S3,search,198,obs,0.9475,3.0891,3.665,90.3,4.019,3.665,3.665
1786386524.834,S1,recommend,0,prior,0.0,,,,1.24,,1.24
1786386524.834,S1,reserve,0,prior,0.0,,,,1.658,,1.658
1786386524.834,S1,search,0,prior,0.0,,,,6.899,,6.899
1786386524.834,S2,recommend,377,obs,0.9681,1.0387,2.61,60.2,0.975,2.61,2.61
1786386524.834,S2,reserve,199,obs,0.9525,1.4109,2.897,74.0,1.332,2.897,2.897
1786386524.834,S2,search,324,obs,0.965,4.7318,8.048,64.0,4.287,8.048,8.048
1786386524.834,S3,recommend,312,obs,0.9594,0.5186,0.887,76.5,1.0,0.887,0.887
1786386524.834,S3,reserve,142,obs,0.96,0.8578,1.151,70.3,1.348,1.151,1.151
1786386524.834,S3,search,194,obs,0.9637,3.0874,3.689,71.5,4.019,3.689,3.689
1786386525.833,S1,recommend,0,prior,0.0,,,,1.24,,1.24
1786386525.833,S1,reserve,0,prior,0.0,,,,1.658,,1.658
1786386525.833,S1,search,0,prior,0.0,,,,6.899,,6.899
1786386525.833,S2,recommend,381,obs,0.9712,0.9364,1.998,56.2,0.975,1.998,1.998
1786386525.833,S2,reserve,213,obs,0.9694,1.3872,2.912,61.2,1.332,2.912,2.912
1786386525.833,S2,search,311,obs,0.965,4.648,7.737,58.7,4.287,7.737,7.737
1786386525.833,S3,recommend,306,obs,0.9638,0.5189,0.765,67.5,1.0,0.765,0.765
1786386525.833,S3,reserve,135,obs,0.9563,0.8786,1.286,72.4,1.348,1.286,1.286
1786386525.833,S3,search,207,obs,0.9587,3.0723,3.621,80.0,4.019,3.621,3.621
1786386526.833,S1,recommend,0,prior,0.0,,,,1.24,,1.24
1786386526.833,S1,reserve,0,prior,0.0,,,,1.658,,1.658
1786386526.833,S1,search,0,prior,0.0,,,,6.899,,6.899
1786386526.833,S2,recommend,375,obs,0.9675,0.9059,1.906,55.0,0.975,1.906,1.906
1786386526.833,S2,reserve,219,obs,0.9712,1.3984,2.694,56.2,1.332,2.694,2.694
1786386526.833,S2,search,304,obs,0.9625,4.4319,7.041,75.0,4.287,7.041,7.041
1786386526.833,S3,recommend,314,obs,0.9656,0.5002,0.696,66.2,1.0,0.696,0.696
1786386526.833,S3,reserve,129,obs,0.9487,0.8671,1.267,78.7,1.348,1.267,1.267
1786386526.833,S3,search,210,obs,0.9606,3.0924,3.687,71.2,4.019,3.687,3.687
1786386527.833,S1,recommend,0,prior,0.0,,,,1.24,,1.24
1786386527.833,S1,reserve,0,prior,0.0,,,,1.658,,1.658
1786386527.833,S1,search,0,prior,0.0,,,,6.899,,6.899
1786386527.833,S2,recommend,367,obs,0.9694,0.9804,2.146,61.2,0.975,2.146,2.146
1786386527.833,S2,reserve,229,obs,0.9694,1.3724,2.597,55.0,1.332,2.597,2.597
1786386527.833,S2,search,310,obs,0.9675,4.4215,6.951,60.0,4.287,6.951,6.951
1786386527.833,S3,recommend,326,obs,0.9668,0.5496,0.732,65.0,1.0,0.732,0.732
1786386527.833,S3,reserve,115,obs,0.9582,0.8904,1.198,81.2,1.348,1.198,1.198
1786386527.833,S3,search,207,obs,0.9606,3.0784,3.671,69.9,4.019,3.671,3.671
1786386528.833,S1,recommend,0,prior,0.0,,,,1.24,,1.24
1786386528.833,S1,reserve,0,prior,0.0,,,,1.658,,1.658
1786386528.833,S1,search,0,prior,0.0,,,,6.899,,6.899
1786386528.833,S2,recommend,377,obs,0.9707,0.9417,1.957,56.2,0.975,1.957,1.957
1786386528.833,S2,reserve,218,obs,0.9675,1.3606,2.529,57.5,1.332,2.529,2.529
1786386528.833,S2,search,317,obs,0.9694,4.4787,6.839,61.2,4.287,6.839,6.839
1786386528.833,S3,recommend,316,obs,0.9681,0.5514,0.758,62.4,1.0,0.758,0.758
1786386528.833,S3,reserve,125,obs,0.96,0.8975,1.223,68.7,1.348,1.223,1.223
1786386528.833,S3,search,201,obs,0.9562,3.077,3.666,73.7,4.019,3.666,3.666
1786386529.833,S1,recommend,0,prior,0.0,,,,1.24,,1.24
1786386529.833,S1,reserve,0,prior,0.0,,,,1.658,,1.658
1786386529.833,S1,search,0,prior,0.0,,,,6.899,,6.899
1786386529.833,S2,recommend,377,obs,0.9694,1.0048,1.932,55.0,0.975,1.932,1.932
1786386529.833,S2,reserve,204,obs,0.9731,1.739,2.913,52.5,1.332,2.913,2.913
1786386529.833,S2,search,317,obs,0.9719,4.8377,7.495,56.1,4.287,7.495,7.495
1786386529.833,S3,recommend,311,obs,0.9675,0.4954,0.728,62.5,1.0,0.728,0.728
1786386529.833,S3,reserve,142,obs,0.9543,0.8772,1.297,67.5,1.348,1.297,1.297
1786386529.833,S3,search,203,obs,0.9582,3.0709,3.681,78.7,4.019,3.681,3.681
1786386530.833,S1,recommend,0,prior,0.0,,,,1.24,,1.24
1786386530.833,S1,reserve,0,prior,0.0,,,,1.658,,1.658
1786386530.833,S1,search,0,prior,0.0,,,,6.899,,6.899
1786386530.833,S2,recommend,371,obs,0.9624,1.0498,2.163,71.2,0.975,2.163,2.163
1786386530.833,S2,reserve,221,obs,0.9618,1.6708,3.181,58.7,1.332,3.181,3.181
1786386530.833,S2,search,301,obs,0.9675,4.9089,7.636,56.2,4.287,7.636,7.636
1786386530.833,S3,recommend,317,obs,0.9694,0.5126,0.796,61.2,1.0,0.796,0.796
1786386530.833,S3,reserve,129,obs,0.9675,0.8557,1.157,62.5,1.348,1.157,1.157
1786386530.833,S3,search,216,obs,0.9625,3.0556,3.628,73.7,4.019,3.628,3.628
1786386531.833,S1,recommend,0,prior,0.0,,,,1.24,,1.24
1786386531.833,S1,reserve,0,prior,0.0,,,,1.658,,1.658
1786386531.833,S1,search,0,prior,0.0,,,,6.899,,6.899
1786386531.833,S2,recommend,387,obs,0.975,0.9819,2.163,48.7,0.975,2.163,2.163
1786386531.833,S2,reserve,217,obs,0.975,1.4026,2.741,50.0,1.332,2.741,2.741
1786386531.833,S2,search,303,obs,0.9613,4.5665,7.494,58.7,4.287,7.494,7.494
1786386531.833,S3,recommend,307,obs,0.9657,0.5116,0.823,59.9,1.0,0.823,0.823
1786386531.833,S3,reserve,132,obs,0.9675,0.8639,1.157,61.2,1.348,1.157,1.157
1786386531.833,S3,search,213,obs,0.9625,3.0619,3.649,72.5,4.019,3.649,3.649
1786386532.833,S1,recommend,0,prior,0.0,,,,1.24,,1.24
1786386532.833,S1,reserve,0,prior,0.0,,,,1.658,,1.658
1786386532.833,S1,search,0,prior,0.0,,,,6.899,,6.899
1786386532.833,S2,recommend,406,obs,0.9744,0.9638,2.139,51.2,0.975,2.139,2.139
1786386532.833,S2,reserve,201,obs,0.9675,1.4627,2.762,60.0,1.332,2.762,2.762
1786386532.833,S2,search,298,obs,0.9675,4.5994,7.893,57.5,4.287,7.893,7.893
1786386532.833,S3,recommend,290,obs,0.9682,0.5215,0.836,61.2,1.0,0.836,0.836
1786386532.833,S3,reserve,142,obs,0.9562,0.8733,1.248,75.0,1.348,1.248,1.248
1786386532.833,S3,search,220,obs,0.9675,3.0667,3.75,63.7,4.019,3.75,3.75
1786386533.833,S1,recommend,0,prior,0.0,,,,1.24,,1.24
1786386533.833,S1,reserve,0,prior,0.0,,,,1.658,,1.658
1786386533.833,S1,search,0,prior,0.0,,,,6.899,,6.899
1786386533.833,S2,recommend,394,obs,0.9731,0.9235,1.998,53.7,0.975,1.998,1.998
1786386533.833,S2,reserve,214,obs,0.9657,1.4454,3.041,51.2,1.332,3.041,3.041
1786386533.833,S2,search,301,obs,0.9725,4.5604,7.469,52.5,4.287,7.469,7.469
1786386533.833,S3,recommend,299,obs,0.9694,0.5244,0.821,57.5,1.0,0.821,0.821
1786386533.833,S3,reserve,129,obs,0.9619,0.8601,1.196,66.2,1.348,1.196,1.196
1786386533.833,S3,search,220,obs,0.9638,3.0866,3.79,71.2,4.019,3.79,3.79
1786386534.833,S1,recommend,0,prior,0.0,,,,1.24,,1.24
1786386534.833,S1,reserve,0,prior,0.0,,,,1.658,,1.658
1786386534.833,S1,search,0,prior,0.0,,,,6.899,,6.899
1786386534.833,S2,recommend,381,obs,0.9732,0.9466,2.066,48.7,0.975,2.066,2.066
1786386534.833,S2,reserve,210,obs,0.9694,1.4508,3.127,61.2,1.332,3.127,3.127
1786386534.833,S2,search,317,obs,0.97,4.5374,7.38,53.7,4.287,7.38,7.38
1786386534.833,S3,recommend,309,obs,0.9693,0.5095,0.756,60.0,1.0,0.756,0.756
1786386534.833,S3,reserve,138,obs,0.9581,0.8309,1.054,65.0,1.348,1.054,1.054
1786386534.833,S3,search,205,obs,0.9694,3.0934,3.736,58.7,4.019,3.736,3.736
1786386535.833,S1,recommend,0,prior,0.0,,,,1.24,,1.24
1786386535.833,S1,reserve,0,prior,0.0,,,,1.658,,1.658
1786386535.833,S1,search,0,prior,0.0,,,,6.899,,6.899
1786386535.833,S2,recommend,373,obs,0.9731,1.0362,2.33,47.5,0.975,2.33,2.33
1786386535.833,S2,reserve,197,obs,0.975,1.5011,2.895,48.7,1.332,2.895,2.895
1786386535.833,S2,search,339,obs,0.9693,4.6185,7.461,57.5,4.287,7.461,7.461
1786386535.833,S3,recommend,320,obs,0.9694,0.4977,0.715,58.7,1.0,0.715,0.715
1786386535.833,S3,reserve,154,obs,0.9675,0.8305,1.019,56.2,1.348,1.019,1.019
1786386535.833,S3,search,178,obs,0.9675,3.0879,3.676,64.9,4.019,3.676,3.676
1786386536.833,S1,recommend,0,prior,0.0,,,,1.24,,1.24
1786386536.833,S1,reserve,0,prior,0.0,,,,1.658,,1.658
1786386536.833,S1,search,0,prior,0.0,,,,6.899,,6.899
1786386536.833,S2,recommend,380,obs,0.9762,1.0615,2.569,46.2,0.975,2.569,2.569
1786386536.833,S2,reserve,205,obs,0.9732,1.421,2.912,51.2,1.332,2.912,2.912
1786386536.833,S2,search,324,obs,0.9656,4.5376,7.248,60.0,4.287,7.248,7.248
1786386536.833,S3,recommend,317,obs,0.9662,0.4963,0.715,63.7,1.0,0.715,0.715
1786386536.833,S3,reserve,141,obs,0.96,0.8462,1.079,54.9,1.348,1.079,1.079
1786386536.833,S3,search,194,obs,0.9694,3.0723,3.705,56.2,4.019,3.705,3.705
1786386537.833,S1,recommend,0,prior,0.0,,,,1.24,,1.24
1786386537.833,S1,reserve,0,prior,0.0,,,,1.658,,1.658
1786386537.833,S1,search,0,prior,0.0,,,,6.899,,6.899
1786386537.833,S2,recommend,386,obs,0.9768,0.9956,2.197,45.0,0.975,2.197,2.197
1786386537.833,S2,reserve,213,obs,0.9675,1.3595,2.474,57.4,1.332,2.474,2.474
1786386537.833,S2,search,311,obs,0.9731,4.3775,6.513,50.0,4.287,6.513,6.513
1786386537.833,S3,recommend,311,obs,0.9693,0.5255,0.766,56.2,1.0,0.766,0.766
1786386537.833,S3,reserve,131,obs,0.9675,0.8448,1.089,53.7,1.348,1.089,1.089
1786386537.833,S3,search,209,obs,0.9569,3.1164,3.746,64.9,4.019,3.746,3.746
1786386538.833,S1,recommend,0,prior,0.0,,,,1.24,,1.24
1786386538.833,S1,reserve,0,prior,0.0,,,,1.658,,1.658
1786386538.833,S1,search,0,prior,0.0,,,,6.899,,6.899
1786386538.833,S2,recommend,369,obs,0.9775,0.9626,1.976,42.5,0.975,1.976,1.976
1786386538.833,S2,reserve,216,obs,0.9694,1.3826,2.451,48.7,1.332,2.451,2.451
1786386538.833,S2,search,326,obs,0.9725,4.4953,6.75,49.9,4.287,6.75,6.75
1786386538.833,S3,recommend,326,obs,0.97,0.5172,0.766,53.7,1.0,0.766,0.766
1786386538.833,S3,reserve,131,obs,0.9675,0.8502,1.209,63.7,1.348,1.209,1.209
1786386538.833,S3,search,196,obs,0.9675,3.1138,3.698,61.2,4.019,3.698,3.698
1786386539.833,S1,recommend,0,prior,0.0,,,,1.24,,1.24
1786386539.833,S1,reserve,0,prior,0.0,,,,1.658,,1.658
1786386539.833,S1,search,0,prior,0.0,,,,6.899,,6.899
1786386539.833,S2,recommend,368,obs,0.975,1.1154,2.308,46.2,0.975,2.308,2.308
1786386539.833,S2,reserve,224,obs,0.9769,1.6488,3.014,43.7,1.332,3.014,3.014
1786386539.833,S2,search,327,obs,0.975,4.7795,7.536,48.7,4.287,7.536,7.536
1786386539.833,S3,recommend,323,obs,0.9675,0.5003,0.78,57.4,1.0,0.78,0.78
1786386539.833,S3,reserve,127,obs,0.96,0.8642,1.264,58.7,1.348,1.264,1.264
1786386539.833,S3,search,193,obs,0.9694,3.1005,3.767,56.2,4.019,3.767,3.767
1786386540.833,S1,recommend,0,prior,0.0,,,,1.24,,1.24
1786386540.833,S1,reserve,0,prior,0.0,,,,1.658,,1.658
1786386540.833,S1,search,0,prior,0.0,,,,6.899,,6.899
1786386540.833,S2,recommend,378,obs,0.9769,1.191,3.036,44.9,0.975,3.036,3.036
1786386540.833,S2,reserve,219,obs,0.9769,1.7065,3.477,38.7,1.332,3.477,3.477
1786386540.833,S2,search,318,obs,0.975,4.7633,7.536,43.7,4.287,7.536,7.536
1786386540.833,S3,recommend,318,obs,0.9693,0.5092,0.779,52.5,1.0,0.779,0.779
1786386540.833,S3,reserve,132,obs,0.9731,0.8863,1.312,50.0,1.348,1.312,1.312
1786386540.833,S3,search,202,obs,0.9731,3.1292,3.87,51.2,4.019,3.87,3.87
1786386541.833,S1,recommend,0,prior,0.0,,,,1.24,,1.24
1786386541.833,S1,reserve,0,prior,0.0,,,,1.658,,1.658
1786386541.833,S1,search,0,prior,0.0,,,,6.899,,6.899
1786386541.833,S2,recommend,381,obs,0.975,0.9956,2.386,46.2,0.975,2.386,2.386
1786386541.833,S2,reserve,216,obs,0.9787,1.429,2.883,37.5,1.332,2.883,2.883
1786386541.833,S2,search,309,obs,0.975,4.476,7.165,42.5,4.287,7.165,7.165
1786386541.833,S3,recommend,317,obs,0.975,0.5222,0.776,47.5,1.0,0.776,0.776
1786386541.833,S3,reserve,130,obs,0.9656,0.877,1.238,59.9,1.348,1.238,1.238
1786386541.833,S3,search,212,obs,0.9725,3.0976,3.809,53.7,4.019,3.809,3.809
1786386542.833,S1,recommend,0,prior,0.0,,,,1.24,,1.24
1786386542.833,S1,reserve,0,prior,0.0,,,,1.658,,1.658
1786386542.833,S1,search,0,prior,0.0,,,,6.899,,6.899
1786386542.833,S2,recommend,400,obs,0.9775,0.9046,1.943,41.2,0.975,1.943,1.943
1786386542.833,S2,reserve,215,obs,0.9769,1.3206,2.566,36.2,1.332,2.566,2.566
1786386542.833,S2,search,303,obs,0.975,4.3556,6.423,43.7,4.287,6.423,6.423
1786386542.833,S3,recommend,298,obs,0.9749,0.526,0.777,50.0,1.0,0.777,0.777
1786386542.833,S3,reserve,130,obs,0.9487,0.8481,1.189,51.2,1.348,1.189,1.189
1786386542.833,S3,search,222,obs,0.9756,3.0812,3.638,47.5,4.019,3.638,3.638
1786386543.833,S1,recommend,0,prior,0.0,,,,1.24,,1.24
1786386543.833,S1,reserve,0,prior,0.0,,,,1.658,,1.658
1786386543.833,S1,search,0,prior,0.0,,,,6.899,,6.899
1786386543.833,S2,recommend,393,obs,0.9768,0.9499,1.985,37.5,0.975,1.985,1.985
1786386543.833,S2,reserve,215,obs,0.9824,1.3836,2.709,35.0,1.332,2.709,2.709
1786386543.833,S2,search,312,obs,0.9756,4.4555,6.74,42.5,4.287,6.74,6.74
1786386543.833,S3,recommend,300,obs,0.975,0.5111,0.78,48.7,1.0,0.78,0.78
1786386543.833,S3,reserve,136,obs,0.975,0.8617,1.275,46.2,1.348,1.275,1.275
1786386543.833,S3,search,213,obs,0.9719,3.0809,3.638,53.7,4.019,3.638,3.638
1786386544.833,S1,recommend,0,prior,0.0,,,,1.24,,1.24
1786386544.833,S1,reserve,0,prior,0.0,,,,1.658,,1.658
1786386544.833,S1,search,0,prior,0.0,,,,6.899,,6.899
1786386544.833,S2,recommend,383,obs,0.9813,0.9793,2.088,35.0,0.975,2.088,2.088
1786386544.833,S2,reserve,217,obs,0.9731,1.424,2.751,52.5,1.332,2.751,2.751
1786386544.833,S2,search,318,obs,0.9769,4.4027,6.946,38.7,4.287,6.946,6.946
1786386544.833,S3,recommend,313,obs,0.9731,0.5024,0.78,47.5,1.0,0.78,0.78
1786386544.833,S3,reserve,135,obs,0.9657,0.8697,1.277,44.9,1.348,1.277,1.277
1786386544.833,S3,search,202,obs,0.975,3.0949,3.706,46.2,4.019,3.706,3.706
1786386545.833,S1,recommend,0,prior,0.0,,,,1.24,,1.24
1786386545.833,S1,reserve,0,prior,0.0,,,,1.658,,1.658
1786386545.833,S1,search,0,prior,0.0,,,,6.899,,6.899
1786386545.833,S2,recommend,382,obs,0.9825,1.0043,2.466,35.0,0.975,2.466,2.466
1786386545.833,S2,reserve,210,obs,0.9675,1.3408,2.448,40.0,1.332,2.448,2.448
1786386545.833,S2,search,330,obs,0.9788,4.2781,6.724,37.5,4.287,6.724,6.724
1786386545.833,S3,recommend,320,obs,0.97,0.4976,0.746,52.5,1.0,0.746,0.746
1786386545.833,S3,reserve,139,obs,0.9769,0.8462,1.252,43.7,1.348,1.252,1.252
1786386545.833,S3,search,191,obs,0.9638,3.1069,3.731,44.9,4.019,3.731,3.731
1786386546.833,S1,recommend,0,prior,0.0,,,,1.24,,1.24
1786386546.833,S1,reserve,0,prior,0.0,,,,1.658,,1.658
1786386546.833,S1,search,0,prior,0.0,,,,6.899,,6.899
1786386546.833,S2,recommend,381,obs,0.98,0.9998,2.614,37.5,0.975,2.614,2.614
1786386546.833,S2,reserve,214,obs,0.9806,1.3349,2.242,31.2,1.332,2.242,2.242
1786386546.833,S2,search,322,obs,0.98,4.3733,6.942,36.2,4.287,6.942,6.942
1786386546.833,S3,recommend,321,obs,0.9775,0.5106,0.814,43.7,1.0,0.814,0.814
1786386546.833,S3,reserve,134,obs,0.9637,0.8317,1.113,57.5,1.348,1.113,1.113
1786386546.833,S3,search,201,obs,0.9607,3.1208,3.743,46.2,4.019,3.743,3.743
1786386547.833,S1,recommend,0,prior,0.0,,,,1.24,,1.24
1786386547.833,S1,reserve,0,prior,0.0,,,,1.658,,1.658
1786386547.833,S1,search,0,prior,0.0,,,,6.899,,6.899
1786386547.833,S2,recommend,398,obs,0.9825,0.9389,1.983,32.5,0.975,1.983,1.983
1786386547.833,S2,reserve,209,obs,0.9731,1.3644,2.479,37.5,1.332,2.479,2.479
1786386547.833,S2,search,311,obs,0.9769,4.4197,6.978,41.2,4.287,6.978,6.978
1786386547.833,S3,recommend,300,obs,0.9756,0.5418,0.846,38.7,1.0,0.846,0.846
1786386547.833,S3,reserve,139,obs,0.975,0.8518,1.189,48.7,1.348,1.189,1.189
1786386547.833,S3,search,215,obs,0.975,3.131,3.755,50.0,4.019,3.755,3.755
1786386548.834,S1,recommend,0,prior,0.0,,,,1.24,,1.24
1786386548.834,S1,reserve,0,prior,0.0,,,,1.658,,1.658
1786386548.834,S1,search,0,prior,0.0,,,,6.899,,6.899
1786386548.834,S2,recommend,402,obs,0.9806,0.939,1.817,35.0,0.975,1.817,1.817
1786386548.834,S2,reserve,209,obs,0.9768,1.3822,2.726,28.8,1.332,2.726,2.726
1786386548.834,S2,search,310,obs,0.9813,4.4899,7.715,36.2,4.287,7.715,7.715
1786386548.834,S3,recommend,293,obs,0.9631,0.5398,0.789,57.5,1.0,0.789,0.789
1786386548.834,S3,reserve,144,obs,0.9768,0.8739,1.208,43.7,1.348,1.208,1.208
1786386548.834,S3,search,215,obs,0.9744,3.1254,3.919,41.2,4.019,3.919,3.919
1786386549.833,S1,recommend,0,prior,0.0,,,,1.24,,1.24
1786386549.833,S1,reserve,0,prior,0.0,,,,1.658,,1.658
1786386549.833,S1,search,0,prior,0.0,,,,6.899,,6.899
1786386549.833,S2,recommend,392,obs,0.985,1.0301,2.106,29.1,0.975,2.106,2.106
1786386549.833,S2,reserve,202,obs,0.9843,1.6126,2.88,27.8,1.332,2.88,2.88
1786386549.833,S2,search,319,obs,0.9813,4.7775,8.296,31.5,4.287,8.296,8.296
1786386549.833,S3,recommend,309,obs,0.9751,0.5207,0.761,45.2,1.0,0.761,0.761
1786386549.833,S3,reserve,150,obs,0.975,0.8736,1.248,39.0,1.348,1.248,1.248
1786386549.833,S3,search,203,obs,0.9787,3.0914,3.759,40.4,4.019,3.759,3.759
1786386550.833,S1,recommend,0,prior,0.0,,,,1.24,,1.24
1786386550.833,S1,reserve,0,prior,0.0,,,,1.658,,1.658
1786386550.833,S1,search,0,prior,0.0,,,,6.899,,6.899
1786386550.833,S2,recommend,397,obs,0.9843,1.0709,2.514,27.9,0.975,2.514,2.514
1786386550.833,S2,reserve,184,obs,0.9787,1.6332,2.873,37.8,1.332,2.873,2.873
1786386550.833,S2,search,328,obs,0.9837,4.8351,7.89,31.6,4.287,7.89,7.89
1786386550.833,S3,recommend,306,obs,0.9787,0.5102,0.728,40.3,1.0,0.728,0.728
1786386550.833,S3,reserve,163,obs,0.9712,0.8693,1.248,45.4,1.348,1.248,1.248
1786386550.833,S3,search,197,obs,0.975,3.0911,3.732,42.8,4.019,3.732,3.732
1786386551.833,S1,recommend,0,prior,0.0,,,,1.24,,1.24
1786386551.833,S1,reserve,0,prior,0.0,,,,1.658,,1.658
1786386551.833,S1,search,0,prior,0.0,,,,6.899,,6.899
1786386551.833,S2,recommend,409,obs,0.9825,1.0138,2.266,27.8,0.975,2.266,2.266
1786386551.833,S2,reserve,189,obs,0.9806,1.4376,2.912,29.1,1.332,2.912,2.912
1786386551.833,S2,search,315,obs,0.9806,4.5935,7.281,37.8,4.287,7.281,7.281
1786386551.833,S3,recommend,293,obs,0.9787,0.522,0.78,39.1,1.0,0.78,0.78
1786386551.833,S3,reserve,159,obs,0.9731,0.8429,1.175,40.3,1.348,1.175,1.175
1786386551.833,S3,search,211,obs,0.9725,3.1113,3.834,49.1,4.019,3.834,3.834
1786386552.833,S1,recommend,0,prior,0.0,,,,1.24,,1.24
1786386552.833,S1,reserve,0,prior,0.0,,,,1.658,,1.658
1786386552.833,S1,search,0,prior,0.0,,,,6.899,,6.899
1786386552.833,S2,recommend,413,obs,0.9863,0.9395,1.96,26.5,0.975,1.96,1.96
1786386552.833,S2,reserve,201,obs,0.9844,1.4504,2.828,27.8,1.332,2.828,2.828
1786386552.833,S2,search,307,obs,0.9825,4.3646,6.716,29.0,4.287,6.716,6.716
1786386552.833,S3,recommend,286,obs,0.9787,0.5334,0.844,34.1,1.0,0.844,0.844
1786386552.833,S3,reserve,151,obs,0.9656,0.8597,1.125,50.3,1.348,1.125,1.125
1786386552.833,S3,search,220,obs,0.9794,3.1193,3.834,39.0,4.019,3.834,3.834
1786386553.833,S1,recommend,0,prior,0.0,,,,1.24,,1.24
1786386553.833,S1,reserve,0,prior,0.0,,,,1.658,,1.658
1786386553.833,S1,search,0,prior,0.0,,,,6.899,,6.899
1786386553.833,S2,recommend,416,obs,0.9807,0.918,2.094,25.2,0.975,2.094,2.094
1786386553.833,S2,reserve,193,obs,0.9863,1.4286,2.585,26.5,1.332,2.585,2.585
1786386553.833,S2,search,309,obs,0.9843,4.3023,6.748,27.8,4.287,6.748,6.748
1786386553.833,S3,recommend,284,obs,0.9825,0.5102,0.771,32.8,1.0,0.771,0.771
1786386553.833,S3,reserve,161,obs,0.9619,0.8847,1.287,41.6,1.348,1.287,1.287
1786386553.833,S3,search,214,obs,0.9769,3.093,3.798,39.0,4.019,3.798,3.798
1786386554.834,S1,recommend,0,prior,0.0,,,,1.24,,1.24
1786386554.834,S1,reserve,0,prior,0.0,,,,1.658,,1.658
1786386554.834,S1,search,0,prior,0.0,,,,6.899,,6.899
1786386554.834,S2,recommend,403,obs,0.9862,0.9192,1.837,26.6,0.975,1.837,1.837
1786386554.834,S2,reserve,199,obs,0.9749,1.3537,2.621,47.9,1.332,2.621,2.621
1786386554.834,S2,search,311,obs,0.9794,4.4369,7.14,29.0,4.287,7.14,7.14
1786386554.834,S3,recommend,301,obs,0.975,0.529,0.78,39.1,1.0,0.78,0.78
1786386554.834,S3,reserve,151,obs,0.9769,0.866,1.22,36.6,1.348,1.22,1.22
1786386554.834,S3,search,211,obs,0.9675,3.0748,3.823,60.4,4.019,3.823,3.823
1786386555.834,S1,recommend,0,prior,0.0,,,,1.24,,1.24
1786386555.834,S1,reserve,0,prior,0.0,,,,1.658,,1.658
1786386555.834,S1,search,0,prior,0.0,,,,6.899,,6.899
1786386555.834,S2,recommend,398,obs,0.9887,0.9471,2.057,21.5,0.975,2.057,2.057
1786386555.834,S2,reserve,212,obs,0.9806,1.3384,2.826,31.5,1.332,2.826,2.826
1786386555.834,S2,search,309,obs,0.9862,4.4873,7.563,24.0,4.287,7.563,7.563
1786386555.834,S3,recommend,308,obs,0.9806,0.5336,0.825,34.1,1.0,0.825,0.825
1786386555.834,S3,reserve,136,obs,0.9731,0.8575,1.06,35.4,1.348,1.06,1.06
1786386555.834,S3,search,217,obs,0.9769,3.0758,3.601,36.6,4.019,3.601,3.601
1786386556.833,S1,recommend,0,prior,0.0,,,,1.24,,1.24
1786386556.833,S1,reserve,0,prior,0.0,,,,1.658,,1.658
1786386556.833,S1,search,0,prior,0.0,,,,6.899,,6.899
1786386556.833,S2,recommend,397,obs,0.9843,0.9406,2.19,21.6,0.975,2.19,2.19
1786386556.833,S2,reserve,206,obs,0.9787,1.3457,2.447,26.5,1.332,2.447,2.447
1786386556.833,S2,search,315,obs,0.9868,4.3901,6.754,22.8,4.287,6.754,6.754
1786386556.833,S3,recommend,305,obs,0.9719,0.4995,0.788,54.0,1.0,0.788,0.788
1786386556.833,S3,reserve,145,obs,0.9844,0.8762,1.228,30.3,1.348,1.228,1.228
1786386556.833,S3,search,214,obs,0.9819,3.0612,3.632,31.5,4.019,3.632,3.632
1786386557.833,S1,recommend,0,prior,0.0,,,,1.24,,1.24
1786386557.833,S1,reserve,0,prior,0.0,,,,1.658,,1.658
1786386557.833,S1,search,0,prior,0.0,,,,6.899,,6.899
1786386557.833,S2,recommend,377,obs,0.9863,0.9171,1.966,20.3,0.975,1.966,1.966
1786386557.833,S2,reserve,213,obs,0.9881,1.3186,2.197,21.6,1.332,2.197,2.197
1786386557.833,S2,search,331,obs,0.9863,4.3438,6.492,26.4,4.287,6.492,6.492
1786386557.833,S3,recommend,322,obs,0.9825,0.558,0.756,31.5,1.0,0.756,0.756
1786386557.833,S3,reserve,143,obs,0.9694,0.863,1.228,29.1,1.348,1.228,1.228
1786386557.833,S3,search,196,obs,0.9775,3.0837,3.713,40.3,4.019,3.713,3.713
1786386558.834,S1,recommend,0,prior,0.0,,,,1.24,,1.24
1786386558.834,S1,reserve,0,prior,0.0,,,,1.658,,1.658
1786386558.834,S1,search,0,prior,0.0,,,,6.899,,6.899
1786386558.834,S2,recommend,398,obs,0.9881,0.933,2.035,22.8,0.975,2.035,2.035
1786386558.834,S2,reserve,206,obs,0.9881,1.2775,2.32,20.4,1.332,2.32,2.32
1786386558.834,S2,search,319,obs,0.9862,4.3739,6.461,25.3,4.287,6.461,6.461
1786386558.834,S3,recommend,306,obs,0.9832,0.5677,0.743,29.0,1.0,0.743,0.743
1786386558.834,S3,reserve,148,obs,0.9675,0.8483,1.078,42.9,1.348,1.078,1.078
1786386558.834,S3,search,206,obs,0.9776,3.0781,3.692,35.2,4.019,3.692,3.692
1786386559.833,S1,recommend,0,prior,0.0,,,,1.24,,1.24
1786386559.833,S1,reserve,0,prior,0.0,,,,1.658,,1.658
1786386559.833,S1,search,0,prior,0.0,,,,6.899,,6.899
1786386559.833,S2,recommend,409,obs,0.9894,1.0699,2.22,17.8,0.975,2.22,2.22
1786386559.833,S2,reserve,196,obs,0.9862,1.6036,2.802,19.0,1.332,2.802,2.802
1786386559.833,S2,search,316,obs,0.9844,4.8371,7.602,30.3,4.287,7.602,7.602
1786386559.833,S3,recommend,299,obs,0.985,0.5127,0.746,27.9,1.0,0.746,0.746
1786386559.833,S3,reserve,153,obs,0.9769,0.8635,1.172,41.5,1.348,1.172,1.172
1786386559.833,S3,search,210,obs,0.9788,3.0623,3.646,31.5,4.019,3.646,3.646
1786386560.833,S1,recommend,0,prior,0.0,,,,1.24,,1.24
1786386560.833,S1,reserve,0,prior,0.0,,,,1.658,,1.658
1786386560.833,S1,search,0,prior,0.0,,,,6.899,,6.899
1786386560.833,S2,recommend,378,obs,0.9393,1.0941,2.121,117.9,0.975,2.121,2.121
1786386560.833,S2,reserve,187,obs,0.9206,1.7181,3.231,149.1,1.332,3.231,3.231
1786386560.833,S2,search,314,obs,0.9375,4.9294,7.61,119.1,4.287,7.61,7.61
1786386560.833,S3,recommend,289,obs,0.935,0.5014,0.74,125.4,1.0,0.74,0.74
1786386560.833,S3,reserve,145,obs,0.9282,0.8514,1.301,126.5,1.348,1.301,1.301
1786386560.833,S3,search,191,obs,0.93,3.0747,3.696,139.0,4.019,3.696,3.696
1786386561.833,S1,recommend,0,prior,0.0,,,,1.24,,1.24
1786386561.833,S1,reserve,0,prior,0.0,,,,1.658,,1.658
1786386561.833,S1,search,0,prior,0.0,,,,6.899,,6.899
1786386561.833,S2,recommend,377,obs,0.9418,0.9618,2.082,115.4,0.975,2.082,2.082
1786386561.833,S2,reserve,193,obs,0.93,1.3858,2.604,121.6,1.332,2.604,2.604
1786386561.833,S2,search,310,obs,0.9394,4.5902,6.933,119.1,4.287,6.933,6.933
1786386561.833,S3,recommend,290,obs,0.9318,0.4984,0.72,127.9,1.0,0.72,0.72
1786386561.833,S3,reserve,144,obs,0.9357,0.8786,1.299,125.3,1.348,1.299,1.299
1786386561.833,S3,search,191,obs,0.9313,3.0911,3.78,130.2,4.019,3.78,3.78
1786386562.833,S1,recommend,0,prior,0.0,,,,1.24,,1.24
1786386562.833,S1,reserve,0,prior,0.0,,,,1.658,,1.658
1786386562.833,S1,search,0,prior,0.0,,,,6.899,,6.899
1786386562.833,S2,recommend,363,obs,0.9394,0.9728,2.265,115.4,0.975,2.265,2.265
1786386562.833,S2,reserve,206,obs,0.9412,1.3582,2.618,116.5,1.332,2.618,2.618
1786386562.833,S2,search,313,obs,0.9338,4.6045,7.16,125.3,4.287,7.16,7.16
1786386562.833,S3,recommend,306,obs,0.9344,0.4948,0.722,129.1,1.0,0.722,0.722
1786386562.833,S3,reserve,131,obs,0.8981,0.8816,1.405,199.1,1.348,1.405,1.405
1786386562.833,S3,search,185,obs,0.9281,3.0787,3.746,140.3,4.019,3.746,3.746
1786386563.833,S1,recommend,0,prior,0.0,,,,1.24,,1.24
1786386563.833,S1,reserve,0,prior,0.0,,,,1.658,,1.658
1786386563.833,S1,search,0,prior,0.0,,,,6.899,,6.899
1786386563.833,S2,recommend,353,obs,0.9356,0.9851,2.311,125.4,0.975,2.311,2.311
1786386563.833,S2,reserve,214,obs,0.9394,1.3475,2.618,119.0,1.332,2.618,2.618
1786386563.833,S2,search,315,obs,0.9375,4.6702,7.929,120.4,4.287,7.929,7.929
1786386563.833,S3,recommend,316,obs,0.9375,0.493,0.696,124.1,1.0,0.696,0.696
1786386563.833,S3,reserve,120,obs,0.93,0.8429,1.17,134.1,1.348,1.17,1.17
1786386563.833,S3,search,186,obs,0.9326,3.0588,3.57,126.5,4.019,3.57,3.57
1786386564.834,S1,recommend,0,prior,0.0,,,,1.24,,1.24
1786386564.834,S1,reserve,0,prior,0.0,,,,1.658,,1.658
1786386564.834,S1,search,0,prior,0.0,,,,6.899,,6.899
1786386564.834,S2,recommend,354,obs,0.9387,1.039,2.351,116.6,0.975,2.351,2.351
1786386564.834,S2,reserve,200,obs,0.93,1.474,2.849,129.1,1.332,2.849,2.849
1786386564.834,S2,search,311,obs,0.9344,4.6878,8.611,121.6,4.287,8.611,8.611
1786386564.834,S3,recommend,318,obs,0.9375,0.51,0.793,124.1,1.0,0.793,0.793
1786386564.834,S3,reserve,132,obs,0.93,0.8652,1.163,132.9,1.348,1.163,1.163
1786386564.834,S3,search,190,obs,0.9275,3.0745,3.614,141.6,4.019,3.614,3.614
1786386565.833,S1,recommend,0,prior,0.0,,,,1.24,,1.24
1786386565.833,S1,reserve,0,prior,0.0,,,,1.658,,1.658
1786386565.833,S1,search,0,prior,0.0,,,,6.899,,6.899
1786386565.833,S2,recommend,375,obs,0.9419,1.0215,2.293,114.1,0.975,2.293,2.293
1786386565.833,S2,reserve,185,obs,0.9375,1.4396,2.958,112.9,1.332,2.958,2.958
1786386565.833,S2,search,315,obs,0.9375,4.4867,7.407,120.4,4.287,7.407,7.407
1786386565.833,S3,recommend,293,obs,0.9356,0.5102,0.894,122.9,1.0,0.894,0.894
1786386565.833,S3,reserve,151,obs,0.93,0.8488,1.273,139.0,1.348,1.273,1.273
1786386565.833,S3,search,189,obs,0.9319,3.0818,3.614,132.8,4.019,3.614,3.614
1786386566.833,S1,recommend,0,prior,0.0,,,,1.24,,1.24
1786386566.833,S1,reserve,0,prior,0.0,,,,1.658,,1.658
1786386566.833,S1,search,0,prior,0.0,,,,6.899,,6.899
1786386566.833,S2,recommend,387,obs,0.94,0.9873,2.356,112.9,0.975,2.356,2.356
1786386566.833,S2,reserve,202,obs,0.9319,1.2905,2.389,119.1,1.332,2.389,2.389
1786386566.833,S2,search,294,obs,0.9413,4.4157,7.272,116.6,4.287,7.272,7.272
1786386566.833,S3,recommend,282,obs,0.9375,0.5072,0.806,121.6,1.0,0.806,0.806
1786386566.833,S3,reserve,136,obs,0.93,0.8316,1.273,137.8,1.348,1.273,1.273
1786386566.833,S3,search,207,obs,0.9331,3.0787,3.714,124.1,4.019,3.714,3.714
1786386567.833,S1,recommend,0,prior,0.0,,,,1.24,,1.24
1786386567.833,S1,reserve,0,prior,0.0,,,,1.658,,1.658
1786386567.833,S1,search,0,prior,0.0,,,,6.899,,6.899
1786386567.833,S2,recommend,369,obs,0.945,0.996,2.35,109.1,0.975,2.35,2.35
1786386567.833,S2,reserve,200,obs,0.9413,1.378,2.525,114.1,1.332,2.525,2.525
1786386567.833,S2,search,301,obs,0.9375,4.4824,7.088,122.9,4.287,7.088,7.088
1786386567.833,S3,recommend,303,obs,0.9325,0.5494,0.857,130.4,1.0,0.857,0.857
1786386567.833,S3,reserve,134,obs,0.9207,1.0371,1.211,151.6,1.348,1.211,1.211
1786386567.833,S3,search,200,obs,0.9282,3.2243,3.768,129.1,4.019,3.768,3.768
1786386568.833,S1,recommend,0,prior,0.0,,,,1.24,,1.24
1786386568.833,S1,reserve,0,prior,0.0,,,,1.658,,1.658
1786386568.833,S1,search,0,prior,0.0,,,,6.899,,6.899
1786386568.833,S2,recommend,363,obs,0.945,1.0102,2.296,107.9,0.975,2.296,2.296
1786386568.833,S2,reserve,196,obs,0.9356,1.4875,2.959,116.6,1.332,2.959,2.959
1786386568.833,S2,search,314,obs,0.9443,4.4975,6.833,110.4,4.287,6.833,6.833
1786386568.833,S3,recommend,309,obs,0.9387,0.5769,0.914,119.1,1.0,0.914,0.914
1786386568.833,S3,reserve,138,obs,0.9319,1.033,1.271,131.5,1.348,1.271,1.271
1786386568.833,S3,search,189,obs,0.9306,3.2342,3.865,124.1,4.019,3.865,3.865
1786386569.833,S1,recommend,0,prior,0.0,,,,1.24,,1.24
1786386569.833,S1,reserve,0,prior,0.0,,,,1.658,,1.658
1786386569.833,S1,search,0,prior,0.0,,,,6.899,,6.899
1786386569.833,S2,recommend,358,obs,0.9412,1.1329,2.341,114.1,0.975,2.341,2.341
1786386569.833,S2,reserve,194,obs,0.9375,1.567,2.983,107.8,1.332,2.983,2.983
1786386569.833,S2,search,324,obs,0.94,4.6432,6.833,119.1,4.287,6.833,6.833
1786386569.833,S3,recommend,313,obs,0.9387,0.5215,0.829,117.9,1.0,0.829,0.829
1786386569.833,S3,reserve,141,obs,0.9319,0.843,1.245,126.5,1.348,1.245,1.245
1786386569.833,S3,search,182,obs,0.9306,3.1051,3.729,122.9,4.019,3.729,3.729
1786386570.833,S1,recommend,0,prior,0.0,,,,1.24,,1.24
1786386570.833,S1,reserve,0,prior,0.0,,,,1.658,,1.658
1786386570.833,S1,search,0,prior,0.0,,,,6.899,,6.899
1786386570.833,S2,recommend,376,obs,0.9431,1.0714,2.107,105.4,0.975,2.107,2.107
1786386570.833,S2,reserve,189,obs,0.9394,1.5751,2.809,106.6,1.332,2.809,2.809
1786386570.833,S2,search,320,obs,0.9419,4.5989,6.666,114.1,4.287,6.666,6.666
1786386570.833,S3,recommend,294,obs,0.9375,0.5036,0.852,124.1,1.0,0.852,0.852
1786386570.833,S3,reserve,149,obs,0.9301,0.8305,1.214,136.4,1.348,1.214,1.214
1786386570.833,S3,search,184,obs,0.9381,3.1061,3.694,117.9,4.019,3.694,3.694
1786386571.834,S1,recommend,0,prior,0.0,,,,1.24,,1.24
1786386571.834,S1,reserve,0,prior,0.0,,,,1.658,,1.658
1786386571.834,S1,search,0,prior,0.0,,,,6.899,,6.899
1786386571.834,S2,recommend,381,obs,0.945,0.9544,1.894,107.9,0.975,1.894,1.894
1786386571.834,S2,reserve,203,obs,0.9431,1.4895,3.234,105.4,1.332,3.234,3.234
1786386571.834,S2,search,310,obs,0.9438,4.3794,6.596,109.1,4.287,6.596,6.596
1786386571.834,S3,recommend,293,obs,0.935,0.5068,0.808,115.4,1.0,0.808,0.808
1786386571.834,S3,reserve,135,obs,0.9412,0.8175,1.07,116.6,1.348,1.07,1.07
1786386571.834,S3,search,193,obs,0.9356,3.0773,3.573,121.6,4.019,3.573,3.573
1786386572.833,S1,recommend,0,prior,0.0,,,,1.24,,1.24
1786386572.833,S1,reserve,0,prior,0.0,,,,1.658,,1.658
1786386572.833,S1,search,0,prior,0.0,,,,6.899,,6.899
1786386572.833,S2,recommend,380,obs,0.9469,1.0137,1.907,105.3,0.975,1.907,1.907
1786386572.833,S2,reserve,188,obs,0.9394,1.4806,2.908,119.1,1.332,2.908,2.908
1786386572.833,S2,search,315,obs,0.9431,4.3855,6.644,109.1,4.287,6.644,6.644
1786386572.833,S3,recommend,294,obs,0.9412,0.5036,0.764,114.1,1.0,0.764,0.764
1786386572.833,S3,reserve,147,obs,0.9357,0.8458,1.187,115.3,1.348,1.187,1.187
1786386572.833,S3,search,188,obs,0.9313,3.0734,3.669,120.4,4.019,3.669,3.669
1786386573.833,S1,recommend,0,prior,0.0,,,,1.24,,1.24
1786386573.833,S1,reserve,0,prior,0.0,,,,1.658,,1.658
1786386573.833,S1,search,0,prior,0.0,,,,6.899,,6.899
1786386573.833,S2,recommend,374,obs,0.9431,1.0706,2.215,112.9,0.975,2.215,2.215
1786386573.833,S2,reserve,188,obs,0.9394,1.4704,2.678,106.6,1.332,2.678,2.678
1786386573.833,S2,search,318,obs,0.9443,4.6296,7.961,107.9,4.287,7.961,7.961
1786386573.833,S3,recommend,300,obs,0.9375,0.5082,0.759,120.4,1.0,0.759,0.759
1786386573.833,S3,reserve,148,obs,0.9394,0.8878,1.313,114.1,1.348,1.313,1.313
1786386573.833,S3,search,186,obs,0.9319,3.0751,3.716,115.4,4.019,3.716,3.716
1786386574.833,S1,recommend,0,prior,0.0,,,,1.24,,1.24
1786386574.833,S1,reserve,0,prior,0.0,,,,1.658,,1.658
1786386574.833,S1,search,0,prior,0.0,,,,6.899,,6.899
1786386574.833,S2,recommend,362,obs,0.9469,1.0224,2.539,104.1,0.975,2.539,2.539
1786386574.833,S2,reserve,206,obs,0.9412,1.4647,2.724,105.4,1.332,2.724,2.724
1786386574.833,S2,search,318,obs,0.9462,4.6743,7.961,102.9,4.287,7.961,7.961
1786386574.833,S3,recommend,309,obs,0.935,0.4982,0.786,119.1,1.0,0.786,0.786
1786386574.833,S3,reserve,132,obs,0.9431,0.8981,1.355,112.9,1.348,1.355,1.355
1786386574.833,S3,search,189,obs,0.9381,3.0837,3.761,120.4,4.019,3.761,3.761
1786386575.834,S1,recommend,0,prior,0.0,,,,1.24,,1.24
1786386575.834,S1,reserve,0,prior,0.0,,,,1.658,,1.658
1786386575.834,S1,search,0,prior,0.0,,,,6.899,,6.899
1786386575.834,S2,recommend,376,obs,0.9419,0.9441,1.948,109.1,0.975,1.948,1.948
1786386575.834,S2,reserve,210,obs,0.9488,1.3466,2.451,100.3,1.332,2.451,2.451
1786386575.834,S2,search,298,obs,0.9469,4.4323,6.802,105.3,4.287,6.802,6.802
1786386575.834,S3,recommend,296,obs,0.9431,0.5098,0.805,110.4,1.0,0.805,0.805
1786386575.834,S3,reserve,131,obs,0.9375,0.859,1.29,119.1,1.348,1.29,1.29
1786386575.834,S3,search,206,obs,0.9337,3.0876,3.739,127.9,4.019,3.739,3.739
1786386576.834,S1,recommend,0,prior,0.0,,,,1.24,,1.24
1786386576.834,S1,reserve,0,prior,0.0,,,,1.658,,1.658
1786386576.834,S1,search,0,prior,0.0,,,,6.899,,6.899
1786386576.834,S2,recommend,369,obs,0.9469,0.9257,1.958,101.6,0.975,1.958,1.958
1786386576.834,S2,reserve,209,obs,0.9394,1.3472,2.359,114.1,1.332,2.359,2.359
1786386576.834,S2,search,300,obs,0.9469,4.438,6.712,100.4,4.287,6.712,6.712
1786386576.834,S3,recommend,307,obs,0.9431,0.5033,0.757,112.8,1.0,0.757,0.757
1786386576.834,S3,reserve,126,obs,0.9393,0.8746,1.29,117.9,1.348,1.29,1.29
1786386576.834,S3,search,206,obs,0.9438,3.0833,3.691,110.4,4.019,3.691,3.691
1786386577.833,S1,recommend,0,prior,0.0,,,,1.24,,1.24
1786386577.833,S1,reserve,0,prior,0.0,,,,1.658,,1.658
1786386577.833,S1,search,0,prior,0.0,,,,6.899,,6.899
1786386577.833,S2,recommend,384,obs,0.9487,0.9293,2.049,99.1,0.975,2.049,2.049
1786386577.833,S2,reserve,193,obs,0.9413,1.4224,2.943,112.9,1.332,2.943,2.943
1786386577.833,S2,search,301,obs,0.9443,4.5265,7.069,110.4,4.287,7.069,7.069
1786386577.833,S3,recommend,293,obs,0.945,0.5727,0.931,107.8,1.0,0.931,0.931
1786386577.833,S3,reserve,143,obs,0.9394,0.8776,1.283,109.1,1.348,1.283,1.283
1786386577.833,S3,search,203,obs,0.9319,3.0836,3.591,129.1,4.019,3.591,3.591
1786386578.834,S1,recommend,0,prior,0.0,,,,1.24,,1.24
1786386578.834,S1,reserve,0,prior,0.0,,,,1.658,,1.658
1786386578.834,S1,search,0,prior,0.0,,,,6.899,,6.899
1786386578.834,S2,recommend,387,obs,0.9487,0.9575,2.324,99.1,0.975,2.324,2.324
1786386578.834,S2,reserve,191,obs,0.9412,1.3798,2.592,107.9,1.332,2.592,2.592
1786386578.834,S2,search,302,obs,0.9468,4.3651,6.88,105.4,4.287,6.88,6.88
1786386578.834,S3,recommend,287,obs,0.9443,0.571,0.833,106.6,1.0,0.833,0.833
1786386578.834,S3,reserve,144,obs,0.9338,0.865,1.283,115.3,1.348,1.283,1.283
1786386578.834,S3,search,206,obs,0.9425,3.1037,3.64,112.9,4.019,3.64,3.64
1786386579.833,S1,recommend,0,prior,0.0,,,,1.24,,1.24
1786386579.833,S1,reserve,0,prior,0.0,,,,1.658,,1.658
1786386579.833,S1,search,0,prior,0.0,,,,6.899,,6.899
1786386579.833,S2,recommend,372,obs,0.9412,1.0102,1.987,112.9,0.975,1.987,1.987
1786386579.833,S2,reserve,201,obs,0.9431,1.5541,2.862,99.1,1.332,2.862,2.862
1786386579.833,S2,search,307,obs,0.9419,4.6212,6.913,114.1,4.287,6.913,6.913
1786386579.833,S3,recommend,300,obs,0.9469,0.5129,0.741,105.3,1.0,0.741,0.741
1786386579.833,S3,reserve,139,obs,0.9375,0.8894,1.359,121.6,1.348,1.359,1.359
1786386579.833,S3,search,198,obs,0.9431,3.0952,3.823,107.9,4.019,3.823,3.823
1786386580.834,S1,recommend,0,prior,0.0,,,,1.24,,1.24
1786386580.834,S1,reserve,0,prior,0.0,,,,1.658,,1.658
1786386580.834,S1,search,0,prior,0.0,,,,6.899,,6.899
1786386580.834,S2,recommend,359,obs,0.9488,1.0387,2.114,100.4,0.975,2.114,2.114
1786386580.834,S2,reserve,203,obs,0.9488,1.5347,2.693,97.8,1.332,2.693,2.693
1786386580.834,S2,search,318,obs,0.9487,4.5885,6.81,99.1,4.287,6.81,6.81
1786386580.834,S3,recommend,317,obs,0.9356,0.5019,0.74,115.4,1.0,0.74,0.74
1786386580.834,S3,reserve,136,obs,0.9394,0.8803,1.272,120.3,1.348,1.272,1.272
1786386580.834,S3,search,186,obs,0.94,3.0788,3.757,112.9,4.019,3.757,3.757
1786386581.833,S1,recommend,0,prior,0.0,,,,1.24,,1.24
1786386581.833,S1,reserve,0,prior,0.0,,,,1.658,,1.658
1786386581.833,S1,search,0,prior,0.0,,,,6.899,,6.899
1786386581.833,S2,recommend,376,obs,0.9519,1.0453,2.355,95.4,0.975,2.355,2.355
1786386581.833,S2,reserve,192,obs,0.9507,1.3985,2.452,96.5,1.332,2.452,2.452
1786386581.833,S2,search,319,obs,0.9419,4.3729,6.844,104.1,4.287,6.844,6.844
1786386581.833,S3,recommend,301,obs,0.9412,0.506,0.684,114.1,1.0,0.684,0.684
1786386581.833,S3,reserve,145,obs,0.9386,0.8531,1.097,111.6,1.348,1.097,1.097
1786386581.833,S3,search,187,obs,0.9375,3.0706,3.546,116.6,4.019,3.546,3.546
1786386582.833,S1,recommend,0,prior,0.0,,,,1.24,,1.24
1786386582.833,S1,reserve,0,prior,0.0,,,,1.658,,1.658
1786386582.833,S1,search,0,prior,0.0,,,,6.899,,6.899
1786386582.833,S2,recommend,382,obs,0.9506,0.9777,2.208,97.9,0.975,2.208,2.208
1786386582.833,S2,reserve,198,obs,0.9469,1.4472,2.572,95.4,1.332,2.572,2.572
1786386582.833,S2,search,309,obs,0.9412,4.5355,7.336,104.1,4.287,7.336,7.336
1786386582.833,S3,recommend,297,obs,0.9412,0.5204,0.854,112.9,1.0,0.854,0.854
1786386582.833,S3,reserve,139,obs,0.9431,0.8483,1.17,106.6,1.348,1.17,1.17
1786386582.833,S3,search,196,obs,0.9425,3.0853,3.791,111.6,4.019,3.791,3.791
1786386583.833,S1,recommend,0,prior,0.0,,,,1.24,,1.24
1786386583.833,S1,reserve,0,prior,0.0,,,,1.658,,1.658
1786386583.833,S1,search,0,prior,0.0,,,,6.899,,6.899
1786386583.833,S2,recommend,377,obs,0.9513,0.9294,1.895,95.4,0.975,1.895,1.895
1786386583.833,S2,reserve,203,obs,0.9487,1.4749,2.58,90.4,1.332,2.58,2.58
1786386583.833,S2,search,314,obs,0.9488,4.4334,7.074,99.1,4.287,7.074,7.074
1786386583.833,S3,recommend,298,obs,0.9406,0.5045,0.725,107.9,1.0,0.725,0.725
1786386583.833,S3,reserve,137,obs,0.9469,0.8781,1.214,105.3,1.348,1.214,1.214
1786386583.833,S3,search,195,obs,0.9375,3.1053,3.901,120.4,4.019,3.901,3.901
1786386584.834,S1,recommend,0,prior,0.0,,,,1.24,,1.24
1786386584.834,S1,reserve,0,prior,0.0,,,,1.658,,1.658
1786386584.834,S1,search,0,prior,0.0,,,,6.899,,6.899
1786386584.834,S2,recommend,372,obs,0.9487,0.9584,2.003,95.4,0.975,2.003,2.003
1786386584.834,S2,reserve,216,obs,0.9487,1.4416,2.8,100.4,1.332,2.8,2.8
1786386584.834,S2,search,300,obs,0.9525,4.4233,6.889,94.1,4.287,6.889,6.889
1786386584.834,S3,recommend,304,obs,0.945,0.4981,0.714,106.6,1.0,0.714,0.714
1786386584.834,S3,reserve,125,obs,0.945,0.9309,1.532,104.1,1.348,1.532,1.532
1786386584.834,S3,search,206,obs,0.9431,3.1207,3.927,105.3,4.019,3.927,3.927
1786386585.833,S1,recommend,0,prior,0.0,,,,1.24,,1.24
1786386585.833,S1,reserve,0,prior,0.0,,,,1.658,,1.658
1786386585.833,S1,search,0,prior,0.0,,,,6.899,,6.899
1786386585.833,S2,recommend,372,obs,0.9513,0.9468,2.054,89.1,0.975,2.054,2.054
1786386585.833,S2,reserve,221,obs,0.9524,1.4075,2.796,91.6,1.332,2.796,2.796
1786386585.833,S2,search,300,obs,0.9487,4.4919,7.844,100.4,4.287,7.844,7.844
1786386585.833,S3,recommend,308,obs,0.9456,0.5033,0.724,107.9,1.0,0.724,0.724
1786386585.833,S3,reserve,117,obs,0.9469,0.8987,1.194,99.1,1.348,1.194,1.194
1786386585.833,S3,search,207,obs,0.9401,3.0844,3.756,106.4,4.019,3.756,3.756
1786386586.833,S1,recommend,0,prior,0.0,,,,1.24,,1.24
1786386586.833,S1,reserve,0,prior,0.0,,,,1.658,,1.658
1786386586.833,S1,search,0,prior,0.0,,,,6.899,,6.899
1786386586.833,S2,recommend,382,obs,0.9525,0.9443,2.073,92.9,0.975,2.073,2.073
1786386586.833,S2,reserve,205,obs,0.9506,1.3657,2.343,94.1,1.332,2.343,2.343
1786386586.833,S2,search,306,obs,0.9537,4.3963,7.004,91.6,4.287,7.004,7.004
1786386586.833,S3,recommend,298,obs,0.9375,0.5068,0.773,104.1,1.0,0.773,0.773
1786386586.833,S3,reserve,133,obs,0.9468,0.8575,1.207,97.9,1.348,1.207,1.207
1786386586.833,S3,search,202,obs,0.9418,3.0583,3.579,101.6,4.019,3.579,3.579
1786386587.834,S1,recommend,0,prior,0.0,,,,1.24,,1.24
1786386587.834,S1,reserve,0,prior,0.0,,,,1.658,,1.658
1786386587.834,S1,search,0,prior,0.0,,,,6.899,,6.899
1786386587.834,S2,recommend,383,obs,0.9538,0.9782,2.257,87.9,0.975,2.257,2.257
1786386587.834,S2,reserve,196,obs,0.9431,1.3202,2.276,104.1,1.332,2.276,2.276
1786386587.834,S2,search,309,obs,0.9537,4.419,6.767,90.4,4.287,6.767,6.767
1786386587.834,S3,recommend,296,obs,0.9487,0.5143,0.774,99.1,1.0,0.774,0.774
1786386587.834,S3,reserve,140,obs,0.9375,0.8803,1.205,107.9,1.348,1.205,1.205
1786386587.834,S3,search,203,obs,0.9468,3.0574,3.563,105.4,4.019,3.563,3.563
1786386588.834,S1,recommend,0,prior,0.0,,,,1.24,,1.24
1786386588.834,S1,reserve,0,prior,0.0,,,,1.658,,1.658
1786386588.834,S1,search,0,prior,0.0,,,,6.899,,6.899
1786386588.834,S2,recommend,376,obs,0.9525,0.9745,2.165,94.1,0.975,2.165,2.165
1786386588.834,S2,reserve,204,obs,0.9543,1.4127,2.657,87.9,1.332,2.657,2.657
1786386588.834,S2,search,310,obs,0.9525,4.4612,7.039,92.9,4.287,7.039,7.039
1786386588.834,S3,recommend,299,obs,0.94,0.5127,0.801,111.6,1.0,0.801,0.801
1786386588.834,S3,reserve,138,obs,0.9356,0.9048,1.398,99.1,1.348,1.398,1.398
1786386588.834,S3,search,198,obs,0.9425,3.0746,3.563,104.1,4.019,3.563,3.563
1786386589.833,S1,recommend,0,prior,0.0,,,,1.24,,1.24
1786386589.833,S1,reserve,0,prior,0.0,,,,1.658,,1.658
1786386589.833,S1,search,0,prior,0.0,,,,6.899,,6.899
1786386589.833,S2,recommend,369,obs,0.9544,1.1519,2.332,89.2,0.975,2.332,2.332
1786386589.833,S2,reserve,206,obs,0.9543,1.7956,3.33,90.4,1.332,3.33,3.33
1786386589.833,S2,search,314,obs,0.9525,4.6737,6.909,91.6,4.287,6.909,6.909
1786386589.833,S3,recommend,311,obs,0.9487,0.4904,0.672,96.6,1.0,0.672,0.672
1786386589.833,S3,reserve,136,obs,0.9375,0.8925,1.312,116.6,1.348,1.312,1.312
1786386589.833,S3,search,193,obs,0.945,3.0813,3.614,102.9,4.019,3.614,3.614
1786386590.834,S1,recommend,0,prior,0.0,,,,1.24,,1.24
1786386590.834,S1,reserve,0,prior,0.0,,,,1.658,,1.658
1786386590.834,S1,search,0,prior,0.0,,,,6.899,,6.899
1786386590.834,S2,recommend,372,obs,0.9556,1.1523,2.47,87.9,0.975,2.47,2.47
1786386590.834,S2,reserve,209,obs,0.9563,1.7412,3.237,85.4,1.332,3.237,3.237
1786386590.834,S2,search,308,obs,0.9456,4.7005,6.909,92.9,4.287,6.909,6.909
1786386590.834,S3,recommend,308,obs,0.9487,0.5022,0.825,95.4,1.0,0.825,0.825
1786386590.834,S3,reserve,130,obs,0.945,0.8793,1.297,96.6,1.348,1.297,1.297
1786386590.834,S3,search,201,obs,0.9456,3.0807,3.705,104.1,4.019,3.705,3.705
1786386591.833,S1,recommend,0,prior,0.0,,,,1.24,,1.24
1786386591.833,S1,reserve,0,prior,0.0,,,,1.658,,1.658
1786386591.833,S1,search,0,prior,0.0,,,,6.899,,6.899
1786386591.833,S2,recommend,395,obs,0.9506,0.9607,1.985,94.1,0.975,1.985,1.985
1786386591.833,S2,reserve,194,obs,0.9487,1.3701,2.573,91.7,1.332,2.573,2.573
1786386591.833,S2,search,302,obs,0.9544,4.3503,6.585,87.9,4.287,6.585,6.585
1786386591.833,S3,recommend,286,obs,0.9512,0.5161,0.844,96.6,1.0,0.844,0.844
1786386591.833,S3,reserve,144,obs,0.9488,0.8457,1.087,95.4,1.348,1.087,1.087
1786386591.833,S3,search,207,obs,0.9432,3.0797,3.769,104.1,4.019,3.769,3.769
1786386592.833,S1,recommend,0,prior,0.0,,,,1.24,,1.24
1786386592.833,S1,reserve,0,prior,0.0,,,,1.658,,1.658
1786386592.833,S1,search,0,prior,0.0,,,,6.899,,6.899
1786386592.833,S2,recommend,376,obs,0.9538,0.903,1.885,85.3,0.975,1.885,1.885
1786386592.833,S2,reserve,208,obs,0.9375,1.413,2.664,112.9,1.332,2.664,2.664
1786386592.833,S2,search,309,obs,0.9493,4.4405,7.002,97.9,4.287,7.002,7.002
1786386592.833,S3,recommend,303,obs,0.9469,0.5151,0.793,104.1,1.0,0.793,0.793
1786386592.833,S3,reserve,131,obs,0.9488,0.8619,1.251,101.6,1.348,1.251,1.251
1786386592.833,S3,search,201,obs,0.9406,3.0715,3.769,110.4,4.019,3.769,3.769
1786386593.834,S1,recommend,0,prior,0.0,,,,1.24,,1.24
1786386593.834,S1,reserve,0,prior,0.0,,,,1.658,,1.658
1786386593.834,S1,search,0,prior,0.0,,,,6.899,,6.899
1786386593.834,S2,recommend,365,obs,0.9525,0.9819,2.277,87.9,0.975,2.277,2.277
1786386593.834,S2,reserve,212,obs,0.9544,1.4317,2.664,89.1,1.332,2.664,2.664
1786386593.834,S2,search,324,obs,0.9563,4.6806,7.699,86.6,4.287,7.699,7.699
1786386593.834,S3,recommend,313,obs,0.9506,0.5151,0.755,95.4,1.0,0.755,0.755
1786386593.834,S3,reserve,132,obs,0.9356,0.875,1.333,93.0,1.348,1.333,1.333
1786386593.834,S3,search,185,obs,0.9488,3.0538,3.644,97.9,4.019,3.644,3.644
1786386594.834,S1,recommend,0,prior,0.0,,,,1.24,,1.24
1786386594.834,S1,reserve,0,prior,0.0,,,,1.658,,1.658
1786386594.834,S1,search,121,prior_fill,0.4538,2.84,3.956,74.1,6.899,,6.899
1786386594.834,S2,recommend,386,obs,0.9543,0.9068,2.136,90.4,0.975,2.136,2.136
1786386594.834,S2,reserve,193,obs,0.9544,1.282,2.422,87.9,1.332,2.422,2.422
1786386594.834,S2,search,252,obs,0.9563,4.4649,7.37,85.4,4.287,7.37,7.37
1786386594.834,S3,recommend,295,obs,0.9488,0.4968,0.667,94.1,1.0,0.667,0.667
1786386594.834,S3,reserve,147,obs,0.9319,0.851,1.206,99.1,1.348,1.206,1.206
1786386594.834,S3,search,138,obs,0.9419,3.0887,3.726,110.4,4.019,3.726,3.726
1786386595.834,S1,recommend,0,prior,0.0,,,,1.24,,1.24
1786386595.834,S1,reserve,0,prior,0.0,,,,1.658,,1.658
1786386595.834,S1,search,255,obs,0.9525,2.8788,4.768,76.6,6.899,4.768,4.768
1786386595.834,S2,recommend,384,obs,0.9569,0.7103,1.41,84.1,0.975,1.41,1.41
1786386595.834,S2,reserve,208,obs,0.9525,1.1069,1.983,82.9,1.332,1.983,1.983
1786386595.834,S2,search,161,obs,0.9512,3.7938,5.253,90.4,4.287,5.253,5.253
1786386595.834,S3,recommend,298,obs,0.9468,0.488,0.668,102.9,1.0,0.668,0.668
1786386595.834,S3,reserve,131,obs,0.9488,0.8123,1.092,97.9,1.348,1.092,1.092
1786386595.834,S3,search,96,prior,0.9519,3.0953,3.821,95.4,4.019,3.726,4.019
1786386596.834,S1,recommend,0,prior,0.0,,,,1.24,,1.24
1786386596.834,S1,reserve,0,prior,0.0,,,,1.658,,1.658
1786386596.834,S1,search,259,obs,0.9638,3.0005,4.807,71.6,6.899,4.807,4.807
1786386596.834,S2,recommend,385,obs,0.9575,0.7116,1.481,80.4,0.975,1.481,1.481
1786386596.834,S2,reserve,205,obs,0.9488,1.082,1.973,92.9,1.332,1.973,1.973
1786386596.834,S2,search,159,obs,0.9563,3.8493,4.909,85.4,4.287,4.909,4.909
1786386596.834,S3,recommend,295,obs,0.9525,0.4969,0.743,91.7,1.0,0.743,0.743
1786386596.834,S3,reserve,132,obs,0.9225,0.7913,0.973,141.7,1.348,0.973,0.973
1786386596.834,S3,search,98,prior,0.9438,3.0827,3.56,100.4,4.019,3.726,4.019
1786386597.834,S1,recommend,0,prior,0.0,,,,1.24,,1.24
1786386597.834,S1,reserve,0,prior,0.0,,,,1.658,,1.658
1786386597.834,S1,search,258,obs,0.9587,3.1363,5.01,76.7,6.899,5.01,5.01
1786386597.834,S2,recommend,385,obs,0.9606,0.7215,1.38,77.9,0.975,1.38,1.38
1786386597.834,S2,reserve,206,obs,0.9488,1.1047,2.137,99.0,1.332,2.137,2.137
1786386597.834,S2,search,158,obs,0.9563,3.8908,4.773,85.4,4.287,4.773,4.773
1786386597.834,S3,recommend,294,obs,0.9488,0.5327,0.704,94.1,1.0,0.704,0.704
1786386597.834,S3,reserve,135,obs,0.9375,0.8141,1.089,102.8,1.348,1.089,1.089
1786386597.834,S3,search,99,prior,0.9375,3.0959,3.637,107.9,4.019,3.726,4.019
1786386598.834,S1,recommend,0,prior,0.0,,,,1.24,,1.24
1786386598.834,S1,reserve,0,prior,0.0,,,,1.658,,1.658
1786386598.834,S1,search,257,obs,0.9625,3.1369,4.996,71.6,6.899,4.996,4.996
1786386598.834,S2,recommend,394,obs,0.96,0.7342,1.344,78.0,0.975,1.344,1.344
1786386598.834,S2,reserve,210,obs,0.9581,1.1191,2.137,79.2,1.332,2.137,2.137
1786386598.834,S2,search,153,obs,0.935,3.8704,4.923,102.9,4.287,4.923,4.923
1786386598.834,S3,recommend,288,obs,0.9468,0.5278,0.694,92.9,1.0,0.694,0.694
1786386598.834,S3,reserve,135,obs,0.9506,0.8163,1.068,97.9,1.348,1.068,1.068
1786386598.834,S3,search,101,obs,0.9525,3.0842,3.741,87.9,4.019,3.741,3.741
1786386599.834,S1,recommend,0,prior,0.0,,,,1.24,,1.24
1786386599.834,S1,reserve,0,prior,0.0,,,,1.658,,1.658
1786386599.834,S1,search,258,obs,0.9619,3.9469,6.179,66.6,6.899,6.179,6.179
1786386599.834,S2,recommend,399,obs,0.9594,0.8376,1.48,80.4,0.975,1.48,1.48
1786386599.834,S2,reserve,209,obs,0.9561,1.3159,2.456,77.9,1.332,2.456,2.456
1786386599.834,S2,search,151,obs,0.95,4.2832,5.868,82.9,4.287,5.868,5.868
1786386599.834,S3,recommend,285,obs,0.9506,0.4819,0.664,91.7,1.0,0.664,0.664
1786386599.834,S3,reserve,132,obs,0.9563,0.8068,0.989,85.4,1.348,0.989,0.989
1786386599.834,S3,search,105,obs,0.9512,3.0784,3.53,92.9,4.019,3.53,3.53
1786386600.834,S1,recommend,0,prior,0.0,,,,1.24,,1.24
1786386600.834,S1,reserve,0,prior,0.0,,,,1.658,,1.658
1786386600.834,S1,search,258,obs,0.965,3.958,8.013,66.6,6.899,8.013,8.013
1786386600.834,S2,recommend,392,obs,0.9612,0.8558,1.815,75.5,0.975,1.815,1.815
1786386600.834,S2,reserve,199,obs,0.9581,1.2995,2.213,76.7,1.332,2.213,2.213
1786386600.834,S2,search,154,obs,0.9512,4.2495,5.741,88.0,4.287,5.741,5.741
1786386600.834,S3,recommend,296,obs,0.9569,0.4803,0.655,85.3,1.0,0.655,0.655
1786386600.834,S3,reserve,140,obs,0.9487,0.8131,1.055,91.7,1.348,1.055,1.055
1786386600.834,S3,search,101,obs,0.9338,3.0629,3.53,115.3,4.019,3.53,3.53
1786386601.833,S1,recommend,0,prior,0.0,,,,1.24,,1.24
1786386601.833,S1,reserve,0,prior,0.0,,,,1.658,,1.658
1786386601.833,S1,search,259,obs,0.9637,3.1331,5.481,69.2,6.899,5.481,5.481
1786386601.833,S2,recommend,389,obs,0.9588,0.728,1.54,80.4,0.975,1.54,1.54
1786386601.833,S2,reserve,203,obs,0.9562,1.1113,2.017,75.4,1.332,2.017,2.017
1786386601.833,S2,search,150,obs,0.9538,3.7939,4.836,87.9,4.287,4.836,4.836
1786386601.833,S3,recommend,291,obs,0.9544,0.4774,0.694,85.3,1.0,0.694,0.694
1786386601.833,S3,reserve,139,obs,0.9281,0.8003,1.029,143.0,1.348,1.029,1.029
1786386601.833,S3,search,106,obs,0.9437,3.1046,3.854,98.0,4.019,3.854,3.854
1786386602.834,S1,recommend,0,prior,0.0,,,,1.24,,1.24
1786386602.834,S1,reserve,0,prior,0.0,,,,1.658,,1.658
1786386602.834,S1,search,258,obs,0.9675,3.0231,4.603,64.2,6.899,4.603,4.603
1786386602.834,S2,recommend,394,obs,0.9544,0.6586,1.314,80.4,0.975,1.314,1.314
1786386602.834,S2,reserve,220,obs,0.9581,1.1389,2.074,81.7,1.332,2.074,2.074
1786386602.834,S2,search,142,obs,0.9563,3.7568,4.86,77.9,4.287,4.86,4.86
1786386602.834,S3,recommend,286,obs,0.9562,0.4745,0.681,84.2,1.0,0.681,0.681
1786386602.834,S3,reserve,126,obs,0.9413,0.8187,1.024,92.9,1.348,1.024,1.024
1786386602.834,S3,search,114,obs,0.9487,3.0869,3.648,98.0,4.019,3.648,3.648
1786386603.834,S1,recommend,0,prior,0.0,,,,1.24,,1.24
1786386603.834,S1,reserve,0,prior,0.0,,,,1.658,,1.658
1786386603.834,S1,search,257,obs,0.9625,2.8956,4.63,69.2,6.899,4.63,4.63
1786386603.834,S2,recommend,401,obs,0.9638,0.6797,1.362,71.7,0.975,1.362,1.362
1786386603.834,S2,reserve,203,obs,0.96,1.1078,2.074,76.6,1.332,2.074,2.074
1786386603.834,S2,search,146,obs,0.94,3.7879,5.038,110.4,4.287,5.038,5.038
1786386603.834,S3,recommend,286,obs,0.9506,0.4722,0.705,90.5,1.0,0.705,0.705
1786386603.834,S3,reserve,139,obs,0.9281,0.8285,1.093,99.2,1.348,1.093,1.093
1786386603.834,S3,search,109,obs,0.9563,3.0722,3.844,85.4,4.019,3.844,3.844
1786386604.834,S1,recommend,0,prior,0.0,,,,1.24,,1.24
1786386604.834,S1,reserve,0,prior,0.0,,,,1.658,,1.658
1786386604.834,S1,search,259,obs,0.9674,2.905,4.653,64.2,6.899,4.653,4.653
1786386604.834,S2,recommend,403,obs,0.9619,0.7002,1.366,74.1,0.975,1.366,1.366
1786386604.834,S2,reserve,198,obs,0.96,1.083,1.858,75.5,1.332,1.858,1.858
1786386604.834,S2,search,151,obs,0.9488,3.8045,4.935,95.4,4.287,4.935,4.935
1786386604.834,S3,recommend,283,obs,0.9544,0.4896,0.737,81.7,1.0,0.737,0.737
1786386604.834,S3,reserve,143,obs,0.9487,0.8231,1.152,94.2,1.348,1.152,1.152
1786386604.834,S3,search,104,obs,0.9399,3.1087,3.844,90.5,4.019,3.844,3.844
1786386605.834,S1,recommend,0,prior,0.0,,,,1.24,,1.24
1786386605.834,S1,reserve,0,prior,0.0,,,,1.658,,1.658
1786386605.834,S1,search,261,obs,0.97,2.9978,4.635,59.1,6.899,4.635,4.635
1786386605.834,S2,recommend,391,obs,0.9638,0.7071,1.33,69.1,0.975,1.33,1.33
1786386605.834,S2,reserve,211,obs,0.96,1.1635,1.906,70.5,1.332,1.906,1.906
1786386605.834,S2,search,164,obs,0.9613,3.8119,4.858,75.4,4.287,4.858,4.858
1786386605.834,S3,recommend,294,obs,0.9581,0.4906,0.745,79.2,1.0,0.745,0.745
1786386605.834,S3,reserve,129,obs,0.9469,0.8028,1.073,93.0,1.348,1.073,1.073
1786386605.834,S3,search,94,prior,0.9363,3.1053,3.591,100.4,4.019,3.844,4.019
1786386606.834,S1,recommend,0,prior,0.0,,,,1.24,,1.24
1786386606.834,S1,reserve,0,prior,0.0,,,,1.658,,1.658
1786386606.834,S1,search,260,obs,0.9675,3.1543,4.874,59.2,6.899,4.874,4.874
1786386606.834,S2,recommend,371,obs,0.9569,0.722,1.353,78.0,0.975,1.353,1.353
1786386606.834,S2,reserve,205,obs,0.9637,1.2119,1.949,69.2,1.332,1.949,1.949
1786386606.834,S2,search,181,obs,0.9587,3.8044,4.892,80.5,4.287,4.892,4.892
1786386606.834,S3,recommend,309,obs,0.96,0.465,0.594,79.2,1.0,0.594,0.594
1786386606.834,S3,reserve,140,obs,0.9375,0.7881,1.017,110.5,1.348,1.017,1.017
1786386606.834,S3,search,77,prior,0.9313,3.0944,3.72,92.9,4.019,3.844,4.019
1786386607.834,S1,recommend,0,prior,0.0,,,,1.24,,1.24
1786386607.834,S1,reserve,0,prior,0.0,,,,1.658,,1.658
1786386607.834,S1,search,258,obs,0.9675,3.1409,5.038,61.7,6.899,5.038,5.038
1786386607.834,S2,recommend,371,obs,0.9619,0.7193,1.383,66.7,0.975,1.383,1.383
1786386607.834,S2,reserve,215,obs,0.9656,1.141,1.961,68.0,1.332,1.961,1.961
1786386607.834,S2,search,171,obs,0.9413,3.7786,5.052,95.4,4.287,5.052,5.052
1786386607.834,S3,recommend,316,obs,0.9581,0.4781,0.639,81.6,1.0,0.639,0.639
1786386607.834,S3,reserve,131,obs,0.9563,0.8761,1.182,82.9,1.348,1.182,1.182
1786386607.834,S3,search,84,prior,0.9563,3.0788,3.591,80.4,4.019,3.844,4.019
1786386608.834,S1,recommend,0,prior,0.0,,,,1.24,,1.24
1786386608.834,S1,reserve,0,prior,0.0,,,,1.658,,1.658
1786386608.834,S1,search,259,obs,0.9675,3.0184,4.863,56.6,6.899,4.863,4.863
1786386608.834,S2,recommend,395,obs,0.9656,0.7332,1.406,65.4,0.975,1.406,1.406
1786386608.834,S2,reserve,207,obs,0.96,1.1179,2.062,74.2,1.332,2.062,2.062
1786386608.834,S2,search,156,obs,0.9563,3.8204,4.987,82.9,4.287,4.987,4.987
1786386608.834,S3,recommend,295,obs,0.9612,0.4916,0.722,76.7,1.0,0.722,0.722
1786386608.834,S3,reserve,135,obs,0.9562,0.8862,1.182,85.5,1.348,1.182,1.182
1786386608.834,S3,search,100,obs,0.9375,3.0758,3.448,92.9,4.019,3.448,3.448
1786386609.834,S1,recommend,0,prior,0.0,,,,1.24,,1.24
1786386609.834,S1,reserve,0,prior,0.0,,,,1.658,,1.658
1786386609.834,S1,search,259,obs,0.9675,4.2481,6.59,61.7,6.899,6.59,6.59
1786386609.834,S2,recommend,400,obs,0.9656,0.8713,1.525,68.0,0.975,1.525,1.525
1786386609.834,S2,reserve,196,obs,0.96,1.3863,2.309,69.2,1.332,2.309,2.309
1786386609.834,S2,search,159,obs,0.9562,4.1368,5.414,78.0,4.287,5.414,5.414
1786386609.834,S3,recommend,289,obs,0.9612,0.4718,0.638,75.5,1.0,0.638,0.638
1786386609.834,S3,reserve,146,obs,0.9581,0.7985,1.073,76.7,1.348,1.073,1.073
1786386609.834,S3,search,97,prior,0.9374,3.1143,3.573,93.0,4.019,3.448,4.019
1786386610.834,S1,recommend,0,prior,0.0,,,,1.24,,1.24
1786386610.834,S1,reserve,0,prior,0.0,,,,1.658,,1.658
1786386610.834,S1,search,261,obs,0.97,4.3609,8.663,56.7,6.899,8.663,8.663
1786386610.834,S2,recommend,384,obs,0.9587,0.8634,1.596,76.7,0.975,1.596,1.596
1786386610.834,S2,reserve,204,obs,0.96,1.4329,2.578,68.0,1.332,2.578,2.578
1786386610.834,S2,search,164,obs,0.9613,4.1111,5.493,72.9,4.287,5.493,5.493
1786386610.834,S3,recommend,300,obs,0.9619,0.4663,0.643,74.1,1.0,0.643,0.643
1786386610.834,S3,reserve,139,obs,0.9562,0.8191,1.084,86.7,1.348,1.084,1.084
1786386610.834,S3,search,94,prior,0.9475,3.096,3.777,82.9,4.019,3.448,4.019
1786386611.834,S1,recommend,0,prior,0.0,,,,1.24,,1.24
1786386611.834,S1,reserve,0,prior,0.0,,,,1.658,,1.658
1786386611.834,S1,search,259,obs,0.9712,3.0926,4.847,56.7,6.899,4.847,4.847
1786386611.834,S2,recommend,394,obs,0.9637,0.6927,1.404,69.2,0.975,1.404,1.404
1786386611.834,S2,reserve,197,obs,0.9638,1.2324,2.575,70.4,1.332,2.575,2.575
1786386611.834,S2,search,168,obs,0.9612,3.8156,5.132,68.0,4.287,5.132,5.132
1786386611.834,S3,recommend,291,obs,0.96,0.4697,0.698,73.0,1.0,0.698,0.698
1786386611.834,S3,reserve,150,obs,0.945,0.8238,1.143,89.2,1.348,1.143,1.143
1786386611.834,S3,search,89,prior,0.9587,3.0784,3.62,78.0,4.019,3.448,4.019
1786386612.834,S1,recommend,0,prior,0.0,,,,1.24,,1.24
1786386612.834,S1,reserve,0,prior,0.0,,,,1.658,,1.658
1786386612.834,S1,search,259,obs,0.9712,2.9652,4.565,51.7,6.899,4.565,4.565
1786386612.834,S2,recommend,401,obs,0.9675,0.6691,1.237,64.1,0.975,1.237,1.237
1786386612.834,S2,reserve,202,obs,0.9656,1.1517,2.575,65.4,1.332,2.575,2.575
1786386612.834,S2,search,161,obs,0.9587,3.822,5.059,72.9,4.287,5.059,5.059
1786386612.834,S3,recommend,289,obs,0.9618,0.4738,0.649,71.7,1.0,0.649,0.649
1786386612.834,S3,reserve,142,obs,0.9582,0.7999,1.025,76.6,1.348,1.025,1.025
1786386612.834,S3,search,96,prior,0.96,3.0689,3.592,78.0,4.019,3.448,4.019
1786386613.834,S1,recommend,0,prior,0.0,,,,1.24,,1.24
1786386613.834,S1,reserve,0,prior,0.0,,,,1.658,,1.658
1786386613.834,S1,search,260,obs,0.9725,2.9094,4.427,54.1,6.899,4.427,4.427
1786386613.834,S2,recommend,418,obs,0.9663,0.6635,1.248,65.5,0.975,1.248,1.248
1786386613.834,S2,reserve,195,obs,0.9581,1.0847,2.043,71.7,1.332,2.043,2.043
1786386613.834,S2,search,148,obs,0.9562,3.8837,5.521,80.5,4.287,5.521,5.521
1786386613.834,S3,recommend,272,obs,0.96,0.4769,0.634,74.1,1.0,0.634,0.634
1786386613.834,S3,reserve,147,obs,0.9581,0.7914,1.053,79.1,1.348,1.053,1.053
1786386613.834,S3,search,109,obs,0.9562,3.0691,3.554,73.0,4.019,3.554,3.554
1786386614.834,S1,recommend,0,prior,0.0,,,,1.24,,1.24
1786386614.834,S1,reserve,0,prior,0.0,,,,1.658,,1.658
1786386614.834,S1,search,262,obs,0.975,2.9901,4.767,49.2,6.899,4.767,4.767
1786386614.834,S2,recommend,407,obs,0.965,0.6939,1.504,65.4,0.975,1.504,1.504
1786386614.834,S2,reserve,194,obs,0.96,1.1429,2.146,66.7,1.332,2.146,2.146
1786386614.834,S2,search,156,obs,0.9625,3.9295,5.521,62.9,4.287,5.521,5.521
1786386614.834,S3,recommend,280,obs,0.9568,0.4622,0.6,83.0,1.0,0.6,0.6
1786386614.834,S3,reserve,148,obs,0.96,0.8181,1.11,70.4,1.348,1.11,1.11
1786386614.834,S3,search,104,obs,0.9612,3.0929,3.554,75.5,4.019,3.554,3.554
1786386615.834,S1,recommend,0,prior,0.0,,,,1.24,,1.24
1786386615.834,S1,reserve,0,prior,0.0,,,,1.658,,1.658
1786386615.834,S1,search,261,obs,0.97,3.0622,5.325,54.2,6.899,5.325,5.325
1786386615.834,S2,recommend,388,obs,0.9675,0.7322,1.568,60.5,0.975,1.568,1.568
1786386615.834,S2,reserve,203,obs,0.96,1.1564,2.441,61.7,1.332,2.441,2.441
1786386615.834,S2,search,161,obs,0.965,3.922,5.611,62.9,4.287,5.611,5.611
1786386615.834,S3,recommend,296,obs,0.9619,0.4653,0.651,75.5,1.0,0.651,0.651
1786386615.834,S3,reserve,144,obs,0.9619,0.8274,1.121,72.9,1.348,1.121,1.121
1786386615.834,S3,search,98,prior,0.9587,3.1459,3.784,80.5,4.019,3.554,4.019
1786386616.834,S1,recommend,0,prior,0.0,,,,1.24,,1.24
1786386616.834,S1,reserve,0,prior,0.0,,,,1.658,,1.658
1786386616.834,S1,search,259,obs,0.9712,3.0816,5.415,54.2,6.899,5.415,5.415
1786386616.834,S2,recommend,393,obs,0.9619,0.7182,1.347,70.4,0.975,1.347,1.347
1786386616.834,S2,reserve,202,obs,0.9675,1.1305,2.346,60.5,1.332,2.346,2.346
1786386616.834,S2,search,157,obs,0.9588,3.846,4.85,75.4,4.287,4.85,4.85
1786386616.834,S3,recommend,294,obs,0.9643,0.4672,0.635,69.1,1.0,0.635,0.635
1786386616.834,S3,reserve,146,obs,0.96,0.7923,1.039,79.1,1.348,1.039,1.039
1786386616.834,S3,search,99,prior,0.9425,3.1235,3.69,102.9,4.019,3.554,4.019
1786386617.834,S1,recommend,0,prior,0.0,,,,1.24,,1.24
1786386617.834,S1,reserve,0,prior,0.0,,,,1.658,,1.658
1786386617.834,S1,search,259,obs,0.9674,3.0292,5.138,56.7,6.899,5.138,5.138
1786386617.834,S2,recommend,387,obs,0.9656,0.6905,1.282,65.4,0.975,1.282,1.282
1786386617.834,S2,reserve,212,obs,0.9694,1.1133,2.163,59.2,1.332,2.163,2.163
1786386617.834,S2,search,154,obs,0.9525,3.8063,4.626,83.0,4.287,4.626,4.626
1786386617.834,S3,recommend,303,obs,0.965,0.5236,0.655,69.2,1.0,0.655,0.655
1786386617.834,S3,reserve,131,obs,0.9562,0.8203,1.141,78.0,1.348,1.141,1.141
1786386617.834,S3,search,103,obs,0.9599,3.1074,3.69,75.5,4.019,3.69,3.69
1786386618.834,S1,recommend,0,prior,0.0,,,,1.24,,1.24
1786386618.834,S1,reserve,0,prior,0.0,,,,1.658,,1.658
1786386618.834,S1,search,260,obs,0.9725,3.0088,4.934,51.7,6.899,4.934,4.934
1786386618.834,S2,recommend,389,obs,0.9675,0.6967,1.302,64.2,0.975,1.302,1.302
1786386618.834,S2,reserve,217,obs,0.9619,1.0994,2.058,69.2,1.332,2.058,2.058
1786386618.834,S2,search,153,obs,0.9625,3.8421,4.873,65.5,4.287,4.873,4.873
1786386618.834,S3,recommend,301,obs,0.9619,0.5353,0.688,71.7,1.0,0.688,0.688
1786386618.834,S3,reserve,125,obs,0.9468,0.8352,1.141,95.5,1.348,1.141,1.141
1786386618.834,S3,search,105,obs,0.945,3.0888,3.565,77.9,4.019,3.565,3.565
1786386619.834,S1,recommend,0,prior,0.0,,,,1.24,,1.24
1786386619.834,S1,reserve,0,prior,0.0,,,,1.658,,1.658
1786386619.834,S1,search,262,obs,0.975,4.4547,11.465,46.7,6.899,11.465,11.465
1786386619.834,S2,recommend,400,obs,0.97,0.7619,1.43,58.0,0.975,1.43,1.43
1786386619.834,S2,reserve,208,obs,0.9675,1.1356,2.051,64.2,1.332,2.051,2.051
1786386619.834,S2,search,154,obs,0.9675,3.9737,5.097,60.4,4.287,5.097,5.097
1786386619.834,S3,recommend,287,obs,0.9593,0.4864,0.686,70.5,1.0,0.686,0.686
1786386619.834,S3,reserve,137,obs,0.96,0.7931,1.057,67.9,1.348,1.057,1.057
1786386619.834,S3,search,106,obs,0.9525,3.065,3.51,72.9,4.019,3.51,3.51
1786386620.834,S1,recommend,0,prior,0.0,,,,1.24,,1.24
1786386620.834,S1,reserve,0,prior,0.0,,,,1.658,,1.658
1786386620.834,S1,search,261,obs,0.975,4.5075,11.732,49.1,6.899,11.732,11.732
1786386620.834,S2,recommend,392,obs,0.9694,0.7791,1.634,58.0,0.975,1.634,1.634
1786386620.834,S2,reserve,208,obs,0.9694,1.1794,2.051,59.2,1.332,2.051,2.051
1786386620.834,S2,search,156,obs,0.9638,4.0398,5.647,67.9,4.287,5.647,5.647
1786386620.834,S3,recommend,294,obs,0.96,0.4833,0.686,69.2,1.0,0.686,0.686
1786386620.834,S3,reserve,142,obs,0.9562,0.8061,1.114,70.5,1.348,1.114,1.114
1786386620.834,S3,search,101,obs,0.9562,3.0997,3.563,78.0,4.019,3.563,3.563
1786386621.834,S1,recommend,0,prior,0.0,,,,1.24,,1.24
1786386621.834,S1,reserve,0,prior,0.0,,,,1.658,,1.658
1786386621.834,S1,search,260,obs,0.975,2.983,5.11,44.2,6.899,5.11,5.11
1786386621.834,S2,recommend,399,obs,0.9675,0.7336,1.549,56.7,0.975,1.549,1.549
1786386621.834,S2,reserve,202,obs,0.9693,1.1711,2.094,58.0,1.332,2.094,2.094
1786386621.834,S2,search,165,obs,0.9675,3.876,4.986,62.9,4.287,4.986,4.986
1786386621.834,S3,recommend,294,obs,0.9656,0.4797,0.691,68.0,1.0,0.691,0.691
1786386621.834,S3,reserve,143,obs,0.9562,0.8348,1.299,65.5,1.348,1.299,1.299
1786386621.834,S3,search,93,prior,0.9562,3.0996,3.763,78.0,4.019,3.563,4.019
1786386622.834,S1,recommend,0,prior,0.0,,,,1.24,,1.24
1786386622.834,S1,reserve,0,prior,0.0,,,,1.658,,1.658
1786386622.834,S1,search,261,obs,0.975,2.9508,4.889,49.2,6.899,4.889,4.889
1786386622.834,S2,recommend,404,obs,0.9687,0.7246,1.494,59.2,0.975,1.494,1.494
1786386622.834,S2,reserve,199,obs,0.9694,1.1239,2.05,56.6,1.332,2.05,2.05
1786386622.834,S2,search,166,obs,0.9675,3.7914,4.665,57.9,4.287,4.665,4.665
1786386622.834,S3,recommend,289,obs,0.9675,0.4762,0.649,62.9,1.0,0.649,0.649
1786386622.834,S3,reserve,144,obs,0.96,0.8241,1.11,71.7,1.348,1.11,1.11
1786386622.834,S3,search,93,prior,0.9537,3.1038,3.816,73.0,4.019,3.563,4.019
1786386623.834,S1,recommend,0,prior,0.0,,,,1.24,,1.24
1786386623.834,S1,reserve,0,prior,0.0,,,,1.658,,1.658
1786386623.834,S1,search,263,obs,0.9775,3.0398,5.431,44.2,6.899,5.431,5.431
1786386623.834,S2,recommend,401,obs,0.9681,0.713,1.433,56.7,0.975,1.433,1.433
1786386623.834,S2,reserve,212,obs,0.9582,1.0984,1.996,74.2,1.332,1.996,1.996
1786386623.834,S2,search,154,obs,0.9587,3.7931,4.94,63.0,4.287,4.94,4.94
1786386623.834,S3,recommend,289,obs,0.9619,0.4639,0.62,73.0,1.0,0.62,0.62
1786386623.834,S3,reserve,130,obs,0.9563,0.8369,1.194,66.6,1.348,1.194,1.194
1786386623.834,S3,search,106,obs,0.965,3.115,3.929,67.9,4.019,3.929,3.929
1786386624.834,S1,recommend,0,prior,0.0,,,,1.24,,1.24
1786386624.834,S1,reserve,0,prior,0.0,,,,1.658,,1.658
1786386624.834,S1,search,262,obs,0.975,3.126,5.81,44.2,6.899,5.81,5.81
1786386624.834,S2,recommend,393,obs,0.9738,0.7285,1.435,51.7,0.975,1.435,1.435
1786386624.834,S2,reserve,210,obs,0.9619,1.2075,2.33,61.7,1.332,2.33,2.33
1786386624.834,S2,search,160,obs,0.97,3.9516,5.513,58.0,4.287,5.513,5.513
1786386624.834,S3,recommend,295,obs,0.9656,0.4667,0.633,60.5,1.0,0.633,0.633
1786386624.834,S3,reserve,137,obs,0.9618,0.8536,1.292,73.0,1.348,1.292,1.292
1786386624.834,S3,search,101,obs,0.9412,3.1233,3.827,100.5,4.019,3.827,3.827
1786386625.834,S1,recommend,0,prior,0.0,,,,1.24,,1.24
1786386625.834,S1,reserve,0,prior,0.0,,,,1.658,,1.658
1786386625.834,S1,search,261,obs,0.9787,3.1717,6.112,39.2,6.899,6.112,6.112
1786386625.834,S2,recommend,398,obs,0.9713,0.7221,1.403,55.4,0.975,1.403,1.403
1786386625.834,S2,reserve,199,obs,0.9694,1.2029,2.207,53.0,1.332,2.207,2.207
1786386625.834,S2,search,162,obs,0.9638,3.9384,5.513,65.4,4.287,5.513,5.513
1786386625.834,S3,recommend,293,obs,0.9631,0.471,0.621,59.2,1.0,0.621,0.621
1786386625.834,S3,reserve,150,obs,0.9675,0.8137,1.039,64.1,1.348,1.039,1.039
1786386625.834,S3,search,95,prior,0.9413,3.0918,3.676,95.3,4.019,3.827,4.019
1786386626.834,S1,recommend,0,prior,0.0,,,,1.24,,1.24
1786386626.834,S1,reserve,0,prior,0.0,,,,1.658,,1.658
1786386626.834,S1,search,260,obs,0.975,3.0703,4.995,41.7,6.899,4.995,4.995
1786386626.834,S2,recommend,402,obs,0.975,0.7048,1.376,49.2,0.975,1.376,1.376
1786386626.834,S2,reserve,205,obs,0.9732,1.1053,2.096,51.7,1.332,2.096,2.096
1786386626.834,S2,search,155,obs,0.94,3.8034,4.62,70.4,4.287,4.62,4.62
1786386626.834,S3,recommend,292,obs,0.9625,0.4773,0.621,64.2,1.0,0.621,0.621
1786386626.834,S3,reserve,141,obs,0.9357,0.8015,1.009,81.7,1.348,1.009,1.009
1786386626.834,S3,search,103,obs,0.96,3.0727,3.676,75.4,4.019,3.676,3.676
1786386627.834,S1,recommend,0,prior,0.0,,,,1.24,,1.24
1786386627.834,S1,reserve,0,prior,0.0,,,,1.658,,1.658
1786386627.834,S1,search,261,obs,0.975,3.0243,5.184,46.7,6.899,5.184,5.184
1786386627.834,S2,recommend,394,obs,0.9725,0.694,1.328,53.0,0.975,1.328,1.328
1786386627.834,S2,reserve,208,obs,0.9638,1.1274,2.16,58.0,1.332,2.16,2.16
1786386627.834,S2,search,161,obs,0.9675,3.8228,4.706,55.4,4.287,4.706,4.706
1786386627.834,S3,recommend,301,obs,0.9681,0.4941,0.69,63.0,1.0,0.69,0.69
1786386627.834,S3,reserve,135,obs,0.9619,0.8157,1.048,69.2,1.348,1.048,1.048
1786386627.834,S3,search,98,prior,0.9538,3.074,3.48,70.4,4.019,3.676,4.019
1786386628.834,S1,recommend,0,prior,0.0,,,,1.24,,1.24
1786386628.834,S1,reserve,0,prior,0.0,,,,1.658,,1.658
1786386628.834,S1,search,263,obs,0.9775,3.1601,5.786,41.7,6.899,5.786,5.786
1786386628.834,S2,recommend,387,obs,0.9687,0.7707,1.424,55.5,0.975,1.424,1.424
1786386628.834,S2,reserve,208,obs,0.9675,1.3066,2.421,64.2,1.332,2.421,2.421
1786386628.834,S2,search,164,obs,0.965,4.3303,5.482,65.4,4.287,5.482,5.482
1786386628.834,S3,recommend,303,obs,0.97,0.488,0.667,58.0,1.0,0.667,0.667
1786386628.834,S3,reserve,137,obs,0.93,0.8176,1.059,113.0,1.348,1.059,1.059
1786386628.834,S3,search,96,prior,0.9625,3.078,3.48,60.5,4.019,3.676,4.019
1786386629.834,S1,recommend,0,prior,0.0,,,,1.24,,1.24
1786386629.834,S1,reserve,0,prior,0.0,,,,1.658,,1.658
1786386629.834,S1,search,262,obs,0.9787,4.8522,15.876,41.7,6.899,15.876,15.876
1786386629.834,S2,recommend,380,obs,0.975,0.8026,1.517,46.6,0.975,1.517,1.517
1786386629.834,S2,reserve,220,obs,0.9694,1.3195,2.318,59.2,1.332,2.318,2.318
1786386629.834,S2,search,163,obs,0.9712,4.3491,5.76,53.0,4.287,5.76,5.76
1786386629.834,S3,recommend,311,obs,0.9656,0.4677,0.624,61.7,1.0,0.624,0.624
1786386629.834,S3,reserve,130,obs,0.9581,0.8276,1.234,63.0,1.348,1.234,1.234
1786386629.834,S3,search,97,prior,0.965,3.0755,3.522,60.5,4.019,3.676,4.019
1786386630.834,S1,recommend,0,prior,0.0,,,,1.24,,1.24
1786386630.834,S1,reserve,0,prior,0.0,,,,1.658,,1.658
1786386630.834,S1,search,261,obs,0.9787,4.6902,11.955,36.8,6.899,11.955,11.955
1786386630.834,S2,recommend,392,obs,0.975,0.7218,1.429,49.2,0.975,1.429,1.429
1786386630.834,S2,reserve,225,obs,0.9712,1.1137,1.982,50.5,1.332,1.982,1.982
1786386630.834,S2,search,150,obs,0.975,3.8368,5.701,48.0,4.287,5.701,5.701
1786386630.834,S3,recommend,302,obs,0.9656,0.4824,0.662,60.4,1.0,0.662,0.662
1786386630.834,S3,reserve,123,obs,0.9468,0.8318,1.12,103.0,1.348,1.12,1.12
1786386630.834,S3,search,109,obs,0.9637,3.044,3.507,63.0,4.019,3.507,3.507
1786386631.834,S1,recommend,0,prior,0.0,,,,1.24,,1.24
1786386631.834,S1,reserve,0,prior,0.0,,,,1.658,,1.658
1786386631.834,S1,search,262,obs,0.98,2.9377,4.813,39.2,6.899,4.813,4.813
1786386631.834,S2,recommend,395,obs,0.9756,0.7141,1.429,46.7,0.975,1.429,1.429
1786386631.834,S2,reserve,226,obs,0.9731,1.0768,1.982,45.4,1.332,1.982,1.982
1786386631.834,S2,search,150,obs,0.9662,3.8018,4.886,53.0,4.287,4.886,4.886
1786386631.834,S3,recommend,302,obs,0.9694,0.4804,0.638,55.5,1.0,0.638,0.638
1786386631.834,S3,reserve,119,obs,0.9693,0.8094,1.066,56.7,1.348,1.066,1.066
1786386631.834,S3,search,110,obs,0.9625,3.0603,3.703,68.0,4.019,3.703,3.703
1786386632.834,S1,recommend,0,prior,0.0,,,,1.24,,1.24
1786386632.834,S1,reserve,0,prior,0.0,,,,1.658,,1.658
1786386632.834,S1,search,264,obs,0.9825,3.0377,5.155,34.2,6.899,5.155,5.155
1786386632.834,S2,recommend,392,obs,0.9725,0.7323,1.516,50.4,0.975,1.516,1.516
1786386632.834,S2,reserve,218,obs,0.9675,1.1316,2.15,55.5,1.332,2.15,2.15
1786386632.834,S2,search,159,obs,0.9725,3.8403,5.06,53.0,4.287,5.06,5.06
1786386632.834,S3,recommend,302,obs,0.9694,0.4811,0.578,58.0,1.0,0.578,0.578
1786386632.834,S3,reserve,125,obs,0.96,0.8314,1.111,66.7,1.348,1.111,1.111
1786386632.834,S3,search,102,obs,0.9563,3.1127,3.703,68.0,4.019,3.703,3.703
1786386633.834,S1,recommend,0,prior,0.0,,,,1.24,,1.24
1786386633.834,S1,reserve,0,prior,0.0,,,,1.658,,1.658
1786386633.834,S1,search,263,obs,0.9775,3.1033,5.155,39.2,6.899,5.155,5.155
1786386633.834,S2,recommend,390,obs,0.9681,0.7275,1.439,55.4,0.975,1.439,1.439
1786386633.834,S2,reserve,209,obs,0.9731,1.138,2.177,50.5,1.332,2.177,2.177
1786386633.834,S2,search,162,obs,0.975,3.8032,5.06,48.0,4.287,5.06,5.06
1786386633.834,S3,recommend,300,obs,0.9737,0.4778,0.675,51.7,1.0,0.675,0.675
1786386633.834,S3,reserve,139,obs,0.9581,0.8245,1.111,65.5,1.348,1.111,1.111
1786386633.834,S3,search,100,obs,0.9512,3.0928,3.602,80.5,4.019,3.602,3.602
1786386634.834,S1,recommend,0,prior,0.0,,,,1.24,,1.24
1786386634.834,S1,reserve,0,prior,0.0,,,,1.658,,1.658
1786386634.834,S1,search,262,obs,0.9813,3.0651,4.672,34.2,6.899,4.672,4.672
1786386634.834,S2,recommend,389,obs,0.9732,0.715,1.329,44.2,0.975,1.329,1.329
1786386634.834,S2,reserve,213,obs,0.9768,1.1641,2.052,45.5,1.332,2.052,2.052
1786386634.834,S2,search,163,obs,0.9675,3.7915,4.933,57.9,4.287,4.933,4.933
1786386634.834,S3,recommend,304,obs,0.9713,0.4636,0.662,55.5,1.0,0.662,0.662
1786386634.834,S3,reserve,139,obs,0.9544,0.8143,1.108,56.7,1.348,1.108,1.108
1786386634.834,S3,search,95,prior,0.93,3.1256,3.76,65.5,4.019,3.602,4.019
1786386635.834,S1,recommend,0,prior,0.0,,,,1.24,,1.24
1786386635.834,S1,reserve,0,prior,0.0,,,,1.658,,1.658
1786386635.834,S1,search,262,obs,0.9813,2.9833,4.37,29.2,6.899,4.37,4.37
1786386635.834,S2,recommend,378,obs,0.9769,0.7246,1.408,43.0,0.975,1.408,1.408
1786386635.834,S2,reserve,215,obs,0.975,1.1393,1.925,40.4,1.332,1.925,1.925
1786386635.834,S2,search,166,obs,0.9675,3.8373,4.893,60.4,4.287,4.893,4.893
1786386635.834,S3,recommend,321,obs,0.975,0.4655,0.637,49.2,1.0,0.637,0.637
1786386635.834,S3,reserve,133,obs,0.9731,0.8127,1.034,51.8,1.348,1.034,1.034
1786386635.834,S3,search,93,prior,0.9375,3.1141,3.649,75.4,4.019,3.602,4.019
1786386636.834,S1,recommend,0,prior,0.0,,,,1.24,,1.24
1786386636.834,S1,reserve,0,prior,0.0,,,,1.658,,1.658
1786386636.834,S1,search,263,obs,0.9838,2.9802,5.04,29.2,6.899,5.04,5.04
1786386636.834,S2,recommend,387,obs,0.9763,0.7293,1.319,45.5,0.975,1.319,1.319
1786386636.834,S2,reserve,206,obs,0.975,1.1347,2.166,43.0,1.332,2.166,2.166
1786386636.834,S2,search,162,obs,0.9488,3.8545,5.033,70.4,4.287,5.033,5.033
1786386636.834,S3,recommend,312,obs,0.975,0.4885,0.648,49.2,1.0,0.648,0.648
1786386636.834,S3,reserve,139,obs,0.9562,0.8054,1.019,76.8,1.348,1.019,1.019
1786386636.834,S3,search,97,prior,0.9675,3.0844,3.446,55.5,4.019,3.602,4.019
1786386637.834,S1,recommend,0,prior,0.0,,,,1.24,,1.24
1786386637.834,S1,reserve,0,prior,0.0,,,,1.658,,1.658
1786386637.834,S1,search,264,obs,0.9825,3.1791,6.138,31.7,6.899,6.138,6.138
1786386637.834,S2,recommend,406,obs,0.9806,0.69,1.217,36.8,0.975,1.217,1.217
1786386637.834,S2,reserve,210,obs,0.975,1.1217,2.123,49.2,1.332,2.123,2.123
1786386637.834,S2,search,152,obs,0.9637,3.8235,4.919,50.5,4.287,4.919,4.919
1786386637.834,S3,recommend,288,obs,0.9675,0.5104,0.802,59.2,1.0,0.802,0.802
1786386637.834,S3,reserve,137,obs,0.9638,0.829,1.087,53.0,1.348,1.087,1.087
1786386637.834,S3,search,109,obs,0.965,3.1107,3.609,65.5,4.019,3.609,3.609
1786386638.835,S1,recommend,0,prior,0.0,,,,1.24,,1.24
1786386638.835,S1,reserve,0,prior,0.0,,,,1.658,,1.658
1786386638.835,S1,search,264,obs,0.9863,3.1985,5.945,26.7,6.899,5.945,5.945
1786386638.835,S2,recommend,424,obs,0.9769,0.6755,1.196,39.2,0.975,1.196,1.196
1786386638.835,S2,reserve,203,obs,0.9769,1.0797,2.118,44.3,1.332,2.118,2.118
1786386638.835,S2,search,148,obs,0.9625,3.8427,4.977,40.4,4.287,4.977,4.977
1786386638.835,S3,recommend,268,obs,0.975,0.4955,0.765,46.7,1.0,0.765,0.765
1786386638.835,S3,reserve,149,obs,0.9562,0.8129,1.139,63.0,1.348,1.139,1.139
1786386638.835,S3,search,113,obs,0.9675,3.0878,3.609,60.5,4.019,3.609,3.609
1786386639.834,S1,recommend,0,prior,0.0,,,,1.24,,1.24
1786386639.834,S1,reserve,0,prior,0.0,,,,1.658,,1.658
1786386639.834,S1,search,262,obs,0.9813,3.9664,7.454,31.7,6.899,7.454,7.454
1786386639.834,S2,recommend,406,obs,0.9788,0.7639,1.437,38.0,0.975,1.437,1.437
1786386639.834,S2,reserve,201,obs,0.9787,1.0995,2.108,39.2,1.332,2.108,2.108
1786386639.834,S2,search,165,obs,0.9712,3.8753,5.082,48.0,4.287,5.082,5.082
1786386639.834,S3,recommend,291,obs,0.9768,0.4752,0.65,45.5,1.0,0.65,0.65
1786386639.834,S3,reserve,150,obs,0.9656,0.8031,1.139,58.0,1.348,1.139,1.139
1786386639.834,S3,search,95,prior,0.9675,3.0841,3.546,62.9,4.019,3.609,4.019
1786386640.834,S1,recommend,0,prior,0.0,,,,1.24,,1.24
1786386640.834,S1,reserve,0,prior,0.0,,,,1.658,,1.658
1786386640.834,S1,search,264,obs,0.9863,3.9313,7.89,26.7,6.899,7.89,7.89
1786386640.834,S2,recommend,401,obs,0.9806,0.7547,1.437,36.7,0.975,1.437,1.437
1786386640.834,S2,reserve,208,obs,0.9806,1.0962,2.108,34.2,1.332,2.108,2.108
1786386640.834,S2,search,163,obs,0.975,3.8859,4.94,43.0,4.287,4.94,4.94
1786386640.834,S3,recommend,299,obs,0.9762,0.4799,0.65,44.2,1.0,0.65,0.65
1786386640.834,S3,reserve,140,obs,0.9731,0.8209,1.055,45.5,1.348,1.055,1.055
1786386640.834,S3,search,98,prior,0.9538,3.0859,3.543,58.0,4.019,3.609,4.019
1786386641.834,S1,recommend,0,prior,0.0,,,,1.24,,1.24
1786386641.834,S1,reserve,0,prior,0.0,,,,1.658,,1.658
1786386641.834,S1,search,266,obs,0.9888,3.0707,4.792,21.7,6.899,4.792,4.792
1786386641.834,S2,recommend,393,obs,0.9806,0.708,1.387,35.5,0.975,1.387,1.387
1786386641.834,S2,reserve,204,obs,0.9788,1.1435,2.117,33.0,1.332,2.117,2.117
1786386641.834,S2,search,166,obs,0.975,3.7536,4.626,48.0,4.287,4.626,4.626
1786386641.834,S3,recommend,305,obs,0.975,0.4769,0.711,45.5,1.0,0.711,0.711
1786386641.834,S3,reserve,141,obs,0.9675,0.8136,1.024,51.8,1.348,1.024,1.024
1786386641.834,S3,search,96,prior,0.9462,3.0974,3.52,68.0,4.019,3.609,4.019
1786386642.834,S1,recommend,0,prior,0.0,,,,1.24,,1.24
1786386642.834,S1,reserve,0,prior,0.0,,,,1.658,,1.658
1786386642.834,S1,search,264,obs,0.9825,3.1629,5.602,29.2,6.899,5.602,5.602
1786386642.834,S2,recommend,383,obs,0.9825,0.7169,1.425,34.3,0.975,1.425,1.425
1786386642.834,S2,reserve,208,obs,0.975,1.1811,2.265,46.7,1.332,2.265,2.265
1786386642.834,S2,search,174,obs,0.9775,3.7911,4.829,43.0,4.287,4.829,4.829
1786386642.834,S3,recommend,313,obs,0.9769,0.4627,0.638,41.7,1.0,0.638,0.638
1786386642.834,S3,reserve,141,obs,0.9413,0.8085,1.043,103.0,1.348,1.043,1.043
1786386642.834,S3,search,89,prior,0.9562,3.0885,3.763,48.0,4.019,3.609,4.019
1786386643.834,S1,recommend,0,prior,0.0,,,,1.24,,1.24
1786386643.834,S1,reserve,0,prior,0.0,,,,1.658,,1.658
1786386643.834,S1,search,263,obs,0.9862,3.1815,5.628,24.3,6.899,5.628,5.628
1786386643.834,S2,recommend,387,obs,0.9813,0.7366,1.41,31.7,0.975,1.41,1.41
1786386643.834,S2,reserve,210,obs,0.9788,1.1326,2.255,41.7,1.332,2.255,2.255
1786386643.834,S2,search,170,obs,0.9688,3.819,4.92,50.5,4.287,4.92,4.92
1786386643.834,S3,recommend,312,obs,0.9769,0.455,0.588,44.3,1.0,0.588,0.588
1786386643.834,S3,reserve,143,obs,0.975,0.8078,1.072,45.5,1.348,1.072,1.072
1786386643.834,S3,search,90,prior,0.975,3.0948,3.835,43.1,4.019,3.609,4.019
1786386644.834,S1,recommend,0,prior,0.0,,,,1.24,,1.24
1786386644.834,S1,reserve,0,prior,0.0,,,,1.658,,1.658
1786386644.834,S1,search,262,obs,0.9812,3.003,4.776,29.2,6.899,4.776,4.776
1786386644.834,S2,recommend,381,obs,0.9825,0.7279,1.37,31.7,0.975,1.37,1.37
1786386644.834,S2,reserve,215,obs,0.9769,1.1277,2.094,40.4,1.332,2.094,2.094
1786386644.834,S2,search,165,obs,0.975,3.7962,4.961,33.0,4.287,4.961,4.961
1786386644.834,S3,recommend,319,obs,0.9781,0.4657,0.655,43.0,1.0,0.655,0.655
1786386644.834,S3,reserve,134,obs,0.975,0.8154,1.088,48.0,1.348,1.088,1.088
1786386644.834,S3,search,97,prior,0.9751,3.0779,3.729,45.4,4.019,3.609,4.019
1786386645.834,S1,recommend,0,prior,0.0,,,,1.24,,1.24
1786386645.834,S1,reserve,0,prior,0.0,,,,1.658,,1.658
1786386645.834,S1,search,264,obs,0.9862,2.9345,4.776,24.3,6.899,4.776,4.776
1786386645.834,S2,recommend,396,obs,0.9843,0.7018,1.408,30.6,0.975,1.408,1.408
1786386645.834,S2,reserve,207,obs,0.9806,1.0931,1.971,31.7,1.332,1.971,1.971
1786386645.834,S2,search,164,obs,0.9787,3.8446,5.152,33.0,4.287,5.152,5.152
1786386645.834,S3,recommend,307,obs,0.9769,0.4726,0.655,44.3,1.0,0.655,0.655
1786386645.834,S3,reserve,141,obs,0.9469,0.7875,0.993,54.2,1.348,0.993,0.993
1786386645.834,S3,search,97,prior,0.9563,3.0551,3.493,65.5,4.019,3.609,4.019
1786386646.834,S1,recommend,0,prior,0.0,,,,1.24,,1.24
1786386646.834,S1,reserve,0,prior,0.0,,,,1.658,,1.658
1786386646.834,S1,search,266,obs,0.9887,3.0714,5.312,19.3,6.899,5.312,5.312
1786386646.834,S2,recommend,407,obs,0.9794,0.6944,1.302,39.3,0.975,1.302,1.302
1786386646.834,S2,reserve,208,obs,0.975,1.1034,2.062,30.6,1.332,2.062,2.062
1786386646.834,S2,search,158,obs,0.98,3.8518,4.883,35.5,4.287,4.883,4.883
1786386646.834,S3,recommend,290,obs,0.9744,0.4874,0.717,44.2,1.0,0.717,0.717
1786386646.834,S3,reserve,141,obs,0.9731,0.8247,1.189,53.1,1.348,1.189,1.189
1786386646.834,S3,search,105,obs,0.9625,3.0488,3.563,45.5,4.019,3.563,3.563
1786386647.834,S1,recommend,0,prior,0.0,,,,1.24,,1.24
1786386647.834,S1,reserve,0,prior,0.0,,,,1.658,,1.658
1786386647.834,S1,search,265,obs,0.99,3.1022,5.071,19.3,6.899,5.071,5.071
1786386647.834,S2,recommend,389,obs,0.9812,0.7103,1.324,34.2,0.975,1.324,1.324
1786386647.834,S2,reserve,215,obs,0.9825,1.153,2.226,29.2,1.332,2.226,2.226
1786386647.834,S2,search,161,obs,0.975,3.8482,5.033,40.5,4.287,5.033,5.033
1786386647.834,S3,recommend,307,obs,0.975,0.4856,0.735,39.2,1.0,0.735,0.735
1786386647.834,S3,reserve,139,obs,0.9694,0.888,1.259,59.3,1.348,1.259,1.259
1786386647.834,S3,search,101,obs,0.9712,3.1456,3.795,53.0,4.019,3.795,3.795
1786386648.834,S1,recommend,0,prior,0.0,,,,1.24,,1.24
1786386648.834,S1,reserve,0,prior,0.0,,,,1.658,,1.658
1786386648.834,S1,search,264,obs,0.99,2.9951,5.031,14.3,6.899,5.031,5.031
1786386648.834,S2,recommend,403,obs,0.9862,0.7302,1.39,26.7,0.975,1.39,1.39
1786386648.834,S2,reserve,203,obs,0.9843,1.1748,2.406,28.1,1.332,2.406,2.406
1786386648.834,S2,search,157,obs,0.9812,3.8934,5.095,35.6,4.287,5.095,5.095
1786386648.834,S3,recommend,298,obs,0.9787,0.4749,0.648,38.1,1.0,0.648,0.648
1786386648.834,S3,reserve,149,obs,0.975,0.8644,1.036,39.3,1.348,1.036,1.036
1786386648.834,S3,search,105,obs,0.95,3.1562,3.819,48.0,4.019,3.819,3.819
1786386649.834,S1,recommend,0,prior,0.0,,,,1.24,,1.24
1786386649.834,S1,reserve,0,prior,0.0,,,,1.658,,1.658
1786386649.834,S1,search,265,obs,0.9912,4.1557,7.714,16.8,6.899,7.714,7.714
1786386649.834,S2,recommend,407,obs,0.9843,0.811,1.732,25.6,0.975,1.732,1.732
1786386649.834,S2,reserve,201,obs,0.9787,1.2327,2.298,38.1,1.332,2.298,2.298
1786386649.834,S2,search,165,obs,0.975,3.8525,5.081,43.1,4.287,5.081,5.081
1786386649.834,S3,recommend,298,obs,0.9757,0.473,0.668,46.7,1.0,0.668,0.668
1786386649.834,S3,reserve,146,obs,0.9731,0.8279,1.1,45.5,1.348,1.1,1.1
1786386649.834,S3,search,96,prior,0.9662,3.0574,3.65,53.1,4.019,3.819,4.019
1786386650.834,S1,recommend,0,prior,0.0,,,,1.24,,1.24
1786386650.834,S1,reserve,0,prior,0.0,,,,1.658,,1.658
1786386650.834,S1,search,266,obs,0.9888,4.274,9.899,21.7,6.899,9.899,9.899
1786386650.834,S2,recommend,399,obs,0.9819,0.8367,1.775,28.0,0.975,1.775,1.775
1786386650.834,S2,reserve,203,obs,0.9787,1.2336,2.644,29.3,1.332,2.644,2.644
1786386650.834,S2,search,173,obs,0.9838,3.9349,5.477,30.5,4.287,5.477,5.477
1786386650.834,S3,recommend,303,obs,0.9787,0.4682,0.668,39.3,1.0,0.668,0.668
1786386650.834,S3,reserve,145,obs,0.975,0.8263,1.265,40.5,1.348,1.265,1.265
1786386650.834,S3,search,91,prior,0.9712,3.0851,3.828,38.0,4.019,3.819,4.019
1786386651.834,S1,recommend,0,prior,0.0,,,,1.24,,1.24
1786386651.834,S1,reserve,0,prior,0.0,,,,1.658,,1.658
1786386651.834,S1,search,266,obs,0.9887,3.233,4.835,16.8,6.899,4.835,4.835
1786386651.834,S2,recommend,404,obs,0.9862,0.7124,1.44,26.8,0.975,1.44,1.44
1786386651.834,S2,reserve,208,obs,0.9806,1.1798,2.271,24.3,1.332,2.271,2.271
1786386651.834,S2,search,164,obs,0.9862,3.9695,5.521,25.5,4.287,5.521,5.521
1786386651.834,S3,recommend,294,obs,0.9787,0.4671,0.652,34.3,1.0,0.652,0.652
1786386651.834,S3,reserve,144,obs,0.9806,0.8011,1.007,35.6,1.348,1.007,1.007
1786386651.834,S3,search,101,obs,0.9562,3.0956,3.76,63.1,4.019,3.76,3.76
1786386652.834,S1,recommend,0,prior,0.0,,,,1.24,,1.24
1786386652.834,S1,reserve,0,prior,0.0,,,,1.658,,1.658
1786386652.834,S1,search,265,obs,0.9925,3.2005,5.613,11.8,6.899,5.613,5.613
1786386652.834,S2,recommend,414,obs,0.9844,0.6789,1.248,21.7,0.975,1.248,1.248
1786386652.834,S2,reserve,209,obs,0.9862,1.0975,2.136,26.8,1.332,2.136,2.136
1786386652.834,S2,search,152,obs,0.975,3.8185,4.878,38.1,4.287,4.878,4.878
1786386652.834,S3,recommend,287,obs,0.9813,0.4724,0.676,35.5,1.0,0.676,0.676
1786386652.834,S3,reserve,145,obs,0.975,0.7929,1.009,41.8,1.348,1.009,1.009
1786386652.834,S3,search,109,obs,0.975,3.0758,3.76,43.0,4.019,3.76,3.76
1786386653.834,S1,recommend,0,prior,0.0,,,,1.24,,1.24
1786386653.834,S1,reserve,0,prior,0.0,,,,1.658,,1.658
1786386653.834,S1,search,264,obs,0.99,3.0623,5.233,11.7,6.899,5.233,5.233
1786386653.834,S2,recommend,400,obs,0.9893,0.707,1.227,20.6,0.975,1.227,1.227
1786386653.834,S2,reserve,220,obs,0.9881,1.1126,2.2,21.8,1.332,2.2,2.2
1786386653.834,S2,search,158,obs,0.9725,3.8461,5.052,38.0,4.287,5.052,5.052
1786386653.834,S3,recommend,304,obs,0.9807,0.4665,0.618,31.7,1.0,0.618,0.618
1786386653.834,S3,reserve,132,obs,0.9694,0.8096,1.025,48.0,1.348,1.025,1.025
1786386653.834,S3,search,104,obs,0.9813,3.0716,3.761,33.0,4.019,3.761,3.761
1786386654.834,S1,recommend,0,prior,0.0,,,,1.24,,1.24
1786386654.834,S1,reserve,0,prior,0.0,,,,1.658,,1.658
1786386654.834,S1,search,265,obs,0.9913,3.1776,6.246,14.2,6.899,6.246,6.246
1786386654.834,S2,recommend,391,obs,0.9894,0.7194,1.392,19.3,0.975,1.392,1.392
1786386654.834,S2,reserve,223,obs,0.9807,1.1617,2.164,31.7,1.332,2.164,2.164
1786386654.834,S2,search,166,obs,0.9775,3.9111,5.255,28.1,4.287,5.255,5.255
1786386654.834,S3,recommend,316,obs,0.9825,0.4805,0.667,34.2,1.0,0.667,0.667
1786386654.834,S3,reserve,125,obs,0.9506,0.8146,0.994,43.1,1.348,0.994,0.994
1786386654.834,S3,search,97,prior,0.9787,3.0878,3.654,33.0,4.019,3.761,4.019
1786386655.835,S1,recommend,0,prior,0.0,,,,1.24,,1.24
1786386655.835,S1,reserve,0,prior,0.0,,,,1.658,,1.658
1786386655.835,S1,search,374,obs,0.9919,10.6572,29.314,13.1,6.899,29.314,29.314
1786386655.835,S2,recommend,401,obs,0.99,0.6735,1.349,18.0,0.975,1.349,1.349
1786386655.835,S2,reserve,212,obs,0.9768,1.0527,1.976,34.2,1.332,1.976,1.976
1786386655.835,S2,search,108,obs,0.975,3.8945,5.148,45.5,4.287,5.148,5.148
1786386655.835,S3,recommend,302,obs,0.9825,0.4887,0.669,29.3,1.0,0.669,0.669
1786386655.835,S3,reserve,139,obs,0.9844,0.7714,0.939,30.4,1.348,0.939,0.939
1786386655.835,S3,search,50,prior,0.4912,3.1214,3.801,995.5,4.019,3.761,4.019
1786386656.833,S1,recommend,0,prior,0.0,,,,1.24,,1.24
1786386656.833,S1,reserve,0,prior,0.0,,,,1.658,,1.658
1786386656.833,S1,search,245,prior_fill,0.5044,14.5248,33.398,989.5,6.899,29.314,6.899
1786386656.833,S2,recommend,383,obs,0.9374,1.0507,2.794,121.0,0.975,2.794,2.794
1786386656.833,S2,reserve,191,obs,0.9375,1.4725,3.512,122.1,1.332,3.512,3.512
1786386656.833,S2,search,253,obs,0.9331,5.7695,11.003,123.2,4.287,11.003,11.003
1786386656.833,S3,recommend,284,obs,0.9304,0.4665,0.568,131.9,1.0,0.568,0.568
1786386656.833,S3,reserve,146,obs,0.9243,0.7253,0.851,129.6,1.348,0.851,0.851
1786386656.833,S3,search,1,prior,0.0,2.93,2.93,1994.5,4.019,3.761,4.019
1786386657.834,S1,recommend,0,prior,0.0,,,,1.24,,1.24
1786386657.834,S1,reserve,0,prior,0.0,,,,1.658,,1.658
1786386657.834,S1,search,233,obs,0.9325,24.2859,42.855,119.3,6.899,42.855,42.855
1786386657.834,S2,recommend,377,obs,0.9419,1.0803,2.983,115.4,0.975,2.983,2.983
1786386657.834,S2,reserve,190,obs,0.93,1.5155,3.544,136.7,1.332,3.544,3.544
1786386657.834,S2,search,266,prior_fill,0.4969,5.9612,11.092,993.0,4.287,11.003,4.287
1786386657.834,S3,recommend,287,obs,0.9341,0.4422,0.541,127.3,1.0,0.541,0.541
1786386657.834,S3,reserve,142,obs,0.934,0.7259,0.872,125.0,1.348,0.872,0.872
1786386657.834,S3,search,0,prior,0.0,,,2995.5,4.019,3.761,4.019
1786386658.834,S1,recommend,0,prior,0.0,,,,1.24,,1.24
1786386658.834,S1,reserve,0,prior,0.0,,,,1.658,,1.658
1786386658.834,S1,search,266,prior_fill,0.5006,24.9737,44.734,988.0,6.899,42.855,6.899
1786386658.834,S2,recommend,378,obs,0.9399,1.0467,2.846,115.6,0.975,2.846,2.846
1786386658.834,S2,reserve,200,obs,0.9375,1.4923,3.402,120.5,1.332,3.402,3.402
1786386658.834,S2,search,236,obs,0.9406,5.9206,9.802,118.1,4.287,9.802,9.802
1786386658.834,S3,recommend,296,obs,0.9375,0.4333,0.53,123.1,1.0,0.53,0.53
1786386658.834,S3,reserve,133,obs,0.9281,0.7239,0.853,131.8,1.348,0.853,0.853
1786386658.834,S3,search,0,prior,0.0,,,3995.5,4.019,3.761,4.019
1786386659.834,S1,recommend,0,prior,0.0,,,,1.24,,1.24
1786386659.834,S1,reserve,0,prior,0.0,,,,1.658,,1.658
1786386659.834,S1,search,229,obs,0.9368,39.3856,76.667,119.1,6.899,76.667,76.667
1786386659.834,S2,recommend,377,obs,0.9386,1.1734,3.093,118.1,0.975,3.093,3.093
1786386659.834,S2,reserve,193,obs,0.9312,1.6957,4.087,128.2,1.332,4.087,4.087
1786386659.834,S2,search,267,prior_fill,0.4975,5.873,9.898,989.3,4.287,9.802,4.287
1786386659.834,S3,recommend,284,obs,0.9272,0.4408,0.524,130.4,1.0,0.524,0.524
1786386659.834,S3,reserve,135,obs,0.9201,0.7239,0.851,146.5,1.348,0.851,0.851
1786386659.834,S3,search,0,prior,0.0,,,4995.5,4.019,3.761,4.019
1786386660.835,S1,recommend,0,prior,0.0,,,,1.24,,1.24
1786386660.835,S1,reserve,0,prior,0.0,,,,1.658,,1.658
1786386660.835,S1,search,264,prior_fill,0.4957,39.8265,72.105,988.8,6.899,76.667,6.899
1786386660.835,S2,recommend,376,obs,0.9413,1.1318,2.715,116.7,0.975,2.715,2.715
1786386660.835,S2,reserve,191,obs,0.9375,1.7404,4.508,121.8,1.332,4.508,4.508
1786386660.835,S2,search,239,obs,0.94,6.275,10.92,118.1,4.287,10.92,10.92
1786386660.835,S3,recommend,291,obs,0.9318,0.4487,0.548,124.4,1.0,0.548,0.548
1786386660.835,S3,reserve,146,obs,0.9243,0.7246,0.871,133.0,1.348,0.871,0.871
1786386660.835,S3,search,0,prior,0.0,,,5995.5,4.019,3.761,4.019
1786386661.834,S1,recommend,0,prior,0.0,,,,1.24,,1.24
1786386661.834,S1,reserve,0,prior,0.0,,,,1.658,,1.658
1786386661.834,S1,search,238,obs,0.9413,24.6671,43.698,114.3,6.899,43.698,43.698
1786386661.834,S2,recommend,391,obs,0.9374,1.1407,2.869,124.6,0.975,2.869,2.869
1786386661.834,S2,reserve,192,obs,0.9387,1.7393,4.508,116.8,1.332,4.508,4.508
1786386661.834,S2,search,271,prior_fill,0.4988,6.1551,10.701,988.0,4.287,10.92,4.287
1786386661.834,S3,recommend,287,obs,0.9327,0.4562,0.556,132.6,1.0,0.556,0.556
1786386661.834,S3,reserve,147,obs,0.9366,0.729,0.871,126.1,1.348,0.871,0.871
1786386661.834,S3,search,0,prior,0.0,,,6995.5,4.019,3.761,4.019
1786386662.834,S1,recommend,0,prior,0.0,,,,1.24,,1.24
1786386662.834,S1,reserve,0,prior,0.0,,,,1.658,,1.658
1786386662.834,S1,search,266,prior_fill,0.4875,24.3193,43.102,990.6,6.899,43.698,6.899
1786386662.834,S2,recommend,385,obs,0.9412,1.0727,2.77,113.9,0.975,2.77,2.77
1786386662.834,S2,reserve,199,obs,0.9413,1.513,3.652,115.5,1.332,3.652,3.652
1786386662.834,S2,search,236,obs,0.9394,5.9353,10.794,116.8,4.287,10.794,10.794
1786386662.834,S3,recommend,288,obs,0.9366,0.443,0.533,123.5,1.0,0.533,0.533
1786386662.834,S3,reserve,136,obs,0.9356,0.7368,0.956,123.1,1.348,0.956,0.956
1786386662.834,S3,search,0,prior,0.0,,,7995.5,4.019,3.761,4.019
1786386663.834,S1,recommend,0,prior,0.0,,,,1.24,,1.24
1786386663.834,S1,reserve,0,prior,0.0,,,,1.658,,1.658
1786386663.834,S1,search,236,obs,0.93,28.8779,46.367,121.8,6.899,46.367,46.367
1786386663.834,S2,recommend,387,obs,0.9451,1.0856,2.77,109.0,0.975,2.77,2.77
1786386663.834,S2,reserve,190,obs,0.9375,1.5934,3.652,110.6,1.332,3.652,3.652
1786386663.834,S2,search,265,prior_fill,0.4975,5.9091,10.794,991.7,4.287,10.794,4.287
1786386663.834,S3,recommend,284,obs,0.9414,0.4388,0.537,116.8,1.0,0.537,0.537
1786386663.834,S3,reserve,144,obs,0.9244,0.7248,0.878,144.2,1.348,0.878,0.878
1786386663.834,S3,search,0,prior,0.0,,,8995.5,4.019,3.761,4.019
1786386664.834,S1,recommend,0,prior,0.0,,,,1.24,,1.24
1786386664.834,S1,reserve,0,prior,0.0,,,,1.658,,1.658
1786386664.834,S1,search,269,prior_fill,0.4969,28.8155,46.595,990.6,6.899,46.367,6.899
1786386664.834,S2,recommend,389,obs,0.9426,1.0493,2.837,111.0,0.975,2.837,2.837
1786386664.834,S2,reserve,192,obs,0.9375,1.6243,3.486,124.3,1.332,3.486,3.486
1786386664.834,S2,search,237,obs,0.9431,6.3698,12.269,110.6,4.287,12.269,12.269
1786386664.834,S3,recommend,281,obs,0.9304,0.4395,0.546,126.0,1.0,0.546,0.546
1786386664.834,S3,reserve,143,obs,0.93,0.7249,0.847,128.1,1.348,0.847,0.847
1786386664.834,S3,search,0,prior,0.0,,,9995.5,4.019,3.761,4.019
1786386665.834,S1,recommend,0,prior,0.0,,,,1.24,,1.24
1786386665.834,S1,reserve,0,prior,0.0,,,,1.658,,1.658
1786386665.834,S1,search,236,obs,0.9469,26.0503,56.285,105.5,6.899,56.285,56.285
1786386665.834,S2,recommend,369,obs,0.9397,1.1626,3.066,116.6,0.975,3.066,3.066
1786386665.834,S2,reserve,209,obs,0.9366,1.637,3.615,113.7,1.332,3.615,3.615
1786386665.834,S2,search,269,prior_fill,0.7344,6.1864,12.075,518.0,4.287,12.269,4.287
1786386665.834,S3,recommend,305,obs,0.9351,0.4356,0.543,119.4,1.0,0.543,0.543
1786386665.834,S3,reserve,129,obs,0.9418,0.7411,0.874,114.4,1.348,0.874,0.874
1786386665.834,S3,search,0,prior,0.0,,,10995.5,4.019,3.761,4.019
1786386666.834,S1,recommend,0,prior,0.0,,,,1.24,,1.24
1786386666.834,S1,reserve,0,prior,0.0,,,,1.658,,1.658
1786386666.834,S1,search,264,prior_fill,0.4968,26.0947,54.815,989.3,6.899,56.285,6.899
1786386666.834,S2,recommend,378,obs,0.9467,1.0605,2.885,104.2,0.975,2.885,2.885
1786386666.834,S2,reserve,201,obs,0.9412,1.5338,3.825,114.3,1.332,3.825,3.825
1786386666.834,S2,search,241,obs,0.9437,5.8625,9.979,110.5,4.287,9.979,9.979
1786386666.834,S3,recommend,296,obs,0.9374,0.4358,0.526,115.5,1.0,0.526,0.526
1786386666.834,S3,reserve,134,obs,0.9356,0.736,0.901,121.8,1.348,0.901,0.901
1786386666.834,S3,search,0,prior,0.0,,,11995.5,4.019,3.761,4.019
1786386667.834,S1,recommend,0,prior,0.0,,,,1.24,,1.24
1786386667.834,S1,reserve,0,prior,0.0,,,,1.658,,1.658
1786386667.834,S1,search,239,obs,0.9406,24.9584,40.465,114.3,6.899,40.465,40.465
1786386667.834,S2,recommend,372,obs,0.9477,1.1041,2.913,102.6,0.975,2.913,2.913
1786386667.834,S2,reserve,210,obs,0.9375,1.5781,4.637,113.1,1.332,4.637,4.637
1786386667.834,S2,search,267,obs,0.8475,5.8336,9.979,290.5,4.287,9.979,9.979
1786386667.834,S3,recommend,302,obs,0.942,0.4498,0.57,112.4,1.0,0.57,0.57
1786386667.834,S3,reserve,125,obs,0.93,0.7358,0.901,135.6,1.348,0.901,0.901
1786386667.834,S3,search,0,prior,0.0,,,12995.5,4.019,3.761,4.019
1786386668.834,S1,recommend,0,prior,0.0,,,,1.24,,1.24
1786386668.834,S1,reserve,0,prior,0.0,,,,1.658,,1.658
1786386668.834,S1,search,263,prior_fill,0.4975,25.2797,42.347,989.3,6.899,40.465,6.899
1786386668.834,S2,recommend,371,obs,0.9432,1.0439,2.871,110.4,0.975,2.871,2.871
1786386668.834,S2,reserve,210,obs,0.9413,1.4829,3.281,108.1,1.332,3.281,3.281
1786386668.834,S2,search,245,obs,0.9468,5.9917,9.995,105.6,4.287,9.995,9.995
1786386668.834,S3,recommend,301,obs,0.9374,0.4393,0.536,114.3,1.0,0.536,0.536
1786386668.834,S3,reserve,125,obs,0.9356,0.7412,0.816,115.6,1.348,0.816,0.816
1786386668.834,S3,search,0,prior,0.0,,,13995.5,4.019,3.761,4.019
1786386669.834,S1,recommend,0,prior,0.0,,,,1.24,,1.24
1786386669.834,S1,reserve,0,prior,0.0,,,,1.658,,1.658
1786386669.834,S1,search,229,obs,0.944,37.7352,90.315,110.1,6.899,90.315,90.315
1786386669.834,S2,recommend,378,obs,0.9481,1.1364,2.871,103.6,0.975,2.871,2.871
1786386669.834,S2,reserve,199,obs,0.943,1.7153,3.433,111.2,1.332,3.433,3.433
1786386669.834,S2,search,273,obs,0.9059,5.9846,9.995,175.6,4.287,9.995,9.995
1786386669.834,S3,recommend,292,obs,0.9408,0.4349,0.529,112.9,1.0,0.529,0.529
1786386669.834,S3,reserve,140,obs,0.9402,0.7374,0.87,116.4,1.348,0.87,0.87
1786386669.834,S3,search,0,prior,0.0,,,14995.5,4.019,3.761,4.019
1786386670.834,S1,recommend,0,prior,0.0,,,,1.24,,1.24
1786386670.834,S1,reserve,0,prior,0.0,,,,1.658,,1.658
1786386670.834,S1,search,258,prior_fill,0.4975,38.0951,87.543,989.3,6.899,90.315,6.899
1786386670.834,S2,recommend,385,obs,0.9493,1.1592,3.155,100.9,0.975,3.155,3.155
1786386670.834,S2,reserve,189,obs,0.9394,1.7432,4.392,116.8,1.332,4.392,4.392
1786386670.834,S2,search,246,obs,0.9469,6.0401,11.59,103.1,4.287,11.59,11.59
1786386670.834,S3,recommend,290,obs,0.9331,0.4343,0.518,127.2,1.0,0.518,0.518
1786386670.834,S3,reserve,148,obs,0.9393,0.7221,0.91,120.6,1.348,0.91,0.91
1786386670.834,S3,search,0,prior,0.0,,,15995.5,4.019,3.761,4.019
1786386671.834,S1,recommend,0,prior,0.0,,,,1.24,,1.24
1786386671.834,S1,reserve,0,prior,0.0,,,,1.658,,1.658
1786386671.834,S1,search,234,obs,0.9359,27.5952,49.262,123.9,6.899,49.262,49.262
1786386671.834,S2,recommend,371,obs,0.9455,1.1823,3.155,107.0,0.975,3.155,3.155
1786386671.834,S2,reserve,211,obs,0.9487,1.6147,4.368,100.6,1.332,4.368,4.368
1786386671.834,S2,search,270,prior_fill,0.4976,6.0721,11.508,990.6,4.287,11.59,4.287
1786386671.834,S3,recommend,301,obs,0.9425,0.4344,0.505,108.4,1.0,0.505,0.505
1786386671.834,S3,reserve,127,obs,0.9393,0.734,0.918,115.6,1.348,0.918,0.918
1786386671.834,S3,search,0,prior,0.0,,,16995.5,4.019,3.761,4.019
1786386672.834,S1,recommend,0,prior,0.0,,,,1.24,,1.24
1786386672.834,S1,reserve,0,prior,0.0,,,,1.658,,1.658
1786386672.834,S1,search,263,prior_fill,0.4913,27.6134,48.806,996.8,6.899,49.262,6.899
1786386672.834,S2,recommend,384,obs,0.9478,1.1223,3.144,98.0,0.975,3.144,3.144
1786386672.834,S2,reserve,204,obs,0.9412,1.4822,3.127,106.8,1.332,3.127,3.127
1786386672.834,S2,search,243,obs,0.9469,6.0294,12.396,103.0,4.287,12.396,12.396
1786386672.834,S3,recommend,293,obs,0.9446,0.4417,0.525,109.6,1.0,0.525,0.525
1786386672.834,S3,reserve,132,obs,0.9394,0.7287,0.894,114.3,1.348,0.894,0.894
1786386672.834,S3,search,0,prior,0.0,,,17995.5,4.019,3.761,4.019
1786386673.834,S1,recommend,0,prior,0.0,,,,1.24,,1.24
1786386673.834,S1,reserve,0,prior,0.0,,,,1.658,,1.658
1786386673.834,S1,search,231,obs,0.9431,22.5964,41.094,110.6,6.899,41.094,41.094
1786386673.834,S2,recommend,410,obs,0.9493,1.1386,3.135,100.6,0.975,3.135,3.135
1786386673.834,S2,reserve,187,obs,0.9468,1.6075,3.402,105.6,1.332,3.402,3.402
1786386673.834,S2,search,274,prior_fill,0.6075,5.9128,11.051,770.5,4.287,12.396,4.287
1786386673.834,S3,recommend,269,obs,0.9448,0.4417,0.53,108.9,1.0,0.53,0.53
1786386673.834,S3,reserve,151,obs,0.9375,0.7077,0.821,113.1,1.348,0.821,0.821
1786386673.834,S3,search,0,prior,0.0,,,18995.5,4.019,3.761,4.019
1786386674.834,S1,recommend,0,prior,0.0,,,,1.24,,1.24
1786386674.834,S1,reserve,0,prior,0.0,,,,1.658,,1.658
1786386674.834,S1,search,263,prior_fill,0.4981,23.2623,41.505,990.6,6.899,41.094,6.899
1786386674.834,S2,recommend,402,obs,0.9457,0.9372,2.533,95.4,0.975,2.533,2.533
1786386674.834,S2,reserve,192,obs,0.9488,1.5434,4.032,100.5,1.332,4.032,4.032
1786386674.834,S2,search,243,obs,0.9506,5.5839,9.598,98.1,4.287,9.598,9.598
1786386674.834,S3,recommend,274,obs,0.9454,0.4435,0.547,105.5,1.0,0.547,0.547
1786386674.834,S3,reserve,149,obs,0.9375,0.7346,0.821,108.1,1.348,0.821,0.821
1786386674.834,S3,search,0,prior,0.0,,,19995.5,4.019,3.761,4.019
1786386675.834,S1,recommend,0,prior,0.0,,,,1.24,,1.24
1786386675.834,S1,reserve,0,prior,0.0,,,,1.658,,1.658
1786386675.834,S1,search,237,obs,0.9456,25.5494,44.608,106.8,6.899,44.608,44.608
1786386675.834,S2,recommend,386,obs,0.9501,1.0146,2.648,95.7,0.975,2.648,2.648
1786386675.834,S2,reserve,192,obs,0.9488,1.6786,4.416,95.6,1.332,4.416,4.416
1786386675.834,S2,search,267,prior_fill,0.4987,5.8418,10.566,989.3,4.287,9.598,4.287
1786386675.834,S3,recommend,289,obs,0.9431,0.4381,0.538,111.6,1.0,0.538,0.538
1786386675.834,S3,reserve,144,obs,0.9375,0.7389,0.839,121.8,1.348,0.839,0.839
1786386675.834,S3,search,0,prior,0.0,,,20995.5,4.019,3.761,4.019
1786386676.834,S1,recommend,0,prior,0.0,,,,1.24,,1.24
1786386676.834,S1,reserve,0,prior,0.0,,,,1.658,,1.658
1786386676.834,S1,search,264,prior_fill,0.4956,25.201,44.532,994.3,6.899,44.608,6.899
1786386676.834,S2,recommend,396,obs,0.9529,0.946,2.282,93.0,0.975,2.282,2.282
1786386676.834,S2,reserve,184,obs,0.9375,1.5005,3.497,116.8,1.332,3.497,3.497
1786386676.834,S2,search,243,obs,0.9487,5.7596,9.381,101.8,4.287,9.381,9.381
1786386676.834,S3,recommend,286,obs,0.9394,0.4392,0.545,119.2,1.0,0.545,0.545
1786386676.834,S3,reserve,152,obs,0.9431,0.7237,0.867,109.3,1.348,0.867,0.867
1786386676.834,S3,search,0,prior,0.0,,,21995.5,4.019,3.761,4.019
1786386677.834,S1,recommend,0,prior,0.0,,,,1.24,,1.24
1786386677.834,S1,reserve,0,prior,0.0,,,,1.658,,1.658
1786386677.834,S1,search,237,obs,0.9444,23.2122,41.107,105.6,6.899,41.107,41.107
1786386677.834,S2,recommend,393,obs,0.9534,0.9821,2.299,91.7,0.975,2.299,2.299
1786386677.834,S2,reserve,193,obs,0.9412,1.5817,4.096,104.4,1.332,4.096,4.096
1786386677.834,S2,search,272,obs,0.8925,5.6558,9.221,203.1,4.287,9.221,9.221
1786386677.834,S3,recommend,283,obs,0.9351,0.4588,0.524,101.9,1.0,0.524,0.524
1786386677.834,S3,reserve,144,obs,0.9394,0.7093,0.844,111.8,1.348,0.844,0.844
1786386677.834,S3,search,0,prior,0.0,,,22995.5,4.019,3.761,4.019
1786386678.834,S1,recommend,0,prior,0.0,,,,1.24,,1.24
1786386678.834,S1,reserve,0,prior,0.0,,,,1.658,,1.658
1786386678.834,S1,search,264,prior_fill,0.495,23.6012,42.303,989.3,6.899,41.107,6.899
1786386678.834,S2,recommend,399,obs,0.949,1.0466,2.647,101.3,0.975,2.647,2.647
1786386678.834,S2,reserve,189,obs,0.9412,1.5081,3.574,99.3,1.332,3.574,3.574
1786386678.834,S2,search,245,obs,0.9513,5.7258,10.254,95.5,4.287,10.254,10.254
1786386678.834,S3,recommend,274,obs,0.9368,0.4665,0.527,111.6,1.0,0.527,0.527
1786386678.834,S3,reserve,152,obs,0.945,0.6955,0.835,106.8,1.348,0.835,0.835
1786386678.834,S3,search,0,prior,0.0,,,23995.5,4.019,3.761,4.019
1786386679.834,S1,recommend,0,prior,0.0,,,,1.24,,1.24
1786386679.834,S1,reserve,0,prior,0.0,,,,1.658,,1.658
1786386679.834,S1,search,232,obs,0.9468,38.0401,85.752,95.6,6.899,85.752,85.752
1786386679.834,S2,recommend,379,obs,0.9466,1.1539,3.007,89.8,0.975,3.007,3.007
1786386679.834,S2,reserve,197,obs,0.9513,1.7142,3.826,89.2,1.332,3.826,3.826
1786386679.834,S2,search,271,obs,0.8919,5.7982,10.173,200.5,4.287,10.173,10.173
1786386679.834,S3,recommend,288,obs,0.9365,0.4422,0.54,106.3,1.0,0.54,0.54
1786386679.834,S3,reserve,141,obs,0.95,0.7229,0.86,99.4,1.348,0.86,0.86
1786386679.834,S3,search,0,prior,0.0,,,24995.5,4.019,3.761,4.019
1786386680.834,S1,recommend,0,prior,0.0,,,,1.24,,1.24
1786386680.834,S1,reserve,0,prior,0.0,,,,1.658,,1.658
1786386680.834,S1,search,261,prior_fill,0.4973,37.981,84.309,989.7,6.899,85.752,6.899
1786386680.834,S2,recommend,381,obs,0.9521,1.0923,2.731,92.6,0.975,2.731,2.731
1786386680.834,S2,reserve,198,obs,0.9413,1.6696,3.799,115.6,1.332,3.799,3.799
1786386680.834,S2,search,247,obs,0.9506,5.9387,11.399,94.3,4.287,11.399,11.399
1786386680.834,S3,recommend,299,obs,0.9476,0.4421,0.543,103.1,1.0,0.543,0.543
1786386680.834,S3,reserve,139,obs,0.945,0.7303,0.86,100.6,1.348,0.86,0.86
1786386680.834,S3,search,0,prior,0.0,,,25995.5,4.019,3.761,4.019
1786386681.834,S1,recommend,0,prior,0.0,,,,1.24,,1.24
1786386681.834,S1,reserve,0,prior,0.0,,,,1.658,,1.658
1786386681.834,S1,search,245,obs,0.9518,25.4792,47.835,93.1,6.899,47.835,47.835
1786386681.834,S2,recommend,384,obs,0.9532,1.1119,2.731,88.5,0.975,2.731,2.731
1786386681.834,S2,reserve,198,obs,0.9418,1.5195,3.549,95.6,1.332,3.549,3.549
1786386681.834,S2,search,267,prior_fill,0.7031,5.8993,10.428,580.6,4.287,11.399,4.287
1786386681.834,S3,recommend,298,obs,0.9418,0.4379,0.531,100.5,1.0,0.531,0.531
1786386681.834,S3,reserve,140,obs,0.9379,0.7297,0.875,101.0,1.348,0.875,0.875
1786386681.834,S3,search,0,prior,0.0,,,26995.5,4.019,3.761,4.019
1786386682.834,S1,recommend,0,prior,0.0,,,,1.24,,1.24
1786386682.834,S1,reserve,0,prior,0.0,,,,1.658,,1.658
1786386682.834,S1,search,267,prior_fill,0.495,25.393,47.129,988.6,6.899,47.835,6.899
1786386682.834,S2,recommend,374,obs,0.9537,1.0708,2.718,87.1,0.975,2.718,2.718
1786386682.834,S2,reserve,203,obs,0.9394,1.6634,4.274,109.3,1.332,4.274,4.274
1786386682.834,S2,search,244,obs,0.9506,6.3055,11.551,94.3,4.287,11.551,11.551
1786386682.834,S3,recommend,302,obs,0.9434,0.4575,0.566,113.2,1.0,0.566,0.566
1786386682.834,S3,reserve,136,obs,0.9488,0.7299,0.877,101.8,1.348,0.877,0.877
1786386682.834,S3,search,0,prior,0.0,,,27995.5,4.019,3.761,4.019
1786386683.834,S1,recommend,0,prior,0.0,,,,1.24,,1.24
1786386683.834,S1,reserve,0,prior,0.0,,,,1.658,,1.658
1786386683.834,S1,search,241,obs,0.9509,25.1886,44.403,86.8,6.899,44.403,44.403
1786386683.834,S2,recommend,386,obs,0.9464,1.1046,2.758,89.0,0.975,2.758,2.758
1786386683.834,S2,reserve,203,obs,0.9525,1.712,4.214,89.3,1.332,4.214,4.214
1786386683.834,S2,search,269,obs,0.8737,6.1673,11.457,239.4,4.287,11.457,11.457
1786386683.834,S3,recommend,295,obs,0.9466,0.4758,0.587,95.2,1.0,0.587,0.587
1786386683.834,S3,reserve,140,obs,0.9507,0.7485,0.877,96.8,1.348,0.877,0.877
1786386683.834,S3,search,0,prior,0.0,,,28995.5,4.019,3.761,4.019
1786386684.834,S1,recommend,0,prior,0.0,,,,1.24,,1.24
1786386684.834,S1,reserve,0,prior,0.0,,,,1.658,,1.658
1786386684.834,S1,search,264,prior_fill,0.4962,25.0259,44.056,989.3,6.899,44.403,6.899
1786386684.834,S2,recommend,391,obs,0.951,1.0106,2.402,84.7,0.975,2.402,2.402
1786386684.834,S2,reserve,197,obs,0.9543,1.377,2.679,88.1,1.332,2.679,2.679
1786386684.834,S2,search,244,obs,0.9507,5.7994,10.994,96.8,4.287,10.994,10.994
1786386684.834,S3,recommend,291,obs,0.9506,0.4655,0.581,98.1,1.0,0.581,0.581
1786386684.834,S3,reserve,143,obs,0.9487,0.7709,0.91,95.6,1.348,0.91,0.91
1786386684.834,S3,search,0,prior,0.0,,,29995.5,4.019,3.761,4.019
1786386685.834,S1,recommend,0,prior,0.0,,,,1.24,,1.24
1786386685.834,S1,reserve,0,prior,0.0,,,,1.658,,1.658
1786386685.834,S1,search,243,obs,0.9437,26.2858,43.298,101.8,6.899,43.298,43.298
1786386685.834,S2,recommend,393,obs,0.9488,1.0472,2.402,96.7,0.975,2.402,2.402
1786386685.834,S2,reserve,196,obs,0.945,1.4208,2.78,94.3,1.332,2.78,2.78
1786386685.834,S2,search,265,prior_fill,0.5612,5.7632,10.959,863.1,4.287,10.994,4.287
1786386685.834,S3,recommend,288,obs,0.9477,0.4502,0.564,102.8,1.0,0.564,0.564
1786386685.834,S3,reserve,142,obs,0.9375,0.7478,0.921,120.6,1.348,0.921,0.921
1786386685.834,S3,search,0,prior,0.0,,,30995.5,4.019,3.761,4.019
1786386686.834,S1,recommend,0,prior,0.0,,,,1.24,,1.24
1786386686.834,S1,reserve,0,prior,0.0,,,,1.658,,1.658
1786386686.834,S1,search,266,prior_fill,0.4969,26.0449,43.242,989.3,6.899,43.298,6.899
1786386686.834,S2,recommend,374,obs,0.9549,1.0642,2.826,83.1,0.975,2.826,2.826
1786386686.834,S2,reserve,214,obs,0.9487,1.5872,3.413,93.1,1.332,3.413,3.413
1786386686.834,S2,search,246,obs,0.9544,6.1907,11.764,90.5,4.287,11.764,11.764
1786386686.834,S3,recommend,305,obs,0.9466,0.432,0.558,102.9,1.0,0.558,0.558
1786386686.834,S3,reserve,123,obs,0.9413,0.7363,0.91,104.3,1.348,0.91,0.91
1786386686.834,S3,search,0,prior,0.0,,,31995.5,4.019,3.761,4.019
1786386687.834,S1,recommend,0,prior,0.0,,,,1.24,,1.24
1786386687.834,S1,reserve,0,prior,0.0,,,,1.658,,1.658
1786386687.834,S1,search,239,obs,0.9581,25.9839,54.965,81.8,6.899,54.965,54.965
1786386687.834,S2,recommend,364,obs,0.9542,1.1268,2.885,90.6,0.975,2.885,2.885
1786386687.834,S2,reserve,223,obs,0.9506,1.6005,3.437,84.3,1.332,3.437,3.437
1786386687.834,S2,search,273,obs,0.9438,6.1188,11.036,95.6,4.287,11.036,11.036
1786386687.834,S3,recommend,316,obs,0.9434,0.4481,0.554,109.3,1.0,0.554,0.554
1786386687.834,S3,reserve,119,obs,0.9487,0.734,0.87,99.3,1.348,0.87,0.87
1786386687.834,S3,search,0,prior,0.0,,,32995.5,4.019,3.761,4.019
1786386688.834,S1,recommend,0,prior,0.0,,,,1.24,,1.24
1786386688.834,S1,reserve,0,prior,0.0,,,,1.658,,1.658
1786386688.834,S1,search,262,prior_fill,0.4981,25.8566,52.445,988.1,6.899,54.965,6.899
1786386688.834,S2,recommend,382,obs,0.9509,1.1158,2.884,93.1,0.975,2.884,2.884
1786386688.834,S2,reserve,207,obs,0.9581,1.4861,3.548,83.1,1.332,3.548,3.548
1786386688.834,S2,search,246,obs,0.9544,6.0294,10.208,88.1,4.287,10.208,10.208
1786386688.834,S3,recommend,299,obs,0.955,0.4571,0.542,89.3,1.0,0.542,0.542
1786386688.834,S3,reserve,137,obs,0.9506,0.7306,0.895,94.3,1.348,0.895,0.895
1786386688.834,S3,search,0,prior,0.0,,,33995.5,4.019,3.761,4.019
1786386689.834,S1,recommend,0,prior,0.0,,,,1.24,,1.24
1786386689.834,S1,reserve,0,prior,0.0,,,,1.658,,1.658
1786386689.834,S1,search,232,obs,0.9517,39.1055,84.795,92.3,6.899,84.795,84.795
1786386689.834,S2,recommend,382,obs,0.956,1.2213,3.084,79.7,0.975,3.084,3.084
1786386689.834,S2,reserve,197,obs,0.9558,1.7204,3.949,86.5,1.332,3.949,3.949
1786386689.834,S2,search,268,obs,0.8416,6.0852,10.182,301.2,4.287,10.182,10.182
1786386689.834,S3,recommend,290,obs,0.951,0.441,0.528,88.6,1.0,0.528,0.528
1786386689.834,S3,reserve,138,obs,0.9448,0.7155,0.828,97.2,1.348,0.828,0.828
1786386689.834,S3,search,0,prior,0.0,,,34995.5,4.019,3.761,4.019
1786386690.834,S1,recommend,0,prior,0.0,,,,1.24,,1.24
1786386690.834,S1,reserve,0,prior,0.0,,,,1.658,,1.658
1786386690.834,S1,search,262,prior_fill,0.4975,38.5365,84.281,991.8,6.899,84.795,6.899
1786386690.834,S2,recommend,393,obs,0.9562,1.1929,2.868,83.1,0.975,2.868,2.868
1786386690.834,S2,reserve,199,obs,0.9488,1.7423,4.068,95.6,1.332,4.068,4.068
1786386690.834,S2,search,249,obs,0.9562,6.6058,12.693,84.3,4.287,12.693,12.693
1786386690.834,S3,recommend,292,obs,0.9477,0.4382,0.51,104.4,1.0,0.51,0.51
1786386690.834,S3,reserve,139,obs,0.945,0.7183,0.853,91.9,1.348,0.853,0.853
1786386690.834,S3,search,0,prior,0.0,,,35995.5,4.019,3.761,4.019
1786386691.834,S1,recommend,0,prior,0.0,,,,1.24,,1.24
1786386691.834,S1,reserve,0,prior,0.0,,,,1.658,,1.658
1786386691.834,S1,search,242,obs,0.9531,25.8372,49.715,89.4,6.899,49.715,49.715
1786386691.834,S2,recommend,395,obs,0.9589,1.162,2.793,79.1,0.975,2.793,2.793
1786386691.834,S2,reserve,203,obs,0.9587,1.6784,3.844,81.6,1.332,3.844,3.844
1786386691.834,S2,search,273,obs,0.9187,6.4829,11.929,148.1,4.287,11.929,11.929
1786386691.834,S3,recommend,292,obs,0.9537,0.4348,0.504,88.2,1.0,0.504,0.504
1786386691.834,S3,reserve,144,obs,0.9412,0.7214,0.862,101.8,1.348,0.862,0.862
1786386691.834,S3,search,0,prior,0.0,,,36995.5,4.019,3.761,4.019
1786386692.834,S1,recommend,0,prior,0.0,,,,1.24,,1.24
1786386692.834,S1,reserve,0,prior,0.0,,,,1.658,,1.658
1786386692.834,S1,search,262,prior_fill,0.4975,25.9653,51.079,990.6,6.899,49.715,6.899
1786386692.834,S2,recommend,400,obs,0.9579,1.1257,2.846,80.9,0.975,2.846,2.846
1786386692.834,S2,reserve,186,obs,0.9563,1.5491,3.405,85.5,1.332,3.405,3.405
1786386692.834,S2,search,249,obs,0.96,5.7939,10.663,79.3,4.287,10.663,10.663
1786386692.834,S3,recommend,278,obs,0.9437,0.4473,0.526,96.2,1.0,0.526,0.526
1786386692.834,S3,reserve,159,obs,0.9525,0.7253,0.825,89.3,1.348,0.825,0.825
1786386692.834,S3,search,0,prior,0.0,,,37995.5,4.019,3.761,4.019
1786386693.834,S1,recommend,0,prior,0.0,,,,1.24,,1.24
1786386693.834,S1,reserve,0,prior,0.0,,,,1.658,,1.658
1786386693.834,S1,search,242,obs,0.9524,23.6384,41.514,81.8,6.899,41.514,41.514
1786386693.834,S2,recommend,411,obs,0.9624,1.1645,3.158,73.0,0.975,3.158,3.158
1786386693.834,S2,reserve,180,obs,0.9563,1.5771,3.567,84.3,1.332,3.567,3.567
1786386693.834,S2,search,270,prior_fill,0.6769,5.8742,10.663,633.1,4.287,10.663,4.287
1786386693.834,S3,recommend,275,obs,0.9576,0.4486,0.552,84.2,1.0,0.552,0.552
1786386693.834,S3,reserve,161,obs,0.9419,0.7413,0.827,99.3,1.348,0.827,0.827
1786386693.834,S3,search,0,prior,0.0,,,38995.5,4.019,3.761,4.019
1786386694.834,S1,recommend,0,prior,0.0,,,,1.24,,1.24
1786386694.834,S1,reserve,0,prior,0.0,,,,1.658,,1.658
1786386694.834,S1,search,262,prior_fill,0.4961,23.6168,41.373,988.1,6.899,41.514,6.899
1786386694.834,S2,recommend,391,obs,0.9625,1.0663,2.929,73.2,0.975,2.929,2.929
1786386694.834,S2,reserve,199,obs,0.9525,1.4824,3.532,79.4,1.332,3.532,3.532
1786386694.834,S2,search,251,obs,0.9612,5.8955,10.03,76.8,4.287,10.03,10.03
1786386694.834,S3,recommend,299,obs,0.9575,0.4379,0.538,81.8,1.0,0.538,0.538
1786386694.834,S3,reserve,141,obs,0.9506,0.7394,0.908,94.3,1.348,0.908,0.908
1786386694.834,S3,search,0,prior,0.0,,,39995.5,4.019,3.761,4.019
1786386695.834,S1,recommend,0,prior,0.0,,,,1.24,,1.24
1786386695.834,S1,reserve,0,prior,0.0,,,,1.658,,1.658
1786386695.834,S1,search,237,obs,0.9562,22.4272,44.064,85.7,6.899,44.064,44.064
1786386695.834,S2,recommend,385,obs,0.962,1.1086,2.929,71.5,0.975,2.929,2.929
1786386695.834,S2,reserve,195,obs,0.9544,1.6063,3.839,70.6,1.332,3.839,3.839
1786386695.834,S2,search,274,obs,0.8793,5.8931,10.127,225.7,4.287,10.127,10.127
1786386695.834,S3,recommend,300,obs,0.9574,0.4475,0.538,79.9,1.0,0.538,0.538
1786386695.834,S3,reserve,144,obs,0.9431,0.7154,0.849,104.4,1.348,0.849,0.849
1786386695.834,S3,search,0,prior,0.0,,,40995.5,4.019,3.761,4.019
1786386696.834,S1,recommend,0,prior,0.0,,,,1.24,,1.24
1786386696.834,S1,reserve,0,prior,0.0,,,,1.658,,1.658
1786386696.834,S1,search,261,prior_fill,0.494,22.9936,44.064,989.3,6.899,44.064,6.899
1786386696.834,S2,recommend,393,obs,0.9597,1.0793,2.972,78.7,0.975,2.972,2.972
1786386696.834,S2,reserve,200,obs,0.9638,1.5349,3.419,69.3,1.332,3.419,3.419
1786386696.834,S2,search,255,obs,0.9607,5.9302,10.991,76.8,4.287,10.991,10.991
1786386696.834,S3,recommend,286,obs,0.953,0.4462,0.537,87.0,1.0,0.537,0.537
1786386696.834,S3,reserve,145,obs,0.9337,0.7133,0.822,110.6,1.348,0.822,0.822
1786386696.834,S3,search,0,prior,0.0,,,41995.5,4.019,3.761,4.019
1786386697.834,S1,recommend,0,prior,0.0,,,,1.24,,1.24
1786386697.834,S1,reserve,0,prior,0.0,,,,1.658,,1.658
1786386697.834,S1,search,244,obs,0.9636,23.7356,46.005,71.9,6.899,46.005,46.005
1786386697.834,S2,recommend,401,obs,0.9659,1.0895,2.972,66.9,0.975,2.972,2.972
1786386697.834,S2,reserve,206,obs,0.9499,1.5301,3.274,79.4,1.332,3.274,3.274
1786386697.834,S2,search,273,obs,0.9444,5.8535,10.789,95.6,4.287,10.789,10.789
1786386697.834,S3,recommend,288,obs,0.9451,0.4965,0.559,95.4,1.0,0.559,0.559
1786386697.834,S3,reserve,139,obs,0.9581,0.7271,0.84,83.1,1.348,0.84,0.84
1786386697.834,S3,search,0,prior,0.0,,,42995.5,4.019,3.761,4.019
1786386698.834,S1,recommend,0,prior,0.0,,,,1.24,,1.24
1786386698.834,S1,reserve,0,prior,0.0,,,,1.658,,1.658
1786386698.834,S1,search,260,prior_fill,0.4863,23.4917,45.841,990.6,6.899,46.005,6.899
1786386698.834,S2,recommend,409,obs,0.9663,1.0918,3.231,65.6,0.975,3.231,3.231
1786386698.834,S2,reserve,186,obs,0.9619,1.57,3.758,74.3,1.332,3.758,3.758
1786386698.834,S2,search,255,obs,0.9625,5.8442,10.054,70.6,4.287,10.054,10.054
1786386698.834,S3,recommend,280,obs,0.9605,0.4999,0.534,75.8,1.0,0.534,0.534
1786386698.834,S3,reserve,156,obs,0.9543,0.7212,0.855,78.1,1.348,0.855,0.855
1786386698.834,S3,search,0,prior,0.0,,,43995.5,4.019,3.761,4.019
1786386699.834,S1,recommend,0,prior,0.0,,,,1.24,,1.24
1786386699.834,S1,reserve,0,prior,0.0,,,,1.658,,1.658
1786386699.834,S1,search,239,obs,0.9504,40.9196,85.163,80.1,6.899,85.163,85.163
1786386699.834,S2,recommend,387,obs,0.9657,1.1739,3.45,64.9,0.975,3.45,3.45
1786386699.834,S2,reserve,198,obs,0.9454,1.5983,3.758,79.9,1.332,3.758,3.758
1786386699.834,S2,search,269,obs,0.9571,5.763,10.054,72.6,4.287,10.054,10.054
1786386699.834,S3,recommend,287,obs,0.96,0.4567,0.543,79.2,1.0,0.543,0.543
1786386699.834,S3,reserve,138,obs,0.9589,0.7228,0.859,75.3,1.348,0.859,0.859
1786386699.834,S3,search,0,prior,0.0,,,44995.5,4.019,3.761,4.019
1786386700.834,S1,recommend,0,prior,0.0,,,,1.24,,1.24
1786386700.834,S1,reserve,0,prior,0.0,,,,1.658,,1.658
1786386700.834,S1,search,261,prior_fill,0.4958,39.9495,84.106,989.7,6.899,85.163,6.899
1786386700.834,S2,recommend,374,obs,0.9641,1.1929,3.234,70.6,0.975,3.234,3.234
1786386700.834,S2,reserve,226,obs,0.9619,1.7063,3.929,64.4,1.332,3.929,3.929
1786386700.834,S2,search,257,obs,0.9656,7.186,17.459,65.6,4.287,17.459,17.459
1786386700.834,S3,recommend,311,obs,0.9545,0.4546,0.561,77.7,1.0,0.561,0.561
1786386700.834,S3,reserve,119,obs,0.9618,0.7359,0.862,75.6,1.348,0.862,0.862
1786386700.834,S3,search,0,prior,0.0,,,45995.5,4.019,3.761,4.019
1786386701.834,S1,recommend,0,prior,0.0,,,,1.24,,1.24
1786386701.834,S1,reserve,0,prior,0.0,,,,1.658,,1.658
1786386701.834,S1,search,243,obs,0.9637,20.0265,36.468,68.2,6.899,36.468,36.468
1786386701.834,S2,recommend,391,obs,0.9634,1.157,3.102,69.4,0.975,3.102,3.102
1786386701.834,S2,reserve,221,obs,0.9657,1.691,3.929,66.8,1.332,3.929,3.929
1786386701.834,S2,search,269,prior_fill,0.4973,7.1056,17.459,990.6,4.287,17.459,4.287
1786386701.834,S3,recommend,308,obs,0.961,0.4397,0.556,76.0,1.0,0.556,0.556
1786386701.834,S3,reserve,128,obs,0.9475,0.7566,0.913,81.9,1.348,0.913,0.913
1786386701.834,S3,search,9,prior,0.435,3.2943,3.851,105.6,4.019,3.761,4.019
1786386702.834,S1,recommend,0,prior,0.0,,,,1.24,,1.24
1786386702.834,S1,reserve,0,prior,0.0,,,,1.658,,1.658
1786386702.834,S1,search,258,prior_fill,0.4968,20.1265,36.446,989.3,6.899,36.468,6.899
1786386702.834,S2,recommend,402,obs,0.9682,1.1652,3.34,62.8,0.975,3.34,3.34
1786386702.834,S2,reserve,208,obs,0.9581,1.542,4.353,76.9,1.332,4.353,4.353
1786386702.834,S2,search,247,obs,0.9644,6.1193,12.125,69.4,4.287,12.125,12.125
1786386702.834,S3,recommend,288,obs,0.9506,0.4475,0.55,86.8,1.0,0.55,0.55
1786386702.834,S3,reserve,135,obs,0.9563,0.7391,0.895,84.3,1.348,0.895,0.895
1786386702.834,S3,search,9,prior,0.435,3.2943,3.851,1105.6,4.019,3.761,4.019
1786386703.834,S1,recommend,0,prior,0.0,,,,1.24,,1.24
1786386703.834,S1,reserve,0,prior,0.0,,,,1.658,,1.658
1786386703.834,S1,search,243,obs,0.9656,17.0814,30.622,68.2,6.899,30.622,30.622
1786386703.834,S2,recommend,397,obs,0.9683,1.1781,3.176,60.5,0.975,3.176,3.176
1786386703.834,S2,reserve,203,obs,0.9619,1.6005,4.151,71.8,1.332,4.151,4.151
1786386703.834,S2,search,275,obs,0.9075,5.957,11.808,170.6,4.287,11.808,11.808
1786386703.834,S3,recommend,296,obs,0.9635,0.449,0.534,71.2,1.0,0.534,0.534
1786386703.834,S3,reserve,139,obs,0.9525,0.7269,0.868,79.3,1.348,0.868,0.868
1786386703.834,S3,search,0,prior,0.0,,,2105.6,4.019,3.761,4.019
1786386704.834,S1,recommend,0,prior,0.0,,,,1.24,,1.24
1786386704.834,S1,reserve,0,prior,0.0,,,,1.658,,1.658
1786386704.834,S1,search,255,prior_fill,0.4975,16.7259,29.614,989.3,6.899,30.622,6.899
1786386704.834,S2,recommend,396,obs,0.9644,1.0517,2.684,61.9,0.975,2.684,2.684
1786386704.834,S2,reserve,200,obs,0.9619,1.4992,3.038,66.8,1.332,3.038,3.038
1786386704.834,S2,search,263,obs,0.9656,5.9891,11.502,68.1,4.287,11.502,11.502
1786386704.834,S3,recommend,294,obs,0.9617,0.4455,0.532,76.2,1.0,0.532,0.532
1786386704.834,S3,reserve,142,obs,0.9563,0.7268,0.87,70.6,1.348,0.87,0.87
1786386704.834,S3,search,0,prior,0.0,,,3105.6,4.019,3.761,4.019
1786386705.834,S1,recommend,0,prior,0.0,,,,1.24,,1.24
1786386705.834,S1,reserve,0,prior,0.0,,,,1.658,,1.658
1786386705.834,S1,search,238,obs,0.9606,21.1863,42.01,76.8,6.899,42.01,42.01
1786386705.834,S2,recommend,392,obs,0.9639,1.0897,2.704,65.3,0.975,2.704,2.704
1786386705.834,S2,reserve,205,obs,0.9564,1.552,3.627,61.5,1.332,3.627,3.627
1786386705.834,S2,search,275,obs,0.8062,6.017,11.014,370.7,4.287,11.014,11.014
1786386705.834,S3,recommend,290,obs,0.959,0.4452,0.561,68.8,1.0,0.561,0.561
1786386705.834,S3,reserve,141,obs,0.9618,0.7301,0.861,73.2,1.348,0.861,0.861
1786386705.834,S3,search,0,prior,0.0,,,4105.6,4.019,3.761,4.019
1786386706.834,S1,recommend,0,prior,0.0,,,,1.24,,1.24
1786386706.834,S1,reserve,0,prior,0.0,,,,1.658,,1.658
1786386706.834,S1,search,259,prior_fill,0.4963,22.6422,44.444,988.1,6.899,42.01,6.899
1786386706.834,S2,recommend,403,obs,0.9658,1.0437,2.853,66.9,0.975,2.853,2.853
1786386706.834,S2,reserve,195,obs,0.9656,1.5381,3.49,68.1,1.332,3.49,3.49
1786386706.834,S2,search,256,obs,0.9676,5.5492,9.496,61.7,4.287,9.496,9.496
1786386706.834,S3,recommend,285,obs,0.957,0.453,0.552,80.5,1.0,0.552,0.552
1786386706.834,S3,reserve,151,obs,0.9507,0.7242,0.86,79.3,1.348,0.86,0.86
1786386706.834,S3,search,0,prior,0.0,,,5105.6,4.019,3.761,4.019
1786386707.834,S1,recommend,0,prior,0.0,,,,1.24,,1.24
1786386707.834,S1,reserve,0,prior,0.0,,,,1.658,,1.658
1786386707.834,S1,search,242,obs,0.9625,16.5116,31.61,66.9,6.899,31.61,31.61
1786386707.834,S2,recommend,409,obs,0.9711,1.0829,2.984,56.8,0.975,2.984,2.984
1786386707.834,S2,reserve,191,obs,0.9675,1.6006,3.621,59.4,1.332,3.621,3.621
1786386707.834,S2,search,277,obs,0.8519,5.604,9.639,280.5,4.287,9.639,9.639
1786386707.834,S3,recommend,287,obs,0.9569,0.4778,0.544,78.0,1.0,0.544,0.544
1786386707.834,S3,reserve,153,obs,0.96,0.7419,0.86,78.1,1.348,0.86,0.86
1786386707.834,S3,search,0,prior,0.0,,,6105.6,4.019,3.761,4.019
1786386708.834,S1,recommend,0,prior,0.0,,,,1.24,,1.24
1786386708.834,S1,reserve,0,prior,0.0,,,,1.658,,1.658
1786386708.834,S1,search,255,prior_fill,0.4956,16.1664,31.117,991.9,6.899,31.61,6.899
1786386708.834,S2,recommend,396,obs,0.9679,1.1164,3.088,58.7,0.975,3.088,3.088
1786386708.834,S2,reserve,197,obs,0.96,1.5551,3.376,69.3,1.332,3.376,3.376
1786386708.834,S2,search,262,obs,0.9675,6.0143,12.178,61.8,4.287,12.178,12.178
1786386708.834,S3,recommend,297,obs,0.9615,0.4739,0.564,76.2,1.0,0.564,0.564
1786386708.834,S3,reserve,145,obs,0.9581,0.752,0.891,76.9,1.348,0.891,0.891
1786386708.834,S3,search,0,prior,0.0,,,7105.6,4.019,3.761,4.019
1786386709.834,S1,recommend,0,prior,0.0,,,,1.24,,1.24
1786386709.834,S1,reserve,0,prior,0.0,,,,1.658,,1.658
1786386709.834,S1,search,238,obs,0.9562,37.9193,87.545,78.7,6.899,87.545,87.545
1786386709.834,S2,recommend,395,obs,0.9716,1.2428,3.472,54.9,0.975,3.472,3.472
1786386709.834,S2,reserve,192,obs,0.9695,1.6514,4.177,60.3,1.332,4.177,4.177
1786386709.834,S2,search,273,obs,0.8737,5.9991,11.714,238.2,4.287,11.714,11.714
1786386709.834,S3,recommend,278,obs,0.9647,0.4428,0.54,64.8,1.0,0.54,0.54
1786386709.834,S3,reserve,151,obs,0.9496,0.7127,0.851,77.6,1.348,0.851,0.851
1786386709.834,S3,search,0,prior,0.0,,,8105.6,4.019,3.761,4.019
1786386710.835,S1,recommend,0,prior,0.0,,,,1.24,,1.24
1786386710.835,S1,reserve,0,prior,0.0,,,,1.658,,1.658
1786386710.835,S1,search,261,prior_fill,0.4967,37.9322,82.852,990.6,6.899,87.545,6.899
1786386710.835,S2,recommend,418,obs,0.9712,1.2389,3.216,54.5,0.975,3.216,3.216
1786386710.835,S2,reserve,191,obs,0.9619,1.6519,4.015,59.4,1.332,4.015,4.015
1786386710.835,S2,search,255,obs,0.9694,6.0831,11.231,60.6,4.287,11.231,11.231
1786386710.835,S3,recommend,270,obs,0.9575,0.4403,0.526,70.7,1.0,0.526,0.526
1786386710.835,S3,reserve,159,obs,0.9675,0.7389,0.908,63.2,1.348,0.908,0.908
1786386710.835,S3,search,0,prior,0.0,,,9105.6,4.019,3.761,4.019
1786386711.834,S1,recommend,0,prior,0.0,,,,1.24,,1.24
1786386711.834,S1,reserve,0,prior,0.0,,,,1.658,,1.658
1786386711.834,S1,search,249,obs,0.9683,22.5407,39.618,55.7,6.899,39.618,39.618
1786386711.834,S2,recommend,422,obs,0.9722,1.1502,3.082,52.8,0.975,3.082,3.082
1786386711.834,S2,reserve,197,obs,0.966,1.5947,3.837,64.8,1.332,3.837,3.837
1786386711.834,S2,search,272,prior_fill,0.7464,6.1126,10.964,493.2,4.287,11.231,4.287
1786386711.834,S3,recommend,284,obs,0.9677,0.4444,0.517,63.9,1.0,0.517,0.517
1786386711.834,S3,reserve,150,obs,0.9422,0.748,0.914,84.4,1.348,0.914,0.914
1786386711.834,S3,search,0,prior,0.0,,,10105.6,4.019,3.761,4.019
1786386712.834,S1,recommend,0,prior,0.0,,,,1.24,,1.24
1786386712.834,S1,reserve,0,prior,0.0,,,,1.658,,1.658
1786386712.834,S1,search,261,prior_fill,0.4956,22.152,39.525,988.1,6.899,39.618,6.899
1786386712.834,S2,recommend,408,obs,0.969,1.1449,3.424,60.1,0.975,3.424,3.424
1786386712.834,S2,reserve,192,obs,0.9694,1.5426,3.539,56.8,1.332,3.539,3.539
1786386712.834,S2,search,257,obs,0.9706,5.8302,10.68,58.1,4.287,10.68,10.68
1786386712.834,S3,recommend,286,obs,0.9653,0.4406,0.54,68.1,1.0,0.54,0.54
1786386712.834,S3,reserve,152,obs,0.9581,0.7188,0.834,75.7,1.348,0.834,0.834
1786386712.834,S3,search,0,prior,0.0,,,11105.6,4.019,3.761,4.019
1786386713.834,S1,recommend,0,prior,0.0,,,,1.24,,1.24
1786386713.834,S1,reserve,0,prior,0.0,,,,1.658,,1.658
1786386713.834,S1,search,249,obs,0.9675,25.1641,43.61,64.1,6.899,43.61,43.61
1786386713.834,S2,recommend,398,obs,0.9727,1.1647,3.424,50.8,0.975,3.424,3.424
1786386713.834,S2,reserve,194,obs,0.9675,1.5352,3.539,55.4,1.332,3.539,3.539
1786386713.834,S2,search,269,prior_fill,0.7106,5.7831,10.68,562.9,4.287,10.68,4.287
1786386713.834,S3,recommend,289,obs,0.9595,0.4411,0.56,78.0,1.0,0.56,0.56
1786386713.834,S3,reserve,148,obs,0.9562,0.7395,0.876,74.1,1.348,0.876,0.876
1786386713.834,S3,search,0,prior,0.0,,,12105.4,4.019,3.761,4.019
1786386714.834,S1,recommend,0,prior,0.0,,,,1.24,,1.24
1786386714.834,S1,reserve,0,prior,0.0,,,,1.658,,1.658
1786386714.834,S1,search,265,prior_fill,0.4931,25.1201,43.202,988.2,6.899,43.61,6.899
1786386714.834,S2,recommend,381,obs,0.9694,0.7994,1.854,49.4,0.975,1.854,1.854
1786386714.834,S2,reserve,213,obs,0.9731,1.1772,2.298,50.7,1.332,2.298,2.298
1786386714.834,S2,search,163,obs,0.97,4.9194,8.858,58.2,4.287,8.858,8.858
1786386714.834,S3,recommend,308,obs,0.9654,0.4654,0.631,68.1,1.0,0.631,0.631
1786386714.834,S3,reserve,135,obs,0.9581,0.8185,1.107,65.7,1.348,1.107,1.107
1786386714.834,S3,search,93,prior,0.4538,3.0521,3.597,76.8,4.019,3.761,4.019
1786386715.834,S1,recommend,0,prior,0.0,,,,1.24,,1.24
1786386715.834,S1,reserve,0,prior,0.0,,,,1.658,,1.658
1786386715.834,S1,search,3,prior,-0.0043,17.5503,24.452,1988.2,6.899,43.61,6.899
1786386715.834,S2,recommend,367,obs,0.9731,0.9624,2.167,51.9,0.975,2.167,2.167
1786386715.834,S2,reserve,216,obs,0.9712,1.4007,2.489,53.2,1.332,2.489,2.489
1786386715.834,S2,search,324,obs,0.9552,4.5736,7.292,75.6,4.287,7.292,7.292
1786386715.834,S3,recommend,325,obs,0.9696,0.493,0.669,59.4,1.0,0.669,0.669
1786386715.834,S3,reserve,134,obs,0.9562,0.8607,1.22,79.4,1.348,1.22,1.22
1786386715.834,S3,search,188,obs,0.9612,3.0615,3.6,61.9,4.019,3.6,3.6
1786386716.834,S1,recommend,0,prior,0.0,,,,1.24,,1.24
1786386716.834,S1,reserve,0,prior,0.0,,,,1.658,,1.658
1786386716.834,S1,search,0,prior,0.0,,,2988.2,6.899,43.61,6.899
1786386716.834,S2,recommend,388,obs,0.9743,0.9457,1.931,50.7,0.975,1.931,1.931
1786386716.834,S2,reserve,216,obs,0.9731,1.3735,2.369,51.9,1.332,2.369,2.369
1786386716.834,S2,search,314,obs,0.9694,4.4057,6.652,56.9,4.287,6.652,6.652
1786386716.834,S3,recommend,307,obs,0.9662,0.5191,0.729,64.4,1.0,0.729,0.729
1786386716.834,S3,reserve,130,obs,0.9657,0.8393,1.046,59.4,1.348,1.046,1.046
1786386716.834,S3,search,204,obs,0.9606,3.0815,3.789,66.9,4.019,3.789,3.789
1786386717.834,S1,recommend,0,prior,0.0,,,,1.24,,1.24
1786386717.834,S1,reserve,0,prior,0.0,,,,1.658,,1.658
1786386717.834,S1,search,0,prior,0.0,,,3988.2,6.899,43.61,6.899
1786386717.834,S2,recommend,388,obs,0.9756,0.9549,1.99,48.1,0.975,1.99,1.99
1786386717.834,S2,reserve,203,obs,0.96,1.4148,2.472,69.4,1.332,2.472,2.472
1786386717.834,S2,search,319,obs,0.9731,4.5149,6.981,50.7,4.287,6.981,6.981
1786386717.834,S3,recommend,308,obs,0.9707,0.5097,0.769,56.8,1.0,0.769,0.769
1786386717.834,S3,reserve,141,obs,0.9694,0.8573,1.138,54.4,1.348,1.138,1.138
1786386717.834,S3,search,201,obs,0.9543,3.129,3.758,78.2,4.019,3.758,3.758
1786386718.833,S1,recommend,0,prior,0.0,,,,1.24,,1.24
1786386718.833,S1,reserve,0,prior,0.0,,,,1.658,,1.658
1786386718.833,S1,search,0,prior,0.0,,,4988.2,6.899,43.61,6.899
1786386718.833,S2,recommend,371,obs,0.9725,0.9701,2.038,44.4,0.975,2.038,2.038
1786386718.833,S2,reserve,201,obs,0.975,1.4903,2.811,49.4,1.332,2.811,2.811
1786386718.833,S2,search,333,obs,0.9694,4.5531,7.239,56.9,4.287,7.239,7.239
1786386718.833,S3,recommend,321,obs,0.97,0.4952,0.761,58.2,1.0,0.761,0.761
1786386718.833,S3,reserve,146,obs,0.9618,0.8693,1.347,53.2,1.348,1.347,1.347
1786386718.833,S3,search,188,obs,0.9681,3.1445,3.756,60.7,4.019,3.756,3.756
1786386719.834,S1,recommend,0,prior,0.0,,,,1.24,,1.24
1786386719.834,S1,reserve,0,prior,0.0,,,,1.658,,1.658
1786386719.834,S1,search,0,prior,0.0,,,5988.2,6.899,43.61,6.899
1786386719.834,S2,recommend,381,obs,0.9712,1.1213,2.205,46.9,0.975,2.205,2.205
1786386719.834,S2,reserve,205,obs,0.9675,1.5674,3.08,59.4,1.332,3.08,3.08
1786386719.834,S2,search,320,obs,0.9718,4.8388,8.465,51.9,4.287,8.465,8.465
1786386719.834,S3,recommend,309,obs,0.9694,0.5129,0.78,58.2,1.0,0.78,0.78
1786386719.834,S3,reserve,145,obs,0.9507,0.877,1.214,96.9,1.348,1.214,1.214
1786386719.834,S3,search,200,obs,0.9719,3.0984,3.75,55.7,4.019,3.75,3.75
1786386720.834,S1,recommend,0,prior,0.0,,,,1.24,,1.24
1786386720.834,S1,reserve,0,prior,0.0,,,,1.658,,1.658
1786386720.834,S1,search,0,prior,0.0,,,6988.2,6.899,43.61,6.899
1786386720.834,S2,recommend,393,obs,0.9787,1.1604,2.271,41.9,0.975,2.271,2.271
1786386720.834,S2,reserve,217,obs,0.9769,1.481,2.84,43.1,1.332,2.84,2.84
1786386720.834,S2,search,310,obs,0.9712,4.7498,7.568,51.9,4.287,7.568,7.568
1786386720.834,S3,recommend,303,obs,0.9618,0.5321,0.796,60.7,1.0,0.796,0.796
1786386720.834,S3,reserve,132,obs,0.9637,0.8802,1.239,65.7,1.348,1.239,1.239
1786386720.834,S3,search,208,obs,0.9713,3.0861,3.543,55.6,4.019,3.543,3.543
1786386721.834,S1,recommend,0,prior,0.0,,,,1.24,,1.24
1786386721.834,S1,reserve,0,prior,0.0,,,,1.658,,1.658
1786386721.834,S1,search,0,prior,0.0,,,7988.2,6.899,43.61,6.899
1786386721.834,S2,recommend,386,obs,0.9787,0.9817,2.132,40.7,0.975,2.132,2.132
1786386721.834,S2,reserve,211,obs,0.9769,1.3493,2.796,41.9,1.332,2.796,2.796
1786386721.834,S2,search,314,obs,0.97,4.448,7.249,53.2,4.287,7.249,7.249
1786386721.834,S3,recommend,313,obs,0.9731,0.5281,0.77,50.7,1.0,0.77,0.77
1786386721.834,S3,reserve,135,obs,0.9581,0.8552,1.129,71.9,1.348,1.129,1.129
1786386721.834,S3,search,206,obs,0.9675,3.0857,3.543,64.4,4.019,3.543,3.543
1786386722.833,S1,recommend,0,prior,0.0,,,,1.24,,1.24
1786386722.833,S1,reserve,0,prior,0.0,,,,1.658,,1.658
1786386722.833,S1,search,0,prior,0.0,,,8988.2,6.899,43.61,6.899
1786386722.833,S2,recommend,383,obs,0.9775,0.8985,1.876,41.9,0.975,1.876,1.876
1786386722.833,S2,reserve,191,obs,0.9694,1.3565,2.606,51.9,1.332,2.606,2.606
1786386722.833,S2,search,324,obs,0.975,4.365,6.963,48.2,4.287,6.963,6.963
1786386722.833,S3,recommend,313,obs,0.9693,0.5045,0.698,56.9,1.0,0.698,0.698
1786386722.833,S3,reserve,153,obs,0.9563,0.8503,1.129,55.7,1.348,1.129,1.129
1786386722.833,S3,search,200,obs,0.97,3.0826,3.737,59.4,4.019,3.737,3.737
1786386723.833,S1,recommend,0,prior,0.0,,,,1.24,,1.24
1786386723.833,S1,reserve,0,prior,0.0,,,,1.658,,1.658
1786386723.833,S1,search,0,prior,0.0,,,9988.2,6.899,43.61,6.899
1786386723.833,S2,recommend,393,obs,0.9756,0.9408,2.055,40.7,0.975,2.055,2.055
1786386723.833,S2,reserve,203,obs,0.9656,1.3617,2.606,50.6,1.332,2.606,2.606
1786386723.833,S2,search,317,obs,0.9775,4.454,6.963,43.2,4.287,6.963,6.963
1786386723.833,S3,recommend,300,obs,0.975,0.498,0.696,49.4,1.0,0.696,0.696
1786386723.833,S3,reserve,145,obs,0.9675,0.851,1.22,61.9,1.348,1.22,1.22
1786386723.833,S3,search,207,obs,0.96,3.0801,3.737,59.4,4.019,3.737,3.737
1786386724.834,S1,recommend,0,prior,0.0,,,,1.24,,1.24
1786386724.834,S1,reserve,0,prior,0.0,,,,1.658,,1.658
1786386724.834,S1,search,0,prior,0.0,,,10988.2,6.899,43.61,6.899
1786386724.834,S2,recommend,395,obs,0.9768,0.9831,2.122,40.7,0.975,2.122,2.122
1786386724.834,S2,reserve,206,obs,0.9769,1.3599,2.561,41.9,1.332,2.561,2.561
1786386724.834,S2,search,318,obs,0.975,4.5131,7.662,43.2,4.287,7.662,7.662
1786386724.834,S3,recommend,298,obs,0.9731,0.5017,0.702,51.9,1.0,0.702,0.702
1786386724.834,S3,reserve,146,obs,0.9694,0.8503,1.193,60.6,1.348,1.193,1.193
1786386724.834,S3,search,201,obs,0.96,3.0816,3.71,76.9,4.019,3.71,3.71
1786386725.834,S1,recommend,0,prior,0.0,,,,1.24,,1.24
1786386725.834,S1,reserve,0,prior,0.0,,,,1.658,,1.658
1786386725.834,S1,search,0,prior,0.0,,,11988.2,6.899,43.61,6.899
1786386725.834,S2,recommend,399,obs,0.9781,0.9642,2.122,43.2,0.975,2.122,2.122
1786386725.834,S2,reserve,197,obs,0.975,1.3697,2.487,48.2,1.332,2.487,2.487
1786386725.834,S2,search,322,obs,0.9731,4.4693,7.149,42.0,4.287,7.149,7.149
1786386725.834,S3,recommend,300,obs,0.9718,0.507,0.771,53.2,1.0,0.771,0.771
1786386725.834,S3,reserve,150,obs,0.9638,0.8515,1.173,59.4,1.348,1.173,1.173
1786386725.834,S3,search,198,obs,0.9694,3.073,3.71,56.9,4.019,3.71,3.71
1786386726.833,S1,recommend,0,prior,0.0,,,,1.24,,1.24
1786386726.833,S1,reserve,0,prior,0.0,,,,1.658,,1.658
1786386726.833,S1,search,0,prior,0.0,,,12988.2,6.899,43.61,6.899
1786386726.833,S2,recommend,419,obs,0.9787,0.9235,2.108,41.9,0.975,2.108,2.108
1786386726.833,S2,reserve,194,obs,0.975,1.2976,2.487,43.2,1.332,2.487,2.487
1786386726.833,S2,search,300,obs,0.9662,4.3557,7.185,50.6,4.287,7.185,7.185
1786386726.833,S3,recommend,281,obs,0.9675,0.5193,0.809,59.4,1.0,0.809,0.809
1786386726.833,S3,reserve,151,obs,0.9581,0.8369,1.051,54.4,1.348,1.051,1.051
1786386726.833,S3,search,220,obs,0.9725,3.0618,3.661,51.9,4.019,3.661,3.661
1786386727.834,S1,recommend,0,prior,0.0,,,,1.24,,1.24
1786386727.834,S1,reserve,0,prior,0.0,,,,1.658,,1.658
1786386727.834,S1,search,0,prior,0.0,,,13988.2,6.899,43.61,6.899
1786386727.834,S2,recommend,399,obs,0.9787,0.9145,1.941,36.9,0.975,1.941,1.941
1786386727.834,S2,reserve,196,obs,0.975,1.379,2.791,38.2,1.332,2.791,2.791
1786386727.834,S2,search,319,obs,0.9769,4.3383,7.275,41.9,4.287,7.275,7.275
1786386727.834,S3,recommend,298,obs,0.975,0.5266,0.867,48.2,1.0,0.867,0.867
1786386727.834,S3,reserve,152,obs,0.9657,0.8541,1.14,68.1,1.348,1.14,1.14
1786386727.834,S3,search,205,obs,0.9731,3.0878,3.762,50.7,4.019,3.762,3.762
1786386728.833,S1,recommend,0,prior,0.0,,,,1.24,,1.24
1786386728.833,S1,reserve,0,prior,0.0,,,,1.658,,1.658
1786386728.833,S1,search,0,prior,0.0,,,14988.2,6.899,43.61,6.899
1786386728.833,S2,recommend,375,obs,0.975,0.9789,2.153,39.4,0.975,2.153,2.153
1786386728.833,S2,reserve,204,obs,0.975,1.5409,3.496,48.2,1.332,3.496,3.496
1786386728.833,S2,search,333,obs,0.9794,4.5142,7.763,40.7,4.287,7.763,7.763
1786386728.833,S3,recommend,318,obs,0.975,0.5113,0.826,46.9,1.0,0.826,0.826
1786386728.833,S3,reserve,147,obs,0.9619,0.8586,1.201,59.4,1.348,1.201,1.201
1786386728.833,S3,search,189,obs,0.9719,3.1123,3.816,52.0,4.019,3.816,3.816
1786386729.834,S1,recommend,0,prior,0.0,,,,1.24,,1.24
1786386729.834,S1,reserve,0,prior,0.0,,,,1.658,,1.658
1786386729.834,S1,search,0,prior,0.0,,,15988.2,6.899,43.61,6.899
1786386729.834,S2,recommend,369,obs,0.9769,1.0921,2.323,45.7,0.975,2.323,2.323
1786386729.834,S2,reserve,208,obs,0.9788,1.7405,3.6,39.4,1.332,3.6,3.6
1786386729.834,S2,search,331,obs,0.975,4.7828,8.802,48.2,4.287,8.802,8.802
1786386729.834,S3,recommend,327,obs,0.9693,0.4941,0.722,53.2,1.0,0.722,0.722
1786386729.834,S3,reserve,142,obs,0.945,0.8466,1.149,103.2,1.348,1.149,1.149
1786386729.834,S3,search,188,obs,0.9712,3.0928,3.666,51.9,4.019,3.666,3.666
1786386730.834,S1,recommend,0,prior,0.0,,,,1.24,,1.24
1786386730.834,S1,reserve,0,prior,0.0,,,,1.658,,1.658
1786386730.834,S1,search,0,prior,0.0,,,16988.2,6.899,43.61,6.899
1786386730.834,S2,recommend,381,obs,0.9788,1.0591,2.13,40.7,0.975,2.13,2.13
1786386730.834,S2,reserve,203,obs,0.9769,1.651,2.948,41.9,1.332,2.948,2.948
1786386730.834,S2,search,331,obs,0.9768,4.7548,7.967,35.7,4.287,7.967,7.967
1786386730.834,S3,recommend,319,obs,0.9762,0.4917,0.711,44.4,1.0,0.711,0.711
1786386730.834,S3,reserve,143,obs,0.9563,0.8439,1.202,75.6,1.348,1.202,1.202
1786386730.834,S3,search,193,obs,0.975,3.0966,3.691,49.4,4.019,3.691,3.691
1786386731.834,S1,recommend,0,prior,0.0,,,,1.24,,1.24
1786386731.834,S1,reserve,0,prior,0.0,,,,1.658,,1.658
1786386731.834,S1,search,0,prior,0.0,,,17988.2,6.899,43.61,6.899
1786386731.834,S2,recommend,370,obs,0.9819,0.9375,1.988,31.9,0.975,1.988,1.988
1786386731.834,S2,reserve,212,obs,0.9769,1.4096,2.603,36.9,1.332,2.603,2.603
1786386731.834,S2,search,331,obs,0.9825,4.4434,7.166,34.4,4.287,7.166,7.166
1786386731.834,S3,recommend,330,obs,0.9775,0.4964,0.728,41.9,1.0,0.728,0.728
1786386731.834,S3,reserve,133,obs,0.9675,0.8633,1.168,51.9,1.348,1.168,1.168
1786386731.834,S3,search,196,obs,0.975,3.1178,3.762,48.2,4.019,3.762,3.762
1786386732.833,S1,recommend,0,prior,0.0,,,,1.24,,1.24
1786386732.833,S1,reserve,0,prior,0.0,,,,1.658,,1.658
1786386732.833,S1,search,0,prior,0.0,,,18988.2,6.899,43.61,6.899
1786386732.833,S2,recommend,366,obs,0.9787,0.9972,2.281,38.2,0.975,2.281,2.281
1786386732.833,S2,reserve,218,obs,0.9825,1.4452,2.87,31.8,1.332,2.87,2.87
1786386732.833,S2,search,331,obs,0.9794,4.4127,7.35,39.4,4.287,7.35,7.35
1786386732.833,S3,recommend,329,obs,0.9794,0.5062,0.785,40.7,1.0,0.785,0.785
1786386732.833,S3,reserve,132,obs,0.96,0.8853,1.165,65.7,1.348,1.165,1.165
1786386732.833,S3,search,195,obs,0.9725,3.1045,3.739,48.2,4.019,3.739,3.739
1786386733.833,S1,recommend,0,prior,0.0,,,,1.24,,1.24
1786386733.833,S1,reserve,0,prior,0.0,,,,1.658,,1.658
1786386733.833,S1,search,0,prior,0.0,,,19988.2,6.899,43.61,6.899
1786386733.833,S2,recommend,373,obs,0.9831,0.9965,2.151,31.9,0.975,2.151,2.151
1786386733.833,S2,reserve,225,obs,0.9844,1.4282,2.898,30.6,1.332,2.898,2.898
1786386733.833,S2,search,317,obs,0.9794,4.4766,7.203,34.4,4.287,7.203,7.203
1786386733.833,S3,recommend,324,obs,0.9731,0.5021,0.755,40.6,1.0,0.755,0.755
1786386733.833,S3,reserve,129,obs,0.9769,0.8772,1.237,41.9,1.348,1.237,1.237
1786386733.833,S3,search,205,obs,0.9768,3.081,3.691,43.2,4.019,3.691,3.691
1786386734.834,S1,recommend,0,prior,0.0,,,,1.24,,1.24
1786386734.834,S1,reserve,0,prior,0.0,,,,1.658,,1.658
1786386734.834,S1,search,0,prior,0.0,,,20988.2,6.899,43.61,6.899
1786386734.834,S2,recommend,379,obs,0.9843,0.9627,2.079,30.7,0.975,2.079,2.079
1786386734.834,S2,reserve,224,obs,0.9807,1.3547,2.626,36.9,1.332,2.626,2.626
1786386734.834,S2,search,314,obs,0.9769,4.488,6.927,42.0,4.287,6.927,6.927
1786386734.834,S3,recommend,323,obs,0.9751,0.4921,0.687,43.2,1.0,0.687,0.687
1786386734.834,S3,reserve,126,obs,0.9675,0.853,1.255,40.7,1.348,1.255,1.255
1786386734.834,S3,search,206,obs,0.9656,3.0546,3.625,56.9,4.019,3.625,3.625
1786386735.834,S1,recommend,0,prior,0.0,,,,1.24,,1.24
1786386735.834,S1,reserve,0,prior,0.0,,,,1.658,,1.658
1786386735.834,S1,search,0,prior,0.0,,,21988.2,6.899,43.61,6.899
1786386735.834,S2,recommend,393,obs,0.9844,0.9978,2.304,30.6,0.975,2.304,2.304
1786386735.834,S2,reserve,208,obs,0.9769,1.3984,2.693,39.4,1.332,2.693,2.693
1786386735.834,S2,search,318,obs,0.9769,4.5003,6.992,36.9,4.287,6.992,6.992
1786386735.834,S3,recommend,311,obs,0.975,0.4935,0.687,45.7,1.0,0.687,0.687
1786386735.834,S3,reserve,138,obs,0.9731,0.8572,1.286,43.2,1.348,1.286,1.286
1786386735.834,S3,search,205,obs,0.9725,3.0863,3.646,51.9,4.019,3.646,3.646
1786386736.833,S1,recommend,0,prior,0.0,,,,1.24,,1.24
1786386736.833,S1,reserve,0,prior,0.0,,,,1.658,,1.658
1786386736.833,S1,search,0,prior,0.0,,,22988.2,6.899,43.61,6.899
1786386736.833,S2,recommend,393,obs,0.9806,0.98,2.303,36.9,0.975,2.303,2.303
1786386736.833,S2,reserve,197,obs,0.9843,1.4683,2.992,30.7,1.332,2.992,2.992
1786386736.833,S2,search,332,obs,0.9825,4.4867,6.998,31.9,4.287,6.998,6.998
1786386736.833,S3,recommend,305,obs,0.9769,0.4888,0.684,39.4,1.0,0.684,0.684
1786386736.833,S3,reserve,152,obs,0.96,0.8351,1.174,64.4,1.348,1.174,1.174
1786386736.833,S3,search,195,obs,0.9769,3.0998,3.678,41.9,4.019,3.678,3.678
1786386737.834,S1,recommend,0,prior,0.0,,,,1.24,,1.24
1786386737.834,S1,reserve,0,prior,0.0,,,,1.658,,1.658
1786386737.834,S1,search,0,prior,0.0,,,23988.2,6.899,43.61,6.899
1786386737.834,S2,recommend,383,obs,0.9862,0.9543,2.205,24.4,0.975,2.205,2.205
1786386737.834,S2,reserve,204,obs,0.9825,1.4498,2.706,33.2,1.332,2.706,2.706
1786386737.834,S2,search,342,obs,0.98,4.369,6.753,30.7,4.287,6.753,6.753
1786386737.834,S3,recommend,315,obs,0.9775,0.4988,0.711,38.2,1.0,0.711,0.711
1786386737.834,S3,reserve,149,obs,0.9657,0.8154,1.008,44.4,1.348,1.008,1.008
1786386737.834,S3,search,184,obs,0.9812,3.1122,3.782,36.9,4.019,3.782,3.782
1786386738.834,S1,recommend,0,prior,0.0,,,,1.24,,1.24
1786386738.834,S1,reserve,0,prior,0.0,,,,1.658,,1.658
1786386738.834,S1,search,0,prior,0.0,,,24988.2,6.899,43.61,6.899
1786386738.834,S2,recommend,385,obs,0.9863,0.9539,1.982,26.9,0.975,1.982,1.982
1786386738.834,S2,reserve,214,obs,0.9862,1.4277,2.661,24.4,1.332,2.661,2.661
1786386738.834,S2,search,333,obs,0.9776,4.384,6.982,35.6,4.287,6.982,6.982
1786386738.834,S3,recommend,317,obs,0.975,0.5009,0.766,38.2,1.0,0.766,0.766
1786386738.834,S3,reserve,139,obs,0.9713,0.8474,1.135,46.9,1.348,1.135,1.135
1786386738.834,S3,search,190,obs,0.9806,3.1067,3.83,36.9,4.019,3.83,3.83
1786386739.834,S1,recommend,0,prior,0.0,,,,1.24,,1.24
1786386739.834,S1,reserve,0,prior,0.0,,,,1.658,,1.658
1786386739.834,S1,search,0,prior,0.0,,,25988.2,6.899,43.61,6.899
1786386739.834,S2,recommend,391,obs,0.9869,1.0541,2.175,24.4,0.975,2.175,2.175
1786386739.834,S2,reserve,212,obs,0.9844,1.4298,2.468,23.1,1.332,2.468,2.468
1786386739.834,S2,search,330,obs,0.9843,4.563,6.987,30.7,4.287,6.987,6.987
1786386739.834,S3,recommend,314,obs,0.9781,0.4968,0.718,40.8,1.0,0.718,0.718
1786386739.834,S3,reserve,137,obs,0.9787,0.851,1.135,38.2,1.348,1.135,1.135
1786386739.834,S3,search,195,obs,0.975,3.0978,3.693,39.4,4.019,3.693,3.693
1786386740.834,S1,recommend,0,prior,0.0,,,,1.24,,1.24
1786386740.834,S1,reserve,0,prior,0.0,,,,1.658,,1.658
1786386740.834,S1,search,0,prior,0.0,,,26988.2,6.899,43.61,6.899
1786386740.834,S2,recommend,405,obs,0.9869,1.0283,2.337,23.2,0.975,2.337,2.337
1786386740.834,S2,reserve,207,obs,0.9769,1.4431,2.984,36.9,1.332,2.984,2.984
1786386740.834,S2,search,322,obs,0.9868,4.5585,7.292,25.7,4.287,7.292,7.292
1786386740.834,S3,recommend,298,obs,0.9818,0.5152,0.76,31.9,1.0,0.76,0.76
1786386740.834,S3,reserve,140,obs,0.975,0.8385,1.064,33.2,1.348,1.064,1.064
1786386740.834,S3,search,208,obs,0.98,3.0995,3.729,38.2,4.019,3.729,3.729
1786386741.833,S1,recommend,0,prior,0.0,,,,1.24,,1.24
1786386741.833,S1,reserve,0,prior,0.0,,,,1.658,,1.658
1786386741.833,S1,search,0,prior,0.0,,,27988.2,6.899,43.61,6.899
1786386741.833,S2,recommend,391,obs,0.9844,0.9147,2.059,26.9,0.975,2.059,2.059
1786386741.833,S2,reserve,213,obs,0.9825,1.4162,2.85,31.9,1.332,2.85,2.85
1786386741.833,S2,search,320,obs,0.9843,4.542,7.334,25.7,4.287,7.334,7.334
1786386741.833,S3,recommend,308,obs,0.9806,0.529,0.935,38.2,1.0,0.935,0.935
1786386741.833,S3,reserve,138,obs,0.9675,0.826,1.055,35.7,1.348,1.055,1.055
1786386741.833,S3,search,209,obs,0.97,3.1015,3.744,58.2,4.019,3.744,3.744
1786386742.833,S1,recommend,0,prior,0.0,,,,1.24,,1.24
1786386742.833,S1,reserve,0,prior,0.0,,,,1.658,,1.658
1786386742.833,S1,search,0,prior,0.0,,,28988.2,6.899,43.61,6.899
1786386742.833,S2,recommend,379,obs,0.9825,0.9188,1.948,25.7,0.975,1.948,1.948
1786386742.833,S2,reserve,227,obs,0.99,1.3319,2.61,19.4,1.332,2.61,2.61
1786386742.833,S2,search,318,obs,0.9825,4.5333,6.752,24.4,4.287,6.752,6.752
1786386742.833,S3,recommend,322,obs,0.9844,0.5198,0.817,29.4,1.0,0.817,0.817
1786386742.833,S3,reserve,130,obs,0.9675,0.8623,1.306,41.9,1.348,1.306,1.306
1786386742.833,S3,search,206,obs,0.9813,3.0968,3.744,34.4,4.019,3.744,3.744
1786386743.833,S1,recommend,0,prior,0.0,,,,1.24,,1.24
1786386743.833,S1,reserve,0,prior,0.0,,,,1.658,,1.658
1786386743.833,S1,search,0,prior,0.0,,,29988.2,6.899,43.61,6.899
1786386743.833,S2,recommend,391,obs,0.9863,0.9376,1.953,26.9,0.975,1.953,1.953
1786386743.833,S2,reserve,225,obs,0.9862,1.2914,2.414,21.9,1.332,2.414,2.414
1786386743.833,S2,search,314,obs,0.9863,4.4318,7.195,23.2,4.287,7.195,7.195
1786386743.833,S3,recommend,314,obs,0.9825,0.5058,0.78,28.2,1.0,0.78,0.78
1786386743.833,S3,reserve,127,obs,0.9787,0.8842,1.306,40.7,1.348,1.306,1.306
1786386743.833,S3,search,210,obs,0.9637,3.0552,3.728,56.9,4.019,3.728,3.728
1786386744.833,S1,recommend,0,prior,0.0,,,,1.24,,1.24
1786386744.833,S1,reserve,0,prior,0.0,,,,1.658,,1.658
1786386744.833,S1,search,0,prior,0.0,,,30987.9,6.899,43.61,6.899
1786386744.833,S2,recommend,400,obs,0.99,0.9173,1.959,19.1,0.975,1.959,1.959
1786386744.833,S2,reserve,207,obs,0.975,1.3127,2.276,35.4,1.332,2.276,2.276
1786386744.833,S2,search,315,obs,0.9862,4.5372,7.755,24.2,4.287,7.755,7.755
1786386744.833,S3,recommend,307,obs,0.9837,0.5299,0.932,30.5,1.0,0.932,0.932
1786386744.833,S3,reserve,141,obs,0.9807,0.8529,1.127,31.6,1.348,1.127,1.127
1786386744.833,S3,search,211,obs,0.9787,3.0699,3.787,32.9,4.019,3.787,3.787
1786386745.833,S1,recommend,0,prior,0.0,,,,1.24,,1.24
1786386745.833,S1,reserve,0,prior,0.0,,,,1.658,,1.658
1786386745.833,S1,search,0,prior,0.0,,,31988.2,6.899,43.61,6.899
1786386745.833,S2,recommend,397,obs,0.9888,0.9923,2.407,20.7,0.975,2.407,2.407
1786386745.833,S2,reserve,202,obs,0.9731,1.3461,2.462,26.9,1.332,2.462,2.462
1786386745.833,S2,search,329,obs,0.9863,4.6237,7.78,24.4,4.287,7.78,7.78
1786386745.833,S3,recommend,305,obs,0.9806,0.5258,0.803,29.4,1.0,0.803,0.803
1786386745.833,S3,reserve,149,obs,0.9825,0.8668,1.232,34.4,1.348,1.232,1.232
1786386745.833,S3,search,200,obs,0.9638,3.084,3.693,35.7,4.019,3.693,3.693
1786386746.833,S1,recommend,0,prior,0.0,,,,1.24,,1.24
1786386746.833,S1,reserve,0,prior,0.0,,,,1.658,,1.658
1786386746.833,S1,search,0,prior,0.0,,,32988.2,6.899,43.61,6.899
1786386746.833,S2,recommend,364,obs,0.9393,1.0225,2.481,118.3,0.975,2.481,2.481
1786386746.833,S2,reserve,198,obs,0.9262,1.4055,2.98,126.9,1.332,2.98,2.98
1786386746.833,S2,search,316,obs,0.9375,4.6379,7.716,120.7,4.287,7.716,7.716
1786386746.833,S3,recommend,303,obs,0.9299,0.4981,0.685,133.2,1.0,0.685,0.685
1786386746.833,S3,reserve,138,obs,0.93,0.8843,1.232,138.2,1.348,1.232,1.232
1786386746.833,S3,search,184,obs,0.9356,3.1039,3.704,128.3,4.019,3.704,3.704
1786386747.834,S1,recommend,0,prior,0.0,,,,1.24,,1.24
1786386747.834,S1,reserve,0,prior,0.0,,,,1.658,,1.658
1786386747.834,S1,search,0,prior,0.0,,,33988.2,6.899,43.61,6.899
1786386747.834,S2,recommend,365,obs,0.9375,1.027,2.157,120.7,0.975,2.157,2.157
1786386747.834,S2,reserve,206,obs,0.9375,1.3528,2.478,114.5,1.332,2.478,2.478
1786386747.834,S2,search,303,obs,0.9375,4.5779,7.852,123.2,4.287,7.852,7.852
1786386747.834,S3,recommend,305,obs,0.9363,0.5626,0.812,126.9,1.0,0.812,0.812
1786386747.834,S3,reserve,128,obs,0.9356,0.9024,1.091,125.7,1.348,1.091,1.091
1786386747.834,S3,search,198,obs,0.9181,3.1221,3.861,149.5,4.019,3.861,3.861
1786386748.834,S1,recommend,0,prior,0.0,,,,1.24,,1.24
1786386748.834,S1,reserve,0,prior,0.0,,,,1.658,,1.658
1786386748.834,S1,search,0,prior,0.0,,,34988.2,6.899,43.61,6.899
1786386748.834,S2,recommend,377,obs,0.9406,0.9883,2.024,115.7,0.975,2.024,2.024
1786386748.834,S2,reserve,201,obs,0.9356,1.3342,2.401,120.7,1.332,2.401,2.401
1786386748.834,S2,search,302,obs,0.9375,4.4254,6.755,124.5,4.287,6.755,6.755
1786386748.834,S3,recommend,294,obs,0.9363,0.5822,0.893,125.6,1.0,0.893,0.893
1786386748.834,S3,reserve,132,obs,0.93,0.8764,1.044,135.6,1.348,1.044,1.044
1786386748.834,S3,search,199,obs,0.93,3.1059,3.783,133.2,4.019,3.783,3.783
1786386749.834,S1,recommend,0,prior,0.0,,,,1.24,,1.24
1786386749.834,S1,reserve,0,prior,0.0,,,,1.658,,1.658
1786386749.834,S1,search,0,prior,0.0,,,35988.2,6.899,43.61,6.899
1786386749.834,S2,recommend,369,obs,0.9406,1.0594,2.277,114.5,0.975,2.277,2.277
1786386749.834,S2,reserve,199,obs,0.93,1.5541,2.903,130.7,1.332,2.903,2.903
1786386749.834,S2,search,314,obs,0.9394,4.6652,7.417,119.5,4.287,7.417,7.417
1786386749.834,S3,recommend,299,obs,0.9337,0.5019,0.729,129.5,1.0,0.729,0.729
1786386749.834,S3,reserve,133,obs,0.9281,0.8279,1.047,127.0,1.348,1.047,1.047
1786386749.834,S3,search,191,obs,0.9281,3.0927,3.783,138.2,4.019,3.783,3.783
1786386750.834,S1,recommend,0,prior,0.0,,,,1.24,,1.24
1786386750.834,S1,reserve,0,prior,0.0,,,,1.658,,1.658
1786386750.834,S1,search,0,prior,0.0,,,36988.2,6.899,43.61,6.899
1786386750.834,S2,recommend,376,obs,0.9437,1.0725,2.34,112.0,0.975,2.34,2.34
1786386750.834,S2,reserve,196,obs,0.9357,1.5029,2.833,125.6,1.332,2.833,2.833
1786386750.834,S2,search,305,obs,0.9394,4.6785,7.61,119.5,4.287,7.61,7.61
1786386750.834,S3,recommend,294,obs,0.9356,0.5036,0.711,124.5,1.0,0.711,0.711
1786386750.834,S3,reserve,141,obs,0.9281,0.8526,1.298,122.0,1.348,1.298,1.298
1786386750.834,S3,search,196,obs,0.9219,3.0858,3.641,145.7,4.019,3.641,3.641
1786386751.834,S1,recommend,0,prior,0.0,,,,1.24,,1.24
1786386751.834,S1,reserve,0,prior,0.0,,,,1.658,,1.658
1786386751.834,S1,search,0,prior,0.0,,,37988.2,6.899,43.61,6.899
1786386751.834,S2,recommend,383,obs,0.9394,0.9534,2.219,115.7,0.975,2.219,2.219
1786386751.834,S2,reserve,192,obs,0.9319,1.3615,2.283,117.0,1.332,2.283,2.283
1786386751.834,S2,search,294,obs,0.9337,4.3828,6.843,125.8,4.287,6.843,6.843
1786386751.834,S3,recommend,287,obs,0.9375,0.5116,0.767,123.2,1.0,0.767,0.767
1786386751.834,S3,reserve,144,obs,0.9338,0.8712,1.333,131.9,1.348,1.333,1.333
1786386751.834,S3,search,204,obs,0.9281,3.0765,3.603,140.8,4.019,3.603,3.603
1786386752.834,S1,recommend,0,prior,0.0,,,,1.24,,1.24
1786386752.834,S1,reserve,0,prior,0.0,,,,1.658,,1.658
1786386752.834,S1,search,0,prior,0.0,,,38988.2,6.899,43.61,6.899
1786386752.834,S2,recommend,384,obs,0.9431,0.9497,2.259,110.8,0.975,2.259,2.259
1786386752.834,S2,reserve,201,obs,0.9431,1.4243,2.526,112.0,1.332,2.526,2.526
1786386752.834,S2,search,288,obs,0.9394,4.4779,7.214,117.0,4.287,7.214,7.214
1786386752.834,S3,recommend,287,obs,0.9369,0.5102,0.726,125.7,1.0,0.726,0.726
1786386752.834,S3,reserve,134,obs,0.9375,0.8562,1.152,119.5,1.348,1.152,1.152
1786386752.834,S3,search,214,obs,0.9287,3.0617,3.673,127.0,4.019,3.673,3.673
1786386753.834,S1,recommend,0,prior,0.0,,,,1.24,,1.24
1786386753.834,S1,reserve,0,prior,0.0,,,,1.658,,1.658
1786386753.834,S1,search,0,prior,0.0,,,39988.2,6.899,43.61,6.899
1786386753.834,S2,recommend,365,obs,0.9444,0.9468,2.259,109.5,0.975,2.259,2.259
1786386753.834,S2,reserve,208,obs,0.9412,1.3551,2.489,110.8,1.332,2.489,2.489
1786386753.834,S2,search,301,obs,0.9356,4.5002,7.566,125.6,4.287,7.566,7.566
1786386753.834,S3,recommend,309,obs,0.9393,0.506,0.737,120.8,1.0,0.737,0.737
1786386753.834,S3,reserve,127,obs,0.9337,0.8626,1.19,118.3,1.348,1.19,1.19
1786386753.834,S3,search,200,obs,0.9344,3.0486,3.517,122.0,4.019,3.517,3.517
1786386754.834,S1,recommend,0,prior,0.0,,,,1.24,,1.24
1786386754.834,S1,reserve,0,prior,0.0,,,,1.658,,1.658
1786386754.834,S1,search,0,prior,0.0,,,40988.2,6.899,43.61,6.899
1786386754.834,S2,recommend,350,obs,0.945,1.042,2.574,108.3,0.975,2.574,2.574
1786386754.834,S2,reserve,214,obs,0.9337,1.36,2.552,113.2,1.332,2.552,2.552
1786386754.834,S2,search,315,obs,0.9425,4.5851,7.752,110.8,4.287,7.752,7.752
1786386754.834,S3,recommend,320,obs,0.9381,0.4963,0.778,118.2,1.0,0.778,0.778
1786386754.834,S3,reserve,122,obs,0.9262,0.8643,1.161,147.0,1.348,1.161,1.161
1786386754.834,S3,search,190,obs,0.9337,3.0821,3.658,129.5,4.019,3.658,3.658
1786386755.833,S1,recommend,0,prior,0.0,,,,1.24,,1.24
1786386755.833,S1,reserve,0,prior,0.0,,,,1.658,,1.658
1786386755.833,S1,search,0,prior,0.0,,,41988.2,6.899,43.61,6.899
1786386755.833,S2,recommend,378,obs,0.9437,1.0127,2.383,109.5,0.975,2.383,2.383
1786386755.833,S2,reserve,207,obs,0.945,1.4664,2.921,108.3,1.332,2.921,2.921
1786386755.833,S2,search,297,obs,0.9375,4.578,7.82,116.9,4.287,7.82,7.82
1786386755.833,S3,recommend,293,obs,0.9356,0.5028,0.781,122.0,1.0,0.781,0.781
1786386755.833,S3,reserve,132,obs,0.9356,0.8812,1.095,123.3,1.348,1.095,1.095
1786386755.833,S3,search,204,obs,0.9375,3.0886,3.658,124.4,4.019,3.658,3.658
1786386756.833,S1,recommend,0,prior,0.0,,,,1.24,,1.24
1786386756.833,S1,reserve,0,prior,0.0,,,,1.658,,1.658
1786386756.833,S1,search,0,prior,0.0,,,42988.2,6.899,43.61,6.899
1786386756.833,S2,recommend,386,obs,0.9431,0.9878,2.403,109.5,0.975,2.403,2.403
1786386756.833,S2,reserve,196,obs,0.9393,1.4466,2.475,118.3,1.332,2.475,2.475
1786386756.833,S2,search,297,obs,0.9438,4.4963,7.367,110.7,4.287,7.367,7.367
1786386756.833,S3,recommend,287,obs,0.9412,0.5377,0.827,117.0,1.0,0.827,0.827
1786386756.833,S3,reserve,138,obs,0.9244,0.8667,1.095,125.7,1.348,1.095,1.095
1786386756.833,S3,search,207,obs,0.9169,3.1032,3.736,119.5,4.019,3.736,3.736
1786386757.834,S1,recommend,0,prior,0.0,,,,1.24,,1.24
1786386757.834,S1,reserve,0,prior,0.0,,,,1.658,,1.658
1786386757.834,S1,search,0,prior,0.0,,,43988.2,6.899,43.61,6.899
1786386757.834,S2,recommend,364,obs,0.9469,1.0604,2.571,103.3,0.975,2.571,2.571
1786386757.834,S2,reserve,193,obs,0.9412,1.3909,2.475,109.5,1.332,2.475,2.475
1786386757.834,S2,search,322,obs,0.9462,4.4827,7.064,106.9,4.287,7.064,7.064
1786386757.834,S3,recommend,310,obs,0.9381,0.531,0.779,122.0,1.0,0.779,0.779
1786386757.834,S3,reserve,143,obs,0.9412,0.874,1.33,113.2,1.348,1.33,1.33
1786386757.834,S3,search,182,obs,0.9325,3.12,3.791,124.4,4.019,3.791,3.791
1786386758.833,S1,recommend,0,prior,0.0,,,,1.24,,1.24
1786386758.833,S1,reserve,0,prior,0.0,,,,1.658,,1.658
1786386758.833,S1,search,0,prior,0.0,,,44988.2,6.899,43.61,6.899
1786386758.833,S2,recommend,366,obs,0.9444,0.9895,2.283,106.9,0.975,2.283,2.283
1786386758.833,S2,reserve,209,obs,0.9432,1.4316,2.783,104.4,1.332,2.783,2.783
1786386758.833,S2,search,313,obs,0.9425,4.4179,6.932,113.3,4.287,6.932,6.932
1786386758.833,S3,recommend,307,obs,0.94,0.4941,0.686,117.0,1.0,0.686,0.686
1786386758.833,S3,reserve,126,obs,0.9262,0.9005,1.303,112.0,1.348,1.303,1.303
1786386758.833,S3,search,193,obs,0.9356,3.0957,3.673,128.2,4.019,3.673,3.673
1786386759.833,S1,recommend,0,prior,0.0,,,,1.24,,1.24
1786386759.833,S1,reserve,0,prior,0.0,,,,1.658,,1.658
1786386759.833,S1,search,0,prior,0.0,,,45988.2,6.899,43.61,6.899
1786386759.833,S2,recommend,366,obs,0.945,0.9941,2.247,109.5,0.975,2.247,2.247
1786386759.833,S2,reserve,220,obs,0.9412,1.505,2.796,103.3,1.332,2.796,2.796
1786386759.833,S2,search,296,obs,0.9394,4.5623,6.955,119.5,4.287,6.955,6.955
1786386759.833,S3,recommend,305,obs,0.9412,0.5065,0.776,113.3,1.0,0.776,0.776
1786386759.833,S3,reserve,119,obs,0.9431,0.8863,1.283,110.7,1.348,1.283,1.283
1786386759.833,S3,search,208,obs,0.9375,3.1135,3.837,114.5,4.019,3.837,3.837
1786386760.833,S1,recommend,0,prior,0.0,,,,1.24,,1.24
1786386760.833,S1,reserve,0,prior,0.0,,,,1.658,,1.658
1786386760.833,S1,search,0,prior,0.0,,,46988.2,6.899,43.61,6.899
1786386760.833,S2,recommend,367,obs,0.945,0.9886,2.204,104.5,0.975,2.204,2.204
1786386760.833,S2,reserve,211,obs,0.9469,1.5724,3.574,105.7,1.332,3.574,3.574
1786386760.833,S2,search,305,obs,0.945,4.6841,7.324,103.3,4.287,7.324,7.324
1786386760.833,S3,recommend,309,obs,0.9431,0.5196,0.853,111.9,1.0,0.853,0.853
1786386760.833,S3,reserve,127,obs,0.9319,0.8558,1.074,116.9,1.348,1.074,1.074
1786386760.833,S3,search,199,obs,0.9418,3.1118,3.83,113.3,4.019,3.83,3.83
1786386761.833,S1,recommend,0,prior,0.0,,,,1.24,,1.24
1786386761.833,S1,reserve,0,prior,0.0,,,,1.658,,1.658
1786386761.833,S1,search,0,prior,0.0,,,47988.2,6.899,43.61,6.899
1786386761.833,S2,recommend,372,obs,0.945,0.9611,2.197,99.4,0.975,2.197,2.197
1786386761.833,S2,reserve,207,obs,0.9488,1.5712,3.532,100.7,1.332,3.532,3.532
1786386761.833,S2,search,313,obs,0.9437,4.627,7.308,104.5,4.287,7.308,7.308
1786386761.833,S3,recommend,304,obs,0.9444,0.519,0.774,110.7,1.0,0.774,0.774
1786386761.833,S3,reserve,130,obs,0.9206,0.8404,1.073,115.7,1.348,1.073,1.073
1786386761.833,S3,search,192,obs,0.93,3.097,3.808,135.7,4.019,3.808,3.808
1786386762.833,S1,recommend,0,prior,0.0,,,,1.24,,1.24
1786386762.833,S1,reserve,0,prior,0.0,,,,1.658,,1.658
1786386762.833,S1,search,0,prior,0.0,,,48988.2,6.899,43.61,6.899
1786386762.833,S2,recommend,388,obs,0.9475,0.9442,2.075,100.7,0.975,2.075,2.075
1786386762.833,S2,reserve,198,obs,0.9431,1.4407,2.984,107.0,1.332,2.984,2.984
1786386762.833,S2,search,305,obs,0.9431,4.4831,7.134,104.5,4.287,7.134,7.134
1786386762.833,S3,recommend,289,obs,0.9413,0.5188,0.772,116.9,1.0,0.772,0.772
1786386762.833,S3,reserve,138,obs,0.9187,0.841,1.163,152.0,1.348,1.163,1.163
1786386762.833,S3,search,199,obs,0.9425,3.0913,3.735,112.0,4.019,3.735,3.735
1786386763.833,S1,recommend,0,prior,0.0,,,,1.24,,1.24
1786386763.833,S1,reserve,0,prior,0.0,,,,1.658,,1.658
1786386763.833,S1,search,0,prior,0.0,,,49988.2,6.899,43.61,6.899
1786386763.833,S2,recommend,392,obs,0.9462,0.9643,2.208,100.8,0.975,2.208,2.208
1786386763.833,S2,reserve,190,obs,0.9488,1.3054,2.628,102.0,1.332,2.628,2.628
1786386763.833,S2,search,305,obs,0.9487,4.5434,7.005,99.5,4.287,7.005,7.005
1786386763.833,S3,recommend,281,obs,0.945,0.5123,0.777,108.2,1.0,0.777,0.777
1786386763.833,S3,reserve,148,obs,0.9375,0.8704,1.289,113.2,1.348,1.289,1.289
1786386763.833,S3,search,203,obs,0.9406,3.0786,3.585,110.7,4.019,3.585,3.585
1786386764.833,S1,recommend,0,prior,0.0,,,,1.24,,1.24
1786386764.833,S1,reserve,0,prior,0.0,,,,1.658,,1.658
1786386764.833,S1,search,0,prior,0.0,,,50988.2,6.899,43.61,6.899
1786386764.833,S2,recommend,383,obs,0.9506,0.9596,2.214,95.7,0.975,2.214,2.214
1786386764.833,S2,reserve,193,obs,0.9506,1.3857,2.294,97.0,1.332,2.294,2.294
1786386764.833,S2,search,303,obs,0.9487,4.5791,7.011,102.0,4.287,7.011,7.011
1786386764.833,S3,recommend,292,obs,0.9394,0.5056,0.718,106.9,1.0,0.718,0.718
1786386764.833,S3,reserve,148,obs,0.9375,0.8916,1.395,119.5,1.348,1.395,1.395
1786386764.833,S3,search,202,obs,0.9375,3.1004,3.738,115.7,4.019,3.738,3.738
1786386765.833,S1,recommend,0,prior,0.0,,,,1.24,,1.24
1786386765.833,S1,reserve,0,prior,0.0,,,,1.658,,1.658
1786386765.833,S1,search,0,prior,0.0,,,51988.2,6.899,43.61,6.899
1786386765.833,S2,recommend,384,obs,0.9438,0.9772,2.036,104.5,0.975,2.036,2.036
1786386765.833,S2,reserve,197,obs,0.9506,1.4591,3.039,95.7,1.332,3.039,3.039
1786386765.833,S2,search,304,obs,0.9469,4.4723,6.822,100.8,4.287,6.822,6.822
1786386765.833,S3,recommend,292,obs,0.9456,0.5174,0.739,108.3,1.0,0.739,0.739
1786386765.833,S3,reserve,141,obs,0.9263,0.8903,1.395,125.7,1.348,1.395,1.395
1786386765.833,S3,search,203,obs,0.9412,3.0891,3.771,115.8,4.019,3.771,3.771
1786386766.834,S1,recommend,0,prior,0.0,,,,1.24,,1.24
1786386766.834,S1,reserve,0,prior,0.0,,,,1.658,,1.658
1786386766.834,S1,search,0,prior,0.0,,,52988.2,6.899,43.61,6.899
1786386766.834,S2,recommend,374,obs,0.9469,0.9975,2.05,97.0,0.975,2.05,2.05
1786386766.834,S2,reserve,206,obs,0.9487,1.4178,3.068,98.3,1.332,3.068,3.068
1786386766.834,S2,search,308,obs,0.9518,4.559,7.544,95.7,4.287,7.544,7.544
1786386766.834,S3,recommend,304,obs,0.9469,0.5128,0.805,104.5,1.0,0.805,0.805
1786386766.834,S3,reserve,131,obs,0.9206,0.8546,1.215,109.5,1.348,1.215,1.215
1786386766.834,S3,search,199,obs,0.9413,3.0927,3.768,110.7,4.019,3.768,3.768
1786386767.833,S1,recommend,0,prior,0.0,,,,1.24,,1.24
1786386767.833,S1,reserve,0,prior,0.0,,,,1.658,,1.658
1786386767.833,S1,search,0,prior,0.0,,,53988.2,6.899,43.61,6.899
1786386767.833,S2,recommend,380,obs,0.9525,0.9478,2.041,92.0,0.975,2.041,2.041
1786386767.833,S2,reserve,202,obs,0.9412,1.4185,2.671,108.3,1.332,2.671,2.671
1786386767.833,S2,search,309,obs,0.9494,4.6508,7.816,100.7,4.287,7.816,7.816
1786386767.833,S3,recommend,297,obs,0.9431,0.5137,0.795,107.0,1.0,0.795,0.795
1786386767.833,S3,reserve,134,obs,0.93,0.9311,1.111,104.5,1.348,1.111,1.111
1786386767.833,S3,search,200,obs,0.9462,3.1057,3.772,105.8,4.019,3.772,3.772
1786386768.833,S1,recommend,0,prior,0.0,,,,1.24,,1.24
1786386768.833,S1,reserve,0,prior,0.0,,,,1.658,,1.658
1786386768.833,S1,search,0,prior,0.0,,,54988.2,6.899,43.61,6.899
1786386768.833,S2,recommend,372,obs,0.9525,0.9406,1.988,94.5,0.975,1.988,1.988
1786386768.833,S2,reserve,196,obs,0.9394,1.3703,2.43,103.3,1.332,2.43,2.43
1786386768.833,S2,search,317,obs,0.9494,4.4158,7.007,95.8,4.287,7.007,7.007
1786386768.833,S3,recommend,302,obs,0.9444,0.5275,0.884,102.0,1.0,0.884,0.884
1786386768.833,S3,reserve,144,obs,0.9375,0.9115,1.111,121.9,1.348,1.111,1.111
1786386768.833,S3,search,191,obs,0.945,3.0852,3.613,108.3,4.019,3.613,3.613
1786386769.833,S1,recommend,0,prior,0.0,,,,1.24,,1.24
1786386769.833,S1,reserve,0,prior,0.0,,,,1.658,,1.658
1786386769.833,S1,search,0,prior,0.0,,,55988.2,6.899,43.61,6.899
1786386769.833,S2,recommend,364,obs,0.9412,1.1046,2.098,112.0,0.975,2.098,2.098
1786386769.833,S2,reserve,197,obs,0.9412,1.6324,3.135,98.2,1.332,3.135,3.135
1786386769.833,S2,search,321,obs,0.9506,4.4225,6.653,95.7,4.287,6.653,6.653
1786386769.833,S3,recommend,313,obs,0.9488,0.5165,0.85,100.8,1.0,0.85,0.85
1786386769.833,S3,reserve,143,obs,0.9394,0.8295,1.127,120.7,1.348,1.127,1.127
1786386769.833,S3,search,185,obs,0.945,3.0474,3.597,103.2,4.019,3.597,3.597
1786386770.833,S1,recommend,0,prior,0.0,,,,1.24,,1.24
1786386770.833,S1,reserve,0,prior,0.0,,,,1.658,,1.658
1786386770.833,S1,search,0,prior,0.0,,,56988.2,6.899,43.61,6.899
1786386770.833,S2,recommend,376,obs,0.9469,1.1327,2.187,91.9,0.975,2.187,2.187
1786386770.833,S2,reserve,194,obs,0.9487,1.703,3.49,100.8,1.332,3.49,3.49
1786386770.833,S2,search,319,obs,0.9469,4.6488,7.083,94.5,4.287,7.083,7.083
1786386770.833,S3,recommend,304,obs,0.9481,0.5106,0.883,103.3,1.0,0.883,0.883
1786386770.833,S3,reserve,143,obs,0.9375,0.8389,1.13,112.0,1.348,1.13,1.13
1786386770.833,S3,search,189,obs,0.9412,3.0807,3.629,113.3,4.019,3.629,3.629
1786386771.834,S1,recommend,0,prior,0.0,,,,1.24,,1.24
1786386771.834,S1,reserve,0,prior,0.0,,,,1.658,,1.658
1786386771.834,S1,search,0,prior,0.0,,,57988.2,6.899,43.61,6.899
1786386771.834,S2,recommend,373,obs,0.9562,1.0236,2.187,87.0,0.975,2.187,2.187
1786386771.834,S2,reserve,204,obs,0.9488,1.4014,2.919,95.7,1.332,2.919,2.919
1786386771.834,S2,search,319,obs,0.9469,4.6021,7.864,93.3,4.287,7.864,7.864
1786386771.834,S3,recommend,310,obs,0.9506,0.5207,0.957,97.0,1.0,0.957,0.957
1786386771.834,S3,reserve,133,obs,0.9319,0.8211,1.019,118.2,1.348,1.019,1.019
1786386771.834,S3,search,189,obs,0.9468,3.0907,3.694,103.3,4.019,3.694,3.694
1786386772.833,S1,recommend,0,prior,0.0,,,,1.24,,1.24
1786386772.833,S1,reserve,0,prior,0.0,,,,1.658,,1.658
1786386772.833,S1,search,0,prior,0.0,,,58988.2,6.899,43.61,6.899
1786386772.833,S2,recommend,371,obs,0.9563,0.9489,2.143,85.7,0.975,2.143,2.143
1786386772.833,S2,reserve,211,obs,0.9544,1.377,2.838,90.7,1.332,2.838,2.838
1786386772.833,S2,search,312,obs,0.9487,4.6439,8.395,98.3,4.287,8.395,8.395
1786386772.833,S3,recommend,308,obs,0.9481,0.514,0.863,97.0,1.0,0.863,0.863
1786386772.833,S3,reserve,129,obs,0.9412,0.8451,1.068,102.0,1.348,1.068,1.068
1786386772.833,S3,search,198,obs,0.94,3.0907,3.672,116.9,4.019,3.672,3.672
1786386773.834,S1,recommend,0,prior,0.0,,,,1.24,,1.24
1786386773.834,S1,reserve,0,prior,0.0,,,,1.658,,1.658
1786386773.834,S1,search,0,prior,0.0,,,59988.2,6.899,43.61,6.899
1786386773.834,S2,recommend,381,obs,0.9525,0.9333,2.057,88.3,0.975,2.057,2.057
1786386773.834,S2,reserve,203,obs,0.9525,1.3501,2.666,93.2,1.332,2.666,2.666
1786386773.834,S2,search,302,obs,0.9544,4.6818,8.402,90.7,4.287,8.402,8.402
1786386773.834,S3,recommend,297,obs,0.9506,0.5265,0.914,95.7,1.0,0.914,0.914
1786386773.834,S3,reserve,140,obs,0.945,0.8717,1.32,104.5,1.348,1.32,1.32
1786386773.834,S3,search,206,obs,0.9487,3.1154,3.893,98.3,4.019,3.893,3.893
1786386774.833,S1,recommend,0,prior,0.0,,,,1.24,,1.24
1786386774.833,S1,reserve,0,prior,0.0,,,,1.658,,1.658
1786386774.833,S1,search,0,prior,0.0,,,60988.2,6.899,43.61,6.899
1786386774.833,S2,recommend,389,obs,0.9562,0.9688,2.253,83.3,0.975,2.253,2.253
1786386774.833,S2,reserve,203,obs,0.9524,1.3686,2.701,88.3,1.332,2.701,2.701
1786386774.833,S2,search,299,obs,0.9488,4.6081,7.635,96.9,4.287,7.635,7.635
1786386774.833,S3,recommend,293,obs,0.9525,0.5247,0.804,94.5,1.0,0.804,0.804
1786386774.833,S3,reserve,136,obs,0.9487,0.8715,1.358,99.5,1.348,1.358,1.358
1786386774.833,S3,search,209,obs,0.9437,3.0787,3.569,110.8,4.019,3.569,3.569
1786386775.834,S1,recommend,0,prior,0.0,,,,1.24,,1.24
1786386775.834,S1,reserve,0,prior,0.0,,,,1.658,,1.658
1786386775.834,S1,search,0,prior,0.0,,,61988.2,6.899,43.61,6.899
1786386775.834,S2,recommend,403,obs,0.9569,0.9176,2.115,84.5,0.975,2.115,2.115
1786386775.834,S2,reserve,197,obs,0.9562,1.3838,2.76,83.3,1.332,2.76,2.76
1786386775.834,S2,search,301,obs,0.9531,4.4313,6.934,87.0,4.287,6.934,6.934
1786386775.834,S3,recommend,281,obs,0.9506,0.5033,0.705,93.3,1.0,0.705,0.705
1786386775.834,S3,reserve,142,obs,0.9487,0.8602,1.324,94.5,1.348,1.324,1.324
1786386775.834,S3,search,209,obs,0.9519,3.0723,3.668,95.7,4.019,3.668,3.668
1786386776.833,S1,recommend,0,prior,0.0,,,,1.24,,1.24
1786386776.833,S1,reserve,0,prior,0.0,,,,1.658,,1.658
1786386776.833,S1,search,0,prior,0.0,,,62988.2,6.899,43.61,6.899
1786386776.833,S2,recommend,389,obs,0.9562,0.9163,1.981,83.3,0.975,1.981,1.981
1786386776.833,S2,reserve,197,obs,0.9506,1.4289,2.76,89.5,1.332,2.76,2.76
1786386776.833,S2,search,320,obs,0.9563,4.3458,6.877,85.7,4.287,6.877,6.877
1786386776.833,S3,recommend,292,obs,0.9506,0.4998,0.759,95.7,1.0,0.759,0.759
1786386776.833,S3,reserve,141,obs,0.9468,0.8296,1.129,93.3,1.348,1.129,1.129
1786386776.833,S3,search,192,obs,0.9487,3.076,3.689,102.0,4.019,3.689,3.689
1786386777.833,S1,recommend,0,prior,0.0,,,,1.24,,1.24
1786386777.833,S1,reserve,0,prior,0.0,,,,1.658,,1.658
1786386777.833,S1,search,0,prior,0.0,,,63988.2,6.899,43.61,6.899
1786386777.833,S2,recommend,378,obs,0.9562,0.9523,2.021,83.3,0.975,2.021,2.021
1786386777.833,S2,reserve,208,obs,0.9562,1.4412,2.788,84.5,1.332,2.788,2.788
1786386777.833,S2,search,317,obs,0.9532,4.4623,7.255,92.0,4.287,7.255,7.255
1786386777.833,S3,recommend,300,obs,0.9543,0.5247,0.827,90.8,1.0,0.827,0.827
1786386777.833,S3,reserve,135,obs,0.9393,0.8844,1.226,107.0,1.348,1.226,1.226
1786386777.833,S3,search,194,obs,0.9444,3.1263,3.596,100.7,4.019,3.596,3.596
1786386778.834,S1,recommend,0,prior,0.0,,,,1.24,,1.24
1786386778.834,S1,reserve,0,prior,0.0,,,,1.658,,1.658
1786386778.834,S1,search,0,prior,0.0,,,64988.2,6.899,43.61,6.899
1786386778.834,S2,recommend,384,obs,0.9581,0.9619,2.045,78.3,0.975,2.045,2.045
1786386778.834,S2,reserve,208,obs,0.9581,1.3949,2.865,79.5,1.332,2.865,2.865
1786386778.834,S2,search,297,obs,0.9544,4.4771,7.314,88.3,4.287,7.314,7.314
1786386778.834,S3,recommend,298,obs,0.9544,0.5448,0.829,89.5,1.0,0.829,0.829
1786386778.834,S3,reserve,136,obs,0.9525,0.8772,1.151,94.5,1.348,1.151,1.151
1786386778.834,S3,search,211,obs,0.9487,3.1339,3.686,92.0,4.019,3.686,3.686
1786386779.833,S1,recommend,0,prior,0.0,,,,1.24,,1.24
1786386779.833,S1,reserve,0,prior,0.0,,,,1.658,,1.658
1786386779.833,S1,search,0,prior,0.0,,,65988.2,6.899,43.61,6.899
1786386779.833,S2,recommend,384,obs,0.9593,1.1425,2.562,80.8,0.975,2.562,2.562
1786386779.833,S2,reserve,214,obs,0.9563,1.4243,2.481,78.2,1.332,2.481,2.481
1786386779.833,S2,search,297,obs,0.9562,4.6082,6.734,83.3,4.287,6.734,6.734
1786386779.833,S3,recommend,301,obs,0.9487,0.5167,0.747,88.2,1.0,0.747,0.747
1786386779.833,S3,reserve,127,obs,0.9394,0.8395,1.067,119.5,1.348,1.067,1.067
1786386779.833,S3,search,213,obs,0.9425,3.0831,3.686,98.3,4.019,3.686,3.686
1786386780.833,S1,recommend,0,prior,0.0,,,,1.24,,1.24
1786386780.833,S1,reserve,0,prior,0.0,,,,1.658,,1.658
1786386780.833,S1,search,0,prior,0.0,,,66988.2,6.899,43.61,6.899
1786386780.833,S2,recommend,376,obs,0.9575,1.1531,2.922,83.3,0.975,2.922,2.922
1786386780.833,S2,reserve,219,obs,0.9562,1.4335,2.636,80.8,1.332,2.636,2.636
1786386780.833,S2,search,301,obs,0.9513,4.5985,6.817,88.3,4.287,6.817,6.817
1786386780.833,S3,recommend,309,obs,0.9512,0.5017,0.712,97.0,1.0,0.712,0.712
1786386780.833,S3,reserve,120,obs,0.945,0.8618,1.067,95.7,1.348,1.067,1.067
1786386780.833,S3,search,209,obs,0.9537,3.0848,3.685,89.5,4.019,3.685,3.685
1786386781.833,S1,recommend,0,prior,0.0,,,,1.24,,1.24
1786386781.833,S1,reserve,0,prior,0.0,,,,1.658,,1.658
1786386781.833,S1,search,0,prior,0.0,,,67988.2,6.899,43.61,6.899
1786386781.833,S2,recommend,366,obs,0.9607,1.0128,2.119,77.0,0.975,2.119,2.119
1786386781.833,S2,reserve,198,obs,0.9487,1.4407,2.63,90.8,1.332,2.63,2.63
1786386781.833,S2,search,331,obs,0.9587,4.4503,7.012,79.5,4.287,7.012,7.012
1786386781.833,S3,recommend,316,obs,0.9544,0.503,0.72,85.7,1.0,0.72,0.72
1786386781.833,S3,reserve,143,obs,0.9563,0.8545,1.299,87.0,1.348,1.299,1.299
1786386781.833,S3,search,181,obs,0.9469,3.1036,3.685,98.3,4.019,3.685,3.685
1786386782.834,S1,recommend,0,prior,0.0,,,,1.24,,1.24
1786386782.834,S1,reserve,0,prior,0.0,,,,1.658,,1.658
1786386782.834,S1,search,0,prior,0.0,,,68988.2,6.899,43.61,6.899
1786386782.834,S2,recommend,374,obs,0.96,0.9858,2.08,77.0,0.975,2.08,2.08
1786386782.834,S2,reserve,205,obs,0.9525,1.4058,2.474,89.5,1.332,2.474,2.474
1786386782.834,S2,search,318,obs,0.9544,4.4145,6.943,83.2,4.287,6.943,6.943
1786386782.834,S3,recommend,306,obs,0.9463,0.5056,0.771,95.8,1.0,0.771,0.771
1786386782.834,S3,reserve,140,obs,0.9563,0.878,1.299,85.7,1.348,1.299,1.299
1786386782.834,S3,search,191,obs,0.9506,3.0907,3.644,98.3,4.019,3.644,3.644
1786386783.834,S1,recommend,0,prior,0.0,,,,1.24,,1.24
1786386783.834,S1,reserve,0,prior,0.0,,,,1.658,,1.658
1786386783.834,S1,search,0,prior,0.0,,,69988.2,6.899,43.61,6.899
1786386783.834,S2,recommend,384,obs,0.9562,0.988,2.345,87.0,0.975,2.345,2.345
1786386783.834,S2,reserve,208,obs,0.96,1.355,2.913,77.0,1.332,2.913,2.913
1786386783.834,S2,search,302,obs,0.9581,4.5738,7.217,78.3,4.287,7.217,7.217
1786386783.834,S3,recommend,299,obs,0.9506,0.5098,0.781,90.8,1.0,0.781,0.781
1786386783.834,S3,reserve,135,obs,0.9506,0.874,1.164,88.3,1.348,1.164,1.164
1786386783.834,S3,search,208,obs,0.9506,3.0844,3.715,97.0,4.019,3.715,3.715
1786386784.834,S1,recommend,0,prior,0.0,,,,1.24,,1.24
1786386784.834,S1,reserve,0,prior,0.0,,,,1.658,,1.658
1786386784.834,S1,search,0,prior,0.0,,,70988.2,6.899,43.61,6.899
1786386784.834,S2,recommend,393,obs,0.9612,0.972,2.209,74.5,0.975,2.209,2.209
1786386784.834,S2,reserve,198,obs,0.96,1.3592,2.93,75.8,1.332,2.93,2.93
1786386784.834,S2,search,306,obs,0.9594,4.5697,7.251,80.7,4.287,7.251,7.251
1786386784.834,S3,recommend,292,obs,0.9563,0.5057,0.726,85.7,1.0,0.726,0.726
1786386784.834,S3,reserve,143,obs,0.9394,0.8622,1.144,94.5,1.348,1.144,1.144
1786386784.834,S3,search,206,obs,0.9532,3.0843,3.768,87.0,4.019,3.768,3.768
1786386785.833,S1,recommend,0,prior,0.0,,,,1.24,,1.24
1786386785.833,S1,reserve,0,prior,0.0,,,,1.658,,1.658
1786386785.833,S1,search,0,prior,0.0,,,71988.2,6.899,43.61,6.899
1786386785.833,S2,recommend,394,obs,0.96,0.9294,2.191,73.3,0.975,2.191,2.191
1786386785.833,S2,reserve,194,obs,0.9507,1.4307,2.885,89.5,1.332,2.885,2.885
1786386785.833,S2,search,314,obs,0.9563,4.4478,6.806,82.0,4.287,6.806,6.806
1786386785.833,S3,recommend,291,obs,0.9569,0.512,0.799,83.3,1.0,0.799,0.799
1786386785.833,S3,reserve,144,obs,0.9468,0.8522,1.253,93.3,1.348,1.253,1.253
1786386785.833,S3,search,201,obs,0.9562,3.0645,3.62,87.0,4.019,3.62,3.62
1786386786.833,S1,recommend,0,prior,0.0,,,,1.24,,1.24
1786386786.833,S1,reserve,0,prior,0.0,,,,1.658,,1.658
1786386786.833,S1,search,0,prior,0.0,,,72988.2,6.899,43.61,6.899
1786386786.833,S2,recommend,387,obs,0.96,0.9322,2.068,72.0,0.975,2.068,2.068
1786386786.833,S2,reserve,215,obs,0.9619,1.439,2.788,73.3,1.332,2.788,2.788
1786386786.833,S2,search,305,obs,0.9607,4.3151,6.56,77.0,4.287,6.56,6.56
1786386786.833,S3,recommend,294,obs,0.9581,0.5276,0.799,83.3,1.0,0.799,0.799
1786386786.833,S3,reserve,129,obs,0.9506,0.8444,1.084,84.5,1.348,1.084,1.084
1786386786.833,S3,search,210,obs,0.9544,3.0709,3.745,85.8,4.019,3.745,3.745
1786386787.833,S1,recommend,0,prior,0.0,,,,1.24,,1.24
1786386787.833,S1,reserve,0,prior,0.0,,,,1.658,,1.658
1786386787.833,S1,search,0,prior,0.0,,,73988.2,6.899,43.61,6.899
1786386787.833,S2,recommend,397,obs,0.9644,0.934,2.064,69.5,0.975,2.064,2.064
1786386787.833,S2,reserve,209,obs,0.9581,1.3278,2.252,79.5,1.332,2.252,2.252
1786386787.833,S2,search,301,obs,0.9568,4.438,6.804,75.8,4.287,6.804,6.804
1786386787.833,S3,recommend,288,obs,0.9525,0.5258,0.755,89.5,1.0,0.755,0.755
1786386787.833,S3,reserve,136,obs,0.9581,0.9024,1.132,83.3,1.348,1.132,1.132
1786386787.833,S3,search,210,obs,0.9562,3.0943,3.763,84.5,4.019,3.763,3.763
1786386788.833,S1,recommend,0,prior,0.0,,,,1.24,,1.24
1786386788.833,S1,reserve,0,prior,0.0,,,,1.658,,1.658
1786386788.833,S1,search,0,prior,0.0,,,74988.2,6.899,43.61,6.899
1786386788.833,S2,recommend,394,obs,0.9656,0.9421,2.064,68.3,0.975,2.064,2.064
1786386788.833,S2,reserve,194,obs,0.9619,1.3939,2.603,74.5,1.332,2.603,2.603
1786386788.833,S2,search,318,obs,0.9581,4.4812,6.996,72.0,4.287,6.996,6.996
1786386788.833,S3,recommend,293,obs,0.9512,0.5195,0.822,87.0,1.0,0.822,0.822
1786386788.833,S3,reserve,148,obs,0.9562,0.8929,1.193,78.3,1.348,1.193,1.193
1786386788.833,S3,search,194,obs,0.9487,3.0816,3.593,98.3,4.019,3.593,3.593
1786386789.833,S1,recommend,0,prior,0.0,,,,1.24,,1.24
1786386789.833,S1,reserve,0,prior,0.0,,,,1.658,,1.658
1786386789.833,S1,search,0,prior,0.0,,,75988.2,6.899,43.61,6.899
1786386789.833,S2,recommend,396,obs,0.9581,0.97,2.158,79.6,0.975,2.158,2.158
1786386789.833,S2,reserve,194,obs,0.9581,1.5258,2.84,73.2,1.332,2.84,2.84
1786386789.833,S2,search,303,obs,0.9631,4.583,6.99,70.8,4.287,6.99,6.99
1786386789.833,S3,recommend,291,obs,0.9588,0.5152,0.822,82.0,1.0,0.822,0.822
1786386789.833,S3,reserve,147,obs,0.9581,0.8541,1.143,77.0,1.348,1.143,1.143
1786386789.833,S3,search,211,obs,0.9513,3.0935,3.749,88.3,4.019,3.749,3.749
1786386790.834,S1,recommend,0,prior,0.0,,,,1.24,,1.24
1786386790.834,S1,reserve,0,prior,0.0,,,,1.658,,1.658
1786386790.834,S1,search,0,prior,0.0,,,76988.2,6.899,43.61,6.899
1786386790.834,S2,recommend,381,obs,0.9656,0.9901,2.159,67.0,0.975,2.159,2.159
1786386790.834,S2,reserve,199,obs,0.9544,1.5129,2.78,75.8,1.332,2.78,2.78
1786386790.834,S2,search,305,obs,0.9637,4.6771,7.328,69.5,4.287,7.328,7.328
1786386790.834,S3,recommend,304,obs,0.9569,0.4918,0.713,80.7,1.0,0.713,0.713
1786386790.834,S3,reserve,143,obs,0.9356,0.8749,1.265,128.3,1.348,1.265,1.265
1786386790.834,S3,search,211,obs,0.9581,3.1012,3.724,79.5,4.019,3.724,3.724
1786386791.834,S1,recommend,0,prior,0.0,,,,1.24,,1.24
1786386791.834,S1,reserve,0,prior,0.0,,,,1.658,,1.658
1786386791.834,S1,search,0,prior,0.0,,,77988.2,6.899,43.61,6.899
1786386791.834,S2,recommend,374,obs,0.9618,0.9409,2.046,69.5,0.975,2.046,2.046
1786386791.834,S2,reserve,202,obs,0.9544,1.374,2.418,85.8,1.332,2.418,2.418
1786386791.834,S2,search,320,obs,0.9606,4.4469,7.128,74.5,4.287,7.128,7.128
1786386791.834,S3,recommend,310,obs,0.9506,0.4886,0.715,95.8,1.0,0.715,0.715
1786386791.834,S3,reserve,144,obs,0.9581,0.8649,1.265,82.0,1.348,1.265,1.265
1786386791.834,S3,search,193,obs,0.95,3.0984,3.648,87.0,4.019,3.648,3.648
1786386792.834,S1,recommend,0,prior,0.0,,,,1.24,,1.24
1786386792.834,S1,reserve,0,prior,0.0,,,,1.658,,1.658
1786386792.834,S1,search,0,prior,0.0,,,78988.2,6.899,43.61,6.899
1786386792.834,S2,recommend,386,obs,0.9675,0.921,1.837,64.5,0.975,1.837,1.837
1786386792.834,S2,reserve,204,obs,0.9581,1.3768,2.639,77.0,1.332,2.639,2.639
1786386792.834,S2,search,312,obs,0.9644,4.5651,7.547,69.5,4.287,7.547,7.547
1786386792.834,S3,recommend,304,obs,0.9562,0.4979,0.75,83.3,1.0,0.75,0.75
1786386792.834,S3,reserve,139,obs,0.9581,0.8612,1.127,80.8,1.348,1.127,1.127
1786386792.834,S3,search,200,obs,0.9544,3.0913,3.748,82.0,4.019,3.748,3.748
1786386793.834,S1,recommend,0,prior,0.0,,,,1.24,,1.24
1786386793.834,S1,reserve,0,prior,0.0,,,,1.658,,1.658
1786386793.834,S1,search,0,prior,0.0,,,79987.9,6.899,43.61,6.899
1786386793.834,S2,recommend,394,obs,0.9681,0.9179,1.832,61.7,0.975,1.832,1.832
1786386793.834,S2,reserve,203,obs,0.9619,1.3384,2.657,71.7,1.332,2.657,2.657
1786386793.834,S2,search,306,obs,0.965,4.5358,7.398,68.0,4.287,7.398,7.398
1786386793.834,S3,recommend,297,obs,0.9612,0.4929,0.694,74.3,1.0,0.694,0.694
1786386793.834,S3,reserve,139,obs,0.9394,0.8537,1.1,109.2,1.348,1.1,1.1
1786386793.834,S3,search,209,obs,0.9525,3.0822,3.756,80.5,4.019,3.756,3.756
1786386794.833,S1,recommend,0,prior,0.0,,,,1.24,,1.24
1786386794.833,S1,reserve,0,prior,0.0,,,,1.658,,1.658
1786386794.833,S1,search,0,prior,0.0,,,80988.2,6.899,43.61,6.899
1786386794.833,S2,recommend,388,obs,0.9663,0.9535,2.203,60.8,0.975,2.203,2.203
1786386794.833,S2,reserve,197,obs,0.9581,1.4424,2.852,70.8,1.332,2.852,2.852
1786386794.833,S2,search,311,obs,0.9675,4.587,7.806,64.5,4.287,7.806,7.806
1786386794.833,S3,recommend,300,obs,0.9619,0.4974,0.749,73.3,1.0,0.749,0.749
1786386794.833,S3,reserve,144,obs,0.9581,0.8545,1.103,74.5,1.348,1.103,1.103
1786386794.833,S3,search,207,obs,0.9487,3.1038,3.746,90.8,4.019,3.746,3.746
1786386795.834,S1,recommend,0,prior,0.0,,,,1.24,,1.24
1786386795.834,S1,reserve,0,prior,0.0,,,,1.658,,1.658
1786386795.834,S1,search,0,prior,0.0,,,81988.2,6.899,43.61,6.899
1786386795.834,S2,recommend,373,obs,0.9693,0.9438,2.184,60.8,0.975,2.184,2.184
1786386795.834,S2,reserve,218,obs,0.9655,1.4105,2.506,65.8,1.332,2.506,2.506
1786386795.834,S2,search,305,obs,0.9638,4.5559,7.596,70.8,4.287,7.596,7.596
1786386795.834,S3,recommend,312,obs,0.9619,0.5205,0.85,72.0,1.0,0.85,0.85
1786386795.834,S3,reserve,128,obs,0.9562,0.9033,1.433,73.3,1.348,1.433,1.433
1786386795.834,S3,search,212,obs,0.9393,3.125,3.843,93.3,4.019,3.843,3.843
1786386796.834,S1,recommend,0,prior,0.0,,,,1.24,,1.24
1786386796.834,S1,reserve,0,prior,0.0,,,,1.658,,1.658
1786386796.834,S1,search,0,prior,0.0,,,82988.2,6.899,43.61,6.899
1786386796.834,S2,recommend,397,obs,0.9675,0.9234,1.975,59.5,0.975,1.975,1.975
1786386796.834,S2,reserve,206,obs,0.9694,1.346,2.363,60.7,1.332,2.363,2.363
1786386796.834,S2,search,302,obs,0.9656,4.4625,7.02,65.8,4.287,7.02,7.02
1786386796.834,S3,recommend,292,obs,0.9644,0.516,0.836,69.5,1.0,0.836,0.836
1786386796.834,S3,reserve,142,obs,0.9581,0.8834,1.38,79.5,1.348,1.38,1.38
1786386796.834,S3,search,212,obs,0.9568,3.0891,3.844,75.8,4.019,3.844,3.844
1786386797.834,S1,recommend,0,prior,0.0,,,,1.24,,1.24
1786386797.834,S1,reserve,0,prior,0.0,,,,1.658,,1.658
1786386797.834,S1,search,0,prior,0.0,,,83988.2,6.899,43.61,6.899
1786386797.834,S2,recommend,401,obs,0.9694,0.9573,2.147,58.3,0.975,2.147,2.147
1786386797.834,S2,reserve,191,obs,0.9656,1.4001,2.483,63.3,1.332,2.483,2.483
1786386797.834,S2,search,322,obs,0.9675,4.5009,7.018,60.8,4.287,7.018,7.018
1786386797.834,S3,recommend,290,obs,0.9613,0.5617,0.846,77.0,1.0,0.846,0.846
1786386797.834,S3,reserve,152,obs,0.96,0.8621,1.181,78.2,1.348,1.181,1.181
1786386797.834,S3,search,195,obs,0.9606,3.1245,3.687,70.8,4.019,3.687,3.687
1786386798.833,S1,recommend,0,prior,0.0,,,,1.24,,1.24
1786386798.833,S1,reserve,0,prior,0.0,,,,1.658,,1.658
1786386798.833,S1,search,0,prior,0.0,,,84988.2,6.899,43.61,6.899
1786386798.833,S2,recommend,390,obs,0.9662,0.9895,2.219,59.5,0.975,2.219,2.219
1786386798.833,S2,reserve,196,obs,0.9675,1.3939,2.695,58.3,1.332,2.695,2.695
1786386798.833,S2,search,318,obs,0.9675,4.5171,6.876,62.0,4.287,6.876,6.876
1786386798.833,S3,recommend,303,obs,0.9656,0.5633,0.824,68.3,1.0,0.824,0.824
1786386798.833,S3,reserve,147,obs,0.9581,0.8568,1.074,73.3,1.348,1.074,1.074
1786386798.833,S3,search,197,obs,0.9581,3.1474,3.794,70.8,4.019,3.794,3.794
1786386799.834,S1,recommend,0,prior,0.0,,,,1.24,,1.24
1786386799.834,S1,reserve,0,prior,0.0,,,,1.658,,1.658
1786386799.834,S1,search,0,prior,0.0,,,85988.2,6.899,43.61,6.899
1786386799.834,S2,recommend,407,obs,0.97,1.0751,2.139,54.5,0.975,2.139,2.139
1786386799.834,S2,reserve,193,obs,0.9619,1.4155,2.695,64.5,1.332,2.695,2.695
1786386799.834,S2,search,300,obs,0.9675,4.5396,6.641,60.8,4.287,6.641,6.641
1786386799.834,S3,recommend,283,obs,0.9637,0.5072,0.756,70.8,1.0,0.756,0.756
1786386799.834,S3,reserve,152,obs,0.9656,0.8484,1.061,68.3,1.348,1.061,1.061
1786386799.834,S3,search,220,obs,0.9631,3.1237,3.83,69.5,4.019,3.83,3.83
1786386800.833,S1,recommend,0,prior,0.0,,,,1.24,,1.24
1786386800.833,S1,reserve,0,prior,0.0,,,,1.658,,1.658
1786386800.833,S1,search,0,prior,0.0,,,86988.2,6.899,43.61,6.899
1786386800.833,S2,recommend,398,obs,0.9675,1.0129,1.873,58.3,0.975,1.873,1.873
1786386800.833,S2,reserve,200,obs,0.9619,1.4486,2.804,59.5,1.332,2.804,2.804
1786386800.833,S2,search,299,obs,0.9694,4.5776,6.766,57.1,4.287,6.766,6.766
1786386800.833,S3,recommend,289,obs,0.9656,0.5069,0.756,65.8,1.0,0.756,0.756
1786386800.833,S3,reserve,150,obs,0.9582,0.8611,1.151,82.0,1.348,1.151,1.151
1786386800.833,S3,search,216,obs,0.9625,3.1251,3.683,74.5,4.019,3.683,3.683
1786386801.834,S1,recommend,0,prior,0.0,,,,1.24,,1.24
1786386801.834,S1,reserve,0,prior,0.0,,,,1.658,,1.658
1786386801.834,S1,search,0,prior,0.0,,,87988.2,6.899,43.61,6.899
1786386801.834,S2,recommend,390,obs,0.9675,0.9307,1.932,64.5,0.975,1.932,1.932
1786386801.834,S2,reserve,202,obs,0.9675,1.4525,2.804,62.0,1.332,2.804,2.804
1786386801.834,S2,search,306,obs,0.9657,4.6042,7.466,55.7,4.287,7.466,7.466
1786386801.834,S3,recommend,301,obs,0.9619,0.512,0.839,68.2,1.0,0.839,0.839
1786386801.834,S3,reserve,143,obs,0.9563,0.8462,1.13,80.7,1.348,1.13,1.13
1786386801.834,S3,search,211,obs,0.9644,3.1221,3.872,69.6,4.019,3.872,3.872
1786386802.834,S1,recommend,0,prior,0.0,,,,1.24,,1.24
1786386802.834,S1,reserve,0,prior,0.0,,,,1.658,,1.658
1786386802.834,S1,search,0,prior,0.0,,,88988.2,6.899,43.61,6.899
1786386802.834,S2,recommend,415,obs,0.9731,0.9594,2.072,52.0,0.975,2.072,2.072
1786386802.834,S2,reserve,193,obs,0.9675,1.3778,2.704,60.8,1.332,2.704,2.704
1786386802.834,S2,search,306,obs,0.9725,4.5314,6.892,54.5,4.287,6.892,6.892
1786386802.834,S3,recommend,279,obs,0.9625,0.5111,0.717,65.8,1.0,0.717,0.717
1786386802.834,S3,reserve,150,obs,0.9562,0.8577,1.151,75.8,1.348,1.151,1.151
1786386802.834,S3,search,213,obs,0.9588,3.0934,3.772,64.5,4.019,3.772,3.772
1786386803.834,S1,recommend,0,prior,0.0,,,,1.24,,1.24
1786386803.834,S1,reserve,0,prior,0.0,,,,1.658,,1.658
1786386803.834,S1,search,0,prior,0.0,,,89988.2,6.899,43.61,6.899
1786386803.834,S2,recommend,403,obs,0.9675,0.9479,2.023,57.1,0.975,2.023,2.023
1786386803.834,S2,reserve,208,obs,0.9694,1.3647,2.704,52.0,1.332,2.704,2.704
1786386803.834,S2,search,300,obs,0.9694,4.4162,7.048,59.6,4.287,7.048,7.048
1786386803.834,S3,recommend,289,obs,0.9656,0.5094,0.72,65.8,1.0,0.72,0.72
1786386803.834,S3,reserve,136,obs,0.9581,0.861,1.122,67.1,1.348,1.122,1.122
1786386803.834,S3,search,221,obs,0.9656,3.0619,3.679,68.3,4.019,3.679,3.679
1786386804.833,S1,recommend,0,prior,0.0,,,,1.24,,1.24
1786386804.833,S1,reserve,0,prior,0.0,,,,1.658,,1.658
1786386804.833,S1,search,0,prior,0.0,,,90987.9,6.899,43.61,6.899
1786386804.833,S2,recommend,382,obs,0.9719,0.959,2.101,51.7,0.975,2.101,2.101
1786386804.833,S2,reserve,223,obs,0.9675,1.4219,2.734,61.7,1.332,2.734,2.734
1786386804.833,S2,search,304,obs,0.9719,4.5208,7.412,54.3,4.287,7.412,7.412
1786386804.833,S3,recommend,308,obs,0.9693,0.5193,0.866,60.6,1.0,0.866,0.866
1786386804.833,S3,reserve,124,obs,0.9543,0.877,1.241,73.1,1.348,1.241,1.241
1786386804.833,S3,search,217,obs,0.9631,3.0659,3.726,63.0,4.019,3.726,3.726
1786386805.834,S1,recommend,0,prior,0.0,,,,1.24,,1.24
1786386805.834,S1,reserve,0,prior,0.0,,,,1.658,,1.658
1786386805.834,S1,search,0,prior,0.0,,,91988.2,6.899,43.61,6.899
1786386805.834,S2,recommend,387,obs,0.9732,0.963,2.134,52.0,0.975,2.134,2.134
1786386805.834,S2,reserve,213,obs,0.9694,1.4445,3.065,57.0,1.332,3.065,3.065
1786386805.834,S2,search,304,obs,0.9656,4.5832,7.851,58.3,4.287,7.851,7.851
1786386805.834,S3,recommend,305,obs,0.9637,0.5339,0.866,63.3,1.0,0.866,0.866
1786386805.834,S3,reserve,136,obs,0.9694,0.9119,1.393,60.8,1.348,1.393,1.393
1786386805.834,S3,search,212,obs,0.9656,3.1292,3.941,65.9,4.019,3.941,3.941
1786386806.834,S1,recommend,0,prior,0.0,,,,1.24,,1.24
1786386806.834,S1,reserve,0,prior,0.0,,,,1.658,,1.658
1786386806.834,S1,search,0,prior,0.0,,,92988.2,6.899,43.61,6.899
1786386806.834,S2,recommend,383,obs,0.9737,0.9641,2.185,49.6,0.975,2.185,2.185
1786386806.834,S2,reserve,192,obs,0.975,1.3729,2.816,48.3,1.332,2.816,2.816
1786386806.834,S2,search,320,obs,0.9694,4.6338,7.704,57.0,4.287,7.704,7.704
1786386806.834,S3,recommend,312,obs,0.9706,0.5346,0.867,58.3,1.0,0.867,0.867
1786386806.834,S3,reserve,154,obs,0.9431,0.8884,1.338,74.6,1.348,1.338,1.338
1786386806.834,S3,search,198,obs,0.9606,3.1403,4.036,70.8,4.019,4.036,4.036
1786386807.834,S1,recommend,0,prior,0.0,,,,1.24,,1.24
1786386807.834,S1,reserve,0,prior,0.0,,,,1.658,,1.658
1786386807.834,S1,search,0,prior,0.0,,,93988.2,6.899,43.61,6.899
1786386807.834,S2,recommend,389,obs,0.9769,0.9077,1.978,44.5,0.975,1.978,1.978
1786386807.834,S2,reserve,192,obs,0.9694,1.3515,2.589,54.5,1.332,2.589,2.589
1786386807.834,S2,search,321,obs,0.9693,4.474,6.808,52.1,4.287,6.808,6.808
1786386807.834,S3,recommend,309,obs,0.97,0.5636,0.923,59.5,1.0,0.923,0.923
1786386807.834,S3,reserve,152,obs,0.9656,0.8673,1.286,58.3,1.348,1.286,1.286
1786386807.834,S3,search,197,obs,0.9656,3.1201,3.6,65.9,4.019,3.6,3.6
1786386808.834,S1,recommend,0,prior,0.0,,,,1.24,,1.24
1786386808.834,S1,reserve,0,prior,0.0,,,,1.658,,1.658
1786386808.834,S1,search,0,prior,0.0,,,94988.2,6.899,43.61,6.899
1786386808.834,S2,recommend,389,obs,0.9769,0.9384,1.986,44.6,0.975,1.986,1.986
1786386808.834,S2,reserve,203,obs,0.9675,1.3901,2.553,49.6,1.332,2.553,2.553
1786386808.834,S2,search,316,obs,0.9656,4.6891,8.202,50.8,4.287,8.202,8.202
1786386808.834,S3,recommend,303,obs,0.9694,0.554,0.828,55.7,1.0,0.828,0.828
1786386808.834,S3,reserve,143,obs,0.9675,0.8413,1.236,64.5,1.348,1.236,1.236
1786386808.834,S3,search,206,obs,0.9637,3.1267,3.748,69.6,4.019,3.748,3.748
1786386809.834,S1,recommend,0,prior,0.0,,,,1.24,,1.24
1786386809.834,S1,reserve,0,prior,0.0,,,,1.658,,1.658
1786386809.834,S1,search,0,prior,0.0,,,95988.2,6.899,43.61,6.899
1786386809.834,S2,recommend,392,obs,0.9769,0.9896,2.011,43.3,0.975,2.011,2.011
1786386809.834,S2,reserve,211,obs,0.9731,1.6297,3.302,48.3,1.332,3.302,3.302
1786386809.834,S2,search,313,obs,0.9738,5.0249,9.135,52.0,4.287,9.135,9.135
1786386809.834,S3,recommend,299,obs,0.9556,0.5019,0.763,73.3,1.0,0.763,0.763
1786386809.834,S3,reserve,140,obs,0.9694,0.8341,1.051,59.6,1.348,1.051,1.051
1786386809.834,S3,search,206,obs,0.97,3.122,3.837,55.8,4.019,3.837,3.837
1786386810.834,S1,recommend,0,prior,0.0,,,,1.24,,1.24
1786386810.834,S1,reserve,0,prior,0.0,,,,1.658,,1.658
1786386810.834,S1,search,0,prior,0.0,,,96988.2,6.899,43.61,6.899
1786386810.834,S2,recommend,415,obs,0.9769,0.9708,2.01,42.1,0.975,2.01,2.01
1786386810.834,S2,reserve,200,obs,0.975,1.5847,2.836,47.1,1.332,2.836,2.836
1786386810.834,S2,search,296,obs,0.9694,4.8795,9.135,55.8,4.287,9.135,9.135
1786386810.834,S3,recommend,280,obs,0.9675,0.5155,0.789,64.6,1.0,0.789,0.789
1786386810.834,S3,reserve,149,obs,0.9675,0.8505,1.164,58.3,1.348,1.164,1.164
1786386810.834,S3,search,221,obs,0.9644,3.0755,3.756,69.5,4.019,3.756,3.756
1786386811.834,S1,recommend,0,prior,0.0,,,,1.24,,1.24
1786386811.834,S1,reserve,0,prior,0.0,,,,1.658,,1.658
1786386811.834,S1,search,0,prior,0.0,,,97988.2,6.899,43.61,6.899
1786386811.834,S2,recommend,409,obs,0.9769,0.9652,2.213,44.6,0.975,2.213,2.213
1786386811.834,S2,reserve,197,obs,0.9731,1.3869,2.587,45.7,1.332,2.587,2.587
1786386811.834,S2,search,305,obs,0.97,4.4927,7.466,53.3,4.287,7.466,7.466
1786386811.834,S3,recommend,288,obs,0.9688,0.5248,0.832,59.5,1.0,0.832,0.832
1786386811.834,S3,reserve,148,obs,0.9694,0.8576,1.136,57.1,1.348,1.136,1.136
1786386811.834,S3,search,215,obs,0.9656,3.0585,3.566,68.3,4.019,3.566,3.566
1786386812.833,S1,recommend,0,prior,0.0,,,,1.24,,1.24
1786386812.833,S1,reserve,0,prior,0.0,,,,1.658,,1.658
1786386812.833,S1,search,0,prior,0.0,,,98988.2,6.899,43.61,6.899
1786386812.833,S2,recommend,396,obs,0.975,0.9781,2.314,45.8,0.975,2.314,2.314
1786386812.833,S2,reserve,201,obs,0.9693,1.4453,2.829,40.9,1.332,2.829,2.829
1786386812.833,S2,search,316,obs,0.9756,4.3723,6.7,48.3,4.287,6.7,6.7
1786386812.833,S3,recommend,299,obs,0.97,0.5191,0.859,57.1,1.0,0.859,0.859
1786386812.833,S3,reserve,144,obs,0.9675,0.8472,1.136,55.7,1.348,1.136,1.136
1786386812.833,S3,search,208,obs,0.9725,3.0618,3.57,53.4,4.019,3.57,3.57
1786386813.834,S1,recommend,0,prior,0.0,,,,1.24,,1.24
1786386813.834,S1,reserve,0,prior,0.0,,,,1.658,,1.658
1786386813.834,S1,search,0,prior,0.0,,,99988.2,6.899,43.61,6.899
1786386813.834,S2,recommend,372,obs,0.975,0.9714,2.088,42.1,0.975,2.088,2.088
1786386813.834,S2,reserve,212,obs,0.9656,1.3829,2.46,47.1,1.332,2.46,2.46
1786386813.834,S2,search,325,obs,0.975,4.3799,7.13,44.6,4.287,7.13,7.13
1786386813.834,S3,recommend,321,obs,0.9738,0.4943,0.723,52.1,1.0,0.723,0.723
1786386813.834,S3,reserve,137,obs,0.9731,0.8499,1.206,50.7,1.348,1.206,1.206
1786386813.834,S3,search,198,obs,0.9638,3.0845,3.602,70.8,4.019,3.602,3.602
1786386814.834,S1,recommend,0,prior,0.0,,,,1.24,,1.24
1786386814.834,S1,reserve,0,prior,0.0,,,,1.658,,1.658
1786386814.834,S1,search,0,prior,0.0,,,100988.2,6.899,43.61,6.899
1786386814.834,S2,recommend,372,obs,0.9731,0.9878,2.266,44.6,0.975,2.266,2.266
1786386814.834,S2,reserve,220,obs,0.9769,1.4328,3.022,45.7,1.332,3.022,3.022
1786386814.834,S2,search,318,obs,0.975,4.4406,7.525,47.1,4.287,7.525,7.525
1786386814.834,S3,recommend,322,obs,0.9732,0.4993,0.712,52.0,1.0,0.712,0.712
1786386814.834,S3,reserve,132,obs,0.9694,0.8829,1.354,57.1,1.348,1.354,1.354
1786386814.834,S3,search,201,obs,0.9656,3.1077,3.722,62.1,4.019,3.722,3.722
1786386815.834,S1,recommend,0,prior,0.0,,,,1.24,,1.24
1786386815.834,S1,reserve,0,prior,0.0,,,,1.658,,1.658
1786386815.834,S1,search,0,prior,0.0,,,101988.2,6.899,43.61,6.899
1786386815.834,S2,recommend,382,obs,0.975,0.955,2.087,47.0,0.975,2.087,2.087
1786386815.834,S2,reserve,233,obs,0.9806,1.4031,3.022,37.1,1.332,3.022,3.022
1786386815.834,S2,search,301,obs,0.9768,4.4094,7.059,42.1,4.287,7.059,7.059
1786386815.834,S3,recommend,316,obs,0.975,0.5155,0.81,49.6,1.0,0.81,0.81
1786386815.834,S3,reserve,117,obs,0.9712,0.8969,1.309,52.1,1.348,1.309,1.309
1786386815.834,S3,search,218,obs,0.9656,3.0795,3.676,60.9,4.019,3.676,3.676
1786386816.833,S1,recommend,0,prior,0.0,,,,1.24,,1.24
1786386816.833,S1,reserve,0,prior,0.0,,,,1.658,,1.658
1786386816.833,S1,search,0,prior,0.0,,,102988.2,6.899,43.61,6.899
1786386816.833,S2,recommend,383,obs,0.9769,0.921,2.029,42.1,0.975,2.029,2.029
1786386816.833,S2,reserve,219,obs,0.9619,1.3428,2.693,69.6,1.332,2.693,2.693
1786386816.833,S2,search,309,obs,0.975,4.3965,6.854,47.1,4.287,6.854,6.854
1786386816.833,S3,recommend,318,obs,0.975,0.5181,0.827,49.6,1.0,0.827,0.827
1786386816.833,S3,reserve,125,obs,0.9637,0.8719,1.122,54.6,1.348,1.122,1.122
1786386816.833,S3,search,212,obs,0.9656,3.0654,3.628,52.1,4.019,3.628,3.628
1786386817.834,S1,recommend,0,prior,0.0,,,,1.24,,1.24
1786386817.834,S1,reserve,0,prior,0.0,,,,1.658,,1.658
1786386817.834,S1,search,0,prior,0.0,,,103988.2,6.899,43.61,6.899
1786386817.834,S2,recommend,394,obs,0.9807,0.945,2.083,37.1,0.975,2.083,2.083
1786386817.834,S2,reserve,206,obs,0.9806,1.3189,2.378,38.4,1.332,2.378,2.378
1786386817.834,S2,search,315,obs,0.9675,4.4867,7.237,57.0,4.287,7.237,7.237
1786386817.834,S3,recommend,304,obs,0.9675,0.5418,0.819,59.5,1.0,0.819,0.819
1786386817.834,S3,reserve,142,obs,0.9637,0.8986,1.072,49.6,1.348,1.072,1.072
1786386817.834,S3,search,208,obs,0.975,3.1319,3.769,47.0,4.019,3.769,3.769
1786386818.834,S1,recommend,0,prior,0.0,,,,1.24,,1.24
1786386818.834,S1,reserve,0,prior,0.0,,,,1.658,,1.658
1786386818.834,S1,search,0,prior,0.0,,,104988.2,6.899,43.61,6.899
1786386818.834,S2,recommend,407,obs,0.9743,0.9337,2.163,35.9,0.975,2.163,2.163
1786386818.834,S2,reserve,209,obs,0.9768,1.3398,2.52,44.6,1.332,2.52,2.52
1786386818.834,S2,search,303,obs,0.9793,4.5496,8.344,40.9,4.287,8.344,8.344
1786386818.834,S3,recommend,288,obs,0.975,0.5294,0.773,47.1,1.0,0.773,0.773
1786386818.834,S3,reserve,143,obs,0.9656,0.9068,1.135,48.3,1.348,1.135,1.135
1786386818.834,S3,search,220,obs,0.9694,3.1274,3.713,57.0,4.019,3.713,3.713
1786386819.834,S1,recommend,0,prior,0.0,,,,1.24,,1.24
1786386819.834,S1,reserve,0,prior,0.0,,,,1.658,,1.658
1786386819.834,S1,search,0,prior,0.0,,,105988.2,6.899,43.61,6.899
1786386819.834,S2,recommend,395,obs,0.9731,1.1211,2.265,42.1,0.975,2.265,2.265
1786386819.834,S2,reserve,206,obs,0.9787,1.5414,3.232,39.6,1.332,3.232,3.232
1786386819.834,S2,search,308,obs,0.9806,4.741,7.642,37.1,4.287,7.642,7.642
1786386819.834,S3,recommend,302,obs,0.9769,0.5088,0.767,45.7,1.0,0.767,0.767
1786386819.834,S3,reserve,145,obs,0.975,0.8656,1.19,43.4,1.348,1.19,1.19
1786386819.834,S3,search,214,obs,0.9713,3.0627,3.666,48.3,4.019,3.666,3.666
1786386820.834,S1,recommend,0,prior,0.0,,,,1.24,,1.24
1786386820.834,S1,reserve,0,prior,0.0,,,,1.658,,1.658
1786386820.834,S1,search,0,prior,0.0,,,106988.2,6.899,43.61,6.899
1786386820.834,S2,recommend,397,obs,0.9787,1.164,2.58,40.9,0.975,2.58,2.58
1786386820.834,S2,reserve,202,obs,0.9768,1.5441,3.195,38.4,1.332,3.195,3.195
1786386820.834,S2,search,312,obs,0.9769,4.7677,7.381,35.8,4.287,7.381,7.381
1786386820.834,S3,recommend,303,obs,0.9732,0.5097,0.749,44.5,1.0,0.749,0.749
1786386820.834,S3,reserve,145,obs,0.9694,0.8551,1.104,57.0,1.348,1.104,1.104
1786386820.834,S3,search,211,obs,0.975,3.0717,3.661,49.6,4.019,3.661,3.661
1786386821.834,S1,recommend,0,prior,0.0,,,,1.24,,1.24
1786386821.834,S1,reserve,0,prior,0.0,,,,1.658,,1.658
1786386821.834,S1,search,0,prior,0.0,,,107988.2,6.899,43.61,6.899
1786386821.834,S2,recommend,400,obs,0.9806,0.9592,2.32,35.9,0.975,2.32,2.32
1786386821.834,S2,reserve,205,obs,0.9787,1.3626,2.644,29.6,1.332,2.644,2.644
1786386821.834,S2,search,314,obs,0.9719,4.4301,6.872,44.6,4.287,6.872,6.872
1786386821.834,S3,recommend,300,obs,0.9731,0.5119,0.753,45.8,1.0,0.753,0.753
1786386821.834,S3,reserve,142,obs,0.975,0.8269,1.022,40.8,1.348,1.022,1.022
1786386821.834,S3,search,211,obs,0.9699,3.0853,3.672,59.6,4.019,3.672,3.672
1786386822.834,S1,recommend,0,prior,0.0,,,,1.24,,1.24
1786386822.834,S1,reserve,0,prior,0.0,,,,1.658,,1.658
1786386822.834,S1,search,0,prior,0.0,,,108988.2,6.899,43.61,6.899
1786386822.834,S2,recommend,399,obs,0.9825,0.9698,2.183,34.5,0.975,2.183,2.183
1786386822.834,S2,reserve,200,obs,0.9712,1.3737,2.852,32.0,1.332,2.852,2.852
1786386822.834,S2,search,328,obs,0.9825,4.4089,7.279,33.3,4.287,7.279,7.279
1786386822.834,S3,recommend,298,obs,0.9725,0.515,0.775,45.8,1.0,0.775,0.775
1786386822.834,S3,reserve,150,obs,0.975,0.8116,1.032,47.1,1.348,1.032,1.032
1786386822.834,S3,search,198,obs,0.975,3.109,3.725,44.6,4.019,3.725,3.725
1786386823.833,S1,recommend,0,prior,0.0,,,,1.24,,1.24
1786386823.833,S1,reserve,0,prior,0.0,,,,1.658,,1.658
1786386823.833,S1,search,0,prior,0.0,,,109987.4,6.899,43.61,6.899
1786386823.833,S2,recommend,401,obs,0.9832,0.9568,2.077,31.3,0.975,2.077,2.077
1786386823.833,S2,reserve,203,obs,0.9769,1.3704,2.852,41.3,1.332,2.852,2.852
1786386823.833,S2,search,325,obs,0.9775,4.4781,7.338,33.8,4.287,7.338,7.338
1786386823.833,S3,recommend,297,obs,0.975,0.5063,0.755,40.1,1.0,0.755,0.755
1786386823.833,S3,reserve,150,obs,0.9769,0.8282,1.101,45.0,1.348,1.101,1.101
1786386823.833,S3,search,198,obs,0.9787,3.0976,3.747,42.6,4.019,3.747,3.747
1786386824.833,S1,recommend,0,prior,0.0,,,,1.24,,1.24
1786386824.833,S1,reserve,0,prior,0.0,,,,1.658,,1.658
1786386824.833,S1,search,0,prior,0.0,,,110988.2,6.899,43.61,6.899
1786386824.833,S2,recommend,419,obs,0.9862,0.9049,1.787,27.1,0.975,1.787,1.787
1786386824.833,S2,reserve,210,obs,0.9806,1.2966,2.555,37.1,1.332,2.555,2.555
1786386824.833,S2,search,303,obs,0.9813,4.3793,6.874,33.3,4.287,6.874,6.874
1786386824.833,S3,recommend,284,obs,0.9787,0.5057,0.778,39.6,1.0,0.778,0.778
1786386824.833,S3,reserve,140,obs,0.9731,0.8272,1.033,40.9,1.348,1.033,1.033
1786386824.833,S3,search,220,obs,0.9731,3.0651,3.684,45.8,4.019,3.684,3.684
1786386825.833,S1,recommend,0,prior,0.0,,,,1.24,,1.24
1786386825.833,S1,reserve,0,prior,0.0,,,,1.658,,1.658
1786386825.833,S1,search,0,prior,0.0,,,111988.2,6.899,43.61,6.899
1786386825.833,S2,recommend,418,obs,0.9869,0.9052,1.85,25.9,0.975,1.85,1.85
1786386825.833,S2,reserve,208,obs,0.9806,1.2974,2.581,32.1,1.332,2.581,2.581
1786386825.833,S2,search,300,obs,0.98,4.4951,7.766,37.1,4.287,7.766,7.766
1786386825.833,S3,recommend,287,obs,0.9781,0.5111,0.805,38.4,1.0,0.805,0.805
1786386825.833,S3,reserve,140,obs,0.9769,0.8255,1.03,35.9,1.348,1.03,1.03
1786386825.833,S3,search,223,obs,0.9713,3.0779,3.749,40.8,4.019,3.749,3.749
1786386826.834,S1,recommend,0,prior,0.0,,,,1.24,,1.24
1786386826.834,S1,reserve,0,prior,0.0,,,,1.658,,1.658
1786386826.834,S1,search,0,prior,0.0,,,112988.2,6.899,43.61,6.899
1786386826.834,S2,recommend,390,obs,0.9844,0.9815,2.425,29.6,0.975,2.425,2.425
1786386826.834,S2,reserve,213,obs,0.9787,1.3677,2.683,27.1,1.332,2.683,2.683
1786386826.834,S2,search,316,obs,0.9819,4.7866,8.359,32.1,4.287,8.359,8.359
1786386826.834,S3,recommend,310,obs,0.9775,0.5097,0.847,39.6,1.0,0.847,0.847
1786386826.834,S3,reserve,137,obs,0.9656,0.8891,1.197,68.3,1.348,1.197,1.197
1786386826.834,S3,search,210,obs,0.9775,3.1162,3.834,42.1,4.019,3.834,3.834
1786386827.834,S1,recommend,0,prior,0.0,,,,1.24,,1.24
1786386827.834,S1,reserve,0,prior,0.0,,,,1.658,,1.658
1786386827.834,S1,search,0,prior,0.0,,,113988.2,6.899,43.61,6.899
1786386827.834,S2,recommend,377,obs,0.9844,0.9903,2.347,24.6,0.975,2.347,2.347
1786386827.834,S2,reserve,231,obs,0.9863,1.4237,2.808,25.9,1.332,2.808,2.808
1786386827.834,S2,search,314,obs,0.9794,4.76,8.359,40.9,4.287,8.359,8.359
1786386827.834,S3,recommend,320,obs,0.9794,0.5197,0.761,38.3,1.0,0.761,0.761
1786386827.834,S3,reserve,124,obs,0.9731,0.9135,1.225,48.3,1.348,1.225,1.225
1786386827.834,S3,search,211,obs,0.9775,3.1232,3.895,37.1,4.019,3.895,3.895
1786386828.834,S1,recommend,0,prior,0.0,,,,1.24,,1.24
1786386828.834,S1,reserve,0,prior,0.0,,,,1.658,,1.658
1786386828.834,S1,search,0,prior,0.0,,,114988.2,6.899,43.61,6.899
1786386828.834,S2,recommend,381,obs,0.985,0.9792,2.112,29.6,0.975,2.112,2.112
1786386828.834,S2,reserve,227,obs,0.9862,1.4451,2.695,24.6,1.332,2.695,2.695
1786386828.834,S2,search,312,obs,0.9812,4.5774,7.323,32.1,4.287,7.323,7.323
1786386828.834,S3,recommend,321,obs,0.9769,0.5425,0.819,34.6,1.0,0.819,0.819
1786386828.834,S3,reserve,126,obs,0.9675,0.8683,1.189,43.4,1.348,1.189,1.189
1786386828.834,S3,search,212,obs,0.9788,3.1083,3.701,40.9,4.019,3.701,3.701
1786386829.833,S1,recommend,0,prior,0.0,,,,1.24,,1.24
1786386829.833,S1,reserve,0,prior,0.0,,,,1.658,,1.658
1786386829.833,S1,search,0,prior,0.0,,,115988.2,6.899,43.61,6.899
1786386829.833,S2,recommend,382,obs,0.9863,1.0239,2.2,25.9,0.975,2.2,2.2
1786386829.833,S2,reserve,216,obs,0.9862,1.7035,3.079,23.4,1.332,3.079,3.079
1786386829.833,S2,search,321,obs,0.9863,4.8751,7.855,27.1,4.287,7.855,7.855
1786386829.833,S3,recommend,323,obs,0.9806,0.5277,0.802,33.4,1.0,0.802,0.802
1786386829.833,S3,reserve,133,obs,0.9675,0.852,1.096,57.1,1.348,1.096,1.096
1786386829.833,S3,search,205,obs,0.9769,3.1096,3.794,39.6,4.019,3.794,3.794
1786386830.834,S1,recommend,0,prior,0.0,,,,1.24,,1.24
1786386830.834,S1,reserve,0,prior,0.0,,,,1.658,,1.658
1786386830.834,S1,search,0,prior,0.0,,,116988.2,6.899,43.61,6.899
1786386830.834,S2,recommend,388,obs,0.9862,1.0312,2.34,23.4,0.975,2.34,2.34
1786386830.834,S2,reserve,212,obs,0.9787,1.6786,2.988,33.3,1.332,2.988,2.988
1786386830.834,S2,search,322,obs,0.9837,4.9207,8.303,30.9,4.287,8.303,8.303
1786386830.834,S3,recommend,315,obs,0.9825,0.5118,0.775,32.0,1.0,0.775,0.775
1786386830.834,S3,reserve,135,obs,0.9656,0.8527,1.097,55.8,1.348,1.097,1.097
1786386830.834,S3,search,206,obs,0.9781,3.0902,3.742,38.4,4.019,3.742,3.742
1786386831.834,S1,recommend,0,prior,0.0,,,,1.24,,1.24
1786386831.834,S1,reserve,0,prior,0.0,,,,1.658,,1.658
1786386831.834,S1,search,0,prior,0.0,,,117988.2,6.899,43.61,6.899
1786386831.834,S2,recommend,386,obs,0.9787,0.9517,1.919,34.6,0.975,1.919,1.919
1786386831.834,S2,reserve,218,obs,0.9788,1.3643,2.431,28.4,1.332,2.431,2.431
1786386831.834,S2,search,316,obs,0.9825,4.5056,7.581,33.4,4.287,7.581,7.581
1786386831.834,S3,recommend,312,obs,0.9843,0.4986,0.713,30.9,1.0,0.713,0.713
1786386831.834,S3,reserve,134,obs,0.9675,0.8718,1.182,62.1,1.348,1.182,1.182
1786386831.834,S3,search,211,obs,0.9719,3.0881,3.599,39.6,4.019,3.599,3.599
1786386832.834,S1,recommend,0,prior,0.0,,,,1.24,,1.24
1786386832.834,S1,reserve,0,prior,0.0,,,,1.658,,1.658
1786386832.834,S1,search,0,prior,0.0,,,118988.2,6.899,43.61,6.899
1786386832.834,S2,recommend,385,obs,0.9825,0.9205,1.919,29.6,0.975,1.919,1.919
1786386832.834,S2,reserve,214,obs,0.9768,1.396,2.656,45.9,1.332,2.656,2.656
1786386832.834,S2,search,319,obs,0.9812,4.3334,6.59,34.6,4.287,6.59,6.59
1786386832.834,S3,recommend,315,obs,0.9831,0.5008,0.738,32.1,1.0,0.738,0.738
1786386832.834,S3,reserve,140,obs,0.9825,0.8827,1.154,30.8,1.348,1.154,1.154
1786386832.834,S3,search,204,obs,0.9769,3.0951,3.822,39.6,4.019,3.822,3.822
1786386833.830,S1,recommend,0,prior,0.0,,,,1.24,,1.24
1786386833.830,S1,reserve,0,prior,0.0,,,,1.658,,1.658
1786386833.830,S1,search,0,prior,0.0,,,119988.2,6.899,43.61,6.899
1786386833.830,S2,recommend,306,prior_fill,0.7706,0.947,1.939,452.1,0.975,1.919,0.975
1786386833.830,S2,reserve,167,prior_fill,0.7707,1.3958,2.752,457.0,1.332,2.656,1.332
1786386833.830,S2,search,250,prior_fill,0.7668,4.3597,6.577,458.4,4.287,6.59,4.287
1786386833.830,S3,recommend,246,prior_fill,0.7687,0.5116,0.794,462.1,1.0,0.738,1.0
1786386833.830,S3,reserve,107,prior_fill,0.7631,0.8651,1.141,460.9,1.348,1.154,1.348
1786386833.830,S3,search,162,prior_fill,0.7706,3.0801,3.971,454.6,4.019,3.822,4.019
1786386834.826,S1,recommend,0,prior,0.0,,,,1.24,,1.24
1786386834.826,S1,reserve,0,prior,0.0,,,,1.658,,1.658
1786386834.826,S1,search,0,prior,0.0,,,120988.2,6.899,43.61,6.899
1786386834.826,S2,recommend,109,prior_fill,0.2738,0.9362,1.898,1452.1,0.975,1.919,0.975
1786386834.826,S2,reserve,63,prior,0.2663,1.3046,2.581,1457.0,1.332,2.656,1.332
1786386834.826,S2,search,84,prior,0.2662,4.253,6.349,1458.4,4.287,6.59,4.287
1786386834.826,S3,recommend,90,prior,0.2681,0.4972,0.707,1462.1,1.0,0.738,1.0
1786386834.826,S3,reserve,31,prior,0.2662,0.8133,0.913,1460.9,1.348,1.154,1.348
1786386834.826,S3,search,61,prior,0.2712,3.0531,3.962,1454.6,4.019,3.822,4.019
